سال,گروه آزمایشی,رتبه کشوری,رتبه در سهمیه,سهمیه,رشته قبولی,دانشگاه قبولی
1399,تجربی,1,1,منطقه 2,پزشکی,دانشگاه علوم پزشکی تهران
1399,تجربی,2,1,منطقه 1,پزشکی,دانشگاه علوم پزشکی تهران
1399,تجربی,3,2,منطقه 2,پزشکی,دانشگاه علوم پزشکی تهران
1399,تجربی,5,3,منطقه 2,پزشکی,دانشگاه علوم پزشکی تهران
1399,تجربی,6,4,منطقه 2,پزشکی,دانشگاه علوم پزشکی تهران
1399,تجربی,7,3,منطقه 1,پزشکی,دانشگاه علوم پزشکی تهران
1399,تجربی,8,4,منطقه 1,پزشکی - نیمسال اول,دانشگاه علوم پزشکی شیراز
1399,تجربی,9,5,منطقه 1,پزشکی,دانشگاه علوم پزشکی تهران
1399,تجربی,10,5,منطقه 2,پزشکی,دانشگاه علوم پزشکی تهران
1399,تجربی,11,1,منطقه 3,پزشکی,دانشگاه علوم پزشکی تهران
1399,تجربی,13,7,منطقه 2,پزشکی,دانشگاه علوم پزشکی تهران
1399,تجربی,14,8,منطقه 2,پزشکی,دانشگاه علوم پزشکی تهران
1399,تجربی,15,9,منطقه 2,پزشکی,دانشگاه علوم پزشکی تهران
1399,تجربی,16,2,منطقه 3,پزشکی,دانشگاه علوم پزشکی تهران
1399,تجربی,17,10,منطقه 2,پزشکی,دانشگاه علوم پزشکی تهران
1399,تجربی,18,11,منطقه 2,پزشکی,دانشگاه علوم پزشکی تهران
1399,تجربی,19,3,منطقه 3,پزشکی - نیمسال اول,دانشگاه علوم پزشکی شیراز
1399,تجربی,20,12,منطقه 2,پزشکی,دانشگاه علوم پزشکی تهران
1399,تجربی,21,6,منطقه 1,پزشکی,دانشگاه علوم پزشکی تهران
1399,تجربی,22,7,منطقه 1,پزشکی,دانشگاه علوم پزشکی تهران
1399,تجربی,23,8,منطقه 1,پزشکی,دانشگاه علوم پزشکی تهران
1399,تجربی,24,9,منطقه 1,پزشکی,دانشگاه علوم پزشکی تهران
1399,تجربی,25,13,منطقه 2,پزشکی,دانشگاه علوم پزشکی تهران
1399,تجربی,27,15,منطقه 2,پزشکی,دانشگاه علوم پزشکی تهران
1399,تجربی,28,16,منطقه 2,پزشکی,دانشگاه علوم پزشکی تهران
1399,تجربی,29,17,منطقه 2,دندانپزشکی - نیمسال اول,دانشگاه علوم پزشکی شهید بهشتی - تهران
1399,تجربی,30,4,منطقه 3,پزشکی - نیمسال اول,دانشگاه علوم پزشکی شیراز
1399,تجربی,31,10,منطقه 1,پزشکی,دانشگاه علوم پزشکی تهران
1399,تجربی,32,5,منطقه 3,پزشکی,دانشگاه علوم پزشکی تهران
1399,تجربی,33,18,منطقه 2,پزشکی,دانشگاه علوم پزشکی تهران
1399,تجربی,35,20,منطقه 2,پزشکی,دانشگاه علوم پزشکی تهران
1399,تجربی,36,21,منطقه 2,پزشکی,دانشگاه علوم پزشکی تهران
1399,تجربی,38,7,منطقه 3,پزشکی,دانشگاه علوم پزشکی تهران
1399,تجربی,39,22,منطقه 2,پزشکی,دانشگاه علوم پزشکی تهران
1399,تجربی,40,11,منطقه 1,پزشکی,دانشگاه علوم پزشکی تهران
1399,تجربی,41,23,منطقه 2,پزشکی,دانشگاه علوم پزشکی یزد
1399,تجربی,42,24,منطقه 2,پزشکی,دانشگاه علوم پزشکی تهران
1399,تجربی,43,12,منطقه 1,دندانپزشکی,دانشگاه علوم پزشکی مشهد
1399,تجربی,44,25,منطقه 2,پزشکی,دانشگاه علوم پزشکی تهران
1399,تجربی,45,26,منطقه 2,پزشکی,دانشگاه علوم پزشکی تهران
1399,تجربی,46,1,ایثارگر-25%,پزشکی,دانشگاه علوم پزشکی تهران
1399,تجربی,47,28,منطقه 2,پزشکی,دانشگاه علوم پزشکی تهران
1399,تجربی,48,13,منطقه 1,پزشکی,دانشگاه علوم پزشکی تهران
1399,تجربی,49,8,منطقه 3,پزشکی,دانشگاه علوم پزشکی تهران
1399,تجربی,50,14,منطقه 1,پزشکی - نیمسال اول,دانشگاه علوم پزشکی مشهد
1399,تجربی,51,29,منطقه 2,پزشکی,دانشگاه علوم پزشکی تهران
1399,تجربی,52,30,منطقه 2,پزشکی,دانشگاه علوم پزشکی تهران
1399,تجربی,53,2,ایثارگر-5%,پزشکی,دانشگاه علوم پزشکی تهران
1399,تجربی,54,15,منطقه 1,پزشکی,دانشگاه علوم پزشکی تهران
1399,تجربی,55,32,منطقه 2,پزشکی,دانشگاه علوم پزشکی تهران
1399,تجربی,57,16,منطقه 1,پزشکی - نیمسال اول,دانشگاه علوم پزشکی اصفهان
1399,تجربی,58,34,منطقه 2,پزشکی,دانشگاه علوم پزشکی تهران
1399,تجربی,59,35,منطقه 2,پزشکی,دانشگاه علوم پزشکی تهران
1399,تجربی,61,9,منطقه 3,پزشکی,دانشگاه علوم پزشکی تهران
1399,تجربی,63,18,منطقه 1,پزشکی,دانشگاه علوم پزشکی تهران
1399,تجربی,65,20,منطقه 1,پزشکی,دانشگاه علوم پزشکی تهران
1399,تجربی,66,11,منطقه 3,دکترای پیوسته بیوتکنولوژی,دانشگاه تهران
1399,تجربی,67,36,منطقه 2,پزشکی,دانشگاه علوم پزشکی تهران
1399,تجربی,68,37,منطقه 2,پزشکی - نیمسال اول,دانشگاه علوم پزشکی شیراز
1399,تجربی,69,21,منطقه 1,پزشکی - نیمسال اول,دانشگاه علوم پزشکی اصفهان
1399,تجربی,70,38,منطقه 2,پزشکی,دانشگاه علوم پزشکی تهران
1399,تجربی,71,39,منطقه 2,پزشکی,دانشگاه علوم پزشکی تهران
1399,تجربی,72,12,منطقه 3,پزشکی,دانشگاه علوم پزشکی تهران
1399,تجربی,73,40,منطقه 2,پزشکی,دانشگاه علوم پزشکی تهران
1399,تجربی,74,13,منطقه 3,پزشکی,دانشگاه علوم پزشکی تهران
1399,تجربی,77,43,منطقه 2,پزشکی,دانشگاه علوم پزشکی تهران
1399,تجربی,78,44,منطقه 2,پزشکی,دانشگاه علوم پزشکی تهران
1399,تجربی,79,14,منطقه 3,پزشکی,دانشگاه علوم پزشکی تهران
1399,تجربی,80,22,منطقه 1,پزشکی - نیمسال اول,دانشگاه علوم پزشکی اصفهان
1399,تجربی,81,2,ایثارگر-25%,پزشکی,دانشگاه علوم پزشکی تهران
1399,تجربی,82,15,منطقه 3,پزشکی,دانشگاه علوم پزشکی تهران
1399,تجربی,82,45,منطقه 2,پزشکی,دانشگاه علوم پزشکی تهران
1399,تجربی,84,24,منطقه 1,پزشکی - نیمسال اول,دانشگاه علوم پزشکی شیراز
1399,تجربی,85,25,منطقه 1,پزشکی,دانشگاه علوم پزشکی تهران
1399,تجربی,86,3,ایثارگر-5%,پزشکی,دانشگاه علوم پزشکی تهران
1399,تجربی,86,16,منطقه 3,پزشکی,دانشگاه علوم پزشکی تهران
1399,تجربی,89,27,منطقه 1,پزشکی,دانشگاه علوم پزشکی تهران
1399,تجربی,89,46,منطقه 2,پزشکی,دانشگاه علوم پزشکی تهران
1399,تجربی,92,28,منطقه 1,دندانپزشکی,دانشگاه علوم پزشکی تهران
1399,تجربی,93,49,منطقه 2,پزشکی,دانشگاه علوم پزشکی تهران
1399,تجربی,94,50,منطقه 2,دندانپزشکی - نیمسال اول,دانشگاه علوم پزشکی شهید بهشتی - تهران
1399,تجربی,95,51,منطقه 2,داروسازی,دانشگاه علوم پزشکی تهران
1399,تجربی,96,52,منطقه 2,پزشکی,دانشگاه علوم پزشکی تهران
1399,تجربی,97,53,منطقه 2,پزشکی,دانشگاه علوم پزشکی تهران
1399,تجربی,98,29,منطقه 1,دندانپزشکی - نیمسال اول,دانشگاه علوم پزشکی شهید بهشتی - تهران
1399,تجربی,99,54,منطقه 2,پزشکی,دانشگاه علوم پزشکی تهران
1399,تجربی,100,30,منطقه 1,پزشکی,دانشگاه علوم پزشکی تهران
1399,تجربی,100,55,منطقه 2,پزشکی,دانشگاه علوم پزشکی تهران
1399,تجربی,103,17,منطقه 3,پزشکی - نیمسال اول,دانشگاه علوم پزشکی شیراز
1399,تجربی,105,56,منطقه 2,پزشکی,دانشگاه علوم پزشکی تهران
1399,تجربی,108,59,منطقه 2,پزشکی,دانشگاه علوم پزشکی تهران
1399,تجربی,109,60,منطقه 2,پزشکی,دانشگاه علوم پزشکی تهران
1399,تجربی,110,33,منطقه 1,پزشکی,دانشگاه علوم پزشکی تهران
1399,تجربی,112,18,منطقه 3,پزشکی,دانشگاه علوم پزشکی تهران
1399,تجربی,113,61,منطقه 2,پزشکی,دانشگاه علوم پزشکی تهران
1399,تجربی,116,19,منطقه 3,پزشکی - نیمسال اول,دانشگاه علوم پزشکی شیراز
1399,تجربی,117,20,منطقه 3,پزشکی - نیمسال اول,دانشگاه علوم پزشکی شهید بهشتی - تهران
1399,تجربی,118,62,منطقه 2,دندانپزشکی,دانشگاه علوم پزشکی تهران
1399,تجربی,119,37,منطقه 1,پزشکی,دانشگاه علوم پزشکی تهران
1399,تجربی,120,63,منطقه 2,پزشکی,دانشگاه علوم پزشکی تهران
1399,تجربی,121,38,منطقه 1,پزشکی - نیمسال اول,دانشگاه علوم پزشکی شیراز
1399,تجربی,122,64,منطقه 2,پزشکی,دانشگاه علوم پزشکی تهران
1399,تجربی,124,21,منطقه 3,پزشکی - نیمسال اول,دانشگاه علوم پزشکی شیراز
1399,تجربی,124,39,منطقه 1,پزشکی - نیمسال اول,دانشگاه علوم پزشکی مشهد
1399,تجربی,126,40,منطقه 1,دندانپزشکی - نیمسال اول,دانشگاه علوم پزشکی شهید بهشتی - تهران
1399,تجربی,127,41,منطقه 1,پزشکی - نیمسال اول,دانشگاه علوم پزشکی تبریز
1399,تجربی,128,42,منطقه 1,پزشکی,دانشگاه علوم پزشکی تهران
1399,تجربی,129,22,منطقه 3,پزشکی,دانشگاه علوم پزشکی تهران
1399,تجربی,131,43,منطقه 1,دندانپزشکی,دانشگاه علوم پزشکی اصفهان
1399,تجربی,133,67,منطقه 2,پزشکی,دانشگاه علوم پزشکی تهران
1399,تجربی,134,68,منطقه 2,پزشکی,دانشگاه علوم پزشکی تهران
1399,تجربی,136,44,منطقه 1,پزشکی - نیمسال اول,دانشگاه علوم پزشکی اصفهان
1399,تجربی,137,70,منطقه 2,پزشکی,دانشگاه علوم پزشکی تهران
1399,تجربی,138,45,منطقه 1,پزشکی,دانشگاه علوم پزشکی تهران
1399,تجربی,139,71,منطقه 2,پزشکی,دانشگاه علوم پزشکی تهران
1399,تجربی,140,72,منطقه 2,پزشکی,دانشگاه علوم پزشکی تهران
1399,تجربی,141,7,ایثارگر-5%,دندانپزشکی,دانشگاه علوم پزشکی تهران
1399,تجربی,142,73,منطقه 2,پزشکی,دانشگاه علوم پزشکی تهران
1399,تجربی,144,74,منطقه 2,پزشکی,دانشگاه علوم پزشکی تهران
1399,تجربی,145,75,منطقه 2,پزشکی,دانشگاه علوم پزشکی تهران
1399,تجربی,146,25,منطقه 3,پزشکی - نیمسال اول,دانشگاه علوم پزشکی مشهد
1399,تجربی,147,76,منطقه 2,دندانپزشکی,دانشگاه علوم پزشکی تهران
1399,تجربی,148,77,منطقه 2,پزشکی,دانشگاه علوم پزشکی تهران
1399,تجربی,149,78,منطقه 2,پزشکی,دانشگاه علوم پزشکی تهران
1399,تجربی,151,8,ایثارگر-5%,پزشکی,دانشگاه علوم پزشکی تهران
1399,تجربی,151,80,منطقه 2,پزشکی,دانشگاه علوم پزشکی تهران
1399,تجربی,154,83,منطقه 2,پزشکی,دانشگاه علوم پزشکی تهران
1399,تجربی,155,26,منطقه 3,پزشکی - نیمسال اول,دانشگاه علوم پزشکی شیراز
1399,تجربی,156,27,منطقه 3,پزشکی,دانشگاه علوم پزشکی تهران
1399,تجربی,157,28,منطقه 3,پزشکی,دانشگاه علوم پزشکی تهران
1399,تجربی,158,47,منطقه 1,دندانپزشکی,دانشگاه علوم پزشکی اصفهان
1399,تجربی,159,48,منطقه 1,پزشکی - نیمسال اول,دانشگاه علوم پزشکی شهید بهشتی - تهران
1399,تجربی,159,48,منطقه 1,پزشکی - نیمسال اول,دانشگاه علوم پزشکی شیراز
1399,تجربی,161,9,ایثارگر-5%,پزشکی,دانشگاه علوم پزشکی تهران
1399,تجربی,162,30,منطقه 3,پزشکی,دانشگاه علوم پزشکی تهران
1399,تجربی,163,31,منطقه 3,پزشکی - نیمسال اول,دانشگاه علوم پزشکی مشهد
1399,تجربی,164,50,منطقه 1,پزشکی,دانشگاه علوم پزشکی تهران
1399,تجربی,165,84,منطقه 2,پزشکی,دانشگاه علوم پزشکی تهران
1399,تجربی,166,85,منطقه 2,پزشکی,دانشگاه علوم پزشکی تهران
1399,تجربی,167,51,منطقه 1,پزشکی - نیمسال اول,دانشگاه علوم پزشکی اصفهان
1399,تجربی,168,32,منطقه 3,پزشکی - نیمسال اول,دانشگاه علوم پزشکی شیراز
1399,تجربی,169,52,منطقه 1,پزشکی,دانشگاه علوم پزشکی تهران
1399,تجربی,170,33,منطقه 3,پزشکی,دانشگاه علوم پزشکی تهران
1399,تجربی,171,34,منطقه 3,پزشکی,دانشگاه علوم پزشکی تهران
1399,تجربی,173,11,ایثارگر-5%,پزشکی,دانشگاه علوم پزشکی تهران
1399,تجربی,174,53,منطقه 1,دندانپزشکی,دانشگاه علوم پزشکی مشهد
1399,تجربی,176,35,منطقه 3,پزشکی,دانشگاه علوم پزشکی تهران
1399,تجربی,176,88,منطقه 2,دندانپزشکی - نیمسال اول,دانشگاه علوم پزشکی شهید بهشتی - تهران
1399,تجربی,176,88,منطقه 2,پزشکی,دانشگاه علوم پزشکی تهران
1399,تجربی,178,54,منطقه 1,پزشکی,دانشگاه علوم پزشکی تهران
1399,تجربی,179,90,منطقه 2,دندانپزشکی - نیمسال اول,دانشگاه علوم پزشکی شهید بهشتی - تهران
1399,تجربی,180,12,ایثارگر-5%,دندانپزشکی - نیمسال اول,دانشگاه علوم پزشکی شهید بهشتی - تهران
1399,تجربی,181,55,منطقه 1,پزشکی - نیمسال اول,دانشگاه علوم پزشکی شیراز
1399,تجربی,181,92,منطقه 2,پزشکی - نیمسال اول,دانشگاه علوم پزشکی شهید بهشتی - تهران
1399,تجربی,184,56,منطقه 1,پزشکی,دانشگاه علوم پزشکی تهران
1399,تجربی,184,93,منطقه 2,پزشکی,دانشگاه علوم پزشکی تهران
1399,تجربی,186,58,منطقه 1,پزشکی,دانشگاه علوم پزشکی تهران
1399,تجربی,188,94,منطقه 2,پزشکی,دانشگاه علوم پزشکی تهران
1399,تجربی,189,60,منطقه 1,پزشکی - نیمسال اول,دانشگاه علوم پزشکی اصفهان
1399,تجربی,190,61,منطقه 1,پزشکی,دانشگاه علوم پزشکی تهران
1399,تجربی,191,95,منطقه 2,پزشکی,دانشگاه علوم پزشکی تهران
1399,تجربی,192,13,ایثارگر-5%,دندانپزشکی,دانشگاه علوم پزشکی تهران
1399,تجربی,193,62,منطقه 1,پزشکی,دانشگاه علوم پزشکی تهران
1399,تجربی,194,14,ایثارگر-5%,پزشکی - نیمسال اول,دانشگاه علوم پزشکی شیراز
1399,تجربی,195,15,ایثارگر-5%,پزشکی,دانشگاه علوم پزشکی تهران
1399,تجربی,196,97,منطقه 2,پزشکی - نیمسال اول,دانشگاه علوم پزشکی شهید بهشتی - تهران
1399,تجربی,198,37,منطقه 3,پزشکی - نیمسال اول,دانشگاه علوم پزشکی شهید بهشتی - تهران
1399,تجربی,198,64,منطقه 1,پزشکی - نیمسال اول,دانشگاه علوم پزشکی شیراز
1399,تجربی,203,38,منطقه 3,پزشکی - نیمسال اول,دانشگاه علوم پزشکی شهید بهشتی - تهران
1399,تجربی,204,102,منطقه 2,دندانپزشکی,دانشگاه علوم پزشکی تهران
1399,تجربی,207,39,منطقه 3,پزشکی - نیمسال اول,دانشگاه علوم پزشکی شهید بهشتی - تهران
1399,تجربی,208,66,منطقه 1,پزشکی - نیمسال اول,دانشگاه علوم پزشکی شهید بهشتی - تهران
1399,تجربی,209,67,منطقه 1,پزشکی - نیمسال اول,دانشگاه علوم پزشکی اصفهان
1399,تجربی,210,40,منطقه 3,پزشکی - نیمسال اول,دانشگاه علوم پزشکی شهید بهشتی - تهران
1399,تجربی,211,104,منطقه 2,پزشکی - نیمسال اول,دانشگاه علوم پزشکی شهید بهشتی - تهران
1399,تجربی,212,105,منطقه 2,پزشکی - نیمسال اول,دانشگاه علوم پزشکی شهید بهشتی - تهران
1399,تجربی,214,106,منطقه 2,دندانپزشکی,دانشگاه علوم پزشکی مشهد
1399,تجربی,215,107,منطقه 2,پزشکی - نیمسال اول,دانشگاه علوم پزشکی مشهد
1399,تجربی,216,18,ایثارگر-5%,پزشکی,دانشگاه علوم پزشکی تهران
1399,تجربی,217,68,منطقه 1,پزشکی - نیمسال اول,دانشگاه علوم پزشکی مشهد
1399,تجربی,218,69,منطقه 1,دندانپزشکی - نیمسال اول,دانشگاه علوم پزشکی شهید بهشتی - تهران
1399,تجربی,219,109,منطقه 2,پزشکی,دانشگاه علوم پزشکی تهران
1399,تجربی,220,70,منطقه 1,پزشکی - نیمسال اول,دانشگاه علوم پزشکی تبریز
1399,تجربی,221,71,منطقه 1,پزشکی,دانشگاه علوم پزشکی تهران
1399,تجربی,222,72,منطقه 1,پزشکی - نیمسال اول,دانشگاه علوم پزشکی مشهد
1399,تجربی,223,110,منطقه 2,پزشکی - نیمسال اول,دانشگاه علوم پزشکی شهید بهشتی - تهران
1399,تجربی,224,73,منطقه 1,پزشکی - نیمسال اول,دانشگاه علوم پزشکی مشهد
1399,تجربی,225,74,منطقه 1,پزشکی - نیمسال اول,دانشگاه علوم پزشکی شهید بهشتی - تهران
1399,تجربی,226,111,منطقه 2,پزشکی - نیمسال اول,دانشگاه علوم پزشکی شهید بهشتی - تهران
1399,تجربی,227,42,منطقه 3,پزشکی - نیمسال اول,دانشگاه علوم پزشکی شهید بهشتی - تهران
1399,تجربی,228,112,منطقه 2,پزشکی - نیمسال اول,دانشگاه علوم پزشکی شهید بهشتی - تهران
1399,تجربی,229,19,ایثارگر-5%,پزشکی - نیمسال اول,دانشگاه علوم پزشکی شهید بهشتی - تهران
1399,تجربی,229,113,منطقه 2,دندانپزشکی - نیمسال اول,دانشگاه علوم پزشکی شهید بهشتی - تهران
1399,تجربی,231,114,منطقه 2,دندانپزشکی - نیمسال اول,دانشگاه علوم پزشکی شهید بهشتی - تهران
1399,تجربی,233,76,منطقه 1,پزشکی - نیمسال اول,دانشگاه علوم پزشکی شهید بهشتی - تهران
1399,تجربی,234,77,منطقه 1,پزشکی - نیمسال اول,دانشگاه علوم پزشکی شهید بهشتی - تهران
1399,تجربی,235,78,منطقه 1,پزشکی - نیمسال اول,دانشگاه علوم پزشکی شهید بهشتی - تهران
1399,تجربی,236,20,ایثارگر-5%,پزشکی - نیمسال اول,دانشگاه علوم پزشکی شهید بهشتی - تهران
1399,تجربی,237,21,ایثارگر-5%,پزشکی - نیمسال اول,دانشگاه علوم پزشکی شهید بهشتی - تهران
1399,تجربی,238,116,منطقه 2,داروسازی,دانشگاه علوم پزشکی تهران
1399,تجربی,238,116,منطقه 2,پزشکی - نیمسال اول,دانشگاه علوم پزشکی شهید بهشتی - تهران
1399,تجربی,240,118,منطقه 2,دندانپزشکی - نیمسال اول,دانشگاه علوم پزشکی شهید بهشتی - تهران
1399,تجربی,242,80,منطقه 1,پزشکی - نیمسال اول,دانشگاه علوم پزشکی شهید بهشتی - تهران
1399,تجربی,242,119,منطقه 2,پزشکی - نیمسال اول,دانشگاه علوم پزشکی شهید بهشتی - تهران
1399,تجربی,244,120,منطقه 2,پزشکی - نیمسال اول,دانشگاه علوم پزشکی مشهد
1399,تجربی,245,81,منطقه 1,پزشکی - نیمسال اول,دانشگاه علوم پزشکی شهید بهشتی - تهران
1399,تجربی,245,121,منطقه 2,دندانپزشکی,دانشگاه علوم پزشکی تهران
1399,تجربی,247,45,منطقه 3,پزشکی - نیمسال اول,دانشگاه علوم پزشکی شهید بهشتی - تهران
1399,تجربی,248,82,منطقه 1,پزشکی - نیمسال اول,دانشگاه علوم پزشکی اصفهان
1399,تجربی,249,122,منطقه 2,پزشکی,دانشگاه علوم پزشکی تهران
1399,تجربی,250,46,منطقه 3,پزشکی - نیمسال اول,دانشگاه علوم پزشکی شهید بهشتی - تهران
1399,تجربی,251,22,ایثارگر-5%,دندانپزشکی - نیمسال اول,دانشگاه علوم پزشکی شهید بهشتی - تهران
1399,تجربی,252,84,منطقه 1,دندانپزشکی - نیمسال اول,دانشگاه علوم پزشکی شهید بهشتی - تهران
1399,تجربی,253,85,منطقه 1,پزشکی - نیمسال اول,دانشگاه علوم پزشکی شهید بهشتی - تهران
1399,تجربی,254,86,منطقه 1,داروسازی,دانشگاه علوم پزشکی شیراز
1399,تجربی,254,123,منطقه 2,پزشکی - نیمسال اول,دانشگاه علوم پزشکی شهید بهشتی - تهران
1399,تجربی,256,87,منطقه 1,پزشکی,دانشگاه علوم پزشکی ایران
1399,تجربی,258,89,منطقه 1,دندانپزشکی,دانشگاه علوم پزشکی تهران
1399,تجربی,259,124,منطقه 2,پزشکی - نیمسال اول,دانشگاه علوم پزشکی شهید بهشتی - تهران
1399,تجربی,261,47,منطقه 3,پزشکی - نیمسال اول,دانشگاه علوم پزشکی شیراز
1399,تجربی,261,126,منطقه 2,پزشکی - نیمسال اول,دانشگاه علوم پزشکی شهید بهشتی - تهران
1399,تجربی,263,90,منطقه 1,پزشکی - نیمسال اول,دانشگاه علوم پزشکی مشهد
1399,تجربی,263,127,منطقه 2,پزشکی - نیمسال اول,دانشگاه علوم پزشکی شهید بهشتی - تهران
1399,تجربی,265,128,منطقه 2,دندانپزشکی,دانشگاه علوم پزشکی مشهد
1399,تجربی,265,128,منطقه 2,پزشکی - نیمسال اول,دانشگاه علوم پزشکی شهید بهشتی - تهران
1399,تجربی,267,130,منطقه 2,پزشکی - نیمسال دوم,دانشگاه علوم پزشکی شهید بهشتی - تهران
1399,تجربی,268,131,منطقه 2,پزشکی - نیمسال اول,دانشگاه علوم پزشکی شهید بهشتی - تهران
1399,تجربی,269,91,منطقه 1,پزشکی - نیمسال اول,دانشگاه علوم پزشکی اصفهان
1399,تجربی,271,92,منطقه 1,پزشکی - نیمسال اول,دانشگاه علوم پزشکی تبریز
1399,تجربی,271,132,منطقه 2,پزشکی - نیمسال اول,دانشگاه علوم پزشکی شهید بهشتی - تهران
1399,تجربی,274,94,منطقه 1,پزشکی - نیمسال اول,دانشگاه علوم پزشکی شیراز
1399,تجربی,276,134,منطقه 2,پزشکی - نیمسال اول,دانشگاه علوم پزشکی مازندران - ساری
1399,تجربی,277,48,منطقه 3,دندانپزشکی - نیمسال اول,دانشگاه علوم پزشکی شهید بهشتی - تهران
1399,تجربی,279,4,ایثارگر-25%,پزشکی,دانشگاه علوم پزشکی تهران
1399,تجربی,279,49,منطقه 3,پزشکی - نیمسال اول,دانشگاه علوم پزشکی شیراز
1399,تجربی,279,135,منطقه 2,پزشکی - نیمسال اول,دانشگاه علوم پزشکی شهید بهشتی - تهران
1399,تجربی,281,96,منطقه 1,پزشکی - نیمسال اول,دانشگاه علوم پزشکی شهید بهشتی - تهران
1399,تجربی,282,137,منطقه 2,پزشکی - نیمسال اول,دانشگاه علوم پزشکی شهید بهشتی - تهران
1399,تجربی,285,139,منطقه 2,پزشکی - نیمسال اول,دانشگاه علوم پزشکی شهید بهشتی - تهران
1399,تجربی,286,51,منطقه 3,پزشکی - نیمسال اول,دانشگاه علوم پزشکی شهید بهشتی - تهران
1399,تجربی,287,140,منطقه 2,دندانپزشکی,دانشگاه علوم پزشکی تهران
1399,تجربی,288,97,منطقه 1,پزشکی - نیمسال اول,دانشگاه علوم پزشکی شهید بهشتی - تهران
1399,تجربی,289,141,منطقه 2,پزشکی,دانشگاه علوم پزشکی تهران
1399,تجربی,290,142,منطقه 2,پزشکی - نیمسال اول,دانشگاه علوم پزشکی مشهد
1399,تجربی,291,143,منطقه 2,پزشکی - نیمسال اول,دانشگاه علوم پزشکی شهید بهشتی - تهران
1399,تجربی,293,99,منطقه 1,پزشکی - نیمسال اول,دانشگاه علوم پزشکی شهید بهشتی - تهران
1399,تجربی,294,144,منطقه 2,دندانپزشکی - نیمسال دوم,دانشگاه علوم پزشکی شهید بهشتی - تهران
1399,تجربی,295,145,منطقه 2,پزشکی - نیمسال اول,دانشگاه علوم پزشکی شهید بهشتی - تهران
1399,تجربی,297,52,منطقه 3,پزشکی - نیمسال اول,دانشگاه علوم پزشکی شیراز
1399,تجربی,297,146,منطقه 2,پزشکی,دانشگاه علوم پزشکی بابل
1399,تجربی,300,101,منطقه 1,پزشکی - نیمسال دوم,دانشگاه علوم پزشکی شهید بهشتی - تهران
1399,تجربی,301,102,منطقه 1,پزشکی - نیمسال دوم,دانشگاه علوم پزشکی شهید بهشتی - تهران
1399,تجربی,302,103,منطقه 1,دندانپزشکی - نیمسال دوم,دانشگاه علوم پزشکی شهید بهشتی - تهران
1399,تجربی,305,53,منطقه 3,پزشکی - نیمسال اول,دانشگاه علوم پزشکی شیراز
1399,تجربی,306,105,منطقه 1,پزشکی - نیمسال اول,دانشگاه علوم پزشکی اصفهان
1399,تجربی,306,149,منطقه 2,پزشکی - نیمسال دوم,دانشگاه علوم پزشکی شهید بهشتی - تهران
1399,تجربی,308,150,منطقه 2,پزشکی - نیمسال دوم,دانشگاه علوم پزشکی شهید بهشتی - تهران
1399,تجربی,310,106,منطقه 1,پزشکی - نیمسال اول,دانشگاه علوم پزشکی مشهد
1399,تجربی,310,151,منطقه 2,پزشکی - نیمسال دوم,دانشگاه علوم پزشکی شهید بهشتی - تهران
1399,تجربی,312,107,منطقه 1,پزشکی - نیمسال اول,دانشگاه علوم پزشکی شیراز
1399,تجربی,312,152,منطقه 2,پزشکی - نیمسال دوم,دانشگاه علوم پزشکی شهید بهشتی - تهران
1399,تجربی,314,55,منطقه 3,پزشکی - نیمسال دوم,دانشگاه علوم پزشکی شهید بهشتی - تهران
1399,تجربی,315,108,منطقه 1,پزشکی - نیمسال دوم,دانشگاه علوم پزشکی شهید بهشتی - تهران
1399,تجربی,316,109,منطقه 1,پزشکی - نیمسال دوم,دانشگاه علوم پزشکی شهید بهشتی - تهران
1399,تجربی,317,110,منطقه 1,پزشکی - نیمسال دوم,دانشگاه علوم پزشکی شهید بهشتی - تهران
1399,تجربی,318,111,منطقه 1,پزشکی - نیمسال اول,دانشگاه علوم پزشکی اصفهان
1399,تجربی,318,111,منطقه 1,پزشکی - نیمسال اول,دانشگاه علوم پزشکی شهید بهشتی - تهران
1399,تجربی,320,113,منطقه 1,پزشکی - نیمسال اول,دانشگاه علوم پزشکی شهید بهشتی - تهران
1399,تجربی,321,153,منطقه 2,پزشکی - نیمسال دوم,دانشگاه علوم پزشکی شهید بهشتی - تهران
1399,تجربی,322,114,منطقه 1,پزشکی - نیمسال دوم,دانشگاه علوم پزشکی شهید بهشتی - تهران
1399,تجربی,323,115,منطقه 1,پزشکی - نیمسال دوم,دانشگاه علوم پزشکی شهید بهشتی - تهران
1399,تجربی,324,154,منطقه 2,پزشکی - نیمسال دوم,دانشگاه علوم پزشکی شهید بهشتی - تهران
1399,تجربی,325,116,منطقه 1,پزشکی - نیمسال دوم,دانشگاه علوم پزشکی شهید بهشتی - تهران
1399,تجربی,325,155,منطقه 2,پزشکی,دانشگاه علوم پزشکی تهران
1399,تجربی,327,56,منطقه 3,دندانپزشکی - نیمسال دوم,دانشگاه علوم پزشکی شهید بهشتی - تهران
1399,تجربی,328,156,منطقه 2,پزشکی - نیمسال دوم,دانشگاه علوم پزشکی شهید بهشتی - تهران
1399,تجربی,329,157,منطقه 2,دندانپزشکی - نیمسال اول,دانشگاه علوم پزشکی شهید بهشتی - تهران
1399,تجربی,330,117,منطقه 1,پزشکی - نیمسال دوم,دانشگاه علوم پزشکی شهید بهشتی - تهران
1399,تجربی,331,23,ایثارگر-5%,پزشکی - نیمسال دوم,دانشگاه علوم پزشکی شهید بهشتی - تهران
1399,تجربی,331,57,منطقه 3,دندانپزشکی - نیمسال دوم,دانشگاه علوم پزشکی شهید بهشتی - تهران
1399,تجربی,333,59,منطقه 3,پزشکی - نیمسال دوم,دانشگاه علوم پزشکی شهید بهشتی - تهران
1399,تجربی,334,158,منطقه 2,پزشکی,دانشگاه علوم پزشکی یزد
1399,تجربی,335,5,ایثارگر-25%,پزشکی,دانشگاه علوم پزشکی تهران
1399,تجربی,336,159,منطقه 2,دندانپزشکی,دانشگاه علوم پزشکی تهران
1399,تجربی,336,159,منطقه 2,پزشکی - نیمسال دوم,دانشگاه علوم پزشکی شهید بهشتی - تهران
1399,تجربی,338,161,منطقه 2,پزشکی,دانشگاه علوم پزشکی تهران
1399,تجربی,339,162,منطقه 2,پزشکی - نیمسال دوم,دانشگاه علوم پزشکی شهید بهشتی - تهران
1399,تجربی,340,163,منطقه 2,پزشکی,دانشگاه علوم پزشکی تهران
1399,تجربی,341,164,منطقه 2,دندانپزشکی - نیمسال دوم,دانشگاه علوم پزشکی شهید بهشتی - تهران
1399,تجربی,342,165,منطقه 2,پزشکی,دانشگاه علوم پزشکی تهران
1399,تجربی,343,119,منطقه 1,پزشکی - نیمسال دوم,دانشگاه علوم پزشکی شهید بهشتی - تهران
1399,تجربی,345,166,منطقه 2,پزشکی - نیمسال دوم,دانشگاه علوم پزشکی شهید بهشتی - تهران
1399,تجربی,347,167,منطقه 2,دندانپزشکی,دانشگاه علوم پزشکی شیراز
1399,تجربی,348,122,منطقه 1,پزشکی - نیمسال دوم,دانشگاه علوم پزشکی شهید بهشتی - تهران
1399,تجربی,349,123,منطقه 1,پزشکی - نیمسال اول,دانشگاه علوم پزشکی مشهد
1399,تجربی,350,168,منطقه 2,دندانپزشکی - نیمسال دوم,دانشگاه علوم پزشکی شهید بهشتی - تهران
1399,تجربی,351,169,منطقه 2,پزشکی - نیمسال دوم,دانشگاه علوم پزشکی شهید بهشتی - تهران
1399,تجربی,352,170,منطقه 2,پزشکی - نیمسال دوم,دانشگاه علوم پزشکی شهید بهشتی - تهران
1399,تجربی,353,124,منطقه 1,پزشکی - نیمسال اول,دانشگاه علوم پزشکی تبریز
1399,تجربی,353,171,منطقه 2,پزشکی - نیمسال دوم,دانشگاه علوم پزشکی شهید بهشتی - تهران
1399,تجربی,355,60,منطقه 3,دندانپزشکی,دانشگاه علوم پزشکی تهران
1399,تجربی,356,125,منطقه 1,پزشکی - نیمسال دوم,دانشگاه علوم پزشکی شهید بهشتی - تهران
1399,تجربی,357,61,منطقه 3,پزشکی - نیمسال دوم,دانشگاه علوم پزشکی شهید بهشتی - تهران
1399,تجربی,358,172,منطقه 2,پزشکی,دانشگاه علوم پزشکی تهران
1399,تجربی,359,173,منطقه 2,دندانپزشکی - نیمسال دوم,دانشگاه علوم پزشکی شهید بهشتی - تهران
1399,تجربی,360,174,منطقه 2,پزشکی - نیمسال دوم,دانشگاه علوم پزشکی شهید بهشتی - تهران
1399,تجربی,361,126,منطقه 1,پزشکی - نیمسال اول,دانشگاه علوم پزشکی اصفهان
1399,تجربی,363,26,ایثارگر-5%,دندانپزشکی,دانشگاه علوم پزشکی اصفهان
1399,تجربی,365,175,منطقه 2,دندانپزشکی - نیمسال دوم,دانشگاه علوم پزشکی شهید بهشتی - تهران
1399,تجربی,367,28,ایثارگر-5%,پزشکی - نیمسال اول,دانشگاه علوم پزشکی اصفهان
1399,تجربی,367,130,منطقه 1,پزشکی - نیمسال دوم,دانشگاه علوم پزشکی شهید بهشتی - تهران
1399,تجربی,367,176,منطقه 2,پزشکی - نیمسال دوم,دانشگاه علوم پزشکی شهید بهشتی - تهران
1399,تجربی,369,62,منطقه 3,پزشکی,دانشگاه علوم پزشکی تهران
1399,تجربی,370,177,منطقه 2,پزشکی - نیمسال دوم,دانشگاه علوم پزشکی شهید بهشتی - تهران
1399,تجربی,371,178,منطقه 2,دندانپزشکی,دانشگاه علوم پزشکی مشهد
1399,تجربی,372,179,منطقه 2,پزشکی,دانشگاه علوم پزشکی ایران
1399,تجربی,373,63,منطقه 3,پزشکی,دانشگاه علوم پزشکی تهران
1399,تجربی,373,180,منطقه 2,پزشکی,دانشگاه علوم پزشکی ایران
1399,تجربی,375,181,منطقه 2,پزشکی,دانشگاه علوم پزشکی ایران
1399,تجربی,376,182,منطقه 2,پزشکی,دانشگاه علوم پزشکی ایران
1399,تجربی,376,182,منطقه 2,پزشکی,دانشگاه علوم پزشکی تهران
1399,تجربی,378,132,منطقه 1,پزشکی,دانشگاه علوم پزشکی ایران
1399,تجربی,378,184,منطقه 2,پزشکی,دانشگاه علوم پزشکی ایران
1399,تجربی,380,64,منطقه 3,پزشکی,دانشگاه علوم پزشکی ایران
1399,تجربی,382,29,ایثارگر-5%,دندانپزشکی - نیمسال دوم,دانشگاه علوم پزشکی شهید بهشتی - تهران
1399,تجربی,382,186,منطقه 2,دکترای پیوسته بیوتکنولوژی,دانشگاه تهران
1399,تجربی,382,186,منطقه 2,پزشکی,دانشگاه علوم پزشکی ایران
1399,تجربی,385,189,منطقه 2,پزشکی,دانشگاه علوم پزشکی ایران
1399,تجربی,386,30,ایثارگر-5%,پزشکی,دانشگاه علوم پزشکی تهران
1399,تجربی,387,191,منطقه 2,پزشکی,دانشگاه علوم پزشکی ایران
1399,تجربی,389,192,منطقه 2,پزشکی,دانشگاه علوم پزشکی تهران
1399,تجربی,390,66,منطقه 3,پزشکی,دانشگاه علوم پزشکی ایران
1399,تجربی,390,193,منطقه 2,پزشکی - نیمسال اول,دانشگاه علوم پزشکی شهید بهشتی - تهران
1399,تجربی,392,133,منطقه 1,دندانپزشکی,دانشگاه علوم پزشکی مشهد
1399,تجربی,392,194,منطقه 2,پزشکی - نیمسال اول,دانشگاه علوم پزشکی مشهد
1399,تجربی,395,31,ایثارگر-5%,پزشکی - نیمسال دوم,دانشگاه علوم پزشکی شهید بهشتی - تهران
1399,تجربی,395,67,منطقه 3,دندانپزشکی,دانشگاه علوم پزشکی تهران
1399,تجربی,395,134,منطقه 1,پزشکی,دانشگاه علوم پزشکی ایران
1399,تجربی,395,195,منطقه 2,پزشکی,دانشگاه علوم پزشکی ایران
1399,تجربی,398,196,منطقه 2,دندانپزشکی,دانشگاه علوم پزشکی همدان
1399,تجربی,399,68,منطقه 3,پزشکی - نیمسال اول,دانشگاه علوم پزشکی تبریز
1399,تجربی,399,197,منطقه 2,پزشکی,دانشگاه علوم پزشکی ایران
1399,تجربی,401,198,منطقه 2,پزشکی - نیمسال اول,دانشگاه علوم پزشکی شیراز
1399,تجربی,403,199,منطقه 2,پزشکی - نیمسال اول,دانشگاه علوم پزشکی مشهد
1399,تجربی,404,69,منطقه 3,پزشکی - نیمسال اول,دانشگاه علوم پزشکی تبریز
1399,تجربی,404,200,منطقه 2,پزشکی,دانشگاه علوم پزشکی ایران
1399,تجربی,406,32,ایثارگر-5%,پزشکی,دانشگاه علوم پزشکی تهران
1399,تجربی,406,137,منطقه 1,پزشکی - نیمسال اول,دانشگاه علوم پزشکی اصفهان
1399,تجربی,408,202,منطقه 2,پزشکی,دانشگاه علوم پزشکی ایران
1399,تجربی,409,70,منطقه 3,پزشکی,دانشگاه علوم پزشکی ایران
1399,تجربی,410,203,منطقه 2,پزشکی,دانشگاه علوم پزشکی ایران
1399,تجربی,411,33,ایثارگر-5%,پزشکی,دانشگاه علوم پزشکی ایران
1399,تجربی,412,205,منطقه 2,پزشکی,دانشگاه علوم پزشکی ایران
1399,تجربی,413,6,ایثارگر-25%,پزشکی - نیمسال اول,دانشگاه علوم پزشکی تبریز
1399,تجربی,414,71,منطقه 3,پزشکی,دانشگاه علوم پزشکی تهران
1399,تجربی,415,206,منطقه 2,پزشکی,دانشگاه علوم پزشکی ایران
1399,تجربی,416,139,منطقه 1,پزشکی,دانشگاه علوم پزشکی ایران
1399,تجربی,417,207,منطقه 2,پزشکی,دانشگاه علوم پزشکی ایران
1399,تجربی,419,208,منطقه 2,پزشکی,دانشگاه علوم پزشکی بابل
1399,تجربی,421,142,منطقه 1,پزشکی - نیمسال اول,دانشگاه علوم پزشکی مشهد
1399,تجربی,422,209,منطقه 2,پزشکی,دانشگاه علوم پزشکی تهران
1399,تجربی,423,72,منطقه 3,پزشکی - نیمسال اول,دانشگاه علوم پزشکی شیراز
1399,تجربی,424,73,منطقه 3,دندانپزشکی,دانشگاه علوم پزشکی مشهد
1399,تجربی,425,34,ایثارگر-5%,پزشکی - نیمسال اول,دانشگاه علوم پزشکی شیراز
1399,تجربی,427,143,منطقه 1,دندانپزشکی,دانشگاه علوم پزشکی مشهد
1399,تجربی,427,210,منطقه 2,پزشکی,دانشگاه علوم پزشکی ایران
1399,تجربی,429,76,منطقه 3,دندانپزشکی,دانشگاه علوم پزشکی تهران
1399,تجربی,431,144,منطقه 1,پزشکی - نیمسال دوم,دانشگاه علوم پزشکی شهید بهشتی - تهران
1399,تجربی,431,211,منطقه 2,پزشکی,دانشگاه علوم پزشکی ایران
1399,تجربی,433,212,منطقه 2,دندانپزشکی,دانشگاه علوم پزشکی تهران
1399,تجربی,433,212,منطقه 2,پزشکی - نیمسال اول,دانشگاه علوم پزشکی کردستان - سنندج
1399,تجربی,435,78,منطقه 3,پزشکی,دانشگاه علوم پزشکی ایران
1399,تجربی,436,145,منطقه 1,پزشکی - نیمسال اول,دانشگاه علوم پزشکی اصفهان
1399,تجربی,437,146,منطقه 1,پزشکی - نیمسال اول,دانشگاه علوم پزشکی شیراز
1399,تجربی,438,79,منطقه 3,پزشکی,دانشگاه علوم پزشکی ایران
1399,تجربی,439,7,ایثارگر-25%,پزشکی,دانشگاه علوم پزشکی تهران
1399,تجربی,440,147,منطقه 1,پزشکی - نیمسال اول,دانشگاه علوم پزشکی اصفهان
1399,تجربی,441,80,منطقه 3,پزشکی,دانشگاه علوم پزشکی ایران
1399,تجربی,442,148,منطقه 1,پزشکی - نیمسال دوم,دانشگاه علوم پزشکی شهید بهشتی - تهران
1399,تجربی,444,215,منطقه 2,دندانپزشکی - نیمسال اول,دانشگاه علوم پزشکی شهید بهشتی - تهران
1399,تجربی,446,81,منطقه 3,دندانپزشکی,دانشگاه علوم پزشکی تهران
1399,تجربی,448,35,ایثارگر-5%,پزشکی - نیمسال اول,دانشگاه علوم پزشکی مشهد
1399,تجربی,448,151,منطقه 1,پزشکی - نیمسال اول,دانشگاه علوم پزشکی تبریز
1399,تجربی,448,151,منطقه 1,پزشکی - نیمسال اول,دانشگاه علوم پزشکی شیراز
1399,تجربی,448,217,منطقه 2,دندانپزشکی,دانشگاه علوم پزشکی همدان
1399,تجربی,451,82,منطقه 3,پزشکی,دانشگاه علوم پزشکی تهران
1399,تجربی,453,83,منطقه 3,پزشکی - نیمسال اول,دانشگاه علوم پزشکی شیراز
1399,تجربی,453,218,منطقه 2,پزشکی,دانشگاه علوم پزشکی ایران
1399,تجربی,457,36,ایثارگر-5%,پزشکی,دانشگاه علوم پزشکی تهران
1399,تجربی,457,154,منطقه 1,پزشکی,دانشگاه علوم پزشکی ایران
1399,تجربی,457,220,منطقه 2,دندانپزشکی,دانشگاه علوم پزشکی تهران
1399,تجربی,457,220,منطقه 2,پزشکی,دانشگاه علوم پزشکی ایران
1399,تجربی,460,222,منطقه 2,پزشکی,دانشگاه علوم پزشکی ایران
1399,تجربی,462,223,منطقه 2,پزشکی,دانشگاه علوم پزشکی ایران
1399,تجربی,463,157,منطقه 1,پزشکی,دانشگاه علوم پزشکی ایران
1399,تجربی,463,224,منطقه 2,پزشکی,دانشگاه علوم پزشکی ایران
1399,تجربی,465,84,منطقه 3,پزشکی - نیمسال اول,دانشگاه علوم پزشکی تبریز
1399,تجربی,466,85,منطقه 3,دندانپزشکی - نیمسال دوم,دانشگاه علوم پزشکی شهید بهشتی - تهران
1399,تجربی,468,225,منطقه 2,پزشکی - نیمسال اول,دانشگاه علوم پزشکی شیراز
1399,تجربی,469,226,منطقه 2,پزشکی,دانشگاه علوم پزشکی ایران
1399,تجربی,470,227,منطقه 2,پزشکی,دانشگاه علوم پزشکی ایران
1399,تجربی,471,159,منطقه 1,پزشکی - نیمسال اول,دانشگاه علوم پزشکی اصفهان
1399,تجربی,475,86,منطقه 3,پزشکی,دانشگاه علوم پزشکی ایران
1399,تجربی,476,228,منطقه 2,پزشکی,دانشگاه علوم پزشکی ایران
1399,تجربی,478,163,منطقه 1,پزشکی - نیمسال اول,دانشگاه علوم پزشکی مشهد
1399,تجربی,480,230,منطقه 2,پزشکی,دانشگاه علوم پزشکی ایران
1399,تجربی,481,87,منطقه 3,پزشکی,دانشگاه علوم پزشکی ایران
1399,تجربی,482,40,ایثارگر-5%,پزشکی - نیمسال اول,دانشگاه علوم پزشکی اصفهان
1399,تجربی,483,166,منطقه 1,پزشکی,دانشگاه علوم پزشکی ایران
1399,تجربی,485,231,منطقه 2,پزشکی,دانشگاه علوم پزشکی ایران
1399,تجربی,486,168,منطقه 1,پزشکی - نیمسال اول,دانشگاه علوم پزشکی شیراز
1399,تجربی,487,232,منطقه 2,دندانپزشکی,دانشگاه علوم پزشکی شیراز
1399,تجربی,488,233,منطقه 2,پزشکی,دانشگاه علوم پزشکی ایران
1399,تجربی,490,235,منطقه 2,دندانپزشکی,دانشگاه علوم پزشکی تهران
1399,تجربی,491,236,منطقه 2,پزشکی,دانشگاه علوم پزشکی ایران
1399,تجربی,492,88,منطقه 3,دندانپزشکی,دانشگاه علوم پزشکی تهران
1399,تجربی,492,237,منطقه 2,پزشکی,دانشگاه علوم پزشکی ایران
1399,تجربی,494,89,منطقه 3,پزشکی,دانشگاه علوم پزشکی ایران
1399,تجربی,495,169,منطقه 1,پزشکی - نیمسال اول,دانشگاه علوم پزشکی اصفهان
1399,تجربی,496,238,منطقه 2,پزشکی,دانشگاه علوم پزشکی ایران
1399,تجربی,497,239,منطقه 2,پزشکی,دانشگاه علوم پزشکی ایران
1399,تجربی,500,41,ایثارگر-5%,پزشکی,دانشگاه علوم پزشکی ایران
1399,تجربی,500,172,منطقه 1,پزشکی,دانشگاه علوم پزشکی ایران
1399,تجربی,502,91,منطقه 3,پزشکی - نیمسال اول,دانشگاه علوم پزشکی تبریز
1399,تجربی,504,174,منطقه 1,پزشکی - نیمسال اول,دانشگاه علوم پزشکی شیراز
1399,تجربی,505,175,منطقه 1,پزشکی,دانشگاه علوم پزشکی ایران
1399,تجربی,506,240,منطقه 2,پزشکی,دانشگاه علوم پزشکی ایران
1399,تجربی,507,42,ایثارگر-5%,دندانپزشکی,دانشگاه علوم پزشکی تهران
1399,تجربی,507,92,منطقه 3,پزشکی,دانشگاه علوم پزشکی ایران
1399,تجربی,509,176,منطقه 1,پزشکی,دانشگاه علوم پزشکی ایران
1399,تجربی,510,242,منطقه 2,دندانپزشکی,دانشگاه علوم پزشکی تهران
1399,تجربی,511,243,منطقه 2,پزشکی,دانشگاه علوم پزشکی ایران
1399,تجربی,512,93,منطقه 3,پزشکی - نیمسال اول,دانشگاه علوم پزشکی شیراز
1399,تجربی,513,244,منطقه 2,پزشکی,دانشگاه علوم پزشکی تهران
1399,تجربی,514,245,منطقه 2,پزشکی,دانشگاه علوم پزشکی تهران
1399,تجربی,515,177,منطقه 1,پزشکی,دانشگاه علوم پزشکی ایران
1399,تجربی,515,246,منطقه 2,پزشکی,دانشگاه علوم پزشکی ایران
1399,تجربی,517,247,منطقه 2,پزشکی,دانشگاه علوم پزشکی ایران
1399,تجربی,518,178,منطقه 1,پزشکی - نیمسال اول,دانشگاه علوم پزشکی اصفهان
1399,تجربی,518,248,منطقه 2,پزشکی,دانشگاه علوم پزشکی ایران
1399,تجربی,520,43,ایثارگر-5%,پزشکی - نیمسال اول,دانشگاه علوم پزشکی مشهد
1399,تجربی,520,179,منطقه 1,پزشکی - نیمسال اول,دانشگاه علوم پزشکی تبریز
1399,تجربی,522,94,منطقه 3,پزشکی,دانشگاه علوم پزشکی ایران
1399,تجربی,524,96,منطقه 3,پزشکی,دانشگاه علوم پزشکی ایران
1399,تجربی,524,249,منطقه 2,دندانپزشکی,دانشگاه علوم پزشکی تهران
1399,تجربی,526,97,منطقه 3,پزشکی,دانشگاه علوم پزشکی ایران
1399,تجربی,526,250,منطقه 2,پزشکی,دانشگاه علوم پزشکی ایران
1399,تجربی,528,181,منطقه 1,دندانپزشکی,دانشگاه علوم پزشکی تهران
1399,تجربی,529,182,منطقه 1,پزشکی,دانشگاه علوم پزشکی ایران
1399,تجربی,531,98,منطقه 3,پزشکی,دانشگاه علوم پزشکی ایران
1399,تجربی,531,251,منطقه 2,پزشکی,دانشگاه علوم پزشکی ایران
1399,تجربی,533,184,منطقه 1,پزشکی,دانشگاه علوم پزشکی ایران
1399,تجربی,535,253,منطقه 2,پزشکی,دانشگاه علوم پزشکی ایران
1399,تجربی,537,99,منطقه 3,دندانپزشکی,دانشگاه علوم پزشکی تهران
1399,تجربی,538,185,منطقه 1,پزشکی,دانشگاه علوم پزشکی ایران
1399,تجربی,538,255,منطقه 2,پزشکی - نیمسال اول,دانشگاه علوم پزشکی اصفهان
1399,تجربی,541,186,منطقه 1,پزشکی - نیمسال اول,دانشگاه علوم پزشکی مشهد
1399,تجربی,541,257,منطقه 2,دندانپزشکی,دانشگاه علوم پزشکی تهران
1399,تجربی,541,257,منطقه 2,پزشکی,دانشگاه علوم پزشکی ایران
1399,تجربی,544,259,منطقه 2,پزشکی - نیمسال اول,دانشگاه علوم پزشکی مشهد
1399,تجربی,546,260,منطقه 2,پزشکی,دانشگاه علوم پزشکی ایران
1399,تجربی,547,261,منطقه 2,پزشکی,دانشگاه علوم پزشکی ایران
1399,تجربی,548,101,منطقه 3,پزشکی - نیمسال اول,دانشگاه علوم پزشکی شیراز
1399,تجربی,550,188,منطقه 1,دندانپزشکی,دانشگاه علوم پزشکی تهران
1399,تجربی,551,102,منطقه 3,پزشکی,دانشگاه علوم پزشکی ایران
1399,تجربی,552,262,منطقه 2,پزشکی,دانشگاه علوم پزشکی ایران
1399,تجربی,553,263,منطقه 2,پزشکی,دانشگاه علوم پزشکی ایران
1399,تجربی,554,264,منطقه 2,پزشکی,دانشگاه علوم پزشکی ایران
1399,تجربی,556,265,منطقه 2,پزشکی - نیمسال اول,دانشگاه علوم پزشکی شهید بهشتی - تهران
1399,تجربی,559,103,منطقه 3,پزشکی - نیمسال اول,دانشگاه علوم پزشکی مشهد
1399,تجربی,560,192,منطقه 1,پزشکی,دانشگاه علوم پزشکی ایران
1399,تجربی,561,104,منطقه 3,پزشکی,دانشگاه علوم پزشکی ایران
1399,تجربی,561,266,منطقه 2,پزشکی,دانشگاه علوم پزشکی ایران
1399,تجربی,563,193,منطقه 1,پزشکی - نیمسال اول,دانشگاه علوم پزشکی شهید بهشتی - تهران
1399,تجربی,565,267,منطقه 2,پزشکی,دانشگاه علوم پزشکی ایران
1399,تجربی,566,195,منطقه 1,دندانپزشکی - نیمسال دوم,دانشگاه علوم پزشکی شهید بهشتی - تهران
1399,تجربی,568,46,ایثارگر-5%,دندانپزشکی,دانشگاه علوم پزشکی مشهد
1399,تجربی,570,269,منطقه 2,پزشکی - نیمسال اول,دانشگاه علوم پزشکی همدان
1399,تجربی,572,48,ایثارگر-5%,دندانپزشکی,دانشگاه علوم پزشکی مشهد
1399,تجربی,572,48,ایثارگر-5%,پزشکی,دانشگاه علوم پزشکی ایران
1399,تجربی,575,50,ایثارگر-5%,پزشکی,دانشگاه علوم پزشکی ایران
1399,تجربی,575,272,منطقه 2,پزشکی - نیمسال اول,دانشگاه علوم پزشکی اصفهان
1399,تجربی,578,51,ایثارگر-5%,پزشکی - نیمسال اول,دانشگاه علوم پزشکی شهید بهشتی - تهران
1399,تجربی,578,274,منطقه 2,پزشکی - نیمسال اول,دانشگاه علوم پزشکی شیراز
1399,تجربی,578,274,منطقه 2,پزشکی - نیمسال اول,دانشگاه علوم پزشکی مشهد
1399,تجربی,582,107,منطقه 3,پزشکی - نیمسال اول,دانشگاه علوم پزشکی شیراز
1399,تجربی,582,107,منطقه 3,پزشکی - نیمسال اول,دانشگاه علوم پزشکی مشهد
1399,تجربی,582,276,منطقه 2,پزشکی - نیمسال اول,دانشگاه علوم پزشکی شیراز
1399,تجربی,584,53,ایثارگر-5%,پزشکی,دانشگاه علوم پزشکی ایران
1399,تجربی,584,277,منطقه 2,داروسازی,دانشگاه علوم پزشکی تهران
1399,تجربی,586,54,ایثارگر-5%,دندانپزشکی,دانشگاه علوم پزشکی مشهد
1399,تجربی,586,278,منطقه 2,پزشکی - نیمسال اول,دانشگاه علوم پزشکی تبریز
1399,تجربی,589,280,منطقه 2,پزشکی - نیمسال اول,دانشگاه علوم پزشکی شهید بهشتی - تهران
1399,تجربی,591,281,منطقه 2,پزشکی - نیمسال اول,دانشگاه علوم پزشکی مازندران - ساری
1399,تجربی,593,282,منطقه 2,پزشکی - نیمسال اول,دانشگاه علوم پزشکی مشهد
1399,تجربی,594,283,منطقه 2,پزشکی - نیمسال اول,دانشگاه علوم پزشکی اصفهان
1399,تجربی,596,284,منطقه 2,پزشکی - نیمسال اول,دانشگاه علوم پزشکی شهید بهشتی - تهران
1399,تجربی,597,202,منطقه 1,دندانپزشکی,دانشگاه علوم پزشکی شیراز
1399,تجربی,598,112,منطقه 3,پزشکی - نیمسال اول,دانشگاه علوم پزشکی شیراز
1399,تجربی,599,203,منطقه 1,پزشکی - نیمسال اول,دانشگاه علوم پزشکی تبریز
1399,تجربی,599,285,منطقه 2,پزشکی - نیمسال اول,دانشگاه علوم پزشکی مشهد
1399,تجربی,601,204,منطقه 1,پزشکی,دانشگاه علوم پزشکی ایران
1399,تجربی,603,56,ایثارگر-5%,پزشکی - نیمسال اول,دانشگاه علوم پزشکی اصفهان
1399,تجربی,603,205,منطقه 1,دندانپزشکی,دانشگاه علوم پزشکی اصفهان
1399,تجربی,605,287,منطقه 2,دندانپزشکی,دانشگاه علوم پزشکی بابل
1399,تجربی,605,287,منطقه 2,دندانپزشکی,دانشگاه علوم پزشکی شیراز
1399,تجربی,607,206,منطقه 1,دندانپزشکی,دانشگاه علوم پزشکی مشهد
1399,تجربی,609,290,منطقه 2,پزشکی - نیمسال اول,دانشگاه علوم پزشکی شهید بهشتی - تهران
1399,تجربی,609,290,منطقه 2,پزشکی - نیمسال اول,دانشگاه علوم پزشکی شیراز
1399,تجربی,611,292,منطقه 2,پزشکی - نیمسال اول,دانشگاه علوم پزشکی شیراز
1399,تجربی,614,114,منطقه 3,دندانپزشکی,دانشگاه علوم پزشکی مشهد
1399,تجربی,614,208,منطقه 1,دندانپزشکی,دانشگاه علوم پزشکی اصفهان
1399,تجربی,614,293,منطقه 2,پزشکی,دانشگاه علوم پزشکی ایران
1399,تجربی,616,294,منطقه 2,دندانپزشکی,دانشگاه علوم پزشکی بابل
1399,تجربی,617,295,منطقه 2,پزشکی - نیمسال اول,دانشگاه علوم پزشکی همدان
1399,تجربی,618,115,منطقه 3,پزشکی - نیمسال اول,دانشگاه علوم پزشکی شیراز
1399,تجربی,619,209,منطقه 1,پزشکی - نیمسال اول,دانشگاه علوم پزشکی شیراز
1399,تجربی,620,57,ایثارگر-5%,پزشکی - نیمسال اول,دانشگاه علوم پزشکی شیراز
1399,تجربی,620,296,منطقه 2,پزشکی - نیمسال اول,دانشگاه علوم پزشکی شهید بهشتی - تهران
1399,تجربی,624,116,منطقه 3,پزشکی,دانشگاه علوم پزشکی تهران
1399,تجربی,624,116,منطقه 3,پزشکی - نیمسال اول,دانشگاه علوم پزشکی تبریز
1399,تجربی,624,212,منطقه 1,پزشکی - نیمسال اول,دانشگاه علوم پزشکی تبریز
1399,تجربی,624,297,منطقه 2,دندانپزشکی,دانشگاه علوم پزشکی تهران
1399,تجربی,627,213,منطقه 1,پزشکی - نیمسال اول,دانشگاه علوم پزشکی البرز - کرج
1399,تجربی,628,214,منطقه 1,دندانپزشکی,دانشگاه علوم پزشکی تبریز
1399,تجربی,629,215,منطقه 1,پزشکی - نیمسال اول,دانشگاه علوم پزشکی البرز - کرج
1399,تجربی,630,118,منطقه 3,دندانپزشکی,دانشگاه علوم پزشکی اصفهان
1399,تجربی,630,298,منطقه 2,دندانپزشکی,دانشگاه علوم پزشکی مشهد
1399,تجربی,633,58,ایثارگر-5%,دندانپزشکی,دانشگاه علوم پزشکی تبریز
1399,تجربی,633,300,منطقه 2,دندانپزشکی,دانشگاه علوم پزشکی تهران
1399,تجربی,635,119,منطقه 3,پزشکی - نیمسال اول,دانشگاه علوم پزشکی شیراز
1399,تجربی,637,217,منطقه 1,پزشکی - نیمسال اول,دانشگاه علوم پزشکی تبریز
1399,تجربی,638,218,منطقه 1,دندانپزشکی,دانشگاه علوم پزشکی تبریز
1399,تجربی,638,302,منطقه 2,پزشکی - نیمسال اول,دانشگاه علوم پزشکی شهید بهشتی - تهران
1399,تجربی,640,303,منطقه 2,پزشکی - نیمسال اول,دانشگاه علوم پزشکی بقیه الله
1399,تجربی,643,59,ایثارگر-5%,دندانپزشکی,دانشگاه علوم پزشکی تبریز
1399,تجربی,643,120,منطقه 3,پزشکی - نیمسال اول,دانشگاه علوم پزشکی تبریز
1399,تجربی,643,220,منطقه 1,دندانپزشکی,دانشگاه علوم پزشکی تبریز
1399,تجربی,643,220,منطقه 1,پزشکی - نیمسال اول,دانشگاه علوم پزشکی شیراز
1399,تجربی,643,304,منطقه 2,پزشکی - نیمسال اول,دانشگاه علوم پزشکی تبریز
1399,تجربی,643,304,منطقه 2,پزشکی - نیمسال اول,دانشگاه علوم پزشکی شهید بهشتی - تهران
1399,تجربی,647,60,ایثارگر-5%,پزشکی - نیمسال اول,دانشگاه علوم پزشکی مشهد
1399,تجربی,649,223,منطقه 1,پزشکی - نیمسال اول,دانشگاه علوم پزشکی شیراز
1399,تجربی,649,223,منطقه 1,پزشکی - نیمسال اول,دانشگاه علوم پزشکی مشهد
1399,تجربی,652,225,منطقه 1,پزشکی - نیمسال اول,دانشگاه علوم پزشکی شیراز
1399,تجربی,653,308,منطقه 2,پزشکی - نیمسال اول,دانشگاه علوم پزشکی مشهد
1399,تجربی,654,309,منطقه 2,دندانپزشکی - نیمسال دوم,دانشگاه علوم پزشکی شهید بهشتی - تهران
1399,تجربی,654,309,منطقه 2,پزشکی - نیمسال دوم,دانشگاه علوم پزشکی شهید بهشتی - تهران
1399,تجربی,657,227,منطقه 1,دندانپزشکی,دانشگاه علوم پزشکی اصفهان
1399,تجربی,657,227,منطقه 1,پزشکی - نیمسال اول,دانشگاه علوم پزشکی تبریز
1399,تجربی,659,311,منطقه 2,پزشکی - نیمسال دوم,دانشگاه علوم پزشکی شهید بهشتی - تهران
1399,تجربی,663,121,منطقه 3,پزشکی - نیمسال اول,دانشگاه علوم پزشکی شیراز
1399,تجربی,663,313,منطقه 2,پزشکی - نیمسال اول,دانشگاه علوم پزشکی کرمانشاه
1399,تجربی,665,314,منطقه 2,پزشکی - نیمسال اول,دانشگاه علوم پزشکی همدان
1399,تجربی,667,63,ایثارگر-5%,پزشکی - نیمسال اول,دانشگاه علوم پزشکی شیراز
1399,تجربی,667,122,منطقه 3,داروسازی,دانشگاه علوم پزشکی تهران
1399,تجربی,667,231,منطقه 1,دندانپزشکی,دانشگاه علوم پزشکی مشهد
1399,تجربی,669,232,منطقه 1,پزشکی - نیمسال اول,دانشگاه علوم پزشکی شیراز
1399,تجربی,670,316,منطقه 2,پزشکی - نیمسال اول,دانشگاه علوم پزشکی شیراز
1399,تجربی,672,64,ایثارگر-5%,پزشکی - نیمسال اول,دانشگاه علوم پزشکی شیراز
1399,تجربی,672,123,منطقه 3,پزشکی - نیمسال اول,دانشگاه علوم پزشکی مشهد
1399,تجربی,675,317,منطقه 2,پزشکی,دانشگاه علوم پزشکی یزد
1399,تجربی,676,318,منطقه 2,پزشکی,دانشگاه علوم پزشکی ایران
1399,تجربی,677,319,منطقه 2,دندانپزشکی,دانشگاه علوم پزشکی تهران
1399,تجربی,678,236,منطقه 1,پزشکی - نیمسال اول,دانشگاه علوم پزشکی شیراز
1399,تجربی,678,320,منطقه 2,پزشکی,دانشگاه علوم پزشکی بابل
1399,تجربی,681,321,منطقه 2,پزشکی - نیمسال اول,دانشگاه علوم پزشکی کرمانشاه
1399,تجربی,683,124,منطقه 3,پزشکی - نیمسال اول,دانشگاه علوم پزشکی اصفهان
1399,تجربی,684,65,ایثارگر-5%,داروسازی,دانشگاه علوم پزشکی تهران
1399,تجربی,685,323,منطقه 2,پزشکی - نیمسال اول,دانشگاه علوم پزشکی شیراز
1399,تجربی,687,125,منطقه 3,پزشکی - نیمسال اول,دانشگاه علوم پزشکی شیراز
1399,تجربی,688,240,منطقه 1,پزشکی - نیمسال اول,دانشگاه علوم پزشکی شهید بهشتی - تهران
1399,تجربی,689,126,منطقه 3,پزشکی - نیمسال اول,دانشگاه علوم پزشکی اصفهان
1399,تجربی,690,127,منطقه 3,دندانپزشکی,دانشگاه علوم پزشکی اصفهان
1399,تجربی,691,324,منطقه 2,دکترای پیوسته بیوتکنولوژی,دانشگاه تهران
1399,تجربی,691,324,منطقه 2,پزشکی - نیمسال دوم,دانشگاه علوم پزشکی شهید بهشتی - تهران
1399,تجربی,694,128,منطقه 3,پزشکی - نیمسال اول,دانشگاه علوم پزشکی شیراز
1399,تجربی,694,241,منطقه 1,پزشکی - نیمسال اول,دانشگاه علوم پزشکی تبریز
1399,تجربی,696,242,منطقه 1,پزشکی - نیمسال اول,دانشگاه علوم پزشکی اصفهان
1399,تجربی,696,327,منطقه 2,پزشکی - نیمسال اول,دانشگاه علوم پزشکی شیراز
1399,تجربی,698,328,منطقه 2,پزشکی - نیمسال اول,دانشگاه علوم پزشکی شیراز
1399,تجربی,701,244,منطقه 1,دندانپزشکی,دانشگاه علوم پزشکی اصفهان
1399,تجربی,701,329,منطقه 2,پزشکی - نیمسال اول,دانشگاه علوم پزشکی کرمانشاه
1399,تجربی,701,329,منطقه 2,پزشکی - نیمسال اول,دانشگاه علوم پزشکی گیلان - رشت
1399,تجربی,703,331,منطقه 2,پزشکی,دانشگاه علوم پزشکی ایران
1399,تجربی,703,331,منطقه 2,پزشکی,دانشگاه علوم پزشکی بابل
1399,تجربی,706,66,ایثارگر-5%,دندانپزشکی,دانشگاه علوم پزشکی اصفهان
1399,تجربی,706,333,منطقه 2,پزشکی - نیمسال اول,دانشگاه علوم پزشکی شیراز
1399,تجربی,706,333,منطقه 2,پزشکی - نیمسال اول,دانشگاه علوم پزشکی مشهد
1399,تجربی,708,335,منطقه 2,پزشکی - نیمسال دوم,دانشگاه علوم پزشکی شهید بهشتی - تهران
1399,تجربی,709,336,منطقه 2,پزشکی - نیمسال دوم,دانشگاه علوم پزشکی شهید بهشتی - تهران
1399,تجربی,710,337,منطقه 2,دندانپزشکی - نیمسال دوم,دانشگاه علوم پزشکی شهید بهشتی - تهران
1399,تجربی,711,338,منطقه 2,پزشکی - نیمسال اول,دانشگاه علوم پزشکی تبریز
1399,تجربی,713,246,منطقه 1,دندانپزشکی,دانشگاه علوم پزشکی البرز - کرج
1399,تجربی,715,247,منطقه 1,پزشکی,دانشگاه شاهد - تهران(رشته های پزشکی)
1399,تجربی,715,340,منطقه 2,دندانپزشکی,دانشگاه علوم پزشکی یزد
1399,تجربی,715,340,منطقه 2,پزشکی - نیمسال اول,دانشگاه علوم پزشکی شیراز
1399,تجربی,717,248,منطقه 1,پزشکی - نیمسال اول,دانشگاه علوم پزشکی اصفهان
1399,تجربی,717,342,منطقه 2,پزشکی - نیمسال اول,دانشگاه علوم پزشکی شیراز
1399,تجربی,720,129,منطقه 3,پزشکی - نیمسال اول,دانشگاه علوم پزشکی تبریز
1399,تجربی,720,129,منطقه 3,پزشکی - نیمسال اول,دانشگاه علوم پزشکی مشهد
1399,تجربی,723,345,منطقه 2,پزشکی - نیمسال اول,دانشگاه علوم پزشکی شیراز
1399,تجربی,729,68,ایثارگر-5%,دکترای پیوسته بیوتکنولوژی,دانشگاه تهران
1399,تجربی,729,131,منطقه 3,پزشکی - نیمسال اول,دانشگاه علوم پزشکی مشهد
1399,تجربی,729,348,منطقه 2,پزشکی - نیمسال اول,دانشگاه علوم پزشکی شیراز
1399,تجربی,731,349,منطقه 2,پزشکی - نیمسال اول,دانشگاه علوم پزشکی مشهد
1399,تجربی,731,349,منطقه 2,پزشکی - نیمسال دوم,دانشگاه علوم پزشکی شهید بهشتی - تهران
1399,تجربی,733,351,منطقه 2,پزشکی - نیمسال اول,دانشگاه علوم پزشکی همدان
1399,تجربی,734,352,منطقه 2,پزشکی - نیمسال اول,دانشگاه علوم پزشکی شیراز
1399,تجربی,735,252,منطقه 1,پزشکی - نیمسال اول,دانشگاه علوم پزشکی شیراز
1399,تجربی,735,353,منطقه 2,پزشکی - نیمسال اول,دانشگاه علوم پزشکی شیراز
1399,تجربی,737,354,منطقه 2,پزشکی - نیمسال اول,دانشگاه علوم پزشکی شیراز
1399,تجربی,738,132,منطقه 3,پزشکی - نیمسال اول,دانشگاه علوم پزشکی شیراز
1399,تجربی,740,133,منطقه 3,پزشکی,دانشگاه علوم پزشکی تهران
1399,تجربی,740,253,منطقه 1,پزشکی - نیمسال اول,دانشگاه علوم پزشکی شهید بهشتی - تهران
1399,تجربی,742,356,منطقه 2,پزشکی - نیمسال اول,دانشگاه علوم پزشکی شیراز
1399,تجربی,743,70,ایثارگر-5%,پزشکی - بومی آذربایجان شرقی,دانشگاه علوم پزشکی تبریز
1399,تجربی,744,357,منطقه 2,پزشکی,دانشگاه علوم پزشکی ایران
1399,تجربی,745,358,منطقه 2,دندانپزشکی,دانشگاه علوم پزشکی تهران
1399,تجربی,745,358,منطقه 2,پزشکی - نیمسال دوم,دانشگاه علوم پزشکی شهید بهشتی - تهران
1399,تجربی,748,361,منطقه 2,دندانپزشکی - نیمسال دوم,دانشگاه علوم پزشکی شهید بهشتی - تهران
1399,تجربی,748,361,منطقه 2,پزشکی,دانشگاه علوم پزشکی بابل
1399,تجربی,748,361,منطقه 2,پزشکی - نیمسال اول,دانشگاه علوم پزشکی شیراز
1399,تجربی,748,361,منطقه 2,پزشکی - نیمسال اول,دانشگاه علوم پزشکی گیلان - رشت
1399,تجربی,751,364,منطقه 2,پزشکی - نیمسال اول,دانشگاه علوم پزشکی شیراز
1399,تجربی,753,135,منطقه 3,دندانپزشکی,دانشگاه علوم پزشکی اصفهان
1399,تجربی,754,72,ایثارگر-5%,دندانپزشکی,دانشگاه علوم پزشکی مشهد
1399,تجربی,754,136,منطقه 3,پزشکی - نیمسال اول,دانشگاه علوم پزشکی تبریز
1399,تجربی,757,255,منطقه 1,دندانپزشکی,دانشگاه علوم پزشکی اصفهان
1399,تجربی,757,255,منطقه 1,پزشکی - نیمسال دوم,دانشگاه علوم پزشکی البرز - کرج
1399,تجربی,759,137,منطقه 3,دندانپزشکی,دانشگاه علوم پزشکی مشهد
1399,تجربی,759,367,منطقه 2,دندانپزشکی,دانشگاه علوم پزشکی شیراز
1399,تجربی,763,139,منطقه 3,پزشکی - نیمسال اول,دانشگاه علوم پزشکی اصفهان
1399,تجربی,763,368,منطقه 2,پزشکی - نیمسال اول,دانشگاه علوم پزشکی مشهد
1399,تجربی,767,74,ایثارگر-5%,پزشکی - نیمسال اول,دانشگاه علوم پزشکی مشهد
1399,تجربی,769,75,ایثارگر-5%,پزشکی - نیمسال اول,دانشگاه علوم پزشکی تبریز
1399,تجربی,770,142,منطقه 3,پزشکی - نیمسال اول,دانشگاه علوم پزشکی تبریز
1399,تجربی,771,143,منطقه 3,پزشکی - نیمسال اول,دانشگاه علوم پزشکی شیراز
1399,تجربی,771,372,منطقه 2,پزشکی - نیمسال اول,دانشگاه علوم پزشکی گیلان - رشت
1399,تجربی,774,259,منطقه 1,دندانپزشکی,دانشگاه علوم پزشکی اصفهان
1399,تجربی,774,259,منطقه 1,پزشکی - نیمسال اول,دانشگاه علوم پزشکی اصفهان
1399,تجربی,774,259,منطقه 1,پزشکی - نیمسال اول,دانشگاه علوم پزشکی شیراز
1399,تجربی,774,373,منطقه 2,پزشکی - نیمسال اول,دانشگاه علوم پزشکی شیراز
1399,تجربی,777,261,منطقه 1,پزشکی - نیمسال اول,دانشگاه علوم پزشکی اصفهان
1399,تجربی,778,76,ایثارگر-5%,پزشکی,دانشگاه علوم پزشکی ایران
1399,تجربی,779,375,منطقه 2,پزشکی - نیمسال دوم,دانشگاه علوم پزشکی شهید بهشتی - تهران
1399,تجربی,780,144,منطقه 3,پزشکی - نیمسال اول,دانشگاه علوم پزشکی اصفهان
1399,تجربی,783,263,منطقه 1,دندانپزشکی - نیمسال اول,دانشگاه علوم پزشکی شهید بهشتی - تهران
1399,تجربی,783,377,منطقه 2,پزشکی - نیمسال اول,دانشگاه علوم پزشکی مشهد
1399,تجربی,785,145,منطقه 3,پزشکی - نیمسال اول,دانشگاه علوم پزشکی شیراز
1399,تجربی,787,265,منطقه 1,پزشکی - نیمسال اول,دانشگاه علوم پزشکی اصفهان
1399,تجربی,789,266,منطقه 1,دندانپزشکی,دانشگاه علوم پزشکی البرز - کرج
1399,تجربی,789,378,منطقه 2,پزشکی - نیمسال اول,دانشگاه علوم پزشکی مشهد
1399,تجربی,793,146,منطقه 3,پزشکی - نیمسال اول,دانشگاه علوم پزشکی تبریز
1399,تجربی,795,269,منطقه 1,پزشکی - نیمسال اول,دانشگاه علوم پزشکی اصفهان
1399,تجربی,795,380,منطقه 2,پزشکی - نیمسال اول,دانشگاه علوم پزشکی تبریز
1399,تجربی,795,380,منطقه 2,پزشکی - نیمسال دوم,دانشگاه علوم پزشکی شهید بهشتی - تهران
1399,تجربی,798,271,منطقه 1,دندانپزشکی,دانشگاه علوم پزشکی تبریز
1399,تجربی,798,271,منطقه 1,پزشکی - نیمسال اول,دانشگاه علوم پزشکی اصفهان
1399,تجربی,798,271,منطقه 1,پزشکی - نیمسال اول,دانشگاه علوم پزشکی تبریز
1399,تجربی,800,382,منطقه 2,پزشکی,دانشگاه علوم پزشکی ایران
1399,تجربی,802,384,منطقه 2,پزشکی - نیمسال دوم,دانشگاه علوم پزشکی شیراز
1399,تجربی,804,79,ایثارگر-5%,پزشکی - نیمسال دوم,دانشگاه علوم پزشکی شیراز
1399,تجربی,805,148,منطقه 3,پزشکی,دانشگاه علوم پزشکی بیرجند
1399,تجربی,805,273,منطقه 1,پزشکی - نیمسال اول,دانشگاه علوم پزشکی مشهد
1399,تجربی,807,386,منطقه 2,پزشکی - نیمسال اول,دانشگاه علوم پزشکی تبریز
1399,تجربی,807,386,منطقه 2,پزشکی - نیمسال دوم,دانشگاه علوم پزشکی شیراز
1399,تجربی,809,80,ایثارگر-5%,پزشکی - نیمسال اول,دانشگاه علوم پزشکی مشهد
1399,تجربی,809,388,منطقه 2,پزشکی - نیمسال اول,دانشگاه علوم پزشکی اصفهان
1399,تجربی,812,275,منطقه 1,دندانپزشکی,دانشگاه علوم پزشکی شیراز
1399,تجربی,812,275,منطقه 1,پزشکی - نیمسال اول,دانشگاه علوم پزشکی اصفهان
1399,تجربی,812,389,منطقه 2,دندانپزشکی - نیمسال اول,دانشگاه علوم پزشکی شهید بهشتی - تهران
1399,تجربی,814,277,منطقه 1,پزشکی - نیمسال اول,دانشگاه علوم پزشکی اصفهان
1399,تجربی,814,390,منطقه 2,دندانپزشکی,دانشگاه علوم پزشکی تهران
1399,تجربی,817,391,منطقه 2,پزشکی,دانشگاه علوم پزشکی کاشان
1399,تجربی,819,149,منطقه 3,پزشکی - نیمسال اول,دانشگاه علوم پزشکی اصفهان
1399,تجربی,819,149,منطقه 3,پزشکی - نیمسال اول,دانشگاه علوم پزشکی مشهد
1399,تجربی,821,9,ایثارگر-25%,دندانپزشکی - نیمسال اول,دانشگاه علوم پزشکی شهید بهشتی - تهران
1399,تجربی,824,81,ایثارگر-5%,دندانپزشکی,دانشگاه علوم پزشکی تبریز
1399,تجربی,824,395,منطقه 2,دندانپزشکی,دانشگاه علوم پزشکی گیلان - رشت
1399,تجربی,824,395,منطقه 2,پزشکی - نیمسال دوم,دانشگاه علوم پزشکی شیراز
1399,تجربی,830,151,منطقه 3,پزشکی - نیمسال دوم,دانشگاه علوم پزشکی تبریز
1399,تجربی,830,398,منطقه 2,پزشکی - نیمسال اول,دانشگاه علوم پزشکی اصفهان
1399,تجربی,830,398,منطقه 2,پزشکی - نیمسال اول,دانشگاه علوم پزشکی گیلان - رشت
1399,تجربی,833,282,منطقه 1,پزشکی - نیمسال دوم,دانشگاه علوم پزشکی مشهد
1399,تجربی,834,152,منطقه 3,پزشکی,دانشگاه علوم پزشکی تهران
1399,تجربی,834,401,منطقه 2,پزشکی - نیمسال اول,دانشگاه علوم پزشکی اصفهان
1399,تجربی,836,153,منطقه 3,پزشکی - نیمسال اول,دانشگاه علوم پزشکی مشهد
1399,تجربی,837,82,ایثارگر-5%,پزشکی - نیمسال اول,دانشگاه علوم پزشکی مشهد
1399,تجربی,840,83,ایثارگر-5%,پزشکی - نیمسال دوم,دانشگاه علوم پزشکی شیراز
1399,تجربی,840,154,منطقه 3,پزشکی - نیمسال اول,دانشگاه علوم پزشکی اصفهان
1399,تجربی,840,402,منطقه 2,پزشکی - نیمسال دوم,دانشگاه علوم پزشکی شیراز
1399,تجربی,843,286,منطقه 1,دندانپزشکی,دانشگاه علوم پزشکی البرز - کرج
1399,تجربی,843,286,منطقه 1,پزشکی - نیمسال دوم,دانشگاه علوم پزشکی شیراز
1399,تجربی,845,84,ایثارگر-5%,پزشکی,دانشگاه علوم پزشکی ایران
1399,تجربی,847,157,منطقه 3,پزشکی - نیمسال دوم,دانشگاه علوم پزشکی شیراز
1399,تجربی,847,404,منطقه 2,دندانپزشکی,دانشگاه علوم پزشکی کاشان
1399,تجربی,851,405,منطقه 2,پزشکی - نیمسال اول,دانشگاه علوم پزشکی اصفهان
1399,تجربی,853,290,منطقه 1,پزشکی - نیمسال دوم,دانشگاه علوم پزشکی شیراز
1399,تجربی,854,10,ایثارگر-25%,پزشکی,دانشگاه علوم پزشکی تهران
1399,تجربی,854,407,منطقه 2,پزشکی - نیمسال اول,دانشگاه علوم پزشکی اصفهان
1399,تجربی,857,158,منطقه 3,پزشکی - نیمسال اول,دانشگاه علوم پزشکی مشهد
1399,تجربی,857,410,منطقه 2,پزشکی - نیمسال اول,دانشگاه علوم پزشکی تبریز
1399,تجربی,857,410,منطقه 2,پزشکی - نیمسال اول,دانشگاه علوم پزشکی مشهد
1399,تجربی,857,410,منطقه 2,پزشکی - نیمسال دوم,دانشگاه علوم پزشکی شیراز
1399,تجربی,860,291,منطقه 1,پزشکی - نیمسال اول,دانشگاه علوم پزشکی البرز - کرج
1399,تجربی,861,412,منطقه 2,پزشکی - نیمسال اول,دانشگاه علوم پزشکی مشهد
1399,تجربی,862,413,منطقه 2,پزشکی - نیمسال دوم,دانشگاه علوم پزشکی شیراز
1399,تجربی,865,159,منطقه 3,پزشکی - نیمسال اول,دانشگاه علوم پزشکی اصفهان
1399,تجربی,865,292,منطقه 1,پزشکی - نیمسال اول,دانشگاه علوم پزشکی تبریز
1399,تجربی,865,415,منطقه 2,پزشکی - نیمسال اول,دانشگاه علوم پزشکی شهرکرد
1399,تجربی,867,160,منطقه 3,پزشکی - نیمسال اول,دانشگاه علوم پزشکی همدان
1399,تجربی,867,160,منطقه 3,پزشکی - نیمسال دوم,دانشگاه علوم پزشکی شیراز
1399,تجربی,869,293,منطقه 1,پزشکی - نیمسال دوم,دانشگاه علوم پزشکی شیراز
1399,تجربی,869,416,منطقه 2,دندانپزشکی,دانشگاه علوم پزشکی قزوین
1399,تجربی,872,294,منطقه 1,پزشکی - نیمسال اول,دانشگاه علوم پزشکی تبریز
1399,تجربی,872,417,منطقه 2,پزشکی,دانشگاه علوم پزشکی ایران
1399,تجربی,872,417,منطقه 2,پزشکی - نیمسال اول,دانشگاه علوم پزشکی مشهد
1399,تجربی,874,295,منطقه 1,پزشکی - نیمسال اول,دانشگاه علوم پزشکی شهید بهشتی - تهران
1399,تجربی,876,163,منطقه 3,پزشکی - نیمسال اول,دانشگاه علوم پزشکی تبریز
1399,تجربی,879,164,منطقه 3,پزشکی - نیمسال اول,دانشگاه علوم پزشکی اصفهان
1399,تجربی,879,164,منطقه 3,پزشکی - نیمسال دوم,دانشگاه علوم پزشکی شیراز
1399,تجربی,879,296,منطقه 1,دندانپزشکی,دانشگاه علوم پزشکی تبریز
1399,تجربی,879,296,منطقه 1,پزشکی - نیمسال اول,دانشگاه علوم پزشکی شهید بهشتی - تهران
1399,تجربی,879,419,منطقه 2,پزشکی - نیمسال اول,دانشگاه علوم پزشکی مشهد
1399,تجربی,882,166,منطقه 3,پزشکی - نیمسال اول,دانشگاه علوم پزشکی مشهد
1399,تجربی,882,420,منطقه 2,پزشکی - نیمسال اول,دانشگاه علوم پزشکی تبریز
1399,تجربی,885,167,منطقه 3,پزشکی - نیمسال اول,دانشگاه علوم پزشکی مشهد
1399,تجربی,885,298,منطقه 1,پزشکی - نیمسال اول,دانشگاه علوم پزشکی مشهد
1399,تجربی,885,421,منطقه 2,دندانپزشکی,دانشگاه علوم پزشکی جندی شاپور اهواز
1399,تجربی,887,299,منطقه 1,دندانپزشکی,دانشگاه علوم پزشکی مشهد
1399,تجربی,889,300,منطقه 1,پزشکی - نیمسال دوم,دانشگاه علوم پزشکی شیراز
1399,تجربی,889,422,منطقه 2,دندانپزشکی,دانشگاه علوم پزشکی تبریز
1399,تجربی,891,168,منطقه 3,پزشکی,دانشگاه علوم پزشکی تهران
1399,تجربی,894,301,منطقه 1,پزشکی - نیمسال اول,دانشگاه علوم پزشکی مشهد
1399,تجربی,894,425,منطقه 2,پزشکی - نیمسال دوم,دانشگاه علوم پزشکی شیراز
1399,تجربی,896,169,منطقه 3,پزشکی - نیمسال اول,دانشگاه علوم پزشکی مشهد
1399,تجربی,896,427,منطقه 2,پزشکی - نیمسال اول,دانشگاه علوم پزشکی کرمانشاه
1399,تجربی,898,170,منطقه 3,پزشکی - نیمسال اول,دانشگاه علوم پزشکی اصفهان
1399,تجربی,899,428,منطقه 2,دندانپزشکی,دانشگاه علوم پزشکی اصفهان
1399,تجربی,901,172,منطقه 3,پزشکی - نیمسال اول,دانشگاه علوم پزشکی تبریز
1399,تجربی,903,429,منطقه 2,پزشکی - نیمسال اول,دانشگاه علوم پزشکی اصفهان
1399,تجربی,904,303,منطقه 1,پزشکی - نیمسال اول,دانشگاه علوم پزشکی تبریز
1399,تجربی,906,173,منطقه 3,دندانپزشکی,دانشگاه علوم پزشکی گیلان - رشت
1399,تجربی,906,431,منطقه 2,پزشکی,دانشگاه علوم پزشکی ایران
1399,تجربی,909,304,منطقه 1,پزشکی - نیمسال اول,دانشگاه علوم پزشکی مشهد
1399,تجربی,910,305,منطقه 1,پزشکی - نیمسال اول,دانشگاه علوم پزشکی تبریز
1399,تجربی,910,433,منطقه 2,پزشکی - نیمسال اول,دانشگاه علوم پزشکی لرستان - خرم آباد
1399,تجربی,912,174,منطقه 3,پزشکی,دانشگاه علوم پزشکی تهران
1399,تجربی,912,306,منطقه 1,پزشکی - نیمسال اول,دانشگاه علوم پزشکی تبریز
1399,تجربی,914,175,منطقه 3,پزشکی - نیمسال دوم,دانشگاه علوم پزشکی شیراز
1399,تجربی,915,434,منطقه 2,پزشکی - نیمسال دوم,دانشگاه علوم پزشکی مشهد
1399,تجربی,917,308,منطقه 1,پزشکی - نیمسال اول,دانشگاه علوم پزشکی تبریز
1399,تجربی,918,309,منطقه 1,دندانپزشکی,دانشگاه علوم پزشکی مشهد
1399,تجربی,918,435,منطقه 2,پزشکی - نیمسال دوم,دانشگاه علوم پزشکی شیراز
1399,تجربی,920,436,منطقه 2,پزشکی - نیمسال دوم,دانشگاه علوم پزشکی مشهد
1399,تجربی,922,310,منطقه 1,پزشکی - نیمسال دوم,دانشگاه علوم پزشکی شیراز
1399,تجربی,922,437,منطقه 2,دندانپزشکی,دانشگاه علوم پزشکی شیراز
1399,تجربی,922,437,منطقه 2,پزشکی - نیمسال دوم,دانشگاه علوم پزشکی اصفهان
1399,تجربی,925,89,ایثارگر-5%,پزشکی - نیمسال دوم,دانشگاه علوم پزشکی شیراز
1399,تجربی,927,313,منطقه 1,پزشکی - نیمسال اول,دانشگاه علوم پزشکی البرز - کرج
1399,تجربی,929,314,منطقه 1,داروسازی,دانشگاه علوم پزشکی تهران
1399,تجربی,929,314,منطقه 1,پزشکی - نیمسال اول,دانشگاه علوم پزشکی شهید بهشتی - تهران
1399,تجربی,931,176,منطقه 3,پزشکی - نیمسال دوم,دانشگاه علوم پزشکی شیراز
1399,تجربی,932,316,منطقه 1,پزشکی - نیمسال اول,دانشگاه علوم پزشکی شهید بهشتی - تهران
1399,تجربی,933,317,منطقه 1,پزشکی - نیمسال اول,دانشگاه علوم پزشکی البرز - کرج
1399,تجربی,933,441,منطقه 2,پزشکی - نیمسال دوم,دانشگاه علوم پزشکی شیراز
1399,تجربی,935,177,منطقه 3,پزشکی - نیمسال اول,دانشگاه علوم پزشکی اصفهان
1399,تجربی,935,442,منطقه 2,داروسازی,دانشگاه علوم پزشکی تهران
1399,تجربی,937,443,منطقه 2,پزشکی - نیمسال اول,دانشگاه علوم پزشکی کرمانشاه
1399,تجربی,939,90,ایثارگر-5%,پزشکی - نیمسال دوم,دانشگاه علوم پزشکی شیراز
1399,تجربی,939,444,منطقه 2,دندانپزشکی,دانشگاه علوم پزشکی مشهد
1399,تجربی,943,445,منطقه 2,پزشکی,دانشگاه علوم پزشکی ایران
1399,تجربی,944,446,منطقه 2,پزشکی - نیمسال اول,دانشگاه علوم پزشکی تبریز
1399,تجربی,946,321,منطقه 1,پزشکی - نیمسال اول,دانشگاه علوم پزشکی تبریز
1399,تجربی,948,448,منطقه 2,پزشکی,دانشگاه علوم پزشکی ایران
1399,تجربی,950,92,ایثارگر-5%,پزشکی - نیمسال اول,دانشگاه علوم پزشکی اصفهان
1399,تجربی,950,449,منطقه 2,پزشکی - نیمسال دوم,دانشگاه علوم پزشکی مشهد
1399,تجربی,952,93,ایثارگر-5%,پزشکی,دانشگاه علوم پزشکی ایران
1399,تجربی,952,324,منطقه 1,دندانپزشکی,دانشگاه علوم پزشکی شیراز
1399,تجربی,954,325,منطقه 1,پزشکی - نیمسال دوم,دانشگاه علوم پزشکی شیراز
1399,تجربی,955,180,منطقه 3,پزشکی - نیمسال اول,دانشگاه علوم پزشکی تبریز
1399,تجربی,955,451,منطقه 2,پزشکی - نیمسال اول,دانشگاه علوم پزشکی اصفهان
1399,تجربی,957,326,منطقه 1,پزشکی - نیمسال اول,دانشگاه علوم پزشکی البرز - کرج
1399,تجربی,958,327,منطقه 1,پزشکی - نیمسال دوم,دانشگاه علوم پزشکی اصفهان
1399,تجربی,958,327,منطقه 1,پزشکی - نیمسال دوم,دانشگاه علوم پزشکی تبریز
1399,تجربی,960,329,منطقه 1,پزشکی - نیمسال اول,دانشگاه علوم پزشکی شهید بهشتی - تهران
1399,تجربی,961,330,منطقه 1,دندانپزشکی,دانشگاه علوم پزشکی مشهد
1399,تجربی,962,452,منطقه 2,پزشکی - نیمسال دوم,دانشگاه علوم پزشکی شیراز
1399,تجربی,964,332,منطقه 1,پزشکی - نیمسال دوم,دانشگاه علوم پزشکی تبریز
1399,تجربی,964,453,منطقه 2,دندانپزشکی,دانشگاه علوم پزشکی البرز - کرج
1399,تجربی,966,181,منطقه 3,پزشکی - نیمسال دوم,دانشگاه علوم پزشکی اصفهان
1399,تجربی,966,333,منطقه 1,پزشکی - نیمسال دوم,دانشگاه علوم پزشکی شهید بهشتی - تهران
1399,تجربی,970,11,ایثارگر-25%,دندانپزشکی,دانشگاه علوم پزشکی اصفهان
1399,تجربی,970,94,ایثارگر-5%,پزشکی - نیمسال اول,دانشگاه علوم پزشکی تبریز
1399,تجربی,970,334,منطقه 1,پزشکی - نیمسال اول,دانشگاه علوم پزشکی البرز - کرج
1399,تجربی,970,455,منطقه 2,پزشکی - نیمسال اول,دانشگاه علوم پزشکی تبریز
1399,تجربی,970,455,منطقه 2,پزشکی - نیمسال دوم,دانشگاه علوم پزشکی مازندران - ساری
1399,تجربی,974,336,منطقه 1,دندانپزشکی,دانشگاه علوم پزشکی مشهد
1399,تجربی,976,182,منطقه 3,پزشکی - نیمسال اول,دانشگاه علوم پزشکی تبریز
1399,تجربی,976,458,منطقه 2,پزشکی - نیمسال دوم,دانشگاه علوم پزشکی شیراز
1399,تجربی,978,338,منطقه 1,پزشکی - نیمسال اول,دانشگاه علوم پزشکی تبریز
1399,تجربی,979,339,منطقه 1,پزشکی - نیمسال اول,دانشگاه علوم پزشکی البرز - کرج
1399,تجربی,982,183,منطقه 3,پزشکی - نیمسال دوم,دانشگاه علوم پزشکی شیراز
1399,تجربی,983,460,منطقه 2,پزشکی,دانشگاه علوم پزشکی بابل
1399,تجربی,985,184,منطقه 3,پزشکی - نیمسال دوم,دانشگاه علوم پزشکی شیراز
1399,تجربی,986,461,منطقه 2,پزشکی,دانشگاه علوم پزشکی بابل
1399,تجربی,986,461,منطقه 2,پزشکی,دانشگاه علوم پزشکی گلستان - گرگان
1399,تجربی,988,463,منطقه 2,پزشکی,دانشگاه علوم پزشکی ایران
1399,تجربی,988,463,منطقه 2,پزشکی - نیمسال اول,دانشگاه علوم پزشکی تبریز
1399,تجربی,990,342,منطقه 1,پزشکی - نیمسال دوم,دانشگاه علوم پزشکی مشهد
1399,تجربی,992,185,منطقه 3,پزشکی - نیمسال دوم,دانشگاه علوم پزشکی شیراز
1399,تجربی,995,466,منطقه 2,پزشکی,دانشگاه علوم پزشکی بابل
1399,تجربی,995,466,منطقه 2,پزشکی - نیمسال اول,دانشگاه علوم پزشکی قم
1399,تجربی,997,468,منطقه 2,دندانپزشکی,دانشگاه علوم پزشکی اصفهان
1399,تجربی,998,345,منطقه 1,دندانپزشکی,دانشگاه علوم پزشکی تبریز
1399,تجربی,998,345,منطقه 1,دندانپزشکی,دانشگاه علوم پزشکی شیراز
1399,تجربی,1000,469,منطقه 2,پزشکی - نیمسال دوم,دانشگاه علوم پزشکی شیراز
1399,تجربی,1002,97,ایثارگر-5%,پزشکی - نیمسال اول,دانشگاه علوم پزشکی تبریز
1399,تجربی,1003,186,منطقه 3,پزشکی - نیمسال دوم,دانشگاه علوم پزشکی اصفهان
1399,تجربی,1003,471,منطقه 2,پزشکی - نیمسال دوم,دانشگاه علوم پزشکی مشهد
1399,تجربی,1006,473,منطقه 2,دندانپزشکی,دانشگاه علوم پزشکی مشهد
1399,تجربی,1006,473,منطقه 2,پزشکی,دانشگاه علوم پزشکی ایران
1399,تجربی,1008,475,منطقه 2,پزشکی,دانشگاه علوم پزشکی ایران
1399,تجربی,1011,349,منطقه 1,پزشکی - نیمسال اول,دانشگاه علوم پزشکی البرز - کرج
1399,تجربی,1011,349,منطقه 1,پزشکی - نیمسال دوم,دانشگاه علوم پزشکی شیراز
1399,تجربی,1011,476,منطقه 2,پزشکی - نیمسال اول,دانشگاه علوم پزشکی زاهدان
1399,تجربی,1013,98,ایثارگر-5%,دندانپزشکی,دانشگاه علوم پزشکی جندی شاپور اهواز
1399,تجربی,1013,351,منطقه 1,پزشکی - نیمسال اول,دانشگاه علوم پزشکی تبریز
1399,تجربی,1015,478,منطقه 2,پزشکی - نیمسال دوم,دانشگاه علوم پزشکی اصفهان
1399,تجربی,1018,99,ایثارگر-5%,پزشکی - نیمسال اول,دانشگاه علوم پزشکی تبریز
1399,تجربی,1020,100,ایثارگر-5%,پزشکی - نیمسال دوم,دانشگاه علوم پزشکی شیراز
1399,تجربی,1020,479,منطقه 2,دندانپزشکی,دانشگاه علوم پزشکی اصفهان
1399,تجربی,1025,481,منطقه 2,پزشکی,دانشگاه علوم پزشکی ایران
1399,تجربی,1025,481,منطقه 2,پزشکی - نیمسال اول,دانشگاه علوم پزشکی همدان
1399,تجربی,1027,190,منطقه 3,پزشکی - نیمسال اول,دانشگاه علوم پزشکی البرز - کرج
1399,تجربی,1028,356,منطقه 1,پزشکی - نیمسال دوم,دانشگاه علوم پزشکی شیراز
1399,تجربی,1029,483,منطقه 2,پزشکی - نیمسال دوم,دانشگاه علوم پزشکی شیراز
1399,تجربی,1032,357,منطقه 1,پزشکی - نیمسال دوم,دانشگاه علوم پزشکی مشهد
1399,تجربی,1032,485,منطقه 2,پزشکی - نیمسال دوم,دانشگاه علوم پزشکی اصفهان
1399,تجربی,1036,192,منطقه 3,پزشکی - نیمسال اول,دانشگاه علوم پزشکی همدان
1399,تجربی,1036,486,منطقه 2,پزشکی - نیمسال اول,دانشگاه علوم پزشکی ارومیه
1399,تجربی,1036,486,منطقه 2,پزشکی - نیمسال اول,دانشگاه علوم پزشکی تبریز
1399,تجربی,1041,193,منطقه 3,پزشکی - نیمسال دوم,دانشگاه علوم پزشکی شیراز
1399,تجربی,1041,361,منطقه 1,دندانپزشکی,دانشگاه علوم پزشکی تبریز
1399,تجربی,1043,362,منطقه 1,پزشکی - نیمسال اول,دانشگاه علوم پزشکی تبریز
1399,تجربی,1044,194,منطقه 3,پزشکی,دانشگاه علوم پزشکی تهران
1399,تجربی,1044,489,منطقه 2,پزشکی - نیمسال دوم,دانشگاه علوم پزشکی شیراز
1399,تجربی,1047,195,منطقه 3,پزشکی - نیمسال دوم,دانشگاه علوم پزشکی شیراز
1399,تجربی,1047,363,منطقه 1,پزشکی - نیمسال دوم,دانشگاه علوم پزشکی اصفهان
1399,تجربی,1047,490,منطقه 2,دندانپزشکی,دانشگاه علوم پزشکی شیراز
1399,تجربی,1050,196,منطقه 3,پزشکی,دانشگاه علوم پزشکی تهران
1399,تجربی,1050,364,منطقه 1,پزشکی - نیمسال دوم,دانشگاه علوم پزشکی شهید بهشتی - تهران
1399,تجربی,1050,491,منطقه 2,دندانپزشکی,دانشگاه علوم پزشکی اصفهان
1399,تجربی,1050,491,منطقه 2,پزشکی - نیمسال دوم,دانشگاه علوم پزشکی مشهد
1399,تجربی,1053,365,منطقه 1,پزشکی - نیمسال دوم,دانشگاه علوم پزشکی شیراز
1399,تجربی,1055,103,ایثارگر-5%,پزشکی - نیمسال دوم,دانشگاه علوم پزشکی شیراز
1399,تجربی,1055,197,منطقه 3,پزشکی,دانشگاه علوم پزشکی تهران
1399,تجربی,1057,493,منطقه 2,پزشکی,دانشگاه علوم پزشکی ایران
1399,تجربی,1058,199,منطقه 3,پزشکی,دانشگاه علوم پزشکی تهران
1399,تجربی,1058,494,منطقه 2,دندانپزشکی,دانشگاه علوم پزشکی مشهد
1399,تجربی,1061,496,منطقه 2,دندانپزشکی,دانشگاه علوم پزشکی شیراز
1399,تجربی,1061,496,منطقه 2,پزشکی,دانشگاه علوم پزشکی ایران
1399,تجربی,1066,104,ایثارگر-5%,دندانپزشکی,دانشگاه علوم پزشکی اصفهان
1399,تجربی,1066,200,منطقه 3,پزشکی - نیمسال اول,دانشگاه علوم پزشکی تبریز
1399,تجربی,1066,499,منطقه 2,پزشکی,دانشگاه علوم پزشکی ایران
1399,تجربی,1066,499,منطقه 2,پزشکی - نیمسال اول,دانشگاه علوم پزشکی کرمانشاه
1399,تجربی,1071,203,منطقه 3,پزشکی - نیمسال اول,دانشگاه علوم پزشکی تبریز
1399,تجربی,1071,203,منطقه 3,پزشکی - نیمسال دوم,دانشگاه علوم پزشکی شیراز
1399,تجربی,1073,105,ایثارگر-5%,پزشکی - نیمسال دوم,دانشگاه علوم پزشکی شیراز
1399,تجربی,1073,205,منطقه 3,پزشکی - نیمسال دوم,دانشگاه علوم پزشکی شیراز
1399,تجربی,1077,503,منطقه 2,پزشکی - نیمسال اول,دانشگاه علوم پزشکی تبریز
1399,تجربی,1077,503,منطقه 2,پزشکی - نیمسال اول,دانشگاه علوم پزشکی مازندران - ساری
1399,تجربی,1077,503,منطقه 2,پزشکی - نیمسال دوم,دانشگاه علوم پزشکی اصفهان
1399,تجربی,1080,106,ایثارگر-5%,پزشکی - نیمسال دوم,دانشگاه علوم پزشکی شیراز
1399,تجربی,1080,369,منطقه 1,دندانپزشکی,دانشگاه علوم پزشکی شیراز
1399,تجربی,1080,505,منطقه 2,پزشکی - نیمسال دوم,دانشگاه علوم پزشکی شیراز
1399,تجربی,1084,371,منطقه 1,پزشکی - نیمسال دوم,دانشگاه علوم پزشکی شیراز
1399,تجربی,1084,507,منطقه 2,پزشکی,دانشگاه علوم پزشکی ایران
1399,تجربی,1084,507,منطقه 2,پزشکی - نیمسال دوم,دانشگاه علوم پزشکی شیراز
1399,تجربی,1087,372,منطقه 1,پزشکی - نیمسال دوم,دانشگاه علوم پزشکی اصفهان
1399,تجربی,1090,207,منطقه 3,پزشکی - نیمسال دوم,دانشگاه علوم پزشکی مشهد
1399,تجربی,1090,511,منطقه 2,پزشکی,دانشگاه علوم پزشکی بابل
1399,تجربی,1092,513,منطقه 2,پزشکی - نیمسال اول,دانشگاه علوم پزشکی تبریز
1399,تجربی,1096,107,ایثارگر-5%,داروسازی,دانشگاه علوم پزشکی تهران
1399,تجربی,1096,208,منطقه 3,پزشکی - نیمسال دوم,دانشگاه علوم پزشکی اصفهان
1399,تجربی,1096,208,منطقه 3,پزشکی - نیمسال دوم,دانشگاه علوم پزشکی شیراز
1399,تجربی,1096,514,منطقه 2,دندانپزشکی,دانشگاه علوم پزشکی مشهد
1399,تجربی,1096,514,منطقه 2,پزشکی - نیمسال دوم,دانشگاه علوم پزشکی شیراز
1399,تجربی,1099,516,منطقه 2,پزشکی - نیمسال اول,دانشگاه علوم پزشکی تبریز
1399,تجربی,1101,210,منطقه 3,پزشکی - نیمسال دوم,دانشگاه علوم پزشکی شیراز
1399,تجربی,1101,375,منطقه 1,پزشکی - نیمسال دوم,دانشگاه علوم پزشکی مشهد
1399,تجربی,1103,108,ایثارگر-5%,پزشکی - نیمسال اول,دانشگاه علوم پزشکی جندی شاپور اهواز
1399,تجربی,1106,109,ایثارگر-5%,پزشکی,دانشگاه علوم پزشکی یزد
1399,تجربی,1106,211,منطقه 3,پزشکی,دانشگاه علوم پزشکی تهران
1399,تجربی,1106,520,منطقه 2,دندانپزشکی,دانشگاه علوم پزشکی بابل
1399,تجربی,1106,520,منطقه 2,پزشکی,دانشگاه علوم پزشکی بابل
1399,تجربی,1110,212,منطقه 3,پزشکی - نیمسال دوم,دانشگاه علوم پزشکی مشهد
1399,تجربی,1112,214,منطقه 3,پزشکی - نیمسال اول,دانشگاه علوم پزشکی کرمانشاه
1399,تجربی,1115,215,منطقه 3,پزشکی - نیمسال اول,دانشگاه علوم پزشکی تبریز
1399,تجربی,1115,377,منطقه 1,پزشکی,دانشگاه علوم پزشکی قزوین
1399,تجربی,1115,523,منطقه 2,پزشکی - نیمسال اول,دانشگاه علوم پزشکی البرز - کرج
1399,تجربی,1115,523,منطقه 2,پزشکی - نیمسال اول,دانشگاه علوم پزشکی گیلان - رشت
1399,تجربی,1118,525,منطقه 2,پزشکی - نیمسال اول,دانشگاه علوم پزشکی مازندران - ساری
1399,تجربی,1121,216,منطقه 3,دندانپزشکی,دانشگاه علوم پزشکی مشهد
1399,تجربی,1121,379,منطقه 1,دندانپزشکی,دانشگاه علوم پزشکی اصفهان
1399,تجربی,1121,379,منطقه 1,پزشکی - نیمسال اول,دانشگاه علوم پزشکی البرز - کرج
1399,تجربی,1124,528,منطقه 2,پزشکی - نیمسال دوم,دانشگاه علوم پزشکی شیراز
1399,تجربی,1124,528,منطقه 2,پزشکی - نیمسال دوم,دانشگاه علوم پزشکی مشهد
1399,تجربی,1126,111,ایثارگر-5%,دندانپزشکی,دانشگاه علوم پزشکی مشهد
1399,تجربی,1127,381,منطقه 1,دندانپزشکی,دانشگاه علوم پزشکی اصفهان
1399,تجربی,1127,381,منطقه 1,پزشکی - نیمسال اول,دانشگاه علوم پزشکی تبریز
1399,تجربی,1129,217,منطقه 3,پزشکی - نیمسال اول,دانشگاه علوم پزشکی تبریز
1399,تجربی,1129,531,منطقه 2,داروسازی,دانشگاه علوم پزشکی تهران
1399,تجربی,1132,112,ایثارگر-5%,پزشکی - نیمسال دوم,دانشگاه علوم پزشکی شیراز
1399,تجربی,1132,532,منطقه 2,پزشکی - نیمسال دوم,دانشگاه علوم پزشکی مشهد
1399,تجربی,1134,218,منطقه 3,پزشکی - نیمسال اول,دانشگاه علوم پزشکی تبریز
1399,تجربی,1138,534,منطقه 2,داروسازی,دانشگاه علوم پزشکی تهران
1399,تجربی,1138,534,منطقه 2,پزشکی - نیمسال اول,دانشگاه علوم پزشکی البرز - کرج
1399,تجربی,1140,536,منطقه 2,دندانپزشکی,دانشگاه علوم پزشکی بابل
1399,تجربی,1144,220,منطقه 3,پزشکی - نیمسال اول,دانشگاه علوم پزشکی شهید بهشتی - تهران
1399,تجربی,1144,538,منطقه 2,پزشکی - نیمسال دوم,دانشگاه علوم پزشکی اصفهان
1399,تجربی,1146,540,منطقه 2,دندانپزشکی,دانشگاه علوم پزشکی اصفهان
1399,تجربی,1151,542,منطقه 2,پزشکی,دانشگاه علوم پزشکی بابل
1399,تجربی,1153,221,منطقه 3,پزشکی,دانشگاه علوم پزشکی گلستان - گرگان
1399,تجربی,1153,390,منطقه 1,پزشکی - نیمسال دوم,دانشگاه علوم پزشکی مشهد
1399,تجربی,1157,115,ایثارگر-5%,پزشکی - نیمسال اول,دانشگاه علوم پزشکی شهید بهشتی - تهران
1399,تجربی,1157,544,منطقه 2,دندانپزشکی,دانشگاه علوم پزشکی جندی شاپور اهواز
1399,تجربی,1157,544,منطقه 2,دندانپزشکی,دانشگاه علوم پزشکی مشهد
1399,تجربی,1159,116,ایثارگر-5%,پزشکی - نیمسال دوم,دانشگاه علوم پزشکی مشهد
1399,تجربی,1160,222,منطقه 3,پزشکی - نیمسال دوم,دانشگاه علوم پزشکی مشهد
1399,تجربی,1162,117,ایثارگر-5%,پزشکی - نیمسال اول,دانشگاه علوم پزشکی تبریز
1399,تجربی,1162,394,منطقه 1,داروسازی,دانشگاه علوم پزشکی تهران
1399,تجربی,1165,118,ایثارگر-5%,پزشکی - نیمسال اول,دانشگاه علوم پزشکی تبریز
1399,تجربی,1165,547,منطقه 2,پزشکی - نیمسال دوم,دانشگاه علوم پزشکی شهید بهشتی - تهران
1399,تجربی,1168,548,منطقه 2,پزشکی - نیمسال دوم,دانشگاه علوم پزشکی ارومیه
1399,تجربی,1170,397,منطقه 1,داروسازی,دانشگاه علوم پزشکی تهران
1399,تجربی,1172,225,منطقه 3,پزشکی,دانشگاه علوم پزشکی بابل
1399,تجربی,1172,550,منطقه 2,پزشکی - نیمسال دوم,دانشگاه علوم پزشکی مشهد
1399,تجربی,1174,226,منطقه 3,پزشکی - نیمسال اول,دانشگاه علوم پزشکی تبریز
1399,تجربی,1174,226,منطقه 3,پزشکی - نیمسال اول,دانشگاه علوم پزشکی شهید بهشتی - تهران
1399,تجربی,1177,400,منطقه 1,دندانپزشکی,دانشگاه علوم پزشکی مشهد
1399,تجربی,1177,400,منطقه 1,پزشکی - نیمسال دوم,دانشگاه علوم پزشکی اصفهان
1399,تجربی,1177,400,منطقه 1,پزشکی - نیمسال دوم,دانشگاه علوم پزشکی مشهد
1399,تجربی,1180,120,ایثارگر-5%,پزشکی - نیمسال اول,دانشگاه علوم پزشکی اصفهان
1399,تجربی,1180,552,منطقه 2,پزشکی - نیمسال اول,دانشگاه علوم پزشکی تبریز
1399,تجربی,1184,402,منطقه 1,پزشکی - نیمسال دوم,دانشگاه علوم پزشکی تبریز
1399,تجربی,1184,555,منطقه 2,پزشکی - نیمسال اول,دانشگاه علوم پزشکی گیلان - رشت
1399,تجربی,1184,555,منطقه 2,پزشکی - نیمسال دوم,دانشگاه علوم پزشکی مشهد
1399,تجربی,1186,228,منطقه 3,دندانپزشکی,دانشگاه علوم پزشکی تبریز
1399,تجربی,1189,403,منطقه 1,پزشکی - نیمسال دوم,دانشگاه علوم پزشکی مشهد
1399,تجربی,1189,557,منطقه 2,پزشکی,دانشگاه علوم پزشکی بابل
1399,تجربی,1189,557,منطقه 2,پزشکی - نیمسال اول,دانشگاه علوم پزشکی قم
1399,تجربی,1191,230,منطقه 3,دندانپزشکی,دانشگاه علوم پزشکی شیراز
1399,تجربی,1194,231,منطقه 3,پزشکی - نیمسال دوم,دانشگاه علوم پزشکی مشهد
1399,تجربی,1194,560,منطقه 2,دندانپزشکی,دانشگاه علوم پزشکی البرز - کرج
1399,تجربی,1194,560,منطقه 2,پزشکی - نیمسال دوم,دانشگاه علوم پزشکی شیراز
1399,تجربی,1199,405,منطقه 1,داروسازی,دانشگاه علوم پزشکی تهران
1399,تجربی,1199,562,منطقه 2,دندانپزشکی,دانشگاه علوم پزشکی گیلان - رشت
1399,تجربی,1201,563,منطقه 2,پزشکی - نیمسال دوم,دانشگاه علوم پزشکی شیراز
1399,تجربی,1201,563,منطقه 2,پزشکی - نیمسال دوم,دانشگاه علوم پزشکی مشهد
1399,تجربی,1204,407,منطقه 1,پزشکی - نیمسال اول,دانشگاه علوم پزشکی تبریز
1399,تجربی,1204,565,منطقه 2,دندانپزشکی,دانشگاه علوم پزشکی تبریز
1399,تجربی,1206,409,منطقه 1,دندانپزشکی,دانشگاه علوم پزشکی البرز - کرج
1399,تجربی,1208,410,منطقه 1,پزشکی - نیمسال دوم,دانشگاه علوم پزشکی مشهد
1399,تجربی,1211,411,منطقه 1,دندانپزشکی,دانشگاه علوم پزشکی مشهد
1399,تجربی,1211,411,منطقه 1,پزشکی,دانشگاه علوم پزشکی بیرجند
1399,تجربی,1211,568,منطقه 2,پزشکی - نیمسال دوم,دانشگاه علوم پزشکی مشهد
1399,تجربی,1216,233,منطقه 3,پزشکی - نیمسال اول,دانشگاه علوم پزشکی گیلان - رشت
1399,تجربی,1216,414,منطقه 1,دندانپزشکی,دانشگاه علوم پزشکی شیراز
1399,تجربی,1218,122,ایثارگر-5%,پزشکی - نیمسال اول,دانشگاه علوم پزشکی تبریز
1399,تجربی,1219,236,منطقه 3,پزشکی - نیمسال اول,دانشگاه علوم پزشکی تبریز
1399,تجربی,1221,415,منطقه 1,پزشکی - نیمسال دوم,دانشگاه علوم پزشکی شهید بهشتی - تهران
1399,تجربی,1221,570,منطقه 2,پزشکی - نیمسال اول,دانشگاه علوم پزشکی مازندران - ساری
1399,تجربی,1223,237,منطقه 3,پزشکی - نیمسال دوم,دانشگاه علوم پزشکی شیراز
1399,تجربی,1223,572,منطقه 2,پزشکی - نیمسال دوم,دانشگاه علوم پزشکی اصفهان
1399,تجربی,1226,417,منطقه 1,دندانپزشکی,دانشگاه علوم پزشکی شیراز
1399,تجربی,1226,417,منطقه 1,پزشکی,دانشگاه علوم پزشکی یزد
1399,تجربی,1226,417,منطقه 1,پزشکی - نیمسال دوم,دانشگاه علوم پزشکی مشهد
1399,تجربی,1226,573,منطقه 2,پزشکی - نیمسال اول,دانشگاه علوم پزشکی شهید بهشتی - تهران
1399,تجربی,1229,419,منطقه 1,داروسازی,دانشگاه علوم پزشکی مشهد
1399,تجربی,1230,420,منطقه 1,پزشکی - نیمسال دوم,دانشگاه علوم پزشکی شیراز
1399,تجربی,1232,123,ایثارگر-5%,پزشکی - نیمسال دوم,دانشگاه علوم پزشکی اصفهان
1399,تجربی,1232,238,منطقه 3,دندانپزشکی,دانشگاه علوم پزشکی شیراز
1399,تجربی,1234,422,منطقه 1,پزشکی - نیمسال دوم,دانشگاه علوم پزشکی مشهد
1399,تجربی,1234,575,منطقه 2,پزشکی - نیمسال اول,دانشگاه علوم پزشکی همدان
1399,تجربی,1238,239,منطقه 3,پزشکی - نیمسال دوم,دانشگاه علوم پزشکی شیراز
1399,تجربی,1238,239,منطقه 3,پزشکی - نیمسال دوم,دانشگاه علوم پزشکی مشهد
1399,تجربی,1238,423,منطقه 1,داروسازی,دانشگاه علوم پزشکی تهران
1399,تجربی,1238,577,منطقه 2,دندانپزشکی,دانشگاه علوم پزشکی شیراز
1399,تجربی,1238,577,منطقه 2,دندانپزشکی,دانشگاه علوم پزشکی مازندران - ساری
1399,تجربی,1238,577,منطقه 2,پزشکی - نیمسال دوم,دانشگاه علوم پزشکی مشهد
1399,تجربی,1243,124,ایثارگر-5%,پزشکی - نیمسال دوم,دانشگاه علوم پزشکی مشهد
1399,تجربی,1243,241,منطقه 3,پزشکی - نیمسال دوم,دانشگاه علوم پزشکی تبریز
1399,تجربی,1243,579,منطقه 2,پزشکی - نیمسال دوم,دانشگاه علوم پزشکی شیراز
1399,تجربی,1247,582,منطقه 2,پزشکی - نیمسال دوم,دانشگاه علوم پزشکی تبریز
1399,تجربی,1249,584,منطقه 2,دندانپزشکی,دانشگاه علوم پزشکی اصفهان
1399,تجربی,1252,242,منطقه 3,پزشکی - نیمسال اول,دانشگاه علوم پزشکی شهید بهشتی - تهران
1399,تجربی,1252,242,منطقه 3,پزشکی - نیمسال دوم,دانشگاه علوم پزشکی تبریز
1399,تجربی,1252,426,منطقه 1,داروسازی,دانشگاه علوم پزشکی تهران
1399,تجربی,1252,426,منطقه 1,دندانپزشکی,دانشگاه علوم پزشکی تبریز
1399,تجربی,1252,426,منطقه 1,پزشکی - نیمسال دوم,دانشگاه علوم پزشکی شیراز
1399,تجربی,1252,585,منطقه 2,پزشکی - نیمسال دوم,دانشگاه علوم پزشکی تبریز
1399,تجربی,1256,428,منطقه 1,پزشکی - نیمسال دوم,دانشگاه علوم پزشکی مشهد
1399,تجربی,1258,586,منطقه 2,دندانپزشکی,دانشگاه علوم پزشکی اردبیل
1399,تجربی,1258,586,منطقه 2,پزشکی,دانشگاه علوم پزشکی یزد
1399,تجربی,1260,588,منطقه 2,پزشکی - نیمسال دوم,دانشگاه علوم پزشکی شیراز
1399,تجربی,1261,589,منطقه 2,پزشکی - نیمسال دوم,دانشگاه علوم پزشکی اصفهان
1399,تجربی,1262,126,ایثارگر-5%,پزشکی - نیمسال دوم,دانشگاه علوم پزشکی مشهد
1399,تجربی,1262,590,منطقه 2,دندانپزشکی,دانشگاه علوم پزشکی البرز - کرج
1399,تجربی,1266,246,منطقه 3,پزشکی - نیمسال دوم,دانشگاه علوم پزشکی شیراز
1399,تجربی,1266,591,منطقه 2,پزشکی - نیمسال دوم,دانشگاه علوم پزشکی تبریز
1399,تجربی,1269,128,ایثارگر-5%,پزشکی - نیمسال دوم,دانشگاه علوم پزشکی تبریز
1399,تجربی,1269,592,منطقه 2,پزشکی,دانشگاه علوم پزشکی گلستان - گرگان
1399,تجربی,1273,247,منطقه 3,پزشکی - نیمسال دوم,دانشگاه علوم پزشکی شیراز
1399,تجربی,1273,432,منطقه 1,دندانپزشکی,دانشگاه علوم پزشکی تبریز
1399,تجربی,1273,594,منطقه 2,داروسازی,دانشگاه علوم پزشکی تهران
1399,تجربی,1273,594,منطقه 2,پزشکی - نیمسال دوم,دانشگاه علوم پزشکی شیراز
1399,تجربی,1276,248,منطقه 3,دندانپزشکی,دانشگاه علوم پزشکی اصفهان
1399,تجربی,1276,248,منطقه 3,پزشکی - نیمسال دوم,دانشگاه علوم پزشکی شیراز
1399,تجربی,1279,250,منطقه 3,پزشکی - نیمسال دوم,دانشگاه علوم پزشکی تبریز
1399,تجربی,1279,596,منطقه 2,پزشکی,دانشگاه علوم پزشکی زنجان
1399,تجربی,1279,596,منطقه 2,پزشکی - نیمسال اول,دانشگاه علوم پزشکی جندی شاپور اهواز
1399,تجربی,1282,251,منطقه 3,پزشکی - نیمسال دوم,دانشگاه علوم پزشکی اصفهان
1399,تجربی,1284,598,منطقه 2,پزشکی - نیمسال اول,دانشگاه علوم پزشکی گیلان - رشت
1399,تجربی,1286,437,منطقه 1,داروسازی,دانشگاه علوم پزشکی تهران
1399,تجربی,1290,600,منطقه 2,پزشکی - نیمسال اول,دانشگاه علوم پزشکی البرز - کرج
1399,تجربی,1290,600,منطقه 2,پزشکی - نیمسال اول,دانشگاه علوم پزشکی کردستان - سنندج
1399,تجربی,1290,600,منطقه 2,پزشکی - نیمسال دوم,دانشگاه علوم پزشکی مشهد
1399,تجربی,1293,603,منطقه 2,پزشکی,دانشگاه علوم پزشکی یزد
1399,تجربی,1295,252,منطقه 3,پزشکی - نیمسال دوم,دانشگاه علوم پزشکی اصفهان
1399,تجربی,1298,606,منطقه 2,پزشکی - نیمسال اول,دانشگاه علوم پزشکی جندی شاپور اهواز
1399,تجربی,1298,606,منطقه 2,پزشکی - نیمسال اول,دانشگاه علوم پزشکی گیلان - رشت
1399,تجربی,1298,606,منطقه 2,پزشکی - نیمسال دوم,دانشگاه علوم پزشکی اصفهان
1399,تجربی,1301,131,ایثارگر-5%,پزشکی - نیمسال اول,دانشگاه علوم پزشکی البرز - کرج
1399,تجربی,1303,253,منطقه 3,پزشکی - نیمسال دوم,دانشگاه علوم پزشکی اصفهان
1399,تجربی,1303,443,منطقه 1,پزشکی - نیمسال دوم,دانشگاه علوم پزشکی اصفهان
1399,تجربی,1305,444,منطقه 1,پزشکی - نیمسال دوم,دانشگاه علوم پزشکی اصفهان
1399,تجربی,1307,446,منطقه 1,دندانپزشکی,دانشگاه علوم پزشکی البرز - کرج
1399,تجربی,1307,446,منطقه 1,پزشکی,دانشگاه علوم پزشکی یزد
1399,تجربی,1307,446,منطقه 1,پزشکی - نیمسال دوم,دانشگاه علوم پزشکی اصفهان
1399,تجربی,1307,609,منطقه 2,پزشکی - نیمسال دوم,دانشگاه علوم پزشکی مشهد
1399,تجربی,1311,254,منطقه 3,پزشکی - نیمسال دوم,دانشگاه علوم پزشکی تبریز
1399,تجربی,1311,448,منطقه 1,پزشکی - نیمسال دوم,دانشگاه علوم پزشکی اصفهان
1399,تجربی,1311,610,منطقه 2,پزشکی,دانشگاه علوم پزشکی یزد
1399,تجربی,1314,612,منطقه 2,دندانپزشکی,دانشگاه علوم پزشکی تبریز
1399,تجربی,1314,612,منطقه 2,دندانپزشکی - نیمسال اول,دانشگاه علوم پزشکی شهید بهشتی - تهران
1399,تجربی,1314,612,منطقه 2,پزشکی - نیمسال دوم,دانشگاه علوم پزشکی اصفهان
1399,تجربی,1316,614,منطقه 2,پزشکی - نیمسال دوم,دانشگاه علوم پزشکی اصفهان
1399,تجربی,1318,255,منطقه 3,پزشکی - نیمسال دوم,دانشگاه علوم پزشکی اصفهان
1399,تجربی,1320,451,منطقه 1,پزشکی - نیمسال دوم,دانشگاه علوم پزشکی تبریز
1399,تجربی,1320,615,منطقه 2,دندانپزشکی,دانشگاه علوم پزشکی تبریز
1399,تجربی,1322,256,منطقه 3,پزشکی - نیمسال دوم,دانشگاه علوم پزشکی تبریز
1399,تجربی,1322,616,منطقه 2,پزشکی - نیمسال اول,دانشگاه علوم پزشکی البرز - کرج
1399,تجربی,1325,617,منطقه 2,دندانپزشکی,دانشگاه علوم پزشکی مازندران - ساری
1399,تجربی,1325,617,منطقه 2,پزشکی - نیمسال اول,دانشگاه علوم پزشکی گیلان - رشت
1399,تجربی,1327,619,منطقه 2,پزشکی - نیمسال دوم,دانشگاه علوم پزشکی اصفهان
1399,تجربی,1329,132,ایثارگر-5%,پزشکی - نیمسال اول,دانشگاه علوم پزشکی مازندران - ساری
1399,تجربی,1329,452,منطقه 1,دندانپزشکی,دانشگاه علوم پزشکی تبریز
1399,تجربی,1329,620,منطقه 2,پزشکی - نیمسال دوم,دانشگاه علوم پزشکی مشهد
1399,تجربی,1333,258,منطقه 3,پزشکی - نیمسال اول,دانشگاه علوم پزشکی اصفهان
1399,تجربی,1333,258,منطقه 3,پزشکی - نیمسال دوم,دانشگاه علوم پزشکی اصفهان
1399,تجربی,1333,453,منطقه 1,دندانپزشکی,دانشگاه علوم پزشکی تبریز
1399,تجربی,1333,622,منطقه 2,پزشکی,دانشگاه علوم پزشکی اردبیل
1399,تجربی,1337,454,منطقه 1,پزشکی - نیمسال دوم,دانشگاه علوم پزشکی تبریز
1399,تجربی,1337,624,منطقه 2,پزشکی - نیمسال دوم,دانشگاه علوم پزشکی اصفهان
1399,تجربی,1339,455,منطقه 1,پزشکی - نیمسال دوم,دانشگاه علوم پزشکی اصفهان
1399,تجربی,1342,134,ایثارگر-5%,پزشکی - نیمسال دوم,دانشگاه علوم پزشکی مشهد
1399,تجربی,1342,260,منطقه 3,دندانپزشکی,دانشگاه علوم پزشکی تبریز
1399,تجربی,1344,628,منطقه 2,پزشکی,دانشگاه علوم پزشکی زنجان
1399,تجربی,1345,629,منطقه 2,پزشکی - نیمسال دوم,دانشگاه علوم پزشکی مشهد
1399,تجربی,1346,630,منطقه 2,پزشکی - نیمسال اول,دانشگاه علوم پزشکی مازندران - ساری
1399,تجربی,1348,262,منطقه 3,پزشکی - نیمسال دوم,دانشگاه علوم پزشکی اصفهان
1399,تجربی,1348,631,منطقه 2,دندانپزشکی,دانشگاه علوم پزشکی ارومیه
1399,تجربی,1350,632,منطقه 2,پزشکی,دانشگاه علوم پزشکی بابل
1399,تجربی,1352,633,منطقه 2,دندانپزشکی,دانشگاه علوم پزشکی قزوین
1399,تجربی,1352,633,منطقه 2,پزشکی,دانشگاه علوم پزشکی بابل
1399,تجربی,1354,635,منطقه 2,پزشکی - نیمسال اول,دانشگاه علوم پزشکی البرز - کرج
1399,تجربی,1355,636,منطقه 2,پزشکی - نیمسال اول,دانشگاه علوم پزشکی البرز - کرج
1399,تجربی,1359,267,منطقه 3,پزشکی - نیمسال اول,دانشگاه علوم پزشکی کرمانشاه
1399,تجربی,1359,267,منطقه 3,پزشکی - نیمسال دوم,دانشگاه علوم پزشکی تبریز
1399,تجربی,1359,637,منطقه 2,دندانپزشکی,دانشگاه علوم پزشکی مازندران - ساری
1399,تجربی,1362,638,منطقه 2,پزشکی - نیمسال اول,دانشگاه علوم پزشکی بقیه الله
1399,تجربی,1364,269,منطقه 3,دندانپزشکی,دانشگاه علوم پزشکی کرمان
1399,تجربی,1364,639,منطقه 2,پزشکی - نیمسال دوم,دانشگاه علوم پزشکی مشهد
1399,تجربی,1368,136,ایثارگر-5%,پزشکی - نیمسال اول,دانشگاه علوم پزشکی اصفهان
1399,تجربی,1368,271,منطقه 3,دندانپزشکی - نیمسال اول,دانشگاه علوم پزشکی شهید بهشتی - تهران
1399,تجربی,1368,271,منطقه 3,پزشکی - نیمسال دوم,دانشگاه علوم پزشکی تبریز
1399,تجربی,1368,458,منطقه 1,پزشکی - نیمسال اول,دانشگاه علوم پزشکی مازندران - ساری
1399,تجربی,1371,273,منطقه 3,پزشکی - نیمسال دوم,دانشگاه علوم پزشکی تبریز
1399,تجربی,1371,641,منطقه 2,پزشکی - نیمسال دوم,دانشگاه علوم پزشکی مشهد
1399,تجربی,1374,274,منطقه 3,داروسازی,دانشگاه علوم پزشکی اصفهان
1399,تجربی,1374,643,منطقه 2,دندانپزشکی,دانشگاه علوم پزشکی البرز - کرج
1399,تجربی,1374,643,منطقه 2,پزشکی - نیمسال اول,دانشگاه علوم پزشکی همدان
1399,تجربی,1374,643,منطقه 2,پزشکی - نیمسال اول,دانشگاه علوم پزشکی گیلان - رشت
1399,تجربی,1377,459,منطقه 1,پزشکی - نیمسال دوم,دانشگاه علوم پزشکی تبریز
1399,تجربی,1379,645,منطقه 2,پزشکی - نیمسال دوم,دانشگاه علوم پزشکی مشهد
1399,تجربی,1381,646,منطقه 2,پزشکی - نیمسال اول,دانشگاه علوم پزشکی همدان
1399,تجربی,1381,646,منطقه 2,پزشکی - نیمسال دوم,دانشگاه علوم پزشکی مشهد
1399,تجربی,1385,275,منطقه 3,دندانپزشکی,دانشگاه علوم پزشکی همدان
1399,تجربی,1385,463,منطقه 1,داروسازی,دانشگاه علوم پزشکی مشهد
1399,تجربی,1385,463,منطقه 1,پزشکی - نیمسال دوم,دانشگاه علوم پزشکی مشهد
1399,تجربی,1385,648,منطقه 2,پزشکی,دانشگاه علوم پزشکی قزوین
1399,تجربی,1389,465,منطقه 1,پزشکی - نیمسال اول,دانشگاه علوم پزشکی ارومیه
1399,تجربی,1389,465,منطقه 1,پزشکی - نیمسال دوم,دانشگاه علوم پزشکی مشهد
1399,تجربی,1389,649,منطقه 2,دندانپزشکی,دانشگاه علوم پزشکی جندی شاپور اهواز
1399,تجربی,1389,649,منطقه 2,پزشکی - نیمسال دوم,دانشگاه علوم پزشکی مشهد
1399,تجربی,1393,137,ایثارگر-5%,پزشکی - نیمسال دوم,دانشگاه علوم پزشکی شهید بهشتی - تهران
1399,تجربی,1393,468,منطقه 1,پزشکی - نیمسال دوم,دانشگاه علوم پزشکی اصفهان
1399,تجربی,1396,470,منطقه 1,پزشکی - نیمسال اول,دانشگاه علوم پزشکی البرز - کرج
1399,تجربی,1396,652,منطقه 2,داروسازی,دانشگاه علوم پزشکی تهران
1399,تجربی,1396,652,منطقه 2,پزشکی - نیمسال دوم,دانشگاه علوم پزشکی تبریز
1399,تجربی,1399,276,منطقه 3,دندانپزشکی,دانشگاه علوم پزشکی شیراز
1399,تجربی,1405,278,منطقه 3,پزشکی,دانشگاه علوم پزشکی بابل
1399,تجربی,1405,278,منطقه 3,پزشکی - نیمسال دوم,دانشگاه علوم پزشکی اصفهان
1399,تجربی,1405,472,منطقه 1,پزشکی - نیمسال دوم,دانشگاه علوم پزشکی اصفهان
1399,تجربی,1405,655,منطقه 2,دندانپزشکی,دانشگاه علوم پزشکی کرمانشاه
1399,تجربی,1405,655,منطقه 2,پزشکی - نیمسال اول,دانشگاه علوم پزشکی شهرکرد
1399,تجربی,1410,280,منطقه 3,پزشکی - نیمسال دوم,دانشگاه علوم پزشکی مشهد
1399,تجربی,1410,657,منطقه 2,پزشکی,دانشگاه علوم پزشکی بابل
1399,تجربی,1413,140,ایثارگر-5%,پزشکی - نیمسال دوم,دانشگاه علوم پزشکی تبریز
1399,تجربی,1413,282,منطقه 3,پزشکی - نیمسال دوم,دانشگاه علوم پزشکی اصفهان
1399,تجربی,1415,474,منطقه 1,پزشکی - نیمسال دوم,دانشگاه علوم پزشکی اصفهان
1399,تجربی,1419,660,منطقه 2,پزشکی,دانشگاه علوم پزشکی یزد
1399,تجربی,1419,660,منطقه 2,پزشکی - نیمسال دوم,دانشگاه علوم پزشکی اصفهان
1399,تجربی,1421,141,ایثارگر-5%,دندانپزشکی,دانشگاه علوم پزشکی ارومیه
1399,تجربی,1423,284,منطقه 3,پزشکی,دانشگاه علوم پزشکی یزد
1399,تجربی,1425,285,منطقه 3,پزشکی - نیمسال دوم,دانشگاه علوم پزشکی تبریز
1399,تجربی,1425,479,منطقه 1,پزشکی,دانشگاه علوم پزشکی یزد
1399,تجربی,1425,479,منطقه 1,پزشکی - نیمسال اول,دانشگاه علوم پزشکی شهرکرد
1399,تجربی,1425,662,منطقه 2,دندانپزشکی,دانشگاه علوم پزشکی قزوین
1399,تجربی,1428,286,منطقه 3,دندانپزشکی,دانشگاه علوم پزشکی بیرجند
1399,تجربی,1431,664,منطقه 2,پزشکی,دانشگاه علوم پزشکی گلستان - گرگان
1399,تجربی,1431,664,منطقه 2,پزشکی - نیمسال اول,دانشگاه علوم پزشکی قم
1399,تجربی,1434,666,منطقه 2,پزشکی,دانشگاه علوم پزشکی یزد
1399,تجربی,1434,666,منطقه 2,پزشکی - نیمسال اول,دانشگاه علوم پزشکی گیلان - رشت
1399,تجربی,1437,288,منطقه 3,پزشکی - نیمسال دوم,دانشگاه علوم پزشکی تبریز
1399,تجربی,1437,668,منطقه 2,پزشکی,دانشگاه علوم پزشکی بابل
1399,تجربی,1437,668,منطقه 2,پزشکی - نیمسال اول,دانشگاه علوم پزشکی زاهدان
1399,تجربی,1442,289,منطقه 3,پزشکی - نیمسال دوم,دانشگاه علوم پزشکی تبریز
1399,تجربی,1442,483,منطقه 1,دندانپزشکی,دانشگاه علوم پزشکی ارومیه
1399,تجربی,1442,483,منطقه 1,پزشکی - نیمسال دوم,دانشگاه علوم پزشکی ارومیه
1399,تجربی,1442,671,منطقه 2,دندانپزشکی,دانشگاه علوم پزشکی بابل
1399,تجربی,1442,671,منطقه 2,پزشکی - نیمسال اول,دانشگاه علوم پزشکی کرمانشاه
1399,تجربی,1442,671,منطقه 2,پزشکی - نیمسال اول,دانشگاه علوم پزشکی گیلان - رشت
1399,تجربی,1447,290,منطقه 3,پزشکی,دانشگاه علوم پزشکی بابل
1399,تجربی,1447,673,منطقه 2,پزشکی - نیمسال دوم,دانشگاه علوم پزشکی مشهد
1399,تجربی,1449,291,منطقه 3,پزشکی,دانشگاه علوم پزشکی بابل
1399,تجربی,1450,144,ایثارگر-5%,دندانپزشکی,دانشگاه علوم پزشکی شیراز
1399,تجربی,1453,293,منطقه 3,دندانپزشکی,دانشگاه علوم پزشکی بابل
1399,تجربی,1453,487,منطقه 1,پزشکی,دانشگاه علوم پزشکی یزد
1399,تجربی,1456,294,منطقه 3,پزشکی - نیمسال دوم,دانشگاه علوم پزشکی تبریز
1399,تجربی,1456,489,منطقه 1,پزشکی - نیمسال اول,دانشگاه علوم پزشکی شیراز
1399,تجربی,1456,674,منطقه 2,پزشکی - نیمسال اول,دانشگاه علوم پزشکی جندی شاپور اهواز
1399,تجربی,1460,295,منطقه 3,دندانپزشکی,دانشگاه علوم پزشکی زنجان
1399,تجربی,1460,490,منطقه 1,پزشکی - نیمسال دوم,دانشگاه علوم پزشکی مشهد
1399,تجربی,1460,676,منطقه 2,پزشکی - نیمسال اول,دانشگاه علوم پزشکی البرز - کرج
1399,تجربی,1460,676,منطقه 2,پزشکی - نیمسال اول,دانشگاه علوم پزشکی گیلان - رشت
1399,تجربی,1464,296,منطقه 3,پزشکی - نیمسال اول,دانشگاه علوم پزشکی یاسوج
1399,تجربی,1464,678,منطقه 2,داروسازی - نیمسال اول,دانشگاه علوم پزشکی تبریز
1399,تجربی,1469,146,ایثارگر-5%,پزشکی - نیمسال اول,دانشگاه علوم پزشکی کرمانشاه
1399,تجربی,1469,681,منطقه 2,دندانپزشکی,دانشگاه علوم پزشکی بابل
1399,تجربی,1469,681,منطقه 2,پزشکی,دانشگاه علوم پزشکی زنجان
1399,تجربی,1469,681,منطقه 2,پزشکی - نیمسال اول,دانشگاه علوم پزشکی اراک
1399,تجربی,1474,297,منطقه 3,پزشکی - نیمسال دوم,دانشگاه علوم پزشکی مشهد
1399,تجربی,1474,495,منطقه 1,پزشکی - نیمسال دوم,دانشگاه علوم پزشکی مشهد
1399,تجربی,1478,298,منطقه 3,دندانپزشکی,دانشگاه علوم پزشکی کرمان
1399,تجربی,1478,684,منطقه 2,پزشکی - نیمسال دوم,دانشگاه علوم پزشکی تبریز
1399,تجربی,1478,684,منطقه 2,پزشکی - نیمسال دوم,دانشگاه علوم پزشکی قم
1399,تجربی,1481,686,منطقه 2,دندانپزشکی,دانشگاه علوم پزشکی بیرجند
1399,تجربی,1481,686,منطقه 2,پزشکی - نیمسال اول,دانشگاه علوم پزشکی کرمانشاه
1399,تجربی,1483,498,منطقه 1,دندانپزشکی,دانشگاه علوم پزشکی یزد
1399,تجربی,1485,688,منطقه 2,دندانپزشکی,دانشگاه علوم پزشکی قم
1399,تجربی,1489,300,منطقه 3,پزشکی - نیمسال اول,دانشگاه علوم پزشکی همدان
1399,تجربی,1489,501,منطقه 1,پزشکی - نیمسال اول,دانشگاه علوم پزشکی البرز - کرج
1399,تجربی,1489,501,منطقه 1,پزشکی - نیمسال دوم,دانشگاه علوم پزشکی مشهد
1399,تجربی,1489,689,منطقه 2,پزشکی - نیمسال دوم,دانشگاه علوم پزشکی اصفهان
1399,تجربی,1492,503,منطقه 1,پزشکی - نیمسال اول,دانشگاه علوم پزشکی شیراز
1399,تجربی,1492,690,منطقه 2,پزشکی - نیمسال دوم,دانشگاه علوم پزشکی اصفهان
1399,تجربی,1495,504,منطقه 1,دندانپزشکی - نیمسال دوم,دانشگاه علوم پزشکی شهید بهشتی - تهران
1399,تجربی,1495,504,منطقه 1,پزشکی - نیمسال دوم,دانشگاه علوم پزشکی مشهد
1399,تجربی,1495,691,منطقه 2,پزشکی - نیمسال اول,دانشگاه علوم پزشکی گیلان - رشت
1399,تجربی,1499,301,منطقه 3,پزشکی - نیمسال دوم,دانشگاه علوم پزشکی مشهد
1399,تجربی,1499,506,منطقه 1,دندانپزشکی,دانشگاه علوم پزشکی بابل
1399,تجربی,1499,693,منطقه 2,پزشکی - نیمسال دوم,دانشگاه علوم پزشکی تبریز
1399,تجربی,1503,694,منطقه 2,پزشکی - نیمسال اول,دانشگاه علوم پزشکی قم
1399,تجربی,1503,694,منطقه 2,پزشکی - نیمسال دوم,دانشگاه علوم پزشکی تبریز
1399,تجربی,1505,696,منطقه 2,پزشکی - نیمسال دوم,دانشگاه علوم پزشکی مشهد
1399,تجربی,1507,698,منطقه 2,پزشکی - نیمسال اول,دانشگاه علوم پزشکی شهید بهشتی - تهران
1399,تجربی,1509,509,منطقه 1,پزشکی - نیمسال دوم,دانشگاه علوم پزشکی تبریز
1399,تجربی,1509,700,منطقه 2,دندانپزشکی,دانشگاه علوم پزشکی البرز - کرج
1399,تجربی,1509,700,منطقه 2,پزشکی,دانشگاه علوم پزشکی بیرجند
1399,تجربی,1509,700,منطقه 2,پزشکی - نیمسال اول,دانشگاه علوم پزشکی جندی شاپور اهواز
1399,تجربی,1513,148,ایثارگر-5%,پزشکی - نیمسال دوم,دانشگاه علوم پزشکی اصفهان
1399,تجربی,1515,303,منطقه 3,پزشکی - نیمسال دوم,دانشگاه علوم پزشکی مشهد
1399,تجربی,1515,703,منطقه 2,پزشکی,دانشگاه علوم پزشکی بابل
1399,تجربی,1517,511,منطقه 1,پزشکی - نیمسال دوم,دانشگاه علوم پزشکی تبریز
1399,تجربی,1519,304,منطقه 3,پزشکی - نیمسال دوم,دانشگاه علوم پزشکی تبریز
1399,تجربی,1519,705,منطقه 2,دندانپزشکی,دانشگاه علوم پزشکی گلستان - گرگان
1399,تجربی,1519,705,منطقه 2,پزشکی - نیمسال اول,دانشگاه علوم پزشکی مازندران - ساری
1399,تجربی,1519,705,منطقه 2,پزشکی - نیمسال دوم,دانشگاه علوم پزشکی تبریز
1399,تجربی,1523,707,منطقه 2,دندانپزشکی,دانشگاه علوم پزشکی اراک
1399,تجربی,1527,709,منطقه 2,پزشکی - نیمسال اول,دانشگاه علوم پزشکی البرز - کرج
1399,تجربی,1529,710,منطقه 2,پزشکی - نیمسال اول,دانشگاه علوم پزشکی البرز - کرج
1399,تجربی,1531,711,منطقه 2,پزشکی - نیمسال اول,دانشگاه علوم پزشکی همدان
1399,تجربی,1531,711,منطقه 2,پزشکی - نیمسال اول,دانشگاه علوم پزشکی کرمان
1399,تجربی,1533,308,منطقه 3,پزشکی - نیمسال دوم,دانشگاه علوم پزشکی اصفهان
1399,تجربی,1533,713,منطقه 2,دندانپزشکی,دانشگاه علوم پزشکی قم
1399,تجربی,1536,309,منطقه 3,دندانپزشکی,دانشگاه علوم پزشکی مازندران - ساری
1399,تجربی,1536,309,منطقه 3,پزشکی - نیمسال اول,دانشگاه علوم پزشکی شهید بهشتی - تهران
1399,تجربی,1536,714,منطقه 2,پزشکی,دانشگاه علوم پزشکی بابل
1399,تجربی,1538,311,منطقه 3,پزشکی - نیمسال دوم,دانشگاه علوم پزشکی تبریز
1399,تجربی,1540,312,منطقه 3,پزشکی - نیمسال اول,دانشگاه علوم پزشکی جندی شاپور اهواز
1399,تجربی,1540,514,منطقه 1,دندانپزشکی,دانشگاه علوم پزشکی مازندران - ساری
1399,تجربی,1540,715,منطقه 2,پزشکی,دانشگاه علوم پزشکی قزوین
1399,تجربی,1540,715,منطقه 2,پزشکی - نیمسال اول,دانشگاه علوم پزشکی البرز - کرج
1399,تجربی,1543,150,ایثارگر-5%,پزشکی - نیمسال اول,دانشگاه علوم پزشکی گیلان - رشت
1399,تجربی,1547,151,ایثارگر-5%,دندانپزشکی,دانشگاه علوم پزشکی کرمان
1399,تجربی,1547,313,منطقه 3,پزشکی - نیمسال اول,دانشگاه علوم پزشکی شهید بهشتی - تهران
1399,تجربی,1547,313,منطقه 3,پزشکی - نیمسال اول,دانشگاه علوم پزشکی گیلان - رشت
1399,تجربی,1547,515,منطقه 1,پزشکی - نیمسال اول,دانشگاه آزاداسلامی-واحدمشهد
1399,تجربی,1547,719,منطقه 2,پزشکی,دانشگاه علوم پزشکی بابل
1399,تجربی,1547,719,منطقه 2,پزشکی,دانشگاه علوم پزشکی بیرجند
1399,تجربی,1553,315,منطقه 3,پزشکی - نیمسال دوم,دانشگاه علوم پزشکی تبریز
1399,تجربی,1553,517,منطقه 1,پزشکی - نیمسال اول,دانشگاه علوم پزشکی البرز - کرج
1399,تجربی,1553,722,منطقه 2,پزشکی,دانشگاه علوم پزشکی بابل
1399,تجربی,1553,722,منطقه 2,پزشکی,دانشگاه علوم پزشکی کاشان
1399,تجربی,1553,722,منطقه 2,پزشکی,دانشگاه علوم پزشکی یزد
1399,تجربی,1557,724,منطقه 2,پزشکی - نیمسال اول,دانشگاه علوم پزشکی ارومیه
1399,تجربی,1560,316,منطقه 3,دندانپزشکی,دانشگاه علوم پزشکی جندی شاپور اهواز
1399,تجربی,1560,726,منطقه 2,پزشکی - نیمسال اول,دانشگاه علوم پزشکی جندی شاپور اهواز
1399,تجربی,1563,728,منطقه 2,پزشکی - نیمسال اول,دانشگاه علوم پزشکی ارومیه
1399,تجربی,1563,728,منطقه 2,پزشکی - نیمسال اول,دانشگاه علوم پزشکی کردستان - سنندج
1399,تجربی,1565,520,منطقه 1,پزشکی - نیمسال دوم,دانشگاه علوم پزشکی تبریز
1399,تجربی,1565,730,منطقه 2,پزشکی,دانشگاه علوم پزشکی بابل
1399,تجربی,1569,317,منطقه 3,پزشکی - نیمسال اول,دانشگاه علوم پزشکی مازندران - ساری
1399,تجربی,1569,521,منطقه 1,پزشکی,دانشگاه علوم پزشکی زنجان
1399,تجربی,1569,732,منطقه 2,پزشکی - نیمسال اول,دانشگاه علوم پزشکی مازندران - ساری
1399,تجربی,1569,732,منطقه 2,پزشکی - نیمسال دوم,دانشگاه علوم پزشکی تبریز
1399,تجربی,1574,318,منطقه 3,پزشکی - نیمسال اول,دانشگاه علوم پزشکی البرز - کرج
1399,تجربی,1576,524,منطقه 1,پزشکی,دانشگاه علوم پزشکی فسا
1399,تجربی,1576,735,منطقه 2,پزشکی,دانشگاه علوم پزشکی اردبیل
1399,تجربی,1578,736,منطقه 2,دندانپزشکی,دانشگاه شاهد - تهران(رشته های پزشکی)
1399,تجربی,1579,737,منطقه 2,دندانپزشکی,دانشگاه علوم پزشکی زنجان
1399,تجربی,1582,319,منطقه 3,دندانپزشکی,دانشگاه علوم پزشکی بابل
1399,تجربی,1582,525,منطقه 1,دندانپزشکی,دانشگاه علوم پزشکی تبریز
1399,تجربی,1582,738,منطقه 2,پزشکی,دانشگاه علوم پزشکی کاشان
1399,تجربی,1585,740,منطقه 2,پزشکی,دانشگاه علوم پزشکی یزد
1399,تجربی,1585,740,منطقه 2,پزشکی - نیمسال اول,دانشگاه علوم پزشکی همدان
1399,تجربی,1587,742,منطقه 2,داروسازی,دانشگاه علوم پزشکی تهران
1399,تجربی,1591,153,ایثارگر-5%,دندانپزشکی - نیمسال دوم,دانشگاه علوم پزشکی شهید بهشتی - تهران
1399,تجربی,1591,321,منطقه 3,پزشکی - نیمسال اول,دانشگاه علوم پزشکی گیلان - رشت
1399,تجربی,1591,526,منطقه 1,پزشکی - بصورت خودگردان,دانشگاه آزاداسلامی-واحدپزشکی تهران
1399,تجربی,1591,744,منطقه 2,داروسازی,دانشگاه علوم پزشکی شهید بهشتی - تهران
1399,تجربی,1594,154,ایثارگر-5%,پزشکی,دانشگاه علوم پزشکی اردبیل
1399,تجربی,1595,747,منطقه 2,پزشکی,دانشگاه علوم پزشکی یزد
1399,تجربی,1597,322,منطقه 3,پزشکی - نیمسال دوم,دانشگاه علوم پزشکی تبریز
1399,تجربی,1597,528,منطقه 1,پزشکی - نیمسال اول,دانشگاه علوم پزشکی مشهد
1399,تجربی,1601,323,منطقه 3,دندانپزشکی,دانشگاه علوم پزشکی ارومیه
1399,تجربی,1601,750,منطقه 2,پزشکی - نیمسال دوم,دانشگاه علوم پزشکی تبریز
1399,تجربی,1606,157,ایثارگر-5%,پزشکی - نیمسال اول,دانشگاه علوم پزشکی کرمان
1399,تجربی,1606,530,منطقه 1,پزشکی,دانشگاه علوم پزشکی یزد
1399,تجربی,1606,753,منطقه 2,دندانپزشکی,دانشگاه علوم پزشکی یزد
1399,تجربی,1606,753,منطقه 2,پزشکی - نیمسال اول,دانشگاه علوم پزشکی مازندران - ساری
1399,تجربی,1606,753,منطقه 2,پزشکی - نیمسال اول,دانشگاه علوم پزشکی گیلان - رشت
1399,تجربی,1612,325,منطقه 3,دندانپزشکی,دانشگاه علوم پزشکی همدان
1399,تجربی,1612,325,منطقه 3,پزشکی,دانشگاه علوم پزشکی بابل
1399,تجربی,1612,531,منطقه 1,پزشکی,دانشگاه علوم پزشکی ایران
1399,تجربی,1612,531,منطقه 1,پزشکی - نیمسال دوم,دانشگاه علوم پزشکی تبریز
1399,تجربی,1612,756,منطقه 2,دندانپزشکی,دانشگاه علوم پزشکی شیراز
1399,تجربی,1612,756,منطقه 2,پزشکی,دانشگاه شاهد - تهران(رشته های پزشکی)
1399,تجربی,1618,159,ایثارگر-5%,پزشکی - نیمسال اول,دانشگاه علوم پزشکی جندی شاپور اهواز
1399,تجربی,1618,534,منطقه 1,پزشکی - نیمسال دوم,دانشگاه علوم پزشکی تبریز
1399,تجربی,1622,161,ایثارگر-5%,پزشکی - نیمسال اول,دانشگاه علوم پزشکی گیلان - رشت
1399,تجربی,1622,758,منطقه 2,پزشکی,دانشگاه علوم پزشکی قزوین
1399,تجربی,1626,538,منطقه 1,پزشکی,دانشگاه علوم پزشکی یزد
1399,تجربی,1629,330,منطقه 3,پزشکی - نیمسال اول,دانشگاه علوم پزشکی جندی شاپور اهواز
1399,تجربی,1629,540,منطقه 1,پزشکی - نیمسال دوم,دانشگاه علوم پزشکی تبریز
1399,تجربی,1629,760,منطقه 2,پزشکی,دانشگاه علوم پزشکی بیرجند
1399,تجربی,1635,162,ایثارگر-5%,پزشکی,دانشگاه علوم پزشکی قزوین
1399,تجربی,1635,331,منطقه 3,دندانپزشکی,دانشگاه علوم پزشکی تهران
1399,تجربی,1635,542,منطقه 1,دندانپزشکی,دانشگاه علوم پزشکی قزوین
1399,تجربی,1635,763,منطقه 2,پزشکی - نیمسال اول,دانشگاه علوم پزشکی قم
1399,تجربی,1635,763,منطقه 2,پزشکی - نیمسال اول,دانشگاه علوم پزشکی کرمانشاه
1399,تجربی,1635,763,منطقه 2,پزشکی - نیمسال اول,دانشگاه علوم پزشکی گیلان - رشت
1399,تجربی,1640,766,منطقه 2,داروسازی,دانشگاه علوم پزشکی تهران
1399,تجربی,1645,163,ایثارگر-5%,پزشکی - نیمسال دوم,دانشگاه علوم پزشکی جندی شاپور اهواز
1399,تجربی,1645,332,منطقه 3,دندانپزشکی,دانشگاه علوم پزشکی جندی شاپور اهواز
1399,تجربی,1645,545,منطقه 1,پزشکی - نیمسال دوم,دانشگاه علوم پزشکی تبریز
1399,تجربی,1645,768,منطقه 2,دندانپزشکی,دانشگاه علوم پزشکی جندی شاپور اهواز
1399,تجربی,1645,768,منطقه 2,پزشکی - نیمسال دوم,دانشگاه علوم پزشکی اصفهان
1399,تجربی,1651,546,منطقه 1,پزشکی - نیمسال دوم,دانشگاه علوم پزشکی تبریز
1399,تجربی,1651,772,منطقه 2,دندانپزشکی,دانشگاه علوم پزشکی مازندران - ساری
1399,تجربی,1651,772,منطقه 2,پزشکی - نیمسال دوم,دانشگاه علوم پزشکی اصفهان
1399,تجربی,1651,772,منطقه 2,پزشکی - نیمسال دوم,دانشگاه علوم پزشکی مازندران - ساری
1399,تجربی,1655,334,منطقه 3,دندانپزشکی,دانشگاه علوم پزشکی جندی شاپور اهواز
1399,تجربی,1655,775,منطقه 2,دندانپزشکی,دانشگاه علوم پزشکی ارومیه
1399,تجربی,1655,775,منطقه 2,پزشکی,دانشگاه علوم پزشکی یزد
1399,تجربی,1658,547,منطقه 1,پزشکی - نیمسال اول,دانشگاه علوم پزشکی البرز - کرج
1399,تجربی,1660,336,منطقه 3,پزشکی - نیمسال دوم,دانشگاه علوم پزشکی تبریز
1399,تجربی,1663,337,منطقه 3,پزشکی,دانشگاه علوم پزشکی ایران
1399,تجربی,1663,337,منطقه 3,پزشکی - نیمسال دوم,دانشگاه علوم پزشکی تبریز
1399,تجربی,1663,778,منطقه 2,پزشکی - نیمسال اول,دانشگاه علوم پزشکی مازندران - ساری
1399,تجربی,1666,166,ایثارگر-5%,پزشکی,دانشگاه علوم پزشکی ایران
1399,تجربی,1666,549,منطقه 1,پزشکی,دانشگاه علوم پزشکی یزد
1399,تجربی,1666,779,منطقه 2,دندانپزشکی,دانشگاه علوم پزشکی یزد
1399,تجربی,1668,780,منطقه 2,پزشکی,دانشگاه علوم پزشکی بابل
1399,تجربی,1670,781,منطقه 2,دندانپزشکی,دانشگاه علوم پزشکی یزد
1399,تجربی,1670,781,منطقه 2,پزشکی,دانشگاه علوم پزشکی بابل
1399,تجربی,1672,550,منطقه 1,پزشکی,دانشگاه علوم پزشکی فسا
1399,تجربی,1672,783,منطقه 2,پزشکی - نیمسال اول,دانشگاه علوم پزشکی مازندران - ساری
1399,تجربی,1674,784,منطقه 2,پزشکی - نیمسال دوم,دانشگاه علوم پزشکی تبریز
1399,تجربی,1676,551,منطقه 1,پزشکی,دانشگاه علوم پزشکی فسا
1399,تجربی,1676,785,منطقه 2,پزشکی - نیمسال اول,دانشگاه علوم پزشکی کرمانشاه
1399,تجربی,1680,342,منطقه 3,دندانپزشکی,دانشگاه علوم پزشکی بیرجند
1399,تجربی,1680,342,منطقه 3,پزشکی - نیمسال دوم,دانشگاه علوم پزشکی البرز - کرج
1399,تجربی,1680,787,منطقه 2,پزشکی - نیمسال اول,دانشگاه علوم پزشکی شهید بهشتی - تهران
1399,تجربی,1680,787,منطقه 2,پزشکی - نیمسال دوم,دانشگاه علوم پزشکی تبریز
1399,تجربی,1684,344,منطقه 3,پزشکی - نیمسال اول,دانشگاه علوم پزشکی ارومیه
1399,تجربی,1684,552,منطقه 1,پزشکی - نیمسال دوم,دانشگاه علوم پزشکی مازندران - ساری
1399,تجربی,1686,345,منطقه 3,پزشکی - نیمسال اول,دانشگاه علوم پزشکی همدان
1399,تجربی,1686,789,منطقه 2,دندانپزشکی,دانشگاه علوم پزشکی کرمان
1399,تجربی,1689,346,منطقه 3,پزشکی - نیمسال اول,دانشگاه علوم پزشکی گیلان - رشت
1399,تجربی,1689,554,منطقه 1,پزشکی,دانشگاه علوم پزشکی ایران
1399,تجربی,1689,790,منطقه 2,پزشکی - نیمسال اول,دانشگاه علوم پزشکی کرمانشاه
1399,تجربی,1692,791,منطقه 2,دندانپزشکی,دانشگاه علوم پزشکی ارومیه
1399,تجربی,1696,348,منطقه 3,پزشکی - نیمسال دوم,دانشگاه علوم پزشکی تبریز
1399,تجربی,1696,556,منطقه 1,پزشکی - نیمسال اول,دانشگاه علوم پزشکی مازندران - ساری
1399,تجربی,1696,793,منطقه 2,پزشکی - نیمسال اول,دانشگاه علوم پزشکی مازندران - ساری
1399,تجربی,1696,793,منطقه 2,پزشکی - نیمسال اول,دانشگاه علوم پزشکی کرمانشاه
1399,تجربی,1700,349,منطقه 3,پزشکی - نیمسال دوم,دانشگاه علوم پزشکی شهید بهشتی - تهران
1399,تجربی,1700,557,منطقه 1,پزشکی,دانشگاه علوم پزشکی ایران
1399,تجربی,1700,795,منطقه 2,پزشکی - نیمسال دوم,دانشگاه علوم پزشکی البرز - کرج
1399,تجربی,1704,796,منطقه 2,پزشکی,دانشگاه علوم پزشکی قزوین
1399,تجربی,1707,169,ایثارگر-5%,پزشکی,دانشگاه علوم پزشکی فسا
1399,تجربی,1707,560,منطقه 1,پزشکی - نیمسال اول,دانشگاه علوم پزشکی مازندران - ساری
1399,تجربی,1707,797,منطقه 2,پزشکی,دانشگاه علوم پزشکی قزوین
1399,تجربی,1712,353,منطقه 3,دندانپزشکی,دانشگاه علوم پزشکی همدان
1399,تجربی,1712,353,منطقه 3,پزشکی - نیمسال اول,دانشگاه علوم پزشکی همدان
1399,تجربی,1712,353,منطقه 3,پزشکی - نیمسال دوم,دانشگاه علوم پزشکی البرز - کرج
1399,تجربی,1712,798,منطقه 2,پزشکی,دانشگاه علوم پزشکی بابل
1399,تجربی,1712,798,منطقه 2,پزشکی - نیمسال اول,دانشگاه علوم پزشکی کرمانشاه
1399,تجربی,1716,563,منطقه 1,داروسازی,دانشگاه علوم پزشکی مشهد
1399,تجربی,1716,563,منطقه 1,پزشکی,دانشگاه علوم پزشکی یزد
1399,تجربی,1716,800,منطقه 2,پزشکی,دانشگاه علوم پزشکی یزد
1399,تجربی,1720,565,منطقه 1,داروسازی,دانشگاه علوم پزشکی مشهد
1399,تجربی,1720,802,منطقه 2,پزشکی,دانشگاه علوم پزشکی بیرجند
1399,تجربی,1720,802,منطقه 2,پزشکی - نیمسال دوم,دانشگاه علوم پزشکی اصفهان
1399,تجربی,1723,355,منطقه 3,پزشکی - نیمسال دوم,دانشگاه علوم پزشکی اصفهان
1399,تجربی,1725,171,ایثارگر-5%,دندانپزشکی,دانشگاه علوم پزشکی همدان
1399,تجربی,1725,356,منطقه 3,پزشکی - نیمسال اول,دانشگاه علوم پزشکی کرمان
1399,تجربی,1725,804,منطقه 2,پزشکی,دانشگاه علوم پزشکی کاشان
1399,تجربی,1727,566,منطقه 1,پزشکی - نیمسال اول,دانشگاه علوم پزشکی شیراز
1399,تجربی,1727,806,منطقه 2,پزشکی,دانشگاه علوم پزشکی بابل
1399,تجربی,1731,357,منطقه 3,پزشکی,دانشگاه علوم پزشکی یزد
1399,تجربی,1731,567,منطقه 1,پزشکی,دانشگاه علوم پزشکی یزد
1399,تجربی,1731,808,منطقه 2,پزشکی - نیمسال اول,دانشگاه علوم پزشکی قم
1399,تجربی,1731,808,منطقه 2,پزشکی - نیمسال اول,دانشگاه علوم پزشکی کرمان
1399,تجربی,1731,808,منطقه 2,پزشکی - نیمسال دوم,دانشگاه علوم پزشکی تبریز
1399,تجربی,1736,359,منطقه 3,دندانپزشکی,دانشگاه علوم پزشکی ارومیه
1399,تجربی,1737,360,منطقه 3,پزشکی - نیمسال دوم,دانشگاه علوم پزشکی تبریز
1399,تجربی,1740,362,منطقه 3,پزشکی - نیمسال دوم,دانشگاه علوم پزشکی تبریز
1399,تجربی,1740,811,منطقه 2,دندانپزشکی,دانشگاه علوم پزشکی بابل
1399,تجربی,1740,811,منطقه 2,دندانپزشکی,دانشگاه علوم پزشکی بیرجند
1399,تجربی,1742,363,منطقه 3,پزشکی,دانشگاه علوم پزشکی ایران
1399,تجربی,1742,813,منطقه 2,پزشکی,دانشگاه علوم پزشکی بابل
1399,تجربی,1746,172,ایثارگر-5%,پزشکی - نیمسال دوم,دانشگاه علوم پزشکی البرز - کرج
1399,تجربی,1746,364,منطقه 3,پزشکی - نیمسال دوم,دانشگاه علوم پزشکی شهید بهشتی - تهران
1399,تجربی,1746,814,منطقه 2,دندانپزشکی,دانشگاه علوم پزشکی کاشان
1399,تجربی,1751,366,منطقه 3,پزشکی - نیمسال دوم,دانشگاه علوم پزشکی تبریز
1399,تجربی,1751,570,منطقه 1,پزشکی - نیمسال دوم,دانشگاه علوم پزشکی تبریز
1399,تجربی,1754,571,منطقه 1,پزشکی - نیمسال دوم,دانشگاه علوم پزشکی شهرکرد
1399,تجربی,1756,368,منطقه 3,پزشکی - نیمسال اول,دانشگاه علوم پزشکی کرمان
1399,تجربی,1756,818,منطقه 2,پزشکی,دانشگاه علوم پزشکی بابل
1399,تجربی,1759,572,منطقه 1,پزشکی,دانشگاه علوم پزشکی یزد
1399,تجربی,1762,369,منطقه 3,پزشکی - نیمسال دوم,دانشگاه علوم پزشکی تبریز
1399,تجربی,1762,821,منطقه 2,پزشکی - نیمسال اول,دانشگاه علوم پزشکی کرمانشاه
1399,تجربی,1765,370,منطقه 3,پزشکی,دانشگاه علوم پزشکی بیرجند
1399,تجربی,1765,823,منطقه 2,پزشکی,دانشگاه علوم پزشکی اردبیل
1399,تجربی,1765,823,منطقه 2,پزشکی - نیمسال اول,دانشگاه علوم پزشکی گیلان - رشت
1399,تجربی,1765,823,منطقه 2,پزشکی - نیمسال دوم,دانشگاه علوم پزشکی تبریز
1399,تجربی,1769,372,منطقه 3,پزشکی - نیمسال اول,دانشگاه علوم پزشکی کرمان
1399,تجربی,1769,372,منطقه 3,پزشکی - نیمسال دوم,دانشگاه علوم پزشکی تبریز
1399,تجربی,1769,825,منطقه 2,پزشکی - نیمسال اول,دانشگاه علوم پزشکی مازندران - ساری
1399,تجربی,1773,575,منطقه 1,پزشکی,دانشگاه علوم پزشکی یزد
1399,تجربی,1773,575,منطقه 1,پزشکی - نیمسال اول,دانشگاه علوم پزشکی مازندران - ساری
1399,تجربی,1773,826,منطقه 2,پزشکی - نیمسال اول,دانشگاه علوم پزشکی همدان
1399,تجربی,1777,175,ایثارگر-5%,پزشکی,دانشگاه علوم پزشکی یزد
1399,تجربی,1777,827,منطقه 2,پزشکی - نیمسال اول,دانشگاه علوم پزشکی مازندران - ساری
1399,تجربی,1777,827,منطقه 2,پزشکی - نیمسال دوم,دانشگاه علوم پزشکی تبریز
1399,تجربی,1781,176,ایثارگر-5%,پزشکی - نیمسال اول,دانشگاه علوم پزشکی یاسوج
1399,تجربی,1781,375,منطقه 3,پزشکی - نیمسال دوم,دانشگاه علوم پزشکی همدان
1399,تجربی,1781,829,منطقه 2,دندانپزشکی,دانشگاه علوم پزشکی همدان
1399,تجربی,1781,829,منطقه 2,پزشکی - نیمسال دوم,دانشگاه علوم پزشکی تبریز
1399,تجربی,1786,177,ایثارگر-5%,پزشکی,دانشگاه علوم پزشکی یزد
1399,تجربی,1786,177,ایثارگر-5%,پزشکی - نیمسال دوم,دانشگاه علوم پزشکی تبریز
1399,تجربی,1786,377,منطقه 3,پزشکی,دانشگاه علوم پزشکی زنجان
1399,تجربی,1786,831,منطقه 2,پزشکی,دانشگاه علوم پزشکی بابل
1399,تجربی,1791,580,منطقه 1,پزشکی - نیمسال اول,دانشگاه علوم پزشکی شهرکرد
1399,تجربی,1791,580,منطقه 1,پزشکی - نیمسال دوم,دانشگاه علوم پزشکی البرز - کرج
1399,تجربی,1791,833,منطقه 2,پزشکی - نیمسال اول,دانشگاه علوم پزشکی مازندران - ساری
1399,تجربی,1791,833,منطقه 2,پزشکی - نیمسال اول,دانشگاه علوم پزشکی کرمانشاه
1399,تجربی,1795,179,ایثارگر-5%,دندانپزشکی,دانشگاه علوم پزشکی یزد
1399,تجربی,1795,179,ایثارگر-5%,پزشکی - نیمسال دوم,دانشگاه علوم پزشکی تبریز
1399,تجربی,1795,379,منطقه 3,پزشکی - نیمسال اول,دانشگاه علوم پزشکی کرمانشاه
1399,تجربی,1795,835,منطقه 2,پزشکی - نیمسال اول,دانشگاه علوم پزشکی اراک
1399,تجربی,1799,583,منطقه 1,دندانپزشکی,دانشگاه علوم پزشکی تبریز
1399,تجربی,1799,837,منطقه 2,داروسازی,دانشگاه علوم پزشکی تهران
1399,تجربی,1802,584,منطقه 1,پزشکی,دانشگاه علوم پزشکی ایران
1399,تجربی,1802,838,منطقه 2,پزشکی - نیمسال اول,دانشگاه علوم پزشکی گیلان - رشت
1399,تجربی,1802,838,منطقه 2,پزشکی - نیمسال دوم,دانشگاه علوم پزشکی البرز - کرج
1399,تجربی,1805,585,منطقه 1,پزشکی,دانشگاه علوم پزشکی اصفهان
1399,تجربی,1805,585,منطقه 1,پزشکی - نیمسال دوم,دانشگاه علوم پزشکی تبریز
1399,تجربی,1805,840,منطقه 2,پزشکی,دانشگاه علوم پزشکی یزد
1399,تجربی,1810,382,منطقه 3,پزشکی - نیمسال اول,دانشگاه علوم پزشکی بندرعباس
1399,تجربی,1810,382,منطقه 3,پزشکی - نیمسال اول,دانشگاه علوم پزشکی همدان
1399,تجربی,1810,587,منطقه 1,داروسازی,دانشگاه علوم پزشکی مشهد
1399,تجربی,1810,842,منطقه 2,پزشکی - نیمسال اول,دانشگاه علوم پزشکی قم
1399,تجربی,1810,842,منطقه 2,پزشکی - نیمسال اول,دانشگاه علوم پزشکی کرمانشاه
1399,تجربی,1815,588,منطقه 1,پزشکی,دانشگاه علوم پزشکی فسا
1399,تجربی,1815,588,منطقه 1,پزشکی - نیمسال اول,دانشگاه علوم پزشکی مشهد
1399,تجربی,1815,844,منطقه 2,پزشکی - نیمسال اول,دانشگاه علوم پزشکی همدان
1399,تجربی,1817,181,ایثارگر-5%,پزشکی - نیمسال دوم,دانشگاه علوم پزشکی تبریز
1399,تجربی,1820,384,منطقه 3,پزشکی - نیمسال اول,دانشگاه علوم پزشکی گیلان - رشت
1399,تجربی,1820,846,منطقه 2,پزشکی - نیمسال اول,دانشگاه علوم پزشکی گیلان - رشت
1399,تجربی,1824,848,منطقه 2,پزشکی,دانشگاه علوم پزشکی قزوین
1399,تجربی,1824,848,منطقه 2,پزشکی - نیمسال دوم,دانشگاه علوم پزشکی تبریز
1399,تجربی,1828,850,منطقه 2,پزشکی,دانشگاه علوم پزشکی یزد
1399,تجربی,1832,385,منطقه 3,پزشکی - نیمسال دوم,دانشگاه علوم پزشکی تبریز
1399,تجربی,1832,596,منطقه 1,پزشکی,دانشگاه علوم پزشکی یزد
1399,تجربی,1832,596,منطقه 1,پزشکی - نیمسال اول,دانشگاه علوم پزشکی شهرکرد
1399,تجربی,1832,852,منطقه 2,پزشکی,دانشگاه علوم پزشکی قزوین
1399,تجربی,1836,598,منطقه 1,پزشکی - نیمسال اول,دانشگاه علوم پزشکی شیراز
1399,تجربی,1839,387,منطقه 3,پزشکی - نیمسال اول,دانشگاه علوم پزشکی همدان
1399,تجربی,1839,853,منطقه 2,پزشکی - نیمسال دوم,دانشگاه علوم پزشکی تبریز
1399,تجربی,1842,388,منطقه 3,پزشکی - نیمسال دوم,دانشگاه علوم پزشکی تبریز
1399,تجربی,1842,601,منطقه 1,دندانپزشکی,دانشگاه علوم پزشکی شهرکرد
1399,تجربی,1842,854,منطقه 2,پزشکی,دانشگاه علوم پزشکی یزد
1399,تجربی,1842,854,منطقه 2,پزشکی - نیمسال اول,دانشگاه علوم پزشکی همدان
1399,تجربی,1845,602,منطقه 1,پزشکی - نیمسال اول,دانشگاه علوم پزشکی ارومیه
1399,تجربی,1845,856,منطقه 2,دندانپزشکی,دانشگاه علوم پزشکی گیلان - رشت
1399,تجربی,1848,603,منطقه 1,پزشکی - نیمسال اول,دانشگاه علوم پزشکی مشهد
1399,تجربی,1848,603,منطقه 1,پزشکی - نیمسال اول,دانشگاه علوم پزشکی گیلان - رشت
1399,تجربی,1848,857,منطقه 2,پزشکی,دانشگاه علوم پزشکی بیرجند
1399,تجربی,1852,860,منطقه 2,پزشکی,دانشگاه علوم پزشکی قزوین
1399,تجربی,1852,860,منطقه 2,پزشکی,دانشگاه علوم پزشکی یزد
1399,تجربی,1852,860,منطقه 2,پزشکی - نیمسال اول,دانشگاه علوم پزشکی همدان
1399,تجربی,1855,389,منطقه 3,پزشکی - نیمسال اول,دانشگاه علوم پزشکی مازندران - ساری
1399,تجربی,1855,862,منطقه 2,پزشکی - نیمسال اول,دانشگاه علوم پزشکی مازندران - ساری
1399,تجربی,1858,182,ایثارگر-5%,دندانپزشکی,دانشگاه علوم پزشکی گیلان - رشت
1399,تجربی,1858,606,منطقه 1,پزشکی - نیمسال اول,دانشگاه علوم پزشکی مازندران - ساری
1399,تجربی,1858,863,منطقه 2,دندانپزشکی,دانشگاه علوم پزشکی قزوین
1399,تجربی,1861,183,ایثارگر-5%,پزشکی - نیمسال اول,دانشگاه علوم پزشکی مازندران - ساری
1399,تجربی,1861,390,منطقه 3,دندانپزشکی,دانشگاه علوم پزشکی شیراز
1399,تجربی,1861,865,منطقه 2,پزشکی - نیمسال اول,دانشگاه علوم پزشکی مازندران - ساری
1399,تجربی,1864,392,منطقه 3,پزشکی - نیمسال اول,دانشگاه علوم پزشکی ارومیه
1399,تجربی,1864,867,منطقه 2,پزشکی - نیمسال اول,دانشگاه علوم پزشکی گیلان - رشت
1399,تجربی,1867,394,منطقه 3,داروسازی,دانشگاه علوم پزشکی شهید بهشتی - تهران
1399,تجربی,1867,868,منطقه 2,پزشکی - نیمسال اول,دانشگاه علوم پزشکی گیلان - رشت
1399,تجربی,1871,395,منطقه 3,پزشکی - نیمسال اول,دانشگاه علوم پزشکی بندرعباس
1399,تجربی,1871,607,منطقه 1,پزشکی,دانشگاه علوم پزشکی یزد
1399,تجربی,1871,869,منطقه 2,پزشکی - نیمسال اول,دانشگاه علوم پزشکی ارومیه
1399,تجربی,1876,611,منطقه 1,دندانپزشکی,دانشگاه علوم پزشکی مازندران - ساری
1399,تجربی,1876,611,منطقه 1,دندانپزشکی,دانشگاه علوم پزشکی مشهد
1399,تجربی,1876,611,منطقه 1,دندانپزشکی,دانشگاه علوم پزشکی یزد
1399,تجربی,1876,611,منطقه 1,پزشکی,دانشگاه علوم پزشکی یزد
1399,تجربی,1876,870,منطقه 2,دندانپزشکی,دانشگاه علوم پزشکی گیلان - رشت
1399,تجربی,1883,185,ایثارگر-5%,دندانپزشکی,دانشگاه علوم پزشکی بیرجند
1399,تجربی,1883,185,ایثارگر-5%,پزشکی - نیمسال دوم,دانشگاه علوم پزشکی ارومیه
1399,تجربی,1883,185,ایثارگر-5%,پزشکی - نیمسال دوم,دانشگاه علوم پزشکی تبریز
1399,تجربی,1883,185,ایثارگر-5%,پزشکی - نیمسال دوم,دانشگاه علوم پزشکی سبزوار
1399,تجربی,1883,616,منطقه 1,پزشکی - نیمسال دوم,دانشگاه علوم پزشکی البرز - کرج
1399,تجربی,1883,872,منطقه 2,دندانپزشکی,دانشگاه علوم پزشکی همدان
1399,تجربی,1883,872,منطقه 2,پزشکی - نیمسال اول,دانشگاه علوم پزشکی بقیه الله
1399,تجربی,1889,188,ایثارگر-5%,پزشکی - نیمسال دوم,دانشگاه علوم پزشکی همدان
1399,تجربی,1889,619,منطقه 1,داروسازی,دانشگاه علوم پزشکی اصفهان
1399,تجربی,1889,874,منطقه 2,دندانپزشکی,دانشگاه علوم پزشکی ارومیه
1399,تجربی,1891,397,منطقه 3,دندانپزشکی,دانشگاه علوم پزشکی رفسنجان
1399,تجربی,1895,398,منطقه 3,پزشکی,دانشگاه علوم پزشکی یزد
1399,تجربی,1895,620,منطقه 1,پزشکی - نیمسال اول,دانشگاه علوم پزشکی ارومیه
1399,تجربی,1895,877,منطقه 2,دندانپزشکی,دانشگاه علوم پزشکی بابل
1399,تجربی,1895,877,منطقه 2,پزشکی,دانشگاه علوم پزشکی کاشان
1399,تجربی,1895,877,منطقه 2,پزشکی - نیمسال دوم,دانشگاه علوم پزشکی اصفهان
1399,تجربی,1900,189,ایثارگر-5%,پزشکی,دانشگاه علوم پزشکی بوشهر
1399,تجربی,1900,399,منطقه 3,پزشکی - نیمسال اول,دانشگاه علوم پزشکی کرمانشاه
1399,تجربی,1900,622,منطقه 1,پزشکی - نیمسال اول,دانشگاه علوم پزشکی تبریز
1399,تجربی,1903,880,منطقه 2,پزشکی - نیمسال اول,دانشگاه علوم پزشکی سمنان
1399,تجربی,1906,883,منطقه 2,پزشکی,دانشگاه علوم پزشکی بابل
1399,تجربی,1906,883,منطقه 2,پزشکی,دانشگاه علوم پزشکی زنجان
1399,تجربی,1909,191,ایثارگر-5%,پزشکی,دانشگاه علوم پزشکی یزد
1399,تجربی,1909,886,منطقه 2,پزشکی,دانشگاه علوم پزشکی بابل
1399,تجربی,1909,886,منطقه 2,پزشکی,دانشگاه علوم پزشکی یزد
1399,تجربی,1909,886,منطقه 2,پزشکی - نیمسال دوم,دانشگاه علوم پزشکی البرز - کرج
1399,تجربی,1913,888,منطقه 2,پزشکی - نیمسال دوم,دانشگاه علوم پزشکی همدان
1399,تجربی,1917,625,منطقه 1,پزشکی,دانشگاه علوم پزشکی یزد
1399,تجربی,1917,891,منطقه 2,دندانپزشکی,دانشگاه علوم پزشکی اردبیل
1399,تجربی,1917,891,منطقه 2,پزشکی - نیمسال اول,دانشگاه علوم پزشکی کرمان
1399,تجربی,1920,402,منطقه 3,پزشکی,دانشگاه علوم پزشکی بابل
1399,تجربی,1920,893,منطقه 2,پزشکی - نیمسال اول,دانشگاه علوم پزشکی کردستان - سنندج
1399,تجربی,1924,895,منطقه 2,دندانپزشکی,دانشگاه علوم پزشکی بابل
1399,تجربی,1924,895,منطقه 2,دندانپزشکی,دانشگاه علوم پزشکی بیرجند
1399,تجربی,1924,895,منطقه 2,پزشکی,دانشگاه علوم پزشکی بیرجند
1399,تجربی,1927,897,منطقه 2,دندانپزشکی,دانشگاه علوم پزشکی همدان
1399,تجربی,1930,403,منطقه 3,دندانپزشکی,دانشگاه علوم پزشکی لرستان - خرم آباد
1399,تجربی,1930,899,منطقه 2,پزشکی - نیمسال اول,دانشگاه علوم پزشکی گیلان - رشت
1399,تجربی,1933,405,منطقه 3,پزشکی - نیمسال دوم,دانشگاه علوم پزشکی البرز - کرج
1399,تجربی,1933,900,منطقه 2,پزشکی - نیمسال اول,دانشگاه علوم پزشکی گیلان - رشت
1399,تجربی,1935,901,منطقه 2,پزشکی,دانشگاه علوم پزشکی بابل
1399,تجربی,1935,901,منطقه 2,پزشکی - نیمسال اول,دانشگاه علوم پزشکی کرمان
1399,تجربی,1939,406,منطقه 3,پزشکی - نیمسال اول,دانشگاه علوم پزشکی گیلان - رشت
1399,تجربی,1939,630,منطقه 1,پزشکی - نیمسال دوم,دانشگاه علوم پزشکی البرز - کرج
1399,تجربی,1939,904,منطقه 2,داروسازی,دانشگاه علوم پزشکی تهران
1399,تجربی,1939,904,منطقه 2,پزشکی - نیمسال اول,دانشگاه علوم پزشکی کردستان - سنندج
1399,تجربی,1943,194,ایثارگر-5%,پزشکی - نیمسال دوم,دانشگاه علوم پزشکی البرز - کرج
1399,تجربی,1943,906,منطقه 2,پزشکی - نیمسال اول,دانشگاه علوم پزشکی ارومیه
1399,تجربی,1943,906,منطقه 2,پزشکی - نیمسال اول,دانشگاه علوم پزشکی همدان
1399,تجربی,1948,195,ایثارگر-5%,دندانپزشکی,دانشگاه علوم پزشکی گلستان - گرگان
1399,تجربی,1948,633,منطقه 1,پزشکی - نیمسال اول,دانشگاه علوم پزشکی کرمان
1399,تجربی,1948,633,منطقه 1,پزشکی - نیمسال دوم,دانشگاه علوم پزشکی البرز - کرج
1399,تجربی,1948,909,منطقه 2,پزشکی,دانشگاه علوم پزشکی قزوین
1399,تجربی,1948,909,منطقه 2,پزشکی - نیمسال اول,دانشگاه علوم پزشکی مازندران - ساری
1399,تجربی,1953,635,منطقه 1,پزشکی - نیمسال اول,دانشگاه علوم پزشکی ارومیه
1399,تجربی,1953,911,منطقه 2,پزشکی - نیمسال اول,دانشگاه علوم پزشکی ارومیه
1399,تجربی,1953,911,منطقه 2,پزشکی - نیمسال اول,دانشگاه علوم پزشکی همدان
1399,تجربی,1956,408,منطقه 3,پزشکی,دانشگاه علوم پزشکی یزد
1399,تجربی,1956,913,منطقه 2,دندانپزشکی,دانشگاه علوم پزشکی کرمان
1399,تجربی,1960,410,منطقه 3,پزشکی - نیمسال اول,دانشگاه علوم پزشکی مازندران - ساری
1399,تجربی,1960,914,منطقه 2,دندانپزشکی,دانشگاه علوم پزشکی گیلان - رشت
1399,تجربی,1965,413,منطقه 3,پزشکی,دانشگاه علوم پزشکی ایران
1399,تجربی,1965,638,منطقه 1,دندانپزشکی,دانشگاه علوم پزشکی ارومیه
1399,تجربی,1965,915,منطقه 2,پزشکی - نیمسال اول,دانشگاه علوم پزشکی ارومیه
1399,تجربی,1968,639,منطقه 1,پزشکی,دانشگاه علوم پزشکی یزد
1399,تجربی,1968,916,منطقه 2,دندانپزشکی,دانشگاه علوم پزشکی قزوین
1399,تجربی,1968,916,منطقه 2,پزشکی - نیمسال اول,دانشگاه علوم پزشکی گیلان - رشت
1399,تجربی,1970,918,منطقه 2,دندانپزشکی,دانشگاه علوم پزشکی مازندران - ساری
1399,تجربی,1972,414,منطقه 3,دندانپزشکی,دانشگاه علوم پزشکی اصفهان
1399,تجربی,1972,414,منطقه 3,پزشکی - نیمسال اول,دانشگاه علوم پزشکی مازندران - ساری
1399,تجربی,1972,640,منطقه 1,دندانپزشکی,دانشگاه شاهد - تهران(رشته های پزشکی)
1399,تجربی,1975,920,منطقه 2,پزشکی,دانشگاه علوم پزشکی اردبیل
1399,تجربی,1975,920,منطقه 2,پزشکی,دانشگاه علوم پزشکی کاشان
1399,تجربی,1975,920,منطقه 2,پزشکی - نیمسال اول,دانشگاه علوم پزشکی مازندران - ساری
1399,تجربی,1978,922,منطقه 2,دندانپزشکی - نیمسال دوم,دانشگاه علوم پزشکی شهید بهشتی - تهران
1399,تجربی,1981,641,منطقه 1,دندانپزشکی,دانشگاه شاهد - تهران(رشته های پزشکی)
1399,تجربی,1981,923,منطقه 2,پزشکی - نیمسال اول,دانشگاه علوم پزشکی همدان
1399,تجربی,1981,923,منطقه 2,پزشکی - نیمسال اول,دانشگاه علوم پزشکی گیلان - رشت
1399,تجربی,1986,418,منطقه 3,دندانپزشکی,دانشگاه علوم پزشکی اردبیل
1399,تجربی,1986,926,منطقه 2,پزشکی,دانشگاه علوم پزشکی زنجان
1399,تجربی,1986,926,منطقه 2,پزشکی,دانشگاه علوم پزشکی کاشان
1399,تجربی,1986,926,منطقه 2,پزشکی - نیمسال اول,دانشگاه علوم پزشکی جندی شاپور اهواز
1399,تجربی,1990,198,ایثارگر-5%,دندانپزشکی,دانشگاه علوم پزشکی یزد
1399,تجربی,1990,643,منطقه 1,پزشکی - نیمسال اول,دانشگاه علوم پزشکی مازندران - ساری
1399,تجربی,1992,929,منطقه 2,پزشکی,دانشگاه علوم پزشکی یزد
1399,تجربی,1994,420,منطقه 3,پزشکی - نیمسال اول,دانشگاه علوم پزشکی کرمان
1399,تجربی,1994,930,منطقه 2,پزشکی - نیمسال اول,دانشگاه علوم پزشکی گیلان - رشت
1399,تجربی,1996,421,منطقه 3,پزشکی,دانشگاه علوم پزشکی یزد
1399,تجربی,1996,931,منطقه 2,دندانپزشکی,دانشگاه علوم پزشکی یزد
1399,تجربی,1999,933,منطقه 2,دندانپزشکی,دانشگاه علوم پزشکی بیرجند
1399,تجربی,1999,933,منطقه 2,پزشکی,دانشگاه علوم پزشکی قزوین
1399,تجربی,2004,199,ایثارگر-5%,دندانپزشکی,دانشگاه علوم پزشکی یزد
1399,تجربی,2004,423,منطقه 3,پزشکی - نیمسال دوم,دانشگاه علوم پزشکی سبزوار
1399,تجربی,2004,646,منطقه 1,پزشکی - نیمسال اول,دانشگاه علوم پزشکی شیراز
1399,تجربی,2009,200,ایثارگر-5%,دندانپزشکی,دانشگاه علوم پزشکی یزد
1399,تجربی,2009,425,منطقه 3,پزشکی - نیمسال اول,دانشگاه علوم پزشکی همدان
1399,تجربی,2009,425,منطقه 3,پزشکی - نیمسال اول,دانشگاه علوم پزشکی کرمان
1399,تجربی,2009,938,منطقه 2,پزشکی - نیمسال اول,دانشگاه علوم پزشکی کرمان
1399,تجربی,2014,201,ایثارگر-5%,پزشکی - نیمسال دوم,دانشگاه علوم پزشکی مازندران - ساری
1399,تجربی,2014,941,منطقه 2,دندانپزشکی,دانشگاه علوم پزشکی کاشان
1399,تجربی,2014,941,منطقه 2,پزشکی,دانشگاه علوم پزشکی یزد
1399,تجربی,2014,941,منطقه 2,پزشکی - نیمسال اول,دانشگاه علوم پزشکی مشهد
1399,تجربی,2019,649,منطقه 1,دندانپزشکی,دانشگاه علوم پزشکی مازندران - ساری
1399,تجربی,2019,649,منطقه 1,دندانپزشکی,دانشگاه علوم پزشکی گیلان - رشت
1399,تجربی,2024,652,منطقه 1,دندانپزشکی,دانشگاه علوم پزشکی سمنان
1399,تجربی,2028,202,ایثارگر-5%,داروسازی,دانشگاه علوم پزشکی تهران
1399,تجربی,2028,428,منطقه 3,پزشکی - نیمسال اول,دانشگاه علوم پزشکی ارومیه
1399,تجربی,2032,654,منطقه 1,دندانپزشکی,دانشگاه علوم پزشکی قزوین
1399,تجربی,2032,654,منطقه 1,پزشکی - نیمسال اول,دانشگاه علوم پزشکی همدان
1399,تجربی,2036,203,ایثارگر-5%,دندانپزشکی,دانشگاه علوم پزشکی جندی شاپور اهواز
1399,تجربی,2036,657,منطقه 1,دندانپزشکی,دانشگاه علوم پزشکی یزد
1399,تجربی,2036,657,منطقه 1,پزشکی - نیمسال اول,دانشگاه علوم پزشکی تبریز
1399,تجربی,2040,951,منطقه 2,دندانپزشکی,دانشگاه علوم پزشکی قم
1399,تجربی,2040,951,منطقه 2,دندانپزشکی,دانشگاه علوم پزشکی همدان
1399,تجربی,2044,204,ایثارگر-5%,دندانپزشکی - نیمسال دوم,دانشگاه علوم پزشکی شهید بهشتی - تهران
1399,تجربی,2044,432,منطقه 3,دندانپزشکی,دانشگاه علوم پزشکی یزد
1399,تجربی,2044,432,منطقه 3,پزشکی - نیمسال اول,دانشگاه علوم پزشکی کرمان
1399,تجربی,2044,953,منطقه 2,پزشکی - نیمسال اول,دانشگاه علوم پزشکی همدان
1399,تجربی,2044,953,منطقه 2,پزشکی - نیمسال دوم,دانشگاه علوم پزشکی البرز - کرج
1399,تجربی,2047,955,منطقه 2,پزشکی,دانشگاه علوم پزشکی بیرجند
1399,تجربی,2047,955,منطقه 2,پزشکی - نیمسال اول,دانشگاه علوم پزشکی همدان
1399,تجربی,2050,434,منطقه 3,پزشکی - نیمسال دوم,دانشگاه علوم پزشکی مازندران - ساری
1399,تجربی,2050,660,منطقه 1,پزشکی - نیمسال اول,دانشگاه علوم پزشکی تبریز
1399,تجربی,2050,957,منطقه 2,پزشکی - نیمسال دوم,دانشگاه علوم پزشکی گیلان - رشت
1399,تجربی,2054,205,ایثارگر-5%,پزشکی - نیمسال اول,دانشگاه علوم پزشکی گیلان - رشت
1399,تجربی,2054,661,منطقه 1,پزشکی,دانشگاه علوم پزشکی یزد
1399,تجربی,2054,958,منطقه 2,پزشکی,دانشگاه علوم پزشکی گلستان - گرگان
1399,تجربی,2056,960,منطقه 2,پزشکی - نیمسال اول,دانشگاه علوم پزشکی شهید بهشتی - تهران
1399,تجربی,2060,436,منطقه 3,پزشکی - نیمسال اول,دانشگاه علوم پزشکی کرمانشاه
1399,تجربی,2060,962,منطقه 2,داروسازی,دانشگاه علوم پزشکی اصفهان
1399,تجربی,2060,962,منطقه 2,پزشکی,دانشگاه علوم پزشکی بابل
1399,تجربی,2060,962,منطقه 2,پزشکی - نیمسال اول,دانشگاه علوم پزشکی جندی شاپور اهواز
1399,تجربی,2060,962,منطقه 2,پزشکی - نیمسال اول,دانشگاه علوم پزشکی شهید بهشتی - تهران
1399,تجربی,2064,206,ایثارگر-5%,دندانپزشکی,دانشگاه شاهد - تهران(رشته های پزشکی)
1399,تجربی,2064,965,منطقه 2,پزشکی,دانشگاه علوم پزشکی یزد
1399,تجربی,2064,965,منطقه 2,پزشکی - نیمسال اول,دانشگاه علوم پزشکی ارومیه
1399,تجربی,2067,437,منطقه 3,پزشکی - نیمسال دوم,دانشگاه علوم پزشکی شهید بهشتی - تهران
1399,تجربی,2067,664,منطقه 1,پزشکی - نیمسال اول,دانشگاه علوم پزشکی ارومیه
1399,تجربی,2067,967,منطقه 2,دندانپزشکی,دانشگاه علوم پزشکی سمنان
1399,تجربی,2069,438,منطقه 3,پزشکی - نیمسال دوم,دانشگاه علوم پزشکی کردستان - سنندج
1399,تجربی,2069,968,منطقه 2,پزشکی - نیمسال اول,دانشگاه علوم پزشکی زاهدان
1399,تجربی,2072,207,ایثارگر-5%,پزشکی,دانشگاه علوم پزشکی بیرجند
1399,تجربی,2072,969,منطقه 2,پزشکی,دانشگاه علوم پزشکی یزد
1399,تجربی,2072,969,منطقه 2,پزشکی - نیمسال اول,دانشگاه علوم پزشکی کرمان
1399,تجربی,2074,665,منطقه 1,دندانپزشکی,دانشگاه شاهد - تهران(رشته های پزشکی)
1399,تجربی,2074,971,منطقه 2,پزشکی - نیمسال اول,دانشگاه علوم پزشکی لرستان - خرم آباد
1399,تجربی,2078,440,منطقه 3,دندانپزشکی,دانشگاه علوم پزشکی کرمانشاه
1399,تجربی,2078,666,منطقه 1,پزشکی,دانشگاه علوم پزشکی بابل
1399,تجربی,2078,666,منطقه 1,پزشکی,دانشگاه علوم پزشکی یزد
1399,تجربی,2082,441,منطقه 3,دندانپزشکی,دانشگاه علوم پزشکی یزد
1399,تجربی,2082,441,منطقه 3,پزشکی - نیمسال اول,دانشگاه علوم پزشکی شیراز
1399,تجربی,2082,668,منطقه 1,دندانپزشکی,دانشگاه علوم پزشکی تبریز
1399,تجربی,2087,975,منطقه 2,پزشکی,دانشگاه علوم پزشکی بابل
1399,تجربی,2087,975,منطقه 2,پزشکی,دانشگاه علوم پزشکی قزوین
1399,تجربی,2087,975,منطقه 2,پزشکی - نیمسال دوم,دانشگاه علوم پزشکی مازندران - ساری
1399,تجربی,2093,209,ایثارگر-5%,پزشکی,دانشگاه علوم پزشکی قزوین
1399,تجربی,2093,209,ایثارگر-5%,پزشکی - نیمسال اول,دانشگاه علوم پزشکی همدان
1399,تجربی,2093,979,منطقه 2,دندانپزشکی,دانشگاه علوم پزشکی کاشان
1399,تجربی,2093,979,منطقه 2,پزشکی - نیمسال اول,دانشگاه علوم پزشکی شهرکرد
1399,تجربی,2100,445,منطقه 3,پزشکی - نیمسال اول,دانشگاه علوم پزشکی جندی شاپور اهواز
1399,تجربی,2100,673,منطقه 1,دندانپزشکی,دانشگاه علوم پزشکی کرمان
1399,تجربی,2100,673,منطقه 1,پزشکی - نیمسال اول,دانشگاه علوم پزشکی مشهد
1399,تجربی,2100,982,منطقه 2,پزشکی,دانشگاه علوم پزشکی بابل
1399,تجربی,2100,982,منطقه 2,پزشکی - نیمسال اول,دانشگاه علوم پزشکی شهید بهشتی - تهران
1399,تجربی,2104,675,منطقه 1,دندانپزشکی,دانشگاه علوم پزشکی مشهد
1399,تجربی,2108,986,منطقه 2,دندانپزشکی,دانشگاه علوم پزشکی کرمان
1399,تجربی,2108,986,منطقه 2,پزشکی,دانشگاه علوم پزشکی یزد
1399,تجربی,2108,986,منطقه 2,پزشکی - نیمسال اول,دانشگاه علوم پزشکی کرمانشاه
1399,تجربی,2112,989,منطقه 2,پزشکی,دانشگاه علوم پزشکی یزد
1399,تجربی,2115,449,منطقه 3,پزشکی - نیمسال اول,دانشگاه علوم پزشکی ارومیه
1399,تجربی,2115,990,منطقه 2,دندانپزشکی,دانشگاه علوم پزشکی رفسنجان
1399,تجربی,2117,991,منطقه 2,دندانپزشکی,دانشگاه علوم پزشکی یزد
1399,تجربی,2121,679,منطقه 1,دندانپزشکی - نیمسال اول,دانشگاه آزاداسلامی-واحدپزشکی تهران
1399,تجربی,2121,679,منطقه 1,پزشکی - نیمسال اول,دانشگاه علوم پزشکی ارومیه
1399,تجربی,2125,992,منطقه 2,پزشکی - نیمسال اول,دانشگاه علوم پزشکی گیلان - رشت
1399,تجربی,2129,454,منطقه 3,دندانپزشکی,دانشگاه علوم پزشکی همدان
1399,تجربی,2129,454,منطقه 3,پزشکی,دانشگاه علوم پزشکی یزد
1399,تجربی,2129,993,منطقه 2,پزشکی - نیمسال اول,دانشگاه علوم پزشکی کرمان
1399,تجربی,2133,456,منطقه 3,پزشکی,دانشگاه علوم پزشکی یزد
1399,تجربی,2133,456,منطقه 3,پزشکی - نیمسال اول,دانشگاه علوم پزشکی کرمان
1399,تجربی,2133,995,منطقه 2,پزشکی - نیمسال اول,دانشگاه علوم پزشکی لرستان - خرم آباد
1399,تجربی,2137,684,منطقه 1,پزشکی,دانشگاه علوم پزشکی کاشان
1399,تجربی,2137,996,منطقه 2,پزشکی,دانشگاه علوم پزشکی قزوین
1399,تجربی,2137,996,منطقه 2,پزشکی,دانشگاه علوم پزشکی یزد
1399,تجربی,2141,458,منطقه 3,دندانپزشکی,دانشگاه علوم پزشکی کردستان - سنندج
1399,تجربی,2141,686,منطقه 1,پزشکی - نیمسال اول,دانشگاه علوم پزشکی شیراز
1399,تجربی,2145,688,منطقه 1,دندانپزشکی,دانشگاه علوم پزشکی یزد
1399,تجربی,2145,688,منطقه 1,پزشکی - نیمسال دوم,دانشگاه علوم پزشکی البرز - کرج
1399,تجربی,2145,998,منطقه 2,دندانپزشکی,دانشگاه علوم پزشکی کاشان
1399,تجربی,2145,998,منطقه 2,پزشکی - نیمسال دوم,دانشگاه علوم پزشکی مازندران - ساری
1399,تجربی,2150,214,ایثارگر-5%,پزشکی,دانشگاه شاهد - تهران(رشته های پزشکی)
1399,تجربی,2150,691,منطقه 1,پزشکی,دانشگاه علوم پزشکی فسا
1399,تجربی,2150,1000,منطقه 2,پزشکی - نیمسال دوم,دانشگاه علوم پزشکی البرز - کرج
1399,تجربی,2150,1000,منطقه 2,پزشکی - نیمسال دوم,دانشگاه علوم پزشکی مازندران - ساری
1399,تجربی,2157,461,منطقه 3,دندانپزشکی,دانشگاه علوم پزشکی بیرجند
1399,تجربی,2157,461,منطقه 3,پزشکی - نیمسال اول,دانشگاه علوم پزشکی جندی شاپور اهواز
1399,تجربی,2160,694,منطقه 1,دندانپزشکی,دانشگاه علوم پزشکی گیلان - رشت
1399,تجربی,2160,694,منطقه 1,پزشکی - نیمسال دوم,دانشگاه علوم پزشکی البرز - کرج
1399,تجربی,2160,694,منطقه 1,پزشکی - نیمسال دوم,دانشگاه علوم پزشکی مازندران - ساری
1399,تجربی,2168,464,منطقه 3,پزشکی,دانشگاه علوم پزشکی یزد
1399,تجربی,2168,698,منطقه 1,پزشکی,دانشگاه علوم پزشکی بابل
1399,تجربی,2171,465,منطقه 3,پزشکی - نیمسال اول,دانشگاه علوم پزشکی کرمانشاه
1399,تجربی,2173,218,ایثارگر-5%,دندانپزشکی - نیمسال اول,دانشگاه آزاد اسلامی-واحد خوراسگان
1399,تجربی,2178,702,منطقه 1,پزشکی - نیمسال دوم,دانشگاه علوم پزشکی ارومیه
1399,تجربی,2183,704,منطقه 1,پزشکی - نیمسال اول,دانشگاه علوم پزشکی جهرم
1399,تجربی,2187,469,منطقه 3,دندانپزشکی,دانشگاه علوم پزشکی شیراز
1399,تجربی,2187,469,منطقه 3,پزشکی - نیمسال اول,دانشگاه علوم پزشکی ارومیه
1399,تجربی,2196,472,منطقه 3,دندانپزشکی,دانشگاه علوم پزشکی ارومیه
1399,تجربی,2196,472,منطقه 3,پزشکی,دانشگاه علوم پزشکی بوشهر
1399,تجربی,2196,706,منطقه 1,داروسازی - نیمسال اول,دانشگاه علوم پزشکی تبریز
1399,تجربی,2201,707,منطقه 1,دندانپزشکی,دانشگاه علوم پزشکی یزد
1399,تجربی,2203,222,ایثارگر-5%,دندانپزشکی,دانشگاه علوم پزشکی بابل
1399,تجربی,2211,475,منطقه 3,پزشکی - نیمسال اول,دانشگاه علوم پزشکی شاهرود
1399,تجربی,2213,225,ایثارگر-5%,دندانپزشکی,دانشگاه علوم پزشکی جندی شاپور اهواز
1399,تجربی,2223,478,منطقه 3,دندانپزشکی,دانشگاه علوم پزشکی یزد
1399,تجربی,2223,478,منطقه 3,پزشکی - نیمسال اول,دانشگاه علوم پزشکی ارومیه
1399,تجربی,2223,710,منطقه 1,پزشکی,دانشگاه علوم پزشکی گلستان - گرگان
1399,تجربی,2229,480,منطقه 3,پزشکی - نیمسال اول,دانشگاه علوم پزشکی شیراز
1399,تجربی,2229,712,منطقه 1,پزشکی,دانشگاه علوم پزشکی کاشان
1399,تجربی,2233,714,منطقه 1,داروسازی,دانشگاه علوم پزشکی مشهد
1399,تجربی,2233,714,منطقه 1,دندانپزشکی,دانشگاه علوم پزشکی کاشان
1399,تجربی,2238,716,منطقه 1,پزشکی,دانشگاه علوم پزشکی یزد
1399,تجربی,2242,227,ایثارگر-5%,پزشکی,دانشگاه علوم پزشکی ایلام
1399,تجربی,2242,481,منطقه 3,پزشکی - نیمسال اول,دانشگاه علوم پزشکی جهرم
1399,تجربی,2242,718,منطقه 1,دندانپزشکی,دانشگاه علوم پزشکی بابل
1399,تجربی,2248,720,منطقه 1,پزشکی - نیمسال دوم,دانشگاه علوم پزشکی البرز - کرج
1399,تجربی,2251,722,منطقه 1,دندانپزشکی,دانشگاه علوم پزشکی گیلان - رشت
1399,تجربی,2255,229,ایثارگر-5%,پزشکی - نیمسال دوم,دانشگاه علوم پزشکی مازندران - ساری
1399,تجربی,2255,725,منطقه 1,پزشکی,دانشگاه علوم پزشکی یزد
1399,تجربی,2255,725,منطقه 1,پزشکی - نیمسال دوم,دانشگاه علوم پزشکی البرز - کرج
1399,تجربی,2259,484,منطقه 3,پزشکی - نیمسال دوم,دانشگاه علوم پزشکی گیلان - رشت
1399,تجربی,2259,727,منطقه 1,دندانپزشکی,دانشگاه علوم پزشکی مشهد
1399,تجربی,2265,230,ایثارگر-5%,داروسازی - نیمسال اول,دانشگاه علوم پزشکی تبریز
1399,تجربی,2271,486,منطقه 3,پزشکی - نیمسال اول,دانشگاه علوم پزشکی ارومیه
1399,تجربی,2277,488,منطقه 3,دندانپزشکی,دانشگاه علوم پزشکی ارومیه
1399,تجربی,2277,488,منطقه 3,پزشکی,دانشگاه علوم پزشکی یزد
1399,تجربی,2277,733,منطقه 1,دندانپزشکی,دانشگاه علوم پزشکی کاشان
1399,تجربی,2282,233,ایثارگر-5%,دندانپزشکی,دانشگاه علوم پزشکی مازندران - ساری
1399,تجربی,2287,234,ایثارگر-5%,دندانپزشکی,دانشگاه علوم پزشکی ارومیه
1399,تجربی,2287,737,منطقه 1,دندانپزشکی - نیمسال اول,دانشگاه آزاداسلامی-واحدپزشکی تهران
1399,تجربی,2293,490,منطقه 3,دندانپزشکی,دانشگاه علوم پزشکی گلستان - گرگان
1399,تجربی,2293,490,منطقه 3,پزشکی - نیمسال اول,دانشگاه علوم پزشکی جندی شاپور اهواز
1399,تجربی,2293,739,منطقه 1,پزشکی - نیمسال دوم,دانشگاه علوم پزشکی مازندران - ساری
1399,تجربی,2298,492,منطقه 3,پزشکی - نیمسال اول,دانشگاه علوم پزشکی شیراز
1399,تجربی,2303,493,منطقه 3,پزشکی - نیمسال دوم,دانشگاه علوم پزشکی گیلان - رشت
1399,تجربی,2303,742,منطقه 1,پزشکی - نیمسال اول,دانشگاه علوم پزشکی شیراز
1399,تجربی,2312,495,منطقه 3,داروسازی - نیمسال اول,دانشگاه علوم پزشکی تبریز
1399,تجربی,2312,495,منطقه 3,پزشکی - نیمسال اول,دانشگاه علوم پزشکی جندی شاپور اهواز
1399,تجربی,2316,497,منطقه 3,پزشکی,دانشگاه علوم پزشکی یزد
1399,تجربی,2321,499,منطقه 3,پزشکی,دانشگاه علوم پزشکی اردبیل
1399,تجربی,2321,744,منطقه 1,پزشکی - نیمسال اول,دانشگاه علوم پزشکی مشهد
1399,تجربی,2326,745,منطقه 1,پزشکی,دانشگاه علوم پزشکی بیرجند
1399,تجربی,2331,501,منطقه 3,پزشکی,دانشگاه علوم پزشکی اردبیل
1399,تجربی,2331,501,منطقه 3,پزشکی - نیمسال دوم,دانشگاه علوم پزشکی همدان
1399,تجربی,2331,501,منطقه 3,پزشکی - نیمسال دوم,دانشگاه علوم پزشکی گیلان - رشت
1399,تجربی,2336,504,منطقه 3,پزشکی - نیمسال دوم,دانشگاه علوم پزشکی گیلان - رشت
1399,تجربی,2336,746,منطقه 1,پزشکی - نیمسال دوم,دانشگاه علوم پزشکی البرز - کرج
1399,تجربی,2340,238,ایثارگر-5%,پزشکی - نیمسال دوم,دانشگاه علوم پزشکی تبریز
1399,تجربی,2340,747,منطقه 1,دندانپزشکی,دانشگاه علوم پزشکی ارومیه
1399,تجربی,2346,239,ایثارگر-5%,پزشکی - نیمسال دوم,دانشگاه علوم پزشکی البرز - کرج
1399,تجربی,2346,506,منطقه 3,داروسازی,دانشگاه علوم پزشکی تهران
1399,تجربی,2346,506,منطقه 3,پزشکی - نیمسال اول,دانشگاه علوم پزشکی یاسوج
1399,تجربی,2351,240,ایثارگر-5%,دندانپزشکی,دانشگاه علوم پزشکی خراسان شمالی - بجنورد
1399,تجربی,2351,508,منطقه 3,پزشکی - نیمسال اول,دانشگاه علوم پزشکی ارومیه
1399,تجربی,2351,508,منطقه 3,پزشکی - نیمسال اول,دانشگاه علوم پزشکی کرمانشاه
1399,تجربی,2359,241,ایثارگر-5%,پزشکی - نیمسال اول,دانشگاه علوم پزشکی تبریز
1399,تجربی,2359,241,ایثارگر-5%,پزشکی - نیمسال اول,دانشگاه علوم پزشکی جندی شاپور اهواز
1399,تجربی,2359,511,منطقه 3,دندانپزشکی,دانشگاه علوم پزشکی زاهدان
1399,تجربی,2359,511,منطقه 3,پزشکی,دانشگاه علوم پزشکی گلستان - گرگان
1399,تجربی,2359,751,منطقه 1,داروسازی,دانشگاه علوم پزشکی تهران
1399,تجربی,2359,751,منطقه 1,پزشکی,دانشگاه علوم پزشکی کاشان
1399,تجربی,2366,754,منطقه 1,پزشکی,دانشگاه علوم پزشکی قزوین
1399,تجربی,2370,514,منطقه 3,پزشکی - نیمسال اول,دانشگاه علوم پزشکی شیراز
1399,تجربی,2370,755,منطقه 1,پزشکی - نیمسال اول,دانشگاه علوم پزشکی ارومیه
1399,تجربی,2374,757,منطقه 1,پزشکی - نیمسال اول,دانشگاه علوم پزشکی ارومیه
1399,تجربی,2378,244,ایثارگر-5%,پزشکی,دانشگاه علوم پزشکی فسا
1399,تجربی,2378,517,منطقه 3,پزشکی - نیمسال اول,دانشگاه علوم پزشکی کرمانشاه
1399,تجربی,2378,759,منطقه 1,داروسازی,دانشگاه علوم پزشکی مشهد
1399,تجربی,2378,759,منطقه 1,پزشکی - نیمسال اول,دانشگاه آزاداسلامی-واحدپزشکی تهران
1399,تجربی,2384,245,ایثارگر-5%,پزشکی,دانشگاه علوم پزشکی یزد
1399,تجربی,2384,519,منطقه 3,پزشکی - نیمسال اول,دانشگاه علوم پزشکی ارومیه
1399,تجربی,2384,762,منطقه 1,دندانپزشکی,دانشگاه علوم پزشکی قزوین
1399,تجربی,2389,520,منطقه 3,پزشکی - نیمسال اول,دانشگاه علوم پزشکی جندی شاپور اهواز
1399,تجربی,2389,764,منطقه 1,دندانپزشکی,دانشگاه شاهد - تهران(رشته های پزشکی)
1399,تجربی,2401,522,منطقه 3,دندانپزشکی,دانشگاه علوم پزشکی جندی شاپور اهواز
1399,تجربی,2401,522,منطقه 3,پزشکی - نیمسال دوم,دانشگاه علوم پزشکی همدان
1399,تجربی,2401,767,منطقه 1,دندانپزشکی,دانشگاه شاهد - تهران(رشته های پزشکی)
1399,تجربی,2401,767,منطقه 1,دندانپزشکی,دانشگاه علوم پزشکی گیلان - رشت
1399,تجربی,2409,247,ایثارگر-5%,پزشکی - نیمسال اول,دانشگاه علوم پزشکی ارومیه
1399,تجربی,2409,247,ایثارگر-5%,پزشکی - نیمسال اول,دانشگاه علوم پزشکی سبزوار
1399,تجربی,2409,524,منطقه 3,پزشکی,دانشگاه علوم پزشکی ایلام
1399,تجربی,2409,769,منطقه 1,دندانپزشکی,دانشگاه علوم پزشکی سمنان
1399,تجربی,2415,526,منطقه 3,پزشکی - نیمسال اول,دانشگاه علوم پزشکی جندی شاپور اهواز
1399,تجربی,2417,528,منطقه 3,پزشکی - نیمسال اول,دانشگاه علوم پزشکی ارومیه
1399,تجربی,2422,249,ایثارگر-5%,پزشکی - نیمسال اول,دانشگاه علوم پزشکی بقیه الله
1399,تجربی,2422,249,ایثارگر-5%,پزشکی - نیمسال دوم,دانشگاه علوم پزشکی همدان
1399,تجربی,2422,772,منطقه 1,دندانپزشکی,دانشگاه علوم پزشکی یاسوج
1399,تجربی,2422,772,منطقه 1,پزشکی - نیمسال دوم,دانشگاه علوم پزشکی مازندران - ساری
1399,تجربی,2433,252,ایثارگر-5%,پزشکی - نیمسال اول,دانشگاه علوم پزشکی لرستان - خرم آباد
1399,تجربی,2433,252,ایثارگر-5%,پزشکی - نیمسال اول,دانشگاه علوم پزشکی همدان
1399,تجربی,2433,531,منطقه 3,پزشکی,دانشگاه علوم پزشکی یزد
1399,تجربی,2433,776,منطقه 1,داروسازی,دانشگاه علوم پزشکی تهران
1399,تجربی,2433,776,منطقه 1,پزشکی,دانشگاه علوم پزشکی بیرجند
1399,تجربی,2438,778,منطقه 1,داروسازی,دانشگاه علوم پزشکی تهران
1399,تجربی,2443,254,ایثارگر-5%,پزشکی - نیمسال دوم,دانشگاه علوم پزشکی البرز - کرج
1399,تجربی,2443,533,منطقه 3,پزشکی,دانشگاه علوم پزشکی یزد
1399,تجربی,2443,533,منطقه 3,پزشکی - نیمسال اول,دانشگاه علوم پزشکی ارومیه
1399,تجربی,2443,781,منطقه 1,دندانپزشکی,دانشگاه علوم پزشکی ارومیه
1399,تجربی,2450,255,ایثارگر-5%,داروسازی,دانشگاه علوم پزشکی تهران
1399,تجربی,2450,784,منطقه 1,داروسازی - نیمسال اول,دانشگاه علوم پزشکی تبریز
1399,تجربی,2455,257,ایثارگر-5%,پزشکی,دانشگاه علوم پزشکی ایران
1399,تجربی,2459,535,منطقه 3,پزشکی - نیمسال دوم,دانشگاه علوم پزشکی ارومیه
1399,تجربی,2459,787,منطقه 1,پزشکی - نیمسال اول,دانشگاه علوم پزشکی تبریز
1399,تجربی,2459,787,منطقه 1,پزشکی - نیمسال دوم,دانشگاه علوم پزشکی مازندران - ساری
1399,تجربی,2463,258,ایثارگر-5%,دندانپزشکی,دانشگاه علوم پزشکی جندی شاپور اهواز
1399,تجربی,2463,258,ایثارگر-5%,پزشکی,دانشگاه علوم پزشکی ایران
1399,تجربی,2463,536,منطقه 3,پزشکی - نیمسال اول,دانشگاه علوم پزشکی جهرم
1399,تجربی,2466,537,منطقه 3,دندانپزشکی,دانشگاه علوم پزشکی زاهدان
1399,تجربی,2466,537,منطقه 3,پزشکی,دانشگاه علوم پزشکی بابل
1399,تجربی,2472,539,منطقه 3,پزشکی - نیمسال دوم,دانشگاه علوم پزشکی ارومیه
1399,تجربی,2482,261,ایثارگر-5%,پزشکی,دانشگاه علوم پزشکی یزد
1399,تجربی,2482,541,منطقه 3,پزشکی - نیمسال دوم,دانشگاه علوم پزشکی ارومیه
1399,تجربی,2482,790,منطقه 1,پزشکی - نیمسال اول,دانشگاه علوم پزشکی مشهد
1399,تجربی,2489,543,منطقه 3,داروسازی,دانشگاه علوم پزشکی البرز - کرج
1399,تجربی,2489,792,منطقه 1,پزشکی - نیمسال اول,دانشگاه علوم پزشکی مشهد
1399,تجربی,2494,544,منطقه 3,پزشکی - نیمسال دوم,دانشگاه علوم پزشکی ارومیه
1399,تجربی,2494,544,منطقه 3,پزشکی - نیمسال دوم,دانشگاه علوم پزشکی کرمان
1399,تجربی,2501,547,منطقه 3,دندانپزشکی,دانشگاه علوم پزشکی کردستان - سنندج
1399,تجربی,2501,547,منطقه 3,پزشکی - نیمسال اول,دانشگاه علوم پزشکی جندی شاپور اهواز
1399,تجربی,2501,547,منطقه 3,پزشکی - نیمسال دوم,دانشگاه علوم پزشکی ارومیه
1399,تجربی,2505,549,منطقه 3,دندانپزشکی,دانشگاه علوم پزشکی کرمان
1399,تجربی,2507,550,منطقه 3,پزشکی,دانشگاه علوم پزشکی بابل
1399,تجربی,2509,796,منطقه 1,پزشکی - نیمسال اول,دانشگاه علوم پزشکی جندی شاپور اهواز
1399,تجربی,2512,551,منطقه 3,پزشکی - نیمسال اول,دانشگاه علوم پزشکی یاسوج
1399,تجربی,2514,552,منطقه 3,پزشکی - نیمسال اول,دانشگاه علوم پزشکی جندی شاپور اهواز
1399,تجربی,2517,554,منطقه 3,پزشکی,دانشگاه علوم پزشکی یزد
1399,تجربی,2517,554,منطقه 3,پزشکی - نیمسال دوم,دانشگاه علوم پزشکی مازندران - ساری
1399,تجربی,2521,799,منطقه 1,پزشکی - نیمسال اول,دانشگاه علوم پزشکی تبریز
1399,تجربی,2526,557,منطقه 3,پزشکی,دانشگاه علوم پزشکی یزد
1399,تجربی,2526,557,منطقه 3,پزشکی - نیمسال اول,دانشگاه علوم پزشکی جندی شاپور اهواز
1399,تجربی,2526,557,منطقه 3,پزشکی - نیمسال دوم,دانشگاه علوم پزشکی اصفهان
1399,تجربی,2537,560,منطقه 3,پزشکی,دانشگاه علوم پزشکی ایران
1399,تجربی,2542,264,ایثارگر-5%,دندانپزشکی,دانشگاه علوم پزشکی خراسان شمالی - بجنورد
1399,تجربی,2542,562,منطقه 3,پزشکی - نیمسال دوم,دانشگاه علوم پزشکی اصفهان
1399,تجربی,2542,803,منطقه 1,پزشکی - نیمسال دوم,دانشگاه علوم پزشکی ارومیه
1399,تجربی,2547,563,منطقه 3,دندانپزشکی,دانشگاه علوم پزشکی بابل
1399,تجربی,2547,806,منطقه 1,دندانپزشکی,دانشگاه علوم پزشکی تبریز
1399,تجربی,2547,806,منطقه 1,پزشکی - نیمسال اول,دانشگاه علوم پزشکی کرمان
1399,تجربی,2552,565,منطقه 3,دندانپزشکی,دانشگاه علوم پزشکی کرمان
1399,تجربی,2552,565,منطقه 3,دندانپزشکی,دانشگاه علوم پزشکی گیلان - رشت
1399,تجربی,2558,809,منطقه 1,پزشکی - نیمسال اول,دانشگاه علوم پزشکی کرمان
1399,تجربی,2563,269,ایثارگر-5%,پزشکی - نیمسال اول,دانشگاه علوم پزشکی ارومیه
1399,تجربی,2563,812,منطقه 1,پزشکی - نیمسال اول,دانشگاه علوم پزشکی جندی شاپور اهواز
1399,تجربی,2563,812,منطقه 1,پزشکی - نیمسال دوم,دانشگاه علوم پزشکی مازندران - ساری
1399,تجربی,2570,570,منطقه 3,دندانپزشکی,دانشگاه علوم پزشکی یاسوج
1399,تجربی,2570,570,منطقه 3,پزشکی - نیمسال اول,دانشگاه علوم پزشکی شهرکرد
1399,تجربی,2570,816,منطقه 1,پزشکی - نیمسال دوم,دانشگاه علوم پزشکی ارومیه
1399,تجربی,2575,572,منطقه 3,پزشکی - نیمسال اول,دانشگاه علوم پزشکی کرمان
1399,تجربی,2575,818,منطقه 1,پزشکی - نیمسال دوم,دانشگاه علوم پزشکی مازندران - ساری
1399,تجربی,2580,272,ایثارگر-5%,پزشکی,دانشگاه علوم پزشکی کاشان
1399,تجربی,2580,272,ایثارگر-5%,پزشکی - نیمسال دوم,دانشگاه علوم پزشکی ارومیه
1399,تجربی,2580,821,منطقه 1,پزشکی,دانشگاه علوم پزشکی فسا
1399,تجربی,2580,821,منطقه 1,پزشکی - نیمسال اول,دانشگاه علوم پزشکی شیراز
1399,تجربی,2585,576,منطقه 3,پزشکی,دانشگاه علوم پزشکی ایران
1399,تجربی,2591,578,منطقه 3,داروسازی - بومی هرمزگان,دانشگاه علوم پزشکی بندرعباس
1399,تجربی,2601,582,منطقه 3,دندانپزشکی,دانشگاه علوم پزشکی خراسان شمالی - بجنورد
1399,تجربی,2601,827,منطقه 1,دندانپزشکی - نیمسال اول,دانشگاه آزاداسلامی-واحدپزشکی تهران
1399,تجربی,2609,276,ایثارگر-5%,شنوایی شناسی,دانشگاه علوم پزشکی جندی شاپور اهواز
1399,تجربی,2609,585,منطقه 3,دندانپزشکی,دانشگاه علوم پزشکی جندی شاپور اهواز
1399,تجربی,2609,585,منطقه 3,پزشکی - نیمسال اول,دانشگاه علوم پزشکی لرستان - خرم آباد
1399,تجربی,2609,831,منطقه 1,پزشکی,دانشگاه علوم پزشکی گلستان - گرگان
1399,تجربی,2614,587,منطقه 3,پزشکی,دانشگاه علوم پزشکی یزد
1399,تجربی,2617,277,ایثارگر-5%,پزشکی - نیمسال اول,دانشگاه علوم پزشکی جندی شاپور اهواز
1399,تجربی,2623,278,ایثارگر-5%,پزشکی - نیمسال دوم,دانشگاه علوم پزشکی همدان
1399,تجربی,2623,835,منطقه 1,دندانپزشکی,دانشگاه علوم پزشکی مشهد
1399,تجربی,2623,835,منطقه 1,پزشکی,دانشگاه علوم پزشکی بیرجند
1399,تجربی,2629,279,ایثارگر-5%,پزشکی - نیمسال دوم,دانشگاه علوم پزشکی شهید بهشتی - تهران
1399,تجربی,2629,589,منطقه 3,پزشکی - نیمسال اول,دانشگاه علوم پزشکی مازندران - ساری
1399,تجربی,2629,837,منطقه 1,پزشکی - نیمسال اول,دانشگاه علوم پزشکی سمنان
1399,تجربی,2634,281,ایثارگر-5%,پزشکی,دانشگاه علوم پزشکی گلستان - گرگان
1399,تجربی,2634,281,ایثارگر-5%,پزشکی - نیمسال اول,دانشگاه آزاداسلامی-واحدپزشکی تهران
1399,تجربی,2634,281,ایثارگر-5%,پزشکی - نیمسال اول,دانشگاه علوم پزشکی اراک
1399,تجربی,2634,590,منطقه 3,دندانپزشکی,دانشگاه علوم پزشکی گلستان - گرگان
1399,تجربی,2641,593,منطقه 3,پزشکی - نیمسال اول,دانشگاه علوم پزشکی جهرم
1399,تجربی,2641,593,منطقه 3,پزشکی - نیمسال اول,دانشگاه علوم پزشکی کردستان - سنندج
1399,تجربی,2641,841,منطقه 1,دندانپزشکی - نیمسال دوم,دانشگاه آزاداسلامی-واحدپزشکی تهران
1399,تجربی,2641,841,منطقه 1,پزشکی - نیمسال اول,دانشگاه علوم پزشکی مشهد
1399,تجربی,2641,841,منطقه 1,پزشکی - نیمسال دوم,دانشگاه علوم پزشکی ارومیه
1399,تجربی,2647,596,منطقه 3,دندانپزشکی,دانشگاه علوم پزشکی بابل
1399,تجربی,2647,844,منطقه 1,پزشکی,دانشگاه علوم پزشکی اردبیل
1399,تجربی,2647,844,منطقه 1,پزشکی,دانشگاه علوم پزشکی اصفهان
1399,تجربی,2651,283,ایثارگر-5%,داروسازی,دانشگاه علوم پزشکی شهید بهشتی - تهران
1399,تجربی,2651,846,منطقه 1,دندانپزشکی,دانشگاه علوم پزشکی گیلان - رشت
1399,تجربی,2654,597,منطقه 3,پزشکی,دانشگاه علوم پزشکی بیرجند
1399,تجربی,2659,284,ایثارگر-5%,پزشکی - نیمسال دوم,دانشگاه علوم پزشکی همدان
1399,تجربی,2659,599,منطقه 3,دندانپزشکی,دانشگاه علوم پزشکی زنجان
1399,تجربی,2659,599,منطقه 3,پزشکی,دانشگاه علوم پزشکی ایران
1399,تجربی,2659,599,منطقه 3,پزشکی - نیمسال اول,دانشگاه علوم پزشکی کردستان - سنندج
1399,تجربی,2659,847,منطقه 1,پزشکی - نیمسال دوم,دانشگاه علوم پزشکی ارومیه
1399,تجربی,2665,286,ایثارگر-5%,پزشکی - نیمسال اول,دانشگاه علوم پزشکی البرز - کرج
1399,تجربی,2665,602,منطقه 3,پزشکی - نیمسال اول,دانشگاه علوم پزشکی کرمانشاه
1399,تجربی,2671,604,منطقه 3,پزشکی - نیمسال اول,دانشگاه علوم پزشکی جندی شاپور اهواز
1399,تجربی,2678,606,منطقه 3,پزشکی - نیمسال اول,دانشگاه علوم پزشکی مازندران - ساری
1399,تجربی,2678,606,منطقه 3,پزشکی - نیمسال اول,دانشگاه علوم پزشکی کردستان - سنندج
1399,تجربی,2682,288,ایثارگر-5%,پزشکی - نیمسال دوم,دانشگاه علوم پزشکی همدان
1399,تجربی,2682,608,منطقه 3,پزشکی - نیمسال دوم,دانشگاه علوم پزشکی مازندران - ساری
1399,تجربی,2688,851,منطقه 1,داروسازی,دانشگاه علوم پزشکی تهران
1399,تجربی,2688,851,منطقه 1,پزشکی - نیمسال اول,دانشگاه علوم پزشکی مشهد
1399,تجربی,2692,853,منطقه 1,پزشکی - نیمسال اول,دانشگاه علوم پزشکی شیراز
1399,تجربی,2697,612,منطقه 3,پزشکی,دانشگاه علوم پزشکی ایلام
1399,تجربی,2697,612,منطقه 3,پزشکی - نیمسال اول,دانشگاه علوم پزشکی جندی شاپور اهواز
1399,تجربی,2705,614,منطقه 3,پزشکی - نیمسال دوم,دانشگاه علوم پزشکی همدان
1399,تجربی,2705,614,منطقه 3,پزشکی - نیمسال دوم,دانشگاه علوم پزشکی گیلان - رشت
1399,تجربی,2705,855,منطقه 1,پزشکی - نیمسال دوم,دانشگاه علوم پزشکی همدان
1399,تجربی,2710,616,منطقه 3,پزشکی - نیمسال اول,دانشگاه علوم پزشکی کرمان
1399,تجربی,2715,291,ایثارگر-5%,دندانپزشکی,دانشگاه علوم پزشکی تبریز
1399,تجربی,2715,291,ایثارگر-5%,دندانپزشکی,دانشگاه علوم پزشکی گیلان - رشت
1399,تجربی,2715,291,ایثارگر-5%,پزشکی - نیمسال اول,دانشگاه علوم پزشکی ارومیه
1399,تجربی,2715,617,منطقه 3,پزشکی - نیمسال اول,دانشگاه علوم پزشکی کرمانشاه
1399,تجربی,2721,293,ایثارگر-5%,پزشکی,دانشگاه علوم پزشکی بابل
1399,تجربی,2721,618,منطقه 3,پزشکی - نیمسال اول,دانشگاه علوم پزشکی جهرم
1399,تجربی,2725,294,ایثارگر-5%,دندانپزشکی - نیمسال اول,دانشگاه آزاداسلامی-واحدپزشکی تهران
1399,تجربی,2725,619,منطقه 3,دندانپزشکی,دانشگاه علوم پزشکی قم
1399,تجربی,2725,619,منطقه 3,پزشکی,دانشگاه علوم پزشکی یزد
1399,تجربی,2729,621,منطقه 3,پزشکی - نیمسال اول,دانشگاه علوم پزشکی کرمان
1399,تجربی,2733,861,منطقه 1,پزشکی,دانشگاه علوم پزشکی قزوین
1399,تجربی,2737,623,منطقه 3,پزشکی - نیمسال دوم,دانشگاه علوم پزشکی همدان
1399,تجربی,2741,624,منطقه 3,پزشکی,دانشگاه علوم پزشکی بابل
1399,تجربی,2741,865,منطقه 1,دندانپزشکی,دانشگاه علوم پزشکی بوشهر
1399,تجربی,2741,865,منطقه 1,پزشکی - نیمسال دوم,دانشگاه علوم پزشکی گیلان - رشت
1399,تجربی,2750,297,ایثارگر-5%,پزشکی - نیمسال اول,دانشگاه علوم پزشکی بقیه الله
1399,تجربی,2750,627,منطقه 3,دندانپزشکی,دانشگاه علوم پزشکی ایلام
1399,تجربی,2750,627,منطقه 3,پزشکی - نیمسال دوم,دانشگاه علوم پزشکی کرمان
1399,تجربی,2750,867,منطقه 1,پزشکی - نیمسال دوم,دانشگاه علوم پزشکی ارومیه
1399,تجربی,2760,871,منطقه 1,پزشکی,دانشگاه علوم پزشکی قزوین
1399,تجربی,2760,871,منطقه 1,پزشکی - نیمسال دوم,دانشگاه علوم پزشکی ارومیه
1399,تجربی,2763,298,ایثارگر-5%,پزشکی,دانشگاه علوم پزشکی زنجان
1399,تجربی,2763,629,منطقه 3,پزشکی - نیمسال دوم,دانشگاه علوم پزشکی ارومیه
1399,تجربی,2766,630,منطقه 3,دندانپزشکی,دانشگاه علوم پزشکی مازندران - ساری
1399,تجربی,2766,873,منطقه 1,پزشکی - نیمسال اول,دانشگاه علوم پزشکی شیراز
1399,تجربی,2770,299,ایثارگر-5%,پزشکی - نیمسال اول,دانشگاه علوم پزشکی کرمان
1399,تجربی,2770,631,منطقه 3,پزشکی - نیمسال اول,دانشگاه علوم پزشکی کرمان
1399,تجربی,2776,300,ایثارگر-5%,پزشکی - نیمسال دوم,دانشگاه علوم پزشکی مازندران - ساری
1399,تجربی,2776,876,منطقه 1,پزشکی - نیمسال اول,دانشگاه علوم پزشکی کرمان
1399,تجربی,2780,301,ایثارگر-5%,پزشکی - نیمسال دوم,دانشگاه علوم پزشکی همدان
1399,تجربی,2780,632,منطقه 3,پزشکی - نیمسال دوم,دانشگاه علوم پزشکی گیلان - رشت
1399,تجربی,2786,634,منطقه 3,دندانپزشکی,دانشگاه علوم پزشکی خراسان شمالی - بجنورد
1399,تجربی,2786,880,منطقه 1,دندانپزشکی,دانشگاه علوم پزشکی کرمان
1399,تجربی,2786,880,منطقه 1,پزشکی - نیمسال دوم,دانشگاه علوم پزشکی مشهد
1399,تجربی,2786,880,منطقه 1,پزشکی - نیمسال دوم,دانشگاه علوم پزشکی همدان
1399,تجربی,2790,635,منطقه 3,پزشکی - نیمسال اول,دانشگاه علوم پزشکی یاسوج
1399,تجربی,2790,882,منطقه 1,داروسازی - نیمسال اول,دانشگاه علوم پزشکی تبریز
1399,تجربی,2794,637,منطقه 3,پزشکی - نیمسال دوم,دانشگاه علوم پزشکی همدان
1399,تجربی,2794,883,منطقه 1,دندانپزشکی,دانشگاه علوم پزشکی شیراز
1399,تجربی,2794,883,منطقه 1,پزشکی - نیمسال اول,دانشگاه علوم پزشکی جندی شاپور اهواز
1399,تجربی,2798,638,منطقه 3,دندانپزشکی,دانشگاه علوم پزشکی بیرجند
1399,تجربی,2802,885,منطقه 1,داروسازی,دانشگاه علوم پزشکی مشهد
1399,تجربی,2810,643,منطقه 3,دندانپزشکی,دانشگاه علوم پزشکی مازندران - ساری
1399,تجربی,2810,643,منطقه 3,دندانپزشکی,دانشگاه علوم پزشکی کرمان
1399,تجربی,2810,643,منطقه 3,پزشکی - نیمسال اول,دانشگاه علوم پزشکی جندی شاپور اهواز
1399,تجربی,2810,886,منطقه 1,دندانپزشکی,دانشگاه علوم پزشکی اراک
1399,تجربی,2819,888,منطقه 1,داروسازی,دانشگاه آزاداسلامی-واحد ایت الله املی
1399,تجربی,2819,888,منطقه 1,پزشکی - نیمسال اول,دانشگاه آزاداسلامی-واحدپزشکی تهران
1399,تجربی,2830,645,منطقه 3,پزشکی - نیمسال دوم,دانشگاه علوم پزشکی گیلان - رشت
1399,تجربی,2834,646,منطقه 3,پزشکی - نیمسال اول,دانشگاه آزاداسلامی-واحدمشهد
1399,تجربی,2840,306,ایثارگر-5%,پزشکی,دانشگاه علوم پزشکی بیرجند
1399,تجربی,2840,306,ایثارگر-5%,پزشکی - نیمسال اول,دانشگاه علوم پزشکی بندرعباس
1399,تجربی,2846,308,ایثارگر-5%,پزشکی,دانشگاه علوم پزشکی یزد
1399,تجربی,2846,893,منطقه 1,داروسازی,دانشگاه علوم پزشکی اصفهان
1399,تجربی,2853,895,منطقه 1,پزشکی - نیمسال دوم,دانشگاه علوم پزشکی ارومیه
1399,تجربی,2860,898,منطقه 1,دندانپزشکی,دانشگاه علوم پزشکی شیراز
1399,تجربی,2860,898,منطقه 1,پزشکی,دانشگاه علوم پزشکی قزوین
1399,تجربی,2865,900,منطقه 1,داروسازی - نیمسال دوم,دانشگاه علوم پزشکی تبریز
1399,تجربی,2865,900,منطقه 1,پزشکی,دانشگاه علوم پزشکی خراسان شمالی - بجنورد
1399,تجربی,2869,309,ایثارگر-5%,دندانپزشکی - نیمسال اول,دانشگاه آزاداسلامی-واحدپزشکی تهران
1399,تجربی,2869,650,منطقه 3,داروسازی - نیمسال اول,دانشگاه علوم پزشکی تبریز
1399,تجربی,2869,902,منطقه 1,داروسازی,دانشگاه علوم پزشکی شهید بهشتی - تهران
1399,تجربی,2874,905,منطقه 1,دندانپزشکی,دانشگاه علوم پزشکی کرمانشاه
1399,تجربی,2874,905,منطقه 1,پزشکی,دانشگاه علوم پزشکی کاشان
1399,تجربی,2879,651,منطقه 3,دندانپزشکی,دانشگاه علوم پزشکی گلستان - گرگان
1399,تجربی,2879,907,منطقه 1,دندانپزشکی,دانشگاه علوم پزشکی گلستان - گرگان
1399,تجربی,2883,909,منطقه 1,پزشکی - نیمسال اول,دانشگاه آزاداسلامی-واحدپزشکی تهران
1399,تجربی,2886,311,ایثارگر-5%,دندانپزشکی,دانشگاه علوم پزشکی گلستان - گرگان
1399,تجربی,2886,653,منطقه 3,دندانپزشکی,دانشگاه علوم پزشکی بوشهر
1399,تجربی,2886,653,منطقه 3,پزشکی - نیمسال اول,دانشگاه علوم پزشکی کردستان - سنندج
1399,تجربی,2886,653,منطقه 3,پزشکی - نیمسال دوم,دانشگاه علوم پزشکی گیلان - رشت
1399,تجربی,2886,910,منطقه 1,پزشکی - نیمسال دوم,دانشگاه علوم پزشکی شیراز
1399,تجربی,2895,312,ایثارگر-5%,داروسازی,دانشگاه علوم پزشکی مشهد
1399,تجربی,2902,658,منطقه 3,پزشکی,دانشگاه علوم پزشکی ایلام
1399,تجربی,2902,658,منطقه 3,پزشکی,دانشگاه علوم پزشکی زنجان
1399,تجربی,2902,658,منطقه 3,پزشکی - نیمسال دوم,دانشگاه علوم پزشکی کرمان
1399,تجربی,2909,315,ایثارگر-5%,دندانپزشکی,دانشگاه علوم پزشکی اراک
1399,تجربی,2909,660,منطقه 3,پزشکی - نیمسال اول,دانشگاه علوم پزشکی یاسوج
1399,تجربی,2909,914,منطقه 1,دندانپزشکی,دانشگاه علوم پزشکی زنجان
1399,تجربی,2909,914,منطقه 1,پزشکی - نیمسال دوم,دانشگاه علوم پزشکی گیلان - رشت
1399,تجربی,2914,662,منطقه 3,پزشکی - نیمسال اول,دانشگاه علوم پزشکی بقیه الله
1399,تجربی,2914,662,منطقه 3,پزشکی - نیمسال اول,دانشگاه علوم پزشکی کردستان - سنندج
1399,تجربی,2919,664,منطقه 3,پزشکی - نیمسال دوم,دانشگاه علوم پزشکی بندرعباس
1399,تجربی,2924,665,منطقه 3,دندانپزشکی - بومی آذربایجان غربی,دانشگاه علوم پزشکی ارومیه
1399,تجربی,2924,665,منطقه 3,پزشکی - نیمسال دوم,دانشگاه علوم پزشکی ارومیه
1399,تجربی,2931,668,منطقه 3,پزشکی,دانشگاه علوم پزشکی بیرجند
1399,تجربی,2937,670,منطقه 3,پزشکی - نیمسال دوم,دانشگاه علوم پزشکی ارومیه
1399,تجربی,2941,318,ایثارگر-5%,پزشکی,دانشگاه علوم پزشکی گلستان - گرگان
1399,تجربی,2941,671,منطقه 3,پزشکی,دانشگاه علوم پزشکی بابل
1399,تجربی,2945,319,ایثارگر-5%,دندانپزشکی,دانشگاه علوم پزشکی تبریز
1399,تجربی,2948,673,منطقه 3,پزشکی,دانشگاه علوم پزشکی قزوین
1399,تجربی,2952,675,منطقه 3,پزشکی,دانشگاه علوم پزشکی بوشهر
1399,تجربی,2952,675,منطقه 3,پزشکی - نیمسال اول,دانشگاه علوم پزشکی البرز - کرج
1399,تجربی,2952,675,منطقه 3,پزشکی - نیمسال اول,دانشگاه علوم پزشکی جندی شاپور اهواز
1399,تجربی,2952,920,منطقه 1,دندانپزشکی,دانشگاه علوم پزشکی شهرکرد
1399,تجربی,2952,920,منطقه 1,دندانپزشکی,دانشگاه علوم پزشکی گلستان - گرگان
1399,تجربی,2959,677,منطقه 3,دندانپزشکی,دانشگاه علوم پزشکی جندی شاپور اهواز
1399,تجربی,2959,677,منطقه 3,پزشکی,دانشگاه علوم پزشکی بوشهر
1399,تجربی,2968,321,ایثارگر-5%,پزشکی,دانشگاه علوم پزشکی بابل
1399,تجربی,2968,321,ایثارگر-5%,پزشکی - نیمسال دوم,دانشگاه علوم پزشکی همدان
1399,تجربی,2968,680,منطقه 3,پزشکی,دانشگاه علوم پزشکی قزوین
1399,تجربی,2968,680,منطقه 3,پزشکی - نیمسال اول,دانشگاه علوم پزشکی شهید بهشتی - تهران
1399,تجربی,2968,924,منطقه 1,دندانپزشکی,دانشگاه علوم پزشکی گلستان - گرگان
1399,تجربی,2974,682,منطقه 3,دندانپزشکی,دانشگاه علوم پزشکی رفسنجان
1399,تجربی,2974,925,منطقه 1,پزشکی,دانشگاه علوم پزشکی فسا
1399,تجربی,2979,927,منطقه 1,دندانپزشکی,دانشگاه علوم پزشکی قم
1399,تجربی,2984,928,منطقه 1,پزشکی,دانشگاه علوم پزشکی فسا
1399,تجربی,2988,685,منطقه 3,پزشکی,دانشگاه علوم پزشکی اردبیل
1399,تجربی,2988,685,منطقه 3,پزشکی - نیمسال اول,دانشگاه علوم پزشکی کرمان
1399,تجربی,2988,929,منطقه 1,داروسازی,دانشگاه علوم پزشکی تهران
1399,تجربی,2994,324,ایثارگر-5%,پزشکی - نیمسال دوم,دانشگاه علوم پزشکی مازندران - ساری
1399,تجربی,2994,931,منطقه 1,پزشکی,دانشگاه علوم پزشکی بیرجند
1399,تجربی,2997,325,ایثارگر-5%,دندانپزشکی,دانشگاه علوم پزشکی اراک
1399,تجربی,2997,688,منطقه 3,پزشکی,دانشگاه علوم پزشکی کاشان
1399,تجربی,3000,326,ایثارگر-5%,پزشکی,دانشگاه علوم پزشکی بابل
1399,تجربی,3004,690,منطقه 3,پزشکی,دانشگاه علوم پزشکی بیرجند
1399,تجربی,3004,690,منطقه 3,پزشکی,دانشگاه علوم پزشکی یزد
1399,تجربی,3004,690,منطقه 3,پزشکی - نیمسال اول,دانشگاه علوم پزشکی جندی شاپور اهواز
1399,تجربی,3010,328,ایثارگر-5%,پزشکی,دانشگاه علوم پزشکی قزوین
1399,تجربی,3010,934,منطقه 1,پزشکی - نیمسال دوم,دانشگاه علوم پزشکی ارومیه
1399,تجربی,3016,693,منطقه 3,پزشکی - نیمسال اول,دانشگاه علوم پزشکی کرمان
1399,تجربی,3016,935,منطقه 1,دندانپزشکی,دانشگاه علوم پزشکی خراسان شمالی - بجنورد
1399,تجربی,3021,695,منطقه 3,پزشکی - نیمسال اول,دانشگاه علوم پزشکی کرمانشاه
1399,تجربی,3021,695,منطقه 3,پزشکی - نیمسال دوم,دانشگاه علوم پزشکی ارومیه
1399,تجربی,3021,936,منطقه 1,پزشکی,دانشگاه علوم پزشکی زنجان
1399,تجربی,3030,697,منطقه 3,پزشکی,دانشگاه علوم پزشکی بوشهر
1399,تجربی,3030,697,منطقه 3,پزشکی - نیمسال اول,دانشگاه علوم پزشکی کرمان
1399,تجربی,3036,699,منطقه 3,دندانپزشکی,دانشگاه علوم پزشکی خراسان شمالی - بجنورد
1399,تجربی,3043,332,ایثارگر-5%,پزشکی,دانشگاه علوم پزشکی قزوین
1399,تجربی,3043,700,منطقه 3,پزشکی - نیمسال اول,دانشگاه علوم پزشکی شهرکرد
1399,تجربی,3043,942,منطقه 1,دندانپزشکی - نیمسال دوم,دانشگاه آزاد اسلامی-واحد خوراسگان
1399,تجربی,3049,333,ایثارگر-5%,دندانپزشکی,دانشگاه علوم پزشکی قم
1399,تجربی,3049,944,منطقه 1,دندانپزشکی,دانشگاه علوم پزشکی سمنان
1399,تجربی,3054,334,ایثارگر-5%,پزشکی,دانشگاه علوم پزشکی یزد
1399,تجربی,3054,703,منطقه 3,پزشکی - نیمسال اول,دانشگاه علوم پزشکی سبزوار
1399,تجربی,3060,706,منطقه 3,دندانپزشکی,دانشگاه علوم پزشکی بوشهر
1399,تجربی,3064,708,منطقه 3,پزشکی - نیمسال اول,دانشگاه علوم پزشکی کرمان
1399,تجربی,3069,709,منطقه 3,پزشکی - نیمسال دوم,دانشگاه علوم پزشکی ارومیه
1399,تجربی,3082,710,منطقه 3,پزشکی - نیمسال دوم,دانشگاه علوم پزشکی مازندران - ساری
1399,تجربی,3089,954,منطقه 1,دندانپزشکی,دانشگاه علوم پزشکی مشهد
1399,تجربی,3089,954,منطقه 1,پزشکی - نیمسال اول,دانشگاه آزاداسلامی-واحدپزشکی تهران
1399,تجربی,3094,337,ایثارگر-5%,دندانپزشکی,دانشگاه علوم پزشکی یاسوج
1399,تجربی,3094,712,منطقه 3,پزشکی,دانشگاه علوم پزشکی اردبیل
1399,تجربی,3094,712,منطقه 3,پزشکی - نیمسال دوم,دانشگاه علوم پزشکی البرز - کرج
1399,تجربی,3099,338,ایثارگر-5%,پزشکی,دانشگاه علوم پزشکی یزد
1399,تجربی,3099,714,منطقه 3,دندانپزشکی,دانشگاه علوم پزشکی اردبیل
1399,تجربی,3099,957,منطقه 1,دندانپزشکی - نیمسال دوم,دانشگاه آزاداسلامی-واحدپزشکی تهران
1399,تجربی,3106,716,منطقه 3,پزشکی,دانشگاه علوم پزشکی بابل
1399,تجربی,3106,716,منطقه 3,پزشکی,دانشگاه علوم پزشکی کاشان
1399,تجربی,3106,716,منطقه 3,پزشکی,دانشگاه علوم پزشکی یزد
1399,تجربی,3106,959,منطقه 1,دندانپزشکی,دانشگاه آزاداسلامی -واحد تبریز
1399,تجربی,3113,718,منطقه 3,پزشکی - نیمسال اول,دانشگاه علوم پزشکی یاسوج
1399,تجربی,3113,960,منطقه 1,دندانپزشکی,دانشگاه علوم پزشکی شهرکرد
1399,تجربی,3120,340,ایثارگر-5%,پزشکی,دانشگاه علوم پزشکی فسا
1399,تجربی,3120,719,منطقه 3,پزشکی - نیمسال اول,دانشگاه علوم پزشکی جندی شاپور اهواز
1399,تجربی,3120,719,منطقه 3,پزشکی - نیمسال دوم,دانشگاه علوم پزشکی کردستان - سنندج
1399,تجربی,3120,963,منطقه 1,پزشکی,دانشگاه علوم پزشکی قزوین
1399,تجربی,3120,963,منطقه 1,پزشکی - نیمسال دوم,دانشگاه علوم پزشکی ارومیه
1399,تجربی,3120,963,منطقه 1,پزشکی - نیمسال دوم,دانشگاه علوم پزشکی جندی شاپور اهواز
1399,تجربی,3126,966,منطقه 1,پزشکی - نیمسال دوم,دانشگاه علوم پزشکی همدان
1399,تجربی,3129,341,ایثارگر-5%,پزشکی - نیمسال اول,دانشگاه علوم پزشکی ارومیه
1399,تجربی,3129,967,منطقه 1,پزشکی - نیمسال اول,دانشگاه علوم پزشکی کرمان
1399,تجربی,3134,342,ایثارگر-5%,پزشکی - نیمسال اول,دانشگاه علوم پزشکی گیلان - رشت
1399,تجربی,3134,723,منطقه 3,دندانپزشکی,دانشگاه علوم پزشکی کردستان - سنندج
1399,تجربی,3134,723,منطقه 3,پزشکی,دانشگاه علوم پزشکی گلستان - گرگان
1399,تجربی,3134,723,منطقه 3,پزشکی - نیمسال اول,دانشگاه علوم پزشکی شیراز
1399,تجربی,3139,972,منطقه 1,پزشکی,دانشگاه علوم پزشکی فسا
1399,تجربی,3139,972,منطقه 1,پزشکی - نیمسال اول,دانشگاه علوم پزشکی تبریز
1399,تجربی,3139,972,منطقه 1,پزشکی - نیمسال دوم,دانشگاه علوم پزشکی ارومیه
1399,تجربی,3145,343,ایثارگر-5%,پزشکی,دانشگاه علوم پزشکی یزد
1399,تجربی,3145,976,منطقه 1,دندانپزشکی,دانشگاه علوم پزشکی اردبیل
1399,تجربی,3145,976,منطقه 1,پزشکی - نیمسال دوم,دانشگاه علوم پزشکی شیراز
1399,تجربی,3152,345,ایثارگر-5%,پزشکی - نیمسال اول,دانشگاه علوم پزشکی تبریز
1399,تجربی,3152,727,منطقه 3,پزشکی - نیمسال اول,دانشگاه علوم پزشکی جندی شاپور اهواز
1399,تجربی,3157,347,ایثارگر-5%,پزشکی,دانشگاه علوم پزشکی زنجان
1399,تجربی,3157,979,منطقه 1,دندانپزشکی,دانشگاه علوم پزشکی مشهد
1399,تجربی,3157,979,منطقه 1,پزشکی,دانشگاه علوم پزشکی گلستان - گرگان
1399,تجربی,3161,981,منطقه 1,پزشکی,دانشگاه علوم پزشکی اصفهان
1399,تجربی,3167,349,ایثارگر-5%,پزشکی,دانشگاه علوم پزشکی یزد
1399,تجربی,3167,349,ایثارگر-5%,پزشکی - نیمسال دوم,دانشگاه علوم پزشکی مازندران - ساری
1399,تجربی,3167,730,منطقه 3,پزشکی - نیمسال دوم,دانشگاه علوم پزشکی ارومیه
1399,تجربی,3167,983,منطقه 1,پزشکی,دانشگاه علوم پزشکی گلستان - گرگان
1399,تجربی,3175,733,منطقه 3,دندانپزشکی,دانشگاه علوم پزشکی رفسنجان
1399,تجربی,3175,986,منطقه 1,دندانپزشکی,دانشگاه علوم پزشکی زنجان
1399,تجربی,3175,986,منطقه 1,پزشکی - نیمسال دوم,دانشگاه علوم پزشکی ارومیه
1399,تجربی,3182,736,منطقه 3,پزشکی - نیمسال اول,دانشگاه علوم پزشکی کردستان - سنندج
1399,تجربی,3182,989,منطقه 1,داروسازی,دانشگاه علوم پزشکی مشهد
1399,تجربی,3182,989,منطقه 1,پزشکی,دانشگاه علوم پزشکی اردبیل
1399,تجربی,3182,989,منطقه 1,پزشکی,دانشگاه علوم پزشکی فسا
1399,تجربی,3192,995,منطقه 1,دندانپزشکی,دانشگاه علوم پزشکی زنجان
1399,تجربی,3196,737,منطقه 3,پزشکی - نیمسال دوم,دانشگاه علوم پزشکی کرمان
1399,تجربی,3196,996,منطقه 1,پزشکی,دانشگاه علوم پزشکی قزوین
1399,تجربی,3200,353,ایثارگر-5%,پزشکی,دانشگاه علوم پزشکی قزوین
1399,تجربی,3206,739,منطقه 3,دندانپزشکی,دانشگاه علوم پزشکی بیرجند
1399,تجربی,3206,739,منطقه 3,پزشکی - نیمسال اول,دانشگاه علوم پزشکی کرمان
1399,تجربی,3206,998,منطقه 1,دندانپزشکی,دانشگاه آزاداسلامی -واحد تبریز
1399,تجربی,3212,355,ایثارگر-5%,پزشکی,دانشگاه علوم پزشکی فسا
1399,تجربی,3219,356,ایثارگر-5%,دندانپزشکی,دانشگاه علوم پزشکی مشهد
1399,تجربی,3219,743,منطقه 3,پزشکی - نیمسال دوم,دانشگاه علوم پزشکی همدان
1399,تجربی,3238,357,ایثارگر-5%,پزشکی,دانشگاه علوم پزشکی بوشهر
1399,تجربی,3238,746,منطقه 3,دندانپزشکی,دانشگاه علوم پزشکی جندی شاپور اهواز
1399,تجربی,3238,746,منطقه 3,پزشکی - نیمسال اول,دانشگاه علوم پزشکی یاسوج
1399,تجربی,3248,748,منطقه 3,دندانپزشکی,دانشگاه علوم پزشکی تبریز
1399,تجربی,3256,750,منطقه 3,دندانپزشکی,دانشگاه علوم پزشکی ایلام
1399,تجربی,3256,750,منطقه 3,دندانپزشکی,دانشگاه علوم پزشکی خراسان شمالی - بجنورد
1399,تجربی,3265,752,منطقه 3,پزشکی,دانشگاه علوم پزشکی قزوین
1399,تجربی,3283,361,ایثارگر-5%,دندانپزشکی,دانشگاه علوم پزشکی بوشهر
1399,تجربی,3291,363,ایثارگر-5%,پزشکی,دانشگاه علوم پزشکی بوشهر
1399,تجربی,3301,364,ایثارگر-5%,پزشکی - نیمسال اول,دانشگاه آزاداسلامی-واحدپزشکی تهران
1399,تجربی,3303,757,منطقه 3,داروسازی,دانشگاه علوم پزشکی اصفهان
1399,تجربی,3308,758,منطقه 3,پزشکی,دانشگاه علوم پزشکی قزوین
1399,تجربی,3317,761,منطقه 3,داروسازی,دانشگاه علوم پزشکی همدان
1399,تجربی,3317,761,منطقه 3,پزشکی - نیمسال اول,دانشگاه علوم پزشکی لرستان - خرم آباد
1399,تجربی,3317,761,منطقه 3,پزشکی - نیمسال اول,دانشگاه علوم پزشکی یاسوج
1399,تجربی,3317,761,منطقه 3,پزشکی - نیمسال دوم,دانشگاه علوم پزشکی بندرعباس
1399,تجربی,3326,764,منطقه 3,پزشکی,دانشگاه علوم پزشکی گلستان - گرگان
1399,تجربی,3338,368,ایثارگر-5%,پزشکی - نیمسال دوم,دانشگاه علوم پزشکی همدان
1399,تجربی,3350,369,ایثارگر-5%,پزشکی - نیمسال دوم,دانشگاه علوم پزشکی گیلان - رشت
1399,تجربی,3350,766,منطقه 3,پزشکی - نیمسال اول,دانشگاه علوم پزشکی زاهدان
1399,تجربی,3359,370,ایثارگر-5%,داروسازی,دانشگاه علوم پزشکی شیراز
1399,تجربی,3359,768,منطقه 3,پزشکی - نیمسال دوم,دانشگاه علوم پزشکی کرمان
1399,تجربی,3363,770,منطقه 3,پزشکی - نیمسال دوم,دانشگاه علوم پزشکی ارومیه
1399,تجربی,3365,371,ایثارگر-5%,پزشکی - نیمسال اول,دانشگاه علوم پزشکی تبریز
1399,تجربی,3365,771,منطقه 3,پزشکی - نیمسال دوم,دانشگاه علوم پزشکی ارومیه
1399,تجربی,3370,772,منطقه 3,پزشکی - نیمسال دوم,دانشگاه علوم پزشکی همدان
1399,تجربی,3375,773,منطقه 3,پزشکی - نیمسال اول,دانشگاه علوم پزشکی زاهدان
1399,تجربی,3380,775,منطقه 3,دندانپزشکی,دانشگاه علوم پزشکی بوشهر
1399,تجربی,3380,775,منطقه 3,پزشکی - نیمسال اول,دانشگاه علوم پزشکی جندی شاپور اهواز
1399,تجربی,3386,372,ایثارگر-5%,پزشکی,دانشگاه علوم پزشکی ایران
1399,تجربی,3386,777,منطقه 3,دندانپزشکی,دانشگاه علوم پزشکی رفسنجان
1399,تجربی,3390,374,ایثارگر-5%,پزشکی - نیمسال اول,دانشگاه علوم پزشکی ارومیه
1399,تجربی,3394,376,ایثارگر-5%,پزشکی,دانشگاه علوم پزشکی بیرجند
1399,تجربی,3394,376,ایثارگر-5%,پزشکی - نیمسال اول,دانشگاه علوم پزشکی سمنان
1399,تجربی,3407,782,منطقه 3,پزشکی - نیمسال اول,دانشگاه علوم پزشکی جندی شاپور اهواز
1399,تجربی,3407,782,منطقه 3,پزشکی - نیمسال اول,دانشگاه علوم پزشکی جهرم
1399,تجربی,3418,785,منطقه 3,پزشکی - نیمسال دوم,دانشگاه علوم پزشکی شهید بهشتی - تهران
1399,تجربی,3432,381,ایثارگر-5%,دندانپزشکی,دانشگاه علوم پزشکی مازندران - ساری
1399,تجربی,3432,787,منطقه 3,پزشکی - نیمسال اول,دانشگاه علوم پزشکی جندی شاپور اهواز
1399,تجربی,3432,787,منطقه 3,پزشکی - نیمسال اول,دانشگاه علوم پزشکی کرمان
1399,تجربی,3438,382,ایثارگر-5%,پزشکی - نیمسال دوم,دانشگاه علوم پزشکی ارومیه
1399,تجربی,3444,383,ایثارگر-5%,دندانپزشکی,دانشگاه علوم پزشکی بیرجند
1399,تجربی,3444,383,ایثارگر-5%,پزشکی - نیمسال دوم,دانشگاه علوم پزشکی گیلان - رشت
1399,تجربی,3450,385,ایثارگر-5%,دندانپزشکی,دانشگاه علوم پزشکی کردستان - سنندج
1399,تجربی,3458,792,منطقه 3,پزشکی,دانشگاه علوم پزشکی اردبیل
1399,تجربی,3465,386,ایثارگر-5%,دندانپزشکی,دانشگاه علوم پزشکی لرستان - خرم آباد
1399,تجربی,3473,794,منطقه 3,پزشکی - نیمسال اول,دانشگاه علوم پزشکی جندی شاپور اهواز
1399,تجربی,3481,388,ایثارگر-5%,پزشکی,دانشگاه علوم پزشکی بابل
1399,تجربی,3485,797,منطقه 3,دندانپزشکی,دانشگاه علوم پزشکی جندی شاپور اهواز
1399,تجربی,3494,799,منطقه 3,دندانپزشکی,دانشگاه علوم پزشکی گیلان - رشت
1399,تجربی,3498,800,منطقه 3,پزشکی - نیمسال دوم,دانشگاه علوم پزشکی جندی شاپور اهواز
1399,تجربی,3508,802,منطقه 3,پزشکی - نیمسال دوم,دانشگاه علوم پزشکی مازندران - ساری
1399,تجربی,3515,803,منطقه 3,پزشکی,دانشگاه علوم پزشکی فسا
1399,تجربی,3523,805,منطقه 3,پزشکی,دانشگاه علوم پزشکی بوشهر
1399,تجربی,3523,805,منطقه 3,پزشکی - نیمسال دوم,دانشگاه علوم پزشکی همدان
1399,تجربی,3531,397,ایثارگر-5%,پزشکی,دانشگاه علوم پزشکی اصفهان
1399,تجربی,3531,807,منطقه 3,پزشکی - نیمسال اول,دانشگاه علوم پزشکی تبریز
1399,تجربی,3540,399,ایثارگر-5%,داروسازی,دانشگاه علوم پزشکی شیراز
1399,تجربی,3540,809,منطقه 3,پزشکی - نیمسال اول,دانشگاه علوم پزشکی شهید بهشتی - تهران
1399,تجربی,3548,400,ایثارگر-5%,دندانپزشکی,دانشگاه علوم پزشکی خراسان شمالی - بجنورد
1399,تجربی,3548,400,ایثارگر-5%,پزشکی - نیمسال دوم,دانشگاه علوم پزشکی کرمان
1399,تجربی,3548,811,منطقه 3,پزشکی,دانشگاه علوم پزشکی گلستان - گرگان
1399,تجربی,3548,811,منطقه 3,پزشکی - نیمسال اول,دانشگاه علوم پزشکی کردستان - سنندج
1399,تجربی,3560,814,منطقه 3,پزشکی - نیمسال دوم,دانشگاه علوم پزشکی ارومیه
1399,تجربی,3566,817,منطقه 3,دندانپزشکی,دانشگاه علوم پزشکی قزوین
1399,تجربی,3566,817,منطقه 3,پزشکی - نیمسال دوم,دانشگاه علوم پزشکی همدان
1399,تجربی,3573,403,ایثارگر-5%,پزشکی - نیمسال دوم,دانشگاه علوم پزشکی ارومیه
1399,تجربی,3580,820,منطقه 3,دندانپزشکی,دانشگاه علوم پزشکی ارومیه
1399,تجربی,3594,407,ایثارگر-5%,دندانپزشکی,دانشگاه علوم پزشکی کرمان
1399,تجربی,3594,821,منطقه 3,دندانپزشکی,دانشگاه علوم پزشکی بوشهر
1399,تجربی,3594,821,منطقه 3,پزشکی,دانشگاه علوم پزشکی ایلام
1399,تجربی,3610,824,منطقه 3,پزشکی - نیمسال اول,دانشگاه علوم پزشکی شاهرود
1399,تجربی,3610,824,منطقه 3,پزشکی - نیمسال دوم,دانشگاه علوم پزشکی جندی شاپور اهواز
1399,تجربی,3610,824,منطقه 3,پزشکی - نیمسال دوم,دانشگاه علوم پزشکی مازندران - ساری
1399,تجربی,3622,408,ایثارگر-5%,پزشکی,دانشگاه علوم پزشکی بیرجند
1399,تجربی,3622,408,ایثارگر-5%,پزشکی - نیمسال دوم,دانشگاه علوم پزشکی کرمان
1399,تجربی,3622,827,منطقه 3,پزشکی,دانشگاه علوم پزشکی زنجان
1399,تجربی,3635,410,ایثارگر-5%,پزشکی - نیمسال دوم,دانشگاه علوم پزشکی کرمان
1399,تجربی,3635,830,منطقه 3,دندانپزشکی,دانشگاه علوم پزشکی بیرجند
1399,تجربی,3641,833,منطقه 3,پزشکی - نیمسال دوم,دانشگاه علوم پزشکی کرمان
1399,تجربی,3641,833,منطقه 3,پزشکی - نیمسال دوم,دانشگاه علوم پزشکی کرمانشاه
1399,تجربی,3648,412,ایثارگر-5%,پزشکی - نیمسال اول,دانشگاه علوم پزشکی بقیه الله
1399,تجربی,3648,412,ایثارگر-5%,پزشکی - نیمسال اول,دانشگاه علوم پزشکی کرمانشاه
1399,تجربی,3654,836,منطقه 3,پزشکی - نیمسال دوم,دانشگاه علوم پزشکی جندی شاپور اهواز
1399,تجربی,3654,836,منطقه 3,پزشکی - نیمسال دوم,دانشگاه علوم پزشکی شیراز
1399,تجربی,3661,415,ایثارگر-5%,پزشکی - نیمسال اول,دانشگاه علوم پزشکی کرمانشاه
1399,تجربی,3661,839,منطقه 3,پزشکی - نیمسال اول,دانشگاه علوم پزشکی شهید بهشتی - تهران
1399,تجربی,3670,416,ایثارگر-5%,پزشکی - نیمسال دوم,دانشگاه علوم پزشکی ارومیه
1399,تجربی,3670,842,منطقه 3,داروسازی,دانشگاه علوم پزشکی شیراز
1399,تجربی,3675,844,منطقه 3,پزشکی,دانشگاه علوم پزشکی اردبیل
1399,تجربی,3675,844,منطقه 3,پزشکی - نیمسال اول,دانشگاه علوم پزشکی زاهدان
1399,تجربی,3680,417,ایثارگر-5%,دندانپزشکی,دانشگاه علوم پزشکی گیلان - رشت (محل تحصیل بندرانزلی)
1399,تجربی,3692,419,ایثارگر-5%,دندانپزشکی,دانشگاه علوم پزشکی اردبیل
1399,تجربی,3700,421,ایثارگر-5%,داروسازی,دانشگاه علوم پزشکی شهید بهشتی - تهران
1399,تجربی,3700,848,منطقه 3,داروسازی,دانشگاه علوم پزشکی شیراز
1399,تجربی,3700,848,منطقه 3,پزشکی,دانشگاه علوم پزشکی اردبیل
1399,تجربی,3721,424,ایثارگر-5%,پزشکی,دانشگاه علوم پزشکی اردبیل
1399,تجربی,3721,853,منطقه 3,دندانپزشکی,دانشگاه علوم پزشکی تبریز
1399,تجربی,3721,853,منطقه 3,پزشکی - نیمسال دوم,دانشگاه علوم پزشکی جندی شاپور اهواز
1399,تجربی,3730,425,ایثارگر-5%,پزشکی - نیمسال اول,دانشگاه علوم پزشکی بندرعباس
1399,تجربی,3730,425,ایثارگر-5%,پزشکی - نیمسال دوم,دانشگاه علوم پزشکی شاهرود
1399,تجربی,3743,857,منطقه 3,دندانپزشکی,دانشگاه علوم پزشکی زاهدان
1399,تجربی,3743,857,منطقه 3,پزشکی,دانشگاه علوم پزشکی اردبیل
1399,تجربی,3749,428,ایثارگر-5%,پزشکی,دانشگاه علوم پزشکی بیرجند
1399,تجربی,3749,859,منطقه 3,پزشکی,دانشگاه علوم پزشکی گلستان - گرگان
1399,تجربی,3752,860,منطقه 3,پزشکی,دانشگاه علوم پزشکی گلستان - گرگان
1399,تجربی,3760,862,منطقه 3,پزشکی - نیمسال دوم,دانشگاه علوم پزشکی شیراز
1399,تجربی,3768,429,ایثارگر-5%,دندانپزشکی,دانشگاه علوم پزشکی اردبیل
1399,تجربی,3768,864,منطقه 3,پزشکی,دانشگاه علوم پزشکی گلستان - گرگان
1399,تجربی,3768,864,منطقه 3,پزشکی - نیمسال اول,دانشگاه علوم پزشکی زاهدان
1399,تجربی,3768,864,منطقه 3,پزشکی - نیمسال دوم,دانشگاه علوم پزشکی جندی شاپور اهواز
1399,تجربی,3775,431,ایثارگر-5%,پزشکی,دانشگاه علوم پزشکی بابل
1399,تجربی,3781,868,منطقه 3,پزشکی - نیمسال اول,دانشگاه علوم پزشکی یاسوج
1399,تجربی,3786,869,منطقه 3,داروسازی,دانشگاه علوم پزشکی زنجان
1399,تجربی,3786,869,منطقه 3,دندانپزشکی,دانشگاه علوم پزشکی بوشهر
1399,تجربی,3794,432,ایثارگر-5%,دندانپزشکی,دانشگاه علوم پزشکی جندی شاپور اهواز
1399,تجربی,3794,871,منطقه 3,پزشکی - نیمسال اول,دانشگاه علوم پزشکی بندرعباس
1399,تجربی,3794,871,منطقه 3,پزشکی - نیمسال دوم,دانشگاه علوم پزشکی همدان
1399,تجربی,3802,433,ایثارگر-5%,پزشکی - نیمسال دوم,دانشگاه علوم پزشکی کرمانشاه
1399,تجربی,3802,875,منطقه 3,پزشکی,دانشگاه علوم پزشکی اردبیل
1399,تجربی,3802,875,منطقه 3,پزشکی - نیمسال اول,دانشگاه علوم پزشکی زاهدان
1399,تجربی,3802,875,منطقه 3,پزشکی - نیمسال اول,دانشگاه علوم پزشکی شهید بهشتی - تهران
1399,تجربی,3810,434,ایثارگر-5%,دندانپزشکی,دانشگاه علوم پزشکی کردستان - سنندج
1399,تجربی,3810,434,ایثارگر-5%,پزشکی,دانشگاه علوم پزشکی قزوین
1399,تجربی,3810,879,منطقه 3,پزشکی - نیمسال اول,دانشگاه علوم پزشکی شهرکرد
1399,تجربی,3818,880,منطقه 3,دندانپزشکی,دانشگاه علوم پزشکی کردستان - سنندج
1399,تجربی,3818,880,منطقه 3,پزشکی,دانشگاه علوم پزشکی زنجان
1399,تجربی,3830,436,ایثارگر-5%,پزشکی - نیمسال دوم,دانشگاه علوم پزشکی مشهد
1399,تجربی,3830,882,منطقه 3,پزشکی - نیمسال دوم,دانشگاه علوم پزشکی همدان
1399,تجربی,3830,882,منطقه 3,پزشکی - نیمسال دوم,دانشگاه علوم پزشکی کرمانشاه
1399,تجربی,3838,884,منطقه 3,دندانپزشکی,دانشگاه علوم پزشکی اردبیل
1399,تجربی,3846,886,منطقه 3,تکنولوژی پرتوشناسی,دانشگاه علوم پزشکی شیراز
1399,تجربی,3846,886,منطقه 3,پزشکی - نیمسال اول,دانشگاه علوم پزشکی لرستان - خرم آباد
1399,تجربی,3852,888,منطقه 3,پزشکی - نیمسال دوم,دانشگاه علوم پزشکی همدان
1399,تجربی,3858,437,ایثارگر-5%,دندانپزشکی,دانشگاه علوم پزشکی لرستان - خرم آباد
1399,تجربی,3858,889,منطقه 3,پزشکی - نیمسال دوم,دانشگاه علوم پزشکی کرمان
1399,تجربی,3883,440,ایثارگر-5%,پزشکی - نیمسال دوم,دانشگاه علوم پزشکی گیلان - رشت
1399,تجربی,3883,892,منطقه 3,پزشکی,دانشگاه علوم پزشکی بوشهر
1399,تجربی,3883,892,منطقه 3,پزشکی - نیمسال دوم,دانشگاه علوم پزشکی جندی شاپور اهواز
1399,تجربی,3895,441,ایثارگر-5%,داروسازی,دانشگاه علوم پزشکی شهید بهشتی - تهران
1399,تجربی,3902,895,منطقه 3,دندانپزشکی - بومی آذربایجان غربی,دانشگاه علوم پزشکی ارومیه
1399,تجربی,3902,895,منطقه 3,پزشکی - نیمسال دوم,دانشگاه علوم پزشکی همدان
1399,تجربی,3909,898,منطقه 3,پزشکی,دانشگاه علوم پزشکی فسا
1399,تجربی,3909,898,منطقه 3,پزشکی - نیمسال اول,دانشگاه علوم پزشکی اراک
1399,تجربی,3918,444,ایثارگر-5%,پزشکی,دانشگاه علوم پزشکی زنجان
1399,تجربی,3926,446,ایثارگر-5%,پزشکی,دانشگاه علوم پزشکی بابل
1399,تجربی,3926,446,ایثارگر-5%,پزشکی - نیمسال اول,دانشگاه علوم پزشکی یاسوج
1399,تجربی,3926,903,منطقه 3,پزشکی,دانشگاه علوم پزشکی زابل
1399,تجربی,3926,903,منطقه 3,پزشکی,دانشگاه علوم پزشکی زنجان
1399,تجربی,3935,448,ایثارگر-5%,پزشکی - نیمسال اول,دانشگاه علوم پزشکی جندی شاپور اهواز
1399,تجربی,3935,906,منطقه 3,پزشکی - نیمسال دوم,دانشگاه علوم پزشکی لرستان - خرم آباد
1399,تجربی,3941,449,ایثارگر-5%,پزشکی - نیمسال دوم,دانشگاه علوم پزشکی مشهد
1399,تجربی,3945,908,منطقه 3,پزشکی - نیمسال اول,دانشگاه علوم پزشکی بقیه الله
1399,تجربی,3948,909,منطقه 3,پزشکی - نیمسال اول,دانشگاه علوم پزشکی شهید بهشتی - تهران
1399,تجربی,3952,910,منطقه 3,پزشکی,دانشگاه علوم پزشکی کاشان
1399,تجربی,3960,911,منطقه 3,دندانپزشکی,دانشگاه علوم پزشکی ایلام
1399,تجربی,3971,912,منطقه 3,پزشکی,دانشگاه علوم پزشکی گلستان - گرگان
1399,تجربی,3977,913,منطقه 3,پزشکی - نیمسال دوم,دانشگاه علوم پزشکی البرز - کرج
1399,تجربی,3977,913,منطقه 3,پزشکی - نیمسال دوم,دانشگاه علوم پزشکی کرمانشاه
1399,تجربی,3983,451,ایثارگر-5%,پزشکی - نیمسال دوم,دانشگاه علوم پزشکی همدان
1399,تجربی,3983,916,منطقه 3,پزشکی,دانشگاه علوم پزشکی اردبیل
1399,تجربی,3989,918,منطقه 3,پزشکی,دانشگاه علوم پزشکی بیرجند
1399,تجربی,3989,918,منطقه 3,پزشکی - نیمسال دوم,دانشگاه علوم پزشکی همدان
1399,تجربی,3995,453,ایثارگر-5%,دندانپزشکی,دانشگاه علوم پزشکی لرستان - خرم آباد
1399,تجربی,3995,921,منطقه 3,پزشکی,دانشگاه علوم پزشکی گلستان - گرگان
1399,تجربی,3995,921,منطقه 3,پزشکی - نیمسال اول,دانشگاه علوم پزشکی البرز - کرج
1399,تجربی,3995,921,منطقه 3,پزشکی - نیمسال اول,دانشگاه علوم پزشکی جهرم
1399,تجربی,4000,923,منطقه 3,داروسازی,دانشگاه علوم پزشکی شیراز
1399,تجربی,4013,928,منطقه 3,پزشکی,دانشگاه علوم پزشکی گلستان - گرگان
1399,تجربی,4013,928,منطقه 3,پزشکی - نیمسال دوم,دانشگاه علوم پزشکی کرمان
1399,تجربی,4020,457,ایثارگر-5%,دندانپزشکی,دانشگاه علوم پزشکی بابل
1399,تجربی,4020,930,منطقه 3,پزشکی - نیمسال دوم,دانشگاه علوم پزشکی شهرکرد
1399,تجربی,4025,458,ایثارگر-5%,داروسازی,دانشگاه علوم پزشکی مازندران - ساری
1399,تجربی,4031,933,منطقه 3,پزشکی,دانشگاه علوم پزشکی زنجان
1399,تجربی,4031,933,منطقه 3,پزشکی - نیمسال اول,دانشگاه علوم پزشکی کردستان - سنندج
1399,تجربی,4037,936,منطقه 3,پزشکی,دانشگاه علوم پزشکی زنجان
1399,تجربی,4043,460,ایثارگر-5%,پزشکی,دانشگاه علوم پزشکی بوشهر
1399,تجربی,4043,460,ایثارگر-5%,پزشکی - نیمسال اول,دانشگاه علوم پزشکی جندی شاپور اهواز
1399,تجربی,4043,938,منطقه 3,پزشکی,دانشگاه علوم پزشکی گلستان - گرگان
1399,تجربی,4043,938,منطقه 3,پزشکی - نیمسال دوم,دانشگاه علوم پزشکی کرمان
1399,تجربی,4060,943,منطقه 3,داروسازی - نیمسال دوم,دانشگاه علوم پزشکی تبریز
1399,تجربی,4060,943,منطقه 3,مامایی,دانشگاه علوم پزشکی تهران
1399,تجربی,4060,943,منطقه 3,پزشکی,دانشگاه علوم پزشکی جیرفت
1399,تجربی,4072,463,ایثارگر-5%,پزشکی,دانشگاه علوم پزشکی بوشهر
1399,تجربی,4072,947,منطقه 3,پزشکی,دانشگاه علوم پزشکی ایلام
1399,تجربی,4072,947,منطقه 3,پزشکی,دانشگاه علوم پزشکی یزد
1399,تجربی,4072,947,منطقه 3,پزشکی - نیمسال اول,دانشگاه علوم پزشکی سمنان
1399,تجربی,4089,950,منطقه 3,پزشکی,دانشگاه علوم پزشکی گلستان - گرگان
1399,تجربی,4089,950,منطقه 3,پزشکی - نیمسال دوم,دانشگاه علوم پزشکی کرمان
1399,تجربی,4102,469,ایثارگر-5%,پزشکی,دانشگاه علوم پزشکی بیرجند
1399,تجربی,4111,470,ایثارگر-5%,داروسازی,دانشگاه علوم پزشکی اصفهان
1399,تجربی,4118,471,ایثارگر-5%,پزشکی - نیمسال دوم,دانشگاه علوم پزشکی گیلان - رشت
1399,تجربی,4118,954,منطقه 3,داروسازی,دانشگاه علوم پزشکی شیراز
1399,تجربی,4118,954,منطقه 3,پزشکی - نیمسال اول,دانشگاه علوم پزشکی لرستان - خرم آباد
1399,تجربی,4118,954,منطقه 3,پزشکی - نیمسال دوم,دانشگاه علوم پزشکی کرمان
1399,تجربی,4140,475,ایثارگر-5%,داروسازی,دانشگاه علوم پزشکی شهید بهشتی - تهران
1399,تجربی,4140,962,منطقه 3,پزشکی - نیمسال اول,دانشگاه علوم پزشکی شاهرود
1399,تجربی,4140,962,منطقه 3,پزشکی - نیمسال دوم,دانشگاه علوم پزشکی کرمان
1399,تجربی,4157,966,منطقه 3,پزشکی - نیمسال دوم,دانشگاه علوم پزشکی البرز - کرج
1399,تجربی,4163,476,ایثارگر-5%,داروسازی - نیمسال دوم,دانشگاه علوم پزشکی تبریز
1399,تجربی,4167,478,ایثارگر-5%,پزشکی - نیمسال دوم,دانشگاه علوم پزشکی کرمان
1399,تجربی,4167,969,منطقه 3,پزشکی - نیمسال دوم,دانشگاه علوم پزشکی جندی شاپور اهواز
1399,تجربی,4175,971,منطقه 3,دندانپزشکی,دانشگاه علوم پزشکی ایلام
1399,تجربی,4175,971,منطقه 3,پزشکی,دانشگاه علوم پزشکی زنجان
1399,تجربی,4181,480,ایثارگر-5%,دندانپزشکی,دانشگاه علوم پزشکی یاسوج
1399,تجربی,4181,973,منطقه 3,پزشکی - نیمسال اول,دانشگاه علوم پزشکی شهید بهشتی - تهران
1399,تجربی,4189,976,منطقه 3,داروسازی,دانشگاه علوم پزشکی تهران
1399,تجربی,4189,976,منطقه 3,پزشکی,دانشگاه علوم پزشکی زنجان
1399,تجربی,4189,976,منطقه 3,پزشکی - نیمسال اول,دانشگاه علوم پزشکی قم
1399,تجربی,4196,979,منطقه 3,پزشکی,دانشگاه علوم پزشکی اردبیل
1399,تجربی,4196,979,منطقه 3,پزشکی - نیمسال دوم,دانشگاه علوم پزشکی همدان
1399,تجربی,4205,982,منطقه 3,دندانپزشکی,دانشگاه علوم پزشکی شیراز
1399,تجربی,4205,982,منطقه 3,پزشکی,دانشگاه علوم پزشکی اردبیل
1399,تجربی,4205,982,منطقه 3,پزشکی - نیمسال اول,دانشگاه علوم پزشکی خراسان شمالی - بجنورد
1399,تجربی,4212,985,منطقه 3,پزشکی - نیمسال اول,دانشگاه علوم پزشکی سمنان
1399,تجربی,4219,987,منطقه 3,پزشکی - نیمسال اول,دانشگاه علوم پزشکی کردستان - سنندج
1399,تجربی,4227,988,منطقه 3,پزشکی,دانشگاه علوم پزشکی زنجان
1399,تجربی,4227,988,منطقه 3,پزشکی - نیمسال اول,دانشگاه علوم پزشکی بقیه الله
1399,تجربی,4233,991,منطقه 3,دندانپزشکی - نیمسال اول,دانشگاه علوم پزشکی شهید بهشتی - تهران
1399,تجربی,4233,991,منطقه 3,پزشکی,دانشگاه علوم پزشکی اردبیل
1399,تجربی,4233,991,منطقه 3,پزشکی,دانشگاه علوم پزشکی بیرجند
1399,تجربی,4239,994,منطقه 3,دندانپزشکی,دانشگاه علوم پزشکی ایلام
1399,تجربی,4239,994,منطقه 3,پزشکی - نیمسال اول,دانشگاه علوم پزشکی خراسان شمالی - بجنورد
1399,تجربی,4239,994,منطقه 3,پزشکی - نیمسال اول,دانشگاه علوم پزشکی سمنان
1399,تجربی,4247,484,ایثارگر-5%,پزشکی,دانشگاه علوم پزشکی گلستان - گرگان
1399,تجربی,4247,996,منطقه 3,داروسازی,دانشگاه علوم پزشکی لرستان - خرم آباد
1399,تجربی,4258,999,منطقه 3,پزشکی,دانشگاه علوم پزشکی اردبیل
1399,تجربی,4258,999,منطقه 3,پزشکی,دانشگاه علوم پزشکی بیرجند
1399,تجربی,4276,487,ایثارگر-5%,پزشکی - نیمسال اول,دانشگاه علوم پزشکی تبریز
1399,تجربی,4282,489,ایثارگر-5%,پزشکی,دانشگاه علوم پزشکی زنجان
1399,تجربی,4282,489,ایثارگر-5%,پزشکی - نیمسال دوم,دانشگاه علوم پزشکی همدان
1399,تجربی,4290,492,ایثارگر-5%,داروسازی - نیمسال اول,دانشگاه علوم پزشکی تبریز
1399,تجربی,4338,494,ایثارگر-5%,پزشکی,دانشگاه علوم پزشکی بابل
1399,تجربی,4352,495,ایثارگر-5%,داروسازی,دانشگاه علوم پزشکی گیلان - رشت
1399,تجربی,4367,498,ایثارگر-5%,پزشکی - نیمسال دوم,دانشگاه علوم پزشکی گیلان - رشت
1399,تجربی,4375,499,ایثارگر-5%,پزشکی,دانشگاه علوم پزشکی بیرجند
1399,تجربی,4391,500,ایثارگر-5%,پزشکی - نیمسال اول,دانشگاه علوم پزشکی جهرم
1399,تجربی,4428,501,ایثارگر-5%,پزشکی - نیمسال دوم,دانشگاه علوم پزشکی کرمان
1399,تجربی,4514,510,ایثارگر-5%,پزشکی,دانشگاه علوم پزشکی بابل
1399,تجربی,4514,510,ایثارگر-5%,پزشکی - نیمسال دوم,دانشگاه علوم پزشکی گیلان - رشت
1399,تجربی,4522,512,ایثارگر-5%,پزشکی - نیمسال دوم,دانشگاه علوم پزشکی گیلان - رشت
1399,تجربی,4536,514,ایثارگر-5%,پزشکی - نیمسال اول,دانشگاه علوم پزشکی جندی شاپور اهواز
1399,تجربی,4554,515,ایثارگر-5%,دندانپزشکی,دانشگاه علوم پزشکی بندرعباس
1399,تجربی,4568,516,ایثارگر-5%,پرستاری - نیمسال اول,دانشگاه علوم پزشکی شهید بهشتی - تهران
1399,تجربی,4568,516,ایثارگر-5%,پزشکی,دانشگاه علوم پزشکی گلستان - گرگان
1399,تجربی,4584,519,ایثارگر-5%,پزشکی - نیمسال دوم,دانشگاه علوم پزشکی کرمان
1399,تجربی,4591,520,ایثارگر-5%,پزشکی,دانشگاه علوم پزشکی بوشهر
1399,تجربی,4591,520,ایثارگر-5%,پزشکی - نیمسال اول,دانشگاه علوم پزشکی کردستان - سنندج
1399,تجربی,4615,525,ایثارگر-5%,پزشکی - نیمسال دوم,دانشگاه علوم پزشکی جندی شاپور اهواز
1399,تجربی,4623,527,ایثارگر-5%,پزشکی,دانشگاه علوم پزشکی فسا
1399,تجربی,4623,527,ایثارگر-5%,پزشکی - نیمسال دوم,دانشگاه علوم پزشکی کرمان
1399,تجربی,4629,529,ایثارگر-5%,دندانپزشکی,دانشگاه علوم پزشکی زاهدان
1399,تجربی,4629,529,ایثارگر-5%,پزشکی - نیمسال دوم,دانشگاه علوم پزشکی کردستان - سنندج
1399,تجربی,4633,531,ایثارگر-5%,دندانپزشکی,دانشگاه علوم پزشکی شیراز
1399,تجربی,4656,534,ایثارگر-5%,داروسازی,دانشگاه علوم پزشکی مشهد
1399,تجربی,4656,534,ایثارگر-5%,داروسازی - نیمسال اول,دانشگاه علوم پزشکی تبریز
1399,تجربی,4656,534,ایثارگر-5%,دندانپزشکی,دانشگاه علوم پزشکی ایلام
1399,تجربی,4656,534,ایثارگر-5%,پزشکی,دانشگاه علوم پزشکی ایلام
1399,تجربی,4667,537,ایثارگر-5%,پزشکی,دانشگاه علوم پزشکی بوشهر
1399,تجربی,4667,537,ایثارگر-5%,پزشکی - نیمسال اول,دانشگاه علوم پزشکی جندی شاپور اهواز
1399,تجربی,4687,540,ایثارگر-5%,پزشکی - نیمسال اول,دانشگاه علوم پزشکی کردستان - سنندج
1399,تجربی,4687,540,ایثارگر-5%,پزشکی - نیمسال دوم,دانشگاه علوم پزشکی ارومیه
1399,تجربی,4701,542,ایثارگر-5%,پزشکی,دانشگاه علوم پزشکی گلستان - گرگان
1399,تجربی,4715,544,ایثارگر-5%,پزشکی,دانشگاه علوم پزشکی بیرجند
1399,تجربی,4725,547,ایثارگر-5%,پزشکی,دانشگاه علوم پزشکی کاشان
1399,تجربی,4792,556,ایثارگر-5%,پزشکی,دانشگاه علوم پزشکی گلستان - گرگان
1399,تجربی,4796,558,ایثارگر-5%,پزشکی - نیمسال اول,دانشگاه علوم پزشکی خراسان شمالی - بجنورد
1399,تجربی,4822,559,ایثارگر-5%,پزشکی - نیمسال اول,دانشگاه علوم پزشکی یاسوج
1399,تجربی,4832,560,ایثارگر-5%,پزشکی,دانشگاه علوم پزشکی ایران
1399,تجربی,4850,562,ایثارگر-5%,پزشکی - نیمسال دوم,دانشگاه علوم پزشکی اراک
1399,تجربی,4850,562,ایثارگر-5%,پزشکی - نیمسال دوم,دانشگاه علوم پزشکی ارومیه
1399,تجربی,4862,564,ایثارگر-5%,پزشکی - نیمسال اول,دانشگاه علوم پزشکی یاسوج
1399,تجربی,4871,565,ایثارگر-5%,پزشکی,دانشگاه علوم پزشکی گلستان - گرگان
1399,تجربی,4881,566,ایثارگر-5%,پزشکی,دانشگاه علوم پزشکی خراسان شمالی - بجنورد
1399,تجربی,4913,569,ایثارگر-5%,پزشکی,دانشگاه علوم پزشکی بیرجند
1399,تجربی,4913,569,ایثارگر-5%,پزشکی - نیمسال دوم,دانشگاه علوم پزشکی ارومیه
1399,تجربی,4948,575,ایثارگر-5%,دندانپزشکی - نیمسال دوم,دانشگاه آزاد اسلامی-واحد خوراسگان
1399,تجربی,4959,577,ایثارگر-5%,پزشکی,دانشگاه علوم پزشکی کاشان
1399,تجربی,4959,577,ایثارگر-5%,پزشکی,دانشگاه علوم پزشکی گلستان - گرگان
1399,تجربی,5005,580,ایثارگر-5%,دندانپزشکی,دانشگاه علوم پزشکی رفسنجان
1399,تجربی,5032,582,ایثارگر-5%,پزشکی,دانشگاه علوم پزشکی زنجان
1399,تجربی,5092,587,ایثارگر-5%,پزشکی - نیمسال اول,دانشگاه علوم پزشکی جندی شاپور اهواز
1399,تجربی,5119,589,ایثارگر-5%,دندانپزشکی,دانشگاه علوم پزشکی قزوین
1399,تجربی,5119,589,ایثارگر-5%,پزشکی - نیمسال دوم,دانشگاه علوم پزشکی ارومیه
1399,تجربی,5128,591,ایثارگر-5%,پزشکی,دانشگاه علوم پزشکی گلستان - گرگان
1399,تجربی,5137,592,ایثارگر-5%,پزشکی,دانشگاه علوم پزشکی اردبیل
1399,تجربی,5137,592,ایثارگر-5%,پزشکی,دانشگاه علوم پزشکی بیرجند
1399,تجربی,5145,594,ایثارگر-5%,دندانپزشکی,دانشگاه علوم پزشکی زنجان
1399,تجربی,5145,594,ایثارگر-5%,پزشکی,دانشگاه علوم پزشکی بیرجند
1399,تجربی,5154,596,ایثارگر-5%,داروسازی - نیمسال دوم,دانشگاه علوم پزشکی تبریز
1399,تجربی,5166,597,ایثارگر-5%,پزشکی,دانشگاه علوم پزشکی فسا
1399,تجربی,5181,599,ایثارگر-5%,داروسازی,دانشگاه علوم پزشکی شیراز
1399,تجربی,5200,601,ایثارگر-5%,پزشکی - نیمسال اول,دانشگاه علوم پزشکی شاهرود
1399,تجربی,5210,603,ایثارگر-5%,پزشکی,دانشگاه علوم پزشکی گناباد
1399,تجربی,5219,604,ایثارگر-5%,پزشکی,دانشگاه علوم پزشکی اردبیل
1399,تجربی,5219,604,ایثارگر-5%,پزشکی - نیمسال اول,دانشگاه علوم پزشکی جندی شاپور اهواز
1399,تجربی,5227,606,ایثارگر-5%,پزشکی - نیمسال دوم,دانشگاه علوم پزشکی ارومیه
1399,تجربی,5235,607,ایثارگر-5%,پزشکی - نیمسال دوم,دانشگاه علوم پزشکی ارومیه
1399,تجربی,5243,608,ایثارگر-5%,پزشکی,دانشگاه علوم پزشکی رفسنجان
1399,تجربی,5269,609,ایثارگر-5%,داروسازی,دانشگاه علوم پزشکی مشهد
1399,تجربی,5279,610,ایثارگر-5%,پزشکی - نیمسال اول,دانشگاه علوم پزشکی کردستان - سنندج
1399,تجربی,5323,614,ایثارگر-5%,پزشکی,دانشگاه علوم پزشکی کاشان
1399,تجربی,5343,616,ایثارگر-5%,پزشکی - نیمسال اول,دانشگاه علوم پزشکی بندرعباس
1399,تجربی,5343,616,ایثارگر-5%,پزشکی - نیمسال دوم,دانشگاه علوم پزشکی ارومیه
1399,تجربی,5354,618,ایثارگر-5%,پزشکی - نیمسال اول,دانشگاه علوم پزشکی شاهرود
1399,تجربی,5354,618,ایثارگر-5%,پزشکی - نیمسال دوم,دانشگاه علوم پزشکی ارومیه
1399,تجربی,5365,620,ایثارگر-5%,پزشکی,دانشگاه علوم پزشکی زنجان
1399,تجربی,5382,622,ایثارگر-5%,پزشکی,دانشگاه علوم پزشکی فسا
1399,تجربی,5390,623,ایثارگر-5%,پزشکی,دانشگاه علوم پزشکی کاشان
1399,تجربی,5401,625,ایثارگر-5%,پزشکی,دانشگاه علوم پزشکی اردبیل
1399,تجربی,5401,625,ایثارگر-5%,پزشکی,دانشگاه علوم پزشکی گلستان - گرگان
1399,تجربی,5401,625,ایثارگر-5%,پزشکی - نیمسال دوم,دانشگاه علوم پزشکی لرستان - خرم آباد
1399,تجربی,5411,628,ایثارگر-5%,دندانپزشکی,دانشگاه علوم پزشکی کرمان
1399,تجربی,5426,631,ایثارگر-5%,دکترای عمومی دامپزشکی,دانشگاه فردوسی - مشهد
1399,تجربی,5426,631,ایثارگر-5%,پزشکی,دانشگاه علوم پزشکی اردبیل
1399,تجربی,5473,633,ایثارگر-5%,پزشکی,دانشگاه علوم پزشکی فسا
1399,تجربی,5499,637,ایثارگر-5%,داروسازی,دانشگاه علوم پزشکی مازندران - ساری
1399,تجربی,5499,637,ایثارگر-5%,داروسازی,دانشگاه علوم پزشکی مشهد
1399,تجربی,5499,637,ایثارگر-5%,پزشکی,دانشگاه علوم پزشکی گلستان - گرگان
1399,تجربی,5499,637,ایثارگر-5%,پزشکی - نیمسال دوم,دانشگاه علوم پزشکی شهید بهشتی - تهران
1399,تجربی,5514,641,ایثارگر-5%,پرستاری - نیمسال دوم,دانشگاه علوم پزشکی مشهد
1399,تجربی,5533,644,ایثارگر-5%,دندانپزشکی,دانشگاه علوم پزشکی تبریز
1399,تجربی,5533,644,ایثارگر-5%,پزشکی - نیمسال اول,دانشگاه علوم پزشکی بقیه الله
1399,تجربی,5553,648,ایثارگر-5%,دندانپزشکی,دانشگاه علوم پزشکی ارومیه
1399,تجربی,5553,648,ایثارگر-5%,پزشکی,دانشگاه علوم پزشکی گلستان - گرگان
1399,تجربی,5572,652,ایثارگر-5%,پزشکی,دانشگاه علوم پزشکی گلستان - گرگان
1399,تجربی,5572,652,ایثارگر-5%,پزشکی - نیمسال دوم,دانشگاه علوم پزشکی جندی شاپور اهواز
1399,تجربی,5581,655,ایثارگر-5%,پزشکی - نیمسال دوم,دانشگاه علوم پزشکی تبریز
1399,تجربی,5592,659,ایثارگر-5%,دندانپزشکی - نیمسال دوم,دانشگاه آزاداسلامی-واحدپزشکی تهران
1399,تجربی,5592,659,ایثارگر-5%,پزشکی,دانشگاه علوم پزشکی کاشان
1399,تجربی,5599,662,ایثارگر-5%,پزشکی,دانشگاه علوم پزشکی خراسان شمالی - بجنورد
1399,تجربی,5605,663,ایثارگر-5%,پزشکی - نیمسال دوم,دانشگاه علوم پزشکی یاسوج
1399,تجربی,5625,666,ایثارگر-5%,داروسازی,دانشگاه علوم پزشکی مازندران - ساری
1399,تجربی,5625,666,ایثارگر-5%,پزشکی - نیمسال دوم,دانشگاه علوم پزشکی جندی شاپور اهواز
1399,تجربی,5637,669,ایثارگر-5%,داروسازی,دانشگاه علوم پزشکی زنجان
1399,تجربی,5637,669,ایثارگر-5%,داروسازی,دانشگاه علوم پزشکی مشهد
1399,تجربی,5637,669,ایثارگر-5%,دندانپزشکی,دانشگاه آزاد اسلامی -واحدشیراز
1399,تجربی,5637,669,ایثارگر-5%,پزشکی,دانشگاه علوم پزشکی کاشان
1399,تجربی,5672,675,ایثارگر-5%,دندانپزشکی,دانشگاه آزاد اسلامی -واحدشیراز
1399,تجربی,5728,677,ایثارگر-5%,داروسازی,دانشگاه علوم پزشکی تهران
1399,تجربی,5766,681,ایثارگر-5%,پزشکی - نیمسال دوم,دانشگاه علوم پزشکی اراک
1399,تجربی,5804,684,ایثارگر-5%,پزشکی,دانشگاه علوم پزشکی رفسنجان
1399,تجربی,5820,686,ایثارگر-5%,پزشکی - نیمسال دوم,دانشگاه علوم پزشکی جندی شاپور اهواز
1399,تجربی,5849,688,ایثارگر-5%,داروسازی,دانشگاه علوم پزشکی البرز - کرج
1399,تجربی,5862,691,ایثارگر-5%,دکترای عمومی دامپزشکی,دانشگاه تبریز
1399,تجربی,5875,692,ایثارگر-5%,پزشکی - نیمسال دوم,دانشگاه علوم پزشکی اراک
1399,تجربی,5884,693,ایثارگر-5%,پزشکی - نیمسال اول,دانشگاه علوم پزشکی سبزوار
1399,تجربی,5895,695,ایثارگر-5%,پزشکی - نیمسال دوم,دانشگاه علوم پزشکی سمنان
1399,تجربی,5930,699,ایثارگر-5%,پزشکی - نیمسال اول,دانشگاه علوم پزشکی شهرکرد
1399,تجربی,5940,700,ایثارگر-5%,پزشکی,دانشگاه علوم پزشکی بیرجند
1399,تجربی,5949,702,ایثارگر-5%,پزشکی,دانشگاه علوم پزشکی اردبیل
1399,تجربی,5949,702,ایثارگر-5%,پزشکی - نیمسال اول,دانشگاه علوم پزشکی کرمانشاه
1399,تجربی,5958,704,ایثارگر-5%,دندانپزشکی,دانشگاه علوم پزشکی سمنان
1399,تجربی,5966,705,ایثارگر-5%,پزشکی - نیمسال اول,دانشگاه علوم پزشکی شاهرود
1399,تجربی,5989,709,ایثارگر-5%,پزشکی,دانشگاه علوم پزشکی خراسان شمالی - بجنورد
1399,تجربی,5989,709,ایثارگر-5%,پزشکی - نیمسال دوم,دانشگاه علوم پزشکی جندی شاپور اهواز
1399,تجربی,6003,711,ایثارگر-5%,دندانپزشکی - بومی خراسان رضوی,دانشگاه علوم پزشکی مشهد
1399,تجربی,6026,714,ایثارگر-5%,داروسازی,دانشگاه علوم پزشکی مازندران - ساری
1399,تجربی,6036,717,ایثارگر-5%,داروسازی,دانشگاه علوم پزشکی زنجان
1399,تجربی,6036,717,ایثارگر-5%,پزشکی - نیمسال اول,دانشگاه علوم پزشکی سمنان
1399,تجربی,6070,721,ایثارگر-5%,پزشکی,دانشگاه علوم پزشکی زنجان
1399,تجربی,6088,724,ایثارگر-5%,پزشکی,دانشگاه علوم پزشکی زنجان
1399,تجربی,6088,724,ایثارگر-5%,پزشکی - نیمسال دوم,دانشگاه علوم پزشکی جندی شاپور اهواز
1399,تجربی,6099,726,ایثارگر-5%,پزشکی,دانشگاه علوم پزشکی اردبیل
1399,تجربی,6135,730,ایثارگر-5%,آموزش ابتدایی - بومی خراسان رضوی,پردیس شهید هاشمی نژاد - مشهد
1399,تجربی,6135,730,ایثارگر-5%,پزشکی - نیمسال دوم,دانشگاه علوم پزشکی شیراز
1399,تجربی,6162,733,ایثارگر-5%,پزشکی - نیمسال دوم,دانشگاه علوم پزشکی جندی شاپور اهواز
1399,تجربی,6172,736,ایثارگر-5%,پزشکی,دانشگاه علوم پزشکی بوشهر
1399,تجربی,6172,736,ایثارگر-5%,پزشکی - نیمسال دوم,دانشگاه علوم پزشکی شاهرود
1399,تجربی,6180,738,ایثارگر-5%,پزشکی - نیمسال دوم,دانشگاه علوم پزشکی سمنان
1399,تجربی,6200,739,ایثارگر-5%,پزشکی,دانشگاه آزاداسلامی-واحد اردبیل
1399,تجربی,6220,742,ایثارگر-5%,داروسازی,دانشگاه علوم پزشکی شیراز
1399,تجربی,6220,742,ایثارگر-5%,داروسازی,دانشگاه علوم پزشکی گیلان - رشت
1399,تجربی,6220,742,ایثارگر-5%,پزشکی - نیمسال اول,دانشگاه علوم پزشکی یاسوج
1399,تجربی,6256,744,ایثارگر-5%,پزشکی - نیمسال دوم,دانشگاه علوم پزشکی لرستان - خرم آباد
1399,تجربی,6266,745,ایثارگر-5%,دندانپزشکی,دانشگاه علوم پزشکی یزد
1399,تجربی,6266,745,ایثارگر-5%,پزشکی,دانشگاه علوم پزشکی اردبیل
1399,تجربی,6275,748,ایثارگر-5%,پزشکی - نیمسال دوم,دانشگاه علوم پزشکی یاسوج
1399,تجربی,6296,753,ایثارگر-5%,پزشکی,دانشگاه علوم پزشکی زنجان
1399,تجربی,6317,755,ایثارگر-5%,پزشکی,دانشگاه علوم پزشکی اردبیل
1399,تجربی,6330,757,ایثارگر-5%,داروسازی,دانشگاه علوم پزشکی بیرجند
1399,تجربی,6363,759,ایثارگر-5%,پزشکی - نیمسال اول,دانشگاه علوم پزشکی بقیه الله
1399,تجربی,6363,759,ایثارگر-5%,پزشکی - نیمسال دوم,دانشگاه علوم پزشکی کردستان - سنندج
1399,تجربی,6378,761,ایثارگر-5%,داروسازی,دانشگاه علوم پزشکی مشهد
1399,تجربی,6388,762,ایثارگر-5%,پزشکی - نیمسال اول,دانشگاه علوم پزشکی شهرکرد
1399,تجربی,6397,764,ایثارگر-5%,پزشکی,دانشگاه علوم پزشکی ارومیه
1399,تجربی,6397,764,ایثارگر-5%,پزشکی - نیمسال اول,دانشگاه علوم پزشکی بقیه الله
1399,تجربی,6397,764,ایثارگر-5%,پزشکی - نیمسال اول,دانشگاه علوم پزشکی شهرکرد
1399,تجربی,6413,768,ایثارگر-5%,پزشکی,دانشگاه علوم پزشکی ایلام
1399,تجربی,6413,768,ایثارگر-5%,پزشکی - نیمسال دوم,دانشگاه علوم پزشکی سمنان
1399,تجربی,6423,771,ایثارگر-5%,دندانپزشکی,دانشگاه علوم پزشکی البرز - کرج
1399,تجربی,6423,771,ایثارگر-5%,پزشکی - نیمسال اول,دانشگاه علوم پزشکی شهرکرد
1399,تجربی,6423,771,ایثارگر-5%,پزشکی - نیمسال دوم,دانشگاه علوم پزشکی سمنان
1399,تجربی,6484,780,ایثارگر-5%,پزشکی,دانشگاه علوم پزشکی رفسنجان
1399,تجربی,6484,780,ایثارگر-5%,پزشکی - نیمسال اول,دانشگاه آزاداسلامی-واحدپزشکی تهران
1399,تجربی,6484,780,ایثارگر-5%,پزشکی - نیمسال دوم,دانشگاه علوم پزشکی جهرم
1399,تجربی,6484,780,ایثارگر-5%,پزشکی - نیمسال دوم,دانشگاه علوم پزشکی سمنان
1399,تجربی,6484,780,ایثارگر-5%,پزشکی - نیمسال دوم,دانشگاه علوم پزشکی شهرکرد
1399,تجربی,6519,785,ایثارگر-5%,پزشکی - نیمسال اول,دانشگاه علوم پزشکی بندرعباس
1399,تجربی,6519,785,ایثارگر-5%,پزشکی - نیمسال دوم,دانشگاه علوم پزشکی تبریز
1399,تجربی,6531,787,ایثارگر-5%,داروسازی - نیمسال دوم,دانشگاه علوم پزشکی تبریز
1399,تجربی,6549,789,ایثارگر-5%,داروسازی,دانشگاه علوم پزشکی یزد
1399,تجربی,6549,789,ایثارگر-5%,پزشکی,دانشگاه علوم پزشکی دزفول
1399,تجربی,6586,793,ایثارگر-5%,داروسازی,دانشگاه علوم پزشکی اردبیل
1399,تجربی,6602,796,ایثارگر-5%,پزشکی - نیمسال دوم,دانشگاه علوم پزشکی سمنان
1399,تجربی,6609,797,ایثارگر-5%,داروسازی,دانشگاه علوم پزشکی شیراز
1399,تجربی,6622,798,ایثارگر-5%,دندانپزشکی - نیمسال اول,دانشگاه آزاداسلامی-واحدپزشکی تهران
1399,تجربی,6635,800,ایثارگر-5%,پزشکی - نیمسال دوم,دانشگاه علوم پزشکی یاسوج
1399,تجربی,6658,804,ایثارگر-5%,پزشکی - نیمسال دوم,دانشگاه علوم پزشکی جهرم
1399,تجربی,6685,810,ایثارگر-5%,داروسازی,دانشگاه علوم پزشکی یزد
1399,تجربی,6685,810,ایثارگر-5%,پزشکی - نیمسال دوم,دانشگاه علوم پزشکی سمنان
1399,تجربی,6701,812,ایثارگر-5%,پزشکی,دانشگاه علوم پزشکی رفسنجان
1399,تجربی,6701,812,ایثارگر-5%,پزشکی - نیمسال دوم,دانشگاه علوم پزشکی جهرم
1399,تجربی,6734,817,ایثارگر-5%,پزشکی,دانشگاه علوم پزشکی بیرجند
1399,تجربی,6734,817,ایثارگر-5%,پزشکی - نیمسال دوم,دانشگاه علوم پزشکی لرستان - خرم آباد
1399,تجربی,6762,820,ایثارگر-5%,داروسازی - نیمسال اول,دانشگاه علوم پزشکی بقیه الله
1399,تجربی,6772,821,ایثارگر-5%,پزشکی - نیمسال دوم,دانشگاه علوم پزشکی جهرم
1399,تجربی,6781,823,ایثارگر-5%,پزشکی - نیمسال دوم,دانشگاه علوم پزشکی تبریز
1399,تجربی,6789,824,ایثارگر-5%,پزشکی - نیمسال دوم,دانشگاه علوم پزشکی سمنان
1399,تجربی,6798,826,ایثارگر-5%,داروسازی,دانشگاه علوم پزشکی مازندران - ساری
1399,تجربی,6821,827,ایثارگر-5%,پزشکی - بومی استان قزوین,دانشگاه علوم پزشکی قزوین
1399,تجربی,6832,828,ایثارگر-5%,داروسازی,دانشگاه علوم پزشکی شیراز
1399,تجربی,6832,828,ایثارگر-5%,پزشکی,دانشگاه علوم پزشکی دزفول
1399,تجربی,6843,830,ایثارگر-5%,پزشکی,دانشگاه علوم پزشکی گناباد
1399,تجربی,6852,831,ایثارگر-5%,پزشکی - نیمسال دوم,دانشگاه علوم پزشکی جهرم
1399,تجربی,6881,838,ایثارگر-5%,پزشکی,دانشگاه علوم پزشکی بیرجند
1399,تجربی,6881,838,ایثارگر-5%,پزشکی - نیمسال اول,دانشگاه آزاداسلامی-واحدمشهد
1399,تجربی,6881,838,ایثارگر-5%,پزشکی - نیمسال دوم,دانشگاه علوم پزشکی لرستان - خرم آباد
1399,تجربی,6891,840,ایثارگر-5%,پزشکی - نیمسال دوم,دانشگاه علوم پزشکی شهرکرد
1399,تجربی,6903,843,ایثارگر-5%,آموزش زیست شناسی - بومی لرستان,پردیس شهید باهنر - اصفهان
1399,تجربی,6903,843,ایثارگر-5%,پزشکی - نیمسال دوم,دانشگاه آزاداسلامی-واحدپزشکی تهران
1399,تجربی,6929,849,ایثارگر-5%,پزشکی,دانشگاه علوم پزشکی دزفول
1399,تجربی,6929,849,ایثارگر-5%,پزشکی,دانشگاه علوم پزشکی رفسنجان
1399,تجربی,6929,849,ایثارگر-5%,پزشکی - نیمسال دوم,دانشگاه علوم پزشکی شهرکرد
1399,تجربی,6992,856,ایثارگر-5%,دندانپزشکی - بصورت خودگردان,دانشگاه آزاد اسلامی -واحدشیراز
1399,تجربی,7003,858,ایثارگر-5%,پزشکی,دانشکده علوم پزشکی آبادان
1399,تجربی,7032,862,ایثارگر-5%,پزشکی,دانشگاه علوم پزشکی اصفهان
1399,تجربی,7043,864,ایثارگر-5%,پزشکی - نیمسال دوم,دانشگاه علوم پزشکی شاهرود
1399,تجربی,7067,868,ایثارگر-5%,دندانپزشکی,دانشگاه علوم پزشکی زنجان
1399,تجربی,7067,868,ایثارگر-5%,پزشکی - نیمسال دوم,دانشگاه علوم پزشکی شاهرود
1399,تجربی,7082,871,ایثارگر-5%,دندانپزشکی,دانشگاه علوم پزشکی بندرعباس
1399,تجربی,7082,871,ایثارگر-5%,پزشکی - نیمسال دوم,دانشگاه علوم پزشکی کردستان - سنندج
1399,تجربی,7145,875,ایثارگر-5%,پزشکی - نیمسال دوم,دانشگاه علوم پزشکی لرستان - خرم آباد
1399,تجربی,7168,877,ایثارگر-5%,داروسازی,دانشگاه علوم پزشکی مازندران-ساری(پردیس خودگردان رامسر)
1399,تجربی,7168,877,ایثارگر-5%,دندانپزشکی - نیمسال دوم,دانشگاه آزاد اسلامی-واحد خوراسگان
1399,تجربی,7179,880,ایثارگر-5%,پزشکی - نیمسال اول,دانشگاه علوم پزشکی بقیه الله
1399,تجربی,7192,883,ایثارگر-5%,پزشکی - نیمسال دوم,دانشگاه علوم پزشکی شاهرود
1399,تجربی,7202,885,ایثارگر-5%,پزشکی - نیمسال اول,دانشگاه علوم پزشکی سبزوار
1399,تجربی,7211,886,ایثارگر-5%,پزشکی - نیمسال اول,دانشگاه علوم پزشکی بندرعباس
1399,تجربی,7221,887,ایثارگر-5%,پزشکی,دانشگاه علوم پزشکی رفسنجان
1399,تجربی,7221,887,ایثارگر-5%,پزشکی - نیمسال دوم,دانشگاه علوم پزشکی بندرعباس
1399,تجربی,7238,890,ایثارگر-5%,داروسازی - نیمسال اول,دانشگاه علوم پزشکی تبریز
1399,تجربی,7238,890,ایثارگر-5%,پزشکی - نیمسال دوم,دانشگاه علوم پزشکی کرمان
1399,تجربی,7259,892,ایثارگر-5%,پزشکی - نیمسال اول,دانشگاه علوم پزشکی قم
1399,تجربی,7292,896,ایثارگر-5%,پزشکی,دانشگاه علوم پزشکی رفسنجان
1399,تجربی,7327,901,ایثارگر-5%,پزشکی - نیمسال دوم,دانشگاه علوم پزشکی کردستان - سنندج
1399,تجربی,7335,904,ایثارگر-5%,پزشکی - نیمسال اول,دانشگاه علوم پزشکی سبزوار
1399,تجربی,7366,906,ایثارگر-5%,پزشکی,دانشگاه علوم پزشکی دزفول
1399,تجربی,7366,906,ایثارگر-5%,پزشکی - نیمسال اول,دانشگاه علوم پزشکی کرمانشاه
1399,تجربی,7397,909,ایثارگر-5%,دندانپزشکی - بصورت خودگردان,دانشگاه آزاداسلامی-واحدبروجرد
1399,تجربی,7397,909,ایثارگر-5%,پزشکی - نیمسال دوم,دانشگاه علوم پزشکی یاسوج
1399,تجربی,7408,911,ایثارگر-5%,داروسازی,دانشگاه علوم پزشکی زنجان
1399,تجربی,7408,911,ایثارگر-5%,پزشکی - نیمسال دوم,دانشگاه آزاداسلامی-واحدپزشکی تهران
1399,تجربی,7420,913,ایثارگر-5%,پزشکی - نیمسال دوم,دانشگاه علوم پزشکی بندرعباس
1399,تجربی,7429,914,ایثارگر-5%,پزشکی - نیمسال دوم,دانشگاه علوم پزشکی قم
1399,تجربی,7453,919,ایثارگر-5%,پزشکی - نیمسال اول,دانشگاه آزاداسلامی-واحدساری
1399,تجربی,7473,922,ایثارگر-5%,پزشکی,دانشگاه علوم پزشکی بیرجند
1399,تجربی,7473,922,ایثارگر-5%,پزشکی - بومی آذربایجان غربی,دانشگاه علوم پزشکی ارومیه
1399,تجربی,7473,922,ایثارگر-5%,پزشکی - نیمسال اول,دانشگاه علوم پزشکی سبزوار
1399,تجربی,7484,924,ایثارگر-5%,پزشکی - نیمسال دوم,دانشگاه علوم پزشکی سبزوار
1399,تجربی,7494,926,ایثارگر-5%,داروسازی,دانشگاه علوم پزشکی همدان
1399,تجربی,7514,928,ایثارگر-5%,پزشکی - نیمسال دوم,دانشگاه علوم پزشکی سبزوار
1399,تجربی,7549,931,ایثارگر-5%,پزشکی,دانشگاه علوم پزشکی جیرفت
1399,تجربی,7560,932,ایثارگر-5%,پزشکی - نیمسال دوم,دانشگاه علوم پزشکی سبزوار
1399,تجربی,7582,935,ایثارگر-5%,پزشکی - نیمسال دوم,دانشگاه علوم پزشکی بندرعباس
1399,تجربی,7592,936,ایثارگر-5%,پزشکی,دانشگاه علوم پزشکی گلستان - گرگان
1399,تجربی,7604,939,ایثارگر-5%,داروسازی,دانشگاه علوم پزشکی شیراز
1399,تجربی,7604,939,ایثارگر-5%,پزشکی,دانشگاه علوم پزشکی دزفول
1399,تجربی,7616,942,ایثارگر-5%,پزشکی,دانشگاه علوم پزشکی بیرجند
1399,تجربی,7626,944,ایثارگر-5%,دندانپزشکی,دانشگاه علوم پزشکی جندی شاپور اهواز
1399,تجربی,7626,944,ایثارگر-5%,پزشکی,دانشگاه علوم پزشکی زنجان
1399,تجربی,7673,947,ایثارگر-5%,دندانپزشکی,دانشگاه علوم پزشکی زاهدان
1399,تجربی,7673,947,ایثارگر-5%,پزشکی,دانشگاه علوم پزشکی دزفول
1399,تجربی,7691,950,ایثارگر-5%,پزشکی - نیمسال دوم,دانشگاه علوم پزشکی بندرعباس
1399,تجربی,7703,952,ایثارگر-5%,پزشکی - نیمسال دوم,دانشگاه آزاداسلامی-واحدپزشکی تهران
1399,تجربی,7725,957,ایثارگر-5%,داروسازی,دانشگاه علوم پزشکی البرز - کرج
1399,تجربی,7735,959,ایثارگر-5%,پزشکی - نیمسال دوم,دانشگاه علوم پزشکی بندرعباس
1399,تجربی,7767,964,ایثارگر-5%,پزشکی - نیمسال دوم,دانشگاه علوم پزشکی همدان
1399,تجربی,7777,965,ایثارگر-5%,پزشکی - نیمسال اول,دانشگاه علوم پزشکی جندی شاپور اهواز
1399,تجربی,7786,967,ایثارگر-5%,پزشکی,دانشگاه علوم پزشکی گناباد
1399,تجربی,7786,967,ایثارگر-5%,پزشکی - نیمسال دوم,دانشگاه آزاداسلامی-واحدپزشکی تهران
1399,تجربی,7794,970,ایثارگر-5%,فیزیوتراپی,دانشگاه علوم پزشکی ایران
1399,تجربی,7805,972,ایثارگر-5%,داروسازی,دانشگاه علوم پزشکی کرمانشاه
1399,تجربی,7816,974,ایثارگر-5%,پزشکی,دانشگاه علوم پزشکی گناباد
1399,تجربی,7827,976,ایثارگر-5%,پزشکی - نیمسال دوم,دانشگاه علوم پزشکی البرز - کرج
1399,تجربی,7840,977,ایثارگر-5%,پزشکی - بومی استان زنجان,دانشگاه علوم پزشکی زنجان
1399,تجربی,7852,980,ایثارگر-5%,پزشکی,دانشکده علوم پزشکی آبادان
1399,تجربی,7920,988,ایثارگر-5%,پزشکی,دانشگاه علوم پزشکی جیرفت
1399,تجربی,7920,988,ایثارگر-5%,پزشکی - بومی مازندران,دانشگاه علوم پزشکی مازندران - ساری
1399,تجربی,7932,990,ایثارگر-5%,پزشکی - نیمسال اول,دانشگاه علوم پزشکی اراک
1399,تجربی,7942,992,ایثارگر-5%,پزشکی - نیمسال دوم,دانشگاه آزاداسلامی-واحدپزشکی تهران
1399,تجربی,7953,994,ایثارگر-5%,فیزیوتراپی,دانشگاه علوم پزشکی شهید بهشتی - تهران
1399,تجربی,7953,994,ایثارگر-5%,پزشکی,دانشگاه علوم پزشکی تبریز
1399,تجربی,7967,997,ایثارگر-5%,پزشکی,دانشگاه علوم پزشکی ارومیه
1399,تجربی,7997,999,ایثارگر-5%,پزشکی,دانشکده علوم پزشکی آبادان
1399,تجربی,7997,999,ایثارگر-5%,پزشکی,دانشگاه آزاداسلامی -واحد تبریز
1399,ریاضی,1,1,منطقه 1,مهندسی کامپیوتر,دانشگاه صنعتی شریف - تهران
1399,ریاضی,3,3,منطقه 1,مهندسی کامپیوتر,دانشگاه صنعتی شریف - تهران
1399,ریاضی,4,4,منطقه 1,مهندسی کامپیوتر,دانشگاه صنعتی شریف - تهران
1399,ریاضی,5,1,منطقه 2,مهندسی کامپیوتر,دانشگاه صنعتی شریف - تهران
1399,ریاضی,6,2,منطقه 2,مهندسی کامپیوتر,دانشگاه صنعتی شریف - تهران
1399,ریاضی,7,1,منطقه 3,مهندسی کامپیوتر,دانشگاه صنعتی شریف - تهران
1399,ریاضی,8,3,منطقه 2,مهندسی کامپیوتر,دانشگاه صنعتی شریف - تهران
1399,ریاضی,10,5,منطقه 1,مهندسی کامپیوتر,دانشگاه صنعتی شریف - تهران
1399,ریاضی,13,8,منطقه 1,مهندسی کامپیوتر,دانشگاه صنعتی شریف - تهران
1399,ریاضی,14,4,منطقه 2,مهندسی کامپیوتر,دانشگاه صنعتی شریف - تهران
1399,ریاضی,15,9,منطقه 1,مهندسی کامپیوتر,دانشگاه صنعتی شریف - تهران
1399,ریاضی,17,11,منطقه 1,مهندسی کامپیوتر,دانشگاه صنعتی شریف - تهران
1399,ریاضی,18,5,منطقه 2,مهندسی کامپیوتر,دانشگاه صنعتی شریف - تهران
1399,ریاضی,19,12,منطقه 1,مهندسی کامپیوتر,دانشگاه صنعتی شریف - تهران
1399,ریاضی,20,13,منطقه 1,مهندسی برق,دانشگاه صنعتی شریف - تهران
1399,ریاضی,21,14,منطقه 1,مهندسی کامپیوتر,دانشگاه صنعتی شریف - تهران
1399,ریاضی,23,16,منطقه 1,مهندسی کامپیوتر,دانشگاه صنعتی شریف - تهران
1399,ریاضی,25,18,منطقه 1,مهندسی کامپیوتر,دانشگاه صنعتی شریف - تهران
1399,ریاضی,26,3,منطقه 3,مهندسی کامپیوتر,دانشگاه صنعتی شریف - تهران
1399,ریاضی,27,6,منطقه 2,مهندسی کامپیوتر,دانشگاه صنعتی شریف - تهران
1399,ریاضی,28,2,ایثارگر-5%,مهندسی کامپیوتر,دانشگاه تهران
1399,ریاضی,29,19,منطقه 1,مهندسی کامپیوتر,دانشگاه صنعتی شریف - تهران
1399,ریاضی,31,8,منطقه 2,مهندسی کامپیوتر,دانشگاه صنعتی شریف - تهران
1399,ریاضی,35,24,منطقه 1,مهندسی کامپیوتر,دانشگاه صنعتی شریف - تهران
1399,ریاضی,37,9,منطقه 2,مهندسی کامپیوتر,دانشگاه صنعتی شریف - تهران
1399,ریاضی,39,4,ایثارگر-5%,مهندسی برق,دانشگاه صنعتی شریف - تهران
1399,ریاضی,40,10,منطقه 2,مهندسی کامپیوتر,دانشگاه صنعتی شریف - تهران
1399,ریاضی,41,11,منطقه 2,مهندسی کامپیوتر,دانشگاه صنعتی شریف - تهران
1399,ریاضی,42,28,منطقه 1,مهندسی کامپیوتر,دانشگاه تهران
1399,ریاضی,43,12,منطقه 2,مهندسی کامپیوتر,دانشگاه صنعتی شریف - تهران
1399,ریاضی,44,13,منطقه 2,مهندسی کامپیوتر,دانشگاه صنعتی شریف - تهران
1399,ریاضی,45,29,منطقه 1,مهندسی عمران,دانشگاه صنعتی شریف - تهران
1399,ریاضی,46,14,منطقه 2,مهندسی کامپیوتر,دانشگاه صنعتی شریف - تهران
1399,ریاضی,47,30,منطقه 1,مهندسی کامپیوتر,دانشگاه صنعتی شریف - تهران
1399,ریاضی,48,15,منطقه 2,مهندسی کامپیوتر,دانشگاه صنعتی شریف - تهران
1399,ریاضی,50,17,منطقه 2,مهندسی برق,دانشگاه صنعتی شریف - تهران
1399,ریاضی,52,32,منطقه 1,مهندسی برق,دانشگاه صنعتی شریف - تهران
1399,ریاضی,53,18,منطقه 2,مهندسی کامپیوتر,دانشگاه تهران
1399,ریاضی,54,19,منطقه 2,مهندسی برق,دانشگاه صنعتی شریف - تهران
1399,ریاضی,56,4,منطقه 3,مهندسی کامپیوتر,دانشگاه تهران
1399,ریاضی,57,34,منطقه 1,مهندسی برق,دانشگاه صنعتی شریف - تهران
1399,ریاضی,61,38,منطقه 1,مهندسی برق,دانشگاه صنعتی شریف - تهران
1399,ریاضی,62,20,منطقه 2,مهندسی کامپیوتر,دانشگاه صنعتی شریف - تهران
1399,ریاضی,63,21,منطقه 2,مهندسی برق,دانشگاه صنعتی شریف - تهران
1399,ریاضی,64,22,منطقه 2,مهندسی کامپیوتر,دانشگاه صنعتی شریف - تهران
1399,ریاضی,66,40,منطقه 1,مهندسی برق,دانشگاه صنعتی شریف - تهران
1399,ریاضی,66,40,منطقه 1,مهندسی کامپیوتر,دانشگاه تهران
1399,ریاضی,68,42,منطقه 1,مهندسی برق,دانشگاه صنعتی شریف - تهران
1399,ریاضی,69,23,منطقه 2,مهندسی برق,دانشگاه صنعتی شریف - تهران
1399,ریاضی,70,24,منطقه 2,مهندسی برق,دانشگاه صنعتی شریف - تهران
1399,ریاضی,71,25,منطقه 2,مهندسی کامپیوتر,دانشگاه صنعتی شریف - تهران
1399,ریاضی,72,43,منطقه 1,مهندسی برق,دانشگاه صنعتی شریف - تهران
1399,ریاضی,73,26,منطقه 2,مهندسی برق,دانشگاه صنعتی شریف - تهران
1399,ریاضی,74,44,منطقه 1,مهندسی مکانیک,دانشگاه صنعتی شریف - تهران
1399,ریاضی,75,45,منطقه 1,مهندسی شیمی,دانشگاه صنعتی شریف - تهران
1399,ریاضی,76,46,منطقه 1,مهندسی برق,دانشگاه صنعتی شریف - تهران
1399,ریاضی,77,5,ایثارگر-5%,مهندسی کامپیوتر,دانشگاه صنعتی شریف - تهران
1399,ریاضی,78,48,منطقه 1,مهندسی برق,دانشگاه صنعتی شریف - تهران
1399,ریاضی,79,49,منطقه 1,مهندسی برق,دانشگاه صنعتی شریف - تهران
1399,ریاضی,80,27,منطقه 2,مهندسی برق,دانشگاه صنعتی شریف - تهران
1399,ریاضی,81,28,منطقه 2,مهندسی برق,دانشگاه صنعتی شریف - تهران
1399,ریاضی,82,50,منطقه 1,مهندسی برق,دانشگاه صنعتی شریف - تهران
1399,ریاضی,83,51,منطقه 1,مهندسی کامپیوتر,دانشگاه صنعتی اصفهان
1399,ریاضی,84,52,منطقه 1,مهندسی مکانیک,دانشگاه صنعتی شریف - تهران
1399,ریاضی,85,53,منطقه 1,مهندسی معماری,دانشگاه شهید بهشتی - تهران
1399,ریاضی,86,29,منطقه 2,مهندسی کامپیوتر,دانشگاه صنعتی شریف - تهران
1399,ریاضی,88,30,منطقه 2,مهندسی کامپیوتر,دانشگاه صنعتی شریف - تهران
1399,ریاضی,90,56,منطقه 1,مهندسی برق,دانشگاه صنعتی شریف - تهران
1399,ریاضی,91,57,منطقه 1,مهندسی برق,دانشگاه صنعتی شریف - تهران
1399,ریاضی,92,58,منطقه 1,مهندسی صنایع,دانشگاه صنعتی شریف - تهران
1399,ریاضی,93,59,منطقه 1,مهندسی برق,دانشگاه صنعتی شریف - تهران
1399,ریاضی,95,61,منطقه 1,مهندسی مکانیک,دانشگاه صنعتی شریف - تهران
1399,ریاضی,97,31,منطقه 2,مهندسی مکانیک,دانشگاه صنعتی شریف - تهران
1399,ریاضی,98,63,منطقه 1,مهندسی برق,دانشگاه صنعتی شریف - تهران
1399,ریاضی,99,64,منطقه 1,مهندسی برق,دانشگاه صنعتی شریف - تهران
1399,ریاضی,101,32,منطقه 2,مهندسی برق,دانشگاه صنعتی شریف - تهران
1399,ریاضی,102,66,منطقه 1,مهندسی برق,دانشگاه صنعتی شریف - تهران
1399,ریاضی,103,67,منطقه 1,مهندسی برق,دانشگاه صنعتی شریف - تهران
1399,ریاضی,104,68,منطقه 1,علوم کامپیوتر,دانشگاه صنعتی شریف - تهران
1399,ریاضی,107,6,ایثارگر-5%,مهندسی مکانیک,دانشگاه صنعتی اصفهان
1399,ریاضی,108,34,منطقه 2,مهندسی برق,دانشگاه صنعتی شریف - تهران
1399,ریاضی,110,72,منطقه 1,مهندسی برق,دانشگاه صنعتی شریف - تهران
1399,ریاضی,114,1,ایثارگر-25%,مهندسی کامپیوتر,دانشگاه صنعتی شریف - تهران
1399,ریاضی,115,35,منطقه 2,مهندسی کامپیوتر,دانشگاه صنعتی شریف - تهران
1399,ریاضی,118,5,منطقه 3,مهندسی برق,دانشگاه صنعتی شریف - تهران
1399,ریاضی,119,36,منطقه 2,مهندسی کامپیوتر,دانشگاه تهران
1399,ریاضی,120,79,منطقه 1,مهندسی برق,دانشگاه صنعتی شریف - تهران
1399,ریاضی,121,80,منطقه 1,مهندسی برق,دانشگاه صنعتی شریف - تهران
1399,ریاضی,125,84,منطقه 1,مهندسی برق,دانشگاه صنعتی شریف - تهران
1399,ریاضی,130,9,ایثارگر-5%,مهندسی برق,دانشگاه صنعتی شریف - تهران
1399,ریاضی,133,92,منطقه 1,مهندسی برق,دانشگاه صنعتی شریف - تهران
1399,ریاضی,134,37,منطقه 2,مهندسی برق,دانشگاه صنعتی شریف - تهران
1399,ریاضی,135,93,منطقه 1,مهندسی برق,دانشگاه صنعتی شریف - تهران
1399,ریاضی,137,6,منطقه 3,مهندسی برق,دانشگاه صنعتی شریف - تهران
1399,ریاضی,138,38,منطقه 2,مهندسی کامپیوتر,دانشگاه تهران
1399,ریاضی,139,39,منطقه 2,مهندسی برق,دانشگاه صنعتی شریف - تهران
1399,ریاضی,140,95,منطقه 1,مهندسی برق,دانشگاه صنعتی شریف - تهران
1399,ریاضی,142,11,ایثارگر-5%,مهندسی برق,دانشگاه صنعتی شریف - تهران
1399,ریاضی,142,40,منطقه 2,مهندسی برق,دانشگاه صنعتی شریف - تهران
1399,ریاضی,144,41,منطقه 2,مهندسی برق,دانشگاه صنعتی شریف - تهران
1399,ریاضی,145,98,منطقه 1,مهندسی کامپیوتر,دانشگاه تهران
1399,ریاضی,150,103,منطقه 1,مهندسی برق,دانشگاه صنعتی شریف - تهران
1399,ریاضی,153,105,منطقه 1,علوم کامپیوتر,دانشگاه صنعتی شریف - تهران
1399,ریاضی,155,107,منطقه 1,مهندسی کامپیوتر,دانشگاه تهران
1399,ریاضی,156,42,منطقه 2,مهندسی برق,دانشگاه صنعتی شریف - تهران
1399,ریاضی,158,43,منطقه 2,مهندسی کامپیوتر,دانشگاه تهران
1399,ریاضی,160,110,منطقه 1,مهندسی مکانیک,دانشگاه صنعتی شریف - تهران
1399,ریاضی,161,111,منطقه 1,مهندسی کامپیوتر,دانشگاه تهران
1399,ریاضی,163,44,منطقه 2,مهندسی کامپیوتر,دانشگاه تهران
1399,ریاضی,164,113,منطقه 1,دکترای پیوسته بیوتکنولوژی,دانشگاه تهران
1399,ریاضی,165,114,منطقه 1,مهندسی برق,دانشگاه صنعتی شریف - تهران
1399,ریاضی,168,45,منطقه 2,مهندسی کامپیوتر,دانشگاه تهران
1399,ریاضی,169,8,منطقه 3,مهندسی برق,دانشگاه صنعتی شریف - تهران
1399,ریاضی,171,46,منطقه 2,مهندسی کامپیوتر,دانشگاه تهران
1399,ریاضی,179,49,منطقه 2,مهندسی کامپیوتر,دانشگاه تهران
1399,ریاضی,180,123,منطقه 1,مهندسی برق,دانشگاه صنعتی شریف - تهران
1399,ریاضی,182,51,منطقه 2,مهندسی کامپیوتر,دانشگاه تهران
1399,ریاضی,184,125,منطقه 1,مهندسی کامپیوتر,دانشگاه تهران
1399,ریاضی,186,126,منطقه 1,مهندسی کامپیوتر,دانشگاه تهران
1399,ریاضی,187,53,منطقه 2,مهندسی برق,دانشگاه صنعتی شریف - تهران
1399,ریاضی,189,55,منطقه 2,مهندسی مکانیک,دانشگاه صنعتی شریف - تهران
1399,ریاضی,190,56,منطقه 2,علوم کامپیوتر,دانشگاه صنعتی شریف - تهران
1399,ریاضی,191,127,منطقه 1,مهندسی کامپیوتر,دانشگاه تهران
1399,ریاضی,192,57,منطقه 2,مهندسی برق,دانشگاه صنعتی شریف - تهران
1399,ریاضی,195,130,منطقه 1,مهندسی برق,دانشگاه صنعتی شریف - تهران
1399,ریاضی,197,58,منطقه 2,مهندسی برق,دانشگاه صنعتی شریف - تهران
1399,ریاضی,197,132,منطقه 1,مهندسی کامپیوتر,دانشگاه صنعتی امیرکبیر - تهران
1399,ریاضی,199,133,منطقه 1,مهندسی کامپیوتر,دانشگاه تهران
1399,ریاضی,200,134,منطقه 1,مهندسی مکانیک,دانشگاه صنعتی شریف - تهران
1399,ریاضی,204,137,منطقه 1,مهندسی برق,دانشگاه صنعتی شریف - تهران
1399,ریاضی,205,60,منطقه 2,مهندسی مکانیک,دانشگاه صنعتی شریف - تهران
1399,ریاضی,207,139,منطقه 1,مهندسی صنایع,دانشگاه صنعتی شریف - تهران
1399,ریاضی,208,140,منطقه 1,مهندسی کامپیوتر,دانشگاه تهران
1399,ریاضی,210,142,منطقه 1,علوم کامپیوتر,دانشگاه صنعتی شریف - تهران
1399,ریاضی,213,16,ایثارگر-5%,مهندسی برق,دانشگاه صنعتی شریف - تهران
1399,ریاضی,214,61,منطقه 2,علوم کامپیوتر,دانشگاه صنعتی شریف - تهران
1399,ریاضی,216,62,منطقه 2,مهندسی کامپیوتر,دانشگاه صنعتی امیرکبیر - تهران
1399,ریاضی,220,149,منطقه 1,مهندسی کامپیوتر,دانشگاه صنعتی امیرکبیر - تهران
1399,ریاضی,222,150,منطقه 1,مهندسی کامپیوتر,دانشگاه صنعتی امیرکبیر - تهران
1399,ریاضی,224,64,منطقه 2,علوم کامپیوتر,دانشگاه صنعتی شریف - تهران
1399,ریاضی,225,17,ایثارگر-5%,مهندسی کامپیوتر,دانشگاه صنعتی امیرکبیر - تهران
1399,ریاضی,225,152,منطقه 1,مهندسی مکانیک,دانشگاه صنعتی شریف - تهران
1399,ریاضی,228,154,منطقه 1,مهندسی کامپیوتر,دانشگاه فردوسی - مشهد
1399,ریاضی,229,66,منطقه 2,علوم کامپیوتر,دانشگاه تهران
1399,ریاضی,229,66,منطقه 2,مهندسی برق,دانشگاه صنعتی شریف - تهران
1399,ریاضی,234,69,منطقه 2,مهندسی مکانیک,دانشگاه صنعتی شریف - تهران
1399,ریاضی,236,70,منطقه 2,علوم کامپیوتر,دانشگاه صنعتی شریف - تهران
1399,ریاضی,238,71,منطقه 2,مهندسی مکانیک,دانشگاه صنعتی شریف - تهران
1399,ریاضی,238,159,منطقه 1,مهندسی برق,دانشگاه تهران
1399,ریاضی,240,72,منطقه 2,مهندسی مکانیک,دانشگاه صنعتی شریف - تهران
1399,ریاضی,243,161,منطقه 1,مهندسی مکانیک,دانشگاه صنعتی شریف - تهران
1399,ریاضی,245,163,منطقه 1,مهندسی مکانیک,دانشگاه صنعتی شریف - تهران
1399,ریاضی,247,74,منطقه 2,علوم کامپیوتر,دانشگاه صنعتی شریف - تهران
1399,ریاضی,251,76,منطقه 2,مهندسی کامپیوتر,دانشگاه صنعتی امیرکبیر - تهران
1399,ریاضی,252,77,منطقه 2,مهندسی مکانیک,دانشگاه صنعتی شریف - تهران
1399,ریاضی,252,167,منطقه 1,مهندسی برق,دانشگاه تهران
1399,ریاضی,254,78,منطقه 2,مهندسی کامپیوتر,دانشگاه صنعتی امیرکبیر - تهران
1399,ریاضی,255,79,منطقه 2,مهندسی مکانیک,دانشگاه صنعتی شریف - تهران
1399,ریاضی,259,171,منطقه 1,مهندسی مکانیک,دانشگاه صنعتی شریف - تهران
1399,ریاضی,262,80,منطقه 2,علوم کامپیوتر,دانشگاه صنعتی شریف - تهران
1399,ریاضی,263,174,منطقه 1,مهندسی برق,دانشگاه تهران
1399,ریاضی,265,176,منطقه 1,مهندسی مکانیک,دانشگاه صنعتی شریف - تهران
1399,ریاضی,266,10,منطقه 3,علوم کامپیوتر,دانشگاه صنعتی شریف - تهران
1399,ریاضی,267,81,منطقه 2,مهندسی مکانیک,دانشگاه صنعتی شریف - تهران
1399,ریاضی,267,177,منطقه 1,مهندسی مکانیک,دانشگاه صنعتی شریف - تهران
1399,ریاضی,269,178,منطقه 1,مهندسی مکانیک,دانشگاه صنعتی شریف - تهران
1399,ریاضی,270,179,منطقه 1,مهندسی مکانیک,دانشگاه صنعتی شریف - تهران
1399,ریاضی,272,181,منطقه 1,مهندسی کامپیوتر,دانشگاه صنعتی امیرکبیر - تهران
1399,ریاضی,278,12,منطقه 3,مهندسی برق,دانشگاه صنعتی شریف - تهران
1399,ریاضی,279,82,منطقه 2,ریاضیات و کاربردها,دانشگاه صنعتی شریف - تهران
1399,ریاضی,280,83,منطقه 2,مهندسی کامپیوتر,دانشگاه صنعتی امیرکبیر - تهران
1399,ریاضی,280,186,منطقه 1,مهندسی مکانیک,دانشگاه صنعتی شریف - تهران
1399,ریاضی,286,191,منطقه 1,مهندسی برق,دانشگاه تهران
1399,ریاضی,289,3,ایثارگر-25%,مهندسی برق,دانشگاه صنعتی شریف - تهران
1399,ریاضی,290,194,منطقه 1,مهندسی کامپیوتر,دانشگاه صنعتی امیرکبیر - تهران
1399,ریاضی,291,195,منطقه 1,مهندسی مکانیک,دانشگاه صنعتی شریف - تهران
1399,ریاضی,293,20,ایثارگر-5%,مهندسی برق,دانشگاه صنعتی شریف - تهران
1399,ریاضی,294,198,منطقه 1,مهندسی کامپیوتر,دانشگاه صنعتی امیرکبیر - تهران
1399,ریاضی,298,85,منطقه 2,مهندسی مکانیک,دانشگاه صنعتی شریف - تهران
1399,ریاضی,298,202,منطقه 1,مهندسی برق,دانشگاه تهران
1399,ریاضی,300,86,منطقه 2,مهندسی کامپیوتر,دانشگاه صنعتی امیرکبیر - تهران
1399,ریاضی,302,203,منطقه 1,مهندسی کامپیوتر,دانشگاه صنعتی امیرکبیر - تهران
1399,ریاضی,306,88,منطقه 2,مهندسی کامپیوتر,دانشگاه تهران
1399,ریاضی,313,212,منطقه 1,مهندسی کامپیوتر,دانشگاه صنعتی امیرکبیر - تهران
1399,ریاضی,314,213,منطقه 1,فیزیک,دانشگاه صنعتی شریف - تهران
1399,ریاضی,321,13,منطقه 3,مهندسی برق,دانشگاه صنعتی امیرکبیر - تهران
1399,ریاضی,324,90,منطقه 2,مهندسی مکانیک,دانشگاه صنعتی شریف - تهران
1399,ریاضی,324,90,منطقه 2,مهندسی کامپیوتر,دانشگاه تهران
1399,ریاضی,324,221,منطقه 1,مهندسی مکانیک,دانشگاه صنعتی شریف - تهران
1399,ریاضی,326,22,ایثارگر-5%,مهندسی کامپیوتر,دانشگاه صنعتی امیرکبیر - تهران
1399,ریاضی,329,93,منطقه 2,مهندسی مکانیک,دانشگاه صنعتی شریف - تهران
1399,ریاضی,332,226,منطقه 1,مهندسی عمران,دانشگاه صنعتی شریف - تهران
1399,ریاضی,333,227,منطقه 1,مهندسی مکانیک,دانشگاه صنعتی شریف - تهران
1399,ریاضی,334,228,منطقه 1,مهندسی صنایع,دانشگاه صنعتی شریف - تهران
1399,ریاضی,334,228,منطقه 1,مهندسی مکانیک,دانشگاه صنعتی شریف - تهران
1399,ریاضی,336,230,منطقه 1,مهندسی کامپیوتر,دانشگاه صنعتی امیرکبیر - تهران
1399,ریاضی,337,231,منطقه 1,مهندسی برق,دانشگاه تهران
1399,ریاضی,343,234,منطقه 1,مهندسی مکانیک,دانشگاه صنعتی شریف - تهران
1399,ریاضی,344,97,منطقه 2,مهندسی برق,دانشگاه صنعتی شریف - تهران
1399,ریاضی,345,98,منطقه 2,مهندسی مکانیک,دانشگاه صنعتی شریف - تهران
1399,ریاضی,346,235,منطقه 1,مهندسی عمران,دانشگاه تهران
1399,ریاضی,347,236,منطقه 1,مهندسی صنایع,دانشگاه صنعتی شریف - تهران
1399,ریاضی,348,237,منطقه 1,مهندسی کامپیوتر,دانشگاه صنعتی امیرکبیر - تهران
1399,ریاضی,349,99,منطقه 2,مهندسی برق,دانشگاه صنعتی شریف - تهران
1399,ریاضی,349,99,منطقه 2,مهندسی مکانیک,دانشگاه صنعتی شریف - تهران
1399,ریاضی,351,101,منطقه 2,مهندسی برق,دانشگاه صنعتی شریف - تهران
1399,ریاضی,353,14,منطقه 3,مهندسی برق,دانشگاه صنعتی امیرکبیر - تهران
1399,ریاضی,354,15,منطقه 3,مهندسی کامپیوتر,دانشگاه صنعتی امیرکبیر - تهران
1399,ریاضی,355,102,منطقه 2,مهندسی عمران,دانشگاه صنعتی شریف - تهران
1399,ریاضی,356,239,منطقه 1,مهندسی برق,دانشگاه تهران
1399,ریاضی,356,239,منطقه 1,مهندسی کامپیوتر,دانشگاه صنعتی امیرکبیر - تهران
1399,ریاضی,362,103,منطقه 2,مهندسی مکانیک,دانشگاه تهران
1399,ریاضی,364,104,منطقه 2,مهندسی برق,دانشگاه صنعتی شریف - تهران
1399,ریاضی,366,247,منطقه 1,مهندسی برق,دانشگاه تهران
1399,ریاضی,368,105,منطقه 2,مهندسی برق,دانشگاه تهران
1399,ریاضی,371,106,منطقه 2,مهندسی برق,دانشگاه صنعتی شریف - تهران
1399,ریاضی,374,107,منطقه 2,مهندسی مکانیک,دانشگاه صنعتی شریف - تهران
1399,ریاضی,377,254,منطقه 1,مهندسی مکانیک,دانشگاه صنعتی شریف - تهران
1399,ریاضی,378,108,منطقه 2,مهندسی برق,دانشگاه تهران
1399,ریاضی,379,23,ایثارگر-5%,مهندسی برق,دانشگاه صنعتی شریف - تهران
1399,ریاضی,380,255,منطقه 1,مهندسی مکانیک,دانشگاه صنعتی شریف - تهران
1399,ریاضی,382,257,منطقه 1,مهندسی برق,دانشگاه تهران
1399,ریاضی,387,110,منطقه 2,مهندسی کامپیوتر,دانشگاه صنعتی امیرکبیر - تهران
1399,ریاضی,391,265,منطقه 1,مهندسی برق,دانشگاه صنعتی امیرکبیر - تهران
1399,ریاضی,392,111,منطقه 2,مهندسی برق,دانشگاه تهران
1399,ریاضی,394,113,منطقه 2,مهندسی مکانیک,دانشگاه صنعتی شریف - تهران
1399,ریاضی,397,267,منطقه 1,مهندسی برق,دانشگاه صنعتی امیرکبیر - تهران
1399,ریاضی,401,115,منطقه 2,مهندسی عمران,دانشگاه صنعتی شریف - تهران
1399,ریاضی,405,274,منطقه 1,مهندسی برق,دانشگاه تهران
1399,ریاضی,409,277,منطقه 1,مهندسی کامپیوتر,دانشگاه شهید بهشتی - تهران
1399,ریاضی,411,29,ایثارگر-5%,مهندسی مکانیک,دانشگاه صنعتی شریف - تهران
1399,ریاضی,412,118,منطقه 2,مهندسی پزشکی,دانشگاه صنعتی امیرکبیر - تهران
1399,ریاضی,414,120,منطقه 2,مهندسی برق,دانشگاه صنعتی شریف - تهران
1399,ریاضی,415,121,منطقه 2,ریاضیات و کاربردها,دانشگاه صنعتی شریف - تهران
1399,ریاضی,416,279,منطقه 1,مهندسی برق,دانشگاه تهران
1399,ریاضی,419,282,منطقه 1,مهندسی برق,دانشگاه تهران
1399,ریاضی,422,122,منطقه 2,مهندسی هوا فضا,دانشگاه صنعتی شریف - تهران
1399,ریاضی,422,284,منطقه 1,مهندسی عمران,دانشگاه صنعتی شریف - تهران
1399,ریاضی,422,284,منطقه 1,مهندسی مکانیک,دانشگاه تهران
1399,ریاضی,424,286,منطقه 1,مهندسی مکانیک,دانشگاه تهران
1399,ریاضی,426,287,منطقه 1,مهندسی عمران,دانشگاه صنعتی شریف - تهران
1399,ریاضی,430,125,منطقه 2,مهندسی برق,دانشگاه تهران
1399,ریاضی,430,290,منطقه 1,مهندسی صنایع,دانشگاه صنعتی شریف - تهران
1399,ریاضی,432,291,منطقه 1,مهندسی برق,دانشگاه صنعتی امیرکبیر - تهران
1399,ریاضی,434,126,منطقه 2,مهندسی کامپیوتر,دانشگاه علم و صنعت ایران - تهران
1399,ریاضی,437,127,منطقه 2,مهندسی مکانیک,دانشگاه تهران
1399,ریاضی,439,128,منطقه 2,علوم کامپیوتر,دانشگاه تهران
1399,ریاضی,439,296,منطقه 1,مهندسی برق,دانشگاه تهران
1399,ریاضی,441,129,منطقه 2,مهندسی برق,دانشگاه صنعتی شریف - تهران
1399,ریاضی,444,131,منطقه 2,مهندسی کامپیوتر,دانشگاه صنعتی اصفهان
1399,ریاضی,446,299,منطقه 1,فیزیک,دانشگاه صنعتی شریف - تهران
1399,ریاضی,448,30,ایثارگر-5%,علوم کامپیوتر,دانشگاه صنعتی شریف - تهران
1399,ریاضی,448,132,منطقه 2,مهندسی مکانیک,دانشگاه تهران
1399,ریاضی,451,31,ایثارگر-5%,علوم کامپیوتر,دانشگاه صنعتی شریف - تهران
1399,ریاضی,451,31,ایثارگر-5%,مهندسی عمران,دانشگاه صنعتی شریف - تهران
1399,ریاضی,451,303,منطقه 1,مهندسی برق,دانشگاه تهران
1399,ریاضی,454,134,منطقه 2,مهندسی کامپیوتر,دانشگاه صنعتی امیرکبیر - تهران
1399,ریاضی,455,305,منطقه 1,مهندسی مکانیک,دانشگاه تهران
1399,ریاضی,456,306,منطقه 1,مهندسی برق,دانشگاه تهران
1399,ریاضی,456,306,منطقه 1,مهندسی کامپیوتر,دانشگاه علم و صنعت ایران - تهران
1399,ریاضی,459,135,منطقه 2,مهندسی برق,دانشگاه صنعتی شریف - تهران
1399,ریاضی,462,136,منطقه 2,مهندسی هوا فضا,دانشگاه صنعتی شریف - تهران
1399,ریاضی,464,312,منطقه 1,مهندسی برق,دانشگاه تهران
1399,ریاضی,465,137,منطقه 2,کارشناسی ارشد پیوسته علوم قضایی,دانشگاه علوم قضایی و خدمات ادارای دادگستری
1399,ریاضی,470,138,منطقه 2,مهندسی کامپیوتر,دانشگاه صنعتی امیرکبیر - تهران
1399,ریاضی,472,35,ایثارگر-5%,مهندسی برق,دانشگاه تهران
1399,ریاضی,473,319,منطقه 1,علوم کامپیوتر,دانشگاه تهران
1399,ریاضی,477,322,منطقه 1,مهندسی برق,دانشگاه تهران
1399,ریاضی,479,324,منطقه 1,ریاضیات و کاربردها,دانشگاه صنعتی شریف - تهران
1399,ریاضی,481,37,ایثارگر-5%,فیزیک,دانشگاه صنعتی شریف - تهران
1399,ریاضی,481,37,ایثارگر-5%,مهندسی برق,دانشگاه تهران
1399,ریاضی,486,328,منطقه 1,مهندسی صنایع,دانشگاه صنعتی شریف - تهران
1399,ریاضی,490,144,منطقه 2,مهندسی مکانیک,دانشگاه صنعتی شریف - تهران
1399,ریاضی,491,145,منطقه 2,مهندسی برق,دانشگاه صنعتی امیرکبیر - تهران
1399,ریاضی,492,331,منطقه 1,مهندسی برق,دانشگاه صنعتی امیرکبیر - تهران
1399,ریاضی,494,39,ایثارگر-5%,مهندسی عمران,دانشگاه صنعتی شریف - تهران
1399,ریاضی,496,334,منطقه 1,مهندسی صنایع,دانشگاه صنعتی شریف - تهران
1399,ریاضی,498,147,منطقه 2,علوم کامپیوتر,دانشگاه صنعتی امیرکبیر - تهران
1399,ریاضی,498,335,منطقه 1,مهندسی کامپیوتر,دانشگاه شهید بهشتی - تهران
1399,ریاضی,500,148,منطقه 2,علوم کامپیوتر,دانشگاه تهران
1399,ریاضی,500,337,منطقه 1,مهندسی کامپیوتر,دانشگاه تبریز
1399,ریاضی,503,150,منطقه 2,مهندسی مکانیک,دانشگاه صنعتی شریف - تهران
1399,ریاضی,505,151,منطقه 2,فیزیک,دانشگاه صنعتی شریف - تهران
1399,ریاضی,506,17,منطقه 3,علوم کامپیوتر,دانشگاه صنعتی شریف - تهران
1399,ریاضی,508,152,منطقه 2,مهندسی برق,دانشگاه صنعتی امیرکبیر - تهران
1399,ریاضی,510,340,منطقه 1,مهندسی برق,دانشگاه صنعتی امیرکبیر - تهران
1399,ریاضی,511,153,منطقه 2,مهندسی برق,دانشگاه تهران
1399,ریاضی,513,154,منطقه 2,مهندسی عمران,دانشگاه صنعتی شریف - تهران
1399,ریاضی,518,345,منطقه 1,مهندسی برق,دانشگاه صنعتی امیرکبیر - تهران
1399,ریاضی,519,156,منطقه 2,مهندسی برق,دانشگاه صنعتی امیرکبیر - تهران
1399,ریاضی,521,41,ایثارگر-5%,مهندسی صنایع,دانشگاه صنعتی شریف - تهران
1399,ریاضی,522,347,منطقه 1,مهندسی برق,دانشگاه صنعتی امیرکبیر - تهران
1399,ریاضی,526,158,منطقه 2,مهندسی کامپیوتر,دانشگاه علم و صنعت ایران - تهران
1399,ریاضی,526,350,منطقه 1,مهندسی صنایع,دانشگاه صنعتی شریف - تهران
1399,ریاضی,526,350,منطقه 1,مهندسی عمران,دانشگاه صنعتی شریف - تهران
1399,ریاضی,526,350,منطقه 1,مهندسی کامپیوتر,دانشگاه صنعتی اصفهان
1399,ریاضی,529,5,ایثارگر-25%,مهندسی برق,دانشگاه صنعتی شریف - تهران
1399,ریاضی,530,354,منطقه 1,مهندسی کامپیوتر,دانشگاه شیراز
1399,ریاضی,531,159,منطقه 2,مهندسی برق,دانشگاه صنعتی امیرکبیر - تهران
1399,ریاضی,532,42,ایثارگر-5%,علوم کامپیوتر,دانشگاه تهران
1399,ریاضی,535,161,منطقه 2,کارشناسی ارشد پیوسته علوم قضایی,دانشگاه علوم قضایی و خدمات ادارای دادگستری
1399,ریاضی,538,162,منطقه 2,مهندسی مکانیک - بومی خراسان شمالی,دانشگاه تربیت دبیر شهید رجایی_تهران
1399,ریاضی,543,164,منطقه 2,مهندسی صنایع,دانشگاه صنعتی شریف - تهران
1399,ریاضی,547,364,منطقه 1,مهندسی صنایع,دانشگاه صنعتی شریف - تهران
1399,ریاضی,547,364,منطقه 1,مهندسی مکانیک,دانشگاه تهران
1399,ریاضی,550,166,منطقه 2,مهندسی کامپیوتر,دانشگاه علم و صنعت ایران - تهران
1399,ریاضی,550,366,منطقه 1,مهندسی عمران,دانشگاه صنعتی شریف - تهران
1399,ریاضی,552,367,منطقه 1,مهندسی صنایع,دانشگاه صنعتی شریف - تهران
1399,ریاضی,554,369,منطقه 1,مهندسی مکانیک,دانشگاه تهران
1399,ریاضی,562,169,منطقه 2,ریاضیات و کاربردها,دانشگاه صنعتی شریف - تهران
1399,ریاضی,562,375,منطقه 1,مهندسی کامپیوتر,دانشگاه علم و صنعت ایران - تهران
1399,ریاضی,565,377,منطقه 1,مهندسی کامپیوتر,دانشگاه صنعتی خواجه نصیرالدین طوسی - تهران
1399,ریاضی,566,20,منطقه 3,مهندسی برق,دانشگاه صنعتی شریف - تهران
1399,ریاضی,571,171,منطقه 2,مهندسی مکانیک,دانشگاه صنعتی شریف - تهران
1399,ریاضی,573,173,منطقه 2,مهندسی برق,دانشگاه تهران
1399,ریاضی,576,21,منطقه 3,مهندسی برق,دانشگاه صدا و سیمای جمهوری اسلامی ایران
1399,ریاضی,579,385,منطقه 1,مهندسی کامپیوتر,دانشگاه علم و صنعت ایران - تهران
1399,ریاضی,581,387,منطقه 1,مهندسی کامپیوتر,دانشگاه علم و صنعت ایران - تهران
1399,ریاضی,583,388,منطقه 1,ریاضیات و کاربردها,دانشگاه صنعتی شریف - تهران
1399,ریاضی,589,175,منطقه 2,مهندسی برق,دانشگاه صنعتی امیرکبیر - تهران
1399,ریاضی,589,393,منطقه 1,مهندسی صنایع,دانشگاه صنعتی شریف - تهران
1399,ریاضی,589,393,منطقه 1,مهندسی کامپیوتر,دانشگاه علم و صنعت ایران - تهران
1399,ریاضی,593,177,منطقه 2,مهندسی برق,دانشگاه صنعتی امیرکبیر - تهران
1399,ریاضی,597,47,ایثارگر-5%,مهندسی صنایع,دانشگاه صنعتی شریف - تهران
1399,ریاضی,600,8,ایثارگر-25%,مهندسی کامپیوتر,دانشگاه صنعتی شریف - تهران
1399,ریاضی,602,48,ایثارگر-5%,فیزیک,دانشگاه صنعتی شریف - تهران
1399,ریاضی,602,401,منطقه 1,مهندسی شیمی,دانشگاه صنعتی شریف - تهران
1399,ریاضی,605,402,منطقه 1,مهندسی برق,دانشگاه صنعتی امیرکبیر - تهران
1399,ریاضی,610,182,منطقه 2,مهندسی مکانیک,دانشگاه صنعتی شریف - تهران
1399,ریاضی,615,49,ایثارگر-5%,مهندسی مکانیک,دانشگاه تهران
1399,ریاضی,615,184,منطقه 2,مهندسی کامپیوتر,دانشگاه علم و صنعت ایران - تهران
1399,ریاضی,619,186,منطقه 2,مهندسی برق,دانشگاه تهران
1399,ریاضی,621,188,منطقه 2,مهندسی عمران,دانشگاه صنعتی شریف - تهران
1399,ریاضی,623,189,منطقه 2,مهندسی مکانیک,دانشگاه تهران
1399,ریاضی,625,190,منطقه 2,مهندسی برق,دانشگاه تهران
1399,ریاضی,625,413,منطقه 1,مهندسی برق,دانشگاه صنعتی امیرکبیر - تهران
1399,ریاضی,628,23,منطقه 3,مهندسی برق,دانشگاه صنعتی امیرکبیر - تهران
1399,ریاضی,629,192,منطقه 2,مهندسی عمران,دانشگاه صنعتی شریف - تهران
1399,ریاضی,630,50,ایثارگر-5%,مهندسی کامپیوتر,دانشگاه علم و صنعت ایران - تهران
1399,ریاضی,634,418,منطقه 1,مهندسی کامپیوتر,دانشگاه علم و صنعت ایران - تهران
1399,ریاضی,642,194,منطقه 2,علوم کامپیوتر,دانشگاه تهران
1399,ریاضی,644,24,منطقه 3,فیزیک,دانشگاه صنعتی شریف - تهران
1399,ریاضی,644,195,منطقه 2,مهندسی صنایع,دانشگاه صنعتی شریف - تهران
1399,ریاضی,646,196,منطقه 2,مهندسی کامپیوتر,دانشگاه علم و صنعت ایران - تهران
1399,ریاضی,648,25,منطقه 3,مهندسی کامپیوتر,دانشگاه علم و صنعت ایران - تهران
1399,ریاضی,648,197,منطقه 2,مهندسی برق,دانشگاه تهران
1399,ریاضی,648,427,منطقه 1,مهندسی عمران,دانشگاه صنعتی شریف - تهران
1399,ریاضی,650,198,منطقه 2,علوم کامپیوتر,دانشگاه صنعتی امیرکبیر - تهران
1399,ریاضی,652,199,منطقه 2,مهندسی مکانیک,دانشگاه تهران
1399,ریاضی,656,431,منطقه 1,مهندسی برق,دانشگاه صنعتی امیرکبیر - تهران
1399,ریاضی,659,202,منطقه 2,مهندسی کامپیوتر,دانشگاه علم و صنعت ایران - تهران
1399,ریاضی,659,433,منطقه 1,ریاضیات و کاربردها,دانشگاه صنعتی شریف - تهران
1399,ریاضی,661,434,منطقه 1,مهندسی کامپیوتر,دانشگاه صنعتی اصفهان
1399,ریاضی,662,203,منطقه 2,مهندسی صنایع,دانشگاه صنعتی شریف - تهران
1399,ریاضی,663,204,منطقه 2,علوم کامپیوتر,دانشگاه صنعتی امیرکبیر - تهران
1399,ریاضی,665,53,ایثارگر-5%,مهندسی برق,دانشگاه تهران
1399,ریاضی,665,435,منطقه 1,مهندسی هوا فضا,دانشگاه صنعتی شریف - تهران
1399,ریاضی,668,206,منطقه 2,مهندسی کامپیوتر,دانشگاه علم و صنعت ایران - تهران
1399,ریاضی,670,54,ایثارگر-5%,مهندسی کامپیوتر,دانشگاه صنعتی خواجه نصیرالدین طوسی - تهران
1399,ریاضی,670,207,منطقه 2,مهندسی کامپیوتر,دانشگاه شهید بهشتی - تهران
1399,ریاضی,674,440,منطقه 1,مهندسی مکانیک,دانشگاه تهران
1399,ریاضی,677,443,منطقه 1,مهندسی عمران,دانشگاه صنعتی شریف - تهران
1399,ریاضی,682,210,منطقه 2,آموزش ریاضی - بومی استان اصفهان,پردیس فاطمه الزهرا (س) - اصفهان
1399,ریاضی,685,10,ایثارگر-25%,مهندسی کامپیوتر,دانشگاه صنعتی شریف - تهران
1399,ریاضی,687,450,منطقه 1,مهندسی صنایع,دانشگاه صنعتی شریف - تهران
1399,ریاضی,691,213,منطقه 2,مهندسی کامپیوتر,دانشگاه علم و صنعت ایران - تهران
1399,ریاضی,691,452,منطقه 1,مهندسی برق,دانشگاه صنعتی امیرکبیر - تهران
1399,ریاضی,693,454,منطقه 1,آموزش ریاضی - بومی خراسان رضوی,پردیس شهید بهشتی - مشهد
1399,ریاضی,694,455,منطقه 1,مهندسی عمران,دانشگاه صنعتی شریف - تهران
1399,ریاضی,695,214,منطقه 2,مهندسی برق,دانشگاه صنعتی امیرکبیر - تهران
1399,ریاضی,698,457,منطقه 1,مهندسی هوا فضا,دانشگاه صنعتی شریف - تهران
1399,ریاضی,698,457,منطقه 1,مهندسی کامپیوتر,دانشگاه صنعتی قم
1399,ریاضی,701,217,منطقه 2,مهندسی برق,دانشگاه تهران
1399,ریاضی,701,217,منطقه 2,مهندسی عمران,دانشگاه صنعتی شریف - تهران
1399,ریاضی,705,219,منطقه 2,مهندسی صنایع,دانشگاه صنعتی شریف - تهران
1399,ریاضی,707,220,منطقه 2,مهندسی برق,دانشگاه تهران
1399,ریاضی,710,28,منطقه 3,مهندسی برق,دانشگاه صنعتی شریف - تهران
1399,ریاضی,712,464,منطقه 1,مهندسی مکانیک,دانشگاه صنعتی امیرکبیر - تهران
1399,ریاضی,714,29,منطقه 3,مهندسی کامپیوتر,دانشگاه تهران
1399,ریاضی,715,466,منطقه 1,مهندسی کامپیوتر,دانشگاه شهید بهشتی - تهران
1399,ریاضی,718,11,ایثارگر-25%,مهندسی کامپیوتر,دانشگاه صنعتی شریف - تهران
1399,ریاضی,720,57,ایثارگر-5%,مهندسی کامپیوتر,دانشگاه علم و صنعت ایران - تهران
1399,ریاضی,722,30,منطقه 3,مهندسی کامپیوتر,دانشگاه صنعتی شریف - تهران
1399,ریاضی,722,224,منطقه 2,مهندسی برق,دانشگاه تهران
1399,ریاضی,724,225,منطقه 2,مهندسی کامپیوتر,دانشگاه شهید بهشتی - تهران
1399,ریاضی,727,470,منطقه 1,فیزیک,دانشگاه صنعتی شریف - تهران
1399,ریاضی,730,228,منطقه 2,مهندسی کامپیوتر,دانشگاه شهید بهشتی - تهران
1399,ریاضی,730,473,منطقه 1,مهندسی برق,دانشگاه صنعتی امیرکبیر - تهران
1399,ریاضی,732,474,منطقه 1,مهندسی مکانیک,دانشگاه صنعتی امیرکبیر - تهران
1399,ریاضی,735,230,منطقه 2,مهندسی مکانیک,دانشگاه تهران
1399,ریاضی,737,231,منطقه 2,مهندسی مکانیک,دانشگاه تهران
1399,ریاضی,737,476,منطقه 1,مهندسی برق,دانشگاه صنعتی امیرکبیر - تهران
1399,ریاضی,737,476,منطقه 1,مهندسی شیمی,دانشگاه صنعتی شریف - تهران
1399,ریاضی,739,232,منطقه 2,مهندسی هوا فضا,دانشگاه صنعتی شریف - تهران
1399,ریاضی,741,233,منطقه 2,مهندسی شیمی,دانشگاه صنعتی شریف - تهران
1399,ریاضی,741,478,منطقه 1,مهندسی صنایع,دانشگاه صنعتی شریف - تهران
1399,ریاضی,741,478,منطقه 1,مهندسی کامپیوتر,دانشگاه علم و صنعت ایران - تهران
1399,ریاضی,745,235,منطقه 2,مهندسی مکانیک,دانشگاه تهران
1399,ریاضی,746,236,منطقه 2,علوم کامپیوتر,دانشگاه صنعتی امیرکبیر - تهران
1399,ریاضی,748,61,ایثارگر-5%,مهندسی برق,دانشگاه تهران
1399,ریاضی,749,237,منطقه 2,مهندسی برق,دانشگاه صنعتی امیرکبیر - تهران
1399,ریاضی,750,238,منطقه 2,علوم کامپیوتر,دانشگاه صنعتی امیرکبیر - تهران
1399,ریاضی,751,483,منطقه 1,مهندسی کامپیوتر,دانشگاه فردوسی - مشهد
1399,ریاضی,754,485,منطقه 1,مهندسی کامپیوتر,دانشگاه فردوسی - مشهد
1399,ریاضی,756,487,منطقه 1,مهندسی مکانیک,دانشگاه تهران
1399,ریاضی,756,487,منطقه 1,مهندسی هوا فضا,دانشگاه صنعتی شریف - تهران
1399,ریاضی,758,240,منطقه 2,مهندسی مکانیک,دانشگاه تهران
1399,ریاضی,761,491,منطقه 1,مهندسی کامپیوتر,دانشگاه علم و صنعت ایران - تهران
1399,ریاضی,763,241,منطقه 2,مهندسی کامپیوتر,دانشگاه علم و صنعت ایران - تهران
1399,ریاضی,765,242,منطقه 2,مهندسی شیمی,دانشگاه صنعتی شریف - تهران
1399,ریاضی,765,242,منطقه 2,مهندسی مکانیک,دانشگاه صنعتی امیرکبیر - تهران
1399,ریاضی,767,244,منطقه 2,علوم کامپیوتر,دانشگاه صنعتی امیرکبیر - تهران
1399,ریاضی,767,244,منطقه 2,مهندسی مکانیک,دانشگاه تهران
1399,ریاضی,769,494,منطقه 1,مهندسی برق,دانشگاه صنعتی امیرکبیر - تهران
1399,ریاضی,771,246,منطقه 2,آموزش ریاضی - بومی استان زنجان,پردیس فاطمه الزهرا (س) - اصفهان
1399,ریاضی,771,495,منطقه 1,مهندسی هوا فضا,دانشگاه صنعتی شریف - تهران
1399,ریاضی,771,495,منطقه 1,مهندسی کامپیوتر,دانشگاه علم و صنعت ایران - تهران
1399,ریاضی,777,250,منطقه 2,مهندسی صنایع,دانشگاه صنعتی شریف - تهران
1399,ریاضی,777,250,منطقه 2,مهندسی مکانیک,دانشگاه تهران
1399,ریاضی,779,498,منطقه 1,مهندسی برق,دانشگاه صنعتی امیرکبیر - تهران
1399,ریاضی,782,253,منطقه 2,مهندسی مکانیک,دانشگاه صنعتی امیرکبیر - تهران
1399,ریاضی,784,501,منطقه 1,مهندسی مکانیک,دانشگاه تهران
1399,ریاضی,788,505,منطقه 1,مهندسی عمران,دانشگاه صنعتی شریف - تهران
1399,ریاضی,789,254,منطقه 2,مهندسی مکانیک,دانشگاه صنعتی امیرکبیر - تهران
1399,ریاضی,791,255,منطقه 2,مهندسی مکانیک,دانشگاه صنعتی امیرکبیر - تهران
1399,ریاضی,793,508,منطقه 1,مهندسی مکانیک,دانشگاه تهران
1399,ریاضی,794,62,ایثارگر-5%,مهندسی مکانیک,دانشگاه صنعتی امیرکبیر - تهران
1399,ریاضی,797,257,منطقه 2,مهندسی کامپیوتر,دانشگاه علم و صنعت ایران - تهران
1399,ریاضی,799,512,منطقه 1,مهندسی کامپیوتر,دانشگاه شهید بهشتی - تهران
1399,ریاضی,801,514,منطقه 1,مهندسی کامپیوتر,دانشگاه شهید بهشتی - تهران
1399,ریاضی,804,13,ایثارگر-25%,مهندسی مکانیک,دانشگاه صنعتی شریف - تهران
1399,ریاضی,805,517,منطقه 1,مهندسی عمران,دانشگاه صنعتی شریف - تهران
1399,ریاضی,807,519,منطقه 1,مهندسی عمران,دانشگاه صنعتی شریف - تهران
1399,ریاضی,808,520,منطقه 1,مهندسی برق,دانشگاه فردوسی - مشهد
1399,ریاضی,812,259,منطقه 2,مهندسی مکانیک,دانشگاه تهران
1399,ریاضی,812,523,منطقه 1,مهندسی معماری,دانشگاه تهران
1399,ریاضی,812,523,منطقه 1,مهندسی مکانیک,دانشگاه تهران
1399,ریاضی,820,261,منطقه 2,مهندسی مکانیک,دانشگاه تهران
1399,ریاضی,820,261,منطقه 2,مهندسی کامپیوتر,دانشگاه صنعتی خواجه نصیرالدین طوسی - تهران
1399,ریاضی,824,531,منطقه 1,مهندسی برق,دانشگاه صنعتی اصفهان
1399,ریاضی,826,263,منطقه 2,مهندسی برق,دانشگاه تهران
1399,ریاضی,832,264,منطقه 2,مهندسی مکانیک - محل تحصیل شهیدعباسپور,دانشگاه شهید بهشتی - تهران
1399,ریاضی,838,265,منطقه 2,مهندسی صنایع,دانشگاه تهران
1399,ریاضی,838,265,منطقه 2,مهندسی کامپیوتر,دانشگاه صنعتی خواجه نصیرالدین طوسی - تهران
1399,ریاضی,840,64,ایثارگر-5%,مهندسی کامپیوتر - بومی خراسان رضوی,دانشگاه تربیت دبیر شهید رجایی_تهران
1399,ریاضی,841,543,منطقه 1,مهندسی مکانیک,دانشگاه صنعتی امیرکبیر - تهران
1399,ریاضی,845,32,منطقه 3,مهندسی مکانیک,دانشگاه صنعتی امیرکبیر - تهران
1399,ریاضی,847,268,منطقه 2,مهندسی مکانیک,دانشگاه تهران
1399,ریاضی,848,269,منطقه 2,مهندسی مکانیک,دانشگاه تهران
1399,ریاضی,850,33,منطقه 3,مهندسی کامپیوتر,دانشگاه شهید بهشتی - تهران
1399,ریاضی,852,549,منطقه 1,مهندسی مکانیک,دانشگاه تهران
1399,ریاضی,853,271,منطقه 2,مهندسی صنایع,دانشگاه تهران
1399,ریاضی,855,550,منطقه 1,مهندسی صنایع,دانشگاه تهران
1399,ریاضی,857,552,منطقه 1,مهندسی برق,دانشگاه علم و صنعت ایران - تهران
1399,ریاضی,857,552,منطقه 1,مهندسی کامپیوتر,دانشگاه شهید بهشتی - تهران
1399,ریاضی,862,556,منطقه 1,مهندسی کامپیوتر,دانشگاه شهید بهشتی - تهران
1399,ریاضی,865,274,منطقه 2,ریاضیات و کاربردها,دانشگاه شهید بهشتی - تهران
1399,ریاضی,867,559,منطقه 1,مهندسی مکانیک,دانشگاه تهران
1399,ریاضی,869,276,منطقه 2,مهندسی کامپیوتر,دانشگاه شهید بهشتی - تهران
1399,ریاضی,872,560,منطقه 1,مهندسی شیمی,دانشگاه صنعتی شریف - تهران
1399,ریاضی,872,560,منطقه 1,مهندسی مکانیک,دانشگاه صنعتی امیرکبیر - تهران
1399,ریاضی,875,563,منطقه 1,مهندسی کامپیوتر,دانشگاه تبریز
1399,ریاضی,878,67,ایثارگر-5%,مهندسی برق,دانشگاه صنعتی امیرکبیر - تهران
1399,ریاضی,878,278,منطقه 2,مهندسی مکانیک,دانشگاه تهران
1399,ریاضی,880,36,منطقه 3,مهندسی کامپیوتر,دانشگاه شهید بهشتی - تهران
1399,ریاضی,880,566,منطقه 1,مهندسی صنایع,دانشگاه تهران
1399,ریاضی,889,283,منطقه 2,مهندسی مکانیک,دانشگاه صنعتی امیرکبیر - تهران
1399,ریاضی,889,571,منطقه 1,مهندسی عمران,دانشگاه صنعتی شریف - تهران
1399,ریاضی,891,69,ایثارگر-5%,مهندسی کامپیوتر,دانشگاه صنعتی اصفهان
1399,ریاضی,892,284,منطقه 2,مهندسی مکانیک,دانشگاه صنعتی امیرکبیر - تهران
1399,ریاضی,894,37,منطقه 3,علوم کامپیوتر,دانشگاه صنعتی شریف - تهران
1399,ریاضی,894,285,منطقه 2,مهندسی کامپیوتر - بومی استان قم,دانشگاه تربیت دبیر شهید رجایی_تهران
1399,ریاضی,894,573,منطقه 1,مهندسی عمران,دانشگاه صنعتی شریف - تهران
1399,ریاضی,897,287,منطقه 2,مهندسی برق,دانشگاه علم و صنعت ایران - تهران
1399,ریاضی,899,289,منطقه 2,مهندسی مکانیک,دانشگاه صنعتی امیرکبیر - تهران
1399,ریاضی,901,575,منطقه 1,مهندسی برق,دانشگاه علم و صنعت ایران - تهران
1399,ریاضی,902,576,منطقه 1,مهندسی کامپیوتر,دانشگاه اصفهان
1399,ریاضی,907,291,منطقه 2,مهندسی مکانیک,دانشگاه صنعتی امیرکبیر - تهران
1399,ریاضی,907,291,منطقه 2,مهندسی کامپیوتر,دانشگاه شهید بهشتی - تهران
1399,ریاضی,910,294,منطقه 2,مهندسی شیمی,دانشگاه صنعتی شریف - تهران
1399,ریاضی,914,38,منطقه 3,مهندسی هوا فضا,دانشگاه صنعتی شریف - تهران
1399,ریاضی,914,295,منطقه 2,مهندسی برق,دانشگاه علم و صنعت ایران - تهران
1399,ریاضی,914,582,منطقه 1,مهندسی مکانیک,دانشگاه صنعتی امیرکبیر - تهران
1399,ریاضی,916,583,منطقه 1,مهندسی صنایع,دانشگاه تهران
1399,ریاضی,919,586,منطقه 1,مهندسی صنایع,دانشگاه صنعتی امیرکبیر - تهران
1399,ریاضی,921,15,ایثارگر-25%,مهندسی برق,دانشگاه صنعتی شریف - تهران
1399,ریاضی,923,297,منطقه 2,مهندسی کامپیوتر,دانشگاه شهید بهشتی - تهران
1399,ریاضی,926,298,منطقه 2,فیزیک,دانشگاه صنعتی شریف - تهران
1399,ریاضی,929,299,منطقه 2,مهندسی شیمی,دانشگاه صنعتی شریف - تهران
1399,ریاضی,929,592,منطقه 1,مهندسی معماری,دانشگاه تهران
1399,ریاضی,932,300,منطقه 2,مهندسی مکانیک,دانشگاه صنعتی امیرکبیر - تهران
1399,ریاضی,932,595,منطقه 1,مهندسی معماری,دانشگاه تهران
1399,ریاضی,932,595,منطقه 1,مهندسی مکانیک,دانشگاه صنعتی امیرکبیر - تهران
1399,ریاضی,935,301,منطقه 2,مهندسی کامپیوتر,دانشگاه صنعتی اصفهان
1399,ریاضی,937,597,منطقه 1,مهندسی کامپیوتر,دانشگاه شهید بهشتی - تهران
1399,ریاضی,940,72,ایثارگر-5%,مهندسی برق,دانشگاه صنعتی امیرکبیر - تهران
1399,ریاضی,944,305,منطقه 2,مهندسی عمران,دانشگاه صنعتی شریف - تهران
1399,ریاضی,944,305,منطقه 2,مهندسی مکانیک,دانشگاه علم و صنعت ایران - تهران
1399,ریاضی,944,601,منطقه 1,مهندسی مکانیک,دانشگاه صنعتی امیرکبیر - تهران
1399,ریاضی,946,602,منطقه 1,مهندسی عمران,دانشگاه صنعتی شریف - تهران
1399,ریاضی,949,39,منطقه 3,مهندسی برق,دانشگاه صنعتی شریف - تهران
1399,ریاضی,952,307,منطقه 2,مهندسی مکانیک,دانشگاه صنعتی امیرکبیر - تهران
1399,ریاضی,957,309,منطقه 2,مهندسی برق,دانشگاه صنعتی امیرکبیر - تهران
1399,ریاضی,957,309,منطقه 2,مهندسی کامپیوتر,دانشگاه صنعتی شریف تهران پردیس خودگردان
1399,ریاضی,957,609,منطقه 1,مهندسی عمران,دانشگاه صنعتی شریف - تهران
1399,ریاضی,964,312,منطقه 2,مهندسی صنایع,دانشگاه صنعتی شریف - تهران
1399,ریاضی,964,613,منطقه 1,مهندسی کامپیوتر,دانشگاه شهید بهشتی - تهران
1399,ریاضی,969,75,ایثارگر-5%,مهندسی کامپیوتر,دانشگاه شهید بهشتی - تهران
1399,ریاضی,969,617,منطقه 1,مهندسی مکانیک,دانشگاه صنعتی امیرکبیر - تهران
1399,ریاضی,971,314,منطقه 2,مهندسی کامپیوتر,دانشگاه علم و صنعت ایران - تهران
1399,ریاضی,973,315,منطقه 2,مهندسی مکانیک,دانشگاه تهران
1399,ریاضی,973,620,منطقه 1,مهندسی برق,دانشگاه صنعتی خواجه نصیرالدین طوسی - تهران
1399,ریاضی,978,316,منطقه 2,مهندسی مکانیک,دانشگاه صنعتی امیرکبیر - تهران
1399,ریاضی,982,626,منطقه 1,شیمی محض,دانشگاه صنعتی شریف - تهران
1399,ریاضی,985,629,منطقه 1,مهندسی برق,دانشگاه صنعتی اصفهان
1399,ریاضی,985,629,منطقه 1,مهندسی صنایع,دانشگاه تهران
1399,ریاضی,988,631,منطقه 1,مهندسی برق,دانشگاه علم و صنعت ایران - تهران
1399,ریاضی,990,632,منطقه 1,مهندسی عمران,دانشگاه صنعتی شریف - تهران
1399,ریاضی,992,77,ایثارگر-5%,مهندسی کامپیوتر,دانشگاه صنعتی خواجه نصیرالدین طوسی - تهران
1399,ریاضی,992,634,منطقه 1,مهندسی صنایع,دانشگاه تهران
1399,ریاضی,995,320,منطقه 2,مهندسی مکانیک,دانشگاه تهران
1399,ریاضی,997,321,منطقه 2,مهندسی کامپیوتر,دانشگاه شهید بهشتی - تهران
1399,ریاضی,997,321,منطقه 2,مهندسی کامپیوتر,دانشگاه صنعتی خواجه نصیرالدین طوسی - تهران
1399,ریاضی,999,637,منطقه 1,مهندسی کامپیوتر,دانشگاه شهید بهشتی - تهران
1399,ریاضی,1001,41,منطقه 3,مهندسی مکانیک,دانشگاه صنعتی امیرکبیر - تهران
1399,ریاضی,1001,323,منطقه 2,مهندسی کامپیوتر,دانشگاه صنعتی خواجه نصیرالدین طوسی - تهران
1399,ریاضی,1005,325,منطقه 2,مهندسی برق,دانشگاه صنعتی امیرکبیر - تهران
1399,ریاضی,1007,42,منطقه 3,علوم کامپیوتر,دانشگاه صنعتی شریف - تهران
1399,ریاضی,1007,640,منطقه 1,مهندسی شیمی,دانشگاه صنعتی شریف - تهران
1399,ریاضی,1011,326,منطقه 2,مهندسی کامپیوتر,دانشگاه شهید بهشتی - تهران
1399,ریاضی,1011,642,منطقه 1,مهندسی شیمی,دانشگاه صنعتی شریف - تهران
1399,ریاضی,1014,44,منطقه 3,مهندسی کامپیوتر,دانشگاه شهید بهشتی - تهران
1399,ریاضی,1014,327,منطقه 2,مهندسی مکانیک,دانشگاه علم و صنعت ایران - تهران
1399,ریاضی,1016,78,ایثارگر-5%,مهندسی برق,دانشگاه تهران
1399,ریاضی,1016,328,منطقه 2,مهندسی کامپیوتر,دانشگاه علم و صنعت ایران - تهران
1399,ریاضی,1018,330,منطقه 2,مهندسی نفت,دانشگاه صنعتی شریف - تهران
1399,ریاضی,1020,331,منطقه 2,مهندسی مکانیک,دانشگاه صنعتی امیرکبیر - تهران
1399,ریاضی,1025,45,منطقه 3,مهندسی برق,دانشگاه صنعتی شریف - تهران
1399,ریاضی,1030,332,منطقه 2,ریاضیات و کاربردها,دانشگاه صنعتی شریف - تهران
1399,ریاضی,1033,79,ایثارگر-5%,فیزیک,دانشگاه صنعتی شریف - تهران
1399,ریاضی,1033,334,منطقه 2,مهندسی برق,دانشگاه صنعتی امیرکبیر - تهران
1399,ریاضی,1033,334,منطقه 2,مهندسی صنایع,دانشگاه صنعتی امیرکبیر - تهران
1399,ریاضی,1033,655,منطقه 1,مهندسی هوا فضا,دانشگاه صنعتی شریف - تهران
1399,ریاضی,1037,336,منطقه 2,مهندسی کامپیوتر,دانشگاه صنعتی خواجه نصیرالدین طوسی - تهران
1399,ریاضی,1038,46,منطقه 3,مهندسی کامپیوتر,دانشگاه تهران
1399,ریاضی,1038,657,منطقه 1,مهندسی عمران,دانشگاه صنعتی شریف - تهران
1399,ریاضی,1041,47,منطقه 3,مهندسی برق,دانشگاه علم و صنعت ایران - تهران
1399,ریاضی,1041,659,منطقه 1,علوم کامپیوتر,دانشگاه علم و صنعت ایران - تهران
1399,ریاضی,1044,337,منطقه 2,مهندسی مکانیک,دانشگاه علم و صنعت ایران - تهران
1399,ریاضی,1047,663,منطقه 1,مهندسی صنایع,دانشگاه صنعتی امیرکبیر - تهران
1399,ریاضی,1049,80,ایثارگر-5%,مهندسی شیمی,دانشگاه صنعتی شریف - تهران
1399,ریاضی,1056,339,منطقه 2,مهندسی هوا فضا,دانشگاه صنعتی شریف - تهران
1399,ریاضی,1058,671,منطقه 1,مهندسی کامپیوتر,دانشگاه صنعتی خواجه نصیرالدین طوسی - تهران
1399,ریاضی,1061,673,منطقه 1,مهندسی هوا فضا,دانشگاه صنعتی شریف - تهران
1399,ریاضی,1061,673,منطقه 1,مهندسی کامپیوتر,دانشگاه صنعتی خواجه نصیرالدین طوسی - تهران
1399,ریاضی,1066,678,منطقه 1,مهندسی مکانیک,دانشگاه صنعتی خواجه نصیرالدین طوسی - تهران
1399,ریاضی,1068,341,منطقه 2,علوم کامپیوتر,دانشگاه علم و صنعت ایران - تهران
1399,ریاضی,1071,682,منطقه 1,مهندسی مکانیک,دانشگاه صنعتی اصفهان
1399,ریاضی,1071,682,منطقه 1,مهندسی مکانیک,دانشگاه صنعتی امیرکبیر - تهران
1399,ریاضی,1073,49,منطقه 3,مهندسی ساخت وتولید - بومی آذربایجان شرقی,دانشگاه تربیت دبیر شهید رجایی_تهران
1399,ریاضی,1073,49,منطقه 3,مهندسی مکانیک,دانشگاه صنعتی شریف - تهران
1399,ریاضی,1075,342,منطقه 2,مهندسی معماری,دانشگاه تهران
1399,ریاضی,1078,686,منطقه 1,علوم کامپیوتر,دانشگاه شهید بهشتی - تهران
1399,ریاضی,1088,345,منطقه 2,فیزیک,دانشگاه صنعتی شریف - تهران
1399,ریاضی,1091,694,منطقه 1,مهندسی کامپیوتر,دانشگاه فردوسی - مشهد
1399,ریاضی,1095,698,منطقه 1,مهندسی برق,دانشگاه علم و صنعت ایران - تهران
1399,ریاضی,1099,348,منطقه 2,علوم کامپیوتر,دانشگاه علم و صنعت ایران - تهران
1399,ریاضی,1102,52,منطقه 3,مهندسی مکانیک,دانشگاه صنعتی شریف - تهران
1399,ریاضی,1105,350,منطقه 2,مهندسی کامپیوتر,دانشگاه صنعتی اصفهان
1399,ریاضی,1105,704,منطقه 1,مهندسی شیمی,دانشگاه تهران
1399,ریاضی,1110,86,ایثارگر-5%,مهندسی عمران,دانشگاه صنعتی شریف - تهران
1399,ریاضی,1110,352,منطقه 2,علوم کامپیوتر,دانشگاه شهید بهشتی - تهران
1399,ریاضی,1110,352,منطقه 2,مهندسی کامپیوتر,دانشگاه شهید بهشتی - تهران
1399,ریاضی,1110,707,منطقه 1,علوم کامپیوتر,دانشگاه علم و صنعت ایران - تهران
1399,ریاضی,1110,707,منطقه 1,مهندسی عمران,دانشگاه صنعتی شریف - تهران
1399,ریاضی,1114,354,منطقه 2,مهندسی هوا فضا,دانشگاه صنعتی شریف - تهران
1399,ریاضی,1117,355,منطقه 2,مهندسی برق,دانشگاه صنعتی امیرکبیر - تهران
1399,ریاضی,1117,710,منطقه 1,مهندسی نفت,دانشگاه صنعتی شریف - تهران
1399,ریاضی,1119,53,منطقه 3,مهندسی شیمی,دانشگاه صنعتی شریف - تهران
1399,ریاضی,1123,715,منطقه 1,مهندسی معماری,دانشگاه تهران
1399,ریاضی,1126,718,منطقه 1,مهندسی برق,دانشگاه شهید بهشتی - تهران
1399,ریاضی,1128,356,منطقه 2,مهندسی برق,دانشگاه علم و صنعت ایران - تهران
1399,ریاضی,1130,357,منطقه 2,ریاضیات و کاربردها,دانشگاه صنعتی شریف - تهران
1399,ریاضی,1130,357,منطقه 2,مهندسی عمران,دانشگاه صنعتی شریف - تهران
1399,ریاضی,1132,359,منطقه 2,مهندسی صنایع,دانشگاه صنعتی امیرکبیر - تهران
1399,ریاضی,1135,54,منطقه 3,فیزیک,دانشگاه تهران
1399,ریاضی,1135,722,منطقه 1,مهندسی عمران,دانشگاه صنعتی شریف - تهران
1399,ریاضی,1138,724,منطقه 1,مهندسی برق,دانشگاه علم و صنعت ایران - تهران
1399,ریاضی,1141,362,منطقه 2,مهندسی انرژی,دانشگاه صنعتی امیرکبیر - تهران
1399,ریاضی,1141,726,منطقه 1,مهندسی برق,دانشگاه صنعتی اصفهان
1399,ریاضی,1141,726,منطقه 1,مهندسی هوا فضا,دانشگاه صنعتی شریف - تهران
1399,ریاضی,1145,363,منطقه 2,مهندسی صنایع,دانشگاه علم و صنعت ایران - تهران
1399,ریاضی,1150,366,منطقه 2,مهندسی صنایع,دانشگاه صنعتی شریف - تهران
1399,ریاضی,1154,55,منطقه 3,مهندسی هوا فضا,دانشگاه صنعتی شریف - تهران
1399,ریاضی,1154,732,منطقه 1,مهندسی عمران,دانشگاه تهران
1399,ریاضی,1156,56,منطقه 3,مهندسی مکانیک,دانشگاه صنعتی شریف - تهران
1399,ریاضی,1157,368,منطقه 2,مهندسی برق,دانشگاه صنعتی امیرکبیر - تهران
1399,ریاضی,1161,370,منطقه 2,مهندسی مکانیک,دانشگاه علم و صنعت ایران - تهران
1399,ریاضی,1163,735,منطقه 1,مهندسی صنایع,دانشگاه صنعتی امیرکبیر - تهران
1399,ریاضی,1166,372,منطقه 2,مهندسی کامپیوتر,دانشگاه صنعتی خواجه نصیرالدین طوسی - تهران
1399,ریاضی,1168,373,منطقه 2,مهندسی کامپیوتر,دانشگاه صنعتی خواجه نصیرالدین طوسی - تهران
1399,ریاضی,1170,374,منطقه 2,مهندسی صنایع,دانشگاه صنعتی شریف - تهران
1399,ریاضی,1172,90,ایثارگر-5%,مهندسی برق,دانشگاه صنعتی امیرکبیر - تهران
1399,ریاضی,1172,741,منطقه 1,مهندسی پزشکی,دانشگاه صنعتی امیرکبیر - تهران
1399,ریاضی,1174,743,منطقه 1,مهندسی برق,دانشگاه علم و صنعت ایران - تهران
1399,ریاضی,1174,743,منطقه 1,مهندسی کامپیوتر,دانشگاه فردوسی - مشهد
1399,ریاضی,1176,58,منطقه 3,مهندسی برق,دانشگاه صنعتی شریف - تهران
1399,ریاضی,1177,375,منطقه 2,علوم کامپیوتر,دانشگاه شهید بهشتی - تهران
1399,ریاضی,1177,745,منطقه 1,مهندسی کامپیوتر - بومی آذربایجان شرقی,دانشگاه تربیت دبیر شهید رجایی_تهران
1399,ریاضی,1180,746,منطقه 1,مهندسی هوا فضا,دانشگاه صنعتی شریف - تهران
1399,ریاضی,1181,747,منطقه 1,مهندسی کامپیوتر,دانشگاه صنعتی خواجه نصیرالدین طوسی - تهران
1399,ریاضی,1186,751,منطقه 1,مهندسی برق,دانشگاه علم و صنعت ایران - تهران
1399,ریاضی,1189,91,ایثارگر-5%,مهندسی کامپیوتر,دانشگاه شهید بهشتی - تهران
1399,ریاضی,1194,381,منطقه 2,مهندسی کامپیوتر,دانشگاه صنعتی خواجه نصیرالدین طوسی - تهران
1399,ریاضی,1194,756,منطقه 1,علوم کامپیوتر,دانشگاه علم و صنعت ایران - تهران
1399,ریاضی,1197,382,منطقه 2,مهندسی برق,دانشگاه صنعتی امیرکبیر - تهران
1399,ریاضی,1199,383,منطقه 2,مهندسی معماری,دانشگاه تهران
1399,ریاضی,1201,760,منطقه 1,مهندسی عمران,دانشگاه تهران
1399,ریاضی,1209,384,منطقه 2,مهندسی برق,دانشگاه علم و صنعت ایران - تهران
1399,ریاضی,1212,385,منطقه 2,مهندسی صنایع,دانشگاه صنعتی امیرکبیر - تهران
1399,ریاضی,1212,769,منطقه 1,علوم کامپیوتر,دانشگاه علم و صنعت ایران - تهران
1399,ریاضی,1215,772,منطقه 1,مهندسی هوا فضا,دانشگاه صنعتی امیرکبیر - تهران
1399,ریاضی,1224,780,منطقه 1,مهندسی کامپیوتر,دانشگاه اصفهان
1399,ریاضی,1225,781,منطقه 1,مهندسی کامپیوتر,دانشگاه صنعتی شریف تهران پردیس خودگردان
1399,ریاضی,1227,59,منطقه 3,مهندسی کامپیوتر,دانشگاه فردوسی - مشهد
1399,ریاضی,1227,782,منطقه 1,مهندسی شیمی,دانشگاه تهران
1399,ریاضی,1232,95,ایثارگر-5%,مهندسی کامپیوتر,دانشگاه فردوسی - مشهد
1399,ریاضی,1232,785,منطقه 1,مهندسی صنایع,دانشگاه صنعتی امیرکبیر - تهران
1399,ریاضی,1235,788,منطقه 1,مهندسی کامپیوتر,دانشگاه تبریز
1399,ریاضی,1237,96,ایثارگر-5%,مهندسی مکانیک,دانشگاه تهران
1399,ریاضی,1240,791,منطقه 1,مهندسی مواد و متالورژی,دانشگاه صنعتی شریف - تهران
1399,ریاضی,1242,391,منطقه 2,علوم کامپیوتر,دانشگاه شهید بهشتی - تهران
1399,ریاضی,1242,793,منطقه 1,مهندسی کامپیوتر,دانشگاه فردوسی - مشهد
1399,ریاضی,1244,97,ایثارگر-5%,مهندسی برق,دانشگاه صنعتی امیرکبیر - تهران
1399,ریاضی,1246,60,منطقه 3,مهندسی کامپیوتر,دانشگاه خوارزمی - تهران (محل تحصیل کرج)
1399,ریاضی,1254,100,ایثارگر-5%,مهندسی کامپیوتر,دانشگاه صنعتی اصفهان
1399,ریاضی,1258,800,منطقه 1,مهندسی مکانیک,دانشگاه صنعتی اصفهان
1399,ریاضی,1260,801,منطقه 1,مهندسی صنایع,دانشگاه صنعتی امیرکبیر - تهران
1399,ریاضی,1262,400,منطقه 2,علوم کامپیوتر,دانشگاه شهید بهشتی - تهران
1399,ریاضی,1265,402,منطقه 2,مهندسی عمران,دانشگاه تهران
1399,ریاضی,1265,803,منطقه 1,مهندسی صنایع,دانشگاه صنعتی امیرکبیر - تهران
1399,ریاضی,1268,806,منطقه 1,مهندسی مکانیک,دانشگاه علم و صنعت ایران - تهران
1399,ریاضی,1274,405,منطقه 2,مهندسی عمران,دانشگاه تهران
1399,ریاضی,1274,809,منطقه 1,مهندسی برق,دانشگاه علم و صنعت ایران - تهران
1399,ریاضی,1277,407,منطقه 2,مهندسی مکانیک,دانشگاه علم و صنعت ایران - تهران
1399,ریاضی,1279,812,منطقه 1,مهندسی صنایع,دانشگاه صنعتی امیرکبیر - تهران
1399,ریاضی,1281,104,ایثارگر-5%,مهندسی برق,دانشگاه تهران
1399,ریاضی,1281,408,منطقه 2,مهندسی مکانیک,دانشگاه تهران
1399,ریاضی,1285,62,منطقه 3,مهندسی نفت,دانشگاه صنعتی شریف - تهران
1399,ریاضی,1287,817,منطقه 1,علوم کامپیوتر,دانشگاه شهید بهشتی - تهران
1399,ریاضی,1289,819,منطقه 1,مهندسی کامپیوتر,دانشگاه خوارزمی - تهران (محل تحصیل کرج)
1399,ریاضی,1291,821,منطقه 1,مهندسی معماری,دانشگاه شهید بهشتی - تهران
1399,ریاضی,1294,105,ایثارگر-5%,علوم کامپیوتر,دانشگاه صنعتی امیرکبیر - تهران
1399,ریاضی,1297,410,منطقه 2,مهندسی کامپیوتر,دانشگاه صنعتی خواجه نصیرالدین طوسی - تهران
1399,ریاضی,1299,827,منطقه 1,مهندسی کامپیوتر,دانشگاه صنعتی اصفهان
1399,ریاضی,1302,412,منطقه 2,مهندسی کامپیوتر,دانشگاه خوارزمی - تهران (محل تحصیل کرج)
1399,ریاضی,1304,829,منطقه 1,آموزش ریاضی - بومی خراسان رضوی,پردیس شهید هاشمی نژاد - مشهد
1399,ریاضی,1306,831,منطقه 1,مهندسی صنایع,دانشگاه صنعتی امیرکبیر - تهران
1399,ریاضی,1308,414,منطقه 2,مهندسی برق,دانشگاه صنعتی امیرکبیر - تهران
1399,ریاضی,1308,414,منطقه 2,مهندسی برق,دانشگاه علم و صنعت ایران - تهران
1399,ریاضی,1311,63,منطقه 3,مهندسی برق,دانشگاه علم و صنعت ایران - تهران
1399,ریاضی,1311,107,ایثارگر-5%,مهندسی برق,دانشگاه تهران
1399,ریاضی,1311,833,منطقه 1,مهندسی مکانیک,دانشگاه علم و صنعت ایران - تهران
1399,ریاضی,1314,835,منطقه 1,مهندسی برق,دانشگاه شهید بهشتی - تهران
1399,ریاضی,1317,418,منطقه 2,آموزش فیزیک - بومی خراسان جنوبی,پردیس شهید بهشتی - مشهد
1399,ریاضی,1324,843,منطقه 1,مهندسی صنایع,دانشگاه صنعتی امیرکبیر - تهران
1399,ریاضی,1326,420,منطقه 2,مهندسی برق,دانشگاه علم و صنعت ایران - تهران
1399,ریاضی,1328,421,منطقه 2,مهندسی شیمی,دانشگاه صنعتی شریف - تهران
1399,ریاضی,1332,110,ایثارگر-5%,مهندسی برق,دانشگاه تهران
1399,ریاضی,1339,64,منطقه 3,علوم کامپیوتر,دانشگاه تهران
1399,ریاضی,1343,113,ایثارگر-5%,مهندسی برق,دانشگاه تهران
1399,ریاضی,1343,423,منطقه 2,مهندسی مکانیک,دانشگاه علم و صنعت ایران - تهران
1399,ریاضی,1343,856,منطقه 1,مهندسی برق,دانشگاه علم و صنعت ایران - تهران
1399,ریاضی,1347,424,منطقه 2,مهندسی مکانیک,دانشگاه علم و صنعت ایران - تهران
1399,ریاضی,1350,862,منطقه 1,مهندسی برق,دانشگاه شهید بهشتی - تهران
1399,ریاضی,1354,114,ایثارگر-5%,مهندسی کامپیوتر,دانشگاه شهید بهشتی - تهران
1399,ریاضی,1357,428,منطقه 2,آموزش ریاضی - بومی فارس,پردیس شهید رجایی - شیراز
1399,ریاضی,1361,430,منطقه 2,فیزیک,دانشگاه تهران
1399,ریاضی,1362,868,منطقه 1,مهندسی پزشکی,دانشگاه صنعتی امیرکبیر - تهران
1399,ریاضی,1364,869,منطقه 1,مهندسی برق,دانشگاه علم و صنعت ایران - تهران
1399,ریاضی,1367,871,منطقه 1,فیزیک,دانشگاه تهران
1399,ریاضی,1367,871,منطقه 1,مهندسی عمران,دانشگاه تهران
1399,ریاضی,1367,871,منطقه 1,مهندسی کامپیوتر,دانشگاه صنعتی اصفهان
1399,ریاضی,1369,115,ایثارگر-5%,مهندسی برق,دانشگاه تهران
1399,ریاضی,1374,435,منطقه 2,مهندسی شیمی,دانشگاه تهران
1399,ریاضی,1374,435,منطقه 2,مهندسی عمران,دانشگاه صنعتی شریف - تهران
1399,ریاضی,1374,875,منطقه 1,مهندسی عمران,دانشگاه تهران
1399,ریاضی,1374,875,منطقه 1,مهندسی هوا فضا,دانشگاه صنعتی امیرکبیر - تهران
1399,ریاضی,1377,437,منطقه 2,مهندسی شیمی,دانشگاه صنعتی شریف - تهران
1399,ریاضی,1380,878,منطقه 1,مهندسی عمران,دانشگاه تهران
1399,ریاضی,1387,441,منطقه 2,مهندسی صنایع,دانشگاه تهران
1399,ریاضی,1387,882,منطقه 1,مهندسی کامپیوتر,دانشگاه تبریز
1399,ریاضی,1390,66,منطقه 3,مهندسی کامپیوتر,دانشگاه صنعتی امیرکبیر - تهران
1399,ریاضی,1390,442,منطقه 2,علوم کامپیوتر,دانشگاه علم و صنعت ایران - تهران
1399,ریاضی,1395,443,منطقه 2,مهندسی معماری,دانشگاه تهران
1399,ریاضی,1398,889,منطقه 1,مهندسی انرژی - محل تحصیل شهیدعباسپور,دانشگاه شهید بهشتی - تهران
1399,ریاضی,1405,446,منطقه 2,مهندسی مکانیک,دانشگاه علم و صنعت ایران - تهران
1399,ریاضی,1405,893,منطقه 1,مهندسی برق,دانشگاه صنعتی اصفهان
1399,ریاضی,1405,893,منطقه 1,مهندسی شیمی,دانشگاه تهران
1399,ریاضی,1405,893,منطقه 1,مهندسی مواد و متالورژی,دانشگاه صنعتی شریف - تهران
1399,ریاضی,1405,893,منطقه 1,مهندسی کامپیوتر,دانشگاه صنعتی اصفهان
1399,ریاضی,1416,120,ایثارگر-5%,مهندسی کامپیوتر,دانشگاه شهید بهشتی - تهران
1399,ریاضی,1418,449,منطقه 2,مهندسی برق,دانشگاه علم و صنعت ایران - تهران
1399,ریاضی,1421,450,منطقه 2,مهندسی مکانیک,دانشگاه علم و صنعت ایران - تهران
1399,ریاضی,1426,908,منطقه 1,مهندسی برق,دانشگاه علم و صنعت ایران - تهران
1399,ریاضی,1427,451,منطقه 2,مهندسی هوا فضا,دانشگاه صنعتی امیرکبیر - تهران
1399,ریاضی,1429,452,منطقه 2,مهندسی شیمی,دانشگاه صنعتی شریف - تهران
1399,ریاضی,1429,452,منطقه 2,مهندسی هوا فضا,دانشگاه صنعتی شریف - تهران
1399,ریاضی,1431,122,ایثارگر-5%,علوم کامپیوتر,دانشگاه تهران
1399,ریاضی,1434,912,منطقه 1,مهندسی کامپیوتر,دانشگاه صنعتی اصفهان
1399,ریاضی,1437,456,منطقه 2,مهندسی صنایع,دانشگاه علم و صنعت ایران - تهران
1399,ریاضی,1439,915,منطقه 1,مهندسی عمران,دانشگاه تهران
1399,ریاضی,1441,917,منطقه 1,مهندسی برق,دانشگاه علم و صنعت ایران - تهران
1399,ریاضی,1442,457,منطقه 2,علوم کامپیوتر,دانشگاه شهید بهشتی - تهران
1399,ریاضی,1443,458,منطقه 2,مهندسی عمران,دانشگاه تهران
1399,ریاضی,1445,459,منطقه 2,ریاضیات و کاربردها,دانشگاه صنعتی شریف - تهران
1399,ریاضی,1447,69,منطقه 3,مهندسی کامپیوتر - بومی آذربایجان غربی,دانشگاه تربیت دبیر شهید رجایی_تهران
1399,ریاضی,1447,919,منطقه 1,مهندسی عمران,دانشگاه تهران
1399,ریاضی,1449,920,منطقه 1,مهندسی مواد و متالورژی,دانشگاه صنعتی شریف - تهران
1399,ریاضی,1451,70,منطقه 3,آموزش ریاضی - بومی گیلان,پردیس دکتر شریعتی - ساری
1399,ریاضی,1454,123,ایثارگر-5%,مهندسی مکانیک,دانشگاه تهران
1399,ریاضی,1454,461,منطقه 2,علوم کامپیوتر,دانشگاه شهید بهشتی - تهران
1399,ریاضی,1461,125,ایثارگر-5%,مهندسی مکانیک,دانشگاه صنعتی امیرکبیر - تهران
1399,ریاضی,1466,932,منطقه 1,علوم مهندسی,دانشگاه تهران
1399,ریاضی,1469,935,منطقه 1,مهندسی کامپیوتر,دانشگاه شیراز
1399,ریاضی,1471,464,منطقه 2,مهندسی معماری,دانشگاه تهران
1399,ریاضی,1473,465,منطقه 2,مهندسی مکانیک,دانشگاه صنعتی امیرکبیر - تهران
1399,ریاضی,1475,72,منطقه 3,مهندسی عمران,دانشگاه تهران
1399,ریاضی,1477,73,منطقه 3,مهندسی کامپیوتر - بومی استان اصفهان,دانشگاه تربیت دبیر شهید رجایی_تهران
1399,ریاضی,1477,939,منطقه 1,مهندسی کامپیوتر,دانشگاه شیراز
1399,ریاضی,1483,944,منطقه 1,آموزش فیزیک - بومی خراسان رضوی,پردیس شهید بهشتی - مشهد
1399,ریاضی,1487,948,منطقه 1,مهندسی برق,دانشگاه علم و صنعت ایران - تهران
1399,ریاضی,1488,949,منطقه 1,مهندسی کامپیوتر,دانشگاه صنعتی امیرکبیر - تهران - پردیس خودگردان
1399,ریاضی,1501,470,منطقه 2,مهندسی برق,دانشگاه علم و صنعت ایران - تهران
1399,ریاضی,1504,959,منطقه 1,مهندسی مکانیک,دانشگاه علم و صنعت ایران - تهران
1399,ریاضی,1507,961,منطقه 1,مهندسی مکانیک,دانشگاه علم و صنعت ایران - تهران
1399,ریاضی,1509,473,منطقه 2,مهندسی برق,دانشگاه علم و صنعت ایران - تهران
1399,ریاضی,1509,473,منطقه 2,کارشناسی ارشد پیوسته علوم قضایی,دانشگاه علوم قضایی و خدمات ادارای دادگستری
1399,ریاضی,1512,475,منطقه 2,مهندسی برق,دانشگاه شهید بهشتی - تهران
1399,ریاضی,1512,475,منطقه 2,مهندسی برق,دانشگاه علم و صنعت ایران - تهران
1399,ریاضی,1512,963,منطقه 1,مهندسی کامپیوتر,دانشگاه صنعتی اصفهان
1399,ریاضی,1521,477,منطقه 2,مهندسی برق,دانشگاه علم و صنعت ایران - تهران
1399,ریاضی,1521,971,منطقه 1,مهندسی برق,دانشگاه علم و صنعت ایران - تهران
1399,ریاضی,1521,971,منطقه 1,مهندسی معماری,دانشگاه شهید بهشتی - تهران
1399,ریاضی,1521,971,منطقه 1,مهندسی مکانیک,دانشگاه علم و صنعت ایران - تهران
1399,ریاضی,1526,75,منطقه 3,مهندسی شیمی,دانشگاه صنعتی شریف - تهران
1399,ریاضی,1526,974,منطقه 1,مهندسی پزشکی,دانشگاه صنعتی امیرکبیر - تهران
1399,ریاضی,1526,974,منطقه 1,مهندسی کامپیوتر,دانشگاه صنعتی اصفهان
1399,ریاضی,1531,478,منطقه 2,مهندسی شیمی,دانشگاه صنعتی شریف - تهران
1399,ریاضی,1531,478,منطقه 2,مهندسی هوا فضا,دانشگاه صنعتی شریف - تهران
1399,ریاضی,1537,982,منطقه 1,مهندسی صنایع,دانشگاه علم و صنعت ایران - تهران
1399,ریاضی,1537,982,منطقه 1,مهندسی کامپیوتر,دانشگاه فردوسی - مشهد
1399,ریاضی,1539,130,ایثارگر-5%,مهندسی برق,دانشگاه تهران
1399,ریاضی,1544,986,منطقه 1,مهندسی پزشکی,دانشگاه صنعتی امیرکبیر - تهران
1399,ریاضی,1546,76,منطقه 3,مهندسی مکانیک,دانشگاه علم و صنعت ایران - تهران
1399,ریاضی,1549,484,منطقه 2,مهندسی کامپیوتر,دانشگاه صنعتی اصفهان
1399,ریاضی,1551,485,منطقه 2,مهندسی عمران,دانشگاه صنعتی شریف - تهران
1399,ریاضی,1551,991,منطقه 1,مهندسی برق,دانشگاه علم و صنعت ایران - تهران
1399,ریاضی,1557,488,منطقه 2,مهندسی صنایع,دانشگاه تهران
1399,ریاضی,1557,488,منطقه 2,مهندسی مکانیک,دانشگاه علم و صنعت ایران - تهران
1399,ریاضی,1557,993,منطقه 1,مهندسی کامپیوتر,دانشگاه شیراز
1399,ریاضی,1564,491,منطقه 2,مهندسی پزشکی,دانشگاه صنعتی امیرکبیر - تهران
1399,ریاضی,1567,493,منطقه 2,فیزیک,دانشگاه تهران
1399,ریاضی,1569,495,منطقه 2,مهندسی مکانیک,دانشگاه صنعتی امیرکبیر - تهران
1399,ریاضی,1572,496,منطقه 2,مهندسی شیمی,دانشگاه صنعتی شریف - تهران
1399,ریاضی,1572,1000,منطقه 1,مهندسی کامپیوتر,دانشگاه فردوسی - مشهد
1399,ریاضی,1576,135,ایثارگر-5%,مهندسی برق,دانشگاه تهران
1399,ریاضی,1576,497,منطقه 2,مهندسی مکانیک,دانشگاه علم و صنعت ایران - تهران
1399,ریاضی,1581,498,منطقه 2,مهندسی کامپیوتر,دانشگاه الزهرا(س) - تهران
1399,ریاضی,1587,136,ایثارگر-5%,مهندسی کامپیوتر,دانشگاه شیراز
1399,ریاضی,1588,137,ایثارگر-5%,مهندسی مکانیک,دانشگاه تهران
1399,ریاضی,1591,138,ایثارگر-5%,مهندسی کامپیوتر,دانشگاه صنعتی خواجه نصیرالدین طوسی - تهران
1399,ریاضی,1591,502,منطقه 2,مهندسی عمران - بومی استان یزد,دانشگاه تربیت دبیر شهید رجایی_تهران
1399,ریاضی,1594,504,منطقه 2,مهندسی هوا فضا,دانشگاه صنعتی شریف - تهران
1399,ریاضی,1597,506,منطقه 2,مهندسی مکانیک,دانشگاه صنعتی خواجه نصیرالدین طوسی - تهران
1399,ریاضی,1597,506,منطقه 2,مهندسی هوا فضا,دانشگاه صنعتی شریف - تهران
1399,ریاضی,1605,508,منطقه 2,مهندسی مکانیک,دانشگاه علم و صنعت ایران - تهران
1399,ریاضی,1611,79,منطقه 3,علوم کامپیوتر,دانشگاه تهران
1399,ریاضی,1611,511,منطقه 2,مهندسی پزشکی,دانشگاه صنعتی امیرکبیر - تهران
1399,ریاضی,1615,512,منطقه 2,مهندسی برق,دانشگاه علم و صنعت ایران - تهران
1399,ریاضی,1619,513,منطقه 2,مهندسی برق,دانشگاه علم و صنعت ایران - تهران
1399,ریاضی,1619,513,منطقه 2,مهندسی شیمی,دانشگاه صنعتی شریف - تهران
1399,ریاضی,1634,143,ایثارگر-5%,علوم کامپیوتر,دانشگاه صنعتی امیرکبیر - تهران
1399,ریاضی,1634,519,منطقه 2,مهندسی شیمی,دانشگاه صنعتی شریف - تهران
1399,ریاضی,1638,521,منطقه 2,مهندسی کامپیوتر,دانشگاه علم و صنعت ایران - تهران
1399,ریاضی,1642,522,منطقه 2,مهندسی شیمی,دانشگاه صنعتی شریف - تهران
1399,ریاضی,1642,522,منطقه 2,مهندسی صنایع,دانشگاه تهران
1399,ریاضی,1647,80,منطقه 3,مهندسی برق,دانشگاه شهید بهشتی - تهران
1399,ریاضی,1657,526,منطقه 2,مهندسی کامپیوتر - بومی استان قم,دانشگاه تربیت دبیر شهید رجایی_تهران
1399,ریاضی,1659,527,منطقه 2,مهندسی برق,دانشگاه علم و صنعت ایران - تهران
1399,ریاضی,1663,529,منطقه 2,مهندسی مکانیک,دانشگاه علم و صنعت ایران - تهران
1399,ریاضی,1665,530,منطقه 2,آموزش ریاضی - بومی استان تهران,پردیس شهید چمران - تهران
1399,ریاضی,1673,83,منطقه 3,مهندسی معماری,دانشگاه تهران
1399,ریاضی,1679,534,منطقه 2,مهندسی کامپیوتر - بومی خراسان رضوی,دانشگاه تربیت دبیر شهید رجایی_تهران
1399,ریاضی,1684,84,منطقه 3,مهندسی نفت,دانشگاه صنعتی شریف - تهران
1399,ریاضی,1693,148,ایثارگر-5%,مهندسی کامپیوتر,دانشگاه صنعتی خواجه نصیرالدین طوسی - تهران
1399,ریاضی,1696,85,منطقه 3,مهندسی عمران,دانشگاه صنعتی امیرکبیر - تهران
1399,ریاضی,1696,537,منطقه 2,مهندسی مکانیک,دانشگاه علم و صنعت ایران - تهران
1399,ریاضی,1701,539,منطقه 2,مهندسی مکانیک,دانشگاه علم و صنعت ایران - تهران
1399,ریاضی,1714,542,منطقه 2,مهندسی عمران,دانشگاه صنعتی شریف - تهران
1399,ریاضی,1722,87,منطقه 3,مهندسی کامپیوتر,دانشگاه علم و صنعت ایران - تهران
1399,ریاضی,1722,544,منطقه 2,مهندسی برق,دانشگاه صنعتی خواجه نصیرالدین طوسی - تهران
1399,ریاضی,1736,153,ایثارگر-5%,مهندسی مکانیک,دانشگاه صنعتی امیرکبیر - تهران
1399,ریاضی,1738,547,منطقه 2,مهندسی برق,دانشگاه صنعتی خواجه نصیرالدین طوسی - تهران
1399,ریاضی,1743,549,منطقه 2,مهندسی عمران,دانشگاه تهران
1399,ریاضی,1751,551,منطقه 2,مهندسی عمران,دانشگاه تهران
1399,ریاضی,1751,551,منطقه 2,مهندسی معماری,دانشگاه تهران
1399,ریاضی,1757,156,ایثارگر-5%,مهندسی کامپیوتر - بومی خراسان رضوی,دانشگاه تربیت دبیر شهید رجایی_تهران
1399,ریاضی,1760,91,منطقه 3,مهندسی کامپیوتر,دانشگاه صنعتی اصفهان
1399,ریاضی,1773,159,ایثارگر-5%,مهندسی برق,دانشگاه صنعتی امیرکبیر - تهران
1399,ریاضی,1773,557,منطقه 2,مهندسی هوا فضا,دانشگاه صنعتی امیرکبیر - تهران
1399,ریاضی,1775,160,ایثارگر-5%,مهندسی مکانیک,دانشگاه تهران
1399,ریاضی,1778,92,منطقه 3,مهندسی کامپیوتر,دانشگاه علم و صنعت ایران - تهران
1399,ریاضی,1782,558,منطقه 2,مهندسی عمران,دانشگاه صنعتی شریف - تهران
1399,ریاضی,1787,160,ایثارگر-5%,مهندسی عمران,دانشگاه صنعتی شریف - تهران
1399,ریاضی,1787,559,منطقه 2,مهندسی کامپیوتر,دانشگاه صنعتی اصفهان
1399,ریاضی,1791,562,منطقه 2,مهندسی برق,دانشگاه صنعتی خواجه نصیرالدین طوسی - تهران
1399,ریاضی,1791,562,منطقه 2,مهندسی شیمی,دانشگاه صنعتی شریف - تهران
1399,ریاضی,1791,562,منطقه 2,مهندسی مکانیک,دانشگاه صنعتی خواجه نصیرالدین طوسی - تهران
1399,ریاضی,1798,163,ایثارگر-5%,مهندسی برق,دانشگاه صنعتی امیرکبیر - تهران
1399,ریاضی,1798,564,منطقه 2,مهندسی مکانیک,دانشگاه علم و صنعت ایران - تهران
1399,ریاضی,1803,565,منطقه 2,مهندسی کامپیوتر,دانشگاه صنعتی اصفهان
1399,ریاضی,1809,567,منطقه 2,آموزش ریاضی - بومی خراسان شمالی,پردیس شهید هاشمی نژاد - مشهد
1399,ریاضی,1830,571,منطقه 2,آموزش ریاضی - بومی استان اصفهان,پردیس فاطمه الزهرا (س) - اصفهان
1399,ریاضی,1830,571,منطقه 2,مهندسی عمران,دانشگاه تهران
1399,ریاضی,1837,573,منطقه 2,مهندسی صنایع,دانشگاه صنعتی امیرکبیر - تهران
1399,ریاضی,1837,573,منطقه 2,مهندسی مکانیک,دانشگاه علم و صنعت ایران - تهران
1399,ریاضی,1840,167,ایثارگر-5%,مهندسی مکانیک,دانشگاه تهران
1399,ریاضی,1848,95,منطقه 3,مهندسی شیمی,دانشگاه صنعتی شریف - تهران
1399,ریاضی,1854,577,منطقه 2,مهندسی کامپیوتر,دانشگاه علامه طباطبایی - تهران
1399,ریاضی,1861,578,منطقه 2,مهندسی کامپیوتر,دانشگاه فردوسی - مشهد
1399,ریاضی,1863,580,منطقه 2,مهندسی برق - بومی مازندران,دانشگاه تربیت دبیر شهید رجایی_تهران
1399,ریاضی,1866,169,ایثارگر-5%,مهندسی عمران,دانشگاه صنعتی شریف - تهران
1399,ریاضی,1869,582,منطقه 2,مهندسی نفت,دانشگاه صنعتی شریف - تهران
1399,ریاضی,1869,582,منطقه 2,مهندسی کامپیوتر,دانشگاه صنعتی اصفهان
1399,ریاضی,1872,97,منطقه 3,فیزیک,دانشگاه تهران
1399,ریاضی,1877,584,منطقه 2,مهندسی برق,دانشگاه شهید بهشتی - تهران
1399,ریاضی,1890,586,منطقه 2,مهندسی پزشکی,دانشگاه صنعتی امیرکبیر - تهران
1399,ریاضی,1892,173,ایثارگر-5%,مهندسی معماری,دانشگاه شهید بهشتی - تهران
1399,ریاضی,1899,176,ایثارگر-5%,مهندسی برق,دانشگاه صنعتی امیرکبیر - تهران
1399,ریاضی,1902,590,منطقه 2,علوم مهندسی,دانشگاه تهران
1399,ریاضی,1909,178,ایثارگر-5%,مهندسی برق,دانشگاه صنعتی امیرکبیر - تهران
1399,ریاضی,1909,178,ایثارگر-5%,مهندسی کامپیوتر,دانشگاه صنعتی اصفهان
1399,ریاضی,1909,178,ایثارگر-5%,مهندسی کامپیوتر,دانشگاه صنعتی خواجه نصیرالدین طوسی - تهران
1399,ریاضی,1914,595,منطقه 2,مهندسی کامپیوتر,دانشگاه اصفهان
1399,ریاضی,1929,598,منطقه 2,مهندسی صنایع,دانشگاه صنعتی امیرکبیر - تهران
1399,ریاضی,1929,598,منطقه 2,مهندسی صنایع,دانشگاه علم و صنعت ایران - تهران
1399,ریاضی,1929,598,منطقه 2,مهندسی عمران,دانشگاه تهران
1399,ریاضی,1933,600,منطقه 2,مهندسی کامپیوتر,دانشگاه خوارزمی - تهران (محل تحصیل کرج)
1399,ریاضی,1935,602,منطقه 2,ریاضیات و کاربردها,دانشگاه صنعتی امیرکبیر - تهران
1399,ریاضی,1938,605,منطقه 2,مهندسی شیمی,دانشگاه تهران
1399,ریاضی,1942,607,منطقه 2,مهندسی عمران,دانشگاه صنعتی امیرکبیر - تهران
1399,ریاضی,1943,608,منطقه 2,مهندسی مکانیک,دانشگاه صنعتی خواجه نصیرالدین طوسی - تهران
1399,ریاضی,1955,611,منطقه 2,مهندسی کامپیوتر - بومی استان تهران,دانشگاه تربیت دبیر شهید رجایی_تهران
1399,ریاضی,1957,612,منطقه 2,مهندسی کامپیوتر,دانشگاه صنعتی شریف تهران پردیس خودگردان
1399,ریاضی,1964,613,منطقه 2,علوم مهندسی,دانشگاه تهران
1399,ریاضی,1967,181,ایثارگر-5%,مهندسی مکانیک,دانشگاه تهران
1399,ریاضی,1969,614,منطقه 2,مهندسی برق,دانشگاه صنعتی خواجه نصیرالدین طوسی - تهران
1399,ریاضی,1989,618,منطقه 2,مهندسی کامپیوتر,دانشگاه علامه طباطبایی - تهران
1399,ریاضی,1992,620,منطقه 2,مهندسی پزشکی,دانشگاه صنعتی امیرکبیر - تهران
1399,ریاضی,1997,622,منطقه 2,مهندسی ساخت وتولید,دانشگاه صنعتی امیرکبیر - تهران
1399,ریاضی,2001,625,منطقه 2,مهندسی شیمی,دانشگاه تهران
1399,ریاضی,2003,627,منطقه 2,آموزش فیزیک - بومی استان تهران,پردیس نسیبه - تهران
1399,ریاضی,2006,102,منطقه 3,مهندسی برق,دانشگاه تهران
1399,ریاضی,2009,630,منطقه 2,مهندسی برق,دانشگاه شهید بهشتی - تهران
1399,ریاضی,2009,630,منطقه 2,مهندسی کامپیوتر,دانشگاه خوارزمی - تهران (محل تحصیل کرج)
1399,ریاضی,2012,633,منطقه 2,مهندسی مواد و متالورژی,دانشگاه صنعتی شریف - تهران
1399,ریاضی,2016,634,منطقه 2,مهندسی برق,دانشگاه صنعتی خواجه نصیرالدین طوسی - تهران
1399,ریاضی,2020,636,منطقه 2,مهندسی برق,دانشگاه صنعتی خواجه نصیرالدین طوسی - تهران
1399,ریاضی,2028,639,منطقه 2,مهندسی عمران,دانشگاه صنعتی شریف - تهران
1399,ریاضی,2034,642,منطقه 2,مهندسی صنایع,دانشگاه علم و صنعت ایران - تهران
1399,ریاضی,2034,642,منطقه 2,مهندسی پزشکی,دانشگاه صنعتی امیرکبیر - تهران
1399,ریاضی,2043,185,ایثارگر-5%,مهندسی معماری,دانشگاه شهید بهشتی - تهران
1399,ریاضی,2046,186,ایثارگر-5%,مهندسی کامپیوتر,دانشگاه صنعتی اصفهان
1399,ریاضی,2049,646,منطقه 2,مهندسی برق,دانشگاه صنعتی خواجه نصیرالدین طوسی - تهران
1399,ریاضی,2049,646,منطقه 2,مهندسی صنایع,دانشگاه صنعتی خواجه نصیرالدین طوسی - تهران
1399,ریاضی,2053,104,منطقه 3,مهندسی هوا فضا,دانشگاه صنعتی شریف - تهران
1399,ریاضی,2058,648,منطقه 2,مهندسی عمران,دانشگاه تهران
1399,ریاضی,2067,106,منطقه 3,مهندسی عمران,دانشگاه صنعتی شریف - تهران
1399,ریاضی,2082,108,منطقه 3,مهندسی شیمی,دانشگاه صنعتی شریف - تهران
1399,ریاضی,2087,652,منطقه 2,مهندسی معماری,دانشگاه شهید بهشتی - تهران
1399,ریاضی,2087,652,منطقه 2,مهندسی مکانیک - بومی استان کرمان,دانشگاه تربیت دبیر شهید رجایی_تهران
1399,ریاضی,2090,654,منطقه 2,مهندسی کامپیوتر,دانشگاه صنعتی خواجه نصیرالدین طوسی - تهران
1399,ریاضی,2092,656,منطقه 2,مهندسی شیمی,دانشگاه تهران
1399,ریاضی,2094,188,ایثارگر-5%,مهندسی صنایع,دانشگاه علم و صنعت ایران - تهران
1399,ریاضی,2097,658,منطقه 2,مهندسی مکانیک - محل تحصیل شهیدعباسپور,دانشگاه شهید بهشتی - تهران
1399,ریاضی,2104,660,منطقه 2,مهندسی پزشکی,دانشگاه صنعتی امیرکبیر - تهران
1399,ریاضی,2114,190,ایثارگر-5%,مهندسی مکانیک,دانشگاه صنعتی امیرکبیر - تهران
1399,ریاضی,2119,110,منطقه 3,مهندسی مکانیک,دانشگاه تهران
1399,ریاضی,2119,664,منطقه 2,مهندسی برق - بومی استان قم,دانشگاه تربیت دبیر شهید رجایی_تهران
1399,ریاضی,2127,192,ایثارگر-5%,علوم کامپیوتر,دانشگاه شهید بهشتی - تهران
1399,ریاضی,2127,666,منطقه 2,مهندسی شیمی,دانشگاه تهران
1399,ریاضی,2134,113,منطقه 3,مهندسی کامپیوتر,دانشگاه صنعتی خواجه نصیرالدین طوسی - تهران
1399,ریاضی,2136,194,ایثارگر-5%,علوم کامپیوتر,دانشگاه صنعتی امیرکبیر - تهران
1399,ریاضی,2137,668,منطقه 2,مهندسی مکانیک,دانشگاه علم و صنعت ایران - تهران
1399,ریاضی,2139,669,منطقه 2,مهندسی شیمی,دانشگاه تهران
1399,ریاضی,2139,669,منطقه 2,مهندسی مکانیک,دانشگاه صنعتی خواجه نصیرالدین طوسی - تهران
1399,ریاضی,2141,671,منطقه 2,مهندسی مکانیک,دانشگاه صنعتی خواجه نصیرالدین طوسی - تهران
1399,ریاضی,2143,672,منطقه 2,مهندسی برق,دانشگاه صنعتی خواجه نصیرالدین طوسی - تهران
1399,ریاضی,2145,674,منطقه 2,مهندسی عمران,دانشگاه صنعتی شریف - تهران
1399,ریاضی,2167,198,ایثارگر-5%,مهندسی صنایع,دانشگاه علم و صنعت ایران - تهران
1399,ریاضی,2171,115,منطقه 3,مهندسی کامپیوتر - بومی کردستان,دانشگاه تربیت دبیر شهید رجایی_تهران
1399,ریاضی,2174,682,منطقه 2,مهندسی کامپیوتر - بومی آذربایجان غربی,دانشگاه تربیت دبیر شهید رجایی_تهران
1399,ریاضی,2177,683,منطقه 2,مهندسی برق,دانشگاه صنعتی خواجه نصیرالدین طوسی - تهران
1399,ریاضی,2182,684,منطقه 2,مهندسی عمران,دانشگاه تهران
1399,ریاضی,2188,685,منطقه 2,مهندسی دریا,دانشگاه صنعتی شریف - تهران
1399,ریاضی,2192,687,منطقه 2,مهندسی معماری,دانشگاه تهران
1399,ریاضی,2199,116,منطقه 3,مهندسی کامپیوتر,دانشگاه فردوسی - مشهد
1399,ریاضی,2206,689,منطقه 2,مهندسی پزشکی,دانشگاه صنعتی امیرکبیر - تهران
1399,ریاضی,2210,117,منطقه 3,کارشناسی ارشد پیوسته علوم قضایی,دانشگاه علوم قضایی و خدمات ادارای دادگستری
1399,ریاضی,2210,202,ایثارگر-5%,مهندسی صنایع,دانشگاه علم و صنعت ایران - تهران
1399,ریاضی,2222,119,منطقه 3,مهندسی شیمی,دانشگاه صنعتی شریف - تهران
1399,ریاضی,2222,692,منطقه 2,مهندسی عمران,دانشگاه صنعتی امیرکبیر - تهران
1399,ریاضی,2229,694,منطقه 2,مهندسی کامپیوتر,دانشگاه شاهد - تهران
1399,ریاضی,2231,696,منطقه 2,مهندسی صنایع,دانشگاه علم و صنعت ایران - تهران
1399,ریاضی,2234,698,منطقه 2,مهندسی پزشکی,دانشگاه صنعتی امیرکبیر - تهران
1399,ریاضی,2236,700,منطقه 2,مهندسی مکانیک,دانشگاه صنعتی اصفهان
1399,ریاضی,2238,701,منطقه 2,مهندسی برق,دانشگاه صنعتی خواجه نصیرالدین طوسی - تهران
1399,ریاضی,2247,121,منطقه 3,علوم کامپیوتر,دانشگاه شهید بهشتی - تهران
1399,ریاضی,2247,121,منطقه 3,مهندسی هوا فضا,دانشگاه صنعتی شریف - تهران
1399,ریاضی,2247,704,منطقه 2,مهندسی پزشکی,دانشگاه صنعتی امیرکبیر - تهران
1399,ریاضی,2265,206,ایثارگر-5%,مهندسی برق,دانشگاه صنعتی امیرکبیر - تهران
1399,ریاضی,2270,711,منطقه 2,مهندسی برق,دانشگاه صنعتی خواجه نصیرالدین طوسی - تهران
1399,ریاضی,2270,711,منطقه 2,مهندسی پزشکی,دانشگاه صنعتی امیرکبیر - تهران
1399,ریاضی,2276,123,منطقه 3,مهندسی برق,دانشگاه شهید بهشتی - تهران
1399,ریاضی,2276,123,منطقه 3,مهندسی مکانیک,دانشگاه تهران
1399,ریاضی,2276,713,منطقه 2,مهندسی کامپیوتر,دانشگاه فردوسی - مشهد
1399,ریاضی,2281,715,منطقه 2,مهندسی مکانیک,دانشگاه علم و صنعت ایران - تهران
1399,ریاضی,2287,717,منطقه 2,مهندسی عمران,دانشگاه تهران
1399,ریاضی,2289,718,منطقه 2,مهندسی کامپیوتر - بومی گلستان,دانشگاه تربیت دبیر شهید رجایی_تهران
1399,ریاضی,2292,720,منطقه 2,مهندسی معماری,دانشگاه تهران
1399,ریاضی,2302,722,منطقه 2,مهندسی عمران,دانشگاه صنعتی امیرکبیر - تهران
1399,ریاضی,2306,723,منطقه 2,مهندسی مواد و متالورژی,دانشگاه صنعتی شریف - تهران
1399,ریاضی,2306,723,منطقه 2,مهندسی کامپیوتر,دانشگاه صنعتی شریف تهران پردیس خودگردان
1399,ریاضی,2309,726,منطقه 2,مهندسی عمران,دانشگاه صنعتی امیرکبیر - تهران
1399,ریاضی,2309,726,منطقه 2,مهندسی معماری - نیمسال اول,دانشگاه علم و صنعت ایران - تهران
1399,ریاضی,2315,729,منطقه 2,فیزیک,دانشگاه تهران
1399,ریاضی,2319,731,منطقه 2,مهندسی برق,دانشگاه صنعتی خواجه نصیرالدین طوسی - تهران
1399,ریاضی,2323,208,ایثارگر-5%,علوم کامپیوتر,دانشگاه صنعتی امیرکبیر - تهران
1399,ریاضی,2323,732,منطقه 2,مهندسی برق,دانشگاه صنعتی خواجه نصیرالدین طوسی - تهران
1399,ریاضی,2326,734,منطقه 2,مهندسی کامپیوتر,دانشگاه تبریز
1399,ریاضی,2330,735,منطقه 2,مهندسی کامپیوتر,دانشگاه شیراز
1399,ریاضی,2332,736,منطقه 2,مهندسی برق,دانشگاه صنعتی خواجه نصیرالدین طوسی - تهران
1399,ریاضی,2346,743,منطقه 2,زبان چینی,دانشگاه شهید بهشتی - تهران
1399,ریاضی,2346,743,منطقه 2,فیزیک,دانشگاه صنعتی شریف - تهران
1399,ریاضی,2346,743,منطقه 2,مهندسی برق,دانشگاه شهید بهشتی - تهران
1399,ریاضی,2346,743,منطقه 2,مهندسی برق,دانشگاه صنعتی خواجه نصیرالدین طوسی - تهران
1399,ریاضی,2350,746,منطقه 2,مهندسی برق,دانشگاه صنعتی خواجه نصیرالدین طوسی - تهران
1399,ریاضی,2356,747,منطقه 2,مهندسی برق,دانشگاه صنعتی خواجه نصیرالدین طوسی - تهران
1399,ریاضی,2358,748,منطقه 2,مهندسی عمران,دانشگاه صنعتی امیرکبیر - تهران
1399,ریاضی,2361,126,منطقه 3,مهندسی برق,دانشگاه صنعتی خواجه نصیرالدین طوسی - تهران
1399,ریاضی,2363,127,منطقه 3,مهندسی کامپیوتر,دانشگاه شهید بهشتی - تهران
1399,ریاضی,2363,749,منطقه 2,مهندسی برق,دانشگاه صنعتی خواجه نصیرالدین طوسی - تهران
1399,ریاضی,2366,211,ایثارگر-5%,مهندسی برق,دانشگاه صنعتی امیرکبیر - تهران
1399,ریاضی,2369,752,منطقه 2,مهندسی کامپیوتر,دانشگاه الزهرا(س) - تهران
1399,ریاضی,2378,756,منطقه 2,مهندسی مکانیک,دانشگاه صنعتی خواجه نصیرالدین طوسی - تهران
1399,ریاضی,2382,212,ایثارگر-5%,مهندسی برق,دانشگاه صنعتی امیرکبیر - تهران
1399,ریاضی,2382,757,منطقه 2,آموزش ابتدایی - بومی استان یزد,پردیس فاطمه الزهرا (س) - یزد
1399,ریاضی,2395,128,منطقه 3,مهندسی عمران - بومی آذربایجان غربی,دانشگاه تربیت دبیر شهید رجایی_تهران
1399,ریاضی,2395,760,منطقه 2,مهندسی هوا فضا,دانشگاه صنعتی امیرکبیر - تهران
1399,ریاضی,2399,761,منطقه 2,مهندسی عمران,دانشگاه علم و صنعت ایران - تهران
1399,ریاضی,2399,761,منطقه 2,مهندسی کامپیوتر,دانشگاه خوارزمی - تهران (محل تحصیل کرج)
1399,ریاضی,2401,763,منطقه 2,مهندسی کامپیوتر,دانشگاه فردوسی - مشهد
1399,ریاضی,2404,764,منطقه 2,مهندسی کامپیوتر,دانشگاه صنعتی امیرکبیر - تهران - پردیس خودگردان
1399,ریاضی,2412,214,ایثارگر-5%,مهندسی کامپیوتر,دانشگاه صنعتی شریف تهران پردیس خودگردان
1399,ریاضی,2412,766,منطقه 2,فیزیک,دانشگاه صنعتی شریف - تهران
1399,ریاضی,2424,216,ایثارگر-5%,مهندسی برق,دانشگاه صنعتی امیرکبیر - تهران
1399,ریاضی,2424,768,منطقه 2,مهندسی برق,دانشگاه علم و صنعت ایران - تهران
1399,ریاضی,2426,769,منطقه 2,مهندسی صنایع,دانشگاه صنعتی خواجه نصیرالدین طوسی - تهران
1399,ریاضی,2430,771,منطقه 2,مهندسی مکانیک,دانشگاه صنعتی خواجه نصیرالدین طوسی - تهران
1399,ریاضی,2435,773,منطقه 2,مهندسی معماری - نیمسال اول,دانشگاه علم و صنعت ایران - تهران
1399,ریاضی,2438,218,ایثارگر-5%,مهندسی معماری,دانشگاه شهید بهشتی - تهران
1399,ریاضی,2438,774,منطقه 2,مهندسی عمران,دانشگاه علم و صنعت ایران - تهران
1399,ریاضی,2442,777,منطقه 2,علوم کامپیوتر,دانشگاه علم و صنعت ایران - تهران
1399,ریاضی,2442,777,منطقه 2,مهندسی هوا فضا,دانشگاه صنعتی امیرکبیر - تهران
1399,ریاضی,2442,777,منطقه 2,مهندسی پزشکی,دانشگاه صنعتی امیرکبیر - تهران
1399,ریاضی,2447,779,منطقه 2,مهندسی مکانیک,دانشگاه صنعتی خواجه نصیرالدین طوسی - تهران
1399,ریاضی,2450,780,منطقه 2,آموزش ریاضی - بومی استان تهران,پردیس شهید چمران - تهران
1399,ریاضی,2450,780,منطقه 2,مهندسی کامپیوتر - بومی خراسان جنوبی,دانشگاه تربیت دبیر شهید رجایی_تهران
1399,ریاضی,2453,220,ایثارگر-5%,آموزش ریاضی - بومی فارس,پردیس شهید رجایی - شیراز
1399,ریاضی,2456,130,منطقه 3,مهندسی کامپیوتر,دانشگاه صنعتی اصفهان
1399,ریاضی,2459,785,منطقه 2,مهندسی شیمی,دانشگاه تهران
1399,ریاضی,2465,786,منطقه 2,مهندسی شیمی,دانشگاه تهران
1399,ریاضی,2468,787,منطقه 2,علوم مهندسی,دانشگاه تهران
1399,ریاضی,2472,788,منطقه 2,مهندسی برق,دانشگاه صنعتی خواجه نصیرالدین طوسی - تهران
1399,ریاضی,2474,222,ایثارگر-5%,مهندسی برق,دانشگاه صنعتی امیرکبیر - تهران
1399,ریاضی,2474,790,منطقه 2,مهندسی کامپیوتر,دانشگاه خوارزمی - تهران (محل تحصیل کرج)
1399,ریاضی,2477,791,منطقه 2,آموزش ریاضی - بومی استان بوشهر,پردیس شهید باهنر - شیراز
1399,ریاضی,2483,131,منطقه 3,مهندسی مکانیک,دانشگاه تهران
1399,ریاضی,2483,794,منطقه 2,مهندسی برق - محل تحصیل شهیدعباسپور,دانشگاه شهید بهشتی - تهران
1399,ریاضی,2483,794,منطقه 2,مهندسی مکانیک,دانشگاه صنعتی اصفهان
1399,ریاضی,2489,224,ایثارگر-5%,مهندسی برق - بومی فارس,دانشگاه تربیت دبیر شهید رجایی_تهران
1399,ریاضی,2497,132,منطقه 3,مهندسی برق,دانشگاه صنعتی خواجه نصیرالدین طوسی - تهران
1399,ریاضی,2497,797,منطقه 2,مهندسی مکانیک,دانشگاه علم و صنعت ایران - تهران
1399,ریاضی,2500,799,منطقه 2,مهندسی عمران,دانشگاه تهران
1399,ریاضی,2503,800,منطقه 2,آموزش ریاضی - بومی آذربایجان غربی,پردیس فاطمه الزهرا (س) - تبریز
1399,ریاضی,2514,134,منطقه 3,مهندسی کامپیوتر,دانشگاه خوارزمی - تهران (محل تحصیل کرج)
1399,ریاضی,2518,804,منطقه 2,مهندسی شیمی,دانشگاه تهران
1399,ریاضی,2518,804,منطقه 2,مهندسی هوا فضا,دانشگاه صنعتی امیرکبیر - تهران
1399,ریاضی,2521,806,منطقه 2,فیزیک,دانشگاه صنعتی امیرکبیر - تهران
1399,ریاضی,2521,806,منطقه 2,مهندسی شیمی,دانشگاه تهران
1399,ریاضی,2524,808,منطقه 2,مهندسی صنایع,دانشگاه صنعتی خواجه نصیرالدین طوسی - تهران
1399,ریاضی,2539,811,منطقه 2,فیزیک,دانشگاه صنعتی امیرکبیر - تهران
1399,ریاضی,2543,812,منطقه 2,مهندسی کامپیوتر,دانشگاه صنعتی شریف تهران پردیس خودگردان
1399,ریاضی,2550,225,ایثارگر-5%,مهندسی مکانیک,دانشگاه صنعتی امیرکبیر - تهران
1399,ریاضی,2556,135,منطقه 3,علوم کامپیوتر,دانشگاه صنعتی امیرکبیر - تهران
1399,ریاضی,2556,816,منطقه 2,مهندسی مکانیک,دانشگاه صنعتی خواجه نصیرالدین طوسی - تهران
1399,ریاضی,2559,817,منطقه 2,مهندسی ساخت وتولید,دانشگاه صنعتی امیرکبیر - تهران
1399,ریاضی,2563,818,منطقه 2,ریاضیات و کاربردها,دانشگاه تهران
1399,ریاضی,2563,818,منطقه 2,فیزیک,دانشگاه صنعتی امیرکبیر - تهران
1399,ریاضی,2573,821,منطقه 2,مهندسی کامپیوتر,دانشگاه خوارزمی - تهران (محل تحصیل کرج)
1399,ریاضی,2576,823,منطقه 2,مهندسی هوا فضا,دانشگاه صنعتی امیرکبیر - تهران
1399,ریاضی,2579,136,منطقه 3,مهندسی مکانیک - بومی آذربایجان غربی,دانشگاه تربیت دبیر شهید رجایی_تهران
1399,ریاضی,2583,826,منطقه 2,مهندسی صنایع,دانشگاه علم و صنعت ایران - تهران
1399,ریاضی,2583,826,منطقه 2,مهندسی کامپیوتر,دانشگاه اصفهان
1399,ریاضی,2594,830,منطقه 2,مهندسی مکانیک,دانشگاه صنعتی خواجه نصیرالدین طوسی - تهران
1399,ریاضی,2594,830,منطقه 2,مهندسی مکانیک,دانشگاه علم و صنعت ایران - تهران
1399,ریاضی,2598,832,منطقه 2,مهندسی کامپیوتر,دانشگاه صنعتی نوشیروانی بابل
1399,ریاضی,2602,833,منطقه 2,مهندسی شیمی,دانشگاه صنعتی امیرکبیر - تهران
1399,ریاضی,2605,834,منطقه 2,مهندسی برق - محل تحصیل شهیدعباسپور,دانشگاه شهید بهشتی - تهران
1399,ریاضی,2605,834,منطقه 2,مهندسی هوا فضا,دانشگاه صنعتی امیرکبیر - تهران
1399,ریاضی,2609,836,منطقه 2,مهندسی معماری,دانشگاه هنر تهران
1399,ریاضی,2612,837,منطقه 2,مهندسی برق,دانشگاه شهید بهشتی - تهران
1399,ریاضی,2620,841,منطقه 2,مهندسی شیمی,دانشگاه صنعتی امیرکبیر - تهران
1399,ریاضی,2625,843,منطقه 2,مهندسی کامپیوتر,دانشگاه علامه طباطبایی - تهران
1399,ریاضی,2625,843,منطقه 2,مهندسی کامپیوتر - بومی استان کرمان,دانشگاه تربیت دبیر شهید رجایی_تهران
1399,ریاضی,2630,846,منطقه 2,مهندسی برق,دانشگاه صنعتی اصفهان
1399,ریاضی,2634,232,ایثارگر-5%,مهندسی انرژی,دانشگاه صنعتی امیرکبیر - تهران
1399,ریاضی,2634,847,منطقه 2,مهندسی پزشکی,دانشگاه شهید بهشتی - تهران
1399,ریاضی,2638,138,منطقه 3,مهندسی کامپیوتر,دانشگاه شیراز
1399,ریاضی,2641,849,منطقه 2,مهندسی برق,دانشگاه شهید بهشتی - تهران
1399,ریاضی,2646,851,منطقه 2,مهندسی برق - بومی آذربایجان غربی,دانشگاه تربیت دبیر شهید رجایی_تهران
1399,ریاضی,2646,851,منطقه 2,مهندسی شیمی,دانشگاه تهران
1399,ریاضی,2646,851,منطقه 2,مهندسی مکانیک,دانشگاه صنعتی خواجه نصیرالدین طوسی - تهران
1399,ریاضی,2651,854,منطقه 2,مهندسی کامپیوتر,دانشگاه الزهرا(س) - تهران
1399,ریاضی,2655,233,ایثارگر-5%,مهندسی صنایع,دانشگاه علم و صنعت ایران - تهران
1399,ریاضی,2655,856,منطقه 2,مهندسی مکانیک - بومی استان قم,دانشگاه تربیت دبیر شهید رجایی_تهران
1399,ریاضی,2660,858,منطقه 2,آموزش ریاضی - بومی مازندران,پردیس نسیبه - تهران
1399,ریاضی,2665,860,منطقه 2,مهندسی برق,دانشگاه صنعتی اصفهان
1399,ریاضی,2665,860,منطقه 2,مهندسی شیمی,دانشگاه تهران
1399,ریاضی,2665,860,منطقه 2,مهندسی صنایع,دانشگاه علم و صنعت ایران - تهران
1399,ریاضی,2670,234,ایثارگر-5%,مهندسی کامپیوتر,دانشگاه تبریز
1399,ریاضی,2670,863,منطقه 2,مهندسی معماری,دانشگاه شهید بهشتی - تهران
1399,ریاضی,2681,140,منطقه 3,مهندسی کامپیوتر,دانشگاه اصفهان
1399,ریاضی,2686,141,منطقه 3,مهندسی کامپیوتر,دانشگاه شیراز
1399,ریاضی,2690,142,منطقه 3,مهندسی شیمی,دانشگاه صنعتی شریف - تهران
1399,ریاضی,2694,144,منطقه 3,مهندسی شیمی,دانشگاه صنعتی شریف - تهران
1399,ریاضی,2697,867,منطقه 2,مهندسی کامپیوتر,دانشگاه فردوسی - مشهد
1399,ریاضی,2699,868,منطقه 2,مهندسی کامپیوتر,دانشگاه فردوسی - مشهد
1399,ریاضی,2707,870,منطقه 2,مهندسی کامپیوتر - بومی مرکزی,دانشگاه تربیت دبیر شهید رجایی_تهران
1399,ریاضی,2711,147,منطقه 3,مهندسی برق,دانشگاه تهران
1399,ریاضی,2711,147,منطقه 3,مهندسی شیمی,دانشگاه صنعتی شریف - تهران
1399,ریاضی,2719,873,منطقه 2,مهندسی شیمی,دانشگاه تهران
1399,ریاضی,2719,873,منطقه 2,مهندسی عمران,دانشگاه صنعتی امیرکبیر - تهران
1399,ریاضی,2719,873,منطقه 2,مهندسی کامپیوتر,دانشگاه صنعتی شریف تهران پردیس خودگردان
1399,ریاضی,2738,878,منطقه 2,مهندسی مکانیک,دانشگاه صنعتی خواجه نصیرالدین طوسی - تهران
1399,ریاضی,2742,879,منطقه 2,مهندسی کامپیوتر,دانشگاه علامه طباطبایی - تهران
1399,ریاضی,2747,881,منطقه 2,مهندسی صنایع,دانشگاه صنعتی خواجه نصیرالدین طوسی - تهران
1399,ریاضی,2750,242,ایثارگر-5%,مهندسی شیمی,دانشگاه صنعتی شریف - تهران
1399,ریاضی,2755,149,منطقه 3,مهندسی صنایع,دانشگاه صنعتی شریف - تهران
1399,ریاضی,2755,883,منطقه 2,مهندسی برق,دانشگاه شهید بهشتی - تهران
1399,ریاضی,2759,884,منطقه 2,روانشناسی,دانشگاه شهید بهشتی - تهران
1399,ریاضی,2761,885,منطقه 2,مهندسی معماری,دانشگاه شهید بهشتی - تهران
1399,ریاضی,2764,886,منطقه 2,مهندسی پلیمر,دانشگاه تهران
1399,ریاضی,2768,887,منطقه 2,فیزیک,دانشگاه صنعتی امیرکبیر - تهران
1399,ریاضی,2768,887,منطقه 2,مدیریت بازرگانی,دانشگاه تهران
1399,ریاضی,2772,152,منطقه 3,مهندسی مکانیک,دانشگاه صنعتی امیرکبیر - تهران
1399,ریاضی,2777,890,منطقه 2,مهندسی عمران,دانشگاه تهران
1399,ریاضی,2789,155,منطقه 3,مهندسی صنایع,دانشگاه صنعتی اصفهان
1399,ریاضی,2793,892,منطقه 2,مهندسی عمران,دانشگاه علم و صنعت ایران - تهران
1399,ریاضی,2800,156,منطقه 3,مهندسی برق,دانشگاه صنعتی امیرکبیر - تهران
1399,ریاضی,2800,156,منطقه 3,مهندسی هوا فضا,دانشگاه صنعتی شریف - تهران
1399,ریاضی,2800,893,منطقه 2,مهندسی برق,دانشگاه صنعتی اصفهان
1399,ریاضی,2806,895,منطقه 2,مهندسی مکانیک,دانشگاه صنعتی خواجه نصیرالدین طوسی - تهران
1399,ریاضی,2810,246,ایثارگر-5%,مهندسی کامپیوتر,دانشگاه صنعتی اصفهان
1399,ریاضی,2813,898,منطقه 2,آموزش ابتدایی - بومی کرمانشاه,پردیس شهید صدوقی - کرمانشاه
1399,ریاضی,2820,900,منطقه 2,ریاضیات و کاربردها,دانشگاه تهران
1399,ریاضی,2834,158,منطقه 3,مهندسی هوا فضا,دانشگاه صنعتی شریف - تهران
1399,ریاضی,2839,904,منطقه 2,آموزش ریاضی - بومی آذربایجان شرقی,پردیس علامه امینی - تبریز
1399,ریاضی,2843,250,ایثارگر-5%,مهندسی برق,دانشگاه صنعتی امیرکبیر - تهران
1399,ریاضی,2845,159,منطقه 3,مهندسی کامپیوتر,دانشگاه شیراز
1399,ریاضی,2846,160,منطقه 3,علوم کامپیوتر,دانشگاه صنعتی امیرکبیر - تهران
1399,ریاضی,2854,907,منطقه 2,مهندسی صنایع - محل تحصیل شهیدعباسپور,دانشگاه شهید بهشتی - تهران
1399,ریاضی,2860,908,منطقه 2,مهندسی نفت,دانشگاه صنعتی شریف - تهران
1399,ریاضی,2872,911,منطقه 2,مهندسی عمران,دانشگاه علم و صنعت ایران - تهران
1399,ریاضی,2872,911,منطقه 2,مهندسی مکانیک - محل تحصیل شهیدعباسپور,دانشگاه شهید بهشتی - تهران
1399,ریاضی,2879,162,منطقه 3,مهندسی مکانیک,دانشگاه شیراز
1399,ریاضی,2886,916,منطقه 2,دکترای پیوسته فیزیک,مرکز تحصیلات تکمیلی در علوم پایه زنجان
1399,ریاضی,2886,916,منطقه 2,ریاضیات و کاربردها,دانشگاه صنعتی امیرکبیر - تهران
1399,ریاضی,2889,918,منطقه 2,مهندسی برق - بومی استان یزد,دانشگاه تربیت دبیر شهید رجایی_تهران
1399,ریاضی,2891,919,منطقه 2,مهندسی عمران,دانشگاه صنعتی امیرکبیر - تهران
1399,ریاضی,2906,924,منطقه 2,علوم کامپیوتر,دانشگاه خوارزمی - تهران (محل تحصیل کرج)
1399,ریاضی,2906,924,منطقه 2,مهندسی معماری - نیمسال اول,دانشگاه علم و صنعت ایران - تهران
1399,ریاضی,2912,926,منطقه 2,مهندسی صنایع,دانشگاه صنعتی خواجه نصیرالدین طوسی - تهران
1399,ریاضی,2938,931,منطقه 2,مهندسی کامپیوتر,دانشگاه صنعتی امیرکبیر - تهران - پردیس خودگردان
1399,ریاضی,2956,165,منطقه 3,مهندسی برق,دانشگاه تهران
1399,ریاضی,2959,935,منطقه 2,فیزیک,دانشگاه شهید بهشتی - تهران
1399,ریاضی,2968,166,منطقه 3,علوم کامپیوتر,دانشگاه شهید بهشتی - تهران
1399,ریاضی,2968,938,منطقه 2,مهندسی برق,دانشگاه صنعتی خواجه نصیرالدین طوسی - تهران
1399,ریاضی,2968,938,منطقه 2,مهندسی برق - بومی خراسان رضوی,دانشگاه تربیت دبیر شهید رجایی_تهران
1399,ریاضی,2972,940,منطقه 2,مهندسی هوا فضا,دانشگاه شهید بهشتی - تهران
1399,ریاضی,2980,262,ایثارگر-5%,مهندسی مکانیک,دانشگاه صنعتی امیرکبیر - تهران
1399,ریاضی,2980,941,منطقه 2,مهندسی کامپیوتر,دانشگاه تهران (محل تحصیل قم)
1399,ریاضی,2986,945,منطقه 2,مهندسی مواد و متالورژی,دانشگاه تهران
1399,ریاضی,2990,947,منطقه 2,مهندسی برق,دانشگاه صنعتی خواجه نصیرالدین طوسی - تهران
1399,ریاضی,2990,947,منطقه 2,مهندسی کامپیوتر,دانشگاه صنعتی امیرکبیر - تهران - پردیس خودگردان
1399,ریاضی,2997,950,منطقه 2,مهندسی کامپیوتر,دانشگاه گیلان - رشت
1399,ریاضی,3000,951,منطقه 2,مهندسی شیمی,دانشگاه تهران
1399,ریاضی,3003,952,منطقه 2,مهندسی پزشکی,دانشگاه شهید بهشتی - تهران
1399,ریاضی,3007,953,منطقه 2,آموزش زبان انگلیسی - بومی استان اردبیل,پردیس فاطمه الزهرا (س) - زنجان
1399,ریاضی,3010,955,منطقه 2,مهندسی هوا فضا,دانشگاه شهید بهشتی - تهران
1399,ریاضی,3015,266,ایثارگر-5%,مهندسی هوا فضا,دانشگاه صنعتی شریف - تهران
1399,ریاضی,3015,957,منطقه 2,مهندسی برق,دانشگاه صنعتی خواجه نصیرالدین طوسی - تهران
1399,ریاضی,3020,170,منطقه 3,علوم کامپیوتر,دانشگاه صنعتی امیرکبیر - تهران
1399,ریاضی,3029,959,منطقه 2,آموزش ریاضی - بومی خوزستان,پردیس حضرت رسول اکرم - اهواز
1399,ریاضی,3031,268,ایثارگر-5%,مهندسی هوا فضا,دانشگاه صنعتی شریف - تهران
1399,ریاضی,3034,961,منطقه 2,مهندسی عمران,دانشگاه صنعتی خواجه نصیرالدین طوسی - تهران
1399,ریاضی,3036,963,منطقه 2,مهندسی پزشکی,دانشگاه شهید بهشتی - تهران
1399,ریاضی,3039,964,منطقه 2,مهندسی انرژی,دانشگاه صنعتی امیرکبیر - تهران
1399,ریاضی,3047,174,منطقه 3,علوم کامپیوتر,دانشگاه صنعتی امیرکبیر - تهران
1399,ریاضی,3047,966,منطقه 2,آموزش ریاضی - بومی آذربایجان شرقی,پردیس فاطمه الزهرا (س) - تبریز
1399,ریاضی,3047,966,منطقه 2,مهندسی مکانیک - محل تحصیل شهیدعباسپور,دانشگاه شهید بهشتی - تهران
1399,ریاضی,3055,969,منطقه 2,آموزش ابتدایی - بومی مازندران,پردیس فاطمه الزهرا(س) ساری
1399,ریاضی,3061,175,منطقه 3,آموزش تربیت بدنی - بومی استان اردبیل,پردیس علامه طباطبایی - ارومیه
1399,ریاضی,3061,970,منطقه 2,مهندسی برق,دانشگاه صنعتی خواجه نصیرالدین طوسی - تهران
1399,ریاضی,3077,274,ایثارگر-5%,مهندسی هوا فضا,دانشگاه صنعتی شریف - تهران
1399,ریاضی,3086,979,منطقه 2,مهندسی شیمی,دانشگاه صنعتی امیرکبیر - تهران
1399,ریاضی,3090,980,منطقه 2,مهندسی عمران,دانشگاه صنعتی خواجه نصیرالدین طوسی - تهران
1399,ریاضی,3093,981,منطقه 2,مهندسی نفت,دانشگاه صنعتی شریف - تهران
1399,ریاضی,3099,983,منطقه 2,مهندسی ساخت وتولید,دانشگاه صنعتی امیرکبیر - تهران
1399,ریاضی,3104,985,منطقه 2,آموزش فیزیک - بومی استان اصفهان,پردیس نسیبه - تهران
1399,ریاضی,3104,985,منطقه 2,مهندسی نفت,دانشگاه صنعتی شریف - تهران
1399,ریاضی,3108,278,ایثارگر-5%,مهندسی کامپیوتر,دانشگاه فردوسی - مشهد
1399,ریاضی,3108,987,منطقه 2,مهندسی برق,دانشگاه صنعتی اصفهان
1399,ریاضی,3113,280,ایثارگر-5%,مهندسی کامپیوتر,دانشگاه صنعتی اصفهان
1399,ریاضی,3113,988,منطقه 2,مهندسی مکانیک,دانشگاه صنعتی خواجه نصیرالدین طوسی - تهران
1399,ریاضی,3117,282,ایثارگر-5%,مهندسی شیمی,دانشگاه صنعتی شریف - تهران
1399,ریاضی,3121,179,منطقه 3,مهندسی برق,دانشگاه صنعتی امیرکبیر - تهران
1399,ریاضی,3121,991,منطقه 2,مهندسی عمران,دانشگاه صنعتی امیرکبیر - تهران
1399,ریاضی,3136,994,منطقه 2,مهندسی برق,دانشگاه صنعتی خواجه نصیرالدین طوسی - تهران
1399,ریاضی,3141,995,منطقه 2,مهندسی صنایع,دانشگاه صنعتی نوشیروانی بابل
1399,ریاضی,3144,180,منطقه 3,مهندسی مکانیک,دانشگاه صنعتی امیرکبیر - تهران
1399,ریاضی,3144,997,منطقه 2,مهندسی کامپیوتر,دانشگاه تهران (محل تحصیل قم)
1399,ریاضی,3165,183,منطقه 3,آموزش ریاضی - بومی آذربایجان غربی,پردیس شهید مدرس - سنندج
1399,ریاضی,3173,184,منطقه 3,مهندسی هوا فضا,دانشگاه صنعتی شریف - تهران
1399,ریاضی,3195,185,منطقه 3,مهندسی مکانیک,دانشگاه صنعتی امیرکبیر - تهران
1399,ریاضی,3225,188,منطقه 3,مهندسی شیمی,دانشگاه صنعتی شریف - تهران
1399,ریاضی,3240,191,منطقه 3,مهندسی عمران - بومی چهارمحال و بختیاری,دانشگاه تربیت دبیر شهید رجایی_تهران
1399,ریاضی,3248,194,منطقه 3,مهندسی صنایع,دانشگاه صنعتی امیرکبیر - تهران
1399,ریاضی,3266,195,منطقه 3,مهندسی صنایع,دانشگاه صنعتی شریف - تهران
1399,ریاضی,3269,196,منطقه 3,مهندسی صنایع,دانشگاه صنعتی شریف - تهران
1399,ریاضی,3279,294,ایثارگر-5%,مهندسی کامپیوتر,دانشگاه فردوسی - مشهد
1399,ریاضی,3286,295,ایثارگر-5%,مهندسی برق,دانشگاه شهید بهشتی - تهران
1399,ریاضی,3293,200,منطقه 3,مهندسی هوا فضا,دانشگاه صنعتی شریف - تهران
1399,ریاضی,3313,201,منطقه 3,علوم کامپیوتر,دانشگاه علم و صنعت ایران - تهران
1399,ریاضی,3317,298,ایثارگر-5%,آموزش ریاضی - بومی خوزستان,پردیس حضرت رسول اکرم - اهواز
1399,ریاضی,3331,203,منطقه 3,مهندسی برق,دانشگاه صنعتی اصفهان
1399,ریاضی,3345,204,منطقه 3,مهندسی عمران,دانشگاه صنعتی خواجه نصیرالدین طوسی - تهران
1399,ریاضی,3349,302,ایثارگر-5%,مهندسی برق,دانشگاه علم و صنعت ایران - تهران
1399,ریاضی,3361,305,ایثارگر-5%,مهندسی کامپیوتر,دانشگاه فردوسی - مشهد
1399,ریاضی,3375,205,منطقه 3,مهندسی کامپیوتر - بومی فارس,دانشگاه تربیت دبیر شهید رجایی_تهران
1399,ریاضی,3387,207,منطقه 3,مهندسی برق,دانشگاه علم و صنعت ایران - تهران
1399,ریاضی,3391,208,منطقه 3,مهندسی کامپیوتر - بومی استان سمنان,دانشگاه تربیت دبیر شهید رجایی_تهران
1399,ریاضی,3403,209,منطقه 3,مهندسی برق,دانشگاه علم و صنعت ایران - تهران
1399,ریاضی,3418,313,ایثارگر-5%,علوم کامپیوتر,دانشگاه شهید بهشتی - تهران
1399,ریاضی,3422,212,منطقه 3,مهندسی صنایع,دانشگاه تهران
1399,ریاضی,3435,213,منطقه 3,مهندسی معماری - بومی فارس,دانشگاه تربیت دبیر شهید رجایی_تهران
1399,ریاضی,3455,318,ایثارگر-5%,مهندسی ساخت وتولید,دانشگاه صنعتی امیرکبیر - تهران
1399,ریاضی,3466,215,منطقه 3,مهندسی شیمی,دانشگاه صنعتی شریف - تهران
1399,ریاضی,3475,320,ایثارگر-5%,مهندسی کامپیوتر,دانشگاه فردوسی - مشهد
1399,ریاضی,3485,321,ایثارگر-5%,مهندسی مکانیک,دانشگاه شیراز
1399,ریاضی,3493,217,منطقه 3,مهندسی هوا فضا,دانشگاه صنعتی شریف - تهران
1399,ریاضی,3499,218,منطقه 3,مهندسی پزشکی,دانشگاه صنعتی امیرکبیر - تهران
1399,ریاضی,3532,325,ایثارگر-5%,طراحی صنعتی,دانشگاه علم و صنعت ایران - تهران
1399,ریاضی,3553,221,منطقه 3,مهندسی کامپیوتر,دانشگاه فردوسی - مشهد
1399,ریاضی,3574,223,منطقه 3,مهندسی عمران,دانشگاه تهران
1399,ریاضی,3591,225,منطقه 3,مهندسی کامپیوتر - بومی کردستان,دانشگاه تربیت دبیر شهید رجایی_تهران
1399,ریاضی,3596,226,منطقه 3,فیزیک,دانشگاه صنعتی شریف - تهران
1399,ریاضی,3617,228,منطقه 3,مهندسی برق,دانشگاه صنعتی اصفهان
1399,ریاضی,3617,228,منطقه 3,مهندسی شیمی,دانشگاه صنعتی امیرکبیر - تهران
1399,ریاضی,3624,332,ایثارگر-5%,مهندسی کامپیوتر - بومی خراسان رضوی,دانشگاه تربیت دبیر شهید رجایی_تهران
1399,ریاضی,3637,231,منطقه 3,ریاضیات و کاربردها,دانشگاه صنعتی شریف - تهران
1399,ریاضی,3678,233,منطقه 3,مهندسی عمران,دانشگاه صنعتی شریف - تهران
1399,ریاضی,3693,340,ایثارگر-5%,مهندسی نفت,دانشگاه صنعتی شریف - تهران
1399,ریاضی,3700,235,منطقه 3,آموزش ریاضی - بومی گیلان,پردیس دکتر شریعتی - ساری
1399,ریاضی,3734,236,منطقه 3,مهندسی برق,دانشگاه علم و صنعت ایران - تهران
1399,ریاضی,3743,237,منطقه 3,مهندسی مکانیک,دانشگاه اصفهان
1399,ریاضی,3743,343,ایثارگر-5%,مهندسی صنایع,دانشگاه علم و صنعت ایران - تهران
1399,ریاضی,3748,238,منطقه 3,آموزش ریاضی - بومی آذربایجان شرقی,پردیس فاطمه الزهرا (س) - تبریز
1399,ریاضی,3753,239,منطقه 3,مهندسی کامپیوتر,دانشگاه خوارزمی - تهران (محل تحصیل کرج)
1399,ریاضی,3753,345,ایثارگر-5%,مهندسی کامپیوتر,دانشگاه فردوسی - مشهد
1399,ریاضی,3778,241,منطقه 3,مهندسی هوا فضا,دانشگاه صنعتی شریف - تهران
1399,ریاضی,3800,243,منطقه 3,مهندسی برق - بومی کردستان,دانشگاه تربیت دبیر شهید رجایی_تهران
1399,ریاضی,3800,243,منطقه 3,مهندسی صنایع,دانشگاه صنعتی امیرکبیر - تهران
1399,ریاضی,3831,353,ایثارگر-5%,مهندسی کامپیوتر,دانشگاه فردوسی - مشهد
1399,ریاضی,3844,354,ایثارگر-5%,مهندسی مکانیک,دانشگاه صنعتی اصفهان
1399,ریاضی,3850,245,منطقه 3,مهندسی مکانیک,دانشگاه صنعتی اصفهان
1399,ریاضی,3876,247,منطقه 3,مهندسی کامپیوتر,دانشگاه تبریز
1399,ریاضی,3881,356,ایثارگر-5%,علوم کامپیوتر,دانشگاه علم و صنعت ایران - تهران
1399,ریاضی,3900,249,منطقه 3,مهندسی مکانیک - بومی خوزستان,دانشگاه تربیت دبیر شهید رجایی_تهران
1399,ریاضی,3922,250,منطقه 3,مهندسی عمران,دانشگاه صنعتی شریف - تهران
1399,ریاضی,3922,250,منطقه 3,مهندسی عمران - بومی خراسان شمالی,دانشگاه تربیت دبیر شهید رجایی_تهران
1399,ریاضی,3932,252,منطقه 3,مهندسی شیمی,دانشگاه تهران
1399,ریاضی,3942,253,منطقه 3,مهندسی برق - بومی آذربایجان شرقی,دانشگاه تربیت دبیر شهید رجایی_تهران
1399,ریاضی,3942,360,ایثارگر-5%,مدیریت بازرگانی,دانشگاه تهران
1399,ریاضی,4001,256,منطقه 3,مهندسی برق,دانشگاه شیراز
1399,ریاضی,4030,259,منطقه 3,مهندسی برق - بومی خراسان جنوبی,دانشگاه تربیت دبیر شهید رجایی_تهران
1399,ریاضی,4049,262,منطقه 3,مهندسی مواد و متالورژی,دانشگاه علم و صنعت ایران - تهران
1399,ریاضی,4054,370,ایثارگر-5%,مهندسی پزشکی,دانشگاه صنعتی امیرکبیر - تهران
1399,ریاضی,4088,265,منطقه 3,مهندسی کامپیوتر - بومی استان تهران,دانشگاه تربیت دبیر شهید رجایی_تهران
1399,ریاضی,4092,266,منطقه 3,مهندسی برق,دانشگاه علم و صنعت ایران - تهران
1399,ریاضی,4097,374,ایثارگر-5%,مهندسی کامپیوتر - بومی استان تهران,دانشگاه تربیت دبیر شهید رجایی_تهران
1399,ریاضی,4103,375,ایثارگر-5%,مهندسی کامپیوتر,دانشگاه شیراز
1399,ریاضی,4107,268,منطقه 3,مهندسی هوا فضا,دانشگاه صنعتی شریف - تهران
1399,ریاضی,4121,378,ایثارگر-5%,مهندسی شیمی,دانشگاه صنعتی شریف - تهران
1399,ریاضی,4124,380,ایثارگر-5%,علوم کامپیوتر,دانشگاه علم و صنعت ایران - تهران
1399,ریاضی,4124,380,ایثارگر-5%,مهندسی کامپیوتر,دانشگاه صنعتی نوشیروانی بابل
1399,ریاضی,4134,273,منطقه 3,مهندسی صنایع,دانشگاه تهران
1399,ریاضی,4147,274,منطقه 3,علوم کامپیوتر,دانشگاه علم و صنعت ایران - تهران
1399,ریاضی,4147,382,ایثارگر-5%,مهندسی شیمی,دانشگاه صنعتی شریف - تهران
1399,ریاضی,4159,383,ایثارگر-5%,مهندسی پزشکی,دانشگاه صنعتی امیرکبیر - تهران
1399,ریاضی,4180,278,منطقه 3,مهندسی مکانیک - بومی آذربایجان شرقی,دانشگاه تربیت دبیر شهید رجایی_تهران
1399,ریاضی,4224,280,منطقه 3,علوم کامپیوتر,دانشگاه شهید بهشتی - تهران
1399,ریاضی,4229,388,ایثارگر-5%,آموزش ابتدایی - بومی مازندران,پردیس فاطمه الزهرا(س) ساری
1399,ریاضی,4263,390,ایثارگر-5%,مهندسی کامپیوتر,دانشگاه شیراز
1399,ریاضی,4290,283,منطقه 3,مهندسی کامپیوتر - بومی استان کرمان,دانشگاه تربیت دبیر شهید رجایی_تهران
1399,ریاضی,4310,399,ایثارگر-5%,مهندسی هوا فضا,دانشگاه صنعتی امیرکبیر - تهران
1399,ریاضی,4322,401,ایثارگر-5%,مهندسی عمران,دانشگاه تهران
1399,ریاضی,4332,286,منطقه 3,مهندسی شیمی,دانشگاه تهران
1399,ریاضی,4338,288,منطقه 3,مهندسی صنایع,دانشگاه صنعتی امیرکبیر - تهران
1399,ریاضی,4367,405,ایثارگر-5%,مهندسی برق,دانشگاه علم و صنعت ایران - تهران
1399,ریاضی,4367,405,ایثارگر-5%,مهندسی عمران,دانشگاه تهران
1399,ریاضی,4378,407,ایثارگر-5%,مهندسی کامپیوتر,دانشگاه صنعتی نوشیروانی بابل
1399,ریاضی,4390,408,ایثارگر-5%,مهندسی صنایع,دانشگاه صنعتی اصفهان
1399,ریاضی,4390,408,ایثارگر-5%,مهندسی کامپیوتر,دانشگاه تهران (محل تحصیل قم)
1399,ریاضی,4407,411,ایثارگر-5%,مهندسی کامپیوتر,دانشگاه صنعتی اصفهان
1399,ریاضی,4413,294,منطقه 3,مهندسی عمران - بومی کردستان,دانشگاه تربیت دبیر شهید رجایی_تهران
1399,ریاضی,4413,412,ایثارگر-5%,آموزش ابتدایی - بومی کرمانشاه,پردیس شهید صدوقی - کرمانشاه
1399,ریاضی,4413,412,ایثارگر-5%,مهندسی کامپیوتر,دانشگاه فردوسی - مشهد
1399,ریاضی,4428,297,منطقه 3,مهندسی کامپیوتر,دانشگاه علم و صنعت ایران - تهران
1399,ریاضی,4434,298,منطقه 3,مهندسی پزشکی,دانشگاه شهید بهشتی - تهران
1399,ریاضی,4436,299,منطقه 3,مهندسی کامپیوتر,دانشگاه شیراز
1399,ریاضی,4443,300,منطقه 3,مهندسی مکانیک - بومی استان ایلام,دانشگاه تربیت دبیر شهید رجایی_تهران
1399,ریاضی,4484,304,منطقه 3,آموزش فیزیک - بومی سیستان و بلوچستان,پردیس شهید بهشتی - مشهد
1399,ریاضی,4500,306,منطقه 3,مهندسی کامپیوتر,دانشگاه صنعتی اصفهان
1399,ریاضی,4511,307,منطقه 3,مهندسی هوا فضا,دانشگاه صنعتی امیرکبیر - تهران
1399,ریاضی,4531,419,ایثارگر-5%,مهندسی کامپیوتر,دانشگاه خوارزمی - تهران (محل تحصیل کرج)
1399,ریاضی,4546,309,منطقه 3,مهندسی مکانیک,دانشگاه صنعتی اصفهان
1399,ریاضی,4555,311,منطقه 3,مدیریت بازرگانی,دانشگاه علامه طباطبایی - تهران
1399,ریاضی,4555,311,منطقه 3,مهندسی مکانیک - بومی کرمانشاه,دانشگاه تربیت دبیر شهید رجایی_تهران
1399,ریاضی,4566,313,منطقه 3,علوم کامپیوتر,دانشگاه شهید بهشتی - تهران
1399,ریاضی,4575,314,منطقه 3,مهندسی صنایع,دانشگاه صنعتی اصفهان
1399,ریاضی,4579,315,منطقه 3,مهندسی صنایع,دانشگاه صنعتی خواجه نصیرالدین طوسی - تهران
1399,ریاضی,4598,425,ایثارگر-5%,مهندسی پزشکی,دانشگاه صنعتی امیرکبیر - تهران
1399,ریاضی,4610,317,منطقه 3,مهندسی صنایع,دانشگاه علم و صنعت ایران - تهران
1399,ریاضی,4622,319,منطقه 3,مهندسی کامپیوتر,دانشگاه تبریز
1399,ریاضی,4632,321,منطقه 3,آموزش فیزیک - بومی آذربایجان غربی,پردیس شهید چمران - تهران
1399,ریاضی,4632,321,منطقه 3,مهندسی شیمی,دانشگاه صنعتی امیرکبیر - تهران
1399,ریاضی,4643,427,ایثارگر-5%,کارشناسی ارشد پیوسته علوم قضایی,دانشگاه علوم قضایی و خدمات ادارای دادگستری
1399,ریاضی,4648,325,منطقه 3,مهندسی پزشکی,دانشگاه صنعتی امیرکبیر - تهران
1399,ریاضی,4655,428,ایثارگر-5%,مهندسی برق,دانشگاه علم و صنعت ایران - تهران
1399,ریاضی,4663,328,منطقه 3,مهندسی برق,دانشگاه صنعتی اصفهان
1399,ریاضی,4675,330,منطقه 3,مهندسی پزشکی,دانشگاه صنعتی امیرکبیر - تهران
1399,ریاضی,4681,331,منطقه 3,مهندسی معماری,دانشگاه تهران
1399,ریاضی,4699,335,منطقه 3,مهندسی کامپیوتر,دانشگاه فردوسی - مشهد
1399,ریاضی,4710,336,منطقه 3,مهندسی مکانیک,دانشگاه علم و صنعت ایران - تهران
1399,ریاضی,4717,432,ایثارگر-5%,مهندسی صنایع,دانشگاه صنعتی خواجه نصیرالدین طوسی - تهران
1399,ریاضی,4723,433,ایثارگر-5%,مهندسی کامپیوتر,دانشگاه شیراز
1399,ریاضی,4737,341,منطقه 3,مهندسی شیمی,دانشگاه تهران
1399,ریاضی,4737,434,ایثارگر-5%,مهندسی معماری - نیمسال اول,دانشگاه علم و صنعت ایران - تهران
1399,ریاضی,4771,343,منطقه 3,مهندسی صنایع,دانشگاه علم و صنعت ایران - تهران
1399,ریاضی,4788,437,ایثارگر-5%,مهندسی معماری,دانشگاه تهران
1399,ریاضی,4797,439,ایثارگر-5%,مهندسی پزشکی,دانشگاه صنعتی امیرکبیر - تهران
1399,ریاضی,4802,347,منطقه 3,آموزش ریاضی - بومی استان تهران,پردیس شهید چمران - تهران
1399,ریاضی,4813,349,منطقه 3,مهندسی صنایع,دانشگاه صنعتی خواجه نصیرالدین طوسی - تهران
1399,ریاضی,4817,350,منطقه 3,مهندسی مکانیک,دانشگاه صنعتی خواجه نصیرالدین طوسی - تهران
1399,ریاضی,4822,351,منطقه 3,آموزش فیزیک - بومی استان قزوین,پردیس شهید چمران - تهران
1399,ریاضی,4842,441,ایثارگر-5%,علوم کامپیوتر,دانشگاه شهید بهشتی - تهران
1399,ریاضی,4848,354,منطقه 3,آموزش فیزیک - بومی استان کرمان,پردیس شهید هاشمی نژاد - مشهد
1399,ریاضی,4848,354,منطقه 3,مهندسی صنایع,دانشگاه صنعتی خواجه نصیرالدین طوسی - تهران
1399,ریاضی,4857,356,منطقه 3,کارشناسی ارشد پیوسته علوم قضایی,دانشگاه علوم قضایی و خدمات ادارای دادگستری
1399,ریاضی,4922,358,منطقه 3,مهندسی کامپیوتر,دانشگاه خوارزمی - تهران (محل تحصیل کرج)
1399,ریاضی,4928,444,ایثارگر-5%,مهندسی مکانیک,دانشگاه صنعتی خواجه نصیرالدین طوسی - تهران
1399,ریاضی,5000,367,منطقه 3,مهندسی عمران,دانشگاه خوارزمی - تهران (محل تحصیل کرج)
1399,ریاضی,5014,452,ایثارگر-5%,مهندسی برق,دانشگاه علم و صنعت ایران - تهران
1399,ریاضی,5029,370,منطقه 3,مهندسی برق,دانشگاه شهید بهشتی - تهران
1399,ریاضی,5046,373,منطقه 3,فیزیک,دانشگاه شهید بهشتی - تهران
1399,ریاضی,5094,377,منطقه 3,آموزش ریاضی - بومی خراسان رضوی,پردیس شهید بهشتی - مشهد
1399,ریاضی,5094,461,ایثارگر-5%,مهندسی عمران,دانشگاه تهران
1399,ریاضی,5111,462,ایثارگر-5%,مهندسی کامپیوتر,دانشگاه فردوسی - مشهد
1399,ریاضی,5124,381,منطقه 3,مهندسی کامپیوتر,دانشگاه یزد
1399,ریاضی,5137,467,ایثارگر-5%,مهندسی پزشکی,دانشگاه صنعتی امیرکبیر - تهران
1399,ریاضی,5142,383,منطقه 3,مهندسی برق,دانشگاه صنعتی خواجه نصیرالدین طوسی - تهران
1399,ریاضی,5160,385,منطقه 3,مهندسی مکانیک,دانشگاه صنعتی خواجه نصیرالدین طوسی - تهران
1399,ریاضی,5186,387,منطقه 3,مهندسی برق,دانشگاه صدا و سیمای جمهوری اسلامی ایران
1399,ریاضی,5190,389,منطقه 3,مهندسی پزشکی,دانشگاه صنعتی امیرکبیر - تهران
1399,ریاضی,5213,391,منطقه 3,مهندسی نفت,دانشگاه تهران
1399,ریاضی,5213,474,ایثارگر-5%,مهندسی کامپیوتر,دانشگاه صنعتی نوشیروانی بابل
1399,ریاضی,5219,393,منطقه 3,آموزش فیزیک - بومی استان کرمان,پردیس شهید هاشمی نژاد - مشهد
1399,ریاضی,5224,394,منطقه 3,مهندسی کامپیوتر,دانشگاه صنعتی شریف تهران پردیس خودگردان
1399,ریاضی,5228,477,ایثارگر-5%,مهندسی صنایع - محل تحصیل شهیدعباسپور,دانشگاه شهید بهشتی - تهران
1399,ریاضی,5241,396,منطقه 3,آموزش ریاضی - بومی استان تهران,پردیس نسیبه - تهران
1399,ریاضی,5241,479,ایثارگر-5%,مهندسی هوا فضا,دانشگاه صنعتی امیرکبیر - تهران
1399,ریاضی,5253,397,منطقه 3,مهندسی شیمی,دانشگاه تهران
1399,ریاضی,5261,399,منطقه 3,مهندسی عمران - بومی گیلان,دانشگاه تربیت دبیر شهید رجایی_تهران
1399,ریاضی,5261,481,ایثارگر-5%,مهندسی صنایع,دانشگاه صنعتی خواجه نصیرالدین طوسی - تهران
1399,ریاضی,5261,481,ایثارگر-5%,مهندسی کامپیوتر,دانشگاه فردوسی - مشهد
1399,ریاضی,5284,486,ایثارگر-5%,مهندسی مکانیک - بومی مازندران,دانشگاه تربیت دبیر شهید رجایی_تهران
1399,ریاضی,5296,403,منطقه 3,مهندسی صنایع - محل تحصیل شهیدعباسپور,دانشگاه شهید بهشتی - تهران
1399,ریاضی,5296,488,ایثارگر-5%,مهندسی برق,دانشگاه علم و صنعت ایران - تهران
1399,ریاضی,5296,488,ایثارگر-5%,مهندسی کامپیوتر,دانشگاه تبریز
1399,ریاضی,5314,405,منطقه 3,مهندسی مکانیک - بومی خوزستان,دانشگاه تربیت دبیر شهید رجایی_تهران
1399,ریاضی,5321,491,ایثارگر-5%,مهندسی کامپیوتر - بومی خوزستان,دانشگاه تربیت دبیر شهید رجایی_تهران
1399,ریاضی,5348,493,ایثارگر-5%,مهندسی مکانیک,دانشگاه علم و صنعت ایران - تهران
1399,ریاضی,5354,494,ایثارگر-5%,مهندسی کامپیوتر,دانشگاه خوارزمی - تهران (محل تحصیل کرج)
1399,ریاضی,5366,409,منطقه 3,مهندسی عمران - بومی گلستان,دانشگاه تربیت دبیر شهید رجایی_تهران
1399,ریاضی,5402,497,ایثارگر-5%,آموزش ریاضی - بومی خراسان رضوی,پردیس شهید هاشمی نژاد - مشهد
1399,ریاضی,5416,413,منطقه 3,فیزیک,دانشگاه علم و صنعت ایران - تهران
1399,ریاضی,5428,414,منطقه 3,مهندسی مکانیک,دانشگاه صنعتی نوشیروانی بابل
1399,ریاضی,5433,415,منطقه 3,مهندسی پزشکی,دانشگاه صنعتی امیرکبیر - تهران
1399,ریاضی,5445,416,منطقه 3,مهندسی هوا فضا,دانشگاه شهید بهشتی - تهران
1399,ریاضی,5445,501,ایثارگر-5%,مهندسی کامپیوتر,دانشگاه خوارزمی - تهران (محل تحصیل کرج)
1399,ریاضی,5456,418,منطقه 3,مهندسی نفت,دانشگاه صنعت نفت (محل تحصیل اهواز)
1399,ریاضی,5456,418,منطقه 3,مهندسی کامپیوتر,دانشگاه صنعتی خواجه نصیرالدین طوسی - تهران
1399,ریاضی,5461,421,منطقه 3,مهندسی برق - بومی آذربایجان غربی,دانشگاه تربیت دبیر شهید رجایی_تهران
1399,ریاضی,5461,421,منطقه 3,مهندسی مکانیک,دانشگاه شیراز
1399,ریاضی,5468,423,منطقه 3,مهندسی دریا,دانشگاه صنعتی شریف - تهران
1399,ریاضی,5476,424,منطقه 3,مهندسی برق,دانشگاه صنعتی شیراز
1399,ریاضی,5476,424,منطقه 3,مهندسی کامپیوتر,دانشگاه شیراز
1399,ریاضی,5490,426,منطقه 3,مهندسی برق,دانشگاه صنعتی خواجه نصیرالدین طوسی - تهران
1399,ریاضی,5519,512,ایثارگر-5%,مهندسی مکانیک,دانشگاه علم و صنعت ایران - تهران
1399,ریاضی,5541,514,ایثارگر-5%,مهندسی کامپیوتر,دانشگاه صنعتی شریف تهران پردیس خودگردان
1399,ریاضی,5561,432,منطقه 3,علوم کامپیوتر,دانشگاه فردوسی - مشهد
1399,ریاضی,5598,434,منطقه 3,مهندسی مکانیک - بومی استان قزوین,دانشگاه تربیت دبیر شهید رجایی_تهران
1399,ریاضی,5617,436,منطقه 3,مهندسی پزشکی,دانشگاه اصفهان
1399,ریاضی,5644,437,منطقه 3,مهندسی مکانیک,دانشگاه صنعتی خواجه نصیرالدین طوسی - تهران
1399,ریاضی,5644,522,ایثارگر-5%,فیزیک,دانشگاه صنعتی امیرکبیر - تهران
1399,ریاضی,5651,439,منطقه 3,مهندسی کامپیوتر,دانشگاه شیراز
1399,ریاضی,5669,440,منطقه 3,علوم مهندسی,دانشگاه تهران
1399,ریاضی,5686,526,ایثارگر-5%,مهندسی برق,دانشگاه علم و صنعت ایران - تهران
1399,ریاضی,5740,527,ایثارگر-5%,مهندسی برق,دانشگاه علم و صنعت ایران - تهران
1399,ریاضی,5769,531,ایثارگر-5%,مهندسی مواد و متالورژی,دانشگاه صنعتی شریف - تهران
1399,ریاضی,5798,450,منطقه 3,مهندسی مکانیک - بومی فارس,دانشگاه تربیت دبیر شهید رجایی_تهران
1399,ریاضی,5805,452,منطقه 3,مهندسی هوا فضا,دانشگاه صنعتی خواجه نصیرالدین طوسی - تهران
1399,ریاضی,5815,454,منطقه 3,مهندسی هوا فضا,دانشگاه شهید بهشتی - تهران
1399,ریاضی,5843,537,ایثارگر-5%,مهندسی برق,دانشگاه علم و صنعت ایران - تهران
1399,ریاضی,5876,458,منطقه 3,مهندسی کامپیوتر - بومی هرمزگان,دانشگاه تربیت دبیر شهید رجایی_تهران
1399,ریاضی,5887,459,منطقه 3,مهندسی برق,دانشگاه صدا و سیمای جمهوری اسلامی ایران
1399,ریاضی,5893,460,منطقه 3,مهندسی مکانیک,دانشگاه اصفهان
1399,ریاضی,5910,462,منطقه 3,آموزش ریاضی - بومی فارس,پردیس شهید رجایی - شیراز
1399,ریاضی,5942,465,منطقه 3,مهندسی کامپیوتر,دانشگاه شیراز
1399,ریاضی,5971,467,منطقه 3,مهندسی عمران,دانشگاه فردوسی - مشهد
1399,ریاضی,5986,469,منطقه 3,مهندسی شیمی,دانشگاه تهران
1399,ریاضی,5986,469,منطقه 3,مهندسی مکانیک - بومی چهارمحال و بختیاری,دانشگاه تربیت دبیر شهید رجایی_تهران
1399,ریاضی,5992,471,منطقه 3,مهندسی انرژی,دانشگاه صنعتی امیرکبیر - تهران
1399,ریاضی,6018,472,منطقه 3,آموزش ریاضی - بومی مازندران,پردیس دکتر شریعتی - ساری
1399,ریاضی,6032,474,منطقه 3,مهندسی عمران,دانشگاه علم و صنعت ایران - تهران
1399,ریاضی,6061,475,منطقه 3,مهندسی عمران - بومی سیستان و بلوچستان,دانشگاه تربیت دبیر شهید رجایی_تهران
1399,ریاضی,6080,479,منطقه 3,مهندسی مکانیک - بومی آذربایجان شرقی,دانشگاه تربیت دبیر شهید رجایی_تهران
1399,ریاضی,6080,555,ایثارگر-5%,مهندسی مواد و متالورژی,دانشگاه صنعتی شریف - تهران
1399,ریاضی,6086,481,منطقه 3,علوم کامپیوتر,دانشگاه علم و صنعت ایران - تهران
1399,ریاضی,6093,482,منطقه 3,مهندسی مکانیک - بومی استان سمنان,دانشگاه تربیت دبیر شهید رجایی_تهران
1399,ریاضی,6114,483,منطقه 3,مهندسی برق,دانشگاه صنعتی خواجه نصیرالدین طوسی - تهران
1399,ریاضی,6126,559,ایثارگر-5%,مهندسی کامپیوتر,دانشگاه فردوسی - مشهد
1399,ریاضی,6140,485,منطقه 3,فیزیک,دانشگاه صنعتی خواجه نصیرالدین طوسی - تهران
1399,ریاضی,6140,560,ایثارگر-5%,علوم مهندسی,دانشگاه تهران
1399,ریاضی,6166,487,منطقه 3,مهندسی کامپیوتر - بومی آذربایجان غربی,دانشگاه تربیت دبیر شهید رجایی_تهران
1399,ریاضی,6179,490,منطقه 3,مهندسی مکانیک - بومی گیلان,دانشگاه تربیت دبیر شهید رجایی_تهران
1399,ریاضی,6199,491,منطقه 3,مهندسی نفت,دانشگاه تهران
1399,ریاضی,6221,494,منطقه 3,مهندسی صنایع - محل تحصیل شهیدعباسپور,دانشگاه شهید بهشتی - تهران
1399,ریاضی,6275,501,منطقه 3,آموزش ریاضی - بومی خراسان رضوی,پردیس شهید بهشتی - مشهد
1399,ریاضی,6275,501,منطقه 3,مهندسی شیمی,دانشگاه تهران
1399,ریاضی,6281,565,ایثارگر-5%,مهندسی برق - بومی هرمزگان,دانشگاه تربیت دبیر شهید رجایی_تهران
1399,ریاضی,6286,566,ایثارگر-5%,مهندسی نفت,دانشگاه صنعتی شریف - تهران
1399,ریاضی,6296,504,منطقه 3,آموزش ریاضی - بومی مازندران,پردیس نسیبه - تهران
1399,ریاضی,6333,570,ایثارگر-5%,مهندسی هوا فضا,دانشگاه صنعتی خواجه نصیرالدین طوسی - تهران
1399,ریاضی,6372,512,منطقه 3,آموزش ریاضی - بومی خراسان جنوبی,پردیس شهید هاشمی نژاد - مشهد
1399,ریاضی,6372,512,منطقه 3,مهندسی برق,دانشگاه شیراز
1399,ریاضی,6388,515,منطقه 3,مهندسی پزشکی,دانشگاه صنعتی امیرکبیر - تهران
1399,ریاضی,6395,516,منطقه 3,مهندسی برق,دانشگاه صنعتی اصفهان
1399,ریاضی,6395,578,ایثارگر-5%,مهندسی عمران,دانشگاه صنعتی امیرکبیر - تهران
1399,ریاضی,6434,584,ایثارگر-5%,مهندسی پزشکی,دانشگاه صنعتی امیرکبیر - تهران
1399,ریاضی,6462,521,منطقه 3,مهندسی مکانیک - بومی استان کرمان,دانشگاه تربیت دبیر شهید رجایی_تهران
1399,ریاضی,6477,523,منطقه 3,مهندسی کامپیوتر,دانشگاه اصفهان
1399,ریاضی,6493,525,منطقه 3,مهندسی عمران,دانشگاه صنعتی اصفهان
1399,ریاضی,6504,527,منطقه 3,مهندسی عمران,دانشگاه علم و صنعت ایران - تهران
1399,ریاضی,6504,527,منطقه 3,مهندسی پزشکی,دانشگاه شهید بهشتی - تهران
1399,ریاضی,6504,591,ایثارگر-5%,آموزش فیزیک - بومی استان اردبیل,پردیس نسیبه - تهران
1399,ریاضی,6512,592,ایثارگر-5%,مهندسی پزشکی,دانشگاه صنعتی امیرکبیر - تهران
1399,ریاضی,6519,529,منطقه 3,آموزش ریاضی - بومی کردستان,پردیس شهید مدرس - سنندج
1399,ریاضی,6533,530,منطقه 3,آموزش تربیت بدنی - بومی کردستان,پردیس علامه طباطبایی - ارومیه
1399,ریاضی,6546,531,منطقه 3,آموزش ریاضی - بومی خراسان جنوبی,پردیس شهید هاشمی نژاد - مشهد
1399,ریاضی,6553,596,ایثارگر-5%,مهندسی برق,دانشگاه صنعتی خواجه نصیرالدین طوسی - تهران
1399,ریاضی,6560,597,ایثارگر-5%,مهندسی عمران,دانشگاه صنعتی امیرکبیر - تهران
1399,ریاضی,6572,601,ایثارگر-5%,فیزیک,دانشگاه شیراز
1399,ریاضی,6590,536,منطقه 3,مهندسی کامپیوتر - بومی مازندران,دانشگاه تربیت دبیر شهید رجایی_تهران
1399,ریاضی,6599,537,منطقه 3,آموزش فیزیک - بومی خراسان رضوی,پردیس شهید بهشتی - مشهد
1399,ریاضی,6614,538,منطقه 3,مهندسی برق - بومی هرمزگان,دانشگاه تربیت دبیر شهید رجایی_تهران
1399,ریاضی,6636,540,منطقه 3,مهندسی صنایع,دانشگاه یزد
1399,ریاضی,6650,543,منطقه 3,مهندسی عمران,دانشگاه علم و صنعت ایران - تهران
1399,ریاضی,6650,543,منطقه 3,مهندسی کامپیوتر,دانشگاه یزد
1399,ریاضی,6670,546,منطقه 3,مهندسی معماری,دانشگاه صنعتی نوشیروانی بابل
1399,ریاضی,6686,549,منطقه 3,آموزش ریاضی - بومی استان کرمان,پردیس رسالت - زاهدان
1399,ریاضی,6686,549,منطقه 3,مهندسی برق - بومی آذربایجان شرقی,دانشگاه تربیت دبیر شهید رجایی_تهران
1399,ریاضی,6700,612,ایثارگر-5%,مهندسی برق,دانشگاه صدا و سیمای جمهوری اسلامی ایران
1399,ریاضی,6700,612,ایثارگر-5%,مهندسی برق,دانشگاه صنعتی خواجه نصیرالدین طوسی - تهران
1399,ریاضی,6721,617,ایثارگر-5%,مهندسی کامپیوتر,دانشگاه خوارزمی - تهران (محل تحصیل کرج)
1399,ریاضی,6721,617,ایثارگر-5%,مهندسی کامپیوتر,دانشگاه صنعتی نوشیروانی بابل
1399,ریاضی,6728,551,منطقه 3,مهندسی مکانیک - محل تحصیل شهیدعباسپور,دانشگاه شهید بهشتی - تهران
1399,ریاضی,6728,619,ایثارگر-5%,ریاضیات و کاربردها,دانشگاه تهران
1399,ریاضی,6735,553,منطقه 3,مهندسی برق - بومی آذربایجان غربی,دانشگاه تربیت دبیر شهید رجایی_تهران
1399,ریاضی,6749,555,منطقه 3,آموزش فیزیک - بومی خراسان شمالی,پردیس شهید بهشتی - مشهد
1399,ریاضی,6770,557,منطقه 3,مهندسی کامپیوتر,دانشگاه تبریز
1399,ریاضی,6776,558,منطقه 3,مهندسی برق - بومی خوزستان,دانشگاه تربیت دبیر شهید رجایی_تهران
1399,ریاضی,6795,625,ایثارگر-5%,مهندسی انرژی,دانشگاه صنعتی امیرکبیر - تهران
1399,ریاضی,6801,562,منطقه 3,مهندسی مواد و متالورژی - بومی استان کرمان,دانشگاه تربیت دبیر شهید رجایی_تهران
1399,ریاضی,6815,565,منطقه 3,مهندسی پزشکی,دانشگاه شهید بهشتی - تهران
1399,ریاضی,6815,565,منطقه 3,مهندسی کامپیوتر - بومی آذربایجان غربی,دانشگاه تربیت دبیر شهید رجایی_تهران
1399,ریاضی,6824,567,منطقه 3,آموزش ریاضی - بومی استان فارس,پردیس شهید رجایی - شیراز
1399,ریاضی,6835,569,منطقه 3,مهندسی برق - بومی خراسان رضوی,دانشگاه تربیت دبیر شهید رجایی_تهران
1399,ریاضی,6841,570,منطقه 3,مهندسی عمران - بومی سیستان و بلوچستان,دانشگاه تربیت دبیر شهید رجایی_تهران
1399,ریاضی,6856,572,منطقه 3,مهندسی مکانیک,دانشگاه شیراز
1399,ریاضی,6860,629,ایثارگر-5%,آموزش ریاضی - بومی کردستان,پردیس شهید مدرس - سنندج
1399,ریاضی,6883,575,منطقه 3,مهندسی برق - بومی سیستان و بلوچستان,دانشگاه تربیت دبیر شهید رجایی_تهران
1399,ریاضی,6886,577,منطقه 3,مهندسی نقشه برداری,دانشگاه تهران
1399,ریاضی,6905,579,منطقه 3,مهندسی شیمی,دانشگاه صنعتی امیرکبیر - تهران
1399,ریاضی,6905,630,ایثارگر-5%,مهندسی برق,دانشگاه علم و صنعت ایران - تهران
1399,ریاضی,6926,582,منطقه 3,آموزش ابتدایی - بومی خراسان شمالی,پردیس امام جعفر صادق - بجنورد
1399,ریاضی,6962,587,منطقه 3,آموزش ریاضی - بومی آذربایجان غربی,پردیس شهید مدرس - سنندج
1399,ریاضی,6962,637,ایثارگر-5%,فیزیک,دانشگاه تهران
1399,ریاضی,6968,638,ایثارگر-5%,آموزش ریاضی - بومی آذربایجان غربی,پردیس فاطمه الزهرا (س) - تبریز
1399,ریاضی,6983,588,منطقه 3,مهندسی برق - محل تحصیل شهیدعباسپور,دانشگاه شهید بهشتی - تهران
1399,ریاضی,6987,589,منطقه 3,روانشناسی,دانشگاه بین المللی امام خمینی(ره) - قزوین
1399,ریاضی,6998,591,منطقه 3,مهندسی کامپیوتر,دانشگاه صنعتی شیراز
1399,ریاضی,6998,640,ایثارگر-5%,مهندسی عمران,دانشگاه صنعتی امیرکبیر - تهران
1399,ریاضی,7035,595,منطقه 3,آموزش ریاضی - بومی استان کرمان,پردیس رسالت - زاهدان
1399,ریاضی,7035,595,منطقه 3,مهندسی ساخت وتولید - بومی استان کرمان,دانشگاه تربیت دبیر شهید رجایی_تهران
1399,ریاضی,7035,641,ایثارگر-5%,مهندسی هوا فضا,دانشگاه صنعتی خواجه نصیرالدین طوسی - تهران
1399,ریاضی,7046,597,منطقه 3,مهندسی هوا فضا,دانشگاه شهید بهشتی - تهران
1399,ریاضی,7049,598,منطقه 3,مهندسی نفت,دانشگاه تهران
1399,ریاضی,7054,599,منطقه 3,مهندسی معدن,دانشگاه تهران
1399,ریاضی,7054,643,ایثارگر-5%,مهندسی کامپیوتر,دانشگاه صنعتی نوشیروانی بابل
1399,ریاضی,7080,647,ایثارگر-5%,مهندسی برق,دانشگاه شهید بهشتی - تهران
1399,ریاضی,7085,605,منطقه 3,مهندسی پزشکی,دانشگاه اصفهان
1399,ریاضی,7100,649,ایثارگر-5%,آموزش ریاضی - بومی خوزستان,پردیس حضرت رسول اکرم - اهواز
1399,ریاضی,7156,611,منطقه 3,مهندسی مواد و متالورژی,دانشگاه صنعتی شریف - تهران
1399,ریاضی,7215,617,منطقه 3,آموزش ریاضی - بومی فارس,پردیس شهید باهنر - شیراز
1399,ریاضی,7215,617,منطقه 3,مهندسی برق,دانشگاه فردوسی - مشهد
1399,ریاضی,7226,620,منطقه 3,مهندسی هوا فضا,دانشگاه شهید بهشتی - تهران
1399,ریاضی,7226,657,ایثارگر-5%,مهندسی برق,دانشگاه صنعتی خواجه نصیرالدین طوسی - تهران
1399,ریاضی,7233,622,منطقه 3,آموزش ابتدایی - بومی خراسان شمالی,پردیس امام جعفر صادق - بجنورد
1399,ریاضی,7239,624,منطقه 3,مهندسی شیمی,دانشگاه صنعتی امیرکبیر - تهران
1399,ریاضی,7239,624,منطقه 3,مهندسی عمران,دانشگاه تبریز
1399,ریاضی,7255,627,منطقه 3,مهندسی هوا فضا,دانشگاه شهید بهشتی - تهران
1399,ریاضی,7270,628,منطقه 3,آموزش ریاضی - بومی خراسان جنوبی,پردیس شهید بهشتی - مشهد
1399,ریاضی,7279,629,منطقه 3,مهندسی پزشکی,دانشگاه شهید بهشتی - تهران
1399,ریاضی,7286,631,منطقه 3,مهندسی انرژی,دانشگاه صنعتی امیرکبیر - تهران
1399,ریاضی,7298,666,ایثارگر-5%,مهندسی کامپیوتر,دانشگاه صنعتی قم
1399,ریاضی,7332,636,منطقه 3,آموزش ریاضی - بومی گیلان,پردیس دکتر شریعتی - ساری
1399,ریاضی,7339,672,ایثارگر-5%,آموزش ابتدایی - بومی کردستان,پردیس بنت الهدی صدر - سنندج
1399,ریاضی,7408,644,منطقه 3,آموزش ابتدایی - بومی استان کرمان,پردیس شهید باهنر - کرمان
1399,ریاضی,7414,645,منطقه 3,آموزش ریاضی - بومی خراسان رضوی,پردیس شهید هاشمی نژاد - مشهد
1399,ریاضی,7422,682,ایثارگر-5%,آموزش ریاضی - بومی خوزستان,پردیس حضرت رسول اکرم - اهواز
1399,ریاضی,7422,682,ایثارگر-5%,مهندسی برق,دانشگاه فردوسی - مشهد
1399,ریاضی,7430,684,ایثارگر-5%,مهندسی معماری - بومی گیلان,دانشگاه تربیت دبیر شهید رجایی_تهران
1399,ریاضی,7437,686,ایثارگر-5%,مهندسی پزشکی,دانشگاه صنعتی امیرکبیر - تهران
1399,ریاضی,7458,652,منطقه 3,مهندسی نفت,دانشگاه صنعتی امیرکبیر - تهران
1399,ریاضی,7469,654,منطقه 3,آموزش ریاضی - بومی آذربایجان شرقی,پردیس فاطمه الزهرا (س) - تبریز
1399,ریاضی,7469,654,منطقه 3,مهندسی مکانیک - محل تحصیل شهیدعباسپور,دانشگاه شهید بهشتی - تهران
1399,ریاضی,7479,693,ایثارگر-5%,مهندسی برق,دانشگاه شیراز
1399,ریاضی,7490,656,منطقه 3,مهندسی عمران,دانشگاه صنعتی خواجه نصیرالدین طوسی - تهران
1399,ریاضی,7490,694,ایثارگر-5%,مهندسی مواد و متالورژی,دانشگاه صنعتی شریف - تهران
1399,ریاضی,7504,658,منطقه 3,آموزش ریاضی - بومی خراسان جنوبی,پردیس شهید بهشتی - مشهد
1399,ریاضی,7513,660,منطقه 3,آموزش فیزیک - بومی استان بوشهر,پردیس شهید رجایی - شیراز
1399,ریاضی,7513,660,منطقه 3,مهندسی پزشکی,دانشگاه شهید بهشتی - تهران
1399,ریاضی,7523,662,منطقه 3,مهندسی برق - بومی آذربایجان شرقی,دانشگاه تربیت دبیر شهید رجایی_تهران
1399,ریاضی,7523,696,ایثارگر-5%,مهندسی برق,دانشگاه صنعتی خواجه نصیرالدین طوسی - تهران
1399,ریاضی,7550,664,منطقه 3,مهندسی کامپیوتر - بومی چهارمحال و بختیاری,دانشگاه تربیت دبیر شهید رجایی_تهران
1399,ریاضی,7579,699,ایثارگر-5%,مهندسی کامپیوتر,دانشگاه فردوسی - مشهد
1399,ریاضی,7612,669,منطقه 3,مهندسی برق,دانشگاه اصفهان
1399,ریاضی,7663,673,منطقه 3,آموزش ابتدایی - بومی استان کرمان,پردیس شهید باهنر - کرمان
1399,ریاضی,7689,675,منطقه 3,مهندسی شیمی,دانشگاه صنعتی امیرکبیر - تهران
1399,ریاضی,7689,675,منطقه 3,مهندسی شیمی,دانشگاه علم و صنعت ایران - تهران
1399,ریاضی,7694,678,منطقه 3,آموزش ریاضی - بومی خوزستان,پردیس حضرت رسول اکرم - اهواز
1399,ریاضی,7694,678,منطقه 3,آموزش ریاضی - بومی فارس,پردیس شهید باهنر - شیراز
1399,ریاضی,7694,678,منطقه 3,علوم مهندسی,دانشگاه تهران
1399,ریاضی,7700,681,منطقه 3,آموزش ریاضی - بومی خوزستان,پردیس فاطمه الزهرا (س) - اهواز
1399,ریاضی,7729,689,منطقه 3,مهندسی شیمی,دانشگاه فردوسی - مشهد
1399,ریاضی,7796,710,ایثارگر-5%,مهندسی مواد و متالورژی,دانشگاه تهران
1399,ریاضی,7827,698,منطقه 3,مهندسی کامپیوتر - بومی لرستان,دانشگاه تربیت دبیر شهید رجایی_تهران
1399,ریاضی,7845,699,منطقه 3,آموزش ابتدایی - بومی استان همدان,پردیس شهید باهنر - همدان
1399,ریاضی,7845,699,منطقه 3,مهندسی کامپیوتر - بومی آذربایجان غربی,دانشگاه تربیت دبیر شهید رجایی_تهران
1399,ریاضی,7864,714,ایثارگر-5%,مهندسی پزشکی,دانشگاه شهید بهشتی - تهران
1399,ریاضی,7883,704,منطقه 3,فیزیک,دانشگاه تهران
1399,ریاضی,7883,716,ایثارگر-5%,مهندسی معماری - محل تحصیل تهران,دانشگاه خوارزمی تهران
1399,ریاضی,7883,716,ایثارگر-5%,مهندسی مواد و متالورژی,دانشگاه صنعتی شریف - تهران
1399,ریاضی,7883,716,ایثارگر-5%,مهندسی کامپیوتر,دانشگاه تبریز
1399,ریاضی,7901,706,منطقه 3,مهندسی کامپیوتر,دانشگاه صنعتی نوشیروانی بابل
1399,ریاضی,7901,720,ایثارگر-5%,مهندسی مواد و متالورژی,دانشگاه صنعتی شریف - تهران
1399,ریاضی,7915,707,منطقه 3,روانشناسی,دانشگاه فردوسی - مشهد
1399,ریاضی,7943,723,ایثارگر-5%,مهندسی نفت,دانشگاه صنعتی امیرکبیر - تهران
1399,ریاضی,7949,712,منطقه 3,آموزش فیزیک - بومی استان قزوین,پردیس شهید چمران - تهران
1399,ریاضی,7949,712,منطقه 3,مهندسی مکانیک,دانشگاه فردوسی - مشهد
1399,ریاضی,7956,714,منطقه 3,مهندسی کامپیوتر,دانشگاه یزد
1399,ریاضی,7961,724,ایثارگر-5%,مهندسی معماری,دانشگاه هنر تهران
1399,ریاضی,7973,725,ایثارگر-5%,مهندسی شیمی,دانشگاه تهران
1399,ریاضی,7979,726,ایثارگر-5%,مهندسی برق,دانشگاه صنعتی خواجه نصیرالدین طوسی - تهران
1399,ریاضی,8008,722,منطقه 3,مهندسی پلیمر,دانشگاه تهران
1399,ریاضی,8016,723,منطقه 3,مهندسی کامپیوتر,دانشگاه تهران (محل تحصیل قم)
1399,ریاضی,8039,725,منطقه 3,آموزش ریاضی - بومی لرستان,پردیس فاطمه الزهرا (س) - اهواز
1399,ریاضی,8045,731,ایثارگر-5%,دکترای پیوسته فیزیک,مرکز تحصیلات تکمیلی در علوم پایه زنجان
1399,ریاضی,8045,731,ایثارگر-5%,مهندسی مکانیک,دانشگاه گیلان - رشت
1399,ریاضی,8073,731,منطقه 3,مهندسی کامپیوتر - بومی هرمزگان,دانشگاه تربیت دبیر شهید رجایی_تهران
1399,ریاضی,8079,732,منطقه 3,آموزش ریاضی - بومی استان اصفهان,پردیس شهید باهنر - اصفهان
1399,ریاضی,8120,737,ایثارگر-5%,علوم کامپیوتر,دانشگاه خوارزمی - تهران (محل تحصیل کرج)
1399,ریاضی,8132,737,منطقه 3,مهندسی دریا,دانشگاه صنعتی شریف - تهران
1399,ریاضی,8158,738,منطقه 3,حسابداری,دانشگاه شیراز
1399,ریاضی,8189,747,ایثارگر-5%,مهندسی برق,دانشگاه صنعتی خواجه نصیرالدین طوسی - تهران
1399,ریاضی,8198,742,منطقه 3,دکترای پیوسته فیزیک,مرکز تحصیلات تکمیلی در علوم پایه زنجان
1399,ریاضی,8198,742,منطقه 3,مهندسی صنایع,دانشگاه فردوسی - مشهد
1399,ریاضی,8224,750,ایثارگر-5%,مهندسی پزشکی,دانشگاه شهید بهشتی - تهران
1399,ریاضی,8228,744,منطقه 3,مهندسی عمران - بومی فارس,دانشگاه تربیت دبیر شهید رجایی_تهران
1399,ریاضی,8236,752,ایثارگر-5%,مهندسی برق,دانشگاه صنعتی خواجه نصیرالدین طوسی - تهران
1399,ریاضی,8236,752,ایثارگر-5%,مهندسی پزشکی,دانشگاه شهید بهشتی - تهران
1399,ریاضی,8236,752,ایثارگر-5%,مهندسی کامپیوتر,دانشگاه اصفهان
1399,ریاضی,8267,748,منطقه 3,ریاضیات و کاربردها,دانشگاه صنعتی امیرکبیر - تهران
1399,ریاضی,8267,748,منطقه 3,مهندسی برق,دانشگاه فردوسی - مشهد
1399,ریاضی,8267,748,منطقه 3,مهندسی نفت,دانشگاه صنعتی امیرکبیر - تهران
1399,ریاضی,8267,748,منطقه 3,مهندسی کامپیوتر,دانشگاه گیلان - رشت
1399,ریاضی,8267,755,ایثارگر-5%,مهندسی کامپیوتر,دانشگاه گیلان - رشت
1399,ریاضی,8277,751,منطقه 3,مهندسی کامپیوتر,دانشگاه صنعتی شریف تهران پردیس خودگردان
1399,ریاضی,8277,757,ایثارگر-5%,مهندسی برق,دانشگاه شهید بهشتی - تهران
1399,ریاضی,8298,752,منطقه 3,مهندسی کامپیوتر,دانشگاه بین المللی امام خمینی(ره) - قزوین
1399,ریاضی,8370,759,منطقه 3,مهندسی صنایع,دانشگاه فردوسی - مشهد
1399,ریاضی,8404,763,منطقه 3,معماری داخلی,دانشگاه هنر تهران
1399,ریاضی,8417,766,منطقه 3,مهندسی کامپیوتر,دانشگاه صنعتی شریف تهران پردیس خودگردان
1399,ریاضی,8445,770,منطقه 3,مهندسی مکانیک,دانشگاه تبریز
1399,ریاضی,8455,773,منطقه 3,دکترای پیوسته فیزیک,مرکز تحصیلات تکمیلی در علوم پایه زنجان
1399,ریاضی,8455,773,منطقه 3,مهندسی مکانیک,دانشگاه تبریز
1399,ریاضی,8464,774,ایثارگر-5%,مهندسی ساخت وتولید,دانشگاه صنعتی امیرکبیر - تهران
1399,ریاضی,8489,779,منطقه 3,آموزش ابتدایی - بومی کردستان,پردیس بنت الهدی صدر - سنندج
1399,ریاضی,8506,779,ایثارگر-5%,مهندسی کامپیوتر,دانشگاه فردوسی - مشهد
1399,ریاضی,8546,783,منطقه 3,مهندسی مکانیک - بومی آذربایجان غربی,دانشگاه تربیت دبیر شهید رجایی_تهران
1399,ریاضی,8564,784,منطقه 3,آموزش ریاضی - بومی گلستان,پردیس دکتر شریعتی - ساری
1399,ریاضی,8574,786,منطقه 3,مهندسی برق,دانشگاه صدا و سیمای جمهوری اسلامی ایران
1399,ریاضی,8574,786,منطقه 3,مهندسی شیمی,دانشگاه علم و صنعت ایران - تهران
1399,ریاضی,8589,789,منطقه 3,آموزش ریاضی - بومی مازندران,پردیس دکتر شریعتی - ساری
1399,ریاضی,8600,790,منطقه 3,آموزش ریاضی - بومی کهگیلویه و بویراحمد,پردیس شهید باهنر - شیراز
1399,ریاضی,8618,793,منطقه 3,مهندسی برق - بومی استان همدان,دانشگاه تربیت دبیر شهید رجایی_تهران
1399,ریاضی,8631,784,ایثارگر-5%,مهندسی صنایع,دانشگاه الزهرا(س) - تهران
1399,ریاضی,8657,796,منطقه 3,آموزش ابتدایی - بومی آذربایجان غربی,پردیس علامه طباطبایی - ارومیه
1399,ریاضی,8657,796,منطقه 3,مهندسی کامپیوتر,دانشگاه سمنان
1399,ریاضی,8676,788,ایثارگر-5%,مهندسی شیمی,دانشگاه تهران
1399,ریاضی,8676,788,ایثارگر-5%,مهندسی کامپیوتر,دانشگاه فردوسی - مشهد
1399,ریاضی,8694,790,ایثارگر-5%,مهندسی برق,دانشگاه شهید بهشتی - تهران
1399,ریاضی,8770,802,منطقه 3,مهندسی کامپیوتر - بومی فارس,دانشگاه تربیت دبیر شهید رجایی_تهران
1399,ریاضی,8782,806,منطقه 3,مهندسی برق,دانشگاه صنعتی خواجه نصیرالدین طوسی - تهران
1399,ریاضی,8782,806,منطقه 3,مهندسی کامپیوتر,دانشگاه رازی کرمانشاه
1399,ریاضی,8793,796,ایثارگر-5%,مهندسی مکانیک,دانشگاه صنعتی اصفهان
1399,ریاضی,8793,809,منطقه 3,آموزش ریاضی - بومی خراسان رضوی,پردیس شهید بهشتی - مشهد
1399,ریاضی,8806,798,ایثارگر-5%,مهندسی شیمی,دانشگاه صنعتی امیرکبیر - تهران
1399,ریاضی,8817,812,منطقه 3,آموزش ابتدایی - بومی استان کرمان,پردیس شهید باهنر - کرمان
1399,ریاضی,8835,804,ایثارگر-5%,مهندسی مکانیک,دانشگاه صنعتی خواجه نصیرالدین طوسی - تهران
1399,ریاضی,8835,814,منطقه 3,مهندسی ساخت وتولید,دانشگاه صنعتی امیرکبیر - تهران
1399,ریاضی,8853,806,ایثارگر-5%,علوم کامپیوتر,دانشگاه خوارزمی - تهران (محل تحصیل کرج)
1399,ریاضی,8862,808,ایثارگر-5%,مهندسی مکانیک,دانشگاه صنعتی خواجه نصیرالدین طوسی - تهران
1399,ریاضی,8868,816,منطقه 3,آموزش ابتدایی - بومی آذربایجان شرقی,پردیس فاطمه الزهرا (س) - تبریز
1399,ریاضی,8873,817,منطقه 3,آموزش ابتدایی - بومی استان همدان,پردیس شهید باهنر - همدان
1399,ریاضی,8879,818,منطقه 3,مهندسی عمران - محل تحصیل شهیدعباسپور,دانشگاه شهید بهشتی - تهران
1399,ریاضی,8900,824,منطقه 3,آموزش ریاضی - بومی خراسان رضوی,پردیس شهید بهشتی - مشهد
1399,ریاضی,8900,824,منطقه 3,آموزش فیزیک - بومی فارس,پردیس شهید رجایی - شیراز
1399,ریاضی,8930,828,منطقه 3,مهندسی شیمی,دانشگاه علم و صنعت ایران - تهران
1399,ریاضی,8930,828,منطقه 3,مهندسی کامپیوتر - بومی لرستان,دانشگاه تربیت دبیر شهید رجایی_تهران
1399,ریاضی,8937,830,منطقه 3,مهندسی نفت,دانشگاه صنعت نفت (محل تحصیل اهواز)
1399,ریاضی,8953,833,منطقه 3,آموزش ریاضی - بومی گلستان,پردیس دکتر شریعتی - ساری
1399,ریاضی,8992,817,ایثارگر-5%,مهندسی عمران,دانشگاه علم و صنعت ایران - تهران
1399,ریاضی,9008,819,ایثارگر-5%,مهندسی مواد و متالورژی - بومی خراسان رضوی,دانشگاه تربیت دبیر شهید رجایی_تهران
1399,ریاضی,9016,820,ایثارگر-5%,آموزش ریاضی - بومی استان کرمان,پردیس رسالت - زاهدان
1399,ریاضی,9016,837,منطقه 3,مهندسی برق,دانشگاه شهید بهشتی - تهران
1399,ریاضی,9023,838,منطقه 3,مهندسی نفت,دانشگاه صنعتی امیرکبیر - تهران
1399,ریاضی,9035,839,منطقه 3,آموزش فیزیک - بومی استان کرمان,پردیس شهید رجایی - شیراز
1399,ریاضی,9035,839,منطقه 3,مهندسی کامپیوتر,دانشگاه فردوسی - مشهد
1399,ریاضی,9041,842,منطقه 3,مهندسی عمران - بومی استان اردبیل,دانشگاه تربیت دبیر شهید رجایی_تهران
1399,ریاضی,9041,842,منطقه 3,مهندسی مکانیک,دانشگاه صنعتی شریف تهران پردیس خودگردان
1399,ریاضی,9051,845,منطقه 3,مهندسی معماری - بومی البرز,دانشگاه تربیت دبیر شهید رجایی_تهران
1399,ریاضی,9061,847,منطقه 3,مهندسی عمران - بومی استان همدان,دانشگاه تربیت دبیر شهید رجایی_تهران
1399,ریاضی,9069,849,منطقه 3,مهندسی عمران,دانشگاه صنعتی خواجه نصیرالدین طوسی - تهران
1399,ریاضی,9085,824,ایثارگر-5%,مهندسی برق,دانشگاه صنعتی خواجه نصیرالدین طوسی - تهران
1399,ریاضی,9125,862,منطقه 3,آموزش ریاضی - بومی گلستان,پردیس دکتر شریعتی - ساری
1399,ریاضی,9156,866,منطقه 3,مهندسی برق,دانشگاه صنعتی اصفهان
1399,ریاضی,9186,870,منطقه 3,مهندسی برق,دانشگاه فردوسی - مشهد
1399,ریاضی,9186,870,منطقه 3,مهندسی شیمی,دانشگاه علم و صنعت ایران - تهران
1399,ریاضی,9208,839,ایثارگر-5%,آموزش ریاضی - بومی آذربایجان غربی,پردیس شهید مدرس - سنندج
1399,ریاضی,9208,874,منطقه 3,مهندسی شیمی,دانشگاه علم و صنعت ایران - تهران
1399,ریاضی,9208,874,منطقه 3,مهندسی مکانیک,دانشگاه علم و صنعت ایران - تهران
1399,ریاضی,9234,877,منطقه 3,آموزش ریاضی - بومی لرستان,پردیس فاطمه الزهرا (س) - اهواز
1399,ریاضی,9242,879,منطقه 3,مهندسی کامپیوتر,دانشگاه فردوسی - مشهد
1399,ریاضی,9256,882,منطقه 3,آموزش ریاضی - بومی استان تهران,پردیس نسیبه - تهران
1399,ریاضی,9256,882,منطقه 3,مهندسی مکانیک - بومی کرمانشاه,دانشگاه تربیت دبیر شهید رجایی_تهران
1399,ریاضی,9268,844,ایثارگر-5%,مهندسی برق,دانشگاه صنعتی خواجه نصیرالدین طوسی - تهران
1399,ریاضی,9268,885,منطقه 3,آموزش ریاضی - بومی سیستان و بلوچستان,پردیس رسالت - زاهدان
1399,ریاضی,9277,887,منطقه 3,مهندسی صنایع,دانشگاه الزهرا(س) - تهران
1399,ریاضی,9285,847,ایثارگر-5%,مهندسی برق - بومی خراسان رضوی,دانشگاه تربیت دبیر شهید رجایی_تهران
1399,ریاضی,9285,888,منطقه 3,مهندسی هوا فضا,دانشگاه اصفهان
1399,ریاضی,9326,891,منطقه 3,مهندسی مکانیک - بومی آذربایجان غربی,دانشگاه تربیت دبیر شهید رجایی_تهران
1399,ریاضی,9332,893,منطقه 3,آموزش ابتدایی - بومی خراسان رضوی,پردیس شهید هاشمی نژاد - مشهد
1399,ریاضی,9370,897,منطقه 3,مهندسی مواد و متالورژی,دانشگاه صنعتی شریف - تهران
1399,ریاضی,9389,900,منطقه 3,مهندسی مکانیک,دانشگاه شیراز
1399,ریاضی,9404,903,منطقه 3,مهندسی کامپیوتر,دانشگاه صنعتی امیرکبیر - تهران - پردیس خودگردان
1399,ریاضی,9411,906,منطقه 3,آموزش فیزیک - بومی آذربایجان شرقی,پردیس شهید چمران - تهران
1399,ریاضی,9411,906,منطقه 3,مهندسی کامپیوتر,دانشگاه صنعتی نوشیروانی بابل
1399,ریاضی,9420,909,منطقه 3,مهندسی مکانیک - بومی خراسان رضوی,دانشگاه تربیت دبیر شهید رجایی_تهران
1399,ریاضی,9449,914,منطقه 3,مهندسی مواد و متالورژی,دانشگاه صنعتی شریف - تهران
1399,ریاضی,9463,915,منطقه 3,مهندسی کامپیوتر,دانشگاه شهید باهنر - کرمان
1399,ریاضی,9500,920,منطقه 3,علوم کامپیوتر,دانشگاه تبریز
1399,ریاضی,9500,920,منطقه 3,مهندسی کامپیوتر,دانشگاه صنعتی شیراز
1399,ریاضی,9506,868,ایثارگر-5%,مهندسی شیمی,دانشگاه تهران
1399,ریاضی,9537,870,ایثارگر-5%,مهندسی عمران,دانشگاه علم و صنعت ایران - تهران
1399,ریاضی,9537,870,ایثارگر-5%,مهندسی نفت,دانشگاه تهران
1399,ریاضی,9537,924,منطقه 3,مهندسی عمران,دانشگاه شیراز
1399,ریاضی,9537,924,منطقه 3,مهندسی مواد و متالورژی,دانشگاه صنعتی شریف - تهران
1399,ریاضی,9548,926,منطقه 3,آموزش فیزیک - بومی خراسان رضوی,پردیس شهید هاشمی نژاد - مشهد
1399,ریاضی,9584,876,ایثارگر-5%,مهندسی معماری,دانشگاه قم
1399,ریاضی,9598,930,منطقه 3,آموزش ریاضی - بومی خراسان رضوی,پردیس شهید بهشتی - مشهد
1399,ریاضی,9598,930,منطقه 3,مهندسی عمران - بومی کرمانشاه,دانشگاه تربیت دبیر شهید رجایی_تهران
1399,ریاضی,9606,878,ایثارگر-5%,مهندسی انرژی,دانشگاه صنعتی امیرکبیر - تهران
1399,ریاضی,9622,933,منطقه 3,مهندسی مکانیک - بومی خوزستان,دانشگاه تربیت دبیر شهید رجایی_تهران
1399,ریاضی,9633,881,ایثارگر-5%,مهندسی کامپیوتر,دانشگاه اصفهان
1399,ریاضی,9633,934,منطقه 3,مهندسی عمران - بومی آذربایجان غربی,دانشگاه تربیت دبیر شهید رجایی_تهران
1399,ریاضی,9641,936,منطقه 3,مهندسی عمران - بومی استان تهران,دانشگاه تربیت دبیر شهید رجایی_تهران
1399,ریاضی,9664,885,ایثارگر-5%,آموزش فیزیک - بومی خوزستان,پردیس نسیبه - تهران
1399,ریاضی,9664,885,ایثارگر-5%,مهندسی معماری - محل تحصیل تهران,دانشگاه خوارزمی تهران
1399,ریاضی,9683,943,منطقه 3,فیزیک,دانشگاه شیراز
1399,ریاضی,9692,945,منطقه 3,مهندسی تعمیر و نگهداری هواپیما,مرکز آموزش عالی هوانوردی و فرودگاهی کشور
1399,ریاضی,9722,950,منطقه 3,علوم کامپیوتر,دانشگاه خوارزمی - تهران (محل تحصیل کرج)
1399,ریاضی,9732,892,ایثارگر-5%,آموزش ابتدایی - بومی آذربایجان شرقی,پردیس فاطمه الزهرا (س) - تبریز
1399,ریاضی,9753,893,ایثارگر-5%,مهندسی مکانیک,دانشگاه شیراز
1399,ریاضی,9753,956,منطقه 3,مهندسی نقشه برداری,دانشگاه تهران
1399,ریاضی,9778,958,منطقه 3,آموزش ریاضی - بومی آذربایجان غربی,پردیس فاطمه الزهرا (س) - تبریز
1399,ریاضی,9791,898,ایثارگر-5%,ریاضیات و کاربردها,دانشگاه تهران
1399,ریاضی,9791,960,منطقه 3,آموزش ریاضی - بومی گلستان,پردیس دکتر شریعتی - ساری
1399,ریاضی,9838,905,ایثارگر-5%,مهندسی برق,دانشگاه صنعتی خواجه نصیرالدین طوسی - تهران
1399,ریاضی,9838,905,ایثارگر-5%,مهندسی صنایع,دانشگاه خوارزمی - تهران (محل تحصیل کرج)
1399,ریاضی,9838,905,ایثارگر-5%,مهندسی کامپیوتر,دانشگاه تبریز
1399,ریاضی,9846,966,منطقه 3,آموزش ابتدایی - بومی مازندران,پردیس دکتر شریعتی - ساری
1399,ریاضی,9854,968,منطقه 3,آموزش فیزیک - بومی آذربایجان شرقی,پردیس شهید چمران - تهران
1399,ریاضی,9854,968,منطقه 3,مهندسی شیمی,دانشگاه صنعتی اصفهان
1399,ریاضی,9854,968,منطقه 3,مهندسی کامپیوتر,دانشگاه کاشان
1399,ریاضی,9865,971,منطقه 3,آموزش تربیت بدنی - بومی کرمانشاه,پردیس علامه طباطبایی - ارومیه
1399,ریاضی,9874,910,ایثارگر-5%,مهندسی معماری,دانشگاه تبریز
1399,ریاضی,9894,978,منطقه 3,آموزش ریاضی - بومی آذربایجان غربی,پردیس شهید مدرس - سنندج
1399,ریاضی,9905,912,ایثارگر-5%,مهندسی برق,دانشگاه شهید بهشتی - تهران
1399,ریاضی,9912,981,منطقه 3,علوم کامپیوتر,دانشگاه خوارزمی - تهران (محل تحصیل کرج)
1399,ریاضی,9933,985,منطقه 3,مهندسی مکانیک - بومی استان تهران,دانشگاه تربیت دبیر شهید رجایی_تهران
1399,ریاضی,9953,988,منطقه 3,مهندسی برق,دانشگاه فردوسی - مشهد
1399,ریاضی,9962,918,ایثارگر-5%,آموزش تربیت بدنی - بومی فارس,پردیس بنت الهدی صدر - بوشهر
1399,ریاضی,9983,994,منطقه 3,آموزش ابتدایی - بومی آذربایجان شرقی,پردیس فاطمه الزهرا (س) - تبریز
1399,ریاضی,9990,920,ایثارگر-5%,مهندسی برق,دانشگاه صنعتی خواجه نصیرالدین طوسی - تهران
1399,ریاضی,9990,996,منطقه 3,مهندسی کامپیوتر,دانشگاه سمنان
1399,ریاضی,10017,999,منطقه 3,آموزش فیزیک - بومی استان تهران,پردیس شهید چمران - تهران
1399,ریاضی,10049,927,ایثارگر-5%,مهندسی کامپیوتر,دانشگاه صنعتی امیرکبیر - تهران - پردیس خودگردان
1399,ریاضی,10060,928,ایثارگر-5%,علوم کامپیوتر,دانشگاه خوارزمی - تهران (محل تحصیل کرج)
1399,ریاضی,10091,929,ایثارگر-5%,علوم کامپیوتر,دانشگاه صنعتی شریف تهران پردیس خودگردان
1399,ریاضی,10211,939,ایثارگر-5%,مهندسی شیمی,دانشگاه صنعتی امیرکبیر - تهران
1399,ریاضی,10236,942,ایثارگر-5%,مهندسی کامپیوتر,دانشگاه گیلان - رشت
1399,ریاضی,10246,944,ایثارگر-5%,آموزش فیزیک - بومی استان همدان,پردیس شهید چمران - تهران
1399,ریاضی,10289,947,ایثارگر-5%,مهندسی مواد و متالورژی,دانشگاه تهران
1399,ریاضی,10289,947,ایثارگر-5%,مهندسی کامپیوتر,دانشگاه تبریز
1399,ریاضی,10311,949,ایثارگر-5%,مهندسی کامپیوتر,دانشگاه اصفهان
1399,ریاضی,10324,950,ایثارگر-5%,مهندسی معماری,دانشگاه فردوسی - مشهد
1399,ریاضی,10340,952,ایثارگر-5%,مهندسی کامپیوتر,دانشگاه صنعتی شیراز
1399,ریاضی,10346,953,ایثارگر-5%,مهندسی مواد و متالورژی - بومی استان زنجان,دانشگاه تربیت دبیر شهید رجایی_تهران
1399,ریاضی,10356,955,ایثارگر-5%,مهندسی مواد و متالورژی,دانشگاه تهران
1399,ریاضی,10382,959,ایثارگر-5%,آموزش ریاضی - بومی خراسان رضوی,پردیس شهید بهشتی - مشهد
1399,ریاضی,10532,967,ایثارگر-5%,مهندسی برق,دانشگاه صنعتی اصفهان
1399,ریاضی,10557,970,ایثارگر-5%,آموزش ابتدایی - بومی خراسان رضوی,پردیس شهید بهشتی - مشهد
1399,ریاضی,10574,972,ایثارگر-5%,مهندسی برق,دانشگاه تبریز
1399,ریاضی,10619,979,ایثارگر-5%,مهندسی مکانیک,دانشگاه فردوسی - مشهد
1399,ریاضی,10665,983,ایثارگر-5%,مهندسی برق,دانشگاه صنعتی اصفهان
1399,ریاضی,10673,984,ایثارگر-5%,مهندسی کامپیوتر,دانشگاه تبریز
1399,ریاضی,10842,991,ایثارگر-5%,مهندسی مکانیک,دانشگاه گیلان - رشت
1399,ریاضی,10863,993,ایثارگر-5%,مهندسی مکانیک,دانشگاه علم و صنعت ایران - تهران
1399,انسانی,2,2,منطقه 2,کارشناسی ارشد پیوسته علوم قضایی,دانشگاه علوم قضایی و خدمات ادارای دادگستری
1399,انسانی,4,4,منطقه 2,کارشناسی ارشد پیوسته علوم قضایی,دانشگاه علوم قضایی و خدمات ادارای دادگستری
1399,انسانی,6,5,منطقه 2,حقوق,دانشگاه تهران
1399,انسانی,7,1,منطقه 3,آموزش راهنمایی ومشاوره - بومی استان اصفهان,پردیس شهید باهنر - اصفهان
1399,انسانی,9,6,منطقه 2,حقوق,دانشگاه تهران
1399,انسانی,11,7,منطقه 2,آموزش الهیات - بومی مازندران,پردیس فاطمه الزهرا(س) ساری
1399,انسانی,13,4,منطقه 1,حقوق,دانشگاه تهران
1399,انسانی,14,3,منطقه 3,آموزش زبان و ادبیات فارسی - بومی خراسان رضوی,پردیس شهید هاشمی نژاد - مشهد
1399,انسانی,16,8,منطقه 2,حقوق,دانشگاه تهران
1399,انسانی,17,6,منطقه 1,مدیریت بازرگانی,دانشگاه تهران
1399,انسانی,18,7,منطقه 1,حقوق,دانشگاه تهران
1399,انسانی,22,1,ایثارگر-25%,حقوق,دانشگاه تهران
1399,انسانی,24,10,منطقه 2,کارشناسی ارشد پیوسته علوم قضایی,دانشگاه علوم قضایی و خدمات ادارای دادگستری
1399,انسانی,29,14,منطقه 1,حقوق,دانشگاه تهران
1399,انسانی,31,13,منطقه 2,آموزش زبان و ادبیات فارسی - بومی استان همدان,پردیس شهید باهنر - همدان
1399,انسانی,35,15,منطقه 2,آموزش راهنمایی ومشاوره - بومی خراسان جنوبی,پردیس امام سجاد - بیرجند
1399,انسانی,37,19,منطقه 1,حقوق,دانشگاه شهید بهشتی - تهران
1399,انسانی,39,21,منطقه 1,روانشناسی,دانشگاه فردوسی - مشهد
1399,انسانی,42,16,منطقه 2,حقوق,دانشگاه تهران
1399,انسانی,43,17,منطقه 2,علوم قضایی,دانشگاه علوم قضایی و خدمات ادارای دادگستری
1399,انسانی,46,25,منطقه 1,حقوق,دانشگاه تهران
1399,انسانی,48,27,منطقه 1,کارشناسی ارشد پیوسته علوم قضایی,دانشگاه علوم قضایی و خدمات ادارای دادگستری
1399,انسانی,49,3,ایثارگر-25%,کارشناسی ارشد پیوسته علوم قضایی,دانشگاه علوم قضایی و خدمات ادارای دادگستری
1399,انسانی,49,28,منطقه 1,حقوق,دانشگاه تهران
1399,انسانی,51,29,منطقه 1,آموزش راهنمایی ومشاوره - بومی آذربایجان شرقی,پردیس فاطمه الزهرا (س) - تبریز
1399,انسانی,58,4,منطقه 3,علوم قضایی,دانشگاه علوم قضایی و خدمات ادارای دادگستری
1399,انسانی,60,4,ایثارگر-5%,آموزش راهنمایی ومشاوره - بومی مازندران,پردیس فاطمه الزهرا(س) ساری
1399,انسانی,62,37,منطقه 1,حقوق,دانشگاه تهران
1399,انسانی,65,40,منطقه 1,روانشناسی,دانشگاه تهران
1399,انسانی,68,43,منطقه 1,مدیریت مالی,دانشگاه تهران
1399,انسانی,70,45,منطقه 1,حقوق,دانشگاه تهران
1399,انسانی,77,49,منطقه 1,حقوق,دانشگاه تهران
1399,انسانی,81,53,منطقه 1,کارشناسی ارشد پیوسته علوم قضایی,دانشگاه علوم قضایی و خدمات ادارای دادگستری
1399,انسانی,83,54,منطقه 1,آموزش راهنمایی ومشاوره - بومی خراسان رضوی,پردیس شهید هاشمی نژاد - مشهد
1399,انسانی,86,26,منطقه 2,آموزش الهیات - بومی استان یزد,پردیس فاطمه الزهرا (س) - یزد
1399,انسانی,90,59,منطقه 1,روانشناسی,دانشگاه شهید بهشتی - تهران
1399,انسانی,92,27,منطقه 2,حقوق,دانشگاه تهران
1399,انسانی,95,28,منطقه 2,آموزش راهنمایی ومشاوره - بومی استان یزد,پردیس شهید پاک نژاد - یزد
1399,انسانی,96,63,منطقه 1,حقوق,دانشگاه تهران
1399,انسانی,97,64,منطقه 1,حقوق,دانشگاه تهران
1399,انسانی,106,30,منطقه 2,کارشناسی ارشد پیوسته علوم قضایی,دانشگاه علوم قضایی و خدمات ادارای دادگستری
1399,انسانی,106,69,منطقه 1,روانشناسی,دانشگاه شهید بهشتی - تهران
1399,انسانی,110,8,منطقه 3,حقوق,دانشگاه تهران
1399,انسانی,112,31,منطقه 2,حقوق,دانشگاه شهید بهشتی - تهران
1399,انسانی,117,77,منطقه 1,حقوق,دانشگاه تهران
1399,انسانی,118,78,منطقه 1,حقوق,دانشگاه شهید بهشتی - تهران
1399,انسانی,119,79,منطقه 1,اقتصاد,دانشگاه تهران
1399,انسانی,121,10,منطقه 3,آموزش زبان انگلیسی - بومی خراسان رضوی,پردیس شهید هاشمی نژاد - مشهد
1399,انسانی,127,11,منطقه 3,حقوق,دانشگاه تهران
1399,انسانی,130,84,منطقه 1,روانشناسی,دانشگاه شهید بهشتی - تهران
1399,انسانی,137,88,منطقه 1,کارشناسی ارشد پیوسته علوم قضایی,دانشگاه علوم قضایی و خدمات ادارای دادگستری
1399,انسانی,139,38,منطقه 2,روانشناسی,دانشگاه شهید بهشتی - تهران
1399,انسانی,140,13,منطقه 3,آموزش زبان و ادبیات فارسی - بومی خراسان شمالی,پردیس فاطمه الزهرا(س) ساری
1399,انسانی,140,90,منطقه 1,حقوق,دانشگاه شهید بهشتی - تهران
1399,انسانی,142,39,منطقه 2,حقوق,دانشگاه تهران
1399,انسانی,144,92,منطقه 1,حقوق,دانشگاه تهران
1399,انسانی,145,40,منطقه 2,حقوق,دانشگاه شهید بهشتی - تهران
1399,انسانی,147,15,منطقه 3,حقوق,دانشگاه تهران
1399,انسانی,149,42,منطقه 2,حقوق,دانشگاه تهران
1399,انسانی,152,16,منطقه 3,حقوق,دانشگاه تهران
1399,انسانی,153,7,ایثارگر-5%,کارشناسی ارشد پیوسته علوم قضایی,دانشگاه علوم قضایی و خدمات ادارای دادگستری
1399,انسانی,154,95,منطقه 1,حقوق,دانشگاه شهید بهشتی - تهران
1399,انسانی,155,44,منطقه 2,آموزش راهنمایی ومشاوره - بومی مازندران,پردیس فاطمه الزهرا(س) ساری
1399,انسانی,159,45,منطقه 2,اقتصاد,دانشگاه تهران
1399,انسانی,160,17,منطقه 3,حقوق,دانشگاه تهران
1399,انسانی,161,46,منطقه 2,حقوق,دانشگاه تهران
1399,انسانی,163,47,منطقه 2,حقوق,دانشگاه تهران
1399,انسانی,164,48,منطقه 2,آموزش جغرافیا - بومی مازندران,پردیس نسیبه - تهران
1399,انسانی,164,100,منطقه 1,حقوق,دانشگاه تهران
1399,انسانی,166,18,منطقه 3,آموزش زبان و ادبیات فارسی - بومی مازندران,پردیس فاطمه الزهرا(س) ساری
1399,انسانی,168,49,منطقه 2,آموزش زبان و ادبیات فارسی - بومی استان قم,پردیس نسیبه - تهران
1399,انسانی,171,50,منطقه 2,حقوق,دانشگاه تهران
1399,انسانی,172,103,منطقه 1,حقوق,دانشگاه شهید بهشتی - تهران
1399,انسانی,173,51,منطقه 2,روانشناسی,دانشگاه شهید بهشتی - تهران
1399,انسانی,174,104,منطقه 1,حقوق,دانشگاه شهید بهشتی - تهران
1399,انسانی,175,105,منطقه 1,روانشناسی,دانشگاه شهید بهشتی - تهران
1399,انسانی,177,52,منطقه 2,روانشناسی,دانشگاه شهید بهشتی - تهران
1399,انسانی,183,53,منطقه 2,حقوق,دانشگاه شهید بهشتی - تهران
1399,انسانی,185,21,منطقه 3,علوم قضایی,دانشگاه علوم قضایی و خدمات ادارای دادگستری
1399,انسانی,196,55,منطقه 2,مدیریت مالی,دانشگاه تهران
1399,انسانی,198,56,منطقه 2,حقوق,دانشگاه شهید بهشتی - تهران
1399,انسانی,202,57,منطقه 2,آموزش الهیات - بومی خراسان رضوی,پردیس شهید هاشمی نژاد - مشهد
1399,انسانی,203,23,منطقه 3,حقوق,دانشگاه شهید بهشتی - تهران
1399,انسانی,204,124,منطقه 1,روانشناسی,دانشگاه شیراز
1399,انسانی,207,11,ایثارگر-5%,زبان و ادبیات فارسی,دانشگاه تهران
1399,انسانی,208,59,منطقه 2,روانشناسی,دانشگاه شهید بهشتی - تهران
1399,انسانی,215,25,منطقه 3,کارشناسی ارشد پیوسته علوم قضایی,دانشگاه علوم قضایی و خدمات ادارای دادگستری
1399,انسانی,217,130,منطقه 1,حقوق,دانشگاه شهید بهشتی - تهران
1399,انسانی,218,131,منطقه 1,حقوق,دانشگاه شهید بهشتی - تهران
1399,انسانی,219,132,منطقه 1,کارشناسی ارشد پیوسته علوم قضایی,دانشگاه علوم قضایی و خدمات ادارای دادگستری
1399,انسانی,220,63,منطقه 2,آموزش زبان و ادبیات فارسی - بومی کردستان,پردیس شهید باهنر - همدان
1399,انسانی,222,26,منطقه 3,آموزش ابتدایی - بومی خراسان جنوبی,پردیس امام سجادبیرجند بنت الهدی صدرفردوس
1399,انسانی,223,27,منطقه 3,آموزش زبان و ادبیات فارسی - بومی گلستان,پردیس امام محمد باقر - بجنورد
1399,انسانی,225,28,منطقه 3,آموزش زبان و ادبیات فارسی - بومی خراسان رضوی,پردیس شهید هاشمی نژاد - مشهد
1399,انسانی,225,134,منطقه 1,روانشناسی,دانشگاه الزهرا(س) - تهران
1399,انسانی,227,29,منطقه 3,آموزش زبان عربی - بومی خراسان جنوبی,پردیس شهید بهشتی - مشهد
1399,انسانی,228,135,منطقه 1,آموزش زبان عربی - بومی خراسان رضوی,پردیس شهید بهشتی - مشهد
1399,انسانی,229,65,منطقه 2,روانشناسی,دانشگاه شهید بهشتی - تهران
1399,انسانی,230,66,منطقه 2,حقوق,دانشگاه تهران
1399,انسانی,234,138,منطقه 1,علوم سیاسی,دانشگاه تهران
1399,انسانی,235,68,منطقه 2,حقوق,دانشگاه شهید بهشتی - تهران
1399,انسانی,238,70,منطقه 2,حقوق,دانشگاه شهید بهشتی - تهران
1399,انسانی,242,72,منطقه 2,فلسفه,دانشگاه تهران
1399,انسانی,242,72,منطقه 2,مدیریت مالی,دانشگاه تهران
1399,انسانی,245,74,منطقه 2,حقوق,دانشگاه شهید بهشتی - تهران
1399,انسانی,249,76,منطقه 2,کارشناسی ارشد پیوسته علوم قضایی,دانشگاه علوم قضایی و خدمات ادارای دادگستری
1399,انسانی,251,31,منطقه 3,کارشناسی ارشد پیوسته علوم قضایی,دانشگاه علوم قضایی و خدمات ادارای دادگستری
1399,انسانی,256,32,منطقه 3,روانشناسی,دانشگاه تهران
1399,انسانی,258,33,منطقه 3,حقوق,دانشگاه شهید بهشتی - تهران
1399,انسانی,263,34,منطقه 3,حقوق,دانشگاه شهید بهشتی - تهران
1399,انسانی,267,80,منطقه 2,حقوق,دانشگاه شهید بهشتی - تهران
1399,انسانی,267,153,منطقه 1,حقوق,دانشگاه شهید بهشتی - تهران
1399,انسانی,269,81,منطقه 2,علوم قضایی,دانشگاه علوم قضایی و خدمات ادارای دادگستری
1399,انسانی,272,155,منطقه 1,حقوق,دانشگاه شهید بهشتی - تهران
1399,انسانی,276,84,منطقه 2,حقوق,دانشگاه شهید بهشتی - تهران
1399,انسانی,278,86,منطقه 2,کارشناسی ارشد پیوسته علوم قضایی,دانشگاه علوم قضایی و خدمات ادارای دادگستری
1399,انسانی,280,14,ایثارگر-5%,حقوق,دانشگاه تهران
1399,انسانی,281,88,منطقه 2,حقوق,دانشگاه شهید بهشتی - تهران
1399,انسانی,288,163,منطقه 1,علوم قضایی,دانشگاه علوم قضایی و خدمات ادارای دادگستری
1399,انسانی,292,165,منطقه 1,مشاوره,دانشگاه تهران
1399,انسانی,293,38,منطقه 3,آموزش علوم اجتماعی - بومی لرستان,پردیس شهید صدوقی - کرمانشاه
1399,انسانی,294,39,منطقه 3,آموزش زبان و ادبیات فارسی - بومی کردستان,پردیس شهید باهنر - همدان
1399,انسانی,296,167,منطقه 1,آموزش راهنمایی ومشاوره - بومی خراسان رضوی,پردیس شهید هاشمی نژاد - مشهد
1399,انسانی,299,40,منطقه 3,آموزش راهنمایی ومشاوره - بومی آذربایجان شرقی,پردیس فاطمه الزهرا (س) - تبریز
1399,انسانی,300,41,منطقه 3,آموزش الهیات - بومی خراسان جنوبی,پردیس شهید بهشتی - مشهد
1399,انسانی,301,42,منطقه 3,آموزش علوم اجتماعی - بومی خراسان جنوبی,پردیس شهید بهشتی - مشهد
1399,انسانی,305,43,منطقه 3,آموزش ابتدایی - بومی خراسان جنوبی,پردیس امام سجادبیرجند بنت الهدی صدرفردوس
1399,انسانی,306,92,منطقه 2,حقوق,دانشگاه شهید بهشتی - تهران
1399,انسانی,306,92,منطقه 2,کارشناسی ارشد پیوسته علوم قضایی,دانشگاه علوم قضایی و خدمات ادارای دادگستری
1399,انسانی,308,16,ایثارگر-5%,آموزش زبان و ادبیات فارسی - بومی مرکزی,پردیس شهید مقصودی - همدان
1399,انسانی,310,96,منطقه 2,علوم قضایی,دانشگاه علوم قضایی و خدمات ادارای دادگستری
1399,انسانی,314,98,منطقه 2,روانشناسی,دانشگاه علامه طباطبایی - تهران
1399,انسانی,318,176,منطقه 1,حقوق,دانشگاه علامه طباطبایی - تهران
1399,انسانی,323,179,منطقه 1,حقوق,دانشگاه علامه طباطبایی - تهران
1399,انسانی,324,180,منطقه 1,حقوق,دانشگاه علامه طباطبایی - تهران
1399,انسانی,326,101,منطقه 2,آموزش تاریخ - بومی مازندران,پردیس نسیبه - تهران
1399,انسانی,330,104,منطقه 2,حقوق,دانشگاه شهید بهشتی - تهران
1399,انسانی,338,188,منطقه 1,آموزش ابتدایی - بومی استان اصفهان,پردیس فاطمه الزهرا (س) - اصفهان
1399,انسانی,340,105,منطقه 2,حقوق,دانشگاه شهید بهشتی - تهران
1399,انسانی,346,107,منطقه 2,حقوق,دانشگاه شهید بهشتی - تهران
1399,انسانی,352,47,منطقه 3,آموزش راهنمایی ومشاوره - بومی استان یزد,پردیس فاطمه الزهرا (س) - اصفهان
1399,انسانی,352,109,منطقه 2,آموزش راهنمایی ومشاوره - بومی مازندران,پردیس فاطمه الزهرا(س) ساری
1399,انسانی,352,197,منطقه 1,روانشناسی,دانشگاه فردوسی - مشهد
1399,انسانی,355,19,ایثارگر-5%,آموزش ابتدایی - بومی خراسان جنوبی,پردیس شهید باهنر - بیرجند
1399,انسانی,356,110,منطقه 2,آموزش ابتدایی - بومی مازندران,پردیس فاطمه الزهرا(س) ساری
1399,انسانی,358,111,منطقه 2,حقوق,دانشگاه علامه طباطبایی - تهران
1399,انسانی,360,113,منطقه 2,آموزش زبان و ادبیات فارسی - بومی گلستان,پردیس فاطمه الزهرا(س) ساری
1399,انسانی,361,50,منطقه 3,آموزش تاریخ - بومی مازندران,پردیس نسیبه - تهران
1399,انسانی,364,114,منطقه 2,روانشناسی,دانشگاه کاشان
1399,انسانی,368,202,منطقه 1,حقوق,دانشگاه خوارزمی تهران
1399,انسانی,370,53,منطقه 3,آموزش راهنمایی ومشاوره - بومی خراسان جنوبی,پردیس شهید باهنر - بیرجند
1399,انسانی,372,116,منطقه 2,مشاوره,دانشگاه تهران
1399,انسانی,376,117,منطقه 2,حقوق,دانشگاه علامه طباطبایی - تهران
1399,انسانی,378,118,منطقه 2,حقوق,دانشگاه شهید بهشتی - تهران
1399,انسانی,379,55,منطقه 3,کارشناسی ارشد پیوسته علوم قضایی,دانشگاه علوم قضایی و خدمات ادارای دادگستری
1399,انسانی,379,119,منطقه 2,حقوق,دانشگاه فردوسی - مشهد
1399,انسانی,381,120,منطقه 2,آموزش ابتدایی - بومی مازندران,پردیس فاطمه الزهرا(س) ساری
1399,انسانی,384,122,منطقه 2,حقوق,دانشگاه علامه طباطبایی - تهران
1399,انسانی,386,123,منطقه 2,روانشناسی,دانشگاه علامه طباطبایی - تهران
1399,انسانی,387,124,منطقه 2,مدیریت بازرگانی,دانشگاه تهران
1399,انسانی,389,56,منطقه 3,روانشناسی,دانشگاه فردوسی - مشهد
1399,انسانی,389,125,منطقه 2,حقوق,دانشگاه علامه طباطبایی - تهران
1399,انسانی,391,126,منطقه 2,آموزش علوم اجتماعی - بومی مازندران,پردیس بنت الهدی صدر - رشت
1399,انسانی,393,211,منطقه 1,حقوق,دانشگاه علامه طباطبایی - تهران
1399,انسانی,395,213,منطقه 1,حقوق,دانشگاه اصفهان
1399,انسانی,401,21,ایثارگر-5%,حقوق,دانشگاه شهید بهشتی - تهران
1399,انسانی,402,128,منطقه 2,آموزش زبان عربی - بومی فارس,پردیس آیت اله طالقانی - قم
1399,انسانی,407,219,منطقه 1,حقوق,دانشگاه تبریز
1399,انسانی,408,130,منطقه 2,حقوق,دانشگاه تهران (محل تحصیل قم)
1399,انسانی,409,60,منطقه 3,کارشناسی ارشد پیوسته علوم قضایی,دانشگاه علوم قضایی و خدمات ادارای دادگستری
1399,انسانی,410,131,منطقه 2,آموزش زبان عربی - بومی کردستان,پردیس شهید رجایی - ارومیه
1399,انسانی,414,23,ایثارگر-5%,کارشناسی ارشد پیوسته علوم قضایی,دانشگاه علوم قضایی و خدمات ادارای دادگستری
1399,انسانی,417,223,منطقه 1,مدیریت مالی,دانشگاه شهید بهشتی - تهران
1399,انسانی,421,24,ایثارگر-5%,مشاوره,دانشگاه تهران
1399,انسانی,422,135,منطقه 2,حقوق,دانشگاه شهید بهشتی - تهران
1399,انسانی,424,227,منطقه 1,حقوق,دانشگاه علامه طباطبایی - تهران
1399,انسانی,426,228,منطقه 1,روانشناسی,دانشگاه فردوسی - مشهد
1399,انسانی,428,139,منطقه 2,کارشناسی ارشد پیوسته علوم قضایی,دانشگاه علوم قضایی و خدمات ادارای دادگستری
1399,انسانی,429,140,منطقه 2,علوم قضایی,دانشگاه علوم قضایی و خدمات ادارای دادگستری
1399,انسانی,430,141,منطقه 2,جامعه شناسی,دانشگاه تهران
1399,انسانی,436,144,منطقه 2,آموزش راهنمایی ومشاوره - بومی استان همدان,پردیس شهید مقصودی - همدان
1399,انسانی,440,63,منطقه 3,آموزش ابتدایی - بومی استان اصفهان,پردیس فاطمه الزهرا (س) - اصفهان
1399,انسانی,441,145,منطقه 2,روانشناسی,دانشگاه علوم بهزیستی و توانبخشی تهران
1399,انسانی,448,239,منطقه 1,مدیریت بازرگانی,دانشگاه شهید بهشتی - تهران
1399,انسانی,450,65,منطقه 3,آموزش الهیات - بومی استان کرمان,پردیس شهید پاک نژاد - یزد
1399,انسانی,451,147,منطقه 2,حقوق,دانشگاه شهید بهشتی - تهران
1399,انسانی,451,240,منطقه 1,حقوق,دانشگاه خوارزمی تهران
1399,انسانی,454,148,منطقه 2,علوم قضایی,دانشگاه علوم قضایی و خدمات ادارای دادگستری
1399,انسانی,459,152,منطقه 2,آموزش علوم اجتماعی - بومی استان همدان,پردیس شهید صدوقی - کرمانشاه
1399,انسانی,462,153,منطقه 2,مدیریت بازرگانی,دانشگاه تهران
1399,انسانی,463,66,منطقه 3,آموزش راهنمایی ومشاوره - بومی خراسان جنوبی,پردیس شهید باهنر - بیرجند
1399,انسانی,466,154,منطقه 2,علوم قضایی,دانشگاه علوم قضایی و خدمات ادارای دادگستری
1399,انسانی,469,28,ایثارگر-5%,حقوق,دانشگاه شهید بهشتی - تهران
1399,انسانی,470,157,منطقه 2,آموزش ابتدایی - بومی استان همدان,پردیس شهید باهنر - همدان
1399,انسانی,473,68,منطقه 3,آموزش راهنمایی ومشاوره - بومی چهارمحال وبختیاری,پردیس فاطمه الزهرا (س) - اصفهان
1399,انسانی,473,159,منطقه 2,آموزش راهنمایی ومشاوره - بومی استان سمنان,پردیس فاطمه الزهرا(س) ساری
1399,انسانی,473,159,منطقه 2,روانشناسی,دانشگاه علوم بهزیستی و توانبخشی تهران
1399,انسانی,475,69,منطقه 3,آموزش زبان عربی - بومی استان قزوین,پردیس شهید مفتح - شهرری
1399,انسانی,477,70,منطقه 3,آموزش راهنمایی ومشاوره - بومی کردستان,پردیس شهید مدرس - سنندج
1399,انسانی,479,71,منطقه 3,آموزش علوم اجتماعی - بومی استان کرمان,پردیس فاطمه الزهرا (س) - بندرعباس
1399,انسانی,479,162,منطقه 2,حسابداری,دانشگاه تهران
1399,انسانی,488,73,منطقه 3,روانشناسی,دانشگاه الزهرا(س) - تهران
1399,انسانی,488,73,منطقه 3,کارشناسی ارشد پیوسته علوم قضایی,دانشگاه علوم قضایی و خدمات ادارای دادگستری
1399,انسانی,491,30,ایثارگر-5%,مشاوره,دانشگاه شهید بهشتی - تهران
1399,انسانی,498,255,منطقه 1,حقوق,دانشگاه فردوسی - مشهد
1399,انسانی,499,31,ایثارگر-5%,روانشناسی,دانشگاه الزهرا(س) - تهران
1399,انسانی,499,168,منطقه 2,حقوق,دانشگاه خوارزمی تهران
1399,انسانی,503,170,منطقه 2,حقوق,دانشگاه قم
1399,انسانی,503,258,منطقه 1,آموزش راهنمایی ومشاوره - بومی خراسان رضوی,پردیس شهید بهشتی - مشهد
1399,انسانی,505,171,منطقه 2,آموزش راهنمایی ومشاوره - بومی استان همدان,پردیس شهید صدوقی - کرمانشاه
1399,انسانی,508,172,منطقه 2,آموزش ابتدایی - بومی خراسان رضوی,پردیس شهید هاشمی نژاد - مشهد
1399,انسانی,512,262,منطقه 1,زبان و ادبیات فارسی,دانشگاه شیراز
1399,انسانی,514,263,منطقه 1,جامعه شناسی,دانشگاه تهران
1399,انسانی,516,176,منطقه 2,علوم قضایی,دانشگاه علوم قضایی و خدمات ادارای دادگستری
1399,انسانی,517,265,منطقه 1,آموزش زبان و ادبیات فارسی - بومی آذربایجان شرقی,پردیس علامه طباطبایی - ارومیه
1399,انسانی,519,77,منطقه 3,روانشناسی,دانشگاه شهید بهشتی - تهران
1399,انسانی,519,177,منطقه 2,علوم قضایی,دانشگاه علوم قضایی و خدمات ادارای دادگستری
1399,انسانی,521,267,منطقه 1,آموزش زبان و ادبیات فارسی - بومی خراسان رضوی,پردیس شهید هاشمی نژاد - مشهد
1399,انسانی,522,78,منطقه 3,آموزش راهنمایی ومشاوره - بومی کردستان,پردیس شهید مدرس - سنندج
1399,انسانی,526,32,ایثارگر-5%,حقوق,دانشگاه علامه طباطبایی - تهران
1399,انسانی,526,269,منطقه 1,حقوق,دانشگاه تهران (محل تحصیل قم)
1399,انسانی,528,81,منطقه 3,حقوق,دانشگاه الزهرا(س) - تهران
1399,انسانی,528,270,منطقه 1,آموزش زبان و ادبیات فارسی - بومی خراسان رضوی,پردیس شهید هاشمی نژاد - مشهد
1399,انسانی,531,180,منطقه 2,آموزش راهنمایی ومشاوره - بومی خراسان رضوی,پردیس شهید بهشتی - مشهد
1399,انسانی,531,180,منطقه 2,آموزش زبان عربی - بومی استان اصفهان,پردیس آیت اله طالقانی - قم
1399,انسانی,531,180,منطقه 2,مدیریت مالی,دانشگاه تهران
1399,انسانی,535,272,منطقه 1,حقوق,دانشگاه تهران (محل تحصیل قم)
1399,انسانی,536,183,منطقه 2,حقوق,دانشگاه علامه طباطبایی - تهران
1399,انسانی,539,184,منطقه 2,حقوق,دانشگاه علامه طباطبایی - تهران
1399,انسانی,541,185,منطقه 2,آموزش ابتدایی - بومی استان همدان,پردیس شهید باهنر - همدان
1399,انسانی,543,187,منطقه 2,آموزش راهنمایی ومشاوره - بومی استان تهران,پردیس نسیبه - تهران
1399,انسانی,546,83,منطقه 3,کارشناسی ارشد پیوسته علوم قضایی,دانشگاه علوم قضایی و خدمات ادارای دادگستری
1399,انسانی,548,188,منطقه 2,آموزش ابتدایی - بومی مازندران,پردیس فاطمه الزهرا(س) ساری
1399,انسانی,551,189,منطقه 2,حقوق,دانشگاه یزد
1399,انسانی,555,191,منطقه 2,آموزش راهنمایی ومشاوره - بومی لرستان,پردیس فاطمه الزهرا (س) - اصفهان
1399,انسانی,555,281,منطقه 1,مدیریت بیمه اکو,دانشگاه علامه طباطبایی - تهران
1399,انسانی,562,192,منطقه 2,آموزش زبان و ادبیات فارسی - بومی استان اصفهان,پردیس شهید باهنر - شهرکرد
1399,انسانی,564,194,منطقه 2,روانشناسی,دانشگاه الزهرا(س) - تهران
1399,انسانی,567,85,منطقه 3,آموزش علوم اجتماعی - بومی استان کرمان,پردیس فاطمه الزهرا (س) - بندرعباس
1399,انسانی,571,196,منطقه 2,آموزش تربیت بدنی - بومی مازندران,پردیس نسیبه - تهران
1399,انسانی,572,87,منطقه 3,آموزش زبان و ادبیات فارسی - بومی خراسان رضوی,پردیس شهید بهشتی - مشهد
1399,انسانی,576,89,منطقه 3,کارشناسی ارشد پیوسته علوم قضایی,دانشگاه علوم قضایی و خدمات ادارای دادگستری
1399,انسانی,580,292,منطقه 1,روانشناسی,دانشگاه اصفهان
1399,انسانی,581,200,منطقه 2,حقوق,دانشگاه شیراز
1399,انسانی,581,293,منطقه 1,جامعه شناسی,دانشگاه تهران
1399,انسانی,583,201,منطقه 2,حقوق,دانشگاه اصفهان
1399,انسانی,586,203,منطقه 2,جامعه شناسی,دانشگاه تهران
1399,انسانی,588,204,منطقه 2,آموزش راهنمایی ومشاوره - بومی استان همدان,پردیس شهید مقصودی - همدان
1399,انسانی,589,205,منطقه 2,حقوق,دانشگاه مازندران - بابلسر
1399,انسانی,590,206,منطقه 2,حقوق,دانشگاه اصفهان
1399,انسانی,591,207,منطقه 2,حقوق,دانشگاه تهران (محل تحصیل قم)
1399,انسانی,593,208,منطقه 2,آموزش علوم اجتماعی - بومی خراسان جنوبی,پردیس شهید بهشتی - مشهد
1399,انسانی,595,35,ایثارگر-5%,حقوق,دانشگاه علامه طباطبایی - تهران
1399,انسانی,595,296,منطقه 1,حقوق,دانشگاه شیراز
1399,انسانی,599,36,ایثارگر-5%,آموزش راهنمایی ومشاوره - بومی آذربایجان شرقی,پردیس علامه امینی - تبریز
1399,انسانی,603,93,منطقه 3,حقوق,دانشگاه شهید بهشتی - تهران
1399,انسانی,603,212,منطقه 2,روانشناسی,دانشگاه خوارزمی - تهران (محل تحصیل کرج)
1399,انسانی,606,215,منطقه 2,حسابداری,دانشگاه تهران
1399,انسانی,607,216,منطقه 2,روانشناسی,دانشگاه اصفهان
1399,انسانی,608,299,منطقه 1,آموزش راهنمایی ومشاوره - بومی استان تهران,پردیس نسیبه - تهران
1399,انسانی,609,300,منطقه 1,حقوق,دانشگاه شیراز
1399,انسانی,613,217,منطقه 2,حقوق,دانشگاه علامه طباطبایی - تهران
1399,انسانی,616,305,منطقه 1,حقوق,دانشگاه الزهرا(س) - تهران
1399,انسانی,618,219,منطقه 2,آموزش زبان عربی - بومی کردستان,پردیس حضرت معصومه - قم
1399,انسانی,620,94,منطقه 3,آموزش ابتدایی - بومی خراسان جنوبی,پردیس امام سجادبیرجند بنت الهدی صدرفردوس
1399,انسانی,620,94,منطقه 3,آموزش راهنمایی ومشاوره - بومی آذربایجان شرقی,پردیس فاطمه الزهرا (س) - تبریز
1399,انسانی,626,311,منطقه 1,حقوق,دانشگاه تبریز
1399,انسانی,627,37,ایثارگر-5%,کارشناسی ارشد پیوسته علوم قضایی,دانشگاه علوم قضایی و خدمات ادارای دادگستری
1399,انسانی,627,221,منطقه 2,آموزش راهنمایی ومشاوره - بومی استان سمنان,پردیس فاطمه الزهرا(س) ساری
1399,انسانی,629,222,منطقه 2,حقوق,دانشگاه تهران (محل تحصیل قم)
1399,انسانی,632,224,منطقه 2,آموزش زبان عربی - بومی مرکزی,پردیس حضرت معصومه - قم
1399,انسانی,632,312,منطقه 1,مدیریت بازرگانی,دانشگاه فردوسی - مشهد
1399,انسانی,635,97,منطقه 3,آموزش زبان و ادبیات فارسی - بومی خراسان رضوی,پردیس شهید بهشتی - مشهد
1399,انسانی,635,97,منطقه 3,کارشناسی ارشد پیوسته علوم قضایی,دانشگاه علوم قضایی و خدمات ادارای دادگستری
1399,انسانی,637,226,منطقه 2,آموزش زبان عربی - بومی استان اصفهان,پردیس آیت اله طالقانی - قم
1399,انسانی,640,39,ایثارگر-5%,روانشناسی,دانشگاه شیراز
1399,انسانی,643,227,منطقه 2,آموزش راهنمایی ومشاوره - بومی خراسان جنوبی,پردیس شهید باهنر - بیرجند
1399,انسانی,647,229,منطقه 2,آموزش زبان و ادبیات فارسی - بومی مازندران,پردیس فاطمه الزهرا(س) ساری
1399,انسانی,649,230,منطقه 2,روانشناسی,دانشگاه الزهرا(س) - تهران
1399,انسانی,651,231,منطقه 2,آموزش راهنمایی ومشاوره - بومی مازندران,پردیس امام خمینی - گرگان
1399,انسانی,653,101,منطقه 3,آموزش علوم اجتماعی - بومی خراسان رضوی,پردیس شهید بهشتی - مشهد
1399,انسانی,654,233,منطقه 2,آموزش راهنمایی ومشاوره - بومی مازندران,پردیس دکتر شریعتی - ساری
1399,انسانی,655,234,منطقه 2,آموزش زبان عربی - بومی لرستان,پردیس آیت اله طالقانی - قم
1399,انسانی,659,237,منطقه 2,حقوق,دانشگاه اصفهان
1399,انسانی,664,241,منطقه 2,آموزش ابتدایی - بومی استان همدان,پردیس شهید باهنر - همدان
1399,انسانی,666,323,منطقه 1,آموزش زبان عربی - بومی استان تهران,پردیس نسیبه - تهران
1399,انسانی,672,43,ایثارگر-5%,حقوق,دانشگاه الزهرا(س) - تهران
1399,انسانی,672,103,منطقه 3,آموزش ابتدایی - بومی استان ایلام,پردیس شهید مدرس - ایلام
1399,انسانی,672,245,منطقه 2,آموزش زبان و ادبیات فارسی - بومی آذربایجان شرقی,پردیس شهید رجایی - ارومیه
1399,انسانی,676,104,منطقه 3,آموزش جغرافیا - بومی خراسان جنوبی,پردیس نسیبه - تهران
1399,انسانی,677,248,منطقه 2,آموزش راهنمایی ومشاوره - بومی استان قزوین,پردیس شهید رجایی - قزوین
1399,انسانی,679,327,منطقه 1,اقتصاد,دانشگاه تهران
1399,انسانی,680,249,منطقه 2,فقه و مبانی حقوق اسلامی,دانشگاه تهران
1399,انسانی,683,250,منطقه 2,آموزش ابتدایی - بومی استان کرمانشاه,پردیس شهید صدوقی - کرمانشاه
1399,انسانی,683,250,منطقه 2,مدیریت مالی,دانشگاه شهید بهشتی - تهران
1399,انسانی,685,329,منطقه 1,آموزش راهنمایی ومشاوره - بومی استان تهران,پردیس نسیبه - تهران
1399,انسانی,687,106,منطقه 3,کارشناسی ارشد پیوسته علوم قضایی,دانشگاه علوم قضایی و خدمات ادارای دادگستری
1399,انسانی,692,333,منطقه 1,حقوق,دانشگاه شاهد - تهران
1399,انسانی,702,337,منطقه 1,حقوق,دانشگاه تهران (محل تحصیل قم)
1399,انسانی,704,258,منطقه 2,حقوق,دانشگاه تهران (محل تحصیل قم)
1399,انسانی,709,110,منطقه 3,آموزش زبان و ادبیات فارسی - بومی خراسان شمالی,پردیس فاطمه الزهرا(س) ساری
1399,انسانی,709,340,منطقه 1,حقوق,دانشگاه شیراز
1399,انسانی,711,341,منطقه 1,روانشناسی,دانشگاه شیراز
1399,انسانی,713,261,منطقه 2,حقوق,دانشگاه خوارزمی تهران
1399,انسانی,714,262,منطقه 2,اقتصاد,دانشگاه تهران
1399,انسانی,719,265,منطقه 2,آموزش ابتدایی - بومی خراسان رضوی,پردیس شهید بهشتی - مشهد
1399,انسانی,722,267,منطقه 2,فقه و مبانی حقوق اسلامی,دانشگاه تهران
1399,انسانی,724,268,منطقه 2,مدیریت بازرگانی,دانشگاه شهید بهشتی - تهران
1399,انسانی,726,112,منطقه 3,حقوق,دانشگاه شاهد - تهران
1399,انسانی,729,46,ایثارگر-5%,آموزش ابتدایی - بومی استان سمنان,پردیس فاطمه الزهرا (س) - سمنان
1399,انسانی,729,46,ایثارگر-5%,زبان و ادبیات فارسی,دانشگاه تهران
1399,انسانی,732,113,منطقه 3,آموزش زبان و ادبیات فارسی - بومی چهارمحال وبختیاری,پردیس شهید باهنر - شهرکرد
1399,انسانی,732,273,منطقه 2,آموزش راهنمایی ومشاوره - بومی فارس,پردیس شهید رجایی - شیراز
1399,انسانی,737,349,منطقه 1,حقوق,دانشگاه فردوسی - مشهد
1399,انسانی,742,114,منطقه 3,حقوق,دانشگاه فردوسی - مشهد
1399,انسانی,742,354,منطقه 1,آموزش راهنمایی ومشاوره - بومی آذربایجان شرقی,پردیس فاطمه الزهرا (س) - تبریز
1399,انسانی,744,276,منطقه 2,مدیریت بازرگانی,دانشگاه تهران
1399,انسانی,746,356,منطقه 1,حقوق,دانشگاه تهران (محل تحصیل قم)
1399,انسانی,747,277,منطقه 2,آموزش راهنمایی ومشاوره - بومی خراسان جنوبی,پردیس شهید باهنر - بیرجند
1399,انسانی,751,358,منطقه 1,حقوق,دانشگاه فردوسی - مشهد
1399,انسانی,754,281,منطقه 2,آموزش زبان و ادبیات فارسی - بومی مرکزی,پردیس شهید باهنر - همدان
1399,انسانی,754,281,منطقه 2,حقوق,دانشگاه علامه طباطبایی - تهران
1399,انسانی,766,116,منطقه 3,آموزش راهنمایی ومشاوره - بومی فارس,پردیس شهید باهنر - شیراز
1399,انسانی,769,368,منطقه 1,حقوق,دانشگاه تبریز
1399,انسانی,770,369,منطقه 1,مدیریت مالی,دانشگاه خوارزمی تهران
1399,انسانی,772,371,منطقه 1,حقوق,دانشگاه تهران (محل تحصیل قم)
1399,انسانی,773,117,منطقه 3,حقوق,دانشگاه شهید بهشتی - تهران
1399,انسانی,777,118,منطقه 3,آموزش ابتدایی - بومی چهارمحال وبختیاری,پردیس شهید باهنر - شهرکرد
1399,انسانی,777,286,منطقه 2,آموزش زبان عربی - بومی استان قم,پردیس حضرت معصومه - قم
1399,انسانی,777,286,منطقه 2,حقوق,دانشگاه تهران (محل تحصیل قم)
1399,انسانی,779,288,منطقه 2,آموزش راهنمایی ومشاوره - بومی گلستان,پردیس امام خمینی - گرگان
1399,انسانی,782,119,منطقه 3,آموزش علوم اجتماعی - بومی آذربایجان شرقی,پردیس شهید صدوقی - کرمانشاه
1399,انسانی,782,375,منطقه 1,اقتصاد,دانشگاه تهران
1399,انسانی,789,120,منطقه 3,آموزش راهنمایی ومشاوره - بومی خوزستان,پردیس شهید باهنر - شیراز
1399,انسانی,791,292,منطقه 2,جغرافیا,دانشگاه تهران
1399,انسانی,793,122,منطقه 3,آموزش تربیت بدنی - بومی آذربایجان غربی,پردیس علامه طباطبایی - ارومیه
1399,انسانی,793,293,منطقه 2,آموزش علوم اجتماعی - بومی گیلان,پردیس امام علی - رشت
1399,انسانی,795,380,منطقه 1,مدیریت بازرگانی,دانشگاه علامه طباطبایی - تهران
1399,انسانی,797,294,منطقه 2,آموزش راهنمایی ومشاوره - بومی استان تهران,پردیس نسیبه - تهران
1399,انسانی,802,124,منطقه 3,حقوق,دانشگاه فردوسی - مشهد
1399,انسانی,803,125,منطقه 3,آموزش زبان و ادبیات فارسی - بومی آذربایجان شرقی,پردیس علامه طباطبایی - ارومیه
1399,انسانی,804,297,منطقه 2,آموزش راهنمایی ومشاوره - بومی گیلان,پردیس امام علی - رشت
1399,انسانی,804,383,منطقه 1,حقوق,دانشگاه الزهرا(س) - تهران
1399,انسانی,806,298,منطقه 2,حقوق,دانشگاه فردوسی - مشهد
1399,انسانی,810,385,منطقه 1,حقوق,دانشگاه الزهرا(س) - تهران
1399,انسانی,811,126,منطقه 3,آموزش زبان و ادبیات فارسی - بومی استان زنجان,پردیس شهید مدرس - سنندج
1399,انسانی,822,128,منطقه 3,آموزش زبان و ادبیات فارسی - بومی استان زنجان,پردیس شهید باهنر - همدان
1399,انسانی,822,392,منطقه 1,جامعه شناسی,دانشگاه شهید بهشتی - تهران
1399,انسانی,829,131,منطقه 3,آموزش راهنمایی ومشاوره - بومی خراسان شمالی,پردیس دکتر شریعتی - ساری
1399,انسانی,829,394,منطقه 1,روانشناسی,دانشگاه فردوسی - مشهد
1399,انسانی,832,305,منطقه 2,مشاوره,دانشگاه علامه طباطبایی - تهران
1399,انسانی,833,306,منطقه 2,مدیریت بیمه اکو,دانشگاه علامه طباطبایی - تهران
1399,انسانی,835,396,منطقه 1,آموزش راهنمایی ومشاوره - بومی استان تهران,پردیس شهید چمران - تهران
1399,انسانی,837,53,ایثارگر-5%,کارشناسی ارشد پیوسته علوم قضایی,دانشگاه علوم قضایی و خدمات ادارای دادگستری
1399,انسانی,838,398,منطقه 1,حقوق,دانشگاه فردوسی - مشهد
1399,انسانی,840,135,منطقه 3,آموزش زبان و ادبیات فارسی - بومی استان کرمانشاه,پردیس شهید مدرس - سنندج
1399,انسانی,841,400,منطقه 1,مدیریت بازرگانی,دانشگاه الزهرا(س) - تهران
1399,انسانی,843,136,منطقه 3,کارشناسی ارشد پیوسته علوم قضایی,دانشگاه علوم قضایی و خدمات ادارای دادگستری
1399,انسانی,843,307,منطقه 2,حقوق,دانشگاه الزهرا(س) - تهران
1399,انسانی,848,309,منطقه 2,حقوق,دانشگاه فردوسی - مشهد
1399,انسانی,849,403,منطقه 1,حسابداری,دانشگاه شهید بهشتی - تهران
1399,انسانی,851,138,منطقه 3,آموزش راهنمایی ومشاوره - بومی خراسان شمالی,پردیس شهید هاشمی نژاد - مشهد
1399,انسانی,855,312,منطقه 2,آموزش راهنمایی ومشاوره - بومی استان قزوین,پردیس شهید رجایی - قزوین
1399,انسانی,857,407,منطقه 1,آموزش زبان و ادبیات فارسی - بومی خراسان رضوی,پردیس شهید هاشمی نژاد - مشهد
1399,انسانی,860,56,ایثارگر-5%,آموزش زبان و ادبیات فارسی - بومی استان تهران,پردیس نسیبه - تهران
1399,انسانی,863,57,ایثارگر-5%,آموزش الهیات - بومی خراسان رضوی,پردیس شهید هاشمی نژاد - مشهد
1399,انسانی,866,316,منطقه 2,حقوق,دانشگاه تهران (محل تحصیل قم)
1399,انسانی,868,58,ایثارگر-5%,روانشناسی,دانشگاه اصفهان
1399,انسانی,869,140,منطقه 3,آموزش علوم اجتماعی - بومی کردستان,پردیس شهید صدوقی - کرمانشاه
1399,انسانی,871,317,منطقه 2,آموزش زبان عربی - بومی مازندران,پردیس شهید مفتح - شهرری
1399,انسانی,871,414,منطقه 1,مدیریت مالی,دانشگاه علامه طباطبایی - تهران
1399,انسانی,873,141,منطقه 3,آموزش زبان و ادبیات فارسی - بومی خراسان شمالی,پردیس امام محمد باقر - بجنورد
1399,انسانی,875,59,ایثارگر-5%,علوم قضایی,دانشگاه علوم قضایی و خدمات ادارای دادگستری
1399,انسانی,878,417,منطقه 1,حقوق,دانشگاه تبریز
1399,انسانی,879,418,منطقه 1,روانشناسی,دانشگاه فردوسی - مشهد
1399,انسانی,880,319,منطقه 2,حقوق,دانشگاه شیراز
1399,انسانی,883,144,منطقه 3,آموزش راهنمایی ومشاوره - بومی خراسان جنوبی,پردیس شهید باهنر - بیرجند
1399,انسانی,885,321,منطقه 2,آموزش راهنمایی ومشاوره - بومی آذربایجان شرقی,پردیس فاطمه الزهرا (س) - تبریز
1399,انسانی,885,321,منطقه 2,آموزش راهنمایی ومشاوره - بومی استان سمنان,پردیس دکتر شریعتی - ساری
1399,انسانی,890,147,منطقه 3,آموزش زبان عربی - بومی خراسان شمالی,پردیس حضرت معصومه - قم
1399,انسانی,890,421,منطقه 1,اقتصاد,دانشگاه تهران
1399,انسانی,894,422,منطقه 1,حقوق,دانشگاه فردوسی - مشهد
1399,انسانی,900,13,ایثارگر-25%,آموزش علوم اجتماعی - بومی مرکزی,پردیس شهید صدوقی - کرمانشاه
1399,انسانی,900,425,منطقه 1,حقوق,دانشگاه تهران (محل تحصیل قم)
1399,انسانی,900,425,منطقه 1,روانشناسی,دانشگاه اصفهان
1399,انسانی,904,327,منطقه 2,آموزش ابتدایی - بومی استان یزد,پردیس فاطمه الزهرا (س) - یزد
1399,انسانی,904,429,منطقه 1,آموزش راهنمایی ومشاوره - بومی استان اصفهان,پردیس فاطمه الزهرا (س) - اصفهان
1399,انسانی,910,151,منطقه 3,حقوق,دانشگاه فردوسی - مشهد
1399,انسانی,910,430,منطقه 1,مشاوره,دانشگاه علامه طباطبایی - تهران
1399,انسانی,913,152,منطقه 3,حقوق,دانشگاه شیراز
1399,انسانی,916,333,منطقه 2,حقوق,دانشگاه شاهد - تهران
1399,انسانی,918,334,منطقه 2,فلسفه,دانشگاه تهران
1399,انسانی,922,154,منطقه 3,آموزش زبان عربی - بومی استان تهران,پردیس شهید مفتح - شهرری
1399,انسانی,924,337,منطقه 2,آموزش جغرافیا - بومی استان همدان,پردیس امیر کبیر - کرج
1399,انسانی,924,337,منطقه 2,حقوق,دانشگاه کردستان - سنندج
1399,انسانی,926,339,منطقه 2,روانشناسی,دانشگاه شیراز
1399,انسانی,928,435,منطقه 1,روانشناسی,دانشگاه شیراز
1399,انسانی,931,340,منطقه 2,آموزش ابتدایی - بومی استان کرمان,پردیس شهید باهنر - کرمان
1399,انسانی,933,155,منطقه 3,آموزش ابتدایی - بومی مازندران,پردیس فاطمه الزهرا(س) ساری
1399,انسانی,935,343,منطقه 2,آموزش الهیات - بومی مازندران,پردیس فاطمه الزهرا(س) ساری
1399,انسانی,937,344,منطقه 2,علوم سیاسی,دانشگاه تهران
1399,انسانی,937,438,منطقه 1,حسابداری,دانشگاه شهید بهشتی - تهران
1399,انسانی,939,440,منطقه 1,آموزش ابتدایی - بومی استان اصفهان,پردیس فاطمه الزهرا (س) - اصفهان
1399,انسانی,941,345,منطقه 2,آموزش ابتدایی - بومی مازندران,پردیس فاطمه الزهرا(س) ساری
1399,انسانی,943,61,ایثارگر-5%,مشاوره,دانشگاه شهید بهشتی - تهران
1399,انسانی,945,443,منطقه 1,آموزش زبان و ادبیات فارسی - بومی خراسان رضوی,پردیس شهید هاشمی نژاد - مشهد
1399,انسانی,946,156,منطقه 3,آموزش ابتدایی - بومی خراسان رضوی,پردیس شهید هاشمی نژاد - مشهد
1399,انسانی,952,157,منطقه 3,مدیریت بازرگانی,دانشگاه تهران
1399,انسانی,952,350,منطقه 2,آموزش زبان عربی - بومی خوزستان,پردیس فاطمه الزهرا (س) - اهواز
1399,انسانی,956,158,منطقه 3,آموزش زبان عربی - بومی کردستان,پردیس حضرت معصومه - قم
1399,انسانی,956,352,منطقه 2,حقوق,دانشگاه گیلان - رشت
1399,انسانی,960,62,ایثارگر-5%,علوم قضایی,دانشگاه علوم قضایی و خدمات ادارای دادگستری
1399,انسانی,960,449,منطقه 1,آموزش زبان و ادبیات فارسی - بومی خراسان رضوی,پردیس شهید هاشمی نژاد - مشهد
1399,انسانی,963,159,منطقه 3,آموزش راهنمایی ومشاوره - بومی استان اصفهان,پردیس شهید باهنر - اصفهان
1399,انسانی,964,451,منطقه 1,حقوق,دانشگاه فردوسی - مشهد
1399,انسانی,965,160,منطقه 3,آموزش زبان و ادبیات فارسی - بومی خوزستان,پردیس شهید باهنر - شهرکرد
1399,انسانی,965,160,منطقه 3,حقوق,دانشگاه شیراز
1399,انسانی,967,452,منطقه 1,اقتصاد,دانشگاه تهران
1399,انسانی,968,355,منطقه 2,فلسفه و حکمت اسلامی,دانشگاه تهران
1399,انسانی,970,453,منطقه 1,حقوق,دانشگاه تهران (محل تحصیل قم)
1399,انسانی,972,14,ایثارگر-25%,حقوق,دانشگاه تهران
1399,انسانی,972,356,منطقه 2,حقوق,دانشگاه اصفهان
1399,انسانی,975,455,منطقه 1,علوم سیاسی,دانشگاه تهران
1399,انسانی,982,362,منطقه 2,آموزش راهنمایی ومشاوره - بومی استان اصفهان,پردیس شهید باهنر - اصفهان
1399,انسانی,984,459,منطقه 1,حقوق,دانشگاه تبریز
1399,انسانی,988,462,منطقه 1,حقوق,دانشگاه تهران (محل تحصیل قم)
1399,انسانی,992,364,منطقه 2,آموزش زبان عربی - بومی خوزستان,پردیس فاطمه الزهرا (س) - اهواز
1399,انسانی,992,463,منطقه 1,حقوق,دانشگاه تبریز
1399,انسانی,994,166,منطقه 3,آموزش زبان و ادبیات فارسی - بومی خراسان رضوی,پردیس شهید بهشتی - مشهد
1399,انسانی,994,465,منطقه 1,آموزش ابتدایی - بومی استان اصفهان,پردیس فاطمه الزهرا (س) - اصفهان
1399,انسانی,996,466,منطقه 1,علوم تربیتی,دانشگاه تهران
1399,انسانی,1000,365,منطقه 2,آموزش جغرافیا - بومی استان همدان,پردیس امیر کبیر - کرج
1399,انسانی,1002,64,ایثارگر-5%,آموزش تربیت بدنی - بومی خراسان رضوی,پردیس شهید هاشمی نژاد - مشهد
1399,انسانی,1004,367,منطقه 2,آموزش زبان عربی - بومی استان قم,پردیس حضرت معصومه - قم
1399,انسانی,1010,371,منطقه 2,حقوق,دانشگاه مازندران - بابلسر
1399,انسانی,1012,170,منطقه 3,آموزش راهنمایی ومشاوره - بومی استان زنجان,پردیس بنت الهدی صدر - رشت
1399,انسانی,1012,471,منطقه 1,حقوق,دانشگاه تبریز
1399,انسانی,1018,374,منطقه 2,اقتصاد,دانشگاه تهران
1399,انسانی,1021,172,منطقه 3,آموزش الهیات - بومی خراسان رضوی,پردیس شهید بهشتی - مشهد
1399,انسانی,1021,172,منطقه 3,آموزش راهنمایی ومشاوره - بومی استان یزد,پردیس شهید پاک نژاد - یزد
1399,انسانی,1024,174,منطقه 3,حقوق,دانشگاه تبریز
1399,انسانی,1024,376,منطقه 2,آموزش الهیات - بومی مازندران,پردیس دکتر شریعتی - ساری
1399,انسانی,1026,175,منطقه 3,آموزش ابتدایی - بومی مازندران,پردیس فاطمه الزهرا(س) ساری
1399,انسانی,1028,176,منطقه 3,آموزش راهنمایی ومشاوره - بومی استان تهران,پردیس شهید مفتح - شهرری
1399,انسانی,1030,377,منطقه 2,آموزش علوم اجتماعی - بومی گیلان,پردیس بنت الهدی صدر - رشت
1399,انسانی,1033,478,منطقه 1,آموزش زبان و ادبیات فارسی - بومی استان تهران,پردیس نسیبه - تهران
1399,انسانی,1034,178,منطقه 3,آموزش زبان و ادبیات فارسی - بومی خراسان رضوی,پردیس شهید بهشتی - مشهد
1399,انسانی,1038,480,منطقه 1,حسابداری,دانشگاه شهید بهشتی - تهران
1399,انسانی,1042,180,منطقه 3,آموزش راهنمایی ومشاوره - بومی استان تهران,پردیس شهید مفتح - شهرری
1399,انسانی,1042,180,منطقه 3,آموزش راهنمایی ومشاوره - بومی استان زنجان,پردیس بنت الهدی صدر - سنندج
1399,انسانی,1042,381,منطقه 2,آموزش زبان و ادبیات فارسی - بومی آذربایجان غربی,پردیس علامه طباطبایی - ارومیه
1399,انسانی,1047,183,منطقه 3,آموزش زبان عربی - بومی کردستان,پردیس شهید رجایی - ارومیه
1399,انسانی,1048,483,منطقه 1,آموزش ابتدایی - بومی خراسان رضوی,پردیس شهید بهشتی - مشهد
1399,انسانی,1052,384,منطقه 2,آموزش ابتدایی - بومی گیلان,پردیس بنت الهدی صدر - رشت
1399,انسانی,1058,386,منطقه 2,آموزش علوم اجتماعی - بومی مازندران,پردیس بنت الهدی صدر - رشت
1399,انسانی,1065,391,منطقه 2,حقوق,دانشگاه فردوسی - مشهد
1399,انسانی,1068,187,منطقه 3,آموزش ابتدایی - بومی استان همدان,پردیس شهید باهنر - همدان
1399,انسانی,1068,490,منطقه 1,آموزش راهنمایی ومشاوره - بومی خراسان رضوی,پردیس شهید بهشتی - مشهد
1399,انسانی,1072,188,منطقه 3,حقوق,دانشگاه شهید بهشتی - تهران
1399,انسانی,1072,491,منطقه 1,حقوق,دانشگاه فردوسی - مشهد
1399,انسانی,1075,189,منطقه 3,آموزش زبان عربی - بومی استان تهران,پردیس نسیبه - تهران
1399,انسانی,1075,395,منطقه 2,حقوق,دانشگاه شیراز
1399,انسانی,1075,395,منطقه 2,مدیریت بیمه اکو,دانشگاه علامه طباطبایی - تهران
1399,انسانی,1079,191,منطقه 3,آموزش زبان و ادبیات فارسی - بومی فارس,پردیس شهید رجایی - شیراز
1399,انسانی,1080,69,ایثارگر-5%,آموزش راهنمایی ومشاوره - بومی چهارمحال وبختیاری,پردیس فاطمه الزهرا (س) - اصفهان
1399,انسانی,1080,492,منطقه 1,روانشناسی,دانشگاه اصفهان
1399,انسانی,1083,399,منطقه 2,آموزش راهنمایی ومشاوره - بومی استان یزد,پردیس شهید پاک نژاد - یزد
1399,انسانی,1087,193,منطقه 3,حقوق,دانشگاه شیراز
1399,انسانی,1087,401,منطقه 2,آموزش راهنمایی ومشاوره - بومی خراسان جنوبی,پردیس شهید بهشتی - مشهد
1399,انسانی,1092,496,منطقه 1,حقوق,دانشگاه شیراز
1399,انسانی,1096,70,ایثارگر-5%,مشاوره,دانشگاه علامه طباطبایی - تهران
1399,انسانی,1097,497,منطقه 1,آموزش زبان و ادبیات فارسی - بومی استان تهران,پردیس نسیبه - تهران
1399,انسانی,1099,195,منطقه 3,آموزش زبان و ادبیات فارسی - بومی خراسان رضوی,پردیس شهید بهشتی - مشهد
1399,انسانی,1100,498,منطقه 1,اقتصاد,دانشگاه شهید بهشتی - تهران
1399,انسانی,1101,499,منطقه 1,روانشناسی,دانشگاه یزد
1399,انسانی,1103,196,منطقه 3,آموزش تربیت بدنی - بومی خراسان رضوی,پردیس شهید هاشمی نژاد - مشهد
1399,انسانی,1107,71,ایثارگر-5%,حقوق,دانشگاه مازندران - بابلسر
1399,انسانی,1107,409,منطقه 2,آموزش راهنمایی ومشاوره - بومی استان زنجان,پردیس شهید بهشتی - زنجان
1399,انسانی,1107,409,منطقه 2,حقوق,دانشگاه تبریز
1399,انسانی,1110,199,منطقه 3,حقوق,دانشگاه شهید بهشتی - تهران
1399,انسانی,1113,72,ایثارگر-5%,آموزش زبان و ادبیات فارسی - بومی گلستان,پردیس فاطمه الزهرا(س) ساری
1399,انسانی,1115,201,منطقه 3,آموزش راهنمایی ومشاوره - بومی استان اصفهان,پردیس شهید باهنر - اصفهان
1399,انسانی,1117,74,ایثارگر-5%,روانشناسی,دانشگاه تبریز
1399,انسانی,1117,412,منطقه 2,جامعه شناسی,دانشگاه تهران
1399,انسانی,1124,418,منطقه 2,آموزش علوم اجتماعی - بومی استان سمنان,پردیس نسیبه - تهران
1399,انسانی,1124,418,منطقه 2,آموزش علوم اجتماعی - بومی کردستان,پردیس شهید مقصودی - همدان
1399,انسانی,1129,421,منطقه 2,حقوق,دانشگاه یزد
1399,انسانی,1130,422,منطقه 2,مدیریت مالی,دانشگاه شهید بهشتی - تهران
1399,انسانی,1133,423,منطقه 2,روانشناسی,دانشگاه شیراز
1399,انسانی,1139,428,منطقه 2,مدیریت مالی,دانشگاه علامه طباطبایی - تهران
1399,انسانی,1140,510,منطقه 1,آموزش راهنمایی ومشاوره - بومی آذربایجان شرقی,پردیس فاطمه الزهرا (س) - تبریز
1399,انسانی,1140,510,منطقه 1,آموزش زبان و ادبیات فارسی - بومی خراسان رضوی,پردیس شهید هاشمی نژاد - مشهد
1399,انسانی,1142,203,منطقه 3,آموزش زبان عربی - بومی خراسان جنوبی,پردیس حضرت معصومه - قم
1399,انسانی,1143,512,منطقه 1,حقوق,دانشگاه فردوسی - مشهد
1399,انسانی,1145,429,منطقه 2,حقوق,دانشگاه شاهد - تهران
1399,انسانی,1148,205,منطقه 3,آموزش زبان عربی - بومی آذربایجان غربی,پردیس شهید رجایی - ارومیه
1399,انسانی,1151,206,منطقه 3,آموزش راهنمایی ومشاوره - بومی گلستان,پردیس امام خمینی - گرگان
1399,انسانی,1154,76,ایثارگر-5%,مشاوره,دانشگاه علامه طباطبایی - تهران
1399,انسانی,1154,517,منطقه 1,روانشناسی,دانشگاه خوارزمی - تهران (محل تحصیل کرج)
1399,انسانی,1157,77,ایثارگر-5%,آموزش جغرافیا - بومی آذربایجان شرقی,پردیس حکیم ابوالقاسم فردوسی - کرج
1399,انسانی,1159,433,منطقه 2,آموزش زبان و ادبیات فارسی - بومی آذربایجان غربی,پردیس علامه طباطبایی - ارومیه
1399,انسانی,1159,433,منطقه 2,حقوق,دانشگاه تهران (محل تحصیل قم)
1399,انسانی,1162,435,منطقه 2,حقوق,دانشگاه فردوسی - مشهد
1399,انسانی,1164,78,ایثارگر-5%,حقوق,دانشگاه تهران (محل تحصیل قم)
1399,انسانی,1164,522,منطقه 1,فقه و مبانی حقوق اسلامی,دانشگاه تهران
1399,انسانی,1168,207,منطقه 3,حقوق,دانشگاه شهید بهشتی - تهران
1399,انسانی,1171,209,منطقه 3,روانشناسی,دانشگاه شیراز
1399,انسانی,1175,211,منطقه 3,آموزش زبان عربی - بومی استان کرمان,پردیس حضرت معصومه - قم
1399,انسانی,1176,79,ایثارگر-5%,آموزش ابتدایی - بومی استان یزد,پردیس فاطمه الزهرا (س) - یزد
1399,انسانی,1179,441,منطقه 2,زبان و ادبیات فارسی,دانشگاه تهران
1399,انسانی,1179,528,منطقه 1,آموزش راهنمایی ومشاوره - بومی آذربایجان شرقی,پردیس علامه امینی - تبریز
1399,انسانی,1182,530,منطقه 1,سینما,دانشگاه غیرانتفاعی سوره - تهران
1399,انسانی,1188,212,منطقه 3,کارشناسی ارشد پیوسته علوم قضایی,دانشگاه علوم قضایی و خدمات ادارای دادگستری
1399,انسانی,1188,444,منطقه 2,حقوق,دانشگاه شاهد - تهران
1399,انسانی,1196,213,منطقه 3,آموزش راهنمایی ومشاوره - بومی مازندران,پردیس دکتر شریعتی - ساری
1399,انسانی,1200,215,منطقه 3,آموزش زبان و ادبیات فارسی - بومی خراسان رضوی,پردیس شهید هاشمی نژاد - مشهد
1399,انسانی,1203,447,منطقه 2,آموزش زبان و ادبیات فارسی - بومی مازندران,پردیس دکتر شریعتی - ساری
1399,انسانی,1206,449,منطقه 2,آموزش زبان و ادبیات فارسی - بومی مازندران,پردیس دکتر شریعتی - ساری
1399,انسانی,1206,540,منطقه 1,آموزش تربیت بدنی - بومی خراسان رضوی,پردیس شهید هاشمی نژاد - مشهد
1399,انسانی,1210,219,منطقه 3,آموزش راهنمایی ومشاوره - بومی کهگیلویه وبویراحمد,پردیس شهید باهنر - شیراز
1399,انسانی,1214,454,منطقه 2,فلسفه,دانشگاه تهران
1399,انسانی,1214,541,منطقه 1,حقوق,دانشگاه تهران (محل تحصیل قم)
1399,انسانی,1219,82,ایثارگر-5%,آموزش راهنمایی ومشاوره - بومی کهگیلویه وبویراحمد,پردیس شهید رجایی - شیراز
1399,انسانی,1223,221,منطقه 3,آموزش تربیت بدنی - بومی خراسان جنوبی,پردیس شهید بهشتی - مشهد
1399,انسانی,1228,85,ایثارگر-5%,مدیریت مالی,دانشگاه تهران
1399,انسانی,1228,224,منطقه 3,حقوق,دانشگاه علامه طباطبایی - تهران
1399,انسانی,1228,460,منطقه 2,حقوق,دانشگاه گیلان - رشت
1399,انسانی,1231,225,منطقه 3,آموزش زبان انگلیسی - بومی استان کرمان,پردیس رسالت - زاهدان
1399,انسانی,1232,462,منطقه 2,آموزش راهنمایی ومشاوره - بومی آذربایجان شرقی,پردیس علامه امینی - تبریز
1399,انسانی,1235,228,منطقه 3,آموزش راهنمایی ومشاوره - بومی کردستان,پردیس شهید مدرس - سنندج
1399,انسانی,1238,464,منطقه 2,حقوق,دانشگاه شیراز
1399,انسانی,1243,230,منطقه 3,آموزش راهنمایی ومشاوره - بومی فارس,پردیس شهید رجایی - شیراز
1399,انسانی,1246,468,منطقه 2,آموزش ابتدایی - بومی خراسان رضوی,پردیس شهید هاشمی نژاد - مشهد
1399,انسانی,1250,231,منطقه 3,آموزش زبان و ادبیات فارسی - بومی استان کرمان,پردیس خواجه نصیرالدین طوسی - کرمان
1399,انسانی,1252,551,منطقه 1,روانشناسی,دانشگاه اصفهان
1399,انسانی,1254,232,منطقه 3,آموزش تربیت بدنی - بومی آذربایجان شرقی,پردیس علامه طباطبایی - ارومیه
1399,انسانی,1254,471,منطقه 2,آموزش راهنمایی ومشاوره - بومی مازندران,پردیس دکتر شریعتی - ساری
1399,انسانی,1259,474,منطقه 2,مشاوره,دانشگاه شهید بهشتی - تهران
1399,انسانی,1261,475,منطقه 2,آموزش ابتدایی - بومی مرکزی,پردیس زینب کبری (س) - اراک
1399,انسانی,1263,556,منطقه 1,حقوق,دانشگاه اصفهان
1399,انسانی,1269,233,منطقه 3,آموزش زبان و ادبیات فارسی - بومی آذربایجان شرقی,پردیس شهید رجایی - ارومیه
1399,انسانی,1272,234,منطقه 3,فلسفه,دانشگاه شهید بهشتی - تهران
1399,انسانی,1272,560,منطقه 1,فقه و مبانی حقوق اسلامی,دانشگاه تهران
1399,انسانی,1274,235,منطقه 3,آموزش راهنمایی ومشاوره - بومی فارس,پردیس شهید باهنر - شیراز
1399,انسانی,1277,236,منطقه 3,علوم قضایی,دانشگاه علوم قضایی و خدمات ادارای دادگستری
1399,انسانی,1277,479,منطقه 2,حسابداری,دانشگاه شهید باهنر - کرمان
1399,انسانی,1282,90,ایثارگر-5%,آموزش زبان عربی - بومی استان یزد,پردیس آیت اله طالقانی - قم
1399,انسانی,1285,485,منطقه 2,آموزش ابتدایی - بومی مازندران,پردیس فاطمه الزهرا(س) ساری
1399,انسانی,1287,486,منطقه 2,آموزش ابتدایی - بومی استان یزد,پردیس فاطمه الزهرا (س) - یزد
1399,انسانی,1287,486,منطقه 2,علوم تربیتی,دانشگاه فردوسی - مشهد
1399,انسانی,1293,91,ایثارگر-5%,آموزش ابتدایی - بومی استان ایلام,پردیس امام جعفر صادق - ایلام
1399,انسانی,1293,569,منطقه 1,حقوق,دانشگاه فردوسی - مشهد
1399,انسانی,1296,238,منطقه 3,کارشناسی ارشد پیوسته علوم قضایی,دانشگاه علوم قضایی و خدمات ادارای دادگستری
1399,انسانی,1297,239,منطقه 3,آموزش علوم اجتماعی - بومی فارس,پردیس فاطمه الزهرا (س) - بندرعباس
1399,انسانی,1299,240,منطقه 3,کارشناسی ارشد پیوسته علوم قضایی,دانشگاه علوم قضایی و خدمات ادارای دادگستری
1399,انسانی,1301,489,منطقه 2,فقه و مبانی حقوق اسلامی,دانشگاه تهران
1399,انسانی,1304,93,ایثارگر-5%,حقوق,دانشگاه ایلام
1399,انسانی,1306,243,منطقه 3,آموزش راهنمایی ومشاوره - بومی خراسان رضوی,پردیس شهید هاشمی نژاد - مشهد
1399,انسانی,1306,491,منطقه 2,روانشناسی,دانشگاه اصفهان
1399,انسانی,1308,492,منطقه 2,آموزش ابتدایی - بومی استان یزد,پردیس فاطمه الزهرا (س) - یزد
1399,انسانی,1315,246,منطقه 3,کارشناسی ارشد پیوسته علوم قضایی,دانشگاه علوم قضایی و خدمات ادارای دادگستری
1399,انسانی,1318,577,منطقه 1,حقوق,دانشگاه فردوسی - مشهد
1399,انسانی,1320,247,منطقه 3,آموزش زبان و ادبیات فارسی - بومی استان کرمانشاه,پردیس شهید باهنر - همدان
1399,انسانی,1320,497,منطقه 2,روانشناسی,دانشگاه خوارزمی - تهران (محل تحصیل کرج)
1399,انسانی,1325,500,منطقه 2,آموزش زبان عربی - بومی مازندران,پردیس شهید مفتح - شهرری
1399,انسانی,1325,579,منطقه 1,حقوق,دانشگاه شاهد - تهران
1399,انسانی,1327,94,ایثارگر-5%,آموزش زبان و ادبیات فارسی - بومی استان قم,پردیس نسیبه - تهران
1399,انسانی,1327,501,منطقه 2,آموزش زبان عربی - بومی خراسان شمالی,پردیس شهید بهشتی - مشهد
1399,انسانی,1331,248,منطقه 3,آموزش الهیات - بومی فارس,پردیس حضرت معصومه - قم
1399,انسانی,1334,249,منطقه 3,آموزش ابتدایی - بومی استان زنجان,پردیس فاطمه الزهرا (س) - زنجان
1399,انسانی,1334,249,منطقه 3,آموزش راهنمایی ومشاوره - بومی خراسان جنوبی,پردیس امام سجاد - بیرجند
1399,انسانی,1339,252,منطقه 3,آموزش راهنمایی ومشاوره - بومی کهگیلویه وبویراحمد,پردیس شهید باهنر - شیراز
1399,انسانی,1339,252,منطقه 3,آموزش زبان عربی - بومی خوزستان,پردیس فاطمه الزهرا (س) - اهواز
1399,انسانی,1339,506,منطقه 2,آموزش زبان عربی - بومی خوزستان,پردیس حضرت رسول اکرم - اهواز
1399,انسانی,1341,507,منطقه 2,مدیریت بازرگانی,دانشگاه علامه طباطبایی - تهران
1399,انسانی,1342,254,منطقه 3,حقوق,دانشگاه الزهرا(س) - تهران
1399,انسانی,1347,256,منطقه 3,حقوق,دانشگاه فردوسی - مشهد
1399,انسانی,1347,584,منطقه 1,حسابداری,دانشگاه علامه طباطبایی - تهران
1399,انسانی,1352,257,منطقه 3,آموزش زبان و ادبیات فارسی - بومی خراسان شمالی,پردیس امام محمد باقر - بجنورد
1399,انسانی,1352,257,منطقه 3,حقوق,دانشگاه شیراز
1399,انسانی,1358,260,منطقه 3,آموزش ابتدایی - بومی خراسان جنوبی,پردیس امام سجادبیرجند بنت الهدی صدرفردوس
1399,انسانی,1358,510,منطقه 2,آموزش علوم اجتماعی - بومی استان یزد,پردیس فاطمه الزهرا (س) - بندرعباس
1399,انسانی,1358,589,منطقه 1,مشاوره,دانشگاه علامه طباطبایی - تهران
1399,انسانی,1365,100,ایثارگر-5%,کارشناسی ارشد پیوسته علوم قضایی,دانشگاه علوم قضایی و خدمات ادارای دادگستری
1399,انسانی,1365,513,منطقه 2,حقوق,دانشگاه شاهد - تهران
1399,انسانی,1367,263,منطقه 3,حقوق,دانشگاه شاهد - تهران
1399,انسانی,1367,263,منطقه 3,حقوق,دانشگاه شیراز
1399,انسانی,1369,101,ایثارگر-5%,حقوق,دانشگاه الزهرا(س) - تهران
1399,انسانی,1372,102,ایثارگر-5%,آموزش ابتدایی - بومی گیلان,پردیس بنت الهدی صدر - رشت
1399,انسانی,1374,515,منطقه 2,حقوق,دانشگاه شاهد - تهران
1399,انسانی,1379,102,ایثارگر-5%,آموزش راهنمایی ومشاوره - بومی خراسان رضوی,پردیس شهید هاشمی نژاد - مشهد
1399,انسانی,1379,595,منطقه 1,آموزش زبان و ادبیات فارسی - بومی آذربایجان شرقی,پردیس شهید رجایی - ارومیه
1399,انسانی,1383,268,منطقه 3,حقوق,دانشگاه اصفهان
1399,انسانی,1385,520,منطقه 2,آموزش راهنمایی ومشاوره - بومی استان اصفهان,پردیس شهید باهنر - اصفهان
1399,انسانی,1385,520,منطقه 2,آموزش راهنمایی ومشاوره - بومی مازندران,پردیس فاطمه الزهرا(س) ساری
1399,انسانی,1387,104,ایثارگر-5%,آموزش ابتدایی - بومی مازندران,پردیس فاطمه الزهرا(س) ساری
1399,انسانی,1389,269,منطقه 3,کارشناسی ارشد پیوسته علوم قضایی,دانشگاه علوم قضایی و خدمات ادارای دادگستری
1399,انسانی,1392,105,ایثارگر-5%,آموزش راهنمایی ومشاوره - بومی استان زنجان,پردیس شهید بهشتی - زنجان
1399,انسانی,1392,524,منطقه 2,حقوق,دانشگاه مازندران - بابلسر
1399,انسانی,1395,106,ایثارگر-5%,آموزش راهنمایی ومشاوره - بومی فارس,پردیس شهید رجایی - شیراز
1399,انسانی,1395,526,منطقه 2,آموزش راهنمایی ومشاوره - بومی استان بوشهر,پردیس علامه طباطبایی - بوشهر
1399,انسانی,1400,527,منطقه 2,حقوق,دانشگاه الزهرا(س) - تهران
1399,انسانی,1401,270,منطقه 3,آموزش راهنمایی ومشاوره - بومی استان قزوین,پردیس شهید رجایی - قزوین
1399,انسانی,1401,270,منطقه 3,آموزش زبان و ادبیات فارسی - بومی خوزستان,پردیس شهید باهنر - شهرکرد
1399,انسانی,1406,109,ایثارگر-5%,مدیریت مالی,دانشگاه تهران
1399,انسانی,1406,530,منطقه 2,آموزش راهنمایی ومشاوره - بومی مازندران,پردیس دکتر شریعتی - ساری
1399,انسانی,1411,110,ایثارگر-5%,حقوق,دانشگاه کاشان
1399,انسانی,1411,273,منطقه 3,آموزش زبان عربی - بومی البرز,پردیس نسیبه - تهران
1399,انسانی,1415,534,منطقه 2,آموزش ابتدایی - بومی مازندران,پردیس فاطمه الزهرا(س) ساری
1399,انسانی,1417,274,منطقه 3,آموزش تاریخ - بومی خوزستان,پردیس آیت اله کمال وند - خرم آباد
1399,انسانی,1417,535,منطقه 2,آموزش راهنمایی ومشاوره - بومی استان همدان,پردیس شهید صدوقی - کرمانشاه
1399,انسانی,1420,111,ایثارگر-5%,مشاوره,دانشگاه شهید بهشتی - تهران
1399,انسانی,1420,536,منطقه 2,روانشناسی,دانشگاه شهید باهنر - کرمان
1399,انسانی,1423,275,منطقه 3,آموزش ابتدایی - بومی مازندران,پردیس فاطمه الزهرا(س) ساری
1399,انسانی,1423,275,منطقه 3,مدیریت بازرگانی,دانشگاه الزهرا(س) - تهران
1399,انسانی,1423,538,منطقه 2,آموزش راهنمایی ومشاوره - بومی استان تهران,پردیس نسیبه - تهران
1399,انسانی,1430,540,منطقه 2,آموزش الهیات - بومی خراسان رضوی,پردیس شهید بهشتی - مشهد
1399,انسانی,1433,277,منطقه 3,حقوق,دانشگاه فردوسی - مشهد
1399,انسانی,1433,542,منطقه 2,آموزش راهنمایی ومشاوره - بومی خراسان رضوی,پردیس شهید بهشتی - مشهد
1399,انسانی,1437,544,منطقه 2,آموزش راهنمایی ومشاوره - بومی خراسان رضوی,پردیس شهید بهشتی - مشهد
1399,انسانی,1437,544,منطقه 2,روانشناسی,دانشگاه مازندران - بابلسر
1399,انسانی,1437,615,منطقه 1,آموزش زبان و ادبیات فارسی - بومی فارس,پردیس شهید باهنر - شیراز
1399,انسانی,1440,546,منطقه 2,آموزش راهنمایی ومشاوره - بومی خراسان شمالی,پردیس امام محمد باقر - بجنورد
1399,انسانی,1443,547,منطقه 2,حقوق,دانشگاه اصفهان
1399,انسانی,1444,280,منطقه 3,آموزش ابتدایی - بومی کردستان,پردیس بنت الهدی صدر - سنندج
1399,انسانی,1444,280,منطقه 3,آموزش راهنمایی ومشاوره - بومی کردستان,پردیس شهید رجایی - قزوین
1399,انسانی,1446,548,منطقه 2,مشاوره,دانشگاه الزهرا(س) - تهران
1399,انسانی,1450,282,منطقه 3,حقوق,دانشگاه خوارزمی تهران
1399,انسانی,1450,282,منطقه 3,مدیریت مالی,دانشگاه تهران
1399,انسانی,1455,285,منطقه 3,آموزش راهنمایی ومشاوره - بومی خراسان جنوبی,پردیس شهید باهنر - بیرجند
1399,انسانی,1455,285,منطقه 3,علوم قضایی,دانشگاه علوم قضایی و خدمات ادارای دادگستری
1399,انسانی,1455,551,منطقه 2,حقوق,دانشگاه فردوسی - مشهد
1399,انسانی,1460,287,منطقه 3,آموزش راهنمایی ومشاوره - بومی مرکزی,پردیس فاطمه الزهرا (س) - اصفهان
1399,انسانی,1460,553,منطقه 2,اقتصاد,دانشگاه شهید بهشتی - تهران
1399,انسانی,1460,553,منطقه 2,فلسفه,دانشگاه تهران
1399,انسانی,1464,555,منطقه 2,آموزش ابتدایی - بومی استان اصفهان,پردیس فاطمه الزهرا (س) - اصفهان
1399,انسانی,1466,289,منطقه 3,آموزش راهنمایی ومشاوره - بومی خراسان جنوبی,پردیس شهید باهنر - بیرجند
1399,انسانی,1470,291,منطقه 3,آموزش راهنمایی ومشاوره - بومی خراسان رضوی,پردیس شهید هاشمی نژاد - مشهد
1399,انسانی,1470,291,منطقه 3,اقتصاد,دانشگاه تهران
1399,انسانی,1470,558,منطقه 2,علوم تربیتی,دانشگاه تهران
1399,انسانی,1470,622,منطقه 1,حقوق,دانشگاه تبریز
1399,انسانی,1477,559,منطقه 2,مشاوره,دانشگاه خوارزمی - تهران (محل تحصیل کرج)
1399,انسانی,1479,294,منطقه 3,آموزش زبان و ادبیات فارسی - بومی استان تهران,پردیس شهید مفتح - شهرری
1399,انسانی,1483,562,منطقه 2,باستانشناسی,دانشگاه تهران
1399,انسانی,1486,295,منطقه 3,حقوق,دانشگاه علامه طباطبایی - تهران
1399,انسانی,1492,297,منطقه 3,کارشناسی ارشد پیوسته علوم قضایی,دانشگاه علوم قضایی و خدمات ادارای دادگستری
1399,انسانی,1494,119,ایثارگر-5%,مشاوره,دانشگاه اصفهان
1399,انسانی,1496,120,ایثارگر-5%,حقوق,دانشگاه اصفهان
1399,انسانی,1496,120,ایثارگر-5%,حقوق,دانشگاه تهران (محل تحصیل قم)
1399,انسانی,1499,299,منطقه 3,آموزش ابتدایی - بومی البرز,پردیس امیر کبیر - کرج
1399,انسانی,1501,629,منطقه 1,مدیریت مالی,دانشگاه خوارزمی تهران
1399,انسانی,1504,574,منطقه 2,آموزش الهیات - بومی خراسان جنوبی,پردیس شهید بهشتی - مشهد
1399,انسانی,1506,123,ایثارگر-5%,آموزش علوم اجتماعی - بومی خراسان رضوی,پردیس شهید بهشتی - مشهد
1399,انسانی,1506,632,منطقه 1,آموزش راهنمایی ومشاوره - بومی خراسان رضوی,پردیس شهید بهشتی - مشهد
1399,انسانی,1508,301,منطقه 3,حقوق,دانشگاه گیلان - رشت
1399,انسانی,1510,575,منطقه 2,حقوق,دانشگاه بین المللی امام خمینی(ره) - قزوین
1399,انسانی,1514,303,منطقه 3,مدیریت مالی,دانشگاه تهران
1399,انسانی,1514,576,منطقه 2,حقوق,دانشگاه الزهرا(س) - تهران
1399,انسانی,1519,304,منطقه 3,حقوق,دانشگاه علامه طباطبایی - تهران
1399,انسانی,1524,305,منطقه 3,آموزش راهنمایی ومشاوره - بومی خوزستان,پردیس حضرت رسول اکرم - اهواز
1399,انسانی,1527,307,منطقه 3,آموزش راهنمایی ومشاوره - بومی فارس,پردیس شهید رجایی - شیراز
1399,انسانی,1527,307,منطقه 3,آموزش زبان عربی - بومی آذربایجان شرقی,پردیس حضرت معصومه - قم
1399,انسانی,1527,580,منطقه 2,آموزش ابتدایی - بومی استان قزوین,پردیس بنت الهدی صدر-قزوین
1399,انسانی,1530,581,منطقه 2,آموزش راهنمایی ومشاوره - بومی استان یزد,پردیس امام سجاد - بیرجند
1399,انسانی,1533,583,منطقه 2,آموزش ابتدایی - بومی استان کرمان,پردیس شهید باهنر - کرمان
1399,انسانی,1533,583,منطقه 2,آموزش زبان عربی - بومی کردستان,پردیس شهید رجایی - ارومیه
1399,انسانی,1538,309,منطقه 3,حقوق,دانشگاه اصفهان
1399,انسانی,1543,126,ایثارگر-5%,آموزش راهنمایی ومشاوره - بومی استان کرمان,پردیس امام سجاد - بیرجند
1399,انسانی,1546,588,منطقه 2,حقوق,دانشگاه اصفهان
1399,انسانی,1547,589,منطقه 2,آموزش ابتدایی - بومی خراسان جنوبی,پردیس امام سجادبیرجند بنت الهدی صدرفردوس
1399,انسانی,1551,311,منطقه 3,آموزش زبان و ادبیات فارسی - بومی استان اصفهان,پردیس شهید باهنر - شهرکرد
1399,انسانی,1556,314,منطقه 3,آموزش ابتدایی - بومی استان ایلام,پردیس امام جعفر صادق - ایلام
1399,انسانی,1558,593,منطقه 2,آموزش الهیات - بومی استان اصفهان,پردیس حضرت معصومه - قم
1399,انسانی,1560,594,منطقه 2,حقوق,دانشگاه شیراز
1399,انسانی,1564,127,ایثارگر-5%,آموزش ابتدایی - بومی کردستان,پردیس بنت الهدی صدر - سنندج
1399,انسانی,1568,596,منطقه 2,آموزش ابتدایی - بومی مازندران,پردیس فاطمه الزهرا(س) ساری
1399,انسانی,1568,656,منطقه 1,علوم سیاسی,دانشگاه تهران
1399,انسانی,1572,317,منطقه 3,آموزش ابتدایی - بومی خراسان رضوی,پردیس شهید هاشمی نژاد - مشهد
1399,انسانی,1575,598,منطقه 2,آموزش راهنمایی ومشاوره - بومی چهارمحال وبختیاری,پردیس بحرالعلوم - شهرکرد
1399,انسانی,1578,662,منطقه 1,آموزش ابتدایی - بومی استان اصفهان,پردیس فاطمه الزهرا (س) - اصفهان
1399,انسانی,1578,662,منطقه 1,آموزش علوم اجتماعی - بومی فارس,پردیس فاطمه الزهرا (س) - بندرعباس
1399,انسانی,1581,319,منطقه 3,آموزش راهنمایی ومشاوره - بومی خراسان شمالی,پردیس دکتر شریعتی - ساری
1399,انسانی,1583,665,منطقه 1,حقوق,دانشگاه فردوسی - مشهد
1399,انسانی,1584,666,منطقه 1,حسابداری,دانشگاه علامه طباطبایی - تهران
1399,انسانی,1586,668,منطقه 1,مشاوره,دانشگاه اصفهان
1399,انسانی,1587,320,منطقه 3,آموزش ابتدایی - بومی استان زنجان,پردیس فاطمه الزهرا (س) - زنجان
1399,انسانی,1588,321,منطقه 3,حقوق,دانشگاه شیراز
1399,انسانی,1588,600,منطقه 2,آموزش راهنمایی ومشاوره - بومی استان سمنان,پردیس فاطمه الزهرا (س) - اصفهان
1399,انسانی,1593,128,ایثارگر-5%,مشاوره,دانشگاه تهران
1399,انسانی,1593,322,منطقه 3,آموزش ابتدایی - بومی استان زنجان,پردیس فاطمه الزهرا (س) - زنجان
1399,انسانی,1596,604,منطقه 2,حقوق,دانشگاه تهران (محل تحصیل قم)
1399,انسانی,1597,605,منطقه 2,آموزش زبان عربی - بومی استان قم,پردیس حضرت معصومه - قم
1399,انسانی,1603,606,منطقه 2,علوم تربیتی,دانشگاه فردوسی - مشهد
1399,انسانی,1605,607,منطقه 2,حقوق,دانشگاه قم
1399,انسانی,1612,330,منطقه 3,آموزش راهنمایی ومشاوره - بومی فارس,پردیس شهید باهنر - شیراز
1399,انسانی,1612,330,منطقه 3,آموزش زبان و ادبیات فارسی - بومی خراسان شمالی,پردیس فاطمه الزهرا(س) ساری
1399,انسانی,1612,609,منطقه 2,مدیریت مالی,دانشگاه یزد
1399,انسانی,1618,676,منطقه 1,حقوق,دانشگاه اصفهان
1399,انسانی,1627,616,منطقه 2,آموزش ابتدایی - بومی مازندران,پردیس فاطمه الزهرا(س) ساری
1399,انسانی,1627,616,منطقه 2,آموزش زبان و ادبیات فارسی - بومی مازندران,پردیس دکتر شریعتی - ساری
1399,انسانی,1629,618,منطقه 2,روانشناسی,دانشگاه مازندران - بابلسر
1399,انسانی,1631,619,منطقه 2,روانشناسی,دانشگاه مازندران - بابلسر
1399,انسانی,1634,335,منطقه 3,آموزش راهنمایی ومشاوره - بومی استان اصفهان,پردیس فاطمه الزهرا (س) - اصفهان
1399,انسانی,1636,337,منطقه 3,آموزش راهنمایی ومشاوره - بومی خراسان رضوی,پردیس شهید بهشتی - مشهد
1399,انسانی,1639,623,منطقه 2,آموزش الهیات - بومی استان یزد,پردیس شهید پاک نژاد - یزد
1399,انسانی,1644,627,منطقه 2,حقوق,دانشگاه شاهد - تهران
1399,انسانی,1647,340,منطقه 3,آموزش زبان و ادبیات فارسی - بومی فارس,پردیس شهید باهنر - شیراز
1399,انسانی,1649,341,منطقه 3,آموزش زبان عربی - بومی البرز,پردیس آیت اله طالقانی - قم
1399,انسانی,1649,630,منطقه 2,آموزش ابتدایی - بومی مازندران,پردیس فاطمه الزهرا(س) ساری
1399,انسانی,1656,633,منطقه 2,حقوق,دانشگاه شیراز
1399,انسانی,1656,682,منطقه 1,اقتصاد,دانشگاه شهید بهشتی - تهران
1399,انسانی,1660,636,منطقه 2,آموزش تاریخ - بومی خراسان جنوبی,پردیس شهید باهنر - بیرجند
1399,انسانی,1668,638,منطقه 2,روانشناسی,دانشگاه فردوسی - مشهد
1399,انسانی,1673,348,منطقه 3,روانشناسی,دانشگاه فردوسی - مشهد
1399,انسانی,1673,640,منطقه 2,آموزش ابتدایی - بومی مرکزی,پردیس زینب کبری (س) - اراک
1399,انسانی,1673,640,منطقه 2,حقوق,دانشگاه شیراز
1399,انسانی,1677,643,منطقه 2,آموزش راهنمایی ومشاوره - بومی استان قزوین,پردیس بنت الهدی صدر - سنندج
1399,انسانی,1680,349,منطقه 3,فقه و حقوق اسلامی,دانشکده غیر دولتی شهید مطهری - تهران
1399,انسانی,1680,688,منطقه 1,حقوق,دانشگاه شیراز
1399,انسانی,1687,350,منطقه 3,آموزش ابتدایی - بومی خراسان جنوبی,پردیس امام سجادبیرجند بنت الهدی صدرفردوس
1399,انسانی,1689,352,منطقه 3,حقوق,دانشگاه تهران (محل تحصیل قم)
1399,انسانی,1691,650,منطقه 2,آموزش راهنمایی ومشاوره - بومی آذربایجان شرقی,پردیس علامه امینی - تبریز
1399,انسانی,1691,650,منطقه 2,آموزش راهنمایی ومشاوره - بومی خراسان شمالی,پردیس امام محمد باقر - بجنورد
1399,انسانی,1693,132,ایثارگر-5%,حقوق,دانشگاه قم
1399,انسانی,1698,654,منطقه 2,آموزش ابتدایی - بومی خراسان شمالی,پردیس امام جعفر صادق - بجنورد
1399,انسانی,1701,354,منطقه 3,فقه و مبانی حقوق اسلامی,دانشگاه تهران
1399,انسانی,1706,357,منطقه 3,علوم قضایی,دانشگاه علوم قضایی و خدمات ادارای دادگستری
1399,انسانی,1709,695,منطقه 1,آموزش راهنمایی ومشاوره - بومی خراسان رضوی,پردیس شهید بهشتی - مشهد
1399,انسانی,1712,659,منطقه 2,حسابداری,دانشگاه شهید بهشتی - تهران
1399,انسانی,1716,359,منطقه 3,آموزش زبان و ادبیات فارسی - بومی آذربایجان غربی,پردیس شهید رجایی - ارومیه
1399,انسانی,1716,359,منطقه 3,آموزش علوم اجتماعی - بومی استان اصفهان,پردیس شهید باهنر - اصفهان
1399,انسانی,1716,661,منطقه 2,روانشناسی,دانشگاه شاهد - تهران
1399,انسانی,1720,698,منطقه 1,آموزش راهنمایی ومشاوره - بومی آذربایجان شرقی,پردیس شهید رجایی - ارومیه
1399,انسانی,1725,664,منطقه 2,آموزش علوم اجتماعی - بومی استان تهران,پردیس نسیبه - تهران
1399,انسانی,1726,361,منطقه 3,حقوق,دانشگاه شیراز
1399,انسانی,1733,137,ایثارگر-5%,حقوق,دانشگاه مازندران - بابلسر
1399,انسانی,1733,666,منطقه 2,آموزش راهنمایی ومشاوره - بومی لرستان,پردیس فاطمه الزهرا (س) - اصفهان
1399,انسانی,1737,364,منطقه 3,آموزش زبان عربی - بومی استان زنجان,پردیس شهید رجایی - ارومیه
1399,انسانی,1740,708,منطقه 1,آموزش جغرافیا - بومی استان اصفهان,پردیس امیر کبیر - کرج
1399,انسانی,1743,140,ایثارگر-5%,آموزش الهیات - بومی آذربایجان شرقی,پردیس علامه طباطبایی - اردبیل
1399,انسانی,1743,669,منطقه 2,حقوق,دانشگاه یزد
1399,انسانی,1745,671,منطقه 2,مدیریت دولتی,دانشگاه علامه طباطبایی - تهران
1399,انسانی,1749,674,منطقه 2,جامعه شناسی,دانشگاه تهران
1399,انسانی,1754,677,منطقه 2,مدیریت مالی,دانشگاه یزد
1399,انسانی,1759,679,منطقه 2,اقتصاد,دانشگاه شهید بهشتی - تهران
1399,انسانی,1759,714,منطقه 1,حسابداری,دانشگاه علامه طباطبایی - تهران
1399,انسانی,1762,716,منطقه 1,آموزش زبان و ادبیات فارسی - بومی استان تهران,پردیس نسیبه - تهران
1399,انسانی,1765,681,منطقه 2,آموزش زبان عربی - بومی استان تهران,پردیس شهید مفتح - شهرری
1399,انسانی,1765,681,منطقه 2,حسابداری,دانشگاه شهید بهشتی - تهران
1399,انسانی,1765,718,منطقه 1,مدیریت صنعتی,دانشگاه شهید بهشتی - تهران
1399,انسانی,1770,143,ایثارگر-5%,فقه و مبانی حقوق اسلامی,دانشگاه تهران
1399,انسانی,1770,684,منطقه 2,آموزش ابتدایی - بومی خراسان جنوبی,پردیس امام سجادبیرجند بنت الهدی صدرفردوس
1399,انسانی,1774,686,منطقه 2,آموزش ابتدایی - بومی مازندران,پردیس فاطمه الزهرا(س) ساری
1399,انسانی,1777,368,منطقه 3,آموزش ابتدایی - بومی استان ایلام,پردیس امام جعفر صادق - ایلام
1399,انسانی,1780,690,منطقه 2,آموزش ابتدایی - بومی مازندران,پردیس فاطمه الزهرا(س) ساری
1399,انسانی,1785,694,منطقه 2,حقوق,دانشگاه کاشان
1399,انسانی,1788,696,منطقه 2,آموزش الهیات - بومی استان اصفهان,پردیس حضرت معصومه - قم
1399,انسانی,1790,370,منطقه 3,آموزش راهنمایی ومشاوره - بومی آذربایجان شرقی,پردیس فاطمه الزهرا (س) - تبریز
1399,انسانی,1795,146,ایثارگر-5%,آموزش زبان عربی - بومی استان قم,پردیس آیت اله طالقانی - قم
1399,انسانی,1795,372,منطقه 3,حقوق,دانشگاه شیراز
1399,انسانی,1795,725,منطقه 1,فقه و حقوق اسلامی,دانشگاه خوارزمی - تهران (محل تحصیل کرج)
1399,انسانی,1799,147,ایثارگر-5%,علوم تربیتی,دانشگاه فردوسی - مشهد
1399,انسانی,1799,374,منطقه 3,آموزش راهنمایی ومشاوره - بومی استان قزوین,پردیس شهید رجایی - قزوین
1399,انسانی,1799,727,منطقه 1,روانشناسی,دانشگاه تبریز
1399,انسانی,1804,375,منطقه 3,حقوق,دانشگاه شیراز
1399,انسانی,1807,702,منطقه 2,حقوق,دانشگاه شیراز
1399,انسانی,1810,703,منطقه 2,حقوق,دانشگاه مازندران - بابلسر
1399,انسانی,1812,377,منطقه 3,آموزش راهنمایی ومشاوره - بومی خراسان رضوی,پردیس شهید هاشمی نژاد - مشهد
1399,انسانی,1812,377,منطقه 3,آموزش راهنمایی ومشاوره - بومی کردستان,پردیس شهید صدوقی - کرمانشاه
1399,انسانی,1814,704,منطقه 2,جامعه شناسی,دانشگاه تهران
1399,انسانی,1816,379,منطقه 3,حقوق,دانشگاه شیراز
1399,انسانی,1816,705,منطقه 2,مدیریت مالی,دانشگاه تهران (محل تحصیل قم)
1399,انسانی,1818,706,منطقه 2,آموزش راهنمایی ومشاوره - بومی لرستان,پردیس فاطمه الزهرا (س) - اصفهان
1399,انسانی,1822,708,منطقه 2,حقوق,دانشگاه اصفهان
1399,انسانی,1822,708,منطقه 2,حقوق,دانشگاه بوعلی سینا - همدان
1399,انسانی,1829,383,منطقه 3,آموزش الهیات - بومی خراسان رضوی,پردیس شهید هاشمی نژاد - مشهد
1399,انسانی,1832,149,ایثارگر-5%,حقوق,دانشگاه شیراز
1399,انسانی,1832,385,منطقه 3,آموزش راهنمایی ومشاوره - بومی گلستان,پردیس آیت الله خامنه ای - گرگان
1399,انسانی,1832,385,منطقه 3,علوم قضایی,دانشگاه علوم قضایی و خدمات ادارای دادگستری
1399,انسانی,1834,738,منطقه 1,مشاوره,دانشگاه اصفهان
1399,انسانی,1835,711,منطقه 2,آموزش الهیات - بومی خراسان رضوی,پردیس شهید بهشتی - مشهد
1399,انسانی,1839,714,منطقه 2,حقوق,دانشگاه گیلان - رشت
1399,انسانی,1842,387,منطقه 3,آموزش ابتدایی - بومی خراسان شمالی,پردیس امام جعفر صادق - بجنورد
1399,انسانی,1843,388,منطقه 3,روانشناسی,دانشگاه بیرجند
1399,انسانی,1855,151,ایثارگر-5%,حقوق,دانشگاه الزهرا(س) - تهران
1399,انسانی,1855,722,منطقه 2,روانشناسی,دانشگاه شهید باهنر - کرمان
1399,انسانی,1855,743,منطقه 1,آموزش زبان و ادبیات فارسی - بومی خراسان رضوی,پردیس شهید بهشتی - مشهد
1399,انسانی,1860,153,ایثارگر-5%,حقوق,دانشگاه فردوسی - مشهد
1399,انسانی,1860,392,منطقه 3,آموزش راهنمایی ومشاوره - بومی استان اصفهان,پردیس فاطمه الزهرا (س) - اصفهان
1399,انسانی,1866,726,منطقه 2,آموزش راهنمایی ومشاوره - بومی استان همدان,پردیس شهید رجایی - قزوین
1399,انسانی,1866,726,منطقه 2,آموزش راهنمایی ومشاوره - بومی استان یزد,پردیس امام سجاد - بیرجند
1399,انسانی,1870,395,منطقه 3,آموزش راهنمایی ومشاوره - بومی استان اصفهان,پردیس شهید باهنر - اصفهان
1399,انسانی,1870,395,منطقه 3,حقوق,دانشگاه فردوسی - مشهد
1399,انسانی,1870,728,منطقه 2,آموزش ابتدایی - بومی استان سمنان,پردیس فاطمه الزهرا (س) - سمنان
1399,انسانی,1874,748,منطقه 1,روانشناسی,دانشگاه بیرجند
1399,انسانی,1876,730,منطقه 2,حقوق,دانشگاه فردوسی - مشهد
1399,انسانی,1878,155,ایثارگر-5%,زبان و ادبیات فارسی,دانشگاه تهران
1399,انسانی,1881,752,منطقه 1,حقوق,دانشگاه شیراز
1399,انسانی,1881,752,منطقه 1,روانشناسی,دانشگاه اصفهان
1399,انسانی,1885,156,ایثارگر-5%,فقه و مبانی حقوق اسلامی,دانشگاه تهران
1399,انسانی,1885,398,منطقه 3,آموزش راهنمایی ومشاوره - بومی چهارمحال وبختیاری,پردیس فاطمه الزهرا (س) - اصفهان
1399,انسانی,1885,398,منطقه 3,آموزش زبان و ادبیات فارسی - بومی کهگیلویه وبویراحمد,پردیس شهید باهنر - شیراز
1399,انسانی,1889,736,منطقه 2,آموزش ابتدایی - بومی مازندران,پردیس فاطمه الزهرا(س) ساری
1399,انسانی,1894,738,منطقه 2,آموزش ابتدایی - بومی استان قزوین,پردیس شهید رجایی - قزوین
1399,انسانی,1896,402,منطقه 3,آموزش علوم اجتماعی - بومی خراسان رضوی,پردیس امام سجاد - بیرجند
1399,انسانی,1900,740,منطقه 2,آموزش الهیات - بومی استان اردبیل,پردیس علامه طباطبایی - اردبیل
1399,انسانی,1900,740,منطقه 2,آموزش زبان و ادبیات فارسی - بومی آذربایجان شرقی,پردیس علامه طباطبایی - ارومیه
1399,انسانی,1902,742,منطقه 2,علوم تربیتی,دانشگاه فردوسی - مشهد
1399,انسانی,1903,757,منطقه 1,آموزش زبان و ادبیات فارسی - بومی خراسان رضوی,پردیس شهید بهشتی - مشهد
1399,انسانی,1908,405,منطقه 3,آموزش زبان و ادبیات فارسی - بومی استان همدان,پردیس شهید مقصودی - همدان
1399,انسانی,1916,406,منطقه 3,آموزش زبان و ادبیات فارسی - بومی خراسان شمالی,پردیس امام محمد باقر - بجنورد
1399,انسانی,1916,406,منطقه 3,روانشناسی,دانشگاه شیراز
1399,انسانی,1916,745,منطقه 2,آموزش تاریخ - بومی استان همدان,پردیس آیت اله کمال وند - خرم آباد
1399,انسانی,1920,747,منطقه 2,آموزش زبان و ادبیات فارسی - بومی مازندران,پردیس دکتر شریعتی - ساری
1399,انسانی,1920,747,منطقه 2,اقتصاد,دانشگاه علامه طباطبایی - تهران
1399,انسانی,1922,408,منطقه 3,آموزش زبان و ادبیات فارسی - بومی کردستان,پردیس شهید مدرس - سنندج
1399,انسانی,1927,158,ایثارگر-5%,مشاوره,دانشگاه الزهرا(س) - تهران
1399,انسانی,1932,409,منطقه 3,آموزش علوم اجتماعی - بومی استان کرمان,پردیس فاطمه الزهرا (س) - بندرعباس
1399,انسانی,1932,773,منطقه 1,آموزش راهنمایی ومشاوره - بومی آذربایجان شرقی,پردیس فاطمه الزهرا (س) - تبریز
1399,انسانی,1936,410,منطقه 3,آموزش الهیات - بومی فارس,پردیس شهید رجایی - شیراز
1399,انسانی,1936,752,منطقه 2,علوم تربیتی,دانشگاه یزد
1399,انسانی,1936,775,منطقه 1,آموزش راهنمایی ومشاوره - بومی استان اصفهان,پردیس فاطمه الزهرا (س) - اصفهان
1399,انسانی,1942,412,منطقه 3,آموزش زبان و ادبیات فارسی - بومی آذربایجان شرقی,پردیس شهید رجایی - ارومیه
1399,انسانی,1942,754,منطقه 2,آموزش ابتدایی - بومی استان قم,پردیس حضرت معصومه - قم
1399,انسانی,1942,754,منطقه 2,آموزش علوم اجتماعی - بومی استان قم,پردیس شهید چمران - تهران
1399,انسانی,1948,414,منطقه 3,علوم تربیتی,دانشگاه فردوسی - مشهد
1399,انسانی,1951,757,منطقه 2,آموزش ابتدایی - بومی خراسان رضوی,پردیس شهید بهشتی - مشهد
1399,انسانی,1955,417,منطقه 3,آموزش زبان عربی - بومی کهگیلویه وبویراحمد,پردیس آیت اله طالقانی - قم
1399,انسانی,1959,760,منطقه 2,اقتصاد,دانشگاه تهران
1399,انسانی,1963,761,منطقه 2,آموزش ابتدایی - بومی استان همدان,پردیس شهید باهنر - همدان
1399,انسانی,1963,783,منطقه 1,روانشناسی,دانشگاه اصفهان
1399,انسانی,1967,420,منطقه 3,آموزش الهیات - بومی استان اردبیل,پردیس علامه طباطبایی - اردبیل
1399,انسانی,1969,763,منطقه 2,آموزش زبان انگلیسی - بومی استان همدان,پردیس فاطمه الزهرا (س) - زنجان
1399,انسانی,1972,765,منطقه 2,آموزش زبان عربی - بومی استان قم,پردیس آیت اله طالقانی - قم
1399,انسانی,1972,787,منطقه 1,آموزش راهنمایی ومشاوره - بومی آذربایجان شرقی,پردیس فاطمه الزهرا (س) - تبریز
1399,انسانی,1975,163,ایثارگر-5%,آموزش زبان و ادبیات فارسی - بومی استان اصفهان,پردیس شهید باهنر - شهرکرد
1399,انسانی,1978,422,منطقه 3,آموزش ابتدایی - بومی کهگیلویه وبویراحمد,پردیس کوثر - یاسوج
1399,انسانی,1982,423,منطقه 3,حقوق,دانشگاه الزهرا(س) - تهران
1399,انسانی,1982,771,منطقه 2,آموزش ابتدایی - بومی استان سمنان,پردیس فاطمه الزهرا (س) - سمنان
1399,انسانی,1982,771,منطقه 2,آموزش تربیت بدنی - بومی استان قم,پردیس نسیبه - تهران
1399,انسانی,1986,424,منطقه 3,آموزش الهیات - بومی استان بوشهر,پردیس حضرت معصومه - قم
1399,انسانی,1986,790,منطقه 1,مدیریت بازرگانی,دانشگاه شهید بهشتی - تهران
1399,انسانی,1990,425,منطقه 3,علوم تربیتی,دانشگاه فردوسی - مشهد
1399,انسانی,1997,428,منطقه 3,آموزش علوم اجتماعی - بومی استان قم,پردیس نسیبه - تهران
1399,انسانی,1997,792,منطقه 1,حقوق,دانشگاه شیراز
1399,انسانی,1999,779,منطقه 2,آموزش الهیات - بومی استان اردبیل,پردیس علامه طباطبایی - اردبیل
1399,انسانی,1999,779,منطقه 2,حسابداری,دانشگاه خوارزمی تهران
1399,انسانی,2003,429,منطقه 3,حقوق,دانشگاه شیراز
1399,انسانی,2003,782,منطقه 2,آموزش تاریخ - بومی استان همدان,پردیس آیت اله کمال وند - خرم آباد
1399,انسانی,2003,782,منطقه 2,حقوق,دانشگاه زنجان
1399,انسانی,2006,430,منطقه 3,حقوق,دانشگاه بین المللی امام خمینی(ره) - قزوین
1399,انسانی,2008,784,منطقه 2,آموزش ابتدایی - بومی خراسان رضوی,پردیس شهید هاشمی نژاد - مشهد
1399,انسانی,2010,431,منطقه 3,آموزش علوم اجتماعی - بومی لرستان,پردیس شهید رجایی - کرمانشاه
1399,انسانی,2015,433,منطقه 3,آموزش زبان عربی - بومی لرستان,پردیس فاطمه الزهرا (س) - اهواز
1399,انسانی,2015,785,منطقه 2,آموزش راهنمایی ومشاوره - بومی آذربایجان شرقی,پردیس شهید رجایی - ارومیه
1399,انسانی,2018,435,منطقه 3,آموزش الهیات - بومی آذربایجان شرقی,پردیس علامه طباطبایی - ارومیه
1399,انسانی,2021,787,منطقه 2,آموزش ابتدایی - بومی گیلان,پردیس بنت الهدی صدر - رشت
1399,انسانی,2023,788,منطقه 2,آموزش زبان و ادبیات فارسی - بومی استان قم,پردیس نسیبه - تهران
1399,انسانی,2023,800,منطقه 1,آموزش راهنمایی ومشاوره - بومی خراسان رضوی,پردیس شهید بهشتی - مشهد
1399,انسانی,2031,793,منطقه 2,آموزش ابتدایی - بومی استان قزوین,پردیس بنت الهدی صدر-قزوین
1399,انسانی,2034,436,منطقه 3,آموزش زبان و ادبیات فارسی - بومی گلستان,پردیس فاطمه الزهرا(س) ساری
1399,انسانی,2037,796,منطقه 2,حقوق,دانشگاه مازندران - بابلسر
1399,انسانی,2040,807,منطقه 1,آموزش راهنمایی ومشاوره - بومی خراسان رضوی,پردیس شهید بهشتی - مشهد
1399,انسانی,2048,801,منطقه 2,حقوق,دانشگاه قم
1399,انسانی,2050,802,منطقه 2,آموزش ابتدایی - بومی استان زنجان,پردیس فاطمه الزهرا (س) - زنجان
1399,انسانی,2056,815,منطقه 1,آموزش الهیات - بومی خراسان رضوی,پردیس شهید هاشمی نژاد - مشهد
1399,انسانی,2057,437,منطقه 3,آموزش راهنمایی ومشاوره - بومی فارس,پردیس شهید رجایی - شیراز
1399,انسانی,2061,439,منطقه 3,آموزش زبان و ادبیات فارسی - بومی کردستان,پردیس شهید مدرس - سنندج
1399,انسانی,2061,807,منطقه 2,مشاوره,دانشگاه شهید بهشتی - تهران
1399,انسانی,2061,816,منطقه 1,حقوق,دانشگاه شیراز
1399,انسانی,2065,440,منطقه 3,حقوق,دانشگاه شیراز
1399,انسانی,2065,817,منطقه 1,آموزش زبان و ادبیات فارسی - بومی استان تهران,پردیس شهید چمران - تهران
1399,انسانی,2069,811,منطقه 2,حقوق,دانشگاه بوعلی سینا - همدان
1399,انسانی,2069,811,منطقه 2,حقوق,دانشگاه مازندران - بابلسر
1399,انسانی,2072,441,منطقه 3,آموزش ابتدایی - بومی خراسان رضوی,پردیس شهید هاشمی نژاد - مشهد
1399,انسانی,2075,442,منطقه 3,آموزش الهیات - بومی هرمزگان,پردیس فاطمه الزهرا (س) - یزد
1399,انسانی,2075,814,منطقه 2,روانشناسی,دانشگاه یزد
1399,انسانی,2079,443,منطقه 3,آموزش راهنمایی ومشاوره - بومی خراسان شمالی,پردیس امام محمد باقر - بجنورد
1399,انسانی,2079,443,منطقه 3,آموزش زبان عربی - بومی سیستان وبلوچستان,پردیس حضرت معصومه - قم
1399,انسانی,2081,816,منطقه 2,حقوق,دانشگاه شیراز
1399,انسانی,2081,822,منطقه 1,جامعه شناسی,دانشگاه علامه طباطبایی - تهران
1399,انسانی,2085,817,منطقه 2,آموزش ابتدایی - بومی استان سمنان,پردیس فاطمه الزهرا (س) - سمنان
1399,انسانی,2085,824,منطقه 1,آموزش ابتدایی - بومی استان اصفهان,پردیس فاطمه الزهرا (س) - اصفهان
1399,انسانی,2092,446,منطقه 3,آموزش ابتدایی - بومی فارس,پردیس شهید باهنر - شیراز
1399,انسانی,2096,448,منطقه 3,حقوق,دانشگاه بوعلی سینا - همدان
1399,انسانی,2102,451,منطقه 3,آموزش راهنمایی ومشاوره - بومی استان یزد,پردیس فاطمه الزهرا (س) - اصفهان
1399,انسانی,2102,451,منطقه 3,آموزش راهنمایی ومشاوره - بومی گلستان,پردیس امام خمینی - گرگان
1399,انسانی,2106,822,منطقه 2,روانشناسی,دانشگاه خوارزمی - تهران (محل تحصیل کرج)
1399,انسانی,2111,454,منطقه 3,آموزش علوم اجتماعی - بومی استان کرمان,پردیس شهید بهشتی - بندرعباس
1399,انسانی,2111,454,منطقه 3,حقوق,دانشگاه شیراز
1399,انسانی,2115,456,منطقه 3,آموزش زبان و ادبیات فارسی - بومی گلستان,پردیس فاطمه الزهرا(س) ساری
1399,انسانی,2119,458,منطقه 3,حقوق,دانشگاه تهران (محل تحصیل قم)
1399,انسانی,2122,828,منطقه 2,آموزش ابتدایی - بومی استان زنجان,پردیس شهید بهشتی - زنجان
1399,انسانی,2125,830,منطقه 2,آموزش ابتدایی - بومی چهارمحال وبختیاری,پردیس شهید باهنر - شهرکرد
1399,انسانی,2128,831,منطقه 2,حقوق,دانشگاه مازندران - بابلسر
1399,انسانی,2131,461,منطقه 3,آموزش الهیات - بومی خراسان شمالی,پردیس آیت الله خامنه ای - گرگان
1399,انسانی,2138,464,منطقه 3,آموزش راهنمایی ومشاوره - بومی خراسان جنوبی,پردیس شهید باهنر - بیرجند
1399,انسانی,2138,841,منطقه 1,مدیریت بازرگانی,دانشگاه فردوسی - مشهد
1399,انسانی,2143,466,منطقه 3,آموزش تربیت بدنی - بومی خراسان رضوی,پردیس شهید بهشتی - مشهد
1399,انسانی,2150,467,منطقه 3,مدیریت مالی,دانشگاه تهران
1399,انسانی,2156,469,منطقه 3,آموزش علوم اجتماعی - بومی استان اردبیل,پردیس امام علی - رشت
1399,انسانی,2160,470,منطقه 3,آموزش زبان و ادبیات فارسی - بومی آذربایجان شرقی,پردیس شهید رجایی - ارومیه
1399,انسانی,2160,842,منطقه 2,آموزش راهنمایی ومشاوره - بومی استان قم,پردیس نسیبه - تهران
1399,انسانی,2163,471,منطقه 3,آموزش تربیت بدنی - بومی کهگیلویه وبویراحمد,پردیس حضرت رسول اکرم - اهواز
1399,انسانی,2165,845,منطقه 2,آموزش ابتدایی - بومی استان همدان,پردیس شهید مقصودی - همدان
1399,انسانی,2165,845,منطقه 2,حقوق,دانشگاه یزد
1399,انسانی,2168,472,منطقه 3,آموزش زبان و ادبیات فارسی - بومی خراسان رضوی,پردیس شهید هاشمی نژاد - مشهد
1399,انسانی,2168,472,منطقه 3,حقوق,دانشگاه فردوسی - مشهد
1399,انسانی,2173,475,منطقه 3,آموزش ابتدایی - بومی استان اصفهان,پردیس فاطمه الزهرا (س) - اصفهان
1399,انسانی,2173,475,منطقه 3,آموزش زبان و ادبیات فارسی - بومی خراسان جنوبی,پردیس شهید بهشتی - مشهد
1399,انسانی,2173,848,منطقه 2,حقوق,دانشگاه مازندران - بابلسر
1399,انسانی,2177,477,منطقه 3,آموزش تربیت بدنی - بومی استان زنجان,پردیس علامه طباطبایی - ارومیه
1399,انسانی,2183,182,ایثارگر-5%,آموزش راهنمایی ومشاوره - بومی آذربایجان شرقی,پردیس فاطمه الزهرا (س) - تبریز
1399,انسانی,2183,479,منطقه 3,آموزش زبان عربی - بومی کردستان,پردیس حضرت معصومه - قم
1399,انسانی,2183,479,منطقه 3,حقوق,دانشگاه بین المللی امام خمینی(ره) - قزوین
1399,انسانی,2183,853,منطقه 1,حقوق,دانشگاه تبریز
1399,انسانی,2191,185,ایثارگر-5%,حقوق,دانشگاه الزهرا(س) - تهران
1399,انسانی,2195,483,منطقه 3,آموزش راهنمایی ومشاوره - بومی استان کرمان,پردیس شهید باهنر - کرمان
1399,انسانی,2195,483,منطقه 3,حقوق,دانشگاه شیراز
1399,انسانی,2198,861,منطقه 1,آموزش زبان عربی - بومی استان تهران,پردیس نسیبه - تهران
1399,انسانی,2200,485,منطقه 3,حقوق,دانشگاه فردوسی - مشهد
1399,انسانی,2200,854,منطقه 2,آموزش علوم اجتماعی - بومی خراسان شمالی,پردیس امام سجاد - بیرجند
1399,انسانی,2200,854,منطقه 2,حقوق,دانشگاه فردوسی - مشهد
1399,انسانی,2205,857,منطقه 2,حسابداری,دانشگاه شهید بهشتی - تهران
1399,انسانی,2205,857,منطقه 2,حقوق,دانشگاه بین المللی امام خمینی(ره) - قزوین
1399,انسانی,2210,487,منطقه 3,آموزش زبان و ادبیات فارسی - بومی کهگیلویه وبویراحمد,پردیس بحرالعلوم - شهرکرد
1399,انسانی,2210,859,منطقه 2,آموزش زبان عربی - بومی خوزستان,پردیس فاطمه الزهرا (س) - اهواز
1399,انسانی,2210,859,منطقه 2,آموزش زبان و ادبیات فارسی - بومی استان زنجان,پردیس شهید باهنر - همدان
1399,انسانی,2216,490,منطقه 3,حقوق,دانشگاه تبریز
1399,انسانی,2216,866,منطقه 1,علوم سیاسی,دانشگاه شهید بهشتی - تهران
1399,انسانی,2221,491,منطقه 3,آموزش کودکان استثنایی - بومی خراسان شمالی,پردیس شهید هاشمی نژاد - مشهد
1399,انسانی,2224,865,منطقه 2,حقوق,دانشگاه بین المللی امام خمینی(ره) - قزوین
1399,انسانی,2224,869,منطقه 1,حقوق,دانشگاه غیرانتفاعی علم و فرهنگ - تهران
1399,انسانی,2228,492,منطقه 3,آموزش راهنمایی ومشاوره - بومی آذربایجان شرقی,پردیس علامه امینی - تبریز
1399,انسانی,2228,492,منطقه 3,آموزش راهنمایی ومشاوره - بومی استان کرمانشاه,پردیس بنت الهدی صدر - سنندج
1399,انسانی,2233,189,ایثارگر-5%,حقوق,دانشگاه سمنان
1399,انسانی,2238,870,منطقه 2,آموزش علوم اجتماعی - بومی استان اصفهان,پردیس نسیبه - تهران
1399,انسانی,2238,870,منطقه 2,حسابداری,دانشگاه اصفهان
1399,انسانی,2238,873,منطقه 1,حسابداری,دانشگاه اصفهان
1399,انسانی,2238,873,منطقه 1,حقوق,دانشگاه شهید مدنی آذربایجان - تبریز
1399,انسانی,2244,497,منطقه 3,آموزش راهنمایی ومشاوره - بومی گلستان,پردیس فاطمه الزهرا(س) ساری
1399,انسانی,2244,497,منطقه 3,آموزش زبان و ادبیات فارسی - بومی لرستان,پردیس بحرالعلوم - شهرکرد
1399,انسانی,2247,499,منطقه 3,آموزش تربیت بدنی - بومی استان اردبیل,پردیس علامه طباطبایی - ارومیه
1399,انسانی,2250,500,منطقه 3,علوم تربیتی,دانشگاه فردوسی - مشهد
1399,انسانی,2254,502,منطقه 3,آموزش الهیات - بومی استان اصفهان,پردیس حضرت معصومه - قم
1399,انسانی,2254,875,منطقه 2,حقوق,دانشگاه شیراز
1399,انسانی,2257,503,منطقه 3,زبان و ادبیات فارسی,دانشگاه علامه طباطبایی - تهران
1399,انسانی,2259,504,منطقه 3,آموزش ابتدایی - بومی مازندران,پردیس فاطمه الزهرا(س) ساری
1399,انسانی,2259,504,منطقه 3,آموزش راهنمایی ومشاوره - بومی گلستان,پردیس امام خمینی - گرگان
1399,انسانی,2263,506,منطقه 3,آموزش ابتدایی - بومی فارس,پردیس شهید باهنر - شیراز
1399,انسانی,2263,506,منطقه 3,آموزش زبان و ادبیات فارسی - بومی لرستان,پردیس بحرالعلوم - شهرکرد
1399,انسانی,2263,878,منطقه 2,آموزش ابتدایی - بومی استان اصفهان,پردیس فاطمه الزهرا (س) - اصفهان
1399,انسانی,2266,880,منطقه 2,حقوق,دانشگاه یزد
1399,انسانی,2268,881,منطقه 2,آموزش راهنمایی ومشاوره - بومی مازندران,پردیس فاطمه الزهرا(س) ساری
1399,انسانی,2270,510,منطقه 3,آموزش زبان عربی - بومی کردستان,پردیس حضرت معصومه - قم
1399,انسانی,2270,882,منطقه 2,آموزش ابتدایی - بومی مازندران,پردیس فاطمه الزهرا(س) ساری
1399,انسانی,2274,193,ایثارگر-5%,حقوق,دانشگاه شیراز
1399,انسانی,2274,884,منطقه 2,آموزش راهنمایی ومشاوره - بومی خراسان رضوی,پردیس شهید بهشتی - مشهد
1399,انسانی,2282,887,منطقه 2,حقوق,دانشگاه مازندران - بابلسر
1399,انسانی,2288,512,منطقه 3,آموزش الهیات - بومی خراسان رضوی,پردیس شهید بهشتی - مشهد
1399,انسانی,2288,889,منطقه 2,آموزش راهنمایی ومشاوره - بومی استان قم,پردیس آیت اله طالقانی - قم
1399,انسانی,2288,889,منطقه 2,فقه و مبانی حقوق اسلامی,دانشگاه تهران (محل تحصیل قم)
1399,انسانی,2292,513,منطقه 3,آموزش راهنمایی ومشاوره - بومی گلستان,پردیس امام خمینی - گرگان
1399,انسانی,2292,892,منطقه 2,آموزش زبان و ادبیات فارسی - بومی البرز,پردیس شهید باهنر - همدان
1399,انسانی,2297,194,ایثارگر-5%,آموزش علوم اجتماعی - بومی کهگیلویه وبویراحمد,پردیس شهید باهنر - اصفهان
1399,انسانی,2297,515,منطقه 3,آموزش راهنمایی ومشاوره - بومی کهگیلویه وبویراحمد,پردیس بحرالعلوم - شهرکرد
1399,انسانی,2300,518,منطقه 3,آموزش زبان و ادبیات فارسی - بومی خراسان رضوی,پردیس شهید هاشمی نژاد - مشهد
1399,انسانی,2300,518,منطقه 3,حقوق,دانشگاه مازندران - بابلسر
1399,انسانی,2303,895,منطقه 2,آموزش زبان و ادبیات فارسی - بومی استان قم,پردیس نسیبه - تهران
1399,انسانی,2304,896,منطقه 2,روانشناسی,دانشگاه اصفهان
1399,انسانی,2307,521,منطقه 3,آموزش زبان عربی - بومی آذربایجان غربی,پردیس شهید رجایی - ارومیه
1399,انسانی,2307,897,منطقه 2,آموزش راهنمایی ومشاوره - بومی گلستان,پردیس امام خمینی - گرگان
1399,انسانی,2310,891,منطقه 1,آموزش الهیات - بومی خراسان رضوی,پردیس شهید هاشمی نژاد - مشهد
1399,انسانی,2310,891,منطقه 1,آموزش راهنمایی ومشاوره - بومی خراسان رضوی,پردیس شهید بهشتی - مشهد
1399,انسانی,2316,898,منطقه 2,مددکاری اجتماعی,دانشگاه علامه طباطبایی - تهران
1399,انسانی,2319,900,منطقه 2,حقوق,دانشگاه گیلان - رشت
1399,انسانی,2324,524,منطقه 3,آموزش راهنمایی ومشاوره - بومی استان کرمان,پردیس خواجه نصیرالدین طوسی - کرمان
1399,انسانی,2324,899,منطقه 1,آموزش راهنمایی ومشاوره - بومی آذربایجان شرقی,پردیس علامه امینی - تبریز
1399,انسانی,2324,902,منطقه 2,آموزش راهنمایی ومشاوره - بومی استان اردبیل,پردیس علامه طباطبایی - اردبیل
1399,انسانی,2330,902,منطقه 1,فقه و مبانی حقوق اسلامی,دانشگاه فردوسی - مشهد
1399,انسانی,2334,905,منطقه 1,مدیریت بازرگانی,دانشگاه اصفهان
1399,انسانی,2334,905,منطقه 2,آموزش کودکان استثنایی - بومی استان یزد,پردیس رسالت - زاهدان
1399,انسانی,2337,526,منطقه 3,حقوق,دانشگاه کردستان - سنندج
1399,انسانی,2339,528,منطقه 3,حقوق,دانشگاه شیراز
1399,انسانی,2345,908,منطقه 2,حقوق,دانشگاه مازندران - بابلسر
1399,انسانی,2345,908,منطقه 2,روانشناسی,دانشگاه مازندران - بابلسر
1399,انسانی,2347,531,منطقه 3,آموزش علوم اجتماعی - بومی خوزستان,پردیس فاطمه الزهرا (س) - اهواز
1399,انسانی,2347,908,منطقه 1,جامعه شناسی,دانشگاه فردوسی - مشهد
1399,انسانی,2349,909,منطقه 1,حقوق,دانشگاه تبریز
1399,انسانی,2353,911,منطقه 2,فقه و مبانی حقوق اسلامی,دانشگاه الزهرا(س) - تهران
1399,انسانی,2353,911,منطقه 2,فقه و مبانی حقوق اسلامی,دانشگاه فردوسی - مشهد
1399,انسانی,2359,914,منطقه 2,اقتصاد,دانشگاه تهران
1399,انسانی,2364,535,منطقه 3,آموزش زبان عربی - بومی گلستان,پردیس شهید بهشتی - مشهد
1399,انسانی,2364,916,منطقه 2,حقوق - بومی استان بوشهر,دانشگاه شیراز
1399,انسانی,2368,918,منطقه 2,آموزش ابتدایی - بومی استان قزوین,پردیس بنت الهدی صدر-قزوین
1399,انسانی,2368,918,منطقه 2,آموزش راهنمایی ومشاوره - بومی مازندران,پردیس دکتر شریعتی - ساری
1399,انسانی,2371,920,منطقه 2,حسابداری,دانشگاه الزهرا(س) - تهران
1399,انسانی,2375,537,منطقه 3,آموزش راهنمایی ومشاوره - بومی فارس,پردیس شهید باهنر - شیراز
1399,انسانی,2375,916,منطقه 1,جامعه شناسی,دانشگاه اصفهان
1399,انسانی,2379,918,منطقه 1,حسابداری,دانشگاه خوارزمی تهران
1399,انسانی,2382,919,منطقه 1,حقوق,دانشگاه بیرجند
1399,انسانی,2384,540,منطقه 3,آموزش زبان و ادبیات فارسی - بومی خراسان رضوی,پردیس شهید هاشمی نژاد - مشهد
1399,انسانی,2387,541,منطقه 3,آموزش الهیات - بومی استان ایلام,پردیس حضرت رسول اکرم - اهواز
1399,انسانی,2387,925,منطقه 2,حقوق,دانشکده علوم انسانی حضرت معصومه_قم(ویژه خواهران)
1399,انسانی,2390,543,منطقه 3,آموزش علوم اجتماعی - بومی خوزستان,پردیس فاطمه الزهرا (س) - اهواز
1399,انسانی,2392,545,منطقه 3,آموزش الهیات - بومی کردستان,پردیس حضرت معصومه - قم
1399,انسانی,2392,545,منطقه 3,آموزش کودکان استثنایی - بومی خراسان جنوبی,پردیس رسالت - زاهدان
1399,انسانی,2397,927,منطقه 2,روانشناسی,دانشگاه بوعلی سینا - همدان
1399,انسانی,2397,927,منطقه 2,فقه و مبانی حقوق اسلامی,دانشگاه فردوسی - مشهد
1399,انسانی,2397,927,منطقه 2,کارشناسی ارشد پیوسته معارف اسلامی و حقوق,دانشگاه شهید باهنر - کرمان
1399,انسانی,2406,925,منطقه 1,مشاوره,دانشگاه اصفهان
1399,انسانی,2406,932,منطقه 2,آموزش زبان عربی - بومی البرز,پردیس نسیبه - تهران
1399,انسانی,2410,933,منطقه 2,آموزش تربیت بدنی - بومی خراسان جنوبی,پردیس شهید بهشتی - مشهد
1399,انسانی,2413,551,منطقه 3,آموزش راهنمایی ومشاوره - بومی کردستان,پردیس شهید مدرس - سنندج
1399,انسانی,2423,204,ایثارگر-5%,آموزش راهنمایی ومشاوره - بومی فارس,پردیس شهید رجایی - شیراز
1399,انسانی,2423,937,منطقه 2,فلسفه,دانشگاه شهید بهشتی - تهران
1399,انسانی,2428,557,منطقه 3,آموزش زبان و ادبیات فارسی - بومی استان کرمان,پردیس رسالت - زاهدان
1399,انسانی,2428,939,منطقه 2,آموزش راهنمایی ومشاوره - بومی لرستان,پردیس فاطمه الزهرا (س) - اصفهان
1399,انسانی,2432,558,منطقه 3,آموزش ابتدایی - بومی استان قم,پردیس حضرت معصومه - قم
1399,انسانی,2432,941,منطقه 2,روانشناسی,دانشگاه خوارزمی - تهران (محل تحصیل کرج)
1399,انسانی,2442,562,منطقه 3,روانشناسی,دانشگاه خوارزمی - تهران (محل تحصیل کرج)
1399,انسانی,2447,565,منطقه 3,آموزش تربیت بدنی - بومی خوزستان,پردیس فاطمه الزهرا (س) - اهواز
1399,انسانی,2447,937,منطقه 1,مدیریت دولتی,دانشگاه شهید بهشتی - تهران
1399,انسانی,2447,945,منطقه 2,آموزش الهیات - بومی مازندران,پردیس دکتر شریعتی - ساری
1399,انسانی,2447,945,منطقه 2,حقوق,دانشگاه شیراز
1399,انسانی,2454,947,منطقه 2,مدیریت مالی,دانشگاه خوارزمی تهران
1399,انسانی,2462,571,منطقه 3,آموزش زبان و ادبیات فارسی - بومی استان اردبیل,پردیس شهید باهنر - همدان
1399,انسانی,2462,571,منطقه 3,آموزش زبان و ادبیات فارسی - بومی فارس,پردیس شهید باهنر - شیراز
1399,انسانی,2462,952,منطقه 2,مشاوره,دانشگاه الزهرا(س) - تهران
1399,انسانی,2465,954,منطقه 2,علوم ورزشی,دانشگاه تهران
1399,انسانی,2474,211,ایثارگر-5%,حقوق,دانشگاه شاهد - تهران
1399,انسانی,2474,960,منطقه 2,آموزش زبان و ادبیات فارسی - بومی استان اصفهان,پردیس شهید باهنر - اصفهان
1399,انسانی,2478,962,منطقه 2,حقوق,دانشگاه گیلان - رشت
1399,انسانی,2484,965,منطقه 2,آموزش ابتدایی - بومی استان همدان,پردیس شهید باهنر - همدان
1399,انسانی,2484,965,منطقه 2,حقوق,دانشگاه فردوسی - مشهد
1399,انسانی,2484,965,منطقه 2,حقوق,دانشگاه مازندران - بابلسر
1399,انسانی,2489,576,منطقه 3,آموزش راهنمایی ومشاوره - بومی آذربایجان شرقی,پردیس فاطمه الزهرا (س) - تبریز
1399,انسانی,2489,576,منطقه 3,آموزش راهنمایی ومشاوره - بومی استان اردبیل,پردیس علامه طباطبایی - اردبیل
1399,انسانی,2493,215,ایثارگر-5%,حقوق,دانشگاه تبریز
1399,انسانی,2501,971,منطقه 2,آموزش زبان و ادبیات فارسی - بومی گلستان,پردیس امام محمد باقر - بجنورد
1399,انسانی,2501,971,منطقه 2,حسابداری,دانشگاه بوعلی سینا - همدان
1399,انسانی,2501,971,منطقه 2,روانشناسی,دانشگاه یزد
1399,انسانی,2506,975,منطقه 2,آموزش راهنمایی ومشاوره - بومی مازندران,پردیس فاطمه الزهرا(س) ساری
1399,انسانی,2506,975,منطقه 2,حقوق,دانشگاه یزد
1399,انسانی,2511,978,منطقه 2,آموزش زبان انگلیسی - بومی مازندران,پردیس نسیبه - تهران
1399,انسانی,2515,956,منطقه 1,آموزش ابتدایی - بومی استان اصفهان,پردیس فاطمه الزهرا (س) - اصفهان
1399,انسانی,2522,582,منطقه 3,آموزش راهنمایی ومشاوره - بومی آذربایجان شرقی,پردیس علامه امینی - تبریز
1399,انسانی,2526,219,ایثارگر-5%,حقوق,دانشگاه الزهرا(س) - تهران
1399,انسانی,2526,983,منطقه 2,آموزش زبان و ادبیات فارسی - بومی استان اردبیل,پردیس شهید باهنر - همدان
1399,انسانی,2530,961,منطقه 1,حسابداری,دانشگاه خوارزمی تهران
1399,انسانی,2532,986,منطقه 2,روانشناسی,دانشگاه یزد
1399,انسانی,2532,986,منطقه 2,کارشناسی ارشد پیوسته معارف اسلامی و حقوق,دانشگاه شهید باهنر - کرمان
1399,انسانی,2536,988,منطقه 2,آموزش زبان و ادبیات فارسی - بومی فارس,پردیس شهید رجایی - شیراز
1399,انسانی,2539,989,منطقه 2,روانشناسی,دانشگاه اصفهان
1399,انسانی,2542,587,منطقه 3,آموزش زبان و ادبیات فارسی - بومی کردستان,پردیس شهید مدرس - سنندج
1399,انسانی,2545,994,منطقه 2,آموزش ابتدایی - بومی خراسان جنوبی,پردیس امام سجادبیرجند بنت الهدی صدرفردوس
1399,انسانی,2545,994,منطقه 2,آموزش راهنمایی ومشاوره - بومی استان اصفهان,پردیس فاطمه الزهرا (س) - اصفهان
1399,انسانی,2548,997,منطقه 2,جامعه شناسی,دانشگاه تهران
1399,انسانی,2554,224,ایثارگر-5%,علوم سیاسی,دانشگاه تهران
1399,انسانی,2554,590,منطقه 3,آموزش ابتدایی - بومی فارس,پردیس شهید باهنر - شیراز
1399,انسانی,2554,590,منطقه 3,آموزش ابتدایی - بومی چهارمحال وبختیاری,پردیس شهید باهنر - شهرکرد
1399,انسانی,2554,590,منطقه 3,آموزش راهنمایی ومشاوره - بومی استان کرمانشاه,پردیس شهید صدوقی - کرمانشاه
1399,انسانی,2554,966,منطقه 1,مدیریت بازرگانی,دانشگاه اصفهان
1399,انسانی,2554,999,منطقه 2,آموزش راهنمایی ومشاوره - بومی لرستان,پردیس علامه طباطبایی - خرم آباد
1399,انسانی,2562,970,منطقه 1,آموزش راهنمایی ومشاوره - بومی خراسان رضوی,پردیس شهید بهشتی - مشهد
1399,انسانی,2568,226,ایثارگر-5%,حقوق,دانشگاه تهران (محل تحصیل قم)
1399,انسانی,2568,594,منطقه 3,علوم تربیتی,دانشگاه الزهرا(س) - تهران
1399,انسانی,2568,973,منطقه 1,حقوق,دانشگاه قم
1399,انسانی,2573,227,ایثارگر-5%,حقوق,دانشگاه تبریز
1399,انسانی,2577,596,منطقه 3,آموزش الهیات - بومی آذربایجان غربی,پردیس علامه طباطبایی - ارومیه
1399,انسانی,2577,596,منطقه 3,آموزش راهنمایی ومشاوره - بومی گلستان,پردیس امام خمینی - گرگان
1399,انسانی,2588,231,ایثارگر-5%,روانشناسی,دانشگاه مازندران - بابلسر
1399,انسانی,2588,599,منطقه 3,آموزش الهیات - بومی آذربایجان شرقی,پردیس علامه طباطبایی - ارومیه
1399,انسانی,2588,599,منطقه 3,آموزش زبان و ادبیات فارسی - بومی استان تهران,پردیس نسیبه - تهران
1399,انسانی,2596,985,منطقه 1,مشاوره,دانشگاه اصفهان
1399,انسانی,2604,234,ایثارگر-5%,حقوق,دانشگاه گیلان - رشت
1399,انسانی,2604,990,منطقه 1,آموزش جغرافیا - بومی استان تهران,پردیس نسیبه - تهران
1399,انسانی,2607,602,منطقه 3,روانشناسی,دانشگاه فردوسی - مشهد
1399,انسانی,2616,994,منطقه 1,آموزش زبان و ادبیات فارسی - بومی خراسان رضوی,پردیس شهید بهشتی - مشهد
1399,انسانی,2619,603,منطقه 3,آموزش تربیت بدنی - بومی کردستان,پردیس علامه طباطبایی - ارومیه
1399,انسانی,2624,604,منطقه 3,آموزش ابتدایی - بومی استان تهران,پردیس زینبیه - پیشوا (ورامین)
1399,انسانی,2632,606,منطقه 3,آموزش راهنمایی ومشاوره - بومی استان اصفهان,پردیس شهید باهنر - اصفهان
1399,انسانی,2635,607,منطقه 3,آموزش جغرافیا - بومی آذربایجان شرقی,پردیس امیر کبیر - کرج
1399,انسانی,2639,237,ایثارگر-5%,آموزش ابتدایی - بومی چهارمحال وبختیاری,پردیس شهید باهنر - شهرکرد
1399,انسانی,2639,608,منطقه 3,فقه و مبانی حقوق اسلامی,دانشگاه تهران
1399,انسانی,2646,609,منطقه 3,آموزش زبان عربی - بومی استان تهران,پردیس شهید مفتح - شهرری
1399,انسانی,2648,610,منطقه 3,آموزش زبان و ادبیات فارسی - بومی خراسان شمالی,پردیس امام محمد باقر - بجنورد
1399,انسانی,2653,612,منطقه 3,آموزش علوم اجتماعی - بومی خراسان رضوی,پردیس امام سجاد - بیرجند
1399,انسانی,2658,614,منطقه 3,آموزش راهنمایی ومشاوره - بومی کردستان,پردیس شهید مدرس - سنندج
1399,انسانی,2658,614,منطقه 3,آموزش زبان عربی - بومی سیستان وبلوچستان,پردیس شهید بهشتی - مشهد
1399,انسانی,2662,616,منطقه 3,آموزش زبان عربی - بومی خوزستان,پردیس فاطمه الزهرا (س) - اهواز
1399,انسانی,2662,616,منطقه 3,مدیریت مالی,دانشگاه شهید بهشتی - تهران
1399,انسانی,2667,620,منطقه 3,آموزش راهنمایی ومشاوره - بومی کردستان,پردیس شهید رجایی - قزوین
1399,انسانی,2675,239,ایثارگر-5%,آموزش زبان و ادبیات فارسی - بومی استان کرمان,پردیس خواجه نصیرالدین طوسی - کرمان
1399,انسانی,2675,239,ایثارگر-5%,حقوق,دانشگاه شهید مدنی آذربایجان - تبریز
1399,انسانی,2679,624,منطقه 3,آموزش علوم اجتماعی - بومی خوزستان,پردیس فاطمه الزهرا (س) - اهواز
1399,انسانی,2687,241,ایثارگر-5%,روانشناسی,دانشگاه گیلان - رشت
1399,انسانی,2687,626,منطقه 3,آموزش تاریخ - بومی خراسان جنوبی,پردیس نسیبه - تهران
1399,انسانی,2692,242,ایثارگر-5%,علوم ارتباطات اجتماعی,دانشگاه تهران
1399,انسانی,2707,632,منطقه 3,آموزش زبان و ادبیات فارسی - بومی گلستان,پردیس امام محمد باقر - بجنورد
1399,انسانی,2711,247,ایثارگر-5%,حقوق,دانشگاه شیراز
1399,انسانی,2712,633,منطقه 3,آموزش زبان و ادبیات فارسی - بومی گیلان,پردیس دکتر شریعتی - ساری
1399,انسانی,2731,635,منطقه 3,آموزش زبان و ادبیات فارسی - بومی هرمزگان,پردیس شهید باهنر - شیراز
1399,انسانی,2736,638,منطقه 3,آموزش الهیات - بومی خراسان رضوی,پردیس شهید هاشمی نژاد - مشهد
1399,انسانی,2772,648,منطقه 3,آموزش علوم اجتماعی - بومی فارس,پردیس شهید بهشتی - بندرعباس
1399,انسانی,2801,655,منطقه 3,آموزش زبان و ادبیات فارسی - بومی خراسان رضوی,پردیس شهید بهشتی - مشهد
1399,انسانی,2803,657,منطقه 3,آموزش ابتدایی - بومی لرستان,پردیس آیت اله کمال وند - خرم آباد
1399,انسانی,2805,659,منطقه 3,آموزش راهنمایی ومشاوره - بومی استان قزوین,پردیس شهید رجایی - قزوین
1399,انسانی,2807,252,ایثارگر-5%,مشاوره,دانشگاه اصفهان
1399,انسانی,2807,660,منطقه 3,آموزش راهنمایی ومشاوره - بومی لرستان,پردیس علامه طباطبایی - خرم آباد
1399,انسانی,2811,662,منطقه 3,آموزش ابتدایی - بومی خراسان رضوی,پردیس شهید هاشمی نژاد - مشهد
1399,انسانی,2837,666,منطقه 3,علوم سیاسی,دانشگاه تهران
1399,انسانی,2852,671,منطقه 3,آموزش ابتدایی - بومی مرکزی,پردیس زینب کبری (س) - اراک
1399,انسانی,2854,672,منطقه 3,آموزش زبان و ادبیات فارسی - بومی استان تهران,پردیس نسیبه - تهران
1399,انسانی,2858,674,منطقه 3,آموزش ابتدایی - بومی استان کرمان,پردیس شهید باهنر - کرمان
1399,انسانی,2858,674,منطقه 3,آموزش زبان و ادبیات فارسی - بومی آذربایجان غربی,پردیس شهید رجایی - ارومیه
1399,انسانی,2870,676,منطقه 3,آموزش ابتدایی - بومی استان کرمانشاه,پردیس شهید صدوقی - کرمانشاه
1399,انسانی,2872,677,منطقه 3,آموزش زبان و ادبیات فارسی - بومی سیستان وبلوچستان,پردیس رسالت - زاهدان
1399,انسانی,2876,678,منطقه 3,آموزش راهنمایی ومشاوره - بومی کردستان,پردیس شهید رجایی - قزوین
1399,انسانی,2885,681,منطقه 3,آموزش راهنمایی ومشاوره - بومی استان ایلام,پردیس بنت الهدی صدر - سنندج
1399,انسانی,2891,683,منطقه 3,آموزش راهنمایی ومشاوره - بومی چهارمحال وبختیاری,پردیس بحرالعلوم - شهرکرد
1399,انسانی,2895,685,منطقه 3,آموزش راهنمایی ومشاوره - بومی لرستان,پردیس فاطمه الزهرا (س) - اصفهان
1399,انسانی,2898,259,ایثارگر-5%,آموزش الهیات - بومی استان ایلام,پردیس فاطمه الزهرا (س) - اهواز
1399,انسانی,2903,688,منطقه 3,آموزش ابتدایی - بومی استان کرمانشاه,پردیس شهید صدوقی - کرمانشاه
1399,انسانی,2903,688,منطقه 3,آموزش علوم اجتماعی - بومی آذربایجان غربی,پردیس شهید مقصودی - همدان
1399,انسانی,2911,691,منطقه 3,آموزش راهنمایی ومشاوره - بومی فارس,پردیس شهید باهنر - کرمان
1399,انسانی,2917,692,منطقه 3,آموزش زبان و ادبیات فارسی - بومی استان زنجان,پردیس شهید مدرس - سنندج
1399,انسانی,2922,693,منطقه 3,روانشناسی,دانشگاه خوارزمی - تهران (محل تحصیل کرج)
1399,انسانی,2931,696,منطقه 3,آموزش زبان عربی - بومی استان کرمان,پردیس حضرت معصومه - قم
1399,انسانی,2936,698,منطقه 3,آموزش زبان عربی - بومی استان قزوین,پردیس نسیبه - تهران
1399,انسانی,2943,700,منطقه 3,آموزش راهنمایی ومشاوره - بومی خراسان رضوی,پردیس شهید بهشتی - مشهد
1399,انسانی,2943,700,منطقه 3,آموزش زبان عربی - بومی خوزستان,پردیس حضرت رسول اکرم - اهواز
1399,انسانی,2950,261,ایثارگر-5%,اقتصاد,دانشگاه تهران
1399,انسانی,2950,702,منطقه 3,آموزش ابتدایی - بومی کردستان,پردیس بنت الهدی صدر - سنندج
1399,انسانی,2950,702,منطقه 3,زبان و ادبیات فارسی,دانشگاه شهید بهشتی - تهران
1399,انسانی,2952,704,منطقه 3,آموزش راهنمایی ومشاوره - بومی کردستان,پردیس بنت الهدی صدر - سنندج
1399,انسانی,2955,705,منطقه 3,آموزش زبان عربی - بومی استان کرمان,پردیس حضرت معصومه - قم
1399,انسانی,2959,706,منطقه 3,آموزش ابتدایی - بومی خراسان جنوبی,پردیس شهید باهنر - بیرجند
1399,انسانی,2968,707,منطقه 3,آموزش زبان و ادبیات فارسی - بومی مازندران,پردیس فاطمه الزهرا(س) ساری
1399,انسانی,2977,708,منطقه 3,آموزش زبان و ادبیات فارسی - بومی لرستان,پردیس شهید باهنر - شهرکرد
1399,انسانی,2980,263,ایثارگر-5%,آموزش زبان و ادبیات فارسی - بومی خراسان رضوی,پردیس شهید بهشتی - مشهد
1399,انسانی,2983,710,منطقه 3,آموزش زبان و ادبیات فارسی - بومی گلستان,پردیس امام محمد باقر - بجنورد
1399,انسانی,2987,712,منطقه 3,آموزش راهنمایی ومشاوره - بومی کردستان,پردیس شهید صدوقی - کرمانشاه
1399,انسانی,2993,714,منطقه 3,آموزش راهنمایی ومشاوره - بومی استان بوشهر,پردیس شهید باهنر - شیراز
1399,انسانی,3002,715,منطقه 3,آموزش علوم اجتماعی - بومی خراسان جنوبی,پردیس شهید بهشتی - مشهد
1399,انسانی,3007,716,منطقه 3,آموزش راهنمایی ومشاوره - بومی لرستان,پردیس فاطمه الزهرا (س) - اصفهان
1399,انسانی,3007,716,منطقه 3,آموزش راهنمایی ومشاوره - بومی کردستان,پردیس شهید مدرس - سنندج
1399,انسانی,3014,266,ایثارگر-5%,حقوق,دانشگاه شیراز
1399,انسانی,3022,722,منطقه 3,آموزش تاریخ - بومی خراسان شمالی,پردیس شهید باهنر - بیرجند
1399,انسانی,3022,722,منطقه 3,آموزش زبان عربی - بومی استان تهران,پردیس نسیبه - تهران
1399,انسانی,3022,722,منطقه 3,آموزش زبان و ادبیات فارسی - بومی مازندران,پردیس دکتر شریعتی - ساری
1399,انسانی,3026,724,منطقه 3,آموزش راهنمایی ومشاوره - بومی کردستان,پردیس بنت الهدی صدر - سنندج
1399,انسانی,3033,267,ایثارگر-5%,آموزش راهنمایی ومشاوره - بومی استان سمنان,پردیس دکتر شریعتی - ساری
1399,انسانی,3033,726,منطقه 3,آموزش راهنمایی ومشاوره - بومی کردستان,پردیس شهید رجایی - قزوین
1399,انسانی,3035,727,منطقه 3,آموزش علوم اجتماعی - بومی هرمزگان,پردیس فاطمه الزهرا (س) - بندرعباس
1399,انسانی,3046,268,ایثارگر-5%,روانشناسی,دانشگاه شاهد - تهران
1399,انسانی,3055,732,منطقه 3,آموزش راهنمایی ومشاوره - بومی استان کرمان,پردیس شهید پاک نژاد - یزد
1399,انسانی,3061,734,منطقه 3,آموزش راهنمایی ومشاوره - بومی استان کرمان,پردیس شهید پاک نژاد - یزد
1399,انسانی,3067,735,منطقه 3,حقوق,دانشگاه یزد
1399,انسانی,3081,738,منطقه 3,آموزش راهنمایی ومشاوره - بومی گلستان,پردیس آیت الله خامنه ای - گرگان
1399,انسانی,3086,740,منطقه 3,آموزش زبان عربی - بومی خوزستان,پردیس حضرت رسول اکرم - اهواز
1399,انسانی,3092,743,منطقه 3,آموزش راهنمایی ومشاوره - بومی استان اردبیل,پردیس شهید رجایی - قزوین
1399,انسانی,3092,743,منطقه 3,مشاوره,دانشگاه رازی کرمانشاه
1399,انسانی,3098,747,منطقه 3,اقتصاد,دانشگاه تهران
1399,انسانی,3105,269,ایثارگر-5%,حقوق,دانشگاه فردوسی - مشهد
1399,انسانی,3105,750,منطقه 3,آموزش جغرافیا - بومی گلستان,پردیس نسیبه - تهران
1399,انسانی,3105,750,منطقه 3,آموزش علوم اجتماعی - بومی خوزستان,پردیس فاطمه الزهرا (س) - اهواز
1399,انسانی,3109,270,ایثارگر-5%,مشاوره,دانشگاه الزهرا(س) - تهران
1399,انسانی,3118,271,ایثارگر-5%,آموزش راهنمایی ومشاوره - بومی آذربایجان غربی,پردیس شهید صدوقی - کرمانشاه
1399,انسانی,3118,753,منطقه 3,فقه و مبانی حقوق اسلامی,دانشگاه تهران
1399,انسانی,3132,758,منطقه 3,مدیریت مالی,دانشگاه شهید بهشتی - تهران
1399,انسانی,3143,275,ایثارگر-5%,آموزش ابتدایی - بومی گلستان,پردیس امام خمینی - گرگان
1399,انسانی,3155,765,منطقه 3,آموزش ابتدایی - بومی کهگیلویه وبویراحمد,پردیس کوثر - یاسوج
1399,انسانی,3160,767,منطقه 3,آموزش ابتدایی - بومی خراسان رضوی,پردیس شهید هاشمی نژاد - مشهد
1399,انسانی,3160,767,منطقه 3,آموزش زبان عربی - بومی سیستان وبلوچستان,پردیس شهید بهشتی - مشهد
1399,انسانی,3165,769,منطقه 3,آموزش علوم اجتماعی - بومی استان بوشهر,پردیس فاطمه الزهرا (س) - بندرعباس
1399,انسانی,3168,277,ایثارگر-5%,آموزش ابتدایی - بومی مازندران,پردیس فاطمه الزهرا(س) ساری
1399,انسانی,3168,770,منطقه 3,آموزش تاریخ - بومی کردستان,پردیس حکیم ابوالقاسم فردوسی - کرج
1399,انسانی,3172,772,منطقه 3,آموزش راهنمایی ومشاوره - بومی استان کرمان,پردیس شهید پاک نژاد - یزد
1399,انسانی,3177,774,منطقه 3,آموزش الهیات - بومی گلستان,پردیس فاطمه الزهرا(س) ساری
1399,انسانی,3177,774,منطقه 3,آموزش راهنمایی ومشاوره - بومی خراسان جنوبی,پردیس شهید باهنر - بیرجند
1399,انسانی,3177,774,منطقه 3,آموزش راهنمایی ومشاوره - بومی خراسان رضوی,پردیس شهید بهشتی - مشهد
1399,انسانی,3181,278,ایثارگر-5%,حقوق,دانشگاه شیراز
1399,انسانی,3181,777,منطقه 3,آموزش راهنمایی ومشاوره - بومی سیستان وبلوچستان,پردیس شهید باهنر - کرمان
1399,انسانی,3187,779,منطقه 3,آموزش الهیات - بومی استان کرمان,پردیس فاطمه الزهرا (س) - یزد
1399,انسانی,3195,279,ایثارگر-5%,آموزش راهنمایی ومشاوره - بومی استان کرمان,پردیس امام سجاد - بیرجند
1399,انسانی,3195,781,منطقه 3,آموزش زبان عربی - بومی فارس,پردیس حضرت معصومه - قم
1399,انسانی,3199,783,منطقه 3,آموزش راهنمایی ومشاوره - بومی گلستان,پردیس امام خمینی - گرگان
1399,انسانی,3203,784,منطقه 3,مدیریت مالی,دانشگاه شهید بهشتی - تهران
1399,انسانی,3207,280,ایثارگر-5%,آموزش زبان عربی - بومی کهگیلویه وبویراحمد,پردیس آیت اله طالقانی - قم
1399,انسانی,3207,786,منطقه 3,آموزش تربیت بدنی - بومی گلستان,پردیس شهید هاشمی نژاد - مشهد
1399,انسانی,3213,789,منطقه 3,آموزش ابتدایی - بومی فارس,پردیس شهید باهنر - شیراز
1399,انسانی,3213,789,منطقه 3,آموزش الهیات - بومی سیستان وبلوچستان,پردیس فاطمه الزهرا (س) - یزد
1399,انسانی,3217,791,منطقه 3,آموزش راهنمایی ومشاوره - بومی استان همدان,پردیس شهید مقصودی - همدان
1399,انسانی,3224,281,ایثارگر-5%,روانشناسی,دانشگاه بین المللی امام خمینی(ره) - قزوین
1399,انسانی,3224,793,منطقه 3,آموزش راهنمایی ومشاوره - بومی استان همدان,پردیس شهید مقصودی - همدان
1399,انسانی,3241,797,منطقه 3,آموزش راهنمایی ومشاوره - بومی هرمزگان,پردیس شهید بهشتی - بندرعباس
1399,انسانی,3244,798,منطقه 3,آموزش جغرافیا - بومی استان کرمان,پردیس نسیبه - تهران
1399,انسانی,3248,800,منطقه 3,حقوق,دانشگاه شیراز
1399,انسانی,3260,804,منطقه 3,آموزش زبان عربی - بومی لرستان,پردیس آیت اله طالقانی - قم
1399,انسانی,3264,806,منطقه 3,حقوق,دانشگاه شیراز
1399,انسانی,3286,288,ایثارگر-5%,آموزش ابتدایی - بومی استان اصفهان,پردیس فاطمه الزهرا (س) - اصفهان
1399,انسانی,3291,289,ایثارگر-5%,آموزش ابتدایی - بومی خراسان جنوبی,پردیس شهید باهنر - بیرجند
1399,انسانی,3295,291,ایثارگر-5%,فقه و مبانی حقوق اسلامی,دانشگاه فردوسی - مشهد
1399,انسانی,3300,812,منطقه 3,آموزش ابتدایی - بومی استان زنجان,پردیس فاطمه الزهرا (س) - زنجان
1399,انسانی,3300,812,منطقه 3,آموزش راهنمایی ومشاوره - بومی خراسان رضوی,پردیس شهید بهشتی - مشهد
1399,انسانی,3326,819,منطقه 3,آموزش ابتدایی - بومی لرستان,پردیس آیت اله کمال وند - خرم آباد
1399,انسانی,3332,821,منطقه 3,مددکاری اجتماعی,دانشگاه فردوسی - مشهد
1399,انسانی,3342,823,منطقه 3,آموزش زبان و ادبیات فارسی - بومی چهارمحال وبختیاری,پردیس بحرالعلوم - شهرکرد
1399,انسانی,3346,825,منطقه 3,آموزش زبان و ادبیات فارسی - بومی آذربایجان غربی,پردیس علامه طباطبایی - ارومیه
1399,انسانی,3349,827,منطقه 3,آموزش زبان و ادبیات فارسی - بومی استان کرمان,پردیس خواجه نصیرالدین طوسی - کرمان
1399,انسانی,3352,829,منطقه 3,آموزش الهیات - بومی خراسان رضوی,پردیس شهید هاشمی نژاد - مشهد
1399,انسانی,3356,830,منطقه 3,آموزش الهیات - بومی کهگیلویه وبویراحمد,پردیس شهید رجایی - شیراز
1399,انسانی,3373,297,ایثارگر-5%,آموزش زبان و ادبیات فارسی - بومی استان تهران,پردیس نسیبه - تهران
1399,انسانی,3373,836,منطقه 3,آموزش زبان و ادبیات فارسی - بومی خراسان رضوی,پردیس شهید هاشمی نژاد - مشهد
1399,انسانی,3380,298,ایثارگر-5%,آموزش راهنمایی ومشاوره - بومی آذربایجان شرقی,پردیس شهید رجایی - ارومیه
1399,انسانی,3386,840,منطقه 3,آموزش ابتدایی - بومی خراسان رضوی,پردیس شهید هاشمی نژاد - مشهد
1399,انسانی,3386,840,منطقه 3,آموزش زبان و ادبیات فارسی - بومی مازندران,پردیس دکتر شریعتی - ساری
1399,انسانی,3396,843,منطقه 3,آموزش ابتدایی - بومی استان ایلام,پردیس امام جعفر صادق - ایلام
1399,انسانی,3416,849,منطقه 3,آموزش ابتدایی - بومی کردستان,پردیس بنت الهدی صدر - سنندج
1399,انسانی,3416,849,منطقه 3,آموزش راهنمایی ومشاوره - بومی کردستان,پردیس شهید صدوقی - کرمانشاه
1399,انسانی,3448,856,منطقه 3,آموزش راهنمایی ومشاوره - بومی آذربایجان شرقی,پردیس علامه امینی - تبریز
1399,انسانی,3448,856,منطقه 3,آموزش زبان و ادبیات فارسی - بومی گلستان,پردیس امام محمد باقر - بجنورد
1399,انسانی,3453,858,منطقه 3,آموزش ابتدایی - بومی استان کرمانشاه,پردیس شهید صدوقی - کرمانشاه
1399,انسانی,3459,860,منطقه 3,مدیریت بازرگانی,دانشگاه فردوسی - مشهد
1399,انسانی,3464,862,منطقه 3,آموزش ابتدایی - بومی استان زنجان,پردیس شهید بهشتی - زنجان
1399,انسانی,3469,863,منطقه 3,روانشناسی,دانشگاه مازندران - بابلسر
1399,انسانی,3474,864,منطقه 3,آموزش زبان و ادبیات فارسی - بومی آذربایجان غربی,پردیس علامه طباطبایی - ارومیه
1399,انسانی,3474,864,منطقه 3,حسابداری,دانشگاه تهران
1399,انسانی,3478,866,منطقه 3,آموزش زبان عربی - بومی استان کرمان,پردیس حضرت معصومه - قم
1399,انسانی,3478,866,منطقه 3,فقه و حقوق اسلامی,دانشکده غیر دولتی شهید مطهری - تهران
1399,انسانی,3483,869,منطقه 3,آموزش زبان و ادبیات فارسی - بومی فارس,پردیس شهید باهنر - شیراز
1399,انسانی,3483,869,منطقه 3,مدیریت امور بانکی,دانشگاه خوارزمی تهران
1399,انسانی,3497,304,ایثارگر-5%,آموزش راهنمایی ومشاوره - بومی گلستان,پردیس امام خمینی - گرگان
1399,انسانی,3497,874,منطقه 3,آموزش راهنمایی ومشاوره - بومی فارس,پردیس شهید رجایی - شیراز
1399,انسانی,3502,876,منطقه 3,حقوق,دانشگاه سمنان
1399,انسانی,3508,877,منطقه 3,آموزش ابتدایی - بومی لرستان,پردیس آیت اله کمال وند - خرم آباد
1399,انسانی,3508,877,منطقه 3,آموزش راهنمایی ومشاوره - بومی گیلان,پردیس بنت الهدی صدر - رشت
1399,انسانی,3521,306,ایثارگر-5%,روانشناسی,دانشگاه شاهد - تهران
1399,انسانی,3521,880,منطقه 3,آموزش علوم اجتماعی - بومی استان اصفهان,پردیس نسیبه - تهران
1399,انسانی,3530,882,منطقه 3,آموزش علوم اجتماعی - بومی خوزستان,پردیس حضرت رسول اکرم - اهواز
1399,انسانی,3550,885,منطقه 3,حقوق,دانشگاه الزهرا(س) - تهران
1399,انسانی,3554,310,ایثارگر-5%,علوم تربیتی,دانشگاه تهران
1399,انسانی,3554,886,منطقه 3,آموزش راهنمایی ومشاوره - بومی کهگیلویه وبویراحمد,پردیس فاطمه الزهرا (س) - اصفهان
1399,انسانی,3561,889,منطقه 3,فقه و مبانی حقوق اسلامی,دانشگاه شیراز
1399,انسانی,3571,893,منطقه 3,آموزش زبان عربی - بومی استان کرمان,پردیس آیت اله طالقانی - قم
1399,انسانی,3571,893,منطقه 3,آموزش زبان و ادبیات فارسی - بومی آذربایجان شرقی,پردیس شهید رجایی - ارومیه
1399,انسانی,3575,895,منطقه 3,آموزش راهنمایی ومشاوره - بومی استان اردبیل,پردیس علامه طباطبایی - اردبیل
1399,انسانی,3585,898,منطقه 3,آموزش راهنمایی ومشاوره - بومی آذربایجان غربی,پردیس شهید رجایی - ارومیه
1399,انسانی,3585,898,منطقه 3,روزنامه نگاری,دانشگاه صدا و سیمای جمهوری اسلامی ایران
1399,انسانی,3609,312,ایثارگر-5%,حقوق,دانشگاه شاهد - تهران
1399,انسانی,3615,906,منطقه 3,آموزش زبان و ادبیات فارسی - بومی خراسان رضوی,پردیس شهید بهشتی - مشهد
1399,انسانی,3615,906,منطقه 3,حقوق,دانشگاه گیلان - رشت
1399,انسانی,3621,315,ایثارگر-5%,آموزش راهنمایی ومشاوره - بومی استان قزوین,پردیس شهید بهشتی - زنجان
1399,انسانی,3627,909,منطقه 3,آموزش ابتدایی - بومی کهگیلویه وبویراحمد,پردیس کوثر - یاسوج
1399,انسانی,3638,912,منطقه 3,آموزش ابتدایی - بومی خراسان رضوی,پردیس شهید هاشمی نژاد - مشهد
1399,انسانی,3638,912,منطقه 3,آموزش زبان عربی - بومی استان تهران,پردیس نسیبه - تهران
1399,انسانی,3653,917,منطقه 3,آموزش زبان عربی - بومی خوزستان,پردیس حضرت رسول اکرم - اهواز
1399,انسانی,3653,917,منطقه 3,اقتصاد,دانشگاه علامه طباطبایی - تهران
1399,انسانی,3658,919,منطقه 3,آموزش راهنمایی ومشاوره - بومی خراسان رضوی,پردیس شهید هاشمی نژاد - مشهد
1399,انسانی,3672,922,منطقه 3,آموزش راهنمایی ومشاوره - بومی لرستان,پردیس فاطمه الزهرا (س) - اصفهان
1399,انسانی,3672,922,منطقه 3,حقوق,دانشگاه بیرجند
1399,انسانی,3678,925,منطقه 3,آموزش ابتدایی - بومی استان کرمان,پردیس شهید باهنر - کرمان
1399,انسانی,3683,928,منطقه 3,آموزش ابتدایی - بومی استان اصفهان,پردیس فاطمه الزهرا (س) - اصفهان
1399,انسانی,3683,928,منطقه 3,حقوق,دانشگاه قم
1399,انسانی,3688,320,ایثارگر-5%,حقوق,دانشگاه زنجان
1399,انسانی,3699,931,منطقه 3,آموزش راهنمایی ومشاوره - بومی آذربایجان شرقی,پردیس شهید رجایی - ارومیه
1399,انسانی,3706,934,منطقه 3,آموزش ابتدایی - بومی استان کرمان,پردیس خواجه نصیرالدین طوسی - کرمان
1399,انسانی,3706,934,منطقه 3,آموزش الهیات - بومی خراسان شمالی,پردیس فاطمه الزهرا(س) ساری
1399,انسانی,3716,325,ایثارگر-5%,حقوق,دانشگاه تهران (محل تحصیل قم)
1399,انسانی,3716,938,منطقه 3,آموزش راهنمایی ومشاوره - بومی استان همدان,پردیس شهید مقصودی - همدان
1399,انسانی,3720,939,منطقه 3,اقتصاد,دانشگاه علامه طباطبایی - تهران
1399,انسانی,3722,941,منطقه 3,آموزش ابتدایی - بومی خراسان رضوی,پردیس شهید بهشتی - مشهد
1399,انسانی,3724,942,منطقه 3,آموزش راهنمایی ومشاوره - بومی خراسان رضوی,پردیس شهید هاشمی نژاد - مشهد
1399,انسانی,3726,326,ایثارگر-5%,آموزش راهنمایی ومشاوره - بومی خراسان رضوی,پردیس شهید بهشتی - مشهد
1399,انسانی,3726,944,منطقه 3,آموزش راهنمایی ومشاوره - بومی لرستان,پردیس علامه طباطبایی - خرم آباد
1399,انسانی,3756,958,منطقه 3,آموزش راهنمایی ومشاوره - بومی کهگیلویه وبویراحمد,پردیس فاطمه الزهرا (س) - اصفهان
1399,انسانی,3756,958,منطقه 3,حقوق,دانشگاه بوعلی سینا - همدان
1399,انسانی,3772,964,منطقه 3,علوم تربیتی,دانشگاه بیرجند
1399,انسانی,3777,966,منطقه 3,آموزش زبان و ادبیات فارسی - بومی آذربایجان شرقی,پردیس شهید رجایی - ارومیه
1399,انسانی,3792,967,منطقه 3,آموزش راهنمایی ومشاوره - بومی استان همدان,پردیس شهید صدوقی - کرمانشاه
1399,انسانی,3797,969,منطقه 3,آموزش راهنمایی ومشاوره - بومی گیلان,پردیس امام علی - رشت
1399,انسانی,3823,974,منطقه 3,آموزش ابتدایی - بومی خراسان جنوبی,پردیس شهید باهنر - بیرجند
1399,انسانی,3830,976,منطقه 3,آموزش الهیات - بومی چهارمحال وبختیاری,پردیس حضرت معصومه - قم
1399,انسانی,3830,976,منطقه 3,آموزش علوم اجتماعی - بومی آذربایجان غربی,پردیس شهید مقصودی - همدان
1399,انسانی,3830,976,منطقه 3,فقه و مبانی حقوق اسلامی,دانشگاه تهران
1399,انسانی,3849,980,منطقه 3,آموزش راهنمایی ومشاوره - بومی مازندران,پردیس دکتر شریعتی - ساری
1399,انسانی,3849,980,منطقه 3,آموزش علوم اجتماعی - بومی خراسان رضوی,پردیس امام سجاد - بیرجند
1399,انسانی,3851,335,ایثارگر-5%,روانشناسی,دانشگاه شاهد - تهران
1399,انسانی,3862,984,منطقه 3,آموزش ابتدایی - بومی استان اردبیل,پردیس بنت الهدی صدر - اردبیل
1399,انسانی,3869,339,ایثارگر-5%,آموزش زبان و ادبیات فارسی - بومی استان کرمان,پردیس رسالت - زاهدان
1399,انسانی,3869,986,منطقه 3,آموزش ابتدایی - بومی خراسان رضوی,پردیس شهید هاشمی نژاد - مشهد
1399,انسانی,3875,988,منطقه 3,حقوق,دانشگاه بوعلی سینا - همدان
1399,انسانی,3880,989,منطقه 3,روانشناسی,دانشگاه بیرجند
1399,انسانی,3890,341,ایثارگر-5%,آموزش الهیات - بومی استان ایلام,پردیس فاطمه الزهرا (س) - اهواز
1399,انسانی,3897,992,منطقه 3,حقوق,دانشگاه بوعلی سینا - همدان
1399,انسانی,3906,994,منطقه 3,آموزش راهنمایی ومشاوره - بومی آذربایجان شرقی,پردیس فاطمه الزهرا (س) - تبریز
1399,انسانی,3920,345,ایثارگر-5%,آموزش راهنمایی ومشاوره - بومی خراسان رضوی,پردیس شهید بهشتی - مشهد
1399,انسانی,3920,998,منطقه 3,آموزش علوم اجتماعی - بومی خراسان رضوی,پردیس امام سجاد - بیرجند
1399,انسانی,3925,1000,منطقه 3,آموزش زبان عربی - بومی فارس,پردیس حضرت معصومه - قم
1399,انسانی,4075,358,ایثارگر-5%,زبان و ادبیات فارسی,دانشگاه تهران
1399,انسانی,4099,361,ایثارگر-5%,آموزش ابتدایی - بومی خراسان جنوبی,پردیس امام سجادبیرجند بنت الهدی صدرفردوس
1399,انسانی,4116,363,ایثارگر-5%,حقوق,دانشگاه شیراز
1399,انسانی,4129,365,ایثارگر-5%,آموزش الهیات - بومی فارس,پردیس حضرت معصومه - قم
1399,انسانی,4222,373,ایثارگر-5%,حقوق,دانشگاه زنجان
1399,انسانی,4235,374,ایثارگر-5%,آموزش علوم اجتماعی - بومی استان سمنان,پردیس نسیبه - تهران
1399,انسانی,4258,376,ایثارگر-5%,آموزش جغرافیا - بومی فارس,پردیس امیر کبیر - کرج
1399,انسانی,4262,377,ایثارگر-5%,فلسفه,دانشگاه تهران
1399,انسانی,4328,383,ایثارگر-5%,آموزش علوم اجتماعی - بومی استان یزد,پردیس فاطمه الزهرا (س) - بندرعباس
1399,انسانی,4369,385,ایثارگر-5%,آموزش تربیت بدنی - بومی البرز,پردیس شهید چمران - تهران
1399,انسانی,4432,390,ایثارگر-5%,آموزش الهیات - بومی کهگیلویه وبویراحمد,پردیس حضرت معصومه - قم
1399,انسانی,4465,392,ایثارگر-5%,مددکاری اجتماعی,دانشگاه فردوسی - مشهد
1399,انسانی,4546,398,ایثارگر-5%,آموزش ابتدایی - بومی استان زنجان,پردیس شهید بهشتی - زنجان
1399,انسانی,4561,400,ایثارگر-5%,آموزش تاریخ - بومی استان قزوین,پردیس آیت اله کمال وند - خرم آباد
1399,انسانی,4567,401,ایثارگر-5%,آموزش راهنمایی ومشاوره - بومی خراسان رضوی,پردیس شهید بهشتی - مشهد
1399,انسانی,4616,404,ایثارگر-5%,آموزش ابتدایی - بومی استان اصفهان,پردیس فاطمه الزهرا (س) - اصفهان
1399,انسانی,4635,406,ایثارگر-5%,آموزش زبان و ادبیات فارسی - بومی فارس,پردیس شهید باهنر - شیراز
1399,انسانی,4649,409,ایثارگر-5%,آموزش ابتدایی - بومی خراسان شمالی,پردیس امام جعفر صادق - بجنورد
1399,انسانی,4681,413,ایثارگر-5%,آموزش راهنمایی ومشاوره - بومی خوزستان,پردیس فاطمه الزهرا (س) - اصفهان
1399,انسانی,4681,413,ایثارگر-5%,آموزش علوم اجتماعی - بومی آذربایجان غربی,پردیس شهید مقصودی - همدان
1399,انسانی,4713,419,ایثارگر-5%,آموزش ابتدایی - بومی استان اصفهان,پردیس فاطمه الزهرا (س) - اصفهان
1399,انسانی,4713,419,ایثارگر-5%,آموزش راهنمایی ومشاوره - بومی آذربایجان شرقی,پردیس علامه امینی - تبریز
1399,انسانی,4773,424,ایثارگر-5%,آموزش زبان و ادبیات فارسی - بومی فارس,پردیس شهید رجایی - شیراز
1399,انسانی,4872,430,ایثارگر-5%,آموزش ابتدایی - بومی مازندران,پردیس دکتر شریعتی - ساری
1399,انسانی,4879,432,ایثارگر-5%,آموزش راهنمایی ومشاوره - بومی آذربایجان شرقی,پردیس بنت الهدی صدر - رشت
1399,انسانی,4976,439,ایثارگر-5%,حقوق,دانشگاه تهران (محل تحصیل قم)
1399,انسانی,5023,442,ایثارگر-5%,حقوق,دانشگاه شهید چمران اهواز
1399,انسانی,5041,443,ایثارگر-5%,آموزش راهنمایی ومشاوره - بومی خراسان رضوی,پردیس شهید بهشتی - مشهد
1399,انسانی,5070,447,ایثارگر-5%,حقوق,دانشگاه تبریز
1399,انسانی,5099,450,ایثارگر-5%,آموزش زبان عربی - بومی خراسان رضوی,پردیس شهید بهشتی - مشهد
1399,انسانی,5106,451,ایثارگر-5%,آموزش زبان و ادبیات فارسی - بومی فارس,پردیس شهید رجایی - شیراز
1399,انسانی,5134,454,ایثارگر-5%,آموزش راهنمایی ومشاوره - بومی کردستان,پردیس شهید صدوقی - کرمانشاه
1399,انسانی,5149,456,ایثارگر-5%,علوم تربیتی,دانشگاه شهید بهشتی - تهران
1399,انسانی,5267,463,ایثارگر-5%,فقه و مبانی حقوق اسلامی,دانشگاه فردوسی - مشهد
1399,انسانی,5285,464,ایثارگر-5%,آموزش زبان عربی - بومی خوزستان,پردیس فاطمه الزهرا (س) - اهواز
1399,انسانی,5294,465,ایثارگر-5%,آموزش زبان و ادبیات فارسی - بومی گلستان,پردیس امام محمد باقر - بجنورد
1399,انسانی,5294,465,ایثارگر-5%,حقوق,دانشگاه یزد
1399,انسانی,5323,468,ایثارگر-5%,آموزش راهنمایی ومشاوره - بومی کهگیلویه وبویراحمد,پردیس بحرالعلوم - شهرکرد
1399,انسانی,5360,469,ایثارگر-5%,روانشناسی,دانشگاه گیلان - رشت
1399,انسانی,5360,469,ایثارگر-5%,زبان و ادبیات فارسی,دانشگاه فردوسی - مشهد
1399,انسانی,5435,477,ایثارگر-5%,روانشناسی,دانشگاه سمنان (محل تحصیل مهدی شهر)
1399,انسانی,5445,478,ایثارگر-5%,آموزش ابتدایی - بومی آذربایجان شرقی,پردیس فاطمه الزهرا (س) - تبریز
1399,انسانی,5461,480,ایثارگر-5%,آموزش راهنمایی ومشاوره - بومی گیلان,پردیس امام علی - رشت
1399,انسانی,5531,484,ایثارگر-5%,مشاوره,دانشگاه خوارزمی - تهران (محل تحصیل کرج)
1399,انسانی,5540,486,ایثارگر-5%,آموزش راهنمایی ومشاوره - بومی خراسان رضوی,پردیس شهید بهشتی - مشهد
1399,انسانی,5569,488,ایثارگر-5%,آموزش ابتدایی - بومی خوزستان,پردیس فاطمه الزهرا (س) - اهواز
1399,انسانی,5664,495,ایثارگر-5%,روانشناسی,دانشگاه گیلان - رشت
1399,انسانی,5672,496,ایثارگر-5%,روانشناسی,دانشگاه بیرجند
1399,انسانی,5711,499,ایثارگر-5%,آموزش الهیات - بومی لرستان,پردیس فاطمه الزهرا (س) - اهواز
1399,انسانی,5717,500,ایثارگر-5%,آموزش تربیت بدنی - بومی خوزستان,پردیس فاطمه الزهرا (س) - اهواز
1399,انسانی,5878,511,ایثارگر-5%,حقوق,دانشگاه بین المللی امام خمینی(ره) - قزوین
1399,انسانی,5911,516,ایثارگر-5%,روانشناسی,دانشگاه شهید باهنر - کرمان
1399,انسانی,5941,520,ایثارگر-5%,حقوق,دانشگاه قم
1399,انسانی,5998,523,ایثارگر-5%,فقه و مبانی حقوق اسلامی,دانشگاه تهران (محل تحصیل قم)
1399,انسانی,6036,526,ایثارگر-5%,آموزش ابتدایی - بومی مازندران,پردیس فاطمه الزهرا(س) ساری
1399,انسانی,6074,530,ایثارگر-5%,آموزش علوم اجتماعی - بومی گیلان,پردیس امام علی - رشت
1399,انسانی,6083,531,ایثارگر-5%,مشاوره,دانشگاه خوارزمی - تهران (محل تحصیل کرج)
1399,انسانی,6091,532,ایثارگر-5%,آموزش ابتدایی - بومی استان قم,پردیس حضرت معصومه - قم
1399,انسانی,6104,533,ایثارگر-5%,حقوق,دانشگاه یزد
1399,انسانی,6297,549,ایثارگر-5%,آموزش ابتدایی - بومی کردستان,پردیس بنت الهدی صدر - سنندج
1399,انسانی,6323,552,ایثارگر-5%,آموزش ابتدایی - بومی گیلان,پردیس بنت الهدی صدر - رشت
1399,انسانی,6323,552,ایثارگر-5%,کارشناسی ارشد پیوسته معارف اسلامی و حقوق,دانشگاه شهید باهنر - کرمان
1399,انسانی,6356,554,ایثارگر-5%,آموزش ابتدایی - بومی گلستان,پردیس امام خمینی - گرگان
1399,انسانی,6389,555,ایثارگر-5%,حقوق,دانشگاه تبریز
1399,انسانی,6421,558,ایثارگر-5%,آموزش ابتدایی - بومی خراسان جنوبی,پردیس شهید باهنر - بیرجند
1399,انسانی,6442,559,ایثارگر-5%,آموزش الهیات - بومی خوزستان,پردیس فاطمه الزهرا (س) - اهواز
1399,انسانی,6544,568,ایثارگر-5%,آموزش ابتدایی - بومی استان ایلام,پردیس امام جعفر صادق - ایلام
1399,انسانی,6638,573,ایثارگر-5%,روانشناسی,دانشگاه یاسوج
1399,انسانی,6644,574,ایثارگر-5%,آموزش الهیات - بومی خراسان رضوی,پردیس شهید هاشمی نژاد - مشهد
1399,انسانی,6663,576,ایثارگر-5%,علوم سیاسی,دانشگاه تهران
1399,انسانی,6692,580,ایثارگر-5%,اقتصاد,دانشگاه علامه طباطبایی - تهران
1399,انسانی,6716,581,ایثارگر-5%,حقوق,دانشگاه شهید مدنی آذربایجان - تبریز
1399,انسانی,6725,582,ایثارگر-5%,آموزش جغرافیا - بومی هرمزگان,پردیس نسیبه - تهران
1399,انسانی,6731,584,ایثارگر-5%,مدیریت بازرگانی,دانشگاه فردوسی - مشهد
1399,انسانی,6837,593,ایثارگر-5%,آموزش زبان عربی - بومی فارس,پردیس آیت اله طالقانی - قم
1399,انسانی,6905,598,ایثارگر-5%,حقوق,دانشگاه بیرجند
1399,انسانی,7007,604,ایثارگر-5%,آموزش کودکان استثنایی - بومی استان کرمان,پردیس رسالت - زاهدان
1399,انسانی,7071,607,ایثارگر-5%,آموزش ابتدایی - بومی آذربایجان غربی,پردیس علامه طباطبایی - ارومیه
1399,انسانی,7103,609,ایثارگر-5%,آموزش راهنمایی ومشاوره - بومی استان اصفهان,پردیس شهید باهنر - اصفهان
1399,انسانی,7127,613,ایثارگر-5%,آموزش راهنمایی ومشاوره - بومی فارس,پردیس شهید رجایی - شیراز
1399,انسانی,7154,616,ایثارگر-5%,آموزش راهنمایی ومشاوره - بومی فارس,پردیس شهید رجایی - شیراز
1399,انسانی,7167,618,ایثارگر-5%,آموزش الهیات - بومی آذربایجان غربی,پردیس علامه طباطبایی - ارومیه
1399,انسانی,7167,618,ایثارگر-5%,حقوق,دانشگاه گلستان - گرگان
1399,انسانی,7224,624,ایثارگر-5%,حقوق,دانشگاه شهید چمران اهواز
1399,انسانی,7235,625,ایثارگر-5%,حقوق,دانشگاه تبریز
1399,انسانی,7252,627,ایثارگر-5%,آموزش الهیات - بومی خراسان رضوی,پردیس شهید هاشمی نژاد - مشهد
1399,انسانی,7331,629,ایثارگر-5%,حقوق,دانشگاه بین المللی امام خمینی(ره) - قزوین
1399,انسانی,7347,630,ایثارگر-5%,علوم تربیتی,دانشگاه فردوسی - مشهد
1399,انسانی,7440,637,ایثارگر-5%,آموزش زبان عربی - بومی فارس,پردیس حضرت معصومه - قم
1399,انسانی,7455,639,ایثارگر-5%,آموزش ابتدایی - بومی آذربایجان شرقی,پردیس فاطمه الزهرا (س) - تبریز
1399,انسانی,7464,641,ایثارگر-5%,حسابداری,دانشگاه اصفهان
1399,انسانی,7464,641,ایثارگر-5%,زبان و ادبیات فارسی,دانشگاه فردوسی - مشهد
1399,انسانی,7484,645,ایثارگر-5%,اقتصاد,دانشگاه یاسوج
1399,انسانی,7495,646,ایثارگر-5%,حقوق,دانشگاه بوعلی سینا - همدان
1399,انسانی,7572,650,ایثارگر-5%,آموزش زبان عربی - بومی خوزستان,پردیس حضرت رسول اکرم - اهواز
1399,انسانی,7581,651,ایثارگر-5%,آموزش زبان عربی - بومی خوزستان,پردیس حضرت رسول اکرم - اهواز
1399,انسانی,7597,653,ایثارگر-5%,آموزش ابتدایی - بومی خراسان رضوی,پردیس شهید هاشمی نژاد - مشهد
1399,انسانی,7722,665,ایثارگر-5%,روانشناسی,دانشگاه رازی کرمانشاه
1399,انسانی,7730,666,ایثارگر-5%,آموزش ابتدایی - بومی استان قم,پردیس حضرت معصومه - قم
1399,انسانی,7794,674,ایثارگر-5%,علوم تربیتی,دانشگاه یزد
1399,انسانی,7805,677,ایثارگر-5%,آموزش راهنمایی ومشاوره - بومی استان تهران,پردیس نسیبه - تهران
1399,انسانی,7835,679,ایثارگر-5%,علوم تربیتی,دانشگاه گیلان - رشت
1399,انسانی,7843,681,ایثارگر-5%,حقوق,دانشگاه گیلان - رشت
1399,انسانی,7918,688,ایثارگر-5%,حسابداری,دانشگاه خوارزمی تهران
1399,انسانی,7947,692,ایثارگر-5%,آموزش راهنمایی ومشاوره - بومی خراسان رضوی,پردیس شهید بهشتی - مشهد
1399,انسانی,7947,692,ایثارگر-5%,حقوق,دانشگاه شهید مدنی آذربایجان - تبریز
1399,انسانی,7966,694,ایثارگر-5%,آموزش الهیات - بومی فارس,پردیس حضرت معصومه - قم
1399,انسانی,7966,694,ایثارگر-5%,مدیریت مالی,دانشگاه خوارزمی تهران
1399,انسانی,7990,697,ایثارگر-5%,حقوق,دانشگاه کاشان
1399,انسانی,8023,700,ایثارگر-5%,حقوق,دانشگاه بجنورد
1399,انسانی,8033,702,ایثارگر-5%,مشاوره,دانشگاه خوارزمی - تهران (محل تحصیل کرج)
1399,انسانی,8058,707,ایثارگر-5%,آموزش الهیات - بومی خراسان شمالی,پردیس آیت الله خامنه ای - گرگان
1399,انسانی,8058,707,ایثارگر-5%,مدیریت صنعتی,دانشگاه شهید بهشتی - تهران
1399,انسانی,8129,713,ایثارگر-5%,حقوق,دانشگاه گیلان - رشت
1399,انسانی,8157,716,ایثارگر-5%,روانشناسی,دانشگاه سمنان (محل تحصیل مهدی شهر)
1399,انسانی,8240,725,ایثارگر-5%,آموزش ابتدایی - بومی آذربایجان شرقی,پردیس فاطمه الزهرا (س) - تبریز
1399,انسانی,8270,729,ایثارگر-5%,آموزش راهنمایی ومشاوره - بومی خراسان رضوی,پردیس شهید بهشتی - مشهد
1399,انسانی,8324,732,ایثارگر-5%,آموزش راهنمایی ومشاوره - بومی خراسان رضوی,پردیس شهید بهشتی - مشهد
1399,انسانی,8343,734,ایثارگر-5%,آموزش زبان و ادبیات فارسی - بومی استان بوشهر,پردیس شهید باهنر - شیراز
1399,انسانی,8436,740,ایثارگر-5%,روانشناسی,دانشگاه بیرجند
1399,انسانی,8475,745,ایثارگر-5%,علوم سیاسی,دانشگاه شهید بهشتی - تهران
1399,انسانی,8493,749,ایثارگر-5%,آموزش راهنمایی ومشاوره - بومی خراسان رضوی,پردیس شهید بهشتی - مشهد
1399,انسانی,8540,753,ایثارگر-5%,اقتصاد,دانشگاه شهید چمران اهواز
1399,انسانی,8551,754,ایثارگر-5%,حسابداری,دانشگاه خوارزمی تهران
1399,انسانی,8564,755,ایثارگر-5%,حقوق,دانشگاه شهید مدنی آذربایجان - تبریز
1399,انسانی,8621,758,ایثارگر-5%,زبان و ادبیات فارسی,دانشگاه تبریز
1399,انسانی,8665,766,ایثارگر-5%,حقوق,دانشگاه بین المللی امام خمینی(ره) - قزوین
1399,انسانی,8665,766,ایثارگر-5%,حقوق,دانشگاه شاهد - تهران
1399,انسانی,8852,785,ایثارگر-5%,زبان و ادبیات انگلیسی,دانشگاه فردوسی - مشهد
1399,انسانی,8852,785,ایثارگر-5%,مشاوره,دانشکده علوم انسانی حضرت معصومه_قم(ویژه خواهران)
1399,انسانی,8976,791,ایثارگر-5%,حسابداری,دانشگاه شیراز
1399,انسانی,9022,794,ایثارگر-5%,مدیریت بازرگانی,دانشگاه اصفهان
1399,انسانی,9050,796,ایثارگر-5%,حقوق,دانشگاه شهید مدنی آذربایجان - تبریز
1399,انسانی,9057,798,ایثارگر-5%,آموزش زبان و ادبیات فارسی - بومی استان بوشهر,پردیس شهید باهنر - شیراز
1399,انسانی,9103,804,ایثارگر-5%,کارشناسی ارشد پیوسته معارف اسلامی و حقوق,دانشگاه شهید باهنر - کرمان
1399,انسانی,9157,810,ایثارگر-5%,مشاوره,دانشگاه خوارزمی - تهران (محل تحصیل کرج)
1399,انسانی,9167,812,ایثارگر-5%,آموزش راهنمایی ومشاوره - بومی خراسان رضوی,پردیس شهید بهشتی - مشهد
1399,انسانی,9176,814,ایثارگر-5%,آموزش الهیات - بومی استان بوشهر,پردیس حضرت معصومه - قم
1399,انسانی,9338,828,ایثارگر-5%,آموزش راهنمایی ومشاوره - بومی گیلان,پردیس امام علی - رشت
1399,انسانی,9338,828,ایثارگر-5%,مدیریت مالی,دانشگاه الزهرا(س) - تهران
1399,انسانی,9370,834,ایثارگر-5%,آموزش ابتدایی - بومی خراسان رضوی,پردیس شهید بهشتی - مشهد
1399,انسانی,9432,838,ایثارگر-5%,جامعه شناسی,دانشگاه شهید بهشتی - تهران
1399,انسانی,9536,843,ایثارگر-5%,روانشناسی,دانشگاه ارومیه
1399,انسانی,9561,845,ایثارگر-5%,علوم تربیتی,دانشگاه الزهرا(س) - تهران
1399,انسانی,9604,846,ایثارگر-5%,آموزش راهنمایی ومشاوره - بومی استان تهران,پردیس شهید مفتح - شهرری
1399,انسانی,9685,854,ایثارگر-5%,آموزش ابتدایی - بومی مرکزی,پردیس زینب کبری (س) - اراک
1399,انسانی,9698,855,ایثارگر-5%,علوم سیاسی,دانشگاه تهران
1399,انسانی,9807,861,ایثارگر-5%,روانشناسی,دانشگاه سمنان (محل تحصیل مهدی شهر)
1399,انسانی,9899,866,ایثارگر-5%,آموزش زبان عربی - بومی استان تهران,پردیس شهید مفتح - شهرری
1399,انسانی,9984,871,ایثارگر-5%,آموزش ابتدایی - بومی آذربایجان شرقی,پردیس علامه امینی - تبریز
1399,انسانی,10018,873,ایثارگر-5%,آموزش ابتدایی - بومی خراسان شمالی,پردیس امام محمد باقر - بجنورد
1399,انسانی,10045,876,ایثارگر-5%,آموزش تربیت بدنی - بومی مازندران,پردیس آیت الله خامنه ای - گرگان
1399,انسانی,10045,876,ایثارگر-5%,حقوق,دانشگاه بیرجند
1399,انسانی,10094,882,ایثارگر-5%,اقتصاد,دانشگاه شهید بهشتی - تهران
1399,انسانی,10121,883,ایثارگر-5%,آموزش زبان و ادبیات فارسی - بومی استان کرمانشاه,پردیس شهید مدرس - سنندج
1399,انسانی,10121,883,ایثارگر-5%,علوم تربیتی,دانشگاه شهید بهشتی - تهران
1399,انسانی,10252,894,ایثارگر-5%,آموزش ابتدایی - بومی مازندران,پردیس فاطمه الزهرا(س) ساری
1399,انسانی,10288,896,ایثارگر-5%,حقوق,دانشگاه بیرجند
1399,انسانی,10431,901,ایثارگر-5%,آموزش علوم اجتماعی - بومی استان ایلام,پردیس شهید رجایی - کرمانشاه
1399,انسانی,10505,907,ایثارگر-5%,آموزش راهنمایی ومشاوره - بومی استان کرمان,پردیس شهید پاک نژاد - یزد
1399,انسانی,10528,910,ایثارگر-5%,جامعه شناسی,دانشگاه شهید بهشتی - تهران
1399,انسانی,10552,914,ایثارگر-5%,حسابداری,دانشگاه خوارزمی تهران
1399,انسانی,10714,922,ایثارگر-5%,حقوق,دانشگاه گلستان - گرگان
1399,انسانی,10813,930,ایثارگر-5%,حقوق,دانشگاه زنجان
1399,انسانی,10897,935,ایثارگر-5%,آموزش راهنمایی ومشاوره - بومی خراسان رضوی,پردیس شهید بهشتی - مشهد
1399,انسانی,10909,937,ایثارگر-5%,آموزش زبان و ادبیات فارسی - بومی خراسان رضوی,پردیس شهید هاشمی نژاد - مشهد
1399,انسانی,10909,937,ایثارگر-5%,حقوق,دانشگاه قم
1399,انسانی,10942,942,ایثارگر-5%,آموزش زبان انگلیسی - بومی مرکزی,پردیس فاطمه الزهرا (س) - زنجان
1399,انسانی,10955,943,ایثارگر-5%,آموزش الهیات - بومی استان ایلام,پردیس حضرت رسول اکرم - اهواز
1399,انسانی,11029,950,ایثارگر-5%,آموزش ابتدایی - بومی خراسان رضوی,پردیس شهید بهشتی - مشهد
1399,انسانی,11055,951,ایثارگر-5%,آموزش ابتدایی - بومی فارس,پردیس شهید باهنر - شیراز
1399,انسانی,11126,956,ایثارگر-5%,علوم تربیتی,دانشگاه کاشان
1399,انسانی,11244,965,ایثارگر-5%,آموزش ابتدایی - بومی خراسان رضوی,پردیس شهید هاشمی نژاد - مشهد
1399,انسانی,11257,967,ایثارگر-5%,آموزش الهیات - بومی استان سمنان,پردیس آیت اله طالقانی - قم
1399,انسانی,11370,974,ایثارگر-5%,آموزش راهنمایی ومشاوره - بومی خراسان رضوی,پردیس شهید بهشتی - مشهد
1399,انسانی,11457,975,ایثارگر-5%,آموزش ابتدایی - بومی گلستان,پردیس امام خمینی - گرگان
1399,انسانی,11489,977,ایثارگر-5%,مدیریت مالی,دانشگاه تهران (محل تحصیل قم)
1399,انسانی,11535,982,ایثارگر-5%,حسابداری,دانشگاه الزهرا(س) - تهران
1399,انسانی,11723,995,ایثارگر-5%,حقوق,دانشگاه سمنان
1399,انسانی,11754,998,ایثارگر-5%,آموزش راهنمایی ومشاوره - بومی آذربایجان شرقی,پردیس علامه امینی - تبریز
1399,هنر,11,3,منطقه 2,ارتباط تصویری,دانشگاه هنر تهران
1399,هنر,16,4,منطقه 2,عکاسی,دانشگاه تهران
1399,هنر,28,8,منطقه 2,نوازندگی موسیقی جهانی,دانشگاه تهران
1399,هنر,35,10,منطقه 2,نقاشی,دانشگاه تهران
1399,هنر,47,37,منطقه 1,سینما,دانشگاه هنر تهران
1399,هنر,48,11,منطقه 2,سینما,دانشگاه هنر تهران
1399,هنر,50,1,منطقه 3,سینما,دانشگاه هنر تهران
1399,هنر,62,16,منطقه 2,طراحی صنعتی,دانشگاه تهران
1399,هنر,73,19,منطقه 2,ادبیات نمایشی,دانشگاه هنر تهران
1399,هنر,75,21,منطقه 2,سینما,دانشگاه هنر تهران
1399,هنر,77,23,منطقه 2,ارتباط تصویری,دانشگاه تهران
1399,هنر,88,3,منطقه 3,ارتباط تصویری - بومی خراسان شمالی,دانشگاه تربیت دبیر شهید رجایی_تهران
1399,هنر,92,4,منطقه 3,طراحی پارچه,دانشگاه هنر تهران
1399,هنر,95,30,منطقه 2,آهنگسازی,دانشگاه هنر (محل تحصیل پردیس کرج)
1399,هنر,105,32,منطقه 2,طراحی صنعتی,دانشگاه هنر اصفهان
1399,هنر,111,35,منطقه 2,طراحی صنعتی,دانشگاه علم و صنعت ایران - تهران
1399,هنر,115,37,منطقه 2,سینما,دانشگاه هنر تهران
1399,هنر,116,38,منطقه 2,ارتباط تصویری,دانشگاه هنر اصفهان
1399,هنر,117,39,منطقه 2,طراحی صنعتی,دانشگاه هنر تهران
1399,هنر,121,6,منطقه 3,نوازندگی موسیقی جهانی,دانشگاه تهران
1399,هنر,157,7,ایثارگر-5%,سینما,دانشگاه هنر تهران
1399,هنر,168,55,منطقه 2,نقاشی,دانشگاه تهران
1399,هنر,172,11,منطقه 3,ارتباط تصویری - بومی خوزستان,دانشگاه تربیت دبیر شهید رجایی_تهران
1399,هنر,182,58,منطقه 2,ارتباط تصویری,دانشگاه تهران
1399,هنر,200,12,ایثارگر-5%,عکاسی,دانشگاه تهران
1399,هنر,202,69,منطقه 2,طراحی صنعتی,دانشگاه هنر تهران
1399,هنر,204,70,منطقه 2,طراحی صنعتی,دانشگاه علم و صنعت ایران - تهران
1399,هنر,206,13,ایثارگر-5%,نقاشی,دانشگاه تهران
1399,هنر,220,75,منطقه 2,فرش,دانشگاه هنر تهران
1399,هنر,222,77,منطقه 2,ارتباط تصویری,دانشگاه الزهرا(س) - تهران
1399,هنر,234,139,منطقه 1,زبان و ادبیات فرانسه,دانشگاه فردوسی - مشهد
1399,هنر,235,140,منطقه 1,ارتباط تصویری,دانشگاه الزهرا(س) - تهران
1399,هنر,241,82,منطقه 2,طراحی صنعتی,دانشگاه علم و صنعت ایران - تهران
1399,هنر,243,15,ایثارگر-5%,طراحی صحنه,دانشگاه هنر تهران
1399,هنر,246,85,منطقه 2,فرش,دانشگاه هنر تهران
1399,هنر,250,86,منطقه 2,ارتباط تصویری,دانشگاه الزهرا(س) - تهران
1399,هنر,256,89,منطقه 2,طراحی صنعتی,دانشگاه الزهرا(س) - تهران
1399,هنر,261,16,منطقه 3,طراحی صنعتی,دانشگاه تهران
1399,هنر,266,93,منطقه 2,عکاسی,دانشگاه هنر تهران
1399,هنر,273,162,منطقه 1,آهنگسازی,دانشگاه هنر اصفهان
1399,هنر,275,95,منطقه 2,صنایع دستی,دانشگاه هنر تهران
1399,هنر,279,97,منطقه 2,نمایش عروسکی,دانشگاه هنر تهران
1399,هنر,287,100,منطقه 2,بازیگری,دانشگاه هنر تهران
1399,هنر,289,19,منطقه 3,سینما,دانشگاه هنر تهران
1399,هنر,293,20,منطقه 3,سینما,دانشگاه هنر تهران
1399,هنر,295,102,منطقه 2,ادبیات نمایشی,دانشگاه هنر تهران
1399,هنر,300,104,منطقه 2,طراحی صنعتی,دانشگاه الزهرا(س) - تهران
1399,هنر,301,177,منطقه 1,نوازندگی موسیقی ایرانی,دانشگاه تهران
1399,هنر,304,21,منطقه 3,ارتباط تصویری,دانشگاه تهران
1399,هنر,307,22,منطقه 3,صنایع دستی,دانشگاه هنر تهران
1399,هنر,310,108,منطقه 2,نوازندگی موسیقی جهانی,دانشگاه هنر (محل تحصیل پردیس کرج)
1399,هنر,313,110,منطقه 2,ارتباط تصویری,دانشگاه هنر اصفهان
1399,هنر,316,113,منطقه 2,نوازندگی موسیقی جهانی,دانشگاه هنر (محل تحصیل پردیس کرج)
1399,هنر,323,116,منطقه 2,طراحی صنعتی,دانشگاه هنر تهران
1399,هنر,326,117,منطقه 2,ارتباط تصویری,دانشگاه هنر تهران
1399,هنر,340,25,منطقه 3,نوازندگی موسیقی ایرانی,دانشگاه تهران
1399,هنر,347,26,منطقه 3,سینما,دانشگاه هنر تهران
1399,هنر,360,129,منطقه 2,نوازندگی موسیقی ایرانی,دانشگاه هنر (محل تحصیل پردیس کرج)
1399,هنر,361,28,منطقه 3,ارتباط تصویری,دانشگاه هنر تهران
1399,هنر,364,206,منطقه 1,سینما,دانشگاه غیرانتفاعی سوره - تهران
1399,هنر,367,209,منطقه 1,صنایع دستی,دانشگاه الزهرا(س) - تهران
1399,هنر,382,136,منطقه 2,مجسمه سازی,دانشگاه تهران
1399,هنر,389,142,منطقه 2,سینما,دانشگاه غیرانتفاعی سوره - تهران
1399,هنر,393,33,منطقه 3,طراحی صنعتی,دانشگاه تهران
1399,هنر,401,34,منطقه 3,بازیگری,دانشگاه تهران
1399,هنر,403,5,ایثارگر-25%,سینما,دانشگاه هنر تهران
1399,هنر,428,238,منطقه 1,اقتصاد,دانشگاه فردوسی - مشهد
1399,هنر,431,157,منطقه 2,فرش,دانشگاه هنر تهران
1399,هنر,434,159,منطقه 2,ارتباط تصویری,دانشگاه الزهرا(س) - تهران
1399,هنر,437,160,منطقه 2,طراحی صنعتی,دانشگاه هنر تهران
1399,هنر,447,250,منطقه 1,سینما,دانشگاه غیرانتفاعی سوره - تهران
1399,هنر,450,31,ایثارگر-5%,طراحی صنعتی,دانشگاه علم و صنعت ایران - تهران
1399,هنر,451,164,منطقه 2,سینما,دانشگاه دامغان
1399,هنر,453,37,منطقه 3,بازیگری,دانشگاه تهران
1399,هنر,453,166,منطقه 2,عکاسی,دانشگاه هنر اصفهان
1399,هنر,470,32,ایثارگر-5%,علوم کامپیوتر,دانشگاه تهران
1399,هنر,471,257,منطقه 1,صنایع دستی,دانشگاه هنر اصفهان
1399,هنر,479,258,منطقه 1,ارتباط تصویری,دانشگاه هنر اسلامی تبریز
1399,هنر,485,185,منطقه 2,طراحی صنعتی,دانشگاه الزهرا(س) - تهران
1399,هنر,492,188,منطقه 2,ادبیات نمایشی,دانشگاه هنرشیراز
1399,هنر,498,42,منطقه 3,طراحی صنعتی,دانشگاه تهران
1399,هنر,498,267,منطقه 1,سینما,دانشگاه غیرانتفاعی سوره - تهران
1399,هنر,503,191,منطقه 2,طراحی صنعتی,دانشگاه هنر اسلامی تبریز
1399,هنر,507,193,منطقه 2,سینما,دانشگاه غیرانتفاعی سوره - تهران
1399,هنر,513,43,منطقه 3,طراحی لباس,دانشکده فنی و حرفه ای دختران تهران - دکترشریعتی
1399,هنر,518,199,منطقه 2,نوازندگی موسیقی ایرانی,دانشگاه تهران
1399,هنر,524,38,ایثارگر-5%,نقاشی,دانشگاه هنر تهران
1399,هنر,526,202,منطقه 2,طراحی صنعتی,دانشگاه الزهرا(س) - تهران
1399,هنر,541,207,منطقه 2,سینما,دانشگاه غیرانتفاعی سوره - تهران
1399,هنر,544,48,منطقه 3,بازیگری,دانشگاه تهران
1399,هنر,561,214,منطقه 2,پرستاری - نیمسال اول,دانشگاه علوم پزشکی تهران
1399,هنر,569,45,ایثارگر-5%,بازیگری,دانشگاه هنر تهران
1399,هنر,620,239,منطقه 2,نوازندگی موسیقی ایرانی,دانشگاه هنر (محل تحصیل پردیس کرج)
1399,هنر,620,239,منطقه 2,نوازندگی موسیقی ایرانی,دانشگاه گیلان - رشت
1399,هنر,622,241,منطقه 2,پزشکی,دانشگاه علوم پزشکی یزد
1399,هنر,643,55,ایثارگر-5%,سینما,دانشگاه غیرانتفاعی سوره - تهران
1399,هنر,645,250,منطقه 2,مهندسی کامپیوتر,دانشگاه صنعتی اصفهان
1399,هنر,648,251,منطقه 2,پزشکی,دانشگاه علوم پزشکی تهران
1399,هنر,653,253,منطقه 2,طراحی لباس,دانشکده فنی و حرفه ای دختران تهران - دکترشریعتی
1399,هنر,668,261,منطقه 2,طراحی پارچه,دانشگاه هنر تهران
1399,هنر,676,266,منطقه 2,دندانپزشکی,دانشگاه علوم پزشکی شیراز
1399,هنر,681,270,منطقه 2,مهندسی مکانیک,دانشگاه تبریز
1399,هنر,688,55,منطقه 3,عکاسی,دانشگاه تهران
1399,هنر,692,56,منطقه 3,ارتباط تصویری,دانشگاه هنر تهران
1399,هنر,705,283,منطقه 2,ادبیات نمایشی,دانشگاه دامغان
1399,هنر,733,291,منطقه 2,پزشکی,دانشگاه علوم پزشکی بابل
1399,هنر,750,66,ایثارگر-5%,ارتباط تصویری,دانشگاه الزهرا(س) - تهران
1399,هنر,781,70,ایثارگر-5%,طراحی پارچه,دانشگاه الزهرا(س) - تهران
1399,هنر,845,73,منطقه 3,صنایع دستی,دانشگاه هنر تهران
1399,هنر,873,79,ایثارگر-5%,ارتباط تصویری - بومی آذربایجان شرقی,دانشگاه تربیت دبیر شهید رجایی_تهران
1399,هنر,905,83,ایثارگر-5%,طراحی صنعتی,دانشگاه علم و صنعت ایران - تهران
1399,هنر,906,84,ایثارگر-5%,سینما,دانشگاه غیرانتفاعی سوره - تهران
1399,هنر,920,83,منطقه 3,طراحی صنعتی,دانشگاه علم و صنعت ایران - تهران
1399,هنر,924,86,ایثارگر-5%,ارتباط تصویری,دانشگاه یزد
1399,هنر,927,85,منطقه 3,طراحی صنعتی,دانشگاه هنر تهران
1399,هنر,931,87,ایثارگر-5%,مهندسی برق,دانشگاه تهران
1399,هنر,960,90,منطقه 3,نوازندگی موسیقی ایرانی,دانشگاه تهران
1399,هنر,962,95,ایثارگر-5%,ارتباط تصویری,دانشگاه یزد
1399,هنر,983,91,منطقه 3,ارتباط تصویری,دانشگاه الزهرا(س) - تهران
1399,هنر,983,96,ایثارگر-5%,ارتباط تصویری,دانشگاه هنرشیراز
1399,هنر,990,11,ایثارگر-25%,مهندسی برق,دانشگاه صنعتی شریف - تهران
1399,هنر,996,92,منطقه 3,طراحی لباس,دانشکده فنی و حرفه ای دختران تهران - دکترشریعتی
1399,هنر,999,94,منطقه 3,ارتباط تصویری,دانشگاه غیرانتفاعی سوره - تهران
1399,هنر,1029,96,منطقه 3,صنایع دستی,دانشگاه هنر تهران
1399,هنر,1045,98,منطقه 3,پزشکی,دانشگاه علوم پزشکی ارومیه
1399,هنر,1148,105,منطقه 3,ارتباط تصویری,دانشگاه الزهرا(س) - تهران
1399,هنر,1167,111,منطقه 3,نوازندگی موسیقی ایرانی,دانشگاه هنر (محل تحصیل پردیس کرج)
1399,هنر,1179,114,منطقه 3,دکترای عمومی دامپزشکی,دانشگاه ارومیه
1399,هنر,1188,115,منطقه 3,پزشکی - نیمسال دوم,دانشگاه علوم پزشکی کردستان - سنندج
1399,هنر,1189,116,منطقه 3,پزشکی - نیمسال اول,دانشگاه علوم پزشکی شیراز
1399,هنر,1216,120,منطقه 3,پزشکی - بومی خراسان جنوبی,دانشگاه علوم پزشکی بیرجند
1399,هنر,1222,114,ایثارگر-5%,عکاسی,دانشگاه هنر تهران
1399,هنر,1222,122,منطقه 3,آهنگسازی,دانشگاه هنر (محل تحصیل پردیس کرج)
1399,هنر,1231,124,منطقه 3,ارتباط تصویری,دانشگاه شیراز
1399,هنر,1248,117,ایثارگر-5%,طراحی پارچه,دانشگاه الزهرا(س) - تهران
1399,هنر,1255,118,ایثارگر-5%,ارتباط تصویری,دانشگاه شیراز
1399,هنر,1265,127,منطقه 3,پزشکی - نیمسال اول,دانشگاه علوم پزشکی البرز - کرج
1399,هنر,1271,120,ایثارگر-5%,طراحی صنعتی,دانشگاه الزهرا(س) - تهران
1399,هنر,1273,130,منطقه 3,نقاشی,دانشگاه هنر تهران
1399,هنر,1314,136,منطقه 3,طراحی صنعتی,دانشگاه الزهرا(س) - تهران
1399,هنر,1327,127,ایثارگر-5%,پزشکی,دانشگاه علوم پزشکی بابل
1399,هنر,1327,138,منطقه 3,نقاشی,دانشگاه تهران
1399,هنر,1332,140,منطقه 3,پزشکی - نیمسال دوم,دانشگاه علوم پزشکی کرمان
1399,هنر,1340,142,منطقه 3,علوم تغذیه,دانشگاه علوم پزشکی اصفهان
1399,هنر,1363,132,ایثارگر-5%,پزشکی,دانشگاه علوم پزشکی دزفول
1399,هنر,1395,137,ایثارگر-5%,سینما,دانشگاه دامغان
1399,هنر,1397,148,منطقه 3,پزشکی - نیمسال اول,دانشگاه علوم پزشکی زاهدان
1399,هنر,1408,138,ایثارگر-5%,طراحی صنعتی,دانشگاه هنر اصفهان
1399,هنر,1420,140,ایثارگر-5%,دندانپزشکی - نیمسال اول,دانشگاه علوم پزشکی شهید بهشتی - تهران
1399,هنر,1431,155,منطقه 3,ادبیات نمایشی,دانشگاه هنرشیراز
1399,هنر,1431,155,منطقه 3,طراحی صنعتی,دانشگاه علم و صنعت ایران - تهران
1399,هنر,1431,155,منطقه 3,مهندسی شیمی,دانشگاه صنعتی شریف - تهران
1399,هنر,1436,142,ایثارگر-5%,پزشکی,دانشگاه علوم پزشکی خراسان شمالی - بجنورد
1399,هنر,1460,148,ایثارگر-5%,دکترای عمومی دامپزشکی,دانشگاه زابل
1399,هنر,1471,163,منطقه 3,پرستاری - نیمسال دوم,دانشگاه علوم پزشکی تهران
1399,هنر,1486,166,منطقه 3,بینایی سنجی,دانشگاه علوم پزشکی زاهدان
1399,هنر,1486,166,منطقه 3,صنایع دستی,دانشگاه هنر اصفهان
1399,هنر,1497,168,منطقه 3,فرش,دانشگاه هنر تهران
1399,هنر,1519,171,منطقه 3,طراحی لباس,دانشگاه غیرانتفاعی علم و فرهنگ - تهران
1399,هنر,1520,154,ایثارگر-5%,دندانپزشکی,دانشگاه علوم پزشکی اردبیل
1399,هنر,1539,156,ایثارگر-5%,طراحی صنعتی,دانشگاه هنر اصفهان
1399,هنر,1541,175,منطقه 3,پرستاری - نیمسال دوم,دانشگاه علوم پزشکی کردستان - سنندج
1399,هنر,1579,184,منطقه 3,طراحی صنعتی,دانشگاه هنر تهران
1399,هنر,1604,189,منطقه 3,ادبیات نمایشی,دانشگاه دامغان
1399,هنر,1608,190,منطقه 3,دندانپزشکی,دانشگاه علوم پزشکی خراسان شمالی - بجنورد
1399,هنر,1637,165,ایثارگر-5%,کارگردانی تلویزیون,دانشگاه صدا و سیمای جمهوری اسلامی ایران
1399,هنر,1641,194,منطقه 3,دندانپزشکی,دانشگاه علوم پزشکی مازندران - ساری
1399,هنر,1658,199,منطقه 3,ادبیات نمایشی,دانشگاه دامغان
1399,هنر,1693,203,منطقه 3,پزشکی - نیمسال اول,دانشگاه علوم پزشکی تبریز
1399,هنر,1736,212,منطقه 3,پزشکی,دانشگاه علوم پزشکی بیرجند
1399,هنر,1758,215,منطقه 3,نقاشی,دانشگاه هنر اصفهان
1399,هنر,1815,224,منطقه 3,داروسازی,دانشگاه علوم پزشکی زنجان
1399,هنر,1822,226,منطقه 3,علوم آزمایشگاهی,دانشگاه علوم پزشکی خراسان شمالی - بجنورد
1399,هنر,1828,228,منطقه 3,نوازندگی موسیقی ایرانی,دانشگاه گیلان - رشت
1399,هنر,1836,231,منطقه 3,عکاسی,دانشگاه هنر تهران
1399,هنر,1847,182,ایثارگر-5%,نقاشی,دانشگاه هنر تهران
1399,هنر,1862,237,منطقه 3,طراحی صنعتی,دانشگاه هنر اسلامی تبریز
1399,هنر,1871,185,ایثارگر-5%,پزشکی,دانشگاه علوم پزشکی گلستان - گرگان
1399,هنر,1874,240,منطقه 3,پزشکی,دانشگاه علوم پزشکی گناباد
1399,هنر,1888,187,ایثارگر-5%,دندانپزشکی,دانشگاه علوم پزشکی گیلان - رشت
1399,هنر,1893,243,منطقه 3,پزشکی - نیمسال اول,دانشگاه علوم پزشکی ارومیه
1399,هنر,1905,245,منطقه 3,مامایی,دانشگاه علوم پزشکی ایلام
1399,هنر,1944,251,منطقه 3,ادبیات نمایشی,دانشگاه هنر تهران
1399,هنر,1951,252,منطقه 3,ارتباط تصویری,دانشگاه غیرانتفاعی سوره - تهران
1399,هنر,1967,254,منطقه 3,زیست شناسی سلولی مولکولی,دانشگاه پیام نور آذربایجان شرقی - مرکز تبریز
1399,هنر,1996,196,ایثارگر-5%,ارتباط تصویری,دانشگاه شیراز
1399,هنر,2013,264,منطقه 3,نقاشی,دانشگاه هنر اصفهان
1399,هنر,2032,199,ایثارگر-5%,آموزش ابتدایی - بومی استان اردبیل,پردیس بنت الهدی صدر - اردبیل
1399,هنر,2047,266,منطقه 3,پزشکی,دانشگاه علوم پزشکی ایران
1399,هنر,2056,270,منطقه 3,نقاشی,دانشگاه الزهرا(س) - تهران
1399,هنر,2098,278,منطقه 3,داروسازی,دانشگاه علوم پزشکی شیراز
1399,هنر,2133,210,ایثارگر-5%,مهندسی برق,دانشگاه صنعتی امیرکبیر - تهران
1399,هنر,2144,286,منطقه 3,طراحی صنعتی,دانشگاه الزهرا(س) - تهران
1399,هنر,2148,287,منطقه 3,صنایع دستی,دانشگاه شیراز
1399,هنر,2158,288,منطقه 3,آموزش راهنمایی ومشاوره - بومی خراسان جنوبی,پردیس شهید باهنر - بیرجند
1399,هنر,2173,292,منطقه 3,پزشکی - بومی کردستان,دانشگاه علوم پزشکی کردستان - سنندج
1399,هنر,2177,294,منطقه 3,شیمی کاربردی,دانشگاه فردوسی - مشهد
1399,هنر,2212,216,ایثارگر-5%,تکنولوژی اتاق عمل,دانشگاه علوم پزشکی سبزوار
1399,هنر,2229,218,ایثارگر-5%,علوم کامپیوتر,دانشگاه الزهرا(س) - تهران
1399,هنر,2235,219,ایثارگر-5%,شیمی کاربردی,دانشگاه صنعتی شریف - تهران
1399,هنر,2329,224,ایثارگر-5%,مهندسی کامپیوتر,دانشگاه تهران (محل تحصیل قم)
1399,هنر,2366,226,ایثارگر-5%,مجسمه سازی,دانشگاه هنر تهران
1399,هنر,2396,227,ایثارگر-5%,نمایش عروسکی,دانشگاه هنر تهران
1399,هنر,2517,235,ایثارگر-5%,ارتباط تصویری,دانشگاه شیراز
1399,هنر,2543,237,ایثارگر-5%,علوم آزمایشگاهی - نیمسال اول,دانشگاه غیرانتفاعی علوم پزشکی وارستگان - مشهد
1399,هنر,2581,238,ایثارگر-5%,ارتباط تصویری,دانشگاه بوعلی سینا - همدان
1399,هنر,2633,242,ایثارگر-5%,پرستاری,دانشگاه علوم پزشکی خراسان شمالی - بجنورد (محل تحصیل شیروان)
1399,هنر,2712,249,ایثارگر-5%,ارتباط تصویری,دانشگاه غیرانتفاعی سوره - تهران
1399,هنر,2762,254,ایثارگر-5%,پزشکی - نیمسال دوم,دانشگاه علوم پزشکی تبریز
1399,هنر,2775,255,ایثارگر-5%,صنایع دستی,دانشگاه هنر تهران
1399,هنر,2829,257,ایثارگر-5%,کارشناسی ارشد پیوسته علوم قضایی,دانشگاه علوم قضایی و خدمات ادارای دادگستری
1399,هنر,2999,266,ایثارگر-5%,مهندسی برق,دانشگاه علم و صنعت ایران - تهران
1399,هنر,3008,268,ایثارگر-5%,نقاشی ایرانی,دانشگاه هنر اسلامی تبریز
1399,هنر,3013,269,ایثارگر-5%,مهندسی برق,دانشگاه صنعتی خواجه نصیرالدین طوسی - تهران
1399,هنر,3124,275,ایثارگر-5%,مهندسی برق,دانشگاه تهران
1399,هنر,3140,276,ایثارگر-5%,پزشکی,دانشگاه علوم پزشکی بیرجند
1399,هنر,3273,290,ایثارگر-5%,طراحی پارچه,دانشگاه هنر تهران
1399,هنر,3309,293,ایثارگر-5%,نقاشی,دانشگاه هنر تهران
1399,هنر,3309,293,ایثارگر-5%,کاردرمانی,دانشگاه علوم پزشکی تبریز
1399,هنر,3321,296,ایثارگر-5%,پزشکی,دانشگاه علوم پزشکی بیرجند
1399,هنر,3365,300,ایثارگر-5%,پرستاری - نیمسال اول,دانشگاه علوم پزشکی تربت حیدریه
1399,هنر,4679,69,ایثارگر-25%,پزشکی,دانشگاه علوم پزشکی تهران
1399,هنر,15517,243,ایثارگر-25%,دندانپزشکی,دانشگاه علوم پزشکی اصفهان
1399,زبان,1,1,منطقه 1,مهندسی کامپیوتر,دانشگاه صنعتی شریف - تهران
1399,زبان,2,1,منطقه 2,زبان روسی,دانشگاه تهران
1399,زبان,3,2,منطقه 1,پزشکی - نیمسال اول,دانشگاه علوم پزشکی اصفهان
1399,زبان,4,2,منطقه 2,پزشکی,دانشگاه علوم پزشکی تهران
1399,زبان,5,3,منطقه 2,پزشکی - نیمسال دوم,دانشگاه علوم پزشکی شهید بهشتی - تهران
1399,زبان,6,4,منطقه 2,پزشکی,دانشگاه علوم پزشکی یزد
1399,زبان,7,1,منطقه 3,دندانپزشکی,دانشگاه علوم پزشکی زاهدان
1399,زبان,9,5,منطقه 2,پزشکی - نیمسال اول,دانشگاه علوم پزشکی شهید بهشتی - تهران
1399,زبان,10,6,منطقه 2,پزشکی - نیمسال دوم,دانشگاه علوم پزشکی مازندران - ساری
1399,زبان,12,3,منطقه 3,پزشکی,دانشگاه علوم پزشکی تهران
1399,زبان,13,7,منطقه 2,پزشکی,دانشگاه علوم پزشکی ایران
1399,زبان,14,4,منطقه 1,ریاضیات و کاربردها,دانشگاه صنعتی شریف - تهران
1399,زبان,16,5,منطقه 1,مهندسی کامپیوتر,دانشگاه تهران
1399,زبان,19,7,منطقه 1,پزشکی,دانشگاه علوم پزشکی تهران
1399,زبان,20,8,منطقه 1,مهندسی برق,دانشگاه صنعتی اصفهان
1399,زبان,21,10,منطقه 2,پزشکی,دانشگاه علوم پزشکی تهران
1399,زبان,22,11,منطقه 2,مهندسی کامپیوتر,دانشگاه صنعتی شریف - تهران
1399,زبان,23,4,منطقه 3,پزشکی - نیمسال اول,دانشگاه علوم پزشکی مشهد
1399,زبان,24,12,منطقه 2,مهندسی کامپیوتر,دانشگاه صنعتی شریف - تهران
1399,زبان,26,1,ایثارگر-5%,پزشکی,دانشگاه علوم پزشکی بابل
1399,زبان,29,12,منطقه 1,پزشکی,دانشگاه علوم پزشکی تهران
1399,زبان,30,14,منطقه 2,پزشکی,دانشگاه علوم پزشکی یزد
1399,زبان,33,16,منطقه 2,مهندسی برق,دانشگاه صنعتی شریف - تهران
1399,زبان,34,2,ایثارگر-5%,پزشکی,دانشگاه علوم پزشکی تهران
1399,زبان,35,17,منطقه 2,مهندسی کامپیوتر,دانشگاه صنعتی شریف - تهران
1399,زبان,36,18,منطقه 2,پزشکی,دانشگاه علوم پزشکی تهران
1399,زبان,39,17,منطقه 1,دندانپزشکی,دانشگاه علوم پزشکی تهران
1399,زبان,40,19,منطقه 2,پزشکی - نیمسال اول,دانشگاه علوم پزشکی شهید بهشتی - تهران
1399,زبان,42,20,منطقه 2,پزشکی,دانشگاه علوم پزشکی تهران
1399,زبان,45,21,منطقه 1,مهندسی عمران,دانشگاه صنعتی شریف - تهران
1399,زبان,46,22,منطقه 1,مهندسی کامپیوتر,دانشگاه صنعتی شریف - تهران
1399,زبان,47,3,ایثارگر-5%,پزشکی - نیمسال اول,دانشگاه علوم پزشکی شیراز
1399,زبان,48,21,منطقه 2,پزشکی - نیمسال اول,دانشگاه علوم پزشکی البرز - کرج
1399,زبان,51,24,منطقه 1,پزشکی - نیمسال اول,دانشگاه علوم پزشکی شهید بهشتی - تهران
1399,زبان,52,6,منطقه 3,پزشکی - نیمسال اول,دانشگاه علوم پزشکی همدان
1399,زبان,53,25,منطقه 1,پزشکی - نیمسال اول,دانشگاه علوم پزشکی مشهد
1399,زبان,55,5,ایثارگر-5%,مهندسی کامپیوتر,دانشگاه تهران
1399,زبان,56,27,منطقه 1,داروسازی,دانشگاه علوم پزشکی شیراز
1399,زبان,57,24,منطقه 2,دکترای عمومی دامپزشکی,دانشگاه ارومیه
1399,زبان,58,25,منطقه 2,زبان و ادبیات انگلیسی,دانشگاه تهران
1399,زبان,59,28,منطقه 1,پزشکی,دانشگاه علوم پزشکی فسا
1399,زبان,61,7,منطقه 3,پزشکی - نیمسال اول,دانشگاه علوم پزشکی شهید بهشتی - تهران
1399,زبان,62,27,منطقه 2,مهندسی کامپیوتر,دانشگاه صنعتی شریف - تهران
1399,زبان,63,29,منطقه 1,پزشکی,دانشگاه علوم پزشکی تهران
1399,زبان,64,28,منطقه 2,روانشناسی,دانشگاه شهید بهشتی - تهران
1399,زبان,65,8,منطقه 3,پزشکی,دانشگاه علوم پزشکی تهران
1399,زبان,66,30,منطقه 1,پزشکی - نیمسال اول,دانشگاه علوم پزشکی مشهد
1399,زبان,67,29,منطقه 2,پزشکی,دانشگاه علوم پزشکی ایران
1399,زبان,71,33,منطقه 1,پزشکی,دانشگاه علوم پزشکی تهران
1399,زبان,72,31,منطقه 2,پزشکی - نیمسال اول,دانشگاه علوم پزشکی شهید بهشتی - تهران
1399,زبان,73,34,منطقه 1,پزشکی - نیمسال اول,دانشگاه علوم پزشکی البرز - کرج
1399,زبان,75,32,منطقه 2,پزشکی - نیمسال اول,دانشگاه علوم پزشکی مشهد
1399,زبان,78,33,منطقه 2,پزشکی,دانشگاه علوم پزشکی یزد
1399,زبان,79,38,منطقه 1,دندانپزشکی - نیمسال اول,دانشگاه آزاداسلامی-واحدپزشکی تهران
1399,زبان,81,40,منطقه 1,پزشکی,دانشگاه علوم پزشکی تهران
1399,زبان,82,9,منطقه 3,پزشکی,دانشگاه علوم پزشکی تهران
1399,زبان,83,34,منطقه 2,پزشکی,دانشگاه علوم پزشکی تهران
1399,زبان,84,35,منطقه 2,پزشکی - نیمسال اول,دانشگاه علوم پزشکی شهید بهشتی - تهران
1399,زبان,87,36,منطقه 2,داروسازی - نیمسال اول,دانشگاه علوم پزشکی تبریز
1399,زبان,88,10,منطقه 3,پزشکی,دانشگاه علوم پزشکی تهران
1399,زبان,89,11,منطقه 3,آموزش راهنمایی ومشاوره - بومی استان اصفهان,پردیس شهید باهنر - اصفهان
1399,زبان,89,37,منطقه 2,پزشکی,دانشگاه علوم پزشکی ایران
1399,زبان,91,43,منطقه 1,مهندسی کامپیوتر,دانشگاه صنعتی شریف - تهران
1399,زبان,94,45,منطقه 1,پزشکی,دانشگاه علوم پزشکی تهران
1399,زبان,95,8,ایثارگر-5%,زبان و ادبیات انگلیسی,دانشگاه تهران
1399,زبان,96,40,منطقه 2,پزشکی,دانشگاه علوم پزشکی تهران
1399,زبان,97,46,منطقه 1,مهندسی مکانیک,دانشگاه صنعتی شریف - تهران
1399,زبان,98,12,منطقه 3,پزشکی,دانشگاه علوم پزشکی تهران
1399,زبان,101,41,منطقه 2,زبان و ادبیات انگلیسی,دانشگاه تهران
1399,زبان,102,42,منطقه 2,پزشکی - نیمسال اول,دانشگاه علوم پزشکی شهید بهشتی - تهران
1399,زبان,105,44,منطقه 2,حقوق,دانشگاه شهید بهشتی - تهران
1399,زبان,106,50,منطقه 1,مهندسی برق,دانشگاه تهران
1399,زبان,107,51,منطقه 1,فیزیوتراپی,دانشگاه علوم پزشکی مشهد
1399,زبان,108,45,منطقه 2,پزشکی - نیمسال اول,دانشگاه علوم پزشکی زاهدان
1399,زبان,112,48,منطقه 2,دندانپزشکی - نیمسال اول,دانشگاه علوم پزشکی شهید بهشتی - تهران
1399,زبان,118,50,منطقه 2,پزشکی - نیمسال اول,دانشگاه علوم پزشکی شهید بهشتی - تهران
1399,زبان,118,57,منطقه 1,پزشکی - نیمسال اول,دانشگاه علوم پزشکی اصفهان
1399,زبان,120,51,منطقه 2,پزشکی - نیمسال دوم,دانشگاه علوم پزشکی مشهد
1399,زبان,121,52,منطقه 2,زبان چینی,دانشگاه تهران
1399,زبان,122,53,منطقه 2,مهندسی کامپیوتر,دانشگاه تهران
1399,زبان,123,58,منطقه 1,دندانپزشکی,دانشگاه علوم پزشکی بیرجند
1399,زبان,124,54,منطقه 2,زبان و ادبیات انگلیسی,دانشگاه تهران
1399,زبان,125,59,منطقه 1,فیزیک,دانشگاه صنعتی شریف - تهران
1399,زبان,127,10,ایثارگر-5%,پزشکی - نیمسال اول,دانشگاه علوم پزشکی بقیه الله
1399,زبان,128,55,منطقه 2,پزشکی - نیمسال دوم,دانشگاه علوم پزشکی شهید بهشتی - تهران
1399,زبان,129,56,منطقه 2,مترجمی زبان انگلیسی,دانشگاه علامه طباطبایی - تهران
1399,زبان,130,62,منطقه 1,پزشکی,دانشگاه علوم پزشکی تهران
1399,زبان,131,57,منطقه 2,مهندسی معماری,دانشگاه تهران
1399,زبان,132,58,منطقه 2,پزشکی,دانشگاه علوم پزشکی تهران
1399,زبان,132,63,منطقه 1,زیست شناسی سلولی مولکولی,دانشگاه تهران
1399,زبان,135,59,منطقه 2,داروسازی,دانشگاه علوم پزشکی تهران
1399,زبان,135,59,منطقه 2,مهندسی کامپیوتر,دانشگاه صنعتی شریف - تهران
1399,زبان,138,11,ایثارگر-5%,پزشکی,دانشگاه علوم پزشکی اردبیل
1399,زبان,140,14,منطقه 3,زبان و ادبیات انگلیسی,دانشگاه تهران
1399,زبان,142,61,منطقه 2,پزشکی,دانشگاه علوم پزشکی تهران
1399,زبان,142,67,منطقه 1,پزشکی,دانشگاه علوم پزشکی ایران
1399,زبان,142,67,منطقه 1,پزشکی,دانشگاه علوم پزشکی تهران
1399,زبان,144,62,منطقه 2,پزشکی - نیمسال اول,دانشگاه علوم پزشکی اصفهان
1399,زبان,145,63,منطقه 2,پزشکی - نیمسال اول,دانشگاه علوم پزشکی تبریز
1399,زبان,146,64,منطقه 2,پزشکی,دانشگاه علوم پزشکی بیرجند
1399,زبان,148,69,منطقه 1,مهندسی شیمی,دانشگاه صنعتی شریف - تهران
1399,زبان,150,67,منطقه 2,زبان و ادبیات ژاپنی,دانشگاه تهران
1399,زبان,155,69,منطقه 2,داروسازی,دانشگاه علوم پزشکی گیلان - رشت
1399,زبان,159,16,منطقه 3,پزشکی - نیمسال دوم,دانشگاه علوم پزشکی سبزوار
1399,زبان,160,70,منطقه 2,مهندسی مکانیک,دانشگاه صنعتی شریف - تهران
1399,زبان,162,75,منطقه 1,دندانپزشکی,دانشگاه علوم پزشکی البرز - کرج
1399,زبان,162,75,منطقه 1,پزشکی,دانشگاه علوم پزشکی تهران
1399,زبان,164,72,منطقه 2,پزشکی,دانشگاه علوم پزشکی بابل
1399,زبان,165,73,منطقه 2,زبان و ادبیات انگلیسی,دانشگاه شهید بهشتی - تهران
1399,زبان,167,74,منطقه 2,پزشکی - نیمسال دوم,دانشگاه علوم پزشکی جندی شاپور اهواز
1399,زبان,168,78,منطقه 1,زبان و ادبیات انگلیسی,دانشگاه شهید بهشتی - تهران
1399,زبان,172,81,منطقه 1,پزشکی - نیمسال اول,دانشگاه علوم پزشکی تبریز
1399,زبان,173,18,منطقه 3,پزشکی - نیمسال اول,دانشگاه علوم پزشکی گیلان - رشت
1399,زبان,174,75,منطقه 2,پزشکی - نیمسال اول,دانشگاه علوم پزشکی شهید بهشتی - تهران
1399,زبان,176,76,منطقه 2,مهندسی برق,دانشگاه صنعتی شریف - تهران
1399,زبان,178,84,منطقه 1,مهندسی هوا فضا,دانشگاه صنعتی امیرکبیر - تهران
1399,زبان,179,77,منطقه 2,پزشکی,دانشگاه علوم پزشکی تهران
1399,زبان,181,13,ایثارگر-5%,دندانپزشکی,دانشگاه علوم پزشکی مشهد
1399,زبان,182,86,منطقه 1,پزشکی,دانشگاه علوم پزشکی اصفهان
1399,زبان,183,79,منطقه 2,پزشکی,دانشگاه علوم پزشکی تهران
1399,زبان,184,80,منطقه 2,پزشکی,دانشگاه علوم پزشکی تهران
1399,زبان,185,87,منطقه 1,پزشکی - نیمسال اول,دانشگاه علوم پزشکی شهید بهشتی - تهران
1399,زبان,186,88,منطقه 1,پزشکی - نیمسال اول,دانشگاه علوم پزشکی اصفهان
1399,زبان,188,90,منطقه 1,پزشکی - نیمسال دوم,دانشگاه علوم پزشکی شهید بهشتی - تهران
1399,زبان,189,19,منطقه 3,دندانپزشکی,دانشگاه علوم پزشکی گیلان - رشت
1399,زبان,189,91,منطقه 1,پزشکی,دانشگاه علوم پزشکی تهران
1399,زبان,192,82,منطقه 2,داروسازی,دانشگاه علوم پزشکی تهران
1399,زبان,195,93,منطقه 1,پزشکی,دانشگاه علوم پزشکی تهران
1399,زبان,197,95,منطقه 1,مهندسی مکانیک,دانشگاه تهران
1399,زبان,198,96,منطقه 1,داروسازی,دانشگاه علوم پزشکی تهران
1399,زبان,200,84,منطقه 2,پزشکی - بومی خراسان رضوی,دانشگاه علوم پزشکی مشهد
1399,زبان,202,99,منطقه 1,روانشناسی,دانشگاه تهران
1399,زبان,203,85,منطقه 2,مهندسی مکانیک,دانشگاه فردوسی - مشهد
1399,زبان,204,86,منطقه 2,مهندسی کامپیوتر,دانشگاه صنعتی شریف - تهران
1399,زبان,204,100,منطقه 1,داروسازی,دانشگاه علوم پزشکی مشهد
1399,زبان,210,103,منطقه 1,پزشکی - نیمسال اول,دانشگاه علوم پزشکی شهید بهشتی - تهران
1399,زبان,212,88,منطقه 2,پزشکی - نیمسال اول,دانشگاه علوم پزشکی مشهد
1399,زبان,214,106,منطقه 1,پزشکی - نیمسال اول,دانشگاه علوم پزشکی تبریز
1399,زبان,216,21,منطقه 3,پزشکی,دانشگاه علوم پزشکی ارومیه
1399,زبان,216,108,منطقه 1,دندانپزشکی - نیمسال دوم,دانشگاه آزاد اسلامی-واحد خوراسگان
1399,زبان,219,22,منطقه 3,مهندسی کامپیوتر,دانشگاه صنعتی شریف - تهران
1399,زبان,219,22,منطقه 3,پزشکی,دانشگاه علوم پزشکی تهران
1399,زبان,221,110,منطقه 1,پزشکی,دانشگاه علوم پزشکی تهران
1399,زبان,226,16,ایثارگر-5%,دندانپزشکی,دانشگاه علوم پزشکی مشهد
1399,زبان,228,117,منطقه 1,پزشکی - نیمسال اول,دانشگاه علوم پزشکی مشهد
1399,زبان,231,17,ایثارگر-5%,پزشکی,دانشگاه علوم پزشکی ایران
1399,زبان,231,24,منطقه 3,پزشکی - نیمسال اول,دانشگاه علوم پزشکی شهید بهشتی - تهران
1399,زبان,231,118,منطقه 1,پزشکی - نیمسال دوم,دانشگاه علوم پزشکی مشهد
1399,زبان,236,121,منطقه 1,مهندسی مکانیک,دانشگاه تهران
1399,زبان,238,92,منطقه 2,پزشکی,دانشگاه علوم پزشکی ایران
1399,زبان,239,123,منطقه 1,پزشکی - نیمسال دوم,دانشگاه علوم پزشکی شهید بهشتی - تهران
1399,زبان,247,93,منطقه 2,پزشکی - نیمسال اول,دانشگاه علوم پزشکی شهید بهشتی - تهران
1399,زبان,248,25,منطقه 3,پزشکی - نیمسال دوم,دانشگاه علوم پزشکی یاسوج
1399,زبان,248,131,منطقه 1,مهندسی صنایع,دانشگاه تهران
1399,زبان,250,26,منطقه 3,پزشکی,دانشگاه علوم پزشکی ایلام
1399,زبان,252,95,منطقه 2,پزشکی - نیمسال اول,دانشگاه علوم پزشکی شهید بهشتی - تهران
1399,زبان,253,132,منطقه 1,مهندسی برق,دانشگاه صنعتی شریف - تهران
1399,زبان,257,28,منطقه 3,دندانپزشکی,دانشگاه علوم پزشکی اصفهان
1399,زبان,261,97,منطقه 2,پزشکی,دانشگاه آزاداسلامی-واحدشاهرود
1399,زبان,265,98,منطقه 2,مهندسی کامپیوتر,دانشگاه صنعتی شریف - تهران
1399,زبان,265,98,منطقه 2,پزشکی,دانشگاه علوم پزشکی زنجان
1399,زبان,268,140,منطقه 1,آموزش زبان انگلیسی - بومی خراسان رضوی,پردیس شهید هاشمی نژاد - مشهد
1399,زبان,272,100,منطقه 2,پزشکی,دانشگاه علوم پزشکی تهران
1399,زبان,274,144,منطقه 1,مدیریت بیمه اکو,دانشگاه علامه طباطبایی - تهران
1399,زبان,275,101,منطقه 2,دندانپزشکی - نیمسال اول,دانشگاه علوم پزشکی شهید بهشتی - تهران
1399,زبان,276,145,منطقه 1,مهندسی کامپیوتر,دانشگاه تهران
1399,زبان,279,102,منطقه 2,پزشکی - نیمسال دوم,دانشگاه علوم پزشکی مازندران - ساری
1399,زبان,279,147,منطقه 1,مهندسی کامپیوتر,دانشگاه صنعتی شریف - تهران
1399,زبان,281,31,منطقه 3,پزشکی - نیمسال دوم,دانشگاه علوم پزشکی کرمان
1399,زبان,283,104,منطقه 2,پزشکی - نیمسال اول,دانشگاه علوم پزشکی گیلان - رشت
1399,زبان,284,105,منطقه 2,پزشکی - نیمسال اول,دانشگاه علوم پزشکی شهرکرد
1399,زبان,287,151,منطقه 1,مهندسی کامپیوتر,دانشگاه تهران
1399,زبان,288,106,منطقه 2,پزشکی,دانشگاه علوم پزشکی زنجان
1399,زبان,290,108,منطقه 2,پزشکی,دانشگاه علوم پزشکی ایران
1399,زبان,290,108,منطقه 2,پزشکی,دانشگاه علوم پزشکی تهران
1399,زبان,292,152,منطقه 1,پزشکی - نیمسال اول,دانشگاه علوم پزشکی اصفهان
1399,زبان,298,110,منطقه 2,حقوق,دانشگاه تهران
1399,زبان,299,158,منطقه 1,مترجمی زبان آلمانی,دانشگاه تهران
1399,زبان,300,159,منطقه 1,مهندسی برق,دانشگاه صنعتی شریف - تهران
1399,زبان,303,111,منطقه 2,داروسازی,دانشگاه علوم پزشکی شهید بهشتی - تهران
1399,زبان,303,161,منطقه 1,پزشکی - نیمسال دوم,دانشگاه علوم پزشکی اصفهان
1399,زبان,305,32,منطقه 3,دندانپزشکی,دانشگاه علوم پزشکی مشهد
1399,زبان,306,163,منطقه 1,مهندسی برق,دانشگاه صنعتی شریف - تهران
1399,زبان,309,33,منطقه 3,داروسازی,دانشگاه علوم پزشکی شیراز
1399,زبان,312,112,منطقه 2,مهندسی برق,دانشگاه صنعتی شریف - تهران
1399,زبان,314,113,منطقه 2,پزشکی,دانشگاه علوم پزشکی ایران
1399,زبان,319,117,منطقه 2,پزشکی - نیمسال دوم,دانشگاه علوم پزشکی شهید بهشتی - تهران
1399,زبان,320,118,منطقه 2,دندانپزشکی,دانشگاه علوم پزشکی اصفهان
1399,زبان,321,34,منطقه 3,پزشکی - نیمسال اول,دانشگاه علوم پزشکی مشهد
1399,زبان,324,120,منطقه 2,پزشکی,دانشگاه علوم پزشکی ارومیه
1399,زبان,325,171,منطقه 1,مهندسی کامپیوتر,دانشگاه تهران
1399,زبان,327,121,منطقه 2,پزشکی - نیمسال اول,دانشگاه علوم پزشکی گیلان - رشت
1399,زبان,328,173,منطقه 1,مهندسی کامپیوتر,دانشگاه علم و صنعت ایران - تهران
1399,زبان,330,175,منطقه 1,پزشکی - نیمسال دوم,دانشگاه علوم پزشکی شهید بهشتی - تهران
1399,زبان,333,178,منطقه 1,دندانپزشکی,دانشگاه علوم پزشکی مشهد
1399,زبان,335,122,منطقه 2,آموزش زبان انگلیسی - بومی استان اردبیل,پردیس فاطمه الزهرا (س) - زنجان
1399,زبان,337,123,منطقه 2,پزشکی - نیمسال دوم,دانشگاه علوم پزشکی بندرعباس
1399,زبان,338,181,منطقه 1,مهندسی برق,دانشگاه صنعتی شریف - تهران
1399,زبان,340,183,منطقه 1,مهندسی برق,دانشگاه صنعتی شریف - تهران
1399,زبان,343,125,منطقه 2,پزشکی - نیمسال اول,دانشگاه علوم پزشکی لرستان - خرم آباد
1399,زبان,348,127,منطقه 2,مهندسی شیمی,دانشگاه صنعتی شریف - تهران
1399,زبان,348,188,منطقه 1,پزشکی - نیمسال اول,دانشگاه علوم پزشکی شهید بهشتی - تهران
1399,زبان,351,35,منطقه 3,پزشکی - نیمسال اول,دانشگاه علوم پزشکی مشهد
1399,زبان,353,129,منطقه 2,پزشکی - نیمسال دوم,دانشگاه علوم پزشکی مشهد
1399,زبان,354,190,منطقه 1,حسابداری,دانشگاه خوارزمی تهران
1399,زبان,356,130,منطقه 2,پزشکی - نیمسال دوم,دانشگاه علوم پزشکی اراک
1399,زبان,356,192,منطقه 1,مهندسی عمران,دانشگاه صنعتی شریف - تهران
1399,زبان,360,133,منطقه 2,پزشکی,دانشگاه علوم پزشکی تهران
1399,زبان,362,134,منطقه 2,مهندسی برق,دانشگاه صنعتی شریف - تهران
1399,زبان,364,135,منطقه 2,پزشکی,دانشگاه علوم پزشکی ایران
1399,زبان,367,136,منطقه 2,پزشکی,دانشگاه علوم پزشکی ایران
1399,زبان,367,196,منطقه 1,پزشکی - نیمسال دوم,دانشگاه علوم پزشکی کرمان
1399,زبان,369,36,منطقه 3,پزشکی - نیمسال اول,دانشگاه علوم پزشکی شیراز
1399,زبان,371,138,منطقه 2,مهندسی مکانیک,دانشگاه تهران
1399,زبان,372,23,ایثارگر-5%,پزشکی - نیمسال اول,دانشگاه علوم پزشکی شهید بهشتی - تهران
1399,زبان,373,140,منطقه 2,دندانپزشکی,دانشگاه علوم پزشکی خراسان شمالی - بجنورد
1399,زبان,374,198,منطقه 1,مترجمی زبان انگلیسی,دانشگاه علامه طباطبایی - تهران
1399,زبان,376,141,منطقه 2,پزشکی - نیمسال اول,دانشگاه علوم پزشکی جندی شاپور اهواز
1399,زبان,378,37,منطقه 3,دندانپزشکی,دانشگاه علوم پزشکی همدان
1399,زبان,379,201,منطقه 1,زبان و ادبیات انگلیسی,دانشگاه شهید بهشتی - تهران
1399,زبان,381,203,منطقه 1,پزشکی - نیمسال دوم,دانشگاه علوم پزشکی کرمان
1399,زبان,383,205,منطقه 1,زبان چینی,دانشگاه تهران
1399,زبان,385,207,منطقه 1,داروسازی,دانشگاه علوم پزشکی مشهد
1399,زبان,387,208,منطقه 1,مهندسی کامپیوتر,دانشگاه صنعتی امیرکبیر - تهران
1399,زبان,390,143,منطقه 2,پزشکی,دانشگاه علوم پزشکی ایران
1399,زبان,391,144,منطقه 2,داروسازی,دانشگاه علوم پزشکی تهران
1399,زبان,393,38,منطقه 3,پزشکی - نیمسال اول,دانشگاه علوم پزشکی همدان
1399,زبان,397,146,منطقه 2,دکترای عمومی دامپزشکی,دانشگاه تهران
1399,زبان,398,213,منطقه 1,مهندسی برق,دانشگاه تهران
1399,زبان,399,26,ایثارگر-5%,مترجمی زبان انگلیسی,دانشگاه علامه طباطبایی - تهران
1399,زبان,401,148,منطقه 2,داروسازی - نیمسال دوم,دانشگاه علوم پزشکی تبریز
1399,زبان,402,149,منطقه 2,مهندسی کامپیوتر,دانشگاه صنعتی شریف - تهران
1399,زبان,404,151,منطقه 2,پزشکی - بصورت خودگردان,دانشگاه آزاداسلامی-واحدتنکابن
1399,زبان,407,27,ایثارگر-5%,پزشکی,دانشگاه علوم پزشکی تهران
1399,زبان,410,153,منطقه 2,مهندسی عمران,دانشگاه صنعتی شریف - تهران
1399,زبان,412,218,منطقه 1,پزشکی - نیمسال دوم,دانشگاه علوم پزشکی شیراز
1399,زبان,415,155,منطقه 2,روانشناسی,دانشگاه پیام نور تهران - مرکز پاکدشت
1399,زبان,415,155,منطقه 2,پزشکی - نیمسال اول,دانشگاه علوم پزشکی شیراز
1399,زبان,418,158,منطقه 2,آموزش زبان انگلیسی - بومی مازندران,پردیس نسیبه - تهران
1399,زبان,418,158,منطقه 2,پزشکی,دانشگاه علوم پزشکی ایران
1399,زبان,420,42,منطقه 3,پزشکی - نیمسال دوم,دانشگاه علوم پزشکی جهرم
1399,زبان,424,161,منطقه 2,پزشکی,دانشگاه علوم پزشکی قزوین
1399,زبان,426,162,منطقه 2,دندانپزشکی - نیمسال دوم,دانشگاه علوم پزشکی شهید بهشتی - تهران
1399,زبان,426,162,منطقه 2,پزشکی,دانشگاه علوم پزشکی ایران
1399,زبان,428,223,منطقه 1,مهندسی کامپیوتر,دانشگاه صنعتی امیرکبیر - تهران
1399,زبان,429,164,منطقه 2,مهندسی مکانیک,دانشگاه صنعتی شریف - تهران
1399,زبان,431,4,ایثارگر-25%,پزشکی,دانشگاه علوم پزشکی تهران
1399,زبان,431,43,منطقه 3,پزشکی,دانشگاه علوم پزشکی تهران
1399,زبان,433,166,منطقه 2,آموزش ابتدایی - بومی گیلان,پردیس امام علی - رشت
1399,زبان,434,167,منطقه 2,پزشکی,دانشگاه علوم پزشکی زابل
1399,زبان,438,169,منطقه 2,مهندسی مکانیک,دانشگاه صنعتی امیرکبیر - تهران
1399,زبان,440,44,منطقه 3,پزشکی,دانشگاه علوم پزشکی ایلام
1399,زبان,442,32,ایثارگر-5%,دندانپزشکی,دانشگاه علوم پزشکی بیرجند
1399,زبان,444,230,منطقه 1,پزشکی,دانشگاه علوم پزشکی خراسان شمالی - بجنورد
1399,زبان,446,45,منطقه 3,پزشکی - نیمسال اول,دانشگاه علوم پزشکی شیراز
1399,زبان,447,46,منطقه 3,پزشکی - نیمسال دوم,دانشگاه علوم پزشکی اصفهان
1399,زبان,450,171,منطقه 2,دندانپزشکی,دانشگاه علوم پزشکی مازندران - ساری
1399,زبان,452,33,ایثارگر-5%,پزشکی,دانشگاه علوم پزشکی قزوین
1399,زبان,452,33,ایثارگر-5%,پزشکی - نیمسال اول,دانشگاه علوم پزشکی تبریز
1399,زبان,460,238,منطقه 1,پزشکی - نیمسال اول,دانشگاه علوم پزشکی البرز - کرج
1399,زبان,461,35,ایثارگر-5%,دندانپزشکی - نیمسال دوم,دانشگاه علوم پزشکی شهید بهشتی - تهران
1399,زبان,462,176,منطقه 2,پزشکی,دانشگاه علوم پزشکی یزد
1399,زبان,463,177,منطقه 2,پزشکی - نیمسال دوم,دانشگاه علوم پزشکی تبریز
1399,زبان,465,49,منطقه 3,پزشکی - نیمسال اول,دانشگاه علوم پزشکی جندی شاپور اهواز
1399,زبان,466,50,منطقه 3,پزشکی - نیمسال اول,دانشگاه علوم پزشکی اصفهان
1399,زبان,468,178,منطقه 2,پزشکی - نیمسال دوم,دانشگاه علوم پزشکی اصفهان
1399,زبان,470,179,منطقه 2,حقوق,دانشگاه تهران
1399,زبان,472,241,منطقه 1,پزشکی,دانشگاه علوم پزشکی یزد
1399,زبان,473,181,منطقه 2,پزشکی,دانشگاه علوم پزشکی ایران
1399,زبان,475,183,منطقه 2,زبان و ادبیات انگلیسی,دانشگاه تهران
1399,زبان,481,52,منطقه 3,علوم قضایی,دانشگاه علوم قضایی و خدمات ادارای دادگستری
1399,زبان,481,52,منطقه 3,پزشکی - نیمسال دوم,دانشگاه علوم پزشکی کرمان
1399,زبان,483,244,منطقه 1,مهندسی پلیمر,دانشگاه صنعتی امیرکبیر - تهران
1399,زبان,486,245,منطقه 1,مهندسی کامپیوتر,دانشگاه شهید بهشتی - تهران
1399,زبان,492,189,منطقه 2,پزشکی - نیمسال اول,دانشگاه علوم پزشکی مشهد
1399,زبان,493,249,منطقه 1,مهندسی برق,دانشگاه صنعتی شریف - تهران
1399,زبان,497,191,منطقه 2,پزشکی,دانشگاه علوم پزشکی اردبیل
1399,زبان,498,252,منطقه 1,پزشکی - نیمسال اول,دانشگاه علوم پزشکی مشهد
1399,زبان,500,193,منطقه 2,پزشکی - نیمسال دوم,دانشگاه علوم پزشکی شهید بهشتی - تهران
1399,زبان,501,253,منطقه 1,داروسازی,دانشگاه علوم پزشکی کرمان
1399,زبان,502,40,ایثارگر-5%,زبان و ادبیات انگلیسی,دانشگاه علامه طباطبایی - تهران
1399,زبان,502,254,منطقه 1,مهندسی برق,دانشگاه صنعتی شریف - تهران
1399,زبان,504,56,منطقه 3,پزشکی - نیمسال دوم,دانشگاه علوم پزشکی بندرعباس
1399,زبان,509,58,منطقه 3,پزشکی - نیمسال دوم,دانشگاه علوم پزشکی شیراز
1399,زبان,514,197,منطقه 2,مهندسی برق - محل تحصیل شهیدعباسپور,دانشگاه شهید بهشتی - تهران
1399,زبان,515,260,منطقه 1,پزشکی - نیمسال اول,دانشگاه علوم پزشکی اصفهان
1399,زبان,517,60,منطقه 3,پزشکی - نیمسال دوم,دانشگاه علوم پزشکی تبریز
1399,زبان,521,199,منطقه 2,پزشکی,دانشگاه علوم پزشکی تهران
1399,زبان,522,200,منطقه 2,پزشکی - نیمسال اول,دانشگاه علوم پزشکی مشهد
1399,زبان,522,263,منطقه 1,زبان روسی,دانشگاه تهران
1399,زبان,525,264,منطقه 1,پزشکی,دانشگاه علوم پزشکی گلستان - گرگان
1399,زبان,526,201,منطقه 2,مهندسی کامپیوتر,دانشگاه صنعتی شریف - تهران
1399,زبان,527,202,منطقه 2,مهندسی مکانیک,دانشگاه صنعتی شریف - تهران
1399,زبان,531,43,ایثارگر-5%,پزشکی,دانشگاه علوم پزشکی یزد
1399,زبان,534,203,منطقه 2,پزشکی,دانشگاه علوم پزشکی اصفهان
1399,زبان,537,44,ایثارگر-5%,مهندسی کامپیوتر,دانشگاه شیراز
1399,زبان,539,62,منطقه 3,پزشکی,دانشگاه علوم پزشکی تهران
1399,زبان,544,63,منطقه 3,پزشکی,دانشگاه علوم پزشکی تهران
1399,زبان,545,205,منطقه 2,مهندسی مکانیک,دانشگاه صنعتی شریف - تهران
1399,زبان,546,278,منطقه 1,ارتباط تصویری,دانشگاه هنر اسلامی تبریز
1399,زبان,547,206,منطقه 2,پزشکی - نیمسال اول,دانشگاه علوم پزشکی همدان
1399,زبان,548,207,منطقه 2,پزشکی,دانشگاه علوم پزشکی ایران
1399,زبان,548,279,منطقه 1,دندانپزشکی,دانشگاه علوم پزشکی مشهد
1399,زبان,550,280,منطقه 1,مهندسی کامپیوتر,دانشگاه صنعتی امیرکبیر - تهران
1399,زبان,551,64,منطقه 3,پزشکی - نیمسال اول,دانشگاه علوم پزشکی شیراز
1399,زبان,551,208,منطقه 2,زبان و ادبیات انگلیسی,دانشگاه علامه طباطبایی - تهران
1399,زبان,553,65,منطقه 3,زبان و ادبیات انگلیسی,دانشگاه علامه طباطبایی - تهران
1399,زبان,554,66,منطقه 3,علوم کامپیوتر,دانشگاه شهید بهشتی - تهران
1399,زبان,556,209,منطقه 2,پزشکی,دانشگاه علوم پزشکی زنجان
1399,زبان,558,282,منطقه 1,پرستاری - نیمسال اول,دانشگاه علوم پزشکی شهید بهشتی - تهران
1399,زبان,560,284,منطقه 1,پزشکی - نیمسال اول,دانشگاه علوم پزشکی اصفهان
1399,زبان,561,210,منطقه 2,مهندسی مکانیک,دانشگاه صنعتی امیرکبیر - تهران
1399,زبان,562,46,ایثارگر-5%,پزشکی,دانشگاه علوم پزشکی ایران
1399,زبان,565,211,منطقه 2,داروسازی,دانشگاه علوم پزشکی مازندران - ساری
1399,زبان,565,286,منطقه 1,پزشکی - نیمسال دوم,دانشگاه علوم پزشکی مشهد
1399,زبان,567,47,ایثارگر-5%,پزشکی - نیمسال اول,دانشگاه علوم پزشکی اصفهان
1399,زبان,567,287,منطقه 1,مهندسی کامپیوتر,دانشگاه صنعتی شریف - تهران
1399,زبان,570,48,ایثارگر-5%,مهندسی برق,دانشگاه صنعتی شریف - تهران
1399,زبان,570,213,منطقه 2,پزشکی - نیمسال اول,دانشگاه علوم پزشکی مشهد
1399,زبان,572,289,منطقه 1,مهندسی برق,دانشگاه صنعتی شریف - تهران
1399,زبان,574,70,منطقه 3,پزشکی - نیمسال اول,دانشگاه علوم پزشکی شیراز
1399,زبان,575,215,منطقه 2,پزشکی - نیمسال دوم,دانشگاه علوم پزشکی همدان
1399,زبان,577,216,منطقه 2,مهندسی عمران,دانشگاه صنعتی شریف - تهران
1399,زبان,578,217,منطقه 2,دندانپزشکی,دانشگاه علوم پزشکی یزد
1399,زبان,581,218,منطقه 2,ریاضیات و کاربردها,دانشگاه صنعتی شریف - تهران
1399,زبان,581,294,منطقه 1,مهندسی صنایع,دانشگاه صنعتی خواجه نصیرالدین طوسی - تهران
1399,زبان,584,296,منطقه 1,پزشکی - نیمسال دوم,دانشگاه علوم پزشکی شیراز
1399,زبان,584,296,منطقه 1,پزشکی - نیمسال دوم,دانشگاه علوم پزشکی مشهد
1399,زبان,588,299,منطقه 1,داروسازی,دانشگاه علوم پزشکی مشهد
1399,زبان,590,219,منطقه 2,پزشکی - نیمسال دوم,دانشگاه علوم پزشکی همدان
1399,زبان,594,72,منطقه 3,پزشکی - نیمسال دوم,دانشگاه علوم پزشکی جهرم
1399,زبان,597,221,منطقه 2,پزشکی,دانشگاه علوم پزشکی قزوین
1399,زبان,605,74,منطقه 3,مهندسی صنایع,دانشگاه صنعتی امیرکبیر - تهران - پردیس خودگردان
1399,زبان,616,77,منطقه 3,پزشکی - نیمسال دوم,دانشگاه علوم پزشکی کرمان
1399,زبان,617,228,منطقه 2,مهندسی مکانیک,دانشگاه صنعتی امیرکبیر - تهران
1399,زبان,618,78,منطقه 3,بهداشت عمومی - نیمسال اول,دانشگاه علوم پزشکی اردبیل
1399,زبان,625,51,ایثارگر-5%,حقوق,دانشگاه شهید بهشتی - تهران
1399,زبان,633,52,ایثارگر-5%,داروسازی,دانشگاه علوم پزشکی مازندران - ساری
1399,زبان,636,79,منطقه 3,حقوق,دانشگاه تهران
1399,زبان,638,80,منطقه 3,پزشکی - نیمسال اول,دانشگاه علوم پزشکی شهید بهشتی - تهران
1399,زبان,641,81,منطقه 3,پزشکی - نیمسال دوم,دانشگاه علوم پزشکی مشهد
1399,زبان,641,235,منطقه 2,پزشکی - نیمسال دوم,دانشگاه علوم پزشکی زاهدان
1399,زبان,645,237,منطقه 2,پزشکی - نیمسال اول,دانشگاه آزاداسلامی-واحدساری
1399,زبان,647,238,منطقه 2,داروسازی,دانشگاه علوم پزشکی مشهد
1399,زبان,649,8,ایثارگر-25%,مهندسی کامپیوتر,دانشگاه صنعتی شریف - تهران
1399,زبان,649,239,منطقه 2,پزشکی,دانشگاه علوم پزشکی بابل
1399,زبان,652,240,منطقه 2,پزشکی - نیمسال اول,دانشگاه علوم پزشکی شهید بهشتی - تهران
1399,زبان,660,243,منطقه 2,پرستاری,دانشگاه علوم پزشکی گلستان - گرگان
1399,زبان,661,244,منطقه 2,دندانپزشکی - بومی خراسان شمالی,دانشگاه علوم پزشکی خراسان شمالی - بجنورد
1399,زبان,662,245,منطقه 2,حقوق,دانشگاه تهران
1399,زبان,663,84,منطقه 3,پزشکی - نیمسال دوم,دانشگاه علوم پزشکی همدان
1399,زبان,666,85,منطقه 3,پزشکی,دانشگاه علوم پزشکی اردبیل
1399,زبان,670,86,منطقه 3,دندانپزشکی,دانشگاه علوم پزشکی تهران
1399,زبان,670,86,منطقه 3,پزشکی - نیمسال اول,دانشگاه علوم پزشکی مشهد
1399,زبان,670,246,منطقه 2,مهندسی کامپیوتر,دانشگاه صنعتی شریف - تهران
1399,زبان,677,251,منطقه 2,پزشکی - نیمسال اول,دانشگاه علوم پزشکی همدان
1399,زبان,679,252,منطقه 2,آموزش زبان انگلیسی - بومی خوزستان,پردیس فاطمه الزهرا (س) - اهواز
1399,زبان,681,253,منطقه 2,آموزش الهیات - بومی مازندران,پردیس فاطمه الزهرا(س) ساری
1399,زبان,681,253,منطقه 2,پزشکی - نیمسال دوم,دانشگاه علوم پزشکی مشهد
1399,زبان,684,55,ایثارگر-5%,پزشکی - نیمسال اول,دانشگاه علوم پزشکی مازندران - ساری
1399,زبان,684,88,منطقه 3,مترجمی زبان انگلیسی,دانشگاه علامه طباطبایی - تهران
1399,زبان,687,256,منطقه 2,حسابداری,دانشگاه تهران
1399,زبان,691,56,ایثارگر-5%,پزشکی,دانشگاه علوم پزشکی قزوین
1399,زبان,696,258,منطقه 2,مهندسی کامپیوتر,دانشگاه شهید بهشتی - تهران
1399,زبان,700,259,منطقه 2,علوم کامپیوتر,دانشگاه تهران
1399,زبان,702,260,منطقه 2,مهندسی شیمی,دانشگاه تهران
1399,زبان,703,90,منطقه 3,دندانپزشکی,دانشگاه علوم پزشکی اصفهان
1399,زبان,705,91,منطقه 3,پزشکی,دانشگاه علوم پزشکی زنجان
1399,زبان,707,92,منطقه 3,پزشکی,دانشگاه علوم پزشکی اردبیل
1399,زبان,710,93,منطقه 3,پزشکی - نیمسال اول,دانشگاه علوم پزشکی تبریز
1399,زبان,713,263,منطقه 2,مهندسی مکانیک,دانشگاه تهران
1399,زبان,715,61,ایثارگر-5%,پزشکی - نیمسال اول,دانشگاه علوم پزشکی شیراز
1399,زبان,717,264,منطقه 2,پزشکی,دانشگاه علوم پزشکی زنجان
1399,زبان,718,265,منطقه 2,پزشکی - نیمسال اول,دانشگاه آزاداسلامی-واحدساری
1399,زبان,722,269,منطقه 2,پزشکی,دانشگاه علوم پزشکی تهران
1399,زبان,729,271,منطقه 2,آموزش زبان انگلیسی - بومی استان تهران,پردیس شهید چمران - تهران
1399,زبان,729,271,منطقه 2,دندانپزشکی - بومی استان بوشهر,دانشگاه علوم پزشکی بوشهر
1399,زبان,733,273,منطقه 2,آموزش راهنمایی ومشاوره - بومی مازندران,پردیس فاطمه الزهرا(س) ساری
1399,زبان,733,273,منطقه 2,پزشکی,دانشگاه علوم پزشکی تهران
1399,زبان,742,9,ایثارگر-25%,مهندسی کامپیوتر,دانشگاه صنعتی شریف - تهران
1399,زبان,744,276,منطقه 2,زبان و ادبیات انگلیسی,دانشگاه فردوسی - مشهد
1399,زبان,756,65,ایثارگر-5%,مهندسی مکانیک,دانشگاه تهران
1399,زبان,759,282,منطقه 2,علوم کامپیوتر,دانشگاه صنعتی امیرکبیر - تهران
1399,زبان,760,97,منطقه 3,زبان و ادبیات انگلیسی,دانشگاه شیراز
1399,زبان,762,284,منطقه 2,علوم کامپیوتر,دانشگاه صنعتی شریف - تهران
1399,زبان,764,66,ایثارگر-5%,شنوایی شناسی,دانشگاه علوم پزشکی جندی شاپور اهواز
1399,زبان,764,66,ایثارگر-5%,پزشکی - نیمسال اول,دانشگاه علوم پزشکی مشهد
1399,زبان,766,68,ایثارگر-5%,پزشکی - نیمسال دوم,دانشگاه علوم پزشکی مازندران - ساری
1399,زبان,768,99,منطقه 3,پزشکی - نیمسال اول,دانشگاه علوم پزشکی لرستان - خرم آباد
1399,زبان,773,288,منطقه 2,پزشکی - نیمسال اول,دانشگاه علوم پزشکی البرز - کرج
1399,زبان,776,101,منطقه 3,دندانپزشکی - بومی گلستان,دانشگاه علوم پزشکی گلستان - گرگان
1399,زبان,776,289,منطقه 2,پزشکی,دانشگاه علوم پزشکی ایران
1399,زبان,780,291,منطقه 2,حقوق,دانشگاه شهید بهشتی - تهران
1399,زبان,782,292,منطقه 2,پزشکی - نیمسال دوم,دانشگاه علوم پزشکی لرستان - خرم آباد
1399,زبان,784,69,ایثارگر-5%,پزشکی,دانشگاه علوم پزشکی یزد
1399,زبان,789,102,منطقه 3,پزشکی - نیمسال دوم,دانشگاه علوم پزشکی کرمان
1399,زبان,790,294,منطقه 2,پزشکی,دانشگاه علوم پزشکی جیرفت
1399,زبان,792,103,منطقه 3,کارشناسی ارشد پیوسته علوم قضایی,دانشگاه علوم قضایی و خدمات ادارای دادگستری
1399,زبان,792,295,منطقه 2,داروسازی,دانشگاه علوم پزشکی شهید بهشتی - تهران
1399,زبان,795,297,منطقه 2,پزشکی - نیمسال اول,دانشگاه علوم پزشکی مازندران - ساری
1399,زبان,797,71,ایثارگر-5%,پزشکی - نیمسال دوم,دانشگاه علوم پزشکی شیراز
1399,زبان,819,73,ایثارگر-5%,پزشکی - نیمسال اول,دانشگاه علوم پزشکی لرستان - خرم آباد
1399,زبان,835,76,ایثارگر-5%,پزشکی - نیمسال اول,دانشگاه علوم پزشکی کرمان
1399,زبان,836,77,ایثارگر-5%,پزشکی,دانشگاه علوم پزشکی ایران
1399,زبان,851,78,ایثارگر-5%,زبان و ادبیات فرانسه,دانشگاه شهید بهشتی - تهران
1399,زبان,858,79,ایثارگر-5%,دندانپزشکی,دانشگاه علوم پزشکی بابل
1399,زبان,861,111,منطقه 3,پزشکی - نیمسال دوم,دانشگاه علوم پزشکی کرمانشاه
1399,زبان,865,112,منطقه 3,دندانپزشکی,دانشگاه علوم پزشکی مشهد
1399,زبان,866,113,منطقه 3,آموزش زبان انگلیسی - بومی فارس,پردیس علامه طباطبایی - بوشهر
1399,زبان,870,114,منطقه 3,آموزش زبان و ادبیات فارسی - بومی مازندران,پردیس فاطمه الزهرا(س) ساری
1399,زبان,897,83,ایثارگر-5%,علوم قضایی,دانشگاه علوم قضایی و خدمات ادارای دادگستری
1399,زبان,901,116,منطقه 3,آموزش زبان انگلیسی - بومی خراسان رضوی,پردیس شهید هاشمی نژاد - مشهد
1399,زبان,917,119,منطقه 3,علوم کامپیوتر,دانشگاه شهید بهشتی - تهران
1399,زبان,927,121,منطقه 3,پزشکی - نیمسال اول,دانشگاه علوم پزشکی همدان
1399,زبان,928,122,منطقه 3,پزشکی,دانشگاه علوم پزشکی ایران
1399,زبان,935,87,ایثارگر-5%,داروسازی,دانشگاه علوم پزشکی زنجان
1399,زبان,941,88,ایثارگر-5%,پزشکی - نیمسال دوم,دانشگاه علوم پزشکی ارومیه
1399,زبان,943,89,ایثارگر-5%,دندانپزشکی,دانشگاه علوم پزشکی شیراز
1399,زبان,947,91,ایثارگر-5%,داروسازی,دانشگاه علوم پزشکی تهران
1399,زبان,963,93,ایثارگر-5%,زبان و ادبیات انگلیسی,دانشگاه شیراز
1399,زبان,985,128,منطقه 3,پزشکی - نیمسال دوم,دانشگاه علوم پزشکی جهرم
1399,زبان,993,97,ایثارگر-5%,پرستاری - نیمسال اول,دانشگاه علوم پزشکی قزوین
1399,زبان,1027,101,ایثارگر-5%,دندانپزشکی,دانشگاه علوم پزشکی گیلان - رشت (محل تحصیل بندرانزلی)
1399,زبان,1047,133,منطقه 3,پزشکی,دانشگاه علوم پزشکی ایران
1399,زبان,1053,103,ایثارگر-5%,پزشکی - نیمسال اول,دانشگاه علوم پزشکی ارومیه
1399,زبان,1056,137,منطقه 3,پزشکی - نیمسال اول,دانشگاه علوم پزشکی سمنان
1399,زبان,1063,139,منطقه 3,آموزش ابتدایی - بومی استان قزوین,پردیس بنت الهدی صدر-قزوین
1399,زبان,1066,104,ایثارگر-5%,علوم و مهندسی صنایع غذایی (کشاورزی),دانشگاه شیراز
1399,زبان,1085,141,منطقه 3,پزشکی,دانشگاه علوم پزشکی جیرفت
1399,زبان,1088,142,منطقه 3,پزشکی - نیمسال اول,دانشگاه علوم پزشکی بندرعباس
1399,زبان,1091,107,ایثارگر-5%,پزشکی - نیمسال اول,دانشگاه علوم پزشکی شیراز
1399,زبان,1102,108,ایثارگر-5%,پرستاری,دانشگاه علوم پزشکی گیلان - رشت (دانشکده پرستاری و مامایی لنگرود)
1399,زبان,1128,149,منطقه 3,دندانپزشکی,دانشگاه علوم پزشکی تهران
1399,زبان,1131,110,ایثارگر-5%,پزشکی - نیمسال اول,دانشگاه علوم پزشکی اصفهان
1399,زبان,1134,152,منطقه 3,گفتاردرمانی,دانشگاه علوم پزشکی تبریز
1399,زبان,1137,111,ایثارگر-5%,پزشکی - نیمسال دوم,دانشگاه علوم پزشکی شیراز
1399,زبان,1137,153,منطقه 3,پزشکی - نیمسال اول,دانشگاه علوم پزشکی جهرم
1399,زبان,1149,155,منطقه 3,داروسازی,دانشگاه علوم پزشکی تهران
1399,زبان,1153,156,منطقه 3,آموزش زبان انگلیسی - بومی فارس,پردیس علامه طباطبایی - بوشهر
1399,زبان,1181,158,منطقه 3,دندانپزشکی - نیمسال دوم,دانشگاه علوم پزشکی شهید بهشتی - تهران
1399,زبان,1187,159,منطقه 3,پزشکی - بومی استان بوشهر,دانشگاه علوم پزشکی بوشهر
1399,زبان,1191,161,منطقه 3,مهندسی برق,دانشگاه تهران
1399,زبان,1193,162,منطقه 3,پزشکی - نیمسال دوم,دانشگاه علوم پزشکی شیراز
1399,زبان,1198,163,منطقه 3,پزشکی,دانشگاه علوم پزشکی تهران
1399,زبان,1206,164,منطقه 3,پزشکی,دانشگاه علوم پزشکی قزوین
1399,زبان,1209,165,منطقه 3,پزشکی - نیمسال دوم,دانشگاه علوم پزشکی مشهد
1399,زبان,1215,166,منطقه 3,آموزش زبان انگلیسی - بومی خراسان رضوی,پردیس شهید هاشمی نژاد - مشهد
1399,زبان,1218,114,ایثارگر-5%,مترجمی زبان انگلیسی,دانشگاه علامه طباطبایی - تهران
1399,زبان,1223,167,منطقه 3,زبان و ادبیات انگلیسی,دانشگاه فردوسی - مشهد
1399,زبان,1226,168,منطقه 3,آموزش زبان انگلیسی - بومی مازندران,پردیس نسیبه - تهران
1399,زبان,1236,169,منطقه 3,پزشکی - نیمسال دوم,دانشگاه علوم پزشکی تبریز
1399,زبان,1240,171,منطقه 3,داروسازی,دانشگاه علوم پزشکی البرز - کرج
1399,زبان,1242,172,منطقه 3,زبان وادبیات آلمانی,دانشگاه شهید بهشتی - تهران
1399,زبان,1247,116,ایثارگر-5%,پزشکی,دانشگاه علوم پزشکی جیرفت
1399,زبان,1247,173,منطقه 3,پزشکی - نیمسال اول,دانشگاه علوم پزشکی جهرم
1399,زبان,1255,117,ایثارگر-5%,دندانپزشکی,دانشگاه علوم پزشکی خراسان شمالی - بجنورد
1399,زبان,1255,177,منطقه 3,پزشکی - نیمسال دوم,دانشگاه علوم پزشکی بندرعباس
1399,زبان,1265,119,ایثارگر-5%,داروسازی,دانشگاه علوم پزشکی شیراز
1399,زبان,1272,120,ایثارگر-5%,پزشکی,دانشگاه علوم پزشکی زنجان
1399,زبان,1277,180,منطقه 3,دندانپزشکی,دانشگاه علوم پزشکی ارومیه
1399,زبان,1285,181,منطقه 3,پزشکی - نیمسال اول,دانشگاه علوم پزشکی شیراز
1399,زبان,1287,122,ایثارگر-5%,دکترای عمومی دامپزشکی,دانشگاه فردوسی - مشهد
1399,زبان,1289,182,منطقه 3,پرستاری - نیمسال اول,دانشگاه علوم پزشکی شیراز
1399,زبان,1292,183,منطقه 3,زبان و ادبیات انگلیسی,دانشگاه الزهرا(س) - تهران
1399,زبان,1298,184,منطقه 3,پزشکی - نیمسال اول,دانشگاه علوم پزشکی گیلان - رشت
1399,زبان,1299,124,ایثارگر-5%,حقوق,دانشگاه علامه طباطبایی - تهران
1399,زبان,1302,125,ایثارگر-5%,پزشکی,دانشگاه علوم پزشکی بیرجند
1399,زبان,1332,128,ایثارگر-5%,پزشکی - نیمسال دوم,دانشگاه علوم پزشکی همدان
1399,زبان,1337,129,ایثارگر-5%,دندانپزشکی - نیمسال اول,دانشگاه علوم پزشکی شهید بهشتی - تهران
1399,زبان,1352,188,منطقه 3,کاردرمانی,دانشگاه علوم پزشکی تبریز
1399,زبان,1354,189,منطقه 3,داروسازی,دانشگاه علوم پزشکی البرز - کرج
1399,زبان,1355,130,ایثارگر-5%,زبان و ادبیات ژاپنی,دانشگاه تهران
1399,زبان,1361,131,ایثارگر-5%,پزشکی,دانشگاه علوم پزشکی اردبیل
1399,زبان,1365,191,منطقه 3,داروسازی - بومی کردستان,دانشگاه علوم پزشکی کرمانشاه
1399,زبان,1370,192,منطقه 3,آموزش زبان انگلیسی - بومی استان تهران,پردیس شهید چمران - تهران
1399,زبان,1381,193,منطقه 3,پزشکی - نیمسال اول,دانشگاه علوم پزشکی بندرعباس
1399,زبان,1381,193,منطقه 3,پزشکی - نیمسال اول,دانشگاه علوم پزشکی همدان
1399,زبان,1407,197,منطقه 3,پزشکی,دانشگاه علوم پزشکی یزد
1399,زبان,1421,200,منطقه 3,پزشکی,دانشگاه علوم پزشکی زنجان
1399,زبان,1429,202,منطقه 3,پزشکی - نیمسال اول,دانشگاه علوم پزشکی شاهرود
1399,زبان,1434,135,ایثارگر-5%,پزشکی - نیمسال اول,دانشگاه علوم پزشکی اصفهان
1399,زبان,1434,204,منطقه 3,زبان و ادبیات فرانسه,دانشگاه شهید بهشتی - تهران
1399,زبان,1488,213,منطقه 3,آموزش علوم اجتماعی - بومی استان کرمان,پردیس فاطمه الزهرا (س) - بندرعباس
1399,زبان,1502,214,منطقه 3,پرستاری,دانشگاه علوم پزشکی ارومیه (مهاباد)
1399,زبان,1506,215,منطقه 3,زبان چینی,دانشگاه تهران
1399,زبان,1510,139,ایثارگر-5%,مهندسی برق,دانشگاه صنعتی امیرکبیر - تهران
1399,زبان,1510,218,منطقه 3,زبان و ادبیات انگلیسی,دانشگاه شیراز
1399,زبان,1510,218,منطقه 3,پزشکی - نیمسال دوم,دانشگاه علوم پزشکی شیراز
1399,زبان,1513,220,منطقه 3,پزشکی - نیمسال دوم,دانشگاه علوم پزشکی البرز - کرج
1399,زبان,1520,141,ایثارگر-5%,پزشکی - نیمسال دوم,دانشگاه علوم پزشکی مشهد
1399,زبان,1533,222,منطقه 3,پزشکی - نیمسال اول,دانشگاه علوم پزشکی شاهرود
1399,زبان,1543,225,منطقه 3,مهندسی مکانیک,دانشگاه تهران
1399,زبان,1543,225,منطقه 3,پزشکی - نیمسال دوم,دانشگاه علوم پزشکی جندی شاپور اهواز
1399,زبان,1552,228,منطقه 3,مدیریت مالی,دانشگاه تهران
1399,زبان,1564,143,ایثارگر-5%,پزشکی - نیمسال دوم,دانشگاه علوم پزشکی جهرم
1399,زبان,1572,145,ایثارگر-5%,پزشکی,دانشگاه علوم پزشکی اردبیل
1399,زبان,1578,146,ایثارگر-5%,پزشکی - نیمسال دوم,دانشگاه علوم پزشکی جهرم
1399,زبان,1578,231,منطقه 3,پزشکی - نیمسال دوم,دانشگاه علوم پزشکی اصفهان
1399,زبان,1583,147,ایثارگر-5%,دندانپزشکی,دانشگاه شاهد - تهران(رشته های پزشکی)
1399,زبان,1596,232,منطقه 3,پزشکی - بصورت خودگردان,دانشگاه آزاداسلامی-واحدساری
1399,زبان,1605,234,منطقه 3,پزشکی - نیمسال دوم,دانشگاه علوم پزشکی لرستان - خرم آباد
1399,زبان,1611,149,ایثارگر-5%,فیزیک,دانشگاه صنعتی شریف - تهران
1399,زبان,1613,235,منطقه 3,پزشکی - نیمسال اول,دانشگاه علوم پزشکی مشهد
1399,زبان,1636,236,منطقه 3,مترجمی زبان انگلیسی,دانشگاه علامه طباطبایی - تهران
1399,زبان,1648,153,ایثارگر-5%,کاردرمانی,دانشگاه علوم پزشکی مشهد
1399,زبان,1658,242,منطقه 3,آموزش راهنمایی ومشاوره - بومی خراسان جنوبی,پردیس شهید باهنر - بیرجند
1399,زبان,1663,156,ایثارگر-5%,پزشکی,دانشگاه علوم پزشکی بیرجند
1399,زبان,1677,245,منطقه 3,داروسازی,دانشگاه علوم پزشکی مشهد
1399,زبان,1680,247,منطقه 3,پزشکی,دانشگاه علوم پزشکی زابل
1399,زبان,1687,249,منطقه 3,دندانپزشکی,دانشگاه علوم پزشکی خراسان شمالی - بجنورد
1399,زبان,1708,257,منطقه 3,دندانپزشکی - نیمسال اول,دانشگاه علوم پزشکی شهید بهشتی - تهران
1399,زبان,1712,258,منطقه 3,مهندسی برق,دانشگاه صنعتی شریف - تهران
1399,زبان,1721,164,ایثارگر-5%,مهندسی برق,دانشگاه صنعتی امیرکبیر - تهران
1399,زبان,1721,164,ایثارگر-5%,پزشکی,دانشگاه علوم پزشکی بیرجند
1399,زبان,1725,261,منطقه 3,دندانپزشکی,دانشگاه علوم پزشکی یزد
1399,زبان,1725,261,منطقه 3,پزشکی,دانشگاه علوم پزشکی ایلام
1399,زبان,1730,166,ایثارگر-5%,داروسازی,دانشگاه علوم پزشکی زنجان
1399,زبان,1748,168,ایثارگر-5%,زبان و ادبیات انگلیسی,دانشگاه شهید چمران اهواز
1399,زبان,1765,170,ایثارگر-5%,پزشکی - نیمسال دوم,دانشگاه علوم پزشکی شیراز
1399,زبان,1768,265,منطقه 3,پزشکی,دانشگاه علوم پزشکی تهران
1399,زبان,1776,267,منطقه 3,پزشکی,دانشکده علوم پزشکی آبادان
1399,زبان,1785,268,منطقه 3,داروسازی,دانشگاه علوم پزشکی اردبیل
1399,زبان,1785,268,منطقه 3,پزشکی - نیمسال اول,دانشگاه علوم پزشکی مشهد
1399,زبان,1790,270,منطقه 3,پزشکی - نیمسال اول,دانشگاه آزاداسلامی-واحدپزشکی تهران
1399,زبان,1795,271,منطقه 3,داروسازی,دانشگاه علوم پزشکی شیراز
1399,زبان,1795,271,منطقه 3,پزشکی,دانشگاه علوم پزشکی رفسنجان
1399,زبان,1800,273,منطقه 3,پزشکی - نیمسال اول,دانشگاه علوم پزشکی مشهد
1399,زبان,1803,275,منطقه 3,دندانپزشکی,دانشگاه علوم پزشکی مازندران - ساری
1399,زبان,1803,275,منطقه 3,پزشکی,دانشگاه علوم پزشکی اردبیل
1399,زبان,1805,277,منطقه 3,دندانپزشکی,دانشگاه علوم پزشکی تهران
1399,زبان,1821,281,منطقه 3,پرستاری - نیمسال اول,دانشگاه علوم پزشکی بندرعباس
1399,زبان,1832,284,منطقه 3,پزشکی,دانشگاه علوم پزشکی اردبیل
1399,زبان,1847,177,ایثارگر-5%,فیزیوتراپی,دانشگاه علوم پزشکی شهید بهشتی - تهران
1399,زبان,1874,288,منطقه 3,پزشکی,دانشگاه علوم پزشکی یزد
1399,زبان,1881,180,ایثارگر-5%,آموزش ابتدایی - بومی استان زنجان,پردیس فاطمه الزهرا (س) - زنجان
1399,زبان,1888,181,ایثارگر-5%,فلسفه,دانشگاه تهران
1399,زبان,1894,292,منطقه 3,پزشکی,دانشگاه علوم پزشکی بابل
1399,زبان,1900,293,منطقه 3,فیزیوتراپی,دانشگاه علوم پزشکی تبریز
1399,زبان,1936,184,ایثارگر-5%,زبان و ادبیات انگلیسی,دانشگاه شیراز
1399,زبان,1948,28,ایثارگر-25%,مهندسی برق,دانشگاه صنعتی شریف - تهران
1399,زبان,1952,186,ایثارگر-5%,پزشکی,دانشگاه آزاداسلامی -واحد تبریز
1399,زبان,1964,187,ایثارگر-5%,فیزیوتراپی,دانشگاه علوم پزشکی شیراز
1399,زبان,1999,189,ایثارگر-5%,داروسازی,دانشگاه علوم پزشکی ارومیه
1399,زبان,2032,190,ایثارگر-5%,آموزش زبان انگلیسی - بومی استان قم,پردیس نسیبه - تهران
1399,زبان,2042,31,ایثارگر-25%,سینما,دانشگاه هنر تهران
1399,زبان,2065,191,ایثارگر-5%,آموزش راهنمایی ومشاوره - بومی آذربایجان شرقی,پردیس علامه امینی - تبریز
1399,زبان,2070,192,ایثارگر-5%,زبان و ادبیات انگلیسی,دانشگاه فردوسی - مشهد
1399,زبان,2083,193,ایثارگر-5%,پزشکی - نیمسال دوم,دانشگاه علوم پزشکی مشهد
1399,زبان,2110,196,ایثارگر-5%,علوم تغذیه,دانشگاه علوم پزشکی شیراز
1399,زبان,2122,198,ایثارگر-5%,پزشکی - نیمسال دوم,دانشگاه علوم پزشکی بندرعباس
1399,زبان,2245,208,ایثارگر-5%,پزشکی - نیمسال دوم,دانشگاه علوم پزشکی شیراز
1399,زبان,2275,210,ایثارگر-5%,علوم کامپیوتر,دانشگاه تهران
1399,زبان,2286,212,ایثارگر-5%,پزشکی,دانشگاه علوم پزشکی دزفول
1399,زبان,2300,213,ایثارگر-5%,پزشکی - نیمسال دوم,دانشگاه علوم پزشکی شهرکرد
1399,زبان,2307,215,ایثارگر-5%,روانشناسی,دانشگاه ارومیه
1399,زبان,2314,216,ایثارگر-5%,آموزش شیمی - بومی آذربایجان شرقی,پردیس نسیبه - تهران
1399,زبان,2322,218,ایثارگر-5%,پرستاری,دانشکده علوم پزشکی نیشابور
1399,زبان,2322,218,ایثارگر-5%,پزشکی - نیمسال دوم,دانشگاه علوم پزشکی گیلان - رشت
1399,زبان,2333,222,ایثارگر-5%,پزشکی - نیمسال دوم,دانشگاه علوم پزشکی ارومیه
1399,زبان,2378,224,ایثارگر-5%,پزشکی - نیمسال اول,دانشگاه علوم پزشکی شهرکرد
1399,زبان,2393,226,ایثارگر-5%,اعضای مصنوعی و وسایل کمکی,دانشگاه علوم بهزیستی و توانبخشی تهران(رشته های گروه پزشکی)
1399,زبان,2414,230,ایثارگر-5%,آموزش ابتدایی - بومی خراسان رضوی,پردیس شهید بهشتی - مشهد
1399,زبان,2414,230,ایثارگر-5%,زبان و ادبیات انگلیسی,دانشگاه شیراز
1399,زبان,2450,235,ایثارگر-5%,پزشکی - نیمسال اول,دانشگاه آزاداسلامی-واحدساری
1399,زبان,2484,238,ایثارگر-5%,مامایی,دانشگاه علوم پزشکی کردستان - سنندج
1399,زبان,2489,239,ایثارگر-5%,مهندسی کامپیوتر,دانشگاه صنعتی نوشیروانی بابل
1399,زبان,2509,241,ایثارگر-5%,فیزیوتراپی,دانشگاه علوم پزشکی بابل
1399,زبان,2529,246,ایثارگر-5%,فیزیوتراپی,دانشگاه علوم پزشکی تهران
1399,زبان,2538,248,ایثارگر-5%,پرستاری - نیمسال اول,دانشگاه علوم پزشکی تهران
1399,زبان,2538,248,ایثارگر-5%,پزشکی - نیمسال اول,دانشگاه علوم پزشکی بقیه الله
1399,زبان,2550,250,ایثارگر-5%,پزشکی - بصورت خودگردان,دانشگاه آزاداسلامی-واحدمشهد
1399,زبان,2559,251,ایثارگر-5%,حقوق,دانشگاه تهران (محل تحصیل قم)
1399,زبان,2587,255,ایثارگر-5%,پزشکی,دانشگاه علوم پزشکی سبزوار
1399,زبان,2591,256,ایثارگر-5%,دکترای عمومی دامپزشکی,دانشگاه تهران
1399,زبان,2647,259,ایثارگر-5%,پزشکی - نیمسال دوم,دانشگاه علوم پزشکی زاهدان
1399,زبان,2700,265,ایثارگر-5%,حقوق,دانشگاه شهید بهشتی - تهران
1399,زبان,2725,267,ایثارگر-5%,آموزش ابتدایی - بومی کرمانشاه,پردیس شهید صدوقی - کرمانشاه
1399,زبان,2781,269,ایثارگر-5%,پرستاری - نیمسال دوم,دانشگاه علوم پزشکی ایران
1399,زبان,2855,276,ایثارگر-5%,دکترای عمومی دامپزشکی,دانشگاه تبریز
1399,زبان,2898,281,ایثارگر-5%,حقوق,دانشگاه علامه طباطبایی - تهران
1399,زبان,2928,283,ایثارگر-5%,آموزش شیمی - بومی خراسان شمالی,پردیس شهید هاشمی نژاد - مشهد
1399,زبان,2936,284,ایثارگر-5%,پزشکی,دانشگاه علوم پزشکی ارومیه
1399,زبان,2944,285,ایثارگر-5%,پزشکی,دانشگاه علوم پزشکی ایران
1399,زبان,2944,285,ایثارگر-5%,پزشکی - نیمسال اول,دانشگاه علوم پزشکی مشهد
1399,زبان,2954,287,ایثارگر-5%,آموزش زبان انگلیسی - بومی استان قم,پردیس نسیبه - تهران
1399,زبان,3061,294,ایثارگر-5%,پزشکی,دانشگاه علوم پزشکی بیرجند
1399,زبان,3061,294,ایثارگر-5%,پزشکی,دانشگاه علوم پزشکی زنجان
1399,زبان,9303,194,ایثارگر-5%,آموزش زبان انگلیسی - بومی استان ایلام,پردیس حضرت رسول اکرم - اهواز
1399,زبان,10910,12,ایثارگر-5%,زبان و ادبیات انگلیسی,دانشگاه شهید بهشتی - تهران

