سال,گروه آزمایشی,رتبه کشوری,رتبه در سهمیه,سهمیه,رشته قبولی,دانشگاه قبولی
1396,تجربی,1,1,منطقه 2,پزشکی,دانشگاه علوم پزشکی تهران
1396,تجربی,2,1,منطقه 1,پزشکی,دانشگاه علوم پزشکی تهران
1396,تجربی,3,2,منطقه 2,پزشکی,دانشگاه علوم پزشکی تهران
1396,تجربی,4,2,منطقه 1,پزشکی,دانشگاه علوم پزشکی تهران
1396,تجربی,5,3,منطقه 2,پزشکی,دانشگاه علوم پزشکی تهران
1396,تجربی,6,4,منطقه 2,پزشکی,دانشگاه علوم پزشکی تهران
1396,تجربی,7,1,ایثارگر-5%,پزشکی - نیمسال اول,دانشگاه علوم پزشکی شیراز
1396,تجربی,8,3,منطقه 1,پزشکی,دانشگاه علوم پزشکی تهران
1396,تجربی,9,2,ایثارگر-5%,پزشکی,دانشگاه علوم پزشکی تهران
1396,تجربی,10,1,منطقه 3,پزشکی - نیمسال اول,دانشگاه علوم پزشکی شیراز
1396,تجربی,11,4,منطقه 1,پزشکی - نیمسال اول,دانشگاه علوم پزشکی شیراز
1396,تجربی,12,5,منطقه 2,پزشکی,دانشگاه علوم پزشکی تهران
1396,تجربی,13,6,منطقه 2,پزشکی - نیمسال اول,دانشگاه علوم پزشکی شیراز
1396,تجربی,14,7,منطقه 2,پزشکی,دانشگاه علوم پزشکی تهران
1396,تجربی,15,5,منطقه 1,پزشکی,دانشگاه علوم پزشکی تهران
1396,تجربی,16,8,منطقه 2,پزشکی - نیمسال اول,دانشگاه علوم پزشکی مشهد
1396,تجربی,17,9,منطقه 2,پزشکی,دانشگاه علوم پزشکی تهران
1396,تجربی,18,6,منطقه 1,پزشکی - نیسال اول,دانشگاه علوم پزشکی تبریز
1396,تجربی,19,10,منطقه 2,پزشکی,دانشگاه علوم پزشکی تهران
1396,تجربی,20,7,منطقه 1,پزشکی - نیمسال اول,دانشگاه علوم پزشکی شیراز
1396,تجربی,21,2,منطقه 3,پزشکی,دانشگاه علوم پزشکی تهران
1396,تجربی,22,11,منطقه 2,پزشکی,دانشگاه علوم پزشکی تهران
1396,تجربی,23,8,منطقه 1,پزشکی,دانشگاه علوم پزشکی تهران
1396,تجربی,24,9,منطقه 1,پزشکی,دانشگاه علوم پزشکی تهران
1396,تجربی,25,12,منطقه 2,پزشکی,دانشگاه علوم پزشکی تهران
1396,تجربی,26,13,منطقه 2,پزشکی,دانشگاه علوم پزشکی تهران
1396,تجربی,27,10,منطقه 1,پزشکی,دانشگاه علوم پزشکی تهران
1396,تجربی,28,11,منطقه 1,پزشکی - نیمسال اول,دانشگاه علوم پزشکی اصفهان
1396,تجربی,29,12,منطقه 1,پزشکی,دانشگاه علوم پزشکی تهران
1396,تجربی,30,14,منطقه 2,پزشکی,دانشگاه علوم پزشکی تهران
1396,تجربی,31,1,ایثارگر-25%,پزشکی,دانشگاه علوم پزشکی تهران
1396,تجربی,32,15,منطقه 2,پزشکی,دانشگاه علوم پزشکی تهران
1396,تجربی,33,13,منطقه 1,پزشکی - نیمسال اول,دانشگاه علوم پزشکی اصفهان
1396,تجربی,34,3,ایثارگر-5%,پزشکی,دانشگاه علوم پزشکی تهران
1396,تجربی,35,16,منطقه 2,پزشکی,دانشگاه علوم پزشکی تهران
1396,تجربی,36,4,ایثارگر-5%,پزشکی,دانشگاه علوم پزشکی تهران
1396,تجربی,37,14,منطقه 1,پزشکی,دانشگاه علوم پزشکی تهران
1396,تجربی,38,3,منطقه 3,پزشکی,دانشگاه علوم پزشکی تهران
1396,تجربی,39,15,منطقه 1,پزشکی,دانشگاه علوم پزشکی تهران
1396,تجربی,40,17,منطقه 2,پزشکی,دانشگاه علوم پزشکی تهران
1396,تجربی,41,18,منطقه 2,پزشکی,دانشگاه علوم پزشکی تهران
1396,تجربی,42,16,منطقه 1,پزشکی,دانشگاه علوم پزشکی تهران
1396,تجربی,43,19,منطقه 2,پزشکی,دانشگاه علوم پزشکی تهران
1396,تجربی,44,20,منطقه 2,پزشکی,دانشگاه علوم پزشکی تهران
1396,تجربی,45,17,منطقه 1,پزشکی - نیمسال اول,دانشگاه علوم پزشکی شیراز
1396,تجربی,46,18,منطقه 1,پزشکی,دانشگاه علوم پزشکی تهران
1396,تجربی,47,19,منطقه 1,پزشکی,دانشگاه علوم پزشکی تهران
1396,تجربی,48,20,منطقه 1,پزشکی - نیمسال اول,دانشگاه علوم پزشکی اصفهان
1396,تجربی,49,4,منطقه 3,پزشکی - نیمسال اول,دانشگاه علوم پزشکی شیراز
1396,تجربی,50,21,منطقه 2,پزشکی,دانشگاه علوم پزشکی تهران
1396,تجربی,51,21,منطقه 1,پزشکی,دانشگاه علوم پزشکی تهران
1396,تجربی,52,22,منطقه 2,پزشکی,دانشگاه علوم پزشکی تهران
1396,تجربی,54,23,منطقه 1,پزشکی,دانشگاه علوم پزشکی تهران
1396,تجربی,55,23,منطقه 2,پزشکی,دانشگاه علوم پزشکی تهران
1396,تجربی,56,24,منطقه 2,پزشکی,دانشگاه علوم پزشکی تهران
1396,تجربی,58,25,منطقه 2,پزشکی,دانشگاه علوم پزشکی تهران
1396,تجربی,59,26,منطقه 2,پزشکی,دانشگاه علوم پزشکی تهران
1396,تجربی,60,27,منطقه 2,پزشکی,دانشگاه علوم پزشکی تهران
1396,تجربی,61,28,منطقه 2,پزشکی,دانشگاه علوم پزشکی تهران
1396,تجربی,62,24,منطقه 1,پزشکی,دانشگاه علوم پزشکی تهران
1396,تجربی,62,29,منطقه 2,پزشکی - نیمسال اول,دانشگاه علوم پزشکی مشهد
1396,تجربی,64,30,منطقه 2,پزشکی,دانشگاه علوم پزشکی تهران
1396,تجربی,65,5,منطقه 3,پزشکی,دانشگاه علوم پزشکی تهران
1396,تجربی,65,31,منطقه 2,پزشکی,دانشگاه علوم پزشکی تهران
1396,تجربی,68,33,منطقه 2,پزشکی,دانشگاه علوم پزشکی تهران
1396,تجربی,69,25,منطقه 1,پزشکی - نیمسال اول,دانشگاه علوم پزشکی اصفهان
1396,تجربی,70,34,منطقه 2,پزشکی,دانشگاه علوم پزشکی تهران
1396,تجربی,71,26,منطقه 1,پزشکی,دانشگاه علوم پزشکی تهران
1396,تجربی,72,27,منطقه 1,پزشکی - نیمسال اول,دانشگاه علوم پزشکی شیراز
1396,تجربی,73,28,منطقه 1,دندانپزشکی - نیمسال اول,دانشگاه علوم پزشکی شهید بهشتی - تهران
1396,تجربی,74,29,منطقه 1,پزشکی - نیمسال اول,دانشگاه علوم پزشکی اصفهان
1396,تجربی,75,6,منطقه 3,پزشکی,دانشگاه علوم پزشکی تهران
1396,تجربی,77,31,منطقه 1,پزشکی,دانشگاه علوم پزشکی تهران
1396,تجربی,77,35,منطقه 2,پزشکی,دانشگاه علوم پزشکی تهران
1396,تجربی,79,36,منطقه 2,پزشکی,دانشگاه علوم پزشکی تهران
1396,تجربی,80,37,منطقه 2,دندانپزشکی - نیمسال اول,دانشگاه علوم پزشکی شهید بهشتی - تهران
1396,تجربی,81,7,منطقه 3,پزشکی,دانشگاه علوم پزشکی تهران
1396,تجربی,83,32,منطقه 1,پزشکی - نیمسال اول,دانشگاه علوم پزشکی شیراز
1396,تجربی,85,39,منطقه 2,پزشکی - نیمسال اول,دانشگاه علوم پزشکی شهید بهشتی - تهران
1396,تجربی,86,7,ایثارگر-5%,پزشکی,دانشگاه علوم پزشکی تهران
1396,تجربی,88,40,منطقه 2,پزشکی - نیمسال اول,دانشگاه علوم پزشکی شهید بهشتی - تهران
1396,تجربی,89,41,منطقه 2,پزشکی - نیمسال اول,دانشگاه علوم پزشکی شهید بهشتی - تهران
1396,تجربی,90,34,منطقه 1,پزشکی - نیمسال اول,دانشگاه علوم پزشکی اصفهان
1396,تجربی,91,42,منطقه 2,پزشکی - نیمسال اول,دانشگاه علوم پزشکی شهید بهشتی - تهران
1396,تجربی,92,8,منطقه 3,پزشکی,دانشگاه علوم پزشکی تهران
1396,تجربی,93,43,منطقه 2,پزشکی - نیمسال اول,دانشگاه علوم پزشکی شهید بهشتی - تهران
1396,تجربی,94,9,منطقه 3,پزشکی - نیمسال اول,دانشگاه علوم پزشکی شهید بهشتی - تهران
1396,تجربی,95,35,منطقه 1,پزشکی,دانشگاه علوم پزشکی تهران
1396,تجربی,95,44,منطقه 2,پزشکی - نیمسال اول,دانشگاه علوم پزشکی شهید بهشتی - تهران
1396,تجربی,97,45,منطقه 2,پزشکی - نیمسال اول,دانشگاه علوم پزشکی شهید بهشتی - تهران
1396,تجربی,99,36,منطقه 1,پزشکی,دانشگاه علوم پزشکی تهران
1396,تجربی,100,37,منطقه 1,پزشکی - نیمسال اول,دانشگاه علوم پزشکی شهید بهشتی - تهران
1396,تجربی,101,47,منطقه 2,دندانپزشکی,دانشگاه علوم پزشکی تهران
1396,تجربی,102,48,منطقه 2,پزشکی - نیمسال اول,دانشگاه علوم پزشکی شهید بهشتی - تهران
1396,تجربی,103,8,ایثارگر-5%,پزشکی,دانشگاه علوم پزشکی تهران
1396,تجربی,104,49,منطقه 2,دندانپزشکی,دانشگاه علوم پزشکی اصفهان
1396,تجربی,105,50,منطقه 2,پزشکی,دانشگاه علوم پزشکی تهران
1396,تجربی,106,51,منطقه 2,پزشکی - نیمسال اول,دانشگاه علوم پزشکی شهید بهشتی - تهران
1396,تجربی,107,52,منطقه 2,پزشکی,دانشگاه علوم پزشکی یزد
1396,تجربی,109,54,منطقه 2,پزشکی - نیمسال اول,دانشگاه علوم پزشکی شهید بهشتی - تهران
1396,تجربی,110,38,منطقه 1,پزشکی - نیمسال اول,دانشگاه علوم پزشکی اصفهان
1396,تجربی,111,39,منطقه 1,پزشکی - نیمسال اول,دانشگاه علوم پزشکی شهید بهشتی - تهران
1396,تجربی,112,40,منطقه 1,پزشکی - نیمسال اول,دانشگاه علوم پزشکی شهید بهشتی - تهران
1396,تجربی,113,55,منطقه 2,پزشکی - نیمسال دوم,دانشگاه علوم پزشکی شهید بهشتی - تهران
1396,تجربی,114,41,منطقه 1,پزشکی - نیمسال اول,دانشگاه علوم پزشکی شهید بهشتی - تهران
1396,تجربی,115,56,منطقه 2,پزشکی - نیمسال اول,دانشگاه علوم پزشکی شهید بهشتی - تهران
1396,تجربی,116,57,منطقه 2,پزشکی - نیمسال اول,دانشگاه علوم پزشکی شهید بهشتی - تهران
1396,تجربی,117,58,منطقه 2,پزشکی - نیمسال اول,دانشگاه علوم پزشکی شهید بهشتی - تهران
1396,تجربی,118,9,ایثارگر-5%,پزشکی - نیمسال اول,دانشگاه علوم پزشکی شهید بهشتی - تهران
1396,تجربی,119,42,منطقه 1,پزشکی - نیمسال دوم,دانشگاه علوم پزشکی شهید بهشتی - تهران
1396,تجربی,120,43,منطقه 1,پزشکی,دانشگاه علوم پزشکی تهران
1396,تجربی,121,59,منطقه 2,پزشکی,دانشگاه علوم پزشکی تهران
1396,تجربی,122,10,منطقه 3,پزشکی - نیمسال دوم,دانشگاه علوم پزشکی شهید بهشتی - تهران
1396,تجربی,123,44,منطقه 1,پزشکی - نیمسال اول,دانشگاه علوم پزشکی شهید بهشتی - تهران
1396,تجربی,124,45,منطقه 1,پزشکی,دانشگاه علوم پزشکی تهران
1396,تجربی,125,10,ایثارگر-5%,پزشکی - نیمسال اول,دانشگاه علوم پزشکی شهید بهشتی - تهران
1396,تجربی,126,46,منطقه 1,پزشکی - نیمسال دوم,دانشگاه علوم پزشکی شهید بهشتی - تهران
1396,تجربی,127,47,منطقه 1,دندانپزشکی - نیمسال اول,دانشگاه علوم پزشکی شهید بهشتی - تهران
1396,تجربی,127,47,منطقه 1,پزشکی - نیمسال اول,دانشگاه علوم پزشکی اصفهان
1396,تجربی,129,60,منطقه 2,پزشکی - نیمسال دوم,دانشگاه علوم پزشکی شهید بهشتی - تهران
1396,تجربی,130,49,منطقه 1,دندانپزشکی - نیمسال اول,دانشگاه علوم پزشکی شهید بهشتی - تهران
1396,تجربی,133,61,منطقه 2,پزشکی,دانشگاه علوم پزشکی تهران
1396,تجربی,135,11,منطقه 3,پزشکی - نیمسال اول,دانشگاه علوم پزشکی مشهد
1396,تجربی,137,53,منطقه 1,پزشکی,دانشگاه علوم پزشکی تهران
1396,تجربی,137,62,منطقه 2,پزشکی - نیمسال دوم,دانشگاه علوم پزشکی شهید بهشتی - تهران
1396,تجربی,139,64,منطقه 2,پزشکی - نیمسال دوم,دانشگاه علوم پزشکی شهید بهشتی - تهران
1396,تجربی,140,54,منطقه 1,پزشکی - نیمسال دوم,دانشگاه علوم پزشکی شهید بهشتی - تهران
1396,تجربی,143,57,منطقه 1,پزشکی - نیمسال اول,دانشگاه علوم پزشکی شیراز
1396,تجربی,144,11,ایثارگر-5%,پزشکی - نیمسال دوم,دانشگاه علوم پزشکی شهید بهشتی - تهران
1396,تجربی,146,12,ایثارگر-5%,پزشکی - نیمسال دوم,دانشگاه علوم پزشکی شهید بهشتی - تهران
1396,تجربی,147,2,ایثارگر-25%,پزشکی,دانشگاه علوم پزشکی تهران
1396,تجربی,148,66,منطقه 2,پزشکی,دانشگاه علوم پزشکی ایران
1396,تجربی,149,67,منطقه 2,پزشکی,دانشگاه علوم پزشکی تهران
1396,تجربی,150,68,منطقه 2,پزشکی,دانشگاه علوم پزشکی تهران
1396,تجربی,150,68,منطقه 2,پزشکی - نیمسال دوم,دانشگاه علوم پزشکی شهید بهشتی - تهران
1396,تجربی,153,71,منطقه 2,پزشکی - نیمسال دوم,دانشگاه علوم پزشکی شهید بهشتی - تهران
1396,تجربی,154,13,ایثارگر-5%,پزشکی - نیمسال دوم,دانشگاه علوم پزشکی شهید بهشتی - تهران
1396,تجربی,155,72,منطقه 2,پزشکی,دانشگاه علوم پزشکی تهران
1396,تجربی,156,58,منطقه 1,پزشکی - نیمسال اول,دانشگاه علوم پزشکی شیراز
1396,تجربی,157,73,منطقه 2,پزشکی,دانشگاه علوم پزشکی تهران
1396,تجربی,158,59,منطقه 1,پزشکی,دانشگاه علوم پزشکی تهران
1396,تجربی,161,61,منطقه 1,پزشکی - نیمسال اول,دانشگاه علوم پزشکی شیراز
1396,تجربی,161,74,منطقه 2,پزشکی,دانشگاه علوم پزشکی تهران
1396,تجربی,165,12,منطقه 3,پزشکی,دانشگاه علوم پزشکی تهران
1396,تجربی,166,13,منطقه 3,پزشکی - نیمسال دوم,دانشگاه علوم پزشکی شهید بهشتی - تهران
1396,تجربی,167,76,منطقه 2,پزشکی,دانشگاه علوم پزشکی تهران
1396,تجربی,169,77,منطقه 2,پزشکی - نیمسال دوم,دانشگاه علوم پزشکی شهید بهشتی - تهران
1396,تجربی,170,78,منطقه 2,پزشکی - نیمسال دوم,دانشگاه علوم پزشکی شهید بهشتی - تهران
1396,تجربی,171,79,منطقه 2,دندانپزشکی - نیمسال اول,دانشگاه علوم پزشکی شهید بهشتی - تهران
1396,تجربی,171,79,منطقه 2,پزشکی - نیمسال دوم,دانشگاه علوم پزشکی شهید بهشتی - تهران
1396,تجربی,173,62,منطقه 1,پزشکی - نیمسال اول,دانشگاه علوم پزشکی شیراز
1396,تجربی,174,17,ایثارگر-5%,پزشکی,دانشگاه علوم پزشکی تهران
1396,تجربی,175,63,منطقه 1,پزشکی - نیسال اول,دانشگاه علوم پزشکی تبریز
1396,تجربی,177,81,منطقه 2,پزشکی,دانشگاه علوم پزشکی ایران
1396,تجربی,178,82,منطقه 2,پزشکی,دانشگاه علوم پزشکی ایران
1396,تجربی,180,14,منطقه 3,پزشکی - نیسال اول,دانشگاه علوم پزشکی تبریز
1396,تجربی,181,65,منطقه 1,پزشکی - نیسال اول,دانشگاه علوم پزشکی تبریز
1396,تجربی,183,83,منطقه 2,پزشکی,دانشگاه علوم پزشکی ایران
1396,تجربی,184,84,منطقه 2,پزشکی,دانشگاه علوم پزشکی تهران
1396,تجربی,185,15,منطقه 3,پزشکی,دانشگاه علوم پزشکی ایران
1396,تجربی,185,85,منطقه 2,پزشکی,دانشگاه علوم پزشکی تهران
1396,تجربی,188,86,منطقه 2,پزشکی,دانشگاه علوم پزشکی ایران
1396,تجربی,190,88,منطقه 2,پزشکی - نیمسال اول,دانشگاه علوم پزشکی اصفهان
1396,تجربی,191,89,منطقه 2,پزشکی,دانشگاه علوم پزشکی تهران
1396,تجربی,193,90,منطقه 2,پزشکی,دانشگاه علوم پزشکی تهران
1396,تجربی,194,91,منطقه 2,دندانپزشکی - نیمسال اول,دانشگاه علوم پزشکی شهید بهشتی - تهران
1396,تجربی,194,91,منطقه 2,پزشکی,دانشگاه علوم پزشکی تهران
1396,تجربی,196,69,منطقه 1,پزشکی,دانشگاه علوم پزشکی تهران
1396,تجربی,197,16,منطقه 3,پزشکی - نیمسال اول,دانشگاه علوم پزشکی مشهد
1396,تجربی,200,17,منطقه 3,پزشکی,دانشگاه علوم پزشکی ایران
1396,تجربی,200,19,ایثارگر-5%,پزشکی - نیمسال اول,دانشگاه علوم پزشکی شیراز
1396,تجربی,200,93,منطقه 2,پزشکی,دانشگاه علوم پزشکی ایران
1396,تجربی,203,94,منطقه 2,پزشکی,دانشگاه علوم پزشکی ایران
1396,تجربی,206,95,منطقه 2,پزشکی,دانشگاه علوم پزشکی تهران
1396,تجربی,207,74,منطقه 1,پزشکی - نیمسال اول,دانشگاه علوم پزشکی شیراز
1396,تجربی,208,75,منطقه 1,پزشکی - نیمسال اول,دانشگاه علوم پزشکی شیراز
1396,تجربی,210,97,منطقه 2,پزشکی,دانشگاه علوم پزشکی تهران
1396,تجربی,212,18,منطقه 3,پزشکی,دانشگاه علوم پزشکی ایران
1396,تجربی,212,98,منطقه 2,پزشکی,دانشگاه علوم پزشکی تهران
1396,تجربی,214,99,منطقه 2,پزشکی,دانشگاه علوم پزشکی ایران
1396,تجربی,214,99,منطقه 2,پزشکی,دانشگاه علوم پزشکی تهران
1396,تجربی,216,101,منطقه 2,پزشکی,دانشگاه علوم پزشکی تهران
1396,تجربی,217,102,منطقه 2,پزشکی,دانشگاه علوم پزشکی تهران
1396,تجربی,218,3,ایثارگر-25%,پزشکی - نیمسال اول,دانشگاه علوم پزشکی شیراز
1396,تجربی,219,103,منطقه 2,پزشکی - نیمسال اول,دانشگاه علوم پزشکی شهید بهشتی - تهران
1396,تجربی,222,21,ایثارگر-5%,دندانپزشکی - نیمسال اول,دانشگاه علوم پزشکی شهید بهشتی - تهران
1396,تجربی,223,105,منطقه 2,پزشکی,دانشگاه علوم پزشکی تهران
1396,تجربی,224,106,منطقه 2,پزشکی - نیمسال اول,دانشگاه علوم پزشکی شیراز
1396,تجربی,225,107,منطقه 2,پزشکی,دانشگاه علوم پزشکی ایران
1396,تجربی,226,22,ایثارگر-5%,پزشکی - نیمسال اول,دانشگاه علوم پزشکی اصفهان
1396,تجربی,228,108,منطقه 2,پزشکی,دانشگاه علوم پزشکی ایران
1396,تجربی,229,109,منطقه 2,پزشکی - نیمسال اول,دانشگاه علوم پزشکی شیراز
1396,تجربی,230,23,ایثارگر-5%,پزشکی,دانشگاه علوم پزشکی ایران
1396,تجربی,233,20,منطقه 3,پزشکی - نیمسال اول,دانشگاه علوم پزشکی مشهد
1396,تجربی,233,110,منطقه 2,پزشکی,دانشگاه علوم پزشکی ایران
1396,تجربی,235,111,منطقه 2,پزشکی,دانشگاه علوم پزشکی ایران
1396,تجربی,236,112,منطقه 2,دندانپزشکی,دانشگاه علوم پزشکی تهران
1396,تجربی,237,113,منطقه 2,پزشکی,دانشگاه علوم پزشکی ایران
1396,تجربی,239,114,منطقه 2,پزشکی,دانشگاه علوم پزشکی ایران
1396,تجربی,239,114,منطقه 2,پزشکی - نیمسال اول,دانشگاه علوم پزشکی شهید بهشتی - تهران
1396,تجربی,243,116,منطقه 2,پزشکی,دانشگاه علوم پزشکی ایران
1396,تجربی,244,21,منطقه 3,پزشکی,دانشگاه علوم پزشکی ایران
1396,تجربی,245,117,منطقه 2,پزشکی,دانشگاه علوم پزشکی تهران
1396,تجربی,246,81,منطقه 1,دندانپزشکی,دانشگاه علوم پزشکی شیراز
1396,تجربی,247,82,منطقه 1,پزشکی - نیسال اول,دانشگاه علوم پزشکی تبریز
1396,تجربی,248,25,ایثارگر-5%,دندانپزشکی - نیمسال اول,دانشگاه علوم پزشکی شهید بهشتی - تهران
1396,تجربی,249,83,منطقه 1,پزشکی - نیمسال اول,دانشگاه علوم پزشکی اصفهان
1396,تجربی,250,118,منطقه 2,پزشکی,دانشگاه علوم پزشکی ایران
1396,تجربی,251,84,منطقه 1,پزشکی - نیمسال اول,دانشگاه علوم پزشکی شهید بهشتی - تهران
1396,تجربی,254,22,منطقه 3,دندانپزشکی - نیمسال اول,دانشگاه علوم پزشکی شهید بهشتی - تهران
1396,تجربی,257,23,منطقه 3,پزشکی,دانشگاه علوم پزشکی ایران
1396,تجربی,259,26,ایثارگر-5%,دندانپزشکی,دانشگاه علوم پزشکی تهران
1396,تجربی,262,120,منطقه 2,پزشکی,دانشگاه علوم پزشکی ایران
1396,تجربی,263,24,منطقه 3,پزشکی,دانشگاه علوم پزشکی ایران
1396,تجربی,264,121,منطقه 2,پزشکی,دانشگاه علوم پزشکی ایران
1396,تجربی,265,25,منطقه 3,پزشکی,دانشگاه علوم پزشکی ایران
1396,تجربی,266,27,ایثارگر-5%,پزشکی - نیمسال اول,دانشگاه علوم پزشکی مشهد
1396,تجربی,267,26,منطقه 3,پزشکی,دانشگاه علوم پزشکی ایران
1396,تجربی,268,27,منطقه 3,پزشکی,دانشگاه علوم پزشکی ایران
1396,تجربی,271,122,منطقه 2,پزشکی - نیمسال اول,دانشگاه علوم پزشکی شیراز
1396,تجربی,273,28,منطقه 3,پزشکی,دانشگاه علوم پزشکی ایران
1396,تجربی,275,92,منطقه 1,پزشکی - نیمسال اول,دانشگاه علوم پزشکی اصفهان
1396,تجربی,276,29,ایثارگر-5%,پزشکی,دانشگاه علوم پزشکی تهران
1396,تجربی,276,123,منطقه 2,پزشکی,دانشگاه علوم پزشکی ایران
1396,تجربی,278,124,منطقه 2,پزشکی,دانشگاه علوم پزشکی تهران
1396,تجربی,281,93,منطقه 1,پزشکی - نیمسال اول,دانشگاه علوم پزشکی اصفهان
1396,تجربی,281,126,منطقه 2,پزشکی - نیمسال اول,دانشگاه علوم پزشکی اصفهان
1396,تجربی,281,126,منطقه 2,پزشکی - نیمسال اول,دانشگاه علوم پزشکی شهید بهشتی - تهران
1396,تجربی,283,94,منطقه 1,پزشکی - نیمسال اول,دانشگاه علوم پزشکی شهید بهشتی - تهران
1396,تجربی,284,128,منطقه 2,پزشکی - نیمسال اول,دانشگاه علوم پزشکی اصفهان
1396,تجربی,285,129,منطقه 2,دندانپزشکی - نیمسال اول,دانشگاه علوم پزشکی شهید بهشتی - تهران
1396,تجربی,286,130,منطقه 2,پزشکی - نیمسال اول,دانشگاه علوم پزشکی شهید بهشتی - تهران
1396,تجربی,288,131,منطقه 2,پزشکی,دانشگاه علوم پزشکی ایران
1396,تجربی,289,132,منطقه 2,پزشکی - نیمسال دوم,دانشگاه علوم پزشکی اصفهان
1396,تجربی,292,133,منطقه 2,پزشکی - نیمسال اول,دانشگاه علوم پزشکی شهید بهشتی - تهران
1396,تجربی,293,134,منطقه 2,پزشکی,دانشگاه علوم پزشکی ایران
1396,تجربی,294,98,منطقه 1,پزشکی - نیمسال اول,دانشگاه علوم پزشکی شیراز
1396,تجربی,295,135,منطقه 2,پزشکی - نیمسال اول,دانشگاه علوم پزشکی شهید بهشتی - تهران
1396,تجربی,296,99,منطقه 1,دندانپزشکی - نیمسال اول,دانشگاه علوم پزشکی شهید بهشتی - تهران
1396,تجربی,297,136,منطقه 2,پزشکی - نیمسال اول,دانشگاه علوم پزشکی شهید بهشتی - تهران
1396,تجربی,299,30,منطقه 3,پزشکی,دانشگاه علوم پزشکی ایران
1396,تجربی,300,137,منطقه 2,پزشکی - نیمسال اول,دانشگاه علوم پزشکی شهید بهشتی - تهران
1396,تجربی,301,100,منطقه 1,پزشکی - نیمسال اول,دانشگاه علوم پزشکی مشهد
1396,تجربی,302,138,منطقه 2,دندانپزشکی - نیمسال دوم,دانشگاه علوم پزشکی شهید بهشتی - تهران
1396,تجربی,303,139,منطقه 2,پزشکی,دانشگاه علوم پزشکی ایران
1396,تجربی,304,140,منطقه 2,پزشکی,دانشگاه علوم پزشکی ایران
1396,تجربی,305,31,ایثارگر-5%,پزشکی - نیمسال اول,دانشگاه علوم پزشکی شیراز
1396,تجربی,309,103,منطقه 1,دندانپزشکی,دانشگاه علوم پزشکی مشهد
1396,تجربی,309,141,منطقه 2,پزشکی,دانشگاه علوم پزشکی ایران
1396,تجربی,311,104,منطقه 1,پزشکی - نیمسال اول,دانشگاه علوم پزشکی شیراز
1396,تجربی,313,142,منطقه 2,پزشکی - نیمسال اول,دانشگاه علوم پزشکی شهید بهشتی - تهران
1396,تجربی,314,143,منطقه 2,پزشکی - نیمسال اول,دانشگاه علوم پزشکی شهید بهشتی - تهران
1396,تجربی,318,145,منطقه 2,پزشکی,دانشگاه علوم پزشکی ایران
1396,تجربی,318,145,منطقه 2,پزشکی - نیمسال اول,دانشگاه علوم پزشکی مشهد
1396,تجربی,321,107,منطقه 1,پزشکی - نیسال اول,دانشگاه علوم پزشکی تبریز
1396,تجربی,322,31,منطقه 3,پزشکی - نیمسال اول,دانشگاه علوم پزشکی شیراز
1396,تجربی,324,32,منطقه 3,پزشکی - نیمسال اول,دانشگاه علوم پزشکی شهید بهشتی - تهران
1396,تجربی,326,35,ایثارگر-5%,پزشکی,دانشگاه علوم پزشکی بابل
1396,تجربی,326,148,منطقه 2,پزشکی - نیمسال اول,دانشگاه علوم پزشکی مشهد
1396,تجربی,328,109,منطقه 1,دندانپزشکی,دانشگاه علوم پزشکی تبریز
1396,تجربی,332,33,منطقه 3,پزشکی - نیمسال اول,دانشگاه علوم پزشکی مشهد
1396,تجربی,333,151,منطقه 2,پزشکی - نیمسال اول,دانشگاه علوم پزشکی شهید بهشتی - تهران
1396,تجربی,334,111,منطقه 1,پزشکی - نیمسال اول,دانشگاه علوم پزشکی مشهد
1396,تجربی,335,152,منطقه 2,دندانپزشکی - نیمسال اول,دانشگاه علوم پزشکی شهید بهشتی - تهران
1396,تجربی,335,152,منطقه 2,پزشکی - نیمسال اول,دانشگاه علوم پزشکی شهید بهشتی - تهران
1396,تجربی,337,36,ایثارگر-5%,پزشکی,دانشگاه علوم پزشکی ایران
1396,تجربی,338,112,منطقه 1,پزشکی,دانشگاه علوم پزشکی ایران
1396,تجربی,339,154,منطقه 2,دندانپزشکی,دانشگاه علوم پزشکی تهران
1396,تجربی,340,155,منطقه 2,دندانپزشکی - نیمسال اول,دانشگاه علوم پزشکی شهید بهشتی - تهران
1396,تجربی,342,157,منطقه 2,پزشکی - نیمسال اول,دانشگاه علوم پزشکی شهید بهشتی - تهران
1396,تجربی,343,34,منطقه 3,پزشکی,دانشگاه علوم پزشکی تهران
1396,تجربی,344,113,منطقه 1,پزشکی - نیسال اول,دانشگاه علوم پزشکی تبریز
1396,تجربی,345,114,منطقه 1,دندانپزشکی - نیمسال اول,دانشگاه علوم پزشکی شهید بهشتی - تهران
1396,تجربی,347,158,منطقه 2,پزشکی - نیمسال اول,دانشگاه علوم پزشکی شیراز
1396,تجربی,348,35,منطقه 3,دندانپزشکی,دانشگاه علوم پزشکی تهران
1396,تجربی,348,159,منطقه 2,دندانپزشکی - نیمسال دوم,دانشگاه علوم پزشکی شهید بهشتی - تهران
1396,تجربی,351,160,منطقه 2,دندانپزشکی,دانشگاه علوم پزشکی تهران
1396,تجربی,353,39,ایثارگر-5%,پزشکی - نیمسال اول,دانشگاه علوم پزشکی اصفهان
1396,تجربی,353,116,منطقه 1,دندانپزشکی - نیمسال دوم,دانشگاه علوم پزشکی شهید بهشتی - تهران
1396,تجربی,355,161,منطقه 2,پزشکی - نیمسال اول,دانشگاه علوم پزشکی شهید بهشتی - تهران
1396,تجربی,358,36,منطقه 3,پزشکی - نیسال اول,دانشگاه علوم پزشکی تبریز
1396,تجربی,360,162,منطقه 2,دندانپزشکی,دانشگاه علوم پزشکی مشهد
1396,تجربی,361,163,منطقه 2,پزشکی - نیمسال اول,دانشگاه علوم پزشکی شهید بهشتی - تهران
1396,تجربی,361,163,منطقه 2,پزشکی - نیمسال اول,دانشگاه علوم پزشکی مازندران - ساری
1396,تجربی,364,119,منطقه 1,پزشکی - نیمسال اول,دانشگاه علوم پزشکی شهید بهشتی - تهران
1396,تجربی,364,165,منطقه 2,دندانپزشکی,دانشگاه علوم پزشکی مشهد
1396,تجربی,366,120,منطقه 1,پزشکی - نیمسال اول,دانشگاه علوم پزشکی شیراز
1396,تجربی,370,167,منطقه 2,دندانپزشکی - نیمسال اول,دانشگاه علوم پزشکی شهید بهشتی - تهران
1396,تجربی,372,168,منطقه 2,پزشکی - نیمسال اول,دانشگاه علوم پزشکی گیلان - رشت
1396,تجربی,373,169,منطقه 2,پزشکی - نیمسال اول,دانشگاه علوم پزشکی شهید بهشتی - تهران
1396,تجربی,374,42,ایثارگر-5%,پزشکی - نیمسال اول,دانشگاه علوم پزشکی شیراز
1396,تجربی,376,170,منطقه 2,پزشکی - نیمسال اول,دانشگاه علوم پزشکی شیراز
1396,تجربی,378,171,منطقه 2,دندانپزشکی,دانشگاه علوم پزشکی تهران
1396,تجربی,379,123,منطقه 1,دندانپزشکی,دانشگاه علوم پزشکی شیراز
1396,تجربی,381,173,منطقه 2,پزشکی - نیمسال دوم,دانشگاه علوم پزشکی شهید بهشتی - تهران
1396,تجربی,382,124,منطقه 1,پزشکی - نیمسال اول,دانشگاه علوم پزشکی اصفهان
1396,تجربی,383,38,منطقه 3,پزشکی - نیمسال دوم,دانشگاه علوم پزشکی شهید بهشتی - تهران
1396,تجربی,385,126,منطقه 1,پزشکی - نیمسال اول,دانشگاه علوم پزشکی اصفهان
1396,تجربی,386,174,منطقه 2,پزشکی - نیمسال دوم,دانشگاه علوم پزشکی شهید بهشتی - تهران
1396,تجربی,387,44,ایثارگر-5%,دندانپزشکی,دانشگاه علوم پزشکی تهران
1396,تجربی,388,39,منطقه 3,دندانپزشکی,دانشگاه علوم پزشکی تهران
1396,تجربی,389,175,منطقه 2,دندانپزشکی,دانشگاه علوم پزشکی تهران
1396,تجربی,390,45,ایثارگر-5%,دندانپزشکی,دانشگاه علوم پزشکی مشهد
1396,تجربی,391,127,منطقه 1,دکترای پیوسته بیوتکنولوژی,دانشگاه تهران
1396,تجربی,393,40,منطقه 3,پزشکی - نیمسال دوم,دانشگاه علوم پزشکی شهید بهشتی - تهران
1396,تجربی,393,129,منطقه 1,پزشکی - نیمسال اول,دانشگاه علوم پزشکی شیراز
1396,تجربی,395,130,منطقه 1,پزشکی - نیمسال اول,دانشگاه علوم پزشکی اصفهان
1396,تجربی,395,176,منطقه 2,پزشکی - نیمسال دوم,دانشگاه علوم پزشکی شهید بهشتی - تهران
1396,تجربی,398,131,منطقه 1,پزشکی - نیمسال دوم,دانشگاه علوم پزشکی شهید بهشتی - تهران
1396,تجربی,399,177,منطقه 2,پزشکی,دانشگاه علوم پزشکی بابل
1396,تجربی,401,132,منطقه 1,پزشکی - نیسال اول,دانشگاه علوم پزشکی تبریز
1396,تجربی,402,133,منطقه 1,پزشکی - نیمسال اول,دانشگاه علوم پزشکی شیراز
1396,تجربی,402,133,منطقه 1,پزشکی - نیمسال اول,دانشگاه علوم پزشکی مشهد
1396,تجربی,404,41,منطقه 3,پزشکی - نیمسال دوم,دانشگاه علوم پزشکی شهید بهشتی - تهران
1396,تجربی,404,135,منطقه 1,دندانپزشکی,دانشگاه علوم پزشکی اصفهان
1396,تجربی,406,136,منطقه 1,پزشکی - نیسال اول,دانشگاه علوم پزشکی تبریز
1396,تجربی,407,137,منطقه 1,دندانپزشکی,دانشگاه علوم پزشکی تهران
1396,تجربی,408,178,منطقه 2,دندانپزشکی,دانشگاه علوم پزشکی شیراز
1396,تجربی,409,138,منطقه 1,پزشکی - نیمسال اول,دانشگاه علوم پزشکی شهید بهشتی - تهران
1396,تجربی,411,140,منطقه 1,پزشکی,دانشگاه علوم پزشکی ایران
1396,تجربی,413,42,منطقه 3,پزشکی - نیمسال اول,دانشگاه علوم پزشکی مشهد
1396,تجربی,414,7,ایثارگر-25%,پزشکی,دانشگاه علوم پزشکی تهران
1396,تجربی,415,179,منطقه 2,دندانپزشکی - نیمسال دوم,دانشگاه علوم پزشکی شهید بهشتی - تهران
1396,تجربی,417,8,ایثارگر-25%,پزشکی,دانشگاه علوم پزشکی تهران
1396,تجربی,417,142,منطقه 1,دندانپزشکی,دانشگاه علوم پزشکی تبریز
1396,تجربی,419,47,ایثارگر-5%,پزشکی - نیسال اول,دانشگاه علوم پزشکی تبریز
1396,تجربی,419,180,منطقه 2,دندانپزشکی,دانشگاه علوم پزشکی یزد
1396,تجربی,421,43,منطقه 3,پزشکی - نیمسال دوم,دانشگاه علوم پزشکی شهید بهشتی - تهران
1396,تجربی,422,181,منطقه 2,پزشکی - نیمسال اول,دانشگاه علوم پزشکی اصفهان
1396,تجربی,423,44,منطقه 3,پزشکی - نیمسال دوم,دانشگاه علوم پزشکی شیراز
1396,تجربی,423,144,منطقه 1,دندانپزشکی,دانشگاه علوم پزشکی مشهد
1396,تجربی,425,145,منطقه 1,پزشکی - نیسال اول,دانشگاه علوم پزشکی تبریز
1396,تجربی,426,182,منطقه 2,پزشکی - نیمسال اول,دانشگاه علوم پزشکی شهید بهشتی - تهران
1396,تجربی,427,183,منطقه 2,پزشکی - نیمسال اول,دانشگاه علوم پزشکی مشهد
1396,تجربی,428,146,منطقه 1,پزشکی - نیمسال اول,دانشگاه علوم پزشکی شیراز
1396,تجربی,430,184,منطقه 2,پزشکی - نیمسال دوم,دانشگاه علوم پزشکی شهید بهشتی - تهران
1396,تجربی,431,147,منطقه 1,دندانپزشکی - نیمسال دوم,دانشگاه علوم پزشکی شهید بهشتی - تهران
1396,تجربی,432,185,منطقه 2,پزشکی,دانشگاه علوم پزشکی ایران
1396,تجربی,434,186,منطقه 2,پزشکی - نیمسال دوم,دانشگاه علوم پزشکی شهید بهشتی - تهران
1396,تجربی,436,187,منطقه 2,پزشکی - نیمسال دوم,دانشگاه علوم پزشکی شهید بهشتی - تهران
1396,تجربی,437,45,منطقه 3,پزشکی - نیمسال دوم,دانشگاه علوم پزشکی شهید بهشتی - تهران
1396,تجربی,439,150,منطقه 1,پزشکی - نیمسال دوم,دانشگاه علوم پزشکی شهید بهشتی - تهران
1396,تجربی,439,189,منطقه 2,پزشکی - نیمسال دوم,دانشگاه علوم پزشکی شهید بهشتی - تهران
1396,تجربی,445,50,ایثارگر-5%,دندانپزشکی - نیمسال دوم,دانشگاه علوم پزشکی شهید بهشتی - تهران
1396,تجربی,445,154,منطقه 1,پزشکی - نیمسال اول,دانشگاه علوم پزشکی شیراز
1396,تجربی,447,155,منطقه 1,پزشکی - نیمسال اول,دانشگاه علوم پزشکی مشهد
1396,تجربی,447,190,منطقه 2,پزشکی - نیمسال اول,دانشگاه علوم پزشکی شیراز
1396,تجربی,449,156,منطقه 1,دندانپزشکی,دانشگاه علوم پزشکی مشهد
1396,تجربی,449,191,منطقه 2,پزشکی - نیمسال اول,دانشگاه علوم پزشکی مشهد
1396,تجربی,453,158,منطقه 1,پزشکی - نیمسال دوم,دانشگاه علوم پزشکی شهید بهشتی - تهران
1396,تجربی,453,192,منطقه 2,پزشکی,دانشگاه علوم پزشکی ایران
1396,تجربی,453,192,منطقه 2,پزشکی,دانشگاه علوم پزشکی بابل
1396,تجربی,455,46,منطقه 3,پزشکی - نیمسال دوم,دانشگاه علوم پزشکی شهید بهشتی - تهران
1396,تجربی,459,194,منطقه 2,پزشکی - نیمسال دوم,دانشگاه علوم پزشکی شیراز
1396,تجربی,461,196,منطقه 2,پزشکی - نیمسال دوم,دانشگاه علوم پزشکی شهید بهشتی - تهران
1396,تجربی,463,197,منطقه 2,پزشکی - نیمسال اول,دانشگاه علوم پزشکی مشهد
1396,تجربی,466,52,ایثارگر-5%,پزشکی - نیمسال اول,دانشگاه علوم پزشکی شیراز
1396,تجربی,466,52,ایثارگر-5%,پزشکی - نیمسال دوم,دانشگاه علوم پزشکی مشهد
1396,تجربی,466,198,منطقه 2,دندانپزشکی - نیمسال دوم,دانشگاه علوم پزشکی شهید بهشتی - تهران
1396,تجربی,468,199,منطقه 2,پزشکی - نیمسال دوم,دانشگاه علوم پزشکی شهید بهشتی - تهران
1396,تجربی,469,47,منطقه 3,پزشکی - نیمسال دوم,دانشگاه علوم پزشکی شیراز
1396,تجربی,470,163,منطقه 1,پزشکی - نیمسال دوم,دانشگاه علوم پزشکی شیراز
1396,تجربی,472,54,ایثارگر-5%,پزشکی - نیمسال دوم,دانشگاه علوم پزشکی شیراز
1396,تجربی,472,200,منطقه 2,داروسازی,دانشگاه علوم پزشکی تهران
1396,تجربی,472,200,منطقه 2,پزشکی,دانشگاه علوم پزشکی کرمانشاه
1396,تجربی,475,202,منطقه 2,پزشکی - نیمسال اول,دانشگاه علوم پزشکی اصفهان
1396,تجربی,476,203,منطقه 2,پزشکی,دانشگاه علوم پزشکی تهران
1396,تجربی,477,204,منطقه 2,پزشکی - نیمسال اول,دانشگاه علوم پزشکی همدان
1396,تجربی,478,205,منطقه 2,دندانپزشکی,دانشگاه علوم پزشکی تهران
1396,تجربی,479,48,منطقه 3,پزشکی - نیمسال اول,دانشگاه علوم پزشکی شیراز
1396,تجربی,479,206,منطقه 2,پزشکی - نیمسال دوم,دانشگاه علوم پزشکی اصفهان
1396,تجربی,482,207,منطقه 2,دندانپزشکی,دانشگاه علوم پزشکی تهران
1396,تجربی,482,207,منطقه 2,پزشکی - نیمسال دوم,دانشگاه علوم پزشکی شهید بهشتی - تهران
1396,تجربی,484,165,منطقه 1,پزشکی,دانشگاه علوم پزشکی قزوین
1396,تجربی,486,49,منطقه 3,پزشکی - نیمسال اول,دانشگاه علوم پزشکی شیراز
1396,تجربی,488,55,ایثارگر-5%,پزشکی - نیسال اول,دانشگاه علوم پزشکی تبریز
1396,تجربی,489,210,منطقه 2,پزشکی - نیسال اول,دانشگاه علوم پزشکی تبریز
1396,تجربی,490,167,منطقه 1,پزشکی - نیمسال اول,دانشگاه علوم پزشکی شیراز
1396,تجربی,492,56,ایثارگر-5%,پزشکی - نیمسال دوم,دانشگاه علوم پزشکی شیراز
1396,تجربی,492,211,منطقه 2,پزشکی,دانشگاه علوم پزشکی بابل
1396,تجربی,492,211,منطقه 2,پزشکی - نیمسال دوم,دانشگاه علوم پزشکی شهید بهشتی - تهران
1396,تجربی,494,213,منطقه 2,پزشکی - نیمسال اول,دانشگاه علوم پزشکی همدان
1396,تجربی,495,214,منطقه 2,پزشکی - نیمسال دوم,دانشگاه علوم پزشکی مشهد
1396,تجربی,496,215,منطقه 2,دندانپزشکی,دانشگاه علوم پزشکی تهران
1396,تجربی,497,168,منطقه 1,پزشکی - نیمسال دوم,دانشگاه علوم پزشکی شیراز
1396,تجربی,499,217,منطقه 2,پزشکی - نیمسال اول,دانشگاه علوم پزشکی اصفهان
1396,تجربی,501,218,منطقه 2,پزشکی,دانشگاه علوم پزشکی بابل
1396,تجربی,503,170,منطقه 1,دکترای پیوسته بیوتکنولوژی,دانشگاه تهران
1396,تجربی,504,219,منطقه 2,پزشکی - نیمسال دوم,دانشگاه علوم پزشکی شهید بهشتی - تهران
1396,تجربی,505,50,منطقه 3,پزشکی - نیمسال دوم,دانشگاه علوم پزشکی شیراز
1396,تجربی,506,220,منطقه 2,پزشکی,دانشگاه علوم پزشکی بابل
1396,تجربی,507,51,منطقه 3,پزشکی - نیمسال دوم,دانشگاه علوم پزشکی مشهد
1396,تجربی,507,221,منطقه 2,پزشکی - نیمسال دوم,دانشگاه علوم پزشکی شیراز
1396,تجربی,511,223,منطقه 2,پزشکی - نیمسال دوم,دانشگاه علوم پزشکی شهید بهشتی - تهران
1396,تجربی,512,52,منطقه 3,دندانپزشکی - نیمسال اول,دانشگاه علوم پزشکی شهید بهشتی - تهران
1396,تجربی,514,224,منطقه 2,پزشکی - نیمسال دوم,دانشگاه علوم پزشکی شیراز
1396,تجربی,515,225,منطقه 2,دندانپزشکی,دانشگاه علوم پزشکی تهران
1396,تجربی,516,172,منطقه 1,پزشکی,دانشگاه علوم پزشکی ایران
1396,تجربی,516,226,منطقه 2,پزشکی - نیمسال اول,دانشگاه علوم پزشکی همدان
1396,تجربی,518,227,منطقه 2,پزشکی - نیمسال دوم,دانشگاه علوم پزشکی شیراز
1396,تجربی,522,229,منطقه 2,پزشکی,دانشگاه علوم پزشکی ایران
1396,تجربی,523,53,منطقه 3,پزشکی - نیمسال دوم,دانشگاه علوم پزشکی تبریز
1396,تجربی,523,230,منطقه 2,پزشکی - نیمسال دوم,دانشگاه علوم پزشکی شیراز
1396,تجربی,525,231,منطقه 2,دندانپزشکی - نیمسال دوم,دانشگاه علوم پزشکی شهید بهشتی - تهران
1396,تجربی,526,232,منطقه 2,پزشکی - نیمسال دوم,دانشگاه علوم پزشکی شهید بهشتی - تهران
1396,تجربی,527,233,منطقه 2,پزشکی - نیمسال اول,دانشگاه علوم پزشکی مشهد
1396,تجربی,528,54,منطقه 3,پزشکی - نیمسال دوم,دانشگاه علوم پزشکی شیراز
1396,تجربی,528,174,منطقه 1,پزشکی - نیسال اول,دانشگاه علوم پزشکی تبریز
1396,تجربی,530,234,منطقه 2,پزشکی - نیسال اول,دانشگاه علوم پزشکی تبریز
1396,تجربی,532,55,منطقه 3,پزشکی - نیمسال دوم,دانشگاه علوم پزشکی مشهد
1396,تجربی,533,176,منطقه 1,پزشکی - نیسال اول,دانشگاه علوم پزشکی تبریز
1396,تجربی,536,56,منطقه 3,پزشکی - نیسال اول,دانشگاه علوم پزشکی تبریز
1396,تجربی,537,178,منطقه 1,دندانپزشکی,دانشگاه علوم پزشکی تهران
1396,تجربی,538,61,ایثارگر-5%,پزشکی - نیمسال دوم,دانشگاه علوم پزشکی مشهد
1396,تجربی,538,179,منطقه 1,پزشکی - نیسال اول,دانشگاه علوم پزشکی تبریز
1396,تجربی,541,235,منطقه 2,پزشکی,دانشگاه علوم پزشکی تهران
1396,تجربی,541,235,منطقه 2,پزشکی - نیمسال دوم,دانشگاه علوم پزشکی شهید بهشتی - تهران
1396,تجربی,543,62,ایثارگر-5%,پزشکی - نیمسال دوم,دانشگاه علوم پزشکی شیراز
1396,تجربی,544,180,منطقه 1,پزشکی,دانشگاه علوم پزشکی ایران
1396,تجربی,545,181,منطقه 1,پزشکی - نیمسال اول,دانشگاه علوم پزشکی شیراز
1396,تجربی,547,57,منطقه 3,پزشکی - نیسال اول,دانشگاه علوم پزشکی تبریز
1396,تجربی,547,182,منطقه 1,پزشکی - نیمسال دوم,دانشگاه علوم پزشکی شیراز
1396,تجربی,549,58,منطقه 3,پزشکی,دانشگاه علوم پزشکی ایران
1396,تجربی,550,183,منطقه 1,دندانپزشکی,دانشگاه علوم پزشکی تبریز
1396,تجربی,551,184,منطقه 1,پزشکی - نیسال اول,دانشگاه علوم پزشکی تبریز
1396,تجربی,553,59,منطقه 3,پزشکی - نیمسال اول,دانشگاه علوم پزشکی شیراز
1396,تجربی,556,237,منطقه 2,داروسازی,دانشگاه علوم پزشکی شهید بهشتی - تهران
1396,تجربی,558,238,منطقه 2,پزشکی - نیمسال دوم,دانشگاه علوم پزشکی شیراز
1396,تجربی,561,66,ایثارگر-5%,پزشکی - نیمسال اول,دانشگاه علوم پزشکی اصفهان
1396,تجربی,561,240,منطقه 2,پزشکی - نیسال اول,دانشگاه علوم پزشکی تبریز
1396,تجربی,561,240,منطقه 2,پزشکی - نیمسال دوم,دانشگاه علوم پزشکی شیراز
1396,تجربی,563,12,ایثارگر-25%,پزشکی,دانشگاه علوم پزشکی تهران
1396,تجربی,564,242,منطقه 2,پزشکی,دانشگاه علوم پزشکی ایران
1396,تجربی,565,243,منطقه 2,پزشکی,دانشگاه علوم پزشکی ایران
1396,تجربی,567,60,منطقه 3,پزشکی - نیمسال دوم,دانشگاه علوم پزشکی شیراز
1396,تجربی,567,244,منطقه 2,پزشکی - نیمسال اول,دانشگاه علوم پزشکی ارومیه
1396,تجربی,567,244,منطقه 2,پزشکی - نیمسال دوم,دانشگاه علوم پزشکی اصفهان
1396,تجربی,570,246,منطقه 2,پزشکی,دانشگاه علوم پزشکی ایران
1396,تجربی,571,61,منطقه 3,پزشکی - نیمسال دوم,دانشگاه علوم پزشکی شیراز
1396,تجربی,571,247,منطقه 2,پزشکی,دانشگاه علوم پزشکی تهران
1396,تجربی,574,62,منطقه 3,پزشکی - نیمسال دوم,دانشگاه علوم پزشکی اصفهان
1396,تجربی,574,248,منطقه 2,پزشکی - نیمسال دوم,دانشگاه علوم پزشکی شیراز
1396,تجربی,576,188,منطقه 1,پزشکی - نیمسال دوم,دانشگاه علوم پزشکی اصفهان
1396,تجربی,576,249,منطقه 2,پزشکی - نیمسال دوم,دانشگاه علوم پزشکی اصفهان
1396,تجربی,578,189,منطقه 1,پزشکی - نیمسال اول,دانشگاه علوم پزشکی شیراز
1396,تجربی,581,251,منطقه 2,پزشکی,دانشگاه علوم پزشکی ایران
1396,تجربی,581,251,منطقه 2,پزشکی,دانشگاه علوم پزشکی بابل
1396,تجربی,583,63,منطقه 3,دندانپزشکی,دانشگاه علوم پزشکی تهران
1396,تجربی,584,253,منطقه 2,پزشکی,دانشگاه علوم پزشکی یزد
1396,تجربی,585,191,منطقه 1,پزشکی - نیسال اول,دانشگاه علوم پزشکی تبریز
1396,تجربی,587,254,منطقه 2,پزشکی,دانشگاه علوم پزشکی ایران
1396,تجربی,588,64,منطقه 3,پزشکی - نیسال اول,دانشگاه علوم پزشکی تبریز
1396,تجربی,589,65,منطقه 3,پزشکی,دانشگاه علوم پزشکی کرمانشاه
1396,تجربی,591,255,منطقه 2,پزشکی - نیسال اول,دانشگاه علوم پزشکی تبریز
1396,تجربی,594,195,منطقه 1,پزشکی - نیسال اول,دانشگاه علوم پزشکی تبریز
1396,تجربی,596,257,منطقه 2,دندانپزشکی - نیمسال دوم,دانشگاه علوم پزشکی شهید بهشتی - تهران
1396,تجربی,597,258,منطقه 2,پزشکی - نیمسال اول,دانشگاه علوم پزشکی مشهد
1396,تجربی,599,68,ایثارگر-5%,پزشکی - نیمسال دوم,دانشگاه علوم پزشکی مشهد
1396,تجربی,600,66,منطقه 3,پزشکی - نیسال اول,دانشگاه علوم پزشکی تبریز
1396,تجربی,602,197,منطقه 1,پزشکی - نیمسال اول,دانشگاه علوم پزشکی البرز - کرج
1396,تجربی,602,260,منطقه 2,پزشکی - نیمسال اول,دانشگاه علوم پزشکی شهید بهشتی - تهران
1396,تجربی,604,198,منطقه 1,پزشکی - نیمسال اول,دانشگاه علوم پزشکی مشهد
1396,تجربی,605,199,منطقه 1,پزشکی - نیمسال دوم,دانشگاه علوم پزشکی شیراز
1396,تجربی,605,261,منطقه 2,پزشکی - نیسال اول,دانشگاه علوم پزشکی تبریز
1396,تجربی,607,262,منطقه 2,پزشکی,دانشگاه علوم پزشکی بابل
1396,تجربی,609,263,منطقه 2,پزشکی,دانشگاه علوم پزشکی ایران
1396,تجربی,610,264,منطقه 2,پزشکی - نیسال اول,دانشگاه علوم پزشکی تبریز
1396,تجربی,611,265,منطقه 2,دندانپزشکی,دانشگاه علوم پزشکی تهران
1396,تجربی,612,67,منطقه 3,پزشکی,دانشگاه علوم پزشکی تهران
1396,تجربی,614,201,منطقه 1,پزشکی,دانشگاه علوم پزشکی یزد
1396,تجربی,614,201,منطقه 1,پزشکی - نیمسال دوم,دانشگاه علوم پزشکی مشهد
1396,تجربی,617,70,ایثارگر-5%,پزشکی - نیمسال دوم,دانشگاه علوم پزشکی اصفهان
1396,تجربی,617,203,منطقه 1,پزشکی - نیمسال اول,دانشگاه علوم پزشکی اصفهان
1396,تجربی,620,266,منطقه 2,پزشکی - نیمسال دوم,دانشگاه علوم پزشکی مشهد
1396,تجربی,621,205,منطقه 1,پزشکی,دانشگاه علوم پزشکی ایران
1396,تجربی,621,267,منطقه 2,پزشکی - نیمسال اول,دانشگاه علوم پزشکی شیراز
1396,تجربی,625,69,منطقه 3,پزشکی - نیمسال اول,دانشگاه علوم پزشکی شیراز
1396,تجربی,625,71,ایثارگر-5%,پزشکی - نیمسال دوم,دانشگاه علوم پزشکی مشهد
1396,تجربی,625,206,منطقه 1,دندانپزشکی,دانشگاه علوم پزشکی تبریز
1396,تجربی,625,206,منطقه 1,دندانپزشکی,دانشگاه علوم پزشکی مشهد
1396,تجربی,625,268,منطقه 2,پزشکی,دانشگاه علوم پزشکی ایران
1396,تجربی,628,269,منطقه 2,دندانپزشکی,دانشگاه علوم پزشکی همدان
1396,تجربی,628,269,منطقه 2,پزشکی - نیمسال اول,دانشگاه علوم پزشکی لرستان - خرم آباد
1396,تجربی,630,208,منطقه 1,پزشکی - نیمسال اول,دانشگاه علوم پزشکی البرز - کرج
1396,تجربی,632,210,منطقه 1,پزشکی - نیسال اول,دانشگاه علوم پزشکی تبریز
1396,تجربی,633,271,منطقه 2,پزشکی,دانشگاه علوم پزشکی ایران
1396,تجربی,635,272,منطقه 2,پزشکی - نیمسال اول,دانشگاه علوم پزشکی جندی شاپور اهواز
1396,تجربی,636,273,منطقه 2,دندانپزشکی,دانشگاه علوم پزشکی تهران
1396,تجربی,639,13,ایثارگر-25%,پزشکی,دانشگاه علوم پزشکی تهران
1396,تجربی,641,274,منطقه 2,پزشکی - نیمسال دوم,دانشگاه علوم پزشکی اصفهان
1396,تجربی,644,70,منطقه 3,پزشکی - نیمسال اول,دانشگاه علوم پزشکی شیراز
1396,تجربی,644,275,منطقه 2,پزشکی,دانشگاه علوم پزشکی ایران
1396,تجربی,648,278,منطقه 2,پزشکی - نیمسال دوم,دانشگاه علوم پزشکی اصفهان
1396,تجربی,650,279,منطقه 2,دندانپزشکی,دانشگاه علوم پزشکی تهران
1396,تجربی,652,213,منطقه 1,پزشکی - نیمسال دوم,دانشگاه علوم پزشکی اصفهان
1396,تجربی,653,281,منطقه 2,پزشکی,دانشگاه علوم پزشکی ایران
1396,تجربی,654,282,منطقه 2,پزشکی - نیمسال دوم,دانشگاه علوم پزشکی مشهد
1396,تجربی,656,284,منطقه 2,دندانپزشکی,دانشگاه علوم پزشکی شیراز
1396,تجربی,658,286,منطقه 2,پزشکی,دانشگاه علوم پزشکی ایران
1396,تجربی,660,215,منطقه 1,پزشکی - نیسال اول,دانشگاه علوم پزشکی تبریز
1396,تجربی,661,216,منطقه 1,پزشکی - نیسال اول,دانشگاه علوم پزشکی تبریز
1396,تجربی,664,71,منطقه 3,پزشکی - نیسال اول,دانشگاه علوم پزشکی تبریز
1396,تجربی,667,78,ایثارگر-5%,پزشکی - نیمسال دوم,دانشگاه علوم پزشکی تبریز
1396,تجربی,668,288,منطقه 2,پزشکی,دانشگاه علوم پزشکی بابل
1396,تجربی,671,290,منطقه 2,پزشکی - نیمسال دوم,دانشگاه علوم پزشکی شیراز
1396,تجربی,672,220,منطقه 1,پزشکی - نیمسال اول,دانشگاه علوم پزشکی اصفهان
1396,تجربی,673,291,منطقه 2,پزشکی,دانشگاه علوم پزشکی ایران
1396,تجربی,675,72,منطقه 3,پزشکی - نیمسال دوم,دانشگاه علوم پزشکی تبریز
1396,تجربی,675,292,منطقه 2,دندانپزشکی,دانشگاه شاهد - تهران(رشته های پزشکی)
1396,تجربی,675,292,منطقه 2,پزشکی - نیمسال دوم,دانشگاه علوم پزشکی شیراز
1396,تجربی,678,73,منطقه 3,پزشکی - نیمسال دوم,دانشگاه علوم پزشکی مشهد
1396,تجربی,678,221,منطقه 1,دندانپزشکی,دانشگاه علوم پزشکی شیراز
1396,تجربی,678,294,منطقه 2,پزشکی,دانشگاه علوم پزشکی ایران
1396,تجربی,682,224,منطقه 1,پزشکی - نیسال اول,دانشگاه علوم پزشکی تبریز
1396,تجربی,682,224,منطقه 1,پزشکی - نیمسال دوم,دانشگاه علوم پزشکی مشهد
1396,تجربی,685,295,منطقه 2,دندانپزشکی,دانشگاه علوم پزشکی شیراز
1396,تجربی,686,296,منطقه 2,پزشکی - نیمسال اول,دانشگاه علوم پزشکی شهید بهشتی - تهران
1396,تجربی,687,226,منطقه 1,پزشکی - نیمسال دوم,دانشگاه علوم پزشکی اصفهان
1396,تجربی,687,297,منطقه 2,پزشکی - نیمسال اول,دانشگاه علوم پزشکی شهید بهشتی - تهران
1396,تجربی,690,79,ایثارگر-5%,پزشکی,دانشگاه علوم پزشکی ایران
1396,تجربی,690,227,منطقه 1,پزشکی,دانشگاه علوم پزشکی ایران
1396,تجربی,690,227,منطقه 1,پزشکی - نیمسال دوم,دانشگاه علوم پزشکی اصفهان
1396,تجربی,693,299,منطقه 2,دندانپزشکی,دانشگاه علوم پزشکی بابل
1396,تجربی,695,229,منطقه 1,دندانپزشکی,دانشگاه علوم پزشکی شیراز
1396,تجربی,695,300,منطقه 2,پزشکی - نیمسال دوم,دانشگاه علوم پزشکی تبریز
1396,تجربی,698,75,منطقه 3,پزشکی - نیمسال دوم,دانشگاه علوم پزشکی تبریز
1396,تجربی,698,231,منطقه 1,پزشکی - نیمسال دوم,دانشگاه علوم پزشکی اصفهان
1396,تجربی,698,301,منطقه 2,پزشکی - نیمسال دوم,دانشگاه علوم پزشکی شهید بهشتی - تهران
1396,تجربی,701,303,منطقه 2,پزشکی,دانشگاه علوم پزشکی ایران
1396,تجربی,703,80,ایثارگر-5%,دندانپزشکی,دانشگاه علوم پزشکی شیراز
1396,تجربی,703,304,منطقه 2,پزشکی,دانشگاه علوم پزشکی بابل
1396,تجربی,706,305,منطقه 2,پزشکی,دانشگاه علوم پزشکی ایران
1396,تجربی,708,233,منطقه 1,پزشکی - نیمسال دوم,دانشگاه علوم پزشکی مشهد
1396,تجربی,708,306,منطقه 2,پزشکی,دانشگاه علوم پزشکی بابل
1396,تجربی,708,306,منطقه 2,پزشکی - نیمسال دوم,دانشگاه علوم پزشکی مشهد
1396,تجربی,711,308,منطقه 2,پزشکی - نیمسال دوم,دانشگاه علوم پزشکی شیراز
1396,تجربی,712,309,منطقه 2,پزشکی - نیمسال اول,دانشگاه علوم پزشکی شیراز
1396,تجربی,713,77,منطقه 3,دندانپزشکی,دانشگاه علوم پزشکی تبریز
1396,تجربی,715,311,منطقه 2,پزشکی - نیمسال دوم,دانشگاه علوم پزشکی مشهد
1396,تجربی,716,312,منطقه 2,پزشکی,دانشگاه علوم پزشکی بابل
1396,تجربی,716,312,منطقه 2,پزشکی - نیمسال دوم,دانشگاه علوم پزشکی اصفهان
1396,تجربی,720,314,منطقه 2,پزشکی,دانشگاه علوم پزشکی ایران
1396,تجربی,720,314,منطقه 2,پزشکی - نیمسال دوم,دانشگاه علوم پزشکی مشهد
1396,تجربی,722,316,منطقه 2,پزشکی,دانشگاه علوم پزشکی ایران
1396,تجربی,724,317,منطقه 2,پزشکی,دانشگاه علوم پزشکی ایران
1396,تجربی,726,318,منطقه 2,پزشکی - نیمسال دوم,دانشگاه علوم پزشکی مشهد
1396,تجربی,727,319,منطقه 2,پزشکی - نیمسال اول,دانشگاه علوم پزشکی همدان
1396,تجربی,728,320,منطقه 2,پزشکی - نیمسال اول,دانشگاه علوم پزشکی جندی شاپور اهواز
1396,تجربی,728,320,منطقه 2,پزشکی - نیمسال اول,دانشگاه علوم پزشکی گیلان - رشت
1396,تجربی,730,322,منطقه 2,دندانپزشکی - نیمسال دوم,دانشگاه علوم پزشکی شهید بهشتی - تهران
1396,تجربی,732,324,منطقه 2,پزشکی - نیمسال اول,دانشگاه علوم پزشکی شیراز
1396,تجربی,732,324,منطقه 2,پزشکی - نیمسال دوم,دانشگاه علوم پزشکی شهید بهشتی - تهران
1396,تجربی,734,83,ایثارگر-5%,پزشکی,دانشگاه علوم پزشکی ایران
1396,تجربی,734,326,منطقه 2,پزشکی,دانشگاه علوم پزشکی بابل
1396,تجربی,736,84,ایثارگر-5%,دندانپزشکی - نیمسال اول,دانشگاه علوم پزشکی شهید بهشتی - تهران
1396,تجربی,737,327,منطقه 2,پزشکی - نیمسال دوم,دانشگاه علوم پزشکی شهید بهشتی - تهران
1396,تجربی,739,238,منطقه 1,دندانپزشکی,دانشگاه علوم پزشکی اصفهان
1396,تجربی,739,328,منطقه 2,پزشکی,دانشگاه علوم پزشکی بوشهر
1396,تجربی,741,329,منطقه 2,پزشکی,دانشگاه علوم پزشکی ایران
1396,تجربی,741,329,منطقه 2,پزشکی - نیمسال اول,دانشگاه علوم پزشکی شیراز
1396,تجربی,743,85,ایثارگر-5%,پزشکی - نیمسال دوم,دانشگاه علوم پزشکی شیراز
1396,تجربی,746,240,منطقه 1,پزشکی - نیمسال دوم,دانشگاه علوم پزشکی مشهد
1396,تجربی,746,331,منطقه 2,دندانپزشکی,دانشگاه علوم پزشکی بابل
1396,تجربی,748,332,منطقه 2,دندانپزشکی,دانشگاه علوم پزشکی مشهد
1396,تجربی,748,332,منطقه 2,پزشکی,دانشگاه علوم پزشکی کرمانشاه
1396,تجربی,750,86,ایثارگر-5%,پزشکی - نیمسال اول,دانشگاه علوم پزشکی شیراز
1396,تجربی,751,334,منطقه 2,پزشکی,دانشگاه علوم پزشکی ایران
1396,تجربی,752,335,منطقه 2,پزشکی,دانشگاه علوم پزشکی ایران
1396,تجربی,756,337,منطقه 2,پزشکی,دانشگاه علوم پزشکی ایران
1396,تجربی,762,244,منطقه 1,پزشکی - نیمسال اول,دانشگاه علوم پزشکی اصفهان
1396,تجربی,762,341,منطقه 2,دندانپزشکی,دانشگاه علوم پزشکی تهران
1396,تجربی,764,342,منطقه 2,پزشکی - نیمسال اول,دانشگاه علوم پزشکی مازندران - ساری
1396,تجربی,764,342,منطقه 2,پزشکی - نیمسال اول,دانشگاه علوم پزشکی همدان
1396,تجربی,766,245,منطقه 1,پزشکی - نیمسال دوم,دانشگاه علوم پزشکی شهید بهشتی - تهران
1396,تجربی,767,344,منطقه 2,پزشکی - نیمسال اول,دانشگاه علوم پزشکی مازندران - ساری
1396,تجربی,769,345,منطقه 2,پزشکی - نیمسال دوم,دانشگاه علوم پزشکی اصفهان
1396,تجربی,770,246,منطقه 1,پزشکی,دانشگاه علوم پزشکی فسا
1396,تجربی,771,346,منطقه 2,دندانپزشکی - نیمسال دوم,دانشگاه علوم پزشکی شهید بهشتی - تهران
1396,تجربی,773,347,منطقه 2,پزشکی,دانشگاه علوم پزشکی یزد
1396,تجربی,776,249,منطقه 1,پزشکی - نیمسال اول,دانشگاه علوم پزشکی مشهد
1396,تجربی,783,81,منطقه 3,پزشکی - نیسال اول,دانشگاه علوم پزشکی تبریز
1396,تجربی,783,349,منطقه 2,پزشکی - نیمسال دوم,دانشگاه علوم پزشکی مشهد
1396,تجربی,785,82,منطقه 3,پزشکی - نیمسال اول,دانشگاه علوم پزشکی اصفهان
1396,تجربی,787,253,منطقه 1,پزشکی,دانشگاه علوم پزشکی ایران
1396,تجربی,788,351,منطقه 2,دندانپزشکی,دانشگاه علوم پزشکی تهران
1396,تجربی,789,352,منطقه 2,پزشکی - نیمسال دوم,دانشگاه علوم پزشکی مشهد
1396,تجربی,790,254,منطقه 1,پزشکی - نیمسال اول,دانشگاه علوم پزشکی مشهد
1396,تجربی,790,353,منطقه 2,پزشکی - نیمسال اول,دانشگاه علوم پزشکی شیراز
1396,تجربی,792,354,منطقه 2,پزشکی - نیمسال دوم,دانشگاه علوم پزشکی شهید بهشتی - تهران
1396,تجربی,794,355,منطقه 2,پزشکی - نیمسال اول,دانشگاه علوم پزشکی اصفهان
1396,تجربی,796,84,منطقه 3,دندانپزشکی - نیمسال دوم,دانشگاه علوم پزشکی شهید بهشتی - تهران
1396,تجربی,798,357,منطقه 2,دندانپزشکی,دانشگاه علوم پزشکی اصفهان
1396,تجربی,798,357,منطقه 2,پزشکی,دانشگاه علوم پزشکی قم
1396,تجربی,800,85,منطقه 3,پزشکی,دانشگاه علوم پزشکی ایران
1396,تجربی,803,256,منطقه 1,پزشکی,دانشگاه علوم پزشکی ایران
1396,تجربی,805,258,منطقه 1,پزشکی - نیمسال اول,دانشگاه علوم پزشکی البرز - کرج
1396,تجربی,805,360,منطقه 2,پزشکی - نیمسال اول,دانشگاه علوم پزشکی جندی شاپور اهواز
1396,تجربی,810,91,ایثارگر-5%,پزشکی - نیمسال اول,دانشگاه علوم پزشکی شیراز
1396,تجربی,812,363,منطقه 2,دندانپزشکی,دانشگاه علوم پزشکی اصفهان
1396,تجربی,813,364,منطقه 2,پزشکی,دانشگاه علوم پزشکی ایران
1396,تجربی,816,365,منطقه 2,پزشکی - نیمسال دوم,دانشگاه علوم پزشکی اصفهان
1396,تجربی,817,260,منطقه 1,پزشکی - نیمسال اول,دانشگاه علوم پزشکی مشهد
1396,تجربی,818,86,منطقه 3,پزشکی - نیمسال دوم,دانشگاه علوم پزشکی تبریز
1396,تجربی,818,366,منطقه 2,پزشکی - نیمسال اول,دانشگاه علوم پزشکی مازندران - ساری
1396,تجربی,820,367,منطقه 2,پزشکی - نیمسال اول,دانشگاه علوم پزشکی همدان
1396,تجربی,821,368,منطقه 2,دندانپزشکی,دانشگاه علوم پزشکی اصفهان
1396,تجربی,822,369,منطقه 2,دندانپزشکی,دانشگاه علوم پزشکی گیلان - رشت
1396,تجربی,824,87,منطقه 3,پزشکی,دانشگاه علوم پزشکی تهران
1396,تجربی,826,371,منطقه 2,داروسازی,دانشگاه علوم پزشکی تهران
1396,تجربی,828,88,منطقه 3,پزشکی - نیمسال دوم,دانشگاه علوم پزشکی تبریز
1396,تجربی,828,372,منطقه 2,دندانپزشکی,دانشگاه علوم پزشکی اصفهان
1396,تجربی,832,373,منطقه 2,پزشکی,دانشگاه علوم پزشکی ایران
1396,تجربی,834,374,منطقه 2,پزشکی - نیمسال اول,دانشگاه علوم پزشکی مازندران - ساری
1396,تجربی,835,375,منطقه 2,پزشکی,دانشگاه علوم پزشکی بابل
1396,تجربی,836,376,منطقه 2,پزشکی - نیمسال اول,دانشگاه علوم پزشکی مشهد
1396,تجربی,836,376,منطقه 2,پزشکی - نیمسال اول,دانشگاه علوم پزشکی کرمان
1396,تجربی,838,378,منطقه 2,پزشکی - نیمسال اول,دانشگاه علوم پزشکی اصفهان
1396,تجربی,841,89,منطقه 3,پزشکی - نیمسال دوم,دانشگاه علوم پزشکی شیراز
1396,تجربی,842,96,ایثارگر-5%,دندانپزشکی - نیمسال دوم,دانشگاه علوم پزشکی شهید بهشتی - تهران
1396,تجربی,842,96,ایثارگر-5%,پزشکی - نیمسال اول,دانشگاه علوم پزشکی مشهد
1396,تجربی,844,266,منطقه 1,پزشکی - نیمسال دوم,دانشگاه علوم پزشکی تبریز
1396,تجربی,847,379,منطقه 2,پزشکی - نیمسال اول,دانشگاه علوم پزشکی شاهرود
1396,تجربی,849,90,منطقه 3,پزشکی - نیمسال اول,دانشگاه علوم پزشکی مشهد
1396,تجربی,849,268,منطقه 1,داروسازی,دانشگاه علوم پزشکی تهران
1396,تجربی,851,381,منطقه 2,پزشکی - نیمسال اول,دانشگاه علوم پزشکی کرمان
1396,تجربی,852,382,منطقه 2,پزشکی,دانشگاه علوم پزشکی ایران
1396,تجربی,856,384,منطقه 2,پزشکی,دانشگاه علوم پزشکی بابل
1396,تجربی,856,384,منطقه 2,پزشکی - نیمسال اول,دانشگاه علوم پزشکی گیلان - رشت
1396,تجربی,861,101,ایثارگر-5%,پزشکی - نیمسال اول,دانشگاه علوم پزشکی مشهد
1396,تجربی,861,386,منطقه 2,پزشکی - نیمسال دوم,دانشگاه علوم پزشکی تبریز
1396,تجربی,863,387,منطقه 2,پزشکی - نیمسال اول,دانشگاه علوم پزشکی مشهد
1396,تجربی,865,102,ایثارگر-5%,دندانپزشکی,دانشگاه علوم پزشکی شیراز
1396,تجربی,867,91,منطقه 3,پزشکی,دانشگاه علوم پزشکی ایران
1396,تجربی,868,273,منطقه 1,دندانپزشکی,دانشگاه علوم پزشکی شیراز
1396,تجربی,871,275,منطقه 1,پزشکی - نیمسال اول,دانشگاه علوم پزشکی مازندران - ساری
1396,تجربی,871,388,منطقه 2,دندانپزشکی,دانشگاه علوم پزشکی مازندران - ساری
1396,تجربی,871,388,منطقه 2,پزشکی,دانشگاه علوم پزشکی ایران
1396,تجربی,875,92,منطقه 3,پزشکی - نیمسال اول,دانشگاه علوم پزشکی گیلان - رشت
1396,تجربی,875,390,منطقه 2,پزشکی,دانشگاه علوم پزشکی ایران
1396,تجربی,875,390,منطقه 2,پزشکی - نیمسال اول,دانشگاه علوم پزشکی کردستان - سنندج
1396,تجربی,877,277,منطقه 1,پزشکی - نیمسال اول,دانشگاه علوم پزشکی مشهد
1396,تجربی,877,392,منطقه 2,پزشکی - نیمسال اول,دانشگاه علوم پزشکی گیلان - رشت
1396,تجربی,879,104,ایثارگر-5%,پزشکی,دانشگاه علوم پزشکی کرمانشاه
1396,تجربی,883,105,ایثارگر-5%,پزشکی,دانشگاه علوم پزشکی گلستان - گرگان
1396,تجربی,883,105,ایثارگر-5%,پزشکی,دانشگاه علوم پزشکی یزد
1396,تجربی,883,279,منطقه 1,دندانپزشکی,دانشگاه علوم پزشکی اصفهان
1396,تجربی,883,393,منطقه 2,پزشکی - نیمسال اول,دانشگاه علوم پزشکی جندی شاپور اهواز
1396,تجربی,883,393,منطقه 2,پزشکی - نیمسال دوم,دانشگاه علوم پزشکی تبریز
1396,تجربی,887,15,ایثارگر-25%,دندانپزشکی,دانشگاه علوم پزشکی شیراز
1396,تجربی,887,281,منطقه 1,پزشکی - نیسال اول,دانشگاه علوم پزشکی تبریز
1396,تجربی,889,93,منطقه 3,پزشکی - نیمسال اول,دانشگاه علوم پزشکی شیراز
1396,تجربی,889,395,منطقه 2,پزشکی,دانشگاه علوم پزشکی بابل
1396,تجربی,891,282,منطقه 1,پزشکی,دانشگاه علوم پزشکی ایران
1396,تجربی,892,283,منطقه 1,دندانپزشکی,دانشگاه علوم پزشکی مشهد
1396,تجربی,894,284,منطقه 1,پزشکی - نیمسال اول,دانشگاه علوم پزشکی اصفهان
1396,تجربی,894,396,منطقه 2,پزشکی,دانشگاه علوم پزشکی ایران
1396,تجربی,896,108,ایثارگر-5%,پزشکی - نیمسال دوم,دانشگاه علوم پزشکی شیراز
1396,تجربی,896,285,منطقه 1,پزشکی,دانشگاه علوم پزشکی فسا
1396,تجربی,898,397,منطقه 2,پزشکی,دانشگاه علوم پزشکی کاشان
1396,تجربی,898,397,منطقه 2,پزشکی - نیمسال اول,دانشگاه علوم پزشکی گیلان - رشت
1396,تجربی,900,94,منطقه 3,پزشکی,دانشگاه علوم پزشکی تهران
1396,تجربی,901,399,منطقه 2,پزشکی - نیمسال اول,دانشگاه علوم پزشکی گیلان - رشت
1396,تجربی,902,109,ایثارگر-5%,پزشکی,دانشگاه علوم پزشکی یزد
1396,تجربی,902,400,منطقه 2,پزشکی - نیمسال دوم,دانشگاه علوم پزشکی تبریز
1396,تجربی,904,401,منطقه 2,دندانپزشکی,دانشگاه علوم پزشکی شیراز
1396,تجربی,907,95,منطقه 3,پزشکی,دانشگاه علوم پزشکی کرمانشاه
1396,تجربی,907,402,منطقه 2,پزشکی - نیمسال دوم,دانشگاه علوم پزشکی تبریز
1396,تجربی,909,287,منطقه 1,پزشکی - نیمسال دوم,دانشگاه علوم پزشکی اصفهان
1396,تجربی,910,111,ایثارگر-5%,پزشکی,دانشگاه علوم پزشکی ایران
1396,تجربی,912,288,منطقه 1,دندانپزشکی,دانشگاه علوم پزشکی شیراز
1396,تجربی,912,404,منطقه 2,پزشکی - نیسال اول,دانشگاه علوم پزشکی تبریز
1396,تجربی,914,96,منطقه 3,پزشکی - نیمسال اول,دانشگاه علوم پزشکی شیراز
1396,تجربی,916,405,منطقه 2,پزشکی,دانشگاه علوم پزشکی بابل
1396,تجربی,918,406,منطقه 2,دندانپزشکی,دانشگاه علوم پزشکی گیلان - رشت
1396,تجربی,918,406,منطقه 2,پزشکی - نیمسال اول,دانشگاه علوم پزشکی همدان
1396,تجربی,920,289,منطقه 1,پزشکی - نیسال اول,دانشگاه علوم پزشکی تبریز
1396,تجربی,920,408,منطقه 2,دندانپزشکی,دانشگاه علوم پزشکی اصفهان
1396,تجربی,923,97,منطقه 3,دندانپزشکی,دانشگاه علوم پزشکی تبریز
1396,تجربی,923,114,ایثارگر-5%,پزشکی,دانشگاه علوم پزشکی ایران
1396,تجربی,923,409,منطقه 2,پزشکی - نیمسال اول,دانشگاه علوم پزشکی مازندران - ساری
1396,تجربی,926,98,منطقه 3,پزشکی - نیمسال دوم,دانشگاه علوم پزشکی تبریز
1396,تجربی,926,410,منطقه 2,پزشکی,دانشگاه علوم پزشکی ایران
1396,تجربی,926,410,منطقه 2,پزشکی - نیمسال اول,دانشگاه علوم پزشکی مازندران - ساری
1396,تجربی,928,99,منطقه 3,پزشکی,دانشگاه علوم پزشکی کرمانشاه
1396,تجربی,931,100,منطقه 3,پزشکی,دانشگاه علوم پزشکی ایران
1396,تجربی,931,292,منطقه 1,دندانپزشکی,دانشگاه علوم پزشکی شیراز
1396,تجربی,931,292,منطقه 1,پزشکی,دانشگاه علوم پزشکی ایران
1396,تجربی,935,16,ایثارگر-25%,پزشکی - نیمسال اول,دانشگاه علوم پزشکی اصفهان
1396,تجربی,935,294,منطقه 1,دندانپزشکی,دانشگاه علوم پزشکی اصفهان
1396,تجربی,935,294,منطقه 1,دندانپزشکی,دانشگاه علوم پزشکی تبریز
1396,تجربی,937,412,منطقه 2,پزشکی,دانشگاه علوم پزشکی یزد
1396,تجربی,937,412,منطقه 2,پزشکی - نیمسال اول,دانشگاه علوم پزشکی کردستان - سنندج
1396,تجربی,939,101,منطقه 3,پزشکی,دانشگاه علوم پزشکی ایران
1396,تجربی,941,414,منطقه 2,پزشکی,دانشگاه علوم پزشکی یزد
1396,تجربی,942,102,منطقه 3,پزشکی - نیمسال اول,دانشگاه علوم پزشکی مشهد
1396,تجربی,944,415,منطقه 2,دندانپزشکی,دانشگاه علوم پزشکی البرز - کرج
1396,تجربی,944,415,منطقه 2,پزشکی - نیمسال اول,دانشگاه علوم پزشکی شیراز
1396,تجربی,946,297,منطقه 1,دندانپزشکی,دانشگاه علوم پزشکی تبریز
1396,تجربی,946,417,منطقه 2,پزشکی,دانشگاه علوم پزشکی ایران
1396,تجربی,948,418,منطقه 2,داروسازی,دانشگاه علوم پزشکی تهران
1396,تجربی,948,418,منطقه 2,پزشکی - نیسال اول,دانشگاه علوم پزشکی تبریز
1396,تجربی,951,103,منطقه 3,پزشکی - نیمسال دوم,دانشگاه علوم پزشکی مشهد
1396,تجربی,952,420,منطقه 2,پزشکی - نیمسال دوم,دانشگاه علوم پزشکی گیلان - رشت
1396,تجربی,953,117,ایثارگر-5%,دندانپزشکی,دانشگاه علوم پزشکی تبریز
1396,تجربی,953,421,منطقه 2,پزشکی - نیمسال اول,دانشگاه علوم پزشکی شیراز
1396,تجربی,955,422,منطقه 2,دندانپزشکی - نیمسال دوم,دانشگاه علوم پزشکی شهید بهشتی - تهران
1396,تجربی,957,423,منطقه 2,پزشکی - نیمسال اول,دانشگاه علوم پزشکی مازندران - ساری
1396,تجربی,959,424,منطقه 2,پزشکی - نیمسال اول,دانشگاه علوم پزشکی شیراز
1396,تجربی,960,118,ایثارگر-5%,دندانپزشکی,دانشگاه علوم پزشکی شیراز
1396,تجربی,962,425,منطقه 2,پزشکی - نیمسال اول,دانشگاه علوم پزشکی مازندران - ساری
1396,تجربی,964,426,منطقه 2,پزشکی - نیمسال اول,دانشگاه علوم پزشکی جندی شاپور اهواز
1396,تجربی,966,428,منطقه 2,دندانپزشکی,دانشگاه علوم پزشکی شیراز
1396,تجربی,969,302,منطقه 1,پزشکی - نیمسال اول,دانشگاه علوم پزشکی اصفهان
1396,تجربی,972,305,منطقه 1,پزشکی - نیمسال اول,دانشگاه علوم پزشکی گیلان - رشت
1396,تجربی,974,431,منطقه 2,پزشکی,دانشگاه علوم پزشکی بابل
1396,تجربی,975,104,منطقه 3,دندانپزشکی,دانشگاه علوم پزشکی کرمان
1396,تجربی,979,434,منطقه 2,پزشکی - نیمسال اول,دانشگاه علوم پزشکی گیلان - رشت
1396,تجربی,981,435,منطقه 2,پزشکی - نیمسال اول,دانشگاه علوم پزشکی سمنان
1396,تجربی,981,435,منطقه 2,پزشکی - نیمسال دوم,دانشگاه علوم پزشکی تبریز
1396,تجربی,983,437,منطقه 2,پزشکی - نیمسال اول,دانشگاه علوم پزشکی همدان
1396,تجربی,985,105,منطقه 3,پزشکی - نیمسال اول,دانشگاه علوم پزشکی اصفهان
1396,تجربی,985,438,منطقه 2,پزشکی - نیمسال اول,دانشگاه علوم پزشکی شیراز
1396,تجربی,987,121,ایثارگر-5%,پزشکی - نیمسال دوم,دانشگاه علوم پزشکی تبریز
1396,تجربی,991,309,منطقه 1,پزشکی - نیمسال اول,دانشگاه علوم پزشکی کرمان
1396,تجربی,991,439,منطقه 2,پزشکی - نیمسال اول,دانشگاه علوم پزشکی ارومیه
1396,تجربی,995,123,ایثارگر-5%,پزشکی,دانشگاه علوم پزشکی یزد
1396,تجربی,995,311,منطقه 1,پزشکی,دانشگاه علوم پزشکی یزد
1396,تجربی,998,312,منطقه 1,پزشکی - نیمسال اول,دانشگاه علوم پزشکی البرز - کرج
1396,تجربی,1000,313,منطقه 1,پزشکی,دانشگاه علوم پزشکی یزد
1396,تجربی,1000,442,منطقه 2,پزشکی - نیمسال اول,دانشگاه علوم پزشکی گیلان - رشت
1396,تجربی,1004,106,منطقه 3,پزشکی - نیمسال دوم,دانشگاه علوم پزشکی شیراز
1396,تجربی,1004,315,منطقه 1,پزشکی,دانشگاه علوم پزشکی یزد
1396,تجربی,1004,443,منطقه 2,دندانپزشکی,دانشگاه علوم پزشکی اصفهان
1396,تجربی,1006,107,منطقه 3,پزشکی - نیمسال دوم,دانشگاه علوم پزشکی تبریز
1396,تجربی,1008,316,منطقه 1,داروسازی,دانشگاه علوم پزشکی اصفهان
1396,تجربی,1008,316,منطقه 1,دندانپزشکی,دانشگاه علوم پزشکی تبریز
1396,تجربی,1011,444,منطقه 2,دندانپزشکی,دانشگاه علوم پزشکی گیلان - رشت
1396,تجربی,1012,445,منطقه 2,پزشکی - نیمسال دوم,دانشگاه علوم پزشکی تبریز
1396,تجربی,1014,446,منطقه 2,پزشکی - نیمسال اول,دانشگاه علوم پزشکی البرز - کرج
1396,تجربی,1015,447,منطقه 2,پزشکی - نیسال اول,دانشگاه علوم پزشکی تبریز
1396,تجربی,1015,447,منطقه 2,پزشکی - نیمسال دوم,دانشگاه علوم پزشکی تبریز
1396,تجربی,1017,449,منطقه 2,پزشکی - نیمسال دوم,دانشگاه علوم پزشکی شیراز
1396,تجربی,1018,108,منطقه 3,پزشکی - نیمسال اول,دانشگاه علوم پزشکی همدان
1396,تجربی,1018,320,منطقه 1,دندانپزشکی,دانشگاه علوم پزشکی البرز - کرج
1396,تجربی,1021,109,منطقه 3,پزشکی - نیمسال اول,دانشگاه علوم پزشکی مازندران - ساری
1396,تجربی,1021,321,منطقه 1,دندانپزشکی,دانشگاه علوم پزشکی اصفهان
1396,تجربی,1024,450,منطقه 2,دندانپزشکی,دانشگاه علوم پزشکی بابل
1396,تجربی,1025,110,منطقه 3,پزشکی - نیمسال اول,دانشگاه علوم پزشکی کرمان
1396,تجربی,1025,110,منطقه 3,پزشکی - نیمسال دوم,دانشگاه علوم پزشکی تبریز
1396,تجربی,1028,452,منطقه 2,دندانپزشکی,دانشگاه علوم پزشکی گیلان - رشت
1396,تجربی,1030,453,منطقه 2,پزشکی,دانشگاه علوم پزشکی بابل
1396,تجربی,1032,323,منطقه 1,پزشکی - نیمسال دوم,دانشگاه علوم پزشکی تبریز
1396,تجربی,1032,454,منطقه 2,پزشکی - نیمسال اول,دانشگاه علوم پزشکی گیلان - رشت
1396,تجربی,1034,324,منطقه 1,پزشکی - نیمسال دوم,دانشگاه علوم پزشکی تبریز
1396,تجربی,1036,455,منطقه 2,پزشکی,دانشگاه علوم پزشکی یزد
1396,تجربی,1036,455,منطقه 2,پزشکی - نیمسال اول,دانشگاه علوم پزشکی ارومیه
1396,تجربی,1038,112,منطقه 3,پزشکی - نیمسال اول,دانشگاه علوم پزشکی ارومیه
1396,تجربی,1040,457,منطقه 2,دندانپزشکی,دانشگاه علوم پزشکی اصفهان
1396,تجربی,1041,129,ایثارگر-5%,دندانپزشکی,دانشگاه علوم پزشکی شیراز
1396,تجربی,1044,458,منطقه 2,دندانپزشکی,دانشگاه علوم پزشکی اصفهان
1396,تجربی,1044,458,منطقه 2,پزشکی - نیمسال دوم,دانشگاه علوم پزشکی شیراز
1396,تجربی,1047,130,ایثارگر-5%,پزشکی,دانشگاه علوم پزشکی بابل
1396,تجربی,1050,115,منطقه 3,پزشکی,دانشگاه علوم پزشکی تهران
1396,تجربی,1050,115,منطقه 3,پزشکی - نیسال اول,دانشگاه علوم پزشکی تبریز
1396,تجربی,1050,115,منطقه 3,پزشکی - نیمسال اول,دانشگاه علوم پزشکی مشهد
1396,تجربی,1052,330,منطقه 1,پزشکی,دانشگاه علوم پزشکی یزد
1396,تجربی,1054,331,منطقه 1,دندانپزشکی,دانشگاه علوم پزشکی اصفهان
1396,تجربی,1054,331,منطقه 1,دندانپزشکی - نیمسال اول,دانشگاه علوم پزشکی شهیدبهشتی تهران - پردیس خودگردان
1396,تجربی,1056,333,منطقه 1,داروسازی,دانشگاه علوم پزشکی تهران
1396,تجربی,1060,118,منطقه 3,پزشکی - نیمسال اول,دانشگاه علوم پزشکی گیلان - رشت
1396,تجربی,1060,462,منطقه 2,داروسازی,دانشگاه علوم پزشکی تهران
1396,تجربی,1060,462,منطقه 2,پزشکی - نیمسال اول,دانشگاه علوم پزشکی اراک
1396,تجربی,1064,119,منطقه 3,پزشکی - نیمسال دوم,دانشگاه علوم پزشکی مشهد
1396,تجربی,1064,334,منطقه 1,دندانپزشکی,دانشگاه علوم پزشکی شیراز
1396,تجربی,1067,336,منطقه 1,دندانپزشکی,دانشگاه علوم پزشکی اصفهان
1396,تجربی,1067,336,منطقه 1,دندانپزشکی,دانشگاه علوم پزشکی شیراز
1396,تجربی,1069,338,منطقه 1,دندانپزشکی,دانشگاه علوم پزشکی تبریز
1396,تجربی,1069,465,منطقه 2,پزشکی,دانشگاه علوم پزشکی بابل
1396,تجربی,1071,339,منطقه 1,پزشکی,دانشگاه علوم پزشکی کاشان
1396,تجربی,1072,466,منطقه 2,پزشکی,دانشگاه علوم پزشکی ایران
1396,تجربی,1074,340,منطقه 1,پزشکی - نیمسال دوم,دانشگاه علوم پزشکی شیراز
1396,تجربی,1074,467,منطقه 2,پزشکی,دانشگاه علوم پزشکی یزد
1396,تجربی,1077,132,ایثارگر-5%,پزشکی - نیمسال دوم,دانشگاه علوم پزشکی اصفهان
1396,تجربی,1077,469,منطقه 2,دندانپزشکی,دانشگاه علوم پزشکی گیلان - رشت
1396,تجربی,1081,470,منطقه 2,پزشکی - نیمسال اول,دانشگاه علوم پزشکی گیلان - رشت
1396,تجربی,1084,344,منطقه 1,پزشکی - نیمسال اول,دانشگاه علوم پزشکی البرز - کرج
1396,تجربی,1088,122,منطقه 3,پزشکی - نیمسال دوم,دانشگاه علوم پزشکی شیراز
1396,تجربی,1088,472,منطقه 2,پزشکی - نیمسال اول,دانشگاه علوم پزشکی ارومیه
1396,تجربی,1088,472,منطقه 2,پزشکی - نیمسال اول,دانشگاه علوم پزشکی مازندران - ساری
1396,تجربی,1088,472,منطقه 2,پزشکی - نیمسال اول,دانشگاه علوم پزشکی گیلان - رشت
1396,تجربی,1092,345,منطقه 1,پزشکی,دانشگاه شاهد - تهران(رشته های پزشکی)
1396,تجربی,1094,475,منطقه 2,پزشکی,دانشگاه علوم پزشکی بابل
1396,تجربی,1096,476,منطقه 2,پزشکی,دانشگاه علوم پزشکی کرمانشاه
1396,تجربی,1099,123,منطقه 3,پزشکی - نیمسال اول,دانشگاه علوم پزشکی ارومیه
1396,تجربی,1101,477,منطقه 2,داروسازی,دانشگاه علوم پزشکی تهران
1396,تجربی,1103,479,منطقه 2,پزشکی,دانشگاه علوم پزشکی قزوین
1396,تجربی,1103,479,منطقه 2,پزشکی - نیمسال دوم,دانشگاه علوم پزشکی اصفهان
1396,تجربی,1103,479,منطقه 2,پزشکی - نیمسال دوم,دانشگاه علوم پزشکی مشهد
1396,تجربی,1106,125,منطقه 3,پزشکی,دانشگاه علوم پزشکی کرمانشاه
1396,تجربی,1106,348,منطقه 1,پزشکی - نیمسال دوم,دانشگاه علوم پزشکی شیراز
1396,تجربی,1106,481,منطقه 2,پزشکی - نیمسال اول,دانشگاه علوم پزشکی همدان
1396,تجربی,1109,482,منطقه 2,پزشکی - نیمسال دوم,دانشگاه علوم پزشکی اصفهان
1396,تجربی,1111,137,ایثارگر-5%,پزشکی,دانشگاه علوم پزشکی یزد
1396,تجربی,1111,483,منطقه 2,پزشکی - نیمسال اول,دانشگاه علوم پزشکی اراک
1396,تجربی,1113,485,منطقه 2,پزشکی - نیمسال اول,دانشگاه علوم پزشکی مازندران - ساری
1396,تجربی,1113,485,منطقه 2,پزشکی - نیمسال اول,دانشگاه علوم پزشکی کرمان
1396,تجربی,1115,138,ایثارگر-5%,دندانپزشکی,دانشگاه علوم پزشکی مازندران - ساری
1396,تجربی,1118,126,منطقه 3,پزشکی - نیمسال دوم,دانشگاه علوم پزشکی شیراز
1396,تجربی,1118,488,منطقه 2,پزشکی - نیمسال اول,دانشگاه علوم پزشکی کردستان - سنندج
1396,تجربی,1121,127,منطقه 3,پزشکی - نیمسال اول,دانشگاه علوم پزشکی ارومیه
1396,تجربی,1123,489,منطقه 2,دندانپزشکی,دانشگاه علوم پزشکی قزوین
1396,تجربی,1125,128,منطقه 3,پزشکی - نیمسال دوم,دانشگاه علوم پزشکی شیراز
1396,تجربی,1125,128,منطقه 3,پزشکی - نیمسال دوم,دانشگاه علوم پزشکی مشهد
1396,تجربی,1125,490,منطقه 2,پزشکی - نیمسال اول,دانشگاه علوم پزشکی اراک
1396,تجربی,1128,491,منطقه 2,دندانپزشکی,دانشگاه علوم پزشکی مشهد
1396,تجربی,1130,130,منطقه 3,پزشکی,دانشگاه علوم پزشکی زنجان
1396,تجربی,1133,493,منطقه 2,داروسازی,دانشگاه علوم پزشکی تهران
1396,تجربی,1133,493,منطقه 2,پزشکی,دانشگاه علوم پزشکی ایران
1396,تجربی,1133,493,منطقه 2,پزشکی,دانشگاه علوم پزشکی قم
1396,تجربی,1133,493,منطقه 2,پزشکی - نیمسال دوم,دانشگاه علوم پزشکی اصفهان
1396,تجربی,1137,496,منطقه 2,پزشکی - نیمسال اول,دانشگاه علوم پزشکی گیلان - رشت
1396,تجربی,1138,497,منطقه 2,پزشکی,دانشگاه علوم پزشکی یزد
1396,تجربی,1138,497,منطقه 2,پزشکی - نیمسال اول,دانشگاه علوم پزشکی البرز - کرج
1396,تجربی,1141,358,منطقه 1,پزشکی - نیسال اول,دانشگاه علوم پزشکی تبریز
1396,تجربی,1141,358,منطقه 1,پزشکی - نیمسال دوم,دانشگاه علوم پزشکی اصفهان
1396,تجربی,1143,499,منطقه 2,پزشکی - نیمسال اول,دانشگاه علوم پزشکی البرز - کرج
1396,تجربی,1144,500,منطقه 2,پزشکی - نیمسال اول,دانشگاه علوم پزشکی کرمان
1396,تجربی,1146,502,منطقه 2,پزشکی - نیمسال اول,دانشگاه علوم پزشکی مازندران - ساری
1396,تجربی,1148,503,منطقه 2,دندانپزشکی,دانشگاه علوم پزشکی بیرجند
1396,تجربی,1150,131,منطقه 3,پزشکی - نیمسال اول,دانشگاه علوم پزشکی اصفهان
1396,تجربی,1150,362,منطقه 1,پزشکی - نیمسال دوم,دانشگاه علوم پزشکی مشهد
1396,تجربی,1155,132,منطقه 3,پزشکی - نیمسال اول,دانشگاه علوم پزشکی ارومیه
1396,تجربی,1155,365,منطقه 1,پزشکی - نیمسال دوم,دانشگاه علوم پزشکی اصفهان
1396,تجربی,1157,133,منطقه 3,پزشکی - نیمسال اول,دانشگاه علوم پزشکی ارومیه
1396,تجربی,1159,139,ایثارگر-5%,داروسازی,دانشگاه علوم پزشکی تهران
1396,تجربی,1159,366,منطقه 1,پزشکی,دانشگاه علوم پزشکی زنجان
1396,تجربی,1163,368,منطقه 1,دندانپزشکی,دانشگاه علوم پزشکی مشهد
1396,تجربی,1163,504,منطقه 2,پزشکی,دانشگاه علوم پزشکی فسا
1396,تجربی,1165,369,منطقه 1,دندانپزشکی,دانشگاه علوم پزشکی شیراز
1396,تجربی,1167,506,منطقه 2,دندانپزشکی,دانشگاه علوم پزشکی اصفهان
1396,تجربی,1167,506,منطقه 2,پزشکی - نیمسال اول,دانشگاه علوم پزشکی البرز - کرج
1396,تجربی,1167,506,منطقه 2,پزشکی - نیمسال دوم,دانشگاه علوم پزشکی مشهد
1396,تجربی,1169,370,منطقه 1,پزشکی - نیمسال اول,دانشگاه علوم پزشکی مازندران - ساری
1396,تجربی,1169,370,منطقه 1,پزشکی - نیمسال دوم,دانشگاه علوم پزشکی البرز - کرج
1396,تجربی,1171,134,منطقه 3,پزشکی - نیمسال دوم,دانشگاه علوم پزشکی اصفهان
1396,تجربی,1171,142,ایثارگر-5%,دندانپزشکی,دانشگاه علوم پزشکی تبریز
1396,تجربی,1173,372,منطقه 1,دندانپزشکی,دانشگاه علوم پزشکی تبریز
1396,تجربی,1174,373,منطقه 1,پزشکی - نیمسال دوم,دانشگاه علوم پزشکی اصفهان
1396,تجربی,1175,135,منطقه 3,پزشکی - نیمسال اول,دانشگاه علوم پزشکی شیراز
1396,تجربی,1179,137,منطقه 3,پزشکی - نیسال اول,دانشگاه علوم پزشکی تبریز
1396,تجربی,1179,137,منطقه 3,پزشکی - نیمسال اول,دانشگاه علوم پزشکی شیراز
1396,تجربی,1179,374,منطقه 1,پزشکی - نیمسال دوم,دانشگاه علوم پزشکی اصفهان
1396,تجربی,1179,508,منطقه 2,دندانپزشکی,دانشگاه علوم پزشکی تبریز
1396,تجربی,1182,509,منطقه 2,پزشکی,دانشگاه علوم پزشکی زنجان
1396,تجربی,1185,511,منطقه 2,پزشکی - نیمسال دوم,دانشگاه علوم پزشکی اصفهان
1396,تجربی,1185,511,منطقه 2,پزشکی - نیمسال دوم,دانشگاه علوم پزشکی مشهد
1396,تجربی,1187,143,ایثارگر-5%,دندانپزشکی,دانشگاه علوم پزشکی اصفهان
1396,تجربی,1189,513,منطقه 2,پزشکی,دانشگاه علوم پزشکی زنجان
1396,تجربی,1190,377,منطقه 1,پزشکی - نیمسال دوم,دانشگاه علوم پزشکی مشهد
1396,تجربی,1190,514,منطقه 2,داروسازی,دانشگاه علوم پزشکی تهران
1396,تجربی,1192,378,منطقه 1,دندانپزشکی,دانشگاه علوم پزشکی مشهد - پردیس خودگردان
1396,تجربی,1194,515,منطقه 2,پزشکی - نیمسال اول,دانشگاه علوم پزشکی کرمان
1396,تجربی,1196,145,ایثارگر-5%,پزشکی - نیمسال اول,دانشگاه علوم پزشکی جندی شاپور اهواز
1396,تجربی,1196,516,منطقه 2,پزشکی,دانشگاه علوم پزشکی بابل
1396,تجربی,1200,139,منطقه 3,پزشکی - نیسال اول,دانشگاه علوم پزشکی تبریز
1396,تجربی,1200,380,منطقه 1,پزشکی,دانشگاه علوم پزشکی یزد
1396,تجربی,1200,518,منطقه 2,پزشکی - نیمسال دوم,دانشگاه علوم پزشکی مازندران - ساری
1396,تجربی,1202,519,منطقه 2,پزشکی,دانشگاه علوم پزشکی یزد
1396,تجربی,1205,381,منطقه 1,پزشکی - نیمسال دوم,دانشگاه علوم پزشکی شیراز
1396,تجربی,1205,521,منطقه 2,پزشکی,دانشگاه علوم پزشکی بابل
1396,تجربی,1205,521,منطقه 2,پزشکی - نیمسال دوم,دانشگاه علوم پزشکی مشهد
1396,تجربی,1207,382,منطقه 1,پزشکی - نیمسال اول,دانشگاه علوم پزشکی البرز - کرج
1396,تجربی,1207,523,منطقه 2,پزشکی,دانشگاه علوم پزشکی کرمانشاه
1396,تجربی,1211,140,منطقه 3,دندانپزشکی,دانشگاه علوم پزشکی مشهد
1396,تجربی,1211,384,منطقه 1,پزشکی - نیسال اول,دانشگاه علوم پزشکی تبریز
1396,تجربی,1214,386,منطقه 1,پزشکی,دانشگاه علوم پزشکی یزد
1396,تجربی,1215,524,منطقه 2,پزشکی - نیمسال اول,دانشگاه علوم پزشکی جندی شاپور اهواز
1396,تجربی,1216,142,منطقه 3,پزشکی - نیمسال دوم,دانشگاه علوم پزشکی شیراز
1396,تجربی,1216,525,منطقه 2,پزشکی - نیمسال دوم,دانشگاه علوم پزشکی البرز - کرج
1396,تجربی,1218,526,منطقه 2,پزشکی - نیمسال دوم,دانشگاه علوم پزشکی ارومیه
1396,تجربی,1219,146,ایثارگر-5%,دندانپزشکی,دانشگاه علوم پزشکی کاشان
1396,تجربی,1219,527,منطقه 2,داروسازی,دانشگاه علوم پزشکی تهران
1396,تجربی,1223,528,منطقه 2,پزشکی,دانشگاه علوم پزشکی بابل
1396,تجربی,1224,388,منطقه 1,پزشکی - نیمسال اول,دانشگاه علوم پزشکی شیراز - پردیس خودگردان
1396,تجربی,1225,144,منطقه 3,پزشکی - نیمسال دوم,دانشگاه علوم پزشکی البرز - کرج
1396,تجربی,1225,529,منطقه 2,پزشکی - نیمسال دوم,دانشگاه علوم پزشکی مازندران - ساری
1396,تجربی,1228,531,منطقه 2,پزشکی - نیمسال اول,دانشگاه علوم پزشکی مازندران - ساری
1396,تجربی,1228,531,منطقه 2,پزشکی - نیمسال دوم,دانشگاه علوم پزشکی مازندران - ساری
1396,تجربی,1230,145,منطقه 3,پزشکی - نیمسال اول,دانشگاه علوم پزشکی همدان
1396,تجربی,1231,146,منطقه 3,پزشکی - نیمسال دوم,دانشگاه علوم پزشکی شیراز
1396,تجربی,1233,533,منطقه 2,پزشکی,دانشگاه علوم پزشکی ایران
1396,تجربی,1235,147,ایثارگر-5%,پزشکی,دانشگاه علوم پزشکی یزد
1396,تجربی,1235,148,منطقه 3,پزشکی - نیمسال دوم,دانشگاه علوم پزشکی شیراز
1396,تجربی,1238,148,ایثارگر-5%,دندانپزشکی,دانشگاه علوم پزشکی بابل
1396,تجربی,1238,534,منطقه 2,پزشکی - نیمسال اول,دانشگاه علوم پزشکی اراک
1396,تجربی,1241,149,منطقه 3,پزشکی,دانشگاه علوم پزشکی کرمانشاه
1396,تجربی,1241,391,منطقه 1,پزشکی - نیمسال دوم,دانشگاه علوم پزشکی البرز - کرج
1396,تجربی,1241,535,منطقه 2,پزشکی,دانشگاه علوم پزشکی کرمانشاه
1396,تجربی,1244,536,منطقه 2,پزشکی - نیمسال اول,دانشگاه علوم پزشکی ارومیه
1396,تجربی,1247,393,منطقه 1,دندانپزشکی,دانشگاه علوم پزشکی تبریز
1396,تجربی,1247,538,منطقه 2,پزشکی,دانشگاه علوم پزشکی قم
1396,تجربی,1251,149,ایثارگر-5%,پزشکی - نیمسال دوم,دانشگاه علوم پزشکی اصفهان
1396,تجربی,1251,151,منطقه 3,پزشکی - نیمسال اول,دانشگاه علوم پزشکی کرمان
1396,تجربی,1251,540,منطقه 2,دندانپزشکی,دانشگاه علوم پزشکی کرمان
1396,تجربی,1254,541,منطقه 2,دندانپزشکی,دانشگاه علوم پزشکی بوشهر
1396,تجربی,1254,541,منطقه 2,پزشکی - نیمسال اول,دانشگاه علوم پزشکی سمنان
1396,تجربی,1256,395,منطقه 1,دندانپزشکی,دانشگاه علوم پزشکی یزد
1396,تجربی,1258,150,ایثارگر-5%,پزشکی - نیمسال اول,دانشگاه علوم پزشکی یاسوج
1396,تجربی,1258,544,منطقه 2,پزشکی - نیمسال اول,دانشگاه علوم پزشکی همدان
1396,تجربی,1262,152,منطقه 3,دندانپزشکی,دانشگاه علوم پزشکی تبریز
1396,تجربی,1262,545,منطقه 2,پزشکی,دانشگاه علوم پزشکی اردبیل
1396,تجربی,1262,545,منطقه 2,پزشکی - نیمسال دوم,دانشگاه علوم پزشکی شیراز
1396,تجربی,1264,153,منطقه 3,پزشکی - نیمسال اول,دانشگاه علوم پزشکی کرمان
1396,تجربی,1264,547,منطقه 2,پزشکی - نیمسال دوم,دانشگاه علوم پزشکی مشهد
1396,تجربی,1267,154,منطقه 3,پزشکی - نیمسال دوم,دانشگاه علوم پزشکی مازندران - ساری
1396,تجربی,1267,396,منطقه 1,دندانپزشکی,دانشگاه علوم پزشکی تبریز
1396,تجربی,1267,548,منطقه 2,پزشکی - نیمسال اول,دانشگاه علوم پزشکی ارومیه
1396,تجربی,1270,549,منطقه 2,پزشکی,دانشگاه علوم پزشکی بابل
1396,تجربی,1271,155,منطقه 3,پزشکی - نیمسال اول,دانشگاه علوم پزشکی ارومیه
1396,تجربی,1273,156,منطقه 3,پزشکی,دانشگاه علوم پزشکی بیرجند
1396,تجربی,1273,397,منطقه 1,پزشکی - نیمسال اول,دانشگاه علوم پزشکی ارومیه
1396,تجربی,1273,550,منطقه 2,پزشکی,دانشگاه علوم پزشکی یزد
1396,تجربی,1276,398,منطقه 1,دندانپزشکی,دانشگاه علوم پزشکی شیراز
1396,تجربی,1276,398,منطقه 1,پزشکی - نیمسال دوم,دانشگاه علوم پزشکی اصفهان
1396,تجربی,1280,157,منطقه 3,پزشکی - نیمسال دوم,دانشگاه علوم پزشکی مشهد
1396,تجربی,1280,552,منطقه 2,پزشکی,دانشگاه علوم پزشکی بابل
1396,تجربی,1283,553,منطقه 2,پزشکی,دانشگاه علوم پزشکی بابل
1396,تجربی,1283,553,منطقه 2,پزشکی,دانشگاه علوم پزشکی یزد
1396,تجربی,1285,158,منطقه 3,پزشکی - نیسال اول,دانشگاه علوم پزشکی تبریز
1396,تجربی,1285,555,منطقه 2,دندانپزشکی - نیمسال اول,دانشگاه علوم پزشکی شهیدبهشتی تهران - پردیس خودگردان
1396,تجربی,1289,556,منطقه 2,دندانپزشکی,دانشگاه علوم پزشکی قزوین
1396,تجربی,1290,557,منطقه 2,پزشکی - نیمسال اول,دانشگاه علوم پزشکی شهرکرد
1396,تجربی,1293,160,منطقه 3,پزشکی - نیمسال اول,دانشگاه علوم پزشکی گیلان - رشت
1396,تجربی,1293,558,منطقه 2,پزشکی,دانشگاه علوم پزشکی بابل
1396,تجربی,1296,162,منطقه 3,پزشکی,دانشگاه علوم پزشکی بابل
1396,تجربی,1301,163,منطقه 3,پزشکی - نیمسال دوم,دانشگاه علوم پزشکی مشهد
1396,تجربی,1301,403,منطقه 1,پزشکی - نیمسال اول,دانشگاه علوم پزشکی ارومیه
1396,تجربی,1301,560,منطقه 2,دندانپزشکی,دانشگاه علوم پزشکی مشهد
1396,تجربی,1301,560,منطقه 2,پزشکی,دانشگاه علوم پزشکی کرمانشاه
1396,تجربی,1304,157,ایثارگر-5%,پزشکی - نیمسال اول,دانشگاه علوم پزشکی جندی شاپور اهواز
1396,تجربی,1306,563,منطقه 2,پزشکی - نیسال اول,دانشگاه علوم پزشکی تبریز
1396,تجربی,1306,563,منطقه 2,پزشکی - نیمسال دوم,دانشگاه علوم پزشکی اصفهان
1396,تجربی,1309,565,منطقه 2,پزشکی,دانشگاه علوم پزشکی زنجان
1396,تجربی,1313,567,منطقه 2,پزشکی - نیمسال دوم,دانشگاه علوم پزشکی اصفهان
1396,تجربی,1316,159,ایثارگر-5%,پزشکی - نیمسال اول,دانشگاه علوم پزشکی شیراز
1396,تجربی,1316,569,منطقه 2,پزشکی,دانشگاه علوم پزشکی بابل
1396,تجربی,1316,569,منطقه 2,پزشکی,دانشگاه علوم پزشکی یزد
1396,تجربی,1316,569,منطقه 2,پزشکی - نیمسال اول,دانشگاه علوم پزشکی گیلان - رشت
1396,تجربی,1319,571,منطقه 2,دندانپزشکی,دانشگاه علوم پزشکی زنجان
1396,تجربی,1322,164,منطقه 3,دندانپزشکی,دانشگاه علوم پزشکی ارومیه
1396,تجربی,1322,164,منطقه 3,پزشکی - نیمسال دوم,دانشگاه علوم پزشکی شیراز
1396,تجربی,1325,572,منطقه 2,پزشکی,دانشگاه علوم پزشکی اردبیل
1396,تجربی,1326,410,منطقه 1,پزشکی - نیمسال اول,دانشگاه علوم پزشکی ارومیه
1396,تجربی,1328,160,ایثارگر-5%,پزشکی - نیمسال دوم,دانشگاه علوم پزشکی شیراز
1396,تجربی,1329,412,منطقه 1,پزشکی - نیمسال دوم,دانشگاه علوم پزشکی مشهد
1396,تجربی,1330,573,منطقه 2,پزشکی,دانشگاه علوم پزشکی قزوین
1396,تجربی,1331,166,منطقه 3,پزشکی - نیمسال اول,دانشگاه علوم پزشکی جندی شاپور اهواز
1396,تجربی,1331,574,منطقه 2,پزشکی,دانشگاه علوم پزشکی اردبیل
1396,تجربی,1333,575,منطقه 2,پزشکی - نیسال اول,دانشگاه علوم پزشکی تبریز
1396,تجربی,1335,167,منطقه 3,پزشکی,دانشگاه علوم پزشکی کرمانشاه
1396,تجربی,1337,168,منطقه 3,دندانپزشکی,دانشگاه علوم پزشکی کرمان
1396,تجربی,1337,577,منطقه 2,پزشکی,دانشگاه علوم پزشکی ایران
1396,تجربی,1337,577,منطقه 2,پزشکی,دانشگاه علوم پزشکی قزوین
1396,تجربی,1341,169,منطقه 3,پزشکی - نیمسال دوم,دانشگاه علوم پزشکی اصفهان
1396,تجربی,1341,413,منطقه 1,پزشکی - نیمسال اول,دانشگاه علوم پزشکی البرز - کرج
1396,تجربی,1341,579,منطقه 2,پزشکی,دانشگاه علوم پزشکی بابل
1396,تجربی,1345,170,منطقه 3,پزشکی,دانشگاه علوم پزشکی کرمانشاه
1396,تجربی,1345,414,منطقه 1,پزشکی - نیسال اول,دانشگاه علوم پزشکی تبریز
1396,تجربی,1348,416,منطقه 1,پزشکی,دانشگاه علوم پزشکی یزد
1396,تجربی,1348,581,منطقه 2,پزشکی,دانشگاه علوم پزشکی اردبیل
1396,تجربی,1351,417,منطقه 1,داروسازی,دانشگاه علوم پزشکی اصفهان
1396,تجربی,1351,417,منطقه 1,پزشکی - نیمسال دوم,دانشگاه علوم پزشکی تبریز
1396,تجربی,1351,582,منطقه 2,پزشکی - نیمسال دوم,دانشگاه علوم پزشکی اصفهان
1396,تجربی,1355,163,ایثارگر-5%,پزشکی - نیمسال اول,دانشگاه علوم پزشکی اراک
1396,تجربی,1355,419,منطقه 1,دندانپزشکی - نیمسال اول,دانشگاه علوم پزشکی شهیدبهشتی تهران - پردیس خودگردان
1396,تجربی,1357,583,منطقه 2,پزشکی,دانشگاه علوم پزشکی ایران
1396,تجربی,1357,583,منطقه 2,پزشکی - نیمسال اول,دانشگاه علوم پزشکی کردستان - سنندج
1396,تجربی,1359,421,منطقه 1,پزشکی - نیمسال دوم,دانشگاه علوم پزشکی البرز - کرج
1396,تجربی,1360,422,منطقه 1,پزشکی - نیمسال دوم,دانشگاه علوم پزشکی اصفهان
1396,تجربی,1362,164,ایثارگر-5%,پزشکی - نیمسال اول,دانشگاه علوم پزشکی کرمان
1396,تجربی,1362,585,منطقه 2,پزشکی - نیمسال دوم,دانشگاه علوم پزشکی تبریز
1396,تجربی,1362,585,منطقه 2,پزشکی - نیمسال دوم,دانشگاه علوم پزشکی شیراز
1396,تجربی,1364,171,منطقه 3,دندانپزشکی,دانشگاه علوم پزشکی تهران
1396,تجربی,1364,587,منطقه 2,پزشکی - نیمسال اول,دانشگاه علوم پزشکی همدان
1396,تجربی,1367,423,منطقه 1,دندانپزشکی,دانشگاه علوم پزشکی البرز - کرج
1396,تجربی,1367,588,منطقه 2,دندانپزشکی,دانشگاه شاهد - تهران(رشته های پزشکی)
1396,تجربی,1371,590,منطقه 2,پزشکی,دانشگاه علوم پزشکی یزد
1396,تجربی,1373,166,ایثارگر-5%,پزشکی - نیمسال دوم,دانشگاه علوم پزشکی ارومیه
1396,تجربی,1373,425,منطقه 1,پزشکی - نیمسال اول,دانشگاه علوم پزشکی ارومیه
1396,تجربی,1373,591,منطقه 2,پزشکی,دانشگاه علوم پزشکی اردبیل
1396,تجربی,1373,591,منطقه 2,پزشکی - نیمسال دوم,دانشگاه علوم پزشکی مازندران - ساری
1396,تجربی,1376,593,منطقه 2,دندانپزشکی,دانشگاه علوم پزشکی یزد
1396,تجربی,1377,594,منطقه 2,پزشکی,دانشگاه علوم پزشکی ایران
1396,تجربی,1380,595,منطقه 2,پزشکی - نیمسال دوم,دانشگاه علوم پزشکی تبریز
1396,تجربی,1383,427,منطقه 1,پزشکی - نیمسال دوم,دانشگاه علوم پزشکی مازندران - ساری
1396,تجربی,1383,597,منطقه 2,پزشکی - نیمسال اول,دانشگاه علوم پزشکی جندی شاپور اهواز
1396,تجربی,1383,597,منطقه 2,پزشکی - نیمسال اول,دانشگاه علوم پزشکی گیلان - رشت
1396,تجربی,1387,428,منطقه 1,پزشکی - نیمسال اول,دانشگاه علوم پزشکی البرز - کرج
1396,تجربی,1387,428,منطقه 1,پزشکی - نیمسال دوم,دانشگاه علوم پزشکی شیراز
1396,تجربی,1390,600,منطقه 2,پزشکی - نیمسال دوم,دانشگاه علوم پزشکی شیراز
1396,تجربی,1394,602,منطقه 2,پزشکی - نیمسال اول,دانشگاه علوم پزشکی کرمان
1396,تجربی,1396,172,منطقه 3,پزشکی,دانشگاه علوم پزشکی تهران
1396,تجربی,1398,604,منطقه 2,داروسازی,دانشگاه علوم پزشکی تهران
1396,تجربی,1400,174,منطقه 3,پزشکی - نیمسال اول,دانشگاه علوم پزشکی کرمان
1396,تجربی,1400,605,منطقه 2,پزشکی,دانشگاه علوم پزشکی کرمانشاه
1396,تجربی,1403,606,منطقه 2,پزشکی,دانشگاه علوم پزشکی زنجان
1396,تجربی,1405,434,منطقه 1,پزشکی - نیمسال اول,دانشگاه علوم پزشکی شهیدبهشتی تهران - پردیس خودگردان
1396,تجربی,1409,175,منطقه 3,پزشکی - بومی آذربایجان غربی,دانشگاه علوم پزشکی ارومیه
1396,تجربی,1409,608,منطقه 2,پزشکی - نیمسال اول,دانشگاه علوم پزشکی مازندران - ساری
1396,تجربی,1409,608,منطقه 2,پزشکی - نیمسال اول,دانشگاه علوم پزشکی همدان
1396,تجربی,1413,176,منطقه 3,پزشکی,دانشگاه علوم پزشکی بابل
1396,تجربی,1416,178,منطقه 3,پزشکی,دانشگاه علوم پزشکی بابل
1396,تجربی,1419,441,منطقه 1,پزشکی - نیمسال دوم,دانشگاه علوم پزشکی ارومیه
1396,تجربی,1422,443,منطقه 1,پزشکی,دانشگاه علوم پزشکی کاشان
1396,تجربی,1424,445,منطقه 1,پزشکی - نیمسال دوم,دانشگاه علوم پزشکی شیراز
1396,تجربی,1428,179,منطقه 3,پزشکی - نیمسال دوم,دانشگاه علوم پزشکی مشهد
1396,تجربی,1428,179,منطقه 3,پزشکی - نیمسال دوم,دانشگاه علوم پزشکی گیلان - رشت
1396,تجربی,1428,447,منطقه 1,دندانپزشکی,دانشگاه علوم پزشکی تبریز
1396,تجربی,1428,447,منطقه 1,پزشکی - نیمسال دوم,دانشگاه علوم پزشکی ارومیه
1396,تجربی,1433,172,ایثارگر-5%,دندانپزشکی,دانشگاه علوم پزشکی یزد
1396,تجربی,1433,449,منطقه 1,پزشکی - نیمسال دوم,دانشگاه علوم پزشکی البرز - کرج
1396,تجربی,1433,611,منطقه 2,پزشکی,دانشگاه علوم پزشکی فسا
1396,تجربی,1433,611,منطقه 2,پزشکی - نیمسال دوم,دانشگاه علوم پزشکی شیراز
1396,تجربی,1437,174,ایثارگر-5%,پزشکی - نیمسال اول,دانشگاه علوم پزشکی کرمان
1396,تجربی,1437,181,منطقه 3,پزشکی - نیمسال اول,دانشگاه علوم پزشکی کرمان
1396,تجربی,1437,450,منطقه 1,دندانپزشکی,دانشگاه علوم پزشکی زنجان
1396,تجربی,1437,613,منطقه 2,دندانپزشکی,دانشگاه علوم پزشکی شهرکرد
1396,تجربی,1440,614,منطقه 2,دندانپزشکی,دانشگاه علوم پزشکی یزد
1396,تجربی,1440,614,منطقه 2,پزشکی - نیمسال دوم,دانشگاه علوم پزشکی البرز - کرج
1396,تجربی,1444,451,منطقه 1,پزشکی - نیمسال دوم,دانشگاه علوم پزشکی مازندران - ساری
1396,تجربی,1444,617,منطقه 2,دندانپزشکی,دانشگاه علوم پزشکی یزد
1396,تجربی,1444,617,منطقه 2,پزشکی - نیمسال اول,دانشگاه علوم پزشکی کرمان
1396,تجربی,1444,617,منطقه 2,پزشکی - نیمسال دوم,دانشگاه علوم پزشکی شیراز
1396,تجربی,1448,619,منطقه 2,پزشکی - نیمسال اول,دانشگاه علوم پزشکی سبزوار
1396,تجربی,1451,182,منطقه 3,پزشکی - نیمسال دوم,دانشگاه علوم پزشکی مشهد
1396,تجربی,1451,621,منطقه 2,پزشکی - نیمسال اول,دانشگاه علوم پزشکی لرستان - خرم آباد
1396,تجربی,1455,183,منطقه 3,پزشکی,دانشگاه علوم پزشکی تهران
1396,تجربی,1455,183,منطقه 3,پزشکی - نیمسال اول,دانشگاه علوم پزشکی همدان
1396,تجربی,1455,622,منطقه 2,دندانپزشکی,دانشگاه علوم پزشکی تبریز
1396,تجربی,1455,622,منطقه 2,پزشکی,دانشگاه علوم پزشکی یزد
1396,تجربی,1459,624,منطقه 2,پزشکی - نیمسال دوم,دانشگاه علوم پزشکی همدان
1396,تجربی,1463,185,منطقه 3,پزشکی - نیمسال اول,دانشگاه علوم پزشکی گیلان - رشت
1396,تجربی,1463,625,منطقه 2,داروسازی,دانشگاه علوم پزشکی تهران
1396,تجربی,1468,457,منطقه 1,پزشکی - نیمسال دوم,دانشگاه علوم پزشکی تبریز
1396,تجربی,1468,627,منطقه 2,پزشکی - نیمسال اول,دانشگاه علوم پزشکی لرستان - خرم آباد
1396,تجربی,1473,459,منطقه 1,پزشکی - نیمسال اول,دانشگاه علوم پزشکی البرز - کرج
1396,تجربی,1473,629,منطقه 2,پزشکی,دانشگاه علوم پزشکی زنجان
1396,تجربی,1473,629,منطقه 2,پزشکی - نیمسال اول,دانشگاه علوم پزشکی جندی شاپور اهواز
1396,تجربی,1478,461,منطقه 1,پزشکی - نیمسال دوم,دانشگاه علوم پزشکی البرز - کرج
1396,تجربی,1478,632,منطقه 2,دندانپزشکی,دانشگاه علوم پزشکی قزوین
1396,تجربی,1480,633,منطقه 2,پزشکی - نیمسال اول,دانشگاه علوم پزشکی کردستان - سنندج
1396,تجربی,1483,463,منطقه 1,پزشکی - نیمسال دوم,دانشگاه علوم پزشکی مشهد
1396,تجربی,1483,634,منطقه 2,پزشکی,دانشگاه علوم پزشکی بیرجند
1396,تجربی,1486,635,منطقه 2,پزشکی - نیمسال اول,دانشگاه علوم پزشکی گیلان - رشت
1396,تجربی,1488,187,منطقه 3,پزشکی - نیمسال اول,دانشگاه علوم پزشکی کرمان
1396,تجربی,1488,636,منطقه 2,پزشکی - نیسال اول,دانشگاه علوم پزشکی تبریز
1396,تجربی,1493,466,منطقه 1,دندانپزشکی,دانشگاه علوم پزشکی مازندران - ساری
1396,تجربی,1493,638,منطقه 2,دندانپزشکی,دانشگاه علوم پزشکی مازندران - ساری
1396,تجربی,1495,181,ایثارگر-5%,پزشکی - نیمسال اول,دانشگاه علوم پزشکی گیلان - رشت
1396,تجربی,1495,467,منطقه 1,دندانپزشکی - نیمسال دوم,دانشگاه علوم پزشکی شهیدبهشتی تهران - پردیس خودگردان
1396,تجربی,1498,188,منطقه 3,پزشکی - نیمسال اول,دانشگاه علوم پزشکی جندی شاپور اهواز
1396,تجربی,1498,639,منطقه 2,دندانپزشکی,دانشگاه علوم پزشکی البرز - کرج
1396,تجربی,1501,189,منطقه 3,دندانپزشکی,دانشگاه علوم پزشکی شیراز
1396,تجربی,1501,189,منطقه 3,پزشکی,دانشگاه علوم پزشکی تهران
1396,تجربی,1503,640,منطقه 2,دندانپزشکی,دانشگاه علوم پزشکی مازندران - ساری
1396,تجربی,1505,469,منطقه 1,پزشکی,دانشگاه علوم پزشکی یزد
1396,تجربی,1505,641,منطقه 2,دندانپزشکی,دانشگاه علوم پزشکی تبریز
1396,تجربی,1505,641,منطقه 2,دندانپزشکی,دانشگاه علوم پزشکی کاشان
1396,تجربی,1507,643,منطقه 2,پزشکی - نیمسال اول,دانشگاه علوم پزشکی کرمان
1396,تجربی,1508,644,منطقه 2,پزشکی,دانشگاه علوم پزشکی گلستان - گرگان
1396,تجربی,1510,191,منطقه 3,پزشکی - نیمسال دوم,دانشگاه علوم پزشکی ارومیه
1396,تجربی,1510,645,منطقه 2,پزشکی,دانشگاه علوم پزشکی بیرجند
1396,تجربی,1513,193,منطقه 3,پزشکی - نیمسال دوم,دانشگاه علوم پزشکی ارومیه
1396,تجربی,1513,470,منطقه 1,دندانپزشکی,دانشگاه علوم پزشکی یزد
1396,تجربی,1513,646,منطقه 2,پزشکی,دانشگاه علوم پزشکی اردبیل
1396,تجربی,1513,646,منطقه 2,پزشکی - نیمسال دوم,دانشگاه علوم پزشکی گیلان - رشت
1396,تجربی,1516,194,منطقه 3,پزشکی - نیمسال اول,دانشگاه علوم پزشکی کرمان
1396,تجربی,1518,471,منطقه 1,پزشکی,دانشگاه علوم پزشکی کاشان
1396,تجربی,1518,648,منطقه 2,پزشکی - نیمسال اول,دانشگاه علوم پزشکی سمنان
1396,تجربی,1522,182,ایثارگر-5%,دندانپزشکی,دانشگاه علوم پزشکی کرمان
1396,تجربی,1522,650,منطقه 2,پزشکی,دانشگاه علوم پزشکی زنجان
1396,تجربی,1522,650,منطقه 2,پزشکی - نیمسال اول,دانشگاه علوم پزشکی اراک
1396,تجربی,1522,650,منطقه 2,پزشکی - نیمسال اول,دانشگاه علوم پزشکی مازندران - ساری
1396,تجربی,1525,195,منطقه 3,دندانپزشکی,دانشگاه علوم پزشکی اصفهان
1396,تجربی,1525,652,منطقه 2,پزشکی - نیمسال اول,دانشگاه علوم پزشکی البرز - کرج
1396,تجربی,1529,653,منطقه 2,پزشکی - نیمسال دوم,دانشگاه علوم پزشکی تبریز
1396,تجربی,1531,476,منطقه 1,پزشکی - نیمسال دوم,دانشگاه علوم پزشکی ارومیه
1396,تجربی,1534,196,منطقه 3,پزشکی - نیسال اول,دانشگاه علوم پزشکی تبریز
1396,تجربی,1534,654,منطقه 2,دندانپزشکی,دانشگاه علوم پزشکی گیلان - رشت
1396,تجربی,1534,654,منطقه 2,پزشکی - نیمسال اول,دانشگاه علوم پزشکی شاهرود
1396,تجربی,1537,184,ایثارگر-5%,پزشکی,دانشگاه علوم پزشکی گلستان - گرگان
1396,تجربی,1537,479,منطقه 1,پزشکی,دانشگاه علوم پزشکی زنجان
1396,تجربی,1540,480,منطقه 1,دندانپزشکی,دانشگاه شاهد - تهران(رشته های پزشکی)
1396,تجربی,1540,480,منطقه 1,پزشکی,دانشگاه علوم پزشکی فسا
1396,تجربی,1540,656,منطقه 2,پزشکی - نیمسال دوم,دانشگاه علوم پزشکی همدان
1396,تجربی,1543,482,منطقه 1,پزشکی - نیمسال دوم,دانشگاه علوم پزشکی مازندران - ساری
1396,تجربی,1544,658,منطقه 2,پزشکی - نیمسال دوم,دانشگاه علوم پزشکی تبریز
1396,تجربی,1547,185,ایثارگر-5%,پزشکی,دانشگاه علوم پزشکی یزد
1396,تجربی,1547,197,منطقه 3,دندانپزشکی,دانشگاه علوم پزشکی ارومیه
1396,تجربی,1549,186,ایثارگر-5%,پزشکی - نیمسال دوم,دانشگاه علوم پزشکی مازندران - ساری
1396,تجربی,1549,483,منطقه 1,پزشکی - نیمسال دوم,دانشگاه علوم پزشکی ارومیه
1396,تجربی,1551,660,منطقه 2,پزشکی,دانشگاه علوم پزشکی اردبیل
1396,تجربی,1554,662,منطقه 2,پزشکی - نیمسال دوم,دانشگاه علوم پزشکی مشهد
1396,تجربی,1556,663,منطقه 2,پزشکی,دانشگاه علوم پزشکی زنجان
1396,تجربی,1557,198,منطقه 3,دندانپزشکی,دانشگاه علوم پزشکی مشهد
1396,تجربی,1557,664,منطقه 2,پزشکی,دانشگاه علوم پزشکی کاشان
1396,تجربی,1560,199,منطقه 3,پزشکی - نیمسال دوم,دانشگاه علوم پزشکی همدان
1396,تجربی,1560,665,منطقه 2,پزشکی,دانشگاه علوم پزشکی قزوین
1396,تجربی,1560,665,منطقه 2,پزشکی - نیمسال اول,دانشگاه علوم پزشکی البرز - کرج
1396,تجربی,1563,485,منطقه 1,داروسازی,دانشگاه علوم پزشکی تهران
1396,تجربی,1563,667,منطقه 2,داروسازی,دانشگاه علوم پزشکی مازندران - ساری
1396,تجربی,1563,667,منطقه 2,پزشکی,دانشگاه علوم پزشکی قزوین
1396,تجربی,1566,200,منطقه 3,پزشکی - نیمسال دوم,دانشگاه علوم پزشکی مشهد
1396,تجربی,1566,669,منطقه 2,پزشکی,دانشگاه علوم پزشکی بیرجند
1396,تجربی,1568,670,منطقه 2,پزشکی - نیمسال دوم,دانشگاه علوم پزشکی مشهد
1396,تجربی,1571,671,منطقه 2,پزشکی - نیمسال دوم,دانشگاه علوم پزشکی تبریز
1396,تجربی,1571,671,منطقه 2,پزشکی - نیمسال دوم,دانشگاه علوم پزشکی مازندران - ساری
1396,تجربی,1575,675,منطقه 2,دندانپزشکی,دانشگاه علوم پزشکی بابل
1396,تجربی,1575,675,منطقه 2,پزشکی - نیمسال دوم,دانشگاه علوم پزشکی شیراز
1396,تجربی,1575,675,منطقه 2,پزشکی - نیمسال دوم,دانشگاه علوم پزشکی مشهد
1396,تجربی,1579,678,منطقه 2,دندانپزشکی,دانشگاه علوم پزشکی همدان
1396,تجربی,1579,678,منطقه 2,دندانپزشکی,دانشگاه علوم پزشکی کاشان
1396,تجربی,1581,488,منطقه 1,پزشکی - نیمسال دوم,دانشگاه علوم پزشکی ارومیه
1396,تجربی,1581,680,منطقه 2,دندانپزشکی,دانشگاه علوم پزشکی گیلان - رشت
1396,تجربی,1584,189,ایثارگر-5%,پزشکی - نیمسال اول,دانشگاه علوم پزشکی کرمان
1396,تجربی,1584,489,منطقه 1,دندانپزشکی,دانشگاه علوم پزشکی مشهد
1396,تجربی,1590,681,منطقه 2,پزشکی - نیمسال اول,دانشگاه علوم پزشکی جندی شاپور اهواز
1396,تجربی,1594,683,منطقه 2,دندانپزشکی,دانشگاه علوم پزشکی گیلان - رشت
1396,تجربی,1598,203,منطقه 3,دندانپزشکی,دانشگاه علوم پزشکی مشهد
1396,تجربی,1598,203,منطقه 3,پزشکی - نیمسال اول,دانشگاه علوم پزشکی یاسوج
1396,تجربی,1598,684,منطقه 2,پزشکی,دانشگاه علوم پزشکی اردبیل
1396,تجربی,1602,205,منطقه 3,پزشکی - نیمسال دوم,دانشگاه علوم پزشکی تبریز
1396,تجربی,1604,495,منطقه 1,دندانپزشکی,دانشگاه علوم پزشکی البرز - کرج
1396,تجربی,1607,496,منطقه 1,پزشکی,دانشگاه علوم پزشکی کاشان
1396,تجربی,1607,685,منطقه 2,داروسازی,دانشگاه علوم پزشکی تهران
1396,تجربی,1607,685,منطقه 2,دندانپزشکی,دانشگاه علوم پزشکی مشهد
1396,تجربی,1611,688,منطقه 2,دندانپزشکی,دانشگاه علوم پزشکی شیراز
1396,تجربی,1611,688,منطقه 2,دندانپزشکی,دانشگاه علوم پزشکی مشهد
1396,تجربی,1616,206,منطقه 3,پزشکی - نیمسال دوم,دانشگاه علوم پزشکی اصفهان
1396,تجربی,1616,692,منطقه 2,دندانپزشکی,دانشگاه علوم پزشکی زنجان
1396,تجربی,1616,692,منطقه 2,پزشکی,دانشگاه علوم پزشکی کرمانشاه
1396,تجربی,1616,692,منطقه 2,پزشکی - نیمسال دوم,دانشگاه علوم پزشکی گیلان - رشت
1396,تجربی,1622,500,منطقه 1,دندانپزشکی,دانشگاه علوم پزشکی تبریز
1396,تجربی,1625,503,منطقه 1,پزشکی,دانشگاه علوم پزشکی مشهد - پردیس خودگردان
1396,تجربی,1627,197,ایثارگر-5%,پزشکی - نیمسال اول,دانشگاه علوم پزشکی کرمان
1396,تجربی,1627,694,منطقه 2,پزشکی,دانشگاه علوم پزشکی گلستان - گرگان
1396,تجربی,1629,207,منطقه 3,پزشکی - نیمسال دوم,دانشگاه علوم پزشکی شیراز
1396,تجربی,1633,208,منطقه 3,پزشکی - نیمسال دوم,دانشگاه علوم پزشکی تبریز
1396,تجربی,1633,697,منطقه 2,دندانپزشکی,دانشگاه علوم پزشکی تبریز
1396,تجربی,1633,697,منطقه 2,پزشکی - نیمسال اول,دانشگاه علوم پزشکی جندی شاپور اهواز
1396,تجربی,1633,697,منطقه 2,پزشکی - نیمسال اول,دانشگاه علوم پزشکی زاهدان
1396,تجربی,1633,697,منطقه 2,پزشکی - نیمسال اول,دانشگاه علوم پزشکی شهرکرد
1396,تجربی,1638,700,منطقه 2,دندانپزشکی,دانشگاه علوم پزشکی بیرجند
1396,تجربی,1640,508,منطقه 1,دندانپزشکی,دانشگاه علوم پزشکی مازندران - ساری
1396,تجربی,1644,198,ایثارگر-5%,دندانپزشکی,دانشگاه علوم پزشکی یزد
1396,تجربی,1647,513,منطقه 1,پزشکی,دانشگاه علوم پزشکی یزد
1396,تجربی,1647,513,منطقه 1,پزشکی - نیمسال دوم,دانشگاه علوم پزشکی مازندران - ساری
1396,تجربی,1653,517,منطقه 1,پزشکی - نیمسال اول,دانشگاه علوم پزشکی شهرکرد
1396,تجربی,1653,517,منطقه 1,پزشکی - نیمسال دوم,دانشگاه علوم پزشکی شهیدبهشتی تهران - پردیس خودگردان
1396,تجربی,1657,520,منطقه 1,دندانپزشکی,دانشگاه علوم پزشکی البرز - کرج
1396,تجربی,1657,520,منطقه 1,دندانپزشکی,دانشگاه علوم پزشکی قزوین
1396,تجربی,1660,704,منطقه 2,دندانپزشکی,دانشگاه علوم پزشکی گیلان - رشت
1396,تجربی,1660,704,منطقه 2,پزشکی - نیمسال اول,دانشگاه علوم پزشکی کرمان
1396,تجربی,1662,522,منطقه 1,پزشکی,دانشگاه علوم پزشکی فسا
1396,تجربی,1665,523,منطقه 1,دندانپزشکی,دانشگاه علوم پزشکی یزد
1396,تجربی,1665,706,منطقه 2,پزشکی,دانشگاه علوم پزشکی رفسنجان
1396,تجربی,1665,706,منطقه 2,پزشکی - نیمسال دوم,دانشگاه علوم پزشکی شیراز
1396,تجربی,1669,708,منطقه 2,دندانپزشکی,دانشگاه علوم پزشکی ارومیه
1396,تجربی,1669,708,منطقه 2,پزشکی - نیمسال اول,دانشگاه علوم پزشکی البرز - کرج
1396,تجربی,1675,712,منطقه 2,دندانپزشکی,دانشگاه علوم پزشکی کاشان
1396,تجربی,1677,210,منطقه 3,پزشکی,دانشگاه علوم پزشکی بابل
1396,تجربی,1677,526,منطقه 1,دندانپزشکی,دانشگاه شاهد - تهران(رشته های پزشکی)
1396,تجربی,1677,713,منطقه 2,دندانپزشکی,دانشگاه علوم پزشکی همدان
1396,تجربی,1681,211,منطقه 3,پزشکی,دانشگاه علوم پزشکی فسا
1396,تجربی,1681,715,منطقه 2,دندانپزشکی,دانشگاه علوم پزشکی بابل
1396,تجربی,1681,715,منطقه 2,پزشکی - نیمسال اول,دانشگاه علوم پزشکی البرز - کرج
1396,تجربی,1684,528,منطقه 1,دندانپزشکی,دانشگاه علوم پزشکی یزد
1396,تجربی,1686,212,منطقه 3,پزشکی - نیمسال اول,دانشگاه علوم پزشکی جندی شاپور اهواز
1396,تجربی,1689,530,منطقه 1,پزشکی,دانشگاه علوم پزشکی قزوین
1396,تجربی,1689,530,منطقه 1,پزشکی - نیمسال دوم,دانشگاه علوم پزشکی تبریز
1396,تجربی,1689,717,منطقه 2,پزشکی - نیمسال دوم,دانشگاه علوم پزشکی گیلان - رشت
1396,تجربی,1695,204,ایثارگر-5%,دندانپزشکی,دانشگاه علوم پزشکی یزد
1396,تجربی,1695,213,منطقه 3,دندانپزشکی,دانشگاه علوم پزشکی تهران
1396,تجربی,1695,532,منطقه 1,دندانپزشکی,دانشگاه علوم پزشکی تبریز
1396,تجربی,1695,719,منطقه 2,دندانپزشکی,دانشگاه علوم پزشکی بابل
1396,تجربی,1695,719,منطقه 2,پزشکی,دانشگاه علوم پزشکی کرمانشاه
1396,تجربی,1701,721,منطقه 2,پزشکی,دانشگاه علوم پزشکی قم
1396,تجربی,1705,206,ایثارگر-5%,پزشکی,دانشگاه علوم پزشکی بابل
1396,تجربی,1705,723,منطقه 2,پزشکی,دانشگاه علوم پزشکی قزوین
1396,تجربی,1714,727,منطقه 2,دندانپزشکی,دانشگاه علوم پزشکی خراسان شمالی - بجنورد
1396,تجربی,1714,727,منطقه 2,دندانپزشکی,دانشگاه علوم پزشکی گیلان - رشت
1396,تجربی,1718,538,منطقه 1,پزشکی - نیمسال دوم,دانشگاه علوم پزشکی تبریز
1396,تجربی,1718,729,منطقه 2,دندانپزشکی,دانشگاه علوم پزشکی کرمان
1396,تجربی,1718,729,منطقه 2,پزشکی,دانشگاه علوم پزشکی قزوین
1396,تجربی,1723,540,منطقه 1,پزشکی - نیمسال دوم,دانشگاه علوم پزشکی ارومیه
1396,تجربی,1723,731,منطقه 2,دندانپزشکی,دانشگاه علوم پزشکی بابل
1396,تجربی,1723,731,منطقه 2,پزشکی - نیمسال دوم,دانشگاه علوم پزشکی مازندران - ساری
1396,تجربی,1728,217,منطقه 3,پزشکی - نیمسال دوم,دانشگاه علوم پزشکی ارومیه
1396,تجربی,1733,218,منطقه 3,پزشکی,دانشگاه علوم پزشکی تهران
1396,تجربی,1733,544,منطقه 1,پزشکی - نیمسال دوم,دانشگاه علوم پزشکی شهیدبهشتی تهران - پردیس خودگردان
1396,تجربی,1733,735,منطقه 2,پزشکی - نیمسال اول,دانشگاه علوم پزشکی گیلان - رشت
1396,تجربی,1733,735,منطقه 2,پزشکی - نیمسال دوم,دانشگاه علوم پزشکی ارومیه
1396,تجربی,1736,737,منطقه 2,دندانپزشکی,دانشگاه علوم پزشکی کرمان
1396,تجربی,1739,219,منطقه 3,داروسازی,دانشگاه علوم پزشکی تهران
1396,تجربی,1739,547,منطقه 1,دندانپزشکی,دانشگاه علوم پزشکی اصفهان - پردیس خودگردان
1396,تجربی,1742,739,منطقه 2,پزشکی - نیمسال دوم,دانشگاه علوم پزشکی مازندران - ساری
1396,تجربی,1746,209,ایثارگر-5%,پزشکی - نیمسال دوم,دانشگاه علوم پزشکی گیلان - رشت
1396,تجربی,1746,740,منطقه 2,پزشکی,دانشگاه علوم پزشکی گلستان - گرگان
1396,تجربی,1746,740,منطقه 2,پزشکی - نیمسال دوم,دانشگاه علوم پزشکی مازندران - ساری
1396,تجربی,1751,220,منطقه 3,پزشکی,دانشگاه علوم پزشکی کرمانشاه
1396,تجربی,1751,549,منطقه 1,پزشکی - نیمسال دوم,دانشگاه علوم پزشکی شهیدبهشتی تهران - پردیس خودگردان
1396,تجربی,1751,743,منطقه 2,پزشکی - نیمسال دوم,دانشگاه علوم پزشکی تبریز
1396,تجربی,1751,743,منطقه 2,پزشکی - نیمسال دوم,دانشگاه علوم پزشکی مازندران - ساری
1396,تجربی,1757,552,منطقه 1,پزشکی,دانشگاه علوم پزشکی کاشان
1396,تجربی,1759,553,منطقه 1,دندانپزشکی,دانشگاه علوم پزشکی مازندران - ساری
1396,تجربی,1759,746,منطقه 2,دندانپزشکی,دانشگاه علوم پزشکی گیلان - رشت
1396,تجربی,1761,555,منطقه 1,داروسازی,دانشگاه علوم پزشکی تهران
1396,تجربی,1761,747,منطقه 2,دندانپزشکی,دانشگاه علوم پزشکی قزوین
1396,تجربی,1763,211,ایثارگر-5%,پزشکی - نیمسال اول,دانشگاه علوم پزشکی کرمان
1396,تجربی,1765,749,منطقه 2,پزشکی - نیمسال دوم,دانشگاه علوم پزشکی گیلان - رشت
1396,تجربی,1767,750,منطقه 2,پزشکی - نیمسال اول,دانشگاه علوم پزشکی گیلان - رشت
1396,تجربی,1768,557,منطقه 1,پزشکی - نیمسال دوم,دانشگاه علوم پزشکی تبریز
1396,تجربی,1770,751,منطقه 2,پزشکی,دانشگاه علوم پزشکی گلستان - گرگان
1396,تجربی,1773,753,منطقه 2,پزشکی,دانشگاه علوم پزشکی اردبیل
1396,تجربی,1773,753,منطقه 2,پزشکی - نیمسال اول,دانشگاه علوم پزشکی جندی شاپور اهواز
1396,تجربی,1773,753,منطقه 2,پزشکی - نیمسال دوم,دانشگاه علوم پزشکی تبریز
1396,تجربی,1779,560,منطقه 1,پزشکی - نیمسال دوم,دانشگاه علوم پزشکی گیلان - رشت
1396,تجربی,1779,756,منطقه 2,پزشکی - نیمسال دوم,دانشگاه علوم پزشکی گیلان - رشت
1396,تجربی,1782,562,منطقه 1,دندانپزشکی,دانشگاه علوم پزشکی جندی شاپور اهواز
1396,تجربی,1782,757,منطقه 2,دندانپزشکی,دانشگاه علوم پزشکی زنجان
1396,تجربی,1785,212,ایثارگر-5%,پزشکی - نیمسال دوم,دانشگاه علوم پزشکی همدان
1396,تجربی,1785,758,منطقه 2,داروسازی,دانشگاه علوم پزشکی شهید بهشتی - تهران
1396,تجربی,1788,564,منطقه 1,دندانپزشکی,دانشگاه علوم پزشکی جندی شاپور اهواز
1396,تجربی,1788,564,منطقه 1,دندانپزشکی,دانشگاه علوم پزشکی قزوین
1396,تجربی,1791,761,منطقه 2,دندانپزشکی,دانشگاه علوم پزشکی زنجان
1396,تجربی,1791,761,منطقه 2,دندانپزشکی,دانشگاه علوم پزشکی مازندران - ساری
1396,تجربی,1791,761,منطقه 2,دندانپزشکی,دانشگاه علوم پزشکی یزد
1396,تجربی,1791,761,منطقه 2,پزشکی - نیمسال دوم,دانشگاه علوم پزشکی البرز - کرج
1396,تجربی,1795,214,ایثارگر-5%,پزشکی,دانشگاه علوم پزشکی یزد
1396,تجربی,1795,765,منطقه 2,پزشکی - نیمسال دوم,دانشگاه علوم پزشکی البرز - کرج
1396,تجربی,1797,215,ایثارگر-5%,پزشکی - نیمسال اول,دانشگاه علوم پزشکی یاسوج
1396,تجربی,1797,766,منطقه 2,پزشکی - نیمسال اول,دانشگاه علوم پزشکی کرمان
1396,تجربی,1801,768,منطقه 2,دندانپزشکی,دانشگاه علوم پزشکی قزوین
1396,تجربی,1801,768,منطقه 2,پزشکی,دانشگاه علوم پزشکی گلستان - گرگان
1396,تجربی,1801,768,منطقه 2,پزشکی - نیمسال دوم,دانشگاه علوم پزشکی گیلان - رشت
1396,تجربی,1807,217,ایثارگر-5%,پزشکی,دانشگاه علوم پزشکی کاشان
1396,تجربی,1807,567,منطقه 1,داروسازی - نیمسال اول,دانشگاه علوم پزشکی تبریز
1396,تجربی,1807,567,منطقه 1,دندانپزشکی,دانشگاه علوم پزشکی یزد
1396,تجربی,1807,771,منطقه 2,دندانپزشکی,دانشگاه علوم پزشکی بابل
1396,تجربی,1807,771,منطقه 2,پزشکی - نیمسال دوم,دانشگاه علوم پزشکی شیراز
1396,تجربی,1811,569,منطقه 1,پزشکی - نیمسال دوم,دانشگاه علوم پزشکی تبریز
1396,تجربی,1812,773,منطقه 2,پزشکی - نیمسال اول,دانشگاه علوم پزشکی کردستان - سنندج
1396,تجربی,1815,219,ایثارگر-5%,پزشکی,دانشگاه علوم پزشکی فسا
1396,تجربی,1815,570,منطقه 1,دندانپزشکی,دانشگاه علوم پزشکی مازندران - ساری
1396,تجربی,1815,570,منطقه 1,پزشکی - نیمسال دوم,دانشگاه علوم پزشکی شهیدبهشتی تهران - پردیس خودگردان
1396,تجربی,1815,775,منطقه 2,پزشکی - نیمسال اول,دانشگاه علوم پزشکی کرمان
1396,تجربی,1820,222,منطقه 3,پزشکی,دانشگاه علوم پزشکی زنجان
1396,تجربی,1820,572,منطقه 1,دندانپزشکی,دانشگاه علوم پزشکی همدان
1396,تجربی,1823,573,منطقه 1,پزشکی - نیمسال دوم,دانشگاه علوم پزشکی گیلان - رشت
1396,تجربی,1828,781,منطقه 2,دندانپزشکی,دانشگاه علوم پزشکی تبریز
1396,تجربی,1828,781,منطقه 2,پزشکی - نیمسال اول,دانشگاه علوم پزشکی همدان
1396,تجربی,1833,783,منطقه 2,دندانپزشکی,دانشگاه علوم پزشکی قزوین
1396,تجربی,1833,783,منطقه 2,دندانپزشکی,دانشگاه علوم پزشکی مازندران - ساری
1396,تجربی,1837,578,منطقه 1,پزشکی - نیمسال دوم,دانشگاه علوم پزشکی ارومیه
1396,تجربی,1837,786,منطقه 2,دندانپزشکی,دانشگاه علوم پزشکی یزد
1396,تجربی,1837,786,منطقه 2,پزشکی,دانشگاه علوم پزشکی بابل
1396,تجربی,1837,786,منطقه 2,پزشکی - نیمسال دوم,دانشگاه علوم پزشکی همدان
1396,تجربی,1841,223,منطقه 3,دندانپزشکی,دانشگاه علوم پزشکی یاسوج
1396,تجربی,1841,223,منطقه 3,پزشکی,دانشگاه علوم پزشکی کرمانشاه
1396,تجربی,1841,789,منطقه 2,دندانپزشکی,دانشگاه علوم پزشکی گیلان - رشت
1396,تجربی,1845,225,منطقه 3,پزشکی - نیمسال دوم,دانشگاه علوم پزشکی شیراز
1396,تجربی,1845,792,منطقه 2,پزشکی,دانشگاه علوم پزشکی قزوین
1396,تجربی,1845,792,منطقه 2,پزشکی - نیمسال اول,دانشگاه علوم پزشکی کرمان
1396,تجربی,1845,792,منطقه 2,پزشکی - نیمسال دوم,دانشگاه علوم پزشکی تبریز
1396,تجربی,1850,226,منطقه 3,پزشکی - نیمسال اول,دانشگاه علوم پزشکی مازندران - ساری
1396,تجربی,1850,580,منطقه 1,دندانپزشکی,دانشگاه علوم پزشکی تبریز - پردیس خودگردان
1396,تجربی,1850,580,منطقه 1,دندانپزشکی,دانشگاه علوم پزشکی قزوین
1396,تجربی,1850,580,منطقه 1,دندانپزشکی,دانشگاه علوم پزشکی مشهد - پردیس خودگردان
1396,تجربی,1850,794,منطقه 2,پزشکی - نیمسال اول,دانشگاه علوم پزشکی کرمان
1396,تجربی,1855,583,منطقه 1,پزشکی,دانشگاه علوم پزشکی فسا
1396,تجربی,1859,797,منطقه 2,دندانپزشکی,دانشگاه علوم پزشکی بابل
1396,تجربی,1859,797,منطقه 2,پزشکی,دانشگاه علوم پزشکی یزد
1396,تجربی,1859,797,منطقه 2,پزشکی - نیمسال اول,دانشگاه علوم پزشکی گیلان - رشت
1396,تجربی,1864,799,منطقه 2,دندانپزشکی,دانشگاه علوم پزشکی زنجان
1396,تجربی,1867,220,ایثارگر-5%,دندانپزشکی,دانشگاه علوم پزشکی یزد
1396,تجربی,1869,221,ایثارگر-5%,پزشکی - نیمسال اول,دانشگاه علوم پزشکی سمنان
1396,تجربی,1869,801,منطقه 2,پزشکی - نیمسال اول,دانشگاه علوم پزشکی کردستان - سنندج
1396,تجربی,1872,590,منطقه 1,دندانپزشکی,دانشگاه علوم پزشکی یزد
1396,تجربی,1872,802,منطقه 2,دندانپزشکی,دانشگاه علوم پزشکی شهرکرد
1396,تجربی,1872,802,منطقه 2,پزشکی - نیمسال دوم,دانشگاه علوم پزشکی همدان
1396,تجربی,1874,804,منطقه 2,پزشکی,دانشگاه علوم پزشکی قزوین
1396,تجربی,1876,805,منطقه 2,پزشکی - نیمسال دوم,دانشگاه علوم پزشکی تبریز
1396,تجربی,1881,808,منطقه 2,پزشکی,دانشگاه علوم پزشکی یزد
1396,تجربی,1881,808,منطقه 2,پزشکی - نیمسال اول,دانشگاه علوم پزشکی لرستان - خرم آباد
1396,تجربی,1881,808,منطقه 2,پزشکی - نیمسال اول,دانشگاه علوم پزشکی مازندران - ساری
1396,تجربی,1885,594,منطقه 1,دندانپزشکی,دانشگاه علوم پزشکی یزد
1396,تجربی,1885,811,منطقه 2,پزشکی,دانشگاه علوم پزشکی اردبیل
1396,تجربی,1885,811,منطقه 2,پزشکی - نیمسال اول,دانشگاه علوم پزشکی کرمان
1396,تجربی,1889,228,منطقه 3,پزشکی,دانشگاه علوم پزشکی زنجان
1396,تجربی,1889,813,منطقه 2,پزشکی,دانشگاه علوم پزشکی یزد
1396,تجربی,1889,813,منطقه 2,پزشکی - نیمسال اول,دانشگاه علوم پزشکی مازندران - ساری
1396,تجربی,1892,815,منطقه 2,پزشکی - نیمسال دوم,دانشگاه علوم پزشکی لرستان - خرم آباد
1396,تجربی,1897,223,ایثارگر-5%,پزشکی - نیمسال اول,دانشگاه علوم پزشکی جندی شاپور اهواز
1396,تجربی,1897,223,ایثارگر-5%,پزشکی - نیمسال دوم,دانشگاه علوم پزشکی گیلان - رشت
1396,تجربی,1897,229,منطقه 3,دندانپزشکی,دانشگاه علوم پزشکی کرمان
1396,تجربی,1897,597,منطقه 1,دندانپزشکی,دانشگاه علوم پزشکی ارومیه
1396,تجربی,1897,817,منطقه 2,پزشکی - نیمسال دوم,دانشگاه علوم پزشکی البرز - کرج
1396,تجربی,1897,817,منطقه 2,پزشکی - نیمسال دوم,دانشگاه علوم پزشکی گیلان - رشت
1396,تجربی,1904,599,منطقه 1,دندانپزشکی,دانشگاه علوم پزشکی بابل
1396,تجربی,1904,599,منطقه 1,دندانپزشکی,دانشگاه علوم پزشکی قم
1396,تجربی,1904,599,منطقه 1,دندانپزشکی,دانشگاه علوم پزشکی یزد
1396,تجربی,1904,820,منطقه 2,پزشکی - نیمسال دوم,دانشگاه علوم پزشکی تبریز
1396,تجربی,1904,820,منطقه 2,پزشکی - نیمسال دوم,دانشگاه علوم پزشکی گیلان - رشت
1396,تجربی,1910,602,منطقه 1,داروسازی,دانشگاه علوم پزشکی تهران
1396,تجربی,1910,822,منطقه 2,پزشکی - نیمسال دوم,دانشگاه علوم پزشکی گیلان - رشت
1396,تجربی,1912,823,منطقه 2,پزشکی,دانشگاه علوم پزشکی کاشان
1396,تجربی,1914,226,ایثارگر-5%,پزشکی,دانشگاه علوم پزشکی یزد
1396,تجربی,1914,825,منطقه 2,پزشکی - نیمسال اول,دانشگاه علوم پزشکی گیلان - رشت
1396,تجربی,1914,825,منطقه 2,پزشکی - نیمسال دوم,دانشگاه علوم پزشکی کردستان - سنندج
1396,تجربی,1914,825,منطقه 2,پزشکی - نیمسال دوم,دانشگاه علوم پزشکی گیلان - رشت
1396,تجربی,1918,827,منطقه 2,پزشکی - نیمسال دوم,دانشگاه علوم پزشکی گیلان - رشت
1396,تجربی,1922,230,منطقه 3,پزشکی - نیمسال اول,دانشگاه علوم پزشکی جندی شاپور اهواز
1396,تجربی,1922,230,منطقه 3,پزشکی - نیمسال اول,دانشگاه علوم پزشکی گیلان - رشت
1396,تجربی,1922,828,منطقه 2,پزشکی - نیمسال اول,دانشگاه علوم پزشکی جندی شاپور اهواز
1396,تجربی,1925,227,ایثارگر-5%,پزشکی,دانشگاه علوم پزشکی کرمانشاه
1396,تجربی,1925,829,منطقه 2,دندانپزشکی,دانشگاه علوم پزشکی کاشان
1396,تجربی,1929,831,منطقه 2,دندانپزشکی,دانشگاه علوم پزشکی بابل
1396,تجربی,1929,831,منطقه 2,دندانپزشکی,دانشگاه علوم پزشکی زنجان
1396,تجربی,1929,831,منطقه 2,پزشکی,دانشگاه علوم پزشکی گلستان - گرگان
1396,تجربی,1934,610,منطقه 1,پزشکی - نیمسال اول,دانشگاه علوم پزشکی ارومیه
1396,تجربی,1936,229,ایثارگر-5%,پزشکی,دانشگاه علوم پزشکی قزوین
1396,تجربی,1938,232,منطقه 3,پزشکی - نیمسال دوم,دانشگاه علوم پزشکی کرمان
1396,تجربی,1938,612,منطقه 1,دندانپزشکی,دانشگاه علوم پزشکی بیرجند
1396,تجربی,1938,834,منطقه 2,پزشکی,دانشگاه علوم پزشکی قم
1396,تجربی,1938,834,منطقه 2,پزشکی - نیمسال اول,دانشگاه علوم پزشکی همدان
1396,تجربی,1941,233,منطقه 3,پزشکی - نیمسال اول,دانشگاه علوم پزشکی جندی شاپور اهواز
1396,تجربی,1941,613,منطقه 1,پزشکی,دانشگاه علوم پزشکی یزد
1396,تجربی,1943,836,منطقه 2,دندانپزشکی,دانشگاه علوم پزشکی قزوین
1396,تجربی,1945,230,ایثارگر-5%,پزشکی,دانشگاه علوم پزشکی یزد
1396,تجربی,1950,234,منطقه 3,دندانپزشکی,دانشگاه علوم پزشکی شیراز
1396,تجربی,1950,616,منطقه 1,پزشکی,دانشگاه علوم پزشکی زنجان
1396,تجربی,1950,838,منطقه 2,پزشکی,دانشگاه علوم پزشکی بابل
1396,تجربی,1950,838,منطقه 2,پزشکی - نیمسال اول,دانشگاه علوم پزشکی سمنان
1396,تجربی,1950,838,منطقه 2,پزشکی - نیمسال اول,دانشگاه علوم پزشکی مازندران - ساری
1396,تجربی,1956,233,ایثارگر-5%,پزشکی,دانشگاه علوم پزشکی یزد
1396,تجربی,1956,235,منطقه 3,پزشکی - نیمسال اول,دانشگاه علوم پزشکی کردستان - سنندج
1396,تجربی,1956,840,منطقه 2,دندانپزشکی,دانشگاه علوم پزشکی مازندران - ساری
1396,تجربی,1956,840,منطقه 2,پزشکی - نیمسال اول,دانشگاه علوم پزشکی مازندران - ساری
1396,تجربی,1961,234,ایثارگر-5%,پزشکی,دانشگاه علوم پزشکی کرمانشاه
1396,تجربی,1961,236,منطقه 3,پزشکی,دانشگاه علوم پزشکی ایلام
1396,تجربی,1966,843,منطقه 2,پزشکی,دانشگاه علوم پزشکی اردبیل
1396,تجربی,1973,238,منطقه 3,پزشکی - نیمسال اول,دانشگاه علوم پزشکی شهید بهشتی - تهران
1396,تجربی,1973,620,منطقه 1,دندانپزشکی,دانشگاه علوم پزشکی تبریز - پردیس خودگردان
1396,تجربی,1973,620,منطقه 1,پزشکی,دانشگاه علوم پزشکی گلستان - گرگان
1396,تجربی,1973,846,منطقه 2,دندانپزشکی,دانشگاه علوم پزشکی همدان
1396,تجربی,1973,846,منطقه 2,پزشکی - نیمسال دوم,دانشگاه علوم پزشکی تبریز
1396,تجربی,1980,624,منطقه 1,پزشکی - نیمسال اول,دانشگاه علوم پزشکی ارومیه
1396,تجربی,1980,849,منطقه 2,پزشکی,دانشگاه علوم پزشکی کرمانشاه
1396,تجربی,1980,849,منطقه 2,پزشکی - نیمسال اول,دانشگاه علوم پزشکی لرستان - خرم آباد
1396,تجربی,1980,849,منطقه 2,پزشکی - نیمسال دوم,دانشگاه علوم پزشکی کرمان
1396,تجربی,1983,238,ایثارگر-5%,پزشکی - نیمسال دوم,دانشگاه علوم پزشکی تبریز
1396,تجربی,1985,625,منطقه 1,دندانپزشکی,دانشگاه علوم پزشکی ارومیه
1396,تجربی,1986,239,منطقه 3,دندانپزشکی,دانشگاه علوم پزشکی ارومیه
1396,تجربی,1986,851,منطقه 2,پزشکی,دانشگاه علوم پزشکی گلستان - گرگان
1396,تجربی,1989,626,منطقه 1,پزشکی - نیمسال دوم,دانشگاه علوم پزشکی کردستان - سنندج
1396,تجربی,1989,853,منطقه 2,پزشکی,دانشگاه علوم پزشکی اردبیل
1396,تجربی,1989,853,منطقه 2,پزشکی - نیمسال اول,دانشگاه علوم پزشکی همدان
1396,تجربی,1993,855,منطقه 2,پزشکی,دانشگاه علوم پزشکی اردبیل
1396,تجربی,1997,240,منطقه 3,پزشکی - نیمسال اول,دانشگاه علوم پزشکی همدان
1396,تجربی,2001,241,ایثارگر-5%,دندانپزشکی,دانشگاه علوم پزشکی ارومیه
1396,تجربی,2001,241,منطقه 3,دندانپزشکی,دانشگاه علوم پزشکی تبریز
1396,تجربی,2001,857,منطقه 2,پزشکی,دانشگاه علوم پزشکی زنجان
1396,تجربی,2001,857,منطقه 2,پزشکی,دانشگاه علوم پزشکی قم
1396,تجربی,2006,860,منطقه 2,دندانپزشکی,دانشگاه علوم پزشکی کرمان
1396,تجربی,2009,631,منطقه 1,دندانپزشکی,دانشگاه علوم پزشکی ارومیه
1396,تجربی,2009,631,منطقه 1,دندانپزشکی,دانشگاه علوم پزشکی گیلان - رشت
1396,تجربی,2012,633,منطقه 1,دندانپزشکی,دانشگاه علوم پزشکی یزد
1396,تجربی,2012,863,منطقه 2,پزشکی - نیمسال اول,دانشگاه علوم پزشکی جندی شاپور اهواز
1396,تجربی,2014,864,منطقه 2,پزشکی,دانشگاه علوم پزشکی زنجان
1396,تجربی,2018,242,ایثارگر-5%,پزشکی - نیمسال اول,دانشگاه علوم پزشکی جهرم
1396,تجربی,2018,243,منطقه 3,پزشکی - نیمسال اول,دانشگاه علوم پزشکی مازندران - ساری
1396,تجربی,2018,243,منطقه 3,پزشکی - نیمسال دوم,دانشگاه علوم پزشکی همدان
1396,تجربی,2018,636,منطقه 1,داروسازی,دانشگاه علوم پزشکی اصفهان
1396,تجربی,2018,636,منطقه 1,دندانپزشکی,دانشگاه علوم پزشکی یزد
1396,تجربی,2018,865,منطقه 2,دندانپزشکی,دانشگاه علوم پزشکی مازندران - ساری
1396,تجربی,2024,245,منطقه 3,پزشکی - نیمسال اول,دانشگاه علوم پزشکی کردستان - سنندج
1396,تجربی,2028,867,منطقه 2,داروسازی,دانشگاه علوم پزشکی زنجان
1396,تجربی,2028,867,منطقه 2,پزشکی - نیمسال اول,دانشگاه علوم پزشکی یاسوج
1396,تجربی,2031,870,منطقه 2,دندانپزشکی,دانشگاه علوم پزشکی بیرجند
1396,تجربی,2031,870,منطقه 2,دندانپزشکی,دانشگاه علوم پزشکی شیراز
1396,تجربی,2035,246,منطقه 3,دندانپزشکی,دانشگاه علوم پزشکی همدان
1396,تجربی,2035,641,منطقه 1,دندانپزشکی,دانشگاه علوم پزشکی یزد
1396,تجربی,2035,641,منطقه 1,پزشکی,دانشگاه علوم پزشکی قم
1396,تجربی,2035,641,منطقه 1,پزشکی - نیمسال اول,دانشگاه علوم پزشکی ارومیه
1396,تجربی,2035,872,منطقه 2,دندانپزشکی,دانشگاه علوم پزشکی همدان
1396,تجربی,2039,247,منطقه 3,دندانپزشکی,دانشگاه علوم پزشکی اردبیل
1396,تجربی,2041,248,منطقه 3,پزشکی,دانشگاه علوم پزشکی کرمانشاه
1396,تجربی,2041,643,منطقه 1,پزشکی - نیمسال اول,دانشگاه علوم پزشکی همدان
1396,تجربی,2041,874,منطقه 2,پزشکی,دانشگاه علوم پزشکی زنجان
1396,تجربی,2041,874,منطقه 2,پزشکی,دانشگاه علوم پزشکی کاشان
1396,تجربی,2045,877,منطقه 2,دندانپزشکی,دانشگاه علوم پزشکی زنجان
1396,تجربی,2045,877,منطقه 2,پزشکی,دانشگاه علوم پزشکی کاشان
1396,تجربی,2048,245,ایثارگر-5%,پزشکی,دانشگاه علوم پزشکی بقیه الله
1396,تجربی,2048,879,منطقه 2,دندانپزشکی,دانشگاه علوم پزشکی همدان
1396,تجربی,2050,645,منطقه 1,دندانپزشکی,دانشگاه علوم پزشکی ارومیه
1396,تجربی,2050,880,منطقه 2,پزشکی - نیمسال اول,دانشگاه علوم پزشکی مازندران - ساری
1396,تجربی,2054,246,ایثارگر-5%,پزشکی - نیمسال دوم,دانشگاه علوم پزشکی البرز - کرج
1396,تجربی,2054,249,منطقه 3,پزشکی - نیمسال اول,دانشگاه علوم پزشکی جندی شاپور اهواز
1396,تجربی,2054,646,منطقه 1,پزشکی - نیمسال اول,دانشگاه علوم پزشکی شهرکرد
1396,تجربی,2054,881,منطقه 2,پزشکی - نیمسال دوم,دانشگاه علوم پزشکی البرز - کرج
1396,تجربی,2058,648,منطقه 1,پزشکی - نیمسال دوم,دانشگاه علوم پزشکی شهیدبهشتی تهران - پردیس خودگردان
1396,تجربی,2058,882,منطقه 2,پزشکی - نیمسال اول,دانشگاه علوم پزشکی مازندران - ساری
1396,تجربی,2061,649,منطقه 1,دندانپزشکی,دانشگاه علوم پزشکی همدان
1396,تجربی,2065,248,ایثارگر-5%,پزشکی - نیمسال اول,دانشگاه علوم پزشکی سمنان
1396,تجربی,2065,885,منطقه 2,پزشکی,دانشگاه علوم پزشکی گلستان - گرگان
1396,تجربی,2068,250,منطقه 3,پزشکی - نیمسال دوم,دانشگاه علوم پزشکی همدان
1396,تجربی,2068,652,منطقه 1,پزشکی,دانشگاه علوم پزشکی فسا
1396,تجربی,2068,886,منطقه 2,پزشکی,دانشگاه علوم پزشکی زنجان
1396,تجربی,2072,251,منطقه 3,پزشکی,دانشگاه علوم پزشکی اردبیل
1396,تجربی,2072,653,منطقه 1,پزشکی - نیمسال اول,دانشگاه علوم پزشکی شهرکرد
1396,تجربی,2072,888,منطقه 2,پزشکی - نیمسال دوم,دانشگاه علوم پزشکی اراک
1396,تجربی,2077,655,منطقه 1,پزشکی,دانشگاه علوم پزشکی کاشان
1396,تجربی,2077,889,منطقه 2,پزشکی,دانشگاه علوم پزشکی کرمانشاه
1396,تجربی,2077,889,منطقه 2,پزشکی,دانشگاه علوم پزشکی یزد
1396,تجربی,2082,892,منطقه 2,پزشکی,دانشگاه علوم پزشکی زنجان
1396,تجربی,2082,892,منطقه 2,پزشکی,دانشگاه علوم پزشکی قزوین
1396,تجربی,2082,892,منطقه 2,پزشکی - نیمسال اول,دانشگاه علوم پزشکی جندی شاپور اهواز
1396,تجربی,2086,894,منطقه 2,داروسازی,دانشگاه علوم پزشکی تهران
1396,تجربی,2086,894,منطقه 2,دندانپزشکی,دانشگاه علوم پزشکی گیلان - رشت
1396,تجربی,2090,254,منطقه 3,پزشکی - نیمسال اول,دانشگاه علوم پزشکی کرمان
1396,تجربی,2090,896,منطقه 2,پزشکی - نیمسال اول,دانشگاه علوم پزشکی زاهدان
1396,تجربی,2094,255,منطقه 3,پزشکی - نیمسال اول,دانشگاه علوم پزشکی یاسوج
1396,تجربی,2094,255,منطقه 3,پزشکی - نیمسال دوم,دانشگاه علوم پزشکی همدان
1396,تجربی,2094,897,منطقه 2,پزشکی - نیمسال اول,دانشگاه علوم پزشکی مازندران - ساری
1396,تجربی,2098,252,ایثارگر-5%,پزشکی - نیمسال دوم,دانشگاه علوم پزشکی شیراز
1396,تجربی,2098,660,منطقه 1,پزشکی - نیمسال دوم,دانشگاه علوم پزشکی البرز - کرج
1396,تجربی,2103,253,ایثارگر-5%,پزشکی - نیمسال دوم,دانشگاه علوم پزشکی همدان
1396,تجربی,2103,901,منطقه 2,پزشکی - نیمسال اول,دانشگاه علوم پزشکی جندی شاپور اهواز
1396,تجربی,2103,901,منطقه 2,پزشکی - نیمسال دوم,دانشگاه علوم پزشکی همدان
1396,تجربی,2108,257,منطقه 3,پزشکی,دانشگاه علوم پزشکی کرمانشاه
1396,تجربی,2111,258,منطقه 3,دندانپزشکی,دانشگاه علوم پزشکی گیلان - رشت
1396,تجربی,2111,904,منطقه 2,پزشکی - نیمسال دوم,دانشگاه علوم پزشکی مازندران - ساری
1396,تجربی,2114,255,ایثارگر-5%,پزشکی - نیمسال اول,دانشگاه علوم پزشکی جندی شاپور اهواز
1396,تجربی,2114,260,منطقه 3,پزشکی,دانشگاه علوم پزشکی گلستان - گرگان
1396,تجربی,2114,905,منطقه 2,پزشکی,دانشگاه علوم پزشکی بیرجند
1396,تجربی,2118,256,ایثارگر-5%,پزشکی - نیمسال دوم,دانشگاه علوم پزشکی گیلان - رشت
1396,تجربی,2118,906,منطقه 2,پزشکی,دانشگاه علوم پزشکی کرمانشاه
1396,تجربی,2121,258,ایثارگر-5%,دندانپزشکی,دانشگاه علوم پزشکی مازندران - ساری
1396,تجربی,2121,907,منطقه 2,پزشکی - نیمسال اول,دانشگاه علوم پزشکی کرمان
1396,تجربی,2124,260,ایثارگر-5%,داروسازی,دانشگاه علوم پزشکی تهران
1396,تجربی,2124,261,منطقه 3,پزشکی - نیمسال اول,دانشگاه علوم پزشکی گیلان - رشت
1396,تجربی,2124,908,منطقه 2,پزشکی,دانشگاه علوم پزشکی گلستان - گرگان
1396,تجربی,2128,262,منطقه 3,دندانپزشکی,دانشگاه علوم پزشکی کرمان
1396,تجربی,2128,665,منطقه 1,دندانپزشکی,دانشگاه علوم پزشکی خراسان شمالی - بجنورد
1396,تجربی,2128,665,منطقه 1,دندانپزشکی,دانشگاه علوم پزشکی قم
1396,تجربی,2128,909,منطقه 2,پزشکی - نیمسال اول,دانشگاه علوم پزشکی ارومیه
1396,تجربی,2132,263,منطقه 3,دندانپزشکی,دانشگاه علوم پزشکی گیلان - رشت
1396,تجربی,2135,264,منطقه 3,پزشکی - نیمسال اول,دانشگاه علوم پزشکی شهید بهشتی - تهران
1396,تجربی,2139,913,منطقه 2,پزشکی,دانشگاه علوم پزشکی بابل
1396,تجربی,2139,913,منطقه 2,پزشکی,دانشگاه علوم پزشکی زنجان
1396,تجربی,2139,913,منطقه 2,پزشکی,دانشگاه علوم پزشکی قزوین
1396,تجربی,2139,913,منطقه 2,پزشکی,دانشگاه علوم پزشکی کرمانشاه
1396,تجربی,2149,262,ایثارگر-5%,دندانپزشکی,دانشگاه علوم پزشکی بیرجند
1396,تجربی,2149,917,منطقه 2,پزشکی - نیمسال اول,دانشگاه علوم پزشکی اراک
1396,تجربی,2149,917,منطقه 2,پزشکی - نیمسال دوم,دانشگاه علوم پزشکی همدان
1396,تجربی,2152,265,منطقه 3,پزشکی,دانشگاه علوم پزشکی ایلام
1396,تجربی,2152,674,منطقه 1,پزشکی,دانشگاه علوم پزشکی اردبیل
1396,تجربی,2155,919,منطقه 2,پزشکی,دانشگاه علوم پزشکی گلستان - گرگان
1396,تجربی,2161,266,منطقه 3,پزشکی,دانشگاه علوم پزشکی اردبیل
1396,تجربی,2161,922,منطقه 2,داروسازی,دانشگاه علوم پزشکی اصفهان
1396,تجربی,2161,922,منطقه 2,پزشکی,دانشگاه علوم پزشکی کرمانشاه
1396,تجربی,2165,925,منطقه 2,دندانپزشکی,دانشگاه علوم پزشکی یزد
1396,تجربی,2168,266,ایثارگر-5%,دندانپزشکی,دانشگاه علوم پزشکی گیلان - رشت
1396,تجربی,2168,926,منطقه 2,پزشکی,دانشگاه علوم پزشکی بابل - پردیس خودگردان
1396,تجربی,2168,926,منطقه 2,پزشکی - نیمسال اول,دانشگاه علوم پزشکی جندی شاپور اهواز
1396,تجربی,2173,267,منطقه 3,پزشکی,دانشگاه علوم پزشکی بوشهر
1396,تجربی,2173,678,منطقه 1,پزشکی,دانشگاه علوم پزشکی بیرجند
1396,تجربی,2173,929,منطقه 2,دندانپزشکی,دانشگاه علوم پزشکی کرمان
1396,تجربی,2177,268,ایثارگر-5%,داروسازی,دانشگاه علوم پزشکی اصفهان
1396,تجربی,2177,268,ایثارگر-5%,دندانپزشکی,دانشگاه علوم پزشکی شیراز
1396,تجربی,2177,931,منطقه 2,پزشکی,دانشگاه علوم پزشکی زنجان
1396,تجربی,2180,270,ایثارگر-5%,پزشکی,دانشگاه علوم پزشکی فسا
1396,تجربی,2180,679,منطقه 1,پزشکی - نیمسال اول,دانشگاه علوم پزشکی گیلان - رشت
1396,تجربی,2182,933,منطقه 2,پزشکی - نیمسال دوم,دانشگاه علوم پزشکی همدان
1396,تجربی,2185,268,منطقه 3,پزشکی,دانشگاه علوم پزشکی گلستان - گرگان
1396,تجربی,2185,680,منطقه 1,دندانپزشکی,دانشگاه علوم پزشکی همدان
1396,تجربی,2185,934,منطقه 2,پزشکی - نیمسال اول,دانشگاه علوم پزشکی اراک
1396,تجربی,2185,934,منطقه 2,پزشکی - نیمسال اول,دانشگاه علوم پزشکی ارومیه
1396,تجربی,2190,269,منطقه 3,پزشکی,دانشگاه علوم پزشکی بیرجند
1396,تجربی,2190,681,منطقه 1,دندانپزشکی,دانشگاه علوم پزشکی مازندران - ساری
1396,تجربی,2190,936,منطقه 2,دندانپزشکی,دانشگاه علوم پزشکی یزد
1396,تجربی,2190,936,منطقه 2,پزشکی - نیمسال اول,دانشگاه علوم پزشکی گیلان - رشت
1396,تجربی,2194,270,منطقه 3,دندانپزشکی,دانشگاه علوم پزشکی ارومیه
1396,تجربی,2198,271,منطقه 3,پزشکی - نیمسال دوم,دانشگاه علوم پزشکی تبریز
1396,تجربی,2198,274,ایثارگر-5%,پزشکی,دانشگاه علوم پزشکی فسا
1396,تجربی,2198,274,ایثارگر-5%,پزشکی,دانشگاه علوم پزشکی گلستان - گرگان
1396,تجربی,2198,274,ایثارگر-5%,پزشکی - نیمسال دوم,دانشگاه علوم پزشکی ارومیه
1396,تجربی,2198,938,منطقه 2,دندانپزشکی,دانشگاه علوم پزشکی کاشان
1396,تجربی,2202,277,ایثارگر-5%,پزشکی,دانشگاه علوم پزشکی کاشان
1396,تجربی,2202,939,منطقه 2,پزشکی - نیمسال اول,دانشگاه علوم پزشکی زاهدان
1396,تجربی,2205,684,منطقه 1,دندانپزشکی,دانشگاه علوم پزشکی کرمان
1396,تجربی,2205,940,منطقه 2,پزشکی,دانشگاه علوم پزشکی گلستان - گرگان
1396,تجربی,2208,278,ایثارگر-5%,پزشکی,دانشگاه علوم پزشکی اردبیل
1396,تجربی,2208,941,منطقه 2,دندانپزشکی,دانشگاه علوم پزشکی گیلان - رشت
1396,تجربی,2212,274,منطقه 3,پزشکی - نیمسال اول,دانشگاه علوم پزشکی کردستان - سنندج
1396,تجربی,2212,279,ایثارگر-5%,پزشکی - نیمسال اول,دانشگاه علوم پزشکی یاسوج
1396,تجربی,2217,687,منطقه 1,پزشکی,دانشگاه علوم پزشکی زنجان
1396,تجربی,2217,944,منطقه 2,دندانپزشکی,دانشگاه علوم پزشکی کاشان
1396,تجربی,2217,944,منطقه 2,پزشکی,دانشگاه علوم پزشکی زنجان
1396,تجربی,2222,276,منطقه 3,پزشکی - نیمسال دوم,دانشگاه علوم پزشکی همدان
1396,تجربی,2222,280,ایثارگر-5%,پزشکی,دانشگاه علوم پزشکی اردبیل
1396,تجربی,2222,688,منطقه 1,دندانپزشکی,دانشگاه علوم پزشکی تبریز - پردیس خودگردان
1396,تجربی,2222,946,منطقه 2,پزشکی,دانشگاه علوم پزشکی زنجان
1396,تجربی,2227,948,منطقه 2,پزشکی - نیمسال اول,دانشگاه علوم پزشکی سمنان
1396,تجربی,2231,277,منطقه 3,پزشکی - نیمسال اول,دانشگاه علوم پزشکی شهرکرد
1396,تجربی,2231,281,ایثارگر-5%,پزشکی - نیمسال دوم,دانشگاه علوم پزشکی مازندران - ساری
1396,تجربی,2231,691,منطقه 1,دندانپزشکی,دانشگاه علوم پزشکی زنجان
1396,تجربی,2231,950,منطقه 2,پزشکی,دانشگاه علوم پزشکی اردبیل
1396,تجربی,2235,283,ایثارگر-5%,دندانپزشکی,دانشگاه علوم پزشکی کرمانشاه
1396,تجربی,2235,692,منطقه 1,پزشکی - نیمسال دوم,دانشگاه علوم پزشکی همدان
1396,تجربی,2235,951,منطقه 2,دندانپزشکی,دانشگاه علوم پزشکی کرمان
1396,تجربی,2235,951,منطقه 2,پزشکی,دانشگاه علوم پزشکی بابل
1396,تجربی,2241,694,منطقه 1,داروسازی,دانشگاه علوم پزشکی تهران
1396,تجربی,2241,694,منطقه 1,پزشکی - نیمسال اول,دانشگاه علوم پزشکی البرز - کرج
1396,تجربی,2241,694,منطقه 1,پزشکی - نیمسال اول,دانشگاه علوم پزشکی جندی شاپور اهواز
1396,تجربی,2241,954,منطقه 2,پزشکی,دانشگاه علوم پزشکی بیرجند
1396,تجربی,2241,954,منطقه 2,پزشکی - نیمسال دوم,دانشگاه علوم پزشکی جندی شاپور اهواز
1396,تجربی,2245,284,ایثارگر-5%,پزشکی,دانشگاه علوم پزشکی کرمانشاه
1396,تجربی,2245,696,منطقه 1,پزشکی,دانشگاه علوم پزشکی زنجان
1396,تجربی,2245,956,منطقه 2,دندانپزشکی,دانشگاه علوم پزشکی همدان
1396,تجربی,2247,957,منطقه 2,دندانپزشکی,دانشگاه علوم پزشکی گیلان - رشت
1396,تجربی,2250,698,منطقه 1,پزشکی,دانشگاه علوم پزشکی قزوین
1396,تجربی,2250,698,منطقه 1,پزشکی,دانشگاه علوم پزشکی کاشان
1396,تجربی,2256,286,ایثارگر-5%,پزشکی - نیمسال اول,دانشگاه علوم پزشکی تبریز - پردیس خودگردان
1396,تجربی,2256,702,منطقه 1,پزشکی,دانشگاه علوم پزشکی قزوین
1396,تجربی,2256,959,منطقه 2,داروسازی,دانشگاه علوم پزشکی تهران
1396,تجربی,2259,287,ایثارگر-5%,داروسازی,دانشگاه علوم پزشکی تهران
1396,تجربی,2259,703,منطقه 1,پزشکی,دانشگاه علوم پزشکی کاشان
1396,تجربی,2264,705,منطقه 1,پزشکی,دانشگاه علوم پزشکی قم
1396,تجربی,2264,961,منطقه 2,داروسازی,دانشگاه علوم پزشکی مشهد
1396,تجربی,2264,961,منطقه 2,دندانپزشکی,دانشگاه علوم پزشکی کاشان
1396,تجربی,2269,289,ایثارگر-5%,دندانپزشکی,دانشگاه علوم پزشکی کرمان
1396,تجربی,2274,290,ایثارگر-5%,دندانپزشکی,دانشگاه علوم پزشکی بابل
1396,تجربی,2274,965,منطقه 2,پزشکی,دانشگاه علوم پزشکی اردبیل
1396,تجربی,2274,965,منطقه 2,پزشکی - نیمسال اول,دانشگاه علوم پزشکی سمنان
1396,تجربی,2280,279,منطقه 3,پزشکی,دانشگاه علوم پزشکی بابل
1396,تجربی,2280,710,منطقه 1,دندانپزشکی,دانشگاه علوم پزشکی بوشهر
1396,تجربی,2280,968,منطقه 2,پزشکی - نیمسال اول,دانشگاه علوم پزشکی سمنان
1396,تجربی,2282,969,منطقه 2,دندانپزشکی,دانشگاه علوم پزشکی کرمان
1396,تجربی,2289,292,ایثارگر-5%,دندانپزشکی,دانشگاه علوم پزشکی کاشان
1396,تجربی,2289,713,منطقه 1,پزشکی,دانشگاه علوم پزشکی زنجان
1396,تجربی,2289,971,منطقه 2,دندانپزشکی,دانشگاه علوم پزشکی بیرجند
1396,تجربی,2297,974,منطقه 2,پزشکی,دانشگاه علوم پزشکی گلستان - گرگان
1396,تجربی,2297,974,منطقه 2,پزشکی - نیمسال اول,دانشگاه علوم پزشکی جهرم
1396,تجربی,2297,974,منطقه 2,پزشکی - نیمسال دوم,دانشگاه علوم پزشکی گیلان - رشت
1396,تجربی,2301,716,منطقه 1,پزشکی,دانشگاه علوم پزشکی اردبیل
1396,تجربی,2303,282,منطقه 3,پزشکی - نیمسال دوم,دانشگاه علوم پزشکی شیراز
1396,تجربی,2303,717,منطقه 1,دندانپزشکی,دانشگاه علوم پزشکی تبریز - پردیس خودگردان
1396,تجربی,2303,977,منطقه 2,دندانپزشکی,دانشگاه علوم پزشکی زنجان
1396,تجربی,2308,719,منطقه 1,دندانپزشکی,دانشگاه علوم پزشکی شهرکرد
1396,تجربی,2308,719,منطقه 1,دندانپزشکی,دانشگاه علوم پزشکی کاشان
1396,تجربی,2308,979,منطقه 2,دندانپزشکی,دانشگاه علوم پزشکی اردبیل
1396,تجربی,2308,979,منطقه 2,دندانپزشکی,دانشگاه علوم پزشکی بوشهر
1396,تجربی,2308,979,منطقه 2,پزشکی - نیمسال اول,دانشگاه علوم پزشکی ارومیه
1396,تجربی,2312,981,منطقه 2,پزشکی,دانشگاه علوم پزشکی بوشهر
1396,تجربی,2314,982,منطقه 2,پزشکی - نیمسال دوم,دانشگاه علوم پزشکی همدان
1396,تجربی,2316,984,منطقه 2,پزشکی - نیمسال دوم,دانشگاه علوم پزشکی همدان
1396,تجربی,2318,284,منطقه 3,دندانپزشکی,دانشگاه علوم پزشکی همدان
1396,تجربی,2318,986,منطقه 2,پزشکی,دانشگاه علوم پزشکی اردبیل
1396,تجربی,2318,986,منطقه 2,پزشکی,دانشگاه علوم پزشکی کرمانشاه
1396,تجربی,2322,989,منطقه 2,داروسازی,دانشگاه علوم پزشکی تهران
1396,تجربی,2325,285,منطقه 3,پزشکی - نیمسال اول,دانشگاه علوم پزشکی کردستان - سنندج
1396,تجربی,2327,722,منطقه 1,پزشکی - نیمسال اول,دانشگاه علوم پزشکی شهرکرد
1396,تجربی,2327,991,منطقه 2,پزشکی - نیمسال دوم,دانشگاه علوم پزشکی مازندران - ساری
1396,تجربی,2331,724,منطقه 1,دندانپزشکی,دانشگاه علوم پزشکی شهرکرد
1396,تجربی,2331,992,منطقه 2,پزشکی,دانشگاه علوم پزشکی قم
1396,تجربی,2331,992,منطقه 2,پزشکی - نیمسال اول,دانشگاه علوم پزشکی اراک
1396,تجربی,2334,725,منطقه 1,دندانپزشکی,دانشگاه علوم پزشکی زنجان
1396,تجربی,2334,994,منطقه 2,پزشکی,دانشگاه علوم پزشکی قزوین
1396,تجربی,2338,297,ایثارگر-5%,پزشکی - نیمسال اول,دانشگاه علوم پزشکی جندی شاپور اهواز
1396,تجربی,2338,996,منطقه 2,پزشکی - نیمسال اول,دانشگاه علوم پزشکی شهیدبهشتی تهران - پردیس خودگردان
1396,تجربی,2338,996,منطقه 2,پزشکی - نیمسال دوم,دانشگاه علوم پزشکی همدان
1396,تجربی,2338,996,منطقه 2,پزشکی - نیمسال دوم,دانشگاه علوم پزشکی کرمان
1396,تجربی,2342,998,منطقه 2,دندانپزشکی,دانشگاه علوم پزشکی سمنان
1396,تجربی,2347,298,ایثارگر-5%,دندانپزشکی,دانشگاه علوم پزشکی سمنان
1396,تجربی,2347,730,منطقه 1,دندانپزشکی,دانشگاه علوم پزشکی کاشان
1396,تجربی,2353,732,منطقه 1,داروسازی,دانشگاه علوم پزشکی کرمانشاه
1396,تجربی,2358,286,منطقه 3,پزشکی - نیمسال اول,دانشگاه علوم پزشکی شهیدبهشتی تهران - پردیس خودگردان
1396,تجربی,2358,734,منطقه 1,پزشکی,دانشگاه علوم پزشکی قزوین
1396,تجربی,2358,1004,منطقه 2,پزشکی,دانشگاه علوم پزشکی یزد
1396,تجربی,2358,1004,منطقه 2,پزشکی - نیمسال اول,دانشگاه علوم پزشکی همدان
1396,تجربی,2364,289,منطقه 3,پزشکی,دانشگاه علوم پزشکی اردبیل
1396,تجربی,2364,289,منطقه 3,پزشکی,دانشگاه علوم پزشکی کرمانشاه
1396,تجربی,2364,289,منطقه 3,پزشکی - نیمسال اول,دانشگاه علوم پزشکی جندی شاپور اهواز
1396,تجربی,2364,289,منطقه 3,پزشکی - نیمسال اول,دانشگاه علوم پزشکی کردستان - سنندج
1396,تجربی,2367,736,منطقه 1,پزشکی,دانشگاه علوم پزشکی فسا
1396,تجربی,2373,293,منطقه 3,داروسازی,دانشگاه علوم پزشکی شهید بهشتی - تهران
1396,تجربی,2373,293,منطقه 3,دندانپزشکی,دانشگاه علوم پزشکی گلستان - گرگان
1396,تجربی,2373,293,منطقه 3,پزشکی,دانشگاه علوم پزشکی ایران
1396,تجربی,2373,301,ایثارگر-5%,پزشکی,دانشگاه علوم پزشکی بابل
1396,تجربی,2373,301,ایثارگر-5%,پزشکی - نیمسال دوم,دانشگاه علوم پزشکی جندی شاپور اهواز
1396,تجربی,2373,738,منطقه 1,دندانپزشکی,دانشگاه علوم پزشکی کاشان
1396,تجربی,2373,1007,منطقه 2,پزشکی - نیمسال اول,دانشگاه علوم پزشکی سمنان
1396,تجربی,2380,295,منطقه 3,دندانپزشکی,دانشگاه علوم پزشکی کرمان
1396,تجربی,2384,1011,منطقه 2,پزشکی - نیمسال دوم,دانشگاه علوم پزشکی همدان
1396,تجربی,2388,742,منطقه 1,داروسازی,دانشگاه علوم پزشکی تهران
1396,تجربی,2388,742,منطقه 1,پزشکی - نیمسال اول,دانشگاه علوم پزشکی گیلان - رشت
1396,تجربی,2388,1013,منطقه 2,پزشکی - نیمسال دوم,دانشگاه علوم پزشکی شهرکرد
1396,تجربی,2393,303,ایثارگر-5%,دندانپزشکی,دانشگاه علوم پزشکی کاشان
1396,تجربی,2393,1016,منطقه 2,پزشکی - نیمسال اول,دانشگاه علوم پزشکی جهرم
1396,تجربی,2396,1018,منطقه 2,پزشکی - نیمسال اول,دانشگاه علوم پزشکی سمنان
1396,تجربی,2396,1018,منطقه 2,پزشکی - نیمسال دوم,دانشگاه علوم پزشکی کرمان
1396,تجربی,2401,744,منطقه 1,پزشکی,دانشگاه علوم پزشکی کاشان
1396,تجربی,2401,1022,منطقه 2,دندانپزشکی,دانشگاه علوم پزشکی اردبیل
1396,تجربی,2401,1022,منطقه 2,پزشکی - نیمسال دوم,دانشگاه علوم پزشکی همدان
1396,تجربی,2406,745,منطقه 1,پزشکی,دانشگاه علوم پزشکی قزوین
1396,تجربی,2406,745,منطقه 1,پزشکی - نیمسال اول,دانشگاه علوم پزشکی شهرکرد
1396,تجربی,2406,1025,منطقه 2,پزشکی - نیمسال دوم,دانشگاه علوم پزشکی کرمان
1396,تجربی,2409,747,منطقه 1,پزشکی - نیمسال دوم,دانشگاه علوم پزشکی ارومیه
1396,تجربی,2412,749,منطقه 1,پزشکی,دانشگاه علوم پزشکی اردبیل
1396,تجربی,2412,1027,منطقه 2,پزشکی - نیمسال اول,دانشگاه علوم پزشکی شاهرود
1396,تجربی,2412,1027,منطقه 2,پزشکی - نیمسال اول,دانشگاه علوم پزشکی گیلان - رشت
1396,تجربی,2412,1027,منطقه 2,پزشکی - نیمسال دوم,دانشگاه علوم پزشکی کرمان
1396,تجربی,2417,297,منطقه 3,پزشکی,دانشگاه علوم پزشکی اردبیل
1396,تجربی,2417,297,منطقه 3,پزشکی,دانشگاه علوم پزشکی ایران
1396,تجربی,2417,751,منطقه 1,پزشکی,دانشگاه علوم پزشکی کاشان
1396,تجربی,2420,752,منطقه 1,پزشکی - نیمسال اول,دانشگاه علوم پزشکی تبریز - پردیس خودگردان
1396,تجربی,2420,1030,منطقه 2,پزشکی,دانشگاه علوم پزشکی بیرجند
1396,تجربی,2423,1031,منطقه 2,دندانپزشکی,دانشگاه علوم پزشکی گیلان - رشت
1396,تجربی,2425,307,ایثارگر-5%,پزشکی - نیمسال اول,دانشگاه علوم پزشکی شهرکرد
1396,تجربی,2426,753,منطقه 1,دندانپزشکی,دانشگاه علوم پزشکی شیراز - پردیس خودگردان
1396,تجربی,2426,1033,منطقه 2,پزشکی - نیمسال اول,دانشگاه علوم پزشکی شاهرود
1396,تجربی,2431,299,منطقه 3,داروسازی,دانشگاه علوم پزشکی تهران
1396,تجربی,2431,755,منطقه 1,دندانپزشکی,دانشگاه علوم پزشکی کرمان
1396,تجربی,2431,1034,منطقه 2,پزشکی,دانشگاه علوم پزشکی قم
1396,تجربی,2437,300,منطقه 3,پزشکی,دانشگاه علوم پزشکی بابل
1396,تجربی,2437,300,منطقه 3,پزشکی - نیمسال اول,دانشگاه علوم پزشکی کردستان - سنندج
1396,تجربی,2437,309,ایثارگر-5%,پزشکی,دانشگاه علوم پزشکی قزوین
1396,تجربی,2437,1036,منطقه 2,دندانپزشکی,دانشگاه علوم پزشکی مازندران - ساری
1396,تجربی,2437,1036,منطقه 2,پزشکی - نیمسال اول,دانشگاه علوم پزشکی کرمان
1396,تجربی,2441,302,منطقه 3,دندانپزشکی,دانشگاه علوم پزشکی شیراز
1396,تجربی,2441,302,منطقه 3,پزشکی - نیمسال اول,دانشگاه علوم پزشکی زاهدان
1396,تجربی,2441,757,منطقه 1,پزشکی - نیمسال اول,دانشگاه علوم پزشکی سمنان
1396,تجربی,2441,1038,منطقه 2,دندانپزشکی,دانشگاه علوم پزشکی زنجان
1396,تجربی,2444,758,منطقه 1,پزشکی,دانشگاه علوم پزشکی فسا
1396,تجربی,2448,304,منطقه 3,پزشکی - نیمسال دوم,دانشگاه علوم پزشکی همدان
1396,تجربی,2448,312,ایثارگر-5%,پزشکی,دانشگاه علوم پزشکی کرمانشاه
1396,تجربی,2452,305,منطقه 3,دندانپزشکی,دانشگاه علوم پزشکی تبریز
1396,تجربی,2452,305,منطقه 3,پزشکی,دانشگاه علوم پزشکی زنجان
1396,تجربی,2456,307,منطقه 3,پزشکی - نیمسال دوم,دانشگاه علوم پزشکی همدان
1396,تجربی,2456,307,منطقه 3,پزشکی - نیمسال دوم,دانشگاه علوم پزشکی کرمان
1396,تجربی,2456,1039,منطقه 2,دندانپزشکی,دانشگاه علوم پزشکی اردبیل
1396,تجربی,2456,1039,منطقه 2,پزشکی - نیمسال اول,دانشگاه علوم پزشکی گیلان - رشت
1396,تجربی,2460,309,منطقه 3,پزشکی - نیمسال دوم,دانشگاه علوم پزشکی یاسوج
1396,تجربی,2460,762,منطقه 1,دندانپزشکی,دانشگاه علوم پزشکی کرمان
1396,تجربی,2460,762,منطقه 1,پزشکی,دانشگاه علوم پزشکی قم
1396,تجربی,2465,310,منطقه 3,داروسازی - نیمسال اول,دانشگاه علوم پزشکی تبریز
1396,تجربی,2465,764,منطقه 1,پزشکی,دانشگاه علوم پزشکی قم
1396,تجربی,2465,1042,منطقه 2,داروسازی,دانشگاه علوم پزشکی اصفهان
1396,تجربی,2465,1042,منطقه 2,داروسازی,دانشگاه علوم پزشکی شهید بهشتی - تهران
1396,تجربی,2465,1042,منطقه 2,پزشکی - نیمسال اول,دانشگاه علوم پزشکی جندی شاپور اهواز
1396,تجربی,2469,311,منطقه 3,پزشکی - نیمسال اول,دانشگاه علوم پزشکی کردستان - سنندج
1396,تجربی,2473,312,منطقه 3,پزشکی,دانشگاه علوم پزشکی فسا
1396,تجربی,2473,766,منطقه 1,پزشکی,دانشگاه علوم پزشکی ایلام
1396,تجربی,2473,1046,منطقه 2,پزشکی,دانشگاه علوم پزشکی گناباد
1396,تجربی,2473,1046,منطقه 2,پزشکی - نیمسال اول,دانشگاه علوم پزشکی شاهرود
1396,تجربی,2479,767,منطقه 1,پزشکی,دانشگاه علوم پزشکی بیرجند
1396,تجربی,2479,1049,منطقه 2,پزشکی - نیمسال اول,دانشگاه علوم پزشکی سمنان
1396,تجربی,2479,1049,منطقه 2,پزشکی - نیمسال اول,دانشگاه علوم پزشکی کردستان - سنندج
1396,تجربی,2483,768,منطقه 1,دندانپزشکی,دانشگاه علوم پزشکی قم
1396,تجربی,2483,1052,منطقه 2,پزشکی,دانشگاه علوم پزشکی بیرجند
1396,تجربی,2487,769,منطقه 1,پزشکی,دانشگاه علوم پزشکی فسا
1396,تجربی,2487,1053,منطقه 2,پزشکی,دانشگاه علوم پزشکی زنجان
1396,تجربی,2491,317,ایثارگر-5%,پزشکی - نیمسال دوم,دانشگاه علوم پزشکی ارومیه
1396,تجربی,2491,1056,منطقه 2,پزشکی,دانشگاه علوم پزشکی گلستان - گرگان
1396,تجربی,2491,1056,منطقه 2,پزشکی - نیمسال اول,دانشگاه علوم پزشکی گیلان - رشت
1396,تجربی,2495,1058,منطقه 2,پزشکی - نیمسال اول,دانشگاه علوم پزشکی زاهدان
1396,تجربی,2500,315,منطقه 3,پزشکی,دانشگاه علوم پزشکی گلستان - گرگان
1396,تجربی,2500,319,ایثارگر-5%,پزشکی - نیمسال اول,دانشگاه علوم پزشکی لرستان - خرم آباد
1396,تجربی,2500,319,ایثارگر-5%,پزشکی - نیمسال اول,دانشگاه علوم پزشکی یاسوج
1396,تجربی,2500,319,ایثارگر-5%,پزشکی - نیمسال دوم,دانشگاه علوم پزشکی جهرم
1396,تجربی,2500,1060,منطقه 2,دندانپزشکی,دانشگاه علوم پزشکی گلستان - گرگان
1396,تجربی,2510,322,ایثارگر-5%,پزشکی - بومی استان اصفهان,دانشگاه علوم پزشکی کاشان
1396,تجربی,2510,1063,منطقه 2,پزشکی - نیمسال اول,دانشگاه علوم پزشکی لرستان - خرم آباد
1396,تجربی,2514,776,منطقه 1,دندانپزشکی,دانشگاه علوم پزشکی جندی شاپور اهواز
1396,تجربی,2514,1065,منطقه 2,پزشکی - نیمسال اول,دانشگاه علوم پزشکی اراک
1396,تجربی,2517,1067,منطقه 2,پزشکی,دانشگاه علوم پزشکی قم
1396,تجربی,2521,1069,منطقه 2,دندانپزشکی,دانشگاه علوم پزشکی گلستان - گرگان
1396,تجربی,2521,1069,منطقه 2,پزشکی,دانشگاه علوم پزشکی قم
1396,تجربی,2524,1072,منطقه 2,داروسازی,دانشگاه علوم پزشکی ارومیه
1396,تجربی,2524,1072,منطقه 2,دندانپزشکی,دانشگاه علوم پزشکی ارومیه
1396,تجربی,2524,1072,منطقه 2,پزشکی - نیمسال اول,دانشگاه علوم پزشکی اراک
1396,تجربی,2529,323,ایثارگر-5%,پزشکی,دانشگاه علوم پزشکی قم
1396,تجربی,2529,778,منطقه 1,پزشکی - نیمسال دوم,دانشگاه علوم پزشکی جندی شاپور اهواز
1396,تجربی,2529,1076,منطقه 2,داروسازی,دانشگاه علوم پزشکی اصفهان
1396,تجربی,2529,1076,منطقه 2,پزشکی,دانشگاه علوم پزشکی زنجان
1396,تجربی,2534,1080,منطقه 2,دندانپزشکی,دانشگاه علوم پزشکی همدان
1396,تجربی,2534,1080,منطقه 2,پزشکی - نیمسال اول,دانشگاه علوم پزشکی اراک
1396,تجربی,2534,1080,منطقه 2,پزشکی - نیمسال دوم,دانشگاه علوم پزشکی جندی شاپور اهواز
1396,تجربی,2539,319,منطقه 3,پزشکی,دانشگاه علوم پزشکی ایلام
1396,تجربی,2539,319,منطقه 3,پزشکی,دانشگاه علوم پزشکی یزد
1396,تجربی,2539,324,ایثارگر-5%,پزشکی,دانشگاه علوم پزشکی بیرجند
1396,تجربی,2545,321,منطقه 3,پزشکی - نیمسال دوم,دانشگاه علوم پزشکی شیراز
1396,تجربی,2545,781,منطقه 1,دندانپزشکی,دانشگاه علوم پزشکی اردبیل
1396,تجربی,2545,781,منطقه 1,دندانپزشکی,دانشگاه علوم پزشکی زنجان
1396,تجربی,2545,1083,منطقه 2,دندانپزشکی,دانشگاه علوم پزشکی گلستان - گرگان
1396,تجربی,2545,1083,منطقه 2,پزشکی - نیمسال اول,دانشگاه علوم پزشکی شاهرود
1396,تجربی,2551,322,منطقه 3,پزشکی - نیمسال اول,دانشگاه علوم پزشکی همدان
1396,تجربی,2551,322,منطقه 3,پزشکی - نیمسال دوم,دانشگاه علوم پزشکی البرز - کرج
1396,تجربی,2551,326,ایثارگر-5%,دندانپزشکی,دانشگاه علوم پزشکی زنجان
1396,تجربی,2551,326,ایثارگر-5%,پزشکی - نیمسال اول,دانشگاه علوم پزشکی همدان
1396,تجربی,2551,1085,منطقه 2,پزشکی,دانشگاه علوم پزشکی رفسنجان
1396,تجربی,2551,1085,منطقه 2,پزشکی - نیمسال اول,دانشگاه علوم پزشکی بندرعباس
1396,تجربی,2557,325,منطقه 3,پزشکی,دانشگاه علوم پزشکی ایلام
1396,تجربی,2557,325,منطقه 3,پزشکی - نیمسال دوم,دانشگاه علوم پزشکی کردستان - سنندج
1396,تجربی,2557,1087,منطقه 2,پزشکی - نیمسال اول,دانشگاه علوم پزشکی جندی شاپور اهواز
1396,تجربی,2561,328,ایثارگر-5%,دندانپزشکی,دانشگاه علوم پزشکی گلستان - گرگان
1396,تجربی,2561,1088,منطقه 2,پزشکی - نیمسال دوم,دانشگاه علوم پزشکی شهرکرد
1396,تجربی,2571,328,منطقه 3,پزشکی - نیمسال اول,دانشگاه علوم پزشکی جندی شاپور اهواز
1396,تجربی,2571,1091,منطقه 2,داروسازی - نیمسال اول,دانشگاه علوم پزشکی تبریز
1396,تجربی,2571,1091,منطقه 2,پزشکی,دانشگاه علوم پزشکی گلستان - گرگان
1396,تجربی,2576,791,منطقه 1,پزشکی,دانشگاه علوم پزشکی فسا
1396,تجربی,2576,1093,منطقه 2,پزشکی - نیمسال دوم,دانشگاه علوم پزشکی ارومیه
1396,تجربی,2581,329,منطقه 3,پزشکی,دانشگاه علوم پزشکی بیرجند
1396,تجربی,2581,1095,منطقه 2,دندانپزشکی,دانشگاه علوم پزشکی کرمانشاه
1396,تجربی,2581,1095,منطقه 2,پزشکی,دانشگاه علوم پزشکی فسا
1396,تجربی,2581,1095,منطقه 2,پزشکی - نیمسال دوم,دانشگاه علوم پزشکی مازندران - ساری
1396,تجربی,2585,331,ایثارگر-5%,پزشکی - نیمسال اول,دانشگاه علوم پزشکی جندی شاپور اهواز
1396,تجربی,2585,1097,منطقه 2,پزشکی - نیمسال اول,دانشگاه علوم پزشکی شاهرود
1396,تجربی,2588,1099,منطقه 2,دندانپزشکی,دانشگاه علوم پزشکی زنجان
1396,تجربی,2588,1099,منطقه 2,پزشکی - نیمسال دوم,دانشگاه علوم پزشکی کردستان - سنندج
1396,تجربی,2592,795,منطقه 1,دندانپزشکی,دانشگاه علوم پزشکی کرمان
1396,تجربی,2592,795,منطقه 1,پزشکی,دانشگاه علوم پزشکی زنجان
1396,تجربی,2592,1101,منطقه 2,پزشکی - نیمسال دوم,دانشگاه علوم پزشکی مازندران - ساری
1396,تجربی,2596,330,منطقه 3,پزشکی - نیمسال دوم,دانشگاه علوم پزشکی کردستان - سنندج
1396,تجربی,2596,797,منطقه 1,پزشکی - نیمسال دوم,دانشگاه علوم پزشکی شهرکرد
1396,تجربی,2601,1105,منطقه 2,دندانپزشکی,دانشگاه علوم پزشکی اردبیل
1396,تجربی,2601,1105,منطقه 2,دندانپزشکی,دانشگاه علوم پزشکی کرمان
1396,تجربی,2601,1105,منطقه 2,پزشکی - نیمسال اول,دانشگاه علوم پزشکی کرمان
1396,تجربی,2604,332,ایثارگر-5%,دندانپزشکی,دانشگاه علوم پزشکی مشهد
1396,تجربی,2604,1107,منطقه 2,دندانپزشکی,دانشگاه علوم پزشکی بابل - پردیس خودگردان
1396,تجربی,2611,332,منطقه 3,پزشکی - نیمسال اول,دانشگاه علوم پزشکی همدان
1396,تجربی,2611,332,منطقه 3,پزشکی - نیمسال دوم,دانشگاه علوم پزشکی کردستان - سنندج
1396,تجربی,2611,1110,منطقه 2,دندانپزشکی,دانشگاه علوم پزشکی سمنان
1396,تجربی,2611,1110,منطقه 2,دندانپزشکی,دانشگاه علوم پزشکی گلستان - گرگان
1396,تجربی,2611,1110,منطقه 2,پزشکی,دانشگاه علوم پزشکی ایلام
1396,تجربی,2611,1110,منطقه 2,پزشکی - نیمسال اول,دانشگاه علوم پزشکی همدان
1396,تجربی,2618,334,منطقه 3,پزشکی - نیمسال دوم,دانشگاه علوم پزشکی کردستان - سنندج
1396,تجربی,2618,1113,منطقه 2,داروسازی,دانشگاه علوم پزشکی گیلان - رشت
1396,تجربی,2623,336,منطقه 3,پزشکی,دانشگاه علوم پزشکی بقیه الله
1396,تجربی,2623,1115,منطقه 2,پزشکی - نیمسال دوم,دانشگاه علوم پزشکی اراک
1396,تجربی,2626,1117,منطقه 2,پزشکی,دانشگاه علوم پزشکی کاشان
1396,تجربی,2627,1118,منطقه 2,پزشکی,دانشگاه علوم پزشکی زنجان
1396,تجربی,2628,805,منطقه 1,دندانپزشکی,دانشگاه علوم پزشکی یاسوج
1396,تجربی,2628,1119,منطقه 2,داروسازی,دانشگاه علوم پزشکی شهید بهشتی - تهران
1396,تجربی,2632,337,منطقه 3,پزشکی,دانشگاه علوم پزشکی بوشهر
1396,تجربی,2632,337,منطقه 3,پزشکی - نیمسال اول,دانشگاه علوم پزشکی کرمان
1396,تجربی,2632,1120,منطقه 2,پزشکی,دانشگاه علوم پزشکی اردبیل
1396,تجربی,2632,1120,منطقه 2,پزشکی,دانشگاه علوم پزشکی گلستان - گرگان
1396,تجربی,2636,334,ایثارگر-5%,دندانپزشکی,دانشگاه علوم پزشکی سمنان
1396,تجربی,2636,334,ایثارگر-5%,پزشکی,دانشگاه علوم پزشکی اردبیل
1396,تجربی,2636,1122,منطقه 2,پزشکی,دانشگاه علوم پزشکی بابل
1396,تجربی,2643,339,منطقه 3,پزشکی,دانشگاه علوم پزشکی بیرجند
1396,تجربی,2643,810,منطقه 1,داروسازی,دانشگاه علوم پزشکی اصفهان
1396,تجربی,2643,810,منطقه 1,پزشکی - نیمسال دوم,دانشگاه علوم پزشکی گیلان - رشت
1396,تجربی,2643,1124,منطقه 2,دندانپزشکی,دانشگاه علوم پزشکی زنجان
1396,تجربی,2643,1124,منطقه 2,پزشکی - نیمسال اول,دانشگاه علوم پزشکی یاسوج
1396,تجربی,2643,1124,منطقه 2,پزشکی - نیمسال دوم,دانشگاه علوم پزشکی گیلان - رشت
1396,تجربی,2648,340,منطقه 3,دندانپزشکی,دانشگاه علوم پزشکی گیلان - رشت
1396,تجربی,2648,1127,منطقه 2,پزشکی - نیمسال دوم,دانشگاه علوم پزشکی سمنان
1396,تجربی,2651,812,منطقه 1,داروسازی,دانشگاه علوم پزشکی تهران
1396,تجربی,2651,1128,منطقه 2,پزشکی,دانشگاه علوم پزشکی گلستان - گرگان
1396,تجربی,2651,1128,منطقه 2,پزشکی - نیمسال دوم,دانشگاه علوم پزشکی اراک
1396,تجربی,2655,813,منطقه 1,پزشکی,دانشگاه علوم پزشکی فسا
1396,تجربی,2655,813,منطقه 1,پزشکی - نیمسال دوم,دانشگاه علوم پزشکی ارومیه
1396,تجربی,2659,342,منطقه 3,پزشکی - نیمسال دوم,دانشگاه علوم پزشکی گیلان - رشت
1396,تجربی,2659,1130,منطقه 2,پزشکی - نیمسال دوم,دانشگاه علوم پزشکی اراک
1396,تجربی,2665,816,منطقه 1,پزشکی - نیمسال اول,دانشگاه علوم پزشکی شاهرود
1396,تجربی,2665,1131,منطقه 2,پزشکی - نیمسال اول,دانشگاه علوم پزشکی کردستان - سنندج
1396,تجربی,2669,819,منطقه 1,داروسازی,دانشگاه علوم پزشکی شهید بهشتی - تهران
1396,تجربی,2671,820,منطقه 1,پزشکی - نیمسال دوم,دانشگاه علوم پزشکی ارومیه
1396,تجربی,2671,1133,منطقه 2,دندانپزشکی,دانشگاه علوم پزشکی زنجان
1396,تجربی,2671,1133,منطقه 2,پزشکی,دانشگاه علوم پزشکی زنجان
1396,تجربی,2675,821,منطقه 1,پزشکی - نیمسال اول,دانشگاه علوم پزشکی تبریز - پردیس خودگردان
1396,تجربی,2679,822,منطقه 1,دندانپزشکی,دانشگاه علوم پزشکی بوشهر
1396,تجربی,2679,1137,منطقه 2,دندانپزشکی,دانشگاه علوم پزشکی زنجان
1396,تجربی,2682,1138,منطقه 2,پزشکی - نیمسال دوم,دانشگاه علوم پزشکی اراک
1396,تجربی,2682,1138,منطقه 2,پزشکی - نیمسال دوم,دانشگاه علوم پزشکی کرمان
1396,تجربی,2685,346,منطقه 3,پزشکی - نیمسال اول,دانشگاه علوم پزشکی کرمان
1396,تجربی,2692,824,منطقه 1,دندانپزشکی,دانشگاه علوم پزشکی شهرکرد
1396,تجربی,2692,1142,منطقه 2,دندانپزشکی,دانشگاه علوم پزشکی بوشهر
1396,تجربی,2692,1142,منطقه 2,پزشکی - نیمسال دوم,دانشگاه علوم پزشکی گیلان - رشت
1396,تجربی,2699,342,ایثارگر-5%,دندانپزشکی,دانشگاه علوم پزشکی کرمانشاه
1396,تجربی,2699,349,منطقه 3,پزشکی - نیمسال دوم,دانشگاه علوم پزشکی شهید بهشتی - تهران
1396,تجربی,2699,826,منطقه 1,پزشکی,دانشگاه علوم پزشکی فسا
1396,تجربی,2704,350,منطقه 3,پزشکی - نیمسال دوم,دانشگاه علوم پزشکی شهید بهشتی - تهران
1396,تجربی,2704,829,منطقه 1,داروسازی,دانشگاه علوم پزشکی شیراز
1396,تجربی,2704,1145,منطقه 2,دندانپزشکی,دانشگاه علوم پزشکی جندی شاپور اهواز
1396,تجربی,2708,351,منطقه 3,پزشکی,دانشگاه علوم پزشکی بوشهر
1396,تجربی,2711,832,منطقه 1,پزشکی - نیمسال دوم,دانشگاه علوم پزشکی اراک
1396,تجربی,2711,1147,منطقه 2,پزشکی,دانشگاه علوم پزشکی کرمانشاه
1396,تجربی,2716,343,ایثارگر-5%,دندانپزشکی,دانشگاه علوم پزشکی قم
1396,تجربی,2716,343,ایثارگر-5%,پزشکی - نیمسال اول,دانشگاه علوم پزشکی ارومیه
1396,تجربی,2716,1151,منطقه 2,داروسازی,دانشگاه علوم پزشکی شیراز
1396,تجربی,2716,1151,منطقه 2,پزشکی,دانشگاه علوم پزشکی بابل
1396,تجربی,2716,1151,منطقه 2,پزشکی,دانشگاه علوم پزشکی زنجان
1396,تجربی,2722,352,منطقه 3,پزشکی,دانشگاه علوم پزشکی رفسنجان
1396,تجربی,2722,834,منطقه 1,دندانپزشکی,دانشگاه علوم پزشکی کرمانشاه
1396,تجربی,2726,345,ایثارگر-5%,دندانپزشکی,دانشگاه علوم پزشکی خراسان شمالی - بجنورد
1396,تجربی,2726,353,منطقه 3,پزشکی,دانشگاه علوم پزشکی بابل
1396,تجربی,2726,1155,منطقه 2,پزشکی - نیمسال اول,دانشگاه علوم پزشکی جندی شاپور اهواز
1396,تجربی,2729,836,منطقه 1,دندانپزشکی,دانشگاه علوم پزشکی یاسوج
1396,تجربی,2733,839,منطقه 1,داروسازی,دانشگاه علوم پزشکی شهید بهشتی - تهران
1396,تجربی,2733,839,منطقه 1,پزشکی,دانشگاه علوم پزشکی مشهد - پردیس خودگردان
1396,تجربی,2733,1157,منطقه 2,پزشکی - نیمسال دوم,دانشگاه علوم پزشکی شهرکرد
1396,تجربی,2733,1157,منطقه 2,پزشکی - نیمسال دوم,دانشگاه علوم پزشکی گیلان - رشت
1396,تجربی,2737,1159,منطقه 2,دندانپزشکی,دانشگاه علوم پزشکی کرمانشاه
1396,تجربی,2737,1159,منطقه 2,پزشکی,دانشگاه علوم پزشکی بابل
1396,تجربی,2740,841,منطقه 1,دندانپزشکی,دانشگاه علوم پزشکی سمنان
1396,تجربی,2740,1161,منطقه 2,پزشکی,دانشگاه علوم پزشکی فسا
1396,تجربی,2743,346,ایثارگر-5%,پزشکی,دانشگاه علوم پزشکی زنجان
1396,تجربی,2743,354,منطقه 3,پزشکی - نیمسال دوم,دانشگاه علوم پزشکی کردستان - سنندج
1396,تجربی,2746,843,منطقه 1,پزشکی,دانشگاه علوم پزشکی بابل
1396,تجربی,2746,1164,منطقه 2,پزشکی - نیمسال اول,دانشگاه علوم پزشکی جندی شاپور اهواز
1396,تجربی,2746,1164,منطقه 2,پزشکی - نیمسال دوم,دانشگاه علوم پزشکی مازندران - ساری
1396,تجربی,2751,347,ایثارگر-5%,پزشکی,دانشگاه علوم پزشکی بابل
1396,تجربی,2751,355,منطقه 3,پزشکی - نیمسال اول,دانشگاه علوم پزشکی زاهدان
1396,تجربی,2751,844,منطقه 1,پزشکی - نیمسال اول,دانشگاه علوم پزشکی البرز - کرج
1396,تجربی,2755,348,ایثارگر-5%,پزشکی - نیمسال دوم,دانشگاه علوم پزشکی البرز - کرج
1396,تجربی,2755,1167,منطقه 2,پزشکی - نیمسال دوم,دانشگاه علوم پزشکی جندی شاپور اهواز
1396,تجربی,2759,847,منطقه 1,پزشکی,دانشگاه علوم پزشکی قم
1396,تجربی,2764,349,ایثارگر-5%,پزشکی - نیمسال اول,دانشگاه علوم پزشکی کردستان - سنندج
1396,تجربی,2764,357,منطقه 3,پزشکی,دانشگاه علوم پزشکی بقیه الله
1396,تجربی,2764,849,منطقه 1,دندانپزشکی,دانشگاه علوم پزشکی قم
1396,تجربی,2767,359,منطقه 3,پزشکی - نیمسال دوم,دانشگاه علوم پزشکی همدان
1396,تجربی,2769,1170,منطقه 2,داروسازی,دانشگاه علوم پزشکی تهران
1396,تجربی,2773,361,منطقه 3,پزشکی - نیمسال اول,دانشگاه علوم پزشکی شهرکرد
1396,تجربی,2773,852,منطقه 1,پزشکی - نیمسال اول,دانشگاه علوم پزشکی بندرعباس
1396,تجربی,2773,852,منطقه 1,پزشکی - نیمسال اول,دانشگاه علوم پزشکی جهرم
1396,تجربی,2779,855,منطقه 1,پزشکی - نیمسال دوم,دانشگاه علوم پزشکی ارومیه
1396,تجربی,2779,1173,منطقه 2,دندانپزشکی,دانشگاه علوم پزشکی گلستان - گرگان
1396,تجربی,2779,1173,منطقه 2,پزشکی,دانشگاه علوم پزشکی بابل
1396,تجربی,2779,1173,منطقه 2,پزشکی - نیمسال دوم,دانشگاه علوم پزشکی اراک
1396,تجربی,2779,1173,منطقه 2,پزشکی - نیمسال دوم,دانشگاه علوم پزشکی جندی شاپور اهواز
1396,تجربی,2782,1176,منطقه 2,دندانپزشکی,دانشگاه علوم پزشکی قم
1396,تجربی,2784,856,منطقه 1,داروسازی,دانشگاه علوم پزشکی شیراز
1396,تجربی,2784,856,منطقه 1,پزشکی - نیمسال اول,دانشگاه علوم پزشکی البرز - کرج
1396,تجربی,2784,1177,منطقه 2,پزشکی,دانشگاه علوم پزشکی بابل
1396,تجربی,2787,362,منطقه 3,پزشکی,دانشگاه علوم پزشکی بیرجند
1396,تجربی,2787,1178,منطقه 2,دندانپزشکی,دانشگاه علوم پزشکی گلستان - گرگان
1396,تجربی,2787,1178,منطقه 2,پزشکی - نیمسال دوم,دانشگاه علوم پزشکی گیلان - رشت
1396,تجربی,2789,363,منطقه 3,پزشکی - نیمسال دوم,دانشگاه علوم پزشکی جندی شاپور اهواز
1396,تجربی,2793,351,ایثارگر-5%,پزشکی - نیمسال دوم,دانشگاه علوم پزشکی ارومیه
1396,تجربی,2793,858,منطقه 1,داروسازی,دانشگاه علوم پزشکی مشهد
1396,تجربی,2793,1182,منطقه 2,پزشکی - نیمسال دوم,دانشگاه علوم پزشکی شهرکرد
1396,تجربی,2797,859,منطقه 1,دندانپزشکی,دانشگاه علوم پزشکی اراک
1396,تجربی,2797,1184,منطقه 2,پزشکی - نیمسال دوم,دانشگاه علوم پزشکی اراک
1396,تجربی,2800,352,ایثارگر-5%,پزشکی - نیمسال دوم,دانشگاه علوم پزشکی سمنان
1396,تجربی,2800,860,منطقه 1,پزشکی,دانشگاه علوم پزشکی کاشان
1396,تجربی,2804,1187,منطقه 2,دندانپزشکی,دانشگاه علوم پزشکی سمنان
1396,تجربی,2809,862,منطقه 1,پزشکی,دانشگاه علوم پزشکی فسا
1396,تجربی,2809,1189,منطقه 2,پزشکی,دانشگاه علوم پزشکی بوشهر
1396,تجربی,2809,1189,منطقه 2,پزشکی - نیمسال اول,دانشگاه علوم پزشکی سبزوار
1396,تجربی,2813,1191,منطقه 2,پزشکی - نیمسال دوم,دانشگاه علوم پزشکی جندی شاپور اهواز
1396,تجربی,2816,365,منطقه 3,پزشکی - نیمسال اول,دانشگاه علوم پزشکی ارومیه
1396,تجربی,2816,365,منطقه 3,پزشکی - نیمسال دوم,دانشگاه علوم پزشکی اراک
1396,تجربی,2826,368,منطقه 3,پزشکی,دانشگاه علوم پزشکی بیرجند
1396,تجربی,2826,368,منطقه 3,پزشکی - نیمسال دوم,دانشگاه علوم پزشکی یاسوج
1396,تجربی,2826,1195,منطقه 2,پزشکی,دانشگاه علوم پزشکی رفسنجان
1396,تجربی,2826,1195,منطقه 2,پزشکی - نیمسال دوم,دانشگاه علوم پزشکی مازندران - ساری
1396,تجربی,2836,359,ایثارگر-5%,دندانپزشکی,دانشگاه علوم پزشکی قم
1396,تجربی,2836,370,منطقه 3,دندانپزشکی,دانشگاه علوم پزشکی سمنان
1396,تجربی,2836,370,منطقه 3,پزشکی - نیمسال دوم,دانشگاه علوم پزشکی اراک
1396,تجربی,2836,869,منطقه 1,دندانپزشکی,دانشگاه علوم پزشکی زنجان
1396,تجربی,2836,1199,منطقه 2,پزشکی,دانشگاه علوم پزشکی اردبیل
1396,تجربی,2836,1199,منطقه 2,پزشکی - نیمسال دوم,دانشگاه علوم پزشکی جندی شاپور اهواز
1396,تجربی,2842,871,منطقه 1,دندانپزشکی,دانشگاه علوم پزشکی تبریز - پردیس خودگردان
1396,تجربی,2848,360,ایثارگر-5%,پزشکی - نیمسال اول,دانشگاه علوم پزشکی مازندران - ساری
1396,تجربی,2848,360,ایثارگر-5%,پزشکی - نیمسال دوم,دانشگاه علوم پزشکی ارومیه
1396,تجربی,2848,372,منطقه 3,پزشکی - نیمسال دوم,دانشگاه علوم پزشکی مازندران - ساری
1396,تجربی,2848,1203,منطقه 2,پزشکی - نیمسال دوم,دانشگاه علوم پزشکی مازندران - ساری
1396,تجربی,2853,875,منطقه 1,داروسازی - نیمسال اول,دانشگاه علوم پزشکی تبریز
1396,تجربی,2853,1205,منطقه 2,دندانپزشکی,دانشگاه علوم پزشکی کرمانشاه
1396,تجربی,2855,362,ایثارگر-5%,پزشکی - نیمسال دوم,دانشگاه علوم پزشکی شهرکرد
1396,تجربی,2858,363,ایثارگر-5%,دندانپزشکی,دانشگاه علوم پزشکی بوشهر
1396,تجربی,2858,877,منطقه 1,پزشکی - نیمسال اول,دانشگاه علوم پزشکی جهرم
1396,تجربی,2858,877,منطقه 1,پزشکی - نیمسال دوم,دانشگاه علوم پزشکی سمنان
1396,تجربی,2862,374,منطقه 3,پزشکی - نیمسال دوم,دانشگاه علوم پزشکی جندی شاپور اهواز
1396,تجربی,2862,1208,منطقه 2,پزشکی - نیمسال دوم,دانشگاه علوم پزشکی ارومیه
1396,تجربی,2867,880,منطقه 1,پزشکی,دانشگاه علوم پزشکی بابل
1396,تجربی,2867,880,منطقه 1,پزشکی,دانشگاه علوم پزشکی بیرجند
1396,تجربی,2867,1210,منطقه 2,داروسازی,دانشگاه علوم پزشکی زنجان
1396,تجربی,2867,1210,منطقه 2,پزشکی,دانشگاه علوم پزشکی بیرجند
1396,تجربی,2867,1210,منطقه 2,پزشکی - نیمسال دوم,دانشگاه علوم پزشکی جندی شاپور اهواز
1396,تجربی,2867,1210,منطقه 2,پزشکی - نیمسال دوم,دانشگاه علوم پزشکی گیلان - رشت
1396,تجربی,2872,882,منطقه 1,پزشکی,دانشگاه علوم پزشکی فسا
1396,تجربی,2872,1214,منطقه 2,پزشکی,دانشگاه علوم پزشکی ایلام
1396,تجربی,2872,1214,منطقه 2,پزشکی,دانشگاه علوم پزشکی رفسنجان
1396,تجربی,2876,364,ایثارگر-5%,دندانپزشکی,دانشگاه علوم پزشکی قم
1396,تجربی,2876,364,ایثارگر-5%,دندانپزشکی,دانشگاه علوم پزشکی گلستان - گرگان
1396,تجربی,2876,375,منطقه 3,پزشکی - نیمسال دوم,دانشگاه علوم پزشکی کرمان
1396,تجربی,2879,1216,منطقه 2,پزشکی,دانشگاه علوم پزشکی اردبیل
1396,تجربی,2881,376,منطقه 3,پزشکی - نیمسال اول,دانشگاه علوم پزشکی کرمان
1396,تجربی,2881,1217,منطقه 2,پزشکی - نیمسال اول,دانشگاه علوم پزشکی البرز - کرج
1396,تجربی,2885,1218,منطقه 2,پزشکی,دانشگاه علوم پزشکی زنجان
1396,تجربی,2890,377,منطقه 3,پزشکی,دانشگاه علوم پزشکی بابل
1396,تجربی,2890,889,منطقه 1,دندانپزشکی,دانشگاه علوم پزشکی زنجان
1396,تجربی,2890,889,منطقه 1,پزشکی - نیمسال دوم,دانشگاه علوم پزشکی مازندران - ساری
1396,تجربی,2890,889,منطقه 1,پزشکی - نیمسال دوم,دانشگاه علوم پزشکی گیلان - رشت
1396,تجربی,2890,1220,منطقه 2,دندانپزشکی,دانشگاه علوم پزشکی جندی شاپور اهواز
1396,تجربی,2896,366,ایثارگر-5%,پزشکی - نیمسال اول,دانشگاه علوم پزشکی شاهرود
1396,تجربی,2896,378,منطقه 3,دندانپزشکی,دانشگاه علوم پزشکی کرمانشاه
1396,تجربی,2896,892,منطقه 1,داروسازی,دانشگاه علوم پزشکی البرز - کرج
1396,تجربی,2896,1221,منطقه 2,پزشکی,دانشگاه علوم پزشکی بیرجند
1396,تجربی,2896,1221,منطقه 2,پزشکی - نیمسال دوم,دانشگاه علوم پزشکی سمنان
1396,تجربی,2901,379,منطقه 3,پزشکی,دانشگاه علوم پزشکی بیرجند
1396,تجربی,2901,1223,منطقه 2,پزشکی,دانشگاه علوم پزشکی کرمانشاه
1396,تجربی,2905,368,ایثارگر-5%,پزشکی,دانشگاه علوم پزشکی کاشان
1396,تجربی,2905,380,منطقه 3,پزشکی - نیمسال اول,دانشگاه علوم پزشکی کرمان
1396,تجربی,2905,894,منطقه 1,دندانپزشکی,دانشگاه علوم پزشکی اراک
1396,تجربی,2911,381,منطقه 3,دندانپزشکی,دانشگاه علوم پزشکی کرمان
1396,تجربی,2911,381,منطقه 3,پزشکی - نیمسال دوم,دانشگاه علوم پزشکی شهرکرد
1396,تجربی,2911,896,منطقه 1,پزشکی,دانشگاه علوم پزشکی بوشهر
1396,تجربی,2911,896,منطقه 1,پزشکی,دانشگاه علوم پزشکی کاشان
1396,تجربی,2911,1226,منطقه 2,پزشکی,دانشگاه علوم پزشکی زنجان
1396,تجربی,2916,1228,منطقه 2,داروسازی,دانشگاه علوم پزشکی البرز - کرج
1396,تجربی,2921,383,منطقه 3,پزشکی - نیمسال دوم,دانشگاه علوم پزشکی کردستان - سنندج
1396,تجربی,2921,898,منطقه 1,پزشکی - نیمسال اول,دانشگاه علوم پزشکی شیراز - پردیس خودگردان
1396,تجربی,2921,898,منطقه 1,پزشکی - نیمسال دوم,دانشگاه علوم پزشکی گیلان - رشت
1396,تجربی,2921,1231,منطقه 2,پزشکی - نیمسال اول,دانشگاه علوم پزشکی کرمان
1396,تجربی,2921,1231,منطقه 2,پزشکی - نیمسال دوم,دانشگاه علوم پزشکی اراک
1396,تجربی,2927,371,ایثارگر-5%,دندانپزشکی,دانشگاه علوم پزشکی گلستان - گرگان
1396,تجربی,2927,1234,منطقه 2,دندانپزشکی,دانشگاه علوم پزشکی رفسنجان
1396,تجربی,2927,1234,منطقه 2,دندانپزشکی,دانشگاه علوم پزشکی گلستان - گرگان
1396,تجربی,2927,1234,منطقه 2,پزشکی,دانشگاه علوم پزشکی زنجان
1396,تجربی,2927,1234,منطقه 2,پزشکی - نیمسال اول,دانشگاه علوم پزشکی کرمان
1396,تجربی,2931,384,منطقه 3,پزشکی - نیمسال اول,دانشگاه علوم پزشکی کرمان
1396,تجربی,2931,1237,منطقه 2,پزشکی - نیمسال دوم,دانشگاه علوم پزشکی سمنان
1396,تجربی,2935,372,ایثارگر-5%,پزشکی - نیمسال دوم,دانشگاه علوم پزشکی مازندران - ساری
1396,تجربی,2935,1238,منطقه 2,دندانپزشکی,دانشگاه علوم پزشکی سمنان
1396,تجربی,2939,1240,منطقه 2,دندانپزشکی,دانشگاه علوم پزشکی جندی شاپور اهواز
1396,تجربی,2939,1240,منطقه 2,دندانپزشکی,دانشگاه علوم پزشکی کرمانشاه
1396,تجربی,2939,1240,منطقه 2,پزشکی,دانشگاه علوم پزشکی زنجان
1396,تجربی,2945,386,منطقه 3,پزشکی,دانشگاه علوم پزشکی یزد
1396,تجربی,2945,1243,منطقه 2,پزشکی - نیمسال دوم,دانشگاه علوم پزشکی همدان
1396,تجربی,2955,375,ایثارگر-5%,دندانپزشکی - نیمسال اول,دانشگاه علوم پزشکی زاهدان
1396,تجربی,2955,375,ایثارگر-5%,پزشکی,دانشگاه علوم پزشکی رفسنجان
1396,تجربی,2955,387,منطقه 3,دندانپزشکی,دانشگاه علوم پزشکی تهران
1396,تجربی,2955,905,منطقه 1,دندانپزشکی,دانشگاه علوم پزشکی اراک
1396,تجربی,2955,1248,منطقه 2,دندانپزشکی,دانشگاه علوم پزشکی اراک
1396,تجربی,2955,1248,منطقه 2,پزشکی,دانشگاه علوم پزشکی ایلام
1396,تجربی,2955,1248,منطقه 2,پزشکی,دانشگاه علوم پزشکی رفسنجان
1396,تجربی,2962,388,منطقه 3,پزشکی - نیمسال دوم,دانشگاه علوم پزشکی شهرکرد
1396,تجربی,2962,388,منطقه 3,پزشکی - نیمسال دوم,دانشگاه علوم پزشکی شهید بهشتی - تهران
1396,تجربی,2962,906,منطقه 1,داروسازی - نیمسال اول,دانشگاه علوم پزشکی تبریز
1396,تجربی,2965,907,منطقه 1,پزشکی,دانشگاه علوم پزشکی بابل
1396,تجربی,2965,1252,منطقه 2,دندانپزشکی,دانشگاه علوم پزشکی اراک
1396,تجربی,2969,378,ایثارگر-5%,دندانپزشکی,دانشگاه علوم پزشکی اراک
1396,تجربی,2969,390,منطقه 3,پزشکی - نیمسال دوم,دانشگاه علوم پزشکی شاهرود
1396,تجربی,2973,391,منطقه 3,پزشکی - نیمسال اول,دانشگاه علوم پزشکی یاسوج
1396,تجربی,2980,392,منطقه 3,پزشکی - نیمسال دوم,دانشگاه علوم پزشکی خراسان شمالی - بجنورد
1396,تجربی,2980,392,منطقه 3,پزشکی - نیمسال دوم,دانشگاه علوم پزشکی کردستان - سنندج
1396,تجربی,2980,912,منطقه 1,پزشکی,دانشگاه علوم پزشکی رفسنجان
1396,تجربی,2980,912,منطقه 1,پزشکی - نیمسال اول,دانشگاه علوم پزشکی جهرم
1396,تجربی,2980,1255,منطقه 2,پزشکی - نیمسال اول,دانشگاه علوم پزشکی سبزوار
1396,تجربی,2987,394,منطقه 3,داروسازی,دانشگاه علوم پزشکی تهران
1396,تجربی,2987,394,منطقه 3,دندانپزشکی - بومی استان کهکیلویه و بویر احمد,دانشگاه علوم پزشکی یاسوج
1396,تجربی,2987,914,منطقه 1,دندانپزشکی,دانشگاه علوم پزشکی رفسنجان
1396,تجربی,2993,396,منطقه 3,پزشکی - نیمسال دوم,دانشگاه علوم پزشکی تبریز
1396,تجربی,2993,917,منطقه 1,داروسازی,دانشگاه علوم پزشکی شهید بهشتی - تهران
1396,تجربی,2993,917,منطقه 1,پزشکی,دانشگاه علوم پزشکی اردبیل
1396,تجربی,2993,1258,منطقه 2,دندانپزشکی,دانشگاه علوم پزشکی قم
1396,تجربی,3000,397,منطقه 3,داروسازی,دانشگاه علوم پزشکی مشهد
1396,تجربی,3000,397,منطقه 3,دندانپزشکی,دانشگاه علوم پزشکی جندی شاپور اهواز
1396,تجربی,3000,920,منطقه 1,داروسازی,دانشگاه علوم پزشکی زنجان
1396,تجربی,3000,1261,منطقه 2,پزشکی - نیمسال اول,دانشگاه علوم پزشکی جندی شاپور اهواز
1396,تجربی,3000,1261,منطقه 2,پزشکی - نیمسال اول,دانشگاه علوم پزشکی شهرکرد
1396,تجربی,3000,1261,منطقه 2,پزشکی - نیمسال دوم,دانشگاه علوم پزشکی سمنان
1396,تجربی,3000,1261,منطقه 2,پزشکی - نیمسال دوم,دانشگاه علوم پزشکی کردستان - سنندج
1396,تجربی,3006,399,منطقه 3,پزشکی - نیمسال دوم,دانشگاه علوم پزشکی کرمان
1396,تجربی,3006,1264,منطقه 2,پزشکی,دانشگاه علوم پزشکی بابل
1396,تجربی,3010,922,منطقه 1,داروسازی,دانشگاه علوم پزشکی اصفهان
1396,تجربی,3010,1265,منطقه 2,دندانپزشکی,دانشگاه علوم پزشکی کرمانشاه
1396,تجربی,3018,1268,منطقه 2,پزشکی,دانشگاه علوم پزشکی اردبیل
1396,تجربی,3018,1268,منطقه 2,پزشکی,دانشگاه علوم پزشکی فسا
1396,تجربی,3018,1268,منطقه 2,پزشکی - نیمسال دوم,دانشگاه علوم پزشکی لرستان - خرم آباد
1396,تجربی,3023,926,منطقه 1,داروسازی,دانشگاه علوم پزشکی شیراز
1396,تجربی,3023,1272,منطقه 2,دندانپزشکی,دانشگاه علوم پزشکی کرمانشاه
1396,تجربی,3023,1272,منطقه 2,پزشکی,دانشگاه علوم پزشکی بیرجند
1396,تجربی,3028,385,ایثارگر-5%,پزشکی,دانشگاه علوم پزشکی رفسنجان
1396,تجربی,3028,385,ایثارگر-5%,پزشکی - نیمسال اول,دانشگاه علوم پزشکی کردستان - سنندج
1396,تجربی,3028,1275,منطقه 2,دندانپزشکی,دانشگاه علوم پزشکی رفسنجان
1396,تجربی,3028,1275,منطقه 2,دندانپزشکی,دانشگاه علوم پزشکی گلستان - گرگان
1396,تجربی,3034,387,ایثارگر-5%,دندانپزشکی,دانشگاه علوم پزشکی بیرجند
1396,تجربی,3034,387,ایثارگر-5%,علوم تغذیه,دانشگاه علوم پزشکی شیراز
1396,تجربی,3034,928,منطقه 1,دندانپزشکی,دانشگاه علوم پزشکی اراک
1396,تجربی,3034,1277,منطقه 2,دندانپزشکی,دانشگاه علوم پزشکی اراک
1396,تجربی,3041,390,ایثارگر-5%,دندانپزشکی,دانشگاه علوم پزشکی یاسوج
1396,تجربی,3041,930,منطقه 1,دندانپزشکی,دانشگاه علوم پزشکی جندی شاپور اهواز
1396,تجربی,3041,1278,منطقه 2,پزشکی - نیمسال دوم,دانشگاه علوم پزشکی مازندران - ساری
1396,تجربی,3045,932,منطقه 1,پزشکی,دانشگاه علوم پزشکی ایلام
1396,تجربی,3045,1279,منطقه 2,دندانپزشکی,دانشگاه علوم پزشکی جندی شاپور اهواز
1396,تجربی,3049,934,منطقه 1,دندانپزشکی,دانشگاه علوم پزشکی رفسنجان
1396,تجربی,3049,934,منطقه 1,پزشکی,دانشگاه علوم پزشکی سمنان
1396,تجربی,3054,404,منطقه 3,پزشکی - بومی استان کرمانشاه,دانشگاه علوم پزشکی کرمانشاه
1396,تجربی,3054,936,منطقه 1,داروسازی,دانشگاه علوم پزشکی شهید بهشتی - تهران
1396,تجربی,3054,1282,منطقه 2,دندانپزشکی,دانشگاه علوم پزشکی رفسنجان
1396,تجربی,3054,1282,منطقه 2,پزشکی - نیمسال دوم,دانشگاه علوم پزشکی لرستان - خرم آباد
1396,تجربی,3060,392,ایثارگر-5%,پزشکی - نیمسال دوم,دانشگاه علوم پزشکی سمنان
1396,تجربی,3060,406,منطقه 3,دندانپزشکی,دانشگاه علوم پزشکی جندی شاپور اهواز
1396,تجربی,3060,406,منطقه 3,پزشکی,دانشگاه علوم پزشکی ایران
1396,تجربی,3060,1284,منطقه 2,پزشکی - نیمسال اول,دانشگاه علوم پزشکی زاهدان
1396,تجربی,3065,1286,منطقه 2,دندانپزشکی,دانشگاه علوم پزشکی اراک
1396,تجربی,3065,1286,منطقه 2,پزشکی,دانشگاه علوم پزشکی رفسنجان
1396,تجربی,3065,1286,منطقه 2,پزشکی,دانشگاه علوم پزشکی کاشان
1396,تجربی,3069,1288,منطقه 2,داروسازی,دانشگاه علوم پزشکی کرمان
1396,تجربی,3073,940,منطقه 1,دندانپزشکی,دانشگاه علوم پزشکی اردبیل
1396,تجربی,3073,1291,منطقه 2,دندانپزشکی,دانشگاه علوم پزشکی اراک
1396,تجربی,3073,1291,منطقه 2,پزشکی - نیمسال دوم,دانشگاه علوم پزشکی گیلان - رشت
1396,تجربی,3077,1294,منطقه 2,دندانپزشکی,دانشگاه علوم پزشکی کردستان - سنندج
1396,تجربی,3077,1294,منطقه 2,پزشکی - نیمسال اول,دانشگاه علوم پزشکی جندی شاپور اهواز
1396,تجربی,3077,1294,منطقه 2,پزشکی - نیمسال اول,دانشگاه علوم پزشکی شاهرود
1396,تجربی,3082,409,منطقه 3,پزشکی,دانشگاه علوم پزشکی ایلام
1396,تجربی,3082,941,منطقه 1,دندانپزشکی,دانشگاه علوم پزشکی اردبیل
1396,تجربی,3082,1297,منطقه 2,پزشکی - نیمسال اول,دانشگاه علوم پزشکی کرمان
1396,تجربی,3086,410,منطقه 3,پزشکی - نیمسال اول,دانشگاه علوم پزشکی کرمان
1396,تجربی,3086,1300,منطقه 2,دندانپزشکی - بومی استان اصفهان,دانشگاه علوم پزشکی کاشان
1396,تجربی,3090,411,منطقه 3,پزشکی,دانشگاه علوم پزشکی کرمانشاه
1396,تجربی,3090,1301,منطقه 2,پزشکی - نیمسال اول,دانشگاه علوم پزشکی سبزوار
1396,تجربی,3090,1301,منطقه 2,پزشکی - نیمسال اول,دانشگاه علوم پزشکی لرستان - خرم آباد
1396,تجربی,3096,394,ایثارگر-5%,پزشکی - نیمسال دوم,دانشگاه علوم پزشکی کرمان
1396,تجربی,3096,1303,منطقه 2,پزشکی,دانشکده علوم پزشکی آبادان
1396,تجربی,3103,413,منطقه 3,پزشکی,دانشگاه علوم پزشکی ایران
1396,تجربی,3103,413,منطقه 3,پزشکی,دانشگاه علوم پزشکی ایلام
1396,تجربی,3103,1306,منطقه 2,دندانپزشکی,دانشگاه علوم پزشکی اراک
1396,تجربی,3103,1306,منطقه 2,دندانپزشکی,دانشگاه علوم پزشکی کرمانشاه
1396,تجربی,3103,1306,منطقه 2,دندانپزشکی,دانشگاه علوم پزشکی گلستان - گرگان
1396,تجربی,3110,415,منطقه 3,پزشکی - بومی کردستان,دانشگاه علوم پزشکی کردستان - سنندج
1396,تجربی,3110,950,منطقه 1,داروسازی,دانشگاه علوم پزشکی اصفهان
1396,تجربی,3110,950,منطقه 1,پزشکی,دانشگاه علوم پزشکی قم
1396,تجربی,3114,397,ایثارگر-5%,پزشکی - نیمسال دوم,دانشگاه علوم پزشکی خراسان شمالی - بجنورد
1396,تجربی,3114,1308,منطقه 2,پزشکی - نیمسال دوم,دانشگاه علوم پزشکی شاهرود
1396,تجربی,3117,1310,منطقه 2,پزشکی - نیمسال اول,دانشگاه علوم پزشکی سبزوار
1396,تجربی,3120,398,ایثارگر-5%,پزشکی,دانشگاه علوم پزشکی بقیه الله
1396,تجربی,3120,416,منطقه 3,پزشکی,دانشگاه علوم پزشکی کرمانشاه
1396,تجربی,3125,399,ایثارگر-5%,پزشکی - نیمسال دوم,دانشگاه علوم پزشکی شهرکرد
1396,تجربی,3125,955,منطقه 1,دندانپزشکی,دانشگاه علوم پزشکی بیرجند
1396,تجربی,3125,1312,منطقه 2,دندانپزشکی,دانشگاه علوم پزشکی بیرجند
1396,تجربی,3131,957,منطقه 1,داروسازی,دانشگاه علوم پزشکی تهران
1396,تجربی,3131,1315,منطقه 2,پزشکی,دانشگاه علوم پزشکی بوشهر
1396,تجربی,3131,1315,منطقه 2,پزشکی - نیمسال دوم,دانشگاه علوم پزشکی شاهرود
1396,تجربی,3135,1318,منطقه 2,پزشکی - نیمسال اول,دانشگاه علوم پزشکی کردستان - سنندج
1396,تجربی,3139,418,منطقه 3,داروسازی,دانشگاه علوم پزشکی شهید بهشتی - تهران
1396,تجربی,3139,961,منطقه 1,داروسازی - نیمسال اول,دانشگاه علوم پزشکی تبریز
1396,تجربی,3139,961,منطقه 1,پزشکی,دانشگاه علوم پزشکی قم
1396,تجربی,3139,1319,منطقه 2,پزشکی,دانشگاه علوم پزشکی بیرجند
1396,تجربی,3145,965,منطقه 1,پزشکی,دانشگاه علوم پزشکی فسا
1396,تجربی,3145,965,منطقه 1,پزشکی - نیمسال دوم,دانشگاه علوم پزشکی شاهرود
1396,تجربی,3145,1320,منطقه 2,دندانپزشکی,دانشگاه علوم پزشکی بندرعباس
1396,تجربی,3145,1320,منطقه 2,پزشکی - بومی آذربایجان شرقی,دانشگاه علوم پزشکی تبریز
1396,تجربی,3150,967,منطقه 1,پزشکی - نیمسال اول,دانشگاه علوم پزشکی بندرعباس
1396,تجربی,3150,967,منطقه 1,پزشکی - نیمسال دوم,دانشگاه علوم پزشکی گیلان - رشت
1396,تجربی,3150,1322,منطقه 2,پزشکی - نیمسال دوم,دانشگاه علوم پزشکی لرستان - خرم آباد
1396,تجربی,3150,1322,منطقه 2,پزشکی - نیمسال دوم,دانشگاه علوم پزشکی مازندران - ساری
1396,تجربی,3154,419,منطقه 3,دندانپزشکی,دانشگاه علوم پزشکی جندی شاپور اهواز
1396,تجربی,3154,419,منطقه 3,پزشکی - بومی آذربایجان شرقی,دانشگاه علوم پزشکی تبریز
1396,تجربی,3158,421,منطقه 3,پزشکی,دانشگاه علوم پزشکی بوشهر
1396,تجربی,3158,970,منطقه 1,پزشکی - نیمسال دوم,دانشگاه علوم پزشکی شاهرود
1396,تجربی,3158,1325,منطقه 2,پزشکی - نیمسال دوم,دانشگاه علوم پزشکی همدان
1396,تجربی,3163,1328,منطقه 2,دندانپزشکی,دانشگاه علوم پزشکی خراسان شمالی - بجنورد
1396,تجربی,3163,1328,منطقه 2,پزشکی - نیمسال اول,دانشگاه علوم پزشکی کرمان
1396,تجربی,3163,1328,منطقه 2,پزشکی - نیمسال دوم,دانشگاه علوم پزشکی مازندران - ساری
1396,تجربی,3166,422,منطقه 3,دندانپزشکی,دانشگاه علوم پزشکی جندی شاپور اهواز
1396,تجربی,3172,403,ایثارگر-5%,داروسازی,دانشگاه علوم پزشکی مشهد
1396,تجربی,3172,423,منطقه 3,دندانپزشکی,دانشگاه علوم پزشکی همدان
1396,تجربی,3172,972,منطقه 1,پزشکی - نیمسال اول,دانشگاه علوم پزشکی سبزوار
1396,تجربی,3172,1332,منطقه 2,دندانپزشکی,دانشگاه علوم پزشکی رفسنجان
1396,تجربی,3172,1332,منطقه 2,دندانپزشکی,دانشگاه علوم پزشکی لرستان - خرم آباد
1396,تجربی,3172,1332,منطقه 2,پزشکی - نیمسال اول,دانشگاه علوم پزشکی سبزوار
1396,تجربی,3172,1332,منطقه 2,پزشکی - نیمسال دوم,دانشگاه علوم پزشکی شاهرود
1396,تجربی,3178,404,ایثارگر-5%,پزشکی,دانشگاه علوم پزشکی رفسنجان
1396,تجربی,3178,424,منطقه 3,دندانپزشکی,دانشگاه علوم پزشکی کرمانشاه
1396,تجربی,3178,1335,منطقه 2,پزشکی - نیمسال اول,دانشگاه علوم پزشکی جندی شاپور اهواز
1396,تجربی,3181,975,منطقه 1,پزشکی - نیمسال اول,دانشگاه علوم پزشکی البرز - کرج
1396,تجربی,3181,1336,منطقه 2,داروسازی,دانشگاه علوم پزشکی اصفهان
1396,تجربی,3186,978,منطقه 1,پزشکی - نیمسال اول,دانشگاه علوم پزشکی تبریز - پردیس خودگردان
1396,تجربی,3186,1337,منطقه 2,پزشکی,دانشگاه علوم پزشکی زنجان
1396,تجربی,3186,1337,منطقه 2,پزشکی - نیمسال اول,دانشگاه علوم پزشکی کرمان
1396,تجربی,3190,405,ایثارگر-5%,پزشکی,دانشگاه علوم پزشکی بوشهر
1396,تجربی,3190,426,منطقه 3,پزشکی,دانشگاه علوم پزشکی بابل
1396,تجربی,3190,426,منطقه 3,پزشکی,دانشگاه علوم پزشکی رفسنجان
1396,تجربی,3194,1341,منطقه 2,داروسازی,دانشگاه علوم پزشکی همدان
1396,تجربی,3194,1341,منطقه 2,پزشکی - نیمسال دوم,دانشگاه علوم پزشکی خراسان شمالی - بجنورد
1396,تجربی,3196,428,منطقه 3,پزشکی - نیمسال دوم,دانشگاه علوم پزشکی یاسوج
1396,تجربی,3202,406,ایثارگر-5%,پزشکی,دانشگاه علوم پزشکی گلستان - گرگان
1396,تجربی,3202,980,منطقه 1,پزشکی - نیمسال اول,دانشگاه علوم پزشکی جهرم
1396,تجربی,3202,1346,منطقه 2,پزشکی,دانشگاه علوم پزشکی رفسنجان
1396,تجربی,3202,1346,منطقه 2,پزشکی - نیمسال دوم,دانشگاه علوم پزشکی لرستان - خرم آباد
1396,تجربی,3209,429,منطقه 3,پزشکی - نیمسال دوم,دانشگاه علوم پزشکی یاسوج
1396,تجربی,3209,982,منطقه 1,پزشکی,دانشگاه علوم پزشکی اردبیل
1396,تجربی,3209,982,منطقه 1,پزشکی - نیمسال دوم,دانشگاه علوم پزشکی مازندران - ساری
1396,تجربی,3209,1349,منطقه 2,دندانپزشکی,دانشگاه علوم پزشکی کردستان - سنندج
1396,تجربی,3213,1351,منطقه 2,پزشکی,دانشگاه علوم پزشکی گلستان - گرگان
1396,تجربی,3213,1351,منطقه 2,پزشکی - نیمسال اول,دانشگاه علوم پزشکی سبزوار
1396,تجربی,3216,985,منطقه 1,داروسازی,دانشگاه علوم پزشکی اصفهان
1396,تجربی,3216,1354,منطقه 2,پزشکی - نیمسال اول,دانشگاه علوم پزشکی زاهدان
1396,تجربی,3219,430,منطقه 3,پزشکی - نیمسال دوم,دانشگاه علوم پزشکی یاسوج
1396,تجربی,3219,1356,منطقه 2,دندانپزشکی,دانشگاه علوم پزشکی کرمانشاه
1396,تجربی,3222,407,ایثارگر-5%,پزشکی,دانشگاه علوم پزشکی بیرجند
1396,تجربی,3222,431,منطقه 3,پزشکی,دانشگاه علوم پزشکی ایران
1396,تجربی,3224,1357,منطقه 2,دندانپزشکی,دانشگاه علوم پزشکی مشهد - پردیس خودگردان
1396,تجربی,3226,986,منطقه 1,دندانپزشکی,دانشگاه علوم پزشکی رفسنجان
1396,تجربی,3226,1358,منطقه 2,دندانپزشکی,دانشگاه علوم پزشکی جندی شاپور اهواز
1396,تجربی,3229,409,ایثارگر-5%,پزشکی - نیمسال دوم,دانشگاه علوم پزشکی کرمان
1396,تجربی,3229,1361,منطقه 2,پزشکی,دانشکده علوم پزشکی آبادان
1396,تجربی,3229,1361,منطقه 2,پزشکی - نیمسال اول,دانشگاه علوم پزشکی سبزوار
1396,تجربی,3229,1361,منطقه 2,پزشکی - نیمسال دوم,دانشگاه علوم پزشکی خراسان شمالی - بجنورد
1396,تجربی,3234,432,منطقه 3,پزشکی - نیمسال اول,دانشگاه علوم پزشکی ارومیه
1396,تجربی,3234,988,منطقه 1,پزشکی - نیمسال اول,دانشگاه علوم پزشکی سمنان
1396,تجربی,3234,1363,منطقه 2,دندانپزشکی - نیمسال اول,دانشگاه علوم پزشکی شهیدبهشتی تهران - پردیس خودگردان
1396,تجربی,3239,411,ایثارگر-5%,پزشکی,دانشگاه علوم پزشکی بابل
1396,تجربی,3239,411,ایثارگر-5%,پزشکی - نیمسال دوم,دانشگاه علوم پزشکی کرمان
1396,تجربی,3239,1365,منطقه 2,دندانپزشکی,دانشگاه علوم پزشکی خراسان شمالی - بجنورد
1396,تجربی,3239,1365,منطقه 2,پزشکی - نیمسال دوم,دانشگاه علوم پزشکی لرستان - خرم آباد
1396,تجربی,3244,990,منطقه 1,پزشکی,دانشگاه علوم پزشکی زنجان
1396,تجربی,3244,1367,منطقه 2,پزشکی - نیمسال اول,دانشگاه علوم پزشکی شهرکرد
1396,تجربی,3244,1367,منطقه 2,پزشکی - نیمسال دوم,دانشگاه علوم پزشکی لرستان - خرم آباد
1396,تجربی,3249,413,ایثارگر-5%,پزشکی - نیمسال دوم,دانشگاه علوم پزشکی گیلان - رشت
1396,تجربی,3249,433,منطقه 3,پزشکی,دانشگاه علوم پزشکی گلستان - گرگان
1396,تجربی,3249,1369,منطقه 2,پزشکی - نیمسال دوم,دانشگاه علوم پزشکی کرمان
1396,تجربی,3255,993,منطقه 1,پزشکی - نیمسال اول,دانشگاه علوم پزشکی شیراز - پردیس خودگردان
1396,تجربی,3255,1372,منطقه 2,دندانپزشکی,دانشگاه علوم پزشکی بوشهر
1396,تجربی,3255,1372,منطقه 2,پزشکی - نیمسال اول,دانشگاه علوم پزشکی تبریز - پردیس خودگردان
1396,تجربی,3255,1372,منطقه 2,پزشکی - نیمسال دوم,دانشگاه علوم پزشکی سبزوار
1396,تجربی,3260,435,منطقه 3,پزشکی - نیمسال دوم,دانشگاه علوم پزشکی سبزوار
1396,تجربی,3260,1375,منطقه 2,دندانپزشکی,دانشگاه علوم پزشکی ایلام
1396,تجربی,3260,1375,منطقه 2,پزشکی - نیمسال دوم,دانشگاه علوم پزشکی سبزوار
1396,تجربی,3264,1378,منطقه 2,پزشکی,دانشکده علوم پزشکی آبادان
1396,تجربی,3266,996,منطقه 1,دندانپزشکی,دانشگاه علوم پزشکی بوشهر
1396,تجربی,3266,1380,منطقه 2,پزشکی - نیمسال اول,دانشگاه علوم پزشکی خراسان شمالی - بجنورد
1396,تجربی,3266,1380,منطقه 2,پزشکی - نیمسال دوم,دانشگاه علوم پزشکی لرستان - خرم آباد
1396,تجربی,3271,436,منطقه 3,داروسازی - نیمسال دوم,دانشگاه علوم پزشکی تبریز
1396,تجربی,3271,997,منطقه 1,پزشکی - نیمسال دوم,دانشگاه علوم پزشکی جهرم
1396,تجربی,3271,1383,منطقه 2,دندانپزشکی,دانشگاه علوم پزشکی اراک
1396,تجربی,3271,1383,منطقه 2,دندانپزشکی,دانشگاه علوم پزشکی لرستان - خرم آباد
1396,تجربی,3277,414,ایثارگر-5%,پزشکی,دانشگاه علوم پزشکی قم
1396,تجربی,3277,438,منطقه 3,دندانپزشکی,دانشگاه علوم پزشکی کردستان - سنندج
1396,تجربی,3277,998,منطقه 1,پزشکی - نیمسال دوم,دانشگاه علوم پزشکی جهرم
1396,تجربی,3277,1385,منطقه 2,دندانپزشکی,دانشگاه علوم پزشکی لرستان - خرم آباد
1396,تجربی,3280,1387,منطقه 2,پزشکی,دانشگاه علوم پزشکی گلستان - گرگان
1396,تجربی,3283,1000,منطقه 1,دندانپزشکی,دانشگاه علوم پزشکی کردستان - سنندج
1396,تجربی,3283,1388,منطقه 2,دندانپزشکی,دانشگاه علوم پزشکی گلستان - گرگان
1396,تجربی,3283,1388,منطقه 2,پزشکی - نیمسال دوم,دانشگاه علوم پزشکی همدان
1396,تجربی,3287,439,منطقه 3,پزشکی,دانشگاه علوم پزشکی ایلام
1396,تجربی,3287,1390,منطقه 2,پزشکی - نیمسال دوم,دانشگاه علوم پزشکی جهرم
1396,تجربی,3296,442,منطقه 3,پزشکی,دانشگاه علوم پزشکی بیرجند
1396,تجربی,3296,442,منطقه 3,پزشکی,دانشگاه علوم پزشکی کرمانشاه
1396,تجربی,3296,1004,منطقه 1,پزشکی,دانشگاه علوم پزشکی کاشان
1396,تجربی,3296,1393,منطقه 2,داروسازی,دانشگاه علوم پزشکی تهران
1396,تجربی,3302,444,منطقه 3,دندانپزشکی,دانشگاه علوم پزشکی بوشهر
1396,تجربی,3302,1395,منطقه 2,پزشکی,دانشگاه علوم پزشکی بابل
1396,تجربی,3306,446,منطقه 3,پزشکی,دانشگاه علوم پزشکی اردبیل
1396,تجربی,3306,1397,منطقه 2,دندانپزشکی,دانشگاه علوم پزشکی کردستان - سنندج
1396,تجربی,3306,1397,منطقه 2,پزشکی,دانشگاه علوم پزشکی کرمانشاه
1396,تجربی,3311,447,منطقه 3,پزشکی,دانشگاه علوم پزشکی گلستان - گرگان
1396,تجربی,3311,1400,منطقه 2,دندانپزشکی,دانشگاه علوم پزشکی لرستان - خرم آباد
1396,تجربی,3311,1400,منطقه 2,پزشکی,دانشگاه علوم پزشکی دزفول
1396,تجربی,3318,448,منطقه 3,دندانپزشکی,دانشگاه علوم پزشکی تهران
1396,تجربی,3321,1405,منطقه 2,پزشکی - نیمسال اول,دانشگاه علوم پزشکی اراک
1396,تجربی,3321,1405,منطقه 2,پزشکی - نیمسال اول,دانشگاه علوم پزشکی سمنان
1396,تجربی,3328,450,منطقه 3,پزشکی,دانشگاه علوم پزشکی ایران
1396,تجربی,3328,450,منطقه 3,پزشکی,دانشگاه علوم پزشکی رفسنجان
1396,تجربی,3328,1009,منطقه 1,پزشکی - نیمسال اول,دانشگاه علوم پزشکی تبریز - پردیس خودگردان
1396,تجربی,3328,1407,منطقه 2,پزشکی - نیمسال اول,دانشگاه علوم پزشکی بندرعباس
1396,تجربی,3334,1011,منطقه 1,پزشکی - نیمسال دوم,دانشگاه علوم پزشکی جهرم
1396,تجربی,3334,1409,منطقه 2,پزشکی - نیمسال دوم,دانشگاه علوم پزشکی اراک
1396,تجربی,3338,453,منطقه 3,دندانپزشکی,دانشگاه علوم پزشکی ایلام
1396,تجربی,3338,1410,منطقه 2,داروسازی,دانشگاه علوم پزشکی گیلان - رشت
1396,تجربی,3343,454,منطقه 3,دندانپزشکی,دانشگاه علوم پزشکی بیرجند
1396,تجربی,3343,1412,منطقه 2,دندانپزشکی,دانشگاه علوم پزشکی کرمانشاه
1396,تجربی,3348,422,ایثارگر-5%,پزشکی - نیمسال اول,دانشگاه علوم پزشکی بندرعباس
1396,تجربی,3348,455,منطقه 3,پزشکی - نیمسال دوم,دانشگاه علوم پزشکی خراسان شمالی - بجنورد
1396,تجربی,3348,1415,منطقه 2,پزشکی,دانشگاه علوم پزشکی اردبیل
1396,تجربی,3348,1415,منطقه 2,پزشکی,دانشگاه علوم پزشکی ارومیه - پردیس خودگردان
1396,تجربی,3354,456,منطقه 3,پزشکی - نیمسال دوم,دانشگاه علوم پزشکی یاسوج
1396,تجربی,3354,1418,منطقه 2,پزشکی,دانشگاه علوم پزشکی اردبیل
1396,تجربی,3354,1418,منطقه 2,پزشکی - نیمسال دوم,دانشگاه علوم پزشکی یاسوج
1396,تجربی,3359,423,ایثارگر-5%,پزشکی - نیمسال دوم,دانشگاه علوم پزشکی مازندران - ساری
1396,تجربی,3359,1421,منطقه 2,پزشکی - نیمسال دوم,دانشگاه علوم پزشکی جهرم
1396,تجربی,3359,1421,منطقه 2,پزشکی - نیمسال دوم,دانشگاه علوم پزشکی همدان
1396,تجربی,3363,457,منطقه 3,پزشکی,دانشگاه علوم پزشکی ایران
1396,تجربی,3363,1018,منطقه 1,پزشکی,دانشگاه علوم پزشکی بوشهر
1396,تجربی,3363,1423,منطقه 2,پزشکی,دانشگاه علوم پزشکی اردبیل
1396,تجربی,3367,1021,منطقه 1,دندانپزشکی,دانشگاه علوم پزشکی لرستان - خرم آباد
1396,تجربی,3367,1021,منطقه 1,پزشکی,دانشگاه علوم پزشکی اردبیل
1396,تجربی,3367,1424,منطقه 2,پزشکی - نیمسال اول,دانشگاه علوم پزشکی جندی شاپور اهواز
1396,تجربی,3375,458,منطقه 3,دندانپزشکی,دانشگاه علوم پزشکی کردستان - سنندج
1396,تجربی,3375,1025,منطقه 1,داروسازی,دانشگاه علوم پزشکی مشهد
1396,تجربی,3375,1025,منطقه 1,پزشکی,دانشگاه علوم پزشکی کاشان
1396,تجربی,3375,1427,منطقه 2,داروسازی,دانشگاه علوم پزشکی کرمانشاه
1396,تجربی,3375,1427,منطقه 2,دندانپزشکی,دانشگاه علوم پزشکی همدان - پردیس خودگردان
1396,تجربی,3384,424,ایثارگر-5%,داروسازی,دانشگاه علوم پزشکی شیراز
1396,تجربی,3384,1028,منطقه 1,داروسازی,دانشگاه علوم پزشکی اصفهان
1396,تجربی,3384,1431,منطقه 2,پزشکی,دانشگاه علوم پزشکی اردبیل
1396,تجربی,3384,1431,منطقه 2,پزشکی - نیمسال اول,دانشگاه علوم پزشکی بندرعباس
1396,تجربی,3384,1431,منطقه 2,پزشکی - نیمسال دوم,دانشگاه علوم پزشکی خراسان شمالی - بجنورد
1396,تجربی,3394,1437,منطقه 2,پزشکی,دانشگاه علوم پزشکی ایلام
1396,تجربی,3394,1437,منطقه 2,پزشکی,دانشگاه علوم پزشکی دزفول
1396,تجربی,3394,1437,منطقه 2,پزشکی - نیمسال اول,دانشگاه علوم پزشکی جندی شاپور اهواز
1396,تجربی,3400,460,منطقه 3,دندانپزشکی - بومی مناطق زلزله زده آذربایجان شرقی,دانشگاه علوم پزشکی تبریز
1396,تجربی,3400,1442,منطقه 2,داروسازی,دانشگاه علوم پزشکی اصفهان
1396,تجربی,3404,1444,منطقه 2,دندانپزشکی,دانشگاه علوم پزشکی اصفهان - پردیس خودگردان
1396,تجربی,3404,1444,منطقه 2,پزشکی,دانشگاه علوم پزشکی کاشان
1396,تجربی,3409,461,منطقه 3,پزشکی - نیمسال اول,دانشگاه علوم پزشکی جندی شاپور اهواز
1396,تجربی,3409,1446,منطقه 2,پزشکی,دانشگاه علوم پزشکی رفسنجان
1396,تجربی,3409,1446,منطقه 2,پزشکی,دانشگاه علوم پزشکی گناباد
1396,تجربی,3412,1033,منطقه 1,دندانپزشکی,دانشگاه علوم پزشکی بابل - پردیس خودگردان
1396,تجربی,3416,427,ایثارگر-5%,پزشکی - نیمسال دوم,دانشگاه علوم پزشکی یاسوج
1396,تجربی,3421,1450,منطقه 2,دندانپزشکی,دانشگاه علوم پزشکی مازندران - ساری - پردیس خودگردان
1396,تجربی,3421,1450,منطقه 2,پزشکی,دانشگاه علوم پزشکی بیرجند
1396,تجربی,3426,462,منطقه 3,پزشکی - نیمسال دوم,دانشگاه علوم پزشکی یاسوج
1396,تجربی,3426,1452,منطقه 2,داروسازی - نیمسال اول,دانشگاه علوم پزشکی تبریز
1396,تجربی,3429,1040,منطقه 1,پزشکی - نیمسال دوم,دانشگاه علوم پزشکی جهرم
1396,تجربی,3435,430,ایثارگر-5%,داروسازی,دانشگاه علوم پزشکی شیراز
1396,تجربی,3435,430,ایثارگر-5%,پزشکی,دانشگاه علوم پزشکی رفسنجان
1396,تجربی,3435,1041,منطقه 1,پزشکی - نیمسال اول,دانشگاه علوم پزشکی شیراز - پردیس خودگردان
1396,تجربی,3435,1456,منطقه 2,داروسازی,دانشگاه علوم پزشکی مازندران - ساری
1396,تجربی,3435,1456,منطقه 2,پزشکی,دانشگاه علوم پزشکی رفسنجان
1396,تجربی,3435,1456,منطقه 2,پزشکی,دانشگاه علوم پزشکی گلستان - گرگان
1396,تجربی,3435,1456,منطقه 2,پزشکی - نیمسال دوم,دانشگاه علوم پزشکی خراسان شمالی - بجنورد
1396,تجربی,3442,464,منطقه 3,پزشکی,دانشگاه علوم پزشکی بابل
1396,تجربی,3442,464,منطقه 3,پزشکی,دانشگاه علوم پزشکی بوشهر
1396,تجربی,3442,1043,منطقه 1,پزشکی - نیمسال اول,دانشگاه علوم پزشکی تبریز - پردیس خودگردان
1396,تجربی,3449,432,ایثارگر-5%,داروسازی,دانشگاه علوم پزشکی اصفهان
1396,تجربی,3449,466,منطقه 3,دندانپزشکی,دانشگاه علوم پزشکی کردستان - سنندج
1396,تجربی,3456,468,منطقه 3,دندانپزشکی - نیمسال اول,دانشگاه علوم پزشکی زاهدان
1396,تجربی,3456,1048,منطقه 1,دندانپزشکی,دانشگاه علوم پزشکی یاسوج
1396,تجربی,3456,1460,منطقه 2,پزشکی,دانشگاه علوم پزشکی رفسنجان
1396,تجربی,3461,1050,منطقه 1,پزشکی,دانشگاه علوم پزشکی زابل
1396,تجربی,3461,1462,منطقه 2,دندانپزشکی,دانشگاه علوم پزشکی جندی شاپور اهواز
1396,تجربی,3461,1462,منطقه 2,دندانپزشکی - نیمسال اول,دانشگاه علوم پزشکی شهیدبهشتی تهران - پردیس خودگردان
1396,تجربی,3466,469,منطقه 3,پزشکی - بومی لرستان,دانشگاه علوم پزشکی لرستان - خرم آباد
1396,تجربی,3466,1052,منطقه 1,داروسازی - نیمسال اول,دانشگاه علوم پزشکی تبریز
1396,تجربی,3466,1464,منطقه 2,پزشکی,دانشگاه علوم پزشکی رفسنجان
1396,تجربی,3470,471,منطقه 3,پزشکی - نیمسال دوم,دانشگاه علوم پزشکی سبزوار
1396,تجربی,3474,435,ایثارگر-5%,پزشکی - نیمسال اول,دانشگاه علوم پزشکی لرستان - خرم آباد
1396,تجربی,3474,472,منطقه 3,پزشکی - نیمسال اول,دانشگاه علوم پزشکی لرستان - خرم آباد
1396,تجربی,3474,1466,منطقه 2,دندانپزشکی,دانشگاه علوم پزشکی بندرعباس
1396,تجربی,3474,1466,منطقه 2,پزشکی - نیمسال دوم,دانشگاه علوم پزشکی شاهرود
1396,تجربی,3478,436,ایثارگر-5%,پزشکی,دانشگاه علوم پزشکی کاشان
1396,تجربی,3478,1468,منطقه 2,پزشکی,دانشگاه علوم پزشکی رفسنجان
1396,تجربی,3478,1468,منطقه 2,پزشکی,دانشگاه علوم پزشکی کاشان
1396,تجربی,3483,437,ایثارگر-5%,پزشکی - نیمسال دوم,دانشگاه علوم پزشکی یاسوج
1396,تجربی,3483,473,منطقه 3,پزشکی - نیمسال اول,دانشگاه علوم پزشکی جندی شاپور اهواز
1396,تجربی,3483,1056,منطقه 1,داروسازی,دانشگاه علوم پزشکی البرز - کرج
1396,تجربی,3483,1471,منطقه 2,پزشکی,دانشگاه علوم پزشکی بوشهر
1396,تجربی,3483,1471,منطقه 2,پزشکی - نیمسال دوم,دانشگاه علوم پزشکی جندی شاپور اهواز
1396,تجربی,3490,474,منطقه 3,پزشکی - نیمسال اول,دانشگاه علوم پزشکی ارومیه
1396,تجربی,3490,1474,منطقه 2,دندانپزشکی,دانشگاه علوم پزشکی بندرعباس
1396,تجربی,3490,1474,منطقه 2,پزشکی,دانشگاه علوم پزشکی رفسنجان
1396,تجربی,3494,475,منطقه 3,دندانپزشکی - نیمسال اول,دانشگاه علوم پزشکی شهیدبهشتی تهران - پردیس خودگردان
1396,تجربی,3494,1476,منطقه 2,دندانپزشکی,دانشگاه علوم پزشکی کردستان - سنندج
1396,تجربی,3494,1476,منطقه 2,دندانپزشکی - بومی مازندران,دانشگاه علوم پزشکی بابل
1396,تجربی,3499,1059,منطقه 1,دندانپزشکی,دانشگاه علوم پزشکی بندرعباس
1396,تجربی,3499,1479,منطقه 2,پزشکی - نیمسال دوم,دانشگاه علوم پزشکی خراسان شمالی - بجنورد
1396,تجربی,3499,1479,منطقه 2,پزشکی - نیمسال دوم,دانشگاه علوم پزشکی همدان
1396,تجربی,3504,1061,منطقه 1,داروسازی,دانشگاه علوم پزشکی ارومیه
1396,تجربی,3504,1481,منطقه 2,پزشکی,دانشگاه علوم پزشکی رفسنجان
1396,تجربی,3508,478,منطقه 3,دندانپزشکی,دانشگاه علوم پزشکی قزوین
1396,تجربی,3508,478,منطقه 3,پزشکی,دانشگاه علوم پزشکی ایران
1396,تجربی,3508,1062,منطقه 1,داروسازی,دانشگاه علوم پزشکی شیراز
1396,تجربی,3508,1062,منطقه 1,پزشکی - نیمسال دوم,دانشگاه علوم پزشکی همدان
1396,تجربی,3508,1482,منطقه 2,پزشکی - نیمسال اول,دانشگاه علوم پزشکی سمنان
1396,تجربی,3513,1064,منطقه 1,پزشکی,دانشگاه علوم پزشکی اردبیل
1396,تجربی,3513,1483,منطقه 2,پزشکی,دانشگاه علوم پزشکی رفسنجان
1396,تجربی,3516,440,ایثارگر-5%,پزشکی,دانشگاه علوم پزشکی فسا
1396,تجربی,3516,1485,منطقه 2,دندانپزشکی - نیمسال اول,دانشگاه علوم پزشکی زاهدان
1396,تجربی,3520,1065,منطقه 1,داروسازی,دانشگاه علوم پزشکی شیراز
1396,تجربی,3520,1487,منطقه 2,پزشکی,دانشگاه علوم پزشکی بم
1396,تجربی,3523,481,منطقه 3,پزشکی - نیمسال دوم,دانشگاه علوم پزشکی کرمان
1396,تجربی,3523,1489,منطقه 2,پزشکی,دانشگاه علوم پزشکی گلستان - گرگان
1396,تجربی,3528,441,ایثارگر-5%,پزشکی - نیمسال دوم,دانشگاه علوم پزشکی کردستان - سنندج
1396,تجربی,3528,1068,منطقه 1,پزشکی - نیمسال اول,دانشگاه علوم پزشکی جهرم
1396,تجربی,3528,1068,منطقه 1,پزشکی - نیمسال دوم,دانشگاه علوم پزشکی همدان
1396,تجربی,3528,1490,منطقه 2,پزشکی,دانشگاه علوم پزشکی گلستان - گرگان
1396,تجربی,3534,482,منطقه 3,پزشکی,دانشکده علوم پزشکی آبادان
1396,تجربی,3534,1492,منطقه 2,داروسازی,دانشگاه علوم پزشکی زنجان
1396,تجربی,3539,1072,منطقه 1,پزشکی - نیمسال دوم,دانشگاه علوم پزشکی البرز - کرج
1396,تجربی,3543,1495,منطقه 2,شیمی محض,دانشگاه پیام نور قم - مرکز قم (محل تحصیل خواهران «پردیسان» و برادران «ساختمان شماره 2»)
1396,تجربی,3543,1495,منطقه 2,پزشکی,دانشگاه علوم پزشکی گناباد
1396,تجربی,3550,485,منطقه 3,دندانپزشکی,دانشگاه علوم پزشکی خراسان شمالی - بجنورد
1396,تجربی,3550,1075,منطقه 1,پزشکی - نیمسال دوم,دانشگاه علوم پزشکی شهرکرد
1396,تجربی,3550,1498,منطقه 2,داروسازی,دانشگاه علوم پزشکی البرز - کرج
1396,تجربی,3550,1498,منطقه 2,پزشکی,دانشگاه علوم پزشکی گلستان - گرگان
1396,تجربی,3557,1500,منطقه 2,پزشکی - نیمسال دوم,دانشگاه علوم پزشکی همدان
1396,تجربی,3564,447,ایثارگر-5%,پزشکی,دانشگاه علوم پزشکی دزفول
1396,تجربی,3564,447,ایثارگر-5%,پزشکی - نیمسال اول,دانشگاه علوم پزشکی سبزوار
1396,تجربی,3564,488,منطقه 3,پزشکی,دانشگاه علوم پزشکی کرمانشاه
1396,تجربی,3564,1080,منطقه 1,داروسازی,دانشگاه علوم پزشکی زنجان
1396,تجربی,3564,1503,منطقه 2,داروسازی,دانشگاه علوم پزشکی جندی شاپور اهواز
1396,تجربی,3564,1503,منطقه 2,پزشکی,دانشگاه علوم پزشکی اردبیل
1396,تجربی,3564,1503,منطقه 2,پزشکی,دانشگاه علوم پزشکی دزفول
1396,تجربی,3564,1503,منطقه 2,پزشکی - نیمسال اول,دانشگاه علوم پزشکی اراک
1396,تجربی,3572,489,منطقه 3,پزشکی - نیمسال اول,دانشگاه علوم پزشکی لرستان - خرم آباد
1396,تجربی,3572,1507,منطقه 2,داروسازی - نیمسال اول,دانشگاه علوم پزشکی تبریز
1396,تجربی,3572,1507,منطقه 2,دندانپزشکی,دانشگاه علوم پزشکی یاسوج
1396,تجربی,3572,1507,منطقه 2,پزشکی - نیمسال دوم,دانشگاه علوم پزشکی همدان
1396,تجربی,3577,491,منطقه 3,پزشکی,دانشگاه علوم پزشکی بوشهر
1396,تجربی,3577,491,منطقه 3,پزشکی,دانشگاه علوم پزشکی زنجان
1396,تجربی,3577,491,منطقه 3,پزشکی - بومی آذربایجان غربی,دانشگاه علوم پزشکی ارومیه
1396,تجربی,3577,1509,منطقه 2,دندانپزشکی,دانشگاه علوم پزشکی بندرعباس
1396,تجربی,3577,1509,منطقه 2,پزشکی,دانشگاه علوم پزشکی گناباد
1396,تجربی,3581,493,منطقه 3,پزشکی,دانشگاه علوم پزشکی دزفول
1396,تجربی,3581,1511,منطقه 2,پزشکی - نیمسال دوم,دانشگاه علوم پزشکی لرستان - خرم آباد
1396,تجربی,3586,495,منطقه 3,پزشکی,دانشگاه علوم پزشکی بوشهر
1396,تجربی,3586,495,منطقه 3,پزشکی - نیمسال دوم,دانشگاه علوم پزشکی ارومیه
1396,تجربی,3592,497,منطقه 3,پزشکی - نیمسال اول,دانشگاه علوم پزشکی بندرعباس
1396,تجربی,3592,1515,منطقه 2,پزشکی - نیمسال دوم,دانشگاه علوم پزشکی سبزوار
1396,تجربی,3598,500,منطقه 3,پزشکی,دانشگاه علوم پزشکی دزفول
1396,تجربی,3598,1517,منطقه 2,دندانپزشکی,دانشگاه علوم پزشکی کردستان - سنندج
1396,تجربی,3598,1517,منطقه 2,پزشکی - نیمسال دوم,دانشگاه علوم پزشکی سبزوار
1396,تجربی,3605,504,منطقه 3,داروسازی,دانشگاه علوم پزشکی تهران - پردیس خودگردان
1396,تجربی,3605,1085,منطقه 1,پزشکی - نیمسال دوم,دانشگاه علوم پزشکی تبریز - پردیس خودگردان
1396,تجربی,3611,506,منطقه 3,پزشکی - نیمسال اول,دانشگاه علوم پزشکی یاسوج
1396,تجربی,3611,1522,منطقه 2,پزشکی,دانشگاه علوم پزشکی بوشهر
1396,تجربی,3611,1522,منطقه 2,پزشکی - نیمسال اول,دانشگاه علوم پزشکی زاهدان
1396,تجربی,3620,451,ایثارگر-5%,دندانپزشکی,دانشگاه علوم پزشکی لرستان - خرم آباد
1396,تجربی,3620,1089,منطقه 1,دندانپزشکی,دانشگاه علوم پزشکی گلستان - گرگان - پردیس خودگردان
1396,تجربی,3620,1089,منطقه 1,پزشکی,دانشگاه علوم پزشکی بم
1396,تجربی,3620,1089,منطقه 1,پزشکی,دانشگاه علوم پزشکی فسا
1396,تجربی,3627,453,ایثارگر-5%,پزشکی - نیمسال اول,دانشگاه علوم پزشکی شاهرود
1396,تجربی,3627,1092,منطقه 1,پزشکی,دانشگاه علوم پزشکی گناباد
1396,تجربی,3627,1527,منطقه 2,پزشکی - نیمسال اول,دانشگاه علوم پزشکی لرستان - خرم آباد
1396,تجربی,3633,454,ایثارگر-5%,پزشکی - نیمسال اول,دانشگاه علوم پزشکی سبزوار
1396,تجربی,3633,508,منطقه 3,پزشکی - نیمسال اول,دانشگاه علوم پزشکی جندی شاپور اهواز
1396,تجربی,3633,1094,منطقه 1,پزشکی - نیمسال دوم,دانشگاه علوم پزشکی سمنان
1396,تجربی,3633,1528,منطقه 2,پزشکی - نیمسال دوم,دانشگاه علوم پزشکی بندرعباس
1396,تجربی,3639,456,ایثارگر-5%,داروسازی,دانشگاه علوم پزشکی یزد
1396,تجربی,3639,1096,منطقه 1,دندانپزشکی,دانشگاه علوم پزشکی اصفهان - پردیس خودگردان
1396,تجربی,3644,511,منطقه 3,داروسازی,دانشگاه علوم پزشکی گیلان - رشت
1396,تجربی,3644,511,منطقه 3,پزشکی - نیمسال دوم,دانشگاه علوم پزشکی ارومیه
1396,تجربی,3644,1097,منطقه 1,داروسازی - نیمسال اول,دانشگاه علوم پزشکی تبریز - پردیس خودگردان
1396,تجربی,3651,513,منطقه 3,پزشکی - نیمسال دوم,دانشگاه علوم پزشکی شهرکرد
1396,تجربی,3651,1100,منطقه 1,علوم آزمایشگاهی,دانشگاه علوم پزشکی قم
1396,تجربی,3651,1100,منطقه 1,پزشکی,دانشگاه علوم پزشکی فسا
1396,تجربی,3651,1533,منطقه 2,پزشکی - نیمسال اول,دانشگاه علوم پزشکی اراک
1396,تجربی,3658,1102,منطقه 1,پزشکی - نیمسال دوم,دانشگاه علوم پزشکی البرز - کرج
1396,تجربی,3665,460,ایثارگر-5%,دندانپزشکی,دانشگاه علوم پزشکی کردستان - سنندج
1396,تجربی,3665,516,منطقه 3,پزشکی - نیمسال اول,دانشگاه علوم پزشکی سبزوار
1396,تجربی,3665,1536,منطقه 2,پزشکی,دانشگاه علوم پزشکی دزفول
1396,تجربی,3671,462,ایثارگر-5%,داروسازی - نیمسال اول,دانشگاه علوم پزشکی تبریز
1396,تجربی,3671,517,منطقه 3,پزشکی,دانشگاه علوم پزشکی کاشان
1396,تجربی,3671,1539,منطقه 2,پزشکی - نیمسال اول,دانشگاه علوم پزشکی اراک
1396,تجربی,3675,1541,منطقه 2,پزشکی - نیمسال اول,دانشگاه علوم پزشکی کردستان - سنندج
1396,تجربی,3681,1107,منطقه 1,پزشکی - نیمسال دوم,دانشگاه علوم پزشکی سمنان
1396,تجربی,3681,1544,منطقه 2,پزشکی - نیمسال اول,دانشگاه علوم پزشکی تبریز - پردیس خودگردان
1396,تجربی,3681,1544,منطقه 2,پزشکی - نیمسال دوم,دانشگاه علوم پزشکی بندرعباس
1396,تجربی,3681,1544,منطقه 2,پزشکی - نیمسال دوم,دانشگاه علوم پزشکی کرمان
1396,تجربی,3689,518,منطقه 3,دندانپزشکی,دانشگاه علوم پزشکی شیراز
1396,تجربی,3689,518,منطقه 3,پزشکی,دانشگاه علوم پزشکی کرمانشاه
1396,تجربی,3689,1111,منطقه 1,پزشکی,دانشگاه علوم پزشکی بیرجند
1396,تجربی,3689,1111,منطقه 1,پزشکی - نیمسال دوم,دانشگاه علوم پزشکی همدان
1396,تجربی,3689,1547,منطقه 2,پزشکی - نیمسال اول,دانشگاه علوم پزشکی سبزوار
1396,تجربی,3689,1547,منطقه 2,پزشکی - نیمسال دوم,دانشگاه علوم پزشکی بندرعباس
1396,تجربی,3696,521,منطقه 3,داروسازی,دانشگاه علوم پزشکی یزد
1396,تجربی,3696,521,منطقه 3,دندانپزشکی,دانشگاه علوم پزشکی شیراز
1396,تجربی,3696,521,منطقه 3,پزشکی,دانشگاه علوم پزشکی مشهد - پردیس خودگردان
1396,تجربی,3703,523,منطقه 3,پزشکی,دانشگاه علوم پزشکی رفسنجان
1396,تجربی,3703,1115,منطقه 1,پزشکی - نیمسال دوم,دانشگاه علوم پزشکی بندرعباس
1396,تجربی,3703,1551,منطقه 2,داروسازی,دانشگاه علوم پزشکی شیراز
1396,تجربی,3703,1551,منطقه 2,دندانپزشکی - نیمسال دوم,دانشگاه علوم پزشکی زاهدان
1396,تجربی,3708,1553,منطقه 2,پزشکی,دانشگاه علوم پزشکی بیرجند
1396,تجربی,3712,1118,منطقه 1,داروسازی - نیمسال دوم,دانشگاه علوم پزشکی تبریز
1396,تجربی,3712,1556,منطقه 2,دندانپزشکی,دانشگاه علوم پزشکی بیرجند
1396,تجربی,3718,525,منطقه 3,پزشکی,دانشگاه علوم پزشکی دزفول
1396,تجربی,3718,525,منطقه 3,پزشکی - نیمسال دوم,دانشگاه علوم پزشکی همدان
1396,تجربی,3718,525,منطقه 3,پزشکی - نیمسال دوم,دانشگاه علوم پزشکی کرمان
1396,تجربی,3718,1558,منطقه 2,پزشکی - نیمسال دوم,دانشگاه علوم پزشکی بندرعباس
1396,تجربی,3728,1122,منطقه 1,داروسازی,دانشگاه علوم پزشکی شیراز
1396,تجربی,3728,1122,منطقه 1,دندانپزشکی - بومی خراسان رضوی,دانشگاه علوم پزشکی مشهد
1396,تجربی,3728,1563,منطقه 2,داروسازی,دانشگاه علوم پزشکی گیلان - رشت
1396,تجربی,3728,1563,منطقه 2,پزشکی,دانشگاه علوم پزشکی بیرجند
1396,تجربی,3728,1563,منطقه 2,پزشکی - نیمسال دوم,دانشگاه علوم پزشکی بندرعباس
1396,تجربی,3728,1563,منطقه 2,پزشکی - نیمسال دوم,دانشگاه علوم پزشکی زاهدان
1396,تجربی,3739,467,ایثارگر-5%,پزشکی - نیمسال دوم,دانشگاه علوم پزشکی همدان
1396,تجربی,3739,530,منطقه 3,پزشکی,دانشگاه علوم پزشکی ایران
1396,تجربی,3739,530,منطقه 3,پزشکی - نیمسال اول,دانشگاه علوم پزشکی بندرعباس
1396,تجربی,3739,530,منطقه 3,پزشکی - نیمسال اول,دانشگاه علوم پزشکی جهرم
1396,تجربی,3739,530,منطقه 3,پزشکی - نیمسال دوم,دانشگاه علوم پزشکی کرمان
1396,تجربی,3739,1568,منطقه 2,پزشکی - نیمسال دوم,دانشگاه علوم پزشکی سمنان
1396,تجربی,3746,469,ایثارگر-5%,پزشکی - نیمسال دوم,دانشگاه علوم پزشکی سمنان
1396,تجربی,3750,471,ایثارگر-5%,داروسازی - نیمسال اول,دانشگاه علوم پزشکی تبریز
1396,تجربی,3756,534,منطقه 3,پزشکی - نیمسال دوم,دانشگاه علوم پزشکی ارومیه
1396,تجربی,3756,1572,منطقه 2,پزشکی,دانشگاه علوم پزشکی بم
1396,تجربی,3756,1572,منطقه 2,پزشکی - نیمسال دوم,دانشگاه علوم پزشکی تبریز - پردیس خودگردان
1396,تجربی,3763,472,ایثارگر-5%,دندانپزشکی,دانشگاه علوم پزشکی کرمانشاه
1396,تجربی,3763,472,ایثارگر-5%,پزشکی - نیمسال دوم,دانشگاه علوم پزشکی لرستان - خرم آباد
1396,تجربی,3763,535,منطقه 3,پزشکی - نیمسال اول,دانشگاه علوم پزشکی بندرعباس
1396,تجربی,3763,1574,منطقه 2,پزشکی,دانشگاه علوم پزشکی گناباد
1396,تجربی,3768,474,ایثارگر-5%,پزشکی,دانشکده علوم پزشکی آبادان
1396,تجربی,3774,475,ایثارگر-5%,پزشکی,دانشگاه علوم پزشکی بیرجند
1396,تجربی,3774,1579,منطقه 2,داروسازی - نیمسال دوم,دانشگاه علوم پزشکی تبریز
1396,تجربی,3774,1579,منطقه 2,پزشکی,دانشگاه علوم پزشکی بیرجند
1396,تجربی,3774,1579,منطقه 2,پزشکی - نیمسال دوم,دانشگاه علوم پزشکی شاهرود
1396,تجربی,3780,1583,منطقه 2,پزشکی,دانشگاه علوم پزشکی گناباد
1396,تجربی,3785,538,منطقه 3,پزشکی,دانشگاه علوم پزشکی بیرجند
1396,تجربی,3785,1136,منطقه 1,داروسازی,دانشگاه علوم پزشکی یزد
1396,تجربی,3785,1136,منطقه 1,پزشکی - نیمسال دوم,دانشگاه علوم پزشکی سمنان
1396,تجربی,3790,540,منطقه 3,پزشکی - نیمسال اول,دانشگاه علوم پزشکی جهرم
1396,تجربی,3790,1585,منطقه 2,علوم آزمایشگاهی,دانشگاه علوم پزشکی شیراز
1396,تجربی,3795,477,ایثارگر-5%,دندانپزشکی,دانشگاه علوم پزشکی بوشهر
1396,تجربی,3795,1140,منطقه 1,پزشکی,دانشگاه علوم پزشکی جیرفت
1396,تجربی,3795,1587,منطقه 2,پزشکی,دانشگاه علوم پزشکی بقیه الله
1396,تجربی,3795,1587,منطقه 2,پزشکی,دانشگاه علوم پزشکی جیرفت
1396,تجربی,3801,541,منطقه 3,دندانپزشکی,دانشگاه علوم پزشکی بابل
1396,تجربی,3801,1142,منطقه 1,داروسازی,دانشگاه علوم پزشکی مازندران - ساری
1396,تجربی,3801,1142,منطقه 1,پزشکی - نیمسال دوم,دانشگاه علوم پزشکی سمنان
1396,تجربی,3801,1591,منطقه 2,دندانپزشکی,دانشگاه علوم پزشکی کردستان - سنندج
1396,تجربی,3801,1591,منطقه 2,پزشکی,دانشگاه علوم پزشکی بیرجند
1396,تجربی,3801,1591,منطقه 2,پزشکی,دانشگاه علوم پزشکی گناباد
1396,تجربی,3801,1591,منطقه 2,پزشکی - نیمسال اول,دانشگاه علوم پزشکی سبزوار
1396,تجربی,3801,1591,منطقه 2,پزشکی - نیمسال دوم,دانشگاه علوم پزشکی اراک
1396,تجربی,3807,542,منطقه 3,پزشکی - نیمسال اول,دانشگاه علوم پزشکی زاهدان
1396,تجربی,3807,1594,منطقه 2,داروسازی,دانشگاه علوم پزشکی شهید بهشتی - تهران
1396,تجربی,3811,478,ایثارگر-5%,پزشکی - نیمسال دوم,دانشگاه علوم پزشکی جندی شاپور اهواز
1396,تجربی,3811,1596,منطقه 2,پزشکی - نیمسال دوم,دانشگاه علوم پزشکی خراسان شمالی - بجنورد
1396,تجربی,3815,1597,منطقه 2,داروسازی,دانشگاه علوم پزشکی شیراز
1396,تجربی,3820,480,ایثارگر-5%,پزشکی - نیمسال اول,دانشگاه علوم پزشکی شاهرود
1396,تجربی,3820,544,منطقه 3,دندانپزشکی - بومی استان همدان,دانشگاه علوم پزشکی همدان
1396,تجربی,3820,544,منطقه 3,پزشکی - نیمسال دوم,دانشگاه علوم پزشکی همدان
1396,تجربی,3820,1147,منطقه 1,پزشکی - نیمسال دوم,دانشگاه علوم پزشکی سمنان
1396,تجربی,3827,481,ایثارگر-5%,داروسازی,دانشگاه علوم پزشکی مشهد
1396,تجربی,3827,481,ایثارگر-5%,پزشکی,دانشگاه علوم پزشکی دزفول
1396,تجربی,3827,547,منطقه 3,دندانپزشکی,دانشگاه علوم پزشکی کاشان
1396,تجربی,3827,547,منطقه 3,پزشکی,دانشگاه علوم پزشکی بوشهر
1396,تجربی,3827,1600,منطقه 2,داروسازی,دانشگاه علوم پزشکی اصفهان
1396,تجربی,3836,1605,منطقه 2,داروسازی - بومی آذربایجان غربی,دانشگاه علوم پزشکی ارومیه
1396,تجربی,3836,1605,منطقه 2,پزشکی - نیمسال اول,دانشگاه علوم پزشکی تبریز - پردیس خودگردان
1396,تجربی,3836,1605,منطقه 2,پزشکی - نیمسال اول,دانشگاه علوم پزشکی کردستان - سنندج
1396,تجربی,3836,1605,منطقه 2,پزشکی - نیمسال دوم,دانشگاه علوم پزشکی زاهدان
1396,تجربی,3844,483,ایثارگر-5%,پزشکی,دانشگاه علوم پزشکی بقیه الله
1396,تجربی,3844,550,منطقه 3,پزشکی,دانشگاه علوم پزشکی بیرجند
1396,تجربی,3844,550,منطقه 3,پزشکی - نیمسال دوم,دانشگاه علوم پزشکی جندی شاپور اهواز
1396,تجربی,3844,550,منطقه 3,پزشکی - نیمسال دوم,دانشگاه علوم پزشکی زاهدان
1396,تجربی,3844,1609,منطقه 2,داروسازی,دانشگاه علوم پزشکی اصفهان
1396,تجربی,3850,1154,منطقه 1,پزشکی - نیمسال دوم,دانشگاه علوم پزشکی خراسان شمالی - بجنورد
1396,تجربی,3850,1611,منطقه 2,پزشکی - بومی خراسان شمالی,دانشگاه علوم پزشکی خراسان شمالی - بجنورد
1396,تجربی,3850,1611,منطقه 2,پزشکی - نیمسال دوم,دانشگاه علوم پزشکی زاهدان
1396,تجربی,3855,484,ایثارگر-5%,پزشکی - نیمسال دوم,دانشگاه علوم پزشکی اراک
1396,تجربی,3855,1614,منطقه 2,دندانپزشکی,دانشگاه علوم پزشکی ایلام
1396,تجربی,3855,1614,منطقه 2,پزشکی - نیمسال دوم,دانشگاه علوم پزشکی زاهدان
1396,تجربی,3861,1157,منطقه 1,پزشکی,دانشگاه علوم پزشکی زابل
1396,تجربی,3861,1618,منطقه 2,پزشکی,دانشگاه علوم پزشکی جیرفت
1396,تجربی,3868,1622,منطقه 2,دندانپزشکی,دانشگاه علوم پزشکی جندی شاپور اهواز
1396,تجربی,3868,1622,منطقه 2,دندانپزشکی,دانشگاه علوم پزشکی کردستان - سنندج
1396,تجربی,3868,1622,منطقه 2,پزشکی - نیمسال اول,دانشگاه علوم پزشکی کردستان - سنندج
1396,تجربی,3873,1161,منطقه 1,پزشکی,دانشگاه علوم پزشکی اصفهان - پردیس خودگردان
1396,تجربی,3873,1625,منطقه 2,پزشکی - نیمسال اول,دانشگاه علوم پزشکی شاهرود
1396,تجربی,3879,552,منطقه 3,پزشکی - نیمسال اول,دانشگاه علوم پزشکی شهیدبهشتی تهران - پردیس خودگردان
1396,تجربی,3884,553,منطقه 3,پزشکی,دانشگاه علوم پزشکی قم
1396,تجربی,3884,1630,منطقه 2,پزشکی - نیمسال اول,دانشگاه علوم پزشکی شاهرود
1396,تجربی,3889,554,منطقه 3,دندانپزشکی,دانشگاه علوم پزشکی بیرجند
1396,تجربی,3889,554,منطقه 3,پزشکی - نیمسال دوم,دانشگاه علوم پزشکی بندرعباس
1396,تجربی,3889,1164,منطقه 1,داروسازی,دانشگاه علوم پزشکی ارومیه
1396,تجربی,3889,1164,منطقه 1,پزشکی,دانشگاه علوم پزشکی بیرجند
1396,تجربی,3889,1633,منطقه 2,پزشکی - نیمسال دوم,دانشگاه علوم پزشکی اراک
1396,تجربی,3889,1633,منطقه 2,پزشکی - نیمسال دوم,دانشگاه علوم پزشکی شهرکرد
1396,تجربی,3896,556,منطقه 3,پزشکی - بومی کردستان,دانشگاه علوم پزشکی کردستان - سنندج
1396,تجربی,3896,1167,منطقه 1,پزشکی - نیمسال دوم,دانشگاه علوم پزشکی اراک
1396,تجربی,3896,1636,منطقه 2,پزشکی,دانشگاه علوم پزشکی زابل
1396,تجربی,3896,1636,منطقه 2,پزشکی - نیمسال دوم,دانشگاه علوم پزشکی شهرکرد
1396,تجربی,3903,1169,منطقه 1,پزشکی - نیمسال دوم,دانشگاه علوم پزشکی زاهدان
1396,تجربی,3903,1639,منطقه 2,پزشکی,دانشگاه علوم پزشکی بابل - پردیس خودگردان
1396,تجربی,3910,1644,منطقه 2,دندانپزشکی,دانشگاه علوم پزشکی مازندران - ساری - پردیس خودگردان
1396,تجربی,3910,1644,منطقه 2,پزشکی - نیمسال دوم,دانشگاه علوم پزشکی اراک
1396,تجربی,3910,1644,منطقه 2,پزشکی - نیمسال دوم,دانشگاه علوم پزشکی شهیدبهشتی تهران - پردیس خودگردان
1396,تجربی,3910,1644,منطقه 2,پزشکی - نیمسال دوم,دانشگاه علوم پزشکی کردستان - سنندج
1396,تجربی,3917,489,ایثارگر-5%,پزشکی - نیمسال اول,دانشگاه علوم پزشکی لرستان - خرم آباد
1396,تجربی,3917,1171,منطقه 1,پزشکی - نیمسال دوم,دانشگاه علوم پزشکی البرز - کرج
1396,تجربی,3917,1649,منطقه 2,داروسازی,دانشگاه علوم پزشکی گیلان - رشت
1396,تجربی,3917,1649,منطقه 2,دندانپزشکی - نیمسال دوم,دانشگاه علوم پزشکی شهیدبهشتی تهران - پردیس خودگردان
1396,تجربی,3925,490,ایثارگر-5%,دندانپزشکی,دانشگاه علوم پزشکی رفسنجان
1396,تجربی,3925,558,منطقه 3,پزشکی - نیمسال دوم,دانشگاه علوم پزشکی سبزوار
1396,تجربی,3925,1653,منطقه 2,دندانپزشکی,دانشگاه علوم پزشکی بندرعباس
1396,تجربی,3925,1653,منطقه 2,پزشکی,دانشگاه علوم پزشکی مازندران - ساری - پردیس خودگردان
1396,تجربی,3932,1656,منطقه 2,دندانپزشکی,دانشگاه علوم پزشکی کردستان - سنندج
1396,تجربی,3937,492,ایثارگر-5%,پزشکی - نیمسال اول,دانشگاه علوم پزشکی کردستان - سنندج
1396,تجربی,3944,561,منطقه 3,دندانپزشکی,دانشگاه علوم پزشکی بابل
1396,تجربی,3944,561,منطقه 3,پزشکی,دانشگاه علوم پزشکی فسا
1396,تجربی,3944,561,منطقه 3,پزشکی,دانشگاه علوم پزشکی کاشان
1396,تجربی,3944,1658,منطقه 2,داروسازی,دانشگاه علوم پزشکی همدان
1396,تجربی,3951,563,منطقه 3,پزشکی,دانشکده علوم پزشکی آبادان
1396,تجربی,3951,1183,منطقه 1,داروسازی - نیمسال دوم,دانشگاه علوم پزشکی تبریز
1396,تجربی,3956,564,منطقه 3,پزشکی - نیمسال اول,دانشگاه علوم پزشکی البرز - کرج
1396,تجربی,3956,1662,منطقه 2,پزشکی - نیمسال دوم,دانشگاه علوم پزشکی شاهرود
1396,تجربی,3962,1186,منطقه 1,داروسازی,دانشگاه علوم پزشکی کرمان
1396,تجربی,3962,1665,منطقه 2,داروسازی,دانشگاه علوم پزشکی جندی شاپور اهواز
1396,تجربی,3962,1665,منطقه 2,پزشکی - نیمسال دوم,دانشگاه علوم پزشکی جندی شاپور اهواز
1396,تجربی,3968,497,ایثارگر-5%,داروسازی - نیمسال دوم,دانشگاه علوم پزشکی تبریز
1396,تجربی,3968,1667,منطقه 2,پزشکی,دانشگاه علوم پزشکی زابل
1396,تجربی,3968,1667,منطقه 2,پزشکی - نیمسال دوم,دانشگاه علوم پزشکی کردستان - سنندج
1396,تجربی,3974,498,ایثارگر-5%,پزشکی - نیمسال دوم,دانشگاه علوم پزشکی لرستان - خرم آباد
1396,تجربی,3974,498,ایثارگر-5%,پزشکی - نیمسال دوم,دانشگاه علوم پزشکی کردستان - سنندج
1396,تجربی,3974,1189,منطقه 1,پزشکی,دانشگاه علوم پزشکی اصفهان - پردیس خودگردان
1396,تجربی,3979,1673,منطقه 2,دندانپزشکی,دانشگاه علوم پزشکی یزد - پردیس خودگردان
1396,تجربی,3979,1673,منطقه 2,پرستاری - نیمسال اول,دانشگاه علوم پزشکی تهران
1396,تجربی,3985,500,ایثارگر-5%,پزشکی - نیمسال دوم,دانشگاه علوم پزشکی شاهرود
1396,تجربی,3985,1677,منطقه 2,پزشکی,دانشگاه علوم پزشکی فسا
1396,تجربی,3985,1677,منطقه 2,پزشکی - نیمسال اول,دانشگاه علوم پزشکی شاهرود
1396,تجربی,3985,1677,منطقه 2,پزشکی - نیمسال اول,دانشگاه علوم پزشکی لرستان - خرم آباد
1396,تجربی,3985,1677,منطقه 2,پزشکی - نیمسال دوم,دانشگاه علوم پزشکی شهیدبهشتی تهران - پردیس خودگردان
1396,تجربی,3993,567,منطقه 3,داروسازی - نیمسال دوم,دانشگاه علوم پزشکی تبریز
1396,تجربی,3993,1681,منطقه 2,داروسازی,دانشگاه علوم پزشکی اصفهان
1396,تجربی,3993,1681,منطقه 2,دندانپزشکی,دانشگاه علوم پزشکی بندرعباس
1396,تجربی,3993,1681,منطقه 2,پزشکی - نیمسال دوم,دانشگاه علوم پزشکی جندی شاپور اهواز
1396,تجربی,4001,1685,منطقه 2,پزشکی - نیمسال اول,دانشگاه علوم پزشکی یاسوج
1396,تجربی,4001,1685,منطقه 2,پزشکی - نیمسال دوم,دانشگاه علوم پزشکی خراسان شمالی - بجنورد
1396,تجربی,4001,1685,منطقه 2,پزشکی - نیمسال دوم,دانشگاه علوم پزشکی شاهرود
1396,تجربی,4010,570,منطقه 3,پزشکی,دانشکده علوم پزشکی آبادان
1396,تجربی,4010,570,منطقه 3,پزشکی - نیمسال اول,دانشگاه علوم پزشکی کردستان - سنندج
1396,تجربی,4010,1198,منطقه 1,پزشکی - نیمسال دوم,دانشگاه علوم پزشکی کردستان - سنندج
1396,تجربی,4010,1689,منطقه 2,داروسازی,دانشگاه علوم پزشکی تهران
1396,تجربی,4010,1689,منطقه 2,داروسازی,دانشگاه علوم پزشکی مازندران - ساری - پردیس خودگردان
1396,تجربی,4018,1693,منطقه 2,دندانپزشکی,دانشگاه علوم پزشکی اصفهان - پردیس خودگردان
1396,تجربی,4018,1693,منطقه 2,پزشکی,دانشگاه علوم پزشکی گناباد
1396,تجربی,4018,1693,منطقه 2,پزشکی - نیمسال دوم,دانشگاه علوم پزشکی شاهرود
1396,تجربی,4024,503,ایثارگر-5%,پزشکی - نیمسال دوم,دانشگاه علوم پزشکی کردستان - سنندج
1396,تجربی,4024,1696,منطقه 2,فیزیوتراپی,دانشگاه علوم پزشکی تهران
1396,تجربی,4024,1696,منطقه 2,پزشکی - نیمسال اول,دانشگاه علوم پزشکی سبزوار
1396,تجربی,4030,572,منطقه 3,دندانپزشکی,دانشگاه علوم پزشکی زنجان
1396,تجربی,4030,572,منطقه 3,پزشکی,دانشگاه علوم پزشکی گناباد
1396,تجربی,4030,1202,منطقه 1,داروسازی,دانشگاه علوم پزشکی تهران - پردیس خودگردان
1396,تجربی,4030,1698,منطقه 2,داروسازی,دانشگاه علوم پزشکی مشهد
1396,تجربی,4030,1698,منطقه 2,پزشکی,دانشگاه علوم پزشکی رفسنجان
1396,تجربی,4035,1700,منطقه 2,پزشکی - نیمسال دوم,دانشگاه علوم پزشکی کردستان - سنندج
1396,تجربی,4038,1702,منطقه 2,پزشکی - نیمسال اول,دانشگاه علوم پزشکی جهرم
1396,تجربی,4042,1205,منطقه 1,پزشکی - نیمسال دوم,دانشگاه علوم پزشکی خراسان شمالی - بجنورد
1396,تجربی,4042,1705,منطقه 2,داروسازی,دانشگاه علوم پزشکی یزد
1396,تجربی,4042,1705,منطقه 2,دندانپزشکی,دانشگاه علوم پزشکی مشهد - پردیس خودگردان
1396,تجربی,4042,1705,منطقه 2,پزشکی - نیمسال دوم,دانشگاه علوم پزشکی کردستان - سنندج
1396,تجربی,4047,575,منطقه 3,پزشکی - نیمسال اول,دانشگاه علوم پزشکی جندی شاپور اهواز
1396,تجربی,4047,1207,منطقه 1,دندانپزشکی,دانشگاه علوم پزشکی جندی شاپور اهواز
1396,تجربی,4047,1708,منطقه 2,پزشکی,دانشگاه علوم پزشکی مازندران - ساری - پردیس خودگردان
1396,تجربی,4054,506,ایثارگر-5%,پزشکی,دانشگاه علوم پزشکی بوشهر
1396,تجربی,4054,506,ایثارگر-5%,پزشکی - بومی استان کرمانشاه,دانشگاه علوم پزشکی کرمانشاه
1396,تجربی,4054,576,منطقه 3,دندانپزشکی,دانشگاه علوم پزشکی البرز - کرج
1396,تجربی,4054,1209,منطقه 1,دندانپزشکی,دانشگاه علوم پزشکی مشهد - پردیس خودگردان
1396,تجربی,4054,1710,منطقه 2,پزشکی - نیمسال اول,دانشگاه علوم پزشکی بندرعباس
1396,تجربی,4054,1710,منطقه 2,پزشکی - نیمسال اول,دانشگاه علوم پزشکی لرستان - خرم آباد
1396,تجربی,4061,577,منطقه 3,پزشکی,دانشگاه علوم پزشکی زابل
1396,تجربی,4061,1713,منطقه 2,دندانپزشکی,دانشگاه علوم پزشکی ایلام
1396,تجربی,4061,1713,منطقه 2,پزشکی - نیمسال دوم,دانشگاه علوم پزشکی شاهرود
1396,تجربی,4064,578,منطقه 3,دندانپزشکی - بومی کردستان,دانشگاه علوم پزشکی کردستان - سنندج
1396,تجربی,4064,1211,منطقه 1,دندانپزشکی,دانشگاه علوم پزشکی جندی شاپور اهواز
1396,تجربی,4064,1715,منطقه 2,دندانپزشکی,دانشگاه علوم پزشکی بوشهر
1396,تجربی,4064,1715,منطقه 2,پزشکی - نیمسال دوم,دانشگاه علوم پزشکی شاهرود
1396,تجربی,4069,1718,منطقه 2,داروسازی,دانشگاه علوم پزشکی زنجان
1396,تجربی,4075,1722,منطقه 2,داروسازی,دانشگاه علوم پزشکی مازندران - ساری
1396,تجربی,4075,1722,منطقه 2,پزشکی,دانشگاه علوم پزشکی رفسنجان
1396,تجربی,4078,1724,منطقه 2,پزشکی - نیمسال دوم,دانشگاه علوم پزشکی شهرکرد
1396,تجربی,4081,509,ایثارگر-5%,آموزش ابتدایی - بومی استان اصفهان,پردیس فاطمه الزهرا (س) - اصفهان
1396,تجربی,4081,1215,منطقه 1,دندانپزشکی,دانشگاه علوم پزشکی اصفهان - پردیس خودگردان
1396,تجربی,4088,580,منطقه 3,داروسازی,دانشگاه علوم پزشکی مشهد
1396,تجربی,4088,580,منطقه 3,دندانپزشکی,دانشگاه علوم پزشکی شیراز
1396,تجربی,4088,1219,منطقه 1,دندانپزشکی,دانشگاه علوم پزشکی مشهد - پردیس خودگردان
1396,تجربی,4088,1726,منطقه 2,داروسازی,دانشگاه علوم پزشکی کرمان
1396,تجربی,4088,1726,منطقه 2,دندانپزشکی - بومی آذربایجان شرقی,دانشگاه علوم پزشکی تبریز
1396,تجربی,4088,1726,منطقه 2,فیزیوتراپی,دانشگاه علوم پزشکی شیراز
1396,تجربی,4088,1726,منطقه 2,پزشکی,دانشگاه علوم پزشکی یزد - پردیس خودگردان
1396,تجربی,4095,1729,منطقه 2,پزشکی - بومی استان بوشهر,دانشگاه علوم پزشکی بوشهر
1396,تجربی,4101,511,ایثارگر-5%,دندانپزشکی - بومی استان قم,دانشگاه علوم پزشکی قم
1396,تجربی,4101,582,منطقه 3,داروسازی,دانشگاه علوم پزشکی یزد
1396,تجربی,4101,1733,منطقه 2,دندانپزشکی,دانشگاه علوم پزشکی گیلان - رشت (محل تحصیل بندرانزلی) - پردیس خودگردان
1396,تجربی,4101,1733,منطقه 2,پزشکی - نیمسال دوم,دانشگاه علوم پزشکی جندی شاپور اهواز
1396,تجربی,4109,1224,منطقه 1,پزشکی,دانشگاه علوم پزشکی مشهد - پردیس خودگردان
1396,تجربی,4109,1224,منطقه 1,پزشکی - نیمسال دوم,دانشگاه علوم پزشکی تبریز - پردیس خودگردان
1396,تجربی,4119,514,ایثارگر-5%,پزشکی - نیمسال دوم,دانشگاه علوم پزشکی جندی شاپور اهواز
1396,تجربی,4119,583,منطقه 3,پزشکی - نیمسال دوم,دانشگاه علوم پزشکی بندرعباس
1396,تجربی,4119,1227,منطقه 1,پزشکی - نیمسال دوم,دانشگاه علوم پزشکی لرستان - خرم آباد
1396,تجربی,4119,1741,منطقه 2,دندانپزشکی,دانشگاه علوم پزشکی بابل - پردیس خودگردان
1396,تجربی,4119,1741,منطقه 2,دندانپزشکی - بومی مازندران,دانشگاه علوم پزشکی بابل
1396,تجربی,4119,1741,منطقه 2,پزشکی - نیمسال دوم,دانشگاه علوم پزشکی خراسان شمالی - بجنورد
1396,تجربی,4127,516,ایثارگر-5%,پزشکی - نیمسال اول,دانشگاه علوم پزشکی بندرعباس
1396,تجربی,4127,1230,منطقه 1,دندانپزشکی,دانشگاه علوم پزشکی بندرعباس
1396,تجربی,4127,1230,منطقه 1,پزشکی - نیمسال دوم,دانشگاه علوم پزشکی شیراز - پردیس خودگردان
1396,تجربی,4127,1744,منطقه 2,داروسازی,دانشگاه علوم پزشکی شیراز
1396,تجربی,4135,517,ایثارگر-5%,پزشکی - نیمسال دوم,دانشگاه علوم پزشکی جندی شاپور اهواز
1396,تجربی,4135,1232,منطقه 1,داروسازی,دانشگاه علوم پزشکی شهیدبهشتی تهران - پردیس خودگردان
1396,تجربی,4135,1747,منطقه 2,داروسازی - نیمسال دوم,دانشگاه علوم پزشکی تبریز
1396,تجربی,4135,1747,منطقه 2,دندانپزشکی,دانشگاه علوم پزشکی مشهد - پردیس خودگردان
1396,تجربی,4135,1747,منطقه 2,پرستاری - نیمسال دوم,دانشگاه علوم پزشکی تهران
1396,تجربی,4135,1747,منطقه 2,پزشکی - نیمسال اول,دانشگاه علوم پزشکی یاسوج
1396,تجربی,4143,1235,منطقه 1,داروسازی,دانشگاه علوم پزشکی یزد
1396,تجربی,4143,1752,منطقه 2,پزشکی,دانشگاه علوم پزشکی قم
1396,تجربی,4143,1752,منطقه 2,پزشکی - نیمسال اول,دانشگاه علوم پزشکی بندرعباس
1396,تجربی,4151,586,منطقه 3,پزشکی,دانشگاه علوم پزشکی دزفول
1396,تجربی,4151,1238,منطقه 1,پزشکی,دانشگاه علوم پزشکی گناباد
1396,تجربی,4151,1238,منطقه 1,پزشکی - نیمسال دوم,دانشگاه علوم پزشکی لرستان - خرم آباد
1396,تجربی,4151,1756,منطقه 2,داروسازی,دانشگاه علوم پزشکی اصفهان
1396,تجربی,4151,1756,منطقه 2,پزشکی,دانشگاه علوم پزشکی بقیه الله
1396,تجربی,4159,520,ایثارگر-5%,داروسازی,دانشگاه علوم پزشکی اردبیل
1396,تجربی,4159,587,منطقه 3,پزشکی - نیمسال اول,دانشگاه علوم پزشکی زاهدان
1396,تجربی,4159,1760,منطقه 2,پزشکی,دانشگاه علوم پزشکی دزفول
1396,تجربی,4159,1760,منطقه 2,پزشکی - نیمسال دوم,دانشگاه علوم پزشکی زاهدان
1396,تجربی,4159,1760,منطقه 2,پزشکی - نیمسال دوم,دانشگاه علوم پزشکی لرستان - خرم آباد
1396,تجربی,4166,1764,منطقه 2,پزشکی,دانشگاه علوم پزشکی رفسنجان
1396,تجربی,4166,1764,منطقه 2,پزشکی - نیمسال دوم,دانشگاه علوم پزشکی لرستان - خرم آباد
1396,تجربی,4176,522,ایثارگر-5%,پزشکی,دانشگاه علوم پزشکی بوشهر
1396,تجربی,4176,1245,منطقه 1,پزشکی - نیمسال دوم,دانشگاه علوم پزشکی یاسوج
1396,تجربی,4176,1769,منطقه 2,پزشکی,دانشگاه علوم پزشکی ایلام
1396,تجربی,4176,1769,منطقه 2,پزشکی - نیمسال دوم,دانشگاه علوم پزشکی شهیدبهشتی تهران - پردیس خودگردان
1396,تجربی,4185,1773,منطقه 2,دندانپزشکی,دانشگاه علوم پزشکی کردستان - سنندج
1396,تجربی,4185,1773,منطقه 2,پزشکی - نیمسال دوم,دانشگاه علوم پزشکی شهیدبهشتی تهران - پردیس خودگردان
1396,تجربی,4192,588,منطقه 3,پزشکی - نیمسال اول,دانشگاه علوم پزشکی سبزوار
1396,تجربی,4192,1248,منطقه 1,پزشکی - نیمسال دوم,دانشگاه علوم پزشکی جندی شاپور اهواز
1396,تجربی,4192,1248,منطقه 1,پزشکی - نیمسال دوم,دانشگاه علوم پزشکی لرستان - خرم آباد
1396,تجربی,4192,1778,منطقه 2,بینایی سنجی,دانشگاه علوم پزشکی شهید بهشتی - تهران
1396,تجربی,4192,1778,منطقه 2,دندانپزشکی,دانشگاه علوم پزشکی ایلام
1396,تجربی,4192,1778,منطقه 2,دندانپزشکی - بومی استان قزوین,دانشگاه علوم پزشکی قزوین
1396,تجربی,4201,526,ایثارگر-5%,پزشکی - نیمسال دوم,دانشگاه علوم پزشکی کردستان - سنندج
1396,تجربی,4201,1783,منطقه 2,پزشکی - نیمسال دوم,دانشگاه علوم پزشکی جندی شاپور اهواز
1396,تجربی,4206,528,ایثارگر-5%,داروسازی,دانشگاه علوم پزشکی مشهد
1396,تجربی,4211,1786,منطقه 2,پزشکی - نیمسال دوم,دانشگاه علوم پزشکی زاهدان
1396,تجربی,4216,590,منطقه 3,پزشکی - بومی استان کرمانشاه,دانشگاه علوم پزشکی کرمانشاه
1396,تجربی,4216,1254,منطقه 1,داروسازی,دانشگاه علوم پزشکی بندرعباس
1396,تجربی,4216,1789,منطقه 2,پزشکی,دانشگاه علوم پزشکی گناباد
1396,تجربی,4224,592,منطقه 3,داروسازی,دانشگاه علوم پزشکی مازندران - ساری
1396,تجربی,4224,592,منطقه 3,پزشکی,دانشگاه علوم پزشکی گناباد
1396,تجربی,4224,1792,منطقه 2,داروسازی,دانشگاه علوم پزشکی بندرعباس
1396,تجربی,4224,1792,منطقه 2,فیزیوتراپی,دانشگاه علوم پزشکی تهران
1396,تجربی,4224,1792,منطقه 2,پزشکی,دانشگاه علوم پزشکی رفسنجان
1396,تجربی,4233,594,منطقه 3,پزشکی - نیمسال دوم,دانشگاه علوم پزشکی سبزوار
1396,تجربی,4233,1795,منطقه 2,پزشکی - بومی استان همدان,دانشگاه علوم پزشکی همدان
1396,تجربی,4238,595,منطقه 3,پزشکی - نیمسال دوم,دانشگاه علوم پزشکی بندرعباس
1396,تجربی,4238,1798,منطقه 2,داروسازی,دانشگاه علوم پزشکی اصفهان
1396,تجربی,4238,1798,منطقه 2,داروسازی,دانشگاه علوم پزشکی لرستان - خرم آباد
1396,تجربی,4238,1798,منطقه 2,داروسازی,دانشگاه علوم پزشکی گیلان - رشت
1396,تجربی,4238,1798,منطقه 2,پزشکی - نیمسال دوم,دانشگاه علوم پزشکی شهیدبهشتی تهران - پردیس خودگردان
1396,تجربی,4244,532,ایثارگر-5%,داروسازی,دانشگاه علوم پزشکی لرستان - خرم آباد
1396,تجربی,4244,1262,منطقه 1,داروسازی,دانشگاه علوم پزشکی شیراز
1396,تجربی,4248,533,ایثارگر-5%,دندانپزشکی,دانشگاه علوم پزشکی ایلام
1396,تجربی,4248,1264,منطقه 1,داروسازی - نیمسال اول,دانشگاه علوم پزشکی تبریز - پردیس خودگردان
1396,تجربی,4248,1803,منطقه 2,داروسازی - نیمسال اول,دانشگاه علوم پزشکی تبریز
1396,تجربی,4254,596,منطقه 3,داروسازی - نیمسال دوم,دانشگاه علوم پزشکی تبریز
1396,تجربی,4254,596,منطقه 3,دندانپزشکی - بومی کردستان,دانشگاه علوم پزشکی کردستان - سنندج
1396,تجربی,4254,1805,منطقه 2,دندانپزشکی - نیمسال دوم,دانشگاه علوم پزشکی زاهدان
1396,تجربی,4254,1805,منطقه 2,پزشکی - نیمسال دوم,دانشگاه علوم پزشکی سبزوار
1396,تجربی,4262,599,منطقه 3,پزشکی,دانشگاه علوم پزشکی رفسنجان
1396,تجربی,4262,599,منطقه 3,پزشکی,دانشگاه علوم پزشکی گلستان - گرگان
1396,تجربی,4262,599,منطقه 3,پزشکی - نیمسال اول,دانشگاه علوم پزشکی مازندران - ساری
1396,تجربی,4262,1266,منطقه 1,داروسازی - نیمسال دوم,دانشگاه علوم پزشکی تبریز
1396,تجربی,4262,1807,منطقه 2,داروسازی - نیمسال اول,دانشگاه علوم پزشکی تبریز
1396,تجربی,4269,538,ایثارگر-5%,پزشکی - نیمسال دوم,دانشگاه علوم پزشکی سبزوار
1396,تجربی,4274,1271,منطقه 1,پزشکی - نیمسال دوم,دانشگاه علوم پزشکی لرستان - خرم آباد
1396,تجربی,4274,1809,منطقه 2,پزشکی,دانشگاه علوم پزشکی گیلان - رشت (محل تحصیل بندرانزلی) - پردیس خودگردان
1396,تجربی,4279,541,ایثارگر-5%,پزشکی - نیمسال دوم,دانشگاه علوم پزشکی کردستان - سنندج
1396,تجربی,4279,1810,منطقه 2,پزشکی - نیمسال دوم,دانشگاه علوم پزشکی لرستان - خرم آباد
1396,تجربی,4283,1813,منطقه 2,داروسازی,دانشگاه علوم پزشکی کرمان
1396,تجربی,4283,1813,منطقه 2,دندانپزشکی - بومی گلستان,دانشگاه علوم پزشکی گلستان - گرگان
1396,تجربی,4295,543,ایثارگر-5%,داروسازی,دانشگاه علوم پزشکی مازندران - ساری
1396,تجربی,4295,543,ایثارگر-5%,پزشکی - نیمسال اول,دانشگاه علوم پزشکی مازندران - ساری
1396,تجربی,4295,601,منطقه 3,پزشکی,دانشگاه علوم پزشکی اردبیل
1396,تجربی,4295,1277,منطقه 1,داروسازی,دانشگاه علوم پزشکی یزد
1396,تجربی,4295,1277,منطقه 1,فیزیوتراپی,دانشگاه علوم پزشکی تهران
1396,تجربی,4295,1819,منطقه 2,داروسازی,دانشگاه علوم پزشکی اصفهان
1396,تجربی,4295,1819,منطقه 2,دندانپزشکی,دانشگاه علوم پزشکی یزد - پردیس خودگردان
1396,تجربی,4295,1819,منطقه 2,پزشکی,دانشگاه علوم پزشکی سبزوار
1396,تجربی,4308,545,ایثارگر-5%,پزشکی - نیمسال دوم,دانشگاه علوم پزشکی زاهدان
1396,تجربی,4308,604,منطقه 3,داروسازی,دانشگاه علوم پزشکی شیراز
1396,تجربی,4308,604,منطقه 3,دندانپزشکی,دانشگاه علوم پزشکی لرستان - خرم آباد
1396,تجربی,4308,1280,منطقه 1,پزشکی,دانشگاه علوم پزشکی اصفهان - پردیس خودگردان
1396,تجربی,4308,1824,منطقه 2,داروسازی,دانشگاه علوم پزشکی گیلان - رشت
1396,تجربی,4308,1824,منطقه 2,پزشکی - نیمسال دوم,دانشگاه علوم پزشکی سبزوار
1396,تجربی,4317,547,ایثارگر-5%,داروسازی - نیمسال اول,دانشگاه علوم پزشکی تبریز
1396,تجربی,4317,606,منطقه 3,پزشکی - نیمسال اول,دانشگاه علوم پزشکی بندرعباس
1396,تجربی,4317,1282,منطقه 1,پزشکی,دانشگاه علوم پزشکی فسا
1396,تجربی,4317,1826,منطقه 2,دندانپزشکی - بومی آذربایجان غربی,دانشگاه علوم پزشکی ارومیه
1396,تجربی,4325,608,منطقه 3,پزشکی - بومی خراسان رضوی,دانشگاه علوم پزشکی مشهد
1396,تجربی,4325,608,منطقه 3,پزشکی - نیمسال دوم,دانشگاه علوم پزشکی گیلان - رشت
1396,تجربی,4325,1829,منطقه 2,دندانپزشکی - بومی خراسان شمالی,دانشگاه علوم پزشکی خراسان شمالی - بجنورد
1396,تجربی,4325,1829,منطقه 2,پزشکی - نیمسال دوم,دانشگاه علوم پزشکی سبزوار
1396,تجربی,4331,550,ایثارگر-5%,پزشکی,دانشگاه علوم پزشکی بقیه الله
1396,تجربی,4335,1286,منطقه 1,پزشکی - نیمسال دوم,دانشگاه علوم پزشکی شیراز - پردیس خودگردان
1396,تجربی,4335,1833,منطقه 2,پزشکی,دانشگاه علوم پزشکی ایلام
1396,تجربی,4341,552,ایثارگر-5%,داروسازی,دانشگاه علوم پزشکی یزد
1396,تجربی,4341,1835,منطقه 2,داروسازی,دانشگاه علوم پزشکی زنجان
1396,تجربی,4341,1835,منطقه 2,دندانپزشکی - بومی مازندران,دانشگاه علوم پزشکی مازندران - ساری
1396,تجربی,4341,1835,منطقه 2,پزشکی - نیمسال دوم,دانشگاه علوم پزشکی زاهدان
1396,تجربی,4348,1838,منطقه 2,پزشکی,دانشگاه علوم پزشکی دزفول
1396,تجربی,4355,1293,منطقه 1,داروسازی,دانشگاه علوم پزشکی یزد
1396,تجربی,4355,1842,منطقه 2,داروسازی,دانشگاه علوم پزشکی مشهد
1396,تجربی,4355,1842,منطقه 2,داروسازی,دانشگاه علوم پزشکی همدان
1396,تجربی,4355,1842,منطقه 2,پزشکی,دانشگاه علوم پزشکی بوشهر
1396,تجربی,4355,1842,منطقه 2,پزشکی - نیمسال اول,دانشگاه علوم پزشکی بندرعباس
1396,تجربی,4363,1295,منطقه 1,دندانپزشکی,دانشگاه علوم پزشکی مازندران - ساری - پردیس خودگردان
1396,تجربی,4363,1846,منطقه 2,دندانپزشکی,دانشگاه علوم پزشکی تبریز - پردیس خودگردان
1396,تجربی,4363,1846,منطقه 2,پزشکی,دانشگاه علوم پزشکی بقیه الله
1396,تجربی,4363,1846,منطقه 2,پزشکی - نیمسال اول,دانشگاه علوم پزشکی بندرعباس
1396,تجربی,4376,555,ایثارگر-5%,داروسازی,دانشگاه علوم پزشکی بندرعباس
1396,تجربی,4376,1851,منطقه 2,پزشکی,دانشگاه علوم پزشکی دزفول
1396,تجربی,4376,1851,منطقه 2,پزشکی - نیمسال اول,دانشگاه علوم پزشکی بندرعباس
1396,تجربی,4383,616,منطقه 3,داروسازی,دانشگاه علوم پزشکی تهران
1396,تجربی,4383,616,منطقه 3,پزشکی - بومی استان چهارمحال وبختیاری,دانشگاه علوم پزشکی شهرکرد
1396,تجربی,4383,1302,منطقه 1,داروسازی,دانشگاه علوم پزشکی یزد
1396,تجربی,4383,1854,منطقه 2,داروسازی,دانشگاه علوم پزشکی زنجان
1396,تجربی,4383,1854,منطقه 2,داروسازی,دانشگاه علوم پزشکی مازندران - ساری
1396,تجربی,4383,1854,منطقه 2,پزشکی,دانشگاه علوم پزشکی دزفول
1396,تجربی,4391,557,ایثارگر-5%,داروسازی - نیمسال دوم,دانشگاه علوم پزشکی تبریز
1396,تجربی,4391,618,منطقه 3,پزشکی,دانشگاه علوم پزشکی اردبیل
1396,تجربی,4391,1304,منطقه 1,پزشکی - نیمسال اول,دانشگاه علوم پزشکی بندرعباس
1396,تجربی,4391,1857,منطقه 2,داروسازی,دانشگاه علوم پزشکی شیراز
1396,تجربی,4398,1307,منطقه 1,داروسازی - نیمسال دوم,دانشگاه علوم پزشکی تبریز
1396,تجربی,4398,1860,منطقه 2,داروسازی,دانشگاه علوم پزشکی مازندران - ساری
1396,تجربی,4398,1860,منطقه 2,پزشکی,دانشگاه علوم پزشکی دزفول
1396,تجربی,4398,1860,منطقه 2,پزشکی - نیمسال اول,دانشگاه علوم پزشکی البرز - کرج
1396,تجربی,4403,1862,منطقه 2,داروسازی - نیمسال اول,دانشگاه علوم پزشکی تبریز
1396,تجربی,4403,1862,منطقه 2,دندانپزشکی,دانشگاه علوم پزشکی مازندران - ساری - پردیس خودگردان
1396,تجربی,4407,558,ایثارگر-5%,دندانپزشکی,دانشگاه علوم پزشکی بوشهر
1396,تجربی,4407,1310,منطقه 1,پزشکی,دانشگاه علوم پزشکی اصفهان - پردیس خودگردان
1396,تجربی,4407,1864,منطقه 2,پزشکی,دانشگاه علوم پزشکی رفسنجان
1396,تجربی,4407,1864,منطقه 2,پزشکی - نیمسال دوم,دانشگاه علوم پزشکی لرستان - خرم آباد
1396,تجربی,4412,620,منطقه 3,داروسازی,دانشگاه علوم پزشکی بندرعباس
1396,تجربی,4412,1867,منطقه 2,داروسازی - بومی لرستان,دانشگاه علوم پزشکی لرستان - خرم آباد
1396,تجربی,4412,1867,منطقه 2,پزشکی,دانشگاه علوم پزشکی دزفول
1396,تجربی,4412,1867,منطقه 2,پزشکی,دانشگاه علوم پزشکی همدان - پردیس خودگردان
1396,تجربی,4421,559,ایثارگر-5%,پزشکی,دانشگاه علوم پزشکی زابل
1396,تجربی,4421,559,ایثارگر-5%,پزشکی - نیمسال دوم,دانشگاه علوم پزشکی البرز - کرج
1396,تجربی,4421,622,منطقه 3,دندانپزشکی,دانشگاه علوم پزشکی مشهد - پردیس خودگردان
1396,تجربی,4421,622,منطقه 3,پزشکی,دانشگاه علوم پزشکی قزوین
1396,تجربی,4421,622,منطقه 3,پزشکی - نیمسال دوم,دانشگاه علوم پزشکی یاسوج
1396,تجربی,4421,1870,منطقه 2,داروسازی,دانشگاه علوم پزشکی مازندران - ساری
1396,تجربی,4421,1870,منطقه 2,داروسازی,دانشگاه علوم پزشکی کرمان - پردیس خودگردان
1396,تجربی,4421,1870,منطقه 2,دندانپزشکی,دانشگاه علوم پزشکی ایلام
1396,تجربی,4430,561,ایثارگر-5%,دندانپزشکی,دانشگاه علوم پزشکی رفسنجان
1396,تجربی,4430,1873,منطقه 2,داروسازی,دانشگاه علوم پزشکی بقیه الله
1396,تجربی,4435,562,ایثارگر-5%,داروسازی,دانشگاه علوم پزشکی شیراز
1396,تجربی,4435,562,ایثارگر-5%,پزشکی,دانشگاه علوم پزشکی رفسنجان
1396,تجربی,4443,564,ایثارگر-5%,پزشکی - نیمسال دوم,دانشگاه علوم پزشکی جندی شاپور اهواز
1396,تجربی,4443,1323,منطقه 1,دندانپزشکی,دانشگاه علوم پزشکی ارومیه - پردیس خودگردان
1396,تجربی,4443,1323,منطقه 1,پزشکی - نیمسال دوم,دانشگاه علوم پزشکی تبریز - پردیس خودگردان
1396,تجربی,4456,1884,منطقه 2,داروسازی,دانشگاه علوم پزشکی مازندران - ساری
1396,تجربی,4456,1884,منطقه 2,پزشکی,دانشگاه علوم پزشکی بم
1396,تجربی,4456,1884,منطقه 2,پزشکی,دانشگاه علوم پزشکی رفسنجان
1396,تجربی,4462,625,منطقه 3,پزشکی - نیمسال اول,دانشگاه علوم پزشکی شهیدبهشتی تهران - پردیس خودگردان
1396,تجربی,4462,1328,منطقه 1,داروسازی,دانشگاه علوم پزشکی مشهد
1396,تجربی,4473,1331,منطقه 1,دندانپزشکی,دانشگاه علوم پزشکی بندرعباس
1396,تجربی,4473,1331,منطقه 1,فیزیوتراپی,دانشگاه علوم پزشکی تهران
1396,تجربی,4473,1331,منطقه 1,پزشکی,دانشگاه علوم پزشکی اصفهان - پردیس خودگردان
1396,تجربی,4473,1331,منطقه 1,پزشکی,دانشگاه علوم پزشکی گناباد
1396,تجربی,4473,1892,منطقه 2,دندانپزشکی - بومی استان کرمانشاه,دانشگاه علوم پزشکی کرمانشاه
1396,تجربی,4473,1892,منطقه 2,پزشکی,دانشگاه علوم پزشکی بابل - پردیس خودگردان
1396,تجربی,4481,1335,منطقه 1,داروسازی,دانشگاه علوم پزشکی تهران - پردیس خودگردان
1396,تجربی,4481,1335,منطقه 1,داروسازی,دانشگاه علوم پزشکی کرمان
1396,تجربی,4481,1894,منطقه 2,داروسازی,دانشگاه علوم پزشکی همدان
1396,تجربی,4486,1896,منطقه 2,اتاق عمل,دانشگاه علوم پزشکی شهید بهشتی - تهران
1396,تجربی,4486,1896,منطقه 2,داروسازی,دانشگاه علوم پزشکی اردبیل
1396,تجربی,4486,1896,منطقه 2,پزشکی - نیمسال اول,دانشگاه علوم پزشکی زاهدان
1396,تجربی,4486,1896,منطقه 2,پزشکی - نیمسال دوم,دانشگاه علوم پزشکی یاسوج
1396,تجربی,4492,570,ایثارگر-5%,داروسازی,دانشگاه علوم پزشکی زنجان
1396,تجربی,4492,1900,منطقه 2,پزشکی,دانشگاه علوم پزشکی جیرفت
1396,تجربی,4498,628,منطقه 3,پزشکی - بومی آذربایجان غربی,دانشگاه علوم پزشکی ارومیه
1396,تجربی,4498,1903,منطقه 2,دندانپزشکی - بومی استان قزوین,دانشگاه علوم پزشکی قزوین
1396,تجربی,4504,630,منطقه 3,پزشکی,دانشگاه علوم پزشکی اردبیل
1396,تجربی,4504,630,منطقه 3,پزشکی - بومی آذربایجان غربی,دانشگاه علوم پزشکی ارومیه
1396,تجربی,4504,1342,منطقه 1,پزشکی,دانشگاه علوم پزشکی اصفهان - پردیس خودگردان
1396,تجربی,4504,1342,منطقه 1,پزشکی - نیمسال دوم,دانشگاه علوم پزشکی یاسوج
1396,تجربی,4509,1344,منطقه 1,داروسازی,دانشگاه علوم پزشکی زنجان
1396,تجربی,4509,1344,منطقه 1,داروسازی,دانشگاه علوم پزشکی یزد
1396,تجربی,4509,1905,منطقه 2,پزشکی,دانشگاه علوم پزشکی رفسنجان
1396,تجربی,4509,1905,منطقه 2,پزشکی - بومی کردستان,دانشگاه علوم پزشکی کردستان - سنندج
1396,تجربی,4514,632,منطقه 3,پزشکی - نیمسال دوم,دانشگاه علوم پزشکی همدان
1396,تجربی,4514,1907,منطقه 2,پزشکی - نیمسال دوم,دانشگاه علوم پزشکی شیراز - پردیس خودگردان
1396,تجربی,4520,633,منطقه 3,داروسازی,دانشگاه علوم پزشکی تهران
1396,تجربی,4520,633,منطقه 3,پزشکی - بومی استان اردبیل,دانشگاه علوم پزشکی اردبیل
1396,تجربی,4520,1347,منطقه 1,دندانپزشکی,دانشگاه علوم پزشکی ارومیه - پردیس خودگردان
1396,تجربی,4520,1347,منطقه 1,پزشکی - نیمسال دوم,دانشگاه علوم پزشکی جهرم
1396,تجربی,4520,1909,منطقه 2,پزشکی,دانشگاه علوم پزشکی رفسنجان
1396,تجربی,4520,1909,منطقه 2,پزشکی - نیمسال دوم,دانشگاه علوم پزشکی لرستان - خرم آباد
1396,تجربی,4528,635,منطقه 3,دندانپزشکی,دانشگاه علوم پزشکی گلستان - گرگان
1396,تجربی,4528,635,منطقه 3,پزشکی - بومی استان کهکیلویه و بویر احمد,دانشگاه علوم پزشکی یاسوج
1396,تجربی,4528,1912,منطقه 2,پزشکی - نیمسال دوم,دانشگاه علوم پزشکی شیراز - پردیس خودگردان
1396,تجربی,4533,1351,منطقه 1,پزشکی,دانشگاه علوم پزشکی مشهد - پردیس خودگردان
1396,تجربی,4540,637,منطقه 3,دندانپزشکی - بومی آذربایجان غربی,دانشگاه علوم پزشکی ارومیه
1396,تجربی,4540,637,منطقه 3,پزشکی,دانشگاه علوم پزشکی قزوین
1396,تجربی,4540,1352,منطقه 1,داروسازی,دانشگاه علوم پزشکی زنجان
1396,تجربی,4540,1917,منطقه 2,داروسازی,دانشگاه علوم پزشکی جندی شاپور اهواز
1396,تجربی,4540,1917,منطقه 2,داروسازی,دانشگاه علوم پزشکی شیراز
1396,تجربی,4540,1917,منطقه 2,پزشکی,دانشگاه علوم پزشکی ایلام
1396,تجربی,4540,1917,منطقه 2,پزشکی - بومی آذربایجان غربی,دانشگاه علوم پزشکی ارومیه
1396,تجربی,4540,1917,منطقه 2,پزشکی - بومی استان همدان,دانشگاه علوم پزشکی همدان
1396,تجربی,4540,1917,منطقه 2,پزشکی - نیمسال اول,دانشگاه علوم پزشکی تبریز - پردیس خودگردان
1396,تجربی,4550,577,ایثارگر-5%,داروسازی,دانشگاه علوم پزشکی یزد
1396,تجربی,4550,577,ایثارگر-5%,پزشکی,دانشگاه علوم پزشکی ایلام
1396,تجربی,4550,640,منطقه 3,داروسازی,دانشگاه علوم پزشکی مشهد
1396,تجربی,4550,640,منطقه 3,دندانپزشکی,دانشگاه علوم پزشکی جندی شاپور اهواز
1396,تجربی,4550,640,منطقه 3,پزشکی - نیمسال دوم,دانشگاه علوم پزشکی سبزوار
1396,تجربی,4550,1922,منطقه 2,دندانپزشکی - بومی استان همدان,دانشگاه علوم پزشکی همدان
1396,تجربی,4550,1922,منطقه 2,پزشکی - نیمسال اول,دانشگاه علوم پزشکی البرز - کرج
1396,تجربی,4559,642,منطقه 3,پزشکی,دانشگاه علوم پزشکی فسا
1396,تجربی,4559,1927,منطقه 2,داروسازی,دانشگاه علوم پزشکی مازندران - ساری
1396,تجربی,4559,1927,منطقه 2,دندانپزشکی,دانشگاه علوم پزشکی تبریز - پردیس خودگردان
1396,تجربی,4559,1927,منطقه 2,فیزیوتراپی,دانشگاه علوم پزشکی شهید بهشتی - تهران
1396,تجربی,4559,1927,منطقه 2,پزشکی - نیمسال دوم,دانشگاه علوم پزشکی بندرعباس
1396,تجربی,4559,1927,منطقه 2,پزشکی - نیمسال دوم,دانشگاه علوم پزشکی لرستان - خرم آباد
1396,تجربی,4567,1355,منطقه 1,داروسازی,دانشگاه علوم پزشکی زنجان
1396,تجربی,4567,1932,منطقه 2,پزشکی,دانشگاه علوم پزشکی اصفهان - پردیس خودگردان
1396,تجربی,4567,1932,منطقه 2,پزشکی - نیمسال دوم,دانشگاه علوم پزشکی بندرعباس
1396,تجربی,4573,644,منطقه 3,داروسازی,دانشگاه علوم پزشکی مشهد
1396,تجربی,4573,1935,منطقه 2,پزشکی - بومی خوزستان,دانشگاه علوم پزشکی جندی شاپور اهواز
1396,تجربی,4578,1937,منطقه 2,داروسازی,دانشگاه علوم پزشکی زنجان
1396,تجربی,4583,646,منطقه 3,پزشکی - نیمسال دوم,دانشگاه علوم پزشکی لرستان - خرم آباد
1396,تجربی,4583,1358,منطقه 1,پزشکی - نیمسال دوم,دانشگاه علوم پزشکی جهرم
1396,تجربی,4583,1939,منطقه 2,پرستاری - نیمسال اول,دانشگاه علوم پزشکی اصفهان
1396,تجربی,4588,582,ایثارگر-5%,پزشکی,دانشگاه علوم پزشکی اصفهان - پردیس خودگردان
1396,تجربی,4588,1942,منطقه 2,پزشکی - بومی استان اصفهان,دانشگاه علوم پزشکی کاشان
1396,تجربی,4596,583,ایثارگر-5%,پزشکی - نیمسال دوم,دانشگاه علوم پزشکی مازندران - ساری
1396,تجربی,4596,1946,منطقه 2,داروسازی,دانشگاه علوم پزشکی بندرعباس
1396,تجربی,4596,1946,منطقه 2,پزشکی,دانشگاه علوم پزشکی زابل
1396,تجربی,4596,1946,منطقه 2,پزشکی - نیمسال دوم,دانشگاه علوم پزشکی بندرعباس
1396,تجربی,4604,648,منطقه 3,پزشکی,دانشگاه علوم پزشکی جیرفت
1396,تجربی,4604,1365,منطقه 1,داروسازی,دانشگاه علوم پزشکی اصفهان - پردیس خودگردان
1396,تجربی,4604,1949,منطقه 2,دندانپزشکی,دانشگاه علوم پزشکی لرستان - خرم آباد
1396,تجربی,4604,1949,منطقه 2,پزشکی - نیمسال دوم,دانشگاه علوم پزشکی یاسوج
1396,تجربی,4610,1952,منطقه 2,دندانپزشکی - بومی گلستان,دانشگاه علوم پزشکی گلستان - گرگان
1396,تجربی,4610,1952,منطقه 2,پزشکی,دانشگاه علوم پزشکی گیلان - رشت (محل تحصیل بندرانزلی) - پردیس خودگردان
1396,تجربی,4615,1956,منطقه 2,داروسازی,دانشگاه علوم پزشکی مازندران - ساری
1396,تجربی,4615,1956,منطقه 2,داروسازی,دانشگاه علوم پزشکی گیلان - رشت
1396,تجربی,4615,1956,منطقه 2,پزشکی,دانشگاه علوم پزشکی بابل - پردیس خودگردان
1396,تجربی,4621,586,ایثارگر-5%,داروسازی,دانشگاه علوم پزشکی اصفهان
1396,تجربی,4621,649,منطقه 3,پزشکی - نیمسال اول,دانشگاه علوم پزشکی شهیدبهشتی تهران - پردیس خودگردان
1396,تجربی,4621,649,منطقه 3,پزشکی - نیمسال دوم,دانشگاه علوم پزشکی کردستان - سنندج
1396,تجربی,4621,1368,منطقه 1,داروسازی,دانشگاه علوم پزشکی اردبیل
1396,تجربی,4621,1959,منطقه 2,پزشکی,دانشگاه علوم پزشکی بوشهر
1396,تجربی,4621,1959,منطقه 2,پزشکی - نیمسال دوم,دانشگاه علوم پزشکی زاهدان
1396,تجربی,4628,651,منطقه 3,پزشکی - بومی کردستان,دانشگاه علوم پزشکی کردستان - سنندج
1396,تجربی,4628,1963,منطقه 2,داروسازی,دانشگاه علوم پزشکی اردبیل
1396,تجربی,4628,1963,منطقه 2,داروسازی,دانشگاه علوم پزشکی جندی شاپور اهواز
1396,تجربی,4628,1963,منطقه 2,داروسازی,دانشگاه علوم پزشکی لرستان - خرم آباد
1396,تجربی,4628,1963,منطقه 2,داروسازی,دانشگاه علوم پزشکی مازندران - ساری
1396,تجربی,4628,1963,منطقه 2,پزشکی,دانشگاه علوم پزشکی دزفول
1396,تجربی,4635,652,منطقه 3,داروسازی,دانشگاه علوم پزشکی شیراز
1396,تجربی,4635,1371,منطقه 1,داروسازی,دانشگاه علوم پزشکی البرز - کرج
1396,تجربی,4635,1371,منطقه 1,پزشکی,دانشگاه علوم پزشکی بوشهر
1396,تجربی,4635,1966,منطقه 2,دندانپزشکی - بومی خراسان شمالی,دانشگاه علوم پزشکی خراسان شمالی - بجنورد
1396,تجربی,4635,1966,منطقه 2,پزشکی - نیمسال دوم,دانشگاه علوم پزشکی زاهدان
1396,تجربی,4644,654,منطقه 3,داروسازی,دانشگاه علوم پزشکی زابل
1396,تجربی,4644,654,منطقه 3,دندانپزشکی - بومی کردستان,دانشگاه علوم پزشکی کردستان - سنندج
1396,تجربی,4644,1375,منطقه 1,پزشکی,دانشگاه علوم پزشکی قزوین
1396,تجربی,4644,1969,منطقه 2,داروسازی,دانشگاه علوم پزشکی زنجان
1396,تجربی,4644,1969,منطقه 2,پزشکی,دانشگاه علوم پزشکی اصفهان - پردیس خودگردان
1396,تجربی,4644,1969,منطقه 2,پزشکی,دانشگاه علوم پزشکی رفسنجان
1396,تجربی,4654,656,منطقه 3,دندانپزشکی,دانشگاه علوم پزشکی بابل
1396,تجربی,4654,1973,منطقه 2,دندانپزشکی,دانشگاه علوم پزشکی کرمانشاه - پردیس خودگردان
1396,تجربی,4654,1973,منطقه 2,پزشکی,دانشگاه علوم پزشکی اردبیل - پردیس خودگردان
1396,تجربی,4661,658,منطقه 3,پزشکی - بومی استان کهکیلویه و بویر احمد,دانشگاه علوم پزشکی یاسوج
1396,تجربی,4661,1380,منطقه 1,دندانپزشکی - بومی آذربایجان شرقی,دانشگاه علوم پزشکی تبریز
1396,تجربی,4666,1979,منطقه 2,پزشکی,دانشگاه علوم پزشکی بوشهر
1396,تجربی,4666,1979,منطقه 2,پزشکی - نیمسال اول,دانشگاه علوم پزشکی البرز - کرج
1396,تجربی,4671,589,ایثارگر-5%,فیزیوتراپی,دانشگاه علوم پزشکی تهران
1396,تجربی,4671,660,منطقه 3,فیزیوتراپی,دانشگاه علوم پزشکی تهران
1396,تجربی,4671,660,منطقه 3,پزشکی,دانشگاه علوم پزشکی گناباد
1396,تجربی,4671,1382,منطقه 1,پزشکی,دانشگاه علوم پزشکی اصفهان - پردیس خودگردان
1396,تجربی,4677,590,ایثارگر-5%,دندانپزشکی - بومی استان اردبیل,دانشگاه علوم پزشکی اردبیل
1396,تجربی,4683,1385,منطقه 1,داروسازی,دانشگاه علوم پزشکی یزد
1396,تجربی,4691,593,ایثارگر-5%,فیزیوتراپی,دانشگاه علوم پزشکی شیراز
1396,تجربی,4691,663,منطقه 3,پزشکی - نیمسال دوم,دانشگاه علوم پزشکی گیلان - رشت
1396,تجربی,4691,1387,منطقه 1,پزشکی,دانشگاه علوم پزشکی بوشهر
1396,تجربی,4691,1990,منطقه 2,دندانپزشکی,دانشگاه علوم پزشکی اردبیل - پردیس خودگردان
1396,تجربی,4701,595,ایثارگر-5%,داروسازی,دانشگاه علوم پزشکی کرمانشاه
1396,تجربی,4701,667,منطقه 3,پزشکی - بومی استان اردبیل,دانشگاه علوم پزشکی اردبیل
1396,تجربی,4701,667,منطقه 3,پزشکی - بومی خراسان شمالی-تعهد خدمت در دانشگاه اسفراین,دانشگاه علوم پزشکی خراسان شمالی - بجنورد
1396,تجربی,4701,667,منطقه 3,پزشکی - بومی لرستان,دانشگاه علوم پزشکی لرستان - خرم آباد
1396,تجربی,4701,667,منطقه 3,پزشکی - نیمسال اول,دانشگاه علوم پزشکی لرستان - خرم آباد
1396,تجربی,4701,667,منطقه 3,پزشکی - نیمسال دوم,دانشگاه علوم پزشکی کردستان - سنندج
1396,تجربی,4701,1388,منطقه 1,پزشکی,دانشگاه علوم پزشکی مشهد - پردیس خودگردان
1396,تجربی,4701,1993,منطقه 2,داروسازی,دانشگاه علوم پزشکی ارومیه
1396,تجربی,4701,1993,منطقه 2,دندانپزشکی - بومی خراسان رضوی,دانشگاه علوم پزشکی مشهد
1396,تجربی,4709,1390,منطقه 1,پزشکی - نیمسال دوم,دانشگاه علوم پزشکی تبریز - پردیس خودگردان
1396,تجربی,4715,597,ایثارگر-5%,دندانپزشکی,دانشگاه علوم پزشکی اصفهان - پردیس خودگردان
1396,تجربی,4715,670,منطقه 3,پزشکی - نیمسال اول,دانشگاه علوم پزشکی سمنان
1396,تجربی,4715,1997,منطقه 2,دندانپزشکی - بومی استان همدان,دانشگاه علوم پزشکی همدان
1396,تجربی,4715,1997,منطقه 2,پزشکی,دانشگاه علوم پزشکی قم
1396,تجربی,4720,672,منطقه 3,دندانپزشکی,دانشگاه علوم پزشکی رفسنجان
1396,تجربی,4720,1999,منطقه 2,پزشکی,دانشگاه علوم پزشکی بوشهر
1396,تجربی,4727,1393,منطقه 1,پزشکی,دانشگاه علوم پزشکی مشهد - پردیس خودگردان
1396,تجربی,4727,2004,منطقه 2,فیزیوتراپی,دانشگاه علوم پزشکی تهران
1396,تجربی,4727,2004,منطقه 2,پزشکی,دانشگاه علوم پزشکی زابل
1396,تجربی,4727,2004,منطقه 2,پزشکی,دانشگاه علوم پزشکی زنجان - پردیس خودگردان
1396,تجربی,4736,1396,منطقه 1,پزشکی,دانشگاه علوم پزشکی بوشهر
1396,تجربی,4736,2009,منطقه 2,پزشکی,دانشگاه علوم پزشکی اصفهان - پردیس خودگردان
1396,تجربی,4742,674,منطقه 3,دندانپزشکی,دانشگاه علوم پزشکی گلستان - گرگان
1396,تجربی,4742,674,منطقه 3,پزشکی - بومی استان چهارمحال وبختیاری,دانشگاه علوم پزشکی شهرکرد
1396,تجربی,4748,2014,منطقه 2,داروسازی - بومی کردستان,دانشگاه علوم پزشکی کرمانشاه
1396,تجربی,4756,604,ایثارگر-5%,دندانپزشکی,دانشگاه علوم پزشکی رفسنجان
1396,تجربی,4756,1400,منطقه 1,داروسازی,دانشگاه علوم پزشکی شیراز
1396,تجربی,4764,606,ایثارگر-5%,داروسازی,دانشگاه علوم پزشکی جندی شاپور اهواز
1396,تجربی,4764,677,منطقه 3,دندانپزشکی - بومی استان اردبیل,دانشگاه علوم پزشکی اردبیل
1396,تجربی,4764,1401,منطقه 1,دندانپزشکی - بومی خراسان رضوی,دانشگاه علوم پزشکی مشهد
1396,تجربی,4764,2020,منطقه 2,پزشکی,دانشگاه علوم پزشکی رفسنجان
1396,تجربی,4764,2020,منطقه 2,پزشکی - بومی مناطق تحت پوشش دانشگاه زاهدان,دانشگاه علوم پزشکی زاهدان
1396,تجربی,4771,1402,منطقه 1,پزشکی,دانشگاه علوم پزشکی بقیه الله
1396,تجربی,4771,1402,منطقه 1,پزشکی - نیمسال دوم,دانشگاه علوم پزشکی زاهدان
1396,تجربی,4771,2024,منطقه 2,داروسازی,دانشگاه علوم پزشکی زنجان
1396,تجربی,4771,2024,منطقه 2,پزشکی - بومی آذربایجان غربی,دانشگاه علوم پزشکی ارومیه
1396,تجربی,4777,609,ایثارگر-5%,داروسازی,دانشگاه علوم پزشکی کرمان
1396,تجربی,4777,609,ایثارگر-5%,دندانپزشکی - بومی استان اردبیل,دانشگاه علوم پزشکی اردبیل
1396,تجربی,4777,2026,منطقه 2,پزشکی - بومی مازندران,دانشگاه علوم پزشکی مازندران - ساری
1396,تجربی,4783,612,ایثارگر-5%,دندانپزشکی - بومی مازندران,دانشگاه علوم پزشکی مازندران - ساری
1396,تجربی,4783,612,ایثارگر-5%,پزشکی - نیمسال اول,دانشگاه علوم پزشکی زاهدان
1396,تجربی,4783,2029,منطقه 2,داروسازی,دانشگاه علوم پزشکی گیلان - رشت
1396,تجربی,4791,1406,منطقه 1,دندانپزشکی,دانشگاه علوم پزشکی مازندران - ساری - پردیس خودگردان
1396,تجربی,4791,1406,منطقه 1,فیزیوتراپی,دانشگاه علوم پزشکی شیراز
1396,تجربی,4791,2033,منطقه 2,دندانپزشکی,دانشگاه علوم پزشکی بابل - پردیس خودگردان
1396,تجربی,4791,2033,منطقه 2,پزشکی - نیمسال دوم,دانشگاه علوم پزشکی بندرعباس
1396,تجربی,4791,2033,منطقه 2,پزشکی - نیمسال دوم,دانشگاه علوم پزشکی زاهدان
1396,تجربی,4798,679,منطقه 3,پزشکی,دانشگاه علوم پزشکی جیرفت
1396,تجربی,4798,1408,منطقه 1,داروسازی,دانشگاه علوم پزشکی تهران - پردیس خودگردان
1396,تجربی,4798,1408,منطقه 1,پزشکی,دانشگاه علوم پزشکی ارومیه - پردیس خودگردان
1396,تجربی,4802,614,ایثارگر-5%,پزشکی,دانشگاه علوم پزشکی مشهد - پردیس خودگردان
1396,تجربی,4802,680,منطقه 3,دندانپزشکی - بومی آذربایجان غربی,دانشگاه علوم پزشکی ارومیه
1396,تجربی,4808,616,ایثارگر-5%,داروسازی,دانشگاه علوم پزشکی زابل
1396,تجربی,4808,616,ایثارگر-5%,پزشکی,دانشگاه علوم پزشکی بوشهر
1396,تجربی,4808,2041,منطقه 2,پزشکی,دانشگاه علوم پزشکی قم
1396,تجربی,4813,2044,منطقه 2,پزشکی - نیمسال دوم,دانشگاه علوم پزشکی بندرعباس
1396,تجربی,4818,2047,منطقه 2,داروسازی,دانشگاه علوم پزشکی اصفهان
1396,تجربی,4818,2047,منطقه 2,داروسازی,دانشگاه علوم پزشکی کرمان
1396,تجربی,4828,619,ایثارگر-5%,داروسازی,دانشگاه علوم پزشکی زنجان
1396,تجربی,4828,683,منطقه 3,داروسازی,دانشگاه علوم پزشکی جندی شاپور اهواز
1396,تجربی,4828,683,منطقه 3,پزشکی - نیمسال دوم,دانشگاه علوم پزشکی یاسوج
1396,تجربی,4828,2052,منطقه 2,داروسازی,دانشگاه علوم پزشکی مازندران - ساری
1396,تجربی,4828,2052,منطقه 2,پزشکی,دانشکده علوم پزشکی آبادان
1396,تجربی,4837,685,منطقه 3,پزشکی - نیمسال دوم,دانشگاه علوم پزشکی خراسان شمالی - بجنورد
1396,تجربی,4837,2057,منطقه 2,داروسازی - نیمسال اول,دانشگاه علوم پزشکی تبریز
1396,تجربی,4837,2057,منطقه 2,پزشکی - بومی گیلان,دانشگاه علوم پزشکی گیلان - رشت
1396,تجربی,4844,622,ایثارگر-5%,پزشکی,دانشگاه علوم پزشکی دزفول
1396,تجربی,4851,688,منطقه 3,داروسازی,دانشگاه علوم پزشکی مشهد
1396,تجربی,4851,688,منطقه 3,پزشکی - بومی آذربایجان غربی,دانشگاه علوم پزشکی ارومیه
1396,تجربی,4857,690,منطقه 3,داروسازی,دانشگاه علوم پزشکی اردبیل
1396,تجربی,4857,690,منطقه 3,پزشکی,دانشگاه علوم پزشکی فسا
1396,تجربی,4857,2064,منطقه 2,دندانپزشکی,دانشگاه علوم پزشکی یاسوج
1396,تجربی,4857,2064,منطقه 2,دندانپزشکی - بومی استان قم,دانشگاه علوم پزشکی قم
1396,تجربی,4864,692,منطقه 3,دندانپزشکی,دانشگاه علوم پزشکی رفسنجان
1396,تجربی,4864,1419,منطقه 1,داروسازی,دانشگاه علوم پزشکی تهران - پردیس خودگردان
1396,تجربی,4864,2068,منطقه 2,دندانپزشکی,دانشگاه علوم پزشکی مشهد - پردیس خودگردان
1396,تجربی,4864,2068,منطقه 2,دندانپزشکی - بومی استان سمنان,دانشگاه علوم پزشکی سمنان
1396,تجربی,4864,2068,منطقه 2,پزشکی,دانشگاه علوم پزشکی جیرفت
1396,تجربی,4872,2072,منطقه 2,پزشکی - بومی استان قم,دانشگاه علوم پزشکی قم
1396,تجربی,4878,623,ایثارگر-5%,داروسازی,دانشگاه علوم پزشکی جندی شاپور اهواز
1396,تجربی,4878,1422,منطقه 1,پزشکی - نیمسال دوم,دانشگاه علوم پزشکی بندرعباس
1396,تجربی,4878,2075,منطقه 2,زیست شناسی سلولی مولکولی,دانشگاه تهران
1396,تجربی,4878,2075,منطقه 2,پزشکی - نیمسال دوم,دانشگاه علوم پزشکی شیراز - پردیس خودگردان
1396,تجربی,4886,625,ایثارگر-5%,پزشکی,دانشگاه علوم پزشکی رفسنجان
1396,تجربی,4886,2080,منطقه 2,دندانپزشکی,دانشگاه علوم پزشکی مشهد - پردیس خودگردان
1396,تجربی,4886,2080,منطقه 2,فیزیوتراپی,دانشگاه علوم پزشکی شهید بهشتی - تهران
1396,تجربی,4886,2080,منطقه 2,پزشکی,دانشگاه علوم پزشکی اصفهان - پردیس خودگردان
1396,تجربی,4886,2080,منطقه 2,پزشکی - بومی استان همدان,دانشگاه علوم پزشکی همدان
1396,تجربی,4895,696,منطقه 3,پزشکی - بومی گلستان,دانشگاه علوم پزشکی گلستان - گرگان
1396,تجربی,4895,1426,منطقه 1,دندانپزشکی,دانشگاه علوم پزشکی ارومیه - پردیس خودگردان
1396,تجربی,4903,2084,منطقه 2,داروسازی,دانشگاه علوم پزشکی کرمان
1396,تجربی,4903,2084,منطقه 2,پزشکی,دانشگاه علوم پزشکی جیرفت
1396,تجربی,4909,698,منطقه 3,داروسازی,دانشگاه علوم پزشکی کرمانشاه
1396,تجربی,4909,698,منطقه 3,دندانپزشکی,دانشگاه علوم پزشکی همدان
1396,تجربی,4909,1431,منطقه 1,پزشکی,دانشکده علوم پزشکی آبادان
1396,تجربی,4909,2087,منطقه 2,پزشکی,دانشگاه علوم پزشکی بقیه الله
1396,تجربی,4916,630,ایثارگر-5%,پزشکی,دانشگاه علوم پزشکی جندی شاپور - اهواز - پردیس خودگردان
1396,تجربی,4916,700,منطقه 3,پزشکی - نیمسال دوم,دانشگاه علوم پزشکی مازندران - ساری
1396,تجربی,4916,2090,منطقه 2,داروسازی,دانشگاه علوم پزشکی همدان
1396,تجربی,4923,702,منطقه 3,دندانپزشکی,دانشگاه علوم پزشکی قزوین
1396,تجربی,4923,702,منطقه 3,پزشکی,دانشگاه علوم پزشکی قزوین
1396,تجربی,4929,704,منطقه 3,پزشکی - بومی خراسان رضوی,دانشگاه علوم پزشکی مشهد
1396,تجربی,4929,2095,منطقه 2,داروسازی,دانشگاه علوم پزشکی مازندران - ساری
1396,تجربی,4929,2095,منطقه 2,فیزیوتراپی,دانشگاه علوم پزشکی شهید بهشتی - تهران
1396,تجربی,4929,2095,منطقه 2,پزشکی,دانشگاه علوم پزشکی بابل - پردیس خودگردان
1396,تجربی,4937,634,ایثارگر-5%,دندانپزشکی,دانشگاه علوم پزشکی بابل - پردیس خودگردان
1396,تجربی,4937,705,منطقه 3,پزشکی - نیمسال اول,دانشگاه علوم پزشکی تبریز - پردیس خودگردان
1396,تجربی,4937,2100,منطقه 2,داروسازی - بومی خراسان رضوی,دانشگاه علوم پزشکی مشهد
1396,تجربی,4937,2100,منطقه 2,دندانپزشکی - بومی لرستان,دانشگاه علوم پزشکی لرستان - خرم آباد
1396,تجربی,4937,2100,منطقه 2,پزشکی,دانشگاه علوم پزشکی همدان - پردیس خودگردان
1396,تجربی,4950,708,منطقه 3,دندانپزشکی,دانشگاه علوم پزشکی تبریز - پردیس خودگردان
1396,تجربی,4950,708,منطقه 3,فیزیوتراپی,دانشگاه علوم پزشکی شهید بهشتی - تهران
1396,تجربی,4950,708,منطقه 3,پزشکی,دانشگاه علوم پزشکی رفسنجان
1396,تجربی,4950,2107,منطقه 2,داروسازی,دانشگاه علوم پزشکی همدان
1396,تجربی,4950,2107,منطقه 2,پزشکی,دانشگاه علوم پزشکی بم
1396,تجربی,4961,711,منطقه 3,پزشکی,دانشگاه علوم پزشکی رفسنجان
1396,تجربی,4961,2113,منطقه 2,دندانپزشکی,دانشگاه علوم پزشکی اردبیل - پردیس خودگردان
1396,تجربی,4967,712,منطقه 3,دندانپزشکی,دانشگاه علوم پزشکی اصفهان
1396,تجربی,4967,1440,منطقه 1,فیزیوتراپی,دانشگاه علوم پزشکی شهید بهشتی - تهران
1396,تجربی,4974,1444,منطقه 1,داروسازی,دانشگاه علوم پزشکی اردبیل
1396,تجربی,4974,1444,منطقه 1,دندانپزشکی,دانشگاه علوم پزشکی یزد - پردیس خودگردان
1396,تجربی,4974,1444,منطقه 1,علوم آزمایشگاهی,دانشگاه علوم پزشکی مشهد
1396,تجربی,4974,2117,منطقه 2,داروسازی,دانشگاه علوم پزشکی اصفهان - پردیس خودگردان
1396,تجربی,4974,2117,منطقه 2,داروسازی,دانشگاه علوم پزشکی کرمان
1396,تجربی,4974,2117,منطقه 2,دندانپزشکی,دانشگاه علوم پزشکی بابل - پردیس خودگردان
1396,تجربی,4981,2120,منطقه 2,فیزیوتراپی,دانشگاه علوم پزشکی شهید بهشتی - تهران
1396,تجربی,4987,713,منطقه 3,داروسازی,دانشگاه علوم پزشکی جندی شاپور اهواز
1396,تجربی,4987,1448,منطقه 1,داروسازی,دانشگاه علوم پزشکی گیلان - رشت
1396,تجربی,4987,1448,منطقه 1,پزشکی,دانشگاه علوم پزشکی گیلان - رشت (محل تحصیل بندرانزلی) - پردیس خودگردان
1396,تجربی,4987,2123,منطقه 2,داروسازی,دانشگاه علوم پزشکی همدان
1396,تجربی,4995,640,ایثارگر-5%,داروسازی - نیمسال اول,دانشگاه علوم پزشکی تبریز
1396,تجربی,4995,2126,منطقه 2,داروسازی,دانشگاه علوم پزشکی لرستان - خرم آباد
1396,تجربی,4995,2126,منطقه 2,پزشکی,دانشگاه علوم پزشکی زابل
1396,تجربی,4995,2126,منطقه 2,پزشکی,دانشگاه علوم پزشکی مازندران - ساری - پردیس خودگردان
1396,تجربی,4995,2126,منطقه 2,پزشکی - نیمسال دوم,دانشگاه علوم پزشکی شیراز - پردیس خودگردان
1396,تجربی,5003,641,ایثارگر-5%,داروسازی,دانشگاه علوم پزشکی شیراز
1396,تجربی,5003,714,منطقه 3,داروسازی - بومی خراسان رضوی,دانشگاه علوم پزشکی مشهد
1396,تجربی,5003,714,منطقه 3,فیزیوتراپی,دانشگاه علوم پزشکی شهید بهشتی - تهران
1396,تجربی,5003,1456,منطقه 1,پزشکی,دانشگاه علوم پزشکی فسا
1396,تجربی,5003,1456,منطقه 1,پزشکی,دانشگاه علوم پزشکی یزد - پردیس خودگردان
1396,تجربی,5011,716,منطقه 3,داروسازی - بومی آذربایجان غربی,دانشگاه علوم پزشکی ارومیه
1396,تجربی,5011,716,منطقه 3,پزشکی - بومی گلستان,دانشگاه علوم پزشکی گلستان - گرگان
1396,تجربی,5011,2130,منطقه 2,داروسازی,دانشگاه علوم پزشکی زنجان
1396,تجربی,5018,1460,منطقه 1,علوم تغذیه - نیمسال اول,دانشگاه علوم پزشکی شهید بهشتی - تهران
1396,تجربی,5018,2132,منطقه 2,فیزیوتراپی,دانشگاه علوم پزشکی شهید بهشتی - تهران
1396,تجربی,5026,720,منطقه 3,دندانپزشکی,دانشگاه علوم پزشکی کردستان - سنندج
1396,تجربی,5026,720,منطقه 3,پزشکی,دانشگاه علوم پزشکی گناباد
1396,تجربی,5026,720,منطقه 3,پزشکی - بومی استان کرمانشاه,دانشگاه علوم پزشکی کرمانشاه
1396,تجربی,5026,720,منطقه 3,پزشکی - نیمسال دوم,دانشگاه علوم پزشکی لرستان - خرم آباد
1396,تجربی,5026,1462,منطقه 1,پزشکی,دانشگاه علوم پزشکی زابل
1396,تجربی,5026,2134,منطقه 2,داروسازی,دانشگاه علوم پزشکی ارومیه
1396,تجربی,5026,2134,منطقه 2,دندانپزشکی - بومی خراسان جنوبی,دانشگاه علوم پزشکی بیرجند
1396,تجربی,5035,646,ایثارگر-5%,داروسازی,دانشگاه علوم پزشکی بندرعباس
1396,تجربی,5035,723,منطقه 3,پزشکی,دانشگاه علوم پزشکی مشهد - پردیس خودگردان
1396,تجربی,5035,2137,منطقه 2,داروسازی - بومی استان کرمانشاه,دانشگاه علوم پزشکی کرمانشاه
1396,تجربی,5045,2141,منطقه 2,دندانپزشکی,دانشگاه علوم پزشکی اردبیل - پردیس خودگردان
1396,تجربی,5045,2141,منطقه 2,دندانپزشکی,دانشگاه علوم پزشکی جندی شاپور - اهواز - پردیس خودگردان
1396,تجربی,5045,2141,منطقه 2,دندانپزشکی - بومی استان چهارمحال وبختیاری,دانشگاه علوم پزشکی شهرکرد
1396,تجربی,5045,2141,منطقه 2,فیزیوتراپی,دانشگاه علوم پزشکی شهید بهشتی - تهران
1396,تجربی,5045,2141,منطقه 2,فیزیوتراپی - نیمسال اول,دانشگاه علوم پزشکی گیلان - رشت
1396,تجربی,5055,649,ایثارگر-5%,فیزیوتراپی,دانشگاه علوم پزشکی ایران
1396,تجربی,5055,2147,منطقه 2,پزشکی - بومی استان کرمانشاه,دانشگاه علوم پزشکی کرمانشاه
1396,تجربی,5068,2155,منطقه 2,داروسازی,دانشگاه علوم پزشکی شیراز - پردیس خودگردان
1396,تجربی,5068,2155,منطقه 2,فیزیوتراپی,دانشگاه علوم پزشکی شهید بهشتی - تهران
1396,تجربی,5068,2155,منطقه 2,پزشکی,دانشگاه علوم پزشکی جهرم
1396,تجربی,5068,2155,منطقه 2,پزشکی - بومی استان کرمانشاه,دانشگاه علوم پزشکی کرمانشاه
1396,تجربی,5068,2155,منطقه 2,پزشکی - بومی لرستان,دانشگاه علوم پزشکی لرستان - خرم آباد
1396,تجربی,5079,651,ایثارگر-5%,دندانپزشکی,دانشگاه علوم پزشکی زنجان - پردیس خودگردان
1396,تجربی,5079,730,منطقه 3,داروسازی,دانشگاه علوم پزشکی شیراز
1396,تجربی,5079,730,منطقه 3,پزشکی - بومی آذربایجان شرقی,دانشگاه علوم پزشکی تبریز
1396,تجربی,5079,730,منطقه 3,پزشکی - بومی استان اردبیل,دانشگاه علوم پزشکی اردبیل
1396,تجربی,5079,2161,منطقه 2,داروسازی,دانشگاه علوم پزشکی البرز - کرج
1396,تجربی,5087,1472,منطقه 1,فیزیوتراپی,دانشگاه علوم پزشکی شهید بهشتی - تهران
1396,تجربی,5087,1472,منطقه 1,پزشکی,دانشگاه علوم پزشکی قزوین
1396,تجربی,5087,2164,منطقه 2,پزشکی,دانشگاه علوم پزشکی بابل - پردیس خودگردان
1396,تجربی,5087,2164,منطقه 2,پزشکی,دانشگاه علوم پزشکی گیلان - رشت (محل تحصیل بندرانزلی) - پردیس خودگردان
1396,تجربی,5091,733,منطقه 3,دندانپزشکی - بومی خراسان شمالی,دانشگاه علوم پزشکی خراسان شمالی - بجنورد
1396,تجربی,5094,2167,منطقه 2,پزشکی,دانشگاه علوم پزشکی زابل
1396,تجربی,5094,2167,منطقه 2,پزشکی - بومی استان چهارمحال وبختیاری,دانشگاه علوم پزشکی شهرکرد
1396,تجربی,5102,2170,منطقه 2,داروسازی,دانشگاه علوم پزشکی کرمانشاه
1396,تجربی,5111,737,منطقه 3,دندانپزشکی - بومی استان اردبیل,دانشگاه علوم پزشکی اردبیل
1396,تجربی,5111,2174,منطقه 2,اتاق عمل,دانشگاه علوم پزشکی ایران
1396,تجربی,5111,2174,منطقه 2,پزشکی,دانشگاه علوم پزشکی جندی شاپور - اهواز - پردیس خودگردان
1396,تجربی,5119,738,منطقه 3,پزشکی,دانشگاه علوم پزشکی قم
1396,تجربی,5119,1479,منطقه 1,پزشکی,دانشگاه علوم پزشکی فسا
1396,تجربی,5119,2178,منطقه 2,داروسازی,دانشگاه علوم پزشکی یزد
1396,تجربی,5119,2178,منطقه 2,دندانپزشکی - بومی مرکزی,دانشگاه علوم پزشکی اراک
1396,تجربی,5119,2178,منطقه 2,پزشکی - نیمسال دوم,دانشگاه علوم پزشکی البرز - کرج
1396,تجربی,5125,656,ایثارگر-5%,داروسازی,دانشگاه علوم پزشکی کرمان
1396,تجربی,5131,658,ایثارگر-5%,داروسازی,دانشگاه علوم پزشکی اردبیل
1396,تجربی,5131,658,ایثارگر-5%,پزشکی,دانشگاه علوم پزشکی مشهد - پردیس خودگردان
1396,تجربی,5131,658,ایثارگر-5%,پزشکی - نیمسال دوم,دانشگاه علوم پزشکی مازندران - ساری
1396,تجربی,5131,1483,منطقه 1,داروسازی,دانشگاه علوم پزشکی جندی شاپور اهواز
1396,تجربی,5131,1483,منطقه 1,پزشکی,دانشگاه علوم پزشکی زابل
1396,تجربی,5131,2181,منطقه 2,پزشکی - بومی استان همدان,دانشگاه علوم پزشکی همدان
1396,تجربی,5142,661,ایثارگر-5%,پزشکی,دانشگاه علوم پزشکی بابل - پردیس خودگردان
1396,تجربی,5142,2185,منطقه 2,پزشکی,دانشکده علوم پزشکی آبادان
1396,تجربی,5142,2185,منطقه 2,پزشکی,دانشگاه علوم پزشکی اردبیل - پردیس خودگردان
1396,تجربی,5142,2185,منطقه 2,پزشکی,دانشگاه علوم پزشکی همدان - پردیس خودگردان
1396,تجربی,5142,2185,منطقه 2,پزشکی - نیمسال اول,دانشگاه علوم پزشکی تبریز - پردیس خودگردان
1396,تجربی,5153,1490,منطقه 1,فیزیوتراپی,دانشگاه علوم پزشکی اصفهان
1396,تجربی,5153,2190,منطقه 2,پزشکی - بومی استان بوشهر,دانشگاه علوم پزشکی بوشهر
1396,تجربی,5160,1493,منطقه 1,پزشکی,دانشگاه علوم پزشکی قم
1396,تجربی,5160,2192,منطقه 2,داروسازی,دانشگاه علوم پزشکی گیلان - رشت
1396,تجربی,5164,742,منطقه 3,داروسازی,دانشگاه علوم پزشکی تهران
1396,تجربی,5169,665,ایثارگر-5%,دندانپزشکی - بومی خراسان جنوبی,دانشگاه علوم پزشکی بیرجند
1396,تجربی,5169,665,ایثارگر-5%,پزشکی,دانشگاه علوم پزشکی بقیه الله
1396,تجربی,5169,1496,منطقه 1,فیزیوتراپی,دانشگاه علوم پزشکی شهید بهشتی - تهران
1396,تجربی,5169,1496,منطقه 1,پزشکی - بومی خراسان رضوی,دانشگاه علوم پزشکی مشهد
1396,تجربی,5169,2195,منطقه 2,دندانپزشکی - بومی استان چهارمحال وبختیاری,دانشگاه علوم پزشکی شهرکرد
1396,تجربی,5169,2195,منطقه 2,دندانپزشکی - بومی خراسان رضوی,دانشگاه علوم پزشکی مشهد
1396,تجربی,5169,2195,منطقه 2,پزشکی - بومی فارس - تعهد خدمت در دانشگاه علوم پزشکی جهرم,دانشگاه علوم پزشکی جهرم
1396,تجربی,5176,667,ایثارگر-5%,داروسازی,دانشگاه علوم پزشکی اصفهان
1396,تجربی,5176,743,منطقه 3,داروسازی,دانشگاه علوم پزشکی زابل
1396,تجربی,5176,743,منطقه 3,پزشکی,دانشگاه علوم پزشکی زنجان
1396,تجربی,5176,1498,منطقه 1,دندانپزشکی,دانشگاه علوم پزشکی زنجان - پردیس خودگردان
1396,تجربی,5176,2198,منطقه 2,پزشکی,دانشگاه علوم پزشکی مازندران - ساری - پردیس خودگردان
1396,تجربی,5176,2198,منطقه 2,پزشکی - بومی خراسان شمالی,دانشگاه علوم پزشکی خراسان شمالی - بجنورد
1396,تجربی,5184,668,ایثارگر-5%,دندانپزشکی,دانشگاه علوم پزشکی قم
1396,تجربی,5184,668,ایثارگر-5%,پزشکی,دانشگاه علوم پزشکی ایلام
1396,تجربی,5184,745,منطقه 3,پزشکی,دانشگاه علوم پزشکی زنجان
1396,تجربی,5184,1499,منطقه 1,شیمی محض,دانشگاه فردوسی - مشهد
1396,تجربی,5184,1499,منطقه 1,پزشکی - بومی آذربایجان شرقی,دانشگاه علوم پزشکی تبریز
1396,تجربی,5188,2203,منطقه 2,داروسازی,دانشگاه علوم پزشکی مازندران - ساری
1396,تجربی,5188,2203,منطقه 2,فیزیوتراپی,دانشگاه علوم پزشکی تبریز
1396,تجربی,5195,1501,منطقه 1,داروسازی - نیمسال دوم,دانشگاه علوم پزشکی تبریز
1396,تجربی,5195,2207,منطقه 2,دندانپزشکی,دانشگاه علوم پزشکی ارومیه - پردیس خودگردان
1396,تجربی,5195,2207,منطقه 2,دندانپزشکی - بومی گیلان,دانشگاه علوم پزشکی گیلان - رشت
1396,تجربی,5195,2207,منطقه 2,پزشکی,دانشگاه علوم پزشکی بابل - پردیس خودگردان
1396,تجربی,5195,2207,منطقه 2,پزشکی,دانشگاه علوم پزشکی مشهد - پردیس خودگردان
1396,تجربی,5206,747,منطقه 3,پزشکی - بومی گلستان,دانشگاه علوم پزشکی گلستان - گرگان
1396,تجربی,5206,1503,منطقه 1,داروسازی,دانشگاه علوم پزشکی کرمانشاه
1396,تجربی,5206,2212,منطقه 2,فیزیوتراپی,دانشگاه علوم پزشکی ایران
1396,تجربی,5206,2212,منطقه 2,پزشکی - بومی استان همدان,دانشگاه علوم پزشکی همدان
1396,تجربی,5218,675,ایثارگر-5%,داروسازی,دانشگاه علوم پزشکی زابل
1396,تجربی,5218,749,منطقه 3,پزشکی,دانشگاه علوم پزشکی قزوین
1396,تجربی,5218,749,منطقه 3,پزشکی - بومی کردستان,دانشگاه علوم پزشکی کردستان - سنندج
1396,تجربی,5218,749,منطقه 3,پزشکی - نیمسال اول,دانشگاه علوم پزشکی جهرم
1396,تجربی,5218,2217,منطقه 2,دندانپزشکی - بومی استان قزوین,دانشگاه علوم پزشکی قزوین
1396,تجربی,5218,2217,منطقه 2,شنوایی شناسی,دانشگاه علوم پزشکی ایران
1396,تجربی,5218,2217,منطقه 2,پزشکی,دانشگاه علوم پزشکی اصفهان - پردیس خودگردان
1396,تجربی,5229,751,منطقه 3,فیزیوتراپی,دانشگاه علوم پزشکی ایران
1396,تجربی,5229,2222,منطقه 2,فیزیوتراپی,دانشگاه علوم پزشکی شهید بهشتی - تهران
1396,تجربی,5229,2222,منطقه 2,پزشکی,دانشگاه علوم پزشکی کرمانشاه - پردیس خودگردان
1396,تجربی,5238,752,منطقه 3,دندانپزشکی,دانشگاه علوم پزشکی کرمانشاه
1396,تجربی,5238,1510,منطقه 1,داروسازی,دانشگاه علوم پزشکی تهران - پردیس خودگردان
1396,تجربی,5238,2226,منطقه 2,داروسازی,دانشگاه علوم پزشکی جندی شاپور اهواز
1396,تجربی,5244,753,منطقه 3,دندانپزشکی,دانشگاه علوم پزشکی لرستان - خرم آباد
1396,تجربی,5244,2230,منطقه 2,پزشکی,دانشگاه علوم پزشکی بابل - پردیس خودگردان
1396,تجربی,5253,2234,منطقه 2,دندانپزشکی,دانشگاه علوم پزشکی ارومیه - پردیس خودگردان
1396,تجربی,5253,2234,منطقه 2,دندانپزشکی,دانشگاه علوم پزشکی زنجان - پردیس خودگردان
1396,تجربی,5253,2234,منطقه 2,پزشکی - نیمسال دوم,دانشگاه علوم پزشکی البرز - کرج
1396,تجربی,5263,754,منطقه 3,دندانپزشکی,دانشگاه علوم پزشکی اراک
1396,تجربی,5269,2238,منطقه 2,فیزیوتراپی,دانشگاه علوم پزشکی اصفهان
1396,تجربی,5269,2238,منطقه 2,پزشکی,دانشگاه علوم پزشکی گیلان - رشت (محل تحصیل بندرانزلی) - پردیس خودگردان
1396,تجربی,5269,2238,منطقه 2,پزشکی - نیمسال دوم,دانشگاه علوم پزشکی بندرعباس
1396,تجربی,5275,757,منطقه 3,داروسازی - نیمسال اول,دانشگاه علوم پزشکی تبریز
1396,تجربی,5275,757,منطقه 3,دندانپزشکی,دانشگاه علوم پزشکی سمنان
1396,تجربی,5275,757,منطقه 3,پزشکی - بومی استان کرمانشاه,دانشگاه علوم پزشکی کرمانشاه
1396,تجربی,5275,757,منطقه 3,پزشکی - نیمسال دوم,دانشگاه علوم پزشکی سمنان
1396,تجربی,5284,682,ایثارگر-5%,داروسازی,دانشگاه علوم پزشکی یزد - پردیس خودگردان
1396,تجربی,5284,761,منطقه 3,دندانپزشکی,دانشگاه علوم پزشکی کرمانشاه
1396,تجربی,5284,761,منطقه 3,پزشکی - نیمسال اول,دانشگاه علوم پزشکی شیراز - پردیس خودگردان
1396,تجربی,5284,761,منطقه 3,پزشکی - نیمسال دوم,دانشگاه علوم پزشکی مازندران - ساری
1396,تجربی,5284,1528,منطقه 1,پزشکی,دانشگاه علوم پزشکی یزد - پردیس خودگردان
1396,تجربی,5284,2241,منطقه 2,داروسازی,دانشگاه علوم پزشکی مازندران - ساری
1396,تجربی,5284,2241,منطقه 2,زیست شناسی,دانشگاه پیام نور آذربایجان غربی - مرکز ارومیه
1396,تجربی,5294,684,ایثارگر-5%,دندانپزشکی,دانشگاه علوم پزشکی گیلان - رشت (محل تحصیل بندرانزلی) - پردیس خودگردان
1396,تجربی,5294,764,منطقه 3,داروسازی,دانشگاه علوم پزشکی کرمانشاه
1396,تجربی,5294,764,منطقه 3,پزشکی,دانشگاه علوم پزشکی گلستان - گرگان
1396,تجربی,5294,2244,منطقه 2,داروسازی,دانشگاه علوم پزشکی همدان
1396,تجربی,5294,2244,منطقه 2,دندانپزشکی - بومی استان البرز,دانشگاه علوم پزشکی البرز - کرج
1396,تجربی,5302,686,ایثارگر-5%,پزشکی - بومی خراسان رضوی,دانشگاه علوم پزشکی مشهد
1396,تجربی,5302,767,منطقه 3,پزشکی - بومی فارس - تعهد خدمت در دانشگاه علوم پزشکی لارستان,دانشگاه علوم پزشکی جهرم
1396,تجربی,5302,2246,منطقه 2,پزشکی - بومی خراسان جنوبی,دانشگاه علوم پزشکی بیرجند
1396,تجربی,5310,769,منطقه 3,پزشکی - نیمسال اول,دانشگاه علوم پزشکی تبریز - پردیس خودگردان
1396,تجربی,5310,1533,منطقه 1,فیزیوتراپی,دانشگاه علوم پزشکی ایران
1396,تجربی,5319,692,ایثارگر-5%,فیزیوتراپی,دانشگاه علوم پزشکی شیراز
1396,تجربی,5319,692,ایثارگر-5%,پزشکی,دانشگاه علوم پزشکی بابل - پردیس خودگردان
1396,تجربی,5319,1537,منطقه 1,دندانپزشکی - بومی خراسان رضوی,دانشگاه علوم پزشکی مشهد
1396,تجربی,5327,772,منطقه 3,پزشکی - بومی آذربایجان شرقی,دانشگاه علوم پزشکی تبریز
1396,تجربی,5327,772,منطقه 3,پزشکی - نیمسال دوم,دانشگاه علوم پزشکی شهیدبهشتی تهران - پردیس خودگردان
1396,تجربی,5327,2250,منطقه 2,دندانپزشکی - بومی مرکزی,دانشگاه علوم پزشکی اراک
1396,تجربی,5327,2250,منطقه 2,پزشکی,دانشگاه علوم پزشکی بقیه الله
1396,تجربی,5333,2254,منطقه 2,داروسازی,دانشگاه علوم پزشکی زنجان
1396,تجربی,5333,2254,منطقه 2,داروسازی,دانشگاه علوم پزشکی مازندران - ساری
1396,تجربی,5333,2254,منطقه 2,پزشکی,دانشگاه علوم پزشکی بقیه الله
1396,تجربی,5340,694,ایثارگر-5%,داروسازی - پذیرش ازمیان داوطلبان وجذب بصورت بورسیه واستخدام ارتش,دانشگاه علوم پزشکی بقیه الله
1396,تجربی,5340,774,منطقه 3,داروسازی,دانشگاه علوم پزشکی تهران
1396,تجربی,5340,1540,منطقه 1,داروسازی,دانشگاه علوم پزشکی جندی شاپور اهواز
1396,تجربی,5340,2259,منطقه 2,فیزیوتراپی,دانشگاه علوم پزشکی ایران
1396,تجربی,5346,696,ایثارگر-5%,داروسازی,دانشگاه علوم پزشکی لرستان - خرم آباد
1396,تجربی,5353,775,منطقه 3,داروسازی,دانشگاه علوم پزشکی ارومیه
1396,تجربی,5353,2267,منطقه 2,دندانپزشکی - بومی استان اردبیل,دانشگاه علوم پزشکی اردبیل
1396,تجربی,5353,2267,منطقه 2,پزشکی - بومی خراسان رضوی,دانشگاه علوم پزشکی مشهد
1396,تجربی,5361,699,ایثارگر-5%,داروسازی,دانشگاه علوم پزشکی کرمان
1396,تجربی,5361,699,ایثارگر-5%,دندانپزشکی,دانشگاه علوم پزشکی بابل - پردیس خودگردان
1396,تجربی,5361,776,منطقه 3,پزشکی,دانشگاه علوم پزشکی زنجان
1396,تجربی,5367,701,ایثارگر-5%,پزشکی - نیمسال دوم,دانشگاه علوم پزشکی جهرم
1396,تجربی,5367,777,منطقه 3,پزشکی,دانشگاه علوم پزشکی رفسنجان
1396,تجربی,5367,2272,منطقه 2,فیزیوتراپی,دانشگاه علوم پزشکی ایران
1396,تجربی,5373,702,ایثارگر-5%,روانشناسی,دانشگاه تهران
1396,تجربی,5373,780,منطقه 3,داروسازی,دانشگاه علوم پزشکی شیراز
1396,تجربی,5373,780,منطقه 3,پزشکی - نیمسال اول,دانشگاه علوم پزشکی بندرعباس
1396,تجربی,5373,2273,منطقه 2,داروسازی,دانشگاه علوم پزشکی زابل
1396,تجربی,5373,2273,منطقه 2,دندانپزشکی,دانشگاه علوم پزشکی ایلام
1396,تجربی,5382,2276,منطقه 2,دندانپزشکی,دانشگاه علوم پزشکی یزد - پردیس خودگردان
1396,تجربی,5382,2276,منطقه 2,پزشکی,دانشگاه علوم پزشکی بابل - پردیس خودگردان
1396,تجربی,5382,2276,منطقه 2,پزشکی,دانشگاه علوم پزشکی زنجان - پردیس خودگردان
1396,تجربی,5392,2280,منطقه 2,داروسازی,دانشگاه علوم پزشکی اردبیل
1396,تجربی,5392,2280,منطقه 2,پزشکی - بومی استان همدان,دانشگاه علوم پزشکی همدان
1396,تجربی,5401,707,ایثارگر-5%,دندانپزشکی - بومی لرستان,دانشگاه علوم پزشکی لرستان - خرم آباد
1396,تجربی,5401,783,منطقه 3,داروسازی,دانشگاه علوم پزشکی اردبیل
1396,تجربی,5401,783,منطقه 3,پزشکی - بومی آذربایجان شرقی,دانشگاه علوم پزشکی تبریز
1396,تجربی,5401,783,منطقه 3,پزشکی - نیمسال دوم,دانشگاه علوم پزشکی بندرعباس
1396,تجربی,5411,708,ایثارگر-5%,دندانپزشکی,دانشگاه علوم پزشکی مشهد - پردیس خودگردان
1396,تجربی,5411,708,ایثارگر-5%,دندانپزشکی,دانشگاه علوم پزشکی کردستان - سنندج
1396,تجربی,5411,785,منطقه 3,دندانپزشکی,دانشگاه علوم پزشکی قم
1396,تجربی,5411,2287,منطقه 2,داروسازی,دانشگاه علوم پزشکی اردبیل
1396,تجربی,5411,2287,منطقه 2,پزشکی,دانشگاه علوم پزشکی ارومیه - پردیس خودگردان
1396,تجربی,5419,710,ایثارگر-5%,داروسازی,دانشگاه علوم پزشکی اصفهان
1396,تجربی,5419,786,منطقه 3,پزشکی - نیمسال دوم,دانشگاه علوم پزشکی البرز - کرج
1396,تجربی,5419,2291,منطقه 2,پزشکی - نیمسال دوم,دانشگاه علوم پزشکی البرز - کرج
1396,تجربی,5430,712,ایثارگر-5%,دامپزشکی,دانشگاه تهران
1396,تجربی,5430,1563,منطقه 1,پزشکی - بومی آذربایجان شرقی,دانشگاه علوم پزشکی تبریز
1396,تجربی,5430,2295,منطقه 2,پزشکی - بومی استان کرمانشاه,دانشگاه علوم پزشکی کرمانشاه
1396,تجربی,5440,1567,منطقه 1,پزشکی,دانشگاه علوم پزشکی یزد - پردیس خودگردان
1396,تجربی,5447,788,منطقه 3,پزشکی - بومی استان کهکیلویه و بویر احمد,دانشگاه علوم پزشکی یاسوج
1396,تجربی,5447,1571,منطقه 1,داروسازی - نیمسال دوم,دانشگاه علوم پزشکی تبریز
1396,تجربی,5447,1571,منطقه 1,پزشکی,دانشگاه علوم پزشکی بابل - پردیس خودگردان
1396,تجربی,5447,1571,منطقه 1,پزشکی,دانشگاه علوم پزشکی خراسان شمالی - بجنورد
1396,تجربی,5447,2301,منطقه 2,داروسازی,دانشگاه علوم پزشکی زنجان
1396,تجربی,5447,2301,منطقه 2,پزشکی,دانشگاه علوم پزشکی مازندران - ساری - پردیس خودگردان
1396,تجربی,5447,2301,منطقه 2,پزشکی,دانشگاه علوم پزشکی کردستان - سنندج
1396,تجربی,5447,2301,منطقه 2,پزشکی - بومی استان کرمانشاه,دانشگاه علوم پزشکی کرمانشاه
1396,تجربی,5456,714,ایثارگر-5%,روانشناسی,دانشگاه شهید بهشتی - تهران
1396,تجربی,5456,2306,منطقه 2,دندانپزشکی,دانشگاه علوم پزشکی زنجان - پردیس خودگردان
1396,تجربی,5456,2306,منطقه 2,دندانپزشکی - بومی استان کرمان,دانشگاه علوم پزشکی رفسنجان
1396,تجربی,5456,2306,منطقه 2,پزشکی,دانشگاه علوم پزشکی بابل - پردیس خودگردان
1396,تجربی,5465,717,ایثارگر-5%,داروسازی - بومی خوزستان,دانشگاه علوم پزشکی جندی شاپور اهواز
1396,تجربی,5465,1575,منطقه 1,داروسازی,دانشگاه علوم پزشکی شهیدبهشتی تهران - پردیس خودگردان
1396,تجربی,5465,2310,منطقه 2,داروسازی - بومی هرمزگان,دانشگاه علوم پزشکی بندرعباس
1396,تجربی,5465,2310,منطقه 2,پزشکی - بومی مرکزی,دانشگاه علوم پزشکی اراک
1396,تجربی,5465,2310,منطقه 2,پزشکی - نیمسال دوم,دانشگاه علوم پزشکی البرز - کرج
1396,تجربی,5474,719,ایثارگر-5%,پزشکی - نیمسال دوم,دانشگاه علوم پزشکی تبریز - پردیس خودگردان
1396,تجربی,5474,792,منطقه 3,دندانپزشکی,دانشگاه علوم پزشکی گیلان - رشت
1396,تجربی,5474,792,منطقه 3,پزشکی - نیمسال دوم,دانشگاه علوم پزشکی بندرعباس
1396,تجربی,5484,795,منطقه 3,پزشکی,دانشگاه علوم پزشکی زنجان
1396,تجربی,5484,795,منطقه 3,پزشکی,دانشگاه علوم پزشکی یزد
1396,تجربی,5484,1580,منطقه 1,داروسازی,دانشگاه علوم پزشکی زنجان - پردیس خودگردان
1396,تجربی,5484,1580,منطقه 1,پزشکی,دانشگاه علوم پزشکی ارومیه - پردیس خودگردان
1396,تجربی,5484,2315,منطقه 2,پزشکی - بومی استان همدان,دانشگاه علوم پزشکی همدان
1396,تجربی,5495,797,منطقه 3,دندانپزشکی,دانشگاه علوم پزشکی مازندران - ساری
1396,تجربی,5495,797,منطقه 3,پزشکی - نیمسال دوم,دانشگاه علوم پزشکی بندرعباس
1396,تجربی,5495,2318,منطقه 2,پزشکی,دانشگاه علوم پزشکی اصفهان - پردیس خودگردان
1396,تجربی,5502,2322,منطقه 2,علوم آزمایشگاهی - نیمسال اول,دانشگاه علوم پزشکی اراک
1396,تجربی,5502,2322,منطقه 2,پزشکی,دانشگاه علوم پزشکی ارومیه - پردیس خودگردان
1396,تجربی,5510,799,منطقه 3,پزشکی - بومی خراسان جنوبی,دانشگاه علوم پزشکی بیرجند
1396,تجربی,5510,799,منطقه 3,پزشکی - نیمسال اول,دانشگاه علوم پزشکی تبریز - پردیس خودگردان
1396,تجربی,5510,2326,منطقه 2,پزشکی,دانشگاه علوم پزشکی بابل - پردیس خودگردان
1396,تجربی,5517,2330,منطقه 2,دندانپزشکی,دانشگاه علوم پزشکی زنجان - پردیس خودگردان
1396,تجربی,5517,2330,منطقه 2,فیزیوتراپی,دانشگاه علوم پزشکی ایران
1396,تجربی,5524,802,منطقه 3,داروسازی,دانشگاه علوم پزشکی همدان
1396,تجربی,5524,802,منطقه 3,دندانپزشکی,دانشگاه علوم پزشکی مازندران - ساری
1396,تجربی,5524,802,منطقه 3,دندانپزشکی - بومی استان کرمان,دانشگاه علوم پزشکی کرمان
1396,تجربی,5524,802,منطقه 3,پزشکی - بومی خراسان رضوی,دانشگاه علوم پزشکی مشهد
1396,تجربی,5524,2333,منطقه 2,پزشکی,دانشگاه علوم پزشکی بابل - پردیس خودگردان
1396,تجربی,5534,806,منطقه 3,داروسازی,دانشگاه علوم پزشکی اردبیل
1396,تجربی,5534,806,منطقه 3,پزشکی,دانشگاه علوم پزشکی ایلام
1396,تجربی,5534,806,منطقه 3,پزشکی - بومی استان کرمانشاه,دانشگاه علوم پزشکی کرمانشاه
1396,تجربی,5534,1590,منطقه 1,داروسازی,دانشگاه علوم پزشکی اردبیل
1396,تجربی,5534,1590,منطقه 1,داروسازی,دانشگاه علوم پزشکی بندرعباس
1396,تجربی,5542,809,منطقه 3,پزشکی - بومی کردستان,دانشگاه علوم پزشکی کردستان - سنندج
1396,تجربی,5542,1593,منطقه 1,پرستاری - نیمسال اول,دانشگاه علوم پزشکی تهران
1396,تجربی,5542,2338,منطقه 2,فیزیوتراپی,دانشگاه علوم پزشکی مشهد
1396,تجربی,5542,2338,منطقه 2,پزشکی,دانشگاه علوم پزشکی کردستان - سنندج
1396,تجربی,5547,810,منطقه 3,پزشکی - بومی استان بوشهر,دانشگاه علوم پزشکی بوشهر
1396,تجربی,5547,2340,منطقه 2,پزشکی,دانشگاه علوم پزشکی مشهد - پردیس خودگردان
1396,تجربی,5551,812,منطقه 3,پزشکی - بومی خراسان شمالی,دانشگاه علوم پزشکی خراسان شمالی - بجنورد
1396,تجربی,5551,2342,منطقه 2,پزشکی - بومی استان همدان,دانشگاه علوم پزشکی همدان
1396,تجربی,5556,813,منطقه 3,پزشکی - بومی گلستان,دانشگاه علوم پزشکی گلستان - گرگان
1396,تجربی,5556,1595,منطقه 1,پزشکی,دانشگاه علوم پزشکی گیلان - رشت (محل تحصیل بندرانزلی) - پردیس خودگردان
1396,تجربی,5556,2345,منطقه 2,دندانپزشکی - بومی گیلان,دانشگاه علوم پزشکی گیلان - رشت
1396,تجربی,5556,2345,منطقه 2,فیزیوتراپی,دانشگاه علوم پزشکی ایران
1396,تجربی,5565,816,منطقه 3,داروسازی,دانشگاه علوم پزشکی کرمانشاه
1396,تجربی,5565,816,منطقه 3,پرستاری - نیمسال اول,دانشگاه علوم پزشکی تهران
1396,تجربی,5565,816,منطقه 3,پزشکی,دانشگاه علوم پزشکی مشهد - پردیس خودگردان
1396,تجربی,5565,816,منطقه 3,پزشکی - نیمسال دوم,دانشگاه علوم پزشکی زاهدان
1396,تجربی,5565,1597,منطقه 1,دندانپزشکی,دانشگاه علوم پزشکی یزد - پردیس خودگردان
1396,تجربی,5565,2348,منطقه 2,داروسازی,دانشگاه علوم پزشکی زنجان
1396,تجربی,5565,2348,منطقه 2,علوم تغذیه,دانشگاه علوم پزشکی اصفهان
1396,تجربی,5565,2348,منطقه 2,فیزیوتراپی,دانشگاه علوم پزشکی ایران
1396,تجربی,5574,819,منطقه 3,پزشکی - بومی استان اردبیل,دانشگاه علوم پزشکی اردبیل
1396,تجربی,5574,2351,منطقه 2,پزشکی - بومی آذربایجان غربی,دانشگاه علوم پزشکی ارومیه
1396,تجربی,5583,1603,منطقه 1,داروسازی,دانشگاه علوم پزشکی اصفهان - پردیس خودگردان
1396,تجربی,5583,2355,منطقه 2,پزشکی - نیمسال دوم,دانشگاه علوم پزشکی البرز - کرج
1396,تجربی,5594,731,ایثارگر-5%,داروسازی,دانشگاه علوم پزشکی لرستان - خرم آباد
1396,تجربی,5594,731,ایثارگر-5%,پزشکی,دانشگاه علوم پزشکی همدان - پردیس خودگردان
1396,تجربی,5594,821,منطقه 3,فیزیوتراپی,دانشگاه علوم پزشکی تبریز
1396,تجربی,5594,2359,منطقه 2,فیزیوتراپی,دانشگاه علوم پزشکی تبریز
1396,تجربی,5594,2359,منطقه 2,پزشکی,دانشگاه علوم پزشکی لرستان - خرم آباد
1396,تجربی,5594,2359,منطقه 2,پزشکی - بومی خراسان رضوی,دانشگاه علوم پزشکی سبزوار
1396,تجربی,5606,824,منطقه 3,داروسازی - نیمسال دوم,دانشگاه علوم پزشکی تبریز
1396,تجربی,5606,1612,منطقه 1,داروسازی - بومی آذربایجان شرقی,دانشگاه علوم پزشکی تبریز
1396,تجربی,5606,1612,منطقه 1,پزشکی,دانشگاه علوم پزشکی مازندران - ساری - پردیس خودگردان
1396,تجربی,5606,2363,منطقه 2,پزشکی - بومی استان زنجان,دانشگاه علوم پزشکی زنجان
1396,تجربی,5614,734,ایثارگر-5%,تکنولوژی پرتوشناسی,دانشگاه علوم پزشکی تهران
1396,تجربی,5614,826,منطقه 3,پزشکی - بومی لرستان,دانشگاه علوم پزشکی لرستان - خرم آباد
1396,تجربی,5614,1615,منطقه 1,پزشکی,دانشگاه علوم پزشکی مازندران - ساری - پردیس خودگردان
1396,تجربی,5622,735,ایثارگر-5%,پزشکی,دانشگاه علوم پزشکی بابل - پردیس خودگردان
1396,تجربی,5622,1618,منطقه 1,داروسازی,دانشگاه علوم پزشکی البرز - کرج
1396,تجربی,5622,2366,منطقه 2,پزشکی,دانشگاه علوم پزشکی یزد - پردیس خودگردان
1396,تجربی,5622,2366,منطقه 2,پزشکی - بومی گیلان,دانشگاه علوم پزشکی گیلان - رشت
1396,تجربی,5630,737,ایثارگر-5%,پزشکی,دانشگاه علوم پزشکی گلستان - گرگان
1396,تجربی,5630,828,منطقه 3,پزشکی - نیمسال اول,دانشگاه علوم پزشکی شیراز - پردیس خودگردان
1396,تجربی,5630,1622,منطقه 1,داروسازی,دانشگاه علوم پزشکی زنجان
1396,تجربی,5638,1625,منطقه 1,داروسازی,دانشگاه علوم پزشکی مشهد - پردیس خودگردان
1396,تجربی,5638,2369,منطقه 2,آموزش ابتدایی - بومی استان تهران,پردیس زینبیه - پیشوا (ورامین)
1396,تجربی,5638,2369,منطقه 2,داروسازی,دانشگاه علوم پزشکی بندرعباس
1396,تجربی,5644,831,منطقه 3,پزشکی - بومی استان بوشهر,دانشگاه علوم پزشکی بوشهر
1396,تجربی,5644,831,منطقه 3,پزشکی - نیمسال اول,دانشگاه علوم پزشکی شاهرود
1396,تجربی,5651,833,منطقه 3,داروسازی,دانشگاه علوم پزشکی کرمانشاه
1396,تجربی,5651,1629,منطقه 1,داروسازی,دانشگاه علوم پزشکی اردبیل
1396,تجربی,5651,1629,منطقه 1,شیمی محض,دانشگاه صنعتی شریف - تهران
1396,تجربی,5651,2374,منطقه 2,داروسازی,دانشگاه علوم پزشکی مازندران - ساری
1396,تجربی,5651,2374,منطقه 2,پزشکی,دانشگاه علوم پزشکی زابل
1396,تجربی,5660,834,منطقه 3,کاردرمانی,دانشگاه علوم بهزیستی و توانبخشی تهران(رشته های گروه پزشکی)
1396,تجربی,5660,2377,منطقه 2,داروسازی,دانشگاه علوم پزشکی کرمان
1396,تجربی,5669,740,ایثارگر-5%,دندانپزشکی - بومی استان کهکیلویه و بویر احمد,دانشگاه علوم پزشکی یاسوج
1396,تجربی,5669,836,منطقه 3,دندانپزشکی,دانشگاه علوم پزشکی جندی شاپور اهواز
1396,تجربی,5669,836,منطقه 3,پزشکی,دانشگاه علوم پزشکی رفسنجان
1396,تجربی,5669,2382,منطقه 2,پزشکی,دانشگاه علوم پزشکی جندی شاپور - اهواز - پردیس خودگردان
1396,تجربی,5669,2382,منطقه 2,پزشکی - بومی خراسان جنوبی,دانشگاه علوم پزشکی بیرجند
1396,تجربی,5682,838,منطقه 3,دندانپزشکی,دانشگاه علوم پزشکی رفسنجان
1396,تجربی,5682,838,منطقه 3,پزشکی - نیمسال اول,دانشگاه علوم پزشکی تبریز - پردیس خودگردان
1396,تجربی,5690,744,ایثارگر-5%,پزشکی,دانشگاه علوم پزشکی قزوین
1396,تجربی,5690,2390,منطقه 2,داروسازی,دانشگاه علوم پزشکی کرمان
1396,تجربی,5690,2390,منطقه 2,دندانپزشکی - بومی استان اردبیل,دانشگاه علوم پزشکی اردبیل
1396,تجربی,5701,843,منطقه 3,دندانپزشکی - بومی استان کهکیلویه و بویر احمد,دانشگاه علوم پزشکی یاسوج
1396,تجربی,5701,843,منطقه 3,فیزیوتراپی,دانشگاه علوم بهزیستی و توانبخشی تهران(رشته های گروه پزشکی)
1396,تجربی,5701,843,منطقه 3,پزشکی,دانشگاه علوم پزشکی دزفول
1396,تجربی,5701,843,منطقه 3,پزشکی - نیمسال دوم,دانشگاه علوم پزشکی تبریز - پردیس خودگردان
1396,تجربی,5701,2395,منطقه 2,داروسازی - بومی استان سمنان,دانشگاه علوم پزشکی مازندران - ساری
1396,تجربی,5701,2395,منطقه 2,دامپزشکی,دانشگاه تهران
1396,تجربی,5701,2395,منطقه 2,پزشکی - بومی استان کرمان,دانشگاه علوم پزشکی کرمان
1396,تجربی,5701,2395,منطقه 2,پزشکی - بومی خراسان شمالی,دانشگاه علوم پزشکی خراسان شمالی - بجنورد
1396,تجربی,5701,2395,منطقه 2,پزشکی - بومی لرستان,دانشگاه علوم پزشکی لرستان - خرم آباد
1396,تجربی,5711,747,ایثارگر-5%,پزشکی - بومی استان کهکیلویه و بویر احمد,دانشگاه علوم پزشکی یاسوج
1396,تجربی,5711,1642,منطقه 1,پزشکی,دانشگاه علوم پزشکی سمنان
1396,تجربی,5711,2401,منطقه 2,داروسازی,دانشگاه علوم پزشکی همدان - پردیس خودگردان
1396,تجربی,5711,2401,منطقه 2,داروسازی - بومی استان البرز,دانشگاه علوم پزشکی البرز - کرج
1396,تجربی,5711,2401,منطقه 2,دندانپزشکی,دانشگاه علوم پزشکی گیلان - رشت (محل تحصیل بندرانزلی) - پردیس خودگردان
1396,تجربی,5711,2401,منطقه 2,پزشکی - بومی خراسان رضوی,دانشگاه علوم پزشکی گناباد
1396,تجربی,5717,1643,منطقه 1,فیزیوتراپی,دانشگاه علوم بهزیستی و توانبخشی تهران(رشته های گروه پزشکی)
1396,تجربی,5725,750,ایثارگر-5%,پزشکی - پذیرش ازمیان داوطلبان بسیجی وجذب بصورت بورسیه واستخدام سپاه,دانشگاه علوم پزشکی بقیه الله
1396,تجربی,5725,846,منطقه 3,داروسازی,دانشگاه علوم پزشکی البرز - کرج
1396,تجربی,5725,1645,منطقه 1,دندانپزشکی,دانشگاه علوم پزشکی گلستان - گرگان - پردیس خودگردان
1396,تجربی,5725,2408,منطقه 2,دندانپزشکی - بومی استان اصفهان,دانشگاه علوم پزشکی کاشان
1396,تجربی,5736,847,منطقه 3,پرستاری - نیمسال اول,دانشگاه علوم پزشکی لرستان - خرم آباد
1396,تجربی,5736,1648,منطقه 1,دندانپزشکی,دانشگاه علوم پزشکی گلستان - گرگان - پردیس خودگردان
1396,تجربی,5736,1648,منطقه 1,پزشکی,دانشگاه علوم پزشکی فسا
1396,تجربی,5736,2413,منطقه 2,دندانپزشکی,دانشگاه علوم پزشکی همدان - پردیس خودگردان
1396,تجربی,5736,2413,منطقه 2,دندانپزشکی,دانشگاه علوم پزشکی گیلان - رشت (محل تحصیل بندرانزلی) - پردیس خودگردان
1396,تجربی,5736,2413,منطقه 2,پزشکی - بومی خراسان شمالی,دانشگاه علوم پزشکی خراسان شمالی - بجنورد
1396,تجربی,5746,848,منطقه 3,دندانپزشکی,دانشگاه علوم پزشکی جندی شاپور - اهواز - پردیس خودگردان
1396,تجربی,5746,1652,منطقه 1,داروسازی - نیمسال اول,دانشگاه علوم پزشکی تبریز - پردیس خودگردان
1396,تجربی,5746,2416,منطقه 2,پزشکی - بومی مازندران,دانشگاه علوم پزشکی مازندران - ساری
1396,تجربی,5755,754,ایثارگر-5%,فیزیوتراپی,دانشگاه علوم پزشکی شیراز
1396,تجربی,5755,754,ایثارگر-5%,پزشکی - نیمسال دوم,دانشگاه علوم پزشکی تبریز - پردیس خودگردان
1396,تجربی,5755,850,منطقه 3,دندانپزشکی,دانشگاه علوم پزشکی تبریز - پردیس خودگردان
1396,تجربی,5755,850,منطقه 3,پزشکی - بومی آذربایجان شرقی,دانشگاه علوم پزشکی تبریز
1396,تجربی,5755,1656,منطقه 1,پزشکی,دانشگاه علوم پزشکی جهرم
1396,تجربی,5755,2417,منطقه 2,دندانپزشکی - بومی لرستان,دانشگاه علوم پزشکی لرستان - خرم آباد
1396,تجربی,5765,756,ایثارگر-5%,پزشکی - بومی گلستان,دانشگاه علوم پزشکی گلستان - گرگان
1396,تجربی,5765,1660,منطقه 1,پزشکی,دانشگاه علوم پزشکی مازندران - ساری - پردیس خودگردان
1396,تجربی,5765,2420,منطقه 2,داروسازی,دانشگاه علوم پزشکی زابل
1396,تجربی,5765,2420,منطقه 2,دندانپزشکی,دانشگاه علوم پزشکی گیلان - رشت (محل تحصیل بندرانزلی) - پردیس خودگردان
1396,تجربی,5774,2425,منطقه 2,پرستاری - نیمسال اول,دانشگاه علوم پزشکی اردبیل
1396,تجربی,5774,2425,منطقه 2,پزشکی,دانشگاه علوم پزشکی جندی شاپور - اهواز - پردیس خودگردان
1396,تجربی,5774,2425,منطقه 2,پزشکی - بومی خراسان رضوی-تعهد خدمت در دانشگاه نیشابور,دانشگاه علوم پزشکی مشهد
1396,تجربی,5781,1666,منطقه 1,پزشکی - بومی آذربایجان شرقی,دانشگاه علوم پزشکی تبریز
1396,تجربی,5789,1671,منطقه 1,پزشکی,دانشگاه علوم پزشکی ارومیه - پردیس خودگردان
1396,تجربی,5789,2429,منطقه 2,پزشکی - بومی استان سمنان,دانشگاه علوم پزشکی سمنان
1396,تجربی,5799,759,ایثارگر-5%,داروسازی,دانشگاه علوم پزشکی اردبیل
1396,تجربی,5799,854,منطقه 3,پزشکی - بومی هرمزگان,دانشگاه علوم پزشکی بندرعباس
1396,تجربی,5799,1673,منطقه 1,پزشکی - نیمسال دوم,دانشگاه علوم پزشکی تبریز - پردیس خودگردان
1396,تجربی,5799,2434,منطقه 2,دندانپزشکی,دانشگاه علوم پزشکی گلستان - گرگان - پردیس خودگردان
1396,تجربی,5799,2434,منطقه 2,دندانپزشکی - بومی آذربایجان غربی,دانشگاه علوم پزشکی ارومیه
1396,تجربی,5799,2434,منطقه 2,علوم آزمایشگاهی,دانشگاه علوم پزشکی تهران
1396,تجربی,5807,1675,منطقه 1,داروسازی,دانشگاه علوم پزشکی شیراز - پردیس خودگردان
1396,تجربی,5807,2438,منطقه 2,پزشکی - بومی گلستان,دانشگاه علوم پزشکی گلستان - گرگان
1396,تجربی,5814,857,منطقه 3,دندانپزشکی - بومی خوزستان,دانشگاه علوم پزشکی جندی شاپور اهواز
1396,تجربی,5814,857,منطقه 3,پزشکی - نیمسال دوم,دانشگاه علوم پزشکی زاهدان
1396,تجربی,5822,762,ایثارگر-5%,فیزیوتراپی,دانشگاه علوم پزشکی شیراز
1396,تجربی,5822,762,ایثارگر-5%,پزشکی,دانشگاه علوم پزشکی اردبیل - پردیس خودگردان
1396,تجربی,5822,2444,منطقه 2,مدیریت بازرگانی,دانشگاه پیام نور گیلان - مرکز رشت
1396,تجربی,5822,2444,منطقه 2,پزشکی,دانشگاه علوم پزشکی بوشهر
1396,تجربی,5822,2444,منطقه 2,پزشکی - بومی مرکزی,دانشگاه علوم پزشکی اراک
1396,تجربی,5830,859,منطقه 3,پزشکی - نیمسال دوم,دانشگاه علوم پزشکی اراک
1396,تجربی,5830,1681,منطقه 1,پزشکی,دانشگاه علوم پزشکی فسا
1396,تجربی,5830,2448,منطقه 2,دندانپزشکی,دانشگاه علوم پزشکی ارومیه - پردیس خودگردان
1396,تجربی,5838,860,منطقه 3,فیزیوتراپی,دانشگاه علوم پزشکی شیراز
1396,تجربی,5838,860,منطقه 3,پزشکی - بومی کردستان,دانشگاه علوم پزشکی کردستان - سنندج
1396,تجربی,5838,1682,منطقه 1,دندانپزشکی,دانشگاه علوم پزشکی زنجان - پردیس خودگردان
1396,تجربی,5838,2450,منطقه 2,پزشکی - بومی استان کرمان,دانشگاه علوم پزشکی رفسنجان
1396,تجربی,5854,864,منطقه 3,داروسازی,دانشگاه علوم پزشکی مازندران - ساری - پردیس خودگردان
1396,تجربی,5854,2458,منطقه 2,دندانپزشکی,دانشگاه علوم پزشکی گیلان - رشت (محل تحصیل بندرانزلی) - پردیس خودگردان
1396,تجربی,5863,866,منطقه 3,بینایی سنجی,دانشگاه علوم پزشکی شهید بهشتی - تهران
1396,تجربی,5863,866,منطقه 3,دندانپزشکی,دانشگاه علوم پزشکی گلستان - گرگان
1396,تجربی,5863,866,منطقه 3,دندانپزشکی - بومی استان بوشهر,دانشگاه علوم پزشکی بوشهر
1396,تجربی,5863,2463,منطقه 2,دندانپزشکی - بومی خوزستان,دانشگاه علوم پزشکی جندی شاپور اهواز
1396,تجربی,5863,2463,منطقه 2,پزشکی,دانشگاه علوم پزشکی کردستان - سنندج
1396,تجربی,5871,868,منطقه 3,داروسازی - بومی گیلان,دانشگاه علوم پزشکی گیلان - رشت
1396,تجربی,5871,1689,منطقه 1,دندانپزشکی,دانشگاه علوم پزشکی گیلان - رشت (محل تحصیل بندرانزلی) - پردیس خودگردان
1396,تجربی,5871,2466,منطقه 2,دندانپزشکی,دانشگاه علوم پزشکی همدان - پردیس خودگردان
1396,تجربی,5871,2466,منطقه 2,فیزیوتراپی,دانشگاه علوم پزشکی اصفهان
1396,تجربی,5878,869,منطقه 3,پزشکی - بومی استان ایلام,دانشگاه علوم پزشکی ایلام
1396,تجربی,5878,1691,منطقه 1,پزشکی,دانشگاه علوم پزشکی فسا
1396,تجربی,5878,2469,منطقه 2,داروسازی,دانشگاه علوم پزشکی لرستان - خرم آباد
1396,تجربی,5878,2469,منطقه 2,پزشکی - بومی مرکزی,دانشگاه علوم پزشکی اراک
1396,تجربی,5893,874,منطقه 3,پزشکی - بومی استان ایلام,دانشگاه علوم پزشکی ایلام
1396,تجربی,5901,875,منطقه 3,پزشکی - بومی استان کهکیلویه و بویر احمد,دانشگاه علوم پزشکی یاسوج
1396,تجربی,5901,1697,منطقه 1,پزشکی,دانشگاه علوم پزشکی بندرعباس - پردیس خودگردان
1396,تجربی,5901,1697,منطقه 1,پزشکی,دانشگاه علوم پزشکی مازندران - ساری - پردیس خودگردان
1396,تجربی,5901,2477,منطقه 2,دندانپزشکی - بومی خراسان شمالی,دانشگاه علوم پزشکی خراسان شمالی - بجنورد
1396,تجربی,5901,2477,منطقه 2,پزشکی - بومی استان همدان,دانشگاه علوم پزشکی همدان
1396,تجربی,5901,2477,منطقه 2,پزشکی - بومی استان کرمان,دانشگاه علوم پزشکی کرمان
1396,تجربی,5912,772,ایثارگر-5%,فیزیوتراپی,دانشگاه علوم بهزیستی و توانبخشی تهران(رشته های گروه پزشکی)
1396,تجربی,5912,877,منطقه 3,پزشکی - بومی استان کهکیلویه و بویر احمد,دانشگاه علوم پزشکی یاسوج
1396,تجربی,5912,1701,منطقه 1,فیزیوتراپی,دانشگاه علوم پزشکی همدان
1396,تجربی,5922,2483,منطقه 2,بینایی سنجی,دانشگاه علوم پزشکی شهید بهشتی - تهران
1396,تجربی,5922,2483,منطقه 2,پزشکی,دانشگاه علوم پزشکی بابل - پردیس خودگردان
1396,تجربی,5922,2483,منطقه 2,پزشکی - بومی مازندران,دانشگاه علوم پزشکی مازندران - ساری
1396,تجربی,5932,879,منطقه 3,پزشکی - بومی استان بوشهر,دانشگاه علوم پزشکی بوشهر
1396,تجربی,5932,879,منطقه 3,پزشکی - نیمسال دوم,دانشگاه علوم پزشکی شهیدبهشتی تهران - پردیس خودگردان
1396,تجربی,5932,2488,منطقه 2,بینایی سنجی,دانشگاه علوم پزشکی زاهدان
1396,تجربی,5932,2488,منطقه 2,پزشکی - پذیرش ازمیان داوطلبان بسیجی وجذب بصورت بورسیه واستخدام سپاه,دانشگاه علوم پزشکی بقیه الله
1396,تجربی,5941,1712,منطقه 1,پزشکی,دانشگاه علوم پزشکی بوشهر
1396,تجربی,5950,883,منطقه 3,دندانپزشکی,دانشگاه علوم پزشکی زنجان
1396,تجربی,5950,883,منطقه 3,پزشکی - نیمسال دوم,دانشگاه علوم پزشکی شهیدبهشتی تهران - پردیس خودگردان
1396,تجربی,5950,2493,منطقه 2,داروسازی,دانشگاه علوم پزشکی گیلان - رشت
1396,تجربی,5950,2493,منطقه 2,فیزیوتراپی,دانشگاه علوم بهزیستی و توانبخشی تهران(رشته های گروه پزشکی)
1396,تجربی,5962,779,ایثارگر-5%,داروسازی,دانشگاه علوم پزشکی زابل
1396,تجربی,5962,885,منطقه 3,داروسازی,دانشگاه علوم پزشکی مشهد - پردیس خودگردان
1396,تجربی,5962,2497,منطقه 2,داروسازی,دانشگاه علوم پزشکی کرمان
1396,تجربی,5962,2497,منطقه 2,دندانپزشکی,دانشگاه علوم پزشکی ارومیه - پردیس خودگردان
1396,تجربی,5962,2497,منطقه 2,پزشکی,دانشگاه علوم پزشکی خراسان شمالی - بجنورد
1396,تجربی,5962,2497,منطقه 2,پزشکی - بومی خراسان رضوی,دانشگاه علوم پزشکی گناباد
1396,تجربی,5971,2500,منطقه 2,پزشکی,دانشگاه علوم پزشکی گیلان - رشت (محل تحصیل بندرانزلی) - پردیس خودگردان
1396,تجربی,5977,1724,منطقه 1,هوشبری,دانشگاه علوم پزشکی تهران
1396,تجربی,5977,1724,منطقه 1,پزشکی,دانشگاه علوم پزشکی کرمانشاه - پردیس خودگردان
1396,تجربی,5987,888,منطقه 3,دندانپزشکی,دانشگاه علوم پزشکی گلستان - گرگان - پردیس خودگردان
1396,تجربی,5987,2505,منطقه 2,داروسازی,دانشگاه علوم پزشکی زنجان - پردیس خودگردان
1396,تجربی,5998,891,منطقه 3,پزشکی - نیمسال دوم,دانشگاه علوم پزشکی زاهدان
1396,تجربی,5998,1730,منطقه 1,پزشکی,دانشگاه علوم پزشکی ارومیه - پردیس خودگردان
1396,تجربی,5998,2509,منطقه 2,دندانپزشکی,دانشگاه علوم پزشکی همدان - پردیس خودگردان
1396,تجربی,5998,2509,منطقه 2,فیزیوتراپی,دانشگاه علوم پزشکی بابل
1396,تجربی,6007,893,منطقه 3,پزشکی - بومی استان ایلام,دانشگاه علوم پزشکی ایلام
1396,تجربی,6007,2513,منطقه 2,بینایی سنجی,دانشگاه علوم پزشکی شهید بهشتی - تهران
1396,تجربی,6007,2513,منطقه 2,پزشکی,دانشگاه علوم پزشکی مشهد - پردیس خودگردان
1396,تجربی,6014,894,منطقه 3,داروسازی,دانشگاه علوم پزشکی لرستان - خرم آباد
1396,تجربی,6014,2515,منطقه 2,داروسازی,دانشگاه علوم پزشکی گیلان - رشت
1396,تجربی,6014,2515,منطقه 2,پزشکی - بومی مازندران,دانشگاه علوم پزشکی مازندران - ساری
1396,تجربی,6021,896,منطقه 3,پرستاری - نیمسال اول,دانشگاه علوم پزشکی تبریز
1396,تجربی,6021,2518,منطقه 2,داروسازی,دانشگاه علوم پزشکی بندرعباس
1396,تجربی,6021,2518,منطقه 2,داروسازی,دانشگاه علوم پزشکی همدان
1396,تجربی,6021,2518,منطقه 2,پزشکی,دانشگاه علوم پزشکی اردبیل - پردیس خودگردان
1396,تجربی,6031,787,ایثارگر-5%,دندانپزشکی - بومی گلستان,دانشگاه علوم پزشکی گلستان - گرگان
1396,تجربی,6031,898,منطقه 3,داروسازی - نیمسال اول,دانشگاه علوم پزشکی تبریز - پردیس خودگردان
1396,تجربی,6031,898,منطقه 3,پزشکی - نیمسال دوم,دانشگاه علوم پزشکی شاهرود
1396,تجربی,6031,2523,منطقه 2,پزشکی,دانشگاه علوم پزشکی ارومیه - پردیس خودگردان
1396,تجربی,6031,2523,منطقه 2,پزشکی,دانشگاه علوم پزشکی بابل - پردیس خودگردان
1396,تجربی,6031,2523,منطقه 2,پزشکی - بومی استان چهارمحال وبختیاری,دانشگاه علوم پزشکی شهرکرد
1396,تجربی,6042,901,منطقه 3,دندانپزشکی,دانشگاه علوم پزشکی مشهد - پردیس خودگردان
1396,تجربی,6042,1742,منطقه 1,تکنولوژی پرتودرمانی,دانشگاه علوم پزشکی شهید بهشتی - تهران
1396,تجربی,6042,2527,منطقه 2,فیزیوتراپی,دانشگاه علوم پزشکی شیراز
1396,تجربی,6050,903,منطقه 3,پزشکی - بومی استان همدان,دانشگاه علوم پزشکی همدان
1396,تجربی,6050,903,منطقه 3,پزشکی - بومی خراسان جنوبی,دانشگاه علوم پزشکی بیرجند
1396,تجربی,6050,903,منطقه 3,پزشکی - بومی خوزستان,دانشگاه علوم پزشکی جندی شاپور اهواز
1396,تجربی,6050,1743,منطقه 1,تکنولوژی پرتوشناسی,دانشگاه علوم پزشکی مشهد
1396,تجربی,6050,2531,منطقه 2,پزشکی - بومی لرستان,دانشگاه علوم پزشکی لرستان - خرم آباد
1396,تجربی,6058,905,منطقه 3,علوم آزمایشگاهی - نیمسال اول,دانشگاه علوم پزشکی تبریز
1396,تجربی,6058,905,منطقه 3,پزشکی,دانشگاه علوم پزشکی بم
1396,تجربی,6058,1746,منطقه 1,پزشکی,دانشگاه علوم پزشکی سمنان
1396,تجربی,6058,2535,منطقه 2,پزشکی - بومی استان اصفهان,دانشگاه علوم پزشکی کاشان
1396,تجربی,6069,907,منطقه 3,بینایی سنجی,دانشگاه علوم پزشکی شهید بهشتی - تهران
1396,تجربی,6069,2541,منطقه 2,داروسازی,دانشگاه علوم پزشکی بندرعباس
1396,تجربی,6069,2541,منطقه 2,پزشکی - بومی استان اردبیل,دانشگاه علوم پزشکی اردبیل
1396,تجربی,6079,1750,منطقه 1,پزشکی - بومی خراسان رضوی,دانشگاه علوم پزشکی گناباد
1396,تجربی,6079,2548,منطقه 2,دندانپزشکی,دانشگاه علوم پزشکی گلستان - گرگان - پردیس خودگردان
1396,تجربی,6079,2548,منطقه 2,پزشکی - بومی لرستان,دانشگاه علوم پزشکی لرستان - خرم آباد
1396,تجربی,6087,790,ایثارگر-5%,پزشکی,دانشگاه علوم پزشکی مشهد - پردیس خودگردان
1396,تجربی,6087,1753,منطقه 1,فیزیوتراپی,دانشگاه علوم بهزیستی و توانبخشی تهران(رشته های گروه پزشکی)
1396,تجربی,6087,1753,منطقه 1,پزشکی,دانشگاه علوم پزشکی سمنان
1396,تجربی,6087,2552,منطقه 2,پزشکی,دانشگاه علوم پزشکی قزوین
1396,تجربی,6097,792,ایثارگر-5%,پزشکی - بومی استان بوشهر,دانشگاه علوم پزشکی بوشهر
1396,تجربی,6097,909,منطقه 3,دندانپزشکی,دانشگاه علوم پزشکی اراک
1396,تجربی,6097,2554,منطقه 2,دندانپزشکی,دانشگاه علوم پزشکی کرمانشاه - پردیس خودگردان
1396,تجربی,6105,912,منطقه 3,فیزیوتراپی,دانشگاه علوم پزشکی شیراز
1396,تجربی,6105,2556,منطقه 2,پزشکی,دانشگاه علوم پزشکی بوشهر
1396,تجربی,6120,797,ایثارگر-5%,پزشکی - بومی آذربایجان شرقی,دانشگاه علوم پزشکی تبریز
1396,تجربی,6120,2562,منطقه 2,داروسازی,دانشگاه علوم پزشکی همدان - پردیس خودگردان
1396,تجربی,6125,798,ایثارگر-5%,فیزیوتراپی,دانشگاه علوم بهزیستی و توانبخشی تهران(رشته های گروه پزشکی)
1396,تجربی,6125,798,ایثارگر-5%,پزشکی,دانشگاه علوم پزشکی مشهد - پردیس خودگردان
1396,تجربی,6125,2564,منطقه 2,داروسازی - پذیرش ازمیان داوطلبان بسیجی وجذب بصورت بورسیه واستخدام سپاه,دانشگاه علوم پزشکی بقیه الله
1396,تجربی,6131,917,منطقه 3,فیزیوتراپی,دانشگاه علوم پزشکی تبریز
1396,تجربی,6139,918,منطقه 3,داروسازی,دانشگاه علوم پزشکی اردبیل
1396,تجربی,6139,918,منطقه 3,پزشکی - بومی استان کهکیلویه و بویر احمد,دانشگاه علوم پزشکی یاسوج
1396,تجربی,6139,1766,منطقه 1,پزشکی - بومی استان اصفهان,دانشگاه علوم پزشکی اصفهان
1396,تجربی,6139,2570,منطقه 2,داروسازی,دانشگاه علوم پزشکی بندرعباس
1396,تجربی,6153,2574,منطقه 2,پزشکی - بومی استان چهارمحال وبختیاری,دانشگاه علوم پزشکی شهرکرد
1396,تجربی,6162,802,ایثارگر-5%,داروسازی - بومی مرکزی,دانشگاه علوم پزشکی زنجان
1396,تجربی,6162,2578,منطقه 2,دندانپزشکی - بومی استان قزوین,دانشگاه علوم پزشکی قزوین
1396,تجربی,6162,2578,منطقه 2,پزشکی,دانشگاه علوم پزشکی بابل - پردیس خودگردان
1396,تجربی,6162,2578,منطقه 2,پزشکی,دانشگاه علوم پزشکی یزد - پردیس خودگردان
1396,تجربی,6162,2578,منطقه 2,پزشکی - نیمسال اول,دانشگاه علوم پزشکی شاهرود
1396,تجربی,6171,921,منطقه 3,دندانپزشکی - بومی استان ایلام,دانشگاه علوم پزشکی ایلام
1396,تجربی,6171,2582,منطقه 2,داروسازی - بومی مازندران,دانشگاه علوم پزشکی مازندران - ساری
1396,تجربی,6179,922,منطقه 3,دندانپزشکی,دانشگاه علوم پزشکی گلستان - گرگان
1396,تجربی,6179,1780,منطقه 1,پزشکی,دانشگاه علوم پزشکی ارومیه - پردیس خودگردان
1396,تجربی,6179,2586,منطقه 2,پزشکی,دانشگاه علوم پزشکی اردبیل - پردیس خودگردان
1396,تجربی,6185,805,ایثارگر-5%,پزشکی - بومی استان کهکیلویه و بویر احمد,دانشگاه علوم پزشکی یاسوج
1396,تجربی,6193,924,منطقه 3,داروسازی,دانشگاه علوم پزشکی شهید بهشتی - تهران
1396,تجربی,6193,1783,منطقه 1,پزشکی,دانشگاه علوم پزشکی سمنان
1396,تجربی,6193,2592,منطقه 2,دندانپزشکی - بومی استان زنجان,دانشگاه علوم پزشکی زنجان
1396,تجربی,6193,2592,منطقه 2,فیزیوتراپی,دانشگاه علوم پزشکی تبریز
1396,تجربی,6193,2592,منطقه 2,پزشکی - بومی گلستان,دانشگاه علوم پزشکی گلستان - گرگان
1396,تجربی,6204,1785,منطقه 1,علوم آزمایشگاهی,دانشگاه علوم پزشکی جندی شاپور اهواز
1396,تجربی,6215,2602,منطقه 2,دندانپزشکی,دانشگاه علوم پزشکی کرمانشاه - پردیس خودگردان
1396,تجربی,6215,2602,منطقه 2,فیزیوتراپی,دانشگاه علوم پزشکی تبریز
1396,تجربی,6215,2602,منطقه 2,پزشکی - نیمسال دوم,دانشگاه علوم پزشکی تبریز - پردیس خودگردان
1396,تجربی,6227,930,منطقه 3,پزشکی - بومی استان کرمانشاه,دانشگاه علوم پزشکی کرمانشاه
1396,تجربی,6227,1791,منطقه 1,دامپزشکی,دانشگاه تبریز
1396,تجربی,6227,1791,منطقه 1,پزشکی,دانشگاه علوم پزشکی کرمانشاه - پردیس خودگردان
1396,تجربی,6227,2608,منطقه 2,داروسازی,دانشگاه علوم پزشکی زنجان
1396,تجربی,6227,2608,منطقه 2,دندانپزشکی - بومی استان قزوین,دانشگاه علوم پزشکی قزوین
1396,تجربی,6237,933,منطقه 3,پزشکی - بومی آذربایجان غربی,دانشگاه علوم پزشکی ارومیه
1396,تجربی,6237,933,منطقه 3,پزشکی - بومی کردستان,دانشگاه علوم پزشکی کردستان - سنندج
1396,تجربی,6237,933,منطقه 3,پزشکی - نیمسال دوم,دانشگاه علوم پزشکی شهیدبهشتی تهران - پردیس خودگردان
1396,تجربی,6237,2613,منطقه 2,فیزیوتراپی,دانشگاه علوم پزشکی مشهد
1396,تجربی,6237,2613,منطقه 2,پزشکی,دانشگاه علوم پزشکی مشهد - پردیس خودگردان
1396,تجربی,6247,2619,منطقه 2,دندانپزشکی,دانشگاه علوم پزشکی جندی شاپور - اهواز - پردیس خودگردان
1396,تجربی,6247,2619,منطقه 2,علوم آزمایشگاهی,دانشگاه علوم پزشکی مازندران - ساری
1396,تجربی,6247,2619,منطقه 2,پزشکی,دانشگاه علوم پزشکی اراک
1396,تجربی,6247,2619,منطقه 2,پزشکی,دانشگاه علوم پزشکی بابل - پردیس خودگردان
1396,تجربی,6247,2619,منطقه 2,پزشکی - نیمسال دوم,دانشگاه علوم پزشکی تبریز - پردیس خودگردان
1396,تجربی,6260,809,ایثارگر-5%,داروسازی,دانشگاه علوم پزشکی بقیه الله
1396,تجربی,6260,809,ایثارگر-5%,دندانپزشکی - بومی استان بوشهر,دانشگاه علوم پزشکی بوشهر
1396,تجربی,6260,938,منطقه 3,داروسازی,دانشگاه علوم پزشکی بندرعباس
1396,تجربی,6260,938,منطقه 3,پزشکی - بومی استان کرمانشاه,دانشگاه علوم پزشکی کرمانشاه
1396,تجربی,6260,2626,منطقه 2,پزشکی,دانشگاه علوم پزشکی اراک
1396,تجربی,6260,2626,منطقه 2,پزشکی - بومی استان قم,دانشگاه علوم پزشکی قم
1396,تجربی,6272,941,منطقه 3,پزشکی - نیمسال دوم,دانشگاه علوم پزشکی زاهدان
1396,تجربی,6280,2637,منطقه 2,شنوایی شناسی,دانشگاه علوم پزشکی ایران
1396,تجربی,6290,813,ایثارگر-5%,داروسازی - پذیرش ازمیان داوطلبان وجذب بصورت بورسیه واستخدام نیروی انتظامی,دانشگاه علوم پزشکی بقیه الله
1396,تجربی,6290,2641,منطقه 2,دندانپزشکی,دانشگاه علوم پزشکی جندی شاپور - اهواز - پردیس خودگردان
1396,تجربی,6290,2641,منطقه 2,دندانپزشکی,دانشگاه علوم پزشکی زاهدان - پردیس خودگردان
1396,تجربی,6303,817,ایثارگر-5%,فیزیوتراپی,دانشگاه علوم پزشکی تبریز
1396,تجربی,6303,817,ایثارگر-5%,پزشکی,دانشگاه علوم پزشکی خراسان شمالی - بجنورد
1396,تجربی,6303,946,منطقه 3,فیزیوتراپی,دانشگاه علوم بهزیستی و توانبخشی تهران(رشته های گروه پزشکی)
1396,تجربی,6315,819,ایثارگر-5%,اتاق عمل,دانشگاه علوم پزشکی گیلان - رشت (محل تحصیل پیرا پزشکی لنگرود)
1396,تجربی,6315,819,ایثارگر-5%,داروسازی - بومی فارس,دانشگاه علوم پزشکی شیراز
1396,تجربی,6315,950,منطقه 3,دندانپزشکی,دانشگاه علوم پزشکی ارومیه - پردیس خودگردان
1396,تجربی,6324,953,منطقه 3,داروسازی,دانشگاه علوم پزشکی شهید بهشتی - تهران
1396,تجربی,6324,953,منطقه 3,داروسازی,دانشگاه علوم پزشکی لرستان - خرم آباد
1396,تجربی,6324,953,منطقه 3,دندانپزشکی - بومی هرمزگان,دانشگاه علوم پزشکی بندرعباس
1396,تجربی,6324,1814,منطقه 1,دندانپزشکی,دانشگاه علوم پزشکی زاهدان - پردیس خودگردان
1396,تجربی,6324,1814,منطقه 1,فیزیوتراپی,دانشگاه علوم پزشکی تبریز
1396,تجربی,6324,1814,منطقه 1,پزشکی,دانشگاه علوم پزشکی زنجان - پردیس خودگردان
1396,تجربی,6324,2647,منطقه 2,فیزیوتراپی,دانشگاه علوم بهزیستی و توانبخشی تهران(رشته های گروه پزشکی)
1396,تجربی,6335,955,منطقه 3,پزشکی,دانشگاه علوم پزشکی بم
1396,تجربی,6335,955,منطقه 3,پزشکی - نیمسال اول,دانشگاه علوم پزشکی تبریز - پردیس خودگردان
1396,تجربی,6335,2650,منطقه 2,دندانپزشکی,دانشگاه علوم پزشکی اردبیل - پردیس خودگردان
1396,تجربی,6335,2650,منطقه 2,پرستاری - نیمسال اول,دانشگاه علوم پزشکی تهران
1396,تجربی,6335,2650,منطقه 2,پزشکی,دانشگاه علوم پزشکی گیلان - رشت (محل تحصیل بندرانزلی) - پردیس خودگردان
1396,تجربی,6345,826,ایثارگر-5%,داروسازی - پذیرش ازمیان داوطلبان بسیجی وجذب بصورت بورسیه واستخدام سپاه,دانشگاه علوم پزشکی بقیه الله
1396,تجربی,6345,957,منطقه 3,پزشکی - نیمسال دوم,دانشگاه علوم پزشکی شیراز - پردیس خودگردان
1396,تجربی,6345,2653,منطقه 2,فیزیوتراپی,دانشگاه علوم پزشکی تبریز
1396,تجربی,6353,828,ایثارگر-5%,فیزیوتراپی,دانشگاه علوم پزشکی بابل
1396,تجربی,6353,958,منطقه 3,دندانپزشکی,دانشگاه علوم پزشکی کرمانشاه - پردیس خودگردان
1396,تجربی,6353,2657,منطقه 2,داروسازی - بومی گیلان,دانشگاه علوم پزشکی گیلان - رشت
1396,تجربی,6360,830,ایثارگر-5%,پزشکی,دانشگاه علوم پزشکی بابل - پردیس خودگردان
1396,تجربی,6360,2661,منطقه 2,پزشکی,دانشگاه علوم پزشکی بابل - پردیس خودگردان
1396,تجربی,6369,963,منطقه 3,پزشکی - نیمسال دوم,دانشگاه علوم پزشکی سمنان
1396,تجربی,6369,963,منطقه 3,پزشکی - نیمسال دوم,دانشگاه علوم پزشکی شهیدبهشتی تهران - پردیس خودگردان
1396,تجربی,6369,2664,منطقه 2,داروسازی,دانشگاه علوم پزشکی مازندران - ساری - پردیس خودگردان
1396,تجربی,6378,966,منطقه 3,پزشکی - بومی گلستان,دانشگاه علوم پزشکی گلستان - گرگان
1396,تجربی,6378,1824,منطقه 1,بینایی سنجی,دانشگاه علوم پزشکی شهید بهشتی - تهران
1396,تجربی,6378,1824,منطقه 1,داروسازی,دانشگاه علوم پزشکی کرمان - پردیس خودگردان
1396,تجربی,6378,2667,منطقه 2,پزشکی,دانشگاه علوم پزشکی گلستان - گرگان - پردیس خودگردان
1396,تجربی,6378,2667,منطقه 2,پزشکی,دانشگاه علوم پزشکی یزد - پردیس خودگردان
1396,تجربی,6386,832,ایثارگر-5%,دندانپزشکی - بومی استان اصفهان,دانشگاه علوم پزشکی اصفهان
1396,تجربی,6386,967,منطقه 3,داروسازی,دانشگاه علوم پزشکی زابل
1396,تجربی,6386,2670,منطقه 2,پزشکی,دانشگاه علوم پزشکی همدان - پردیس خودگردان
1396,تجربی,6393,969,منطقه 3,پزشکی - نیمسال دوم,دانشگاه علوم پزشکی لرستان - خرم آباد
1396,تجربی,6393,969,منطقه 3,گفتاردرمانی,دانشگاه علوم پزشکی ایران
1396,تجربی,6400,971,منطقه 3,داروسازی,دانشگاه علوم پزشکی مازندران - ساری
1396,تجربی,6400,971,منطقه 3,پزشکی,دانشگاه علوم پزشکی خراسان شمالی - بجنورد
1396,تجربی,6400,1830,منطقه 1,پزشکی - بومی استان اصفهان,دانشگاه علوم پزشکی اصفهان
1396,تجربی,6400,2675,منطقه 2,دندانپزشکی,دانشگاه علوم پزشکی اردبیل - پردیس خودگردان
1396,تجربی,6400,2675,منطقه 2,پزشکی,دانشگاه علوم پزشکی همدان - پردیس خودگردان
1396,تجربی,6411,973,منطقه 3,پزشکی - نیمسال دوم,دانشگاه علوم پزشکی زاهدان
1396,تجربی,6411,2680,منطقه 2,پزشکی,دانشگاه علوم پزشکی بابل - پردیس خودگردان
1396,تجربی,6422,837,ایثارگر-5%,پزشکی - نیمسال اول,دانشگاه علوم پزشکی شاهرود
1396,تجربی,6422,975,منطقه 3,داروسازی,دانشگاه علوم پزشکی ارومیه - پردیس خودگردان
1396,تجربی,6422,2685,منطقه 2,دندانپزشکی,دانشگاه علوم پزشکی کرمانشاه - پردیس خودگردان
1396,تجربی,6433,977,منطقه 3,پزشکی,دانشگاه علوم پزشکی بقیه الله
1396,تجربی,6433,2688,منطقه 2,داروسازی - بومی مازندران,دانشگاه علوم پزشکی مازندران - ساری
1396,تجربی,6445,979,منطقه 3,پزشکی - نیمسال دوم,دانشگاه علوم پزشکی اصفهان
1396,تجربی,6445,1840,منطقه 1,دامپزشکی,دانشگاه فردوسی - مشهد
1396,تجربی,6445,2694,منطقه 2,داروسازی - بومی گیلان,دانشگاه علوم پزشکی گیلان - رشت
1396,تجربی,6445,2694,منطقه 2,پزشکی,دانشگاه علوم پزشکی ارومیه - پردیس خودگردان
1396,تجربی,6454,1843,منطقه 1,دندانپزشکی,دانشگاه علوم پزشکی جندی شاپور - اهواز - پردیس خودگردان
1396,تجربی,6454,2699,منطقه 2,داروسازی - بومی خراسان رضوی,دانشگاه علوم پزشکی مشهد
1396,تجربی,6454,2699,منطقه 2,پزشکی,دانشگاه علوم پزشکی گلستان - گرگان - پردیس خودگردان
1396,تجربی,6462,981,منطقه 3,پزشکی,دانشگاه علوم پزشکی دزفول
1396,تجربی,6462,981,منطقه 3,پزشکی - بومی استان کرمان,دانشگاه علوم پزشکی کرمان
1396,تجربی,6462,1846,منطقه 1,داروسازی,دانشگاه علوم پزشکی اصفهان - پردیس خودگردان
1396,تجربی,6471,984,منطقه 3,فیزیوتراپی,دانشگاه علوم پزشکی تبریز
1396,تجربی,6471,984,منطقه 3,پزشکی,دانشکده علوم پزشکی آبادان
1396,تجربی,6471,984,منطقه 3,پزشکی - نیمسال دوم,دانشگاه علوم پزشکی شهیدبهشتی تهران - پردیس خودگردان
1396,تجربی,6471,2703,منطقه 2,داروسازی - بومی خراسان رضوی,دانشگاه علوم پزشکی مشهد
1396,تجربی,6471,2703,منطقه 2,پزشکی - نیمسال دوم,دانشگاه علوم پزشکی تبریز - پردیس خودگردان
1396,تجربی,6480,844,ایثارگر-5%,پزشکی,دانشگاه علوم پزشکی همدان - پردیس خودگردان
1396,تجربی,6489,988,منطقه 3,دندانپزشکی - نیمسال دوم,دانشگاه علوم پزشکی شهیدبهشتی تهران - پردیس خودگردان
1396,تجربی,6489,988,منطقه 3,پزشکی - بومی خراسان جنوبی,دانشگاه علوم پزشکی بیرجند
1396,تجربی,6489,1852,منطقه 1,دامپزشکی,دانشگاه تهران
1396,تجربی,6489,2709,منطقه 2,داروسازی,دانشگاه علوم پزشکی زابل
1396,تجربی,6489,2709,منطقه 2,فیزیوتراپی,دانشگاه علوم پزشکی مشهد
1396,تجربی,6489,2709,منطقه 2,پزشکی - بومی فارس - تعهد خدمت در دانشگاه علوم پزشکی لارستان,دانشگاه علوم پزشکی جهرم
1396,تجربی,6496,847,ایثارگر-5%,پزشکی,دانشگاه علوم پزشکی گلستان - گرگان - پردیس خودگردان
1396,تجربی,6496,990,منطقه 3,فیزیوتراپی,دانشگاه علوم پزشکی همدان
1396,تجربی,6496,2713,منطقه 2,فیزیوتراپی,دانشگاه علوم پزشکی تبریز
1396,تجربی,6503,991,منطقه 3,پزشکی,دانشگاه علوم پزشکی ایلام
1396,تجربی,6503,991,منطقه 3,پزشکی,دانشگاه علوم پزشکی بقیه الله
1396,تجربی,6503,1856,منطقه 1,داروسازی,دانشگاه علوم پزشکی شیراز - پردیس خودگردان
1396,تجربی,6503,2715,منطقه 2,فیزیوتراپی,دانشگاه علوم پزشکی تبریز
1396,تجربی,6511,2718,منطقه 2,فیزیوتراپی,دانشگاه علوم پزشکی اصفهان
1396,تجربی,6519,848,ایثارگر-5%,پزشکی - بومی استان کرمانشاه,دانشگاه علوم پزشکی کرمانشاه
1396,تجربی,6528,995,منطقه 3,پزشکی - بومی گلستان,دانشگاه علوم پزشکی گلستان - گرگان
1396,تجربی,6528,1864,منطقه 1,بینایی سنجی,دانشگاه علوم پزشکی ایران
1396,تجربی,6528,2725,منطقه 2,بینایی سنجی,دانشگاه علوم پزشکی شهید بهشتی - تهران
1396,تجربی,6528,2725,منطقه 2,داروسازی,دانشگاه علوم پزشکی لرستان - خرم آباد
1396,تجربی,6528,2725,منطقه 2,دندانپزشکی,دانشگاه علوم پزشکی جندی شاپور - اهواز - پردیس خودگردان
1396,تجربی,6528,2725,منطقه 2,پزشکی,دانشگاه علوم پزشکی بندرعباس - پردیس خودگردان
1396,تجربی,6539,851,ایثارگر-5%,دندانپزشکی,دانشگاه علوم پزشکی جندی شاپور - اهواز - پردیس خودگردان
1396,تجربی,6539,851,ایثارگر-5%,پزشکی - بومی استان کهکیلویه و بویر احمد,دانشگاه علوم پزشکی یاسوج
1396,تجربی,6539,997,منطقه 3,دندانپزشکی - بومی استان کرمان,دانشگاه علوم پزشکی کرمان
1396,تجربی,6539,997,منطقه 3,پزشکی - بومی استان کهکیلویه و بویر احمد,دانشگاه علوم پزشکی یاسوج
1396,تجربی,6539,1866,منطقه 1,روانشناسی,دانشگاه علامه طباطبایی - تهران
1396,تجربی,6539,1866,منطقه 1,پزشکی,دانشگاه علوم پزشکی یاسوج
1396,تجربی,6539,2730,منطقه 2,فیزیوتراپی,دانشگاه علوم پزشکی اصفهان
1396,تجربی,6539,2730,منطقه 2,فیزیوتراپی,دانشگاه علوم پزشکی تبریز
1396,تجربی,6549,853,ایثارگر-5%,پزشکی,دانشگاه علوم پزشکی مازندران - ساری - پردیس خودگردان
1396,تجربی,6549,1000,منطقه 3,پزشکی - نیمسال اول,دانشگاه علوم پزشکی شیراز - پردیس خودگردان
1396,تجربی,6549,2733,منطقه 2,داروسازی,دانشگاه علوم پزشکی مازندران - ساری - پردیس خودگردان
1396,تجربی,6549,2733,منطقه 2,پزشکی,دانشگاه علوم پزشکی اردبیل - پردیس خودگردان
1396,تجربی,6557,854,ایثارگر-5%,فیزیوتراپی,دانشگاه علوم پزشکی تبریز
1396,تجربی,6557,1002,منطقه 3,پزشکی,دانشگاه علوم پزشکی زابل
1396,تجربی,6567,1871,منطقه 1,پزشکی,دانشگاه علوم پزشکی بوشهر
1396,تجربی,6567,2740,منطقه 2,فیزیوتراپی,دانشگاه علوم پزشکی بابل
1396,تجربی,6567,2740,منطقه 2,فیزیوتراپی,دانشگاه علوم پزشکی شیراز
1396,تجربی,6567,2740,منطقه 2,پزشکی,دانشگاه علوم پزشکی بندرعباس - پردیس خودگردان
1396,تجربی,6577,857,ایثارگر-5%,پزشکی - بومی مرکزی,دانشگاه علوم پزشکی اراک
1396,تجربی,6577,1008,منطقه 3,پرستاری - نیمسال اول,دانشگاه علوم پزشکی ایران
1396,تجربی,6577,1008,منطقه 3,پزشکی,دانشگاه علوم پزشکی گلستان - گرگان - پردیس خودگردان
1396,تجربی,6577,2745,منطقه 2,دندانپزشکی,دانشگاه علوم پزشکی جندی شاپور - اهواز - پردیس خودگردان
1396,تجربی,6587,1873,منطقه 1,پزشکی - نیمسال اول,دانشگاه علوم پزشکی شاهرود
1396,تجربی,6587,2750,منطقه 2,داروسازی,دانشگاه علوم پزشکی همدان
1396,تجربی,6587,2750,منطقه 2,فیزیوتراپی,دانشگاه علوم پزشکی جندی شاپور اهواز
1396,تجربی,6587,2750,منطقه 2,پزشکی,دانشگاه علوم پزشکی جهرم
1396,تجربی,6587,2750,منطقه 2,پزشکی,دانشگاه علوم پزشکی سبزوار
1396,تجربی,6587,2750,منطقه 2,پزشکی - محل تحصیل آران و بیدگل,دانشگاه علوم پزشکی کاشان(آران وبیدگل)
1396,تجربی,6595,1874,منطقه 1,پزشکی,دانشگاه علوم پزشکی اراک
1396,تجربی,6595,2756,منطقه 2,پزشکی,دانشگاه علوم پزشکی جندی شاپور - اهواز - پردیس خودگردان
1396,تجربی,6595,2756,منطقه 2,پزشکی,دانشگاه علوم پزشکی قزوین
1396,تجربی,6603,1011,منطقه 3,پزشکی,دانشگاه علوم پزشکی بقیه الله
1396,تجربی,6603,1877,منطقه 1,پزشکی,دانشگاه علوم پزشکی کردستان - سنندج
1396,تجربی,6603,2760,منطقه 2,اتاق عمل,دانشگاه علوم پزشکی تهران
1396,تجربی,6603,2760,منطقه 2,دندانپزشکی - بومی استان بوشهر,دانشگاه علوم پزشکی بوشهر
1396,تجربی,6603,2760,منطقه 2,پزشکی,دانشگاه علوم پزشکی قزوین
1396,تجربی,6612,860,ایثارگر-5%,پزشکی - بومی استان کرمانشاه,دانشگاه علوم پزشکی کرمانشاه
1396,تجربی,6612,1013,منطقه 3,پزشکی - بومی استان ایلام,دانشگاه علوم پزشکی ایلام
1396,تجربی,6612,1013,منطقه 3,پزشکی - نیمسال اول,دانشگاه علوم پزشکی سمنان
1396,تجربی,6612,2765,منطقه 2,داروسازی,دانشگاه علوم پزشکی اردبیل
1396,تجربی,6612,2765,منطقه 2,پزشکی,دانشگاه علوم پزشکی گلستان - گرگان - پردیس خودگردان
1396,تجربی,6618,1015,منطقه 3,دندانپزشکی - نیمسال دوم,دانشگاه علوم پزشکی شهیدبهشتی تهران - پردیس خودگردان
1396,تجربی,6618,2768,منطقه 2,پزشکی,دانشگاه علوم پزشکی مازندران - ساری - پردیس خودگردان
1396,تجربی,6625,862,ایثارگر-5%,دندانپزشکی,دانشگاه علوم پزشکی زنجان - پردیس خودگردان
1396,تجربی,6625,1016,منطقه 3,پزشکی - نیمسال اول,دانشگاه علوم پزشکی البرز - کرج
1396,تجربی,6625,2771,منطقه 2,پزشکی,دانشگاه علوم پزشکی مازندران - ساری - پردیس خودگردان
1396,تجربی,6625,2771,منطقه 2,پزشکی,دانشگاه علوم پزشکی گلستان - گرگان - پردیس خودگردان
1396,تجربی,6634,1018,منطقه 3,پزشکی,دانشگاه علوم پزشکی زابل
1396,تجربی,6634,2775,منطقه 2,پزشکی - بومی استان سمنان,دانشگاه علوم پزشکی سمنان
1396,تجربی,6645,867,ایثارگر-5%,داروسازی - بومی استان کرمانشاه,دانشگاه علوم پزشکی کرمانشاه
1396,تجربی,6645,1021,منطقه 3,داروسازی,دانشگاه علوم پزشکی تهران
1396,تجربی,6645,1021,منطقه 3,دندانپزشکی,دانشگاه علوم پزشکی لرستان - خرم آباد
1396,تجربی,6645,2779,منطقه 2,بینایی سنجی,دانشگاه علوم پزشکی شهید بهشتی - تهران
1396,تجربی,6654,1024,منطقه 3,پزشکی - نیمسال دوم,دانشگاه علوم پزشکی شیراز - پردیس خودگردان
1396,تجربی,6654,1884,منطقه 1,بینایی سنجی,دانشگاه علوم پزشکی مشهد
1396,تجربی,6654,2781,منطقه 2,پزشکی,دانشگاه علوم پزشکی گلستان - گرگان - پردیس خودگردان
1396,تجربی,6654,2781,منطقه 2,پزشکی,دانشگاه علوم پزشکی گیلان - رشت (محل تحصیل بندرانزلی) - پردیس خودگردان
1396,تجربی,6660,2783,منطقه 2,داروسازی,دانشگاه علوم پزشکی مازندران - ساری - پردیس خودگردان
1396,تجربی,6660,2783,منطقه 2,پزشکی,دانشگاه علوم پزشکی لرستان - خرم آباد
1396,تجربی,6667,1026,منطقه 3,پزشکی,دانشگاه علوم پزشکی یاسوج
1396,تجربی,6667,2789,منطقه 2,داروسازی,دانشگاه علوم پزشکی لرستان - خرم آباد
1396,تجربی,6667,2789,منطقه 2,پزشکی,دانشگاه علوم پزشکی خراسان شمالی - بجنورد
1396,تجربی,6667,2789,منطقه 2,پزشکی,دانشگاه علوم پزشکی فسا
1396,تجربی,6667,2789,منطقه 2,پزشکی,دانشگاه علوم پزشکی مازندران - ساری - پردیس خودگردان
1396,تجربی,6667,2789,منطقه 2,پزشکی - بومی لرستان,دانشگاه علوم پزشکی لرستان - خرم آباد
1396,تجربی,6677,1028,منطقه 3,دندانپزشکی,دانشگاه علوم پزشکی اردبیل - پردیس خودگردان
1396,تجربی,6677,1028,منطقه 3,دندانپزشکی,دانشگاه علوم پزشکی مشهد - پردیس خودگردان
1396,تجربی,6677,1028,منطقه 3,پزشکی - نیمسال دوم,دانشگاه علوم پزشکی تبریز - پردیس خودگردان
1396,تجربی,6677,1889,منطقه 1,دندانپزشکی,دانشگاه علوم پزشکی بندرعباس - پردیس خودگردان
1396,تجربی,6677,2795,منطقه 2,داروسازی,دانشگاه علوم پزشکی اردبیل
1396,تجربی,6677,2795,منطقه 2,داروسازی - بومی آذربایجان شرقی,دانشگاه علوم پزشکی تبریز
1396,تجربی,6677,2795,منطقه 2,فیزیوتراپی - نیمسال اول,دانشگاه علوم پزشکی گیلان - رشت
1396,تجربی,6677,2795,منطقه 2,پرستاری - نیمسال اول,دانشگاه علوم پزشکی تهران
1396,تجربی,6686,1031,منطقه 3,پزشکی - بومی آذربایجان شرقی,دانشگاه علوم پزشکی تبریز
1396,تجربی,6686,1031,منطقه 3,پزشکی - بومی استان چهارمحال وبختیاری,دانشگاه علوم پزشکی شهرکرد
1396,تجربی,6686,1891,منطقه 1,پزشکی,دانشگاه علوم پزشکی بوشهر
1396,تجربی,6686,2798,منطقه 2,پزشکی - بومی خراسان رضوی,دانشگاه علوم پزشکی مشهد
1396,تجربی,6694,871,ایثارگر-5%,پزشکی - نیمسال اول,دانشگاه علوم پزشکی البرز - کرج
1396,تجربی,6694,1033,منطقه 3,داروسازی,دانشگاه علوم پزشکی گیلان - رشت
1396,تجربی,6703,1035,منطقه 3,دندانپزشکی,دانشگاه علوم پزشکی بابل - پردیس خودگردان
1396,تجربی,6703,2803,منطقه 2,پزشکی - بومی استان کرمانشاه,دانشگاه علوم پزشکی کرمانشاه
1396,تجربی,6712,1901,منطقه 1,فیزیوتراپی - نیمسال اول,دانشگاه علوم پزشکی گیلان - رشت
1396,تجربی,6712,2806,منطقه 2,پزشکی,دانشگاه علوم پزشکی اردبیل - پردیس خودگردان
1396,تجربی,6721,1039,منطقه 3,دندانپزشکی,دانشگاه علوم پزشکی یزد - پردیس خودگردان
1396,تجربی,6721,1039,منطقه 3,پزشکی,دانشگاه علوم پزشکی زابل
1396,تجربی,6721,2810,منطقه 2,داروسازی,دانشگاه علوم پزشکی لرستان - خرم آباد
1396,تجربی,6721,2810,منطقه 2,فیزیوتراپی,دانشگاه علوم پزشکی اصفهان
1396,تجربی,6721,2810,منطقه 2,پزشکی,دانشگاه علوم پزشکی سمنان
1396,تجربی,6732,1042,منطقه 3,داروسازی,دانشگاه علوم پزشکی شیراز
1396,تجربی,6732,1905,منطقه 1,بینایی سنجی,دانشگاه علوم پزشکی شهید بهشتی - تهران
1396,تجربی,6732,2815,منطقه 2,پزشکی,دانشگاه علوم پزشکی قزوین
1396,تجربی,6742,876,ایثارگر-5%,فیزیوتراپی - نیمسال اول,دانشگاه علوم پزشکی گیلان - رشت
1396,تجربی,6742,876,ایثارگر-5%,پزشکی,دانشگاه علوم پزشکی یاسوج
1396,تجربی,6742,1045,منطقه 3,فیزیوتراپی,دانشگاه علوم پزشکی تبریز
1396,تجربی,6742,1045,منطقه 3,پزشکی - نیمسال دوم,دانشگاه علوم پزشکی شیراز - پردیس خودگردان
1396,تجربی,6742,1907,منطقه 1,داروسازی,دانشگاه علوم پزشکی البرز - کرج
1396,تجربی,6742,1907,منطقه 1,دندانپزشکی,دانشگاه علوم پزشکی زاهدان - پردیس خودگردان
1396,تجربی,6752,1910,منطقه 1,علوم آزمایشگاهی,دانشگاه علوم پزشکی تهران
1396,تجربی,6752,2822,منطقه 2,پزشکی,دانشگاه علوم پزشکی شهرکرد
1396,تجربی,6762,1050,منطقه 3,پزشکی,دانشگاه علوم پزشکی زابل
1396,تجربی,6762,1050,منطقه 3,پزشکی - بومی استان ایلام,دانشگاه علوم پزشکی ایلام
1396,تجربی,6762,1050,منطقه 3,پزشکی - بومی استان قزوین,دانشگاه علوم پزشکی قزوین
1396,تجربی,6762,1912,منطقه 1,دامپزشکی,دانشگاه شیراز
1396,تجربی,6762,1912,منطقه 1,دندانپزشکی,دانشگاه علوم پزشکی زاهدان - پردیس خودگردان
1396,تجربی,6762,2825,منطقه 2,دندانپزشکی - بومی استان اصفهان,دانشگاه علوم پزشکی اصفهان
1396,تجربی,6762,2825,منطقه 2,فیزیوتراپی,دانشگاه علوم پزشکی کرمان
1396,تجربی,6762,2825,منطقه 2,پزشکی - بومی لرستان,دانشگاه علوم پزشکی لرستان - خرم آباد
1396,تجربی,6774,1054,منطقه 3,داروسازی,دانشگاه علوم پزشکی شیراز - پردیس خودگردان
1396,تجربی,6774,1054,منطقه 3,پزشکی,دانشکده علوم پزشکی آبادان
1396,تجربی,6774,1915,منطقه 1,داروسازی,دانشگاه علوم پزشکی تهران - پردیس خودگردان
1396,تجربی,6774,2829,منطقه 2,پرستاری - نیمسال اول,دانشگاه علوم پزشکی اصفهان
1396,تجربی,6774,2829,منطقه 2,پزشکی,دانشگاه علوم پزشکی کرمان - پردیس خودگردان
1396,تجربی,6784,1057,منطقه 3,پزشکی,دانشگاه علوم پزشکی بقیه الله
1396,تجربی,6784,2833,منطقه 2,پزشکی,دانشگاه علوم پزشکی همدان - پردیس خودگردان
1396,تجربی,6784,2833,منطقه 2,پزشکی,دانشگاه علوم پزشکی گلستان - گرگان - پردیس خودگردان
1396,تجربی,6793,882,ایثارگر-5%,پزشکی,دانشگاه علوم پزشکی بوشهر
1396,تجربی,6793,1059,منطقه 3,داروسازی,دانشگاه علوم پزشکی شیراز
1396,تجربی,6793,2839,منطقه 2,پزشکی,دانشگاه علوم پزشکی یزد - پردیس خودگردان
1396,تجربی,6802,885,ایثارگر-5%,پزشکی,دانشگاه علوم پزشکی کرمان - پردیس خودگردان
1396,تجربی,6802,2843,منطقه 2,فیزیوتراپی,دانشگاه علوم پزشکی همدان
1396,تجربی,6809,887,ایثارگر-5%,پزشکی,دانشگاه علوم پزشکی مازندران - ساری - پردیس خودگردان
1396,تجربی,6817,1063,منطقه 3,داروسازی,دانشگاه علوم پزشکی کرمان
1396,تجربی,6817,1063,منطقه 3,داروسازی - بومی آذربایجان شرقی,دانشگاه علوم پزشکی تبریز
1396,تجربی,6817,1063,منطقه 3,پزشکی,دانشگاه علوم پزشکی گلستان - گرگان - پردیس خودگردان
1396,تجربی,6817,2846,منطقه 2,پزشکی,دانشگاه علوم پزشکی مازندران - ساری - پردیس خودگردان
1396,تجربی,6826,889,ایثارگر-5%,داروسازی - نیمسال اول,دانشگاه علوم پزشکی تبریز - پردیس خودگردان
1396,تجربی,6826,2852,منطقه 2,پزشکی,دانشگاه علوم پزشکی فسا
1396,تجربی,6826,2852,منطقه 2,پزشکی - بومی استان بوشهر,دانشگاه علوم پزشکی بوشهر
1396,تجربی,6836,1925,منطقه 1,فیزیوتراپی,دانشگاه علوم پزشکی تهران
1396,تجربی,6847,1927,منطقه 1,پزشکی - محل تحصیل آران و بیدگل,دانشگاه علوم پزشکی کاشان(آران وبیدگل)
1396,تجربی,6847,2861,منطقه 2,دندانپزشکی,دانشگاه علوم پزشکی بندرعباس - پردیس خودگردان
1396,تجربی,6847,2861,منطقه 2,دندانپزشکی - بومی استان قزوین,دانشگاه علوم پزشکی قزوین
1396,تجربی,6858,1071,منطقه 3,پزشکی,دانشگاه علوم پزشکی همدان - پردیس خودگردان
1396,تجربی,6858,2865,منطقه 2,پزشکی - محل تحصیل آران و بیدگل,دانشگاه علوم پزشکی کاشان(آران وبیدگل)
1396,تجربی,6866,1072,منطقه 3,داروسازی,دانشگاه علوم پزشکی کرمان
1396,تجربی,6866,1932,منطقه 1,پزشکی,دانشگاه علوم پزشکی گیلان - رشت (محل تحصیل بندرانزلی) - پردیس خودگردان
1396,تجربی,6866,2868,منطقه 2,دندانپزشکی - بومی هرمزگان,دانشگاه علوم پزشکی بندرعباس
1396,تجربی,6878,901,ایثارگر-5%,دندانپزشکی,دانشگاه علوم پزشکی بندرعباس - پردیس خودگردان
1396,تجربی,6878,901,ایثارگر-5%,فیزیوتراپی,دانشگاه علوم پزشکی بابل
1396,تجربی,6878,901,ایثارگر-5%,پزشکی,دانشگاه علوم پزشکی جهرم
1396,تجربی,6878,1074,منطقه 3,فیزیوتراپی,دانشگاه علوم پزشکی تهران
1396,تجربی,6878,1074,منطقه 3,پزشکی - بومی استان ایلام,دانشگاه علوم پزشکی ایلام
1396,تجربی,6878,1936,منطقه 1,پزشکی,دانشگاه علوم پزشکی همدان - پردیس خودگردان
1396,تجربی,6878,1936,منطقه 1,پزشکی - بومی استان اصفهان,دانشگاه علوم پزشکی اصفهان
1396,تجربی,6878,2871,منطقه 2,پزشکی - بومی هرمزگان,دانشگاه علوم پزشکی بندرعباس
1396,تجربی,6892,2875,منطقه 2,دندانپزشکی,دانشگاه علوم پزشکی بندرعباس - پردیس خودگردان
1396,تجربی,6892,2875,منطقه 2,پزشکی,دانشگاه علوم پزشکی کرمان - پردیس خودگردان
1396,تجربی,6903,1078,منطقه 3,داروسازی - پذیرش ازمیان داوطلبان وجذب بصورت بورسیه واستخدام ارتش,دانشگاه علوم پزشکی بقیه الله
1396,تجربی,6903,1078,منطقه 3,پزشکی,دانشگاه علوم پزشکی لرستان - خرم آباد
1396,تجربی,6903,1078,منطقه 3,پزشکی - بومی کردستان,دانشگاه علوم پزشکی کردستان - سنندج
1396,تجربی,6903,2880,منطقه 2,دندانپزشکی - بومی استان زنجان,دانشگاه علوم پزشکی زنجان
1396,تجربی,6903,2880,منطقه 2,زیست شناسی سلولی مولکولی,دانشگاه تهران
1396,تجربی,6903,2880,منطقه 2,فیزیوتراپی,دانشگاه علوم پزشکی همدان
1396,تجربی,6916,906,ایثارگر-5%,پزشکی,دانشگاه علوم پزشکی ارومیه - پردیس خودگردان
1396,تجربی,6916,906,ایثارگر-5%,پزشکی,دانشگاه علوم پزشکی یزد - پردیس خودگردان
1396,تجربی,6916,1082,منطقه 3,دندانپزشکی - بومی خوزستان,دانشگاه علوم پزشکی جندی شاپور اهواز
1396,تجربی,6916,1082,منطقه 3,فیزیوتراپی,دانشگاه علوم پزشکی تبریز
1396,تجربی,6916,1082,منطقه 3,پزشکی - بومی استان زنجان,دانشگاه علوم پزشکی زنجان
1396,تجربی,6916,2884,منطقه 2,پزشکی,دانشگاه علوم پزشکی ارومیه - پردیس خودگردان
1396,تجربی,6916,2884,منطقه 2,پزشکی,دانشگاه علوم پزشکی فسا
1396,تجربی,6928,1085,منطقه 3,پزشکی - بومی استان کرمانشاه,دانشگاه علوم پزشکی کرمانشاه
1396,تجربی,6928,1085,منطقه 3,پزشکی - بومی خراسان جنوبی,دانشگاه علوم پزشکی بیرجند
1396,تجربی,6940,1088,منطقه 3,پزشکی,دانشگاه علوم پزشکی مشهد - پردیس خودگردان
1396,تجربی,6940,2895,منطقه 2,پزشکی,دانشگاه علوم پزشکی کردستان - سنندج
1396,تجربی,6951,910,ایثارگر-5%,پزشکی,دانشگاه علوم پزشکی مازندران - ساری - پردیس خودگردان
1396,تجربی,6951,1952,منطقه 1,پزشکی,دانشگاه علوم پزشکی گلستان - گرگان - پردیس خودگردان
1396,تجربی,6951,2900,منطقه 2,پزشکی,دانشگاه علوم پزشکی جندی شاپور - اهواز - پردیس خودگردان
1396,تجربی,6959,1091,منطقه 3,دندانپزشکی,دانشگاه علوم پزشکی اصفهان - پردیس خودگردان
1396,تجربی,6959,1091,منطقه 3,فیزیوتراپی,دانشگاه علوم پزشکی شیراز
1396,تجربی,6959,1091,منطقه 3,پرستاری - نیمسال دوم,دانشگاه علوم پزشکی ایلام
1396,تجربی,6959,2903,منطقه 2,بینایی سنجی,دانشگاه علوم پزشکی ایران
1396,تجربی,6959,2903,منطقه 2,فیزیوتراپی - نیمسال اول,دانشگاه علوم پزشکی گیلان - رشت
1396,تجربی,6969,913,ایثارگر-5%,علوم تغذیه,دانشگاه علوم پزشکی شیراز
1396,تجربی,6969,913,ایثارگر-5%,پزشکی - بومی استان کهکیلویه و بویر احمد,دانشگاه علوم پزشکی یاسوج
1396,تجربی,6969,1093,منطقه 3,پزشکی - بومی استان ایلام,دانشگاه علوم پزشکی ایلام
1396,تجربی,6969,2907,منطقه 2,پرستاری - نیمسال اول,دانشگاه علوم پزشکی بقیه الله
1396,تجربی,6969,2907,منطقه 2,پزشکی,دانشگاه علوم پزشکی اردبیل - پردیس خودگردان
1396,تجربی,6969,2907,منطقه 2,پزشکی,دانشگاه علوم پزشکی جندی شاپور - اهواز - پردیس خودگردان
1396,تجربی,6969,2907,منطقه 2,پزشکی - بومی استان کرمانشاه,دانشگاه علوم پزشکی کرمانشاه
1396,تجربی,6978,1095,منطقه 3,پزشکی - بومی کردستان,دانشگاه علوم پزشکی کردستان - سنندج
1396,تجربی,6978,1959,منطقه 1,پرستاری - نیمسال اول,دانشگاه علوم پزشکی شیراز
1396,تجربی,6987,916,ایثارگر-5%,داروسازی,دانشگاه علوم پزشکی همدان
1396,تجربی,6987,1962,منطقه 1,پزشکی,دانشگاه علوم پزشکی یاسوج
1396,تجربی,6987,2911,منطقه 2,فیزیوتراپی,دانشگاه علوم پزشکی سمنان
1396,تجربی,6987,2911,منطقه 2,پزشکی,دانشگاه علوم پزشکی لرستان - خرم آباد
1396,تجربی,6987,2911,منطقه 2,پزشکی,دانشگاه علوم پزشکی گیلان - رشت (محل تحصیل بندرانزلی) - پردیس خودگردان
1396,تجربی,6998,918,ایثارگر-5%,شیمی محض - بومی استان تهران,دانشگاه تربیت دبیر شهید رجایی_تهران
1396,تجربی,6998,1102,منطقه 3,پرستاری - نیمسال اول,دانشگاه علوم پزشکی مشهد
1396,تجربی,6998,2915,منطقه 2,پزشکی,دانشگاه علوم پزشکی سبزوار
1396,تجربی,7008,1103,منطقه 3,فیزیوتراپی,دانشگاه علوم پزشکی اصفهان
1396,تجربی,7008,1103,منطقه 3,پزشکی - بومی استان بوشهر,دانشگاه علوم پزشکی بوشهر
1396,تجربی,7008,2920,منطقه 2,شنوایی شناسی,دانشگاه علوم پزشکی بابل
1396,تجربی,7008,2920,منطقه 2,پزشکی,دانشگاه علوم پزشکی همدان - پردیس خودگردان
1396,تجربی,7018,919,ایثارگر-5%,پزشکی,دانشگاه علوم پزشکی همدان - پردیس خودگردان
1396,تجربی,7018,1105,منطقه 3,پزشکی - نیمسال دوم,دانشگاه علوم پزشکی شاهرود
1396,تجربی,7018,2925,منطقه 2,فیزیوتراپی,دانشگاه علوم پزشکی سمنان
1396,تجربی,7018,2925,منطقه 2,پزشکی,دانشگاه علوم پزشکی اردبیل - پردیس خودگردان
1396,تجربی,7027,1108,منطقه 3,فیزیوتراپی,دانشگاه علوم پزشکی مشهد
1396,تجربی,7027,2929,منطقه 2,دندانپزشکی,دانشگاه علوم پزشکی زاهدان - پردیس خودگردان
1396,تجربی,7038,1110,منطقه 3,داروسازی,دانشگاه علوم پزشکی اردبیل
1396,تجربی,7038,1971,منطقه 1,داروسازی,دانشگاه علوم پزشکی اصفهان - پردیس خودگردان
1396,تجربی,7038,1971,منطقه 1,پرستاری - نیمسال اول,دانشگاه علوم پزشکی تهران
1396,تجربی,7038,2933,منطقه 2,پزشکی,دانشگاه علوم پزشکی جندی شاپور - اهواز - پردیس خودگردان
1396,تجربی,7046,2936,منطقه 2,دامپزشکی,دانشگاه رازی کرمانشاه
1396,تجربی,7046,2936,منطقه 2,پزشکی,دانشگاه علوم پزشکی کرمان - پردیس خودگردان
1396,تجربی,7058,1112,منطقه 3,پزشکی,دانشگاه علوم پزشکی کردستان - سنندج
1396,تجربی,7058,1979,منطقه 1,دامپزشکی,دانشگاه شیراز
1396,تجربی,7058,2941,منطقه 2,داروسازی,دانشگاه علوم پزشکی گیلان - رشت
1396,تجربی,7058,2941,منطقه 2,فیزیوتراپی,دانشگاه علوم پزشکی سمنان
1396,تجربی,7058,2941,منطقه 2,پزشکی,دانشگاه علوم پزشکی اردبیل - پردیس خودگردان
1396,تجربی,7071,1114,منطقه 3,فیزیوتراپی,دانشگاه علوم پزشکی تهران
1396,تجربی,7071,1114,منطقه 3,پزشکی - بومی استان ایلام,دانشگاه علوم پزشکی ایلام
1396,تجربی,7071,2946,منطقه 2,داروسازی,دانشگاه علوم پزشکی مازندران - ساری - پردیس خودگردان
1396,تجربی,7071,2946,منطقه 2,فیزیوتراپی,دانشگاه علوم پزشکی تبریز
1396,تجربی,7084,929,ایثارگر-5%,داروسازی,دانشگاه علوم پزشکی شیراز - پردیس خودگردان
1396,تجربی,7084,929,ایثارگر-5%,داروسازی - نیمسال دوم,دانشگاه علوم پزشکی تبریز - پردیس خودگردان
1396,تجربی,7084,929,ایثارگر-5%,پزشکی,دانشگاه علوم پزشکی جندی شاپور - اهواز - پردیس خودگردان
1396,تجربی,7084,1987,منطقه 1,پزشکی,دانشگاه علوم پزشکی یزد - پردیس خودگردان
1396,تجربی,7084,2950,منطقه 2,بینایی سنجی,دانشگاه علوم پزشکی ایران
1396,تجربی,7084,2950,منطقه 2,داروسازی - بومی استان همدان,دانشگاه علوم پزشکی همدان
1396,تجربی,7084,2950,منطقه 2,پزشکی,دانشگاه علوم پزشکی ارومیه - پردیس خودگردان
1396,تجربی,7084,2950,منطقه 2,پزشکی - بومی مرکزی,دانشگاه علوم پزشکی اراک
1396,تجربی,7098,933,ایثارگر-5%,داروسازی,دانشگاه علوم پزشکی زنجان
1396,تجربی,7098,933,ایثارگر-5%,دامپزشکی,دانشگاه تهران
1396,تجربی,7098,1116,منطقه 3,پزشکی,دانشگاه علوم پزشکی مشهد - پردیس خودگردان
1396,تجربی,7098,1992,منطقه 1,پزشکی - محل تحصیل آران و بیدگل,دانشگاه علوم پزشکی کاشان(آران وبیدگل)
1396,تجربی,7098,2954,منطقه 2,پزشکی,دانشگاه علوم پزشکی یزد - پردیس خودگردان
1396,تجربی,7112,935,ایثارگر-5%,داروسازی - بومی لرستان,دانشگاه علوم پزشکی لرستان - خرم آباد
1396,تجربی,7112,2960,منطقه 2,داروسازی - بومی لرستان,دانشگاه علوم پزشکی لرستان - خرم آباد
1396,تجربی,7112,2960,منطقه 2,دامپزشکی,دانشگاه شیراز
1396,تجربی,7112,2960,منطقه 2,فیزیوتراپی,دانشگاه علوم پزشکی بابل
1396,تجربی,7112,2960,منطقه 2,پزشکی,دانشگاه علوم پزشکی یاسوج
1396,تجربی,7112,2960,منطقه 2,پزشکی - بومی استان قم,دانشگاه علوم پزشکی قم
1396,تجربی,7112,2960,منطقه 2,پزشکی - بومی کردستان,دانشگاه علوم پزشکی کردستان - سنندج
1396,تجربی,7124,936,ایثارگر-5%,پزشکی,دانشگاه علوم پزشکی ارومیه - پردیس خودگردان
1396,تجربی,7124,1120,منطقه 3,پزشکی,دانشگاه علوم پزشکی مشهد - پردیس خودگردان
1396,تجربی,7124,2966,منطقه 2,بینایی سنجی,دانشگاه علوم پزشکی ایران
1396,تجربی,7124,2966,منطقه 2,فیزیوتراپی,دانشگاه علوم پزشکی کرمان
1396,تجربی,7124,2966,منطقه 2,پزشکی,دانشگاه علوم پزشکی کرمانشاه - پردیس خودگردان
1396,تجربی,7136,939,ایثارگر-5%,دامپزشکی,دانشگاه تهران
1396,تجربی,7136,939,ایثارگر-5%,پزشکی,دانشگاه علوم پزشکی اردبیل - پردیس خودگردان
1396,تجربی,7136,1123,منطقه 3,پزشکی - بومی کردستان,دانشگاه علوم پزشکی کردستان - سنندج
1396,تجربی,7136,1123,منطقه 3,پزشکی - نیمسال دوم,دانشگاه علوم پزشکی تبریز - پردیس خودگردان
1396,تجربی,7136,2972,منطقه 2,اتاق عمل,دانشگاه علوم پزشکی شهید بهشتی - تهران
1396,تجربی,7136,2972,منطقه 2,داروسازی,دانشگاه علوم پزشکی مشهد - پردیس خودگردان
1396,تجربی,7136,2972,منطقه 2,پرستاری - نیمسال اول,دانشگاه علوم پزشکی تهران
1396,تجربی,7136,2972,منطقه 2,پزشکی - بومی استان اردبیل,دانشگاه علوم پزشکی اردبیل
1396,تجربی,7136,2972,منطقه 2,پزشکی - بومی استان قزوین,دانشگاه علوم پزشکی قزوین
1396,تجربی,7148,1125,منطقه 3,پزشکی - بومی خراسان جنوبی,دانشگاه علوم پزشکی بیرجند
1396,تجربی,7148,2003,منطقه 1,پزشکی,دانشگاه علوم پزشکی ارومیه - پردیس خودگردان
1396,تجربی,7148,2978,منطقه 2,پزشکی,دانشگاه علوم پزشکی دزفول
1396,تجربی,7148,2978,منطقه 2,پزشکی - محل تحصیل آران و بیدگل,دانشگاه علوم پزشکی کاشان(آران وبیدگل)
1396,تجربی,7157,1127,منطقه 3,فیزیوتراپی,دانشگاه علوم پزشکی اصفهان
1396,تجربی,7157,1127,منطقه 3,پزشکی,دانشگاه علوم پزشکی گلستان - گرگان - پردیس خودگردان
1396,تجربی,7157,2982,منطقه 2,پرستاری - نیمسال اول,دانشگاه علوم پزشکی ایران
1396,تجربی,7157,2982,منطقه 2,پزشکی,دانشگاه علوم پزشکی فسا
1396,تجربی,7157,2982,منطقه 2,پزشکی,دانشگاه علوم پزشکی مازندران - ساری - پردیس خودگردان
1396,تجربی,7166,943,ایثارگر-5%,داروسازی,دانشگاه علوم پزشکی شهید بهشتی - تهران
1396,تجربی,7166,943,ایثارگر-5%,پزشکی,دانشگاه علوم پزشکی ارومیه - پردیس خودگردان
1396,تجربی,7166,2988,منطقه 2,دندانپزشکی - بومی کردستان,دانشگاه علوم پزشکی کردستان - سنندج
1396,تجربی,7166,2988,منطقه 2,پرستاری,دانشگاه علوم پزشکی تهران
1396,تجربی,7166,2988,منطقه 2,پزشکی,دانشگاه علوم پزشکی شهرکرد
1396,تجربی,7178,947,ایثارگر-5%,پزشکی,دانشگاه علوم پزشکی گلستان - گرگان - پردیس خودگردان
1396,تجربی,7194,952,ایثارگر-5%,دندانپزشکی - بومی خوزستان,دانشگاه علوم پزشکی جندی شاپور اهواز
1396,تجربی,7194,1132,منطقه 3,تکنولوژی پرتوشناسی,دانشگاه علوم پزشکی تبریز
1396,تجربی,7194,1132,منطقه 3,پزشکی,دانشگاه علوم پزشکی زابل
1396,تجربی,7194,1132,منطقه 3,پزشکی - نیمسال دوم,دانشگاه علوم پزشکی تبریز - پردیس خودگردان
1396,تجربی,7194,2010,منطقه 1,پزشکی,دانشگاه علوم پزشکی ارومیه - پردیس خودگردان
1396,تجربی,7209,955,ایثارگر-5%,پزشکی,دانشگاه علوم پزشکی بابل - پردیس خودگردان
1396,تجربی,7209,1136,منطقه 3,دندانپزشکی,دانشگاه علوم پزشکی اردبیل - پردیس خودگردان
1396,تجربی,7209,1136,منطقه 3,فیزیوتراپی,دانشگاه علوم پزشکی ایران
1396,تجربی,7209,3003,منطقه 2,دامپزشکی,دانشگاه تهران
1396,تجربی,7209,3003,منطقه 2,پزشکی,دانشگاه علوم پزشکی گلستان - گرگان - پردیس خودگردان
1396,تجربی,7219,1140,منطقه 3,آموزش ابتدایی - بومی خراسان جنوبی,پردیس امام سجاد - بیرجند
1396,تجربی,7219,1140,منطقه 3,پزشکی,دانشگاه علوم پزشکی ارومیه - پردیس خودگردان
1396,تجربی,7219,1140,منطقه 3,پزشکی,دانشگاه علوم پزشکی اصفهان - پردیس خودگردان
1396,تجربی,7219,2015,منطقه 1,داروسازی,دانشگاه علوم پزشکی جندی شاپور - اهواز - پردیس خودگردان
1396,تجربی,7219,3006,منطقه 2,تکنولوژی پرتوشناسی,دانشگاه علوم پزشکی تهران
1396,تجربی,7219,3006,منطقه 2,دامپزشکی,دانشگاه شهید چمران اهواز
1396,تجربی,7219,3006,منطقه 2,پزشکی,دانشگاه علوم پزشکی گلستان - گرگان - پردیس خودگردان
1396,تجربی,7219,3006,منطقه 2,پزشکی - بومی استان البرز,دانشگاه علوم پزشکی البرز - کرج
1396,تجربی,7233,1142,منطقه 3,دندانپزشکی,دانشگاه علوم پزشکی کرمانشاه - پردیس خودگردان
1396,تجربی,7233,2018,منطقه 1,داروسازی,دانشگاه علوم پزشکی البرز - کرج
1396,تجربی,7233,3013,منطقه 2,داروسازی,دانشگاه علوم پزشکی مشهد - پردیس خودگردان
1396,تجربی,7233,3013,منطقه 2,فیزیوتراپی,دانشگاه علوم پزشکی بابل
1396,تجربی,7250,1145,منطقه 3,داروسازی,دانشگاه علوم پزشکی اصفهان - پردیس خودگردان
1396,تجربی,7250,1145,منطقه 3,داروسازی,دانشگاه علوم پزشکی مازندران - ساری
1396,تجربی,7250,1145,منطقه 3,پزشکی,دانشگاه علوم پزشکی زنجان - پردیس خودگردان
1396,تجربی,7250,1145,منطقه 3,پزشکی,دانشگاه علوم پزشکی مازندران - ساری - پردیس خودگردان
1396,تجربی,7250,3022,منطقه 2,فیزیوتراپی,دانشگاه علوم پزشکی همدان
1396,تجربی,7250,3022,منطقه 2,پزشکی - بومی مرکزی,دانشگاه علوم پزشکی اراک
1396,تجربی,7264,1148,منطقه 3,دندانپزشکی,دانشگاه علوم پزشکی گلستان - گرگان - پردیس خودگردان
1396,تجربی,7264,1148,منطقه 3,پزشکی - بومی استان کهکیلویه و بویر احمد,دانشگاه علوم پزشکی یاسوج
1396,تجربی,7264,3030,منطقه 2,داروسازی,دانشگاه علوم پزشکی اردبیل - پردیس خودگردان
1396,تجربی,7264,3030,منطقه 2,علوم آزمایشگاهی,دانشگاه علوم پزشکی گیلان - رشت (محل تحصیل پیرا پزشکی لنگرود)
1396,تجربی,7264,3030,منطقه 2,پزشکی,دانشگاه علوم پزشکی گلستان - گرگان - پردیس خودگردان
1396,تجربی,7271,961,ایثارگر-5%,داروسازی,دانشگاه علوم پزشکی مازندران - ساری - پردیس خودگردان
1396,تجربی,7271,1150,منطقه 3,پرستاری - نیمسال دوم,دانشگاه علوم پزشکی اصفهان
1396,تجربی,7271,2024,منطقه 1,پزشکی,دانشگاه علوم پزشکی یزد - پردیس خودگردان
1396,تجربی,7276,3036,منطقه 2,فیزیوتراپی,دانشگاه علوم پزشکی همدان
1396,تجربی,7276,3036,منطقه 2,پزشکی,دانشگاه علوم پزشکی زنجان - پردیس خودگردان
1396,تجربی,7286,1151,منطقه 3,پزشکی,دانشگاه علوم پزشکی مشهد - پردیس خودگردان
1396,تجربی,7286,2029,منطقه 1,داروسازی,دانشگاه علوم پزشکی کرمانشاه - پردیس خودگردان
1396,تجربی,7286,2029,منطقه 1,پزشکی,دانشگاه علوم پزشکی سبزوار
1396,تجربی,7286,3040,منطقه 2,پزشکی,دانشگاه علوم پزشکی جندی شاپور - اهواز - پردیس خودگردان
1396,تجربی,7297,1152,منطقه 3,پزشکی,دانشگاه علوم پزشکی بقیه الله
1396,تجربی,7297,1152,منطقه 3,پزشکی - بومی لرستان,دانشگاه علوم پزشکی لرستان - خرم آباد
1396,تجربی,7297,3043,منطقه 2,پزشکی,دانشگاه علوم پزشکی سمنان
1396,تجربی,7306,966,ایثارگر-5%,دامپزشکی,دانشگاه شیراز
1396,تجربی,7306,2036,منطقه 1,پزشکی,دانشگاه علوم پزشکی اردبیل - پردیس خودگردان
1396,تجربی,7306,2036,منطقه 1,پزشکی,دانشگاه علوم پزشکی یزد - پردیس خودگردان
1396,تجربی,7306,3046,منطقه 2,پزشکی,دانشگاه علوم پزشکی جندی شاپور - اهواز - پردیس خودگردان
1396,تجربی,7306,3046,منطقه 2,پزشکی,دانشگاه علوم پزشکی گلستان - گرگان - پردیس خودگردان
1396,تجربی,7312,1154,منطقه 3,پزشکی,دانشگاه علوم پزشکی گلستان - گرگان - پردیس خودگردان
1396,تجربی,7312,2039,منطقه 1,پزشکی,دانشگاه علوم پزشکی یزد - پردیس خودگردان
1396,تجربی,7317,3051,منطقه 2,تکنولوژی پرتوشناسی,دانشگاه علوم پزشکی اصفهان
1396,تجربی,7317,3051,منطقه 2,داروسازی - بومی استان کرمان,دانشگاه علوم پزشکی کرمان
1396,تجربی,7317,3051,منطقه 2,داروسازی - بومی مازندران,دانشگاه علوم پزشکی مازندران - ساری
1396,تجربی,7326,968,ایثارگر-5%,پزشکی,دانشگاه علوم پزشکی همدان - پردیس خودگردان
1396,تجربی,7326,1157,منطقه 3,پزشکی,دانشگاه علوم پزشکی ارومیه - پردیس خودگردان
1396,تجربی,7326,1157,منطقه 3,پزشکی - نیمسال اول,دانشگاه علوم پزشکی شهرکرد
1396,تجربی,7326,3055,منطقه 2,پزشکی,دانشگاه علوم پزشکی جندی شاپور - اهواز - پردیس خودگردان
1396,تجربی,7334,970,ایثارگر-5%,پزشکی - بومی خراسان جنوبی,دانشگاه علوم پزشکی بیرجند
1396,تجربی,7334,1160,منطقه 3,پزشکی,دانشگاه علوم پزشکی بقیه الله
1396,تجربی,7334,3058,منطقه 2,فیزیوتراپی,دانشگاه علوم پزشکی سمنان
1396,تجربی,7354,2048,منطقه 1,پزشکی,دانشگاه علوم پزشکی کرمان - پردیس خودگردان
1396,تجربی,7354,2048,منطقه 1,پزشکی,دانشگاه علوم پزشکی یاسوج
1396,تجربی,7354,3066,منطقه 2,داروسازی,دانشگاه علوم پزشکی زنجان - پردیس خودگردان
1396,تجربی,7354,3066,منطقه 2,پزشکی,دانشگاه علوم پزشکی جندی شاپور - اهواز - پردیس خودگردان
1396,تجربی,7354,3066,منطقه 2,پزشکی,دانشگاه علوم پزشکی گلستان - گرگان - پردیس خودگردان
1396,تجربی,7365,975,ایثارگر-5%,داروسازی,دانشگاه علوم پزشکی اردبیل
1396,تجربی,7365,1164,منطقه 3,بینایی سنجی,دانشگاه علوم پزشکی ایران
1396,تجربی,7365,2052,منطقه 1,بینایی سنجی,دانشگاه علوم پزشکی مشهد
1396,تجربی,7365,2052,منطقه 1,فیزیوتراپی,دانشگاه علوم پزشکی بابل
1396,تجربی,7365,3069,منطقه 2,پزشکی,دانشگاه علوم پزشکی ارومیه - پردیس خودگردان
1396,تجربی,7376,1167,منطقه 3,فیزیوتراپی,دانشگاه علوم پزشکی تبریز
1396,تجربی,7376,3073,منطقه 2,آموزش ابتدایی - بومی مازندران,پردیس فاطمه الزهرا(س) ساری
1396,تجربی,7386,2058,منطقه 1,فیزیوتراپی,دانشگاه علوم پزشکی بابل
1396,تجربی,7386,3078,منطقه 2,پزشکی,دانشگاه علوم پزشکی جندی شاپور - اهواز - پردیس خودگردان
1396,تجربی,7386,3078,منطقه 2,کاردرمانی,دانشگاه علوم پزشکی اصفهان
1396,تجربی,7395,3083,منطقه 2,پزشکی,دانشگاه علوم پزشکی کردستان - سنندج
1396,تجربی,7406,981,ایثارگر-5%,پزشکی,دانشگاه علوم پزشکی اردبیل - پردیس خودگردان
1396,تجربی,7406,2062,منطقه 1,پزشکی,دانشگاه علوم پزشکی بیرجند
1396,تجربی,7406,3088,منطقه 2,دندانپزشکی - بومی خوزستان,دانشگاه علوم پزشکی جندی شاپور اهواز
1396,تجربی,7419,985,ایثارگر-5%,پزشکی,دانشگاه علوم پزشکی یزد - پردیس خودگردان
1396,تجربی,7419,1171,منطقه 3,پزشکی - بومی استان کرمان,دانشگاه علوم پزشکی جیرفت
1396,تجربی,7419,2066,منطقه 1,فیزیوتراپی,دانشگاه علوم پزشکی بابل
1396,تجربی,7419,2066,منطقه 1,پزشکی,دانشگاه علوم پزشکی سبزوار
1396,تجربی,7419,3092,منطقه 2,دندانپزشکی - بومی کردستان,دانشگاه علوم پزشکی کردستان - سنندج
1396,تجربی,7419,3092,منطقه 2,پزشکی,دانشگاه علوم پزشکی مازندران - ساری - پردیس خودگردان
1396,تجربی,7419,3092,منطقه 2,پزشکی,دانشگاه علوم پزشکی گناباد
1396,تجربی,7432,1172,منطقه 3,پزشکی - بومی خراسان جنوبی,دانشگاه علوم پزشکی بیرجند
1396,تجربی,7432,2070,منطقه 1,دندانپزشکی - بومی استان اصفهان,دانشگاه علوم پزشکی کاشان
1396,تجربی,7432,3098,منطقه 2,داروسازی,دانشگاه علوم پزشکی تهران - پردیس خودگردان
1396,تجربی,7432,3098,منطقه 2,فیزیوتراپی,دانشگاه علوم پزشکی بابل
1396,تجربی,7432,3098,منطقه 2,پزشکی,دانشگاه علوم پزشکی اردبیل - پردیس خودگردان
1396,تجربی,7432,3098,منطقه 2,پزشکی,دانشگاه علوم پزشکی کرمانشاه - پردیس خودگردان
1396,تجربی,7432,3098,منطقه 2,پزشکی - بومی استان اردبیل,دانشگاه علوم پزشکی اردبیل
1396,تجربی,7446,987,ایثارگر-5%,پزشکی,دانشگاه علوم پزشکی مشهد - پردیس خودگردان
1396,تجربی,7446,1173,منطقه 3,پزشکی - بومی شهرستان میناب و رودان,دانشگاه علوم پزشکی بندرعباس
1396,تجربی,7446,2075,منطقه 1,فیزیوتراپی,دانشگاه علوم پزشکی سمنان
1396,تجربی,7446,3106,منطقه 2,پزشکی,دانشگاه علوم پزشکی گلستان - گرگان - پردیس خودگردان
1396,تجربی,7460,988,ایثارگر-5%,پزشکی - بومی استان ایلام,دانشگاه علوم پزشکی ایلام
1396,تجربی,7460,1175,منطقه 3,داروسازی,دانشگاه علوم پزشکی مشهد - پردیس خودگردان
1396,تجربی,7460,1175,منطقه 3,پزشکی,دانشگاه علوم پزشکی ارومیه - پردیس خودگردان
1396,تجربی,7460,1175,منطقه 3,پزشکی,دانشگاه علوم پزشکی سبزوار
1396,تجربی,7460,3113,منطقه 2,بینایی سنجی,دانشگاه علوم پزشکی ایران
1396,تجربی,7473,989,ایثارگر-5%,پزشکی,دانشگاه علوم پزشکی رفسنجان
1396,تجربی,7473,1178,منطقه 3,فیزیوتراپی,دانشگاه علوم پزشکی همدان
1396,تجربی,7473,1178,منطقه 3,پزشکی,دانشگاه علوم پزشکی گلستان - گرگان - پردیس خودگردان
1396,تجربی,7473,1178,منطقه 3,پزشکی - بومی هرمزگان,دانشگاه علوم پزشکی بندرعباس
1396,تجربی,7473,2084,منطقه 1,پزشکی,دانشگاه علوم پزشکی اردبیل - پردیس خودگردان
1396,تجربی,7473,3117,منطقه 2,پزشکی,دانشگاه علوم پزشکی جندی شاپور - اهواز - پردیس خودگردان
1396,تجربی,7483,1180,منطقه 3,پزشکی - بومی خراسان جنوبی,دانشگاه علوم پزشکی بیرجند
1396,تجربی,7483,3119,منطقه 2,پزشکی,دانشگاه علوم پزشکی زنجان - پردیس خودگردان
1396,تجربی,7491,995,ایثارگر-5%,پزشکی,دانشگاه علوم پزشکی همدان - پردیس خودگردان
1396,تجربی,7491,1183,منطقه 3,پزشکی,دانشگاه علوم پزشکی کرمان - پردیس خودگردان
1396,تجربی,7491,2087,منطقه 1,علوم تغذیه,دانشگاه علوم پزشکی تبریز
1396,تجربی,7491,2087,منطقه 1,پزشکی,دانشگاه علوم پزشکی زنجان - پردیس خودگردان
1396,تجربی,7500,1186,منطقه 3,پزشکی - بومی خراسان جنوبی,دانشگاه علوم پزشکی بیرجند
1396,تجربی,7500,2089,منطقه 1,پزشکی,دانشگاه علوم پزشکی اردبیل - پردیس خودگردان
1396,تجربی,7500,3123,منطقه 2,پزشکی,دانشگاه علوم پزشکی گلستان - گرگان - پردیس خودگردان
1396,تجربی,7511,2092,منطقه 1,پزشکی,دانشگاه علوم پزشکی اردبیل - پردیس خودگردان
1396,تجربی,7511,2092,منطقه 1,پزشکی,دانشگاه علوم پزشکی کرمانشاه - پردیس خودگردان
1396,تجربی,7511,3127,منطقه 2,فیزیوتراپی,دانشگاه علوم پزشکی سمنان
1396,تجربی,7521,1190,منطقه 3,دندانپزشکی,دانشگاه علوم پزشکی اردبیل - پردیس خودگردان
1396,تجربی,7521,1190,منطقه 3,پزشکی,دانشگاه علوم پزشکی کردستان - سنندج
1396,تجربی,7521,1190,منطقه 3,پزشکی,دانشگاه علوم پزشکی یاسوج
1396,تجربی,7521,2096,منطقه 1,پزشکی,دانشگاه علوم پزشکی زنجان - پردیس خودگردان
1396,تجربی,7529,2099,منطقه 1,پزشکی,دانشگاه علوم پزشکی کرمان - پردیس خودگردان
1396,تجربی,7540,1194,منطقه 3,پزشکی,دانشگاه علوم پزشکی جهرم
1396,تجربی,7540,2102,منطقه 1,فیزیوتراپی,دانشگاه علوم پزشکی سمنان
1396,تجربی,7540,3135,منطقه 2,داروسازی,دانشگاه علوم پزشکی اصفهان - پردیس خودگردان
1396,تجربی,7540,3135,منطقه 2,فیزیوتراپی - نیمسال اول,دانشگاه علوم پزشکی گیلان - رشت
1396,تجربی,7554,3140,منطقه 2,فیزیوتراپی,دانشگاه علوم پزشکی سمنان
1396,تجربی,7554,3140,منطقه 2,پزشکی - بومی استان اصفهان,دانشگاه علوم پزشکی کاشان
1396,تجربی,7566,1198,منطقه 3,دندانپزشکی - بومی استان کرمان,دانشگاه علوم پزشکی رفسنجان
1396,تجربی,7566,2107,منطقه 1,پزشکی,دانشگاه علوم پزشکی زنجان - پردیس خودگردان
1396,تجربی,7566,3144,منطقه 2,پزشکی,دانشکده علوم پزشکی آبادان
1396,تجربی,7566,3144,منطقه 2,پزشکی,دانشگاه علوم پزشکی کرمانشاه - پردیس خودگردان
1396,تجربی,7575,3149,منطقه 2,پزشکی,دانشگاه علوم پزشکی یزد - پردیس خودگردان
1396,تجربی,7575,3149,منطقه 2,پزشکی - بومی خوزستان,دانشگاه علوم پزشکی جندی شاپور اهواز
1396,تجربی,7585,1199,منطقه 3,بینایی سنجی,دانشگاه علوم پزشکی ایران
1396,تجربی,7585,1199,منطقه 3,داروسازی,دانشگاه علوم پزشکی مازندران - ساری
1396,تجربی,7585,3154,منطقه 2,بینایی سنجی,دانشگاه علوم پزشکی مشهد
1396,تجربی,7585,3154,منطقه 2,علوم آزمایشگاهی,دانشگاه علوم پزشکی بابل
1396,تجربی,7596,1201,منطقه 3,پزشکی,دانشگاه علوم پزشکی مشهد - پردیس خودگردان
1396,تجربی,7596,3158,منطقه 2,داروسازی - بومی استان همدان,دانشگاه علوم پزشکی همدان
1396,تجربی,7609,1203,منطقه 3,پزشکی - بومی استان قزوین,دانشگاه علوم پزشکی قزوین
1396,تجربی,7609,2114,منطقه 1,پزشکی,دانشگاه علوم پزشکی همدان - پردیس خودگردان
1396,تجربی,7609,3162,منطقه 2,فیزیوتراپی,دانشگاه علوم پزشکی سمنان
1396,تجربی,7609,3162,منطقه 2,پزشکی,دانشگاه علوم پزشکی اردبیل - پردیس خودگردان
1396,تجربی,7620,3167,منطقه 2,داروسازی,دانشگاه علوم پزشکی شهیدبهشتی تهران - پردیس خودگردان
1396,تجربی,7628,3172,منطقه 2,پزشکی,دانشگاه علوم پزشکی زنجان - پردیس خودگردان
1396,تجربی,7628,3172,منطقه 2,پزشکی,دانشگاه علوم پزشکی یزد - پردیس خودگردان
1396,تجربی,7640,1209,منطقه 3,داروسازی,دانشگاه علوم پزشکی کرمان - پردیس خودگردان
1396,تجربی,7640,1209,منطقه 3,فیزیوتراپی,دانشگاه علوم پزشکی تبریز
1396,تجربی,7640,1209,منطقه 3,پزشکی,دانشگاه علوم پزشکی یاسوج
1396,تجربی,7640,1209,منطقه 3,پزشکی - نیمسال دوم,دانشگاه علوم پزشکی اصفهان
1396,تجربی,7640,3178,منطقه 2,پزشکی,دانشگاه علوم پزشکی گلستان - گرگان - پردیس خودگردان
1396,تجربی,7640,3178,منطقه 2,پزشکی - نیمسال اول,دانشگاه علوم پزشکی زاهدان - پردیس خودگردان
1396,تجربی,7655,1212,منطقه 3,فیزیوتراپی,دانشگاه علوم پزشکی شهید بهشتی - تهران
1396,تجربی,7655,2123,منطقه 1,پزشکی,دانشگاه علوم پزشکی سبزوار
1396,تجربی,7655,3184,منطقه 2,فیزیوتراپی,دانشگاه علوم پزشکی جندی شاپور اهواز
1396,تجربی,7655,3184,منطقه 2,پرستاری - نیمسال اول,دانشگاه علوم پزشکی تهران
1396,تجربی,7655,3184,منطقه 2,پزشکی,دانشگاه علوم پزشکی سمنان
1396,تجربی,7655,3184,منطقه 2,پزشکی - نیمسال دوم,دانشگاه علوم پزشکی شاهرود
1396,تجربی,7665,1214,منطقه 3,پزشکی - نیمسال اول,دانشگاه علوم پزشکی البرز - کرج
1396,تجربی,7665,3187,منطقه 2,پزشکی,دانشگاه علوم پزشکی جندی شاپور - اهواز - پردیس خودگردان
1396,تجربی,7674,2128,منطقه 1,پرستاری - نیمسال اول,دانشگاه علوم پزشکی تبریز
1396,تجربی,7674,3190,منطقه 2,پزشکی,دانشگاه علوم پزشکی کرمانشاه - پردیس خودگردان
1396,تجربی,7696,1223,منطقه 3,فیزیوتراپی,دانشگاه علوم پزشکی جندی شاپور اهواز
1396,تجربی,7696,1223,منطقه 3,پزشکی,دانشگاه علوم پزشکی اصفهان - پردیس خودگردان
1396,تجربی,7696,1223,منطقه 3,پزشکی,دانشگاه علوم پزشکی کاشان
1396,تجربی,7696,2133,منطقه 1,پزشکی - نیمسال دوم,دانشگاه علوم پزشکی شاهرود
1396,تجربی,7696,3199,منطقه 2,دامپزشکی,دانشگاه تهران
1396,تجربی,7696,3199,منطقه 2,روانشناسی,دانشگاه تهران
1396,تجربی,7696,3199,منطقه 2,فیزیوتراپی,دانشگاه علوم پزشکی کرمان
1396,تجربی,7696,3199,منطقه 2,پزشکی,دانشگاه علوم پزشکی زنجان - پردیس خودگردان
1396,تجربی,7696,3199,منطقه 2,پزشکی,دانشگاه علوم پزشکی لرستان - خرم آباد
1396,تجربی,7714,1227,منطقه 3,پزشکی,دانشگاه علوم پزشکی بقیه الله
1396,تجربی,7714,2137,منطقه 1,پزشکی,دانشگاه علوم پزشکی اردبیل - پردیس خودگردان
1396,تجربی,7714,2137,منطقه 1,پزشکی,دانشگاه علوم پزشکی سبزوار
1396,تجربی,7714,2137,منطقه 1,پزشکی,دانشگاه علوم پزشکی یاسوج
1396,تجربی,7714,3207,منطقه 2,بینایی سنجی,دانشگاه علوم پزشکی مشهد
1396,تجربی,7714,3207,منطقه 2,شیمی - کاربردی,دانشگاه صنعتی شریف - تهران
1396,تجربی,7714,3207,منطقه 2,پزشکی,دانشگاه علوم پزشکی زنجان - پردیس خودگردان
1396,تجربی,7725,1228,منطقه 3,داروسازی,دانشگاه علوم پزشکی شهید بهشتی - تهران
1396,تجربی,7725,1228,منطقه 3,پزشکی,دانشگاه علوم پزشکی ارومیه - پردیس خودگردان
1396,تجربی,7725,2140,منطقه 1,پزشکی,دانشگاه علوم پزشکی گلستان - گرگان - پردیس خودگردان
1396,تجربی,7725,3212,منطقه 2,پزشکی - بومی استان زنجان,دانشگاه علوم پزشکی زنجان
1396,تجربی,7733,3214,منطقه 2,داروسازی,دانشگاه علوم پزشکی همدان - پردیس خودگردان
1396,تجربی,7742,1231,منطقه 3,پزشکی - بومی استان کرمانشاه,دانشگاه علوم پزشکی کرمانشاه
1396,تجربی,7742,1231,منطقه 3,پزشکی - بومی استان کهکیلویه و بویر احمد,دانشگاه علوم پزشکی یاسوج
1396,تجربی,7742,1231,منطقه 3,پزشکی - بومی خراسان جنوبی,دانشگاه علوم پزشکی بیرجند
1396,تجربی,7742,3218,منطقه 2,پزشکی,دانشگاه علوم پزشکی کرمانشاه - پردیس خودگردان
1396,تجربی,7742,3218,منطقه 2,پزشکی,دانشگاه علوم پزشکی گلستان - گرگان - پردیس خودگردان
1396,تجربی,7759,1236,منطقه 3,دندانپزشکی,دانشگاه علوم پزشکی زنجان - پردیس خودگردان
1396,تجربی,7759,1236,منطقه 3,پزشکی,دانشگاه علوم پزشکی یزد - پردیس خودگردان
1396,تجربی,7759,3226,منطقه 2,داروسازی,دانشگاه علوم پزشکی همدان - پردیس خودگردان
1396,تجربی,7759,3226,منطقه 2,داروسازی,دانشگاه علوم پزشکی یزد - پردیس خودگردان
1396,تجربی,7759,3226,منطقه 2,داروسازی - بومی لرستان,دانشگاه علوم پزشکی لرستان - خرم آباد
1396,تجربی,7759,3226,منطقه 2,فیزیوتراپی,دانشگاه علوم پزشکی جندی شاپور اهواز
1396,تجربی,7777,1240,منطقه 3,داروسازی,دانشگاه علوم پزشکی مازندران - ساری - پردیس خودگردان
1396,تجربی,7777,1240,منطقه 3,فیزیوتراپی,دانشگاه علوم پزشکی شهید بهشتی - تهران
1396,تجربی,7777,1240,منطقه 3,پزشکی - بومی خوزستان,دانشگاه علوم پزشکی دزفول
1396,تجربی,7777,3235,منطقه 2,فیزیوتراپی,دانشگاه علوم پزشکی سمنان
1396,تجربی,7777,3235,منطقه 2,پزشکی,دانشگاه علوم پزشکی بم
1396,تجربی,7788,3240,منطقه 2,دامپزشکی,دانشگاه شهید باهنر - کرمان
1396,تجربی,7788,3240,منطقه 2,پرستاری - نیمسال اول,دانشگاه علوم پزشکی شهید بهشتی - تهران
1396,تجربی,7788,3240,منطقه 2,پزشکی,دانشگاه علوم پزشکی بیرجند
1396,تجربی,7788,3240,منطقه 2,پزشکی,دانشگاه علوم پزشکی سمنان
1396,تجربی,7800,3246,منطقه 2,داروسازی,دانشگاه علوم پزشکی ارومیه - پردیس خودگردان
1396,تجربی,7810,1245,منطقه 3,پزشکی,دانشگاه علوم پزشکی مشهد - پردیس خودگردان
1396,تجربی,7810,2159,منطقه 1,حسابداری,دانشگاه تهران
1396,تجربی,7810,2159,منطقه 1,داروسازی - نیمسال دوم,دانشگاه علوم پزشکی تبریز - پردیس خودگردان
1396,تجربی,7810,3250,منطقه 2,فیزیوتراپی,دانشگاه علوم پزشکی کرمان
1396,تجربی,7816,1246,منطقه 3,پزشکی,دانشگاه علوم پزشکی جهرم
1396,تجربی,7816,2161,منطقه 1,پزشکی,دانشگاه علوم پزشکی بندرعباس - پردیس خودگردان
1396,تجربی,7816,3251,منطقه 2,بینایی سنجی,دانشگاه علوم پزشکی مشهد
1396,تجربی,7824,1249,منطقه 3,آموزش ابتدایی - بومی آذربایجان غربی,پردیس شهید رجایی - ارومیه
1396,تجربی,7824,1249,منطقه 3,فیزیوتراپی,دانشگاه علوم پزشکی ایران
1396,تجربی,7824,1249,منطقه 3,پزشکی - بومی استان کهکیلویه و بویر احمد,دانشگاه علوم پزشکی یاسوج
1396,تجربی,7824,2163,منطقه 1,پزشکی,دانشگاه علوم پزشکی ایلام
1396,تجربی,7824,3252,منطقه 2,دامپزشکی,دانشگاه تهران
1396,تجربی,7824,3252,منطقه 2,دندانپزشکی - بومی استان سمنان,دانشگاه علوم پزشکی سمنان
1396,تجربی,7832,1252,منطقه 3,پزشکی,دانشگاه علوم پزشکی مشهد - پردیس خودگردان
1396,تجربی,7848,1255,منطقه 3,پزشکی,دانشگاه علوم پزشکی ارومیه - پردیس خودگردان
1396,تجربی,7848,3260,منطقه 2,داروسازی - بومی استان البرز,دانشگاه علوم پزشکی البرز - کرج
1396,تجربی,7848,3260,منطقه 2,پزشکی,دانشگاه علوم پزشکی کرمان - پردیس خودگردان
1396,تجربی,7860,1257,منطقه 3,پزشکی,دانشگاه علوم پزشکی اصفهان - پردیس خودگردان
1396,تجربی,7860,2173,منطقه 1,هوشبری,دانشگاه علوم پزشکی تهران
1396,تجربی,7860,3264,منطقه 2,دامپزشکی,دانشگاه تهران
1396,تجربی,7860,3264,منطقه 2,پزشکی - بومی استان زنجان,دانشگاه علوم پزشکی زنجان
1396,تجربی,7868,1260,منطقه 3,پزشکی,دانشگاه علوم پزشکی کرمان - پردیس خودگردان
1396,تجربی,7868,1260,منطقه 3,پزشکی - بومی استان اردبیل,دانشگاه علوم پزشکی اردبیل
1396,تجربی,7868,2174,منطقه 1,پزشکی,دانشگاه علوم پزشکی رفسنجان
1396,تجربی,7868,3267,منطقه 2,پزشکی - بومی استان قزوین,دانشگاه علوم پزشکی قزوین
1396,تجربی,7878,1263,منطقه 3,فیزیوتراپی,دانشگاه علوم پزشکی شیراز
1396,تجربی,7878,1263,منطقه 3,پزشکی,دانشگاه علوم پزشکی مشهد - پردیس خودگردان
1396,تجربی,7878,1263,منطقه 3,پزشکی - بومی استان کرمانشاه,دانشگاه علوم پزشکی کرمانشاه
1396,تجربی,7878,3270,منطقه 2,پزشکی,دانشگاه علوم پزشکی کرمانشاه - پردیس خودگردان
1396,تجربی,7888,1267,منطقه 3,پزشکی,دانشگاه علوم پزشکی گیلان - رشت (محل تحصیل بندرانزلی) - پردیس خودگردان
1396,تجربی,7888,1267,منطقه 3,پزشکی - بومی خراسان شمالی,دانشگاه علوم پزشکی خراسان شمالی - بجنورد
1396,تجربی,7888,1267,منطقه 3,پزشکی - بومی هرمزگان,دانشگاه علوم پزشکی بندرعباس
1396,تجربی,7888,3274,منطقه 2,تکنولوژی پرتوشناسی,دانشگاه علوم پزشکی تهران
1396,تجربی,7888,3274,منطقه 2,دامپزشکی,دانشگاه تهران
1396,تجربی,7899,1270,منطقه 3,دندانپزشکی,دانشگاه علوم پزشکی زنجان - پردیس خودگردان
1396,تجربی,7899,1270,منطقه 3,پزشکی - بومی استان ایلام,دانشگاه علوم پزشکی ایلام
1396,تجربی,7899,3278,منطقه 2,داروسازی,دانشگاه علوم پزشکی شهیدبهشتی تهران - پردیس خودگردان
1396,تجربی,7899,3278,منطقه 2,پزشکی,دانشگاه علوم پزشکی کرمانشاه - پردیس خودگردان
1396,تجربی,7912,3284,منطقه 2,داروسازی - بومی آذربایجان شرقی,دانشگاه علوم پزشکی تبریز
1396,تجربی,7912,3284,منطقه 2,علوم آزمایشگاهی,دانشگاه علوم پزشکی جهرم
1396,تجربی,7912,3284,منطقه 2,فیزیوتراپی,دانشگاه علوم پزشکی زاهدان
1396,تجربی,7923,3290,منطقه 2,بینایی سنجی,دانشگاه علوم پزشکی مشهد
1396,تجربی,7923,3290,منطقه 2,پزشکی,دانشگاه علوم پزشکی کرمانشاه - پردیس خودگردان
1396,تجربی,7933,2184,منطقه 1,پزشکی,دانشگاه علوم پزشکی کردستان - سنندج
1396,تجربی,7933,3296,منطقه 2,مدیریت بازرگانی,دانشگاه پیام نور تهران - واحد شهریار
1396,تجربی,7933,3296,منطقه 2,پزشکی,دانشگاه علوم پزشکی سمنان
1396,تجربی,7944,1277,منطقه 3,پزشکی,دانشگاه علوم پزشکی اصفهان - پردیس خودگردان
1396,تجربی,7944,2186,منطقه 1,اتاق عمل,دانشگاه علوم پزشکی تهران
1396,تجربی,7944,3301,منطقه 2,داروسازی,دانشگاه علوم پزشکی همدان - پردیس خودگردان
1396,تجربی,7944,3301,منطقه 2,پزشکی,دانشگاه علوم پزشکی بوشهر
1396,تجربی,7944,3301,منطقه 2,پزشکی - نیمسال دوم,دانشگاه علوم پزشکی شاهرود
1396,تجربی,7953,3307,منطقه 2,داروسازی,دانشگاه علوم پزشکی زنجان - پردیس خودگردان
1396,تجربی,7953,3307,منطقه 2,پزشکی,دانشگاه علوم پزشکی یاسوج
1396,تجربی,7962,3311,منطقه 2,فیزیوتراپی,دانشگاه علوم پزشکی زاهدان
1396,تجربی,7974,1283,منطقه 3,پزشکی - بومی استان کرمان,دانشگاه علوم پزشکی جیرفت
1396,تجربی,7974,3317,منطقه 2,پزشکی,دانشگاه علوم پزشکی کرمانشاه - پردیس خودگردان
1396,تجربی,7986,1285,منطقه 3,دندانپزشکی,دانشگاه علوم پزشکی گلستان - گرگان - پردیس خودگردان
1396,تجربی,7986,1285,منطقه 3,علوم آزمایشگاهی,دانشگاه علوم پزشکی گیلان - رشت (محل تحصیل پیرا پزشکی لنگرود)
1396,تجربی,7996,1287,منطقه 3,پزشکی - نیمسال اول,دانشگاه علوم پزشکی البرز - کرج
1396,تجربی,7996,2198,منطقه 1,پزشکی,دانشگاه علوم پزشکی کرمان - پردیس خودگردان
1396,تجربی,7996,2198,منطقه 1,پزشکی,دانشگاه علوم پزشکی کرمانشاه - پردیس خودگردان
1396,تجربی,7996,3325,منطقه 2,پزشکی,دانشگاه علوم پزشکی کرمانشاه - پردیس خودگردان
1396,تجربی,8004,1289,منطقه 3,دندانپزشکی - بومی مناطق تحت پوشش دانشگاه زابل,دانشگاه علوم پزشکی زاهدان
1396,تجربی,8004,1289,منطقه 3,پرستاری - نیمسال اول,دانشگاه علوم پزشکی تهران
1396,تجربی,8013,3330,منطقه 2,پزشکی,دانشگاه علوم پزشکی کردستان - سنندج
1396,تجربی,8024,1294,منطقه 3,پزشکی - بومی استان زنجان,دانشگاه علوم پزشکی زنجان
1396,تجربی,8037,1296,منطقه 3,بینایی سنجی,دانشگاه علوم پزشکی شهید بهشتی - تهران
1396,تجربی,8037,2209,منطقه 1,پزشکی,دانشگاه علوم پزشکی بیرجند
1396,تجربی,8037,2209,منطقه 1,پزشکی,دانشگاه علوم پزشکی سمنان
1396,تجربی,8037,3339,منطقه 2,پزشکی,دانشگاه علوم پزشکی کرمان - پردیس خودگردان
1396,تجربی,8049,2213,منطقه 1,علوم آزمایشگاهی,دانشگاه علوم پزشکی تهران
1396,تجربی,8049,2213,منطقه 1,پزشکی,دانشگاه علوم پزشکی کرمان - پردیس خودگردان
1396,تجربی,8049,3343,منطقه 2,علوم آزمایشگاهی,دانشگاه علوم پزشکی گلستان - گرگان
1396,تجربی,8062,1302,منطقه 3,دندانپزشکی,دانشگاه علوم پزشکی بابل - پردیس خودگردان
1396,تجربی,8062,1302,منطقه 3,دندانپزشکی,دانشگاه علوم پزشکی یزد - پردیس خودگردان
1396,تجربی,8062,3347,منطقه 2,دامپزشکی,دانشگاه تهران
1396,تجربی,8062,3347,منطقه 2,پزشکی,دانشگاه علوم پزشکی سبزوار
1396,تجربی,8062,3347,منطقه 2,پزشکی - محل تحصیل آران و بیدگل,دانشگاه علوم پزشکی کاشان(آران وبیدگل)
1396,تجربی,8074,2219,منطقه 1,پزشکی,دانشگاه علوم پزشکی زنجان - پردیس خودگردان
1396,تجربی,8074,3351,منطقه 2,پزشکی,دانشگاه علوم پزشکی کرمان - پردیس خودگردان
1396,تجربی,8083,3354,منطقه 2,پزشکی,دانشگاه علوم پزشکی کردستان - سنندج
1396,تجربی,8093,3359,منطقه 2,داروسازی,دانشگاه علوم پزشکی مازندران - ساری - پردیس خودگردان
1396,تجربی,8093,3359,منطقه 2,پزشکی,دانشگاه علوم پزشکی لرستان - خرم آباد
1396,تجربی,8093,3359,منطقه 2,پزشکی - بومی استان کرمان,دانشگاه علوم پزشکی رفسنجان
1396,تجربی,8093,3359,منطقه 2,پزشکی - محل تحصیل آران و بیدگل,دانشگاه علوم پزشکی کاشان(آران وبیدگل)
1396,تجربی,8102,1307,منطقه 3,دندانپزشکی,دانشگاه علوم پزشکی مازندران - ساری - پردیس خودگردان
1396,تجربی,8102,1307,منطقه 3,پزشکی - بومی استان چهارمحال وبختیاری,دانشگاه علوم پزشکی شهرکرد
1396,تجربی,8102,2227,منطقه 1,داروسازی,دانشگاه علوم پزشکی اصفهان - پردیس خودگردان
1396,تجربی,8102,2227,منطقه 1,پزشکی - نیمسال اول,دانشگاه علوم پزشکی زاهدان - پردیس خودگردان
1396,تجربی,8118,2230,منطقه 1,پزشکی,دانشگاه علوم پزشکی لرستان - خرم آباد
1396,تجربی,8126,2233,منطقه 1,شنوایی شناسی,دانشگاه علوم پزشکی تهران
1396,تجربی,8126,3373,منطقه 2,دامپزشکی,دانشگاه تهران
1396,تجربی,8126,3373,منطقه 2,علوم آزمایشگاهی,دانشگاه علوم پزشکی تهران
1396,تجربی,8126,3373,منطقه 2,فیزیوتراپی,دانشگاه علوم پزشکی کرمان
1396,تجربی,8137,1313,منطقه 3,دندانپزشکی,دانشگاه علوم پزشکی یزد - پردیس خودگردان
1396,تجربی,8137,3378,منطقه 2,داروسازی - پذیرش ازمیان داوطلبان وجذب بصورت بورسیه واستخدام نیروی انتظامی,دانشگاه علوم پزشکی بقیه الله
1396,تجربی,8137,3378,منطقه 2,پزشکی,دانشگاه علوم پزشکی بیرجند
1396,تجربی,8137,3378,منطقه 2,پزشکی,دانشگاه علوم پزشکی رفسنجان
1396,تجربی,8147,1315,منطقه 3,دندانپزشکی,دانشگاه علوم پزشکی همدان - پردیس خودگردان
1396,تجربی,8147,2237,منطقه 1,شنوایی شناسی,دانشگاه علوم پزشکی تهران
1396,تجربی,8147,3383,منطقه 2,تکنولوژی پرتوشناسی,دانشگاه علوم پزشکی ایران
1396,تجربی,8147,3383,منطقه 2,پزشکی,دانشگاه علوم پزشکی کردستان - سنندج
1396,تجربی,8157,1316,منطقه 3,بینایی سنجی,دانشگاه علوم پزشکی شهید بهشتی - تهران
1396,تجربی,8157,1316,منطقه 3,داروسازی,دانشگاه علوم پزشکی تهران - پردیس خودگردان
1396,تجربی,8157,2240,منطقه 1,شیمی محض,دانشگاه صنعتی شریف - تهران
1396,تجربی,8157,3387,منطقه 2,داروسازی - بومی استان کرمانشاه,دانشگاه علوم پزشکی کرمانشاه
1396,تجربی,8157,3387,منطقه 2,پرستاری - نیمسال اول,دانشگاه علوم پزشکی شهید بهشتی - تهران
1396,تجربی,8157,3387,منطقه 2,پزشکی,دانشگاه علوم پزشکی ایلام
1396,تجربی,8157,3387,منطقه 2,پزشکی,دانشگاه علوم پزشکی کردستان - سنندج
1396,تجربی,8167,1318,منطقه 3,دندانپزشکی,دانشگاه علوم پزشکی مازندران - ساری - پردیس خودگردان
1396,تجربی,8167,3391,منطقه 2,داروسازی - بومی خراسان رضوی,دانشگاه علوم پزشکی مشهد
1396,تجربی,8167,3391,منطقه 2,دندانپزشکی - بومی استان زنجان,دانشگاه علوم پزشکی زنجان
1396,تجربی,8175,1321,منطقه 3,دندانپزشکی,دانشگاه علوم پزشکی همدان - پردیس خودگردان
1396,تجربی,8175,1321,منطقه 3,فیزیوتراپی,دانشگاه علوم بهزیستی و توانبخشی تهران(رشته های گروه پزشکی)
1396,تجربی,8175,1321,منطقه 3,پزشکی,دانشگاه علوم پزشکی گلستان - گرگان - پردیس خودگردان
1396,تجربی,8186,1325,منطقه 3,پزشکی,دانشگاه علوم پزشکی اصفهان - پردیس خودگردان
1396,تجربی,8186,1325,منطقه 3,پزشکی,دانشگاه علوم پزشکی گلستان - گرگان - پردیس خودگردان
1396,تجربی,8186,3397,منطقه 2,داروسازی - بومی استان کرمانشاه,دانشگاه علوم پزشکی کرمانشاه
1396,تجربی,8186,3397,منطقه 2,دندانپزشکی - بومی خوزستان,دانشگاه علوم پزشکی جندی شاپور اهواز
1396,تجربی,8198,1328,منطقه 3,پزشکی - بومی خوزستان,دانشگاه علوم پزشکی جندی شاپور اهواز
1396,تجربی,8198,3402,منطقه 2,دامپزشکی,دانشگاه شیراز
1396,تجربی,8209,1329,منطقه 3,پزشکی - بومی لرستان,دانشگاه علوم پزشکی لرستان - خرم آباد
1396,تجربی,8209,3408,منطقه 2,اتاق عمل,دانشگاه علوم پزشکی اصفهان
1396,تجربی,8209,3408,منطقه 2,فیزیوتراپی,دانشگاه علوم پزشکی جندی شاپور اهواز
1396,تجربی,8209,3408,منطقه 2,پزشکی,دانشگاه علوم پزشکی یاسوج
1396,تجربی,8220,1330,منطقه 3,بینایی سنجی,دانشگاه علوم پزشکی شهید بهشتی - تهران
1396,تجربی,8220,1330,منطقه 3,پزشکی,دانشگاه علوم پزشکی اردبیل - پردیس خودگردان
1396,تجربی,8231,2259,منطقه 1,فیزیوتراپی,دانشگاه علوم پزشکی کرمان
1396,تجربی,8231,3416,منطقه 2,داروسازی,دانشگاه علوم پزشکی همدان - پردیس خودگردان
1396,تجربی,8231,3416,منطقه 2,فیزیوتراپی,دانشگاه علوم پزشکی زاهدان
1396,تجربی,8231,3416,منطقه 2,پزشکی,دانشگاه علوم پزشکی بندرعباس - پردیس خودگردان
1396,تجربی,8242,3423,منطقه 2,پزشکی,دانشگاه علوم پزشکی کردستان - سنندج
1396,تجربی,8255,1336,منطقه 3,پزشکی,دانشگاه علوم پزشکی ارومیه - پردیس خودگردان
1396,تجربی,8255,1336,منطقه 3,کاردانی تکنسین پروتزهای دندانی,دانشگاه علوم پزشکی شهید بهشتی - تهران
1396,تجربی,8255,2263,منطقه 1,علوم تغذیه,دانشگاه علوم پزشکی تبریز
1396,تجربی,8255,2263,منطقه 1,پزشکی,دانشگاه علوم پزشکی بیرجند
1396,تجربی,8255,2263,منطقه 1,پزشکی,دانشگاه علوم پزشکی کردستان - سنندج
1396,تجربی,8255,3430,منطقه 2,پزشکی,دانشکده علوم پزشکی آبادان
1396,تجربی,8255,3430,منطقه 2,پزشکی,دانشگاه علوم پزشکی ایلام
1396,تجربی,8271,2269,منطقه 1,پرستاری - نیمسال اول,دانشگاه علوم پزشکی تبریز
1396,تجربی,8271,3437,منطقه 2,فیزیوتراپی,دانشگاه علوم پزشکی کرمان
1396,تجربی,8271,3437,منطقه 2,پزشکی,دانشگاه علوم پزشکی کردستان - سنندج
1396,تجربی,8285,1338,منطقه 3,پزشکی - بومی استان کرمان,دانشگاه علوم پزشکی جیرفت
1396,تجربی,8285,2273,منطقه 1,زیست شناسی جانوری,دانشگاه تهران
1396,تجربی,8285,2273,منطقه 1,پزشکی,دانشگاه علوم پزشکی جیرفت
1396,تجربی,8285,3443,منطقه 2,پزشکی,دانشگاه علوم پزشکی بندرعباس - پردیس خودگردان
1396,تجربی,8297,1340,منطقه 3,پزشکی,دانشگاه علوم پزشکی جندی شاپور - اهواز - پردیس خودگردان
1396,تجربی,8297,1340,منطقه 3,پزشکی - بومی خوزستان,دانشگاه علوم پزشکی جندی شاپور اهواز
1396,تجربی,8297,2277,منطقه 1,پزشکی,دانشگاه علوم پزشکی بم
1396,تجربی,8308,1344,منطقه 3,داروسازی,دانشگاه علوم پزشکی بقیه الله
1396,تجربی,8308,1344,منطقه 3,پزشکی - بومی استان ایلام,دانشگاه علوم پزشکی ایلام
1396,تجربی,8308,2279,منطقه 1,پزشکی,دانشگاه علوم پزشکی بندرعباس - پردیس خودگردان
1396,تجربی,8308,3450,منطقه 2,پزشکی,دانشگاه علوم پزشکی بندرعباس - پردیس خودگردان
1396,تجربی,8320,2282,منطقه 1,پزشکی,دانشگاه علوم پزشکی بندرعباس - پردیس خودگردان
1396,تجربی,8334,1347,منطقه 3,پزشکی - بومی استان ایلام,دانشگاه علوم پزشکی ایلام
1396,تجربی,8334,2289,منطقه 1,پزشکی,دانشگاه علوم پزشکی ایلام
1396,تجربی,8334,3461,منطقه 2,دامپزشکی,دانشگاه تهران
1396,تجربی,8334,3461,منطقه 2,پزشکی,دانشگاه علوم پزشکی دزفول
1396,تجربی,8346,1349,منطقه 3,فیزیوتراپی,دانشگاه علوم پزشکی بابل
1396,تجربی,8346,1349,منطقه 3,فیزیوتراپی,دانشگاه علوم پزشکی کرمان
1396,تجربی,8346,1349,منطقه 3,پزشکی,دانشگاه علوم پزشکی اردبیل - پردیس خودگردان
1396,تجربی,8346,3466,منطقه 2,داروسازی,دانشگاه علوم پزشکی همدان - پردیس خودگردان
1396,تجربی,8346,3466,منطقه 2,داروسازی,دانشگاه علوم پزشکی کرمانشاه - پردیس خودگردان
1396,تجربی,8346,3466,منطقه 2,پزشکی - بومی استان کرمان,دانشگاه علوم پزشکی رفسنجان
1396,تجربی,8355,1352,منطقه 3,علوم آزمایشگاهی,دانشگاه علوم پزشکی گناباد
1396,تجربی,8355,1352,منطقه 3,مامایی,دانشگاه علوم پزشکی تبریز
1396,تجربی,8355,1352,منطقه 3,پزشکی,دانشگاه علوم پزشکی یاسوج
1396,تجربی,8366,1355,منطقه 3,پزشکی,دانشگاه علوم پزشکی ارومیه - پردیس خودگردان
1396,تجربی,8366,1355,منطقه 3,پزشکی - بومی هرمزگان,دانشگاه علوم پزشکی بندرعباس
1396,تجربی,8366,3471,منطقه 2,پزشکی,دانشکده علوم پزشکی آبادان
1396,تجربی,8375,1358,منطقه 3,پرستاری - نیمسال دوم,دانشگاه علوم پزشکی جندی شاپور اهواز
1396,تجربی,8386,1360,منطقه 3,پزشکی,دانشگاه علوم پزشکی کردستان - سنندج
1396,تجربی,8386,2300,منطقه 1,پزشکی,دانشگاه علوم پزشکی بندرعباس - پردیس خودگردان
1396,تجربی,8386,3481,منطقه 2,دامپزشکی,دانشگاه تهران
1396,تجربی,8386,3481,منطقه 2,علوم تغذیه - نیمسال اول,دانشگاه علوم پزشکی شهید بهشتی - تهران
1396,تجربی,8386,3481,منطقه 2,پرستاری - نیمسال اول,دانشگاه علوم پزشکی شهید بهشتی - تهران
1396,تجربی,8386,3481,منطقه 2,پزشکی,دانشگاه علوم پزشکی یاسوج
1396,تجربی,8399,1362,منطقه 3,بینایی سنجی,دانشگاه علوم پزشکی ایران
1396,تجربی,8399,1362,منطقه 3,داروسازی,دانشگاه علوم پزشکی بقیه الله
1396,تجربی,8399,1362,منطقه 3,دندانپزشکی,دانشگاه علوم پزشکی گیلان - رشت (محل تحصیل بندرانزلی) - پردیس خودگردان
1396,تجربی,8399,3488,منطقه 2,پزشکی,دانشگاه علوم پزشکی زنجان - پردیس خودگردان
1396,تجربی,8399,3488,منطقه 2,پزشکی,دانشگاه علوم پزشکی گناباد
1396,تجربی,8412,1365,منطقه 3,پزشکی,دانشگاه علوم پزشکی گناباد
1396,تجربی,8412,2306,منطقه 1,روانشناسی,دانشگاه پیام نور تهران - تهران جنوب
1396,تجربی,8412,3494,منطقه 2,داروسازی,دانشگاه علوم پزشکی کرمان - پردیس خودگردان
1396,تجربی,8412,3494,منطقه 2,پزشکی - بومی خوزستان,دانشگاه علوم پزشکی دزفول
1396,تجربی,8426,1368,منطقه 3,داروسازی,دانشگاه علوم پزشکی کرمان
1396,تجربی,8426,2310,منطقه 1,پزشکی,دانشگاه علوم پزشکی ایلام
1396,تجربی,8426,3499,منطقه 2,علوم آزمایشگاهی,دانشگاه علوم پزشکی تهران
1396,تجربی,8441,1371,منطقه 3,دندانپزشکی,دانشگاه علوم پزشکی گلستان - گرگان - پردیس خودگردان
1396,تجربی,8441,3505,منطقه 2,تکنولوژی پرتودرمانی,دانشگاه علوم پزشکی شهید بهشتی - تهران
1396,تجربی,8441,3505,منطقه 2,داروسازی - بومی استان کرمانشاه,دانشگاه علوم پزشکی کرمانشاه
1396,تجربی,8441,3505,منطقه 2,علوم آزمایشگاهی,دانشگاه علوم پزشکی تهران
1396,تجربی,8441,3505,منطقه 2,پزشکی,دانشگاه علوم پزشکی گناباد
1396,تجربی,8456,1373,منطقه 3,پزشکی,دانشگاه علوم پزشکی گلستان - گرگان - پردیس خودگردان
1396,تجربی,8456,2316,منطقه 1,پزشکی,دانشگاه علوم پزشکی بندرعباس - پردیس خودگردان
1396,تجربی,8456,3513,منطقه 2,داروسازی,دانشگاه علوم پزشکی اردبیل - پردیس خودگردان
1396,تجربی,8456,3513,منطقه 2,پزشکی,دانشگاه علوم پزشکی گناباد
1396,تجربی,8471,1376,منطقه 3,پزشکی,دانشگاه علوم پزشکی کردستان - سنندج
1396,تجربی,8471,3519,منطقه 2,پزشکی,دانشگاه علوم پزشکی بندرعباس - پردیس خودگردان
1396,تجربی,8484,1378,منطقه 3,داروسازی - نیمسال اول,دانشگاه علوم پزشکی تبریز - پردیس خودگردان
1396,تجربی,8484,2325,منطقه 1,علوم آزمایشگاهی,دانشگاه علوم پزشکی تهران
1396,تجربی,8484,2325,منطقه 1,پزشکی,دانشگاه علوم پزشکی بندرعباس - پردیس خودگردان
1396,تجربی,8484,2325,منطقه 1,پزشکی,دانشگاه علوم پزشکی گناباد
1396,تجربی,8484,3525,منطقه 2,دامپزشکی,دانشگاه شیراز
1396,تجربی,8484,3525,منطقه 2,پزشکی,دانشگاه علوم پزشکی بندرعباس - پردیس خودگردان
1396,تجربی,8484,3525,منطقه 2,پزشکی,دانشگاه علوم پزشکی بیرجند
1396,تجربی,8494,1381,منطقه 3,پرستاری - نیمسال اول,دانشگاه علوم پزشکی شهید بهشتی - تهران
1396,تجربی,8504,2332,منطقه 1,دامپزشکی,دانشگاه تبریز
1396,تجربی,8504,3530,منطقه 2,علوم آزمایشگاهی,دانشگاه علوم پزشکی مشهد
1396,تجربی,8518,2336,منطقه 1,حسابداری,دانشگاه شهید بهشتی - تهران
1396,تجربی,8518,3535,منطقه 2,علوم تغذیه - نیمسال اول,دانشگاه علوم پزشکی شهید بهشتی - تهران
1396,تجربی,8518,3535,منطقه 2,پزشکی,دانشگاه علوم پزشکی بندرعباس - پردیس خودگردان
1396,تجربی,8529,3539,منطقه 2,تکنولوژی پزشکی هسته ای,دانشگاه علوم پزشکی بابل
1396,تجربی,8539,1387,منطقه 3,فیزیوتراپی,دانشگاه علوم پزشکی اصفهان
1396,تجربی,8539,2342,منطقه 1,زیست فناوری,دانشگاه خوارزمی - تهران (محل تحصیل کرج)
1396,تجربی,8539,2342,منطقه 1,علوم آزمایشگاهی,دانشگاه علوم پزشکی تهران
1396,تجربی,8551,1389,منطقه 3,پزشکی - بومی استان ایلام,دانشگاه علوم پزشکی ایلام
1396,تجربی,8551,2346,منطقه 1,داروسازی,دانشگاه علوم پزشکی زنجان - پردیس خودگردان
1396,تجربی,8551,3551,منطقه 2,پزشکی,دانشگاه علوم پزشکی بندرعباس - پردیس خودگردان
1396,تجربی,8551,3551,منطقه 2,پزشکی,دانشگاه علوم پزشکی بیرجند
1396,تجربی,8563,2349,منطقه 1,پزشکی,دانشگاه علوم پزشکی جیرفت
1396,تجربی,8563,3557,منطقه 2,شنوایی شناسی,دانشگاه علوم پزشکی اصفهان
1396,تجربی,8563,3557,منطقه 2,کاردانی تکنسین پروتزهای دندانی,دانشگاه علوم پزشکی شهید بهشتی - تهران
1396,تجربی,8575,1391,منطقه 3,دندانپزشکی,دانشگاه علوم پزشکی گیلان - رشت (محل تحصیل بندرانزلی) - پردیس خودگردان
1396,تجربی,8575,1391,منطقه 3,پرستاری - نیمسال اول,دانشگاه علوم پزشکی جندی شاپور اهواز
1396,تجربی,8575,2354,منطقه 1,پزشکی,دانشگاه علوم پزشکی بندرعباس - پردیس خودگردان
1396,تجربی,8575,3560,منطقه 2,علوم تغذیه - نیمسال اول,دانشگاه علوم پزشکی شهید بهشتی - تهران
1396,تجربی,8575,3560,منطقه 2,پزشکی,دانشگاه علوم پزشکی بیرجند
1396,تجربی,8588,1394,منطقه 3,داروسازی,دانشگاه علوم پزشکی مازندران - ساری
1396,تجربی,8588,1394,منطقه 3,پزشکی,دانشگاه علوم پزشکی کرمان - پردیس خودگردان
1396,تجربی,8588,1394,منطقه 3,پزشکی - بومی استان بوشهر,دانشگاه علوم پزشکی بوشهر
1396,تجربی,8603,1396,منطقه 3,دندانپزشکی,دانشگاه علوم پزشکی گلستان - گرگان - پردیس خودگردان
1396,تجربی,8603,1396,منطقه 3,دندانپزشکی,دانشگاه علوم پزشکی گیلان - رشت (محل تحصیل بندرانزلی) - پردیس خودگردان
1396,تجربی,8603,2363,منطقه 1,هوشبری,دانشگاه علوم پزشکی تهران
1396,تجربی,8603,3570,منطقه 2,تکنولوژی پرتوشناسی,دانشگاه علوم پزشکی شهید بهشتی - تهران
1396,تجربی,8603,3570,منطقه 2,داروسازی,دانشگاه علوم پزشکی ارومیه - پردیس خودگردان
1396,تجربی,8603,3570,منطقه 2,داروسازی - پذیرش ازمیان داوطلبان وجذب بصورت بورسیه واستخدام نیروی انتظامی,دانشگاه علوم پزشکی بقیه الله
1396,تجربی,8603,3570,منطقه 2,علوم آزمایشگاهی,دانشگاه علوم پزشکی شهید بهشتی - تهران
1396,تجربی,8603,3570,منطقه 2,پزشکی,دانشگاه علوم پزشکی بندرعباس - پردیس خودگردان
1396,تجربی,8630,1399,منطقه 3,دندانپزشکی,دانشگاه علوم پزشکی بابل - پردیس خودگردان
1396,تجربی,8630,1399,منطقه 3,دندانپزشکی,دانشگاه علوم پزشکی گیلان - رشت (محل تحصیل بندرانزلی) - پردیس خودگردان
1396,تجربی,8630,3582,منطقه 2,دامپزشکی,دانشگاه تبریز
1396,تجربی,8644,1402,منطقه 3,داروسازی,دانشگاه علوم پزشکی گیلان - رشت
1396,تجربی,8644,2372,منطقه 1,پزشکی,دانشگاه علوم پزشکی ایلام
1396,تجربی,8644,3588,منطقه 2,علوم آزمایشگاهی,دانشگاه علوم پزشکی بوشهر
1396,تجربی,8644,3588,منطقه 2,علوم تغذیه,دانشگاه علوم پزشکی شیراز
1396,تجربی,8644,3588,منطقه 2,پزشکی,دانشگاه علوم پزشکی ایلام
1396,تجربی,8644,3588,منطقه 2,پزشکی - بومی خوزستان,دانشگاه علوم پزشکی جندی شاپور اهواز
1396,تجربی,8661,1406,منطقه 3,پزشکی,دانشگاه علوم پزشکی ارومیه - پردیس خودگردان
1396,تجربی,8661,1406,منطقه 3,پزشکی - بومی استان چهارمحال وبختیاری,دانشگاه علوم پزشکی شهرکرد
1396,تجربی,8661,3595,منطقه 2,پزشکی,دانشگاه علوم پزشکی ایلام
1396,تجربی,8674,3601,منطقه 2,دندانپزشکی - بومی استان زنجان,دانشگاه علوم پزشکی زنجان
1396,تجربی,8674,3601,منطقه 2,فیزیوتراپی,دانشگاه علوم پزشکی تهران
1396,تجربی,8674,3601,منطقه 2,پرستاری - نیمسال اول,دانشگاه علوم پزشکی ایران
1396,تجربی,8674,3601,منطقه 2,پزشکی,دانشگاه علوم پزشکی جیرفت
1396,تجربی,8692,3611,منطقه 2,تکنولوژی پرتوشناسی,دانشگاه علوم پزشکی همدان
1396,تجربی,8692,3611,منطقه 2,پزشکی,دانشگاه علوم پزشکی ایلام
1396,تجربی,8692,3611,منطقه 2,پزشکی,دانشگاه علوم پزشکی بیرجند
1396,تجربی,8703,3617,منطقه 2,شنوایی شناسی,دانشگاه علوم پزشکی تهران
1396,تجربی,8714,1419,منطقه 3,پزشکی - پذیرش ازمیان داوطلبان بسیجی وجذب بصورت بورسیه واستخدام سپاه,دانشگاه علوم پزشکی بقیه الله
1396,تجربی,8714,2382,منطقه 1,پرستاری - نیمسال اول,دانشگاه علوم پزشکی تبریز
1396,تجربی,8714,3620,منطقه 2,تکنولوژی پرتوشناسی,دانشگاه علوم پزشکی شیراز
1396,تجربی,8725,1422,منطقه 3,پزشکی,دانشگاه علوم پزشکی گیلان - رشت (محل تحصیل بندرانزلی) - پردیس خودگردان
1396,تجربی,8725,2386,منطقه 1,هوشبری,دانشکده علوم پزشکی نیشابور
1396,تجربی,8725,3623,منطقه 2,پزشکی - نیمسال اول,دانشگاه علوم پزشکی زاهدان - پردیس خودگردان
1396,تجربی,8735,1425,منطقه 3,فیزیوتراپی,دانشگاه علوم بهزیستی و توانبخشی تهران(رشته های گروه پزشکی)
1396,تجربی,8735,3627,منطقه 2,پزشکی,دانشگاه علوم پزشکی جیرفت
1396,تجربی,8748,1428,منطقه 3,بینایی سنجی,دانشگاه علوم پزشکی مشهد
1396,تجربی,8748,1428,منطقه 3,پزشکی,دانشگاه علوم پزشکی اصفهان - پردیس خودگردان
1396,تجربی,8748,3632,منطقه 2,شیمی - کاربردی,دانشگاه صنعتی شریف - تهران
1396,تجربی,8748,3632,منطقه 2,پزشکی,دانشگاه علوم پزشکی ایلام
1396,تجربی,8762,2397,منطقه 1,اتاق عمل,دانشگاه علوم پزشکی ایران
1396,تجربی,8762,2397,منطقه 1,پزشکی - نیمسال اول,دانشگاه علوم پزشکی زاهدان - پردیس خودگردان
1396,تجربی,8762,3639,منطقه 2,داروسازی - نیمسال دوم,دانشگاه علوم پزشکی تبریز - پردیس خودگردان
1396,تجربی,8762,3639,منطقه 2,علوم آزمایشگاهی,دانشگاه علوم پزشکی همدان
1396,تجربی,8773,1431,منطقه 3,دندانپزشکی,دانشگاه علوم پزشکی اصفهان - پردیس خودگردان
1396,تجربی,8773,2399,منطقه 1,شنوایی شناسی,دانشگاه علوم پزشکی ایران
1396,تجربی,8773,3644,منطقه 2,شنوایی شناسی,دانشگاه علوم پزشکی ایران
1396,تجربی,8773,3644,منطقه 2,هوشبری,دانشگاه علوم پزشکی تهران
1396,تجربی,8773,3644,منطقه 2,پزشکی - بومی استان بوشهر,دانشگاه علوم پزشکی بوشهر
1396,تجربی,8773,3644,منطقه 2,پزشکی - نیمسال اول,دانشگاه علوم پزشکی زاهدان - پردیس خودگردان
1396,تجربی,8785,2401,منطقه 1,داروسازی,دانشگاه علوم پزشکی بندرعباس
1396,تجربی,8785,3650,منطقه 2,داروسازی,دانشگاه علوم پزشکی کرمانشاه - پردیس خودگردان
1396,تجربی,8785,3650,منطقه 2,پزشکی - بومی هرمزگان,دانشگاه علوم پزشکی بندرعباس
1396,تجربی,8785,3650,منطقه 2,پزشکی - نیمسال اول,دانشگاه علوم پزشکی زاهدان - پردیس خودگردان
1396,تجربی,8797,1433,منطقه 3,بینایی سنجی,دانشگاه علوم پزشکی مشهد
1396,تجربی,8797,3657,منطقه 2,علوم آزمایشگاهی,دانشگاه علوم پزشکی تهران
1396,تجربی,8810,1435,منطقه 3,پزشکی,دانشگاه علوم پزشکی کردستان - سنندج
1396,تجربی,8810,3662,منطقه 2,داروسازی - بومی خوزستان,دانشگاه علوم پزشکی جندی شاپور اهواز
1396,تجربی,8810,3662,منطقه 2,پزشکی - بومی استان بوشهر,دانشگاه علوم پزشکی بوشهر
1396,تجربی,8823,1437,منطقه 3,دندانپزشکی,دانشگاه علوم پزشکی گیلان - رشت (محل تحصیل بندرانزلی) - پردیس خودگردان
1396,تجربی,8823,3666,منطقه 2,پزشکی,دانشگاه علوم پزشکی زابل
1396,تجربی,8836,1439,منطقه 3,پزشکی - بومی استان ایلام,دانشگاه علوم پزشکی ایلام
1396,تجربی,8836,2412,منطقه 1,پزشکی,دانشگاه علوم پزشکی زابل
1396,تجربی,8836,3670,منطقه 2,داروسازی - نیمسال دوم,دانشگاه علوم پزشکی تبریز - پردیس خودگردان
1396,تجربی,8836,3670,منطقه 2,فیزیوتراپی,دانشگاه علوم پزشکی شهیدبهشتی تهران - پردیس خودگردان
1396,تجربی,8851,2417,منطقه 1,فیزیوتراپی,دانشگاه علوم پزشکی مشهد
1396,تجربی,8851,2417,منطقه 1,پزشکی - نیمسال اول,دانشگاه علوم پزشکی زاهدان - پردیس خودگردان
1396,تجربی,8864,1444,منطقه 3,شنوایی شناسی,دانشگاه علوم پزشکی شیراز
1396,تجربی,8875,1447,منطقه 3,پزشکی,دانشگاه علوم پزشکی گلستان - گرگان - پردیس خودگردان
1396,تجربی,8875,1447,منطقه 3,پزشکی - بومی هرمزگان,دانشگاه علوم پزشکی بندرعباس
1396,تجربی,8875,3685,منطقه 2,حسابداری,دانشگاه پیام نور گیلان - مرکز رشت
1396,تجربی,8886,3690,منطقه 2,علوم آزمایشگاهی,دانشگاه علوم پزشکی تهران
1396,تجربی,8886,3690,منطقه 2,پرستاری - نیمسال اول,دانشگاه علوم پزشکی ارومیه
1396,تجربی,8886,3690,منطقه 2,پزشکی,دانشگاه علوم پزشکی زاهدان - پردیس خودگردان
1396,تجربی,8900,1451,منطقه 3,کاردرمانی,دانشگاه علوم پزشکی تبریز
1396,تجربی,8900,3696,منطقه 2,پزشکی,دانشگاه علوم پزشکی زابل
1396,تجربی,8914,1453,منطقه 3,پزشکی - بومی استان ایلام,دانشگاه علوم پزشکی ایلام
1396,تجربی,8914,2430,منطقه 1,پزشکی,دانشگاه علوم پزشکی زاهدان - پردیس خودگردان
1396,تجربی,8914,3700,منطقه 2,دندانپزشکی - بومی کردستان,دانشگاه علوم پزشکی کردستان - سنندج
1396,تجربی,8914,3700,منطقه 2,فیزیوتراپی,دانشگاه علوم پزشکی شهیدبهشتی تهران - پردیس خودگردان
1396,تجربی,8926,2435,منطقه 1,پزشکی,دانشگاه علوم پزشکی زاهدان - پردیس خودگردان
1396,تجربی,8926,3705,منطقه 2,داروسازی,دانشگاه علوم پزشکی کرمانشاه - پردیس خودگردان
1396,تجربی,8937,2439,منطقه 1,داروسازی,دانشگاه علوم پزشکی یزد - پردیس خودگردان
1396,تجربی,8937,3710,منطقه 2,پرستاری,دانشگاه علوم پزشکی یزد
1396,تجربی,8937,3710,منطقه 2,پزشکی,دانشگاه علوم پزشکی زاهدان - پردیس خودگردان
1396,تجربی,8946,1454,منطقه 3,پزشکی - نیمسال اول,دانشگاه علوم پزشکی شاهرود
1396,تجربی,8946,3714,منطقه 2,پزشکی,دانشگاه علوم پزشکی زاهدان - پردیس خودگردان
1396,تجربی,8955,2444,منطقه 1,بینایی سنجی,دانشگاه علوم پزشکی زاهدان
1396,تجربی,8955,3717,منطقه 2,پزشکی,دانشگاه علوم پزشکی زابل
1396,تجربی,8968,1459,منطقه 3,داروسازی,دانشگاه علوم پزشکی زابل
1396,تجربی,8968,1459,منطقه 3,پزشکی,دانشگاه علوم پزشکی اصفهان - پردیس خودگردان
1396,تجربی,8968,2448,منطقه 1,تکنولوژی پرتوشناسی,دانشگاه علوم پزشکی شیراز
1396,تجربی,8968,2448,منطقه 1,داروسازی,دانشگاه علوم پزشکی جندی شاپور - اهواز - پردیس خودگردان
1396,تجربی,8968,3721,منطقه 2,فیزیوتراپی,دانشگاه علوم پزشکی بابل - پردیس خودگردان
1396,تجربی,8982,1464,منطقه 3,فیزیوتراپی,دانشگاه علوم بهزیستی و توانبخشی تهران(رشته های گروه پزشکی)
1396,تجربی,8982,1464,منطقه 3,پزشکی,دانشگاه علوم پزشکی یاسوج
1396,تجربی,8982,3725,منطقه 2,پزشکی,دانشگاه علوم پزشکی زاهدان - پردیس خودگردان
1396,تجربی,8992,1467,منطقه 3,داروسازی,دانشگاه علوم پزشکی کرمان
1396,تجربی,8992,1467,منطقه 3,فیزیوتراپی,دانشگاه علوم پزشکی سمنان
1396,تجربی,8992,1467,منطقه 3,پزشکی,دانشگاه علوم پزشکی مازندران - ساری - پردیس خودگردان
1396,تجربی,8992,1467,منطقه 3,پزشکی,دانشگاه علوم پزشکی کرمانشاه - پردیس خودگردان
1396,تجربی,8992,3728,منطقه 2,پزشکی,دانشگاه علوم پزشکی زاهدان - پردیس خودگردان
1396,تجربی,9001,1470,منطقه 3,پزشکی,دانشگاه علوم پزشکی کرمان - پردیس خودگردان
1396,تجربی,9014,1472,منطقه 3,داروسازی,دانشگاه علوم پزشکی زنجان - پردیس خودگردان
1396,تجربی,9014,3737,منطقه 2,روانشناسی,دانشگاه تهران
1396,تجربی,9026,1474,منطقه 3,پزشکی,دانشگاه علوم پزشکی گلستان - گرگان - پردیس خودگردان
1396,تجربی,9042,1475,منطقه 3,پرستاری - نیمسال اول,دانشگاه علوم پزشکی شهید بهشتی - تهران
1396,تجربی,9055,2475,منطقه 1,پزشکی,دانشگاه علوم پزشکی زابل
1396,تجربی,9055,3752,منطقه 2,داروسازی,دانشگاه علوم پزشکی جندی شاپور - اهواز - پردیس خودگردان
1396,تجربی,9055,3752,منطقه 2,علوم آزمایشگاهی,دانشگاه علوم پزشکی شهید بهشتی - تهران
1396,تجربی,9066,3758,منطقه 2,بینایی سنجی,دانشگاه علوم پزشکی زاهدان
1396,تجربی,9066,3758,منطقه 2,پرستاری,دانشگاه علوم پزشکی شهیدبهشتی تهران - پردیس خودگردان
1396,تجربی,9079,3766,منطقه 2,داروسازی - بومی استان زنجان,دانشگاه علوم پزشکی زنجان
1396,تجربی,9079,3766,منطقه 2,پزشکی - بومی خوزستان,دانشگاه علوم پزشکی جندی شاپور اهواز
1396,تجربی,9092,1480,منطقه 3,پزشکی - پذیرش ازمیان داوطلبان بسیجی وجذب بصورت بورسیه واستخدام سپاه,دانشگاه علوم پزشکی بقیه الله
1396,تجربی,9105,1482,منطقه 3,داروسازی,دانشگاه علوم پزشکی بندرعباس
1396,تجربی,9105,1482,منطقه 3,فیزیوتراپی - نیمسال اول,دانشگاه علوم پزشکی گیلان - رشت
1396,تجربی,9105,3775,منطقه 2,پرستاری - نیمسال اول,دانشگاه علوم پزشکی شهید بهشتی - تهران
1396,تجربی,9119,1486,منطقه 3,پزشکی - محل تحصیل آران و بیدگل,دانشگاه علوم پزشکی کاشان(آران وبیدگل)
1396,تجربی,9119,3780,منطقه 2,علوم آزمایشگاهی,دانشگاه علوم پزشکی زنجان
1396,تجربی,9119,3780,منطقه 2,علوم تغذیه,دانشگاه علوم پزشکی کرمان
1396,تجربی,9132,2499,منطقه 1,علوم آزمایشگاهی - نیمسال اول,دانشگاه علوم پزشکی تبریز
1396,تجربی,9132,3784,منطقه 2,داروسازی,دانشگاه علوم پزشکی کرمان - پردیس خودگردان
1396,تجربی,9144,1490,منطقه 3,دندانپزشکی - بومی استان ایلام,دانشگاه علوم پزشکی ایلام
1396,تجربی,9144,1490,منطقه 3,پزشکی - بومی خوزستان,دانشگاه علوم پزشکی جندی شاپور اهواز
1396,تجربی,9144,3788,منطقه 2,پرستاری - نیمسال اول,دانشگاه علوم پزشکی شهید بهشتی - تهران
1396,تجربی,9156,1493,منطقه 3,پزشکی,دانشگاه علوم پزشکی اراک
1396,تجربی,9156,1493,منطقه 3,پزشکی,دانشگاه علوم پزشکی شهرکرد
1396,تجربی,9156,3794,منطقه 2,پزشکی - بومی استان اصفهان,دانشگاه علوم پزشکی اصفهان
1396,تجربی,9170,1496,منطقه 3,پزشکی,دانشگاه علوم پزشکی بیرجند
1396,تجربی,9170,3801,منطقه 2,پزشکی - بومی سیستان وبلوچستان,دانشگاه علوم پزشکی زاهدان
1396,تجربی,9182,1499,منطقه 3,علوم آزمایشگاهی,دانشگاه علوم پزشکی کرمان
1396,تجربی,9192,2513,منطقه 1,داروسازی - بومی خراسان رضوی,دانشگاه علوم پزشکی مشهد
1396,تجربی,9192,2513,منطقه 1,علوم آزمایشگاهی,دانشگاه علوم پزشکی شهید بهشتی - تهران
1396,تجربی,9192,3809,منطقه 2,علوم تغذیه - نیمسال دوم,دانشگاه علوم پزشکی شهید بهشتی - تهران
1396,تجربی,9192,3809,منطقه 2,فیزیوتراپی,دانشگاه علوم پزشکی جندی شاپور - اهواز - پردیس خودگردان
1396,تجربی,9205,1504,منطقه 3,دندانپزشکی,دانشگاه علوم پزشکی اصفهان - پردیس خودگردان
1396,تجربی,9205,1504,منطقه 3,پزشکی,دانشگاه علوم پزشکی اردبیل - پردیس خودگردان
1396,تجربی,9205,2516,منطقه 1,علوم آزمایشگاهی,دانشگاه علوم پزشکی شهید بهشتی - تهران
1396,تجربی,9205,3816,منطقه 2,شنوایی شناسی,دانشگاه علوم پزشکی بابل
1396,تجربی,9205,3816,منطقه 2,پزشکی - بومی استان اصفهان,دانشگاه علوم پزشکی اصفهان
1396,تجربی,9215,3820,منطقه 2,علوم آزمایشگاهی,دانشگاه علوم پزشکی شهید بهشتی - تهران
1396,تجربی,9223,1506,منطقه 3,پزشکی,دانشگاه علوم پزشکی بیرجند
1396,تجربی,9223,2521,منطقه 1,تکنولوژی پرتوشناسی,دانشگاه علوم پزشکی تبریز
1396,تجربی,9239,1509,منطقه 3,فیزیوتراپی,دانشگاه علوم پزشکی بابل
1396,تجربی,9239,1509,منطقه 3,پزشکی,دانشگاه علوم پزشکی اردبیل - پردیس خودگردان
1396,تجربی,9239,2525,منطقه 1,پرستاری - نیمسال اول,دانشگاه علوم پزشکی تبریز
1396,تجربی,9239,3829,منطقه 2,بینایی سنجی,دانشگاه علوم پزشکی شهیدبهشتی تهران - پردیس خودگردان
1396,تجربی,9239,3829,منطقه 2,شیمی - کاربردی,دانشگاه صنعتی شریف - تهران
1396,تجربی,9239,3829,منطقه 2,پرستاری - نیمسال اول,دانشگاه علوم پزشکی شهید بهشتی - تهران
1396,تجربی,9256,1512,منطقه 3,پرستاری,دانشگاه علوم پزشکی تهران
1396,تجربی,9256,3835,منطقه 2,پرستاری,دانشگاه علوم پزشکی یزد - پردیس خودگردان
1396,تجربی,9268,2531,منطقه 1,دامپزشکی,دانشگاه تهران
1396,تجربی,9277,1516,منطقه 3,دندانپزشکی - بومی شهرستان میناب و رودان,دانشگاه علوم پزشکی بندرعباس
1396,تجربی,9277,2533,منطقه 1,تکنولوژی پرتوشناسی,دانشگاه علوم پزشکی همدان
1396,تجربی,9277,3843,منطقه 2,داروسازی - بومی لرستان,دانشگاه علوم پزشکی لرستان - خرم آباد
1396,تجربی,9277,3843,منطقه 2,علوم و صنایع غذایی - نیمسال اول,دانشگاه علوم پزشکی شهید بهشتی - تهران
1396,تجربی,9277,3843,منطقه 2,فیزیوتراپی,دانشگاه علوم پزشکی جندی شاپور - اهواز - پردیس خودگردان
1396,تجربی,9287,1518,منطقه 3,بینایی سنجی,دانشگاه علوم پزشکی مشهد
1396,تجربی,9287,1518,منطقه 3,داروسازی - بومی لرستان,دانشگاه علوم پزشکی لرستان - خرم آباد
1396,تجربی,9287,3848,منطقه 2,پرستاری - نیمسال اول,دانشگاه علوم پزشکی تهران
1396,تجربی,9287,3848,منطقه 2,پرستاری - نیمسال دوم,دانشگاه علوم پزشکی تهران
1396,تجربی,9287,3848,منطقه 2,پزشکی - بومی استان اصفهان,دانشگاه علوم پزشکی کاشان
1396,تجربی,9304,1521,منطقه 3,پزشکی,دانشگاه علوم پزشکی شهرکرد
1396,تجربی,9304,3859,منطقه 2,بینایی سنجی,دانشگاه علوم پزشکی شهیدبهشتی تهران - پردیس خودگردان
1396,تجربی,9304,3859,منطقه 2,علوم تغذیه - نیمسال اول,دانشگاه علوم پزشکی شهید بهشتی - تهران
1396,تجربی,9317,2539,منطقه 1,علوم تغذیه,دانشگاه علوم پزشکی اصفهان
1396,تجربی,9331,1524,منطقه 3,فیزیوتراپی,دانشگاه علوم پزشکی سمنان
1396,تجربی,9331,3872,منطقه 2,علوم آزمایشگاهی,دانشگاه علوم پزشکی شهید بهشتی - تهران
1396,تجربی,9347,1526,منطقه 3,دندانپزشکی,دانشگاه علوم پزشکی جندی شاپور - اهواز - پردیس خودگردان
1396,تجربی,9347,1526,منطقه 3,پزشکی,دانشگاه علوم پزشکی زنجان - پردیس خودگردان
1396,تجربی,9347,1526,منطقه 3,پزشکی,دانشگاه علوم پزشکی مازندران - ساری - پردیس خودگردان
1396,تجربی,9347,3878,منطقه 2,بینایی سنجی,دانشگاه علوم پزشکی شهیدبهشتی تهران - پردیس خودگردان
1396,تجربی,9347,3878,منطقه 2,دامپزشکی,دانشگاه شهرکرد
1396,تجربی,9365,2555,منطقه 1,پرستاری - نیمسال دوم,دانشگاه علوم پزشکی همدان
1396,تجربی,9365,3886,منطقه 2,داروسازی,دانشگاه علوم پزشکی کرمانشاه - پردیس خودگردان
1396,تجربی,9379,1529,منطقه 3,پرستاری - نیمسال اول,دانشگاه علوم پزشکی شهید بهشتی - تهران
1396,تجربی,9379,3891,منطقه 2,علوم آزمایشگاهی,دانشگاه علوم پزشکی شهید بهشتی - تهران
1396,تجربی,9393,1532,منطقه 3,داروسازی,دانشگاه علوم پزشکی لرستان - خرم آباد
1396,تجربی,9393,1532,منطقه 3,پزشکی,دانشگاه علوم پزشکی جندی شاپور - اهواز - پردیس خودگردان
1396,تجربی,9393,1532,منطقه 3,پزشکی,دانشگاه علوم پزشکی خراسان شمالی - بجنورد
1396,تجربی,9393,1532,منطقه 3,پزشکی,دانشگاه علوم پزشکی قزوین
1396,تجربی,9393,1532,منطقه 3,پزشکی - بومی استان بوشهر,دانشگاه علوم پزشکی بوشهر
1396,تجربی,9393,2564,منطقه 1,داروسازی,دانشگاه علوم پزشکی بندرعباس
1396,تجربی,9393,3897,منطقه 2,آموزش ابتدایی - بومی آذربایجان غربی,پردیس علامه طباطبایی - ارومیه
1396,تجربی,9393,3897,منطقه 2,بینایی سنجی,دانشگاه علوم پزشکی زاهدان - پردیس خودگردان
1396,تجربی,9409,1536,منطقه 3,پزشکی,دانشگاه علوم پزشکی کرمانشاه - پردیس خودگردان
1396,تجربی,9409,3903,منطقه 2,اتاق عمل,دانشگاه علوم پزشکی جهرم
1396,تجربی,9409,3903,منطقه 2,داروسازی - بومی استان کرمان,دانشگاه علوم پزشکی کرمان
1396,تجربی,9409,3903,منطقه 2,علوم آزمایشگاهی,دانشگاه علوم پزشکی گیلان - رشت (محل تحصیل پیرا پزشکی لنگرود)
1396,تجربی,9424,1538,منطقه 3,پزشکی - بومی سیستان وبلوچستان,دانشگاه علوم پزشکی زاهدان
1396,تجربی,9424,2573,منطقه 1,دامپزشکی,دانشگاه شیراز
1396,تجربی,9424,3907,منطقه 2,علوم آزمایشگاهی,دانشگاه علوم پزشکی ایران
1396,تجربی,9434,3913,منطقه 2,علوم تغذیه,دانشگاه علوم پزشکی شیراز
1396,تجربی,9434,3913,منطقه 2,علوم تغذیه - نیمسال دوم,دانشگاه علوم پزشکی شهید بهشتی - تهران
1396,تجربی,9446,2576,منطقه 1,علوم آزمایشگاهی - نیمسال اول,دانشگاه علوم پزشکی تبریز
1396,تجربی,9446,3921,منطقه 2,علوم آزمایشگاهی,دانشگاه علوم پزشکی ایران
1396,تجربی,9446,3921,منطقه 2,علوم تغذیه,دانشگاه علوم پزشکی اصفهان
1396,تجربی,9446,3921,منطقه 2,هوشبری,دانشگاه علوم پزشکی تهران
1396,تجربی,9462,1543,منطقه 3,پزشکی,دانشگاه علوم پزشکی کرمان - پردیس خودگردان
1396,تجربی,9462,1543,منطقه 3,کاردرمانی,دانشگاه علوم بهزیستی و توانبخشی تهران(رشته های گروه پزشکی)
1396,تجربی,9481,1547,منطقه 3,داروسازی,دانشگاه علوم پزشکی تهران - پردیس خودگردان
1396,تجربی,9481,3936,منطقه 2,داروسازی,دانشگاه علوم پزشکی یزد - پردیس خودگردان
1396,تجربی,9481,3936,منطقه 2,پرستاری - نیمسال اول,دانشگاه علوم پزشکی شهید بهشتی - تهران
1396,تجربی,9499,3943,منطقه 2,شنوایی شناسی,دانشگاه علوم پزشکی همدان
1396,تجربی,9512,1551,منطقه 3,داروسازی,دانشگاه علوم پزشکی اصفهان - پردیس خودگردان
1396,تجربی,9512,3948,منطقه 2,شنوایی شناسی,دانشگاه علوم پزشکی تهران
1396,تجربی,9512,3948,منطقه 2,علوم آزمایشگاهی,دانشگاه علوم پزشکی البرز - کرج
1396,تجربی,9521,2599,منطقه 1,پرستاری - نیمسال اول,دانشگاه علوم پزشکی شیراز
1396,تجربی,9530,2602,منطقه 1,علوم آزمایشگاهی,دانشگاه علوم پزشکی مشهد
1396,تجربی,9541,3960,منطقه 2,تکنولوژی پرتوشناسی,دانشگاه علوم پزشکی شیراز
1396,تجربی,9541,3960,منطقه 2,شنوایی شناسی,دانشگاه علوم پزشکی اصفهان
1396,تجربی,9553,1557,منطقه 3,پزشکی,دانشگاه علوم پزشکی گلستان - گرگان - پردیس خودگردان
1396,تجربی,9553,3967,منطقه 2,دامپزشکی,دانشگاه شیراز
1396,تجربی,9565,1559,منطقه 3,داروسازی,دانشگاه علوم پزشکی گیلان - رشت
1396,تجربی,9565,2610,منطقه 1,مامایی,دانشگاه علوم پزشکی خراسان شمالی - بجنورد
1396,تجربی,9565,3972,منطقه 2,شنوایی شناسی,دانشگاه علوم پزشکی شهید بهشتی - تهران
1396,تجربی,9565,3972,منطقه 2,فیزیوتراپی,دانشگاه علوم پزشکی زاهدان - پردیس خودگردان
1396,تجربی,9582,1563,منطقه 3,پزشکی,دانشگاه علوم پزشکی کرمان - پردیس خودگردان
1396,تجربی,9593,2617,منطقه 1,شیمی محض,دانشگاه تهران
1396,تجربی,9593,2617,منطقه 1,پرستاری - نیمسال اول,دانشگاه علوم پزشکی شهید بهشتی - تهران
1396,تجربی,9593,3984,منطقه 2,شنوایی شناسی,دانشگاه علوم پزشکی بابل
1396,تجربی,9593,3984,منطقه 2,علوم تغذیه,دانشگاه علوم پزشکی اصفهان
1396,تجربی,9593,3984,منطقه 2,فیزیوتراپی,دانشگاه علوم پزشکی کرمان - پردیس خودگردان
1396,تجربی,9593,3984,منطقه 2,پزشکی,دانشگاه علوم پزشکی زابل
1396,تجربی,9608,1567,منطقه 3,علوم تغذیه,دانشگاه علوم پزشکی بوشهر
1396,تجربی,9608,2622,منطقه 1,داروسازی - پذیرش ازمیان داوطلبان وجذب بصورت بورسیه واستخدام نیروی انتظامی,دانشگاه علوم پزشکی بقیه الله
1396,تجربی,9608,3991,منطقه 2,دامپزشکی,دانشگاه فردوسی - مشهد
1396,تجربی,9626,1571,منطقه 3,پزشکی,دانشگاه علوم پزشکی کرمانشاه - پردیس خودگردان
1396,تجربی,9626,2628,منطقه 1,هوشبری,دانشگاه علوم پزشکی تهران
1396,تجربی,9626,3997,منطقه 2,بینایی سنجی,دانشگاه علوم پزشکی شهیدبهشتی تهران - پردیس خودگردان
1396,تجربی,9626,3997,منطقه 2,فیزیوتراپی,دانشگاه علوم پزشکی زاهدان - پردیس خودگردان
1396,تجربی,9640,1574,منطقه 3,دندانپزشکی,دانشگاه علوم پزشکی جندی شاپور - اهواز - پردیس خودگردان
1396,تجربی,9640,4003,منطقه 2,دامپزشکی,دانشگاه تبریز
1396,تجربی,9649,1577,منطقه 3,داروسازی,دانشگاه علوم پزشکی اصفهان - پردیس خودگردان
1396,تجربی,9649,1577,منطقه 3,فیزیوتراپی,دانشگاه علوم پزشکی سمنان
1396,تجربی,9649,2632,منطقه 1,علوم آزمایشگاهی,دانشگاه علوم پزشکی ایران
1396,تجربی,9649,4006,منطقه 2,آموزش ابتدایی - بومی استان چهارمحال وبختیاری,پردیس شهید باهنر - شهرکرد
1396,تجربی,9660,1580,منطقه 3,پرستاری - نیمسال اول,دانشگاه علوم پزشکی ایران
1396,تجربی,9672,4014,منطقه 2,تکنولوژی پرتوشناسی,دانشگاه علوم پزشکی تهران
1396,تجربی,9672,4014,منطقه 2,داروسازی,دانشگاه علوم پزشکی اردبیل - پردیس خودگردان
1396,تجربی,9682,1585,منطقه 3,داروسازی,دانشگاه علوم پزشکی مشهد - پردیس خودگردان
1396,تجربی,9682,1585,منطقه 3,پزشکی,دانشگاه علوم پزشکی رفسنجان
1396,تجربی,9682,4020,منطقه 2,تکنولوژی پرتودرمانی,دانشگاه علوم پزشکی شهید بهشتی - تهران
1396,تجربی,9682,4020,منطقه 2,علوم آزمایشگاهی,دانشگاه علوم پزشکی ایران
1396,تجربی,9697,1587,منطقه 3,داروسازی,دانشگاه علوم پزشکی همدان - پردیس خودگردان
1396,تجربی,9697,4025,منطقه 2,داروسازی - بومی استان زنجان,دانشگاه علوم پزشکی زنجان
1396,تجربی,9713,1589,منطقه 3,پزشکی,دانشگاه علوم پزشکی یزد
1396,تجربی,9713,4031,منطقه 2,پزشکی - بومی استان اصفهان,دانشگاه علوم پزشکی اصفهان
1396,تجربی,9725,1590,منطقه 3,فیزیوتراپی,دانشگاه علوم پزشکی اصفهان
1396,تجربی,9725,4035,منطقه 2,داروسازی - بومی خوزستان,دانشگاه علوم پزشکی جندی شاپور اهواز
1396,تجربی,9725,4035,منطقه 2,علوم آزمایشگاهی,دانشگاه علوم پزشکی اردبیل
1396,تجربی,9734,1591,منطقه 3,داروسازی,دانشگاه علوم پزشکی کرمان - پردیس خودگردان
1396,تجربی,9734,4039,منطقه 2,پزشکی - بومی استان اصفهان,دانشگاه علوم پزشکی اصفهان
1396,تجربی,9747,1592,منطقه 3,دندانپزشکی,دانشگاه علوم پزشکی بندرعباس - پردیس خودگردان
1396,تجربی,9747,2654,منطقه 1,بینایی سنجی,دانشگاه علوم پزشکی زاهدان - پردیس خودگردان
1396,تجربی,9747,2654,منطقه 1,دامپزشکی,دانشگاه فردوسی - مشهد
1396,تجربی,9747,4047,منطقه 2,داروسازی,دانشگاه علوم پزشکی کرمانشاه - پردیس خودگردان
1396,تجربی,9747,4047,منطقه 2,دامپزشکی,دانشگاه فردوسی - مشهد
1396,تجربی,9747,4047,منطقه 2,پرستاری - نیمسال اول,دانشگاه علوم پزشکی اصفهان
1396,تجربی,9747,4047,منطقه 2,پرستاری - نیمسال اول,دانشگاه علوم پزشکی تهران
1396,تجربی,9747,4047,منطقه 2,پرستاری - نیمسال اول,دانشگاه علوم پزشکی همدان
1396,تجربی,9761,2658,منطقه 1,دامپزشکی,دانشگاه فردوسی - مشهد
1396,تجربی,9776,2663,منطقه 1,داروسازی,دانشگاه علوم پزشکی کرمانشاه - پردیس خودگردان
1396,تجربی,9776,2663,منطقه 1,روانشناسی,دانشگاه شهید بهشتی - تهران
1396,تجربی,9776,4058,منطقه 2,پرستاری - نیمسال اول,دانشگاه علوم پزشکی ایران
1396,تجربی,9792,1596,منطقه 3,پزشکی,دانشگاه علوم پزشکی قزوین
1396,تجربی,9792,4067,منطقه 2,بینایی سنجی,دانشگاه علوم پزشکی زاهدان - پردیس خودگردان
1396,تجربی,9792,4067,منطقه 2,پرستاری - نیمسال اول,دانشگاه علوم پزشکی ایران
1396,تجربی,9818,2668,منطقه 1,علوم آزمایشگاهی,دانشگاه علوم پزشکی اصفهان
1396,تجربی,9818,4085,منطقه 2,شنوایی شناسی,دانشگاه علوم پزشکی شهید بهشتی - تهران
1396,تجربی,9818,4085,منطقه 2,پرستاری - نیمسال اول,دانشگاه علوم پزشکی شهید بهشتی - تهران
1396,تجربی,9833,2672,منطقه 1,روانشناسی,دانشگاه شهید بهشتی - تهران
1396,تجربی,9833,4091,منطقه 2,شنوایی شناسی,دانشگاه علوم پزشکی شهید بهشتی - تهران
1396,تجربی,9859,1603,منطقه 3,داروسازی,دانشگاه علوم پزشکی گیلان - رشت
1396,تجربی,9859,4100,منطقه 2,داروسازی,دانشگاه علوم پزشکی یزد - پردیس خودگردان
1396,تجربی,9871,4104,منطقه 2,پرستاری - نیمسال اول,دانشگاه علوم پزشکی شیراز
1396,تجربی,9884,1608,منطقه 3,دندانپزشکی,دانشگاه علوم پزشکی بندرعباس - پردیس خودگردان
1396,تجربی,9884,1608,منطقه 3,شنوایی شناسی,دانشگاه علوم پزشکی تهران
1396,تجربی,9884,1608,منطقه 3,پرستاری - نیمسال اول,دانشگاه علوم پزشکی کردستان - سنندج
1396,تجربی,9884,4110,منطقه 2,اعضای مصنوعی,دانشگاه علوم بهزیستی و توانبخشی تهران(رشته های گروه پزشکی)
1396,تجربی,9884,4110,منطقه 2,شنوایی شناسی,دانشگاه علوم پزشکی ایران
1396,تجربی,9897,2692,منطقه 1,داروسازی,دانشگاه علوم پزشکی اردبیل - پردیس خودگردان
1396,تجربی,9897,4116,منطقه 2,اتاق عمل,دانشگاه علوم پزشکی تهران
1396,تجربی,9916,1614,منطقه 3,دندانپزشکی,دانشگاه علوم پزشکی بندرعباس - پردیس خودگردان
1396,تجربی,9922,1616,منطقه 3,پرستاری - نیمسال اول,دانشگاه علوم پزشکی تهران
1396,تجربی,9922,2699,منطقه 1,داروسازی,دانشگاه علوم پزشکی یزد - پردیس خودگردان
1396,تجربی,9931,1618,منطقه 3,پزشکی - نیمسال دوم,دانشگاه علوم پزشکی شهرکرد
1396,تجربی,9931,4131,منطقه 2,اعضای مصنوعی,دانشگاه علوم پزشکی ایران
1396,تجربی,9945,1622,منطقه 3,پزشکی,دانشگاه علوم پزشکی کرمانشاه - پردیس خودگردان
1396,تجربی,9945,2705,منطقه 1,علوم آزمایشگاهی - نیمسال اول,دانشگاه علوم پزشکی تبریز
1396,تجربی,9945,2705,منطقه 1,پرستاری - نیمسال دوم,دانشگاه علوم پزشکی شیراز
1396,تجربی,9958,1626,منطقه 3,پزشکی,دانشگاه علوم پزشکی بوشهر
1396,تجربی,9958,1626,منطقه 3,پزشکی,دانشگاه علوم پزشکی همدان - پردیس خودگردان
1396,تجربی,9958,1626,منطقه 3,پزشکی,دانشگاه علوم پزشکی کردستان - سنندج
1396,تجربی,9958,4138,منطقه 2,علوم آزمایشگاهی,دانشگاه علوم پزشکی شهیدبهشتی تهران - پردیس خودگردان
1396,تجربی,9967,2710,منطقه 1,داروسازی,دانشگاه علوم پزشکی یزد - پردیس خودگردان
1396,تجربی,9967,4142,منطقه 2,علوم تغذیه,دانشگاه علوم پزشکی کاشان
1396,تجربی,9976,1631,منطقه 3,دندانپزشکی,دانشگاه علوم پزشکی زاهدان - پردیس خودگردان
1396,تجربی,9976,2714,منطقه 1,علوم آزمایشگاهی - نیمسال اول,دانشگاه علوم پزشکی تبریز
1396,تجربی,9976,4145,منطقه 2,علوم تغذیه,دانشگاه علوم پزشکی تبریز
1396,تجربی,9976,4145,منطقه 2,پرستاری - نیمسال دوم,دانشگاه علوم پزشکی ایران
1396,ریاضی,1,1,منطقه 1,مهندسی کامپیوتر,دانشگاه صنعتی شریف - تهران
1396,ریاضی,2,1,منطقه 2,مهندسی کامپیوتر,دانشگاه صنعتی شریف - تهران
1396,ریاضی,4,3,منطقه 1,مهندسی برق,دانشگاه صنعتی شریف - تهران
1396,ریاضی,5,4,منطقه 1,مهندسی شیمی,دانشگاه صنعتی شریف - تهران
1396,ریاضی,6,2,منطقه 2,مهندسی برق,دانشگاه صنعتی شریف - تهران
1396,ریاضی,7,5,منطقه 1,مهندسی برق,دانشگاه صنعتی شریف - تهران
1396,ریاضی,9,7,منطقه 1,مهندسی کامپیوتر,دانشگاه صنعتی شریف - تهران
1396,ریاضی,10,1,ایثارگر-25%,مهندسی برق,دانشگاه صنعتی شریف - تهران
1396,ریاضی,11,8,منطقه 1,مهندسی مکانیک,دانشگاه صنعتی شریف - تهران
1396,ریاضی,12,3,منطقه 2,مهندسی برق,دانشگاه صنعتی شریف - تهران
1396,ریاضی,14,5,منطقه 2,مهندسی برق,دانشگاه صنعتی شریف - تهران
1396,ریاضی,15,6,منطقه 2,مهندسی برق,دانشگاه صنعتی شریف - تهران
1396,ریاضی,16,9,منطقه 1,مهندسی برق,دانشگاه صنعتی شریف - تهران
1396,ریاضی,17,10,منطقه 1,مهندسی کامپیوتر,دانشگاه صنعتی شریف - تهران
1396,ریاضی,18,11,منطقه 1,مهندسی برق,دانشگاه صنعتی شریف - تهران
1396,ریاضی,19,1,ایثارگر-5%,مهندسی کامپیوتر,دانشگاه صنعتی شریف - تهران
1396,ریاضی,20,7,منطقه 2,مهندسی کامپیوتر,دانشگاه صنعتی شریف - تهران
1396,ریاضی,21,8,منطقه 2,مهندسی کامپیوتر,دانشگاه صنعتی شریف - تهران
1396,ریاضی,21,12,منطقه 1,مهندسی مکانیک,دانشگاه صنعتی شریف - تهران
1396,ریاضی,23,13,منطقه 1,مهندسی مکانیک,دانشگاه صنعتی شریف - تهران
1396,ریاضی,24,1,منطقه 3,مهندسی کامپیوتر,دانشگاه صنعتی شریف - تهران
1396,ریاضی,28,17,منطقه 1,مهندسی مکانیک,دانشگاه صنعتی شریف - تهران
1396,ریاضی,31,9,منطقه 2,مهندسی کامپیوتر,دانشگاه صنعتی شریف - تهران
1396,ریاضی,34,10,منطقه 2,مهندسی کامپیوتر,دانشگاه صنعتی شریف - تهران
1396,ریاضی,35,22,منطقه 1,مهندسی برق,دانشگاه صنعتی شریف - تهران
1396,ریاضی,38,25,منطقه 1,مهندسی برق,دانشگاه صنعتی شریف - تهران
1396,ریاضی,38,25,منطقه 1,مهندسی کامپیوتر,دانشگاه صنعتی شریف - تهران
1396,ریاضی,40,11,منطقه 2,مهندسی برق,دانشگاه صنعتی شریف - تهران
1396,ریاضی,42,12,منطقه 2,مهندسی برق,دانشگاه صنعتی شریف - تهران
1396,ریاضی,43,28,منطقه 1,مهندسی مکانیک,دانشگاه صنعتی شریف - تهران
1396,ریاضی,46,13,منطقه 2,مهندسی برق,دانشگاه صنعتی شریف - تهران
1396,ریاضی,47,14,منطقه 2,مهندسی برق,دانشگاه صنعتی شریف - تهران
1396,ریاضی,49,32,منطقه 1,مهندسی برق,دانشگاه صنعتی شریف - تهران
1396,ریاضی,51,16,منطقه 2,مهندسی کامپیوتر,دانشگاه صنعتی شریف - تهران
1396,ریاضی,52,33,منطقه 1,مهندسی کامپیوتر,دانشگاه صنعتی شریف - تهران
1396,ریاضی,54,2,منطقه 3,مهندسی برق,دانشگاه صنعتی شریف - تهران
1396,ریاضی,57,18,منطقه 2,مهندسی کامپیوتر,دانشگاه صنعتی شریف - تهران
1396,ریاضی,58,36,منطقه 1,مهندسی کامپیوتر,دانشگاه صنعتی شریف - تهران
1396,ریاضی,61,3,منطقه 3,مهندسی مکانیک,دانشگاه صنعتی شریف - تهران
1396,ریاضی,62,39,منطقه 1,مهندسی کامپیوتر,دانشگاه صنعتی شریف - تهران
1396,ریاضی,65,19,منطقه 2,مهندسی برق,دانشگاه صنعتی شریف - تهران
1396,ریاضی,66,42,منطقه 1,مهندسی کامپیوتر,دانشگاه صنعتی شریف - تهران
1396,ریاضی,67,20,منطقه 2,مهندسی برق,دانشگاه صنعتی شریف - تهران
1396,ریاضی,69,44,منطقه 1,مهندسی صنایع,دانشگاه صنعتی شریف - تهران
1396,ریاضی,70,45,منطقه 1,مهندسی برق,دانشگاه صنعتی شریف - تهران
1396,ریاضی,71,21,منطقه 2,فیزیک,دانشگاه صنعتی شریف - تهران
1396,ریاضی,73,47,منطقه 1,مهندسی برق,دانشگاه صنعتی شریف - تهران
1396,ریاضی,75,22,منطقه 2,مهندسی برق,دانشگاه صنعتی شریف - تهران
1396,ریاضی,77,2,ایثارگر-5%,مهندسی کامپیوتر,دانشگاه صنعتی شریف - تهران
1396,ریاضی,78,50,منطقه 1,مهندسی برق,دانشگاه صنعتی شریف - تهران
1396,ریاضی,79,23,منطقه 2,مهندسی کامپیوتر,دانشگاه صنعتی شریف - تهران
1396,ریاضی,81,24,منطقه 2,مهندسی معماری,دانشگاه تهران
1396,ریاضی,82,52,منطقه 1,مهندسی کامپیوتر,دانشگاه صنعتی شریف - تهران
1396,ریاضی,86,56,منطقه 1,مهندسی برق,دانشگاه صنعتی شریف - تهران
1396,ریاضی,87,4,منطقه 3,مهندسی کامپیوتر,دانشگاه صنعتی شریف - تهران
1396,ریاضی,87,25,منطقه 2,مهندسی برق,دانشگاه صنعتی شریف - تهران
1396,ریاضی,89,57,منطقه 1,مهندسی برق,دانشگاه صنعتی شریف - تهران
1396,ریاضی,89,57,منطقه 1,مهندسی کامپیوتر,دانشگاه صنعتی شریف - تهران
1396,ریاضی,91,26,منطقه 2,مهندسی برق,دانشگاه صنعتی شریف - تهران
1396,ریاضی,93,27,منطقه 2,مهندسی کامپیوتر,دانشگاه صنعتی شریف - تهران
1396,ریاضی,96,62,منطقه 1,مهندسی کامپیوتر,دانشگاه صنعتی شریف - تهران
1396,ریاضی,97,63,منطقه 1,مهندسی برق,دانشگاه صنعتی شریف - تهران
1396,ریاضی,98,28,منطقه 2,مهندسی مکانیک,دانشگاه صنعتی شریف - تهران
1396,ریاضی,101,29,منطقه 2,مهندسی صنایع,دانشگاه صنعتی شریف - تهران
1396,ریاضی,103,30,منطقه 2,مهندسی کامپیوتر,دانشگاه صنعتی شریف - تهران
1396,ریاضی,104,31,منطقه 2,مهندسی مکانیک,دانشگاه صنعتی شریف - تهران
1396,ریاضی,104,66,منطقه 1,مهندسی برق,دانشگاه صنعتی شریف - تهران
1396,ریاضی,108,32,منطقه 2,مهندسی کامپیوتر,دانشگاه صنعتی شریف - تهران
1396,ریاضی,116,75,منطقه 1,مهندسی برق,دانشگاه صنعتی شریف - تهران
1396,ریاضی,121,33,منطقه 2,مهندسی برق,دانشگاه صنعتی شریف - تهران
1396,ریاضی,124,34,منطقه 2,مهندسی برق,دانشگاه صنعتی شریف - تهران
1396,ریاضی,125,35,منطقه 2,مهندسی برق,دانشگاه صنعتی شریف - تهران
1396,ریاضی,128,36,منطقه 2,مهندسی برق,دانشگاه صنعتی شریف - تهران
1396,ریاضی,129,84,منطقه 1,مهندسی برق,دانشگاه صنعتی شریف - تهران
1396,ریاضی,131,37,منطقه 2,مهندسی برق,دانشگاه صنعتی شریف - تهران
1396,ریاضی,131,37,منطقه 2,مهندسی مکانیک,دانشگاه صنعتی شریف - تهران
1396,ریاضی,133,5,منطقه 3,مهندسی برق,دانشگاه صنعتی شریف - تهران
1396,ریاضی,134,86,منطقه 1,مهندسی برق,دانشگاه صنعتی شریف - تهران
1396,ریاضی,136,39,منطقه 2,مهندسی صنایع,دانشگاه صنعتی شریف - تهران
1396,ریاضی,139,6,منطقه 3,مهندسی کامپیوتر,دانشگاه تهران
1396,ریاضی,140,90,منطقه 1,مهندسی برق,دانشگاه صنعتی شریف - تهران
1396,ریاضی,142,40,منطقه 2,مهندسی مکانیک,دانشگاه صنعتی شریف - تهران
1396,ریاضی,145,41,منطقه 2,مهندسی برق,دانشگاه صنعتی شریف - تهران
1396,ریاضی,146,94,منطقه 1,مهندسی برق,دانشگاه صنعتی شریف - تهران
1396,ریاضی,149,97,منطقه 1,مهندسی نفت,دانشگاه صنعتی شریف - تهران
1396,ریاضی,150,98,منطقه 1,مهندسی برق,دانشگاه صنعتی شریف - تهران
1396,ریاضی,155,101,منطقه 1,مهندسی مکانیک,دانشگاه صنعتی شریف - تهران
1396,ریاضی,158,104,منطقه 1,مهندسی برق,دانشگاه صنعتی شریف - تهران
1396,ریاضی,159,42,منطقه 2,مهندسی برق,دانشگاه صنعتی شریف - تهران
1396,ریاضی,159,105,منطقه 1,مهندسی برق,دانشگاه صنعتی شریف - تهران
1396,ریاضی,163,44,منطقه 2,مهندسی مکانیک,دانشگاه صنعتی شریف - تهران
1396,ریاضی,164,6,ایثارگر-5%,مهندسی برق,دانشگاه صنعتی شریف - تهران
1396,ریاضی,167,108,منطقه 1,مهندسی برق,دانشگاه صنعتی شریف - تهران
1396,ریاضی,169,110,منطقه 1,مهندسی کامپیوتر,دانشگاه تهران
1396,ریاضی,170,46,منطقه 2,مهندسی برق,دانشگاه صنعتی شریف - تهران
1396,ریاضی,171,47,منطقه 2,مهندسی برق,دانشگاه صنعتی شریف - تهران
1396,ریاضی,172,111,منطقه 1,مهندسی برق,دانشگاه صنعتی شریف - تهران
1396,ریاضی,174,112,منطقه 1,مهندسی برق,دانشگاه صنعتی شریف - تهران
1396,ریاضی,175,113,منطقه 1,مهندسی مکانیک,دانشگاه صنعتی شریف - تهران
1396,ریاضی,177,115,منطقه 1,مهندسی برق,دانشگاه صنعتی شریف - تهران
1396,ریاضی,178,48,منطقه 2,مهندسی برق,دانشگاه صنعتی شریف - تهران
1396,ریاضی,179,8,ایثارگر-5%,مهندسی برق,دانشگاه صنعتی شریف - تهران
1396,ریاضی,181,49,منطقه 2,مهندسی برق,دانشگاه تهران
1396,ریاضی,184,50,منطقه 2,مهندسی مکانیک,دانشگاه صنعتی شریف - تهران
1396,ریاضی,186,120,منطقه 1,مهندسی برق,دانشگاه صنعتی شریف - تهران
1396,ریاضی,188,52,منطقه 2,مهندسی مکانیک,دانشگاه صنعتی شریف - تهران
1396,ریاضی,191,53,منطقه 2,مهندسی برق,دانشگاه صنعتی شریف - تهران
1396,ریاضی,197,54,منطقه 2,مهندسی برق,دانشگاه صنعتی شریف - تهران
1396,ریاضی,199,10,ایثارگر-5%,مهندسی برق,دانشگاه صنعتی شریف - تهران
1396,ریاضی,200,55,منطقه 2,مهندسی کامپیوتر,دانشگاه تهران
1396,ریاضی,201,128,منطقه 1,مهندسی مکانیک,دانشگاه صنعتی شریف - تهران
1396,ریاضی,202,8,منطقه 3,مهندسی برق,دانشگاه صنعتی شریف - تهران
1396,ریاضی,203,56,منطقه 2,مهندسی برق,دانشگاه صنعتی شریف - تهران
1396,ریاضی,205,57,منطقه 2,مهندسی برق,دانشگاه صنعتی شریف - تهران
1396,ریاضی,206,130,منطقه 1,مهندسی برق,دانشگاه صنعتی شریف - تهران
1396,ریاضی,208,131,منطقه 1,مهندسی برق,دانشگاه صنعتی شریف - تهران
1396,ریاضی,210,58,منطقه 2,مهندسی عمران,دانشگاه صنعتی شریف - تهران
1396,ریاضی,213,134,منطقه 1,مهندسی مکانیک,دانشگاه صنعتی شریف - تهران
1396,ریاضی,216,137,منطقه 1,مهندسی کامپیوتر,دانشگاه صنعتی اصفهان
1396,ریاضی,217,59,منطقه 2,مهندسی کامپیوتر,دانشگاه تهران
1396,ریاضی,218,138,منطقه 1,مهندسی برق,دانشگاه صنعتی شریف - تهران
1396,ریاضی,219,139,منطقه 1,مهندسی برق,دانشگاه تهران
1396,ریاضی,222,60,منطقه 2,علوم کامپیوتر,دانشگاه صنعتی شریف - تهران
1396,ریاضی,224,143,منطقه 1,مهندسی برق,دانشگاه صنعتی شریف - تهران
1396,ریاضی,228,13,ایثارگر-5%,مهندسی پزشکی,دانشگاه تهران
1396,ریاضی,229,62,منطقه 2,مهندسی مکانیک,دانشگاه صنعتی شریف - تهران
1396,ریاضی,230,145,منطقه 1,مهندسی مکانیک,دانشگاه صنعتی شریف - تهران
1396,ریاضی,233,63,منطقه 2,مهندسی کامپیوتر,دانشگاه تهران
1396,ریاضی,234,15,ایثارگر-5%,مهندسی برق,دانشگاه صنعتی شریف - تهران
1396,ریاضی,235,10,منطقه 3,مهندسی مکانیک,دانشگاه صنعتی شریف - تهران
1396,ریاضی,240,64,منطقه 2,مهندسی مکانیک,دانشگاه صنعتی شریف - تهران
1396,ریاضی,242,66,منطقه 2,مهندسی برق,دانشگاه صنعتی شریف - تهران
1396,ریاضی,242,150,منطقه 1,مهندسی مکانیک,دانشگاه صنعتی شریف - تهران
1396,ریاضی,246,67,منطقه 2,مهندسی کامپیوتر,دانشگاه تهران
1396,ریاضی,250,68,منطقه 2,مهندسی کامپیوتر,دانشگاه تهران
1396,ریاضی,251,69,منطقه 2,مهندسی کامپیوتر,دانشگاه تهران
1396,ریاضی,252,70,منطقه 2,مهندسی مکانیک,دانشگاه صنعتی شریف - تهران
1396,ریاضی,253,71,منطقه 2,مهندسی کامپیوتر,دانشگاه تهران
1396,ریاضی,257,158,منطقه 1,مهندسی مکانیک,دانشگاه صنعتی شریف - تهران
1396,ریاضی,258,159,منطقه 1,علوم کامپیوتر,دانشگاه صنعتی شریف - تهران
1396,ریاضی,260,11,منطقه 3,مهندسی برق,دانشگاه تهران
1396,ریاضی,261,73,منطقه 2,مهندسی برق,دانشگاه صنعتی شریف - تهران
1396,ریاضی,263,74,منطقه 2,علوم کامپیوتر,دانشگاه صنعتی شریف - تهران
1396,ریاضی,265,162,منطقه 1,مهندسی مکانیک,دانشگاه صنعتی شریف - تهران
1396,ریاضی,266,163,منطقه 1,مهندسی مکانیک,دانشگاه صنعتی شریف - تهران
1396,ریاضی,267,164,منطقه 1,مهندسی مکانیک,دانشگاه صنعتی شریف - تهران
1396,ریاضی,268,165,منطقه 1,مهندسی هوا فضا,دانشگاه صنعتی شریف - تهران
1396,ریاضی,269,75,منطقه 2,مهندسی عمران,دانشگاه تهران
1396,ریاضی,274,169,منطقه 1,مهندسی مکانیک,دانشگاه صنعتی شریف - تهران
1396,ریاضی,275,77,منطقه 2,مهندسی برق,دانشگاه صنعتی شریف - تهران
1396,ریاضی,275,170,منطقه 1,مهندسی مکانیک,دانشگاه صنعتی شریف - تهران
1396,ریاضی,278,78,منطقه 2,مهندسی مکانیک,دانشگاه صنعتی شریف - تهران
1396,ریاضی,280,79,منطقه 2,مهندسی مکانیک,دانشگاه صنعتی شریف - تهران
1396,ریاضی,284,81,منطقه 2,مهندسی کامپیوتر,دانشگاه تهران
1396,ریاضی,285,82,منطقه 2,مهندسی مکانیک,دانشگاه صنعتی شریف - تهران
1396,ریاضی,291,178,منطقه 1,مهندسی برق,دانشگاه تهران
1396,ریاضی,291,178,منطقه 1,مهندسی مکانیک,دانشگاه تهران
1396,ریاضی,291,178,منطقه 1,مهندسی کامپیوتر,دانشگاه تهران
1396,ریاضی,293,180,منطقه 1,مهندسی مکانیک,دانشگاه صنعتی شریف - تهران
1396,ریاضی,296,183,منطقه 1,مهندسی مکانیک,دانشگاه صنعتی شریف - تهران
1396,ریاضی,300,84,منطقه 2,مهندسی برق,دانشگاه صنعتی شریف - تهران
1396,ریاضی,301,85,منطقه 2,مهندسی کامپیوتر,دانشگاه تهران
1396,ریاضی,303,13,منطقه 3,مهندسی کامپیوتر,دانشگاه تهران
1396,ریاضی,305,86,منطقه 2,مهندسی کامپیوتر,دانشگاه تهران
1396,ریاضی,309,18,ایثارگر-5%,مهندسی کامپیوتر,دانشگاه تهران
1396,ریاضی,309,191,منطقه 1,مهندسی کامپیوتر,دانشگاه تهران
1396,ریاضی,311,192,منطقه 1,مهندسی مکانیک,دانشگاه تهران
1396,ریاضی,312,193,منطقه 1,مهندسی عمران,دانشگاه صنعتی شریف - تهران
1396,ریاضی,319,88,منطقه 2,مهندسی کامپیوتر,دانشگاه صنعتی امیرکبیر - تهران
1396,ریاضی,322,89,منطقه 2,مهندسی کامپیوتر,دانشگاه صنعتی امیرکبیر - تهران
1396,ریاضی,324,200,منطقه 1,مهندسی کامپیوتر,دانشگاه تهران
1396,ریاضی,325,90,منطقه 2,مهندسی کامپیوتر,دانشگاه تهران
1396,ریاضی,327,3,ایثارگر-25%,مهندسی کامپیوتر,دانشگاه صنعتی شریف - تهران
1396,ریاضی,330,20,ایثارگر-5%,مهندسی مکانیک,دانشگاه صنعتی شریف - تهران
1396,ریاضی,331,204,منطقه 1,مهندسی برق,دانشگاه فردوسی - مشهد
1396,ریاضی,332,21,ایثارگر-5%,مهندسی برق,دانشگاه تهران
1396,ریاضی,333,205,منطقه 1,مهندسی برق,دانشگاه تهران
1396,ریاضی,334,91,منطقه 2,مهندسی مکانیک,دانشگاه صنعتی شریف - تهران
1396,ریاضی,335,22,ایثارگر-5%,مهندسی مکانیک,دانشگاه صنعتی شریف - تهران
1396,ریاضی,339,209,منطقه 1,مهندسی مکانیک,دانشگاه تهران
1396,ریاضی,340,210,منطقه 1,مهندسی عمران,دانشگاه صنعتی شریف - تهران
1396,ریاضی,341,211,منطقه 1,مهندسی مکانیک,دانشگاه تهران
1396,ریاضی,343,93,منطقه 2,مهندسی مکانیک,دانشگاه صنعتی شریف - تهران
1396,ریاضی,347,213,منطقه 1,مهندسی برق,دانشگاه تهران
1396,ریاضی,349,15,منطقه 3,مهندسی صنایع,دانشگاه صنعتی شریف - تهران
1396,ریاضی,353,217,منطقه 1,مهندسی کامپیوتر,دانشگاه تهران
1396,ریاضی,356,220,منطقه 1,مهندسی عمران,دانشگاه صنعتی شریف - تهران
1396,ریاضی,358,221,منطقه 1,مهندسی کامپیوتر,دانشگاه صنعتی امیرکبیر - تهران
1396,ریاضی,360,222,منطقه 1,علوم کامپیوتر,دانشگاه صنعتی شریف - تهران
1396,ریاضی,362,224,منطقه 1,مهندسی برق,دانشگاه تهران
1396,ریاضی,364,16,منطقه 3,مهندسی مکانیک,دانشگاه صنعتی شریف - تهران
1396,ریاضی,364,25,ایثارگر-5%,مهندسی عمران,دانشگاه صنعتی شریف - تهران
1396,ریاضی,367,97,منطقه 2,مهندسی برق,دانشگاه تهران
1396,ریاضی,369,226,منطقه 1,مهندسی برق,دانشگاه تهران
1396,ریاضی,370,227,منطقه 1,مهندسی کامپیوتر,دانشگاه تهران
1396,ریاضی,371,99,منطقه 2,مهندسی برق,دانشگاه تهران
1396,ریاضی,375,101,منطقه 2,مهندسی مکانیک,دانشگاه تهران
1396,ریاضی,377,103,منطقه 2,دکترای پیوسته بیوتکنولوژی,دانشگاه تهران
1396,ریاضی,379,230,منطقه 1,علوم کامپیوتر,دانشگاه صنعتی شریف - تهران
1396,ریاضی,381,232,منطقه 1,اقتصاد,دانشگاه تهران
1396,ریاضی,383,234,منطقه 1,مهندسی معماری,دانشگاه تهران
1396,ریاضی,384,104,منطقه 2,مهندسی مکانیک,دانشگاه صنعتی شریف - تهران
1396,ریاضی,387,106,منطقه 2,مهندسی برق,دانشگاه تهران
1396,ریاضی,391,239,منطقه 1,مهندسی کامپیوتر,دانشگاه صنعتی امیرکبیر - تهران
1396,ریاضی,394,241,منطقه 1,مهندسی برق,دانشگاه تهران
1396,ریاضی,396,107,منطقه 2,مهندسی مواد و متالورژی,دانشگاه صنعتی شریف - تهران
1396,ریاضی,399,108,منطقه 2,مهندسی مکانیک,دانشگاه تهران
1396,ریاضی,400,109,منطقه 2,مهندسی عمران,دانشگاه صنعتی شریف - تهران
1396,ریاضی,402,110,منطقه 2,مهندسی برق,دانشگاه تهران
1396,ریاضی,403,17,منطقه 3,مهندسی برق,دانشگاه صنعتی شریف - تهران
1396,ریاضی,404,246,منطقه 1,مهندسی برق,دانشگاه تهران
1396,ریاضی,404,246,منطقه 1,مهندسی مکانیک,دانشگاه تهران
1396,ریاضی,406,111,منطقه 2,مهندسی برق,دانشگاه تهران
1396,ریاضی,407,112,منطقه 2,مهندسی نفت,دانشگاه صنعتی شریف - تهران
1396,ریاضی,410,113,منطقه 2,مهندسی برق,دانشگاه تهران
1396,ریاضی,410,250,منطقه 1,مهندسی برق,دانشگاه تهران
1396,ریاضی,412,251,منطقه 1,مهندسی برق,دانشگاه تهران
1396,ریاضی,417,115,منطقه 2,دکترای پیوسته بیوتکنولوژی,دانشگاه تهران
1396,ریاضی,419,116,منطقه 2,مهندسی برق,دانشگاه تهران
1396,ریاضی,423,118,منطقه 2,مهندسی برق,دانشگاه تهران
1396,ریاضی,424,119,منطقه 2,مهندسی عمران,دانشگاه صنعتی شریف - تهران
1396,ریاضی,425,120,منطقه 2,مهندسی صنایع,دانشگاه صنعتی شریف - تهران
1396,ریاضی,427,121,منطقه 2,مهندسی برق,دانشگاه تهران
1396,ریاضی,429,259,منطقه 1,مهندسی برق,دانشگاه صنعتی امیرکبیر - تهران
1396,ریاضی,431,261,منطقه 1,مهندسی عمران,دانشگاه صنعتی شریف - تهران
1396,ریاضی,434,122,منطقه 2,مهندسی عمران,دانشگاه صنعتی شریف - تهران
1396,ریاضی,436,123,منطقه 2,مهندسی کامپیوتر,دانشگاه صنعتی امیرکبیر - تهران
1396,ریاضی,439,126,منطقه 2,مهندسی برق,دانشگاه تهران
1396,ریاضی,441,127,منطقه 2,مهندسی عمران,دانشگاه صنعتی شریف - تهران
1396,ریاضی,442,128,منطقه 2,مهندسی عمران,دانشگاه صنعتی شریف - تهران
1396,ریاضی,444,129,منطقه 2,مهندسی مکانیک,دانشگاه صنعتی شریف - تهران
1396,ریاضی,445,267,منطقه 1,مهندسی عمران,دانشگاه صنعتی شریف - تهران
1396,ریاضی,448,269,منطقه 1,مهندسی مکانیک,دانشگاه تهران
1396,ریاضی,448,269,منطقه 1,مهندسی هوا فضا,دانشگاه صنعتی شریف - تهران
1396,ریاضی,450,271,منطقه 1,مهندسی عمران,دانشگاه صنعتی شریف - تهران
1396,ریاضی,451,272,منطقه 1,مهندسی عمران,دانشگاه صنعتی شریف - تهران
1396,ریاضی,452,18,منطقه 3,مهندسی برق,دانشگاه تهران
1396,ریاضی,454,274,منطقه 1,مهندسی عمران,دانشگاه صنعتی شریف - تهران
1396,ریاضی,458,131,منطقه 2,مهندسی هوا فضا,دانشگاه صنعتی شریف - تهران
1396,ریاضی,458,131,منطقه 2,مهندسی کامپیوتر,دانشگاه صنعتی امیرکبیر - تهران
1396,ریاضی,462,280,منطقه 1,علوم کامپیوتر,دانشگاه صنعتی شریف - تهران
1396,ریاضی,463,281,منطقه 1,مهندسی عمران,دانشگاه صنعتی شریف - تهران
1396,ریاضی,465,133,منطقه 2,مهندسی مکانیک,دانشگاه صنعتی شریف - تهران
1396,ریاضی,466,283,منطقه 1,مهندسی عمران,دانشگاه صنعتی شریف - تهران
1396,ریاضی,469,286,منطقه 1,مهندسی برق,دانشگاه تهران
1396,ریاضی,472,134,منطقه 2,مهندسی برق,دانشگاه تهران
1396,ریاضی,476,135,منطقه 2,مهندسی صنایع,دانشگاه صنعتی شریف - تهران
1396,ریاضی,478,137,منطقه 2,مهندسی کامپیوتر,دانشگاه صنعتی امیرکبیر - تهران
1396,ریاضی,480,292,منطقه 1,مهندسی برق,دانشگاه تهران
1396,ریاضی,482,294,منطقه 1,مهندسی برق,دانشگاه صنعتی اصفهان
1396,ریاضی,484,19,منطقه 3,مهندسی کامپیوتر,دانشگاه صنعتی امیرکبیر - تهران
1396,ریاضی,486,139,منطقه 2,مهندسی نفت,دانشگاه صنعتی شریف - تهران
1396,ریاضی,487,30,ایثارگر-5%,مهندسی برق,دانشگاه تهران
1396,ریاضی,490,31,ایثارگر-5%,مهندسی کامپیوتر,دانشگاه صنعتی امیرکبیر - تهران
1396,ریاضی,494,141,منطقه 2,مهندسی کامپیوتر,دانشگاه صنعتی امیرکبیر - تهران
1396,ریاضی,495,142,منطقه 2,مهندسی برق,دانشگاه تهران
1396,ریاضی,496,300,منطقه 1,مهندسی صنایع,دانشگاه صنعتی شریف - تهران
1396,ریاضی,499,302,منطقه 1,مهندسی صنایع,دانشگاه صنعتی شریف - تهران
1396,ریاضی,502,21,منطقه 3,مهندسی شیمی,دانشگاه صنعتی شریف - تهران
1396,ریاضی,507,34,ایثارگر-5%,مهندسی مکانیک,دانشگاه تهران
1396,ریاضی,515,146,منطقه 2,مهندسی برق,دانشگاه تهران
1396,ریاضی,520,4,ایثارگر-25%,مهندسی برق,دانشگاه صنعتی شریف - تهران
1396,ریاضی,521,313,منطقه 1,مهندسی عمران,دانشگاه صنعتی شریف - تهران
1396,ریاضی,522,147,منطقه 2,مهندسی برق,دانشگاه تهران
1396,ریاضی,524,22,منطقه 3,مهندسی مکانیک,دانشگاه صنعتی شریف - تهران
1396,ریاضی,526,316,منطقه 1,مهندسی شیمی,دانشگاه صنعتی شریف - تهران
1396,ریاضی,530,319,منطقه 1,مهندسی کامپیوتر,دانشگاه صنعتی امیرکبیر - تهران
1396,ریاضی,532,149,منطقه 2,مهندسی کامپیوتر,دانشگاه صنعتی امیرکبیر - تهران
1396,ریاضی,535,151,منطقه 2,مهندسی صنایع,دانشگاه صنعتی شریف - تهران
1396,ریاضی,536,152,منطقه 2,مهندسی هوا فضا,دانشگاه صنعتی شریف - تهران
1396,ریاضی,540,153,منطقه 2,مهندسی کامپیوتر,دانشگاه صنعتی امیرکبیر - تهران
1396,ریاضی,545,155,منطقه 2,مهندسی مکانیک,دانشگاه تهران
1396,ریاضی,548,156,منطقه 2,مهندسی برق,دانشگاه تهران
1396,ریاضی,550,158,منطقه 2,مهندسی برق,دانشگاه تهران
1396,ریاضی,551,159,منطقه 2,مهندسی مکانیک,دانشگاه تهران
1396,ریاضی,553,24,منطقه 3,مهندسی مکانیک,دانشگاه صنعتی امیرکبیر - تهران
1396,ریاضی,554,160,منطقه 2,مهندسی مکانیک,دانشگاه تهران
1396,ریاضی,555,330,منطقه 1,مهندسی برق,دانشگاه تهران
1396,ریاضی,556,161,منطقه 2,مهندسی برق,دانشگاه تهران
1396,ریاضی,559,333,منطقه 1,مهندسی مکانیک,دانشگاه صنعتی اصفهان
1396,ریاضی,561,335,منطقه 1,مهندسی عمران,دانشگاه صنعتی شریف - تهران
1396,ریاضی,563,337,منطقه 1,مهندسی مکانیک,دانشگاه تهران
1396,ریاضی,564,162,منطقه 2,مهندسی مکانیک,دانشگاه تهران
1396,ریاضی,565,5,ایثارگر-25%,مهندسی برق,دانشگاه صنعتی شریف - تهران
1396,ریاضی,569,341,منطقه 1,مهندسی برق,دانشگاه تهران
1396,ریاضی,571,25,منطقه 3,مهندسی برق,دانشگاه صنعتی امیرکبیر - تهران
1396,ریاضی,571,164,منطقه 2,مهندسی صنایع,دانشگاه صنعتی شریف - تهران
1396,ریاضی,571,164,منطقه 2,مهندسی عمران,دانشگاه صنعتی شریف - تهران
1396,ریاضی,576,38,ایثارگر-5%,مهندسی مکانیک,دانشگاه تهران
1396,ریاضی,579,166,منطقه 2,مهندسی کامپیوتر,دانشگاه صنعتی امیرکبیر - تهران
1396,ریاضی,582,27,منطقه 3,مهندسی برق,دانشگاه تهران
1396,ریاضی,583,346,منطقه 1,مهندسی برق,دانشگاه تهران
1396,ریاضی,584,6,ایثارگر-25%,مهندسی شیمی,دانشگاه صنعتی شریف - تهران
1396,ریاضی,586,28,منطقه 3,مهندسی برق,دانشگاه صنعتی شریف - تهران
1396,ریاضی,586,347,منطقه 1,مهندسی کامپیوتر,دانشگاه صنعتی امیرکبیر - تهران
1396,ریاضی,588,349,منطقه 1,مهندسی عمران,دانشگاه صنعتی شریف - تهران
1396,ریاضی,590,351,منطقه 1,مهندسی کامپیوتر,دانشگاه صنعتی امیرکبیر - تهران
1396,ریاضی,591,168,منطقه 2,علوم کامپیوتر,دانشگاه صنعتی شریف - تهران
1396,ریاضی,593,39,ایثارگر-5%,مهندسی کامپیوتر,دانشگاه صنعتی امیرکبیر - تهران
1396,ریاضی,593,169,منطقه 2,مهندسی برق,دانشگاه تهران
1396,ریاضی,601,30,منطقه 3,مهندسی صنایع,دانشگاه صنعتی شریف - تهران
1396,ریاضی,602,170,منطقه 2,مهندسی پزشکی,دانشگاه صنعتی امیرکبیر - تهران
1396,ریاضی,609,363,منطقه 1,مهندسی صنایع,دانشگاه صنعتی شریف - تهران
1396,ریاضی,611,365,منطقه 1,مهندسی عمران,دانشگاه صنعتی شریف - تهران
1396,ریاضی,614,172,منطقه 2,علوم کامپیوتر,دانشگاه صنعتی شریف - تهران
1396,ریاضی,614,367,منطقه 1,مهندسی صنایع,دانشگاه صنعتی شریف - تهران
1396,ریاضی,619,371,منطقه 1,مهندسی مکانیک,دانشگاه تهران
1396,ریاضی,621,174,منطقه 2,مهندسی عمران,دانشگاه صنعتی شریف - تهران
1396,ریاضی,624,375,منطقه 1,مهندسی عمران,دانشگاه صنعتی اصفهان
1396,ریاضی,625,376,منطقه 1,مهندسی مکانیک,دانشگاه تهران
1396,ریاضی,626,175,منطقه 2,مهندسی مکانیک,دانشگاه تهران
1396,ریاضی,626,377,منطقه 1,مهندسی مکانیک,دانشگاه تهران
1396,ریاضی,629,176,منطقه 2,علوم کامپیوتر,دانشگاه صنعتی شریف - تهران
1396,ریاضی,630,177,منطقه 2,علوم کامپیوتر,دانشگاه صنعتی شریف - تهران
1396,ریاضی,631,178,منطقه 2,مهندسی مکانیک,دانشگاه تهران
1396,ریاضی,633,180,منطقه 2,مهندسی پزشکی,دانشگاه صنعتی امیرکبیر - تهران
1396,ریاضی,634,41,ایثارگر-5%,مهندسی برق,دانشگاه تهران
1396,ریاضی,634,378,منطقه 1,مهندسی هوا فضا,دانشگاه صنعتی شریف - تهران
1396,ریاضی,637,380,منطقه 1,مهندسی صنایع,دانشگاه صنعتی شریف - تهران
1396,ریاضی,638,381,منطقه 1,مهندسی برق,دانشگاه صنعتی امیرکبیر - تهران
1396,ریاضی,639,181,منطقه 2,مهندسی صنایع,دانشگاه صنعتی شریف - تهران
1396,ریاضی,640,382,منطقه 1,مهندسی صنایع,دانشگاه صنعتی شریف - تهران
1396,ریاضی,641,182,منطقه 2,مهندسی برق,دانشگاه تهران
1396,ریاضی,642,383,منطقه 1,مهندسی شیمی,دانشگاه صنعتی شریف - تهران
1396,ریاضی,644,184,منطقه 2,مهندسی مکانیک,دانشگاه تهران
1396,ریاضی,644,184,منطقه 2,مهندسی کامپیوتر,دانشگاه صنعتی امیرکبیر - تهران
1396,ریاضی,653,186,منطقه 2,مهندسی صنایع,دانشگاه صنعتی شریف - تهران
1396,ریاضی,655,42,ایثارگر-5%,مهندسی برق,دانشگاه تهران
1396,ریاضی,658,188,منطقه 2,مهندسی مکانیک,دانشگاه تهران
1396,ریاضی,662,190,منطقه 2,مهندسی عمران,دانشگاه صنعتی شریف - تهران
1396,ریاضی,662,190,منطقه 2,مهندسی کامپیوتر,دانشگاه صنعتی امیرکبیر - تهران
1396,ریاضی,668,193,منطقه 2,مهندسی کامپیوتر,دانشگاه صنعتی اصفهان
1396,ریاضی,671,399,منطقه 1,مهندسی مکانیک,دانشگاه تهران
1396,ریاضی,674,7,ایثارگر-25%,مهندسی کامپیوتر,دانشگاه صنعتی شریف - تهران
1396,ریاضی,674,194,منطقه 2,مهندسی مکانیک,دانشگاه تهران
1396,ریاضی,674,401,منطقه 1,مهندسی عمران,دانشگاه صنعتی شریف - تهران
1396,ریاضی,679,196,منطقه 2,مهندسی مکانیک,دانشگاه تهران
1396,ریاضی,682,406,منطقه 1,مهندسی کامپیوتر,دانشگاه صنعتی امیرکبیر - تهران
1396,ریاضی,685,197,منطقه 2,مهندسی مکانیک,دانشگاه تهران
1396,ریاضی,689,198,منطقه 2,مهندسی کامپیوتر,دانشگاه صنعتی امیرکبیر - تهران
1396,ریاضی,691,199,منطقه 2,مهندسی مکانیک,دانشگاه تهران
1396,ریاضی,691,412,منطقه 1,مهندسی کامپیوتر,دانشگاه صنعتی امیرکبیر - تهران
1396,ریاضی,695,31,منطقه 3,مهندسی عمران,دانشگاه صنعتی شریف - تهران
1396,ریاضی,696,45,ایثارگر-5%,مهندسی مکانیک,دانشگاه تهران
1396,ریاضی,698,201,منطقه 2,مهندسی مکانیک,دانشگاه تهران
1396,ریاضی,701,46,ایثارگر-5%,مهندسی هوا فضا,دانشگاه صنعتی شریف - تهران
1396,ریاضی,702,202,منطقه 2,مهندسی عمران,دانشگاه صنعتی شریف - تهران
1396,ریاضی,706,49,ایثارگر-5%,مهندسی مکانیک,دانشگاه تهران
1396,ریاضی,712,417,منطقه 1,مهندسی کامپیوتر,دانشگاه علم و صنعت ایران - تهران
1396,ریاضی,716,207,منطقه 2,مهندسی مکانیک,دانشگاه تهران
1396,ریاضی,718,54,ایثارگر-5%,مهندسی مکانیک,دانشگاه تهران
1396,ریاضی,720,208,منطقه 2,مهندسی هوا فضا,دانشگاه صنعتی شریف - تهران
1396,ریاضی,721,209,منطقه 2,مهندسی کامپیوتر,دانشگاه علم و صنعت ایران - تهران
1396,ریاضی,726,424,منطقه 1,مهندسی شیمی,دانشگاه صنعتی شریف - تهران
1396,ریاضی,729,211,منطقه 2,آموزش ریاضی - بومی گلستان,پردیس امام خمینی - گرگان
1396,ریاضی,731,55,ایثارگر-5%,مهندسی کامپیوتر,دانشگاه علم و صنعت ایران - تهران
1396,ریاضی,739,212,منطقه 2,مهندسی برق,دانشگاه صنعتی امیرکبیر - تهران
1396,ریاضی,741,213,منطقه 2,مهندسی برق,دانشگاه صنعتی امیرکبیر - تهران
1396,ریاضی,745,214,منطقه 2,مهندسی کامپیوتر,دانشگاه علم و صنعت ایران - تهران
1396,ریاضی,747,59,ایثارگر-5%,علوم کامپیوتر,دانشگاه صنعتی شریف - تهران
1396,ریاضی,749,437,منطقه 1,مهندسی برق,دانشگاه صنعتی امیرکبیر - تهران
1396,ریاضی,751,216,منطقه 2,مهندسی کامپیوتر,دانشگاه شهید بهشتی - تهران
1396,ریاضی,757,220,منطقه 2,مهندسی مکانیک,دانشگاه تهران
1396,ریاضی,761,221,منطقه 2,مهندسی برق,دانشگاه صنعتی امیرکبیر - تهران
1396,ریاضی,761,221,منطقه 2,مهندسی مکانیک,دانشگاه تهران
1396,ریاضی,761,440,منطقه 1,مهندسی مکانیک,دانشگاه تهران
1396,ریاضی,765,223,منطقه 2,مهندسی مکانیک,دانشگاه صنعتی امیرکبیر - تهران
1396,ریاضی,765,442,منطقه 1,مهندسی کامپیوتر,دانشگاه علم و صنعت ایران - تهران
1396,ریاضی,767,443,منطقه 1,مهندسی صنایع,دانشگاه صنعتی شریف - تهران
1396,ریاضی,769,224,منطقه 2,مهندسی صنایع,دانشگاه صنعتی شریف - تهران
1396,ریاضی,770,32,منطقه 3,مهندسی معماری,دانشگاه تهران
1396,ریاضی,771,225,منطقه 2,مهندسی برق,دانشگاه تهران
1396,ریاضی,773,226,منطقه 2,مهندسی مکانیک,دانشگاه صنعتی امیرکبیر - تهران
1396,ریاضی,779,227,منطقه 2,مهندسی هوا فضا,دانشگاه صنعتی شریف - تهران
1396,ریاضی,782,451,منطقه 1,مهندسی صنایع,دانشگاه صنعتی شریف - تهران
1396,ریاضی,786,232,منطقه 2,مهندسی مکانیک,دانشگاه تهران
1396,ریاضی,786,232,منطقه 2,مهندسی کامپیوتر,دانشگاه صنعتی اصفهان
1396,ریاضی,788,453,منطقه 1,مهندسی صنایع,دانشگاه صنعتی شریف - تهران
1396,ریاضی,794,236,منطقه 2,مهندسی برق,دانشگاه صنعتی امیرکبیر - تهران
1396,ریاضی,795,63,ایثارگر-5%,مهندسی برق,دانشگاه صنعتی امیرکبیر - تهران
1396,ریاضی,797,455,منطقه 1,مهندسی مکانیک,دانشگاه صنعتی امیرکبیر - تهران
1396,ریاضی,801,238,منطقه 2,مهندسی مکانیک,دانشگاه تهران
1396,ریاضی,802,239,منطقه 2,مهندسی برق,دانشگاه صنعتی امیرکبیر - تهران
1396,ریاضی,805,459,منطقه 1,مهندسی صنایع,دانشگاه صنعتی شریف - تهران
1396,ریاضی,806,460,منطقه 1,مهندسی برق,دانشگاه صنعتی امیرکبیر - تهران
1396,ریاضی,810,464,منطقه 1,مهندسی کامپیوتر,دانشگاه علم و صنعت ایران - تهران
1396,ریاضی,812,466,منطقه 1,فیزیک,دانشگاه صنعتی شریف - تهران
1396,ریاضی,813,240,منطقه 2,مهندسی مکانیک,دانشگاه تهران
1396,ریاضی,815,241,منطقه 2,مهندسی مکانیک,دانشگاه صنعتی امیرکبیر - تهران
1396,ریاضی,821,65,ایثارگر-5%,مهندسی مکانیک,دانشگاه تهران
1396,ریاضی,824,242,منطقه 2,مهندسی برق,دانشگاه صنعتی امیرکبیر - تهران
1396,ریاضی,827,474,منطقه 1,مهندسی برق,دانشگاه صنعتی اصفهان
1396,ریاضی,828,35,منطقه 3,مهندسی برق,دانشگاه صنعتی شریف - تهران
1396,ریاضی,830,244,منطقه 2,مهندسی مکانیک,دانشگاه تهران
1396,ریاضی,833,476,منطقه 1,مهندسی برق,دانشگاه صنعتی امیرکبیر - تهران
1396,ریاضی,837,246,منطقه 2,مهندسی برق,دانشگاه صنعتی امیرکبیر - تهران
1396,ریاضی,838,247,منطقه 2,مهندسی برق,دانشگاه صنعتی امیرکبیر - تهران
1396,ریاضی,840,37,منطقه 3,مهندسی مکانیک,دانشگاه صنعتی امیرکبیر - تهران
1396,ریاضی,842,248,منطقه 2,مهندسی شیمی,دانشگاه صنعتی شریف - تهران
1396,ریاضی,843,249,منطقه 2,مهندسی هوا فضا,دانشگاه صنعتی شریف - تهران
1396,ریاضی,847,250,منطقه 2,مهندسی برق,دانشگاه صنعتی امیرکبیر - تهران
1396,ریاضی,853,252,منطقه 2,مهندسی مکانیک,دانشگاه صنعتی امیرکبیر - تهران
1396,ریاضی,853,486,منطقه 1,مهندسی برق,دانشگاه صنعتی امیرکبیر - تهران
1396,ریاضی,853,486,منطقه 1,مهندسی مکانیک,دانشگاه صنعتی امیرکبیر - تهران
1396,ریاضی,858,253,منطقه 2,مهندسی برق,دانشگاه صنعتی امیرکبیر - تهران
1396,ریاضی,860,68,ایثارگر-5%,مهندسی شیمی,دانشگاه صنعتی شریف - تهران
1396,ریاضی,860,490,منطقه 1,مهندسی شیمی,دانشگاه صنعتی شریف - تهران
1396,ریاضی,860,490,منطقه 1,مهندسی مکانیک,دانشگاه صنعتی امیرکبیر - تهران
1396,ریاضی,862,38,منطقه 3,مهندسی برق,دانشگاه صنعتی امیرکبیر - تهران
1396,ریاضی,867,496,منطقه 1,مهندسی شیمی,دانشگاه صنعتی شریف - تهران
1396,ریاضی,867,496,منطقه 1,مهندسی عمران,دانشگاه تهران
1396,ریاضی,879,503,منطقه 1,مهندسی صنایع,دانشگاه صنعتی شریف - تهران
1396,ریاضی,881,505,منطقه 1,مهندسی کامپیوتر,دانشگاه صنعتی اصفهان
1396,ریاضی,882,506,منطقه 1,شیمی کاربردی,دانشگاه صنعتی شریف - تهران
1396,ریاضی,885,255,منطقه 2,مهندسی هوا فضا,دانشگاه صنعتی شریف - تهران
1396,ریاضی,889,41,منطقه 3,مهندسی برق,دانشگاه صنعتی امیرکبیر - تهران
1396,ریاضی,892,256,منطقه 2,مهندسی مکانیک,دانشگاه صنعتی امیرکبیر - تهران
1396,ریاضی,892,511,منطقه 1,ریاضیات و کاربردها,دانشگاه صنعتی شریف - تهران
1396,ریاضی,894,513,منطقه 1,مهندسی صنایع,دانشگاه صنعتی امیرکبیر - تهران
1396,ریاضی,897,516,منطقه 1,مهندسی صنایع,دانشگاه صنعتی شریف - تهران
1396,ریاضی,899,257,منطقه 2,مهندسی برق,دانشگاه صنعتی امیرکبیر - تهران
1396,ریاضی,899,518,منطقه 1,مهندسی مکانیک,دانشگاه صنعتی امیرکبیر - تهران
1396,ریاضی,902,258,منطقه 2,مهندسی پزشکی,دانشگاه صنعتی امیرکبیر - تهران
1396,ریاضی,904,42,منطقه 3,مهندسی برق,دانشگاه صنعتی امیرکبیر - تهران
1396,ریاضی,906,521,منطقه 1,مهندسی شیمی,دانشگاه صنعتی شریف - تهران
1396,ریاضی,907,15,ایثارگر-25%,مهندسی مکانیک,دانشگاه صنعتی شریف - تهران
1396,ریاضی,916,528,منطقه 1,مهندسی شیمی,دانشگاه صنعتی شریف - تهران
1396,ریاضی,918,260,منطقه 2,مهندسی برق,دانشگاه صنعتی امیرکبیر - تهران
1396,ریاضی,920,261,منطقه 2,مهندسی شیمی,دانشگاه صنعتی شریف - تهران
1396,ریاضی,920,531,منطقه 1,مهندسی صنایع,دانشگاه صنعتی شریف - تهران
1396,ریاضی,923,73,ایثارگر-5%,مهندسی مکانیک,دانشگاه تهران
1396,ریاضی,930,74,ایثارگر-5%,مهندسی مکانیک,دانشگاه صنعتی امیرکبیر - تهران
1396,ریاضی,930,538,منطقه 1,مهندسی برق,دانشگاه صنعتی اصفهان
1396,ریاضی,932,75,ایثارگر-5%,علوم کامپیوتر,دانشگاه صنعتی شریف - تهران
1396,ریاضی,935,540,منطقه 1,مهندسی کامپیوتر,دانشگاه علم و صنعت ایران - تهران
1396,ریاضی,943,263,منطقه 2,مهندسی شیمی,دانشگاه صنعتی شریف - تهران
1396,ریاضی,945,265,منطقه 2,مهندسی مکانیک,دانشگاه صنعتی امیرکبیر - تهران
1396,ریاضی,945,547,منطقه 1,مهندسی مکانیک,دانشگاه صنعتی امیرکبیر - تهران
1396,ریاضی,947,266,منطقه 2,مهندسی مکانیک,دانشگاه صنعتی امیرکبیر - تهران
1396,ریاضی,958,557,منطقه 1,مهندسی برق,دانشگاه صنعتی امیرکبیر - تهران
1396,ریاضی,959,268,منطقه 2,مهندسی مکانیک,دانشگاه علم و صنعت ایران - تهران
1396,ریاضی,965,562,منطقه 1,مهندسی صنایع,دانشگاه تهران
1396,ریاضی,965,562,منطقه 1,مهندسی عمران,دانشگاه تبریز
1396,ریاضی,965,562,منطقه 1,مهندسی مکانیک,دانشگاه صنعتی امیرکبیر - تهران
1396,ریاضی,977,45,منطقه 3,مهندسی برق,دانشگاه صنعتی امیرکبیر - تهران
1396,ریاضی,977,272,منطقه 2,مهندسی عمران,دانشگاه تهران
1396,ریاضی,981,570,منطقه 1,مهندسی شیمی,دانشگاه تهران
1396,ریاضی,984,16,ایثارگر-25%,مهندسی کامپیوتر,دانشگاه صنعتی شریف - تهران
1396,ریاضی,986,274,منطقه 2,مهندسی برق,دانشگاه علم و صنعت ایران - تهران
1396,ریاضی,987,17,ایثارگر-25%,مهندسی کامپیوتر,دانشگاه صنعتی شریف - تهران
1396,ریاضی,988,573,منطقه 1,مهندسی صنایع,دانشگاه تهران
1396,ریاضی,989,574,منطقه 1,مهندسی نفت,دانشگاه فردوسی - مشهد
1396,ریاضی,992,576,منطقه 1,مهندسی نفت,دانشگاه صنعتی شریف - تهران
1396,ریاضی,993,577,منطقه 1,مهندسی برق,دانشگاه صنعتی امیرکبیر - تهران
1396,ریاضی,995,275,منطقه 2,مهندسی کامپیوتر,دانشگاه علم و صنعت ایران - تهران
1396,ریاضی,995,578,منطقه 1,مهندسی عمران,دانشگاه تهران
1396,ریاضی,998,277,منطقه 2,مهندسی شیمی,دانشگاه صنعتی شریف - تهران
1396,ریاضی,998,579,منطقه 1,مهندسی عمران,دانشگاه تهران
1396,ریاضی,1001,279,منطقه 2,مهندسی برق,دانشگاه صنعتی امیرکبیر - تهران
1396,ریاضی,1001,279,منطقه 2,مهندسی صنایع,دانشگاه صنعتی شریف - تهران
1396,ریاضی,1001,279,منطقه 2,مهندسی کامپیوتر,دانشگاه علم و صنعت ایران - تهران
1396,ریاضی,1004,47,منطقه 3,مهندسی شیمی,دانشگاه صنعتی شریف - تهران
1396,ریاضی,1008,583,منطقه 1,مهندسی صنایع,دانشگاه تهران
1396,ریاضی,1010,281,منطقه 2,مهندسی برق,دانشگاه علم و صنعت ایران - تهران
1396,ریاضی,1010,281,منطقه 2,مهندسی مکانیک,دانشگاه صنعتی امیرکبیر - تهران
1396,ریاضی,1016,283,منطقه 2,مهندسی برق,دانشگاه صنعتی امیرکبیر - تهران
1396,ریاضی,1016,587,منطقه 1,مهندسی مکانیک,دانشگاه صنعتی امیرکبیر - تهران
1396,ریاضی,1019,81,ایثارگر-5%,مهندسی مکانیک,دانشگاه صنعتی امیرکبیر - تهران
1396,ریاضی,1020,82,ایثارگر-5%,مهندسی مکانیک,دانشگاه صنعتی امیرکبیر - تهران
1396,ریاضی,1024,285,منطقه 2,مهندسی برق,دانشگاه صنعتی امیرکبیر - تهران
1396,ریاضی,1024,590,منطقه 1,علوم کامپیوتر,دانشگاه تهران
1396,ریاضی,1027,592,منطقه 1,مهندسی معماری,دانشگاه تهران
1396,ریاضی,1028,286,منطقه 2,مهندسی عمران,دانشگاه تهران
1396,ریاضی,1029,593,منطقه 1,مهندسی برق,دانشگاه صنعتی اصفهان
1396,ریاضی,1031,595,منطقه 1,مهندسی مکانیک,دانشگاه علم و صنعت ایران - تهران
1396,ریاضی,1033,48,منطقه 3,مهندسی عمران,دانشگاه تهران
1396,ریاضی,1034,597,منطقه 1,مهندسی عمران,دانشگاه تهران
1396,ریاضی,1036,287,منطقه 2,مهندسی صنایع,دانشگاه صنعتی امیرکبیر - تهران
1396,ریاضی,1039,601,منطقه 1,مهندسی هوا فضا,دانشگاه صنعتی شریف - تهران
1396,ریاضی,1042,604,منطقه 1,مهندسی صنایع,دانشگاه تهران
1396,ریاضی,1044,606,منطقه 1,مهندسی شیمی,دانشگاه صنعتی امیرکبیر - تهران
1396,ریاضی,1046,83,ایثارگر-5%,مهندسی صنایع,دانشگاه تهران
1396,ریاضی,1048,609,منطقه 1,مهندسی کامپیوتر,دانشگاه صنعتی خواجه نصیرالدین طوسی - تهران
1396,ریاضی,1055,290,منطقه 2,مهندسی مکانیک,دانشگاه صنعتی امیرکبیر - تهران
1396,ریاضی,1055,612,منطقه 1,مهندسی پزشکی,دانشگاه صنعتی امیرکبیر - تهران
1396,ریاضی,1057,613,منطقه 1,مهندسی برق,دانشگاه صنعتی امیرکبیر - تهران
1396,ریاضی,1059,292,منطقه 2,مهندسی عمران,دانشگاه تهران
1396,ریاضی,1062,293,منطقه 2,مهندسی هوا فضا,دانشگاه صنعتی شریف - تهران
1396,ریاضی,1062,293,منطقه 2,مهندسی کامپیوتر,دانشگاه شهید بهشتی - تهران
1396,ریاضی,1067,617,منطقه 1,مهندسی برق,دانشگاه تبریز
1396,ریاضی,1068,618,منطقه 1,مهندسی کامپیوتر,دانشگاه علم و صنعت ایران - تهران
1396,ریاضی,1070,49,منطقه 3,مهندسی برق,دانشگاه صنعتی امیرکبیر - تهران
1396,ریاضی,1072,297,منطقه 2,مهندسی مواد و متالورژی,دانشگاه صنعتی شریف - تهران
1396,ریاضی,1074,298,منطقه 2,مهندسی معماری,دانشگاه تهران
1396,ریاضی,1074,298,منطقه 2,مهندسی نفت,دانشگاه صنعتی شریف - تهران
1396,ریاضی,1078,51,منطقه 3,مهندسی مکانیک,دانشگاه صنعتی امیرکبیر - تهران
1396,ریاضی,1083,88,ایثارگر-5%,مهندسی شیمی,دانشگاه صنعتی شریف - تهران
1396,ریاضی,1083,301,منطقه 2,مهندسی کامپیوتر,دانشگاه علم و صنعت ایران - تهران
1396,ریاضی,1087,623,منطقه 1,مهندسی برق,دانشگاه صنعتی امیرکبیر - تهران
1396,ریاضی,1087,623,منطقه 1,مهندسی مکانیک,دانشگاه علم و صنعت ایران - تهران
1396,ریاضی,1089,304,منطقه 2,مهندسی برق,دانشگاه صنعتی امیرکبیر - تهران
1396,ریاضی,1090,305,منطقه 2,مهندسی برق,دانشگاه صنعتی امیرکبیر - تهران
1396,ریاضی,1092,89,ایثارگر-5%,مهندسی عمران,دانشگاه فردوسی - مشهد
1396,ریاضی,1094,626,منطقه 1,مهندسی برق,دانشگاه صنعتی امیرکبیر - تهران
1396,ریاضی,1098,308,منطقه 2,مهندسی کامپیوتر,دانشگاه علم و صنعت ایران - تهران
1396,ریاضی,1103,631,منطقه 1,مهندسی مکانیک,دانشگاه صنعتی امیرکبیر - تهران
1396,ریاضی,1103,631,منطقه 1,مهندسی کامپیوتر,دانشگاه شیراز
1396,ریاضی,1106,92,ایثارگر-5%,مهندسی برق,دانشگاه صنعتی امیرکبیر - تهران
1396,ریاضی,1108,309,منطقه 2,مهندسی هوا فضا,دانشگاه صنعتی شریف - تهران
1396,ریاضی,1109,310,منطقه 2,مهندسی شیمی,دانشگاه صنعتی شریف - تهران
1396,ریاضی,1110,311,منطقه 2,مهندسی برق,دانشگاه صنعتی امیرکبیر - تهران
1396,ریاضی,1113,636,منطقه 1,مهندسی عمران,دانشگاه تهران
1396,ریاضی,1115,312,منطقه 2,مهندسی شیمی,دانشگاه صنعتی شریف - تهران
1396,ریاضی,1116,313,منطقه 2,مهندسی هوا فضا,دانشگاه صنعتی شریف - تهران
1396,ریاضی,1118,638,منطقه 1,مهندسی هوا فضا,دانشگاه صنعتی شریف - تهران
1396,ریاضی,1125,317,منطقه 2,مهندسی برق,دانشگاه صنعتی امیرکبیر - تهران
1396,ریاضی,1125,642,منطقه 1,مهندسی شیمی,دانشگاه تهران
1396,ریاضی,1128,644,منطقه 1,مهندسی شیمی,دانشگاه تهران
1396,ریاضی,1130,318,منطقه 2,مهندسی صنایع,دانشگاه تهران
1396,ریاضی,1132,647,منطقه 1,مهندسی برق,دانشگاه صنعتی امیرکبیر - تهران
1396,ریاضی,1134,55,منطقه 3,مهندسی کامپیوتر,دانشگاه صنعتی شریف - تهران
1396,ریاضی,1136,319,منطقه 2,علوم کامپیوتر,دانشگاه تهران
1396,ریاضی,1136,319,منطقه 2,مهندسی عمران,دانشگاه تهران
1396,ریاضی,1143,56,منطقه 3,مهندسی برق,دانشگاه علم و صنعت ایران - تهران
1396,ریاضی,1149,323,منطقه 2,مهندسی کامپیوتر,دانشگاه علم و صنعت ایران - تهران
1396,ریاضی,1151,324,منطقه 2,مهندسی برق,دانشگاه صنعتی امیرکبیر - تهران
1396,ریاضی,1151,324,منطقه 2,مهندسی کامپیوتر,دانشگاه علم و صنعت ایران - تهران
1396,ریاضی,1153,326,منطقه 2,مهندسی پزشکی,دانشگاه تهران
1396,ریاضی,1155,657,منطقه 1,مهندسی کامپیوتر,دانشگاه علم و صنعت ایران - تهران
1396,ریاضی,1157,327,منطقه 2,مهندسی صنایع,دانشگاه تهران
1396,ریاضی,1159,57,منطقه 3,مهندسی برق,دانشگاه تهران
1396,ریاضی,1162,96,ایثارگر-5%,مهندسی شیمی,دانشگاه صنعتی شریف - تهران
1396,ریاضی,1162,661,منطقه 1,مهندسی برق,دانشگاه علم و صنعت ایران - تهران
1396,ریاضی,1166,329,منطقه 2,مهندسی پزشکی,دانشگاه تهران
1396,ریاضی,1166,663,منطقه 1,مهندسی کامپیوتر,دانشگاه صنعتی خواجه نصیرالدین طوسی - تهران
1396,ریاضی,1170,665,منطقه 1,مهندسی کامپیوتر,دانشگاه صنعتی اصفهان
1396,ریاضی,1173,59,منطقه 3,مهندسی عمران,دانشگاه صنعتی امیرکبیر - تهران
1396,ریاضی,1173,667,منطقه 1,مهندسی کامپیوتر,دانشگاه علم و صنعت ایران - تهران
1396,ریاضی,1178,331,منطقه 2,مهندسی صنایع,دانشگاه تهران
1396,ریاضی,1180,60,منطقه 3,مهندسی معماری,دانشگاه شهید بهشتی - تهران
1396,ریاضی,1180,332,منطقه 2,مهندسی عمران,دانشگاه تهران
1396,ریاضی,1183,672,منطقه 1,علوم کامپیوتر,دانشگاه صنعتی امیرکبیر - تهران
1396,ریاضی,1186,61,منطقه 3,مهندسی مکانیک - بومی گلستان,دانشگاه تربیت دبیر شهید رجایی_تهران
1396,ریاضی,1188,97,ایثارگر-5%,مهندسی برق,دانشگاه صنعتی امیرکبیر - تهران
1396,ریاضی,1190,98,ایثارگر-5%,مهندسی نفت,دانشگاه صنعتی شریف - تهران
1396,ریاضی,1192,333,منطقه 2,مهندسی عمران,دانشگاه تهران
1396,ریاضی,1194,678,منطقه 1,مهندسی معماری,دانشگاه تهران
1396,ریاضی,1197,99,ایثارگر-5%,مهندسی کامپیوتر,دانشگاه شهید بهشتی - تهران
1396,ریاضی,1201,335,منطقه 2,مهندسی عمران,دانشگاه تهران
1396,ریاضی,1201,335,منطقه 2,مهندسی مکانیک,دانشگاه علم و صنعت ایران - تهران
1396,ریاضی,1201,682,منطقه 1,مهندسی برق,دانشگاه علم و صنعت ایران - تهران
1396,ریاضی,1204,337,منطقه 2,مهندسی شیمی,دانشگاه صنعتی شریف - تهران
1396,ریاضی,1208,338,منطقه 2,مهندسی شیمی,دانشگاه صنعتی شریف - تهران
1396,ریاضی,1208,338,منطقه 2,مهندسی مکانیک,دانشگاه صنعتی امیرکبیر - تهران
1396,ریاضی,1215,691,منطقه 1,مهندسی صنایع,دانشگاه صنعتی امیرکبیر - تهران
1396,ریاضی,1217,62,منطقه 3,مهندسی صنایع,دانشگاه تهران
1396,ریاضی,1220,63,منطقه 3,مهندسی کامپیوتر,دانشگاه تهران
1396,ریاضی,1220,694,منطقه 1,مهندسی صنایع,دانشگاه تهران
1396,ریاضی,1224,697,منطقه 1,آموزش فیزیک - بومی خراسان رضوی,پردیس شهید چمران - تهران
1396,ریاضی,1226,101,ایثارگر-5%,مهندسی مکانیک,دانشگاه شیراز
1396,ریاضی,1229,65,منطقه 3,مهندسی هوا فضا,دانشگاه صنعتی شریف - تهران
1396,ریاضی,1229,340,منطقه 2,مهندسی عمران,دانشگاه تهران
1396,ریاضی,1231,700,منطقه 1,مهندسی عمران,دانشگاه تهران
1396,ریاضی,1233,67,منطقه 3,مهندسی مکانیک,دانشگاه علم و صنعت ایران - تهران
1396,ریاضی,1233,701,منطقه 1,مهندسی برق,دانشگاه صنعتی اصفهان
1396,ریاضی,1235,102,ایثارگر-5%,مهندسی عمران,دانشگاه تهران
1396,ریاضی,1236,702,منطقه 1,مهندسی عمران,دانشگاه تهران
1396,ریاضی,1238,704,منطقه 1,مهندسی عمران,دانشگاه تهران
1396,ریاضی,1241,342,منطقه 2,مهندسی نفت,دانشگاه صنعتی شریف - تهران
1396,ریاضی,1243,343,منطقه 2,مهندسی هوا فضا,دانشگاه صنعتی شریف - تهران
1396,ریاضی,1244,706,منطقه 1,مهندسی مکانیک,دانشگاه علم و صنعت ایران - تهران
1396,ریاضی,1249,344,منطقه 2,مهندسی شیمی,دانشگاه صنعتی شریف - تهران
1396,ریاضی,1254,346,منطقه 2,مهندسی برق,دانشگاه علم و صنعت ایران - تهران
1396,ریاضی,1257,348,منطقه 2,مهندسی مکانیک,دانشگاه صنعتی امیرکبیر - تهران
1396,ریاضی,1257,715,منطقه 1,مهندسی شیمی,دانشگاه صنعتی امیرکبیر - تهران
1396,ریاضی,1260,349,منطقه 2,مهندسی برق,دانشگاه علم و صنعت ایران - تهران
1396,ریاضی,1262,68,منطقه 3,مهندسی برق,دانشگاه علم و صنعت ایران - تهران
1396,ریاضی,1263,718,منطقه 1,مهندسی معماری,دانشگاه تهران
1396,ریاضی,1266,350,منطقه 2,مهندسی برق,دانشگاه علم و صنعت ایران - تهران
1396,ریاضی,1274,725,منطقه 1,مهندسی کامپیوتر,دانشگاه شهید بهشتی - تهران
1396,ریاضی,1276,70,منطقه 3,مهندسی کامپیوتر,دانشگاه شهید بهشتی - تهران
1396,ریاضی,1278,352,منطقه 2,مهندسی شیمی,دانشگاه صنعتی شریف - تهران
1396,ریاضی,1281,354,منطقه 2,مهندسی مکانیک,دانشگاه صنعتی امیرکبیر - تهران
1396,ریاضی,1284,729,منطقه 1,مهندسی نفت,دانشگاه صنعتی شریف - تهران
1396,ریاضی,1286,71,منطقه 3,مهندسی شیمی,دانشگاه صنعتی شریف - تهران
1396,ریاضی,1287,731,منطقه 1,مهندسی برق,دانشگاه علم و صنعت ایران - تهران
1396,ریاضی,1291,356,منطقه 2,مهندسی کامپیوتر,دانشگاه شهید بهشتی - تهران
1396,ریاضی,1294,358,منطقه 2,مهندسی هوا فضا,دانشگاه صنعتی شریف - تهران
1396,ریاضی,1297,72,منطقه 3,مهندسی عمران,دانشگاه تهران
1396,ریاضی,1297,107,ایثارگر-5%,مهندسی برق,دانشگاه صنعتی امیرکبیر - تهران
1396,ریاضی,1297,359,منطقه 2,مهندسی صنایع,دانشگاه صنعتی امیرکبیر - تهران
1396,ریاضی,1301,737,منطقه 1,فیزیک,دانشگاه صنعتی شریف - تهران
1396,ریاضی,1301,737,منطقه 1,مهندسی نفت,دانشگاه صنعتی شریف - تهران
1396,ریاضی,1304,73,منطقه 3,مهندسی کامپیوتر,دانشگاه تهران
1396,ریاضی,1308,75,منطقه 3,مهندسی کامپیوتر,دانشگاه شهید بهشتی - تهران
1396,ریاضی,1312,743,منطقه 1,مهندسی مواد و متالورژی,دانشگاه صنعتی شریف - تهران
1396,ریاضی,1315,361,منطقه 2,مهندسی صنایع,دانشگاه صنعتی امیرکبیر - تهران
1396,ریاضی,1319,748,منطقه 1,مهندسی کامپیوتر,دانشگاه صنعتی خواجه نصیرالدین طوسی - تهران
1396,ریاضی,1323,364,منطقه 2,مهندسی کامپیوتر,دانشگاه شهید بهشتی - تهران
1396,ریاضی,1326,365,منطقه 2,مهندسی هوا فضا,دانشگاه صنعتی شریف - تهران
1396,ریاضی,1330,366,منطقه 2,مهندسی عمران,دانشگاه تهران
1396,ریاضی,1335,757,منطقه 1,مهندسی معماری,دانشگاه تهران
1396,ریاضی,1344,109,ایثارگر-5%,مهندسی برق,دانشگاه صنعتی امیرکبیر - تهران
1396,ریاضی,1346,370,منطقه 2,علوم کامپیوتر,دانشگاه تهران
1396,ریاضی,1346,763,منطقه 1,مهندسی صنایع,دانشگاه صنعتی امیرکبیر - تهران
1396,ریاضی,1348,371,منطقه 2,مهندسی مکانیک,دانشگاه علم و صنعت ایران - تهران
1396,ریاضی,1357,110,ایثارگر-5%,مهندسی پزشکی,دانشگاه تهران
1396,ریاضی,1357,372,منطقه 2,مهندسی مکانیک,دانشگاه صنعتی امیرکبیر - تهران
1396,ریاضی,1359,770,منطقه 1,مهندسی عمران,دانشگاه تهران
1396,ریاضی,1360,373,منطقه 2,مهندسی کامپیوتر,دانشگاه شهید بهشتی - تهران
1396,ریاضی,1362,772,منطقه 1,مهندسی برق,دانشگاه علم و صنعت ایران - تهران
1396,ریاضی,1365,112,ایثارگر-5%,مهندسی برق,دانشگاه صنعتی امیرکبیر - تهران
1396,ریاضی,1365,774,منطقه 1,مهندسی پزشکی,دانشگاه صنعتی امیرکبیر - تهران
1396,ریاضی,1368,113,ایثارگر-5%,مهندسی برق,دانشگاه صنعتی امیرکبیر - تهران
1396,ریاضی,1368,375,منطقه 2,مهندسی برق,دانشگاه علم و صنعت ایران - تهران
1396,ریاضی,1368,375,منطقه 2,مهندسی معماری,دانشگاه تهران
1396,ریاضی,1370,377,منطقه 2,مهندسی شیمی,دانشگاه صنعتی شریف - تهران
1396,ریاضی,1374,777,منطقه 1,مهندسی صنایع,دانشگاه صنعتی امیرکبیر - تهران
1396,ریاضی,1377,379,منطقه 2,مهندسی معماری,دانشگاه تهران
1396,ریاضی,1377,779,منطقه 1,مهندسی صنایع,دانشگاه صنعتی خواجه نصیرالدین طوسی - تهران
1396,ریاضی,1382,783,منطقه 1,مهندسی صنایع,دانشگاه صنعتی امیرکبیر - تهران
1396,ریاضی,1385,785,منطقه 1,مهندسی کامپیوتر,دانشگاه شهید بهشتی - تهران
1396,ریاضی,1387,114,ایثارگر-5%,مهندسی برق,دانشگاه صنعتی امیرکبیر - تهران
1396,ریاضی,1390,382,منطقه 2,مهندسی شیمی,دانشگاه صنعتی شریف - تهران
1396,ریاضی,1393,791,منطقه 1,ریاضیات و کاربردها,دانشگاه صنعتی شریف - تهران
1396,ریاضی,1396,792,منطقه 1,مهندسی مکانیک,دانشگاه علم و صنعت ایران - تهران
1396,ریاضی,1396,792,منطقه 1,مهندسی نفت,دانشگاه صنعتی شریف - تهران
1396,ریاضی,1399,79,منطقه 3,مهندسی شیمی,دانشگاه صنعتی شریف - تهران
1396,ریاضی,1399,384,منطقه 2,مهندسی صنایع,دانشگاه صنعتی امیرکبیر - تهران
1396,ریاضی,1399,794,منطقه 1,مهندسی مکانیک,دانشگاه صنعتی اصفهان
1396,ریاضی,1405,386,منطقه 2,مهندسی عمران,دانشگاه تهران
1396,ریاضی,1405,797,منطقه 1,مهندسی عمران,دانشگاه تهران
1396,ریاضی,1410,80,منطقه 3,مهندسی مکانیک,دانشگاه صنعتی شریف - تهران
1396,ریاضی,1410,801,منطقه 1,مهندسی مواد و متالورژی,دانشگاه صنعتی شریف - تهران
1396,ریاضی,1414,388,منطقه 2,مهندسی شیمی,دانشگاه صنعتی شریف - تهران
1396,ریاضی,1414,388,منطقه 2,مهندسی پزشکی,دانشگاه تهران
1396,ریاضی,1414,802,منطقه 1,مهندسی پزشکی,دانشگاه تهران
1396,ریاضی,1417,390,منطقه 2,مهندسی مکانیک,دانشگاه صنعتی اصفهان
1396,ریاضی,1420,81,منطقه 3,مهندسی شیمی,دانشگاه صنعتی شریف - تهران
1396,ریاضی,1422,804,منطقه 1,مهندسی صنایع,دانشگاه فردوسی - مشهد
1396,ریاضی,1423,391,منطقه 2,مهندسی کامپیوتر,دانشگاه شهید بهشتی - تهران
1396,ریاضی,1426,118,ایثارگر-5%,علوم کامپیوتر,دانشگاه تهران
1396,ریاضی,1432,393,منطقه 2,مهندسی برق,دانشگاه علم و صنعت ایران - تهران
1396,ریاضی,1436,394,منطقه 2,مهندسی پزشکی,دانشگاه تهران
1396,ریاضی,1436,812,منطقه 1,مهندسی برق,دانشگاه علم و صنعت ایران - تهران
1396,ریاضی,1436,812,منطقه 1,مهندسی مکانیک,دانشگاه علم و صنعت ایران - تهران
1396,ریاضی,1440,395,منطقه 2,مهندسی عمران,دانشگاه صنعتی امیرکبیر - تهران
1396,ریاضی,1442,396,منطقه 2,مهندسی برق,دانشگاه علم و صنعت ایران - تهران
1396,ریاضی,1444,82,منطقه 3,مهندسی شیمی,دانشگاه صنعتی شریف - تهران
1396,ریاضی,1444,397,منطقه 2,مهندسی نفت,دانشگاه صنعتی شریف - تهران
1396,ریاضی,1446,817,منطقه 1,مهندسی شیمی,دانشگاه تهران
1396,ریاضی,1448,819,منطقه 1,مهندسی برق,دانشگاه علم و صنعت ایران - تهران
1396,ریاضی,1451,822,منطقه 1,مهندسی برق,دانشگاه علم و صنعت ایران - تهران
1396,ریاضی,1451,822,منطقه 1,مهندسی عمران,دانشگاه صنعتی امیرکبیر - تهران
1396,ریاضی,1453,824,منطقه 1,مهندسی صنایع,دانشگاه صنعتی امیرکبیر - تهران
1396,ریاضی,1456,398,منطقه 2,مهندسی نفت,دانشگاه صنعتی شریف - تهران
1396,ریاضی,1463,399,منطقه 2,مهندسی برق,دانشگاه علم و صنعت ایران - تهران
1396,ریاضی,1463,830,منطقه 1,مهندسی شیمی,دانشگاه صنعتی امیرکبیر - تهران
1396,ریاضی,1463,830,منطقه 1,مهندسی عمران,دانشگاه صنعتی امیرکبیر - تهران
1396,ریاضی,1468,833,منطقه 1,مهندسی عمران,دانشگاه صنعتی امیرکبیر - تهران
1396,ریاضی,1471,835,منطقه 1,مهندسی هوا فضا,دانشگاه صنعتی امیرکبیر - تهران
1396,ریاضی,1474,400,منطقه 2,مهندسی مواد و متالورژی,دانشگاه صنعتی شریف - تهران
1396,ریاضی,1474,400,منطقه 2,مهندسی هوا فضا,دانشگاه صنعتی شریف - تهران
1396,ریاضی,1481,121,ایثارگر-5%,مهندسی معماری,دانشگاه شهید بهشتی - تهران
1396,ریاضی,1484,122,ایثارگر-5%,مهندسی کامپیوتر,دانشگاه فردوسی - مشهد
1396,ریاضی,1484,403,منطقه 2,مهندسی معماری,دانشگاه تهران
1396,ریاضی,1484,842,منطقه 1,مهندسی پزشکی,دانشگاه صنعتی امیرکبیر - تهران
1396,ریاضی,1484,842,منطقه 1,مهندسی کامپیوتر,دانشگاه شیراز
1396,ریاضی,1489,404,منطقه 2,مهندسی شیمی,دانشگاه تهران
1396,ریاضی,1489,404,منطقه 2,مهندسی هوا فضا,دانشگاه صنعتی شریف - تهران
1396,ریاضی,1489,844,منطقه 1,مهندسی پزشکی,دانشگاه صنعتی امیرکبیر - تهران
1396,ریاضی,1492,406,منطقه 2,مهندسی معماری,دانشگاه تهران
1396,ریاضی,1492,845,منطقه 1,مهندسی صنایع,دانشگاه صنعتی امیرکبیر - تهران
1396,ریاضی,1492,845,منطقه 1,مهندسی معماری,دانشگاه شهید بهشتی - تهران
1396,ریاضی,1495,408,منطقه 2,مهندسی نفت,دانشگاه صنعتی شریف - تهران
1396,ریاضی,1499,124,ایثارگر-5%,مهندسی هوا فضا,دانشگاه صنعتی شریف - تهران
1396,ریاضی,1499,849,منطقه 1,مهندسی نفت,دانشگاه صنعتی شریف - تهران
1396,ریاضی,1503,409,منطقه 2,مهندسی برق,دانشگاه علم و صنعت ایران - تهران
1396,ریاضی,1503,852,منطقه 1,مهندسی کامپیوتر,دانشگاه صنعتی خواجه نصیرالدین طوسی - تهران
1396,ریاضی,1508,125,ایثارگر-5%,مهندسی عمران,دانشگاه تهران
1396,ریاضی,1508,410,منطقه 2,مهندسی نفت,دانشگاه صنعتی شریف - تهران
1396,ریاضی,1511,411,منطقه 2,مهندسی مکانیک,دانشگاه فردوسی - مشهد
1396,ریاضی,1520,85,منطقه 3,مهندسی شیمی,دانشگاه صنعتی شریف - تهران
1396,ریاضی,1520,413,منطقه 2,مهندسی شیمی,دانشگاه صنعتی شریف - تهران
1396,ریاضی,1523,414,منطقه 2,مهندسی مکانیک,دانشگاه علم و صنعت ایران - تهران
1396,ریاضی,1526,416,منطقه 2,مهندسی کامپیوتر,دانشگاه صنعتی خواجه نصیرالدین طوسی - تهران
1396,ریاضی,1537,419,منطقه 2,مهندسی برق,دانشگاه علم و صنعت ایران - تهران
1396,ریاضی,1537,419,منطقه 2,مهندسی هوا فضا,دانشگاه صنعتی شریف - تهران
1396,ریاضی,1542,421,منطقه 2,مهندسی معماری,دانشگاه تهران
1396,ریاضی,1545,422,منطقه 2,مهندسی برق,دانشگاه علم و صنعت ایران - تهران
1396,ریاضی,1546,873,منطقه 1,مهندسی برق,دانشگاه علم و صنعت ایران - تهران
1396,ریاضی,1553,131,ایثارگر-5%,مهندسی معماری,دانشگاه تهران
1396,ریاضی,1553,878,منطقه 1,مهندسی صنایع,دانشگاه صنعتی امیرکبیر - تهران
1396,ریاضی,1558,423,منطقه 2,مهندسی برق,دانشگاه علم و صنعت ایران - تهران
1396,ریاضی,1560,424,منطقه 2,مهندسی برق,دانشگاه علم و صنعت ایران - تهران
1396,ریاضی,1562,426,منطقه 2,مهندسی صنایع,دانشگاه تهران
1396,ریاضی,1564,882,منطقه 1,مهندسی مکانیک,دانشگاه تبریز
1396,ریاضی,1569,88,منطقه 3,مهندسی برق,دانشگاه علم و صنعت ایران - تهران
1396,ریاضی,1569,429,منطقه 2,مهندسی پزشکی,دانشگاه صنعتی امیرکبیر - تهران
1396,ریاضی,1569,885,منطقه 1,مهندسی صنایع,دانشگاه صنعتی امیرکبیر - تهران
1396,ریاضی,1569,885,منطقه 1,مهندسی عمران,دانشگاه صنعتی امیرکبیر - تهران
1396,ریاضی,1572,887,منطقه 1,فیزیک,دانشگاه صنعتی شریف - تهران
1396,ریاضی,1575,89,منطقه 3,مهندسی شیمی,دانشگاه صنعتی شریف - تهران
1396,ریاضی,1575,430,منطقه 2,مهندسی شیمی,دانشگاه صنعتی شریف - تهران
1396,ریاضی,1575,889,منطقه 1,مهندسی کامپیوتر,دانشگاه شهید بهشتی - تهران
1396,ریاضی,1580,431,منطقه 2,مهندسی کامپیوتر,دانشگاه شهید بهشتی - تهران
1396,ریاضی,1582,432,منطقه 2,مهندسی عمران,دانشگاه صنعتی امیرکبیر - تهران
1396,ریاضی,1582,893,منطقه 1,مهندسی مکانیک,دانشگاه فردوسی - مشهد
1396,ریاضی,1590,433,منطقه 2,مهندسی عمران,دانشگاه علم و صنعت ایران - تهران
1396,ریاضی,1590,899,منطقه 1,مهندسی معماری,دانشگاه تهران
1396,ریاضی,1595,902,منطقه 1,مهندسی برق,دانشگاه علم و صنعت ایران - تهران
1396,ریاضی,1597,435,منطقه 2,مهندسی عمران,دانشگاه تهران
1396,ریاضی,1597,903,منطقه 1,مهندسی کامپیوتر,دانشگاه صنعتی اصفهان
1396,ریاضی,1606,91,منطقه 3,مهندسی کامپیوتر,دانشگاه شهید بهشتی - تهران
1396,ریاضی,1606,909,منطقه 1,ریاضیات و کاربردها,دانشگاه صنعتی شریف - تهران
1396,ریاضی,1611,92,منطقه 3,مهندسی برق,دانشگاه صنعتی امیرکبیر - تهران
1396,ریاضی,1614,93,منطقه 3,مهندسی مکانیک,دانشگاه علم و صنعت ایران - تهران
1396,ریاضی,1616,440,منطقه 2,فیزیک,دانشگاه صنعتی شریف - تهران
1396,ریاضی,1616,440,منطقه 2,مهندسی پزشکی,دانشگاه صنعتی امیرکبیر - تهران
1396,ریاضی,1622,442,منطقه 2,مهندسی شیمی,دانشگاه صنعتی شریف - تهران
1396,ریاضی,1622,442,منطقه 2,مهندسی صنایع,دانشگاه صنعتی امیرکبیر - تهران
1396,ریاضی,1627,94,منطقه 3,آموزش ریاضی - بومی استان کرمان,پردیس خواجه نصیرالدین طوسی - کرمان
1396,ریاضی,1627,444,منطقه 2,مهندسی عمران,دانشگاه تهران
1396,ریاضی,1627,917,منطقه 1,مهندسی مکانیک,دانشگاه شیراز
1396,ریاضی,1631,445,منطقه 2,مهندسی نفت,دانشگاه صنعتی شریف - تهران
1396,ریاضی,1634,447,منطقه 2,مهندسی کامپیوتر,دانشگاه شهید بهشتی - تهران
1396,ریاضی,1634,920,منطقه 1,مهندسی نفت,دانشگاه صنعتی شریف - تهران
1396,ریاضی,1641,95,منطقه 3,مهندسی کامپیوتر,دانشگاه صنعتی امیرکبیر - تهران
1396,ریاضی,1641,450,منطقه 2,مهندسی شیمی,دانشگاه صنعتی شریف - تهران
1396,ریاضی,1644,925,منطقه 1,مهندسی مکانیک,دانشگاه علم و صنعت ایران - تهران
1396,ریاضی,1646,452,منطقه 2,مهندسی کامپیوتر,دانشگاه شهید بهشتی - تهران
1396,ریاضی,1651,929,منطقه 1,مهندسی مکانیک,دانشگاه علم و صنعت ایران - تهران
1396,ریاضی,1652,453,منطقه 2,مهندسی عمران,دانشگاه تهران
1396,ریاضی,1652,930,منطقه 1,مهندسی کامپیوتر,دانشگاه شهید بهشتی - تهران
1396,ریاضی,1657,454,منطقه 2,مهندسی کامپیوتر,دانشگاه شهید بهشتی - تهران
1396,ریاضی,1657,933,منطقه 1,مهندسی صنایع,دانشگاه علم و صنعت ایران - تهران
1396,ریاضی,1659,934,منطقه 1,مهندسی کامپیوتر,دانشگاه تبریز
1396,ریاضی,1667,96,منطقه 3,فیزیک,دانشگاه صنعتی شریف - تهران
1396,ریاضی,1667,456,منطقه 2,مهندسی برق,دانشگاه علم و صنعت ایران - تهران
1396,ریاضی,1667,456,منطقه 2,مهندسی ساخت وتولید,دانشگاه صنعتی امیرکبیر - تهران
1396,ریاضی,1667,456,منطقه 2,مهندسی شیمی,دانشگاه صنعتی شریف - تهران
1396,ریاضی,1667,456,منطقه 2,مهندسی عمران,دانشگاه تهران
1396,ریاضی,1667,939,منطقه 1,مهندسی کامپیوتر,دانشگاه شهید بهشتی - تهران
1396,ریاضی,1674,97,منطقه 3,مهندسی مکانیک,دانشگاه علم و صنعت ایران - تهران
1396,ریاضی,1674,460,منطقه 2,مهندسی کامپیوتر,دانشگاه شهید بهشتی - تهران
1396,ریاضی,1677,461,منطقه 2,مهندسی برق,دانشگاه علم و صنعت ایران - تهران
1396,ریاضی,1680,944,منطقه 1,مهندسی کامپیوتر,دانشگاه صنعتی خواجه نصیرالدین طوسی - تهران
1396,ریاضی,1683,98,منطقه 3,مهندسی شیمی,دانشگاه صنعتی شریف - تهران
1396,ریاضی,1686,462,منطقه 2,مهندسی برق,دانشگاه علم و صنعت ایران - تهران
1396,ریاضی,1689,950,منطقه 1,ریاضیات و کاربردها,دانشگاه صنعتی شریف - تهران
1396,ریاضی,1690,463,منطقه 2,مهندسی مکانیک,دانشگاه علم و صنعت ایران - تهران
1396,ریاضی,1693,464,منطقه 2,مهندسی برق,دانشگاه علم و صنعت ایران - تهران
1396,ریاضی,1693,952,منطقه 1,مهندسی برق,دانشگاه علم و صنعت ایران - تهران
1396,ریاضی,1695,465,منطقه 2,علوم کامپیوتر,دانشگاه تهران
1396,ریاضی,1698,466,منطقه 2,مهندسی مکانیک,دانشگاه علم و صنعت ایران - تهران
1396,ریاضی,1698,466,منطقه 2,مهندسی کامپیوتر - بومی مازندران,دانشگاه تربیت دبیر شهید رجایی_تهران
1396,ریاضی,1702,956,منطقه 1,علوم کامپیوتر,دانشگاه صنعتی امیرکبیر - تهران
1396,ریاضی,1702,956,منطقه 1,مهندسی مکانیک,دانشگاه علم و صنعت ایران - تهران
1396,ریاضی,1704,468,منطقه 2,مهندسی شیمی,دانشگاه تهران
1396,ریاضی,1705,140,ایثارگر-5%,مهندسی مکانیک,دانشگاه علم و صنعت ایران - تهران
1396,ریاضی,1707,959,منطقه 1,مهندسی مکانیک,دانشگاه علم و صنعت ایران - تهران
1396,ریاضی,1709,141,ایثارگر-5%,مهندسی برق,دانشگاه علم و صنعت ایران - تهران
1396,ریاضی,1709,961,منطقه 1,مهندسی برق,دانشگاه صنعتی امیرکبیر - تهران - پردیس خودگردان
1396,ریاضی,1712,963,منطقه 1,مهندسی مکانیک,دانشگاه صنعتی اصفهان
1396,ریاضی,1716,469,منطقه 2,مهندسی کامپیوتر,دانشگاه شهید بهشتی - تهران
1396,ریاضی,1722,471,منطقه 2,مهندسی مکانیک,دانشگاه علم و صنعت ایران - تهران
1396,ریاضی,1725,143,ایثارگر-5%,مهندسی صنایع,دانشگاه صنعتی امیرکبیر - تهران
1396,ریاضی,1727,101,منطقه 3,مهندسی مکانیک,دانشگاه علم و صنعت ایران - تهران
1396,ریاضی,1729,473,منطقه 2,مهندسی عمران - بومی مازندران,دانشگاه تربیت دبیر شهید رجایی_تهران
1396,ریاضی,1731,474,منطقه 2,مهندسی معماری,دانشگاه تهران
1396,ریاضی,1736,476,منطقه 2,مهندسی مکانیک,دانشگاه علم و صنعت ایران - تهران
1396,ریاضی,1739,974,منطقه 1,مهندسی کامپیوتر - بومی خراسان رضوی,دانشگاه تربیت دبیر شهید رجایی_تهران
1396,ریاضی,1743,478,منطقه 2,مهندسی معماری,دانشگاه تهران
1396,ریاضی,1743,977,منطقه 1,مهندسی کامپیوتر,دانشگاه شهید بهشتی - تهران
1396,ریاضی,1748,980,منطقه 1,مهندسی عمران,دانشگاه فردوسی - مشهد
1396,ریاضی,1748,980,منطقه 1,مهندسی مواد و متالورژی,دانشگاه صنعتی شریف - تهران
1396,ریاضی,1757,482,منطقه 2,مهندسی ساخت وتولید,دانشگاه صنعتی امیرکبیر - تهران
1396,ریاضی,1757,984,منطقه 1,مهندسی کامپیوتر,دانشگاه صنعتی خواجه نصیرالدین طوسی - تهران
1396,ریاضی,1761,483,منطقه 2,مهندسی معماری,دانشگاه علم و صنعت ایران - تهران
1396,ریاضی,1766,149,ایثارگر-5%,مهندسی شیمی,دانشگاه صنعتی شریف - تهران
1396,ریاضی,1766,484,منطقه 2,مهندسی مکانیک,دانشگاه صنعتی خواجه نصیرالدین طوسی - تهران
1396,ریاضی,1766,990,منطقه 1,مهندسی مواد و متالورژی,دانشگاه صنعتی شریف - تهران
1396,ریاضی,1773,995,منطقه 1,مهندسی عمران,دانشگاه صنعتی امیرکبیر - تهران
1396,ریاضی,1775,485,منطقه 2,مهندسی ساخت وتولید,دانشگاه صنعتی امیرکبیر - تهران
1396,ریاضی,1776,997,منطقه 1,مهندسی شیمی,دانشگاه صنعتی امیرکبیر - تهران
1396,ریاضی,1779,487,منطقه 2,مهندسی نفت,دانشگاه صنعتی شریف - تهران
1396,ریاضی,1784,1002,منطقه 1,مهندسی مواد و متالورژی,دانشگاه صنعتی شریف - تهران
1396,ریاضی,1788,104,منطقه 3,مهندسی برق,دانشگاه تهران
1396,ریاضی,1788,104,منطقه 3,مهندسی شیمی,دانشگاه صنعتی شریف - تهران
1396,ریاضی,1794,488,منطقه 2,مهندسی عمران - بومی خراسان رضوی,دانشگاه تربیت دبیر شهید رجایی_تهران
1396,ریاضی,1794,1008,منطقه 1,مهندسی پزشکی,دانشگاه صنعتی امیرکبیر - تهران
1396,ریاضی,1797,489,منطقه 2,مهندسی مکانیک,دانشگاه صنعتی اصفهان
1396,ریاضی,1800,490,منطقه 2,مهندسی شیمی,دانشگاه تهران
1396,ریاضی,1800,1012,منطقه 1,مهندسی مکانیک,دانشگاه علم و صنعت ایران - تهران
1396,ریاضی,1802,491,منطقه 2,مهندسی کامپیوتر,دانشگاه صنعتی خواجه نصیرالدین طوسی - تهران
1396,ریاضی,1803,1014,منطقه 1,مهندسی شیمی,دانشگاه صنعتی امیرکبیر - تهران
1396,ریاضی,1806,492,منطقه 2,مهندسی کامپیوتر,دانشگاه صنعتی اصفهان
1396,ریاضی,1812,493,منطقه 2,مهندسی معماری,دانشگاه شهید بهشتی - تهران
1396,ریاضی,1814,1022,منطقه 1,مهندسی برق,دانشگاه علم و صنعت ایران - تهران
1396,ریاضی,1820,1027,منطقه 1,مهندسی برق,دانشگاه صنعتی اصفهان
1396,ریاضی,1826,495,منطقه 2,علوم کامپیوتر,دانشگاه تهران
1396,ریاضی,1829,1032,منطقه 1,مهندسی مواد و متالورژی,دانشگاه صنعتی شریف - تهران
1396,ریاضی,1837,499,منطقه 2,مهندسی برق,دانشگاه علم و صنعت ایران - تهران
1396,ریاضی,1839,500,منطقه 2,مهندسی برق,دانشگاه علم و صنعت ایران - تهران
1396,ریاضی,1842,501,منطقه 2,مهندسی برق,دانشگاه علم و صنعت ایران - تهران
1396,ریاضی,1846,503,منطقه 2,مهندسی برق,دانشگاه علم و صنعت ایران - تهران
1396,ریاضی,1846,503,منطقه 2,مهندسی نفت,دانشگاه صنعتی شریف - تهران
1396,ریاضی,1854,155,ایثارگر-5%,مهندسی کامپیوتر,دانشگاه شهید بهشتی - تهران
1396,ریاضی,1854,505,منطقه 2,مهندسی عمران,دانشگاه تهران
1396,ریاضی,1854,1044,منطقه 1,مهندسی کامپیوتر,دانشگاه شیراز
1396,ریاضی,1861,1050,منطقه 1,مهندسی برق,دانشگاه صنعتی خواجه نصیرالدین طوسی - تهران
1396,ریاضی,1861,1050,منطقه 1,مهندسی عمران,دانشگاه صنعتی امیرکبیر - تهران
1396,ریاضی,1861,1050,منطقه 1,مهندسی کامپیوتر,دانشگاه صنعتی خواجه نصیرالدین طوسی - تهران
1396,ریاضی,1870,507,منطقه 2,مهندسی عمران,دانشگاه تهران
1396,ریاضی,1874,508,منطقه 2,مهندسی عمران,دانشگاه علم و صنعت ایران - تهران
1396,ریاضی,1876,159,ایثارگر-5%,علوم مهندسی,دانشگاه تهران
1396,ریاضی,1878,160,ایثارگر-5%,مهندسی هوا فضا,دانشگاه صنعتی شریف - تهران
1396,ریاضی,1878,1060,منطقه 1,مهندسی عمران,دانشگاه صنعتی امیرکبیر - تهران
1396,ریاضی,1881,509,منطقه 2,ریاضیات و کاربردها,دانشگاه صنعتی شریف - تهران
1396,ریاضی,1881,1061,منطقه 1,مهندسی کامپیوتر,دانشگاه صنعتی خواجه نصیرالدین طوسی - تهران
1396,ریاضی,1885,510,منطقه 2,مهندسی پزشکی,دانشگاه صنعتی امیرکبیر - تهران
1396,ریاضی,1889,1067,منطقه 1,مهندسی مکانیک,دانشگاه صنعتی اصفهان
1396,ریاضی,1891,511,منطقه 2,مهندسی شیمی,دانشگاه تهران
1396,ریاضی,1896,106,منطقه 3,مهندسی کامپیوتر,دانشگاه صنعتی امیرکبیر - تهران
1396,ریاضی,1896,512,منطقه 2,مهندسی صنایع,دانشگاه علم و صنعت ایران - تهران
1396,ریاضی,1900,1074,منطقه 1,مهندسی مکانیک,دانشگاه شیراز
1396,ریاضی,1905,107,منطقه 3,مهندسی کامپیوتر,دانشگاه صنعتی امیرکبیر - تهران
1396,ریاضی,1906,1078,منطقه 1,مهندسی پزشکی,دانشگاه صنعتی امیرکبیر - تهران
1396,ریاضی,1908,161,ایثارگر-5%,مهندسی عمران,دانشگاه تهران
1396,ریاضی,1908,515,منطقه 2,مهندسی نفت,دانشگاه تهران
1396,ریاضی,1911,1080,منطقه 1,مهندسی پزشکی,دانشگاه صنعتی امیرکبیر - تهران
1396,ریاضی,1913,517,منطقه 2,مهندسی عمران,دانشگاه صنعتی امیرکبیر - تهران
1396,ریاضی,1917,1084,منطقه 1,مهندسی برق,دانشگاه صنعتی اصفهان
1396,ریاضی,1920,1085,منطقه 1,مهندسی مکانیک,دانشگاه علم و صنعت ایران - تهران
1396,ریاضی,1926,1089,منطقه 1,مهندسی معماری,دانشگاه شهید بهشتی - تهران
1396,ریاضی,1931,520,منطقه 2,مهندسی کامپیوتر,دانشگاه صنعتی خواجه نصیرالدین طوسی - تهران
1396,ریاضی,1933,109,منطقه 3,مهندسی هوا فضا,دانشگاه صنعتی شریف - تهران
1396,ریاضی,1935,1095,منطقه 1,مهندسی کامپیوتر,دانشگاه صنعتی خواجه نصیرالدین طوسی - تهران
1396,ریاضی,1937,110,منطقه 3,مهندسی برق,دانشگاه صنعتی امیرکبیر - تهران
1396,ریاضی,1941,522,منطقه 2,مهندسی مکانیک,دانشگاه صنعتی خواجه نصیرالدین طوسی - تهران
1396,ریاضی,1944,523,منطقه 2,مهندسی کامپیوتر,دانشگاه صنعتی خواجه نصیرالدین طوسی - تهران
1396,ریاضی,1948,525,منطقه 2,مهندسی کامپیوتر,دانشگاه صنعتی خواجه نصیرالدین طوسی - تهران
1396,ریاضی,1957,112,منطقه 3,مهندسی مکانیک,دانشگاه تهران
1396,ریاضی,1957,528,منطقه 2,مهندسی شیمی,دانشگاه تهران
1396,ریاضی,1961,1110,منطقه 1,مهندسی مکانیک,دانشگاه صنعتی خواجه نصیرالدین طوسی - تهران
1396,ریاضی,1962,1111,منطقه 1,مهندسی کامپیوتر,دانشگاه شیراز
1396,ریاضی,1966,529,منطقه 2,مهندسی پزشکی,دانشگاه صنعتی امیرکبیر - تهران
1396,ریاضی,1966,1115,منطقه 1,مهندسی عمران,دانشگاه صنعتی امیرکبیر - تهران
1396,ریاضی,1970,113,منطقه 3,مهندسی شیمی,دانشگاه صنعتی شریف - تهران
1396,ریاضی,1970,530,منطقه 2,مهندسی مکانیک,دانشگاه علم و صنعت ایران - تهران
1396,ریاضی,1972,531,منطقه 2,مهندسی هوا فضا,دانشگاه صنعتی امیرکبیر - تهران
1396,ریاضی,1972,531,منطقه 2,مهندسی کامپیوتر,دانشگاه صنعتی نوشیروانی بابل
1396,ریاضی,1983,535,منطقه 2,مهندسی کامپیوتر,دانشگاه صنعتی اصفهان
1396,ریاضی,1990,536,منطقه 2,مهندسی کامپیوتر,دانشگاه صنعتی اصفهان
1396,ریاضی,1993,1128,منطقه 1,مهندسی شیمی,دانشگاه صنعتی امیرکبیر - تهران
1396,ریاضی,1996,1131,منطقه 1,مهندسی مکانیک,دانشگاه علم و صنعت ایران - تهران
1396,ریاضی,2001,167,ایثارگر-5%,مهندسی عمران,دانشگاه علم و صنعت ایران - تهران
1396,ریاضی,2001,538,منطقه 2,مهندسی عمران,دانشگاه صنعتی امیرکبیر - تهران
1396,ریاضی,2005,115,منطقه 3,مهندسی برق,دانشگاه علم و صنعت ایران - تهران
1396,ریاضی,2005,539,منطقه 2,ریاضیات و کاربردها,دانشگاه صنعتی شریف - تهران
1396,ریاضی,2005,1136,منطقه 1,مهندسی مکانیک,دانشگاه شیراز
1396,ریاضی,2008,116,منطقه 3,مهندسی مکانیک,دانشگاه علم و صنعت ایران - تهران
1396,ریاضی,2008,1137,منطقه 1,مهندسی نفت,دانشگاه تهران
1396,ریاضی,2011,541,منطقه 2,مهندسی معماری,دانشگاه شهید بهشتی - تهران
1396,ریاضی,2011,541,منطقه 2,مهندسی نفت,دانشگاه تهران
1396,ریاضی,2013,1139,منطقه 1,مهندسی پزشکی,دانشگاه صنعتی امیرکبیر - تهران
1396,ریاضی,2017,543,منطقه 2,مهندسی برق,دانشگاه علم و صنعت ایران - تهران
1396,ریاضی,2017,1142,منطقه 1,مهندسی کامپیوتر,دانشگاه صنعتی خواجه نصیرالدین طوسی - تهران
1396,ریاضی,2021,544,منطقه 2,مهندسی مکانیک,دانشگاه علم و صنعت ایران - تهران
1396,ریاضی,2024,118,منطقه 3,مهندسی کامپیوتر,دانشگاه صنعتی خواجه نصیرالدین طوسی - تهران
1396,ریاضی,2024,169,ایثارگر-5%,مهندسی مکانیک,دانشگاه علم و صنعت ایران - تهران
1396,ریاضی,2028,547,منطقه 2,مهندسی مکانیک,دانشگاه علم و صنعت ایران - تهران
1396,ریاضی,2028,547,منطقه 2,مهندسی کامپیوتر,دانشگاه صنعتی خواجه نصیرالدین طوسی - تهران
1396,ریاضی,2034,549,منطقه 2,مهندسی دریا,دانشگاه صنعتی شریف - تهران
1396,ریاضی,2037,1151,منطقه 1,مهندسی مکانیک,دانشگاه علم و صنعت ایران - تهران
1396,ریاضی,2037,1151,منطقه 1,مهندسی پزشکی,دانشگاه صنعتی امیرکبیر - تهران
1396,ریاضی,2040,550,منطقه 2,مهندسی پزشکی,دانشگاه صنعتی امیرکبیر - تهران
1396,ریاضی,2044,1157,منطقه 1,مهندسی پزشکی,دانشگاه صنعتی امیرکبیر - تهران
1396,ریاضی,2045,551,منطقه 2,مهندسی مکانیک,دانشگاه علم و صنعت ایران - تهران
1396,ریاضی,2047,552,منطقه 2,مهندسی برق,دانشگاه علم و صنعت ایران - تهران
1396,ریاضی,2049,553,منطقه 2,مهندسی هوا فضا,دانشگاه صنعتی امیرکبیر - تهران
1396,ریاضی,2052,170,ایثارگر-5%,مهندسی پزشکی,دانشگاه صنعتی امیرکبیر - تهران
1396,ریاضی,2055,171,ایثارگر-5%,مهندسی کامپیوتر,دانشگاه صنعتی خواجه نصیرالدین طوسی - تهران
1396,ریاضی,2060,556,منطقه 2,مهندسی برق,دانشگاه علم و صنعت ایران - تهران
1396,ریاضی,2064,120,منطقه 3,آموزش ریاضی - بومی استان کرمان,پردیس خواجه نصیرالدین طوسی - کرمان
1396,ریاضی,2064,1165,منطقه 1,مهندسی مکانیک,دانشگاه صنعتی اصفهان
1396,ریاضی,2069,122,منطقه 3,مهندسی شیمی,دانشگاه تهران
1396,ریاضی,2069,557,منطقه 2,مهندسی مکانیک,دانشگاه صنعتی خواجه نصیرالدین طوسی - تهران
1396,ریاضی,2069,1168,منطقه 1,مهندسی دریا,دانشگاه صنعتی شریف - تهران
1396,ریاضی,2072,175,ایثارگر-5%,شیمی کاربردی,دانشگاه تهران
1396,ریاضی,2074,558,منطقه 2,مهندسی برق,دانشگاه علم و صنعت ایران - تهران
1396,ریاضی,2080,559,منطقه 2,مهندسی نفت,دانشگاه تهران
1396,ریاضی,2085,176,ایثارگر-5%,مهندسی شیمی,دانشگاه صنعتی شریف - تهران
1396,ریاضی,2085,560,منطقه 2,مهندسی پزشکی,دانشگاه صنعتی امیرکبیر - تهران
1396,ریاضی,2091,562,منطقه 2,مهندسی برق,دانشگاه علم و صنعت ایران - تهران
1396,ریاضی,2098,564,منطقه 2,مهندسی برق,دانشگاه علم و صنعت ایران - تهران
1396,ریاضی,2103,123,منطقه 3,مهندسی مکانیک,دانشگاه تهران
1396,ریاضی,2105,124,منطقه 3,آموزش ریاضی - بومی خراسان جنوبی,پردیس امام خمینی - گرگان
1396,ریاضی,2108,125,منطقه 3,مهندسی معماری - بومی گلستان,دانشگاه تربیت دبیر شهید رجایی_تهران
1396,ریاضی,2114,1196,منطقه 1,مهندسی معماری,دانشگاه علم و صنعت ایران - تهران
1396,ریاضی,2114,1196,منطقه 1,مهندسی مکانیک,دانشگاه فردوسی - مشهد
1396,ریاضی,2114,1196,منطقه 1,مهندسی پلیمر,دانشگاه صنعتی امیرکبیر - تهران
1396,ریاضی,2118,567,منطقه 2,مهندسی عمران,دانشگاه علم و صنعت ایران - تهران
1396,ریاضی,2120,178,ایثارگر-5%,مهندسی معماری,دانشگاه شهید بهشتی - تهران
1396,ریاضی,2126,1203,منطقه 1,مهندسی برق,دانشگاه صنعتی خواجه نصیرالدین طوسی - تهران
1396,ریاضی,2126,1203,منطقه 1,مهندسی هوا فضا,دانشگاه صنعتی امیرکبیر - تهران
1396,ریاضی,2128,180,ایثارگر-5%,مهندسی کامپیوتر,دانشگاه صنعتی خواجه نصیرالدین طوسی - تهران
1396,ریاضی,2131,568,منطقه 2,مهندسی مکانیک,دانشگاه صنعتی خواجه نصیرالدین طوسی - تهران
1396,ریاضی,2134,1208,منطقه 1,مهندسی صنایع,دانشگاه صنعتی خواجه نصیرالدین طوسی - تهران
1396,ریاضی,2134,1208,منطقه 1,مهندسی هوا فضا,دانشگاه صنعتی امیرکبیر - تهران
1396,ریاضی,2139,569,منطقه 2,مهندسی صنایع,دانشگاه صنعتی امیرکبیر - تهران
1396,ریاضی,2139,569,منطقه 2,مهندسی پزشکی,دانشگاه صنعتی امیرکبیر - تهران
1396,ریاضی,2144,573,منطقه 2,مهندسی برق,دانشگاه صنعتی خواجه نصیرالدین طوسی - تهران
1396,ریاضی,2144,573,منطقه 2,مهندسی ساخت وتولید,دانشگاه صنعتی امیرکبیر - تهران
1396,ریاضی,2144,573,منطقه 2,مهندسی پزشکی,دانشگاه صنعتی امیرکبیر - تهران
1396,ریاضی,2146,575,منطقه 2,مهندسی صنایع,دانشگاه صنعتی امیرکبیر - تهران
1396,ریاضی,2146,1212,منطقه 1,مهندسی معماری,دانشگاه علم و صنعت ایران - تهران
1396,ریاضی,2148,576,منطقه 2,مهندسی مکانیک,دانشگاه علم و صنعت ایران - تهران
1396,ریاضی,2152,1215,منطقه 1,مهندسی مکانیک,دانشگاه صنعتی خواجه نصیرالدین طوسی - تهران
1396,ریاضی,2157,126,منطقه 3,مهندسی برق,دانشگاه صنعتی خواجه نصیرالدین طوسی - تهران
1396,ریاضی,2157,1218,منطقه 1,مهندسی کامپیوتر,دانشگاه فردوسی - مشهد
1396,ریاضی,2160,578,منطقه 2,فیزیک,دانشگاه صنعتی شریف - تهران
1396,ریاضی,2164,185,ایثارگر-5%,مهندسی برق,دانشگاه علم و صنعت ایران - تهران
1396,ریاضی,2164,579,منطقه 2,مهندسی شیمی,دانشگاه تهران
1396,ریاضی,2167,581,منطقه 2,مهندسی عمران - بومی مازندران,دانشگاه تربیت دبیر شهید رجایی_تهران
1396,ریاضی,2169,582,منطقه 2,مهندسی مکانیک,دانشگاه علم و صنعت ایران - تهران
1396,ریاضی,2172,1225,منطقه 1,مهندسی عمران,دانشگاه بین المللی امام خمینی(ره) - قزوین
1396,ریاضی,2175,1228,منطقه 1,مهندسی مکانیک,دانشگاه صنعتی خواجه نصیرالدین طوسی - تهران
1396,ریاضی,2177,128,منطقه 3,مهندسی صنایع,دانشگاه تهران
1396,ریاضی,2179,583,منطقه 2,مهندسی شیمی,دانشگاه تهران
1396,ریاضی,2183,187,ایثارگر-5%,مهندسی معماری,دانشگاه علم و صنعت ایران - تهران
1396,ریاضی,2183,585,منطقه 2,مهندسی برق,دانشگاه سمنان
1396,ریاضی,2183,585,منطقه 2,مهندسی کامپیوتر,دانشگاه صنعتی اصفهان
1396,ریاضی,2190,588,منطقه 2,مهندسی برق,دانشگاه صنعتی خواجه نصیرالدین طوسی - تهران
1396,ریاضی,2190,588,منطقه 2,مهندسی عمران,دانشگاه علم و صنعت ایران - تهران
1396,ریاضی,2196,130,منطقه 3,علوم کامپیوتر,دانشگاه صنعتی شریف - تهران
1396,ریاضی,2196,590,منطقه 2,علوم کامپیوتر,دانشگاه صنعتی امیرکبیر - تهران
1396,ریاضی,2196,590,منطقه 2,مهندسی کامپیوتر,دانشگاه صنعتی خواجه نصیرالدین طوسی - تهران
1396,ریاضی,2200,131,منطقه 3,مهندسی نفت,دانشگاه صنعتی شریف - تهران
1396,ریاضی,2204,1239,منطقه 1,مهندسی صنایع,دانشگاه علم و صنعت ایران - تهران
1396,ریاضی,2206,132,منطقه 3,مهندسی صنایع,دانشگاه علم و صنعت ایران - تهران
1396,ریاضی,2210,133,منطقه 3,مهندسی شیمی,دانشگاه تهران
1396,ریاضی,2210,191,ایثارگر-5%,مهندسی هوا فضا,دانشگاه صنعتی شریف - تهران
1396,ریاضی,2213,192,ایثارگر-5%,علوم کامپیوتر,دانشگاه تهران
1396,ریاضی,2216,595,منطقه 2,مهندسی مکانیک,دانشگاه صنعتی خواجه نصیرالدین طوسی - تهران
1396,ریاضی,2227,1252,منطقه 1,مهندسی هوا فضا,دانشگاه صنعتی امیرکبیر - تهران
1396,ریاضی,2232,134,منطقه 3,مهندسی شیمی,دانشگاه صنعتی شریف - تهران
1396,ریاضی,2232,599,منطقه 2,مهندسی معماری,دانشگاه علم و صنعت ایران - تهران
1396,ریاضی,2232,599,منطقه 2,مهندسی پزشکی,دانشگاه صنعتی امیرکبیر - تهران
1396,ریاضی,2232,599,منطقه 2,مهندسی کامپیوتر,دانشگاه صنعتی خواجه نصیرالدین طوسی - تهران
1396,ریاضی,2236,602,منطقه 2,مهندسی برق,دانشگاه شهید بهشتی (شهیدعباسپور)
1396,ریاضی,2236,602,منطقه 2,مهندسی شیمی,دانشگاه صنعتی امیرکبیر - تهران
1396,ریاضی,2236,1253,منطقه 1,مهندسی عمران,دانشگاه فردوسی - مشهد
1396,ریاضی,2239,604,منطقه 2,مهندسی شیمی,دانشگاه تهران
1396,ریاضی,2243,606,منطقه 2,علوم کامپیوتر,دانشگاه صنعتی امیرکبیر - تهران
1396,ریاضی,2243,606,منطقه 2,مهندسی مکانیک,دانشگاه صنعتی اصفهان
1396,ریاضی,2243,1256,منطقه 1,فیزیک,دانشگاه تهران
1396,ریاضی,2247,608,منطقه 2,شیمی کاربردی,دانشگاه تهران
1396,ریاضی,2247,608,منطقه 2,مهندسی برق,دانشگاه صنعتی خواجه نصیرالدین طوسی - تهران
1396,ریاضی,2251,610,منطقه 2,مهندسی شیمی,دانشگاه تهران
1396,ریاضی,2254,612,منطقه 2,مهندسی پزشکی,دانشگاه صنعتی امیرکبیر - تهران
1396,ریاضی,2256,136,منطقه 3,مهندسی مکانیک,دانشگاه صنعتی خواجه نصیرالدین طوسی - تهران
1396,ریاضی,2259,613,منطقه 2,ریاضیات و کاربردها,دانشگاه تهران
1396,ریاضی,2259,613,منطقه 2,مهندسی شیمی,دانشگاه تهران
1396,ریاضی,2261,615,منطقه 2,مهندسی شیمی,دانشگاه تهران
1396,ریاضی,2264,617,منطقه 2,مهندسی هوا فضا,دانشگاه صنعتی امیرکبیر - تهران
1396,ریاضی,2267,619,منطقه 2,مهندسی مکانیک,دانشگاه فردوسی - مشهد
1396,ریاضی,2271,621,منطقه 2,مهندسی شیمی,دانشگاه تهران
1396,ریاضی,2271,1265,منطقه 1,علوم کامپیوتر,دانشگاه شهید بهشتی - تهران
1396,ریاضی,2271,1265,منطقه 1,مهندسی معماری,دانشگاه هنر اصفهان
1396,ریاضی,2271,1265,منطقه 1,مهندسی کامپیوتر,دانشگاه شیراز
1396,ریاضی,2276,137,منطقه 3,مهندسی معماری - بومی مازندران,دانشگاه تربیت دبیر شهید رجایی_تهران
1396,ریاضی,2276,622,منطقه 2,مهندسی برق,دانشگاه صنعتی خواجه نصیرالدین طوسی - تهران
1396,ریاضی,2276,1268,منطقه 1,مهندسی هوا فضا,دانشگاه صنعتی امیرکبیر - تهران
1396,ریاضی,2278,1269,منطقه 1,مهندسی مواد و متالورژی,دانشگاه صنعتی شریف - تهران
1396,ریاضی,2285,138,منطقه 3,مهندسی مکانیک,دانشگاه تهران
1396,ریاضی,2285,624,منطقه 2,مهندسی شیمی,دانشگاه تهران
1396,ریاضی,2285,1274,منطقه 1,مهندسی کامپیوتر,دانشگاه فردوسی - مشهد
1396,ریاضی,2290,625,منطقه 2,مهندسی مواد و متالورژی,دانشگاه صنعتی شریف - تهران
1396,ریاضی,2290,1277,منطقه 1,مهندسی برق,دانشگاه صنعتی خواجه نصیرالدین طوسی - تهران
1396,ریاضی,2293,626,منطقه 2,مهندسی برق,دانشگاه شهید بهشتی (شهیدعباسپور)
1396,ریاضی,2295,199,ایثارگر-5%,مهندسی برق,دانشگاه صنعتی اصفهان
1396,ریاضی,2300,140,منطقه 3,مهندسی مکانیک,دانشگاه صنعتی اصفهان
1396,ریاضی,2300,628,منطقه 2,مهندسی عمران,دانشگاه صنعتی امیرکبیر - تهران
1396,ریاضی,2300,628,منطقه 2,مهندسی هوا فضا,دانشگاه صنعتی امیرکبیر - تهران
1396,ریاضی,2307,142,منطقه 3,مهندسی نفت,دانشگاه صنعتی شریف - تهران
1396,ریاضی,2307,630,منطقه 2,مهندسی برق,دانشگاه صنعتی خواجه نصیرالدین طوسی - تهران
1396,ریاضی,2307,1284,منطقه 1,مهندسی برق,دانشگاه صنعتی اصفهان
1396,ریاضی,2311,143,منطقه 3,علوم کامپیوتر,دانشگاه صنعتی شریف - تهران
1396,ریاضی,2311,631,منطقه 2,مدیریت مالی,دانشگاه تهران
1396,ریاضی,2318,1290,منطقه 1,مهندسی کامپیوتر,دانشگاه صنعتی اصفهان
1396,ریاضی,2321,1292,منطقه 1,مهندسی مکانیک,دانشگاه شیراز
1396,ریاضی,2328,633,منطقه 2,مهندسی مواد و متالورژی,دانشگاه تهران
1396,ریاضی,2328,1295,منطقه 1,مهندسی صنایع,دانشگاه علم و صنعت ایران - تهران
1396,ریاضی,2332,634,منطقه 2,علوم کامپیوتر,دانشگاه شهید بهشتی - تهران
1396,ریاضی,2336,1300,منطقه 1,مهندسی برق,دانشگاه صنعتی خواجه نصیرالدین طوسی - تهران
1396,ریاضی,2341,637,منطقه 2,مهندسی نفت,دانشگاه صنعتی امیرکبیر - تهران
1396,ریاضی,2344,207,ایثارگر-5%,علوم کامپیوتر,دانشگاه تهران
1396,ریاضی,2344,207,ایثارگر-5%,مهندسی عمران,دانشگاه صنعتی امیرکبیر - تهران
1396,ریاضی,2344,1303,منطقه 1,مهندسی معماری,دانشگاه علم و صنعت ایران - تهران
1396,ریاضی,2348,209,ایثارگر-5%,مهندسی کامپیوتر - بومی استان اردبیل,دانشگاه تربیت دبیر شهید رجایی_تهران
1396,ریاضی,2348,638,منطقه 2,مهندسی برق,دانشگاه صنعتی خواجه نصیرالدین طوسی - تهران
1396,ریاضی,2348,1305,منطقه 1,مهندسی پلیمر,دانشگاه تهران
1396,ریاضی,2350,1306,منطقه 1,مهندسی مواد و متالورژی,دانشگاه صنعتی شریف - تهران
1396,ریاضی,2352,639,منطقه 2,مهندسی عمران,دانشگاه علم و صنعت ایران - تهران
1396,ریاضی,2352,639,منطقه 2,مهندسی مکانیک,دانشگاه صنعتی اصفهان
1396,ریاضی,2352,1307,منطقه 1,مهندسی مکانیک,دانشگاه صنعتی خواجه نصیرالدین طوسی - تهران
1396,ریاضی,2354,1308,منطقه 1,مهندسی صنایع,دانشگاه صنعتی خواجه نصیرالدین طوسی - تهران
1396,ریاضی,2357,641,منطقه 2,مهندسی کامپیوتر,دانشگاه صنعتی اصفهان
1396,ریاضی,2361,643,منطقه 2,مهندسی عمران,دانشگاه علم و صنعت ایران - تهران
1396,ریاضی,2366,644,منطقه 2,مهندسی شیمی,دانشگاه صنعتی امیرکبیر - تهران
1396,ریاضی,2376,646,منطقه 2,مهندسی شیمی,دانشگاه صنعتی امیرکبیر - تهران
1396,ریاضی,2376,1323,منطقه 1,مهندسی مکانیک,دانشگاه صنعتی اصفهان
1396,ریاضی,2379,1325,منطقه 1,مهندسی نفت,دانشگاه صنعتی امیرکبیر - تهران
1396,ریاضی,2385,649,منطقه 2,مهندسی کامپیوتر,دانشگاه صنعتی اصفهان
1396,ریاضی,2385,1330,منطقه 1,مهندسی کامپیوتر - بومی استان تهران,دانشگاه تربیت دبیر شهید رجایی_تهران
1396,ریاضی,2391,211,ایثارگر-5%,مهندسی هوا فضا,دانشگاه صنعتی امیرکبیر - تهران
1396,ریاضی,2395,145,منطقه 3,مهندسی مکانیک,دانشگاه صنعتی اصفهان
1396,ریاضی,2399,212,ایثارگر-5%,مهندسی برق,دانشگاه صنعتی اصفهان
1396,ریاضی,2399,1335,منطقه 1,مهندسی مکانیک,دانشگاه صنعتی اصفهان
1396,ریاضی,2402,147,منطقه 3,مهندسی صنایع,دانشگاه علم و صنعت ایران - تهران
1396,ریاضی,2406,215,ایثارگر-5%,آموزش ریاضی - بومی استان یزد,پردیس شهید باهنر - کرمان
1396,ریاضی,2406,653,منطقه 2,مهندسی نفت,دانشگاه صنعتی امیرکبیر - تهران
1396,ریاضی,2406,1338,منطقه 1,مهندسی مواد و متالورژی,دانشگاه صنعتی شریف - تهران
1396,ریاضی,2410,148,منطقه 3,مهندسی مکانیک - بومی خراسان جنوبی,دانشگاه تربیت دبیر شهید رجایی_تهران
1396,ریاضی,2410,216,ایثارگر-5%,مهندسی کامپیوتر,دانشگاه صنعتی خواجه نصیرالدین طوسی - تهران
1396,ریاضی,2410,654,منطقه 2,مهندسی عمران,دانشگاه صنعتی امیرکبیر - تهران
1396,ریاضی,2415,656,منطقه 2,مهندسی معماری,دانشگاه بوعلی سینا - همدان
1396,ریاضی,2424,659,منطقه 2,مهندسی مکانیک,دانشگاه صنعتی خواجه نصیرالدین طوسی - تهران
1396,ریاضی,2428,218,ایثارگر-5%,مهندسی نفت,دانشگاه صنعتی شریف - تهران
1396,ریاضی,2436,151,منطقه 3,علوم کامپیوتر,دانشگاه تهران
1396,ریاضی,2439,662,منطقه 2,مهندسی صنایع,دانشگاه علم و صنعت ایران - تهران
1396,ریاضی,2444,220,ایثارگر-5%,آموزش ریاضی - بومی استان اصفهان,پردیس فاطمه الزهرا (س) - اهواز
1396,ریاضی,2444,1354,منطقه 1,مهندسی هوا فضا,دانشگاه صنعتی امیرکبیر - تهران
1396,ریاضی,2453,1359,منطقه 1,مهندسی کامپیوتر,دانشگاه فردوسی - مشهد
1396,ریاضی,2461,668,منطقه 2,مهندسی برق,دانشگاه صنعتی خواجه نصیرالدین طوسی - تهران
1396,ریاضی,2467,670,منطقه 2,مهندسی برق,دانشگاه شهید بهشتی (شهیدعباسپور)
1396,ریاضی,2467,670,منطقه 2,مهندسی ساخت وتولید,دانشگاه صنعتی امیرکبیر - تهران
1396,ریاضی,2467,1366,منطقه 1,مهندسی برق,دانشگاه صنعتی خواجه نصیرالدین طوسی - تهران
1396,ریاضی,2467,1366,منطقه 1,مهندسی مکانیک,دانشگاه شیراز
1396,ریاضی,2472,223,ایثارگر-5%,مهندسی مکانیک,دانشگاه علم و صنعت ایران - تهران
1396,ریاضی,2478,672,منطقه 2,مهندسی پلیمر,دانشگاه صنعتی امیرکبیر - تهران
1396,ریاضی,2487,155,منطقه 3,مهندسی شیمی,دانشگاه تهران
1396,ریاضی,2487,675,منطقه 2,مهندسی معماری,دانشگاه علم و صنعت ایران - تهران
1396,ریاضی,2487,675,منطقه 2,مهندسی مواد و متالورژی,دانشگاه تهران
1396,ریاضی,2487,675,منطقه 2,مهندسی مکانیک - بومی خراسان رضوی,دانشگاه تربیت دبیر شهید رجایی_تهران
1396,ریاضی,2503,679,منطقه 2,مهندسی مکانیک,دانشگاه فردوسی - مشهد
1396,ریاضی,2505,680,منطقه 2,مهندسی برق,دانشگاه صنعتی خواجه نصیرالدین طوسی - تهران
1396,ریاضی,2505,1384,منطقه 1,مهندسی صنایع,دانشگاه صنعتی خواجه نصیرالدین طوسی - تهران
1396,ریاضی,2507,681,منطقه 2,علوم کامپیوتر,دانشگاه صنعتی امیرکبیر - تهران
1396,ریاضی,2510,157,منطقه 3,آموزش ابتدایی - بومی خراسان جنوبی,پردیس امام سجاد - بیرجند
1396,ریاضی,2510,683,منطقه 2,مهندسی صنایع,دانشگاه علم و صنعت ایران - تهران
1396,ریاضی,2510,683,منطقه 2,مهندسی مکانیک,دانشگاه علم و صنعت ایران - تهران
1396,ریاضی,2513,158,منطقه 3,مهندسی شیمی,دانشگاه تهران
1396,ریاضی,2516,686,منطقه 2,مهندسی مکانیک,دانشگاه صنعتی خواجه نصیرالدین طوسی - تهران
1396,ریاضی,2516,686,منطقه 2,مهندسی پزشکی,دانشگاه صنعتی امیرکبیر - تهران
1396,ریاضی,2519,159,منطقه 3,آموزش ریاضی - بومی استان یزد,پردیس شهید باهنر - کرمان
1396,ریاضی,2519,688,منطقه 2,مهندسی برق - بومی استان یزد,دانشگاه تربیت دبیر شهید رجایی_تهران
1396,ریاضی,2519,688,منطقه 2,مهندسی مواد و متالورژی,دانشگاه تهران
1396,ریاضی,2522,160,منطقه 3,مهندسی هوا فضا,دانشگاه صنعتی شریف - تهران
1396,ریاضی,2522,690,منطقه 2,مهندسی انرژی,دانشگاه صنعتی امیرکبیر - تهران
1396,ریاضی,2525,1387,منطقه 1,مهندسی برق,دانشگاه صنعتی خواجه نصیرالدین طوسی - تهران
1396,ریاضی,2527,162,منطقه 3,مهندسی صنایع,دانشگاه صنعتی خواجه نصیرالدین طوسی - تهران
1396,ریاضی,2530,691,منطقه 2,مهندسی برق,دانشگاه صنعتی خواجه نصیرالدین طوسی - تهران
1396,ریاضی,2533,692,منطقه 2,مهندسی مکانیک,دانشگاه صنعتی خواجه نصیرالدین طوسی - تهران
1396,ریاضی,2538,1397,منطقه 1,مهندسی برق,دانشگاه صنعتی خواجه نصیرالدین طوسی - تهران
1396,ریاضی,2541,693,منطقه 2,مهندسی کامپیوتر,دانشگاه صنعتی اصفهان
1396,ریاضی,2545,231,ایثارگر-5%,مهندسی نفت,دانشگاه تهران
1396,ریاضی,2545,1401,منطقه 1,مهندسی شیمی,دانشگاه صنعتی اصفهان
1396,ریاضی,2554,695,منطقه 2,مهندسی شیمی,دانشگاه علم و صنعت ایران - تهران
1396,ریاضی,2554,695,منطقه 2,مهندسی مکانیک,دانشگاه ارومیه
1396,ریاضی,2554,695,منطقه 2,مهندسی مکانیک - بومی کردستان,دانشگاه تربیت دبیر شهید رجایی_تهران
1396,ریاضی,2559,697,منطقه 2,مهندسی معماری,دانشگاه شهید بهشتی - تهران
1396,ریاضی,2559,1410,منطقه 1,مهندسی عمران,دانشگاه علم و صنعت ایران - تهران
1396,ریاضی,2565,699,منطقه 2,مهندسی عمران,دانشگاه علم و صنعت ایران - تهران
1396,ریاضی,2565,1412,منطقه 1,مهندسی برق,دانشگاه صنعتی خواجه نصیرالدین طوسی - تهران
1396,ریاضی,2565,1412,منطقه 1,مهندسی صنایع,دانشگاه فردوسی - مشهد
1396,ریاضی,2569,701,منطقه 2,مهندسی برق,دانشگاه صنعتی خواجه نصیرالدین طوسی - تهران
1396,ریاضی,2569,701,منطقه 2,مهندسی صنایع,دانشگاه صنعتی امیرکبیر - تهران
1396,ریاضی,2569,1414,منطقه 1,مهندسی شیمی,دانشگاه علم و صنعت ایران - تهران
1396,ریاضی,2576,703,منطقه 2,مهندسی شیمی,دانشگاه صنعتی امیرکبیر - تهران
1396,ریاضی,2576,703,منطقه 2,مهندسی عمران,دانشگاه علم و صنعت ایران - تهران
1396,ریاضی,2578,1419,منطقه 1,مهندسی برق,دانشگاه صنعتی خواجه نصیرالدین طوسی - تهران
1396,ریاضی,2586,706,منطقه 2,مهندسی پزشکی,دانشگاه صنعتی امیرکبیر - تهران
1396,ریاضی,2589,163,منطقه 3,مهندسی هوا فضا,دانشگاه صنعتی شریف - تهران
1396,ریاضی,2593,709,منطقه 2,مهندسی برق,دانشگاه صنعتی خواجه نصیرالدین طوسی - تهران
1396,ریاضی,2593,1426,منطقه 1,مهندسی کامپیوتر,دانشگاه صنعتی اصفهان
1396,ریاضی,2600,1430,منطقه 1,مهندسی مکانیک,دانشگاه صنعتی اصفهان
1396,ریاضی,2600,1430,منطقه 1,مهندسی کامپیوتر,دانشگاه صنعتی اصفهان
1396,ریاضی,2605,712,منطقه 2,مهندسی کامپیوتر,دانشگاه صنعتی اصفهان
1396,ریاضی,2608,238,ایثارگر-5%,مهندسی هوا فضا,دانشگاه صنعتی خواجه نصیرالدین طوسی - تهران
1396,ریاضی,2614,1437,منطقه 1,مهندسی برق,دانشگاه فردوسی - مشهد
1396,ریاضی,2614,1437,منطقه 1,مهندسی شیمی,دانشگاه علم و صنعت ایران - تهران
1396,ریاضی,2620,1443,منطقه 1,مهندسی هوا فضا,دانشگاه صنعتی امیرکبیر - تهران
1396,ریاضی,2627,715,منطقه 2,مهندسی برق - بومی مازندران,دانشگاه تربیت دبیر شهید رجایی_تهران
1396,ریاضی,2627,715,منطقه 2,مهندسی شیمی,دانشگاه علم و صنعت ایران - تهران
1396,ریاضی,2627,715,منطقه 2,مهندسی عمران,دانشگاه علم و صنعت ایران - تهران
1396,ریاضی,2630,718,منطقه 2,فیزیک,دانشگاه صنعتی شریف - تهران
1396,ریاضی,2630,718,منطقه 2,مهندسی صنایع,دانشگاه صنعتی امیرکبیر - تهران
1396,ریاضی,2632,242,ایثارگر-5%,مهندسی مکانیک,دانشگاه علم و صنعت ایران - تهران
1396,ریاضی,2634,1449,منطقه 1,مهندسی برق,دانشگاه صنعتی خواجه نصیرالدین طوسی - تهران
1396,ریاضی,2637,1452,منطقه 1,مهندسی مکانیک,دانشگاه صنعتی خواجه نصیرالدین طوسی - تهران
1396,ریاضی,2637,1452,منطقه 1,مهندسی کامپیوتر,دانشگاه صنعتی اصفهان
1396,ریاضی,2641,721,منطقه 2,علوم کامپیوتر,دانشگاه شهید بهشتی - تهران
1396,ریاضی,2641,721,منطقه 2,مهندسی عمران,دانشگاه علم و صنعت ایران - تهران
1396,ریاضی,2641,721,منطقه 2,مهندسی کامپیوتر,دانشگاه صنعتی اصفهان
1396,ریاضی,2645,244,ایثارگر-5%,مهندسی عمران,دانشگاه صنعتی امیرکبیر - تهران
1396,ریاضی,2648,166,منطقه 3,ریاضیات و کاربردها,دانشگاه صنعتی شریف - تهران
1396,ریاضی,2648,723,منطقه 2,مهندسی برق - بومی خراسان رضوی,دانشگاه تربیت دبیر شهید رجایی_تهران
1396,ریاضی,2655,724,منطقه 2,مهندسی پزشکی,دانشگاه صنعتی امیرکبیر - تهران
1396,ریاضی,2658,245,ایثارگر-5%,مهندسی شیمی,دانشگاه صنعتی شریف - تهران
1396,ریاضی,2658,725,منطقه 2,علوم کامپیوتر,دانشگاه شهید بهشتی - تهران
1396,ریاضی,2658,1461,منطقه 1,مهندسی هوا فضا,دانشگاه صنعتی امیرکبیر - تهران
1396,ریاضی,2661,726,منطقه 2,مهندسی عمران,دانشگاه صنعتی خواجه نصیرالدین طوسی - تهران
1396,ریاضی,2665,1464,منطقه 1,مهندسی انرژی,دانشگاه صنعتی امیرکبیر - تهران
1396,ریاضی,2665,1464,منطقه 1,مهندسی شیمی,دانشگاه علم و صنعت ایران - تهران
1396,ریاضی,2665,1464,منطقه 1,مهندسی عمران,دانشگاه علم و صنعت ایران - تهران
1396,ریاضی,2665,1464,منطقه 1,مهندسی پلیمر,دانشگاه صنعتی امیرکبیر - تهران
1396,ریاضی,2672,727,منطقه 2,مهندسی انرژی,دانشگاه صنعتی امیرکبیر - تهران
1396,ریاضی,2672,1469,منطقه 1,مهندسی مکانیک,دانشگاه شیراز
1396,ریاضی,2681,249,ایثارگر-5%,مهندسی شیمی,دانشگاه تهران
1396,ریاضی,2681,729,منطقه 2,مهندسی شیمی,دانشگاه صنعتی امیرکبیر - تهران
1396,ریاضی,2688,731,منطقه 2,مهندسی برق,دانشگاه صنعتی خواجه نصیرالدین طوسی - تهران
1396,ریاضی,2688,1479,منطقه 1,مهندسی مواد و متالورژی,دانشگاه صنعتی شریف - تهران
1396,ریاضی,2690,732,منطقه 2,مهندسی شیمی,دانشگاه صنعتی امیرکبیر - تهران
1396,ریاضی,2699,170,منطقه 3,مهندسی کامپیوتر,دانشگاه علم و صنعت ایران - تهران
1396,ریاضی,2699,734,منطقه 2,مهندسی معماری,دانشگاه علم و صنعت ایران - تهران
1396,ریاضی,2703,1486,منطقه 1,مهندسی کامپیوتر,دانشگاه صنعتی اصفهان
1396,ریاضی,2704,735,منطقه 2,مهندسی معماری,دانشگاه علم و صنعت ایران - تهران
1396,ریاضی,2706,736,منطقه 2,مهندسی پزشکی,دانشگاه صنعتی امیرکبیر - تهران
1396,ریاضی,2710,1489,منطقه 1,مهندسی مکانیک,دانشگاه صنعتی خواجه نصیرالدین طوسی - تهران
1396,ریاضی,2713,1491,منطقه 1,مهندسی برق,دانشگاه صنعتی خواجه نصیرالدین طوسی - تهران
1396,ریاضی,2720,738,منطقه 2,مهندسی برق,دانشگاه صنعتی اصفهان
1396,ریاضی,2720,738,منطقه 2,مهندسی شیمی,دانشگاه صنعتی امیرکبیر - تهران
1396,ریاضی,2730,741,منطقه 2,مهندسی برق,دانشگاه صنعتی خواجه نصیرالدین طوسی - تهران
1396,ریاضی,2730,741,منطقه 2,مهندسی مکانیک,دانشگاه صنعتی خواجه نصیرالدین طوسی - تهران
1396,ریاضی,2733,743,منطقه 2,مهندسی نفت,دانشگاه صنعتی امیرکبیر - تهران
1396,ریاضی,2733,1504,منطقه 1,مهندسی برق,دانشگاه فردوسی - مشهد
1396,ریاضی,2737,744,منطقه 2,مهندسی برق,دانشگاه صنعتی خواجه نصیرالدین طوسی - تهران
1396,ریاضی,2737,744,منطقه 2,مهندسی شیمی,دانشگاه صنعتی امیرکبیر - تهران
1396,ریاضی,2746,748,منطقه 2,مهندسی عمران,دانشگاه صنعتی خواجه نصیرالدین طوسی - تهران
1396,ریاضی,2746,748,منطقه 2,مهندسی نفت,دانشگاه صنعتی امیرکبیر - تهران
1396,ریاضی,2751,172,منطقه 3,مهندسی هوا فضا,دانشگاه صنعتی شریف - تهران
1396,ریاضی,2751,750,منطقه 2,مهندسی کامپیوتر - بومی گلستان,دانشگاه تربیت دبیر شهید رجایی_تهران
1396,ریاضی,2751,1512,منطقه 1,مهندسی صنایع,دانشگاه صنعتی خواجه نصیرالدین طوسی - تهران
1396,ریاضی,2756,173,منطقه 3,آموزش فیزیک - بومی خوزستان,پردیس فاطمه الزهرا (س) - اصفهان
1396,ریاضی,2756,173,منطقه 3,مهندسی ساخت وتولید,دانشگاه صنعتی امیرکبیر - تهران
1396,ریاضی,2756,751,منطقه 2,مهندسی مکانیک,دانشگاه صنعتی اصفهان
1396,ریاضی,2766,754,منطقه 2,مهندسی عمران,دانشگاه علم و صنعت ایران - تهران
1396,ریاضی,2766,754,منطقه 2,مهندسی مکانیک,دانشگاه صنعتی خواجه نصیرالدین طوسی - تهران
1396,ریاضی,2768,175,منطقه 3,مهندسی عمران - بومی خراسان شمالی,دانشگاه تربیت دبیر شهید رجایی_تهران
1396,ریاضی,2769,756,منطقه 2,مهندسی مکانیک,دانشگاه صنعتی اصفهان
1396,ریاضی,2773,1522,منطقه 1,مهندسی برق,دانشگاه فردوسی - مشهد
1396,ریاضی,2777,176,منطقه 3,مهندسی مکانیک,دانشگاه صنعتی اصفهان
1396,ریاضی,2777,759,منطقه 2,مهندسی صنایع,دانشگاه علم و صنعت ایران - تهران
1396,ریاضی,2777,759,منطقه 2,مهندسی پلیمر,دانشگاه تهران
1396,ریاضی,2781,1525,منطقه 1,مهندسی مکانیک,دانشگاه شیراز
1396,ریاضی,2786,177,منطقه 3,مهندسی شیمی,دانشگاه تهران
1396,ریاضی,2786,177,منطقه 3,مهندسی مکانیک,دانشگاه صنعتی امیرکبیر - تهران
1396,ریاضی,2790,1530,منطقه 1,مهندسی هوا فضا,دانشگاه صنعتی خواجه نصیرالدین طوسی - تهران
1396,ریاضی,2790,1530,منطقه 1,مهندسی کامپیوتر,دانشگاه صنعتی اصفهان
1396,ریاضی,2794,762,منطقه 2,مهندسی هوا فضا,دانشگاه صنعتی امیرکبیر - تهران
1396,ریاضی,2797,259,ایثارگر-5%,مهندسی نفت,دانشگاه تهران
1396,ریاضی,2802,764,منطقه 2,فیزیک,دانشگاه تهران
1396,ریاضی,2802,764,منطقه 2,مهندسی عمران,دانشگاه علم و صنعت ایران - تهران
1396,ریاضی,2806,766,منطقه 2,مهندسی مکانیک,دانشگاه صنعتی خواجه نصیرالدین طوسی - تهران
1396,ریاضی,2806,766,منطقه 2,مهندسی نفت,دانشگاه صنعتی امیرکبیر - تهران
1396,ریاضی,2811,179,منطقه 3,مهندسی کامپیوتر - بومی خراسان جنوبی,دانشگاه تربیت دبیر شهید رجایی_تهران
1396,ریاضی,2815,769,منطقه 2,مهندسی معماری,دانشگاه علم و صنعت ایران - تهران
1396,ریاضی,2815,769,منطقه 2,مهندسی مکانیک - بومی استان چهارمحال وبختیاری,دانشگاه تربیت دبیر شهید رجایی_تهران
1396,ریاضی,2815,1541,منطقه 1,مهندسی مکانیک,دانشگاه شیراز
1396,ریاضی,2819,771,منطقه 2,مهندسی عمران,دانشگاه صنعتی خواجه نصیرالدین طوسی - تهران
1396,ریاضی,2823,181,منطقه 3,مهندسی نفت,دانشگاه صنعتی شریف - تهران
1396,ریاضی,2823,773,منطقه 2,مهندسی برق - بومی خراسان شمالی,دانشگاه تربیت دبیر شهید رجایی_تهران
1396,ریاضی,2826,262,ایثارگر-5%,مهندسی مواد و متالورژی,دانشگاه صنعتی شریف - تهران
1396,ریاضی,2831,1548,منطقه 1,مهندسی مکانیک,دانشگاه صنعتی خواجه نصیرالدین طوسی - تهران
1396,ریاضی,2835,1550,منطقه 1,مهندسی مکانیک,دانشگاه صنعتی خواجه نصیرالدین طوسی - تهران
1396,ریاضی,2838,776,منطقه 2,مهندسی برق,دانشگاه شهید بهشتی (شهیدعباسپور)
1396,ریاضی,2845,778,منطقه 2,مهندسی کامپیوتر,دانشگاه فردوسی - مشهد
1396,ریاضی,2850,779,منطقه 2,مهندسی دریا,دانشگاه صنعتی شریف - تهران
1396,ریاضی,2853,264,ایثارگر-5%,مهندسی برق,دانشگاه صدا و سیمای جمهوری اسلامی ایران
1396,ریاضی,2858,780,منطقه 2,مهندسی عمران,دانشگاه شهید بهشتی (شهیدعباسپور)
1396,ریاضی,2865,1571,منطقه 1,مهندسی مواد و متالورژی,دانشگاه تهران
1396,ریاضی,2865,1571,منطقه 1,مهندسی کامپیوتر,دانشگاه صنعتی اصفهان
1396,ریاضی,2865,1571,منطقه 1,مهندسی کامپیوتر - بومی استان تهران,دانشگاه تربیت دبیر شهید رجایی_تهران
1396,ریاضی,2873,783,منطقه 2,مهندسی مواد و متالورژی,دانشگاه صنعتی شریف - تهران
1396,ریاضی,2873,783,منطقه 2,مهندسی کامپیوتر,دانشگاه صنعتی اصفهان
1396,ریاضی,2879,184,منطقه 3,مهندسی مکانیک,دانشگاه صنعتی اصفهان
1396,ریاضی,2879,785,منطقه 2,مهندسی مکانیک,دانشگاه صنعتی خواجه نصیرالدین طوسی - تهران
1396,ریاضی,2879,1579,منطقه 1,مهندسی شیمی,دانشگاه علم و صنعت ایران - تهران
1396,ریاضی,2886,267,ایثارگر-5%,مهندسی صنایع,دانشگاه صنعتی شریف - تهران (محل تحصیل کیش) - پردیس خودگردان
1396,ریاضی,2886,1583,منطقه 1,مهندسی مکانیک,دانشگاه شیراز
1396,ریاضی,2894,185,منطقه 3,مهندسی برق,دانشگاه شهید بهشتی (شهیدعباسپور)
1396,ریاضی,2897,1590,منطقه 1,مهندسی صنایع,دانشگاه صنعتی خواجه نصیرالدین طوسی - تهران
1396,ریاضی,2902,186,منطقه 3,مهندسی معماری,دانشگاه هنر تهران
1396,ریاضی,2902,268,ایثارگر-5%,مهندسی هوا فضا,دانشگاه صنعتی امیرکبیر - تهران
1396,ریاضی,2904,791,منطقه 2,مهندسی دریا,دانشگاه صنعتی شریف - تهران
1396,ریاضی,2907,793,منطقه 2,مهندسی هوا فضا,دانشگاه صنعتی امیرکبیر - تهران
1396,ریاضی,2910,795,منطقه 2,مهندسی مواد و متالورژی,دانشگاه صنعتی شریف - تهران
1396,ریاضی,2910,1593,منطقه 1,مهندسی مکانیک,دانشگاه صنعتی اصفهان
1396,ریاضی,2914,796,منطقه 2,مهندسی انرژی,دانشگاه صنعتی امیرکبیر - تهران
1396,ریاضی,2918,797,منطقه 2,مهندسی مکانیک,دانشگاه صنعتی خواجه نصیرالدین طوسی - تهران
1396,ریاضی,2924,800,منطقه 2,مهندسی انرژی,دانشگاه صنعتی امیرکبیر - تهران
1396,ریاضی,2924,800,منطقه 2,مهندسی عمران,دانشگاه صنعتی خواجه نصیرالدین طوسی - تهران
1396,ریاضی,2924,800,منطقه 2,مهندسی مکانیک,دانشگاه صنعتی خواجه نصیرالدین طوسی - تهران
1396,ریاضی,2924,1602,منطقه 1,مهندسی مکانیک,دانشگاه صنعتی خواجه نصیرالدین طوسی - تهران
1396,ریاضی,2935,270,ایثارگر-5%,مهندسی مکانیک,دانشگاه علم و صنعت ایران - تهران
1396,ریاضی,2935,805,منطقه 2,مهندسی کامپیوتر - بومی گلستان,دانشگاه تربیت دبیر شهید رجایی_تهران
1396,ریاضی,2944,807,منطقه 2,مهندسی برق,دانشگاه صنعتی خواجه نصیرالدین طوسی - تهران
1396,ریاضی,2950,271,ایثارگر-5%,مهندسی مکانیک,دانشگاه صنعتی اصفهان
1396,ریاضی,2950,1613,منطقه 1,مهندسی صنایع,دانشگاه صنعتی خواجه نصیرالدین طوسی - تهران
1396,ریاضی,2957,809,منطقه 2,مهندسی صنایع,دانشگاه علم و صنعت ایران - تهران
1396,ریاضی,2957,1617,منطقه 1,مهندسی مکانیک,دانشگاه شیراز
1396,ریاضی,2959,810,منطقه 2,مهندسی صنایع,دانشگاه علم و صنعت ایران - تهران
1396,ریاضی,2960,811,منطقه 2,مهندسی صنایع,دانشگاه علم و صنعت ایران - تهران
1396,ریاضی,2966,813,منطقه 2,مهندسی عمران,دانشگاه صنعتی خواجه نصیرالدین طوسی - تهران
1396,ریاضی,2966,813,منطقه 2,مهندسی هوا فضا,دانشگاه صنعتی خواجه نصیرالدین طوسی - تهران
1396,ریاضی,2966,1621,منطقه 1,مهندسی مکانیک,دانشگاه شیراز
1396,ریاضی,2971,1625,منطقه 1,مهندسی برق,دانشگاه صنعتی اصفهان
1396,ریاضی,2975,1628,منطقه 1,مهندسی دریا,دانشگاه صنعتی شریف - تهران
1396,ریاضی,2978,274,ایثارگر-5%,مهندسی پزشکی,دانشگاه صنعتی امیرکبیر - تهران
1396,ریاضی,2983,1634,منطقه 1,مهندسی عمران,دانشگاه صنعتی خواجه نصیرالدین طوسی - تهران
1396,ریاضی,2987,190,منطقه 3,مهندسی مکانیک,دانشگاه صنعتی اصفهان
1396,ریاضی,2995,818,منطقه 2,فیزیک,دانشگاه صنعتی شریف - تهران
1396,ریاضی,2995,818,منطقه 2,مهندسی شیمی,دانشگاه علم و صنعت ایران - تهران
1396,ریاضی,2997,820,منطقه 2,مهندسی عمران,دانشگاه صنعتی خواجه نصیرالدین طوسی - تهران
1396,ریاضی,2997,820,منطقه 2,مهندسی کامپیوتر - بومی آذربایجان شرقی,دانشگاه تربیت دبیر شهید رجایی_تهران
1396,ریاضی,3004,1643,منطقه 1,فیزیک مهندسی,دانشگاه تهران
1396,ریاضی,3014,826,منطقه 2,مهندسی انرژی,دانشگاه صنعتی امیرکبیر - تهران
1396,ریاضی,3014,826,منطقه 2,مهندسی کامپیوتر,دانشگاه خوارزمی - تهران (محل تحصیل کرج)
1396,ریاضی,3014,1649,منطقه 1,مهندسی برق,دانشگاه صنعتی اصفهان
1396,ریاضی,3017,277,ایثارگر-5%,مهندسی معماری - بومی گلستان,دانشگاه تربیت دبیر شهید رجایی_تهران
1396,ریاضی,3019,828,منطقه 2,مهندسی برق,دانشگاه صنعتی خواجه نصیرالدین طوسی - تهران
1396,ریاضی,3019,828,منطقه 2,مهندسی مکانیک - بومی استان اردبیل,دانشگاه تربیت دبیر شهید رجایی_تهران
1396,ریاضی,3023,830,منطقه 2,مهندسی برق,دانشگاه صنعتی خواجه نصیرالدین طوسی - تهران
1396,ریاضی,3023,830,منطقه 2,مهندسی شیمی,دانشگاه علم و صنعت ایران - تهران
1396,ریاضی,3028,192,منطقه 3,مهندسی برق - بومی استان همدان,دانشگاه تربیت دبیر شهید رجایی_تهران
1396,ریاضی,3033,834,منطقه 2,علوم کامپیوتر,دانشگاه شهید بهشتی - تهران
1396,ریاضی,3035,1659,منطقه 1,ریاضیات و کاربردها - بومی استان تهران,دانشگاه تربیت دبیر شهید رجایی_تهران
1396,ریاضی,3037,835,منطقه 2,مهندسی کامپیوتر,دانشگاه الزهرا(س) - تهران
1396,ریاضی,3040,836,منطقه 2,مهندسی برق,دانشگاه صنعتی خواجه نصیرالدین طوسی - تهران
1396,ریاضی,3046,1665,منطقه 1,مهندسی کامپیوتر,دانشگاه تبریز
1396,ریاضی,3049,838,منطقه 2,مهندسی صنایع,دانشگاه علم و صنعت ایران - تهران
1396,ریاضی,3053,839,منطقه 2,علوم کامپیوتر,دانشگاه شهید بهشتی - تهران
1396,ریاضی,3053,1669,منطقه 1,مهندسی کامپیوتر,دانشگاه فردوسی - مشهد
1396,ریاضی,3058,841,منطقه 2,مهندسی مواد و متالورژی,دانشگاه تهران
1396,ریاضی,3064,842,منطقه 2,مهندسی مکانیک,دانشگاه فردوسی - مشهد
1396,ریاضی,3069,281,ایثارگر-5%,مهندسی برق,دانشگاه علم و صنعت ایران - تهران
1396,ریاضی,3069,844,منطقه 2,مهندسی مکانیک,دانشگاه صنعتی خواجه نصیرالدین طوسی - تهران
1396,ریاضی,3072,194,منطقه 3,مهندسی برق,دانشگاه صنعتی امیرکبیر - تهران
1396,ریاضی,3072,1679,منطقه 1,مهندسی صنایع,دانشگاه صنعتی اصفهان
1396,ریاضی,3077,195,منطقه 3,مهندسی مکانیک,دانشگاه شیراز
1396,ریاضی,3077,195,منطقه 3,مهندسی کامپیوتر,دانشگاه علم و صنعت ایران - تهران
1396,ریاضی,3081,846,منطقه 2,مهندسی عمران,دانشگاه صنعتی خواجه نصیرالدین طوسی - تهران
1396,ریاضی,3083,847,منطقه 2,مهندسی ساخت وتولید,دانشگاه صنعتی امیرکبیر - تهران
1396,ریاضی,3086,197,منطقه 3,مهندسی مکانیک,دانشگاه صنعتی اصفهان
1396,ریاضی,3101,849,منطقه 2,مهندسی عمران,دانشگاه صنعتی خواجه نصیرالدین طوسی - تهران
1396,ریاضی,3111,851,منطقه 2,مهندسی نفت,دانشگاه صنعتی امیرکبیر - تهران
1396,ریاضی,3115,1708,منطقه 1,مهندسی برق,دانشگاه تبریز
1396,ریاضی,3115,1708,منطقه 1,مهندسی کامپیوتر,دانشگاه خوارزمی - تهران (محل تحصیل کرج)
1396,ریاضی,3118,853,منطقه 2,مهندسی کامپیوتر,دانشگاه صنعتی اصفهان
1396,ریاضی,3119,854,منطقه 2,مهندسی مکانیک,دانشگاه صنعتی خواجه نصیرالدین طوسی - تهران
1396,ریاضی,3121,855,منطقه 2,مهندسی مکانیک,دانشگاه صنعتی خواجه نصیرالدین طوسی - تهران
1396,ریاضی,3125,199,منطقه 3,مهندسی کامپیوتر,دانشگاه خوارزمی - تهران (محل تحصیل کرج)
1396,ریاضی,3125,857,منطقه 2,مهندسی شیمی,دانشگاه علم و صنعت ایران - تهران
1396,ریاضی,3125,857,منطقه 2,مهندسی کامپیوتر,دانشگاه صنعتی اصفهان
1396,ریاضی,3132,859,منطقه 2,مهندسی پلیمر,دانشگاه تهران
1396,ریاضی,3132,1713,منطقه 1,فیزیک,دانشگاه صنعتی امیرکبیر - تهران
1396,ریاضی,3138,861,منطقه 2,مهندسی معماری,دانشگاه هنر اصفهان
1396,ریاضی,3144,200,منطقه 3,مهندسی نفت,دانشگاه تهران
1396,ریاضی,3144,863,منطقه 2,مهندسی عمران,دانشگاه علم و صنعت ایران - تهران
1396,ریاضی,3144,863,منطقه 2,مهندسی مکانیک,دانشگاه صنعتی اصفهان
1396,ریاضی,3148,865,منطقه 2,مهندسی عمران,دانشگاه صنعتی خواجه نصیرالدین طوسی - تهران
1396,ریاضی,3151,866,منطقه 2,ریاضیات و کاربردها,دانشگاه تهران
1396,ریاضی,3151,866,منطقه 2,مهندسی کامپیوتر - بومی استان چهارمحال وبختیاری,دانشگاه تربیت دبیر شهید رجایی_تهران
1396,ریاضی,3159,869,منطقه 2,مهندسی کامپیوتر,دانشگاه خوارزمی - تهران (محل تحصیل کرج)
1396,ریاضی,3159,1725,منطقه 1,مهندسی برق,دانشگاه شیراز
1396,ریاضی,3165,1729,منطقه 1,مهندسی کامپیوتر,دانشگاه شیراز
1396,ریاضی,3169,871,منطقه 2,مهندسی برق,دانشگاه صنعتی اصفهان
1396,ریاضی,3173,872,منطقه 2,مهندسی مکانیک,دانشگاه صنعتی اصفهان
1396,ریاضی,3176,875,منطقه 2,مهندسی برق,دانشگاه صنعتی اصفهان
1396,ریاضی,3176,875,منطقه 2,مهندسی عمران,دانشگاه صنعتی اصفهان
1396,ریاضی,3176,875,منطقه 2,مهندسی پلیمر,دانشگاه تهران
1396,ریاضی,3186,292,ایثارگر-5%,مهندسی صنایع,دانشگاه فردوسی - مشهد
1396,ریاضی,3186,1741,منطقه 1,مهندسی عمران,دانشگاه صنعتی خواجه نصیرالدین طوسی - تهران
1396,ریاضی,3190,293,ایثارگر-5%,مهندسی برق,دانشگاه علم و صنعت ایران - تهران
1396,ریاضی,3190,877,منطقه 2,مهندسی برق,دانشگاه شهید بهشتی (شهیدعباسپور)
1396,ریاضی,3195,879,منطقه 2,مهندسی صنایع,دانشگاه صنعتی خواجه نصیرالدین طوسی - تهران
1396,ریاضی,3201,294,ایثارگر-5%,مهندسی برق,دانشگاه علم و صنعت ایران - تهران
1396,ریاضی,3201,881,منطقه 2,مهندسی عمران,دانشگاه صنعتی خواجه نصیرالدین طوسی - تهران
1396,ریاضی,3201,881,منطقه 2,مهندسی مکانیک,دانشگاه صنعتی اصفهان
1396,ریاضی,3212,887,منطقه 2,مهندسی مکانیک,دانشگاه شهید بهشتی (شهیدعباسپور)
1396,ریاضی,3212,1751,منطقه 1,مهندسی مواد و متالورژی,دانشگاه تهران
1396,ریاضی,3222,204,منطقه 3,مهندسی مکانیک,دانشگاه صنعتی اصفهان
1396,ریاضی,3222,297,ایثارگر-5%,مهندسی نفت,دانشگاه تهران
1396,ریاضی,3222,892,منطقه 2,فیزیک,دانشگاه صنعتی امیرکبیر - تهران
1396,ریاضی,3222,892,منطقه 2,مهندسی شیمی,دانشگاه علم و صنعت ایران - تهران
1396,ریاضی,3227,894,منطقه 2,مهندسی برق,دانشگاه صنعتی اصفهان
1396,ریاضی,3227,1756,منطقه 1,مهندسی عمران,دانشگاه صنعتی اصفهان
1396,ریاضی,3236,299,ایثارگر-5%,مهندسی برق,دانشگاه علم و صنعت ایران - تهران
1396,ریاضی,3236,897,منطقه 2,مهندسی شیمی,دانشگاه علم و صنعت ایران - تهران
1396,ریاضی,3236,1761,منطقه 1,فیزیک,دانشگاه صنعتی امیرکبیر - تهران
1396,ریاضی,3241,1764,منطقه 1,مهندسی کامپیوتر,دانشگاه فردوسی - مشهد
1396,ریاضی,3244,898,منطقه 2,مهندسی مکانیک,دانشگاه صنعتی اصفهان
1396,ریاضی,3248,900,منطقه 2,مهندسی برق,دانشگاه صنعتی اصفهان
1396,ریاضی,3248,900,منطقه 2,مهندسی مکانیک,دانشگاه صنعتی اصفهان
1396,ریاضی,3252,300,ایثارگر-5%,مهندسی کامپیوتر,دانشگاه صنعتی اصفهان
1396,ریاضی,3252,1769,منطقه 1,مهندسی برق,دانشگاه تبریز
1396,ریاضی,3256,903,منطقه 2,مهندسی عمران - بومی استان یزد,دانشگاه تربیت دبیر شهید رجایی_تهران
1396,ریاضی,3256,903,منطقه 2,مهندسی کامپیوتر - بومی گلستان,دانشگاه تربیت دبیر شهید رجایی_تهران
1396,ریاضی,3261,1774,منطقه 1,مهندسی کامپیوتر,دانشگاه شیراز
1396,ریاضی,3264,301,ایثارگر-5%,ریاضیات و کاربردها,دانشگاه صنعتی شریف - تهران
1396,ریاضی,3267,906,منطقه 2,مهندسی معماری,دانشگاه هنر اصفهان
1396,ریاضی,3267,1778,منطقه 1,مهندسی ساخت وتولید,دانشگاه صنعتی امیرکبیر - تهران
1396,ریاضی,3271,907,منطقه 2,مهندسی برق - بومی خراسان رضوی,دانشگاه تربیت دبیر شهید رجایی_تهران
1396,ریاضی,3271,907,منطقه 2,مهندسی کامپیوتر,دانشگاه کاشان
1396,ریاضی,3276,207,منطقه 3,مهندسی هوا فضا,دانشگاه صنعتی شریف - تهران
1396,ریاضی,3276,909,منطقه 2,مهندسی مواد و متالورژی,دانشگاه علم و صنعت ایران - تهران
1396,ریاضی,3279,910,منطقه 2,مهندسی نفت,دانشگاه صنعت نفت (محل تحصیل اهواز)
1396,ریاضی,3283,304,ایثارگر-5%,مهندسی برق,دانشگاه علم و صنعت ایران - تهران
1396,ریاضی,3290,305,ایثارگر-5%,مهندسی برق,دانشگاه علم و صنعت ایران - تهران
1396,ریاضی,3290,1789,منطقه 1,فیزیک,دانشگاه صنعتی امیرکبیر - تهران
1396,ریاضی,3296,1793,منطقه 1,مهندسی عمران,دانشگاه صنعتی خواجه نصیرالدین طوسی - تهران
1396,ریاضی,3300,913,منطقه 2,مهندسی برق - بومی خراسان رضوی,دانشگاه تربیت دبیر شهید رجایی_تهران
1396,ریاضی,3303,914,منطقه 2,مهندسی برق,دانشگاه یزد
1396,ریاضی,3303,914,منطقه 2,مهندسی مکانیک,دانشگاه صنعت نفت (محل تحصیل آبادان)
1396,ریاضی,3306,1798,منطقه 1,مهندسی برق,دانشگاه شهید بهشتی (شهیدعباسپور)
1396,ریاضی,3311,209,منطقه 3,مهندسی عمران,دانشگاه تهران
1396,ریاضی,3311,916,منطقه 2,مهندسی صنایع,دانشگاه صنعتی اصفهان
1396,ریاضی,3316,308,ایثارگر-5%,مهندسی شیمی,دانشگاه تهران
1396,ریاضی,3316,1804,منطقه 1,مهندسی مکانیک,دانشگاه شیراز
1396,ریاضی,3322,1809,منطقه 1,مهندسی مکانیک,دانشگاه شهید بهشتی (شهیدعباسپور)
1396,ریاضی,3325,919,منطقه 2,علوم کامپیوتر,دانشگاه شهید بهشتی - تهران
1396,ریاضی,3327,1812,منطقه 1,مهندسی معماری,دانشگاه هنر تهران
1396,ریاضی,3331,210,منطقه 3,مهندسی پزشکی,دانشگاه صنعتی امیرکبیر - تهران
1396,ریاضی,3331,920,منطقه 2,مهندسی صنایع,دانشگاه شهید باهنر - کرمان
1396,ریاضی,3331,920,منطقه 2,مهندسی عمران,دانشگاه صنعتی خواجه نصیرالدین طوسی - تهران
1396,ریاضی,3338,309,ایثارگر-5%,مهندسی برق,دانشگاه صنعتی اصفهان
1396,ریاضی,3343,924,منطقه 2,مهندسی کامپیوتر - بومی خوزستان,دانشگاه تربیت دبیر شهید رجایی_تهران
1396,ریاضی,3345,311,ایثارگر-5%,علوم کامپیوتر,دانشگاه صنعتی امیرکبیر - تهران
1396,ریاضی,3345,925,منطقه 2,مهندسی مکانیک,دانشگاه شهید بهشتی (شهیدعباسپور)
1396,ریاضی,3350,927,منطقه 2,مهندسی مواد و متالورژی,دانشگاه صنعتی امیرکبیر - تهران
1396,ریاضی,3358,928,منطقه 2,مهندسی مکانیک,دانشگاه صنعتی خواجه نصیرالدین طوسی - تهران
1396,ریاضی,3362,929,منطقه 2,علوم مهندسی,دانشگاه تهران
1396,ریاضی,3362,1827,منطقه 1,مهندسی کامپیوتر,دانشگاه تبریز
1396,ریاضی,3367,931,منطقه 2,مهندسی دریا,دانشگاه صنعتی شریف - تهران
1396,ریاضی,3367,931,منطقه 2,مهندسی مکانیک,دانشگاه شهید بهشتی (شهیدعباسپور)
1396,ریاضی,3370,1831,منطقه 1,مهندسی نقشه برداری,دانشگاه تهران
1396,ریاضی,3372,933,منطقه 2,مهندسی کامپیوتر,دانشگاه خوارزمی - تهران (محل تحصیل کرج)
1396,ریاضی,3374,934,منطقه 2,مهندسی هوا فضا,دانشگاه صنعتی خواجه نصیرالدین طوسی - تهران
1396,ریاضی,3379,315,ایثارگر-5%,مهندسی عمران - بومی خراسان جنوبی,دانشگاه تربیت دبیر شهید رجایی_تهران
1396,ریاضی,3379,1835,منطقه 1,فیزیک,دانشگاه شهید بهشتی - تهران
1396,ریاضی,3384,936,منطقه 2,مهندسی کامپیوتر,دانشگاه یزد
1396,ریاضی,3389,317,ایثارگر-5%,مهندسی مکانیک,دانشگاه علم و صنعت ایران - تهران
1396,ریاضی,3389,1841,منطقه 1,مهندسی برق,دانشگاه شیراز
1396,ریاضی,3389,1841,منطقه 1,مهندسی شهرسازی,دانشگاه تهران
1396,ریاضی,3396,319,ایثارگر-5%,مهندسی صنایع,دانشگاه صنعتی خواجه نصیرالدین طوسی - تهران
1396,ریاضی,3396,939,منطقه 2,مهندسی کامپیوتر,دانشگاه اصفهان
1396,ریاضی,3396,939,منطقه 2,مهندسی کامپیوتر - بومی مازندران,دانشگاه تربیت دبیر شهید رجایی_تهران
1396,ریاضی,3403,942,منطقه 2,مهندسی مکانیک,دانشگاه شیراز
1396,ریاضی,3403,942,منطقه 2,مهندسی کامپیوتر - بومی استان قم,دانشگاه تربیت دبیر شهید رجایی_تهران
1396,ریاضی,3409,945,منطقه 2,آموزش ریاضی - بومی گیلان,پردیس شهید چمران - تهران
1396,ریاضی,3409,945,منطقه 2,مهندسی مکانیک,دانشگاه صنعتی اصفهان
1396,ریاضی,3414,947,منطقه 2,مهندسی برق,دانشگاه شهید بهشتی (شهیدعباسپور)
1396,ریاضی,3417,948,منطقه 2,مهندسی برق,دانشگاه شهید بهشتی (شهیدعباسپور)
1396,ریاضی,3420,949,منطقه 2,مهندسی مکانیک,دانشگاه صنعتی اصفهان
1396,ریاضی,3426,952,منطقه 2,مهندسی برق,دانشگاه شهید بهشتی (شهیدعباسپور)
1396,ریاضی,3426,952,منطقه 2,مهندسی کامپیوتر,دانشگاه صنعتی نوشیروانی بابل
1396,ریاضی,3431,214,منطقه 3,مهندسی نفت,دانشگاه تهران
1396,ریاضی,3436,956,منطقه 2,مهندسی صنایع,دانشگاه کاشان
1396,ریاضی,3436,956,منطقه 2,مهندسی کامپیوتر - بومی استان کرمان,دانشگاه تربیت دبیر شهید رجایی_تهران
1396,ریاضی,3436,1857,منطقه 1,مهندسی شهرسازی,دانشگاه تهران
1396,ریاضی,3440,1859,منطقه 1,مهندسی برق,دانشگاه تبریز
1396,ریاضی,3443,1861,منطقه 1,مهندسی مکانیک,دانشگاه فردوسی - مشهد
1396,ریاضی,3447,959,منطقه 2,مهندسی پلیمر,دانشگاه صنعتی امیرکبیر - تهران
1396,ریاضی,3460,961,منطقه 2,مهندسی عمران,دانشگاه شهید بهشتی (شهیدعباسپور)
1396,ریاضی,3466,962,منطقه 2,مهندسی مکانیک,دانشگاه شهید بهشتی (شهیدعباسپور)
1396,ریاضی,3466,1876,منطقه 1,مهندسی معماری,دانشگاه هنر تهران
1396,ریاضی,3466,1876,منطقه 1,مهندسی مواد و متالورژی,دانشگاه صنعتی امیرکبیر - تهران
1396,ریاضی,3466,1876,منطقه 1,مهندسی مکانیک,دانشگاه شیراز
1396,ریاضی,3475,964,منطقه 2,مهندسی شیمی,دانشگاه علم و صنعت ایران - تهران
1396,ریاضی,3479,966,منطقه 2,مهندسی مواد و متالورژی,دانشگاه تهران
1396,ریاضی,3484,968,منطقه 2,مهندسی برق,دانشگاه شهید بهشتی (شهیدعباسپور)
1396,ریاضی,3484,968,منطقه 2,مهندسی کامپیوتر,دانشگاه صنعتی اصفهان
1396,ریاضی,3490,970,منطقه 2,مهندسی صنایع,دانشگاه صنعتی خواجه نصیرالدین طوسی - تهران
1396,ریاضی,3495,971,منطقه 2,آموزش ریاضی - بومی آذربایجان شرقی,پردیس علامه امینی - تبریز
1396,ریاضی,3495,971,منطقه 2,مهندسی شهرسازی,دانشگاه تهران
1396,ریاضی,3502,973,منطقه 2,مهندسی نقشه برداری,دانشگاه تهران
1396,ریاضی,3510,338,ایثارگر-5%,مهندسی مکانیک,دانشگاه علم و صنعت ایران - تهران
1396,ریاضی,3510,977,منطقه 2,مهندسی برق,دانشگاه شهید بهشتی (شهیدعباسپور)
1396,ریاضی,3510,977,منطقه 2,مهندسی معماری,دانشگاه یزد
1396,ریاضی,3510,1894,منطقه 1,مهندسی دریا,دانشگاه صنعتی شریف - تهران
1396,ریاضی,3515,979,منطقه 2,مهندسی عمران,دانشگاه فردوسی - مشهد
1396,ریاضی,3520,1899,منطقه 1,مهندسی برق,دانشگاه شهید بهشتی (شهیدعباسپور)
1396,ریاضی,3523,980,منطقه 2,مهندسی شیمی,دانشگاه علم و صنعت ایران - تهران
1396,ریاضی,3523,1902,منطقه 1,مهندسی عمران,دانشگاه شهید بهشتی (شهیدعباسپور)
1396,ریاضی,3529,342,ایثارگر-5%,مهندسی عمران,دانشگاه علم و صنعت ایران - تهران
1396,ریاضی,3529,982,منطقه 2,مهندسی برق - بومی استان زنجان,دانشگاه تربیت دبیر شهید رجایی_تهران
1396,ریاضی,3529,982,منطقه 2,مهندسی شیمی,دانشگاه علم و صنعت ایران - تهران
1396,ریاضی,3529,982,منطقه 2,مهندسی عمران,دانشگاه صنعتی نوشیروانی بابل
1396,ریاضی,3535,984,منطقه 2,مهندسی شیمی,دانشگاه علم و صنعت ایران - تهران
1396,ریاضی,3535,984,منطقه 2,مهندسی عمران,دانشگاه صنعتی نوشیروانی بابل
1396,ریاضی,3540,1910,منطقه 1,مهندسی کامپیوتر,دانشگاه شیراز
1396,ریاضی,3544,988,منطقه 2,ریاضیات و کاربردها,دانشگاه صنعتی شریف - تهران
1396,ریاضی,3544,988,منطقه 2,مهندسی برق,دانشگاه شهید بهشتی (شهیدعباسپور)
1396,ریاضی,3546,344,ایثارگر-5%,مهندسی هوا فضا,دانشگاه صنعتی امیرکبیر - تهران
1396,ریاضی,3546,1913,منطقه 1,ریاضیات و کاربردها,دانشگاه صنعتی امیرکبیر - تهران
1396,ریاضی,3549,219,منطقه 3,مهندسی عمران - بومی استان کرمانشاه,دانشگاه تربیت دبیر شهید رجایی_تهران
1396,ریاضی,3555,992,منطقه 2,مهندسی شهرسازی,دانشگاه تهران
1396,ریاضی,3555,992,منطقه 2,مهندسی صنایع,دانشگاه صنعتی خواجه نصیرالدین طوسی - تهران
1396,ریاضی,3555,1916,منطقه 1,مهندسی مکانیک,دانشگاه شهید بهشتی (شهیدعباسپور)
1396,ریاضی,3562,345,ایثارگر-5%,مهندسی عمران,دانشگاه علم و صنعت ایران - تهران
1396,ریاضی,3562,995,منطقه 2,مهندسی برق,دانشگاه شهید بهشتی (شهیدعباسپور)
1396,ریاضی,3562,995,منطقه 2,مهندسی برق,دانشگاه صنعتی اصفهان
1396,ریاضی,3562,995,منطقه 2,مهندسی شیمی,دانشگاه صنعتی امیرکبیر - تهران
1396,ریاضی,3562,995,منطقه 2,مهندسی مکانیک,دانشگاه یزد
1396,ریاضی,3562,1918,منطقه 1,مهندسی عمران,دانشگاه تبریز
1396,ریاضی,3573,999,منطقه 2,مهندسی برق,دانشگاه صدا و سیمای جمهوری اسلامی ایران
1396,ریاضی,3579,1002,منطقه 2,ریاضیات و کاربردها,دانشگاه تهران
1396,ریاضی,3579,1002,منطقه 2,مهندسی عمران,دانشگاه صنعتی خواجه نصیرالدین طوسی - تهران
1396,ریاضی,3588,1005,منطقه 2,مدیریت بازرگانی,دانشگاه علامه طباطبایی - تهران
1396,ریاضی,3594,1007,منطقه 2,مهندسی مکانیک,دانشگاه شهید بهشتی (شهیدعباسپور)
1396,ریاضی,3594,1934,منطقه 1,مهندسی مواد و متالورژی,دانشگاه صنعتی امیرکبیر - تهران
1396,ریاضی,3600,223,منطقه 3,آموزش ابتدایی - بومی خراسان جنوبی,پردیس امام سجاد - بیرجند
1396,ریاضی,3600,1010,منطقه 2,مهندسی برق,دانشگاه شهید بهشتی (شهیدعباسپور)
1396,ریاضی,3600,1010,منطقه 2,مهندسی برق,دانشگاه صنعتی اصفهان
1396,ریاضی,3600,1937,منطقه 1,مهندسی معماری,دانشگاه هنر اصفهان
1396,ریاضی,3604,1012,منطقه 2,مهندسی دریا,دانشگاه صنعتی شریف - تهران
1396,ریاضی,3608,1013,منطقه 2,مهندسی عمران,دانشگاه صنعتی اصفهان
1396,ریاضی,3612,1014,منطقه 2,مهندسی عمران,دانشگاه شهید بهشتی (شهیدعباسپور)
1396,ریاضی,3617,224,منطقه 3,مهندسی شیمی,دانشگاه تهران
1396,ریاضی,3617,224,منطقه 3,مهندسی صنایع,دانشگاه صنعتی امیرکبیر - تهران
1396,ریاضی,3617,1016,منطقه 2,مهندسی صنایع,دانشگاه صنعتی خواجه نصیرالدین طوسی - تهران
1396,ریاضی,3621,1948,منطقه 1,مهندسی مکانیک,دانشگاه شهید بهشتی (شهیدعباسپور)
1396,ریاضی,3624,1951,منطقه 1,مهندسی برق,دانشگاه تبریز
1396,ریاضی,3627,226,منطقه 3,مهندسی شیمی,دانشگاه صنعتی امیرکبیر - تهران
1396,ریاضی,3632,227,منطقه 3,مهندسی صنایع,دانشگاه صنعتی خواجه نصیرالدین طوسی - تهران
1396,ریاضی,3635,1018,منطقه 2,مدیریت مالی,دانشگاه شهید بهشتی - تهران
1396,ریاضی,3637,1020,منطقه 2,مهندسی مواد و متالورژی,دانشگاه صنعتی شریف - تهران
1396,ریاضی,3639,1022,منطقه 2,مهندسی مکانیک,دانشگاه صنعتی نوشیروانی بابل
1396,ریاضی,3639,1959,منطقه 1,فیزیک مهندسی,دانشگاه تهران
1396,ریاضی,3642,1960,منطقه 1,مهندسی شهرسازی,دانشگاه تهران
1396,ریاضی,3649,230,منطقه 3,مهندسی شیمی,دانشگاه صنعتی امیرکبیر - تهران
1396,ریاضی,3649,1025,منطقه 2,مهندسی برق,دانشگاه شهید باهنر - کرمان
1396,ریاضی,3654,231,منطقه 3,مهندسی برق - بومی استان اردبیل,دانشگاه تربیت دبیر شهید رجایی_تهران
1396,ریاضی,3665,1030,منطقه 2,مهندسی شهرسازی,دانشگاه تهران
1396,ریاضی,3665,1030,منطقه 2,مهندسی کامپیوتر,دانشگاه صنعتی اصفهان
1396,ریاضی,3669,232,منطقه 3,مهندسی شیمی,دانشگاه صنعتی امیرکبیر - تهران
1396,ریاضی,3669,1033,منطقه 2,مهندسی هوا فضا,دانشگاه صنعتی خواجه نصیرالدین طوسی - تهران
1396,ریاضی,3669,1033,منطقه 2,مهندسی پلیمر,دانشگاه صنعتی امیرکبیر - تهران
1396,ریاضی,3677,233,منطقه 3,مهندسی شیمی,دانشگاه صنعتی امیرکبیر - تهران
1396,ریاضی,3677,1037,منطقه 2,ریاضیات و کاربردها,دانشگاه صنعتی امیرکبیر - تهران
1396,ریاضی,3677,1037,منطقه 2,مهندسی شیمی,دانشگاه صنعتی اصفهان
1396,ریاضی,3677,1976,منطقه 1,مهندسی برق,دانشگاه صنعتی اصفهان
1396,ریاضی,3677,1976,منطقه 1,مهندسی عمران,دانشگاه شیراز
1396,ریاضی,3686,1039,منطقه 2,مهندسی پلیمر,دانشگاه صنعتی امیرکبیر - تهران
1396,ریاضی,3691,1041,منطقه 2,مهندسی مکانیک,دانشگاه شهید بهشتی (شهیدعباسپور)
1396,ریاضی,3691,1041,منطقه 2,مهندسی هوا فضا,دانشگاه صنعتی خواجه نصیرالدین طوسی - تهران
1396,ریاضی,3693,1043,منطقه 2,مهندسی پلیمر,دانشگاه صنعتی امیرکبیر - تهران
1396,ریاضی,3699,349,ایثارگر-5%,مهندسی صنایع,دانشگاه فردوسی - مشهد
1396,ریاضی,3699,1044,منطقه 2,مهندسی کامپیوتر,دانشگاه فردوسی - مشهد
1396,ریاضی,3703,1990,منطقه 1,مهندسی برق,دانشگاه شیراز
1396,ریاضی,3707,1046,منطقه 2,مهندسی عمران,دانشگاه صنعتی نوشیروانی بابل
1396,ریاضی,3712,235,منطقه 3,مهندسی پزشکی,دانشگاه تهران
1396,ریاضی,3716,351,ایثارگر-5%,آموزش ابتدایی - بومی آذربایجان غربی,پردیس شهید رجایی - ارومیه
1396,ریاضی,3720,352,ایثارگر-5%,مهندسی انرژی,دانشگاه صنعتی امیرکبیر - تهران
1396,ریاضی,3720,1999,منطقه 1,مهندسی مکانیک,دانشگاه شهید بهشتی (شهیدعباسپور)
1396,ریاضی,3724,354,ایثارگر-5%,مهندسی مواد و متالورژی,دانشگاه صنعتی امیرکبیر - تهران
1396,ریاضی,3724,2002,منطقه 1,مهندسی برق,دانشگاه شهید بهشتی (شهیدعباسپور)
1396,ریاضی,3731,1049,منطقه 2,مهندسی شهرسازی,دانشگاه تهران
1396,ریاضی,3731,2007,منطقه 1,مهندسی معماری,دانشگاه خوارزمی تهران
1396,ریاضی,3731,2007,منطقه 1,مهندسی کامپیوتر,دانشگاه تبریز
1396,ریاضی,3737,1050,منطقه 2,مدیریت صنعتی,دانشگاه شهید بهشتی - تهران
1396,ریاضی,3737,2011,منطقه 1,مهندسی برق,دانشگاه صنعتی اصفهان
1396,ریاضی,3737,2011,منطقه 1,مهندسی کامپیوتر,دانشگاه شیراز
1396,ریاضی,3743,1053,منطقه 2,مهندسی برق,دانشگاه شهید بهشتی (شهیدعباسپور)
1396,ریاضی,3743,1053,منطقه 2,مهندسی مکانیک,دانشگاه صنعتی اصفهان
1396,ریاضی,3743,2015,منطقه 1,مهندسی شهرسازی,دانشگاه تهران
1396,ریاضی,3743,2015,منطقه 1,مهندسی مکانیک,دانشگاه فردوسی - مشهد
1396,ریاضی,3748,236,منطقه 3,مهندسی مکانیک,دانشگاه صنعتی امیرکبیر - تهران
1396,ریاضی,3751,2020,منطقه 1,مهندسی نقشه برداری,دانشگاه تهران
1396,ریاضی,3754,237,منطقه 3,مهندسی مکانیک,دانشگاه صنعتی اصفهان
1396,ریاضی,3756,2022,منطقه 1,مهندسی مواد و متالورژی,دانشگاه صنعتی امیرکبیر - تهران
1396,ریاضی,3762,355,ایثارگر-5%,مهندسی عمران,دانشگاه علم و صنعت ایران - تهران
1396,ریاضی,3762,1058,منطقه 2,مهندسی پلیمر,دانشگاه صنعتی امیرکبیر - تهران
1396,ریاضی,3764,1059,منطقه 2,مهندسی برق - بومی استان البرز,دانشگاه تربیت دبیر شهید رجایی_تهران
1396,ریاضی,3768,2029,منطقه 1,آموزش ریاضی - بومی خراسان رضوی,پردیس آیت الله خامنه ای - گرگان
1396,ریاضی,3771,2032,منطقه 1,مهندسی مواد و متالورژی,دانشگاه علم و صنعت ایران - تهران
1396,ریاضی,3774,1060,منطقه 2,ریاضیات و کاربردها,دانشگاه صنعتی شریف - تهران
1396,ریاضی,3777,2035,منطقه 1,مهندسی کامپیوتر,دانشگاه خوارزمی - تهران (محل تحصیل کرج)
1396,ریاضی,3781,1063,منطقه 2,علوم مهندسی,دانشگاه تهران
1396,ریاضی,3781,1063,منطقه 2,مهندسی مکانیک,دانشگاه فردوسی - مشهد
1396,ریاضی,3791,1065,منطقه 2,مهندسی برق,دانشگاه صنعتی اصفهان
1396,ریاضی,3791,1065,منطقه 2,مهندسی برق,دانشگاه فردوسی - مشهد
1396,ریاضی,3791,2042,منطقه 1,مهندسی برق,دانشگاه تبریز
1396,ریاضی,3797,238,منطقه 3,مهندسی شیمی,دانشگاه صنعتی امیرکبیر - تهران
1396,ریاضی,3797,1067,منطقه 2,مهندسی مکانیک,دانشگاه شهید بهشتی (شهیدعباسپور)
1396,ریاضی,3804,239,منطقه 3,مهندسی پلیمر,دانشگاه صنعتی امیرکبیر - تهران
1396,ریاضی,3804,1069,منطقه 2,مهندسی مواد و متالورژی,دانشگاه صنعتی شریف - تهران
1396,ریاضی,3811,361,ایثارگر-5%,مهندسی پزشکی,دانشگاه صنعتی امیرکبیر - تهران
1396,ریاضی,3811,1071,منطقه 2,مهندسی کامپیوتر,دانشگاه صنعتی قم
1396,ریاضی,3814,1072,منطقه 2,مهندسی پلیمر,دانشگاه صنعتی امیرکبیر - تهران
1396,ریاضی,3816,1073,منطقه 2,مهندسی پزشکی,دانشگاه اصفهان
1396,ریاضی,3820,240,منطقه 3,آموزش ابتدایی - بومی کردستان,پردیس بنت الهدی صدر - سنندج
1396,ریاضی,3820,1074,منطقه 2,آموزش ریاضی - بومی استان چهارمحال وبختیاری,پردیس فاطمه الزهرا (س) - اهواز
1396,ریاضی,3826,1076,منطقه 2,مهندسی مواد و متالورژی,دانشگاه تهران
1396,ریاضی,3831,241,منطقه 3,مهندسی برق,دانشگاه علم و صنعت ایران - تهران
1396,ریاضی,3831,1078,منطقه 2,مهندسی برق,دانشگاه فردوسی - مشهد
1396,ریاضی,3831,1078,منطقه 2,مهندسی مکانیک,دانشگاه صنعتی اصفهان
1396,ریاضی,3841,243,منطقه 3,مهندسی عمران - بومی استان یزد,دانشگاه تربیت دبیر شهید رجایی_تهران
1396,ریاضی,3841,243,منطقه 3,مهندسی نفت,دانشگاه صنعتی امیرکبیر - تهران
1396,ریاضی,3841,243,منطقه 3,مهندسی کامپیوتر - بومی گلستان,دانشگاه تربیت دبیر شهید رجایی_تهران
1396,ریاضی,3841,1082,منطقه 2,مهندسی برق,دانشگاه شهید بهشتی (شهیدعباسپور)
1396,ریاضی,3846,364,ایثارگر-5%,مهندسی عمران,دانشگاه صنعتی خواجه نصیرالدین طوسی - تهران
1396,ریاضی,3848,246,منطقه 3,مهندسی شیمی,دانشگاه صنعتی امیرکبیر - تهران
1396,ریاضی,3852,1085,منطقه 2,مهندسی عمران,دانشگاه صنعتی اصفهان
1396,ریاضی,3852,2067,منطقه 1,مهندسی مکانیک,دانشگاه شیراز
1396,ریاضی,3857,1087,منطقه 2,مهندسی کامپیوتر,دانشگاه صنعتی اصفهان
1396,ریاضی,3857,2070,منطقه 1,مهندسی مکانیک,دانشگاه شهید بهشتی (شهیدعباسپور)
1396,ریاضی,3869,1088,منطقه 2,مهندسی معماری,دانشگاه هنر تهران
1396,ریاضی,3869,1088,منطقه 2,مهندسی کامپیوتر - بومی استان یزد,دانشگاه تربیت دبیر شهید رجایی_تهران
1396,ریاضی,3869,2078,منطقه 1,شیمی کاربردی,دانشگاه شهید بهشتی - تهران
1396,ریاضی,3875,2082,منطقه 1,مهندسی مکانیک,دانشگاه صنعتی اصفهان
1396,ریاضی,3881,248,منطقه 3,مهندسی برق,دانشگاه علم و صنعت ایران - تهران
1396,ریاضی,3886,2087,منطقه 1,مهندسی مکانیک,دانشگاه شیراز
1396,ریاضی,3891,1094,منطقه 2,مهندسی هوا فضا,دانشگاه صنعتی خواجه نصیرالدین طوسی - تهران
1396,ریاضی,3895,2091,منطقه 1,مهندسی برق,دانشگاه شیراز
1396,ریاضی,3895,2091,منطقه 1,مهندسی مواد و متالورژی,دانشگاه علم و صنعت ایران - تهران
1396,ریاضی,3900,1096,منطقه 2,مهندسی برق,دانشگاه صنعتی اصفهان
1396,ریاضی,3900,2093,منطقه 1,مهندسی عمران,دانشگاه شهید بهشتی (شهیدعباسپور)
1396,ریاضی,3905,372,ایثارگر-5%,مهندسی برق,دانشگاه صنعتی خواجه نصیرالدین طوسی - تهران
1396,ریاضی,3910,1099,منطقه 2,مهندسی مکانیک,دانشگاه شهید بهشتی (شهیدعباسپور)
1396,ریاضی,3910,1099,منطقه 2,مهندسی پلیمر,دانشگاه صنعتی امیرکبیر - تهران
1396,ریاضی,3910,2098,منطقه 1,مهندسی عمران,دانشگاه شهید بهشتی (شهیدعباسپور)
1396,ریاضی,3912,1101,منطقه 2,معماری داخلی,دانشگاه هنر تهران
1396,ریاضی,3916,1103,منطقه 2,فیزیک,دانشگاه شهید بهشتی - تهران
1396,ریاضی,3916,1103,منطقه 2,مهندسی هوا فضا,دانشگاه صنعتی خواجه نصیرالدین طوسی - تهران
1396,ریاضی,3921,1105,منطقه 2,مهندسی مکانیک,دانشگاه صنعتی اصفهان
1396,ریاضی,3926,251,منطقه 3,مهندسی مکانیک,دانشگاه شهید بهشتی (شهیدعباسپور)
1396,ریاضی,3930,252,منطقه 3,مهندسی برق - بومی لرستان,دانشگاه تربیت دبیر شهید رجایی_تهران
1396,ریاضی,3930,2106,منطقه 1,مهندسی مکانیک,دانشگاه خوارزمی - تهران (محل تحصیل کرج)
1396,ریاضی,3936,253,منطقه 3,مهندسی کامپیوتر,دانشگاه صنعتی خواجه نصیرالدین طوسی - تهران
1396,ریاضی,3936,1110,منطقه 2,مهندسی مکانیک,دانشگاه صنعتی اصفهان
1396,ریاضی,3946,374,ایثارگر-5%,مهندسی عمران,دانشگاه علم و صنعت ایران - تهران
1396,ریاضی,3946,1113,منطقه 2,مهندسی مواد و متالورژی,دانشگاه تهران
1396,ریاضی,3946,1113,منطقه 2,مهندسی مکانیک,دانشگاه شهید بهشتی (شهیدعباسپور)
1396,ریاضی,3946,2114,منطقه 1,مهندسی مکانیک,دانشگاه صنعتی اصفهان
1396,ریاضی,3950,1115,منطقه 2,مهندسی برق,دانشگاه شیراز
1396,ریاضی,3957,255,منطقه 3,مهندسی برق,دانشگاه شهید بهشتی (شهیدعباسپور)
1396,ریاضی,3957,255,منطقه 3,مهندسی کامپیوتر - بومی کردستان,دانشگاه تربیت دبیر شهید رجایی_تهران
1396,ریاضی,3961,257,منطقه 3,مهندسی نفت,دانشگاه تهران
1396,ریاضی,3961,257,منطقه 3,مهندسی هوا فضا,دانشگاه صنعتی امیرکبیر - تهران
1396,ریاضی,3961,1117,منطقه 2,مهندسی برق,دانشگاه شهید بهشتی (شهیدعباسپور)
1396,ریاضی,3967,259,منطقه 3,مهندسی کامپیوتر - بومی آذربایجان غربی,دانشگاه تربیت دبیر شهید رجایی_تهران
1396,ریاضی,3973,1122,منطقه 2,مهندسی برق - بومی خراسان جنوبی,دانشگاه تربیت دبیر شهید رجایی_تهران
1396,ریاضی,3973,1122,منطقه 2,مهندسی عمران,دانشگاه شهید بهشتی (شهیدعباسپور)
1396,ریاضی,3976,1124,منطقه 2,مهندسی عمران,دانشگاه صنعتی نوشیروانی بابل
1396,ریاضی,3976,2125,منطقه 1,مهندسی عمران,دانشگاه شهید بهشتی (شهیدعباسپور)
1396,ریاضی,3976,2125,منطقه 1,مهندسی مواد و متالورژی,دانشگاه علم و صنعت ایران - تهران
1396,ریاضی,3982,1126,منطقه 2,مهندسی صنایع,دانشگاه صنعتی خواجه نصیرالدین طوسی - تهران
1396,ریاضی,3982,2128,منطقه 1,مهندسی عمران,دانشگاه شیراز
1396,ریاضی,3990,2132,منطقه 1,مهندسی عمران,دانشگاه فردوسی - مشهد
1396,ریاضی,3996,1129,منطقه 2,مهندسی انرژی,دانشگاه صنعتی امیرکبیر - تهران
1396,ریاضی,3996,1129,منطقه 2,مهندسی پزشکی,دانشگاه اصفهان
1396,ریاضی,3996,1129,منطقه 2,مهندسی کامپیوتر,دانشگاه الزهرا(س) - تهران
1396,ریاضی,3996,2135,منطقه 1,مهندسی معماری,دانشگاه فردوسی - مشهد
1396,ریاضی,4000,1131,منطقه 2,مهندسی برق,دانشگاه شهید بهشتی (شهیدعباسپور)
1396,ریاضی,4002,379,ایثارگر-5%,مهندسی برق - بومی استان یزد,دانشگاه تربیت دبیر شهید رجایی_تهران
1396,ریاضی,4005,261,منطقه 3,مهندسی شیمی,دانشگاه صنعتی امیرکبیر - تهران
1396,ریاضی,4010,1132,منطقه 2,مهندسی معماری,دانشگاه شیراز
1396,ریاضی,4014,1134,منطقه 2,مهندسی پلیمر,دانشگاه صنعتی امیرکبیر - تهران
1396,ریاضی,4019,262,منطقه 3,مهندسی صنایع,دانشگاه صنعتی اصفهان
1396,ریاضی,4024,1136,منطقه 2,مهندسی مکانیک,دانشگاه شهید بهشتی (شهیدعباسپور)
1396,ریاضی,4024,2152,منطقه 1,مهندسی صنایع,دانشگاه فردوسی - مشهد
1396,ریاضی,4030,264,منطقه 3,مدیریت مالی,دانشگاه خوارزمی تهران
1396,ریاضی,4030,1138,منطقه 2,مهندسی برق,دانشگاه صنعتی اصفهان
1396,ریاضی,4030,1138,منطقه 2,مهندسی عمران,دانشگاه صنعتی اصفهان
1396,ریاضی,4037,2158,منطقه 1,مهندسی کامپیوتر,دانشگاه فردوسی - مشهد
1396,ریاضی,4041,382,ایثارگر-5%,مهندسی برق,دانشگاه تبریز
1396,ریاضی,4041,2160,منطقه 1,مهندسی نفت,دانشگاه شیراز
1396,ریاضی,4044,1141,منطقه 2,مهندسی برق,دانشگاه صنعتی اصفهان
1396,ریاضی,4052,1145,منطقه 2,مهندسی معماری - بومی استان یزد,دانشگاه تربیت دبیر شهید رجایی_تهران
1396,ریاضی,4052,1145,منطقه 2,مهندسی مکانیک,دانشگاه صنعتی اصفهان
1396,ریاضی,4052,1145,منطقه 2,مهندسی کامپیوتر,دانشگاه فردوسی - مشهد
1396,ریاضی,4052,2163,منطقه 1,مهندسی کامپیوتر,دانشگاه تبریز
1396,ریاضی,4064,2169,منطقه 1,مهندسی شیمی,دانشگاه فردوسی - مشهد
1396,ریاضی,4069,1151,منطقه 2,مهندسی برق - بومی آذربایجان شرقی,دانشگاه تربیت دبیر شهید رجایی_تهران
1396,ریاضی,4074,268,منطقه 3,مهندسی برق,دانشگاه صنعتی خواجه نصیرالدین طوسی - تهران
1396,ریاضی,4080,269,منطقه 3,مهندسی معماری - بومی استان یزد,دانشگاه تربیت دبیر شهید رجایی_تهران
1396,ریاضی,4080,1156,منطقه 2,مهندسی مواد و متالورژی,دانشگاه صنعتی شریف - تهران
1396,ریاضی,4080,1156,منطقه 2,مهندسی کامپیوتر,دانشگاه بوعلی سینا - همدان
1396,ریاضی,4080,2174,منطقه 1,مهندسی مکانیک,دانشگاه شیراز
1396,ریاضی,4085,270,منطقه 3,مهندسی برق,دانشگاه علم و صنعت ایران - تهران
1396,ریاضی,4088,271,منطقه 3,مهندسی پزشکی,دانشگاه صنعتی امیرکبیر - تهران
1396,ریاضی,4091,272,منطقه 3,مهندسی صنایع,دانشگاه صنعتی اصفهان
1396,ریاضی,4091,1159,منطقه 2,مهندسی برق,دانشگاه صنعتی اصفهان
1396,ریاضی,4095,1161,منطقه 2,مهندسی مکانیک,دانشگاه شهید بهشتی (شهیدعباسپور)
1396,ریاضی,4103,273,منطقه 3,مهندسی پزشکی,دانشگاه صنعتی امیرکبیر - تهران
1396,ریاضی,4103,390,ایثارگر-5%,مهندسی پزشکی,دانشگاه صنعتی امیرکبیر - تهران
1396,ریاضی,4103,1163,منطقه 2,مهندسی مواد و متالورژی,دانشگاه علم و صنعت ایران - تهران
1396,ریاضی,4103,1163,منطقه 2,مهندسی کامپیوتر,دانشگاه فردوسی - مشهد
1396,ریاضی,4103,1163,منطقه 2,مهندسی کامپیوتر - بومی استان یزد,دانشگاه تربیت دبیر شهید رجایی_تهران
1396,ریاضی,4110,275,منطقه 3,مهندسی هوا فضا,دانشگاه صنعتی امیرکبیر - تهران
1396,ریاضی,4110,1166,منطقه 2,مهندسی هوا فضا,دانشگاه صنعتی خواجه نصیرالدین طوسی - تهران
1396,ریاضی,4110,1166,منطقه 2,مهندسی پلیمر,دانشگاه صنعتی امیرکبیر - تهران
1396,ریاضی,4110,2185,منطقه 1,مهندسی کامپیوتر,دانشگاه تبریز
1396,ریاضی,4120,1168,منطقه 2,مهندسی برق,دانشگاه صنعتی اصفهان
1396,ریاضی,4126,391,ایثارگر-5%,مهندسی مکانیک,دانشگاه صنعتی خواجه نصیرالدین طوسی - تهران
1396,ریاضی,4126,1170,منطقه 2,مهندسی عمران,دانشگاه صنعتی اصفهان
1396,ریاضی,4126,1170,منطقه 2,مهندسی کامپیوتر - بومی استان تهران,دانشگاه تربیت دبیر شهید رجایی_تهران
1396,ریاضی,4133,277,منطقه 3,مهندسی شهرسازی,دانشگاه تهران
1396,ریاضی,4133,2197,منطقه 1,مهندسی عمران,دانشگاه صنعتی اصفهان
1396,ریاضی,4133,2197,منطقه 1,مهندسی هوا فضا,دانشگاه صنعتی خواجه نصیرالدین طوسی - تهران
1396,ریاضی,4140,393,ایثارگر-5%,مهندسی مکانیک,دانشگاه صنعتی خواجه نصیرالدین طوسی - تهران
1396,ریاضی,4140,1174,منطقه 2,مهندسی عمران,دانشگاه الزهرا(س) - تهران
1396,ریاضی,4140,1174,منطقه 2,مهندسی هوا فضا,دانشگاه صنعتی خواجه نصیرالدین طوسی - تهران
1396,ریاضی,4140,2201,منطقه 1,حسابداری,دانشگاه علامه طباطبایی - تهران
1396,ریاضی,4147,1176,منطقه 2,مهندسی مکانیک,دانشگاه صنعتی اصفهان
1396,ریاضی,4147,1176,منطقه 2,مهندسی نفت,دانشگاه صنعتی اصفهان
1396,ریاضی,4151,1178,منطقه 2,مهندسی کامپیوتر,دانشگاه اصفهان
1396,ریاضی,4156,1180,منطقه 2,مهندسی مواد و متالورژی,دانشگاه صنعتی شریف - تهران
1396,ریاضی,4156,1180,منطقه 2,مهندسی کامپیوتر - بومی فارس,دانشگاه تربیت دبیر شهید رجایی_تهران
1396,ریاضی,4162,1182,منطقه 2,مهندسی مکانیک,دانشگاه فردوسی - مشهد
1396,ریاضی,4168,1183,منطقه 2,مهندسی عمران,دانشگاه صنعتی اصفهان
1396,ریاضی,4174,2223,منطقه 1,مهندسی مکانیک,دانشگاه فردوسی - مشهد
1396,ریاضی,4174,2223,منطقه 1,مهندسی کامپیوتر,دانشگاه شیراز
1396,ریاضی,4184,278,منطقه 3,مهندسی مکانیک,دانشگاه صنعتی اصفهان
1396,ریاضی,4187,279,منطقه 3,آموزش فیزیک - بومی کردستان,پردیس نسیبه - تهران
1396,ریاضی,4187,1188,منطقه 2,مهندسی شیمی,دانشگاه صنعتی اصفهان
1396,ریاضی,4190,1189,منطقه 2,مهندسی مواد و متالورژی,دانشگاه صنعتی امیرکبیر - تهران
1396,ریاضی,4190,2231,منطقه 1,مهندسی صنایع,دانشگاه فردوسی - مشهد
1396,ریاضی,4203,1192,منطقه 2,مهندسی عمران,دانشگاه صنعتی اصفهان
1396,ریاضی,4211,2244,منطقه 1,آموزش ریاضی - بومی فارس,پردیس شهید رجایی - شیراز
1396,ریاضی,4213,1194,منطقه 2,مهندسی برق,دانشگاه الزهرا(س) - تهران
1396,ریاضی,4213,1194,منطقه 2,مهندسی مواد و متالورژی,دانشگاه صنعتی امیرکبیر - تهران
1396,ریاضی,4216,1196,منطقه 2,مهندسی کامپیوتر,دانشگاه خوارزمی - تهران (محل تحصیل کرج)
1396,ریاضی,4219,281,منطقه 3,مهندسی برق - بومی استان کرمانشاه,دانشگاه تربیت دبیر شهید رجایی_تهران
1396,ریاضی,4219,1198,منطقه 2,مهندسی برق - بومی استان کرمان,دانشگاه تربیت دبیر شهید رجایی_تهران
1396,ریاضی,4219,2247,منطقه 1,مهندسی برق,دانشگاه تبریز
1396,ریاضی,4224,1200,منطقه 2,مهندسی کامپیوتر,دانشگاه اصفهان
1396,ریاضی,4224,2249,منطقه 1,مهندسی برق,دانشگاه صنعتی اصفهان
1396,ریاضی,4227,2252,منطقه 1,مهندسی خط و سازه های ریلی,دانشگاه علم و صنعت ایران - تهران
1396,ریاضی,4228,1201,منطقه 2,مهندسی مکانیک,دانشگاه اصفهان
1396,ریاضی,4233,2255,منطقه 1,مهندسی شیمی,دانشگاه صنعتی امیرکبیر - تهران
1396,ریاضی,4237,1203,منطقه 2,فیزیک,دانشگاه تهران
1396,ریاضی,4237,1203,منطقه 2,مهندسی صنایع,دانشگاه الزهرا(س) - تهران
1396,ریاضی,4237,1203,منطقه 2,مهندسی صنایع,دانشگاه صنعتی اصفهان
1396,ریاضی,4242,1207,منطقه 2,مهندسی مکانیک,دانشگاه تبریز
1396,ریاضی,4246,400,ایثارگر-5%,فیزیک,دانشگاه صنعتی شریف - تهران
1396,ریاضی,4251,401,ایثارگر-5%,مهندسی عمران,دانشگاه صنعتی خواجه نصیرالدین طوسی - تهران
1396,ریاضی,4256,1213,منطقه 2,فیزیک,دانشگاه علم و صنعت ایران - تهران
1396,ریاضی,4256,1213,منطقه 2,مهندسی مکانیک,دانشگاه صنعتی اصفهان
1396,ریاضی,4260,1216,منطقه 2,مهندسی مکانیک,دانشگاه اصفهان
1396,ریاضی,4267,403,ایثارگر-5%,مهندسی برق,دانشگاه صنعتی اصفهان
1396,ریاضی,4267,1218,منطقه 2,مهندسی کامپیوتر,دانشگاه تهران (محل تحصیل فومن گیلان)
1396,ریاضی,4272,2270,منطقه 1,مهندسی کامپیوتر,دانشگاه شیراز
1396,ریاضی,4277,283,منطقه 3,مهندسی شیمی,دانشگاه علم و صنعت ایران - تهران
1396,ریاضی,4277,283,منطقه 3,مهندسی پلیمر,دانشگاه تهران
1396,ریاضی,4277,2272,منطقه 1,مهندسی مکانیک,دانشگاه الزهرا(س) - تهران
1396,ریاضی,4283,285,منطقه 3,مهندسی عمران,دانشگاه صنعتی اصفهان
1396,ریاضی,4283,2274,منطقه 1,مهندسی نفت,دانشگاه صنعت نفت (محل تحصیل آبادان)
1396,ریاضی,4287,1221,منطقه 2,مهندسی کامپیوتر,دانشگاه صنعتی اصفهان
1396,ریاضی,4292,286,منطقه 3,مهندسی مکانیک,دانشگاه علم و صنعت ایران - تهران
1396,ریاضی,4292,407,ایثارگر-5%,مهندسی پزشکی,دانشگاه اصفهان
1396,ریاضی,4292,1223,منطقه 2,آموزش ابتدایی - بومی استان همدان,پردیس شهید باهنر - همدان
1396,ریاضی,4292,1223,منطقه 2,مهندسی شیمی,دانشگاه صنعتی اصفهان
1396,ریاضی,4297,408,ایثارگر-5%,مهندسی مکانیک,دانشگاه صنعتی خواجه نصیرالدین طوسی - تهران
1396,ریاضی,4306,2286,منطقه 1,مهندسی برق,دانشگاه فردوسی - مشهد
1396,ریاضی,4312,1229,منطقه 2,مهندسی برق,دانشگاه شیراز
1396,ریاضی,4312,1229,منطقه 2,مهندسی مکانیک,دانشگاه یزد
1396,ریاضی,4319,288,منطقه 3,مهندسی عمران,دانشگاه تهران
1396,ریاضی,4319,1231,منطقه 2,فیزیک,دانشگاه تهران
1396,ریاضی,4319,1231,منطقه 2,مهندسی کامپیوتر,دانشگاه فردوسی - مشهد
1396,ریاضی,4319,2293,منطقه 1,مهندسی صنایع,دانشگاه خوارزمی - تهران (محل تحصیل کرج)
1396,ریاضی,4319,2293,منطقه 1,مهندسی مواد و متالورژی,دانشگاه صنعتی خواجه نصیرالدین طوسی - تهران
1396,ریاضی,4319,2293,منطقه 1,مهندسی مکانیک,دانشگاه صنعتی اصفهان
1396,ریاضی,4324,1233,منطقه 2,مهندسی مواد و متالورژی,دانشگاه تهران
1396,ریاضی,4328,289,منطقه 3,مهندسی عمران,دانشگاه صنعتی نوشیروانی بابل
1396,ریاضی,4328,289,منطقه 3,مهندسی مکانیک - بومی آذربایجان شرقی,دانشگاه تربیت دبیر شهید رجایی_تهران
1396,ریاضی,4328,410,ایثارگر-5%,مهندسی عمران,دانشگاه علم و صنعت ایران - تهران
1396,ریاضی,4337,291,منطقه 3,مهندسی برق,دانشگاه صنعتی خواجه نصیرالدین طوسی - تهران
1396,ریاضی,4337,1237,منطقه 2,مهندسی مکانیک,دانشگاه خوارزمی - تهران (محل تحصیل کرج)
1396,ریاضی,4342,1238,منطقه 2,مهندسی برق,دانشگاه صنعتی اصفهان
1396,ریاضی,4342,2303,منطقه 1,علوم کامپیوتر,دانشگاه خوارزمی - تهران (محل تحصیل کرج)
1396,ریاضی,4347,1240,منطقه 2,مهندسی مکانیک,دانشگاه صنعتی اصفهان
1396,ریاضی,4347,2305,منطقه 1,روانشناسی,دانشگاه علامه طباطبایی - تهران
1396,ریاضی,4357,294,منطقه 3,مهندسی عمران,دانشگاه صنعتی شریف - تهران
1396,ریاضی,4357,1243,منطقه 2,مهندسی هوا فضا,دانشگاه صنعتی خواجه نصیرالدین طوسی - تهران
1396,ریاضی,4362,1246,منطقه 2,مهندسی برق,دانشگاه صنعتی اصفهان
1396,ریاضی,4366,2312,منطقه 1,مهندسی برق,دانشگاه صنعتی اصفهان
1396,ریاضی,4369,1248,منطقه 2,مهندسی مکانیک,دانشگاه صنعتی اصفهان
1396,ریاضی,4373,295,منطقه 3,آموزش فیزیک - بومی استان کرمانشاه,پردیس شهید چمران - تهران
1396,ریاضی,4373,1249,منطقه 2,مهندسی مکانیک,دانشگاه صنعتی اصفهان
1396,ریاضی,4373,1249,منطقه 2,مهندسی نقشه برداری,دانشگاه تهران
1396,ریاضی,4376,1251,منطقه 2,مهندسی کامپیوتر,دانشگاه صنعتی نوشیروانی بابل
1396,ریاضی,4379,296,منطقه 3,مهندسی کامپیوتر,دانشگاه بین المللی امام خمینی(ره) - قزوین
1396,ریاضی,4379,1252,منطقه 2,مهندسی مکانیک,دانشگاه خوارزمی - تهران (محل تحصیل کرج)
1396,ریاضی,4379,1252,منطقه 2,مهندسی پزشکی,دانشگاه اصفهان
1396,ریاضی,4383,418,ایثارگر-5%,علوم کامپیوتر,دانشگاه تهران
1396,ریاضی,4383,1254,منطقه 2,مهندسی برق,دانشگاه صنعتی اصفهان
1396,ریاضی,4389,297,منطقه 3,مهندسی شیمی,دانشگاه علم و صنعت ایران - تهران
1396,ریاضی,4389,420,ایثارگر-5%,مهندسی انرژی,دانشگاه صنعتی امیرکبیر - تهران
1396,ریاضی,4394,1256,منطقه 2,مهندسی عمران,دانشگاه صنعتی اصفهان
1396,ریاضی,4398,1258,منطقه 2,مهندسی معماری,دانشگاه خوارزمی تهران
1396,ریاضی,4398,1258,منطقه 2,مهندسی مکانیک,دانشگاه کاشان
1396,ریاضی,4398,2324,منطقه 1,مهندسی مکانیک,دانشگاه خوارزمی - تهران (محل تحصیل کرج)
1396,ریاضی,4404,421,ایثارگر-5%,مهندسی مواد و متالورژی,دانشگاه صنعتی شریف - تهران
1396,ریاضی,4412,1261,منطقه 2,مهندسی صنایع,دانشگاه الزهرا(س) - تهران
1396,ریاضی,4412,1261,منطقه 2,مهندسی معماری,دانشگاه هنر اصفهان
1396,ریاضی,4417,298,منطقه 3,مهندسی مکانیک,دانشگاه علم و صنعت ایران - تهران
1396,ریاضی,4424,422,ایثارگر-5%,مهندسی پزشکی,دانشگاه تهران
1396,ریاضی,4424,422,ایثارگر-5%,مهندسی کامپیوتر,دانشگاه یزد
1396,ریاضی,4424,1264,منطقه 2,مهندسی صنایع,دانشگاه صنعتی اصفهان
1396,ریاضی,4424,2341,منطقه 1,مهندسی صنایع,دانشگاه تبریز
1396,ریاضی,4430,1265,منطقه 2,مهندسی مواد و متالورژی,دانشگاه تهران
1396,ریاضی,4430,1265,منطقه 2,مهندسی مکانیک,دانشگاه اصفهان
1396,ریاضی,4430,2344,منطقه 1,مهندسی پلیمر,دانشگاه فردوسی - مشهد
1396,ریاضی,4435,1267,منطقه 2,مهندسی مواد و متالورژی,دانشگاه تهران
1396,ریاضی,4435,1267,منطقه 2,مهندسی مکانیک,دانشگاه یزد
1396,ریاضی,4439,2350,منطقه 1,علوم کامپیوتر,دانشگاه خوارزمی - تهران (محل تحصیل کرج)
1396,ریاضی,4446,1270,منطقه 2,مهندسی مکانیک,دانشگاه صنعتی اصفهان
1396,ریاضی,4446,1270,منطقه 2,مهندسی هوا فضا,دانشگاه صنعتی خواجه نصیرالدین طوسی - تهران
1396,ریاضی,4453,299,منطقه 3,مهندسی برق,دانشگاه شیراز
1396,ریاضی,4453,424,ایثارگر-5%,مهندسی ساخت وتولید,دانشگاه صنعتی امیرکبیر - تهران
1396,ریاضی,4453,2357,منطقه 1,مهندسی عمران,دانشگاه صنعتی اصفهان
1396,ریاضی,4458,1273,منطقه 2,آموزش ابتدایی - بومی استان همدان,پردیس شهید باهنر - همدان
1396,ریاضی,4464,426,ایثارگر-5%,مهندسی عمران,دانشگاه فردوسی - مشهد
1396,ریاضی,4471,1276,منطقه 2,مهندسی معماری,دانشگاه گیلان - رشت
1396,ریاضی,4471,1276,منطقه 2,مهندسی کامپیوتر,دانشگاه فردوسی - مشهد
1396,ریاضی,4471,2366,منطقه 1,مهندسی برق,دانشگاه صنعتی اصفهان
1396,ریاضی,4477,2370,منطقه 1,مهندسی مکانیک,دانشگاه تبریز
1396,ریاضی,4477,2370,منطقه 1,مهندسی کامپیوتر,دانشگاه تبریز
1396,ریاضی,4482,430,ایثارگر-5%,مهندسی برق,دانشگاه شیراز
1396,ریاضی,4485,1281,منطقه 2,مهندسی ماشینهای صنایع غذایی,دانشگاه تهران (محل تحصیل کرج)
1396,ریاضی,4488,2374,منطقه 1,مهندسی مکانیک,دانشگاه شیراز
1396,ریاضی,4493,2377,منطقه 1,آموزش ریاضی - بومی آذربایجان شرقی,پردیس علامه امینی - تبریز
1396,ریاضی,4498,1287,منطقه 2,علوم مهندسی,دانشگاه تهران
1396,ریاضی,4498,1287,منطقه 2,مهندسی صنایع,دانشگاه خوارزمی - تهران (محل تحصیل کرج)
1396,ریاضی,4502,2381,منطقه 1,مهندسی معدن,دانشگاه تهران
1396,ریاضی,4505,431,ایثارگر-5%,مهندسی کامپیوتر,دانشگاه صنعتی اصفهان
1396,ریاضی,4507,2385,منطقه 1,روانشناسی,دانشگاه علامه طباطبایی - تهران
1396,ریاضی,4507,2385,منطقه 1,مهندسی برق,دانشگاه صنعتی اصفهان
1396,ریاضی,4509,1289,منطقه 2,مهندسی مکانیک,دانشگاه الزهرا(س) - تهران
1396,ریاضی,4510,302,منطقه 3,مهندسی شیمی,دانشگاه علم و صنعت ایران - تهران
1396,ریاضی,4513,1290,منطقه 2,اقتصاد,دانشگاه تهران
1396,ریاضی,4517,1291,منطقه 2,مهندسی مکانیک,دانشگاه فردوسی - مشهد
1396,ریاضی,4517,2389,منطقه 1,مهندسی کامپیوتر,دانشگاه اصفهان
1396,ریاضی,4524,1292,منطقه 2,مهندسی مکانیک,دانشگاه فردوسی - مشهد
1396,ریاضی,4529,304,منطقه 3,مهندسی نفت,دانشگاه صنعتی امیرکبیر - تهران
1396,ریاضی,4534,1296,منطقه 2,مهندسی شیمی,دانشگاه صنعتی اصفهان
1396,ریاضی,4534,1296,منطقه 2,مهندسی مکانیک - بومی فارس,دانشگاه تربیت دبیر شهید رجایی_تهران
1396,ریاضی,4534,2395,منطقه 1,مهندسی شیمی,دانشگاه تبریز
1396,ریاضی,4534,2395,منطقه 1,مهندسی مکانیک,دانشگاه شیراز
1396,ریاضی,4538,1298,منطقه 2,مهندسی معماری,دانشگاه یزد
1396,ریاضی,4542,1299,منطقه 2,مهندسی صنایع,دانشگاه فردوسی - مشهد
1396,ریاضی,4542,2399,منطقه 1,مهندسی مکانیک,دانشگاه خوارزمی - تهران (محل تحصیل کرج)
1396,ریاضی,4549,305,منطقه 3,مهندسی معماری,دانشگاه یزد
1396,ریاضی,4549,1301,منطقه 2,مهندسی مواد و متالورژی,دانشگاه تهران
1396,ریاضی,4554,2405,منطقه 1,مهندسی صنایع,دانشگاه الزهرا(س) - تهران
1396,ریاضی,4558,1303,منطقه 2,ریاضیات و کاربردها,دانشگاه علم و صنعت ایران - تهران
1396,ریاضی,4569,1307,منطقه 2,مهندسی برق,دانشگاه صنعتی اصفهان
1396,ریاضی,4572,437,ایثارگر-5%,مهندسی معماری,دانشگاه هنر تهران
1396,ریاضی,4576,2418,منطقه 1,مهندسی برق,دانشگاه شیراز
1396,ریاضی,4584,1309,منطقه 2,مهندسی کامپیوتر,دانشگاه اصفهان
1396,ریاضی,4584,2424,منطقه 1,مهندسی نساجی,دانشگاه صنعتی امیرکبیر - تهران
1396,ریاضی,4584,2424,منطقه 1,مهندسی کامپیوتر,دانشگاه شیراز
1396,ریاضی,4587,439,ایثارگر-5%,مهندسی مکانیک,دانشگاه صنعتی اصفهان
1396,ریاضی,4592,1310,منطقه 2,مهندسی مواد و متالورژی,دانشگاه صنعتی امیرکبیر - تهران
1396,ریاضی,4592,1310,منطقه 2,مهندسی مکانیک,دانشگاه گیلان - رشت
1396,ریاضی,4597,440,ایثارگر-5%,آموزش ابتدایی - بومی خراسان شمالی,پردیس امام جعفر صادق - بجنورد
1396,ریاضی,4597,1312,منطقه 2,مهندسی نفت,دانشگاه صنعت نفت (محل تحصیل اهواز)
1396,ریاضی,4597,2432,منطقه 1,مهندسی مکانیک,دانشگاه خوارزمی - تهران (محل تحصیل کرج)
1396,ریاضی,4609,1317,منطقه 2,مهندسی برق,دانشگاه اراک
1396,ریاضی,4609,1317,منطقه 2,مهندسی شیمی,دانشگاه صنعتی اصفهان
1396,ریاضی,4609,1317,منطقه 2,مهندسی مکانیک,دانشگاه تبریز
1396,ریاضی,4609,1317,منطقه 2,مهندسی کامپیوتر - بومی استان کرمان,دانشگاه تربیت دبیر شهید رجایی_تهران
1396,ریاضی,4609,2436,منطقه 1,مهندسی معدن,دانشگاه تهران
1396,ریاضی,4616,1321,منطقه 2,مهندسی برق,دانشگاه صنعتی اصفهان
1396,ریاضی,4623,445,ایثارگر-5%,مهندسی برق,دانشگاه صنعتی خواجه نصیرالدین طوسی - تهران
1396,ریاضی,4623,1324,منطقه 2,مهندسی کامپیوتر - بومی استان سمنان,دانشگاه تربیت دبیر شهید رجایی_تهران
1396,ریاضی,4623,2441,منطقه 1,مهندسی برق,دانشگاه شاهد - تهران
1396,ریاضی,4623,2441,منطقه 1,مهندسی مکانیک,دانشگاه الزهرا(س) - تهران
1396,ریاضی,4629,2446,منطقه 1,روانشناسی,دانشگاه اصفهان
1396,ریاضی,4629,2446,منطقه 1,مهندسی مکانیک,دانشگاه خوارزمی - تهران (محل تحصیل کرج)
1396,ریاضی,4633,309,منطقه 3,آموزش ابتدایی - بومی آذربایجان غربی,پردیس شهید رجایی - ارومیه
1396,ریاضی,4636,1326,منطقه 2,مهندسی کامپیوتر - بومی مرکزی,دانشگاه تربیت دبیر شهید رجایی_تهران
1396,ریاضی,4642,1327,منطقه 2,مهندسی صنایع,دانشگاه صنعتی اصفهان
1396,ریاضی,4642,1327,منطقه 2,مهندسی معماری,دانشگاه زنجان
1396,ریاضی,4642,2453,منطقه 1,مدیریت صنعتی,دانشگاه علامه طباطبایی - تهران
1396,ریاضی,4642,2453,منطقه 1,مهندسی خط و سازه های ریلی,دانشگاه علم و صنعت ایران - تهران
1396,ریاضی,4642,2453,منطقه 1,مهندسی صنایع,دانشگاه فردوسی - مشهد
1396,ریاضی,4642,2453,منطقه 1,مهندسی مکانیک,دانشگاه شیراز
1396,ریاضی,4649,1329,منطقه 2,مهندسی برق,دانشگاه صنعتی اصفهان
1396,ریاضی,4649,2457,منطقه 1,مهندسی پلیمر,دانشگاه صنعتی اصفهان
1396,ریاضی,4652,1330,منطقه 2,آموزش فیزیک - بومی مرکزی,پردیس شهید باهنر - اصفهان
1396,ریاضی,4655,1331,منطقه 2,مهندسی مکانیک,دانشگاه شیراز
1396,ریاضی,4661,1333,منطقه 2,مهندسی کامپیوتر,دانشگاه فردوسی - مشهد
1396,ریاضی,4661,2464,منطقه 1,مهندسی کامپیوتر,دانشگاه الزهرا(س) - تهران
1396,ریاضی,4668,311,منطقه 3,مهندسی عمران - بومی استان کرمان,دانشگاه تربیت دبیر شهید رجایی_تهران
1396,ریاضی,4668,1335,منطقه 2,مهندسی صنایع,دانشگاه صنعتی اصفهان
1396,ریاضی,4668,2468,منطقه 1,فیزیک,دانشگاه شهید بهشتی - تهران
1396,ریاضی,4675,1337,منطقه 2,مهندسی مکانیک,دانشگاه شیراز
1396,ریاضی,4675,2473,منطقه 1,مهندسی صنایع,دانشگاه صنعتی اصفهان
1396,ریاضی,4681,312,منطقه 3,مهندسی شیمی,دانشگاه علم و صنعت ایران - تهران
1396,ریاضی,4681,2478,منطقه 1,مهندسی کامپیوتر,دانشگاه فردوسی - مشهد
1396,ریاضی,4686,314,منطقه 3,مهندسی مواد و متالورژی,دانشگاه صنعتی شریف - تهران
1396,ریاضی,4686,1338,منطقه 2,مهندسی مکانیک,دانشگاه خوارزمی - تهران (محل تحصیل کرج)
1396,ریاضی,4690,315,منطقه 3,مهندسی مواد و متالورژی,دانشگاه صنعتی شریف - تهران
1396,ریاضی,4694,316,منطقه 3,مهندسی ساخت وتولید,دانشگاه صنعتی امیرکبیر - تهران
1396,ریاضی,4694,1341,منطقه 2,مهندسی مکانیک,دانشگاه صنعتی نوشیروانی بابل
1396,ریاضی,4706,317,منطقه 3,مهندسی هوا فضا,دانشگاه صنعتی امیرکبیر - تهران
1396,ریاضی,4706,2493,منطقه 1,مهندسی کامپیوتر,دانشگاه اصفهان
1396,ریاضی,4712,1343,منطقه 2,آموزش ریاضی - بومی مرکزی,پردیس نسیبه - تهران
1396,ریاضی,4712,1343,منطقه 2,مهندسی مکانیک - بومی استان قم,دانشگاه تربیت دبیر شهید رجایی_تهران
1396,ریاضی,4715,319,منطقه 3,مهندسی عمران - بومی خراسان جنوبی,دانشگاه تربیت دبیر شهید رجایی_تهران
1396,ریاضی,4721,1345,منطقه 2,مهندسی برق,دانشگاه صنعتی اصفهان
1396,ریاضی,4729,451,ایثارگر-5%,مهندسی برق,دانشگاه صنعتی خواجه نصیرالدین طوسی - تهران
1396,ریاضی,4729,451,ایثارگر-5%,مهندسی معماری,دانشگاه هنر تهران
1396,ریاضی,4729,451,ایثارگر-5%,مهندسی کامپیوتر,دانشگاه قم
1396,ریاضی,4729,1346,منطقه 2,ریاضیات و کاربردها,دانشگاه صنعتی امیرکبیر - تهران
1396,ریاضی,4729,1346,منطقه 2,مهندسی عمران,دانشگاه کاشان
1396,ریاضی,4729,2505,منطقه 1,علوم کامپیوتر,دانشگاه خوارزمی - تهران (محل تحصیل کرج)
1396,ریاضی,4729,2505,منطقه 1,مهندسی صنایع,دانشگاه خوارزمی - تهران (محل تحصیل کرج)
1396,ریاضی,4736,1348,منطقه 2,مهندسی پزشکی,دانشگاه تبریز
1396,ریاضی,4736,1348,منطقه 2,مهندسی کامپیوتر,دانشگاه تبریز
1396,ریاضی,4740,1350,منطقه 2,مهندسی صنایع,دانشگاه صنعتی اصفهان
1396,ریاضی,4746,454,ایثارگر-5%,مهندسی برق,دانشگاه بوعلی سینا - همدان
1396,ریاضی,4746,1353,منطقه 2,مهندسی برق,دانشگاه فردوسی - مشهد
1396,ریاضی,4746,1353,منطقه 2,مهندسی نفت,دانشگاه صنعتی اصفهان
1396,ریاضی,4756,1355,منطقه 2,مهندسی برق,دانشگاه شیراز
1396,ریاضی,4763,456,ایثارگر-5%,مهندسی برق,دانشگاه شهید بهشتی (شهیدعباسپور)
1396,ریاضی,4763,1356,منطقه 2,مهندسی هوا فضا,دانشگاه فردوسی - مشهد
1396,ریاضی,4763,2521,منطقه 1,مهندسی نقشه برداری,دانشگاه صنعتی خواجه نصیرالدین طوسی - تهران
1396,ریاضی,4769,1358,منطقه 2,مهندسی کامپیوتر,دانشگاه بین المللی امام خمینی(ره) - قزوین
1396,ریاضی,4774,1360,منطقه 2,فیزیک,دانشگاه تهران
1396,ریاضی,4774,1360,منطقه 2,مهندسی عمران,دانشگاه صنعتی اصفهان
1396,ریاضی,4788,2533,منطقه 1,مهندسی مکانیک,دانشگاه شیراز
1396,ریاضی,4791,1365,منطقه 2,مهندسی کامپیوتر - بومی مازندران,دانشگاه تربیت دبیر شهید رجایی_تهران
1396,ریاضی,4791,2536,منطقه 1,مهندسی کامپیوتر,دانشگاه شیراز
1396,ریاضی,4796,323,منطقه 3,مهندسی کامپیوتر,دانشگاه فردوسی - مشهد
1396,ریاضی,4796,1366,منطقه 2,مهندسی مکانیک,دانشگاه شیراز
1396,ریاضی,4796,2538,منطقه 1,مهندسی عمران,دانشگاه فردوسی - مشهد
1396,ریاضی,4800,1367,منطقه 2,مهندسی نقشه برداری,دانشگاه تهران
1396,ریاضی,4800,2540,منطقه 1,مهندسی کامپیوتر,دانشگاه اصفهان
1396,ریاضی,4809,1369,منطقه 2,مهندسی کامپیوتر,دانشگاه صنعتی امیرکبیر - تهران - پردیس خودگردان
1396,ریاضی,4809,1369,منطقه 2,مهندسی کامپیوتر,دانشگاه فردوسی - مشهد
1396,ریاضی,4815,1371,منطقه 2,مهندسی برق,دانشگاه صدا و سیمای جمهوری اسلامی ایران
1396,ریاضی,4815,1371,منطقه 2,مهندسی عمران,دانشگاه صنعتی اصفهان
1396,ریاضی,4821,325,منطقه 3,مهندسی نقشه برداری,دانشگاه تهران
1396,ریاضی,4821,1374,منطقه 2,ریاضیات و کاربردها,دانشگاه تهران
1396,ریاضی,4821,1374,منطقه 2,مهندسی عمران,دانشگاه صنعتی اصفهان
1396,ریاضی,4829,1378,منطقه 2,مهندسی برق,دانشگاه صنعتی اصفهان
1396,ریاضی,4829,1378,منطقه 2,مهندسی شهرسازی,دانشگاه خوارزمی تهران
1396,ریاضی,4832,1380,منطقه 2,مهندسی عمران,دانشگاه تبریز
1396,ریاضی,4836,1381,منطقه 2,مهندسی برق,دانشگاه فردوسی - مشهد
1396,ریاضی,4836,1381,منطقه 2,مهندسی مکانیک - بومی فارس,دانشگاه تربیت دبیر شهید رجایی_تهران
1396,ریاضی,4839,1383,منطقه 2,مهندسی برق,دانشگاه شیراز
1396,ریاضی,4839,1383,منطقه 2,مهندسی کامپیوتر,دانشگاه صنعتی اصفهان
1396,ریاضی,4839,2559,منطقه 1,مهندسی مکانیک,دانشگاه تبریز
1396,ریاضی,4843,326,منطقه 3,آموزش فیزیک - بومی خراسان رضوی,پردیس شهید چمران - تهران
1396,ریاضی,4843,1385,منطقه 2,مهندسی شیمی,دانشگاه فردوسی - مشهد
1396,ریاضی,4847,1386,منطقه 2,مهندسی مکانیک,دانشگاه بوعلی سینا - همدان
1396,ریاضی,4847,2562,منطقه 1,مهندسی صنایع,دانشگاه صنعتی قم
1396,ریاضی,4847,2562,منطقه 1,مهندسی معماری,دانشگاه هنر اصفهان
1396,ریاضی,4852,327,منطقه 3,مهندسی مواد و متالورژی,دانشگاه صنعتی شریف - تهران
1396,ریاضی,4857,328,منطقه 3,آموزش ریاضی - بومی خراسان رضوی,پردیس آیت الله خامنه ای - گرگان
1396,ریاضی,4857,2566,منطقه 1,فیزیک,دانشگاه شهید بهشتی - تهران
1396,ریاضی,4864,330,منطقه 3,مهندسی مکانیک,دانشگاه شهید بهشتی (شهیدعباسپور)
1396,ریاضی,4864,330,منطقه 3,مهندسی پزشکی,دانشگاه صنعتی امیرکبیر - تهران
1396,ریاضی,4864,1391,منطقه 2,مهندسی برق,دانشگاه صنعتی اصفهان
1396,ریاضی,4864,1391,منطقه 2,مهندسی مواد و متالورژی,دانشگاه علم و صنعت ایران - تهران
1396,ریاضی,4864,2569,منطقه 1,مهندسی کامپیوتر,دانشگاه شیراز
1396,ریاضی,4872,1393,منطقه 2,مهندسی برق,دانشگاه یزد
1396,ریاضی,4872,1393,منطقه 2,مهندسی هوا فضا,دانشگاه فردوسی - مشهد
1396,ریاضی,4881,332,منطقه 3,مهندسی برق,دانشگاه تبریز
1396,ریاضی,4881,466,ایثارگر-5%,مهندسی مواد و متالورژی,دانشگاه صنعتی شریف - تهران
1396,ریاضی,4881,1396,منطقه 2,ایمنی صنعتی - نیمسال اول,دانشگاه علوم پزشکی شهید بهشتی - تهران (محل تحصیل دانشکده سلامت، ایمنی و محیط زیست)
1396,ریاضی,4881,1396,منطقه 2,مهندسی کامپیوتر,دانشگاه تهران (محل تحصیل فومن گیلان)
1396,ریاضی,4887,1398,منطقه 2,مهندسی صنایع,دانشگاه بوعلی سینا - همدان
1396,ریاضی,4896,1401,منطقه 2,آموزش ابتدایی - بومی خراسان رضوی,پردیس شهید هاشمی نژاد - مشهد
1396,ریاضی,4896,1401,منطقه 2,ریاضیات و کاربردها,دانشگاه صنعتی امیرکبیر - تهران
1396,ریاضی,4902,333,منطقه 3,فیزیک,دانشگاه علم و صنعت ایران - تهران
1396,ریاضی,4902,468,ایثارگر-5%,آموزش ابتدایی - بومی استان سمنان,پردیس فاطمه الزهرا (س) - سمنان
1396,ریاضی,4902,468,ایثارگر-5%,مهندسی کامپیوتر - بومی استان یزد,دانشگاه تربیت دبیر شهید رجایی_تهران
1396,ریاضی,4902,1403,منطقه 2,مهندسی برق,دانشگاه شیراز
1396,ریاضی,4913,334,منطقه 3,مهندسی کامپیوتر - بومی خوزستان,دانشگاه تربیت دبیر شهید رجایی_تهران
1396,ریاضی,4918,1405,منطقه 2,مهندسی عمران,دانشگاه صنعتی اصفهان
1396,ریاضی,4918,1405,منطقه 2,مهندسی کامپیوتر,دانشگاه اصفهان
1396,ریاضی,4924,337,منطقه 3,مهندسی پزشکی,دانشگاه صنعتی امیرکبیر - تهران
1396,ریاضی,4924,471,ایثارگر-5%,مهندسی مکانیک,دانشگاه صنعتی اصفهان
1396,ریاضی,4924,1407,منطقه 2,ریاضیات و کاربردها,دانشگاه تهران
1396,ریاضی,4929,2602,منطقه 1,مهندسی کامپیوتر,دانشگاه شیراز
1396,ریاضی,4932,2605,منطقه 1,مهندسی برق,دانشگاه شیراز
1396,ریاضی,4938,339,منطقه 3,علوم کامپیوتر,دانشگاه صنعتی امیرکبیر - تهران
1396,ریاضی,4945,2612,منطقه 1,مهندسی صنایع,دانشگاه صنعتی اصفهان
1396,ریاضی,4949,1410,منطقه 2,اقتصاد,دانشگاه شهید بهشتی - تهران
1396,ریاضی,4949,2615,منطقه 1,مهندسی مکانیک - بومی استان تهران,دانشگاه تربیت دبیر شهید رجایی_تهران
1396,ریاضی,4954,1412,منطقه 2,مهندسی برق,دانشگاه فردوسی - مشهد
1396,ریاضی,4954,1412,منطقه 2,مهندسی صنایع,دانشگاه الزهرا(س) - تهران
1396,ریاضی,4954,2617,منطقه 1,مهندسی کامپیوتر,دانشگاه تبریز
1396,ریاضی,4959,1414,منطقه 2,مهندسی مکانیک,دانشگاه فردوسی - مشهد
1396,ریاضی,4961,1415,منطقه 2,مهندسی برق,دانشگاه اصفهان
1396,ریاضی,4967,342,منطقه 3,آموزش فیزیک - بومی استان ایلام,پردیس شهید باهنر - اصفهان
1396,ریاضی,4967,342,منطقه 3,مهندسی کامپیوتر,دانشگاه الزهرا(س) - تهران
1396,ریاضی,4967,1417,منطقه 2,مهندسی کامپیوتر,دانشگاه صنعتی اصفهان
1396,ریاضی,4967,1417,منطقه 2,مهندسی کامپیوتر - بومی استان کرمانشاه,دانشگاه تربیت دبیر شهید رجایی_تهران
1396,ریاضی,4977,1420,منطقه 2,مهندسی مواد و متالورژی,دانشگاه تهران
1396,ریاضی,4977,1420,منطقه 2,مهندسی کامپیوتر,دانشگاه اصفهان
1396,ریاضی,4982,1422,منطقه 2,مهندسی کامپیوتر - بومی آذربایجان شرقی,دانشگاه تربیت دبیر شهید رجایی_تهران
1396,ریاضی,4988,344,منطقه 3,مهندسی برق,دانشگاه شهید بهشتی (شهیدعباسپور)
1396,ریاضی,4988,344,منطقه 3,مهندسی شیمی,دانشگاه علم و صنعت ایران - تهران
1396,ریاضی,4988,1424,منطقه 2,مهندسی مواد و متالورژی,دانشگاه صنعتی امیرکبیر - تهران
1396,ریاضی,4988,1424,منطقه 2,مهندسی مکانیک,دانشگاه بین المللی امام خمینی(ره) - قزوین
1396,ریاضی,4996,346,منطقه 3,مهندسی شیمی,دانشگاه علم و صنعت ایران - تهران
1396,ریاضی,4996,1427,منطقه 2,مهندسی شیمی,دانشگاه صنعتی اصفهان
1396,ریاضی,5001,348,منطقه 3,ریاضیات و کاربردها,دانشگاه علم و صنعت ایران - تهران
1396,ریاضی,5001,1428,منطقه 2,مهندسی برق,دانشگاه صنعتی اصفهان
1396,ریاضی,5001,2638,منطقه 1,مهندسی برق,دانشگاه صدا و سیمای جمهوری اسلامی ایران
1396,ریاضی,5005,349,منطقه 3,مهندسی مکانیک,دانشگاه فردوسی - مشهد
1396,ریاضی,5005,1429,منطقه 2,مهندسی مکانیک,دانشگاه فردوسی - مشهد
1396,ریاضی,5010,350,منطقه 3,مهندسی مکانیک,دانشگاه تبریز
1396,ریاضی,5010,480,ایثارگر-5%,مهندسی برق,دانشگاه صنعتی خواجه نصیرالدین طوسی - تهران
1396,ریاضی,5010,1431,منطقه 2,مهندسی شیمی,دانشگاه صنعتی اصفهان
1396,ریاضی,5016,1434,منطقه 2,مهندسی شیمی,دانشگاه صنعتی اصفهان
1396,ریاضی,5022,1437,منطقه 2,معماری داخلی,دانشگاه هنر تهران
1396,ریاضی,5022,1437,منطقه 2,مهندسی برق,دانشگاه صنعتی نوشیروانی بابل
1396,ریاضی,5022,2643,منطقه 1,مهندسی مکانیک,دانشگاه تبریز
1396,ریاضی,5027,1439,منطقه 2,مهندسی مکانیک,دانشگاه صنعتی نوشیروانی بابل
1396,ریاضی,5031,481,ایثارگر-5%,مهندسی مکانیک,دانشگاه صنعتی خواجه نصیرالدین طوسی - تهران
1396,ریاضی,5035,2651,منطقه 1,مهندسی صنایع,دانشگاه صنعتی اصفهان
1396,ریاضی,5039,1442,منطقه 2,مهندسی کامپیوتر,دانشگاه فردوسی - مشهد
1396,ریاضی,5039,2653,منطقه 1,مهندسی کامپیوتر,دانشگاه اصفهان
1396,ریاضی,5044,1443,منطقه 2,مهندسی هوا فضا,دانشگاه فردوسی - مشهد
1396,ریاضی,5050,2660,منطقه 1,مهندسی مکانیک,دانشگاه صنعتی امیرکبیر - تهران - پردیس خودگردان
1396,ریاضی,5057,2666,منطقه 1,مدیریت دولتی,دانشگاه علامه طباطبایی - تهران
1396,ریاضی,5064,1448,منطقه 2,مهندسی صنایع,دانشگاه صنعتی اصفهان
1396,ریاضی,5069,1449,منطقه 2,مهندسی کامپیوتر,دانشگاه شیراز
1396,ریاضی,5081,2684,منطقه 1,مهندسی مکانیک,دانشگاه تبریز
1396,ریاضی,5087,1452,منطقه 2,مهندسی نقشه برداری,دانشگاه تهران
1396,ریاضی,5087,2688,منطقه 1,فیزیک,دانشگاه صنعتی خواجه نصیرالدین طوسی - تهران
1396,ریاضی,5096,354,منطقه 3,علوم کامپیوتر,دانشگاه صنعتی امیرکبیر - تهران
1396,ریاضی,5096,1454,منطقه 2,مهندسی شیمی,دانشگاه صنعتی اصفهان
1396,ریاضی,5096,2693,منطقه 1,مهندسی کامپیوتر,دانشگاه شاهد - تهران
1396,ریاضی,5104,1456,منطقه 2,مهندسی نقشه برداری,دانشگاه تهران
1396,ریاضی,5111,1459,منطقه 2,مهندسی مکانیک - بومی خوزستان,دانشگاه تربیت دبیر شهید رجایی_تهران
1396,ریاضی,5111,1459,منطقه 2,مهندسی کامپیوتر,دانشگاه یزد
1396,ریاضی,5111,2702,منطقه 1,مهندسی خط و سازه های ریلی,دانشگاه علم و صنعت ایران - تهران
1396,ریاضی,5117,1461,منطقه 2,مهندسی کامپیوتر,دانشگاه اراک
1396,ریاضی,5117,2705,منطقه 1,علوم کامپیوتر,دانشگاه خوارزمی - تهران (محل تحصیل کرج)
1396,ریاضی,5123,357,منطقه 3,آموزش فیزیک - بومی گلستان,پردیس شهید چمران - تهران
1396,ریاضی,5123,357,منطقه 3,مهندسی مکانیک,دانشگاه اصفهان
1396,ریاضی,5123,485,ایثارگر-5%,مهندسی مکانیک,دانشگاه صنعتی خواجه نصیرالدین طوسی - تهران
1396,ریاضی,5123,1463,منطقه 2,مهندسی پلیمر,دانشگاه صنعتی اصفهان
1396,ریاضی,5132,2712,منطقه 1,مهندسی کامپیوتر,دانشگاه شیراز
1396,ریاضی,5139,2717,منطقه 1,مهندسی حمل و نقل ریلی,دانشگاه علم و صنعت ایران - تهران
1396,ریاضی,5141,1465,منطقه 2,مهندسی صنایع,دانشگاه صنعتی اصفهان
1396,ریاضی,5146,359,منطقه 3,مهندسی مکانیک,دانشگاه صنعتی خواجه نصیرالدین طوسی - تهران
1396,ریاضی,5146,1466,منطقه 2,مهندسی عمران,دانشگاه شهید باهنر - کرمان
1396,ریاضی,5146,1466,منطقه 2,مهندسی کامپیوتر,دانشگاه تبریز
1396,ریاضی,5153,361,منطقه 3,مهندسی مکانیک,دانشگاه فردوسی - مشهد
1396,ریاضی,5153,361,منطقه 3,مهندسی پزشکی,دانشگاه صنعتی امیرکبیر - تهران
1396,ریاضی,5153,1469,منطقه 2,مهندسی مواد و متالورژی,دانشگاه علم و صنعت ایران - تهران
1396,ریاضی,5153,1469,منطقه 2,مهندسی مکانیک,دانشگاه اصفهان
1396,ریاضی,5153,2723,منطقه 1,اقتصاد,دانشگاه علامه طباطبایی - تهران
1396,ریاضی,5153,2723,منطقه 1,مهندسی برق,دانشگاه تبریز
1396,ریاضی,5162,491,ایثارگر-5%,مهندسی پلیمر,دانشگاه صنعتی امیرکبیر - تهران
1396,ریاضی,5171,365,منطقه 3,مهندسی برق,دانشگاه شیراز
1396,ریاضی,5171,1473,منطقه 2,مهندسی عمران,دانشگاه صنعتی اصفهان
1396,ریاضی,5171,1473,منطقه 2,مهندسی عمران,دانشگاه صنعتی نوشیروانی بابل
1396,ریاضی,5171,2730,منطقه 1,مهندسی برق,دانشگاه فردوسی - مشهد
1396,ریاضی,5171,2730,منطقه 1,مهندسی کامپیوتر,دانشگاه شیراز
1396,ریاضی,5176,1476,منطقه 2,مهندسی صنایع,دانشگاه صنعتی اصفهان
1396,ریاضی,5176,1476,منطقه 2,مهندسی کامپیوتر,دانشگاه یزد
1396,ریاضی,5181,493,ایثارگر-5%,ریاضیات و کاربردها,دانشگاه صنعتی شریف - تهران
1396,ریاضی,5181,1478,منطقه 2,مهندسی صنایع,دانشگاه صنعتی نوشیروانی بابل
1396,ریاضی,5181,1478,منطقه 2,مهندسی مکانیک,دانشگاه یزد
1396,ریاضی,5188,1481,منطقه 2,مهندسی برق,دانشگاه صنعتی اصفهان
1396,ریاضی,5195,1484,منطقه 2,مهندسی کامپیوتر,دانشگاه صنعتی نوشیروانی بابل
1396,ریاضی,5202,1486,منطقه 2,مهندسی کامپیوتر,دانشگاه بین المللی امام خمینی(ره) - قزوین
1396,ریاضی,5207,2748,منطقه 1,مهندسی برق,دانشگاه شیراز
1396,ریاضی,5207,2748,منطقه 1,مهندسی خط و سازه های ریلی,دانشگاه علم و صنعت ایران - تهران
1396,ریاضی,5212,1489,منطقه 2,فیزیک,دانشگاه شهید بهشتی - تهران
1396,ریاضی,5216,2755,منطقه 1,مهندسی کامپیوتر,دانشگاه بین المللی امام خمینی(ره) - قزوین
1396,ریاضی,5221,496,ایثارگر-5%,مهندسی انرژی,دانشگاه صنعتی امیرکبیر - تهران
1396,ریاضی,5226,366,منطقه 3,مهندسی برق,دانشگاه صنعتی اصفهان
1396,ریاضی,5226,2759,منطقه 1,مهندسی عمران,دانشگاه صنعتی اصفهان
1396,ریاضی,5232,498,ایثارگر-5%,مهندسی برق,دانشگاه صنعتی خواجه نصیرالدین طوسی - تهران
1396,ریاضی,5232,1494,منطقه 2,مهندسی کامپیوتر,دانشگاه شیراز
1396,ریاضی,5238,1497,منطقه 2,آموزش ابتدایی - بومی استان اصفهان,پردیس فاطمه الزهرا (س) - اصفهان
1396,ریاضی,5238,1497,منطقه 2,مهندسی ماشینهای ریلی,دانشگاه علم و صنعت ایران - تهران
1396,ریاضی,5247,1500,منطقه 2,مهندسی برق,دانشگاه اصفهان
1396,ریاضی,5247,1500,منطقه 2,مهندسی مکانیک,دانشگاه بوعلی سینا - همدان
1396,ریاضی,5247,2769,منطقه 1,مهندسی مکانیک,دانشگاه تبریز
1396,ریاضی,5257,1502,منطقه 2,حسابداری,دانشگاه بین المللی امام خمینی(ره) - قزوین
1396,ریاضی,5257,2776,منطقه 1,مهندسی کامپیوتر,دانشگاه صنعتی امیرکبیر - تهران - پردیس خودگردان
1396,ریاضی,5263,2781,منطقه 1,اقتصاد,دانشگاه علامه طباطبایی - تهران
1396,ریاضی,5268,367,منطقه 3,مهندسی هوا فضا,دانشگاه صنعتی امیرکبیر - تهران
1396,ریاضی,5268,367,منطقه 3,مهندسی پلیمر,دانشگاه تهران
1396,ریاضی,5268,500,ایثارگر-5%,مهندسی برق,دانشگاه صنعتی خواجه نصیرالدین طوسی - تهران
1396,ریاضی,5268,1504,منطقه 2,مهندسی مواد و متالورژی,دانشگاه صنعتی امیرکبیر - تهران
1396,ریاضی,5268,2783,منطقه 1,مهندسی دریا,دانشگاه صنعتی امیرکبیر - تهران
1396,ریاضی,5276,1506,منطقه 2,مهندسی کامپیوتر,دانشگاه بین المللی امام خمینی(ره) - قزوین
1396,ریاضی,5276,2788,منطقه 1,آموزش ابتدایی - بومی استان اصفهان,پردیس شهید باهنر - اصفهان
1396,ریاضی,5285,1509,منطقه 2,مهندسی برق,دانشگاه فردوسی - مشهد
1396,ریاضی,5285,1509,منطقه 2,مهندسی مکانیک,دانشگاه شیراز
1396,ریاضی,5285,2794,منطقه 1,علوم کامپیوتر,دانشگاه خوارزمی - تهران (محل تحصیل کرج)
1396,ریاضی,5285,2794,منطقه 1,مهندسی برق,دانشگاه شیراز
1396,ریاضی,5291,1512,منطقه 2,مهندسی دریا,دانشگاه صنعتی امیرکبیر - تهران
1396,ریاضی,5291,1512,منطقه 2,مهندسی عمران,دانشگاه صنعتی اصفهان
1396,ریاضی,5291,1512,منطقه 2,مهندسی مکانیک,دانشگاه صنعتی نوشیروانی بابل
1396,ریاضی,5291,2797,منطقه 1,مهندسی عمران,دانشگاه شیراز
1396,ریاضی,5296,1515,منطقه 2,فیزیک,دانشگاه تهران
1396,ریاضی,5296,1515,منطقه 2,مهندسی مکانیک,دانشگاه اصفهان
1396,ریاضی,5296,2798,منطقه 1,مهندسی برق,دانشگاه بین المللی امام خمینی(ره) - قزوین
1396,ریاضی,5301,1518,منطقه 2,مهندسی مکانیک - بومی آذربایجان شرقی,دانشگاه تربیت دبیر شهید رجایی_تهران
1396,ریاضی,5301,1518,منطقه 2,مهندسی کامپیوتر,دانشگاه اصفهان
1396,ریاضی,5301,2800,منطقه 1,مهندسی برق,دانشگاه شیراز
1396,ریاضی,5306,2804,منطقه 1,مهندسی عمران,دانشگاه تبریز
1396,ریاضی,5312,1520,منطقه 2,مهندسی کامپیوتر,دانشگاه صنعتی امیرکبیر - تهران - پردیس خودگردان
1396,ریاضی,5312,2809,منطقه 1,مهندسی صنایع,دانشگاه فردوسی - مشهد
1396,ریاضی,5312,2809,منطقه 1,مهندسی مکانیک,دانشگاه بین المللی امام خمینی(ره) - قزوین
1396,ریاضی,5312,2809,منطقه 1,مهندسی کامپیوتر,دانشگاه شاهد - تهران
1396,ریاضی,5319,1523,منطقه 2,مهندسی برق,دانشگاه صدا و سیمای جمهوری اسلامی ایران
1396,ریاضی,5319,1523,منطقه 2,مهندسی معماری,دانشگاه یزد
1396,ریاضی,5319,1523,منطقه 2,مهندسی پزشکی,دانشگاه شاهد - تهران
1396,ریاضی,5319,2814,منطقه 1,مهندسی برق,دانشگاه فردوسی - مشهد
1396,ریاضی,5325,1526,منطقه 2,آموزش فیزیک - بومی آذربایجان شرقی,پردیس شهید چمران - تهران
1396,ریاضی,5331,1529,منطقه 2,آموزش فیزیک - بومی کردستان,پردیس نسیبه - تهران
1396,ریاضی,5331,2818,منطقه 1,مهندسی عمران,دانشگاه تبریز
1396,ریاضی,5338,502,ایثارگر-5%,مهندسی عمران,دانشگاه صنعتی خواجه نصیرالدین طوسی - تهران
1396,ریاضی,5338,1531,منطقه 2,مهندسی کامپیوتر,دانشگاه اصفهان
1396,ریاضی,5338,2821,منطقه 1,شیمی کاربردی,دانشگاه صنعتی خواجه نصیرالدین طوسی - تهران
1396,ریاضی,5347,1534,منطقه 2,فیزیک,دانشگاه صنعتی شریف - تهران
1396,ریاضی,5347,1534,منطقه 2,مهندسی عمران,دانشگاه صنعتی نوشیروانی بابل
1396,ریاضی,5347,1534,منطقه 2,مهندسی مواد و متالورژی,دانشگاه صنعتی اصفهان
1396,ریاضی,5347,1534,منطقه 2,مهندسی کامپیوتر,دانشگاه اصفهان
1396,ریاضی,5347,2826,منطقه 1,مهندسی هوا فضا,دانشگاه فردوسی - مشهد
1396,ریاضی,5356,371,منطقه 3,مهندسی مکانیک,دانشگاه اصفهان
1396,ریاضی,5356,1537,منطقه 2,مهندسی مکانیک,دانشگاه شیراز
1396,ریاضی,5361,1539,منطقه 2,مهندسی مواد و متالورژی,دانشگاه علم و صنعت ایران - تهران
1396,ریاضی,5365,2835,منطقه 1,فیزیک,دانشگاه علم و صنعت ایران - تهران
1396,ریاضی,5371,504,ایثارگر-5%,مهندسی مکانیک,دانشگاه صنعتی خواجه نصیرالدین طوسی - تهران
1396,ریاضی,5378,372,منطقه 3,مهندسی کامپیوتر,دانشگاه فردوسی - مشهد
1396,ریاضی,5378,1546,منطقه 2,مهندسی عمران,دانشگاه یزد
1396,ریاضی,5386,373,منطقه 3,مهندسی مکانیک,دانشگاه شیراز
1396,ریاضی,5386,1549,منطقه 2,مهندسی مکانیک,دانشگاه فردوسی - مشهد
1396,ریاضی,5386,2844,منطقه 1,مهندسی پزشکی,دانشگاه شاهد - تهران
1396,ریاضی,5393,374,منطقه 3,مهندسی کامپیوتر,دانشگاه شیراز
1396,ریاضی,5393,1550,منطقه 2,مهندسی مواد و متالورژی,دانشگاه صنعتی اصفهان
1396,ریاضی,5393,2848,منطقه 1,فیزیک,دانشگاه علم و صنعت ایران - تهران
1396,ریاضی,5400,1553,منطقه 2,مهندسی نفت,دانشگاه صنعتی اصفهان
1396,ریاضی,5406,506,ایثارگر-5%,ایمنی صنعتی - نیمسال اول,دانشگاه علوم پزشکی شهید بهشتی - تهران (محل تحصیل دانشکده سلامت، ایمنی و محیط زیست)
1396,ریاضی,5406,2855,منطقه 1,فیزیک,دانشگاه شهید بهشتی - تهران
1396,ریاضی,5414,377,منطقه 3,مهندسی صنایع,دانشگاه علم و صنعت ایران - تهران
1396,ریاضی,5414,1555,منطقه 2,مهندسی صنایع,دانشگاه یزد
1396,ریاضی,5420,1557,منطقه 2,مهندسی برق - بومی مازندران,دانشگاه تربیت دبیر شهید رجایی_تهران
1396,ریاضی,5420,2863,منطقه 1,مهندسی نفت,دانشگاه صنعت نفت (محل تحصیل اهواز)
1396,ریاضی,5424,379,منطقه 3,مهندسی نفت,دانشگاه صنعت نفت (محل تحصیل اهواز)
1396,ریاضی,5430,1559,منطقه 2,مهندسی عمران,دانشگاه صنعتی اصفهان
1396,ریاضی,5430,1559,منطقه 2,مهندسی نقشه برداری,دانشگاه تهران
1396,ریاضی,5430,2868,منطقه 1,جهانگردی,دانشگاه علامه طباطبایی - تهران
1396,ریاضی,5430,2868,منطقه 1,مهندسی دریا,دانشگاه صنعتی امیرکبیر - تهران
1396,ریاضی,5437,1562,منطقه 2,مهندسی مواد و متالورژی,دانشگاه علم و صنعت ایران - تهران
1396,ریاضی,5440,508,ایثارگر-5%,مهندسی عمران,دانشگاه صنعتی خواجه نصیرالدین طوسی - تهران
1396,ریاضی,5440,1563,منطقه 2,مهندسی صنایع,دانشگاه صنعتی اصفهان
1396,ریاضی,5446,1565,منطقه 2,مهندسی برق,دانشگاه فردوسی - مشهد
1396,ریاضی,5446,2876,منطقه 1,مهندسی پزشکی,دانشگاه اصفهان
1396,ریاضی,5453,1567,منطقه 2,مهندسی مکانیک,دانشگاه بوعلی سینا - همدان
1396,ریاضی,5462,381,منطقه 3,مهندسی پزشکی,دانشگاه صنعتی امیرکبیر - تهران
1396,ریاضی,5462,512,ایثارگر-5%,مهندسی شیمی,دانشگاه علم و صنعت ایران - تهران
1396,ریاضی,5462,1570,منطقه 2,حسابداری,دانشگاه الزهرا(س) - تهران
1396,ریاضی,5462,1570,منطقه 2,مهندسی نفت,دانشگاه صنعتی اصفهان
1396,ریاضی,5470,1573,منطقه 2,مهندسی مکانیک,دانشگاه فردوسی - مشهد
1396,ریاضی,5478,1575,منطقه 2,آموزش ریاضی - بومی خراسان جنوبی,پردیس امام خمینی - گرگان
1396,ریاضی,5478,1575,منطقه 2,مدیریت بیمه اکو,دانشگاه علامه طباطبایی - تهران (محل تحصیل مؤسسه آموزش عالی بیمه اکو)
1396,ریاضی,5478,1575,منطقه 2,مهندسی معماری,دانشگاه فردوسی - مشهد
1396,ریاضی,5478,2891,منطقه 1,مهندسی برق,دانشگاه شاهد - تهران
1396,ریاضی,5487,515,ایثارگر-5%,مهندسی مواد و متالورژی,دانشگاه صنعتی شریف - تهران
1396,ریاضی,5499,2900,منطقه 1,مهندسی شیمی,دانشگاه صنعتی اصفهان
1396,ریاضی,5505,1581,منطقه 2,مهندسی برق,دانشگاه صنعتی اصفهان
1396,ریاضی,5505,2903,منطقه 1,مهندسی برق,دانشگاه الزهرا(س) - تهران
1396,ریاضی,5505,2903,منطقه 1,مهندسی کامپیوتر,دانشگاه اصفهان
1396,ریاضی,5512,387,منطقه 3,مهندسی کامپیوتر,دانشگاه صنعتی خواجه نصیرالدین طوسی - تهران
1396,ریاضی,5512,517,ایثارگر-5%,مهندسی مکانیک,دانشگاه شهید بهشتی (شهیدعباسپور)
1396,ریاضی,5518,1585,منطقه 2,مهندسی مکانیک,دانشگاه اصفهان
1396,ریاضی,5518,2909,منطقه 1,مهندسی عمران,دانشگاه الزهرا(س) - تهران
1396,ریاضی,5523,1587,منطقه 2,مهندسی عمران,دانشگاه صنعتی نوشیروانی بابل
1396,ریاضی,5527,518,ایثارگر-5%,مهندسی معماری,دانشگاه یزد
1396,ریاضی,5527,1589,منطقه 2,مهندسی مکانیک,دانشگاه تبریز
1396,ریاضی,5527,2912,منطقه 1,حسابداری,دانشگاه فردوسی - مشهد
1396,ریاضی,5532,389,منطقه 3,مهندسی برق,دانشگاه صنعتی خواجه نصیرالدین طوسی - تهران
1396,ریاضی,5532,1591,منطقه 2,مهندسی مکانیک - بومی مازندران,دانشگاه تربیت دبیر شهید رجایی_تهران
1396,ریاضی,5532,2915,منطقه 1,مهندسی برق,دانشگاه الزهرا(س) - تهران
1396,ریاضی,5536,1592,منطقه 2,مهندسی برق,دانشگاه فردوسی - مشهد
1396,ریاضی,5536,1592,منطقه 2,مهندسی مکانیک - بومی استان تهران,دانشگاه تربیت دبیر شهید رجایی_تهران
1396,ریاضی,5539,1594,منطقه 2,مهندسی صنایع,دانشگاه صنعتی اصفهان
1396,ریاضی,5543,1595,منطقه 2,مهندسی صنایع,دانشگاه صنعتی اصفهان
1396,ریاضی,5543,1595,منطقه 2,مهندسی مکانیک,دانشگاه اصفهان
1396,ریاضی,5547,2921,منطقه 1,مهندسی عمران,دانشگاه شاهد - تهران
1396,ریاضی,5551,1599,منطقه 2,مهندسی عمران,دانشگاه صنعتی اصفهان
1396,ریاضی,5556,2926,منطقه 1,مهندسی مکانیک,دانشگاه بین المللی امام خمینی(ره) - قزوین
1396,ریاضی,5562,391,منطقه 3,مهندسی مکانیک,دانشگاه فردوسی - مشهد
1396,ریاضی,5562,1602,منطقه 2,مهندسی عمران,دانشگاه صنعتی امیرکبیر - تهران - پردیس خودگردان
1396,ریاضی,5562,2929,منطقه 1,مهندسی عمران,دانشگاه غیرانتفاعی علم و فرهنگ - تهران
1396,ریاضی,5569,392,منطقه 3,مهندسی عمران,دانشگاه صنعتی امیرکبیر - تهران
1396,ریاضی,5569,1603,منطقه 2,مهندسی نفت,دانشگاه صنعتی اصفهان
1396,ریاضی,5577,1604,منطقه 2,مهندسی مکانیک,دانشگاه یزد
1396,ریاضی,5582,1606,منطقه 2,علوم کامپیوتر,دانشگاه خوارزمی - تهران (محل تحصیل کرج)
1396,ریاضی,5582,1606,منطقه 2,مهندسی نقشه برداری,دانشگاه تهران
1396,ریاضی,5582,2937,منطقه 1,مهندسی کامپیوتر,دانشگاه تهران (محل تحصیل فومن گیلان)
1396,ریاضی,5588,1609,منطقه 2,آموزش ابتدایی - بومی استان اصفهان,پردیس شهید باهنر - اصفهان
1396,ریاضی,5588,1609,منطقه 2,مهندسی معماری,دانشگاه فردوسی - مشهد
1396,ریاضی,5588,2940,منطقه 1,مهندسی برق,دانشگاه شیراز
1396,ریاضی,5595,394,منطقه 3,مهندسی عمران,دانشگاه فردوسی - مشهد
1396,ریاضی,5595,1612,منطقه 2,آموزش ریاضی - بومی استان اصفهان,پردیس شهید رجایی - سمنان
1396,ریاضی,5595,1612,منطقه 2,مهندسی صنایع,دانشگاه فردوسی - مشهد
1396,ریاضی,5602,1614,منطقه 2,مهندسی برق,دانشگاه اصفهان
1396,ریاضی,5602,2946,منطقه 1,فیزیک,دانشگاه علم و صنعت ایران - تهران
1396,ریاضی,5602,2946,منطقه 1,مهندسی برق,دانشگاه تبریز
1396,ریاضی,5602,2946,منطقه 1,مهندسی کامپیوتر,دانشگاه اصفهان
1396,ریاضی,5614,397,منطقه 3,آموزش ابتدایی - بومی خراسان جنوبی,پردیس امام سجاد - بیرجند
1396,ریاضی,5614,531,ایثارگر-5%,مهندسی مکانیک,دانشگاه صنعتی خواجه نصیرالدین طوسی - تهران
1396,ریاضی,5614,1616,منطقه 2,مهندسی مکانیک,دانشگاه شهید چمران اهواز
1396,ریاضی,5618,1618,منطقه 2,مهندسی مواد و متالورژی,دانشگاه علم و صنعت ایران - تهران
1396,ریاضی,5623,1621,منطقه 2,مهندسی مواد و متالورژی,دانشگاه علم و صنعت ایران - تهران
1396,ریاضی,5623,1621,منطقه 2,مهندسی کامپیوتر,دانشگاه اصفهان
1396,ریاضی,5623,2953,منطقه 1,مهندسی برق,دانشگاه الزهرا(س) - تهران
1396,ریاضی,5637,1627,منطقه 2,معماری داخلی,دانشگاه هنر تهران
1396,ریاضی,5637,2958,منطقه 1,مهندسی معماری,دانشگاه مازندران - بابلسر
1396,ریاضی,5637,2958,منطقه 1,مهندسی مکانیک,دانشگاه تهران (محل تحصیل رضوانشهر گیلان)
1396,ریاضی,5641,2960,منطقه 1,مهندسی نساجی,دانشگاه صنعتی امیرکبیر - تهران
1396,ریاضی,5645,1630,منطقه 2,اقتصاد,دانشگاه علامه طباطبایی - تهران
1396,ریاضی,5645,1630,منطقه 2,مهندسی صنایع,دانشگاه صنعتی اصفهان
1396,ریاضی,5648,1633,منطقه 2,مهندسی شیمی,دانشگاه صنعتی اصفهان
1396,ریاضی,5653,1634,منطقه 2,مهندسی برق,دانشگاه زنجان
1396,ریاضی,5658,535,ایثارگر-5%,مهندسی مکانیک,دانشگاه صنعتی خواجه نصیرالدین طوسی - تهران
1396,ریاضی,5666,1639,منطقه 2,مهندسی معماری,دانشگاه مازندران - بابلسر
1396,ریاضی,5666,1639,منطقه 2,مهندسی معماری,دانشگاه هنر اصفهان
1396,ریاضی,5673,1641,منطقه 2,مهندسی کامپیوتر,دانشگاه صنعتی نوشیروانی بابل
1396,ریاضی,5673,2976,منطقه 1,اقتصاد,دانشگاه خوارزمی تهران
1396,ریاضی,5679,1643,منطقه 2,مهندسی شیمی,دانشگاه صنعت نفت (محل تحصیل اهواز)
1396,ریاضی,5684,1645,منطقه 2,مهندسی برق,دانشگاه یزد
1396,ریاضی,5692,541,ایثارگر-5%,مهندسی مکانیک,دانشگاه صنعتی خواجه نصیرالدین طوسی - تهران
1396,ریاضی,5692,1648,منطقه 2,فیزیک مهندسی,دانشگاه تهران
1396,ریاضی,5698,2983,منطقه 1,مهندسی برق,دانشگاه شاهد - تهران
1396,ریاضی,5703,402,منطقه 3,مهندسی شیمی,دانشگاه صنعتی اصفهان
1396,ریاضی,5703,1652,منطقه 2,آموزش ریاضی - بومی خراسان رضوی,پردیس امام خمینی - گرگان
1396,ریاضی,5703,1652,منطقه 2,مهندسی شیمی,دانشگاه صنعتی اصفهان
1396,ریاضی,5703,2985,منطقه 1,مهندسی نقشه برداری,دانشگاه تهران
1396,ریاضی,5707,2987,منطقه 1,مهندسی عمران,دانشگاه شیراز
1396,ریاضی,5710,2989,منطقه 1,روانشناسی,دانشگاه خوارزمی - تهران (محل تحصیل کرج)
1396,ریاضی,5718,545,ایثارگر-5%,مهندسی کامپیوتر,دانشگاه خوارزمی - تهران (محل تحصیل کرج)
1396,ریاضی,5718,1654,منطقه 2,مهندسی مواد و متالورژی,دانشگاه علم و صنعت ایران - تهران
1396,ریاضی,5723,2997,منطقه 1,مهندسی شهرسازی,دانشگاه فردوسی - مشهد
1396,ریاضی,5723,2997,منطقه 1,مهندسی مکانیک,دانشگاه اصفهان
1396,ریاضی,5727,1656,منطقه 2,مهندسی نفت,دانشگاه صنعتی اصفهان
1396,ریاضی,5727,3000,منطقه 1,مهندسی معماری,دانشگاه فردوسی - مشهد
1396,ریاضی,5730,1658,منطقه 2,روانشناسی,دانشگاه تهران
1396,ریاضی,5730,1658,منطقه 2,مهندسی شهرسازی,دانشگاه خوارزمی تهران
1396,ریاضی,5738,404,منطقه 3,مهندسی مکانیک,دانشگاه شیراز
1396,ریاضی,5743,1662,منطقه 2,مهندسی مکانیک,دانشگاه شیراز
1396,ریاضی,5743,1662,منطقه 2,مهندسی کامپیوتر,دانشگاه بین المللی امام خمینی(ره) - قزوین
1396,ریاضی,5747,548,ایثارگر-5%,مهندسی مکانیک,دانشگاه صنعتی اصفهان
1396,ریاضی,5747,1664,منطقه 2,مهندسی مکانیک,دانشگاه صنعتی امیرکبیر - تهران - پردیس خودگردان
1396,ریاضی,5756,3012,منطقه 1,مهندسی معماری,دانشگاه شیراز
1396,ریاضی,5762,1667,منطقه 2,مهندسی مکانیک - بومی استان قم,دانشگاه تربیت دبیر شهید رجایی_تهران
1396,ریاضی,5779,1671,منطقه 2,مهندسی برق,دانشگاه صنعت نفت (محل تحصیل اهواز)
1396,ریاضی,5786,554,ایثارگر-5%,مهندسی معماری,دانشگاه فردوسی - مشهد
1396,ریاضی,5786,1673,منطقه 2,مهندسی صنایع,دانشگاه خوارزمی - تهران (محل تحصیل کرج)
1396,ریاضی,5793,1675,منطقه 2,مهندسی پزشکی,دانشگاه اصفهان
1396,ریاضی,5793,1675,منطقه 2,مهندسی کامپیوتر,دانشگاه اصفهان
1396,ریاضی,5793,3032,منطقه 1,مهندسی کامپیوتر,دانشگاه صنعتی شیراز
1396,ریاضی,5799,3035,منطقه 1,مهندسی نفت,دانشگاه صنعتی اصفهان
1396,ریاضی,5805,556,ایثارگر-5%,مهندسی صنایع,دانشگاه صنعتی اصفهان
1396,ریاضی,5805,3038,منطقه 1,مهندسی برق,دانشگاه تبریز
1396,ریاضی,5811,1681,منطقه 2,مهندسی کامپیوتر - بومی گیلان,دانشگاه تربیت دبیر شهید رجایی_تهران
1396,ریاضی,5815,557,ایثارگر-5%,مهندسی عمران,دانشگاه صنعتی خواجه نصیرالدین طوسی - تهران
1396,ریاضی,5820,3047,منطقه 1,مدیریت بازرگانی,دانشگاه شاهد - تهران
1396,ریاضی,5826,1684,منطقه 2,مهندسی برق,دانشگاه شیراز
1396,ریاضی,5826,1684,منطقه 2,مهندسی معماری,دانشگاه فردوسی - مشهد
1396,ریاضی,5826,3050,منطقه 1,مهندسی کامپیوتر,دانشگاه تبریز
1396,ریاضی,5832,3052,منطقه 1,مهندسی کامپیوتر,دانشگاه غیرانتفاعی علم و فرهنگ - تهران
1396,ریاضی,5837,410,منطقه 3,مهندسی برق - بومی استان کهکیلویه و بویر احمد,دانشگاه تربیت دبیر شهید رجایی_تهران
1396,ریاضی,5837,3055,منطقه 1,مهندسی صنایع,دانشگاه صنعتی اصفهان
1396,ریاضی,5843,1686,منطقه 2,مهندسی مکانیک,دانشگاه شهید باهنر - کرمان
1396,ریاضی,5847,1689,منطقه 2,مهندسی برق,دانشگاه شیراز
1396,ریاضی,5853,1692,منطقه 2,فیزیک,دانشگاه صنعتی اصفهان
1396,ریاضی,5853,1692,منطقه 2,مهندسی عمران,دانشگاه صنعتی اصفهان
1396,ریاضی,5853,1692,منطقه 2,مهندسی نقشه برداری,دانشگاه صنعتی خواجه نصیرالدین طوسی - تهران
1396,ریاضی,5853,3061,منطقه 1,مهندسی عمران,دانشگاه گیلان - رشت
1396,ریاضی,5853,3061,منطقه 1,مهندسی مکانیک,دانشگاه الزهرا(س) - تهران
1396,ریاضی,5853,3061,منطقه 1,مهندسی کامپیوتر,دانشگاه فردوسی - مشهد
1396,ریاضی,5860,565,ایثارگر-5%,مهندسی پلیمر,دانشگاه صنعتی امیرکبیر - تهران
1396,ریاضی,5860,1694,منطقه 2,مهندسی مکانیک,دانشگاه اصفهان
1396,ریاضی,5860,3064,منطقه 1,مهندسی برق,دانشگاه شیراز
1396,ریاضی,5864,3067,منطقه 1,مهندسی پزشکی,دانشگاه اصفهان
1396,ریاضی,5874,1696,منطقه 2,آموزش ریاضی - بومی استان اصفهان,پردیس فاطمه الزهرا (س) - اهواز
1396,ریاضی,5874,3076,منطقه 1,مهندسی برق,دانشگاه شیراز
1396,ریاضی,5879,1697,منطقه 2,ریاضیات و کاربردها,دانشگاه تهران
1396,ریاضی,5884,1699,منطقه 2,مهندسی مکانیک,دانشگاه صنعتی نوشیروانی بابل
1396,ریاضی,5890,1701,منطقه 2,آموزش ابتدایی - بومی استان چهارمحال وبختیاری,پردیس شهید باهنر - شهرکرد
1396,ریاضی,5890,1701,منطقه 2,مهندسی برق,دانشگاه شیراز
1396,ریاضی,5890,3084,منطقه 1,مهندسی شیمی,دانشگاه تبریز
1396,ریاضی,5894,1703,منطقه 2,مهندسی برق,دانشگاه شاهد - تهران
1396,ریاضی,5899,1704,منطقه 2,مهندسی کامپیوتر,دانشگاه اصفهان
1396,ریاضی,5905,568,ایثارگر-5%,مهندسی برق,دانشگاه تبریز
1396,ریاضی,5909,569,ایثارگر-5%,آموزش ابتدایی - بومی استان یزد,پردیس فاطمه الزهرا (س) - یزد
1396,ریاضی,5915,413,منطقه 3,مهندسی عمران,دانشگاه بوعلی سینا - همدان
1396,ریاضی,5915,1709,منطقه 2,کاردان فنی برق,دانشگاه صدا و سیمای جمهوری اسلامی ایران
1396,ریاضی,5927,414,منطقه 3,آموزش ریاضی - بومی استان کرمان,پردیس خواجه نصیرالدین طوسی - کرمان
1396,ریاضی,5927,1712,منطقه 2,مهندسی عمران,دانشگاه تبریز
1396,ریاضی,5927,3103,منطقه 1,مهندسی کامپیوتر,دانشگاه صنعتی شیراز
1396,ریاضی,5932,1714,منطقه 2,مهندسی صنایع,دانشگاه فردوسی - مشهد
1396,ریاضی,5935,1716,منطقه 2,مهندسی عمران,دانشگاه یزد
1396,ریاضی,5935,1716,منطقه 2,مهندسی نفت,دانشگاه صنعتی اصفهان
1396,ریاضی,5940,574,ایثارگر-5%,مهندسی برق,دانشگاه صنعتی خواجه نصیرالدین طوسی - تهران
1396,ریاضی,5940,574,ایثارگر-5%,مهندسی شیمی,دانشگاه علم و صنعت ایران - تهران
1396,ریاضی,5945,1718,منطقه 2,مهندسی عمران,دانشگاه صنعتی اصفهان
1396,ریاضی,5945,3110,منطقه 1,مهندسی برق,دانشگاه الزهرا(س) - تهران
1396,ریاضی,5950,416,منطقه 3,مهندسی مکانیک,دانشگاه اصفهان
1396,ریاضی,5950,1719,منطقه 2,مهندسی برق,دانشگاه صنعتی قم
1396,ریاضی,5958,417,منطقه 3,مهندسی پزشکی,دانشگاه صنعتی امیرکبیر - تهران
1396,ریاضی,5958,1721,منطقه 2,مهندسی کامپیوتر,دانشگاه بین المللی امام خمینی(ره) - قزوین
1396,ریاضی,5958,1721,منطقه 2,مهندسی کامپیوتر - بومی خراسان شمالی,دانشگاه تربیت دبیر شهید رجایی_تهران
1396,ریاضی,5967,577,ایثارگر-5%,مهندسی معماری,دانشگاه تبریز
1396,ریاضی,5967,1724,منطقه 2,فیزیک مهندسی,دانشگاه تهران
1396,ریاضی,5967,1724,منطقه 2,مهندسی برق,دانشگاه شیراز
1396,ریاضی,5967,3120,منطقه 1,مهندسی مکانیک,دانشگاه تبریز
1396,ریاضی,5975,419,منطقه 3,مهندسی برق,دانشگاه صنعتی خواجه نصیرالدین طوسی - تهران
1396,ریاضی,5975,1726,منطقه 2,آموزش ابتدایی - بومی استان اصفهان,پردیس شهید باهنر - اصفهان
1396,ریاضی,5975,1726,منطقه 2,مهندسی مکانیک - بومی مازندران,دانشگاه تربیت دبیر شهید رجایی_تهران
1396,ریاضی,5981,1728,منطقه 2,آموزش ابتدایی - بومی استان اصفهان,پردیس فاطمه الزهرا (س) - اصفهان
1396,ریاضی,5981,3127,منطقه 1,مهندسی مکانیک,دانشگاه بین المللی امام خمینی(ره) - قزوین
1396,ریاضی,5989,579,ایثارگر-5%,مهندسی معماری - بومی آذربایجان شرقی,دانشگاه تربیت دبیر شهید رجایی_تهران
1396,ریاضی,5989,1731,منطقه 2,مهندسی برق,دانشگاه شیراز
1396,ریاضی,6000,421,منطقه 3,مهندسی پزشکی,دانشگاه صنعتی امیرکبیر - تهران
1396,ریاضی,6000,582,ایثارگر-5%,مهندسی کامپیوتر,دانشگاه صنعتی خواجه نصیرالدین طوسی - تهران
1396,ریاضی,6000,1734,منطقه 2,آموزش ریاضی - بومی خوزستان,پردیس حضرت رسول اکرم - اهواز
1396,ریاضی,6000,3136,منطقه 1,مهندسی معماری,دانشگاه تبریز
1396,ریاضی,6000,3136,منطقه 1,مهندسی کامپیوتر,دانشگاه غیرانتفاعی علم و فرهنگ - تهران
1396,ریاضی,6009,1736,منطقه 2,حسابداری,دانشگاه خوارزمی تهران
1396,ریاضی,6009,3140,منطقه 1,مهندسی برق,دانشگاه شیراز
1396,ریاضی,6009,3140,منطقه 1,مهندسی کامپیوتر,دانشگاه غیرانتفاعی علم و فرهنگ - تهران
1396,ریاضی,6016,422,منطقه 3,مهندسی برق,دانشگاه شیراز
1396,ریاضی,6016,1738,منطقه 2,مهندسی مواد و متالورژی,دانشگاه صنعتی خواجه نصیرالدین طوسی - تهران
1396,ریاضی,6016,3145,منطقه 1,مهندسی مکانیک,دانشگاه اصفهان
1396,ریاضی,6016,3145,منطقه 1,مهندسی پزشکی,مرکز آموزش عالی فنی و مهندسی بویین زهرا
1396,ریاضی,6016,3145,منطقه 1,مهندسی کامپیوتر,دانشگاه اصفهان
1396,ریاضی,6022,1739,منطقه 2,مهندسی کامپیوتر,دانشگاه صنعتی نوشیروانی بابل
1396,ریاضی,6022,3149,منطقه 1,فیزیک,دانشگاه فردوسی - مشهد
1396,ریاضی,6029,1742,منطقه 2,آموزش ریاضی - بومی استان اردبیل,پردیس علامه امینی - تبریز
1396,ریاضی,6029,1742,منطقه 2,مهندسی دریا,دانشگاه صنعتی امیرکبیر - تهران
1396,ریاضی,6029,1742,منطقه 2,مهندسی شیمی,دانشگاه صنعتی اصفهان
1396,ریاضی,6037,423,منطقه 3,مهندسی برق,دانشگاه شیراز
1396,ریاضی,6037,584,ایثارگر-5%,مهندسی شیمی,دانشگاه علم و صنعت ایران - تهران
1396,ریاضی,6037,3156,منطقه 1,مدیریت بازرگانی,دانشگاه شیراز
1396,ریاضی,6044,3159,منطقه 1,مهندسی معماری,دانشگاه هنر اصفهان
1396,ریاضی,6048,424,منطقه 3,مهندسی مکانیک,دانشگاه شیراز
1396,ریاضی,6048,3163,منطقه 1,مهندسی معماری,دانشگاه فردوسی - مشهد
1396,ریاضی,6052,425,منطقه 3,مهندسی معماری - بومی گیلان,دانشگاه تربیت دبیر شهید رجایی_تهران
1396,ریاضی,6052,1748,منطقه 2,مهندسی مکانیک - بومی استان کرمان,دانشگاه تربیت دبیر شهید رجایی_تهران
1396,ریاضی,6059,1750,منطقه 2,آموزش ریاضی - بومی استان همدان,پردیس شهید چمران - تهران
1396,ریاضی,6065,1753,منطقه 2,مهندسی کامپیوتر,دانشگاه الزهرا(س) - تهران
1396,ریاضی,6069,3174,منطقه 1,مهندسی صنایع,دانشگاه سمنان
1396,ریاضی,6069,3174,منطقه 1,مهندسی صنایع,دانشگاه قم
1396,ریاضی,6076,1756,منطقه 2,مهندسی برق,دانشگاه اصفهان
1396,ریاضی,6076,3179,منطقه 1,مهندسی هوا فضا,دانشگاه فردوسی - مشهد
1396,ریاضی,6083,3184,منطقه 1,مهندسی برق,دانشگاه تبریز
1396,ریاضی,6089,589,ایثارگر-5%,مهندسی مکانیک,دانشگاه تبریز
1396,ریاضی,6089,1757,منطقه 2,مهندسی مواد و متالورژی,دانشگاه علم و صنعت ایران - تهران
1396,ریاضی,6094,427,منطقه 3,مهندسی مکانیک,دانشگاه صنعتی خواجه نصیرالدین طوسی - تهران
1396,ریاضی,6094,1758,منطقه 2,صنایع دستی,دانشگاه بجنورد
1396,ریاضی,6094,3189,منطقه 1,اقتصاد,دانشگاه فردوسی - مشهد
1396,ریاضی,6100,428,منطقه 3,مهندسی برق,دانشگاه فردوسی - مشهد
1396,ریاضی,6100,1762,منطقه 2,مهندسی برق,دانشگاه صنعت نفت (محل تحصیل اهواز)
1396,ریاضی,6100,1762,منطقه 2,مهندسی مکانیک - بومی استان کرمانشاه,دانشگاه تربیت دبیر شهید رجایی_تهران
1396,ریاضی,6100,1762,منطقه 2,مهندسی کامپیوتر,دانشگاه اصفهان
1396,ریاضی,6100,1762,منطقه 2,مهندسی کامپیوتر,دانشگاه تبریز
1396,ریاضی,6100,1762,منطقه 2,مهندسی کامپیوتر,دانشگاه صنعتی نوشیروانی بابل
1396,ریاضی,6109,429,منطقه 3,مهندسی نفت,دانشگاه صنعت نفت (محل تحصیل اهواز)
1396,ریاضی,6109,3195,منطقه 1,مدیریت بازرگانی,دانشگاه شیراز
1396,ریاضی,6109,3195,منطقه 1,مهندسی صنایع,دانشگاه صنعتی قم
1396,ریاضی,6117,1768,منطقه 2,مهندسی برق,دانشگاه شیراز
1396,ریاضی,6117,1768,منطقه 2,مهندسی برق,دانشگاه فردوسی - مشهد
1396,ریاضی,6117,1768,منطقه 2,مهندسی شیمی,دانشگاه زنجان
1396,ریاضی,6117,3200,منطقه 1,مهندسی معماری,دانشگاه خوارزمی تهران
1396,ریاضی,6123,431,منطقه 3,مهندسی برق,دانشگاه الزهرا(س) - تهران
1396,ریاضی,6123,431,منطقه 3,مهندسی کامپیوتر - بومی گلستان,دانشگاه تربیت دبیر شهید رجایی_تهران
1396,ریاضی,6132,592,ایثارگر-5%,مهندسی مکانیک,دانشگاه شهید بهشتی (شهیدعباسپور)
1396,ریاضی,6138,434,منطقه 3,آموزش ریاضی - بومی استان کرمان,پردیس شهید باهنر - کرمان
1396,ریاضی,6144,1771,منطقه 2,مهندسی برق,دانشگاه شیراز
1396,ریاضی,6144,1771,منطقه 2,مهندسی مکانیک,دانشگاه اصفهان
1396,ریاضی,6144,3215,منطقه 1,مهندسی مکانیک,دانشگاه غیرانتفاعی علم و فرهنگ - تهران
1396,ریاضی,6149,3219,منطقه 1,مهندسی برق,دانشگاه اصفهان
1396,ریاضی,6149,3219,منطقه 1,مهندسی خط و سازه های ریلی,دانشگاه علم و صنعت ایران - تهران
1396,ریاضی,6153,3223,منطقه 1,مهندسی برق,دانشگاه شیراز
1396,ریاضی,6153,3223,منطقه 1,مهندسی عمران,دانشگاه بین المللی امام خمینی(ره) - قزوین
1396,ریاضی,6158,437,منطقه 3,مهندسی برق,دانشگاه شیراز
1396,ریاضی,6158,437,منطقه 3,مهندسی مواد و متالورژی,دانشگاه صنعتی امیرکبیر - تهران
1396,ریاضی,6158,1773,منطقه 2,شیمی کاربردی,دانشگاه خوارزمی - تهران (محل تحصیل کرج)
1396,ریاضی,6158,3226,منطقه 1,مهندسی برق,دانشگاه شیراز
1396,ریاضی,6164,1774,منطقه 2,مهندسی مکانیک,دانشگاه الزهرا(س) - تهران
1396,ریاضی,6169,593,ایثارگر-5%,مهندسی برق,دانشگاه شهید بهشتی (شهیدعباسپور)
1396,ریاضی,6174,1776,منطقه 2,مهندسی کامپیوتر,دانشگاه صنعتی نوشیروانی بابل
1396,ریاضی,6174,3235,منطقه 1,مهندسی برق,دانشگاه شیراز
1396,ریاضی,6174,3235,منطقه 1,مهندسی شیمی,دانشگاه فردوسی - مشهد
1396,ریاضی,6178,439,منطقه 3,مهندسی برق,دانشگاه صنعتی خواجه نصیرالدین طوسی - تهران
1396,ریاضی,6178,3238,منطقه 1,مهندسی برق,دانشگاه فردوسی - مشهد
1396,ریاضی,6193,3250,منطقه 1,مهندسی برق,دانشگاه تبریز
1396,ریاضی,6200,1780,منطقه 2,مهندسی شیمی,دانشگاه تبریز
1396,ریاضی,6204,3255,منطقه 1,مهندسی برق,دانشگاه شیراز
1396,ریاضی,6209,440,منطقه 3,فیزیک - بومی استان تهران,دانشگاه تربیت دبیر شهید رجایی_تهران
1396,ریاضی,6209,1785,منطقه 2,علوم کامپیوتر,دانشگاه خوارزمی - تهران (محل تحصیل کرج)
1396,ریاضی,6209,3258,منطقه 1,مهندسی نفت,دانشگاه صنعتی سهند - تبریز
1396,ریاضی,6209,3258,منطقه 1,مهندسی کامپیوتر,دانشگاه بین المللی امام خمینی(ره) - قزوین
1396,ریاضی,6222,596,ایثارگر-5%,مهندسی پلیمر,دانشگاه صنعتی امیرکبیر - تهران
1396,ریاضی,6222,1788,منطقه 2,مهندسی معماری,دانشگاه یزد
1396,ریاضی,6222,3266,منطقه 1,مهندسی برق,دانشگاه شیراز
1396,ریاضی,6230,443,منطقه 3,مهندسی شیمی,دانشگاه صنعت نفت (محل تحصیل اهواز)
1396,ریاضی,6230,1790,منطقه 2,مهندسی معماری,دانشگاه شیراز
1396,ریاضی,6230,1790,منطقه 2,مهندسی معماری,دانشگاه یزد
1396,ریاضی,6230,3269,منطقه 1,مهندسی برق,دانشگاه صنعتی شیراز
1396,ریاضی,6242,445,منطقه 3,آموزش ابتدایی - بومی مازندران,پردیس فاطمه الزهرا(س) ساری
1396,ریاضی,6242,445,منطقه 3,مهندسی برق,دانشگاه شیراز
1396,ریاضی,6242,3276,منطقه 1,فیزیک,دانشگاه صنعتی اصفهان
1396,ریاضی,6254,1796,منطقه 2,مهندسی برق,دانشگاه اصفهان
1396,ریاضی,6254,1796,منطقه 2,مهندسی کامپیوتر,دانشگاه صنعتی نوشیروانی بابل
1396,ریاضی,6254,3283,منطقه 1,مهندسی مکانیک,دانشگاه تبریز
1396,ریاضی,6261,1798,منطقه 2,مهندسی نقشه برداری,دانشگاه صنعتی خواجه نصیرالدین طوسی - تهران
1396,ریاضی,6261,3287,منطقه 1,مهندسی برق,دانشگاه شیراز
1396,ریاضی,6268,1802,منطقه 2,مهندسی عمران - بومی آذربایجان شرقی,دانشگاه تربیت دبیر شهید رجایی_تهران
1396,ریاضی,6268,1802,منطقه 2,مهندسی مواد و متالورژی,دانشگاه شیراز
1396,ریاضی,6268,1802,منطقه 2,مهندسی کامپیوتر,دانشگاه بین المللی امام خمینی(ره) - قزوین
1396,ریاضی,6268,3290,منطقه 1,مهندسی برق,دانشگاه شاهد - تهران
1396,ریاضی,6275,448,منطقه 3,مهندسی شیمی,دانشگاه علم و صنعت ایران - تهران
1396,ریاضی,6275,1805,منطقه 2,مهندسی برق,دانشگاه بوعلی سینا - همدان
1396,ریاضی,6280,1806,منطقه 2,مهندسی برق,دانشگاه تبریز
1396,ریاضی,6283,1809,منطقه 2,مهندسی مکانیک,دانشگاه اصفهان
1396,ریاضی,6283,1809,منطقه 2,مهندسی نفت,دانشگاه صنعت نفت (محل تحصیل آبادان)
1396,ریاضی,6283,1809,منطقه 2,مهندسی نفت,دانشگاه صنعتی اصفهان
1396,ریاضی,6288,3296,منطقه 1,علوم کامپیوتر,دانشگاه الزهرا(س) - تهران
1396,ریاضی,6296,449,منطقه 3,مهندسی عمران,دانشگاه صنعتی اصفهان
1396,ریاضی,6296,1814,منطقه 2,مهندسی عمران,دانشگاه صنعتی اصفهان
1396,ریاضی,6296,3301,منطقه 1,مهندسی کامپیوتر,دانشگاه فردوسی - مشهد
1396,ریاضی,6302,1816,منطقه 2,مهندسی برق,دانشگاه بین المللی امام خمینی(ره) - قزوین
1396,ریاضی,6302,1816,منطقه 2,مهندسی عمران,دانشگاه شیراز
1396,ریاضی,6302,1816,منطقه 2,مهندسی مکانیک - بومی استان بوشهر,دانشگاه شیراز
1396,ریاضی,6306,1819,منطقه 2,آموزش ابتدایی - بومی استان اصفهان,پردیس فاطمه الزهرا (س) - اصفهان
1396,ریاضی,6306,1819,منطقه 2,مهندسی برق,دانشگاه اصفهان
1396,ریاضی,6306,1819,منطقه 2,مهندسی هوا فضا,دانشگاه فردوسی - مشهد
1396,ریاضی,6311,1821,منطقه 2,مهندسی برق,دانشگاه شیراز
1396,ریاضی,6311,1821,منطقه 2,مهندسی دریا,دانشگاه صنعتی امیرکبیر - تهران
1396,ریاضی,6317,1823,منطقه 2,مهندسی مکانیک,دانشگاه یزد
1396,ریاضی,6317,1823,منطقه 2,مهندسی پزشکی,دانشگاه اصفهان
1396,ریاضی,6323,1825,منطقه 2,مهندسی کامپیوتر,دانشگاه اصفهان
1396,ریاضی,6327,3314,منطقه 1,مهندسی کامپیوتر,دانشگاه صنعتی شیراز
1396,ریاضی,6332,1827,منطقه 2,فیزیک مهندسی,دانشگاه تهران
1396,ریاضی,6332,3317,منطقه 1,مهندسی برق,دانشگاه صنعتی امیرکبیر - تهران - پردیس خودگردان
1396,ریاضی,6340,452,منطقه 3,مهندسی مکانیک - بومی استان کرمان,دانشگاه تربیت دبیر شهید رجایی_تهران
1396,ریاضی,6340,3321,منطقه 1,مهندسی مواد و متالورژی,دانشگاه صنعتی اصفهان
1396,ریاضی,6349,1830,منطقه 2,مهندسی عمران - بومی مرکزی,دانشگاه تربیت دبیر شهید رجایی_تهران
1396,ریاضی,6349,3325,منطقه 1,مهندسی برق,دانشگاه تبریز
1396,ریاضی,6357,611,ایثارگر-5%,طراحی صنعتی,دانشگاه هنر اصفهان
1396,ریاضی,6357,1832,منطقه 2,مهندسی مکانیک,دانشگاه اصفهان
1396,ریاضی,6357,3329,منطقه 1,مهندسی عمران,دانشگاه بین المللی امام خمینی(ره) - قزوین
1396,ریاضی,6363,612,ایثارگر-5%,مهندسی کامپیوتر,دانشگاه فردوسی - مشهد
1396,ریاضی,6363,1834,منطقه 2,مهندسی برق,دانشگاه فردوسی - مشهد
1396,ریاضی,6363,1834,منطقه 2,مهندسی صنایع,دانشگاه الزهرا(س) - تهران
1396,ریاضی,6363,1834,منطقه 2,مهندسی کامپیوتر,دانشگاه اصفهان
1396,ریاضی,6363,3331,منطقه 1,مهندسی کامپیوتر,دانشگاه اصفهان
1396,ریاضی,6369,454,منطقه 3,مهندسی کامپیوتر,دانشگاه تبریز
1396,ریاضی,6374,1838,منطقه 2,مهندسی مکانیک - بومی استان قم,دانشگاه تربیت دبیر شهید رجایی_تهران
1396,ریاضی,6382,1841,منطقه 2,مهندسی مکانیک - بومی مازندران,دانشگاه تربیت دبیر شهید رجایی_تهران
1396,ریاضی,6382,1841,منطقه 2,مهندسی کامپیوتر,دانشگاه اصفهان
1396,ریاضی,6382,3339,منطقه 1,علوم و مهندسی آب,دانشگاه تهران (محل تحصیل کرج)
1396,ریاضی,6391,459,منطقه 3,مهندسی مکانیک,دانشگاه شیراز
1396,ریاضی,6391,459,منطقه 3,مهندسی نقشه برداری,دانشگاه تهران
1396,ریاضی,6391,3344,منطقه 1,مهندسی برق,دانشگاه شیراز
1396,ریاضی,6402,461,منطقه 3,مهندسی عمران,دانشگاه علم و صنعت ایران - تهران
1396,ریاضی,6402,461,منطقه 3,مهندسی معماری,دانشگاه سمنان
1396,ریاضی,6402,1845,منطقه 2,مهندسی عمران,دانشگاه گیلان - رشت
1396,ریاضی,6402,1845,منطقه 2,مهندسی مکانیک,دانشگاه کاشان
1396,ریاضی,6402,1845,منطقه 2,مهندسی پزشکی,دانشگاه اصفهان
1396,ریاضی,6415,614,ایثارگر-5%,فیزیک,دانشگاه صنعتی امیرکبیر - تهران
1396,ریاضی,6415,1849,منطقه 2,مهندسی مکانیک - بومی مازندران,دانشگاه تربیت دبیر شهید رجایی_تهران
1396,ریاضی,6422,1851,منطقه 2,مهندسی معماری,دانشگاه بوعلی سینا - همدان
1396,ریاضی,6422,3361,منطقه 1,مهندسی برق,دانشگاه بین المللی امام خمینی(ره) - قزوین
1396,ریاضی,6427,1854,منطقه 2,مهندسی عمران,دانشگاه صنعتی اصفهان
1396,ریاضی,6438,1859,منطقه 2,مهندسی شیمی,دانشگاه فردوسی - مشهد
1396,ریاضی,6438,1859,منطقه 2,مهندسی عمران,دانشگاه صنعتی اصفهان
1396,ریاضی,6438,1859,منطقه 2,مهندسی مکانیک,دانشگاه بوعلی سینا - همدان
1396,ریاضی,6438,1859,منطقه 2,مهندسی مکانیک - بومی استان اردبیل,دانشگاه تربیت دبیر شهید رجایی_تهران
1396,ریاضی,6438,3367,منطقه 1,مهندسی برق,دانشگاه شاهد - تهران
1396,ریاضی,6445,3372,منطقه 1,اقتصاد,دانشگاه فردوسی - مشهد
1396,ریاضی,6445,3372,منطقه 1,مهندسی برق,دانشگاه شاهد - تهران
1396,ریاضی,6450,463,منطقه 3,مهندسی شیمی,دانشگاه صنعتی اصفهان
1396,ریاضی,6456,1863,منطقه 2,مهندسی مکانیک,دانشگاه تبریز
1396,ریاضی,6456,3379,منطقه 1,ریاضیات و کاربردها,دانشگاه شهید بهشتی - تهران
1396,ریاضی,6465,618,ایثارگر-5%,مهندسی مکانیک,دانشگاه کاشان
1396,ریاضی,6465,1866,منطقه 2,مهندسی پزشکی,دانشگاه اصفهان
1396,ریاضی,6465,3384,منطقه 1,مهندسی مکانیک,دانشگاه کاشان
1396,ریاضی,6474,465,منطقه 3,آموزش فیزیک - بومی آذربایجان شرقی,پردیس نسیبه - تهران
1396,ریاضی,6474,465,منطقه 3,مهندسی برق - بومی آذربایجان شرقی,دانشگاه تربیت دبیر شهید رجایی_تهران
1396,ریاضی,6482,1871,منطقه 2,مهندسی مکانیک,دانشگاه بین المللی امام خمینی(ره) - قزوین
1396,ریاضی,6482,1871,منطقه 2,مهندسی پلیمر,دانشگاه صنعتی اصفهان
1396,ریاضی,6487,1873,منطقه 2,مهندسی صنایع,دانشگاه یزد
1396,ریاضی,6487,1873,منطقه 2,مهندسی عمران,دانشگاه صنعتی اصفهان
1396,ریاضی,6491,1876,منطقه 2,فیزیک,دانشگاه صنعتی اصفهان
1396,ریاضی,6491,1876,منطقه 2,مهندسی عمران,دانشگاه اصفهان
1396,ریاضی,6495,1878,منطقه 2,مهندسی مکانیک,دانشگاه کاشان
1396,ریاضی,6500,3401,منطقه 1,مهندسی کامپیوتر,دانشگاه غیرانتفاعی علم و فرهنگ - تهران
1396,ریاضی,6505,621,ایثارگر-5%,مهندسی پلیمر,دانشگاه صنعتی امیرکبیر - تهران
1396,ریاضی,6508,3406,منطقه 1,مهندسی مکانیک,دانشگاه تبریز
1396,ریاضی,6514,468,منطقه 3,مهندسی نفت,دانشگاه صنعت نفت (محل تحصیل اهواز)
1396,ریاضی,6514,623,ایثارگر-5%,مهندسی برق,دانشگاه صنعتی خواجه نصیرالدین طوسی - تهران
1396,ریاضی,6514,623,ایثارگر-5%,مهندسی شیمی,دانشگاه علم و صنعت ایران - تهران
1396,ریاضی,6514,3410,منطقه 1,مهندسی پزشکی,دانشگاه شاهد - تهران
1396,ریاضی,6522,1880,منطقه 2,مهندسی معماری,دانشگاه کاشان
1396,ریاضی,6529,469,منطقه 3,مهندسی برق,دانشگاه فردوسی - مشهد
1396,ریاضی,6529,1882,منطقه 2,حسابداری,دانشگاه فردوسی - مشهد
1396,ریاضی,6539,470,منطقه 3,مهندسی عمران - بومی استان کهکیلویه و بویر احمد,دانشگاه تربیت دبیر شهید رجایی_تهران
1396,ریاضی,6539,470,منطقه 3,مهندسی پلیمر,دانشگاه صنعتی امیرکبیر - تهران
1396,ریاضی,6539,627,ایثارگر-5%,مهندسی کامپیوتر,دانشگاه قم
1396,ریاضی,6539,1885,منطقه 2,مهندسی برق,دانشگاه بین المللی امام خمینی(ره) - قزوین
1396,ریاضی,6539,1885,منطقه 2,مهندسی معدن,دانشگاه تهران
1396,ریاضی,6539,1885,منطقه 2,مهندسی مکانیک,دانشگاه تبریز
1396,ریاضی,6552,472,منطقه 3,علوم کامپیوتر,دانشگاه شهید بهشتی - تهران
1396,ریاضی,6560,473,منطقه 3,مهندسی برق,دانشگاه صنعتی ارومیه
1396,ریاضی,6560,1892,منطقه 2,علوم کامپیوتر,دانشگاه خوارزمی - تهران (محل تحصیل کرج)
1396,ریاضی,6560,1892,منطقه 2,مهندسی عمران,دانشگاه اصفهان
1396,ریاضی,6560,3432,منطقه 1,ریاضیات و کاربردها,دانشگاه علم و صنعت ایران - تهران
1396,ریاضی,6560,3432,منطقه 1,مهندسی شیمی,دانشگاه شیراز
1396,ریاضی,6560,3432,منطقه 1,مهندسی صنایع,دانشگاه الزهرا(س) - تهران
1396,ریاضی,6572,3439,منطقه 1,مهندسی نساجی,دانشگاه صنعتی امیرکبیر - تهران
1396,ریاضی,6578,630,ایثارگر-5%,مهندسی صنایع,دانشگاه صنعتی اصفهان
1396,ریاضی,6578,1898,منطقه 2,علوم کامپیوتر,دانشگاه الزهرا(س) - تهران
1396,ریاضی,6578,1898,منطقه 2,مهندسی مکانیک,دانشگاه صنعتی نوشیروانی بابل
1396,ریاضی,6578,1898,منطقه 2,مهندسی کامپیوتر,دانشگاه فردوسی - مشهد
1396,ریاضی,6587,631,ایثارگر-5%,مهندسی برق,دانشگاه صنعتی خواجه نصیرالدین طوسی - تهران
1396,ریاضی,6587,1902,منطقه 2,ریاضیات و کاربردها,دانشگاه تهران
1396,ریاضی,6587,1902,منطقه 2,مهندسی عمران,دانشگاه فردوسی - مشهد
1396,ریاضی,6587,1902,منطقه 2,مهندسی کامپیوتر,دانشگاه گیلان - رشت
1396,ریاضی,6587,3445,منطقه 1,مهندسی مکانیک,دانشگاه تبریز
1396,ریاضی,6596,632,ایثارگر-5%,مهندسی برق,دانشگاه شهید بهشتی (شهیدعباسپور)
1396,ریاضی,6596,1906,منطقه 2,آموزش ریاضی - بومی استان همدان,پردیس شهید چمران - تهران
1396,ریاضی,6596,1906,منطقه 2,مهندسی برق,دانشگاه شیراز
1396,ریاضی,6596,1906,منطقه 2,مهندسی شیمی,دانشگاه شیراز
1396,ریاضی,6596,3448,منطقه 1,مهندسی برق,دانشگاه بین المللی امام خمینی(ره) - قزوین
1396,ریاضی,6596,3448,منطقه 1,مهندسی برق,دانشگاه صدا و سیمای جمهوری اسلامی ایران
1396,ریاضی,6603,475,منطقه 3,مهندسی برق - بومی استان اردبیل,دانشگاه تربیت دبیر شهید رجایی_تهران
1396,ریاضی,6603,633,ایثارگر-5%,مهندسی عمران - بومی استان یزد,دانشگاه تربیت دبیر شهید رجایی_تهران
1396,ریاضی,6603,1908,منطقه 2,مهندسی صنایع,دانشگاه تبریز
1396,ریاضی,6603,3451,منطقه 1,مهندسی نفت,دانشگاه صنعت نفت (محل تحصیل اهواز)
1396,ریاضی,6603,3451,منطقه 1,مهندسی پزشکی,دانشگاه تبریز
1396,ریاضی,6608,1910,منطقه 2,مهندسی برق,دانشگاه فردوسی - مشهد
1396,ریاضی,6613,476,منطقه 3,آموزش ابتدایی - بومی خراسان شمالی,پردیس امام جعفر صادق - بجنورد
1396,ریاضی,6613,1912,منطقه 2,مهندسی برق - بومی مازندران,دانشگاه تربیت دبیر شهید رجایی_تهران
1396,ریاضی,6613,3456,منطقه 1,مهندسی پزشکی,دانشگاه اصفهان
1396,ریاضی,6620,477,منطقه 3,آموزش ریاضی - بومی خراسان شمالی,پردیس آیت الله خامنه ای - گرگان
1396,ریاضی,6620,1914,منطقه 2,آموزش ابتدایی - بومی مازندران,پردیس فاطمه الزهرا(س) ساری
1396,ریاضی,6620,1914,منطقه 2,مهندسی مکانیک,دانشگاه یزد
1396,ریاضی,6628,1917,منطقه 2,مهندسی کامپیوتر - بومی خوزستان,دانشگاه تربیت دبیر شهید رجایی_تهران
1396,ریاضی,6638,639,ایثارگر-5%,مهندسی کامپیوتر,دانشگاه صنعتی اصفهان
1396,ریاضی,6638,1921,منطقه 2,مهندسی برق,دانشگاه اصفهان
1396,ریاضی,6638,3463,منطقه 1,مهندسی برق,دانشگاه اصفهان
1396,ریاضی,6638,3463,منطقه 1,مهندسی مکانیک,دانشگاه بین المللی امام خمینی(ره) - قزوین
1396,ریاضی,6646,480,منطقه 3,مهندسی برق,دانشگاه صنعتی اصفهان
1396,ریاضی,6646,1923,منطقه 2,مهندسی عمران - بومی آذربایجان شرقی,دانشگاه تربیت دبیر شهید رجایی_تهران
1396,ریاضی,6651,642,ایثارگر-5%,مهندسی عمران,دانشگاه شهید بهشتی (شهیدعباسپور)
1396,ریاضی,6651,1924,منطقه 2,مهندسی مکانیک,دانشگاه الزهرا(س) - تهران
1396,ریاضی,6656,644,ایثارگر-5%,مهندسی کامپیوتر,دانشگاه صنعتی اصفهان
1396,ریاضی,6656,1925,منطقه 2,مهندسی پزشکی,دانشگاه اصفهان
1396,ریاضی,6661,482,منطقه 3,مهندسی هوا فضا,دانشگاه صنعتی خواجه نصیرالدین طوسی - تهران
1396,ریاضی,6661,1926,منطقه 2,مهندسی برق,دانشگاه بین المللی امام خمینی(ره) - قزوین
1396,ریاضی,6661,1926,منطقه 2,مهندسی معماری,دانشگاه یزد
1396,ریاضی,6668,483,منطقه 3,آموزش ریاضی - بومی آذربایجان شرقی,پردیس فاطمه الزهرا (س) - تبریز
1396,ریاضی,6668,1928,منطقه 2,مهندسی کامپیوتر,دانشگاه اصفهان
1396,ریاضی,6668,3473,منطقه 1,مهندسی عمران,دانشکده فنی ومهندسی گرمسار
1396,ریاضی,6676,485,منطقه 3,مهندسی پزشکی,دانشگاه اصفهان
1396,ریاضی,6676,3479,منطقه 1,مهندسی مواد و متالورژی,دانشگاه صنعتی اصفهان
1396,ریاضی,6676,3479,منطقه 1,مهندسی مکانیک,دانشگاه یزد
1396,ریاضی,6684,1930,منطقه 2,مهندسی برق,دانشگاه صنعتی اصفهان
1396,ریاضی,6684,3485,منطقه 1,مهندسی برق,دانشگاه شاهد - تهران
1396,ریاضی,6684,3485,منطقه 1,مهندسی شیمی,دانشگاه اصفهان
1396,ریاضی,6684,3485,منطقه 1,مهندسی معماری,دانشگاه بین المللی امام خمینی(ره) - قزوین
1396,ریاضی,6692,1931,منطقه 2,علوم کامپیوتر,دانشگاه شهید بهشتی - تهران
1396,ریاضی,6692,3490,منطقه 1,مهندسی برق,دانشگاه بین المللی امام خمینی(ره) - قزوین
1396,ریاضی,6695,1933,منطقه 2,آموزش ریاضی - بومی استان یزد,پردیس شهید باهنر - کرمان
1396,ریاضی,6699,487,منطقه 3,مهندسی مکانیک - بومی استان کرمان,دانشگاه تربیت دبیر شهید رجایی_تهران
1396,ریاضی,6707,1935,منطقه 2,مهندسی معماری - بومی مازندران,دانشگاه تربیت دبیر شهید رجایی_تهران
1396,ریاضی,6712,1936,منطقه 2,مهندسی معماری,دانشگاه هنر اصفهان
1396,ریاضی,6712,3504,منطقه 1,ریاضیات و کاربردها,دانشگاه صنعتی خواجه نصیرالدین طوسی - تهران
1396,ریاضی,6720,488,منطقه 3,معماری داخلی,دانشگاه هنر تهران
1396,ریاضی,6720,488,منطقه 3,مهندسی کامپیوتر,دانشگاه تبریز
1396,ریاضی,6725,491,منطقه 3,آموزش ریاضی - بومی آذربایجان شرقی,پردیس علامه امینی - تبریز
1396,ریاضی,6725,3510,منطقه 1,فیزیک,دانشگاه صنعتی اصفهان
1396,ریاضی,6731,1939,منطقه 2,مهندسی کامپیوتر,دانشگاه شیراز
1396,ریاضی,6739,493,منطقه 3,مهندسی برق,دانشگاه شیراز
1396,ریاضی,6739,3518,منطقه 1,مهندسی شهرسازی,دانشگاه فردوسی - مشهد
1396,ریاضی,6747,1941,منطقه 2,آموزش ریاضی - بومی آذربایجان غربی,پردیس علامه امینی - تبریز
1396,ریاضی,6747,3523,منطقه 1,مهندسی برق,دانشگاه تبریز
1396,ریاضی,6753,1943,منطقه 2,مهندسی معماری,دانشگاه یزد
1396,ریاضی,6753,1943,منطقه 2,مهندسی مواد و متالورژی,دانشگاه صنعتی خواجه نصیرالدین طوسی - تهران
1396,ریاضی,6753,1943,منطقه 2,مهندسی نفت,دانشگاه صنعت نفت (محل تحصیل اهواز)
1396,ریاضی,6753,3526,منطقه 1,مهندسی مواد و متالورژی,دانشگاه شیراز
1396,ریاضی,6758,3530,منطقه 1,مهندسی صنایع - بومی استان چهارمحال وبختیاری,دانشگاه صنعتی اصفهان
1396,ریاضی,6766,1946,منطقه 2,مهندسی برق,دانشگاه تبریز
1396,ریاضی,6766,1946,منطقه 2,مهندسی کامپیوتر,دانشگاه کردستان - سنندج
1396,ریاضی,6776,1949,منطقه 2,آموزش ابتدایی - بومی استان قم,پردیس حضرت معصومه - قم
1396,ریاضی,6776,3539,منطقه 1,مهندسی شیمی,دانشگاه فردوسی - مشهد
1396,ریاضی,6776,3539,منطقه 1,مهندسی مکانیک,دانشگاه تبریز
1396,ریاضی,6784,495,منطقه 3,مهندسی مکانیک,دانشگاه صنعتی خواجه نصیرالدین طوسی - تهران
1396,ریاضی,6784,656,ایثارگر-5%,مهندسی مکانیک,دانشگاه صنعتی اصفهان
1396,ریاضی,6784,3544,منطقه 1,مهندسی برق,دانشگاه اصفهان
1396,ریاضی,6790,1952,منطقه 2,آموزش ریاضی - بومی خوزستان,پردیس حضرت رسول اکرم - اهواز
1396,ریاضی,6798,1954,منطقه 2,مهندسی برق,دانشگاه صنعتی نوشیروانی بابل
1396,ریاضی,6807,1956,منطقه 2,آموزش ریاضی - بومی مرکزی,پردیس نسیبه - تهران
1396,ریاضی,6817,659,ایثارگر-5%,مهندسی شیمی,دانشگاه علم و صنعت ایران - تهران
1396,ریاضی,6817,1960,منطقه 2,معماری داخلی,دانشگاه هنر تهران
1396,ریاضی,6817,1960,منطقه 2,مهندسی نفت,دانشگاه صنعت نفت (محل تحصیل اهواز)
1396,ریاضی,6817,1960,منطقه 2,مهندسی پلیمر,دانشگاه فردوسی - مشهد
1396,ریاضی,6817,1960,منطقه 2,مهندسی کامپیوتر,دانشگاه صنعتی نوشیروانی بابل
1396,ریاضی,6817,3560,منطقه 1,مهندسی برق,دانشگاه شیراز
1396,ریاضی,6843,660,ایثارگر-5%,مهندسی برق,دانشگاه شهید بهشتی (شهیدعباسپور)
1396,ریاضی,6843,1967,منطقه 2,مهندسی کامپیوتر,دانشگاه سمنان
1396,ریاضی,6849,661,ایثارگر-5%,مهندسی هوا فضا,دانشگاه صنعتی خواجه نصیرالدین طوسی - تهران
1396,ریاضی,6849,3579,منطقه 1,مهندسی صنایع,دانشگاه تبریز
1396,ریاضی,6856,1972,منطقه 2,مهندسی کامپیوتر,دانشگاه صنعتی اصفهان
1396,ریاضی,6856,1972,منطقه 2,مهندسی کامپیوتر,دانشگاه قم
1396,ریاضی,6865,662,ایثارگر-5%,مهندسی برق,دانشگاه شهید بهشتی (شهیدعباسپور)
1396,ریاضی,6865,662,ایثارگر-5%,مهندسی مکانیک,دانشگاه شهید بهشتی (شهیدعباسپور)
1396,ریاضی,6865,1976,منطقه 2,علوم کامپیوتر,دانشگاه خوارزمی - تهران (محل تحصیل کرج)
1396,ریاضی,6865,1976,منطقه 2,مهندسی برق,دانشگاه بین المللی امام خمینی(ره) - قزوین
1396,ریاضی,6865,1976,منطقه 2,مهندسی معماری,دانشگاه شیراز
1396,ریاضی,6865,1976,منطقه 2,مهندسی مکانیک,دانشگاه صنعتی نوشیروانی بابل
1396,ریاضی,6865,3586,منطقه 1,مهندسی برق,دانشگاه صنعتی شیراز
1396,ریاضی,6865,3586,منطقه 1,مهندسی پلیمر,دانشگاه صنعتی اصفهان
1396,ریاضی,6874,3590,منطقه 1,مهندسی برق,دانشگاه شیراز
1396,ریاضی,6880,664,ایثارگر-5%,مهندسی برق,دانشگاه شیراز
1396,ریاضی,6880,1982,منطقه 2,مهندسی برق - بومی استان تهران,دانشگاه تربیت دبیر شهید رجایی_تهران
1396,ریاضی,6884,1983,منطقه 2,فیزیک,دانشگاه صنعتی امیرکبیر - تهران
1396,ریاضی,6892,1986,منطقه 2,مهندسی مکانیک - بومی فارس,دانشگاه تربیت دبیر شهید رجایی_تهران
1396,ریاضی,6892,1986,منطقه 2,مهندسی کامپیوتر,دانشگاه اصفهان
1396,ریاضی,6892,3599,منطقه 1,مهندسی عمران,دانشگاه غیرانتفاعی علم و فرهنگ - تهران
1396,ریاضی,6892,3599,منطقه 1,مهندسی مکانیک,دانشگاه تبریز
1396,ریاضی,6892,3599,منطقه 1,مهندسی نساجی,دانشگاه صنعتی امیرکبیر - تهران
1396,ریاضی,6899,1988,منطقه 2,ریاضیات و کاربردها,دانشگاه تهران
1396,ریاضی,6903,667,ایثارگر-5%,آموزش ابتدایی - بومی خراسان شمالی,پردیس امام جعفر صادق - بجنورد
1396,ریاضی,6903,1989,منطقه 2,مهندسی مکانیک - بومی استان اردبیل,دانشگاه تربیت دبیر شهید رجایی_تهران
1396,ریاضی,6903,1989,منطقه 2,مهندسی مکانیک - بومی فارس,دانشگاه تربیت دبیر شهید رجایی_تهران
1396,ریاضی,6903,3605,منطقه 1,شیمی کاربردی,دانشگاه الزهرا(س) - تهران
1396,ریاضی,6909,3608,منطقه 1,فیزیک,دانشگاه صنعتی خواجه نصیرالدین طوسی - تهران
1396,ریاضی,6915,499,منطقه 3,مهندسی مکانیک,دانشگاه شیراز
1396,ریاضی,6921,501,منطقه 3,مهندسی عمران - بومی گلستان,دانشگاه تربیت دبیر شهید رجایی_تهران
1396,ریاضی,6928,502,منطقه 3,مهندسی کامپیوتر - بومی استان کهکیلویه و بویر احمد,دانشگاه تربیت دبیر شهید رجایی_تهران
1396,ریاضی,6928,671,ایثارگر-5%,مهندسی پلیمر,دانشگاه صنعتی امیرکبیر - تهران
1396,ریاضی,6928,1993,منطقه 2,مهندسی مکانیک,دانشگاه بین المللی امام خمینی(ره) - قزوین
1396,ریاضی,6928,3618,منطقه 1,مهندسی عمران,دانشگاه بین المللی امام خمینی(ره) - قزوین
1396,ریاضی,6938,1995,منطقه 2,مهندسی صنایع,دانشگاه فردوسی - مشهد
1396,ریاضی,6945,3626,منطقه 1,مهندسی کامپیوتر,دانشگاه تهران (محل تحصیل فومن گیلان)
1396,ریاضی,6953,505,منطقه 3,مهندسی نفت,دانشگاه تهران (محل تحصیل فومن گیلان)
1396,ریاضی,6953,674,ایثارگر-5%,مهندسی مکانیک,دانشگاه شهید بهشتی (شهیدعباسپور)
1396,ریاضی,6953,2000,منطقه 2,مهندسی شیمی,دانشگاه اصفهان
1396,ریاضی,6953,2000,منطقه 2,مهندسی عمران,دانشگاه صنعتی نوشیروانی بابل
1396,ریاضی,6953,2000,منطقه 2,مهندسی معدن,دانشگاه تهران
1396,ریاضی,6953,3629,منطقه 1,مهندسی عمران,دانشگاه تبریز
1396,ریاضی,6962,675,ایثارگر-5%,مهندسی مواد و متالورژی,دانشگاه صنعتی امیرکبیر - تهران
1396,ریاضی,6962,2005,منطقه 2,آموزش ابتدایی - بومی استان اصفهان,پردیس شهید باهنر - اصفهان
1396,ریاضی,6962,2005,منطقه 2,مهندسی شیمی,دانشگاه اصفهان
1396,ریاضی,6962,2005,منطقه 2,مهندسی کامپیوتر,دانشگاه صنعتی نوشیروانی بابل
1396,ریاضی,6962,3631,منطقه 1,مهندسی مکانیک,دانشگاه تبریز
1396,ریاضی,6970,3635,منطقه 1,مهندسی کامپیوتر,دانشگاه صنعتی شیراز
1396,ریاضی,6977,506,منطقه 3,مهندسی عمران,دانشگاه گیلان - رشت
1396,ریاضی,6977,2011,منطقه 2,مهندسی برق,دانشگاه کاشان
1396,ریاضی,6977,2011,منطقه 2,مهندسی شیمی,دانشگاه اصفهان
1396,ریاضی,6977,2011,منطقه 2,مهندسی نفت,دانشگاه شیراز
1396,ریاضی,6977,2011,منطقه 2,مهندسی نقشه برداری,دانشگاه صنعتی خواجه نصیرالدین طوسی - تهران
1396,ریاضی,6985,2015,منطقه 2,معماری داخلی,دانشگاه هنر تهران
1396,ریاضی,6985,2015,منطقه 2,مهندسی برق,دانشگاه گیلان - رشت
1396,ریاضی,6985,3642,منطقه 1,مهندسی مواد و متالورژی,دانشگاه صنعتی اصفهان
1396,ریاضی,6991,507,منطقه 3,مهندسی برق,دانشگاه فردوسی - مشهد
1396,ریاضی,6991,3645,منطقه 1,مهندسی برق,دانشگاه تبریز
1396,ریاضی,6996,679,ایثارگر-5%,مهندسی مکانیک,دانشگاه شهید بهشتی (شهیدعباسپور)
1396,ریاضی,7001,3651,منطقه 1,ایمنی صنعتی - نیمسال اول,دانشگاه علوم پزشکی شهید بهشتی - تهران (محل تحصیل دانشکده سلامت، ایمنی و محیط زیست)
1396,ریاضی,7007,508,منطقه 3,مهندسی برق - بومی گلستان,دانشگاه تربیت دبیر شهید رجایی_تهران
1396,ریاضی,7007,508,منطقه 3,مهندسی مکانیک,دانشگاه شهید باهنر - کرمان
1396,ریاضی,7007,2019,منطقه 2,مهندسی برق,دانشگاه بین المللی امام خمینی(ره) - قزوین
1396,ریاضی,7013,682,ایثارگر-5%,مهندسی صنایع,دانشگاه صنعتی اصفهان
1396,ریاضی,7013,682,ایثارگر-5%,مهندسی عمران,دانشگاه شهید بهشتی (شهیدعباسپور)
1396,ریاضی,7024,510,منطقه 3,مهندسی برق,دانشگاه اصفهان
1396,ریاضی,7024,510,منطقه 3,مهندسی مکانیک,دانشگاه تبریز
1396,ریاضی,7036,2024,منطقه 2,مهندسی مکانیک - بومی استان کرمان,دانشگاه تربیت دبیر شهید رجایی_تهران
1396,ریاضی,7036,3666,منطقه 1,مهندسی معدن,دانشگاه صنعتی امیرکبیر - تهران
1396,ریاضی,7039,3669,منطقه 1,ریاضیات و کاربردها - بومی استان تهران,دانشگاه تربیت دبیر شهید رجایی_تهران
1396,ریاضی,7044,513,منطقه 3,مهندسی عمران - بومی خراسان جنوبی,دانشگاه تربیت دبیر شهید رجایی_تهران
1396,ریاضی,7049,687,ایثارگر-5%,مهندسی عمران,دانشگاه صنعتی نوشیروانی بابل
1396,ریاضی,7049,2026,منطقه 2,مهندسی صنایع,دانشگاه بوعلی سینا - همدان
1396,ریاضی,7049,2026,منطقه 2,مهندسی معماری,دانشگاه فردوسی - مشهد
1396,ریاضی,7055,514,منطقه 3,مهندسی کامپیوتر,دانشگاه تبریز
1396,ریاضی,7055,2029,منطقه 2,مهندسی مواد و متالورژی,دانشگاه صنعتی اصفهان
1396,ریاضی,7063,515,منطقه 3,مهندسی پلیمر,دانشگاه صنعتی امیرکبیر - تهران
1396,ریاضی,7063,2032,منطقه 2,مهندسی برق,دانشگاه اصفهان
1396,ریاضی,7072,516,منطقه 3,مهندسی عمران,دانشگاه صنعتی خواجه نصیرالدین طوسی - تهران
1396,ریاضی,7072,2036,منطقه 2,مهندسی کامپیوتر,دانشگاه تبریز
1396,ریاضی,7081,517,منطقه 3,مهندسی برق,دانشگاه شهید بهشتی (شهیدعباسپور)
1396,ریاضی,7081,2040,منطقه 2,آموزش ریاضی - بومی آذربایجان شرقی,پردیس فاطمه الزهرا (س) - تبریز
1396,ریاضی,7081,2040,منطقه 2,مهندسی مکانیک,دانشگاه شهید چمران اهواز
1396,ریاضی,7081,2040,منطقه 2,مهندسی کامپیوتر,دانشگاه صنعتی امیرکبیر - تهران - پردیس خودگردان
1396,ریاضی,7091,689,ایثارگر-5%,آموزش فیزیک - بومی گلستان,پردیس نسیبه - تهران
1396,ریاضی,7091,2044,منطقه 2,مهندسی برق,دانشگاه بین المللی امام خمینی(ره) - قزوین
1396,ریاضی,7091,3692,منطقه 1,مهندسی برق,دانشگاه اصفهان
1396,ریاضی,7091,3692,منطقه 1,مهندسی شیمی,دانشگاه اصفهان
1396,ریاضی,7099,3698,منطقه 1,مهندسی صنایع,دانشگاه فردوسی - مشهد
1396,ریاضی,7099,3698,منطقه 1,مهندسی عمران,دانشگاه اصفهان
1396,ریاضی,7104,3702,منطقه 1,مهندسی پلیمر,دانشگاه صنعتی اصفهان
1396,ریاضی,7110,521,منطقه 3,مهندسی برق - بومی خوزستان,دانشگاه تربیت دبیر شهید رجایی_تهران
1396,ریاضی,7110,2046,منطقه 2,مهندسی برق,دانشگاه اصفهان
1396,ریاضی,7110,2046,منطقه 2,مهندسی نفت,دانشگاه صنعت نفت (محل تحصیل اهواز)
1396,ریاضی,7121,2049,منطقه 2,مهندسی برق,دانشگاه شهید باهنر - کرمان
1396,ریاضی,7121,3709,منطقه 1,مهندسی برق,دانشگاه صنعتی شیراز
1396,ریاضی,7137,2053,منطقه 2,مهندسی عمران,دانشگاه صنعتی نوشیروانی بابل
1396,ریاضی,7137,3720,منطقه 1,آمار,دانشگاه تهران
1396,ریاضی,7137,3720,منطقه 1,مهندسی پلیمر,دانشگاه صنعتی امیرکبیر - تهران - پردیس خودگردان
1396,ریاضی,7145,2055,منطقه 2,مهندسی برق,دانشگاه فردوسی - مشهد
1396,ریاضی,7145,2055,منطقه 2,مهندسی مکانیک,دانشگاه بین المللی امام خمینی(ره) - قزوین
1396,ریاضی,7145,3726,منطقه 1,مهندسی برق,دانشگاه صنعتی شیراز
1396,ریاضی,7145,3726,منطقه 1,مهندسی کامپیوتر,دانشگاه فردوسی - مشهد
1396,ریاضی,7158,524,منطقه 3,مهندسی مواد و متالورژی,دانشگاه صنعتی شریف - تهران
1396,ریاضی,7158,2058,منطقه 2,مهندسی مواد و متالورژی,دانشگاه صنعتی اصفهان
1396,ریاضی,7166,2060,منطقه 2,آموزش ریاضی - بومی استان تهران,پردیس شهید چمران - تهران
1396,ریاضی,7166,2060,منطقه 2,مهندسی مکانیک,دانشگاه شهید باهنر - کرمان
1396,ریاضی,7187,698,ایثارگر-5%,مهندسی مکانیک,دانشگاه صنعتی اصفهان
1396,ریاضی,7187,2065,منطقه 2,مهندسی شیمی,دانشگاه اصفهان
1396,ریاضی,7187,2065,منطقه 2,مهندسی مکانیک,دانشگاه یزد
1396,ریاضی,7187,2065,منطقه 2,مهندسی کامپیوتر - بومی استان سمنان,دانشگاه تربیت دبیر شهید رجایی_تهران
1396,ریاضی,7187,3747,منطقه 1,مهندسی شیمی,دانشگاه اصفهان
1396,ریاضی,7198,527,منطقه 3,طراحی صنعتی,دانشگاه علم و صنعت ایران - تهران
1396,ریاضی,7198,2070,منطقه 2,مهندسی نقشه برداری,دانشگاه صنعتی خواجه نصیرالدین طوسی - تهران
1396,ریاضی,7198,2070,منطقه 2,مهندسی کامپیوتر,دانشگاه صنعتی نوشیروانی بابل
1396,ریاضی,7206,2075,منطقه 2,مهندسی خط و سازه های ریلی,دانشگاه علم و صنعت ایران - تهران
1396,ریاضی,7206,2075,منطقه 2,مهندسی مکانیک - بومی استان کرمان,دانشگاه تربیت دبیر شهید رجایی_تهران
1396,ریاضی,7206,2075,منطقه 2,مهندسی مکانیک - بومی گلستان,دانشگاه تربیت دبیر شهید رجایی_تهران
1396,ریاضی,7206,3752,منطقه 1,مهندسی شیمی,دانشگاه اصفهان
1396,ریاضی,7215,2079,منطقه 2,مهندسی صنایع,دانشگاه یزد
1396,ریاضی,7215,2079,منطقه 2,مهندسی عمران,دانشگاه اصفهان
1396,ریاضی,7215,3757,منطقه 1,مهندسی برق,دانشگاه تبریز
1396,ریاضی,7226,2084,منطقه 2,آموزش ابتدایی - بومی استان قم,پردیس حضرت معصومه - قم
1396,ریاضی,7226,2084,منطقه 2,مهندسی معماری - بومی خوزستان,دانشگاه تربیت دبیر شهید رجایی_تهران
1396,ریاضی,7226,2084,منطقه 2,مهندسی مکانیک,دانشگاه صنعتی نوشیروانی بابل
1396,ریاضی,7226,2084,منطقه 2,مهندسی نفت,دانشگاه شیراز
1396,ریاضی,7236,702,ایثارگر-5%,مهندسی معماری - بومی استان یزد,دانشگاه تربیت دبیر شهید رجایی_تهران
1396,ریاضی,7244,2091,منطقه 2,آموزش ریاضی - بومی سیستان وبلوچستان,پردیس شهید مطهری - زاهدان
1396,ریاضی,7244,2091,منطقه 2,مهندسی شیمی,دانشگاه اصفهان
1396,ریاضی,7244,2091,منطقه 2,مهندسی عمران,دانشگاه صنعتی نوشیروانی بابل
1396,ریاضی,7244,3770,منطقه 1,مهندسی ماشینهای ریلی,دانشگاه اصفهان
1396,ریاضی,7254,2096,منطقه 2,علوم کامپیوتر,دانشگاه الزهرا(س) - تهران
1396,ریاضی,7254,2096,منطقه 2,مهندسی برق - بومی آذربایجان شرقی,دانشگاه تربیت دبیر شهید رجایی_تهران
1396,ریاضی,7254,2096,منطقه 2,مهندسی شهرسازی,دانشگاه خوارزمی تهران
1396,ریاضی,7254,2096,منطقه 2,مهندسی کامپیوتر,دانشگاه شهید باهنر - کرمان
1396,ریاضی,7254,3775,منطقه 1,مهندسی شیمی,دانشگاه فردوسی - مشهد
1396,ریاضی,7254,3775,منطقه 1,مهندسی کامپیوتر,دانشگاه فردوسی - مشهد
1396,ریاضی,7263,529,منطقه 3,مهندسی کامپیوتر - بومی خوزستان,دانشگاه تربیت دبیر شهید رجایی_تهران
1396,ریاضی,7263,704,ایثارگر-5%,مهندسی برق,دانشگاه شهید بهشتی (شهیدعباسپور)
1396,ریاضی,7263,704,ایثارگر-5%,مهندسی معماری,دانشگاه صنعتی نوشیروانی بابل
1396,ریاضی,7263,2100,منطقه 2,مهندسی برق,دانشگاه صنعتی شیراز
1396,ریاضی,7263,2100,منطقه 2,مهندسی مکانیک,دانشگاه بوعلی سینا - همدان
1396,ریاضی,7263,3779,منطقه 1,مهندسی عمران,دانشگاه صنعتی قم
1396,ریاضی,7271,2102,منطقه 2,مهندسی برق,دانشگاه شهید باهنر - کرمان
1396,ریاضی,7271,3782,منطقه 1,مهندسی صنایع,دانشگاه غیرانتفاعی علم و فرهنگ - تهران
1396,ریاضی,7276,531,منطقه 3,مهندسی عمران,دانشگاه فردوسی - مشهد
1396,ریاضی,7276,2104,منطقه 2,مهندسی شیمی,دانشگاه فردوسی - مشهد
1396,ریاضی,7282,707,ایثارگر-5%,مهندسی مکانیک,دانشگاه شیراز
1396,ریاضی,7282,2106,منطقه 2,مهندسی برق,دانشگاه صنعتی نوشیروانی بابل
1396,ریاضی,7282,2106,منطقه 2,مهندسی مواد و متالورژی,دانشگاه صنعتی اصفهان
1396,ریاضی,7290,2109,منطقه 2,مهندسی صنایع,دانشگاه صنعتی قم
1396,ریاضی,7298,2115,منطقه 2,مهندسی نفت,دانشگاه صنعتی سهند - تبریز
1396,ریاضی,7305,3794,منطقه 1,مهندسی کامپیوتر,دانشگاه تبریز
1396,ریاضی,7311,2121,منطقه 2,مهندسی مواد و متالورژی,دانشگاه صنعتی اصفهان
1396,ریاضی,7311,2121,منطقه 2,مهندسی کامپیوتر,دانشگاه صنعتی نوشیروانی بابل
1396,ریاضی,7320,2125,منطقه 2,مهندسی شیمی,دانشگاه اصفهان
1396,ریاضی,7320,2125,منطقه 2,مهندسی معماری,دانشگاه یزد
1396,ریاضی,7320,3803,منطقه 1,مهندسی عمران,دانشگاه بین المللی امام خمینی(ره) - قزوین
1396,ریاضی,7328,533,منطقه 3,مهندسی کامپیوتر - بومی لرستان,دانشگاه تربیت دبیر شهید رجایی_تهران
1396,ریاضی,7328,2128,منطقه 2,مهندسی عمران,دانشگاه اصفهان
1396,ریاضی,7328,2128,منطقه 2,مهندسی مواد و متالورژی,دانشگاه صنعتی اصفهان
1396,ریاضی,7328,3806,منطقه 1,مهندسی برق,دانشگاه صنعتی قم
1396,ریاضی,7334,535,منطقه 3,مهندسی برق - بومی خوزستان,دانشگاه تربیت دبیر شهید رجایی_تهران
1396,ریاضی,7334,2132,منطقه 2,مهندسی برق,دانشگاه بین المللی امام خمینی(ره) - قزوین
1396,ریاضی,7334,2132,منطقه 2,مهندسی شهرسازی,دانشگاه هنر اصفهان
1396,ریاضی,7334,3807,منطقه 1,علوم کامپیوتر,دانشگاه شاهد - تهران
1396,ریاضی,7341,3811,منطقه 1,مهندسی صنایع,دانشگاه غیرانتفاعی علم و فرهنگ - تهران
1396,ریاضی,7347,713,ایثارگر-5%,مهندسی مکانیک,دانشگاه صنعتی اصفهان
1396,ریاضی,7361,2135,منطقه 2,مهندسی کامپیوتر,دانشگاه صنعتی نوشیروانی بابل
1396,ریاضی,7361,3823,منطقه 1,مهندسی معماری,دانشگاه تبریز
1396,ریاضی,7370,537,منطقه 3,مهندسی برق - بومی خراسان جنوبی,دانشگاه تربیت دبیر شهید رجایی_تهران
1396,ریاضی,7370,537,منطقه 3,مهندسی ماشینهای ریلی,دانشگاه علم و صنعت ایران - تهران
1396,ریاضی,7370,2139,منطقه 2,مهندسی معدن,دانشگاه تهران
1396,ریاضی,7370,2139,منطقه 2,مهندسی مواد و متالورژی,دانشگاه بین المللی امام خمینی(ره) - قزوین
1396,ریاضی,7370,3827,منطقه 1,مهندسی شیمی,دانشگاه شیراز
1396,ریاضی,7379,540,منطقه 3,مهندسی عمران,دانشگاه صنعتی اصفهان
1396,ریاضی,7379,540,منطقه 3,مهندسی کامپیوتر,دانشگاه فردوسی - مشهد
1396,ریاضی,7391,719,ایثارگر-5%,مهندسی معماری,دانشگاه صنعتی نوشیروانی بابل
1396,ریاضی,7391,3835,منطقه 1,مهندسی شهرسازی,دانشگاه فردوسی - مشهد
1396,ریاضی,7391,3835,منطقه 1,مهندسی عمران,دانشگاه تبریز
1396,ریاضی,7399,720,ایثارگر-5%,مهندسی برق,دانشگاه شهید بهشتی (شهیدعباسپور)
1396,ریاضی,7399,2146,منطقه 2,ریاضیات و کاربردها,دانشگاه صنعتی امیرکبیر - تهران
1396,ریاضی,7399,2146,منطقه 2,مهندسی برق - بومی استان البرز,دانشگاه تربیت دبیر شهید رجایی_تهران
1396,ریاضی,7399,2146,منطقه 2,مهندسی مکانیک,دانشگاه گیلان - رشت
1396,ریاضی,7407,2151,منطقه 2,مهندسی شیمی,دانشگاه یزد
1396,ریاضی,7407,2151,منطقه 2,مهندسی کامپیوتر,دانشگاه اصفهان
1396,ریاضی,7414,545,منطقه 3,آموزش ابتدایی - بومی آذربایجان غربی,پردیس علامه طباطبایی - ارومیه
1396,ریاضی,7414,3844,منطقه 1,ریاضیات و کاربردها,دانشگاه صنعتی خواجه نصیرالدین طوسی - تهران
1396,ریاضی,7430,546,منطقه 3,مهندسی برق,دانشگاه صنعتی اصفهان
1396,ریاضی,7430,546,منطقه 3,مهندسی معماری - بومی گیلان,دانشگاه تربیت دبیر شهید رجایی_تهران
1396,ریاضی,7430,3853,منطقه 1,مهندسی صنایع,دانشگاه فردوسی - مشهد
1396,ریاضی,7436,2160,منطقه 2,مهندسی عمران,دانشگاه صنعتی نوشیروانی بابل
1396,ریاضی,7436,2160,منطقه 2,مهندسی مکانیک,دانشگاه بین المللی امام خمینی(ره) - قزوین
1396,ریاضی,7441,548,منطقه 3,مهندسی برق - بومی خراسان جنوبی,دانشگاه تربیت دبیر شهید رجایی_تهران
1396,ریاضی,7441,2163,منطقه 2,مهندسی نفت,دانشگاه صنعت نفت (محل تحصیل اهواز)
1396,ریاضی,7450,549,منطقه 3,مهندسی نقشه برداری,دانشگاه تهران
1396,ریاضی,7450,2167,منطقه 2,مهندسی برق,دانشگاه بین المللی امام خمینی(ره) - قزوین
1396,ریاضی,7450,2167,منطقه 2,مهندسی برق - بومی گلستان,دانشگاه تربیت دبیر شهید رجایی_تهران
1396,ریاضی,7450,2167,منطقه 2,مهندسی عمران,دانشگاه شهید باهنر - کرمان
1396,ریاضی,7462,722,ایثارگر-5%,مهندسی مکانیک,دانشگاه شهید بهشتی (شهیدعباسپور)
1396,ریاضی,7462,2170,منطقه 2,کاردان فنی برق,دانشگاه صدا و سیمای جمهوری اسلامی ایران
1396,ریاضی,7462,3867,منطقه 1,مهندسی مواد و متالورژی,دانشگاه صنعتی اصفهان
1396,ریاضی,7470,2173,منطقه 2,آموزش فیزیک - بومی آذربایجان شرقی,پردیس شهید چمران - تهران
1396,ریاضی,7470,2173,منطقه 2,اقتصاد,دانشگاه خوارزمی تهران
1396,ریاضی,7470,2173,منطقه 2,مهندسی صنایع,دانشگاه صنعتی نوشیروانی بابل
1396,ریاضی,7476,550,منطقه 3,مهندسی برق,دانشگاه صنعت نفت (محل تحصیل اهواز)
1396,ریاضی,7476,550,منطقه 3,مهندسی مکانیک - بومی گلستان,دانشگاه تربیت دبیر شهید رجایی_تهران
1396,ریاضی,7476,2175,منطقه 2,مهندسی برق,دانشگاه اراک
1396,ریاضی,7476,2175,منطقه 2,مهندسی شیمی,دانشگاه شیراز
1396,ریاضی,7485,552,منطقه 3,مهندسی نقشه برداری,دانشگاه تهران
1396,ریاضی,7485,726,ایثارگر-5%,مهندسی مکانیک,دانشگاه شیراز
1396,ریاضی,7485,2178,منطقه 2,مهندسی عمران,دانشگاه صنعتی نوشیروانی بابل
1396,ریاضی,7485,2178,منطقه 2,مهندسی مکانیک,دانشگاه صنعتی نوشیروانی بابل
1396,ریاضی,7485,2178,منطقه 2,مهندسی مکانیک - بومی استان زنجان,دانشگاه تربیت دبیر شهید رجایی_تهران
1396,ریاضی,7492,3880,منطقه 1,آموزش ریاضی - بومی آذربایجان شرقی,پردیس فاطمه الزهرا (س) - تبریز
1396,ریاضی,7498,553,منطقه 3,آموزش ریاضی - بومی استان همدان,پردیس شهید چمران - تهران
1396,ریاضی,7507,2183,منطقه 2,مهندسی مکانیک - بومی فارس,دانشگاه تربیت دبیر شهید رجایی_تهران
1396,ریاضی,7507,2183,منطقه 2,مهندسی کامپیوتر,دانشگاه صنعتی نوشیروانی بابل
1396,ریاضی,7507,3890,منطقه 1,مهندسی برق,دانشگاه بین المللی امام خمینی(ره) - قزوین
1396,ریاضی,7507,3890,منطقه 1,مهندسی مواد و متالورژی,دانشگاه تبریز
1396,ریاضی,7517,554,منطقه 3,مهندسی مکانیک - بومی استان سمنان,دانشگاه تربیت دبیر شهید رجایی_تهران
1396,ریاضی,7517,728,ایثارگر-5%,مهندسی مکانیک,دانشگاه شهید بهشتی (شهیدعباسپور)
1396,ریاضی,7517,2188,منطقه 2,مهندسی برق,دانشگاه فردوسی - مشهد
1396,ریاضی,7525,2192,منطقه 2,آموزش ریاضی - بومی استان تهران,پردیس شهید چمران - تهران
1396,ریاضی,7525,2192,منطقه 2,مهندسی عمران - بومی استان اردبیل,دانشگاه تربیت دبیر شهید رجایی_تهران
1396,ریاضی,7525,2192,منطقه 2,مهندسی کامپیوتر,دانشگاه فردوسی - مشهد
1396,ریاضی,7525,3896,منطقه 1,علوم کامپیوتر,دانشگاه اصفهان
1396,ریاضی,7532,556,منطقه 3,مهندسی عمران,دانشگاه شهید بهشتی (شهیدعباسپور)
1396,ریاضی,7532,556,منطقه 3,مهندسی معماری,دانشگاه علم و صنعت ایران - تهران
1396,ریاضی,7532,2195,منطقه 2,مهندسی پزشکی,دانشگاه اصفهان
1396,ریاضی,7532,2195,منطقه 2,مهندسی کامپیوتر,دانشگاه بوعلی سینا - همدان
1396,ریاضی,7532,3898,منطقه 1,مهندسی مکانیک,دانشگاه بین المللی امام خمینی(ره) - قزوین
1396,ریاضی,7539,3901,منطقه 1,مهندسی مکانیک,دانشگاه غیرانتفاعی علم و فرهنگ - تهران
1396,ریاضی,7547,558,منطقه 3,مهندسی هوا فضا,دانشگاه صنعتی خواجه نصیرالدین طوسی - تهران
1396,ریاضی,7547,730,ایثارگر-5%,آموزش ابتدایی - بومی استان یزد,پردیس فاطمه الزهرا (س) - یزد
1396,ریاضی,7547,2200,منطقه 2,مهندسی مکانیک,دانشگاه تبریز
1396,ریاضی,7547,3906,منطقه 1,آمار,دانشگاه شهید بهشتی - تهران
1396,ریاضی,7547,3906,منطقه 1,مهندسی مکانیک,دانشگاه کاشان
1396,ریاضی,7557,559,منطقه 3,مهندسی برق,دانشگاه شیراز
1396,ریاضی,7557,731,ایثارگر-5%,مهندسی خط و سازه های ریلی,دانشگاه علم و صنعت ایران - تهران
1396,ریاضی,7557,2204,منطقه 2,مهندسی برق,دانشگاه شهید باهنر - کرمان
1396,ریاضی,7557,2204,منطقه 2,مهندسی کامپیوتر,دانشگاه یزد
1396,ریاضی,7567,2208,منطقه 2,مهندسی معدن,دانشگاه صنعتی امیرکبیر - تهران
1396,ریاضی,7567,2208,منطقه 2,مهندسی کامپیوتر,دانشگاه صنعتی شیراز
1396,ریاضی,7567,3914,منطقه 1,آموزش فیزیک - بومی آذربایجان شرقی,پردیس شهید چمران - تهران
1396,ریاضی,7567,3914,منطقه 1,مهندسی کامپیوتر,دانشگاه صنعتی شیراز
1396,ریاضی,7576,2212,منطقه 2,آموزش ابتدایی - بومی استان یزد,پردیس فاطمه الزهرا (س) - یزد
1396,ریاضی,7576,3917,منطقه 1,مهندسی عمران,دانشگاه تبریز
1396,ریاضی,7582,2216,منطقه 2,فیزیک,دانشگاه صنعتی امیرکبیر - تهران
1396,ریاضی,7582,2216,منطقه 2,مهندسی عمران,دانشگاه شهید باهنر - کرمان
1396,ریاضی,7582,3919,منطقه 1,مهندسی مکانیک,دانشگاه تبریز
1396,ریاضی,7586,2218,منطقه 2,مهندسی نقشه برداری,دانشگاه صنعتی خواجه نصیرالدین طوسی - تهران
1396,ریاضی,7592,2219,منطقه 2,مهندسی خط و سازه های ریلی,دانشگاه علم و صنعت ایران - تهران
1396,ریاضی,7592,2219,منطقه 2,مهندسی معماری,دانشگاه یزد
1396,ریاضی,7599,561,منطقه 3,مهندسی عمران,دانشگاه شهید بهشتی (شهیدعباسپور)
1396,ریاضی,7603,562,منطقه 3,آموزش فیزیک - بومی فارس,پردیس شهید رجایی - شیراز
1396,ریاضی,7603,562,منطقه 3,مهندسی برق,دانشگاه شهید بهشتی (شهیدعباسپور)
1396,ریاضی,7603,2222,منطقه 2,مهندسی برق,دانشگاه تبریز
1396,ریاضی,7607,2223,منطقه 2,مهندسی شهرسازی,دانشگاه فردوسی - مشهد
1396,ریاضی,7607,3931,منطقه 1,مدیریت صنعتی,دانشگاه فردوسی - مشهد
1396,ریاضی,7614,2226,منطقه 2,مهندسی عمران,دانشگاه اصفهان
1396,ریاضی,7614,2226,منطقه 2,مهندسی مکانیک - بومی استان بوشهر,دانشگاه شیراز
1396,ریاضی,7614,3933,منطقه 1,مهندسی مکانیک,دانشگاه بین المللی امام خمینی(ره) - قزوین
1396,ریاضی,7623,2230,منطقه 2,مهندسی برق,دانشگاه بین المللی امام خمینی(ره) - قزوین
1396,ریاضی,7623,2230,منطقه 2,مهندسی برق,دانشگاه یزد
1396,ریاضی,7623,2230,منطقه 2,مهندسی مکانیک,دانشگاه کاشان
1396,ریاضی,7623,2230,منطقه 2,مهندسی مکانیک,دانشگاه گیلان - رشت
1396,ریاضی,7623,3936,منطقه 1,ریاضیات و کاربردها,دانشگاه صنعتی خواجه نصیرالدین طوسی - تهران
1396,ریاضی,7638,565,منطقه 3,دکترای پیوسته فیزیک,مرکز تحصیلات تکمیلی در علوم پایه زنجان
1396,ریاضی,7638,2235,منطقه 2,مهندسی معماری,دانشگاه بین المللی امام خمینی(ره) - قزوین
1396,ریاضی,7638,2235,منطقه 2,مهندسی پلیمر,دانشگاه صنعتی اصفهان
1396,ریاضی,7645,740,ایثارگر-5%,مهندسی پلیمر,دانشگاه صنعتی امیرکبیر - تهران - پردیس خودگردان
1396,ریاضی,7645,2237,منطقه 2,مهندسی پلیمر,دانشگاه صنعتی اصفهان
1396,ریاضی,7650,567,منطقه 3,مهندسی نفت,دانشگاه صنعت نفت (محل تحصیل اهواز)
1396,ریاضی,7650,741,ایثارگر-5%,مهندسی مکانیک,دانشگاه خوارزمی - تهران (محل تحصیل کرج)
1396,ریاضی,7650,741,ایثارگر-5%,مهندسی کامپیوتر,دانشگاه صنعتی اصفهان
1396,ریاضی,7650,2238,منطقه 2,مهندسی مکانیک,دانشگاه بوعلی سینا - همدان
1396,ریاضی,7664,568,منطقه 3,مهندسی کامپیوتر - بومی خوزستان,دانشگاه تربیت دبیر شهید رجایی_تهران
1396,ریاضی,7664,3954,منطقه 1,مهندسی مواد و متالورژی,دانشگاه صنعتی خواجه نصیرالدین طوسی - تهران
1396,ریاضی,7672,2246,منطقه 2,مهندسی حمل و نقل ریلی,دانشگاه علم و صنعت ایران - تهران
1396,ریاضی,7672,2246,منطقه 2,مهندسی شیمی,دانشگاه صنعتی نوشیروانی بابل
1396,ریاضی,7672,2246,منطقه 2,مهندسی مکانیک,دانشگاه بوعلی سینا - همدان
1396,ریاضی,7672,2246,منطقه 2,مهندسی مکانیک,دانشگاه گیلان - رشت
1396,ریاضی,7672,3957,منطقه 1,مهندسی مکانیک,دانشگاه فردوسی - مشهد
1396,ریاضی,7680,570,منطقه 3,مهندسی انرژی,دانشگاه صنعتی امیرکبیر - تهران
1396,ریاضی,7686,745,ایثارگر-5%,مهندسی برق,دانشگاه صنعت نفت (محل تحصیل اهواز)
1396,ریاضی,7693,571,منطقه 3,مهندسی معماری - بومی استان اردبیل,دانشگاه تربیت دبیر شهید رجایی_تهران
1396,ریاضی,7693,3965,منطقه 1,مهندسی شهرسازی,دانشگاه فردوسی - مشهد
1396,ریاضی,7693,3965,منطقه 1,مهندسی شهرسازی,دانشگاه هنر اصفهان
1396,ریاضی,7702,2259,منطقه 2,آموزش ابتدایی - بومی استان قم,پردیس حضرت معصومه - قم
1396,ریاضی,7702,2259,منطقه 2,آموزش ریاضی - بومی استان سمنان,پردیس نسیبه - تهران
1396,ریاضی,7702,2259,منطقه 2,مهندسی شیمی,دانشگاه شیراز
1396,ریاضی,7711,572,منطقه 3,آموزش ریاضی - بومی خراسان شمالی,پردیس آیت الله خامنه ای - گرگان
1396,ریاضی,7722,749,ایثارگر-5%,مهندسی مکانیک,دانشگاه صنعتی اصفهان
1396,ریاضی,7722,2265,منطقه 2,مهندسی صنایع,دانشگاه تهران (محل تحصیل فومن گیلان)
1396,ریاضی,7732,575,منطقه 3,مهندسی هوا فضا,دانشگاه صنعتی خواجه نصیرالدین طوسی - تهران
1396,ریاضی,7732,2269,منطقه 2,مهندسی برق,دانشگاه صنعتی نوشیروانی بابل
1396,ریاضی,7732,2269,منطقه 2,مهندسی شیمی,دانشگاه شیراز
1396,ریاضی,7732,2269,منطقه 2,مهندسی شیمی,دانشگاه فردوسی - مشهد
1396,ریاضی,7732,3983,منطقه 1,ریاضیات و کاربردها,دانشگاه صنعتی اصفهان
1396,ریاضی,7740,750,ایثارگر-5%,مهندسی کامپیوتر,دانشگاه صنعتی اصفهان
1396,ریاضی,7740,2272,منطقه 2,مهندسی کامپیوتر - بومی استان البرز,دانشگاه تربیت دبیر شهید رجایی_تهران
1396,ریاضی,7746,576,منطقه 3,مهندسی مواد و متالورژی,دانشگاه صنعتی شریف - تهران
1396,ریاضی,7746,752,ایثارگر-5%,مهندسی مکانیک,دانشگاه فردوسی - مشهد
1396,ریاضی,7746,2274,منطقه 2,مهندسی مواد و متالورژی,دانشگاه شیراز
1396,ریاضی,7746,2274,منطقه 2,مهندسی پلیمر,دانشگاه فردوسی - مشهد
1396,ریاضی,7751,2276,منطقه 2,مهندسی مکانیک,دانشگاه گیلان - رشت
1396,ریاضی,7756,577,منطقه 3,آموزش ریاضی - بومی استان همدان,پردیس شهید چمران - تهران
1396,ریاضی,7756,577,منطقه 3,مهندسی معماری,دانشگاه خوارزمی تهران
1396,ریاضی,7756,2278,منطقه 2,مهندسی برق,دانشگاه گیلان - رشت
1396,ریاضی,7756,2278,منطقه 2,مهندسی کامپیوتر,دانشگاه بوعلی سینا - همدان
1396,ریاضی,7763,754,ایثارگر-5%,مهندسی برق,دانشگاه شیراز
1396,ریاضی,7763,2281,منطقه 2,مهندسی برق,دانشگاه صنعتی جندی شاپور - دزفول
1396,ریاضی,7763,2281,منطقه 2,مهندسی حمل و نقل ریلی,دانشگاه علم و صنعت ایران - تهران
1396,ریاضی,7763,2281,منطقه 2,مهندسی عمران,دانشگاه صنعتی امیرکبیر - تهران - پردیس خودگردان
1396,ریاضی,7770,755,ایثارگر-5%,مهندسی مکانیک,دانشگاه صنعتی اصفهان
1396,ریاضی,7770,2284,منطقه 2,مهندسی شهرسازی,دانشگاه هنر تهران
1396,ریاضی,7770,2284,منطقه 2,مهندسی عمران,دانشگاه گیلان - رشت
1396,ریاضی,7779,581,منطقه 3,مهندسی مکانیک,دانشگاه گیلان - رشت
1396,ریاضی,7779,2287,منطقه 2,آموزش فیزیک - بومی فارس,پردیس شهید رجایی - شیراز
1396,ریاضی,7779,3998,منطقه 1,مهندسی برق,دانشگاه بین المللی امام خمینی(ره) - قزوین
1396,ریاضی,7779,3998,منطقه 1,مهندسی صنایع,دانشگاه تبریز
1396,ریاضی,7787,582,منطقه 3,مهندسی برق,دانشگاه صنعتی اصفهان
1396,ریاضی,7787,582,منطقه 3,مهندسی مواد و متالورژی,دانشگاه تهران
1396,ریاضی,7787,2290,منطقه 2,مهندسی صنایع,دانشگاه ارومیه
1396,ریاضی,7795,759,ایثارگر-5%,مهندسی مکانیک,دانشگاه شهید باهنر - کرمان
1396,ریاضی,7795,759,ایثارگر-5%,مهندسی کامپیوتر,دانشگاه شیراز
1396,ریاضی,7803,584,منطقه 3,مهندسی عمران,دانشگاه یزد
1396,ریاضی,7803,762,ایثارگر-5%,مهندسی کامپیوتر,دانشگاه خوارزمی - تهران (محل تحصیل کرج)
1396,ریاضی,7803,2294,منطقه 2,آموزش ابتدایی - بومی استان اصفهان,پردیس فاطمه الزهرا (س) - اصفهان
1396,ریاضی,7803,2294,منطقه 2,مهندسی برق,دانشگاه تبریز
1396,ریاضی,7803,2294,منطقه 2,مهندسی مکانیک,دانشگاه تبریز
1396,ریاضی,7814,2298,منطقه 2,مهندسی برق,دانشگاه اصفهان
1396,ریاضی,7814,2298,منطقه 2,مهندسی برق,دانشگاه شهید باهنر - کرمان
1396,ریاضی,7814,4011,منطقه 1,مهندسی کامپیوتر,دانشگاه یزد
1396,ریاضی,7822,765,ایثارگر-5%,مهندسی کامپیوتر,دانشگاه صنعتی اصفهان
1396,ریاضی,7822,4015,منطقه 1,حسابداری,دانشگاه غیرانتفاعی علم و فرهنگ - تهران
1396,ریاضی,7828,585,منطقه 3,مهندسی عمران,دانشگاه صنعتی خواجه نصیرالدین طوسی - تهران
1396,ریاضی,7828,2301,منطقه 2,مهندسی مکانیک,دانشگاه کاشان
1396,ریاضی,7828,2301,منطقه 2,مهندسی نفت,دانشگاه شیراز
1396,ریاضی,7837,2303,منطقه 2,مهندسی مکانیک,دانشگاه کاشان
1396,ریاضی,7837,2303,منطقه 2,مهندسی نفت,دانشگاه صنعت نفت (محل تحصیل اهواز)
1396,ریاضی,7837,4024,منطقه 1,مهندسی عمران,دانشگاه بین المللی امام خمینی(ره) - قزوین
1396,ریاضی,7844,4030,منطقه 1,ایمنی صنعتی - نیمسال دوم,دانشگاه علوم پزشکی شهید بهشتی - تهران (محل تحصیل دانشکده سلامت، ایمنی و محیط زیست)
1396,ریاضی,7855,588,منطقه 3,مهندسی برق,دانشگاه تبریز
1396,ریاضی,7855,2306,منطقه 2,مهندسی برق,دانشگاه صنعتی نوشیروانی بابل
1396,ریاضی,7855,2306,منطقه 2,مهندسی عمران,دانشگاه شهید چمران اهواز
1396,ریاضی,7855,2306,منطقه 2,مهندسی مکانیک,دانشگاه بوعلی سینا - همدان
1396,ریاضی,7855,4037,منطقه 1,مهندسی مواد و متالورژی,دانشگاه بین المللی امام خمینی(ره) - قزوین
1396,ریاضی,7866,591,منطقه 3,مهندسی نفت,دانشگاه شیراز
1396,ریاضی,7876,766,ایثارگر-5%,آموزش ریاضی - بومی استان کرمان,پردیس شهید باهنر - کرمان
1396,ریاضی,7876,2314,منطقه 2,فیزیک,دانشگاه صنعتی امیرکبیر - تهران
1396,ریاضی,7876,2314,منطقه 2,مهندسی معماری,دانشگاه بین المللی امام خمینی(ره) - قزوین
1396,ریاضی,7886,593,منطقه 3,مهندسی صنایع,دانشگاه تبریز
1396,ریاضی,7886,2318,منطقه 2,مهندسی عمران,دانشگاه بین المللی امام خمینی(ره) - قزوین
1396,ریاضی,7899,594,منطقه 3,مهندسی نفت,دانشگاه صنعت نفت (محل تحصیل اهواز)
1396,ریاضی,7899,2321,منطقه 2,مهندسی کامپیوتر,دانشگاه صنعتی نوشیروانی بابل
1396,ریاضی,7899,4057,منطقه 1,مهندسی برق,دانشگاه صنعتی شیراز
1396,ریاضی,7899,4057,منطقه 1,مهندسی کامپیوتر,دانشگاه تهران (محل تحصیل فومن گیلان)
1396,ریاضی,7910,2323,منطقه 2,مهندسی کامپیوتر,دانشگاه کاشان
1396,ریاضی,7910,4065,منطقه 1,مهندسی برق,دانشگاه کاشان
1396,ریاضی,7918,596,منطقه 3,مهندسی نقشه برداری,دانشگاه تهران
1396,ریاضی,7918,768,ایثارگر-5%,مهندسی برق,دانشگاه صنعتی اصفهان
1396,ریاضی,7918,2327,منطقه 2,مهندسی برق,دانشگاه یزد
1396,ریاضی,7918,2327,منطقه 2,مهندسی مکانیک,دانشگاه کاشان
1396,ریاضی,7926,4071,منطقه 1,ریاضیات و کاربردها,دانشگاه صنعتی خواجه نصیرالدین طوسی - تهران
1396,ریاضی,7926,4071,منطقه 1,مهندسی شیمی,دانشگاه شیراز
1396,ریاضی,7934,597,منطقه 3,آموزش ابتدایی - بومی خراسان شمالی,پردیس امام جعفر صادق - بجنورد
1396,ریاضی,7934,769,ایثارگر-5%,مهندسی مکانیک,دانشگاه صنعتی اصفهان
1396,ریاضی,7934,2335,منطقه 2,ریاضیات و کاربردها,دانشگاه صنعتی امیرکبیر - تهران
1396,ریاضی,7934,2335,منطقه 2,ریاضیات و کاربردها,دانشگاه صنعتی خواجه نصیرالدین طوسی - تهران
1396,ریاضی,7943,598,منطقه 3,مهندسی مکانیک,دانشگاه گیلان - رشت
1396,ریاضی,7943,2338,منطقه 2,مهندسی برق,دانشگاه یزد
1396,ریاضی,7943,4079,منطقه 1,مهندسی برق,دانشگاه بین المللی امام خمینی(ره) - قزوین
1396,ریاضی,7943,4079,منطقه 1,مهندسی مکانیک,دانشگاه بین المللی امام خمینی(ره) - قزوین
1396,ریاضی,7954,772,ایثارگر-5%,مهندسی برق,دانشگاه شهید بهشتی (شهیدعباسپور)
1396,ریاضی,7954,2340,منطقه 2,مهندسی عمران,دانشگاه یزد
1396,ریاضی,7954,2340,منطقه 2,مهندسی کامپیوتر - بومی گلستان,دانشگاه تربیت دبیر شهید رجایی_تهران
1396,ریاضی,7965,2343,منطقه 2,مهندسی شیمی,دانشگاه شیراز
1396,ریاضی,7965,2343,منطقه 2,مهندسی صنایع,دانشگاه کاشان
1396,ریاضی,7965,4089,منطقه 1,مهندسی شیمی,دانشگاه صنعتی امیرکبیر - تهران - پردیس خودگردان
1396,ریاضی,7975,600,منطقه 3,آموزش ریاضی - بومی استان همدان,پردیس شهید چمران - تهران
1396,ریاضی,7975,2347,منطقه 2,مهندسی معماری,دانشگاه شهید باهنر - کرمان
1396,ریاضی,7975,4095,منطقه 1,مهندسی مکانیک,دانشگاه صنعتی نوشیروانی بابل
1396,ریاضی,7985,2351,منطقه 2,مهندسی مواد و متالورژی,دانشگاه صنعتی اصفهان
1396,ریاضی,7985,2351,منطقه 2,مهندسی نفت,دانشگاه فردوسی - مشهد
1396,ریاضی,7985,2351,منطقه 2,مهندسی کامپیوتر,دانشگاه اصفهان
1396,ریاضی,7985,2351,منطقه 2,مهندسی کامپیوتر,دانشگاه کاشان
1396,ریاضی,7994,2357,منطقه 2,مهندسی برق,دانشگاه گیلان - رشت
1396,ریاضی,7994,2357,منطقه 2,مهندسی شهرسازی,دانشگاه هنر اصفهان
1396,ریاضی,7994,2357,منطقه 2,مهندسی صنایع,دانشگاه یزد
1396,ریاضی,7994,2357,منطقه 2,مهندسی عمران,دانشگاه یزد
1396,ریاضی,7994,2357,منطقه 2,مهندسی کامپیوتر,دانشگاه صنعتی قم
1396,ریاضی,8001,776,ایثارگر-5%,مهندسی صنایع,دانشگاه صنعتی اصفهان
1396,ریاضی,8001,776,ایثارگر-5%,مهندسی هوا فضا,دانشگاه صنعتی خواجه نصیرالدین طوسی - تهران
1396,ریاضی,8001,4104,منطقه 1,ریاضیات و کاربردها - بومی استان تهران,دانشگاه تربیت دبیر شهید رجایی_تهران
1396,ریاضی,8008,2362,منطقه 2,مهندسی معماری - بومی لرستان,دانشگاه تربیت دبیر شهید رجایی_تهران
1396,ریاضی,8008,4108,منطقه 1,مهندسی برق,دانشگاه صنعتی شیراز
1396,ریاضی,8008,4108,منطقه 1,مهندسی صنایع,دانشگاه تهران (محل تحصیل فومن گیلان)
1396,ریاضی,8015,779,ایثارگر-5%,مهندسی برق,دانشگاه صنعت نفت (محل تحصیل اهواز)
1396,ریاضی,8015,2364,منطقه 2,مهندسی مکانیک,دانشگاه یزد
1396,ریاضی,8030,2368,منطقه 2,مهندسی برق,دانشگاه بین المللی امام خمینی(ره) - قزوین
1396,ریاضی,8030,4121,منطقه 1,مهندسی مکانیک,دانشگاه یزد
1396,ریاضی,8041,603,منطقه 3,مهندسی دریا,دانشگاه صنعتی شریف - تهران
1396,ریاضی,8041,4128,منطقه 1,مهندسی شیمی,دانشگاه شیراز
1396,ریاضی,8041,4128,منطقه 1,مهندسی مواد و متالورژی,دانشگاه فردوسی - مشهد
1396,ریاضی,8050,604,منطقه 3,مهندسی برق,دانشگاه صنعتی اصفهان
1396,ریاضی,8050,604,منطقه 3,مهندسی نفت,دانشگاه صنعت نفت (محل تحصیل اهواز)
1396,ریاضی,8050,2374,منطقه 2,علوم کامپیوتر,دانشگاه خوارزمی - تهران (محل تحصیل کرج)
1396,ریاضی,8050,2374,منطقه 2,مهندسی عمران,دانشگاه قم
1396,ریاضی,8057,2377,منطقه 2,مهندسی نفت,دانشگاه شیراز
1396,ریاضی,8062,2380,منطقه 2,مهندسی عمران,دانشگاه صنعتی نوشیروانی بابل
1396,ریاضی,8062,2380,منطقه 2,مهندسی مکانیک,دانشگاه بوعلی سینا - همدان
1396,ریاضی,8067,4138,منطقه 1,مهندسی شیمی,دانشگاه شیراز
1396,ریاضی,8072,4141,منطقه 1,مهندسی خط و سازه های ریلی,دانشگاه اصفهان
1396,ریاضی,8080,607,منطقه 3,مهندسی برق,دانشگاه فردوسی - مشهد
1396,ریاضی,8080,4145,منطقه 1,معماری داخلی,دانشگاه غیرانتفاعی علم و فرهنگ - تهران
1396,ریاضی,8089,783,ایثارگر-5%,روانشناسی,دانشگاه تهران
1396,ریاضی,8089,783,ایثارگر-5%,مهندسی برق,دانشگاه صنعتی اصفهان
1396,ریاضی,8089,2389,منطقه 2,مهندسی برق,دانشگاه صنعتی شیراز
1396,ریاضی,8089,2389,منطقه 2,مهندسی عمران,دانشگاه یزد
1396,ریاضی,8089,2389,منطقه 2,مهندسی مکانیک,دانشگاه تبریز
1396,ریاضی,8100,2394,منطقه 2,ایمنی صنعتی - نیمسال اول,دانشگاه علوم پزشکی شهید بهشتی - تهران (محل تحصیل دانشکده سلامت، ایمنی و محیط زیست)
1396,ریاضی,8110,610,منطقه 3,علوم کامپیوتر,دانشگاه شهید بهشتی - تهران
1396,ریاضی,8110,2398,منطقه 2,مهندسی برق,دانشگاه صنعتی اراک
1396,ریاضی,8110,2398,منطقه 2,مهندسی کامپیوتر,دانشگاه کاشان
1396,ریاضی,8125,2403,منطقه 2,حسابداری,دانشگاه تهران (محل تحصیل قم)
1396,ریاضی,8125,2403,منطقه 2,مهندسی صنایع,دانشگاه صنعتی نوشیروانی بابل
1396,ریاضی,8125,4162,منطقه 1,مهندسی برق,دانشگاه صنعتی شیراز
1396,ریاضی,8138,2407,منطقه 2,مهندسی عمران - بومی گیلان,دانشگاه تربیت دبیر شهید رجایی_تهران
1396,ریاضی,8138,4170,منطقه 1,مهندسی عمران,دانشگاه تبریز
1396,ریاضی,8146,4176,منطقه 1,مهندسی برق,دانشگاه فردوسی - مشهد
1396,ریاضی,8152,613,منطقه 3,مهندسی مواد و متالورژی,دانشگاه صنعتی امیرکبیر - تهران
1396,ریاضی,8152,2411,منطقه 2,آمار,دانشگاه تهران
1396,ریاضی,8152,2411,منطقه 2,آموزش فیزیک - بومی کردستان,پردیس شهید چمران - تهران
1396,ریاضی,8161,614,منطقه 3,مهندسی پزشکی,دانشگاه تبریز
1396,ریاضی,8161,789,ایثارگر-5%,مهندسی معماری,دانشگاه گیلان - رشت
1396,ریاضی,8161,2415,منطقه 2,مهندسی برق,دانشگاه تبریز
1396,ریاضی,8161,2415,منطقه 2,مهندسی عمران,دانشگاه گیلان - رشت
1396,ریاضی,8161,2415,منطقه 2,مهندسی معدن,دانشگاه صنعتی امیرکبیر - تهران
1396,ریاضی,8161,2415,منطقه 2,مهندسی کامپیوتر,دانشگاه بوعلی سینا - همدان
1396,ریاضی,8161,4181,منطقه 1,مهندسی برق,دانشگاه تبریز
1396,ریاضی,8171,615,منطقه 3,آموزش ریاضی - بومی استان کرمانشاه,پردیس علامه امینی - تبریز
1396,ریاضی,8171,615,منطقه 3,مهندسی برق - بومی گلستان,دانشگاه تربیت دبیر شهید رجایی_تهران
1396,ریاضی,8171,2420,منطقه 2,مهندسی برق,دانشگاه صنعتی شیراز
1396,ریاضی,8171,2420,منطقه 2,مهندسی معماری,دانشگاه صنعتی نوشیروانی بابل
1396,ریاضی,8171,4184,منطقه 1,مهندسی پزشکی,دانشگاه تبریز
1396,ریاضی,8181,793,ایثارگر-5%,مهندسی مواد و متالورژی,دانشگاه تهران
1396,ریاضی,8181,2423,منطقه 2,آموزش فیزیک - بومی خراسان رضوی,پردیس شهید چمران - تهران
1396,ریاضی,8189,620,منطقه 3,مهندسی برق,دانشگاه شیراز
1396,ریاضی,8189,795,ایثارگر-5%,آموزش ریاضی - بومی استان قزوین,پردیس نسیبه - تهران
1396,ریاضی,8189,2425,منطقه 2,مهندسی مکانیک,دانشگاه گیلان - رشت
1396,ریاضی,8203,2429,منطقه 2,مهندسی برق,دانشگاه بین المللی امام خمینی(ره) - قزوین
1396,ریاضی,8209,622,منطقه 3,مهندسی پزشکی,دانشگاه اصفهان
1396,ریاضی,8209,2432,منطقه 2,آموزش ریاضی - بومی فارس,پردیس شهید رجایی - شیراز
1396,ریاضی,8227,2436,منطقه 2,مهندسی خط و سازه های ریلی,دانشگاه علم و صنعت ایران - تهران
1396,ریاضی,8227,2436,منطقه 2,مهندسی عمران,دانشگاه تبریز
1396,ریاضی,8227,2436,منطقه 2,مهندسی مکانیک,دانشگاه صنعتی نوشیروانی بابل
1396,ریاضی,8235,2439,منطقه 2,مهندسی برق,دانشگاه بین المللی امام خمینی(ره) - قزوین
1396,ریاضی,8235,2439,منطقه 2,مهندسی نفت,دانشگاه شیراز
1396,ریاضی,8235,4210,منطقه 1,ریاضیات و کاربردها,دانشگاه الزهرا(س) - تهران
1396,ریاضی,8243,625,منطقه 3,مهندسی برق,دانشگاه صنعتی اصفهان
1396,ریاضی,8243,2441,منطقه 2,مهندسی ماشینهای ریلی,دانشگاه علم و صنعت ایران - تهران
1396,ریاضی,8243,4214,منطقه 1,مهندسی برق,دانشگاه بین المللی امام خمینی(ره) - قزوین
1396,ریاضی,8254,627,منطقه 3,مهندسی مکانیک,دانشگاه شهید بهشتی (شهیدعباسپور)
1396,ریاضی,8254,2443,منطقه 2,مهندسی عمران,دانشگاه صنعتی نوشیروانی بابل
1396,ریاضی,8254,2443,منطقه 2,مهندسی نقشه برداری,دانشگاه اصفهان
1396,ریاضی,8254,4219,منطقه 1,مهندسی مکانیک,دانشگاه قم
1396,ریاضی,8262,4222,منطقه 1,زبان و ادبیات انگلیسی,دانشگاه تبریز
1396,ریاضی,8267,805,ایثارگر-5%,مهندسی عمران,دانشگاه شیراز
1396,ریاضی,8267,2447,منطقه 2,مهندسی مکانیک,دانشگاه صنعتی نوشیروانی بابل
1396,ریاضی,8277,629,منطقه 3,مهندسی برق,دانشگاه فردوسی - مشهد
1396,ریاضی,8283,631,منطقه 3,مهندسی شیمی,دانشگاه صنعتی اصفهان
1396,ریاضی,8283,809,ایثارگر-5%,آموزش ابتدایی - بومی فارس,پردیس شهید رجایی - شیراز
1396,ریاضی,8283,2450,منطقه 2,مهندسی معماری,دانشگاه یزد
1396,ریاضی,8290,810,ایثارگر-5%,مهندسی نفت,دانشگاه صنعت نفت (محل تحصیل اهواز)
1396,ریاضی,8290,2452,منطقه 2,مهندسی نفت,دانشگاه صنعت نفت (محل تحصیل آبادان)
1396,ریاضی,8290,4232,منطقه 1,مهندسی برق,دانشگاه بین المللی امام خمینی(ره) - قزوین
1396,ریاضی,8290,4232,منطقه 1,مهندسی شیمی,دانشگاه صنعتی امیرکبیر - تهران - پردیس خودگردان
1396,ریاضی,8297,634,منطقه 3,مهندسی پزشکی,دانشگاه صنعتی سهند - تبریز
1396,ریاضی,8297,2455,منطقه 2,مهندسی معماری,دانشگاه گیلان - رشت
1396,ریاضی,8305,635,منطقه 3,مهندسی برق,دانشگاه فردوسی - مشهد
1396,ریاضی,8312,4241,منطقه 1,مهندسی برق,دانشگاه بین المللی امام خمینی(ره) - قزوین
1396,ریاضی,8317,637,منطقه 3,مهندسی کامپیوتر,دانشگاه الزهرا(س) - تهران
1396,ریاضی,8323,639,منطقه 3,مهندسی عمران,دانشگاه تبریز
1396,ریاضی,8323,4246,منطقه 1,آمار,دانشگاه شهید بهشتی - تهران
1396,ریاضی,8327,814,ایثارگر-5%,مهندسی عمران,دانشگاه گیلان - رشت
1396,ریاضی,8335,642,منطقه 3,مهندسی عمران,دانشگاه تبریز
1396,ریاضی,8335,642,منطقه 3,مهندسی معماری,دانشگاه فردوسی - مشهد
1396,ریاضی,8335,642,منطقه 3,مهندسی مکانیک - بومی گلستان,دانشگاه تربیت دبیر شهید رجایی_تهران
1396,ریاضی,8335,2463,منطقه 2,مهندسی مواد و متالورژی,دانشگاه فردوسی - مشهد
1396,ریاضی,8343,816,ایثارگر-5%,مهندسی نقشه برداری,دانشگاه تهران
1396,ریاضی,8343,2465,منطقه 2,فیزیک,دانشگاه خوارزمی - تهران (محل تحصیل کرج)
1396,ریاضی,8343,2465,منطقه 2,مهندسی کامپیوتر,دانشگاه صنعتی نوشیروانی بابل
1396,ریاضی,8349,2469,منطقه 2,آموزش فیزیک - بومی فارس,پردیس شهید رجایی - شیراز
1396,ریاضی,8349,2469,منطقه 2,مهندسی عمران,دانشگاه محقق اردبیلی - اردبیل
1396,ریاضی,8349,2469,منطقه 2,مهندسی معماری,دانشگاه یزد
1396,ریاضی,8358,2475,منطقه 2,مهندسی برق,دانشگاه کاشان
1396,ریاضی,8358,2475,منطقه 2,مهندسی مکانیک,دانشگاه صنعتی نوشیروانی بابل
1396,ریاضی,8358,2475,منطقه 2,مهندسی نفت,دانشگاه تهران (محل تحصیل فومن گیلان)
1396,ریاضی,8358,2475,منطقه 2,مهندسی کامپیوتر - بومی مرکزی,دانشگاه تربیت دبیر شهید رجایی_تهران
1396,ریاضی,8366,2480,منطقه 2,ایمنی صنعتی - نیمسال اول,دانشگاه علوم پزشکی شهید بهشتی - تهران (محل تحصیل دانشکده سلامت، ایمنی و محیط زیست)
1396,ریاضی,8366,2480,منطقه 2,مهندسی کامپیوتر,دانشگاه کاشان
1396,ریاضی,8375,646,منطقه 3,مهندسی شیمی,دانشگاه صنعتی اصفهان
1396,ریاضی,8375,818,ایثارگر-5%,مهندسی برق,دانشگاه تبریز
1396,ریاضی,8375,2482,منطقه 2,مهندسی برق,دانشگاه تبریز
1396,ریاضی,8375,2482,منطقه 2,مهندسی مکانیک - بومی استان چهارمحال وبختیاری,دانشگاه اصفهان
1396,ریاضی,8375,4264,منطقه 1,مهندسی عمران,دانشگاه صنعتی نوشیروانی بابل
1396,ریاضی,8375,4264,منطقه 1,مهندسی مکانیک,دانشگاه فردوسی - مشهد
1396,ریاضی,8384,2485,منطقه 2,مهندسی برق,دانشگاه تبریز
1396,ریاضی,8384,2485,منطقه 2,مهندسی عمران,دانشگاه گیلان - رشت
1396,ریاضی,8384,4268,منطقه 1,مهندسی مکانیک,دانشگاه زنجان
1396,ریاضی,8390,2488,منطقه 2,مهندسی مکانیک,دانشگاه رازی کرمانشاه
1396,ریاضی,8390,4270,منطقه 1,مهندسی برق,دانشگاه بین المللی امام خمینی(ره) - قزوین
1396,ریاضی,8396,647,منطقه 3,مهندسی برق,دانشگاه صنعتی شیراز
1396,ریاضی,8396,821,ایثارگر-5%,مهندسی برق,دانشگاه صنعتی اصفهان
1396,ریاضی,8396,2491,منطقه 2,مهندسی شیمی,دانشگاه شیراز
1396,ریاضی,8396,2491,منطقه 2,مهندسی مکانیک - بومی فارس,دانشگاه تربیت دبیر شهید رجایی_تهران
1396,ریاضی,8403,648,منطقه 3,مهندسی مواد و متالورژی,دانشگاه تهران
1396,ریاضی,8403,2494,منطقه 2,مهندسی شیمی,دانشگاه فردوسی - مشهد
1396,ریاضی,8403,4274,منطقه 1,مهندسی مکانیک,دانشگاه یزد
1396,ریاضی,8411,824,ایثارگر-5%,مهندسی مکانیک - بومی آذربایجان شرقی,دانشگاه تربیت دبیر شهید رجایی_تهران
1396,ریاضی,8411,2496,منطقه 2,آموزش ابتدایی - بومی خراسان رضوی,پردیس شهید بهشتی - مشهد
1396,ریاضی,8415,2497,منطقه 2,مهندسی کامپیوتر,دانشگاه غیرانتفاعی علم و فرهنگ - تهران
1396,ریاضی,8415,4280,منطقه 1,مهندسی کامپیوتر,دانشگاه تبریز
1396,ریاضی,8427,649,منطقه 3,مهندسی عمران,دانشگاه تبریز
1396,ریاضی,8427,826,ایثارگر-5%,مهندسی برق,دانشگاه فردوسی - مشهد
1396,ریاضی,8427,4286,منطقه 1,مدیریت بازرگانی,دانشگاه اصفهان
1396,ریاضی,8427,4286,منطقه 1,مهندسی برق,دانشگاه بین المللی امام خمینی(ره) - قزوین
1396,ریاضی,8437,651,منطقه 3,مهندسی صنایع,دانشگاه صنعتی اصفهان
1396,ریاضی,8437,2503,منطقه 2,مهندسی مواد و متالورژی,دانشگاه صنعتی اصفهان
1396,ریاضی,8444,652,منطقه 3,آموزش ابتدایی - بومی خراسان شمالی,پردیس امام جعفر صادق - بجنورد
1396,ریاضی,8451,2507,منطقه 2,آموزش ابتدایی - بومی استان اصفهان,پردیس شهید باهنر - اصفهان
1396,ریاضی,8451,2507,منطقه 2,مهندسی معماری,دانشگاه قم
1396,ریاضی,8451,4295,منطقه 1,مدیریت دولتی,دانشگاه تهران (محل تحصیل قم)
1396,ریاضی,8459,653,منطقه 3,مهندسی برق,دانشگاه صنعتی اصفهان
1396,ریاضی,8465,655,منطقه 3,آموزش فیزیک - بومی کردستان,پردیس شهید چمران - تهران
1396,ریاضی,8472,832,ایثارگر-5%,مهندسی معماری,دانشگاه هنر اصفهان
1396,ریاضی,8472,2510,منطقه 2,مهندسی نساجی,دانشگاه صنعتی امیرکبیر - تهران
1396,ریاضی,8472,4306,منطقه 1,ریاضیات و کاربردها,دانشگاه الزهرا(س) - تهران
1396,ریاضی,8478,2514,منطقه 2,مهندسی مکانیک,دانشگاه بوعلی سینا - همدان
1396,ریاضی,8478,2514,منطقه 2,مهندسی کامپیوتر,دانشگاه صنعتی شیراز
1396,ریاضی,8488,656,منطقه 3,مهندسی مواد و متالورژی,دانشگاه تهران
1396,ریاضی,8488,2519,منطقه 2,آموزش ابتدایی - بومی خراسان رضوی,پردیس شهید بهشتی - مشهد
1396,ریاضی,8488,2519,منطقه 2,مهندسی عمران,دانشگاه صنعتی نوشیروانی بابل
1396,ریاضی,8496,658,منطقه 3,مهندسی مکانیک,دانشگاه شهید بهشتی (شهیدعباسپور)
1396,ریاضی,8496,834,ایثارگر-5%,مهندسی کامپیوتر,دانشگاه یزد
1396,ریاضی,8500,2523,منطقه 2,مهندسی پزشکی,دانشگاه تبریز
1396,ریاضی,8506,4319,منطقه 1,مهندسی کامپیوتر,دانشگاه قم
1396,ریاضی,8513,835,ایثارگر-5%,مهندسی مواد و متالورژی,دانشگاه تهران
1396,ریاضی,8513,4323,منطقه 1,مهندسی عمران,دانشگاه صنعتی قم
1396,ریاضی,8519,836,ایثارگر-5%,مهندسی برق,دانشگاه شهید بهشتی (شهیدعباسپور)
1396,ریاضی,8519,4327,منطقه 1,شیمی کاربردی,دانشگاه خوارزمی - تهران (محل تحصیل کرج)
1396,ریاضی,8527,2527,منطقه 2,مهندسی مکانیک,دانشگاه یزد
1396,ریاضی,8527,2527,منطقه 2,مهندسی کامپیوتر,دانشگاه زنجان
1396,ریاضی,8527,4330,منطقه 1,مهندسی برق,دانشگاه تبریز
1396,ریاضی,8534,666,منطقه 3,مهندسی خط و سازه های ریلی,دانشگاه علم و صنعت ایران - تهران
1396,ریاضی,8534,666,منطقه 3,مهندسی مکانیک,دانشگاه شهید چمران اهواز
1396,ریاضی,8534,2529,منطقه 2,مهندسی نساجی,دانشگاه صنعتی امیرکبیر - تهران
1396,ریاضی,8534,4333,منطقه 1,فیزیک,دانشگاه الزهرا(س) - تهران
1396,ریاضی,8542,668,منطقه 3,آموزش ریاضی - بومی آذربایجان شرقی,پردیس علامه امینی - تبریز
1396,ریاضی,8542,2532,منطقه 2,مهندسی برق,دانشگاه بین المللی امام خمینی(ره) - قزوین
1396,ریاضی,8542,2532,منطقه 2,مهندسی پزشکی,دانشگاه تبریز
1396,ریاضی,8554,841,ایثارگر-5%,مهندسی برق,دانشگاه شهید بهشتی (شهیدعباسپور)
1396,ریاضی,8554,2536,منطقه 2,مهندسی معماری,دانشگاه یزد
1396,ریاضی,8563,2538,منطقه 2,مهندسی برق - بومی خوزستان,دانشگاه تربیت دبیر شهید رجایی_تهران
1396,ریاضی,8563,2538,منطقه 2,مهندسی خط و سازه های ریلی,دانشگاه علم و صنعت ایران - تهران
1396,ریاضی,8570,673,منطقه 3,آموزش ابتدایی - بومی مازندران,پردیس فاطمه الزهرا(س) ساری
1396,ریاضی,8570,843,ایثارگر-5%,مهندسی کامپیوتر,دانشگاه صنعتی اصفهان
1396,ریاضی,8570,4343,منطقه 1,مهندسی صنایع,دانشگاه تبریز
1396,ریاضی,8579,674,منطقه 3,مهندسی پزشکی,دانشگاه اصفهان
1396,ریاضی,8579,844,ایثارگر-5%,مهندسی کامپیوتر,دانشگاه شاهد - تهران
1396,ریاضی,8589,676,منطقه 3,مهندسی برق - بومی خراسان جنوبی,دانشگاه تربیت دبیر شهید رجایی_تهران
1396,ریاضی,8589,846,ایثارگر-5%,مهندسی عمران,دانشگاه شیراز
1396,ریاضی,8589,2545,منطقه 2,مهندسی مواد و متالورژی,دانشگاه شیراز
1396,ریاضی,8589,4349,منطقه 1,مهندسی برق,دانشگاه فردوسی - مشهد
1396,ریاضی,8602,678,منطقه 3,مهندسی مکانیک - بومی هرمزگان,دانشگاه تربیت دبیر شهید رجایی_تهران
1396,ریاضی,8602,2548,منطقه 2,آموزش ابتدایی - بومی استان همدان,پردیس شهید مقصودی - همدان
1396,ریاضی,8602,4356,منطقه 1,مهندسی هوا فضا,دانشگاه فردوسی - مشهد
1396,ریاضی,8619,683,منطقه 3,دکترای پیوسته فیزیک,مرکز تحصیلات تکمیلی در علوم پایه زنجان
1396,ریاضی,8619,683,منطقه 3,مهندسی شیمی,دانشگاه صنعتی اصفهان
1396,ریاضی,8619,849,ایثارگر-5%,مهندسی صنایع,دانشگاه الزهرا(س) - تهران
1396,ریاضی,8619,849,ایثارگر-5%,مهندسی مکانیک,دانشگاه صنعتی اصفهان
1396,ریاضی,8619,4362,منطقه 1,فیزیک,دانشگاه شیراز
1396,ریاضی,8627,2553,منطقه 2,مهندسی عمران,دانشگاه گیلان - رشت
1396,ریاضی,8627,2553,منطقه 2,مهندسی کامپیوتر,دانشگاه صنعتی نوشیروانی بابل
1396,ریاضی,8631,685,منطقه 3,مهندسی مکانیک - بومی لرستان,دانشگاه تربیت دبیر شهید رجایی_تهران
1396,ریاضی,8636,2555,منطقه 2,آموزش ابتدایی - بومی استان قم,پردیس آیت اله طالقانی - قم
1396,ریاضی,8643,2558,منطقه 2,مهندسی عمران,دانشگاه یزد
1396,ریاضی,8652,4377,منطقه 1,آمار,دانشگاه علامه طباطبایی - تهران
1396,ریاضی,8669,686,منطقه 3,مهندسی برق,دانشگاه صنعتی اصفهان
1396,ریاضی,8669,856,ایثارگر-5%,مهندسی مکانیک,دانشگاه تبریز
1396,ریاضی,8669,4388,منطقه 1,مهندسی برق,دانشگاه صنعتی شیراز
1396,ریاضی,8669,4388,منطقه 1,مهندسی کامپیوتر,دانشگاه قم
1396,ریاضی,8676,2567,منطقه 2,مهندسی عمران,دانشگاه گیلان - رشت
1396,ریاضی,8676,2567,منطقه 2,مهندسی معماری,دانشگاه گیلان - رشت
1396,ریاضی,8681,2569,منطقه 2,مهندسی عمران,دانشگاه صنعتی نوشیروانی بابل
1396,ریاضی,8681,4393,منطقه 1,علوم و مهندسی آب,دانشگاه تهران (محل تحصیل کرج)
1396,ریاضی,8688,688,منطقه 3,مهندسی شیمی,دانشگاه شیراز
1396,ریاضی,8688,2572,منطقه 2,آموزش ریاضی - بومی استان کرمان,پردیس خواجه نصیرالدین طوسی - کرمان
1396,ریاضی,8688,2572,منطقه 2,مهندسی مکانیک,دانشگاه گیلان - رشت
1396,ریاضی,8696,2575,منطقه 2,مهندسی نفت,دانشگاه فردوسی - مشهد
1396,ریاضی,8702,859,ایثارگر-5%,مهندسی معماری - بومی مازندران,دانشگاه تربیت دبیر شهید رجایی_تهران
1396,ریاضی,8709,693,منطقه 3,مهندسی مواد و متالورژی,دانشگاه تهران
1396,ریاضی,8709,860,ایثارگر-5%,مهندسی عمران,دانشگاه صنعتی اصفهان
1396,ریاضی,8709,2578,منطقه 2,مهندسی عمران,دانشگاه صنعتی نوشیروانی بابل
1396,ریاضی,8709,2578,منطقه 2,مهندسی مکانیک,دانشگاه شهید چمران اهواز
1396,ریاضی,8717,694,منطقه 3,آموزش ریاضی - بومی خراسان شمالی,پردیس آیت الله خامنه ای - گرگان
1396,ریاضی,8717,2581,منطقه 2,مهندسی کامپیوتر,دانشگاه صنعتی شیراز
1396,ریاضی,8717,4406,منطقه 1,مهندسی برق,دانشگاه صنعتی شیراز
1396,ریاضی,8728,695,منطقه 3,مهندسی برق,دانشگاه گیلان - رشت
1396,ریاضی,8728,2584,منطقه 2,آموزش ابتدایی - بومی فارس,پردیس شهید رجایی - شیراز
1396,ریاضی,8728,2584,منطقه 2,مهندسی صنایع,دانشگاه قم
1396,ریاضی,8728,2584,منطقه 2,مهندسی صنایع,دانشگاه کاشان
1396,ریاضی,8738,2587,منطقه 2,مهندسی عمران,دانشگاه صنعتی نوشیروانی بابل
1396,ریاضی,8744,863,ایثارگر-5%,مهندسی معماری,دانشگاه تبریز
1396,ریاضی,8744,4422,منطقه 1,مهندسی برق,دانشگاه صدا و سیمای جمهوری اسلامی ایران
1396,ریاضی,8750,864,ایثارگر-5%,مهندسی کامپیوتر,دانشگاه صنعتی اصفهان
1396,ریاضی,8750,2590,منطقه 2,مهندسی شیمی,دانشگاه کاشان
1396,ریاضی,8758,696,منطقه 3,مهندسی برق - بومی استان قزوین,دانشگاه تربیت دبیر شهید رجایی_تهران
1396,ریاضی,8758,2593,منطقه 2,مهندسی ماشینهای ریلی,دانشگاه علم و صنعت ایران - تهران
1396,ریاضی,8758,4428,منطقه 1,مهندسی برق,دانشگاه یزد
1396,ریاضی,8758,4428,منطقه 1,مهندسی مواد و متالورژی,دانشگاه شیراز
1396,ریاضی,8767,697,منطقه 3,مهندسی برق,دانشگاه شهید بهشتی (شهیدعباسپور)
1396,ریاضی,8767,697,منطقه 3,مهندسی صنایع,دانشگاه فردوسی - مشهد
1396,ریاضی,8767,2595,منطقه 2,مهندسی کامپیوتر,دانشگاه کاشان
1396,ریاضی,8774,699,منطقه 3,آموزش ابتدایی - بومی خراسان جنوبی,پردیس امام سجاد - بیرجند
1396,ریاضی,8774,866,ایثارگر-5%,فیزیک,دانشگاه صنعتی امیرکبیر - تهران
1396,ریاضی,8774,2597,منطقه 2,مهندسی مکانیک,دانشگاه صنعت نفت (محل تحصیل آبادان)
1396,ریاضی,8787,701,منطقه 3,مهندسی صنایع,دانشگاه فردوسی - مشهد
1396,ریاضی,8787,701,منطقه 3,مهندسی معماری,دانشگاه شیراز
1396,ریاضی,8787,2600,منطقه 2,مهندسی پزشکی,دانشگاه تبریز
1396,ریاضی,8793,703,منطقه 3,آموزش ریاضی - بومی استان همدان,پردیس شهید چمران - تهران
1396,ریاضی,8793,4443,منطقه 1,مهندسی مکانیک,دانشگاه غیرانتفاعی علم و فرهنگ - تهران
1396,ریاضی,8800,704,منطقه 3,مهندسی مکانیک,دانشگاه سمنان
1396,ریاضی,8800,872,ایثارگر-5%,مهندسی کامپیوتر - بومی استان کهکیلویه و بویر احمد,دانشگاه تربیت دبیر شهید رجایی_تهران
1396,ریاضی,8800,2601,منطقه 2,مهندسی پزشکی,دانشگاه تبریز
1396,ریاضی,8800,4447,منطقه 1,مهندسی مکانیک,دانشگاه کاشان
1396,ریاضی,8807,2603,منطقه 2,آموزش فیزیک - بومی گیلان,پردیس شهید چمران - تهران
1396,ریاضی,8807,2603,منطقه 2,مهندسی برق,دانشگاه صنعت نفت (محل تحصیل اهواز)
1396,ریاضی,8807,2603,منطقه 2,مهندسی عمران,دانشگاه یزد
1396,ریاضی,8814,2607,منطقه 2,علوم کامپیوتر,دانشگاه اصفهان
1396,ریاضی,8814,2607,منطقه 2,مهندسی نفت,دانشگاه صنعت نفت (محل تحصیل اهواز)
1396,ریاضی,8814,4452,منطقه 1,ریاضیات و کاربردها - بومی استان تهران,دانشگاه تربیت دبیر شهید رجایی_تهران
1396,ریاضی,8814,4452,منطقه 1,شیمی کاربردی,دانشگاه صنعتی اصفهان
1396,ریاضی,8822,2611,منطقه 2,مهندسی مکانیک,دانشگاه گیلان - رشت
1396,ریاضی,8828,708,منطقه 3,مهندسی برق,دانشگاه بین المللی امام خمینی(ره) - قزوین
1396,ریاضی,8828,2613,منطقه 2,حسابداری,دانشگاه اصفهان
1396,ریاضی,8828,2613,منطقه 2,مهندسی برق,دانشگاه زنجان
1396,ریاضی,8835,709,منطقه 3,مهندسی کامپیوتر,دانشگاه صنعتی اصفهان
1396,ریاضی,8835,4462,منطقه 1,مهندسی صنایع,دانشگاه صنعتی ارومیه
1396,ریاضی,8845,710,منطقه 3,مهندسی شهرسازی,دانشگاه تهران
1396,ریاضی,8845,4468,منطقه 1,مهندسی کامپیوتر,دانشگاه گیلان - رشت
1396,ریاضی,8854,877,ایثارگر-5%,مهندسی برق,دانشگاه صنعتی اصفهان
1396,ریاضی,8854,2619,منطقه 2,مهندسی معدن,دانشگاه صنعتی امیرکبیر - تهران
1396,ریاضی,8854,2619,منطقه 2,مهندسی معماری,دانشگاه صنعتی نوشیروانی بابل
1396,ریاضی,8854,2619,منطقه 2,مهندسی کامپیوتر,دانشگاه صنعتی شاهرود
1396,ریاضی,8863,2623,منطقه 2,مهندسی شیمی,دانشگاه شیراز
1396,ریاضی,8863,2623,منطقه 2,مهندسی معدن,دانشگاه تهران
1396,ریاضی,8872,2626,منطقه 2,مهندسی برق,دانشگاه شهید باهنر - کرمان
1396,ریاضی,8872,2626,منطقه 2,مهندسی مکانیک,دانشگاه شهید باهنر - کرمان
1396,ریاضی,8872,4481,منطقه 1,مهندسی برق,دانشگاه یزد
1396,ریاضی,8879,711,منطقه 3,مهندسی برق,دانشگاه کاشان
1396,ریاضی,8879,4484,منطقه 1,مهندسی عمران,دانشگاه صنعتی قم
1396,ریاضی,8885,2629,منطقه 2,مهندسی کامپیوتر - بومی استان اردبیل,دانشگاه تربیت دبیر شهید رجایی_تهران
1396,ریاضی,8885,4488,منطقه 1,ریاضیات و کاربردها,دانشگاه خوارزمی - تهران (محل تحصیل کرج)
1396,ریاضی,8885,4488,منطقه 1,مهندسی مکانیک,دانشگاه یزد
1396,ریاضی,8895,714,منطقه 3,مهندسی عمران,دانشگاه تبریز
1396,ریاضی,8895,2631,منطقه 2,مهندسی صنایع,دانشگاه غیرانتفاعی علم و فرهنگ - تهران
1396,ریاضی,8895,4494,منطقه 1,فیزیک,دانشگاه خوارزمی - تهران (محل تحصیل کرج)
1396,ریاضی,8895,4494,منطقه 1,مهندسی برق,دانشگاه بین المللی امام خمینی(ره) - قزوین
1396,ریاضی,8895,4494,منطقه 1,مهندسی هوا فضا,دانشگاه فردوسی - مشهد
1396,ریاضی,8905,2634,منطقه 2,مهندسی مکانیک,دانشگاه صنعتی نوشیروانی بابل
1396,ریاضی,8905,4498,منطقه 1,مهندسی نفت,دانشگاه صنعت نفت (محل تحصیل آبادان)
1396,ریاضی,8913,2638,منطقه 2,شیمی کاربردی,دانشگاه خوارزمی - تهران (محل تحصیل کرج)
1396,ریاضی,8913,2638,منطقه 2,مهندسی عمران,دانشگاه بوعلی سینا - همدان
1396,ریاضی,8925,882,ایثارگر-5%,آموزش ریاضی - بومی استان یزد,پردیس خواجه نصیرالدین طوسی - کرمان
1396,ریاضی,8925,2644,منطقه 2,مهندسی مکانیک,دانشگاه کاشان
1396,ریاضی,8931,718,منطقه 3,مهندسی دریا,دانشگاه صنعتی امیرکبیر - تهران
1396,ریاضی,8940,2650,منطقه 2,آموزش ابتدایی - بومی مازندران,پردیس فاطمه الزهرا(س) ساری
1396,ریاضی,8940,2650,منطقه 2,کاردان فنی برق,دانشگاه صدا و سیمای جمهوری اسلامی ایران
1396,ریاضی,8950,2653,منطقه 2,مهندسی معماری,دانشگاه گیلان - رشت
1396,ریاضی,8957,721,منطقه 3,مهندسی مواد و متالورژی,دانشگاه تهران
1396,ریاضی,8967,2657,منطقه 2,مهندسی برق - بومی استان چهارمحال وبختیاری,دانشگاه تربیت دبیر شهید رجایی_تهران
1396,ریاضی,8967,2657,منطقه 2,مهندسی مکانیک,دانشگاه صنعتی نوشیروانی بابل
1396,ریاضی,8976,722,منطقه 3,مهندسی مکانیک,دانشگاه خلیج فارس - بوشهر
1396,ریاضی,8976,2661,منطقه 2,مهندسی برق,دانشگاه بوعلی سینا - همدان
1396,ریاضی,8976,2661,منطقه 2,مهندسی صنایع,دانشگاه تهران (محل تحصیل فومن گیلان)
1396,ریاضی,8976,4528,منطقه 1,مهندسی کامپیوتر,دانشگاه غیرانتفاعی آل طه - تهران (ویژه خواهران)
1396,ریاضی,8983,723,منطقه 3,آموزش ابتدایی - بومی کردستان,پردیس شهید مدرس - سنندج
1396,ریاضی,8983,723,منطقه 3,مهندسی شیمی,دانشگاه فردوسی - مشهد
1396,ریاضی,8983,4531,منطقه 1,مهندسی عمران,دانشگاه تبریز
1396,ریاضی,8991,2664,منطقه 2,مهندسی کامپیوتر,دانشگاه شهید چمران اهواز
1396,ریاضی,9002,2668,منطقه 2,مهندسی نساجی,دانشگاه صنعتی امیرکبیر - تهران
1396,ریاضی,9002,2668,منطقه 2,مهندسی نفت,دانشگاه شیراز
1396,ریاضی,9002,2668,منطقه 2,مهندسی نفت,دانشگاه صنعت نفت (محل تحصیل اهواز)
1396,ریاضی,9012,2671,منطقه 2,مهندسی صنایع,دانشگاه زنجان
1396,ریاضی,9012,2671,منطقه 2,مهندسی معدن,دانشگاه تهران
1396,ریاضی,9020,2675,منطقه 2,مهندسی برق,دانشگاه شهید باهنر - کرمان
1396,ریاضی,9020,4547,منطقه 1,مهندسی برق,دانشگاه بین المللی امام خمینی(ره) - قزوین
1396,ریاضی,9027,893,ایثارگر-5%,مهندسی کامپیوتر,دانشگاه شیراز
1396,ریاضی,9027,2678,منطقه 2,مهندسی معماری,دانشگاه شهید باهنر - کرمان
1396,ریاضی,9027,2678,منطقه 2,مهندسی مواد و متالورژی,دانشگاه صنعتی اصفهان
1396,ریاضی,9034,729,منطقه 3,مهندسی برق,دانشگاه صنعتی شیراز
1396,ریاضی,9034,2680,منطقه 2,مهندسی معدن,دانشگاه تهران
1396,ریاضی,9034,2680,منطقه 2,مهندسی کامپیوتر,دانشگاه بوعلی سینا - همدان
1396,ریاضی,9043,2682,منطقه 2,مهندسی نفت,دانشگاه شیراز
1396,ریاضی,9043,4556,منطقه 1,حسابداری,دانشگاه اصفهان
1396,ریاضی,9043,4556,منطقه 1,مهندسی برق,دانشگاه صنعتی شیراز
1396,ریاضی,9052,730,منطقه 3,آموزش ابتدایی - بومی آذربایجان شرقی,پردیس فاطمه الزهرا (س) - تبریز
1396,ریاضی,9052,2685,منطقه 2,مهندسی عمران,دانشگاه صنعتی نوشیروانی بابل
1396,ریاضی,9052,4561,منطقه 1,مهندسی عمران,دانشگاه صنعتی قم
1396,ریاضی,9063,732,منطقه 3,آموزش ابتدایی - بومی استان اصفهان,پردیس فاطمه الزهرا (س) - اصفهان
1396,ریاضی,9063,2689,منطقه 2,مهندسی صنایع,دانشگاه یزد
1396,ریاضی,9063,2689,منطقه 2,مهندسی مکانیک,دانشگاه یزد
1396,ریاضی,9063,4566,منطقه 1,معماری داخلی,دانشگاه غیرانتفاعی علم و فرهنگ - تهران
1396,ریاضی,9063,4566,منطقه 1,مهندسی مکانیک,دانشگاه تبریز
1396,ریاضی,9072,734,منطقه 3,مهندسی عمران,دانشگاه صنعتی نوشیروانی بابل
1396,ریاضی,9072,734,منطقه 3,مهندسی مکانیک - بومی استان ایلام,دانشگاه تربیت دبیر شهید رجایی_تهران
1396,ریاضی,9072,2693,منطقه 2,مهندسی برق,دانشگاه صنعتی همدان
1396,ریاضی,9072,2693,منطقه 2,مهندسی معماری,دانشگاه صنعتی نوشیروانی بابل
1396,ریاضی,9081,736,منطقه 3,مهندسی نقشه برداری,دانشگاه تهران
1396,ریاضی,9081,2696,منطقه 2,آموزش ریاضی - بومی گیلان,پردیس نسیبه - تهران
1396,ریاضی,9081,2696,منطقه 2,مهندسی برق,دانشگاه اراک
1396,ریاضی,9089,2698,منطقه 2,مهندسی مکانیک,دانشگاه صنعتی نوشیروانی بابل
1396,ریاضی,9089,4576,منطقه 1,مهندسی عمران,دانشگاه صنعتی قم
1396,ریاضی,9096,738,منطقه 3,آموزش ریاضی - بومی لرستان,پردیس حضرت رسول اکرم - اهواز
1396,ریاضی,9096,4580,منطقه 1,مهندسی ساخت وتولید,دانشگاه تبریز
1396,ریاضی,9108,740,منطقه 3,فقه و حقوق اسلامی,دانشگاه شهید مطهری
1396,ریاضی,9108,2703,منطقه 2,مهندسی نفت,دانشگاه صنعت نفت (محل تحصیل اهواز)
1396,ریاضی,9108,2703,منطقه 2,مهندسی کامپیوتر,دانشگاه تهران (محل تحصیل فومن گیلان)
1396,ریاضی,9108,4585,منطقه 1,مهندسی برق,دانشگاه کاشان
1396,ریاضی,9108,4585,منطقه 1,مهندسی صنایع,دانشکده فنی ومهندسی گرمسار
1396,ریاضی,9117,741,منطقه 3,مهندسی کامپیوتر,دانشگاه تبریز
1396,ریاضی,9117,899,ایثارگر-5%,مهندسی کامپیوتر,دانشگاه تبریز
1396,ریاضی,9117,2707,منطقه 2,مهندسی معماری,دانشگاه قم
1396,ریاضی,9117,2707,منطقه 2,مهندسی مکانیک,دانشگاه صنعتی نوشیروانی بابل
1396,ریاضی,9128,742,منطقه 3,آموزش ابتدایی - بومی استان ایلام,پردیس امام جعفر صادق - ایلام
1396,ریاضی,9128,2711,منطقه 2,مهندسی مواد و متالورژی,دانشگاه صنعتی اصفهان
1396,ریاضی,9128,2711,منطقه 2,مهندسی نقشه برداری,دانشگاه اصفهان
1396,ریاضی,9128,2711,منطقه 2,مهندسی کامپیوتر,دانشگاه شهید باهنر - کرمان
1396,ریاضی,9140,743,منطقه 3,مهندسی برق,دانشگاه تبریز
1396,ریاضی,9140,2714,منطقه 2,مهندسی مواد و متالورژی,دانشگاه صنعتی اصفهان
1396,ریاضی,9140,4600,منطقه 1,مهندسی کامپیوتر,دانشگاه تهران (محل تحصیل فومن گیلان)
1396,ریاضی,9148,2716,منطقه 2,مهندسی شیمی,دانشگاه رازی کرمانشاه
1396,ریاضی,9155,2719,منطقه 2,مهندسی نفت,دانشگاه صنعت نفت (محل تحصیل اهواز)
1396,ریاضی,9155,4606,منطقه 1,مهندسی صنایع,دانشگاه غیرانتفاعی ابرار - تهران (ویژه خواهران)
1396,ریاضی,9155,4606,منطقه 1,مهندسی عمران,دانشگاه تبریز
1396,ریاضی,9162,747,منطقه 3,مهندسی حمل و نقل ریلی,دانشگاه علم و صنعت ایران - تهران
1396,ریاضی,9162,2721,منطقه 2,مهندسی شیمی,دانشگاه تهران (محل تحصیل فومن گیلان)
1396,ریاضی,9162,2721,منطقه 2,مهندسی مکانیک,دانشگاه گیلان - رشت
1396,ریاضی,9162,4608,منطقه 1,مهندسی برق,دانشگاه بین المللی امام خمینی(ره) - قزوین
1396,ریاضی,9171,2726,منطقه 2,حسابداری,دانشگاه بجنورد
1396,ریاضی,9171,2726,منطقه 2,مهندسی برق,دانشگاه یزد
1396,ریاضی,9171,2726,منطقه 2,مهندسی ماشینهای ریلی,دانشگاه علم و صنعت ایران - تهران
1396,ریاضی,9171,2726,منطقه 2,مهندسی مواد و متالورژی,دانشگاه صنعتی اصفهان
1396,ریاضی,9171,4611,منطقه 1,مهندسی مکانیک,دانشگاه صنعتی سهند - تبریز
1396,ریاضی,9182,749,منطقه 3,آموزش ریاضی - بومی گلستان,پردیس امام خمینی - گرگان
1396,ریاضی,9182,2731,منطقه 2,آموزش ابتدایی - بومی استان تهران,پردیس زینبیه - پیشوا (ورامین)
1396,ریاضی,9182,2731,منطقه 2,مهندسی کامپیوتر,دانشگاه گیلان - رشت
1396,ریاضی,9182,4615,منطقه 1,مهندسی شهرسازی,دانشگاه بین المللی امام خمینی(ره) - قزوین
1396,ریاضی,9193,4620,منطقه 1,مدیریت صنعتی,دانشگاه غیرانتفاعی علم و فرهنگ - تهران
1396,ریاضی,9193,4620,منطقه 1,مهندسی برق,دانشگاه بین المللی امام خمینی(ره) - قزوین
1396,ریاضی,9193,4620,منطقه 1,مهندسی کامپیوتر,دانشگاه تبریز
1396,ریاضی,9203,2739,منطقه 2,مهندسی مکانیک,دانشگاه صنعتی نوشیروانی بابل
1396,ریاضی,9203,4626,منطقه 1,مهندسی کامپیوتر,دانشگاه شهید باهنر - کرمان
1396,ریاضی,9213,750,منطقه 3,مهندسی برق - بومی گلستان,دانشگاه تربیت دبیر شهید رجایی_تهران
1396,ریاضی,9213,2744,منطقه 2,مهندسی برق,دانشگاه یزد
1396,ریاضی,9224,751,منطقه 3,آموزش فیزیک - بومی گلستان,پردیس نسیبه - تهران
1396,ریاضی,9224,751,منطقه 3,مهندسی نفت,دانشگاه صنعتی اصفهان
1396,ریاضی,9224,2747,منطقه 2,مهندسی مکانیک,دانشگاه یزد
1396,ریاضی,9224,4633,منطقه 1,آموزش ابتدایی - بومی فارس,پردیس شهید رجایی - شیراز
1396,ریاضی,9224,4633,منطقه 1,مهندسی برق,دانشگاه صنعتی شیراز
1396,ریاضی,9233,2749,منطقه 2,مهندسی عمران,دانشگاه صنعتی نوشیروانی بابل
1396,ریاضی,9233,4640,منطقه 1,مهندسی عمران,دانشگاه تبریز
1396,ریاضی,9240,753,منطقه 3,مهندسی نفت,دانشگاه صنعت نفت (محل تحصیل آبادان)
1396,ریاضی,9240,2751,منطقه 2,مهندسی صنایع,دانشگاه بوعلی سینا - همدان
1396,ریاضی,9247,2753,منطقه 2,مهندسی برق,دانشگاه کاشان
1396,ریاضی,9253,908,ایثارگر-5%,مهندسی مکانیک - بومی استان کرمانشاه,دانشگاه تربیت دبیر شهید رجایی_تهران
1396,ریاضی,9253,2755,منطقه 2,مهندسی معماری,دانشگاه شهید باهنر - کرمان
1396,ریاضی,9253,4651,منطقه 1,مهندسی شهرسازی,دانشگاه بین المللی امام خمینی(ره) - قزوین
1396,ریاضی,9257,754,منطقه 3,مهندسی مکانیک,دانشگاه صنعت نفت (محل تحصیل آبادان)
1396,ریاضی,9257,2756,منطقه 2,علوم کامپیوتر,دانشگاه الزهرا(س) - تهران
1396,ریاضی,9262,909,ایثارگر-5%,مهندسی صنایع,دانشگاه صنعتی اصفهان
1396,ریاضی,9262,2759,منطقه 2,آموزش ریاضی - بومی خراسان شمالی,پردیس آیت الله خامنه ای - گرگان
1396,ریاضی,9262,2759,منطقه 2,مهندسی مکانیک,دانشگاه خلیج فارس - بوشهر
1396,ریاضی,9269,4658,منطقه 1,مهندسی صنایع,دانشگاه کاشان
1396,ریاضی,9278,755,منطقه 3,مهندسی نفت,دانشگاه صنعتی اصفهان
1396,ریاضی,9278,755,منطقه 3,مهندسی کامپیوتر,دانشگاه تبریز
1396,ریاضی,9278,2764,منطقه 2,آموزش ابتدایی - بومی استان تهران,پردیس زینبیه - پیشوا (ورامین)
1396,ریاضی,9278,2764,منطقه 2,آموزش ابتدایی - بومی مازندران,پردیس دکتر شریعتی - ساری
1396,ریاضی,9278,2764,منطقه 2,مهندسی برق,دانشگاه شهید باهنر - کرمان
1396,ریاضی,9287,2766,منطقه 2,آموزش ابتدایی - بومی خراسان جنوبی,پردیس امام سجاد - بیرجند
1396,ریاضی,9287,2766,منطقه 2,مهندسی شیمی,دانشگاه تبریز
1396,ریاضی,9295,911,ایثارگر-5%,مهندسی کامپیوتر,دانشگاه صنعتی امیرکبیر - تهران - پردیس خودگردان
1396,ریاضی,9295,2768,منطقه 2,مهندسی صنایع,دانشگاه زنجان
1396,ریاضی,9295,2768,منطقه 2,مهندسی عمران,دانشگاه گیلان - رشت
1396,ریاضی,9295,4672,منطقه 1,ایمنی صنعتی - نیمسال دوم,دانشگاه علوم پزشکی شهید بهشتی - تهران (محل تحصیل دانشکده سلامت، ایمنی و محیط زیست)
1396,ریاضی,9295,4672,منطقه 1,مهندسی کامپیوتر,دانشگاه بوعلی سینا - همدان
1396,ریاضی,9304,759,منطقه 3,آموزش ریاضی - بومی استان کهکیلویه و بویر احمد,پردیس شهید رجایی - شیراز
1396,ریاضی,9304,759,منطقه 3,مهندسی نفت,دانشگاه شیراز
1396,ریاضی,9304,2771,منطقه 2,مهندسی شیمی,دانشگاه صنعتی نوشیروانی بابل
1396,ریاضی,9304,2771,منطقه 2,مهندسی معماری,دانشگاه کاشان
1396,ریاضی,9313,762,منطقه 3,مهندسی کامپیوتر,دانشگاه شیراز
1396,ریاضی,9313,762,منطقه 3,مهندسی کامپیوتر,دانشگاه یزد
1396,ریاضی,9313,913,ایثارگر-5%,مهندسی صنایع,دانشگاه فردوسی - مشهد
1396,ریاضی,9313,913,ایثارگر-5%,مهندسی مکانیک - بومی خراسان جنوبی,دانشگاه تربیت دبیر شهید رجایی_تهران
1396,ریاضی,9324,2777,منطقه 2,مهندسی عمران,دانشگاه صنعتی نوشیروانی بابل
1396,ریاضی,9324,2777,منطقه 2,مهندسی مکانیک,دانشگاه بوعلی سینا - همدان
1396,ریاضی,9342,765,منطقه 3,مهندسی خط و سازه های ریلی,دانشگاه علم و صنعت ایران - تهران
1396,ریاضی,9342,916,ایثارگر-5%,مهندسی عمران,دانشگاه فردوسی - مشهد
1396,ریاضی,9342,2783,منطقه 2,آموزش ریاضی - بومی استان سمنان,پردیس شهید رجایی - سمنان
1396,ریاضی,9342,4689,منطقه 1,حسابداری,دانشگاه غیرانتفاعی علم و فرهنگ - تهران
1396,ریاضی,9342,4689,منطقه 1,معماری داخلی,دانشگاه غیرانتفاعی علم و فرهنگ - تهران
1396,ریاضی,9350,2787,منطقه 2,آموزش ابتدایی - بومی مازندران,پردیس دکتر شریعتی - ساری
1396,ریاضی,9350,2787,منطقه 2,آموزش ریاضی - بومی آذربایجان شرقی,پردیس علامه امینی - تبریز
1396,ریاضی,9350,2787,منطقه 2,مهندسی برق,دانشگاه صنعتی نوشیروانی بابل
1396,ریاضی,9350,2787,منطقه 2,مهندسی نفت,دانشگاه صنعت نفت (محل تحصیل اهواز)
1396,ریاضی,9350,2787,منطقه 2,مهندسی کامپیوتر,دانشگاه سمنان
1396,ریاضی,9358,767,منطقه 3,علوم کامپیوتر,دانشگاه خوارزمی - تهران (محل تحصیل کرج)
1396,ریاضی,9358,2790,منطقه 2,مهندسی معماری,دانشگاه صنعتی نوشیروانی بابل
1396,ریاضی,9364,4697,منطقه 1,مدیریت دولتی,دانشگاه اصفهان
1396,ریاضی,9364,4697,منطقه 1,مهندسی کامپیوتر,دانشگاه بوعلی سینا - همدان
1396,ریاضی,9377,770,منطقه 3,مهندسی پزشکی,دانشگاه اصفهان
1396,ریاضی,9377,921,ایثارگر-5%,مهندسی مکانیک,دانشگاه فردوسی - مشهد
1396,ریاضی,9377,2794,منطقه 2,مهندسی برق,دانشگاه فردوسی - مشهد
1396,ریاضی,9377,2794,منطقه 2,مهندسی نساجی,دانشگاه صنعتی امیرکبیر - تهران
1396,ریاضی,9377,4702,منطقه 1,شیمی کاربردی,دانشگاه اصفهان
1396,ریاضی,9377,4702,منطقه 1,مهندسی عمران,دانشگاه تبریز
1396,ریاضی,9390,772,منطقه 3,فیزیک,دانشگاه تهران
1396,ریاضی,9390,2798,منطقه 2,آموزش ریاضی - بومی آذربایجان شرقی,پردیس فاطمه الزهرا (س) - تبریز
1396,ریاضی,9390,2798,منطقه 2,آموزش فیزیک - بومی خراسان شمالی,پردیس شهید چمران - تهران
1396,ریاضی,9390,2798,منطقه 2,فیزیک,دانشگاه شهید بهشتی - تهران
1396,ریاضی,9390,2798,منطقه 2,مهندسی مکانیک,دانشگاه یزد
1396,ریاضی,9400,774,منطقه 3,مهندسی صنایع,دانشگاه صنعتی نوشیروانی بابل
1396,ریاضی,9400,4711,منطقه 1,علوم کامپیوتر,دانشگاه اصفهان
1396,ریاضی,9408,2802,منطقه 2,مهندسی شیمی,دانشگاه فردوسی - مشهد
1396,ریاضی,9417,928,ایثارگر-5%,مهندسی برق,دانشگاه تبریز
1396,ریاضی,9417,2806,منطقه 2,ریاضیات و کاربردها,دانشگاه صنعتی امیرکبیر - تهران
1396,ریاضی,9417,2806,منطقه 2,مهندسی صنایع,دانشگاه سمنان
1396,ریاضی,9417,4719,منطقه 1,مهندسی مکانیک,دانشگاه کاشان
1396,ریاضی,9427,775,منطقه 3,آموزش ریاضی - بومی استان همدان,پردیس فاطمه الزهرا (س) - تبریز
1396,ریاضی,9427,2808,منطقه 2,مهندسی شهرسازی,دانشگاه فردوسی - مشهد
1396,ریاضی,9435,2811,منطقه 2,مهندسی مکانیک بیوسیستم (کشاورزی),دانشگاه تهران (محل تحصیل کرج)
1396,ریاضی,9443,778,منطقه 3,مهندسی مکانیک - بومی گلستان,دانشگاه تربیت دبیر شهید رجایی_تهران
1396,ریاضی,9443,931,ایثارگر-5%,مهندسی برق,دانشگاه صنعتی اصفهان
1396,ریاضی,9443,2813,منطقه 2,آموزش ابتدایی - بومی استان قزوین,پردیس بنت الهدی صدر-قزوین
1396,ریاضی,9443,2813,منطقه 2,مهندسی نفت,دانشگاه صنعت نفت (محل تحصیل اهواز)
1396,ریاضی,9448,4731,منطقه 1,مهندسی شهرسازی,دانشگاه بین المللی امام خمینی(ره) - قزوین
1396,ریاضی,9454,932,ایثارگر-5%,مهندسی کامپیوتر,مرکز تحصیلات تکمیلی در علوم پایه زنجان
1396,ریاضی,9454,4734,منطقه 1,مدیریت بازرگانی,دانشگاه غیرانتفاعی علم و فرهنگ - تهران
1396,ریاضی,9464,933,ایثارگر-5%,مهندسی صنایع,دانشگاه بوعلی سینا - همدان
1396,ریاضی,9464,2817,منطقه 2,آموزش ریاضی - بومی استان قم,پردیس شهید رجایی - سمنان
1396,ریاضی,9482,2822,منطقه 2,مهندسی کامپیوتر,دانشگاه یزد
1396,ریاضی,9491,935,ایثارگر-5%,مهندسی برق,دانشگاه بوعلی سینا - همدان
1396,ریاضی,9491,2826,منطقه 2,مهندسی صنایع,دانشگاه صنعتی نوشیروانی بابل
1396,ریاضی,9499,787,منطقه 3,مهندسی کامپیوتر,دانشگاه ارومیه
1396,ریاضی,9499,937,ایثارگر-5%,مهندسی مواد و متالورژی,دانشگاه علم و صنعت ایران - تهران
1396,ریاضی,9499,2830,منطقه 2,مهندسی شهرسازی,دانشگاه شیراز
1396,ریاضی,9499,2830,منطقه 2,مهندسی عمران,دانشگاه یزد
1396,ریاضی,9499,4754,منطقه 1,مهندسی نفت,دانشگاه تهران (محل تحصیل فومن گیلان)
1396,ریاضی,9504,2832,منطقه 2,مهندسی عمران - بومی گلستان,دانشگاه تربیت دبیر شهید رجایی_تهران
1396,ریاضی,9504,4756,منطقه 1,مهندسی برق,دانشگاه تبریز
1396,ریاضی,9508,788,منطقه 3,مهندسی مکانیک,دانشگاه بوعلی سینا - همدان
1396,ریاضی,9508,2835,منطقه 2,فیزیک,دانشگاه صنعتی خواجه نصیرالدین طوسی - تهران
1396,ریاضی,9508,2835,منطقه 2,مهندسی شهرسازی,دانشگاه بین المللی امام خمینی(ره) - قزوین
1396,ریاضی,9508,2835,منطقه 2,مهندسی عمران,دانشگاه صنعتی نوشیروانی بابل
1396,ریاضی,9515,939,ایثارگر-5%,مهندسی مواد و متالورژی,دانشگاه صنعتی امیرکبیر - تهران
1396,ریاضی,9515,2838,منطقه 2,مهندسی معدن,دانشگاه تهران
1396,ریاضی,9515,2838,منطقه 2,مهندسی مواد و متالورژی,دانشگاه صنعتی اصفهان
1396,ریاضی,9522,941,ایثارگر-5%,مهندسی صنایع,دانشگاه یزد
1396,ریاضی,9522,2840,منطقه 2,مهندسی مکانیک,دانشگاه تبریز
1396,ریاضی,9530,942,ایثارگر-5%,مهندسی برق,دانشگاه صنعت نفت (محل تحصیل اهواز)
1396,ریاضی,9530,942,ایثارگر-5%,مهندسی نفت,دانشگاه صنعت نفت (محل تحصیل اهواز)
1396,ریاضی,9530,2843,منطقه 2,مهندسی برق,دانشگاه صنعتی نوشیروانی بابل
1396,ریاضی,9530,4763,منطقه 1,مهندسی عمران,دانشگاه تبریز
1396,ریاضی,9539,2846,منطقه 2,ریاضیات و کاربردها,دانشگاه صنعتی امیرکبیر - تهران
1396,ریاضی,9550,792,منطقه 3,آموزش ریاضی - بومی خراسان جنوبی,پردیس شهید مطهری - زاهدان
1396,ریاضی,9550,792,منطقه 3,مهندسی صنایع,دانشگاه صنعتی اصفهان
1396,ریاضی,9550,792,منطقه 3,مهندسی کامپیوتر,دانشگاه شیراز
1396,ریاضی,9550,944,ایثارگر-5%,دکترای پیوسته فیزیک,مرکز تحصیلات تکمیلی در علوم پایه زنجان
1396,ریاضی,9550,2848,منطقه 2,آموزش فیزیک - بومی استان سمنان,پردیس نسیبه - تهران
1396,ریاضی,9550,2848,منطقه 2,مهندسی شهرسازی,دانشگاه بین المللی امام خمینی(ره) - قزوین
1396,ریاضی,9550,4773,منطقه 1,مهندسی معماری - نیمسال دوم,دانشگاه هنر اسلامی تبریز
1396,ریاضی,9562,794,منطقه 3,مهندسی عمران,دانشگاه تبریز
1396,ریاضی,9562,4780,منطقه 1,ریاضیات و کاربردها,دانشگاه الزهرا(س) - تهران
1396,ریاضی,9562,4780,منطقه 1,مهندسی صنایع,دانشکده فنی ومهندسی گرمسار
1396,ریاضی,9579,4789,منطقه 1,مهندسی عمران,دانشگاه تبریز
1396,ریاضی,9590,798,منطقه 3,مهندسی مکانیک - بومی گلستان,دانشگاه تربیت دبیر شهید رجایی_تهران
1396,ریاضی,9590,2860,منطقه 2,مهندسی صنایع,دانشگاه یزد
1396,ریاضی,9590,2860,منطقه 2,مهندسی پلیمر,دانشگاه فردوسی - مشهد
1396,ریاضی,9590,4793,منطقه 1,مهندسی شهرسازی,دانشگاه هنر اصفهان
1396,ریاضی,9607,951,ایثارگر-5%,آموزش ریاضی - بومی استان کرمان,پردیس شهید باهنر - کرمان
1396,ریاضی,9607,2865,منطقه 2,مهندسی صنایع,دانشگاه تبریز
1396,ریاضی,9607,2865,منطقه 2,مهندسی عمران,دانشگاه کاشان
1396,ریاضی,9607,4800,منطقه 1,مهندسی مواد و متالورژی,دانشگاه شیراز
1396,ریاضی,9607,4800,منطقه 1,مهندسی مکانیک,دانشگاه کاشان
1396,ریاضی,9614,800,منطقه 3,مهندسی شهرسازی,دانشگاه خوارزمی تهران
1396,ریاضی,9614,952,ایثارگر-5%,مهندسی کامپیوتر,دانشگاه بین المللی امام خمینی(ره) - قزوین
1396,ریاضی,9614,2867,منطقه 2,مهندسی برق,دانشگاه صنعتی سهند - تبریز
1396,ریاضی,9614,2867,منطقه 2,مهندسی کامپیوتر,دانشگاه حکیم سبزواری - سبزوار
1396,ریاضی,9624,954,ایثارگر-5%,مهندسی کامپیوتر,دانشگاه اصفهان
1396,ریاضی,9624,4807,منطقه 1,ریاضیات و کاربردها,دانشگاه الزهرا(س) - تهران
1396,ریاضی,9633,803,منطقه 3,مهندسی مواد و متالورژی,دانشگاه صنعتی امیرکبیر - تهران
1396,ریاضی,9633,803,منطقه 3,مهندسی پلیمر,دانشگاه صنعتی اصفهان
1396,ریاضی,9642,2874,منطقه 2,مهندسی صنایع,دانشگاه تبریز
1396,ریاضی,9642,2874,منطقه 2,مهندسی مواد و متالورژی,دانشگاه صنعتی اصفهان
1396,ریاضی,9642,4816,منطقه 1,مهندسی برق,دانشگاه تبریز
1396,ریاضی,9642,4816,منطقه 1,مهندسی برق,دانشگاه یزد
1396,ریاضی,9642,4816,منطقه 1,مهندسی کامپیوتر,دانشگاه صنعتی بیرجند
1396,ریاضی,9659,806,منطقه 3,مهندسی شیمی,دانشگاه فردوسی - مشهد
1396,ریاضی,9659,2880,منطقه 2,آموزش ریاضی - بومی استان کرمان,پردیس شهید باهنر - کرمان
1396,ریاضی,9659,2880,منطقه 2,مهندسی برق,دانشگاه گیلان - رشت
1396,ریاضی,9666,958,ایثارگر-5%,مهندسی معماری,دانشگاه یزد
1396,ریاضی,9671,807,منطقه 3,مهندسی مکانیک - بومی استان ایلام,دانشگاه تربیت دبیر شهید رجایی_تهران
1396,ریاضی,9671,807,منطقه 3,مهندسی نفت,دانشگاه فردوسی - مشهد
1396,ریاضی,9678,2883,منطقه 2,مهندسی کامپیوتر,دانشگاه تبریز
1396,ریاضی,9686,809,منطقه 3,فیزیک,دانشگاه صنعتی شریف - تهران
1396,ریاضی,9686,2887,منطقه 2,مهندسی برق,دانشگاه شهید باهنر - کرمان
1396,ریاضی,9686,2887,منطقه 2,مهندسی کامپیوتر,دانشگاه یزد
1396,ریاضی,9696,2892,منطقه 2,آموزش ابتدایی - بومی مازندران,پردیس فاطمه الزهرا(س) ساری
1396,ریاضی,9696,2892,منطقه 2,ریاضیات و کاربردها,دانشگاه صنعتی امیرکبیر - تهران
1396,ریاضی,9696,2892,منطقه 2,مهندسی مکانیک,دانشگاه خلیج فارس - بوشهر
1396,ریاضی,9696,2892,منطقه 2,مهندسی کامپیوتر,دانشگاه بین المللی امام خمینی(ره) - قزوین
1396,ریاضی,9704,2895,منطقه 2,مهندسی برق,دانشگاه یزد
1396,ریاضی,9704,4842,منطقه 1,مهندسی مکانیک,دانشگاه صنعتی قم
1396,ریاضی,9711,812,منطقه 3,مهندسی عمران,دانشگاه گیلان - رشت
1396,ریاضی,9711,812,منطقه 3,مهندسی نفت,دانشگاه شیراز
1396,ریاضی,9711,812,منطقه 3,مهندسی کامپیوتر,دانشگاه الزهرا(س) - تهران
1396,ریاضی,9711,2897,منطقه 2,آمار,دانشگاه علامه طباطبایی - تهران
1396,ریاضی,9711,2897,منطقه 2,آموزش ابتدایی - بومی مازندران,پردیس فاطمه الزهرا(س) ساری
1396,ریاضی,9711,2897,منطقه 2,مهندسی صنایع,دانشگاه اراک
1396,ریاضی,9718,963,ایثارگر-5%,مهندسی کامپیوتر,دانشگاه زنجان
1396,ریاضی,9718,4845,منطقه 1,مهندسی مکانیک,دانشگاه شهرکرد
1396,ریاضی,9727,815,منطقه 3,آموزش فیزیک - بومی خراسان رضوی,پردیس شهید چمران - تهران
1396,ریاضی,9727,2903,منطقه 2,مهندسی برق,دانشگاه تبریز
1396,ریاضی,9727,2903,منطقه 2,مهندسی برق - بومی مرکزی,دانشگاه تربیت دبیر شهید رجایی_تهران
1396,ریاضی,9727,2903,منطقه 2,مهندسی معماری - بومی استان چهارمحال وبختیاری,دانشگاه یزد
1396,ریاضی,9727,2903,منطقه 2,مهندسی مواد و متالورژی,دانشگاه بین المللی امام خمینی(ره) - قزوین
1396,ریاضی,9727,4849,منطقه 1,مهندسی صنایع,دانشگاه غیرانتفاعی آل طه - تهران (ویژه خواهران)
1396,ریاضی,9727,4849,منطقه 1,مهندسی عمران,دانشگاه غیرانتفاعی صنعتی سجاد - مشهد
1396,ریاضی,9740,4855,منطقه 1,روانشناسی,دانشگاه شیراز
1396,ریاضی,9740,4855,منطقه 1,مهندسی مکانیک,دانشگاه گیلان - رشت
1396,ریاضی,9749,817,منطقه 3,مهندسی کامپیوتر,دانشگاه بوعلی سینا - همدان
1396,ریاضی,9749,2911,منطقه 2,روانشناسی,دانشگاه الزهرا(س) - تهران
1396,ریاضی,9749,4859,منطقه 1,مترجمی زبان فرانسه,دانشگاه علامه طباطبایی - تهران
1396,ریاضی,9749,4859,منطقه 1,مهندسی شیمی,دانشگاه تبریز
1396,ریاضی,9757,819,منطقه 3,مهندسی کامپیوتر,دانشگاه شیراز
1396,ریاضی,9757,4863,منطقه 1,مهندسی مکانیک,دانشگاه بوعلی سینا - همدان
1396,ریاضی,9767,2915,منطقه 2,مهندسی صنایع,دانشگاه صنعتی نوشیروانی بابل
1396,ریاضی,9767,4869,منطقه 1,مهندسی شهرسازی,دانشگاه شیراز
1396,ریاضی,9775,968,ایثارگر-5%,مدیریت مالی,دانشگاه تهران (محل تحصیل قم)
1396,ریاضی,9783,2920,منطقه 2,مهندسی برق,دانشگاه تبریز
1396,ریاضی,9783,2920,منطقه 2,مهندسی برق,دانشگاه کاشان
1396,ریاضی,9783,2920,منطقه 2,مهندسی معماری,دانشگاه صنعتی نوشیروانی بابل
1396,ریاضی,9783,4878,منطقه 1,مهندسی کامپیوتر,دانشگاه شهرکرد
1396,ریاضی,9794,821,منطقه 3,مهندسی عمران,دانشگاه تبریز
1396,ریاضی,9794,969,ایثارگر-5%,مهندسی برق,دانشگاه صنعتی اصفهان
1396,ریاضی,9794,2924,منطقه 2,ریاضیات و کاربردها,دانشگاه فردوسی - مشهد
1396,ریاضی,9794,2924,منطقه 2,مهندسی شهرسازی,دانشگاه بین المللی امام خمینی(ره) - قزوین
1396,ریاضی,9794,4883,منطقه 1,علوم کامپیوتر,دانشگاه یزد
1396,ریاضی,9806,2928,منطقه 2,مهندسی صنایع,دانشگاه تهران (محل تحصیل فومن گیلان)
1396,ریاضی,9806,2928,منطقه 2,مهندسی مکانیک,دانشگاه صنعت نفت (محل تحصیل آبادان)
1396,ریاضی,9818,822,منطقه 3,مهندسی مکانیک,دانشگاه صنعتی اصفهان
1396,ریاضی,9818,4896,منطقه 1,مهندسی برق,دانشگاه شهید چمران اهواز
1396,ریاضی,9827,2933,منطقه 2,مهندسی مکانیک,دانشگاه یزد
1396,ریاضی,9827,4900,منطقه 1,مهندسی عمران,دانشگاه تبریز
1396,ریاضی,9836,826,منطقه 3,مهندسی مواد و متالورژی,دانشگاه علم و صنعت ایران - تهران
1396,ریاضی,9836,2936,منطقه 2,مهندسی معماری,دانشگاه کاشان
1396,ریاضی,9836,2936,منطقه 2,مهندسی نفت,دانشگاه صنعت نفت (محل تحصیل اهواز)
1396,ریاضی,9836,4904,منطقه 1,مهندسی مکانیک بیوسیستم (کشاورزی),دانشگاه فردوسی - مشهد
1396,ریاضی,9847,4910,منطقه 1,مهندسی صنایع,دانشکده فنی ومهندسی گرمسار
1396,ریاضی,9857,829,منطقه 3,مهندسی نفت,دانشگاه صنعت نفت (محل تحصیل اهواز)
1396,ریاضی,9857,829,منطقه 3,مهندسی کامپیوتر,دانشگاه ایلام
1396,ریاضی,9857,2941,منطقه 2,مهندسی مکانیک,دانشگاه خلیج فارس - بوشهر
1396,ریاضی,9857,2941,منطقه 2,مهندسی مکانیک,دانشگاه صنعتی نوشیروانی بابل
1396,ریاضی,9868,2946,منطقه 2,مهندسی مکانیک,دانشگاه زنجان
1396,ریاضی,9868,2946,منطقه 2,مهندسی کامپیوتر,دانشگاه تبریز
1396,ریاضی,9868,4918,منطقه 1,مهندسی کامپیوتر,دانشگاه قم
1396,ریاضی,9879,2949,منطقه 2,آموزش فیزیک - بومی استان کرمان,پردیس شهید باهنر - اصفهان
1396,ریاضی,9888,832,منطقه 3,آموزش ابتدایی - بومی خراسان جنوبی,پردیس امام سجاد - بیرجند
1396,ریاضی,9888,832,منطقه 3,مهندسی مکانیک,دانشگاه تبریز
1396,ریاضی,9896,834,منطقه 3,مهندسی مکانیک,دانشگاه گیلان - رشت
1396,ریاضی,9896,2952,منطقه 2,مهندسی برق,دانشگاه صنعتی شیراز
1396,ریاضی,9896,4930,منطقه 1,مهندسی شیمی,دانشگاه صنعتی سهند - تبریز
1396,ریاضی,9906,837,منطقه 3,فیزیک مهندسی,دانشگاه تهران
1396,ریاضی,9906,837,منطقه 3,مهندسی انرژی,دانشگاه صنعتی قم
1396,ریاضی,9906,2953,منطقه 2,مهندسی مکانیک,دانشگاه یزد
1396,ریاضی,9917,839,منطقه 3,آموزش فیزیک - بومی استان کرمان,پردیس فاطمه الزهرا (س) - اصفهان
1396,ریاضی,9917,2956,منطقه 2,آموزش ابتدایی - بومی کردستان,پردیس بنت الهدی صدر - سنندج
1396,ریاضی,9925,2959,منطقه 2,مهندسی برق,دانشگاه بوعلی سینا - همدان
1396,ریاضی,9934,2962,منطقه 2,مهندسی مکانیک,دانشگاه صنعتی نوشیروانی بابل
1396,ریاضی,9946,843,منطقه 3,مهندسی شیمی,دانشگاه فردوسی - مشهد
1396,ریاضی,9946,2965,منطقه 2,مهندسی مکانیک,دانشگاه شهید باهنر - کرمان
1396,ریاضی,9946,4954,منطقه 1,مهندسی برق,دانشگاه صنعتی نوشیروانی بابل
1396,ریاضی,9946,4954,منطقه 1,مهندسی عمران,دانشگاه سمنان
1396,ریاضی,9960,982,ایثارگر-5%,مهندسی مواد و متالورژی,دانشگاه علم و صنعت ایران - تهران
1396,ریاضی,9960,2968,منطقه 2,مهندسی صنایع,دانشگاه اردکان
1396,ریاضی,9960,2968,منطقه 2,مهندسی نفت,دانشگاه صنعت نفت (محل تحصیل اهواز)
1396,ریاضی,9960,2968,منطقه 2,مهندسی کامپیوتر,دانشگاه صنعتی نوشیروانی بابل
1396,ریاضی,9960,4962,منطقه 1,مهندسی عمران,دانشگاه تبریز
1396,ریاضی,9974,847,منطقه 3,مهندسی نفت,دانشگاه صنعتی اصفهان
1396,ریاضی,9974,2973,منطقه 2,مهندسی مکانیک,دانشگاه تهران (محل تحصیل رضوانشهر گیلان)
1396,ریاضی,9974,2973,منطقه 2,مهندسی مکانیک,دانشگاه صنعت نفت (محل تحصیل آبادان)
1396,ریاضی,9974,2973,منطقه 2,مهندسی مکانیک,دانشگاه صنعتی نوشیروانی بابل
1396,ریاضی,9974,4968,منطقه 1,مهندسی شهرسازی,دانشگاه هنر اصفهان
1396,ریاضی,9989,849,منطقه 3,مهندسی مواد و متالورژی,دانشگاه علم و صنعت ایران - تهران
1396,ریاضی,9989,2977,منطقه 2,مهندسی صنایع,دانشگاه صنعتی امیرکبیر - تهران - پردیس خودگردان
1396,ریاضی,9989,4974,منطقه 1,مهندسی عمران,دانشگاه تبریز
1396,انسانی,9,6,منطقه 1,روانشناسی,دانشگاه تهران
1396,انسانی,15,9,منطقه 1,کارشناسی ارشد پیوسته علوم قضایی,دانشگاه علوم قضایی و خدمات ادارای دادگستری
1396,انسانی,16,10,منطقه 1,حقوق,دانشگاه تهران
1396,انسانی,17,4,منطقه 2,حقوق,دانشگاه تهران
1396,انسانی,18,5,منطقه 2,کارشناسی ارشد پیوسته علوم قضایی,دانشگاه علوم قضایی و خدمات ادارای دادگستری
1396,انسانی,29,11,منطقه 2,روانشناسی,دانشگاه شهید بهشتی - تهران
1396,انسانی,31,13,منطقه 2,روانشناسی,دانشگاه تهران
1396,انسانی,32,16,منطقه 1,حقوق,دانشگاه تهران
1396,انسانی,35,14,منطقه 2,روانشناسی,دانشگاه تهران
1396,انسانی,37,19,منطقه 1,حقوق,دانشگاه تبریز
1396,انسانی,40,22,منطقه 1,حقوق,دانشگاه تهران
1396,انسانی,43,25,منطقه 1,روانشناسی,دانشگاه شیراز
1396,انسانی,46,2,ایثارگر-25%,روانشناسی,دانشگاه شیراز
1396,انسانی,46,3,منطقه 3,روانشناسی,دانشگاه تهران
1396,انسانی,50,4,منطقه 3,حقوق,دانشگاه تهران
1396,انسانی,54,17,منطقه 2,روانشناسی,دانشگاه تهران
1396,انسانی,58,18,منطقه 2,حقوق,دانشگاه تهران
1396,انسانی,60,19,منطقه 2,حقوق,دانشگاه تهران
1396,انسانی,61,20,منطقه 2,حقوق,دانشگاه شهید بهشتی - تهران
1396,انسانی,63,5,منطقه 3,حقوق,دانشگاه تهران
1396,انسانی,72,23,منطقه 2,حقوق,دانشگاه شهید بهشتی - تهران
1396,انسانی,74,2,ایثارگر-5%,آموزش زبان و ادبیات فارسی - بومی استان کرمانشاه,پردیس بنت الهدی صدر-قزوین
1396,انسانی,80,25,منطقه 2,کارشناسی ارشد پیوسته علوم قضایی,دانشگاه علوم قضایی و خدمات ادارای دادگستری
1396,انسانی,85,27,منطقه 2,حقوق,دانشگاه تهران
1396,انسانی,90,29,منطقه 2,کارشناسی ارشد پیوسته علوم قضایی,دانشگاه علوم قضایی و خدمات ادارای دادگستری
1396,انسانی,91,50,منطقه 1,حسابداری,دانشگاه تهران
1396,انسانی,92,30,منطقه 2,حقوق,دانشگاه تهران
1396,انسانی,93,51,منطقه 1,حقوق,دانشگاه تهران
1396,انسانی,94,31,منطقه 2,آموزش زبان و ادبیات فارسی - بومی استان یزد,پردیس شهید باهنر - شیراز
1396,انسانی,96,7,منطقه 3,حقوق,دانشگاه تهران
1396,انسانی,100,5,ایثارگر-5%,حقوق,دانشگاه تهران
1396,انسانی,101,55,منطقه 1,روانشناسی,دانشگاه تهران
1396,انسانی,102,32,منطقه 2,حقوق,دانشگاه تهران
1396,انسانی,104,34,منطقه 2,حقوق,دانشگاه تهران
1396,انسانی,107,35,منطقه 2,حقوق,دانشگاه تهران
1396,انسانی,110,36,منطقه 2,حقوق,دانشگاه تهران
1396,انسانی,115,59,منطقه 1,حقوق,دانشگاه تهران
1396,انسانی,117,38,منطقه 2,روانشناسی,دانشگاه تهران
1396,انسانی,118,39,منطقه 2,حقوق,دانشگاه تهران
1396,انسانی,121,40,منطقه 2,حقوق,دانشگاه تهران
1396,انسانی,122,41,منطقه 2,کارشناسی ارشد پیوسته علوم قضایی,دانشگاه علوم قضایی و خدمات ادارای دادگستری
1396,انسانی,123,42,منطقه 2,آموزش ابتدایی - بومی خراسان جنوبی,پردیس امام سجاد - بیرجند
1396,انسانی,125,44,منطقه 2,کارشناسی ارشد پیوسته علوم قضایی,دانشگاه علوم قضایی و خدمات ادارای دادگستری
1396,انسانی,129,45,منطقه 2,حقوق,دانشگاه تهران
1396,انسانی,132,46,منطقه 2,حقوق,دانشگاه تهران
1396,انسانی,135,10,ایثارگر-5%,حقوق,دانشگاه تهران
1396,انسانی,137,47,منطقه 2,آموزش زبان و ادبیات فارسی - بومی استان اصفهان,پردیس شهید باهنر - شهرکرد
1396,انسانی,138,48,منطقه 2,آموزش زبان و ادبیات فارسی - بومی استان اصفهان,پردیس شهید باهنر - شهرکرد
1396,انسانی,145,69,منطقه 1,حقوق,دانشگاه شهید بهشتی - تهران
1396,انسانی,147,53,منطقه 2,روانشناسی,دانشگاه تهران
1396,انسانی,148,71,منطقه 1,روانشناسی,دانشگاه شهید بهشتی - تهران
1396,انسانی,157,11,منطقه 3,روانشناسی,دانشگاه تهران
1396,انسانی,163,57,منطقه 2,حقوق,دانشگاه تهران
1396,انسانی,165,59,منطقه 2,آموزش ابتدایی - بومی خراسان رضوی,پردیس شهید هاشمی نژاد - مشهد
1396,انسانی,178,61,منطقه 2,روانشناسی,دانشگاه تهران
1396,انسانی,181,84,منطقه 1,روانشناسی,دانشگاه علامه طباطبایی - تهران
1396,انسانی,182,14,منطقه 3,کارشناسی ارشد پیوسته علوم قضایی,دانشگاه علوم قضایی و خدمات ادارای دادگستری
1396,انسانی,185,63,منطقه 2,حقوق,دانشگاه شهید بهشتی - تهران
1396,انسانی,193,88,منطقه 1,روانشناسی,دانشگاه تهران
1396,انسانی,195,65,منطقه 2,روانشناسی,دانشگاه تهران
1396,انسانی,196,20,منطقه 3,آموزش زبان و ادبیات فارسی - بومی خراسان شمالی,پردیس زینبیه - پیشوا (ورامین)
1396,انسانی,200,66,منطقه 2,کارشناسی ارشد پیوسته علوم قضایی,دانشگاه علوم قضایی و خدمات ادارای دادگستری
1396,انسانی,201,92,منطقه 1,حقوق,دانشگاه فردوسی - مشهد
1396,انسانی,206,21,منطقه 3,کارشناسی ارشد پیوسته علوم قضایی,دانشگاه علوم قضایی و خدمات ادارای دادگستری
1396,انسانی,213,5,ایثارگر-25%,حقوق,دانشگاه تهران
1396,انسانی,213,101,منطقه 1,حقوق,دانشگاه شهید بهشتی - تهران
1396,انسانی,216,23,منطقه 3,علوم قضایی,دانشگاه علوم قضایی و خدمات ادارای دادگستری
1396,انسانی,222,70,منطقه 2,روانشناسی,دانشگاه شهید بهشتی - تهران
1396,انسانی,240,27,منطقه 3,آموزش ابتدایی - بومی آذربایجان غربی,پردیس علامه طباطبایی - ارومیه
1396,انسانی,241,28,منطقه 3,روانشناسی,دانشگاه تهران
1396,انسانی,249,30,منطقه 3,کارشناسی ارشد پیوسته علوم قضایی,دانشگاه علوم قضایی و خدمات ادارای دادگستری
1396,انسانی,251,73,منطقه 2,حقوق,دانشگاه فردوسی - مشهد
1396,انسانی,257,74,منطقه 2,کارشناسی ارشد پیوسته علوم قضایی,دانشگاه علوم قضایی و خدمات ادارای دادگستری
1396,انسانی,260,122,منطقه 1,حقوق,دانشگاه شیراز
1396,انسانی,263,77,منطقه 2,حقوق,دانشگاه شهید بهشتی - تهران
1396,انسانی,264,124,منطقه 1,حقوق,دانشگاه شهید بهشتی - تهران
1396,انسانی,264,124,منطقه 1,کارشناسی ارشد پیوسته علوم قضایی,دانشگاه علوم قضایی و خدمات ادارای دادگستری
1396,انسانی,267,78,منطقه 2,علوم قضایی,دانشگاه علوم قضایی و خدمات ادارای دادگستری
1396,انسانی,270,80,منطقه 2,روانشناسی,دانشگاه شهید بهشتی - تهران
1396,انسانی,273,82,منطقه 2,آموزش ابتدایی - بومی استان تهران,پردیس امیر کبیر - کرج
1396,انسانی,278,85,منطقه 2,حقوق,دانشگاه شهید بهشتی - تهران
1396,انسانی,279,27,ایثارگر-5%,کارشناسی ارشد پیوسته علوم قضایی,دانشگاه علوم قضایی و خدمات ادارای دادگستری
1396,انسانی,284,87,منطقه 2,حقوق,دانشگاه شهید بهشتی - تهران
1396,انسانی,286,133,منطقه 1,حقوق,دانشگاه شهید بهشتی - تهران
1396,انسانی,290,28,ایثارگر-5%,روانشناسی,دانشگاه تهران
1396,انسانی,292,34,منطقه 3,حقوق,دانشگاه علامه طباطبایی - تهران
1396,انسانی,293,8,ایثارگر-25%,روانشناسی,دانشگاه شهید بهشتی - تهران
1396,انسانی,293,90,منطقه 2,کارشناسی ارشد پیوسته علوم قضایی,دانشگاه علوم قضایی و خدمات ادارای دادگستری
1396,انسانی,297,91,منطقه 2,آموزش ابتدایی - بومی خراسان رضوی,پردیس شهید هاشمی نژاد - مشهد
1396,انسانی,298,135,منطقه 1,حقوق,دانشگاه فردوسی - مشهد
1396,انسانی,300,36,منطقه 3,آموزش ابتدایی - بومی خراسان شمالی,پردیس امام جعفر صادق - بجنورد
1396,انسانی,301,136,منطقه 1,آموزش ابتدایی - بومی فارس,پردیس شهید باهنر - شیراز
1396,انسانی,306,92,منطقه 2,آموزش زبان و ادبیات فارسی - بومی آذربایجان شرقی,پردیس بنت الهدی صدر-قزوین
1396,انسانی,307,93,منطقه 2,آموزش ابتدایی - بومی خراسان رضوی,پردیس شهید هاشمی نژاد - مشهد
1396,انسانی,310,94,منطقه 2,حقوق,دانشگاه شهید بهشتی - تهران
1396,انسانی,315,95,منطقه 2,حقوق,دانشگاه شهید بهشتی - تهران
1396,انسانی,321,39,منطقه 3,علوم قضایی,دانشگاه علوم قضایی و خدمات ادارای دادگستری
1396,انسانی,325,98,منطقه 2,حقوق,دانشگاه یزد
1396,انسانی,326,40,منطقه 3,کارشناسی ارشد پیوسته علوم قضایی,دانشگاه علوم قضایی و خدمات ادارای دادگستری
1396,انسانی,328,99,منطقه 2,حقوق,دانشگاه علامه طباطبایی - تهران
1396,انسانی,328,99,منطقه 2,کارشناسی ارشد پیوسته علوم قضایی,دانشگاه علوم قضایی و خدمات ادارای دادگستری
1396,انسانی,332,10,ایثارگر-25%,کارشناسی ارشد پیوسته علوم قضایی,دانشگاه علوم قضایی و خدمات ادارای دادگستری
1396,انسانی,337,153,منطقه 1,حقوق,دانشگاه علامه طباطبایی - تهران
1396,انسانی,341,105,منطقه 2,آموزش ابتدایی - بومی استان تهران,پردیس زینبیه - پیشوا (ورامین)
1396,انسانی,342,155,منطقه 1,روانشناسی,دانشگاه شیراز
1396,انسانی,346,31,ایثارگر-5%,حقوق,دانشگاه شیراز
1396,انسانی,349,107,منطقه 2,حقوق,دانشگاه تهران (محل تحصیل قم)
1396,انسانی,350,159,منطقه 1,کارشناسی ارشد پیوسته علوم قضایی,دانشگاه علوم قضایی و خدمات ادارای دادگستری
1396,انسانی,353,44,منطقه 3,حقوق,دانشگاه فردوسی - مشهد
1396,انسانی,353,108,منطقه 2,روانشناسی,دانشگاه شهید بهشتی - تهران
1396,انسانی,357,45,منطقه 3,آموزش ابتدایی - بومی خراسان رضوی,پردیس شهید هاشمی نژاد - مشهد
1396,انسانی,359,164,منطقه 1,حسابداری,دانشگاه تهران
1396,انسانی,362,46,منطقه 3,حقوق,دانشگاه علامه طباطبایی - تهران
1396,انسانی,363,109,منطقه 2,حقوق,دانشگاه علامه طباطبایی - تهران
1396,انسانی,364,167,منطقه 1,حقوق,دانشگاه علامه طباطبایی - تهران
1396,انسانی,366,169,منطقه 1,حقوق,دانشگاه اصفهان
1396,انسانی,367,110,منطقه 2,حقوق,دانشگاه شهید بهشتی - تهران
1396,انسانی,368,47,منطقه 3,آموزش زبان و ادبیات فارسی - بومی استان چهارمحال وبختیاری,پردیس بحرالعلوم - شهرکرد
1396,انسانی,370,111,منطقه 2,علوم سیاسی,دانشگاه تهران
1396,انسانی,371,171,منطقه 1,حسابداری,دانشگاه تهران
1396,انسانی,372,48,منطقه 3,آموزش ابتدایی - بومی فارس,پردیس شهید باهنر - شیراز
1396,انسانی,377,49,منطقه 3,آموزش ابتدایی - بومی گیلان,پردیس بنت الهدی صدر - رشت
1396,انسانی,382,34,ایثارگر-5%,آموزش ابتدایی - بومی مازندران,پردیس فاطمه الزهرا(س) ساری
1396,انسانی,383,114,منطقه 2,آموزش زبان و ادبیات فارسی - بومی آذربایجان شرقی,پردیس بنت الهدی صدر-قزوین
1396,انسانی,388,35,ایثارگر-5%,فقه و مبانی حقوق اسلامی,دانشگاه تهران
1396,انسانی,395,36,ایثارگر-5%,آموزش ابتدایی - بومی خراسان رضوی,پردیس شهید هاشمی نژاد - مشهد
1396,انسانی,396,119,منطقه 2,حقوق,دانشگاه شهید بهشتی - تهران
1396,انسانی,397,120,منطقه 2,کارشناسی ارشد پیوسته علوم قضایی,دانشگاه علوم قضایی و خدمات ادارای دادگستری
1396,انسانی,406,123,منطقه 2,حقوق,دانشگاه شهید بهشتی - تهران
1396,انسانی,407,37,ایثارگر-5%,حقوق,دانشگاه فردوسی - مشهد
1396,انسانی,410,124,منطقه 2,کارشناسی ارشد پیوسته علوم قضایی,دانشگاه علوم قضایی و خدمات ادارای دادگستری
1396,انسانی,411,125,منطقه 2,روانشناسی,دانشگاه تهران
1396,انسانی,413,126,منطقه 2,آموزش زبان و ادبیات فارسی - بومی فارس,پردیس شهید رجایی - شیراز
1396,انسانی,415,127,منطقه 2,کارشناسی ارشد پیوسته علوم قضایی,دانشگاه علوم قضایی و خدمات ادارای دادگستری
1396,انسانی,420,128,منطقه 2,روانشناسی,دانشگاه علامه طباطبایی - تهران
1396,انسانی,423,195,منطقه 1,علوم سیاسی,دانشگاه تهران
1396,انسانی,427,130,منطقه 2,آموزش ابتدایی - بومی استان یزد,پردیس فاطمه الزهرا (س) - یزد
1396,انسانی,428,53,منطقه 3,روانشناسی,دانشگاه تهران
1396,انسانی,435,132,منطقه 2,حقوق,دانشگاه علامه طباطبایی - تهران
1396,انسانی,436,54,منطقه 3,کارشناسی ارشد پیوسته علوم قضایی,دانشگاه علوم قضایی و خدمات ادارای دادگستری
1396,انسانی,437,41,ایثارگر-5%,علوم قضایی,دانشگاه علوم قضایی و خدمات ادارای دادگستری
1396,انسانی,440,133,منطقه 2,حقوق,دانشگاه شهید بهشتی - تهران
1396,انسانی,442,201,منطقه 1,مدیریت بازرگانی,دانشگاه تهران
1396,انسانی,443,55,منطقه 3,کارشناسی ارشد پیوسته علوم قضایی,دانشگاه علوم قضایی و خدمات ادارای دادگستری
1396,انسانی,446,56,منطقه 3,روانشناسی,دانشگاه تهران
1396,انسانی,453,206,منطقه 1,مردم شناسی,دانشگاه تهران
1396,انسانی,456,57,منطقه 3,حقوق,دانشگاه فردوسی - مشهد
1396,انسانی,458,138,منطقه 2,روانشناسی,دانشگاه علامه طباطبایی - تهران
1396,انسانی,464,139,منطقه 2,آموزش ابتدایی - بومی استان یزد,پردیس فاطمه الزهرا (س) - یزد
1396,انسانی,467,211,منطقه 1,مدیریت بازرگانی,دانشگاه علامه طباطبایی - تهران
1396,انسانی,468,48,ایثارگر-5%,کارشناسی ارشد پیوسته علوم قضایی,دانشگاه علوم قضایی و خدمات ادارای دادگستری
1396,انسانی,473,214,منطقه 1,روانشناسی,دانشگاه اصفهان
1396,انسانی,475,14,ایثارگر-25%,حقوق,دانشگاه تهران
1396,انسانی,475,215,منطقه 1,حقوق,دانشگاه اصفهان
1396,انسانی,480,58,منطقه 3,آموزش جغرافیا - بومی آذربایجان غربی,پردیس حکیم ابوالقاسم فردوسی - کرج
1396,انسانی,482,219,منطقه 1,حقوق,دانشگاه علامه طباطبایی - تهران
1396,انسانی,485,221,منطقه 1,آموزش ابتدایی - بومی استان اصفهان,پردیس فاطمه الزهرا (س) - اصفهان
1396,انسانی,487,222,منطقه 1,روانشناسی,دانشگاه فردوسی - مشهد
1396,انسانی,490,52,ایثارگر-5%,حقوق,دانشگاه الزهرا(س) - تهران
1396,انسانی,490,59,منطقه 3,حقوق,دانشگاه الزهرا(س) - تهران
1396,انسانی,499,53,ایثارگر-5%,کارشناسی ارشد پیوسته علوم قضایی,دانشگاه علوم قضایی و خدمات ادارای دادگستری
1396,انسانی,502,145,منطقه 2,کارشناسی ارشد پیوسته علوم قضایی,دانشگاه علوم قضایی و خدمات ادارای دادگستری
1396,انسانی,505,230,منطقه 1,آموزش ابتدایی - بومی فارس,پردیس شهید باهنر - شیراز
1396,انسانی,506,147,منطقه 2,آموزش ابتدایی - بومی استان قم,پردیس حضرت معصومه - قم
1396,انسانی,512,149,منطقه 2,زبان و ادبیات فارسی,دانشگاه خوارزمی - تهران (محل تحصیل کرج)
1396,انسانی,516,234,منطقه 1,حقوق,دانشگاه شیراز
1396,انسانی,519,152,منطقه 2,حقوق,دانشگاه یزد
1396,انسانی,520,236,منطقه 1,علوم قضایی,دانشگاه علوم قضایی و خدمات ادارای دادگستری
1396,انسانی,522,238,منطقه 1,آموزش ابتدایی - بومی استان تهران,پردیس نسیبه - تهران
1396,انسانی,523,239,منطقه 1,حقوق,دانشگاه فردوسی - مشهد
1396,انسانی,524,63,منطقه 3,حقوق,دانشگاه مازندران - بابلسر
1396,انسانی,525,64,منطقه 3,فقه و مبانی حقوق اسلامی,دانشگاه تهران
1396,انسانی,527,153,منطقه 2,آموزش ابتدایی - بومی مرکزی,پردیس زینب کبری (س) - اراک
1396,انسانی,530,154,منطقه 2,علوم قضایی,دانشگاه علوم قضایی و خدمات ادارای دادگستری
1396,انسانی,534,156,منطقه 2,کارشناسی ارشد پیوسته علوم قضایی,دانشگاه علوم قضایی و خدمات ادارای دادگستری
1396,انسانی,541,160,منطقه 2,آموزش ابتدایی - بومی آذربایجان غربی,پردیس علامه طباطبایی - ارومیه
1396,انسانی,541,160,منطقه 2,کارشناسی ارشد پیوسته معارف اسلامی و حقوق,دانشگاه شهید باهنر - کرمان
1396,انسانی,543,162,منطقه 2,حقوق,دانشگاه فردوسی - مشهد
1396,انسانی,543,162,منطقه 2,مدیریت مالی,دانشگاه تهران
1396,انسانی,545,69,منطقه 3,کارشناسی ارشد پیوسته علوم قضایی,دانشگاه علوم قضایی و خدمات ادارای دادگستری
1396,انسانی,548,243,منطقه 1,حقوق,دانشگاه شیراز
1396,انسانی,552,70,منطقه 3,روانشناسی,دانشگاه شیراز
1396,انسانی,556,166,منطقه 2,آموزش ابتدایی - بومی مازندران,پردیس فاطمه الزهرا(س) ساری
1396,انسانی,557,247,منطقه 1,زبان و ادبیات فارسی,دانشگاه شیراز
1396,انسانی,561,72,منطقه 3,حقوق,دانشگاه اصفهان
1396,انسانی,562,73,منطقه 3,کارشناسی ارشد پیوسته علوم قضایی,دانشگاه علوم قضایی و خدمات ادارای دادگستری
1396,انسانی,564,168,منطقه 2,حقوق,دانشگاه فردوسی - مشهد
1396,انسانی,566,74,منطقه 3,روانشناسی,دانشگاه تهران
1396,انسانی,572,170,منطقه 2,کارشناسی ارشد پیوسته علوم قضایی,دانشگاه علوم قضایی و خدمات ادارای دادگستری
1396,انسانی,575,254,منطقه 1,مدیریت مالی,دانشگاه شهید بهشتی - تهران
1396,انسانی,582,174,منطقه 2,آموزش ابتدایی - بومی استان اردبیل,پردیس بنت الهدی صدر - اردبیل
1396,انسانی,583,77,منطقه 3,حقوق,دانشگاه شهید بهشتی - تهران
1396,انسانی,584,175,منطقه 2,کارشناسی ارشد پیوسته علوم قضایی,دانشگاه علوم قضایی و خدمات ادارای دادگستری
1396,انسانی,586,176,منطقه 2,علوم سیاسی,دانشگاه شهید بهشتی - تهران
1396,انسانی,589,178,منطقه 2,آموزش زبان و ادبیات فارسی - بومی استان اصفهان,پردیس شهید باهنر - شهرکرد
1396,انسانی,592,179,منطقه 2,علوم قضایی,دانشگاه علوم قضایی و خدمات ادارای دادگستری
1396,انسانی,597,17,ایثارگر-25%,حقوق,دانشگاه تهران
1396,انسانی,600,181,منطقه 2,حقوق,دانشگاه شیراز
1396,انسانی,604,262,منطقه 1,حقوق,دانشگاه فردوسی - مشهد
1396,انسانی,622,272,منطقه 1,مدیریت مالی,دانشگاه شهید بهشتی - تهران
1396,انسانی,624,188,منطقه 2,آموزش ابتدایی - بومی استان یزد,پردیس فاطمه الزهرا (س) - یزد
1396,انسانی,626,189,منطقه 2,روانشناسی,دانشگاه شهید بهشتی - تهران
1396,انسانی,628,190,منطقه 2,حقوق,دانشگاه شیراز
1396,انسانی,632,191,منطقه 2,آموزش ابتدایی - بومی استان اصفهان,پردیس فاطمه الزهرا (س) - اصفهان
1396,انسانی,634,85,منطقه 3,روانشناسی,دانشگاه شهید بهشتی - تهران
1396,انسانی,635,192,منطقه 2,مدیریت مالی,دانشگاه تهران
1396,انسانی,641,277,منطقه 1,روانشناسی,دانشگاه خوارزمی - تهران (محل تحصیل کرج)
1396,انسانی,642,196,منطقه 2,علوم قضایی,دانشگاه علوم قضایی و خدمات ادارای دادگستری
1396,انسانی,644,66,ایثارگر-5%,حسابداری,دانشگاه صنعت نفت
1396,انسانی,647,198,منطقه 2,حقوق,دانشگاه الزهرا(س) - تهران
1396,انسانی,649,19,ایثارگر-25%,روانشناسی,دانشگاه یزد
1396,انسانی,651,199,منطقه 2,حقوق,دانشگاه اصفهان
1396,انسانی,653,200,منطقه 2,علوم قضایی,دانشگاه علوم قضایی و خدمات ادارای دادگستری
1396,انسانی,655,201,منطقه 2,حقوق,دانشگاه شیراز
1396,انسانی,657,88,منطقه 3,حقوق,دانشگاه فردوسی - مشهد
1396,انسانی,659,70,ایثارگر-5%,آموزش ابتدایی - بومی استان اصفهان,پردیس فاطمه الزهرا (س) - اصفهان
1396,انسانی,664,283,منطقه 1,حقوق,دانشگاه اصفهان
1396,انسانی,666,285,منطقه 1,حقوق,دانشگاه اصفهان
1396,انسانی,667,203,منطقه 2,روانشناسی,دانشگاه فردوسی - مشهد
1396,انسانی,668,204,منطقه 2,کارشناسی ارشد پیوسته علوم قضایی,دانشگاه علوم قضایی و خدمات ادارای دادگستری
1396,انسانی,678,208,منطقه 2,حقوق,دانشگاه تهران (محل تحصیل قم)
1396,انسانی,686,73,ایثارگر-5%,علوم سیاسی,دانشگاه تهران
1396,انسانی,686,211,منطقه 2,روانشناسی,دانشگاه فردوسی - مشهد
1396,انسانی,691,213,منطقه 2,آموزش ابتدایی - بومی استان یزد,پردیس فاطمه الزهرا (س) - یزد
1396,انسانی,693,214,منطقه 2,حسابداری,دانشگاه تهران
1396,انسانی,693,214,منطقه 2,روانشناسی,دانشگاه شهید بهشتی - تهران
1396,انسانی,693,292,منطقه 1,روانشناسی,دانشگاه اصفهان
1396,انسانی,696,216,منطقه 2,آموزش زبان و ادبیات فارسی - بومی سیستان وبلوچستان,پردیس شهید باهنر - کرمان
1396,انسانی,699,218,منطقه 2,حقوق,دانشگاه الزهرا(س) - تهران
1396,انسانی,705,222,منطقه 2,فقه و مبانی حقوق اسلامی,دانشگاه تهران
1396,انسانی,707,223,منطقه 2,حقوق,دانشگاه شیراز
1396,انسانی,710,21,ایثارگر-25%,حقوق,دانشگاه تهران
1396,انسانی,711,225,منطقه 2,مدیریت مالی,دانشگاه شهید بهشتی - تهران
1396,انسانی,712,22,ایثارگر-25%,حقوق,دانشگاه تهران
1396,انسانی,715,226,منطقه 2,مدیریت مالی,دانشگاه شهید بهشتی - تهران
1396,انسانی,715,298,منطقه 1,حقوق,دانشگاه تهران (محل تحصیل قم)
1396,انسانی,718,227,منطقه 2,حقوق,دانشگاه فردوسی - مشهد
1396,انسانی,722,228,منطقه 2,مدیریت مالی,دانشگاه شهید بهشتی - تهران
1396,انسانی,724,23,ایثارگر-25%,حقوق,دانشگاه تهران
1396,انسانی,730,77,ایثارگر-5%,حقوق,دانشگاه شاهد - تهران
1396,انسانی,735,232,منطقه 2,زبان و ادبیات فارسی,دانشگاه بیرجند
1396,انسانی,736,233,منطقه 2,آموزش ابتدایی - بومی استان تهران,پردیس امیر کبیر - کرج
1396,انسانی,740,99,منطقه 3,روانشناسی,دانشگاه تهران
1396,انسانی,742,237,منطقه 2,علوم سیاسی,دانشگاه تهران
1396,انسانی,744,100,منطقه 3,آموزش ابتدایی - بومی استان تهران,پردیس امیر کبیر - کرج
1396,انسانی,747,240,منطقه 2,مدیریت مالی,دانشگاه شهید بهشتی - تهران
1396,انسانی,749,242,منطقه 2,حقوق,دانشگاه الزهرا(س) - تهران
1396,انسانی,750,243,منطقه 2,آموزش ابتدایی - بومی استان اردبیل,پردیس بنت الهدی صدر - اردبیل
1396,انسانی,751,305,منطقه 1,حقوق,دانشگاه شیراز
1396,انسانی,754,244,منطقه 2,کارشناسی ارشد پیوسته علوم قضایی,دانشگاه علوم قضایی و خدمات ادارای دادگستری
1396,انسانی,757,309,منطقه 1,حقوق,دانشگاه شیراز
1396,انسانی,762,102,منطقه 3,حقوق,دانشگاه شیراز
1396,انسانی,764,313,منطقه 1,مدیریت دولتی,دانشگاه تهران
1396,انسانی,766,247,منطقه 2,حقوق,دانشگاه الزهرا(س) - تهران
1396,انسانی,766,247,منطقه 2,علوم قضایی,دانشگاه علوم قضایی و خدمات ادارای دادگستری
1396,انسانی,768,80,ایثارگر-5%,کارشناسی ارشد پیوسته علوم قضایی,دانشگاه علوم قضایی و خدمات ادارای دادگستری
1396,انسانی,771,250,منطقه 2,حقوق,دانشگاه بجنورد
1396,انسانی,775,253,منطقه 2,آموزش جغرافیا - بومی استان یزد,پردیس امیر کبیر - کرج
1396,انسانی,781,320,منطقه 1,حقوق,دانشگاه تبریز
1396,انسانی,788,257,منطقه 2,روانشناسی,دانشگاه الزهرا(س) - تهران
1396,انسانی,792,326,منطقه 1,حقوق,دانشگاه تبریز
1396,انسانی,797,329,منطقه 1,آموزش ابتدایی - بومی استان اصفهان,پردیس فاطمه الزهرا (س) - اصفهان
1396,انسانی,797,329,منطقه 1,حقوق,دانشگاه الزهرا(س) - تهران
1396,انسانی,801,104,منطقه 3,آموزش ابتدایی - بومی استان اردبیل,پردیس بنت الهدی صدر - اردبیل
1396,انسانی,801,333,منطقه 1,پژوهشگری اجتماعی,دانشگاه شهید بهشتی - تهران
1396,انسانی,810,261,منطقه 2,آموزش ابتدایی - بومی استان قم,پردیس حضرت معصومه - قم
1396,انسانی,810,261,منطقه 2,آموزش ابتدایی - بومی استان یزد,پردیس فاطمه الزهرا (س) - یزد
1396,انسانی,810,261,منطقه 2,حقوق,دانشگاه گیلان - رشت
1396,انسانی,815,85,ایثارگر-5%,آموزش ابتدایی - بومی خراسان رضوی,پردیس شهید هاشمی نژاد - مشهد
1396,انسانی,815,336,منطقه 1,علوم قضایی,دانشگاه علوم قضایی و خدمات ادارای دادگستری
1396,انسانی,818,106,منطقه 3,روانشناسی,دانشگاه علامه طباطبایی - تهران
1396,انسانی,822,267,منطقه 2,علوم قضایی,دانشگاه علوم قضایی و خدمات ادارای دادگستری
1396,انسانی,825,87,ایثارگر-5%,آموزش ابتدایی - بومی استان یزد,پردیس فاطمه الزهرا (س) - یزد
1396,انسانی,827,269,منطقه 2,روانشناسی,دانشگاه علامه طباطبایی - تهران
1396,انسانی,831,272,منطقه 2,روانشناسی,دانشگاه یزد
1396,انسانی,833,273,منطقه 2,حقوق,دانشگاه علامه طباطبایی - تهران
1396,انسانی,840,108,منطقه 3,آموزش ابتدایی - بومی خراسان جنوبی,پردیس امام سجاد - بیرجند
1396,انسانی,840,108,منطقه 3,آموزش زبان و ادبیات فارسی - بومی آذربایجان شرقی,پردیس بنت الهدی صدر-قزوین
1396,انسانی,842,345,منطقه 1,علوم سیاسی,دانشگاه تهران
1396,انسانی,846,279,منطقه 2,علوم قضایی,دانشگاه علوم قضایی و خدمات ادارای دادگستری
1396,انسانی,848,280,منطقه 2,آموزش ابتدایی - بومی استان یزد,پردیس فاطمه الزهرا (س) - یزد
1396,انسانی,850,281,منطقه 2,آموزش ابتدایی - بومی مازندران,پردیس فاطمه الزهرا(س) ساری
1396,انسانی,850,281,منطقه 2,حقوق,دانشگاه اصفهان
1396,انسانی,857,112,منطقه 3,کارشناسی ارشد پیوسته علوم قضایی,دانشگاه علوم قضایی و خدمات ادارای دادگستری
1396,انسانی,860,287,منطقه 2,حقوق,دانشگاه تهران (محل تحصیل قم)
1396,انسانی,862,348,منطقه 1,زبان و ادبیات فارسی,دانشگاه اصفهان
1396,انسانی,867,116,منطقه 3,حقوق,دانشگاه شهید بهشتی - تهران
1396,انسانی,874,352,منطقه 1,کارشناسی ارشد پیوسته علوم قضایی,دانشگاه علوم قضایی و خدمات ادارای دادگستری
1396,انسانی,877,290,منطقه 2,روانشناسی,دانشگاه اصفهان
1396,انسانی,882,355,منطقه 1,مدیریت بازرگانی,دانشگاه علامه طباطبایی - تهران
1396,انسانی,885,122,منطقه 3,آموزش ابتدایی - بومی خراسان جنوبی,پردیس امام سجاد - بیرجند
1396,انسانی,887,292,منطقه 2,آموزش ابتدایی - بومی آذربایجان شرقی,پردیس فاطمه الزهرا (س) - تبریز
1396,انسانی,894,359,منطقه 1,آموزش ابتدایی - بومی استان اصفهان,پردیس شهید باهنر - اصفهان
1396,انسانی,896,124,منطقه 3,کارشناسی ارشد پیوسته علوم قضایی,دانشگاه علوم قضایی و خدمات ادارای دادگستری
1396,انسانی,896,296,منطقه 2,علوم قضایی,دانشگاه علوم قضایی و خدمات ادارای دادگستری
1396,انسانی,909,130,منطقه 3,آموزش ابتدایی - بومی استان کرمانشاه,پردیس شهید صدوقی - کرمانشاه
1396,انسانی,911,298,منطقه 2,فلسفه,دانشگاه تهران
1396,انسانی,915,94,ایثارگر-5%,کارشناسی ارشد پیوسته علوم قضایی,دانشگاه علوم قضایی و خدمات ادارای دادگستری
1396,انسانی,915,131,منطقه 3,آموزش ابتدایی - بومی مازندران,پردیس فاطمه الزهرا(س) ساری
1396,انسانی,915,300,منطقه 2,حقوق,دانشگاه الزهرا(س) - تهران
1396,انسانی,918,132,منطقه 3,آموزش زبان و ادبیات فارسی - بومی استان بوشهر,پردیس شهید باهنر - شیراز
1396,انسانی,929,370,منطقه 1,مدیریت بازرگانی,دانشگاه شهید بهشتی - تهران
1396,انسانی,931,27,ایثارگر-25%,روانشناسی,دانشگاه تهران
1396,انسانی,931,371,منطقه 1,آموزش ابتدایی - بومی استان اصفهان,پردیس فاطمه الزهرا (س) - اصفهان
1396,انسانی,935,306,منطقه 2,روانشناسی,دانشگاه خوارزمی - تهران (محل تحصیل کرج)
1396,انسانی,937,307,منطقه 2,حقوق,دانشگاه تهران (محل تحصیل قم)
1396,انسانی,938,308,منطقه 2,علوم قضایی,دانشگاه علوم قضایی و خدمات ادارای دادگستری
1396,انسانی,944,99,ایثارگر-5%,روانشناسی,دانشگاه فردوسی - مشهد
1396,انسانی,944,376,منطقه 1,فقه و حقوق اسلامی,دانشگاه شهید مطهری
1396,انسانی,947,136,منطقه 3,آموزش زبان و ادبیات فارسی - بومی گلستان,پردیس دکتر شریعتی - ساری
1396,انسانی,947,310,منطقه 2,آموزش ابتدایی - بومی استان قم,پردیس حضرت معصومه - قم
1396,انسانی,952,100,ایثارگر-5%,روانشناسی,دانشگاه اصفهان
1396,انسانی,952,138,منطقه 3,حقوق,دانشگاه گیلان - رشت
1396,انسانی,956,313,منطقه 2,آموزش ابتدایی - بومی استان کرمان,پردیس شهید باهنر - کرمان
1396,انسانی,957,314,منطقه 2,حسابداری,دانشگاه یزد
1396,انسانی,957,378,منطقه 1,حقوق,دانشگاه اصفهان
1396,انسانی,961,381,منطقه 1,مدیریت صنعتی,دانشگاه تهران
1396,انسانی,963,315,منطقه 2,آموزش ابتدایی - بومی استان اصفهان,پردیس فاطمه الزهرا (س) - اصفهان
1396,انسانی,966,139,منطقه 3,آموزش جغرافیا - بومی آذربایجان غربی,پردیس امیر کبیر - کرج
1396,انسانی,966,316,منطقه 2,آموزش کودکان استثنایی - بومی خراسان جنوبی,پردیس شهید هاشمی نژاد - مشهد
1396,انسانی,971,141,منطقه 3,کارشناسی ارشد پیوسته علوم قضایی,دانشگاه علوم قضایی و خدمات ادارای دادگستری
1396,انسانی,971,318,منطقه 2,آموزش ابتدایی - بومی استان تهران,پردیس امیر کبیر - کرج
1396,انسانی,975,144,منطقه 3,حقوق,دانشگاه شهید بهشتی - تهران
1396,انسانی,980,321,منطقه 2,مدیریت بازرگانی,دانشگاه تهران
1396,انسانی,985,145,منطقه 3,آموزش زبان و ادبیات فارسی - بومی استان کرمان,پردیس شهید باهنر - کرمان
1396,انسانی,985,324,منطقه 2,علوم قضایی,دانشگاه علوم قضایی و خدمات ادارای دادگستری
1396,انسانی,989,389,منطقه 1,حقوق,دانشگاه فردوسی - مشهد
1396,انسانی,992,327,منطقه 2,علوم قضایی,دانشگاه علوم قضایی و خدمات ادارای دادگستری
1396,انسانی,992,327,منطقه 2,مدیریت بازرگانی,دانشگاه علامه طباطبایی - تهران
1396,انسانی,995,391,منطقه 1,مردم شناسی,دانشگاه تهران
1396,انسانی,1000,392,منطقه 1,آموزش ابتدایی - بومی استان اصفهان,پردیس فاطمه الزهرا (س) - اصفهان
1396,انسانی,1002,394,منطقه 1,حقوق,دانشگاه تبریز
1396,انسانی,1007,102,ایثارگر-5%,آموزش زبان و ادبیات فارسی - بومی استان یزد,پردیس شهید رجایی - شیراز
1396,انسانی,1007,398,منطقه 1,فقه و مبانی حقوق اسلامی,دانشگاه تهران
1396,انسانی,1013,401,منطقه 1,مدیریت بیمه,دانشگاه علامه طباطبایی - تهران
1396,انسانی,1015,332,منطقه 2,حقوق,دانشگاه بین المللی امام خمینی(ره) - قزوین
1396,انسانی,1016,150,منطقه 3,حقوق,دانشگاه شهید بهشتی - تهران
1396,انسانی,1019,105,ایثارگر-5%,روانشناسی,دانشگاه فردوسی - مشهد
1396,انسانی,1021,151,منطقه 3,کارشناسی ارشد پیوسته علوم قضایی,دانشگاه علوم قضایی و خدمات ادارای دادگستری
1396,انسانی,1032,107,ایثارگر-5%,آموزش ابتدایی - بومی کردستان,پردیس بنت الهدی صدر - سنندج
1396,انسانی,1034,337,منطقه 2,آموزش ابتدایی - بومی استان اصفهان,پردیس فاطمه الزهرا (س) - اصفهان
1396,انسانی,1037,412,منطقه 1,روانشناسی,دانشگاه الزهرا(س) - تهران
1396,انسانی,1042,338,منطقه 2,آموزش ابتدایی - بومی استان سمنان,پردیس فاطمه الزهرا (س) - سمنان
1396,انسانی,1051,343,منطقه 2,حقوق,دانشگاه تهران (محل تحصیل قم)
1396,انسانی,1053,344,منطقه 2,فقه و مبانی حقوق اسلامی,دانشگاه تهران
1396,انسانی,1056,346,منطقه 2,حقوق,دانشگاه بین المللی امام خمینی(ره) - قزوین
1396,انسانی,1057,419,منطقه 1,زبان و ادبیات عربی,دانشگاه الزهرا(س) - تهران
1396,انسانی,1060,349,منطقه 2,حسابداری,دانشگاه شهید بهشتی - تهران
1396,انسانی,1063,109,ایثارگر-5%,حقوق,دانشگاه شاهد - تهران
1396,انسانی,1067,352,منطقه 2,حسابداری,دانشگاه صنعت نفت
1396,انسانی,1070,353,منطقه 2,آموزش ابتدایی - بومی خراسان رضوی,پردیس شهید بهشتی - مشهد
1396,انسانی,1071,155,منطقه 3,حقوق,دانشگاه مازندران - بابلسر
1396,انسانی,1085,158,منطقه 3,آموزش ابتدایی - بومی خراسان جنوبی,پردیس امام سجاد - بیرجند
1396,انسانی,1090,360,منطقه 2,آموزش ابتدایی - بومی استان قم,پردیس حضرت معصومه - قم
1396,انسانی,1091,111,ایثارگر-5%,آموزش ابتدایی - بومی مرکزی,پردیس شهید باهنر - اراک
1396,انسانی,1093,159,منطقه 3,آموزش ابتدایی - بومی کردستان,پردیس بنت الهدی صدر - سنندج
1396,انسانی,1094,361,منطقه 2,حقوق,دانشگاه اصفهان
1396,انسانی,1097,160,منطقه 3,کارشناسی ارشد پیوسته علوم قضایی,دانشگاه علوم قضایی و خدمات ادارای دادگستری
1396,انسانی,1099,363,منطقه 2,علوم قضایی,دانشگاه علوم قضایی و خدمات ادارای دادگستری
1396,انسانی,1102,161,منطقه 3,آموزش ابتدایی - بومی کردستان,پردیس بنت الهدی صدر - سنندج
1396,انسانی,1102,161,منطقه 3,روانشناسی,دانشگاه خوارزمی - تهران (محل تحصیل کرج)
1396,انسانی,1104,365,منطقه 2,آموزش زبان و ادبیات فارسی - بومی خراسان رضوی,پردیس شهید هاشمی نژاد - مشهد
1396,انسانی,1109,367,منطقه 2,آموزش ابتدایی - بومی مازندران,پردیس فاطمه الزهرا(س) ساری
1396,انسانی,1114,113,ایثارگر-5%,آموزش ابتدایی - بومی خراسان جنوبی,پردیس امام سجاد - بیرجند
1396,انسانی,1114,370,منطقه 2,فقه و حقوق اسلامی,دانشگاه شهید مطهری
1396,انسانی,1120,163,منطقه 3,آموزش ابتدایی - بومی استان کرمان,پردیس شهید باهنر - کرمان
1396,انسانی,1120,372,منطقه 2,حقوق,دانشگاه اصفهان
1396,انسانی,1123,373,منطقه 2,حسابداری,دانشگاه علامه طباطبایی - تهران
1396,انسانی,1126,441,منطقه 1,آموزش ابتدایی - بومی آذربایجان شرقی,پردیس فاطمه الزهرا (س) - تبریز
1396,انسانی,1129,375,منطقه 2,مدیریت بیمه,دانشگاه علامه طباطبایی - تهران
1396,انسانی,1132,165,منطقه 3,حقوق,دانشگاه شهید بهشتی - تهران
1396,انسانی,1132,165,منطقه 3,مدیریت مالی,دانشگاه تهران
1396,انسانی,1135,377,منطقه 2,حقوق,دانشگاه اصفهان
1396,انسانی,1138,378,منطقه 2,حقوق,دانشگاه شیراز
1396,انسانی,1140,380,منطقه 2,علوم قضایی,دانشگاه علوم قضایی و خدمات ادارای دادگستری
1396,انسانی,1142,168,منطقه 3,آموزش ابتدایی - بومی خراسان جنوبی,پردیس امام سجاد - بیرجند
1396,انسانی,1142,381,منطقه 2,مدیریت بازرگانی,دانشگاه تهران
1396,انسانی,1147,118,ایثارگر-5%,حقوق,دانشگاه یزد
1396,انسانی,1147,383,منطقه 2,علوم سیاسی,دانشگاه تهران
1396,انسانی,1153,119,ایثارگر-5%,زبان و ادبیات عربی,دانشگاه فردوسی - مشهد
1396,انسانی,1164,387,منطقه 2,علوم قضایی,دانشگاه علوم قضایی و خدمات ادارای دادگستری
1396,انسانی,1170,389,منطقه 2,حقوق,دانشگاه تهران (محل تحصیل قم)
1396,انسانی,1170,457,منطقه 1,روانشناسی,دانشگاه اصفهان
1396,انسانی,1176,393,منطقه 2,حقوق,دانشگاه اصفهان
1396,انسانی,1178,120,ایثارگر-5%,آموزش ابتدایی - بومی خراسان رضوی,پردیس شهید هاشمی نژاد - مشهد
1396,انسانی,1180,459,منطقه 1,مدیریت دولتی,دانشگاه تهران
1396,انسانی,1182,460,منطقه 1,مددکاری اجتماعی,دانشگاه علامه طباطبایی - تهران
1396,انسانی,1184,395,منطقه 2,آموزش زبان و ادبیات فارسی - بومی خراسان رضوی,پردیس دکتر شریعتی - ساری
1396,انسانی,1194,398,منطقه 2,حقوق,دانشگاه اصفهان
1396,انسانی,1198,121,ایثارگر-5%,کارشناسی ارشد پیوسته علوم قضایی,دانشگاه علوم قضایی و خدمات ادارای دادگستری
1396,انسانی,1198,466,منطقه 1,حقوق,دانشگاه تهران (محل تحصیل قم)
1396,انسانی,1204,176,منطقه 3,آموزش ابتدایی - بومی استان کهکیلویه و بویر احمد,پردیس شهید ایزد پناه - یاسوج
1396,انسانی,1208,402,منطقه 2,حقوق,دانشگاه اصفهان
1396,انسانی,1214,473,منطقه 1,حقوق,دانشگاه حکیم سبزواری - سبزوار
1396,انسانی,1217,476,منطقه 1,حسابداری,دانشگاه فردوسی - مشهد
1396,انسانی,1220,124,ایثارگر-5%,آموزش زبان و ادبیات فارسی - بومی استان کرمان,پردیس شهید باهنر - کرمان
1396,انسانی,1227,407,منطقه 2,علوم قضایی,دانشگاه علوم قضایی و خدمات ادارای دادگستری
1396,انسانی,1229,408,منطقه 2,آموزش ابتدایی - بومی استان اصفهان,پردیس فاطمه الزهرا (س) - اصفهان
1396,انسانی,1235,481,منطقه 1,آموزش ابتدایی - بومی فارس,پردیس شهید باهنر - شیراز
1396,انسانی,1240,412,منطقه 2,آموزش ابتدایی - بومی استان تهران,پردیس امیر کبیر - کرج
1396,انسانی,1247,183,منطقه 3,آموزش ابتدایی - بومی مازندران,پردیس فاطمه الزهرا(س) ساری
1396,انسانی,1251,414,منطقه 2,آموزش زبان و ادبیات فارسی - بومی استان اصفهان,پردیس شهید باهنر - شهرکرد
1396,انسانی,1253,187,منطقه 3,آموزش ابتدایی - بومی استان اصفهان,پردیس فاطمه الزهرا (س) - اصفهان
1396,انسانی,1260,127,ایثارگر-5%,کارشناسی ارشد پیوسته علوم قضایی,دانشگاه علوم قضایی و خدمات ادارای دادگستری
1396,انسانی,1266,192,منطقه 3,آموزش زبان و ادبیات فارسی - بومی خراسان رضوی,پردیس دکتر شریعتی - ساری
1396,انسانی,1266,417,منطقه 2,علوم قضایی,دانشگاه علوم قضایی و خدمات ادارای دادگستری
1396,انسانی,1268,490,منطقه 1,حسابداری,دانشگاه صنعت نفت
1396,انسانی,1268,490,منطقه 1,حقوق,دانشگاه اصفهان
1396,انسانی,1276,497,منطقه 1,روانشناسی,دانشگاه اصفهان
1396,انسانی,1280,193,منطقه 3,حقوق,دانشگاه شیراز
1396,انسانی,1283,421,منطقه 2,علوم سیاسی,دانشگاه تهران
1396,انسانی,1283,421,منطقه 2,علوم قضایی,دانشگاه علوم قضایی و خدمات ادارای دادگستری
1396,انسانی,1285,423,منطقه 2,حقوق,دانشگاه علامه طباطبایی - تهران
1396,انسانی,1289,426,منطقه 2,آموزش ابتدایی - بومی مازندران,پردیس فاطمه الزهرا(س) ساری
1396,انسانی,1289,499,منطقه 1,آموزش ابتدایی - بومی استان تهران,پردیس نسیبه - تهران
1396,انسانی,1294,130,ایثارگر-5%,آموزش ابتدایی - بومی خراسان رضوی,پردیس شهید هاشمی نژاد - مشهد
1396,انسانی,1294,427,منطقه 2,آموزش ابتدایی - بومی استان سمنان,پردیس فاطمه الزهرا (س) - سمنان
1396,انسانی,1300,430,منطقه 2,آموزش ابتدایی - بومی خراسان شمالی,پردیس امام جعفر صادق - بجنورد
1396,انسانی,1303,431,منطقه 2,حقوق,دانشگاه اراک
1396,انسانی,1309,198,منطقه 3,حقوق,دانشگاه بین المللی امام خمینی(ره) - قزوین
1396,انسانی,1312,199,منطقه 3,آموزش زبان و ادبیات فارسی - بومی استان قزوین,پردیس بنت الهدی صدر-قزوین
1396,انسانی,1312,434,منطقه 2,حقوق,دانشگاه تهران (محل تحصیل قم)
1396,انسانی,1315,436,منطقه 2,روانشناسی,دانشگاه یزد
1396,انسانی,1317,509,منطقه 1,حقوق,دانشگاه فردوسی - مشهد
1396,انسانی,1318,437,منطقه 2,حقوق,دانشگاه مازندران - بابلسر
1396,انسانی,1319,201,منطقه 3,روانشناسی,دانشگاه شهید باهنر - کرمان
1396,انسانی,1321,132,ایثارگر-5%,مدیریت مالی,دانشگاه خوارزمی تهران
1396,انسانی,1321,202,منطقه 3,آموزش زبان و ادبیات فارسی - بومی استان کهکیلویه و بویر احمد,پردیس بحرالعلوم - شهرکرد
1396,انسانی,1325,203,منطقه 3,حقوق,دانشگاه گیلان - رشت
1396,انسانی,1325,440,منطقه 2,آموزش ابتدایی - بومی استان اصفهان,پردیس فاطمه الزهرا (س) - اصفهان
1396,انسانی,1335,442,منطقه 2,آموزش ابتدایی - بومی خراسان جنوبی,پردیس امام سجاد - بیرجند
1396,انسانی,1337,204,منطقه 3,کارشناسی ارشد پیوسته علوم قضایی,دانشگاه علوم قضایی و خدمات ادارای دادگستری
1396,انسانی,1337,516,منطقه 1,مردم شناسی,دانشگاه تهران
1396,انسانی,1340,518,منطقه 1,حقوق,دانشگاه شیراز
1396,انسانی,1347,205,منطقه 3,حقوق,دانشگاه مازندران - بابلسر
1396,انسانی,1350,208,منطقه 3,آموزش ابتدایی - بومی استان کرمانشاه,پردیس شهید رجایی - کرمانشاه
1396,انسانی,1350,208,منطقه 3,آموزش زبان و ادبیات فارسی - بومی خراسان شمالی,پردیس دکتر شریعتی - ساری
1396,انسانی,1356,448,منطقه 2,مدیریت بازرگانی,دانشگاه شهید بهشتی - تهران
1396,انسانی,1361,523,منطقه 1,مدیریت مالی,دانشگاه خوارزمی تهران
1396,انسانی,1363,212,منطقه 3,روانشناسی,دانشگاه فردوسی - مشهد
1396,انسانی,1367,449,منطقه 2,روانشناسی,دانشگاه اصفهان
1396,انسانی,1374,215,منطقه 3,حقوق,دانشگاه فردوسی - مشهد
1396,انسانی,1377,455,منطقه 2,آموزش ابتدایی - بومی مرکزی,پردیس شهید باهنر - اراک
1396,انسانی,1382,216,منطقه 3,حقوق,دانشگاه تبریز
1396,انسانی,1383,458,منطقه 2,آموزش ابتدایی - بومی استان همدان,پردیس شهید باهنر - همدان
1396,انسانی,1387,461,منطقه 2,حقوق,دانشگاه یزد
1396,انسانی,1389,217,منطقه 3,آموزش زبان و ادبیات فارسی - بومی استان کرمان,پردیس شهید باهنر - کرمان
1396,انسانی,1396,221,منطقه 3,حقوق,دانشگاه شیراز
1396,انسانی,1396,463,منطقه 2,آموزش ابتدایی - بومی مازندران,پردیس دکتر شریعتی - ساری
1396,انسانی,1399,222,منطقه 3,فلسفه,دانشگاه تهران
1396,انسانی,1401,465,منطقه 2,حسابداری,دانشگاه صنعت نفت
1396,انسانی,1401,465,منطقه 2,مدیریت مالی,دانشگاه الزهرا(س) - تهران
1396,انسانی,1405,467,منطقه 2,حقوق,دانشگاه اصفهان
1396,انسانی,1408,470,منطقه 2,حسابداری,دانشگاه صنعت نفت
1396,انسانی,1410,141,ایثارگر-5%,زبان و ادبیات فارسی,دانشگاه فردوسی - مشهد
1396,انسانی,1412,223,منطقه 3,حقوق,دانشگاه شاهد - تهران
1396,انسانی,1415,224,منطقه 3,آموزش ابتدایی - بومی خراسان رضوی,پردیس شهید هاشمی نژاد - مشهد
1396,انسانی,1415,535,منطقه 1,آموزش ابتدایی - بومی فارس,پردیس شهید باهنر - شیراز
1396,انسانی,1415,535,منطقه 1,علوم قضایی,دانشگاه علوم قضایی و خدمات ادارای دادگستری
1396,انسانی,1422,474,منطقه 2,مدیریت بازرگانی,دانشگاه شهید بهشتی - تهران
1396,انسانی,1424,227,منطقه 3,آموزش ابتدایی - بومی مازندران,پردیس فاطمه الزهرا(س) ساری
1396,انسانی,1424,227,منطقه 3,حقوق,دانشگاه شیراز
1396,انسانی,1428,229,منطقه 3,حقوق,دانشگاه یزد
1396,انسانی,1431,231,منطقه 3,آموزش ابتدایی - بومی آذربایجان شرقی,پردیس فاطمه الزهرا (س) - تبریز
1396,انسانی,1431,475,منطقه 2,حقوق,دانشگاه شاهد - تهران
1396,انسانی,1435,233,منطقه 3,آموزش زبان و ادبیات فارسی - بومی کردستان,پردیس شهید مدرس - سنندج
1396,انسانی,1438,234,منطقه 3,روانشناسی,دانشگاه یزد
1396,انسانی,1438,476,منطقه 2,روانشناسی,دانشگاه خوارزمی - تهران (محل تحصیل کرج)
1396,انسانی,1441,236,منطقه 3,حقوق,دانشگاه شیراز
1396,انسانی,1444,237,منطقه 3,حقوق,دانشگاه علامه طباطبایی - تهران
1396,انسانی,1444,542,منطقه 1,حقوق,دانشگاه شیراز
1396,انسانی,1448,239,منطقه 3,کارشناسی ارشد پیوسته علوم قضایی,دانشگاه علوم قضایی و خدمات ادارای دادگستری
1396,انسانی,1451,480,منطقه 2,آموزش ابتدایی - بومی آذربایجان غربی,پردیس علامه طباطبایی - ارومیه
1396,انسانی,1454,482,منطقه 2,حسابداری,دانشگاه صنعت نفت
1396,انسانی,1457,144,ایثارگر-5%,علوم قضایی,دانشگاه علوم قضایی و خدمات ادارای دادگستری
1396,انسانی,1457,483,منطقه 2,روانشناسی,دانشگاه اصفهان
1396,انسانی,1459,547,منطقه 1,علوم تربیتی,دانشگاه قم
1396,انسانی,1461,242,منطقه 3,آموزش ابتدایی - بومی استان اصفهان,پردیس فاطمه الزهرا (س) - اصفهان
1396,انسانی,1463,243,منطقه 3,کارشناسی ارشد پیوسته علوم قضایی,دانشگاه علوم قضایی و خدمات ادارای دادگستری
1396,انسانی,1469,485,منطقه 2,آموزش ابتدایی - بومی فارس,پردیس شهید باهنر - شیراز
1396,انسانی,1473,245,منطقه 3,آموزش زبان و ادبیات فارسی - بومی خراسان جنوبی,پردیس خواجه نصیرالدین طوسی - کرمان
1396,انسانی,1473,245,منطقه 3,مدیریت بازرگانی,دانشگاه تهران
1396,انسانی,1473,553,منطقه 1,حقوق,دانشگاه دامغان
1396,انسانی,1477,555,منطقه 1,روانشناسی,دانشگاه الزهرا(س) - تهران
1396,انسانی,1479,487,منطقه 2,حقوق,دانشگاه یزد
1396,انسانی,1485,490,منطقه 2,روانشناسی,دانشگاه اصفهان
1396,انسانی,1488,492,منطقه 2,مدیریت مالی,دانشگاه الزهرا(س) - تهران
1396,انسانی,1491,145,ایثارگر-5%,حقوق,دانشگاه تهران (محل تحصیل قم)
1396,انسانی,1491,561,منطقه 1,آموزش ابتدایی - بومی استان اصفهان,پردیس فاطمه الزهرا (س) - اصفهان
1396,انسانی,1496,494,منطقه 2,حقوق,دانشگاه شیراز
1396,انسانی,1496,563,منطقه 1,مدیریت مالی,دانشگاه یزد
1396,انسانی,1499,565,منطقه 1,فلسفه,دانشگاه تهران
1396,انسانی,1506,498,منطقه 2,روانشناسی,دانشگاه الزهرا(س) - تهران
1396,انسانی,1509,499,منطقه 2,روانشناسی,دانشگاه بوعلی سینا - همدان
1396,انسانی,1511,500,منطقه 2,آموزش ابتدایی - بومی استان چهارمحال وبختیاری,پردیس شهید باهنر - شهرکرد
1396,انسانی,1515,502,منطقه 2,حقوق,دانشگاه اصفهان
1396,انسانی,1515,502,منطقه 2,روانشناسی,دانشگاه الزهرا(س) - تهران
1396,انسانی,1523,575,منطقه 1,حقوق,دانشگاه تهران (محل تحصیل قم)
1396,انسانی,1526,250,منطقه 3,حقوق,دانشگاه مازندران - بابلسر
1396,انسانی,1529,148,ایثارگر-5%,روانشناسی,دانشگاه یزد
1396,انسانی,1529,507,منطقه 2,آموزش ابتدایی - بومی استان قزوین,پردیس شهید رجایی - قزوین
1396,انسانی,1529,507,منطقه 2,حقوق,دانشگاه مازندران - بابلسر
1396,انسانی,1536,252,منطقه 3,حقوق,دانشگاه اصفهان
1396,انسانی,1539,253,منطقه 3,حقوق,دانشگاه مازندران - بابلسر
1396,انسانی,1541,510,منطقه 2,روانشناسی,دانشگاه یزد
1396,انسانی,1544,254,منطقه 3,حسابداری,دانشگاه صنعت نفت
1396,انسانی,1544,254,منطقه 3,حقوق,دانشگاه الزهرا(س) - تهران
1396,انسانی,1548,512,منطقه 2,حقوق,دانشگاه بوعلی سینا - همدان
1396,انسانی,1548,584,منطقه 1,روانشناسی,دانشگاه الزهرا(س) - تهران
1396,انسانی,1553,257,منطقه 3,حقوق,دانشگاه مازندران - بابلسر
1396,انسانی,1555,514,منطقه 2,روانشناسی,دانشگاه خوارزمی - تهران (محل تحصیل کرج)
1396,انسانی,1556,588,منطقه 1,فقه و مبانی حقوق اسلامی,دانشگاه تهران
1396,انسانی,1558,589,منطقه 1,حقوق,دانشگاه اصفهان
1396,انسانی,1563,515,منطقه 2,حقوق,دانشگاه شیراز
1396,انسانی,1568,517,منطقه 2,آموزش جغرافیا - بومی مرکزی,پردیس امیر کبیر - کرج
1396,انسانی,1572,518,منطقه 2,آموزش ابتدایی - بومی خراسان رضوی,پردیس شهید بهشتی - مشهد
1396,انسانی,1572,594,منطقه 1,روانشناسی,دانشگاه فردوسی - مشهد
1396,انسانی,1577,261,منطقه 3,مدیریت بازرگانی,دانشگاه شهید بهشتی - تهران
1396,انسانی,1577,519,منطقه 2,حقوق,دانشگاه شیراز
1396,انسانی,1579,520,منطقه 2,آموزش زبان و ادبیات فارسی - بومی استان همدان,پردیس شهید رجایی - قزوین
1396,انسانی,1579,520,منطقه 2,روانشناسی,دانشگاه یزد
1396,انسانی,1586,264,منطقه 3,کارشناسی ارشد پیوسته علوم قضایی,دانشگاه علوم قضایی و خدمات ادارای دادگستری
1396,انسانی,1586,598,منطقه 1,علوم تربیتی,دانشگاه فردوسی - مشهد
1396,انسانی,1592,523,منطقه 2,آموزش ابتدایی - بومی استان اصفهان,پردیس فاطمه الزهرا (س) - اصفهان
1396,انسانی,1597,267,منطقه 3,آموزش ابتدایی - بومی استان کرمان,پردیس شهید باهنر - کرمان
1396,انسانی,1602,268,منطقه 3,آموزش ابتدایی - بومی خراسان جنوبی,پردیس امام سجاد - بیرجند
1396,انسانی,1606,604,منطقه 1,حقوق,دانشگاه شیراز
1396,انسانی,1609,528,منطقه 2,آموزش ابتدایی - بومی مازندران,پردیس فاطمه الزهرا(س) ساری
1396,انسانی,1620,533,منطقه 2,آموزش زبان و ادبیات فارسی - بومی استان زنجان,پردیس شهید رجایی - قزوین
1396,انسانی,1622,272,منطقه 3,روانشناسی,دانشگاه تبریز
1396,انسانی,1622,534,منطقه 2,حقوق,دانشگاه اصفهان
1396,انسانی,1622,609,منطقه 1,علوم تربیتی,دانشگاه فردوسی - مشهد
1396,انسانی,1625,610,منطقه 1,آموزش ابتدایی - بومی استان اصفهان,پردیس فاطمه الزهرا (س) - اصفهان
1396,انسانی,1626,611,منطقه 1,آموزش ابتدایی - بومی استان اصفهان,پردیس فاطمه الزهرا (س) - اصفهان
1396,انسانی,1630,535,منطقه 2,حقوق,دانشگاه مازندران - بابلسر
1396,انسانی,1632,613,منطقه 1,حقوق,دانشگاه اصفهان
1396,انسانی,1637,538,منطقه 2,حقوق,دانشگاه بوعلی سینا - همدان
1396,انسانی,1639,161,ایثارگر-5%,فقه و مبانی حقوق اسلامی,دانشگاه تهران
1396,انسانی,1639,275,منطقه 3,روانشناسی,دانشگاه اصفهان
1396,انسانی,1644,542,منطقه 2,آموزش زبان و ادبیات فارسی - بومی فارس,پردیس شهید رجایی - شیراز
1396,انسانی,1644,542,منطقه 2,حقوق,دانشگاه تهران (محل تحصیل قم)
1396,انسانی,1644,616,منطقه 1,حقوق,دانشگاه یزد
1396,انسانی,1652,545,منطقه 2,آموزش ابتدایی - بومی مرکزی,پردیس زینب کبری (س) - اراک
1396,انسانی,1658,277,منطقه 3,آموزش ابتدایی - بومی استان ایلام,پردیس امام جعفر صادق - ایلام
1396,انسانی,1660,549,منطقه 2,مدیریت دولتی,دانشگاه تهران
1396,انسانی,1663,550,منطقه 2,روانشناسی,دانشگاه یزد
1396,انسانی,1665,624,منطقه 1,فقه و مبانی حقوق اسلامی,دانشگاه فردوسی - مشهد
1396,انسانی,1668,626,منطقه 1,حقوق,دانشگاه اصفهان
1396,انسانی,1671,279,منطقه 3,مدیریت دولتی,دانشگاه تهران
1396,انسانی,1671,552,منطقه 2,حقوق,دانشگاه بوعلی سینا - همدان
1396,انسانی,1682,634,منطقه 1,حسابداری,دانشگاه اصفهان
1396,انسانی,1686,282,منطقه 3,آموزش ابتدایی - بومی خراسان رضوی,پردیس شهید بهشتی - مشهد
1396,انسانی,1686,555,منطقه 2,حقوق,دانشگاه مازندران - بابلسر
1396,انسانی,1690,164,ایثارگر-5%,کارشناسی ارشد پیوسته علوم قضایی,دانشگاه علوم قضایی و خدمات ادارای دادگستری
1396,انسانی,1703,559,منطقه 2,آموزش ابتدایی - بومی مازندران,پردیس فاطمه الزهرا(س) ساری
1396,انسانی,1711,166,ایثارگر-5%,حسابداری,دانشگاه شهید بهشتی - تهران
1396,انسانی,1713,562,منطقه 2,حقوق,دانشگاه تهران (محل تحصیل قم)
1396,انسانی,1716,167,ایثارگر-5%,علوم سیاسی,دانشگاه تهران
1396,انسانی,1716,644,منطقه 1,حقوق,دانشگاه بین المللی امام خمینی(ره) - قزوین
1396,انسانی,1720,563,منطقه 2,آموزش ابتدایی - بومی استان چهارمحال وبختیاری,پردیس شهید باهنر - شهرکرد
1396,انسانی,1725,566,منطقه 2,آموزش ابتدایی - بومی استان قم,پردیس حضرت معصومه - قم
1396,انسانی,1727,168,ایثارگر-5%,کارشناسی ارشد پیوسته معارف اسلامی و حقوق,دانشگاه شهید باهنر - کرمان
1396,انسانی,1734,170,ایثارگر-5%,حقوق,دانشگاه یزد
1396,انسانی,1738,570,منطقه 2,روانشناسی,دانشگاه خوارزمی - تهران (محل تحصیل کرج)
1396,انسانی,1740,298,منطقه 3,آموزش ابتدایی - بومی خراسان جنوبی,پردیس امام سجاد - بیرجند
1396,انسانی,1744,300,منطقه 3,آموزش ابتدایی - بومی مازندران,پردیس فاطمه الزهرا(س) ساری
1396,انسانی,1749,301,منطقه 3,روانشناسی,دانشگاه الزهرا(س) - تهران
1396,انسانی,1749,573,منطقه 2,روانشناسی,دانشگاه یزد
1396,انسانی,1754,173,ایثارگر-5%,مدیریت مالی,دانشگاه خوارزمی تهران
1396,انسانی,1754,303,منطقه 3,کارشناسی ارشد پیوسته علوم قضایی,دانشگاه علوم قضایی و خدمات ادارای دادگستری
1396,انسانی,1764,175,ایثارگر-5%,علوم قضایی,دانشگاه علوم قضایی و خدمات ادارای دادگستری
1396,انسانی,1766,305,منطقه 3,آموزش ابتدایی - بومی خراسان رضوی,پردیس شهید بهشتی - مشهد
1396,انسانی,1770,658,منطقه 1,فقه و مبانی حقوق اسلامی,دانشگاه تهران
1396,انسانی,1772,306,منطقه 3,حسابداری,دانشگاه صنعت نفت
1396,انسانی,1776,583,منطقه 2,حقوق,دانشگاه بین المللی امام خمینی(ره) - قزوین
1396,انسانی,1776,583,منطقه 2,فلسفه,دانشگاه تهران
1396,انسانی,1782,309,منطقه 3,آموزش ابتدایی - بومی فارس,پردیس شهید رجایی - شیراز
1396,انسانی,1782,586,منطقه 2,حقوق,دانشگاه اصفهان
1396,انسانی,1787,312,منطقه 3,آموزش ابتدایی - بومی استان کرمان,پردیس شهید باهنر - کرمان
1396,انسانی,1787,312,منطقه 3,آموزش زبان و ادبیات فارسی - بومی استان البرز,پردیس زینبیه - پیشوا (ورامین)
1396,انسانی,1790,588,منطقه 2,آموزش ابتدایی - بومی خراسان جنوبی,پردیس امام سجاد - بیرجند
1396,انسانی,1790,588,منطقه 2,حقوق,دانشگاه یزد
1396,انسانی,1792,590,منطقه 2,حقوق,دانشگاه اصفهان
1396,انسانی,1794,314,منطقه 3,مدیریت مالی,دانشگاه تهران
1396,انسانی,1797,664,منطقه 1,آموزش ابتدایی - بومی استان تهران,پردیس نسیبه - تهران
1396,انسانی,1800,666,منطقه 1,حقوق,دانشگاه شیراز
1396,انسانی,1807,177,ایثارگر-5%,حقوق,دانشگاه تبریز
1396,انسانی,1807,317,منطقه 3,روانشناسی,دانشگاه بیرجند
1396,انسانی,1810,318,منطقه 3,آموزش زبان و ادبیات فارسی - بومی استان کرمان,پردیس خواجه نصیرالدین طوسی - کرمان
1396,انسانی,1810,318,منطقه 3,کارشناسی ارشد پیوسته علوم قضایی,دانشگاه علوم قضایی و خدمات ادارای دادگستری
1396,انسانی,1810,593,منطقه 2,آموزش ابتدایی - بومی استان اصفهان,پردیس فاطمه الزهرا (س) - اصفهان
1396,انسانی,1812,594,منطقه 2,آموزش ابتدایی - بومی استان اردبیل,پردیس بنت الهدی صدر - اردبیل
1396,انسانی,1814,321,منطقه 3,آموزش ابتدایی - بومی کردستان,پردیس بنت الهدی صدر - سنندج
1396,انسانی,1816,180,ایثارگر-5%,حقوق,دانشگاه اصفهان
1396,انسانی,1816,180,ایثارگر-5%,زبان و ادبیات فارسی,دانشگاه فردوسی - مشهد
1396,انسانی,1824,325,منطقه 3,آموزش ابتدایی - بومی استان اصفهان,پردیس فاطمه الزهرا (س) - اصفهان
1396,انسانی,1824,596,منطقه 2,آموزش ابتدایی - بومی فارس,پردیس شهید رجایی - شیراز
1396,انسانی,1827,597,منطقه 2,علوم ارتباطات اجتماعی,دانشگاه تهران
1396,انسانی,1831,329,منطقه 3,حقوق,دانشگاه شیراز
1396,انسانی,1831,329,منطقه 3,علوم قضایی,دانشگاه علوم قضایی و خدمات ادارای دادگستری
1396,انسانی,1834,672,منطقه 1,حقوق,دانشگاه شیراز
1396,انسانی,1837,673,منطقه 1,فلسفه و کلام اسلامی,دانشگاه شیراز
1396,انسانی,1841,333,منطقه 3,آموزش زبان و ادبیات فارسی - بومی کردستان,پردیس شهید مدرس - سنندج
1396,انسانی,1841,600,منطقه 2,حقوق,دانشگاه شاهد - تهران
1396,انسانی,1847,334,منطقه 3,روانشناسی,دانشگاه شاهد - تهران
1396,انسانی,1852,679,منطقه 1,حقوق,دانشگاه تهران (محل تحصیل قم)
1396,انسانی,1855,605,منطقه 2,آموزش زبان و ادبیات فارسی - بومی کردستان,پردیس بنت الهدی صدر-قزوین
1396,انسانی,1862,607,منطقه 2,آموزش ابتدایی - بومی مازندران,پردیس فاطمه الزهرا(س) ساری
1396,انسانی,1864,683,منطقه 1,حقوق,دانشگاه تبریز
1396,انسانی,1871,185,ایثارگر-5%,حقوق,دانشگاه فردوسی - مشهد
1396,انسانی,1876,339,منطقه 3,حقوق,دانشگاه یزد
1396,انسانی,1880,610,منطقه 2,آموزش ابتدایی - بومی خراسان جنوبی,پردیس امام سجاد - بیرجند
1396,انسانی,1884,612,منطقه 2,آموزش ابتدایی - بومی استان یزد,پردیس شهید پاک نژاد - یزد
1396,انسانی,1893,345,منطقه 3,حسابداری,دانشگاه الزهرا(س) - تهران
1396,انسانی,1900,693,منطقه 1,حسابداری,دانشگاه علامه طباطبایی - تهران
1396,انسانی,1900,693,منطقه 1,علوم قرآن و حدیث,دانشگاه اصفهان
1396,انسانی,1904,695,منطقه 1,علوم سیاسی,دانشگاه تهران
1396,انسانی,1907,621,منطقه 2,آموزش زبان و ادبیات فارسی - بومی استان البرز,پردیس زینبیه - پیشوا (ورامین)
1396,انسانی,1907,621,منطقه 2,حقوق,دانشگاه گیلان - رشت
1396,انسانی,1912,348,منطقه 3,آموزش ابتدایی - بومی خراسان جنوبی,پردیس امام سجاد - بیرجند
1396,انسانی,1912,348,منطقه 3,حقوق,دانشگاه تبریز
1396,انسانی,1917,351,منطقه 3,روانشناسی,دانشگاه تبریز
1396,انسانی,1920,352,منطقه 3,آموزش جغرافیا - بومی کردستان,پردیس حکیم ابوالقاسم فردوسی - کرج
1396,انسانی,1920,352,منطقه 3,کارشناسی ارشد پیوسته علوم قضایی,دانشگاه علوم قضایی و خدمات ادارای دادگستری
1396,انسانی,1924,625,منطقه 2,آموزش ابتدایی - بومی مازندران,پردیس دکتر شریعتی - ساری
1396,انسانی,1927,626,منطقه 2,آموزش ابتدایی - بومی استان اصفهان,پردیس فاطمه الزهرا (س) - اصفهان
1396,انسانی,1934,354,منطقه 3,کارشناسی ارشد پیوسته علوم قضایی,دانشگاه علوم قضایی و خدمات ادارای دادگستری
1396,انسانی,1934,630,منطقه 2,آموزش ابتدایی - بومی استان تهران,پردیس امیر کبیر - کرج
1396,انسانی,1940,191,ایثارگر-5%,روانشناسی,دانشگاه خوارزمی - تهران (محل تحصیل کرج)
1396,انسانی,1943,631,منطقه 2,فقه و حقوق اسلامی,دانشگاه شهید مطهری
1396,انسانی,1945,192,ایثارگر-5%,آموزش ابتدایی - بومی مازندران,پردیس فاطمه الزهرا(س) ساری
1396,انسانی,1945,709,منطقه 1,حسابداری,دانشگاه علامه طباطبایی - تهران
1396,انسانی,1951,711,منطقه 1,حقوق,دانشگاه تهران (محل تحصیل قم)
1396,انسانی,1959,715,منطقه 1,مددکاری اجتماعی,دانشگاه علامه طباطبایی - تهران
1396,انسانی,1961,716,منطقه 1,حقوق,دانشگاه تهران (محل تحصیل قم)
1396,انسانی,1974,637,منطقه 2,حقوق,دانشگاه زنجان
1396,انسانی,1976,362,منطقه 3,حقوق,دانشگاه بجنورد
1396,انسانی,1978,363,منطقه 3,آموزش ابتدایی - بومی لرستان,پردیس آیت اله کمال وند - خرم آباد
1396,انسانی,1985,641,منطقه 2,مدیریت دولتی,دانشگاه شهید بهشتی - تهران
1396,انسانی,1987,642,منطقه 2,آموزش ابتدایی - بومی آذربایجان شرقی,پردیس فاطمه الزهرا (س) - تبریز
1396,انسانی,1990,364,منطقه 3,آموزش ابتدایی - بومی مازندران,پردیس فاطمه الزهرا(س) ساری
1396,انسانی,1998,647,منطقه 2,آموزش ابتدایی - بومی استان اردبیل,پردیس علامه طباطبایی - اردبیل
1396,انسانی,2014,653,منطقه 2,آموزش ابتدایی - بومی مازندران,پردیس فاطمه الزهرا(س) ساری
1396,انسانی,2016,654,منطقه 2,فلسفه,دانشگاه تهران
1396,انسانی,2016,736,منطقه 1,حقوق,دانشگاه شیراز
1396,انسانی,2020,370,منطقه 3,کارشناسی ارشد پیوسته علوم قضایی,دانشگاه علوم قضایی و خدمات ادارای دادگستری
1396,انسانی,2025,659,منطقه 2,حقوق,دانشگاه تهران (محل تحصیل قم)
1396,انسانی,2033,372,منطقه 3,فقه و حقوق شافعی,دانشگاه کردستان - سنندج
1396,انسانی,2036,663,منطقه 2,آموزش زبان و ادبیات فارسی - بومی استان همدان,پردیس بنت الهدی صدر-قزوین
1396,انسانی,2042,742,منطقه 1,حقوق,دانشگاه تهران (محل تحصیل قم)
1396,انسانی,2044,744,منطقه 1,مردم شناسی,دانشگاه تهران
1396,انسانی,2047,665,منطقه 2,مدیریت مالی,دانشگاه خوارزمی تهران
1396,انسانی,2050,374,منطقه 3,حقوق,دانشگاه یزد
1396,انسانی,2054,748,منطقه 1,حسابداری,دانشگاه الزهرا(س) - تهران
1396,انسانی,2057,667,منطقه 2,حقوق,دانشگاه بوعلی سینا - همدان
1396,انسانی,2059,750,منطقه 1,حقوق,دانشگاه تبریز
1396,انسانی,2062,670,منطقه 2,آموزش کودکان استثنایی - بومی استان اصفهان,پردیس فاطمه الزهرا (س) - اصفهان
1396,انسانی,2062,751,منطقه 1,حقوق,دانشگاه شاهد - تهران
1396,انسانی,2065,671,منطقه 2,فقه و حقوق اسلامی,دانشگاه شهید مطهری
1396,انسانی,2067,672,منطقه 2,آموزش ابتدایی - بومی استان اردبیل,پردیس بنت الهدی صدر - اردبیل
1396,انسانی,2070,674,منطقه 2,علوم سیاسی,دانشگاه تهران
1396,انسانی,2070,752,منطقه 1,فقه و مبانی حقوق اسلامی,دانشگاه شیراز
1396,انسانی,2079,676,منطقه 2,آموزش ابتدایی - بومی استان کرمان,پردیس شهید باهنر - کرمان
1396,انسانی,2079,676,منطقه 2,زبان و ادبیات فارسی,دانشگاه تهران
1396,انسانی,2082,758,منطقه 1,مترجمی زبان انگلیسی,دانشگاه بیرجند
1396,انسانی,2082,758,منطقه 1,مدیریت دولتی,دانشگاه شهید بهشتی - تهران
1396,انسانی,2091,681,منطقه 2,حسابداری,دانشگاه علامه طباطبایی - تهران
1396,انسانی,2095,683,منطقه 2,روانشناسی,دانشگاه شیراز
1396,انسانی,2097,204,ایثارگر-5%,علوم تربیتی,دانشگاه فردوسی - مشهد
1396,انسانی,2101,684,منطقه 2,آموزش کودکان استثنایی - بومی استان اصفهان,پردیس فاطمه الزهرا (س) - اصفهان
1396,انسانی,2107,205,ایثارگر-5%,آموزش ابتدایی - بومی خوزستان,پردیس حضرت رسول اکرم - اهواز
1396,انسانی,2107,388,منطقه 3,حقوق,دانشگاه تبریز
1396,انسانی,2112,389,منطقه 3,آموزش ابتدایی - بومی آذربایجان غربی,پردیس علامه طباطبایی - ارومیه
1396,انسانی,2115,689,منطقه 2,آموزش ابتدایی - بومی آذربایجان شرقی,پردیس فاطمه الزهرا (س) - تبریز
1396,انسانی,2118,690,منطقه 2,آموزش ابتدایی - بومی استان زنجان,پردیس فاطمه الزهرا (س) - زنجان
1396,انسانی,2121,691,منطقه 2,زبان و ادبیات فارسی,دانشگاه تهران
1396,انسانی,2124,393,منطقه 3,آموزش ابتدایی - بومی استان کرمان,پردیس خواجه نصیرالدین طوسی - کرمان
1396,انسانی,2128,771,منطقه 1,حقوق,دانشگاه قم
1396,انسانی,2133,694,منطقه 2,حسابداری,دانشگاه علامه طباطبایی - تهران
1396,انسانی,2141,397,منطقه 3,آموزش زبان و ادبیات فارسی - بومی خراسان رضوی,پردیس دکتر شریعتی - ساری
1396,انسانی,2145,776,منطقه 1,مدیریت بیمه,دانشگاه علامه طباطبایی - تهران
1396,انسانی,2149,697,منطقه 2,آموزش ابتدایی - بومی استان سمنان,پردیس شهید رجایی - سمنان
1396,انسانی,2149,697,منطقه 2,روانشناسی,دانشگاه یزد
1396,انسانی,2159,211,ایثارگر-5%,علوم تربیتی,دانشگاه فردوسی - مشهد
1396,انسانی,2159,702,منطقه 2,آموزش ابتدایی - بومی آذربایجان غربی,پردیس علامه طباطبایی - ارومیه
1396,انسانی,2163,703,منطقه 2,حقوق,دانشگاه یزد
1396,انسانی,2168,706,منطقه 2,مدیریت مالی,دانشگاه خوارزمی تهران
1396,انسانی,2173,708,منطقه 2,روانشناسی,دانشگاه یزد
1396,انسانی,2181,710,منطقه 2,روانشناسی,دانشگاه گیلان - رشت
1396,انسانی,2192,405,منطقه 3,آموزش زبان و ادبیات فارسی - بومی استان کهکیلویه و بویر احمد,پردیس بحرالعلوم - شهرکرد
1396,انسانی,2201,408,منطقه 3,آموزش ابتدایی - بومی استان اردبیل,پردیس بنت الهدی صدر - اردبیل
1396,انسانی,2205,409,منطقه 3,مدیریت مالی,دانشگاه شهید بهشتی - تهران
1396,انسانی,2209,215,ایثارگر-5%,حقوق,دانشگاه بین المللی امام خمینی(ره) - قزوین
1396,انسانی,2209,717,منطقه 2,علوم تربیتی,دانشگاه شهید بهشتی - تهران
1396,انسانی,2216,801,منطقه 1,حقوق,دانشگاه کاشان
1396,انسانی,2220,804,منطقه 1,مدیریت امور گمرکی,دانشگاه خوارزمی تهران
1396,انسانی,2231,720,منطقه 2,حقوق,دانشگاه بوعلی سینا - همدان
1396,انسانی,2237,418,منطقه 3,آموزش ابتدایی - بومی استان تهران,پردیس زینبیه - پیشوا (ورامین)
1396,انسانی,2240,419,منطقه 3,آموزش ابتدایی - بومی استان سمنان,پردیس فاطمه الزهرا (س) - سمنان
1396,انسانی,2240,723,منطقه 2,حقوق,دانشگاه یزد
1396,انسانی,2244,421,منطقه 3,علوم تربیتی,دانشگاه یزد
1396,انسانی,2246,816,منطقه 1,حسابداری,دانشگاه فردوسی - مشهد
1396,انسانی,2252,725,منطقه 2,آموزش ابتدایی - بومی آذربایجان شرقی,پردیس فاطمه الزهرا (س) - تبریز
1396,انسانی,2252,725,منطقه 2,روانشناسی,دانشگاه شیراز
1396,انسانی,2256,727,منطقه 2,حقوق,دانشگاه بین المللی امام خمینی(ره) - قزوین
1396,انسانی,2259,728,منطقه 2,آموزش ابتدایی - بومی استان کرمانشاه,پردیس شهید صدوقی - کرمانشاه
1396,انسانی,2264,730,منطقه 2,آموزش ابتدایی - بومی مازندران,پردیس فاطمه الزهرا(س) ساری
1396,انسانی,2267,824,منطقه 1,آموزش زبان و ادبیات فارسی - بومی استان تهران,پردیس زینبیه - پیشوا (ورامین)
1396,انسانی,2269,732,منطقه 2,آموزش ابتدایی - بومی خراسان رضوی,پردیس شهید بهشتی - مشهد
1396,انسانی,2277,425,منطقه 3,حقوق,دانشگاه بوعلی سینا - همدان
1396,انسانی,2281,828,منطقه 1,علوم تربیتی,دانشگاه خوارزمی - تهران (محل تحصیل کرج)
1396,انسانی,2288,738,منطقه 2,آموزش زبان و ادبیات فارسی - بومی استان سمنان,پردیس شهید باهنر - شیراز
1396,انسانی,2291,740,منطقه 2,آموزش ابتدایی - بومی استان اصفهان,پردیس فاطمه الزهرا (س) - اصفهان
1396,انسانی,2294,741,منطقه 2,آموزش ابتدایی - بومی استان یزد,پردیس شهید پاک نژاد - یزد
1396,انسانی,2305,744,منطقه 2,حقوق,دانشگاه بوعلی سینا - همدان
1396,انسانی,2305,744,منطقه 2,روانشناسی,دانشگاه یزد
1396,انسانی,2305,836,منطقه 1,مدیریت صنعتی,دانشگاه شهید بهشتی - تهران
1396,انسانی,2309,433,منطقه 3,آموزش ابتدایی - بومی فارس,پردیس شهید باهنر - شیراز
1396,انسانی,2318,747,منطقه 2,آموزش ابتدایی - بومی مازندران,پردیس دکتر شریعتی - ساری
1396,انسانی,2321,749,منطقه 2,آموزش ابتدایی - بومی استان قم,پردیس حضرت معصومه - قم
1396,انسانی,2330,226,ایثارگر-5%,مدیریت بازرگانی,دانشگاه علامه طباطبایی - تهران
1396,انسانی,2332,844,منطقه 1,آموزش ابتدایی - بومی استان اصفهان,پردیس فاطمه الزهرا (س) - اصفهان
1396,انسانی,2335,845,منطقه 1,حقوق,دانشگاه شاهد - تهران
1396,انسانی,2337,439,منطقه 3,آموزش ابتدایی - بومی خراسان جنوبی,پردیس امام سجاد - بیرجند
1396,انسانی,2337,754,منطقه 2,فقه و حقوق اسلامی,دانشگاه شهید مطهری
1396,انسانی,2342,757,منطقه 2,روانشناسی,دانشگاه گیلان - رشت
1396,انسانی,2345,758,منطقه 2,آموزش زبان و ادبیات فارسی - بومی استان همدان,پردیس شهید رجایی - قزوین
1396,انسانی,2353,443,منطقه 3,آموزش ابتدایی - بومی لرستان,پردیس علامه طباطبایی - خرم آباد
1396,انسانی,2357,228,ایثارگر-5%,حقوق,دانشگاه اصفهان
1396,انسانی,2357,761,منطقه 2,آموزش ابتدایی - بومی استان قم,پردیس حضرت معصومه - قم
1396,انسانی,2367,768,منطقه 2,آموزش ابتدایی - بومی استان قم,پردیس حضرت معصومه - قم
1396,انسانی,2367,768,منطقه 2,حقوق,دانشگاه بوعلی سینا - همدان
1396,انسانی,2378,772,منطقه 2,آموزش ابتدایی - بومی استان یزد,پردیس شهید پاک نژاد - یزد
1396,انسانی,2378,772,منطقه 2,مدیریت مالی,دانشگاه یزد
1396,انسانی,2385,774,منطقه 2,حقوق,دانشگاه شاهد - تهران
1396,انسانی,2391,776,منطقه 2,آموزش ابتدایی - بومی آذربایجان شرقی,پردیس فاطمه الزهرا (س) - تبریز
1396,انسانی,2391,776,منطقه 2,آموزش زبان و ادبیات فارسی - بومی فارس,پردیس شهید رجایی - شیراز
1396,انسانی,2397,450,منطقه 3,آموزش ابتدایی - بومی استان کرمان,پردیس شهید باهنر - کرمان
1396,انسانی,2397,780,منطقه 2,مدیریت مالی,دانشگاه خوارزمی تهران
1396,انسانی,2408,784,منطقه 2,مدیریت صنعتی,دانشگاه تهران
1396,انسانی,2416,235,ایثارگر-5%,حقوق,دانشگاه تهران (محل تحصیل قم)
1396,انسانی,2421,454,منطقه 3,مدیریت مالی,دانشگاه شهید بهشتی - تهران
1396,انسانی,2421,789,منطقه 2,حقوق,دانشگاه بین المللی امام خمینی(ره) - قزوین
1396,انسانی,2426,455,منطقه 3,حقوق,دانشگاه تبریز
1396,انسانی,2426,790,منطقه 2,آموزش ابتدایی - بومی مازندران,پردیس دکتر شریعتی - ساری
1396,انسانی,2429,456,منطقه 3,آموزش زبان و ادبیات فارسی - بومی استان کهکیلویه و بویر احمد,پردیس شهید باهنر - شهرکرد
1396,انسانی,2434,794,منطقه 2,حسابداری,دانشگاه خوارزمی تهران
1396,انسانی,2437,870,منطقه 1,آموزش کودکان استثنایی - بومی استان اصفهان,پردیس فاطمه الزهرا (س) - اصفهان
1396,انسانی,2439,871,منطقه 1,مدیریت بازرگانی,دانشگاه الزهرا(س) - تهران
1396,انسانی,2452,802,منطقه 2,مدیریت امور بانکی,دانشگاه خوارزمی تهران
1396,انسانی,2452,874,منطقه 1,حقوق,دانشگاه شاهد - تهران
1396,انسانی,2454,876,منطقه 1,علوم تربیتی,دانشگاه الزهرا(س) - تهران
1396,انسانی,2455,803,منطقه 2,آموزش ابتدایی - بومی استان چهارمحال وبختیاری,پردیس شهید باهنر - شهرکرد
1396,انسانی,2457,240,ایثارگر-5%,روانشناسی,دانشگاه شیراز
1396,انسانی,2463,463,منطقه 3,مدیریت مالی,دانشگاه شهید بهشتی - تهران
1396,انسانی,2463,806,منطقه 2,مدیریت امور بانکی,دانشگاه خوارزمی تهران
1396,انسانی,2472,469,منطقه 3,روانشناسی,دانشگاه مازندران - بابلسر
1396,انسانی,2474,810,منطقه 2,آموزش ابتدایی - بومی خوزستان,پردیس فاطمه الزهرا (س) - اهواز
1396,انسانی,2480,814,منطقه 2,حقوق,دانشگاه تهران (محل تحصیل قم)
1396,انسانی,2491,241,ایثارگر-5%,علوم سیاسی,دانشگاه تهران
1396,انسانی,2505,243,ایثارگر-5%,روانشناسی,دانشگاه بین المللی امام خمینی(ره) - قزوین
1396,انسانی,2505,475,منطقه 3,مدیریت مالی,دانشگاه شهید بهشتی - تهران
1396,انسانی,2511,244,ایثارگر-5%,حسابداری,دانشگاه علامه طباطبایی - تهران
1396,انسانی,2511,244,ایثارگر-5%,حقوق,دانشگاه بین المللی امام خمینی(ره) - قزوین
1396,انسانی,2511,477,منطقه 3,آموزش ابتدایی - بومی استان یزد,پردیس شهید پاک نژاد - یزد
1396,انسانی,2523,894,منطقه 1,حقوق,دانشگاه شهید مدنی آذربایجان - تبریز
1396,انسانی,2532,826,منطقه 2,آموزش ابتدایی - بومی مازندران,پردیس فاطمه الزهرا(س) ساری
1396,انسانی,2539,483,منطقه 3,فقه و مبانی حقوق اسلامی,دانشگاه شیراز
1396,انسانی,2544,831,منطقه 2,حسابداری,دانشگاه الزهرا(س) - تهران
1396,انسانی,2544,831,منطقه 2,حقوق,دانشگاه یزد
1396,انسانی,2544,899,منطقه 1,آموزش ابتدایی - بومی خراسان شمالی,پردیس امام جعفر صادق - بجنورد
1396,انسانی,2548,485,منطقه 3,آموزش ابتدایی - بومی خراسان جنوبی,پردیس امام سجاد - بیرجند
1396,انسانی,2552,486,منطقه 3,روانشناسی,دانشگاه فردوسی - مشهد
1396,انسانی,2552,835,منطقه 2,حقوق,دانشگاه یزد
1396,انسانی,2561,837,منطقه 2,حقوق,دانشگاه یزد
1396,انسانی,2566,840,منطقه 2,علوم سیاسی,دانشگاه تهران
1396,انسانی,2566,907,منطقه 1,حقوق,دانشگاه یزد
1396,انسانی,2571,842,منطقه 2,حقوق,دانشگاه یزد
1396,انسانی,2576,910,منطقه 1,حقوق,دانشگاه تبریز
1396,انسانی,2580,844,منطقه 2,کارشناسی ارشد پیوسته معارف اسلامی و حقوق,دانشگاه شهید باهنر - کرمان
1396,انسانی,2583,913,منطقه 1,فقه و مبانی حقوق اسلامی,دانشگاه فردوسی - مشهد
1396,انسانی,2585,493,منطقه 3,حسابداری,دانشگاه شهید چمران اهواز
1396,انسانی,2585,493,منطقه 3,روانشناسی,دانشگاه کاشان
1396,انسانی,2588,914,منطقه 1,مدیریت بازرگانی,دانشگاه الزهرا(س) - تهران
1396,انسانی,2591,496,منطقه 3,فقه و حقوق اسلامی,دانشگاه شهید مطهری
1396,انسانی,2596,498,منطقه 3,آموزش ابتدایی - بومی لرستان,پردیس علامه طباطبایی - خرم آباد
1396,انسانی,2596,850,منطقه 2,روانشناسی,دانشگاه شیراز
1396,انسانی,2607,853,منطقه 2,آموزش ابتدایی - بومی آذربایجان غربی,پردیس شهید رجایی - ارومیه
1396,انسانی,2630,509,منطقه 3,زبان و ادبیات عربی,دانشگاه کردستان - سنندج
1396,انسانی,2633,511,منطقه 3,آموزش ابتدایی - بومی استان کرمان,پردیس شهید باهنر - کرمان
1396,انسانی,2635,859,منطقه 2,فقه و حقوق اسلامی,دانشگاه بین المللی امام خمینی(ره) - قزوین
1396,انسانی,2638,862,منطقه 2,حسابداری,دانشگاه علامه طباطبایی - تهران
1396,انسانی,2638,862,منطقه 2,حقوق,دانشگاه بین المللی امام خمینی(ره) - قزوین
1396,انسانی,2641,864,منطقه 2,روانشناسی,دانشگاه مازندران - بابلسر
1396,انسانی,2647,256,ایثارگر-5%,آموزش زبان و ادبیات فارسی - بومی استان کهکیلویه و بویر احمد,پردیس شهید باهنر - شهرکرد
1396,انسانی,2647,866,منطقه 2,آموزش ابتدایی - بومی فارس,پردیس شهید باهنر - شیراز
1396,انسانی,2654,868,منطقه 2,حقوق,دانشگاه بین المللی امام خمینی(ره) - قزوین
1396,انسانی,2657,516,منطقه 3,آموزش ابتدایی - بومی خراسان رضوی,پردیس شهید هاشمی نژاد - مشهد
1396,انسانی,2657,516,منطقه 3,زبان و ادبیات فارسی,دانشگاه تهران
1396,انسانی,2672,521,منطقه 3,آموزش زبان و ادبیات فارسی - بومی گلستان,پردیس زینبیه - پیشوا (ورامین)
1396,انسانی,2678,523,منطقه 3,آموزش ابتدایی - بومی استان البرز,پردیس امیر کبیر - کرج
1396,انسانی,2681,878,منطقه 2,روانشناسی,دانشگاه فردوسی - مشهد
1396,انسانی,2683,937,منطقه 1,حسابداری,دانشگاه خوارزمی تهران
1396,انسانی,2693,942,منطقه 1,حقوق,دانشگاه غیرانتفاعی علم و فرهنگ - تهران
1396,انسانی,2697,528,منطقه 3,حقوق,دانشگاه بین المللی امام خمینی(ره) - قزوین
1396,انسانی,2697,882,منطقه 2,آموزش ابتدایی - بومی آذربایجان شرقی,پردیس فاطمه الزهرا (س) - تبریز
1396,انسانی,2701,883,منطقه 2,آموزش ابتدایی - بومی خراسان رضوی,پردیس شهید بهشتی - مشهد
1396,انسانی,2706,532,منطقه 3,حقوق,دانشگاه یزد
1396,انسانی,2706,946,منطقه 1,حقوق,دانشگاه شهرکرد
1396,انسانی,2711,949,منطقه 1,حقوق,دانشگاه گیلان - رشت
1396,انسانی,2717,534,منطقه 3,آموزش ابتدایی - بومی استان کرمان,پردیس شهید باهنر - کرمان
1396,انسانی,2724,891,منطقه 2,حقوق,دانشگاه یزد
1396,انسانی,2732,537,منطقه 3,روانشناسی,دانشگاه رازی کرمانشاه
1396,انسانی,2732,893,منطقه 2,علوم تربیتی,دانشگاه تهران
1396,انسانی,2739,263,ایثارگر-5%,حسابداری,دانشگاه فردوسی - مشهد
1396,انسانی,2741,896,منطقه 2,حقوق,دانشگاه شاهد - تهران
1396,انسانی,2749,960,منطقه 1,آموزش ابتدایی - بومی آذربایجان شرقی,پردیس فاطمه الزهرا (س) - تبریز
1396,انسانی,2752,899,منطقه 2,حقوق,دانشگاه شاهد - تهران
1396,انسانی,2754,543,منطقه 3,آموزش ابتدایی - بومی استان کرمان,پردیس خواجه نصیرالدین طوسی - کرمان
1396,انسانی,2758,544,منطقه 3,آموزش زبان و ادبیات فارسی - بومی استان کهکیلویه و بویر احمد,پردیس شهید باهنر - شهرکرد
1396,انسانی,2763,903,منطقه 2,حقوق,دانشگاه شهید مدنی آذربایجان - تبریز
1396,انسانی,2763,903,منطقه 2,علوم تربیتی,دانشگاه یزد
1396,انسانی,2767,906,منطقه 2,آموزش زبان و ادبیات فارسی - بومی استان اصفهان,پردیس بحرالعلوم - شهرکرد
1396,انسانی,2770,907,منطقه 2,حسابداری,دانشگاه یزد
1396,انسانی,2772,549,منطقه 3,آموزش کودکان استثنایی - بومی خراسان جنوبی,پردیس شهید هاشمی نژاد - مشهد
1396,انسانی,2783,911,منطقه 2,حقوق,دانشگاه مازندران - بابلسر
1396,انسانی,2783,911,منطقه 2,فلسفه,دانشگاه تهران
1396,انسانی,2788,913,منطقه 2,آموزش ابتدایی - بومی استان البرز,پردیس امیر کبیر - کرج
1396,انسانی,2788,969,منطقه 1,آموزش ابتدایی - بومی فارس,پردیس شهید رجایی - شیراز
1396,انسانی,2792,914,منطقه 2,حقوق,دانشگاه گیلان - رشت
1396,انسانی,2792,914,منطقه 2,حقوق,دانشگاه یزد
1396,انسانی,2797,917,منطقه 2,حقوق,دانشگاه سمنان
1396,انسانی,2797,972,منطقه 1,آموزش ابتدایی - بومی استان تهران,پردیس نسیبه - تهران
1396,انسانی,2800,554,منطقه 3,آموزش ابتدایی - بومی استان کرمانشاه,پردیس شهید صدوقی - کرمانشاه
1396,انسانی,2805,556,منطقه 3,علوم تربیتی,دانشگاه تهران
1396,انسانی,2805,556,منطقه 3,کارشناسی ارشد پیوسته علوم قضایی,دانشگاه علوم قضایی و خدمات ادارای دادگستری
1396,انسانی,2805,919,منطقه 2,آموزش کودکان استثنایی - بومی استان اصفهان,پردیس فاطمه الزهرا (س) - اصفهان
1396,انسانی,2809,559,منطقه 3,روانشناسی,دانشگاه اصفهان
1396,انسانی,2814,562,منطقه 3,آموزش زبان و ادبیات فارسی - بومی لرستان,پردیس شهید مدرس - سنندج
1396,انسانی,2814,921,منطقه 2,آموزش ابتدایی - بومی مازندران,پردیس دکتر شریعتی - ساری
1396,انسانی,2819,977,منطقه 1,حسابداری,دانشگاه اصفهان
1396,انسانی,2827,566,منطقه 3,آموزش ابتدایی - بومی خراسان شمالی,پردیس امام جعفر صادق - بجنورد
1396,انسانی,2827,925,منطقه 2,مدیریت صنعتی,دانشگاه علامه طباطبایی - تهران
1396,انسانی,2830,567,منطقه 3,آموزش ابتدایی - بومی گیلان,پردیس بنت الهدی صدر - رشت
1396,انسانی,2832,568,منطقه 3,حقوق,دانشگاه گیلان - رشت
1396,انسانی,2832,981,منطقه 1,حسابداری,دانشگاه اصفهان
1396,انسانی,2836,271,ایثارگر-5%,آموزش جغرافیا - بومی استان همدان,پردیس حکیم ابوالقاسم فردوسی - کرج
1396,انسانی,2836,569,منطقه 3,آموزش ابتدایی - بومی آذربایجان غربی,پردیس علامه طباطبایی - ارومیه
1396,انسانی,2842,273,ایثارگر-5%,حقوق,دانشگاه شیراز
1396,انسانی,2849,929,منطقه 2,فقه و مبانی حقوق اسلامی,دانشگاه تهران (محل تحصیل قم)
1396,انسانی,2860,274,ایثارگر-5%,حقوق,دانشگاه بیرجند
1396,انسانی,2865,577,منطقه 3,آموزش ابتدایی - بومی خراسان جنوبی,پردیس شهید باهنر - بیرجند
1396,انسانی,2865,933,منطقه 2,آموزش ابتدایی - بومی استان اصفهان,پردیس شهید باهنر - اصفهان
1396,انسانی,2871,935,منطقه 2,حقوق,دانشگاه بوعلی سینا - همدان
1396,انسانی,2871,994,منطقه 1,حقوق,دانشگاه یزد
1396,انسانی,2874,937,منطقه 2,حقوق,دانشگاه مازندران - بابلسر
1396,انسانی,2877,938,منطقه 2,علوم سیاسی,دانشگاه شهید بهشتی - تهران
1396,انسانی,2880,581,منطقه 3,آموزش ابتدایی - بومی مازندران,پردیس فاطمه الزهرا(س) ساری
1396,انسانی,2880,581,منطقه 3,روانشناسی,دانشگاه بین المللی امام خمینی(ره) - قزوین
1396,انسانی,2885,941,منطقه 2,حقوق,دانشگاه یزد - مهریز
1396,انسانی,2888,583,منطقه 3,آموزش زبان و ادبیات فارسی - بومی لرستان,پردیس شهید مدرس - سنندج
1396,انسانی,2888,943,منطقه 2,روانشناسی,دانشگاه کاشان
1396,انسانی,2891,1000,منطقه 1,علوم سیاسی,دانشگاه اصفهان
1396,انسانی,2893,945,منطقه 2,حقوق,دانشگاه قم
1396,انسانی,2898,585,منطقه 3,آموزش ابتدایی - بومی خراسان جنوبی,پردیس امام سجاد - بیرجند
1396,انسانی,2898,946,منطقه 2,آموزش ابتدایی - بومی استان قم,پردیس حضرت معصومه - قم
1396,انسانی,2906,277,ایثارگر-5%,آموزش ابتدایی - بومی استان ایلام,پردیس امام جعفر صادق - ایلام
1396,انسانی,2906,947,منطقه 2,حقوق,دانشگاه شاهد - تهران
1396,انسانی,2912,588,منطقه 3,حقوق,دانشگاه شهید مدنی آذربایجان - تبریز
1396,انسانی,2917,591,منطقه 3,علوم تربیتی,دانشگاه تهران
1396,انسانی,2917,950,منطقه 2,آموزش ابتدایی - بومی مازندران,پردیس دکتر شریعتی - ساری
1396,انسانی,2930,953,منطقه 2,آموزش جغرافیا - بومی آذربایجان غربی,پردیس حکیم ابوالقاسم فردوسی - کرج
1396,انسانی,2933,595,منطقه 3,حقوق,دانشگاه بوعلی سینا - همدان
1396,انسانی,2937,596,منطقه 3,حقوق,دانشگاه مازندران - بابلسر
1396,انسانی,2941,958,منطقه 2,علوم سیاسی,دانشگاه علامه طباطبایی - تهران
1396,انسانی,2944,598,منطقه 3,آموزش زبان و ادبیات فارسی - بومی خراسان جنوبی,پردیس خواجه نصیرالدین طوسی - کرمان
1396,انسانی,2944,1016,منطقه 1,روانشناسی,دانشگاه هرمزگان - بندرعباس
1396,انسانی,2948,1019,منطقه 1,حقوق,دانشگاه کاشان
1396,انسانی,2952,599,منطقه 3,حسابداری,دانشگاه خوارزمی تهران
1396,انسانی,2960,963,منطقه 2,حقوق,دانشگاه گیلان - رشت
1396,انسانی,2960,963,منطقه 2,فقه و مبانی حقوق اسلامی,دانشگاه الزهرا(س) - تهران
1396,انسانی,2963,601,منطقه 3,آموزش ابتدایی - بومی لرستان,پردیس آیت اله کمال وند - خرم آباد
1396,انسانی,2963,601,منطقه 3,علوم تربیتی,دانشگاه فردوسی - مشهد
1396,انسانی,2965,965,منطقه 2,حقوق,دانشگاه مازندران - بابلسر
1396,انسانی,2969,1026,منطقه 1,مترجمی زبان آلمانی,دانشگاه اصفهان
1396,انسانی,2972,606,منطقه 3,آموزش ابتدایی - بومی آذربایجان غربی,پردیس علامه طباطبایی - ارومیه
1396,انسانی,2975,607,منطقه 3,آموزش ابتدایی - بومی خراسان رضوی,پردیس شهید بهشتی - مشهد
1396,انسانی,2975,967,منطقه 2,آموزش ابتدایی - بومی استان تهران,پردیس امیر کبیر - کرج
1396,انسانی,2978,608,منطقه 3,روانشناسی,دانشگاه بیرجند
1396,انسانی,2978,968,منطقه 2,روانشناسی,دانشگاه مازندران - بابلسر
1396,انسانی,2983,970,منطقه 2,فقه و حقوق اسلامی,دانشگاه شهید باهنر - کرمان
1396,انسانی,2983,1031,منطقه 1,علوم تربیتی,دانشگاه شیراز
1396,انسانی,2987,609,منطقه 3,آموزش ابتدایی - بومی خراسان رضوی,پردیس شهید بهشتی - مشهد
1396,انسانی,2991,611,منطقه 3,حسابداری,دانشگاه شهید بهشتی - تهران
1396,انسانی,2991,974,منطقه 2,روانشناسی,دانشگاه اردکان
1396,انسانی,2997,612,منطقه 3,حقوق,دانشگاه شیراز
1396,انسانی,2997,1034,منطقه 1,مدیریت امور بانکی,دانشگاه خوارزمی تهران
1396,انسانی,3001,283,ایثارگر-5%,حقوق,دانشگاه شاهد - تهران
1396,انسانی,3004,1035,منطقه 1,زبان و ادبیات عربی,دانشگاه فردوسی - مشهد
1396,انسانی,3008,978,منطقه 2,آموزش ابتدایی - بومی آذربایجان غربی,پردیس علامه طباطبایی - ارومیه
1396,انسانی,3021,982,منطقه 2,آموزش ابتدایی - بومی استان قم,پردیس حضرت معصومه - قم
1396,انسانی,3031,622,منطقه 3,علوم سیاسی,دانشگاه تهران
1396,انسانی,3031,984,منطقه 2,حقوق,دانشگاه کاشان
1396,انسانی,3039,989,منطقه 2,حسابداری,دانشگاه اصفهان
1396,انسانی,3039,989,منطقه 2,حقوق,دانشگاه شهید چمران اهواز
1396,انسانی,3044,993,منطقه 2,علوم تربیتی,دانشگاه علامه طباطبایی - تهران
1396,انسانی,3047,623,منطقه 3,روانشناسی,دانشگاه کاشان
1396,انسانی,3054,994,منطقه 2,علوم تربیتی,دانشگاه علامه طباطبایی - تهران
1396,انسانی,3059,626,منطقه 3,حقوق,دانشگاه شهید چمران اهواز
1396,انسانی,3059,996,منطقه 2,مدیریت مالی,دانشگاه تهران (محل تحصیل قم)
1396,انسانی,3064,998,منطقه 2,حقوق,دانشگاه یزد
1396,انسانی,3073,1054,منطقه 1,روانشناسی,دانشگاه حکیم سبزواری - سبزوار
1396,انسانی,3078,1003,منطقه 2,آموزش زبان و ادبیات فارسی - بومی آذربایجان غربی,پردیس بنت الهدی صدر-قزوین
1396,انسانی,3082,1005,منطقه 2,روزنامه نگاری,دانشگاه علامه طباطبایی - تهران
1396,انسانی,3082,1057,منطقه 1,حقوق,دانشگاه غیرانتفاعی علم و فرهنگ - تهران
1396,انسانی,3086,1058,منطقه 1,حسابداری,دانشگاه خوارزمی تهران
1396,انسانی,3090,633,منطقه 3,آموزش ابتدایی - بومی آذربایجان غربی,پردیس علامه طباطبایی - ارومیه
1396,انسانی,3090,1007,منطقه 2,مدیریت بیمه اکو,دانشگاه علامه طباطبایی - تهران (محل تحصیل مؤسسه آموزش عالی بیمه اکو)
1396,انسانی,3094,635,منطقه 3,آموزش زبان و ادبیات فارسی - بومی استان کهکیلویه و بویر احمد,پردیس بحرالعلوم - شهرکرد
1396,انسانی,3094,1009,منطقه 2,حقوق,دانشگاه مازندران - بابلسر
1396,انسانی,3097,636,منطقه 3,آموزش کودکان استثنایی - بومی استان کرمان,پردیس شهید بهشتی - مشهد
1396,انسانی,3097,636,منطقه 3,مدیریت مالی,دانشگاه خوارزمی تهران
1396,انسانی,3097,1011,منطقه 2,مردم شناسی,دانشگاه تهران
1396,انسانی,3103,1012,منطقه 2,مددکاری اجتماعی,دانشگاه علامه طباطبایی - تهران
1396,انسانی,3103,1061,منطقه 1,روانشناسی,دانشگاه غیرانتفاعی حکمت رضوی - مشهد
1396,انسانی,3112,642,منطقه 3,آموزش ابتدایی - بومی خراسان جنوبی,پردیس امام سجاد - بیرجند
1396,انسانی,3121,299,ایثارگر-5%,حقوق,دانشگاه زنجان
1396,انسانی,3121,645,منطقه 3,حقوق,دانشگاه بوعلی سینا - همدان
1396,انسانی,3127,1066,منطقه 1,حقوق,دانشگاه شهید مدنی آذربایجان - تبریز
1396,انسانی,3131,648,منطقه 3,آموزش ابتدایی - بومی کردستان,پردیس بنت الهدی صدر - سنندج
1396,انسانی,3131,1069,منطقه 1,علوم سیاسی,دانشگاه شهید بهشتی - تهران
1396,انسانی,3136,649,منطقه 3,حقوق,دانشگاه یزد
1396,انسانی,3143,1019,منطقه 2,آموزش ابتدایی - بومی استان چهارمحال وبختیاری,پردیس بحرالعلوم - شهرکرد
1396,انسانی,3143,1019,منطقه 2,حسابداری,دانشگاه تهران (محل تحصیل قم)
1396,انسانی,3146,651,منطقه 3,آموزش ابتدایی - بومی استان کرمانشاه,پردیس شهید رجایی - کرمانشاه
1396,انسانی,3146,1021,منطقه 2,حقوق,دانشگاه قم
1396,انسانی,3151,653,منطقه 3,آموزش ابتدایی - بومی آذربایجان غربی,پردیس علامه طباطبایی - ارومیه
1396,انسانی,3155,655,منطقه 3,آموزش ابتدایی - بومی استان زنجان,پردیس فاطمه الزهرا (س) - زنجان
1396,انسانی,3159,657,منطقه 3,فقه و حقوق اسلامی,دانشگاه شهید مطهری
1396,انسانی,3159,1025,منطقه 2,حقوق,دانشگاه سمنان
1396,انسانی,3165,660,منطقه 3,کارشناسی ارشد پیوسته معارف اسلامی و حقوق,دانشگاه شهید باهنر - کرمان
1396,انسانی,3165,1027,منطقه 2,مددکاری اجتماعی,دانشگاه علامه طباطبایی - تهران
1396,انسانی,3170,1029,منطقه 2,مدیریت صنعتی,دانشگاه تهران
1396,انسانی,3174,663,منطقه 3,حقوق,دانشگاه بوعلی سینا - همدان
1396,انسانی,3177,664,منطقه 3,روانشناسی,دانشگاه کردستان - سنندج
1396,انسانی,3188,1035,منطقه 2,آموزش ابتدایی - بومی استان اصفهان,پردیس فاطمه الزهرا (س) - اصفهان
1396,انسانی,3194,666,منطقه 3,حقوق,دانشگاه قم
1396,انسانی,3199,1092,منطقه 1,روانشناسی,دانشگاه کاشان
1396,انسانی,3199,1092,منطقه 1,فقه و مبانی حقوق اسلامی,دانشگاه فردوسی - مشهد
1396,انسانی,3203,1095,منطقه 1,زبان و ادبیات فارسی,دانشگاه شهید بهشتی - تهران
1396,انسانی,3206,1037,منطقه 2,مددکاری اجتماعی,دانشگاه علوم بهزیستی و توانبخشی تهران
1396,انسانی,3211,1039,منطقه 2,روانشناسی,دانشگاه شهید باهنر - کرمان
1396,انسانی,3219,1042,منطقه 2,آموزش ابتدایی - بومی استان اردبیل,پردیس بنت الهدی صدر - اردبیل
1396,انسانی,3219,1042,منطقه 2,روانشناسی,دانشگاه مازندران - بابلسر
1396,انسانی,3234,673,منطقه 3,روانشناسی,دانشگاه حکیم سبزواری - سبزوار
1396,انسانی,3246,1051,منطقه 2,آموزش کودکان استثنایی - بومی فارس,پردیس فاطمه الزهرا (س) - اصفهان
1396,انسانی,3251,1053,منطقه 2,حقوق,دانشگاه یزد
1396,انسانی,3263,680,منطقه 3,آموزش زبان و ادبیات فارسی - بومی آذربایجان شرقی,پردیس بنت الهدی صدر-قزوین
1396,انسانی,3266,1057,منطقه 2,حسابداری,دانشگاه شیراز
1396,انسانی,3268,312,ایثارگر-5%,مدیریت دولتی,دانشگاه تهران
1396,انسانی,3268,1058,منطقه 2,زبان و ادبیات عربی,دانشگاه تهران
1396,انسانی,3272,1061,منطقه 2,آموزش ابتدایی - بومی استان اصفهان,پردیس فاطمه الزهرا (س) - اصفهان
1396,انسانی,3275,682,منطقه 3,حقوق,دانشگاه کاشان
1396,انسانی,3280,684,منطقه 3,آموزش زبان و ادبیات فارسی - بومی استان اردبیل,پردیس شهیدرجایی قزوین(محل تحصیل پردیس علامه طباطبایی اردبیل)
1396,انسانی,3285,686,منطقه 3,علوم تربیتی,دانشگاه فردوسی - مشهد
1396,انسانی,3285,1065,منطقه 2,مدیریت صنعتی,دانشگاه شهید بهشتی - تهران
1396,انسانی,3289,1067,منطقه 2,زبان و ادبیات فارسی,دانشگاه تهران
1396,انسانی,3293,315,ایثارگر-5%,مددکاری اجتماعی,دانشگاه یزد
1396,انسانی,3293,687,منطقه 3,حقوق,دانشگاه بوعلی سینا - همدان
1396,انسانی,3296,1069,منطقه 2,حقوق,دانشگاه زنجان
1396,انسانی,3296,1069,منطقه 2,حقوق,دانشگاه یزد
1396,انسانی,3302,688,منطقه 3,آموزش ابتدایی - بومی خراسان جنوبی,پردیس امام سجاد - بیرجند
1396,انسانی,3302,1072,منطقه 2,حسابداری,دانشگاه علامه طباطبایی - تهران
1396,انسانی,3307,317,ایثارگر-5%,حقوق,دانشگاه یزد
1396,انسانی,3311,691,منطقه 3,آموزش زبان و ادبیات فارسی - بومی سیستان وبلوچستان,پردیس خواجه نصیرالدین طوسی - کرمان
1396,انسانی,3311,691,منطقه 3,حقوق,دانشگاه شیراز
1396,انسانی,3316,693,منطقه 3,آموزش ابتدایی - بومی استان تهران,پردیس زینبیه - پیشوا (ورامین)
1396,انسانی,3320,1079,منطقه 2,آموزش ابتدایی - بومی استان قم,پردیس حضرت معصومه - قم
1396,انسانی,3325,1082,منطقه 2,باستانشناسی,دانشگاه تهران
1396,انسانی,3331,320,ایثارگر-5%,علوم تربیتی,دانشگاه شهید بهشتی - تهران
1396,انسانی,3331,698,منطقه 3,آموزش ابتدایی - بومی استان ایلام,پردیس امام جعفر صادق - ایلام
1396,انسانی,3336,1085,منطقه 2,فقه و حقوق اسلامی,دانشگاه بین المللی امام خمینی(ره) - قزوین
1396,انسانی,3339,700,منطقه 3,آموزش ابتدایی - بومی استان کرمانشاه,پردیس شهید صدوقی - کرمانشاه
1396,انسانی,3342,702,منطقه 3,آموزش زبان و ادبیات فارسی - بومی هرمزگان,پردیس شهید رجایی - شیراز
1396,انسانی,3346,705,منطقه 3,حقوق,دانشگاه بوعلی سینا - همدان
1396,انسانی,3350,323,ایثارگر-5%,آموزش ابتدایی - بومی استان سمنان,پردیس فاطمه الزهرا (س) - سمنان
1396,انسانی,3350,1087,منطقه 2,آموزش ابتدایی - بومی آذربایجان غربی,پردیس علامه طباطبایی - ارومیه
1396,انسانی,3354,707,منطقه 3,آموزش زبان و ادبیات فارسی - بومی سیستان وبلوچستان,پردیس خواجه نصیرالدین طوسی - کرمان
1396,انسانی,3361,711,منطقه 3,مدیریت بازرگانی,دانشگاه شهید بهشتی - تهران
1396,انسانی,3364,712,منطقه 3,روانشناسی,دانشگاه اصفهان
1396,انسانی,3367,714,منطقه 3,آموزش ابتدایی - بومی استان همدان,پردیس شهید باهنر - همدان
1396,انسانی,3367,1135,منطقه 1,پژوهشگری اجتماعی,دانشگاه الزهرا(س) - تهران
1396,انسانی,3371,716,منطقه 3,آموزش ابتدایی - بومی خراسان جنوبی,پردیس امام سجاد - بیرجند
1396,انسانی,3371,1092,منطقه 2,آموزش ابتدایی - بومی استان سمنان,پردیس فاطمه الزهرا (س) - سمنان
1396,انسانی,3371,1092,منطقه 2,حقوق,دانشگاه مازندران - بابلسر
1396,انسانی,3371,1092,منطقه 2,حقوق,دانشگاه یزد
1396,انسانی,3385,1095,منطقه 2,علوم سیاسی,دانشگاه شهید بهشتی - تهران
1396,انسانی,3390,719,منطقه 3,علوم تربیتی,دانشگاه فردوسی - مشهد
1396,انسانی,3395,721,منطقه 3,آموزش جغرافیا - بومی آذربایجان غربی,پردیس امیر کبیر - کرج
1396,انسانی,3398,326,ایثارگر-5%,حقوق,دانشگاه شهید چمران اهواز
1396,انسانی,3403,1102,منطقه 2,حقوق,دانشگاه کاشان
1396,انسانی,3403,1102,منطقه 2,علوم ارتباطات اجتماعی,دانشگاه تهران
1396,انسانی,3407,1104,منطقه 2,آموزش ابتدایی - بومی مازندران,پردیس دکتر شریعتی - ساری
1396,انسانی,3411,726,منطقه 3,آموزش ابتدایی - بومی مازندران,پردیس فاطمه الزهرا(س) ساری
1396,انسانی,3411,1105,منطقه 2,حقوق,دانشگاه حکیم سبزواری - سبزوار
1396,انسانی,3411,1150,منطقه 1,حقوق,دانشگاه یزد
1396,انسانی,3415,728,منطقه 3,آموزش ابتدایی - بومی استان همدان,پردیس شهید مقصودی - همدان
1396,انسانی,3415,1106,منطقه 2,حسابداری,دانشگاه ارومیه
1396,انسانی,3421,1108,منطقه 2,حقوق,دانشگاه بوعلی سینا - همدان
1396,انسانی,3421,1108,منطقه 2,حقوق,دانشگاه سمنان
1396,انسانی,3427,731,منطقه 3,آموزش ابتدایی - بومی آذربایجان شرقی,پردیس علامه امینی - تبریز
1396,انسانی,3431,732,منطقه 3,آموزش ابتدایی - بومی فارس,پردیس شهید رجایی - شیراز
1396,انسانی,3442,736,منطقه 3,حقوق,دانشگاه گیلان - رشت
1396,انسانی,3446,738,منطقه 3,آموزش ابتدایی - بومی کردستان,پردیس بنت الهدی صدر - سنندج
1396,انسانی,3452,331,ایثارگر-5%,علوم تربیتی,دانشگاه فردوسی - مشهد
1396,انسانی,3452,739,منطقه 3,آموزش ابتدایی - بومی استان کرمان,پردیس شهید باهنر - کرمان
1396,انسانی,3452,1119,منطقه 2,آموزش زبان و ادبیات فارسی - بومی استان همدان,پردیس بنت الهدی صدر-قزوین
1396,انسانی,3457,1122,منطقه 2,حسابداری,دانشگاه مازندران - بابلسر
1396,انسانی,3463,741,منطقه 3,حقوق,دانشگاه تهران (محل تحصیل قم)
1396,انسانی,3475,1166,منطقه 1,حقوق,دانشگاه کاشان
1396,انسانی,3481,745,منطقه 3,آموزش ابتدایی - بومی خراسان رضوی,پردیس شهید هاشمی نژاد - مشهد
1396,انسانی,3481,1130,منطقه 2,روانشناسی,دانشگاه گیلان - رشت
1396,انسانی,3486,1132,منطقه 2,حسابداری,دانشگاه الزهرا(س) - تهران
1396,انسانی,3491,748,منطقه 3,آموزش ابتدایی - بومی گیلان,پردیس امام علی - رشت
1396,انسانی,3507,1139,منطقه 2,مددکاری اجتماعی,دانشگاه خوارزمی - تهران (محل تحصیل کرج)
1396,انسانی,3509,1141,منطقه 2,علوم ارتباطات اجتماعی,دانشگاه تهران
1396,انسانی,3512,754,منطقه 3,آموزش ابتدایی - بومی خوزستان,پردیس فاطمه الزهرا (س) - اهواز
1396,انسانی,3512,754,منطقه 3,آموزش جغرافیا - بومی گیلان,پردیس حکیم ابوالقاسم فردوسی - کرج
1396,انسانی,3518,756,منطقه 3,آموزش ابتدایی - بومی استان تهران,پردیس امیر کبیر - کرج
1396,انسانی,3518,1142,منطقه 2,آموزش ابتدایی - بومی استان سمنان,پردیس فاطمه الزهرا (س) - سمنان
1396,انسانی,3523,758,منطقه 3,آموزش ابتدایی - بومی خراسان رضوی,پردیس شهید بهشتی - مشهد
1396,انسانی,3527,1145,منطقه 2,آموزش زبان و ادبیات فارسی - بومی استان کرمان,پردیس خواجه نصیرالدین طوسی - کرمان
1396,انسانی,3533,1147,منطقه 2,آموزش زبان و ادبیات فارسی - بومی استان یزد,پردیس شهید رجایی - شیراز
1396,انسانی,3533,1185,منطقه 1,مدیریت بازرگانی,دانشگاه فردوسی - مشهد
1396,انسانی,3540,1149,منطقه 2,حسابداری,دانشگاه فردوسی - مشهد
1396,انسانی,3549,766,منطقه 3,آموزش ابتدایی - بومی خراسان شمالی,پردیس امام جعفر صادق - بجنورد
1396,انسانی,3549,1153,منطقه 2,حقوق,دانشگاه مازندران - بابلسر
1396,انسانی,3559,768,منطقه 3,حقوق,دانشگاه زنجان
1396,انسانی,3559,1158,منطقه 2,آموزش ابتدایی - بومی مازندران,پردیس فاطمه الزهرا(س) ساری
1396,انسانی,3561,1159,منطقه 2,حقوق,دانشگاه بیرجند
1396,انسانی,3565,770,منطقه 3,آموزش زبان و ادبیات فارسی - بومی استان همدان,پردیس شهید رجایی - قزوین
1396,انسانی,3565,770,منطقه 3,حقوق,دانشگاه یزد
1396,انسانی,3565,1160,منطقه 2,روانشناسی,دانشگاه شهید باهنر - کرمان
1396,انسانی,3572,774,منطقه 3,علوم قرآن و حدیث,دانشگاه فردوسی - مشهد
1396,انسانی,3572,774,منطقه 3,کارشناسی ارشد پیوسته معارف اسلامی و حقوق,دانشگاه شهید باهنر - کرمان
1396,انسانی,3572,1162,منطقه 2,آموزش ابتدایی - بومی خراسان شمالی,پردیس امام جعفر صادق - بجنورد
1396,انسانی,3582,1166,منطقه 2,حقوق,دانشگاه یزد
1396,انسانی,3586,777,منطقه 3,آموزش زبان و ادبیات فارسی - بومی استان تهران,پردیس شهید مفتح - شهرری
1396,انسانی,3589,778,منطقه 3,روانشناسی,دانشگاه گیلان - رشت
1396,انسانی,3589,1168,منطقه 2,حسابداری,دانشگاه شیراز
1396,انسانی,3592,1169,منطقه 2,مدیریت دولتی,دانشگاه فردوسی - مشهد
1396,انسانی,3596,779,منطقه 3,مدیریت مالی,دانشگاه الزهرا(س) - تهران
1396,انسانی,3596,1170,منطقه 2,آموزش ابتدایی - بومی آذربایجان شرقی,پردیس فاطمه الزهرا (س) - تبریز
1396,انسانی,3601,338,ایثارگر-5%,مدیریت بازرگانی,دانشگاه اصفهان
1396,انسانی,3601,781,منطقه 3,حقوق,دانشگاه محقق اردبیلی - اردبیل
1396,انسانی,3601,1172,منطقه 2,آموزش ابتدایی - بومی استان چهارمحال وبختیاری,پردیس شهید باهنر - شهرکرد
1396,انسانی,3601,1172,منطقه 2,روانشناسی,دانشگاه بیرجند
1396,انسانی,3601,1172,منطقه 2,علوم تربیتی,دانشگاه علامه طباطبایی - تهران
1396,انسانی,3606,782,منطقه 3,آموزش ابتدایی - بومی خراسان جنوبی,پردیس شهید باهنر - بیرجند
1396,انسانی,3606,1174,منطقه 2,آموزش ابتدایی - بومی استان سمنان,پردیس فاطمه الزهرا (س) - سمنان
1396,انسانی,3611,1177,منطقه 2,حقوق,دانشگاه قم
1396,انسانی,3611,1177,منطقه 2,حقوق,دانشگاه مازندران - بابلسر
1396,انسانی,3618,339,ایثارگر-5%,حقوق,دانشگاه شاهد - تهران
1396,انسانی,3618,786,منطقه 3,روانشناسی,دانشگاه فردوسی - مشهد
1396,انسانی,3622,788,منطقه 3,علوم قرآن و حدیث,دانشگاه فردوسی - مشهد
1396,انسانی,3626,790,منطقه 3,حقوق,دانشگاه گیلان - رشت
1396,انسانی,3626,1181,منطقه 2,حقوق,دانشگاه گیلان - رشت
1396,انسانی,3626,1181,منطقه 2,مدیریت بازرگانی,دانشگاه اصفهان
1396,انسانی,3631,341,ایثارگر-5%,حقوق,دانشگاه شاهد - تهران
1396,انسانی,3631,1183,منطقه 2,حقوق,دانشگاه گیلان - رشت
1396,انسانی,3640,794,منطقه 3,آموزش ابتدایی - بومی لرستان,پردیس آیت اله کمال وند - خرم آباد
1396,انسانی,3640,1188,منطقه 2,حقوق,دانشگاه حکیم سبزواری - سبزوار
1396,انسانی,3644,796,منطقه 3,حقوق,دانشگاه زنجان
1396,انسانی,3647,798,منطقه 3,آموزش ابتدایی - بومی لرستان,پردیس علامه طباطبایی - خرم آباد
1396,انسانی,3652,1191,منطقه 2,آموزش کودکان استثنایی - بومی آذربایجان شرقی,پردیس نسیبه - تهران
1396,انسانی,3652,1191,منطقه 2,فقه و حقوق اسلامی,دانشگاه بین المللی امام خمینی(ره) - قزوین
1396,انسانی,3658,801,منطقه 3,مدیریت بازرگانی,دانشگاه یزد
1396,انسانی,3658,1194,منطقه 2,روانشناسی,دانشگاه اردکان
1396,انسانی,3658,1194,منطقه 2,مدیریت مالی,دانشگاه یزد
1396,انسانی,3664,1197,منطقه 2,حسابداری,دانشگاه خوارزمی تهران
1396,انسانی,3669,1199,منطقه 2,آموزش ابتدایی - بومی استان اصفهان,پردیس شهید باهنر - اصفهان
1396,انسانی,3669,1217,منطقه 1,علوم سیاسی,دانشگاه شهید بهشتی - تهران
1396,انسانی,3674,803,منطقه 3,علوم سیاسی,دانشگاه شهید بهشتی - تهران
1396,انسانی,3674,1202,منطقه 2,آموزش ابتدایی - بومی استان البرز,پردیس امیر کبیر - کرج
1396,انسانی,3674,1202,منطقه 2,آموزش ابتدایی - بومی استان کرمان,پردیس شهید باهنر - کرمان
1396,انسانی,3674,1202,منطقه 2,حقوق,دانشگاه قم
1396,انسانی,3681,1205,منطقه 2,حسابداری,دانشگاه شیراز
1396,انسانی,3681,1219,منطقه 1,زبان و ادبیات فارسی,دانشگاه علامه طباطبایی - تهران
1396,انسانی,3698,349,ایثارگر-5%,روانشناسی,دانشگاه بوعلی سینا - همدان
1396,انسانی,3698,1226,منطقه 1,آموزش ابتدایی - بومی استان تهران,پردیس نسیبه - تهران
1396,انسانی,3704,351,ایثارگر-5%,حسابداری,دانشگاه یزد
1396,انسانی,3704,351,ایثارگر-5%,زبان و ادبیات فارسی,دانشگاه اصفهان
1396,انسانی,3704,1208,منطقه 2,آموزش ابتدایی - بومی استان قم,پردیس آیت اله طالقانی - قم
1396,انسانی,3709,1210,منطقه 2,روانشناسی,دانشگاه شهید باهنر - کرمان
1396,انسانی,3717,1213,منطقه 2,حقوق,دانشگاه حکیم سبزواری - سبزوار
1396,انسانی,3724,814,منطقه 3,آموزش ابتدایی - بومی استان تهران,پردیس زینبیه - پیشوا (ورامین)
1396,انسانی,3724,814,منطقه 3,آموزش ابتدایی - بومی خوزستان,پردیس فاطمه الزهرا (س) - اهواز
1396,انسانی,3724,1216,منطقه 2,آموزش ابتدایی - بومی استان چهارمحال وبختیاری,پردیس شهید باهنر - شهرکرد
1396,انسانی,3729,816,منطقه 3,آموزش کودکان استثنایی - بومی خوزستان,پردیس فاطمه الزهرا (س) - اصفهان
1396,انسانی,3731,1218,منطقه 2,روانشناسی,دانشگاه شهید باهنر - کرمان
1396,انسانی,3733,1219,منطقه 2,حسابداری,دانشگاه خوارزمی تهران
1396,انسانی,3736,1239,منطقه 1,زبان و ادبیات فارسی,دانشگاه شهید بهشتی - تهران
1396,انسانی,3746,820,منطقه 3,آموزش ابتدایی - بومی خراسان شمالی,پردیس امام جعفر صادق - بجنورد
1396,انسانی,3746,820,منطقه 3,علوم تربیتی,دانشگاه فردوسی - مشهد
1396,انسانی,3760,826,منطقه 3,روانشناسی,دانشگاه بجنورد
1396,انسانی,3764,828,منطقه 3,روانشناسی,دانشگاه مازندران - بابلسر
1396,انسانی,3770,830,منطقه 3,آموزش ابتدایی - بومی کردستان,پردیس شهید مدرس - سنندج
1396,انسانی,3770,1229,منطقه 2,آموزش ابتدایی - بومی کردستان,پردیس بنت الهدی صدر - سنندج
1396,انسانی,3778,833,منطقه 3,آموزش ابتدایی - بومی استان کرمانشاه,پردیس شهید صدوقی - کرمانشاه
1396,انسانی,3778,833,منطقه 3,آموزش ابتدایی - بومی استان کهکیلویه و بویر احمد,پردیس کوثر - یاسوج
1396,انسانی,3778,1230,منطقه 2,آموزش ابتدایی - بومی آذربایجان شرقی,پردیس فاطمه الزهرا (س) - تبریز
1396,انسانی,3778,1230,منطقه 2,پژوهشگری اجتماعی,دانشگاه شهید بهشتی - تهران
1396,انسانی,3790,838,منطقه 3,آموزش ابتدایی - بومی خراسان رضوی,پردیس شهید بهشتی - مشهد
1396,انسانی,3793,1233,منطقه 2,مدیریت مالی,دانشگاه یزد
1396,انسانی,3798,842,منطقه 3,آموزش ابتدایی - بومی خراسان جنوبی,پردیس امام سجاد - بیرجند
1396,انسانی,3809,846,منطقه 3,آموزش ابتدایی - بومی لرستان,پردیس آیت اله کمال وند - خرم آباد
1396,انسانی,3809,1235,منطقه 2,حسابداری,دانشگاه یزد
1396,انسانی,3809,1259,منطقه 1,مدیریت امور گمرکی,دانشگاه خوارزمی تهران
1396,انسانی,3815,1237,منطقه 2,آموزش زبان و ادبیات فارسی - بومی لرستان,پردیس شهید باهنر - شیراز
1396,انسانی,3815,1237,منطقه 2,حسابداری,دانشگاه یزد
1396,انسانی,3823,851,منطقه 3,آموزش ابتدایی - بومی استان اصفهان,پردیس شهید باهنر - اصفهان
1396,انسانی,3823,851,منطقه 3,حقوق,دانشگاه سمنان
1396,انسانی,3826,853,منطقه 3,آموزش ابتدایی - بومی استان ایلام,پردیس امام جعفر صادق - ایلام
1396,انسانی,3835,856,منطقه 3,آموزش ابتدایی - بومی کردستان,پردیس شهید مدرس - سنندج
1396,انسانی,3846,1246,منطقه 2,آموزش ابتدایی - بومی خوزستان,پردیس فاطمه الزهرا (س) - اهواز
1396,انسانی,3846,1246,منطقه 2,آموزش زبان و ادبیات فارسی - بومی استان همدان,پردیس بنت الهدی صدر-قزوین
1396,انسانی,3854,365,ایثارگر-5%,آموزش ابتدایی - بومی مرکزی,پردیس زینب کبری (س) - اراک
1396,انسانی,3854,863,منطقه 3,آموزش ابتدایی - بومی استان تهران,پردیس شهید مفتح - شهرری
1396,انسانی,3854,1269,منطقه 1,علوم تربیتی,دانشگاه فردوسی - مشهد
1396,انسانی,3860,1250,منطقه 2,مدیریت بازرگانی,دانشگاه کاشان
1396,انسانی,3864,866,منطقه 3,آموزش ابتدایی - بومی استان کرمان,پردیس شهید باهنر - کرمان
1396,انسانی,3870,366,ایثارگر-5%,آموزش ابتدایی - بومی استان تهران,پردیس امیر کبیر - کرج
1396,انسانی,3870,869,منطقه 3,آموزش ابتدایی - بومی استان ایلام,پردیس امام جعفر صادق - ایلام
1396,انسانی,3870,869,منطقه 3,حقوق,دانشگاه مازندران - بابلسر
1396,انسانی,3877,873,منطقه 3,فقه و مبانی حقوق اسلامی,دانشگاه شهید چمران اهواز
1396,انسانی,3895,881,منطقه 3,آموزش ابتدایی - بومی استان کرمان,پردیس شهید باهنر - کرمان
1396,انسانی,3902,883,منطقه 3,فقه و مبانی حقوق اسلامی,دانشگاه تهران
1396,انسانی,3902,1258,منطقه 2,حقوق,دانشگاه رازی کرمانشاه
1396,انسانی,3906,1259,منطقه 2,حقوق,دانشگاه شهید چمران اهواز
1396,انسانی,3910,887,منطقه 3,آموزش ابتدایی - بومی آذربایجان غربی,پردیس علامه طباطبایی - ارومیه
1396,انسانی,3915,1261,منطقه 2,حقوق,دانشگاه گلستان - گرگان
1396,انسانی,3920,1291,منطقه 1,روانشناسی,دانشگاه شهید بهشتی - تهران
1396,انسانی,3927,1263,منطقه 2,آموزش ابتدایی - بومی گیلان,پردیس بنت الهدی صدر - رشت
1396,انسانی,3934,894,منطقه 3,حسابداری,دانشگاه علامه طباطبایی - تهران
1396,انسانی,3937,1266,منطقه 2,حسابداری,دانشگاه خوارزمی تهران
1396,انسانی,3937,1266,منطقه 2,حقوق,دانشگاه حکیم سبزواری - سبزوار
1396,انسانی,3940,1268,منطقه 2,علوم تربیتی,دانشگاه علامه طباطبایی - تهران
1396,انسانی,3949,899,منطقه 3,حقوق,دانشگاه زنجان
1396,انسانی,3949,1299,منطقه 1,حقوق - محل تحصیل خواهران پردیس رضوان,دانشگاه غیرانتفاعی امام رضا(ع) - مشهد
1396,انسانی,3959,903,منطقه 3,آموزش ابتدایی - بومی استان کرمان,پردیس شهید باهنر - کرمان
1396,انسانی,3965,1270,منطقه 2,فقه و حقوق اسلامی,دانشگاه شهید مطهری
1396,انسانی,3971,1271,منطقه 2,آموزش زبان و ادبیات فارسی - بومی استان همدان,پردیس بنت الهدی صدر-قزوین
1396,انسانی,3971,1271,منطقه 2,مدیریت بازرگانی,دانشگاه الزهرا(س) - تهران
1396,انسانی,3975,373,ایثارگر-5%,روانشناسی,دانشگاه شاهد - تهران
1396,انسانی,3975,1273,منطقه 2,حسابداری,دانشگاه اصفهان
1396,انسانی,3980,909,منطقه 3,حقوق,دانشگاه قم
1396,انسانی,3989,1280,منطقه 2,حقوق,دانشگاه گیلان - رشت
1396,انسانی,3993,912,منطقه 3,آموزش ابتدایی - بومی خراسان رضوی,پردیس شهید هاشمی نژاد - مشهد
1396,انسانی,4005,917,منطقه 3,حسابداری,دانشگاه بین المللی امام خمینی(ره) - قزوین
1396,انسانی,4005,917,منطقه 3,علوم تربیتی,دانشگاه کاشان
1396,انسانی,4016,1319,منطقه 1,مدیریت دولتی,دانشگاه فردوسی - مشهد
1396,انسانی,4019,924,منطقه 3,آموزش زبان و ادبیات فارسی - بومی آذربایجان شرقی,پردیس شهیدرجایی قزوین(محل تحصیل پردیس علامه طباطبایی اردبیل)
1396,انسانی,4039,930,منطقه 3,آموزش زبان و ادبیات فارسی - بومی لرستان,پردیس شهید مدرس - سنندج
1396,انسانی,4039,1292,منطقه 2,آموزش ابتدایی - بومی استان تهران,پردیس زینبیه - پیشوا (ورامین)
1396,انسانی,4039,1292,منطقه 2,حقوق,دانشکده علوم انسانی حضرت معصومه_قم(ویژه خواهران)
1396,انسانی,4039,1329,منطقه 1,حسابداری,دانشگاه اصفهان
1396,انسانی,4046,1333,منطقه 1,مدیریت بازرگانی,دانشگاه اصفهان
1396,انسانی,4050,1294,منطقه 2,آموزش ابتدایی - بومی استان قم,پردیس حضرت معصومه - قم
1396,انسانی,4054,933,منطقه 3,حقوق,دانشگاه قم
1396,انسانی,4056,1338,منطقه 1,روانشناسی,دانشگاه تبریز
1396,انسانی,4070,935,منطقه 3,آموزش ابتدایی - بومی استان قزوین,پردیس بنت الهدی صدر-قزوین
1396,انسانی,4077,1305,منطقه 2,آموزش ابتدایی - بومی استان همدان,پردیس شهید باهنر - همدان
1396,انسانی,4082,1307,منطقه 2,آموزش ابتدایی - بومی استان تهران,پردیس زینبیه - پیشوا (ورامین)
1396,انسانی,4082,1307,منطقه 2,حقوق,دانشگاه زنجان
1396,انسانی,4082,1307,منطقه 2,مردم شناسی,دانشگاه تهران
1396,انسانی,4082,1347,منطقه 1,حقوق - محل تحصیل خواهران پردیس رضوان,دانشگاه غیرانتفاعی امام رضا(ع) - مشهد
1396,انسانی,4088,936,منطقه 3,آموزش ابتدایی - بومی خراسان جنوبی,پردیس شهید باهنر - بیرجند
1396,انسانی,4088,936,منطقه 3,علوم تربیتی,دانشگاه فردوسی - مشهد
1396,انسانی,4092,939,منطقه 3,آموزش ابتدایی - بومی لرستان,پردیس آیت اله کمال وند - خرم آباد
1396,انسانی,4092,939,منطقه 3,آموزش زبان و ادبیات فارسی - بومی خراسان جنوبی,پردیس خواجه نصیرالدین طوسی - کرمان
1396,انسانی,4097,941,منطقه 3,آموزش ابتدایی - بومی لرستان,پردیس آیت اله کمال وند - خرم آباد
1396,انسانی,4097,1313,منطقه 2,حقوق,دانشگاه قم
1396,انسانی,4097,1350,منطقه 1,حقوق,دانشگاه قم
1396,انسانی,4102,1314,منطقه 2,آموزش ابتدایی - بومی آذربایجان شرقی,پردیس فاطمه الزهرا (س) - تبریز
1396,انسانی,4102,1352,منطقه 1,مدیریت بازرگانی,دانشگاه شاهد - تهران
1396,انسانی,4107,1354,منطقه 1,فلسفه و حکمت اسلامی,دانشگاه فردوسی - مشهد
1396,انسانی,4114,945,منطقه 3,آموزش ابتدایی - بومی استان سمنان,پردیس فاطمه الزهرا (س) - سمنان
1396,انسانی,4114,1356,منطقه 1,آموزش ابتدایی - بومی استان تهران,پردیس امیر کبیر - کرج
1396,انسانی,4121,1359,منطقه 1,علوم تربیتی,دانشگاه شیراز
1396,انسانی,4128,949,منطقه 3,آموزش ابتدایی - بومی استان ایلام,پردیس شهید مدرس - ایلام
1396,انسانی,4128,949,منطقه 3,آموزش ابتدایی - بومی استان کهکیلویه و بویر احمد,پردیس کوثر - یاسوج
1396,انسانی,4128,1322,منطقه 2,آموزش کودکان استثنایی - بومی خراسان رضوی,پردیس شهید بهشتی - مشهد
1396,انسانی,4133,951,منطقه 3,حقوق,دانشگاه بیرجند
1396,انسانی,4143,1325,منطقه 2,آموزش ابتدایی - بومی استان قم,پردیس آیت اله طالقانی - قم
1396,انسانی,4148,957,منطقه 3,روانشناسی,دانشگاه گیلان - رشت
1396,انسانی,4148,1328,منطقه 2,حقوق,دانشگاه مازندران - بابلسر
1396,انسانی,4148,1328,منطقه 2,روانشناسی,دانشگاه حکیم سبزواری - سبزوار
1396,انسانی,4148,1328,منطقه 2,روانشناسی,دانشگاه کاشان
1396,انسانی,4155,960,منطقه 3,آموزش ابتدایی - بومی خوزستان,پردیس فاطمه الزهرا (س) - اهواز
1396,انسانی,4155,1331,منطقه 2,حقوق,دانشگاه بوعلی سینا - همدان
1396,انسانی,4167,965,منطقه 3,آموزش ابتدایی - بومی آذربایجان غربی,پردیس شهید رجایی - ارومیه
1396,انسانی,4167,1336,منطقه 2,حقوق,دانشگاه یزد
1396,انسانی,4170,966,منطقه 3,حقوق,دانشگاه یزد
1396,انسانی,4170,1337,منطقه 2,حقوق,دانشگاه بوعلی سینا - همدان
1396,انسانی,4178,1341,منطقه 2,فلسفه,دانشگاه شهید بهشتی - تهران
1396,انسانی,4181,1373,منطقه 1,حسابداری,دانشگاه بین المللی امام خمینی(ره) - قزوین
1396,انسانی,4186,1344,منطقه 2,حقوق,دانشگاه حکیم سبزواری - سبزوار
1396,انسانی,4186,1374,منطقه 1,حقوق,دانشگاه شهید مدنی آذربایجان - تبریز
1396,انسانی,4192,970,منطقه 3,روزنامه نگاری,دانشگاه صدا و سیمای جمهوری اسلامی ایران
1396,انسانی,4205,974,منطقه 3,روانشناسی,دانشگاه بوعلی سینا - همدان
1396,انسانی,4205,1381,منطقه 1,حقوق,دانشگاه قم
1396,انسانی,4209,975,منطقه 3,روانشناسی,دانشگاه اردکان
1396,انسانی,4215,977,منطقه 3,روانشناسی,دانشگاه بیرجند
1396,انسانی,4219,387,ایثارگر-5%,آموزش ابتدایی - بومی آذربایجان غربی,پردیس علامه طباطبایی - ارومیه
1396,انسانی,4225,1352,منطقه 2,آموزش زبان انگلیسی - بومی خوزستان,پردیس شهید باهنر - اراک
1396,انسانی,4235,979,منطقه 3,روانشناسی,دانشگاه هرمزگان - بندرعباس
1396,انسانی,4235,1356,منطقه 2,آموزش ابتدایی - بومی مرکزی,پردیس شهید باهنر - اراک
1396,انسانی,4241,981,منطقه 3,آموزش ابتدایی - بومی خوزستان,پردیس فاطمه الزهرا (س) - اهواز
1396,انسانی,4245,983,منطقه 3,مددکاری اجتماعی,دانشگاه خوارزمی - تهران (محل تحصیل کرج)
1396,انسانی,4249,985,منطقه 3,آموزش ابتدایی - بومی استان ایلام,پردیس امام جعفر صادق - ایلام
1396,انسانی,4255,394,ایثارگر-5%,حقوق,دانشگاه رازی کرمانشاه
1396,انسانی,4255,988,منطقه 3,آموزش زبان و ادبیات فارسی - بومی خراسان جنوبی,پردیس خواجه نصیرالدین طوسی - کرمان
1396,انسانی,4261,1362,منطقه 2,حسابداری,دانشگاه قم
1396,انسانی,4261,1362,منطقه 2,زبان و ادبیات فارسی,دانشگاه یزد
1396,انسانی,4266,991,منطقه 3,آموزش ابتدایی - بومی مازندران,پردیس دکتر شریعتی - ساری
1396,انسانی,4272,397,ایثارگر-5%,روانشناسی,دانشگاه اراک
1396,انسانی,4277,1397,منطقه 1,مطالعات ارتباطی و فناوری اطلاعات,دانشگاه علامه طباطبایی - تهران
1396,انسانی,4287,400,ایثارگر-5%,آموزش کودکان استثنایی - بومی استان اصفهان,پردیس فاطمه الزهرا (س) - اصفهان
1396,انسانی,4287,996,منطقه 3,آموزش زبان و ادبیات فارسی - بومی استان تهران,پردیس شهید مفتح - شهرری
1396,انسانی,4287,996,منطقه 3,علوم تربیتی,دانشگاه فردوسی - مشهد
1396,انسانی,4287,996,منطقه 3,مدیریت امور بانکی,دانشگاه خوارزمی تهران
1396,انسانی,4292,998,منطقه 3,حسابداری,دانشگاه شیراز
1396,انسانی,4300,1375,منطقه 2,آموزش جغرافیا - بومی استان چهارمحال وبختیاری,پردیس حضرت رسول اکرم - اهواز
1396,انسانی,4300,1400,منطقه 1,علوم تربیتی,دانشگاه شیراز
1396,انسانی,4310,1378,منطقه 2,حقوق,دانشگاه قم
1396,انسانی,4315,1381,منطقه 2,مدیریت بازرگانی,دانشگاه کاشان
1396,انسانی,4319,1383,منطقه 2,حسابداری,دانشگاه صنعتی شاهرود
1396,انسانی,4322,1006,منطقه 3,آموزش ابتدایی - بومی گیلان,پردیس بنت الهدی صدر - رشت
1396,انسانی,4330,1008,منطقه 3,مدیریت مالی,دانشگاه خوارزمی تهران
1396,انسانی,4334,1010,منطقه 3,آموزش جغرافیا - بومی آذربایجان غربی,پردیس امیر کبیر - کرج
1396,انسانی,4343,1013,منطقه 3,آموزش ابتدایی - بومی گلستان,پردیس امام خمینی - گرگان
1396,انسانی,4343,1391,منطقه 2,آموزش زبان و ادبیات فارسی - بومی آذربایجان شرقی,پردیس شهیدرجایی قزوین(محل تحصیل پردیس علامه طباطبایی اردبیل)
1396,انسانی,4355,411,ایثارگر-5%,آموزش زبان و ادبیات فارسی - بومی استان البرز,پردیس شهید رجایی - قزوین
1396,انسانی,4355,1016,منطقه 3,حقوق,دانشگاه کردستان - سنندج
1396,انسانی,4355,1411,منطقه 1,حسابداری,دانشگاه غیرانتفاعی خاتم - تهران
1396,انسانی,4361,412,ایثارگر-5%,حقوق,دانشگاه گیلان - رشت
1396,انسانی,4361,1414,منطقه 1,حقوق,دانشگاه شهید مدنی آذربایجان - تبریز
1396,انسانی,4369,1398,منطقه 2,آموزش زبان و ادبیات فارسی - بومی استان اردبیل,پردیس شهیدرجایی قزوین(محل تحصیل پردیس علامه طباطبایی اردبیل)
1396,انسانی,4369,1398,منطقه 2,روانشناسی,دانشگاه مازندران - بابلسر
1396,انسانی,4374,1019,منطقه 3,حقوق,دانشگاه آیت اله حایری - میبد
1396,انسانی,4378,1402,منطقه 2,آموزش ابتدایی - بومی استان زنجان,پردیس فاطمه الزهرا (س) - زنجان
1396,انسانی,4378,1402,منطقه 2,علوم سیاسی,دانشگاه تهران
1396,انسانی,4382,1405,منطقه 2,فقه و حقوق اسلامی,دانشگاه شهید مطهری
1396,انسانی,4386,1021,منطقه 3,زبان و ادبیات فارسی,دانشگاه تهران
1396,انسانی,4390,1407,منطقه 2,آموزش زبان و ادبیات فارسی - بومی خراسان شمالی,پردیس دکتر شریعتی - ساری
1396,انسانی,4395,1409,منطقه 2,آموزش ابتدایی - بومی خراسان رضوی,پردیس شهید بهشتی - مشهد
1396,انسانی,4401,416,ایثارگر-5%,آموزش زبان و ادبیات فارسی - بومی آذربایجان شرقی,پردیس شهیدرجایی قزوین(محل تحصیل پردیس علامه طباطبایی اردبیل)
1396,انسانی,4401,416,ایثارگر-5%,علوم تربیتی,دانشگاه اصفهان
1396,انسانی,4401,1426,منطقه 1,آموزش ابتدایی - بومی آذربایجان شرقی,پردیس فاطمه الزهرا (س) - تبریز
1396,انسانی,4401,1426,منطقه 1,علوم تربیتی,دانشگاه اصفهان
1396,انسانی,4406,1411,منطقه 2,مدیریت بازرگانی,دانشگاه اصفهان
1396,انسانی,4410,1413,منطقه 2,علوم تربیتی,دانشگاه علامه طباطبایی - تهران
1396,انسانی,4415,1416,منطقه 2,آموزش ابتدایی - بومی استان چهارمحال وبختیاری,پردیس شهید باهنر - شهرکرد
1396,انسانی,4415,1416,منطقه 2,حقوق,دانشگاه یزد
1396,انسانی,4426,1028,منطقه 3,زبان و ادبیات فارسی,دانشگاه تهران
1396,انسانی,4426,1434,منطقه 1,حقوق,دانشگاه یزد
1396,انسانی,4436,420,ایثارگر-5%,حقوق,دانشگاه بیرجند
1396,انسانی,4436,1031,منطقه 3,روانشناسی,دانشگاه مازندران - بابلسر
1396,انسانی,4440,1440,منطقه 1,حقوق,دانشگاه لرستان - خرم آباد
1396,انسانی,4453,1035,منطقه 3,آموزش ابتدایی - بومی استان کرمان,پردیس خواجه نصیرالدین طوسی - کرمان
1396,انسانی,4458,1038,منطقه 3,آموزش زبان و ادبیات فارسی - بومی استان همدان,پردیس شهید رجایی - قزوین
1396,انسانی,4458,1425,منطقه 2,آموزش ابتدایی - بومی مازندران,پردیس دکتر شریعتی - ساری
1396,انسانی,4465,1040,منطقه 3,آموزش ابتدایی - بومی آذربایجان غربی,پردیس علامه طباطبایی - ارومیه
1396,انسانی,4470,1043,منطقه 3,حقوق,دانشگاه زنجان
1396,انسانی,4474,1045,منطقه 3,آموزش ابتدایی - بومی خراسان جنوبی,پردیس شهید باهنر - بیرجند
1396,انسانی,4477,1046,منطقه 3,علوم تربیتی,دانشگاه تهران
1396,انسانی,4483,1048,منطقه 3,حقوق,دانشگاه شهید چمران اهواز
1396,انسانی,4483,1433,منطقه 2,حقوق,دانشگاه بجنورد
1396,انسانی,4483,1433,منطقه 2,علوم تربیتی,دانشگاه یزد
1396,انسانی,4490,425,ایثارگر-5%,روانشناسی,دانشگاه مازندران - بابلسر
1396,انسانی,4490,1435,منطقه 2,زبان و ادبیات فارسی,دانشگاه تهران
1396,انسانی,4490,1452,منطقه 1,حقوق - محل تحصیل خواهران پردیس رضوان,دانشگاه غیرانتفاعی امام رضا(ع) - مشهد
1396,انسانی,4498,1457,منطقه 1,مدیریت صنعتی,دانشگاه غیرانتفاعی علم و فرهنگ - تهران
1396,انسانی,4506,1056,منطقه 3,حقوق,دانشگاه قم
1396,انسانی,4510,1058,منطقه 3,آموزش زبان و ادبیات فارسی - بومی استان کهکیلویه و بویر احمد,پردیس شهید باهنر - شهرکرد
1396,انسانی,4515,1059,منطقه 3,آموزش ابتدایی - بومی استان اردبیل,پردیس علامه طباطبایی - اردبیل
1396,انسانی,4515,1438,منطقه 2,روانشناسی,دانشگاه بوعلی سینا - همدان
1396,انسانی,4521,1440,منطقه 2,حقوق,دانشگاه آیت اله حایری - میبد
1396,انسانی,4521,1464,منطقه 1,علوم تربیتی,دانشگاه علامه طباطبایی - تهران
1396,انسانی,4530,1443,منطقه 2,آموزش ابتدایی - بومی مازندران,پردیس دکتر شریعتی - ساری
1396,انسانی,4530,1443,منطقه 2,علوم تربیتی,دانشگاه فردوسی - مشهد
1396,انسانی,4535,1061,منطقه 3,علوم تربیتی,دانشگاه الزهرا(س) - تهران
1396,انسانی,4539,1064,منطقه 3,مترجمی زبان فرانسه,دانشگاه علامه طباطبایی - تهران
1396,انسانی,4546,1067,منطقه 3,آموزش زبان و ادبیات فارسی - بومی استان اردبیل,پردیس شهیدرجایی قزوین(محل تحصیل پردیس علامه طباطبایی اردبیل)
1396,انسانی,4546,1448,منطقه 2,آموزش ابتدایی - بومی استان کرمان,پردیس شهید باهنر - کرمان
1396,انسانی,4546,1448,منطقه 2,آموزش ابتدایی - بومی خراسان شمالی,پردیس امام جعفر صادق - بجنورد
1396,انسانی,4553,1450,منطقه 2,مددکاری اجتماعی,دانشگاه یزد
1396,انسانی,4574,1073,منطقه 3,آموزش ابتدایی - بومی استان کرمان,پردیس خواجه نصیرالدین طوسی - کرمان
1396,انسانی,4580,1077,منطقه 3,آموزش ابتدایی - بومی کردستان,پردیس شهید مدرس - سنندج
1396,انسانی,4583,1080,منطقه 3,آموزش ابتدایی - بومی خراسان جنوبی,پردیس شهید باهنر - بیرجند
1396,انسانی,4588,1083,منطقه 3,آموزش ابتدایی - بومی لرستان,پردیس آیت اله کمال وند - خرم آباد
1396,انسانی,4588,1083,منطقه 3,حقوق,دانشگاه اصفهان
1396,انسانی,4595,1087,منطقه 3,آموزش زبان و ادبیات فارسی - بومی آذربایجان شرقی,پردیس شهیدرجایی قزوین(محل تحصیل پردیس علامه طباطبایی اردبیل)
1396,انسانی,4595,1087,منطقه 3,باستانشناسی,دانشگاه تهران
1396,انسانی,4595,1087,منطقه 3,حقوق,دانشگاه بجنورد
1396,انسانی,4595,1462,منطقه 2,آموزش ابتدایی - بومی آذربایجان شرقی,پردیس فاطمه الزهرا (س) - تبریز
1396,انسانی,4595,1462,منطقه 2,آموزش کودکان استثنایی - بومی هرمزگان,پردیس شهید هاشمی نژاد - مشهد
1396,انسانی,4612,1465,منطقه 2,علوم تربیتی,دانشگاه علامه طباطبایی - تهران
1396,انسانی,4617,1467,منطقه 2,آموزش ابتدایی - بومی استان قم,پردیس حضرت معصومه - قم
1396,انسانی,4634,1102,منطقه 3,حقوق,دانشگاه قم
1396,انسانی,4634,1471,منطقه 2,روانشناسی,دانشگاه گیلان - رشت
1396,انسانی,4642,1106,منطقه 3,آموزش ابتدایی - بومی خراسان شمالی,پردیس امام جعفر صادق - بجنورد
1396,انسانی,4648,1108,منطقه 3,آموزش ابتدایی - بومی استان همدان,پردیس شهید باهنر - همدان
1396,انسانی,4648,1108,منطقه 3,آموزش کودکان استثنایی - بومی استان کرمان,پردیس شهید هاشمی نژاد - مشهد
1396,انسانی,4662,1479,منطقه 2,حقوق,دانشگاه گلستان - گرگان
1396,انسانی,4672,1503,منطقه 1,حقوق,دانشگاه محقق اردبیلی - اردبیل
1396,انسانی,4680,1506,منطقه 1,مدیریت بازرگانی,دانشگاه شاهد - تهران
1396,انسانی,4684,443,ایثارگر-5%,آموزش ابتدایی - بومی استان سمنان,پردیس فاطمه الزهرا (س) - سمنان
1396,انسانی,4684,1121,منطقه 3,آموزش ابتدایی - بومی استان کهکیلویه و بویر احمد,پردیس کوثر - یاسوج
1396,انسانی,4684,1121,منطقه 3,حقوق,دانشگاه کردستان - سنندج
1396,انسانی,4690,1483,منطقه 2,فقه و مبانی حقوق اسلامی,دانشگاه مازندران - بابلسر
1396,انسانی,4690,1509,منطقه 1,حقوق,دانشگاه غیرانتفاعی صدرالمتالهین - تهران (ویژه برادران)
1396,انسانی,4700,1485,منطقه 2,آموزش ابتدایی - بومی استان قم,پردیس حضرت معصومه - قم
1396,انسانی,4700,1485,منطقه 2,روانشناسی,دانشگاه شهید باهنر - کرمان
1396,انسانی,4708,1516,منطقه 1,علوم تربیتی,دانشگاه تبریز
1396,انسانی,4719,1522,منطقه 1,روانشناسی,دانشگاه شیراز
1396,انسانی,4728,1494,منطقه 2,حسابداری,دانشگاه اصفهان
1396,انسانی,4728,1524,منطقه 1,فقه و مبانی حقوق اسلامی,دانشگاه شیراز
1396,انسانی,4734,1497,منطقه 2,حقوق,دانشگاه بوعلی سینا - همدان
1396,انسانی,4734,1527,منطقه 1,حسابداری,دانشگاه اصفهان
1396,انسانی,4739,1499,منطقه 2,فقه و حقوق اسلامی,دانشگاه یزد
1396,انسانی,4747,450,ایثارگر-5%,فقه و حقوق اسلامی,دانشگاه شهید باهنر - کرمان
1396,انسانی,4747,1136,منطقه 3,آموزش ابتدایی - بومی هرمزگان,پردیس شهید بهشتی - بندرعباس
1396,انسانی,4747,1136,منطقه 3,آموزش زبان و ادبیات فارسی - بومی لرستان,پردیس شهید مدرس - سنندج
1396,انسانی,4752,1532,منطقه 1,حقوق,دانشگاه شهید مدنی آذربایجان - تبریز
1396,انسانی,4759,1501,منطقه 2,آموزش ابتدایی - بومی خوزستان,پردیس فاطمه الزهرا (س) - اهواز
1396,انسانی,4765,1144,منطقه 3,حقوق,دانشگاه گلستان - گرگان
1396,انسانی,4765,1144,منطقه 3,فقه و مبانی حقوق اسلامی,دانشگاه الزهرا(س) - تهران
1396,انسانی,4765,1503,منطقه 2,آموزش ابتدایی - بومی استان زنجان,پردیس فاطمه الزهرا (س) - زنجان
1396,انسانی,4770,1146,منطقه 3,آموزش ابتدایی - بومی خراسان جنوبی,پردیس شهید باهنر - بیرجند
1396,انسانی,4770,1505,منطقه 2,علوم تربیتی,دانشگاه یزد
1396,انسانی,4777,1507,منطقه 2,آموزش کودکان استثنایی - بومی استان کرمان,پردیس شهید هاشمی نژاد - مشهد
1396,انسانی,4777,1537,منطقه 1,علوم تربیتی,دانشگاه اصفهان
1396,انسانی,4781,1509,منطقه 2,علوم تربیتی,دانشگاه مازندران - بابلسر
1396,انسانی,4784,1151,منطقه 3,آموزش کودکان استثنایی - بومی خراسان رضوی,پردیس شهید بهشتی - مشهد
1396,انسانی,4789,1153,منطقه 3,علوم تربیتی,دانشگاه الزهرا(س) - تهران
1396,انسانی,4795,1512,منطقه 2,روانشناسی,دانشگاه کاشان
1396,انسانی,4800,1157,منطقه 3,فقه و مبانی حقوق اسلامی,دانشگاه فردوسی - مشهد
1396,انسانی,4805,1160,منطقه 3,آموزش ابتدایی - بومی استان ایلام,پردیس امام جعفر صادق - ایلام
1396,انسانی,4805,1160,منطقه 3,آموزش ابتدایی - بومی فارس,پردیس شهید رجایی - شیراز
1396,انسانی,4810,1516,منطقه 2,حقوق,دانشگاه بوعلی سینا - همدان
1396,انسانی,4825,1547,منطقه 1,علوم قرآن و حدیث,دانشگاه علامه طباطبایی - تهران
1396,انسانی,4834,458,ایثارگر-5%,فقه و مبانی حقوق اسلامی,دانشگاه تهران (محل تحصیل قم)
1396,انسانی,4841,1171,منطقه 3,آموزش ابتدایی - بومی استان کرمان,پردیس خواجه نصیرالدین طوسی - کرمان
1396,انسانی,4841,1525,منطقه 2,آموزش ابتدایی - بومی استان سمنان,پردیس فاطمه الزهرا (س) - سمنان
1396,انسانی,4841,1525,منطقه 2,علوم تربیتی,دانشگاه فردوسی - مشهد
1396,انسانی,4849,1175,منطقه 3,آموزش ابتدایی - بومی کردستان,پردیس شهید مدرس - سنندج
1396,انسانی,4849,1175,منطقه 3,حسابداری,دانشگاه خوارزمی تهران
1396,انسانی,4849,1175,منطقه 3,روانشناسی,دانشگاه بیرجند
1396,انسانی,4861,1182,منطقه 3,فقه و مبانی حقوق اسلامی,دانشگاه تهران (محل تحصیل قم)
1396,انسانی,4866,1184,منطقه 3,آموزش زبان و ادبیات فارسی - بومی استان زنجان,پردیس شهید رجایی - قزوین
1396,انسانی,4866,1531,منطقه 2,آموزش ابتدایی - بومی استان اردبیل,پردیس بنت الهدی صدر - اردبیل
1396,انسانی,4872,1185,منطقه 3,آموزش ابتدایی - بومی خراسان جنوبی,پردیس شهید باهنر - بیرجند
1396,انسانی,4872,1533,منطقه 2,علوم تربیتی,دانشگاه اصفهان
1396,انسانی,4872,1555,منطقه 1,زبان و ادبیات فارسی,دانشگاه الزهرا(س) - تهران
1396,انسانی,4876,1187,منطقه 3,علوم تربیتی,دانشگاه کاشان
1396,انسانی,4891,1559,منطقه 1,حقوق,دانشگاه لرستان - خرم آباد
1396,انسانی,4904,1200,منطقه 3,آموزش کودکان استثنایی - بومی استان قزوین,پردیس نسیبه - تهران
1396,انسانی,4911,1545,منطقه 2,آموزش ابتدایی - بومی استان قم,پردیس آیت اله طالقانی - قم
1396,انسانی,4911,1545,منطقه 2,حقوق,دانشگاه گلستان - گرگان
1396,انسانی,4918,463,ایثارگر-5%,حقوق,دانشگاه قم
1396,انسانی,4918,1205,منطقه 3,آموزش ابتدایی - بومی استان البرز,پردیس امیر کبیر - کرج
1396,انسانی,4926,1207,منطقه 3,کارشناسی ارشد پیوسته معارف اسلامی و حقوق,دانشگاه شهید باهنر - کرمان
1396,انسانی,4926,1568,منطقه 1,زبان و ادبیات عربی,دانشگاه تهران
1396,انسانی,4926,1568,منطقه 1,زبان و ادبیات فارسی,دانشگاه اصفهان
1396,انسانی,4931,1209,منطقه 3,آموزش زبان انگلیسی,دانشگاه سیستان و بلوچستان - زاهدان
1396,انسانی,4936,1210,منطقه 3,آموزش ابتدایی - بومی خراسان جنوبی,پردیس شهید باهنر - بیرجند
1396,انسانی,4936,1554,منطقه 2,فقه و مبانی حقوق اسلامی,دانشگاه بوعلی سینا - همدان
1396,انسانی,4936,1554,منطقه 2,مددکاری اجتماعی,دانشگاه یزد
1396,انسانی,4945,465,ایثارگر-5%,زبان و ادبیات فارسی,دانشگاه تهران
1396,انسانی,4945,1558,منطقه 2,آموزش ابتدایی - بومی خراسان رضوی,پردیس شهید بهشتی - مشهد
1396,انسانی,4945,1558,منطقه 2,حسابداری,دانشگاه یزد
1396,انسانی,4950,1213,منطقه 3,حقوق,دانشگاه شهید مدنی آذربایجان - تبریز
1396,انسانی,4957,467,ایثارگر-5%,زبان و ادبیات عربی,دانشگاه تهران
1396,انسانی,4957,1563,منطقه 2,حقوق,دانشگاه مازندران - بابلسر
1396,انسانی,4980,1222,منطقه 3,حقوق,دانشگاه شهید چمران اهواز
1396,انسانی,4980,1222,منطقه 3,علوم تربیتی,دانشگاه شهید بهشتی - تهران
1396,انسانی,4980,1570,منطقه 2,آموزش زبان و ادبیات فارسی - بومی استان سمنان,پردیس شهید باهنر - شیراز
1396,انسانی,4980,1570,منطقه 2,علوم سیاسی,دانشگاه تهران
1396,انسانی,4987,468,ایثارگر-5%,آموزش ابتدایی - بومی استان سمنان,پردیس فاطمه الزهرا (س) - سمنان
1396,انسانی,4994,1588,منطقه 1,علوم سیاسی,دانشگاه علامه طباطبایی - تهران
1396,انسانی,5007,1579,منطقه 2,روانشناسی,دانشگاه شهید مدنی آذربایجان - تبریز
1396,انسانی,5020,1597,منطقه 1,حقوق,دانشگاه شهید مدنی آذربایجان - تبریز
1396,انسانی,5020,1597,منطقه 1,مطالعات ارتباطی و فناوری اطلاعات,دانشگاه علامه طباطبایی - تهران
1396,انسانی,5023,1585,منطقه 2,حقوق,دانشگاه شهید مدنی آذربایجان - تبریز
1396,انسانی,5026,1230,منطقه 3,آموزش ابتدایی - بومی استان کرمان,پردیس شهید باهنر - کرمان
1396,انسانی,5029,1587,منطقه 2,علوم تربیتی,دانشگاه فردوسی - مشهد
1396,انسانی,5029,1602,منطقه 1,حسابداری,دانشگاه اصفهان
1396,انسانی,5034,472,ایثارگر-5%,مدیریت دولتی,دانشگاه شهید بهشتی - تهران
1396,انسانی,5034,1604,منطقه 1,حسابداری,دانشگاه فردوسی - مشهد
1396,انسانی,5040,1232,منطقه 3,آموزش ابتدایی - بومی لرستان,پردیس علامه طباطبایی - خرم آباد
1396,انسانی,5040,1591,منطقه 2,آموزش ابتدایی - بومی استان اردبیل,پردیس بنت الهدی صدر - اردبیل
1396,انسانی,5040,1591,منطقه 2,حقوق,دانشگاه آیت اله حایری - میبد
1396,انسانی,5061,1238,منطقه 3,علوم تربیتی,دانشگاه تهران
1396,انسانی,5066,1239,منطقه 3,مدیریت مالی,دانشگاه خوارزمی تهران
1396,انسانی,5071,1241,منطقه 3,حقوق,دانشگاه شهرکرد
1396,انسانی,5071,1599,منطقه 2,علوم تربیتی,دانشگاه علامه طباطبایی - تهران
1396,انسانی,5071,1614,منطقه 1,علوم تربیتی,دانشگاه شیراز
1396,انسانی,5079,478,ایثارگر-5%,حسابداری,دانشگاه خوارزمی تهران
1396,انسانی,5079,1601,منطقه 2,علوم تربیتی,دانشگاه کاشان
1396,انسانی,5079,1601,منطقه 2,مدیریت بازرگانی,دانشگاه یزد
1396,انسانی,5098,1249,منطقه 3,فقه و حقوق اسلامی,دانشگاه بین المللی امام خمینی(ره) - قزوین
1396,انسانی,5098,1249,منطقه 3,مددکاری اجتماعی,دانشگاه خوارزمی - تهران (محل تحصیل کرج)
1396,انسانی,5098,1609,منطقه 2,حقوق,دانشگاه حکیم سبزواری - سبزوار
1396,انسانی,5103,1251,منطقه 3,آموزش زبان و ادبیات فارسی - بومی آذربایجان غربی,پردیس بنت الهدی صدر-قزوین
1396,انسانی,5110,1253,منطقه 3,حقوق,دانشگاه رازی کرمانشاه
1396,انسانی,5110,1253,منطقه 3,مدیریت دولتی,دانشگاه شهید بهشتی - تهران
1396,انسانی,5110,1612,منطقه 2,علوم تربیتی,دانشگاه شهید باهنر - کرمان
1396,انسانی,5118,1256,منطقه 3,روانشناسی,دانشگاه بجنورد
1396,انسانی,5137,1621,منطقه 2,حقوق,دانشگاه حکیم سبزواری - سبزوار
1396,انسانی,5137,1626,منطقه 1,روانشناسی,دانشگاه غیرانتفاعی خیام - مشهد
1396,انسانی,5143,484,ایثارگر-5%,حقوق,دانشگاه آیت اله حایری - میبد
1396,انسانی,5150,1267,منطقه 3,حسابداری,دانشگاه مازندران - بابلسر
1396,انسانی,5150,1625,منطقه 2,حسابداری,دانشگاه بوعلی سینا - همدان
1396,انسانی,5166,1270,منطقه 3,حقوق,دانشگاه قم
1396,انسانی,5166,1270,منطقه 3,روابط عمومی,دانشگاه علامه طباطبایی - تهران
1396,انسانی,5173,1273,منطقه 3,آموزش ابتدایی - بومی استان تهران,پردیس زینبیه - پیشوا (ورامین)
1396,انسانی,5178,1636,منطقه 2,روانشناسی,دانشگاه گیلان - رشت
1396,انسانی,5183,1276,منطقه 3,آموزش زبان و ادبیات فارسی - بومی استان یزد,پردیس شهید باهنر - شیراز
1396,انسانی,5183,1276,منطقه 3,حسابداری,دانشگاه فردوسی - مشهد
1396,انسانی,5183,1637,منطقه 2,حسابداری,دانشگاه بوعلی سینا - همدان
1396,انسانی,5187,1638,منطقه 2,آموزش ابتدایی - بومی گیلان,پردیس بنت الهدی صدر - رشت
1396,انسانی,5197,1641,منطقه 2,حقوق,دانشگاه زنجان
1396,انسانی,5197,1641,منطقه 2,فقه و حقوق اسلامی,دانشگاه یزد
1396,انسانی,5206,491,ایثارگر-5%,روانشناسی,دانشگاه بوعلی سینا - همدان
1396,انسانی,5206,1281,منطقه 3,روانشناسی,دانشگاه شهید مدنی آذربایجان - تبریز
1396,انسانی,5215,1283,منطقه 3,آموزش زبان و ادبیات فارسی - بومی استان بوشهر,پردیس شهید رجایی - شیراز
1396,انسانی,5215,1649,منطقه 2,آموزش ابتدایی - بومی استان تهران,پردیس زینبیه - پیشوا (ورامین)
1396,انسانی,5215,1649,منطقه 2,آموزش ابتدایی - بومی استان همدان,پردیس شهید باهنر - همدان
1396,انسانی,5215,1649,منطقه 2,حقوق,دانشگاه رازی کرمانشاه
1396,انسانی,5215,1649,منطقه 2,علوم تربیتی,دانشگاه فردوسی - مشهد
1396,انسانی,5222,1286,منطقه 3,آموزش ابتدایی - بومی خراسان جنوبی,پردیس شهید باهنر - بیرجند
1396,انسانی,5231,492,ایثارگر-5%,فقه و حقوق اسلامی,دانشگاه شهید مطهری
1396,انسانی,5231,1290,منطقه 3,زبان و ادبیات فارسی,دانشگاه کاشان
1396,انسانی,5231,1656,منطقه 2,روانشناسی,دانشگاه یزد - مهریز
1396,انسانی,5240,494,ایثارگر-5%,حسابداری,دانشگاه خوارزمی تهران
1396,انسانی,5240,1292,منطقه 3,آموزش ابتدایی - بومی استان کرمان,پردیس خواجه نصیرالدین طوسی - کرمان
1396,انسانی,5240,1659,منطقه 2,حقوق,دانشگاه دامغان
1396,انسانی,5246,1293,منطقه 3,آموزش زبان و ادبیات فارسی - بومی خراسان شمالی,پردیس زینبیه - پیشوا (ورامین)
1396,انسانی,5246,1293,منطقه 3,آموزش زبان و ادبیات فارسی - بومی گیلان,پردیس دکتر شریعتی - ساری
1396,انسانی,5246,1661,منطقه 2,روانشناسی,دانشگاه شهید چمران اهواز
1396,انسانی,5258,1664,منطقه 2,آموزش جغرافیا - بومی مازندران,پردیس حکیم ابوالقاسم فردوسی - کرج
1396,انسانی,5262,1298,منطقه 3,مددکاری اجتماعی,دانشگاه علوم بهزیستی و توانبخشی تهران
1396,انسانی,5262,1666,منطقه 2,حقوق,دانشگاه شهید مدنی آذربایجان - تبریز
1396,انسانی,5267,1301,منطقه 3,آموزش زبان و ادبیات فارسی - بومی سیستان وبلوچستان,پردیس خواجه نصیرالدین طوسی - کرمان
1396,انسانی,5267,1667,منطقه 2,حقوق,دانشگاه گیلان - رشت
1396,انسانی,5273,1670,منطقه 2,حقوق,دانشگاه زنجان
1396,انسانی,5278,1673,منطقه 2,آموزش ابتدایی - بومی استان چهارمحال وبختیاری,پردیس شهید باهنر - شهرکرد
1396,انسانی,5287,1657,منطقه 1,پژوهشگری اجتماعی,دانشگاه اصفهان
1396,انسانی,5287,1676,منطقه 2,روانشناسی,دانشگاه اراک
1396,انسانی,5292,1307,منطقه 3,حقوق,دانشگاه بوعلی سینا - همدان
1396,انسانی,5292,1659,منطقه 1,پژوهشگری اجتماعی,دانشگاه اصفهان
1396,انسانی,5297,1679,منطقه 2,زبان و ادبیات فارسی,دانشگاه الزهرا(س) - تهران
1396,انسانی,5302,1682,منطقه 2,حقوق,دانشگاه مازندران - بابلسر
1396,انسانی,5309,499,ایثارگر-5%,حقوق,دانشگاه شاهد - تهران
1396,انسانی,5309,1312,منطقه 3,آموزش ابتدایی - بومی خراسان جنوبی,پردیس امام سجاد - بیرجند
1396,انسانی,5314,1687,منطقه 2,حقوق,دانشگاه قم
1396,انسانی,5320,1315,منطقه 3,روانشناسی,دانشگاه بجنورد
1396,انسانی,5320,1690,منطقه 2,حقوق,دانشگاه شهید چمران اهواز
1396,انسانی,5327,1693,منطقه 2,آموزش ابتدایی - بومی استان قم,پردیس حضرت معصومه - قم
1396,انسانی,5327,1693,منطقه 2,روانشناسی,دانشگاه سمنان (محل تحصیل دانشکده روانشناسی وعلوم تربیتی مهدی شهر)
1396,انسانی,5333,1319,منطقه 3,آموزش ابتدایی - بومی خراسان شمالی,پردیس امام جعفر صادق - بجنورد
1396,انسانی,5338,500,ایثارگر-5%,حسابداری,دانشگاه کردستان - سنندج
1396,انسانی,5343,1671,منطقه 1,مدیریت بازرگانی,دانشگاه شیراز
1396,انسانی,5350,501,ایثارگر-5%,حقوق,دانشگاه بین المللی امام خمینی(ره) - قزوین
1396,انسانی,5350,1673,منطقه 1,مدیریت مالی,دانشگاه تهران (محل تحصیل قم)
1396,انسانی,5356,1325,منطقه 3,فقه و حقوق اسلامی,دانشگاه شهید مدنی آذربایجان - تبریز
1396,انسانی,5360,1677,منطقه 1,مدیریت بازرگانی,دانشگاه فردوسی - مشهد
1396,انسانی,5364,1328,منطقه 3,حسابداری,دانشگاه فردوسی - مشهد
1396,انسانی,5364,1680,منطقه 1,مدیریت بازرگانی,دانشگاه غیرانتفاعی علم و فرهنگ - تهران
1396,انسانی,5369,1330,منطقه 3,آموزش ابتدایی - بومی خراسان جنوبی,پردیس امام سجاد - بیرجند
1396,انسانی,5375,1332,منطقه 3,علوم تربیتی,دانشگاه شیراز
1396,انسانی,5375,1332,منطقه 3,مدیریت بازرگانی,دانشگاه فردوسی - مشهد
1396,انسانی,5375,1684,منطقه 1,آموزش ابتدایی - بومی خراسان رضوی,پردیس شهید بهشتی - مشهد
1396,انسانی,5375,1684,منطقه 1,حقوق,دانشگاه پیام نور خراسان رضوی - مرکز مشهد
1396,انسانی,5381,1336,منطقه 3,آموزش ابتدایی - بومی کردستان,پردیس شهید مدرس - سنندج
1396,انسانی,5381,1336,منطقه 3,حقوق,دانشگاه مراغه
1396,انسانی,5381,1336,منطقه 3,علوم تربیتی,دانشگاه شهید بهشتی - تهران
1396,انسانی,5381,1336,منطقه 3,مدیریت بیمه,دانشگاه علامه طباطبایی - تهران
1396,انسانی,5389,1709,منطقه 2,آموزش ابتدایی - بومی استان سمنان,پردیس فاطمه الزهرا (س) - سمنان
1396,انسانی,5402,1344,منطقه 3,حقوق,دانشگاه بوعلی سینا - همدان
1396,انسانی,5415,1716,منطقه 2,زبان و ادبیات عربی,دانشگاه تهران
1396,انسانی,5427,1354,منطقه 3,حقوق,دانشگاه کردستان - سنندج
1396,انسانی,5427,1354,منطقه 3,علوم تربیتی,دانشگاه فردوسی - مشهد
1396,انسانی,5427,1699,منطقه 1,مترجمی زبان عربی,دانشگاه تهران
1396,انسانی,5432,1356,منطقه 3,آموزش کودکان استثنایی - بومی هرمزگان,پردیس شهید هاشمی نژاد - مشهد
1396,انسانی,5447,1362,منطقه 3,آموزش جغرافیا - بومی آذربایجان غربی,پردیس حکیم ابوالقاسم فردوسی - کرج
1396,انسانی,5457,1726,منطقه 2,فلسفه,دانشگاه علامه طباطبایی - تهران
1396,انسانی,5465,506,ایثارگر-5%,علوم ارتباطات اجتماعی,دانشگاه تهران
1396,انسانی,5465,1368,منطقه 3,آموزش ابتدایی - بومی استان سمنان,پردیس فاطمه الزهرا (س) - سمنان
1396,انسانی,5465,1368,منطقه 3,حقوق,دانشگاه مراغه
1396,انسانی,5465,1368,منطقه 3,زبان و ادبیات انگلیسی,دانشگاه علامه طباطبایی - تهران
1396,انسانی,5465,1730,منطقه 2,حقوق,دانشگاه زنجان
1396,انسانی,5480,1733,منطقه 2,حقوق,دانشگاه محقق اردبیلی - اردبیل
1396,انسانی,5480,1733,منطقه 2,زبان و ادبیات انگلیسی,دانشگاه مازندران - بابلسر
1396,انسانی,5485,1373,منطقه 3,حقوق,دانشگاه بجنورد
1396,انسانی,5488,1713,منطقه 1,حقوق,دانشگاه محقق اردبیلی - اردبیل
1396,انسانی,5495,1378,منطقه 3,آموزش زبان و ادبیات فارسی - بومی استان کرمان,پردیس خواجه نصیرالدین طوسی - کرمان
1396,انسانی,5495,1378,منطقه 3,روانشناسی,دانشگاه رازی کرمانشاه
1396,انسانی,5495,1738,منطقه 2,روانشناسی,دانشگاه شهید چمران اهواز
1396,انسانی,5495,1738,منطقه 2,مدیریت دولتی,دانشگاه فردوسی - مشهد
1396,انسانی,5503,512,ایثارگر-5%,آموزش زبان و ادبیات فارسی - بومی فارس,پردیس شهید رجایی - شیراز
1396,انسانی,5503,1381,منطقه 3,آموزش ابتدایی - بومی استان کهکیلویه و بویر احمد,پردیس شهید ایزد پناه - یاسوج
1396,انسانی,5503,1716,منطقه 1,حقوق,دانشگاه شهید مدنی آذربایجان - تبریز
1396,انسانی,5503,1716,منطقه 1,حقوق,دانشگاه شهید چمران اهواز
1396,انسانی,5503,1741,منطقه 2,روانشناسی,دانشگاه بوعلی سینا - همدان
1396,انسانی,5507,1742,منطقه 2,حقوق,دانشگاه بوعلی سینا - همدان
1396,انسانی,5511,1744,منطقه 2,حسابداری,دانشگاه شیراز
1396,انسانی,5522,514,ایثارگر-5%,مدیریت بازرگانی,دانشگاه اصفهان
1396,انسانی,5522,1385,منطقه 3,آموزش زبان و ادبیات فارسی - بومی استان البرز,پردیس شهید رجایی - قزوین
1396,انسانی,5522,1724,منطقه 1,مدیریت صنعتی,دانشگاه فردوسی - مشهد
1396,انسانی,5531,1387,منطقه 3,آموزش ابتدایی - بومی استان کهکیلویه و بویر احمد,پردیس کوثر - یاسوج
1396,انسانی,5537,1389,منطقه 3,آموزش ابتدایی - بومی خوزستان,پردیس فاطمه الزهرا (س) - اهواز
1396,انسانی,5546,1755,منطقه 2,فقه و مبانی حقوق اسلامی,دانشگاه مازندران - بابلسر
1396,انسانی,5554,517,ایثارگر-5%,روانشناسی,دانشگاه بجنورد
1396,انسانی,5561,1398,منطقه 3,آموزش ابتدایی - بومی خوزستان,پردیس فاطمه الزهرا (س) - اهواز
1396,انسانی,5561,1398,منطقه 3,آموزش کودکان استثنایی - بومی خراسان شمالی,پردیس شهید هاشمی نژاد - مشهد
1396,انسانی,5561,1760,منطقه 2,مدیریت صنعتی,دانشگاه اصفهان
1396,انسانی,5567,1401,منطقه 3,آموزش ابتدایی - بومی استان کهکیلویه و بویر احمد,پردیس کوثر - یاسوج
1396,انسانی,5567,1733,منطقه 1,حقوق,دانشگاه شهید چمران اهواز
1396,انسانی,5573,1403,منطقه 3,حقوق,دانشگاه بوعلی سینا - همدان
1396,انسانی,5573,1735,منطقه 1,حقوق,دانشگاه سمنان
1396,انسانی,5573,1735,منطقه 1,فقه و حقوق اسلامی,دانشگاه شاهد - تهران
1396,انسانی,5573,1762,منطقه 2,آموزش ابتدایی - بومی آذربایجان غربی,پردیس شهید رجایی - ارومیه
1396,انسانی,5573,1762,منطقه 2,آموزش ابتدایی - بومی استان کرمانشاه,پردیس شهید صدوقی - کرمانشاه
1396,انسانی,5586,520,ایثارگر-5%,آموزش ابتدایی - بومی مرکزی,پردیس زینب کبری (س) - اراک
1396,انسانی,5586,520,ایثارگر-5%,فقه و حقوق اسلامی,دانشگاه ارومیه
1396,انسانی,5586,1406,منطقه 3,آموزش ابتدایی - بومی استان اردبیل,پردیس بنت الهدی صدر - اردبیل
1396,انسانی,5594,1409,منطقه 3,حقوق,دانشگاه بیرجند
1396,انسانی,5601,1413,منطقه 3,حقوق,دانشگاه گیلان - رشت
1396,انسانی,5622,527,ایثارگر-5%,علوم سیاسی,دانشگاه تهران
1396,انسانی,5622,1418,منطقه 3,آموزش ابتدایی - بومی استان قم,پردیس آیت اله طالقانی - قم
1396,انسانی,5630,530,ایثارگر-5%,حقوق,دانشکده علوم انسانی حضرت معصومه_قم(ویژه خواهران)
1396,انسانی,5630,1421,منطقه 3,آموزش زبان و ادبیات فارسی - بومی گلستان,پردیس دکتر شریعتی - ساری
1396,انسانی,5630,1421,منطقه 3,فقه و مبانی حقوق اسلامی,دانشگاه فردوسی - مشهد
1396,انسانی,5636,1423,منطقه 3,آموزش ابتدایی - بومی سیستان وبلوچستان,پردیس شهید مطهری - زاهدان
1396,انسانی,5636,1778,منطقه 2,علوم تربیتی,دانشگاه کاشان
1396,انسانی,5645,1783,منطقه 2,فقه و حقوق اسلامی,دانشگاه یزد
1396,انسانی,5650,1749,منطقه 1,حقوق - محل تحصیل خواهران پردیس رضوان,دانشگاه غیرانتفاعی امام رضا(ع) - مشهد
1396,انسانی,5655,1786,منطقه 2,حقوق,دانشگاه گلستان - گرگان
1396,انسانی,5661,1430,منطقه 3,فقه و حقوق اسلامی,دانشگاه بین المللی امام خمینی(ره) - قزوین
1396,انسانی,5672,1792,منطقه 2,آموزش ابتدایی - بومی استان اصفهان,پردیس شهید باهنر - اصفهان
1396,انسانی,5684,1798,منطقه 2,آموزش ابتدایی - بومی خراسان جنوبی,پردیس شهید باهنر - بیرجند
1396,انسانی,5684,1798,منطقه 2,علوم سیاسی,دانشگاه تهران
1396,انسانی,5693,537,ایثارگر-5%,حقوق,دانشگاه شاهد - تهران
1396,انسانی,5702,1441,منطقه 3,آموزش ابتدایی - بومی خراسان رضوی,پردیس شهید بهشتی - مشهد
1396,انسانی,5702,1762,منطقه 1,تاریخ,دانشگاه اصفهان
1396,انسانی,5708,1444,منطقه 3,آموزش ابتدایی - بومی گیلان,پردیس بنت الهدی صدر - رشت
1396,انسانی,5708,1805,منطقه 2,فقه و مبانی حقوق اسلامی,دانشگاه تهران (محل تحصیل قم)
1396,انسانی,5715,1807,منطقه 2,روانشناسی,دانشگاه بوعلی سینا - همدان
1396,انسانی,5720,1810,منطقه 2,علوم تربیتی,دانشگاه اصفهان
1396,انسانی,5725,1812,منطقه 2,فقه و حقوق اسلامی,دانشگاه یزد
1396,انسانی,5730,541,ایثارگر-5%,حقوق,دانشگاه بجنورد
1396,انسانی,5730,1813,منطقه 2,حقوق,دانشگاه مازندران - بابلسر
1396,انسانی,5734,1451,منطقه 3,آموزش ابتدایی - بومی لرستان,پردیس علامه طباطبایی - خرم آباد
1396,انسانی,5734,1814,منطقه 2,روانشناسی,دانشگاه زنجان
1396,انسانی,5739,1453,منطقه 3,روانشناسی,دانشگاه شهید مدنی آذربایجان - تبریز
1396,انسانی,5739,1815,منطقه 2,حقوق,دانشگاه بیرجند
1396,انسانی,5744,1773,منطقه 1,حقوق,دانشگاه کاشان
1396,انسانی,5744,1817,منطقه 2,حقوق,دانشگاه شهرکرد
1396,انسانی,5765,1460,منطقه 3,آموزش ابتدایی - بومی گلستان,پردیس امام خمینی - گرگان
1396,انسانی,5765,1778,منطقه 1,زبان و ادبیات فارسی,دانشگاه شیراز
1396,انسانی,5771,1462,منطقه 3,آموزش ابتدایی - بومی خراسان جنوبی,پردیس شهید باهنر - بیرجند
1396,انسانی,5771,1781,منطقه 1,حقوق,دانشکده علوم انسانی حضرت معصومه_قم(ویژه خواهران)
1396,انسانی,5774,1463,منطقه 3,آموزش ابتدایی - بومی خراسان جنوبی,پردیس شهید باهنر - بیرجند
1396,انسانی,5774,1463,منطقه 3,آموزش زبان و ادبیات فارسی - بومی استان کرمان,پردیس خواجه نصیرالدین طوسی - کرمان
1396,انسانی,5779,1827,منطقه 2,آموزش ابتدایی - بومی مازندران,پردیس دکتر شریعتی - ساری
1396,انسانی,5779,1827,منطقه 2,علوم تربیتی,دانشگاه یزد
1396,انسانی,5792,1834,منطقه 2,حقوق,دانشگاه آیت اله حایری - میبد
1396,انسانی,5796,1469,منطقه 3,آموزش ابتدایی - بومی خراسان جنوبی,پردیس امام سجاد - بیرجند
1396,انسانی,5799,1471,منطقه 3,آموزش ابتدایی - بومی استان تهران,پردیس زینبیه - پیشوا (ورامین)
1396,انسانی,5799,1836,منطقه 2,حسابداری,دانشگاه خوارزمی تهران
1396,انسانی,5803,1837,منطقه 2,آموزش ابتدایی - بومی استان اصفهان,پردیس شهید باهنر - اصفهان
1396,انسانی,5809,1476,منطقه 3,فقه و مبانی حقوق اسلامی,دانشگاه فردوسی - مشهد
1396,انسانی,5816,1479,منطقه 3,آموزش زبان و ادبیات فارسی - بومی استان کهکیلویه و بویر احمد,پردیس بحرالعلوم - شهرکرد
1396,انسانی,5816,1841,منطقه 2,آموزش کودکان استثنایی - بومی گیلان,پردیس نسیبه - تهران
1396,انسانی,5816,1841,منطقه 2,روانشناسی,دانشگاه مازندران - بابلسر
1396,انسانی,5822,1843,منطقه 2,آموزش ابتدایی - بومی استان چهارمحال وبختیاری,پردیس شهید باهنر - شهرکرد
1396,انسانی,5822,1843,منطقه 2,آموزش ابتدایی - بومی استان کرمانشاه,پردیس شهید صدوقی - کرمانشاه
1396,انسانی,5828,1485,منطقه 3,آموزش ابتدایی - بومی گلستان,پردیس امام خمینی - گرگان
1396,انسانی,5828,1485,منطقه 3,آموزش کودکان استثنایی - بومی استان چهارمحال وبختیاری,پردیس شهید باهنر - اصفهان
1396,انسانی,5834,1487,منطقه 3,آموزش ابتدایی - بومی آذربایجان شرقی,پردیس فاطمه الزهرا (س) - تبریز
1396,انسانی,5834,1846,منطقه 2,روانشناسی,دانشگاه اراک
1396,انسانی,5840,1797,منطقه 1,زبان و ادبیات فارسی,دانشگاه فردوسی - مشهد
1396,انسانی,5846,1491,منطقه 3,آموزش ابتدایی - بومی استان اردبیل,پردیس علامه طباطبایی - اردبیل
1396,انسانی,5846,1491,منطقه 3,فلسفه,دانشگاه تهران
1396,انسانی,5846,1848,منطقه 2,حسابداری,دانشگاه اصفهان
1396,انسانی,5846,1848,منطقه 2,حسابداری,دانشگاه شیراز
1396,انسانی,5853,1494,منطقه 3,آموزش ابتدایی - بومی خراسان جنوبی,پردیس شهید باهنر - بیرجند
1396,انسانی,5853,1494,منطقه 3,مدیریت دولتی,دانشگاه شهید بهشتی - تهران
1396,انسانی,5855,551,ایثارگر-5%,آموزش ابتدایی - بومی استان کرمانشاه,پردیس شهید صدوقی - کرمانشاه
1396,انسانی,5857,1496,منطقه 3,مددکاری اجتماعی,دانشگاه علامه طباطبایی - تهران
1396,انسانی,5868,1501,منطقه 3,مدیریت مالی,دانشگاه خوارزمی تهران
1396,انسانی,5868,1802,منطقه 1,مدیریت مالی,دانشگاه یزد
1396,انسانی,5872,1855,منطقه 2,حقوق,دانشگاه شهید مدنی آذربایجان - تبریز
1396,انسانی,5879,552,ایثارگر-5%,آموزش ابتدایی - بومی استان البرز,پردیس امیر کبیر - کرج
1396,انسانی,5890,1863,منطقه 2,روانشناسی,دانشگاه ملایر
1396,انسانی,5905,1866,منطقه 2,روانشناسی,دانشگاه مازندران - بابلسر
1396,انسانی,5926,1515,منطقه 3,آموزش ابتدایی - بومی گیلان,پردیس بنت الهدی صدر - رشت
1396,انسانی,5926,1515,منطقه 3,حقوق,دانشگاه رازی کرمانشاه
1396,انسانی,5932,1872,منطقه 2,حقوق,دانشگاه شهرکرد
1396,انسانی,5944,1521,منطقه 3,علوم تربیتی,دانشگاه شهید بهشتی - تهران
1396,انسانی,5944,1878,منطقه 2,آموزش زبان و ادبیات فارسی - بومی مرکزی,پردیس شهید مدرس - سنندج
1396,انسانی,5944,1878,منطقه 2,پژوهشگری اجتماعی,دانشگاه اصفهان
1396,انسانی,5951,1522,منطقه 3,زبان و ادبیات فارسی,دانشگاه ارومیه
1396,انسانی,5951,1827,منطقه 1,آموزش ابتدایی - بومی آذربایجان شرقی,پردیس فاطمه الزهرا (س) - تبریز
1396,انسانی,5951,1827,منطقه 1,مدیریت مالی,دانشگاه تهران (محل تحصیل قم)
1396,انسانی,5951,1881,منطقه 2,روانشناسی,دانشگاه سمنان (محل تحصیل دانشکده روانشناسی وعلوم تربیتی مهدی شهر)
1396,انسانی,5951,1881,منطقه 2,علوم تربیتی,دانشگاه قم
1396,انسانی,5956,1829,منطقه 1,مدیریت بازرگانی,دانشگاه شاهد - تهران
1396,انسانی,5960,560,ایثارگر-5%,علوم سیاسی,دانشگاه تهران
1396,انسانی,5965,1526,منطقه 3,حقوق,دانشگاه مراغه
1396,انسانی,5977,565,ایثارگر-5%,آموزش ابتدایی - بومی گلستان,پردیس امام خمینی - گرگان
1396,انسانی,5977,565,ایثارگر-5%,حقوق,دانشگاه بوعلی سینا - همدان
1396,انسانی,5977,1528,منطقه 3,روانشناسی,دانشگاه شهید باهنر - کرمان
1396,انسانی,5977,1886,منطقه 2,آموزش ابتدایی - بومی استان تهران,پردیس زینبیه - پیشوا (ورامین)
1396,انسانی,5994,567,ایثارگر-5%,حقوق,دانشگاه حکیم سبزواری - سبزوار
1396,انسانی,5994,1893,منطقه 2,آموزش ابتدایی - بومی آذربایجان شرقی,پردیس علامه امینی - تبریز
1396,انسانی,5999,1532,منطقه 3,آموزش ابتدایی - بومی سیستان وبلوچستان,پردیس شهید مطهری - زاهدان
1396,انسانی,6006,1534,منطقه 3,حقوق,دانشگاه کردستان - سنندج
1396,انسانی,6006,1842,منطقه 1,فقه و حقوق اسلامی,دانشگاه شهید مدنی آذربایجان - تبریز
1396,انسانی,6013,1536,منطقه 3,آموزش ابتدایی - بومی فارس,پردیس شهید رجایی - شیراز
1396,انسانی,6018,1538,منطقه 3,آموزش ابتدایی - بومی استان یزد,پردیس شهید پاک نژاد - یزد
1396,انسانی,6025,1540,منطقه 3,آموزش ابتدایی - بومی استان تهران,پردیس زینبیه - پیشوا (ورامین)
1396,انسانی,6025,1900,منطقه 2,حقوق,دانشگاه قم
1396,انسانی,6025,1900,منطقه 2,مددکاری اجتماعی,دانشگاه خوارزمی - تهران (محل تحصیل کرج)
1396,انسانی,6037,572,ایثارگر-5%,آموزش ابتدایی - بومی استان کرمان,پردیس خواجه نصیرالدین طوسی - کرمان
1396,انسانی,6037,1903,منطقه 2,آموزش ابتدایی - بومی مازندران,پردیس دکتر شریعتی - ساری
1396,انسانی,6043,1545,منطقه 3,حسابداری,دانشگاه سمنان
1396,انسانی,6043,1906,منطقه 2,آموزش ابتدایی - بومی استان زنجان,پردیس فاطمه الزهرا (س) - زنجان
1396,انسانی,6043,1906,منطقه 2,فقه و حقوق اسلامی,دانشگاه شهید مدنی آذربایجان - تبریز
1396,انسانی,6052,1547,منطقه 3,حقوق,دانشگاه اراک
1396,انسانی,6057,1549,منطقه 3,آموزش زبان و ادبیات فارسی - بومی استان چهارمحال وبختیاری,پردیس بحرالعلوم - شهرکرد
1396,انسانی,6064,1552,منطقه 3,آموزش ابتدایی - بومی کردستان,پردیس بنت الهدی صدر - سنندج
1396,انسانی,6064,1552,منطقه 3,زبان و ادبیات فارسی,دانشگاه خوارزمی - تهران (محل تحصیل کرج)
1396,انسانی,6069,1912,منطقه 2,زبان و ادبیات فرانسه,دانشگاه بوعلی سینا - همدان
1396,انسانی,6075,1554,منطقه 3,آموزش ابتدایی - بومی استان قزوین,پردیس بنت الهدی صدر-قزوین
1396,انسانی,6075,1863,منطقه 1,روانشناسی,دانشگاه یاسوج
1396,انسانی,6075,1915,منطقه 2,آموزش ابتدایی - بومی گیلان,پردیس بنت الهدی صدر - رشت
1396,انسانی,6075,1915,منطقه 2,روانشناسی,دانشگاه حکیم سبزواری - سبزوار
1396,انسانی,6081,1865,منطقه 1,روزنامه نگاری,دانشگاه صدا و سیمای جمهوری اسلامی ایران
1396,انسانی,6093,1872,منطقه 1,حقوق,دانشگاه حکیم سبزواری - سبزوار
1396,انسانی,6093,1872,منطقه 1,علوم تربیتی,دانشگاه کاشان
1396,انسانی,6097,1560,منطقه 3,روانشناسی,دانشگاه بیرجند
1396,انسانی,6115,1566,منطقه 3,حقوق,دانشگاه شهید مدنی آذربایجان - تبریز
1396,انسانی,6115,1925,منطقه 2,روانشناسی,دانشگاه گیلان - رشت
1396,انسانی,6115,1925,منطقه 2,مدیریت بازرگانی,دانشگاه الزهرا(س) - تهران
1396,انسانی,6121,1879,منطقه 1,مدیریت صنعتی,دانشگاه شیراز
1396,انسانی,6121,1879,منطقه 1,پژوهشگری اجتماعی,دانشگاه تبریز
1396,انسانی,6126,1882,منطقه 1,علوم تربیتی,دانشگاه اصفهان
1396,انسانی,6130,1931,منطقه 2,مدیریت بازرگانی,دانشگاه فردوسی - مشهد
1396,انسانی,6136,1574,منطقه 3,حقوق,دانشگاه گلستان - گرگان
1396,انسانی,6136,1933,منطقه 2,فقه و حقوق اسلامی,دانشگاه یزد
1396,انسانی,6144,1934,منطقه 2,حقوق,دانشگاه بیرجند
1396,انسانی,6150,577,ایثارگر-5%,حقوق,دانشگاه قم
1396,انسانی,6150,1580,منطقه 3,حقوق,دانشگاه شهرکرد
1396,انسانی,6156,579,ایثارگر-5%,مددکاری اجتماعی,دانشگاه خوارزمی - تهران (محل تحصیل کرج)
1396,انسانی,6169,1942,منطقه 2,آموزش زبان و ادبیات فارسی - بومی کردستان,پردیس شهید مدرس - سنندج
1396,انسانی,6169,1942,منطقه 2,فقه و حقوق اسلامی,دانشگاه شهید مطهری
1396,انسانی,6174,581,ایثارگر-5%,حقوق,دانشگاه گیلان - رشت
1396,انسانی,6174,1893,منطقه 1,روانشناسی,دانشگاه سمنان (محل تحصیل دانشکده روانشناسی وعلوم تربیتی مهدی شهر)
1396,انسانی,6179,1894,منطقه 1,حسابداری,دانشگاه غیرانتفاعی علم و فرهنگ - تهران
1396,انسانی,6179,1945,منطقه 2,آموزش ابتدایی - بومی استان سمنان,پردیس فاطمه الزهرا (س) - سمنان
1396,انسانی,6194,1951,منطقه 2,مدیریت صنعتی,دانشگاه اصفهان
1396,انسانی,6194,1951,منطقه 2,کارشناسی ارشد پیوسته معارف اسلامی و حقوق,دانشگاه ولی عصر(عج) - رفسنجان
1396,انسانی,6197,1953,منطقه 2,روانشناسی,دانشگاه شهید مدنی آذربایجان - تبریز
1396,انسانی,6204,1592,منطقه 3,فقه و مبانی حقوق اسلامی,دانشگاه الزهرا(س) - تهران
1396,انسانی,6204,1898,منطقه 1,حسابداری,دانشگاه تهران (محل تحصیل قم)
1396,انسانی,6215,1901,منطقه 1,حقوق,دانشگاه مراغه
1396,انسانی,6215,1962,منطقه 2,آموزش ابتدایی - بومی استان قم,پردیس حضرت معصومه - قم
1396,انسانی,6226,1597,منطقه 3,حقوق,دانشگاه گیلان - رشت
1396,انسانی,6226,1905,منطقه 1,روانشناسی,دانشگاه شهید مدنی آذربایجان - تبریز
1396,انسانی,6236,1969,منطقه 2,روانشناسی,دانشگاه ارومیه
1396,انسانی,6236,1969,منطقه 2,فلسفه و حکمت اسلامی,دانشگاه تهران
1396,انسانی,6245,1972,منطقه 2,کارشناسی ارشد پیوسته معارف اسلامی و حقوق,دانشگاه ولی عصر(عج) - رفسنجان
1396,انسانی,6251,587,ایثارگر-5%,حقوق,دانشگاه بوعلی سینا - همدان
1396,انسانی,6260,1612,منطقه 3,روانشناسی,دانشگاه بجنورد
1396,انسانی,6273,1920,منطقه 1,مدیریت بازرگانی,دانشگاه فردوسی - مشهد
1396,انسانی,6285,1618,منطقه 3,حقوق,دانشگاه شهید چمران اهواز
1396,انسانی,6285,1926,منطقه 1,علوم سیاسی,دانشگاه علامه طباطبایی - تهران
1396,انسانی,6288,1620,منطقه 3,روانشناسی,دانشگاه خلیج فارس - بوشهر
1396,انسانی,6288,1981,منطقه 2,آموزش ابتدایی - بومی مازندران,پردیس دکتر شریعتی - ساری
1396,انسانی,6293,1983,منطقه 2,تاریخ,دانشگاه تهران
1396,انسانی,6302,1624,منطقه 3,آموزش زبان و ادبیات فارسی - بومی آذربایجان شرقی,پردیس شهیدرجایی قزوین(محل تحصیل پردیس علامه طباطبایی اردبیل)
1396,انسانی,6302,1624,منطقه 3,حقوق,دانشگاه کردستان - سنندج
1396,انسانی,6302,1624,منطقه 3,حقوق,دانشگاه گیلان - رشت
1396,انسانی,6302,1985,منطقه 2,مددکاری اجتماعی,دانشگاه یزد
1396,انسانی,6310,1627,منطقه 3,علوم تربیتی,دانشگاه ارومیه
1396,انسانی,6310,1627,منطقه 3,علوم تربیتی,دانشگاه شهید باهنر - کرمان
1396,انسانی,6310,1987,منطقه 2,مدیریت بازرگانی,دانشگاه کاشان
1396,انسانی,6316,1629,منطقه 3,آموزش ابتدایی - بومی لرستان,پردیس علامه طباطبایی - خرم آباد
1396,انسانی,6316,1988,منطقه 2,آموزش ابتدایی - بومی استان یزد,پردیس شهید پاک نژاد - یزد
1396,انسانی,6321,1632,منطقه 3,آموزش ابتدایی - بومی آذربایجان شرقی,پردیس فاطمه الزهرا (س) - تبریز
1396,انسانی,6321,1632,منطقه 3,آموزش ابتدایی - بومی خراسان جنوبی,پردیس شهید باهنر - بیرجند
1396,انسانی,6321,1989,منطقه 2,حسابداری,دانشگاه شهید باهنر - کرمان
1396,انسانی,6321,1989,منطقه 2,علوم تربیتی,دانشگاه اصفهان
1396,انسانی,6326,1635,منطقه 3,حقوق,دانشگاه مازندران - بابلسر
1396,انسانی,6333,590,ایثارگر-5%,روانشناسی,دانشگاه زنجان
1396,انسانی,6333,1637,منطقه 3,آموزش ابتدایی - بومی استان کرمانشاه,پردیس شهید رجایی - کرمانشاه
1396,انسانی,6333,1637,منطقه 3,روانشناسی,دانشگاه شهید چمران اهواز
1396,انسانی,6333,1941,منطقه 1,حسابداری,دانشگاه فردوسی - مشهد
1396,انسانی,6333,1992,منطقه 2,حقوق,دانشگاه شهرکرد
1396,انسانی,6333,1992,منطقه 2,روانشناسی,دانشگاه بوعلی سینا - همدان
1396,انسانی,6333,1992,منطقه 2,روانشناسی,دانشگاه یاسوج
1396,انسانی,6344,591,ایثارگر-5%,حقوق,دانشگاه گیلان - رشت
1396,انسانی,6344,1640,منطقه 3,آموزش ابتدایی - بومی آذربایجان شرقی,پردیس علامه امینی - تبریز
1396,انسانی,6344,1640,منطقه 3,آموزش ابتدایی - بومی استان کهکیلویه و بویر احمد,پردیس شهید ایزد پناه - یاسوج
1396,انسانی,6344,1640,منطقه 3,آموزش ابتدایی - بومی استان کهکیلویه و بویر احمد,پردیس کوثر - یاسوج
1396,انسانی,6353,592,ایثارگر-5%,حقوق,دانشگاه یزد
1396,انسانی,6353,1643,منطقه 3,حقوق,مجتمع آموزش عالی گناباد
1396,انسانی,6353,1949,منطقه 1,زبان و ادبیات عربی,دانشگاه شهید بهشتی - تهران
1396,انسانی,6353,1995,منطقه 2,مدیریت بازرگانی,دانشگاه کاشان
1396,انسانی,6361,1951,منطقه 1,حسابداری,دانشگاه بین المللی امام خمینی(ره) - قزوین
1396,انسانی,6361,1951,منطقه 1,روانشناسی,دانشگاه حکیم سبزواری - سبزوار
1396,انسانی,6361,1998,منطقه 2,علوم تربیتی,دانشگاه الزهرا(س) - تهران
1396,انسانی,6379,2004,منطقه 2,مدیریت دولتی,دانشگاه علامه طباطبایی - تهران
1396,انسانی,6387,2009,منطقه 2,فقه و مبانی حقوق اسلامی,دانشگاه شهید چمران اهواز
1396,انسانی,6401,1655,منطقه 3,روانشناسی,دانشگاه شهید چمران اهواز
1396,انسانی,6401,2017,منطقه 2,حقوق,دانشگاه غیرانتفاعی علم و فرهنگ - تهران
1396,انسانی,6405,2018,منطقه 2,آموزش جغرافیا - بومی خراسان رضوی,پردیس حکیم ابوالقاسم فردوسی - کرج
1396,انسانی,6409,2021,منطقه 2,حقوق,دانشگاه مازندران - بابلسر
1396,انسانی,6413,1658,منطقه 3,آموزش جغرافیا - بومی آذربایجان غربی,پردیس حکیم ابوالقاسم فردوسی - کرج
1396,انسانی,6413,1658,منطقه 3,آموزش زبان و ادبیات فارسی - بومی استان قزوین,پردیس شهید رجایی - قزوین
1396,انسانی,6418,1661,منطقه 3,آموزش زبان و ادبیات فارسی - بومی سیستان وبلوچستان,پردیس خواجه نصیرالدین طوسی - کرمان
1396,انسانی,6418,1661,منطقه 3,آموزش کودکان استثنایی - بومی خراسان جنوبی,پردیس شهید بهشتی - مشهد
1396,انسانی,6418,1962,منطقه 1,آموزش ابتدایی - بومی آذربایجان شرقی,پردیس فاطمه الزهرا (س) - تبریز
1396,انسانی,6418,2026,منطقه 2,مدیریت بازرگانی,دانشگاه مازندران - بابلسر
1396,انسانی,6423,2028,منطقه 2,حسابداری,دانشگاه مازندران - بابلسر
1396,انسانی,6456,1674,منطقه 3,علوم تربیتی,دانشگاه اصفهان
1396,انسانی,6456,2037,منطقه 2,آموزش ابتدایی - بومی خراسان شمالی,پردیس امام جعفر صادق - بجنورد
1396,انسانی,6464,1676,منطقه 3,آموزش جغرافیا - بومی گلستان,پردیس امیر کبیر - کرج
1396,انسانی,6464,1974,منطقه 1,حسابداری,دانشگاه اصفهان
1396,انسانی,6464,1974,منطقه 1,مدیریت بازرگانی,دانشگاه اصفهان
1396,انسانی,6471,1678,منطقه 3,آموزش ابتدایی - بومی استان کرمانشاه,پردیس شهید رجایی - کرمانشاه
1396,انسانی,6479,2046,منطقه 2,حقوق,دانشگاه بیرجند
1396,انسانی,6479,2046,منطقه 2,فقه و حقوق اسلامی,دانشگاه بین المللی امام خمینی(ره) - قزوین
1396,انسانی,6488,2049,منطقه 2,حسابداری,دانشگاه اصفهان
1396,انسانی,6488,2049,منطقه 2,روانشناسی,دانشگاه شهید چمران اهواز
1396,انسانی,6493,1682,منطقه 3,روانشناسی,دانشگاه ارومیه
1396,انسانی,6496,1684,منطقه 3,حسابداری,دانشگاه علامه طباطبایی - تهران
1396,انسانی,6501,2056,منطقه 2,حقوق,دانشگاه رازی کرمانشاه
1396,انسانی,6508,1686,منطقه 3,آموزش ابتدایی - بومی گلستان,پردیس امام خمینی - گرگان
1396,انسانی,6508,1984,منطقه 1,آموزش ابتدایی - بومی استان تهران,پردیس نسیبه - تهران
1396,انسانی,6508,2059,منطقه 2,روانشناسی,دانشگاه بوعلی سینا - همدان
1396,انسانی,6508,2059,منطقه 2,فقه و حقوق اسلامی,دانشگاه یزد
1396,انسانی,6515,1688,منطقه 3,حقوق,دانشگاه زابل
1396,انسانی,6515,1986,منطقه 1,پژوهشگری اجتماعی,دانشگاه اصفهان
1396,انسانی,6521,1690,منطقه 3,آموزش ابتدایی - بومی کردستان,پردیس شهید مدرس - سنندج
1396,انسانی,6521,1690,منطقه 3,آموزش زبان و ادبیات فارسی - بومی استان همدان,پردیس شهید رجایی - قزوین
1396,انسانی,6529,1695,منطقه 3,حقوق,دانشگاه گیلان - رشت
1396,انسانی,6529,1695,منطقه 3,علوم تربیتی,دانشگاه خوارزمی - تهران (محل تحصیل کرج)
1396,انسانی,6538,2065,منطقه 2,حسابداری,دانشگاه بین المللی امام خمینی(ره) - قزوین
1396,انسانی,6538,2065,منطقه 2,حقوق,دانشگاه سمنان
1396,انسانی,6545,2069,منطقه 2,آموزش ابتدایی - بومی آذربایجان غربی,پردیس شهید رجایی - ارومیه
1396,انسانی,6545,2069,منطقه 2,حسابداری,دانشگاه مازندران - بابلسر
1396,انسانی,6549,1702,منطقه 3,آموزش زبان و ادبیات فارسی - بومی سیستان وبلوچستان,پردیس خواجه نصیرالدین طوسی - کرمان
1396,انسانی,6549,1702,منطقه 3,روانشناسی,دانشگاه بجنورد
1396,انسانی,6554,1704,منطقه 3,مدیریت دولتی,دانشگاه فردوسی - مشهد
1396,انسانی,6554,2072,منطقه 2,آموزش ابتدایی - بومی استان قم,پردیس آیت اله طالقانی - قم
1396,انسانی,6554,2072,منطقه 2,حقوق,دانشگاه زنجان
1396,انسانی,6554,2072,منطقه 2,علوم تربیتی,دانشگاه یزد
1396,انسانی,6561,609,ایثارگر-5%,مدیریت بیمه,دانشگاه خوارزمی تهران
1396,انسانی,6569,1712,منطقه 3,آموزش زبان و ادبیات فارسی - بومی خوزستان,پردیس شهید رجایی - شیراز
1396,انسانی,6569,1997,منطقه 1,جغرافیا,دانشگاه تهران
1396,انسانی,6579,1714,منطقه 3,آموزش زبان و ادبیات فارسی - بومی خراسان رضوی,پردیس زینبیه - پیشوا (ورامین)
1396,انسانی,6579,2080,منطقه 2,آموزش ابتدایی - بومی استان تهران,پردیس زینبیه - پیشوا (ورامین)
1396,انسانی,6588,2084,منطقه 2,آموزش زبان و ادبیات فارسی - بومی گلستان,پردیس زینبیه - پیشوا (ورامین)
1396,انسانی,6604,2093,منطقه 2,حقوق,دانشگاه محقق اردبیلی - اردبیل
1396,انسانی,6610,614,ایثارگر-5%,حسابداری,دانشگاه خوارزمی تهران
1396,انسانی,6610,614,ایثارگر-5%,علوم قرآن و حدیث,دانشگاه الزهرا(س) - تهران
1396,انسانی,6610,2005,منطقه 1,علوم تربیتی,دانشگاه یزد
1396,انسانی,6610,2095,منطقه 2,روانشناسی,دانشگاه شهید چمران اهواز
1396,انسانی,6617,1724,منطقه 3,آموزش زبان و ادبیات فارسی - بومی خراسان رضوی,پردیس دکتر شریعتی - ساری
1396,انسانی,6624,2100,منطقه 2,حقوق,دانشکده علوم انسانی حضرت معصومه_قم(ویژه خواهران)
1396,انسانی,6629,2102,منطقه 2,آموزش ابتدایی - بومی استان قم,پردیس آیت اله طالقانی - قم
1396,انسانی,6633,1732,منطقه 3,مدیریت مالی,دانشگاه تهران (محل تحصیل قم)
1396,انسانی,6639,1734,منطقه 3,آموزش ابتدایی - بومی استان چهارمحال وبختیاری,پردیس بحرالعلوم - شهرکرد
1396,انسانی,6649,2013,منطقه 1,حقوق,دانشگاه گیلان - رشت
1396,انسانی,6649,2108,منطقه 2,روانشناسی,دانشگاه سمنان (محل تحصیل دانشکده روانشناسی وعلوم تربیتی مهدی شهر)
1396,انسانی,6662,1742,منطقه 3,آموزش ابتدایی - بومی استان همدان,پردیس شهید باهنر - همدان
1396,انسانی,6670,1746,منطقه 3,آموزش ابتدایی - بومی استان کرمان,پردیس خواجه نصیرالدین طوسی - کرمان
1396,انسانی,6670,1746,منطقه 3,آموزش ابتدایی - بومی خوزستان,پردیس حضرت رسول اکرم - اهواز
1396,انسانی,6670,1746,منطقه 3,مدیریت امور بانکی,دانشگاه خوارزمی تهران
1396,انسانی,6678,1751,منطقه 3,حقوق,دانشگاه ملایر
1396,انسانی,6678,1751,منطقه 3,مددکاری اجتماعی,دانشگاه خوارزمی - تهران (محل تحصیل کرج)
1396,انسانی,6678,2114,منطقه 2,حقوق,دانشگاه رازی کرمانشاه
1396,انسانی,6692,1754,منطقه 3,علوم تربیتی,دانشگاه تبریز
1396,انسانی,6692,2119,منطقه 2,علوم تربیتی,دانشگاه ارومیه
1396,انسانی,6698,625,ایثارگر-5%,حسابداری,دانشگاه اصفهان
1396,انسانی,6698,1756,منطقه 3,حقوق,مجتمع آموزش عالی گناباد
1396,انسانی,6704,2025,منطقه 1,مدیریت امور بانکی,دانشگاه غیرانتفاعی خاتم - تهران
1396,انسانی,6715,1762,منطقه 3,علوم تربیتی,دانشگاه شهید بهشتی - تهران
1396,انسانی,6715,2030,منطقه 1,حسابداری,دانشگاه تهران (محل تحصیل قم)
1396,انسانی,6729,2125,منطقه 2,حقوق,دانشگاه مازندران - بابلسر
1396,انسانی,6735,1767,منطقه 3,آموزش کودکان استثنایی - بومی آذربایجان شرقی,پردیس نسیبه - تهران
1396,انسانی,6735,1767,منطقه 3,حقوق,دانشگاه تبریز
1396,انسانی,6740,2130,منطقه 2,مدیریت بازرگانی,دانشگاه اصفهان
1396,انسانی,6755,1773,منطقه 3,آموزش ابتدایی - بومی خراسان رضوی,پردیس شهید بهشتی - مشهد
1396,انسانی,6755,1773,منطقه 3,حقوق,دانشگاه شهرکرد
1396,انسانی,6764,1777,منطقه 3,روانشناسی,دانشگاه محقق اردبیلی - اردبیل
1396,انسانی,6764,2141,منطقه 2,حسابداری,دانشگاه یزد
1396,انسانی,6764,2141,منطقه 2,مدیریت دولتی,دانشگاه اصفهان
1396,انسانی,6773,632,ایثارگر-5%,علوم تربیتی,دانشگاه کاشان
1396,انسانی,6773,1780,منطقه 3,آموزش ابتدایی - بومی گیلان,پردیس بنت الهدی صدر - رشت
1396,انسانی,6782,2146,منطقه 2,مدیریت امور گمرکی,دانشگاه خوارزمی تهران
1396,انسانی,6788,1785,منطقه 3,آموزش ابتدایی - بومی لرستان,پردیس علامه طباطبایی - خرم آباد
1396,انسانی,6795,2149,منطقه 2,آموزش ابتدایی - بومی استان بوشهر,پردیس علامه طباطبایی - بوشهر
1396,انسانی,6795,2149,منطقه 2,مدیریت صنعتی,دانشگاه بین المللی امام خمینی(ره) - قزوین
1396,انسانی,6802,2152,منطقه 2,آموزش ابتدایی - بومی گیلان,پردیس بنت الهدی صدر - رشت
1396,انسانی,6810,1791,منطقه 3,حسابداری,دانشگاه اصفهان
1396,انسانی,6810,2053,منطقه 1,جغرافیا,دانشگاه فردوسی - مشهد
1396,انسانی,6810,2155,منطقه 2,فقه و حقوق اسلامی,دانشگاه شهید مدنی آذربایجان - تبریز
1396,انسانی,6819,1795,منطقه 3,فقه و مبانی حقوق اسلامی,دانشگاه شیراز
1396,انسانی,6819,2158,منطقه 2,آموزش ابتدایی - بومی استان همدان,پردیس شهید باهنر - همدان
1396,انسانی,6819,2158,منطقه 2,حقوق,دانشگاه مازندران - بابلسر
1396,انسانی,6825,634,ایثارگر-5%,کارشناسی ارشد پیوسته معارف اسلامی و حقوق,دانشگاه ولی عصر(عج) - رفسنجان
1396,انسانی,6828,2057,منطقه 1,زبان و ادبیات عربی,دانشگاه اصفهان
1396,انسانی,6832,2163,منطقه 2,فقه و حقوق اسلامی,دانشگاه شهید مدنی آذربایجان - تبریز
1396,انسانی,6836,1800,منطقه 3,روانشناسی,دانشگاه خلیج فارس - بوشهر
1396,انسانی,6847,1804,منطقه 3,آموزش ابتدایی - بومی استان بوشهر,پردیس بنت الهدی صدر - بوشهر
1396,انسانی,6847,1804,منطقه 3,حسابداری,دانشگاه تهران (محل تحصیل قم)
1396,انسانی,6847,2061,منطقه 1,زبان و ادبیات عربی,دانشگاه تهران
1396,انسانی,6858,1810,منطقه 3,آموزش زبان و ادبیات فارسی - بومی گیلان,پردیس دکتر شریعتی - ساری
1396,انسانی,6858,1810,منطقه 3,مدیریت بیمه,دانشگاه خوارزمی تهران
1396,انسانی,6858,2170,منطقه 2,آموزش ابتدایی - بومی استان چهارمحال وبختیاری,پردیس شهید باهنر - شهرکرد
1396,انسانی,6873,1816,منطقه 3,علوم تربیتی,دانشگاه فردوسی - مشهد
1396,انسانی,6880,1819,منطقه 3,علوم سیاسی,دانشگاه تهران
1396,انسانی,6888,2182,منطقه 2,آموزش ابتدایی - بومی استان زنجان,پردیس شهید بهشتی - زنجان
1396,انسانی,6892,1823,منطقه 3,آموزش ابتدایی - بومی کردستان,پردیس بنت الهدی صدر - سنندج
1396,انسانی,6902,1826,منطقه 3,روانشناسی,دانشگاه لرستان - خرم آباد
1396,انسانی,6902,2072,منطقه 1,مدیریت صنعتی,دانشگاه بین المللی امام خمینی(ره) - قزوین
1396,انسانی,6902,2188,منطقه 2,حقوق,دانشگاه مازندران - بابلسر
1396,انسانی,6912,1830,منطقه 3,آموزش ابتدایی - بومی آذربایجان غربی,پردیس شهید رجایی - ارومیه
1396,انسانی,6912,1830,منطقه 3,روانشناسی,دانشگاه زنجان
1396,انسانی,6912,2191,منطقه 2,حقوق,دانشگاه مازندران - بابلسر
1396,انسانی,6912,2191,منطقه 2,علوم تربیتی,دانشگاه بوعلی سینا - همدان
1396,انسانی,6921,638,ایثارگر-5%,علوم تربیتی,دانشگاه علامه طباطبایی - تهران
1396,انسانی,6921,1833,منطقه 3,آموزش ابتدایی - بومی آذربایجان شرقی,پردیس فاطمه الزهرا (س) - تبریز
1396,انسانی,6921,1833,منطقه 3,آموزش ابتدایی - بومی گلستان,پردیس امام خمینی - گرگان
1396,انسانی,6933,1839,منطقه 3,حقوق,دانشگاه لرستان - خرم آباد
1396,انسانی,6933,1839,منطقه 3,روانشناسی,دانشگاه هرمزگان - بندرعباس
1396,انسانی,6940,642,ایثارگر-5%,حقوق,دانشگاه شهرکرد
1396,انسانی,6946,644,ایثارگر-5%,مدیریت دولتی,دانشگاه شهید بهشتی - تهران
1396,انسانی,6946,1843,منطقه 3,آموزش ابتدایی - بومی گلستان,پردیس آیت الله خامنه ای - گرگان
1396,انسانی,6946,2198,منطقه 2,آموزش کودکان استثنایی - بومی خراسان رضوی,پردیس شهید بهشتی - مشهد
1396,انسانی,6951,2201,منطقه 2,علوم تربیتی,دانشگاه بجنورد
1396,انسانی,6966,1850,منطقه 3,زبان و ادبیات عربی,دانشگاه شهید بهشتی - تهران
1396,انسانی,6974,1853,منطقه 3,آموزش ابتدایی - بومی گلستان,پردیس آیت الله خامنه ای - گرگان
1396,انسانی,6983,2208,منطقه 2,آموزش ابتدایی - بومی استان البرز,پردیس امیر کبیر - کرج
1396,انسانی,6988,2211,منطقه 2,فقه و مبانی حقوق اسلامی,دانشگاه مازندران - بابلسر
1396,انسانی,7002,1861,منطقه 3,آموزش کودکان استثنایی - بومی استان کرمان,پردیس شهید بهشتی - مشهد
1396,انسانی,7002,2092,منطقه 1,حسابداری,دانشگاه فردوسی - مشهد
1396,انسانی,7010,2219,منطقه 2,حسابداری,دانشگاه ارومیه
1396,انسانی,7016,2221,منطقه 2,حقوق,دانشگاه سمنان
1396,انسانی,7022,2098,منطقه 1,پژوهشگری اجتماعی,دانشگاه الزهرا(س) - تهران
1396,انسانی,7022,2223,منطقه 2,مدیریت بازرگانی,دانشگاه شهید باهنر - کرمان
1396,انسانی,7029,2102,منطقه 1,زبان و ادبیات عربی,دانشگاه تهران
1396,انسانی,7029,2225,منطقه 2,علوم تربیتی,دانشگاه یزد
1396,انسانی,7035,2105,منطقه 1,روانشناسی,دانشگاه غیرانتفاعی خیام - مشهد
1396,انسانی,7041,654,ایثارگر-5%,روانشناسی,دانشگاه تبریز
1396,انسانی,7041,2230,منطقه 2,حسابداری,دانشگاه شیراز
1396,انسانی,7059,2112,منطقه 1,آموزش زبان و ادبیات فارسی - بومی استان تهران,پردیس شهید مفتح - شهرری
1396,انسانی,7059,2112,منطقه 1,حقوق,دانشگاه غیرانتفاعی خراسان - مشهد
1396,انسانی,7071,1877,منطقه 3,مددکاری اجتماعی,دانشگاه خوارزمی - تهران (محل تحصیل کرج)
1396,انسانی,7077,657,ایثارگر-5%,حسابداری,دانشگاه الزهرا(س) - تهران
1396,انسانی,7084,1882,منطقه 3,روانشناسی,دانشگاه بجنورد
1396,انسانی,7095,2122,منطقه 1,علوم تربیتی,دانشگاه یزد
1396,انسانی,7102,1892,منطقه 3,آموزش ابتدایی - بومی آذربایجان شرقی,پردیس علامه امینی - تبریز
1396,انسانی,7102,1892,منطقه 3,آموزش ابتدایی - بومی لرستان,پردیس علامه طباطبایی - خرم آباد
1396,انسانی,7112,2247,منطقه 2,حقوق,دانشگاه آیت اله حایری - میبد
1396,انسانی,7112,2247,منطقه 2,حقوق,دانشگاه زنجان
1396,انسانی,7118,661,ایثارگر-5%,آموزش ابتدایی - بومی آذربایجان شرقی,پردیس فاطمه الزهرا (س) - تبریز
1396,انسانی,7126,662,ایثارگر-5%,تاریخ,دانشگاه تهران
1396,انسانی,7126,2130,منطقه 1,علوم تربیتی,دانشگاه تبریز
1396,انسانی,7141,1903,منطقه 3,آموزش زبان و ادبیات فارسی - بومی استان تهران,پردیس شهید مفتح - شهرری
1396,انسانی,7141,1903,منطقه 3,روانشناسی,مرکز آموزش عالی اقلید
1396,انسانی,7141,1903,منطقه 3,مدیریت بیمه,دانشگاه علامه طباطبایی - تهران
1396,انسانی,7150,1907,منطقه 3,علوم تربیتی,دانشگاه بیرجند
1396,انسانی,7150,2261,منطقه 2,روانشناسی,دانشگاه بیرجند
1396,انسانی,7150,2261,منطقه 2,مدیریت بازرگانی,دانشگاه تهران (محل تحصیل قم)
1396,انسانی,7158,1910,منطقه 3,روانشناسی,دانشگاه شهید مدنی آذربایجان - تبریز
1396,انسانی,7158,2264,منطقه 2,روانشناسی,دانشگاه رازی کرمانشاه
1396,انسانی,7167,2267,منطقه 2,حقوق,دانشگاه مازندران - بابلسر
1396,انسانی,7175,2142,منطقه 1,آموزش زبان و ادبیات فارسی - بومی استان تهران,پردیس شهید مفتح - شهرری
1396,انسانی,7175,2271,منطقه 2,آموزش ابتدایی - بومی استان قزوین,پردیس بنت الهدی صدر-قزوین
1396,انسانی,7175,2271,منطقه 2,علوم تربیتی,دانشگاه ارومیه
1396,انسانی,7186,1916,منطقه 3,آموزش کودکان استثنایی - بومی استان سمنان,پردیس شهید هاشمی نژاد - مشهد
1396,انسانی,7200,2149,منطقه 1,علوم تربیتی,دانشگاه تبریز
1396,انسانی,7214,1925,منطقه 3,حقوق,دانشگاه گلستان - گرگان
1396,انسانی,7214,1925,منطقه 3,حقوق,دانشگاه گیلان - رشت
1396,انسانی,7214,2283,منطقه 2,روانشناسی,دانشگاه لرستان - خرم آباد
1396,انسانی,7222,1929,منطقه 3,حقوق,دانشگاه گلستان - گرگان
1396,انسانی,7230,1933,منطقه 3,مدیریت بیمه اکو,دانشگاه علامه طباطبایی - تهران (محل تحصیل مؤسسه آموزش عالی بیمه اکو)
1396,انسانی,7230,2288,منطقه 2,روابط عمومی,دانشگاه علامه طباطبایی - تهران
1396,انسانی,7243,671,ایثارگر-5%,آموزش ابتدایی - بومی مازندران,پردیس دکتر شریعتی - ساری
1396,انسانی,7243,1941,منطقه 3,آموزش ابتدایی - بومی استان همدان,پردیس شهید باهنر - همدان
1396,انسانی,7243,1941,منطقه 3,آموزش ابتدایی - بومی استان کرمان,پردیس خواجه نصیرالدین طوسی - کرمان
1396,انسانی,7243,1941,منطقه 3,آموزش زبان و ادبیات فارسی - بومی استان همدان,پردیس شهید رجایی - قزوین
1396,انسانی,7252,672,ایثارگر-5%,مدیریت امور بانکی,دانشگاه خوارزمی تهران
1396,انسانی,7257,1946,منطقه 3,آموزش ابتدایی - بومی خراسان شمالی,پردیس امام جعفر صادق - بجنورد
1396,انسانی,7264,1951,منطقه 3,آموزش ابتدایی - بومی استان همدان,پردیس شهید مقصودی - همدان
1396,انسانی,7273,1955,منطقه 3,آموزش ابتدایی - بومی خراسان رضوی,پردیس شهید بهشتی - مشهد
1396,انسانی,7273,1955,منطقه 3,آموزش زبان و ادبیات فارسی - بومی آذربایجان شرقی,پردیس شهیدرجایی قزوین(محل تحصیل پردیس علامه طباطبایی اردبیل)
1396,انسانی,7273,2162,منطقه 1,مدیریت صنعتی,دانشگاه شاهد - تهران
1396,انسانی,7282,1960,منطقه 3,آموزش ابتدایی - بومی استان همدان,پردیس شهید مقصودی - همدان
1396,انسانی,7282,1960,منطقه 3,حسابداری,دانشگاه شهید چمران اهواز
1396,انسانی,7282,1960,منطقه 3,مددکاری اجتماعی,دانشگاه علوم بهزیستی و توانبخشی تهران
1396,انسانی,7282,2164,منطقه 1,روانشناسی,دانشگاه غیرانتفاعی آل طه - تهران (ویژه خواهران)
1396,انسانی,7282,2298,منطقه 2,روانشناسی,دانشگاه غیرانتفاعی علم و فرهنگ - تهران
1396,انسانی,7292,2302,منطقه 2,حقوق,دانشگاه زنجان
1396,انسانی,7292,2302,منطقه 2,علوم تربیتی,دانشگاه الزهرا(س) - تهران
1396,انسانی,7301,1966,منطقه 3,روانشناسی,دانشگاه مراغه
1396,انسانی,7301,2306,منطقه 2,حقوق,دانشگاه شهید چمران اهواز
1396,انسانی,7308,2309,منطقه 2,حقوق,دانشگاه حکیم سبزواری - سبزوار
1396,انسانی,7313,2170,منطقه 1,مدیریت بازرگانی,دانشگاه غیرانتفاعی ارشاد - دماوند (محل تحصیل تهران)
1396,انسانی,7313,2312,منطقه 2,حقوق,دانشگاه شهید چمران اهواز
1396,انسانی,7320,1970,منطقه 3,زبان و ادبیات عربی,دانشگاه خلیج فارس - بوشهر
1396,انسانی,7320,2315,منطقه 2,مدیریت صنعتی,دانشگاه اصفهان
1396,انسانی,7332,1975,منطقه 3,حقوق,دانشگاه لرستان - خرم آباد
1396,انسانی,7332,2319,منطقه 2,حسابداری,دانشگاه بین المللی امام خمینی(ره) - قزوین
1396,انسانی,7336,2175,منطقه 1,زبان و ادبیات عربی,دانشگاه تهران
1396,انسانی,7336,2321,منطقه 2,حقوق,دانشگاه یزد
1396,انسانی,7341,2179,منطقه 1,آموزش زبان و ادبیات فارسی - بومی استان تهران,پردیس شهید مفتح - شهرری
1396,انسانی,7341,2179,منطقه 1,حسابداری,دانشگاه تهران (محل تحصیل قم)
1396,انسانی,7346,678,ایثارگر-5%,حسابداری,دانشگاه شیراز
1396,انسانی,7350,1979,منطقه 3,آموزش ابتدایی - بومی گلستان,پردیس امام خمینی - گرگان
1396,انسانی,7350,2182,منطقه 1,مدیریت دولتی,دانشگاه فردوسی - مشهد
1396,انسانی,7355,2326,منطقه 2,فقه و حقوق اسلامی,دانشگاه یزد
1396,انسانی,7361,1981,منطقه 3,آموزش ابتدایی - بومی استان کرمان,پردیس خواجه نصیرالدین طوسی - کرمان
1396,انسانی,7361,2329,منطقه 2,آموزش ابتدایی - بومی استان اردبیل,پردیس بنت الهدی صدر - اردبیل
1396,انسانی,7361,2329,منطقه 2,زبان و ادبیات فارسی,دانشگاه علامه طباطبایی - تهران
1396,انسانی,7371,1986,منطقه 3,زبان و ادبیات فارسی,دانشگاه شهید چمران اهواز
1396,انسانی,7379,1990,منطقه 3,علوم تربیتی,دانشگاه تبریز
1396,انسانی,7379,2187,منطقه 1,حقوق,دانشگاه شیراز
1396,انسانی,7379,2335,منطقه 2,روانشناسی,دانشگاه کردستان - سنندج
1396,انسانی,7390,682,ایثارگر-5%,علوم سیاسی,دانشگاه بین المللی امام خمینی(ره) - قزوین
1396,انسانی,7390,2338,منطقه 2,آموزش ابتدایی - بومی استان قزوین,پردیس شهید رجایی - قزوین
1396,انسانی,7390,2338,منطقه 2,آموزش ابتدایی - بومی استان یزد,پردیس شهید پاک نژاد - یزد
1396,انسانی,7399,684,ایثارگر-5%,علوم تربیتی,دانشگاه مازندران - بابلسر
1396,انسانی,7399,2341,منطقه 2,روانشناسی,دانشگاه هرمزگان - بندرعباس
1396,انسانی,7406,685,ایثارگر-5%,حقوق,دانشگاه بین المللی امام خمینی(ره) - قزوین
1396,انسانی,7406,2193,منطقه 1,آموزش ابتدایی - بومی استان اصفهان,پردیس شهید باهنر - اصفهان
1396,انسانی,7420,2004,منطقه 3,آموزش ابتدایی - بومی استان کرمانشاه,پردیس شهید رجایی - کرمانشاه
1396,انسانی,7420,2004,منطقه 3,جغرافیا,دانشگاه اصفهان
1396,انسانی,7420,2349,منطقه 2,حسابداری,دانشگاه خوارزمی تهران
1396,انسانی,7434,2353,منطقه 2,علوم تربیتی,دانشگاه خوارزمی - تهران (محل تحصیل کرج)
1396,انسانی,7442,2013,منطقه 3,علوم تربیتی,دانشگاه علامه طباطبایی - تهران
1396,انسانی,7442,2200,منطقه 1,مدیریت دولتی,دانشگاه اصفهان
1396,انسانی,7453,2017,منطقه 3,علوم تربیتی,دانشگاه علامه طباطبایی - تهران
1396,انسانی,7453,2359,منطقه 2,آموزش ابتدایی - بومی استان تهران,پردیس شهید مفتح - شهرری
1396,انسانی,7465,2022,منطقه 3,آموزش ابتدایی - بومی گلستان,پردیس امام خمینی - گرگان
1396,انسانی,7465,2363,منطقه 2,حقوق,دانشگاه لرستان - خرم آباد
1396,انسانی,7474,2367,منطقه 2,آموزش ابتدایی - بومی استان البرز,پردیس امیر کبیر - کرج
1396,انسانی,7488,2031,منطقه 3,آموزش کودکان استثنایی - بومی استان البرز,پردیس نسیبه - تهران
1396,انسانی,7488,2031,منطقه 3,علوم تربیتی,دانشگاه شهید باهنر - کرمان
1396,انسانی,7488,2373,منطقه 2,فقه و مبانی حقوق اسلامی,دانشگاه تهران (محل تحصیل قم)
1396,انسانی,7496,2034,منطقه 3,روانشناسی,دانشگاه شهید چمران اهواز
1396,انسانی,7505,2038,منطقه 3,آموزش ابتدایی - بومی استان چهارمحال وبختیاری,پردیس بحرالعلوم - شهرکرد
1396,انسانی,7505,2212,منطقه 1,حسابداری,دانشگاه قم
1396,انسانی,7513,2377,منطقه 2,آموزش ابتدایی - بومی استان بوشهر,پردیس بنت الهدی صدر - بوشهر
1396,انسانی,7524,695,ایثارگر-5%,روانشناسی,دانشگاه بیرجند
1396,انسانی,7524,2217,منطقه 1,فقه و حقوق اسلامی,دانشگاه بین المللی امام خمینی(ره) - قزوین
1396,انسانی,7533,2050,منطقه 3,مددکاری اجتماعی,دانشگاه علامه طباطبایی - تهران
1396,انسانی,7544,2381,منطقه 2,پژوهشگری اجتماعی,دانشگاه شهید بهشتی - تهران
1396,انسانی,7552,2057,منطقه 3,مددکاری اجتماعی,دانشگاه علامه طباطبایی - تهران
1396,انسانی,7562,2060,منطقه 3,آموزش ابتدایی - بومی خراسان شمالی,پردیس امام محمد باقر - بجنورد
1396,انسانی,7562,2229,منطقه 1,فلسفه,دانشگاه شهید بهشتی - تهران
1396,انسانی,7562,2387,منطقه 2,آموزش ابتدایی - بومی مرکزی,پردیس شهید باهنر - اراک
1396,انسانی,7571,699,ایثارگر-5%,حقوق,دانشگاه قم
1396,انسانی,7571,2064,منطقه 3,آموزش ابتدایی - بومی خراسان جنوبی,پردیس شهید باهنر - بیرجند
1396,انسانی,7577,2068,منطقه 3,آموزش ابتدایی - بومی استان یزد,پردیس شهید پاک نژاد - یزد
1396,انسانی,7584,700,ایثارگر-5%,آموزش ابتدایی - بومی گلستان,پردیس امام خمینی - گرگان
1396,انسانی,7584,2394,منطقه 2,حسابداری,دانشگاه یزد
1396,انسانی,7584,2394,منطقه 2,حقوق,دانشگاه شهرکرد
1396,انسانی,7592,2073,منطقه 3,حسابداری,دانشگاه گیلان - رشت
1396,انسانی,7604,2078,منطقه 3,مدیریت صنعتی,دانشگاه علامه طباطبایی - تهران
1396,انسانی,7618,2086,منطقه 3,جغرافیا,دانشگاه تهران
1396,انسانی,7626,2091,منطقه 3,حقوق,دانشگاه آیت اله حایری - میبد
1396,انسانی,7626,2091,منطقه 3,حقوق,دانشگاه شهید چمران اهواز
1396,انسانی,7635,2095,منطقه 3,آموزش ابتدایی - بومی کردستان,پردیس بنت الهدی صدر - سنندج
1396,انسانی,7643,2410,منطقه 2,حقوق,دانشگاه آیت الله بروجردی - بروجرد
1396,انسانی,7664,705,ایثارگر-5%,حقوق,دانشگاه زنجان
1396,انسانی,7664,2100,منطقه 3,آموزش کودکان استثنایی - بومی خراسان رضوی,پردیس شهید بهشتی - مشهد
1396,انسانی,7664,2100,منطقه 3,حقوق,دانشگاه قم
1396,انسانی,7674,2103,منطقه 3,حقوق,دانشگاه رازی کرمانشاه
1396,انسانی,7674,2252,منطقه 1,تاریخ و تمدن ملل اسلامی,دانشگاه فردوسی - مشهد
1396,انسانی,7674,2252,منطقه 1,فلسفه و حکمت اسلامی,دانشگاه فردوسی - مشهد
1396,انسانی,7681,707,ایثارگر-5%,حقوق,دانشگاه بوعلی سینا - همدان
1396,انسانی,7681,2105,منطقه 3,مدیریت بیمه,دانشگاه خوارزمی تهران
1396,انسانی,7686,2255,منطقه 1,مددکاری اجتماعی,دانشگاه خوارزمی - تهران (محل تحصیل کرج)
1396,انسانی,7695,710,ایثارگر-5%,روانشناسی,دانشگاه بوعلی سینا - همدان
1396,انسانی,7695,2429,منطقه 2,آموزش ابتدایی - بومی استان سمنان,پردیس فاطمه الزهرا (س) - سمنان
1396,انسانی,7700,2431,منطقه 2,مددکاری اجتماعی,دانشگاه خوارزمی - تهران (محل تحصیل کرج)
1396,انسانی,7706,2435,منطقه 2,حقوق,دانشگاه یزد - مهریز
1396,انسانی,7715,2259,منطقه 1,مدیریت بازرگانی,دانشگاه تهران (محل تحصیل قم)
1396,انسانی,7715,2441,منطقه 2,حقوق,دانشکده علوم انسانی حضرت معصومه_قم(ویژه خواهران)
1396,انسانی,7715,2441,منطقه 2,زبان و ادبیات عربی,دانشگاه اصفهان
1396,انسانی,7721,2445,منطقه 2,حقوق,دانشگاه اراک
1396,انسانی,7729,712,ایثارگر-5%,حقوق,دانشگاه گلستان - گرگان
1396,انسانی,7729,2450,منطقه 2,آموزش ابتدایی - بومی استان اصفهان,پردیس شهید باهنر - اصفهان
1396,انسانی,7738,2118,منطقه 3,مددکاری اجتماعی,دانشگاه یزد
1396,انسانی,7745,713,ایثارگر-5%,فقه و مبانی حقوق اسلامی,دانشگاه فردوسی - مشهد
1396,انسانی,7760,2269,منطقه 1,روانشناسی,دانشگاه غیرانتفاعی آل طه - تهران (ویژه خواهران)
1396,انسانی,7769,2123,منطقه 3,آموزش ابتدایی - بومی خراسان شمالی,پردیس امام جعفر صادق - بجنورد
1396,انسانی,7769,2123,منطقه 3,حقوق,دانشگاه گیلان - رشت
1396,انسانی,7769,2123,منطقه 3,روانشناسی,دانشگاه سمنان (محل تحصیل دانشکده روانشناسی وعلوم تربیتی مهدی شهر)
1396,انسانی,7778,2126,منطقه 3,آموزش زبان و ادبیات فارسی - بومی سیستان وبلوچستان,پردیس شهید باهنر - کرمان
1396,انسانی,7778,2126,منطقه 3,علوم تربیتی,دانشگاه بوعلی سینا - همدان
1396,انسانی,7787,2131,منطقه 3,آموزش ابتدایی - بومی استان کرمان,پردیس خواجه نصیرالدین طوسی - کرمان
1396,انسانی,7787,2131,منطقه 3,حسابداری,دانشگاه قم
1396,انسانی,7787,2131,منطقه 3,روانشناسی,دانشگاه سمنان (محل تحصیل دانشکده روانشناسی وعلوم تربیتی مهدی شهر)
1396,انسانی,7800,2475,منطقه 2,فقه و مبانی حقوق اسلامی,دانشگاه قم
1396,انسانی,7815,2147,منطقه 3,آموزش زبان و ادبیات فارسی - بومی استان بوشهر,پردیس شهید رجایی - شیراز
1396,انسانی,7815,2147,منطقه 3,علوم تربیتی,دانشگاه خوارزمی - تهران (محل تحصیل کرج)
1396,انسانی,7815,2282,منطقه 1,مدیریت صنعتی,دانشگاه فردوسی - مشهد
1396,انسانی,7824,2152,منطقه 3,روانشناسی,دانشگاه تبریز
1396,انسانی,7824,2152,منطقه 3,علوم تربیتی,دانشگاه بیرجند
1396,انسانی,7824,2152,منطقه 3,فقه و حقوق اسلامی,دانشگاه بین المللی امام خمینی(ره) - قزوین
1396,انسانی,7833,2157,منطقه 3,آموزش ابتدایی - بومی آذربایجان شرقی,پردیس علامه امینی - تبریز
1396,انسانی,7842,2160,منطقه 3,آموزش ابتدایی - بومی خراسان رضوی,پردیس شهید بهشتی - مشهد
1396,انسانی,7842,2160,منطقه 3,آموزش ابتدایی - بومی خراسان شمالی,پردیس امام جعفر صادق - بجنورد
1396,انسانی,7854,723,ایثارگر-5%,فقه و مبانی حقوق اسلامی,دانشگاه مازندران - بابلسر
1396,انسانی,7854,2166,منطقه 3,آموزش ابتدایی - بومی خراسان جنوبی,پردیس شهید باهنر - بیرجند
1396,انسانی,7854,2166,منطقه 3,پژوهشگری اجتماعی,دانشگاه فردوسی - مشهد
1396,انسانی,7863,2491,منطقه 2,حسابداری,دانشگاه صنعتی شاهرود
1396,انسانی,7863,2491,منطقه 2,حقوق,دانشگاه مراغه
1396,انسانی,7863,2491,منطقه 2,روانشناسی,دانشگاه گنبد
1396,انسانی,7872,726,ایثارگر-5%,پژوهشگری اجتماعی,دانشگاه خوارزمی - تهران (محل تحصیل کرج)
1396,انسانی,7886,2174,منطقه 3,حقوق,دانشگاه غیرانتفاعی علم و فرهنگ - تهران
1396,انسانی,7886,2502,منطقه 2,آموزش ابتدایی - بومی فارس,پردیس شهید رجایی - شیراز
1396,انسانی,7886,2502,منطقه 2,حقوق,دانشگاه بیرجند
1396,انسانی,7895,729,ایثارگر-5%,آموزش ابتدایی - بومی آذربایجان شرقی,پردیس علامه امینی - تبریز
1396,انسانی,7895,729,ایثارگر-5%,حقوق,دانشگاه قم
1396,انسانی,7895,2176,منطقه 3,آموزش کودکان استثنایی - بومی خوزستان,پردیس فاطمه الزهرا (س) - اصفهان
1396,انسانی,7902,731,ایثارگر-5%,روانشناسی,دانشگاه شهید چمران اهواز
1396,انسانی,7909,2509,منطقه 2,مدیریت مالی,دانشگاه تهران (محل تحصیل قم)
1396,انسانی,7918,734,ایثارگر-5%,مترجمی زبان عربی,دانشگاه تهران
1396,انسانی,7918,2182,منطقه 3,آموزش ابتدایی - بومی استان قزوین,پردیس بنت الهدی صدر-قزوین
1396,انسانی,7918,2182,منطقه 3,آموزش ابتدایی - بومی استان یزد,پردیس شهید پاک نژاد - یزد
1396,انسانی,7927,2514,منطقه 2,آموزش ابتدایی - بومی استان اردبیل,پردیس علامه طباطبایی - اردبیل
1396,انسانی,7927,2514,منطقه 2,روانشناسی,دانشگاه رازی کرمانشاه
1396,انسانی,7937,2187,منطقه 3,آموزش ابتدایی - بومی خراسان شمالی,پردیس امام محمد باقر - بجنورد
1396,انسانی,7937,2187,منطقه 3,مدیریت بازرگانی,دانشگاه مازندران - بابلسر
1396,انسانی,7937,2301,منطقه 1,مطالعات خانواده,دانشگاه شهید مدنی آذربایجان - تبریز
1396,انسانی,7937,2518,منطقه 2,فلسفه و حکمت اسلامی,دانشگاه الزهرا(س) - تهران
1396,انسانی,7944,2521,منطقه 2,حقوق,دانشکده علوم انسانی حضرت معصومه_قم(ویژه خواهران)
1396,انسانی,7950,2189,منطقه 3,روانشناسی,دانشگاه سمنان (محل تحصیل دانشکده روانشناسی وعلوم تربیتی مهدی شهر)
1396,انسانی,7961,2526,منطقه 2,آموزش ابتدایی - بومی گلستان,پردیس آیت الله خامنه ای - گرگان
1396,انسانی,7961,2526,منطقه 2,علوم تربیتی,دانشگاه شیراز
1396,انسانی,7961,2526,منطقه 2,علوم تربیتی,دانشگاه مازندران - بابلسر
1396,انسانی,7972,2193,منطقه 3,زبان و ادبیات فارسی,دانشگاه فردوسی - مشهد
1396,انسانی,7982,2196,منطقه 3,آموزش ابتدایی - بومی خراسان جنوبی,پردیس شهید باهنر - بیرجند
1396,انسانی,7982,2317,منطقه 1,روابط عمومی,دانشگاه علامه طباطبایی - تهران
1396,انسانی,7982,2534,منطقه 2,حقوق,دانشگاه تبریز
1396,انسانی,7995,2200,منطقه 3,مدیریت مالی,دانشگاه الزهرا(س) - تهران
1396,انسانی,7995,2538,منطقه 2,مطالعات ارتباطی و فناوری اطلاعات,دانشگاه علامه طباطبایی - تهران
1396,انسانی,7995,2538,منطقه 2,پژوهشگری اجتماعی,دانشگاه گیلان - رشت
1396,انسانی,8007,2542,منطقه 2,علوم تربیتی,دانشگاه کاشان
1396,انسانی,8014,2205,منطقه 3,آموزش ابتدایی - بومی مازندران,پردیس دکتر شریعتی - ساری
1396,انسانی,8014,2544,منطقه 2,علوم تربیتی,دانشگاه فردوسی - مشهد
1396,انسانی,8022,740,ایثارگر-5%,علوم تربیتی,دانشگاه یزد
1396,انسانی,8022,2549,منطقه 2,مطالعات خانواده,دانشگاه کاشان
1396,انسانی,8047,2214,منطقه 3,مددکاری اجتماعی,دانشگاه خوارزمی - تهران (محل تحصیل کرج)
1396,انسانی,8047,2558,منطقه 2,روابط عمومی,دانشگاه علامه طباطبایی - تهران
1396,انسانی,8055,2216,منطقه 3,مدیریت صنعتی,دانشگاه گیلان - رشت
1396,انسانی,8063,2218,منطقه 3,آموزش ابتدایی - بومی آذربایجان شرقی,پردیس علامه امینی - تبریز
1396,انسانی,8071,2338,منطقه 1,روانشناسی,دانشگاه پیام نور تهران - تهران جنوب
1396,انسانی,8076,2340,منطقه 1,حسابداری,دانشگاه بین المللی امام خمینی(ره) - قزوین
1396,انسانی,8082,750,ایثارگر-5%,حقوق,دانشگاه محقق اردبیلی - اردبیل
1396,انسانی,8082,2568,منطقه 2,حسابداری,دانشگاه ولی عصر(عج) - رفسنجان
1396,انسانی,8097,2229,منطقه 3,آموزش ابتدایی - بومی خراسان جنوبی,پردیس شهید باهنر - بیرجند
1396,انسانی,8097,2229,منطقه 3,مددکاری اجتماعی,دانشگاه خوارزمی - تهران (محل تحصیل کرج)
1396,انسانی,8097,2573,منطقه 2,حسابداری,دانشگاه گیلان - رشت
1396,انسانی,8106,2232,منطقه 3,آموزش ابتدایی - بومی استان کرمان,پردیس خواجه نصیرالدین طوسی - کرمان
1396,انسانی,8106,2576,منطقه 2,آموزش ابتدایی - بومی استان قم,پردیس آیت اله طالقانی - قم
1396,انسانی,8106,2576,منطقه 2,حقوق,دانشگاه بجنورد
1396,انسانی,8114,2579,منطقه 2,حسابداری,دانشگاه قم
1396,انسانی,8114,2579,منطقه 2,مددکاری اجتماعی,دانشگاه یزد
1396,انسانی,8121,755,ایثارگر-5%,آموزش زبان و ادبیات فارسی - بومی لرستان,پردیس شهید مدرس - سنندج
1396,انسانی,8121,2582,منطقه 2,علوم تربیتی,دانشگاه شاهد - تهران
1396,انسانی,8129,757,ایثارگر-5%,مدیریت بیمه,دانشگاه علامه طباطبایی - تهران
1396,انسانی,8129,2237,منطقه 3,آموزش ابتدایی - بومی استان اردبیل,پردیس بنت الهدی صدر - اردبیل
1396,انسانی,8129,2584,منطقه 2,آموزش ابتدایی - بومی استان تهران,پردیس زینبیه - پیشوا (ورامین)
1396,انسانی,8135,2239,منطقه 3,علوم تربیتی,دانشگاه علامه طباطبایی - تهران
1396,انسانی,8141,2241,منطقه 3,علوم قرآن و حدیث,دانشگاه فردوسی - مشهد
1396,انسانی,8141,2589,منطقه 2,آموزش ابتدایی - بومی استان اصفهان,پردیس شهید باهنر - اصفهان
1396,انسانی,8150,2355,منطقه 1,مدیریت صنعتی,دانشگاه فردوسی - مشهد
1396,انسانی,8150,2594,منطقه 2,آموزش زبان و ادبیات فارسی - بومی آذربایجان غربی,پردیس شهیدرجایی قزوین(محل تحصیل پردیس علامه طباطبایی اردبیل)
1396,انسانی,8158,2245,منطقه 3,روانشناسی,دانشگاه یاسوج
1396,انسانی,8164,759,ایثارگر-5%,روانشناسی,دانشگاه شاهد - تهران
1396,انسانی,8164,2600,منطقه 2,علوم تربیتی,دانشگاه حکیم سبزواری - سبزوار
1396,انسانی,8174,2251,منطقه 3,علوم تربیتی,دانشگاه شهید باهنر - کرمان
1396,انسانی,8174,2603,منطقه 2,حسابداری,دانشگاه شهید باهنر - کرمان
1396,انسانی,8182,2606,منطقه 2,مدیریت بازرگانی,دانشگاه یزد
1396,انسانی,8188,2363,منطقه 1,حسابداری,دانشگاه اصفهان
1396,انسانی,8188,2608,منطقه 2,آموزش زبان و ادبیات فارسی - بومی استان یزد,پردیس شهید رجایی - شیراز
1396,انسانی,8202,2612,منطقه 2,مدیریت بازرگانی,دانشگاه مازندران - بابلسر
1396,انسانی,8214,766,ایثارگر-5%,آموزش ابتدایی - بومی استان قزوین,پردیس بنت الهدی صدر-قزوین
1396,انسانی,8214,2616,منطقه 2,روانشناسی,دانشگاه گیلان - رشت
1396,انسانی,8214,2616,منطقه 2,علوم سیاسی,دانشگاه علامه طباطبایی - تهران
1396,انسانی,8222,2265,منطقه 3,فقه و حقوق اسلامی,دانشگاه ارومیه
1396,انسانی,8231,768,ایثارگر-5%,آموزش ابتدایی - بومی آذربایجان شرقی,پردیس علامه امینی - تبریز
1396,انسانی,8231,2269,منطقه 3,آموزش ابتدایی - بومی استان اردبیل,پردیس بنت الهدی صدر - اردبیل
1396,انسانی,8231,2620,منطقه 2,حسابداری,دانشگاه مازندران - بابلسر
1396,انسانی,8238,2272,منطقه 3,آموزش ابتدایی - بومی خوزستان,پردیس فاطمه الزهرا (س) - اهواز
1396,انسانی,8238,2622,منطقه 2,آموزش زبان انگلیسی - بومی استان یزد,پردیس رسالت - زاهدان
1396,انسانی,8245,2275,منطقه 3,حقوق,دانشگاه کردستان - سنندج
1396,انسانی,8250,2277,منطقه 3,علوم تربیتی,دانشگاه بیرجند
1396,انسانی,8258,2279,منطقه 3,آموزش ابتدایی - بومی گلستان,پردیس امام خمینی - گرگان
1396,انسانی,8258,2628,منطقه 2,آموزش ابتدایی - بومی استان اصفهان,پردیس شهید باهنر - اصفهان
1396,انسانی,8265,2631,منطقه 2,آموزش ابتدایی - بومی گلستان,پردیس آیت الله خامنه ای - گرگان
1396,انسانی,8272,2283,منطقه 3,آموزش ابتدایی - بومی خراسان شمالی,پردیس امام محمد باقر - بجنورد
1396,انسانی,8272,2283,منطقه 3,حسابداری,دانشگاه شیراز
1396,انسانی,8272,2283,منطقه 3,روانشناسی,دانشگاه بجنورد
1396,انسانی,8272,2633,منطقه 2,حسابداری,دانشگاه مازندران - بابلسر
1396,انسانی,8272,2633,منطقه 2,حقوق,مجتمع آموزش عالی گناباد
1396,انسانی,8280,2636,منطقه 2,آموزش ابتدایی - بومی گیلان,پردیس بنت الهدی صدر - رشت
1396,انسانی,8280,2636,منطقه 2,روانشناسی,دانشگاه مازندران - بابلسر
1396,انسانی,8288,2639,منطقه 2,حسابداری,دانشگاه شهید باهنر - کرمان
1396,انسانی,8288,2639,منطقه 2,روانشناسی,دانشگاه پیام نور تهران - تهران جنوب
1396,انسانی,8294,2290,منطقه 3,فقه و مبانی حقوق اسلامی,دانشگاه تهران (محل تحصیل قم)
1396,انسانی,8302,2293,منطقه 3,علوم تربیتی,دانشگاه علامه طباطبایی - تهران
1396,انسانی,8302,2389,منطقه 1,مدیریت صنعتی,دانشگاه اصفهان
1396,انسانی,8302,2643,منطقه 2,حقوق,دانشگاه محقق اردبیلی - اردبیل
1396,انسانی,8317,2649,منطقه 2,علوم تربیتی,دانشگاه کاشان
1396,انسانی,8317,2649,منطقه 2,فقه و مبانی حقوق اسلامی,دانشگاه بوعلی سینا - همدان
1396,انسانی,8327,2299,منطقه 3,مدیریت بازرگانی,دانشگاه یزد
1396,انسانی,8327,2653,منطقه 2,حسابداری,دانشگاه مازندران - بابلسر
1396,انسانی,8327,2653,منطقه 2,علوم تربیتی,دانشگاه بیرجند
1396,انسانی,8334,2301,منطقه 3,علم اطلاعات و دانش شناسی,دانشگاه تهران
1396,انسانی,8341,2305,منطقه 3,مدیریت امور گمرکی,دانشگاه خوارزمی تهران
1396,انسانی,8341,2657,منطقه 2,روانشناسی,مرکز آموزش عالی اقلید
1396,انسانی,8349,776,ایثارگر-5%,روانشناسی,دانشگاه اراک
1396,انسانی,8356,2311,منطقه 3,روانشناسی,دانشگاه سیستان و بلوچستان - زاهدان
1396,انسانی,8364,2403,منطقه 1,روزنامه نگاری,دانشگاه علامه طباطبایی - تهران
1396,انسانی,8364,2403,منطقه 1,زبان و ادبیات عربی,دانشگاه الزهرا(س) - تهران
1396,انسانی,8370,2317,منطقه 3,روانشناسی,دانشگاه ارومیه
1396,انسانی,8370,2317,منطقه 3,روانشناسی,دانشگاه ملایر
1396,انسانی,8376,2320,منطقه 3,حقوق,دانشگاه مراغه
1396,انسانی,8389,2324,منطقه 3,علم اطلاعات و دانش شناسی,دانشگاه الزهرا(س) - تهران
1396,انسانی,8396,780,ایثارگر-5%,حقوق,دانشگاه بوعلی سینا - همدان
1396,انسانی,8403,2674,منطقه 2,آموزش ابتدایی - بومی استان یزد,پردیس فاطمه الزهرا (س) - یزد
1396,انسانی,8410,781,ایثارگر-5%,آموزش ابتدایی - بومی استان تهران,پردیس زینبیه - پیشوا (ورامین)
1396,انسانی,8410,781,ایثارگر-5%,فقه و مبانی حقوق اسلامی,دانشگاه تهران (محل تحصیل قم)
1396,انسانی,8410,2677,منطقه 2,آموزش زبان و ادبیات فارسی - بومی مرکزی,پردیس شهید مدرس - سنندج
1396,انسانی,8417,2331,منطقه 3,مدیریت دولتی,دانشگاه فردوسی - مشهد
1396,انسانی,8417,2680,منطقه 2,مدیریت صنعتی,دانشگاه یزد
1396,انسانی,8424,2332,منطقه 3,حسابداری,دانشگاه شیراز
1396,انسانی,8424,2684,منطقه 2,آموزش ابتدایی - بومی استان تهران,پردیس زینبیه - پیشوا (ورامین)
1396,انسانی,8424,2684,منطقه 2,علوم سیاسی,دانشگاه شهید بهشتی - تهران
1396,انسانی,8424,2684,منطقه 2,فقه و مبانی حقوق اسلامی,دانشگاه مازندران - بابلسر
1396,انسانی,8424,2684,منطقه 2,مدیریت بازرگانی,دانشگاه گیلان - رشت
1396,انسانی,8432,2688,منطقه 2,حقوق,دانشگاه ملایر
1396,انسانی,8439,2337,منطقه 3,علوم تربیتی,دانشگاه خوارزمی - تهران (محل تحصیل کرج)
1396,انسانی,8439,2337,منطقه 3,فقه و مبانی حقوق اسلامی,دانشگاه یاسوج
1396,انسانی,8452,2342,منطقه 3,آموزش ابتدایی - بومی گلستان,پردیس امام خمینی - گرگان
1396,انسانی,8452,2342,منطقه 3,حقوق,دانشگاه رازی کرمانشاه
1396,انسانی,8452,2425,منطقه 1,علوم تربیتی,دانشگاه تبریز
1396,انسانی,8452,2691,منطقه 2,حقوق,دانشگاه رازی کرمانشاه
1396,انسانی,8452,2691,منطقه 2,علوم تربیتی,دانشگاه حکیم سبزواری - سبزوار
1396,انسانی,8460,2345,منطقه 3,فقه و مبانی حقوق اسلامی,دانشگاه فردوسی - مشهد
1396,انسانی,8460,2694,منطقه 2,حقوق,دانشگاه ملایر
1396,انسانی,8460,2694,منطقه 2,زبان و ادبیات فارسی,دانشگاه کاشان
1396,انسانی,8468,2348,منطقه 3,آموزش ابتدایی - بومی لرستان,پردیس علامه طباطبایی - خرم آباد
1396,انسانی,8468,2348,منطقه 3,حقوق,دانشگاه آیت اله حایری - میبد
1396,انسانی,8468,2696,منطقه 2,آموزش ابتدایی - بومی استان سمنان,پردیس شهید رجایی - سمنان
1396,انسانی,8475,2350,منطقه 3,زبان و ادبیات فارسی,دانشگاه شهید بهشتی - تهران
1396,انسانی,8475,2433,منطقه 1,پژوهشگری اجتماعی,دانشگاه اصفهان
1396,انسانی,8480,2351,منطقه 3,روانشناسی,دانشگاه شهید چمران اهواز
1396,انسانی,8480,2701,منطقه 2,آموزش ابتدایی - بومی استان البرز,پردیس امیر کبیر - کرج
1396,انسانی,8480,2701,منطقه 2,حقوق,دانشگاه آیت الله بروجردی - بروجرد
1396,انسانی,8492,2705,منطقه 2,مدیریت دولتی,دانشگاه ارومیه
1396,انسانی,8508,2712,منطقه 2,روانشناسی,دانشگاه رازی کرمانشاه
1396,انسانی,8508,2712,منطقه 2,علوم تربیتی,دانشگاه شهید باهنر - کرمان
1396,انسانی,8514,2441,منطقه 1,حقوق,دانشگاه آیت الله بروجردی - بروجرد
1396,انسانی,8520,787,ایثارگر-5%,مترجمی زبان انگلیسی,دانشگاه شهید باهنر - کرمان
1396,انسانی,8529,790,ایثارگر-5%,حقوق,دانشکده علوم انسانی حضرت معصومه_قم(ویژه خواهران)
1396,انسانی,8537,2372,منطقه 3,حقوق,دانشگاه لرستان - خرم آباد
1396,انسانی,8547,2376,منطقه 3,حقوق,دانشگاه بجنورد
1396,انسانی,8555,793,ایثارگر-5%,روانشناسی,دانشگاه تبریز
1396,انسانی,8555,2378,منطقه 3,روانشناسی,دانشگاه کردستان - سنندج
1396,انسانی,8555,2450,منطقه 1,پژوهشگری اجتماعی,دانشگاه فردوسی - مشهد
1396,انسانی,8563,794,ایثارگر-5%,حسابداری,دانشگاه اصفهان
1396,انسانی,8563,2727,منطقه 2,آموزش ابتدایی - بومی کردستان,پردیس بنت الهدی صدر - سنندج
1396,انسانی,8571,795,ایثارگر-5%,علوم سیاسی,دانشگاه تهران
1396,انسانی,8571,2730,منطقه 2,آموزش ابتدایی - بومی استان سمنان,پردیس فاطمه الزهرا (س) - سمنان
1396,انسانی,8571,2730,منطقه 2,آموزش جغرافیا - بومی آذربایجان غربی,پردیس حکیم ابوالقاسم فردوسی - کرج
1396,انسانی,8571,2730,منطقه 2,زبان و ادبیات فارسی,دانشگاه قم
1396,انسانی,8581,796,ایثارگر-5%,حقوق,دانشگاه بیرجند
1396,انسانی,8587,2736,منطقه 2,روانشناسی,دانشگاه اراک
1396,انسانی,8593,2386,منطقه 3,علوم سیاسی,دانشگاه تهران
1396,انسانی,8599,2739,منطقه 2,آموزش ابتدایی - بومی استان کرمانشاه,پردیس شهید صدوقی - کرمانشاه
1396,انسانی,8599,2739,منطقه 2,آموزش زبان و ادبیات فارسی - بومی استان همدان,پردیس شهید رجایی - قزوین
1396,انسانی,8607,2389,منطقه 3,آموزش ابتدایی - بومی استان قزوین,پردیس بنت الهدی صدر-قزوین
1396,انسانی,8607,2466,منطقه 1,علوم تربیتی,دانشگاه علامه طباطبایی - تهران
1396,انسانی,8613,2391,منطقه 3,آموزش زبان و ادبیات فارسی - بومی استان کهکیلویه و بویر احمد,پردیس شهید باهنر - شهرکرد
1396,انسانی,8619,2747,منطقه 2,حقوق,دانشگاه مراغه
1396,انسانی,8619,2747,منطقه 2,علوم تربیتی,دانشگاه مازندران - بابلسر
1396,انسانی,8628,2472,منطقه 1,حقوق,مجتمع آموزش عالی گناباد
1396,انسانی,8638,2399,منطقه 3,آموزش ابتدایی - بومی کردستان,پردیس بنت الهدی صدر - سنندج
1396,انسانی,8638,2399,منطقه 3,مدیریت دولتی,دانشگاه ارومیه
1396,انسانی,8638,2476,منطقه 1,حسابداری,دانشگاه شیراز
1396,انسانی,8638,2751,منطقه 2,آموزش ابتدایی - بومی استان تهران,پردیس نسیبه - تهران
1396,انسانی,8658,2407,منطقه 3,حسابداری,دانشگاه الزهرا(س) - تهران
1396,انسانی,8658,2407,منطقه 3,حقوق,دانشگاه آیت اله حایری - میبد
1396,انسانی,8658,2407,منطقه 3,حقوق,دانشگاه بجنورد
1396,انسانی,8658,2407,منطقه 3,زبان و ادبیات فارسی,دانشگاه گیلان - رشت
1396,انسانی,8658,2757,منطقه 2,مددکاری اجتماعی,دانشگاه خوارزمی - تهران (محل تحصیل کرج)
1396,انسانی,8671,2411,منطقه 3,علوم تربیتی,دانشگاه شهید باهنر - کرمان
1396,انسانی,8678,2766,منطقه 2,مددکاری اجتماعی,دانشگاه خوارزمی - تهران (محل تحصیل کرج)
1396,انسانی,8678,2766,منطقه 2,کارشناسی ارشد پیوسته معارف اسلامی و حقوق,دانشگاه ولی عصر(عج) - رفسنجان
1396,انسانی,8684,807,ایثارگر-5%,آموزش ابتدایی - بومی خراسان رضوی,پردیس شهید بهشتی - مشهد
1396,انسانی,8684,807,ایثارگر-5%,علوم سیاسی,دانشگاه فردوسی - مشهد
1396,انسانی,8684,2769,منطقه 2,حسابداری,دانشگاه رازی کرمانشاه
1396,انسانی,8684,2769,منطقه 2,مدیریت بازرگانی,دانشگاه مازندران - بابلسر
1396,انسانی,8693,2415,منطقه 3,آموزش جغرافیا - بومی آذربایجان غربی,پردیس حکیم ابوالقاسم فردوسی - کرج
1396,انسانی,8693,2771,منطقه 2,حقوق,دانشگاه شهرکرد
1396,انسانی,8703,2775,منطقه 2,حسابداری,دانشگاه قم
1396,انسانی,8703,2775,منطقه 2,مدیریت بازرگانی,دانشگاه کاشان
1396,انسانی,8713,2778,منطقه 2,حقوق,دانشکده علوم انسانی حضرت معصومه_قم(ویژه خواهران)
1396,انسانی,8724,2424,منطقه 3,آموزش ابتدایی - بومی کردستان,پردیس شهید مدرس - سنندج
1396,انسانی,8724,2424,منطقه 3,علوم تربیتی,دانشگاه تبریز
1396,انسانی,8735,2428,منطقه 3,آموزش ابتدایی - بومی خراسان جنوبی,پردیس امام سجاد - بیرجند
1396,انسانی,8746,816,ایثارگر-5%,حسابداری,دانشگاه گیلان - رشت
1396,انسانی,8746,2433,منطقه 3,مددکاری اجتماعی,دانشگاه خوارزمی - تهران (محل تحصیل کرج)
1396,انسانی,8746,2785,منطقه 2,آموزش ابتدایی - بومی کردستان,پردیس بنت الهدی صدر - سنندج
1396,انسانی,8754,2788,منطقه 2,زبان و ادبیات فارسی,دانشگاه فردوسی - مشهد
1396,انسانی,8761,2440,منطقه 3,آموزش ابتدایی - بومی گیلان,پردیس بنت الهدی صدر - رشت
1396,انسانی,8784,2454,منطقه 3,آموزش ابتدایی - بومی سیستان وبلوچستان,پردیس شهید مطهری - زاهدان
1396,انسانی,8784,2454,منطقه 3,علوم تربیتی,دانشگاه تبریز
1396,انسانی,8784,2505,منطقه 1,حسابداری,دانشگاه اصفهان
1396,انسانی,8795,2798,منطقه 2,علوم تربیتی,دانشگاه اراک
1396,انسانی,8805,2805,منطقه 2,علوم تربیتی,دانشگاه قم
1396,انسانی,8805,2805,منطقه 2,فقه و حقوق اسلامی,دانشگاه یزد
1396,انسانی,8813,2460,منطقه 3,آموزش ابتدایی - بومی استان کهکیلویه و بویر احمد,پردیس کوثر - یاسوج
1396,انسانی,8813,2460,منطقه 3,حسابداری,دانشگاه یزد
1396,انسانی,8813,2460,منطقه 3,روانشناسی,دانشگاه کردستان - سنندج
1396,انسانی,8819,2464,منطقه 3,آموزش ابتدایی - بومی خراسان شمالی,پردیس امام جعفر صادق - بجنورد
1396,انسانی,8830,2468,منطقه 3,روانشناسی,دانشگاه یاسوج
1396,انسانی,8830,2815,منطقه 2,حقوق,دانشگاه محقق اردبیلی - اردبیل
1396,انسانی,8839,2817,منطقه 2,روانشناسی,دانشگاه گیلان - رشت
1396,انسانی,8856,822,ایثارگر-5%,آموزش ابتدایی - بومی استان تهران,پردیس نسیبه - تهران
1396,انسانی,8856,822,ایثارگر-5%,روانشناسی,دانشگاه سمنان (محل تحصیل دانشکده روانشناسی وعلوم تربیتی مهدی شهر)
1396,انسانی,8856,2824,منطقه 2,زبان و ادبیات عربی,دانشگاه ولی عصر(عج) - رفسنجان
1396,انسانی,8856,2824,منطقه 2,علوم تربیتی,دانشگاه شهید باهنر - کرمان
1396,انسانی,8864,2478,منطقه 3,آموزش ابتدایی - بومی خراسان شمالی,پردیس امام جعفر صادق - بجنورد
1396,انسانی,8864,2829,منطقه 2,فقه و حقوق اسلامی,دانشگاه یزد
1396,انسانی,8876,2483,منطقه 3,آموزش ابتدایی - بومی خراسان جنوبی,پردیس شهید باهنر - بیرجند
1396,انسانی,8876,2520,منطقه 1,مدیریت صنعتی,دانشگاه اصفهان
1396,انسانی,8885,2486,منطقه 3,آموزش ابتدایی - بومی آذربایجان شرقی,پردیس علامه امینی - تبریز
1396,انسانی,8885,2486,منطقه 3,آموزش ابتدایی - بومی کردستان,پردیس شهید مدرس - سنندج
1396,انسانی,8885,2486,منطقه 3,آموزش کودکان استثنایی - بومی مازندران,پردیس شهید چمران - تهران
1396,انسانی,8894,2838,منطقه 2,فقه و مبانی حقوق اسلامی,دانشگاه اردکان
1396,انسانی,8901,2493,منطقه 3,فقه و مبانی حقوق اسلامی,دانشگاه قم
1396,انسانی,8901,2841,منطقه 2,حقوق,دانشگاه آیت اله حایری - میبد
1396,انسانی,8907,2496,منطقه 3,آموزش ابتدایی - بومی خراسان جنوبی,پردیس شهید باهنر - بیرجند
1396,انسانی,8907,2496,منطقه 3,آموزش ابتدایی - بومی گیلان,پردیس بنت الهدی صدر - رشت
1396,انسانی,8914,2499,منطقه 3,حقوق,دانشگاه گیلان - رشت
1396,انسانی,8914,2526,منطقه 1,فقه و مبانی حقوق اسلامی,دانشگاه قم
1396,انسانی,8920,2845,منطقه 2,فقه و حقوق اسلامی,دانشگاه یزد
1396,انسانی,8925,828,ایثارگر-5%,آموزش زبان و ادبیات فارسی - بومی خوزستان,پردیس شهید رجایی - شیراز
1396,انسانی,8925,2530,منطقه 1,علوم تربیتی,دانشگاه یزد
1396,انسانی,8930,2849,منطقه 2,حقوق,دانشگاه بجنورد
1396,انسانی,8936,829,ایثارگر-5%,مدیریت بازرگانی,دانشگاه سمنان
1396,انسانی,8936,2507,منطقه 3,آموزش کودکان استثنایی - بومی هرمزگان,پردیس شهید باهنر - اصفهان
1396,انسانی,8936,2851,منطقه 2,حقوق,دانشگاه گیلان - رشت
1396,انسانی,8946,2511,منطقه 3,حقوق,دانشگاه قم
1396,انسانی,8959,831,ایثارگر-5%,علوم تربیتی,دانشگاه کاشان
1396,انسانی,8959,831,ایثارگر-5%,مدیریت دولتی,دانشگاه فردوسی - مشهد
1396,انسانی,8959,2860,منطقه 2,مدیریت بازرگانی,دانشگاه سمنان
1396,انسانی,8959,2860,منطقه 2,مدیریت صنعتی,دانشگاه یزد
1396,انسانی,8974,2516,منطقه 3,آموزش ابتدایی - بومی گلستان,پردیس امام خمینی - گرگان
1396,انسانی,8974,2516,منطقه 3,روانشناسی,دانشگاه مازندران - بابلسر
1396,انسانی,8974,2541,منطقه 1,حقوق - محل تحصیل خواهران پردیس رضوان,دانشگاه غیرانتفاعی امام رضا(ع) - مشهد
1396,انسانی,8974,2866,منطقه 2,مدیریت بازرگانی,دانشگاه گیلان - رشت
1396,انسانی,8991,2547,منطقه 1,حقوق,دانشگاه آیت الله بروجردی - بروجرد
1396,انسانی,8991,2868,منطقه 2,آموزش کودکان استثنایی - بومی آذربایجان شرقی,پردیس شهید چمران - تهران
1396,انسانی,9000,2550,منطقه 1,علم اطلاعات و دانش شناسی,دانشگاه اصفهان
1396,انسانی,9000,2870,منطقه 2,حسابداری,دانشگاه صنعتی شاهرود
1396,انسانی,9008,2874,منطقه 2,آموزش ابتدایی - بومی استان سمنان,پردیس شهید رجایی - سمنان
1396,انسانی,9015,2877,منطقه 2,علوم تربیتی,دانشگاه ملایر
1396,انسانی,9023,2880,منطقه 2,آموزش ابتدایی - بومی خراسان جنوبی,پردیس شهید باهنر - بیرجند
1396,انسانی,9037,2538,منطقه 3,روانشناسی,دانشگاه سیستان و بلوچستان - زاهدان
1396,انسانی,9037,2538,منطقه 3,علوم ارتباطات اجتماعی,دانشگاه تهران
1396,انسانی,9037,2538,منطقه 3,کاردانی حسابداری,دانشگاه زنجان
1396,انسانی,9053,2562,منطقه 1,علوم سیاسی,دانشگاه فردوسی - مشهد
1396,انسانی,9059,2542,منطقه 3,آموزش ابتدایی - بومی کردستان,پردیس بنت الهدی صدر - سنندج
1396,انسانی,9065,2545,منطقه 3,روانشناسی,دانشگاه مراغه
1396,انسانی,9074,2566,منطقه 1,فقه و حقوق اسلامی,دانشگاه شهید مدنی آذربایجان - تبریز
1396,انسانی,9083,2554,منطقه 3,آموزش ابتدایی - بومی استان ایلام,پردیس امام جعفر صادق - ایلام
1396,انسانی,9083,2554,منطقه 3,روانشناسی,دانشگاه سلمان فارسی - کازرون
1396,انسانی,9083,2903,منطقه 2,حقوق,دانشگاه مراغه
1396,انسانی,9096,2559,منطقه 3,آموزش ابتدایی - بومی استان کرمان,پردیس خواجه نصیرالدین طوسی - کرمان
1396,انسانی,9096,2559,منطقه 3,آموزش ابتدایی - بومی استان یزد,پردیس فاطمه الزهرا (س) - یزد
1396,انسانی,9096,2906,منطقه 2,حقوق,دانشگاه مراغه
1396,انسانی,9105,2908,منطقه 2,مترجمی زبان انگلیسی,دانشگاه بیرجند
1396,انسانی,9110,2574,منطقه 1,فلسفه و حکمت اسلامی,دانشگاه فردوسی - مشهد
1396,انسانی,9116,2569,منطقه 3,فقه و حقوق اسلامی,دانشگاه یزد
1396,انسانی,9122,2912,منطقه 2,آموزش ابتدایی - بومی خوزستان,پردیس فاطمه الزهرا (س) - اهواز
1396,انسانی,9129,2915,منطقه 2,آموزش ابتدایی - بومی استان تهران,پردیس زینبیه - پیشوا (ورامین)
1396,انسانی,9134,843,ایثارگر-5%,آموزش ابتدایی - بومی استان سمنان,پردیس فاطمه الزهرا (س) - سمنان
1396,انسانی,9134,2572,منطقه 3,آموزش جغرافیا - بومی استان کهکیلویه و بویر احمد,پردیس حضرت رسول اکرم - اهواز
1396,انسانی,9141,2919,منطقه 2,آموزش ابتدایی - بومی آذربایجان شرقی,پردیس علامه امینی - تبریز
1396,انسانی,9141,2919,منطقه 2,حقوق,دانشگاه رازی کرمانشاه
1396,انسانی,9150,2577,منطقه 3,حقوق,دانشگاه زابل
1396,انسانی,9157,2579,منطقه 3,آموزش ابتدایی - بومی استان قزوین,پردیس شهید رجایی - قزوین
1396,انسانی,9157,2587,منطقه 1,مددکاری اجتماعی,دانشگاه علامه طباطبایی - تهران
1396,انسانی,9162,2581,منطقه 3,روابط عمومی,دانشگاه علامه طباطبایی - تهران
1396,انسانی,9168,2584,منطقه 3,علوم تربیتی,دانشگاه بیرجند
1396,انسانی,9168,2590,منطقه 1,آموزش ابتدایی - بومی خراسان رضوی,پردیس شهید بهشتی - مشهد
1396,انسانی,9168,2929,منطقه 2,روابط عمومی,دانشگاه علامه طباطبایی - تهران
1396,انسانی,9168,2929,منطقه 2,روانشناسی,دانشگاه سمنان (محل تحصیل دانشکده روانشناسی وعلوم تربیتی مهدی شهر)
1396,انسانی,9177,2593,منطقه 1,مددکاری اجتماعی,دانشگاه علامه طباطبایی - تهران
1396,انسانی,9186,2935,منطقه 2,حقوق,دانشگاه آیت الله بروجردی - بروجرد
1396,انسانی,9195,2937,منطقه 2,آموزش کودکان استثنایی - بومی استان یزد,پردیس شهید باهنر - اصفهان
1396,انسانی,9204,2592,منطقه 3,مدیریت دولتی,دانشگاه علامه طباطبایی - تهران
1396,انسانی,9204,2602,منطقه 1,حقوق - محل تحصیل خواهران پردیس رضوان,دانشگاه غیرانتفاعی امام رضا(ع) - مشهد
1396,انسانی,9204,2939,منطقه 2,روانشناسی,دانشگاه ارومیه
1396,انسانی,9215,2595,منطقه 3,آموزش ابتدایی - بومی خراسان شمالی,پردیس امام محمد باقر - بجنورد
1396,انسانی,9215,2595,منطقه 3,روانشناسی,دانشگاه مراغه
1396,انسانی,9215,2606,منطقه 1,زبان و ادبیات عربی,دانشگاه شیراز
1396,انسانی,9215,2941,منطقه 2,آموزش ابتدایی - بومی خوزستان,پردیس فاطمه الزهرا (س) - اهواز
1396,انسانی,9230,850,ایثارگر-5%,آموزش کودکان استثنایی - بومی گلستان,پردیس شهید هاشمی نژاد - مشهد
1396,انسانی,9230,2601,منطقه 3,فلسفه و حکمت اسلامی,دانشگاه آیت اله حایری - میبد
1396,انسانی,9230,2610,منطقه 1,حسابداری,دانشگاه قم
1396,انسانی,9242,2946,منطقه 2,روانشناسی,دانشگاه رازی کرمانشاه
1396,انسانی,9251,2606,منطقه 3,آموزش ابتدایی - بومی استان همدان,پردیس شهید مقصودی - همدان
1396,انسانی,9258,2607,منطقه 3,علوم تربیتی,دانشگاه شیراز
1396,انسانی,9258,2619,منطقه 1,مترجمی زبان عربی,دانشگاه علامه طباطبایی - تهران
1396,انسانی,9258,2951,منطقه 2,روانشناسی,دانشگاه یزد - مهریز
1396,انسانی,9266,2611,منطقه 3,روانشناسی - بومی کردستان,دانشگاه کردستان - سنندج
1396,انسانی,9266,2954,منطقه 2,زبان و ادبیات فارسی,دانشگاه خوارزمی - تهران (محل تحصیل کرج)
1396,انسانی,9275,855,ایثارگر-5%,علوم تربیتی,دانشگاه فردوسی - مشهد
1396,انسانی,9275,2957,منطقه 2,مدیریت دولتی,دانشگاه اصفهان
1396,انسانی,9282,2616,منطقه 3,مدیریت بازرگانی,دانشگاه قم
1396,انسانی,9299,2622,منطقه 3,حقوق,دانشگاه مراغه
1396,انسانی,9299,2625,منطقه 1,پژوهشگری اجتماعی,دانشگاه فردوسی - مشهد
1396,انسانی,9299,2967,منطقه 2,روانشناسی,دانشگاه یاسوج
1396,انسانی,9307,2626,منطقه 3,آموزش ابتدایی - بومی خراسان رضوی,پردیس شهید بهشتی - مشهد
1396,انسانی,9307,2626,منطقه 3,آموزش ابتدایی - بومی سیستان وبلوچستان,پردیس شهید مطهری - زاهدان
1396,انسانی,9307,2626,منطقه 3,آموزش ابتدایی - بومی کردستان,پردیس شهید مدرس - سنندج
1396,انسانی,9317,2629,منطقه 3,حقوق,دانشگاه کردستان - سنندج
1396,انسانی,9317,2974,منطقه 2,حقوق,دانشگاه اراک
1396,انسانی,9325,2629,منطقه 1,پژوهشگری اجتماعی,دانشگاه تبریز
1396,انسانی,9331,2631,منطقه 1,باستانشناسی,دانشگاه نیشابور
1396,انسانی,9331,2633,منطقه 3,آموزش ابتدایی - بومی استان البرز,پردیس امیر کبیر - کرج
1396,انسانی,9331,2633,منطقه 3,زبان و ادبیات فارسی,دانشگاه شهید بهشتی - تهران
1396,انسانی,9331,2979,منطقه 2,حسابداری,دانشکده علوم انسانی حضرت معصومه_قم(ویژه خواهران)
1396,انسانی,9331,2979,منطقه 2,علوم تربیتی,دانشگاه خوارزمی - تهران (محل تحصیل کرج)
1396,انسانی,9343,860,ایثارگر-5%,آموزش ابتدایی - بومی کردستان,پردیس شهید مدرس - سنندج
1396,انسانی,9356,2642,منطقه 3,علوم تربیتی,دانشگاه شهید چمران اهواز
1396,انسانی,9356,2987,منطقه 2,علوم سیاسی,دانشگاه شهید بهشتی - تهران
1396,انسانی,9363,2990,منطقه 2,علوم سیاسی,دانشگاه بوعلی سینا - همدان
1396,انسانی,9371,2647,منطقه 3,آموزش ابتدایی - بومی کردستان,پردیس بنت الهدی صدر - سنندج
1396,انسانی,9371,2647,منطقه 3,علوم تربیتی,دانشگاه تبریز
1396,انسانی,9371,2994,منطقه 2,علوم تربیتی,دانشگاه علامه طباطبایی - تهران
1396,انسانی,9371,2994,منطقه 2,علوم سیاسی,دانشگاه خوارزمی تهران
1396,انسانی,9378,2999,منطقه 2,حقوق,دانشگاه کردستان - سنندج
1396,انسانی,9378,2999,منطقه 2,روانشناسی,دانشگاه گیلان - رشت
1396,انسانی,9386,2652,منطقه 3,آموزش زبان و ادبیات فارسی - بومی هرمزگان,پردیس شهید رجایی - شیراز
1396,انسانی,9386,2652,منطقه 3,علوم تربیتی,دانشگاه بوعلی سینا - همدان
1396,انسانی,9386,2652,منطقه 3,علوم تربیتی,دانشگاه بیرجند
1396,انسانی,9386,3001,منطقه 2,علوم تربیتی,دانشگاه اراک
1396,انسانی,9395,3003,منطقه 2,حسابداری,دانشکده علوم انسانی حضرت معصومه_قم(ویژه خواهران)
1396,انسانی,9407,867,ایثارگر-5%,آموزش ابتدایی - بومی استان چهارمحال وبختیاری,پردیس شهید باهنر - شهرکرد
1396,انسانی,9407,2645,منطقه 1,مدیریت بازرگانی,دانشگاه غیرانتفاعی صدرالمتالهین - تهران (ویژه برادران)
1396,انسانی,9407,3006,منطقه 2,حقوق,مجتمع آموزش عالی گناباد
1396,انسانی,9419,3009,منطقه 2,حسابداری,دانشگاه قم
1396,انسانی,9419,3009,منطقه 2,حقوق,دانشگاه بیرجند
1396,انسانی,9426,2666,منطقه 3,روانشناسی,دانشگاه لرستان - خرم آباد
1396,انسانی,9426,2666,منطقه 3,فقه و مبانی حقوق اسلامی,دانشگاه شهید چمران اهواز
1396,انسانی,9426,3012,منطقه 2,مدیریت بازرگانی,دانشگاه کاشان
1396,انسانی,9434,869,ایثارگر-5%,حقوق,دانشگاه بجنورد
1396,انسانی,9434,2669,منطقه 3,فقه و مبانی حقوق اسلامی,دانشگاه سمنان
1396,انسانی,9434,3015,منطقه 2,فقه و حقوق اسلامی,دانشگاه ارومیه
1396,انسانی,9445,2672,منطقه 3,مدیریت صنعتی,دانشگاه یزد
1396,انسانی,9445,2672,منطقه 3,مدیریت مالی,دانشگاه تهران (محل تحصیل قم)
1396,انسانی,9459,2678,منطقه 3,روانشناسی,دانشگاه حکیم سبزواری - سبزوار
1396,انسانی,9459,2678,منطقه 3,علوم تربیتی,دانشگاه خوارزمی - تهران (محل تحصیل کرج)
1396,انسانی,9459,2678,منطقه 3,فقه و حقوق اسلامی,دانشگاه بین المللی امام خمینی(ره) - قزوین
1396,انسانی,9459,3023,منطقه 2,حقوق,دانشگاه غیرانتفاعی علم و فرهنگ - تهران
1396,انسانی,9472,870,ایثارگر-5%,آموزش جغرافیا - بومی خراسان شمالی,پردیس حکیم ابوالقاسم فردوسی - کرج
1396,انسانی,9472,2684,منطقه 3,حقوق,دانشگاه رازی کرمانشاه
1396,انسانی,9472,2684,منطقه 3,فقه و حقوق اسلامی,دانشگاه بین المللی امام خمینی(ره) - قزوین
1396,انسانی,9472,2684,منطقه 3,فقه و مبانی حقوق اسلامی,دانشگاه سیستان و بلوچستان - زاهدان
1396,انسانی,9482,2688,منطقه 3,علوم سیاسی,دانشگاه شهید باهنر - کرمان
1396,انسانی,9482,3030,منطقه 2,مدیریت صنعتی,دانشگاه مازندران - بابلسر
1396,انسانی,9489,2692,منطقه 3,آموزش ابتدایی - بومی مازندران,پردیس دکتر شریعتی - ساری
1396,انسانی,9497,2696,منطقه 3,مدیریت دولتی,دانشگاه فردوسی - مشهد
1396,انسانی,9497,3032,منطقه 2,حقوق,دانشگاه گیلان - رشت
1396,انسانی,9507,2703,منطقه 3,حقوق,دانشگاه دامغان
1396,انسانی,9507,3034,منطقه 2,حقوق,دانشگاه گیلان - رشت
1396,انسانی,9507,3034,منطقه 2,روانشناسی,دانشگاه زنجان
1396,انسانی,9516,2708,منطقه 3,علوم تربیتی,دانشگاه سیستان و بلوچستان - زاهدان
1396,انسانی,9516,3036,منطقه 2,آموزش ابتدایی - بومی گلستان,پردیس امام خمینی - گرگان
1396,انسانی,9516,3036,منطقه 2,حسابداری,دانشگاه بوعلی سینا - همدان
1396,انسانی,9526,2712,منطقه 3,علوم تربیتی,دانشگاه یزد
1396,انسانی,9526,3040,منطقه 2,آموزش ابتدایی - بومی استان سمنان,پردیس شهید رجایی - سمنان
1396,انسانی,9541,2668,منطقه 1,زبان و ادبیات فارسی,دانشگاه شیراز
1396,انسانی,9541,2717,منطقه 3,فلسفه,دانشگاه شهید بهشتی - تهران
1396,انسانی,9552,3050,منطقه 2,مددکاری اجتماعی,دانشگاه علامه طباطبایی - تهران
1396,انسانی,9557,3052,منطقه 2,علوم تربیتی,دانشگاه تبریز
1396,انسانی,9562,2724,منطقه 3,آموزش ابتدایی - بومی استان کهکیلویه و بویر احمد,پردیس کوثر - یاسوج
1396,انسانی,9562,3055,منطقه 2,حسابداری,دانشگاه قم
1396,انسانی,9562,3055,منطقه 2,حقوق,دانشگاه دامغان
1396,انسانی,9569,875,ایثارگر-5%,روانشناسی,دانشگاه گنبد
1396,انسانی,9569,2673,منطقه 1,حسابداری,دانشگاه قم
1396,انسانی,9586,3065,منطقه 2,روانشناسی,دانشگاه گیلان - رشت
1396,انسانی,9586,3065,منطقه 2,علوم تربیتی,دانشگاه اراک
1396,انسانی,9596,3069,منطقه 2,حقوق,دانشگاه محقق اردبیلی - اردبیل
1396,انسانی,9605,2737,منطقه 3,آموزش ابتدایی - بومی استان سمنان,پردیس فاطمه الزهرا (س) - سمنان
1396,انسانی,9605,2737,منطقه 3,آموزش ابتدایی - بومی کردستان,پردیس شهید مدرس - سنندج
1396,انسانی,9605,2737,منطقه 3,حقوق,دانشگاه اراک
1396,انسانی,9612,2741,منطقه 3,علوم تربیتی,دانشگاه علامه طباطبایی - تهران
1396,انسانی,9612,3073,منطقه 2,حسابداری,دانشگاه بوعلی سینا - همدان
1396,انسانی,9622,881,ایثارگر-5%,حقوق,دانشگاه دامغان
1396,انسانی,9622,881,ایثارگر-5%,مردم شناسی,دانشگاه تهران
1396,انسانی,9622,2681,منطقه 1,روانشناسی,دانشگاه غیرانتفاعی علم و فرهنگ - تهران
1396,انسانی,9622,2743,منطقه 3,علوم تربیتی,دانشگاه شیراز
1396,انسانی,9622,3077,منطقه 2,حسابداری,دانشگاه بوعلی سینا - همدان
1396,انسانی,9622,3077,منطقه 2,حقوق,دانشگاه بجنورد
1396,انسانی,9622,3077,منطقه 2,فقه و مبانی حقوق اسلامی,دانشگاه قم
1396,انسانی,9622,3077,منطقه 2,مدیریت بازرگانی,دانشگاه زنجان
1396,انسانی,9635,2747,منطقه 3,آموزش ابتدایی - بومی استان قزوین,پردیس بنت الهدی صدر-قزوین
1396,انسانی,9635,3081,منطقه 2,حقوق,دانشگاه حکیم سبزواری - سبزوار
1396,انسانی,9647,2686,منطقه 1,حقوق,دانشگاه گیلان - رشت
1396,انسانی,9647,2751,منطقه 3,آموزش ابتدایی - بومی سیستان وبلوچستان,پردیس شهید مطهری - زاهدان
1396,انسانی,9657,2754,منطقه 3,حسابداری,دانشگاه بوعلی سینا - همدان
1396,انسانی,9657,3088,منطقه 2,حقوق,دانشگاه کردستان - سنندج
1396,انسانی,9657,3088,منطقه 2,روانشناسی,دانشگاه خلیج فارس - بوشهر
1396,انسانی,9657,3088,منطقه 2,روانشناسی,دانشگاه سلمان فارسی - کازرون
1396,انسانی,9657,3088,منطقه 2,علوم تربیتی,دانشگاه تبریز
1396,انسانی,9664,2691,منطقه 1,علوم سیاسی,دانشگاه اصفهان
1396,انسانی,9664,3091,منطقه 2,علوم تربیتی,دانشگاه مازندران - بابلسر
1396,انسانی,9664,3091,منطقه 2,فقه و مبانی حقوق اسلامی,دانشگاه فردوسی - مشهد
1396,انسانی,9672,889,ایثارگر-5%,حقوق,دانشگاه زنجان
1396,انسانی,9672,889,ایثارگر-5%,علوم تربیتی,دانشگاه علامه طباطبایی - تهران
1396,انسانی,9672,3094,منطقه 2,پژوهشگری اجتماعی,دانشگاه کاشان
1396,انسانی,9682,2758,منطقه 3,آموزش ابتدایی - بومی خراسان رضوی,پردیس شهید بهشتی - مشهد
1396,انسانی,9682,3099,منطقه 2,فقه و مبانی حقوق اسلامی,دانشگاه قم
1396,انسانی,9691,3102,منطقه 2,زبان و ادبیات عربی,دانشگاه اصفهان
1396,انسانی,9700,3104,منطقه 2,حقوق,دانشگاه دامغان
1396,انسانی,9708,3107,منطقه 2,آموزش زبان و ادبیات فارسی - بومی استان همدان,پردیس شهید رجایی - قزوین
1396,انسانی,9717,2770,منطقه 3,آموزش زبان و ادبیات فارسی - بومی استان کرمان,پردیس خواجه نصیرالدین طوسی - کرمان
1396,انسانی,9717,3110,منطقه 2,آموزش ابتدایی - بومی استان همدان,پردیس شهید باهنر - همدان
1396,انسانی,9737,896,ایثارگر-5%,آموزش ابتدایی - بومی خوزستان,پردیس فاطمه الزهرا (س) - اهواز
1396,انسانی,9737,2776,منطقه 3,حقوق,دانشگاه محقق اردبیلی - اردبیل
1396,انسانی,9737,2776,منطقه 3,روانشناسی,دانشگاه رازی کرمانشاه
1396,انسانی,9737,3119,منطقه 2,حسابداری,دانشگاه شهید چمران اهواز
1396,انسانی,9737,3119,منطقه 2,حسابداری,دانشگاه مازندران - بابلسر
1396,انسانی,9737,3119,منطقه 2,حقوق,دانشگاه یزد - مهریز
1396,انسانی,9748,3123,منطقه 2,علوم قرآن و حدیث,دانشگاه اصفهان
1396,انسانی,9763,3128,منطقه 2,مدیریت بازرگانی,دانشگاه یزد
1396,انسانی,9774,2786,منطقه 3,آموزش ابتدایی - بومی آذربایجان غربی,پردیس شهید رجایی - ارومیه
1396,انسانی,9774,3134,منطقه 2,علوم تربیتی,دانشگاه شهید باهنر - کرمان
1396,انسانی,9782,899,ایثارگر-5%,حسابداری,دانشگاه ارومیه
1396,انسانی,9782,2789,منطقه 3,حقوق,دانشگاه کردستان - سنندج
1396,انسانی,9791,2793,منطقه 3,فقه و مبانی حقوق اسلامی,دانشگاه حکیم سبزواری - سبزوار
1396,انسانی,9791,3140,منطقه 2,حقوق,دانشگاه دامغان
1396,انسانی,9791,3140,منطقه 2,علوم تربیتی,دانشگاه اراک
1396,انسانی,9809,3145,منطقه 2,آموزش جغرافیا - بومی استان یزد,پردیس حضرت رسول اکرم - اهواز
1396,انسانی,9827,904,ایثارگر-5%,روانشناسی,دانشگاه یزد - مهریز
1396,انسانی,9827,2806,منطقه 3,حقوق,دانشگاه زابل
1396,انسانی,9827,2806,منطقه 3,فقه و حقوق اسلامی,دانشگاه ارومیه
1396,انسانی,9827,3150,منطقه 2,مدیریت بازرگانی,دانشگاه مازندران - بابلسر
1396,انسانی,9839,2811,منطقه 3,آموزش ابتدایی - بومی استان کهکیلویه و بویر احمد,پردیس کوثر - یاسوج
1396,انسانی,9850,2729,منطقه 1,حقوق,دانشگاه غیرانتفاعی هشت بهشت اصفهان پویا- اصفهان
1396,انسانی,9850,2816,منطقه 3,علوم سیاسی,دانشگاه فردوسی - مشهد
1396,انسانی,9850,3154,منطقه 2,حقوق,دانشگاه ملایر
1396,انسانی,9856,2818,منطقه 3,آموزش ابتدایی - بومی استان کرمانشاه,پردیس شهید رجایی - کرمانشاه
1396,انسانی,9863,2821,منطقه 3,آموزش ابتدایی - بومی سیستان وبلوچستان,پردیس رسالت - زاهدان
1396,انسانی,9863,2821,منطقه 3,علوم سیاسی,دانشگاه فردوسی - مشهد
1396,انسانی,9863,3157,منطقه 2,فقه و حقوق اسلامی,دانشگاه ارومیه
1396,انسانی,9873,2826,منطقه 3,حقوق,دانشگاه بجنورد
1396,انسانی,9873,3161,منطقه 2,تاریخ,دانشگاه تبریز
1396,انسانی,9873,3161,منطقه 2,حقوق,دانشگاه حکیم سبزواری - سبزوار
1396,انسانی,9880,2736,منطقه 1,فقه و حقوق اسلامی,دانشگاه ارومیه
1396,انسانی,9888,2832,منطقه 3,علوم تربیتی,دانشگاه بیرجند
1396,انسانی,9898,2737,منطقه 1,مترجمی زبان عربی,دانشگاه علامه طباطبایی - تهران
1396,انسانی,9898,3170,منطقه 2,علوم تربیتی,دانشگاه خوارزمی - تهران (محل تحصیل کرج)
1396,انسانی,9922,908,ایثارگر-5%,جغرافیا,دانشگاه تهران
1396,انسانی,9922,2849,منطقه 3,آموزش ابتدایی - بومی استان کرمان,پردیس خواجه نصیرالدین طوسی - کرمان
1396,انسانی,9922,2849,منطقه 3,آموزش جغرافیا - بومی هرمزگان,پردیس حضرت رسول اکرم - اهواز
1396,انسانی,9922,2849,منطقه 3,علوم تربیتی,دانشگاه علامه طباطبایی - تهران
1396,انسانی,9922,2849,منطقه 3,علوم سیاسی,دانشگاه شاهد - تهران
1396,انسانی,9935,3182,منطقه 2,مدیریت بازرگانی,دانشگاه گیلان - رشت
1396,انسانی,9955,2747,منطقه 1,علم اطلاعات و دانش شناسی,دانشگاه علامه طباطبایی - تهران
1396,انسانی,9955,2862,منطقه 3,آموزش ابتدایی - بومی هرمزگان,پردیس فاطمه الزهرا (س) - بندرعباس
1396,انسانی,9955,2862,منطقه 3,حقوق,دانشگاه مراغه
1396,انسانی,9955,3190,منطقه 2,حقوق,دانشگاه محقق اردبیلی - اردبیل
1396,انسانی,9964,2867,منطقه 3,آموزش ابتدایی - بومی سیستان وبلوچستان,پردیس رسالت - زاهدان
1396,انسانی,9964,2867,منطقه 3,آموزش زبان و ادبیات فارسی - بومی گیلان,پردیس دکتر شریعتی - ساری
1396,انسانی,9964,3193,منطقه 2,زبان و ادبیات فارسی,دانشگاه اصفهان
1396,انسانی,9970,910,ایثارگر-5%,زبان و ادبیات انگلیسی,دانشگاه یزد
1396,انسانی,9970,2870,منطقه 3,آموزش ابتدایی - بومی آذربایجان شرقی,پردیس علامه امینی - تبریز
1396,انسانی,9970,2870,منطقه 3,آموزش کودکان استثنایی - بومی استان کرمانشاه,پردیس نسیبه - تهران
1396,انسانی,9970,3194,منطقه 2,فقه و مبانی حقوق اسلامی,دانشگاه بوعلی سینا - همدان
1396,انسانی,9977,911,ایثارگر-5%,علوم سیاسی,دانشگاه علامه طباطبایی - تهران
1396,انسانی,9977,2873,منطقه 3,آموزش ابتدایی - بومی خراسان جنوبی,پردیس شهید باهنر - بیرجند
1396,انسانی,9986,2876,منطقه 3,آموزش ابتدایی - بومی کردستان,پردیس شهید مدرس - سنندج
1396,انسانی,9986,2876,منطقه 3,آموزش کودکان استثنایی - بومی استان کرمان,پردیس شهید بهشتی - مشهد
1396,انسانی,9994,912,ایثارگر-5%,حسابداری,دانشگاه یزد
1396,انسانی,9994,2880,منطقه 3,روانشناسی,دانشگاه اراک
1396,انسانی,9994,2880,منطقه 3,روانشناسی,دانشگاه کردستان - سنندج
1396,انسانی,9994,3202,منطقه 2,روانشناسی,دانشگاه زنجان
1396,انسانی,9994,3202,منطقه 2,مددکاری اجتماعی,دانشگاه یزد
1396,هنر,6,2,منطقه 2,آموزش زبان انگلیسی - بومی استان کرمان,پردیس خواجه نصیرالدین طوسی - کرمان
1396,هنر,8,4,منطقه 2,عکاسی,دانشگاه تهران
1396,هنر,9,5,منطقه 1,سینما,دانشگاه هنر تهران
1396,هنر,15,9,منطقه 1,نوازندگی موسیقی جهانی,دانشگاه هنر (محل تحصیل پردیس کرج)
1396,هنر,22,9,منطقه 2,ادبیات نمایشی,دانشگاه تهران
1396,هنر,25,16,منطقه 1,کارگردانی تلویزیون,دانشگاه صدا و سیمای جمهوری اسلامی ایران
1396,هنر,29,11,منطقه 2,طراحی صنعتی,دانشگاه تهران
1396,هنر,31,1,ایثارگر-5%,نوازندگی موسیقی ایرانی,دانشگاه تهران
1396,هنر,32,13,منطقه 2,سینما,دانشگاه هنر تهران
1396,هنر,55,35,منطقه 1,طراحی صنعتی,دانشگاه هنر اصفهان
1396,هنر,57,19,منطقه 2,سینما,دانشگاه هنر تهران
1396,هنر,63,41,منطقه 1,طراحی پارچه,دانشگاه هنر تهران
1396,هنر,70,47,منطقه 1,سینما,دانشگاه هنر تهران
1396,هنر,81,23,منطقه 2,نوازندگی موسیقی ایرانی,دانشگاه تهران
1396,هنر,86,24,منطقه 2,طراحی صنعتی,دانشگاه علم و صنعت ایران - تهران
1396,هنر,96,27,منطقه 2,نقاشی,دانشگاه هنر تهران
1396,هنر,101,1,منطقه 3,سینما,دانشگاه هنر تهران
1396,هنر,104,67,منطقه 1,طراحی صنعتی,دانشگاه هنر اصفهان
1396,هنر,113,74,منطقه 1,نوازندگی موسیقی ایرانی,دانشگاه تهران
1396,هنر,116,76,منطقه 1,سینما,دانشگاه غیرانتفاعی سوره - تهران
1396,هنر,122,33,منطقه 2,نوازندگی موسیقی جهانی,دانشگاه تهران
1396,هنر,129,34,منطقه 2,عکاسی,دانشگاه تهران
1396,هنر,134,11,ایثارگر-5%,بازیگری,دانشگاه تهران
1396,هنر,149,41,منطقه 2,نقاشی,دانشگاه تهران
1396,هنر,163,99,منطقه 1,سینما,دانشگاه غیرانتفاعی سوره - تهران
1396,هنر,164,100,منطقه 1,نقاشی,دانشگاه هنرشیراز
1396,هنر,174,106,منطقه 1,ادبیات نمایشی,دانشگاه هنر تهران
1396,هنر,183,49,منطقه 2,آموزش ابتدایی - بومی خراسان شمالی,پردیس امام محمد باقر - بجنورد
1396,هنر,194,51,منطقه 2,بازیگری,دانشگاه تهران
1396,هنر,198,52,منطقه 2,ادبیات نمایشی,دانشگاه هنر تهران
1396,هنر,200,125,منطقه 1,سینما,دانشگاه غیرانتفاعی سوره - تهران
1396,هنر,208,56,منطقه 2,نوازندگی موسیقی ایرانی,دانشگاه گیلان - رشت
1396,هنر,212,57,منطقه 2,طراحی صنعتی,دانشگاه تهران
1396,هنر,213,58,منطقه 2,ادبیات نمایشی,دانشگاه تهران
1396,هنر,216,59,منطقه 2,طراحی صنعتی,دانشگاه هنر تهران
1396,هنر,221,61,منطقه 2,صنایع دستی,دانشگاه هنر تهران
1396,هنر,225,64,منطقه 2,طراحی صنعتی,دانشگاه هنر تهران
1396,هنر,241,4,منطقه 3,نوازندگی موسیقی جهانی,دانشگاه تهران
1396,هنر,249,69,منطقه 2,نقاشی,دانشگاه تهران
1396,هنر,257,158,منطقه 1,صنایع دستی,دانشگاه هنر تهران
1396,هنر,258,6,منطقه 3,نقاشی,دانشگاه هنر تهران
1396,هنر,262,71,منطقه 2,مهندسی برق,دانشگاه صنعتی شیراز
1396,هنر,265,73,منطقه 2,طراحی صنعتی,دانشگاه هنر تهران
1396,هنر,267,164,منطقه 1,طراحی صنعتی,دانشگاه علم و صنعت ایران - تهران
1396,هنر,278,75,منطقه 2,ادبیات نمایشی,دانشگاه هنر تهران
1396,هنر,279,76,منطقه 2,سینما,دانشگاه غیرانتفاعی سوره - تهران
1396,هنر,289,7,منطقه 3,طراحی صنعتی,دانشگاه تهران
1396,هنر,308,191,منطقه 1,طراحی صنعتی,دانشگاه علم و صنعت ایران - تهران
1396,هنر,310,192,منطقه 1,نوازندگی موسیقی جهانی,دانشگاه هنر (محل تحصیل پردیس کرج)
1396,هنر,312,84,منطقه 2,صنایع دستی,دانشگاه هنر تهران
1396,هنر,333,90,منطقه 2,روانشناسی - بومی استان بوشهر,دانشگاه خلیج فارس - بوشهر
1396,هنر,340,25,ایثارگر-5%,سینما,دانشگاه هنر تهران
1396,هنر,343,94,منطقه 2,طراحی صنعتی,دانشگاه علم و صنعت ایران - تهران
1396,هنر,346,95,منطقه 2,نوازندگی موسیقی جهانی,دانشگاه هنر (محل تحصیل پردیس کرج)
1396,هنر,349,97,منطقه 2,نقاشی,دانشگاه هنر تهران
1396,هنر,353,99,منطقه 2,پزشکی - نیمسال دوم,دانشگاه علوم پزشکی تبریز
1396,هنر,355,100,منطقه 2,طراحی صنعتی,دانشگاه علم و صنعت ایران - تهران
1396,هنر,360,7,ایثارگر-25%,طراحی صنعتی,دانشگاه تهران
1396,هنر,372,220,منطقه 1,نمایش عروسکی,دانشگاه هنر تهران
1396,هنر,373,9,ایثارگر-25%,تلویزیون و هنرهای دیجیتالی,دانشگاه صدا و سیمای جمهوری اسلامی ایران
1396,هنر,380,110,منطقه 2,مهندسی معماری,دانشگاه شهید بهشتی - تهران
1396,هنر,394,116,منطقه 2,مرمت بناهای تاریخی,دانشگاه شهید باهنر - کرمان
1396,هنر,402,119,منطقه 2,طراحی صنعتی,دانشگاه علم و صنعت ایران - تهران
1396,هنر,404,234,منطقه 1,طراحی صنعتی,دانشگاه هنر اصفهان
1396,هنر,405,235,منطقه 1,طراحی صنعتی - نیمسال دوم,دانشگاه هنر اسلامی تبریز
1396,هنر,420,125,منطقه 2,مهندسی صنایع,دانشگاه صنعتی شریف - تهران
1396,هنر,424,29,ایثارگر-5%,دندانپزشکی,دانشگاه علوم پزشکی زنجان
1396,هنر,426,127,منطقه 2,مهندسی عمران,دانشگاه علم و صنعت ایران - تهران
1396,هنر,434,251,منطقه 1,مهندسی معماری,دانشگاه هنر اصفهان
1396,هنر,455,134,منطقه 2,صنایع دستی,دانشگاه الزهرا(س) - تهران
1396,هنر,458,135,منطقه 2,سینما,دانشگاه غیرانتفاعی سوره - تهران
1396,هنر,466,34,ایثارگر-5%,طراحی لباس,دانشگاه الزهرا(س) - تهران
1396,هنر,469,35,ایثارگر-5%,طراحی صنعتی,دانشگاه علم و صنعت ایران - تهران
1396,هنر,476,139,منطقه 2,سینما,دانشگاه غیرانتفاعی سوره - تهران
1396,هنر,489,141,منطقه 2,نقاشی,دانشگاه الزهرا(س) - تهران
1396,هنر,498,143,منطقه 2,مهندسی مواد و متالورژی,دانشگاه صنعتی شریف - تهران
1396,هنر,503,146,منطقه 2,تلویزیون و هنرهای دیجیتالی,دانشگاه صدا و سیمای جمهوری اسلامی ایران
1396,هنر,512,295,منطقه 1,طراحی صنعتی,دانشگاه الزهرا(س) - تهران
1396,هنر,516,152,منطقه 2,طراحی پارچه,دانشگاه هنر تهران
1396,هنر,518,153,منطقه 2,مجسمه سازی,دانشگاه تهران
1396,هنر,523,155,منطقه 2,صنایع دستی,دانشگاه هنر تهران
1396,هنر,528,159,منطقه 2,طراحی صنعتی,دانشگاه هنر اصفهان
1396,هنر,533,162,منطقه 2,صنایع دستی,دانشگاه الزهرا(س) - تهران
1396,هنر,556,22,منطقه 3,مهندسی برق,دانشگاه صنعتی شریف - تهران
1396,هنر,576,175,منطقه 2,طراحی صنعتی,دانشگاه هنر اصفهان
1396,هنر,579,26,منطقه 3,نوازندگی موسیقی ایرانی,دانشگاه هنر (محل تحصیل پردیس کرج)
1396,هنر,616,185,منطقه 2,سینما,دانشگاه غیرانتفاعی سوره - تهران
1396,هنر,630,189,منطقه 2,کارگردانی تلویزیون,دانشگاه صدا و سیمای جمهوری اسلامی ایران
1396,هنر,631,190,منطقه 2,نوازندگی موسیقی ایرانی,دانشگاه تهران
1396,هنر,647,198,منطقه 2,نقاشی,دانشگاه گیلان - رشت
1396,هنر,655,203,منطقه 2,نقاشی,دانشگاه الزهرا(س) - تهران
1396,هنر,659,32,منطقه 3,طراحی صنعتی,دانشگاه هنر تهران
1396,هنر,686,212,منطقه 2,تلویزیون و هنرهای دیجیتالی,دانشگاه صدا و سیمای جمهوری اسلامی ایران
1396,هنر,689,214,منطقه 2,فرش,دانشگاه هنر تهران
1396,هنر,695,216,منطقه 2,علوم کامپیوتر,دانشگاه صنعتی شریف - تهران
1396,هنر,704,219,منطقه 2,سینما,دانشگاه غیرانتفاعی سوره - تهران
1396,هنر,707,37,منطقه 3,سینما,دانشگاه غیرانتفاعی سوره - تهران
1396,هنر,708,38,منطقه 3,نوازندگی موسیقی ایرانی,دانشگاه تهران
1396,هنر,720,225,منطقه 2,نوازندگی موسیقی ایرانی,دانشگاه هنر (محل تحصیل پردیس کرج)
1396,هنر,723,226,منطقه 2,نوازندگی موسیقی ایرانی,دانشگاه هنر (محل تحصیل پردیس کرج)
1396,هنر,732,231,منطقه 2,طراحی صنعتی,دانشگاه هنر اصفهان
1396,هنر,745,235,منطقه 2,مهندسی برق,دانشگاه تهران
1396,هنر,749,42,منطقه 3,پزشکی - نیمسال دوم,دانشگاه علوم پزشکی مشهد
1396,هنر,766,243,منطقه 2,پرستاری,دانشگاه علوم پزشکی رفسنجان
1396,هنر,772,247,منطقه 2,مترجمی زبان انگلیسی,دانشگاه علامه طباطبایی - تهران
1396,هنر,778,249,منطقه 2,طراحی صنعتی,دانشگاه الزهرا(س) - تهران
1396,هنر,782,250,منطقه 2,مهندسی پزشکی,دانشگاه صنعتی امیرکبیر - تهران
1396,هنر,811,262,منطقه 2,مهندسی کامپیوتر,دانشگاه خوارزمی - تهران (محل تحصیل کرج)
1396,هنر,831,47,منطقه 3,طراحی پارچه,دانشگاه هنر تهران
1396,هنر,838,50,منطقه 3,مهندسی کامپیوتر,دانشگاه صنعتی امیرکبیر - تهران
1396,هنر,838,55,ایثارگر-5%,پزشکی,دانشگاه علوم پزشکی بقیه الله
1396,هنر,851,271,منطقه 2,عکاسی,دانشگاه هنر اصفهان
1396,هنر,856,54,منطقه 3,طراحی صنعتی,دانشگاه هنر تهران
1396,هنر,863,56,منطقه 3,طراحی صحنه,دانشگاه تهران
1396,هنر,865,275,منطقه 2,نقاشی,دانشگاه الزهرا(س) - تهران
1396,هنر,870,276,منطقه 2,کارگردانی تلویزیون,دانشگاه صدا و سیمای جمهوری اسلامی ایران
1396,هنر,879,280,منطقه 2,طراحی لباس,دانشگاه غیرانتفاعی علم و فرهنگ - تهران
1396,هنر,879,280,منطقه 2,مهندسی کامپیوتر,دانشگاه صنعتی امیرکبیر - تهران
1396,هنر,900,63,ایثارگر-5%,پزشکی,دانشگاه علوم پزشکی گلستان - گرگان
1396,هنر,910,293,منطقه 2,مهندسی مواد و متالورژی,دانشگاه صنعتی امیرکبیر - تهران
1396,هنر,914,18,ایثارگر-25%,نقاشی,دانشگاه تهران
1396,هنر,917,62,منطقه 3,مهندسی مواد و متالورژی,دانشگاه صنعتی همدان
1396,هنر,919,294,منطقه 2,تلویزیون و هنرهای دیجیتالی,دانشگاه دامغان
1396,هنر,923,296,منطقه 2,مهندسی معماری,دانشگاه علم و صنعت ایران - تهران
1396,هنر,924,297,منطقه 2,پزشکی,دانشگاه علوم پزشکی ایران
1396,هنر,932,298,منطقه 2,طراحی لباس,دانشکده فنی وحرفه ای دختران تهران (دکتر شریعتی)
1396,هنر,948,68,ایثارگر-5%,مهندسی نفت,دانشگاه تهران
1396,هنر,984,69,منطقه 3,مهندسی برق,دانشگاه تهران
1396,هنر,1018,74,منطقه 3,سینما,دانشگاه غیرانتفاعی سوره - تهران
1396,هنر,1019,75,منطقه 3,مهندسی بهداشت محیط,دانشگاه علوم پزشکی شیراز
1396,هنر,1128,84,منطقه 3,طراحی صحنه,دانشگاه تهران
1396,هنر,1171,84,ایثارگر-5%,مهندسی بهداشت محیط,دانشگاه علوم پزشکی سبزوار
1396,هنر,1209,22,ایثارگر-25%,پزشکی,دانشگاه علوم پزشکی تهران
1396,هنر,1238,90,ایثارگر-5%,کارگردانی تلویزیون,دانشگاه صدا و سیمای جمهوری اسلامی ایران
1396,هنر,1256,92,ایثارگر-5%,دندانپزشکی,دانشگاه علوم پزشکی تهران
1396,هنر,1264,95,ایثارگر-5%,مهندسی عمران,دانشگاه تهران
1396,هنر,1292,97,ایثارگر-5%,طراحی پارچه,دانشگاه هنر تهران
1396,هنر,1295,102,منطقه 3,نوازندگی موسیقی ایرانی,دانشگاه تهران
1396,هنر,1317,98,ایثارگر-5%,گفتاردرمانی,دانشگاه علوم پزشکی بابل
1396,هنر,1328,106,منطقه 3,آموزش ابتدایی - بومی خراسان جنوبی,پردیس امام سجاد - بیرجند
1396,هنر,1375,112,منطقه 3,مهندسی صنایع,دانشگاه صنعتی بیرجند
1396,هنر,1405,116,منطقه 3,علوم و مهندسی صنایع غذایی (کشاورزی),دانشگاه پیام نور کرمان - مرکز کرمان
1396,هنر,1458,115,ایثارگر-5%,مهندسی برق,دانشگاه علم و صنعت ایران - تهران
1396,هنر,1465,117,ایثارگر-5%,علوم کامپیوتر,دانشگاه تهران
1396,هنر,1492,126,منطقه 3,پزشکی,دانشگاه علوم پزشکی بیرجند
1396,هنر,1509,129,منطقه 3,مدیریت مالی,دانشگاه یزد
1396,هنر,1531,122,ایثارگر-5%,تلویزیون و هنرهای دیجیتالی,دانشگاه صدا و سیمای جمهوری اسلامی ایران
1396,هنر,1537,135,منطقه 3,مهندسی برق,دانشگاه علم و صنعت ایران - تهران
1396,هنر,1557,138,منطقه 3,دکترای پیوسته فیزیک,مرکز تحصیلات تکمیلی در علوم پایه زنجان
1396,هنر,1557,138,منطقه 3,مهندسی بهداشت محیط,دانشگاه علوم پزشکی کرمان
1396,هنر,1576,141,منطقه 3,پزشکی - نیمسال دوم,دانشگاه علوم پزشکی مشهد
1396,هنر,1586,143,منطقه 3,مهندسی مکانیک,دانشگاه ولی عصر(عج) - رفسنجان
1396,هنر,1596,125,ایثارگر-5%,مهندسی کامپیوتر,دانشگاه خوارزمی - تهران (محل تحصیل کرج)
1396,هنر,1632,149,منطقه 3,سینما,دانشگاه غیرانتفاعی سوره - تهران
1396,هنر,1636,128,ایثارگر-5%,حسابداری,دانشگاه اصفهان
1396,هنر,1645,150,منطقه 3,دامپزشکی,دانشگاه شیراز
1396,هنر,1661,152,منطقه 3,آموزش زبان و ادبیات فارسی - بومی آذربایجان شرقی,پردیس شهیدرجایی قزوین(محل تحصیل پردیس علامه طباطبایی اردبیل)
1396,هنر,1688,131,ایثارگر-5%,مهندسی مواد و متالورژی,دانشگاه صنعتی اصفهان
1396,هنر,1726,160,منطقه 3,آموزش ابتدایی - بومی خراسان شمالی,پردیس امام جعفر صادق - بجنورد
1396,هنر,1744,164,منطقه 3,مهندسی مواد و متالورژی,دانشگاه صنعتی ارومیه
1396,هنر,1813,175,منطقه 3,پرستاری,دانشگاه علوم پزشکی تربت حیدریه
1396,هنر,1827,177,منطقه 3,مهندسی شهرسازی - نیمسال اول,دانشگاه هنر اسلامی تبریز
1396,هنر,1833,140,ایثارگر-5%,مهندسی کامپیوتر,دانشگاه صنعتی امیرکبیر - تهران
1396,هنر,1839,178,منطقه 3,پزشکی - نیمسال دوم,دانشگاه علوم پزشکی شیراز
1396,هنر,1842,142,ایثارگر-5%,مهندسی کامپیوتر,دانشگاه قم
1396,هنر,1876,145,ایثارگر-5%,علوم تغذیه,دانشگاه علوم پزشکی زابل
1396,هنر,1898,186,منطقه 3,طراحی صنعتی,دانشگاه علم و صنعت ایران - تهران
1396,هنر,1901,187,منطقه 3,مهندسی نفت,دانشگاه شیراز
1396,هنر,1906,189,منطقه 3,پزشکی,دانشگاه علوم پزشکی رفسنجان
1396,هنر,1908,191,منطقه 3,نقاشی,دانشگاه الزهرا(س) - تهران
1396,هنر,1928,151,ایثارگر-5%,نقاشی,دانشگاه غیرانتفاعی سوره - تهران
1396,هنر,1940,194,منطقه 3,علوم سیاسی,دانشگاه اصفهان
1396,هنر,1952,197,منطقه 3,گفتاردرمانی,دانشگاه علوم بهزیستی و توانبخشی تهران(رشته های گروه پزشکی)
1396,هنر,1981,156,ایثارگر-5%,هنر اسلامی,دانشگاه شهید باهنر - کرمان
1396,هنر,1984,200,منطقه 3,آموزش ریاضی - بومی استان یزد,پردیس خواجه نصیرالدین طوسی - کرمان
1396,هنر,1986,201,منطقه 3,بهداشت عمومی,دانشگاه علوم پزشکی تبریز
1396,هنر,1996,204,منطقه 3,عکاسی,دانشگاه هنر تهران
1396,هنر,2009,157,ایثارگر-5%,مهندسی شیمی,دانشگاه صنعتی شریف - تهران
1396,هنر,2017,208,منطقه 3,طراحی پارچه,دانشگاه الزهرا(س) - تهران
1396,هنر,2067,161,ایثارگر-5%,علوم آزمایشگاهی,دانشگاه علوم پزشکی مازندران - ساری
1396,هنر,2094,221,منطقه 3,مهندسی مواد و متالورژی,دانشگاه تهران
1396,هنر,2115,223,منطقه 3,علوم آزمایشگاهی,دانشگاه علوم پزشکی کرمان
1396,هنر,2126,164,ایثارگر-5%,تلویزیون و هنرهای دیجیتالی,دانشگاه صدا و سیمای جمهوری اسلامی ایران
1396,هنر,2155,229,منطقه 3,پرستاری - نیمسال اول,دانشگاه علوم پزشکی سبزوار
1396,هنر,2174,168,ایثارگر-5%,تکنولوژی پرتوشناسی,دانشگاه علوم پزشکی سبزوار
1396,هنر,2197,235,منطقه 3,آموزش ریاضی - بومی استان کرمان,پردیس شهید باهنر - کرمان
1396,هنر,2205,239,منطقه 3,طراحی صنعتی,دانشگاه هنر اصفهان
1396,هنر,2218,241,منطقه 3,مهندسی عمران,دانشگاه فردوسی - مشهد
1396,هنر,2218,241,منطقه 3,مهندسی هوا فضا,دانشگاه صنعتی امیرکبیر - تهران
1396,هنر,2224,172,ایثارگر-5%,مهندسی صنایع,دانشگاه فردوسی - مشهد
1396,هنر,2236,176,ایثارگر-5%,مهندسی کامپیوتر,دانشگاه صنعتی خواجه نصیرالدین طوسی - تهران
1396,هنر,2249,245,منطقه 3,ریاضیات و کاربردها,دانشگاه هرمزگان - بندرعباس
1396,هنر,2308,251,منطقه 3,بهداشت عمومی,دانشکده علوم پزشکی خلخال
1396,هنر,2316,180,ایثارگر-5%,مترجمی زبان آلمانی,دانشگاه تهران
1396,هنر,2321,182,ایثارگر-5%,مهندسی معماری,دانشگاه شیراز
1396,هنر,2334,184,ایثارگر-5%,مهندسی کامپیوتر,دانشگاه یزد
1396,هنر,2349,257,منطقه 3,مرمت بناهای تاریخی,دانشگاه هنر اصفهان
1396,هنر,2366,262,منطقه 3,هوشبری,دانشگاه علوم پزشکی ارومیه
1396,هنر,2415,190,ایثارگر-5%,علوم و صنایع غذایی,دانشگاه علوم پزشکی کرمانشاه
1396,هنر,2441,193,ایثارگر-5%,مهندسی معماری - بومی گلستان,دانشگاه تربیت دبیر شهید رجایی_تهران
1396,هنر,2490,282,منطقه 3,فیزیک مهندسی,دانشگاه شهید باهنر - کرمان
1396,هنر,2511,195,ایثارگر-5%,مهندسی انرژی,دانشگاه صنعتی امیرکبیر - تهران
1396,هنر,2549,199,ایثارگر-5%,مهندسی عمران,دانشگاه صنعتی شریف - تهران
1396,هنر,2565,292,منطقه 3,مهندسی کامپیوتر - بومی خوزستان,دانشگاه تربیت دبیر شهید رجایی_تهران
1396,هنر,2573,294,منطقه 3,زیست شناسی,دانشگاه بیرجند
1396,هنر,2584,296,منطقه 3,مهندسی عمران,دانشگاه گیلان - رشت
1396,هنر,2678,211,ایثارگر-5%,مهندسی مکانیک,دانشگاه بجنورد
1396,هنر,2702,215,ایثارگر-5%,مهندسی معماری,دانشگاه شیراز
1396,هنر,2918,229,ایثارگر-5%,آموزش ریاضی - بومی استان یزد,پردیس شهید باهنر - کرمان
1396,هنر,3153,247,ایثارگر-5%,پرستاری - نیمسال اول,دانشگاه علوم پزشکی شاهرود
1396,هنر,3227,256,ایثارگر-5%,مهندسی شیمی,دانشگاه صنعتی شریف - تهران
1396,هنر,3293,260,ایثارگر-5%,مهندسی معماری - بومی استان یزد,دانشگاه تربیت دبیر شهید رجایی_تهران
1396,هنر,3326,263,ایثارگر-5%,مهندسی معماری,دانشکده فنی ومهندسی گرمسار
1396,هنر,3344,264,ایثارگر-5%,شیمی - کاربردی,دانشگاه تبریز
1396,هنر,3420,268,ایثارگر-5%,دندانپزشکی,دانشگاه علوم پزشکی کاشان
1396,هنر,3487,276,ایثارگر-5%,ریاضیات و کاربردها,دانشگاه صنعتی شریف - تهران
1396,هنر,3571,287,ایثارگر-5%,زیست فناوری,دانشگاه یزد
1396,هنر,3582,289,ایثارگر-5%,مهندسی مکانیک,دانشگاه صنعتی امیرکبیر - تهران
1396,هنر,3656,298,ایثارگر-5%,طراحی صنعتی,دانشگاه هنر اصفهان
1396,زبان,1,1,منطقه 1,پزشکی,دانشگاه علوم پزشکی تهران
1396,زبان,2,2,منطقه 1,مهندسی برق,دانشگاه صنعتی شریف - تهران
1396,زبان,3,3,منطقه 1,پزشکی,دانشگاه علوم پزشکی تهران
1396,زبان,4,1,منطقه 2,پزشکی,دانشگاه علوم پزشکی تهران
1396,زبان,5,2,منطقه 2,پزشکی,دانشگاه علوم پزشکی تهران
1396,زبان,6,3,منطقه 2,پزشکی,دانشگاه علوم پزشکی تهران
1396,زبان,8,4,منطقه 1,پزشکی,دانشگاه علوم پزشکی تهران
1396,زبان,10,1,ایثارگر-5%,پزشکی - نیمسال دوم,دانشگاه علوم پزشکی شهید بهشتی - تهران
1396,زبان,11,5,منطقه 2,مهندسی برق,دانشگاه تهران
1396,زبان,15,7,منطقه 2,مهندسی کامپیوتر,دانشگاه صنعتی شریف - تهران
1396,زبان,17,1,منطقه 3,پزشکی - نیمسال دوم,دانشگاه علوم پزشکی شیراز
1396,زبان,18,2,منطقه 3,مهندسی کامپیوتر,دانشگاه صنعتی شریف - تهران
1396,زبان,19,3,منطقه 3,مهندسی صنایع,دانشگاه صنعتی شریف - تهران
1396,زبان,23,8,منطقه 2,مهندسی کامپیوتر,دانشگاه صنعتی امیرکبیر - تهران
1396,زبان,26,9,منطقه 2,پزشکی,دانشگاه علوم پزشکی تهران
1396,زبان,27,10,منطقه 2,پزشکی,دانشگاه علوم پزشکی تهران
1396,زبان,28,14,منطقه 1,زبان و ادبیات انگلیسی,دانشگاه شیراز
1396,زبان,30,16,منطقه 1,پزشکی - نیمسال اول,دانشگاه علوم پزشکی اصفهان
1396,زبان,32,11,منطقه 2,پزشکی,دانشگاه علوم پزشکی تهران
1396,زبان,33,18,منطقه 1,پزشکی,دانشگاه علوم پزشکی تهران
1396,زبان,34,19,منطقه 1,پزشکی,دانشگاه علوم پزشکی تهران
1396,زبان,35,20,منطقه 1,مهندسی برق,دانشگاه صنعتی شریف - تهران
1396,زبان,38,22,منطقه 1,پزشکی,دانشگاه علوم پزشکی تهران
1396,زبان,40,14,منطقه 2,پزشکی - نیمسال اول,دانشگاه علوم پزشکی مشهد
1396,زبان,44,15,منطقه 2,پزشکی,دانشگاه علوم پزشکی تهران
1396,زبان,45,26,منطقه 1,مهندسی کامپیوتر,دانشگاه صنعتی شریف - تهران
1396,زبان,46,16,منطقه 2,مهندسی صنایع,دانشگاه صنعتی شریف - تهران
1396,زبان,49,17,منطقه 2,پزشکی,دانشگاه علوم پزشکی ایران
1396,زبان,51,30,منطقه 1,پزشکی - نیمسال دوم,دانشگاه علوم پزشکی شهید بهشتی - تهران
1396,زبان,52,31,منطقه 1,زبان و ادبیات انگلیسی,دانشگاه اصفهان
1396,زبان,54,18,منطقه 2,زبان و ادبیات فرانسه,دانشگاه تهران
1396,زبان,57,20,منطقه 2,مهندسی انرژی,دانشگاه صنعتی امیرکبیر - تهران
1396,زبان,58,33,منطقه 1,مهندسی کامپیوتر,دانشگاه صنعتی شریف - تهران
1396,زبان,59,34,منطقه 1,زبان و ادبیات انگلیسی,دانشگاه تهران
1396,زبان,61,3,ایثارگر-5%,پزشکی,دانشگاه علوم پزشکی تهران
1396,زبان,62,21,منطقه 2,پزشکی,دانشگاه علوم پزشکی تهران
1396,زبان,63,5,منطقه 3,پزشکی,دانشگاه علوم پزشکی تهران
1396,زبان,65,36,منطقه 1,مهندسی کامپیوتر,دانشگاه علم و صنعت ایران - تهران
1396,زبان,66,6,منطقه 3,پزشکی,دانشگاه علوم پزشکی ایران
1396,زبان,68,37,منطقه 1,پزشکی - نیمسال دوم,دانشگاه علوم پزشکی شهید بهشتی - تهران
1396,زبان,69,38,منطقه 1,مهندسی کامپیوتر,دانشگاه صنعتی شریف - تهران
1396,زبان,70,39,منطقه 1,مهندسی پزشکی,دانشگاه صنعتی امیرکبیر - تهران
1396,زبان,71,40,منطقه 1,پزشکی - نیسال اول,دانشگاه علوم پزشکی تبریز
1396,زبان,74,43,منطقه 1,دندانپزشکی - نیمسال اول,دانشگاه علوم پزشکی شهید بهشتی - تهران
1396,زبان,76,45,منطقه 1,مهندسی برق,دانشگاه تهران
1396,زبان,77,46,منطقه 1,مهندسی مکانیک,دانشگاه صنعتی شریف - تهران
1396,زبان,79,48,منطقه 1,مهندسی مکانیک,دانشگاه صنعتی شریف - تهران
1396,زبان,83,23,منطقه 2,مهندسی کامپیوتر,دانشگاه صنعتی شریف - تهران
1396,زبان,85,25,منطقه 2,پزشکی,دانشگاه علوم پزشکی ایران
1396,زبان,87,53,منطقه 1,زبان و ادبیات انگلیسی,دانشگاه تهران
1396,زبان,88,54,منطقه 1,مهندسی کامپیوتر,دانشگاه صنعتی اصفهان
1396,زبان,91,56,منطقه 1,پزشکی - نیسال اول,دانشگاه علوم پزشکی تبریز
1396,زبان,93,27,منطقه 2,پزشکی,دانشگاه علوم پزشکی تهران
1396,زبان,94,58,منطقه 1,پزشکی - نیمسال اول,دانشگاه علوم پزشکی شهید بهشتی - تهران
1396,زبان,95,28,منطقه 2,پزشکی - نیمسال دوم,دانشگاه علوم پزشکی شهید بهشتی - تهران
1396,زبان,100,61,منطقه 1,دندانپزشکی,دانشگاه علوم پزشکی کاشان
1396,زبان,101,7,منطقه 3,پزشکی,دانشگاه علوم پزشکی بابل
1396,زبان,103,30,منطقه 2,مهندسی برق,دانشگاه صنعتی شریف - تهران
1396,زبان,109,67,منطقه 1,پزشکی - نیسال اول,دانشگاه علوم پزشکی تبریز
1396,زبان,109,67,منطقه 1,پزشکی - نیمسال دوم,دانشگاه علوم پزشکی مشهد
1396,زبان,112,70,منطقه 1,پزشکی - نیمسال اول,دانشگاه علوم پزشکی تبریز - پردیس خودگردان
1396,زبان,114,6,ایثارگر-5%,مهندسی شیمی,دانشگاه تهران
1396,زبان,117,7,ایثارگر-5%,مهندسی مکانیک,دانشگاه تهران
1396,زبان,117,7,ایثارگر-5%,پزشکی,دانشگاه علوم پزشکی ایران
1396,زبان,119,9,ایثارگر-5%,مهندسی برق,دانشگاه صنعتی شریف - تهران
1396,زبان,121,33,منطقه 2,پزشکی,دانشگاه علوم پزشکی ایران
1396,زبان,122,34,منطقه 2,داروسازی,دانشگاه علوم پزشکی مازندران - ساری
1396,زبان,124,73,منطقه 1,مهندسی عمران,دانشگاه صنعتی امیرکبیر - تهران
1396,زبان,125,35,منطقه 2,پزشکی,دانشگاه علوم پزشکی تهران
1396,زبان,126,74,منطقه 1,مهندسی برق,دانشگاه صنعتی شریف - تهران
1396,زبان,127,10,ایثارگر-5%,پزشکی,دانشگاه علوم پزشکی تهران
1396,زبان,128,75,منطقه 1,مهندسی برق,دانشگاه صنعتی شریف - تهران
1396,زبان,130,9,منطقه 3,دندانپزشکی,دانشگاه علوم پزشکی جندی شاپور اهواز
1396,زبان,133,77,منطقه 1,پزشکی - نیمسال اول,دانشگاه علوم پزشکی شیراز
1396,زبان,134,78,منطقه 1,مهندسی برق,دانشگاه صنعتی شریف - تهران
1396,زبان,136,10,منطقه 3,مامایی,دانشگاه علوم پزشکی تهران
1396,زبان,140,39,منطقه 2,پزشکی,دانشگاه علوم پزشکی بابل
1396,زبان,140,39,منطقه 2,پزشکی,دانشگاه علوم پزشکی تهران
1396,زبان,142,41,منطقه 2,دندانپزشکی - نیمسال دوم,دانشگاه علوم پزشکی شهید بهشتی - تهران
1396,زبان,143,42,منطقه 2,مهندسی کامپیوتر,دانشگاه صنعتی شریف - تهران
1396,زبان,143,81,منطقه 1,پزشکی - نیمسال اول,دانشگاه علوم پزشکی البرز - کرج
1396,زبان,145,43,منطقه 2,روانشناسی,دانشگاه تهران
1396,زبان,149,84,منطقه 1,پزشکی,دانشگاه علوم پزشکی تهران
1396,زبان,151,44,منطقه 2,پزشکی,دانشگاه علوم پزشکی تهران
1396,زبان,153,45,منطقه 2,مهندسی برق,دانشگاه صنعتی شریف - تهران
1396,زبان,154,11,منطقه 3,پزشکی - نیمسال دوم,دانشگاه علوم پزشکی شهید بهشتی - تهران
1396,زبان,156,87,منطقه 1,مهندسی صنایع,دانشگاه صنعتی شریف - تهران
1396,زبان,157,88,منطقه 1,مهندسی شیمی,دانشگاه صنعتی شریف - تهران
1396,زبان,161,46,منطقه 2,پزشکی - نیمسال اول,دانشگاه علوم پزشکی همدان
1396,زبان,165,48,منطقه 2,پزشکی - نیمسال اول,دانشگاه علوم پزشکی شهید بهشتی - تهران
1396,زبان,167,2,ایثارگر-25%,مهندسی برق,دانشگاه صنعتی شریف - تهران
1396,زبان,168,94,منطقه 1,دندانپزشکی,دانشگاه علوم پزشکی یزد
1396,زبان,171,49,منطقه 2,مهندسی صنایع,دانشگاه صنعتی امیرکبیر - تهران
1396,زبان,173,96,منطقه 1,دندانپزشکی,دانشگاه علوم پزشکی قم
1396,زبان,174,97,منطقه 1,مهندسی کامپیوتر,دانشگاه تهران
1396,زبان,175,50,منطقه 2,پزشکی - نیمسال دوم,دانشگاه علوم پزشکی شهید بهشتی - تهران
1396,زبان,176,51,منطقه 2,داروسازی,دانشگاه علوم پزشکی تهران
1396,زبان,177,98,منطقه 1,پزشکی,دانشگاه علوم پزشکی تهران
1396,زبان,179,15,ایثارگر-5%,پزشکی - نیمسال دوم,دانشگاه علوم پزشکی گیلان - رشت
1396,زبان,180,16,ایثارگر-5%,علوم کامپیوتر,دانشگاه تهران
1396,زبان,181,100,منطقه 1,مهندسی برق,دانشگاه صنعتی شریف - تهران
1396,زبان,182,101,منطقه 1,مهندسی کامپیوتر,دانشگاه صنعتی شریف - تهران
1396,زبان,183,102,منطقه 1,مهندسی نفت,دانشگاه صنعتی شریف - تهران
1396,زبان,186,13,منطقه 3,پزشکی,دانشگاه علوم پزشکی بابل
1396,زبان,188,105,منطقه 1,مهندسی برق,دانشگاه صنعتی شریف - تهران
1396,زبان,190,53,منطقه 2,مهندسی کامپیوتر,دانشگاه تهران
1396,زبان,195,111,منطقه 1,مهندسی برق,دانشگاه صنعتی شریف - تهران
1396,زبان,196,54,منطقه 2,پزشکی,دانشگاه علوم پزشکی تهران
1396,زبان,197,17,ایثارگر-5%,مهندسی مکانیک,دانشگاه صنعتی شریف - تهران
1396,زبان,198,55,منطقه 2,مهندسی کامپیوتر,دانشگاه شهید بهشتی - تهران
1396,زبان,199,56,منطقه 2,پزشکی - نیمسال اول,دانشگاه علوم پزشکی اراک
1396,زبان,202,57,منطقه 2,دندانپزشکی,دانشگاه علوم پزشکی اصفهان
1396,زبان,205,59,منطقه 2,مهندسی کامپیوتر,دانشگاه تهران
1396,زبان,205,59,منطقه 2,مهندسی کامپیوتر,دانشگاه صنعتی امیرکبیر - تهران - پردیس خودگردان
1396,زبان,205,59,منطقه 2,پزشکی - نیمسال دوم,دانشگاه علوم پزشکی اصفهان
1396,زبان,208,62,منطقه 2,پزشکی,دانشگاه علوم پزشکی تهران
1396,زبان,211,64,منطقه 2,مهندسی مکانیک,دانشگاه صنعتی شریف - تهران
1396,زبان,214,115,منطقه 1,مهندسی برق,دانشگاه صنعتی شریف - تهران
1396,زبان,219,68,منطقه 2,پزشکی,دانشگاه علوم پزشکی یزد
1396,زبان,219,68,منطقه 2,پزشکی - نیمسال اول,دانشگاه علوم پزشکی جندی شاپور اهواز
1396,زبان,221,20,ایثارگر-5%,پزشکی - نیمسال دوم,دانشگاه علوم پزشکی همدان
1396,زبان,233,126,منطقه 1,مهندسی مکانیک,دانشگاه تهران
1396,زبان,234,21,ایثارگر-5%,پزشکی - نیمسال اول,دانشگاه علوم پزشکی جندی شاپور اهواز
1396,زبان,240,129,منطقه 1,پزشکی - نیمسال اول,دانشگاه علوم پزشکی اصفهان
1396,زبان,242,72,منطقه 2,پزشکی,دانشگاه علوم پزشکی رفسنجان
1396,زبان,243,16,منطقه 3,آموزش زبان انگلیسی,دانشگاه شهید بهشتی - تهران
1396,زبان,244,130,منطقه 1,مهندسی کامپیوتر,دانشگاه تهران
1396,زبان,247,73,منطقه 2,پزشکی,دانشگاه علوم پزشکی تهران
1396,زبان,251,75,منطقه 2,پزشکی - نیمسال اول,دانشگاه علوم پزشکی شاهرود
1396,زبان,252,17,منطقه 3,پزشکی,دانشگاه علوم پزشکی یاسوج
1396,زبان,253,135,منطقه 1,پزشکی - نیمسال دوم,دانشگاه علوم پزشکی گیلان - رشت
1396,زبان,259,141,منطقه 1,روانشناسی,دانشگاه تهران
1396,زبان,260,18,منطقه 3,پزشکی,دانشگاه علوم پزشکی ایران
1396,زبان,261,19,منطقه 3,پزشکی - نیمسال اول,دانشگاه علوم پزشکی کرمان
1396,زبان,263,23,ایثارگر-5%,پزشکی,دانشگاه علوم پزشکی تهران
1396,زبان,263,76,منطقه 2,پزشکی - نیسال اول,دانشگاه علوم پزشکی تبریز
1396,زبان,265,24,ایثارگر-5%,پزشکی - نیمسال اول,دانشگاه علوم پزشکی شیراز
1396,زبان,265,143,منطقه 1,پزشکی - نیمسال اول,دانشگاه علوم پزشکی اصفهان
1396,زبان,268,145,منطقه 1,مهندسی کامپیوتر,دانشگاه صنعتی شریف - تهران
1396,زبان,272,78,منطقه 2,پزشکی,دانشگاه علوم پزشکی بابل
1396,زبان,274,147,منطقه 1,پزشکی - نیمسال اول,دانشگاه علوم پزشکی مشهد
1396,زبان,275,5,ایثارگر-25%,پزشکی,دانشگاه علوم پزشکی تهران
1396,زبان,280,80,منطقه 2,زبان و ادبیات فرانسه,دانشگاه تهران
1396,زبان,282,81,منطقه 2,عکاسی,دانشگاه تهران
1396,زبان,283,82,منطقه 2,آموزش زبان انگلیسی,دانشگاه شهید بهشتی - تهران
1396,زبان,283,151,منطقه 1,پزشکی - نیمسال دوم,دانشگاه علوم پزشکی جهرم
1396,زبان,285,83,منطقه 2,پزشکی - نیمسال اول,دانشگاه علوم پزشکی همدان
1396,زبان,287,26,ایثارگر-5%,پزشکی - نیسال اول,دانشگاه علوم پزشکی تبریز
1396,زبان,290,84,منطقه 2,مهندسی عمران,دانشگاه صنعتی شریف - تهران
1396,زبان,292,85,منطقه 2,مهندسی کامپیوتر,دانشگاه صنعتی امیرکبیر - تهران
1396,زبان,298,86,منطقه 2,پزشکی - نیمسال اول,دانشگاه علوم پزشکی البرز - کرج
1396,زبان,300,88,منطقه 2,مهندسی کامپیوتر,دانشگاه شهید بهشتی - تهران
1396,زبان,305,28,ایثارگر-5%,دندانپزشکی - بومی خوزستان,دانشگاه علوم پزشکی جندی شاپور اهواز
1396,زبان,306,92,منطقه 2,دندانپزشکی,دانشگاه علوم پزشکی همدان
1396,زبان,308,94,منطقه 2,پزشکی - نیمسال اول,دانشگاه علوم پزشکی شهید بهشتی - تهران
1396,زبان,310,95,منطقه 2,پزشکی,دانشگاه علوم پزشکی تهران
1396,زبان,310,161,منطقه 1,مهندسی مکانیک,دانشگاه صنعتی شریف - تهران
1396,زبان,313,23,منطقه 3,مهندسی معماری,دانشگاه تهران
1396,زبان,313,96,منطقه 2,پزشکی - نیمسال اول,دانشگاه علوم پزشکی شهید بهشتی - تهران
1396,زبان,315,29,ایثارگر-5%,مهندسی برق,دانشگاه صنعتی شریف - تهران
1396,زبان,316,30,ایثارگر-5%,روانشناسی,دانشگاه شیراز
1396,زبان,317,6,ایثارگر-25%,پزشکی - نیمسال اول,دانشگاه علوم پزشکی شیراز
1396,زبان,319,97,منطقه 2,پزشکی,دانشگاه علوم پزشکی فسا
1396,زبان,321,98,منطقه 2,مهندسی برق,دانشگاه صنعتی شریف - تهران
1396,زبان,324,165,منطقه 1,پزشکی - نیمسال دوم,دانشگاه علوم پزشکی اصفهان
1396,زبان,326,99,منطقه 2,روانشناسی,دانشگاه تهران
1396,زبان,331,102,منطقه 2,مهندسی برق,دانشگاه صنعتی شریف - تهران
1396,زبان,332,103,منطقه 2,پزشکی - نیمسال اول,دانشگاه علوم پزشکی گیلان - رشت
1396,زبان,333,104,منطقه 2,داروسازی,دانشگاه علوم پزشکی یزد
1396,زبان,335,24,منطقه 3,حقوق,دانشگاه تهران
1396,زبان,338,105,منطقه 2,مهندسی برق,دانشگاه صنعتی همدان
1396,زبان,339,106,منطقه 2,پزشکی,دانشگاه علوم پزشکی کرمانشاه
1396,زبان,341,25,منطقه 3,زبان و ادبیات انگلیسی,دانشگاه علامه طباطبایی - تهران
1396,زبان,345,8,ایثارگر-25%,مهندسی کامپیوتر,دانشگاه صنعتی شریف - تهران
1396,زبان,347,108,منطقه 2,زیست فناوری,دانشگاه تهران
1396,زبان,347,108,منطقه 2,پزشکی - نیمسال دوم,دانشگاه علوم پزشکی خراسان شمالی - بجنورد
1396,زبان,349,26,منطقه 3,مهندسی کامپیوتر,دانشگاه تهران
1396,زبان,350,176,منطقه 1,مهندسی کامپیوتر,دانشگاه صنعتی شریف - تهران
1396,زبان,351,177,منطقه 1,مهندسی صنایع,دانشگاه صنعتی خواجه نصیرالدین طوسی - تهران
1396,زبان,351,177,منطقه 1,پزشکی - نیمسال اول,دانشگاه علوم پزشکی شیراز
1396,زبان,353,110,منطقه 2,پزشکی,دانشگاه علوم پزشکی تهران
1396,زبان,355,111,منطقه 2,پزشکی,دانشگاه علوم پزشکی تهران
1396,زبان,356,112,منطقه 2,آموزش زبان انگلیسی,دانشگاه شهید بهشتی - تهران
1396,زبان,359,181,منطقه 1,علوم کامپیوتر,دانشگاه صنعتی شریف - تهران
1396,زبان,366,28,منطقه 3,مهندسی برق,دانشگاه علم و صنعت ایران - تهران
1396,زبان,373,116,منطقه 2,پزشکی - نیمسال دوم,دانشگاه علوم پزشکی شیراز
1396,زبان,373,190,منطقه 1,پزشکی - نیمسال دوم,دانشگاه علوم پزشکی شهیدبهشتی تهران - پردیس خودگردان
1396,زبان,377,192,منطقه 1,پزشکی - نیمسال اول,دانشگاه علوم پزشکی مشهد
1396,زبان,378,29,منطقه 3,مهندسی کامپیوتر,دانشگاه تهران
1396,زبان,384,197,منطقه 1,پزشکی - نیمسال اول,دانشگاه علوم پزشکی شیراز
1396,زبان,386,30,منطقه 3,پزشکی,دانشگاه علوم پزشکی ایلام
1396,زبان,388,119,منطقه 2,پزشکی - نیمسال دوم,دانشگاه علوم پزشکی شهید بهشتی - تهران
1396,زبان,390,121,منطقه 2,پزشکی - نیمسال اول,دانشگاه علوم پزشکی مشهد
1396,زبان,395,203,منطقه 1,مهندسی پزشکی,دانشگاه تهران
1396,زبان,400,122,منطقه 2,مهندسی کامپیوتر,دانشگاه صنعتی امیرکبیر - تهران
1396,زبان,401,32,منطقه 3,دندانپزشکی,دانشگاه علوم پزشکی قزوین
1396,زبان,403,123,منطقه 2,پزشکی - نیمسال اول,دانشگاه علوم پزشکی شهید بهشتی - تهران
1396,زبان,406,208,منطقه 1,پزشکی,دانشگاه علوم پزشکی تهران
1396,زبان,409,125,منطقه 2,پزشکی,دانشگاه علوم پزشکی تهران
1396,زبان,410,126,منطقه 2,مهندسی عمران,دانشگاه صنعتی امیرکبیر - تهران
1396,زبان,411,127,منطقه 2,دندانپزشکی,دانشگاه علوم پزشکی تهران
1396,زبان,413,128,منطقه 2,هوشبری,دانشگاه علوم پزشکی تهران
1396,زبان,414,210,منطقه 1,پزشکی - نیمسال اول,دانشگاه علوم پزشکی شیراز
1396,زبان,420,130,منطقه 2,مترجمی زبان انگلیسی,دانشگاه علامه طباطبایی - تهران
1396,زبان,420,130,منطقه 2,پزشکی,دانشگاه علوم پزشکی جندی شاپور - اهواز - پردیس خودگردان
1396,زبان,422,132,منطقه 2,پزشکی,دانشگاه علوم پزشکی تهران
1396,زبان,424,133,منطقه 2,پزشکی,دانشگاه علوم پزشکی ایران
1396,زبان,426,215,منطقه 1,زبان و ادبیات انگلیسی,دانشگاه اصفهان
1396,زبان,429,135,منطقه 2,پزشکی,دانشگاه علوم پزشکی یزد
1396,زبان,430,217,منطقه 1,پزشکی - نیمسال دوم,دانشگاه علوم پزشکی اصفهان
1396,زبان,431,136,منطقه 2,داروسازی,دانشگاه علوم پزشکی تهران
1396,زبان,431,136,منطقه 2,پزشکی,دانشگاه علوم پزشکی تهران
1396,زبان,433,33,منطقه 3,زبان و ادبیات انگلیسی,دانشگاه علامه طباطبایی - تهران
1396,زبان,433,218,منطقه 1,مهندسی صنایع,دانشگاه صنعتی شریف - تهران
1396,زبان,436,138,منطقه 2,مهندسی مکانیک,دانشگاه صنعتی شریف - تهران
1396,زبان,436,220,منطقه 1,مهندسی عمران,دانشگاه صنعتی شریف - تهران
1396,زبان,436,220,منطقه 1,مهندسی کامپیوتر,دانشگاه فردوسی - مشهد
1396,زبان,439,139,منطقه 2,دندانپزشکی - نیمسال اول,دانشگاه علوم پزشکی شهید بهشتی - تهران
1396,زبان,441,140,منطقه 2,زبان و ادبیات انگلیسی,دانشگاه تهران
1396,زبان,441,222,منطقه 1,مهندسی صنایع,دانشگاه تهران
1396,زبان,445,224,منطقه 1,پزشکی - نیمسال اول,دانشگاه علوم پزشکی اصفهان
1396,زبان,448,34,منطقه 3,پزشکی - نیمسال اول,دانشگاه علوم پزشکی مشهد
1396,زبان,449,144,منطقه 2,پزشکی - نیمسال اول,دانشگاه علوم پزشکی مازندران - ساری
1396,زبان,451,35,منطقه 3,دندانپزشکی,دانشگاه علوم پزشکی تهران
1396,زبان,454,36,منطقه 3,داروسازی,دانشگاه علوم پزشکی اردبیل
1396,زبان,454,146,منطقه 2,پزشکی,دانشگاه علوم پزشکی تهران
1396,زبان,456,147,منطقه 2,پزشکی,دانشگاه علوم پزشکی رفسنجان
1396,زبان,459,37,ایثارگر-5%,پزشکی - نیمسال دوم,دانشگاه علوم پزشکی جندی شاپور اهواز
1396,زبان,462,231,منطقه 1,داروسازی,دانشگاه علوم پزشکی شهید بهشتی - تهران
1396,زبان,464,148,منطقه 2,دندانپزشکی - نیمسال اول,دانشگاه علوم پزشکی شهید بهشتی - تهران
1396,زبان,466,234,منطقه 1,مهندسی معماری,دانشگاه تهران
1396,زبان,467,149,منطقه 2,پزشکی,دانشکده علوم پزشکی آبادان
1396,زبان,470,237,منطقه 1,داروسازی,دانشگاه علوم پزشکی اصفهان - پردیس خودگردان
1396,زبان,470,237,منطقه 1,پزشکی - نیمسال دوم,دانشگاه علوم پزشکی مازندران - ساری
1396,زبان,473,150,منطقه 2,دندانپزشکی,دانشگاه علوم پزشکی شیراز
1396,زبان,474,240,منطقه 1,مهندسی عمران,دانشگاه صنعتی امیرکبیر - تهران
1396,زبان,476,241,منطقه 1,دندانپزشکی,دانشگاه علوم پزشکی شیراز
1396,زبان,477,151,منطقه 2,پزشکی - نیمسال دوم,دانشگاه علوم پزشکی شیراز
1396,زبان,479,153,منطقه 2,پزشکی - نیمسال دوم,دانشگاه علوم پزشکی جندی شاپور اهواز
1396,زبان,480,11,ایثارگر-25%,پزشکی,دانشگاه علوم پزشکی تهران
1396,زبان,480,242,منطقه 1,مهندسی برق,دانشگاه تهران
1396,زبان,482,154,منطقه 2,پزشکی,دانشگاه علوم پزشکی رفسنجان
1396,زبان,482,154,منطقه 2,پزشکی,دانشگاه علوم پزشکی زنجان
1396,زبان,484,39,ایثارگر-5%,مهندسی برق,دانشگاه تهران
1396,زبان,487,156,منطقه 2,پزشکی - نیمسال اول,دانشگاه علوم پزشکی کرمان
1396,زبان,487,245,منطقه 1,فیزیوتراپی,دانشگاه علوم پزشکی تهران
1396,زبان,490,247,منطقه 1,ریاضیات و کاربردها,دانشگاه صنعتی شریف - تهران
1396,زبان,493,249,منطقه 1,مهندسی مکانیک,دانشگاه صنعتی شریف - تهران
1396,زبان,495,159,منطقه 2,پزشکی,دانشگاه علوم پزشکی ایران
1396,زبان,498,251,منطقه 1,مهندسی برق,دانشگاه صنعتی شریف - تهران
1396,زبان,501,253,منطقه 1,پزشکی,دانشگاه علوم پزشکی ایران
1396,زبان,502,162,منطقه 2,دندانپزشکی,دانشگاه علوم پزشکی گیلان - رشت
1396,زبان,504,163,منطقه 2,مهندسی پزشکی,دانشگاه تهران
1396,زبان,505,164,منطقه 2,مهندسی برق,دانشگاه صنعتی خواجه نصیرالدین طوسی - تهران
1396,زبان,505,164,منطقه 2,پزشکی - بومی استان کرمان,دانشگاه علوم پزشکی رفسنجان
1396,زبان,508,255,منطقه 1,دندانپزشکی,دانشگاه علوم پزشکی مشهد
1396,زبان,514,39,منطقه 3,پزشکی,دانشگاه علوم پزشکی ایران
1396,زبان,516,168,منطقه 2,پزشکی,دانشگاه علوم پزشکی بوشهر
1396,زبان,517,169,منطقه 2,مهندسی مکانیک,دانشگاه تهران
1396,زبان,518,41,ایثارگر-5%,پزشکی - نیمسال اول,دانشگاه علوم پزشکی شیراز
1396,زبان,520,259,منطقه 1,پزشکی,دانشگاه علوم پزشکی بوشهر
1396,زبان,523,12,ایثارگر-25%,پزشکی,دانشگاه علوم پزشکی تهران
1396,زبان,523,43,ایثارگر-5%,پزشکی - نیمسال دوم,دانشگاه علوم پزشکی اصفهان
1396,زبان,525,171,منطقه 2,مهندسی برق,دانشگاه تهران
1396,زبان,530,42,منطقه 3,داروسازی,دانشگاه علوم پزشکی تهران
1396,زبان,530,44,ایثارگر-5%,پزشکی - نیمسال اول,دانشگاه علوم پزشکی شیراز
1396,زبان,532,261,منطقه 1,مهندسی برق,دانشگاه صنعتی شریف - تهران
1396,زبان,533,262,منطقه 1,دندانپزشکی - نیمسال اول,دانشگاه علوم پزشکی شهید بهشتی - تهران
1396,زبان,534,173,منطقه 2,پزشکی - نیمسال دوم,دانشگاه علوم پزشکی تبریز
1396,زبان,535,174,منطقه 2,پزشکی,دانشگاه علوم پزشکی بیرجند
1396,زبان,537,264,منطقه 1,مهندسی نفت,دانشگاه صنعتی شریف - تهران
1396,زبان,543,177,منطقه 2,داروسازی,دانشگاه علوم پزشکی تهران
1396,زبان,547,48,ایثارگر-5%,پزشکی - نیمسال دوم,دانشگاه علوم پزشکی زاهدان
1396,زبان,549,179,منطقه 2,پزشکی,دانشگاه علوم پزشکی بیرجند
1396,زبان,554,50,ایثارگر-5%,پزشکی - نیمسال اول,دانشگاه علوم پزشکی شهید بهشتی - تهران
1396,زبان,556,272,منطقه 1,مهندسی کامپیوتر,دانشگاه صنعتی خواجه نصیرالدین طوسی - تهران
1396,زبان,560,182,منطقه 2,زبان و ادبیات انگلیسی,دانشگاه تهران
1396,زبان,561,43,منطقه 3,مترجمی زبان انگلیسی,دانشگاه علامه طباطبایی - تهران
1396,زبان,562,51,ایثارگر-5%,زبان و ادبیات انگلیسی,دانشگاه علامه طباطبایی - تهران
1396,زبان,563,13,ایثارگر-25%,پزشکی - نیمسال اول,دانشگاه علوم پزشکی اصفهان
1396,زبان,565,183,منطقه 2,مهندسی معماری,دانشگاه تهران
1396,زبان,567,53,ایثارگر-5%,دندانپزشکی - نیمسال دوم,دانشگاه علوم پزشکی شهید بهشتی - تهران
1396,زبان,569,184,منطقه 2,مهندسی برق,دانشگاه تهران
1396,زبان,569,184,منطقه 2,مهندسی عمران,دانشگاه صنعتی شریف - تهران
1396,زبان,569,276,منطقه 1,حقوق,دانشگاه تهران
1396,زبان,572,55,ایثارگر-5%,دندانپزشکی,دانشگاه علوم پزشکی شیراز
1396,زبان,572,186,منطقه 2,پزشکی - نیمسال دوم,دانشگاه علوم پزشکی شهید بهشتی - تهران
1396,زبان,574,187,منطقه 2,پزشکی,دانشگاه علوم پزشکی ایران
1396,زبان,576,278,منطقه 1,مهندسی مکانیک,دانشگاه صنعتی امیرکبیر - تهران
1396,زبان,580,280,منطقه 1,پزشکی - نیمسال دوم,دانشگاه علوم پزشکی گیلان - رشت
1396,زبان,588,285,منطقه 1,مهندسی صنایع,دانشگاه صنعتی امیرکبیر - تهران
1396,زبان,594,45,منطقه 3,پزشکی - نیمسال دوم,دانشگاه علوم پزشکی تبریز
1396,زبان,595,288,منطقه 1,دندانپزشکی,دانشگاه علوم پزشکی زاهدان - پردیس خودگردان
1396,زبان,596,59,ایثارگر-5%,پزشکی,دانشگاه علوم پزشکی اصفهان - پردیس خودگردان
1396,زبان,599,291,منطقه 1,پزشکی - نیمسال اول,دانشگاه علوم پزشکی شیراز
1396,زبان,601,46,منطقه 3,پزشکی - نیمسال اول,دانشگاه علوم پزشکی شیراز
1396,زبان,601,292,منطقه 1,پزشکی - نیمسال اول,دانشگاه علوم پزشکی شیراز - پردیس خودگردان
1396,زبان,603,293,منطقه 1,زیست فناوری,دانشگاه الزهرا(س) - تهران
1396,زبان,608,194,منطقه 2,پزشکی,دانشگاه علوم پزشکی تهران
1396,زبان,611,195,منطقه 2,داروسازی,دانشگاه علوم پزشکی شیراز
1396,زبان,615,196,منطقه 2,مهندسی مکانیک,دانشگاه تهران
1396,زبان,615,196,منطقه 2,مهندسی کامپیوتر,دانشگاه علم و صنعت ایران - تهران
1396,زبان,625,202,منطقه 2,پزشکی,دانشگاه علوم پزشکی ایران
1396,زبان,626,203,منطقه 2,پزشکی,دانشگاه علوم پزشکی ایران
1396,زبان,631,61,ایثارگر-5%,مهندسی برق,دانشگاه تهران
1396,زبان,632,62,ایثارگر-5%,مهندسی کامپیوتر,دانشگاه علم و صنعت ایران - تهران
1396,زبان,632,205,منطقه 2,پزشکی - نیمسال دوم,دانشگاه علوم پزشکی شهید بهشتی - تهران
1396,زبان,636,206,منطقه 2,آموزش ابتدایی - بومی خراسان جنوبی,پردیس امام سجاد - بیرجند
1396,زبان,647,208,منطقه 2,مهندسی برق,دانشگاه صنعتی امیرکبیر - تهران
1396,زبان,653,209,منطقه 2,مهندسی معماری,دانشگاه علم و صنعت ایران - تهران
1396,زبان,654,210,منطقه 2,مهندسی برق,دانشگاه صنعتی شریف - تهران
1396,زبان,657,211,منطقه 2,پزشکی,دانشگاه علوم پزشکی ایران
1396,زبان,669,216,منطقه 2,دندانپزشکی,دانشگاه علوم پزشکی بوشهر
1396,زبان,670,49,منطقه 3,پزشکی - نیمسال دوم,دانشگاه علوم پزشکی شهید بهشتی - تهران
1396,زبان,674,50,منطقه 3,پزشکی - نیمسال اول,دانشگاه علوم پزشکی همدان
1396,زبان,678,217,منطقه 2,پزشکی,دانشگاه علوم پزشکی تهران
1396,زبان,682,219,منطقه 2,پزشکی,دانشگاه علوم پزشکی ایران
1396,زبان,684,68,ایثارگر-5%,پزشکی - نیمسال دوم,دانشگاه علوم پزشکی مشهد
1396,زبان,688,221,منطقه 2,مهندسی کامپیوتر,دانشگاه علم و صنعت ایران - تهران
1396,زبان,692,52,منطقه 3,پزشکی - نیمسال اول,دانشگاه علوم پزشکی مشهد
1396,زبان,694,53,منطقه 3,بینایی سنجی,دانشگاه علوم پزشکی ایران
1396,زبان,697,54,منطقه 3,مهندسی کامپیوتر,دانشگاه صنعتی امیرکبیر - تهران
1396,زبان,698,224,منطقه 2,پزشکی - نیمسال دوم,دانشگاه علوم پزشکی اصفهان
1396,زبان,701,226,منطقه 2,زبان و ادبیات انگلیسی,دانشگاه یزد
1396,زبان,701,226,منطقه 2,پزشکی,دانشگاه علوم پزشکی تهران
1396,زبان,706,228,منطقه 2,پزشکی - نیمسال اول,دانشگاه علوم پزشکی همدان
1396,زبان,716,56,منطقه 3,زبان و ادبیات انگلیسی,دانشگاه شیراز
1396,زبان,718,230,منطقه 2,دندانپزشکی,دانشگاه علوم پزشکی بندرعباس - پردیس خودگردان
1396,زبان,719,231,منطقه 2,زبان و ادبیات انگلیسی,دانشگاه ملایر
1396,زبان,721,232,منطقه 2,زبان و ادبیات انگلیسی,دانشگاه تبریز
1396,زبان,725,234,منطقه 2,پزشکی,دانشگاه علوم پزشکی بابل
1396,زبان,727,57,منطقه 3,آموزش زبان انگلیسی - بومی کردستان,پردیس شهید بهشتی - زنجان
1396,زبان,732,236,منطقه 2,آموزش زبان و ادبیات فارسی - بومی استان اصفهان,پردیس شهید باهنر - شهرکرد
1396,زبان,734,238,منطقه 2,مهندسی مکانیک,دانشگاه شهید بهشتی (شهیدعباسپور)
1396,زبان,751,242,منطقه 2,پزشکی - نیمسال دوم,دانشگاه علوم پزشکی شهید بهشتی - تهران
1396,زبان,759,244,منطقه 2,مترجمی زبان انگلیسی,دانشگاه علامه طباطبایی - تهران
1396,زبان,761,246,منطقه 2,پزشکی - نیمسال اول,دانشگاه علوم پزشکی شهید بهشتی - تهران
1396,زبان,762,247,منطقه 2,پزشکی - نیمسال اول,دانشگاه علوم پزشکی شیراز
1396,زبان,764,59,منطقه 3,دندانپزشکی,دانشگاه علوم پزشکی تهران
1396,زبان,764,248,منطقه 2,پزشکی,دانشگاه علوم پزشکی گلستان - گرگان
1396,زبان,774,249,منطقه 2,مدیریت دولتی,دانشگاه پیام نور کرمانشاه - مرکز کرمانشاه
1396,زبان,776,15,ایثارگر-25%,مهندسی کامپیوتر,دانشگاه صنعتی شریف - تهران
1396,زبان,777,250,منطقه 2,دندانپزشکی,دانشگاه علوم پزشکی کرمان
1396,زبان,782,252,منطقه 2,پزشکی - نیمسال اول,دانشگاه علوم پزشکی شهید بهشتی - تهران
1396,زبان,783,253,منطقه 2,مهندسی صنایع,دانشگاه صنعتی شریف - تهران
1396,زبان,785,254,منطقه 2,داروسازی,دانشگاه علوم پزشکی شیراز - پردیس خودگردان
1396,زبان,789,61,منطقه 3,زبان و ادبیات انگلیسی,دانشگاه تهران
1396,زبان,795,255,منطقه 2,پزشکی - نیمسال اول,دانشگاه علوم پزشکی شهید بهشتی - تهران
1396,زبان,799,64,منطقه 3,پزشکی - نیمسال دوم,دانشگاه علوم پزشکی تبریز
1396,زبان,804,256,منطقه 2,مهندسی صنایع,دانشگاه صنعتی شریف - تهران
1396,زبان,807,257,منطقه 2,پزشکی - نیسال اول,دانشگاه علوم پزشکی تبریز
1396,زبان,811,259,منطقه 2,فیزیک,دانشگاه صنعتی شریف - تهران
1396,زبان,813,260,منطقه 2,پزشکی - نیمسال اول,دانشگاه علوم پزشکی مشهد
1396,زبان,817,261,منطقه 2,آموزش زبان انگلیسی - بومی استان یزد,پردیس رسالت - زاهدان
1396,زبان,820,76,ایثارگر-5%,پزشکی - نیمسال دوم,دانشگاه علوم پزشکی تبریز
1396,زبان,831,65,منطقه 3,دندانپزشکی,دانشگاه علوم پزشکی اصفهان
1396,زبان,833,265,منطقه 2,مهندسی عمران,دانشگاه گیلان - رشت
1396,زبان,835,266,منطقه 2,مهندسی برق,دانشگاه صنعتی شریف - تهران
1396,زبان,838,268,منطقه 2,مهندسی کامپیوتر,دانشگاه صنعتی شریف - تهران
1396,زبان,842,269,منطقه 2,علوم کامپیوتر,دانشگاه صنعتی شریف - تهران
1396,زبان,846,270,منطقه 2,دندانپزشکی,دانشگاه علوم پزشکی اردبیل
1396,زبان,846,270,منطقه 2,مهندسی مکانیک,دانشگاه تهران
1396,زبان,849,272,منطقه 2,دندانپزشکی,دانشگاه علوم پزشکی تبریز
1396,زبان,852,67,منطقه 3,فیزیوتراپی,دانشگاه علوم پزشکی همدان
1396,زبان,861,68,منطقه 3,پزشکی - نیمسال اول,دانشگاه علوم پزشکی کرمان
1396,زبان,871,278,منطقه 2,پزشکی,دانشگاه علوم پزشکی بم
1396,زبان,874,279,منطقه 2,پزشکی,دانشگاه علوم پزشکی ایلام
1396,زبان,877,84,ایثارگر-5%,زبان و ادبیات انگلیسی,دانشگاه تهران
1396,زبان,877,280,منطقه 2,حسابداری,دانشگاه شیراز
1396,زبان,883,283,منطقه 2,مهندسی عمران,دانشگاه علم و صنعت ایران - تهران
1396,زبان,885,284,منطقه 2,آموزش زبان انگلیسی,دانشگاه شهید بهشتی - تهران
1396,زبان,889,286,منطقه 2,تکنولوژی پرتوشناسی,دانشگاه علوم پزشکی زنجان
1396,زبان,891,287,منطقه 2,علوم کامپیوتر,دانشگاه تهران
1396,زبان,892,288,منطقه 2,مهندسی شیمی,دانشگاه صنعتی شریف - تهران
1396,زبان,894,289,منطقه 2,دندانپزشکی,دانشگاه علوم پزشکی بیرجند
1396,زبان,903,85,ایثارگر-5%,حقوق,دانشگاه تهران
1396,زبان,909,87,ایثارگر-5%,آموزش زبان انگلیسی,دانشگاه شهید بهشتی - تهران
1396,زبان,912,69,منطقه 3,دامپزشکی,دانشگاه شیراز
1396,زبان,915,293,منطقه 2,دندانپزشکی - نیمسال دوم,دانشگاه علوم پزشکی شهید بهشتی - تهران
1396,زبان,920,294,منطقه 2,زبان و ادبیات انگلیسی,دانشگاه فردوسی - مشهد
1396,زبان,920,294,منطقه 2,پزشکی - نیمسال دوم,دانشگاه علوم پزشکی شیراز
1396,زبان,926,296,منطقه 2,پزشکی,دانشگاه علوم پزشکی ایران
1396,زبان,929,297,منطقه 2,پزشکی,دانشگاه علوم پزشکی زنجان - پردیس خودگردان
1396,زبان,930,298,منطقه 2,پزشکی,دانشگاه علوم پزشکی تهران
1396,زبان,932,300,منطقه 2,پزشکی - نیمسال دوم,دانشگاه علوم پزشکی شهید بهشتی - تهران
1396,زبان,969,91,ایثارگر-5%,روانشناسی,دانشگاه تهران
1396,زبان,1018,95,ایثارگر-5%,فیزیوتراپی,دانشگاه علوم پزشکی شیراز
1396,زبان,1022,76,منطقه 3,پزشکی - نیسال اول,دانشگاه علوم پزشکی تبریز
1396,زبان,1047,78,منطقه 3,پزشکی - نیمسال اول,دانشگاه علوم پزشکی شیراز
1396,زبان,1050,79,منطقه 3,پزشکی - نیمسال اول,دانشگاه علوم پزشکی مشهد
1396,زبان,1053,97,ایثارگر-5%,مامایی,دانشگاه علوم پزشکی تهران
1396,زبان,1054,80,منطقه 3,پزشکی,دانشگاه علوم پزشکی یزد
1396,زبان,1069,83,منطقه 3,دندانپزشکی,دانشگاه علوم پزشکی کرمان
1396,زبان,1078,84,منطقه 3,بینایی سنجی,دانشگاه علوم پزشکی شهید بهشتی - تهران
1396,زبان,1095,101,ایثارگر-5%,پزشکی,دانشگاه علوم پزشکی بیرجند
1396,زبان,1106,86,منطقه 3,زبان و ادبیات انگلیسی,دانشگاه خوارزمی - تهران (محل تحصیل کرج)
1396,زبان,1119,104,ایثارگر-5%,زبان و ادبیات انگلیسی,دانشگاه علامه طباطبایی - تهران
1396,زبان,1123,87,منطقه 3,پزشکی - نیمسال اول,دانشگاه علوم پزشکی مشهد
1396,زبان,1130,88,منطقه 3,علوم آزمایشگاهی - نیمسال اول,دانشگاه علوم پزشکی تبریز
1396,زبان,1130,105,ایثارگر-5%,پزشکی,دانشگاه علوم پزشکی بابل
1396,زبان,1141,106,ایثارگر-5%,مهندسی مکانیک,دانشگاه تهران
1396,زبان,1142,107,ایثارگر-5%,مهندسی نفت,دانشگاه صنعت نفت (محل تحصیل اهواز)
1396,زبان,1146,90,منطقه 3,دندانپزشکی,دانشگاه علوم پزشکی اراک
1396,زبان,1162,91,منطقه 3,پزشکی - نیمسال دوم,دانشگاه علوم پزشکی شاهرود
1396,زبان,1173,111,ایثارگر-5%,مهندسی پزشکی,دانشگاه تهران
1396,زبان,1206,117,ایثارگر-5%,پزشکی - نیمسال دوم,دانشگاه علوم پزشکی تبریز
1396,زبان,1217,94,منطقه 3,فیزیوتراپی,دانشگاه علوم بهزیستی و توانبخشی تهران(رشته های گروه پزشکی)
1396,زبان,1226,95,منطقه 3,پزشکی,دانشگاه علوم پزشکی کرمانشاه
1396,زبان,1233,118,ایثارگر-5%,پزشکی - نیمسال دوم,دانشگاه علوم پزشکی جهرم
1396,زبان,1245,96,منطقه 3,مهندسی برق,دانشگاه تهران
1396,زبان,1248,119,ایثارگر-5%,پرستاری,دانشگاه علوم پزشکی بابل
1396,زبان,1255,120,ایثارگر-5%,مهندسی مکانیک,دانشگاه صنعتی امیرکبیر - تهران
1396,زبان,1262,123,ایثارگر-5%,داروسازی,دانشگاه علوم پزشکی تهران
1396,زبان,1273,124,ایثارگر-5%,مهندسی پزشکی,دانشگاه تهران
1396,زبان,1280,99,منطقه 3,پزشکی,دانشگاه علوم پزشکی ایران
1396,زبان,1300,127,ایثارگر-5%,دندانپزشکی,دانشگاه علوم پزشکی جندی شاپور - اهواز - پردیس خودگردان
1396,زبان,1303,100,منطقه 3,روانشناسی,دانشگاه تهران
1396,زبان,1310,128,ایثارگر-5%,پزشکی,دانشگاه علوم پزشکی بابل
1396,زبان,1330,131,ایثارگر-5%,داروسازی,دانشگاه علوم پزشکی اردبیل
1396,زبان,1348,132,ایثارگر-5%,زبان و ادبیات انگلیسی,دانشگاه علامه طباطبایی - تهران
1396,زبان,1359,106,منطقه 3,پزشکی - نیمسال اول,دانشگاه علوم پزشکی همدان
1396,زبان,1363,108,منطقه 3,مهندسی برق,دانشگاه صنعتی شریف - تهران
1396,زبان,1368,109,منطقه 3,پزشکی - بومی خراسان شمالی,دانشگاه علوم پزشکی خراسان شمالی - بجنورد
1396,زبان,1370,136,ایثارگر-5%,داروسازی,دانشگاه علوم پزشکی اصفهان
1396,زبان,1373,110,منطقه 3,مهندسی معماری,دانشگاه شهید بهشتی - تهران
1396,زبان,1387,137,ایثارگر-5%,مهندسی مکانیک,دانشگاه تهران
1396,زبان,1388,112,منطقه 3,مهندسی برق,دانشگاه صنعتی شریف - تهران
1396,زبان,1393,113,منطقه 3,دندانپزشکی - بومی استان بوشهر,دانشگاه علوم پزشکی بوشهر
1396,زبان,1403,115,منطقه 3,پزشکی,دانشگاه علوم پزشکی گلستان - گرگان - پردیس خودگردان
1396,زبان,1423,142,ایثارگر-5%,پزشکی - نیمسال اول,دانشگاه علوم پزشکی کردستان - سنندج
1396,زبان,1430,117,منطقه 3,پزشکی,دانشگاه علوم پزشکی تهران
1396,زبان,1440,119,منطقه 3,پزشکی - نیمسال دوم,دانشگاه علوم پزشکی همدان
1396,زبان,1443,120,منطقه 3,پزشکی,دانشگاه علوم پزشکی گیلان - رشت (محل تحصیل بندرانزلی) - پردیس خودگردان
1396,زبان,1445,121,منطقه 3,پزشکی,دانشگاه علوم پزشکی بوشهر
1396,زبان,1477,124,منطقه 3,پزشکی - نیمسال دوم,دانشگاه علوم پزشکی شیراز
1396,زبان,1480,125,منطقه 3,آموزش زبان انگلیسی,دانشگاه شهید بهشتی - تهران
1396,زبان,1487,126,منطقه 3,پزشکی - نیمسال دوم,دانشگاه علوم پزشکی شهید بهشتی - تهران
1396,زبان,1506,127,منطقه 3,مهندسی برق,دانشگاه صنعتی امیرکبیر - تهران
1396,زبان,1510,128,منطقه 3,مهندسی عمران,دانشگاه تبریز
1396,زبان,1514,147,ایثارگر-5%,دندانپزشکی,دانشگاه علوم پزشکی یزد
1396,زبان,1518,129,منطقه 3,پزشکی - نیمسال اول,دانشگاه علوم پزشکی مشهد
1396,زبان,1530,130,منطقه 3,حقوق,دانشگاه تهران
1396,زبان,1536,151,ایثارگر-5%,زبان و ادبیات انگلیسی,دانشگاه علامه طباطبایی - تهران
1396,زبان,1547,152,ایثارگر-5%,دندانپزشکی,دانشگاه علوم پزشکی بابل
1396,زبان,1551,132,منطقه 3,پزشکی,دانشگاه علوم پزشکی کرمانشاه - پردیس خودگردان
1396,زبان,1559,133,منطقه 3,پزشکی,دانشگاه علوم پزشکی کرمانشاه
1396,زبان,1564,134,منطقه 3,هوشبری,دانشگاه علوم پزشکی کرمان
1396,زبان,1587,157,ایثارگر-5%,مهندسی کامپیوتر,دانشگاه صنعتی امیرکبیر - تهران
1396,زبان,1600,158,ایثارگر-5%,مهندسی پزشکی,دانشگاه تهران
1396,زبان,1654,137,منطقه 3,حقوق,دانشگاه الزهرا(س) - تهران
1396,زبان,1658,165,ایثارگر-5%,مهندسی کامپیوتر,دانشگاه قم
1396,زبان,1668,140,منطقه 3,پزشکی - نیمسال دوم,دانشگاه علوم پزشکی مشهد
1396,زبان,1680,142,منطقه 3,مهندسی عمران,دانشگاه تهران
1396,زبان,1688,144,منطقه 3,پزشکی,دانشگاه علوم پزشکی تهران
1396,زبان,1704,36,ایثارگر-25%,حقوق,دانشگاه تهران
1396,زبان,1738,170,ایثارگر-5%,مهندسی معماری,دانشگاه تهران
1396,زبان,1767,172,ایثارگر-5%,مهندسی کامپیوتر,دانشگاه شهید بهشتی - تهران
1396,زبان,1789,153,منطقه 3,زبان و ادبیات انگلیسی,دانشگاه فردوسی - مشهد
1396,زبان,1797,176,ایثارگر-5%,مهندسی مواد و متالورژی,دانشگاه صنعتی شریف - تهران
1396,زبان,1828,156,منطقه 3,پزشکی - نیمسال دوم,دانشگاه علوم پزشکی تبریز
1396,زبان,1853,157,منطقه 3,آموزش زبان انگلیسی,دانشگاه شهید بهشتی - تهران
1396,زبان,1853,157,منطقه 3,زبان و ادبیات فرانسه,دانشگاه تهران
1396,زبان,1873,159,منطقه 3,کارشناسی ارشد پیوسته علوم قضایی,دانشگاه علوم قضایی و خدمات ادارای دادگستری
1396,زبان,1876,161,منطقه 3,پزشکی - نیمسال دوم,دانشگاه علوم پزشکی مازندران - ساری
1396,زبان,1880,162,منطقه 3,پزشکی - بومی خراسان جنوبی,دانشگاه علوم پزشکی بیرجند
1396,زبان,1889,163,منطقه 3,آموزش زبان انگلیسی - بومی خراسان رضوی,پردیس دکتر شریعتی - ساری
1396,زبان,1899,182,ایثارگر-5%,دندانپزشکی,دانشگاه علوم پزشکی کاشان
1396,زبان,1905,165,منطقه 3,پزشکی,دانشگاه علوم پزشکی بوشهر
1396,زبان,1920,168,منطقه 3,پزشکی,دانشگاه علوم پزشکی کردستان - سنندج
1396,زبان,1924,169,منطقه 3,دندانپزشکی - بومی مناطق زلزله زده آذربایجان شرقی,دانشگاه علوم پزشکی تبریز
1396,زبان,1943,172,منطقه 3,پزشکی - نیمسال دوم,دانشگاه علوم پزشکی سبزوار
1396,زبان,1966,191,ایثارگر-5%,دندانپزشکی,دانشگاه علوم پزشکی بیرجند
1396,زبان,2006,174,منطقه 3,مهندسی کامپیوتر,دانشگاه شهید بهشتی - تهران
1396,زبان,2012,176,منطقه 3,مهندسی کامپیوتر,دانشگاه صنعتی شریف - تهران
1396,زبان,2028,179,منطقه 3,مترجمی زبان انگلیسی,دانشگاه علامه طباطبایی - تهران
1396,زبان,2032,202,ایثارگر-5%,پرستاری - نیمسال اول,دانشگاه علوم پزشکی لرستان - خرم آباد
1396,زبان,2042,180,منطقه 3,علوم تغذیه,دانشکده علوم پزشکی شوشتر
1396,زبان,2057,203,ایثارگر-5%,مامایی,دانشگاه علوم پزشکی اصفهان
1396,زبان,2063,182,منطقه 3,پزشکی - نیمسال دوم,دانشگاه علوم پزشکی زاهدان
1396,زبان,2069,184,منطقه 3,فیزیوتراپی,دانشگاه علوم پزشکی تبریز
1396,زبان,2088,205,ایثارگر-5%,فیزیوتراپی,دانشگاه علوم پزشکی تهران
1396,زبان,2121,189,منطقه 3,آموزش زبان انگلیسی - بومی آذربایجان غربی,پردیس فاطمه الزهرا (س) - زنجان
1396,زبان,2123,190,منطقه 3,علوم سیاسی,دانشگاه شهید بهشتی - تهران
1396,زبان,2123,190,منطقه 3,پرستاری - نیمسال اول,دانشگاه علوم پزشکی تبریز
1396,زبان,2134,192,منطقه 3,علوم کامپیوتر,دانشگاه خوارزمی - تهران (محل تحصیل کرج)
1396,زبان,2147,194,منطقه 3,پزشکی,دانشگاه علوم پزشکی ایران
1396,زبان,2175,210,ایثارگر-5%,داروسازی,دانشگاه علوم پزشکی شیراز
1396,زبان,2175,210,ایثارگر-5%,پزشکی - نیمسال دوم,دانشگاه علوم پزشکی تبریز
1396,زبان,2193,196,منطقه 3,پزشکی - نیمسال اول,دانشگاه علوم پزشکی کرمان
1396,زبان,2196,213,ایثارگر-5%,آموزش ابتدایی - بومی خراسان رضوی,پردیس شهید هاشمی نژاد - مشهد
1396,زبان,2208,215,ایثارگر-5%,روانشناسی,دانشگاه اصفهان
1396,زبان,2216,198,منطقه 3,روانشناسی,دانشگاه پیام نور گلستان - مرکز گنبد کاووس
1396,زبان,2216,216,ایثارگر-5%,پزشکی - نیمسال اول,دانشگاه علوم پزشکی شیراز
1396,زبان,2219,199,منطقه 3,آموزش زبان انگلیسی - بومی استان اردبیل,پردیس شهید بهشتی - زنجان
1396,زبان,2222,200,منطقه 3,زبان و ادبیات انگلیسی,دانشگاه الزهرا(س) - تهران
1396,زبان,2226,201,منطقه 3,داروسازی,دانشگاه علوم پزشکی تهران
1396,زبان,2230,202,منطقه 3,آموزش ابتدایی - بومی مازندران,پردیس فاطمه الزهرا(س) ساری
1396,زبان,2244,203,منطقه 3,مهندسی برق,دانشگاه تهران
1396,زبان,2247,204,منطقه 3,پزشکی - نیمسال دوم,دانشگاه علوم پزشکی مشهد
1396,زبان,2254,206,منطقه 3,پزشکی - نیمسال اول,دانشگاه علوم پزشکی مشهد
1396,زبان,2254,218,ایثارگر-5%,مترجمی زبان انگلیسی,دانشگاه علامه طباطبایی - تهران
1396,زبان,2274,219,ایثارگر-5%,پزشکی,دانشگاه علوم پزشکی کاشان
1396,زبان,2291,209,منطقه 3,شیمی - کاربردی,دانشگاه تهران
1396,زبان,2291,220,ایثارگر-5%,آموزش ابتدایی - بومی مازندران,پردیس فاطمه الزهرا(س) ساری
1396,زبان,2311,224,ایثارگر-5%,روانشناسی,دانشگاه خوارزمی - تهران (محل تحصیل کرج)
1396,زبان,2317,213,منطقه 3,پزشکی - نیمسال دوم,دانشگاه علوم پزشکی همدان
1396,زبان,2332,214,منطقه 3,پزشکی - بومی کردستان,دانشگاه علوم پزشکی کردستان - سنندج
1396,زبان,2341,216,منطقه 3,پزشکی - نیمسال اول,دانشگاه علوم پزشکی جندی شاپور اهواز
1396,زبان,2367,218,منطقه 3,مترجمی زبان انگلیسی,دانشگاه اصفهان
1396,زبان,2419,222,منطقه 3,طراحی صنعتی,دانشگاه علم و صنعت ایران - تهران
1396,زبان,2433,233,ایثارگر-5%,مهندسی هوا فضا,دانشگاه صنعتی شریف - تهران
1396,زبان,2442,224,منطقه 3,پزشکی,دانشگاه علوم پزشکی دزفول
1396,زبان,2457,227,منطقه 3,پزشکی - نیمسال اول,دانشگاه علوم پزشکی ارومیه
1396,زبان,2467,229,منطقه 3,زبان و ادبیات انگلیسی,دانشگاه تبریز
1396,زبان,2510,241,ایثارگر-5%,علوم تغذیه,دانشگاه علوم پزشکی شیراز
1396,زبان,2514,233,منطقه 3,پزشکی - بومی استان کرمان,دانشگاه علوم پزشکی جیرفت
1396,زبان,2536,235,منطقه 3,مهندسی کامپیوتر,دانشگاه شهید بهشتی - تهران
1396,زبان,2540,236,منطقه 3,پزشکی,دانشگاه علوم پزشکی بیرجند
1396,زبان,2574,240,منطقه 3,پزشکی - نیمسال دوم,دانشگاه علوم پزشکی مشهد
1396,زبان,2605,245,منطقه 3,پزشکی,دانشگاه علوم پزشکی گناباد
1396,زبان,2623,247,منطقه 3,پزشکی - نیمسال اول,دانشگاه علوم پزشکی شیراز
1396,زبان,2630,248,منطقه 3,پزشکی - نیمسال دوم,دانشگاه علوم پزشکی مشهد
1396,زبان,2637,250,منطقه 3,آموزش ریاضی - بومی استان یزد,پردیس شهید باهنر - کرمان
1396,زبان,2645,251,منطقه 3,دندانپزشکی,دانشگاه علوم پزشکی کرمانشاه
1396,زبان,2663,260,ایثارگر-5%,مهندسی برق,دانشگاه صنعتی امیرکبیر - تهران
1396,زبان,2663,260,ایثارگر-5%,پزشکی - نیمسال اول,دانشگاه علوم پزشکی کرمان
1396,زبان,2672,262,ایثارگر-5%,مهندسی شیمی,دانشگاه علم و صنعت ایران - تهران
1396,زبان,2721,265,ایثارگر-5%,مهندسی معماری,دانشگاه شهید بهشتی - تهران
1396,زبان,2724,257,منطقه 3,زبان و ادبیات انگلیسی,دانشگاه فردوسی - مشهد
1396,زبان,2731,259,منطقه 3,پزشکی,دانشگاه علوم پزشکی خراسان شمالی - بجنورد
1396,زبان,2747,260,منطقه 3,دندانپزشکی - بومی خوزستان,دانشگاه علوم پزشکی جندی شاپور اهواز
1396,زبان,2747,267,ایثارگر-5%,مترجمی زبان انگلیسی,دانشگاه اصفهان
1396,زبان,2752,268,ایثارگر-5%,مهندسی کامپیوتر,دانشگاه فردوسی - مشهد
1396,زبان,2766,264,منطقه 3,مهندسی پزشکی,دانشگاه صنعتی امیرکبیر - تهران
1396,زبان,2782,271,ایثارگر-5%,آمار,دانشگاه شهید بهشتی - تهران
1396,زبان,2793,269,منطقه 3,پزشکی - نیمسال دوم,دانشگاه علوم پزشکی تبریز - پردیس خودگردان
1396,زبان,2797,270,منطقه 3,مترجمی زبان انگلیسی,دانشگاه علامه طباطبایی - تهران
1396,زبان,2815,271,منطقه 3,پرستاری - نیمسال اول,دانشگاه علوم پزشکی قزوین
1396,زبان,2823,272,منطقه 3,آموزش زبان و ادبیات فارسی - بومی خراسان شمالی,پردیس زینبیه - پیشوا (ورامین)
1396,زبان,2823,275,ایثارگر-5%,آموزش ابتدایی - بومی کردستان,پردیس شهید مدرس - سنندج
1396,زبان,2845,274,منطقه 3,مهندسی مکانیک,دانشگاه صنعتی سهند - تبریز
1396,زبان,2845,274,منطقه 3,پزشکی - نیمسال اول,دانشگاه علوم پزشکی تبریز - پردیس خودگردان
1396,زبان,2851,278,ایثارگر-5%,پرستاری - نیمسال اول,دانشگاه علوم پزشکی ارومیه
1396,زبان,2858,276,منطقه 3,شنوایی شناسی,دانشگاه علوم پزشکی ایران
1396,زبان,2866,277,منطقه 3,مهندسی صنایع,دانشگاه صنعتی اصفهان
1396,زبان,2872,279,منطقه 3,علوم تغذیه,دانشگاه علوم پزشکی بوشهر
1396,زبان,2877,280,منطقه 3,پزشکی - بومی شهرستان های آبادان،خرمشهر،شادگان،اروندکنار,دانشکده علوم پزشکی آبادان
1396,زبان,2895,282,منطقه 3,پزشکی,دانشگاه علوم پزشکی گناباد
1396,زبان,2913,285,ایثارگر-5%,تکنولوژی پرتوشناسی,دانشگاه علوم پزشکی تبریز
1396,زبان,2921,283,منطقه 3,مهندسی شیمی,دانشگاه صنعتی امیرکبیر - تهران
1396,زبان,2927,285,منطقه 3,دندانپزشکی,دانشگاه علوم پزشکی تهران
1396,زبان,2940,286,منطقه 3,علوم قضایی,دانشگاه علوم قضایی و خدمات ادارای دادگستری
1396,زبان,2949,287,منطقه 3,دندانپزشکی,دانشگاه علوم پزشکی ارومیه
1396,زبان,2949,287,منطقه 3,مهندسی مکانیک,دانشگاه علم و صنعت ایران - تهران
1396,زبان,2949,288,ایثارگر-5%,پرستاری - نیمسال اول,دانشگاه علوم پزشکی سبزوار
1396,زبان,2957,289,منطقه 3,مهندسی عمران,دانشگاه صنعتی امیرکبیر - تهران
1396,زبان,2964,291,منطقه 3,مهندسی شیمی,دانشگاه صنعتی شریف - تهران
1396,زبان,2967,292,منطقه 3,مهندسی شیمی,دانشگاه صنعتی امیرکبیر - تهران
1396,زبان,2974,290,ایثارگر-5%,پزشکی - نیمسال دوم,دانشگاه علوم پزشکی شیراز
1396,زبان,2974,295,منطقه 3,پزشکی - نیمسال اول,دانشگاه علوم پزشکی جندی شاپور اهواز
1396,زبان,3016,297,منطقه 3,داروسازی,دانشگاه علوم پزشکی کرمانشاه
1396,زبان,3026,298,منطقه 3,مهندسی برق,دانشگاه صنعتی ارومیه
1396,زبان,3039,299,منطقه 3,دندانپزشکی,دانشگاه علوم پزشکی شیراز
1396,زبان,3039,299,منطقه 3,پزشکی - نیسال اول,دانشگاه علوم پزشکی تبریز
1396,زبان,3073,297,ایثارگر-5%,پزشکی,دانشگاه علوم پزشکی بابل - پردیس خودگردان
1396,زبان,3084,299,ایثارگر-5%,دامپزشکی,دانشگاه فردوسی - مشهد
1396,زبان,3084,299,ایثارگر-5%,مهندسی کامپیوتر,دانشگاه قم
1396,زبان,3915,75,ایثارگر-25%,روانشناسی,دانشگاه یزد

