سال,گروه آزمایشی,رتبه کشوری,رتبه در سهمیه,سهمیه,رشته قبولی,دانشگاه قبولی
1395,تجربی,1,1,منطقه 3,پزشکی,دانشگاه علوم پزشکی تهران
1395,تجربی,2,1,منطقه 2,پزشکی,دانشگاه علوم پزشکی تهران
1395,تجربی,3,1,منطقه 1,پزشکی,دانشگاه علوم پزشکی تهران
1395,تجربی,4,2,منطقه 2,پزشکی,دانشگاه علوم پزشکی تهران
1395,تجربی,5,3,منطقه 2,پزشکی,دانشگاه علوم پزشکی تهران
1395,تجربی,6,2,منطقه 1,پزشکی - نیمسال اول,دانشگاه علوم پزشکی اصفهان
1395,تجربی,7,3,منطقه 1,پزشکی,دانشگاه علوم پزشکی تهران
1395,تجربی,8,4,منطقه 1,پزشکی - نیمسال اول,دانشگاه علوم پزشکی اصفهان
1395,تجربی,10,4,منطقه 2,پزشکی,دانشگاه علوم پزشکی تهران
1395,تجربی,11,6,منطقه 1,پزشکی - نیمسال اول,دانشگاه علوم پزشکی اصفهان
1395,تجربی,12,2,منطقه 3,پزشکی - نیمسال اول,دانشگاه علوم پزشکی شیراز
1395,تجربی,13,5,منطقه 2,پزشکی,دانشگاه علوم پزشکی تهران
1395,تجربی,14,3,منطقه 3,پزشکی,دانشگاه علوم پزشکی تهران
1395,تجربی,15,7,منطقه 1,پزشکی - نیمسال اول,دانشگاه علوم پزشکی شیراز
1395,تجربی,16,6,منطقه 2,پزشکی,دانشگاه علوم پزشکی تهران
1395,تجربی,17,7,منطقه 2,پزشکی,دانشگاه علوم پزشکی تهران
1395,تجربی,18,8,منطقه 1,پزشکی,دانشگاه علوم پزشکی تهران
1395,تجربی,19,8,منطقه 2,پزشکی,دانشگاه علوم پزشکی تهران
1395,تجربی,20,9,منطقه 2,پزشکی,دانشگاه علوم پزشکی تهران
1395,تجربی,21,10,منطقه 2,پزشکی,دانشگاه علوم پزشکی تهران
1395,تجربی,22,11,منطقه 2,پزشکی,دانشگاه علوم پزشکی تهران
1395,تجربی,24,9,منطقه 1,پزشکی - نیمسال اول,دانشگاه علوم پزشکی اصفهان
1395,تجربی,25,13,منطقه 2,پزشکی,دانشگاه علوم پزشکی تهران
1395,تجربی,26,10,منطقه 1,پزشکی,دانشگاه علوم پزشکی تهران
1395,تجربی,27,14,منطقه 2,پزشکی,دانشگاه علوم پزشکی تهران
1395,تجربی,28,11,منطقه 1,پزشکی,دانشگاه علوم پزشکی تهران
1395,تجربی,29,1,ایثارگران,پزشکی,دانشگاه علوم پزشکی تهران
1395,تجربی,31,15,منطقه 2,پزشکی,دانشگاه علوم پزشکی تهران
1395,تجربی,32,13,منطقه 1,پزشکی - نیمسال اول,دانشگاه علوم پزشکی شیراز
1395,تجربی,33,16,منطقه 2,پزشکی,دانشگاه علوم پزشکی تهران
1395,تجربی,35,18,منطقه 2,پزشکی,دانشگاه علوم پزشکی تهران
1395,تجربی,37,20,منطقه 2,پزشکی,دانشگاه علوم پزشکی تهران
1395,تجربی,38,21,منطقه 2,پزشکی,دانشگاه علوم پزشکی تهران
1395,تجربی,39,14,منطقه 1,پزشکی,دانشگاه علوم پزشکی تهران
1395,تجربی,41,16,منطقه 1,دندانپزشکی,دانشگاه علوم پزشکی شیراز
1395,تجربی,43,17,منطقه 1,دندانپزشکی - نیمسال اول,دانشگاه علوم پزشکی شهید بهشتی - تهران
1395,تجربی,43,23,منطقه 2,پزشکی,دانشگاه علوم پزشکی تهران
1395,تجربی,45,24,منطقه 2,پزشکی,دانشگاه علوم پزشکی تهران
1395,تجربی,47,25,منطقه 2,پزشکی,دانشگاه علوم پزشکی تهران
1395,تجربی,48,26,منطقه 2,پزشکی - نیمسال اول,دانشگاه علوم پزشکی مشهد
1395,تجربی,49,19,منطقه 1,پزشکی - نیمسال اول,دانشگاه علوم پزشکی اصفهان
1395,تجربی,50,20,منطقه 1,پزشکی - نیمسال اول,دانشگاه علوم پزشکی مشهد
1395,تجربی,51,2,ایثارگران,پزشکی,دانشگاه علوم پزشکی تهران
1395,تجربی,52,27,منطقه 2,پزشکی,دانشگاه علوم پزشکی تهران
1395,تجربی,53,28,منطقه 2,پزشکی,دانشگاه علوم پزشکی تهران
1395,تجربی,54,29,منطقه 2,پزشکی,دانشگاه علوم پزشکی تهران
1395,تجربی,55,30,منطقه 2,پزشکی,دانشگاه علوم پزشکی تهران
1395,تجربی,57,22,منطقه 1,پزشکی - نیمسال اول,دانشگاه علوم پزشکی شیراز
1395,تجربی,59,31,منطقه 2,پزشکی - نیمسال اول,دانشگاه علوم پزشکی مشهد
1395,تجربی,60,32,منطقه 2,پزشکی,دانشگاه علوم پزشکی تهران
1395,تجربی,61,24,منطقه 1,پزشکی,دانشگاه علوم پزشکی تهران
1395,تجربی,62,33,منطقه 2,پزشکی,دانشگاه علوم پزشکی تهران
1395,تجربی,64,35,منطقه 2,پزشکی,دانشگاه علوم پزشکی تهران
1395,تجربی,65,4,منطقه 3,پزشکی,دانشگاه علوم پزشکی تهران
1395,تجربی,66,36,منطقه 2,دندانپزشکی - نیمسال اول,دانشگاه علوم پزشکی شهید بهشتی - تهران
1395,تجربی,67,25,منطقه 1,پزشکی,دانشگاه علوم پزشکی تهران
1395,تجربی,68,37,منطقه 2,پزشکی,دانشگاه علوم پزشکی تهران
1395,تجربی,69,26,منطقه 1,پزشکی - نیمسال اول,دانشگاه علوم پزشکی شیراز
1395,تجربی,70,38,منطقه 2,دندانپزشکی - نیمسال اول,دانشگاه علوم پزشکی شهید بهشتی - تهران
1395,تجربی,71,5,منطقه 3,پزشکی,دانشگاه علوم پزشکی تهران
1395,تجربی,73,39,منطقه 2,پزشکی,دانشگاه علوم پزشکی تهران
1395,تجربی,74,40,منطقه 2,پزشکی,دانشگاه علوم پزشکی تهران
1395,تجربی,75,7,منطقه 3,پزشکی,دانشگاه علوم پزشکی تهران
1395,تجربی,76,41,منطقه 2,پزشکی,دانشگاه علوم پزشکی تهران
1395,تجربی,77,42,منطقه 2,پزشکی,دانشگاه علوم پزشکی تهران
1395,تجربی,78,27,منطقه 1,پزشکی,دانشگاه علوم پزشکی تهران
1395,تجربی,79,28,منطقه 1,پزشکی,دانشگاه علوم پزشکی تهران
1395,تجربی,81,30,منطقه 1,دندانپزشکی,دانشگاه علوم پزشکی شیراز
1395,تجربی,82,43,منطقه 2,پزشکی - نیمسال اول,دانشگاه علوم پزشکی شهید بهشتی - تهران
1395,تجربی,84,8,منطقه 3,پزشکی - نیمسال اول,دانشگاه علوم پزشکی شهید بهشتی - تهران
1395,تجربی,85,9,منطقه 3,پزشکی - نیمسال اول,دانشگاه علوم پزشکی شهید بهشتی - تهران
1395,تجربی,85,44,منطقه 2,پزشکی,دانشگاه علوم پزشکی تهران
1395,تجربی,87,45,منطقه 2,پزشکی - نیمسال اول,دانشگاه علوم پزشکی مشهد
1395,تجربی,90,46,منطقه 2,پزشکی - نیمسال اول,دانشگاه علوم پزشکی شهید بهشتی - تهران
1395,تجربی,91,34,منطقه 1,پزشکی,دانشگاه علوم پزشکی تهران
1395,تجربی,92,47,منطقه 2,پزشکی,دانشگاه علوم پزشکی تهران
1395,تجربی,93,48,منطقه 2,پزشکی,دانشگاه علوم پزشکی تهران
1395,تجربی,94,49,منطقه 2,پزشکی - نیمسال اول,دانشگاه علوم پزشکی شهید بهشتی - تهران
1395,تجربی,95,50,منطقه 2,پزشکی,دانشگاه علوم پزشکی تهران
1395,تجربی,97,51,منطقه 2,پزشکی,دانشگاه علوم پزشکی تهران
1395,تجربی,98,52,منطقه 2,پزشکی - نیمسال اول,دانشگاه علوم پزشکی شهید بهشتی - تهران
1395,تجربی,99,53,منطقه 2,پزشکی - نیمسال اول,دانشگاه علوم پزشکی شهید بهشتی - تهران
1395,تجربی,100,36,منطقه 1,پزشکی - نیمسال اول,دانشگاه علوم پزشکی شیراز
1395,تجربی,101,37,منطقه 1,دندانپزشکی - نیمسال اول,دانشگاه علوم پزشکی شهید بهشتی - تهران
1395,تجربی,102,54,منطقه 2,پزشکی,دانشگاه علوم پزشکی تهران
1395,تجربی,103,55,منطقه 2,پزشکی - نیمسال اول,دانشگاه علوم پزشکی شهید بهشتی - تهران
1395,تجربی,104,38,منطقه 1,دندانپزشکی,دانشگاه علوم پزشکی اصفهان
1395,تجربی,105,56,منطقه 2,پزشکی,دانشگاه علوم پزشکی تهران
1395,تجربی,106,10,منطقه 3,پزشکی - نیمسال اول,دانشگاه علوم پزشکی شهید بهشتی - تهران
1395,تجربی,108,57,منطقه 2,پزشکی - نیمسال اول,دانشگاه علوم پزشکی شهید بهشتی - تهران
1395,تجربی,109,40,منطقه 1,پزشکی - نیمسال اول,دانشگاه علوم پزشکی شهید بهشتی - تهران
1395,تجربی,111,59,منطقه 2,پزشکی - نیمسال اول,دانشگاه علوم پزشکی شهید بهشتی - تهران
1395,تجربی,112,41,منطقه 1,پزشکی - نیمسال اول,دانشگاه علوم پزشکی اصفهان
1395,تجربی,114,61,منطقه 2,پزشکی - نیمسال اول,دانشگاه علوم پزشکی شهید بهشتی - تهران
1395,تجربی,116,63,منطقه 2,پزشکی,دانشگاه علوم پزشکی تهران
1395,تجربی,117,64,منطقه 2,پزشکی,دانشگاه علوم پزشکی تهران
1395,تجربی,119,11,منطقه 3,پزشکی - نیمسال اول,دانشگاه علوم پزشکی شهید بهشتی - تهران
1395,تجربی,120,65,منطقه 2,پزشکی,دانشگاه علوم پزشکی تهران
1395,تجربی,121,66,منطقه 2,پزشکی - نیمسال اول,دانشگاه علوم پزشکی گیلان - رشت
1395,تجربی,122,67,منطقه 2,پزشکی - نیمسال اول,دانشگاه علوم پزشکی شهید بهشتی - تهران
1395,تجربی,123,43,منطقه 1,پزشکی,دانشگاه علوم پزشکی تهران
1395,تجربی,125,44,منطقه 1,پزشکی - نیمسال اول,دانشگاه علوم پزشکی تبریز
1395,تجربی,125,68,منطقه 2,دندانپزشکی - نیمسال اول,دانشگاه علوم پزشکی شهید بهشتی - تهران
1395,تجربی,125,68,منطقه 2,پزشکی - نیمسال اول,دانشگاه علوم پزشکی شهید بهشتی - تهران
1395,تجربی,127,12,منطقه 3,دندانپزشکی - نیمسال اول,دانشگاه علوم پزشکی شهید بهشتی - تهران
1395,تجربی,128,70,منطقه 2,پزشکی - نیمسال دوم,دانشگاه علوم پزشکی شهید بهشتی - تهران
1395,تجربی,130,71,منطقه 2,پزشکی,دانشگاه علوم پزشکی تهران
1395,تجربی,130,71,منطقه 2,پزشکی - نیمسال دوم,دانشگاه علوم پزشکی شهید بهشتی - تهران
1395,تجربی,132,73,منطقه 2,پزشکی - نیمسال دوم,دانشگاه علوم پزشکی شهید بهشتی - تهران
1395,تجربی,133,74,منطقه 2,پزشکی,دانشگاه علوم پزشکی تهران
1395,تجربی,134,46,منطقه 1,پزشکی - نیمسال اول,دانشگاه علوم پزشکی شهید بهشتی - تهران
1395,تجربی,135,47,منطقه 1,پزشکی - نیمسال اول,دانشگاه علوم پزشکی تبریز
1395,تجربی,136,75,منطقه 2,پزشکی - نیمسال دوم,دانشگاه علوم پزشکی شهید بهشتی - تهران
1395,تجربی,137,76,منطقه 2,پزشکی,دانشگاه علوم پزشکی تهران
1395,تجربی,138,77,منطقه 2,پزشکی,دانشگاه علوم پزشکی تهران
1395,تجربی,139,78,منطقه 2,پزشکی - نیمسال دوم,دانشگاه علوم پزشکی شهید بهشتی - تهران
1395,تجربی,140,79,منطقه 2,پزشکی - نیمسال دوم,دانشگاه علوم پزشکی شهید بهشتی - تهران
1395,تجربی,141,48,منطقه 1,پزشکی - نیمسال اول,دانشگاه علوم پزشکی شیراز
1395,تجربی,142,13,منطقه 3,پزشکی,دانشگاه علوم پزشکی ایران
1395,تجربی,143,80,منطقه 2,پزشکی,دانشگاه علوم پزشکی بابل
1395,تجربی,144,14,منطقه 3,پزشکی - نیمسال دوم,دانشگاه علوم پزشکی شهید بهشتی - تهران
1395,تجربی,146,82,منطقه 2,پزشکی - نیمسال دوم,دانشگاه علوم پزشکی شهید بهشتی - تهران
1395,تجربی,148,83,منطقه 2,داروسازی,دانشگاه علوم پزشکی تهران
1395,تجربی,149,50,منطقه 1,دندانپزشکی,دانشگاه علوم پزشکی تبریز
1395,تجربی,149,50,منطقه 1,پزشکی,دانشگاه علوم پزشکی تهران
1395,تجربی,151,84,منطقه 2,پزشکی,دانشگاه علوم پزشکی تهران
1395,تجربی,154,85,منطقه 2,پزشکی,دانشگاه علوم پزشکی تهران
1395,تجربی,155,53,منطقه 1,دندانپزشکی,دانشگاه علوم پزشکی اصفهان
1395,تجربی,156,54,منطقه 1,پزشکی,دانشگاه علوم پزشکی تهران
1395,تجربی,157,55,منطقه 1,پزشکی - نیمسال اول,دانشگاه علوم پزشکی شیراز
1395,تجربی,159,86,منطقه 2,پزشکی - نیمسال دوم,دانشگاه علوم پزشکی شهید بهشتی - تهران
1395,تجربی,160,3,ایثارگران,پزشکی,دانشگاه علوم پزشکی تهران
1395,تجربی,161,87,منطقه 2,پزشکی,دانشگاه علوم پزشکی تهران
1395,تجربی,162,17,منطقه 3,دندانپزشکی,دانشگاه علوم پزشکی مشهد
1395,تجربی,162,56,منطقه 1,دندانپزشکی - نیمسال اول,دانشگاه علوم پزشکی شهید بهشتی - تهران
1395,تجربی,164,88,منطقه 2,پزشکی - نیمسال دوم,دانشگاه علوم پزشکی شهید بهشتی - تهران
1395,تجربی,165,18,منطقه 3,پزشکی - نیمسال دوم,دانشگاه علوم پزشکی شهید بهشتی - تهران
1395,تجربی,166,89,منطقه 2,پزشکی - نیمسال دوم,دانشگاه علوم پزشکی شهید بهشتی - تهران
1395,تجربی,167,57,منطقه 1,پزشکی - نیمسال اول,دانشگاه علوم پزشکی تبریز
1395,تجربی,168,90,منطقه 2,پزشکی,دانشگاه علوم پزشکی تهران
1395,تجربی,169,19,منطقه 3,پزشکی - نیمسال اول,دانشگاه علوم پزشکی شیراز
1395,تجربی,170,91,منطقه 2,پزشکی - نیمسال دوم,دانشگاه علوم پزشکی شهید بهشتی - تهران
1395,تجربی,171,58,منطقه 1,پزشکی - نیمسال اول,دانشگاه علوم پزشکی تبریز
1395,تجربی,172,92,منطقه 2,پزشکی - نیمسال دوم,دانشگاه علوم پزشکی شهید بهشتی - تهران
1395,تجربی,173,93,منطقه 2,پزشکی - نیمسال اول,دانشگاه علوم پزشکی اصفهان
1395,تجربی,176,94,منطقه 2,پزشکی,دانشگاه علوم پزشکی تهران
1395,تجربی,177,95,منطقه 2,پزشکی,دانشگاه علوم پزشکی تهران
1395,تجربی,178,96,منطقه 2,پزشکی,دانشگاه علوم پزشکی ایران
1395,تجربی,179,97,منطقه 2,پزشکی,دانشگاه علوم پزشکی تهران
1395,تجربی,180,98,منطقه 2,پزشکی,دانشگاه علوم پزشکی ایران
1395,تجربی,182,62,منطقه 1,پزشکی - نیمسال اول,دانشگاه علوم پزشکی مشهد
1395,تجربی,182,99,منطقه 2,پزشکی,دانشگاه علوم پزشکی ایران
1395,تجربی,186,100,منطقه 2,پزشکی,دانشگاه علوم پزشکی تهران
1395,تجربی,187,20,منطقه 3,پزشکی - نیمسال اول,دانشگاه علوم پزشکی شیراز
1395,تجربی,188,101,منطقه 2,پزشکی,دانشگاه علوم پزشکی تهران
1395,تجربی,189,21,منطقه 3,پزشکی - نیمسال اول,دانشگاه علوم پزشکی شیراز
1395,تجربی,190,102,منطقه 2,پزشکی,دانشگاه علوم پزشکی ایران
1395,تجربی,191,103,منطقه 2,پزشکی,دانشگاه علوم پزشکی ایران
1395,تجربی,194,65,منطقه 1,پزشکی - نیمسال اول,دانشگاه علوم پزشکی شیراز
1395,تجربی,195,104,منطقه 2,پزشکی - نیمسال اول,دانشگاه علوم پزشکی مشهد
1395,تجربی,197,67,منطقه 1,پزشکی - نیمسال اول,دانشگاه علوم پزشکی شهید بهشتی - تهران
1395,تجربی,197,67,منطقه 1,پزشکی - نیمسال اول,دانشگاه علوم پزشکی شیراز
1395,تجربی,199,105,منطقه 2,پزشکی - نیمسال اول,دانشگاه علوم پزشکی مشهد
1395,تجربی,203,23,منطقه 3,پزشکی,دانشگاه علوم پزشکی ایران
1395,تجربی,203,106,منطقه 2,پزشکی - نیمسال دوم,دانشگاه علوم پزشکی شهید بهشتی - تهران
1395,تجربی,205,24,منطقه 3,پزشکی - نیمسال اول,دانشگاه علوم پزشکی شهید بهشتی - تهران
1395,تجربی,206,107,منطقه 2,پزشکی - نیمسال اول,دانشگاه علوم پزشکی شهید بهشتی - تهران
1395,تجربی,207,108,منطقه 2,پزشکی - نیمسال دوم,دانشگاه علوم پزشکی شهید بهشتی - تهران
1395,تجربی,209,71,منطقه 1,پزشکی - نیمسال دوم,دانشگاه علوم پزشکی شهید بهشتی - تهران
1395,تجربی,211,72,منطقه 1,پزشکی - نیمسال اول,دانشگاه علوم پزشکی شیراز
1395,تجربی,212,109,منطقه 2,پزشکی,دانشگاه علوم پزشکی ایران
1395,تجربی,213,26,منطقه 3,پزشکی,دانشگاه علوم پزشکی ایران
1395,تجربی,215,110,منطقه 2,پزشکی - نیمسال اول,دانشگاه علوم پزشکی مشهد
1395,تجربی,217,73,منطقه 1,پزشکی - نیمسال اول,دانشگاه علوم پزشکی اصفهان
1395,تجربی,217,111,منطقه 2,پزشکی - نیمسال اول,دانشگاه علوم پزشکی شهید بهشتی - تهران
1395,تجربی,219,113,منطقه 2,پزشکی - نیمسال دوم,دانشگاه علوم پزشکی شهید بهشتی - تهران
1395,تجربی,220,114,منطقه 2,پزشکی - نیمسال اول,دانشگاه علوم پزشکی شهید بهشتی - تهران
1395,تجربی,221,74,منطقه 1,پزشکی - نیمسال اول,دانشگاه علوم پزشکی شیراز
1395,تجربی,222,115,منطقه 2,پزشکی,دانشگاه علوم پزشکی تهران
1395,تجربی,223,116,منطقه 2,پزشکی,دانشگاه علوم پزشکی ایران
1395,تجربی,225,75,منطقه 1,پزشکی - نیمسال اول,دانشگاه علوم پزشکی شیراز
1395,تجربی,230,118,منطقه 2,پزشکی,دانشگاه علوم پزشکی ایران
1395,تجربی,231,28,منطقه 3,پزشکی - نیمسال اول,دانشگاه علوم پزشکی تبریز
1395,تجربی,232,119,منطقه 2,پزشکی - نیمسال دوم,دانشگاه علوم پزشکی مشهد
1395,تجربی,234,120,منطقه 2,پزشکی - نیمسال اول,دانشگاه علوم پزشکی مشهد
1395,تجربی,236,82,منطقه 1,پزشکی - نیمسال اول,دانشگاه علوم پزشکی شهید بهشتی - تهران
1395,تجربی,237,83,منطقه 1,دندانپزشکی,دانشگاه علوم پزشکی اصفهان
1395,تجربی,238,121,منطقه 2,پزشکی,دانشگاه علوم پزشکی ایران
1395,تجربی,239,122,منطقه 2,پزشکی,دانشگاه علوم پزشکی تهران
1395,تجربی,241,123,منطقه 2,پزشکی - نیمسال اول,دانشگاه علوم پزشکی شهید بهشتی - تهران
1395,تجربی,243,29,منطقه 3,پزشکی,دانشگاه علوم پزشکی ایران
1395,تجربی,243,124,منطقه 2,پزشکی - نیمسال اول,دانشگاه علوم پزشکی شیراز
1395,تجربی,246,125,منطقه 2,پزشکی - نیمسال اول,دانشگاه علوم پزشکی شهید بهشتی - تهران
1395,تجربی,248,88,منطقه 1,پزشکی - نیمسال اول,دانشگاه علوم پزشکی شیراز
1395,تجربی,250,126,منطقه 2,دندانپزشکی - نیمسال دوم,دانشگاه علوم پزشکی شهید بهشتی - تهران
1395,تجربی,250,126,منطقه 2,پزشکی,دانشگاه علوم پزشکی ایران
1395,تجربی,252,7,ایثارگران,پزشکی,دانشگاه علوم پزشکی تهران
1395,تجربی,254,128,منطقه 2,پزشکی - نیمسال اول,دانشگاه علوم پزشکی شهید بهشتی - تهران
1395,تجربی,256,129,منطقه 2,پزشکی - نیمسال اول,دانشگاه علوم پزشکی شهید بهشتی - تهران
1395,تجربی,257,30,منطقه 3,پزشکی - نیمسال اول,دانشگاه علوم پزشکی شهید بهشتی - تهران
1395,تجربی,259,131,منطقه 2,دندانپزشکی - نیمسال اول,دانشگاه علوم پزشکی شهید بهشتی - تهران
1395,تجربی,260,31,منطقه 3,پزشکی - نیمسال اول,دانشگاه علوم پزشکی شیراز
1395,تجربی,263,132,منطقه 2,پزشکی - نیمسال اول,دانشگاه علوم پزشکی شهید بهشتی - تهران
1395,تجربی,265,133,منطقه 2,پزشکی,دانشگاه علوم پزشکی ایران
1395,تجربی,267,134,منطقه 2,پزشکی,دانشگاه علوم پزشکی ایران
1395,تجربی,269,96,منطقه 1,پزشکی - نیمسال اول,دانشگاه علوم پزشکی شیراز
1395,تجربی,270,97,منطقه 1,پزشکی - نیمسال اول,دانشگاه علوم پزشکی شهید بهشتی - تهران
1395,تجربی,271,98,منطقه 1,پزشکی - نیمسال اول,دانشگاه علوم پزشکی شهید بهشتی - تهران
1395,تجربی,272,99,منطقه 1,دندانپزشکی,دانشگاه علوم پزشکی شیراز
1395,تجربی,273,136,منطقه 2,پزشکی,دانشگاه علوم پزشکی ایران
1395,تجربی,274,137,منطقه 2,پزشکی,دانشگاه علوم پزشکی تهران
1395,تجربی,275,138,منطقه 2,پزشکی - نیمسال اول,دانشگاه علوم پزشکی شهید بهشتی - تهران
1395,تجربی,276,139,منطقه 2,پزشکی,دانشگاه علوم پزشکی اردبیل
1395,تجربی,278,101,منطقه 1,پزشکی - نیمسال اول,دانشگاه علوم پزشکی مشهد
1395,تجربی,280,32,منطقه 3,پزشکی - نیمسال اول,دانشگاه علوم پزشکی مشهد
1395,تجربی,281,140,منطقه 2,پزشکی,دانشگاه علوم پزشکی ایران
1395,تجربی,283,33,منطقه 3,پزشکی - نیمسال اول,دانشگاه علوم پزشکی شیراز
1395,تجربی,285,105,منطقه 1,پزشکی,دانشگاه علوم پزشکی ایران
1395,تجربی,286,106,منطقه 1,دندانپزشکی,دانشگاه علوم پزشکی تبریز
1395,تجربی,288,108,منطقه 1,دندانپزشکی,دانشگاه علوم پزشکی مشهد
1395,تجربی,289,141,منطقه 2,پزشکی - نیمسال اول,دانشگاه علوم پزشکی شیراز
1395,تجربی,290,109,منطقه 1,پزشکی - نیمسال اول,دانشگاه علوم پزشکی تبریز
1395,تجربی,291,142,منطقه 2,پزشکی,دانشگاه علوم پزشکی ایران
1395,تجربی,292,110,منطقه 1,پزشکی - نیمسال اول,دانشگاه علوم پزشکی شیراز
1395,تجربی,293,143,منطقه 2,پزشکی - نیمسال اول,دانشگاه علوم پزشکی شیراز
1395,تجربی,294,144,منطقه 2,پزشکی,دانشگاه علوم پزشکی بابل
1395,تجربی,296,145,منطقه 2,پزشکی,دانشگاه علوم پزشکی ایران
1395,تجربی,298,112,منطقه 1,پزشکی - نیمسال اول,دانشگاه علوم پزشکی اصفهان
1395,تجربی,298,147,منطقه 2,پزشکی,دانشگاه علوم پزشکی ایران
1395,تجربی,300,34,منطقه 3,پزشکی - نیمسال اول,دانشگاه علوم پزشکی مشهد
1395,تجربی,300,113,منطقه 1,پزشکی - نیمسال اول,دانشگاه علوم پزشکی شیراز
1395,تجربی,302,148,منطقه 2,پزشکی,دانشگاه علوم پزشکی ایران
1395,تجربی,303,149,منطقه 2,پزشکی - نیمسال اول,دانشگاه علوم پزشکی شهید بهشتی - تهران
1395,تجربی,304,150,منطقه 2,پزشکی,دانشگاه علوم پزشکی تهران
1395,تجربی,305,114,منطقه 1,دندانپزشکی,دانشگاه علوم پزشکی تهران
1395,تجربی,305,151,منطقه 2,پزشکی - نیمسال اول,دانشگاه علوم پزشکی شهید بهشتی - تهران
1395,تجربی,308,152,منطقه 2,پزشکی,دانشگاه علوم پزشکی ایران
1395,تجربی,309,153,منطقه 2,دندانپزشکی,دانشگاه علوم پزشکی یزد
1395,تجربی,309,153,منطقه 2,پزشکی - نیمسال دوم,دانشگاه علوم پزشکی شهید بهشتی - تهران
1395,تجربی,312,156,منطقه 2,پزشکی - نیمسال دوم,دانشگاه علوم پزشکی شهید بهشتی - تهران
1395,تجربی,314,158,منطقه 2,پزشکی,دانشگاه علوم پزشکی ایران
1395,تجربی,315,159,منطقه 2,پزشکی - نیمسال دوم,دانشگاه علوم پزشکی شهید بهشتی - تهران
1395,تجربی,316,160,منطقه 2,پزشکی - نیمسال دوم,دانشگاه علوم پزشکی شهید بهشتی - تهران
1395,تجربی,317,161,منطقه 2,دندانپزشکی,دانشگاه علوم پزشکی مشهد
1395,تجربی,320,162,منطقه 2,دندانپزشکی,دانشگاه علوم پزشکی تهران
1395,تجربی,321,37,منطقه 3,پزشکی,دانشگاه علوم پزشکی ایران
1395,تجربی,322,38,منطقه 3,دندانپزشکی,دانشگاه علوم پزشکی تبریز
1395,تجربی,323,163,منطقه 2,پزشکی - نیمسال دوم,دانشگاه علوم پزشکی شهید بهشتی - تهران
1395,تجربی,324,116,منطقه 1,پزشکی - نیمسال اول,دانشگاه علوم پزشکی اصفهان
1395,تجربی,325,117,منطقه 1,دندانپزشکی - نیمسال اول,دانشگاه علوم پزشکی شهید بهشتی - تهران
1395,تجربی,326,118,منطقه 1,پزشکی - نیمسال اول,دانشگاه علوم پزشکی تبریز
1395,تجربی,326,164,منطقه 2,پزشکی,دانشگاه علوم پزشکی ایران
1395,تجربی,329,119,منطقه 1,پزشکی - نیمسال اول,دانشگاه علوم پزشکی شیراز
1395,تجربی,329,165,منطقه 2,پزشکی - نیمسال دوم,دانشگاه علوم پزشکی شهید بهشتی - تهران
1395,تجربی,331,39,منطقه 3,پزشکی - نیمسال دوم,دانشگاه علوم پزشکی شیراز
1395,تجربی,331,121,منطقه 1,پزشکی - نیمسال اول,دانشگاه علوم پزشکی اصفهان
1395,تجربی,334,123,منطقه 1,پزشکی - نیمسال اول,دانشگاه علوم پزشکی اصفهان
1395,تجربی,335,124,منطقه 1,پزشکی,دانشگاه علوم پزشکی ایران
1395,تجربی,336,166,منطقه 2,پزشکی - نیمسال اول,دانشگاه علوم پزشکی شیراز
1395,تجربی,337,167,منطقه 2,پزشکی,دانشگاه علوم پزشکی ایران
1395,تجربی,339,168,منطقه 2,دندانپزشکی,دانشگاه علوم پزشکی مشهد
1395,تجربی,340,169,منطقه 2,پزشکی - نیمسال دوم,دانشگاه علوم پزشکی شهید بهشتی - تهران
1395,تجربی,341,170,منطقه 2,پزشکی,دانشگاه علوم پزشکی تهران
1395,تجربی,342,171,منطقه 2,دندانپزشکی - نیمسال دوم,دانشگاه علوم پزشکی شهید بهشتی - تهران
1395,تجربی,343,172,منطقه 2,پزشکی,دانشگاه علوم پزشکی تهران
1395,تجربی,344,173,منطقه 2,پزشکی,دانشگاه علوم پزشکی ایران
1395,تجربی,346,175,منطقه 2,پزشکی - نیمسال اول,دانشگاه علوم پزشکی شیراز
1395,تجربی,348,177,منطقه 2,پزشکی - نیمسال اول,دانشگاه علوم پزشکی شهید بهشتی - تهران
1395,تجربی,349,126,منطقه 1,پزشکی - نیمسال اول,دانشگاه علوم پزشکی شیراز
1395,تجربی,351,178,منطقه 2,پزشکی - نیمسال اول,دانشگاه علوم پزشکی شیراز
1395,تجربی,352,40,منطقه 3,پزشکی - نیمسال دوم,دانشگاه علوم پزشکی شهید بهشتی - تهران
1395,تجربی,353,128,منطقه 1,دندانپزشکی,دانشگاه علوم پزشکی اصفهان
1395,تجربی,355,130,منطقه 1,دکترای پیوسته بیوتکنولوژی,دانشگاه تهران
1395,تجربی,355,130,منطقه 1,پزشکی - نیمسال اول,دانشگاه علوم پزشکی مشهد
1395,تجربی,357,132,منطقه 1,دکترای پیوسته بیوتکنولوژی,دانشگاه تهران
1395,تجربی,359,134,منطقه 1,پزشکی - نیمسال اول,دانشگاه علوم پزشکی تبریز
1395,تجربی,361,179,منطقه 2,پزشکی - نیمسال اول,دانشگاه علوم پزشکی اصفهان
1395,تجربی,364,41,منطقه 3,پزشکی - نیمسال اول,دانشگاه علوم پزشکی مشهد
1395,تجربی,364,137,منطقه 1,پزشکی - نیمسال دوم,دانشگاه علوم پزشکی شهید بهشتی - تهران
1395,تجربی,367,180,منطقه 2,پزشکی - نیمسال اول,دانشگاه علوم پزشکی شیراز
1395,تجربی,368,181,منطقه 2,دندانپزشکی,دانشگاه علوم پزشکی بابل
1395,تجربی,371,140,منطقه 1,پزشکی - نیمسال دوم,دانشگاه علوم پزشکی مشهد
1395,تجربی,373,184,منطقه 2,پزشکی - نیمسال اول,دانشگاه علوم پزشکی گیلان - رشت
1395,تجربی,374,185,منطقه 2,دندانپزشکی,دانشگاه علوم پزشکی تهران
1395,تجربی,376,186,منطقه 2,پزشکی - نیمسال اول,دانشگاه علوم پزشکی تبریز
1395,تجربی,377,187,منطقه 2,پزشکی - نیمسال اول,دانشگاه علوم پزشکی تبریز
1395,تجربی,378,188,منطقه 2,پزشکی - نیمسال اول,دانشگاه علوم پزشکی اصفهان
1395,تجربی,379,189,منطقه 2,دندانپزشکی,دانشگاه علوم پزشکی گیلان - رشت
1395,تجربی,380,190,منطقه 2,پزشکی,دانشگاه علوم پزشکی بابل
1395,تجربی,380,190,منطقه 2,پزشکی - نیمسال دوم,دانشگاه علوم پزشکی شیراز
1395,تجربی,382,142,منطقه 1,پزشکی - نیمسال دوم,دانشگاه علوم پزشکی شیراز
1395,تجربی,382,192,منطقه 2,پزشکی - نیمسال دوم,دانشگاه علوم پزشکی شهید بهشتی - تهران
1395,تجربی,384,143,منطقه 1,پزشکی - نیمسال دوم,دانشگاه علوم پزشکی شیراز
1395,تجربی,385,43,منطقه 3,پزشکی - نیمسال اول,دانشگاه علوم پزشکی اصفهان
1395,تجربی,387,194,منطقه 2,پزشکی - نیمسال اول,دانشگاه علوم پزشکی اصفهان
1395,تجربی,388,44,منطقه 3,پزشکی - نیمسال دوم,دانشگاه علوم پزشکی شهید بهشتی - تهران
1395,تجربی,389,195,منطقه 2,پزشکی - نیمسال دوم,دانشگاه علوم پزشکی شهید بهشتی - تهران
1395,تجربی,390,144,منطقه 1,پزشکی - نیمسال اول,دانشگاه علوم پزشکی تبریز
1395,تجربی,391,196,منطقه 2,پزشکی,دانشگاه علوم پزشکی بابل
1395,تجربی,392,145,منطقه 1,دندانپزشکی,دانشگاه علوم پزشکی تهران
1395,تجربی,394,45,منطقه 3,پزشکی - نیمسال اول,دانشگاه علوم پزشکی مشهد
1395,تجربی,394,197,منطقه 2,پزشکی,دانشگاه علوم پزشکی کرمان
1395,تجربی,396,147,منطقه 1,پزشکی - نیمسال دوم,دانشگاه علوم پزشکی شیراز
1395,تجربی,397,148,منطقه 1,دندانپزشکی - نیمسال دوم,دانشگاه علوم پزشکی شهید بهشتی - تهران
1395,تجربی,399,46,منطقه 3,پزشکی,دانشگاه علوم پزشکی تهران
1395,تجربی,400,199,منطقه 2,پزشکی,دانشگاه علوم پزشکی کاشان
1395,تجربی,401,8,ایثارگران,دندانپزشکی - نیمسال اول,دانشگاه علوم پزشکی شهید بهشتی - تهران
1395,تجربی,404,200,منطقه 2,پزشکی - نیمسال اول,دانشگاه علوم پزشکی گیلان - رشت
1395,تجربی,405,201,منطقه 2,پزشکی - نیمسال اول,دانشگاه علوم پزشکی شیراز
1395,تجربی,407,202,منطقه 2,پزشکی - نیمسال دوم,دانشگاه علوم پزشکی شیراز
1395,تجربی,408,152,منطقه 1,پزشکی - نیمسال دوم,دانشگاه علوم پزشکی شیراز
1395,تجربی,410,204,منطقه 2,پزشکی - نیمسال اول,دانشگاه علوم پزشکی اصفهان
1395,تجربی,411,153,منطقه 1,پزشکی - نیمسال دوم,دانشگاه علوم پزشکی شهید بهشتی - تهران
1395,تجربی,413,205,منطقه 2,دندانپزشکی,دانشگاه علوم پزشکی تهران
1395,تجربی,415,207,منطقه 2,پزشکی - نیمسال اول,دانشگاه علوم پزشکی شهید بهشتی - تهران
1395,تجربی,416,208,منطقه 2,پزشکی - نیمسال دوم,دانشگاه علوم پزشکی شهید بهشتی - تهران
1395,تجربی,417,154,منطقه 1,پزشکی - نیمسال دوم,دانشگاه علوم پزشکی شیراز
1395,تجربی,419,47,منطقه 3,پزشکی - نیمسال دوم,دانشگاه علوم پزشکی شیراز
1395,تجربی,419,209,منطقه 2,پزشکی - نیمسال اول,دانشگاه علوم پزشکی اصفهان
1395,تجربی,419,209,منطقه 2,پزشکی - نیمسال اول,دانشگاه علوم پزشکی تبریز
1395,تجربی,422,211,منطقه 2,پزشکی - نیمسال دوم,دانشگاه علوم پزشکی شیراز
1395,تجربی,424,212,منطقه 2,دندانپزشکی - نیمسال دوم,دانشگاه علوم پزشکی شهید بهشتی - تهران
1395,تجربی,425,213,منطقه 2,پزشکی - نیمسال دوم,دانشگاه علوم پزشکی شهید بهشتی - تهران
1395,تجربی,426,214,منطقه 2,پزشکی - نیمسال اول,دانشگاه علوم پزشکی شیراز
1395,تجربی,427,215,منطقه 2,پزشکی,دانشگاه علوم پزشکی ایران
1395,تجربی,427,215,منطقه 2,پزشکی - نیمسال دوم,دانشگاه علوم پزشکی شیراز
1395,تجربی,429,48,منطقه 3,پزشکی - نیمسال اول,دانشگاه علوم پزشکی شیراز
1395,تجربی,430,217,منطقه 2,پزشکی - نیمسال اول,دانشگاه علوم پزشکی تبریز
1395,تجربی,432,158,منطقه 1,پزشکی - نیمسال اول,دانشگاه علوم پزشکی شیراز
1395,تجربی,435,218,منطقه 2,پزشکی - نیمسال اول,دانشگاه علوم پزشکی مشهد
1395,تجربی,436,219,منطقه 2,پزشکی,دانشگاه علوم پزشکی ایران
1395,تجربی,437,220,منطقه 2,پزشکی - نیمسال اول,دانشگاه علوم پزشکی اصفهان
1395,تجربی,438,221,منطقه 2,پزشکی,دانشگاه علوم پزشکی ایران
1395,تجربی,438,221,منطقه 2,پزشکی,دانشگاه علوم پزشکی کرمان
1395,تجربی,440,223,منطقه 2,پزشکی,دانشگاه علوم پزشکی ایران
1395,تجربی,442,224,منطقه 2,پزشکی - نیمسال اول,دانشگاه علوم پزشکی گیلان - رشت
1395,تجربی,444,163,منطقه 1,پزشکی - نیمسال دوم,دانشگاه علوم پزشکی شیراز
1395,تجربی,447,225,منطقه 2,دکترای پیوسته بیوتکنولوژی,دانشگاه تهران
1395,تجربی,447,225,منطقه 2,پزشکی - نیمسال اول,دانشگاه علوم پزشکی اصفهان
1395,تجربی,449,227,منطقه 2,پزشکی - نیمسال اول,دانشگاه علوم پزشکی شهید بهشتی - تهران
1395,تجربی,450,49,منطقه 3,پزشکی - نیمسال اول,دانشگاه علوم پزشکی مشهد
1395,تجربی,452,228,منطقه 2,پزشکی - نیمسال اول,دانشگاه علوم پزشکی همدان
1395,تجربی,456,50,منطقه 3,پزشکی - نیمسال اول,دانشگاه علوم پزشکی شیراز
1395,تجربی,457,168,منطقه 1,پزشکی - نیمسال اول,دانشگاه علوم پزشکی مشهد
1395,تجربی,458,169,منطقه 1,پزشکی - نیمسال اول,دانشگاه علوم پزشکی شیراز
1395,تجربی,458,230,منطقه 2,پزشکی,دانشگاه علوم پزشکی بابل
1395,تجربی,460,51,منطقه 3,پزشکی - نیمسال اول,دانشگاه علوم پزشکی تبریز
1395,تجربی,460,231,منطقه 2,پزشکی - نیمسال اول,دانشگاه علوم پزشکی مشهد
1395,تجربی,462,232,منطقه 2,دندانپزشکی,دانشگاه علوم پزشکی تهران
1395,تجربی,464,234,منطقه 2,پزشکی,دانشگاه علوم پزشکی ایران
1395,تجربی,465,235,منطقه 2,پزشکی - نیمسال اول,دانشگاه علوم پزشکی شهید بهشتی - تهران
1395,تجربی,466,236,منطقه 2,دندانپزشکی - نیمسال دوم,دانشگاه علوم پزشکی شهید بهشتی - تهران
1395,تجربی,466,236,منطقه 2,پزشکی - نیمسال اول,دانشگاه علوم پزشکی مشهد
1395,تجربی,468,238,منطقه 2,پزشکی - نیمسال دوم,دانشگاه علوم پزشکی شیراز
1395,تجربی,471,52,منطقه 3,پزشکی,دانشگاه علوم پزشکی تهران
1395,تجربی,471,170,منطقه 1,دندانپزشکی - نیمسال دوم,دانشگاه علوم پزشکی شهید بهشتی - تهران
1395,تجربی,471,240,منطقه 2,پزشکی - نیمسال اول,دانشگاه علوم پزشکی تبریز
1395,تجربی,473,171,منطقه 1,دندانپزشکی,دانشگاه علوم پزشکی مشهد
1395,تجربی,473,241,منطقه 2,پزشکی,دانشگاه علوم پزشکی ایران
1395,تجربی,477,173,منطقه 1,دندانپزشکی,دانشگاه علوم پزشکی تهران
1395,تجربی,480,176,منطقه 1,پزشکی - نیمسال دوم,دانشگاه علوم پزشکی اصفهان
1395,تجربی,480,243,منطقه 2,پزشکی - نیمسال اول,دانشگاه علوم پزشکی شهید بهشتی - تهران
1395,تجربی,482,244,منطقه 2,پزشکی - نیمسال اول,دانشگاه علوم پزشکی مازندران - ساری
1395,تجربی,484,53,منطقه 3,پزشکی - نیمسال اول,دانشگاه علوم پزشکی اصفهان
1395,تجربی,484,245,منطقه 2,پزشکی - نیمسال دوم,دانشگاه علوم پزشکی شهید بهشتی - تهران
1395,تجربی,486,246,منطقه 2,دندانپزشکی - نیمسال اول,دانشگاه علوم پزشکی شهید بهشتی - تهران
1395,تجربی,487,247,منطقه 2,پزشکی - نیمسال اول,دانشگاه علوم پزشکی مشهد
1395,تجربی,489,179,منطقه 1,دندانپزشکی,دانشگاه علوم پزشکی تهران
1395,تجربی,492,181,منطقه 1,پزشکی - نیمسال اول,دانشگاه علوم پزشکی مشهد
1395,تجربی,493,248,منطقه 2,پزشکی - نیمسال اول,دانشگاه علوم پزشکی ارومیه
1395,تجربی,495,250,منطقه 2,پزشکی,دانشگاه علوم پزشکی تهران
1395,تجربی,495,250,منطقه 2,پزشکی - نیمسال اول,دانشگاه علوم پزشکی اصفهان
1395,تجربی,497,252,منطقه 2,پزشکی,دانشگاه علوم پزشکی بابل
1395,تجربی,499,183,منطقه 1,داروسازی - نیمسال اول,دانشگاه علوم پزشکی تبریز
1395,تجربی,500,253,منطقه 2,پزشکی,دانشگاه علوم پزشکی ایران
1395,تجربی,502,55,منطقه 3,پزشکی - نیمسال اول,دانشگاه علوم پزشکی شیراز
1395,تجربی,502,254,منطقه 2,پزشکی - نیمسال اول,دانشگاه علوم پزشکی شیراز
1395,تجربی,502,254,منطقه 2,پزشکی - نیمسال دوم,دانشگاه علوم پزشکی شیراز
1395,تجربی,504,56,منطقه 3,پزشکی - نیمسال اول,دانشگاه علوم پزشکی مشهد
1395,تجربی,506,57,منطقه 3,دندانپزشکی,دانشگاه علوم پزشکی تبریز
1395,تجربی,506,184,منطقه 1,پزشکی - نیمسال دوم,دانشگاه علوم پزشکی شیراز
1395,تجربی,508,257,منطقه 2,پزشکی - نیمسال دوم,دانشگاه علوم پزشکی شهید بهشتی - تهران
1395,تجربی,512,58,منطقه 3,پزشکی - نیمسال اول,دانشگاه علوم پزشکی تبریز
1395,تجربی,512,187,منطقه 1,پزشکی - نیمسال اول,دانشگاه علوم پزشکی شیراز
1395,تجربی,512,258,منطقه 2,پزشکی - نیمسال اول,دانشگاه علوم پزشکی اصفهان
1395,تجربی,514,188,منطقه 1,پزشکی - نیمسال دوم,دانشگاه علوم پزشکی شیراز
1395,تجربی,514,259,منطقه 2,پزشکی,دانشگاه علوم پزشکی کرمانشاه
1395,تجربی,517,189,منطقه 1,پزشکی - نیمسال اول,دانشگاه علوم پزشکی اصفهان
1395,تجربی,517,260,منطقه 2,داروسازی,دانشگاه علوم پزشکی تهران
1395,تجربی,519,261,منطقه 2,پزشکی,دانشگاه علوم پزشکی بابل
1395,تجربی,522,263,منطقه 2,پزشکی - نیمسال اول,دانشگاه علوم پزشکی مشهد
1395,تجربی,523,192,منطقه 1,پزشکی - نیمسال اول,دانشگاه علوم پزشکی مشهد
1395,تجربی,525,264,منطقه 2,پزشکی,دانشگاه علوم پزشکی ایران
1395,تجربی,526,265,منطقه 2,پزشکی - نیمسال دوم,دانشگاه علوم پزشکی شهید بهشتی - تهران
1395,تجربی,527,59,منطقه 3,پزشکی - نیمسال اول,دانشگاه علوم پزشکی اصفهان
1395,تجربی,528,266,منطقه 2,پزشکی - نیمسال اول,دانشگاه علوم پزشکی مشهد
1395,تجربی,530,267,منطقه 2,پزشکی - نیمسال اول,دانشگاه علوم پزشکی اصفهان
1395,تجربی,534,270,منطقه 2,پزشکی - نیمسال اول,دانشگاه علوم پزشکی اصفهان
1395,تجربی,535,271,منطقه 2,دندانپزشکی - نیمسال اول,دانشگاه علوم پزشکی شهید بهشتی - تهران
1395,تجربی,536,272,منطقه 2,پزشکی - نیمسال دوم,دانشگاه علوم پزشکی شیراز
1395,تجربی,538,273,منطقه 2,پزشکی - نیمسال دوم,دانشگاه علوم پزشکی شهید بهشتی - تهران
1395,تجربی,539,274,منطقه 2,پزشکی - نیمسال اول,دانشگاه علوم پزشکی مشهد
1395,تجربی,539,274,منطقه 2,پزشکی - نیمسال دوم,دانشگاه علوم پزشکی اصفهان
1395,تجربی,541,276,منطقه 2,دندانپزشکی,دانشگاه علوم پزشکی مشهد
1395,تجربی,543,60,منطقه 3,پزشکی - نیمسال اول,دانشگاه علوم پزشکی تبریز
1395,تجربی,545,277,منطقه 2,داروسازی,دانشگاه علوم پزشکی تهران
1395,تجربی,546,198,منطقه 1,پزشکی - نیمسال اول,دانشگاه علوم پزشکی شیراز
1395,تجربی,546,278,منطقه 2,پزشکی - نیمسال دوم,دانشگاه علوم پزشکی شهید بهشتی - تهران
1395,تجربی,548,279,منطقه 2,پزشکی,دانشگاه علوم پزشکی ایران
1395,تجربی,550,200,منطقه 1,دکترای پیوسته بیوتکنولوژی,دانشگاه تهران
1395,تجربی,554,280,منطقه 2,دکترای پیوسته بیوتکنولوژی,دانشگاه تهران
1395,تجربی,559,207,منطقه 1,داروسازی,دانشگاه علوم پزشکی تهران
1395,تجربی,559,207,منطقه 1,پزشکی,دانشگاه علوم پزشکی ایران
1395,تجربی,559,281,منطقه 2,پزشکی,دانشگاه علوم پزشکی تهران
1395,تجربی,563,209,منطقه 1,دندانپزشکی,دانشگاه علوم پزشکی شیراز
1395,تجربی,563,209,منطقه 1,پزشکی - نیمسال اول,دانشگاه علوم پزشکی تبریز
1395,تجربی,563,283,منطقه 2,پزشکی,دانشگاه علوم پزشکی تهران
1395,تجربی,563,283,منطقه 2,پزشکی - نیمسال اول,دانشگاه علوم پزشکی مشهد
1395,تجربی,566,285,منطقه 2,پزشکی,دانشگاه علوم پزشکی ایران
1395,تجربی,567,286,منطقه 2,پزشکی - نیمسال اول,دانشگاه علوم پزشکی همدان
1395,تجربی,568,211,منطقه 1,دندانپزشکی,دانشگاه علوم پزشکی تبریز
1395,تجربی,572,213,منطقه 1,پزشکی - نیمسال اول,دانشگاه علوم پزشکی مشهد
1395,تجربی,572,213,منطقه 1,پزشکی - نیمسال دوم,دانشگاه علوم پزشکی اصفهان
1395,تجربی,572,288,منطقه 2,پزشکی - نیمسال دوم,دانشگاه علوم پزشکی اصفهان
1395,تجربی,575,215,منطقه 1,پزشکی,دانشگاه علوم پزشکی ایران
1395,تجربی,576,289,منطقه 2,دکترای پیوسته بیوتکنولوژی,دانشگاه تهران
1395,تجربی,577,61,منطقه 3,پزشکی - نیمسال اول,دانشگاه علوم پزشکی تبریز
1395,تجربی,579,62,منطقه 3,پزشکی,دانشگاه علوم پزشکی ایران
1395,تجربی,580,217,منطقه 1,دندانپزشکی,دانشگاه علوم پزشکی تبریز
1395,تجربی,580,290,منطقه 2,پزشکی,دانشگاه علوم پزشکی یزد
1395,تجربی,582,63,منطقه 3,دندانپزشکی,دانشگاه علوم پزشکی گیلان - رشت
1395,تجربی,582,63,منطقه 3,پزشکی - نیمسال اول,دانشگاه علوم پزشکی تبریز
1395,تجربی,585,218,منطقه 1,دندانپزشکی,دانشگاه علوم پزشکی اصفهان
1395,تجربی,585,292,منطقه 2,دندانپزشکی,دانشگاه علوم پزشکی همدان
1395,تجربی,585,292,منطقه 2,پزشکی,دانشگاه علوم پزشکی ایران
1395,تجربی,585,292,منطقه 2,پزشکی - نیمسال اول,دانشگاه علوم پزشکی مشهد
1395,تجربی,588,294,منطقه 2,پزشکی - نیمسال اول,دانشگاه علوم پزشکی تبریز
1395,تجربی,590,220,منطقه 1,پزشکی - نیمسال اول,دانشگاه علوم پزشکی تبریز
1395,تجربی,593,222,منطقه 1,داروسازی,دانشگاه علوم پزشکی تهران
1395,تجربی,593,295,منطقه 2,پزشکی - نیمسال دوم,دانشگاه علوم پزشکی اصفهان
1395,تجربی,596,297,منطقه 2,دندانپزشکی,دانشگاه علوم پزشکی کرمان
1395,تجربی,597,298,منطقه 2,پزشکی,دانشگاه علوم پزشکی ایران
1395,تجربی,598,299,منطقه 2,پزشکی - نیمسال اول,دانشگاه علوم پزشکی همدان
1395,تجربی,598,299,منطقه 2,پزشکی - نیمسال دوم,دانشگاه علوم پزشکی مشهد
1395,تجربی,600,301,منطقه 2,دندانپزشکی,دانشگاه علوم پزشکی گیلان - رشت
1395,تجربی,601,224,منطقه 1,دندانپزشکی,دانشگاه علوم پزشکی مشهد
1395,تجربی,603,303,منطقه 2,دندانپزشکی - نیمسال اول,دانشگاه علوم پزشکی شهید بهشتی - تهران
1395,تجربی,605,226,منطقه 1,پزشکی - نیمسال اول,دانشگاه علوم پزشکی تبریز
1395,تجربی,605,304,منطقه 2,دندانپزشکی,دانشگاه علوم پزشکی شیراز
1395,تجربی,607,305,منطقه 2,پزشکی - نیمسال اول,دانشگاه علوم پزشکی جندی شاپور اهواز
1395,تجربی,608,306,منطقه 2,پزشکی - نیمسال دوم,دانشگاه علوم پزشکی شهید بهشتی - تهران
1395,تجربی,609,227,منطقه 1,دندانپزشکی - نیمسال دوم,دانشگاه علوم پزشکی شهید بهشتی - تهران
1395,تجربی,609,227,منطقه 1,پزشکی - نیمسال اول,دانشگاه علوم پزشکی البرز - کرج
1395,تجربی,612,307,منطقه 2,پزشکی,دانشگاه علوم پزشکی ایران
1395,تجربی,613,308,منطقه 2,پزشکی,دانشگاه علوم پزشکی ایران
1395,تجربی,615,230,منطقه 1,پزشکی - نیمسال اول,دانشگاه علوم پزشکی تبریز
1395,تجربی,618,65,منطقه 3,پزشکی - نیمسال دوم,دانشگاه علوم پزشکی اصفهان
1395,تجربی,618,232,منطقه 1,پزشکی - نیمسال اول,دانشگاه علوم پزشکی مشهد
1395,تجربی,620,234,منطقه 1,دندانپزشکی,دانشگاه علوم پزشکی شیراز
1395,تجربی,621,235,منطقه 1,پزشکی - نیمسال اول,دانشگاه علوم پزشکی اصفهان
1395,تجربی,622,310,منطقه 2,پزشکی - نیمسال اول,دانشگاه علوم پزشکی مازندران - ساری
1395,تجربی,623,66,منطقه 3,دندانپزشکی,دانشگاه علوم پزشکی اصفهان
1395,تجربی,625,237,منطقه 1,پزشکی - نیمسال اول,دانشگاه علوم پزشکی البرز - کرج
1395,تجربی,625,311,منطقه 2,پزشکی - نیمسال دوم,دانشگاه علوم پزشکی اصفهان
1395,تجربی,627,238,منطقه 1,دندانپزشکی,دانشگاه علوم پزشکی شیراز
1395,تجربی,627,312,منطقه 2,پزشکی - نیمسال اول,دانشگاه علوم پزشکی تبریز
1395,تجربی,629,313,منطقه 2,پزشکی,دانشگاه علوم پزشکی ایران
1395,تجربی,630,239,منطقه 1,پزشکی - نیمسال دوم,دانشگاه علوم پزشکی مشهد
1395,تجربی,632,241,منطقه 1,دندانپزشکی,دانشگاه علوم پزشکی شیراز
1395,تجربی,633,13,ایثارگران,پزشکی,دانشگاه علوم پزشکی تهران
1395,تجربی,633,242,منطقه 1,پزشکی - نیمسال اول,دانشگاه علوم پزشکی تبریز
1395,تجربی,635,243,منطقه 1,دندانپزشکی - نیمسال دوم,دانشگاه علوم پزشکی شهید بهشتی - تهران
1395,تجربی,637,67,منطقه 3,پزشکی - نیمسال اول,دانشگاه علوم پزشکی مازندران - ساری
1395,تجربی,641,315,منطقه 2,پزشکی,دانشگاه علوم پزشکی ایران
1395,تجربی,642,246,منطقه 1,پزشکی - نیمسال اول,دانشگاه علوم پزشکی شیراز
1395,تجربی,643,316,منطقه 2,پزشکی,دانشگاه علوم پزشکی ایران
1395,تجربی,643,316,منطقه 2,پزشکی - نیمسال اول,دانشگاه علوم پزشکی مشهد
1395,تجربی,645,318,منطقه 2,پزشکی - نیمسال اول,دانشگاه علوم پزشکی گیلان - رشت
1395,تجربی,647,247,منطقه 1,پزشکی - نیمسال اول,دانشگاه علوم پزشکی تبریز
1395,تجربی,648,248,منطقه 1,پزشکی - نیمسال دوم,دانشگاه علوم پزشکی اصفهان
1395,تجربی,649,68,منطقه 3,پزشکی - نیمسال اول,دانشگاه علوم پزشکی مشهد
1395,تجربی,651,250,منطقه 1,پزشکی - نیمسال اول,دانشگاه علوم پزشکی شیراز
1395,تجربی,652,251,منطقه 1,دندانپزشکی,دانشگاه علوم پزشکی تبریز
1395,تجربی,655,320,منطقه 2,پزشکی - نیمسال اول,دانشگاه علوم پزشکی شهید بهشتی - تهران
1395,تجربی,657,321,منطقه 2,دندانپزشکی,دانشگاه علوم پزشکی تهران
1395,تجربی,657,321,منطقه 2,پزشکی - نیمسال اول,دانشگاه علوم پزشکی تبریز
1395,تجربی,659,70,منطقه 3,پزشکی - نیمسال دوم,دانشگاه علوم پزشکی مشهد
1395,تجربی,661,323,منطقه 2,پزشکی,دانشگاه علوم پزشکی ایران
1395,تجربی,661,323,منطقه 2,پزشکی - نیمسال دوم,دانشگاه علوم پزشکی شیراز
1395,تجربی,663,325,منطقه 2,پزشکی - نیمسال اول,دانشگاه علوم پزشکی تبریز
1395,تجربی,663,325,منطقه 2,پزشکی - نیمسال اول,دانشگاه علوم پزشکی مشهد
1395,تجربی,667,71,منطقه 3,دندانپزشکی,دانشگاه علوم پزشکی مشهد
1395,تجربی,668,329,منطقه 2,پزشکی,دانشگاه علوم پزشکی ایران
1395,تجربی,670,330,منطقه 2,پزشکی,دانشگاه علوم پزشکی ایران
1395,تجربی,672,256,منطقه 1,پزشکی,دانشگاه علوم پزشکی ایران
1395,تجربی,672,332,منطقه 2,پزشکی - نیمسال اول,دانشگاه علوم پزشکی مشهد
1395,تجربی,674,333,منطقه 2,پزشکی - نیمسال اول,دانشگاه علوم پزشکی تبریز
1395,تجربی,675,334,منطقه 2,پزشکی,دانشگاه علوم پزشکی ایران
1395,تجربی,676,335,منطقه 2,پزشکی - نیمسال دوم,دانشگاه علوم پزشکی اصفهان
1395,تجربی,678,336,منطقه 2,پزشکی - نیمسال اول,دانشگاه علوم پزشکی همدان
1395,تجربی,679,337,منطقه 2,پزشکی - نیمسال دوم,دانشگاه علوم پزشکی تبریز
1395,تجربی,682,259,منطقه 1,پزشکی,دانشگاه علوم پزشکی یزد
1395,تجربی,682,338,منطقه 2,دندانپزشکی - نیمسال دوم,دانشگاه علوم پزشکی شهید بهشتی - تهران
1395,تجربی,684,339,منطقه 2,پزشکی - نیمسال اول,دانشگاه علوم پزشکی تبریز
1395,تجربی,685,340,منطقه 2,داروسازی,دانشگاه علوم پزشکی شهید بهشتی - تهران
1395,تجربی,688,72,منطقه 3,پزشکی - نیمسال اول,دانشگاه علوم پزشکی تبریز
1395,تجربی,688,72,منطقه 3,پزشکی - نیمسال دوم,دانشگاه علوم پزشکی کردستان - سنندج
1395,تجربی,688,342,منطقه 2,پزشکی,دانشگاه علوم پزشکی ایران
1395,تجربی,688,342,منطقه 2,پزشکی,دانشگاه علوم پزشکی یزد
1395,تجربی,691,260,منطقه 1,پزشکی,دانشگاه علوم پزشکی یزد
1395,تجربی,693,344,منطقه 2,پزشکی - نیمسال دوم,دانشگاه علوم پزشکی اصفهان
1395,تجربی,696,345,منطقه 2,پزشکی,دانشگاه علوم پزشکی ایران
1395,تجربی,698,264,منطقه 1,پزشکی - نیمسال اول,دانشگاه علوم پزشکی مشهد
1395,تجربی,698,347,منطقه 2,دندانپزشکی - نیمسال دوم,دانشگاه علوم پزشکی شهید بهشتی - تهران
1395,تجربی,700,265,منطقه 1,پزشکی - نیمسال دوم,دانشگاه علوم پزشکی تبریز
1395,تجربی,700,348,منطقه 2,پزشکی - نیمسال دوم,دانشگاه علوم پزشکی مشهد
1395,تجربی,702,74,منطقه 3,پزشکی,دانشگاه شاهد - تهران(رشته های پزشکی)
1395,تجربی,703,266,منطقه 1,پزشکی - نیمسال دوم,دانشگاه علوم پزشکی تبریز
1395,تجربی,704,349,منطقه 2,پزشکی,دانشگاه علوم پزشکی ایران
1395,تجربی,706,267,منطقه 1,پزشکی - نیمسال اول,دانشگاه علوم پزشکی اصفهان
1395,تجربی,708,75,منطقه 3,پزشکی,دانشگاه علوم پزشکی تهران
1395,تجربی,709,351,منطقه 2,پزشکی,دانشگاه علوم پزشکی ایران
1395,تجربی,710,352,منطقه 2,پزشکی - نیمسال دوم,دانشگاه علوم پزشکی مشهد
1395,تجربی,712,269,منطقه 1,پزشکی - نیمسال اول,دانشگاه علوم پزشکی تبریز
1395,تجربی,712,353,منطقه 2,پزشکی,دانشگاه علوم پزشکی ایران
1395,تجربی,714,271,منطقه 1,دندانپزشکی,دانشگاه علوم پزشکی شیراز
1395,تجربی,714,271,منطقه 1,پزشکی - نیمسال دوم,دانشگاه علوم پزشکی مشهد
1395,تجربی,716,354,منطقه 2,پزشکی - نیمسال دوم,دانشگاه علوم پزشکی تبریز
1395,تجربی,717,273,منطقه 1,دندانپزشکی,دانشگاه شاهد - تهران(رشته های پزشکی)
1395,تجربی,719,356,منطقه 2,دندانپزشکی,دانشگاه علوم پزشکی اصفهان
1395,تجربی,721,76,منطقه 3,دندانپزشکی,دانشگاه علوم پزشکی گیلان - رشت
1395,تجربی,724,77,منطقه 3,پزشکی - نیمسال اول,دانشگاه علوم پزشکی گیلان - رشت
1395,تجربی,724,359,منطقه 2,پزشکی - نیمسال اول,دانشگاه علوم پزشکی البرز - کرج
1395,تجربی,724,359,منطقه 2,پزشکی - نیمسال دوم,دانشگاه علوم پزشکی مشهد
1395,تجربی,729,361,منطقه 2,دندانپزشکی,دانشگاه علوم پزشکی همدان
1395,تجربی,731,278,منطقه 1,پزشکی,دانشگاه علوم پزشکی اردبیل
1395,تجربی,732,362,منطقه 2,دندانپزشکی - نیمسال دوم,دانشگاه علوم پزشکی شهید بهشتی - تهران
1395,تجربی,732,362,منطقه 2,پزشکی,دانشگاه علوم پزشکی ایران
1395,تجربی,734,78,منطقه 3,دندانپزشکی,دانشگاه علوم پزشکی مشهد
1395,تجربی,735,79,منطقه 3,پزشکی,دانشگاه علوم پزشکی ایران
1395,تجربی,736,279,منطقه 1,پزشکی - نیمسال اول,دانشگاه علوم پزشکی البرز - کرج
1395,تجربی,736,364,منطقه 2,پزشکی - نیمسال اول,دانشگاه علوم پزشکی گیلان - رشت
1395,تجربی,739,280,منطقه 1,داروسازی,دانشگاه علوم پزشکی تهران
1395,تجربی,742,367,منطقه 2,پزشکی - نیمسال دوم,دانشگاه علوم پزشکی تبریز
1395,تجربی,746,81,منطقه 3,پزشکی - نیمسال اول,دانشگاه علوم پزشکی تبریز
1395,تجربی,746,283,منطقه 1,پزشکی - نیمسال اول,دانشگاه علوم پزشکی اصفهان
1395,تجربی,746,283,منطقه 1,پزشکی - نیمسال اول,دانشگاه علوم پزشکی شهیدبهشتی - تهران
1395,تجربی,746,368,منطقه 2,پزشکی - نیمسال دوم,دانشگاه علوم پزشکی مشهد
1395,تجربی,751,370,منطقه 2,پزشکی - نیمسال اول,دانشگاه علوم پزشکی جندی شاپور اهواز
1395,تجربی,751,370,منطقه 2,پزشکی - نیمسال دوم,دانشگاه علوم پزشکی تبریز
1395,تجربی,754,372,منطقه 2,پزشکی - نیمسال اول,دانشگاه علوم پزشکی شهید بهشتی - تهران
1395,تجربی,756,288,منطقه 1,دندانپزشکی,دانشگاه علوم پزشکی مشهد
1395,تجربی,756,373,منطقه 2,پزشکی - نیمسال دوم,دانشگاه علوم پزشکی شیراز
1395,تجربی,758,374,منطقه 2,پزشکی - نیمسال اول,دانشگاه علوم پزشکی همدان
1395,تجربی,760,376,منطقه 2,دندانپزشکی,دانشگاه علوم پزشکی تهران
1395,تجربی,761,377,منطقه 2,دندانپزشکی,دانشگاه علوم پزشکی کرمانشاه
1395,تجربی,763,378,منطقه 2,پزشکی - نیمسال دوم,دانشگاه علوم پزشکی شیراز
1395,تجربی,767,82,منطقه 3,پزشکی - نیمسال دوم,دانشگاه علوم پزشکی شیراز
1395,تجربی,767,379,منطقه 2,دندانپزشکی,دانشگاه علوم پزشکی مشهد
1395,تجربی,767,379,منطقه 2,پزشکی - نیمسال دوم,دانشگاه علوم پزشکی شیراز
1395,تجربی,770,381,منطقه 2,دندانپزشکی,دانشگاه علوم پزشکی شیراز
1395,تجربی,771,382,منطقه 2,دندانپزشکی,دانشگاه علوم پزشکی تبریز
1395,تجربی,772,383,منطقه 2,دندانپزشکی,دانشگاه علوم پزشکی تهران
1395,تجربی,772,383,منطقه 2,پزشکی - نیمسال دوم,دانشگاه علوم پزشکی تبریز
1395,تجربی,774,83,منطقه 3,پزشکی - نیمسال دوم,دانشگاه علوم پزشکی مشهد
1395,تجربی,776,294,منطقه 1,پزشکی - نیمسال دوم,دانشگاه علوم پزشکی مشهد
1395,تجربی,777,385,منطقه 2,پزشکی - نیمسال دوم,دانشگاه علوم پزشکی مشهد
1395,تجربی,780,296,منطقه 1,دندانپزشکی,دانشگاه علوم پزشکی مشهد
1395,تجربی,780,296,منطقه 1,پزشکی - نیمسال دوم,دانشگاه علوم پزشکی شیراز
1395,تجربی,784,84,منطقه 3,پزشکی - نیمسال دوم,دانشگاه علوم پزشکی مشهد
1395,تجربی,785,387,منطقه 2,پزشکی - نیمسال دوم,دانشگاه علوم پزشکی تبریز
1395,تجربی,787,388,منطقه 2,داروسازی,دانشگاه علوم پزشکی تهران
1395,تجربی,787,388,منطقه 2,پزشکی - نیمسال دوم,دانشگاه علوم پزشکی اصفهان
1395,تجربی,789,390,منطقه 2,پزشکی,دانشگاه علوم پزشکی کرمانشاه
1395,تجربی,791,300,منطقه 1,پزشکی - نیمسال اول,دانشگاه علوم پزشکی تبریز
1395,تجربی,792,391,منطقه 2,پزشکی - نیمسال دوم,دانشگاه علوم پزشکی تبریز
1395,تجربی,793,392,منطقه 2,پزشکی - نیمسال اول,دانشگاه علوم پزشکی اصفهان
1395,تجربی,794,393,منطقه 2,پزشکی - نیمسال دوم,دانشگاه علوم پزشکی مشهد
1395,تجربی,795,394,منطقه 2,پزشکی - نیمسال اول,دانشگاه علوم پزشکی شهید بهشتی - تهران
1395,تجربی,798,85,منطقه 3,پزشکی - نیمسال اول,دانشگاه علوم پزشکی شیراز
1395,تجربی,798,396,منطقه 2,پزشکی,دانشگاه علوم پزشکی بابل
1395,تجربی,798,396,منطقه 2,پزشکی,دانشگاه علوم پزشکی کرمان
1395,تجربی,801,398,منطقه 2,دندانپزشکی,دانشگاه علوم پزشکی تهران
1395,تجربی,801,398,منطقه 2,پزشکی - نیمسال دوم,دانشگاه علوم پزشکی تبریز
1395,تجربی,806,87,منطقه 3,پزشکی - نیمسال دوم,دانشگاه علوم پزشکی مشهد
1395,تجربی,808,88,منطقه 3,پزشکی - نیمسال اول,دانشگاه علوم پزشکی اصفهان
1395,تجربی,808,304,منطقه 1,پزشکی - نیمسال دوم,دانشگاه علوم پزشکی تبریز
1395,تجربی,808,400,منطقه 2,دندانپزشکی,دانشگاه علوم پزشکی یزد
1395,تجربی,811,305,منطقه 1,دندانپزشکی,دانشگاه علوم پزشکی مشهد
1395,تجربی,811,401,منطقه 2,پزشکی - نیمسال دوم,دانشگاه علوم پزشکی تبریز
1395,تجربی,813,307,منطقه 1,پزشکی - نیمسال دوم,دانشگاه علوم پزشکی تبریز
1395,تجربی,817,90,منطقه 3,پزشکی - نیمسال اول,دانشگاه علوم پزشکی شیراز
1395,تجربی,817,309,منطقه 1,پزشکی - نیمسال اول,دانشگاه علوم پزشکی شهیدبهشتی - تهران
1395,تجربی,817,402,منطقه 2,پزشکی - نیمسال دوم,دانشگاه علوم پزشکی تبریز
1395,تجربی,820,404,منطقه 2,دندانپزشکی,دانشگاه علوم پزشکی اصفهان
1395,تجربی,820,404,منطقه 2,دندانپزشکی,دانشگاه علوم پزشکی مشهد
1395,تجربی,820,404,منطقه 2,پزشکی,دانشگاه علوم پزشکی گلستان - گرگان
1395,تجربی,820,404,منطقه 2,پزشکی - نیمسال اول,دانشگاه علوم پزشکی مشهد
1395,تجربی,823,407,منطقه 2,پزشکی,دانشگاه علوم پزشکی یزد
1395,تجربی,825,310,منطقه 1,پزشکی,دانشگاه علوم پزشکی فسا
1395,تجربی,825,310,منطقه 1,پزشکی - نیمسال دوم,دانشگاه علوم پزشکی تبریز
1395,تجربی,827,312,منطقه 1,پزشکی,دانشگاه علوم پزشکی یزد
1395,تجربی,827,408,منطقه 2,پزشکی - نیمسال اول,دانشگاه علوم پزشکی شهید بهشتی - تهران
1395,تجربی,829,92,منطقه 3,پزشکی - نیمسال دوم,دانشگاه علوم پزشکی تبریز
1395,تجربی,830,313,منطقه 1,پزشکی - نیمسال دوم,دانشگاه علوم پزشکی اصفهان
1395,تجربی,831,409,منطقه 2,پزشکی - نیمسال اول,دانشگاه علوم پزشکی همدان
1395,تجربی,834,94,منطقه 3,پزشکی,دانشگاه علوم پزشکی کرمانشاه
1395,تجربی,834,94,منطقه 3,پزشکی - نیمسال دوم,دانشگاه علوم پزشکی تبریز
1395,تجربی,834,410,منطقه 2,پزشکی - نیمسال اول,دانشگاه علوم پزشکی سمنان
1395,تجربی,837,412,منطقه 2,داروسازی,دانشگاه علوم پزشکی مشهد
1395,تجربی,837,412,منطقه 2,دندانپزشکی,دانشگاه علوم پزشکی اصفهان
1395,تجربی,840,414,منطقه 2,پزشکی - نیمسال اول,دانشگاه علوم پزشکی البرز - کرج
1395,تجربی,841,415,منطقه 2,پزشکی - نیمسال اول,دانشگاه علوم پزشکی گیلان - رشت
1395,تجربی,842,416,منطقه 2,پزشکی - نیمسال اول,دانشگاه علوم پزشکی همدان
1395,تجربی,844,417,منطقه 2,پزشکی - نیمسال دوم,دانشگاه علوم پزشکی تبریز
1395,تجربی,846,418,منطقه 2,پزشکی - نیمسال دوم,دانشگاه علوم پزشکی تبریز
1395,تجربی,848,96,منطقه 3,پزشکی - نیمسال دوم,دانشگاه علوم پزشکی تبریز
1395,تجربی,850,97,منطقه 3,پزشکی,دانشگاه علوم پزشکی تهران
1395,تجربی,851,419,منطقه 2,پزشکی - نیمسال اول,دانشگاه علوم پزشکی البرز - کرج
1395,تجربی,851,419,منطقه 2,پزشکی - نیمسال اول,دانشگاه علوم پزشکی شیراز
1395,تجربی,853,421,منطقه 2,پزشکی,دانشگاه علوم پزشکی بابل
1395,تجربی,853,421,منطقه 2,پزشکی - نیمسال اول,دانشگاه علوم پزشکی اصفهان
1395,تجربی,856,98,منطقه 3,داروسازی,دانشگاه علوم پزشکی تهران
1395,تجربی,856,423,منطقه 2,دندانپزشکی,دانشگاه علوم پزشکی خراسان شمالی - بجنورد
1395,تجربی,859,424,منطقه 2,پزشکی,دانشگاه علوم پزشکی یزد
1395,تجربی,859,424,منطقه 2,پزشکی - نیمسال اول,دانشگاه علوم پزشکی شهید بهشتی - تهران
1395,تجربی,861,99,منطقه 3,پزشکی - نیمسال دوم,دانشگاه علوم پزشکی شیراز
1395,تجربی,864,101,منطقه 3,پزشکی - نیمسال اول,دانشگاه علوم پزشکی گیلان - رشت
1395,تجربی,864,101,منطقه 3,پزشکی - نیمسال دوم,دانشگاه علوم پزشکی تبریز
1395,تجربی,866,426,منطقه 2,پزشکی - نیمسال اول,دانشگاه علوم پزشکی جندی شاپور اهواز
1395,تجربی,868,103,منطقه 3,پزشکی,دانشگاه علوم پزشکی تهران
1395,تجربی,868,427,منطقه 2,پزشکی - نیمسال اول,دانشگاه علوم پزشکی گیلان - رشت
1395,تجربی,868,427,منطقه 2,پزشکی - نیمسال دوم,دانشگاه علوم پزشکی تبریز
1395,تجربی,872,104,منطقه 3,پزشکی - نیمسال اول,دانشگاه علوم پزشکی ارومیه
1395,تجربی,872,429,منطقه 2,دندانپزشکی,دانشگاه علوم پزشکی مشهد
1395,تجربی,874,430,منطقه 2,دندانپزشکی,دانشگاه علوم پزشکی شیراز
1395,تجربی,875,105,منطقه 3,پزشکی - نیمسال اول,دانشگاه علوم پزشکی البرز - کرج
1395,تجربی,876,324,منطقه 1,پزشکی - نیمسال اول,دانشگاه علوم پزشکی ارومیه
1395,تجربی,879,326,منطقه 1,پزشکی - نیمسال دوم,دانشگاه علوم پزشکی اصفهان
1395,تجربی,881,432,منطقه 2,پزشکی,دانشگاه علوم پزشکی بابل
1395,تجربی,883,106,منطقه 3,پزشکی - نیمسال اول,دانشگاه علوم پزشکی مشهد
1395,تجربی,883,328,منطقه 1,پزشکی,دانشگاه علوم پزشکی یزد
1395,تجربی,883,433,منطقه 2,پزشکی - نیمسال دوم,دانشگاه علوم پزشکی شیراز
1395,تجربی,887,331,منطقه 1,دندانپزشکی,دانشگاه علوم پزشکی تهران
1395,تجربی,887,331,منطقه 1,پزشکی - نیمسال اول,دانشگاه علوم پزشکی البرز - کرج
1395,تجربی,889,434,منطقه 2,پزشکی - نیمسال اول,دانشگاه علوم پزشکی گیلان - رشت
1395,تجربی,891,435,منطقه 2,پزشکی - نیمسال دوم,دانشگاه علوم پزشکی اصفهان
1395,تجربی,892,436,منطقه 2,پزشکی - نیمسال اول,دانشگاه علوم پزشکی همدان
1395,تجربی,894,335,منطقه 1,دندانپزشکی,دانشگاه علوم پزشکی اصفهان
1395,تجربی,897,437,منطقه 2,پزشکی,دانشگاه علوم پزشکی اردبیل
1395,تجربی,899,439,منطقه 2,دندانپزشکی,دانشگاه علوم پزشکی تهران
1395,تجربی,899,439,منطقه 2,پزشکی,دانشگاه علوم پزشکی کرمانشاه
1395,تجربی,899,439,منطقه 2,پزشکی - نیمسال اول,دانشگاه علوم پزشکی شیراز
1395,تجربی,902,442,منطقه 2,دندانپزشکی,دانشگاه علوم پزشکی اصفهان
1395,تجربی,904,444,منطقه 2,پزشکی,دانشگاه علوم پزشکی کرمانشاه
1395,تجربی,906,338,منطقه 1,پزشکی,دانشگاه علوم پزشکی یزد
1395,تجربی,906,445,منطقه 2,دندانپزشکی,دانشگاه علوم پزشکی تبریز
1395,تجربی,906,445,منطقه 2,پزشکی - نیمسال دوم,دانشگاه علوم پزشکی اصفهان
1395,تجربی,908,339,منطقه 1,پزشکی - نیمسال دوم,دانشگاه علوم پزشکی اصفهان
1395,تجربی,909,447,منطقه 2,دندانپزشکی,دانشگاه علوم پزشکی تهران
1395,تجربی,910,448,منطقه 2,پزشکی - نیمسال دوم,دانشگاه علوم پزشکی اصفهان
1395,تجربی,912,449,منطقه 2,پزشکی - نیمسال اول,دانشگاه علوم پزشکی اصفهان
1395,تجربی,913,450,منطقه 2,دندانپزشکی,دانشگاه علوم پزشکی تبریز
1395,تجربی,913,450,منطقه 2,پزشکی - نیمسال دوم,دانشگاه علوم پزشکی تبریز
1395,تجربی,915,452,منطقه 2,دندانپزشکی,دانشگاه علوم پزشکی یزد
1395,تجربی,915,452,منطقه 2,پزشکی - نیمسال اول,دانشگاه علوم پزشکی جندی شاپور اهواز
1395,تجربی,919,454,منطقه 2,دندانپزشکی,دانشگاه علوم پزشکی شیراز
1395,تجربی,922,107,منطقه 3,پزشکی,دانشگاه علوم پزشکی تهران
1395,تجربی,922,343,منطقه 1,پزشکی - نیمسال اول,دانشگاه علوم پزشکی اصفهان
1395,تجربی,922,456,منطقه 2,داروسازی,دانشگاه علوم پزشکی تهران
1395,تجربی,924,108,منطقه 3,پزشکی,دانشگاه علوم پزشکی زنجان
1395,تجربی,924,457,منطقه 2,پزشکی - نیمسال دوم,دانشگاه علوم پزشکی شیراز
1395,تجربی,926,458,منطقه 2,پزشکی - نیمسال اول,دانشگاه علوم پزشکی مازندران - ساری
1395,تجربی,928,344,منطقه 1,دندانپزشکی,دانشگاه علوم پزشکی مشهد
1395,تجربی,928,459,منطقه 2,پزشکی,دانشگاه علوم پزشکی اردبیل
1395,تجربی,931,109,منطقه 3,دندانپزشکی,دانشگاه علوم پزشکی تبریز
1395,تجربی,931,461,منطقه 2,پزشکی,دانشگاه علوم پزشکی بابل
1395,تجربی,931,461,منطقه 2,پزشکی - نیمسال دوم,دانشگاه علوم پزشکی مشهد
1395,تجربی,933,463,منطقه 2,دندانپزشکی,دانشگاه علوم پزشکی شیراز
1395,تجربی,934,464,منطقه 2,پزشکی,دانشگاه علوم پزشکی یزد
1395,تجربی,934,464,منطقه 2,پزشکی - نیمسال اول,دانشگاه علوم پزشکی همدان
1395,تجربی,936,110,منطقه 3,پزشکی - نیمسال اول,دانشگاه علوم پزشکی گیلان - رشت
1395,تجربی,936,466,منطقه 2,پزشکی - نیمسال اول,دانشگاه علوم پزشکی جندی شاپور اهواز
1395,تجربی,938,111,منطقه 3,دندانپزشکی,دانشگاه علوم پزشکی بابل
1395,تجربی,939,112,منطقه 3,پزشکی - نیمسال دوم,دانشگاه علوم پزشکی شیراز
1395,تجربی,940,113,منطقه 3,پزشکی - نیمسال اول,دانشگاه علوم پزشکی بیرجند
1395,تجربی,942,346,منطقه 1,دندانپزشکی,دانشگاه علوم پزشکی شیراز
1395,تجربی,945,348,منطقه 1,دندانپزشکی,دانشگاه علوم پزشکی تبریز
1395,تجربی,945,467,منطقه 2,پزشکی - نیمسال اول,دانشگاه علوم پزشکی شهرکرد
1395,تجربی,947,115,منطقه 3,پزشکی,دانشگاه علوم پزشکی بابل
1395,تجربی,947,468,منطقه 2,پزشکی - نیمسال دوم,دانشگاه علوم پزشکی البرز - کرج
1395,تجربی,949,116,منطقه 3,داروسازی,دانشگاه علوم پزشکی تهران
1395,تجربی,949,469,منطقه 2,پزشکی,دانشگاه علوم پزشکی زنجان
1395,تجربی,953,117,منطقه 3,پزشکی - نیمسال دوم,دانشگاه علوم پزشکی شیراز
1395,تجربی,953,349,منطقه 1,دندانپزشکی,دانشگاه علوم پزشکی کاشان
1395,تجربی,953,471,منطقه 2,دندانپزشکی,دانشگاه علوم پزشکی تبریز
1395,تجربی,953,471,منطقه 2,پزشکی - نیمسال اول,دانشگاه علوم پزشکی اصفهان
1395,تجربی,953,471,منطقه 2,پزشکی - نیمسال اول,دانشگاه علوم پزشکی تبریز
1395,تجربی,957,118,منطقه 3,پزشکی,دانشگاه علوم پزشکی بابل
1395,تجربی,957,473,منطقه 2,پزشکی - نیمسال اول,دانشگاه علوم پزشکی بیرجند
1395,تجربی,957,473,منطقه 2,پزشکی - نیمسال اول,دانشگاه علوم پزشکی شهید بهشتی - تهران
1395,تجربی,959,475,منطقه 2,پزشکی - نیمسال دوم,دانشگاه علوم پزشکی شهید بهشتی - تهران
1395,تجربی,961,477,منطقه 2,پزشکی,دانشگاه علوم پزشکی بابل
1395,تجربی,963,119,منطقه 3,پزشکی - نیمسال دوم,دانشگاه علوم پزشکی شیراز
1395,تجربی,963,478,منطقه 2,پزشکی - نیمسال اول,دانشگاه علوم پزشکی مازندران - ساری
1395,تجربی,965,120,منطقه 3,پزشکی - نیمسال اول,دانشگاه علوم پزشکی مازندران - ساری
1395,تجربی,967,351,منطقه 1,پزشکی - نیمسال اول,دانشگاه علوم پزشکی تبریز
1395,تجربی,969,353,منطقه 1,دندانپزشکی,دانشگاه علوم پزشکی تبریز
1395,تجربی,969,480,منطقه 2,پزشکی,دانشگاه علوم پزشکی بابل
1395,تجربی,971,481,منطقه 2,پزشکی,دانشگاه علوم پزشکی یزد
1395,تجربی,973,355,منطقه 1,پزشکی,دانشگاه علوم پزشکی کرمان
1395,تجربی,973,482,منطقه 2,دندانپزشکی,دانشگاه علوم پزشکی شیراز
1395,تجربی,976,484,منطقه 2,پزشکی - نیمسال اول,دانشگاه علوم پزشکی اصفهان
1395,تجربی,976,484,منطقه 2,پزشکی - نیمسال دوم,دانشگاه علوم پزشکی شیراز
1395,تجربی,979,121,منطقه 3,پزشکی - نیمسال اول,دانشگاه علوم پزشکی گیلان - رشت
1395,تجربی,979,356,منطقه 1,پزشکی - نیمسال اول,دانشگاه علوم پزشکی شهرکرد
1395,تجربی,979,486,منطقه 2,دندانپزشکی,دانشگاه علوم پزشکی شیراز
1395,تجربی,979,486,منطقه 2,پزشکی,دانشگاه علوم پزشکی بابل
1395,تجربی,982,488,منطقه 2,دندانپزشکی,دانشگاه علوم پزشکی تهران
1395,تجربی,984,489,منطقه 2,پزشکی - نیمسال اول,دانشگاه علوم پزشکی تبریز
1395,تجربی,986,490,منطقه 2,پزشکی,دانشگاه علوم پزشکی کرمانشاه
1395,تجربی,986,490,منطقه 2,پزشکی - نیمسال اول,دانشگاه علوم پزشکی گیلان - رشت
1395,تجربی,988,492,منطقه 2,پزشکی - نیمسال اول,دانشگاه علوم پزشکی ارومیه
1395,تجربی,989,493,منطقه 2,دندانپزشکی,دانشگاه علوم پزشکی بابل
1395,تجربی,989,493,منطقه 2,دندانپزشکی,دانشگاه علوم پزشکی همدان
1395,تجربی,991,124,منطقه 3,پزشکی - نیمسال اول,دانشگاه علوم پزشکی بیرجند
1395,تجربی,991,495,منطقه 2,پزشکی - نیمسال دوم,دانشگاه علوم پزشکی شیراز
1395,تجربی,993,496,منطقه 2,پزشکی - نیمسال دوم,دانشگاه علوم پزشکی شهید بهشتی - تهران
1395,تجربی,994,497,منطقه 2,پزشکی - نیمسال اول,دانشگاه علوم پزشکی ارومیه
1395,تجربی,995,498,منطقه 2,پزشکی,دانشگاه علوم پزشکی کرمانشاه
1395,تجربی,995,498,منطقه 2,پزشکی - نیمسال اول,دانشگاه علوم پزشکی تبریز
1395,تجربی,997,500,منطقه 2,پزشکی - نیمسال اول,دانشگاه علوم پزشکی مازندران - ساری
1395,تجربی,999,501,منطقه 2,دندانپزشکی,دانشگاه علوم پزشکی البرز - کرج
1395,تجربی,1000,502,منطقه 2,پزشکی - نیمسال اول,دانشگاه علوم پزشکی همدان
1395,تجربی,1002,503,منطقه 2,پزشکی - نیمسال اول,دانشگاه علوم پزشکی ارومیه
1395,تجربی,1003,504,منطقه 2,پزشکی,دانشگاه علوم پزشکی بابل
1395,تجربی,1003,504,منطقه 2,پزشکی - نیمسال دوم,دانشگاه علوم پزشکی مشهد
1395,تجربی,1006,506,منطقه 2,پزشکی - نیمسال دوم,دانشگاه علوم پزشکی مشهد
1395,تجربی,1008,508,منطقه 2,پزشکی - نیمسال اول,دانشگاه علوم پزشکی تبریز
1395,تجربی,1008,508,منطقه 2,پزشکی - نیمسال دوم,دانشگاه علوم پزشکی شیراز
1395,تجربی,1008,508,منطقه 2,پزشکی - نیمسال دوم,دانشگاه علوم پزشکی مشهد
1395,تجربی,1010,510,منطقه 2,پزشکی - نیمسال اول,دانشگاه علوم پزشکی ارومیه
1395,تجربی,1011,360,منطقه 1,دندانپزشکی,دانشگاه علوم پزشکی مشهد
1395,تجربی,1011,511,منطقه 2,پزشکی - نیمسال اول,دانشگاه علوم پزشکی تبریز
1395,تجربی,1013,125,منطقه 3,پزشکی - نیمسال دوم,دانشگاه علوم پزشکی مشهد
1395,تجربی,1015,512,منطقه 2,پزشکی,دانشگاه علوم پزشکی یزد
1395,تجربی,1020,364,منطقه 1,پزشکی - نیمسال اول,دانشگاه علوم پزشکی جندی شاپور اهواز
1395,تجربی,1020,514,منطقه 2,دندانپزشکی,دانشگاه علوم پزشکی بابل
1395,تجربی,1022,126,منطقه 3,پزشکی - نیمسال دوم,دانشگاه علوم پزشکی مشهد
1395,تجربی,1024,515,منطقه 2,پزشکی,دانشگاه علوم پزشکی بابل
1395,تجربی,1024,515,منطقه 2,پزشکی - نیمسال اول,دانشگاه علوم پزشکی البرز - کرج
1395,تجربی,1027,368,منطقه 1,دندانپزشکی,دانشگاه علوم پزشکی مشهد
1395,تجربی,1029,127,منطقه 3,پزشکی - نیمسال اول,دانشگاه علوم پزشکی ارومیه
1395,تجربی,1034,519,منطقه 2,پزشکی - نیمسال اول,دانشگاه علوم پزشکی اصفهان
1395,تجربی,1036,129,منطقه 3,پزشکی - نیمسال اول,دانشگاه علوم پزشکی همدان
1395,تجربی,1038,521,منطقه 2,پزشکی,دانشگاه علوم پزشکی قزوین
1395,تجربی,1038,521,منطقه 2,پزشکی - نیمسال اول,دانشگاه علوم پزشکی اصفهان
1395,تجربی,1038,521,منطقه 2,پزشکی - نیمسال اول,دانشگاه علوم پزشکی مازندران - ساری
1395,تجربی,1042,373,منطقه 1,دندانپزشکی,دانشگاه علوم پزشکی شیراز
1395,تجربی,1042,524,منطقه 2,پزشکی,دانشگاه علوم پزشکی یزد
1395,تجربی,1044,130,منطقه 3,پزشکی - نیمسال اول,دانشگاه علوم پزشکی اصفهان
1395,تجربی,1044,525,منطقه 2,پزشکی - نیمسال اول,دانشگاه علوم پزشکی همدان
1395,تجربی,1046,374,منطقه 1,پزشکی - نیمسال اول,دانشگاه علوم پزشکی البرز - کرج
1395,تجربی,1048,527,منطقه 2,پزشکی,دانشگاه علوم پزشکی یزد
1395,تجربی,1049,375,منطقه 1,پزشکی - نیمسال اول,دانشگاه علوم پزشکی البرز - کرج
1395,تجربی,1049,375,منطقه 1,پزشکی - نیمسال اول,دانشگاه علوم پزشکی گیلان - رشت
1395,تجربی,1053,379,منطقه 1,داروسازی,دانشگاه علوم پزشکی تهران
1395,تجربی,1053,379,منطقه 1,پزشکی - نیمسال اول,دانشگاه علوم پزشکی بیرجند
1395,تجربی,1053,528,منطقه 2,پزشکی - نیمسال اول,دانشگاه علوم پزشکی مازندران - ساری
1395,تجربی,1057,381,منطقه 1,پزشکی,دانشگاه علوم پزشکی فسا
1395,تجربی,1057,381,منطقه 1,پزشکی - نیمسال دوم,دانشگاه علوم پزشکی شیراز
1395,تجربی,1057,529,منطقه 2,پزشکی,دانشگاه علوم پزشکی زنجان
1395,تجربی,1057,529,منطقه 2,پزشکی,دانشگاه علوم پزشکی قم
1395,تجربی,1060,531,منطقه 2,پزشکی,دانشگاه علوم پزشکی ایران
1395,تجربی,1062,532,منطقه 2,دندانپزشکی,دانشگاه علوم پزشکی البرز - کرج
1395,تجربی,1066,131,منطقه 3,پزشکی - نیمسال اول,دانشگاه علوم پزشکی جندی شاپور اهواز
1395,تجربی,1066,533,منطقه 2,پزشکی - نیمسال اول,دانشگاه علوم پزشکی ارومیه
1395,تجربی,1066,533,منطقه 2,پزشکی - نیمسال دوم,دانشگاه علوم پزشکی شیراز
1395,تجربی,1070,386,منطقه 1,دندانپزشکی,دانشگاه علوم پزشکی شیراز
1395,تجربی,1070,535,منطقه 2,داروسازی,دانشگاه علوم پزشکی تهران
1395,تجربی,1070,535,منطقه 2,پزشکی - نیمسال اول,دانشگاه علوم پزشکی اراک
1395,تجربی,1072,537,منطقه 2,پزشکی - نیمسال اول,دانشگاه علوم پزشکی زاهدان
1395,تجربی,1075,133,منطقه 3,پزشکی - نیمسال اول,دانشگاه علوم پزشکی ارومیه
1395,تجربی,1075,538,منطقه 2,پزشکی - نیمسال دوم,دانشگاه علوم پزشکی شیراز
1395,تجربی,1077,388,منطقه 1,دندانپزشکی,دانشگاه علوم پزشکی زنجان
1395,تجربی,1077,539,منطقه 2,پزشکی,دانشگاه علوم پزشکی بابل
1395,تجربی,1079,134,منطقه 3,پزشکی - نیمسال دوم,دانشگاه علوم پزشکی تبریز
1395,تجربی,1079,540,منطقه 2,پزشکی - نیمسال دوم,دانشگاه علوم پزشکی مشهد
1395,تجربی,1083,135,منطقه 3,دندانپزشکی,دانشگاه علوم پزشکی شیراز
1395,تجربی,1083,135,منطقه 3,پزشکی - نیمسال دوم,دانشگاه علوم پزشکی تبریز
1395,تجربی,1083,389,منطقه 1,پزشکی - نیمسال اول,دانشگاه علوم پزشکی مازندران - ساری
1395,تجربی,1083,541,منطقه 2,پزشکی,دانشگاه علوم پزشکی یزد
1395,تجربی,1083,541,منطقه 2,پزشکی - نیمسال اول,دانشگاه علوم پزشکی اصفهان
1395,تجربی,1086,137,منطقه 3,پزشکی - نیمسال اول,دانشگاه علوم پزشکی کردستان - سنندج
1395,تجربی,1087,390,منطقه 1,پزشکی - نیمسال اول,دانشگاه علوم پزشکی اصفهان
1395,تجربی,1089,543,منطقه 2,پزشکی,دانشگاه علوم پزشکی بابل
1395,تجربی,1089,543,منطقه 2,پزشکی - نیمسال اول,دانشگاه علوم پزشکی جندی شاپور اهواز
1395,تجربی,1093,138,منطقه 3,پزشکی - نیمسال اول,دانشگاه علوم پزشکی شیراز
1395,تجربی,1093,138,منطقه 3,پزشکی - نیمسال اول,دانشگاه علوم پزشکی گیلان - رشت
1395,تجربی,1093,545,منطقه 2,پزشکی,دانشگاه علوم پزشکی قزوین
1395,تجربی,1097,395,منطقه 1,دندانپزشکی,دانشگاه علوم پزشکی تبریز
1395,تجربی,1097,395,منطقه 1,پزشکی - نیمسال اول,دانشگاه علوم پزشکی ارومیه
1395,تجربی,1097,395,منطقه 1,پزشکی - نیمسال دوم,دانشگاه علوم پزشکی اصفهان
1395,تجربی,1099,546,منطقه 2,پزشکی,دانشگاه علوم پزشکی بابل
1395,تجربی,1101,397,منطقه 1,پزشکی - نیمسال دوم,دانشگاه علوم پزشکی شیراز
1395,تجربی,1103,548,منطقه 2,پزشکی - نیمسال اول,دانشگاه علوم پزشکی گیلان - رشت
1395,تجربی,1103,548,منطقه 2,پزشکی - نیمسال دوم,دانشگاه علوم پزشکی شهید بهشتی - تهران
1395,تجربی,1108,401,منطقه 1,پزشکی - نیمسال دوم,دانشگاه علوم پزشکی مشهد
1395,تجربی,1110,551,منطقه 2,پزشکی - نیمسال اول,دانشگاه علوم پزشکی همدان
1395,تجربی,1110,551,منطقه 2,پزشکی - نیمسال اول,دانشگاه علوم پزشکی گیلان - رشت
1395,تجربی,1112,553,منطقه 2,دندانپزشکی,دانشگاه علوم پزشکی اصفهان
1395,تجربی,1112,553,منطقه 2,پزشکی,دانشگاه علوم پزشکی اردبیل
1395,تجربی,1114,555,منطقه 2,پزشکی - نیمسال اول,دانشگاه علوم پزشکی تبریز
1395,تجربی,1116,556,منطقه 2,پزشکی - نیمسال اول,دانشگاه علوم پزشکی مازندران - ساری
1395,تجربی,1117,557,منطقه 2,پزشکی,دانشگاه علوم پزشکی زنجان
1395,تجربی,1119,140,منطقه 3,پزشکی - نیمسال اول,دانشگاه علوم پزشکی شیراز
1395,تجربی,1122,559,منطقه 2,پزشکی - نیمسال اول,دانشگاه علوم پزشکی مازندران - ساری
1395,تجربی,1122,559,منطقه 2,پزشکی - نیمسال اول,دانشگاه علوم پزشکی کردستان - سنندج
1395,تجربی,1126,142,منطقه 3,پزشکی - نیمسال اول,دانشگاه علوم پزشکی همدان
1395,تجربی,1126,561,منطقه 2,پزشکی - نیمسال اول,دانشگاه علوم پزشکی مازندران - ساری
1395,تجربی,1129,563,منطقه 2,دندانپزشکی,دانشگاه علوم پزشکی اصفهان
1395,تجربی,1129,563,منطقه 2,پزشکی - نیمسال اول,دانشگاه علوم پزشکی تبریز
1395,تجربی,1132,565,منطقه 2,دندانپزشکی,دانشگاه علوم پزشکی شیراز
1395,تجربی,1132,565,منطقه 2,پزشکی,دانشگاه علوم پزشکی یزد
1395,تجربی,1134,567,منطقه 2,پزشکی - نیمسال دوم,دانشگاه علوم پزشکی همدان
1395,تجربی,1135,568,منطقه 2,پزشکی - نیمسال دوم,دانشگاه علوم پزشکی مشهد
1395,تجربی,1137,569,منطقه 2,پزشکی,دانشگاه علوم پزشکی کرمانشاه
1395,تجربی,1137,569,منطقه 2,پزشکی - نیمسال دوم,دانشگاه علوم پزشکی شیراز
1395,تجربی,1139,408,منطقه 1,پزشکی - نیمسال دوم,دانشگاه علوم پزشکی شیراز
1395,تجربی,1139,571,منطقه 2,پزشکی - نیمسال دوم,دانشگاه علوم پزشکی اصفهان
1395,تجربی,1142,410,منطقه 1,پزشکی,دانشگاه علوم پزشکی کاشان
1395,تجربی,1142,410,منطقه 1,پزشکی - نیمسال اول,دانشگاه علوم پزشکی تبریز
1395,تجربی,1142,572,منطقه 2,پزشکی,دانشگاه علوم پزشکی کرمان
1395,تجربی,1145,143,منطقه 3,پزشکی - نیمسال اول,دانشگاه علوم پزشکی کردستان - سنندج
1395,تجربی,1145,412,منطقه 1,دندانپزشکی,دانشگاه شاهد - تهران(رشته های پزشکی)
1395,تجربی,1147,413,منطقه 1,دندانپزشکی,دانشگاه علوم پزشکی ارومیه
1395,تجربی,1150,415,منطقه 1,دندانپزشکی,دانشگاه علوم پزشکی یزد
1395,تجربی,1151,416,منطقه 1,پزشکی,دانشگاه شاهد - تهران(رشته های پزشکی)
1395,تجربی,1153,144,منطقه 3,پزشکی - نیمسال دوم,دانشگاه علوم پزشکی تبریز
1395,تجربی,1153,417,منطقه 1,پزشکی - نیمسال اول,دانشگاه علوم پزشکی تبریز
1395,تجربی,1153,574,منطقه 2,پزشکی,دانشگاه علوم پزشکی کرمان
1395,تجربی,1156,145,منطقه 3,پزشکی - نیمسال دوم,دانشگاه علوم پزشکی شیراز
1395,تجربی,1156,576,منطقه 2,دندانپزشکی,دانشگاه علوم پزشکی اراک
1395,تجربی,1156,576,منطقه 2,دندانپزشکی,دانشگاه علوم پزشکی بابل
1395,تجربی,1161,146,منطقه 3,دندانپزشکی,دانشگاه علوم پزشکی مشهد
1395,تجربی,1161,146,منطقه 3,پزشکی,دانشگاه علوم پزشکی کرمانشاه
1395,تجربی,1161,578,منطقه 2,دندانپزشکی,دانشگاه علوم پزشکی کاشان
1395,تجربی,1161,578,منطقه 2,پزشکی,دانشگاه علوم پزشکی کرمان
1395,تجربی,1165,580,منطقه 2,دندانپزشکی,دانشگاه علوم پزشکی بابل
1395,تجربی,1165,580,منطقه 2,پزشکی - نیمسال اول,دانشگاه علوم پزشکی مازندران - ساری
1395,تجربی,1167,582,منطقه 2,پزشکی,دانشگاه علوم پزشکی اردبیل
1395,تجربی,1169,148,منطقه 3,پزشکی - نیمسال اول,دانشگاه علوم پزشکی جندی شاپور اهواز
1395,تجربی,1170,583,منطقه 2,پزشکی - نیمسال دوم,دانشگاه علوم پزشکی شهید بهشتی - تهران
1395,تجربی,1172,149,منطقه 3,پزشکی - نیمسال اول,دانشگاه علوم پزشکی همدان
1395,تجربی,1176,423,منطقه 1,دندانپزشکی,دانشگاه علوم پزشکی تبریز
1395,تجربی,1176,423,منطقه 1,پزشکی - نیمسال دوم,دانشگاه علوم پزشکی اصفهان
1395,تجربی,1176,585,منطقه 2,پزشکی,دانشگاه علوم پزشکی بابل
1395,تجربی,1176,585,منطقه 2,پزشکی - نیمسال دوم,دانشگاه علوم پزشکی اصفهان
1395,تجربی,1179,425,منطقه 1,پزشکی,دانشگاه شاهد - تهران(رشته های پزشکی)
1395,تجربی,1181,150,منطقه 3,پزشکی - نیمسال دوم,دانشگاه علوم پزشکی مشهد
1395,تجربی,1184,427,منطقه 1,پزشکی - نیمسال اول,دانشگاه علوم پزشکی ارومیه
1395,تجربی,1184,427,منطقه 1,پزشکی - نیمسال دوم,دانشگاه علوم پزشکی البرز - کرج
1395,تجربی,1184,588,منطقه 2,دندانپزشکی,دانشگاه علوم پزشکی اصفهان
1395,تجربی,1184,588,منطقه 2,دندانپزشکی - محل تحصیل پردیس خودگردان دانشگاه واقع درتهران,دانشگاه علوم پزشکی شهیدبهشتی - تهران
1395,تجربی,1184,588,منطقه 2,پزشکی - نیمسال اول,دانشگاه علوم پزشکی مازندران - ساری
1395,تجربی,1184,588,منطقه 2,پزشکی - نیمسال دوم,دانشگاه علوم پزشکی اصفهان
1395,تجربی,1190,430,منطقه 1,پزشکی - نیمسال اول,دانشگاه علوم پزشکی ارومیه
1395,تجربی,1190,430,منطقه 1,پزشکی - نیمسال اول,دانشگاه علوم پزشکی البرز - کرج
1395,تجربی,1192,592,منطقه 2,پزشکی - نیمسال اول,دانشگاه علوم پزشکی تبریز
1395,تجربی,1194,593,منطقه 2,دندانپزشکی,دانشگاه علوم پزشکی بابل
1395,تجربی,1197,151,منطقه 3,پزشکی - نیمسال اول,دانشگاه علوم پزشکی تبریز
1395,تجربی,1199,595,منطقه 2,پزشکی - نیمسال اول,دانشگاه علوم پزشکی گیلان - رشت
1395,تجربی,1202,597,منطقه 2,دندانپزشکی,دانشگاه علوم پزشکی بیرجند
1395,تجربی,1202,597,منطقه 2,پزشکی - نیمسال اول,دانشگاه علوم پزشکی مازندران - ساری
1395,تجربی,1202,597,منطقه 2,پزشکی - نیمسال دوم,دانشگاه علوم پزشکی البرز - کرج
1395,تجربی,1204,599,منطقه 2,پزشکی,دانشگاه علوم پزشکی یزد
1395,تجربی,1208,435,منطقه 1,دندانپزشکی,دانشگاه علوم پزشکی ارومیه
1395,تجربی,1208,435,منطقه 1,دندانپزشکی,دانشگاه علوم پزشکی تبریز
1395,تجربی,1208,601,منطقه 2,دندانپزشکی,دانشگاه علوم پزشکی همدان
1395,تجربی,1208,601,منطقه 2,پزشکی - نیمسال اول,دانشگاه علوم پزشکی مازندران - ساری
1395,تجربی,1211,603,منطقه 2,دندانپزشکی,دانشگاه علوم پزشکی مشهد
1395,تجربی,1213,605,منطقه 2,دندانپزشکی,دانشگاه علوم پزشکی کاشان
1395,تجربی,1213,605,منطقه 2,پزشکی - نیمسال اول,دانشگاه علوم پزشکی گیلان - رشت
1395,تجربی,1215,437,منطقه 1,پزشکی - نیمسال اول,دانشگاه علوم پزشکی ارومیه
1395,تجربی,1217,608,منطقه 2,دندانپزشکی - نیمسال اول,دانشگاه علوم پزشکی شهید بهشتی - تهران
1395,تجربی,1217,608,منطقه 2,پزشکی,دانشگاه علوم پزشکی اردبیل
1395,تجربی,1219,438,منطقه 1,پزشکی - نیمسال دوم,دانشگاه علوم پزشکی اصفهان
1395,تجربی,1219,610,منطقه 2,پزشکی - نیمسال اول,دانشگاه علوم پزشکی همدان
1395,تجربی,1222,612,منطقه 2,پزشکی,دانشگاه علوم پزشکی قزوین
1395,تجربی,1222,612,منطقه 2,پزشکی,دانشگاه علوم پزشکی کرمانشاه
1395,تجربی,1224,153,منطقه 3,پزشکی,دانشگاه علوم پزشکی کرمانشاه
1395,تجربی,1224,614,منطقه 2,پزشکی - نیمسال اول,دانشگاه علوم پزشکی شهیدبهشتی - تهران
1395,تجربی,1229,615,منطقه 2,دندانپزشکی,دانشگاه علوم پزشکی بابل
1395,تجربی,1234,443,منطقه 1,پزشکی - نیمسال اول,دانشگاه علوم پزشکی البرز - کرج
1395,تجربی,1234,618,منطقه 2,پزشکی,دانشگاه علوم پزشکی کاشان
1395,تجربی,1237,445,منطقه 1,پزشکی,دانشگاه علوم پزشکی کاشان
1395,تجربی,1237,445,منطقه 1,پزشکی - نیمسال اول,دانشگاه علوم پزشکی البرز - کرج
1395,تجربی,1237,619,منطقه 2,پزشکی,دانشگاه علوم پزشکی گلستان - گرگان
1395,تجربی,1240,154,منطقه 3,پزشکی - نیمسال اول,دانشگاه علوم پزشکی بندرعباس
1395,تجربی,1240,620,منطقه 2,پزشکی,دانشگاه علوم پزشکی یزد
1395,تجربی,1242,21,ایثارگران,دندانپزشکی,دانشگاه علوم پزشکی مشهد
1395,تجربی,1242,448,منطقه 1,پزشکی,دانشگاه علوم پزشکی قم
1395,تجربی,1244,155,منطقه 3,پزشکی,دانشگاه علوم پزشکی یاسوج
1395,تجربی,1244,621,منطقه 2,پزشکی,دانشگاه علوم پزشکی بابل
1395,تجربی,1247,156,منطقه 3,پزشکی - نیمسال اول,دانشگاه علوم پزشکی بیرجند
1395,تجربی,1247,622,منطقه 2,دندانپزشکی,دانشگاه علوم پزشکی همدان
1395,تجربی,1250,451,منطقه 1,پزشکی,دانشگاه علوم پزشکی کاشان
1395,تجربی,1250,623,منطقه 2,پزشکی,دانشگاه علوم پزشکی زنجان
1395,تجربی,1252,452,منطقه 1,دندانپزشکی,دانشگاه علوم پزشکی مشهد
1395,تجربی,1254,157,منطقه 3,پزشکی - نیمسال دوم,دانشگاه علوم پزشکی مشهد
1395,تجربی,1254,453,منطقه 1,دندانپزشکی,دانشگاه علوم پزشکی تبریز
1395,تجربی,1254,453,منطقه 1,پزشکی,دانشگاه علوم پزشکی یزد
1395,تجربی,1256,624,منطقه 2,پزشکی,دانشگاه علوم پزشکی بابل
1395,تجربی,1258,625,منطقه 2,دندانپزشکی,دانشگاه علوم پزشکی بابل
1395,تجربی,1262,456,منطقه 1,پزشکی - نیمسال دوم,دانشگاه علوم پزشکی البرز - کرج
1395,تجربی,1262,626,منطقه 2,پزشکی,دانشگاه علوم پزشکی کرمانشاه
1395,تجربی,1268,460,منطقه 1,پزشکی,دانشگاه علوم پزشکی فسا
1395,تجربی,1268,628,منطقه 2,پزشکی - نیمسال دوم,دانشگاه علوم پزشکی ارومیه
1395,تجربی,1272,463,منطقه 1,پزشکی - نیمسال اول,دانشگاه علوم پزشکی شهیدبهشتی - تهران
1395,تجربی,1272,629,منطقه 2,پزشکی,دانشگاه علوم پزشکی یزد
1395,تجربی,1272,629,منطقه 2,پزشکی - نیمسال دوم,دانشگاه علوم پزشکی گیلان - رشت
1395,تجربی,1276,158,منطقه 3,پزشکی,دانشگاه علوم پزشکی کرمان
1395,تجربی,1277,631,منطقه 2,دندانپزشکی,دانشگاه علوم پزشکی مازندران - ساری
1395,تجربی,1278,632,منطقه 2,پزشکی,دانشگاه علوم پزشکی بابل
1395,تجربی,1278,632,منطقه 2,پزشکی,دانشگاه علوم پزشکی قزوین
1395,تجربی,1280,634,منطقه 2,دندانپزشکی,دانشگاه علوم پزشکی یزد
1395,تجربی,1283,467,منطقه 1,پزشکی,دانشگاه علوم پزشکی بابل
1395,تجربی,1283,467,منطقه 1,پزشکی - نیمسال دوم,دانشگاه علوم پزشکی اصفهان
1395,تجربی,1286,469,منطقه 1,پزشکی - نیمسال دوم,دانشگاه علوم پزشکی اصفهان
1395,تجربی,1287,636,منطقه 2,پزشکی,دانشگاه علوم پزشکی کاشان
1395,تجربی,1289,159,منطقه 3,پزشکی - نیمسال دوم,دانشگاه علوم پزشکی تبریز
1395,تجربی,1289,637,منطقه 2,دندانپزشکی,دانشگاه علوم پزشکی شیراز
1395,تجربی,1292,161,منطقه 3,پزشکی - نیمسال دوم,دانشگاه علوم پزشکی شیراز
1395,تجربی,1294,639,منطقه 2,پزشکی,دانشگاه علوم پزشکی ایران
1395,تجربی,1294,639,منطقه 2,پزشکی - نیمسال اول,دانشگاه علوم پزشکی ارومیه
1395,تجربی,1294,639,منطقه 2,پزشکی - نیمسال اول,دانشگاه علوم پزشکی همدان
1395,تجربی,1296,641,منطقه 2,پزشکی,دانشگاه علوم پزشکی کرمانشاه
1395,تجربی,1298,162,منطقه 3,پزشکی,دانشگاه علوم پزشکی یزد
1395,تجربی,1298,471,منطقه 1,پزشکی,دانشگاه علوم پزشکی قزوین
1395,تجربی,1298,642,منطقه 2,دندانپزشکی,دانشگاه علوم پزشکی بابل
1395,تجربی,1298,642,منطقه 2,پزشکی - نیمسال اول,دانشگاه علوم پزشکی مازندران - ساری
1395,تجربی,1305,473,منطقه 1,داروسازی,دانشگاه علوم پزشکی اصفهان
1395,تجربی,1305,646,منطقه 2,دندانپزشکی - نیمسال دوم,دانشگاه علوم پزشکی شهید بهشتی - تهران
1395,تجربی,1305,646,منطقه 2,پزشکی,دانشگاه علوم پزشکی ایران
1395,تجربی,1305,646,منطقه 2,پزشکی,دانشگاه علوم پزشکی قزوین
1395,تجربی,1305,646,منطقه 2,پزشکی,دانشگاه علوم پزشکی کرمانشاه
1395,تجربی,1305,646,منطقه 2,پزشکی - نیمسال اول,دانشگاه علوم پزشکی همدان
1395,تجربی,1310,650,منطقه 2,پزشکی,دانشگاه علوم پزشکی قزوین
1395,تجربی,1313,164,منطقه 3,پزشکی,دانشگاه علوم پزشکی کرمان
1395,تجربی,1313,164,منطقه 3,پزشکی - نیمسال دوم,دانشگاه علوم پزشکی تبریز
1395,تجربی,1313,164,منطقه 3,پزشکی - نیمسال دوم,دانشگاه علوم پزشکی مشهد
1395,تجربی,1313,651,منطقه 2,دندانپزشکی,دانشگاه علوم پزشکی بابل
1395,تجربی,1313,651,منطقه 2,پزشکی - نیمسال اول,دانشگاه علوم پزشکی کردستان - سنندج
1395,تجربی,1317,654,منطقه 2,پزشکی,دانشگاه علوم پزشکی قزوین
1395,تجربی,1317,654,منطقه 2,پزشکی - نیمسال اول,دانشگاه علوم پزشکی مازندران - ساری
1395,تجربی,1317,654,منطقه 2,پزشکی - نیمسال دوم,دانشگاه علوم پزشکی مشهد
1395,تجربی,1321,657,منطقه 2,دندانپزشکی,دانشگاه علوم پزشکی مشهد
1395,تجربی,1321,657,منطقه 2,پزشکی,دانشگاه علوم پزشکی کرمان
1395,تجربی,1323,659,منطقه 2,پزشکی,دانشگاه علوم پزشکی بابل
1395,تجربی,1323,659,منطقه 2,پزشکی - نیمسال اول,دانشگاه علوم پزشکی مازندران - ساری
1395,تجربی,1325,166,منطقه 3,پزشکی - نیمسال اول,دانشگاه علوم پزشکی لرستان - خرم آباد
1395,تجربی,1327,476,منطقه 1,داروسازی,دانشگاه علوم پزشکی شیراز
1395,تجربی,1327,661,منطقه 2,پزشکی,دانشگاه علوم پزشکی بابل
1395,تجربی,1327,661,منطقه 2,پزشکی,دانشگاه علوم پزشکی زنجان
1395,تجربی,1335,480,منطقه 1,دندانپزشکی,دانشگاه علوم پزشکی کاشان
1395,تجربی,1335,663,منطقه 2,دندانپزشکی,دانشگاه علوم پزشکی گیلان - رشت
1395,تجربی,1335,663,منطقه 2,پزشکی,دانشگاه علوم پزشکی کاشان
1395,تجربی,1337,481,منطقه 1,پزشکی - نیمسال اول,دانشگاه علوم پزشکی شهیدبهشتی - تهران
1395,تجربی,1339,666,منطقه 2,پزشکی,دانشگاه علوم پزشکی فسا
1395,تجربی,1339,666,منطقه 2,پزشکی - نیمسال دوم,دانشگاه علوم پزشکی گیلان - رشت
1395,تجربی,1341,668,منطقه 2,پزشکی,دانشگاه علوم پزشکی یزد
1395,تجربی,1342,669,منطقه 2,پزشکی - نیمسال اول,دانشگاه علوم پزشکی لرستان - خرم آباد
1395,تجربی,1344,670,منطقه 2,پزشکی - نیمسال اول,دانشگاه علوم پزشکی مازندران - ساری
1395,تجربی,1344,670,منطقه 2,پزشکی - نیمسال اول,دانشگاه علوم پزشکی گیلان - رشت
1395,تجربی,1346,483,منطقه 1,پزشکی - نیمسال دوم,دانشگاه علوم پزشکی البرز - کرج
1395,تجربی,1348,673,منطقه 2,پزشکی - نیمسال اول,دانشگاه علوم پزشکی جندی شاپور اهواز
1395,تجربی,1350,674,منطقه 2,دندانپزشکی,دانشگاه علوم پزشکی ارومیه
1395,تجربی,1350,674,منطقه 2,دندانپزشکی,دانشگاه علوم پزشکی اصفهان
1395,تجربی,1352,676,منطقه 2,پزشکی - نیمسال اول,دانشگاه علوم پزشکی ارومیه
1395,تجربی,1352,676,منطقه 2,پزشکی - نیمسال اول,دانشگاه علوم پزشکی جندی شاپور اهواز
1395,تجربی,1354,678,منطقه 2,پزشکی - نیمسال اول,دانشگاه علوم پزشکی جندی شاپور اهواز
1395,تجربی,1356,169,منطقه 3,پزشکی - نیمسال اول,دانشگاه علوم پزشکی مازندران - ساری
1395,تجربی,1356,679,منطقه 2,پزشکی,دانشگاه علوم پزشکی بابل
1395,تجربی,1356,679,منطقه 2,پزشکی,دانشگاه علوم پزشکی کرمانشاه
1395,تجربی,1359,485,منطقه 1,دندانپزشکی,دانشگاه شاهد - تهران(رشته های پزشکی)
1395,تجربی,1359,681,منطقه 2,دندانپزشکی,دانشگاه علوم پزشکی قم
1395,تجربی,1361,170,منطقه 3,پزشکی,دانشگاه علوم پزشکی تهران
1395,تجربی,1363,683,منطقه 2,پزشکی - نیمسال اول,دانشگاه علوم پزشکی مازندران - ساری
1395,تجربی,1366,488,منطقه 1,پزشکی - نیمسال دوم,دانشگاه علوم پزشکی گیلان - رشت
1395,تجربی,1366,684,منطقه 2,پزشکی - نیمسال اول,دانشگاه علوم پزشکی گیلان - رشت
1395,تجربی,1366,684,منطقه 2,پزشکی - نیمسال دوم,دانشگاه علوم پزشکی اصفهان
1395,تجربی,1369,171,منطقه 3,پزشکی - نیمسال دوم,دانشگاه علوم پزشکی مشهد
1395,تجربی,1369,686,منطقه 2,پزشکی,دانشگاه علوم پزشکی بابل
1395,تجربی,1369,686,منطقه 2,پزشکی - نیمسال اول,دانشگاه علوم پزشکی اراک
1395,تجربی,1372,489,منطقه 1,پزشکی - نیمسال دوم,دانشگاه علوم پزشکی تبریز
1395,تجربی,1372,688,منطقه 2,دندانپزشکی,دانشگاه علوم پزشکی اردبیل
1395,تجربی,1374,689,منطقه 2,دندانپزشکی,دانشگاه علوم پزشکی قزوین
1395,تجربی,1376,691,منطقه 2,دندانپزشکی,دانشگاه علوم پزشکی اصفهان
1395,تجربی,1376,691,منطقه 2,پزشکی - نیمسال اول,دانشگاه علوم پزشکی لرستان - خرم آباد
1395,تجربی,1379,694,منطقه 2,پزشکی - نیمسال اول,دانشگاه علوم پزشکی مازندران - ساری
1395,تجربی,1380,491,منطقه 1,دندانپزشکی - محل تحصیل پردیس خودگردان دانشگاه واقع درتهران,دانشگاه علوم پزشکی شهیدبهشتی - تهران
1395,تجربی,1387,495,منطقه 1,پزشکی - نیمسال اول,دانشگاه علوم پزشکی شهیدبهشتی - تهران
1395,تجربی,1387,695,منطقه 2,پزشکی,دانشگاه علوم پزشکی بابل
1395,تجربی,1387,695,منطقه 2,پزشکی - نیمسال اول,دانشگاه علوم پزشکی مازندران - ساری
1395,تجربی,1389,697,منطقه 2,پزشکی - نیمسال اول,دانشگاه علوم پزشکی ارومیه
1395,تجربی,1390,174,منطقه 3,پزشکی - نیمسال اول,دانشگاه علوم پزشکی جندی شاپور اهواز
1395,تجربی,1391,698,منطقه 2,پزشکی,دانشگاه علوم پزشکی قزوین
1395,تجربی,1396,175,منطقه 3,پزشکی,دانشگاه علوم پزشکی زنجان
1395,تجربی,1396,496,منطقه 1,پزشکی - نیمسال دوم,دانشگاه علوم پزشکی تبریز
1395,تجربی,1396,700,منطقه 2,پزشکی - نیمسال دوم,دانشگاه علوم پزشکی اصفهان
1395,تجربی,1396,700,منطقه 2,پزشکی - نیمسال دوم,دانشگاه علوم پزشکی مشهد
1395,تجربی,1400,499,منطقه 1,پزشکی,دانشگاه علوم پزشکی یزد
1395,تجربی,1400,702,منطقه 2,دندانپزشکی,دانشگاه علوم پزشکی اصفهان
1395,تجربی,1403,176,منطقه 3,پزشکی - نیمسال دوم,دانشگاه علوم پزشکی مازندران - ساری
1395,تجربی,1403,703,منطقه 2,پزشکی,دانشگاه علوم پزشکی قم
1395,تجربی,1406,177,منطقه 3,پزشکی,دانشگاه علوم پزشکی کرمان
1395,تجربی,1406,501,منطقه 1,دندانپزشکی,دانشگاه شاهد - تهران(رشته های پزشکی)
1395,تجربی,1406,704,منطقه 2,پزشکی,دانشگاه علوم پزشکی کاشان
1395,تجربی,1409,705,منطقه 2,دندانپزشکی,دانشگاه علوم پزشکی همدان
1395,تجربی,1410,706,منطقه 2,دندانپزشکی,دانشگاه علوم پزشکی شیراز
1395,تجربی,1411,707,منطقه 2,پزشکی - نیمسال دوم,دانشگاه علوم پزشکی تبریز
1395,تجربی,1414,708,منطقه 2,دندانپزشکی,دانشگاه علوم پزشکی البرز - کرج
1395,تجربی,1414,708,منطقه 2,پزشکی - نیمسال اول,دانشگاه علوم پزشکی جندی شاپور اهواز
1395,تجربی,1416,710,منطقه 2,دندانپزشکی,دانشگاه علوم پزشکی رفسنجان
1395,تجربی,1419,178,منطقه 3,پزشکی - نیمسال اول,دانشگاه علوم پزشکی بیرجند
1395,تجربی,1421,508,منطقه 1,پزشکی - نیمسال اول,دانشگاه علوم پزشکی ارومیه
1395,تجربی,1425,179,منطقه 3,پزشکی,دانشگاه علوم پزشکی کرمانشاه
1395,تجربی,1425,179,منطقه 3,پزشکی - نیمسال دوم,دانشگاه علوم پزشکی مشهد
1395,تجربی,1425,711,منطقه 2,پزشکی - نیمسال دوم,دانشگاه علوم پزشکی همدان
1395,تجربی,1429,512,منطقه 1,پزشکی,دانشگاه علوم پزشکی کرمان
1395,تجربی,1429,712,منطقه 2,دندانپزشکی,دانشگاه علوم پزشکی یزد
1395,تجربی,1429,712,منطقه 2,پزشکی - نیمسال دوم,دانشگاه علوم پزشکی گیلان - رشت
1395,تجربی,1433,514,منطقه 1,داروسازی - نیمسال اول,دانشگاه علوم پزشکی تبریز
1395,تجربی,1433,714,منطقه 2,داروسازی,دانشگاه علوم پزشکی شهید بهشتی - تهران
1395,تجربی,1433,714,منطقه 2,دندانپزشکی,دانشگاه علوم پزشکی گیلان - رشت
1395,تجربی,1437,181,منطقه 3,پزشکی - نیمسال اول,دانشگاه علوم پزشکی جهرم
1395,تجربی,1437,716,منطقه 2,پزشکی - نیمسال دوم,دانشگاه علوم پزشکی تبریز
1395,تجربی,1440,182,منطقه 3,پزشکی - نیمسال اول,دانشگاه علوم پزشکی اصفهان
1395,تجربی,1442,718,منطقه 2,پزشکی,دانشگاه علوم پزشکی قم
1395,تجربی,1442,718,منطقه 2,پزشکی - نیمسال اول,دانشگاه علوم پزشکی مازندران - ساری
1395,تجربی,1445,518,منطقه 1,پزشکی,دانشگاه علوم پزشکی قزوین
1395,تجربی,1445,720,منطقه 2,پزشکی - نیمسال اول,دانشگاه علوم پزشکی کردستان - سنندج
1395,تجربی,1445,720,منطقه 2,پزشکی - نیمسال دوم,دانشگاه علوم پزشکی تبریز
1395,تجربی,1448,183,منطقه 3,پزشکی - نیمسال اول,دانشگاه علوم پزشکی ارومیه
1395,تجربی,1448,519,منطقه 1,پزشکی,دانشگاه علوم پزشکی فسا
1395,تجربی,1450,723,منطقه 2,دندانپزشکی,دانشگاه علوم پزشکی همدان
1395,تجربی,1452,184,منطقه 3,پزشکی - نیمسال دوم,دانشگاه علوم پزشکی شیراز
1395,تجربی,1452,724,منطقه 2,داروسازی,دانشگاه علوم پزشکی تهران
1395,تجربی,1452,724,منطقه 2,پزشکی,دانشگاه علوم پزشکی کرمان
1395,تجربی,1455,185,منطقه 3,دندانپزشکی,دانشگاه علوم پزشکی همدان
1395,تجربی,1458,727,منطقه 2,پزشکی - نیمسال دوم,دانشگاه علوم پزشکی اصفهان
1395,تجربی,1458,727,منطقه 2,پزشکی - نیمسال دوم,دانشگاه علوم پزشکی همدان
1395,تجربی,1458,727,منطقه 2,پزشکی - نیمسال دوم,دانشگاه علوم پزشکی گیلان - رشت
1395,تجربی,1461,186,منطقه 3,دندانپزشکی,دانشگاه علوم پزشکی کرمان
1395,تجربی,1461,729,منطقه 2,پزشکی,دانشگاه علوم پزشکی یزد
1395,تجربی,1464,187,منطقه 3,دندانپزشکی - نیمسال اول,دانشگاه علوم پزشکی شهید بهشتی - تهران
1395,تجربی,1464,523,منطقه 1,پزشکی,دانشگاه علوم پزشکی یزد
1395,تجربی,1464,730,منطقه 2,دندانپزشکی,دانشگاه علوم پزشکی همدان
1395,تجربی,1468,732,منطقه 2,پزشکی,دانشگاه علوم پزشکی کرمان
1395,تجربی,1470,525,منطقه 1,دندانپزشکی,دانشگاه علوم پزشکی شهرکرد
1395,تجربی,1473,188,منطقه 3,پزشکی - نیمسال اول,دانشگاه علوم پزشکی تبریز
1395,تجربی,1473,527,منطقه 1,داروسازی,دانشگاه علوم پزشکی مشهد
1395,تجربی,1473,734,منطقه 2,پزشکی - نیمسال دوم,دانشگاه علوم پزشکی همدان
1395,تجربی,1477,736,منطقه 2,پزشکی,دانشگاه علوم پزشکی یزد
1395,تجربی,1479,737,منطقه 2,پزشکی - نیمسال اول,دانشگاه علوم پزشکی جهرم
1395,تجربی,1480,191,منطقه 3,داروسازی,دانشگاه علوم پزشکی یزد
1395,تجربی,1483,528,منطقه 1,پزشکی - نیمسال دوم,دانشگاه علوم پزشکی تبریز
1395,تجربی,1483,739,منطقه 2,داروسازی,دانشگاه علوم پزشکی اصفهان
1395,تجربی,1483,739,منطقه 2,پزشکی,دانشگاه علوم پزشکی کرمان
1395,تجربی,1483,739,منطقه 2,پزشکی - نیمسال دوم,دانشگاه علوم پزشکی گیلان - رشت
1395,تجربی,1487,741,منطقه 2,دندانپزشکی,دانشگاه علوم پزشکی شیراز
1395,تجربی,1487,741,منطقه 2,پزشکی,دانشگاه علوم پزشکی قزوین
1395,تجربی,1492,192,منطقه 3,پزشکی - نیمسال اول,دانشگاه علوم پزشکی شهید بهشتی - تهران
1395,تجربی,1492,531,منطقه 1,پزشکی,دانشگاه علوم پزشکی کاشان
1395,تجربی,1492,531,منطقه 1,پزشکی - نیمسال دوم,دانشگاه علوم پزشکی ارومیه
1395,تجربی,1492,744,منطقه 2,دندانپزشکی,دانشگاه علوم پزشکی ارومیه
1395,تجربی,1492,744,منطقه 2,پزشکی,دانشگاه علوم پزشکی کرمان
1395,تجربی,1492,744,منطقه 2,پزشکی - نیمسال اول,دانشگاه علوم پزشکی اراک
1395,تجربی,1492,744,منطقه 2,پزشکی - نیمسال اول,دانشگاه علوم پزشکی بیرجند
1395,تجربی,1498,747,منطقه 2,داروسازی,دانشگاه علوم پزشکی تهران
1395,تجربی,1498,747,منطقه 2,پزشکی - نیمسال اول,دانشگاه علوم پزشکی جندی شاپور اهواز
1395,تجربی,1500,194,منطقه 3,پزشکی,دانشگاه علوم پزشکی زنجان
1395,تجربی,1501,749,منطقه 2,پزشکی,دانشگاه علوم پزشکی کرمان
1395,تجربی,1503,195,منطقه 3,پزشکی,دانشگاه علوم پزشکی بابل
1395,تجربی,1503,195,منطقه 3,پزشکی - نیمسال اول,دانشگاه علوم پزشکی همدان
1395,تجربی,1503,534,منطقه 1,پزشکی - نیمسال دوم,دانشگاه علوم پزشکی تبریز
1395,تجربی,1505,750,منطقه 2,پزشکی - نیمسال اول,دانشگاه علوم پزشکی جندی شاپور اهواز
1395,تجربی,1506,535,منطقه 1,پزشکی,دانشگاه علوم پزشکی اصفهان
1395,تجربی,1506,751,منطقه 2,پزشکی - نیمسال اول,دانشگاه علوم پزشکی همدان
1395,تجربی,1508,536,منطقه 1,پزشکی,دانشگاه علوم پزشکی قزوین
1395,تجربی,1508,752,منطقه 2,پزشکی - نیمسال دوم,دانشگاه علوم پزشکی ارومیه
1395,تجربی,1512,538,منطقه 1,پزشکی - نیمسال اول,دانشگاه علوم پزشکی بیرجند
1395,تجربی,1512,753,منطقه 2,پزشکی,دانشگاه علوم پزشکی ایران
1395,تجربی,1512,753,منطقه 2,پزشکی - نیمسال دوم,دانشگاه علوم پزشکی همدان
1395,تجربی,1517,756,منطقه 2,پزشکی - نیمسال اول,دانشگاه علوم پزشکی جندی شاپور اهواز
1395,تجربی,1519,758,منطقه 2,دندانپزشکی,دانشگاه علوم پزشکی همدان
1395,تجربی,1519,758,منطقه 2,دندانپزشکی,دانشگاه علوم پزشکی یزد
1395,تجربی,1519,758,منطقه 2,پزشکی - نیمسال دوم,دانشگاه علوم پزشکی گیلان - رشت
1395,تجربی,1521,197,منطقه 3,پزشکی - نیمسال اول,دانشگاه علوم پزشکی همدان
1395,تجربی,1521,541,منطقه 1,پزشکی,دانشگاه علوم پزشکی فسا
1395,تجربی,1525,542,منطقه 1,پزشکی - نیمسال اول,دانشگاه علوم پزشکی بیرجند
1395,تجربی,1525,542,منطقه 1,پزشکی - نیمسال دوم,دانشگاه علوم پزشکی مازندران - ساری
1395,تجربی,1525,760,منطقه 2,پزشکی,دانشگاه علوم پزشکی کاشان
1395,تجربی,1529,544,منطقه 1,دندانپزشکی,دانشگاه علوم پزشکی شهرکرد
1395,تجربی,1529,544,منطقه 1,پزشکی,دانشگاه علوم پزشکی یزد
1395,تجربی,1529,761,منطقه 2,پزشکی,دانشگاه علوم پزشکی بابل
1395,تجربی,1533,201,منطقه 3,پزشکی,دانشگاه علوم پزشکی بابل
1395,تجربی,1533,201,منطقه 3,پزشکی,دانشگاه علوم پزشکی کرمان
1395,تجربی,1533,201,منطقه 3,پزشکی - نیمسال اول,دانشگاه علوم پزشکی ایلام
1395,تجربی,1533,762,منطقه 2,پزشکی - نیمسال اول,دانشگاه علوم پزشکی جندی شاپور اهواز
1395,تجربی,1533,762,منطقه 2,پزشکی - نیمسال دوم,دانشگاه علوم پزشکی اصفهان
1395,تجربی,1537,203,منطقه 3,دندانپزشکی,دانشگاه علوم پزشکی گیلان - رشت
1395,تجربی,1537,546,منطقه 1,پزشکی,دانشگاه علوم پزشکی کاشان
1395,تجربی,1537,546,منطقه 1,پزشکی - نیمسال دوم,دانشگاه علوم پزشکی تبریز
1395,تجربی,1540,548,منطقه 1,پزشکی - نیمسال دوم,دانشگاه علوم پزشکی ارومیه
1395,تجربی,1540,764,منطقه 2,پزشکی,دانشگاه علوم پزشکی قزوین
1395,تجربی,1540,764,منطقه 2,پزشکی - نیمسال دوم,دانشگاه علوم پزشکی گیلان - رشت
1395,تجربی,1543,550,منطقه 1,پزشکی - نیمسال دوم,دانشگاه علوم پزشکی ارومیه
1395,تجربی,1545,766,منطقه 2,پزشکی - نیمسال اول,دانشگاه علوم پزشکی همدان
1395,تجربی,1549,553,منطقه 1,دندانپزشکی,دانشگاه علوم پزشکی یزد
1395,تجربی,1549,768,منطقه 2,دندانپزشکی,دانشگاه علوم پزشکی بابل
1395,تجربی,1549,768,منطقه 2,دندانپزشکی,دانشگاه علوم پزشکی تبریز
1395,تجربی,1549,768,منطقه 2,پزشکی,دانشگاه علوم پزشکی بابل
1395,تجربی,1553,204,منطقه 3,پزشکی,دانشگاه علوم پزشکی کرمانشاه
1395,تجربی,1553,770,منطقه 2,دندانپزشکی,دانشگاه علوم پزشکی گیلان - رشت
1395,تجربی,1555,771,منطقه 2,پزشکی - نیمسال اول,دانشگاه علوم پزشکی جندی شاپور اهواز
1395,تجربی,1559,206,منطقه 3,پزشکی - نیمسال دوم,دانشگاه علوم پزشکی شیراز
1395,تجربی,1562,555,منطقه 1,دندانپزشکی,دانشگاه علوم پزشکی قزوین
1395,تجربی,1562,774,منطقه 2,پزشکی,دانشگاه علوم پزشکی کرمان
1395,تجربی,1562,774,منطقه 2,پزشکی - نیمسال دوم,دانشگاه علوم پزشکی همدان
1395,تجربی,1566,28,ایثارگران,دندانپزشکی,دانشگاه علوم پزشکی تهران
1395,تجربی,1566,556,منطقه 1,دندانپزشکی,دانشگاه علوم پزشکی اصفهان
1395,تجربی,1569,208,منطقه 3,پزشکی - نیمسال دوم,دانشگاه علوم پزشکی تبریز
1395,تجربی,1572,209,منطقه 3,پزشکی - نیمسال اول,دانشگاه علوم پزشکی ارومیه
1395,تجربی,1574,780,منطقه 2,دندانپزشکی,دانشگاه علوم پزشکی شیراز
1395,تجربی,1574,780,منطقه 2,دندانپزشکی,دانشگاه علوم پزشکی همدان
1395,تجربی,1577,211,منطقه 3,پزشکی - نیمسال اول,دانشگاه علوم پزشکی ارومیه
1395,تجربی,1577,782,منطقه 2,پزشکی - نیمسال دوم,دانشگاه علوم پزشکی تبریز
1395,تجربی,1577,782,منطقه 2,پزشکی - نیمسال دوم,دانشگاه علوم پزشکی گیلان - رشت
1395,تجربی,1580,557,منطقه 1,دندانپزشکی,دانشگاه علوم پزشکی یزد
1395,تجربی,1580,557,منطقه 1,پزشکی - نیمسال دوم,دانشگاه علوم پزشکی ارومیه
1395,تجربی,1583,785,منطقه 2,پزشکی,دانشگاه علوم پزشکی بابل
1395,تجربی,1583,785,منطقه 2,پزشکی - نیمسال دوم,دانشگاه علوم پزشکی اصفهان
1395,تجربی,1585,787,منطقه 2,پزشکی,دانشگاه علوم پزشکی زنجان
1395,تجربی,1585,787,منطقه 2,پزشکی,دانشگاه علوم پزشکی کرمان
1395,تجربی,1588,560,منطقه 1,پزشکی,دانشگاه علوم پزشکی مشهد
1395,تجربی,1597,793,منطقه 2,پزشکی,دانشگاه علوم پزشکی کرمان
1395,تجربی,1600,795,منطقه 2,پزشکی,دانشگاه علوم پزشکی ایران
1395,تجربی,1600,795,منطقه 2,پزشکی - نیمسال اول,دانشگاه علوم پزشکی لرستان - خرم آباد
1395,تجربی,1602,797,منطقه 2,پزشکی,دانشگاه علوم پزشکی ایران
1395,تجربی,1604,566,منطقه 1,دندانپزشکی,دانشگاه علوم پزشکی ارومیه
1395,تجربی,1604,798,منطقه 2,پزشکی - نیمسال اول,دانشگاه علوم پزشکی البرز - کرج
1395,تجربی,1608,568,منطقه 1,داروسازی,دانشگاه علوم پزشکی مشهد
1395,تجربی,1608,799,منطقه 2,دندانپزشکی,دانشگاه علوم پزشکی گیلان - رشت
1395,تجربی,1611,800,منطقه 2,پزشکی - نیمسال اول,دانشگاه علوم پزشکی جندی شاپور اهواز
1395,تجربی,1612,571,منطقه 1,پزشکی - نیمسال اول,دانشگاه علوم پزشکی شهرکرد
1395,تجربی,1616,801,منطقه 2,پزشکی,دانشگاه علوم پزشکی فسا
1395,تجربی,1618,575,منطقه 1,پزشکی - نیمسال دوم,دانشگاه علوم پزشکی تبریز
1395,تجربی,1618,802,منطقه 2,پزشکی - نیمسال دوم,دانشگاه علوم پزشکی تبریز
1395,تجربی,1620,215,منطقه 3,دندانپزشکی,دانشگاه علوم پزشکی مشهد
1395,تجربی,1620,215,منطقه 3,دندانپزشکی,دانشگاه علوم پزشکی کرمانشاه
1395,تجربی,1622,803,منطقه 2,پزشکی,دانشگاه علوم پزشکی زنجان
1395,تجربی,1622,803,منطقه 2,پزشکی - نیمسال اول,دانشگاه علوم پزشکی اراک
1395,تجربی,1624,576,منطقه 1,دندانپزشکی,دانشگاه علوم پزشکی مازندران - ساری
1395,تجربی,1629,218,منطقه 3,داروسازی,دانشگاه علوم پزشکی تهران
1395,تجربی,1631,808,منطقه 2,پزشکی,دانشگاه علوم پزشکی بابل
1395,تجربی,1633,809,منطقه 2,پزشکی,دانشگاه علوم پزشکی قزوین
1395,تجربی,1633,809,منطقه 2,پزشکی,دانشگاه علوم پزشکی کرمان
1395,تجربی,1636,579,منطقه 1,پزشکی - نیمسال دوم,دانشگاه علوم پزشکی مازندران - ساری
1395,تجربی,1636,811,منطقه 2,پزشکی,دانشگاه علوم پزشکی کرمانشاه
1395,تجربی,1639,812,منطقه 2,پزشکی,دانشگاه علوم پزشکی فسا
1395,تجربی,1639,812,منطقه 2,پزشکی,دانشگاه علوم پزشکی قزوین
1395,تجربی,1642,581,منطقه 1,پزشکی,دانشگاه علوم پزشکی بقیه الله
1395,تجربی,1642,814,منطقه 2,پزشکی,دانشگاه علوم پزشکی بابل
1395,تجربی,1642,814,منطقه 2,پزشکی - نیمسال دوم,دانشگاه علوم پزشکی همدان
1395,تجربی,1645,583,منطقه 1,پزشکی,دانشگاه علوم پزشکی یزد
1395,تجربی,1648,585,منطقه 1,پزشکی - نیمسال دوم,دانشگاه علوم پزشکی گیلان - رشت
1395,تجربی,1648,816,منطقه 2,پزشکی,دانشگاه علوم پزشکی کرمان
1395,تجربی,1651,221,منطقه 3,پزشکی,دانشگاه علوم پزشکی کرمان
1395,تجربی,1651,221,منطقه 3,پزشکی,دانشگاه علوم پزشکی کرمانشاه
1395,تجربی,1651,586,منطقه 1,داروسازی,دانشگاه علوم پزشکی تهران
1395,تجربی,1651,586,منطقه 1,دندانپزشکی,دانشگاه علوم پزشکی شهرکرد
1395,تجربی,1656,223,منطقه 3,پزشکی - نیمسال اول,دانشگاه علوم پزشکی همدان
1395,تجربی,1656,588,منطقه 1,دندانپزشکی,دانشگاه علوم پزشکی زنجان
1395,تجربی,1656,818,منطقه 2,دندانپزشکی,دانشگاه علوم پزشکی گیلان - رشت
1395,تجربی,1660,224,منطقه 3,پزشکی,دانشگاه علوم پزشکی بابل
1395,تجربی,1660,589,منطقه 1,پزشکی - نیمسال اول,دانشگاه علوم پزشکی اراک
1395,تجربی,1660,820,منطقه 2,پزشکی - نیمسال اول,دانشگاه علوم پزشکی سمنان
1395,تجربی,1660,820,منطقه 2,پزشکی - نیمسال دوم,دانشگاه علوم پزشکی تبریز
1395,تجربی,1664,225,منطقه 3,پزشکی,دانشگاه علوم پزشکی کرمانشاه
1395,تجربی,1664,590,منطقه 1,پزشکی,دانشگاه علوم پزشکی قزوین
1395,تجربی,1664,590,منطقه 1,پزشکی - نیمسال دوم,دانشگاه علوم پزشکی گیلان - رشت
1395,تجربی,1664,822,منطقه 2,پزشکی,دانشگاه علوم پزشکی بابل
1395,تجربی,1668,592,منطقه 1,پزشکی,دانشگاه علوم پزشکی کاشان
1395,تجربی,1672,594,منطقه 1,دندانپزشکی,دانشگاه علوم پزشکی یزد
1395,تجربی,1674,227,منطقه 3,پزشکی,دانشگاه علوم پزشکی کرمانشاه
1395,تجربی,1674,595,منطقه 1,پزشکی,دانشگاه علوم پزشکی کرمان
1395,تجربی,1674,825,منطقه 2,دندانپزشکی,دانشگاه علوم پزشکی قزوین
1395,تجربی,1674,825,منطقه 2,پزشکی - نیمسال اول,دانشگاه علوم پزشکی کردستان - سنندج
1395,تجربی,1679,596,منطقه 1,پزشکی - نیمسال دوم,دانشگاه علوم پزشکی لرستان - خرم آباد
1395,تجربی,1679,828,منطقه 2,پزشکی,دانشگاه علوم پزشکی کرمان
1395,تجربی,1679,828,منطقه 2,پزشکی - نیمسال اول,دانشگاه علوم پزشکی گیلان - رشت
1395,تجربی,1683,228,منطقه 3,پزشکی - نیمسال دوم,دانشگاه علوم پزشکی شیراز
1395,تجربی,1683,831,منطقه 2,پزشکی,دانشگاه علوم پزشکی بابل
1395,تجربی,1683,831,منطقه 2,پزشکی - نیمسال اول,دانشگاه علوم پزشکی جندی شاپور اهواز
1395,تجربی,1686,834,منطقه 2,دندانپزشکی,دانشگاه علوم پزشکی مازندران - ساری
1395,تجربی,1686,834,منطقه 2,دندانپزشکی,دانشگاه علوم پزشکی کرمان
1395,تجربی,1686,834,منطقه 2,پزشکی,دانشگاه علوم پزشکی بابل
1395,تجربی,1689,836,منطقه 2,پزشکی,دانشگاه علوم پزشکی کرمان
1395,تجربی,1689,836,منطقه 2,پزشکی,دانشگاه علوم پزشکی کرمانشاه
1395,تجربی,1692,598,منطقه 1,پزشکی - نیمسال اول,دانشگاه علوم پزشکی شهرکرد
1395,تجربی,1692,838,منطقه 2,دندانپزشکی - نیمسال دوم,دانشگاه علوم پزشکی شهید بهشتی - تهران
1395,تجربی,1694,839,منطقه 2,دندانپزشکی,دانشگاه علوم پزشکی البرز - کرج
1395,تجربی,1697,601,منطقه 1,دندانپزشکی,دانشگاه علوم پزشکی ارومیه
1395,تجربی,1697,601,منطقه 1,دندانپزشکی,دانشگاه علوم پزشکی مازندران - ساری
1395,تجربی,1697,840,منطقه 2,پزشکی - نیمسال اول,دانشگاه علوم پزشکی ارومیه
1395,تجربی,1699,229,منطقه 3,پزشکی,دانشگاه علوم پزشکی اردبیل
1395,تجربی,1701,841,منطقه 2,پزشکی - نیمسال اول,دانشگاه علوم پزشکی البرز - کرج
1395,تجربی,1701,841,منطقه 2,پزشکی - نیمسال دوم,دانشگاه علوم پزشکی تبریز
1395,تجربی,1705,230,منطقه 3,پزشکی,دانشگاه علوم پزشکی بابل
1395,تجربی,1705,605,منطقه 1,داروسازی,دانشگاه علوم پزشکی مشهد
1395,تجربی,1705,605,منطقه 1,پزشکی - نیمسال دوم,دانشگاه علوم پزشکی تبریز
1395,تجربی,1708,608,منطقه 1,پزشکی,دانشگاه علوم پزشکی فسا
1395,تجربی,1708,608,منطقه 1,پزشکی - نیمسال دوم,دانشگاه علوم پزشکی تبریز
1395,تجربی,1708,843,منطقه 2,دندانپزشکی,دانشگاه علوم پزشکی یزد
1395,تجربی,1712,231,منطقه 3,پزشکی - نیمسال اول,دانشگاه علوم پزشکی بندرعباس
1395,تجربی,1712,844,منطقه 2,پزشکی,دانشگاه علوم پزشکی زنجان
1395,تجربی,1716,232,منطقه 3,دندانپزشکی,دانشگاه علوم پزشکی ارومیه
1395,تجربی,1716,846,منطقه 2,دندانپزشکی,دانشگاه علوم پزشکی همدان
1395,تجربی,1720,234,منطقه 3,پزشکی - نیمسال دوم,دانشگاه علوم پزشکی جندی شاپور اهواز
1395,تجربی,1720,847,منطقه 2,پزشکی,دانشگاه علوم پزشکی بابل
1395,تجربی,1720,847,منطقه 2,پزشکی,دانشگاه علوم پزشکی قزوین
1395,تجربی,1722,612,منطقه 1,پزشکی,دانشگاه علوم پزشکی فسا
1395,تجربی,1722,849,منطقه 2,پزشکی - نیمسال دوم,دانشگاه علوم پزشکی مازندران - ساری
1395,تجربی,1725,613,منطقه 1,پزشکی,دانشگاه علوم پزشکی یزد
1395,تجربی,1725,850,منطقه 2,پزشکی,دانشگاه علوم پزشکی کاشان
1395,تجربی,1725,850,منطقه 2,پزشکی - نیمسال اول,دانشگاه علوم پزشکی بیرجند
1395,تجربی,1728,615,منطقه 1,پزشکی,دانشگاه علوم پزشکی یزد
1395,تجربی,1729,235,منطقه 3,پزشکی,دانشگاه علوم پزشکی تهران
1395,تجربی,1729,616,منطقه 1,پزشکی - نیمسال دوم,دانشگاه علوم پزشکی ارومیه
1395,تجربی,1731,852,منطقه 2,دندانپزشکی,دانشگاه علوم پزشکی بابل
1395,تجربی,1731,852,منطقه 2,پزشکی,دانشگاه علوم پزشکی یزد
1395,تجربی,1736,620,منطقه 1,دندانپزشکی,دانشگاه علوم پزشکی لرستان - خرم آباد
1395,تجربی,1736,854,منطقه 2,پزشکی,دانشگاه علوم پزشکی بوشهر
1395,تجربی,1739,236,منطقه 3,پزشکی - نیمسال دوم,دانشگاه علوم پزشکی ارومیه
1395,تجربی,1739,621,منطقه 1,پزشکی - نیمسال دوم,دانشگاه علوم پزشکی جندی شاپور اهواز
1395,تجربی,1742,237,منطقه 3,پزشکی - نیمسال اول,دانشگاه علوم پزشکی جندی شاپور اهواز
1395,تجربی,1743,238,منطقه 3,پزشکی - نیمسال دوم,دانشگاه علوم پزشکی گیلان - رشت
1395,تجربی,1743,623,منطقه 1,پزشکی - نیمسال اول,دانشگاه علوم پزشکی بیرجند
1395,تجربی,1747,857,منطقه 2,دندانپزشکی,دانشگاه علوم پزشکی جندی شاپور اهواز
1395,تجربی,1747,857,منطقه 2,پزشکی,دانشگاه علوم پزشکی زنجان
1395,تجربی,1750,860,منطقه 2,پزشکی,دانشگاه علوم پزشکی بابل
1395,تجربی,1753,624,منطقه 1,دندانپزشکی,دانشگاه علوم پزشکی مازندران - ساری
1395,تجربی,1753,861,منطقه 2,پزشکی - نیمسال اول,دانشگاه علوم پزشکی شهرکرد
1395,تجربی,1757,241,منطقه 3,پزشکی,دانشگاه علوم پزشکی فسا
1395,تجربی,1757,863,منطقه 2,پزشکی,دانشگاه علوم پزشکی بابل
1395,تجربی,1757,863,منطقه 2,پزشکی - نیمسال دوم,دانشگاه علوم پزشکی تبریز
1395,تجربی,1759,626,منطقه 1,داروسازی,دانشگاه علوم پزشکی اصفهان
1395,تجربی,1761,865,منطقه 2,پزشکی,دانشگاه علوم پزشکی یزد
1395,تجربی,1764,244,منطقه 3,پزشکی,دانشگاه علوم پزشکی بابل
1395,تجربی,1764,244,منطقه 3,پزشکی - نیمسال اول,دانشگاه علوم پزشکی همدان
1395,تجربی,1764,627,منطقه 1,پزشکی - نیمسال دوم,دانشگاه علوم پزشکی تبریز
1395,تجربی,1768,630,منطقه 1,پزشکی,دانشگاه علوم پزشکی کاشان
1395,تجربی,1768,630,منطقه 1,پزشکی,دانشگاه علوم پزشکی یزد
1395,تجربی,1768,866,منطقه 2,پزشکی - نیمسال دوم,دانشگاه علوم پزشکی همدان
1395,تجربی,1772,632,منطقه 1,دندانپزشکی,دانشگاه علوم پزشکی کرمان
1395,تجربی,1772,867,منطقه 2,پزشکی,دانشگاه علوم پزشکی کرمانشاه
1395,تجربی,1772,867,منطقه 2,پزشکی - نیمسال اول,دانشگاه علوم پزشکی البرز - کرج
1395,تجربی,1774,869,منطقه 2,پزشکی,دانشگاه علوم پزشکی بابل
1395,تجربی,1774,869,منطقه 2,پزشکی,دانشگاه علوم پزشکی زنجان
1395,تجربی,1776,871,منطقه 2,پزشکی,دانشگاه علوم پزشکی یزد
1395,تجربی,1778,873,منطقه 2,پزشکی,دانشگاه علوم پزشکی قزوین
1395,تجربی,1780,874,منطقه 2,پزشکی,دانشگاه علوم پزشکی بابل
1395,تجربی,1782,875,منطقه 2,دندانپزشکی,دانشگاه علوم پزشکی کاشان
1395,تجربی,1784,246,منطقه 3,پزشکی - نیمسال دوم,دانشگاه علوم پزشکی تبریز
1395,تجربی,1784,876,منطقه 2,پزشکی - نیمسال اول,دانشگاه علوم پزشکی البرز - کرج
1395,تجربی,1788,637,منطقه 1,پزشکی,دانشگاه علوم پزشکی فسا
1395,تجربی,1788,878,منطقه 2,دندانپزشکی,دانشگاه علوم پزشکی همدان
1395,تجربی,1788,878,منطقه 2,پزشکی,دانشگاه علوم پزشکی قم
1395,تجربی,1788,878,منطقه 2,پزشکی,دانشگاه علوم پزشکی کرمان
1395,تجربی,1793,638,منطقه 1,پزشکی,دانشگاه علوم پزشکی اصفهان
1395,تجربی,1793,881,منطقه 2,پزشکی - نیمسال اول,دانشگاه علوم پزشکی کردستان - سنندج
1395,تجربی,1796,884,منطقه 2,پزشکی,دانشگاه علوم پزشکی قزوین
1395,تجربی,1796,884,منطقه 2,پزشکی,دانشگاه علوم پزشکی یزد
1395,تجربی,1798,247,منطقه 3,پزشکی - نیمسال دوم,دانشگاه علوم پزشکی ارومیه
1395,تجربی,1798,886,منطقه 2,پزشکی - نیمسال اول,دانشگاه علوم پزشکی اراک
1395,تجربی,1806,643,منطقه 1,دندانپزشکی,دانشگاه علوم پزشکی کرمان
1395,تجربی,1806,643,منطقه 1,پزشکی,دانشگاه علوم پزشکی فسا
1395,تجربی,1809,249,منطقه 3,پزشکی,دانشگاه علوم پزشکی کرمانشاه
1395,تجربی,1812,646,منطقه 1,پزشکی,دانشگاه علوم پزشکی قزوین
1395,تجربی,1812,887,منطقه 2,دندانپزشکی,دانشگاه علوم پزشکی کاشان
1395,تجربی,1815,890,منطقه 2,پزشکی,دانشگاه علوم پزشکی بابل
1395,تجربی,1815,890,منطقه 2,پزشکی,دانشگاه علوم پزشکی کاشان
1395,تجربی,1815,890,منطقه 2,پزشکی - نیمسال اول,دانشگاه علوم پزشکی همدان
1395,تجربی,1819,894,منطقه 2,دندانپزشکی,دانشگاه علوم پزشکی بابل
1395,تجربی,1819,894,منطقه 2,دندانپزشکی,دانشگاه علوم پزشکی کردستان - سنندج
1395,تجربی,1819,894,منطقه 2,پزشکی,دانشگاه علوم پزشکی یزد
1395,تجربی,1821,896,منطقه 2,پزشکی - نیمسال دوم,دانشگاه علوم پزشکی البرز - کرج
1395,تجربی,1823,648,منطقه 1,پزشکی,دانشگاه علوم پزشکی فسا
1395,تجربی,1828,898,منطقه 2,پزشکی - نیمسال دوم,دانشگاه علوم پزشکی گیلان - رشت
1395,تجربی,1831,900,منطقه 2,پزشکی,دانشگاه علوم پزشکی کاشان
1395,تجربی,1831,900,منطقه 2,پزشکی,دانشگاه علوم پزشکی کرمان
1395,تجربی,1834,251,منطقه 3,دندانپزشکی,دانشگاه علوم پزشکی بیرجند
1395,تجربی,1834,902,منطقه 2,پزشکی,دانشگاه علوم پزشکی بابل
1395,تجربی,1837,652,منطقه 1,دندانپزشکی,دانشگاه علوم پزشکی ارومیه
1395,تجربی,1837,904,منطقه 2,پزشکی,دانشگاه علوم پزشکی زنجان
1395,تجربی,1837,904,منطقه 2,پزشکی - نیمسال اول,دانشگاه علوم پزشکی بیرجند
1395,تجربی,1842,252,منطقه 3,پزشکی,دانشگاه علوم پزشکی یزد
1395,تجربی,1842,252,منطقه 3,پزشکی - نیمسال اول,دانشگاه علوم پزشکی مازندران - ساری
1395,تجربی,1845,254,منطقه 3,پزشکی,دانشگاه علوم پزشکی کرمان
1395,تجربی,1845,254,منطقه 3,پزشکی - نیمسال دوم,دانشگاه علوم پزشکی همدان
1395,تجربی,1848,908,منطقه 2,پزشکی - نیمسال اول,دانشگاه علوم پزشکی اراک
1395,تجربی,1851,256,منطقه 3,دندانپزشکی,دانشگاه علوم پزشکی گیلان - رشت
1395,تجربی,1851,657,منطقه 1,پزشکی - نیمسال دوم,دانشگاه علوم پزشکی گیلان - رشت
1395,تجربی,1855,257,منطقه 3,دندانپزشکی,دانشگاه علوم پزشکی جندی شاپور اهواز
1395,تجربی,1855,910,منطقه 2,پزشکی - نیمسال دوم,دانشگاه علوم پزشکی البرز - کرج
1395,تجربی,1857,911,منطقه 2,پزشکی,دانشگاه علوم پزشکی یزد
1395,تجربی,1859,259,منطقه 3,پزشکی - نیمسال دوم,دانشگاه علوم پزشکی همدان
1395,تجربی,1862,260,منطقه 3,دندانپزشکی,دانشگاه علوم پزشکی بیرجند
1395,تجربی,1862,661,منطقه 1,دندانپزشکی,دانشگاه علوم پزشکی تبریز
1395,تجربی,1865,261,منطقه 3,پزشکی - نیمسال اول,دانشگاه علوم پزشکی ارومیه
1395,تجربی,1865,663,منطقه 1,داروسازی,دانشگاه علوم پزشکی مشهد
1395,تجربی,1865,912,منطقه 2,پزشکی - نیمسال دوم,دانشگاه علوم پزشکی ارومیه
1395,تجربی,1867,664,منطقه 1,پزشکی - نیمسال اول,دانشگاه علوم پزشکی ارومیه
1395,تجربی,1867,913,منطقه 2,پزشکی - نیمسال اول,دانشگاه علوم پزشکی کردستان - سنندج
1395,تجربی,1870,915,منطقه 2,پزشکی - نیمسال دوم,دانشگاه علوم پزشکی ارومیه
1395,تجربی,1872,665,منطقه 1,داروسازی,دانشگاه علوم پزشکی مشهد
1395,تجربی,1874,262,منطقه 3,داروسازی,دانشگاه علوم پزشکی شیراز
1395,تجربی,1874,917,منطقه 2,داروسازی,دانشگاه علوم پزشکی تهران
1395,تجربی,1880,667,منطقه 1,پزشکی,دانشگاه علوم پزشکی کاشان
1395,تجربی,1880,667,منطقه 1,پزشکی - نیمسال دوم,دانشگاه علوم پزشکی مازندران - ساری
1395,تجربی,1880,920,منطقه 2,پزشکی - نیمسال اول,دانشگاه علوم پزشکی همدان
1395,تجربی,1883,669,منطقه 1,پزشکی,دانشگاه علوم پزشکی فسا
1395,تجربی,1886,265,منطقه 3,پزشکی,دانشگاه علوم پزشکی کرمانشاه
1395,تجربی,1886,922,منطقه 2,دندانپزشکی,دانشگاه علوم پزشکی قم
1395,تجربی,1886,922,منطقه 2,پزشکی,دانشگاه علوم پزشکی بابل
1395,تجربی,1889,266,منطقه 3,پزشکی,دانشگاه علوم پزشکی اردبیل
1395,تجربی,1889,924,منطقه 2,دندانپزشکی,دانشگاه علوم پزشکی زنجان
1395,تجربی,1892,671,منطقه 1,دندانپزشکی,دانشگاه علوم پزشکی اصفهان
1395,تجربی,1892,671,منطقه 1,پزشکی,دانشگاه علوم پزشکی زنجان
1395,تجربی,1892,925,منطقه 2,پزشکی,دانشگاه علوم پزشکی زنجان
1395,تجربی,1892,925,منطقه 2,پزشکی - نیمسال اول,دانشگاه علوم پزشکی شهرکرد
1395,تجربی,1895,267,منطقه 3,پزشکی,دانشگاه علوم پزشکی کرمانشاه
1395,تجربی,1896,268,منطقه 3,پزشکی,دانشگاه علوم پزشکی اردبیل
1395,تجربی,1896,927,منطقه 2,پزشکی - نیمسال اول,دانشگاه علوم پزشکی مازندران - ساری
1395,تجربی,1899,269,منطقه 3,پزشکی - نیمسال دوم,دانشگاه علوم پزشکی اصفهان
1395,تجربی,1899,673,منطقه 1,دندانپزشکی,دانشگاه علوم پزشکی مازندران - ساری
1395,تجربی,1899,928,منطقه 2,پزشکی - نیمسال دوم,دانشگاه علوم پزشکی البرز - کرج
1395,تجربی,1904,270,منطقه 3,دندانپزشکی,دانشگاه علوم پزشکی همدان
1395,تجربی,1904,929,منطقه 2,دندانپزشکی,دانشگاه علوم پزشکی جندی شاپور اهواز
1395,تجربی,1904,929,منطقه 2,پزشکی,دانشگاه علوم پزشکی زنجان
1395,تجربی,1909,677,منطقه 1,پزشکی,دانشگاه علوم پزشکی کاشان
1395,تجربی,1909,931,منطقه 2,پزشکی,دانشگاه علوم پزشکی اردبیل
1395,تجربی,1909,931,منطقه 2,پزشکی - نیمسال اول,دانشگاه علوم پزشکی همدان
1395,تجربی,1912,933,منطقه 2,پزشکی,دانشگاه علوم پزشکی کرمان
1395,تجربی,1914,679,منطقه 1,پزشکی - نیمسال دوم,دانشگاه علوم پزشکی البرز - کرج
1395,تجربی,1917,272,منطقه 3,پزشکی,دانشگاه علوم پزشکی بابل
1395,تجربی,1919,934,منطقه 2,پزشکی - نیمسال دوم,دانشگاه علوم پزشکی گیلان - رشت
1395,تجربی,1922,273,منطقه 3,دندانپزشکی,دانشگاه علوم پزشکی مازندران - ساری
1395,تجربی,1922,683,منطقه 1,پزشکی,دانشگاه علوم پزشکی فسا
1395,تجربی,1922,935,منطقه 2,دندانپزشکی,دانشگاه علوم پزشکی کرمان
1395,تجربی,1926,684,منطقه 1,دندانپزشکی,دانشگاه علوم پزشکی ارومیه
1395,تجربی,1930,687,منطقه 1,دندانپزشکی,دانشگاه علوم پزشکی شهیدبهشتی - تهران
1395,تجربی,1930,687,منطقه 1,پزشکی - نیمسال دوم,دانشگاه علوم پزشکی گیلان - رشت
1395,تجربی,1930,939,منطقه 2,پزشکی,دانشگاه علوم پزشکی کرمانشاه
1395,تجربی,1930,939,منطقه 2,پزشکی - نیمسال اول,دانشگاه علوم پزشکی زاهدان
1395,تجربی,1935,274,منطقه 3,پزشکی - نیمسال اول,دانشگاه علوم پزشکی بیرجند
1395,تجربی,1935,942,منطقه 2,پزشکی,دانشگاه علوم پزشکی کاشان
1395,تجربی,1935,942,منطقه 2,پزشکی,دانشگاه علوم پزشکی گلستان - گرگان
1395,تجربی,1935,942,منطقه 2,پزشکی - نیمسال دوم,دانشگاه علوم پزشکی مازندران - ساری
1395,تجربی,1941,689,منطقه 1,پزشکی,دانشگاه علوم پزشکی فسا
1395,تجربی,1941,946,منطقه 2,پزشکی,دانشگاه علوم پزشکی کاشان
1395,تجربی,1941,946,منطقه 2,پزشکی,دانشگاه علوم پزشکی کرمان
1395,تجربی,1945,690,منطقه 1,دندانپزشکی,دانشگاه علوم پزشکی اردبیل
1395,تجربی,1949,275,منطقه 3,پزشکی,دانشگاه علوم پزشکی یاسوج
1395,تجربی,1949,952,منطقه 2,داروسازی,دانشگاه علوم پزشکی تهران
1395,تجربی,1949,952,منطقه 2,دندانپزشکی,دانشگاه علوم پزشکی اردبیل
1395,تجربی,1949,952,منطقه 2,پزشکی,دانشگاه علوم پزشکی اردبیل
1395,تجربی,1954,693,منطقه 1,پزشکی,دانشگاه علوم پزشکی زنجان
1395,تجربی,1957,276,منطقه 3,پزشکی - نیمسال اول,دانشگاه علوم پزشکی بیرجند
1395,تجربی,1957,956,منطقه 2,دندانپزشکی,دانشگاه علوم پزشکی گیلان - رشت
1395,تجربی,1957,956,منطقه 2,پزشکی - نیمسال اول,دانشگاه علوم پزشکی خراسان شمالی - بجنورد
1395,تجربی,1957,956,منطقه 2,پزشکی - نیمسال دوم,دانشگاه علوم پزشکی البرز - کرج
1395,تجربی,1963,277,منطقه 3,دندانپزشکی,دانشگاه علوم پزشکی تبریز
1395,تجربی,1963,958,منطقه 2,دندانپزشکی,دانشگاه علوم پزشکی کاشان
1395,تجربی,1968,699,منطقه 1,پزشکی - نیمسال دوم,دانشگاه علوم پزشکی البرز - کرج
1395,تجربی,1968,960,منطقه 2,داروسازی,دانشگاه علوم پزشکی شهید بهشتی - تهران
1395,تجربی,1968,960,منطقه 2,پزشکی,دانشگاه علوم پزشکی اردبیل
1395,تجربی,1968,960,منطقه 2,پزشکی,دانشگاه علوم پزشکی بابل
1395,تجربی,1972,700,منطقه 1,پزشکی,دانشگاه علوم پزشکی فسا
1395,تجربی,1972,962,منطقه 2,پزشکی,دانشگاه علوم پزشکی کرمانشاه
1395,تجربی,1975,279,منطقه 3,پزشکی - نیمسال اول,دانشگاه علوم پزشکی جندی شاپور اهواز
1395,تجربی,1975,963,منطقه 2,پزشکی - نیمسال اول,دانشگاه علوم پزشکی شاهرود
1395,تجربی,1979,965,منطقه 2,داروسازی,دانشگاه علوم پزشکی شهید بهشتی - تهران
1395,تجربی,1979,965,منطقه 2,پزشکی,دانشگاه علوم پزشکی بابل
1395,تجربی,1979,965,منطقه 2,پزشکی,دانشگاه علوم پزشکی گلستان - گرگان
1395,تجربی,1982,967,منطقه 2,پزشکی,دانشگاه علوم پزشکی کرمانشاه
1395,تجربی,1985,281,منطقه 3,پزشکی - نیمسال دوم,دانشگاه علوم پزشکی گیلان - رشت
1395,تجربی,1985,969,منطقه 2,پزشکی,دانشگاه علوم پزشکی فسا
1395,تجربی,1988,971,منطقه 2,پزشکی,دانشگاه علوم پزشکی بابل
1395,تجربی,1992,282,منطقه 3,پزشکی - نیمسال دوم,دانشگاه علوم پزشکی همدان
1395,تجربی,1992,706,منطقه 1,پزشکی,دانشگاه علوم پزشکی مشهد
1395,تجربی,1992,706,منطقه 1,پزشکی - نیمسال اول,دانشگاه علوم پزشکی گیلان - رشت
1395,تجربی,1992,973,منطقه 2,پزشکی,دانشگاه علوم پزشکی بابل
1395,تجربی,1992,973,منطقه 2,پزشکی - نیمسال دوم,دانشگاه علوم پزشکی گیلان - رشت
1395,تجربی,1997,708,منطقه 1,پزشکی,دانشگاه علوم پزشکی گلستان - گرگان
1395,تجربی,1997,708,منطقه 1,پزشکی - نیمسال دوم,دانشگاه علوم پزشکی البرز - کرج
1395,تجربی,1997,975,منطقه 2,دندانپزشکی,دانشگاه علوم پزشکی کرمان
1395,تجربی,2001,283,منطقه 3,پزشکی - نیمسال اول,دانشگاه علوم پزشکی مازندران - ساری
1395,تجربی,2003,284,منطقه 3,پزشکی - نیمسال اول,دانشگاه علوم پزشکی کردستان - سنندج
1395,تجربی,2003,284,منطقه 3,پزشکی - نیمسال دوم,دانشگاه علوم پزشکی گیلان - رشت
1395,تجربی,2006,978,منطقه 2,پزشکی,دانشگاه علوم پزشکی بابل
1395,تجربی,2006,978,منطقه 2,پزشکی - نیمسال دوم,دانشگاه علوم پزشکی البرز - کرج
1395,تجربی,2009,981,منطقه 2,دندانپزشکی,دانشگاه علوم پزشکی مازندران - ساری
1395,تجربی,2009,981,منطقه 2,پزشکی,دانشگاه علوم پزشکی اردبیل
1395,تجربی,2009,981,منطقه 2,پزشکی,دانشگاه علوم پزشکی کرمان
1395,تجربی,2013,712,منطقه 1,پزشکی,دانشگاه علوم پزشکی بابل
1395,تجربی,2013,983,منطقه 2,دندانپزشکی,دانشگاه علوم پزشکی قزوین
1395,تجربی,2013,983,منطقه 2,پزشکی - نیمسال دوم,دانشگاه علوم پزشکی مازندران - ساری
1395,تجربی,2016,287,منطقه 3,پزشکی - نیمسال دوم,دانشگاه علوم پزشکی تبریز
1395,تجربی,2016,985,منطقه 2,پزشکی - نیمسال دوم,دانشگاه علوم پزشکی همدان
1395,تجربی,2019,715,منطقه 1,پزشکی,دانشگاه علوم پزشکی کاشان
1395,تجربی,2019,986,منطقه 2,دندانپزشکی,دانشگاه علوم پزشکی همدان
1395,تجربی,2021,987,منطقه 2,پزشکی,دانشگاه علوم پزشکی کرمانشاه
1395,تجربی,2022,988,منطقه 2,پزشکی - نیمسال دوم,دانشگاه علوم پزشکی البرز - کرج
1395,تجربی,2029,288,منطقه 3,پزشکی,دانشگاه علوم پزشکی یاسوج
1395,تجربی,2029,288,منطقه 3,پزشکی - نیمسال اول,دانشگاه علوم پزشکی جندی شاپور اهواز
1395,تجربی,2029,718,منطقه 1,دندانپزشکی,دانشگاه علوم پزشکی قزوین
1395,تجربی,2029,990,منطقه 2,پزشکی - نیمسال اول,دانشگاه علوم پزشکی همدان
1395,تجربی,2029,990,منطقه 2,پزشکی - نیمسال دوم,دانشگاه علوم پزشکی همدان
1395,تجربی,2029,990,منطقه 2,پزشکی - نیمسال دوم,دانشگاه علوم پزشکی گیلان - رشت
1395,تجربی,2035,290,منطقه 3,پزشکی,دانشگاه علوم پزشکی کرمان
1395,تجربی,2038,721,منطقه 1,پزشکی,دانشگاه علوم پزشکی زنجان
1395,تجربی,2038,994,منطقه 2,دندانپزشکی,دانشگاه علوم پزشکی کاشان
1395,تجربی,2038,994,منطقه 2,پزشکی,دانشگاه علوم پزشکی زنجان
1395,تجربی,2038,994,منطقه 2,پزشکی - نیمسال اول,دانشگاه علوم پزشکی اراک
1395,تجربی,2043,293,منطقه 3,دندانپزشکی,دانشگاه علوم پزشکی شیراز
1395,تجربی,2046,294,منطقه 3,پزشکی - نیمسال دوم,دانشگاه علوم پزشکی شیراز
1395,تجربی,2046,999,منطقه 2,پزشکی,دانشگاه علوم پزشکی اردبیل
1395,تجربی,2046,999,منطقه 2,پزشکی,دانشگاه علوم پزشکی بابل
1395,تجربی,2046,999,منطقه 2,پزشکی - نیمسال دوم,دانشگاه علوم پزشکی همدان
1395,تجربی,2049,1001,منطقه 2,پزشکی - نیمسال اول,دانشگاه علوم پزشکی سبزوار
1395,تجربی,2054,1004,منطقه 2,پزشکی,دانشگاه علوم پزشکی زنجان
1395,تجربی,2054,1004,منطقه 2,پزشکی - نیمسال اول,دانشگاه علوم پزشکی جندی شاپور اهواز
1395,تجربی,2058,1007,منطقه 2,داروسازی - نیمسال اول,دانشگاه علوم پزشکی تبریز
1395,تجربی,2061,295,منطقه 3,پزشکی - نیمسال اول,دانشگاه علوم پزشکی گیلان - رشت
1395,تجربی,2061,1008,منطقه 2,پزشکی - نیمسال اول,دانشگاه علوم پزشکی سبزوار
1395,تجربی,2063,1009,منطقه 2,پزشکی - نیمسال دوم,دانشگاه علوم پزشکی مازندران - ساری
1395,تجربی,2066,726,منطقه 1,دندانپزشکی,دانشگاه علوم پزشکی کاشان
1395,تجربی,2066,1011,منطقه 2,داروسازی,دانشگاه علوم پزشکی شهید بهشتی - تهران
1395,تجربی,2066,1011,منطقه 2,دندانپزشکی,دانشگاه علوم پزشکی کاشان
1395,تجربی,2068,727,منطقه 1,پزشکی,دانشگاه علوم پزشکی فسا
1395,تجربی,2071,297,منطقه 3,پزشکی,دانشگاه علوم پزشکی کرمان
1395,تجربی,2071,297,منطقه 3,پزشکی - نیمسال اول,دانشگاه علوم پزشکی مازندران - ساری
1395,تجربی,2071,1013,منطقه 2,دندانپزشکی,دانشگاه علوم پزشکی همدان
1395,تجربی,2071,1013,منطقه 2,پزشکی - نیمسال اول,دانشگاه علوم پزشکی مازندران - ساری
1395,تجربی,2076,299,منطقه 3,پزشکی - نیمسال دوم,دانشگاه علوم پزشکی شهید بهشتی - تهران
1395,تجربی,2076,1016,منطقه 2,پزشکی,دانشگاه علوم پزشکی زنجان
1395,تجربی,2080,729,منطقه 1,پزشکی - نیمسال اول,دانشگاه علوم پزشکی جهرم
1395,تجربی,2080,1019,منطقه 2,پزشکی - نیمسال اول,دانشگاه علوم پزشکی مازندران - ساری
1395,تجربی,2083,730,منطقه 1,پزشکی,دانشگاه علوم پزشکی کاشان
1395,تجربی,2083,1021,منطقه 2,پزشکی,دانشگاه علوم پزشکی کرمان
1395,تجربی,2087,1022,منطقه 2,پزشکی,دانشگاه علوم پزشکی اردبیل
1395,تجربی,2087,1022,منطقه 2,پزشکی - نیمسال اول,دانشگاه علوم پزشکی اراک
1395,تجربی,2093,735,منطقه 1,پزشکی - نیمسال اول,دانشگاه علوم پزشکی ارومیه
1395,تجربی,2093,735,منطقه 1,پزشکی - نیمسال اول,دانشگاه علوم پزشکی گیلان - رشت
1395,تجربی,2093,1025,منطقه 2,پزشکی,دانشگاه علوم پزشکی بابل
1395,تجربی,2093,1025,منطقه 2,پزشکی,دانشگاه علوم پزشکی گلستان - گرگان
1395,تجربی,2093,1025,منطقه 2,پزشکی - نیمسال دوم,دانشگاه علوم پزشکی جندی شاپور اهواز
1395,تجربی,2099,738,منطقه 1,پزشکی,دانشگاه علوم پزشکی کرمان
1395,تجربی,2099,1028,منطقه 2,پزشکی,دانشگاه علوم پزشکی کرمان
1395,تجربی,2099,1028,منطقه 2,پزشکی - نیمسال اول,دانشگاه علوم پزشکی بیرجند
1395,تجربی,2103,1030,منطقه 2,پزشکی - نیمسال دوم,دانشگاه علوم پزشکی لرستان - خرم آباد
1395,تجربی,2107,302,منطقه 3,پزشکی - نیمسال اول,دانشگاه علوم پزشکی کردستان - سنندج
1395,تجربی,2107,1032,منطقه 2,پزشکی - نیمسال اول,دانشگاه علوم پزشکی گیلان - رشت
1395,تجربی,2110,1033,منطقه 2,دندانپزشکی,دانشگاه علوم پزشکی قم
1395,تجربی,2112,1034,منطقه 2,پزشکی,دانشگاه علوم پزشکی گناباد
1395,تجربی,2115,304,منطقه 3,پزشکی - نیمسال اول,دانشگاه علوم پزشکی کردستان - سنندج
1395,تجربی,2115,1035,منطقه 2,دندانپزشکی,دانشگاه علوم پزشکی مازندران - ساری
1395,تجربی,2117,744,منطقه 1,داروسازی,دانشگاه علوم پزشکی تهران
1395,تجربی,2117,1036,منطقه 2,پزشکی - نیمسال دوم,دانشگاه علوم پزشکی همدان
1395,تجربی,2120,745,منطقه 1,داروسازی - نیمسال اول,دانشگاه علوم پزشکی تبریز
1395,تجربی,2120,1037,منطقه 2,پزشکی - نیمسال اول,دانشگاه علوم پزشکی اراک
1395,تجربی,2120,1037,منطقه 2,پزشکی - نیمسال اول,دانشگاه علوم پزشکی سمنان
1395,تجربی,2123,1039,منطقه 2,دندانپزشکی,دانشگاه علوم پزشکی همدان
1395,تجربی,2123,1039,منطقه 2,پزشکی,دانشگاه علوم پزشکی قزوین
1395,تجربی,2126,747,منطقه 1,پزشکی - نیمسال دوم,دانشگاه علوم پزشکی جندی شاپور اهواز
1395,تجربی,2126,1041,منطقه 2,داروسازی,دانشگاه علوم پزشکی گیلان - رشت
1395,تجربی,2129,749,منطقه 1,پزشکی,دانشگاه علوم پزشکی فسا
1395,تجربی,2129,1043,منطقه 2,پزشکی - نیمسال دوم,دانشگاه علوم پزشکی همدان
1395,تجربی,2132,305,منطقه 3,پزشکی,دانشگاه علوم پزشکی بابل
1395,تجربی,2132,305,منطقه 3,پزشکی - نیمسال اول,دانشگاه علوم پزشکی همدان
1395,تجربی,2132,750,منطقه 1,پزشکی,دانشگاه علوم پزشکی قم
1395,تجربی,2132,1044,منطقه 2,پزشکی - نیمسال دوم,دانشگاه علوم پزشکی مازندران - ساری
1395,تجربی,2136,751,منطقه 1,پزشکی,دانشگاه علوم پزشکی اردبیل
1395,تجربی,2136,1045,منطقه 2,پزشکی - نیمسال دوم,دانشگاه علوم پزشکی البرز - کرج
1395,تجربی,2141,754,منطقه 1,پزشکی,دانشگاه علوم پزشکی کاشان
1395,تجربی,2141,1047,منطقه 2,دندانپزشکی,دانشگاه علوم پزشکی اراک
1395,تجربی,2141,1047,منطقه 2,دندانپزشکی,دانشگاه علوم پزشکی گیلان - رشت
1395,تجربی,2141,1047,منطقه 2,پزشکی - نیمسال اول,دانشگاه علوم پزشکی مازندران - ساری
1395,تجربی,2141,1047,منطقه 2,پزشکی - نیمسال دوم,دانشگاه علوم پزشکی جندی شاپور اهواز
1395,تجربی,2147,1051,منطقه 2,دندانپزشکی,دانشگاه علوم پزشکی قم
1395,تجربی,2147,1051,منطقه 2,پزشکی,دانشگاه علوم پزشکی کاشان
1395,تجربی,2147,1051,منطقه 2,پزشکی - نیمسال اول,دانشگاه علوم پزشکی سبزوار
1395,تجربی,2147,1051,منطقه 2,پزشکی - نیمسال دوم,دانشگاه علوم پزشکی البرز - کرج
1395,تجربی,2151,307,منطقه 3,پزشکی - نیمسال دوم,دانشگاه علوم پزشکی مازندران - ساری
1395,تجربی,2151,757,منطقه 1,دندانپزشکی,دانشگاه علوم پزشکی کاشان
1395,تجربی,2151,1054,منطقه 2,پزشکی,دانشگاه علوم پزشکی اردبیل
1395,تجربی,2153,1055,منطقه 2,پزشکی - نیمسال دوم,دانشگاه علوم پزشکی همدان
1395,تجربی,2158,1057,منطقه 2,پزشکی,دانشگاه علوم پزشکی زنجان
1395,تجربی,2158,1057,منطقه 2,پزشکی,دانشگاه علوم پزشکی قم
1395,تجربی,2158,1057,منطقه 2,پزشکی,دانشگاه علوم پزشکی کرمان
1395,تجربی,2158,1057,منطقه 2,پزشکی - نیمسال دوم,دانشگاه علوم پزشکی همدان
1395,تجربی,2162,310,منطقه 3,پزشکی - نیمسال اول,دانشگاه علوم پزشکی مازندران - ساری
1395,تجربی,2162,760,منطقه 1,دندانپزشکی,دانشگاه علوم پزشکی قم
1395,تجربی,2167,762,منطقه 1,پزشکی - نیمسال اول,دانشگاه علوم پزشکی بندرعباس
1395,تجربی,2171,311,منطقه 3,دندانپزشکی,دانشگاه علوم پزشکی تهران
1395,تجربی,2171,1063,منطقه 2,پزشکی,دانشگاه علوم پزشکی کرمانشاه
1395,تجربی,2174,312,منطقه 3,پزشکی,دانشگاه علوم پزشکی گلستان - گرگان
1395,تجربی,2174,1064,منطقه 2,دندانپزشکی,دانشگاه علوم پزشکی همدان
1395,تجربی,2178,765,منطقه 1,داروسازی,دانشگاه علوم پزشکی اصفهان
1395,تجربی,2178,765,منطقه 1,پزشکی,دانشگاه علوم پزشکی بقیه الله
1395,تجربی,2178,1066,منطقه 2,پزشکی,دانشگاه علوم پزشکی کرمان
1395,تجربی,2182,767,منطقه 1,پزشکی,دانشگاه علوم پزشکی اردبیل
1395,تجربی,2182,1067,منطقه 2,دندانپزشکی,دانشگاه علوم پزشکی همدان
1395,تجربی,2182,1067,منطقه 2,پزشکی - نیمسال دوم,دانشگاه علوم پزشکی همدان
1395,تجربی,2188,315,منطقه 3,دندانپزشکی,دانشگاه علوم پزشکی گیلان - رشت
1395,تجربی,2188,315,منطقه 3,پزشکی - نیمسال دوم,دانشگاه علوم پزشکی گیلان - رشت
1395,تجربی,2188,770,منطقه 1,دندانپزشکی,دانشگاه علوم پزشکی زنجان
1395,تجربی,2188,770,منطقه 1,پزشکی - نیمسال اول,دانشگاه علوم پزشکی شهرکرد
1395,تجربی,2188,1069,منطقه 2,پزشکی - نیمسال دوم,دانشگاه علوم پزشکی مازندران - ساری
1395,تجربی,2195,1071,منطقه 2,دندانپزشکی,دانشگاه علوم پزشکی شیراز
1395,تجربی,2195,1071,منطقه 2,پزشکی - نیمسال اول,دانشگاه علوم پزشکی همدان
1395,تجربی,2200,318,منطقه 3,دندانپزشکی,دانشگاه علوم پزشکی کرمان
1395,تجربی,2200,1073,منطقه 2,پزشکی,دانشگاه علوم پزشکی گلستان - گرگان
1395,تجربی,2200,1073,منطقه 2,پزشکی - نیمسال دوم,دانشگاه علوم پزشکی گیلان - رشت
1395,تجربی,2204,776,منطقه 1,پزشکی,دانشگاه علوم پزشکی فسا
1395,تجربی,2204,1076,منطقه 2,دندانپزشکی,دانشگاه علوم پزشکی همدان
1395,تجربی,2204,1076,منطقه 2,پزشکی - نیمسال دوم,دانشگاه علوم پزشکی مازندران - ساری
1395,تجربی,2208,320,منطقه 3,داروسازی,دانشگاه علوم پزشکی مشهد
1395,تجربی,2208,320,منطقه 3,پزشکی - نیمسال دوم,دانشگاه علوم پزشکی جندی شاپور اهواز
1395,تجربی,2208,1078,منطقه 2,دندانپزشکی,دانشگاه علوم پزشکی همدان
1395,تجربی,2211,322,منطقه 3,پزشکی - نیمسال دوم,دانشگاه علوم پزشکی گیلان - رشت
1395,تجربی,2213,323,منطقه 3,پزشکی - نیمسال اول,دانشگاه علوم پزشکی کردستان - سنندج
1395,تجربی,2213,1079,منطقه 2,پزشکی - نیمسال اول,دانشگاه علوم پزشکی اراک
1395,تجربی,2215,324,منطقه 3,پزشکی - نیمسال دوم,دانشگاه علوم پزشکی گیلان - رشت
1395,تجربی,2219,325,منطقه 3,پزشکی - نیمسال اول,دانشگاه علوم پزشکی بندرعباس
1395,تجربی,2219,325,منطقه 3,پزشکی - نیمسال اول,دانشگاه علوم پزشکی شهید بهشتی - تهران
1395,تجربی,2219,777,منطقه 1,پزشکی - نیمسال دوم,دانشگاه علوم پزشکی گیلان - رشت
1395,تجربی,2219,1083,منطقه 2,پزشکی,دانشگاه علوم پزشکی بابل
1395,تجربی,2219,1083,منطقه 2,پزشکی - نیمسال اول,دانشگاه علوم پزشکی مازندران - ساری
1395,تجربی,2219,1083,منطقه 2,پزشکی - نیمسال دوم,دانشگاه علوم پزشکی مازندران - ساری
1395,تجربی,2225,328,منطقه 3,داروسازی,دانشگاه علوم پزشکی مازندران - ساری
1395,تجربی,2225,328,منطقه 3,داروسازی,دانشگاه علوم پزشکی مشهد
1395,تجربی,2225,328,منطقه 3,پزشکی - نیمسال اول,دانشگاه علوم پزشکی سبزوار
1395,تجربی,2225,1085,منطقه 2,پزشکی,دانشگاه علوم پزشکی زنجان
1395,تجربی,2232,330,منطقه 3,پزشکی,دانشگاه علوم پزشکی بابل
1395,تجربی,2232,779,منطقه 1,پزشکی,دانشگاه علوم پزشکی اردبیل
1395,تجربی,2232,779,منطقه 1,پزشکی - نیمسال اول,دانشگاه علوم پزشکی شهرکرد
1395,تجربی,2232,1088,منطقه 2,دندانپزشکی,دانشگاه علوم پزشکی شیراز
1395,تجربی,2232,1088,منطقه 2,پزشکی,دانشگاه علوم پزشکی بابل
1395,تجربی,2232,1088,منطقه 2,پزشکی,دانشگاه علوم پزشکی زنجان
1395,تجربی,2232,1088,منطقه 2,پزشکی - نیمسال اول,دانشگاه علوم پزشکی شهرکرد
1395,تجربی,2238,781,منطقه 1,پزشکی - نیمسال دوم,دانشگاه علوم پزشکی مازندران - ساری
1395,تجربی,2238,1091,منطقه 2,دندانپزشکی,دانشگاه علوم پزشکی بابل
1395,تجربی,2238,1091,منطقه 2,پزشکی - نیمسال دوم,دانشگاه علوم پزشکی مازندران - ساری
1395,تجربی,2242,783,منطقه 1,پزشکی,دانشگاه علوم پزشکی زنجان
1395,تجربی,2242,1094,منطقه 2,پزشکی,دانشگاه علوم پزشکی زنجان
1395,تجربی,2242,1094,منطقه 2,پزشکی - نیمسال دوم,دانشگاه علوم پزشکی مازندران - ساری
1395,تجربی,2245,784,منطقه 1,پزشکی - نیمسال اول,دانشگاه علوم پزشکی شاهرود
1395,تجربی,2245,1096,منطقه 2,پزشکی,دانشگاه علوم پزشکی زنجان
1395,تجربی,2248,1097,منطقه 2,دندانپزشکی,دانشگاه علوم پزشکی زنجان
1395,تجربی,2248,1097,منطقه 2,پزشکی - نیمسال اول,دانشگاه علوم پزشکی سمنان
1395,تجربی,2252,332,منطقه 3,پزشکی - نیمسال اول,دانشگاه علوم پزشکی کردستان - سنندج
1395,تجربی,2252,787,منطقه 1,دندانپزشکی,دانشگاه علوم پزشکی قزوین
1395,تجربی,2257,333,منطقه 3,پزشکی - نیمسال دوم,دانشگاه علوم پزشکی تبریز
1395,تجربی,2257,790,منطقه 1,دندانپزشکی,دانشگاه علوم پزشکی ارومیه
1395,تجربی,2257,1100,منطقه 2,پزشکی,دانشگاه علوم پزشکی گلستان - گرگان
1395,تجربی,2260,334,منطقه 3,دندانپزشکی,دانشگاه علوم پزشکی زنجان
1395,تجربی,2262,335,منطقه 3,دندانپزشکی,دانشگاه علوم پزشکی سمنان
1395,تجربی,2262,1101,منطقه 2,پزشکی - نیمسال اول,دانشگاه علوم پزشکی گیلان - رشت
1395,تجربی,2264,1102,منطقه 2,پزشکی,دانشگاه علوم پزشکی کرمانشاه
1395,تجربی,2266,792,منطقه 1,دندانپزشکی,دانشگاه علوم پزشکی تهران
1395,تجربی,2266,1103,منطقه 2,داروسازی,دانشگاه علوم پزشکی شهید بهشتی - تهران
1395,تجربی,2270,337,منطقه 3,دندانپزشکی,دانشگاه علوم پزشکی بابل
1395,تجربی,2270,337,منطقه 3,پزشکی - نیمسال دوم,دانشگاه علوم پزشکی تبریز
1395,تجربی,2270,794,منطقه 1,دندانپزشکی,دانشگاه علوم پزشکی ارومیه
1395,تجربی,2270,794,منطقه 1,دندانپزشکی,دانشگاه علوم پزشکی مازندران - ساری
1395,تجربی,2270,1104,منطقه 2,دندانپزشکی,دانشگاه علوم پزشکی بابل
1395,تجربی,2275,339,منطقه 3,پزشکی - نیمسال دوم,دانشگاه علوم پزشکی شهید بهشتی - تهران
1395,تجربی,2279,340,منطقه 3,دندانپزشکی,دانشگاه علوم پزشکی گلستان - گرگان
1395,تجربی,2279,340,منطقه 3,پزشکی - نیمسال اول,دانشگاه علوم پزشکی کردستان - سنندج
1395,تجربی,2279,799,منطقه 1,پزشکی - نیمسال اول,دانشگاه علوم پزشکی اراک
1395,تجربی,2284,342,منطقه 3,پزشکی,دانشگاه علوم پزشکی کرمان
1395,تجربی,2284,800,منطقه 1,پزشکی - نیمسال اول,دانشگاه علوم پزشکی سبزوار
1395,تجربی,2284,800,منطقه 1,پزشکی - نیمسال دوم,دانشگاه علوم پزشکی جهرم
1395,تجربی,2284,1107,منطقه 2,داروسازی - نیمسال دوم,دانشگاه علوم پزشکی تبریز
1395,تجربی,2284,1107,منطقه 2,پزشکی,دانشگاه علوم پزشکی زنجان
1395,تجربی,2284,1107,منطقه 2,پزشکی,دانشگاه علوم پزشکی قم
1395,تجربی,2288,802,منطقه 1,پزشکی - نیمسال اول,دانشگاه علوم پزشکی اراک
1395,تجربی,2291,1111,منطقه 2,پزشکی,دانشگاه علوم پزشکی قم
1395,تجربی,2291,1111,منطقه 2,پزشکی - نیمسال اول,دانشگاه علوم پزشکی همدان
1395,تجربی,2298,806,منطقه 1,داروسازی,دانشگاه علوم پزشکی اصفهان
1395,تجربی,2298,1115,منطقه 2,دندانپزشکی,دانشگاه علوم پزشکی جندی شاپور اهواز
1395,تجربی,2304,344,منطقه 3,پزشکی,دانشگاه علوم پزشکی فسا
1395,تجربی,2304,344,منطقه 3,پزشکی - نیمسال اول,دانشگاه علوم پزشکی مازندران - ساری
1395,تجربی,2310,810,منطقه 1,پزشکی,دانشگاه علوم پزشکی بقیه الله
1395,تجربی,2310,810,منطقه 1,پزشکی,دانشگاه علوم پزشکی زنجان
1395,تجربی,2310,1119,منطقه 2,داروسازی,دانشگاه علوم پزشکی تهران
1395,تجربی,2310,1119,منطقه 2,پزشکی - نیمسال دوم,دانشگاه علوم پزشکی جندی شاپور اهواز
1395,تجربی,2317,347,منطقه 3,دندانپزشکی,دانشگاه علوم پزشکی همدان
1395,تجربی,2317,347,منطقه 3,پزشکی,دانشگاه علوم پزشکی فسا
1395,تجربی,2317,347,منطقه 3,پزشکی - نیمسال اول,دانشگاه علوم پزشکی بیرجند
1395,تجربی,2317,1122,منطقه 2,دندانپزشکی,دانشگاه علوم پزشکی مازندران - ساری
1395,تجربی,2323,1125,منطقه 2,دندانپزشکی,دانشگاه علوم پزشکی مازندران - ساری
1395,تجربی,2323,1125,منطقه 2,پزشکی - نیمسال اول,دانشگاه علوم پزشکی همدان
1395,تجربی,2323,1125,منطقه 2,پزشکی - نیمسال اول,دانشگاه علوم پزشکی کردستان - سنندج
1395,تجربی,2326,1128,منطقه 2,پزشکی,دانشگاه علوم پزشکی کرمانشاه
1395,تجربی,2328,1130,منطقه 2,دندانپزشکی,دانشگاه علوم پزشکی خراسان شمالی - بجنورد
1395,تجربی,2330,1131,منطقه 2,پزشکی,دانشگاه علوم پزشکی فسا
1395,تجربی,2332,1132,منطقه 2,پزشکی - نیمسال اول,دانشگاه علوم پزشکی گیلان - رشت
1395,تجربی,2336,350,منطقه 3,دندانپزشکی,دانشگاه علوم پزشکی شیراز
1395,تجربی,2336,350,منطقه 3,پزشکی - نیمسال اول,دانشگاه علوم پزشکی کردستان - سنندج
1395,تجربی,2336,818,منطقه 1,پزشکی - نیمسال اول,دانشگاه علوم پزشکی شهرکرد
1395,تجربی,2336,1133,منطقه 2,داروسازی,دانشگاه علوم پزشکی شهید بهشتی - تهران
1395,تجربی,2340,1134,منطقه 2,دندانپزشکی,دانشگاه علوم پزشکی تهران
1395,تجربی,2345,1137,منطقه 2,پزشکی,دانشگاه علوم پزشکی گلستان - گرگان
1395,تجربی,2345,1137,منطقه 2,پزشکی - نیمسال دوم,دانشگاه علوم پزشکی همدان
1395,تجربی,2349,352,منطقه 3,دندانپزشکی,دانشگاه علوم پزشکی کردستان - سنندج
1395,تجربی,2349,822,منطقه 1,دندانپزشکی,دانشگاه علوم پزشکی همدان
1395,تجربی,2349,1140,منطقه 2,پزشکی,دانشگاه علوم پزشکی کرمان
1395,تجربی,2349,1140,منطقه 2,پزشکی - نیمسال اول,دانشگاه علوم پزشکی بندرعباس
1395,تجربی,2354,824,منطقه 1,پزشکی - نیمسال اول,دانشگاه علوم پزشکی شهرکرد
1395,تجربی,2354,1143,منطقه 2,دندانپزشکی,دانشگاه علوم پزشکی مازندران - ساری
1395,تجربی,2354,1143,منطقه 2,دندانپزشکی,دانشگاه علوم پزشکی کرمانشاه
1395,تجربی,2354,1143,منطقه 2,پزشکی,دانشگاه علوم پزشکی گلستان - گرگان
1395,تجربی,2362,1148,منطقه 2,داروسازی,دانشگاه علوم پزشکی جندی شاپور اهواز
1395,تجربی,2362,1148,منطقه 2,داروسازی,دانشگاه علوم پزشکی مازندران - ساری
1395,تجربی,2362,1148,منطقه 2,دندانپزشکی,دانشگاه علوم پزشکی همدان
1395,تجربی,2362,1148,منطقه 2,پزشکی,دانشگاه علوم پزشکی بابل
1395,تجربی,2362,1148,منطقه 2,پزشکی,دانشگاه علوم پزشکی کرمان
1395,تجربی,2362,1148,منطقه 2,پزشکی - نیمسال دوم,دانشگاه علوم پزشکی گیلان - رشت
1395,تجربی,2368,1153,منطقه 2,پزشکی - نیمسال اول,دانشگاه علوم پزشکی ارومیه
1395,تجربی,2368,1153,منطقه 2,پزشکی - نیمسال اول,دانشگاه علوم پزشکی لرستان - خرم آباد
1395,تجربی,2368,1153,منطقه 2,پزشکی - نیمسال دوم,دانشگاه علوم پزشکی جندی شاپور اهواز
1395,تجربی,2373,353,منطقه 3,دندانپزشکی,دانشگاه علوم پزشکی کرمانشاه
1395,تجربی,2373,1156,منطقه 2,پزشکی,دانشگاه علوم پزشکی رفسنجان
1395,تجربی,2379,831,منطقه 1,پزشکی - نیمسال اول,دانشگاه علوم پزشکی جهرم
1395,تجربی,2379,1159,منطقه 2,پزشکی,دانشگاه علوم پزشکی کرمان
1395,تجربی,2384,833,منطقه 1,داروسازی,دانشگاه علوم پزشکی البرز - کرج
1395,تجربی,2384,1161,منطقه 2,پزشکی - نیمسال اول,دانشگاه علوم پزشکی کردستان - سنندج
1395,تجربی,2384,1161,منطقه 2,پزشکی - نیمسال دوم,دانشگاه علوم پزشکی گیلان - رشت
1395,تجربی,2388,1163,منطقه 2,پزشکی - نیمسال اول,دانشگاه علوم پزشکی لرستان - خرم آباد
1395,تجربی,2392,355,منطقه 3,پزشکی,دانشگاه علوم پزشکی یاسوج
1395,تجربی,2395,356,منطقه 3,پزشکی,دانشگاه علوم پزشکی گلستان - گرگان
1395,تجربی,2395,837,منطقه 1,پزشکی - نیمسال اول,دانشگاه علوم پزشکی اراک
1395,تجربی,2395,1166,منطقه 2,پزشکی - نیمسال اول,دانشگاه علوم پزشکی جندی شاپور اهواز
1395,تجربی,2398,838,منطقه 1,دندانپزشکی,دانشگاه علوم پزشکی تهران
1395,تجربی,2398,1167,منطقه 2,دندانپزشکی,دانشگاه علوم پزشکی گیلان - رشت
1395,تجربی,2398,1167,منطقه 2,پزشکی - نیمسال اول,دانشگاه علوم پزشکی مازندران - ساری
1395,تجربی,2401,840,منطقه 1,دندانپزشکی,دانشگاه علوم پزشکی بوشهر
1395,تجربی,2401,840,منطقه 1,دندانپزشکی,دانشگاه علوم پزشکی تبریز
1395,تجربی,2401,840,منطقه 1,پزشکی - نیمسال دوم,دانشگاه علوم پزشکی گیلان - رشت
1395,تجربی,2401,1169,منطقه 2,دندانپزشکی - محل تحصیل پردیس خودگردان دانشگاه واقع درتهران,دانشگاه علوم پزشکی شهیدبهشتی - تهران
1395,تجربی,2405,357,منطقه 3,پزشکی,دانشگاه علوم پزشکی کرمانشاه
1395,تجربی,2405,1170,منطقه 2,پزشکی - نیمسال اول,دانشگاه علوم پزشکی شاهرود
1395,تجربی,2409,358,منطقه 3,داروسازی - نیمسال اول,دانشگاه علوم پزشکی تبریز
1395,تجربی,2409,843,منطقه 1,داروسازی,دانشگاه علوم پزشکی شهید بهشتی - تهران
1395,تجربی,2409,843,منطقه 1,پزشکی,دانشگاه علوم پزشکی ایران (محل تحصیل کرج)
1395,تجربی,2413,359,منطقه 3,دندانپزشکی,دانشگاه علوم پزشکی تبریز
1395,تجربی,2413,845,منطقه 1,دندانپزشکی,دانشگاه علوم پزشکی قم
1395,تجربی,2413,1173,منطقه 2,دندانپزشکی,دانشگاه علوم پزشکی سمنان
1395,تجربی,2418,847,منطقه 1,دندانپزشکی,دانشگاه علوم پزشکی قم
1395,تجربی,2418,847,منطقه 1,پزشکی,دانشگاه علوم پزشکی مشهد
1395,تجربی,2418,1175,منطقه 2,پزشکی,دانشگاه علوم پزشکی اردبیل
1395,تجربی,2418,1175,منطقه 2,پزشکی,دانشگاه علوم پزشکی رفسنجان
1395,تجربی,2422,360,منطقه 3,پزشکی,دانشگاه علوم پزشکی اردبیل
1395,تجربی,2422,1178,منطقه 2,پزشکی - نیمسال اول,دانشگاه علوم پزشکی سبزوار
1395,تجربی,2422,1178,منطقه 2,پزشکی - نیمسال اول,دانشگاه علوم پزشکی کردستان - سنندج
1395,تجربی,2427,850,منطقه 1,پزشکی - نیمسال اول,دانشگاه علوم پزشکی ارومیه
1395,تجربی,2427,1181,منطقه 2,دندانپزشکی,دانشگاه علوم پزشکی جندی شاپور اهواز
1395,تجربی,2427,1181,منطقه 2,پزشکی,دانشگاه علوم پزشکی زنجان
1395,تجربی,2427,1181,منطقه 2,پزشکی,دانشگاه علوم پزشکی کاشان
1395,تجربی,2432,852,منطقه 1,پزشکی - نیمسال دوم,دانشگاه علوم پزشکی گیلان - رشت
1395,تجربی,2432,1183,منطقه 2,پزشکی,دانشگاه علوم پزشکی زنجان
1395,تجربی,2432,1183,منطقه 2,پزشکی - نیمسال دوم,دانشگاه علوم پزشکی همدان
1395,تجربی,2436,854,منطقه 1,پزشکی,دانشگاه علوم پزشکی کرمان
1395,تجربی,2436,1186,منطقه 2,دندانپزشکی,دانشگاه علوم پزشکی زنجان
1395,تجربی,2441,361,منطقه 3,پزشکی,دانشگاه علوم پزشکی کرمان
1395,تجربی,2441,361,منطقه 3,پزشکی - نیمسال اول,دانشگاه علوم پزشکی بیرجند
1395,تجربی,2441,855,منطقه 1,داروسازی,دانشگاه علوم پزشکی اصفهان
1395,تجربی,2441,855,منطقه 1,دندانپزشکی,دانشگاه علوم پزشکی گیلان - رشت
1395,تجربی,2441,1188,منطقه 2,دندانپزشکی,دانشگاه علوم پزشکی بوشهر
1395,تجربی,2447,365,منطقه 3,دندانپزشکی,دانشگاه علوم پزشکی گیلان - رشت
1395,تجربی,2447,365,منطقه 3,پزشکی,دانشگاه علوم پزشکی فسا
1395,تجربی,2447,365,منطقه 3,پزشکی - نیمسال اول,دانشگاه علوم پزشکی ارومیه
1395,تجربی,2447,365,منطقه 3,پزشکی - نیمسال دوم,دانشگاه علوم پزشکی اصفهان
1395,تجربی,2452,857,منطقه 1,پزشکی - نیمسال اول,دانشگاه علوم پزشکی جهرم
1395,تجربی,2452,1191,منطقه 2,پزشکی,دانشگاه علوم پزشکی اردبیل
1395,تجربی,2452,1191,منطقه 2,پزشکی - نیمسال اول,دانشگاه علوم پزشکی جندی شاپور اهواز
1395,تجربی,2452,1191,منطقه 2,پزشکی - نیمسال دوم,دانشگاه علوم پزشکی گیلان - رشت
1395,تجربی,2457,368,منطقه 3,دندانپزشکی,دانشگاه علوم پزشکی همدان
1395,تجربی,2457,1193,منطقه 2,دندانپزشکی,دانشگاه علوم پزشکی قم
1395,تجربی,2457,1193,منطقه 2,پزشکی,دانشگاه علوم پزشکی گلستان - گرگان
1395,تجربی,2461,370,منطقه 3,پزشکی,دانشگاه علوم پزشکی کرمان
1395,تجربی,2461,860,منطقه 1,پزشکی - نیمسال دوم,دانشگاه علوم پزشکی مازندران - ساری
1395,تجربی,2461,1195,منطقه 2,پزشکی - نیمسال اول,دانشگاه علوم پزشکی اراک
1395,تجربی,2465,862,منطقه 1,پزشکی,دانشگاه علوم پزشکی قزوین
1395,تجربی,2465,1196,منطقه 2,پزشکی - نیمسال اول,دانشگاه علوم پزشکی شهرکرد
1395,تجربی,2468,863,منطقه 1,داروسازی,دانشگاه علوم پزشکی شهید بهشتی - تهران
1395,تجربی,2468,1197,منطقه 2,پزشکی,دانشگاه علوم پزشکی رفسنجان
1395,تجربی,2468,1197,منطقه 2,پزشکی - نیمسال اول,دانشگاه علوم پزشکی اراک
1395,تجربی,2471,1199,منطقه 2,پزشکی - نیمسال اول,دانشگاه علوم پزشکی جندی شاپور اهواز
1395,تجربی,2475,372,منطقه 3,پزشکی,دانشگاه علوم پزشکی بابل
1395,تجربی,2475,865,منطقه 1,پزشکی,دانشگاه علوم پزشکی گلستان - گرگان
1395,تجربی,2475,1201,منطقه 2,پزشکی,دانشگاه علوم پزشکی رفسنجان
1395,تجربی,2479,374,منطقه 3,پزشکی - نیمسال اول,دانشگاه علوم پزشکی شهید بهشتی - تهران
1395,تجربی,2479,1203,منطقه 2,پزشکی - نیمسال دوم,دانشگاه علوم پزشکی همدان
1395,تجربی,2482,1204,منطقه 2,پزشکی,دانشگاه علوم پزشکی رفسنجان
1395,تجربی,2482,1204,منطقه 2,پزشکی,دانشگاه علوم پزشکی گلستان - گرگان
1395,تجربی,2485,1206,منطقه 2,پزشکی - نیمسال اول,دانشگاه علوم پزشکی اراک
1395,تجربی,2488,869,منطقه 1,پزشکی - نیمسال اول,دانشگاه علوم پزشکی جهرم
1395,تجربی,2488,1207,منطقه 2,پزشکی,دانشگاه علوم پزشکی کاشان
1395,تجربی,2492,872,منطقه 1,داروسازی,دانشگاه علوم پزشکی البرز - کرج
1395,تجربی,2492,872,منطقه 1,پزشکی - نیمسال اول,دانشگاه علوم پزشکی جندی شاپور اهواز
1395,تجربی,2492,1209,منطقه 2,دندانپزشکی - بومی استان قزوین,دانشگاه علوم پزشکی قزوین
1395,تجربی,2492,1209,منطقه 2,پزشکی,دانشگاه علوم پزشکی گلستان - گرگان
1395,تجربی,2496,376,منطقه 3,پزشکی,دانشگاه علوم پزشکی اردبیل
1395,تجربی,2499,874,منطقه 1,دندانپزشکی,دانشگاه علوم پزشکی خراسان شمالی - بجنورد
1395,تجربی,2499,1213,منطقه 2,پزشکی,دانشگاه علوم پزشکی گلستان - گرگان
1395,تجربی,2502,377,منطقه 3,دندانپزشکی,دانشگاه علوم پزشکی جندی شاپور اهواز
1395,تجربی,2502,377,منطقه 3,دندانپزشکی,دانشگاه علوم پزشکی گلستان - گرگان
1395,تجربی,2505,379,منطقه 3,پزشکی,دانشگاه علوم پزشکی بابل
1395,تجربی,2505,875,منطقه 1,دندانپزشکی,دانشگاه علوم پزشکی بابل
1395,تجربی,2505,875,منطقه 1,پزشکی,دانشگاه علوم پزشکی قزوین
1395,تجربی,2505,1215,منطقه 2,دندانپزشکی,دانشگاه علوم پزشکی زنجان
1395,تجربی,2508,1216,منطقه 2,دندانپزشکی,دانشگاه علوم پزشکی همدان
1395,تجربی,2511,1217,منطقه 2,پزشکی - نیمسال اول,دانشگاه علوم پزشکی لرستان - خرم آباد
1395,تجربی,2511,1217,منطقه 2,پزشکی - نیمسال دوم,دانشگاه علوم پزشکی جندی شاپور اهواز
1395,تجربی,2515,380,منطقه 3,پزشکی - نیمسال اول,دانشگاه علوم پزشکی کردستان - سنندج
1395,تجربی,2515,880,منطقه 1,دندانپزشکی,دانشگاه علوم پزشکی گلستان - گرگان
1395,تجربی,2515,1219,منطقه 2,پزشکی - نیمسال اول,دانشگاه علوم پزشکی شهرکرد
1395,تجربی,2520,882,منطقه 1,پزشکی,دانشگاه علوم پزشکی کاشان
1395,تجربی,2520,1221,منطقه 2,دندانپزشکی,دانشگاه علوم پزشکی زنجان
1395,تجربی,2520,1221,منطقه 2,دندانپزشکی,دانشگاه علوم پزشکی قم
1395,تجربی,2526,885,منطقه 1,داروسازی,دانشگاه علوم پزشکی تهران
1395,تجربی,2526,885,منطقه 1,دندانپزشکی,دانشگاه علوم پزشکی ارومیه
1395,تجربی,2526,885,منطقه 1,دندانپزشکی,دانشگاه علوم پزشکی اصفهان
1395,تجربی,2526,1223,منطقه 2,پزشکی,دانشگاه علوم پزشکی رفسنجان
1395,تجربی,2530,382,منطقه 3,پزشکی - بومی استان گلستان,دانشگاه علوم پزشکی گلستان - گرگان
1395,تجربی,2530,1224,منطقه 2,پزشکی,دانشگاه علوم پزشکی کاشان
1395,تجربی,2533,1225,منطقه 2,پزشکی,دانشگاه علوم پزشکی گلستان - گرگان
1395,تجربی,2536,384,منطقه 3,پزشکی - نیمسال دوم,دانشگاه علوم پزشکی جندی شاپور اهواز
1395,تجربی,2536,1227,منطقه 2,دندانپزشکی,دانشگاه علوم پزشکی گلستان - گرگان
1395,تجربی,2541,1230,منطقه 2,پزشکی - نیمسال اول,دانشگاه علوم پزشکی ارومیه
1395,تجربی,2544,1232,منطقه 2,پزشکی,دانشگاه علوم پزشکی گلستان - گرگان
1395,تجربی,2549,385,منطقه 3,پزشکی - نیمسال اول,دانشگاه علوم پزشکی سمنان
1395,تجربی,2549,892,منطقه 1,پزشکی,دانشگاه علوم پزشکی اردبیل
1395,تجربی,2549,1235,منطقه 2,پزشکی - نیمسال اول,دانشگاه علوم پزشکی جندی شاپور اهواز
1395,تجربی,2549,1235,منطقه 2,پزشکی - نیمسال دوم,دانشگاه علوم پزشکی همدان
1395,تجربی,2556,1240,منطقه 2,پزشکی - نیمسال اول,دانشگاه علوم پزشکی بندرعباس
1395,تجربی,2556,1240,منطقه 2,پزشکی - نیمسال اول,دانشگاه علوم پزشکی بیرجند
1395,تجربی,2561,895,منطقه 1,پزشکی,دانشگاه علوم پزشکی بقیه الله
1395,تجربی,2561,1244,منطقه 2,دندانپزشکی,دانشگاه علوم پزشکی اردبیل
1395,تجربی,2561,1244,منطقه 2,پزشکی,دانشگاه علوم پزشکی بابل
1395,تجربی,2561,1244,منطقه 2,پزشکی - نیمسال اول,دانشگاه علوم پزشکی شهرکرد
1395,تجربی,2565,896,منطقه 1,دندانپزشکی,دانشگاه علوم پزشکی کرمان
1395,تجربی,2565,1246,منطقه 2,دندانپزشکی - بومی استان مازندران,دانشگاه علوم پزشکی مازندران - ساری
1395,تجربی,2565,1246,منطقه 2,پزشکی - نیمسال دوم,دانشگاه علوم پزشکی همدان
1395,تجربی,2567,387,منطقه 3,دندانپزشکی,دانشگاه علوم پزشکی قم
1395,تجربی,2567,897,منطقه 1,دندانپزشکی,دانشگاه علوم پزشکی شهرکرد
1395,تجربی,2570,388,منطقه 3,دندانپزشکی,دانشگاه علوم پزشکی رفسنجان
1395,تجربی,2570,1248,منطقه 2,دندانپزشکی,دانشگاه علوم پزشکی جندی شاپور اهواز
1395,تجربی,2570,1248,منطقه 2,پزشکی - نیمسال دوم,دانشگاه علوم پزشکی گیلان - رشت
1395,تجربی,2573,389,منطقه 3,پزشکی,دانشگاه علوم پزشکی بابل
1395,تجربی,2573,1250,منطقه 2,پزشکی - نیمسال اول,دانشگاه علوم پزشکی سبزوار
1395,تجربی,2573,1250,منطقه 2,پزشکی - نیمسال دوم,دانشگاه علوم پزشکی اراک
1395,تجربی,2577,390,منطقه 3,پزشکی,دانشگاه علوم پزشکی کرمان
1395,تجربی,2577,390,منطقه 3,پزشکی - نیمسال دوم,دانشگاه علوم پزشکی مازندران - ساری
1395,تجربی,2577,898,منطقه 1,پزشکی - نیمسال دوم,دانشگاه علوم پزشکی مازندران - ساری
1395,تجربی,2577,1252,منطقه 2,پزشکی,دانشگاه علوم پزشکی بابل
1395,تجربی,2580,1254,منطقه 2,دندانپزشکی,دانشگاه علوم پزشکی لرستان - خرم آباد
1395,تجربی,2583,899,منطقه 1,پزشکی - نیمسال اول,دانشگاه علوم پزشکی ارومیه
1395,تجربی,2583,1256,منطقه 2,پزشکی,دانشگاه علوم پزشکی رفسنجان
1395,تجربی,2583,1256,منطقه 2,پزشکی,دانشگاه علوم پزشکی قم
1395,تجربی,2588,393,منطقه 3,دندانپزشکی,دانشگاه علوم پزشکی کرمان
1395,تجربی,2588,393,منطقه 3,پزشکی,دانشگاه علوم پزشکی بابل
1395,تجربی,2588,393,منطقه 3,پزشکی,دانشگاه علوم پزشکی کرمانشاه
1395,تجربی,2588,393,منطقه 3,پزشکی - نیمسال اول,دانشگاه علوم پزشکی کردستان - سنندج
1395,تجربی,2591,396,منطقه 3,پزشکی,دانشگاه علوم پزشکی گلستان - گرگان
1395,تجربی,2594,1260,منطقه 2,دندانپزشکی,دانشگاه علوم پزشکی قم
1395,تجربی,2594,1260,منطقه 2,پزشکی,دانشگاه علوم پزشکی قم
1395,تجربی,2597,903,منطقه 1,پزشکی,دانشگاه علوم پزشکی قم
1395,تجربی,2600,397,منطقه 3,پزشکی - نیمسال اول,دانشگاه علوم پزشکی کردستان - سنندج
1395,تجربی,2600,1263,منطقه 2,دندانپزشکی,دانشگاه علوم پزشکی گلستان - گرگان
1395,تجربی,2605,1266,منطقه 2,دندانپزشکی - نیمسال اول,دانشگاه علوم پزشکی زاهدان
1395,تجربی,2605,1266,منطقه 2,پزشکی,دانشگاه علوم پزشکی قم
1395,تجربی,2605,1266,منطقه 2,پزشکی,دانشگاه علوم پزشکی گلستان - گرگان
1395,تجربی,2605,1266,منطقه 2,پزشکی - نیمسال دوم,دانشگاه علوم پزشکی مازندران - ساری
1395,تجربی,2609,398,منطقه 3,پزشکی,دانشگاه علوم پزشکی اردبیل
1395,تجربی,2609,1270,منطقه 2,پزشکی,دانشگاه علوم پزشکی بوشهر
1395,تجربی,2612,399,منطقه 3,دندانپزشکی,دانشگاه علوم پزشکی کردستان - سنندج
1395,تجربی,2612,399,منطقه 3,پزشکی - نیمسال اول,دانشگاه علوم پزشکی گیلان - رشت
1395,تجربی,2612,1271,منطقه 2,داروسازی,دانشگاه علوم پزشکی مشهد
1395,تجربی,2616,401,منطقه 3,پزشکی - نیمسال اول,دانشگاه علوم پزشکی کردستان - سنندج
1395,تجربی,2616,906,منطقه 1,داروسازی,دانشگاه علوم پزشکی شهیدبهشتی - تهران
1395,تجربی,2616,906,منطقه 1,دندانپزشکی,دانشگاه علوم پزشکی جندی شاپور اهواز
1395,تجربی,2616,1272,منطقه 2,دندانپزشکی,دانشگاه علوم پزشکی گلستان - گرگان
1395,تجربی,2616,1272,منطقه 2,پزشکی,دانشگاه علوم پزشکی اردبیل
1395,تجربی,2621,402,منطقه 3,دندانپزشکی,دانشگاه علوم پزشکی شیراز
1395,تجربی,2621,909,منطقه 1,دندانپزشکی,دانشگاه علوم پزشکی گلستان - گرگان
1395,تجربی,2621,909,منطقه 1,پزشکی - نیمسال اول,دانشگاه علوم پزشکی جهرم
1395,تجربی,2626,403,منطقه 3,پزشکی - نیمسال اول,دانشگاه علوم پزشکی کردستان - سنندج
1395,تجربی,2626,911,منطقه 1,داروسازی,دانشگاه علوم پزشکی شیراز
1395,تجربی,2626,911,منطقه 1,پزشکی - نیمسال دوم,دانشگاه علوم پزشکی مازندران - ساری
1395,تجربی,2626,1275,منطقه 2,دندانپزشکی,دانشگاه علوم پزشکی یزد
1395,تجربی,2630,1278,منطقه 2,پزشکی - نیمسال اول,دانشگاه علوم پزشکی سمنان
1395,تجربی,2633,404,منطقه 3,پزشکی - نیمسال دوم,دانشگاه علوم پزشکی کردستان - سنندج
1395,تجربی,2638,405,منطقه 3,دندانپزشکی,دانشگاه علوم پزشکی کرمانشاه
1395,تجربی,2638,915,منطقه 1,دندانپزشکی,دانشگاه علوم پزشکی گلستان - گرگان
1395,تجربی,2638,915,منطقه 1,پزشکی,دانشگاه علوم پزشکی کرمان
1395,تجربی,2638,1282,منطقه 2,پزشکی,دانشگاه علوم پزشکی اردبیل
1395,تجربی,2644,406,منطقه 3,پزشکی - نیمسال دوم,دانشگاه علوم پزشکی اصفهان
1395,تجربی,2644,918,منطقه 1,دندانپزشکی,دانشگاه علوم پزشکی زنجان
1395,تجربی,2644,918,منطقه 1,پزشکی - نیمسال اول,دانشگاه علوم پزشکی بیرجند
1395,تجربی,2649,407,منطقه 3,داروسازی,دانشگاه علوم پزشکی شهید بهشتی - تهران
1395,تجربی,2649,1286,منطقه 2,پزشکی,دانشگاه علوم پزشکی بقیه الله
1395,تجربی,2649,1286,منطقه 2,پزشکی - بومی استان یزد,دانشگاه علوم پزشکی یزد
1395,تجربی,2654,1288,منطقه 2,پزشکی - نیمسال اول,دانشگاه علوم پزشکی ارومیه
1395,تجربی,2659,409,منطقه 3,پزشکی - نیمسال دوم,دانشگاه علوم پزشکی شیراز
1395,تجربی,2659,924,منطقه 1,داروسازی,دانشگاه علوم پزشکی شهید بهشتی - تهران
1395,تجربی,2659,924,منطقه 1,پزشکی,دانشگاه علوم پزشکی فسا
1395,تجربی,2659,1290,منطقه 2,پزشکی,دانشگاه علوم پزشکی اردبیل
1395,تجربی,2663,1292,منطقه 2,دندانپزشکی,دانشگاه علوم پزشکی رفسنجان
1395,تجربی,2663,1292,منطقه 2,پزشکی - نیمسال اول,دانشگاه علوم پزشکی سبزوار
1395,تجربی,2669,410,منطقه 3,پزشکی - نیمسال دوم,دانشگاه علوم پزشکی شهید بهشتی - تهران
1395,تجربی,2669,1296,منطقه 2,دندانپزشکی,دانشگاه علوم پزشکی اراک
1395,تجربی,2669,1296,منطقه 2,دندانپزشکی,دانشگاه علوم پزشکی گیلان - رشت
1395,تجربی,2669,1296,منطقه 2,پزشکی - نیمسال اول,دانشگاه علوم پزشکی بندرعباس
1395,تجربی,2677,411,منطقه 3,پزشکی - نیمسال اول,دانشگاه علوم پزشکی ارومیه
1395,تجربی,2677,411,منطقه 3,پزشکی - نیمسال اول,دانشگاه علوم پزشکی شهرکرد
1395,تجربی,2677,1301,منطقه 2,دندانپزشکی,دانشگاه علوم پزشکی مازندران - ساری
1395,تجربی,2677,1301,منطقه 2,پزشکی - نیمسال اول,دانشگاه علوم پزشکی سمنان
1395,تجربی,2677,1301,منطقه 2,پزشکی - نیمسال دوم,دانشگاه علوم پزشکی کردستان - سنندج
1395,تجربی,2684,413,منطقه 3,پزشکی - نیمسال دوم,دانشگاه علوم پزشکی ارومیه
1395,تجربی,2684,1304,منطقه 2,پزشکی - نیمسال اول,دانشگاه علوم پزشکی زاهدان
1395,تجربی,2684,1304,منطقه 2,پزشکی - نیمسال اول,دانشگاه علوم پزشکی شاهرود
1395,تجربی,2688,414,منطقه 3,داروسازی,دانشگاه علوم پزشکی شیراز
1395,تجربی,2688,414,منطقه 3,پزشکی - نیمسال اول,دانشگاه علوم پزشکی سمنان
1395,تجربی,2688,1306,منطقه 2,داروسازی,دانشگاه علوم پزشکی شیراز
1395,تجربی,2688,1306,منطقه 2,پزشکی - نیمسال اول,دانشگاه علوم پزشکی شهیدبهشتی - تهران
1395,تجربی,2691,416,منطقه 3,دندانپزشکی,دانشگاه علوم پزشکی شیراز
1395,تجربی,2693,417,منطقه 3,دندانپزشکی,دانشگاه علوم پزشکی اردبیل
1395,تجربی,2700,418,منطقه 3,پزشکی - نیمسال دوم,دانشگاه علوم پزشکی جندی شاپور اهواز
1395,تجربی,2700,936,منطقه 1,پزشکی,دانشگاه علوم پزشکی ایران (محل تحصیل کرج)
1395,تجربی,2700,1310,منطقه 2,دندانپزشکی,دانشگاه علوم پزشکی سمنان
1395,تجربی,2700,1310,منطقه 2,دندانپزشکی,دانشگاه علوم پزشکی گیلان - رشت
1395,تجربی,2708,939,منطقه 1,دندانپزشکی,دانشگاه علوم پزشکی زنجان
1395,تجربی,2708,939,منطقه 1,پزشکی,دانشگاه علوم پزشکی کرمان
1395,تجربی,2708,1314,منطقه 2,داروسازی,دانشگاه علوم پزشکی اصفهان
1395,تجربی,2708,1314,منطقه 2,دندانپزشکی,دانشگاه علوم پزشکی گیلان - رشت
1395,تجربی,2708,1314,منطقه 2,پزشکی,دانشگاه علوم پزشکی کرمان
1395,تجربی,2708,1314,منطقه 2,پزشکی - نیمسال اول,دانشگاه علوم پزشکی بیرجند
1395,تجربی,2718,1321,منطقه 2,پزشکی,دانشگاه علوم پزشکی کاشان
1395,تجربی,2721,944,منطقه 1,پزشکی,دانشگاه علوم پزشکی زنجان
1395,تجربی,2721,1322,منطقه 2,داروسازی,دانشگاه علوم پزشکی مشهد
1395,تجربی,2726,420,منطقه 3,داروسازی - نیمسال اول,دانشگاه علوم پزشکی تبریز
1395,تجربی,2726,420,منطقه 3,پزشکی,دانشگاه علوم پزشکی ایران
1395,تجربی,2726,420,منطقه 3,پزشکی - نیمسال اول,دانشگاه علوم پزشکی سبزوار
1395,تجربی,2726,946,منطقه 1,پزشکی,دانشگاه علوم پزشکی یاسوج
1395,تجربی,2726,1324,منطقه 2,پزشکی - نیمسال دوم,دانشگاه علوم پزشکی خراسان شمالی - بجنورد
1395,تجربی,2726,1324,منطقه 2,پزشکی - نیمسال دوم,دانشگاه علوم پزشکی مازندران - ساری
1395,تجربی,2735,423,منطقه 3,پزشکی,دانشگاه علوم پزشکی اردبیل
1395,تجربی,2735,423,منطقه 3,پزشکی - نیمسال دوم,دانشگاه علوم پزشکی کردستان - سنندج
1395,تجربی,2735,949,منطقه 1,دامپزشکی,دانشگاه تهران
1395,تجربی,2735,1327,منطقه 2,دندانپزشکی,دانشگاه علوم پزشکی زنجان
1395,تجربی,2735,1327,منطقه 2,پزشکی,دانشگاه علوم پزشکی اردبیل
1395,تجربی,2735,1327,منطقه 2,پزشکی - بومی استان اصفهان,دانشگاه علوم پزشکی اصفهان
1395,تجربی,2742,1330,منطقه 2,داروسازی - بومی استان کرمان,دانشگاه علوم پزشکی کرمان
1395,تجربی,2742,1330,منطقه 2,پزشکی - نیمسال اول,دانشگاه علوم پزشکی شهرکرد
1395,تجربی,2746,1333,منطقه 2,داروسازی,دانشگاه علوم پزشکی تهران
1395,تجربی,2748,425,منطقه 3,پزشکی - نیمسال دوم,دانشگاه علوم پزشکی جندی شاپور اهواز
1395,تجربی,2748,1335,منطقه 2,دندانپزشکی,دانشگاه علوم پزشکی قم
1395,تجربی,2748,1335,منطقه 2,پزشکی,دانشگاه علوم پزشکی قزوین
1395,تجربی,2748,1335,منطقه 2,پزشکی - نیمسال اول,دانشگاه علوم پزشکی سمنان
1395,تجربی,2752,426,منطقه 3,پزشکی - نیمسال اول,دانشگاه علوم پزشکی بیرجند
1395,تجربی,2756,955,منطقه 1,دندانپزشکی,دانشگاه علوم پزشکی اراک
1395,تجربی,2756,1338,منطقه 2,پزشکی - نیمسال دوم,دانشگاه علوم پزشکی سبزوار
1395,تجربی,2760,1340,منطقه 2,پزشکی - نیمسال اول,دانشگاه علوم پزشکی شاهرود
1395,تجربی,2760,1340,منطقه 2,پزشکی - نیمسال دوم,دانشگاه علوم پزشکی کردستان - سنندج
1395,تجربی,2762,1342,منطقه 2,پزشکی,دانشگاه علوم پزشکی رفسنجان
1395,تجربی,2766,959,منطقه 1,پزشکی - نیمسال اول,دانشگاه علوم پزشکی بیرجند
1395,تجربی,2766,1344,منطقه 2,پزشکی - نیمسال اول,دانشگاه علوم پزشکی شاهرود
1395,تجربی,2766,1344,منطقه 2,پزشکی - نیمسال دوم,دانشگاه علوم پزشکی گیلان - رشت
1395,تجربی,2773,427,منطقه 3,دندانپزشکی,دانشگاه علوم پزشکی سمنان
1395,تجربی,2773,1348,منطقه 2,پزشکی - نیمسال دوم,دانشگاه علوم پزشکی اراک
1395,تجربی,2773,1348,منطقه 2,پزشکی - نیمسال دوم,دانشگاه علوم پزشکی گیلان - رشت
1395,تجربی,2779,1352,منطقه 2,پزشکی,دانشگاه علوم پزشکی رفسنجان
1395,تجربی,2779,1352,منطقه 2,پزشکی - نیمسال دوم,دانشگاه علوم پزشکی سمنان
1395,تجربی,2779,1352,منطقه 2,پزشکی - نیمسال دوم,دانشگاه علوم پزشکی گیلان - رشت
1395,تجربی,2788,429,منطقه 3,پزشکی - نیمسال دوم,دانشگاه علوم پزشکی سمنان
1395,تجربی,2788,967,منطقه 1,پزشکی,دانشگاه علوم پزشکی کاشان
1395,تجربی,2788,1355,منطقه 2,پزشکی - نیمسال اول,دانشگاه علوم پزشکی بیرجند
1395,تجربی,2794,431,منطقه 3,پزشکی - نیمسال اول,دانشگاه علوم پزشکی لرستان - خرم آباد
1395,تجربی,2794,1358,منطقه 2,دندانپزشکی,دانشگاه علوم پزشکی جندی شاپور اهواز
1395,تجربی,2794,1358,منطقه 2,پزشکی,دانشگاه علوم پزشکی رفسنجان
1395,تجربی,2794,1358,منطقه 2,پزشکی,دانشگاه علوم پزشکی کرمان
1395,تجربی,2794,1358,منطقه 2,پزشکی - نیمسال اول,دانشگاه علوم پزشکی شهرکرد
1395,تجربی,2794,1358,منطقه 2,پزشکی - نیمسال دوم,دانشگاه علوم پزشکی مازندران - ساری
1395,تجربی,2798,432,منطقه 3,پزشکی,دانشگاه علوم پزشکی ایران
1395,تجربی,2798,432,منطقه 3,پزشکی - نیمسال دوم,دانشگاه علوم پزشکی کردستان - سنندج
1395,تجربی,2802,434,منطقه 3,پزشکی,دانشگاه علوم پزشکی گناباد
1395,تجربی,2802,1362,منطقه 2,پزشکی,دانشگاه علوم پزشکی قزوین
1395,تجربی,2802,1362,منطقه 2,پزشکی - نیمسال اول,دانشگاه علوم پزشکی شهرکرد
1395,تجربی,2806,436,منطقه 3,دندانپزشکی,دانشگاه علوم پزشکی تهران
1395,تجربی,2806,970,منطقه 1,پزشکی,دانشگاه علوم پزشکی زنجان
1395,تجربی,2806,970,منطقه 1,پزشکی - نیمسال دوم,دانشگاه علوم پزشکی کردستان - سنندج
1395,تجربی,2811,438,منطقه 3,دندانپزشکی,دانشگاه علوم پزشکی همدان
1395,تجربی,2811,438,منطقه 3,پزشکی - بومی استان چهارمحال بختیاری,دانشگاه علوم پزشکی شهرکرد
1395,تجربی,2811,1364,منطقه 2,دندانپزشکی,دانشگاه علوم پزشکی همدان
1395,تجربی,2811,1364,منطقه 2,پزشکی - نیمسال دوم,دانشگاه علوم پزشکی سمنان
1395,تجربی,2815,440,منطقه 3,دندانپزشکی - بومی استان اصفهان,دانشگاه علوم پزشکی اصفهان
1395,تجربی,2815,1367,منطقه 2,پزشکی - نیمسال اول,دانشگاه علوم پزشکی لرستان - خرم آباد
1395,تجربی,2815,1367,منطقه 2,پزشکی - نیمسال دوم,دانشگاه علوم پزشکی اراک
1395,تجربی,2820,441,منطقه 3,پزشکی,دانشگاه علوم پزشکی یزد
1395,تجربی,2820,1369,منطقه 2,پزشکی,دانشگاه علوم پزشکی قزوین
1395,تجربی,2823,1370,منطقه 2,پزشکی - نیمسال دوم,دانشگاه علوم پزشکی اراک
1395,تجربی,2826,1373,منطقه 2,دندانپزشکی,دانشگاه علوم پزشکی گیلان - رشت
1395,تجربی,2826,1373,منطقه 2,پزشکی,دانشگاه علوم پزشکی رفسنجان
1395,تجربی,2830,443,منطقه 3,داروسازی,دانشگاه علوم پزشکی البرز - کرج
1395,تجربی,2830,443,منطقه 3,پزشکی - نیمسال اول,دانشگاه علوم پزشکی ایلام
1395,تجربی,2830,975,منطقه 1,پزشکی - نیمسال دوم,دانشگاه علوم پزشکی کردستان - سنندج
1395,تجربی,2836,445,منطقه 3,پزشکی,دانشگاه علوم پزشکی ایران
1395,تجربی,2836,977,منطقه 1,دندانپزشکی,دانشگاه علوم پزشکی خراسان شمالی - بجنورد
1395,تجربی,2836,1376,منطقه 2,دندانپزشکی,دانشگاه علوم پزشکی رفسنجان
1395,تجربی,2836,1376,منطقه 2,پزشکی,دانشگاه علوم پزشکی اردبیل
1395,تجربی,2840,446,منطقه 3,دندانپزشکی,دانشگاه علوم پزشکی مازندران - ساری
1395,تجربی,2844,447,منطقه 3,پزشکی - نیمسال دوم,دانشگاه علوم پزشکی شهید بهشتی - تهران
1395,تجربی,2844,1379,منطقه 2,دندانپزشکی,دانشگاه علوم پزشکی زنجان
1395,تجربی,2844,1379,منطقه 2,پزشکی,دانشگاه علوم پزشکی اردبیل
1395,تجربی,2848,982,منطقه 1,پزشکی - نیمسال دوم,دانشگاه علوم پزشکی شهرکرد
1395,تجربی,2848,1381,منطقه 2,پزشکی - نیمسال اول,دانشگاه علوم پزشکی ارومیه
1395,تجربی,2851,448,منطقه 3,پزشکی,دانشگاه علوم پزشکی بوشهر
1395,تجربی,2851,1382,منطقه 2,پزشکی - نیمسال اول,دانشگاه علوم پزشکی لرستان - خرم آباد
1395,تجربی,2854,1385,منطقه 2,دندانپزشکی,دانشگاه علوم پزشکی کرمانشاه
1395,تجربی,2854,1385,منطقه 2,پزشکی - نیمسال دوم,دانشگاه علوم پزشکی بیرجند
1395,تجربی,2854,1385,منطقه 2,پزشکی - نیمسال دوم,دانشگاه علوم پزشکی سمنان
1395,تجربی,2858,449,منطقه 3,پزشکی - نیمسال دوم,دانشگاه علوم پزشکی جندی شاپور اهواز
1395,تجربی,2861,450,منطقه 3,پزشکی,دانشگاه علوم پزشکی یاسوج
1395,تجربی,2861,987,منطقه 1,دندانپزشکی,دانشگاه علوم پزشکی اردبیل
1395,تجربی,2861,1387,منطقه 2,دندانپزشکی,دانشگاه علوم پزشکی زنجان
1395,تجربی,2865,990,منطقه 1,دندانپزشکی,دانشگاه علوم پزشکی زنجان
1395,تجربی,2865,990,منطقه 1,دندانپزشکی,دانشگاه علوم پزشکی یاسوج
1395,تجربی,2868,1389,منطقه 2,داروسازی,دانشگاه علوم پزشکی یزد
1395,تجربی,2874,451,منطقه 3,دندانپزشکی,دانشگاه علوم پزشکی کرمانشاه
1395,تجربی,2874,451,منطقه 3,پزشکی,دانشگاه علوم پزشکی گلستان - گرگان
1395,تجربی,2874,992,منطقه 1,دندانپزشکی - بومی استان فارس,دانشگاه علوم پزشکی شیراز
1395,تجربی,2874,1393,منطقه 2,دندانپزشکی,دانشگاه علوم پزشکی سمنان
1395,تجربی,2874,1393,منطقه 2,پزشکی,دانشگاه علوم پزشکی بابل
1395,تجربی,2874,1393,منطقه 2,پزشکی - نیمسال اول,دانشگاه علوم پزشکی خراسان شمالی - بجنورد
1395,تجربی,2874,1393,منطقه 2,پزشکی - نیمسال دوم,دانشگاه علوم پزشکی زاهدان
1395,تجربی,2882,453,منطقه 3,پزشکی,دانشگاه علوم پزشکی گلستان - گرگان
1395,تجربی,2882,453,منطقه 3,پزشکی - نیمسال اول,دانشگاه علوم پزشکی بیرجند
1395,تجربی,2882,993,منطقه 1,پزشکی - نیمسال دوم,دانشگاه علوم پزشکی اراک
1395,تجربی,2882,1398,منطقه 2,پزشکی,دانشگاه علوم پزشکی کرمان
1395,تجربی,2882,1398,منطقه 2,پزشکی - نیمسال دوم,دانشگاه علوم پزشکی کردستان - سنندج
1395,تجربی,2889,455,منطقه 3,پزشکی,دانشگاه علوم پزشکی گلستان - گرگان
1395,تجربی,2889,455,منطقه 3,پزشکی - نیمسال دوم,دانشگاه علوم پزشکی شیراز
1395,تجربی,2889,995,منطقه 1,پزشکی,دانشگاه علوم پزشکی زنجان
1395,تجربی,2889,995,منطقه 1,پزشکی - نیمسال اول,دانشگاه علوم پزشکی جهرم
1395,تجربی,2889,1401,منطقه 2,پزشکی - نیمسال اول,دانشگاه علوم پزشکی جندی شاپور اهواز
1395,تجربی,2895,1403,منطقه 2,پزشکی,دانشگاه علوم پزشکی کرمان
1395,تجربی,2897,1405,منطقه 2,پزشکی - نیمسال دوم,دانشگاه علوم پزشکی اراک
1395,تجربی,2897,1405,منطقه 2,پزشکی - نیمسال دوم,دانشگاه علوم پزشکی سمنان
1395,تجربی,2902,458,منطقه 3,دندانپزشکی,دانشگاه علوم پزشکی شیراز
1395,تجربی,2902,1407,منطقه 2,پزشکی - نیمسال دوم,دانشگاه علوم پزشکی اراک
1395,تجربی,2909,1001,منطقه 1,پزشکی,دانشگاه علوم پزشکی کرمان
1395,تجربی,2909,1001,منطقه 1,پزشکی - نیمسال اول,دانشگاه علوم پزشکی خراسان شمالی - بجنورد
1395,تجربی,2909,1001,منطقه 1,پزشکی - نیمسال دوم,دانشگاه علوم پزشکی شهرکرد
1395,تجربی,2909,1411,منطقه 2,داروسازی,دانشگاه علوم پزشکی تهران
1395,تجربی,2909,1411,منطقه 2,دندانپزشکی,دانشگاه علوم پزشکی اردبیل
1395,تجربی,2909,1411,منطقه 2,پزشکی,دانشکده علوم پزشکی آبادان
1395,تجربی,2909,1411,منطقه 2,پزشکی - نیمسال دوم,دانشگاه علوم پزشکی شاهرود
1395,تجربی,2916,460,منطقه 3,پزشکی,دانشگاه علوم پزشکی بابل
1395,تجربی,2919,1416,منطقه 2,دندانپزشکی,دانشگاه علوم پزشکی جندی شاپور اهواز
1395,تجربی,2919,1416,منطقه 2,پزشکی - نیمسال دوم,دانشگاه علوم پزشکی جندی شاپور اهواز
1395,تجربی,2919,1416,منطقه 2,پزشکی - نیمسال دوم,دانشگاه علوم پزشکی کردستان - سنندج
1395,تجربی,2923,461,منطقه 3,پزشکی,دانشگاه علوم پزشکی ایران
1395,تجربی,2923,1007,منطقه 1,داروسازی,دانشگاه علوم پزشکی اصفهان
1395,تجربی,2923,1007,منطقه 1,پزشکی,دانشگاه علوم پزشکی بوشهر
1395,تجربی,2928,463,منطقه 3,داروسازی - بومی استان اذربایجان شرقی,دانشگاه علوم پزشکی تبریز
1395,تجربی,2928,463,منطقه 3,پزشکی,دانشگاه علوم پزشکی زنجان
1395,تجربی,2928,463,منطقه 3,پزشکی - نیمسال دوم,دانشگاه علوم پزشکی کردستان - سنندج
1395,تجربی,2928,1009,منطقه 1,پزشکی - نیمسال دوم,دانشگاه علوم پزشکی کردستان - سنندج
1395,تجربی,2928,1419,منطقه 2,پزشکی,دانشگاه علوم پزشکی رفسنجان
1395,تجربی,2933,1010,منطقه 1,پزشکی - نیمسال اول,دانشگاه علوم پزشکی بیرجند
1395,تجربی,2933,1421,منطقه 2,پزشکی,دانشگاه علوم پزشکی بقیه الله
1395,تجربی,2933,1421,منطقه 2,پزشکی - نیمسال اول,دانشگاه علوم پزشکی اراک
1395,تجربی,2933,1421,منطقه 2,پزشکی - نیمسال اول,دانشگاه علوم پزشکی بیرجند
1395,تجربی,2938,1424,منطقه 2,دندانپزشکی,دانشگاه علوم پزشکی سمنان
1395,تجربی,2943,1427,منطقه 2,دندانپزشکی,دانشگاه علوم پزشکی لرستان - خرم آباد
1395,تجربی,2943,1427,منطقه 2,پزشکی,دانشگاه علوم پزشکی کرمان
1395,تجربی,2943,1427,منطقه 2,پزشکی - نیمسال دوم,دانشگاه علوم پزشکی مازندران - ساری
1395,تجربی,2946,1014,منطقه 1,دندانپزشکی,دانشگاه علوم پزشکی قم
1395,تجربی,2946,1014,منطقه 1,پزشکی,دانشگاه علوم پزشکی فسا
1395,تجربی,2946,1429,منطقه 2,پزشکی - نیمسال اول,دانشگاه علوم پزشکی جندی شاپور اهواز
1395,تجربی,2949,1016,منطقه 1,پزشکی - نیمسال دوم,دانشگاه علوم پزشکی مازندران - ساری
1395,تجربی,2949,1431,منطقه 2,دندانپزشکی,دانشگاه علوم پزشکی سمنان
1395,تجربی,2952,465,منطقه 3,دندانپزشکی,دانشگاه علوم پزشکی شیراز
1395,تجربی,2952,1433,منطقه 2,پزشکی - نیمسال اول,دانشگاه علوم پزشکی شاهرود
1395,تجربی,2958,467,منطقه 3,دندانپزشکی,دانشگاه علوم پزشکی کرمانشاه
1395,تجربی,2958,467,منطقه 3,پزشکی - نیمسال دوم,دانشگاه علوم پزشکی اراک
1395,تجربی,2958,1017,منطقه 1,پزشکی - نیمسال دوم,دانشگاه علوم پزشکی گیلان - رشت
1395,تجربی,2958,1436,منطقه 2,دندانپزشکی,دانشگاه علوم پزشکی جندی شاپور اهواز
1395,تجربی,2958,1436,منطقه 2,دندانپزشکی,دانشگاه علوم پزشکی رفسنجان
1395,تجربی,2958,1436,منطقه 2,پزشکی - نیمسال دوم,دانشگاه علوم پزشکی زاهدان
1395,تجربی,2958,1436,منطقه 2,پزشکی - نیمسال دوم,دانشگاه علوم پزشکی سمنان
1395,تجربی,2965,1019,منطقه 1,دندانپزشکی,دانشگاه علوم پزشکی زنجان
1395,تجربی,2965,1019,منطقه 1,پزشکی - نیمسال اول,دانشگاه علوم پزشکی ارومیه
1395,تجربی,2965,1019,منطقه 1,پزشکی - نیمسال دوم,دانشگاه علوم پزشکی جهرم
1395,تجربی,2965,1439,منطقه 2,پزشکی - نیمسال دوم,دانشگاه علوم پزشکی اراک
1395,تجربی,2971,470,منطقه 3,دندانپزشکی,دانشگاه علوم پزشکی اصفهان
1395,تجربی,2971,1022,منطقه 1,داروسازی,دانشگاه علوم پزشکی شیراز
1395,تجربی,2971,1022,منطقه 1,دندانپزشکی,دانشگاه علوم پزشکی مشهد
1395,تجربی,2971,1440,منطقه 2,پزشکی,دانشگاه علوم پزشکی بوشهر
1395,تجربی,2971,1440,منطقه 2,پزشکی - نیمسال اول,دانشگاه علوم پزشکی ارومیه
1395,تجربی,2975,471,منطقه 3,دندانپزشکی,دانشگاه علوم پزشکی خراسان شمالی - بجنورد
1395,تجربی,2975,471,منطقه 3,پزشکی,دانشگاه علوم پزشکی یاسوج
1395,تجربی,2978,473,منطقه 3,داروسازی,دانشگاه علوم پزشکی مشهد
1395,تجربی,2978,1442,منطقه 2,دندانپزشکی,دانشگاه علوم پزشکی گیلان - رشت (محل تحصیل بندرانزلی)
1395,تجربی,2983,1444,منطقه 2,دندانپزشکی,دانشگاه علوم پزشکی بیرجند
1395,تجربی,2986,1446,منطقه 2,پزشکی,دانشگاه علوم پزشکی بابل
1395,تجربی,2990,476,منطقه 3,دندانپزشکی,دانشگاه علوم پزشکی شیراز
1395,تجربی,2990,476,منطقه 3,پزشکی - نیمسال دوم,دانشگاه علوم پزشکی همدان
1395,تجربی,2990,1449,منطقه 2,پزشکی - نیمسال اول,دانشگاه علوم پزشکی لرستان - خرم آباد
1395,تجربی,2990,1449,منطقه 2,پزشکی - نیمسال دوم,دانشگاه علوم پزشکی سمنان
1395,تجربی,2990,1449,منطقه 2,پزشکی - نیمسال دوم,دانشگاه علوم پزشکی مازندران - ساری
1395,تجربی,2996,479,منطقه 3,پزشکی,دانشگاه علوم پزشکی یاسوج
1395,تجربی,2996,479,منطقه 3,پزشکی - نیمسال اول,دانشگاه علوم پزشکی بیرجند
1395,تجربی,2996,479,منطقه 3,پزشکی - نیمسال اول,دانشگاه علوم پزشکی همدان
1395,تجربی,2996,1451,منطقه 2,پزشکی - نیمسال اول,دانشگاه علوم پزشکی اراک
1395,تجربی,3000,481,منطقه 3,دندانپزشکی,دانشگاه علوم پزشکی اردبیل
1395,تجربی,3004,40,ایثارگران,پزشکی - نیمسال اول,دانشگاه علوم پزشکی مشهد
1395,تجربی,3004,1030,منطقه 1,دندانپزشکی,دانشگاه علوم پزشکی لرستان - خرم آباد
1395,تجربی,3004,1454,منطقه 2,پزشکی - نیمسال دوم,دانشگاه علوم پزشکی ارومیه
1395,تجربی,3007,1455,منطقه 2,پزشکی,دانشگاه علوم پزشکی یاسوج
1395,تجربی,3007,1455,منطقه 2,پزشکی - نیمسال دوم,دانشگاه علوم پزشکی مازندران - ساری
1395,تجربی,3011,1033,منطقه 1,دندانپزشکی,دانشگاه علوم پزشکی بیرجند
1395,تجربی,3011,1457,منطقه 2,پزشکی - نیمسال اول,دانشگاه علوم پزشکی شهیدبهشتی - تهران
1395,تجربی,3017,483,منطقه 3,پزشکی,دانشگاه علوم پزشکی بوشهر
1395,تجربی,3017,1035,منطقه 1,پزشکی - نیمسال دوم,دانشگاه علوم پزشکی ارومیه
1395,تجربی,3017,1459,منطقه 2,پزشکی - بومی استان اصفهان,دانشگاه علوم پزشکی کاشان
1395,تجربی,3022,1037,منطقه 1,دندانپزشکی,دانشگاه علوم پزشکی گلستان - گرگان
1395,تجربی,3024,1039,منطقه 1,دندانپزشکی,دانشگاه علوم پزشکی زنجان
1395,تجربی,3024,1463,منطقه 2,پزشکی - نیمسال اول,دانشگاه علوم پزشکی خراسان شمالی - بجنورد
1395,تجربی,3027,1464,منطقه 2,پزشکی,دانشگاه علوم پزشکی دزفول
1395,تجربی,3032,484,منطقه 3,پزشکی,دانشگاه علوم پزشکی ایران
1395,تجربی,3032,484,منطقه 3,پزشکی,دانشگاه علوم پزشکی یاسوج
1395,تجربی,3032,1042,منطقه 1,دندانپزشکی,دانشگاه علوم پزشکی بیرجند
1395,تجربی,3032,1467,منطقه 2,دندانپزشکی,دانشگاه علوم پزشکی زنجان
1395,تجربی,3032,1467,منطقه 2,پزشکی,دانشگاه علوم پزشکی کرمانشاه
1395,تجربی,3041,1046,منطقه 1,دندانپزشکی,دانشگاه علوم پزشکی اردبیل
1395,تجربی,3041,1046,منطقه 1,پزشکی - نیمسال اول,دانشگاه علوم پزشکی خراسان شمالی - بجنورد
1395,تجربی,3041,1471,منطقه 2,پزشکی - نیمسال اول,دانشگاه علوم پزشکی بیرجند
1395,تجربی,3041,1471,منطقه 2,پزشکی - نیمسال اول,دانشگاه علوم پزشکی لرستان - خرم آباد
1395,تجربی,3045,486,منطقه 3,پزشکی - نیمسال اول,دانشگاه علوم پزشکی جندی شاپور اهواز
1395,تجربی,3045,1473,منطقه 2,پزشکی - نیمسال اول,دانشگاه علوم پزشکی سمنان
1395,تجربی,3050,1048,منطقه 1,داروسازی,دانشگاه علوم پزشکی یزد
1395,تجربی,3050,1475,منطقه 2,پزشکی - نیمسال اول,دانشگاه علوم پزشکی خراسان شمالی - بجنورد
1395,تجربی,3050,1475,منطقه 2,پزشکی - نیمسال دوم,دانشگاه علوم پزشکی سمنان
1395,تجربی,3050,1475,منطقه 2,پزشکی - نیمسال دوم,دانشگاه علوم پزشکی همدان
1395,تجربی,3056,488,منطقه 3,دندانپزشکی,دانشگاه علوم پزشکی لرستان - خرم آباد
1395,تجربی,3056,1051,منطقه 1,پزشکی - نیمسال دوم,دانشگاه علوم پزشکی بیرجند
1395,تجربی,3062,490,منطقه 3,پزشکی - نیمسال اول,دانشگاه علوم پزشکی ایلام
1395,تجربی,3066,1479,منطقه 2,پزشکی,دانشگاه علوم پزشکی دزفول
1395,تجربی,3066,1479,منطقه 2,پزشکی - نیمسال دوم,دانشگاه علوم پزشکی لرستان - خرم آباد
1395,تجربی,3070,1059,منطقه 1,پزشکی - نیمسال دوم,دانشگاه علوم پزشکی جهرم
1395,تجربی,3076,1064,منطقه 1,پزشکی,دانشگاه علوم پزشکی قم
1395,تجربی,3076,1481,منطقه 2,پزشکی,دانشگاه علوم پزشکی بم
1395,تجربی,3081,493,منطقه 3,پزشکی,دانشگاه علوم پزشکی یاسوج
1395,تجربی,3081,493,منطقه 3,پزشکی - نیمسال دوم,دانشگاه علوم پزشکی لرستان - خرم آباد
1395,تجربی,3081,1483,منطقه 2,داروسازی,دانشگاه علوم پزشکی اردبیل
1395,تجربی,3081,1483,منطقه 2,دندانپزشکی,دانشگاه علوم پزشکی یاسوج
1395,تجربی,3081,1483,منطقه 2,پزشکی - نیمسال دوم,دانشگاه علوم پزشکی سمنان
1395,تجربی,3086,1067,منطقه 1,داروسازی,دانشگاه علوم پزشکی اصفهان
1395,تجربی,3086,1067,منطقه 1,داروسازی - نیمسال دوم,دانشگاه علوم پزشکی تبریز
1395,تجربی,3086,1485,منطقه 2,پزشکی - نیمسال دوم,دانشگاه علوم پزشکی همدان
1395,تجربی,3090,495,منطقه 3,دندانپزشکی - نیمسال دوم,دانشگاه علوم پزشکی شهید بهشتی - تهران
1395,تجربی,3090,1486,منطقه 2,دندانپزشکی,دانشگاه علوم پزشکی کرمانشاه
1395,تجربی,3093,1489,منطقه 2,پزشکی - نیمسال اول,دانشگاه علوم پزشکی خراسان شمالی - بجنورد
1395,تجربی,3093,1489,منطقه 2,پزشکی - نیمسال دوم,دانشگاه علوم پزشکی مازندران - ساری
1395,تجربی,3097,496,منطقه 3,پزشکی - نیمسال اول,دانشگاه علوم پزشکی ایلام
1395,تجربی,3097,1069,منطقه 1,پزشکی - بومی استان اذربایجان شرقی,دانشگاه علوم پزشکی تبریز
1395,تجربی,3097,1492,منطقه 2,دندانپزشکی,دانشگاه علوم پزشکی گلستان - گرگان
1395,تجربی,3097,1492,منطقه 2,پزشکی - نیمسال دوم,دانشگاه علوم پزشکی سمنان
1395,تجربی,3103,1494,منطقه 2,پزشکی - نیمسال دوم,دانشگاه علوم پزشکی ارومیه
1395,تجربی,3107,1073,منطقه 1,پزشکی - نیمسال دوم,دانشگاه علوم پزشکی خراسان شمالی - بجنورد
1395,تجربی,3107,1497,منطقه 2,دندانپزشکی,دانشگاه علوم پزشکی کرمانشاه
1395,تجربی,3107,1497,منطقه 2,پزشکی,دانشگاه علوم پزشکی کرمانشاه
1395,تجربی,3112,498,منطقه 3,پزشکی - نیمسال دوم,دانشگاه علوم پزشکی مازندران - ساری
1395,تجربی,3112,1074,منطقه 1,پزشکی - نیمسال دوم,دانشگاه علوم پزشکی گیلان - رشت
1395,تجربی,3112,1500,منطقه 2,پزشکی - نیمسال دوم,دانشگاه علوم پزشکی لرستان - خرم آباد
1395,تجربی,3112,1500,منطقه 2,پزشکی - نیمسال دوم,دانشگاه علوم پزشکی گیلان - رشت
1395,تجربی,3117,499,منطقه 3,پزشکی,دانشگاه علوم پزشکی یزد
1395,تجربی,3117,1503,منطقه 2,دندانپزشکی,دانشگاه علوم پزشکی جندی شاپور اهواز
1395,تجربی,3122,1505,منطقه 2,پزشکی,دانشگاه علوم پزشکی کرمان
1395,تجربی,3126,1508,منطقه 2,پزشکی - نیمسال اول,دانشگاه علوم پزشکی جندی شاپور اهواز
1395,تجربی,3129,501,منطقه 3,پزشکی,دانشگاه علوم پزشکی ایران
1395,تجربی,3129,1078,منطقه 1,پزشکی - نیمسال دوم,دانشگاه علوم پزشکی خراسان شمالی - بجنورد
1395,تجربی,3129,1510,منطقه 2,دندانپزشکی,دانشگاه علوم پزشکی رفسنجان
1395,تجربی,3132,1511,منطقه 2,دندانپزشکی,دانشگاه علوم پزشکی اراک
1395,تجربی,3135,1513,منطقه 2,پزشکی - نیمسال دوم,دانشگاه علوم پزشکی شاهرود
1395,تجربی,3138,1514,منطقه 2,پزشکی - نیمسال دوم,دانشگاه علوم پزشکی شاهرود
1395,تجربی,3144,502,منطقه 3,پزشکی - نیمسال دوم,دانشگاه علوم پزشکی لرستان - خرم آباد
1395,تجربی,3144,1085,منطقه 1,پزشکی - نیمسال اول,دانشگاه علوم پزشکی سبزوار
1395,تجربی,3144,1085,منطقه 1,پزشکی - نیمسال اول,دانشگاه علوم پزشکی سمنان
1395,تجربی,3144,1085,منطقه 1,پزشکی - نیمسال دوم,دانشگاه علوم پزشکی گیلان - رشت
1395,تجربی,3144,1517,منطقه 2,دندانپزشکی - نیمسال اول,دانشگاه علوم پزشکی زاهدان
1395,تجربی,3152,503,منطقه 3,دندانپزشکی,دانشگاه علوم پزشکی کردستان - سنندج
1395,تجربی,3152,503,منطقه 3,پزشکی,دانشگاه علوم پزشکی یاسوج
1395,تجربی,3152,1521,منطقه 2,دندانپزشکی,دانشگاه علوم پزشکی جندی شاپور اهواز
1395,تجربی,3152,1521,منطقه 2,پزشکی - نیمسال اول,دانشگاه علوم پزشکی بیرجند
1395,تجربی,3152,1521,منطقه 2,پزشکی - نیمسال دوم,دانشگاه علوم پزشکی خراسان شمالی - بجنورد
1395,تجربی,3152,1521,منطقه 2,پزشکی - نیمسال دوم,دانشگاه علوم پزشکی سمنان
1395,تجربی,3159,505,منطقه 3,دندانپزشکی,دانشگاه علوم پزشکی خراسان شمالی - بجنورد
1395,تجربی,3159,505,منطقه 3,پزشکی,دانشگاه علوم پزشکی دزفول
1395,تجربی,3159,1525,منطقه 2,داروسازی,دانشگاه علوم پزشکی شهید بهشتی - تهران
1395,تجربی,3159,1525,منطقه 2,دندانپزشکی,دانشگاه علوم پزشکی رفسنجان
1395,تجربی,3159,1525,منطقه 2,پزشکی - نیمسال دوم,دانشگاه علوم پزشکی شاهرود
1395,تجربی,3165,1528,منطقه 2,پزشکی,دانشگاه علوم پزشکی گلستان - گرگان
1395,تجربی,3165,1528,منطقه 2,پزشکی - نیمسال دوم,دانشگاه علوم پزشکی گیلان - رشت
1395,تجربی,3172,507,منطقه 3,دندانپزشکی,دانشگاه علوم پزشکی جندی شاپور اهواز
1395,تجربی,3172,507,منطقه 3,دندانپزشکی,دانشگاه علوم پزشکی کردستان - سنندج
1395,تجربی,3172,1093,منطقه 1,دندانپزشکی,دانشگاه علوم پزشکی یاسوج
1395,تجربی,3172,1531,منطقه 2,دندانپزشکی,دانشگاه علوم پزشکی کردستان - سنندج
1395,تجربی,3172,1531,منطقه 2,پزشکی - نیمسال اول,دانشگاه علوم پزشکی جندی شاپور اهواز
1395,تجربی,3179,509,منطقه 3,دندانپزشکی,دانشگاه علوم پزشکی کرمانشاه
1395,تجربی,3179,1534,منطقه 2,دندانپزشکی,دانشگاه علوم پزشکی اراک
1395,تجربی,3179,1534,منطقه 2,دندانپزشکی,دانشگاه علوم پزشکی خراسان شمالی - بجنورد
1395,تجربی,3184,43,ایثارگران,پزشکی - نیمسال اول,دانشگاه علوم پزشکی شهید بهشتی - تهران
1395,تجربی,3187,1097,منطقه 1,پزشکی - نیمسال دوم,دانشگاه علوم پزشکی شهرکرد
1395,تجربی,3187,1538,منطقه 2,داروسازی,دانشگاه علوم پزشکی شیراز
1395,تجربی,3193,511,منطقه 3,پزشکی,دانشگاه علوم پزشکی یاسوج
1395,تجربی,3193,511,منطقه 3,پزشکی - نیمسال اول,دانشگاه علوم پزشکی ایلام
1395,تجربی,3193,1100,منطقه 1,پزشکی,دانشگاه علوم پزشکی ایران (محل تحصیل کرج)
1395,تجربی,3193,1539,منطقه 2,پزشکی - نیمسال اول,دانشگاه علوم پزشکی ایلام
1395,تجربی,3193,1539,منطقه 2,پزشکی - نیمسال دوم,دانشگاه علوم پزشکی شاهرود
1395,تجربی,3197,1102,منطقه 1,پزشکی,دانشگاه علوم پزشکی گلستان - گرگان
1395,تجربی,3202,513,منطقه 3,پزشکی - نیمسال دوم,دانشگاه علوم پزشکی مازندران - ساری
1395,تجربی,3208,44,ایثارگران,پزشکی,دانشگاه علوم پزشکی تهران
1395,تجربی,3208,515,منطقه 3,دندانپزشکی,دانشگاه علوم پزشکی یاسوج
1395,تجربی,3208,1106,منطقه 1,پزشکی - نیمسال اول,دانشگاه علوم پزشکی سمنان
1395,تجربی,3213,517,منطقه 3,دندانپزشکی,دانشگاه علوم پزشکی خراسان شمالی - بجنورد
1395,تجربی,3213,1545,منطقه 2,پزشکی - نیمسال دوم,دانشگاه علوم پزشکی لرستان - خرم آباد
1395,تجربی,3218,518,منطقه 3,پزشکی - بومی استان خراسان جنوبی,دانشگاه علوم پزشکی بیرجند
1395,تجربی,3218,1109,منطقه 1,داروسازی,دانشگاه علوم پزشکی اصفهان
1395,تجربی,3218,1548,منطقه 2,دندانپزشکی,دانشگاه علوم پزشکی لرستان - خرم آباد
1395,تجربی,3218,1548,منطقه 2,پزشکی - نیمسال اول,دانشگاه علوم پزشکی سبزوار
1395,تجربی,3225,520,منطقه 3,پزشکی - نیمسال دوم,دانشگاه علوم پزشکی لرستان - خرم آباد
1395,تجربی,3225,1552,منطقه 2,دندانپزشکی,دانشگاه علوم پزشکی کردستان - سنندج
1395,تجربی,3225,1552,منطقه 2,پزشکی,دانشگاه علوم پزشکی بوشهر
1395,تجربی,3225,1552,منطقه 2,پزشکی - نیمسال دوم,دانشگاه علوم پزشکی همدان
1395,تجربی,3231,522,منطقه 3,پزشکی,دانشگاه علوم پزشکی گلستان - گرگان
1395,تجربی,3234,1111,منطقه 1,داروسازی,دانشگاه علوم پزشکی اصفهان
1395,تجربی,3238,1559,منطقه 2,دندانپزشکی,دانشگاه علوم پزشکی کرمانشاه
1395,تجربی,3238,1559,منطقه 2,پزشکی,دانشگاه علوم پزشکی بوشهر
1395,تجربی,3238,1559,منطقه 2,پزشکی,دانشگاه علوم پزشکی رفسنجان
1395,تجربی,3238,1559,منطقه 2,پزشکی - نیمسال اول,دانشگاه علوم پزشکی بیرجند
1395,تجربی,3242,1563,منطقه 2,دندانپزشکی,دانشگاه علوم پزشکی کرمانشاه
1395,تجربی,3242,1563,منطقه 2,پزشکی - نیمسال دوم,دانشگاه علوم پزشکی بیرجند
1395,تجربی,3248,523,منطقه 3,پزشکی,دانشگاه علوم پزشکی یاسوج
1395,تجربی,3248,1114,منطقه 1,پزشکی,دانشگاه علوم پزشکی فسا
1395,تجربی,3248,1114,منطقه 1,پزشکی,دانشگاه علوم پزشکی یاسوج
1395,تجربی,3248,1114,منطقه 1,پزشکی - نیمسال دوم,دانشگاه علوم پزشکی شاهرود
1395,تجربی,3248,1566,منطقه 2,پزشکی - نیمسال دوم,دانشگاه علوم پزشکی ارومیه
1395,تجربی,3255,524,منطقه 3,پزشکی - نیمسال اول,دانشگاه علوم پزشکی ایلام
1395,تجربی,3255,1118,منطقه 1,دندانپزشکی,دانشگاه علوم پزشکی اراک
1395,تجربی,3259,1121,منطقه 1,دندانپزشکی,دانشگاه علوم پزشکی یاسوج
1395,تجربی,3259,1568,منطقه 2,داروسازی,دانشگاه علوم پزشکی شیراز
1395,تجربی,3259,1568,منطقه 2,دندانپزشکی,دانشگاه علوم پزشکی گلستان - گرگان
1395,تجربی,3264,525,منطقه 3,داروسازی,دانشگاه علوم پزشکی تهران
1395,تجربی,3264,1124,منطقه 1,دندانپزشکی,دانشگاه علوم پزشکی رفسنجان
1395,تجربی,3264,1124,منطقه 1,پزشکی,دانشگاه علوم پزشکی قم
1395,تجربی,3264,1570,منطقه 2,دندانپزشکی,دانشگاه علوم پزشکی جندی شاپور اهواز
1395,تجربی,3268,526,منطقه 3,دندانپزشکی,دانشگاه علوم پزشکی شهیدبهشتی - تهران
1395,تجربی,3268,1126,منطقه 1,دندانپزشکی,دانشگاه علوم پزشکی یاسوج
1395,تجربی,3268,1571,منطقه 2,دندانپزشکی,دانشگاه علوم پزشکی گلستان - گرگان
1395,تجربی,3268,1571,منطقه 2,پزشکی,دانشگاه علوم پزشکی بقیه الله
1395,تجربی,3273,527,منطقه 3,پزشکی,دانشگاه علوم پزشکی بوشهر
1395,تجربی,3273,1574,منطقه 2,داروسازی,دانشگاه علوم پزشکی گیلان - رشت
1395,تجربی,3273,1574,منطقه 2,دندانپزشکی,دانشگاه علوم پزشکی کردستان - سنندج
1395,تجربی,3277,528,منطقه 3,پزشکی - نیمسال اول,دانشگاه علوم پزشکی ایلام
1395,تجربی,3277,1576,منطقه 2,پزشکی - نیمسال اول,دانشگاه علوم پزشکی ایلام
1395,تجربی,3281,529,منطقه 3,پزشکی - نیمسال دوم,دانشگاه علوم پزشکی لرستان - خرم آباد
1395,تجربی,3288,530,منطقه 3,دندانپزشکی,دانشگاه علوم پزشکی یاسوج
1395,تجربی,3288,1580,منطقه 2,داروسازی,دانشگاه علوم پزشکی تهران
1395,تجربی,3288,1580,منطقه 2,پزشکی,دانشگاه علوم پزشکی کرمانشاه
1395,تجربی,3288,1580,منطقه 2,پزشکی - نیمسال دوم,دانشگاه علوم پزشکی خراسان شمالی - بجنورد
1395,تجربی,3294,1133,منطقه 1,دندانپزشکی,دانشگاه علوم پزشکی بیرجند
1395,تجربی,3294,1584,منطقه 2,دندانپزشکی,دانشگاه علوم پزشکی گیلان - رشت (محل تحصیل بندرانزلی)
1395,تجربی,3294,1584,منطقه 2,پزشکی - نیمسال اول,دانشگاه علوم پزشکی ایلام
1395,تجربی,3301,533,منطقه 3,دندانپزشکی - بومی استان خراسان جنوبی,دانشگاه علوم پزشکی بیرجند
1395,تجربی,3301,533,منطقه 3,پزشکی - نیمسال دوم,دانشگاه علوم پزشکی لرستان - خرم آباد
1395,تجربی,3301,1135,منطقه 1,پزشکی - نیمسال اول,دانشگاه علوم پزشکی بندرعباس
1395,تجربی,3301,1135,منطقه 1,پزشکی - نیمسال اول,دانشگاه علوم پزشکی جندی شاپور اهواز
1395,تجربی,3301,1587,منطقه 2,دندانپزشکی,دانشگاه علوم پزشکی بندرعباس
1395,تجربی,3301,1587,منطقه 2,پزشکی,دانشگاه علوم پزشکی بوشهر
1395,تجربی,3301,1587,منطقه 2,پزشکی - نیمسال دوم,دانشگاه علوم پزشکی بیرجند
1395,تجربی,3301,1587,منطقه 2,پزشکی - نیمسال دوم,دانشگاه علوم پزشکی سمنان
1395,تجربی,3307,535,منطقه 3,پزشکی,دانشگاه علوم پزشکی فسا
1395,تجربی,3307,1137,منطقه 1,پزشکی,دانشگاه علوم پزشکی یاسوج
1395,تجربی,3307,1590,منطقه 2,پزشکی,دانشگاه علوم پزشکی اردبیل
1395,تجربی,3312,537,منطقه 3,پزشکی,دانشگاه علوم پزشکی یاسوج
1395,تجربی,3312,537,منطقه 3,پزشکی - نیمسال دوم,دانشگاه علوم پزشکی خراسان شمالی - بجنورد
1395,تجربی,3312,1591,منطقه 2,داروسازی,دانشگاه علوم پزشکی اردبیل
1395,تجربی,3316,539,منطقه 3,پزشکی - نیمسال دوم,دانشگاه علوم پزشکی ایلام
1395,تجربی,3316,1139,منطقه 1,پزشکی - نیمسال دوم,دانشگاه علوم پزشکی ارومیه
1395,تجربی,3316,1593,منطقه 2,دندانپزشکی,دانشگاه علوم پزشکی اراک
1395,تجربی,3319,540,منطقه 3,پزشکی,دانشگاه علوم پزشکی کرمان
1395,تجربی,3319,540,منطقه 3,پزشکی - نیمسال دوم,دانشگاه علوم پزشکی خراسان شمالی - بجنورد
1395,تجربی,3319,1594,منطقه 2,پزشکی - نیمسال اول,دانشگاه علوم پزشکی جهرم
1395,تجربی,3323,542,منطقه 3,پزشکی - نیمسال دوم,دانشگاه علوم پزشکی ارومیه
1395,تجربی,3328,543,منطقه 3,پزشکی,دانشگاه علوم پزشکی یاسوج
1395,تجربی,3328,1599,منطقه 2,پزشکی,دانشگاه علوم پزشکی رفسنجان
1395,تجربی,3328,1599,منطقه 2,پزشکی,دانشگاه علوم پزشکی زابل
1395,تجربی,3328,1599,منطقه 2,پزشکی - نیمسال دوم,دانشگاه علوم پزشکی خراسان شمالی - بجنورد
1395,تجربی,3334,545,منطقه 3,پزشکی - نیمسال اول,دانشگاه علوم پزشکی سبزوار
1395,تجربی,3334,1141,منطقه 1,پزشکی - نیمسال اول,دانشگاه علوم پزشکی سبزوار
1395,تجربی,3334,1602,منطقه 2,پزشکی - نیمسال دوم,دانشگاه علوم پزشکی لرستان - خرم آباد
1395,تجربی,3338,547,منطقه 3,دندانپزشکی,دانشگاه علوم پزشکی اصفهان
1395,تجربی,3338,1604,منطقه 2,دندانپزشکی,دانشگاه علوم پزشکی اراک
1395,تجربی,3346,549,منطقه 3,دندانپزشکی,دانشگاه علوم پزشکی ایلام
1395,تجربی,3346,549,منطقه 3,پزشکی - نیمسال دوم,دانشگاه علوم پزشکی لرستان - خرم آباد
1395,تجربی,3346,1144,منطقه 1,داروسازی,دانشگاه علوم پزشکی شهید بهشتی - تهران
1395,تجربی,3346,1144,منطقه 1,پزشکی - نیمسال دوم,دانشگاه علوم پزشکی بیرجند
1395,تجربی,3353,1146,منطقه 1,پزشکی,دانشگاه علوم پزشکی گلستان - گرگان
1395,تجربی,3353,1611,منطقه 2,پزشکی,دانشگاه علوم پزشکی یاسوج
1395,تجربی,3353,1611,منطقه 2,پزشکی - نیمسال اول,دانشگاه علوم پزشکی بندرعباس
1395,تجربی,3353,1611,منطقه 2,پزشکی - نیمسال دوم,دانشگاه علوم پزشکی خراسان شمالی - بجنورد
1395,تجربی,3353,1611,منطقه 2,پزشکی - نیمسال دوم,دانشگاه علوم پزشکی لرستان - خرم آباد
1395,تجربی,3359,551,منطقه 3,پزشکی,دانشگاه علوم پزشکی بقیه الله
1395,تجربی,3361,1616,منطقه 2,دندانپزشکی,دانشگاه علوم پزشکی لرستان - خرم آباد
1395,تجربی,3365,1620,منطقه 2,داروسازی,دانشگاه علوم پزشکی کرمانشاه
1395,تجربی,3365,1620,منطقه 2,داروسازی,دانشگاه علوم پزشکی یزد
1395,تجربی,3365,1620,منطقه 2,پزشکی,دانشگاه علوم پزشکی قم
1395,تجربی,3365,1620,منطقه 2,پزشکی,دانشگاه علوم پزشکی یاسوج
1395,تجربی,3371,552,منطقه 3,داروسازی,دانشگاه علوم پزشکی گیلان - رشت
1395,تجربی,3371,1149,منطقه 1,پزشکی - نیمسال دوم,دانشگاه علوم پزشکی خراسان شمالی - بجنورد
1395,تجربی,3371,1624,منطقه 2,پزشکی - نیمسال اول,دانشگاه علوم پزشکی اراک
1395,تجربی,3371,1624,منطقه 2,پزشکی - نیمسال اول,دانشگاه علوم پزشکی کردستان - سنندج
1395,تجربی,3377,553,منطقه 3,پزشکی,دانشگاه علوم پزشکی قزوین
1395,تجربی,3377,1152,منطقه 1,پزشکی,دانشگاه علوم پزشکی زنجان
1395,تجربی,3382,554,منطقه 3,دندانپزشکی,دانشگاه علوم پزشکی خراسان شمالی - بجنورد
1395,تجربی,3382,554,منطقه 3,پزشکی,دانشگاه علوم پزشکی کرمان
1395,تجربی,3382,1627,منطقه 2,داروسازی,دانشگاه علوم پزشکی اصفهان
1395,تجربی,3388,48,ایثارگران,پزشکی - نیمسال اول,دانشگاه علوم پزشکی شیراز
1395,تجربی,3388,557,منطقه 3,دندانپزشکی,دانشگاه علوم پزشکی لرستان - خرم آباد
1395,تجربی,3388,557,منطقه 3,دندانپزشکی,دانشگاه علوم پزشکی گلستان - گرگان
1395,تجربی,3388,557,منطقه 3,پزشکی - نیمسال دوم,دانشگاه علوم پزشکی اراک
1395,تجربی,3388,1630,منطقه 2,پزشکی,دانشگاه علوم پزشکی اردبیل
1395,تجربی,3388,1630,منطقه 2,پزشکی,دانشگاه علوم پزشکی فسا
1395,تجربی,3394,1632,منطقه 2,پزشکی,دانشگاه علوم پزشکی گلستان - گرگان
1395,تجربی,3398,561,منطقه 3,دندانپزشکی,دانشگاه علوم پزشکی ایلام
1395,تجربی,3398,1157,منطقه 1,دندانپزشکی,دانشگاه علوم پزشکی یاسوج
1395,تجربی,3398,1633,منطقه 2,پزشکی,دانشگاه علوم پزشکی گلستان - گرگان
1395,تجربی,3406,1636,منطقه 2,پزشکی,دانشگاه علوم پزشکی زنجان
1395,تجربی,3406,1636,منطقه 2,پزشکی - نیمسال دوم,دانشگاه علوم پزشکی خراسان شمالی - بجنورد
1395,تجربی,3413,562,منطقه 3,پرستاری - نیمسال اول,دانشگاه علوم پزشکی مشهد
1395,تجربی,3413,1164,منطقه 1,دندانپزشکی,دانشگاه علوم پزشکی اردبیل
1395,تجربی,3413,1164,منطقه 1,پزشکی,دانشگاه علوم پزشکی بوشهر
1395,تجربی,3413,1164,منطقه 1,پزشکی - نیمسال دوم,دانشگاه علوم پزشکی جهرم
1395,تجربی,3416,563,منطقه 3,داروسازی - نیمسال اول,دانشگاه علوم پزشکی تبریز
1395,تجربی,3420,1167,منطقه 1,دندانپزشکی,دانشگاه علوم پزشکی خراسان شمالی - بجنورد
1395,تجربی,3420,1167,منطقه 1,مدیریت مالی,دانشگاه تهران
1395,تجربی,3420,1641,منطقه 2,داروسازی,دانشگاه علوم پزشکی مشهد
1395,تجربی,3425,1644,منطقه 2,پزشکی - نیمسال دوم,دانشگاه علوم پزشکی ارومیه
1395,تجربی,3425,1644,منطقه 2,پزشکی - نیمسال دوم,دانشگاه علوم پزشکی سبزوار
1395,تجربی,3430,50,ایثارگران,پزشکی,دانشگاه علوم پزشکی تهران
1395,تجربی,3430,1170,منطقه 1,پزشکی - نیمسال دوم,دانشگاه علوم پزشکی لرستان - خرم آباد
1395,تجربی,3430,1647,منطقه 2,داروسازی - نیمسال اول,دانشگاه علوم پزشکی تبریز
1395,تجربی,3436,1650,منطقه 2,پزشکی - نیمسال دوم,دانشگاه علوم پزشکی اراک
1395,تجربی,3443,567,منطقه 3,پزشکی - نیمسال دوم,دانشگاه علوم پزشکی ایلام
1395,تجربی,3443,1174,منطقه 1,داروسازی,دانشگاه علوم پزشکی البرز - کرج
1395,تجربی,3443,1653,منطقه 2,دندانپزشکی,دانشگاه علوم پزشکی بوشهر
1395,تجربی,3443,1653,منطقه 2,پزشکی - نیمسال اول,دانشگاه علوم پزشکی بندرعباس
1395,تجربی,3450,1658,منطقه 2,دندانپزشکی,دانشگاه علوم پزشکی زنجان
1395,تجربی,3450,1658,منطقه 2,دندانپزشکی,دانشگاه علوم پزشکی یاسوج
1395,تجربی,3450,1658,منطقه 2,پزشکی,دانشگاه علوم پزشکی بم
1395,تجربی,3450,1658,منطقه 2,پزشکی - نیمسال دوم,دانشگاه علوم پزشکی ارومیه
1395,تجربی,3450,1658,منطقه 2,پزشکی - نیمسال دوم,دانشگاه علوم پزشکی بیرجند
1395,تجربی,3454,1176,منطقه 1,دندانپزشکی,دانشگاه علوم پزشکی مشهد
1395,تجربی,3454,1662,منطقه 2,دندانپزشکی,دانشگاه علوم پزشکی کرمانشاه
1395,تجربی,3459,569,منطقه 3,پزشکی - نیمسال اول,دانشگاه علوم پزشکی شهرکرد
1395,تجربی,3459,1664,منطقه 2,پزشکی - نیمسال اول,دانشگاه علوم پزشکی زاهدان
1395,تجربی,3465,571,منطقه 3,پزشکی - نیمسال دوم,دانشگاه علوم پزشکی بیرجند
1395,تجربی,3469,1667,منطقه 2,داروسازی,دانشگاه علوم پزشکی ارومیه
1395,تجربی,3473,1669,منطقه 2,پزشکی - نیمسال اول,دانشگاه علوم پزشکی بندرعباس
1395,تجربی,3476,572,منطقه 3,پزشکی - نیمسال اول,دانشگاه علوم پزشکی جندی شاپور اهواز
1395,تجربی,3476,1671,منطقه 2,دندانپزشکی,دانشگاه علوم پزشکی تبریز
1395,تجربی,3476,1671,منطقه 2,پزشکی,دانشگاه علوم پزشکی گلستان - گرگان
1395,تجربی,3476,1671,منطقه 2,پزشکی - نیمسال اول,دانشگاه علوم پزشکی بندرعباس
1395,تجربی,3480,1674,منطقه 2,پزشکی - نیمسال دوم,دانشگاه علوم پزشکی لرستان - خرم آباد
1395,تجربی,3486,574,منطقه 3,داروسازی - نیمسال اول,دانشگاه علوم پزشکی تبریز
1395,تجربی,3486,574,منطقه 3,پزشکی,دانشگاه علوم پزشکی بوشهر
1395,تجربی,3486,574,منطقه 3,پزشکی - نیمسال اول,دانشگاه علوم پزشکی سبزوار
1395,تجربی,3486,1187,منطقه 1,دندانپزشکی,دانشگاه علوم پزشکی اردبیل
1395,تجربی,3486,1187,منطقه 1,پزشکی,دانشگاه علوم پزشکی اردبیل
1395,تجربی,3486,1187,منطقه 1,پزشکی - نیمسال دوم,دانشگاه علوم پزشکی شهرکرد
1395,تجربی,3492,576,منطقه 3,دندانپزشکی,دانشگاه علوم پزشکی بوشهر
1395,تجربی,3492,1678,منطقه 2,پزشکی - نیمسال اول,دانشگاه علوم پزشکی زاهدان
1395,تجربی,3494,1679,منطقه 2,پزشکی - نیمسال دوم,دانشگاه علوم پزشکی سبزوار
1395,تجربی,3498,1191,منطقه 1,داروسازی - نیمسال اول,دانشگاه علوم پزشکی تبریز
1395,تجربی,3498,1191,منطقه 1,پزشکی - نیمسال دوم,دانشگاه علوم پزشکی جهرم
1395,تجربی,3505,578,منطقه 3,پزشکی - نیمسال دوم,دانشگاه علوم پزشکی مازندران - ساری
1395,تجربی,3512,1196,منطقه 1,داروسازی - نیمسال اول,دانشگاه علوم پزشکی تبریز
1395,تجربی,3512,1687,منطقه 2,دندانپزشکی,دانشگاه علوم پزشکی جندی شاپور اهواز
1395,تجربی,3512,1687,منطقه 2,پزشکی,دانشگاه علوم پزشکی اردبیل
1395,تجربی,3512,1687,منطقه 2,پزشکی,دانشگاه علوم پزشکی گلستان - گرگان
1395,تجربی,3512,1687,منطقه 2,پزشکی - نیمسال دوم,دانشگاه علوم پزشکی جندی شاپور اهواز
1395,تجربی,3520,1198,منطقه 1,پزشکی,دانشگاه علوم پزشکی اردبیل
1395,تجربی,3520,1692,منطقه 2,دندانپزشکی,دانشگاه علوم پزشکی زنجان
1395,تجربی,3520,1692,منطقه 2,پزشکی - نیمسال اول,دانشگاه علوم پزشکی شاهرود
1395,تجربی,3524,1200,منطقه 1,داروسازی,دانشگاه علوم پزشکی یزد
1395,تجربی,3524,1200,منطقه 1,دندانپزشکی,دانشگاه علوم پزشکی رفسنجان
1395,تجربی,3527,1695,منطقه 2,پزشکی - نیمسال دوم,دانشگاه علوم پزشکی جندی شاپور اهواز
1395,تجربی,3531,52,ایثارگران,پزشکی,دانشگاه علوم پزشکی تهران
1395,تجربی,3531,1697,منطقه 2,داروسازی - نیمسال اول,دانشگاه علوم پزشکی تبریز
1395,تجربی,3531,1697,منطقه 2,دندانپزشکی,دانشگاه علوم پزشکی جندی شاپور اهواز
1395,تجربی,3531,1697,منطقه 2,پزشکی,دانشگاه علوم پزشکی رفسنجان
1395,تجربی,3536,581,منطقه 3,داروسازی,دانشگاه علوم پزشکی ارومیه
1395,تجربی,3536,581,منطقه 3,پزشکی,دانشگاه علوم پزشکی اردبیل
1395,تجربی,3536,1205,منطقه 1,بینایی سنجی,دانشگاه علوم پزشکی مشهد
1395,تجربی,3540,1700,منطقه 2,داروسازی,دانشگاه علوم پزشکی اصفهان
1395,تجربی,3545,584,منطقه 3,دندانپزشکی,دانشگاه علوم پزشکی بندرعباس
1395,تجربی,3545,584,منطقه 3,پزشکی,دانشگاه علوم پزشکی ایران
1395,تجربی,3545,1703,منطقه 2,داروسازی - نیمسال دوم,دانشگاه علوم پزشکی تبریز
1395,تجربی,3545,1703,منطقه 2,پزشکی - نیمسال اول,دانشگاه علوم پزشکی بندرعباس
1395,تجربی,3551,586,منطقه 3,پزشکی - نیمسال دوم,دانشگاه علوم پزشکی ایلام
1395,تجربی,3551,1208,منطقه 1,پزشکی - نیمسال اول,دانشگاه علوم پزشکی سمنان
1395,تجربی,3551,1705,منطقه 2,دندانپزشکی,دانشگاه علوم پزشکی رفسنجان
1395,تجربی,3557,587,منطقه 3,دندانپزشکی - بومی استان خراسان رضوی,دانشگاه علوم پزشکی مشهد
1395,تجربی,3557,1211,منطقه 1,داروسازی,دانشگاه علوم پزشکی البرز - کرج
1395,تجربی,3557,1211,منطقه 1,پزشکی - نیمسال دوم,دانشگاه علوم پزشکی سبزوار
1395,تجربی,3557,1708,منطقه 2,پزشکی - نیمسال دوم,دانشگاه علوم پزشکی شهرکرد
1395,تجربی,3564,1214,منطقه 1,دندانپزشکی,دانشگاه علوم پزشکی بندرعباس
1395,تجربی,3569,588,منطقه 3,داروسازی,دانشگاه علوم پزشکی اصفهان
1395,تجربی,3569,588,منطقه 3,پزشکی - نیمسال اول,دانشگاه علوم پزشکی بندرعباس
1395,تجربی,3569,1714,منطقه 2,داروسازی,دانشگاه علوم پزشکی اصفهان
1395,تجربی,3569,1714,منطقه 2,دندانپزشکی,دانشگاه علوم پزشکی یاسوج
1395,تجربی,3569,1714,منطقه 2,پزشکی - نیمسال اول,دانشگاه علوم پزشکی بندرعباس
1395,تجربی,3576,1217,منطقه 1,داروسازی - نیمسال اول,دانشگاه علوم پزشکی تبریز
1395,تجربی,3576,1719,منطقه 2,دندانپزشکی,دانشگاه علوم پزشکی رفسنجان
1395,تجربی,3576,1719,منطقه 2,دندانپزشکی,دانشگاه علوم پزشکی مشهد
1395,تجربی,3576,1719,منطقه 2,فیزیوتراپی,دانشگاه علوم پزشکی تهران
1395,تجربی,3576,1719,منطقه 2,پزشکی,دانشگاه علوم پزشکی یاسوج
1395,تجربی,3585,590,منطقه 3,داروسازی,دانشگاه علوم پزشکی اصفهان
1395,تجربی,3585,590,منطقه 3,دندانپزشکی,دانشگاه علوم پزشکی بیرجند
1395,تجربی,3585,1219,منطقه 1,پزشکی,دانشگاه علوم پزشکی اصفهان
1395,تجربی,3585,1724,منطقه 2,پزشکی,دانشگاه علوم پزشکی رفسنجان
1395,تجربی,3585,1724,منطقه 2,پزشکی,دانشگاه علوم پزشکی زنجان
1395,تجربی,3585,1724,منطقه 2,پزشکی,دانشگاه علوم پزشکی گلستان - گرگان
1395,تجربی,3585,1724,منطقه 2,پزشکی,دانشگاه علوم پزشکی گناباد
1395,تجربی,3589,592,منطقه 3,دندانپزشکی - نیمسال اول,دانشگاه علوم پزشکی زاهدان
1395,تجربی,3594,593,منطقه 3,داروسازی,دانشگاه علوم پزشکی لرستان - خرم آباد
1395,تجربی,3594,593,منطقه 3,پزشکی,دانشگاه علوم پزشکی ایران
1395,تجربی,3594,1221,منطقه 1,پزشکی,دانشگاه علوم پزشکی ایران (محل تحصیل کرج)
1395,تجربی,3594,1728,منطقه 2,دندانپزشکی,دانشگاه علوم پزشکی رفسنجان
1395,تجربی,3594,1728,منطقه 2,پزشکی,دانشگاه علوم پزشکی بقیه الله
1395,تجربی,3599,595,منطقه 3,پزشکی,دانشگاه علوم پزشکی زنجان
1395,تجربی,3599,595,منطقه 3,پزشکی - نیمسال دوم,دانشگاه علوم پزشکی ایلام
1395,تجربی,3599,1730,منطقه 2,پزشکی,دانشگاه علوم پزشکی اردبیل
1395,تجربی,3603,1731,منطقه 2,پزشکی - نیمسال اول,دانشگاه علوم پزشکی بندرعباس
1395,تجربی,3603,1731,منطقه 2,پزشکی - نیمسال دوم,دانشگاه علوم پزشکی تبریز
1395,تجربی,3611,1736,منطقه 2,دندانپزشکی,دانشگاه علوم پزشکی همدان
1395,تجربی,3611,1736,منطقه 2,پزشکی - نیمسال اول,دانشگاه علوم پزشکی بندرعباس
1395,تجربی,3611,1736,منطقه 2,پزشکی - نیمسال دوم,دانشگاه علوم پزشکی اراک
1395,تجربی,3611,1736,منطقه 2,پزشکی - نیمسال دوم,دانشگاه علوم پزشکی جندی شاپور اهواز
1395,تجربی,3619,1743,منطقه 2,دندانپزشکی - نیمسال اول,دانشگاه علوم پزشکی زاهدان
1395,تجربی,3619,1743,منطقه 2,پزشکی - نیمسال اول,دانشگاه علوم پزشکی بندرعباس
1395,تجربی,3619,1743,منطقه 2,پزشکی - نیمسال اول,دانشگاه علوم پزشکی بیرجند
1395,تجربی,3625,1749,منطقه 2,داروسازی,دانشگاه علوم پزشکی همدان
1395,تجربی,3625,1749,منطقه 2,پزشکی - نیمسال اول,دانشگاه علوم پزشکی بیرجند
1395,تجربی,3631,598,منطقه 3,داروسازی,دانشگاه علوم پزشکی مازندران - ساری
1395,تجربی,3631,1753,منطقه 2,داروسازی,دانشگاه علوم پزشکی شیراز
1395,تجربی,3631,1753,منطقه 2,داروسازی - نیمسال اول,دانشگاه علوم پزشکی تبریز
1395,تجربی,3631,1753,منطقه 2,دندانپزشکی,دانشگاه علوم پزشکی کردستان - سنندج
1395,تجربی,3636,599,منطقه 3,پزشکی,دانشگاه علوم پزشکی کرمانشاه
1395,تجربی,3636,1231,منطقه 1,پزشکی - نیمسال اول,دانشگاه علوم پزشکی بیرجند
1395,تجربی,3644,600,منطقه 3,پزشکی,دانشگاه علوم پزشکی فسا
1395,تجربی,3644,1235,منطقه 1,داروسازی,دانشگاه علوم پزشکی ارومیه
1395,تجربی,3644,1235,منطقه 1,دندانپزشکی,دانشگاه علوم پزشکی کردستان - سنندج
1395,تجربی,3644,1235,منطقه 1,پزشکی,دانشگاه علوم پزشکی اردبیل
1395,تجربی,3644,1235,منطقه 1,پزشکی,دانشگاه علوم پزشکی اصفهان
1395,تجربی,3644,1758,منطقه 2,پزشکی,دانشگاه علوم پزشکی رفسنجان
1395,تجربی,3644,1758,منطقه 2,پزشکی,دانشگاه علوم پزشکی زنجان
1395,تجربی,3644,1758,منطقه 2,پزشکی - بومی استان کردستان,دانشگاه علوم پزشکی کردستان - سنندج
1395,تجربی,3652,1762,منطقه 2,داروسازی,دانشگاه علوم پزشکی گیلان - رشت
1395,تجربی,3652,1762,منطقه 2,پزشکی - نیمسال اول,دانشگاه علوم پزشکی بندرعباس
1395,تجربی,3656,601,منطقه 3,پزشکی - نیمسال دوم,دانشگاه علوم پزشکی ایلام
1395,تجربی,3656,1764,منطقه 2,پزشکی,دانشگاه علوم پزشکی اردبیل
1395,تجربی,3660,1240,منطقه 1,پزشکی,دانشگاه علوم پزشکی زنجان
1395,تجربی,3660,1767,منطقه 2,پزشکی - نیمسال دوم,دانشگاه علوم پزشکی ایلام
1395,تجربی,3660,1767,منطقه 2,پزشکی - نیمسال دوم,دانشگاه علوم پزشکی شهرکرد
1395,تجربی,3664,602,منطقه 3,پزشکی,دانشگاه علوم پزشکی فسا
1395,تجربی,3664,1770,منطقه 2,دندانپزشکی,دانشگاه علوم پزشکی کردستان - سنندج
1395,تجربی,3664,1770,منطقه 2,پزشکی,دانشگاه علوم پزشکی زنجان
1395,تجربی,3668,603,منطقه 3,پزشکی,دانشگاه علوم پزشکی گناباد
1395,تجربی,3672,604,منطقه 3,داروسازی,دانشگاه علوم پزشکی همدان
1395,تجربی,3672,1244,منطقه 1,دندانپزشکی,دانشگاه علوم پزشکی شیراز
1395,تجربی,3672,1244,منطقه 1,پزشکی - نیمسال دوم,دانشگاه علوم پزشکی سمنان
1395,تجربی,3672,1773,منطقه 2,داروسازی,دانشگاه علوم پزشکی اردبیل
1395,تجربی,3672,1773,منطقه 2,پزشکی - نیمسال اول,دانشگاه علوم پزشکی کردستان - سنندج
1395,تجربی,3681,1776,منطقه 2,داروسازی,دانشگاه علوم پزشکی گیلان - رشت
1395,تجربی,3681,1776,منطقه 2,دندانپزشکی,دانشگاه علوم پزشکی لرستان - خرم آباد
1395,تجربی,3686,1779,منطقه 2,فیزیوتراپی,دانشگاه علوم پزشکی تهران
1395,تجربی,3691,1781,منطقه 2,داروسازی,دانشگاه علوم پزشکی شهید بهشتی - تهران
1395,تجربی,3691,1781,منطقه 2,پزشکی - نیمسال دوم,دانشگاه علوم پزشکی ایلام
1395,تجربی,3696,608,منطقه 3,پزشکی - نیمسال اول,دانشگاه علوم پزشکی همدان
1395,تجربی,3696,1783,منطقه 2,پزشکی,دانشگاه علوم پزشکی زنجان
1395,تجربی,3701,1254,منطقه 1,پزشکی,دانشگاه علوم پزشکی ایران (محل تحصیل کرج)
1395,تجربی,3701,1785,منطقه 2,پزشکی - نیمسال اول,دانشگاه علوم پزشکی بندرعباس
1395,تجربی,3707,609,منطقه 3,دندانپزشکی - بومی استان کردستان,دانشگاه علوم پزشکی کردستان - سنندج
1395,تجربی,3707,1789,منطقه 2,داروسازی,دانشگاه علوم پزشکی اردبیل
1395,تجربی,3707,1789,منطقه 2,پزشکی,دانشگاه علوم پزشکی ارومیه
1395,تجربی,3707,1789,منطقه 2,پزشکی - بومی استان مازندران,دانشگاه علوم پزشکی مازندران - ساری
1395,تجربی,3707,1789,منطقه 2,پزشکی - نیمسال اول,دانشگاه علوم پزشکی بندرعباس
1395,تجربی,3707,1789,منطقه 2,پزشکی - نیمسال اول,دانشگاه علوم پزشکی سبزوار
1395,تجربی,3714,610,منطقه 3,پزشکی,دانشگاه علوم پزشکی بم
1395,تجربی,3714,1258,منطقه 1,پزشکی - نیمسال اول,دانشگاه علوم پزشکی شاهرود
1395,تجربی,3714,1792,منطقه 2,فیزیوتراپی,دانشگاه علوم پزشکی شهید بهشتی - تهران
1395,تجربی,3721,613,منطقه 3,دندانپزشکی,دانشگاه علوم پزشکی رفسنجان
1395,تجربی,3721,613,منطقه 3,پزشکی - نیمسال اول,دانشگاه علوم پزشکی همدان
1395,تجربی,3721,1795,منطقه 2,داروسازی,دانشگاه علوم پزشکی گیلان - رشت
1395,تجربی,3721,1795,منطقه 2,پزشکی - نیمسال اول,دانشگاه علوم پزشکی شاهرود
1395,تجربی,3721,1795,منطقه 2,پزشکی - نیمسال دوم,دانشگاه علوم پزشکی سبزوار
1395,تجربی,3721,1795,منطقه 2,پزشکی - نیمسال دوم,دانشگاه علوم پزشکی شهیدبهشتی - تهران
1395,تجربی,3729,1262,منطقه 1,داروسازی,دانشگاه علوم پزشکی همدان
1395,تجربی,3729,1799,منطقه 2,داروسازی,دانشگاه علوم پزشکی شهید بهشتی - تهران
1395,تجربی,3732,1801,منطقه 2,پزشکی - نیمسال دوم,دانشگاه علوم پزشکی سبزوار
1395,تجربی,3737,1265,منطقه 1,داروسازی,دانشگاه علوم پزشکی شیراز
1395,تجربی,3737,1805,منطقه 2,دندانپزشکی,دانشگاه علوم پزشکی کردستان - سنندج
1395,تجربی,3737,1805,منطقه 2,دندانپزشکی - نیمسال دوم,دانشگاه علوم پزشکی زاهدان
1395,تجربی,3737,1805,منطقه 2,پزشکی,دانشگاه علوم پزشکی دزفول
1395,تجربی,3744,615,منطقه 3,پزشکی,دانشگاه علوم پزشکی فسا
1395,تجربی,3744,1267,منطقه 1,دندانپزشکی,دانشگاه علوم پزشکی لرستان - خرم آباد
1395,تجربی,3744,1808,منطقه 2,پزشکی,دانشگاه علوم پزشکی گناباد
1395,تجربی,3751,618,منطقه 3,پزشکی,دانشگاه علوم پزشکی اردبیل
1395,تجربی,3751,1269,منطقه 1,پزشکی - نیمسال دوم,دانشگاه علوم پزشکی بندرعباس
1395,تجربی,3758,620,منطقه 3,دندانپزشکی,دانشگاه علوم پزشکی جندی شاپور اهواز
1395,تجربی,3758,1814,منطقه 2,پزشکی - نیمسال دوم,دانشگاه علوم پزشکی ایلام
1395,تجربی,3764,1816,منطقه 2,پزشکی,دانشگاه علوم پزشکی گناباد
1395,تجربی,3769,1274,منطقه 1,پزشکی,دانشگاه علوم پزشکی مشهد
1395,تجربی,3769,1819,منطقه 2,داروسازی,دانشگاه علوم پزشکی یزد
1395,تجربی,3769,1819,منطقه 2,پزشکی - نیمسال اول,دانشگاه علوم پزشکی زاهدان
1395,تجربی,3776,623,منطقه 3,پزشکی,دانشگاه علوم پزشکی رفسنجان
1395,تجربی,3779,1824,منطقه 2,دامپزشکی,دانشگاه تهران
1395,تجربی,3779,1824,منطقه 2,دندانپزشکی,دانشگاه علوم پزشکی رفسنجان
1395,تجربی,3784,625,منطقه 3,پزشکی - بومی استان اذربایجان غربی,دانشگاه علوم پزشکی ارومیه
1395,تجربی,3784,1278,منطقه 1,پزشکی - نیمسال دوم,دانشگاه علوم پزشکی شهرکرد
1395,تجربی,3784,1827,منطقه 2,پزشکی,دانشگاه علوم پزشکی دزفول
1395,تجربی,3784,1827,منطقه 2,پزشکی,دانشگاه علوم پزشکی گناباد
1395,تجربی,3790,1830,منطقه 2,پزشکی - نیمسال دوم,دانشگاه علوم پزشکی بندرعباس
1395,تجربی,3794,626,منطقه 3,دندانپزشکی,دانشگاه علوم پزشکی یزد
1395,تجربی,3794,626,منطقه 3,پزشکی - نیمسال اول,دانشگاه علوم پزشکی جندی شاپور اهواز
1395,تجربی,3798,628,منطقه 3,پزشکی,دانشگاه علوم پزشکی فسا
1395,تجربی,3798,1282,منطقه 1,داروسازی,دانشگاه علوم پزشکی مشهد
1395,تجربی,3798,1834,منطقه 2,پزشکی - نیمسال دوم,دانشگاه علوم پزشکی سمنان
1395,تجربی,3798,1834,منطقه 2,پزشکی - نیمسال دوم,دانشگاه علوم پزشکی شهیدبهشتی - تهران
1395,تجربی,3805,1286,منطقه 1,پزشکی - نیمسال دوم,دانشگاه علوم پزشکی سمنان
1395,تجربی,3805,1836,منطقه 2,پزشکی - نیمسال دوم,دانشگاه علوم پزشکی بندرعباس
1395,تجربی,3805,1836,منطقه 2,پزشکی - نیمسال دوم,دانشگاه علوم پزشکی سمنان
1395,تجربی,3810,629,منطقه 3,پزشکی - نیمسال اول,دانشگاه علوم پزشکی گیلان - رشت
1395,تجربی,3810,1839,منطقه 2,پزشکی - نیمسال اول,دانشگاه علوم پزشکی کردستان - سنندج
1395,تجربی,3810,1839,منطقه 2,پزشکی - نیمسال دوم,دانشگاه علوم پزشکی بندرعباس
1395,تجربی,3813,1289,منطقه 1,دندانپزشکی,دانشگاه علوم پزشکی لرستان - خرم آباد
1395,تجربی,3813,1841,منطقه 2,پزشکی - نیمسال اول,دانشگاه علوم پزشکی کردستان - سنندج
1395,تجربی,3818,630,منطقه 3,پزشکی,دانشگاه علوم پزشکی گلستان - گرگان
1395,تجربی,3818,1291,منطقه 1,پزشکی - نیمسال اول,دانشگاه علوم پزشکی کردستان - سنندج
1395,تجربی,3818,1842,منطقه 2,پزشکی - نیمسال اول,دانشگاه علوم پزشکی زاهدان
1395,تجربی,3826,1846,منطقه 2,پزشکی,دانشگاه علوم پزشکی گناباد
1395,تجربی,3826,1846,منطقه 2,پزشکی,علوم پزشکی مازندران - ساری -(محل تحصیل رامسر)
1395,تجربی,3826,1846,منطقه 2,پزشکی - نیمسال دوم,دانشگاه علوم پزشکی لرستان - خرم آباد
1395,تجربی,3832,632,منطقه 3,فیزیوتراپی,دانشگاه علوم پزشکی ایران
1395,تجربی,3832,632,منطقه 3,پزشکی - نیمسال دوم,دانشگاه علوم پزشکی کردستان - سنندج
1395,تجربی,3837,634,منطقه 3,داروسازی,دانشگاه علوم پزشکی گیلان - رشت
1395,تجربی,3837,1298,منطقه 1,داروسازی,دانشگاه علوم پزشکی شهیدبهشتی - تهران
1395,تجربی,3837,1849,منطقه 2,پزشکی - نیمسال دوم,دانشگاه علوم پزشکی جندی شاپور اهواز
1395,تجربی,3842,635,منطقه 3,پزشکی,دانشگاه علوم پزشکی دزفول
1395,تجربی,3842,1300,منطقه 1,داروسازی,دانشگاه علوم پزشکی شیراز
1395,تجربی,3842,1851,منطقه 2,پزشکی,دانشگاه علوم پزشکی دزفول
1395,تجربی,3842,1851,منطقه 2,پزشکی - نیمسال دوم,دانشگاه علوم پزشکی بندرعباس
1395,تجربی,3848,636,منطقه 3,دندانپزشکی,دانشگاه علوم پزشکی بوشهر
1395,تجربی,3848,636,منطقه 3,پزشکی,دانشگاه علوم پزشکی فسا
1395,تجربی,3848,1854,منطقه 2,پزشکی,دانشگاه علوم پزشکی زابل
1395,تجربی,3853,1303,منطقه 1,دندانپزشکی,دانشگاه علوم پزشکی بوشهر
1395,تجربی,3853,1856,منطقه 2,پزشکی - نیمسال دوم,دانشگاه علوم پزشکی سمنان
1395,تجربی,3859,1860,منطقه 2,دندانپزشکی,دانشگاه علوم پزشکی بندرعباس
1395,تجربی,3859,1860,منطقه 2,پزشکی,دانشگاه علوم پزشکی دزفول
1395,تجربی,3859,1860,منطقه 2,پزشکی - نیمسال دوم,دانشگاه علوم پزشکی جندی شاپور اهواز
1395,تجربی,3868,1865,منطقه 2,پزشکی - نیمسال اول,دانشگاه علوم پزشکی زاهدان
1395,تجربی,3868,1865,منطقه 2,پزشکی - نیمسال دوم,دانشگاه علوم پزشکی بندرعباس
1395,تجربی,3868,1865,منطقه 2,پزشکی - نیمسال دوم,دانشگاه علوم پزشکی جندی شاپور اهواز
1395,تجربی,3877,638,منطقه 3,پزشکی - نیمسال اول,دانشگاه علوم پزشکی زاهدان
1395,تجربی,3877,1870,منطقه 2,داروسازی,دانشگاه علوم پزشکی اصفهان
1395,تجربی,3877,1870,منطقه 2,داروسازی - بومی استان اذربایجان غربی,دانشگاه علوم پزشکی ارومیه
1395,تجربی,3882,640,منطقه 3,پزشکی - نیمسال اول,دانشگاه علوم پزشکی کردستان - سنندج
1395,تجربی,3882,1873,منطقه 2,داروسازی,دانشگاه علوم پزشکی زنجان
1395,تجربی,3882,1873,منطقه 2,دندانپزشکی - بومی استان خراسان رضوی,دانشگاه علوم پزشکی مشهد
1395,تجربی,3882,1873,منطقه 2,پزشکی - نیمسال دوم,دانشگاه علوم پزشکی اراک
1395,تجربی,3890,643,منطقه 3,دندانپزشکی,دانشگاه علوم پزشکی جندی شاپور اهواز
1395,تجربی,3890,643,منطقه 3,دندانپزشکی,دانشگاه علوم پزشکی قزوین
1395,تجربی,3890,643,منطقه 3,پزشکی,دانشگاه علوم پزشکی بوشهر
1395,تجربی,3890,643,منطقه 3,پزشکی,دانشگاه علوم پزشکی کرمان
1395,تجربی,3890,643,منطقه 3,پزشکی,دانشگاه علوم پزشکی گلستان - گرگان
1395,تجربی,3890,1876,منطقه 2,دندانپزشکی,دانشگاه علوم پزشکی رفسنجان
1395,تجربی,3890,1876,منطقه 2,پزشکی - نیمسال اول,دانشگاه علوم پزشکی شاهرود
1395,تجربی,3890,1876,منطقه 2,پزشکی - نیمسال دوم,دانشگاه علوم پزشکی شاهرود
1395,تجربی,3899,648,منطقه 3,داروسازی,دانشگاه علوم پزشکی کرمانشاه
1395,تجربی,3899,648,منطقه 3,پزشکی,دانشگاه علوم پزشکی زنجان
1395,تجربی,3899,1316,منطقه 1,دندانپزشکی,دانشگاه علوم پزشکی ایلام
1395,تجربی,3899,1879,منطقه 2,پزشکی,دانشگاه علوم پزشکی اصفهان
1395,تجربی,3899,1879,منطقه 2,پزشکی - نیمسال اول,دانشگاه علوم پزشکی کردستان - سنندج
1395,تجربی,3906,650,منطقه 3,دندانپزشکی - بومی مناطق زلزله زده استان آذربایجان شرقی (اهر ، ورزقان ، هریس ),دانشگاه علوم پزشکی تبریز
1395,تجربی,3906,1882,منطقه 2,داروسازی,دانشگاه علوم پزشکی شیراز
1395,تجربی,3906,1882,منطقه 2,پزشکی,دانشگاه علوم پزشکی بقیه الله
1395,تجربی,3906,1882,منطقه 2,پزشکی - نیمسال دوم,دانشگاه علوم پزشکی اراک
1395,تجربی,3912,651,منطقه 3,پزشکی,دانشگاه علوم پزشکی رفسنجان
1395,تجربی,3912,651,منطقه 3,پزشکی - محل تحصیل آران و بیدگل,دانشگاه علوم پزشکی کاشان
1395,تجربی,3917,1321,منطقه 1,دندانپزشکی - بومی استان اذربایجان شرقی,دانشگاه علوم پزشکی تبریز
1395,تجربی,3917,1887,منطقه 2,پزشکی - نیمسال اول,دانشگاه علوم پزشکی سمنان
1395,تجربی,3923,654,منطقه 3,داروسازی - نیمسال دوم,دانشگاه علوم پزشکی تبریز
1395,تجربی,3923,1323,منطقه 1,پزشکی - نیمسال اول,دانشگاه علوم پزشکی تبریز
1395,تجربی,3923,1889,منطقه 2,دندانپزشکی,دانشگاه علوم پزشکی اصفهان
1395,تجربی,3923,1889,منطقه 2,پزشکی,دانشکده علوم پزشکی آبادان
1395,تجربی,3929,655,منطقه 3,پزشکی,دانشگاه علوم پزشکی اردبیل
1395,تجربی,3929,1325,منطقه 1,پزشکی - نیمسال اول,دانشگاه علوم پزشکی تبریز
1395,تجربی,3929,1892,منطقه 2,داروسازی,دانشگاه علوم پزشکی شیراز
1395,تجربی,3929,1892,منطقه 2,دندانپزشکی - بومی استان گیلان,دانشگاه علوم پزشکی گیلان - رشت
1395,تجربی,3929,1892,منطقه 2,پزشکی - نیمسال دوم,دانشگاه علوم پزشکی خراسان شمالی - بجنورد
1395,تجربی,3936,1898,منطقه 2,پزشکی,دانشکده علوم پزشکی آبادان
1395,تجربی,3936,1898,منطقه 2,پزشکی,دانشگاه علوم پزشکی رفسنجان
1395,تجربی,3936,1898,منطقه 2,پزشکی - نیمسال اول,دانشگاه علوم پزشکی زاهدان
1395,تجربی,3936,1898,منطقه 2,پزشکی - نیمسال دوم,دانشگاه علوم پزشکی ایلام
1395,تجربی,3942,656,منطقه 3,پزشکی - نیمسال اول,دانشگاه علوم پزشکی البرز - کرج
1395,تجربی,3942,1902,منطقه 2,پزشکی - نیمسال اول,دانشگاه علوم پزشکی تبریز
1395,تجربی,3949,1330,منطقه 1,دندانپزشکی - نیمسال اول,دانشگاه علوم پزشکی زاهدان
1395,تجربی,3949,1330,منطقه 1,پزشکی - نیمسال اول,دانشگاه علوم پزشکی زاهدان
1395,تجربی,3949,1906,منطقه 2,داروسازی,دانشگاه علوم پزشکی شهید بهشتی - تهران
1395,تجربی,3957,1911,منطقه 2,دندانپزشکی - بومی استان کردستان,دانشگاه علوم پزشکی کردستان - سنندج
1395,تجربی,3957,1911,منطقه 2,دندانپزشکی - نیمسال اول,دانشگاه علوم پزشکی زاهدان
1395,تجربی,3957,1911,منطقه 2,پزشکی - نیمسال اول,دانشگاه علوم پزشکی زاهدان
1395,تجربی,3962,658,منطقه 3,دندانپزشکی - بومی استان کرمانشاه,دانشگاه علوم پزشکی کرمانشاه
1395,تجربی,3962,1333,منطقه 1,داروسازی,دانشگاه علوم پزشکی مشهد
1395,تجربی,3968,1919,منطقه 2,داروسازی,دانشگاه علوم پزشکی شیراز
1395,تجربی,3968,1919,منطقه 2,داروسازی,دانشگاه علوم پزشکی مازندران - ساری
1395,تجربی,3968,1919,منطقه 2,پزشکی - نیمسال دوم,دانشگاه علوم پزشکی لرستان - خرم آباد
1395,تجربی,3974,660,منطقه 3,داروسازی - بومی استان خراسان جنوبی,دانشگاه علوم پزشکی زابل
1395,تجربی,3974,660,منطقه 3,دبیری شیمی - بومی استان گلستان,پردیس نسیبه - تهران
1395,تجربی,3979,1337,منطقه 1,پزشکی,دانشگاه علوم پزشکی یاسوج
1395,تجربی,3979,1924,منطقه 2,دندانپزشکی - بومی استان قزوین,دانشگاه علوم پزشکی قزوین
1395,تجربی,3979,1924,منطقه 2,پزشکی - نیمسال اول,دانشگاه علوم پزشکی زاهدان
1395,تجربی,3985,1339,منطقه 1,پزشکی - نیمسال دوم,دانشگاه علوم پزشکی بیرجند
1395,تجربی,3985,1929,منطقه 2,داروسازی,دانشگاه علوم پزشکی زنجان
1395,تجربی,3985,1929,منطقه 2,دندانپزشکی,دانشگاه علوم پزشکی تهران
1395,تجربی,3985,1929,منطقه 2,پزشکی - نیمسال اول,دانشگاه علوم پزشکی بندرعباس
1395,تجربی,3985,1929,منطقه 2,پزشکی - نیمسال دوم,دانشگاه علوم پزشکی ایلام
1395,تجربی,3991,662,منطقه 3,پزشکی,دانشگاه علوم پزشکی اردبیل
1395,تجربی,3991,1340,منطقه 1,پزشکی,دانشگاه علوم پزشکی گناباد
1395,تجربی,3991,1933,منطقه 2,دندانپزشکی,دانشگاه علوم پزشکی شیراز
1395,تجربی,3991,1933,منطقه 2,پزشکی - نیمسال دوم,دانشگاه علوم پزشکی سمنان
1395,تجربی,3997,663,منطقه 3,پزشکی - نیمسال دوم,دانشگاه علوم پزشکی گیلان - رشت
1395,تجربی,3997,1936,منطقه 2,پزشکی,دانشگاه علوم پزشکی بم
1395,تجربی,3997,1936,منطقه 2,پزشکی,دانشگاه علوم پزشکی جیرفت
1395,تجربی,3997,1936,منطقه 2,پزشکی - نیمسال دوم,دانشگاه علوم پزشکی شاهرود
1395,تجربی,4002,1939,منطقه 2,دندانپزشکی - بومی استان اذربایجان شرقی,دانشگاه علوم پزشکی تبریز
1395,تجربی,4002,1939,منطقه 2,پزشکی,دانشگاه علوم پزشکی دزفول
1395,تجربی,4006,1941,منطقه 2,پزشکی,دانشکده علوم پزشکی آبادان
1395,تجربی,4006,1941,منطقه 2,پزشکی,دانشگاه علوم پزشکی رفسنجان
1395,تجربی,4012,665,منطقه 3,پزشکی,دانشگاه علوم پزشکی یاسوج
1395,تجربی,4012,665,منطقه 3,پزشکی - نیمسال دوم,دانشگاه علوم پزشکی بندرعباس
1395,تجربی,4012,1945,منطقه 2,پزشکی - بومی استان سمنان,دانشگاه علوم پزشکی سمنان
1395,تجربی,4012,1945,منطقه 2,پزشکی - نیمسال دوم,دانشگاه علوم پزشکی بندرعباس
1395,تجربی,4019,667,منطقه 3,دندانپزشکی,دانشگاه علوم پزشکی لرستان - خرم آباد
1395,تجربی,4019,1949,منطقه 2,دندانپزشکی,دانشگاه علوم پزشکی بابل
1395,تجربی,4019,1949,منطقه 2,پزشکی,دانشگاه علوم پزشکی بوشهر
1395,تجربی,4019,1949,منطقه 2,پزشکی,دانشگاه علوم پزشکی جیرفت
1395,تجربی,4019,1949,منطقه 2,پزشکی - نیمسال دوم,دانشگاه علوم پزشکی شاهرود
1395,تجربی,4025,669,منطقه 3,پزشکی,دانشگاه علوم پزشکی کرمان
1395,تجربی,4025,1347,منطقه 1,پزشکی - نیمسال دوم,دانشگاه علوم پزشکی زاهدان
1395,تجربی,4025,1952,منطقه 2,پزشکی - نیمسال دوم,دانشگاه علوم پزشکی لرستان - خرم آباد
1395,تجربی,4033,1956,منطقه 2,داروسازی,دانشگاه علوم پزشکی زنجان
1395,تجربی,4033,1956,منطقه 2,دندانپزشکی - بومی استان اذربایجان شرقی,دانشگاه علوم پزشکی تبریز
1395,تجربی,4033,1956,منطقه 2,دندانپزشکی - بومی استان مازندران,دانشگاه علوم پزشکی بابل
1395,تجربی,4033,1956,منطقه 2,پزشکی,دانشگاه علوم پزشکی جیرفت
1395,تجربی,4033,1956,منطقه 2,پزشکی - بومی استان کرمانشاه,دانشگاه علوم پزشکی کرمانشاه
1395,تجربی,4040,1353,منطقه 1,پزشکی,دانشگاه علوم پزشکی یاسوج
1395,تجربی,4040,1960,منطقه 2,پزشکی - نیمسال دوم,دانشگاه علوم پزشکی سمنان
1395,تجربی,4044,1962,منطقه 2,پزشکی - نیمسال دوم,دانشگاه علوم پزشکی کردستان - سنندج
1395,تجربی,4051,671,منطقه 3,داروسازی,دانشگاه علوم پزشکی همدان
1395,تجربی,4051,1357,منطقه 1,دندانپزشکی - بومی استان فارس,دانشگاه علوم پزشکی شیراز
1395,تجربی,4051,1357,منطقه 1,پزشکی,دانشگاه علوم پزشکی جیرفت
1395,تجربی,4051,1357,منطقه 1,پزشکی - نیمسال اول,دانشگاه علوم پزشکی زاهدان
1395,تجربی,4051,1966,منطقه 2,شنوایی شناسی,دانشگاه علوم پزشکی بابل
1395,تجربی,4051,1966,منطقه 2,پزشکی,دانشگاه علوم پزشکی شیراز
1395,تجربی,4051,1966,منطقه 2,پزشکی - نیمسال اول,دانشگاه علوم پزشکی زاهدان
1395,تجربی,4051,1966,منطقه 2,پزشکی - نیمسال دوم,دانشگاه علوم پزشکی ایلام
1395,تجربی,4060,672,منطقه 3,پزشکی,دانشگاه علوم پزشکی یاسوج
1395,تجربی,4060,1970,منطقه 2,داروسازی,دانشگاه علوم پزشکی بندرعباس
1395,تجربی,4060,1970,منطقه 2,داروسازی,دانشگاه علوم پزشکی همدان
1395,تجربی,4067,674,منطقه 3,پزشکی - نیمسال دوم,دانشگاه علوم پزشکی خراسان شمالی - بجنورد
1395,تجربی,4067,1362,منطقه 1,داروسازی - نیمسال دوم,دانشگاه علوم پزشکی تبریز
1395,تجربی,4075,676,منطقه 3,دندانپزشکی,دانشگاه علوم پزشکی لرستان - خرم آباد
1395,تجربی,4075,676,منطقه 3,پزشکی - نیمسال اول,دانشگاه علوم پزشکی ایلام
1395,تجربی,4075,1364,منطقه 1,داروسازی,دانشگاه علوم پزشکی البرز - کرج
1395,تجربی,4075,1976,منطقه 2,دندانپزشکی - نیمسال دوم,دانشگاه علوم پزشکی زاهدان
1395,تجربی,4075,1976,منطقه 2,پزشکی,دانشگاه علوم پزشکی شیراز
1395,تجربی,4082,678,منطقه 3,دندانپزشکی,دانشگاه علوم پزشکی ارومیه
1395,تجربی,4082,1366,منطقه 1,پزشکی - نیمسال اول,دانشگاه علوم پزشکی تبریز
1395,تجربی,4082,1980,منطقه 2,داروسازی - بومی استان همدان,دانشگاه علوم پزشکی همدان
1395,تجربی,4089,680,منطقه 3,دندانپزشکی,دانشگاه علوم پزشکی اردبیل
1395,تجربی,4089,680,منطقه 3,دندانپزشکی,دانشگاه علوم پزشکی ارومیه
1395,تجربی,4089,1368,منطقه 1,دندانپزشکی,دانشگاه علوم پزشکی بوشهر
1395,تجربی,4089,1368,منطقه 1,پزشکی,دانشگاه شاهد - تهران(رشته های پزشکی)
1395,تجربی,4089,1983,منطقه 2,پزشکی - بومی استان مازندران,دانشگاه علوم پزشکی مازندران - ساری
1395,تجربی,4097,682,منطقه 3,پزشکی - نیمسال اول,دانشگاه علوم پزشکی سبزوار
1395,تجربی,4097,1372,منطقه 1,پرستاری - نیمسال اول,دانشگاه علوم پزشکی تهران
1395,تجربی,4104,684,منطقه 3,پزشکی - نیمسال دوم,دانشگاه علوم پزشکی زاهدان
1395,تجربی,4104,1987,منطقه 2,دندانپزشکی,دانشگاه علوم پزشکی بندرعباس
1395,تجربی,4104,1987,منطقه 2,دندانپزشکی - بومی استان اذربایجان شرقی,دانشگاه علوم پزشکی تبریز
1395,تجربی,4104,1987,منطقه 2,دندانپزشکی - بومی استان همدان,دانشگاه علوم پزشکی همدان
1395,تجربی,4110,1991,منطقه 2,داروسازی - نیمسال دوم,دانشگاه علوم پزشکی تبریز
1395,تجربی,4110,1991,منطقه 2,فیزیوتراپی,دانشگاه علوم پزشکی سمنان
1395,تجربی,4116,686,منطقه 3,دندانپزشکی - بومی استان خراسان شمالی,دانشگاه علوم پزشکی خراسان شمالی - بجنورد
1395,تجربی,4123,688,منطقه 3,داروسازی - نیمسال دوم,دانشگاه علوم پزشکی تبریز
1395,تجربی,4123,688,منطقه 3,پزشکی - نیمسال دوم,دانشگاه علوم پزشکی شاهرود
1395,تجربی,4123,1382,منطقه 1,پزشکی - نیمسال دوم,دانشگاه علوم پزشکی شاهرود
1395,تجربی,4123,1994,منطقه 2,پزشکی - بومی استان اذربایجان شرقی,دانشگاه علوم پزشکی تبریز
1395,تجربی,4130,1998,منطقه 2,داروسازی,دانشگاه علوم پزشکی گیلان - رشت
1395,تجربی,4130,1998,منطقه 2,دندانپزشکی,دانشگاه علوم پزشکی تهران
1395,تجربی,4137,2002,منطقه 2,دندانپزشکی,دانشگاه علوم پزشکی کرمان
1395,تجربی,4137,2002,منطقه 2,پزشکی,دانشگاه علوم پزشکی دزفول
1395,تجربی,4140,2004,منطقه 2,پزشکی - نیمسال دوم,دانشگاه علوم پزشکی زاهدان
1395,تجربی,4146,1389,منطقه 1,دندانپزشکی,دانشگاه علوم پزشکی مشهد
1395,تجربی,4146,2007,منطقه 2,پزشکی,دانشکده علوم پزشکی آبادان
1395,تجربی,4146,2007,منطقه 2,پزشکی - بومی استان اذربایجان غربی,دانشگاه علوم پزشکی ارومیه
1395,تجربی,4146,2007,منطقه 2,پزشکی - نیمسال دوم,دانشگاه علوم پزشکی زاهدان
1395,تجربی,4153,692,منطقه 3,پزشکی,دانشگاه علوم پزشکی کاشان
1395,تجربی,4153,2012,منطقه 2,پزشکی,دانشگاه علوم پزشکی رفسنجان
1395,تجربی,4153,2012,منطقه 2,پزشکی - نیمسال دوم,دانشگاه علوم پزشکی ایلام
1395,تجربی,4159,693,منطقه 3,دندانپزشکی - نیمسال دوم,دانشگاه علوم پزشکی شهید بهشتی - تهران
1395,تجربی,4159,2016,منطقه 2,داروسازی,دانشگاه علوم پزشکی زنجان
1395,تجربی,4159,2016,منطقه 2,پزشکی,دانشگاه علوم پزشکی گناباد
1395,تجربی,4159,2016,منطقه 2,پزشکی - نیمسال دوم,دانشگاه علوم پزشکی زاهدان
1395,تجربی,4159,2016,منطقه 2,پزشکی - نیمسال دوم,دانشگاه علوم پزشکی شاهرود
1395,تجربی,4164,694,منطقه 3,پزشکی - نیمسال دوم,دانشگاه علوم پزشکی بیرجند
1395,تجربی,4164,2019,منطقه 2,داروسازی,دانشگاه علوم پزشکی زنجان
1395,تجربی,4164,2019,منطقه 2,دندانپزشکی - بومی استان هرمزگان,دانشگاه علوم پزشکی بندرعباس
1395,تجربی,4169,695,منطقه 3,داروسازی,دانشگاه علوم پزشکی زنجان
1395,تجربی,4169,1394,منطقه 1,داروسازی,دانشگاه علوم پزشکی اصفهان
1395,تجربی,4169,1394,منطقه 1,پزشکی - نیمسال دوم,دانشگاه علوم پزشکی زاهدان
1395,تجربی,4169,2022,منطقه 2,دندانپزشکی - نیمسال اول,دانشگاه علوم پزشکی زاهدان
1395,تجربی,4169,2022,منطقه 2,فیزیوتراپی,دانشگاه علوم پزشکی تهران
1395,تجربی,4169,2022,منطقه 2,پزشکی - بومی استان کردستان,دانشگاه علوم پزشکی کردستان - سنندج
1395,تجربی,4176,696,منطقه 3,پزشکی - نیمسال دوم,دانشگاه علوم پزشکی جهرم
1395,تجربی,4176,696,منطقه 3,پزشکی - نیمسال دوم,دانشگاه علوم پزشکی کردستان - سنندج
1395,تجربی,4176,1397,منطقه 1,داروسازی,دانشگاه علوم پزشکی ارومیه
1395,تجربی,4176,1397,منطقه 1,دندانپزشکی - بومی استان اصفهان,دانشگاه علوم پزشکی اصفهان
1395,تجربی,4185,698,منطقه 3,پزشکی - نیمسال دوم,دانشگاه علوم پزشکی مازندران - ساری
1395,تجربی,4185,2027,منطقه 2,داروسازی - نیمسال اول,دانشگاه علوم پزشکی تبریز
1395,تجربی,4185,2027,منطقه 2,دندانپزشکی - بومی استان همدان,دانشگاه علوم پزشکی همدان
1395,تجربی,4185,2027,منطقه 2,پزشکی - نیمسال دوم,دانشگاه علوم پزشکی زاهدان
1395,تجربی,4195,700,منطقه 3,پزشکی - نیمسال دوم,دانشگاه علوم پزشکی کردستان - سنندج
1395,تجربی,4195,2031,منطقه 2,دامپزشکی,دانشگاه شهید باهنر - کرمان
1395,تجربی,4195,2031,منطقه 2,دندانپزشکی - بومی استان همدان,دانشگاه علوم پزشکی همدان
1395,تجربی,4195,2031,منطقه 2,پزشکی,دانشگاه علوم پزشکی زابل
1395,تجربی,4202,701,منطقه 3,پزشکی - نیمسال دوم,دانشگاه علوم پزشکی جندی شاپور اهواز
1395,تجربی,4202,2034,منطقه 2,داروسازی,دانشگاه علوم پزشکی اصفهان
1395,تجربی,4202,2034,منطقه 2,دندانپزشکی - نیمسال دوم,دانشگاه علوم پزشکی زاهدان
1395,تجربی,4208,702,منطقه 3,پزشکی,دانشگاه علوم پزشکی کرمانشاه
1395,تجربی,4208,1410,منطقه 1,داروسازی,دانشگاه علوم پزشکی ارومیه
1395,تجربی,4213,704,منطقه 3,پزشکی - نیمسال اول,دانشگاه علوم پزشکی زاهدان
1395,تجربی,4213,704,منطقه 3,پزشکی - نیمسال دوم,دانشگاه علوم پزشکی همدان
1395,تجربی,4213,1412,منطقه 1,دندانپزشکی - بومی استان خراسان رضوی,دانشگاه علوم پزشکی مشهد
1395,تجربی,4213,2038,منطقه 2,پزشکی - نیمسال دوم,دانشگاه علوم پزشکی لرستان - خرم آباد
1395,تجربی,4218,706,منطقه 3,پزشکی - نیمسال دوم,دانشگاه علوم پزشکی بیرجند
1395,تجربی,4221,2040,منطقه 2,دندانپزشکی - بومی استان خراسان رضوی,دانشگاه علوم پزشکی مشهد
1395,تجربی,4221,2040,منطقه 2,پزشکی,دانشگاه علوم پزشکی زابل
1395,تجربی,4226,708,منطقه 3,پزشکی,دانشگاه علوم پزشکی مشهد
1395,تجربی,4226,1416,منطقه 1,پزشکی - نیمسال اول,دانشگاه علوم پزشکی تبریز
1395,تجربی,4226,1416,منطقه 1,پزشکی - نیمسال اول,دانشگاه علوم پزشکی سبزوار
1395,تجربی,4231,710,منطقه 3,پزشکی - نیمسال دوم,دانشگاه علوم پزشکی جندی شاپور اهواز
1395,تجربی,4236,712,منطقه 3,پزشکی - نیمسال دوم,دانشگاه علوم پزشکی شهرکرد
1395,تجربی,4240,713,منطقه 3,پزشکی - نیمسال دوم,دانشگاه علوم پزشکی مازندران - ساری
1395,تجربی,4240,2045,منطقه 2,پزشکی - نیمسال دوم,دانشگاه علوم پزشکی خراسان شمالی - بجنورد
1395,تجربی,4245,714,منطقه 3,پزشکی,دانشگاه علوم پزشکی زابل
1395,تجربی,4245,714,منطقه 3,پزشکی,دانشگاه علوم پزشکی کاشان
1395,تجربی,4245,1424,منطقه 1,داروسازی,دانشگاه علوم پزشکی زابل
1395,تجربی,4245,1424,منطقه 1,داروسازی,دانشگاه علوم پزشکی زنجان
1395,تجربی,4245,1424,منطقه 1,فیزیوتراپی,دانشگاه علوم پزشکی شیراز
1395,تجربی,4250,716,منطقه 3,پزشکی - نیمسال دوم,دانشگاه علوم پزشکی همدان
1395,تجربی,4250,2048,منطقه 2,داروسازی,دانشگاه علوم پزشکی یزد
1395,تجربی,4255,718,منطقه 3,پزشکی - نیمسال دوم,دانشگاه علوم پزشکی بیرجند
1395,تجربی,4255,2050,منطقه 2,داروسازی,دانشگاه علوم پزشکی گیلان - رشت
1395,تجربی,4262,719,منطقه 3,داروسازی,دانشگاه علوم پزشکی مشهد
1395,تجربی,4262,719,منطقه 3,پزشکی,دانشگاه علوم پزشکی یزد
1395,تجربی,4262,2054,منطقه 2,داروسازی,دانشگاه علوم پزشکی اصفهان
1395,تجربی,4262,2054,منطقه 2,دندانپزشکی - نیمسال دوم,دانشگاه علوم پزشکی زاهدان
1395,تجربی,4262,2054,منطقه 2,پزشکی,دانشگاه علوم پزشکی مشهد
1395,تجربی,4262,2054,منطقه 2,پزشکی - نیمسال اول,دانشگاه علوم پزشکی سبزوار
1395,تجربی,4267,721,منطقه 3,پزشکی,دانشگاه علوم پزشکی یاسوج
1395,تجربی,4271,722,منطقه 3,پزشکی - بومی استان خراسان جنوبی,دانشگاه علوم پزشکی بیرجند
1395,تجربی,4271,2059,منطقه 2,دندانپزشکی - بومی استان مازندران,دانشگاه علوم پزشکی مازندران - ساری
1395,تجربی,4271,2059,منطقه 2,پزشکی,دانشگاه علوم پزشکی زابل
1395,تجربی,4271,2059,منطقه 2,پزشکی - بومی استان مازندران,دانشگاه علوم پزشکی مازندران - ساری
1395,تجربی,4278,724,منطقه 3,پزشکی - نیمسال دوم,دانشگاه علوم پزشکی ایلام
1395,تجربی,4278,1431,منطقه 1,داروسازی - نیمسال دوم,دانشگاه علوم پزشکی تبریز
1395,تجربی,4278,2063,منطقه 2,داروسازی,دانشگاه علوم پزشکی کرمانشاه
1395,تجربی,4278,2063,منطقه 2,پزشکی,دانشگاه علوم پزشکی یاسوج
1395,تجربی,4286,727,منطقه 3,داروسازی,دانشگاه علوم پزشکی همدان
1395,تجربی,4286,727,منطقه 3,پزشکی - بومی استان اذربایجان غربی,دانشگاه علوم پزشکی ارومیه
1395,تجربی,4286,2066,منطقه 2,دندانپزشکی,دانشگاه علوم پزشکی اصفهان
1395,تجربی,4286,2066,منطقه 2,دندانپزشکی - بومی استان مرکزی,دانشگاه علوم پزشکی اراک
1395,تجربی,4286,2066,منطقه 2,پزشکی - نیمسال دوم,دانشگاه علوم پزشکی کردستان - سنندج
1395,تجربی,4292,729,منطقه 3,دندانپزشکی,دانشگاه علوم پزشکی کاشان
1395,تجربی,4297,2072,منطقه 2,داروسازی,دانشگاه علوم پزشکی مازندران - ساری
1395,تجربی,4297,2072,منطقه 2,دندانپزشکی - نیمسال دوم,دانشگاه علوم پزشکی زاهدان
1395,تجربی,4297,2072,منطقه 2,پزشکی,دانشگاه علوم پزشکی بوشهر
1395,تجربی,4302,63,ایثارگران,پزشکی,دانشگاه علوم پزشکی تهران
1395,تجربی,4302,2077,منطقه 2,پزشکی,دانشگاه علوم پزشکی رفسنجان
1395,تجربی,4307,1435,منطقه 1,پزشکی - نیمسال دوم,دانشگاه علوم پزشکی کردستان - سنندج
1395,تجربی,4307,2080,منطقه 2,دندانپزشکی - بومی استان اصفهان,دانشگاه علوم پزشکی کاشان
1395,تجربی,4307,2080,منطقه 2,دندانپزشکی - بومی استان خراسان رضوی,دانشگاه علوم پزشکی مشهد
1395,تجربی,4307,2080,منطقه 2,دندانپزشکی - بومی استان فارس,دانشگاه علوم پزشکی شیراز
1395,تجربی,4312,730,منطقه 3,دندانپزشکی - بومی استان اردبیل,دانشگاه علوم پزشکی اردبیل
1395,تجربی,4312,730,منطقه 3,پزشکی - نیمسال اول,دانشگاه علوم پزشکی سبزوار
1395,تجربی,4312,2084,منطقه 2,پزشکی,دانشگاه علوم پزشکی بوشهر
1395,تجربی,4318,732,منطقه 3,داروسازی,دانشگاه علوم پزشکی گیلان - رشت
1395,تجربی,4318,732,منطقه 3,پزشکی - نیمسال اول,دانشگاه علوم پزشکی بندرعباس
1395,تجربی,4318,2087,منطقه 2,پزشکی,دانشگاه علوم پزشکی جندی شاپور - اهواز
1395,تجربی,4323,1438,منطقه 1,پزشکی - نیمسال دوم,دانشگاه علوم پزشکی تبریز
1395,تجربی,4323,2089,منطقه 2,دندانپزشکی,دانشگاه علوم پزشکی یزد
1395,تجربی,4323,2089,منطقه 2,پزشکی - نیمسال دوم,دانشگاه علوم پزشکی سبزوار
1395,تجربی,4327,734,منطقه 3,داروسازی,دانشگاه علوم پزشکی اردبیل
1395,تجربی,4327,734,منطقه 3,پزشکی - نیمسال اول,دانشگاه علوم پزشکی البرز - کرج
1395,تجربی,4327,2092,منطقه 2,داروسازی,دانشگاه علوم پزشکی بقیه الله
1395,تجربی,4327,2092,منطقه 2,داروسازی,دانشگاه علوم پزشکی جندی شاپور اهواز
1395,تجربی,4327,2092,منطقه 2,پزشکی - بومی استان یزد,دانشگاه علوم پزشکی یزد
1395,تجربی,4331,736,منطقه 3,پزشکی - نیمسال دوم,دانشگاه علوم پزشکی بندرعباس
1395,تجربی,4337,1441,منطقه 1,دندانپزشکی,دانشگاه علوم پزشکی شیراز
1395,تجربی,4337,2097,منطقه 2,داروسازی,دانشگاه علوم پزشکی مازندران - ساری
1395,تجربی,4337,2097,منطقه 2,پزشکی,دانشگاه علوم پزشکی بوشهر
1395,تجربی,4337,2097,منطقه 2,پزشکی,دانشگاه علوم پزشکی رفسنجان
1395,تجربی,4337,2097,منطقه 2,پزشکی,دانشگاه علوم پزشکی گلستان - گرگان
1395,تجربی,4337,2097,منطقه 2,پزشکی,دانشگاه علوم پزشکی گیلان - رشت (محل تحصیل بندرانزلی)
1395,تجربی,4345,2101,منطقه 2,داروسازی,دانشگاه علوم پزشکی همدان
1395,تجربی,4350,2103,منطقه 2,داروسازی,دانشگاه علوم پزشکی مازندران - ساری
1395,تجربی,4356,740,منطقه 3,داروسازی,دانشگاه علوم پزشکی شیراز
1395,تجربی,4356,740,منطقه 3,دندانپزشکی,دانشگاه علوم پزشکی همدان
1395,تجربی,4356,740,منطقه 3,پزشکی,دانشگاه علوم پزشکی بوشهر
1395,تجربی,4364,744,منطقه 3,دندانپزشکی - بومی استان همدان,دانشگاه علوم پزشکی همدان
1395,تجربی,4364,1449,منطقه 1,دندانپزشکی - نیمسال دوم,دانشگاه علوم پزشکی زاهدان
1395,تجربی,4364,2109,منطقه 2,پزشکی,دانشگاه علوم پزشکی گناباد
1395,تجربی,4364,2109,منطقه 2,پزشکی,دانشگاه علوم پزشکی گیلان - رشت (محل تحصیل بندرانزلی)
1395,تجربی,4364,2109,منطقه 2,پزشکی - نیمسال دوم,دانشگاه علوم پزشکی ایلام
1395,تجربی,4372,1450,منطقه 1,داروسازی,دانشگاه علوم پزشکی یزد
1395,تجربی,4372,2115,منطقه 2,دندانپزشکی,دانشگاه علوم پزشکی تبریز
1395,تجربی,4372,2115,منطقه 2,دندانپزشکی,دانشگاه علوم پزشکی گیلان - رشت (محل تحصیل بندرانزلی)
1395,تجربی,4380,1454,منطقه 1,پزشکی,دانشگاه علوم پزشکی مشهد
1395,تجربی,4380,2119,منطقه 2,داروسازی,دانشگاه علوم پزشکی بندرعباس
1395,تجربی,4380,2119,منطقه 2,داروسازی,دانشگاه علوم پزشکی زنجان
1395,تجربی,4389,1459,منطقه 1,دندانپزشکی - نیمسال دوم,دانشگاه علوم پزشکی زاهدان
1395,تجربی,4389,2122,منطقه 2,داروسازی,دانشگاه علوم پزشکی مازندران - ساری
1395,تجربی,4396,1461,منطقه 1,پزشکی - نیمسال دوم,دانشگاه علوم پزشکی لرستان - خرم آباد
1395,تجربی,4396,2126,منطقه 2,پزشکی - نیمسال دوم,دانشگاه علوم پزشکی کردستان - سنندج
1395,تجربی,4403,747,منطقه 3,داروسازی,دانشگاه علوم پزشکی جندی شاپور اهواز
1395,تجربی,4403,1464,منطقه 1,داروسازی,دانشگاه علوم پزشکی کرمان
1395,تجربی,4403,2130,منطقه 2,داروسازی,دانشگاه علوم پزشکی شیراز
1395,تجربی,4403,2130,منطقه 2,دندانپزشکی - بومی استان اصفهان,دانشگاه علوم پزشکی کاشان
1395,تجربی,4403,2130,منطقه 2,پزشکی - نیمسال اول,دانشگاه علوم پزشکی ایلام
1395,تجربی,4410,2135,منطقه 2,دندانپزشکی,دانشگاه علوم پزشکی جندی شاپور - اهواز
1395,تجربی,4410,2135,منطقه 2,پزشکی,دانشگاه علوم پزشکی گلستان - گرگان
1395,تجربی,4410,2135,منطقه 2,پزشکی,دانشگاه علوم پزشکی یاسوج
1395,تجربی,4416,748,منطقه 3,دندانپزشکی - بومی استان کرمانشاه,دانشگاه علوم پزشکی کرمانشاه
1395,تجربی,4416,748,منطقه 3,دندانپزشکی - بومی استان کهگیلویه وبویر احمد,دانشگاه علوم پزشکی یاسوج
1395,تجربی,4416,1468,منطقه 1,داروسازی,دانشگاه علوم پزشکی شهیدبهشتی - تهران
1395,تجربی,4416,1468,منطقه 1,پزشکی,دانشگاه علوم پزشکی شیراز
1395,تجربی,4416,2138,منطقه 2,داروسازی,دانشگاه علوم پزشکی زنجان
1395,تجربی,4416,2138,منطقه 2,داروسازی,دانشگاه علوم پزشکی مازندران - ساری
1395,تجربی,4426,751,منطقه 3,داروسازی,دانشگاه علوم پزشکی گیلان - رشت
1395,تجربی,4426,751,منطقه 3,پزشکی,دانشگاه علوم پزشکی فسا
1395,تجربی,4426,751,منطقه 3,پزشکی - نیمسال اول,دانشگاه علوم پزشکی تبریز
1395,تجربی,4426,751,منطقه 3,پزشکی - نیمسال اول,دانشگاه علوم پزشکی کردستان - سنندج
1395,تجربی,4426,1472,منطقه 1,داروسازی - نیمسال دوم,دانشگاه علوم پزشکی تبریز
1395,تجربی,4434,2141,منطقه 2,پزشکی - نیمسال اول,دانشگاه علوم پزشکی بندرعباس
1395,تجربی,4441,1480,منطقه 1,داروسازی,دانشگاه علوم پزشکی لرستان - خرم آباد
1395,تجربی,4441,1480,منطقه 1,پزشکی - نیمسال اول,دانشگاه علوم پزشکی زاهدان
1395,تجربی,4441,1480,منطقه 1,پزشکی - نیمسال دوم,دانشگاه علوم پزشکی تبریز
1395,تجربی,4441,2143,منطقه 2,داروسازی,علوم پزشکی مازندران - ساری -(محل تحصیل رامسر)
1395,تجربی,4441,2143,منطقه 2,دندانپزشکی - نیمسال دوم,دانشگاه علوم پزشکی زاهدان
1395,تجربی,4450,755,منطقه 3,پزشکی - بومی استان گلستان,دانشگاه علوم پزشکی گلستان - گرگان
1395,تجربی,4450,755,منطقه 3,پزشکی - نیمسال دوم,دانشگاه علوم پزشکی گیلان - رشت
1395,تجربی,4450,1486,منطقه 1,داروسازی,دانشگاه علوم پزشکی یزد
1395,تجربی,4450,1486,منطقه 1,روانشناسی,دانشگاه پیام نور تهران - تهران جنوب
1395,تجربی,4450,1486,منطقه 1,پزشکی,دانشگاه علوم پزشکی دزفول
1395,تجربی,4450,2145,منطقه 2,دندانپزشکی - بومی استان همدان,دانشگاه علوم پزشکی همدان
1395,تجربی,4459,758,منطقه 3,دندانپزشکی,دانشگاه علوم پزشکی اصفهان
1395,تجربی,4459,758,منطقه 3,دندانپزشکی,دانشگاه علوم پزشکی کرمان
1395,تجربی,4459,758,منطقه 3,پزشکی,دانشگاه علوم پزشکی بقیه الله
1395,تجربی,4459,1490,منطقه 1,داروسازی,دانشگاه علوم پزشکی اردبیل
1395,تجربی,4459,2148,منطقه 2,داروسازی,دانشگاه علوم پزشکی شهید بهشتی - تهران
1395,تجربی,4459,2148,منطقه 2,پزشکی - بومی استان چهارمحال بختیاری,دانشگاه علوم پزشکی شهرکرد
1395,تجربی,4459,2148,منطقه 2,پزشکی - نیمسال اول,دانشگاه علوم پزشکی ایلام
1395,تجربی,4467,1493,منطقه 1,داروسازی,دانشگاه علوم پزشکی زنجان
1395,تجربی,4467,2151,منطقه 2,داروسازی,دانشگاه علوم پزشکی شیراز
1395,تجربی,4467,2151,منطقه 2,دندانپزشکی,دانشگاه علوم پزشکی اردبیل
1395,تجربی,4467,2151,منطقه 2,پزشکی - نیمسال دوم,دانشگاه علوم پزشکی زاهدان
1395,تجربی,4474,760,منطقه 3,دندانپزشکی,دانشگاه علوم پزشکی رفسنجان
1395,تجربی,4474,1497,منطقه 1,پزشکی - نیمسال دوم,دانشگاه علوم پزشکی بندرعباس
1395,تجربی,4480,1499,منطقه 1,پزشکی - نیمسال دوم,دانشگاه علوم پزشکی بندرعباس
1395,تجربی,4480,2156,منطقه 2,داروسازی,دانشگاه علوم پزشکی مازندران - ساری
1395,تجربی,4483,2159,منطقه 2,داروسازی,دانشگاه علوم پزشکی همدان
1395,تجربی,4483,2159,منطقه 2,پزشکی - نیمسال دوم,دانشگاه علوم پزشکی بندرعباس
1395,تجربی,4486,1501,منطقه 1,پزشکی,دانشگاه علوم پزشکی گناباد
1395,تجربی,4486,2161,منطقه 2,دندانپزشکی - بومی استان مرکزی,دانشگاه علوم پزشکی اراک
1395,تجربی,4489,2163,منطقه 2,پزشکی - نیمسال دوم,دانشگاه علوم پزشکی بندرعباس
1395,تجربی,4494,763,منطقه 3,پزشکی,دانشگاه علوم پزشکی دزفول
1395,تجربی,4494,763,منطقه 3,پزشکی,دانشگاه علوم پزشکی رفسنجان
1395,تجربی,4494,2165,منطقه 2,پزشکی - بومی استان اردبیل,دانشگاه علوم پزشکی اردبیل
1395,تجربی,4498,2166,منطقه 2,داروسازی,دانشگاه علوم پزشکی یزد
1395,تجربی,4502,765,منطقه 3,پزشکی - بومی استان کردستان,دانشگاه علوم پزشکی کردستان - سنندج
1395,تجربی,4502,765,منطقه 3,پزشکی - نیمسال دوم,دانشگاه علوم پزشکی لرستان - خرم آباد
1395,تجربی,4502,2169,منطقه 2,پزشکی - نیمسال اول,دانشگاه علوم پزشکی زاهدان
1395,تجربی,4509,767,منطقه 3,پزشکی - نیمسال دوم,دانشگاه علوم پزشکی خراسان شمالی - بجنورد
1395,تجربی,4509,2173,منطقه 2,داروسازی,دانشگاه علوم پزشکی البرز - کرج
1395,تجربی,4509,2173,منطقه 2,داروسازی,دانشگاه علوم پزشکی جندی شاپور اهواز
1395,تجربی,4509,2173,منطقه 2,دندانپزشکی - بومی استان خراسان رضوی,دانشگاه علوم پزشکی مشهد
1395,تجربی,4509,2173,منطقه 2,پزشکی,دانشگاه شاهد - تهران(رشته های پزشکی)
1395,تجربی,4520,769,منطقه 3,پزشکی,دانشگاه علوم پزشکی بوشهر
1395,تجربی,4520,769,منطقه 3,پزشکی,دانشگاه علوم پزشکی دزفول
1395,تجربی,4520,769,منطقه 3,پزشکی - نیمسال دوم,دانشگاه علوم پزشکی ایلام
1395,تجربی,4520,2182,منطقه 2,داروسازی,دانشگاه علوم پزشکی بقیه الله
1395,تجربی,4520,2182,منطقه 2,داروسازی,دانشگاه علوم پزشکی کرمان
1395,تجربی,4520,2182,منطقه 2,داروسازی,دانشگاه علوم پزشکی کرمانشاه
1395,تجربی,4520,2182,منطقه 2,دندانپزشکی - بومی استان خراسان رضوی,دانشگاه علوم پزشکی مشهد
1395,تجربی,4520,2182,منطقه 2,دندانپزشکی - بومی استان مرکزی,دانشگاه علوم پزشکی اراک
1395,تجربی,4520,2182,منطقه 2,پزشکی - بومی استان خراسان رضوی,دانشگاه علوم پزشکی مشهد
1395,تجربی,4532,773,منطقه 3,دندانپزشکی,دانشگاه علوم پزشکی یاسوج
1395,تجربی,4532,773,منطقه 3,دندانپزشکی - بومی استان خراسان رضوی,دانشگاه علوم پزشکی مشهد
1395,تجربی,4532,2188,منطقه 2,فیزیوتراپی,دانشگاه علوم پزشکی تهران
1395,تجربی,4532,2188,منطقه 2,پزشکی,دانشگاه علوم پزشکی ایران (محل تحصیل کرج)
1395,تجربی,4532,2188,منطقه 2,پزشکی - نیمسال دوم,دانشگاه علوم پزشکی بندرعباس
1395,تجربی,4540,775,منطقه 3,پزشکی - نیمسال دوم,دانشگاه علوم پزشکی ایلام
1395,تجربی,4540,2192,منطقه 2,پزشکی - محل تحصیل احمدآباد مشیر,دانشگاه علوم پزشکی یزد
1395,تجربی,4548,2196,منطقه 2,داروسازی,دانشگاه علوم پزشکی اردبیل
1395,تجربی,4548,2196,منطقه 2,پزشکی,دانشگاه علوم پزشکی ایران (محل تحصیل کرج)
1395,تجربی,4564,778,منطقه 3,داروسازی,دانشگاه علوم پزشکی تهران
1395,تجربی,4564,2203,منطقه 2,پزشکی - محل تحصیل آران و بیدگل,دانشگاه علوم پزشکی کاشان
1395,تجربی,4571,779,منطقه 3,پزشکی - نیمسال اول,دانشگاه علوم پزشکی زاهدان
1395,تجربی,4571,2209,منطقه 2,فیزیوتراپی,دانشگاه علوم پزشکی تهران
1395,تجربی,4571,2209,منطقه 2,پزشکی,دانشگاه علوم پزشکی گناباد
1395,تجربی,4576,2212,منطقه 2,دندانپزشکی,دانشگاه علوم پزشکی تبریز
1395,تجربی,4576,2212,منطقه 2,پزشکی,دانشگاه علوم پزشکی گلستان - گرگان
1395,تجربی,4576,2212,منطقه 2,پزشکی - نیمسال دوم,دانشگاه علوم پزشکی ایلام
1395,تجربی,4582,781,منطقه 3,پزشکی,دانشگاه علوم پزشکی قزوین
1395,تجربی,4582,1519,منطقه 1,پزشکی - نیمسال اول,دانشگاه علوم پزشکی زاهدان
1395,تجربی,4582,2215,منطقه 2,زیست شناسی,دانشگاه پیام نور اردبیل - مرکز اردبیل
1395,تجربی,4588,783,منطقه 3,پزشکی,دانشگاه علوم پزشکی گناباد
1395,تجربی,4588,2218,منطقه 2,پزشکی,دانشگاه علوم پزشکی ایران (محل تحصیل کرج)
1395,تجربی,4588,2218,منطقه 2,پزشکی - بومی استان کردستان,دانشگاه علوم پزشکی کردستان - سنندج
1395,تجربی,4595,784,منطقه 3,داروسازی,دانشگاه علوم پزشکی کرمانشاه
1395,تجربی,4595,2222,منطقه 2,داروسازی,دانشگاه علوم پزشکی مازندران - ساری
1395,تجربی,4595,2222,منطقه 2,پزشکی,دانشگاه علوم پزشکی اردبیل
1395,تجربی,4595,2222,منطقه 2,پزشکی,دانشگاه علوم پزشکی شیراز
1395,تجربی,4595,2222,منطقه 2,پزشکی - بومی استان یزد,دانشگاه علوم پزشکی یزد
1395,تجربی,4603,785,منطقه 3,پزشکی,دانشگاه علوم پزشکی یاسوج
1395,تجربی,4603,785,منطقه 3,پزشکی - بومی استان کرمانشاه,دانشگاه علوم پزشکی کرمانشاه
1395,تجربی,4603,2227,منطقه 2,داروسازی,دانشگاه علوم پزشکی جندی شاپور - اهواز
1395,تجربی,4603,2227,منطقه 2,دندانپزشکی - بومی استان مرکزی,دانشگاه علوم پزشکی اراک
1395,تجربی,4610,788,منطقه 3,پزشکی,دانشگاه علوم پزشکی فسا
1395,تجربی,4610,788,منطقه 3,پزشکی,دانشگاه علوم پزشکی گناباد
1395,تجربی,4610,788,منطقه 3,پزشکی - بومی استان اذربایجان غربی,دانشگاه علوم پزشکی ارومیه
1395,تجربی,4610,1525,منطقه 1,پزشکی - بومی استان اصفهان,دانشگاه علوم پزشکی اصفهان
1395,تجربی,4610,2231,منطقه 2,پزشکی,دانشگاه علوم پزشکی گیلان - رشت (محل تحصیل بندرانزلی)
1395,تجربی,4616,790,منطقه 3,داروسازی - نیمسال اول,دانشگاه علوم پزشکی تبریز
1395,تجربی,4616,2234,منطقه 2,فیزیوتراپی,دانشگاه علوم بهزیستی و توانبخشی تهران
1395,تجربی,4626,1531,منطقه 1,پزشکی,دانشگاه علوم پزشکی مشهد
1395,تجربی,4626,1531,منطقه 1,پزشکی - نیمسال اول,دانشگاه علوم پزشکی زاهدان
1395,تجربی,4633,792,منطقه 3,پزشکی,دانشگاه علوم پزشکی کرمان
1395,تجربی,4633,792,منطقه 3,پزشکی - بومی استان کرمانشاه,دانشگاه علوم پزشکی کرمانشاه
1395,تجربی,4633,1533,منطقه 1,داروسازی,دانشگاه علوم پزشکی بندرعباس
1395,تجربی,4633,2242,منطقه 2,دندانپزشکی,دانشگاه علوم پزشکی بابل
1395,تجربی,4633,2242,منطقه 2,پزشکی,دانشگاه علوم پزشکی بابل
1395,تجربی,4641,794,منطقه 3,دندانپزشکی,دانشگاه علوم پزشکی مشهد
1395,تجربی,4647,795,منطقه 3,پزشکی - نیمسال دوم,دانشگاه علوم پزشکی ایلام
1395,تجربی,4647,1537,منطقه 1,پزشکی - نیمسال دوم,دانشگاه علوم پزشکی تبریز
1395,تجربی,4647,2248,منطقه 2,داروسازی,دانشگاه علوم پزشکی زنجان
1395,تجربی,4654,797,منطقه 3,پزشکی - نیمسال اول,دانشگاه علوم پزشکی جهرم
1395,تجربی,4654,1539,منطقه 1,پزشکی - بومی استان اذربایجان شرقی,دانشگاه علوم پزشکی تبریز
1395,تجربی,4654,2252,منطقه 2,پزشکی,دانشگاه علوم پزشکی بابل
1395,تجربی,4654,2252,منطقه 2,پزشکی - بومی استان کردستان,دانشگاه علوم پزشکی کردستان - سنندج
1395,تجربی,4661,798,منطقه 3,دندانپزشکی,دانشگاه علوم پزشکی تبریز
1395,تجربی,4661,2256,منطقه 2,دندانپزشکی,دانشگاه علوم پزشکی همدان
1395,تجربی,4661,2256,منطقه 2,پزشکی,دانشگاه علوم پزشکی اصفهان
1395,تجربی,4666,2260,منطقه 2,پزشکی - بومی استان لرستان,دانشگاه علوم پزشکی لرستان - خرم آباد
1395,تجربی,4672,800,منطقه 3,دندانپزشکی,دانشگاه علوم پزشکی بابل
1395,تجربی,4672,800,منطقه 3,دندانپزشکی - بومی استان اردبیل,دانشگاه علوم پزشکی اردبیل
1395,تجربی,4672,800,منطقه 3,پزشکی - نیمسال اول,دانشگاه علوم پزشکی شهیدبهشتی - تهران
1395,تجربی,4672,2263,منطقه 2,پزشکی,دانشگاه علوم پزشکی کرمان
1395,تجربی,4680,802,منطقه 3,پزشکی - نیمسال اول,دانشگاه علوم پزشکی زاهدان
1395,تجربی,4680,2266,منطقه 2,دندانپزشکی,دانشگاه علوم پزشکی شیراز
1395,تجربی,4688,1547,منطقه 1,پزشکی - نیمسال دوم,دانشگاه علوم پزشکی ایلام
1395,تجربی,4688,2272,منطقه 2,داروسازی,دانشگاه علوم پزشکی همدان
1395,تجربی,4688,2272,منطقه 2,دندانپزشکی,دانشگاه علوم پزشکی بابل
1395,تجربی,4688,2272,منطقه 2,پزشکی,دانشکده علوم پزشکی آبادان
1395,تجربی,4688,2272,منطقه 2,پزشکی,دانشگاه علوم پزشکی ارومیه
1395,تجربی,4688,2272,منطقه 2,پزشکی,دانشگاه علوم پزشکی کرمانشاه
1395,تجربی,4697,2278,منطقه 2,دندانپزشکی - بومی استان گیلان,دانشگاه علوم پزشکی گیلان - رشت
1395,تجربی,4703,805,منطقه 3,دندانپزشکی,دانشگاه علوم پزشکی تبریز
1395,تجربی,4703,805,منطقه 3,پزشکی - بومی استان اذربایجان شرقی,دانشگاه علوم پزشکی تبریز
1395,تجربی,4703,2280,منطقه 2,مدیریت مالی,دانشگاه تهران
1395,تجربی,4715,808,منطقه 3,پزشکی - نیمسال دوم,دانشگاه علوم پزشکی همدان
1395,تجربی,4715,2284,منطقه 2,داروسازی,دانشگاه علوم پزشکی مازندران - ساری
1395,تجربی,4715,2284,منطقه 2,پزشکی - بومی استان مازندران,دانشگاه علوم پزشکی مازندران - ساری
1395,تجربی,4715,2284,منطقه 2,پزشکی - نیمسال اول,دانشگاه علوم پزشکی ایلام
1395,تجربی,4723,809,منطقه 3,داروسازی - بومی مناطق زلزله زده استان آذربایجان شرقی (اهر ، ورزقان ، هریس ),دانشگاه علوم پزشکی تبریز
1395,تجربی,4723,809,منطقه 3,دندانپزشکی,دانشگاه علوم پزشکی مازندران - ساری
1395,تجربی,4723,2288,منطقه 2,داروسازی,دانشگاه علوم پزشکی اصفهان
1395,تجربی,4730,811,منطقه 3,پزشکی - نیمسال اول,دانشگاه علوم پزشکی جهرم
1395,تجربی,4730,2292,منطقه 2,داروسازی,دانشگاه علوم پزشکی لرستان - خرم آباد
1395,تجربی,4730,2292,منطقه 2,دندانپزشکی,دانشگاه علوم پزشکی شیراز
1395,تجربی,4730,2292,منطقه 2,پزشکی,دانشگاه علوم پزشکی جیرفت
1395,تجربی,4730,2292,منطقه 2,پزشکی - نیمسال دوم,دانشگاه علوم پزشکی زاهدان
1395,تجربی,4740,68,ایثارگران,پزشکی,دانشگاه علوم پزشکی ایران
1395,تجربی,4740,813,منطقه 3,پزشکی,دانشگاه علوم پزشکی دزفول
1395,تجربی,4740,813,منطقه 3,پزشکی,دانشگاه علوم پزشکی گناباد
1395,تجربی,4740,2295,منطقه 2,پزشکی - بومی استان خراسان رضوی,دانشگاه علوم پزشکی سبزوار
1395,تجربی,4750,815,منطقه 3,پزشکی,دانشگاه علوم پزشکی دزفول
1395,تجربی,4750,1569,منطقه 1,علوم تغذیه - نیمسال اول,دانشگاه علوم پزشکی شهید بهشتی - تهران
1395,تجربی,4750,1569,منطقه 1,فیزیوتراپی,دانشگاه علوم پزشکی تهران
1395,تجربی,4750,2298,منطقه 2,داروسازی,دانشگاه علوم پزشکی اردبیل
1395,تجربی,4750,2298,منطقه 2,داروسازی,دانشگاه علوم پزشکی جندی شاپور اهواز
1395,تجربی,4759,817,منطقه 3,پزشکی,علوم پزشکی مازندران - ساری -(محل تحصیل رامسر)
1395,تجربی,4759,2302,منطقه 2,پزشکی,دانشگاه علوم پزشکی جیرفت
1395,تجربی,4767,818,منطقه 3,پزشکی - بومی استان اذربایجان شرقی,دانشگاه علوم پزشکی تبریز
1395,تجربی,4767,818,منطقه 3,پزشکی - نیمسال اول,دانشگاه علوم پزشکی شهیدبهشتی - تهران
1395,تجربی,4767,1575,منطقه 1,پزشکی,دانشگاه علوم پزشکی اصفهان
1395,تجربی,4767,2306,منطقه 2,داروسازی,دانشگاه علوم پزشکی جندی شاپور اهواز
1395,تجربی,4767,2306,منطقه 2,پزشکی - بومی استان زنجان,دانشگاه علوم پزشکی زنجان
1395,تجربی,4773,2310,منطقه 2,پزشکی,دانشگاه علوم پزشکی بابل
1395,تجربی,4773,2310,منطقه 2,پزشکی,دانشگاه علوم پزشکی بیرجند
1395,تجربی,4777,820,منطقه 3,دندانپزشکی - بومی استان خراسان رضوی,دانشگاه علوم پزشکی مشهد
1395,تجربی,4777,2312,منطقه 2,پزشکی - بومی استان خراسان جنوبی,دانشگاه علوم پزشکی بیرجند
1395,تجربی,4784,822,منطقه 3,پزشکی - بومی استان چهارمحال بختیاری,دانشگاه علوم پزشکی شهرکرد
1395,تجربی,4784,1579,منطقه 1,پزشکی - نیمسال دوم,دانشگاه علوم پزشکی زاهدان
1395,تجربی,4784,2316,منطقه 2,داروسازی,دانشگاه علوم پزشکی اردبیل
1395,تجربی,4784,2316,منطقه 2,داروسازی,دانشگاه علوم پزشکی مازندران - ساری
1395,تجربی,4784,2316,منطقه 2,داروسازی,علوم پزشکی مازندران - ساری -(محل تحصیل رامسر)
1395,تجربی,4784,2316,منطقه 2,پزشکی,دانشگاه علوم پزشکی دزفول
1395,تجربی,4793,1582,منطقه 1,پزشکی,دانشگاه علوم پزشکی دزفول
1395,تجربی,4793,2321,منطقه 2,پزشکی,دانشگاه علوم پزشکی بابل
1395,تجربی,4800,823,منطقه 3,داروسازی,دانشگاه علوم پزشکی اردبیل
1395,تجربی,4800,1586,منطقه 1,دندانپزشکی,دانشگاه علوم پزشکی یزد
1395,تجربی,4800,2324,منطقه 2,پزشکی - بومی استان کردستان,دانشگاه علوم پزشکی کردستان - سنندج
1395,تجربی,4809,825,منطقه 3,دندانپزشکی,دانشگاه علوم پزشکی بندرعباس
1395,تجربی,4809,825,منطقه 3,پزشکی - بومی استان همدان,دانشگاه علوم پزشکی همدان
1395,تجربی,4809,825,منطقه 3,پزشکی - نیمسال دوم,دانشگاه علوم پزشکی همدان
1395,تجربی,4809,1590,منطقه 1,فیزیوتراپی,دانشگاه علوم پزشکی شهید بهشتی - تهران
1395,تجربی,4809,2327,منطقه 2,دندانپزشکی - بومی استان اردبیل,دانشگاه علوم پزشکی اردبیل
1395,تجربی,4809,2327,منطقه 2,پزشکی - بومی استان کردستان,دانشگاه علوم پزشکی کردستان - سنندج
1395,تجربی,4818,828,منطقه 3,دندانپزشکی,دانشگاه علوم پزشکی همدان
1395,تجربی,4818,2331,منطقه 2,داروسازی,دانشگاه علوم پزشکی جندی شاپور اهواز
1395,تجربی,4818,2331,منطقه 2,علوم تغذیه - نیمسال اول,دانشگاه علوم پزشکی شهید بهشتی - تهران
1395,تجربی,4818,2331,منطقه 2,پرستاری - نیمسال اول,دانشگاه علوم پزشکی ایران
1395,تجربی,4818,2331,منطقه 2,پزشکی,دانشگاه علوم پزشکی دزفول
1395,تجربی,4825,1592,منطقه 1,داروسازی,دانشگاه علوم پزشکی یزد
1395,تجربی,4825,2336,منطقه 2,دندانپزشکی,دانشگاه علوم پزشکی بابل
1395,تجربی,4836,830,منطقه 3,پزشکی - بومی استان گلستان,دانشگاه علوم پزشکی گلستان - گرگان
1395,تجربی,4836,2342,منطقه 2,داروسازی - بومی استان خراسان رضوی,دانشگاه علوم پزشکی مشهد
1395,تجربی,4843,2346,منطقه 2,پزشکی,دانشگاه علوم پزشکی بم
1395,تجربی,4843,2346,منطقه 2,پزشکی - بومی استان کرمانشاه,دانشگاه علوم پزشکی کرمانشاه
1395,تجربی,4847,831,منطقه 3,داروسازی,دانشگاه علوم پزشکی کرمانشاه
1395,تجربی,4854,70,ایثارگران,دندانپزشکی - نیمسال دوم,دانشگاه علوم پزشکی شهید بهشتی - تهران
1395,تجربی,4854,2351,منطقه 2,داروسازی - نیمسال دوم,دانشگاه علوم پزشکی تبریز
1395,تجربی,4860,2355,منطقه 2,دندانپزشکی - بومی استان چهارمحال بختیاری,دانشگاه علوم پزشکی شهرکرد
1395,تجربی,4860,2355,منطقه 2,پزشکی - بومی استان خراسان رضوی,دانشگاه علوم پزشکی مشهد
1395,تجربی,4867,835,منطقه 3,پزشکی,دانشگاه علوم پزشکی کرمان
1395,تجربی,4867,2359,منطقه 2,فیزیوتراپی,دانشگاه علوم پزشکی کرمان
1395,تجربی,4867,2359,منطقه 2,پزشکی,دانشگاه علوم پزشکی اردبیل
1395,تجربی,4867,2359,منطقه 2,پزشکی,دانشگاه علوم پزشکی شیراز
1395,تجربی,4867,2359,منطقه 2,پزشکی - بومی استان مرکزی,دانشگاه علوم پزشکی اراک
1395,تجربی,4875,2363,منطقه 2,داروسازی,دانشگاه علوم پزشکی کرمانشاه
1395,تجربی,4875,2363,منطقه 2,پزشکی - بومی استان خراسان جنوبی,دانشگاه علوم پزشکی بیرجند
1395,تجربی,4883,838,منطقه 3,دندانپزشکی,دانشگاه علوم پزشکی همدان
1395,تجربی,4883,838,منطقه 3,پزشکی,دانشگاه علوم پزشکی قزوین
1395,تجربی,4883,838,منطقه 3,پزشکی - نیمسال اول,دانشگاه علوم پزشکی کردستان - سنندج
1395,تجربی,4883,1610,منطقه 1,پزشکی,دانشگاه علوم پزشکی شیراز
1395,تجربی,4883,2366,منطقه 2,فیزیوتراپی,دانشگاه علوم پزشکی شهید بهشتی - تهران
1395,تجربی,4892,841,منطقه 3,فیزیوتراپی,دانشگاه علوم پزشکی تهران
1395,تجربی,4892,841,منطقه 3,پزشکی,دانشگاه علوم پزشکی بقیه الله
1395,تجربی,4892,2369,منطقه 2,داروسازی,دانشگاه علوم پزشکی زنجان
1395,تجربی,4892,2369,منطقه 2,داروسازی,دانشگاه علوم پزشکی گیلان - رشت
1395,تجربی,4897,843,منطقه 3,پزشکی - نیمسال دوم,دانشگاه علوم پزشکی کردستان - سنندج
1395,تجربی,4902,2373,منطقه 2,دندانپزشکی,دانشگاه علوم پزشکی مشهد
1395,تجربی,4906,1616,منطقه 1,داروسازی,دانشگاه علوم پزشکی گیلان - رشت
1395,تجربی,4908,2378,منطقه 2,دندانپزشکی - بومی استان اردبیل,دانشگاه علوم پزشکی اردبیل
1395,تجربی,4912,845,منطقه 3,دندانپزشکی - بومی استان کردستان,دانشگاه علوم پزشکی کردستان - سنندج
1395,تجربی,4912,1618,منطقه 1,پزشکی,دانشگاه علوم پزشکی مشهد
1395,تجربی,4912,1618,منطقه 1,پزشکی - بومی استان خراسان رضوی,دانشگاه علوم پزشکی مشهد
1395,تجربی,4912,2380,منطقه 2,دندانپزشکی - بومی استان گیلان,دانشگاه علوم پزشکی گیلان - رشت
1395,تجربی,4920,847,منطقه 3,دندانپزشکی,دانشگاه علوم پزشکی زاهدان
1395,تجربی,4920,847,منطقه 3,پزشکی,دانشگاه علوم پزشکی کرمان
1395,تجربی,4920,847,منطقه 3,پزشکی - بومی استان اذربایجان شرقی,دانشگاه علوم پزشکی تبریز
1395,تجربی,4920,1621,منطقه 1,پزشکی - نیمسال دوم,دانشگاه علوم پزشکی تبریز
1395,تجربی,4920,2383,منطقه 2,دندانپزشکی,دانشگاه علوم پزشکی اصفهان
1395,تجربی,4920,2383,منطقه 2,دندانپزشکی - بومی استان یزد,دانشگاه علوم پزشکی یزد
1395,تجربی,4929,1624,منطقه 1,دندانپزشکی,دانشگاه علوم پزشکی شیراز
1395,تجربی,4929,2387,منطقه 2,دندانپزشکی - بومی استان فارس,دانشگاه علوم پزشکی شیراز
1395,تجربی,4929,2387,منطقه 2,پزشکی,دانشگاه علوم پزشکی ایران (محل تحصیل کرج)
1395,تجربی,4929,2387,منطقه 2,پزشکی,دانشگاه علوم پزشکی بم
1395,تجربی,4937,850,منطقه 3,بینایی سنجی,دانشگاه علوم پزشکی شهید بهشتی - تهران
1395,تجربی,4937,850,منطقه 3,پزشکی - نیمسال دوم,دانشگاه علوم پزشکی ایلام
1395,تجربی,4945,852,منطقه 3,فیزیوتراپی,دانشگاه علوم پزشکی شیراز
1395,تجربی,4945,1629,منطقه 1,پزشکی,دانشگاه علوم پزشکی ارومیه
1395,تجربی,4945,2394,منطقه 2,داروسازی,دانشگاه علوم پزشکی ارومیه
1395,تجربی,4953,2397,منطقه 2,داروسازی,دانشگاه علوم پزشکی مازندران - ساری
1395,تجربی,4953,2397,منطقه 2,داروسازی - نیمسال دوم,دانشگاه علوم پزشکی تبریز
1395,تجربی,4953,2397,منطقه 2,پزشکی - بومی استان کردستان,دانشگاه علوم پزشکی کردستان - سنندج
1395,تجربی,4959,2400,منطقه 2,دامپزشکی,دانشگاه تهران
1395,تجربی,4965,857,منطقه 3,پزشکی,دانشگاه علوم پزشکی شیراز
1395,تجربی,4965,1636,منطقه 1,داروسازی,دانشگاه علوم پزشکی جندی شاپور اهواز
1395,تجربی,4965,2403,منطقه 2,پزشکی - بومی استان خراسان رضوی-دارای تعهد خدمت در تربت حیدریه,دانشگاه علوم پزشکی مشهد
1395,تجربی,4975,71,ایثارگران,پزشکی,دانشگاه علوم پزشکی تهران
1395,تجربی,4975,860,منطقه 3,داروسازی,دانشگاه علوم پزشکی اردبیل
1395,تجربی,4975,1639,منطقه 1,داروسازی,دانشگاه علوم پزشکی اصفهان
1395,تجربی,4975,2406,منطقه 2,داروسازی,دانشگاه علوم پزشکی زنجان
1395,تجربی,4985,863,منطقه 3,پزشکی,دانشگاه علوم پزشکی کرمان
1395,تجربی,4985,863,منطقه 3,پزشکی - بومی استان خراسان شمالی,دانشگاه علوم پزشکی خراسان شمالی - بجنورد
1395,تجربی,4985,863,منطقه 3,پزشکی - بومی استان لرستان,دانشگاه علوم پزشکی لرستان - خرم آباد
1395,تجربی,4985,863,منطقه 3,پزشکی - نیمسال اول,دانشگاه علوم پزشکی بندرعباس
1395,تجربی,4985,1641,منطقه 1,دندانپزشکی,دانشگاه علوم پزشکی یزد
1395,تجربی,4985,2410,منطقه 2,دندانپزشکی,دانشگاه علوم پزشکی اصفهان
1395,تجربی,4985,2410,منطقه 2,دندانپزشکی,دانشگاه علوم پزشکی گیلان - رشت (محل تحصیل بندرانزلی)
1395,تجربی,4994,866,منطقه 3,فیزیوتراپی,دانشگاه علوم پزشکی تهران
1395,تجربی,4994,1643,منطقه 1,پزشکی,دانشگاه علوم پزشکی شیراز
1395,تجربی,5002,868,منطقه 3,پزشکی - نیمسال دوم,دانشگاه علوم پزشکی کردستان - سنندج
1395,تجربی,5002,2419,منطقه 2,داروسازی,دانشگاه علوم پزشکی مازندران - ساری
1395,تجربی,5002,2419,منطقه 2,دندانپزشکی - بومی استان مازندران,دانشگاه علوم پزشکی بابل
1395,تجربی,5009,869,منطقه 3,پزشکی - بومی استان گلستان,دانشگاه علوم پزشکی گلستان - گرگان
1395,تجربی,5009,1647,منطقه 1,داروسازی,دانشگاه علوم پزشکی جندی شاپور اهواز
1395,تجربی,5009,1647,منطقه 1,داروسازی,دانشگاه علوم پزشکی کرمانشاه
1395,تجربی,5016,1650,منطقه 1,داروسازی,دانشگاه علوم پزشکی بندرعباس
1395,تجربی,5023,871,منطقه 3,پزشکی,دانشگاه علوم پزشکی قزوین
1395,تجربی,5023,871,منطقه 3,پزشکی - بومی استان اصفهان,دانشگاه علوم پزشکی اصفهان
1395,تجربی,5023,2429,منطقه 2,داروسازی,دانشگاه علوم پزشکی جندی شاپور اهواز
1395,تجربی,5023,2429,منطقه 2,فیزیوتراپی,دانشگاه علوم پزشکی ایران
1395,تجربی,5030,873,منطقه 3,پزشکی - بومی استان کرمانشاه,دانشگاه علوم پزشکی کرمانشاه
1395,تجربی,5030,1654,منطقه 1,پزشکی,دانشگاه علوم پزشکی شیراز
1395,تجربی,5036,1658,منطقه 1,زیست فناوری,دانشگاه تهران
1395,تجربی,5036,2433,منطقه 2,داروسازی,دانشگاه علوم پزشکی یزد
1395,تجربی,5043,876,منطقه 3,پزشکی - بومی استان اردبیل,دانشگاه علوم پزشکی اردبیل
1395,تجربی,5043,876,منطقه 3,پزشکی - نیمسال دوم,دانشگاه علوم پزشکی خراسان شمالی - بجنورد
1395,تجربی,5043,2435,منطقه 2,داروسازی,دانشگاه علوم پزشکی بندرعباس
1395,تجربی,5043,2435,منطقه 2,داروسازی,دانشگاه علوم پزشکی زنجان
1395,تجربی,5043,2435,منطقه 2,پزشکی,دانشگاه علوم پزشکی اردبیل
1395,تجربی,5049,1663,منطقه 1,داروسازی,دانشگاه علوم پزشکی زنجان
1395,تجربی,5049,2437,منطقه 2,دندانپزشکی,دانشگاه علوم پزشکی بابل
1395,تجربی,5049,2437,منطقه 2,دندانپزشکی - بومی استان اصفهان,دانشگاه علوم پزشکی کاشان
1395,تجربی,5055,2441,منطقه 2,دندانپزشکی,دانشگاه علوم پزشکی مشهد
1395,تجربی,5055,2441,منطقه 2,دندانپزشکی,دانشگاه علوم پزشکی همدان
1395,تجربی,5055,2441,منطقه 2,پزشکی - بومی استان اصفهان,دانشگاه علوم پزشکی کاشان
1395,تجربی,5055,2441,منطقه 2,پزشکی - بومی استان فارس,دانشگاه علوم پزشکی جهرم
1395,تجربی,5062,880,منطقه 3,فیزیوتراپی,دانشگاه علوم پزشکی تهران
1395,تجربی,5062,2445,منطقه 2,داروسازی,دانشگاه علوم پزشکی زنجان
1395,تجربی,5062,2445,منطقه 2,داروسازی,دانشگاه علوم پزشکی مازندران - ساری
1395,تجربی,5062,2445,منطقه 2,فیزیوتراپی,دانشگاه علوم پزشکی بابل
1395,تجربی,5062,2445,منطقه 2,پزشکی - نیمسال اول,دانشگاه علوم پزشکی زاهدان
1395,تجربی,5070,882,منطقه 3,دندانپزشکی - بومی استان خراسان شمالی,دانشگاه علوم پزشکی خراسان شمالی - بجنورد
1395,تجربی,5078,2454,منطقه 2,پزشکی - بومی استان سمنان,دانشگاه علوم پزشکی سمنان
1395,تجربی,5084,2457,منطقه 2,پزشکی,دانشگاه علوم پزشکی اراک
1395,تجربی,5092,883,منطقه 3,پزشکی,دانشگاه علوم پزشکی دزفول
1395,تجربی,5092,2462,منطقه 2,پزشکی,دانشگاه علوم پزشکی گیلان - رشت (محل تحصیل بندرانزلی)
1395,تجربی,5092,2462,منطقه 2,پزشکی - نیمسال دوم,دانشگاه علوم پزشکی ایلام
1395,تجربی,5101,886,منطقه 3,داروسازی,دانشگاه علوم پزشکی همدان
1395,تجربی,5101,886,منطقه 3,دندانپزشکی - بومی استان خوزستان,دانشگاه علوم پزشکی جندی شاپور اهواز
1395,تجربی,5101,886,منطقه 3,پزشکی,دانشگاه علوم پزشکی اصفهان
1395,تجربی,5101,1676,منطقه 1,پزشکی,دانشگاه علوم پزشکی شیراز
1395,تجربی,5101,2467,منطقه 2,روانشناسی,دانشگاه پیام نور کرمانشاه - مرکز کرمانشاه
1395,تجربی,5101,2467,منطقه 2,فیزیوتراپی,دانشگاه علوم پزشکی ایران
1395,تجربی,5108,1679,منطقه 1,داروسازی,دانشگاه علوم پزشکی یزد
1395,تجربی,5108,2469,منطقه 2,پزشکی - بومی استان زنجان,دانشگاه علوم پزشکی زنجان
1395,تجربی,5115,889,منطقه 3,داروسازی,دانشگاه علوم پزشکی شیراز
1395,تجربی,5115,889,منطقه 3,پزشکی - بومی استان فارس,دانشگاه علوم پزشکی جهرم
1395,تجربی,5115,1682,منطقه 1,پزشکی,دانشگاه علوم پزشکی شیراز
1395,تجربی,5115,2472,منطقه 2,دندانپزشکی,دانشگاه علوم پزشکی مشهد
1395,تجربی,5115,2472,منطقه 2,دندانپزشکی - بومی استان لرستان,دانشگاه علوم پزشکی لرستان - خرم آباد
1395,تجربی,5115,2472,منطقه 2,پزشکی - بومی استان همدان,دانشگاه علوم پزشکی همدان
1395,تجربی,5122,892,منطقه 3,دندانپزشکی - بومی استان گیلان,دانشگاه علوم پزشکی گیلان - رشت
1395,تجربی,5122,892,منطقه 3,فیزیوتراپی,دانشگاه علوم پزشکی تهران
1395,تجربی,5122,1685,منطقه 1,مدیریت مالی,دانشگاه تهران
1395,تجربی,5122,2474,منطقه 2,پزشکی - بومی استان لرستان,دانشگاه علوم پزشکی لرستان - خرم آباد
1395,تجربی,5129,1688,منطقه 1,فیزیوتراپی,دانشگاه علوم پزشکی شهید بهشتی - تهران
1395,تجربی,5138,2481,منطقه 2,داروسازی,دانشگاه علوم پزشکی جندی شاپور اهواز
1395,تجربی,5138,2481,منطقه 2,فیزیوتراپی,دانشگاه علوم پزشکی بابل
1395,تجربی,5138,2481,منطقه 2,فیزیوتراپی,دانشگاه علوم پزشکی شهید بهشتی - تهران
1395,تجربی,5144,1691,منطقه 1,پزشکی - نیمسال دوم,دانشگاه علوم پزشکی تبریز
1395,تجربی,5144,2486,منطقه 2,دندانپزشکی - بومی استان خراسان جنوبی,دانشگاه علوم پزشکی بیرجند
1395,تجربی,5152,898,منطقه 3,داروسازی,دانشگاه علوم پزشکی کرمانشاه
1395,تجربی,5152,898,منطقه 3,پزشکی,دانشکده علوم پزشکی آبادان
1395,تجربی,5152,1694,منطقه 1,داروسازی,دانشگاه علوم پزشکی مازندران - ساری
1395,تجربی,5152,2487,منطقه 2,پزشکی,دانشگاه علوم پزشکی شیراز
1395,تجربی,5163,902,منطقه 3,پزشکی - بومی استان گیلان,دانشگاه علوم پزشکی گیلان - رشت
1395,تجربی,5163,1698,منطقه 1,داروسازی,دانشگاه علوم پزشکی تبریز
1395,تجربی,5163,2490,منطقه 2,داروسازی - نیمسال دوم,دانشگاه علوم پزشکی تبریز
1395,تجربی,5163,2490,منطقه 2,فیزیوتراپی,دانشگاه علوم پزشکی شهید بهشتی - تهران
1395,تجربی,5171,905,منطقه 3,پزشکی,دانشکده علوم پزشکی آبادان
1395,تجربی,5171,905,منطقه 3,پزشکی - بومی استان کردستان,دانشگاه علوم پزشکی کردستان - سنندج
1395,تجربی,5180,907,منطقه 3,داروسازی,دانشگاه علوم پزشکی کرمانشاه
1395,تجربی,5180,1705,منطقه 1,پزشکی - بومی استان فارس,دانشگاه علوم پزشکی جهرم
1395,تجربی,5180,2495,منطقه 2,پزشکی - بومی استان اصفهان,دانشگاه علوم پزشکی اصفهان
1395,تجربی,5189,909,منطقه 3,پزشکی - بومی استان کرمانشاه,دانشگاه علوم پزشکی کرمانشاه
1395,تجربی,5189,2499,منطقه 2,داروسازی,دانشگاه علوم پزشکی شیراز
1395,تجربی,5189,2499,منطقه 2,دندانپزشکی,دانشگاه علوم پزشکی گلستان - گرگان
1395,تجربی,5196,910,منطقه 3,دندانپزشکی,دانشگاه علوم پزشکی گیلان - رشت
1395,تجربی,5196,2502,منطقه 2,داروسازی,دانشگاه علوم پزشکی همدان
1395,تجربی,5196,2502,منطقه 2,پزشکی,دانشگاه علوم پزشکی کرمان
1395,تجربی,5202,911,منطقه 3,پزشکی,دانشگاه علوم پزشکی رفسنجان
1395,تجربی,5202,2505,منطقه 2,دندانپزشکی,دانشگاه علوم پزشکی بابل
1395,تجربی,5207,2507,منطقه 2,دندانپزشکی - بومی استان گلستان,دانشگاه علوم پزشکی گلستان - گرگان
1395,تجربی,5215,912,منطقه 3,دندانپزشکی - بومی استان کهگیلویه وبویر احمد,دانشگاه علوم پزشکی یاسوج
1395,تجربی,5215,912,منطقه 3,پزشکی - نیمسال اول,دانشگاه علوم پزشکی اصفهان
1395,تجربی,5226,916,منطقه 3,دندانپزشکی,دانشگاه علوم پزشکی کردستان - سنندج
1395,تجربی,5226,916,منطقه 3,پزشکی,دانشگاه علوم پزشکی اراک
1395,تجربی,5226,916,منطقه 3,پزشکی - بومی استان کرمانشاه,دانشگاه علوم پزشکی کرمانشاه
1395,تجربی,5226,1724,منطقه 1,داروسازی,دانشگاه علوم پزشکی کرمانشاه
1395,تجربی,5226,1724,منطقه 1,پزشکی,دانشگاه علوم پزشکی قم
1395,تجربی,5226,2513,منطقه 2,پزشکی - بومی استان اذربایجان شرقی,دانشگاه علوم پزشکی تبریز
1395,تجربی,5226,2513,منطقه 2,پزشکی - بومی استان اردبیل,دانشگاه علوم پزشکی اردبیل
1395,تجربی,5235,919,منطقه 3,دندانپزشکی,دانشگاه علوم پزشکی قزوین
1395,تجربی,5235,1727,منطقه 1,پزشکی,دانشگاه علوم پزشکی گیلان - رشت (محل تحصیل بندرانزلی)
1395,تجربی,5235,2517,منطقه 2,دندانپزشکی - بومی استان خراسان رضوی,دانشگاه علوم پزشکی مشهد
1395,تجربی,5241,921,منطقه 3,داروسازی,دانشگاه علوم پزشکی بندرعباس
1395,تجربی,5241,921,منطقه 3,داروسازی,دانشگاه علوم پزشکی شیراز
1395,تجربی,5241,921,منطقه 3,پزشکی - بومی استان خراسان رضوی,دانشگاه علوم پزشکی مشهد
1395,تجربی,5249,924,منطقه 3,پزشکی,دانشگاه علوم پزشکی جیرفت
1395,تجربی,5249,924,منطقه 3,پزشکی,دانشگاه علوم پزشکی گناباد
1395,تجربی,5249,924,منطقه 3,پزشکی - بومی استان لرستان,دانشگاه علوم پزشکی لرستان - خرم آباد
1395,تجربی,5249,2522,منطقه 2,داروسازی,دانشگاه علوم پزشکی مازندران - ساری
1395,تجربی,5249,2522,منطقه 2,پزشکی,دانشگاه علوم پزشکی گلستان - گرگان
1395,تجربی,5249,2522,منطقه 2,پزشکی - بومی استان اذربایجان شرقی,دانشگاه علوم پزشکی تبریز
1395,تجربی,5257,1732,منطقه 1,دندانپزشکی,دانشگاه علوم پزشکی زنجان
1395,تجربی,5263,1736,منطقه 1,دندانپزشکی,دانشگاه علوم پزشکی یزد
1395,تجربی,5263,1736,منطقه 1,پزشکی,دانشگاه علوم پزشکی شیراز
1395,تجربی,5263,2528,منطقه 2,داروسازی,دانشگاه علوم پزشکی لرستان - خرم آباد
1395,تجربی,5270,2530,منطقه 2,دندانپزشکی - بومی استان اردبیل,دانشگاه علوم پزشکی اردبیل
1395,تجربی,5270,2530,منطقه 2,پزشکی,دانشگاه علوم پزشکی گیلان - رشت (محل تحصیل بندرانزلی)
1395,تجربی,5275,929,منطقه 3,پزشکی - بومی استان اردبیل,دانشگاه علوم پزشکی اردبیل
1395,تجربی,5275,929,منطقه 3,پزشکی - بومی استان گیلان,دانشگاه علوم پزشکی گیلان - رشت
1395,تجربی,5275,1740,منطقه 1,دندانپزشکی,دانشگاه علوم پزشکی زنجان
1395,تجربی,5275,2533,منطقه 2,داروسازی,دانشگاه علوم پزشکی مازندران - ساری
1395,تجربی,5280,931,منطقه 3,داروسازی,دانشگاه علوم پزشکی کرمان
1395,تجربی,5284,2536,منطقه 2,دندانپزشکی,دانشگاه علوم پزشکی همدان
1395,تجربی,5287,1745,منطقه 1,داروسازی - محل تحصیل پردیس خودگردان دانشگاه علوم پزشکی تبریز,دانشگاه علوم پزشکی تبریز
1395,تجربی,5293,933,منطقه 3,پزشکی,دانشگاه علوم پزشکی بقیه الله
1395,تجربی,5293,2539,منطقه 2,داروسازی - بومی استان مازندران,دانشگاه علوم پزشکی مازندران - ساری
1395,تجربی,5302,2543,منطقه 2,داروسازی,دانشگاه علوم پزشکی لرستان - خرم آباد
1395,تجربی,5310,1756,منطقه 1,داروسازی,دانشگاه علوم پزشکی ارومیه
1395,تجربی,5310,2547,منطقه 2,دندانپزشکی - بومی استان یزد,دانشگاه علوم پزشکی یزد
1395,تجربی,5310,2547,منطقه 2,پزشکی,دانشگاه علوم پزشکی قم
1395,تجربی,5319,1759,منطقه 1,داروسازی,دانشگاه علوم پزشکی مازندران - ساری
1395,تجربی,5319,1759,منطقه 1,داروسازی - محل تحصیل پردیس خودگردان دانشگاه علوم پزشکی تبریز,دانشگاه علوم پزشکی تبریز
1395,تجربی,5319,2552,منطقه 2,پزشکی,دانشگاه علوم پزشکی اراک
1395,تجربی,5328,936,منطقه 3,دندانپزشکی,دانشگاه علوم پزشکی زنجان
1395,تجربی,5328,1762,منطقه 1,دندانپزشکی - بومی استان خراسان رضوی,دانشگاه علوم پزشکی مشهد
1395,تجربی,5328,2556,منطقه 2,دندانپزشکی,دانشگاه علوم پزشکی همدان
1395,تجربی,5328,2556,منطقه 2,پزشکی - بومی استان یزد,دانشگاه علوم پزشکی یزد
1395,تجربی,5336,938,منطقه 3,پزشکی - بومی استان اذربایجان شرقی,دانشگاه علوم پزشکی تبریز
1395,تجربی,5336,2559,منطقه 2,دندانپزشکی - بومی استان خوزستان,دانشگاه علوم پزشکی جندی شاپور اهواز
1395,تجربی,5348,939,منطقه 3,پزشکی - بومی استان اردبیل,دانشگاه علوم پزشکی اردبیل
1395,تجربی,5348,1771,منطقه 1,پزشکی,دانشگاه علوم پزشکی شیراز
1395,تجربی,5348,1771,منطقه 1,پزشکی - بومی استان اذربایجان شرقی,دانشگاه علوم پزشکی تبریز
1395,تجربی,5348,2564,منطقه 2,داروسازی - بومی استان گیلان,دانشگاه علوم پزشکی گیلان - رشت
1395,تجربی,5348,2564,منطقه 2,پزشکی,دانشگاه علوم پزشکی همدان
1395,تجربی,5357,2568,منطقه 2,پزشکی - بومی استان اصفهان,دانشگاه علوم پزشکی اصفهان
1395,تجربی,5364,2572,منطقه 2,پزشکی,دانشگاه علوم پزشکی خراسان شمالی - بجنورد
1395,تجربی,5364,2572,منطقه 2,پزشکی - بومی استان همدان,دانشگاه علوم پزشکی همدان
1395,تجربی,5375,942,منطقه 3,داروسازی,دانشگاه علوم پزشکی اصفهان
1395,تجربی,5375,942,منطقه 3,پزشکی,دانشگاه علوم پزشکی دزفول
1395,تجربی,5375,942,منطقه 3,پزشکی - نیمسال دوم,دانشگاه علوم پزشکی اراک
1395,تجربی,5375,942,منطقه 3,پزشکی - نیمسال دوم,دانشگاه علوم پزشکی بندرعباس
1395,تجربی,5375,2577,منطقه 2,دندانپزشکی,دانشگاه علوم پزشکی جندی شاپور - اهواز
1395,تجربی,5383,945,منطقه 3,دندانپزشکی - بومی استان ایلام,دانشگاه علوم پزشکی ایلام
1395,تجربی,5383,945,منطقه 3,پزشکی - بومی استان ایلام,دانشگاه علوم پزشکی ایلام
1395,تجربی,5383,2580,منطقه 2,پزشکی - بومی استان خراسان رضوی,دانشگاه علوم پزشکی مشهد
1395,تجربی,5389,947,منطقه 3,دندانپزشکی - نیمسال اول,دانشگاه علوم پزشکی زاهدان
1395,تجربی,5389,1786,منطقه 1,فیزیوتراپی,دانشگاه علوم پزشکی شیراز
1395,تجربی,5389,1786,منطقه 1,پزشکی,دانشگاه علوم پزشکی قزوین
1395,تجربی,5396,948,منطقه 3,پزشکی - بومی استان خراسان شمالی,دانشگاه علوم پزشکی خراسان شمالی - بجنورد
1395,تجربی,5396,2584,منطقه 2,دندانپزشکی,دانشگاه علوم پزشکی جندی شاپور - اهواز
1395,تجربی,5396,2584,منطقه 2,پزشکی,دانشگاه علوم پزشکی جیرفت
1395,تجربی,5404,950,منطقه 3,پزشکی,دانشگاه علوم پزشکی بقیه الله
1395,تجربی,5404,950,منطقه 3,پزشکی - بومی استان لرستان,دانشگاه علوم پزشکی لرستان - خرم آباد
1395,تجربی,5404,2587,منطقه 2,کاردرمانی,دانشگاه علوم پزشکی شیراز
1395,تجربی,5409,952,منطقه 3,پزشکی - بومی استان بوشهر,دانشگاه علوم پزشکی بوشهر
1395,تجربی,5414,953,منطقه 3,پزشکی - نیمسال دوم,دانشگاه علوم پزشکی اراک
1395,تجربی,5414,2591,منطقه 2,فیزیوتراپی,دانشگاه علوم پزشکی شهید بهشتی - تهران
1395,تجربی,5421,2595,منطقه 2,دامپزشکی,دانشگاه تهران
1395,تجربی,5426,1799,منطقه 1,فیزیوتراپی,دانشگاه علوم پزشکی شهید بهشتی - تهران
1395,تجربی,5432,1801,منطقه 1,دندانپزشکی - بومی استان اصفهان,دانشگاه علوم پزشکی کاشان
1395,تجربی,5432,2600,منطقه 2,داروسازی - بومی استان مازندران,دانشگاه علوم پزشکی مازندران - ساری
1395,تجربی,5441,2604,منطقه 2,پزشکی,دانشگاه علوم پزشکی جیرفت
1395,تجربی,5441,2604,منطقه 2,پزشکی - بومی استان کردستان,دانشگاه علوم پزشکی کردستان - سنندج
1395,تجربی,5449,957,منطقه 3,داروسازی,دانشگاه علوم پزشکی همدان
1395,تجربی,5449,2606,منطقه 2,دندانپزشکی - بومی استان قزوین,دانشگاه علوم پزشکی قزوین
1395,تجربی,5458,960,منطقه 3,دندانپزشکی,دانشگاه علوم پزشکی کردستان - سنندج
1395,تجربی,5458,960,منطقه 3,پزشکی - بومی استان گلستان,دانشگاه علوم پزشکی گلستان - گرگان
1395,تجربی,5458,960,منطقه 3,پزشکی - نیمسال دوم,دانشگاه علوم پزشکی لرستان - خرم آباد
1395,تجربی,5458,2610,منطقه 2,داروسازی,علوم پزشکی مازندران - ساری -(محل تحصیل رامسر)
1395,تجربی,5458,2610,منطقه 2,پزشکی,دانشگاه علوم پزشکی کرمانشاه
1395,تجربی,5458,2610,منطقه 2,پزشکی - نیمسال اول,دانشگاه علوم پزشکی تبریز
1395,تجربی,5468,962,منطقه 3,داروسازی,دانشگاه علوم پزشکی کرمان
1395,تجربی,5475,1817,منطقه 1,داروسازی,دانشگاه علوم پزشکی یزد
1395,تجربی,5475,2617,منطقه 2,فیزیوتراپی,دانشگاه علوم پزشکی ایران
1395,تجربی,5481,966,منطقه 3,پزشکی,دانشکده علوم پزشکی آبادان
1395,تجربی,5481,966,منطقه 3,پزشکی - بومی استان کهگیلویه وبویر احمد,دانشگاه علوم پزشکی یاسوج
1395,تجربی,5481,966,منطقه 3,پزشکی - نیمسال دوم,دانشگاه علوم پزشکی بندرعباس
1395,تجربی,5481,2620,منطقه 2,پزشکی - بومی استان همدان,دانشگاه علوم پزشکی همدان
1395,تجربی,5481,2620,منطقه 2,پزشکی - نیمسال اول,دانشگاه علوم پزشکی تبریز
1395,تجربی,5490,969,منطقه 3,پزشکی - بومی استان گلستان,دانشگاه علوم پزشکی گلستان - گرگان
1395,تجربی,5490,1821,منطقه 1,پزشکی,دانشگاه علوم پزشکی اردبیل
1395,تجربی,5490,1821,منطقه 1,پزشکی,علوم پزشکی مازندران - ساری -(محل تحصیل رامسر)
1395,تجربی,5490,2624,منطقه 2,داروسازی - بومی استان مازندران,دانشگاه علوم پزشکی مازندران - ساری
1395,تجربی,5500,2628,منطقه 2,داروسازی,دانشگاه علوم پزشکی لرستان - خرم آباد
1395,تجربی,5500,2628,منطقه 2,پزشکی,دانشگاه علوم پزشکی اصفهان
1395,تجربی,5500,2628,منطقه 2,پزشکی,دانشگاه علوم پزشکی مشهد
1395,تجربی,5500,2628,منطقه 2,پزشکی - بومی استان لرستان,دانشگاه علوم پزشکی لرستان - خرم آباد
1395,تجربی,5500,2628,منطقه 2,پزشکی - بومی استان کرمانشاه,دانشگاه علوم پزشکی کرمانشاه
1395,تجربی,5509,2633,منطقه 2,داروسازی,دانشگاه علوم پزشکی زنجان
1395,تجربی,5509,2633,منطقه 2,پزشکی,دانشگاه علوم پزشکی جندی شاپور - اهواز
1395,تجربی,5517,974,منطقه 3,دندانپزشکی - بومی استان خراسان رضوی,دانشگاه علوم پزشکی مشهد
1395,تجربی,5517,974,منطقه 3,فیزیوتراپی,دانشگاه علوم پزشکی تهران
1395,تجربی,5517,974,منطقه 3,پزشکی - بومی استان کهگیلویه وبویر احمد,دانشگاه علوم پزشکی یاسوج
1395,تجربی,5517,2637,منطقه 2,فیزیوتراپی,دانشگاه علوم پزشکی ایران
1395,تجربی,5517,2637,منطقه 2,پزشکی - بومی استان خراسان رضوی-دارای تعهد خدمت در تربت حیدریه,دانشگاه علوم پزشکی مشهد
1395,تجربی,5526,2644,منطقه 2,داروسازی,دانشگاه علوم پزشکی بندرعباس
1395,تجربی,5526,2644,منطقه 2,داروسازی,دانشگاه علوم پزشکی لرستان - خرم آباد
1395,تجربی,5526,2644,منطقه 2,پزشکی,دانشگاه علوم پزشکی همدان
1395,تجربی,5535,978,منطقه 3,داروسازی,دانشگاه علوم پزشکی شهیدبهشتی - تهران
1395,تجربی,5535,978,منطقه 3,پزشکی - بومی استان خراسان رضوی,دانشگاه علوم پزشکی مشهد
1395,تجربی,5535,978,منطقه 3,پزشکی - نیمسال اول,دانشگاه علوم پزشکی البرز - کرج
1395,تجربی,5535,2651,منطقه 2,داروسازی,دانشگاه علوم پزشکی شیراز
1395,تجربی,5535,2651,منطقه 2,دندانپزشکی,دانشگاه علوم پزشکی گیلان - رشت (محل تحصیل بندرانزلی)
1395,تجربی,5535,2651,منطقه 2,فیزیوتراپی,دانشگاه علوم پزشکی ایران
1395,تجربی,5535,2651,منطقه 2,پزشکی,دانشگاه علوم پزشکی بندرعباس
1395,تجربی,5543,980,منطقه 3,دندانپزشکی - محل تحصیل پردیس خودگردان دانشگاه واقع درتهران,دانشگاه علوم پزشکی شهیدبهشتی - تهران
1395,تجربی,5543,2656,منطقه 2,داروسازی,دانشگاه علوم پزشکی زنجان
1395,تجربی,5543,2656,منطقه 2,پزشکی,دانشگاه علوم پزشکی بابل
1395,تجربی,5552,982,منطقه 3,پزشکی,دانشگاه علوم پزشکی رفسنجان
1395,تجربی,5552,982,منطقه 3,پزشکی - بومی استان گلستان,دانشگاه علوم پزشکی گلستان - گرگان
1395,تجربی,5552,982,منطقه 3,پزشکی - نیمسال دوم,دانشگاه علوم پزشکی لرستان - خرم آباد
1395,تجربی,5552,2660,منطقه 2,پزشکی,دانشگاه علوم پزشکی بابل
1395,تجربی,5552,2660,منطقه 2,پزشکی - نیمسال اول,دانشگاه علوم پزشکی شاهرود
1395,تجربی,5562,1835,منطقه 1,داروسازی,دانشگاه علوم پزشکی کرمان
1395,تجربی,5569,1839,منطقه 1,داروسازی,دانشگاه علوم پزشکی مازندران - ساری
1395,تجربی,5569,1839,منطقه 1,داروسازی,دانشگاه علوم پزشکی کرمان
1395,تجربی,5569,2666,منطقه 2,پزشکی,دانشگاه علوم پزشکی مشهد
1395,تجربی,5579,990,منطقه 3,پزشکی,دانشگاه علوم پزشکی زنجان
1395,تجربی,5579,1844,منطقه 1,دندانپزشکی,دانشگاه علوم پزشکی گیلان - رشت (محل تحصیل بندرانزلی)
1395,تجربی,5579,2668,منطقه 2,پزشکی - بومی استان فارس,دانشگاه علوم پزشکی جهرم
1395,تجربی,5590,78,ایثارگران,دندانپزشکی,دانشگاه علوم پزشکی کرمانشاه
1395,تجربی,5590,993,منطقه 3,دندانپزشکی - بومی استان کرمانشاه,دانشگاه علوم پزشکی کرمانشاه
1395,تجربی,5601,995,منطقه 3,فیزیوتراپی,دانشگاه علوم پزشکی تهران
1395,تجربی,5601,1854,منطقه 1,داروسازی,دانشگاه علوم پزشکی اردبیل
1395,تجربی,5601,2675,منطقه 2,دندانپزشکی - بومی استان اردبیل,دانشگاه علوم پزشکی اردبیل
1395,تجربی,5601,2675,منطقه 2,پزشکی - بومی استان کرمان,دانشگاه علوم پزشکی کرمان
1395,تجربی,5601,2675,منطقه 2,پزشکی - محل تحصیل آران و بیدگل,دانشگاه علوم پزشکی کاشان
1395,تجربی,5612,996,منطقه 3,پزشکی - بومی استان خراسان رضوی,دانشگاه علوم پزشکی مشهد
1395,تجربی,5612,1858,منطقه 1,علوم آزمایشگاهی,دانشگاه علوم پزشکی تهران
1395,تجربی,5612,2680,منطقه 2,دندانپزشکی,دانشگاه علوم پزشکی اردبیل
1395,تجربی,5612,2680,منطقه 2,پزشکی - بومی استان کردستان,دانشگاه علوم پزشکی کردستان - سنندج
1395,تجربی,5619,2683,منطقه 2,پزشکی,دانشگاه علوم پزشکی شیراز
1395,تجربی,5628,1864,منطقه 1,داروسازی,دانشگاه علوم پزشکی جندی شاپور اهواز
1395,تجربی,5628,1864,منطقه 1,زیست فناوری,دانشگاه تهران
1395,تجربی,5628,2688,منطقه 2,دبیری شیمی - بومی استان اذربایجان غربی,پردیس نسیبه - تهران
1395,تجربی,5628,2688,منطقه 2,دندانپزشکی - بومی استان یزد,دانشگاه علوم پزشکی یزد
1395,تجربی,5638,999,منطقه 3,داروسازی - بومی استان اذربایجان غربی,دانشگاه علوم پزشکی ارومیه
1395,تجربی,5638,2693,منطقه 2,پزشکی,دانشگاه علوم پزشکی کردستان - سنندج
1395,تجربی,5638,2693,منطقه 2,پزشکی - بومی استان سمنان,دانشگاه علوم پزشکی شاهرود
1395,تجربی,5646,1871,منطقه 1,داروسازی,دانشگاه علوم پزشکی مشهد
1395,تجربی,5646,2697,منطقه 2,داروسازی,دانشگاه علوم پزشکی مازندران - ساری
1395,تجربی,5652,1874,منطقه 1,داروسازی,دانشگاه علوم پزشکی مازندران - ساری
1395,تجربی,5659,1002,منطقه 3,دندانپزشکی - بومی استان لرستان,دانشگاه علوم پزشکی لرستان - خرم آباد
1395,تجربی,5659,1877,منطقه 1,بینایی سنجی,دانشگاه علوم پزشکی شهید بهشتی - تهران
1395,تجربی,5659,2701,منطقه 2,دندانپزشکی,دانشگاه علوم پزشکی همدان
1395,تجربی,5659,2701,منطقه 2,دندانپزشکی - بومی استان کردستان,دانشگاه علوم پزشکی کردستان - سنندج
1395,تجربی,5659,2701,منطقه 2,مامایی,دانشگاه علوم پزشکی تهران
1395,تجربی,5659,2701,منطقه 2,پزشکی,دانشگاه علوم پزشکی ارومیه
1395,تجربی,5659,2701,منطقه 2,پزشکی,دانشگاه علوم پزشکی شیراز
1395,تجربی,5669,1003,منطقه 3,پزشکی - بومی استان گلستان,دانشگاه علوم پزشکی گلستان - گرگان
1395,تجربی,5669,2707,منطقه 2,دندانپزشکی,دانشگاه علوم پزشکی یزد
1395,تجربی,5669,2707,منطقه 2,پزشکی - بومی استان قزوین,دانشگاه علوم پزشکی قزوین
1395,تجربی,5677,1882,منطقه 1,پزشکی,دانشگاه علوم پزشکی اراک
1395,تجربی,5677,1882,منطقه 1,پزشکی,دانشگاه علوم پزشکی یاسوج
1395,تجربی,5677,2713,منطقه 2,داروسازی - بومی استان گیلان,دانشگاه علوم پزشکی گیلان - رشت
1395,تجربی,5688,1005,منطقه 3,داروسازی,دانشگاه علوم پزشکی شیراز
1395,تجربی,5688,1886,منطقه 1,فیزیوتراپی,دانشگاه علوم پزشکی ایران
1395,تجربی,5688,2717,منطقه 2,دندانپزشکی,دانشگاه علوم پزشکی زنجان
1395,تجربی,5696,1008,منطقه 3,پزشکی,دانشگاه علوم پزشکی مشهد
1395,تجربی,5696,2721,منطقه 2,پزشکی,دانشگاه علوم پزشکی گلستان - گرگان
1395,تجربی,5703,1009,منطقه 3,دندانپزشکی,دانشگاه علوم پزشکی مازندران - ساری
1395,تجربی,5712,1011,منطقه 3,پزشکی,دانشگاه علوم پزشکی بقیه الله
1395,تجربی,5712,1011,منطقه 3,پزشکی,دانشگاه علوم پزشکی رفسنجان
1395,تجربی,5712,1011,منطقه 3,پزشکی - بومی استان کهگیلویه وبویر احمد,دانشگاه علوم پزشکی یاسوج
1395,تجربی,5712,2732,منطقه 2,داروسازی,دانشگاه علوم پزشکی جندی شاپور اهواز
1395,تجربی,5712,2732,منطقه 2,دندانپزشکی - بومی استان لرستان,دانشگاه علوم پزشکی لرستان - خرم آباد
1395,تجربی,5712,2732,منطقه 2,فیزیوتراپی,دانشگاه علوم پزشکی ایران
1395,تجربی,5720,1013,منطقه 3,دندانپزشکی,دانشگاه علوم پزشکی لرستان - خرم آباد
1395,تجربی,5720,1013,منطقه 3,پزشکی,دانشگاه علوم پزشکی رفسنجان
1395,تجربی,5720,2736,منطقه 2,داروسازی,دانشگاه علوم پزشکی ارومیه
1395,تجربی,5727,1894,منطقه 1,پزشکی,دانشگاه علوم پزشکی بابل
1395,تجربی,5727,2739,منطقه 2,پزشکی,دانشگاه علوم پزشکی گیلان - رشت (محل تحصیل بندرانزلی)
1395,تجربی,5735,2743,منطقه 2,داروسازی,دانشگاه علوم پزشکی کرمان
1395,تجربی,5735,2743,منطقه 2,پزشکی - بومی استان کرمانشاه,دانشگاه علوم پزشکی کرمانشاه
1395,تجربی,5745,2749,منطقه 2,داروسازی,دانشگاه علوم پزشکی لرستان - خرم آباد
1395,تجربی,5745,2749,منطقه 2,پزشکی - بومی استان فارس,دانشگاه علوم پزشکی جهرم
1395,تجربی,5754,1018,منطقه 3,داروسازی,دانشگاه علوم پزشکی بندرعباس
1395,تجربی,5757,1904,منطقه 1,پزشکی - بومی استان فارس,دانشگاه علوم پزشکی جهرم
1395,تجربی,5764,1020,منطقه 3,فیزیوتراپی,دانشگاه علوم پزشکی ایران
1395,تجربی,5764,1020,منطقه 3,پزشکی,دانشگاه علوم پزشکی رفسنجان
1395,تجربی,5764,1908,منطقه 1,علوم تغذیه,دانشگاه علوم پزشکی جندی شاپور اهواز
1395,تجربی,5764,2756,منطقه 2,فیزیوتراپی,دانشگاه علوم پزشکی شیراز
1395,تجربی,5764,2756,منطقه 2,پزشکی - بومی استان همدان,دانشگاه علوم پزشکی همدان
1395,تجربی,5776,1023,منطقه 3,پزشکی - بومی استان خراسان رضوی,دانشگاه علوم پزشکی مشهد
1395,تجربی,5776,1023,منطقه 3,پزشکی - نیمسال دوم,دانشگاه علوم پزشکی ایلام
1395,تجربی,5776,1913,منطقه 1,داروسازی,دانشگاه علوم پزشکی مشهد
1395,تجربی,5776,2760,منطقه 2,پزشکی - محل تحصیل احمدآباد مشیر,دانشگاه علوم پزشکی یزد
1395,تجربی,5776,2760,منطقه 2,پزشکی - نیمسال دوم,دانشگاه علوم پزشکی تبریز
1395,تجربی,5786,1917,منطقه 1,دندانپزشکی - بومی استان اذربایجان شرقی,دانشگاه علوم پزشکی تبریز
1395,تجربی,5786,2764,منطقه 2,داروسازی,دانشگاه علوم پزشکی زنجان
1395,تجربی,5795,1921,منطقه 1,داروسازی,دانشگاه علوم پزشکی گیلان - رشت
1395,تجربی,5795,2768,منطقه 2,داروسازی,دانشگاه علوم پزشکی همدان
1395,تجربی,5795,2768,منطقه 2,پزشکی,دانشگاه علوم پزشکی بابل
1395,تجربی,5807,1926,منطقه 1,داروسازی,دانشگاه علوم پزشکی مشهد
1395,تجربی,5807,2774,منطقه 2,داروسازی,دانشگاه علوم پزشکی کرمانشاه
1395,تجربی,5807,2774,منطقه 2,پزشکی,دانشگاه علوم پزشکی بابل
1395,تجربی,5817,2779,منطقه 2,فیزیوتراپی,دانشگاه علوم پزشکی ایران
1395,تجربی,5825,1934,منطقه 1,پزشکی - بومی استان اصفهان,دانشگاه علوم پزشکی اصفهان
1395,تجربی,5825,2782,منطقه 2,پزشکی - بومی استان فارس,دانشگاه علوم پزشکی جهرم
1395,تجربی,5833,1937,منطقه 1,داروسازی,دانشگاه علوم پزشکی کرمانشاه
1395,تجربی,5833,2785,منطقه 2,داروسازی,دانشگاه علوم پزشکی کرمان
1395,تجربی,5833,2785,منطقه 2,پزشکی,علوم پزشکی مازندران - ساری -(محل تحصیل رامسر)
1395,تجربی,5841,1033,منطقه 3,پزشکی - بومی استان خوزستان,دانشگاه علوم پزشکی جندی شاپور اهواز
1395,تجربی,5841,1941,منطقه 1,داروسازی - بومی استان خراسان رضوی,دانشگاه علوم پزشکی مشهد
1395,تجربی,5841,2787,منطقه 2,پزشکی,دانشگاه علوم پزشکی جندی شاپور - اهواز
1395,تجربی,5848,1944,منطقه 1,پزشکی - بومی استان اذربایجان شرقی,دانشگاه علوم پزشکی تبریز
1395,تجربی,5848,2789,منطقه 2,پزشکی,دانشگاه علوم پزشکی اردبیل
1395,تجربی,5856,2792,منطقه 2,پزشکی,دانشگاه علوم پزشکی اردبیل
1395,تجربی,5856,2792,منطقه 2,پزشکی - بومی استان یزد,دانشگاه علوم پزشکی یزد
1395,تجربی,5870,1037,منطقه 3,دندانپزشکی,دانشگاه علوم پزشکی رفسنجان
1395,تجربی,5870,2800,منطقه 2,پزشکی,دانشگاه علوم پزشکی ارومیه
1395,تجربی,5878,1039,منطقه 3,پزشکی - بومی استان کرمانشاه,دانشگاه علوم پزشکی کرمانشاه
1395,تجربی,5878,2806,منطقه 2,فیزیوتراپی,دانشگاه علوم پزشکی شیراز
1395,تجربی,5878,2806,منطقه 2,پزشکی,دانشگاه علوم پزشکی قزوین
1395,تجربی,5885,1040,منطقه 3,پزشکی - بومی استان کرمانشاه,دانشگاه علوم پزشکی کرمانشاه
1395,تجربی,5885,1955,منطقه 1,داروسازی,دانشگاه علوم پزشکی لرستان - خرم آباد
1395,تجربی,5885,1955,منطقه 1,فیزیوتراپی,دانشگاه علوم بهزیستی و توانبخشی تهران
1395,تجربی,5885,1955,منطقه 1,پزشکی,دانشگاه علوم پزشکی شهرکرد
1395,تجربی,5895,1041,منطقه 3,پزشکی - بومی استان خراسان جنوبی,دانشگاه علوم پزشکی بیرجند
1395,تجربی,5895,2813,منطقه 2,دندانپزشکی,دانشگاه علوم پزشکی جندی شاپور - اهواز
1395,تجربی,5895,2813,منطقه 2,فیزیوتراپی,دانشگاه علوم پزشکی شیراز
1395,تجربی,5909,1964,منطقه 1,شنوایی شناسی,دانشگاه علوم پزشکی اصفهان
1395,تجربی,5909,2821,منطقه 2,پزشکی,دانشگاه علوم پزشکی شیراز
1395,تجربی,5916,1967,منطقه 1,داروسازی - بومی استان خراسان رضوی,دانشگاه علوم پزشکی مشهد
1395,تجربی,5916,2824,منطقه 2,پزشکی - بومی استان همدان,دانشگاه علوم پزشکی همدان
1395,تجربی,5924,1045,منطقه 3,پزشکی - بومی استان اردبیل,دانشگاه علوم پزشکی اردبیل
1395,تجربی,5935,1047,منطقه 3,پزشکی - نیمسال دوم,دانشگاه علوم پزشکی ایلام
1395,تجربی,5935,1971,منطقه 1,داروسازی - محل تحصیل پردیس خودگردان دانشگاه علوم پزشکی تبریز,دانشگاه علوم پزشکی تبریز
1395,تجربی,5947,1976,منطقه 1,داروسازی,دانشگاه علوم پزشکی یزد
1395,تجربی,5947,2838,منطقه 2,فیزیوتراپی,دانشگاه علوم بهزیستی و توانبخشی تهران
1395,تجربی,5957,1052,منطقه 3,دبیری زیست شناسی - بومی استان لرستان,پردیس فاطمه الزهرا (س) - اصفهان
1395,تجربی,5957,1052,منطقه 3,پزشکی - نیمسال اول,دانشگاه علوم پزشکی البرز - کرج
1395,تجربی,5957,2842,منطقه 2,دندانپزشکی - بومی استان گلستان,دانشگاه علوم پزشکی گلستان - گرگان
1395,تجربی,5957,2842,منطقه 2,فیزیوتراپی,دانشگاه علوم پزشکی تبریز
1395,تجربی,5957,2842,منطقه 2,پزشکی,دانشگاه علوم پزشکی ارومیه
1395,تجربی,5963,2846,منطقه 2,دندانپزشکی - بومی استان کردستان,دانشگاه علوم پزشکی کردستان - سنندج
1395,تجربی,5969,1056,منطقه 3,دندانپزشکی,دانشگاه علوم پزشکی گلستان - گرگان
1395,تجربی,5969,1056,منطقه 3,پزشکی - بومی استان اردبیل,دانشگاه علوم پزشکی اردبیل
1395,تجربی,5969,2848,منطقه 2,دندانپزشکی - بومی استان سمنان,دانشگاه علوم پزشکی سمنان
1395,تجربی,5978,1985,منطقه 1,پزشکی - محل تحصیل احمدآباد مشیر,دانشگاه علوم پزشکی یزد
1395,تجربی,5978,2852,منطقه 2,پزشکی,دانشگاه علوم پزشکی همدان
1395,تجربی,5978,2852,منطقه 2,پزشکی - بومی استان کرمان,دانشگاه علوم پزشکی کرمان
1395,تجربی,5988,1059,منطقه 3,دندانپزشکی - نیمسال دوم,دانشگاه علوم پزشکی زاهدان
1395,تجربی,5988,1059,منطقه 3,پزشکی - بومی استان خراسان رضوی,دانشگاه علوم پزشکی مشهد
1395,تجربی,5988,1989,منطقه 1,پزشکی,دانشگاه علوم پزشکی فسا
1395,تجربی,5988,2857,منطقه 2,دندانپزشکی,دانشگاه علوم پزشکی شیراز
1395,تجربی,5988,2857,منطقه 2,پزشکی,دانشگاه علوم پزشکی بابل
1395,تجربی,5997,1061,منطقه 3,پزشکی,دانشگاه علوم پزشکی یاسوج
1395,تجربی,5997,2861,منطقه 2,پزشکی,دانشگاه علوم پزشکی بابل
1395,تجربی,6003,1993,منطقه 1,پزشکی,دانشگاه علوم پزشکی سبزوار
1395,تجربی,6003,2864,منطقه 2,فیزیوتراپی,دانشگاه علوم پزشکی شیراز
1395,تجربی,6010,1063,منطقه 3,داروسازی - بومی استان خراسان رضوی,دانشگاه علوم پزشکی مشهد
1395,تجربی,6010,2867,منطقه 2,بینایی سنجی,دانشگاه علوم پزشکی شهید بهشتی - تهران
1395,تجربی,6010,2867,منطقه 2,پزشکی,دانشگاه علوم پزشکی گیلان - رشت (محل تحصیل بندرانزلی)
1395,تجربی,6021,1065,منطقه 3,فیزیوتراپی,دانشگاه علوم پزشکی تبریز
1395,تجربی,6021,1065,منطقه 3,پزشکی - بومی استان خراسان رضوی,دانشگاه علوم پزشکی مشهد
1395,تجربی,6021,2000,منطقه 1,داروسازی,دانشگاه علوم پزشکی اصفهان
1395,تجربی,6021,2872,منطقه 2,داروسازی,دانشگاه علوم پزشکی تهران
1395,تجربی,6021,2872,منطقه 2,فیزیوتراپی,دانشگاه علوم پزشکی اصفهان
1395,تجربی,6021,2872,منطقه 2,پزشکی - بومی استان لرستان,دانشگاه علوم پزشکی لرستان - خرم آباد
1395,تجربی,6030,1067,منطقه 3,پزشکی - بومی استان خوزستان,دانشگاه علوم پزشکی جندی شاپور اهواز
1395,تجربی,6030,2877,منطقه 2,فیزیوتراپی,دانشگاه علوم پزشکی شیراز
1395,تجربی,6037,2881,منطقه 2,داروسازی,دانشگاه علوم پزشکی کرمانشاه
1395,تجربی,6037,2881,منطقه 2,علوم آزمایشگاهی,دانشگاه علوم پزشکی تهران
1395,تجربی,6037,2881,منطقه 2,پزشکی - محل تحصیل احمدآباد مشیر,دانشگاه علوم پزشکی یزد
1395,تجربی,6043,1070,منطقه 3,پزشکی,دانشگاه علوم پزشکی جیرفت
1395,تجربی,6043,1070,منطقه 3,پزشکی - نیمسال اول,دانشگاه علوم پزشکی زاهدان
1395,تجربی,6043,2883,منطقه 2,پزشکی - نیمسال اول,دانشگاه علوم پزشکی شاهرود
1395,تجربی,6052,2008,منطقه 1,داروسازی - محل تحصیل پردیس خودگردان دانشگاه علوم پزشکی تبریز,دانشگاه علوم پزشکی تبریز
1395,تجربی,6052,2888,منطقه 2,داروسازی,دانشگاه علوم پزشکی لرستان - خرم آباد
1395,تجربی,6052,2888,منطقه 2,پزشکی,دانشگاه علوم پزشکی بابل
1395,تجربی,6052,2888,منطقه 2,پزشکی,دانشگاه علوم پزشکی کردستان - سنندج
1395,تجربی,6061,1076,منطقه 3,داروسازی,دانشگاه علوم پزشکی کرمانشاه
1395,تجربی,6061,1076,منطقه 3,پزشکی - بومی استان اردبیل,دانشگاه علوم پزشکی اردبیل
1395,تجربی,6061,2892,منطقه 2,پزشکی - بومی زاهدان,دانشگاه علوم پزشکی زاهدان
1395,تجربی,6072,1078,منطقه 3,پزشکی - نیمسال اول,دانشگاه علوم پزشکی زاهدان
1395,تجربی,6072,2014,منطقه 1,دندانپزشکی,دانشگاه علوم پزشکی گلستان - گرگان
1395,تجربی,6072,2014,منطقه 1,فیزیوتراپی,دانشگاه علوم پزشکی گیلان - رشت
1395,تجربی,6072,2895,منطقه 2,دامپزشکی,دانشگاه شهید چمران اهواز
1395,تجربی,6072,2895,منطقه 2,فیزیوتراپی,دانشگاه علوم بهزیستی و توانبخشی تهران
1395,تجربی,6072,2895,منطقه 2,پزشکی,دانشگاه علوم پزشکی بابل
1395,تجربی,6072,2895,منطقه 2,پزشکی,دانشگاه علوم پزشکی مشهد
1395,تجربی,6072,2895,منطقه 2,پزشکی - بومی استان زنجان,دانشگاه علوم پزشکی زنجان
1395,تجربی,6084,1080,منطقه 3,پزشکی - بومی استان خراسان رضوی,دانشگاه علوم پزشکی مشهد
1395,تجربی,6084,2901,منطقه 2,دندانپزشکی,دانشگاه علوم پزشکی شیراز
1395,تجربی,6096,1084,منطقه 3,دندانپزشکی,دانشگاه علوم پزشکی بابل
1395,تجربی,6096,1084,منطقه 3,پزشکی,دانشگاه علوم پزشکی زنجان
1395,تجربی,6096,1084,منطقه 3,پزشکی - بومی استان کهگیلویه وبویر احمد,دانشگاه علوم پزشکی یاسوج
1395,تجربی,6096,1084,منطقه 3,پزشکی - نیمسال دوم,دانشگاه علوم پزشکی سمنان
1395,تجربی,6096,2906,منطقه 2,فیزیوتراپی,دانشگاه علوم پزشکی تبریز
1395,تجربی,6096,2906,منطقه 2,پزشکی,دانشگاه علوم پزشکی دزفول
1395,تجربی,6107,1088,منطقه 3,پزشکی,دانشگاه علوم پزشکی رفسنجان
1395,تجربی,6107,2910,منطقه 2,داروسازی - بومی استان اردبیل,دانشگاه علوم پزشکی اردبیل
1395,تجربی,6107,2910,منطقه 2,پزشکی,دانشگاه علوم پزشکی اردبیل
1395,تجربی,6117,1091,منطقه 3,بینایی سنجی,دانشگاه علوم پزشکی زاهدان
1395,تجربی,6117,1091,منطقه 3,داروسازی,دانشگاه علوم پزشکی ارومیه
1395,تجربی,6117,1091,منطقه 3,پزشکی - بومی استان کهگیلویه وبویر احمد,دانشگاه علوم پزشکی یاسوج
1395,تجربی,6117,2025,منطقه 1,داروسازی - محل تحصیل پردیس خودگردان دانشگاه علوم پزشکی تبریز,دانشگاه علوم پزشکی تبریز
1395,تجربی,6117,2025,منطقه 1,پزشکی,دانشگاه علوم پزشکی گیلان - رشت (محل تحصیل بندرانزلی)
1395,تجربی,6126,2029,منطقه 1,دامپزشکی,دانشگاه فردوسی - مشهد
1395,تجربی,6126,2029,منطقه 1,پزشکی,دانشگاه علوم پزشکی فسا
1395,تجربی,6126,2915,منطقه 2,فیزیوتراپی,دانشگاه علوم پزشکی بابل
1395,تجربی,6135,1099,منطقه 3,داروسازی,دانشگاه علوم پزشکی جندی شاپور اهواز
1395,تجربی,6135,1099,منطقه 3,داروسازی,دانشگاه علوم پزشکی لرستان - خرم آباد
1395,تجربی,6135,1099,منطقه 3,پزشکی,دانشگاه علوم پزشکی رفسنجان
1395,تجربی,6135,1099,منطقه 3,پزشکی - بومی استان کرمانشاه,دانشگاه علوم پزشکی کرمانشاه
1395,تجربی,6135,1099,منطقه 3,پزشکی - بومی استان کهگیلویه وبویر احمد,دانشگاه علوم پزشکی یاسوج
1395,تجربی,6135,2032,منطقه 1,فیزیوتراپی,دانشگاه علوم پزشکی تبریز
1395,تجربی,6135,2916,منطقه 2,فیزیوتراپی,دانشگاه علوم پزشکی شیراز
1395,تجربی,6145,1104,منطقه 3,داروسازی,دانشگاه علوم پزشکی کرمان
1395,تجربی,6145,1104,منطقه 3,دندانپزشکی,دانشگاه علوم پزشکی تبریز
1395,تجربی,6145,1104,منطقه 3,پزشکی - بومی استان خراسان شمالی,دانشگاه علوم پزشکی خراسان شمالی - بجنورد
1395,تجربی,6145,2919,منطقه 2,داروسازی,دانشگاه علوم پزشکی لرستان - خرم آباد
1395,تجربی,6145,2919,منطقه 2,فیزیوتراپی,دانشگاه علوم پزشکی شیراز
1395,تجربی,6154,1108,منطقه 3,دندانپزشکی,دانشگاه علوم پزشکی تهران
1395,تجربی,6154,1108,منطقه 3,پزشکی - نیمسال دوم,دانشگاه علوم پزشکی البرز - کرج
1395,تجربی,6154,2036,منطقه 1,پرستاری - نیمسال اول,دانشگاه علوم پزشکی شهید بهشتی - تهران
1395,تجربی,6154,2036,منطقه 1,پزشکی,دانشگاه علوم پزشکی گناباد
1395,تجربی,6154,2923,منطقه 2,فیزیوتراپی,دانشگاه علوم پزشکی بابل
1395,تجربی,6163,1111,منطقه 3,دندانپزشکی,دانشگاه علوم پزشکی تبریز
1395,تجربی,6163,1111,منطقه 3,پزشکی - بومی استان کرمانشاه,دانشگاه علوم پزشکی کرمانشاه
1395,تجربی,6163,1111,منطقه 3,پزشکی - نیمسال دوم,دانشگاه علوم پزشکی ایلام
1395,تجربی,6163,2926,منطقه 2,پزشکی,دانشگاه علوم پزشکی مشهد
1395,تجربی,6171,2931,منطقه 2,فیزیوتراپی,دانشگاه علوم پزشکی مشهد
1395,تجربی,6171,2931,منطقه 2,پزشکی,دانشگاه علوم پزشکی بابل
1395,تجربی,6171,2931,منطقه 2,پزشکی,دانشگاه علوم پزشکی گلستان - گرگان
1395,تجربی,6171,2931,منطقه 2,پزشکی - بومی استان خراسان رضوی,دانشگاه علوم پزشکی مشهد
1395,تجربی,6179,2937,منطقه 2,پزشکی,دانشگاه علوم پزشکی جندی شاپور - اهواز
1395,تجربی,6190,1115,منطقه 3,داروسازی - بومی استان خراسان رضوی,دانشگاه علوم پزشکی مشهد
1395,تجربی,6190,1115,منطقه 3,داروسازی - نیمسال دوم,دانشگاه علوم پزشکی تبریز
1395,تجربی,6190,1115,منطقه 3,پزشکی - نیمسال اول,دانشگاه علوم پزشکی شهیدبهشتی - تهران
1395,تجربی,6190,2044,منطقه 1,دندانپزشکی,دانشگاه علوم پزشکی کرمانشاه
1395,تجربی,6190,2943,منطقه 2,داروسازی - بومی استان اصفهان,دانشگاه علوم پزشکی اصفهان
1395,تجربی,6190,2943,منطقه 2,دندانپزشکی - بومی استان کرمان,دانشگاه علوم پزشکی کرمان
1395,تجربی,6190,2943,منطقه 2,علوم آزمایشگاهی,دانشگاه علوم پزشکی مشهد
1395,تجربی,6190,2943,منطقه 2,پزشکی,دانشگاه علوم پزشکی بابل
1395,تجربی,6190,2943,منطقه 2,پزشکی - بومی استان خراسان جنوبی,دانشگاه علوم پزشکی بیرجند
1395,تجربی,6202,1117,منطقه 3,پزشکی - بومی استان ایلام,دانشگاه علوم پزشکی ایلام
1395,تجربی,6202,2048,منطقه 1,مامایی,دانشگاه علوم پزشکی مشهد
1395,تجربی,6202,2048,منطقه 1,پزشکی,دانشگاه علوم پزشکی فسا
1395,تجربی,6202,2949,منطقه 2,بینایی سنجی,دانشگاه علوم پزشکی ایران
1395,تجربی,6209,2953,منطقه 2,پزشکی,دانشگاه علوم پزشکی زنجان
1395,تجربی,6209,2953,منطقه 2,پزشکی - بومی استان کرمانشاه,دانشگاه علوم پزشکی کرمانشاه
1395,تجربی,6214,1119,منطقه 3,داروسازی,دانشگاه علوم پزشکی مازندران - ساری
1395,تجربی,6214,1119,منطقه 3,پزشکی - بومی استان کرمانشاه,دانشگاه علوم پزشکی کرمانشاه
1395,تجربی,6214,1119,منطقه 3,پزشکی - بومی استان گلستان,دانشگاه علوم پزشکی گلستان - گرگان
1395,تجربی,6219,1122,منطقه 3,فیزیوتراپی,دانشگاه علوم پزشکی تبریز
1395,تجربی,6219,1122,منطقه 3,پزشکی - بومی استان خوزستان,دانشگاه علوم پزشکی جندی شاپور اهواز
1395,تجربی,6219,2956,منطقه 2,داروسازی,دانشگاه علوم پزشکی کرمان
1395,تجربی,6226,2055,منطقه 1,فیزیوتراپی,دانشگاه علوم پزشکی کرمان
1395,تجربی,6226,2959,منطقه 2,داروسازی,دانشگاه علوم پزشکی کرمان
1395,تجربی,6226,2959,منطقه 2,دندانپزشکی - بومی استان خوزستان,دانشگاه علوم پزشکی جندی شاپور اهواز
1395,تجربی,6226,2959,منطقه 2,علوم تغذیه,دانشگاه علوم پزشکی جندی شاپور اهواز
1395,تجربی,6236,1125,منطقه 3,بینایی سنجی,دانشگاه علوم پزشکی شهید بهشتی - تهران
1395,تجربی,6236,1125,منطقه 3,داروسازی - بومی استان اذربایجان غربی,دانشگاه علوم پزشکی ارومیه
1395,تجربی,6236,2059,منطقه 1,داروسازی,دانشگاه علوم پزشکی جندی شاپور اهواز
1395,تجربی,6236,2963,منطقه 2,داروسازی,دانشگاه علوم پزشکی تهران
1395,تجربی,6236,2963,منطقه 2,داروسازی - بومی استان خراسان جنوبی,دانشگاه علوم پزشکی زابل
1395,تجربی,6236,2963,منطقه 2,پزشکی,دانشگاه علوم پزشکی بابل
1395,تجربی,6248,1128,منطقه 3,داروسازی,دانشگاه علوم پزشکی جندی شاپور اهواز
1395,تجربی,6248,2065,منطقه 1,فیزیوتراپی,دانشگاه علوم پزشکی تبریز
1395,تجربی,6256,1131,منطقه 3,داروسازی - بومی استان خراسان جنوبی,دانشگاه علوم پزشکی زابل
1395,تجربی,6256,1131,منطقه 3,پزشکی - بومی استان لرستان,دانشگاه علوم پزشکی لرستان - خرم آباد
1395,تجربی,6256,2968,منطقه 2,پزشکی - بومی استان کرمانشاه,دانشگاه علوم پزشکی کرمانشاه
1395,تجربی,6264,1133,منطقه 3,دندانپزشکی - بومی استان کهگیلویه وبویر احمد,دانشگاه علوم پزشکی یاسوج
1395,تجربی,6275,1137,منطقه 3,فیزیوتراپی,دانشگاه علوم پزشکی شهید بهشتی - تهران
1395,تجربی,6275,1137,منطقه 3,پزشکی - نیمسال اول,دانشگاه علوم پزشکی زاهدان
1395,تجربی,6275,2975,منطقه 2,پزشکی - بومی استان خراسان رضوی,دانشگاه علوم پزشکی مشهد
1395,تجربی,6285,1140,منطقه 3,پزشکی,دانشگاه علوم پزشکی مشهد
1395,تجربی,6285,2979,منطقه 2,داروسازی,دانشگاه علوم پزشکی ارومیه
1395,تجربی,6293,1141,منطقه 3,پزشکی - بومی استان اذربایجان غربی,دانشگاه علوم پزشکی ارومیه
1395,تجربی,6293,2983,منطقه 2,پزشکی,دانشگاه علوم پزشکی گیلان - رشت (محل تحصیل بندرانزلی)
1395,تجربی,6293,2983,منطقه 2,پزشکی - بومی استان کرمان,دانشگاه علوم پزشکی کرمان
1395,تجربی,6300,2987,منطقه 2,دندانپزشکی - بومی استان سمنان,دانشگاه علوم پزشکی سمنان
1395,تجربی,6300,2987,منطقه 2,پزشکی,دانشگاه علوم پزشکی اراک
1395,تجربی,6309,91,ایثارگران,دندانپزشکی,دانشگاه علوم پزشکی شیراز
1395,تجربی,6309,1144,منطقه 3,پزشکی - بومی استان خراسان شمالی,دانشگاه علوم پزشکی خراسان شمالی - بجنورد
1395,تجربی,6309,2993,منطقه 2,داروسازی,دانشگاه علوم پزشکی همدان
1395,تجربی,6309,2993,منطقه 2,دندانپزشکی,دانشگاه علوم پزشکی شیراز
1395,تجربی,6309,2993,منطقه 2,پزشکی,دانشگاه علوم پزشکی کردستان - سنندج
1395,تجربی,6309,2993,منطقه 2,پزشکی - بومی استان کرمان,دانشگاه علوم پزشکی رفسنجان
1395,تجربی,6317,2999,منطقه 2,فیزیوتراپی,دانشگاه علوم پزشکی بابل
1395,تجربی,6317,2999,منطقه 2,پزشکی,دانشگاه علوم پزشکی جهرم
1395,تجربی,6323,1148,منطقه 3,دندانپزشکی,دانشگاه علوم پزشکی کاشان
1395,تجربی,6323,1148,منطقه 3,فیزیوتراپی,دانشگاه علوم پزشکی تبریز
1395,تجربی,6323,3002,منطقه 2,علوم آزمایشگاهی,دانشگاه علوم پزشکی تهران
1395,تجربی,6329,3005,منطقه 2,پزشکی,دانشگاه علوم پزشکی ارومیه
1395,تجربی,6336,3010,منطقه 2,فیزیوتراپی,دانشگاه علوم پزشکی گیلان - رشت
1395,تجربی,6336,3010,منطقه 2,پزشکی,دانشگاه علوم پزشکی ارومیه
1395,تجربی,6336,3010,منطقه 2,پزشکی,دانشگاه علوم پزشکی لرستان - خرم آباد
1395,تجربی,6344,1150,منطقه 3,داروسازی,دانشگاه علوم پزشکی جندی شاپور اهواز
1395,تجربی,6344,3016,منطقه 2,دندانپزشکی - بومی استان خراسان شمالی,دانشگاه علوم پزشکی خراسان شمالی - بجنورد
1395,تجربی,6344,3016,منطقه 2,علوم آزمایشگاهی,دانشگاه علوم پزشکی اردبیل
1395,تجربی,6344,3016,منطقه 2,فیزیوتراپی,دانشگاه علوم پزشکی اصفهان
1395,تجربی,6344,3016,منطقه 2,پزشکی,دانشگاه علوم پزشکی گلستان - گرگان
1395,تجربی,6356,1152,منطقه 3,پزشکی - بومی استان ایلام,دانشگاه علوم پزشکی ایلام
1395,تجربی,6356,1152,منطقه 3,پزشکی - بومی استان خراسان رضوی,دانشگاه علوم پزشکی مشهد
1395,تجربی,6356,1152,منطقه 3,پزشکی - بومی استان کرمانشاه,دانشگاه علوم پزشکی کرمانشاه
1395,تجربی,6356,1152,منطقه 3,پزشکی - بومی استان کهگیلویه وبویر احمد,دانشگاه علوم پزشکی یاسوج
1395,تجربی,6356,3024,منطقه 2,بینایی سنجی,دانشگاه علوم پزشکی شهید بهشتی - تهران
1395,تجربی,6356,3024,منطقه 2,پزشکی,دانشکده علوم پزشکی آبادان
1395,تجربی,6367,1155,منطقه 3,پزشکی - بومی استان خراسان رضوی,دانشگاه علوم پزشکی مشهد
1395,تجربی,6367,2090,منطقه 1,فیزیوتراپی,دانشگاه علوم پزشکی اصفهان
1395,تجربی,6367,3031,منطقه 2,داروسازی,دانشگاه علوم پزشکی کرمان
1395,تجربی,6376,1157,منطقه 3,دندانپزشکی - بومی استان بوشهر,دانشگاه علوم پزشکی بوشهر
1395,تجربی,6376,2092,منطقه 1,پزشکی,دانشگاه علوم پزشکی بیرجند
1395,تجربی,6388,94,ایثارگران,پزشکی - نیمسال اول,دانشگاه علوم پزشکی شهید بهشتی - تهران
1395,تجربی,6388,1160,منطقه 3,فیزیوتراپی,دانشگاه علوم پزشکی تبریز
1395,تجربی,6388,1160,منطقه 3,پزشکی - بومی استان اردبیل,دانشگاه علوم پزشکی اردبیل
1395,تجربی,6388,2094,منطقه 1,پزشکی,دانشگاه علوم پزشکی یاسوج
1395,تجربی,6388,3040,منطقه 2,بینایی سنجی,دانشگاه علوم پزشکی شهید بهشتی - تهران
1395,تجربی,6388,3040,منطقه 2,پزشکی - بومی استان خراسان شمالی,دانشگاه علوم پزشکی خراسان شمالی - بجنورد
1395,تجربی,6398,3045,منطقه 2,داروسازی,دانشگاه علوم پزشکی ارومیه
1395,تجربی,6405,3049,منطقه 2,پزشکی,دانشگاه علوم پزشکی اردبیل
1395,تجربی,6405,3049,منطقه 2,پزشکی,دانشگاه علوم پزشکی بابل
1395,تجربی,6405,3049,منطقه 2,پزشکی,دانشگاه علوم پزشکی گیلان - رشت (محل تحصیل بندرانزلی)
1395,تجربی,6412,2103,منطقه 1,پزشکی - محل تحصیل آران و بیدگل,دانشگاه علوم پزشکی کاشان
1395,تجربی,6419,2107,منطقه 1,فیزیوتراپی,دانشگاه علوم پزشکی سمنان
1395,تجربی,6419,3053,منطقه 2,پزشکی,دانشگاه علوم پزشکی اصفهان
1395,تجربی,6419,3053,منطقه 2,پزشکی - بومی استان همدان,دانشگاه علوم پزشکی همدان
1395,تجربی,6427,1164,منطقه 3,پزشکی - بومی استان لرستان,دانشگاه علوم پزشکی لرستان - خرم آباد
1395,تجربی,6427,1164,منطقه 3,پزشکی - بومی استان کردستان,دانشگاه علوم پزشکی کردستان - سنندج
1395,تجربی,6427,3057,منطقه 2,پزشکی,دانشگاه علوم پزشکی بابل
1395,تجربی,6437,2114,منطقه 1,داروسازی,دانشگاه علوم پزشکی مشهد
1395,تجربی,6446,1169,منطقه 3,پزشکی,دانشگاه علوم پزشکی همدان
1395,تجربی,6446,2118,منطقه 1,پزشکی - بومی استان خراسان رضوی,دانشگاه علوم پزشکی سبزوار
1395,تجربی,6446,3064,منطقه 2,دندانپزشکی - بومی استان کردستان,دانشگاه علوم پزشکی کردستان - سنندج
1395,تجربی,6456,3069,منطقه 2,پزشکی,دانشگاه علوم پزشکی مشهد
1395,تجربی,6456,3069,منطقه 2,پزشکی - بومی استان خراسان شمالی,دانشگاه علوم پزشکی خراسان شمالی - بجنورد
1395,تجربی,6464,3074,منطقه 2,پزشکی - بومی استان لرستان,دانشگاه علوم پزشکی لرستان - خرم آباد
1395,تجربی,6464,3074,منطقه 2,پزشکی - نیمسال دوم,دانشگاه علوم پزشکی تبریز
1395,تجربی,6473,1173,منطقه 3,داروسازی,دانشگاه علوم پزشکی ارومیه
1395,تجربی,6473,3077,منطقه 2,پزشکی - محل تحصیل احمدآباد مشیر,دانشگاه علوم پزشکی یزد
1395,تجربی,6482,1175,منطقه 3,پزشکی - بومی استان کهگیلویه وبویر احمد,دانشگاه علوم پزشکی یاسوج
1395,تجربی,6482,3081,منطقه 2,پزشکی - بومی استان زنجان,دانشگاه علوم پزشکی زنجان
1395,تجربی,6492,3086,منطقه 2,داروسازی,دانشگاه علوم پزشکی همدان
1395,تجربی,6492,3086,منطقه 2,پزشکی,دانشگاه علوم پزشکی جندی شاپور - اهواز
1395,تجربی,6499,1179,منطقه 3,داروسازی - بومی استان کرمانشاه,دانشگاه علوم پزشکی کرمانشاه
1395,تجربی,6507,1182,منطقه 3,فیزیوتراپی,دانشگاه علوم پزشکی مشهد
1395,تجربی,6507,1182,منطقه 3,پزشکی - بومی استان گلستان,دانشگاه علوم پزشکی گلستان - گرگان
1395,تجربی,6507,2135,منطقه 1,دامپزشکی,دانشگاه ارومیه
1395,تجربی,6507,2135,منطقه 1,فیزیوتراپی,دانشگاه علوم پزشکی کرمان
1395,تجربی,6507,3094,منطقه 2,فیزیوتراپی,دانشگاه علوم پزشکی مشهد
1395,تجربی,6507,3094,منطقه 2,پزشکی,دانشگاه علوم پزشکی شیراز
1395,تجربی,6517,1185,منطقه 3,داروسازی,دانشگاه علوم پزشکی مازندران - ساری
1395,تجربی,6517,1185,منطقه 3,پزشکی - بومی استان کهگیلویه وبویر احمد,دانشگاه علوم پزشکی یاسوج
1395,تجربی,6517,3099,منطقه 2,دندانپزشکی,دانشگاه علوم پزشکی جندی شاپور - اهواز
1395,تجربی,6517,3099,منطقه 2,دندانپزشکی,دانشگاه علوم پزشکی شیراز
1395,تجربی,6527,1187,منطقه 3,پزشکی - نیمسال اول,دانشگاه علوم پزشکی زاهدان
1395,تجربی,6527,3106,منطقه 2,دامپزشکی,دانشگاه ارومیه
1395,تجربی,6527,3106,منطقه 2,فیزیوتراپی,دانشگاه علوم پزشکی سمنان
1395,تجربی,6535,3112,منطقه 2,بینایی سنجی,دانشگاه علوم پزشکی مشهد
1395,تجربی,6535,3112,منطقه 2,داروسازی,دانشگاه علوم پزشکی زابل
1395,تجربی,6545,1193,منطقه 3,دندانپزشکی,دانشگاه علوم پزشکی رفسنجان
1395,تجربی,6545,2139,منطقه 1,پزشکی,علوم پزشکی مازندران - ساری -(محل تحصیل رامسر)
1395,تجربی,6545,3116,منطقه 2,فیزیوتراپی,دانشگاه علوم پزشکی گیلان - رشت
1395,تجربی,6545,3116,منطقه 2,پزشکی - بومی استان اصفهان,دانشگاه علوم پزشکی کاشان
1395,تجربی,6557,1195,منطقه 3,دندانپزشکی - بومی استان ایلام,دانشگاه علوم پزشکی ایلام
1395,تجربی,6557,3121,منطقه 2,داروسازی,دانشگاه علوم پزشکی کرمان
1395,تجربی,6557,3121,منطقه 2,دندانپزشکی,دانشگاه علوم پزشکی کرمانشاه
1395,تجربی,6569,1198,منطقه 3,دندانپزشکی,دانشگاه علوم پزشکی سمنان
1395,تجربی,6569,3126,منطقه 2,داروسازی,دانشگاه علوم پزشکی لرستان - خرم آباد
1395,تجربی,6580,1201,منطقه 3,فیزیوتراپی,دانشگاه علوم پزشکی مشهد
1395,تجربی,6580,1201,منطقه 3,پزشکی - بومی استان کردستان,دانشگاه علوم پزشکی کردستان - سنندج
1395,تجربی,6588,3137,منطقه 2,دندانپزشکی,دانشگاه علوم پزشکی گلستان - گرگان
1395,تجربی,6588,3137,منطقه 2,فیزیوتراپی,دانشگاه علوم پزشکی بابل
1395,تجربی,6588,3137,منطقه 2,پزشکی,دانشگاه علوم پزشکی لرستان - خرم آباد
1395,تجربی,6594,3142,منطقه 2,دندانپزشکی,دانشگاه علوم پزشکی جندی شاپور - اهواز
1395,تجربی,6600,1203,منطقه 3,پزشکی - بومی استان خراسان رضوی,دانشگاه علوم پزشکی سبزوار
1395,تجربی,6600,2153,منطقه 1,داروسازی,دانشگاه علوم پزشکی بندرعباس
1395,تجربی,6600,3146,منطقه 2,پزشکی,دانشگاه علوم پزشکی جهرم
1395,تجربی,6608,1204,منطقه 3,داروسازی - بومی استان کردستان,دانشگاه علوم پزشکی کرمانشاه
1395,تجربی,6608,1204,منطقه 3,دندانپزشکی,دانشگاه علوم پزشکی شیراز
1395,تجربی,6608,3151,منطقه 2,دندانپزشکی,دانشگاه علوم پزشکی بندرعباس
1395,تجربی,6615,1206,منطقه 3,دندانپزشکی - بومی استان خراسان شمالی,دانشگاه علوم پزشکی خراسان شمالی - بجنورد
1395,تجربی,6615,3156,منطقه 2,فیزیوتراپی,دانشگاه علوم پزشکی زاهدان
1395,تجربی,6615,3156,منطقه 2,پزشکی,دانشگاه علوم پزشکی اردبیل
1395,تجربی,6615,3156,منطقه 2,پزشکی,دانشگاه علوم پزشکی کرمانشاه
1395,تجربی,6622,1207,منطقه 3,پزشکی,دانشگاه علوم پزشکی بم
1395,تجربی,6622,3159,منطقه 2,پزشکی,دانشگاه علوم پزشکی مشهد
1395,تجربی,6629,1209,منطقه 3,دندانپزشکی,دانشگاه علوم پزشکی شهیدبهشتی - تهران
1395,تجربی,6629,3164,منطقه 2,علوم آزمایشگاهی,دانشگاه علوم پزشکی قزوین
1395,تجربی,6636,1211,منطقه 3,پزشکی - بومی استان کردستان,دانشگاه علوم پزشکی کردستان - سنندج
1395,تجربی,6636,1211,منطقه 3,پزشکی - نیمسال اول,دانشگاه علوم پزشکی اراک
1395,تجربی,6636,2161,منطقه 1,روانشناسی,دانشگاه تهران
1395,تجربی,6636,2161,منطقه 1,هوشبری,دانشگاه علوم پزشکی شهید بهشتی - تهران
1395,تجربی,6648,1214,منطقه 3,پزشکی - بومی استان خراسان شمالی,دانشگاه علوم پزشکی خراسان شمالی - بجنورد
1395,تجربی,6648,2167,منطقه 1,داروسازی,دانشگاه علوم پزشکی کرمان
1395,تجربی,6648,2167,منطقه 1,فیزیوتراپی,دانشگاه علوم پزشکی جندی شاپور اهواز
1395,تجربی,6648,3170,منطقه 2,پزشکی - بومی استان زنجان,دانشگاه علوم پزشکی زنجان
1395,تجربی,6657,3175,منطقه 2,دبیری شیمی - بومی استان اذربایجان شرقی,پردیس نسیبه - تهران
1395,تجربی,6657,3175,منطقه 2,پزشکی,علوم پزشکی مازندران - ساری -(محل تحصیل رامسر)
1395,تجربی,6667,1218,منطقه 3,دندانپزشکی - بومی استان کهگیلویه وبویر احمد,دانشگاه علوم پزشکی یاسوج
1395,تجربی,6667,3180,منطقه 2,دندانپزشکی - بومی استان گلستان,دانشگاه علوم پزشکی گلستان - گرگان
1395,تجربی,6677,1220,منطقه 3,پزشکی - نیمسال اول,دانشگاه علوم پزشکی شاهرود
1395,تجربی,6677,2172,منطقه 1,داروسازی,دانشگاه علوم پزشکی مشهد
1395,تجربی,6677,3186,منطقه 2,دامپزشکی,دانشگاه تهران
1395,تجربی,6677,3186,منطقه 2,علوم تغذیه,دانشگاه علوم پزشکی اصفهان
1395,تجربی,6677,3186,منطقه 2,پزشکی,دانشگاه علوم پزشکی گلستان - گرگان
1395,تجربی,6685,2174,منطقه 1,دامپزشکی,دانشگاه تهران
1395,تجربی,6685,3190,منطقه 2,پزشکی - بومی استان گلستان,دانشگاه علوم پزشکی گلستان - گرگان
1395,تجربی,6691,1225,منطقه 3,پزشکی - بومی استان خراسان جنوبی,دانشگاه علوم پزشکی بیرجند
1395,تجربی,6699,1228,منطقه 3,بینایی سنجی,دانشگاه علوم پزشکی شهید بهشتی - تهران
1395,تجربی,6707,1229,منطقه 3,پزشکی - نیمسال دوم,دانشگاه علوم پزشکی زاهدان
1395,تجربی,6707,3199,منطقه 2,داروسازی,دانشگاه علوم پزشکی اردبیل
1395,تجربی,6707,3199,منطقه 2,دندانپزشکی - بومی استان زنجان,دانشگاه علوم پزشکی زنجان
1395,تجربی,6707,3199,منطقه 2,فیزیوتراپی,دانشگاه علوم پزشکی بابل
1395,تجربی,6716,1231,منطقه 3,دندانپزشکی,دانشگاه علوم پزشکی تهران
1395,تجربی,6716,3204,منطقه 2,علوم آزمایشگاهی,دانشگاه علوم پزشکی بیرجند
1395,تجربی,6716,3204,منطقه 2,فیزیوتراپی,دانشگاه علوم پزشکی بابل
1395,تجربی,6716,3204,منطقه 2,پزشکی,دانشگاه علوم پزشکی گیلان - رشت (محل تحصیل بندرانزلی)
1395,تجربی,6716,3204,منطقه 2,پزشکی - بومی استان خراسان شمالی,دانشگاه علوم پزشکی خراسان شمالی - بجنورد
1395,تجربی,6726,1234,منطقه 3,پزشکی - نیمسال اول,دانشگاه علوم پزشکی شاهرود
1395,تجربی,6726,3209,منطقه 2,بینایی سنجی,دانشگاه علوم پزشکی شهید بهشتی - تهران
1395,تجربی,6726,3209,منطقه 2,پزشکی,دانشگاه علوم پزشکی کرمانشاه
1395,تجربی,6733,1236,منطقه 3,پزشکی - بومی استان کهگیلویه وبویر احمد,دانشگاه علوم پزشکی یاسوج
1395,تجربی,6733,2186,منطقه 1,داروسازی,دانشگاه علوم پزشکی یزد
1395,تجربی,6741,3217,منطقه 2,پزشکی,دانشگاه علوم پزشکی همدان
1395,تجربی,6741,3217,منطقه 2,پزشکی,دانشگاه علوم پزشکی گلستان - گرگان
1395,تجربی,6751,1238,منطقه 3,فیزیوتراپی,دانشگاه علوم پزشکی تبریز
1395,تجربی,6751,2191,منطقه 1,داروسازی - بومی استان خراسان رضوی-دارای تعهد خدمت در گناباد,دانشگاه علوم پزشکی مشهد
1395,تجربی,6751,2191,منطقه 1,دندانپزشکی,دانشگاه علوم پزشکی بندرعباس
1395,تجربی,6751,3224,منطقه 2,پزشکی,دانشگاه علوم پزشکی کرمان
1395,تجربی,6751,3224,منطقه 2,پزشکی,علوم پزشکی مازندران - ساری -(محل تحصیل رامسر)
1395,تجربی,6761,1240,منطقه 3,داروسازی,دانشگاه علوم پزشکی همدان
1395,تجربی,6761,1240,منطقه 3,پزشکی - نیمسال اول,دانشگاه علوم پزشکی تبریز
1395,تجربی,6761,1240,منطقه 3,پزشکی - نیمسال اول,دانشگاه علوم پزشکی شهیدبهشتی - تهران
1395,تجربی,6775,1242,منطقه 3,پزشکی - بومی استان کهگیلویه وبویر احمد,دانشگاه علوم پزشکی یاسوج
1395,تجربی,6775,3237,منطقه 2,پزشکی,دانشگاه علوم پزشکی گلستان - گرگان
1395,تجربی,6784,1245,منطقه 3,پزشکی - نیمسال اول,دانشگاه علوم پزشکی شاهرود
1395,تجربی,6784,1245,منطقه 3,پزشکی - نیمسال اول,دانشگاه علوم پزشکی شهیدبهشتی - تهران
1395,تجربی,6784,3240,منطقه 2,فیزیوتراپی,دانشگاه علوم پزشکی تبریز
1395,تجربی,6784,3240,منطقه 2,پزشکی,دانشگاه علوم پزشکی گلستان - گرگان
1395,تجربی,6796,1248,منطقه 3,دندانپزشکی,دانشگاه علوم پزشکی جندی شاپور - اهواز
1395,تجربی,6796,2205,منطقه 1,دندانپزشکی,دانشگاه علوم پزشکی بندرعباس
1395,تجربی,6796,3244,منطقه 2,پزشکی,دانشگاه علوم پزشکی کرمان
1395,تجربی,6796,3244,منطقه 2,پزشکی - بومی استان خوزستان,دانشگاه علوم پزشکی جندی شاپور اهواز
1395,تجربی,6805,1251,منطقه 3,پزشکی,دانشگاه علوم پزشکی کرمانشاه
1395,تجربی,6805,1251,منطقه 3,پزشکی - بومی استان کهگیلویه وبویر احمد,دانشگاه علوم پزشکی یاسوج
1395,تجربی,6805,3250,منطقه 2,پزشکی,علوم پزشکی مازندران - ساری -(محل تحصیل رامسر)
1395,تجربی,6814,3254,منطقه 2,فیزیوتراپی,دانشگاه علوم پزشکی سمنان
1395,تجربی,6822,1255,منطقه 3,دندانپزشکی - نیمسال اول,دانشگاه علوم پزشکی زاهدان
1395,تجربی,6822,1255,منطقه 3,پزشکی - نیمسال اول,دانشگاه علوم پزشکی تبریز
1395,تجربی,6822,2211,منطقه 1,پزشکی,دانشگاه علوم پزشکی سمنان
1395,تجربی,6822,3258,منطقه 2,پزشکی,دانشگاه علوم پزشکی خراسان شمالی - بجنورد
1395,تجربی,6830,1257,منطقه 3,فیزیوتراپی,دانشگاه علوم پزشکی تبریز
1395,تجربی,6830,3263,منطقه 2,پزشکی,دانشگاه علوم پزشکی اصفهان
1395,تجربی,6830,3263,منطقه 2,پزشکی,دانشگاه علوم پزشکی گلستان - گرگان
1395,تجربی,6830,3263,منطقه 2,پزشکی - بومی استان خراسان شمالی,دانشگاه علوم پزشکی خراسان شمالی - بجنورد
1395,تجربی,6836,1259,منطقه 3,داروسازی - بومی استان کرمانشاه,دانشگاه علوم پزشکی کرمانشاه
1395,تجربی,6836,2212,منطقه 1,داروسازی,دانشگاه علوم پزشکی تبریز
1395,تجربی,6836,3267,منطقه 2,فیزیوتراپی,دانشگاه علوم پزشکی بابل
1395,تجربی,6836,3267,منطقه 2,پزشکی,دانشگاه علوم پزشکی اراک
1395,تجربی,6841,3270,منطقه 2,داروسازی - بومی استان خوزستان,دانشگاه علوم پزشکی جندی شاپور اهواز
1395,تجربی,6848,1262,منطقه 3,پزشکی - بومی استان ایلام,دانشگاه علوم پزشکی ایلام
1395,تجربی,6857,1265,منطقه 3,پزشکی - نیمسال اول,دانشگاه علوم پزشکی شهیدبهشتی - تهران
1395,تجربی,6865,1267,منطقه 3,داروسازی,دانشگاه علوم پزشکی کرمان
1395,تجربی,6865,1267,منطقه 3,فیزیوتراپی,دانشگاه علوم پزشکی شهید بهشتی - تهران
1395,تجربی,6865,2222,منطقه 1,پزشکی,دانشگاه علوم پزشکی گیلان - رشت (محل تحصیل بندرانزلی)
1395,تجربی,6873,1269,منطقه 3,پزشکی,دانشگاه علوم پزشکی کاشان
1395,تجربی,6873,3280,منطقه 2,دندانپزشکی - بومی استان کردستان,دانشگاه علوم پزشکی کردستان - سنندج
1395,تجربی,6873,3280,منطقه 2,فیزیوتراپی,دانشگاه علوم پزشکی همدان
1395,تجربی,6884,102,ایثارگران,پزشکی - نیمسال اول,دانشگاه علوم پزشکی تبریز
1395,تجربی,6884,1272,منطقه 3,داروسازی,دانشگاه علوم پزشکی زابل
1395,تجربی,6884,1272,منطقه 3,دندانپزشکی,دانشگاه علوم پزشکی مشهد
1395,تجربی,6884,1272,منطقه 3,پزشکی,دانشگاه علوم پزشکی اصفهان
1395,تجربی,6884,1272,منطقه 3,پزشکی - بومی استان کهگیلویه وبویر احمد,دانشگاه علوم پزشکی یاسوج
1395,تجربی,6884,2227,منطقه 1,بینایی سنجی,دانشگاه علوم پزشکی مشهد
1395,تجربی,6884,2227,منطقه 1,فیزیوتراپی,دانشگاه علوم پزشکی مشهد
1395,تجربی,6884,3284,منطقه 2,داروسازی - بومی استان اذربایجان شرقی,دانشگاه علوم پزشکی تبریز
1395,تجربی,6884,3284,منطقه 2,دندانپزشکی,دانشگاه علوم پزشکی بندرعباس
1395,تجربی,6884,3284,منطقه 2,هوشبری,دانشگاه علوم پزشکی ایران
1395,تجربی,6896,1277,منطقه 3,داروسازی - بومی استان لرستان,دانشگاه علوم پزشکی لرستان - خرم آباد
1395,تجربی,6896,1277,منطقه 3,پزشکی,دانشگاه علوم پزشکی ارومیه
1395,تجربی,6896,1277,منطقه 3,پزشکی - نیمسال دوم,دانشگاه علوم پزشکی شاهرود
1395,تجربی,6896,3288,منطقه 2,داروسازی,دانشگاه علوم پزشکی شهیدبهشتی - تهران
1395,تجربی,6896,3288,منطقه 2,پزشکی,دانشگاه علوم پزشکی گیلان - رشت (محل تحصیل بندرانزلی)
1395,تجربی,6906,1281,منطقه 3,پزشکی,دانشگاه علوم پزشکی کردستان - سنندج
1395,تجربی,6906,2232,منطقه 1,پزشکی,دانشگاه علوم پزشکی اردبیل
1395,تجربی,6906,3292,منطقه 2,داروسازی - بومی استان کرمانشاه,دانشگاه علوم پزشکی کرمانشاه
1395,تجربی,6906,3292,منطقه 2,دندانپزشکی - بومی استان سمنان,دانشگاه علوم پزشکی سمنان
1395,تجربی,6906,3292,منطقه 2,پزشکی - بومی استان سمنان,دانشگاه علوم پزشکی سمنان
1395,تجربی,6914,1283,منطقه 3,پزشکی - بومی استان خوزستان,دانشگاه علوم پزشکی جندی شاپور اهواز
1395,تجربی,6914,2235,منطقه 1,پزشکی,دانشگاه علوم پزشکی سبزوار
1395,تجربی,6914,2235,منطقه 1,پزشکی,دانشگاه علوم پزشکی یاسوج
1395,تجربی,6914,3295,منطقه 2,فیزیوتراپی,دانشگاه علوم پزشکی جندی شاپور اهواز
1395,تجربی,6914,3295,منطقه 2,پزشکی,دانشگاه علوم پزشکی زنجان
1395,تجربی,6914,3295,منطقه 2,پزشکی,دانشگاه علوم پزشکی شیراز
1395,تجربی,6925,1286,منطقه 3,پزشکی,دانشگاه علوم پزشکی رفسنجان
1395,تجربی,6925,1286,منطقه 3,پزشکی - بومی استان ایلام,دانشگاه علوم پزشکی ایلام
1395,تجربی,6925,3299,منطقه 2,پرستاری - نیمسال اول,دانشگاه علوم پزشکی همدان
1395,تجربی,6925,3299,منطقه 2,پزشکی,دانشگاه علوم پزشکی مشهد
1395,تجربی,6936,1290,منطقه 3,دندانپزشکی,دانشگاه علوم پزشکی همدان
1395,تجربی,6936,1290,منطقه 3,پزشکی - بومی استان خراسان رضوی,دانشگاه علوم پزشکی گناباد
1395,تجربی,6936,3303,منطقه 2,پزشکی,دانشگاه علوم پزشکی جندی شاپور - اهواز
1395,تجربی,6947,1293,منطقه 3,دندانپزشکی,دانشگاه علوم پزشکی تهران
1395,تجربی,6947,1293,منطقه 3,پزشکی - بومی استان گلستان,دانشگاه علوم پزشکی گلستان - گرگان
1395,تجربی,6947,3308,منطقه 2,داروسازی - بومی استان خوزستان,دانشگاه علوم پزشکی جندی شاپور اهواز
1395,تجربی,6947,3308,منطقه 2,پزشکی - بومی استان خوزستان,دانشگاه علوم پزشکی دزفول
1395,تجربی,6957,1295,منطقه 3,پزشکی - بومی استان ایلام,دانشگاه علوم پزشکی ایلام
1395,تجربی,6957,3312,منطقه 2,پزشکی,دانشگاه علوم پزشکی شیراز
1395,تجربی,6957,3312,منطقه 2,پزشکی - محل تحصیل آران و بیدگل,دانشگاه علوم پزشکی کاشان
1395,تجربی,6957,3312,منطقه 2,پزشکی - محل تحصیل احمدآباد مشیر,دانشگاه علوم پزشکی یزد
1395,تجربی,6966,1297,منطقه 3,فیزیوتراپی,دانشگاه علوم پزشکی تبریز
1395,تجربی,6966,1297,منطقه 3,پزشکی,دانشگاه علوم پزشکی رفسنجان
1395,تجربی,6966,3314,منطقه 2,هوشبری,دانشگاه علوم پزشکی بابل
1395,تجربی,6975,1300,منطقه 3,دندانپزشکی - بومی استان کهگیلویه وبویر احمد,دانشگاه علوم پزشکی یاسوج
1395,تجربی,6975,1300,منطقه 3,پزشکی - بومی استان لرستان,دانشگاه علوم پزشکی لرستان - خرم آباد
1395,تجربی,6975,1300,منطقه 3,پزشکی - بومی شرق استان کرمان(بم،ریگان،نرماشیر،فهرج),دانشگاه علوم پزشکی بم
1395,تجربی,6975,2257,منطقه 1,پزشکی,دانشگاه علوم پزشکی گیلان - رشت (محل تحصیل بندرانزلی)
1395,تجربی,6987,1303,منطقه 3,دندانپزشکی - بومی استان ایلام,دانشگاه علوم پزشکی ایلام
1395,تجربی,6987,2262,منطقه 1,زیست شناسی سلولی مولکولی,دانشگاه اصفهان
1395,تجربی,6987,3320,منطقه 2,پزشکی,دانشگاه علوم پزشکی اردبیل
1395,تجربی,6997,1305,منطقه 3,فیزیوتراپی,دانشگاه علوم پزشکی ایران
1395,تجربی,7007,3331,منطقه 2,پزشکی - بومی استان لرستان,دانشگاه علوم پزشکی لرستان - خرم آباد
1395,تجربی,7015,3336,منطقه 2,پزشکی,دانشگاه علوم پزشکی سمنان
1395,تجربی,7023,2270,منطقه 1,داروسازی - محل تحصیل پردیس خودگردان دانشگاه علوم پزشکی تبریز,دانشگاه علوم پزشکی تبریز
1395,تجربی,7023,2270,منطقه 1,فیزیوتراپی,دانشگاه علوم پزشکی سمنان
1395,تجربی,7023,2270,منطقه 1,پزشکی,دانشگاه علوم پزشکی گیلان - رشت (محل تحصیل بندرانزلی)
1395,تجربی,7023,3340,منطقه 2,دندانپزشکی - بومی استان کرمان-دارای تعهد خدمت در رفسنجان,دانشگاه علوم پزشکی رفسنجان
1395,تجربی,7023,3340,منطقه 2,فیزیوتراپی,دانشگاه علوم پزشکی سمنان
1395,تجربی,7034,1312,منطقه 3,داروسازی,دانشگاه علوم پزشکی همدان
1395,تجربی,7034,1312,منطقه 3,دندانپزشکی,دانشگاه علوم پزشکی تهران
1395,تجربی,7044,1315,منطقه 3,بینایی سنجی,دانشگاه علوم پزشکی شهید بهشتی - تهران
1395,تجربی,7044,1315,منطقه 3,پزشکی - نیمسال دوم,دانشگاه علوم پزشکی زاهدان
1395,تجربی,7044,2275,منطقه 1,داروسازی,دانشگاه علوم پزشکی شیراز
1395,تجربی,7044,2275,منطقه 1,پرستاری - نیمسال اول,دانشگاه علوم پزشکی تهران
1395,تجربی,7044,3349,منطقه 2,پزشکی - بومی استان اردبیل,دانشگاه علوم پزشکی اردبیل
1395,تجربی,7054,1317,منطقه 3,داروسازی - بومی استان خراسان رضوی,دانشگاه علوم پزشکی مشهد
1395,تجربی,7054,3354,منطقه 2,داروسازی,دانشگاه علوم پزشکی شیراز
1395,تجربی,7054,3354,منطقه 2,پزشکی,علوم پزشکی مازندران - ساری -(محل تحصیل رامسر)
1395,تجربی,7067,1319,منطقه 3,پزشکی,دانشگاه علوم پزشکی ارومیه
1395,تجربی,7067,2282,منطقه 1,داروسازی - بومی استان خراسان رضوی-دارای تعهد خدمت درسبزوار,دانشگاه علوم پزشکی مشهد
1395,تجربی,7067,3361,منطقه 2,فیزیوتراپی,دانشگاه علوم پزشکی گیلان - رشت
1395,تجربی,7067,3361,منطقه 2,پزشکی,دانشگاه علوم پزشکی اردبیل
1395,تجربی,7067,3361,منطقه 2,پزشکی,دانشگاه علوم پزشکی کردستان - سنندج
1395,تجربی,7077,1321,منطقه 3,پزشکی - نیمسال دوم,دانشگاه علوم پزشکی شهیدبهشتی - تهران
1395,تجربی,7077,3366,منطقه 2,مامایی,دانشگاه علوم پزشکی تهران
1395,تجربی,7077,3366,منطقه 2,پزشکی,دانشگاه علوم پزشکی شیراز
1395,تجربی,7085,1324,منطقه 3,داروسازی - بومی استان کرمانشاه,دانشگاه علوم پزشکی کرمانشاه
1395,تجربی,7085,1324,منطقه 3,فیزیوتراپی,دانشگاه علوم پزشکی مشهد
1395,تجربی,7085,3370,منطقه 2,پزشکی,دانشگاه علوم پزشکی جندی شاپور - اهواز
1395,تجربی,7085,3370,منطقه 2,پزشکی - بومی استان سمنان,دانشگاه علوم پزشکی سمنان
1395,تجربی,7097,3375,منطقه 2,پرستاری - نیمسال دوم,دانشگاه علوم پزشکی تهران
1395,تجربی,7106,2290,منطقه 1,دامپزشکی,دانشگاه تهران
1395,تجربی,7118,1336,منطقه 3,بینایی سنجی,دانشگاه علوم پزشکی شهید بهشتی - تهران
1395,تجربی,7118,1336,منطقه 3,فیزیوتراپی,دانشگاه علوم پزشکی گیلان - رشت
1395,تجربی,7118,1336,منطقه 3,پزشکی - بومی استان اردبیل,دانشگاه علوم پزشکی اردبیل
1395,تجربی,7118,3385,منطقه 2,پزشکی,دانشگاه علوم پزشکی جندی شاپور - اهواز
1395,تجربی,7118,3385,منطقه 2,پزشکی,دانشگاه علوم پزشکی کرمانشاه
1395,تجربی,7118,3385,منطقه 2,پزشکی,دانشگاه علوم پزشکی گلستان - گرگان
1395,تجربی,7118,3385,منطقه 2,پزشکی - بومی استان لرستان,دانشگاه علوم پزشکی لرستان - خرم آباد
1395,تجربی,7135,1340,منطقه 3,دندانپزشکی - نیمسال دوم,دانشگاه علوم پزشکی زاهدان
1395,تجربی,7135,1340,منطقه 3,پزشکی - بومی استان خوزستان,دانشگاه علوم پزشکی جندی شاپور اهواز
1395,تجربی,7135,2298,منطقه 1,دامپزشکی,دانشگاه تهران
1395,تجربی,7135,2298,منطقه 1,پزشکی - محل تحصیل آران و بیدگل,دانشگاه علوم پزشکی کاشان
1395,تجربی,7135,3392,منطقه 2,پزشکی - بومی استان همدان,دانشگاه علوم پزشکی همدان
1395,تجربی,7151,1344,منطقه 3,داروسازی - بومی استان کرمانشاه,دانشگاه علوم پزشکی کرمانشاه
1395,تجربی,7151,1344,منطقه 3,دندانپزشکی - بومی استان ایلام,دانشگاه علوم پزشکی ایلام
1395,تجربی,7151,2304,منطقه 1,زیست فناوری,دانشگاه شهید بهشتی - تهران
1395,تجربی,7151,2304,منطقه 1,علوم آزمایشگاهی,دانشگاه علوم پزشکی شیراز
1395,تجربی,7151,3398,منطقه 2,دامپزشکی,دانشگاه تهران
1395,تجربی,7151,3398,منطقه 2,پزشکی,علوم پزشکی مازندران - ساری -(محل تحصیل رامسر)
1395,تجربی,7166,1346,منطقه 3,گفتاردرمانی,دانشگاه علوم پزشکی ایران
1395,تجربی,7166,3406,منطقه 2,پزشکی - بومی استان چهارمحال بختیاری,دانشگاه علوم پزشکی شهرکرد
1395,تجربی,7176,3411,منطقه 2,پزشکی,دانشگاه علوم پزشکی شیراز
1395,تجربی,7184,1349,منطقه 3,فیزیوتراپی,دانشگاه علوم پزشکی تبریز
1395,تجربی,7184,3415,منطقه 2,فیزیوتراپی,دانشگاه علوم پزشکی کرمان
1395,تجربی,7195,3420,منطقه 2,فیزیوتراپی,دانشگاه علوم پزشکی سمنان
1395,تجربی,7206,1352,منطقه 3,پزشکی - بومی استان لرستان,دانشگاه علوم پزشکی لرستان - خرم آباد
1395,تجربی,7206,1352,منطقه 3,پزشکی - نیمسال دوم,دانشگاه علوم پزشکی شهیدبهشتی - تهران
1395,تجربی,7206,2324,منطقه 1,پرستاری - نیمسال اول,دانشگاه علوم پزشکی تبریز
1395,تجربی,7206,2324,منطقه 1,پزشکی,دانشگاه علوم پزشکی اردبیل
1395,تجربی,7206,3425,منطقه 2,پزشکی - بومی استان همدان,دانشگاه علوم پزشکی همدان
1395,تجربی,7214,3429,منطقه 2,دندانپزشکی - بومی استان کرمان,دانشگاه علوم پزشکی کرمان
1395,تجربی,7224,2331,منطقه 1,داروسازی,دانشگاه علوم پزشکی گیلان - رشت
1395,تجربی,7224,2331,منطقه 1,پزشکی,دانشگاه علوم پزشکی جهرم
1395,تجربی,7224,3434,منطقه 2,پزشکی,دانشگاه علوم پزشکی شیراز
1395,تجربی,7224,3434,منطقه 2,پزشکی,دانشگاه علوم پزشکی فسا
1395,تجربی,7236,1358,منطقه 3,فیزیوتراپی,دانشگاه علوم پزشکی مشهد
1395,تجربی,7236,1358,منطقه 3,پزشکی - نیمسال دوم,دانشگاه علوم پزشکی زاهدان
1395,تجربی,7236,2335,منطقه 1,داروسازی,دانشگاه علوم پزشکی اردبیل
1395,تجربی,7236,3438,منطقه 2,دندانپزشکی - بومی استان چهارمحال بختیاری,دانشگاه علوم پزشکی شهرکرد
1395,تجربی,7236,3438,منطقه 2,پزشکی,دانشگاه علوم پزشکی اراک
1395,تجربی,7245,1361,منطقه 3,پزشکی - بومی استان بوشهر,دانشگاه علوم پزشکی بوشهر
1395,تجربی,7245,3442,منطقه 2,داروسازی,دانشگاه علوم پزشکی جندی شاپور - اهواز
1395,تجربی,7245,3442,منطقه 2,داروسازی,دانشگاه علوم پزشکی شیراز
1395,تجربی,7245,3442,منطقه 2,فیزیوتراپی,دانشگاه علوم پزشکی تبریز
1395,تجربی,7255,2340,منطقه 1,علوم آزمایشگاهی,دانشگاه علوم پزشکی تبریز
1395,تجربی,7255,3448,منطقه 2,داروسازی,دانشگاه علوم پزشکی اصفهان
1395,تجربی,7255,3448,منطقه 2,پزشکی,دانشگاه علوم پزشکی کرمان
1395,تجربی,7262,1364,منطقه 3,پزشکی - بومی استان اردبیل,دانشگاه علوم پزشکی اردبیل
1395,تجربی,7262,1364,منطقه 3,پزشکی - بومی استان خوزستان,دانشگاه علوم پزشکی جندی شاپور اهواز
1395,تجربی,7268,1367,منطقه 3,داروسازی,دانشگاه علوم پزشکی کرمان
1395,تجربی,7268,1367,منطقه 3,پزشکی - بومی استان اردبیل,دانشگاه علوم پزشکی اردبیل
1395,تجربی,7268,3453,منطقه 2,پزشکی,دانشگاه علوم پزشکی گیلان - رشت (محل تحصیل بندرانزلی)
1395,تجربی,7276,1370,منطقه 3,داروسازی,دانشگاه علوم پزشکی تهران
1395,تجربی,7276,1370,منطقه 3,پزشکی - بومی استان خوزستان,دانشگاه علوم پزشکی جندی شاپور اهواز
1395,تجربی,7276,3457,منطقه 2,علوم آزمایشگاهی,دانشگاه علوم پزشکی گلستان - گرگان
1395,تجربی,7276,3457,منطقه 2,فیزیوتراپی,دانشگاه علوم پزشکی سمنان
1395,تجربی,7276,3457,منطقه 2,پزشکی - بومی استان اردبیل,دانشگاه علوم پزشکی اردبیل
1395,تجربی,7287,2346,منطقه 1,علوم آزمایشگاهی,دانشگاه علوم پزشکی مشهد
1395,تجربی,7287,3463,منطقه 2,پزشکی - بومی استان خوزستان,دانشگاه علوم پزشکی جندی شاپور اهواز
1395,تجربی,7287,3463,منطقه 2,پزشکی - بومی استان همدان,دانشگاه علوم پزشکی همدان
1395,تجربی,7297,1377,منطقه 3,داروسازی - بومی استان اذربایجان غربی,دانشگاه علوم پزشکی ارومیه
1395,تجربی,7297,1377,منطقه 3,پزشکی,دانشگاه علوم پزشکی شیراز
1395,تجربی,7297,3467,منطقه 2,پزشکی - بومی استان اردبیل,دانشگاه علوم پزشکی اردبیل
1395,تجربی,7305,1380,منطقه 3,فیزیوتراپی,دانشگاه علوم پزشکی بابل
1395,تجربی,7305,1380,منطقه 3,پزشکی,دانشگاه علوم پزشکی شیراز
1395,تجربی,7305,3470,منطقه 2,پزشکی,دانشگاه علوم پزشکی اردبیل
1395,تجربی,7305,3470,منطقه 2,پزشکی,علوم پزشکی مازندران - ساری -(محل تحصیل رامسر)
1395,تجربی,7315,1382,منطقه 3,پزشکی - بومی استان کهگیلویه وبویر احمد,دانشگاه علوم پزشکی یاسوج
1395,تجربی,7315,3475,منطقه 2,بینایی سنجی,دانشگاه علوم پزشکی مشهد
1395,تجربی,7315,3475,منطقه 2,فیزیوتراپی,دانشگاه علوم پزشکی سمنان
1395,تجربی,7323,1384,منطقه 3,داروسازی,دانشگاه علوم پزشکی شیراز
1395,تجربی,7323,3480,منطقه 2,علوم تغذیه - نیمسال اول,دانشگاه علوم پزشکی شهید بهشتی - تهران
1395,تجربی,7323,3480,منطقه 2,فیزیوتراپی,دانشگاه علوم پزشکی کرمان
1395,تجربی,7323,3480,منطقه 2,پزشکی,دانشگاه علوم پزشکی بندرعباس
1395,تجربی,7334,1387,منطقه 3,علوم آزمایشگاهی,دانشگاه علوم پزشکی تهران
1395,تجربی,7334,1387,منطقه 3,پزشکی - نیمسال دوم,دانشگاه علوم پزشکی شهیدبهشتی - تهران
1395,تجربی,7334,3487,منطقه 2,داروسازی - بومی استان یزد,دانشگاه علوم پزشکی یزد
1395,تجربی,7334,3487,منطقه 2,فیزیوتراپی,دانشگاه علوم پزشکی مشهد
1395,تجربی,7334,3487,منطقه 2,پرستاری - نیمسال اول,دانشگاه علوم پزشکی شهید بهشتی - تهران
1395,تجربی,7334,3487,منطقه 2,پزشکی,علوم پزشکی مازندران - ساری -(محل تحصیل رامسر)
1395,تجربی,7334,3487,منطقه 2,پزشکی - بومی استان سمنان,دانشگاه علوم پزشکی سمنان
1395,تجربی,7346,1390,منطقه 3,پزشکی - بومی استان لرستان,دانشگاه علوم پزشکی لرستان - خرم آباد
1395,تجربی,7346,3494,منطقه 2,پزشکی,دانشگاه علوم پزشکی کرمان
1395,تجربی,7346,3494,منطقه 2,پزشکی - بومی استان یزد,دانشگاه علوم پزشکی یزد
1395,تجربی,7357,106,ایثارگران,دندانپزشکی,دانشگاه علوم پزشکی تبریز
1395,تجربی,7357,3501,منطقه 2,دندانپزشکی,دانشگاه علوم پزشکی زاهدان
1395,تجربی,7357,3501,منطقه 2,روانشناسی,دانشگاه علامه طباطبایی - تهران
1395,تجربی,7357,3501,منطقه 2,پزشکی,علوم پزشکی مازندران - ساری -(محل تحصیل رامسر)
1395,تجربی,7357,3501,منطقه 2,پزشکی - بومی استان اردبیل,دانشگاه علوم پزشکی اردبیل
1395,تجربی,7368,1396,منطقه 3,پزشکی - نیمسال دوم,دانشگاه علوم پزشکی تبریز
1395,تجربی,7368,3507,منطقه 2,داروسازی - بومی استان اردبیل,دانشگاه علوم پزشکی اردبیل
1395,تجربی,7368,3507,منطقه 2,پزشکی - بومی استان اصفهان,دانشگاه علوم پزشکی کاشان
1395,تجربی,7382,1400,منطقه 3,داروسازی - بومی استان اذربایجان شرقی,دانشگاه علوم پزشکی تبریز
1395,تجربی,7382,1400,منطقه 3,پزشکی - بومی استان لرستان,دانشگاه علوم پزشکی لرستان - خرم آباد
1395,تجربی,7382,3513,منطقه 2,داروسازی,دانشگاه علوم پزشکی مشهد
1395,تجربی,7382,3513,منطقه 2,داروسازی,دانشگاه علوم پزشکی کرمانشاه
1395,تجربی,7382,3513,منطقه 2,فیزیوتراپی,دانشگاه علوم پزشکی همدان
1395,تجربی,7382,3513,منطقه 2,مدیریت بازرگانی,دانشگاه پیام نور آذربایجان غربی - مرکز ارومیه
1395,تجربی,7382,3513,منطقه 2,پزشکی,دانشگاه علوم پزشکی زنجان
1395,تجربی,7382,3513,منطقه 2,پزشکی - بومی استان مرکزی,دانشگاه علوم پزشکی اراک
1395,تجربی,7395,1403,منطقه 3,فیزیوتراپی,دانشگاه علوم پزشکی تبریز
1395,تجربی,7395,3519,منطقه 2,فیزیوتراپی,دانشگاه علوم پزشکی سمنان
1395,تجربی,7406,2371,منطقه 1,پزشکی,دانشگاه علوم پزشکی گلستان - گرگان
1395,تجربی,7406,3525,منطقه 2,علوم تغذیه,دانشگاه علوم پزشکی گلستان - گرگان
1395,تجربی,7406,3525,منطقه 2,فیزیوتراپی,دانشگاه علوم پزشکی زاهدان
1395,تجربی,7426,1407,منطقه 3,داروسازی,دانشگاه علوم پزشکی تبریز
1395,تجربی,7426,2378,منطقه 1,پزشکی,دانشگاه علوم پزشکی اردبیل
1395,تجربی,7426,3534,منطقه 2,فیزیوتراپی,دانشگاه علوم پزشکی زاهدان
1395,تجربی,7426,3534,منطقه 2,پزشکی,دانشگاه علوم پزشکی گیلان - رشت (محل تحصیل بندرانزلی)
1395,تجربی,7426,3534,منطقه 2,پزشکی - بومی استان همدان,دانشگاه علوم پزشکی همدان
1395,تجربی,7426,3534,منطقه 2,پزشکی - محل تحصیل احمدآباد مشیر,دانشگاه علوم پزشکی یزد
1395,تجربی,7438,2381,منطقه 1,داروسازی,دانشگاه علوم پزشکی اردبیل
1395,تجربی,7438,2381,منطقه 1,پزشکی,دانشگاه علوم پزشکی جهرم
1395,تجربی,7438,3541,منطقه 2,دندانپزشکی,دانشگاه علوم پزشکی زاهدان
1395,تجربی,7438,3541,منطقه 2,شنوایی شناسی,دانشگاه علوم پزشکی بابل
1395,تجربی,7438,3541,منطقه 2,پزشکی,علوم پزشکی مازندران - ساری -(محل تحصیل رامسر)
1395,تجربی,7451,3547,منطقه 2,پزشکی,دانشگاه علوم پزشکی اردبیل
1395,تجربی,7451,3547,منطقه 2,پزشکی,دانشگاه علوم پزشکی رفسنجان
1395,تجربی,7462,1416,منطقه 3,بینایی سنجی,دانشگاه علوم پزشکی شهید بهشتی - تهران
1395,تجربی,7462,1416,منطقه 3,پزشکی,دانشگاه علوم پزشکی زابل
1395,تجربی,7462,1416,منطقه 3,پزشکی,دانشگاه علوم پزشکی قم
1395,تجربی,7462,2387,منطقه 1,پزشکی,دانشگاه علوم پزشکی اردبیل
1395,تجربی,7462,2387,منطقه 1,پزشکی - محل تحصیل آران و بیدگل,دانشگاه علوم پزشکی کاشان
1395,تجربی,7473,108,ایثارگران,دندانپزشکی,دانشگاه علوم پزشکی مشهد
1395,تجربی,7473,1419,منطقه 3,پرستاری - نیمسال اول,دانشگاه علوم پزشکی شهید بهشتی - تهران
1395,تجربی,7473,1419,منطقه 3,پزشکی - بومی استان خوزستان,دانشگاه علوم پزشکی جندی شاپور اهواز
1395,تجربی,7480,1421,منطقه 3,پزشکی - بومی استان کهگیلویه وبویر احمد,دانشگاه علوم پزشکی یاسوج
1395,تجربی,7480,3560,منطقه 2,پزشکی - بومی استان همدان,دانشگاه علوم پزشکی همدان
1395,تجربی,7487,1423,منطقه 3,داروسازی,دانشگاه علوم پزشکی بندرعباس
1395,تجربی,7487,3563,منطقه 2,پزشکی,دانشگاه علوم پزشکی لرستان - خرم آباد
1395,تجربی,7487,3563,منطقه 2,پزشکی,دانشگاه علوم پزشکی گلستان - گرگان
1395,تجربی,7497,3568,منطقه 2,دندانپزشکی - بومی استان سمنان,دانشگاه علوم پزشکی سمنان
1395,تجربی,7497,3568,منطقه 2,پزشکی - بومی استان اصفهان,دانشگاه علوم پزشکی کاشان
1395,تجربی,7497,3568,منطقه 2,پزشکی - بومی استان چهارمحال بختیاری,دانشگاه علوم پزشکی شهرکرد
1395,تجربی,7497,3568,منطقه 2,پزشکی - بومی استان یزد,دانشگاه علوم پزشکی یزد
1395,تجربی,7508,2398,منطقه 1,پزشکی,دانشگاه علوم پزشکی اردبیل
1395,تجربی,7508,2398,منطقه 1,پزشکی,دانشگاه علوم پزشکی خراسان شمالی - بجنورد
1395,تجربی,7508,3574,منطقه 2,شنوایی شناسی,دانشگاه علوم پزشکی شهید بهشتی - تهران
1395,تجربی,7508,3574,منطقه 2,پزشکی,دانشگاه علوم پزشکی گلستان - گرگان
1395,تجربی,7518,2402,منطقه 1,فیزیوتراپی,دانشگاه علوم پزشکی جندی شاپور اهواز
1395,تجربی,7518,3579,منطقه 2,علوم تغذیه,دانشگاه علوم پزشکی تبریز
1395,تجربی,7529,1429,منطقه 3,داروسازی,دانشگاه علوم پزشکی جندی شاپور - اهواز
1395,تجربی,7529,3585,منطقه 2,داروسازی - بومی استان اردبیل,دانشگاه علوم پزشکی اردبیل
1395,تجربی,7529,3585,منطقه 2,پزشکی - بومی استان اصفهان,دانشگاه علوم پزشکی کاشان
1395,تجربی,7529,3585,منطقه 2,پزشکی - محل تحصیل آران و بیدگل,دانشگاه علوم پزشکی کاشان
1395,تجربی,7543,1432,منطقه 3,پزشکی,دانشگاه علوم پزشکی مشهد
1395,تجربی,7543,3593,منطقه 2,علوم آزمایشگاهی,دانشگاه علوم پزشکی تهران
1395,تجربی,7543,3593,منطقه 2,هوشبری,دانشگاه علوم پزشکی شاهرود
1395,تجربی,7543,3593,منطقه 2,پزشکی - بومی استان اردبیل,دانشگاه علوم پزشکی اردبیل
1395,تجربی,7556,3601,منطقه 2,بینایی سنجی,دانشگاه علوم پزشکی ایران
1395,تجربی,7556,3601,منطقه 2,دندانپزشکی - بومی استان خراسان شمالی,دانشگاه علوم پزشکی خراسان شمالی - بجنورد
1395,تجربی,7556,3601,منطقه 2,علوم آزمایشگاهی,دانشگاه علوم پزشکی تهران
1395,تجربی,7556,3601,منطقه 2,پزشکی,دانشگاه علوم پزشکی کرمانشاه
1395,تجربی,7566,3608,منطقه 2,پزشکی,دانشگاه علوم پزشکی جندی شاپور - اهواز
1395,تجربی,7566,3608,منطقه 2,پزشکی,دانشگاه علوم پزشکی گیلان - رشت (محل تحصیل بندرانزلی)
1395,تجربی,7581,1435,منطقه 3,پزشکی - بومی استان ایلام,دانشگاه علوم پزشکی ایلام
1395,تجربی,7581,1435,منطقه 3,پزشکی - بومی استان خراسان جنوبی,دانشگاه علوم پزشکی بیرجند
1395,تجربی,7581,2417,منطقه 1,پزشکی,دانشگاه علوم پزشکی اردبیل
1395,تجربی,7581,3617,منطقه 2,علوم آزمایشگاهی,دانشگاه علوم پزشکی شهید بهشتی - تهران
1395,تجربی,7590,2421,منطقه 1,دامپزشکی,دانشگاه شیراز
1395,تجربی,7590,2421,منطقه 1,فیزیوتراپی,دانشگاه علوم پزشکی اصفهان
1395,تجربی,7590,2421,منطقه 1,پزشکی,دانشگاه علوم پزشکی گیلان - رشت (محل تحصیل بندرانزلی)
1395,تجربی,7590,3621,منطقه 2,پزشکی - محل تحصیل آران و بیدگل,دانشگاه علوم پزشکی کاشان
1395,تجربی,7600,113,ایثارگران,دندانپزشکی,دانشگاه علوم پزشکی تهران
1395,تجربی,7600,1438,منطقه 3,بینایی سنجی,دانشگاه علوم پزشکی شهید بهشتی - تهران
1395,تجربی,7600,1438,منطقه 3,داروسازی,دانشگاه علوم پزشکی تهران
1395,تجربی,7600,3624,منطقه 2,داروسازی,دانشگاه علوم پزشکی شهیدبهشتی - تهران
1395,تجربی,7600,3624,منطقه 2,دامپزشکی,دانشگاه زابل
1395,تجربی,7600,3624,منطقه 2,پزشکی,دانشگاه علوم پزشکی کرمانشاه
1395,تجربی,7623,1444,منطقه 3,داروسازی - بومی استان کرمانشاه,دانشگاه علوم پزشکی کرمانشاه
1395,تجربی,7623,3635,منطقه 2,علوم آزمایشگاهی,دانشگاه علوم پزشکی شیراز
1395,تجربی,7623,3635,منطقه 2,پزشکی,دانشگاه علوم پزشکی کرمانشاه
1395,تجربی,7632,1446,منطقه 3,فیزیوتراپی,دانشگاه علوم پزشکی کرمان
1395,تجربی,7645,1449,منطقه 3,بینایی سنجی,دانشگاه علوم پزشکی ایران
1395,تجربی,7645,1449,منطقه 3,داروسازی,دانشگاه علوم پزشکی تهران
1395,تجربی,7645,2432,منطقه 1,پزشکی - محل تحصیل آران و بیدگل,دانشگاه علوم پزشکی کاشان
1395,تجربی,7645,3649,منطقه 2,داروسازی - بومی استان اردبیل,دانشگاه علوم پزشکی اردبیل
1395,تجربی,7645,3649,منطقه 2,پزشکی,دانشگاه علوم پزشکی سمنان
1395,تجربی,7645,3649,منطقه 2,پزشکی - بومی استان قزوین,دانشگاه علوم پزشکی قزوین
1395,تجربی,7660,1453,منطقه 3,داروسازی,دانشگاه علوم پزشکی لرستان - خرم آباد
1395,تجربی,7660,1453,منطقه 3,پزشکی,دانشگاه علوم پزشکی شیراز
1395,تجربی,7660,2436,منطقه 1,هوشبری,دانشگاه علوم پزشکی شهید بهشتی - تهران
1395,تجربی,7660,3657,منطقه 2,پزشکی,دانشگاه علوم پزشکی کرمانشاه
1395,تجربی,7660,3657,منطقه 2,پزشکی - بومی استان همدان,دانشگاه علوم پزشکی همدان
1395,تجربی,7672,1456,منطقه 3,داروسازی - محل تحصیل پردیس خودگردان دانشگاه علوم پزشکی تبریز,دانشگاه علوم پزشکی تبریز
1395,تجربی,7672,3663,منطقه 2,زیست شناسی سلولی مولکولی,دانشگاه تهران
1395,تجربی,7672,3663,منطقه 2,فیزیوتراپی,دانشگاه علوم پزشکی زاهدان
1395,تجربی,7672,3663,منطقه 2,پزشکی,دانشگاه علوم پزشکی اردبیل
1395,تجربی,7672,3663,منطقه 2,پزشکی,دانشگاه علوم پزشکی همدان
1395,تجربی,7672,3663,منطقه 2,پزشکی,دانشگاه علوم پزشکی گلستان - گرگان
1395,تجربی,7684,1459,منطقه 3,پزشکی - نیمسال دوم,دانشگاه علوم پزشکی تبریز
1395,تجربی,7684,3669,منطقه 2,دامپزشکی,دانشگاه تهران
1395,تجربی,7694,1460,منطقه 3,پزشکی,دانشگاه علوم پزشکی کردستان - سنندج
1395,تجربی,7694,3673,منطقه 2,پزشکی,دانشگاه علوم پزشکی دزفول
1395,تجربی,7694,3673,منطقه 2,پزشکی - بومی استان اردبیل,دانشگاه علوم پزشکی اردبیل
1395,تجربی,7706,1463,منطقه 3,داروسازی,دانشگاه علوم پزشکی تهران
1395,تجربی,7706,3678,منطقه 2,پزشکی,دانشگاه علوم پزشکی کردستان - سنندج
1395,تجربی,7712,1466,منطقه 3,بینایی سنجی,دانشگاه علوم پزشکی مشهد
1395,تجربی,7712,2452,منطقه 1,داروسازی,دانشگاه علوم پزشکی مشهد
1395,تجربی,7721,1468,منطقه 3,هوشبری,دانشگاه علوم پزشکی کرمان
1395,تجربی,7721,3683,منطقه 2,دامپزشکی,دانشگاه شهید باهنر - کرمان
1395,تجربی,7730,1471,منطقه 3,پزشکی - بومی استان ایلام,دانشگاه علوم پزشکی ایلام
1395,تجربی,7739,3691,منطقه 2,داروسازی - بومی استان همدان,دانشگاه علوم پزشکی همدان
1395,تجربی,7739,3691,منطقه 2,روانشناسی,دانشگاه پیام نور قم - مرکز قم (محل تحصیل خواهران «پردیسان» و برادران «ساختمان شماره 2»)
1395,تجربی,7749,1473,منطقه 3,پزشکی - بومی استان همدان,دانشگاه علوم پزشکی همدان
1395,تجربی,7749,2464,منطقه 1,پزشکی,دانشگاه علوم پزشکی کرمان
1395,تجربی,7749,3696,منطقه 2,اتاق عمل,دانشگاه علوم پزشکی تهران
1395,تجربی,7749,3696,منطقه 2,علوم تغذیه,دانشکده علوم پزشکی شوشتر
1395,تجربی,7749,3696,منطقه 2,پزشکی,دانشگاه علوم پزشکی گلستان - گرگان
1395,تجربی,7756,2466,منطقه 1,دامپزشکی,دانشگاه تهران
1395,تجربی,7756,3700,منطقه 2,پرستاری - نیمسال اول,دانشگاه علوم پزشکی تهران
1395,تجربی,7763,1475,منطقه 3,پزشکی,دانشگاه علوم پزشکی گلستان - گرگان
1395,تجربی,7763,2468,منطقه 1,داروسازی,دانشگاه علوم پزشکی زنجان
1395,تجربی,7763,3704,منطقه 2,داروسازی,دانشگاه علوم پزشکی مشهد
1395,تجربی,7763,3704,منطقه 2,پزشکی - بومی استان چهارمحال بختیاری,دانشگاه علوم پزشکی شهرکرد
1395,تجربی,7772,1477,منطقه 3,پزشکی,دانشگاه علوم پزشکی جندی شاپور - اهواز
1395,تجربی,7772,3709,منطقه 2,داروسازی,دانشگاه علوم پزشکی شیراز
1395,تجربی,7772,3709,منطقه 2,پزشکی - محل تحصیل آران و بیدگل,دانشگاه علوم پزشکی کاشان
1395,تجربی,7778,1479,منطقه 3,پزشکی - بومی استان خوزستان,دانشگاه علوم پزشکی جندی شاپور اهواز
1395,تجربی,7778,2471,منطقه 1,پزشکی,دانشگاه علوم پزشکی زنجان
1395,تجربی,7785,3715,منطقه 2,بینایی سنجی,دانشگاه علوم پزشکی مشهد
1395,تجربی,7785,3715,منطقه 2,فیزیوتراپی,دانشگاه علوم پزشکی شهیدبهشتی - تهران
1395,تجربی,7785,3715,منطقه 2,پزشکی,دانشگاه علوم پزشکی کردستان - سنندج
1395,تجربی,7793,3719,منطقه 2,پزشکی - بومی استان یزد,دانشگاه علوم پزشکی یزد
1395,تجربی,7805,1484,منطقه 3,دندانپزشکی,دانشگاه علوم پزشکی گلستان - گرگان
1395,تجربی,7805,1484,منطقه 3,پزشکی,دانشگاه علوم پزشکی جندی شاپور - اهواز
1395,تجربی,7805,1484,منطقه 3,پزشکی - بومی استان خراسان جنوبی,دانشگاه علوم پزشکی بیرجند
1395,تجربی,7805,2479,منطقه 1,فیزیوتراپی,دانشگاه علوم پزشکی کرمان
1395,تجربی,7805,3725,منطقه 2,اتاق عمل,دانشگاه علوم پزشکی گیلان - رشت (محل تحصیل پیرا پزشکی لنگرود)
1395,تجربی,7805,3725,منطقه 2,علوم تغذیه,دانشگاه علوم پزشکی کاشان
1395,تجربی,7805,3725,منطقه 2,پزشکی,دانشگاه علوم پزشکی یاسوج
1395,تجربی,7817,3733,منطقه 2,پزشکی - بومی استان خوزستان,دانشگاه علوم پزشکی جندی شاپور اهواز
1395,تجربی,7817,3733,منطقه 2,پزشکی - محل تحصیل احمدآباد مشیر,دانشگاه علوم پزشکی یزد
1395,تجربی,7829,1490,منطقه 3,پزشکی,دانشگاه علوم پزشکی اصفهان
1395,تجربی,7829,1490,منطقه 3,پزشکی,دانشگاه علوم پزشکی همدان
1395,تجربی,7829,1490,منطقه 3,پزشکی - بومی استان لرستان,دانشگاه علوم پزشکی لرستان - خرم آباد
1395,تجربی,7829,3740,منطقه 2,پرستاری - نیمسال اول,دانشگاه علوم پزشکی تهران
1395,تجربی,7829,3740,منطقه 2,پزشکی - بومی استان یزد,دانشگاه علوم پزشکی یزد
1395,تجربی,7829,3740,منطقه 2,پزشکی - محل تحصیل احمدآباد مشیر,دانشگاه علوم پزشکی یزد
1395,تجربی,7842,2484,منطقه 1,پزشکی,دانشگاه علوم پزشکی گناباد
1395,تجربی,7854,3754,منطقه 2,فیزیوتراپی,دانشگاه علوم پزشکی زاهدان
1395,تجربی,7865,2494,منطقه 1,دامپزشکی,دانشگاه تبریز
1395,تجربی,7865,3757,منطقه 2,پزشکی - محل تحصیل احمدآباد مشیر,دانشگاه علوم پزشکی یزد
1395,تجربی,7874,1498,منطقه 3,دندانپزشکی,دانشگاه علوم پزشکی کرمانشاه
1395,تجربی,7874,3760,منطقه 2,داروسازی - بومی استان یزد,دانشگاه علوم پزشکی یزد
1395,تجربی,7881,3763,منطقه 2,علوم آزمایشگاهی,دانشگاه علوم پزشکی شهید بهشتی - تهران
1395,تجربی,7881,3763,منطقه 2,پزشکی,دانشگاه علوم پزشکی شهرکرد
1395,تجربی,7890,1501,منطقه 3,دندانپزشکی,دانشگاه علوم پزشکی مشهد
1395,تجربی,7890,3769,منطقه 2,پزشکی,دانشکده علوم پزشکی آبادان
1395,تجربی,7890,3769,منطقه 2,پزشکی,دانشگاه علوم پزشکی همدان
1395,تجربی,7901,1503,منطقه 3,داروسازی - بومی استان لرستان,دانشگاه علوم پزشکی لرستان - خرم آباد
1395,تجربی,7901,1503,منطقه 3,پرستاری - نیمسال اول,دانشگاه علوم پزشکی تبریز
1395,تجربی,7901,3776,منطقه 2,پزشکی,دانشگاه علوم پزشکی بوشهر
1395,تجربی,7901,3776,منطقه 2,پزشکی,دانشگاه علوم پزشکی زنجان
1395,تجربی,7901,3776,منطقه 2,پزشکی,دانشگاه علوم پزشکی گلستان - گرگان
1395,تجربی,7910,1507,منطقه 3,پزشکی - بومی استان بوشهر,دانشگاه علوم پزشکی بوشهر
1395,تجربی,7910,3778,منطقه 2,بینایی سنجی,دانشگاه علوم پزشکی مشهد
1395,تجربی,7920,1510,منطقه 3,پزشکی - بومی استان خوزستان,دانشگاه علوم پزشکی دزفول
1395,تجربی,7920,2511,منطقه 1,علوم آزمایشگاهی,دانشگاه علوم پزشکی شهید بهشتی - تهران
1395,تجربی,7920,3781,منطقه 2,پزشکی,دانشگاه علوم پزشکی دزفول
1395,تجربی,7920,3781,منطقه 2,پزشکی,دانشگاه علوم پزشکی گلستان - گرگان
1395,تجربی,7932,3789,منطقه 2,داروسازی,دانشگاه علوم پزشکی گیلان - رشت
1395,تجربی,7932,3789,منطقه 2,پزشکی,دانشگاه علوم پزشکی دزفول
1395,تجربی,7932,3789,منطقه 2,پزشکی - بومی استان هرمزگان,دانشگاه علوم پزشکی بندرعباس
1395,تجربی,7944,3799,منطقه 2,اتاق عمل,دانشگاه علوم پزشکی تهران
1395,تجربی,7944,3799,منطقه 2,دامپزشکی,دانشگاه رازی کرمانشاه
1395,تجربی,7944,3799,منطقه 2,روانشناسی,دانشگاه پیام نور کردستان - مرکز سنندج
1395,تجربی,7944,3799,منطقه 2,علوم آزمایشگاهی,دانشگاه علوم پزشکی یزد
1395,تجربی,7944,3799,منطقه 2,فیزیوتراپی,دانشگاه علوم پزشکی زاهدان
1395,تجربی,7953,1515,منطقه 3,پزشکی,دانشگاه علوم پزشکی بیرجند
1395,تجربی,7953,2517,منطقه 1,پزشکی,دانشگاه علوم پزشکی زنجان
1395,تجربی,7953,3803,منطقه 2,پزشکی,دانشگاه علوم پزشکی گلستان - گرگان
1395,تجربی,7964,1519,منطقه 3,بینایی سنجی,دانشگاه علوم پزشکی ایران
1395,تجربی,7964,1519,منطقه 3,فیزیوتراپی,دانشگاه علوم پزشکی جندی شاپور اهواز
1395,تجربی,7964,3806,منطقه 2,شنوایی شناسی,دانشگاه علوم پزشکی شهید بهشتی - تهران
1395,تجربی,7978,1524,منطقه 3,دندانپزشکی,دانشگاه علوم پزشکی اردبیل
1395,تجربی,7978,1524,منطقه 3,پزشکی,دانشگاه علوم پزشکی گیلان - رشت (محل تحصیل بندرانزلی)
1395,تجربی,7978,3811,منطقه 2,داروسازی,دانشگاه علوم پزشکی کرمانشاه
1395,تجربی,7978,3811,منطقه 2,پزشکی,دانشگاه علوم پزشکی زنجان
1395,تجربی,7988,3817,منطقه 2,پزشکی,دانشگاه علوم پزشکی بندرعباس
1395,تجربی,7988,3817,منطقه 2,پزشکی - محل تحصیل احمدآباد مشیر,دانشگاه علوم پزشکی یزد
1395,تجربی,7996,1528,منطقه 3,دندانپزشکی,دانشگاه علوم پزشکی شیراز
1395,تجربی,8004,1531,منطقه 3,پزشکی,دانشگاه علوم پزشکی ایران (محل تحصیل کرج)
1395,تجربی,8004,3825,منطقه 2,علوم تغذیه - نیمسال دوم,دانشگاه علوم پزشکی شهید بهشتی - تهران
1395,تجربی,8012,1535,منطقه 3,بینایی سنجی,دانشگاه علوم پزشکی ایران
1395,تجربی,8012,1535,منطقه 3,داروسازی - بومی استان اردبیل,دانشگاه علوم پزشکی اردبیل
1395,تجربی,8012,1535,منطقه 3,پزشکی,دانشگاه علوم پزشکی گلستان - گرگان
1395,تجربی,8012,3830,منطقه 2,فیزیوتراپی,دانشگاه علوم پزشکی زاهدان
1395,تجربی,8012,3830,منطقه 2,پزشکی,دانشگاه علوم پزشکی همدان
1395,تجربی,8021,3835,منطقه 2,علوم اقتصادی,دانشگاه تهران
1395,تجربی,8021,3835,منطقه 2,پزشکی,دانشگاه علوم پزشکی کردستان - سنندج
1395,تجربی,8030,1541,منطقه 3,دندانپزشکی,دانشگاه علوم پزشکی تهران
1395,تجربی,8038,3845,منطقه 2,بینایی سنجی,دانشگاه علوم پزشکی مشهد
1395,تجربی,8038,3845,منطقه 2,پرستاری - نیمسال اول,دانشگاه علوم پزشکی کاشان
1395,تجربی,8038,3845,منطقه 2,پزشکی,دانشگاه علوم پزشکی همدان
1395,تجربی,8048,1544,منطقه 3,دندانپزشکی - بومی استان بوشهر,دانشگاه علوم پزشکی بوشهر
1395,تجربی,8048,1544,منطقه 3,شنوایی شناسی,دانشگاه علوم پزشکی تبریز
1395,تجربی,8048,3851,منطقه 2,پرستاری - نیمسال دوم,دانشگاه علوم پزشکی شهید بهشتی - تهران
1395,تجربی,8048,3851,منطقه 2,پزشکی,دانشگاه علوم پزشکی کرمانشاه
1395,تجربی,8060,1546,منطقه 3,پزشکی - نیمسال دوم,دانشگاه علوم پزشکی تبریز
1395,تجربی,8060,2538,منطقه 1,پزشکی,دانشگاه علوم پزشکی زنجان
1395,تجربی,8060,3857,منطقه 2,دامپزشکی,دانشگاه شهید باهنر - کرمان
1395,تجربی,8060,3857,منطقه 2,پرستاری - نیمسال اول,دانشگاه علوم پزشکی مازندران - ساری
1395,تجربی,8060,3857,منطقه 2,پزشکی - محل تحصیل آران و بیدگل,دانشگاه علوم پزشکی کاشان
1395,تجربی,8071,2542,منطقه 1,شنوایی شناسی,دانشگاه علوم پزشکی شهید بهشتی - تهران
1395,تجربی,8071,2542,منطقه 1,پزشکی,دانشگاه علوم پزشکی کرمان
1395,تجربی,8083,1550,منطقه 3,پزشکی,دانشگاه علوم پزشکی مشهد
1395,تجربی,8083,3867,منطقه 2,پرستاری,دانشگاه علوم پزشکی گیلان - رشت (دانشکده پرستاری و مامایی لنگرود)
1395,تجربی,8083,3867,منطقه 2,پزشکی,دانشگاه علوم پزشکی گلستان - گرگان
1395,تجربی,8092,1552,منطقه 3,پزشکی,دانشگاه علوم پزشکی مشهد
1395,تجربی,8092,3872,منطقه 2,پزشکی,دانشگاه علوم پزشکی گلستان - گرگان
1395,تجربی,8101,1554,منطقه 3,پزشکی - بومی استان هرمزگان,دانشگاه علوم پزشکی بندرعباس
1395,تجربی,8101,2551,منطقه 1,پزشکی - محل تحصیل احمدآباد مشیر,دانشگاه علوم پزشکی یزد
1395,تجربی,8111,1555,منطقه 3,پزشکی,دانشگاه علوم پزشکی جندی شاپور - اهواز
1395,تجربی,8111,3879,منطقه 2,علوم تغذیه - نیمسال دوم,دانشگاه علوم پزشکی شهید بهشتی - تهران
1395,تجربی,8111,3879,منطقه 2,پزشکی - محل تحصیل آران و بیدگل,دانشگاه علوم پزشکی کاشان
1395,تجربی,8123,1557,منطقه 3,پزشکی - نیمسال دوم,دانشگاه علوم پزشکی سمنان
1395,تجربی,8123,2561,منطقه 1,پزشکی,دانشگاه علوم پزشکی بیرجند
1395,تجربی,8123,2561,منطقه 1,پزشکی,دانشگاه علوم پزشکی کرمان
1395,تجربی,8123,3883,منطقه 2,داروسازی,دانشگاه علوم پزشکی اردبیل
1395,تجربی,8123,3883,منطقه 2,پزشکی,دانشکده علوم پزشکی آبادان
1395,تجربی,8136,1560,منطقه 3,علوم آزمایشگاهی - نیمسال دوم,دانشگاه علوم پزشکی اراک
1395,تجربی,8136,1560,منطقه 3,پزشکی,دانشگاه علوم پزشکی جیرفت
1395,تجربی,8136,3887,منطقه 2,فیزیوتراپی,دانشگاه علوم پزشکی شهیدبهشتی - تهران
1395,تجربی,8136,3887,منطقه 2,پرستاری - نیمسال اول,دانشگاه علوم پزشکی شاهرود
1395,تجربی,8148,3891,منطقه 2,بینایی سنجی,دانشگاه علوم پزشکی مشهد
1395,تجربی,8148,3891,منطقه 2,پزشکی,دانشگاه علوم پزشکی فسا
1395,تجربی,8158,1566,منطقه 3,فیزیوتراپی,دانشگاه علوم پزشکی شیراز
1395,تجربی,8170,123,ایثارگران,پزشکی - نیمسال دوم,دانشگاه علوم پزشکی شهید بهشتی - تهران
1395,تجربی,8170,1570,منطقه 3,دندانپزشکی - بومی استان بوشهر,دانشگاه علوم پزشکی بوشهر
1395,تجربی,8170,1570,منطقه 3,دندانپزشکی - بومی استان قزوین,دانشگاه علوم پزشکی قزوین
1395,تجربی,8170,1570,منطقه 3,فیزیوتراپی,دانشگاه علوم پزشکی زاهدان
1395,تجربی,8170,3901,منطقه 2,روانشناسی,دانشگاه پیام نور گلستان - مرکز گرگان
1395,تجربی,8170,3901,منطقه 2,پزشکی - محل تحصیل احمدآباد مشیر,دانشگاه علوم پزشکی یزد
1395,تجربی,8183,1573,منطقه 3,شنوایی شناسی,دانشگاه علوم پزشکی ایران
1395,تجربی,8183,1573,منطقه 3,پزشکی - بومی استان بوشهر,دانشگاه علوم پزشکی بوشهر
1395,تجربی,8183,2580,منطقه 1,علوم تغذیه,دانشگاه علوم پزشکی تبریز
1395,تجربی,8183,3907,منطقه 2,داروسازی,دانشگاه علوم پزشکی مشهد
1395,تجربی,8183,3907,منطقه 2,داروسازی - بومی استان خراسان جنوبی,دانشگاه علوم پزشکی زابل
1395,تجربی,8195,1576,منطقه 3,دندانپزشکی,دانشگاه علوم پزشکی گیلان - رشت (محل تحصیل بندرانزلی)
1395,تجربی,8195,1576,منطقه 3,پرستاری - نیمسال اول,دانشگاه علوم پزشکی شهید بهشتی - تهران
1395,تجربی,8195,1576,منطقه 3,پزشکی,دانشگاه علوم پزشکی شیراز
1395,تجربی,8195,1576,منطقه 3,پزشکی,دانشگاه علوم پزشکی مشهد
1395,تجربی,8195,2584,منطقه 1,داروسازی,دانشگاه علوم پزشکی شیراز
1395,تجربی,8195,2584,منطقه 1,روانشناسی,دانشگاه علامه طباطبایی - تهران
1395,تجربی,8195,3911,منطقه 2,علوم آزمایشگاهی,دانشگاه علوم پزشکی ایران
1395,تجربی,8195,3911,منطقه 2,علوم آزمایشگاهی,دانشگاه علوم پزشکی مازندران - ساری
1395,تجربی,8208,1579,منطقه 3,فیزیوتراپی,دانشگاه علوم پزشکی اصفهان
1395,تجربی,8208,2589,منطقه 1,علوم تغذیه,دانشگاه علوم پزشکی تبریز
1395,تجربی,8208,2589,منطقه 1,پزشکی,دانشگاه علوم پزشکی کردستان - سنندج
1395,تجربی,8208,3917,منطقه 2,شنوایی شناسی,دانشگاه علوم پزشکی شهید بهشتی - تهران
1395,تجربی,8218,1582,منطقه 3,داروسازی,دانشگاه علوم پزشکی گیلان - رشت
1395,تجربی,8218,2592,منطقه 1,داروسازی,دانشگاه علوم پزشکی یزد
1395,تجربی,8223,3922,منطقه 2,پزشکی,دانشگاه علوم پزشکی کردستان - سنندج
1395,تجربی,8231,1584,منطقه 3,پزشکی - بومی استان هرمزگان,دانشگاه علوم پزشکی بندرعباس
1395,تجربی,8231,3928,منطقه 2,مهندسی بهداشت حرفه ای,دانشگاه علوم پزشکی کرمانشاه
1395,تجربی,8231,3928,منطقه 2,پزشکی - محل تحصیل احمدآباد مشیر,دانشگاه علوم پزشکی یزد
1395,تجربی,8231,3928,منطقه 2,پزشکی - نیمسال دوم,دانشگاه علوم پزشکی شاهرود
1395,تجربی,8245,1587,منطقه 3,فیزیوتراپی,دانشگاه علوم پزشکی شیراز
1395,تجربی,8245,1587,منطقه 3,پزشکی,دانشگاه علوم پزشکی ارومیه
1395,تجربی,8245,1587,منطقه 3,پزشکی - بومی استان کهگیلویه وبویر احمد,دانشگاه علوم پزشکی یاسوج
1395,تجربی,8245,2598,منطقه 1,بینایی سنجی,دانشگاه علوم پزشکی مشهد
1395,تجربی,8245,3935,منطقه 2,داروسازی,دانشگاه علوم پزشکی کرمانشاه
1395,تجربی,8245,3935,منطقه 2,پزشکی,دانشگاه علوم پزشکی بیرجند
1395,تجربی,8245,3935,منطقه 2,گفتاردرمانی,دانشگاه علوم پزشکی اصفهان
1395,تجربی,8259,2601,منطقه 1,علوم تغذیه - محل تحصیل پردیس خودگردان دانشگاه واقع درتهران,دانشگاه علوم پزشکی شهیدبهشتی - تهران
1395,تجربی,8259,3942,منطقه 2,داروسازی,دانشگاه علوم پزشکی زنجان
1395,تجربی,8259,3942,منطقه 2,داروسازی,دانشگاه علوم پزشکی مشهد
1395,تجربی,8259,3942,منطقه 2,پزشکی,دانشگاه علوم پزشکی دزفول
1395,تجربی,8259,3942,منطقه 2,پزشکی,دانشگاه علوم پزشکی کرمان
1395,تجربی,8259,3942,منطقه 2,پزشکی - نیمسال دوم,دانشگاه علوم پزشکی شاهرود
1395,تجربی,8271,1594,منطقه 3,فیزیوتراپی,دانشگاه علوم پزشکی کرمان
1395,تجربی,8271,1594,منطقه 3,پزشکی,دانشگاه علوم پزشکی جیرفت
1395,تجربی,8271,1594,منطقه 3,پزشکی,دانشگاه علوم پزشکی زابل
1395,تجربی,8271,1594,منطقه 3,پزشکی - بومی استان ایلام,دانشگاه علوم پزشکی ایلام
1395,تجربی,8271,2603,منطقه 1,دامپزشکی,دانشگاه تهران
1395,تجربی,8271,3949,منطقه 2,پزشکی,دانشکده علوم پزشکی آبادان
1395,تجربی,8283,1599,منطقه 3,پزشکی,دانشگاه علوم پزشکی شیراز
1395,تجربی,8283,1599,منطقه 3,پزشکی - بومی استان یزد,دانشگاه علوم پزشکی یزد
1395,تجربی,8283,2606,منطقه 1,پزشکی,دانشگاه علوم پزشکی کردستان - سنندج
1395,تجربی,8292,1601,منطقه 3,داروسازی - بومی استان اردبیل,دانشگاه علوم پزشکی اردبیل
1395,تجربی,8292,3956,منطقه 2,داروسازی,دانشگاه علوم پزشکی جندی شاپور - اهواز
1395,تجربی,8292,3956,منطقه 2,پرستاری - نیمسال اول,دانشگاه علوم پزشکی تهران
1395,تجربی,8292,3956,منطقه 2,پزشکی,دانشگاه علوم پزشکی کردستان - سنندج
1395,تجربی,8302,1605,منطقه 3,داروسازی,دانشگاه علوم پزشکی بندرعباس
1395,تجربی,8302,1605,منطقه 3,پزشکی,دانشگاه علوم پزشکی ایران (محل تحصیل کرج)
1395,تجربی,8302,1605,منطقه 3,پزشکی,دانشگاه علوم پزشکی بم
1395,تجربی,8302,1605,منطقه 3,پزشکی,دانشگاه علوم پزشکی کرمانشاه
1395,تجربی,8302,2612,منطقه 1,بینایی سنجی,دانشگاه علوم پزشکی زاهدان
1395,تجربی,8302,2612,منطقه 1,پزشکی,دانشگاه علوم پزشکی کردستان - سنندج
1395,تجربی,8302,3960,منطقه 2,علوم تغذیه - محل تحصیل شهرستان سپیدان,دانشگاه علوم پزشکی شیراز
1395,تجربی,8302,3960,منطقه 2,پرستاری,دانشگاه علوم پزشکی زنجان
1395,تجربی,8315,1609,منطقه 3,پزشکی,دانشگاه علوم پزشکی کاشان
1395,تجربی,8315,3965,منطقه 2,تکنولوژی پرتودرمانی,دانشگاه علوم پزشکی شهید بهشتی - تهران
1395,تجربی,8315,3965,منطقه 2,دامپزشکی,دانشگاه تبریز
1395,تجربی,8315,3965,منطقه 2,پزشکی - محل تحصیل احمدآباد مشیر,دانشگاه علوم پزشکی یزد
1395,تجربی,8328,1610,منطقه 3,داروسازی,دانشگاه علوم پزشکی شیراز
1395,تجربی,8328,2620,منطقه 1,علوم آزمایشگاهی,دانشگاه علوم پزشکی تبریز
1395,تجربی,8328,3972,منطقه 2,داروسازی - بومی استان همدان,دانشگاه علوم پزشکی همدان
1395,تجربی,8328,3972,منطقه 2,علوم آزمایشگاهی,دانشگاه علوم پزشکی شیراز
1395,تجربی,8328,3972,منطقه 2,علوم تغذیه,دانشگاه علوم پزشکی زاهدان
1395,تجربی,8328,3972,منطقه 2,پزشکی - محل تحصیل احمدآباد مشیر,دانشگاه علوم پزشکی یزد
1395,تجربی,8341,1611,منطقه 3,پزشکی,دانشگاه علوم پزشکی زابل
1395,تجربی,8341,2625,منطقه 1,داروسازی,دانشگاه علوم پزشکی همدان
1395,تجربی,8341,3980,منطقه 2,پرستاری - نیمسال اول,دانشگاه علوم پزشکی مشهد
1395,تجربی,8341,3980,منطقه 2,پزشکی,دانشگاه علوم پزشکی فسا
1395,تجربی,8341,3980,منطقه 2,پزشکی - محل تحصیل احمدآباد مشیر,دانشگاه علوم پزشکی یزد
1395,تجربی,8353,126,ایثارگران,پزشکی,دانشگاه علوم پزشکی ایران
1395,تجربی,8353,1612,منطقه 3,پزشکی,دانشگاه علوم پزشکی اردبیل
1395,تجربی,8353,1612,منطقه 3,پزشکی - بومی استان ایلام,دانشگاه علوم پزشکی ایلام
1395,تجربی,8353,3987,منطقه 2,زیست شناسی جانوری,دانشگاه شهید باهنر - کرمان
1395,تجربی,8353,3987,منطقه 2,پزشکی - بومی استان مرکزی,دانشگاه علوم پزشکی اراک
1395,تجربی,8367,1614,منطقه 3,دندانپزشکی,دانشگاه علوم پزشکی جندی شاپور - اهواز
1395,تجربی,8367,2631,منطقه 1,علوم آزمایشگاهی,دانشگاه علوم پزشکی مشهد
1395,تجربی,8367,3995,منطقه 2,بینایی سنجی,دانشگاه علوم پزشکی مشهد
1395,تجربی,8367,3995,منطقه 2,فیزیوتراپی,دانشگاه علوم پزشکی مشهد
1395,تجربی,8367,3995,منطقه 2,پزشکی,دانشگاه علوم پزشکی بیرجند
1395,تجربی,8367,3995,منطقه 2,پزشکی,دانشگاه علوم پزشکی کرمان
1395,تجربی,8381,1616,منطقه 3,داروسازی,دانشگاه علوم پزشکی جندی شاپور اهواز
1395,تجربی,8381,2635,منطقه 1,اتاق عمل,دانشگاه علوم پزشکی تبریز
1395,تجربی,8393,1620,منطقه 3,پزشکی - بومی استان ایلام,دانشگاه علوم پزشکی ایلام
1395,تجربی,8393,2639,منطقه 1,پزشکی,دانشگاه علوم پزشکی بوشهر
1395,تجربی,8393,2639,منطقه 1,پزشکی,دانشگاه علوم پزشکی رفسنجان
1395,تجربی,8405,1624,منطقه 3,پزشکی,دانشگاه علوم پزشکی مشهد
1395,تجربی,8405,4012,منطقه 2,گفتاردرمانی,دانشگاه علوم پزشکی تهران
1395,تجربی,8416,1625,منطقه 3,حسابداری,دانشگاه پیام نور آذربایجان غربی - مرکز بوکان
1395,تجربی,8416,1625,منطقه 3,پزشکی,دانشگاه علوم پزشکی ایران (محل تحصیل کرج)
1395,تجربی,8416,4019,منطقه 2,شنوایی شناسی,دانشگاه علوم پزشکی شهید بهشتی - تهران
1395,تجربی,8416,4019,منطقه 2,پزشکی,دانشگاه علوم پزشکی کردستان - سنندج
1395,تجربی,8416,4019,منطقه 2,پزشکی - بومی استان کرمان,دانشگاه علوم پزشکی جیرفت
1395,تجربی,8429,1627,منطقه 3,بینایی سنجی,دانشگاه علوم پزشکی ایران
1395,تجربی,8429,1627,منطقه 3,داروسازی - بومی استان لرستان,دانشگاه علوم پزشکی لرستان - خرم آباد
1395,تجربی,8429,4027,منطقه 2,شنوایی شناسی,دانشگاه علوم پزشکی تهران
1395,تجربی,8429,4027,منطقه 2,پزشکی,دانشگاه علوم پزشکی یاسوج
1395,تجربی,8442,1629,منطقه 3,فیزیوتراپی,دانشگاه علوم بهزیستی و توانبخشی تهران
1395,تجربی,8455,1630,منطقه 3,پزشکی,دانشگاه علوم پزشکی ارومیه
1395,تجربی,8455,4035,منطقه 2,داروسازی,دانشگاه علوم پزشکی بندرعباس
1395,تجربی,8455,4035,منطقه 2,دبیری زیست شناسی - بومی استان خراسان رضوی,پردیس شهید چمران - تهران
1395,تجربی,8455,4035,منطقه 2,دبیری زیست شناسی - بومی استان کردستان,پردیس نسیبه - تهران
1395,تجربی,8469,1634,منطقه 3,دندانپزشکی,دانشگاه علوم پزشکی کرمان
1395,تجربی,8469,1634,منطقه 3,پزشکی,دانشگاه علوم پزشکی ارومیه
1395,تجربی,8469,1634,منطقه 3,پزشکی,دانشگاه علوم پزشکی بابل
1395,تجربی,8469,1634,منطقه 3,پزشکی,دانشگاه علوم پزشکی کرمانشاه
1395,تجربی,8469,2669,منطقه 1,دامپزشکی,دانشگاه شیراز
1395,تجربی,8469,4039,منطقه 2,علوم آزمایشگاهی,دانشگاه علوم پزشکی اصفهان
1395,تجربی,8469,4039,منطقه 2,پزشکی,دانشگاه علوم پزشکی گناباد
1395,تجربی,8482,2675,منطقه 1,علوم آزمایشگاهی - نیمسال اول,دانشگاه غیرانتفاعی علوم پزشکی وارستگان - مشهد
1395,تجربی,8497,1639,منطقه 3,پزشکی,دانشگاه علوم پزشکی کرمانشاه
1395,تجربی,8497,1639,منطقه 3,پزشکی - بومی استان خوزستان,دانشگاه علوم پزشکی جندی شاپور اهواز
1395,تجربی,8497,4049,منطقه 2,پزشکی,دانشگاه علوم پزشکی بیرجند
1395,تجربی,8497,4049,منطقه 2,پزشکی - بومی استان خراسان جنوبی,دانشگاه علوم پزشکی بیرجند
1395,تجربی,8510,1641,منطقه 3,پزشکی - بومی استان ایلام,دانشگاه علوم پزشکی ایلام
1395,تجربی,8510,4055,منطقه 2,پزشکی,دانشگاه علوم پزشکی کردستان - سنندج
1395,تجربی,8519,1642,منطقه 3,فیزیوتراپی,دانشگاه علوم پزشکی کرمان
1395,تجربی,8519,4060,منطقه 2,پزشکی,دانشگاه علوم پزشکی سبزوار
1395,تجربی,8519,4060,منطقه 2,پزشکی,دانشگاه علوم پزشکی کردستان - سنندج
1395,تجربی,8529,4066,منطقه 2,پزشکی,دانشگاه علوم پزشکی ایلام
1395,تجربی,8537,1645,منطقه 3,بینایی سنجی,دانشگاه علوم پزشکی مشهد
1395,تجربی,8537,1645,منطقه 3,پزشکی,دانشگاه علوم پزشکی کرمان
1395,تجربی,8547,4075,منطقه 2,پزشکی,دانشگاه علوم پزشکی بیرجند
1395,تجربی,8547,4075,منطقه 2,پزشکی,دانشگاه علوم پزشکی کردستان - سنندج
1395,تجربی,8555,4079,منطقه 2,علوم آزمایشگاهی,دانشگاه علوم پزشکی شهید بهشتی - تهران
1395,تجربی,8562,1650,منطقه 3,پزشکی,دانشگاه علوم پزشکی کرمانشاه
1395,تجربی,8572,2707,منطقه 1,هوشبری,دانشگاه علوم پزشکی ایران
1395,تجربی,8572,2707,منطقه 1,پرستاری - نیمسال اول,دانشگاه علوم پزشکی تبریز
1395,تجربی,8580,1655,منطقه 3,داروسازی,دانشگاه علوم پزشکی تهران
1395,تجربی,8580,4087,منطقه 2,فیزیوتراپی,دانشگاه علوم پزشکی جندی شاپور اهواز
1395,تجربی,8580,4087,منطقه 2,پزشکی,دانشگاه علوم پزشکی ایلام
1395,تجربی,8589,1657,منطقه 3,پزشکی,دانشگاه علوم پزشکی اردبیل
1395,تجربی,8589,2711,منطقه 1,دامپزشکی,دانشگاه فردوسی - مشهد
1395,تجربی,8589,4092,منطقه 2,داروسازی,دانشگاه علوم پزشکی اصفهان
1395,تجربی,8589,4092,منطقه 2,داروسازی - بومی استان خوزستان,دانشگاه علوم پزشکی جندی شاپور اهواز
1395,تجربی,8589,4092,منطقه 2,علوم تغذیه,دانشگاه علوم پزشکی تبریز
1395,تجربی,8589,4092,منطقه 2,علوم تغذیه - محل تحصیل شهرستان سپیدان,دانشگاه علوم پزشکی شیراز
1395,تجربی,8601,1660,منطقه 3,پزشکی,دانشگاه علوم پزشکی کردستان - سنندج
1395,تجربی,8612,1664,منطقه 3,علوم آزمایشگاهی,دانشگاه علوم پزشکی تبریز
1395,تجربی,8612,1664,منطقه 3,پرستاری - نیمسال اول,دانشگاه علوم پزشکی شهید بهشتی - تهران
1395,تجربی,8612,1664,منطقه 3,پزشکی - بومی استان ایلام,دانشگاه علوم پزشکی ایلام
1395,تجربی,8612,4103,منطقه 2,پزشکی,دانشگاه علوم پزشکی ایلام
1395,تجربی,8622,1668,منطقه 3,پزشکی,دانشگاه علوم پزشکی جندی شاپور - اهواز
1395,تجربی,8622,4107,منطقه 2,داروسازی,دانشگاه علوم پزشکی گیلان - رشت
1395,تجربی,8640,1674,منطقه 3,پزشکی,دانشگاه علوم پزشکی شیراز
1395,تجربی,8640,4116,منطقه 2,بینایی سنجی,دانشگاه علوم پزشکی زاهدان
1395,تجربی,8640,4116,منطقه 2,داروسازی,دانشگاه علوم پزشکی اردبیل
1395,تجربی,8640,4116,منطقه 2,پزشکی,دانشگاه علوم پزشکی بیرجند
1395,تجربی,8651,4122,منطقه 2,پزشکی,دانشگاه علوم پزشکی بیرجند
1395,تجربی,8664,1679,منطقه 3,فیزیوتراپی,دانشگاه علوم پزشکی جندی شاپور اهواز
1395,تجربی,8664,1679,منطقه 3,فیزیوتراپی,دانشگاه علوم پزشکی شیراز
1395,تجربی,8664,1679,منطقه 3,کاردرمانی,دانشگاه علوم پزشکی ایران
1395,تجربی,8664,4126,منطقه 2,دامپزشکی,دانشگاه شهید باهنر - کرمان
1395,تجربی,8679,1683,منطقه 3,داروسازی - بومی استان خوزستان-دارای تعهد خدمت در دزفول,دانشگاه علوم پزشکی جندی شاپور اهواز
1395,تجربی,8679,4133,منطقه 2,داروسازی,دانشگاه علوم پزشکی کرمان
1395,تجربی,8679,4133,منطقه 2,پزشکی,دانشگاه علوم پزشکی بندرعباس
1395,تجربی,8679,4133,منطقه 2,پزشکی,دانشگاه علوم پزشکی جهرم
1395,تجربی,8692,4141,منطقه 2,داروسازی,دانشگاه علوم پزشکی شهیدبهشتی - تهران
1395,تجربی,8692,4141,منطقه 2,داروسازی,دانشگاه علوم پزشکی همدان
1395,تجربی,8692,4141,منطقه 2,پزشکی,دانشگاه علوم پزشکی بم
1395,تجربی,8692,4141,منطقه 2,پزشکی,دانشگاه علوم پزشکی بندرعباس
1395,تجربی,8704,1686,منطقه 3,دندانپزشکی,دانشگاه علوم پزشکی گلستان - گرگان
1395,تجربی,8704,2744,منطقه 1,زیست شناسی,دانشگاه تبریز
1395,تجربی,8719,130,ایثارگران,پزشکی - نیمسال اول,دانشگاه علوم پزشکی اصفهان
1395,تجربی,8719,1689,منطقه 3,بینایی سنجی,دانشگاه علوم پزشکی ایران
1395,تجربی,8719,1689,منطقه 3,فیزیوتراپی,دانشگاه علوم پزشکی جندی شاپور اهواز
1395,تجربی,8719,1689,منطقه 3,پزشکی,دانشگاه علوم پزشکی خراسان شمالی - بجنورد
1395,تجربی,8719,1689,منطقه 3,پزشکی - بومی استان کرمان,دانشگاه علوم پزشکی جیرفت
1395,تجربی,8719,2748,منطقه 1,دامپزشکی,دانشگاه شهرکرد
1395,تجربی,8719,4151,منطقه 2,بینایی سنجی,دانشگاه علوم پزشکی زاهدان
1395,تجربی,8719,4151,منطقه 2,پزشکی,دانشگاه علوم پزشکی بندرعباس
1395,تجربی,8719,4151,منطقه 2,پزشکی - بومی استان هرمزگان,دانشگاه علوم پزشکی بندرعباس
1395,تجربی,8733,1693,منطقه 3,دندانپزشکی,دانشگاه علوم پزشکی گلستان - گرگان
1395,تجربی,8733,4158,منطقه 2,داروسازی,دانشگاه علوم پزشکی اردبیل
1395,تجربی,8733,4158,منطقه 2,شنوایی شناسی,دانشگاه علوم پزشکی تهران
1395,تجربی,8733,4158,منطقه 2,علوم آزمایشگاهی,دانشگاه علوم پزشکی اصفهان
1395,تجربی,8744,1696,منطقه 3,داروسازی - بومی استان ایلام,دانشگاه علوم پزشکی لرستان - خرم آباد
1395,تجربی,8744,4163,منطقه 2,بینایی سنجی,دانشگاه علوم پزشکی شهیدبهشتی - تهران
1395,تجربی,8744,4163,منطقه 2,علوم آزمایشگاهی,دانشگاه علوم پزشکی ایران
1395,تجربی,8744,4163,منطقه 2,پرستاری - نیمسال اول,دانشگاه علوم پزشکی تهران
1395,تجربی,8755,1699,منطقه 3,پزشکی,دانشگاه علوم پزشکی کردستان - سنندج
1395,تجربی,8755,1699,منطقه 3,پزشکی - محل تحصیل احمدآباد مشیر,دانشگاه علوم پزشکی یزد
1395,تجربی,8766,1701,منطقه 3,پزشکی,دانشگاه علوم پزشکی اردبیل
1395,تجربی,8766,4175,منطقه 2,زیست فناوری,دانشگاه تهران
1395,تجربی,8766,4175,منطقه 2,پزشکی,دانشگاه علوم پزشکی بندرعباس
1395,تجربی,8778,2762,منطقه 1,روانشناسی,دانشگاه اصفهان
1395,تجربی,8778,2762,منطقه 1,شنوایی شناسی,دانشگاه علوم پزشکی اصفهان
1395,تجربی,8787,4183,منطقه 2,علوم تغذیه,دانشگاه علوم پزشکی اصفهان
1395,تجربی,8787,4183,منطقه 2,پزشکی,دانشگاه علوم پزشکی بندرعباس
1395,تجربی,8797,1705,منطقه 3,داروسازی,دانشگاه علوم پزشکی شهید بهشتی - تهران
1395,تجربی,8797,1705,منطقه 3,پزشکی,دانشگاه علوم پزشکی همدان
1395,تجربی,8797,4189,منطقه 2,داروسازی,دانشگاه علوم پزشکی شیراز
1395,تجربی,8797,4189,منطقه 2,داروسازی - بومی استان کردستان,دانشگاه علوم پزشکی کرمانشاه
1395,تجربی,8808,1707,منطقه 3,علوم تغذیه - نیمسال اول,دانشگاه علوم پزشکی شهید بهشتی - تهران
1395,تجربی,8808,1707,منطقه 3,فیزیوتراپی,دانشگاه علوم پزشکی سمنان
1395,تجربی,8808,2772,منطقه 1,پزشکی,دانشگاه علوم پزشکی گناباد
1395,تجربی,8808,4196,منطقه 2,مامایی,دانشگاه علوم پزشکی شیراز
1395,تجربی,8808,4196,منطقه 2,پزشکی,دانشگاه علوم پزشکی بم
1395,تجربی,8808,4196,منطقه 2,کاردرمانی,دانشگاه علوم پزشکی شیراز
1395,تجربی,8820,1709,منطقه 3,بینایی سنجی,دانشگاه علوم پزشکی ایران
1395,تجربی,8820,2775,منطقه 1,بینایی سنجی,دانشگاه علوم پزشکی زاهدان
1395,تجربی,8820,4202,منطقه 2,پرستاری - نیمسال اول,دانشگاه علوم پزشکی تهران
1395,تجربی,8831,1711,منطقه 3,دندانپزشکی,دانشگاه علوم پزشکی اصفهان
1395,تجربی,8846,1713,منطقه 3,دندانپزشکی - بومی استان قزوین,دانشگاه علوم پزشکی قزوین
1395,تجربی,8846,2786,منطقه 1,داروسازی,دانشگاه علوم پزشکی تبریز
1395,تجربی,8846,2786,منطقه 1,پزشکی,دانشگاه علوم پزشکی بندرعباس
1395,تجربی,8846,4214,منطقه 2,اتاق عمل,دانشگاه علوم پزشکی اصفهان
1395,تجربی,8846,4214,منطقه 2,داروسازی,علوم پزشکی مازندران - ساری -(محل تحصیل رامسر)
1395,تجربی,8846,4214,منطقه 2,دبیری زیست شناسی - بومی استان اصفهان,پردیس شهید باهنر - اصفهان
1395,تجربی,8846,4214,منطقه 2,دبیری زیست شناسی - بومی استان کرمان,پردیس فاطمه الزهرا (س) - اصفهان
1395,تجربی,8846,4214,منطقه 2,پزشکی,دانشگاه علوم پزشکی گناباد
1395,تجربی,8860,1716,منطقه 3,پرستاری - نیمسال اول,دانشگاه علوم پزشکی تهران
1395,تجربی,8874,1720,منطقه 3,پرستاری,دانشگاه علوم پزشکی اردبیل
1395,تجربی,8874,2794,منطقه 1,علوم تغذیه,دانشگاه علوم پزشکی تبریز
1395,تجربی,8889,4234,منطقه 2,داروسازی - محل تحصیل پردیس خودگردان دانشگاه علوم پزشکی تبریز,دانشگاه علوم پزشکی تبریز
1395,تجربی,8889,4234,منطقه 2,پزشکی,دانشگاه علوم پزشکی ایلام
1395,تجربی,8899,1723,منطقه 3,زیست فناوری,دانشگاه تهران
1395,تجربی,8899,1723,منطقه 3,پزشکی,دانشگاه علوم پزشکی همدان
1395,تجربی,8910,1726,منطقه 3,فیزیوتراپی,دانشگاه علوم پزشکی اصفهان
1395,تجربی,8910,2806,منطقه 1,پزشکی,دانشگاه علوم پزشکی بندرعباس
1395,تجربی,8910,2806,منطقه 1,پزشکی - نیمسال اول,دانشگاه علوم پزشکی زاهدان
1395,تجربی,8910,4243,منطقه 2,داروسازی - بومی استان همدان,دانشگاه علوم پزشکی همدان
1395,تجربی,8925,2811,منطقه 1,دامپزشکی,دانشگاه فردوسی - مشهد
1395,تجربی,8925,4251,منطقه 2,اتاق عمل,دانشگاه علوم پزشکی تهران
1395,تجربی,8925,4251,منطقه 2,فیزیوتراپی,دانشگاه علوم پزشکی بابل
1395,تجربی,8925,4251,منطقه 2,پرستاری - نیمسال اول,دانشگاه علوم پزشکی شهید بهشتی - تهران
1395,تجربی,8941,2817,منطقه 1,پزشکی,دانشگاه علوم پزشکی بم
1395,تجربی,8941,4259,منطقه 2,شنوایی شناسی,دانشگاه علوم پزشکی تهران
1395,تجربی,8941,4259,منطقه 2,پزشکی - بومی استان سیستان و بلوچستان- نیمسال اول,دانشگاه علوم پزشکی زاهدان
1395,تجربی,8952,1733,منطقه 3,تکنولوژی پرتودرمانی,دانشگاه علوم پزشکی شهید بهشتی - تهران
1395,تجربی,8959,1735,منطقه 3,پزشکی,دانشگاه علوم پزشکی گیلان - رشت (محل تحصیل بندرانزلی)
1395,تجربی,8959,4266,منطقه 2,فیزیوتراپی,دانشگاه علوم پزشکی بابل
1395,تجربی,8968,1737,منطقه 3,دندانپزشکی,دانشگاه علوم پزشکی زنجان
1395,تجربی,8968,1737,منطقه 3,پزشکی,دانشگاه علوم پزشکی ایلام
1395,تجربی,8968,1737,منطقه 3,پزشکی,دانشگاه علوم پزشکی شیراز
1395,تجربی,8982,1743,منطقه 3,پزشکی,دانشگاه علوم پزشکی گیلان - رشت (محل تحصیل بندرانزلی)
1395,تجربی,8982,2827,منطقه 1,پرستاری - نیمسال اول,دانشگاه علوم پزشکی مشهد
1395,تجربی,8998,1752,منطقه 3,دندانپزشکی,دانشگاه علوم پزشکی اصفهان
1395,تجربی,8998,1752,منطقه 3,دندانپزشکی - بومی استان بوشهر,دانشگاه علوم پزشکی بوشهر
1395,تجربی,8998,1752,منطقه 3,پزشکی,دانشگاه علوم پزشکی اردبیل
1395,تجربی,8998,1752,منطقه 3,پزشکی,دانشگاه علوم پزشکی لرستان - خرم آباد
1395,تجربی,8998,1752,منطقه 3,پزشکی - نیمسال اول,دانشگاه علوم پزشکی زاهدان
1395,تجربی,8998,4283,منطقه 2,شنوایی شناسی,دانشگاه علوم پزشکی تهران
1395,تجربی,8998,4283,منطقه 2,پزشکی,دانشگاه علوم پزشکی ایلام
1395,تجربی,8998,4283,منطقه 2,پزشکی,دانشگاه علوم پزشکی بم
1395,تجربی,9013,135,ایثارگران,پزشکی - نیمسال اول,دانشگاه علوم پزشکی مشهد
1395,تجربی,9027,1763,منطقه 3,بینایی سنجی,دانشگاه علوم پزشکی مشهد
1395,تجربی,9027,1763,منطقه 3,داروسازی,دانشگاه علوم پزشکی کرمان
1395,تجربی,9042,2841,منطقه 1,پزشکی - نیمسال دوم,دانشگاه علوم پزشکی زاهدان
1395,تجربی,9054,1770,منطقه 3,دندانپزشکی,دانشگاه علوم پزشکی جندی شاپور - اهواز
1395,تجربی,9063,2849,منطقه 1,پزشکی,دانشگاه علوم پزشکی جیرفت
1395,تجربی,9063,4305,منطقه 2,داروسازی,دانشگاه علوم پزشکی کرمان
1395,تجربی,9071,1773,منطقه 3,پزشکی,دانشگاه علوم پزشکی همدان
1395,تجربی,9071,1773,منطقه 3,پزشکی - بومی استان ایلام,دانشگاه علوم پزشکی ایلام
1395,تجربی,9071,2853,منطقه 1,فیزیوتراپی,دانشگاه علوم پزشکی اصفهان
1395,تجربی,9071,2853,منطقه 1,پزشکی,دانشگاه علوم پزشکی جیرفت
1395,تجربی,9071,4309,منطقه 2,پزشکی,دانشگاه علوم پزشکی جیرفت
1395,تجربی,9080,1776,منطقه 3,پزشکی,علوم پزشکی مازندران - ساری -(محل تحصیل رامسر)
1395,تجربی,9080,1776,منطقه 3,پزشکی - محل تحصیل احمدآباد مشیر,دانشگاه علوم پزشکی یزد
1395,تجربی,9080,2855,منطقه 1,گفتاردرمانی,دانشگاه علوم پزشکی تهران
1395,تجربی,9080,4313,منطقه 2,علوم آزمایشگاهی,دانشگاه علوم پزشکی ایران
1395,تجربی,9099,2860,منطقه 1,پزشکی - نیمسال اول,دانشگاه علوم پزشکی زاهدان
1395,تجربی,9099,4324,منطقه 2,علوم تغذیه - نیمسال اول,دانشگاه علوم پزشکی شهید بهشتی - تهران
1395,تجربی,9099,4324,منطقه 2,پرستاری - نیمسال اول,دانشگاه علوم پزشکی شهید بهشتی - تهران
1395,تجربی,9099,4324,منطقه 2,پزشکی - نیمسال اول,دانشگاه علوم پزشکی زاهدان
1395,تجربی,9113,1780,منطقه 3,پزشکی - بومی شهرستانهای آبادان،خرمشهر،شادگان واروندکنار,دانشکده علوم پزشکی آبادان
1395,تجربی,9113,2864,منطقه 1,شنوایی شناسی,دانشگاه علوم پزشکی ایران
1395,تجربی,9113,4332,منطقه 2,روانشناسی,دانشگاه شهید بهشتی - تهران
1395,تجربی,9124,1782,منطقه 3,دندانپزشکی,دانشگاه علوم پزشکی شیراز
1395,تجربی,9124,1782,منطقه 3,پزشکی - بومی استان بوشهر,دانشگاه علوم پزشکی بوشهر
1395,تجربی,9124,4339,منطقه 2,پزشکی - نیمسال دوم,دانشگاه علوم پزشکی زاهدان
1395,تجربی,9138,1785,منطقه 3,فیزیوتراپی,دانشگاه علوم پزشکی اصفهان
1395,تجربی,9138,4346,منطقه 2,تکنولوژی پزشکی هسته ای,دانشگاه علوم پزشکی بابل
1395,تجربی,9138,4346,منطقه 2,زیست شناسی سلولی مولکولی,دانشگاه تهران
1395,تجربی,9138,4346,منطقه 2,علوم تغذیه,دانشگاه علوم پزشکی اصفهان
1395,تجربی,9138,4346,منطقه 2,فیزیوتراپی,دانشگاه علوم پزشکی بابل
1395,تجربی,9149,4351,منطقه 2,پزشکی - نیمسال دوم,دانشگاه علوم پزشکی زاهدان
1395,تجربی,9159,2879,منطقه 1,حسابداری,دانشگاه صنعت نفت (محل تحصیل تهران)
1395,تجربی,9159,4354,منطقه 2,حسابداری,دانشگاه پیام نور آذربایجان غربی - مرکز ارومیه
1395,تجربی,9170,2883,منطقه 1,اتاق عمل,دانشگاه علوم پزشکی تهران
1395,تجربی,9170,4359,منطقه 2,پزشکی - نیمسال دوم,دانشگاه علوم پزشکی زاهدان
1395,تجربی,9182,1795,منطقه 3,دبیری شیمی - بومی استان هرمزگان,پردیس شهید رجایی - شیراز
1395,تجربی,9182,1795,منطقه 3,پرستاری - نیمسال اول,دانشگاه علوم پزشکی تهران
1395,تجربی,9182,1795,منطقه 3,پزشکی - بومی استان ایلام,دانشگاه علوم پزشکی ایلام
1395,تجربی,9182,2886,منطقه 1,علوم تغذیه - نیمسال اول,دانشگاه علوم پزشکی شهید بهشتی - تهران
1395,تجربی,9182,4363,منطقه 2,داروسازی,دانشگاه علوم پزشکی بندرعباس
1395,تجربی,9182,4363,منطقه 2,علوم تغذیه - محل تحصیل شهرستان سپیدان,دانشگاه علوم پزشکی شیراز
1395,تجربی,9193,1798,منطقه 3,پزشکی - بومی استان ایلام,دانشگاه علوم پزشکی ایلام
1395,تجربی,9193,4369,منطقه 2,پزشکی - نیمسال دوم,دانشگاه علوم پزشکی زاهدان
1395,تجربی,9205,4377,منطقه 2,علوم تغذیه - نیمسال اول,دانشگاه علوم پزشکی شهید بهشتی - تهران
1395,تجربی,9215,4384,منطقه 2,داروسازی,دانشگاه علوم پزشکی یزد
1395,تجربی,9226,1803,منطقه 3,بینایی سنجی,دانشگاه علوم پزشکی مشهد
1395,تجربی,9226,1803,منطقه 3,داروسازی,دانشگاه علوم پزشکی البرز - کرج
1395,تجربی,9226,1803,منطقه 3,دندانپزشکی,دانشگاه علوم پزشکی مازندران - ساری
1395,تجربی,9226,1803,منطقه 3,پزشکی,دانشگاه علوم پزشکی کرمانشاه
1395,تجربی,9226,4388,منطقه 2,داروسازی,دانشگاه علوم پزشکی تبریز
1395,تجربی,9226,4388,منطقه 2,فیزیوتراپی,دانشگاه علوم پزشکی بابل
1395,تجربی,9240,1807,منطقه 3,علوم آزمایشگاهی,دانشگاه علوم پزشکی تبریز
1395,تجربی,9240,1807,منطقه 3,فیزیوتراپی,دانشگاه علوم پزشکی مشهد
1395,تجربی,9240,2901,منطقه 1,داروسازی,دانشگاه علوم پزشکی زنجان
1395,تجربی,9254,1812,منطقه 3,حسابداری,دانشگاه پیام نور آذربایجان غربی - مرکز بوکان
1395,تجربی,9254,1812,منطقه 3,پزشکی,دانشگاه علوم پزشکی اردبیل
1395,تجربی,9254,4399,منطقه 2,علوم آزمایشگاهی,دانشگاه علوم پزشکی اصفهان
1395,تجربی,9254,4399,منطقه 2,فیزیوتراپی,دانشگاه علوم پزشکی مشهد
1395,تجربی,9254,4399,منطقه 2,پزشکی - بومی استان زنجان,دانشگاه علوم پزشکی زنجان
1395,تجربی,9264,4404,منطقه 2,فیزیوتراپی,دانشگاه علوم پزشکی بابل
1395,تجربی,9272,1818,منطقه 3,دندانپزشکی,دانشگاه علوم پزشکی اصفهان
1395,تجربی,9272,1818,منطقه 3,پزشکی - محل تحصیل احمدآباد مشیر,دانشگاه علوم پزشکی یزد
1395,تجربی,9272,4408,منطقه 2,فیزیوتراپی,دانشگاه علوم پزشکی مشهد
1395,تجربی,9272,4408,منطقه 2,پزشکی,دانشگاه علوم پزشکی زابل
1395,تجربی,9288,1821,منطقه 3,دندانپزشکی,دانشگاه علوم پزشکی مازندران - ساری
1395,تجربی,9288,1821,منطقه 3,پزشکی,دانشگاه علوم پزشکی مشهد
1395,تجربی,9288,4417,منطقه 2,پرستاری - نیمسال اول,دانشگاه علوم پزشکی کردستان - سنندج
1395,تجربی,9288,4417,منطقه 2,پزشکی,دانشگاه علوم پزشکی زابل
1395,تجربی,9306,1825,منطقه 3,دندانپزشکی,دانشگاه علوم پزشکی مشهد
1395,تجربی,9306,1825,منطقه 3,شنوایی شناسی,دانشگاه علوم پزشکی تهران
1395,تجربی,9306,1825,منطقه 3,پرستاری - نیمسال اول,دانشگاه علوم پزشکی تهران
1395,تجربی,9306,1825,منطقه 3,پرستاری - نیمسال دوم,دانشگاه علوم پزشکی تهران
1395,تجربی,9306,4427,منطقه 2,پزشکی,دانشگاه علوم پزشکی زابل
1395,تجربی,9319,1829,منطقه 3,پزشکی,دانشگاه علوم پزشکی همدان
1395,تجربی,9334,2923,منطقه 1,اتاق عمل,دانشگاه علوم پزشکی اصفهان
1395,تجربی,9352,138,ایثارگران,دندانپزشکی,دانشگاه علوم پزشکی قم
1395,تجربی,9352,1834,منطقه 3,پزشکی,دانشگاه علوم پزشکی کرمانشاه
1395,تجربی,9367,4459,منطقه 2,گفتاردرمانی,دانشگاه علوم پزشکی بابل
1395,تجربی,9378,1839,منطقه 3,دندانپزشکی,دانشگاه علوم پزشکی زنجان
1395,تجربی,9378,1839,منطقه 3,دندانپزشکی,دانشگاه علوم پزشکی گیلان - رشت (محل تحصیل بندرانزلی)
1395,تجربی,9387,1843,منطقه 3,داروسازی - بومی استان لرستان,دانشگاه علوم پزشکی لرستان - خرم آباد
1395,تجربی,9387,1843,منطقه 3,مامایی,دانشگاه علوم پزشکی تربت حیدریه
1395,تجربی,9387,1843,منطقه 3,پزشکی,دانشگاه علوم پزشکی مشهد
1395,تجربی,9387,4467,منطقه 2,فیزیوتراپی,دانشگاه علوم پزشکی بابل
1395,تجربی,9398,1846,منطقه 3,پزشکی,دانشگاه علوم پزشکی اردبیل
1395,تجربی,9398,1846,منطقه 3,پزشکی,دانشگاه علوم پزشکی زنجان
1395,تجربی,9411,1849,منطقه 3,دندانپزشکی,دانشگاه علوم پزشکی گیلان - رشت (محل تحصیل بندرانزلی)
1395,تجربی,9411,2947,منطقه 1,علوم آزمایشگاهی,دانشگاه علوم پزشکی شهید بهشتی - تهران
1395,تجربی,9411,4477,منطقه 2,فیزیوتراپی,دانشگاه علوم پزشکی جندی شاپور - اهواز
1395,تجربی,9424,1850,منطقه 3,دندانپزشکی,دانشگاه علوم پزشکی زاهدان
1395,تجربی,9424,1850,منطقه 3,هوشبری,دانشگاه علوم پزشکی ایران
1395,تجربی,9424,2953,منطقه 1,علوم آزمایشگاهی - نیمسال اول,دانشگاه غیرانتفاعی علوم پزشکی وارستگان - مشهد
1395,تجربی,9435,1852,منطقه 3,پزشکی - بومی استان سیستان و بلوچستان- نیمسال اول,دانشگاه علوم پزشکی زاهدان
1395,تجربی,9435,4485,منطقه 2,علوم تغذیه,دانشگاه علوم پزشکی گلستان - گرگان
1395,تجربی,9435,4485,منطقه 2,هوشبری,دانشگاه علوم پزشکی بقیه الله
1395,تجربی,9435,4485,منطقه 2,پرستاری,دانشگاه علوم پزشکی بابل
1395,تجربی,9444,1854,منطقه 3,پزشکی,دانشگاه علوم پزشکی همدان
1395,تجربی,9454,1856,منطقه 3,پرستاری - نیمسال اول,دانشگاه علوم پزشکی تهران
1395,تجربی,9454,4495,منطقه 2,فیزیوتراپی,دانشگاه علوم پزشکی جندی شاپور - اهواز
1395,تجربی,9468,1859,منطقه 3,فیزیوتراپی,دانشگاه علوم پزشکی اصفهان
1395,تجربی,9468,4502,منطقه 2,داروسازی,دانشگاه علوم پزشکی اردبیل
1395,تجربی,9468,4502,منطقه 2,داروسازی,دانشگاه علوم پزشکی زابل
1395,تجربی,9468,4502,منطقه 2,هوشبری,دانشگاه علوم پزشکی شهید بهشتی - تهران
1395,تجربی,9478,1861,منطقه 3,داروسازی,دانشگاه علوم پزشکی تبریز
1395,تجربی,9478,2970,منطقه 1,داروسازی,دانشگاه علوم پزشکی کرمان
1395,تجربی,9486,2974,منطقه 1,دامپزشکی,دانشگاه شیراز
1395,تجربی,9486,4509,منطقه 2,گفتاردرمانی,دانشگاه علوم پزشکی جندی شاپور اهواز
1395,تجربی,9494,1865,منطقه 3,دبیری شیمی - بومی استان لرستان,پردیس شهید باهنر - شیراز
1395,تجربی,9503,1868,منطقه 3,پزشکی - بومی استان ایلام,دانشگاه علوم پزشکی ایلام
1395,تجربی,9503,4517,منطقه 2,فیزیوتراپی,دانشگاه علوم پزشکی جندی شاپور - اهواز
1395,تجربی,9514,1870,منطقه 3,پزشکی,دانشگاه علوم پزشکی کردستان - سنندج
1395,تجربی,9514,4523,منطقه 2,علوم آزمایشگاهی,دانشگاه علوم پزشکی گیلان - رشت (محل تحصیل پیرا پزشکی لنگرود)
1395,تجربی,9514,4523,منطقه 2,علوم تغذیه,دانشگاه علوم پزشکی سمنان (محل تحصیل آرادان )
1395,تجربی,9524,2984,منطقه 1,علوم آزمایشگاهی,دانشگاه علوم پزشکی ایران
1395,تجربی,9555,4538,منطقه 2,شنوایی شناسی,دانشگاه علوم پزشکی همدان
1395,تجربی,9569,4545,منطقه 2,داروسازی,دانشگاه علوم پزشکی همدان
1395,تجربی,9569,4545,منطقه 2,فیزیوتراپی,دانشگاه علوم پزشکی زاهدان
1395,تجربی,9585,1883,منطقه 3,داروسازی,دانشگاه علوم پزشکی زنجان
1395,تجربی,9585,1883,منطقه 3,پزشکی - بومی استان کرمان,دانشگاه علوم پزشکی جیرفت
1395,تجربی,9585,4554,منطقه 2,هوشبری,دانشگاه علوم پزشکی تهران
1395,تجربی,9600,4562,منطقه 2,دامپزشکی,دانشگاه شیراز
1395,تجربی,9615,1889,منطقه 3,دندانپزشکی,دانشگاه علوم پزشکی شیراز
1395,تجربی,9615,1889,منطقه 3,پزشکی,دانشگاه علوم پزشکی همدان
1395,تجربی,9615,3014,منطقه 1,زیست شناسی سلولی مولکولی,دانشگاه شاهد - تهران
1395,تجربی,9630,1893,منطقه 3,داروسازی,دانشگاه علوم پزشکی کرمان
1395,تجربی,9630,3019,منطقه 1,علوم تغذیه - نیمسال دوم,دانشگاه علوم پزشکی شهید بهشتی - تهران
1395,تجربی,9630,4576,منطقه 2,علوم آزمایشگاهی,دانشگاه علوم پزشکی البرز - کرج
1395,تجربی,9644,3026,منطقه 1,داروسازی,دانشگاه علوم پزشکی همدان
1395,تجربی,9644,3026,منطقه 1,دامپزشکی,دانشگاه شیراز
1395,تجربی,9644,4580,منطقه 2,دامپزشکی,دانشگاه تبریز
1395,تجربی,9644,4580,منطقه 2,پرستاری,دانشگاه علوم پزشکی بقیه الله
1395,تجربی,9657,4586,منطقه 2,داروسازی,دانشگاه علوم پزشکی گیلان - رشت
1395,تجربی,9657,4586,منطقه 2,دامپزشکی,دانشگاه شهید باهنر - کرمان
1395,تجربی,9657,4586,منطقه 2,پزشکی - بومی استان هرمزگان,دانشگاه علوم پزشکی بندرعباس
1395,تجربی,9669,1898,منطقه 3,دامپزشکی,دانشگاه سمنان
1395,تجربی,9669,1898,منطقه 3,دندانپزشکی,دانشگاه علوم پزشکی اردبیل
1395,تجربی,9669,1898,منطقه 3,پزشکی,دانشگاه علوم پزشکی زنجان
1395,تجربی,9669,4593,منطقه 2,علوم تغذیه - محل تحصیل شهرستان سپیدان,دانشگاه علوم پزشکی شیراز
1395,تجربی,9669,4593,منطقه 2,هوشبری,دانشگاه علوم پزشکی ایران
1395,تجربی,9680,1901,منطقه 3,علوم آزمایشگاهی,دانشگاه علوم پزشکی مازندران - ساری
1395,تجربی,9680,1901,منطقه 3,پزشکی,دانشگاه علوم پزشکی مشهد
1395,تجربی,9680,4598,منطقه 2,شنوایی شناسی,دانشگاه علوم پزشکی اصفهان
1395,تجربی,9680,4598,منطقه 2,پرستاری - نیمسال اول,دانشگاه علوم پزشکی شهید بهشتی - تهران
1395,تجربی,9693,3040,منطقه 1,حسابداری,دانشگاه پیام نور تهران - تهران غرب
1395,تجربی,9693,3040,منطقه 1,داروسازی,دانشگاه علوم پزشکی اردبیل
1395,تجربی,9693,4605,منطقه 2,بینایی سنجی,دانشگاه علوم پزشکی شهیدبهشتی - تهران
1395,تجربی,9693,4605,منطقه 2,پزشکی - بومی استان سیستان و بلوچستان- نیمسال دوم,دانشگاه علوم پزشکی زاهدان
1395,تجربی,9708,4613,منطقه 2,علوم آزمایشگاهی,دانشگاه علوم پزشکی مشهد
1395,تجربی,9722,1909,منطقه 3,پزشکی,دانشگاه علوم پزشکی اردبیل
1395,تجربی,9722,4620,منطقه 2,زیست شناسی سلولی مولکولی,دانشگاه تهران
1395,تجربی,9735,1911,منطقه 3,پزشکی,دانشگاه علوم پزشکی مشهد
1395,تجربی,9735,3054,منطقه 1,علوم تغذیه,دانشگاه علوم پزشکی بوشهر
1395,تجربی,9751,1915,منطقه 3,پرستاری - نیمسال اول,دانشگاه علوم پزشکی ارومیه
1395,تجربی,9751,1915,منطقه 3,پزشکی,دانشگاه علوم پزشکی اصفهان
1395,تجربی,9751,3059,منطقه 1,شنوایی شناسی,دانشگاه علوم پزشکی تبریز
1395,تجربی,9751,3059,منطقه 1,هوشبری,دانشگاه علوم پزشکی شهید بهشتی - تهران
1395,تجربی,9751,4633,منطقه 2,علوم آزمایشگاهی,دانشگاه علوم پزشکی ایران
1395,تجربی,9767,1919,منطقه 3,فیزیوتراپی,دانشگاه علوم پزشکی جندی شاپور اهواز
1395,تجربی,9767,4640,منطقه 2,علوم آزمایشگاهی,دانشگاه علوم پزشکی شیراز
1395,تجربی,9783,1923,منطقه 3,دبیری زیست شناسی - بومی استان گلستان,پردیس شهید چمران - تهران
1395,تجربی,9783,1923,منطقه 3,پرستاری - نیمسال اول,دانشگاه علوم پزشکی شهید بهشتی - تهران
1395,تجربی,9783,4649,منطقه 2,اتاق عمل,دانشگاه علوم پزشکی جندی شاپور اهواز
1395,تجربی,9783,4649,منطقه 2,شنوایی شناسی,دانشگاه علوم پزشکی شهید بهشتی - تهران
1395,تجربی,9802,3073,منطقه 1,دامپزشکی,دانشگاه شیراز
1395,تجربی,9802,3073,منطقه 1,علوم تغذیه - محل تحصیل پردیس خودگردان دانشگاه واقع درتهران,دانشگاه علوم پزشکی شهیدبهشتی - تهران
1395,تجربی,9802,4659,منطقه 2,دامپزشکی,دانشگاه تهران
1395,تجربی,9802,4659,منطقه 2,شنوایی شناسی,دانشگاه علوم پزشکی بابل
1395,تجربی,9802,4659,منطقه 2,علوم آزمایشگاهی,دانشگاه علوم پزشکی یزد
1395,تجربی,9814,1929,منطقه 3,پزشکی,دانشگاه علوم پزشکی کردستان - سنندج
1395,تجربی,9837,1932,منطقه 3,پزشکی,دانشگاه علوم پزشکی گیلان - رشت (محل تحصیل بندرانزلی)
1395,تجربی,9837,1932,منطقه 3,کاردرمانی,دانشگاه علوم پزشکی شهید بهشتی - تهران
1395,تجربی,9837,3088,منطقه 1,مامایی,دانشگاه علوم پزشکی مشهد
1395,تجربی,9837,4673,منطقه 2,دامپزشکی,دانشگاه تهران
1395,تجربی,9837,4673,منطقه 2,شنوایی شناسی,دانشگاه علوم پزشکی اصفهان
1395,تجربی,9837,4673,منطقه 2,پرستاری - نیمسال اول,دانشگاه علوم پزشکی مشهد
1395,تجربی,9848,1935,منطقه 3,دندانپزشکی,دانشگاه علوم پزشکی بابل
1395,تجربی,9848,1935,منطقه 3,پزشکی - محل تحصیل احمدآباد مشیر,دانشگاه علوم پزشکی یزد
1395,تجربی,9860,1939,منطقه 3,پزشکی,دانشگاه علوم پزشکی شهرکرد
1395,تجربی,9860,3095,منطقه 1,روانشناسی,دانشگاه فردوسی - مشهد
1395,تجربی,9860,4683,منطقه 2,روانشناسی,دانشگاه شهید بهشتی - تهران
1395,تجربی,9872,1941,منطقه 3,پزشکی - بومی استان سیستان و بلوچستان- نیمسال اول,دانشگاه علوم پزشکی زاهدان
1395,تجربی,9872,3099,منطقه 1,داروسازی,دانشگاه علوم پزشکی زنجان
1395,تجربی,9872,3099,منطقه 1,زیست شناسی سلولی مولکولی,دانشگاه تهران
1395,تجربی,9885,1942,منطقه 3,فیزیوتراپی,دانشگاه علوم پزشکی جندی شاپور اهواز
1395,تجربی,9885,1942,منطقه 3,پزشکی,دانشگاه علوم پزشکی گلستان - گرگان
1395,تجربی,9885,3104,منطقه 1,بینایی سنجی,دانشگاه علوم پزشکی مشهد
1395,تجربی,9885,4696,منطقه 2,اتاق عمل,دانشگاه علوم پزشکی تهران
1395,تجربی,9885,4696,منطقه 2,علوم آزمایشگاهی,دانشگاه علوم پزشکی قم
1395,تجربی,9899,3108,منطقه 1,دامپزشکی,دانشگاه فردوسی - مشهد
1395,تجربی,9899,4704,منطقه 2,اتاق عمل,دانشگاه علوم پزشکی بقیه الله
1395,تجربی,9899,4704,منطقه 2,بینایی سنجی,دانشگاه علوم پزشکی شهیدبهشتی - تهران
1395,تجربی,9911,1946,منطقه 3,پزشکی,دانشگاه علوم پزشکی زنجان
1395,تجربی,9911,3110,منطقه 1,زیست فناوری,دانشگاه شهید بهشتی - تهران
1395,تجربی,9911,4712,منطقه 2,علوم آزمایشگاهی,دانشگاه علوم پزشکی تبریز
1395,تجربی,9911,4712,منطقه 2,علوم آزمایشگاهی - نیمسال دوم,دانشگاه علوم پزشکی لرستان - خرم آباد
1395,تجربی,9921,1949,منطقه 3,داروسازی - بومی استان هرمزگان,دانشگاه علوم پزشکی بندرعباس
1395,تجربی,9921,1949,منطقه 3,پزشکی,دانشگاه علوم پزشکی شیراز
1395,تجربی,9933,3114,منطقه 1,دامپزشکی,دانشگاه تهران
1395,تجربی,9933,3114,منطقه 1,علوم تغذیه,دانشگاه علوم پزشکی گلستان - گرگان
1395,تجربی,9933,4724,منطقه 2,داروسازی - بومی استان بوشهر,دانشگاه علوم پزشکی شیراز
1395,تجربی,9933,4724,منطقه 2,علوم آزمایشگاهی,دانشگاه علوم پزشکی شیراز (محل تحصیل داراب)
1395,تجربی,9950,4731,منطقه 2,علوم آزمایشگاهی,دانشگاه علوم پزشکی اصفهان
1395,تجربی,9950,4731,منطقه 2,کاردرمانی,دانشگاه علوم پزشکی شهید بهشتی - تهران
1395,تجربی,9965,4737,منطقه 2,پرستاری - نیمسال اول,دانشگاه علوم پزشکی شهید بهشتی - تهران
1395,تجربی,9980,3133,منطقه 1,دامپزشکی,دانشگاه فردوسی - مشهد
1395,تجربی,9980,3133,منطقه 1,زیست فناوری,دانشگاه شهید بهشتی - تهران
1395,تجربی,9980,4745,منطقه 2,علوم آزمایشگاهی,دانشگاه علوم پزشکی کاشان
1395,تجربی,9995,145,ایثارگران,پزشکی - نیمسال اول,دانشگاه علوم پزشکی اصفهان
1395,تجربی,9995,145,ایثارگران,پزشکی - نیمسال اول,دانشگاه علوم پزشکی مشهد
1395,تجربی,9995,1958,منطقه 3,مدیریت بازرگانی,دانشگاه پیام نور کرمانشاه - مرکز کرمانشاه
1395,تجربی,9995,3138,منطقه 1,علوم تغذیه,دانشگاه علوم پزشکی شیراز
1395,تجربی,9995,4753,منطقه 2,دامپزشکی,دانشگاه تبریز
1395,تجربی,9995,4753,منطقه 2,علوم تغذیه,دانشگاه علوم پزشکی تبریز
1395,ریاضی,2,1,منطقه 1,مهندسی برق,دانشگاه صنعتی شریف - تهران
1395,ریاضی,3,2,منطقه 1,مهندسی کامپیوتر,دانشگاه صنعتی شریف - تهران
1395,ریاضی,4,1,منطقه 2,مهندسی برق,دانشگاه صنعتی شریف - تهران
1395,ریاضی,5,3,منطقه 1,مهندسی برق,دانشگاه صنعتی شریف - تهران
1395,ریاضی,6,4,منطقه 1,مهندسی برق,دانشگاه صنعتی شریف - تهران
1395,ریاضی,8,6,منطقه 1,مهندسی کامپیوتر,دانشگاه صنعتی شریف - تهران
1395,ریاضی,9,7,منطقه 1,مهندسی کامپیوتر,دانشگاه صنعتی شریف - تهران
1395,ریاضی,10,1,منطقه 3,مهندسی کامپیوتر,دانشگاه صنعتی شریف - تهران
1395,ریاضی,11,8,منطقه 1,مهندسی برق,دانشگاه صنعتی شریف - تهران
1395,ریاضی,12,2,منطقه 2,مهندسی کامپیوتر,دانشگاه صنعتی شریف - تهران
1395,ریاضی,13,9,منطقه 1,مهندسی کامپیوتر,دانشگاه صنعتی شریف - تهران
1395,ریاضی,14,3,منطقه 2,مهندسی برق,دانشگاه صنعتی شریف - تهران
1395,ریاضی,15,10,منطقه 1,مهندسی برق,دانشگاه صنعتی شریف - تهران
1395,ریاضی,16,11,منطقه 1,مهندسی برق,دانشگاه صنعتی شریف - تهران
1395,ریاضی,19,4,منطقه 2,مهندسی برق,دانشگاه صنعتی شریف - تهران
1395,ریاضی,20,5,منطقه 2,مهندسی برق,دانشگاه صنعتی شریف - تهران
1395,ریاضی,26,18,منطقه 1,مهندسی برق,دانشگاه صنعتی شریف - تهران
1395,ریاضی,27,7,منطقه 2,مهندسی برق,دانشگاه صنعتی شریف - تهران
1395,ریاضی,29,8,منطقه 2,مهندسی کامپیوتر,دانشگاه صنعتی شریف - تهران
1395,ریاضی,32,2,منطقه 3,مهندسی کامپیوتر,دانشگاه صنعتی شریف - تهران
1395,ریاضی,34,23,منطقه 1,مهندسی برق,دانشگاه صنعتی شریف - تهران
1395,ریاضی,35,24,منطقه 1,مهندسی برق,دانشگاه صنعتی شریف - تهران
1395,ریاضی,36,25,منطقه 1,مهندسی کامپیوتر,دانشگاه صنعتی شریف - تهران
1395,ریاضی,37,26,منطقه 1,مهندسی مکانیک,دانشگاه صنعتی شریف - تهران
1395,ریاضی,40,10,منطقه 2,مهندسی کامپیوتر,دانشگاه صنعتی شریف - تهران
1395,ریاضی,41,11,منطقه 2,مهندسی مکانیک,دانشگاه صنعتی شریف - تهران
1395,ریاضی,45,29,منطقه 1,مهندسی برق,دانشگاه صنعتی شریف - تهران
1395,ریاضی,46,30,منطقه 1,مهندسی برق,دانشگاه صنعتی شریف - تهران
1395,ریاضی,47,3,منطقه 3,مهندسی برق,دانشگاه صنعتی شریف - تهران
1395,ریاضی,48,31,منطقه 1,مهندسی کامپیوتر,دانشگاه صنعتی شریف - تهران
1395,ریاضی,49,14,منطقه 2,مهندسی برق,دانشگاه صنعتی شریف - تهران
1395,ریاضی,49,32,منطقه 1,مهندسی برق,دانشگاه صنعتی شریف - تهران
1395,ریاضی,52,34,منطقه 1,مهندسی برق,دانشگاه صنعتی شریف - تهران
1395,ریاضی,54,36,منطقه 1,مهندسی برق,دانشگاه صنعتی شریف - تهران
1395,ریاضی,56,38,منطقه 1,مهندسی برق,دانشگاه صنعتی شریف - تهران
1395,ریاضی,57,39,منطقه 1,مهندسی برق,دانشگاه صنعتی شریف - تهران
1395,ریاضی,62,44,منطقه 1,مهندسی برق,دانشگاه صنعتی شریف - تهران
1395,ریاضی,62,44,منطقه 1,مهندسی کامپیوتر,دانشگاه صنعتی شریف - تهران
1395,ریاضی,65,15,منطقه 2,مهندسی برق,دانشگاه صنعتی شریف - تهران
1395,ریاضی,66,47,منطقه 1,مهندسی برق,دانشگاه صنعتی شریف - تهران
1395,ریاضی,67,48,منطقه 1,مهندسی برق,دانشگاه صنعتی شریف - تهران
1395,ریاضی,68,16,منطقه 2,مهندسی برق,دانشگاه صنعتی شریف - تهران
1395,ریاضی,70,17,منطقه 2,مهندسی برق,دانشگاه صنعتی شریف - تهران
1395,ریاضی,71,50,منطقه 1,مهندسی برق,دانشگاه صنعتی شریف - تهران
1395,ریاضی,72,51,منطقه 1,مهندسی کامپیوتر,دانشگاه صنعتی شریف - تهران
1395,ریاضی,74,53,منطقه 1,مهندسی شیمی,دانشگاه صنعتی شریف - تهران
1395,ریاضی,75,54,منطقه 1,مهندسی کامپیوتر,دانشگاه صنعتی شریف - تهران
1395,ریاضی,77,18,منطقه 2,مهندسی مکانیک,دانشگاه صنعتی شریف - تهران
1395,ریاضی,78,19,منطقه 2,مهندسی برق,دانشگاه صنعتی شریف - تهران
1395,ریاضی,79,56,منطقه 1,مهندسی برق,دانشگاه صنعتی شریف - تهران
1395,ریاضی,80,20,منطقه 2,مهندسی کامپیوتر,دانشگاه صنعتی شریف - تهران
1395,ریاضی,81,21,منطقه 2,مهندسی برق,دانشگاه صنعتی شریف - تهران
1395,ریاضی,82,22,منطقه 2,مهندسی کامپیوتر,دانشگاه صنعتی شریف - تهران
1395,ریاضی,83,57,منطقه 1,مهندسی مکانیک,دانشگاه صنعتی شریف - تهران
1395,ریاضی,85,4,منطقه 3,مهندسی برق,دانشگاه صنعتی شریف - تهران
1395,ریاضی,86,58,منطقه 1,مهندسی کامپیوتر,دانشگاه صنعتی شریف - تهران
1395,ریاضی,87,59,منطقه 1,مهندسی کامپیوتر,دانشگاه صنعتی شریف - تهران
1395,ریاضی,88,60,منطقه 1,مهندسی برق,دانشگاه صنعتی شریف - تهران
1395,ریاضی,89,24,منطقه 2,مهندسی برق,دانشگاه صنعتی شریف - تهران
1395,ریاضی,89,61,منطقه 1,مهندسی برق,دانشگاه صنعتی شریف - تهران
1395,ریاضی,92,63,منطقه 1,مهندسی برق,دانشگاه صنعتی شریف - تهران
1395,ریاضی,94,65,منطقه 1,مهندسی برق,دانشگاه صنعتی شریف - تهران
1395,ریاضی,97,68,منطقه 1,مهندسی برق,دانشگاه صنعتی شریف - تهران
1395,ریاضی,99,25,منطقه 2,مهندسی مکانیک,دانشگاه صنعتی شریف - تهران
1395,ریاضی,101,70,منطقه 1,مهندسی برق,دانشگاه صنعتی شریف - تهران
1395,ریاضی,105,27,منطقه 2,مهندسی برق,دانشگاه صنعتی شریف - تهران
1395,ریاضی,112,77,منطقه 1,دکترای پیوسته بیوتکنولوژی,دانشگاه تهران
1395,ریاضی,115,32,منطقه 2,مهندسی برق,دانشگاه صنعتی شریف - تهران
1395,ریاضی,120,81,منطقه 1,مهندسی کامپیوتر,دانشگاه صنعتی شریف - تهران
1395,ریاضی,123,5,منطقه 3,مهندسی کامپیوتر,دانشگاه صنعتی شریف - تهران
1395,ریاضی,127,34,منطقه 2,مهندسی برق,دانشگاه صنعتی شریف - تهران
1395,ریاضی,128,35,منطقه 2,مهندسی مکانیک,دانشگاه صنعتی شریف - تهران
1395,ریاضی,129,36,منطقه 2,مهندسی برق,دانشگاه صنعتی شریف - تهران
1395,ریاضی,131,88,منطقه 1,مهندسی برق,دانشگاه صنعتی شریف - تهران
1395,ریاضی,134,91,منطقه 1,مهندسی کامپیوتر,دانشگاه صنعتی شریف - تهران
1395,ریاضی,135,92,منطقه 1,مهندسی مکانیک,دانشگاه صنعتی شریف - تهران
1395,ریاضی,135,92,منطقه 1,مهندسی کامپیوتر,دانشگاه صنعتی شریف - تهران
1395,ریاضی,137,37,منطقه 2,مهندسی کامپیوتر,دانشگاه صنعتی شریف - تهران
1395,ریاضی,140,96,منطقه 1,مهندسی مکانیک,دانشگاه صنعتی شریف - تهران
1395,ریاضی,141,38,منطقه 2,مهندسی برق,دانشگاه صنعتی شریف - تهران
1395,ریاضی,142,39,منطقه 2,مهندسی برق,دانشگاه صنعتی شریف - تهران
1395,ریاضی,142,97,منطقه 1,مهندسی مکانیک,دانشگاه صنعتی شریف - تهران
1395,ریاضی,144,98,منطقه 1,مهندسی برق,دانشگاه صنعتی شریف - تهران
1395,ریاضی,146,40,منطقه 2,مهندسی عمران,دانشگاه صنعتی شریف - تهران
1395,ریاضی,147,41,منطقه 2,مهندسی کامپیوتر,دانشگاه صنعتی شریف - تهران
1395,ریاضی,148,42,منطقه 2,مهندسی برق,دانشگاه صنعتی شریف - تهران
1395,ریاضی,150,101,منطقه 1,مهندسی برق,دانشگاه صنعتی شریف - تهران
1395,ریاضی,152,43,منطقه 2,مهندسی کامپیوتر,دانشگاه صنعتی شریف - تهران
1395,ریاضی,159,45,منطقه 2,مهندسی برق,دانشگاه صنعتی شریف - تهران
1395,ریاضی,161,108,منطقه 1,مهندسی مکانیک,دانشگاه صنعتی شریف - تهران
1395,ریاضی,164,48,منطقه 2,مهندسی مکانیک,دانشگاه صنعتی شریف - تهران
1395,ریاضی,165,49,منطقه 2,مهندسی برق,دانشگاه صنعتی شریف - تهران
1395,ریاضی,166,109,منطقه 1,مهندسی معماری,دانشگاه تهران
1395,ریاضی,167,6,منطقه 3,مهندسی برق,دانشگاه صنعتی شریف - تهران
1395,ریاضی,167,50,منطقه 2,مهندسی برق,دانشگاه صنعتی شریف - تهران
1395,ریاضی,169,110,منطقه 1,مهندسی برق,دانشگاه صنعتی شریف - تهران
1395,ریاضی,171,7,منطقه 3,مهندسی کامپیوتر,دانشگاه صنعتی شریف - تهران
1395,ریاضی,171,51,منطقه 2,مهندسی مکانیک,دانشگاه صنعتی شریف - تهران
1395,ریاضی,173,4,ایثارگران,مهندسی مکانیک,دانشگاه صنعتی شریف - تهران
1395,ریاضی,174,53,منطقه 2,مهندسی برق,دانشگاه صنعتی شریف - تهران
1395,ریاضی,177,54,منطقه 2,مهندسی برق,دانشگاه صنعتی شریف - تهران
1395,ریاضی,182,117,منطقه 1,مهندسی برق,دانشگاه صنعتی شریف - تهران
1395,ریاضی,187,121,منطقه 1,مهندسی مکانیک,دانشگاه صنعتی شریف - تهران
1395,ریاضی,188,122,منطقه 1,مهندسی برق,دانشگاه صنعتی شریف - تهران
1395,ریاضی,189,55,منطقه 2,مهندسی مکانیک,دانشگاه صنعتی شریف - تهران
1395,ریاضی,190,8,منطقه 3,مهندسی مکانیک,دانشگاه صنعتی شریف - تهران
1395,ریاضی,192,124,منطقه 1,مهندسی کامپیوتر,دانشگاه تهران
1395,ریاضی,194,126,منطقه 1,مهندسی برق,دانشگاه صنعتی شریف - تهران
1395,ریاضی,195,56,منطقه 2,مهندسی مکانیک,دانشگاه صنعتی شریف - تهران
1395,ریاضی,197,127,منطقه 1,مهندسی نفت,دانشگاه صنعتی شریف - تهران
1395,ریاضی,199,58,منطقه 2,مهندسی برق,دانشگاه صنعتی شریف - تهران
1395,ریاضی,208,60,منطقه 2,مهندسی برق,دانشگاه تهران
1395,ریاضی,211,136,منطقه 1,مهندسی مکانیک,دانشگاه صنعتی شریف - تهران
1395,ریاضی,213,138,منطقه 1,مهندسی مکانیک,دانشگاه صنعتی شریف - تهران
1395,ریاضی,215,63,منطقه 2,مهندسی برق,دانشگاه صنعتی شریف - تهران
1395,ریاضی,216,6,ایثارگران,مهندسی کامپیوتر,دانشگاه صنعتی شریف - تهران
1395,ریاضی,218,9,منطقه 3,مهندسی مکانیک,دانشگاه صنعتی شریف - تهران
1395,ریاضی,219,141,منطقه 1,مهندسی برق,دانشگاه تهران
1395,ریاضی,222,64,منطقه 2,مهندسی مکانیک,دانشگاه صنعتی شریف - تهران
1395,ریاضی,222,144,منطقه 1,مهندسی شیمی,دانشگاه صنعتی شریف - تهران
1395,ریاضی,224,10,منطقه 3,مهندسی مکانیک,دانشگاه صنعتی شریف - تهران
1395,ریاضی,229,11,منطقه 3,مهندسی کامپیوتر,دانشگاه تهران
1395,ریاضی,233,66,منطقه 2,مهندسی برق,دانشگاه تهران
1395,ریاضی,236,152,منطقه 1,مهندسی مکانیک,دانشگاه صنعتی شریف - تهران
1395,ریاضی,237,68,منطقه 2,مهندسی برق,دانشگاه تهران
1395,ریاضی,239,69,منطقه 2,مهندسی شیمی,دانشگاه صنعتی شریف - تهران
1395,ریاضی,240,12,منطقه 3,مهندسی برق,دانشگاه تهران
1395,ریاضی,245,156,منطقه 1,مهندسی مکانیک,دانشگاه صنعتی شریف - تهران
1395,ریاضی,249,159,منطقه 1,مهندسی صنایع,دانشگاه صنعتی شریف - تهران
1395,ریاضی,252,162,منطقه 1,مهندسی مکانیک,دانشگاه صنعتی شریف - تهران
1395,ریاضی,253,71,منطقه 2,مهندسی عمران,دانشگاه صنعتی شریف - تهران
1395,ریاضی,254,14,منطقه 3,مهندسی مکانیک,دانشگاه صنعتی شریف - تهران
1395,ریاضی,256,72,منطقه 2,مهندسی مکانیک,دانشگاه صنعتی شریف - تهران
1395,ریاضی,258,73,منطقه 2,مهندسی عمران,دانشگاه صنعتی شریف - تهران
1395,ریاضی,258,165,منطقه 1,مهندسی برق,دانشگاه تهران
1395,ریاضی,261,167,منطقه 1,مهندسی کامپیوتر,دانشگاه تهران
1395,ریاضی,263,169,منطقه 1,مهندسی برق,دانشگاه تهران
1395,ریاضی,265,15,منطقه 3,مهندسی برق,دانشگاه تهران
1395,ریاضی,267,172,منطقه 1,مهندسی کامپیوتر,دانشگاه تهران
1395,ریاضی,268,173,منطقه 1,مهندسی برق,دانشگاه تهران
1395,ریاضی,271,74,منطقه 2,مهندسی کامپیوتر,دانشگاه تهران
1395,ریاضی,273,177,منطقه 1,مهندسی عمران,دانشگاه صنعتی شریف - تهران
1395,ریاضی,275,178,منطقه 1,مهندسی برق,دانشگاه تهران
1395,ریاضی,275,178,منطقه 1,مهندسی عمران,دانشگاه صنعتی شریف - تهران
1395,ریاضی,278,76,منطقه 2,مهندسی کامپیوتر,دانشگاه تهران
1395,ریاضی,281,182,منطقه 1,مهندسی کامپیوتر,دانشگاه تهران
1395,ریاضی,283,77,منطقه 2,مهندسی برق,دانشگاه صنعتی شریف - تهران
1395,ریاضی,284,78,منطقه 2,مهندسی کامپیوتر,دانشگاه تهران
1395,ریاضی,286,79,منطقه 2,مهندسی مکانیک,دانشگاه صنعتی شریف - تهران
1395,ریاضی,289,81,منطقه 2,مهندسی کامپیوتر,دانشگاه تهران
1395,ریاضی,290,82,منطقه 2,مهندسی برق,دانشگاه تهران
1395,ریاضی,291,186,منطقه 1,مهندسی کامپیوتر,دانشگاه تهران
1395,ریاضی,294,83,منطقه 2,علوم کامپیوتر,دانشگاه صنعتی شریف - تهران
1395,ریاضی,295,84,منطقه 2,مهندسی برق,دانشگاه تهران
1395,ریاضی,296,85,منطقه 2,مهندسی کامپیوتر,دانشگاه تهران
1395,ریاضی,298,17,منطقه 3,مهندسی برق,دانشگاه صنعتی شریف - تهران
1395,ریاضی,299,189,منطقه 1,مهندسی برق,دانشگاه تهران
1395,ریاضی,307,195,منطقه 1,مهندسی صنایع,دانشگاه صنعتی شریف - تهران
1395,ریاضی,308,88,منطقه 2,مهندسی عمران,دانشگاه صنعتی شریف - تهران
1395,ریاضی,308,88,منطقه 2,مهندسی مکانیک,دانشگاه تهران
1395,ریاضی,311,90,منطقه 2,مهندسی مکانیک,دانشگاه تهران
1395,ریاضی,315,92,منطقه 2,مهندسی مکانیک,دانشگاه صنعتی شریف - تهران
1395,ریاضی,320,202,منطقه 1,مهندسی برق,دانشگاه تهران
1395,ریاضی,321,93,منطقه 2,مهندسی معماری,دانشگاه تهران
1395,ریاضی,323,204,منطقه 1,مهندسی صنایع,دانشگاه صنعتی شریف - تهران
1395,ریاضی,325,205,منطقه 1,مهندسی صنایع,دانشگاه صنعتی شریف - تهران
1395,ریاضی,325,205,منطقه 1,مهندسی کامپیوتر,دانشگاه تهران
1395,ریاضی,330,19,منطقه 3,مهندسی برق,دانشگاه تهران
1395,ریاضی,331,96,منطقه 2,مهندسی کامپیوتر,دانشگاه تهران
1395,ریاضی,333,208,منطقه 1,مهندسی عمران,دانشگاه صنعتی شریف - تهران
1395,ریاضی,337,97,منطقه 2,مهندسی مکانیک,دانشگاه صنعتی شریف - تهران
1395,ریاضی,339,98,منطقه 2,مهندسی برق,دانشگاه تهران
1395,ریاضی,342,214,منطقه 1,مهندسی صنایع,دانشگاه صنعتی شریف - تهران
1395,ریاضی,344,216,منطقه 1,مهندسی مکانیک,دانشگاه تهران
1395,ریاضی,346,100,منطقه 2,مهندسی کامپیوتر,دانشگاه تهران
1395,ریاضی,347,101,منطقه 2,مهندسی مکانیک,دانشگاه صنعتی شریف - تهران
1395,ریاضی,349,102,منطقه 2,مهندسی عمران,دانشگاه صنعتی شریف - تهران
1395,ریاضی,359,104,منطقه 2,مهندسی کامپیوتر,دانشگاه تهران
1395,ریاضی,360,226,منطقه 1,مهندسی عمران,دانشگاه فردوسی - مشهد
1395,ریاضی,362,105,منطقه 2,مهندسی عمران,دانشگاه صنعتی شریف - تهران
1395,ریاضی,363,228,منطقه 1,مهندسی برق,دانشگاه تهران
1395,ریاضی,365,107,منطقه 2,مهندسی برق,دانشگاه تهران
1395,ریاضی,365,107,منطقه 2,مهندسی کامپیوتر,دانشگاه تهران
1395,ریاضی,367,109,منطقه 2,مهندسی برق,دانشگاه تهران
1395,ریاضی,368,229,منطقه 1,مهندسی برق,دانشگاه تهران
1395,ریاضی,376,235,منطقه 1,مهندسی شیمی,دانشگاه صنعتی شریف - تهران
1395,ریاضی,379,237,منطقه 1,مهندسی مکانیک,دانشگاه تهران
1395,ریاضی,380,238,منطقه 1,مهندسی برق,دانشگاه تهران
1395,ریاضی,381,111,منطقه 2,مهندسی برق,دانشگاه تهران
1395,ریاضی,381,111,منطقه 2,مهندسی شیمی,دانشگاه صنعتی شریف - تهران
1395,ریاضی,386,23,منطقه 3,مهندسی برق,دانشگاه تهران
1395,ریاضی,388,24,منطقه 3,مهندسی عمران,دانشگاه صنعتی شریف - تهران
1395,ریاضی,389,114,منطقه 2,مهندسی برق,دانشگاه تهران
1395,ریاضی,390,115,منطقه 2,مهندسی کامپیوتر,دانشگاه تهران
1395,ریاضی,392,242,منطقه 1,مهندسی عمران,دانشگاه صنعتی شریف - تهران
1395,ریاضی,394,116,منطقه 2,مهندسی برق,دانشگاه تهران
1395,ریاضی,397,12,ایثارگران,مهندسی شیمی,دانشگاه صنعتی شریف - تهران
1395,ریاضی,397,117,منطقه 2,مهندسی کامپیوتر,دانشگاه تهران
1395,ریاضی,399,118,منطقه 2,مهندسی مکانیک,دانشگاه صنعتی شریف - تهران
1395,ریاضی,401,247,منطقه 1,مهندسی برق,دانشگاه صنعتی امیرکبیر - تهران
1395,ریاضی,402,119,منطقه 2,مهندسی مکانیک,دانشگاه تهران
1395,ریاضی,406,120,منطقه 2,مهندسی عمران,دانشگاه صنعتی شریف - تهران
1395,ریاضی,408,252,منطقه 1,کارشناسی ارشد پیوسته علوم قضایی,دانشگاه علوم قضایی و خدمات ادارای دادگستری
1395,ریاضی,410,254,منطقه 1,مهندسی کامپیوتر,دانشگاه تهران
1395,ریاضی,411,255,منطقه 1,مهندسی برق,دانشگاه تهران
1395,ریاضی,413,257,منطقه 1,مهندسی کامپیوتر,دانشگاه تهران
1395,ریاضی,417,261,منطقه 1,مهندسی برق,دانشگاه صنعتی اصفهان
1395,ریاضی,419,121,منطقه 2,مهندسی برق,دانشگاه تهران
1395,ریاضی,420,262,منطقه 1,مهندسی برق,دانشگاه تهران
1395,ریاضی,420,262,منطقه 1,مهندسی کامپیوتر,دانشگاه صنعتی اصفهان
1395,ریاضی,423,122,منطقه 2,مهندسی برق,دانشگاه تهران
1395,ریاضی,424,265,منطقه 1,مهندسی مکانیک,دانشگاه تهران
1395,ریاضی,427,26,منطقه 3,مهندسی برق,دانشگاه تهران
1395,ریاضی,428,124,منطقه 2,مهندسی مکانیک,دانشگاه تهران
1395,ریاضی,430,125,منطقه 2,کارشناسی ارشد پیوسته علوم قضایی,دانشگاه علوم قضایی و خدمات ادارای دادگستری
1395,ریاضی,434,271,منطقه 1,مهندسی کامپیوتر,دانشگاه صنعتی امیرکبیر - تهران
1395,ریاضی,436,273,منطقه 1,مهندسی عمران,دانشگاه صنعتی شریف - تهران
1395,ریاضی,437,274,منطقه 1,مهندسی عمران,دانشگاه صنعتی شریف - تهران
1395,ریاضی,437,274,منطقه 1,مهندسی مکانیک,دانشگاه صنعتی اصفهان
1395,ریاضی,440,126,منطقه 2,مهندسی کامپیوتر,دانشگاه تهران
1395,ریاضی,440,277,منطقه 1,مهندسی برق,دانشگاه تهران
1395,ریاضی,445,127,منطقه 2,مهندسی عمران,دانشگاه صنعتی شریف - تهران
1395,ریاضی,445,281,منطقه 1,مهندسی برق,دانشگاه صنعتی اصفهان
1395,ریاضی,449,128,منطقه 2,مهندسی مکانیک,دانشگاه تهران
1395,ریاضی,449,128,منطقه 2,مهندسی مکانیک,دانشگاه صنعتی شریف - تهران
1395,ریاضی,455,287,منطقه 1,مهندسی مکانیک,دانشگاه تهران
1395,ریاضی,461,133,منطقه 2,مهندسی شیمی,دانشگاه صنعتی شریف - تهران
1395,ریاضی,461,290,منطقه 1,مهندسی برق,دانشگاه صنعتی امیرکبیر - تهران
1395,ریاضی,463,291,منطقه 1,مهندسی کامپیوتر,دانشگاه صنعتی امیرکبیر - تهران
1395,ریاضی,464,135,منطقه 2,مهندسی برق,دانشگاه صنعتی امیرکبیر - تهران
1395,ریاضی,464,292,منطقه 1,مهندسی معماری,دانشگاه تهران
1395,ریاضی,467,136,منطقه 2,مهندسی مکانیک,دانشگاه تهران
1395,ریاضی,469,137,منطقه 2,مهندسی مکانیک,دانشگاه تهران
1395,ریاضی,472,138,منطقه 2,مهندسی مکانیک,دانشگاه تهران
1395,ریاضی,475,298,منطقه 1,مهندسی عمران,دانشگاه صنعتی شریف - تهران
1395,ریاضی,476,299,منطقه 1,مهندسی کامپیوتر,دانشگاه صنعتی امیرکبیر - تهران
1395,ریاضی,478,300,منطقه 1,مهندسی برق,دانشگاه صنعتی امیرکبیر - تهران
1395,ریاضی,481,28,منطقه 3,مهندسی مکانیک,دانشگاه تهران
1395,ریاضی,486,29,منطقه 3,مهندسی مکانیک,دانشگاه تهران
1395,ریاضی,488,30,منطقه 3,مهندسی برق,دانشگاه صنعتی امیرکبیر - تهران
1395,ریاضی,488,306,منطقه 1,مهندسی مکانیک,دانشگاه تهران
1395,ریاضی,490,31,منطقه 3,مهندسی عمران,دانشگاه صنعتی شریف - تهران
1395,ریاضی,491,32,منطقه 3,مهندسی برق,دانشگاه صنعتی شریف - تهران
1395,ریاضی,493,309,منطقه 1,مهندسی برق,دانشگاه صنعتی امیرکبیر - تهران
1395,ریاضی,494,141,منطقه 2,مهندسی برق,دانشگاه صنعتی امیرکبیر - تهران
1395,ریاضی,498,312,منطقه 1,مهندسی مکانیک,دانشگاه تهران
1395,ریاضی,500,142,منطقه 2,مهندسی شیمی,دانشگاه صنعتی شریف - تهران
1395,ریاضی,500,313,منطقه 1,مهندسی شیمی,دانشگاه صنعتی شریف - تهران
1395,ریاضی,502,144,منطقه 2,مهندسی عمران,دانشگاه صنعتی شریف - تهران
1395,ریاضی,504,145,منطقه 2,مهندسی مکانیک,دانشگاه تهران
1395,ریاضی,504,314,منطقه 1,مهندسی عمران,دانشگاه صنعتی شریف - تهران
1395,ریاضی,508,147,منطقه 2,مهندسی برق,دانشگاه صنعتی امیرکبیر - تهران
1395,ریاضی,510,33,منطقه 3,مهندسی عمران,دانشگاه صنعتی شریف - تهران
1395,ریاضی,511,34,منطقه 3,مهندسی برق,دانشگاه صنعتی امیرکبیر - تهران
1395,ریاضی,513,319,منطقه 1,علوم کامپیوتر,دانشگاه صنعتی شریف - تهران
1395,ریاضی,513,319,منطقه 1,مهندسی صنایع,دانشگاه صنعتی شریف - تهران
1395,ریاضی,513,319,منطقه 1,مهندسی مکانیک,دانشگاه تهران
1395,ریاضی,516,148,منطقه 2,مهندسی برق,دانشگاه صنعتی امیرکبیر - تهران
1395,ریاضی,517,149,منطقه 2,مهندسی مکانیک,دانشگاه تهران
1395,ریاضی,518,150,منطقه 2,مهندسی هوا فضا,دانشگاه صنعتی شریف - تهران
1395,ریاضی,521,152,منطقه 2,مهندسی عمران,دانشگاه صنعتی شریف - تهران
1395,ریاضی,526,326,منطقه 1,مهندسی مکانیک,دانشگاه تهران
1395,ریاضی,527,154,منطقه 2,مهندسی عمران,دانشگاه صنعتی شریف - تهران
1395,ریاضی,529,155,منطقه 2,مهندسی برق,دانشگاه تهران
1395,ریاضی,532,156,منطقه 2,مهندسی عمران,دانشگاه صنعتی شریف - تهران
1395,ریاضی,535,332,منطقه 1,مهندسی عمران,دانشگاه صنعتی شریف - تهران
1395,ریاضی,538,158,منطقه 2,مهندسی کامپیوتر,دانشگاه تهران
1395,ریاضی,540,335,منطقه 1,مهندسی شیمی,دانشگاه صنعتی شریف - تهران
1395,ریاضی,541,159,منطقه 2,مهندسی برق,دانشگاه تهران
1395,ریاضی,541,159,منطقه 2,مهندسی صنایع,دانشگاه صنعتی شریف - تهران
1395,ریاضی,545,337,منطقه 1,مهندسی صنایع,دانشگاه صنعتی شریف - تهران
1395,ریاضی,546,338,منطقه 1,مهندسی برق,دانشگاه فردوسی - مشهد
1395,ریاضی,549,341,منطقه 1,فیزیک,دانشگاه صنعتی شریف - تهران
1395,ریاضی,550,35,منطقه 3,مهندسی مکانیک,دانشگاه تهران
1395,ریاضی,552,343,منطقه 1,مهندسی عمران,دانشگاه صنعتی شریف - تهران
1395,ریاضی,553,162,منطقه 2,مهندسی مکانیک,دانشگاه تهران
1395,ریاضی,554,163,منطقه 2,مهندسی عمران,دانشگاه صنعتی شریف - تهران
1395,ریاضی,554,163,منطقه 2,مهندسی مکانیک,دانشگاه تهران
1395,ریاضی,556,165,منطقه 2,مهندسی عمران,دانشگاه صنعتی شریف - تهران
1395,ریاضی,559,166,منطقه 2,مهندسی برق,دانشگاه صنعتی امیرکبیر - تهران
1395,ریاضی,560,346,منطقه 1,مهندسی مکانیک,دانشگاه صنعتی اصفهان
1395,ریاضی,561,347,منطقه 1,مهندسی عمران,دانشگاه صنعتی شریف - تهران
1395,ریاضی,562,167,منطقه 2,مهندسی هوا فضا,دانشگاه صنعتی شریف - تهران
1395,ریاضی,563,168,منطقه 2,مهندسی نفت,دانشگاه صنعتی شریف - تهران
1395,ریاضی,564,348,منطقه 1,مهندسی صنایع,دانشگاه صنعتی شریف - تهران
1395,ریاضی,567,350,منطقه 1,مهندسی کامپیوتر,دانشگاه صنعتی امیرکبیر - تهران
1395,ریاضی,569,352,منطقه 1,مهندسی هوا فضا,دانشگاه صنعتی شریف - تهران
1395,ریاضی,571,170,منطقه 2,علوم کامپیوتر,دانشگاه صنعتی شریف - تهران
1395,ریاضی,572,354,منطقه 1,مهندسی مکانیک,دانشگاه تهران
1395,ریاضی,573,355,منطقه 1,مهندسی عمران,دانشگاه صنعتی شریف - تهران
1395,ریاضی,575,36,منطقه 3,کارشناسی ارشد پیوسته علوم قضایی,دانشگاه علوم قضایی و خدمات ادارای دادگستری
1395,ریاضی,577,171,منطقه 2,مهندسی مکانیک,دانشگاه تهران
1395,ریاضی,577,358,منطقه 1,مهندسی شیمی,دانشگاه صنعتی شریف - تهران
1395,ریاضی,580,172,منطقه 2,مهندسی مکانیک,دانشگاه تهران
1395,ریاضی,583,361,منطقه 1,مهندسی مکانیک,دانشگاه تهران
1395,ریاضی,585,37,منطقه 3,مهندسی برق,دانشگاه صنعتی شریف - تهران
1395,ریاضی,590,174,منطقه 2,مهندسی مکانیک,دانشگاه تهران
1395,ریاضی,591,367,منطقه 1,مهندسی عمران,دانشگاه صنعتی شریف - تهران
1395,ریاضی,596,176,منطقه 2,مهندسی مکانیک,دانشگاه تهران
1395,ریاضی,597,177,منطقه 2,مهندسی عمران,دانشگاه تهران
1395,ریاضی,606,377,منطقه 1,مهندسی کامپیوتر,دانشگاه صنعتی امیرکبیر - تهران
1395,ریاضی,608,379,منطقه 1,مهندسی شیمی,دانشگاه صنعتی شریف - تهران
1395,ریاضی,612,179,منطقه 2,مهندسی برق,دانشگاه تهران
1395,ریاضی,613,383,منطقه 1,مهندسی عمران,دانشگاه صنعتی شریف - تهران
1395,ریاضی,613,383,منطقه 1,مهندسی مکانیک,دانشگاه صنعتی امیرکبیر - تهران
1395,ریاضی,615,180,منطقه 2,مهندسی مکانیک,دانشگاه تهران
1395,ریاضی,619,385,منطقه 1,مهندسی صنایع,دانشگاه صنعتی شریف - تهران
1395,ریاضی,619,385,منطقه 1,مهندسی معماری,دانشگاه تهران
1395,ریاضی,621,387,منطقه 1,مهندسی مکانیک,دانشگاه تهران
1395,ریاضی,624,184,منطقه 2,مهندسی شیمی,دانشگاه صنعتی شریف - تهران
1395,ریاضی,624,389,منطقه 1,مهندسی مکانیک,دانشگاه تهران
1395,ریاضی,627,392,منطقه 1,مهندسی برق,دانشگاه صنعتی اصفهان
1395,ریاضی,629,185,منطقه 2,مهندسی برق,دانشگاه تهران
1395,ریاضی,629,185,منطقه 2,مهندسی پزشکی,دانشگاه صنعتی امیرکبیر - تهران
1395,ریاضی,631,187,منطقه 2,مهندسی برق,دانشگاه تهران
1395,ریاضی,636,39,منطقه 3,آموزش ریاضی - بومی استان گلستان,پردیس نسیبه - تهران
1395,ریاضی,636,188,منطقه 2,مهندسی عمران,دانشگاه تهران
1395,ریاضی,636,188,منطقه 2,مهندسی معماری,دانشگاه تهران
1395,ریاضی,636,397,منطقه 1,مهندسی کامپیوتر,دانشگاه صنعتی امیرکبیر - تهران
1395,ریاضی,639,190,منطقه 2,مهندسی برق,دانشگاه تهران
1395,ریاضی,643,400,منطقه 1,مهندسی کامپیوتر,دانشگاه صنعتی امیرکبیر - تهران
1395,ریاضی,645,192,منطقه 2,مهندسی هوا فضا,دانشگاه صنعتی شریف - تهران
1395,ریاضی,645,401,منطقه 1,مهندسی مکانیک,دانشگاه صنعتی امیرکبیر - تهران
1395,ریاضی,647,193,منطقه 2,مهندسی شیمی,دانشگاه صنعتی شریف - تهران
1395,ریاضی,648,403,منطقه 1,مهندسی برق,دانشگاه صنعتی امیرکبیر - تهران
1395,ریاضی,649,194,منطقه 2,مهندسی مکانیک,دانشگاه تهران
1395,ریاضی,652,195,منطقه 2,مهندسی برق,دانشگاه صنعتی امیرکبیر - تهران
1395,ریاضی,652,195,منطقه 2,مهندسی شیمی,دانشگاه صنعتی شریف - تهران
1395,ریاضی,657,40,منطقه 3,مهندسی کامپیوتر,دانشگاه صنعتی امیرکبیر - تهران
1395,ریاضی,658,198,منطقه 2,مهندسی هوا فضا,دانشگاه صنعتی شریف - تهران
1395,ریاضی,658,408,منطقه 1,مهندسی مکانیک,دانشگاه تهران
1395,ریاضی,665,199,منطقه 2,مهندسی مکانیک,دانشگاه تهران
1395,ریاضی,669,200,منطقه 2,علوم کامپیوتر,دانشگاه صنعتی شریف - تهران
1395,ریاضی,669,416,منطقه 1,علوم کامپیوتر,دانشگاه صنعتی شریف - تهران
1395,ریاضی,673,419,منطقه 1,علوم کامپیوتر,دانشگاه صنعتی شریف - تهران
1395,ریاضی,675,420,منطقه 1,مهندسی شیمی,دانشگاه صنعتی شریف - تهران
1395,ریاضی,676,421,منطقه 1,مهندسی برق,دانشگاه صنعتی امیرکبیر - تهران
1395,ریاضی,676,421,منطقه 1,مهندسی کامپیوتر,دانشگاه صنعتی امیرکبیر - تهران
1395,ریاضی,679,424,منطقه 1,مهندسی مکانیک,دانشگاه صنعتی امیرکبیر - تهران
1395,ریاضی,682,203,منطقه 2,مهندسی شیمی,دانشگاه صنعتی شریف - تهران
1395,ریاضی,682,203,منطقه 2,مهندسی عمران,دانشگاه صنعتی شریف - تهران
1395,ریاضی,685,205,منطقه 2,مهندسی مکانیک,دانشگاه صنعتی امیرکبیر - تهران
1395,ریاضی,691,206,منطقه 2,فیزیک,دانشگاه صنعتی شریف - تهران
1395,ریاضی,691,206,منطقه 2,مهندسی عمران,دانشگاه صنعتی شریف - تهران
1395,ریاضی,696,208,منطقه 2,مهندسی برق,دانشگاه صنعتی امیرکبیر - تهران
1395,ریاضی,696,435,منطقه 1,مهندسی برق,دانشگاه فردوسی - مشهد
1395,ریاضی,698,209,منطقه 2,مهندسی برق,دانشگاه صنعتی امیرکبیر - تهران
1395,ریاضی,699,210,منطقه 2,مهندسی مکانیک,دانشگاه صنعتی امیرکبیر - تهران
1395,ریاضی,701,211,منطقه 2,مهندسی کامپیوتر,دانشگاه صنعتی امیرکبیر - تهران
1395,ریاضی,705,212,منطقه 2,مهندسی مکانیک,دانشگاه صنعتی امیرکبیر - تهران
1395,ریاضی,709,443,منطقه 1,مهندسی شیمی,دانشگاه صنعتی شریف - تهران
1395,ریاضی,712,213,منطقه 2,مهندسی برق,دانشگاه صنعتی امیرکبیر - تهران
1395,ریاضی,715,215,منطقه 2,مهندسی عمران,دانشگاه تهران
1395,ریاضی,715,215,منطقه 2,مهندسی مکانیک,دانشگاه تهران
1395,ریاضی,718,217,منطقه 2,مهندسی برق,دانشگاه صنعتی امیرکبیر - تهران
1395,ریاضی,718,447,منطقه 1,مهندسی صنایع,دانشگاه صنعتی شریف - تهران
1395,ریاضی,721,218,منطقه 2,مهندسی صنایع,دانشگاه صنعتی شریف - تهران
1395,ریاضی,724,219,منطقه 2,مهندسی برق,دانشگاه صنعتی امیرکبیر - تهران
1395,ریاضی,724,219,منطقه 2,مهندسی مکانیک,دانشگاه تهران
1395,ریاضی,727,41,منطقه 3,مهندسی برق,دانشگاه صنعتی شریف - تهران
1395,ریاضی,731,455,منطقه 1,مهندسی مکانیک,دانشگاه صنعتی امیرکبیر - تهران
1395,ریاضی,737,461,منطقه 1,مهندسی کامپیوتر,دانشگاه صنعتی امیرکبیر - تهران
1395,ریاضی,739,463,منطقه 1,علوم کامپیوتر,دانشگاه صنعتی شریف - تهران
1395,ریاضی,741,465,منطقه 1,مهندسی شیمی,دانشگاه صنعتی شریف - تهران
1395,ریاضی,744,468,منطقه 1,مهندسی شیمی,دانشگاه صنعتی شریف - تهران
1395,ریاضی,747,222,منطقه 2,مهندسی برق,دانشگاه صنعتی امیرکبیر - تهران
1395,ریاضی,747,470,منطقه 1,مهندسی برق,دانشگاه صنعتی امیرکبیر - تهران
1395,ریاضی,749,223,منطقه 2,مهندسی عمران,دانشگاه تهران
1395,ریاضی,751,43,منطقه 3,مهندسی برق,دانشگاه صنعتی امیرکبیر - تهران
1395,ریاضی,751,472,منطقه 1,مهندسی کامپیوتر,دانشگاه صنعتی امیرکبیر - تهران
1395,ریاضی,755,224,منطقه 2,مهندسی شیمی,دانشگاه صنعتی شریف - تهران
1395,ریاضی,755,474,منطقه 1,مهندسی کامپیوتر,دانشگاه صنعتی امیرکبیر - تهران
1395,ریاضی,759,225,منطقه 2,مهندسی هوا فضا,دانشگاه صنعتی شریف - تهران
1395,ریاضی,760,226,منطقه 2,علوم قضایی,دانشگاه علوم قضایی و خدمات ادارای دادگستری
1395,ریاضی,761,227,منطقه 2,مهندسی برق,دانشگاه صنعتی امیرکبیر - تهران
1395,ریاضی,764,228,منطقه 2,مهندسی هوا فضا,دانشگاه صنعتی شریف - تهران
1395,ریاضی,765,229,منطقه 2,مهندسی هوا فضا,دانشگاه صنعتی شریف - تهران
1395,ریاضی,767,230,منطقه 2,مهندسی برق,دانشگاه صنعتی امیرکبیر - تهران
1395,ریاضی,767,230,منطقه 2,مهندسی عمران,دانشگاه تهران
1395,ریاضی,770,233,منطقه 2,مهندسی مکانیک,دانشگاه صنعتی امیرکبیر - تهران
1395,ریاضی,773,44,منطقه 3,مهندسی معماری,دانشگاه تهران
1395,ریاضی,773,482,منطقه 1,مهندسی برق,دانشگاه صنعتی امیرکبیر - تهران
1395,ریاضی,778,236,منطقه 2,مهندسی عمران,دانشگاه صنعتی شریف - تهران
1395,ریاضی,778,236,منطقه 2,مهندسی کامپیوتر,دانشگاه صنعتی امیرکبیر - تهران
1395,ریاضی,780,45,منطقه 3,مهندسی برق,دانشگاه تهران
1395,ریاضی,780,484,منطقه 1,مهندسی برق,دانشگاه صنعتی امیرکبیر - تهران
1395,ریاضی,783,238,منطقه 2,مهندسی نفت,دانشگاه صنعتی شریف - تهران
1395,ریاضی,786,488,منطقه 1,مهندسی برق,دانشگاه صنعتی امیرکبیر - تهران
1395,ریاضی,786,488,منطقه 1,مهندسی شیمی,دانشگاه صنعتی شریف - تهران
1395,ریاضی,789,239,منطقه 2,مهندسی برق,دانشگاه صنعتی امیرکبیر - تهران
1395,ریاضی,789,239,منطقه 2,مهندسی کامپیوتر,دانشگاه صنعتی امیرکبیر - تهران
1395,ریاضی,791,491,منطقه 1,مهندسی برق,دانشگاه صنعتی امیرکبیر - تهران
1395,ریاضی,797,496,منطقه 1,مهندسی برق,دانشگاه صنعتی اصفهان
1395,ریاضی,797,496,منطقه 1,مهندسی کامپیوتر,دانشگاه صنعتی امیرکبیر - تهران
1395,ریاضی,799,242,منطقه 2,مهندسی مکانیک,دانشگاه صنعتی امیرکبیر - تهران
1395,ریاضی,806,244,منطقه 2,فیزیک,دانشگاه صنعتی شریف - تهران
1395,ریاضی,806,244,منطقه 2,مهندسی شیمی,دانشگاه صنعتی شریف - تهران
1395,ریاضی,809,246,منطقه 2,مهندسی مکانیک,دانشگاه تهران
1395,ریاضی,811,247,منطقه 2,مهندسی عمران,دانشگاه تهران
1395,ریاضی,813,248,منطقه 2,مهندسی صنایع,دانشگاه صنعتی شریف - تهران
1395,ریاضی,813,248,منطقه 2,مهندسی مکانیک,دانشگاه تهران
1395,ریاضی,813,505,منطقه 1,مهندسی برق,دانشگاه صنعتی امیرکبیر - تهران
1395,ریاضی,815,250,منطقه 2,مهندسی مکانیک,دانشگاه صنعتی اصفهان
1395,ریاضی,816,251,منطقه 2,مهندسی مکانیک,دانشگاه تهران
1395,ریاضی,816,506,منطقه 1,مهندسی برق,دانشگاه صنعتی امیرکبیر - تهران
1395,ریاضی,819,46,منطقه 3,مهندسی برق,دانشگاه صنعتی امیرکبیر - تهران
1395,ریاضی,829,47,منطقه 3,مهندسی کامپیوتر,دانشگاه صنعتی شریف - تهران
1395,ریاضی,830,514,منطقه 1,مهندسی برق,دانشگاه صنعتی امیرکبیر - تهران
1395,ریاضی,832,255,منطقه 2,مهندسی برق,دانشگاه صنعتی امیرکبیر - تهران
1395,ریاضی,834,517,منطقه 1,مهندسی برق,دانشگاه صنعتی امیرکبیر - تهران
1395,ریاضی,836,48,منطقه 3,مهندسی برق,دانشگاه صنعتی امیرکبیر - تهران
1395,ریاضی,841,49,منطقه 3,مهندسی مکانیک,دانشگاه صنعتی امیرکبیر - تهران
1395,ریاضی,841,257,منطقه 2,مهندسی کامپیوتر,دانشگاه صنعتی امیرکبیر - تهران
1395,ریاضی,845,50,منطقه 3,مهندسی مکانیک,دانشگاه صنعتی امیرکبیر - تهران
1395,ریاضی,847,525,منطقه 1,مهندسی مکانیک,دانشگاه صنعتی امیرکبیر - تهران
1395,ریاضی,849,258,منطقه 2,مهندسی کامپیوتر,دانشگاه صنعتی امیرکبیر - تهران
1395,ریاضی,850,259,منطقه 2,مهندسی برق,دانشگاه صنعتی امیرکبیر - تهران
1395,ریاضی,852,51,منطقه 3,آموزش فیزیک - بومی استان گلستان,پردیس شهید بهشتی - مشهد
1395,ریاضی,856,260,منطقه 2,مهندسی برق,دانشگاه صنعتی امیرکبیر - تهران
1395,ریاضی,856,260,منطقه 2,مهندسی صنایع,دانشگاه صنعتی شریف - تهران
1395,ریاضی,858,262,منطقه 2,مهندسی صنایع,دانشگاه صنعتی شریف - تهران
1395,ریاضی,859,263,منطقه 2,مهندسی نفت,دانشگاه صنعتی شریف - تهران
1395,ریاضی,860,264,منطقه 2,مهندسی برق,دانشگاه صنعتی امیرکبیر - تهران
1395,ریاضی,862,532,منطقه 1,مهندسی مکانیک,دانشگاه صنعتی امیرکبیر - تهران
1395,ریاضی,864,534,منطقه 1,مهندسی کامپیوتر,دانشگاه صنعتی امیرکبیر - تهران
1395,ریاضی,867,537,منطقه 1,مهندسی برق,دانشگاه فردوسی - مشهد
1395,ریاضی,867,537,منطقه 1,مهندسی مکانیک,دانشگاه تبریز
1395,ریاضی,870,265,منطقه 2,مهندسی هوا فضا,دانشگاه صنعتی شریف - تهران
1395,ریاضی,877,267,منطقه 2,مهندسی شیمی,دانشگاه صنعتی شریف - تهران
1395,ریاضی,879,268,منطقه 2,مهندسی برق,دانشگاه صنعتی امیرکبیر - تهران
1395,ریاضی,880,269,منطقه 2,مهندسی صنایع,دانشگاه صنعتی شریف - تهران
1395,ریاضی,881,546,منطقه 1,مهندسی مکانیک,دانشگاه صنعتی امیرکبیر - تهران
1395,ریاضی,883,548,منطقه 1,مهندسی مکانیک,دانشگاه صنعتی امیرکبیر - تهران
1395,ریاضی,890,270,منطقه 2,مهندسی شیمی,دانشگاه صنعتی شریف - تهران
1395,ریاضی,891,271,منطقه 2,مهندسی برق,دانشگاه صنعتی امیرکبیر - تهران
1395,ریاضی,891,554,منطقه 1,مهندسی معماری,دانشگاه تهران
1395,ریاضی,902,53,منطقه 3,مهندسی مکانیک,دانشگاه صنعتی شریف - تهران
1395,ریاضی,902,559,منطقه 1,مهندسی مکانیک,دانشگاه صنعتی امیرکبیر - تهران
1395,ریاضی,906,276,منطقه 2,مهندسی مکانیک,دانشگاه تهران
1395,ریاضی,906,562,منطقه 1,مهندسی عمران,دانشگاه تهران
1395,ریاضی,909,277,منطقه 2,مهندسی برق,دانشگاه صنعتی امیرکبیر - تهران
1395,ریاضی,909,565,منطقه 1,مهندسی هوا فضا,دانشگاه صنعتی شریف - تهران
1395,ریاضی,912,278,منطقه 2,مهندسی صنایع,دانشگاه صنعتی شریف - تهران
1395,ریاضی,915,279,منطقه 2,مهندسی هوا فضا,دانشگاه صنعتی شریف - تهران
1395,ریاضی,916,569,منطقه 1,مهندسی مکانیک,دانشگاه صنعتی امیرکبیر - تهران
1395,ریاضی,919,571,منطقه 1,مهندسی صنایع,دانشگاه صنعتی شریف - تهران
1395,ریاضی,919,571,منطقه 1,مهندسی هوا فضا,دانشگاه صنعتی شریف - تهران
1395,ریاضی,930,284,منطقه 2,علوم کامپیوتر,دانشگاه صنعتی شریف - تهران
1395,ریاضی,930,284,منطقه 2,مهندسی برق,دانشگاه صنعتی امیرکبیر - تهران
1395,ریاضی,930,578,منطقه 1,مهندسی مکانیک,دانشگاه صنعتی امیرکبیر - تهران
1395,ریاضی,932,286,منطقه 2,مهندسی هوا فضا,دانشگاه صنعتی شریف - تهران
1395,ریاضی,933,287,منطقه 2,مهندسی برق,دانشگاه صنعتی امیرکبیر - تهران
1395,ریاضی,933,287,منطقه 2,مهندسی کامپیوتر,دانشگاه علم و صنعت ایران - تهران
1395,ریاضی,936,289,منطقه 2,مهندسی برق,دانشگاه صنعتی امیرکبیر - تهران
1395,ریاضی,939,291,منطقه 2,علوم کامپیوتر,دانشگاه صنعتی شریف - تهران
1395,ریاضی,939,291,منطقه 2,مهندسی مکانیک,دانشگاه صنعتی امیرکبیر - تهران
1395,ریاضی,939,291,منطقه 2,مهندسی کامپیوتر,دانشگاه علم و صنعت ایران - تهران
1395,ریاضی,946,293,منطقه 2,مهندسی شیمی,دانشگاه صنعتی شریف - تهران
1395,ریاضی,946,293,منطقه 2,مهندسی عمران,دانشگاه صنعتی شریف - تهران
1395,ریاضی,946,583,منطقه 1,مهندسی برق,دانشگاه فردوسی - مشهد
1395,ریاضی,954,296,منطقه 2,مهندسی برق,دانشگاه صنعتی امیرکبیر - تهران
1395,ریاضی,954,296,منطقه 2,مهندسی نفت,دانشگاه صنعتی شریف - تهران
1395,ریاضی,957,55,منطقه 3,مهندسی برق,دانشگاه تهران
1395,ریاضی,957,298,منطقه 2,مهندسی شیمی,دانشگاه صنعتی شریف - تهران
1395,ریاضی,957,589,منطقه 1,مهندسی مکانیک,دانشگاه صنعتی اصفهان
1395,ریاضی,960,56,منطقه 3,مهندسی مکانیک,دانشگاه صنعتی امیرکبیر - تهران
1395,ریاضی,960,590,منطقه 1,مهندسی کامپیوتر,دانشگاه شهید بهشتی - تهران
1395,ریاضی,962,300,منطقه 2,علوم کامپیوتر,دانشگاه صنعتی شریف - تهران
1395,ریاضی,966,57,منطقه 3,مهندسی عمران,دانشگاه تهران
1395,ریاضی,970,302,منطقه 2,مهندسی کامپیوتر,دانشگاه صنعتی امیرکبیر - تهران
1395,ریاضی,974,303,منطقه 2,مهندسی مکانیک,دانشگاه صنعتی امیرکبیر - تهران
1395,ریاضی,976,599,منطقه 1,کارشناسی ارشد پیوسته علوم قضایی,دانشگاه علوم قضایی و خدمات ادارای دادگستری
1395,ریاضی,979,602,منطقه 1,مهندسی مکانیک,دانشگاه صنعتی امیرکبیر - تهران
1395,ریاضی,982,304,منطقه 2,مهندسی صنایع,دانشگاه تهران
1395,ریاضی,982,304,منطقه 2,مهندسی کامپیوتر,دانشگاه صنعتی امیرکبیر - تهران
1395,ریاضی,985,306,منطقه 2,مهندسی مکانیک,دانشگاه صنعتی امیرکبیر - تهران
1395,ریاضی,990,307,منطقه 2,علوم کامپیوتر,دانشگاه تهران
1395,ریاضی,990,609,منطقه 1,مهندسی عمران,دانشگاه تهران
1395,ریاضی,996,309,منطقه 2,مهندسی عمران,دانشگاه تهران
1395,ریاضی,997,613,منطقه 1,مهندسی صنایع,دانشگاه صنعتی شریف - تهران
1395,ریاضی,999,59,منطقه 3,مهندسی مکانیک,دانشگاه صنعتی شریف - تهران
1395,ریاضی,999,310,منطقه 2,مهندسی عمران,دانشگاه تهران
1395,ریاضی,1003,616,منطقه 1,علوم کامپیوتر,دانشگاه تهران
1395,ریاضی,1005,312,منطقه 2,مهندسی برق,دانشگاه صنعتی امیرکبیر - تهران
1395,ریاضی,1005,618,منطقه 1,مهندسی برق,دانشگاه صنعتی امیرکبیر - تهران
1395,ریاضی,1007,619,منطقه 1,مهندسی برق,دانشگاه علم و صنعت ایران - تهران
1395,ریاضی,1010,313,منطقه 2,ریاضیات و کاربردها,دانشگاه صنعتی شریف - تهران
1395,ریاضی,1013,624,منطقه 1,مهندسی برق,دانشگاه صنعتی امیرکبیر - تهران
1395,ریاضی,1013,624,منطقه 1,مهندسی مکانیک,دانشگاه صنعتی اصفهان
1395,ریاضی,1013,624,منطقه 1,مهندسی مکانیک,دانشگاه فردوسی - مشهد
1395,ریاضی,1013,624,منطقه 1,مهندسی هوا فضا,دانشگاه صنعتی شریف - تهران
1395,ریاضی,1016,627,منطقه 1,مهندسی مکانیک,دانشگاه علم و صنعت ایران - تهران
1395,ریاضی,1018,314,منطقه 2,مهندسی عمران,دانشگاه تهران
1395,ریاضی,1021,315,منطقه 2,مهندسی مکانیک,دانشگاه صنعتی امیرکبیر - تهران
1395,ریاضی,1022,60,منطقه 3,مهندسی برق,دانشگاه صنعتی اصفهان
1395,ریاضی,1027,62,منطقه 3,مهندسی کامپیوتر,دانشگاه صنعتی اصفهان
1395,ریاضی,1027,316,منطقه 2,مهندسی مکانیک,دانشگاه صنعتی امیرکبیر - تهران
1395,ریاضی,1032,318,منطقه 2,مهندسی شیمی,دانشگاه صنعتی شریف - تهران
1395,ریاضی,1035,321,منطقه 2,مهندسی برق,دانشگاه صنعتی امیرکبیر - تهران
1395,ریاضی,1038,323,منطقه 2,مهندسی برق,دانشگاه صنعتی امیرکبیر - تهران
1395,ریاضی,1043,324,منطقه 2,مهندسی برق,دانشگاه صنعتی امیرکبیر - تهران
1395,ریاضی,1048,644,منطقه 1,مهندسی برق,دانشگاه صنعتی اصفهان
1395,ریاضی,1050,326,منطقه 2,مهندسی صنایع,دانشگاه صنعتی شریف - تهران
1395,ریاضی,1051,646,منطقه 1,مهندسی عمران,دانشگاه تهران
1395,ریاضی,1058,328,منطقه 2,مهندسی معماری,دانشگاه تهران
1395,ریاضی,1060,652,منطقه 1,مهندسی برق,دانشگاه علم و صنعت ایران - تهران
1395,ریاضی,1061,64,منطقه 3,مهندسی مکانیک,دانشگاه صنعتی امیرکبیر - تهران
1395,ریاضی,1063,653,منطقه 1,مهندسی کامپیوتر,دانشگاه علم و صنعت ایران - تهران
1395,ریاضی,1066,330,منطقه 2,مهندسی برق,دانشگاه صنعتی امیرکبیر - تهران
1395,ریاضی,1066,655,منطقه 1,مهندسی برق,دانشگاه علم و صنعت ایران - تهران
1395,ریاضی,1069,332,منطقه 2,مهندسی عمران,دانشگاه تهران
1395,ریاضی,1069,332,منطقه 2,مهندسی مکانیک,دانشگاه صنعتی امیرکبیر - تهران
1395,ریاضی,1073,334,منطقه 2,مهندسی عمران,دانشگاه تهران
1395,ریاضی,1073,659,منطقه 1,مهندسی شیمی,دانشگاه تهران
1395,ریاضی,1077,335,منطقه 2,مهندسی برق,دانشگاه صنعتی امیرکبیر - تهران
1395,ریاضی,1077,662,منطقه 1,مهندسی مکانیک,دانشگاه تبریز
1395,ریاضی,1082,666,منطقه 1,مهندسی شیمی,دانشگاه تهران
1395,ریاضی,1084,668,منطقه 1,مهندسی مکانیک,دانشگاه صنعتی امیرکبیر - تهران
1395,ریاضی,1087,336,منطقه 2,مهندسی مکانیک,دانشگاه صنعتی امیرکبیر - تهران
1395,ریاضی,1091,339,منطقه 2,مهندسی برق,دانشگاه صنعتی امیرکبیر - تهران
1395,ریاضی,1091,672,منطقه 1,مهندسی مکانیک,دانشگاه شیراز
1395,ریاضی,1093,673,منطقه 1,مهندسی برق,دانشگاه صنعتی امیرکبیر - تهران
1395,ریاضی,1094,340,منطقه 2,مهندسی مکانیک,دانشگاه تهران
1395,ریاضی,1096,341,منطقه 2,مهندسی نفت,دانشگاه صنعتی شریف - تهران
1395,ریاضی,1097,342,منطقه 2,مهندسی صنایع,دانشگاه تهران
1395,ریاضی,1097,342,منطقه 2,مهندسی نفت,دانشگاه صنعتی شریف - تهران
1395,ریاضی,1100,344,منطقه 2,مهندسی عمران,دانشگاه تهران
1395,ریاضی,1100,675,منطقه 1,مهندسی عمران,دانشگاه تهران
1395,ریاضی,1102,65,منطقه 3,مهندسی برق,دانشگاه صنعتی امیرکبیر - تهران
1395,ریاضی,1104,345,منطقه 2,مهندسی مکانیک,دانشگاه تهران
1395,ریاضی,1104,677,منطقه 1,مهندسی برق,دانشگاه صنعتی امیرکبیر - تهران
1395,ریاضی,1109,681,منطقه 1,مهندسی مکانیک,دانشگاه صنعتی اصفهان
1395,ریاضی,1110,347,منطقه 2,مهندسی مکانیک,دانشگاه تهران
1395,ریاضی,1113,348,منطقه 2,مهندسی برق,دانشگاه صنعتی امیرکبیر - تهران
1395,ریاضی,1118,351,منطقه 2,مهندسی شیمی,دانشگاه صنعتی شریف - تهران
1395,ریاضی,1118,351,منطقه 2,مهندسی مکانیک,دانشگاه تهران
1395,ریاضی,1127,691,منطقه 1,مهندسی کامپیوتر,دانشگاه صنعتی اصفهان
1395,ریاضی,1129,693,منطقه 1,مهندسی عمران,دانشگاه تهران
1395,ریاضی,1131,354,منطقه 2,مهندسی عمران,دانشگاه صنعتی امیرکبیر - تهران
1395,ریاضی,1138,356,منطقه 2,مهندسی مکانیک,دانشگاه صنعتی امیرکبیر - تهران
1395,ریاضی,1139,700,منطقه 1,مهندسی شیمی,دانشگاه تهران
1395,ریاضی,1142,358,منطقه 2,مهندسی معماری,دانشگاه تهران
1395,ریاضی,1149,704,منطقه 1,مهندسی مکانیک,دانشگاه صنعتی خواجه نصیرالدین طوسی - تهران
1395,ریاضی,1152,362,منطقه 2,مهندسی نفت,دانشگاه صنعتی شریف - تهران
1395,ریاضی,1154,67,منطقه 3,مهندسی برق,دانشگاه صنعتی امیرکبیر - تهران
1395,ریاضی,1158,68,منطقه 3,مهندسی مکانیک,دانشگاه تهران
1395,ریاضی,1158,709,منطقه 1,مهندسی شیمی,دانشگاه تهران
1395,ریاضی,1161,710,منطقه 1,مهندسی شیمی,دانشگاه تهران
1395,ریاضی,1163,712,منطقه 1,علوم کامپیوتر,دانشگاه تهران
1395,ریاضی,1167,716,منطقه 1,مهندسی پزشکی,دانشگاه صنعتی امیرکبیر - تهران
1395,ریاضی,1169,366,منطقه 2,مهندسی عمران,دانشگاه تهران
1395,ریاضی,1169,718,منطقه 1,مهندسی مکانیک,دانشگاه صنعتی اصفهان
1395,ریاضی,1172,368,منطقه 2,مهندسی شیمی,دانشگاه صنعتی شریف - تهران
1395,ریاضی,1175,721,منطقه 1,مهندسی شیمی,دانشگاه تهران
1395,ریاضی,1175,721,منطقه 1,مهندسی عمران,دانشگاه صنعتی امیرکبیر - تهران
1395,ریاضی,1177,369,منطقه 2,مهندسی برق,دانشگاه علم و صنعت ایران - تهران
1395,ریاضی,1183,374,منطقه 2,مهندسی برق,دانشگاه علم و صنعت ایران - تهران
1395,ریاضی,1183,374,منطقه 2,مهندسی نفت,دانشگاه صنعتی شریف - تهران
1395,ریاضی,1183,374,منطقه 2,مهندسی هوا فضا,دانشگاه صنعتی شریف - تهران
1395,ریاضی,1187,376,منطقه 2,مهندسی صنایع,دانشگاه صنعتی شریف - تهران
1395,ریاضی,1193,730,منطقه 1,مهندسی مکانیک,دانشگاه علم و صنعت ایران - تهران
1395,ریاضی,1195,378,منطقه 2,مهندسی هوا فضا,دانشگاه صنعتی شریف - تهران
1395,ریاضی,1198,379,منطقه 2,مهندسی عمران,دانشگاه تهران
1395,ریاضی,1203,738,منطقه 1,مهندسی کامپیوتر,دانشگاه علم و صنعت ایران - تهران
1395,ریاضی,1204,380,منطقه 2,مهندسی صنایع,دانشگاه صنعتی امیرکبیر - تهران
1395,ریاضی,1205,381,منطقه 2,مهندسی مکانیک,دانشگاه علم و صنعت ایران - تهران
1395,ریاضی,1212,383,منطقه 2,مهندسی مکانیک,دانشگاه علم و صنعت ایران - تهران
1395,ریاضی,1215,384,منطقه 2,مهندسی هوا فضا,دانشگاه صنعتی شریف - تهران
1395,ریاضی,1216,385,منطقه 2,مهندسی صنایع,دانشگاه تهران
1395,ریاضی,1216,385,منطقه 2,مهندسی هوا فضا,دانشگاه صنعتی امیرکبیر - تهران
1395,ریاضی,1223,749,منطقه 1,مهندسی هوا فضا,دانشگاه صنعتی شریف - تهران
1395,ریاضی,1227,70,منطقه 3,مهندسی عمران,دانشگاه صنعتی امیرکبیر - تهران
1395,ریاضی,1227,387,منطقه 2,مهندسی کامپیوتر,دانشگاه علم و صنعت ایران - تهران
1395,ریاضی,1230,389,منطقه 2,مهندسی صنایع,دانشگاه تهران
1395,ریاضی,1238,20,ایثارگران,مهندسی مکانیک,دانشگاه صنعتی شریف - تهران
1395,ریاضی,1238,758,منطقه 1,مهندسی شیمی,دانشگاه تهران
1395,ریاضی,1247,391,منطقه 2,مهندسی کامپیوتر,دانشگاه علم و صنعت ایران - تهران
1395,ریاضی,1247,767,منطقه 1,مهندسی مکانیک,دانشگاه شیراز
1395,ریاضی,1250,392,منطقه 2,مهندسی صنایع,دانشگاه تهران
1395,ریاضی,1254,71,منطقه 3,مهندسی عمران,دانشگاه صنعتی امیرکبیر - تهران
1395,ریاضی,1257,72,منطقه 3,مهندسی برق,دانشگاه علم و صنعت ایران - تهران
1395,ریاضی,1257,394,منطقه 2,مهندسی شیمی,دانشگاه صنعتی شریف - تهران
1395,ریاضی,1262,775,منطقه 1,مهندسی پزشکی,دانشگاه صنعتی امیرکبیر - تهران
1395,ریاضی,1269,398,منطقه 2,مهندسی نفت,دانشگاه صنعتی شریف - تهران
1395,ریاضی,1269,778,منطقه 1,مهندسی نفت,دانشگاه صنعتی شریف - تهران
1395,ریاضی,1271,399,منطقه 2,مهندسی صنایع,دانشگاه تهران
1395,ریاضی,1275,74,منطقه 3,مهندسی شیمی,دانشگاه صنعتی شریف - تهران
1395,ریاضی,1275,74,منطقه 3,مهندسی مکانیک,دانشگاه تهران
1395,ریاضی,1275,782,منطقه 1,مهندسی برق,دانشگاه صنعتی اصفهان
1395,ریاضی,1277,400,منطقه 2,مهندسی معماری,دانشگاه تهران
1395,ریاضی,1279,401,منطقه 2,مهندسی هوا فضا,دانشگاه صنعتی شریف - تهران
1395,ریاضی,1281,402,منطقه 2,ریاضیات و کاربردها,دانشگاه صنعتی شریف - تهران
1395,ریاضی,1286,787,منطقه 1,مهندسی کامپیوتر - بومی استان خراسان رضوی,دانشگاه تربیت دبیر شهید رجایی - تهران (رشته های دارای تعهد به آموزش و پرورش)
1395,ریاضی,1289,76,منطقه 3,مهندسی برق,دانشگاه علم و صنعت ایران - تهران
1395,ریاضی,1291,405,منطقه 2,مهندسی مکانیک,دانشگاه علم و صنعت ایران - تهران
1395,ریاضی,1297,795,منطقه 1,مهندسی مکانیک,دانشگاه علم و صنعت ایران - تهران
1395,ریاضی,1301,406,منطقه 2,مهندسی برق,دانشگاه علم و صنعت ایران - تهران
1395,ریاضی,1303,407,منطقه 2,مهندسی عمران,دانشگاه تهران
1395,ریاضی,1306,802,منطقه 1,مهندسی برق,دانشگاه صنعتی اصفهان
1395,ریاضی,1308,408,منطقه 2,مهندسی عمران,دانشگاه تهران
1395,ریاضی,1311,77,منطقه 3,مهندسی نفت,دانشگاه صنعتی شریف - تهران
1395,ریاضی,1311,77,منطقه 3,کارشناسی ارشد پیوسته علوم قضایی,دانشگاه علوم قضایی و خدمات ادارای دادگستری
1395,ریاضی,1311,409,منطقه 2,مهندسی صنایع,دانشگاه صنعتی امیرکبیر - تهران
1395,ریاضی,1311,805,منطقه 1,مهندسی مکانیک,دانشگاه صنعتی اصفهان
1395,ریاضی,1314,806,منطقه 1,مهندسی مکانیک,دانشگاه علم و صنعت ایران - تهران
1395,ریاضی,1316,808,منطقه 1,مهندسی پزشکی,دانشگاه صنعتی امیرکبیر - تهران
1395,ریاضی,1319,810,منطقه 1,مهندسی برق,دانشگاه علم و صنعت ایران - تهران
1395,ریاضی,1326,411,منطقه 2,مهندسی مکانیک,دانشگاه علم و صنعت ایران - تهران
1395,ریاضی,1326,815,منطقه 1,مهندسی عمران,دانشگاه صنعتی امیرکبیر - تهران
1395,ریاضی,1329,413,منطقه 2,مهندسی معماری,دانشگاه تهران
1395,ریاضی,1329,413,منطقه 2,مهندسی مکانیک,دانشگاه صنعتی امیرکبیر - تهران
1395,ریاضی,1332,415,منطقه 2,مهندسی عمران,دانشگاه صنعتی امیرکبیر - تهران
1395,ریاضی,1335,820,منطقه 1,مهندسی مکانیک,دانشگاه علم و صنعت ایران - تهران
1395,ریاضی,1335,820,منطقه 1,مهندسی پزشکی,دانشگاه صنعتی امیرکبیر - تهران
1395,ریاضی,1338,416,منطقه 2,مهندسی برق,دانشگاه علم و صنعت ایران - تهران
1395,ریاضی,1338,416,منطقه 2,مهندسی نفت,دانشگاه صنعتی شریف - تهران
1395,ریاضی,1338,822,منطقه 1,مهندسی صنایع,دانشگاه علم و صنعت ایران - تهران
1395,ریاضی,1342,418,منطقه 2,مهندسی مکانیک,دانشگاه صنعتی امیرکبیر - تهران
1395,ریاضی,1351,422,منطقه 2,مهندسی شیمی,دانشگاه صنعتی شریف - تهران
1395,ریاضی,1351,422,منطقه 2,مهندسی عمران,دانشگاه تهران
1395,ریاضی,1351,422,منطقه 2,مهندسی مواد و متالور‍ژی,دانشگاه صنعتی شریف - تهران
1395,ریاضی,1357,832,منطقه 1,مهندسی هوا فضا,دانشگاه صنعتی امیرکبیر - تهران
1395,ریاضی,1360,425,منطقه 2,مهندسی عمران,دانشگاه صنعتی امیرکبیر - تهران
1395,ریاضی,1360,835,منطقه 1,مهندسی برق,دانشگاه صنعتی اصفهان
1395,ریاضی,1364,426,منطقه 2,مهندسی پزشکی,دانشگاه صنعتی امیرکبیر - تهران
1395,ریاضی,1366,427,منطقه 2,مهندسی مکانیک,دانشگاه صنعتی امیرکبیر - تهران
1395,ریاضی,1367,839,منطقه 1,مهندسی پزشکی,دانشگاه صنعتی امیرکبیر - تهران
1395,ریاضی,1370,428,منطقه 2,مهندسی عمران,دانشگاه تهران
1395,ریاضی,1370,428,منطقه 2,مهندسی هوا فضا,دانشگاه صنعتی شریف - تهران
1395,ریاضی,1373,843,منطقه 1,مهندسی عمران,دانشگاه صنعتی امیرکبیر - تهران
1395,ریاضی,1381,79,منطقه 3,مهندسی کامپیوتر,دانشگاه تهران
1395,ریاضی,1381,433,منطقه 2,مهندسی دریا,دانشگاه صنعتی شریف - تهران
1395,ریاضی,1381,847,منطقه 1,مهندسی کامپیوتر,دانشگاه شیراز
1395,ریاضی,1385,24,ایثارگران,مهندسی مکانیک,دانشگاه صنعتی شریف - تهران
1395,ریاضی,1385,434,منطقه 2,مهندسی برق,دانشگاه علم و صنعت ایران - تهران
1395,ریاضی,1389,80,منطقه 3,مهندسی برق,دانشگاه علم و صنعت ایران - تهران
1395,ریاضی,1389,435,منطقه 2,مهندسی شیمی,دانشگاه صنعتی شریف - تهران
1395,ریاضی,1389,435,منطقه 2,مهندسی مکانیک,دانشگاه علم و صنعت ایران - تهران
1395,ریاضی,1395,438,منطقه 2,مهندسی مکانیک,دانشگاه صنعتی اصفهان
1395,ریاضی,1395,438,منطقه 2,مهندسی مکانیک,دانشگاه صنعتی امیرکبیر - تهران
1395,ریاضی,1400,82,منطقه 3,مهندسی هوا فضا,دانشگاه صنعتی شریف - تهران
1395,ریاضی,1400,854,منطقه 1,مهندسی برق,دانشگاه شیراز
1395,ریاضی,1400,854,منطقه 1,مهندسی شیمی,دانشگاه تهران
1395,ریاضی,1402,441,منطقه 2,مهندسی برق,دانشگاه علم و صنعت ایران - تهران
1395,ریاضی,1406,857,منطقه 1,مهندسی صنایع,دانشگاه صنعتی امیرکبیر - تهران
1395,ریاضی,1407,858,منطقه 1,مهندسی شیمی,دانشگاه تهران
1395,ریاضی,1411,444,منطقه 2,مهندسی معماری,دانشگاه تهران
1395,ریاضی,1418,447,منطقه 2,مهندسی صنایع,دانشگاه صنعتی امیرکبیر - تهران
1395,ریاضی,1422,449,منطقه 2,مهندسی برق,دانشگاه علم و صنعت ایران - تهران
1395,ریاضی,1422,449,منطقه 2,مهندسی کامپیوتر,دانشگاه شهید بهشتی - تهران
1395,ریاضی,1422,866,منطقه 1,مهندسی برق,دانشگاه صنعتی اصفهان
1395,ریاضی,1424,451,منطقه 2,مهندسی برق,دانشگاه علم و صنعت ایران - تهران
1395,ریاضی,1426,84,منطقه 3,مهندسی کامپیوتر,دانشگاه علم و صنعت ایران - تهران
1395,ریاضی,1432,871,منطقه 1,مهندسی معماری,دانشگاه تهران
1395,ریاضی,1432,871,منطقه 1,مهندسی هوا فضا,دانشگاه صنعتی امیرکبیر - تهران
1395,ریاضی,1437,25,ایثارگران,مهندسی کامپیوتر,دانشگاه صنعتی شریف - تهران
1395,ریاضی,1437,453,منطقه 2,مهندسی کامپیوتر,دانشگاه علم و صنعت ایران - تهران
1395,ریاضی,1437,875,منطقه 1,مهندسی مکانیک,دانشگاه علم و صنعت ایران - تهران
1395,ریاضی,1444,454,منطقه 2,مهندسی مکانیک,دانشگاه علم و صنعت ایران - تهران
1395,ریاضی,1446,880,منطقه 1,مهندسی برق,دانشگاه صنعتی اصفهان
1395,ریاضی,1449,455,منطقه 2,مهندسی هوا فضا,دانشگاه صنعتی شریف - تهران
1395,ریاضی,1449,882,منطقه 1,مهندسی شیمی,دانشگاه تهران
1395,ریاضی,1453,885,منطقه 1,مهندسی کامپیوتر,دانشگاه علم و صنعت ایران - تهران
1395,ریاضی,1456,457,منطقه 2,علوم کامپیوتر,دانشگاه تهران
1395,ریاضی,1461,460,منطقه 2,مهندسی مکانیک,دانشگاه علم و صنعت ایران - تهران
1395,ریاضی,1465,461,منطقه 2,مهندسی نفت,دانشگاه صنعت نفت (محل تحصیل اهواز)
1395,ریاضی,1465,461,منطقه 2,مهندسی هوا فضا,دانشگاه صنعتی شریف - تهران
1395,ریاضی,1465,892,منطقه 1,مهندسی کامپیوتر,دانشگاه علم و صنعت ایران - تهران
1395,ریاضی,1471,463,منطقه 2,مهندسی نفت,دانشگاه صنعتی شریف - تهران
1395,ریاضی,1471,896,منطقه 1,مهندسی مکانیک,دانشگاه شیراز
1395,ریاضی,1474,899,منطقه 1,مهندسی عمران,دانشگاه صنعتی امیرکبیر - تهران
1395,ریاضی,1476,464,منطقه 2,مهندسی کامپیوتر,دانشگاه علم و صنعت ایران - تهران
1395,ریاضی,1486,467,منطقه 2,مهندسی عمران,دانشگاه صنعتی امیرکبیر - تهران
1395,ریاضی,1486,467,منطقه 2,مهندسی مکانیک,دانشگاه علم و صنعت ایران - تهران
1395,ریاضی,1489,469,منطقه 2,مهندسی برق,دانشگاه علم و صنعت ایران - تهران
1395,ریاضی,1494,912,منطقه 1,مهندسی کامپیوتر,دانشگاه شهید بهشتی - تهران
1395,ریاضی,1496,28,ایثارگران,مهندسی کامپیوتر,دانشگاه صنعتی شریف - تهران
1395,ریاضی,1496,470,منطقه 2,مهندسی شیمی,دانشگاه صنعتی شریف - تهران
1395,ریاضی,1503,918,منطقه 1,مهندسی شیمی,دانشگاه تهران
1395,ریاضی,1506,88,منطقه 3,مهندسی عمران,دانشگاه صنعتی شریف - تهران
1395,ریاضی,1506,471,منطقه 2,مهندسی پزشکی,دانشگاه صنعتی امیرکبیر - تهران
1395,ریاضی,1506,920,منطقه 1,مهندسی برق,دانشگاه صنعتی اصفهان
1395,ریاضی,1513,472,منطقه 2,مهندسی برق,دانشگاه علم و صنعت ایران - تهران
1395,ریاضی,1513,472,منطقه 2,مهندسی شیمی,دانشگاه صنعتی شریف - تهران
1395,ریاضی,1513,925,منطقه 1,مهندسی برق,دانشگاه صنعتی خواجه نصیرالدین طوسی - تهران
1395,ریاضی,1515,89,منطقه 3,مهندسی مکانیک,دانشگاه علم و صنعت ایران - تهران
1395,ریاضی,1517,474,منطقه 2,مهندسی شیمی,دانشگاه صنعتی شریف - تهران
1395,ریاضی,1520,928,منطقه 1,مهندسی معماری,دانشگاه تهران
1395,ریاضی,1522,476,منطقه 2,مهندسی صنایع,دانشگاه صنعتی امیرکبیر - تهران
1395,ریاضی,1522,930,منطقه 1,مهندسی مکانیک,دانشگاه علم و صنعت ایران - تهران
1395,ریاضی,1524,931,منطقه 1,مهندسی مکانیک,دانشگاه علم و صنعت ایران - تهران
1395,ریاضی,1528,90,منطقه 3,مهندسی شیمی,دانشگاه صنعتی شریف - تهران
1395,ریاضی,1532,479,منطقه 2,مهندسی نفت,دانشگاه تهران
1395,ریاضی,1532,479,منطقه 2,مهندسی کامپیوتر,دانشگاه علم و صنعت ایران - تهران
1395,ریاضی,1538,91,منطقه 3,مهندسی شیمی,دانشگاه صنعتی شریف - تهران
1395,ریاضی,1538,481,منطقه 2,مهندسی مکانیک,دانشگاه علم و صنعت ایران - تهران
1395,ریاضی,1538,481,منطقه 2,مهندسی کامپیوتر,دانشگاه علم و صنعت ایران - تهران
1395,ریاضی,1541,483,منطقه 2,علوم کامپیوتر,دانشگاه تهران
1395,ریاضی,1543,484,منطقه 2,مهندسی صنایع,دانشگاه صنعتی امیرکبیر - تهران
1395,ریاضی,1546,92,منطقه 3,مهندسی کامپیوتر,دانشگاه صنعتی اصفهان
1395,ریاضی,1548,485,منطقه 2,مهندسی عمران,دانشگاه صنعتی امیرکبیر - تهران
1395,ریاضی,1550,486,منطقه 2,مهندسی کامپیوتر,دانشگاه علم و صنعت ایران - تهران
1395,ریاضی,1552,93,منطقه 3,مهندسی برق,دانشگاه علم و صنعت ایران - تهران
1395,ریاضی,1555,948,منطقه 1,مهندسی برق,دانشگاه صنعتی اصفهان
1395,ریاضی,1555,948,منطقه 1,مهندسی برق,دانشگاه علم و صنعت ایران - تهران
1395,ریاضی,1555,948,منطقه 1,مهندسی معماری,دانشگاه تهران
1395,ریاضی,1557,950,منطقه 1,مهندسی شیمی,دانشگاه تهران
1395,ریاضی,1558,951,منطقه 1,مهندسی شیمی,دانشگاه فردوسی - مشهد
1395,ریاضی,1560,952,منطقه 1,مهندسی معماری,دانشگاه تهران
1395,ریاضی,1562,954,منطقه 1,مهندسی مکانیک,دانشگاه شیراز
1395,ریاضی,1566,94,منطقه 3,مهندسی مکانیک,دانشگاه صنعتی امیرکبیر - تهران
1395,ریاضی,1569,489,منطقه 2,مهندسی پزشکی,دانشگاه صنعتی امیرکبیر - تهران
1395,ریاضی,1572,491,منطقه 2,مهندسی پزشکی,دانشگاه صنعتی امیرکبیر - تهران
1395,ریاضی,1573,492,منطقه 2,مهندسی برق,دانشگاه علم و صنعت ایران - تهران
1395,ریاضی,1573,957,منطقه 1,مهندسی کامپیوتر,دانشگاه شهید بهشتی - تهران
1395,ریاضی,1581,494,منطقه 2,مهندسی کامپیوتر,دانشگاه صنعتی اصفهان
1395,ریاضی,1581,961,منطقه 1,مهندسی مکانیک,دانشگاه علم و صنعت ایران - تهران
1395,ریاضی,1584,963,منطقه 1,مهندسی پزشکی,دانشگاه صنعتی امیرکبیر - تهران
1395,ریاضی,1586,497,منطقه 2,مهندسی برق,دانشگاه علم و صنعت ایران - تهران
1395,ریاضی,1587,498,منطقه 2,مهندسی عمران,دانشگاه صنعتی امیرکبیر - تهران
1395,ریاضی,1593,969,منطقه 1,مهندسی کامپیوتر,دانشگاه صنعتی خواجه نصیرالدین طوسی - تهران
1395,ریاضی,1595,98,منطقه 3,مهندسی شیمی,دانشگاه صنعتی شریف - تهران
1395,ریاضی,1596,499,منطقه 2,ریاضیات و کاربردها,دانشگاه الزهرا(س) - تهران
1395,ریاضی,1598,971,منطقه 1,علوم کامپیوتر,دانشگاه تهران
1395,ریاضی,1598,971,منطقه 1,مهندسی مکانیک,دانشگاه تبریز
1395,ریاضی,1602,500,منطقه 2,مهندسی مواد و متالور‍ژی,دانشگاه صنعتی شریف - تهران
1395,ریاضی,1605,99,منطقه 3,مهندسی معماری,دانشگاه تهران
1395,ریاضی,1605,977,منطقه 1,مهندسی مکانیک,دانشگاه علم و صنعت ایران - تهران
1395,ریاضی,1608,501,منطقه 2,مهندسی شیمی,دانشگاه تهران
1395,ریاضی,1613,503,منطقه 2,مهندسی عمران,دانشگاه صنعتی امیرکبیر - تهران
1395,ریاضی,1616,504,منطقه 2,مهندسی برق,دانشگاه علم و صنعت ایران - تهران
1395,ریاضی,1618,100,منطقه 3,مهندسی صنایع,دانشگاه صنعتی امیرکبیر - تهران
1395,ریاضی,1621,101,منطقه 3,مهندسی نفت,دانشگاه صنعتی شریف - تهران
1395,ریاضی,1624,507,منطقه 2,مهندسی عمران,دانشگاه صنعتی امیرکبیر - تهران
1395,ریاضی,1624,507,منطقه 2,مهندسی مکانیک,دانشگاه علم و صنعت ایران - تهران
1395,ریاضی,1627,988,منطقه 1,مهندسی کامپیوتر,دانشگاه شهید بهشتی - تهران
1395,ریاضی,1631,510,منطقه 2,مهندسی مکانیک,دانشگاه علم و صنعت ایران - تهران
1395,ریاضی,1643,512,منطقه 2,مهندسی صنایع,دانشگاه صنعتی امیرکبیر - تهران
1395,ریاضی,1647,513,منطقه 2,مهندسی مکانیک,دانشگاه علم و صنعت ایران - تهران
1395,ریاضی,1651,515,منطقه 2,مهندسی برق,دانشگاه علم و صنعت ایران - تهران
1395,ریاضی,1651,1004,منطقه 1,مهندسی برق,دانشگاه علم و صنعت ایران - تهران
1395,ریاضی,1655,1008,منطقه 1,مهندسی مکانیک,دانشگاه فردوسی - مشهد
1395,ریاضی,1659,32,ایثارگران,مهندسی مکانیک,دانشگاه صنعتی شریف - تهران
1395,ریاضی,1661,516,منطقه 2,مهندسی مکانیک,دانشگاه علم و صنعت ایران - تهران
1395,ریاضی,1668,519,منطقه 2,مهندسی کامپیوتر,دانشگاه شهید بهشتی - تهران
1395,ریاضی,1671,521,منطقه 2,مهندسی برق,دانشگاه صنعتی اصفهان
1395,ریاضی,1671,521,منطقه 2,مهندسی صنایع,دانشگاه صنعتی امیرکبیر - تهران
1395,ریاضی,1674,102,منطقه 3,مهندسی مکانیک,دانشگاه علم و صنعت ایران - تهران
1395,ریاضی,1674,523,منطقه 2,مهندسی برق,دانشگاه علم و صنعت ایران - تهران
1395,ریاضی,1674,523,منطقه 2,مهندسی مکانیک,دانشگاه صنعتی خواجه نصیرالدین طوسی - تهران
1395,ریاضی,1674,1018,منطقه 1,مهندسی صنایع,دانشگاه صنعتی امیرکبیر - تهران
1395,ریاضی,1679,103,منطقه 3,علوم قضایی,دانشگاه علوم قضایی و خدمات ادارای دادگستری
1395,ریاضی,1679,525,منطقه 2,مهندسی معماری,دانشگاه تهران
1395,ریاضی,1679,525,منطقه 2,مهندسی هوا فضا,دانشگاه صنعتی امیرکبیر - تهران
1395,ریاضی,1685,527,منطقه 2,مهندسی برق,دانشگاه علم و صنعت ایران - تهران
1395,ریاضی,1685,527,منطقه 2,مهندسی معماری,دانشگاه شهید چمران اهواز
1395,ریاضی,1690,1025,منطقه 1,مهندسی صنایع,دانشگاه صنعتی امیرکبیر - تهران
1395,ریاضی,1693,104,منطقه 3,مهندسی برق - بومی استان کردستان,دانشگاه تربیت دبیر شهید رجایی - تهران (رشته های دارای تعهد به آموزش و پرورش)
1395,ریاضی,1693,1027,منطقه 1,مهندسی عمران,دانشگاه صنعتی امیرکبیر - تهران
1395,ریاضی,1696,531,منطقه 2,مهندسی کامپیوتر,دانشگاه شهید بهشتی - تهران
1395,ریاضی,1696,1029,منطقه 1,مهندسی برق,دانشگاه شیراز
1395,ریاضی,1699,1032,منطقه 1,مهندسی صنایع,دانشگاه صنعتی امیرکبیر - تهران
1395,ریاضی,1704,533,منطقه 2,مهندسی برق,دانشگاه صنعتی اصفهان
1395,ریاضی,1704,533,منطقه 2,مهندسی برق,دانشگاه علم و صنعت ایران - تهران
1395,ریاضی,1704,533,منطقه 2,مهندسی شیمی,دانشگاه صنعتی امیرکبیر - تهران
1395,ریاضی,1704,1034,منطقه 1,مهندسی معماری,دانشگاه شهید بهشتی - تهران
1395,ریاضی,1708,106,منطقه 3,مهندسی شیمی,دانشگاه صنعتی شریف - تهران
1395,ریاضی,1708,535,منطقه 2,مهندسی هوا فضا,دانشگاه صنعتی امیرکبیر - تهران
1395,ریاضی,1716,537,منطقه 2,ریاضیات و کاربردها,دانشگاه صنعتی شریف - تهران
1395,ریاضی,1716,1041,منطقه 1,مهندسی مکانیک,دانشگاه تبریز
1395,ریاضی,1720,1045,منطقه 1,مهندسی مکانیک,دانشگاه علم و صنعت ایران - تهران
1395,ریاضی,1724,107,منطقه 3,مهندسی صنایع,دانشگاه صنعتی امیرکبیر - تهران
1395,ریاضی,1724,1048,منطقه 1,مهندسی عمران,دانشگاه صنعتی امیرکبیر - تهران
1395,ریاضی,1728,539,منطقه 2,مهندسی شیمی,دانشگاه صنعتی امیرکبیر - تهران
1395,ریاضی,1732,109,منطقه 3,مهندسی شیمی,دانشگاه صنعتی شریف - تهران
1395,ریاضی,1737,1055,منطقه 1,مهندسی مواد و متالور‍ژی,دانشگاه صنعتی شریف - تهران
1395,ریاضی,1740,111,منطقه 3,مهندسی شیمی,دانشگاه صنعتی شریف - تهران
1395,ریاضی,1740,1058,منطقه 1,مهندسی پزشکی,دانشگاه صنعتی امیرکبیر - تهران
1395,ریاضی,1746,542,منطقه 2,مهندسی معماری,دانشگاه تهران
1395,ریاضی,1751,1064,منطقه 1,مهندسی برق,دانشگاه شیراز
1395,ریاضی,1754,1067,منطقه 1,مهندسی مکانیک,دانشگاه علم و صنعت ایران - تهران
1395,ریاضی,1757,545,منطقه 2,فیزیک,دانشگاه صنعتی شریف - تهران
1395,ریاضی,1757,545,منطقه 2,مهندسی برق,دانشگاه صنعتی اصفهان
1395,ریاضی,1757,545,منطقه 2,مهندسی عمران,دانشگاه صنعتی خواجه نصیرالدین طوسی - تهران
1395,ریاضی,1757,545,منطقه 2,مهندسی عمران,دانشگاه علم و صنعت ایران - تهران
1395,ریاضی,1760,548,منطقه 2,حسابداری,دانشگاه تهران
1395,ریاضی,1766,550,منطقه 2,آموزش فیزیک - بومی استان اصفهان,پردیس فاطمه الزهرا (س) - اصفهان
1395,ریاضی,1766,550,منطقه 2,مهندسی برق,دانشگاه علم و صنعت ایران - تهران
1395,ریاضی,1768,552,منطقه 2,مهندسی برق,دانشگاه علم و صنعت ایران - تهران
1395,ریاضی,1769,553,منطقه 2,مهندسی کامپیوتر,دانشگاه شهید بهشتی - تهران
1395,ریاضی,1773,1076,منطقه 1,مهندسی نفت,دانشگاه صنعت نفت (محل تحصیل آبادان)
1395,ریاضی,1776,554,منطقه 2,مهندسی برق,دانشگاه علم و صنعت ایران - تهران
1395,ریاضی,1777,1078,منطقه 1,مهندسی برق,دانشگاه علم و صنعت ایران - تهران
1395,ریاضی,1780,555,منطقه 2,مهندسی عمران,دانشگاه علم و صنعت ایران - تهران
1395,ریاضی,1784,113,منطقه 3,مهندسی شیمی,دانشگاه صنعتی شریف - تهران
1395,ریاضی,1787,558,منطقه 2,مهندسی معماری,دانشگاه شهید بهشتی - تهران
1395,ریاضی,1793,1085,منطقه 1,مهندسی صنایع,دانشگاه صنعتی امیرکبیر - تهران
1395,ریاضی,1795,560,منطقه 2,مهندسی برق,دانشگاه علم و صنعت ایران - تهران
1395,ریاضی,1802,1090,منطقه 1,مهندسی هوا فضا,دانشگاه صنعتی امیرکبیر - تهران
1395,ریاضی,1805,564,منطقه 2,مهندسی مواد و متالور‍ژی,دانشگاه صنعتی شریف - تهران
1395,ریاضی,1805,564,منطقه 2,مهندسی هوا فضا,دانشگاه صنعتی امیرکبیر - تهران
1395,ریاضی,1808,566,منطقه 2,مهندسی برق,دانشگاه علم و صنعت ایران - تهران
1395,ریاضی,1812,567,منطقه 2,مهندسی مکانیک,دانشگاه علم و صنعت ایران - تهران
1395,ریاضی,1812,567,منطقه 2,مهندسی کامپیوتر,دانشگاه فردوسی - مشهد
1395,ریاضی,1817,1099,منطقه 1,مهندسی صنایع,دانشگاه صنعتی امیرکبیر - تهران
1395,ریاضی,1820,115,منطقه 3,مهندسی مکانیک,دانشگاه علم و صنعت ایران - تهران
1395,ریاضی,1823,116,منطقه 3,مهندسی مکانیک,دانشگاه شیراز
1395,ریاضی,1824,570,منطقه 2,مهندسی مکانیک,دانشگاه فردوسی - مشهد
1395,ریاضی,1827,571,منطقه 2,مهندسی مکانیک,دانشگاه صنعت نفت (محل تحصیل اهواز)
1395,ریاضی,1833,573,منطقه 2,مهندسی شیمی,دانشگاه تهران
1395,ریاضی,1833,573,منطقه 2,مهندسی هوا فضا,دانشگاه صنعتی امیرکبیر - تهران
1395,ریاضی,1833,573,منطقه 2,مهندسی کامپیوتر,دانشگاه صنعتی خواجه نصیرالدین طوسی - تهران
1395,ریاضی,1837,118,منطقه 3,مهندسی برق - بومی استان سیستان وبلوچستان,دانشگاه تربیت دبیر شهید رجایی - تهران (رشته های دارای تعهد به آموزش و پرورش)
1395,ریاضی,1837,1110,منطقه 1,مهندسی مکانیک,دانشگاه علم و صنعت ایران - تهران
1395,ریاضی,1840,1112,منطقه 1,مهندسی شیمی,دانشگاه صنعتی امیرکبیر - تهران
1395,ریاضی,1843,1115,منطقه 1,مهندسی صنایع,دانشگاه علم و صنعت ایران - تهران
1395,ریاضی,1845,37,ایثارگران,مهندسی عمران,دانشگاه صنعتی شریف - تهران
1395,ریاضی,1848,119,منطقه 3,مهندسی صنایع,دانشگاه صنعتی شریف - تهران
1395,ریاضی,1854,38,ایثارگران,مهندسی برق,دانشگاه صنعتی شریف - تهران
1395,ریاضی,1854,575,منطقه 2,مهندسی عمران,دانشگاه صنعتی اصفهان
1395,ریاضی,1854,1122,منطقه 1,مهندسی عمران,دانشگاه علم و صنعت ایران - تهران
1395,ریاضی,1863,121,منطقه 3,مهندسی نفت,دانشگاه صنعتی شریف - تهران
1395,ریاضی,1863,577,منطقه 2,مهندسی برق,دانشگاه علم و صنعت ایران - تهران
1395,ریاضی,1867,1130,منطقه 1,مهندسی نفت,دانشگاه تهران
1395,ریاضی,1870,579,منطقه 2,مهندسی برق,دانشگاه علم و صنعت ایران - تهران
1395,ریاضی,1873,1134,منطقه 1,مهندسی کامپیوتر,دانشگاه فردوسی - مشهد
1395,ریاضی,1875,1136,منطقه 1,مهندسی عمران,دانشگاه علم و صنعت ایران - تهران
1395,ریاضی,1880,581,منطقه 2,فیزیک,دانشگاه صنعتی شریف - تهران
1395,ریاضی,1880,581,منطقه 2,مهندسی برق,دانشگاه علم و صنعت ایران - تهران
1395,ریاضی,1880,1140,منطقه 1,مهندسی عمران,دانشگاه صنعتی اصفهان
1395,ریاضی,1882,583,منطقه 2,مهندسی شیمی,دانشگاه تهران
1395,ریاضی,1884,584,منطقه 2,علوم قضایی,دانشگاه علوم قضایی و خدمات ادارای دادگستری
1395,ریاضی,1887,122,منطقه 3,مهندسی کامپیوتر,دانشگاه تهران
1395,ریاضی,1887,585,منطقه 2,مهندسی مواد و متالور‍ژی,دانشگاه صنعتی شریف - تهران
1395,ریاضی,1887,1143,منطقه 1,مهندسی کامپیوتر,دانشگاه صنعتی خواجه نصیرالدین طوسی - تهران
1395,ریاضی,1889,1144,منطقه 1,مهندسی مکانیک,دانشگاه صنعتی خواجه نصیرالدین طوسی - تهران
1395,ریاضی,1895,123,منطقه 3,مهندسی نفت,دانشگاه صنعتی شریف - تهران
1395,ریاضی,1895,1148,منطقه 1,ریاضیات و کاربردها,دانشگاه صنعتی شریف - تهران
1395,ریاضی,1899,1151,منطقه 1,مهندسی شیمی,دانشگاه صنعتی امیرکبیر - تهران
1395,ریاضی,1902,1154,منطقه 1,فیزیک,دانشگاه صنعتی شریف - تهران
1395,ریاضی,1905,589,منطقه 2,مهندسی شیمی,دانشگاه صنعتی امیرکبیر - تهران
1395,ریاضی,1909,590,منطقه 2,مهندسی پزشکی,دانشگاه صنعتی امیرکبیر - تهران
1395,ریاضی,1914,1162,منطقه 1,مهندسی شیمی,دانشگاه صنعتی امیرکبیر - تهران
1395,ریاضی,1919,592,منطقه 2,مهندسی پزشکی,دانشگاه صنعتی امیرکبیر - تهران
1395,ریاضی,1919,1164,منطقه 1,مهندسی برق,دانشگاه علم و صنعت ایران - تهران
1395,ریاضی,1927,126,منطقه 3,مهندسی کامپیوتر - بومی استان خراسان جنوبی,دانشگاه تربیت دبیر شهید رجایی - تهران (رشته های دارای تعهد به آموزش و پرورش)
1395,ریاضی,1927,594,منطقه 2,مهندسی پزشکی,دانشگاه صنعتی امیرکبیر - تهران
1395,ریاضی,1929,595,منطقه 2,مهندسی هوا فضا,دانشگاه صنعتی امیرکبیر - تهران
1395,ریاضی,1934,597,منطقه 2,مهندسی شیمی,دانشگاه تهران
1395,ریاضی,1934,597,منطقه 2,مهندسی مکانیک,دانشگاه علم و صنعت ایران - تهران
1395,ریاضی,1936,599,منطقه 2,مهندسی شیمی,دانشگاه تهران
1395,ریاضی,1944,1178,منطقه 1,مهندسی شیمی,دانشگاه صنعتی امیرکبیر - تهران
1395,ریاضی,1947,602,منطقه 2,مهندسی شیمی,دانشگاه تهران
1395,ریاضی,1947,602,منطقه 2,مهندسی عمران,دانشگاه فردوسی - مشهد
1395,ریاضی,1953,605,منطقه 2,مهندسی شیمی,دانشگاه صنعتی امیرکبیر - تهران
1395,ریاضی,1953,605,منطقه 2,مهندسی عمران,دانشگاه صنعتی امیرکبیر - تهران
1395,ریاضی,1959,1187,منطقه 1,مهندسی مکانیک,دانشگاه صنعتی اصفهان
1395,ریاضی,1963,1190,منطقه 1,مهندسی شیمی,دانشگاه صنعتی امیرکبیر - تهران
1395,ریاضی,1963,1190,منطقه 1,مهندسی مکانیک,دانشگاه تبریز
1395,ریاضی,1968,610,منطقه 2,مهندسی مکانیک,دانشگاه صنعتی اصفهان
1395,ریاضی,1968,610,منطقه 2,مهندسی مکانیک,دانشگاه صنعتی خواجه نصیرالدین طوسی - تهران
1395,ریاضی,1968,1193,منطقه 1,مهندسی کامپیوتر,دانشگاه صنعتی خواجه نصیرالدین طوسی - تهران
1395,ریاضی,1972,612,منطقه 2,مهندسی شیمی,دانشگاه تهران
1395,ریاضی,1977,614,منطقه 2,مهندسی برق,دانشگاه علم و صنعت ایران - تهران
1395,ریاضی,1977,614,منطقه 2,مهندسی عمران,دانشگاه صنعتی امیرکبیر - تهران
1395,ریاضی,1977,614,منطقه 2,مهندسی پزشکی,دانشگاه صنعتی امیرکبیر - تهران
1395,ریاضی,1977,614,منطقه 2,مهندسی کامپیوتر,دانشگاه صنعتی خواجه نصیرالدین طوسی - تهران
1395,ریاضی,1977,1197,منطقه 1,مهندسی مواد و متالور‍ژی,دانشگاه صنعتی شریف - تهران
1395,ریاضی,1991,1206,منطقه 1,مهندسی مکانیک,دانشگاه صنعتی اصفهان
1395,ریاضی,1995,1208,منطقه 1,مهندسی برق,دانشگاه صنعتی اصفهان
1395,ریاضی,1997,130,منطقه 3,مهندسی نفت,دانشگاه صنعتی شریف - تهران
1395,ریاضی,1997,1209,منطقه 1,مهندسی نفت,دانشگاه تهران
1395,ریاضی,2006,1217,منطقه 1,مهندسی برق,دانشگاه علم و صنعت ایران - تهران
1395,ریاضی,2006,1217,منطقه 1,مهندسی مکانیک,دانشگاه فردوسی - مشهد
1395,ریاضی,2009,620,منطقه 2,مهندسی برق,دانشگاه علم و صنعت ایران - تهران
1395,ریاضی,2011,131,منطقه 3,مهندسی برق,دانشگاه تهران
1395,ریاضی,2014,621,منطقه 2,مهندسی کامپیوتر,دانشگاه شهید بهشتی - تهران
1395,ریاضی,2019,623,منطقه 2,مهندسی عمران,دانشگاه علم و صنعت ایران - تهران
1395,ریاضی,2019,623,منطقه 2,مهندسی عمران - بومی استان اذربایجان شرقی,دانشگاه تربیت دبیر شهید رجایی - تهران (رشته های دارای تعهد به آموزش و پرورش)
1395,ریاضی,2019,623,منطقه 2,مهندسی کامپیوتر,دانشگاه شهید بهشتی - تهران
1395,ریاضی,2023,625,منطقه 2,مهندسی معماری,دانشگاه شهید بهشتی - تهران
1395,ریاضی,2027,627,منطقه 2,مهندسی صنایع,دانشگاه صنعتی امیرکبیر - تهران
1395,ریاضی,2029,629,منطقه 2,مهندسی مکانیک,دانشگاه صنعتی اصفهان
1395,ریاضی,2031,630,منطقه 2,مهندسی صنایع,دانشگاه علم و صنعت ایران - تهران
1395,ریاضی,2034,1232,منطقه 1,علوم مهندسی,دانشگاه تهران
1395,ریاضی,2039,632,منطقه 2,مهندسی برق,دانشگاه صنعتی خواجه نصیرالدین طوسی - تهران
1395,ریاضی,2042,132,منطقه 3,مهندسی مکانیک,دانشگاه صنعتی اصفهان
1395,ریاضی,2045,633,منطقه 2,مهندسی صنایع,دانشگاه علم و صنعت ایران - تهران
1395,ریاضی,2048,133,منطقه 3,مهندسی برق,دانشگاه تهران
1395,ریاضی,2051,134,منطقه 3,علوم قضایی,دانشگاه علوم قضایی و خدمات ادارای دادگستری
1395,ریاضی,2051,634,منطقه 2,مهندسی مواد و متالور‍ژی,دانشگاه صنعتی شریف - تهران
1395,ریاضی,2056,135,منطقه 3,مهندسی برق,دانشگاه علم و صنعت ایران - تهران
1395,ریاضی,2056,635,منطقه 2,علوم کامپیوتر,دانشگاه تهران
1395,ریاضی,2056,635,منطقه 2,مهندسی پزشکی,دانشگاه صنعتی امیرکبیر - تهران
1395,ریاضی,2062,136,منطقه 3,مهندسی شیمی,دانشگاه صنعتی شریف - تهران
1395,ریاضی,2067,1252,منطقه 1,مهندسی برق,دانشگاه علم و صنعت ایران - تهران
1395,ریاضی,2078,43,ایثارگران,مهندسی مکانیک,دانشگاه صنعتی شریف - تهران
1395,ریاضی,2081,641,منطقه 2,مهندسی کامپیوتر,دانشگاه صنعتی خواجه نصیرالدین طوسی - تهران
1395,ریاضی,2085,643,منطقه 2,مهندسی شیمی,دانشگاه تهران
1395,ریاضی,2088,645,منطقه 2,مهندسی پزشکی,دانشگاه صنعتی امیرکبیر - تهران
1395,ریاضی,2093,646,منطقه 2,مهندسی برق,دانشگاه علم و صنعت ایران - تهران
1395,ریاضی,2097,647,منطقه 2,مهندسی برق,دانشگاه شهید بهشتی - تهران
1395,ریاضی,2097,647,منطقه 2,مهندسی مکانیک,دانشگاه صنعتی خواجه نصیرالدین طوسی - تهران
1395,ریاضی,2104,650,منطقه 2,علوم قضایی,دانشگاه علوم قضایی و خدمات ادارای دادگستری
1395,ریاضی,2104,1273,منطقه 1,آموزش ریاضی - بومی استان خراسان رضوی,پردیس شهید بهشتی - مشهد
1395,ریاضی,2109,651,منطقه 2,مهندسی هوا فضا,دانشگاه صنعتی امیرکبیر - تهران
1395,ریاضی,2109,1278,منطقه 1,مهندسی عمران - بومی استان فارس,دانشگاه تربیت دبیر شهید رجایی - تهران (رشته های دارای تعهد به آموزش و پرورش)
1395,ریاضی,2115,139,منطقه 3,مهندسی برق,دانشگاه شهید بهشتی - تهران
1395,ریاضی,2115,1282,منطقه 1,مهندسی مکانیک,دانشگاه شیراز
1395,ریاضی,2115,1282,منطقه 1,مهندسی مکانیک,دانشگاه صنعتی خواجه نصیرالدین طوسی - تهران
1395,ریاضی,2120,652,منطقه 2,مهندسی مکانیک,دانشگاه بوعلی سینا - همدان
1395,ریاضی,2124,653,منطقه 2,مهندسی مکانیک,دانشگاه علم و صنعت ایران - تهران
1395,ریاضی,2129,654,منطقه 2,مهندسی پلیمر,دانشگاه تهران
1395,ریاضی,2129,654,منطقه 2,مهندسی کامپیوتر,دانشگاه شهید بهشتی - تهران
1395,ریاضی,2133,44,ایثارگران,مهندسی مکانیک,دانشگاه صنعتی شریف - تهران
1395,ریاضی,2137,1297,منطقه 1,مهندسی عمران,دانشگاه فردوسی - مشهد
1395,ریاضی,2139,657,منطقه 2,مهندسی برق,دانشگاه علم و صنعت ایران - تهران
1395,ریاضی,2139,657,منطقه 2,مهندسی نفت,دانشگاه صنعت نفت (محل تحصیل اهواز)
1395,ریاضی,2141,659,منطقه 2,مهندسی مواد و متالور‍ژی,دانشگاه صنعتی شریف - تهران
1395,ریاضی,2144,661,منطقه 2,مهندسی برق,دانشگاه علم و صنعت ایران - تهران
1395,ریاضی,2144,661,منطقه 2,مهندسی مکانیک,دانشگاه صنعتی اصفهان
1395,ریاضی,2152,664,منطقه 2,مهندسی مکانیک,دانشگاه علم و صنعت ایران - تهران
1395,ریاضی,2154,666,منطقه 2,مهندسی نفت,دانشگاه تهران
1395,ریاضی,2157,667,منطقه 2,مهندسی برق,دانشگاه صنعتی خواجه نصیرالدین طوسی - تهران
1395,ریاضی,2161,1308,منطقه 1,مهندسی برق,دانشگاه تبریز
1395,ریاضی,2165,1311,منطقه 1,مهندسی کامپیوتر,دانشگاه صنعتی اصفهان
1395,ریاضی,2168,1314,منطقه 1,مهندسی مکانیک,دانشگاه شیراز
1395,ریاضی,2170,1316,منطقه 1,مهندسی کامپیوتر,دانشگاه صنعتی خواجه نصیرالدین طوسی - تهران
1395,ریاضی,2172,670,منطقه 2,مهندسی برق,دانشگاه علم و صنعت ایران - تهران
1395,ریاضی,2175,672,منطقه 2,مهندسی صنایع,دانشگاه صنعتی امیرکبیر - تهران
1395,ریاضی,2179,673,منطقه 2,مهندسی مکانیک,دانشگاه صنعتی خواجه نصیرالدین طوسی - تهران
1395,ریاضی,2182,674,منطقه 2,مهندسی مواد و متالور‍ژی,دانشگاه صنعتی شریف - تهران
1395,ریاضی,2182,1321,منطقه 1,مهندسی نفت,دانشگاه تهران
1395,ریاضی,2186,675,منطقه 2,مهندسی پزشکی,دانشگاه صنعتی امیرکبیر - تهران
1395,ریاضی,2189,676,منطقه 2,مهندسی شیمی,دانشگاه تهران
1395,ریاضی,2189,1325,منطقه 1,مهندسی مکانیک,دانشگاه صنعتی اصفهان
1395,ریاضی,2194,678,منطقه 2,علوم کامپیوتر,دانشگاه تهران
1395,ریاضی,2194,678,منطقه 2,مهندسی برق,دانشگاه صنعتی اصفهان
1395,ریاضی,2194,1328,منطقه 1,مهندسی مکانیک,دانشگاه صنعتی اصفهان
1395,ریاضی,2202,681,منطقه 2,مهندسی برق,دانشگاه صنعتی خواجه نصیرالدین طوسی - تهران
1395,ریاضی,2202,681,منطقه 2,مهندسی شیمی,دانشگاه تهران
1395,ریاضی,2202,681,منطقه 2,مهندسی هوا فضا,دانشگاه صنعتی امیرکبیر - تهران
1395,ریاضی,2206,1332,منطقه 1,ریاضیات و کاربردها,دانشگاه صنعتی شریف - تهران
1395,ریاضی,2210,685,منطقه 2,مهندسی مکانیک,دانشگاه علم و صنعت ایران - تهران
1395,ریاضی,2213,687,منطقه 2,مهندسی مواد و متالور‍ژی,دانشگاه صنعتی شریف - تهران
1395,ریاضی,2217,1339,منطقه 1,علوم کامپیوتر,دانشگاه صنعتی امیرکبیر - تهران
1395,ریاضی,2217,1339,منطقه 1,مهندسی مکانیک,دانشگاه شیراز
1395,ریاضی,2217,1339,منطقه 1,مهندسی مکانیک,دانشگاه صنعتی خواجه نصیرالدین طوسی - تهران
1395,ریاضی,2221,146,منطقه 3,مهندسی نفت,دانشگاه صنعتی شریف - تهران
1395,ریاضی,2221,688,منطقه 2,مهندسی برق - مهندسی مخابرات هوا پیمایی,مرکز آموزش عالی هوانوردی و فرودگاهی کشور
1395,ریاضی,2221,688,منطقه 2,مهندسی عمران,دانشگاه صنعتی اصفهان
1395,ریاضی,2224,1343,منطقه 1,مهندسی هوا فضا,دانشگاه صنعتی امیرکبیر - تهران
1395,ریاضی,2228,1347,منطقه 1,علوم مهندسی,دانشگاه تهران
1395,ریاضی,2228,1347,منطقه 1,مهندسی صنایع,دانشگاه علم و صنعت ایران - تهران
1395,ریاضی,2235,1353,منطقه 1,حسابداری,دانشگاه صنعت نفت (محل تحصیل تهران)
1395,ریاضی,2235,1353,منطقه 1,مهندسی مکانیک,دانشگاه صنعتی اصفهان
1395,ریاضی,2235,1353,منطقه 1,مهندسی مکانیک,دانشگاه فردوسی - مشهد
1395,ریاضی,2248,692,منطقه 2,مهندسی عمران,دانشگاه علم و صنعت ایران - تهران
1395,ریاضی,2250,693,منطقه 2,مهندسی کامپیوتر,دانشگاه صنعتی خواجه نصیرالدین طوسی - تهران
1395,ریاضی,2250,1366,منطقه 1,مهندسی عمران,دانشگاه فردوسی - مشهد
1395,ریاضی,2256,694,منطقه 2,مهندسی مکانیک,دانشگاه علم و صنعت ایران - تهران
1395,ریاضی,2259,695,منطقه 2,مهندسی مکانیک,دانشگاه صنعتی اصفهان
1395,ریاضی,2263,697,منطقه 2,مهندسی معماری,دانشگاه علم و صنعت ایران - تهران
1395,ریاضی,2268,1377,منطقه 1,مهندسی برق,دانشگاه صنعتی اصفهان
1395,ریاضی,2272,700,منطقه 2,مهندسی کامپیوتر,دانشگاه صنعتی اصفهان
1395,ریاضی,2274,1381,منطقه 1,علوم کامپیوتر,دانشگاه صنعتی امیرکبیر - تهران
1395,ریاضی,2277,702,منطقه 2,مهندسی پلیمر,دانشگاه تهران
1395,ریاضی,2284,703,منطقه 2,مهندسی پزشکی,دانشگاه صنعتی امیرکبیر - تهران
1395,ریاضی,2286,704,منطقه 2,مهندسی شیمی,دانشگاه صنعتی امیرکبیر - تهران
1395,ریاضی,2292,1393,منطقه 1,مهندسی برق,دانشگاه تبریز
1395,ریاضی,2295,706,منطقه 2,مهندسی شیمی,دانشگاه صنعتی امیرکبیر - تهران
1395,ریاضی,2299,1395,منطقه 1,مهندسی صنایع,دانشگاه علم و صنعت ایران - تهران
1395,ریاضی,2303,711,منطقه 2,مهندسی هوا فضا,دانشگاه صنعتی امیرکبیر - تهران
1395,ریاضی,2306,713,منطقه 2,مهندسی خودرو - بومی استان خوزستان,دانشگاه تربیت دبیر شهید رجایی - تهران (رشته های دارای تعهد به آموزش و پرورش)
1395,ریاضی,2306,713,منطقه 2,مهندسی صنایع,دانشگاه صنعتی امیرکبیر - تهران
1395,ریاضی,2306,1398,منطقه 1,مهندسی مکانیک,دانشگاه صنعتی خواجه نصیرالدین طوسی - تهران
1395,ریاضی,2309,148,منطقه 3,مهندسی مکانیک,دانشگاه تهران
1395,ریاضی,2316,1404,منطقه 1,مهندسی مکانیک,دانشگاه صنعتی اصفهان
1395,ریاضی,2319,717,منطقه 2,فیزیک,دانشگاه صنعتی شریف - تهران
1395,ریاضی,2319,1407,منطقه 1,مهندسی مکانیک,دانشگاه صنعتی اصفهان
1395,ریاضی,2323,149,منطقه 3,مهندسی برق - بومی استان کردستان,دانشگاه تربیت دبیر شهید رجایی - تهران (رشته های دارای تعهد به آموزش و پرورش)
1395,ریاضی,2323,718,منطقه 2,مهندسی صنایع,دانشگاه علم و صنعت ایران - تهران
1395,ریاضی,2323,718,منطقه 2,مهندسی کامپیوتر,دانشگاه شهید بهشتی - تهران
1395,ریاضی,2330,150,منطقه 3,مهندسی شیمی,دانشگاه تهران
1395,ریاضی,2330,720,منطقه 2,مهندسی نفت,دانشگاه صنعتی امیرکبیر - تهران
1395,ریاضی,2333,151,منطقه 3,مهندسی مکانیک,دانشگاه تهران
1395,ریاضی,2333,721,منطقه 2,مهندسی برق,دانشگاه صنعتی خواجه نصیرالدین طوسی - تهران
1395,ریاضی,2337,152,منطقه 3,مهندسی مکانیک,دانشگاه صنعتی خواجه نصیرالدین طوسی - تهران
1395,ریاضی,2343,153,منطقه 3,مدیریت دولتی,دانشگاه تهران
1395,ریاضی,2347,723,منطقه 2,مهندسی عمران,دانشگاه علم و صنعت ایران - تهران
1395,ریاضی,2350,724,منطقه 2,علوم کامپیوتر,دانشگاه صنعتی امیرکبیر - تهران
1395,ریاضی,2353,725,منطقه 2,مهندسی نفت,دانشگاه صنعتی امیرکبیر - تهران
1395,ریاضی,2355,726,منطقه 2,مهندسی پلیمر,دانشگاه تهران
1395,ریاضی,2357,727,منطقه 2,مهندسی کامپیوتر,دانشگاه شهید بهشتی - تهران
1395,ریاضی,2364,1434,منطقه 1,مهندسی عمران,دانشگاه تبریز
1395,ریاضی,2366,154,منطقه 3,مهندسی مکانیک,دانشگاه شیراز
1395,ریاضی,2366,729,منطقه 2,مهندسی مکانیک,دانشگاه صنعتی خواجه نصیرالدین طوسی - تهران
1395,ریاضی,2368,730,منطقه 2,مهندسی معماری,دانشگاه شهید بهشتی - تهران
1395,ریاضی,2371,731,منطقه 2,مهندسی برق,دانشگاه صنعتی اصفهان
1395,ریاضی,2374,1439,منطقه 1,مهندسی مکانیک,دانشگاه شیراز
1395,ریاضی,2377,732,منطقه 2,مهندسی مواد و متالور‍ژی,دانشگاه صنعتی شریف - تهران
1395,ریاضی,2377,1441,منطقه 1,مهندسی مکانیک,دانشگاه صنعتی اصفهان
1395,ریاضی,2383,1445,منطقه 1,مهندسی صنایع,دانشگاه علم و صنعت ایران - تهران
1395,ریاضی,2383,1445,منطقه 1,مهندسی نفت,دانشگاه صنعتی امیرکبیر - تهران
1395,ریاضی,2387,1449,منطقه 1,مهندسی کامپیوتر,دانشگاه فردوسی - مشهد
1395,ریاضی,2393,736,منطقه 2,مهندسی برق,دانشگاه صنعتی خواجه نصیرالدین طوسی - تهران
1395,ریاضی,2404,50,ایثارگران,مهندسی کامپیوتر,دانشگاه صنعتی شریف - تهران
1395,ریاضی,2408,157,منطقه 3,مهندسی مکانیک - بومی استان خراسان شمالی,دانشگاه تربیت دبیر شهید رجایی - تهران (رشته های دارای تعهد به آموزش و پرورش)
1395,ریاضی,2414,158,منطقه 3,مهندسی کامپیوتر,دانشگاه صنعتی امیرکبیر - تهران
1395,ریاضی,2414,740,منطقه 2,مهندسی مکانیک,دانشگاه صنعتی خواجه نصیرالدین طوسی - تهران
1395,ریاضی,2417,742,منطقه 2,مهندسی عمران - بومی استان مازندران,دانشگاه تربیت دبیر شهید رجایی - تهران (رشته های دارای تعهد به آموزش و پرورش)
1395,ریاضی,2421,743,منطقه 2,مهندسی برق,دانشگاه کاشان
1395,ریاضی,2421,1470,منطقه 1,مهندسی پلیمر,دانشگاه صنعتی امیرکبیر - تهران
1395,ریاضی,2427,745,منطقه 2,مهندسی عمران,دانشگاه علم و صنعت ایران - تهران
1395,ریاضی,2430,1477,منطقه 1,مهندسی برق,دانشگاه فردوسی - مشهد
1395,ریاضی,2430,1477,منطقه 1,مهندسی صنایع,دانشگاه علم و صنعت ایران - تهران
1395,ریاضی,2434,746,منطقه 2,مهندسی کامپیوتر,دانشگاه شهید بهشتی - تهران
1395,ریاضی,2437,748,منطقه 2,مهندسی عمران,دانشگاه علم و صنعت ایران - تهران
1395,ریاضی,2441,159,منطقه 3,مهندسی شیمی,دانشگاه تهران
1395,ریاضی,2441,750,منطقه 2,مهندسی صنایع,دانشگاه علم و صنعت ایران - تهران
1395,ریاضی,2448,161,منطقه 3,مهندسی برق,دانشگاه صنعتی امیرکبیر - تهران
1395,ریاضی,2448,752,منطقه 2,مهندسی عمران,دانشگاه علم و صنعت ایران - تهران
1395,ریاضی,2448,1486,منطقه 1,مهندسی صنایع,دانشگاه علم و صنعت ایران - تهران
1395,ریاضی,2453,163,منطقه 3,مهندسی عمران - بومی استان کرمانشاه,دانشگاه تربیت دبیر شهید رجایی - تهران (رشته های دارای تعهد به آموزش و پرورش)
1395,ریاضی,2453,163,منطقه 3,مهندسی هوا فضا,دانشگاه صنعتی شریف - تهران
1395,ریاضی,2453,753,منطقه 2,مهندسی برق,دانشگاه صنعتی خواجه نصیرالدین طوسی - تهران
1395,ریاضی,2457,754,منطقه 2,مهندسی معماری,دانشگاه شهید بهشتی - تهران
1395,ریاضی,2463,756,منطقه 2,مهندسی کامپیوتر,دانشگاه شهید بهشتی - تهران
1395,ریاضی,2463,756,منطقه 2,مهندسی کامپیوتر,دانشگاه صنعتی اصفهان
1395,ریاضی,2463,1493,منطقه 1,مهندسی برق,دانشگاه فردوسی - مشهد
1395,ریاضی,2467,758,منطقه 2,مهندسی هوا فضا,دانشگاه صنعتی امیرکبیر - تهران
1395,ریاضی,2467,758,منطقه 2,مهندسی کامپیوتر,دانشگاه صنعتی اصفهان
1395,ریاضی,2470,760,منطقه 2,مهندسی نفت,دانشگاه صنعتی امیرکبیر - تهران
1395,ریاضی,2472,1498,منطقه 1,مهندسی عمران,دانشگاه تبریز
1395,ریاضی,2474,165,منطقه 3,مهندسی نفت,دانشگاه صنعتی امیرکبیر - تهران
1395,ریاضی,2476,761,منطقه 2,مهندسی هوا فضا,دانشگاه صنعتی امیرکبیر - تهران
1395,ریاضی,2484,762,منطقه 2,علوم کامپیوتر,دانشگاه صنعتی امیرکبیر - تهران
1395,ریاضی,2488,764,منطقه 2,مهندسی برق,دانشگاه شهید بهشتی - تهران
1395,ریاضی,2492,1508,منطقه 1,مهندسی مکانیک,دانشگاه صنعتی خواجه نصیرالدین طوسی - تهران
1395,ریاضی,2495,1511,منطقه 1,مهندسی عمران,دانشگاه فردوسی - مشهد
1395,ریاضی,2499,169,منطقه 3,مهندسی مکانیک,دانشگاه تهران
1395,ریاضی,2499,767,منطقه 2,مهندسی پزشکی,دانشگاه صنعتی امیرکبیر - تهران
1395,ریاضی,2504,769,منطقه 2,مهندسی برق,دانشگاه صنعتی خواجه نصیرالدین طوسی - تهران
1395,ریاضی,2511,771,منطقه 2,مهندسی مکانیک,دانشگاه صنعتی خواجه نصیرالدین طوسی - تهران
1395,ریاضی,2517,171,منطقه 3,مهندسی برق,دانشگاه صنعتی خواجه نصیرالدین طوسی - تهران
1395,ریاضی,2517,773,منطقه 2,مهندسی هوا فضا,دانشگاه صنعتی امیرکبیر - تهران
1395,ریاضی,2520,774,منطقه 2,مهندسی برق,دانشگاه صنعتی خواجه نصیرالدین طوسی - تهران
1395,ریاضی,2525,775,منطقه 2,مهندسی انرژی,دانشگاه صنعتی امیرکبیر - تهران
1395,ریاضی,2529,776,منطقه 2,مهندسی نفت,دانشگاه صنعتی امیرکبیر - تهران
1395,ریاضی,2531,1532,منطقه 1,مهندسی مکانیک,دانشگاه شیراز
1395,ریاضی,2534,780,منطقه 2,مهندسی برق,دانشگاه شهید بهشتی - تهران
1395,ریاضی,2534,780,منطقه 2,مهندسی شیمی,دانشگاه صنعتی امیرکبیر - تهران
1395,ریاضی,2537,1534,منطقه 1,مهندسی عمران,دانشگاه صنعتی خواجه نصیرالدین طوسی - تهران
1395,ریاضی,2540,1536,منطقه 1,مهندسی برق,دانشگاه تبریز
1395,ریاضی,2544,783,منطقه 2,مهندسی هوا فضا,دانشگاه صنعتی امیرکبیر - تهران
1395,ریاضی,2544,1539,منطقه 1,مهندسی کامپیوتر,دانشگاه صنعتی خواجه نصیرالدین طوسی - تهران
1395,ریاضی,2549,784,منطقه 2,مهندسی مکانیک,دانشگاه صنعتی خواجه نصیرالدین طوسی - تهران
1395,ریاضی,2553,786,منطقه 2,دکترای پیوسته فیزیک,مرکز تحصیلات تکمیلی در علوم پایه زنجان
1395,ریاضی,2560,789,منطقه 2,مهندسی شیمی,دانشگاه صنعتی امیرکبیر - تهران
1395,ریاضی,2560,1548,منطقه 1,مهندسی صنایع,دانشگاه صنعتی اصفهان
1395,ریاضی,2564,1551,منطقه 1,مهندسی مکانیک,دانشگاه صنعتی اصفهان
1395,ریاضی,2567,791,منطقه 2,مهندسی پزشکی,دانشگاه صنعتی امیرکبیر - تهران
1395,ریاضی,2571,1556,منطقه 1,مهندسی برق,دانشگاه صنعتی خواجه نصیرالدین طوسی - تهران
1395,ریاضی,2575,1560,منطقه 1,مهندسی مکانیک,دانشگاه صنعتی اصفهان
1395,ریاضی,2578,793,منطقه 2,ریاضیات و کاربردها,دانشگاه صنعتی شریف - تهران
1395,ریاضی,2578,1562,منطقه 1,مهندسی پلیمر,دانشگاه صنعتی امیرکبیر - تهران
1395,ریاضی,2581,794,منطقه 2,مهندسی شیمی,دانشگاه صنعتی امیرکبیر - تهران
1395,ریاضی,2581,794,منطقه 2,مهندسی مکانیک,دانشگاه صنعتی اصفهان
1395,ریاضی,2583,796,منطقه 2,مهندسی برق - بومی استان خراسان رضوی,دانشگاه تربیت دبیر شهید رجایی - تهران (رشته های دارای تعهد به آموزش و پرورش)
1395,ریاضی,2583,796,منطقه 2,مهندسی کامپیوتر,دانشگاه شهید بهشتی - تهران
1395,ریاضی,2589,1568,منطقه 1,مهندسی انرژی,دانشگاه صنعتی امیرکبیر - تهران
1395,ریاضی,2589,1568,منطقه 1,مهندسی برق,دانشگاه تبریز
1395,ریاضی,2593,173,منطقه 3,مهندسی نفت,دانشگاه تهران
1395,ریاضی,2599,1575,منطقه 1,فیزیک,دانشگاه تهران
1395,ریاضی,2604,800,منطقه 2,مهندسی مکانیک,دانشگاه صنعتی اصفهان
1395,ریاضی,2604,800,منطقه 2,مهندسی مکانیک,دانشگاه صنعتی خواجه نصیرالدین طوسی - تهران
1395,ریاضی,2604,1578,منطقه 1,مهندسی مکانیک,دانشگاه صنعتی خواجه نصیرالدین طوسی - تهران
1395,ریاضی,2608,802,منطقه 2,مهندسی پزشکی,دانشگاه صنعتی امیرکبیر - تهران
1395,ریاضی,2610,803,منطقه 2,مهندسی پلیمر,دانشگاه تهران
1395,ریاضی,2614,804,منطقه 2,مهندسی مکانیک,دانشگاه صنعتی خواجه نصیرالدین طوسی - تهران
1395,ریاضی,2614,1584,منطقه 1,مهندسی برق,دانشگاه صنعتی اصفهان
1395,ریاضی,2614,1584,منطقه 1,مهندسی شیمی,دانشگاه علم و صنعت ایران - تهران
1395,ریاضی,2621,176,منطقه 3,مهندسی مکانیک,دانشگاه صنعتی امیرکبیر - تهران
1395,ریاضی,2621,807,منطقه 2,مهندسی نفت,دانشگاه صنعتی امیرکبیر - تهران
1395,ریاضی,2623,177,منطقه 3,مهندسی مکانیک,دانشگاه صنعتی خواجه نصیرالدین طوسی - تهران
1395,ریاضی,2626,809,منطقه 2,مهندسی شیمی,دانشگاه صنعتی امیرکبیر - تهران
1395,ریاضی,2636,178,منطقه 3,مهندسی هوا فضا,دانشگاه صنعتی امیرکبیر - تهران
1395,ریاضی,2642,814,منطقه 2,مهندسی مکانیک,دانشگاه صنعتی اصفهان
1395,ریاضی,2642,814,منطقه 2,مهندسی کامپیوتر,دانشگاه صنعتی خواجه نصیرالدین طوسی - تهران
1395,ریاضی,2642,1595,منطقه 1,مهندسی صنایع,دانشگاه علم و صنعت ایران - تهران
1395,ریاضی,2647,817,منطقه 2,علوم کامپیوتر,دانشگاه صنعتی امیرکبیر - تهران
1395,ریاضی,2654,1603,منطقه 1,مهندسی کامپیوتر,دانشگاه فردوسی - مشهد
1395,ریاضی,2657,819,منطقه 2,مهندسی معماری,دانشگاه یزد
1395,ریاضی,2662,820,منطقه 2,مهندسی عمران,دانشگاه صنعتی بابل
1395,ریاضی,2662,1609,منطقه 1,مهندسی عمران,دانشگاه فردوسی - مشهد
1395,ریاضی,2668,823,منطقه 2,مهندسی شهرسازی,دانشگاه تهران
1395,ریاضی,2672,180,منطقه 3,مهندسی برق,دانشگاه صنعتی خواجه نصیرالدین طوسی - تهران
1395,ریاضی,2672,826,منطقه 2,مهندسی عمران,دانشگاه صنعتی خواجه نصیرالدین طوسی - تهران
1395,ریاضی,2676,827,منطقه 2,مهندسی پلیمر,دانشگاه تهران
1395,ریاضی,2676,1614,منطقه 1,مهندسی عمران,دانشگاه صنعتی اصفهان
1395,ریاضی,2679,828,منطقه 2,مهندسی برق,دانشگاه صنعتی خواجه نصیرالدین طوسی - تهران
1395,ریاضی,2681,181,منطقه 3,مهندسی برق,دانشگاه شیراز
1395,ریاضی,2681,830,منطقه 2,مهندسی کامپیوتر,دانشگاه صنعتی خواجه نصیرالدین طوسی - تهران
1395,ریاضی,2688,832,منطقه 2,مهندسی شیمی,دانشگاه صنعتی امیرکبیر - تهران
1395,ریاضی,2688,832,منطقه 2,مهندسی مکانیک,دانشگاه صنعتی اصفهان
1395,ریاضی,2692,834,منطقه 2,مهندسی معماری,دانشگاه علم و صنعت ایران - تهران
1395,ریاضی,2692,1621,منطقه 1,مهندسی مکانیک,دانشگاه صنعتی خواجه نصیرالدین طوسی - تهران
1395,ریاضی,2695,835,منطقه 2,مهندسی شیمی,دانشگاه علم و صنعت ایران - تهران
1395,ریاضی,2700,184,منطقه 3,مهندسی مکانیک,دانشگاه صنعتی خواجه نصیرالدین طوسی - تهران
1395,ریاضی,2700,184,منطقه 3,مهندسی هوا فضا,دانشگاه صنعتی شریف - تهران
1395,ریاضی,2704,1626,منطقه 1,مهندسی نفت,دانشگاه صنعتی امیرکبیر - تهران
1395,ریاضی,2708,186,منطقه 3,مهندسی برق,دانشگاه صنعتی خواجه نصیرالدین طوسی - تهران
1395,ریاضی,2708,841,منطقه 2,مهندسی برق,دانشگاه صنعتی خواجه نصیرالدین طوسی - تهران
1395,ریاضی,2708,841,منطقه 2,مهندسی صنایع,دانشگاه علم و صنعت ایران - تهران
1395,ریاضی,2708,1627,منطقه 1,مهندسی برق,دانشگاه صنعتی خواجه نصیرالدین طوسی - تهران
1395,ریاضی,2713,844,منطقه 2,مهندسی کامپیوتر,دانشگاه صنعتی خواجه نصیرالدین طوسی - تهران
1395,ریاضی,2716,1629,منطقه 1,مهندسی عمران,دانشگاه تبریز
1395,ریاضی,2720,848,منطقه 2,مهندسی نفت,دانشگاه صنعتی امیرکبیر - تهران
1395,ریاضی,2720,1631,منطقه 1,مهندسی مکانیک,دانشگاه شهید بهشتی (شهیدعباسپور)
1395,ریاضی,2724,850,منطقه 2,مهندسی هوا فضا,دانشگاه صنعتی امیرکبیر - تهران
1395,ریاضی,2726,851,منطقه 2,مهندسی برق - بومی استان خراسان رضوی,دانشگاه تربیت دبیر شهید رجایی - تهران (رشته های دارای تعهد به آموزش و پرورش)
1395,ریاضی,2728,852,منطقه 2,مهندسی عمران,دانشگاه علم و صنعت ایران - تهران
1395,ریاضی,2732,854,منطقه 2,مهندسی برق - بومی استان خراسان رضوی,دانشگاه تربیت دبیر شهید رجایی - تهران (رشته های دارای تعهد به آموزش و پرورش)
1395,ریاضی,2732,854,منطقه 2,مهندسی شیمی,دانشگاه صنعتی امیرکبیر - تهران
1395,ریاضی,2737,56,ایثارگران,مهندسی عمران,دانشگاه صنعتی شریف - تهران
1395,ریاضی,2737,1639,منطقه 1,ریاضیات و کاربردها,دانشگاه صنعتی شریف - تهران
1395,ریاضی,2744,856,منطقه 2,مهندسی عمران,دانشگاه صنعتی خواجه نصیرالدین طوسی - تهران
1395,ریاضی,2747,1645,منطقه 1,مهندسی مکانیک,دانشگاه صنعتی خواجه نصیرالدین طوسی - تهران
1395,ریاضی,2749,190,منطقه 3,مهندسی هوا فضا,دانشگاه صنعتی شریف - تهران
1395,ریاضی,2752,858,منطقه 2,مهندسی معماری,دانشگاه شهید بهشتی - تهران
1395,ریاضی,2755,191,منطقه 3,مهندسی شیمی,دانشگاه تهران
1395,ریاضی,2755,859,منطقه 2,مهندسی شهرسازی,دانشگاه تهران
1395,ریاضی,2759,1653,منطقه 1,مهندسی مکانیک,دانشگاه شیراز
1395,ریاضی,2765,862,منطقه 2,مهندسی مواد و متالور‍ژی,دانشگاه صنعتی شریف - تهران
1395,ریاضی,2765,862,منطقه 2,مهندسی پلیمر,دانشگاه صنعتی امیرکبیر - تهران
1395,ریاضی,2769,865,منطقه 2,مهندسی پلیمر,دانشگاه صنعتی امیرکبیر - تهران
1395,ریاضی,2773,867,منطقه 2,مهندسی هوا فضا,دانشگاه صنعتی امیرکبیر - تهران
1395,ریاضی,2780,1665,منطقه 1,مهندسی برق,دانشگاه صنعتی خواجه نصیرالدین طوسی - تهران
1395,ریاضی,2784,869,منطقه 2,مهندسی شیمی,دانشگاه صنعتی امیرکبیر - تهران
1395,ریاضی,2784,869,منطقه 2,مهندسی کامپیوتر,دانشگاه شهید بهشتی - تهران
1395,ریاضی,2784,1668,منطقه 1,مهندسی پلیمر,دانشگاه صنعتی امیرکبیر - تهران
1395,ریاضی,2789,872,منطقه 2,مهندسی برق,دانشگاه صنعتی خواجه نصیرالدین طوسی - تهران
1395,ریاضی,2789,872,منطقه 2,مهندسی پلیمر,دانشگاه صنعتی امیرکبیر - تهران
1395,ریاضی,2789,1670,منطقه 1,مهندسی مکانیک,دانشگاه صنعتی اصفهان
1395,ریاضی,2793,1672,منطقه 1,مهندسی نفت,دانشگاه صنعتی امیرکبیر - تهران
1395,ریاضی,2797,1676,منطقه 1,مهندسی برق,دانشگاه شهید بهشتی - تهران
1395,ریاضی,2803,874,منطقه 2,مهندسی برق,دانشگاه صنعتی اصفهان
1395,ریاضی,2810,875,منطقه 2,مهندسی معماری,دانشگاه هنر (محل تحصیل پردیس کرج)
1395,ریاضی,2813,1688,منطقه 1,مهندسی مکانیک,دانشگاه شیراز
1395,ریاضی,2816,876,منطقه 2,مهندسی صنایع,دانشگاه علم و صنعت ایران - تهران
1395,ریاضی,2816,1691,منطقه 1,مهندسی پلیمر,دانشگاه صنعتی امیرکبیر - تهران
1395,ریاضی,2820,877,منطقه 2,علوم کامپیوتر,دانشگاه صنعتی امیرکبیر - تهران
1395,ریاضی,2820,1694,منطقه 1,ریاضیات و کاربردها,دانشگاه صنعتی شریف - تهران
1395,ریاضی,2826,879,منطقه 2,مهندسی صنایع,دانشگاه علم و صنعت ایران - تهران
1395,ریاضی,2830,880,منطقه 2,مهندسی برق,دانشگاه شهید بهشتی - تهران
1395,ریاضی,2834,1703,منطقه 1,مهندسی برق,دانشگاه صنعتی خواجه نصیرالدین طوسی - تهران
1395,ریاضی,2836,882,منطقه 2,مهندسی برق,دانشگاه صنعتی اصفهان
1395,ریاضی,2841,1707,منطقه 1,مهندسی مکانیک,دانشگاه تبریز
1395,ریاضی,2847,886,منطقه 2,علوم کامپیوتر,دانشگاه صنعتی امیرکبیر - تهران
1395,ریاضی,2847,886,منطقه 2,مهندسی پلیمر,دانشگاه تهران
1395,ریاضی,2852,1714,منطقه 1,مهندسی عمران,دانشگاه صنعتی خواجه نصیرالدین طوسی - تهران
1395,ریاضی,2858,888,منطقه 2,مهندسی عمران,دانشگاه صنعتی خواجه نصیرالدین طوسی - تهران
1395,ریاضی,2858,1720,منطقه 1,مهندسی نفت,دانشگاه صنعت نفت (محل تحصیل اهواز)
1395,ریاضی,2864,194,منطقه 3,مهندسی شیمی,دانشگاه صنعت نفت (محل تحصیل اهواز)
1395,ریاضی,2869,890,منطقه 2,آموزش ریاضی - بومی استان خراسان رضوی,پردیس شهید باهنر - کرمان
1395,ریاضی,2869,1727,منطقه 1,آموزش ابتدایی - بومی استان خراسان رضوی,پردیس شهید هاشمی نژاد - مشهد
1395,ریاضی,2869,1727,منطقه 1,مهندسی مکانیک,دانشگاه صنعتی خواجه نصیرالدین طوسی - تهران
1395,ریاضی,2875,893,منطقه 2,مهندسی برق - بومی استان اصفهان,دانشگاه تربیت دبیر شهید رجایی - تهران (رشته های دارای تعهد به آموزش و پرورش)
1395,ریاضی,2875,893,منطقه 2,مهندسی شیمی,دانشگاه علم و صنعت ایران - تهران
1395,ریاضی,2875,893,منطقه 2,مهندسی کامپیوتر,دانشگاه صنعتی خواجه نصیرالدین طوسی - تهران
1395,ریاضی,2881,896,منطقه 2,مهندسی صنایع,دانشگاه علم و صنعت ایران - تهران
1395,ریاضی,2885,899,منطقه 2,مهندسی برق,دانشگاه صنعتی خواجه نصیرالدین طوسی - تهران
1395,ریاضی,2885,899,منطقه 2,مهندسی عمران - بومی استان خراسان رضوی,دانشگاه تربیت دبیر شهید رجایی - تهران (رشته های دارای تعهد به آموزش و پرورش)
1395,ریاضی,2885,899,منطقه 2,مهندسی مکانیک,دانشگاه صنعتی اصفهان
1395,ریاضی,2889,1734,منطقه 1,ریاضیات و کاربردها,دانشگاه تهران
1395,ریاضی,2896,1738,منطقه 1,مهندسی صنایع,دانشگاه صنعتی خواجه نصیرالدین طوسی - تهران
1395,ریاضی,2900,905,منطقه 2,مهندسی برق,دانشگاه صنعتی اصفهان
1395,ریاضی,2900,905,منطقه 2,مهندسی مکانیک,دانشگاه شهید بهشتی (شهیدعباسپور)
1395,ریاضی,2908,908,منطقه 2,مهندسی مکانیک,دانشگاه شهید بهشتی (شهیدعباسپور)
1395,ریاضی,2915,197,منطقه 3,مهندسی برق,دانشگاه صنعتی امیرکبیر - تهران
1395,ریاضی,2915,197,منطقه 3,مهندسی نفت,دانشگاه تهران
1395,ریاضی,2921,199,منطقه 3,مهندسی هوا فضا,دانشگاه صنعتی امیرکبیر - تهران
1395,ریاضی,2921,912,منطقه 2,مهندسی مکانیک,دانشگاه صنعتی اصفهان
1395,ریاضی,2925,200,منطقه 3,مهندسی برق,دانشگاه شهید بهشتی - تهران
1395,ریاضی,2925,913,منطقه 2,مهندسی کامپیوتر,دانشگاه صنعتی اصفهان
1395,ریاضی,2928,914,منطقه 2,مهندسی مکانیک,دانشگاه صنعتی خواجه نصیرالدین طوسی - تهران
1395,ریاضی,2930,915,منطقه 2,مهندسی کامپیوتر,دانشگاه صنعتی اصفهان
1395,ریاضی,2933,201,منطقه 3,مهندسی صنایع,دانشگاه تهران
1395,ریاضی,2937,62,ایثارگران,مهندسی کامپیوتر,دانشگاه تهران
1395,ریاضی,2937,917,منطقه 2,مهندسی عمران,دانشگاه شهید بهشتی (شهیدعباسپور)
1395,ریاضی,2941,202,منطقه 3,مهندسی نفت,دانشگاه صنعتی امیرکبیر - تهران
1395,ریاضی,2941,919,منطقه 2,مهندسی نفت,دانشگاه صنعت نفت (محل تحصیل اهواز)
1395,ریاضی,2941,919,منطقه 2,مهندسی کامپیوتر,دانشگاه صنعتی خواجه نصیرالدین طوسی - تهران
1395,ریاضی,2941,1758,منطقه 1,مهندسی معماری,دانشگاه هنر (محل تحصیل پردیس کرج)
1395,ریاضی,2945,63,ایثارگران,مهندسی کامپیوتر,دانشگاه صنعتی شریف - تهران
1395,ریاضی,2948,921,منطقه 2,مهندسی مکانیک,دانشگاه صنعتی اصفهان
1395,ریاضی,2953,203,منطقه 3,مهندسی برق,دانشگاه علم و صنعت ایران - تهران
1395,ریاضی,2953,924,منطقه 2,مهندسی مکانیک,دانشگاه صنعتی اصفهان
1395,ریاضی,2953,924,منطقه 2,مهندسی کامپیوتر,دانشگاه صنعتی بابل
1395,ریاضی,2961,204,منطقه 3,مهندسی عمران,دانشگاه صنعتی شریف - تهران
1395,ریاضی,2961,926,منطقه 2,مهندسی صنایع,دانشگاه علم و صنعت ایران - تهران
1395,ریاضی,2966,1773,منطقه 1,مهندسی عمران,دانشگاه شهید بهشتی (شهیدعباسپور)
1395,ریاضی,2969,1776,منطقه 1,مهندسی برق,دانشگاه صنعتی خواجه نصیرالدین طوسی - تهران
1395,ریاضی,2973,205,منطقه 3,مهندسی برق,دانشگاه شهید بهشتی - تهران
1395,ریاضی,2976,206,منطقه 3,مهندسی برق - بومی استان اذربایجان غربی,دانشگاه تربیت دبیر شهید رجایی - تهران (رشته های دارای تعهد به آموزش و پرورش)
1395,ریاضی,2979,930,منطقه 2,دانشگاه تهران,مهندسی مواد و متالور‍ژی
1395,ریاضی,2982,207,منطقه 3,مهندسی مکانیک,دانشگاه شیراز
1395,ریاضی,2987,933,منطقه 2,مهندسی مکانیک,دانشگاه صنعتی اصفهان
1395,ریاضی,2987,1784,منطقه 1,مهندسی کامپیوتر,دانشگاه صنعتی اصفهان
1395,ریاضی,2992,935,منطقه 2,مهندسی صنایع,دانشگاه صنعتی خواجه نصیرالدین طوسی - تهران
1395,ریاضی,2998,1793,منطقه 1,مهندسی مکانیک,دانشگاه شهید بهشتی (شهیدعباسپور)
1395,ریاضی,2998,1793,منطقه 1,مهندسی پلیمر,دانشگاه صنعتی امیرکبیر - تهران
1395,ریاضی,3005,936,منطقه 2,مهندسی انرژی,دانشگاه صنعتی امیرکبیر - تهران
1395,ریاضی,3008,937,منطقه 2,مهندسی برق,دانشگاه صنعتی اصفهان
1395,ریاضی,3008,937,منطقه 2,مهندسی برق - بومی استان مازندران,دانشگاه تربیت دبیر شهید رجایی - تهران (رشته های دارای تعهد به آموزش و پرورش)
1395,ریاضی,3015,941,منطقه 2,مهندسی نفت,دانشگاه صنعت نفت (محل تحصیل اهواز)
1395,ریاضی,3015,1804,منطقه 1,فیزیک,دانشگاه تهران
1395,ریاضی,3018,942,منطقه 2,مهندسی صنایع,دانشگاه صنعتی خواجه نصیرالدین طوسی - تهران
1395,ریاضی,3023,945,منطقه 2,مهندسی کامپیوتر,دانشگاه فردوسی - مشهد
1395,ریاضی,3023,1807,منطقه 1,مهندسی برق,دانشگاه تبریز
1395,ریاضی,3030,948,منطقه 2,مهندسی مواد و متالور‍ژی,دانشگاه صنعتی شریف - تهران
1395,ریاضی,3030,948,منطقه 2,مهندسی کامپیوتر,دانشگاه صنعتی اصفهان
1395,ریاضی,3030,1812,منطقه 1,مهندسی شیمی,دانشگاه علم و صنعت ایران - تهران
1395,ریاضی,3035,950,منطقه 2,مهندسی برق,دانشگاه صنعتی خواجه نصیرالدین طوسی - تهران
1395,ریاضی,3042,952,منطقه 2,مهندسی برق,دانشگاه صنعتی خواجه نصیرالدین طوسی - تهران
1395,ریاضی,3042,1820,منطقه 1,مهندسی مکانیک,دانشگاه شیراز
1395,ریاضی,3048,953,منطقه 2,مهندسی پلیمر,دانشگاه صنعتی امیرکبیر - تهران
1395,ریاضی,3048,1824,منطقه 1,مهندسی برق,دانشگاه صنعتی خواجه نصیرالدین طوسی - تهران
1395,ریاضی,3052,209,منطقه 3,مهندسی شیمی,دانشگاه تهران
1395,ریاضی,3055,1827,منطقه 1,مهندسی عمران,دانشگاه صنعتی خواجه نصیرالدین طوسی - تهران
1395,ریاضی,3061,956,منطقه 2,مهندسی مواد و متالور‍ژی,دانشگاه علم و صنعت ایران - تهران
1395,ریاضی,3061,1832,منطقه 1,مهندسی معماری,دانشگاه هنر اصفهان
1395,ریاضی,3065,958,منطقه 2,مهندسی پلیمر,دانشگاه صنعتی امیرکبیر - تهران
1395,ریاضی,3067,959,منطقه 2,مهندسی برق,دانشگاه شهید بهشتی - تهران
1395,ریاضی,3067,959,منطقه 2,مهندسی برق,دانشگاه صنعتی اصفهان
1395,ریاضی,3070,961,منطقه 2,مهندسی نفت,دانشگاه صنعت نفت (محل تحصیل اهواز)
1395,ریاضی,3073,1839,منطقه 1,مهندسی مکانیک,دانشگاه صنعتی اصفهان
1395,ریاضی,3073,1839,منطقه 1,مهندسی پلیمر,دانشگاه صنعتی امیرکبیر - تهران
1395,ریاضی,3076,962,منطقه 2,مهندسی مکانیک,دانشگاه شهید بهشتی (شهیدعباسپور)
1395,ریاضی,3076,1842,منطقه 1,مهندسی برق,دانشگاه صنعتی خواجه نصیرالدین طوسی - تهران
1395,ریاضی,3080,963,منطقه 2,مهندسی عمران,دانشگاه فردوسی - مشهد
1395,ریاضی,3085,211,منطقه 3,مهندسی کامپیوتر,دانشگاه صنعتی امیرکبیر - تهران
1395,ریاضی,3089,212,منطقه 3,مهندسی نفت,دانشگاه صنعتی امیرکبیر - تهران
1395,ریاضی,3089,1849,منطقه 1,مهندسی عمران,دانشگاه صنعتی خواجه نصیرالدین طوسی - تهران
1395,ریاضی,3089,1849,منطقه 1,مهندسی مکانیک,دانشگاه شهید بهشتی (شهیدعباسپور)
1395,ریاضی,3093,213,منطقه 3,مهندسی صنایع,دانشگاه تهران
1395,ریاضی,3093,966,منطقه 2,مهندسی شیمی,دانشگاه علم و صنعت ایران - تهران
1395,ریاضی,3093,966,منطقه 2,مهندسی مکانیک,دانشگاه شهید بهشتی (شهیدعباسپور)
1395,ریاضی,3093,1852,منطقه 1,مهندسی برق,دانشگاه تبریز
1395,ریاضی,3098,968,منطقه 2,علوم اقتصادی,دانشگاه شهید بهشتی - تهران
1395,ریاضی,3098,968,منطقه 2,فیزیک,دانشگاه تهران
1395,ریاضی,3101,214,منطقه 3,مهندسی برق,دانشگاه تبریز
1395,ریاضی,3104,1858,منطقه 1,مهندسی شیمی,دانشگاه علم و صنعت ایران - تهران
1395,ریاضی,3107,64,ایثارگران,مهندسی برق,دانشگاه صنعتی شریف - تهران
1395,ریاضی,3113,970,منطقه 2,مهندسی برق,دانشگاه صنعتی خواجه نصیرالدین طوسی - تهران
1395,ریاضی,3113,1865,منطقه 1,فیزیک,دانشگاه تهران
1395,ریاضی,3113,1865,منطقه 1,مهندسی مکانیک,دانشگاه فردوسی - مشهد
1395,ریاضی,3118,215,منطقه 3,مهندسی معماری - بومی استان کردستان,دانشگاه تربیت دبیر شهید رجایی - تهران (رشته های دارای تعهد به آموزش و پرورش)
1395,ریاضی,3121,65,ایثارگران,مهندسی مکانیک,دانشگاه تهران
1395,ریاضی,3123,971,منطقه 2,علوم کامپیوتر,دانشگاه صنعتی امیرکبیر - تهران
1395,ریاضی,3126,216,منطقه 3,مهندسی برق,دانشگاه شهید بهشتی - تهران
1395,ریاضی,3126,972,منطقه 2,مهندسی معماری,دانشگاه شهید چمران اهواز
1395,ریاضی,3133,66,ایثارگران,مهندسی برق,دانشگاه صنعتی شریف - تهران
1395,ریاضی,3133,217,منطقه 3,مهندسی برق,دانشگاه صنعتی امیرکبیر - تهران
1395,ریاضی,3133,973,منطقه 2,مهندسی برق,دانشگاه شهید بهشتی - تهران
1395,ریاضی,3136,1880,منطقه 1,مهندسی برق,دانشگاه شهید بهشتی - تهران
1395,ریاضی,3138,1882,منطقه 1,مهندسی عمران,دانشگاه تبریز
1395,ریاضی,3143,974,منطقه 2,مهندسی مکانیک,دانشگاه شهید بهشتی (شهیدعباسپور)
1395,ریاضی,3143,974,منطقه 2,مهندسی کامپیوتر,دانشگاه خوارزمی - تهران (محل تحصیل کرج)
1395,ریاضی,3143,1886,منطقه 1,مهندسی مکانیک,دانشگاه صنعتی اصفهان
1395,ریاضی,3148,976,منطقه 2,مهندسی صنایع,دانشگاه صنعتی خواجه نصیرالدین طوسی - تهران
1395,ریاضی,3152,218,منطقه 3,مهندسی پزشکی,دانشگاه صنعتی امیرکبیر - تهران
1395,ریاضی,3158,219,منطقه 3,مهندسی مکانیک,دانشگاه شیراز
1395,ریاضی,3158,1897,منطقه 1,مهندسی عمران,دانشگاه اصفهان
1395,ریاضی,3158,1897,منطقه 1,مهندسی مکانیک,دانشگاه تبریز
1395,ریاضی,3163,978,منطقه 2,مهندسی برق,دانشگاه صنعتی خواجه نصیرالدین طوسی - تهران
1395,ریاضی,3166,980,منطقه 2,مهندسی مکانیک,دانشگاه شهید بهشتی (شهیدعباسپور)
1395,ریاضی,3175,983,منطقه 2,مهندسی برق,دانشگاه شهید بهشتی - تهران
1395,ریاضی,3181,986,منطقه 2,مهندسی صنایع,دانشگاه صنعتی خواجه نصیرالدین طوسی - تهران
1395,ریاضی,3181,986,منطقه 2,مهندسی مواد و متالور‍ژی,دانشگاه علم و صنعت ایران - تهران
1395,ریاضی,3186,220,منطقه 3,مهندسی کامپیوتر,دانشگاه صنعتی امیرکبیر - تهران
1395,ریاضی,3186,989,منطقه 2,مهندسی معماری,دانشگاه بوعلی سینا - همدان
1395,ریاضی,3186,989,منطقه 2,مهندسی مکانیک,دانشگاه یزد
1395,ریاضی,3186,989,منطقه 2,مهندسی کامپیوتر,دانشگاه خوارزمی - تهران (محل تحصیل کرج)
1395,ریاضی,3192,993,منطقه 2,مهندسی برق,دانشگاه شهید بهشتی - تهران
1395,ریاضی,3192,993,منطقه 2,مهندسی برق,دانشگاه صنعتی خواجه نصیرالدین طوسی - تهران
1395,ریاضی,3192,993,منطقه 2,مهندسی شیمی,دانشگاه علم و صنعت ایران - تهران
1395,ریاضی,3202,995,منطقه 2,مهندسی برق,دانشگاه صنعتی خواجه نصیرالدین طوسی - تهران
1395,ریاضی,3206,1921,منطقه 1,مهندسی مکانیک,دانشگاه شهید بهشتی (شهیدعباسپور)
1395,ریاضی,3209,997,منطقه 2,مهندسی مکانیک,دانشگاه شهید بهشتی (شهیدعباسپور)
1395,ریاضی,3213,998,منطقه 2,مهندسی کامپیوتر,دانشگاه صنعتی اصفهان
1395,ریاضی,3218,1001,منطقه 2,مهندسی شیمی,دانشگاه علم و صنعت ایران - تهران
1395,ریاضی,3218,1001,منطقه 2,مهندسی پلیمر,دانشگاه صنعتی امیرکبیر - تهران
1395,ریاضی,3224,222,منطقه 3,مهندسی نفت,دانشگاه صنعتی امیرکبیر - تهران
1395,ریاضی,3224,1003,منطقه 2,مهندسی مکانیک,دانشگاه شهید بهشتی (شهیدعباسپور)
1395,ریاضی,3229,223,منطقه 3,آموزش ریاضی - بومی استان خوزستان,پردیس حضرت رسول اکرم - اهواز
1395,ریاضی,3229,1006,منطقه 2,مهندسی برق,دانشگاه صنعتی خواجه نصیرالدین طوسی - تهران
1395,ریاضی,3232,1008,منطقه 2,مهندسی برق,دانشگاه شهید بهشتی - تهران
1395,ریاضی,3236,1010,منطقه 2,مهندسی برق,دانشگاه شهید بهشتی - تهران
1395,ریاضی,3236,1010,منطقه 2,مهندسی برق,دانشگاه صنعتی خواجه نصیرالدین طوسی - تهران
1395,ریاضی,3240,1012,منطقه 2,مهندسی برق,دانشگاه صنعتی اصفهان
1395,ریاضی,3242,1013,منطقه 2,مهندسی کامپیوتر,دانشگاه صنعتی اصفهان
1395,ریاضی,3247,1014,منطقه 2,مهندسی مکانیک,دانشگاه شهید بهشتی (شهیدعباسپور)
1395,ریاضی,3253,69,ایثارگران,مهندسی مکانیک,دانشگاه صنعتی شریف - تهران
1395,ریاضی,3253,224,منطقه 3,مهندسی برق,دانشگاه شهید بهشتی - تهران
1395,ریاضی,3253,1016,منطقه 2,مهندسی شیمی,دانشگاه علم و صنعت ایران - تهران
1395,ریاضی,3253,1945,منطقه 1,مهندسی مکانیک,دانشگاه صنعتی اصفهان
1395,ریاضی,3260,225,منطقه 3,مهندسی شیمی,دانشگاه تهران
1395,ریاضی,3260,1949,منطقه 1,مهندسی برق,دانشگاه تبریز
1395,ریاضی,3265,226,منطقه 3,مهندسی عمران,دانشگاه تهران
1395,ریاضی,3265,1017,منطقه 2,مهندسی برق,دانشگاه صنعتی خواجه نصیرالدین طوسی - تهران
1395,ریاضی,3265,1953,منطقه 1,مهندسی معماری,دانشگاه هنر (محل تحصیل پردیس کرج)
1395,ریاضی,3265,1953,منطقه 1,مهندسی مکانیک,دانشگاه صنعتی اصفهان
1395,ریاضی,3271,227,منطقه 3,مهندسی مکانیک,دانشگاه علم و صنعت ایران - تهران
1395,ریاضی,3271,1018,منطقه 2,مهندسی شیمی,دانشگاه علم و صنعت ایران - تهران
1395,ریاضی,3277,1020,منطقه 2,مهندسی عمران,دانشگاه صنعتی خواجه نصیرالدین طوسی - تهران
1395,ریاضی,3277,1960,منطقه 1,مهندسی برق,دانشگاه تبریز
1395,ریاضی,3277,1960,منطقه 1,مهندسی مکانیک,دانشگاه تبریز
1395,ریاضی,3287,1022,منطقه 2,مهندسی هوا فضا,دانشگاه صنعتی خواجه نصیرالدین طوسی - تهران
1395,ریاضی,3292,1024,منطقه 2,فیزیک,دانشگاه صنعتی شریف - تهران
1395,ریاضی,3298,1026,منطقه 2,مهندسی شیمی,دانشگاه علم و صنعت ایران - تهران
1395,ریاضی,3298,1026,منطقه 2,مهندسی مکانیک,دانشگاه صنعتی اصفهان
1395,ریاضی,3308,1029,منطقه 2,مهندسی معماری - بومی استان اصفهان,دانشگاه تربیت دبیر شهید رجایی - تهران (رشته های دارای تعهد به آموزش و پرورش)
1395,ریاضی,3308,1029,منطقه 2,مهندسی مواد و متالور‍ژی,دانشگاه تهران
1395,ریاضی,3308,1029,منطقه 2,مهندسی هوا فضا,دانشگاه صنعتی خواجه نصیرالدین طوسی - تهران
1395,ریاضی,3308,1980,منطقه 1,مهندسی صنایع,دانشگاه فردوسی - مشهد
1395,ریاضی,3311,230,منطقه 3,مهندسی هوا فضا,دانشگاه صنعتی امیرکبیر - تهران
1395,ریاضی,3317,1032,منطقه 2,مهندسی کامپیوتر - بومی استان خراسان رضوی,دانشگاه تربیت دبیر شهید رجایی - تهران (رشته های دارای تعهد به آموزش و پرورش)
1395,ریاضی,3317,1985,منطقه 1,علوم کامپیوتر,دانشگاه شهید بهشتی - تهران
1395,ریاضی,3322,231,منطقه 3,مهندسی عمران,دانشگاه تهران
1395,ریاضی,3322,1034,منطقه 2,مهندسی شهرسازی,دانشگاه تهران
1395,ریاضی,3322,1034,منطقه 2,مهندسی شیمی,دانشگاه علم و صنعت ایران - تهران
1395,ریاضی,3322,1987,منطقه 1,مهندسی برق,دانشگاه شیراز
1395,ریاضی,3336,1039,منطقه 2,آموزش ریاضی - بومی استان خراسان جنوبی,پردیس شهید باهنر - کرمان
1395,ریاضی,3344,1043,منطقه 2,مهندسی برق,دانشگاه شهید بهشتی - تهران
1395,ریاضی,3344,1043,منطقه 2,مهندسی مواد و متالور‍ژی,دانشگاه تهران
1395,ریاضی,3344,1043,منطقه 2,مهندسی نفت,دانشگاه صنعت نفت (محل تحصیل اهواز)
1395,ریاضی,3348,1046,منطقه 2,مهندسی کامپیوتر - بومی استان مازندران,دانشگاه تربیت دبیر شهید رجایی - تهران (رشته های دارای تعهد به آموزش و پرورش)
1395,ریاضی,3350,1047,منطقه 2,مهندسی پلیمر,دانشگاه صنعتی امیرکبیر - تهران
1395,ریاضی,3355,1048,منطقه 2,مهندسی برق - بومی استان اصفهان,دانشگاه تربیت دبیر شهید رجایی - تهران (رشته های دارای تعهد به آموزش و پرورش)
1395,ریاضی,3360,1050,منطقه 2,مهندسی شیمی,دانشگاه علم و صنعت ایران - تهران
1395,ریاضی,3364,1052,منطقه 2,مهندسی مکانیک,دانشگاه شهید بهشتی (شهیدعباسپور)
1395,ریاضی,3364,2010,منطقه 1,آموزش ابتدایی - بومی استان خراسان رضوی,پردیس شهید هاشمی نژاد - مشهد
1395,ریاضی,3370,2015,منطقه 1,مهندسی انرژی,دانشگاه صنعتی امیرکبیر - تهران
1395,ریاضی,3376,1054,منطقه 2,مهندسی مکانیک,دانشگاه شیراز
1395,ریاضی,3376,1054,منطقه 2,مهندسی پلیمر,دانشگاه صنعتی امیرکبیر - تهران
1395,ریاضی,3376,2019,منطقه 1,مهندسی برق,دانشگاه تبریز
1395,ریاضی,3383,72,ایثارگران,مهندسی کامپیوتر,دانشگاه صنعتی شریف - تهران
1395,ریاضی,3383,1057,منطقه 2,مهندسی عمران,دانشگاه فردوسی - مشهد
1395,ریاضی,3383,1057,منطقه 2,مهندسی مکانیک,دانشگاه تبریز
1395,ریاضی,3383,1057,منطقه 2,مهندسی کامپیوتر,دانشگاه فردوسی - مشهد
1395,ریاضی,3383,1057,منطقه 2,مهندسی کامپیوتر - بومی استان همدان,دانشگاه تربیت دبیر شهید رجایی - تهران (رشته های دارای تعهد به آموزش و پرورش)
1395,ریاضی,3383,2022,منطقه 1,مهندسی نفت,دانشگاه صنعت نفت (محل تحصیل آبادان)
1395,ریاضی,3389,1061,منطقه 2,مهندسی شیمی,دانشگاه علم و صنعت ایران - تهران
1395,ریاضی,3389,1061,منطقه 2,مهندسی عمران,دانشگاه شهید بهشتی (شهیدعباسپور)
1395,ریاضی,3392,234,منطقه 3,مهندسی کامپیوتر,دانشگاه صنعتی اصفهان
1395,ریاضی,3394,1064,منطقه 2,مهندسی مواد و متالور‍ژی,دانشگاه صنعتی شریف - تهران
1395,ریاضی,3399,1066,منطقه 2,مهندسی صنایع,دانشگاه صنعتی اصفهان
1395,ریاضی,3399,2027,منطقه 1,مهندسی مکانیک,دانشگاه شهید بهشتی (شهیدعباسپور)
1395,ریاضی,3399,2027,منطقه 1,مهندسی کامپیوتر,دانشگاه خوارزمی - تهران (محل تحصیل کرج)
1395,ریاضی,3403,2030,منطقه 1,مهندسی برق,دانشگاه صنعتی اصفهان
1395,ریاضی,3406,2031,منطقه 1,مهندسی مکانیک,دانشگاه تبریز
1395,ریاضی,3411,1070,منطقه 2,مهندسی برق,دانشگاه شهید بهشتی - تهران
1395,ریاضی,3411,2036,منطقه 1,مهندسی کامپیوتر,دانشگاه الزهرا(س) - تهران
1395,ریاضی,3424,1072,منطقه 2,مهندسی برق,دانشگاه صنعتی اصفهان
1395,ریاضی,3424,1072,منطقه 2,مهندسی عمران,دانشگاه شهید بهشتی (شهیدعباسپور)
1395,ریاضی,3430,1076,منطقه 2,مهندسی صنایع,دانشگاه صنعتی خواجه نصیرالدین طوسی - تهران
1395,ریاضی,3430,1076,منطقه 2,مهندسی کامپیوتر,دانشگاه صنعتی اصفهان
1395,ریاضی,3435,1079,منطقه 2,مهندسی مواد و متالور‍ژی,دانشگاه تهران
1395,ریاضی,3440,236,منطقه 3,مهندسی نفت,دانشگاه صنعتی امیرکبیر - تهران
1395,ریاضی,3440,1081,منطقه 2,مهندسی کامپیوتر,دانشگاه یزد
1395,ریاضی,3446,1084,منطقه 2,مهندسی عمران,دانشگاه یزد
1395,ریاضی,3446,1084,منطقه 2,مهندسی نفت,دانشگاه صنعت نفت (محل تحصیل اهواز)
1395,ریاضی,3457,1088,منطقه 2,روانشناسی,دانشگاه تهران
1395,ریاضی,3457,1088,منطقه 2,مهندسی برق,دانشگاه فردوسی - مشهد
1395,ریاضی,3457,1088,منطقه 2,مهندسی مکانیک,دانشگاه صنعتی اصفهان
1395,ریاضی,3461,1092,منطقه 2,مهندسی برق,دانشگاه شهید بهشتی - تهران
1395,ریاضی,3461,1092,منطقه 2,مهندسی کامپیوتر,دانشگاه الزهرا(س) - تهران
1395,ریاضی,3464,1094,منطقه 2,مهندسی برق,دانشگاه صنعتی اصفهان
1395,ریاضی,3468,1095,منطقه 2,علوم مهندسی,دانشگاه تهران
1395,ریاضی,3468,1095,منطقه 2,مهندسی مکانیک,دانشگاه شهید بهشتی (شهیدعباسپور)
1395,ریاضی,3471,1097,منطقه 2,مهندسی معماری,دانشگاه هنر (محل تحصیل پردیس کرج)
1395,ریاضی,3474,1098,منطقه 2,مهندسی معماری,دانشگاه هنر اصفهان
1395,ریاضی,3480,1101,منطقه 2,مدیریت مالی,دانشگاه شهید بهشتی - تهران
1395,ریاضی,3480,1101,منطقه 2,مهندسی مکانیک,دانشگاه شهید بهشتی (شهیدعباسپور)
1395,ریاضی,3485,1105,منطقه 2,مهندسی برق,دانشگاه صنعتی بابل
1395,ریاضی,3485,1105,منطقه 2,مهندسی پلیمر,دانشگاه صنعتی امیرکبیر - تهران
1395,ریاضی,3492,1108,منطقه 2,حسابداری,دانشگاه تهران (محل تحصیل قم)
1395,ریاضی,3492,2072,منطقه 1,فیزیک,دانشگاه تهران
1395,ریاضی,3497,1110,منطقه 2,مهندسی برق,دانشگاه صنعتی اصفهان
1395,ریاضی,3497,1110,منطقه 2,مهندسی صنایع,دانشگاه صنعتی خواجه نصیرالدین طوسی - تهران
1395,ریاضی,3502,240,منطقه 3,آموزش ریاضی - بومی استان کردستان,پردیس شهید مدرس - سنندج
1395,ریاضی,3502,1113,منطقه 2,مهندسی مکانیک,دانشگاه صنعتی اصفهان
1395,ریاضی,3502,2076,منطقه 1,مهندسی مواد و متالور‍ژی,دانشگاه صنعتی امیرکبیر - تهران
1395,ریاضی,3506,1115,منطقه 2,مهندسی عمران,دانشگاه صنعتی خواجه نصیرالدین طوسی - تهران
1395,ریاضی,3506,1115,منطقه 2,مهندسی کامپیوتر,دانشگاه یزد
1395,ریاضی,3510,1117,منطقه 2,مهندسی هوا فضا,دانشگاه صنعتی خواجه نصیرالدین طوسی - تهران
1395,ریاضی,3510,2079,منطقه 1,مهندسی مکانیک,دانشگاه فردوسی - مشهد
1395,ریاضی,3515,241,منطقه 3,مهندسی عمران,دانشگاه تهران
1395,ریاضی,3515,1119,منطقه 2,مهندسی عمران,دانشگاه صنعتی خواجه نصیرالدین طوسی - تهران
1395,ریاضی,3520,1120,منطقه 2,مهندسی مکانیک,دانشگاه شهید بهشتی (شهیدعباسپور)
1395,ریاضی,3526,242,منطقه 3,مهندسی برق,دانشگاه صنعتی اصفهان
1395,ریاضی,3526,242,منطقه 3,مهندسی برق - بومی استان یزد,دانشگاه تربیت دبیر شهید رجایی - تهران (رشته های دارای تعهد به آموزش و پرورش)
1395,ریاضی,3529,244,منطقه 3,مهندسی هوا فضا,دانشگاه صنعتی امیرکبیر - تهران
1395,ریاضی,3535,76,ایثارگران,مهندسی مکانیک,دانشگاه تهران
1395,ریاضی,3535,1122,منطقه 2,مهندسی عمران,دانشگاه صنعتی خواجه نصیرالدین طوسی - تهران
1395,ریاضی,3535,2093,منطقه 1,مهندسی کامپیوتر,دانشگاه اصفهان
1395,ریاضی,3542,1124,منطقه 2,مهندسی عمران,دانشگاه صنعتی اصفهان
1395,ریاضی,3549,1125,منطقه 2,مهندسی برق,دانشگاه تبریز
1395,ریاضی,3555,1126,منطقه 2,علوم کامپیوتر,دانشگاه صنعتی امیرکبیر - تهران
1395,ریاضی,3555,1126,منطقه 2,مهندسی صنایع,دانشگاه صنعتی خواجه نصیرالدین طوسی - تهران
1395,ریاضی,3560,1128,منطقه 2,مهندسی کامپیوتر,دانشگاه فردوسی - مشهد
1395,ریاضی,3560,2110,منطقه 1,مهندسی مکانیک,دانشگاه صنعتی شریف - تهران
1395,ریاضی,3564,1129,منطقه 2,مهندسی عمران,دانشگاه صنعتی اصفهان
1395,ریاضی,3564,1129,منطقه 2,مهندسی پلیمر,دانشگاه صنعتی امیرکبیر - تهران
1395,ریاضی,3564,2113,منطقه 1,مهندسی انرژی,دانشگاه صنعتی امیرکبیر - تهران
1395,ریاضی,3564,2113,منطقه 1,مهندسی مکانیک,دانشگاه شهید بهشتی (شهیدعباسپور)
1395,ریاضی,3569,2116,منطقه 1,مهندسی شیمی,دانشگاه تبریز
1395,ریاضی,3573,246,منطقه 3,مهندسی شیمی,دانشگاه تهران
1395,ریاضی,3573,1133,منطقه 2,مهندسی برق,دانشگاه صنعتی اصفهان
1395,ریاضی,3573,1133,منطقه 2,مهندسی نفت,دانشگاه صنعت نفت (محل تحصیل اهواز)
1395,ریاضی,3576,247,منطقه 3,مهندسی کامپیوتر,دانشگاه الزهرا(س) - تهران
1395,ریاضی,3576,1135,منطقه 2,مهندسی کامپیوتر,دانشگاه صنعتی اصفهان
1395,ریاضی,3580,248,منطقه 3,مهندسی شیمی,دانشگاه تهران
1395,ریاضی,3584,2124,منطقه 1,مهندسی صنایع,دانشگاه الزهرا(س) - تهران
1395,ریاضی,3587,1136,منطقه 2,مهندسی برق,دانشگاه صنعتی اصفهان
1395,ریاضی,3587,1136,منطقه 2,مهندسی برق,دانشگاه فردوسی - مشهد
1395,ریاضی,3587,2126,منطقه 1,مهندسی برق,دانشگاه شهید بهشتی (شهیدعباسپور)
1395,ریاضی,3592,2129,منطقه 1,مهندسی مکانیک,دانشگاه شیراز
1395,ریاضی,3596,249,منطقه 3,مهندسی عمران,دانشگاه تهران
1395,ریاضی,3599,2133,منطقه 1,مهندسی برق,دانشگاه فردوسی - مشهد
1395,ریاضی,3599,2133,منطقه 1,مهندسی معماری,دانشکده فنی وحرفه ای دختران تهران (دکتر شریعتی)
1395,ریاضی,3605,1142,منطقه 2,مهندسی پلیمر,دانشگاه صنعتی امیرکبیر - تهران
1395,ریاضی,3605,2137,منطقه 1,مهندسی برق,دانشگاه تبریز
1395,ریاضی,3605,2137,منطقه 1,مهندسی معماری,دانشگاه گیلان - رشت
1395,ریاضی,3605,2137,منطقه 1,مهندسی هوا فضا,دانشگاه صنعتی خواجه نصیرالدین طوسی - تهران
1395,ریاضی,3610,1144,منطقه 2,مهندسی مواد و متالور‍ژی,دانشگاه صنعتی شریف - تهران
1395,ریاضی,3614,252,منطقه 3,مهندسی برق,دانشگاه علم و صنعت ایران - تهران
1395,ریاضی,3614,2140,منطقه 1,مهندسی عمران,دانشگاه شهید بهشتی (شهیدعباسپور)
1395,ریاضی,3619,1146,منطقه 2,مهندسی پلیمر,دانشگاه صنعتی امیرکبیر - تهران
1395,ریاضی,3623,255,منطقه 3,مهندسی شیمی,دانشگاه صنعتی امیرکبیر - تهران
1395,ریاضی,3623,255,منطقه 3,مهندسی پلیمر,دانشگاه تهران
1395,ریاضی,3623,1147,منطقه 2,مهندسی مواد و متالور‍ژی,دانشگاه صنعتی امیرکبیر - تهران
1395,ریاضی,3631,1149,منطقه 2,مهندسی برق,دانشگاه صنعتی اصفهان
1395,ریاضی,3631,1149,منطقه 2,مهندسی برق - بومی استان مازندران,دانشگاه تربیت دبیر شهید رجایی - تهران (رشته های دارای تعهد به آموزش و پرورش)
1395,ریاضی,3636,1151,منطقه 2,مهندسی کامپیوتر,دانشگاه فردوسی - مشهد
1395,ریاضی,3636,2152,منطقه 1,مهندسی کامپیوتر,دانشگاه خوارزمی - تهران (محل تحصیل کرج)
1395,ریاضی,3642,2157,منطقه 1,علوم کامپیوتر,دانشگاه شهید بهشتی - تهران
1395,ریاضی,3648,1154,منطقه 2,آموزش ریاضی - بومی استان اصفهان,پردیس شهید باهنر - اصفهان
1395,ریاضی,3648,1154,منطقه 2,مهندسی صنایع,دانشگاه خوارزمی - تهران (محل تحصیل کرج)
1395,ریاضی,3651,1157,منطقه 2,مهندسی پزشکی,دانشگاه اصفهان
1395,ریاضی,3651,1157,منطقه 2,مهندسی کامپیوتر,دانشگاه صنعتی اصفهان
1395,ریاضی,3651,2161,منطقه 1,مهندسی مکانیک,دانشگاه شیراز
1395,ریاضی,3654,1159,منطقه 2,مهندسی مکانیک,دانشگاه شیراز
1395,ریاضی,3658,1161,منطقه 2,مهندسی مکانیک,دانشگاه صنعتی اصفهان
1395,ریاضی,3658,2162,منطقه 1,علوم کامپیوتر,دانشگاه شهید بهشتی - تهران
1395,ریاضی,3662,260,منطقه 3,مهندسی کامپیوتر,دانشگاه علم و صنعت ایران - تهران
1395,ریاضی,3662,1163,منطقه 2,مهندسی مواد و متالور‍ژی,دانشگاه تهران
1395,ریاضی,3667,1165,منطقه 2,مهندسی صنایع,دانشگاه صنعتی اصفهان
1395,ریاضی,3667,1165,منطقه 2,مهندسی پلیمر,دانشگاه صنعتی امیرکبیر - تهران
1395,ریاضی,3673,1168,منطقه 2,مهندسی برق,دانشگاه صنعتی اصفهان
1395,ریاضی,3673,1168,منطقه 2,مهندسی صنایع,دانشگاه صنعتی اصفهان
1395,ریاضی,3679,2171,منطقه 1,مهندسی مکانیک,دانشگاه تبریز
1395,ریاضی,3684,263,منطقه 3,مهندسی کامپیوتر,دانشگاه علم و صنعت ایران - تهران
1395,ریاضی,3684,2175,منطقه 1,مهندسی عمران,دانشگاه شهید بهشتی (شهیدعباسپور)
1395,ریاضی,3690,264,منطقه 3,مهندسی برق - بومی استان همدان,دانشگاه تربیت دبیر شهید رجایی - تهران (رشته های دارای تعهد به آموزش و پرورش)
1395,ریاضی,3690,2179,منطقه 1,مهندسی برق,دانشگاه صنعتی اصفهان
1395,ریاضی,3694,1171,منطقه 2,مهندسی برق,دانشگاه تبریز
1395,ریاضی,3694,2183,منطقه 1,مهندسی کامپیوتر,دانشگاه تبریز
1395,ریاضی,3698,265,منطقه 3,مهندسی عمران,دانشگاه صنعتی امیرکبیر - تهران
1395,ریاضی,3698,2185,منطقه 1,مهندسی عمران,دانشگاه شهید بهشتی (شهیدعباسپور)
1395,ریاضی,3700,2187,منطقه 1,مهندسی مواد و متالور‍ژی,دانشگاه تهران
1395,ریاضی,3704,1172,منطقه 2,مهندسی برق,دانشگاه یزد
1395,ریاضی,3704,1172,منطقه 2,مهندسی هوا فضا,دانشگاه صنعتی خواجه نصیرالدین طوسی - تهران
1395,ریاضی,3709,266,منطقه 3,مهندسی مکانیک,دانشگاه شهید بهشتی (شهیدعباسپور)
1395,ریاضی,3709,266,منطقه 3,مهندسی مکانیک,دانشگاه صنعتی خواجه نصیرالدین طوسی - تهران
1395,ریاضی,3709,2193,منطقه 1,مهندسی برق,دانشگاه شهید بهشتی (شهیدعباسپور)
1395,ریاضی,3712,1174,منطقه 2,مهندسی برق,دانشگاه شهید بهشتی (شهیدعباسپور)
1395,ریاضی,3719,1176,منطقه 2,مهندسی برق,دانشگاه شهید بهشتی (شهیدعباسپور)
1395,ریاضی,3719,1176,منطقه 2,مهندسی کامپیوتر,دانشگاه شیراز
1395,ریاضی,3719,2198,منطقه 1,مهندسی مواد و متالور‍ژی,دانشگاه صنعتی امیرکبیر - تهران
1395,ریاضی,3724,1178,منطقه 2,مهندسی برق,دانشگاه الزهرا(س) - تهران
1395,ریاضی,3724,2201,منطقه 1,مهندسی برق,دانشگاه شهید بهشتی (شهیدعباسپور)
1395,ریاضی,3729,1181,منطقه 2,مهندسی انرژی,دانشگاه صنعتی امیرکبیر - تهران
1395,ریاضی,3736,1184,منطقه 2,علوم کامپیوتر,دانشگاه شهید بهشتی - تهران
1395,ریاضی,3736,1184,منطقه 2,مهندسی معماری,دانشگاه شیراز
1395,ریاضی,3736,1184,منطقه 2,مهندسی مکانیک,دانشگاه خوارزمی - تهران (محل تحصیل کرج)
1395,ریاضی,3736,1184,منطقه 2,مهندسی مکانیک,دانشگاه صنعتی اصفهان
1395,ریاضی,3736,2207,منطقه 1,مهندسی مکانیک,دانشگاه شیراز
1395,ریاضی,3742,2211,منطقه 1,مهندسی مکانیک,دانشگاه خوارزمی - تهران (محل تحصیل کرج)
1395,ریاضی,3749,1189,منطقه 2,مهندسی عمران,دانشگاه اراک
1395,ریاضی,3749,1189,منطقه 2,مهندسی مواد و متالور‍ژی,دانشگاه صنعتی امیرکبیر - تهران
1395,ریاضی,3749,1189,منطقه 2,مهندسی هوا فضا,دانشگاه صنعتی خواجه نصیرالدین طوسی - تهران
1395,ریاضی,3755,270,منطقه 3,مهندسی عمران,دانشگاه صنعتی امیرکبیر - تهران
1395,ریاضی,3755,1191,منطقه 2,مهندسی هوا فضا,دانشگاه صنعتی خواجه نصیرالدین طوسی - تهران
1395,ریاضی,3761,1192,منطقه 2,مهندسی برق,دانشگاه صنعتی اصفهان
1395,ریاضی,3761,1192,منطقه 2,مهندسی مکانیک,دانشگاه صنعتی اصفهان
1395,ریاضی,3767,1194,منطقه 2,مهندسی عمران - بومی استان اذربایجان شرقی,دانشگاه تربیت دبیر شهید رجایی - تهران (رشته های دارای تعهد به آموزش و پرورش)
1395,ریاضی,3767,2226,منطقه 1,مهندسی عمران,دانشگاه فردوسی - مشهد
1395,ریاضی,3772,1195,منطقه 2,مهندسی عمران,دانشگاه صنعتی خواجه نصیرالدین طوسی - تهران
1395,ریاضی,3775,271,منطقه 3,مهندسی شیمی,دانشگاه صنعتی امیرکبیر - تهران
1395,ریاضی,3775,1197,منطقه 2,مهندسی صنایع,دانشگاه صنعتی اصفهان
1395,ریاضی,3775,2230,منطقه 1,مهندسی مکانیک,دانشگاه تبریز
1395,ریاضی,3779,1198,منطقه 2,مهندسی برق,دانشگاه صنعتی اصفهان
1395,ریاضی,3783,1200,منطقه 2,مهندسی پلیمر,دانشگاه صنعتی امیرکبیر - تهران
1395,ریاضی,3783,2233,منطقه 1,مهندسی برق,دانشگاه صنعتی اصفهان
1395,ریاضی,3787,1202,منطقه 2,مهندسی برق,دانشگاه صنعتی اصفهان
1395,ریاضی,3792,2239,منطقه 1,مهندسی برق,دانشگاه شهید بهشتی (شهیدعباسپور)
1395,ریاضی,3792,2239,منطقه 1,مهندسی کامپیوتر,دانشگاه صنعتی اصفهان
1395,ریاضی,3798,1205,منطقه 2,مهندسی عمران,دانشگاه شهید بهشتی (شهیدعباسپور)
1395,ریاضی,3804,1207,منطقه 2,مهندسی مواد و متالور‍ژی,دانشگاه تهران
1395,ریاضی,3804,2246,منطقه 1,مهندسی مواد و متالور‍ژی,دانشگاه تهران
1395,ریاضی,3809,1209,منطقه 2,مهندسی دریا,دانشگاه صنعتی شریف - تهران
1395,ریاضی,3809,2250,منطقه 1,مهندسی عمران,دانشگاه اصفهان
1395,ریاضی,3815,1211,منطقه 2,مهندسی مکانیک,دانشگاه فردوسی - مشهد
1395,ریاضی,3815,1211,منطقه 2,مهندسی هوا فضا,دانشگاه صنعتی خواجه نصیرالدین طوسی - تهران
1395,ریاضی,3815,2253,منطقه 1,مهندسی کامپیوتر,دانشگاه شاهد - تهران
1395,ریاضی,3822,273,منطقه 3,مهندسی برق,دانشگاه فردوسی - مشهد
1395,ریاضی,3822,1213,منطقه 2,مهندسی مکانیک,دانشگاه صنعتی اصفهان
1395,ریاضی,3822,1213,منطقه 2,مهندسی مکانیک,دانشگاه فردوسی - مشهد
1395,ریاضی,3827,274,منطقه 3,مهندسی مواد و متالور‍ژی,دانشگاه صنعتی شریف - تهران
1395,ریاضی,3827,1215,منطقه 2,مهندسی شیمی,دانشگاه صنعتی اصفهان
1395,ریاضی,3837,276,منطقه 3,مهندسی برق,دانشگاه اصفهان
1395,ریاضی,3837,276,منطقه 3,مهندسی عمران - بومی استان خراسان جنوبی,دانشگاه تربیت دبیر شهید رجایی - تهران (رشته های دارای تعهد به آموزش و پرورش)
1395,ریاضی,3837,2267,منطقه 1,مهندسی برق,دانشگاه صنعتی اصفهان
1395,ریاضی,3842,278,منطقه 3,مهندسی عمران - بومی استان یزد,دانشگاه تربیت دبیر شهید رجایی - تهران (رشته های دارای تعهد به آموزش و پرورش)
1395,ریاضی,3851,279,منطقه 3,مهندسی شیمی,دانشگاه صنعتی امیرکبیر - تهران
1395,ریاضی,3851,1216,منطقه 2,مهندسی شیمی,دانشگاه صنعتی همدان
1395,ریاضی,3851,2276,منطقه 1,مهندسی عمران,دانشگاه تبریز
1395,ریاضی,3862,2285,منطقه 1,مهندسی مواد و متالور‍ژی,دانشگاه صنعتی امیرکبیر - تهران
1395,ریاضی,3862,2285,منطقه 1,مهندسی مکانیک,دانشگاه فردوسی - مشهد
1395,ریاضی,3868,1219,منطقه 2,مهندسی مکانیک,دانشگاه صنعتی اصفهان
1395,ریاضی,3868,1219,منطقه 2,مهندسی پلیمر,دانشگاه صنعتی امیرکبیر - تهران
1395,ریاضی,3868,2289,منطقه 1,مهندسی کامپیوتر,دانشگاه بین المللی امام خمینی(ره) - قزوین
1395,ریاضی,3873,1221,منطقه 2,مهندسی برق,دانشگاه صنعتی اصفهان
1395,ریاضی,3877,1223,منطقه 2,مهندسی مکانیک,دانشگاه صنعتی بابل
1395,ریاضی,3883,1225,منطقه 2,مهندسی مکانیک,دانشگاه بوعلی سینا - همدان
1395,ریاضی,3883,1225,منطقه 2,مهندسی مکانیک,دانشگاه خوارزمی - تهران (محل تحصیل کرج)
1395,ریاضی,3883,1225,منطقه 2,مهندسی مکانیک - بومی استان خراسان رضوی,دانشگاه تربیت دبیر شهید رجایی - تهران (رشته های دارای تعهد به آموزش و پرورش)
1395,ریاضی,3890,1227,منطقه 2,مهندسی مکانیک,دانشگاه اصفهان
1395,ریاضی,3898,1230,منطقه 2,مهندسی برق,دانشگاه تبریز
1395,ریاضی,3904,1232,منطقه 2,مهندسی برق,دانشگاه صنعتی اصفهان
1395,ریاضی,3904,1232,منطقه 2,مهندسی کامپیوتر,دانشگاه خوارزمی - تهران (محل تحصیل کرج)
1395,ریاضی,3911,281,منطقه 3,مهندسی کامپیوتر,دانشگاه صنعتی اصفهان
1395,ریاضی,3911,1235,منطقه 2,مهندسی انرژی,دانشگاه صنعتی امیرکبیر - تهران
1395,ریاضی,3915,1237,منطقه 2,فیزیک,دانشگاه تهران
1395,ریاضی,3926,1241,منطقه 2,علوم کامپیوتر,دانشگاه شهید بهشتی - تهران
1395,ریاضی,3926,1241,منطقه 2,مهندسی برق - بومی استان کرمان,دانشگاه تربیت دبیر شهید رجایی - تهران (رشته های دارای تعهد به آموزش و پرورش)
1395,ریاضی,3926,1241,منطقه 2,مهندسی شیمی,دانشگاه صنعتی بابل
1395,ریاضی,3926,2323,منطقه 1,مهندسی برق,دانشگاه شهید بهشتی (شهیدعباسپور)
1395,ریاضی,3926,2323,منطقه 1,مهندسی عمران,دانشگاه خوارزمی - تهران (محل تحصیل کرج)
1395,ریاضی,3932,282,منطقه 3,مهندسی شیمی,دانشگاه صنعتی امیرکبیر - تهران
1395,ریاضی,3932,1243,منطقه 2,مهندسی کامپیوتر - بومی استان مازندران,دانشگاه تربیت دبیر شهید رجایی - تهران (رشته های دارای تعهد به آموزش و پرورش)
1395,ریاضی,3932,2327,منطقه 1,مهندسی برق,دانشگاه فردوسی - مشهد
1395,ریاضی,3936,1246,منطقه 2,مهندسی برق,دانشگاه صنعتی اصفهان
1395,ریاضی,3936,1246,منطقه 2,مهندسی مکانیک,دانشگاه اصفهان
1395,ریاضی,3943,1249,منطقه 2,مهندسی شیمی,دانشگاه صنعتی اصفهان
1395,ریاضی,3943,1249,منطقه 2,مهندسی کامپیوتر,دانشگاه صنعتی اصفهان
1395,ریاضی,3943,1249,منطقه 2,مهندسی کامپیوتر - بومی استان اصفهان,دانشگاه تربیت دبیر شهید رجایی - تهران (رشته های دارای تعهد به آموزش و پرورش)
1395,ریاضی,3948,1252,منطقه 2,مهندسی هوا فضا,دانشگاه صنعتی خواجه نصیرالدین طوسی - تهران
1395,ریاضی,3959,287,منطقه 3,مهندسی هوا فضا,دانشگاه صنعتی امیرکبیر - تهران
1395,ریاضی,3959,1256,منطقه 2,مهندسی هوا فضا,دانشگاه صنعتی خواجه نصیرالدین طوسی - تهران
1395,ریاضی,3959,1256,منطقه 2,مهندسی کامپیوتر - بومی استان مرکزی,دانشگاه تربیت دبیر شهید رجایی - تهران (رشته های دارای تعهد به آموزش و پرورش)
1395,ریاضی,3964,1258,منطقه 2,مهندسی برق - بومی استان کرمانشاه,دانشگاه تربیت دبیر شهید رجایی - تهران (رشته های دارای تعهد به آموزش و پرورش)
1395,ریاضی,3969,289,منطقه 3,مهندسی معماری,دانشگاه تهران
1395,ریاضی,3969,289,منطقه 3,مهندسی مکانیک,دانشگاه علم و صنعت ایران - تهران
1395,ریاضی,3969,1260,منطقه 2,مهندسی برق,دانشگاه صنعتی اصفهان
1395,ریاضی,3969,1260,منطقه 2,مهندسی برق - بومی استان اذربایجان غربی,دانشگاه تربیت دبیر شهید رجایی - تهران (رشته های دارای تعهد به آموزش و پرورش)
1395,ریاضی,3969,2338,منطقه 1,مهندسی کامپیوتر,دانشگاه خوارزمی - تهران (محل تحصیل کرج)
1395,ریاضی,3976,1262,منطقه 2,مهندسی کامپیوتر,دانشگاه صنعتی اصفهان
1395,ریاضی,3979,2344,منطقه 1,مهندسی کامپیوتر,دانشگاه صنعتی اصفهان
1395,ریاضی,3987,1264,منطقه 2,مهندسی مکانیک,دانشگاه فردوسی - مشهد
1395,ریاضی,4003,1269,منطقه 2,مهندسی مکانیک,دانشگاه کاشان
1395,ریاضی,4003,2362,منطقه 1,مهندسی عمران,دانشگاه صنعتی اصفهان
1395,ریاضی,4007,292,منطقه 3,مهندسی برق,دانشگاه علم و صنعت ایران - تهران
1395,ریاضی,4010,1270,منطقه 2,مهندسی کامپیوتر - بومی استان سمنان,دانشگاه تربیت دبیر شهید رجایی - تهران (رشته های دارای تعهد به آموزش و پرورش)
1395,ریاضی,4017,1272,منطقه 2,مهندسی برق,دانشگاه بوعلی سینا - همدان
1395,ریاضی,4017,1272,منطقه 2,مهندسی صنایع,دانشگاه صنعتی اصفهان
1395,ریاضی,4017,2372,منطقه 1,مهندسی مواد و متالور‍ژی,دانشگاه صنعتی امیرکبیر - تهران
1395,ریاضی,4022,293,منطقه 3,مهندسی شیمی,دانشگاه صنعتی امیرکبیر - تهران
1395,ریاضی,4027,1277,منطقه 2,فیزیک,دانشگاه صنعتی امیرکبیر - تهران
1395,ریاضی,4027,1277,منطقه 2,مهندسی کامپیوتر,دانشگاه صنعتی اصفهان
1395,ریاضی,4036,1282,منطقه 2,مهندسی برق,دانشگاه صنعتی اصفهان
1395,ریاضی,4036,1282,منطقه 2,مهندسی معماری - بومی استان فارس,دانشگاه تربیت دبیر شهید رجایی - تهران (رشته های دارای تعهد به آموزش و پرورش)
1395,ریاضی,4036,1282,منطقه 2,مهندسی نفت,دانشگاه صنعت نفت (محل تحصیل اهواز)
1395,ریاضی,4041,296,منطقه 3,علوم مهندسی,دانشگاه تهران
1395,ریاضی,4048,2386,منطقه 1,مهندسی مکانیک,دانشگاه اصفهان
1395,ریاضی,4055,297,منطقه 3,مهندسی پلیمر,دانشگاه تهران
1395,ریاضی,4055,1286,منطقه 2,مهندسی کامپیوتر,دانشگاه صنعتی اصفهان
1395,ریاضی,4055,2391,منطقه 1,مهندسی عمران,دانشگاه صنعتی اصفهان
1395,ریاضی,4061,1287,منطقه 2,مهندسی مواد و متالور‍ژی,دانشگاه تهران
1395,ریاضی,4067,298,منطقه 3,مهندسی شیمی,دانشگاه صنعتی امیرکبیر - تهران
1395,ریاضی,4067,1289,منطقه 2,مهندسی مواد و متالور‍ژی,دانشگاه تهران
1395,ریاضی,4072,1291,منطقه 2,مهندسی عمران,دانشگاه صنعتی اصفهان
1395,ریاضی,4079,1295,منطقه 2,مهندسی عمران,دانشگاه شیراز
1395,ریاضی,4079,2403,منطقه 1,مهندسی کامپیوتر,دانشگاه فردوسی - مشهد
1395,ریاضی,4084,1297,منطقه 2,مهندسی برق,دانشگاه صنعتی اصفهان
1395,ریاضی,4084,1297,منطقه 2,مهندسی مواد و متالور‍ژی,دانشگاه تهران
1395,ریاضی,4095,1300,منطقه 2,مهندسی برق,دانشگاه صنعتی اصفهان
1395,ریاضی,4095,2413,منطقه 1,مهندسی برق,دانشگاه تبریز
1395,ریاضی,4104,1302,منطقه 2,مهندسی کامپیوتر,دانشگاه صنعتی اصفهان
1395,ریاضی,4107,1303,منطقه 2,مهندسی هوا فضا,دانشگاه صنعتی خواجه نصیرالدین طوسی - تهران
1395,ریاضی,4109,1305,منطقه 2,مهندسی برق,دانشگاه صنعتی اصفهان
1395,ریاضی,4109,2422,منطقه 1,مدیریت بازرگانی,دانشگاه شهید بهشتی - تهران
1395,ریاضی,4112,302,منطقه 3,مهندسی عمران,دانشگاه فردوسی - مشهد
1395,ریاضی,4116,303,منطقه 3,مهندسی هوا فضا,دانشگاه صنعتی امیرکبیر - تهران
1395,ریاضی,4122,1307,منطقه 2,مهندسی انرژی,دانشگاه صنعتی امیرکبیر - تهران
1395,ریاضی,4122,1307,منطقه 2,مهندسی پزشکی,دانشگاه اصفهان
1395,ریاضی,4122,2430,منطقه 1,مهندسی برق,دانشگاه تبریز
1395,ریاضی,4122,2430,منطقه 1,مهندسی مواد و متالور‍ژی,دانشگاه علم و صنعت ایران - تهران
1395,ریاضی,4128,1309,منطقه 2,مهندسی شهرسازی,دانشگاه تهران
1395,ریاضی,4128,2434,منطقه 1,مهندسی عمران,دانشگاه صنعتی اصفهان
1395,ریاضی,4133,304,منطقه 3,مهندسی شیمی,دانشگاه صنعتی امیرکبیر - تهران
1395,ریاضی,4139,1311,منطقه 2,مهندسی معماری,دانشگاه هنر (محل تحصیل پردیس کرج)
1395,ریاضی,4139,1311,منطقه 2,مهندسی مکانیک,دانشگاه تبریز
1395,ریاضی,4139,2442,منطقه 1,مهندسی کامپیوتر,دانشگاه شیراز
1395,ریاضی,4144,1313,منطقه 2,مهندسی عمران,دانشگاه صنعتی اصفهان
1395,ریاضی,4148,1316,منطقه 2,علوم کامپیوتر,دانشگاه شهید بهشتی - تهران
1395,ریاضی,4148,1316,منطقه 2,مهندسی مواد و متالور‍ژی,دانشگاه صنعتی امیرکبیر - تهران
1395,ریاضی,4148,2446,منطقه 1,مهندسی عمران,دانشگاه صنعتی اصفهان
1395,ریاضی,4153,1318,منطقه 2,مهندسی مواد و متالور‍ژی,دانشگاه تهران
1395,ریاضی,4156,1320,منطقه 2,مهندسی خط و سازه های ریلی,دانشگاه علم و صنعت ایران - تهران
1395,ریاضی,4156,1320,منطقه 2,مهندسی عمران,دانشگاه صنعتی اصفهان
1395,ریاضی,4160,305,منطقه 3,مهندسی شیمی,دانشگاه علم و صنعت ایران - تهران
1395,ریاضی,4160,305,منطقه 3,مهندسی کامپیوتر - بومی استان اذربایجان غربی,دانشگاه تربیت دبیر شهید رجایی - تهران (رشته های دارای تعهد به آموزش و پرورش)
1395,ریاضی,4160,1322,منطقه 2,مهندسی کامپیوتر,دانشگاه تهران (محل تحصیل قم)
1395,ریاضی,4166,1325,منطقه 2,مهندسی مواد و متالور‍ژی,دانشگاه تهران
1395,ریاضی,4166,1325,منطقه 2,مهندسی کامپیوتر,دانشگاه صنعتی اصفهان
1395,ریاضی,4172,1327,منطقه 2,مهندسی مواد و متالور‍ژی,دانشگاه علم و صنعت ایران - تهران
1395,ریاضی,4172,2456,منطقه 1,مدیریت بیمه اکو,دانشگاه علامه طباطبایی - تهران (محل تحصیل مؤسسه آموزش عالی بیمه اکو)
1395,ریاضی,4175,1328,منطقه 2,مهندسی مکانیک,دانشگاه شیراز
1395,ریاضی,4177,1329,منطقه 2,مهندسی مکانیک,دانشگاه سمنان
1395,ریاضی,4181,2461,منطقه 1,مهندسی عمران,دانشگاه خوارزمی - تهران (محل تحصیل کرج)
1395,ریاضی,4185,1333,منطقه 2,مهندسی عمران,دانشگاه صنعتی بابل
1395,ریاضی,4185,2464,منطقه 1,مهندسی عمران,دانشگاه الزهرا(س) - تهران
1395,ریاضی,4185,2464,منطقه 1,مهندسی نساجی,دانشگاه صنعتی امیرکبیر - تهران
1395,ریاضی,4191,1335,منطقه 2,مهندسی برق,دانشگاه گیلان - رشت
1395,ریاضی,4191,1335,منطقه 2,مهندسی کامپیوتر - بومی استان مازندران,دانشگاه تربیت دبیر شهید رجایی - تهران (رشته های دارای تعهد به آموزش و پرورش)
1395,ریاضی,4203,1338,منطقه 2,مهندسی برق,دانشگاه صنعتی اصفهان
1395,ریاضی,4211,1342,منطقه 2,آموزش ابتدایی - بومی استان خراسان رضوی,پردیس شهید هاشمی نژاد - مشهد
1395,ریاضی,4211,1342,منطقه 2,مهندسی مکانیک,دانشگاه فردوسی - مشهد
1395,ریاضی,4216,1344,منطقه 2,مهندسی برق,دانشگاه صنعتی اصفهان
1395,ریاضی,4216,1344,منطقه 2,مهندسی مکانیک,دانشگاه فردوسی - مشهد
1395,ریاضی,4223,1348,منطقه 2,مهندسی انرژی,دانشگاه صنعتی امیرکبیر - تهران
1395,ریاضی,4223,1348,منطقه 2,مهندسی برق,دانشگاه شهید بهشتی (شهیدعباسپور)
1395,ریاضی,4223,1348,منطقه 2,مهندسی شیمی,دانشگاه صنعتی اصفهان
1395,ریاضی,4223,1348,منطقه 2,مهندسی عمران - بومی استان خراسان رضوی,دانشگاه تربیت دبیر شهید رجایی - تهران (رشته های دارای تعهد به آموزش و پرورش)
1395,ریاضی,4227,1351,منطقه 2,آموزش ریاضی - بومی استان اذربایجان شرقی,پردیس فاطمه الزهرا (س) - تبریز
1395,ریاضی,4227,1351,منطقه 2,مهندسی برق,دانشگاه هرمزگان - بندرعباس
1395,ریاضی,4231,1353,منطقه 2,مهندسی صنایع,دانشگاه صنعتی اصفهان
1395,ریاضی,4235,307,منطقه 3,آموزش فیزیک - بومی استان اذربایجان شرقی,پردیس نسیبه - تهران
1395,ریاضی,4235,1354,منطقه 2,مهندسی مواد و متالور‍ژی,دانشگاه تهران
1395,ریاضی,4235,2491,منطقه 1,مهندسی برق,دانشگاه شهید بهشتی (شهیدعباسپور)
1395,ریاضی,4240,308,منطقه 3,مهندسی مکانیک,دانشگاه فردوسی - مشهد
1395,ریاضی,4245,309,منطقه 3,مهندسی مکانیک,دانشگاه فردوسی - مشهد
1395,ریاضی,4245,2497,منطقه 1,مهندسی مکانیک,دانشگاه صنعتی شریف - تهران
1395,ریاضی,4254,1359,منطقه 2,آموزش ابتدایی - بومی استان یزد,پردیس فاطمه الزهرا (س) - یزد
1395,ریاضی,4254,1359,منطقه 2,مهندسی صنایع,دانشگاه صنعتی اصفهان
1395,ریاضی,4254,1359,منطقه 2,مهندسی مواد و متالور‍ژی,دانشگاه علم و صنعت ایران - تهران
1395,ریاضی,4258,310,منطقه 3,مهندسی برق,دانشگاه صنعتی شیراز
1395,ریاضی,4264,311,منطقه 3,مهندسی هوا فضا,دانشگاه صنعتی امیرکبیر - تهران
1395,ریاضی,4264,1363,منطقه 2,مهندسی برق,دانشگاه شهید بهشتی (شهیدعباسپور)
1395,ریاضی,4264,2507,منطقه 1,مهندسی کامپیوتر,دانشگاه خوارزمی - تهران (محل تحصیل کرج)
1395,ریاضی,4269,312,منطقه 3,مهندسی صنایع,دانشگاه علم و صنعت ایران - تهران
1395,ریاضی,4276,1366,منطقه 2,مهندسی کامپیوتر,دانشگاه خوارزمی - تهران (محل تحصیل کرج)
1395,ریاضی,4282,1368,منطقه 2,مهندسی مکانیک,دانشگاه قم
1395,ریاضی,4282,2519,منطقه 1,مدیریت بازرگانی,دانشگاه شهید بهشتی - تهران
1395,ریاضی,4282,2519,منطقه 1,مهندسی مکانیک,دانشگاه فردوسی - مشهد
1395,ریاضی,4290,1369,منطقه 2,مهندسی عمران,دانشگاه صنعتی اصفهان
1395,ریاضی,4292,1370,منطقه 2,مهندسی مواد و متالور‍ژی,دانشگاه تهران
1395,ریاضی,4296,314,منطقه 3,مهندسی برق,دانشگاه صنعتی اصفهان
1395,ریاضی,4296,314,منطقه 3,مهندسی هوا فضا,دانشگاه صنعتی امیرکبیر - تهران
1395,ریاضی,4296,1371,منطقه 2,مهندسی عمران,دانشگاه شیراز
1395,ریاضی,4296,2526,منطقه 1,مهندسی مکانیک,دانشگاه شیراز
1395,ریاضی,4300,1372,منطقه 2,مهندسی برق,دانشگاه صنعتی اصفهان
1395,ریاضی,4300,1372,منطقه 2,مهندسی شیمی,دانشگاه صنعتی اصفهان
1395,ریاضی,4306,1374,منطقه 2,مهندسی برق,دانشگاه صنعتی اصفهان
1395,ریاضی,4306,2532,منطقه 1,مهندسی خط و سازه های ریلی,دانشگاه علم و صنعت ایران - تهران
1395,ریاضی,4313,2538,منطقه 1,روانشناسی,دانشگاه شهید بهشتی - تهران
1395,ریاضی,4319,316,منطقه 3,مهندسی برق,دانشگاه صنعتی اصفهان
1395,ریاضی,4332,317,منطقه 3,مهندسی پزشکی,دانشگاه صنعتی امیرکبیر - تهران
1395,ریاضی,4332,317,منطقه 3,مهندسی کامپیوتر - بومی استان هرمزگان,دانشگاه تربیت دبیر شهید رجایی - تهران (رشته های دارای تعهد به آموزش و پرورش)
1395,ریاضی,4332,1380,منطقه 2,مهندسی صنایع,دانشگاه قم
1395,ریاضی,4337,1382,منطقه 2,علوم کامپیوتر,دانشگاه شهید بهشتی - تهران
1395,ریاضی,4341,1383,منطقه 2,مهندسی مواد و متالور‍ژی,دانشگاه تهران
1395,ریاضی,4345,1386,منطقه 2,مهندسی برق,دانشگاه صنعتی اصفهان
1395,ریاضی,4345,1386,منطقه 2,مهندسی مکانیک - بومی استان خراسان رضوی,دانشگاه تربیت دبیر شهید رجایی - تهران (رشته های دارای تعهد به آموزش و پرورش)
1395,ریاضی,4348,1389,منطقه 2,مهندسی کامپیوتر,دانشگاه بین المللی امام خمینی(ره) - قزوین
1395,ریاضی,4351,2559,منطقه 1,مهندسی برق,دانشگاه فردوسی - مشهد
1395,ریاضی,4360,1390,منطقه 2,مهندسی مواد و متالور‍ژی,دانشگاه صنعتی امیرکبیر - تهران
1395,ریاضی,4364,88,ایثارگران,مهندسی معماری - بومی استان اصفهان,دانشگاه تربیت دبیر شهید رجایی - تهران (رشته های دارای تعهد به آموزش و پرورش)
1395,ریاضی,4369,320,منطقه 3,مهندسی برق,دانشگاه صنعتی اصفهان
1395,ریاضی,4369,320,منطقه 3,مهندسی شیمی,دانشگاه علم و صنعت ایران - تهران
1395,ریاضی,4375,322,منطقه 3,مهندسی برق,دانشگاه شهید بهشتی - تهران
1395,ریاضی,4375,1394,منطقه 2,مهندسی مکانیک,دانشگاه شیراز
1395,ریاضی,4375,1394,منطقه 2,مهندسی کامپیوتر,دانشگاه بوعلی سینا - همدان
1395,ریاضی,4381,323,منطقه 3,مهندسی مکانیک,دانشگاه صنعتی بابل
1395,ریاضی,4381,1398,منطقه 2,مهندسی برق,دانشگاه تبریز
1395,ریاضی,4381,1398,منطقه 2,مهندسی شیمی,دانشگاه صنعتی اصفهان
1395,ریاضی,4381,1398,منطقه 2,مهندسی کامپیوتر,دانشگاه صنعتی اصفهان
1395,ریاضی,4397,2582,منطقه 1,علوم کامپیوتر,دانشگاه خوارزمی - تهران (محل تحصیل کرج)
1395,ریاضی,4403,325,منطقه 3,مهندسی عمران,دانشگاه علم و صنعت ایران - تهران
1395,ریاضی,4403,2586,منطقه 1,مهندسی معماری,دانشگاه هنر اصفهان
1395,ریاضی,4409,1405,منطقه 2,مهندسی مکانیک,دانشگاه بین المللی امام خمینی(ره) - قزوین
1395,ریاضی,4409,1405,منطقه 2,مهندسی کامپیوتر,دانشگاه شیراز
1395,ریاضی,4413,1408,منطقه 2,دکترای پیوسته فیزیک,مرکز تحصیلات تکمیلی در علوم پایه زنجان
1395,ریاضی,4416,1410,منطقه 2,مهندسی مواد و متالور‍ژی,دانشگاه علم و صنعت ایران - تهران
1395,ریاضی,4416,1410,منطقه 2,مهندسی مکانیک,دانشگاه شیراز
1395,ریاضی,4420,1412,منطقه 2,مهندسی مواد و متالور‍ژی,دانشگاه علم و صنعت ایران - تهران
1395,ریاضی,4427,326,منطقه 3,علوم مهندسی,دانشگاه تهران
1395,ریاضی,4427,1414,منطقه 2,علوم کامپیوتر,دانشگاه شهید بهشتی - تهران
1395,ریاضی,4432,327,منطقه 3,مهندسی دریا,دانشگاه صنعتی شریف - تهران
1395,ریاضی,4432,327,منطقه 3,مهندسی شیمی,دانشگاه صنعتی سهند - تبریز
1395,ریاضی,4439,1417,منطقه 2,مهندسی عمران,دانشگاه صنعتی اصفهان
1395,ریاضی,4439,1417,منطقه 2,مهندسی کامپیوتر,دانشگاه صنعتی اصفهان
1395,ریاضی,4443,329,منطقه 3,مهندسی کامپیوتر,دانشگاه صنعتی اصفهان
1395,ریاضی,4446,2608,منطقه 1,مهندسی مواد و متالور‍ژی,دانشگاه صنعتی خواجه نصیرالدین طوسی - تهران
1395,ریاضی,4450,1422,منطقه 2,مهندسی مواد و متالور‍ژی,دانشگاه علم و صنعت ایران - تهران
1395,ریاضی,4455,1424,منطقه 2,مهندسی برق,دانشگاه شهید بهشتی (شهیدعباسپور)
1395,ریاضی,4455,2612,منطقه 1,علوم اقتصادی,دانشگاه تهران
1395,ریاضی,4460,1426,منطقه 2,مهندسی پزشکی,دانشگاه صنعتی همدان
1395,ریاضی,4460,2615,منطقه 1,مهندسی عمران,دانشگاه شیراز
1395,ریاضی,4473,1429,منطقه 2,مهندسی مکانیک,دانشگاه شیراز
1395,ریاضی,4473,2624,منطقه 1,آموزش ریاضی - بومی استان خراسان رضوی,پردیس شهید بهشتی - مشهد
1395,ریاضی,4476,331,منطقه 3,مهندسی برق,دانشگاه اصفهان
1395,ریاضی,4476,331,منطقه 3,مهندسی عمران,دانشگاه علم و صنعت ایران - تهران
1395,ریاضی,4479,2627,منطقه 1,مهندسی عمران,دانشگاه شیراز
1395,ریاضی,4479,2627,منطقه 1,مهندسی کامپیوتر,دانشگاه صنعتی اصفهان
1395,ریاضی,4489,333,منطقه 3,مهندسی عمران - بومی استان خراسان رضوی,دانشگاه تربیت دبیر شهید رجایی - تهران (رشته های دارای تعهد به آموزش و پرورش)
1395,ریاضی,4489,2636,منطقه 1,حسابداری,دانشگاه علامه طباطبایی - تهران
1395,ریاضی,4489,2636,منطقه 1,مدیریت مالی,دانشگاه خوارزمی تهران
1395,ریاضی,4494,1432,منطقه 2,مهندسی برق,دانشگاه محقق اردبیلی - اردبیل
1395,ریاضی,4499,1433,منطقه 2,مهندسی برق - بومی استان قزوین,دانشگاه تربیت دبیر شهید رجایی - تهران (رشته های دارای تعهد به آموزش و پرورش)
1395,ریاضی,4499,2641,منطقه 1,مهندسی برق,دانشگاه فردوسی - مشهد
1395,ریاضی,4505,336,منطقه 3,مهندسی برق - بومی استان همدان,دانشگاه تربیت دبیر شهید رجایی - تهران (رشته های دارای تعهد به آموزش و پرورش)
1395,ریاضی,4505,1435,منطقه 2,مهندسی مکانیک - بومی استان خراسان شمالی,دانشگاه تربیت دبیر شهید رجایی - تهران (رشته های دارای تعهد به آموزش و پرورش)
1395,ریاضی,4509,2647,منطقه 1,مهندسی مواد و متالور‍ژی,دانشگاه صنعتی اصفهان
1395,ریاضی,4509,2647,منطقه 1,مهندسی مواد و متالور‍ژی,دانشگاه علم و صنعت ایران - تهران
1395,ریاضی,4522,1438,منطقه 2,مهندسی برق,دانشگاه صنعتی اصفهان
1395,ریاضی,4526,339,منطقه 3,علوم کامپیوتر,دانشگاه صنعتی شریف - تهران
1395,ریاضی,4531,1440,منطقه 2,مهندسی برق,دانشگاه شهید بهشتی (شهیدعباسپور)
1395,ریاضی,4536,2666,منطقه 1,مدیریت بازرگانی,دانشگاه علامه طباطبایی - تهران
1395,ریاضی,4536,2666,منطقه 1,مهندسی معماری,دانشگاه فردوسی - مشهد
1395,ریاضی,4536,2666,منطقه 1,مهندسی مواد و متالور‍ژی,دانشگاه علم و صنعت ایران - تهران
1395,ریاضی,4541,1443,منطقه 2,فیزیک,دانشگاه تهران
1395,ریاضی,4554,1448,منطقه 2,فیزیک,دانشگاه علم و صنعت ایران - تهران
1395,ریاضی,4559,340,منطقه 3,مهندسی صنایع,دانشگاه صنعتی خواجه نصیرالدین طوسی - تهران
1395,ریاضی,4559,1451,منطقه 2,مهندسی عمران,دانشگاه شهید بهشتی (شهیدعباسپور)
1395,ریاضی,4570,341,منطقه 3,مهندسی معماری - بومی استان کرمان,دانشگاه تربیت دبیر شهید رجایی - تهران (رشته های دارای تعهد به آموزش و پرورش)
1395,ریاضی,4570,1455,منطقه 2,مهندسی صنایع,دانشگاه الزهرا(س) - تهران
1395,ریاضی,4570,1455,منطقه 2,مهندسی عمران,دانشگاه بین المللی امام خمینی(ره) - قزوین
1395,ریاضی,4570,1455,منطقه 2,مهندسی عمران,دانشگاه صنعتی اصفهان
1395,ریاضی,4570,1455,منطقه 2,مهندسی معدن,دانشگاه تهران
1395,ریاضی,4570,1455,منطقه 2,مهندسی کامپیوتر,دانشگاه فردوسی - مشهد
1395,ریاضی,4578,1458,منطقه 2,مهندسی مکانیک,دانشگاه الزهرا(س) - تهران
1395,ریاضی,4582,1460,منطقه 2,مهندسی انرژی,دانشگاه صنعتی امیرکبیر - تهران
1395,ریاضی,4587,91,ایثارگران,مهندسی برق,دانشگاه صنعتی شریف - تهران
1395,ریاضی,4587,345,منطقه 3,مهندسی نفت,دانشگاه صنعت نفت (محل تحصیل اهواز)
1395,ریاضی,4587,1461,منطقه 2,مهندسی برق,دانشگاه تبریز
1395,ریاضی,4592,1463,منطقه 2,فیزیک,دانشگاه تهران
1395,ریاضی,4597,1466,منطقه 2,مهندسی برق,دانشگاه بوعلی سینا - همدان
1395,ریاضی,4597,1466,منطقه 2,مهندسی مواد و متالور‍ژی,دانشگاه صنعتی امیرکبیر - تهران
1395,ریاضی,4597,1466,منطقه 2,مهندسی مکانیک,دانشگاه شیراز
1395,ریاضی,4597,1466,منطقه 2,مهندسی کامپیوتر,دانشگاه شیراز
1395,ریاضی,4597,2695,منطقه 1,مهندسی صنایع,دانشگاه خوارزمی - تهران (محل تحصیل کرج)
1395,ریاضی,4604,348,منطقه 3,مهندسی مکانیک,دانشگاه صنعتی خواجه نصیرالدین طوسی - تهران
1395,ریاضی,4604,1469,منطقه 2,مهندسی مکانیک,دانشگاه بوعلی سینا - همدان
1395,ریاضی,4611,1472,منطقه 2,مهندسی کامپیوتر,دانشگاه تبریز
1395,ریاضی,4611,2700,منطقه 1,آموزش ریاضی - بومی استان خراسان رضوی,پردیس شهید بهشتی - مشهد
1395,ریاضی,4611,2700,منطقه 1,ریاضیات و کاربردها,دانشگاه تهران
1395,ریاضی,4625,1474,منطقه 2,مهندسی نفت,دانشگاه صنعت نفت (محل تحصیل آبادان)
1395,ریاضی,4625,2711,منطقه 1,مهندسی صنایع,دانشگاه خوارزمی - تهران (محل تحصیل کرج)
1395,ریاضی,4631,1476,منطقه 2,مهندسی کامپیوتر,دانشگاه صنعتی اصفهان
1395,ریاضی,4638,350,منطقه 3,مهندسی عمران,دانشگاه صنعتی اصفهان
1395,ریاضی,4638,1477,منطقه 2,مهندسی عمران,دانشگاه صنعتی اصفهان
1395,ریاضی,4638,1477,منطقه 2,مهندسی مکانیک,دانشگاه خوارزمی - تهران (محل تحصیل کرج)
1395,ریاضی,4638,2720,منطقه 1,مهندسی عمران,دانشگاه الزهرا(س) - تهران
1395,ریاضی,4648,1480,منطقه 2,مهندسی مکانیک,دانشگاه تبریز
1395,ریاضی,4648,2727,منطقه 1,مهندسی شهرسازی,دانشگاه هنر (محل تحصیل پردیس کرج)
1395,ریاضی,4648,2727,منطقه 1,مهندسی کامپیوتر,دانشگاه شیراز
1395,ریاضی,4655,1483,منطقه 2,مهندسی برق,دانشگاه صنعتی اصفهان
1395,ریاضی,4655,1483,منطقه 2,مهندسی شیمی,دانشگاه صنعتی اصفهان
1395,ریاضی,4655,1483,منطقه 2,مهندسی مکانیک,دانشگاه اصفهان
1395,ریاضی,4655,1483,منطقه 2,مهندسی کامپیوتر,دانشگاه فردوسی - مشهد
1395,ریاضی,4660,352,منطقه 3,مهندسی صنایع,دانشگاه صنعتی اصفهان
1395,ریاضی,4660,1486,منطقه 2,مهندسی مواد و متالور‍ژی,دانشگاه علم و صنعت ایران - تهران
1395,ریاضی,4665,353,منطقه 3,آموزش ریاضی - بومی استان تهران,پردیس نسیبه - تهران
1395,ریاضی,4665,1487,منطقه 2,مهندسی برق,دانشگاه صنعتی اصفهان
1395,ریاضی,4669,94,ایثارگران,مهندسی مکانیک,دانشگاه تهران
1395,ریاضی,4673,1490,منطقه 2,مهندسی شیمی,دانشگاه صنعتی اصفهان
1395,ریاضی,4688,1495,منطقه 2,فیزیک,دانشگاه صنعتی شریف - تهران
1395,ریاضی,4688,1495,منطقه 2,مهندسی عمران,دانشگاه صنعتی اصفهان
1395,ریاضی,4688,1495,منطقه 2,مهندسی مکانیک,دانشگاه فردوسی - مشهد
1395,ریاضی,4688,1495,منطقه 2,مهندسی مکانیک - بومی استان فارس,دانشگاه تربیت دبیر شهید رجایی - تهران (رشته های دارای تعهد به آموزش و پرورش)
1395,ریاضی,4688,2745,منطقه 1,مهندسی مکانیک,دانشگاه شیراز
1395,ریاضی,4693,1498,منطقه 2,مهندسی مکانیک,دانشگاه اصفهان
1395,ریاضی,4696,1499,منطقه 2,مهندسی عمران,دانشگاه شهید بهشتی (شهیدعباسپور)
1395,ریاضی,4701,1501,منطقه 2,مهندسی برق,دانشگاه فردوسی - مشهد
1395,ریاضی,4701,2752,منطقه 1,مهندسی حمل و نقل ریلی,دانشگاه علم و صنعت ایران - تهران
1395,ریاضی,4705,1503,منطقه 2,مهندسی صنایع,دانشگاه صنعتی اصفهان
1395,ریاضی,4711,355,منطقه 3,مهندسی کامپیوتر,دانشگاه تبریز
1395,ریاضی,4711,1506,منطقه 2,مهندسی برق,دانشگاه شاهد - تهران
1395,ریاضی,4711,1506,منطقه 2,مهندسی برق,دانشگاه صنعتی اصفهان
1395,ریاضی,4725,1512,منطقه 2,مهندسی مواد و متالور‍ژی,دانشگاه صنعتی امیرکبیر - تهران
1395,ریاضی,4725,1512,منطقه 2,مهندسی پلیمر,دانشگاه صنعتی امیرکبیر - تهران (محل تحصیل بندر ماهشهر)
1395,ریاضی,4725,1512,منطقه 2,مهندسی کامپیوتر,دانشگاه تهران (محل تحصیل قم)
1395,ریاضی,4731,358,منطقه 3,مهندسی مکانیک,دانشگاه تبریز
1395,ریاضی,4731,2765,منطقه 1,مهندسی مکانیک,دانشگاه الزهرا(س) - تهران
1395,ریاضی,4734,1515,منطقه 2,مهندسی مکانیک,دانشگاه یزد
1395,ریاضی,4737,1516,منطقه 2,مهندسی مواد و متالور‍ژی,دانشگاه صنعتی امیرکبیر - تهران
1395,ریاضی,4741,359,منطقه 3,مهندسی هوا فضا,دانشگاه صنعتی خواجه نصیرالدین طوسی - تهران
1395,ریاضی,4741,1517,منطقه 2,مهندسی کامپیوتر - بومی استان خراسان رضوی,دانشگاه تربیت دبیر شهید رجایی - تهران (رشته های دارای تعهد به آموزش و پرورش)
1395,ریاضی,4741,2771,منطقه 1,مهندسی صنایع,دانشگاه فردوسی - مشهد
1395,ریاضی,4747,1520,منطقه 2,مهندسی صنایع,دانشگاه الزهرا(س) - تهران
1395,ریاضی,4747,1520,منطقه 2,مهندسی مکانیک,دانشگاه تبریز
1395,ریاضی,4752,1522,منطقه 2,مهندسی عمران,دانشگاه صنعتی اصفهان
1395,ریاضی,4756,1525,منطقه 2,مهندسی مکانیک,دانشگاه اصفهان
1395,ریاضی,4760,1528,منطقه 2,ریاضیات و کاربردها,دانشگاه تهران
1395,ریاضی,4760,1528,منطقه 2,مهندسی عمران,دانشگاه صنعتی اصفهان
1395,ریاضی,4765,361,منطقه 3,مهندسی شیمی,دانشگاه علم و صنعت ایران - تهران
1395,ریاضی,4771,1533,منطقه 2,مهندسی مواد و متالور‍ژی,دانشگاه علم و صنعت ایران - تهران
1395,ریاضی,4771,1533,منطقه 2,مهندسی مکانیک,دانشگاه صنعتی بابل
1395,ریاضی,4780,2787,منطقه 1,مهندسی کامپیوتر,دانشگاه اصفهان
1395,ریاضی,4784,1539,منطقه 2,آموزش ابتدایی - بومی استان خراسان رضوی,پردیس شهید هاشمی نژاد - مشهد
1395,ریاضی,4791,1542,منطقه 2,مهندسی مواد و متالور‍ژی,دانشگاه صنعتی امیرکبیر - تهران
1395,ریاضی,4798,362,منطقه 3,مهندسی مکانیک,دانشگاه صنعتی خواجه نصیرالدین طوسی - تهران
1395,ریاضی,4798,2798,منطقه 1,مهندسی عمران,دانشگاه صنعتی اصفهان
1395,ریاضی,4805,363,منطقه 3,مهندسی شیمی,دانشگاه علم و صنعت ایران - تهران
1395,ریاضی,4805,363,منطقه 3,مهندسی مکانیک,دانشگاه صنعتی اصفهان
1395,ریاضی,4805,2803,منطقه 1,مهندسی مواد و متالور‍ژی,دانشگاه صنعتی خواجه نصیرالدین طوسی - تهران
1395,ریاضی,4805,2803,منطقه 1,مهندسی کامپیوتر,دانشگاه خوارزمی - تهران (محل تحصیل کرج)
1395,ریاضی,4811,2807,منطقه 1,مدیریت صنعتی,دانشگاه علامه طباطبایی - تهران
1395,ریاضی,4811,2807,منطقه 1,مهندسی مکانیک,دانشگاه شیراز
1395,ریاضی,4816,2810,منطقه 1,مهندسی صنایع,دانشگاه الزهرا(س) - تهران
1395,ریاضی,4822,1549,منطقه 2,مهندسی برق,دانشگاه صنعتی اصفهان
1395,ریاضی,4830,366,منطقه 3,علوم کامپیوتر,دانشگاه صنعتی شریف - تهران
1395,ریاضی,4830,366,منطقه 3,مهندسی پزشکی,دانشگاه صنعتی امیرکبیر - تهران
1395,ریاضی,4830,1550,منطقه 2,مهندسی مکانیک,دانشگاه شیراز
1395,ریاضی,4841,1553,منطقه 2,مهندسی برق,دانشگاه صنعتی اصفهان
1395,ریاضی,4841,1553,منطقه 2,مهندسی برق,دانشگاه فردوسی - مشهد
1395,ریاضی,4847,1557,منطقه 2,مهندسی مواد و متالور‍ژی,دانشگاه صنعتی امیرکبیر - تهران
1395,ریاضی,4847,1557,منطقه 2,مهندسی مواد و متالور‍ژی,دانشگاه صنعتی خواجه نصیرالدین طوسی - تهران
1395,ریاضی,4850,1559,منطقه 2,مهندسی عمران,دانشگاه صنعتی بابل
1395,ریاضی,4850,2828,منطقه 1,روانشناسی,دانشگاه فردوسی - مشهد
1395,ریاضی,4850,2828,منطقه 1,مهندسی صنایع,دانشگاه فردوسی - مشهد
1395,ریاضی,4858,369,منطقه 3,مهندسی مکانیک,دانشگاه صنعتی خواجه نصیرالدین طوسی - تهران
1395,ریاضی,4858,1562,منطقه 2,مهندسی شیمی,دانشگاه صنعتی اصفهان
1395,ریاضی,4858,1562,منطقه 2,مهندسی عمران,دانشگاه قم
1395,ریاضی,4858,1562,منطقه 2,مهندسی مکانیک - بومی استان خراسان رضوی,دانشگاه تربیت دبیر شهید رجایی - تهران (رشته های دارای تعهد به آموزش و پرورش)
1395,ریاضی,4858,1562,منطقه 2,مهندسی کامپیوتر - بومی استان چهارمحال وبختیاری,دانشگاه تربیت دبیر شهید رجایی - تهران (رشته های دارای تعهد به آموزش و پرورش)
1395,ریاضی,4867,2838,منطقه 1,علوم اقتصادی,دانشگاه تهران
1395,ریاضی,4871,1566,منطقه 2,مهندسی شیمی,دانشگاه صنعتی اصفهان
1395,ریاضی,4871,1566,منطقه 2,مهندسی عمران,دانشگاه سمنان
1395,ریاضی,4873,1568,منطقه 2,مهندسی مکانیک,دانشگاه اصفهان
1395,ریاضی,4879,1570,منطقه 2,مهندسی مکانیک,دانشگاه شیراز
1395,ریاضی,4879,2846,منطقه 1,مهندسی برق,دانشگاه شاهد - تهران
1395,ریاضی,4883,1572,منطقه 2,مهندسی شیمی,دانشگاه صنعتی اصفهان
1395,ریاضی,4883,1572,منطقه 2,مهندسی مکانیک,دانشگاه اصفهان
1395,ریاضی,4889,1576,منطقه 2,مهندسی صنایع,دانشگاه صنعتی اصفهان
1395,ریاضی,4889,1576,منطقه 2,مهندسی مکانیک,دانشگاه فردوسی - مشهد
1395,ریاضی,4895,370,منطقه 3,مهندسی پزشکی,دانشگاه صنعتی امیرکبیر - تهران
1395,ریاضی,4901,1581,منطقه 2,مهندسی برق,دانشگاه شیراز
1395,ریاضی,4901,1581,منطقه 2,مهندسی برق - بومی استان خراسان شمالی,دانشگاه تربیت دبیر شهید رجایی - تهران (رشته های دارای تعهد به آموزش و پرورش)
1395,ریاضی,4907,1584,منطقه 2,مهندسی صنایع,دانشگاه خوارزمی - تهران (محل تحصیل کرج)
1395,ریاضی,4907,1584,منطقه 2,مهندسی معماری,دانشگاه فردوسی - مشهد
1395,ریاضی,4913,1588,منطقه 2,مهندسی صنایع,دانشگاه یزد
1395,ریاضی,4913,1588,منطقه 2,مهندسی عمران,دانشگاه صنعتی اصفهان
1395,ریاضی,4913,1588,منطقه 2,مهندسی مکانیک,دانشگاه اصفهان
1395,ریاضی,4913,1588,منطقه 2,مهندسی مکانیک - بومی استان اصفهان,دانشگاه تربیت دبیر شهید رجایی - تهران (رشته های دارای تعهد به آموزش و پرورش)
1395,ریاضی,4913,1588,منطقه 2,مهندسی پزشکی,دانشگاه اصفهان
1395,ریاضی,4913,2860,منطقه 1,فیزیک,دانشگاه صنعتی امیرکبیر - تهران
1395,ریاضی,4920,1591,منطقه 2,مهندسی برق - مهندسی الکترونیک هواپیمایی,مرکز آموزش عالی هوانوردی و فرودگاهی کشور
1395,ریاضی,4920,1591,منطقه 2,مهندسی کامپیوتر,دانشگاه اصفهان
1395,ریاضی,4920,2864,منطقه 1,مهندسی پزشکی,دانشگاه شاهد - تهران
1395,ریاضی,4926,1593,منطقه 2,مهندسی مکانیک,دانشگاه فردوسی - مشهد
1395,ریاضی,4926,2868,منطقه 1,مهندسی برق - مهندسی الکترونیک هواپیمایی,مرکز آموزش عالی هوانوردی و فرودگاهی کشور
1395,ریاضی,4926,2868,منطقه 1,مهندسی خط و سازه های ریلی,دانشگاه علم و صنعت ایران - تهران
1395,ریاضی,4931,2872,منطقه 1,مهندسی مکانیک,دانشگاه تبریز
1395,ریاضی,4936,1596,منطقه 2,دکترای پیوسته فیزیک,مرکز تحصیلات تکمیلی در علوم پایه زنجان
1395,ریاضی,4942,1598,منطقه 2,مهندسی کامپیوتر,دانشگاه صنعتی شیراز
1395,ریاضی,4942,2879,منطقه 1,مهندسی برق,دانشگاه فردوسی - مشهد
1395,ریاضی,4942,2879,منطقه 1,مهندسی معماری,دانشگاه هنر اصفهان
1395,ریاضی,4949,1601,منطقه 2,مهندسی برق,دانشگاه شیراز
1395,ریاضی,4956,1604,منطقه 2,مهندسی مکانیک,دانشگاه تبریز
1395,ریاضی,4956,1604,منطقه 2,مهندسی هوا فضا,دانشگاه فردوسی - مشهد
1395,ریاضی,4956,1604,منطقه 2,مهندسی کامپیوتر,دانشگاه اصفهان
1395,ریاضی,4963,1607,منطقه 2,مهندسی مکانیک,دانشگاه اصفهان
1395,ریاضی,4968,371,منطقه 3,مهندسی صنایع,دانشگاه علم و صنعت ایران - تهران
1395,ریاضی,4968,1610,منطقه 2,روانشناسی,دانشگاه شهید بهشتی - تهران
1395,ریاضی,4968,1610,منطقه 2,مهندسی معماری - بومی استان اصفهان,دانشگاه تربیت دبیر شهید رجایی - تهران (رشته های دارای تعهد به آموزش و پرورش)
1395,ریاضی,4968,1610,منطقه 2,مهندسی مواد و متالور‍ژی,دانشگاه علم و صنعت ایران - تهران
1395,ریاضی,4973,1613,منطقه 2,مهندسی کامپیوتر - بومی استان کردستان,دانشگاه تربیت دبیر شهید رجایی - تهران (رشته های دارای تعهد به آموزش و پرورش)
1395,ریاضی,4977,1615,منطقه 2,مهندسی برق,دانشگاه اصفهان
1395,ریاضی,4982,1617,منطقه 2,مهندسی عمران,دانشگاه صنعتی اصفهان
1395,ریاضی,4989,1622,منطقه 2,مهندسی شیمی,دانشگاه شیراز
1395,ریاضی,4989,1622,منطقه 2,مهندسی شیمی,دانشگاه صنعتی اصفهان
1395,ریاضی,4989,1622,منطقه 2,مهندسی مکانیک,دانشگاه الزهرا(س) - تهران
1395,ریاضی,4994,1625,منطقه 2,مهندسی پزشکی - بومی استان هرمزگان,دانشگاه صنعتی امیرکبیر - تهران
1395,ریاضی,4998,2906,منطقه 1,ریاضیات و کاربردها,دانشگاه تهران
1395,ریاضی,4998,2906,منطقه 1,مهندسی مکانیک,دانشگاه شیراز
1395,ریاضی,5005,1628,منطقه 2,مهندسی برق - بومی استان همدان,دانشگاه تربیت دبیر شهید رجایی - تهران (رشته های دارای تعهد به آموزش و پرورش)
1395,ریاضی,5005,2911,منطقه 1,مهندسی مکانیک,دانشگاه فردوسی - مشهد
1395,ریاضی,5012,372,منطقه 3,مهندسی برق - بومی استان خراسان رضوی,دانشگاه تربیت دبیر شهید رجایی - تهران (رشته های دارای تعهد به آموزش و پرورش)
1395,ریاضی,5012,1630,منطقه 2,مهندسی برق - بومی استان قم,دانشگاه تربیت دبیر شهید رجایی - تهران (رشته های دارای تعهد به آموزش و پرورش)
1395,ریاضی,5012,1630,منطقه 2,مهندسی صنایع,دانشگاه خوارزمی - تهران (محل تحصیل کرج)
1395,ریاضی,5019,97,ایثارگران,مهندسی عمران,دانشگاه صنعتی شریف - تهران
1395,ریاضی,5019,373,منطقه 3,مهندسی پلیمر,دانشگاه تهران
1395,ریاضی,5023,1634,منطقه 2,مهندسی برق,دانشگاه یزد
1395,ریاضی,5028,98,ایثارگران,مهندسی عمران,دانشگاه صنعتی شریف - تهران
1395,ریاضی,5028,2923,منطقه 1,مهندسی صنایع,دانشگاه خوارزمی - تهران (محل تحصیل کرج)
1395,ریاضی,5033,1636,منطقه 2,علوم کامپیوتر,دانشگاه شهید بهشتی - تهران
1395,ریاضی,5033,1636,منطقه 2,مهندسی نساجی,دانشگاه صنعتی امیرکبیر - تهران
1395,ریاضی,5044,374,منطقه 3,مهندسی شیمی,دانشگاه صنعتی اصفهان
1395,ریاضی,5050,375,منطقه 3,آموزش ریاضی - بومی استان خوزستان,پردیس فاطمه الزهرا (س) - اهواز
1395,ریاضی,5050,1643,منطقه 2,مهندسی کامپیوتر - بومی استان همدان,دانشگاه تربیت دبیر شهید رجایی - تهران (رشته های دارای تعهد به آموزش و پرورش)
1395,ریاضی,5063,1647,منطقه 2,مهندسی پزشکی,دانشگاه اصفهان
1395,ریاضی,5072,2947,منطقه 1,مهندسی شیمی,دانشگاه صنعتی اصفهان
1395,ریاضی,5077,99,ایثارگران,مهندسی مکانیک,دانشگاه تهران
1395,ریاضی,5077,1651,منطقه 2,مهندسی شیمی,دانشگاه صنعتی اصفهان
1395,ریاضی,5077,1651,منطقه 2,مهندسی مواد و متالور‍ژی,دانشگاه علم و صنعت ایران - تهران
1395,ریاضی,5077,2950,منطقه 1,مهندسی مکانیک,دانشگاه اصفهان
1395,ریاضی,5100,1657,منطقه 2,مهندسی معماری,دانشگاه یزد
1395,ریاضی,5100,1657,منطقه 2,مهندسی پزشکی,دانشگاه اصفهان
1395,ریاضی,5107,381,منطقه 3,مهندسی نفت,دانشگاه صنعت نفت (محل تحصیل اهواز)
1395,ریاضی,5107,1660,منطقه 2,مهندسی کامپیوتر - بومی شهرستانهای استان تهران,دانشگاه تربیت دبیر شهید رجایی - تهران (رشته های دارای تعهد به آموزش و پرورش)
1395,ریاضی,5116,1662,منطقه 2,مهندسی عمران,دانشگاه کاشان
1395,ریاضی,5116,2972,منطقه 1,مهندسی برق,دانشگاه فردوسی - مشهد
1395,ریاضی,5122,1665,منطقه 2,مهندسی برق,دانشگاه صنعتی بابل
1395,ریاضی,5122,2975,منطقه 1,مهندسی صنایع,دانشگاه فردوسی - مشهد
1395,ریاضی,5127,2979,منطقه 1,مهندسی شیمی,دانشگاه فردوسی - مشهد
1395,ریاضی,5136,1668,منطقه 2,مهندسی کامپیوتر,دانشگاه اصفهان
1395,ریاضی,5136,2985,منطقه 1,مهندسی مکانیک,دانشگاه تبریز
1395,ریاضی,5141,1669,منطقه 2,مهندسی کامپیوتر,دانشگاه زنجان
1395,ریاضی,5146,2992,منطقه 1,مهندسی برق,دانشگاه تبریز
1395,ریاضی,5153,383,منطقه 3,مهندسی برق - بومی استان خراسان جنوبی,دانشگاه تربیت دبیر شهید رجایی - تهران (رشته های دارای تعهد به آموزش و پرورش)
1395,ریاضی,5153,1674,منطقه 2,مهندسی صنایع,دانشگاه صنعتی اصفهان
1395,ریاضی,5159,1675,منطقه 2,مهندسی مکانیک,دانشگاه صنعتی شریف - تهران
1395,ریاضی,5159,1675,منطقه 2,مهندسی مکانیک,دانشگاه یزد
1395,ریاضی,5165,1677,منطقه 2,مهندسی معماری,دانشگاه هنر اصفهان
1395,ریاضی,5171,388,منطقه 3,مهندسی برق,دانشگاه صنعتی خواجه نصیرالدین طوسی - تهران
1395,ریاضی,5171,388,منطقه 3,مهندسی مکانیک,دانشگاه شیراز
1395,ریاضی,5171,388,منطقه 3,مهندسی نفت,دانشگاه صنعت نفت (محل تحصیل آبادان)
1395,ریاضی,5171,1680,منطقه 2,مهندسی برق,دانشگاه شهید باهنر - کرمان
1395,ریاضی,5179,391,منطقه 3,دکترای پیوسته فیزیک,مرکز تحصیلات تکمیلی در علوم پایه زنجان
1395,ریاضی,5179,391,منطقه 3,مهندسی کامپیوتر,دانشگاه فردوسی - مشهد
1395,ریاضی,5185,1684,منطقه 2,مهندسی کامپیوتر,دانشگاه تهران (محل تحصیل قم)
1395,ریاضی,5190,102,ایثارگران,مهندسی برق,دانشگاه صنعتی شریف - تهران
1395,ریاضی,5190,3011,منطقه 1,مهندسی صنایع,دانشگاه صنعتی اصفهان
1395,ریاضی,5195,393,منطقه 3,مهندسی خودرو - بومی استان خراسان شمالی,دانشگاه تربیت دبیر شهید رجایی - تهران (رشته های دارای تعهد به آموزش و پرورش)
1395,ریاضی,5195,393,منطقه 3,مهندسی مکانیک,دانشگاه اصفهان
1395,ریاضی,5198,1688,منطقه 2,مهندسی نفت,دانشگاه صنعت نفت (محل تحصیل اهواز)
1395,ریاضی,5201,105,ایثارگران,مهندسی کامپیوتر,دانشگاه تهران
1395,ریاضی,5201,1689,منطقه 2,مهندسی صنایع,دانشگاه صنعتی اصفهان
1395,ریاضی,5201,3014,منطقه 1,مهندسی کامپیوتر,دانشگاه شاهد - تهران
1395,ریاضی,5207,1690,منطقه 2,مهندسی کامپیوتر,دانشگاه زنجان
1395,ریاضی,5207,3018,منطقه 1,مهندسی برق,دانشگاه شیراز
1395,ریاضی,5217,1694,منطقه 2,مهندسی عمران,دانشگاه صنعتی اصفهان
1395,ریاضی,5217,3024,منطقه 1,مهندسی شیمی,دانشگاه فردوسی - مشهد
1395,ریاضی,5217,3024,منطقه 1,مهندسی پزشکی,دانشگاه اصفهان
1395,ریاضی,5222,3027,منطقه 1,مهندسی مکانیک,دانشگاه تبریز
1395,ریاضی,5231,1698,منطقه 2,علوم مهندسی,دانشگاه تهران
1395,ریاضی,5231,1698,منطقه 2,مهندسی برق,دانشگاه کاشان
1395,ریاضی,5239,1702,منطقه 2,مهندسی عمران,دانشگاه شهید چمران اهواز
1395,ریاضی,5239,1702,منطقه 2,مهندسی معماری,دانشگاه مازندران - بابلسر
1395,ریاضی,5239,1702,منطقه 2,مهندسی معماری,دانشگاه هنر (محل تحصیل پردیس کرج)
1395,ریاضی,5239,1702,منطقه 2,مهندسی مکانیک,دانشگاه کردستان - سنندج
1395,ریاضی,5244,1706,منطقه 2,فیزیک,دانشگاه صنعتی امیرکبیر - تهران
1395,ریاضی,5244,1706,منطقه 2,مهندسی برق,دانشگاه شیراز
1395,ریاضی,5244,1706,منطقه 2,مهندسی مکانیک,دانشگاه تبریز
1395,ریاضی,5250,1710,منطقه 2,مهندسی برق,دانشگاه شیراز
1395,ریاضی,5250,3040,منطقه 1,مهندسی ماشینهای ریلی,دانشگاه علم و صنعت ایران - تهران
1395,ریاضی,5257,1713,منطقه 2,مهندسی خط و سازه های ریلی,دانشگاه علم و صنعت ایران - تهران
1395,ریاضی,5257,1713,منطقه 2,مهندسی عمران,دانشگاه اصفهان
1395,ریاضی,5257,1713,منطقه 2,مهندسی عمران - بومی استان فارس,دانشگاه تربیت دبیر شهید رجایی - تهران (رشته های دارای تعهد به آموزش و پرورش)
1395,ریاضی,5257,3045,منطقه 1,آمار و کاربردها,دانشگاه تهران
1395,ریاضی,5263,1716,منطقه 2,مهندسی برق,دانشگاه شهید باهنر - کرمان
1395,ریاضی,5269,1718,منطقه 2,مدیریت دولتی,دانشگاه شهید بهشتی - تهران
1395,ریاضی,5269,1718,منطقه 2,مهندسی برق,دانشگاه شیراز
1395,ریاضی,5269,3050,منطقه 1,مهندسی کامپیوتر,دانشگاه صنعتی شریف - تهران
1395,ریاضی,5273,397,منطقه 3,مهندسی مکانیک,دانشگاه صنعتی خواجه نصیرالدین طوسی - تهران
1395,ریاضی,5273,1720,منطقه 2,مهندسی برق,دانشگاه شیراز
1395,ریاضی,5285,398,منطقه 3,مهندسی هوا فضا,دانشگاه صنعتی خواجه نصیرالدین طوسی - تهران
1395,ریاضی,5285,1724,منطقه 2,مهندسی شیمی,دانشگاه صنعتی اصفهان
1395,ریاضی,5285,1724,منطقه 2,مهندسی عمران,دانشگاه صنعتی بابل
1395,ریاضی,5285,1724,منطقه 2,مهندسی معدن,دانشگاه تهران
1395,ریاضی,5293,400,منطقه 3,مهندسی صنایع,دانشگاه صنعتی خواجه نصیرالدین طوسی - تهران
1395,ریاضی,5293,1728,منطقه 2,مهندسی کامپیوتر,دانشگاه اصفهان
1395,ریاضی,5301,1732,منطقه 2,مهندسی عمران,دانشگاه صنعتی اصفهان
1395,ریاضی,5304,1734,منطقه 2,مهندسی خودرو - بومی استان اذربایجان غربی,دانشگاه تربیت دبیر شهید رجایی - تهران (رشته های دارای تعهد به آموزش و پرورش)
1395,ریاضی,5313,403,منطقه 3,مهندسی کامپیوتر - بومی استان قزوین,دانشگاه تربیت دبیر شهید رجایی - تهران (رشته های دارای تعهد به آموزش و پرورش)
1395,ریاضی,5313,1736,منطقه 2,مهندسی شیمی,دانشگاه صنعتی اصفهان
1395,ریاضی,5315,1738,منطقه 2,مهندسی مکانیک,دانشگاه کاشان
1395,ریاضی,5315,3069,منطقه 1,مهندسی مکانیک,دانشگاه الزهرا(س) - تهران
1395,ریاضی,5322,1740,منطقه 2,مهندسی صنایع,دانشگاه بوعلی سینا - همدان
1395,ریاضی,5322,1740,منطقه 2,مهندسی عمران,دانشگاه صنعتی اصفهان
1395,ریاضی,5322,1740,منطقه 2,مهندسی کامپیوتر,دانشگاه اصفهان
1395,ریاضی,5322,3074,منطقه 1,مهندسی عمران,دانشگاه شیراز
1395,ریاضی,5322,3074,منطقه 1,مهندسی کامپیوتر,دانشگاه شاهد - تهران
1395,ریاضی,5330,404,منطقه 3,مهندسی صنایع,دانشگاه تبریز
1395,ریاضی,5330,3080,منطقه 1,مهندسی برق,دانشگاه فردوسی - مشهد
1395,ریاضی,5336,405,منطقه 3,مهندسی نفت,دانشگاه صنعت نفت (محل تحصیل اهواز)
1395,ریاضی,5336,1742,منطقه 2,مهندسی مواد و متالور‍ژی,دانشگاه فردوسی - مشهد
1395,ریاضی,5339,1744,منطقه 2,مهندسی برق,دانشگاه الزهرا(س) - تهران
1395,ریاضی,5342,1745,منطقه 2,مهندسی برق,دانشگاه صنعتی بابل
1395,ریاضی,5348,406,منطقه 3,مهندسی پزشکی,دانشگاه صنعتی امیرکبیر - تهران
1395,ریاضی,5348,1747,منطقه 2,مهندسی ماشینهای ریلی,دانشگاه علم و صنعت ایران - تهران
1395,ریاضی,5348,1747,منطقه 2,مهندسی معماری,دانشکده فنی وحرفه ای دختران تهران (دکتر شریعتی)
1395,ریاضی,5348,3090,منطقه 1,مهندسی معدن,دانشگاه صنعتی امیرکبیر - تهران
1395,ریاضی,5356,1750,منطقه 2,مهندسی پزشکی,دانشگاه اصفهان
1395,ریاضی,5356,3094,منطقه 1,مهندسی برق,دانشگاه تبریز
1395,ریاضی,5356,3094,منطقه 1,مهندسی عمران,دانشگاه صنعتی بابل
1395,ریاضی,5363,1754,منطقه 2,آموزش ریاضی - بومی استان خراسان شمالی,پردیس نسیبه - تهران
1395,ریاضی,5363,1754,منطقه 2,آموزش فیزیک - بومی استان خراسان رضوی,پردیس شهید بهشتی - مشهد
1395,ریاضی,5363,1754,منطقه 2,مهندسی عمران,دانشگاه صنعتی بابل
1395,ریاضی,5363,3097,منطقه 1,مهندسی نساجی,دانشگاه صنعتی امیرکبیر - تهران
1395,ریاضی,5369,407,منطقه 3,مهندسی برق,دانشگاه شیراز
1395,ریاضی,5374,3103,منطقه 1,مهندسی معماری,دانشگاه هنر اصفهان
1395,ریاضی,5381,1759,منطقه 2,روانشناسی,دانشگاه فردوسی - مشهد
1395,ریاضی,5387,1762,منطقه 2,مهندسی صنایع,دانشگاه صنعتی اصفهان
1395,ریاضی,5387,3112,منطقه 1,مهندسی کامپیوتر,دانشگاه شیراز
1395,ریاضی,5393,408,منطقه 3,دکترای پیوسته فیزیک,مرکز تحصیلات تکمیلی در علوم پایه زنجان
1395,ریاضی,5393,408,منطقه 3,مهندسی برق,دانشگاه تبریز
1395,ریاضی,5393,1764,منطقه 2,مهندسی پزشکی,دانشگاه اصفهان
1395,ریاضی,5400,1766,منطقه 2,مهندسی برق,دانشگاه فردوسی - مشهد
1395,ریاضی,5400,3118,منطقه 1,مهندسی صنایع,دانشگاه صنعتی اصفهان
1395,ریاضی,5413,108,ایثارگران,مهندسی شیمی,دانشگاه صنعتی امیرکبیر - تهران (محل تحصیل بندر ماهشهر)
1395,ریاضی,5413,1769,منطقه 2,مهندسی صنایع,دانشگاه صنعتی اصفهان
1395,ریاضی,5413,3127,منطقه 1,مهندسی معماری,دانشگاه تبریز
1395,ریاضی,5423,3135,منطقه 1,مهندسی عمران,دانشگاه اصفهان
1395,ریاضی,5431,1772,منطقه 2,مهندسی عمران,دانشگاه صنعتی اصفهان
1395,ریاضی,5438,1775,منطقه 2,مهندسی برق,دانشگاه شیراز
1395,ریاضی,5438,1775,منطقه 2,مهندسی عمران,دانشگاه صنعتی اصفهان
1395,ریاضی,5444,1777,منطقه 2,مهندسی شهرسازی,دانشگاه هنر (محل تحصیل پردیس کرج)
1395,ریاضی,5451,1778,منطقه 2,مهندسی مکانیک,دانشگاه یزد
1395,ریاضی,5455,3155,منطقه 1,مهندسی کامپیوتر,دانشگاه فردوسی - مشهد
1395,ریاضی,5458,1780,منطقه 2,مهندسی برق,دانشگاه بین المللی امام خمینی(ره) - قزوین
1395,ریاضی,5458,1780,منطقه 2,مهندسی مکانیک,دانشگاه صنعتی بابل
1395,ریاضی,5463,413,منطقه 3,مهندسی پلیمر,دانشگاه صنعتی امیرکبیر - تهران
1395,ریاضی,5463,1783,منطقه 2,آموزش ابتدایی - بومی استان خراسان رضوی,پردیس شهید هاشمی نژاد - مشهد
1395,ریاضی,5473,1785,منطقه 2,مهندسی کامپیوتر,دانشگاه صنعتی بابل
1395,ریاضی,5473,3165,منطقه 1,مهندسی کامپیوتر,دانشگاه الزهرا(س) - تهران
1395,ریاضی,5478,1786,منطقه 2,مهندسی شیمی,دانشگاه صنعتی اصفهان
1395,ریاضی,5478,1786,منطقه 2,مهندسی صنایع,دانشگاه صنعتی اصفهان
1395,ریاضی,5485,415,منطقه 3,مهندسی شیمی,دانشگاه صنعتی امیرکبیر - تهران (محل تحصیل بندر ماهشهر)
1395,ریاضی,5485,1789,منطقه 2,مهندسی مواد و متالور‍ژی,دانشگاه صنعتی خواجه نصیرالدین طوسی - تهران
1395,ریاضی,5485,1789,منطقه 2,مهندسی مکانیک,دانشگاه شهید چمران اهواز
1395,ریاضی,5485,1789,منطقه 2,مهندسی پزشکی,دانشگاه اصفهان
1395,ریاضی,5492,1792,منطقه 2,مهندسی مکانیک,دانشگاه گیلان - رشت
1395,ریاضی,5492,3176,منطقه 1,مهندسی مکانیک,دانشگاه فردوسی - مشهد
1395,ریاضی,5498,1795,منطقه 2,مهندسی کامپیوتر,دانشگاه تبریز
1395,ریاضی,5503,1798,منطقه 2,دکترای پیوسته فیزیک,مرکز تحصیلات تکمیلی در علوم پایه زنجان
1395,ریاضی,5509,3185,منطقه 1,مهندسی عمران,دانشگاه غیرانتفاعی علم و فرهنگ - تهران
1395,ریاضی,5516,1803,منطقه 2,مهندسی برق,دانشگاه فردوسی - مشهد
1395,ریاضی,5516,1803,منطقه 2,مهندسی مکانیک,دانشگاه الزهرا(س) - تهران
1395,ریاضی,5516,3187,منطقه 1,مهندسی برق,دانشگاه فردوسی - مشهد
1395,ریاضی,5516,3187,منطقه 1,مهندسی مکانیک,دانشگاه غیرانتفاعی علم و فرهنگ - تهران
1395,ریاضی,5525,1807,منطقه 2,مهندسی شیمی,دانشگاه فردوسی - مشهد
1395,ریاضی,5525,3190,منطقه 1,مهندسی پزشکی,دانشگاه اصفهان
1395,ریاضی,5532,1812,منطقه 2,آموزش فیزیک - بومی استان خراسان رضوی,پردیس شهید بهشتی - مشهد
1395,ریاضی,5532,1812,منطقه 2,فیزیک,دانشگاه صنعتی امیرکبیر - تهران
1395,ریاضی,5532,1812,منطقه 2,مهندسی برق - مهندسی الکترونیک هواپیمایی,مرکز آموزش عالی هوانوردی و فرودگاهی کشور
1395,ریاضی,5532,1812,منطقه 2,مهندسی پزشکی,دانشگاه اصفهان
1395,ریاضی,5538,1816,منطقه 2,مهندسی مکانیک,دانشگاه اصفهان
1395,ریاضی,5538,1816,منطقه 2,مهندسی کامپیوتر,دانشگاه بین المللی امام خمینی(ره) - قزوین
1395,ریاضی,5538,1816,منطقه 2,مهندسی کامپیوتر,دانشگاه تهران (محل تحصیل قم)
1395,ریاضی,5538,3194,منطقه 1,آموزش فیزیک - بومی استان اصفهان,پردیس شهید باهنر - اصفهان
1395,ریاضی,5544,417,منطقه 3,مهندسی برق - بومی استان خراسان رضوی,دانشگاه تربیت دبیر شهید رجایی - تهران (رشته های دارای تعهد به آموزش و پرورش)
1395,ریاضی,5544,1819,منطقه 2,آموزش فیزیک - بومی استان فارس,پردیس فاطمه الزهرا (س) - اصفهان
1395,ریاضی,5549,419,منطقه 3,مهندسی برق - بومی استان کرمان,دانشگاه تربیت دبیر شهید رجایی - تهران (رشته های دارای تعهد به آموزش و پرورش)
1395,ریاضی,5549,1821,منطقه 2,مهندسی برق,دانشگاه کاشان
1395,ریاضی,5549,1821,منطقه 2,مهندسی شیمی,دانشگاه صنعتی اصفهان
1395,ریاضی,5549,1821,منطقه 2,مهندسی مکانیک,دانشگاه اصفهان
1395,ریاضی,5549,1821,منطقه 2,مهندسی مکانیک - بومی استان قم,دانشگاه تربیت دبیر شهید رجایی - تهران (رشته های دارای تعهد به آموزش و پرورش)
1395,ریاضی,5553,1824,منطقه 2,مهندسی شیمی,دانشگاه صنعتی اصفهان
1395,ریاضی,5553,1824,منطقه 2,مهندسی عمران,دانشگاه اصفهان
1395,ریاضی,5553,3198,منطقه 1,مهندسی برق,دانشگاه اصفهان
1395,ریاضی,5559,1826,منطقه 2,مهندسی مکانیک - بومی استان خراسان رضوی,دانشگاه تربیت دبیر شهید رجایی - تهران (رشته های دارای تعهد به آموزش و پرورش)
1395,ریاضی,5564,3205,منطقه 1,مهندسی کامپیوتر,دانشگاه تهران (محل تحصیل قم)
1395,ریاضی,5570,1828,منطقه 2,مهندسی برق,دانشگاه شیراز
1395,ریاضی,5570,1828,منطقه 2,مهندسی عمران,دانشگاه صنعتی بابل
1395,ریاضی,5570,1828,منطقه 2,مهندسی مکانیک,دانشگاه اصفهان
1395,ریاضی,5570,3209,منطقه 1,مهندسی برق,دانشگاه تبریز
1395,ریاضی,5577,1831,منطقه 2,مدیریت مالی,دانشگاه تهران (محل تحصیل قم)
1395,ریاضی,5577,1831,منطقه 2,مهندسی برق,دانشگاه شیراز
1395,ریاضی,5577,3213,منطقه 1,مهندسی کامپیوتر,دانشگاه الزهرا(س) - تهران
1395,ریاضی,5582,1833,منطقه 2,مهندسی مکانیک,دانشگاه فردوسی - مشهد
1395,ریاضی,5582,3214,منطقه 1,مهندسی مکانیک,دانشگاه تبریز
1395,ریاضی,5590,1836,منطقه 2,مهندسی شیمی,دانشگاه صنعتی اصفهان
1395,ریاضی,5590,3219,منطقه 1,مهندسی مکانیک,دانشگاه تبریز
1395,ریاضی,5597,423,منطقه 3,مهندسی صنایع,دانشگاه فردوسی - مشهد
1395,ریاضی,5597,1838,منطقه 2,مهندسی شیمی,دانشگاه فردوسی - مشهد
1395,ریاضی,5597,3224,منطقه 1,مهندسی عمران,دانشگاه اصفهان
1395,ریاضی,5602,3228,منطقه 1,مهندسی شیمی,دانشگاه صنعتی اصفهان
1395,ریاضی,5607,1839,منطقه 2,مهندسی شیمی,دانشگاه صنعتی اصفهان
1395,ریاضی,5607,3232,منطقه 1,مهندسی مکانیک,دانشگاه تبریز
1395,ریاضی,5612,3235,منطقه 1,مهندسی ماشینهای ریلی,دانشگاه علم و صنعت ایران - تهران
1395,ریاضی,5617,424,منطقه 3,مهندسی کامپیوتر,دانشگاه صنعتی خواجه نصیرالدین طوسی - تهران
1395,ریاضی,5623,1846,منطقه 2,آموزش فیزیک - بومی استان اصفهان,پردیس فاطمه الزهرا (س) - اصفهان
1395,ریاضی,5623,3240,منطقه 1,مهندسی کامپیوتر,دانشگاه شیراز
1395,ریاضی,5629,3246,منطقه 1,مهندسی مکانیک,دانشگاه الزهرا(س) - تهران
1395,ریاضی,5642,426,منطقه 3,مهندسی برق,دانشگاه صنعتی خواجه نصیرالدین طوسی - تهران
1395,ریاضی,5642,1852,منطقه 2,مهندسی برق,دانشگاه صنعت نفت (محل تحصیل اهواز)
1395,ریاضی,5642,1852,منطقه 2,مهندسی مکانیک,دانشگاه بوعلی سینا - همدان
1395,ریاضی,5646,1854,منطقه 2,مهندسی خودرو - بومی استان مازندران,دانشگاه تربیت دبیر شهید رجایی - تهران (رشته های دارای تعهد به آموزش و پرورش)
1395,ریاضی,5651,1857,منطقه 2,مهندسی مکانیک,دانشگاه تبریز
1395,ریاضی,5651,1857,منطقه 2,مهندسی مکانیک,دانشگاه صنعتی بابل
1395,ریاضی,5660,428,منطقه 3,مهندسی خودرو - بومی استان خراسان جنوبی,دانشگاه تربیت دبیر شهید رجایی - تهران (رشته های دارای تعهد به آموزش و پرورش)
1395,ریاضی,5660,1862,منطقه 2,مهندسی برق,دانشگاه شیراز
1395,ریاضی,5660,1862,منطقه 2,مهندسی صنایع,دانشگاه صنعتی اصفهان
1395,ریاضی,5660,1862,منطقه 2,مهندسی عمران,دانشگاه شیراز
1395,ریاضی,5660,1862,منطقه 2,مهندسی مکانیک,دانشگاه اصفهان
1395,ریاضی,5660,1862,منطقه 2,مهندسی مکانیک,دانشگاه بوعلی سینا - همدان
1395,ریاضی,5660,1862,منطقه 2,مهندسی کامپیوتر,دانشگاه شیراز
1395,ریاضی,5669,3262,منطقه 1,مهندسی صنایع,دانشگاه الزهرا(س) - تهران
1395,ریاضی,5676,1868,منطقه 2,مهندسی کامپیوتر,دانشگاه بین المللی امام خمینی(ره) - قزوین
1395,ریاضی,5682,1870,منطقه 2,مهندسی مکانیک,دانشگاه صنعت نفت (محل تحصیل اهواز)
1395,ریاضی,5682,3270,منطقه 1,مهندسی مکانیک,دانشگاه اصفهان
1395,ریاضی,5687,1871,منطقه 2,مهندسی کامپیوتر,دانشگاه تهران (محل تحصیل قم)
1395,ریاضی,5687,3274,منطقه 1,مهندسی مکانیک,دانشگاه تبریز
1395,ریاضی,5693,431,منطقه 3,مهندسی کامپیوتر,دانشگاه شهید بهشتی - تهران
1395,ریاضی,5707,1878,منطقه 2,مهندسی برق,دانشگاه شیراز
1395,ریاضی,5707,3282,منطقه 1,مهندسی برق,دانشگاه تبریز
1395,ریاضی,5713,1880,منطقه 2,مهندسی برق - بومی استان خراسان رضوی,دانشگاه تربیت دبیر شهید رجایی - تهران (رشته های دارای تعهد به آموزش و پرورش)
1395,ریاضی,5713,3287,منطقه 1,مهندسی صنایع,دانشگاه صنعتی اصفهان
1395,ریاضی,5720,1883,منطقه 2,مهندسی علمی کاربردی عمران - گرایش آب و فاضلاب,دانشگاه شهید بهشتی (شهیدعباسپور)
1395,ریاضی,5727,1887,منطقه 2,مهندسی مواد و متالور‍ژی,دانشگاه صنعتی اصفهان
1395,ریاضی,5727,3294,منطقه 1,مهندسی شیمی,دانشگاه شیراز
1395,ریاضی,5731,1889,منطقه 2,مهندسی معماری - بومی استان خراسان رضوی,دانشگاه تربیت دبیر شهید رجایی - تهران (رشته های دارای تعهد به آموزش و پرورش)
1395,ریاضی,5736,434,منطقه 3,مهندسی کامپیوتر,دانشگاه تبریز
1395,ریاضی,5743,1892,منطقه 2,مهندسی صنایع,دانشگاه صنعتی اصفهان
1395,ریاضی,5743,3303,منطقه 1,مهندسی کامپیوتر,دانشگاه الزهرا(س) - تهران
1395,ریاضی,5753,435,منطقه 3,آموزش ریاضی - بومی استان گلستان,پردیس آیت الله خامنه ای - گرگان
1395,ریاضی,5753,1896,منطقه 2,مهندسی شیمی,دانشگاه شیراز
1395,ریاضی,5753,1896,منطقه 2,مهندسی صنایع,دانشگاه صنعتی اصفهان
1395,ریاضی,5753,1896,منطقه 2,مهندسی معدن,دانشگاه صنعتی امیرکبیر - تهران
1395,ریاضی,5753,1896,منطقه 2,مهندسی کامپیوتر,دانشگاه یزد
1395,ریاضی,5767,1900,منطقه 2,مهندسی مواد و متالور‍ژی,دانشگاه صنعتی اصفهان
1395,ریاضی,5771,1901,منطقه 2,مهندسی کامپیوتر,دانشگاه سمنان
1395,ریاضی,5771,3319,منطقه 1,مهندسی عمران,دانشگاه غیرانتفاعی علم و فرهنگ - تهران
1395,ریاضی,5771,3319,منطقه 1,مهندسی مکانیک,دانشگاه تبریز
1395,ریاضی,5777,3323,منطقه 1,مهندسی مکانیک,دانشگاه تبریز
1395,ریاضی,5783,436,منطقه 3,مهندسی برق,دانشگاه شهید باهنر - کرمان
1395,ریاضی,5794,437,منطقه 3,مهندسی کامپیوتر,دانشگاه تبریز
1395,ریاضی,5799,1906,منطقه 2,مهندسی عمران,دانشگاه صنعتی بابل
1395,ریاضی,5799,1906,منطقه 2,مهندسی مکانیک - بومی استان اصفهان,دانشگاه تربیت دبیر شهید رجایی - تهران (رشته های دارای تعهد به آموزش و پرورش)
1395,ریاضی,5805,1909,منطقه 2,مهندسی مکانیک,دانشگاه صنعت نفت (محل تحصیل اهواز)
1395,ریاضی,5811,1913,منطقه 2,آموزش ابتدایی - بومی استان کردستان,پردیس بنت الهدی صدر - سنندج
1395,ریاضی,5811,1913,منطقه 2,مهندسی شیمی,دانشگاه صنعتی اصفهان
1395,ریاضی,5818,438,منطقه 3,آموزش فیزیک - بومی استان کردستان,پردیس نسیبه - تهران
1395,ریاضی,5818,1917,منطقه 2,مهندسی نفت,دانشگاه شیراز
1395,ریاضی,5824,439,منطقه 3,آمزش ابتدایی - بومی استان اذربایجان شرقی,پردیس فاطمه الزهرا (س) - تبریز
1395,ریاضی,5830,1921,منطقه 2,آموزش ریاضی - بومی استان تهران,پردیس شهید چمران - تهران
1395,ریاضی,5830,1921,منطقه 2,مهندسی برق,دانشگاه شیراز
1395,ریاضی,5830,3353,منطقه 1,مهندسی برق,دانشگاه شیراز
1395,ریاضی,5835,1923,منطقه 2,مهندسی شیمی,دانشگاه اصفهان
1395,ریاضی,5835,3356,منطقه 1,مهندسی کامپیوتر,دانشگاه شاهد - تهران
1395,ریاضی,5840,1925,منطقه 2,مهندسی مکانیک,دانشگاه فردوسی - مشهد
1395,ریاضی,5840,3359,منطقه 1,مهندسی برق,دانشگاه فردوسی - مشهد
1395,ریاضی,5840,3359,منطقه 1,مهندسی کامپیوتر,دانشگاه اصفهان
1395,ریاضی,5846,440,منطقه 3,مهندسی مکانیک,دانشگاه فردوسی - مشهد
1395,ریاضی,5846,1927,منطقه 2,مهندسی نفت,دانشگاه صنعت نفت (محل تحصیل اهواز)
1395,ریاضی,5853,3367,منطقه 1,مهندسی شیمی,دانشگاه صنعتی اصفهان
1395,ریاضی,5861,1931,منطقه 2,مهندسی برق,دانشگاه اصفهان
1395,ریاضی,5861,1931,منطقه 2,مهندسی مکانیک - بومی استان خراسان رضوی,دانشگاه تربیت دبیر شهید رجایی - تهران (رشته های دارای تعهد به آموزش و پرورش)
1395,ریاضی,5873,445,منطقه 3,مهندسی کامپیوتر,دانشگاه صنعتی شیراز
1395,ریاضی,5873,1936,منطقه 2,مهندسی برق - مهندسی مخابرات هوا پیمایی,مرکز آموزش عالی هوانوردی و فرودگاهی کشور
1395,ریاضی,5880,446,منطقه 3,مهندسی پزشکی,دانشگاه صنعتی امیرکبیر - تهران
1395,ریاضی,5880,446,منطقه 3,مهندسی کامپیوتر,دانشگاه فردوسی - مشهد
1395,ریاضی,5886,448,منطقه 3,مهندسی برق,دانشگاه شهید بهشتی - تهران
1395,ریاضی,5886,1937,منطقه 2,مهندسی مکانیک,دانشگاه فردوسی - مشهد
1395,ریاضی,5886,3385,منطقه 1,مهندسی مکانیک,دانشگاه یزد
1395,ریاضی,5892,449,منطقه 3,آموزش ابتدایی - بومی استان کردستان,پردیس شهید مدرس - سنندج
1395,ریاضی,5892,1939,منطقه 2,مهندسی صنایع,دانشگاه صنعتی اصفهان
1395,ریاضی,5892,1939,منطقه 2,مهندسی عمران,دانشگاه صنعتی بابل
1395,ریاضی,5898,1943,منطقه 2,مهندسی صنایع,دانشگاه صنعتی قم
1395,ریاضی,5906,451,منطقه 3,مهندسی دریا,دانشگاه صنعتی شریف - تهران
1395,ریاضی,5906,451,منطقه 3,مهندسی مواد و متالور‍ژی,دانشگاه صنعتی شریف - تهران
1395,ریاضی,5906,1946,منطقه 2,مهندسی شیمی,دانشگاه فردوسی - مشهد
1395,ریاضی,5912,1949,منطقه 2,مهندسی حمل و نقل ریلی,دانشگاه علم و صنعت ایران - تهران
1395,ریاضی,5912,1949,منطقه 2,مهندسی شیمی,دانشگاه صنعتی اصفهان
1395,ریاضی,5912,1949,منطقه 2,مهندسی عمران,دانشگاه تبریز
1395,ریاضی,5919,119,ایثارگران,مهندسی مکانیک,دانشگاه تهران
1395,ریاضی,5919,453,منطقه 3,آموزش فیزیک - بومی استان هرمزگان,پردیس شهید رجایی - شیراز
1395,ریاضی,5919,453,منطقه 3,مهندسی پلیمر,دانشگاه صنعتی امیرکبیر - تهران
1395,ریاضی,5919,1952,منطقه 2,آموزش ریاضی - بومی استان اصفهان,پردیس شهید باهنر - شیراز
1395,ریاضی,5927,1955,منطقه 2,فیزیک,دانشگاه علم و صنعت ایران - تهران
1395,ریاضی,5927,3399,منطقه 1,مهندسی عمران,دانشگاه اصفهان
1395,ریاضی,5931,455,منطقه 3,مهندسی پزشکی,دانشگاه اصفهان
1395,ریاضی,5936,456,منطقه 3,مهندسی پلیمر,دانشگاه صنعتی امیرکبیر - تهران
1395,ریاضی,5936,1958,منطقه 2,مهندسی شیمی,دانشگاه صنعتی اصفهان
1395,ریاضی,5942,457,منطقه 3,مهندسی انرژی,دانشگاه صنعتی امیرکبیر - تهران
1395,ریاضی,5942,1960,منطقه 2,مهندسی برق,دانشگاه صنعتی بابل
1395,ریاضی,5948,3410,منطقه 1,مهندسی برق,دانشگاه شیراز
1395,ریاضی,5948,3410,منطقه 1,مهندسی کامپیوتر,دانشگاه صنعتی شریف - تهران
1395,ریاضی,5954,121,ایثارگران,مهندسی برق,دانشگاه تبریز
1395,ریاضی,5954,1963,منطقه 2,مهندسی عمران,دانشگاه صنعتی بابل
1395,ریاضی,5954,1963,منطقه 2,مهندسی کامپیوتر,دانشگاه فردوسی - مشهد
1395,ریاضی,5965,1966,منطقه 2,علوم اقتصادی,دانشگاه تهران
1395,ریاضی,5965,1966,منطقه 2,فیزیک,دانشگاه تهران
1395,ریاضی,5965,1966,منطقه 2,مهندسی عمران - بومی استان فارس,دانشگاه تربیت دبیر شهید رجایی - تهران (رشته های دارای تعهد به آموزش و پرورش)
1395,ریاضی,5965,3418,منطقه 1,مهندسی عمران,دانشگاه اصفهان
1395,ریاضی,5974,1970,منطقه 2,مهندسی عمران,دانشگاه صنعتی بابل
1395,ریاضی,5974,3422,منطقه 1,مهندسی مکانیک,دانشگاه فردوسی - مشهد
1395,ریاضی,5981,1973,منطقه 2,مهندسی مواد و متالور‍ژی,دانشگاه علم و صنعت ایران - تهران
1395,ریاضی,5987,1975,منطقه 2,مهندسی برق,دانشگاه الزهرا(س) - تهران
1395,ریاضی,5992,1978,منطقه 2,مهندسی برق,دانشگاه تبریز
1395,ریاضی,5997,3435,منطقه 1,مهندسی مکانیک,دانشگاه صنعتی شریف - تهران
1395,ریاضی,6003,1983,منطقه 2,مهندسی مکانیک,دانشگاه الزهرا(س) - تهران
1395,ریاضی,6010,125,ایثارگران,مهندسی برق,دانشگاه صنعتی شریف - تهران
1395,ریاضی,6010,460,منطقه 3,آموزش ریاضی - بومی استان خراسان شمالی,پردیس شهید بهشتی - مشهد
1395,ریاضی,6018,3447,منطقه 1,مهندسی معدن,دانشگاه تهران
1395,ریاضی,6032,462,منطقه 3,مهندسی مواد و متالور‍ژی,دانشگاه صنعتی شریف - تهران
1395,ریاضی,6032,462,منطقه 3,مهندسی کامپیوتر,دانشگاه اصفهان
1395,ریاضی,6032,1989,منطقه 2,آموزش ابتدایی - بومی استان مازندران,پردیس فاطمه الزهرا(س) ساری
1395,ریاضی,6040,464,منطقه 3,مهندسی عمران,دانشگاه شهید بهشتی (شهیدعباسپور)
1395,ریاضی,6040,464,منطقه 3,مهندسی پزشکی,دانشگاه صنعتی امیرکبیر - تهران
1395,ریاضی,6040,1993,منطقه 2,مهندسی برق,دانشگاه بین المللی امام خمینی(ره) - قزوین
1395,ریاضی,6048,1995,منطقه 2,مهندسی برق,دانشگاه الزهرا(س) - تهران
1395,ریاضی,6048,1995,منطقه 2,مهندسی برق - بومی استان قم,دانشگاه تربیت دبیر شهید رجایی - تهران (رشته های دارای تعهد به آموزش و پرورش)
1395,ریاضی,6054,469,منطقه 3,مهندسی عمران - بومی استان یزد,دانشگاه تربیت دبیر شهید رجایی - تهران (رشته های دارای تعهد به آموزش و پرورش)
1395,ریاضی,6057,471,منطقه 3,مهندسی نفت,دانشگاه صنعت نفت (محل تحصیل اهواز)
1395,ریاضی,6061,1997,منطقه 2,مهندسی خودرو - بومی استان همدان,دانشگاه تربیت دبیر شهید رجایی - تهران (رشته های دارای تعهد به آموزش و پرورش)
1395,ریاضی,6067,472,منطقه 3,آمزش ابتدایی - بومی استان اصفهان,پردیس فاطمه الزهرا (س) - اصفهان
1395,ریاضی,6067,472,منطقه 3,مهندسی مکانیک - بومی استان گلستان,دانشگاه تربیت دبیر شهید رجایی - تهران (رشته های دارای تعهد به آموزش و پرورش)
1395,ریاضی,6067,1999,منطقه 2,مهندسی شیمی,دانشگاه اصفهان
1395,ریاضی,6075,3475,منطقه 1,مهندسی عمران,دانشگاه اصفهان
1395,ریاضی,6085,476,منطقه 3,مهندسی کامپیوتر - بومی استان اذربایجان غربی,دانشگاه تربیت دبیر شهید رجایی - تهران (رشته های دارای تعهد به آموزش و پرورش)
1395,ریاضی,6085,2003,منطقه 2,مهندسی عمران,دانشگاه فردوسی - مشهد
1395,ریاضی,6085,2003,منطقه 2,مهندسی معماری,دانشگاه بین المللی امام خمینی(ره) - قزوین
1395,ریاضی,6093,2006,منطقه 2,مهندسی مکانیک,دانشگاه بین المللی امام خمینی(ره) - قزوین
1395,ریاضی,6096,2008,منطقه 2,مهندسی مکانیک,دانشگاه فردوسی - مشهد
1395,ریاضی,6110,477,منطقه 3,فیزیک,دانشگاه صنعتی شریف - تهران
1395,ریاضی,6110,477,منطقه 3,مهندسی معماری - بومی استان خراسان رضوی,دانشگاه تربیت دبیر شهید رجایی - تهران (رشته های دارای تعهد به آموزش و پرورش)
1395,ریاضی,6110,2012,منطقه 2,مهندسی شیمی,دانشگاه صنعتی اصفهان
1395,ریاضی,6110,2012,منطقه 2,مهندسی شیمی,دانشگاه صنعتی امیرکبیر - تهران (محل تحصیل بندر ماهشهر)
1395,ریاضی,6110,2012,منطقه 2,مهندسی کامپیوتر,دانشگاه صنعتی بابل
1395,ریاضی,6110,3495,منطقه 1,مهندسی برق,دانشگاه اصفهان
1395,ریاضی,6110,3495,منطقه 1,مهندسی مکانیک,دانشگاه تبریز
1395,ریاضی,6126,479,منطقه 3,مهندسی برق,دانشگاه صنعتی اصفهان
1395,ریاضی,6126,2016,منطقه 2,مهندسی عمران,دانشگاه صنعتی قم
1395,ریاضی,6132,2018,منطقه 2,آموزش فیزیک - بومی استان خراسان رضوی,پردیس شهید بهشتی - مشهد
1395,ریاضی,6132,2018,منطقه 2,مهندسی برق,دانشگاه فردوسی - مشهد
1395,ریاضی,6132,2018,منطقه 2,مهندسی مکانیک - بومی استان سمنان,دانشگاه تربیت دبیر شهید رجایی - تهران (رشته های دارای تعهد به آموزش و پرورش)
1395,ریاضی,6132,2018,منطقه 2,مهندسی کامپیوتر,دانشگاه فردوسی - مشهد
1395,ریاضی,6141,2021,منطقه 2,مهندسی کامپیوتر,دانشگاه اصفهان
1395,ریاضی,6141,2021,منطقه 2,مهندسی کامپیوتر,دانشگاه صنعتی بابل
1395,ریاضی,6147,482,منطقه 3,مهندسی برق,دانشگاه تبریز
1395,ریاضی,6153,2024,منطقه 2,آموزش ریاضی - بومی استان کردستان,پردیس شهید مدرس - سنندج
1395,ریاضی,6153,2024,منطقه 2,مهندسی دریا,دانشگاه صنعتی امیرکبیر - تهران
1395,ریاضی,6159,2027,منطقه 2,مهندسی مکانیک,دانشگاه بین المللی امام خمینی(ره) - قزوین
1395,ریاضی,6164,2029,منطقه 2,مهندسی برق,دانشگاه فردوسی - مشهد
1395,ریاضی,6169,2031,منطقه 2,مهندسی برق,دانشگاه بین المللی امام خمینی(ره) - قزوین
1395,ریاضی,6169,2031,منطقه 2,مهندسی تعمیر و نگهداری هواپیما,مرکز آموزش عالی هوانوردی و فرودگاهی کشور
1395,ریاضی,6175,2033,منطقه 2,مهندسی برق,دانشگاه فردوسی - مشهد
1395,ریاضی,6175,2033,منطقه 2,مهندسی مکانیک,دانشگاه صنعتی قم
1395,ریاضی,6183,487,منطقه 3,مهندسی پلیمر,دانشگاه صنعتی امیرکبیر - تهران
1395,ریاضی,6183,2036,منطقه 2,مهندسی شیمی,دانشگاه صنعتی اصفهان
1395,ریاضی,6183,2036,منطقه 2,مهندسی مکانیک,دانشگاه یزد
1395,ریاضی,6191,488,منطقه 3,مهندسی هوا فضا,دانشگاه صنعتی خواجه نصیرالدین طوسی - تهران
1395,ریاضی,6197,3540,منطقه 1,ریاضیات و کاربردها,دانشگاه صنعتی امیرکبیر - تهران
1395,ریاضی,6201,489,منطقه 3,آموزش فیزیک - بومی استان کرمان,پردیس فاطمه الزهرا (س) - اصفهان
1395,ریاضی,6212,490,منطقه 3,مهندسی مکانیک,دانشگاه فردوسی - مشهد
1395,ریاضی,6212,2043,منطقه 2,مهندسی برق - بومی استان فارس,دانشگاه تربیت دبیر شهید رجایی - تهران (رشته های دارای تعهد به آموزش و پرورش)
1395,ریاضی,6212,2043,منطقه 2,مهندسی عمران,دانشگاه صنعتی شریف - تهران
1395,ریاضی,6218,2045,منطقه 2,مهندسی برق,دانشگاه بین المللی امام خمینی(ره) - قزوین
1395,ریاضی,6223,492,منطقه 3,مهندسی نفت,دانشگاه صنعت نفت (محل تحصیل آبادان)
1395,ریاضی,6232,2048,منطقه 2,مهندسی کامپیوتر,دانشگاه تبریز
1395,ریاضی,6232,3563,منطقه 1,مهندسی برق,دانشگاه تبریز
1395,ریاضی,6241,494,منطقه 3,مهندسی برق - بومی استان اذربایجان شرقی,دانشگاه تربیت دبیر شهید رجایی - تهران (رشته های دارای تعهد به آموزش و پرورش)
1395,ریاضی,6241,2051,منطقه 2,مهندسی کامپیوتر,مرکز تحصیلات تکمیلی در علوم پایه زنجان
1395,ریاضی,6249,2055,منطقه 2,مهندسی مکانیک,دانشگاه فردوسی - مشهد
1395,ریاضی,6249,2055,منطقه 2,مهندسی نفت,دانشگاه شیراز
1395,ریاضی,6259,2058,منطقه 2,مهندسی شیمی,دانشگاه صنعتی اصفهان
1395,ریاضی,6266,2060,منطقه 2,مهندسی معماری,دانشگاه بوعلی سینا - همدان
1395,ریاضی,6272,3584,منطقه 1,مهندسی کامپیوتر - بومی شهر تهران,دانشگاه تربیت دبیر شهید رجایی - تهران (رشته های دارای تعهد به آموزش و پرورش)
1395,ریاضی,6280,2067,منطقه 2,معماری داخلی,دانشگاه هنر (محل تحصیل پردیس کرج)
1395,ریاضی,6280,2067,منطقه 2,مهندسی کامپیوتر,دانشگاه اصفهان
1395,ریاضی,6280,2067,منطقه 2,مهندسی کامپیوتر,دانشگاه شیراز
1395,ریاضی,6280,3589,منطقه 1,مهندسی مکانیک,دانشگاه غیرانتفاعی علم و فرهنگ - تهران
1395,ریاضی,6288,2071,منطقه 2,مهندسی مواد و متالور‍ژی,دانشگاه صنعتی اصفهان
1395,ریاضی,6288,2071,منطقه 2,مهندسی کامپیوتر,دانشگاه فردوسی - مشهد
1395,ریاضی,6294,2073,منطقه 2,مهندسی معدن,دانشگاه تهران
1395,ریاضی,6294,2073,منطقه 2,مهندسی مکانیک,دانشگاه تبریز
1395,ریاضی,6301,2076,منطقه 2,مهندسی برق,دانشگاه شیراز
1395,ریاضی,6306,500,منطقه 3,مهندسی صنایع,دانشگاه صنعتی بابل
1395,ریاضی,6310,501,منطقه 3,مهندسی نفت,دانشگاه صنعت نفت (محل تحصیل آبادان)
1395,ریاضی,6317,2080,منطقه 2,مهندسی مکانیک,دانشگاه گیلان - رشت
1395,ریاضی,6317,3606,منطقه 1,مدیریت دولتی,دانشگاه شهید بهشتی - تهران
1395,ریاضی,6328,503,منطقه 3,مهندسی مواد و متالور‍ژی,دانشگاه صنعتی شریف - تهران
1395,ریاضی,6328,2083,منطقه 2,مهندسی خط و سازه های ریلی,دانشگاه علم و صنعت ایران - تهران
1395,ریاضی,6328,2083,منطقه 2,مهندسی معماری - بومی استان فارس,دانشگاه تربیت دبیر شهید رجایی - تهران (رشته های دارای تعهد به آموزش و پرورش)
1395,ریاضی,6328,3613,منطقه 1,مهندسی برق,دانشگاه اصفهان
1395,ریاضی,6335,504,منطقه 3,مهندسی مکانیک,دانشگاه شهید بهشتی (شهیدعباسپور)
1395,ریاضی,6344,506,منطقه 3,مهندسی برق - بومی استان خراسان رضوی,دانشگاه تربیت دبیر شهید رجایی - تهران (رشته های دارای تعهد به آموزش و پرورش)
1395,ریاضی,6344,2090,منطقه 2,مهندسی برق,دانشگاه شیراز
1395,ریاضی,6344,2090,منطقه 2,مهندسی معماری - بومی استان گیلان,دانشگاه تربیت دبیر شهید رجایی - تهران (رشته های دارای تعهد به آموزش و پرورش)
1395,ریاضی,6344,2090,منطقه 2,مهندسی مواد و متالور‍ژی,دانشگاه صنعتی اصفهان
1395,ریاضی,6344,2090,منطقه 2,مهندسی مکانیک,دانشگاه بین المللی امام خمینی(ره) - قزوین
1395,ریاضی,6354,2093,منطقه 2,مهندسی برق - بومی استان یزد,دانشگاه تربیت دبیر شهید رجایی - تهران (رشته های دارای تعهد به آموزش و پرورش)
1395,ریاضی,6354,2093,منطقه 2,مهندسی شیمی,دانشگاه صنعتی امیرکبیر - تهران (محل تحصیل بندر ماهشهر)
1395,ریاضی,6363,3632,منطقه 1,مهندسی شیمی,دانشگاه شیراز
1395,ریاضی,6363,3632,منطقه 1,مهندسی کامپیوتر,دانشگاه شیراز
1395,ریاضی,6372,508,منطقه 3,مهندسی برق,دانشگاه تبریز
1395,ریاضی,6378,2098,منطقه 2,آموزش فیزیک - بومی استان خراسان جنوبی,پردیس شهید بهشتی - مشهد
1395,ریاضی,6383,509,منطقه 3,مهندسی شیمی,دانشگاه صنعتی امیرکبیر - تهران (محل تحصیل بندر ماهشهر)
1395,ریاضی,6391,510,منطقه 3,مهندسی شیمی,دانشگاه صنعتی اصفهان
1395,ریاضی,6397,2104,منطقه 2,مهندسی عمران,دانشگاه یزد
1395,ریاضی,6397,2104,منطقه 2,مهندسی کامپیوتر - بومی استان زنجان,دانشگاه تربیت دبیر شهید رجایی - تهران (رشته های دارای تعهد به آموزش و پرورش)
1395,ریاضی,6403,133,ایثارگران,مهندسی مکانیک,دانشگاه شیراز
1395,ریاضی,6410,2109,منطقه 2,مهندسی کامپیوتر,دانشگاه اصفهان
1395,ریاضی,6410,3658,منطقه 1,مهندسی عمران,دانشگاه بوعلی سینا - همدان
1395,ریاضی,6419,512,منطقه 3,مهندسی پلیمر,دانشگاه صنعتی امیرکبیر - تهران
1395,ریاضی,6419,3663,منطقه 1,حسابداری,دانشگاه اصفهان
1395,ریاضی,6419,3663,منطقه 1,مهندسی کامپیوتر,دانشگاه تهران (محل تحصیل قم)
1395,ریاضی,6426,3667,منطقه 1,مهندسی برق,دانشگاه تبریز
1395,ریاضی,6426,3667,منطقه 1,مهندسی معماری,دانشگاه بوعلی سینا - همدان
1395,ریاضی,6434,134,ایثارگران,مهندسی کامپیوتر,دانشگاه تهران
1395,ریاضی,6434,514,منطقه 3,مهندسی عمران - بومی استان لرستان,دانشگاه تربیت دبیر شهید رجایی - تهران (رشته های دارای تعهد به آموزش و پرورش)
1395,ریاضی,6434,514,منطقه 3,مهندسی پلیمر,دانشگاه صنعتی امیرکبیر - تهران
1395,ریاضی,6434,2116,منطقه 2,مهندسی برق,دانشگاه اصفهان
1395,ریاضی,6434,2116,منطقه 2,مهندسی معماری,دانشگاه فردوسی - مشهد
1395,ریاضی,6434,3671,منطقه 1,مهندسی برق,دانشگاه فردوسی - مشهد
1395,ریاضی,6434,3671,منطقه 1,مهندسی عمران,دانشگاه غیرانتفاعی علم و فرهنگ - تهران
1395,ریاضی,6444,517,منطقه 3,مهندسی برق - بومی استان اذربایجان شرقی,دانشگاه تربیت دبیر شهید رجایی - تهران (رشته های دارای تعهد به آموزش و پرورش)
1395,ریاضی,6444,517,منطقه 3,مهندسی مکانیک,دانشگاه صنعت نفت (محل تحصیل اهواز)
1395,ریاضی,6444,2119,منطقه 2,مهندسی معماری,دانشگاه صنعتی بابل
1395,ریاضی,6444,2119,منطقه 2,مهندسی مکانیک,دانشگاه تبریز
1395,ریاضی,6444,2119,منطقه 2,مهندسی نفت,دانشگاه صنعت نفت (محل تحصیل آبادان)
1395,ریاضی,6444,3675,منطقه 1,مهندسی برق,دانشگاه تبریز
1395,ریاضی,6449,519,منطقه 3,مهندسی مکانیک,دانشگاه شیراز
1395,ریاضی,6453,2122,منطقه 2,مهندسی مواد و متالور‍ژی,دانشگاه صنعتی خواجه نصیرالدین طوسی - تهران
1395,ریاضی,6459,2123,منطقه 2,مهندسی کامپیوتر,دانشگاه فردوسی - مشهد
1395,ریاضی,6459,3682,منطقه 1,مهندسی برق,دانشگاه بین المللی امام خمینی(ره) - قزوین
1395,ریاضی,6472,520,منطقه 3,مهندسی نفت,دانشگاه صنعت نفت (محل تحصیل اهواز)
1395,ریاضی,6472,2127,منطقه 2,مهندسی عمران,دانشگاه اصفهان
1395,ریاضی,6477,2129,منطقه 2,مهندسی مکانیک,دانشگاه تبریز
1395,ریاضی,6482,2132,منطقه 2,مهندسی برق,دانشگاه اصفهان
1395,ریاضی,6482,2132,منطقه 2,مهندسی تعمیر و نگهداری هواپیما,مرکز آموزش عالی هوانوردی و فرودگاهی کشور
1395,ریاضی,6482,2132,منطقه 2,مهندسی عمران,دانشگاه شیراز
1395,ریاضی,6482,3694,منطقه 1,مهندسی برق,دانشگاه شاهد - تهران
1395,ریاضی,6491,2137,منطقه 2,مهندسی مکانیک,دانشگاه کاشان
1395,ریاضی,6491,2137,منطقه 2,مهندسی کامپیوتر,دانشگاه زنجان
1395,ریاضی,6500,522,منطقه 3,مهندسی برق - مهندسی مخابرات هوا پیمایی,مرکز آموزش عالی هوانوردی و فرودگاهی کشور
1395,ریاضی,6505,523,منطقه 3,مهندسی کامپیوتر,دانشگاه اصفهان
1395,ریاضی,6505,3703,منطقه 1,مهندسی کامپیوتر,دانشگاه شیراز
1395,ریاضی,6512,2146,منطقه 2,علوم کامپیوتر,دانشگاه خوارزمی - تهران (محل تحصیل کرج)
1395,ریاضی,6512,2146,منطقه 2,مهندسی علمی کاربردی عمران - گرایش آب و فاضلاب,دانشگاه شهید بهشتی (شهیدعباسپور)
1395,ریاضی,6518,524,منطقه 3,آموزش ریاضی - بومی استان خوزستان,پردیس فاطمه الزهرا (س) - اهواز
1395,ریاضی,6518,2149,منطقه 2,مهندسی صنایع,دانشگاه تبریز
1395,ریاضی,6518,2149,منطقه 2,مهندسی نفت,دانشگاه صنعت نفت (محل تحصیل اهواز)
1395,ریاضی,6518,3709,منطقه 1,مهندسی معماری,دانشکده فنی وحرفه ای دختران تهران (دکتر شریعتی)
1395,ریاضی,6526,2153,منطقه 2,مهندسی شیمی,دانشگاه فردوسی - مشهد
1395,ریاضی,6534,2157,منطقه 2,مهندسی مکانیک,دانشگاه قم
1395,ریاضی,6534,2157,منطقه 2,مهندسی مکانیک,دانشگاه کاشان
1395,ریاضی,6534,3715,منطقه 1,مهندسی شیمی,دانشگاه فردوسی - مشهد
1395,ریاضی,6542,2160,منطقه 2,مهندسی عمران,دانشگاه الزهرا(س) - تهران
1395,ریاضی,6542,2160,منطقه 2,مهندسی مکانیک,دانشگاه گیلان - رشت
1395,ریاضی,6542,2160,منطقه 2,مهندسی پلیمر,دانشگاه صنعتی امیرکبیر - تهران
1395,ریاضی,6542,3719,منطقه 1,مهندسی مکانیک,دانشگاه تبریز
1395,ریاضی,6550,2163,منطقه 2,مهندسی کامپیوتر,دانشگاه زنجان
1395,ریاضی,6550,3724,منطقه 1,مهندسی برق - بومی استان خراسان رضوی,دانشگاه تربیت دبیر شهید رجایی - تهران (رشته های دارای تعهد به آموزش و پرورش)
1395,ریاضی,6550,3724,منطقه 1,مهندسی مکانیک,دانشگاه فردوسی - مشهد
1395,ریاضی,6556,3727,منطقه 1,مهندسی کامپیوتر,دانشگاه اصفهان
1395,ریاضی,6560,2167,منطقه 2,آموزش فیزیک - بومی استان مرکزی,پردیس نسیبه - تهران
1395,ریاضی,6573,2171,منطقه 2,مهندسی برق,دانشگاه شیراز
1395,ریاضی,6578,138,ایثارگران,مهندسی برق,دانشگاه صنعتی شریف - تهران
1395,ریاضی,6578,531,منطقه 3,علوم کامپیوتر,دانشگاه تهران
1395,ریاضی,6578,2173,منطقه 2,مهندسی کامپیوتر,دانشگاه تبریز
1395,ریاضی,6585,533,منطقه 3,آموزش ابتدایی - بومی استان کرمان,پردیس خواجه نصیرالدین طوسی - کرمان
1395,ریاضی,6585,2176,منطقه 2,مهندسی برق,دانشگاه تبریز
1395,ریاضی,6592,2178,منطقه 2,مهندسی عمران,دانشگاه صنعتی بابل
1395,ریاضی,6602,535,منطقه 3,آموزش فیزیک - بومی استان خراسان رضوی,پردیس نسیبه - تهران
1395,ریاضی,6602,535,منطقه 3,مهندسی کامپیوتر - بومی استان اردبیل,دانشگاه تربیت دبیر شهید رجایی - تهران (رشته های دارای تعهد به آموزش و پرورش)
1395,ریاضی,6602,2183,منطقه 2,مهندسی مکانیک,دانشگاه بوعلی سینا - همدان
1395,ریاضی,6606,537,منطقه 3,مهندسی عمران,دانشگاه فردوسی - مشهد
1395,ریاضی,6606,2185,منطقه 2,مهندسی مکانیک,دانشگاه تبریز
1395,ریاضی,6613,2187,منطقه 2,مهندسی نفت,دانشگاه صنعت نفت (محل تحصیل آبادان)
1395,ریاضی,6621,2190,منطقه 2,مهندسی شیمی,دانشگاه صنعتی اصفهان
1395,ریاضی,6621,2190,منطقه 2,مهندسی مکانیک,دانشگاه صنعتی بابل
1395,ریاضی,6621,2190,منطقه 2,مهندسی کامپیوتر,دانشگاه شیراز
1395,ریاضی,6627,2194,منطقه 2,مهندسی برق,دانشگاه تبریز
1395,ریاضی,6627,3757,منطقه 1,مهندسی کامپیوتر,دانشگاه فردوسی - مشهد
1395,ریاضی,6635,2199,منطقه 2,روانشناسی,دانشگاه الزهرا(س) - تهران
1395,ریاضی,6635,2199,منطقه 2,مهندسی صنایع,دانشگاه یزد
1395,ریاضی,6642,2204,منطقه 2,مهندسی معدن,دانشگاه تهران
1395,ریاضی,6642,3761,منطقه 1,مهندسی شیمی,دانشگاه صنعتی اصفهان
1395,ریاضی,6647,2207,منطقه 2,آموزش فیزیک - بومی استان خراسان شمالی,پردیس شهید بهشتی - مشهد
1395,ریاضی,6647,2207,منطقه 2,مهندسی برق,دانشگاه شیراز
1395,ریاضی,6647,2207,منطقه 2,مهندسی عمران,دانشگاه بجنورد
1395,ریاضی,6647,3763,منطقه 1,مهندسی کامپیوتر,دانشگاه شیراز
1395,ریاضی,6655,540,منطقه 3,مهندسی برق,دانشگاه تبریز
1395,ریاضی,6655,2210,منطقه 2,ریاضیات و کاربردها,دانشگاه صنعتی امیرکبیر - تهران
1395,ریاضی,6664,2213,منطقه 2,آموزش ریاضی - بومی استان خراسان شمالی,پردیس شهید بهشتی - مشهد
1395,ریاضی,6664,2213,منطقه 2,مهندسی برق,دانشگاه اصفهان
1395,ریاضی,6677,542,منطقه 3,آموزش فیزیک - بومی استان اذربایجان شرقی,پردیس علامه امینی - تبریز
1395,ریاضی,6677,542,منطقه 3,مهندسی برق,دانشگاه تبریز
1395,ریاضی,6677,2217,منطقه 2,مهندسی شیمی,دانشگاه صنعتی اصفهان
1395,ریاضی,6677,2217,منطقه 2,مهندسی مکانیک,دانشگاه بین المللی امام خمینی(ره) - قزوین
1395,ریاضی,6677,2217,منطقه 2,مهندسی مکانیک,دانشگاه زنجان
1395,ریاضی,6683,2219,منطقه 2,مهندسی مکانیک,دانشگاه کاشان
1395,ریاضی,6683,3783,منطقه 1,مهندسی پزشکی,دانشگاه اصفهان
1395,ریاضی,6687,544,منطقه 3,مهندسی برق,دانشگاه شیراز
1395,ریاضی,6687,2220,منطقه 2,مهندسی برق,دانشگاه رازی کرمانشاه
1395,ریاضی,6691,2223,منطقه 2,مهندسی خودرو - بومی استان مازندران,دانشگاه تربیت دبیر شهید رجایی - تهران (رشته های دارای تعهد به آموزش و پرورش)
1395,ریاضی,6691,2223,منطقه 2,مهندسی شیمی,دانشگاه صنعت نفت (محل تحصیل اهواز)
1395,ریاضی,6691,2223,منطقه 2,مهندسی عمران,دانشگاه کاشان
1395,ریاضی,6697,546,منطقه 3,مهندسی برق,دانشگاه رازی کرمانشاه
1395,ریاضی,6705,2227,منطقه 2,مهندسی معماری - بومی استان خراسان رضوی,دانشگاه تربیت دبیر شهید رجایی - تهران (رشته های دارای تعهد به آموزش و پرورش)
1395,ریاضی,6705,2227,منطقه 2,مهندسی مکانیک,دانشگاه الزهرا(س) - تهران
1395,ریاضی,6714,549,منطقه 3,مهندسی خودرو - بومی استان اذربایجان غربی,دانشگاه تربیت دبیر شهید رجایی - تهران (رشته های دارای تعهد به آموزش و پرورش)
1395,ریاضی,6714,3797,منطقه 1,مهندسی عمران,دانشگاه یزد
1395,ریاضی,6723,551,منطقه 3,آموزش فیزیک - بومی استان گلستان,پردیس شهید بهشتی - مشهد
1395,ریاضی,6723,551,منطقه 3,مهندسی پزشکی,دانشگاه اصفهان
1395,ریاضی,6723,2234,منطقه 2,مهندسی مکانیک,دانشگاه بوعلی سینا - همدان
1395,ریاضی,6723,2234,منطقه 2,مهندسی کامپیوتر,دانشگاه تهران (محل تحصیل فومن گیلان)
1395,ریاضی,6723,2234,منطقه 2,مهندسی کامپیوتر,دانشگاه صنعتی بابل
1395,ریاضی,6737,2240,منطقه 2,مهندسی معماری - بومی استان خراسان رضوی,دانشگاه تربیت دبیر شهید رجایی - تهران (رشته های دارای تعهد به آموزش و پرورش)
1395,ریاضی,6737,2240,منطقه 2,مهندسی مکانیک,دانشگاه یزد
1395,ریاضی,6737,2240,منطقه 2,مهندسی کامپیوتر,دانشگاه فردوسی - مشهد
1395,ریاضی,6746,2244,منطقه 2,مهندسی مکانیک,دانشگاه تبریز
1395,ریاضی,6746,3810,منطقه 1,فیزیک,دانشگاه علم و صنعت ایران - تهران
1395,ریاضی,6746,3810,منطقه 1,مهندسی عمران,دانشگاه اصفهان
1395,ریاضی,6755,554,منطقه 3,مهندسی کامپیوتر,دانشگاه تبریز
1395,ریاضی,6755,2247,منطقه 2,مهندسی کامپیوتر,دانشگاه اصفهان
1395,ریاضی,6762,556,منطقه 3,مهندسی مواد و متالور‍ژی,دانشگاه تهران
1395,ریاضی,6762,3817,منطقه 1,مهندسی نساجی,دانشگاه صنعتی امیرکبیر - تهران
1395,ریاضی,6770,2255,منطقه 2,مهندسی شیمی,دانشگاه اصفهان
1395,ریاضی,6770,2255,منطقه 2,مهندسی معماری,دانشگاه شهید باهنر - کرمان
1395,ریاضی,6770,2255,منطقه 2,مهندسی معماری,دانشگاه فردوسی - مشهد
1395,ریاضی,6770,2255,منطقه 2,مهندسی مکانیک,دانشگاه صنعت نفت (محل تحصیل اهواز)
1395,ریاضی,6770,2255,منطقه 2,مهندسی کامپیوتر,دانشگاه شیراز
1395,ریاضی,6778,3821,منطقه 1,مهندسی برق,دانشگاه تبریز
1395,ریاضی,6785,558,منطقه 3,مهندسی مکانیک,دانشگاه تبریز
1395,ریاضی,6785,2265,منطقه 2,مهندسی شیمی,دانشگاه صنعتی اصفهان
1395,ریاضی,6785,2265,منطقه 2,مهندسی مکانیک,دانشگاه شهید باهنر - کرمان
1395,ریاضی,6785,2265,منطقه 2,مهندسی کامپیوتر,دانشگاه اصفهان
1395,ریاضی,6792,2269,منطقه 2,آموزش ریاضی - بومی استان اذربایجان شرقی,پردیس فاطمه الزهرا (س) - تبریز
1395,ریاضی,6792,3825,منطقه 1,مهندسی برق,دانشگاه اصفهان
1395,ریاضی,6798,560,منطقه 3,مهندسی پلیمر,دانشگاه صنعتی امیرکبیر - تهران
1395,ریاضی,6798,3828,منطقه 1,مهندسی برق,دانشگاه تبریز
1395,ریاضی,6808,2273,منطقه 2,مهندسی صنایع,دانشگاه فردوسی - مشهد
1395,ریاضی,6818,561,منطقه 3,علوم کامپیوتر,دانشگاه تهران
1395,ریاضی,6818,561,منطقه 3,مهندسی مکانیک,دانشگاه صنعتی بابل
1395,ریاضی,6826,563,منطقه 3,آموزش ابتدایی - بومی استان خراسان جنوبی,پردیس امام سجاد - بیرجند
1395,ریاضی,6826,2278,منطقه 2,مهندسی نفت,دانشگاه صنعت نفت (محل تحصیل اهواز)
1395,ریاضی,6826,2278,منطقه 2,مهندسی کامپیوتر,دانشگاه فردوسی - مشهد
1395,ریاضی,6826,3846,منطقه 1,مهندسی کامپیوتر,دانشگاه صنعتی شیراز
1395,ریاضی,6826,3846,منطقه 1,مهندسی کامپیوتر,دانشگاه فردوسی - مشهد
1395,ریاضی,6834,2280,منطقه 2,مهندسی عمران,دانشگاه شهید چمران اهواز
1395,ریاضی,6834,3851,منطقه 1,مهندسی برق,دانشگاه غیرانتفاعی علم و فرهنگ - تهران
1395,ریاضی,6839,565,منطقه 3,مهندسی برق,دانشگاه فردوسی - مشهد
1395,ریاضی,6839,565,منطقه 3,مهندسی خودرو - بومی استان خراسان جنوبی,دانشگاه تربیت دبیر شهید رجایی - تهران (رشته های دارای تعهد به آموزش و پرورش)
1395,ریاضی,6839,2281,منطقه 2,مهندسی مکانیک,دانشگاه شهید باهنر - کرمان
1395,ریاضی,6846,567,منطقه 3,مهندسی مواد و متالور‍ژی,دانشگاه صنعتی اصفهان
1395,ریاضی,6846,2285,منطقه 2,مهندسی خودرو - بومی استان مازندران,دانشگاه تربیت دبیر شهید رجایی - تهران (رشته های دارای تعهد به آموزش و پرورش)
1395,ریاضی,6846,2285,منطقه 2,مهندسی مکانیک,دانشگاه تبریز
1395,ریاضی,6846,3855,منطقه 1,مهندسی عمران,دانشگاه صنعتی امیرکبیر - تهران
1395,ریاضی,6854,2290,منطقه 2,فیزیک,دانشگاه تهران
1395,ریاضی,6865,2293,منطقه 2,مهندسی کامپیوتر,دانشگاه اصفهان
1395,ریاضی,6869,141,ایثارگران,مهندسی مکانیک,دانشگاه صنعتی امیرکبیر - تهران
1395,ریاضی,6869,2294,منطقه 2,مهندسی شیمی,دانشگاه صنعتی اصفهان
1395,ریاضی,6869,2294,منطقه 2,مهندسی معماری,دانشگاه کاشان
1395,ریاضی,6875,3869,منطقه 1,ریاضیات و کاربردها,دانشگاه صنعتی امیرکبیر - تهران
1395,ریاضی,6883,142,ایثارگران,مهندسی برق,دانشگاه صنعتی شریف - تهران
1395,ریاضی,6883,2297,منطقه 2,مهندسی عمران,دانشگاه یزد
1395,ریاضی,6883,3874,منطقه 1,ریاضیات و کاربردها,دانشگاه صنعتی امیرکبیر - تهران
1395,ریاضی,6883,3874,منطقه 1,مهندسی کامپیوتر,دانشگاه اصفهان
1395,ریاضی,6892,572,منطقه 3,مهندسی مکانیک,دانشگاه صنعتی اصفهان
1395,ریاضی,6898,574,منطقه 3,مهندسی نفت,دانشگاه صنعت نفت (محل تحصیل آبادان)
1395,ریاضی,6898,2298,منطقه 2,مهندسی مکانیک,دانشگاه بین المللی امام خمینی(ره) - قزوین
1395,ریاضی,6902,3886,منطقه 1,مهندسی کامپیوتر,دانشگاه اصفهان
1395,ریاضی,6907,2301,منطقه 2,مهندسی برق,دانشگاه اصفهان
1395,ریاضی,6912,577,منطقه 3,مهندسی انرژی,دانشگاه صنعتی امیرکبیر - تهران
1395,ریاضی,6912,3891,منطقه 1,مهندسی برق,دانشگاه فردوسی - مشهد
1395,ریاضی,6920,578,منطقه 3,مهندسی مکانیک,دانشگاه فردوسی - مشهد
1395,ریاضی,6920,2304,منطقه 2,مهندسی برق,دانشگاه تبریز
1395,ریاضی,6920,2304,منطقه 2,مهندسی برق,دانشگاه حکیم سبزواری - سبزوار
1395,ریاضی,6920,2304,منطقه 2,مهندسی مکانیک,دانشگاه بین المللی امام خمینی(ره) - قزوین
1395,ریاضی,6920,3895,منطقه 1,مهندسی معماری,دانشگاه بوعلی سینا - همدان
1395,ریاضی,6929,579,منطقه 3,علوم کامپیوتر,دانشگاه تهران
1395,ریاضی,6929,579,منطقه 3,مهندسی خودرو - بومی استان سیستان وبلوچستان,دانشگاه تربیت دبیر شهید رجایی - تهران (رشته های دارای تعهد به آموزش و پرورش)
1395,ریاضی,6929,3900,منطقه 1,مهندسی شیمی,دانشگاه اصفهان
1395,ریاضی,6929,3900,منطقه 1,مهندسی عمران,دانشگاه بین المللی امام خمینی(ره) - قزوین
1395,ریاضی,6940,581,منطقه 3,مهندسی معماری,دانشگاه یزد
1395,ریاضی,6940,2310,منطقه 2,مهندسی مکانیک,دانشگاه تهران (محل تحصیل رضوانشهر گیلان)
1395,ریاضی,6940,2310,منطقه 2,مهندسی مکانیک,دانشگاه یزد
1395,ریاضی,6940,2310,منطقه 2,مهندسی مکانیک - بومی استان کرمان,دانشگاه تربیت دبیر شهید رجایی - تهران (رشته های دارای تعهد به آموزش و پرورش)
1395,ریاضی,6949,583,منطقه 3,مهندسی برق,دانشگاه شهید بهشتی (شهیدعباسپور)
1395,ریاضی,6949,3908,منطقه 1,مهندسی مکانیک,دانشگاه فردوسی - مشهد
1395,ریاضی,6953,584,منطقه 3,مهندسی مکانیک,دانشگاه خوارزمی - تهران (محل تحصیل کرج)
1395,ریاضی,6953,3911,منطقه 1,مهندسی مکانیک,دانشگاه کاشان
1395,ریاضی,6961,3915,منطقه 1,مهندسی مکانیک,دانشگاه بین المللی امام خمینی(ره) - قزوین
1395,ریاضی,6961,3915,منطقه 1,مهندسی کامپیوتر,دانشگاه تهران (محل تحصیل قم)
1395,ریاضی,6970,587,منطقه 3,مهندسی برق - بومی استان خوزستان,دانشگاه تربیت دبیر شهید رجایی - تهران (رشته های دارای تعهد به آموزش و پرورش)
1395,ریاضی,6976,2322,منطقه 2,مهندسی مکانیک,دانشگاه زنجان
1395,ریاضی,6983,2326,منطقه 2,مهندسی عمران,دانشگاه اصفهان
1395,ریاضی,6983,3924,منطقه 1,مهندسی مکانیک,دانشگاه تبریز
1395,ریاضی,6995,589,منطقه 3,مهندسی برق,دانشگاه فردوسی - مشهد
1395,ریاضی,7002,2332,منطقه 2,مهندسی برق,دانشگاه فردوسی - مشهد
1395,ریاضی,7002,2332,منطقه 2,مهندسی خط و سازه های ریلی,دانشگاه علم و صنعت ایران - تهران
1395,ریاضی,7002,2332,منطقه 2,مهندسی پزشکی,دانشگاه صنعتی همدان
1395,ریاضی,7017,591,منطقه 3,مهندسی نفت,دانشگاه صنعت نفت (محل تحصیل آبادان)
1395,ریاضی,7017,2338,منطقه 2,مهندسی معماری,دانشگاه یزد
1395,ریاضی,7017,3942,منطقه 1,مهندسی مکانیک,دانشگاه تبریز
1395,ریاضی,7026,2342,منطقه 2,مهندسی دریا,دانشگاه صنعتی امیرکبیر - تهران
1395,ریاضی,7026,2342,منطقه 2,مهندسی پلیمر,دانشگاه صنعتی سهند - تبریز
1395,ریاضی,7026,3947,منطقه 1,مهندسی مواد و متالور‍ژی,دانشگاه صنعتی اصفهان
1395,ریاضی,7033,592,منطقه 3,مهندسی برق,دانشگاه فردوسی - مشهد
1395,ریاضی,7040,147,ایثارگران,مهندسی هوا فضا,دانشگاه صنعتی شریف - تهران
1395,ریاضی,7040,2346,منطقه 2,مهندسی برق,دانشگاه فردوسی - مشهد
1395,ریاضی,7045,2348,منطقه 2,مهندسی کامپیوتر,دانشگاه بین المللی امام خمینی(ره) - قزوین
1395,ریاضی,7045,2348,منطقه 2,مهندسی کامپیوتر - بومی استان چهارمحال وبختیاری,دانشگاه تربیت دبیر شهید رجایی - تهران (رشته های دارای تعهد به آموزش و پرورش)
1395,ریاضی,7051,2351,منطقه 2,آموزش ابتدایی - بومی استان یزد,پردیس شهید پاک نژاد - یزد
1395,ریاضی,7051,2351,منطقه 2,مهندسی معدن,دانشگاه تهران
1395,ریاضی,7062,2355,منطقه 2,مهندسی برق,دانشگاه رازی کرمانشاه
1395,ریاضی,7062,2355,منطقه 2,مهندسی برق,دانشگاه کاشان
1395,ریاضی,7062,2355,منطقه 2,مهندسی مکانیک,دانشگاه بین المللی امام خمینی(ره) - قزوین
1395,ریاضی,7062,3966,منطقه 1,مهندسی برق,دانشگاه اصفهان
1395,ریاضی,7071,595,منطقه 3,آموزش فیزیک - بومی استان خراسان رضوی,پردیس شهید بهشتی - مشهد
1395,ریاضی,7071,2360,منطقه 2,فیزیک,دانشگاه علم و صنعت ایران - تهران
1395,ریاضی,7079,596,منطقه 3,مهندسی هوا فضا,دانشگاه فردوسی - مشهد
1395,ریاضی,7079,3972,منطقه 1,مهندسی نفت,دانشگاه صنعت نفت (محل تحصیل آبادان)
1395,ریاضی,7086,2366,منطقه 2,مهندسی شیمی,دانشگاه اصفهان
1395,ریاضی,7086,2366,منطقه 2,مهندسی مکانیک,دانشگاه تبریز
1395,ریاضی,7092,2370,منطقه 2,علوم و مهندسی آب,دانشگاه فردوسی - مشهد
1395,ریاضی,7092,2370,منطقه 2,فیزیک,دانشگاه صنعتی اصفهان
1395,ریاضی,7092,2370,منطقه 2,مهندسی مکانیک,دانشگاه شهید باهنر - کرمان
1395,ریاضی,7101,2375,منطقه 2,فیزیک,دانشگاه علم و صنعت ایران - تهران
1395,ریاضی,7101,2375,منطقه 2,مهندسی برق,دانشگاه بوعلی سینا - همدان
1395,ریاضی,7101,2375,منطقه 2,مهندسی مکانیک,دانشگاه کاشان
1395,ریاضی,7109,2378,منطقه 2,مهندسی برق,دانشگاه فردوسی - مشهد
1395,ریاضی,7116,2381,منطقه 2,مهندسی برق - مهندسی الکترونیک هواپیمایی,مرکز آموزش عالی هوانوردی و فرودگاهی کشور
1395,ریاضی,7116,2381,منطقه 2,مهندسی عمران,دانشگاه شهید باهنر - کرمان
1395,ریاضی,7123,602,منطقه 3,مهندسی عمران,دانشگاه بین المللی امام خمینی(ره) - قزوین
1395,ریاضی,7123,2384,منطقه 2,فیزیک,دانشگاه صنعتی اصفهان
1395,ریاضی,7131,2386,منطقه 2,مهندسی برق,دانشگاه گیلان - رشت
1395,ریاضی,7131,3995,منطقه 1,مهندسی کامپیوتر,دانشکده فنی وحرفه ای دختران تهران (دکتر شریعتی)
1395,ریاضی,7141,603,منطقه 3,مهندسی برق,دانشگاه شهید بهشتی (شهیدعباسپور)
1395,ریاضی,7141,2389,منطقه 2,مهندسی برق,دانشگاه گیلان - رشت
1395,ریاضی,7141,4002,منطقه 1,مهندسی برق,دانشگاه فردوسی - مشهد
1395,ریاضی,7141,4002,منطقه 1,مهندسی نساجی,دانشگاه صنعتی امیرکبیر - تهران
1395,ریاضی,7148,604,منطقه 3,مهندسی عمران,دانشگاه تبریز
1395,ریاضی,7148,4006,منطقه 1,مهندسی برق - بومی استان فارس,دانشگاه تربیت دبیر شهید رجایی - تهران (رشته های دارای تعهد به آموزش و پرورش)
1395,ریاضی,7153,605,منطقه 3,مهندسی عمران,دانشگاه صنعتی شریف - تهران
1395,ریاضی,7153,2392,منطقه 2,مهندسی صنایع,دانشگاه اراک
1395,ریاضی,7161,2396,منطقه 2,مهندسی معماری,دانشگاه هنر اصفهان
1395,ریاضی,7161,2396,منطقه 2,مهندسی کامپیوتر,دانشگاه صنعتی بابل
1395,ریاضی,7168,2399,منطقه 2,مهندسی عمران,دانشگاه گیلان - رشت
1395,ریاضی,7175,607,منطقه 3,مهندسی مکانیک,دانشگاه گیلان - رشت
1395,ریاضی,7183,608,منطقه 3,مهندسی عمران - بومی استان خوزستان,دانشگاه تربیت دبیر شهید رجایی - تهران (رشته های دارای تعهد به آموزش و پرورش)
1395,ریاضی,7183,4024,منطقه 1,مهندسی مکانیک,دانشگاه یزد
1395,ریاضی,7188,609,منطقه 3,مهندسی برق,دانشگاه فردوسی - مشهد
1395,ریاضی,7188,4026,منطقه 1,معماری داخلی,دانشگاه هنر (محل تحصیل پردیس کرج)
1395,ریاضی,7194,611,منطقه 3,مهندسی مکانیک,دانشگاه صنعتی اصفهان
1395,ریاضی,7194,2407,منطقه 2,مهندسی معماری,دانشگاه زنجان
1395,ریاضی,7200,2409,منطقه 2,مهندسی برق,دانشگاه تبریز
1395,ریاضی,7200,2409,منطقه 2,مهندسی برق,دانشگاه صنعت نفت (محل تحصیل اهواز)
1395,ریاضی,7204,613,منطقه 3,مهندسی معماری - بومی استان اصفهان,دانشگاه تربیت دبیر شهید رجایی - تهران (رشته های دارای تعهد به آموزش و پرورش)
1395,ریاضی,7204,2411,منطقه 2,مهندسی کامپیوتر,دانشگاه صنعتی بابل
1395,ریاضی,7209,2413,منطقه 2,مهندسی برق,دانشگاه بین المللی امام خمینی(ره) - قزوین
1395,ریاضی,7215,2415,منطقه 2,مهندسی معماری,دانشگاه مازندران - بابلسر
1395,ریاضی,7221,615,منطقه 3,مهندسی برق,دانشگاه فردوسی - مشهد
1395,ریاضی,7221,615,منطقه 3,مهندسی خودرو - بومی استان خراسان رضوی,دانشگاه تربیت دبیر شهید رجایی - تهران (رشته های دارای تعهد به آموزش و پرورش)
1395,ریاضی,7229,618,منطقه 3,مهندسی برق,دانشگاه شهید بهشتی (شهیدعباسپور)
1395,ریاضی,7229,2418,منطقه 2,مهندسی مکانیک,دانشگاه صنعتی بابل
1395,ریاضی,7237,619,منطقه 3,مهندسی پلیمر,دانشگاه صنعتی امیرکبیر - تهران
1395,ریاضی,7237,2420,منطقه 2,آموزش ریاضی - بومی استان اصفهان,پردیس شهید باهنر - اصفهان
1395,ریاضی,7242,2423,منطقه 2,مهندسی هوا فضا,دانشگاه صنعتی مالک اشتر (محل تحصیل اصفهان - شاهین شهر)
1395,ریاضی,7246,2425,منطقه 2,مهندسی برق,دانشگاه سمنان
1395,ریاضی,7246,2425,منطقه 2,مهندسی عمران,دانشگاه قم
1395,ریاضی,7254,621,منطقه 3,مهندسی برق,دانشگاه صنعتی اصفهان
1395,ریاضی,7254,621,منطقه 3,مهندسی مکانیک,دانشگاه تبریز
1395,ریاضی,7254,2428,منطقه 2,مدیریت بیمه,دانشگاه علامه طباطبایی - تهران
1395,ریاضی,7254,4057,منطقه 1,مهندسی کامپیوتر,دانشگاه اصفهان
1395,ریاضی,7267,2431,منطقه 2,آموزش ریاضی - بومی استان زنجان,پردیس فاطمه الزهرا (س) - تبریز
1395,ریاضی,7267,2431,منطقه 2,مهندسی عمران,دانشگاه بوعلی سینا - همدان
1395,ریاضی,7267,4064,منطقه 1,مهندسی عمران,دانشگاه کاشان
1395,ریاضی,7274,624,منطقه 3,مهندسی معماری - بومی استان اردبیل,دانشگاه تربیت دبیر شهید رجایی - تهران (رشته های دارای تعهد به آموزش و پرورش)
1395,ریاضی,7274,2433,منطقه 2,مهندسی صنایع,دانشگاه صنعتی قم
1395,ریاضی,7274,4067,منطقه 1,مهندسی مکانیک,دانشگاه فردوسی - مشهد
1395,ریاضی,7284,2436,منطقه 2,مهندسی معماری,دانشگاه شیراز
1395,ریاضی,7284,2436,منطقه 2,مهندسی نفت,دانشگاه صنعت نفت (محل تحصیل اهواز)
1395,ریاضی,7284,4073,منطقه 1,مهندسی پزشکی,دانشگاه صنعتی امیرکبیر - تهران
1395,ریاضی,7294,2439,منطقه 2,مهندسی مکانیک,دانشگاه گیلان - رشت
1395,ریاضی,7294,2439,منطقه 2,مهندسی مکانیک - بومی استان اصفهان,دانشگاه تربیت دبیر شهید رجایی - تهران (رشته های دارای تعهد به آموزش و پرورش)
1395,ریاضی,7303,627,منطقه 3,مهندسی برق,دانشگاه تبریز
1395,ریاضی,7303,2443,منطقه 2,مهندسی برق,دانشگاه اصفهان
1395,ریاضی,7312,629,منطقه 3,مهندسی صنایع,دانشگاه فردوسی - مشهد
1395,ریاضی,7312,4087,منطقه 1,مهندسی برق,دانشگاه شیراز
1395,ریاضی,7312,4087,منطقه 1,مهندسی برق,دانشگاه فردوسی - مشهد
1395,ریاضی,7322,2449,منطقه 2,مهندسی برق,دانشگاه شهید باهنر - کرمان
1395,ریاضی,7322,2449,منطقه 2,مهندسی برق,دانشگاه فردوسی - مشهد
1395,ریاضی,7322,2449,منطقه 2,مهندسی برق,دانشگاه گیلان - رشت
1395,ریاضی,7322,2449,منطقه 2,مهندسی نفت,دانشگاه صنعت نفت (محل تحصیل اهواز)
1395,ریاضی,7336,2455,منطقه 2,مهندسی شیمی,دانشگاه فردوسی - مشهد
1395,ریاضی,7336,2455,منطقه 2,مهندسی کامپیوتر,دانشگاه اصفهان
1395,ریاضی,7342,631,منطقه 3,مهندسی صنایع,دانشگاه صنعتی شیراز
1395,ریاضی,7342,2457,منطقه 2,مهندسی مکانیک,دانشگاه گیلان - رشت
1395,ریاضی,7347,632,منطقه 3,مهندسی برق,دانشگاه اصفهان
1395,ریاضی,7347,2459,منطقه 2,مهندسی شیمی,دانشگاه قم
1395,ریاضی,7347,4106,منطقه 1,مهندسی برق,دانشگاه شیراز
1395,ریاضی,7353,4110,منطقه 1,مهندسی عمران,دانشگاه غیرانتفاعی علم و فرهنگ - تهران
1395,ریاضی,7362,633,منطقه 3,مهندسی کامپیوتر - بومی استان لرستان,دانشگاه تربیت دبیر شهید رجایی - تهران (رشته های دارای تعهد به آموزش و پرورش)
1395,ریاضی,7373,634,منطقه 3,مهندسی برق,دانشگاه تبریز
1395,ریاضی,7373,634,منطقه 3,مهندسی برق,دانشگاه فردوسی - مشهد
1395,ریاضی,7373,2466,منطقه 2,مهندسی کامپیوتر,دانشگاه بوعلی سینا - همدان
1395,ریاضی,7373,4124,منطقه 1,آموزش ریاضی - بومی استان خراسان رضوی,پردیس شهید بهشتی - مشهد
1395,ریاضی,7382,2468,منطقه 2,مهندسی عمران,دانشگاه صنعتی بابل
1395,ریاضی,7382,4129,منطقه 1,مهندسی برق,دانشگاه صنعتی شیراز
1395,ریاضی,7387,4132,منطقه 1,مهندسی برق,دانشگاه تبریز
1395,ریاضی,7396,4137,منطقه 1,مهندسی برق,دانشگاه تبریز
1395,ریاضی,7396,4137,منطقه 1,مهندسی مواد و متالور‍ژی,دانشگاه صنعتی اصفهان
1395,ریاضی,7406,2478,منطقه 2,معماری داخلی,دانشگاه هنر (محل تحصیل پردیس کرج)
1395,ریاضی,7406,2478,منطقه 2,مهندسی شیمی,دانشگاه شیراز
1395,ریاضی,7406,2478,منطقه 2,مهندسی نفت,دانشگاه صنعت نفت (محل تحصیل اهواز)
1395,ریاضی,7406,2478,منطقه 2,مهندسی کامپیوتر,دانشگاه فردوسی - مشهد
1395,ریاضی,7421,2485,منطقه 2,مهندسی صنایع,دانشگاه بوعلی سینا - همدان
1395,ریاضی,7421,4145,منطقه 1,مهندسی معماری,دانشگاه شیراز
1395,ریاضی,7426,2487,منطقه 2,مهندسی معماری,دانشگاه فردوسی - مشهد
1395,ریاضی,7431,2488,منطقه 2,مهندسی پزشکی - بومی استان هرمزگان,دانشگاه صنعتی امیرکبیر - تهران
1395,ریاضی,7431,4153,منطقه 1,مهندسی کامپیوتر,دانشگاه شیراز
1395,ریاضی,7441,2492,منطقه 2,مهندسی عمران,دانشگاه صنعتی بابل
1395,ریاضی,7441,2492,منطقه 2,مهندسی مواد و متالور‍ژی,دانشگاه صنعتی اصفهان
1395,ریاضی,7441,4157,منطقه 1,مهندسی برق,دانشگاه صنعتی شیراز
1395,ریاضی,7448,4161,منطقه 1,علوم اقتصادی,دانشگاه علامه طباطبایی - تهران
1395,ریاضی,7455,643,منطقه 3,آموزش ریاضی - بومی استان زنجان,پردیس علامه امینی - تبریز
1395,ریاضی,7455,643,منطقه 3,مهندسی مکانیک,دانشگاه صنعتی اصفهان
1395,ریاضی,7462,2496,منطقه 2,مهندسی عمران,دانشگاه تبریز
1395,ریاضی,7462,4169,منطقه 1,مدیریت بیمه,دانشگاه علامه طباطبایی - تهران
1395,ریاضی,7462,4169,منطقه 1,مهندسی معماری,دانشگاه غیرانتفاعی علم و فرهنگ - تهران
1395,ریاضی,7469,2499,منطقه 2,مهندسی برق,دانشگاه تبریز
1395,ریاضی,7478,646,منطقه 3,مهندسی عمران,دانشگاه گلستان - گرگان
1395,ریاضی,7478,2502,منطقه 2,مهندسی معماری,دانشگاه سمنان
1395,ریاضی,7488,647,منطقه 3,مهندسی انرژی,دانشگاه صنعتی امیرکبیر - تهران
1395,ریاضی,7488,647,منطقه 3,مهندسی مکانیک,دانشگاه تبریز
1395,ریاضی,7495,650,منطقه 3,مهندسی برق,دانشگاه اصفهان
1395,ریاضی,7495,650,منطقه 3,مهندسی کامپیوتر,دانشگاه بین المللی امام خمینی(ره) - قزوین
1395,ریاضی,7495,4186,منطقه 1,مهندسی عمران,دانشگاه غیرانتفاعی علم و فرهنگ - تهران
1395,ریاضی,7495,4186,منطقه 1,مهندسی معماری,دانشگاه شیراز
1395,ریاضی,7503,653,منطقه 3,آموزش ابتدایی - بومی استان خراسان شمالی,پردیس امام جعفر صادق - بجنورد
1395,ریاضی,7503,653,منطقه 3,مهندسی برق - بومی استان فارس,دانشگاه تربیت دبیر شهید رجایی - تهران (رشته های دارای تعهد به آموزش و پرورش)
1395,ریاضی,7503,653,منطقه 3,مهندسی خودرو - بومی استان خراسان رضوی,دانشگاه تربیت دبیر شهید رجایی - تهران (رشته های دارای تعهد به آموزش و پرورش)
1395,ریاضی,7503,4190,منطقه 1,مهندسی کامپیوتر,دانشگاه فردوسی - مشهد
1395,ریاضی,7511,2508,منطقه 2,مهندسی برق,دانشگاه کاشان
1395,ریاضی,7511,2508,منطقه 2,مهندسی مکانیک,دانشگاه تبریز
1395,ریاضی,7520,655,منطقه 3,مهندسی هوا فضا,دانشگاه فردوسی - مشهد
1395,ریاضی,7527,2513,منطقه 2,مهندسی برق,دانشگاه فردوسی - مشهد
1395,ریاضی,7527,2513,منطقه 2,مهندسی شیمی,دانشگاه اصفهان
1395,ریاضی,7539,2515,منطقه 2,مهندسی برق - بومی استان لرستان,دانشگاه تربیت دبیر شهید رجایی - تهران (رشته های دارای تعهد به آموزش و پرورش)
1395,ریاضی,7546,659,منطقه 3,مهندسی کامپیوتر,دانشگاه خوارزمی - تهران (محل تحصیل کرج)
1395,ریاضی,7546,2517,منطقه 2,مهندسی برق,دانشگاه فردوسی - مشهد
1395,ریاضی,7555,660,منطقه 3,مهندسی خودرو - بومی استان خراسان رضوی,دانشگاه تربیت دبیر شهید رجایی - تهران (رشته های دارای تعهد به آموزش و پرورش)
1395,ریاضی,7555,2520,منطقه 2,مهندسی برق,دانشگاه صنعت نفت (محل تحصیل اهواز)
1395,ریاضی,7555,2520,منطقه 2,مهندسی شیمی,دانشگاه فردوسی - مشهد
1395,ریاضی,7563,2524,منطقه 2,مهندسی صنایع,دانشگاه تبریز
1395,ریاضی,7570,2528,منطقه 2,مهندسی مکانیک,دانشگاه صنعتی بابل
1395,ریاضی,7570,2528,منطقه 2,مهندسی هوا فضا,دانشگاه فردوسی - مشهد
1395,ریاضی,7570,2528,منطقه 2,مهندسی کامپیوتر,دانشگاه اصفهان
1395,ریاضی,7570,4227,منطقه 1,مهندسی هوا فضا,دانشگاه فردوسی - مشهد
1395,ریاضی,7579,2532,منطقه 2,فیزیک,دانشگاه تهران
1395,ریاضی,7579,2532,منطقه 2,مهندسی مکانیک,دانشگاه شهید باهنر - کرمان
1395,ریاضی,7579,4232,منطقه 1,مهندسی برق,دانشگاه صنعتی شیراز
1395,ریاضی,7579,4232,منطقه 1,مهندسی مکانیک,دانشگاه تبریز
1395,ریاضی,7587,2535,منطقه 2,مهندسی معماری,دانشگاه صنعتی بابل
1395,ریاضی,7593,2538,منطقه 2,مهندسی هوا فضا,دانشگاه فردوسی - مشهد
1395,ریاضی,7593,4238,منطقه 1,فیزیک,دانشگاه فردوسی - مشهد
1395,ریاضی,7601,2541,منطقه 2,آموزش ابتدایی - بومی استان قم,پردیس حضرت معصومه - قم
1395,ریاضی,7601,2541,منطقه 2,مهندسی کامپیوتر,دانشگاه اصفهان
1395,ریاضی,7601,4243,منطقه 1,مهندسی کامپیوتر,دانشگاه تبریز
1395,ریاضی,7611,2545,منطقه 2,مهندسی حمل و نقل ریلی,دانشگاه علم و صنعت ایران - تهران
1395,ریاضی,7619,2547,منطقه 2,مهندسی عمران,دانشگاه صنعتی بابل
1395,ریاضی,7619,4255,منطقه 1,علوم اقتصادی,دانشگاه علامه طباطبایی - تهران
1395,ریاضی,7625,664,منطقه 3,مهندسی برق,دانشگاه فردوسی - مشهد
1395,ریاضی,7625,664,منطقه 3,مهندسی مکانیک - بومی استان اصفهان,دانشگاه تربیت دبیر شهید رجایی - تهران (رشته های دارای تعهد به آموزش و پرورش)
1395,ریاضی,7625,2550,منطقه 2,مهندسی برق,دانشگاه صنعتی بابل
1395,ریاضی,7635,2554,منطقه 2,مهندسی برق,دانشگاه فردوسی - مشهد
1395,ریاضی,7635,2554,منطقه 2,مهندسی معدن,دانشگاه تهران
1395,ریاضی,7635,2554,منطقه 2,مهندسی کامپیوتر,دانشگاه یزد
1395,ریاضی,7644,2557,منطقه 2,مهندسی شیمی,دانشگاه فردوسی - مشهد
1395,ریاضی,7652,668,منطقه 3,آموزش ریاضی - بومی استان کرمان,پردیس شهید باهنر - کرمان
1395,ریاضی,7652,2559,منطقه 2,مهندسی خط و سازه های ریلی,دانشگاه علم و صنعت ایران - تهران
1395,ریاضی,7652,4270,منطقه 1,مهندسی مکانیک,دانشگاه تبریز
1395,ریاضی,7660,2561,منطقه 2,مهندسی شیمی,دانشگاه تبریز
1395,ریاضی,7668,671,منطقه 3,آموزش ریاضی - بومی استان کردستان,پردیس شهید مدرس - سنندج
1395,ریاضی,7668,671,منطقه 3,مهندسی معماری,دانشگاه شیراز
1395,ریاضی,7668,671,منطقه 3,مهندسی مکانیک,دانشگاه شهید باهنر - کرمان
1395,ریاضی,7675,673,منطقه 3,مهندسی معماری,دانشگاه فردوسی - مشهد
1395,ریاضی,7675,2564,منطقه 2,مهندسی مکانیک,دانشگاه گیلان - رشت
1395,ریاضی,7683,2568,منطقه 2,علوم اقتصادی,دانشگاه شهید بهشتی - تهران
1395,ریاضی,7683,2568,منطقه 2,مهندسی کامپیوتر,دانشگاه شهید چمران اهواز
1395,ریاضی,7683,2568,منطقه 2,مهندسی کامپیوتر,دانشگاه گیلان - رشت
1395,ریاضی,7694,674,منطقه 3,مهندسی حمل و نقل ریلی,دانشگاه علم و صنعت ایران - تهران
1395,ریاضی,7694,2574,منطقه 2,حسابداری,دانشگاه بین المللی امام خمینی(ره) - قزوین
1395,ریاضی,7694,2574,منطقه 2,مهندسی برق,دانشگاه تبریز
1395,ریاضی,7694,2574,منطقه 2,مهندسی شیمی,دانشگاه اصفهان
1395,ریاضی,7694,2574,منطقه 2,مهندسی کامپیوتر,دانشگاه اصفهان
1395,ریاضی,7701,676,منطقه 3,آموزش ریاضی - بومی استان یزد-محل تحصیل خواجه نصیرالدین طوسی کرمان,پردیس شهید مطهری - زاهدان
1395,ریاضی,7701,2577,منطقه 2,مهندسی مکانیک,دانشگاه کاشان
1395,ریاضی,7707,2579,منطقه 2,مهندسی مکانیک,دانشگاه صنعتی بابل
1395,ریاضی,7707,4295,منطقه 1,مهندسی مکانیک,دانشگاه فردوسی - مشهد
1395,ریاضی,7717,2582,منطقه 2,آمار و کاربردها,دانشگاه تهران
1395,ریاضی,7717,2582,منطقه 2,مهندسی نفت,دانشگاه صنعت نفت (محل تحصیل اهواز)
1395,ریاضی,7717,4301,منطقه 1,مهندسی شهرسازی,دانشگاه فردوسی - مشهد
1395,ریاضی,7717,4301,منطقه 1,مهندسی نساجی,دانشگاه صنعتی امیرکبیر - تهران
1395,ریاضی,7717,4301,منطقه 1,مهندسی کامپیوتر,دانشگاه شهید باهنر - کرمان
1395,ریاضی,7724,2585,منطقه 2,مهندسی شیمی,دانشگاه رازی کرمانشاه
1395,ریاضی,7731,2589,منطقه 2,مهندسی برق,دانشگاه تبریز
1395,ریاضی,7731,2589,منطقه 2,مهندسی کامپیوتر,دانشگاه صنعتی بابل
1395,ریاضی,7739,679,منطقه 3,مهندسی برق,دانشگاه صنعتی امیرکبیر - تهران
1395,ریاضی,7739,2594,منطقه 2,مهندسی برق,دانشگاه تبریز
1395,ریاضی,7748,4315,منطقه 1,مهندسی صنایع,دانشگاه صنعتی امیرکبیر - تهران
1395,ریاضی,7757,680,منطقه 3,آموزش ریاضی - بومی استان یزد,پردیس شهید باهنر - کرمان
1395,ریاضی,7757,2600,منطقه 2,مهندسی عمران,دانشگاه کاشان
1395,ریاضی,7757,4321,منطقه 1,مهندسی برق,دانشگاه فردوسی - مشهد
1395,ریاضی,7766,681,منطقه 3,مهندسی برق - بومی استان گلستان,دانشگاه تربیت دبیر شهید رجایی - تهران (رشته های دارای تعهد به آموزش و پرورش)
1395,ریاضی,7766,2602,منطقه 2,مهندسی معماری - بومی استان خراسان رضوی,دانشگاه تربیت دبیر شهید رجایی - تهران (رشته های دارای تعهد به آموزش و پرورش)
1395,ریاضی,7766,4326,منطقه 1,مهندسی برق,دانشگاه صنعتی شیراز
1395,ریاضی,7773,2606,منطقه 2,آموزش ریاضی - بومی استان تهران,پردیس نسیبه - تهران
1395,ریاضی,7773,2606,منطقه 2,ریاضیات و کاربردها,دانشگاه تهران
1395,ریاضی,7773,4330,منطقه 1,دکترای پیوسته فیزیک,مرکز تحصیلات تکمیلی در علوم پایه زنجان
1395,ریاضی,7781,2610,منطقه 2,مهندسی برق,دانشگاه قم
1395,ریاضی,7781,2610,منطقه 2,مهندسی شیمی,دانشگاه شیراز
1395,ریاضی,7788,2612,منطقه 2,مهندسی شیمی,دانشگاه شیراز
1395,ریاضی,7788,4338,منطقه 1,مهندسی معماری,دانشکده فنی وحرفه ای دختران تهران (دکتر شریعتی)
1395,ریاضی,7796,2615,منطقه 2,مهندسی برق,دانشگاه کردستان - سنندج
1395,ریاضی,7801,2617,منطقه 2,مهندسی برق,دانشگاه تبریز
1395,ریاضی,7807,2621,منطقه 2,فیزیک,دانشگاه صنعتی خواجه نصیرالدین طوسی - تهران
1395,ریاضی,7807,2621,منطقه 2,مهندسی مکانیک,دانشگاه بین المللی امام خمینی(ره) - قزوین
1395,ریاضی,7807,2621,منطقه 2,مهندسی کامپیوتر,دانشگاه صنعتی بابل
1395,ریاضی,7807,4348,منطقه 1,مهندسی برق,دانشگاه غیرانتفاعی علم و فرهنگ - تهران
1395,ریاضی,7813,683,منطقه 3,مهندسی برق,دانشگاه فردوسی - مشهد
1395,ریاضی,7813,683,منطقه 3,مهندسی عمران,دانشگاه صنعتی اصفهان
1395,ریاضی,7813,2624,منطقه 2,مهندسی عمران,دانشگاه یزد
1395,ریاضی,7817,4352,منطقه 1,مهندسی عمران,دانشگاه غیرانتفاعی علم و فرهنگ - تهران
1395,ریاضی,7824,4356,منطقه 1,مهندسی برق,دانشگاه فردوسی - مشهد
1395,ریاضی,7824,4356,منطقه 1,مهندسی مکانیک,دانشگاه کاشان
1395,ریاضی,7841,686,منطقه 3,مهندسی کامپیوتر,دانشگاه صنعتی شریف - تهران
1395,ریاضی,7841,2630,منطقه 2,آموزش ریاضی - بومی استان یزد-محل تحصیل خواجه نصیرالدین طوسی کرمان,پردیس شهید مطهری - زاهدان
1395,ریاضی,7841,2630,منطقه 2,مهندسی خودرو - بومی استان خراسان رضوی,دانشگاه تربیت دبیر شهید رجایی - تهران (رشته های دارای تعهد به آموزش و پرورش)
1395,ریاضی,7841,2630,منطقه 2,مهندسی شهرسازی,دانشگاه شیراز
1395,ریاضی,7848,688,منطقه 3,مهندسی برق,دانشگاه فردوسی - مشهد
1395,ریاضی,7848,2633,منطقه 2,مهندسی کامپیوتر,دانشگاه فردوسی - مشهد
1395,ریاضی,7848,4369,منطقه 1,مهندسی صنایع,دانشگاه تهران (محل تحصیل فومن گیلان)
1395,ریاضی,7854,2636,منطقه 2,مهندسی شیمی,دانشگاه صنعت نفت (محل تحصیل اهواز)
1395,ریاضی,7854,2636,منطقه 2,مهندسی مکانیک,دانشگاه تبریز
1395,ریاضی,7854,2636,منطقه 2,مهندسی مکانیک,دانشگاه صنعت نفت (محل تحصیل اهواز)
1395,ریاضی,7854,2636,منطقه 2,مهندسی کامپیوتر,مرکز تحصیلات تکمیلی در علوم پایه زنجان
1395,ریاضی,7862,689,منطقه 3,مهندسی عمران,دانشگاه شهید باهنر - کرمان
1395,ریاضی,7862,2641,منطقه 2,آموزش ابتدایی - بومی استان قم,پردیس حضرت معصومه - قم
1395,ریاضی,7870,691,منطقه 3,مهندسی مکانیک,دانشگاه صنعتی بابل
1395,ریاضی,7870,691,منطقه 3,مهندسی نفت,دانشگاه تهران (محل تحصیل فومن گیلان)
1395,ریاضی,7870,2644,منطقه 2,مهندسی شهرسازی,دانشگاه بین المللی امام خمینی(ره) - قزوین
1395,ریاضی,7877,2647,منطقه 2,علوم اقتصادی,دانشگاه تهران
1395,ریاضی,7877,4379,منطقه 1,مهندسی معماری,دانشگاه قم
1395,ریاضی,7883,693,منطقه 3,آموزش ابتدایی - بومی استان گلستان,پردیس امام خمینی - گرگان
1395,ریاضی,7883,2650,منطقه 2,مهندسی ماشینهای صنایع غذایی,دانشگاه تهران (محل تحصیل کرج)
1395,ریاضی,7883,2650,منطقه 2,مهندسی معماری,دانشگاه تبریز
1395,ریاضی,7889,2653,منطقه 2,مهندسی برق,دانشگاه صنعتی شیراز
1395,ریاضی,7894,2655,منطقه 2,مهندسی کامپیوتر,دانشگاه یزد
1395,ریاضی,7900,695,منطقه 3,مهندسی نفت,دانشگاه صنعتی سهند - تبریز
1395,ریاضی,7908,2659,منطقه 2,فیزیک,دانشگاه صنعتی خواجه نصیرالدین طوسی - تهران
1395,ریاضی,7908,2659,منطقه 2,مهندسی نفت,دانشگاه صنعت نفت (محل تحصیل اهواز)
1395,ریاضی,7908,2659,منطقه 2,مهندسی پزشکی,دانشگاه تبریز
1395,ریاضی,7917,697,منطقه 3,مهندسی کامپیوتر,دانشگاه تبریز
1395,ریاضی,7917,2663,منطقه 2,مهندسی صنایع,دانشگاه کاشان
1395,ریاضی,7926,2668,منطقه 2,مهندسی برق,دانشگاه ارومیه
1395,ریاضی,7926,2668,منطقه 2,مهندسی مکانیک,دانشگاه شهید باهنر - کرمان
1395,ریاضی,7926,4400,منطقه 1,مهندسی عمران,دانشگاه تبریز
1395,ریاضی,7935,2673,منطقه 2,مهندسی برق,دانشگاه یزد
1395,ریاضی,7935,2673,منطقه 2,مهندسی معماری - بومی استان خراسان رضوی,دانشگاه تربیت دبیر شهید رجایی - تهران (رشته های دارای تعهد به آموزش و پرورش)
1395,ریاضی,7935,2673,منطقه 2,مهندسی مکانیک,دانشگاه بین المللی امام خمینی(ره) - قزوین
1395,ریاضی,7935,2673,منطقه 2,مهندسی نفت,دانشگاه شیراز
1395,ریاضی,7935,2673,منطقه 2,مهندسی کامپیوتر,دانشکده فنی وحرفه ای دختران تهران (دکتر شریعتی)
1395,ریاضی,7945,699,منطقه 3,مهندسی برق,دانشگاه شیراز
1395,ریاضی,7945,2679,منطقه 2,آموزش ریاضی - بومی استان همدان,پردیس فاطمه الزهرا (س) - تبریز
1395,ریاضی,7945,2679,منطقه 2,مهندسی شیمی,دانشگاه اصفهان
1395,ریاضی,7945,2679,منطقه 2,مهندسی معماری,دانشگاه شهید باهنر - کرمان
1395,ریاضی,7945,2679,منطقه 2,مهندسی پزشکی,دانشگاه صنعتی سهند - تبریز
1395,ریاضی,7956,4409,منطقه 1,مهندسی مواد و متالور‍ژی,دانشگاه صنعتی اصفهان
1395,ریاضی,7963,2687,منطقه 2,مهندسی مکانیک,دانشگاه تبریز
1395,ریاضی,7963,2687,منطقه 2,مهندسی مکانیک,دانشگاه صنعتی شریف - تهران
1395,ریاضی,7963,4414,منطقه 1,مهندسی برق,دانشگاه صنعتی سهند - تبریز
1395,ریاضی,7963,4414,منطقه 1,مهندسی نفت,دانشگاه صنعت نفت (محل تحصیل اهواز)
1395,ریاضی,7972,2690,منطقه 2,مهندسی معماری,دانشگاه یزد
1395,ریاضی,7972,2690,منطقه 2,مهندسی کامپیوتر,دانشگاه فردوسی - مشهد
1395,ریاضی,7978,2693,منطقه 2,مهندسی مکانیک,دانشگاه گیلان - رشت
1395,ریاضی,7978,4421,منطقه 1,مهندسی کامپیوتر,دانشگاه فردوسی - مشهد
1395,ریاضی,7984,2696,منطقه 2,مهندسی کامپیوتر,دانشگاه تهران (محل تحصیل قم)
1395,ریاضی,7989,2698,منطقه 2,مهندسی کامپیوتر,دانشگاه فرزانگان سمنان(ویژه خواهران)
1395,ریاضی,7989,4427,منطقه 1,مهندسی شیمی,دانشگاه شیراز
1395,ریاضی,7998,703,منطقه 3,مهندسی عمران - بومی استان گلستان,دانشگاه تربیت دبیر شهید رجایی - تهران (رشته های دارای تعهد به آموزش و پرورش)
1395,ریاضی,7998,703,منطقه 3,مهندسی مکانیک,دانشگاه بوعلی سینا - همدان
1395,ریاضی,7998,2702,منطقه 2,مهندسی برق,دانشگاه صنعتی بابل
1395,ریاضی,7998,2702,منطقه 2,مهندسی مکانیک - بومی استان اذربایجان شرقی,دانشگاه تربیت دبیر شهید رجایی - تهران (رشته های دارای تعهد به آموزش و پرورش)
1395,ریاضی,7998,2702,منطقه 2,مهندسی کامپیوتر,دانشگاه صنعتی شریف - تهران
1395,ریاضی,7998,4431,منطقه 1,مهندسی شیمی,دانشگاه صنعتی امیرکبیر - تهران (محل تحصیل بندر ماهشهر)
1395,ریاضی,7998,4431,منطقه 1,مهندسی کامپیوتر,دانشگاه صنعتی امیرکبیر - تهران
1395,ریاضی,8012,706,منطقه 3,مهندسی مواد و متالور‍ژی,دانشگاه صنعتی امیرکبیر - تهران
1395,ریاضی,8012,706,منطقه 3,مهندسی نفت,دانشگاه صنعت نفت (محل تحصیل اهواز)
1395,ریاضی,8012,2707,منطقه 2,آموزش ریاضی - بومی استان اذربایجان غربی,پردیس فاطمه الزهرا (س) - تبریز
1395,ریاضی,8012,2707,منطقه 2,مهندسی برق,دانشگاه هرمزگان - بندرعباس
1395,ریاضی,8012,2707,منطقه 2,مهندسی معماری,دانشگاه شیراز
1395,ریاضی,8012,2707,منطقه 2,مهندسی نفت,دانشگاه صنعت نفت (محل تحصیل اهواز)
1395,ریاضی,8025,709,منطقه 3,مهندسی صنایع,دانشگاه فردوسی - مشهد
1395,ریاضی,8025,2711,منطقه 2,مهندسی معماری,دانشگاه صنعتی بابل
1395,ریاضی,8036,2717,منطقه 2,مهندسی برق,دانشگاه شهید باهنر - کرمان
1395,ریاضی,8036,2717,منطقه 2,مهندسی صنایع,دانشگاه سمنان
1395,ریاضی,8036,2717,منطقه 2,مهندسی صنایع,دانشگاه فردوسی - مشهد
1395,ریاضی,8036,2717,منطقه 2,مهندسی کامپیوتر,دانشگاه بین المللی امام خمینی(ره) - قزوین
1395,ریاضی,8036,4448,منطقه 1,مهندسی مواد و متالور‍ژی,دانشگاه صنعتی اصفهان
1395,ریاضی,8049,2722,منطقه 2,مهندسی برق - بومی استان اذربایجان شرقی,دانشگاه تربیت دبیر شهید رجایی - تهران (رشته های دارای تعهد به آموزش و پرورش)
1395,ریاضی,8049,2722,منطقه 2,مهندسی مکانیک,دانشگاه رازی کرمانشاه
1395,ریاضی,8049,4454,منطقه 1,مهندسی برق,دانشگاه فردوسی - مشهد
1395,ریاضی,8060,2727,منطقه 2,آمزش ابتدایی - بومی استان اذربایجان شرقی,پردیس فاطمه الزهرا (س) - تبریز
1395,ریاضی,8065,712,منطقه 3,مهندسی کامپیوتر - بومی استان اردبیل,دانشگاه تربیت دبیر شهید رجایی - تهران (رشته های دارای تعهد به آموزش و پرورش)
1395,ریاضی,8070,2731,منطقه 2,مهندسی مکانیک,دانشگاه کاشان
1395,ریاضی,8070,4465,منطقه 1,مهندسی شیمی,دانشگاه فردوسی - مشهد
1395,ریاضی,8077,713,منطقه 3,مهندسی مواد و متالور‍ژی,دانشگاه صنعتی اصفهان
1395,ریاضی,8077,2733,منطقه 2,مهندسی عمران,دانشگاه بوعلی سینا - همدان
1395,ریاضی,8077,2733,منطقه 2,مهندسی عمران,دانشگاه صنعتی بابل
1395,ریاضی,8086,2738,منطقه 2,مهندسی شیمی,دانشگاه شیراز
1395,ریاضی,8086,2738,منطقه 2,مهندسی شیمی,دانشگاه کردستان - سنندج
1395,ریاضی,8098,2745,منطقه 2,مهندسی برق,دانشگاه یزد
1395,ریاضی,8098,2745,منطقه 2,مهندسی کامپیوتر,دانشگاه غیرانتفاعی علم و فرهنگ - تهران
1395,ریاضی,8106,2747,منطقه 2,مهندسی برق,دانشگاه صنعتی شیراز
1395,ریاضی,8106,2747,منطقه 2,مهندسی شیمی,دانشگاه اصفهان
1395,ریاضی,8106,4481,منطقه 1,مهندسی پزشکی,دانشگاه شاهد - تهران
1395,ریاضی,8121,2753,منطقه 2,فیزیک,دانشگاه صنعتی خواجه نصیرالدین طوسی - تهران
1395,ریاضی,8121,2753,منطقه 2,مهندسی کامپیوتر,دانشگاه گیلان - رشت
1395,ریاضی,8121,4488,منطقه 1,مهندسی کامپیوتر,دانشگاه فردوسی - مشهد
1395,ریاضی,8131,2759,منطقه 2,مهندسی صنایع,دانشگاه یزد
1395,ریاضی,8131,2759,منطقه 2,مهندسی عمران,دانشگاه گیلان - رشت
1395,ریاضی,8131,2759,منطقه 2,مهندسی مکانیک,دانشگاه صنعتی بابل
1395,ریاضی,8142,717,منطقه 3,مهندسی کامپیوتر,دانشگاه تبریز
1395,ریاضی,8142,2764,منطقه 2,مهندسی عمران,دانشگاه یزد
1395,ریاضی,8142,4496,منطقه 1,مهندسی معدن,دانشگاه صنعتی امیرکبیر - تهران
1395,ریاضی,8142,4496,منطقه 1,مهندسی مواد و متالور‍ژی,دانشگاه صنعتی اصفهان
1395,ریاضی,8142,4496,منطقه 1,مهندسی کامپیوتر,دانشگاه فردوسی - مشهد
1395,ریاضی,8151,167,ایثارگران,مهندسی برق,دانشگاه صنعتی شریف - تهران
1395,ریاضی,8151,2767,منطقه 2,مهندسی مکانیک,دانشگاه یزد
1395,ریاضی,8151,4500,منطقه 1,مهندسی شیمی,دانشگاه اصفهان
1395,ریاضی,8158,719,منطقه 3,مهندسی کامپیوتر,دانشگاه سمنان
1395,ریاضی,8158,2769,منطقه 2,مهندسی پزشکی,دانشگاه صنعتی سهند - تبریز
1395,ریاضی,8163,2771,منطقه 2,مهندسی مکانیک,دانشگاه بوعلی سینا - همدان
1395,ریاضی,8168,2773,منطقه 2,مهندسی معماری - بومی استان فارس,دانشگاه تربیت دبیر شهید رجایی - تهران (رشته های دارای تعهد به آموزش و پرورش)
1395,ریاضی,8168,2773,منطقه 2,مهندسی نفت,دانشگاه صنعت نفت (محل تحصیل اهواز)
1395,ریاضی,8176,2776,منطقه 2,آموزش ابتدایی - بومی استان قم,پردیس آیت اله طالقانی - قم
1395,ریاضی,8176,2776,منطقه 2,مهندسی برق,دانشگاه صنعتی شیراز
1395,ریاضی,8176,2776,منطقه 2,مهندسی نفت,دانشگاه صنعت نفت (محل تحصیل اهواز)
1395,ریاضی,8176,4515,منطقه 1,مهندسی صنایع,دانشگاه یزد
1395,ریاضی,8186,2779,منطقه 2,مهندسی شیمی,دانشگاه فردوسی - مشهد
1395,ریاضی,8186,2779,منطقه 2,مهندسی مکانیک,دانشگاه کاشان
1395,ریاضی,8186,2779,منطقه 2,مهندسی مکانیک,دانشگاه یزد
1395,ریاضی,8186,4521,منطقه 1,مهندسی برق,دانشکده فنی وحرفه ای دختران تهران (دکتر شریعتی)
1395,ریاضی,8193,2782,منطقه 2,مهندسی برق,دانشگاه بوعلی سینا - همدان
1395,ریاضی,8208,723,منطقه 3,مهندسی برق,دانشگاه گیلان - رشت
1395,ریاضی,8208,4533,منطقه 1,مهندسی شیمی,دانشگاه اصفهان
1395,ریاضی,8215,2788,منطقه 2,مهندسی برق,دانشگاه کاشان
1395,ریاضی,8223,2792,منطقه 2,آمزش ابتدایی - بومی استان اردبیل,پردیس علامه طباطبایی - اردبیل
1395,ریاضی,8223,4541,منطقه 1,هوانوردی,مرکز آموزش عالی هوانوردی و فرودگاهی کشور
1395,ریاضی,8244,2800,منطقه 2,مهندسی شهرسازی,دانشگاه شیراز
1395,ریاضی,8252,2802,منطقه 2,مهندسی برق,دانشگاه تبریز
1395,ریاضی,8252,2802,منطقه 2,مهندسی حمل و نقل ریلی,دانشگاه علم و صنعت ایران - تهران
1395,ریاضی,8252,4556,منطقه 1,مهندسی برق,دانشگاه صنعتی شیراز
1395,ریاضی,8264,729,منطقه 3,مهندسی برق,دانشگاه فردوسی - مشهد
1395,ریاضی,8264,729,منطقه 3,مهندسی شیمی,دانشگاه گیلان - رشت
1395,ریاضی,8264,2804,منطقه 2,مهندسی برق,دانشگاه بین المللی امام خمینی(ره) - قزوین
1395,ریاضی,8277,732,منطقه 3,مهندسی کامپیوتر,دانشگاه تربت حیدریه
1395,ریاضی,8277,2807,منطقه 2,آموزش فیزیک - بومی استان اصفهان,پردیس شهید باهنر - اصفهان
1395,ریاضی,8277,2807,منطقه 2,مهندسی عمران,دانشگاه تبریز
1395,ریاضی,8277,2807,منطقه 2,مهندسی مکانیک,دانشگاه کاشان
1395,ریاضی,8287,734,منطقه 3,مهندسی برق - بومی استان خوزستان,دانشگاه تربیت دبیر شهید رجایی - تهران (رشته های دارای تعهد به آموزش و پرورش)
1395,ریاضی,8287,734,منطقه 3,مهندسی مکانیک,دانشگاه گیلان - رشت
1395,ریاضی,8287,2813,منطقه 2,روانشناسی,دانشگاه شیراز
1395,ریاضی,8287,2813,منطقه 2,فیزیک,دانشگاه شهید بهشتی - تهران
1395,ریاضی,8287,2813,منطقه 2,مهندسی پزشکی - بومی استان چهار محال و بختیاری,دانشگاه اصفهان
1395,ریاضی,8287,2813,منطقه 2,مهندسی کامپیوتر,دانشگاه گلستان - گرگان
1395,ریاضی,8296,736,منطقه 3,مهندسی پزشکی,دانشگاه اصفهان
1395,ریاضی,8296,2817,منطقه 2,مهندسی معماری,دانشگاه بوعلی سینا - همدان
1395,ریاضی,8306,2820,منطقه 2,مهندسی مکانیک,دانشگاه کاشان
1395,ریاضی,8306,4578,منطقه 1,مهندسی کامپیوتر,دانشگاه سمنان
1395,ریاضی,8316,739,منطقه 3,مهندسی مکانیک,دانشگاه صنعتی بابل
1395,ریاضی,8316,2824,منطقه 2,مهندسی شیمی,دانشگاه اصفهان
1395,ریاضی,8316,2824,منطقه 2,مهندسی مکانیک,دانشگاه یزد
1395,ریاضی,8323,740,منطقه 3,مهندسی کامپیوتر,دانشگاه گیلان - رشت
1395,ریاضی,8328,4589,منطقه 1,مهندسی شهرسازی,دانشگاه فردوسی - مشهد
1395,ریاضی,8337,743,منطقه 3,مهندسی مکانیک,دانشگاه اصفهان
1395,ریاضی,8337,2831,منطقه 2,مهندسی کامپیوتر,دانشگاه صنعتی بابل
1395,ریاضی,8337,4593,منطقه 1,مهندسی مواد و متالور‍ژی,دانشگاه صنعتی اصفهان
1395,ریاضی,8355,746,منطقه 3,آموزش فیزیک - بومی استان کردستان,پردیس نسیبه - تهران
1395,ریاضی,8355,2835,منطقه 2,روانشناسی,دانشگاه الزهرا(س) - تهران
1395,ریاضی,8355,4603,منطقه 1,مهندسی مواد و متالور‍ژی,دانشگاه صنعتی اصفهان
1395,ریاضی,8362,747,منطقه 3,مهندسی برق - بومی استان لرستان,دانشگاه تربیت دبیر شهید رجایی - تهران (رشته های دارای تعهد به آموزش و پرورش)
1395,ریاضی,8362,2839,منطقه 2,مهندسی برق,دانشگاه کاشان
1395,ریاضی,8362,2839,منطقه 2,مهندسی نفت,دانشگاه صنعت نفت (محل تحصیل اهواز)
1395,ریاضی,8362,2839,منطقه 2,مهندسی کامپیوتر,دانشگاه گیلان - رشت
1395,ریاضی,8362,4606,منطقه 1,مهندسی عمران,دانشگاه صنعتی امیرکبیر - تهران
1395,ریاضی,8362,4606,منطقه 1,مهندسی معدن,دانشگاه صنعتی امیرکبیر - تهران
1395,ریاضی,8362,4606,منطقه 1,مهندسی کامپیوتر,دانشگاه سمنان
1395,ریاضی,8369,4611,منطقه 1,ریاضیات و کاربردها,دانشگاه صنعتی خواجه نصیرالدین طوسی - تهران
1395,ریاضی,8369,4611,منطقه 1,مهندسی مکانیک,دانشگاه تبریز
1395,ریاضی,8375,2842,منطقه 2,آموزش ریاضی - بومی استان اصفهان,پردیس شهید باهنر - اصفهان
1395,ریاضی,8375,2842,منطقه 2,مهندسی عمران,دانشگاه صنعتی بابل
1395,ریاضی,8382,4620,منطقه 1,مهندسی برق,دانشگاه صنعتی شیراز
1395,ریاضی,8382,4620,منطقه 1,مهندسی مکانیک,دانشگاه یزد
1395,ریاضی,8387,748,منطقه 3,مهندسی مکانیک,دانشگاه تبریز
1395,ریاضی,8387,2847,منطقه 2,مهندسی پزشکی,دانشگاه تبریز
1395,ریاضی,8387,2847,منطقه 2,مهندسی کامپیوتر,دانشگاه زنجان
1395,ریاضی,8394,2850,منطقه 2,مهندسی برق,دانشگاه قم
1395,ریاضی,8403,751,منطقه 3,آموزش فیزیک - بومی استان تهران,پردیس شهید چمران - تهران
1395,ریاضی,8403,751,منطقه 3,مهندسی عمران - بومی استان گلستان,دانشگاه تربیت دبیر شهید رجایی - تهران (رشته های دارای تعهد به آموزش و پرورش)
1395,ریاضی,8403,2852,منطقه 2,مهندسی برق,دانشگاه صنعتی بابل
1395,ریاضی,8403,2852,منطقه 2,مهندسی صنایع,دانشگاه یزد
1395,ریاضی,8411,2854,منطقه 2,مهندسی برق,دانشگاه صنعتی شیراز
1395,ریاضی,8418,2856,منطقه 2,مهندسی برق,دانشگاه بوعلی سینا - همدان
1395,ریاضی,8424,2857,منطقه 2,علوم کامپیوتر,دانشگاه اصفهان
1395,ریاضی,8424,2857,منطقه 2,مهندسی کامپیوتر,دانشگاه قم
1395,ریاضی,8430,2859,منطقه 2,مهندسی معدن,دانشگاه تهران
1395,ریاضی,8430,4646,منطقه 1,مهندسی برق,دانشگاه تبریز
1395,ریاضی,8437,2863,منطقه 2,مهندسی مواد و متالور‍ژی,دانشگاه صنعتی اصفهان
1395,ریاضی,8437,2863,منطقه 2,مهندسی مکانیک,دانشگاه بین المللی امام خمینی(ره) - قزوین
1395,ریاضی,8437,2863,منطقه 2,مهندسی کامپیوتر,دانشگاه تهران (محل تحصیل قم)
1395,ریاضی,8444,754,منطقه 3,مهندسی برق - بومی استان سیستان وبلوچستان,دانشگاه تربیت دبیر شهید رجایی - تهران (رشته های دارای تعهد به آموزش و پرورش)
1395,ریاضی,8452,755,منطقه 3,مهندسی عمران,دانشگاه شیراز
1395,ریاضی,8452,2868,منطقه 2,مهندسی برق,دانشگاه صنعت نفت (محل تحصیل اهواز)
1395,ریاضی,8452,2868,منطقه 2,مهندسی شیمی,دانشگاه اراک
1395,ریاضی,8452,2868,منطقه 2,مهندسی علمی کاربردی عمران - گرایش آب و فاضلاب,دانشگاه شهید بهشتی (شهیدعباسپور)
1395,ریاضی,8452,2868,منطقه 2,مهندسی مواد و متالور‍ژی,دانشگاه صنعتی اصفهان
1395,ریاضی,8461,2872,منطقه 2,مهندسی مکانیک,دانشگاه صنعتی بابل
1395,ریاضی,8467,756,منطقه 3,مهندسی نفت,دانشگاه شیراز
1395,ریاضی,8467,756,منطقه 3,مهندسی کامپیوتر,دانشگاه شیراز
1395,ریاضی,8474,758,منطقه 3,مهندسی برق,دانشگاه صنعتی بابل
1395,ریاضی,8474,2876,منطقه 2,مهندسی مواد و متالور‍ژی,دانشگاه صنعتی اصفهان
1395,ریاضی,8493,762,منطقه 3,مهندسی عمران - بومی استان البرز,دانشگاه تربیت دبیر شهید رجایی - تهران (رشته های دارای تعهد به آموزش و پرورش)
1395,ریاضی,8493,2881,منطقه 2,مهندسی شیمی,دانشگاه صنعت نفت (محل تحصیل آبادان)
1395,ریاضی,8493,2881,منطقه 2,هوانوردی,مرکز آموزش عالی هوانوردی و فرودگاهی کشور
1395,ریاضی,8493,4676,منطقه 1,فیزیک,دانشگاه صنعتی خواجه نصیرالدین طوسی - تهران
1395,ریاضی,8500,764,منطقه 3,مهندسی پزشکی,دانشگاه اصفهان
1395,ریاضی,8500,4680,منطقه 1,مهندسی مواد و متالور‍ژی,دانشگاه صنعتی اصفهان
1395,ریاضی,8507,765,منطقه 3,فیزیک,دانشگاه الزهرا(س) - تهران
1395,ریاضی,8507,2885,منطقه 2,علوم کامپیوتر,دانشگاه اصفهان
1395,ریاضی,8507,2885,منطقه 2,مهندسی برق,دانشگاه شهید باهنر - کرمان
1395,ریاضی,8507,2885,منطقه 2,مهندسی مکانیک,دانشگاه قم
1395,ریاضی,8513,4687,منطقه 1,مهندسی مکانیک,دانشگاه یزد
1395,ریاضی,8519,767,منطقه 3,مهندسی معماری,دانشگاه شیراز
1395,ریاضی,8519,767,منطقه 3,مهندسی پزشکی,دانشگاه اصفهان
1395,ریاضی,8519,2889,منطقه 2,مهندسی برق,دانشگاه تبریز
1395,ریاضی,8519,2889,منطقه 2,مهندسی عمران,دانشگاه یزد
1395,ریاضی,8528,770,منطقه 3,مهندسی معماری,دانشگاه بوعلی سینا - همدان
1395,ریاضی,8528,770,منطقه 3,مهندسی نفت,دانشگاه صنعت نفت (محل تحصیل اهواز)
1395,ریاضی,8528,4694,منطقه 1,ریاضیات و کاربردها,دانشگاه شهید بهشتی - تهران
1395,ریاضی,8539,2895,منطقه 2,مهندسی برق,دانشگاه شهید باهنر - کرمان
1395,ریاضی,8539,2895,منطقه 2,مهندسی برق - بومی استان خوزستان,دانشگاه تربیت دبیر شهید رجایی - تهران (رشته های دارای تعهد به آموزش و پرورش)
1395,ریاضی,8539,4699,منطقه 1,مهندسی عمران,دانشگاه صنعتی قم
1395,ریاضی,8546,2898,منطقه 2,مهندسی مکانیک,دانشگاه صنعتی بابل
1395,ریاضی,8554,2900,منطقه 2,مهندسی عمران,دانشگاه صنعتی قم
1395,ریاضی,8554,2900,منطقه 2,مهندسی پلیمر,دانشگاه صنعتی قم
1395,ریاضی,8554,4708,منطقه 1,علوم اقتصادی,دانشگاه خوارزمی تهران
1395,ریاضی,8554,4708,منطقه 1,مهندسی معماری,دانشگاه تبریز
1395,ریاضی,8559,773,منطقه 3,مهندسی مکانیک,دانشگاه صنعتی بابل
1395,ریاضی,8577,175,ایثارگران,مهندسی برق,دانشگاه تهران
1395,ریاضی,8577,2910,منطقه 2,مهندسی شیمی,دانشگاه شیراز
1395,ریاضی,8577,2910,منطقه 2,مهندسی صنایع,دانشگاه قم
1395,ریاضی,8577,2910,منطقه 2,مهندسی کامپیوتر - بومی استان گیلان,دانشگاه تربیت دبیر شهید رجایی - تهران (رشته های دارای تعهد به آموزش و پرورش)
1395,ریاضی,8591,775,منطقه 3,مهندسی معماری,دانشکده فنی وحرفه ای دختران تهران (دکتر شریعتی)
1395,ریاضی,8591,2916,منطقه 2,مهندسی برق,دانشگاه شهید باهنر - کرمان
1395,ریاضی,8591,2916,منطقه 2,مهندسی برق,دانشگاه صنعت نفت (محل تحصیل اهواز)
1395,ریاضی,8601,2920,منطقه 2,مهندسی نفت,دانشگاه صنعت نفت (محل تحصیل اهواز)
1395,ریاضی,8601,4730,منطقه 1,مهندسی شیمی,دانشگاه فردوسی - مشهد
1395,ریاضی,8601,4730,منطقه 1,مهندسی کامپیوتر,دانشگاه غیرانتفاعی علم و فرهنگ - تهران
1395,ریاضی,8616,2923,منطقه 2,مهندسی عمران,دانشگاه صنعتی شاهرود
1395,ریاضی,8624,2926,منطقه 2,مهندسی معماری,دانشگاه بین المللی امام خمینی(ره) - قزوین
1395,ریاضی,8624,2926,منطقه 2,مهندسی کامپیوتر,دانشگاه یزد
1395,ریاضی,8624,4745,منطقه 1,مهندسی صنایع,دانشکده فنی ومهندسی گرمسار
1395,ریاضی,8631,779,منطقه 3,مهندسی کامپیوتر,دانشگاه تبریز
1395,ریاضی,8631,2929,منطقه 2,مهندسی صنایع,دانشگاه کاشان
1395,ریاضی,8631,4749,منطقه 1,مهندسی عمران,دانشگاه غیرانتفاعی علم و فرهنگ - تهران
1395,ریاضی,8639,781,منطقه 3,مهندسی مواد و متالور‍ژی,دانشگاه صنعتی امیرکبیر - تهران
1395,ریاضی,8647,2932,منطقه 2,مهندسی مواد و متالور‍ژی,دانشگاه صنعتی اصفهان
1395,ریاضی,8651,2934,منطقه 2,مهندسی نفت,دانشگاه صنعت نفت (محل تحصیل اهواز)
1395,ریاضی,8662,783,منطقه 3,مهندسی شیمی,دانشگاه صنعتی اصفهان
1395,ریاضی,8662,2939,منطقه 2,مهندسی برق,دانشگاه صنعتی شیراز
1395,ریاضی,8662,2939,منطقه 2,مهندسی خودرو - بومی استان خراسان رضوی,دانشگاه تربیت دبیر شهید رجایی - تهران (رشته های دارای تعهد به آموزش و پرورش)
1395,ریاضی,8673,2942,منطقه 2,مهندسی مکانیک,دانشگاه کاشان
1395,ریاضی,8673,2942,منطقه 2,مهندسی کامپیوتر,دانشگاه صنعتی بابل
1395,ریاضی,8682,2946,منطقه 2,مهندسی مکانیک,دانشگاه هرمزگان - بندرعباس
1395,ریاضی,8682,2946,منطقه 2,مهندسی کامپیوتر,دانشگاه صنعتی بیرجند
1395,ریاضی,8682,4778,منطقه 1,مهندسی عمران,دانشگاه شهرکرد
1395,ریاضی,8688,2949,منطقه 2,ریاضیات و کاربردها,دانشگاه تهران
1395,ریاضی,8698,2951,منطقه 2,مهندسی صنایع,دانشگاه صنعتی قم
1395,ریاضی,8698,2951,منطقه 2,هوانوردی,مرکز آموزش عالی هوانوردی و فرودگاهی کشور
1395,ریاضی,8707,4793,منطقه 1,مهندسی شهرسازی,دانشگاه فردوسی - مشهد
1395,ریاضی,8717,2958,منطقه 2,مهندسی برق,دانشگاه صنعتی بابل
1395,ریاضی,8717,2958,منطقه 2,مهندسی مکانیک,دانشگاه بوعلی سینا - همدان
1395,ریاضی,8717,2958,منطقه 2,مهندسی نفت,دانشگاه صنعت نفت (محل تحصیل اهواز)
1395,ریاضی,8717,2958,منطقه 2,مهندسی کامپیوتر,دانشگاه شیراز
1395,ریاضی,8717,4799,منطقه 1,مهندسی صنایع,دانشگاه تبریز
1395,ریاضی,8717,4799,منطقه 1,مهندسی کامپیوتر,دانشگاه غیرانتفاعی علم و فرهنگ - تهران
1395,ریاضی,8729,2963,منطقه 2,مهندسی مکانیک - بومی استان اصفهان,دانشگاه تربیت دبیر شهید رجایی - تهران (رشته های دارای تعهد به آموزش و پرورش)
1395,ریاضی,8738,2968,منطقه 2,مهندسی صنایع,دانشگاه بوعلی سینا - همدان
1395,ریاضی,8742,787,منطقه 3,مهندسی معماری,دانشگاه بین المللی امام خمینی(ره) - قزوین
1395,ریاضی,8747,2971,منطقه 2,مهندسی صنایع,دانشگاه شهید باهنر - کرمان
1395,ریاضی,8754,2975,منطقه 2,آموزش ریاضی - بومی استان خوزستان,پردیس فاطمه الزهرا (س) - اهواز
1395,ریاضی,8754,2975,منطقه 2,مهندسی برق,دانشگاه شهید چمران اهواز
1395,ریاضی,8754,2975,منطقه 2,مهندسی مکانیک,دانشگاه گیلان - رشت
1395,ریاضی,8763,790,منطقه 3,مهندسی نفت,دانشگاه تهران (محل تحصیل فومن گیلان)
1395,ریاضی,8763,2979,منطقه 2,مهندسی مکانیک,دانشگاه یزد
1395,ریاضی,8763,2979,منطقه 2,مهندسی هوا فضا,دانشگاه صنعتی ارومیه
1395,ریاضی,8763,2979,منطقه 2,مهندسی کامپیوتر,دانشگاه یزد
1395,ریاضی,8763,4819,منطقه 1,آموزش ریاضی - بومی استان اصفهان,پردیس شهید باهنر - اصفهان
1395,ریاضی,8776,793,منطقه 3,مهندسی شیمی,دانشگاه صنعتی اصفهان
1395,ریاضی,8795,2991,منطقه 2,حسابداری,دانشگاه اصفهان
1395,ریاضی,8795,2991,منطقه 2,مهندسی مکانیک,دانشگاه صنعتی امیرکبیر - تهران
1395,ریاضی,8795,4834,منطقه 1,مهندسی برق,دانشگاه صنعتی شیراز
1395,ریاضی,8795,4834,منطقه 1,مهندسی مکانیک بیوسیستم (کشاورزی),دانشگاه صنعتی اصفهان
1395,ریاضی,8808,795,منطقه 3,مهندسی برق,دانشگاه اصفهان
1395,ریاضی,8808,795,منطقه 3,مهندسی مکانیک,دانشگاه صنعتی بابل
1395,ریاضی,8808,2996,منطقه 2,مهندسی برق,دانشگاه صنعتی شیراز
1395,ریاضی,8808,2996,منطقه 2,مهندسی شیمی,دانشگاه فردوسی - مشهد
1395,ریاضی,8808,2996,منطقه 2,مهندسی عمران,دانشگاه قم
1395,ریاضی,8817,2999,منطقه 2,مهندسی عمران,دانشگاه تبریز
1395,ریاضی,8817,2999,منطقه 2,مهندسی عمران,دانشگاه صنعتی بابل
1395,ریاضی,8829,799,منطقه 3,مهندسی صنایع,دانشگاه الزهرا(س) - تهران
1395,ریاضی,8829,799,منطقه 3,مهندسی کامپیوتر,دانشگاه تبریز
1395,ریاضی,8829,3003,منطقه 2,مهندسی برق,دانشگاه شهید باهنر - کرمان
1395,ریاضی,8829,3003,منطقه 2,مهندسی دریا,دانشگاه صنعتی امیرکبیر - تهران
1395,ریاضی,8829,3003,منطقه 2,مهندسی کامپیوتر,دانشگاه شیراز
1395,ریاضی,8840,801,منطقه 3,علوم کامپیوتر,دانشگاه صنعتی امیرکبیر - تهران
1395,ریاضی,8846,4860,منطقه 1,مهندسی معماری,دانشگاه شیراز
1395,ریاضی,8857,803,منطقه 3,آموزش ریاضی - بومی استان البرز,پردیس نسیبه - تهران
1395,ریاضی,8857,803,منطقه 3,ریاضیات و کاربردها,دانشگاه صنعتی شریف - تهران
1395,ریاضی,8857,3010,منطقه 2,مدیریت بازرگانی,دانشگاه تهران (محل تحصیل قم)
1395,ریاضی,8857,3010,منطقه 2,مهندسی عمران,دانشگاه شهید چمران اهواز
1395,ریاضی,8857,3010,منطقه 2,مهندسی مکانیک,دانشگاه صنعتی بابل
1395,ریاضی,8857,4866,منطقه 1,ریاضیات و کاربردها,دانشگاه شهید بهشتی - تهران
1395,ریاضی,8857,4866,منطقه 1,مهندسی صنایع,دانشگاه تبریز
1395,ریاضی,8867,3014,منطقه 2,آموزش ابتدایی - بومی استان خراسان رضوی,پردیس شهید بهشتی - مشهد
1395,ریاضی,8867,3014,منطقه 2,مهندسی برق,دانشگاه ارومیه
1395,ریاضی,8874,3018,منطقه 2,مهندسی برق,دانشگاه ارومیه
1395,ریاضی,8874,3018,منطقه 2,مهندسی برق,دانشگاه صنعت نفت (محل تحصیل اهواز)
1395,ریاضی,8874,3018,منطقه 2,مهندسی کامپیوتر,دانشگاه صنعتی بابل
1395,ریاضی,8881,805,منطقه 3,مهندسی مواد و متالور‍ژی,دانشگاه علم و صنعت ایران - تهران
1395,ریاضی,8887,807,منطقه 3,مهندسی مواد و متالور‍ژی,دانشگاه صنعتی امیرکبیر - تهران
1395,ریاضی,8895,808,منطقه 3,مهندسی کامپیوتر - بومی استان کرمان,دانشگاه تربیت دبیر شهید رجایی - تهران (رشته های دارای تعهد به آموزش و پرورش)
1395,ریاضی,8895,3026,منطقه 2,فیزیک,دانشگاه صنعتی خواجه نصیرالدین طوسی - تهران
1395,ریاضی,8895,3026,منطقه 2,مهندسی مکانیک,دانشگاه صنعتی بابل
1395,ریاضی,8895,4882,منطقه 1,فیزیک,دانشگاه صنعتی اصفهان
1395,ریاضی,8903,3029,منطقه 2,مهندسی مکانیک,دانشگاه صنعت نفت (محل تحصیل اهواز)
1395,ریاضی,8903,4886,منطقه 1,مهندسی هوا فضا,دانشگاه فردوسی - مشهد
1395,ریاضی,8909,3032,منطقه 2,مهندسی شیمی,دانشگاه شیراز
1395,ریاضی,8909,3032,منطقه 2,مهندسی مکانیک,دانشگاه گیلان - رشت
1395,ریاضی,8927,3040,منطقه 2,مهندسی عمران,دانشگاه صنعتی بابل
1395,ریاضی,8927,4898,منطقه 1,مهندسی برق,دانشگاه بین المللی امام خمینی(ره) - قزوین
1395,ریاضی,8937,3043,منطقه 2,مهندسی مکانیک,دانشگاه گیلان - رشت
1395,ریاضی,8946,3045,منطقه 2,مهندسی برق,دانشگاه یزد
1395,ریاضی,8946,3045,منطقه 2,مهندسی معماری,دانشگاه مازندران - بابلسر
1395,ریاضی,8946,4910,منطقه 1,مهندسی برق,دانشگاه فردوسی - مشهد
1395,ریاضی,8974,3054,منطقه 2,مهندسی پزشکی,دانشگاه تبریز
1395,ریاضی,8980,816,منطقه 3,مهندسی برق,دانشگاه اصفهان
1395,ریاضی,8980,816,منطقه 3,مهندسی شیمی,دانشگاه صنعتی اصفهان
1395,ریاضی,8980,3058,منطقه 2,مهندسی برق,دانشگاه صنعت نفت (محل تحصیل اهواز)
1395,ریاضی,8986,3061,منطقه 2,مهندسی عمران,دانشگاه تبریز
1395,ریاضی,8998,3068,منطقه 2,مهندسی عمران,دانشگاه یزد
1395,ریاضی,8998,3068,منطقه 2,مهندسی مکانیک,دانشگاه تبریز
1395,ریاضی,8998,3068,منطقه 2,مهندسی مکانیک,دانشگاه گیلان - رشت
1395,ریاضی,8998,3068,منطقه 2,مهندسی کامپیوتر,دانشگاه صنعتی شیراز
1395,ریاضی,8998,3068,منطقه 2,مهندسی کامپیوتر,دانشگاه قم
1395,ریاضی,8998,4934,منطقه 1,مهندسی عمران - بومی استان اذربایجان شرقی,دانشگاه تربیت دبیر شهید رجایی - تهران (رشته های دارای تعهد به آموزش و پرورش)
1395,ریاضی,9009,3074,منطقه 2,حسابداری,دانشگاه قم
1395,ریاضی,9009,3074,منطقه 2,مهندسی خودرو - بومی استان خراسان رضوی,دانشگاه تربیت دبیر شهید رجایی - تهران (رشته های دارای تعهد به آموزش و پرورش)
1395,ریاضی,9009,3074,منطقه 2,مهندسی معماری,دانشگاه قم
1395,ریاضی,9009,3074,منطقه 2,مهندسی مکانیک,دانشگاه صنعتی بابل
1395,ریاضی,9009,3074,منطقه 2,مهندسی مکانیک,دانشگاه یزد
1395,ریاضی,9009,4938,منطقه 1,مهندسی صنایع,دانشگاه غیرانتفاعی علم و فرهنگ - تهران
1395,ریاضی,9016,818,منطقه 3,فیزیک,دانشگاه صنعتی شریف - تهران
1395,ریاضی,9016,4941,منطقه 1,مهندسی کامپیوتر,دانشگاه فردوسی - مشهد
1395,ریاضی,9022,819,منطقه 3,مهندسی پزشکی,دانشگاه اصفهان
1395,ریاضی,9022,4946,منطقه 1,مهندسی عمران,دانشگاه تبریز
1395,ریاضی,9031,820,منطقه 3,فیزیک,دانشگاه شهید مدنی آذربایجان - تبریز
1395,ریاضی,9031,3080,منطقه 2,مهندسی مکانیک,دانشگاه صنعتی بابل
1395,ریاضی,9031,3080,منطقه 2,مهندسی کامپیوتر,دانشگاه تبریز
1395,ریاضی,9044,3084,منطقه 2,علوم کامپیوتر,دانشگاه اصفهان
1395,ریاضی,9044,3084,منطقه 2,مهندسی برق,دانشگاه بین المللی امام خمینی(ره) - قزوین
1395,ریاضی,9044,3084,منطقه 2,مهندسی کامپیوتر,دانشگاه صنعتی شیراز
1395,ریاضی,9055,823,منطقه 3,مهندسی شیمی,دانشگاه صنعتی اصفهان
1395,ریاضی,9055,4964,منطقه 1,مهندسی صنایع,دانشگاه صنعتی شیراز
1395,ریاضی,9062,825,منطقه 3,مهندسی عمران,دانشگاه گیلان - رشت
1395,ریاضی,9062,3090,منطقه 2,مهندسی برق,دانشگاه بین المللی امام خمینی(ره) - قزوین
1395,ریاضی,9062,3090,منطقه 2,مهندسی عمران,دانشگاه صنعتی بابل
1395,ریاضی,9070,3094,منطقه 2,مهندسی برق,دانشگاه فردوسی - مشهد
1395,ریاضی,9070,3094,منطقه 2,مهندسی کامپیوتر,دانشگاه بوعلی سینا - همدان
1395,ریاضی,9070,4969,منطقه 1,مهندسی عمران,دانشگاه غیرانتفاعی خیام - مشهد
1395,ریاضی,9081,826,منطقه 3,مهندسی کامپیوتر,دانشگاه تبریز
1395,ریاضی,9081,3097,منطقه 2,مهندسی مکانیک,دانشگاه صنعتی بابل
1395,ریاضی,9081,4976,منطقه 1,مهندسی معماری,دانشگاه غیرانتفاعی علم و فرهنگ - تهران
1395,ریاضی,9091,3100,منطقه 2,مهندسی برق,دانشگاه یزد
1395,ریاضی,9091,3100,منطقه 2,مهندسی کامپیوتر,دانشگاه صنعتی شیراز
1395,ریاضی,9097,828,منطقه 3,مهندسی عمران,دانشگاه تبریز
1395,ریاضی,9097,3103,منطقه 2,مهندسی شیمی,دانشگاه صنعتی امیرکبیر - تهران (محل تحصیل بندر ماهشهر)
1395,ریاضی,9097,4985,منطقه 1,مهندسی شیمی,دانشگاه صنعت نفت (محل تحصیل اهواز)
1395,ریاضی,9106,3106,منطقه 2,آمار و کاربردها,دانشگاه شهید بهشتی - تهران
1395,ریاضی,9106,3106,منطقه 2,مهندسی مکانیک,دانشگاه تبریز
1395,ریاضی,9106,4989,منطقه 1,مهندسی پزشکی,دانشگاه صنعتی امیرکبیر - تهران
1395,ریاضی,9116,3110,منطقه 2,مهندسی برق,دانشگاه صنعتی بابل
1395,ریاضی,9116,3110,منطقه 2,مهندسی دریا,دانشگاه صنعتی امیرکبیر - تهران
1395,ریاضی,9121,3112,منطقه 2,مهندسی برق,دانشگاه صنعتی بابل
1395,ریاضی,9121,4998,منطقه 1,مهندسی کامپیوتر,دانشگاه تبریز
1395,ریاضی,9128,830,منطقه 3,مهندسی عمران - بومی استان خوزستان,دانشگاه تربیت دبیر شهید رجایی - تهران (رشته های دارای تعهد به آموزش و پرورش)
1395,ریاضی,9128,830,منطقه 3,مهندسی معماری - بومی استان لرستان,دانشگاه تربیت دبیر شهید رجایی - تهران (رشته های دارای تعهد به آموزش و پرورش)
1395,ریاضی,9128,3113,منطقه 2,مهندسی معماری,دانشگاه قم
1395,ریاضی,9137,3117,منطقه 2,آموزش ابتدایی - بومی استان مازندران,پردیس دکتر شریعتی - ساری
1395,ریاضی,9137,3117,منطقه 2,مهندسی برق - بومی استان خوزستان,دانشگاه تربیت دبیر شهید رجایی - تهران (رشته های دارای تعهد به آموزش و پرورش)
1395,ریاضی,9147,834,منطقه 3,مهندسی عمران,دانشگاه بوعلی سینا - همدان
1395,ریاضی,9147,834,منطقه 3,مهندسی نفت,دانشگاه صنعت نفت (محل تحصیل اهواز)
1395,ریاضی,9155,836,منطقه 3,مهندسی پزشکی,دانشگاه اصفهان
1395,ریاضی,9155,3123,منطقه 2,مهندسی تعمیر و نگهداری هواپیما,مرکز آموزش عالی هوانوردی و فرودگاهی کشور
1395,ریاضی,9163,3127,منطقه 2,مهندسی شیمی,دانشگاه فردوسی - مشهد
1395,ریاضی,9163,3127,منطقه 2,مهندسی عمران,دانشگاه گیلان - رشت
1395,ریاضی,9172,3132,منطقه 2,مهندسی مکانیک,دانشگاه یزد
1395,ریاضی,9182,3138,منطقه 2,ریاضیات و کاربردها,دانشگاه تهران
1395,ریاضی,9182,3138,منطقه 2,مهندسی برق,دانشگاه صنعتی شیراز
1395,ریاضی,9182,3138,منطقه 2,مهندسی معدن,دانشگاه تهران
1395,ریاضی,9182,3138,منطقه 2,مهندسی کامپیوتر - بومی استان فارس,دانشگاه تربیت دبیر شهید رجایی - تهران (رشته های دارای تعهد به آموزش و پرورش)
1395,ریاضی,9191,838,منطقه 3,مهندسی مکانیک,دانشگاه تبریز
1395,ریاضی,9191,5029,منطقه 1,مهندسی معماری,دانشگاه یزد
1395,ریاضی,9191,5029,منطقه 1,مهندسی مکانیک,دانشگاه کاشان
1395,ریاضی,9201,840,منطقه 3,مهندسی برق,دانشگاه فردوسی - مشهد
1395,ریاضی,9201,840,منطقه 3,مهندسی نفت - بومی استان کهکیلویه و بویراحمد,دانشگاه شیراز
1395,ریاضی,9201,3144,منطقه 2,مهندسی عمران,دانشگاه ارومیه
1395,ریاضی,9201,3144,منطقه 2,مهندسی نفت,دانشگاه شیراز
1395,ریاضی,9212,842,منطقه 3,مهندسی شیمی,دانشگاه صنعتی اصفهان
1395,ریاضی,9212,3146,منطقه 2,علوم اقتصادی,دانشگاه علامه طباطبایی - تهران
1395,ریاضی,9212,5041,منطقه 1,مهندسی معماری,دانشگاه غیرانتفاعی خیام - مشهد
1395,ریاضی,9221,844,منطقه 3,مهندسی کامپیوتر,دانشگاه فردوسی - مشهد
1395,ریاضی,9221,5048,منطقه 1,مهندسی برق,دانشگاه صنعتی شیراز
1395,ریاضی,9229,845,منطقه 3,مهندسی برق,دانشگاه صنعتی سهند - تبریز
1395,ریاضی,9229,3150,منطقه 2,مهندسی برق,دانشگاه کاشان
1395,ریاضی,9229,3150,منطقه 2,مهندسی مکانیک,دانشگاه صنعتی شاهرود
1395,ریاضی,9244,3155,منطقه 2,مهندسی برق,دانشگاه بین المللی امام خمینی(ره) - قزوین
1395,ریاضی,9244,3155,منطقه 2,مهندسی کامپیوتر,دانشگاه غیرانتفاعی علم و فرهنگ - تهران
1395,ریاضی,9244,5059,منطقه 1,مهندسی کامپیوتر,دانشگاه کاشان
1395,ریاضی,9254,3160,منطقه 2,مهندسی مکانیک,دانشگاه بوعلی سینا - همدان
1395,ریاضی,9254,3160,منطقه 2,مهندسی پلیمر,دانشگاه صنعتی سهند - تبریز
1395,ریاضی,9254,5065,منطقه 1,مهندسی معدن,دانشگاه صنعتی امیرکبیر - تهران
1395,ریاضی,9264,848,منطقه 3,مهندسی برق,دانشگاه شیراز
1395,ریاضی,9264,848,منطقه 3,مهندسی عمران,دانشگاه صنعتی اصفهان
1395,ریاضی,9264,3164,منطقه 2,مهندسی شیمی,دانشگاه فردوسی - مشهد
1395,ریاضی,9264,3164,منطقه 2,مهندسی کامپیوتر,دانشگاه بوعلی سینا - همدان
1395,ریاضی,9264,5070,منطقه 1,مهندسی صنایع,دانشگاه غیرانتفاعی علم و فرهنگ - تهران
1395,ریاضی,9264,5070,منطقه 1,مهندسی مواد و متالور‍ژی,دانشگاه شیراز
1395,ریاضی,9273,3167,منطقه 2,مهندسی برق,دانشگاه صنعتی شاهرود
1395,ریاضی,9273,3167,منطقه 2,مهندسی مکانیک,دانشگاه زنجان
1395,ریاضی,9273,5073,منطقه 1,مهندسی برق,دانشگاه محقق اردبیلی - اردبیل
1395,ریاضی,9279,3170,منطقه 2,مهندسی دریا,دانشگاه صنعتی امیرکبیر - تهران
1395,ریاضی,9279,3170,منطقه 2,مهندسی معدن,دانشگاه تهران
1395,ریاضی,9285,851,منطقه 3,مهندسی برق,دانشگاه شیراز
1395,ریاضی,9285,3173,منطقه 2,مهندسی شیمی,دانشگاه صنعتی سهند - تبریز
1395,ریاضی,9285,5079,منطقه 1,حسابداری,دانشگاه شهید چمران اهواز
1395,ریاضی,9285,5079,منطقه 1,مهندسی برق,دانشگاه بین المللی امام خمینی(ره) - قزوین
1395,ریاضی,9289,852,منطقه 3,مهندسی نفت,دانشگاه صنعت نفت (محل تحصیل اهواز)
1395,ریاضی,9296,853,منطقه 3,علوم کامپیوتر,دانشگاه شهید بهشتی - تهران
1395,ریاضی,9296,3176,منطقه 2,مهندسی عمران,دانشگاه بوعلی سینا - همدان
1395,ریاضی,9296,3176,منطقه 2,مهندسی مکانیک,دانشگاه بوعلی سینا - همدان
1395,ریاضی,9296,3176,منطقه 2,مهندسی کامپیوتر,دانشگاه صنعتی امیرکبیر - تهران
1395,ریاضی,9296,3176,منطقه 2,مهندسی کامپیوتر,دانشگاه صنعتی بابل
1395,ریاضی,9306,3181,منطقه 2,مهندسی مکانیک,دانشگاه صنعت نفت (محل تحصیل اهواز)
1395,ریاضی,9306,3181,منطقه 2,مهندسی مکانیک,دانشگاه قم
1395,ریاضی,9313,856,منطقه 3,مهندسی شیمی,دانشگاه صنعتی اصفهان
1395,ریاضی,9313,3184,منطقه 2,مهندسی برق,دانشگاه بین المللی امام خمینی(ره) - قزوین
1395,ریاضی,9313,5091,منطقه 1,مهندسی کامپیوتر,دانشگاه فردوسی - مشهد
1395,ریاضی,9321,858,منطقه 3,مهندسی شیمی,دانشگاه صنعتی اصفهان
1395,ریاضی,9321,3185,منطقه 2,مهندسی عمران,دانشگاه تربت حیدریه
1395,ریاضی,9328,859,منطقه 3,مهندسی نفت,دانشگاه شیراز
1395,ریاضی,9328,3187,منطقه 2,آموزش ابتدایی - بومی استان مازندران,پردیس دکتر شریعتی - ساری
1395,ریاضی,9336,860,منطقه 3,مهندسی مواد و متالور‍ژی,دانشگاه علم و صنعت ایران - تهران
1395,ریاضی,9336,3190,منطقه 2,مهندسی عمران,دانشگاه یزد
1395,ریاضی,9336,3190,منطقه 2,مهندسی کامپیوتر,دانشگاه تبریز
1395,ریاضی,9336,5104,منطقه 1,مهندسی شهرسازی,دانشگاه بین المللی امام خمینی(ره) - قزوین
1395,ریاضی,9347,861,منطقه 3,مهندسی کامپیوتر,دانشگاه شیراز
1395,ریاضی,9347,3193,منطقه 2,مهندسی صنایع,دانشگاه صنعتی امیرکبیر - تهران
1395,ریاضی,9347,5110,منطقه 1,مهندسی معدن,دانشگاه صنعتی امیرکبیر - تهران
1395,ریاضی,9347,5110,منطقه 1,مهندسی مواد و متالور‍ژی,دانشگاه یزد
1395,ریاضی,9357,3196,منطقه 2,مهندسی صنایع,دانشگاه صنعتی شیراز
1395,ریاضی,9363,3198,منطقه 2,مهندسی معماری,دانشگاه کاشان
1395,ریاضی,9363,3198,منطقه 2,مهندسی کامپیوتر,دانشگاه فردوسی - مشهد
1395,ریاضی,9363,5120,منطقه 1,مهندسی مکانیک,دانشگاه صنعتی قم
1395,ریاضی,9363,5120,منطقه 1,مهندسی کامپیوتر,دانشگاه فردوسی - مشهد
1395,ریاضی,9370,3202,منطقه 2,مهندسی کامپیوتر,دانشگاه صنعتی بابل
1395,ریاضی,9370,3202,منطقه 2,مهندسی کامپیوتر,دانشگاه یزد
1395,ریاضی,9378,863,منطقه 3,مهندسی برق,دانشگاه بوعلی سینا - همدان
1395,ریاضی,9378,5126,منطقه 1,مهندسی مکانیک,دانشگاه یزد
1395,ریاضی,9385,3207,منطقه 2,مهندسی عمران,دانشگاه صنعتی بابل
1395,ریاضی,9393,865,منطقه 3,مهندسی کامپیوتر,دانشگاه فردوسی - مشهد
1395,ریاضی,9393,3210,منطقه 2,مهندسی برق,دانشگاه صنعتی شیراز
1395,ریاضی,9393,3210,منطقه 2,مهندسی کامپیوتر,دانشگاه سمنان
1395,ریاضی,9405,867,منطقه 3,روانشناسی,دانشگاه علوم بهزیستی و توانبخشی تهران
1395,ریاضی,9405,867,منطقه 3,مهندسی پزشکی,دانشگاه صنعتی سهند - تبریز
1395,ریاضی,9405,3215,منطقه 2,مهندسی برق,دانشگاه ارومیه
1395,ریاضی,9405,3215,منطقه 2,مهندسی مکانیک,دانشگاه بوعلی سینا - همدان
1395,ریاضی,9405,3215,منطقه 2,مهندسی مکانیک,دانشگاه شهید باهنر - کرمان
1395,ریاضی,9405,3215,منطقه 2,مهندسی هوا فضا,دانشگاه صنعتی مالک اشتر (محل تحصیل اصفهان - شاهین شهر)
1395,ریاضی,9405,3215,منطقه 2,مهندسی کامپیوتر,دانشگاه تبریز
1395,ریاضی,9421,869,منطقه 3,مهندسی صنایع,دانشگاه صنعتی شیراز
1395,ریاضی,9421,3222,منطقه 2,فیزیک,دانشگاه علم و صنعت ایران - تهران
1395,ریاضی,9421,3222,منطقه 2,مهندسی برق,دانشگاه صنعتی بابل
1395,ریاضی,9421,3222,منطقه 2,مهندسی شیمی,دانشگاه فردوسی - مشهد
1395,ریاضی,9421,3222,منطقه 2,مهندسی مکانیک,دانشگاه رازی کرمانشاه
1395,ریاضی,9421,3222,منطقه 2,مهندسی مکانیک,دانشگاه شهید باهنر - کرمان
1395,ریاضی,9421,5146,منطقه 1,علوم کامپیوتر,دانشگاه اصفهان
1395,ریاضی,9435,3228,منطقه 2,مهندسی مکانیک,دانشگاه گیلان - رشت
1395,ریاضی,9435,5152,منطقه 1,مهندسی شیمی,دانشگاه فردوسی - مشهد
1395,ریاضی,9435,5152,منطقه 1,مهندسی نفت,دانشگاه شیراز
1395,ریاضی,9444,3232,منطقه 2,مهندسی مکانیک,دانشگاه بوعلی سینا - همدان
1395,ریاضی,9452,3235,منطقه 2,فیزیک,دانشگاه الزهرا(س) - تهران
1395,ریاضی,9452,3235,منطقه 2,مهندسی مکانیک,دانشگاه صنعتی بابل
1395,ریاضی,9461,872,منطقه 3,مهندسی برق,دانشگاه صنعت نفت (محل تحصیل اهواز)
1395,ریاضی,9471,874,منطقه 3,آموزش فیزیک - بومی استان خراسان شمالی,پردیس شهید بهشتی - مشهد
1395,ریاضی,9471,3242,منطقه 2,مهندسی پزشکی,دانشگاه تبریز
1395,ریاضی,9471,3242,منطقه 2,مهندسی کامپیوتر,دانشگاه تبریز
1395,ریاضی,9471,5168,منطقه 1,مهندسی شیمی,دانشگاه فردوسی - مشهد
1395,ریاضی,9479,876,منطقه 3,علوم کامپیوتر,دانشگاه شهید بهشتی - تهران
1395,ریاضی,9487,3246,منطقه 2,مهندسی عمران,دانشگاه بوعلی سینا - همدان
1395,ریاضی,9487,5177,منطقه 1,مهندسی برق,دانشگاه بین المللی امام خمینی(ره) - قزوین
1395,ریاضی,9487,5177,منطقه 1,مهندسی مکانیک,دانشگاه یزد
1395,ریاضی,9500,877,منطقه 3,آموزش فیزیک - بومی استان اردبیل,پردیس علامه امینی - تبریز
1395,ریاضی,9500,877,منطقه 3,ریاضیات و کاربردها,دانشگاه تهران
1395,ریاضی,9500,3250,منطقه 2,مهندسی برق,دانشکده فنی وحرفه ای دختران تهران (دکتر شریعتی)
1395,ریاضی,9511,189,ایثارگران,مهندسی معماری,دانشگاه تهران
1395,ریاضی,9511,3254,منطقه 2,آموزش فیزیک - بومی استان اصفهان,پردیس شهید باهنر - اصفهان
1395,ریاضی,9511,3254,منطقه 2,مهندسی معماری,دانشگاه صنعتی بابل
1395,ریاضی,9521,190,ایثارگران,مهندسی مکانیک,دانشگاه صنعتی اصفهان
1395,ریاضی,9521,879,منطقه 3,مهندسی عمران,دانشگاه تبریز
1395,ریاضی,9521,879,منطقه 3,مهندسی مواد و متالور‍ژی,دانشگاه علم و صنعت ایران - تهران
1395,ریاضی,9528,881,منطقه 3,آمزش ابتدایی - بومی استان اصفهان,پردیس بحرالعلوم - شهرکرد
1395,ریاضی,9528,3258,منطقه 2,مهندسی مکانیک,دانشگاه گیلان - رشت
1395,ریاضی,9528,5200,منطقه 1,مهندسی برق,دانشگاه صنعتی شیراز
1395,ریاضی,9534,3260,منطقه 2,مهندسی عمران,دانشگاه صنعتی قم
1395,ریاضی,9534,3260,منطقه 2,مهندسی مکانیک,دانشگاه زنجان
1395,ریاضی,9541,3265,منطقه 2,مهندسی مکانیک,دانشگاه کاشان
1395,ریاضی,9548,5209,منطقه 1,مدیریت صنعتی,دانشگاه اصفهان
1395,ریاضی,9548,5209,منطقه 1,مهندسی معماری,دانشکده فنی وحرفه ای دختران تهران (دکتر شریعتی)
1395,ریاضی,9555,5214,منطقه 1,مهندسی معماری,دانشگاه غیرانتفاعی علم و فرهنگ - تهران
1395,ریاضی,9563,3272,منطقه 2,مهندسی کامپیوتر,دانشگاه فردوسی - مشهد
1395,ریاضی,9563,5220,منطقه 1,مهندسی صنایع,دانشگاه تبریز
1395,ریاضی,9577,884,منطقه 3,مهندسی برق - بومی استان اذربایجان شرقی,دانشگاه تربیت دبیر شهید رجایی - تهران (رشته های دارای تعهد به آموزش و پرورش)
1395,ریاضی,9577,3275,منطقه 2,مهندسی مکانیک,دانشگاه شهید باهنر - کرمان
1395,ریاضی,9577,3275,منطقه 2,مهندسی نفت,دانشگاه صنعت نفت (محل تحصیل اهواز)
1395,ریاضی,9587,3278,منطقه 2,مهندسی شهرسازی,دانشگاه هنر اصفهان
1395,ریاضی,9587,5234,منطقه 1,مهندسی کامپیوتر,دانشکده فنی وحرفه ای دختران تهران (دکتر شریعتی)
1395,ریاضی,9598,889,منطقه 3,آموزش ابتدایی - بومی استان گلستان,پردیس امام خمینی - گرگان
1395,ریاضی,9598,889,منطقه 3,آموزش ریاضی - بومی استان خراسان شمالی,پردیس شهید بهشتی - مشهد
1395,ریاضی,9598,889,منطقه 3,مهندسی عمران,دانشگاه تبریز
1395,ریاضی,9598,3281,منطقه 2,مهندسی برق,دانشگاه بوعلی سینا - همدان
1395,ریاضی,9598,3281,منطقه 2,مهندسی کامپیوتر,دانشگاه گیلان - رشت
1395,ریاضی,9607,3283,منطقه 2,مهندسی کامپیوتر,دانشگاه صنعتی بابل
1395,ریاضی,9614,893,منطقه 3,مهندسی خط و سازه های ریلی,دانشگاه علم و صنعت ایران - تهران
1395,ریاضی,9614,3286,منطقه 2,مهندسی پلیمر,دانشگاه صنعتی امیرکبیر - تهران (محل تحصیل بندر ماهشهر)
1395,ریاضی,9614,5246,منطقه 1,مهندسی مکانیک,دانشگاه صنعتی قم
1395,ریاضی,9626,894,منطقه 3,مهندسی نفت,دانشگاه صنعت نفت (محل تحصیل اهواز)
1395,ریاضی,9626,3291,منطقه 2,مهندسی نفت,دانشگاه صنعت نفت (محل تحصیل اهواز)
1395,ریاضی,9626,3291,منطقه 2,مهندسی کامپیوتر,دانشگاه کاشان
1395,ریاضی,9637,3295,منطقه 2,مهندسی صنایع,دانشگاه تهران (محل تحصیل فومن گیلان)
1395,ریاضی,9637,5257,منطقه 1,مهندسی صنایع,دانشگاه کاشان
1395,ریاضی,9637,5257,منطقه 1,مهندسی مکانیک,دانشگاه صنعت نفت (محل تحصیل اهواز)
1395,ریاضی,9637,5257,منطقه 1,مهندسی کامپیوتر,دانشگاه صنعتی بابل
1395,ریاضی,9646,3297,منطقه 2,مهندسی برق,دانشگاه صنعتی قم
1395,ریاضی,9646,3297,منطقه 2,مهندسی مواد و متالور‍ژی,دانشگاه فردوسی - مشهد
1395,ریاضی,9646,5264,منطقه 1,مهندسی مکانیک,دانشگاه تبریز
1395,ریاضی,9646,5264,منطقه 1,مهندسی کامپیوتر,دانشگاه فردوسی - مشهد
1395,ریاضی,9654,897,منطقه 3,مهندسی برق,دانشگاه بین المللی امام خمینی(ره) - قزوین
1395,ریاضی,9654,3300,منطقه 2,مهندسی شیمی,دانشگاه صنعتی همدان
1395,ریاضی,9663,899,منطقه 3,مهندسی برق,دانشگاه بوعلی سینا - همدان
1395,ریاضی,9663,899,منطقه 3,مهندسی شیمی,دانشگاه صنعتی اصفهان
1395,ریاضی,9663,3304,منطقه 2,مهندسی برق,دانشگاه رازی کرمانشاه
1395,ریاضی,9663,3304,منطقه 2,مهندسی عمران,دانشگاه صنعتی بابل
1395,ریاضی,9663,3304,منطقه 2,مهندسی نفت,دانشگاه تهران (محل تحصیل فومن گیلان)
1395,ریاضی,9672,3309,منطقه 2,مهندسی عمران,دانشگاه یزد
1395,ریاضی,9672,5272,منطقه 1,مهندسی عمران,دانشگاه تبریز
1395,ریاضی,9679,3313,منطقه 2,فیزیک,دانشگاه صنعتی اصفهان
1395,ریاضی,9679,5276,منطقه 1,مهندسی برق,دانشگاه صنعتی امیرکبیر - تهران
1395,ریاضی,9690,3316,منطقه 2,مهندسی شیمی,دانشگاه صنعت نفت (محل تحصیل اهواز)
1395,ریاضی,9698,903,منطقه 3,آموزش ریاضی - بومی استان البرز,پردیس علامه امینی - تبریز
1395,ریاضی,9698,903,منطقه 3,مهندسی شهرسازی,دانشگاه تهران
1395,ریاضی,9705,905,منطقه 3,آموزش فیزیک - بومی استان کردستان,پردیس علامه امینی - تبریز
1395,ریاضی,9705,3320,منطقه 2,مهندسی شیمی,دانشگاه صنعتی بابل
1395,ریاضی,9717,3325,منطقه 2,علوم کامپیوتر,دانشگاه خوارزمی - تهران (محل تحصیل کرج)
1395,ریاضی,9731,3330,منطقه 2,مهندسی برق,دانشگاه بین المللی امام خمینی(ره) - قزوین
1395,ریاضی,9731,5300,منطقه 1,مهندسی کامپیوتر,دانشگاه تبریز
1395,ریاضی,9741,3335,منطقه 2,مهندسی مکانیک,دانشگاه صنعتی بابل
1395,ریاضی,9749,3339,منطقه 2,آمزش ابتدایی - بومی استان اذربایجان شرقی,پردیس علامه امینی - تبریز
1395,ریاضی,9749,5307,منطقه 1,آموزش ریاضی - بومی استان خراسان رضوی,پردیس شهید بهشتی - مشهد
1395,ریاضی,9763,3345,منطقه 2,مهندسی برق,دانشگاه صنعتی بابل
1395,ریاضی,9774,912,منطقه 3,مهندسی مکانیک,دانشگاه شهید باهنر - کرمان
1395,ریاضی,9774,3348,منطقه 2,مهندسی مکانیک,دانشگاه بوعلی سینا - همدان
1395,ریاضی,9784,913,منطقه 3,علوم کامپیوتر,دانشگاه شهید بهشتی - تهران
1395,ریاضی,9784,3350,منطقه 2,مهندسی کامپیوتر,دانشگاه لرستان - خرم آباد
1395,ریاضی,9794,915,منطقه 3,مهندسی برق,دانشگاه یزد
1395,ریاضی,9794,915,منطقه 3,مهندسی پزشکی,دانشگاه اصفهان
1395,ریاضی,9794,5335,منطقه 1,ریاضیات و کاربردها,دانشگاه صنعتی خواجه نصیرالدین طوسی - تهران
1395,ریاضی,9794,5335,منطقه 1,مهندسی برق,دانشگاه تبریز
1395,ریاضی,9794,5335,منطقه 1,مهندسی مکانیک,دانشگاه شهرکرد
1395,ریاضی,9809,918,منطقه 3,مهندسی عمران,دانشگاه اصفهان
1395,ریاضی,9809,3356,منطقه 2,مهندسی برق,دانشگاه کاشان
1395,ریاضی,9809,3356,منطقه 2,مهندسی مکانیک,دانشگاه صنعتی بابل
1395,ریاضی,9809,5342,منطقه 1,مهندسی عمران,دانشگاه غیرانتفاعی صنعتی سجاد - مشهد
1395,ریاضی,9819,3360,منطقه 2,مهندسی مکانیک,دانشگاه صنعت نفت (محل تحصیل اهواز)
1395,ریاضی,9822,3362,منطقه 2,مهندسی عمران,دانشگاه تبریز
1395,ریاضی,9826,3364,منطقه 2,حسابداری,دانشگاه اصفهان
1395,ریاضی,9826,3364,منطقه 2,مهندسی عمران,دانشگاه صنعتی بابل
1395,ریاضی,9826,5351,منطقه 1,مهندسی مکانیک,دانشگاه کاشان
1395,ریاضی,9835,3367,منطقه 2,مهندسی عمران - بومی استان کرمان,دانشگاه تربیت دبیر شهید رجایی - تهران (رشته های دارای تعهد به آموزش و پرورش)
1395,ریاضی,9835,3367,منطقه 2,مهندسی کامپیوتر - بومی استان اذربایجان غربی,دانشگاه تربیت دبیر شهید رجایی - تهران (رشته های دارای تعهد به آموزش و پرورش)
1395,ریاضی,9835,5356,منطقه 1,مهندسی عمران,دانشگاه غیرانتفاعی علم و فرهنگ - تهران
1395,ریاضی,9844,920,منطقه 3,علوم کامپیوتر,دانشگاه شهید بهشتی - تهران
1395,ریاضی,9844,3369,منطقه 2,مهندسی شیمی,دانشگاه صنعت نفت (محل تحصیل اهواز)
1395,ریاضی,9851,3370,منطقه 2,مهندسی مکانیک,دانشگاه صنعتی بابل
1395,ریاضی,9861,3374,منطقه 2,فیزیک,دانشگاه خوارزمی - تهران (محل تحصیل کرج)
1395,ریاضی,9861,3374,منطقه 2,مهندسی برق,دانشگاه بین المللی امام خمینی(ره) - قزوین
1395,ریاضی,9861,3374,منطقه 2,مهندسی برق,دانشگاه شهید چمران اهواز
1395,ریاضی,9861,3374,منطقه 2,مهندسی نفت,دانشگاه شیراز
1395,ریاضی,9861,5374,منطقه 1,مهندسی برق,دانشگاه غیرانتفاعی علم و فرهنگ - تهران
1395,ریاضی,9880,921,منطقه 3,مهندسی برق - بومی استان سیستان وبلوچستان,دانشگاه تربیت دبیر شهید رجایی - تهران (رشته های دارای تعهد به آموزش و پرورش)
1395,ریاضی,9880,3384,منطقه 2,مهندسی ایمنی,دانشگاه صنعت نفت (محل تحصیل آبادان)
1395,ریاضی,9880,3384,منطقه 2,مهندسی برق,دانشگاه شهید چمران اهواز
1395,ریاضی,9880,3384,منطقه 2,مهندسی پزشکی,دانشگاه تبریز
1395,ریاضی,9880,5383,منطقه 1,مهندسی عمران,دانشگاه تبریز
1395,ریاضی,9891,194,ایثارگران,مهندسی برق,دانشگاه تهران
1395,ریاضی,9891,3389,منطقه 2,مهندسی برق,دانشگاه صنعتی سهند - تبریز
1395,ریاضی,9891,5388,منطقه 1,مهندسی مواد و متالور‍ژی,دانشگاه بین المللی امام خمینی(ره) - قزوین
1395,ریاضی,9902,923,منطقه 3,مهندسی صنایع,دانشگاه تبریز
1395,ریاضی,9902,923,منطقه 3,مهندسی عمران,دانشگاه تبریز
1395,ریاضی,9902,923,منطقه 3,مهندسی کامپیوتر,دانشگاه صنعتی شاهرود
1395,ریاضی,9902,5393,منطقه 1,ریاضیات و کاربردها,دانشگاه تربیت دبیر شهید رجایی - تهران (رشته های دارای تعهد به آموزش و پرورش)
1395,ریاضی,9910,5398,منطقه 1,مهندسی عمران,دانشگاه صنعتی قم
1395,ریاضی,9917,3395,منطقه 2,مهندسی برق,دانشگاه صنعت نفت (محل تحصیل اهواز)
1395,ریاضی,9917,3395,منطقه 2,مهندسی برق,دانشگاه یزد
1395,ریاضی,9917,5402,منطقه 1,مهندسی برق,دانشگاه بین المللی امام خمینی(ره) - قزوین
1395,ریاضی,9928,928,منطقه 3,علوم کامپیوتر,دانشگاه شهید بهشتی - تهران
1395,ریاضی,9928,3399,منطقه 2,مهندسی مکانیک,دانشگاه بوعلی سینا - همدان
1395,ریاضی,9928,3399,منطقه 2,مهندسی مکانیک,دانشگاه سمنان
1395,ریاضی,9928,5407,منطقه 1,مهندسی کامپیوتر,دانشگاه شیراز
1395,ریاضی,9944,932,منطقه 3,مهندسی شیمی,دانشگاه اصفهان
1395,ریاضی,9944,3404,منطقه 2,مهندسی برق,دانشگاه هرمزگان - بندرعباس
1395,ریاضی,9944,3404,منطقه 2,مهندسی مکانیک,دانشگاه بوعلی سینا - همدان
1395,ریاضی,9956,934,منطقه 3,مهندسی برق - بومی استان سیستان وبلوچستان,دانشگاه تربیت دبیر شهید رجایی - تهران (رشته های دارای تعهد به آموزش و پرورش)
1395,ریاضی,9956,3411,منطقه 2,مهندسی برق,دانشگاه شهید باهنر - کرمان
1395,ریاضی,9956,3411,منطقه 2,مهندسی برق - بومی استان فارس,دانشگاه تربیت دبیر شهید رجایی - تهران (رشته های دارای تعهد به آموزش و پرورش)
1395,ریاضی,9956,3411,منطقه 2,مهندسی صنایع,دانشگاه تبریز
1395,ریاضی,9956,3411,منطقه 2,مهندسی مکانیک,دانشگاه صنعتی بابل
1395,ریاضی,9956,5417,منطقه 1,مهندسی کامپیوتر,دانشگاه شیراز
1395,ریاضی,9968,936,منطقه 3,مهندسی برق,دانشگاه گلستان - گرگان
1395,ریاضی,9968,936,منطقه 3,مهندسی شیمی,دانشگاه صنعتی اصفهان
1395,ریاضی,9968,936,منطقه 3,مهندسی مکانیک,دانشگاه صنعت نفت (محل تحصیل اهواز)
1395,ریاضی,9968,936,منطقه 3,مهندسی نفت,دانشگاه شیراز
1395,ریاضی,9968,3416,منطقه 2,مهندسی کامپیوتر,دانشگاه تبریز
1395,ریاضی,9980,939,منطقه 3,مهندسی برق,دانشگاه بین المللی امام خمینی(ره) - قزوین
1395,ریاضی,9980,3421,منطقه 2,آموزش ریاضی - بومی استان تهران,پردیس نسیبه - تهران
1395,ریاضی,9980,3421,منطقه 2,مهندسی برق,دانشگاه صنعتی بابل
1395,ریاضی,9980,3421,منطقه 2,مهندسی مکانیک,دانشگاه زنجان
1395,ریاضی,9980,5426,منطقه 1,مهندسی کامپیوتر,دانشگاه صنعتی شیراز
1395,ریاضی,9994,940,منطقه 3,مهندسی نفت,دانشگاه صنعتی سهند - تبریز
1395,ریاضی,9999,3427,منطقه 2,مهندسی پلیمر,دانشگاه صنعتی امیرکبیر - تهران (محل تحصیل بندر ماهشهر)
1395,انسانی,6,4,منطقه 1,کارشناسی ارشد پیوسته علوم قضایی,دانشگاه علوم قضایی و خدمات ادارای دادگستری
1395,انسانی,14,1,منطقه 3,حقوق,دانشگاه تهران
1395,انسانی,17,1,منطقه 2,حقوق,دانشگاه تهران
1395,انسانی,22,4,منطقه 2,روانشناسی,دانشگاه تهران
1395,انسانی,25,5,منطقه 2,روانشناسی,دانشگاه شهید بهشتی - تهران
1395,انسانی,27,6,منطقه 2,کارشناسی ارشد پیوسته معارف اسلامی و حقوق,دانشگاه شهید باهنر - کرمان
1395,انسانی,28,7,منطقه 2,حقوق,دانشگاه تهران
1395,انسانی,31,8,منطقه 2,حقوق,دانشگاه تهران
1395,انسانی,34,3,منطقه 3,حقوق,دانشگاه تهران
1395,انسانی,36,9,منطقه 2,حقوق,دانشگاه شهید بهشتی - تهران
1395,انسانی,39,25,منطقه 1,حقوق,دانشگاه تهران
1395,انسانی,45,30,منطقه 1,حقوق,دانشگاه تهران
1395,انسانی,46,10,منطقه 2,حقوق,دانشگاه تهران
1395,انسانی,51,34,منطقه 1,حقوق,دانشگاه تهران
1395,انسانی,54,35,منطقه 1,حقوق,دانشگاه تهران
1395,انسانی,58,38,منطقه 1,حقوق,دانشگاه تهران
1395,انسانی,59,39,منطقه 1,کارشناسی ارشد پیوسته علوم قضایی,دانشگاه علوم قضایی و خدمات ادارای دادگستری
1395,انسانی,65,16,منطقه 2,آموزش ابتدایی - بومی استان یزد,پردیس فاطمه الزهرا (س) - یزد
1395,انسانی,70,18,منطقه 2,حقوق,دانشگاه شهید بهشتی - تهران
1395,انسانی,71,19,منطقه 2,حقوق,دانشگاه تهران
1395,انسانی,71,19,منطقه 2,کارشناسی ارشد پیوسته علوم قضایی,دانشگاه علوم قضایی و خدمات ادارای دادگستری
1395,انسانی,76,22,منطقه 2,حقوق,دانشگاه شهید بهشتی - تهران
1395,انسانی,78,6,منطقه 3,حقوق,دانشگاه تهران
1395,انسانی,79,48,منطقه 1,کارشناسی ارشد پیوسته علوم قضایی,دانشگاه علوم قضایی و خدمات ادارای دادگستری
1395,انسانی,81,50,منطقه 1,حقوق,دانشگاه تهران
1395,انسانی,83,7,منطقه 3,حقوق,دانشگاه تهران
1395,انسانی,84,8,منطقه 3,حقوق,دانشگاه تهران
1395,انسانی,85,24,منطقه 2,حقوق,دانشگاه تهران
1395,انسانی,89,26,منطقه 2,حقوق,دانشگاه شهید بهشتی - تهران
1395,انسانی,90,27,منطقه 2,حقوق,دانشگاه تهران
1395,انسانی,92,29,منطقه 2,حقوق,دانشگاه تهران
1395,انسانی,96,30,منطقه 2,آموزش ابتدایی - بومی استان سمنان,پردیس نسیبه - تهران
1395,انسانی,96,30,منطقه 2,زبان و ادبیات فارسی,دانشگاه تهران
1395,انسانی,99,9,منطقه 3,روانشناسی,دانشگاه شهید بهشتی - تهران
1395,انسانی,102,10,منطقه 3,حقوق,دانشگاه تهران
1395,انسانی,103,32,منطقه 2,حقوق,دانشگاه شهید بهشتی - تهران
1395,انسانی,105,33,منطقه 2,حقوق,دانشگاه تهران
1395,انسانی,107,34,منطقه 2,کارشناسی ارشد پیوسته علوم قضایی,دانشگاه علوم قضایی و خدمات ادارای دادگستری
1395,انسانی,112,35,منطقه 2,حقوق,دانشگاه شهید بهشتی - تهران
1395,انسانی,113,3,ایثارگران,حقوق,دانشگاه تهران
1395,انسانی,116,68,منطقه 1,حقوق,دانشگاه شهید بهشتی - تهران
1395,انسانی,129,12,منطقه 3,حقوق,دانشگاه شهید بهشتی - تهران
1395,انسانی,133,36,منطقه 2,حقوق,دانشگاه شهید بهشتی - تهران
1395,انسانی,134,37,منطقه 2,کارشناسی ارشد پیوسته علوم قضایی,دانشگاه علوم قضایی و خدمات ادارای دادگستری
1395,انسانی,137,39,منطقه 2,کارشناسی ارشد پیوسته علوم قضایی,دانشگاه علوم قضایی و خدمات ادارای دادگستری
1395,انسانی,140,6,ایثارگران,حقوق,دانشگاه تهران
1395,انسانی,140,13,منطقه 3,کارشناسی ارشد پیوسته علوم قضایی,دانشگاه علوم قضایی و خدمات ادارای دادگستری
1395,انسانی,143,41,منطقه 2,حقوق,دانشگاه شهید بهشتی - تهران
1395,انسانی,145,42,منطقه 2,آموزش ابتدایی - بومی استان خوزستان,پردیس شهید باهنر - شیراز
1395,انسانی,156,91,منطقه 1,حقوق,دانشگاه شهید بهشتی - تهران
1395,انسانی,160,45,منطقه 2,آموزش زبان و ادبیات فارسی - بومی استان سمنان,پردیس نسیبه - تهران
1395,انسانی,161,15,منطقه 3,راهنمایی و مشاوره - بومی استان خراسان جنوبی,پردیس شهید بهشتی - مشهد
1395,انسانی,162,46,منطقه 2,فلسفه و حکمت اسلامی,دانشگاه تهران
1395,انسانی,164,47,منطقه 2,حقوق,دانشگاه شهید بهشتی - تهران
1395,انسانی,168,17,منطقه 3,حقوق,دانشگاه تهران
1395,انسانی,168,48,منطقه 2,حقوق,دانشگاه شهید بهشتی - تهران
1395,انسانی,172,98,منطقه 1,روانشناسی,دانشگاه اصفهان
1395,انسانی,174,49,منطقه 2,روانشناسی,دانشگاه شهید بهشتی - تهران
1395,انسانی,176,100,منطقه 1,روانشناسی,دانشگاه شیراز
1395,انسانی,178,102,منطقه 1,حقوق,دانشگاه شهید بهشتی - تهران
1395,انسانی,181,18,منطقه 3,روانشناسی,دانشگاه علامه طباطبایی - تهران
1395,انسانی,183,51,منطقه 2,فقه و مبانی حقوق اسلامی,دانشگاه بوعلی سینا - همدان
1395,انسانی,185,52,منطقه 2,حقوق,دانشگاه تهران
1395,انسانی,189,19,منطقه 3,دبیری زبان و ادبیات عربی - بومی استان کردستان,پردیس شهید رجایی - ارومیه
1395,انسانی,193,108,منطقه 1,روانشناسی,دانشگاه اصفهان
1395,انسانی,195,56,منطقه 2,حقوق,دانشگاه علامه طباطبایی - تهران
1395,انسانی,196,57,منطقه 2,دبیری الهیات و معارف اسلامی - بومی استان یزد,پردیس حضرت معصومه - قم
1395,انسانی,197,58,منطقه 2,کارشناسی ارشد پیوسته علوم قضایی,دانشگاه علوم قضایی و خدمات ادارای دادگستری
1395,انسانی,206,117,منطقه 1,مدیریت مالی,دانشگاه تهران
1395,انسانی,209,60,منطقه 2,حقوق,دانشگاه شهید بهشتی - تهران
1395,انسانی,210,61,منطقه 2,حقوق,دانشگاه شهید بهشتی - تهران
1395,انسانی,220,65,منطقه 2,کارشناسی ارشد پیوسته علوم قضایی,دانشگاه علوم قضایی و خدمات ادارای دادگستری
1395,انسانی,221,66,منطقه 2,حقوق,دانشگاه شهید بهشتی - تهران
1395,انسانی,225,67,منطقه 2,حقوق,دانشگاه اصفهان
1395,انسانی,234,71,منطقه 2,حقوق,دانشگاه شهید بهشتی - تهران
1395,انسانی,235,72,منطقه 2,علوم قضایی,دانشگاه علوم قضایی و خدمات ادارای دادگستری
1395,انسانی,238,21,منطقه 3,علوم قضایی,دانشگاه علوم قضایی و خدمات ادارای دادگستری
1395,انسانی,239,134,منطقه 1,کارشناسی ارشد پیوسته علوم قضایی,دانشگاه علوم قضایی و خدمات ادارای دادگستری
1395,انسانی,241,136,منطقه 1,روانشناسی,دانشگاه علامه طباطبایی - تهران
1395,انسانی,242,137,منطقه 1,حقوق,دانشگاه شیراز
1395,انسانی,245,22,منطقه 3,آموزش کودکان استثنایی - بومی استان کرمان,پردیس شهید هاشمی نژاد - مشهد
1395,انسانی,251,75,منطقه 2,حقوق,دانشگاه بوعلی سینا - همدان
1395,انسانی,252,76,منطقه 2,آموزش ابتدایی - بومی استان قم,پردیس حضرت معصومه - قم
1395,انسانی,252,143,منطقه 1,حقوق,دانشگاه شهید بهشتی - تهران
1395,انسانی,255,77,منطقه 2,حقوق,دانشگاه علامه طباطبایی - تهران
1395,انسانی,256,78,منطقه 2,پژوهشگری اجتماعی,دانشگاه تهران
1395,انسانی,257,23,منطقه 3,کارشناسی ارشد پیوسته علوم قضایی,دانشگاه علوم قضایی و خدمات ادارای دادگستری
1395,انسانی,260,80,منطقه 2,حقوق,دانشگاه فردوسی - مشهد
1395,انسانی,261,81,منطقه 2,حقوق,دانشگاه علامه طباطبایی - تهران
1395,انسانی,264,148,منطقه 1,حقوق,دانشگاه علامه طباطبایی - تهران
1395,انسانی,265,149,منطقه 1,کارشناسی ارشد پیوسته علوم قضایی,دانشگاه علوم قضایی و خدمات ادارای دادگستری
1395,انسانی,273,82,منطقه 2,روانشناسی,دانشگاه علامه طباطبایی - تهران
1395,انسانی,274,83,منطقه 2,علوم قضایی,دانشگاه علوم قضایی و خدمات ادارای دادگستری
1395,انسانی,275,84,منطقه 2,حقوق,دانشگاه علامه طباطبایی - تهران
1395,انسانی,279,87,منطقه 2,آموزش زبان و ادبیات فارسی - بومی استان یزد,پردیس شهید باهنر - شیراز
1395,انسانی,283,88,منطقه 2,روانشناسی,دانشگاه اصفهان
1395,انسانی,286,90,منطقه 2,علوم اقتصادی,دانشگاه شهید بهشتی - تهران
1395,انسانی,287,91,منطقه 2,حقوق,دانشگاه شهید بهشتی - تهران
1395,انسانی,288,92,منطقه 2,روانشناسی,دانشگاه علامه طباطبایی - تهران
1395,انسانی,292,93,منطقه 2,حقوق,دانشگاه علامه طباطبایی - تهران
1395,انسانی,296,95,منطقه 2,علوم قضایی,دانشگاه علوم قضایی و خدمات ادارای دادگستری
1395,انسانی,300,166,منطقه 1,علوم اقتصادی,دانشگاه علامه طباطبایی - تهران
1395,انسانی,301,25,منطقه 3,کارشناسی ارشد پیوسته علوم قضایی,دانشگاه علوم قضایی و خدمات ادارای دادگستری
1395,انسانی,305,100,منطقه 2,حقوق,دانشگاه شهید بهشتی - تهران
1395,انسانی,308,102,منطقه 2,راهنمایی و مشاوره - بومی استان یزد,پردیس شهید باهنر - شیراز
1395,انسانی,308,102,منطقه 2,فقه و مبانی حقوق اسلامی,دانشگاه تهران
1395,انسانی,312,104,منطقه 2,کارشناسی ارشد پیوسته علوم قضایی,دانشگاه علوم قضایی و خدمات ادارای دادگستری
1395,انسانی,317,105,منطقه 2,راهنمایی و مشاوره - بومی استان یزد,پردیس خواجه نصیرالدین طوسی - کرمان
1395,انسانی,322,107,منطقه 2,مدیریت مالی,دانشگاه تهران
1395,انسانی,325,108,منطقه 2,کارشناسی ارشد پیوسته علوم قضایی,دانشگاه علوم قضایی و خدمات ادارای دادگستری
1395,انسانی,327,109,منطقه 2,آموزش زبان و ادبیات فارسی - بومی استان یزد,پردیس شهید باهنر - شیراز
1395,انسانی,327,180,منطقه 1,فلسفه,دانشگاه تهران
1395,انسانی,329,27,منطقه 3,علوم قضایی,دانشگاه علوم قضایی و خدمات ادارای دادگستری
1395,انسانی,332,110,منطقه 2,روانشناسی,دانشگاه علامه طباطبایی - تهران
1395,انسانی,333,14,ایثارگران,روانشناسی,دانشگاه تهران
1395,انسانی,335,183,منطقه 1,حقوق,دانشگاه شاهد - تهران
1395,انسانی,338,28,منطقه 3,کارشناسی ارشد پیوسته علوم قضایی,دانشگاه علوم قضایی و خدمات ادارای دادگستری
1395,انسانی,348,30,منطقه 3,دبیری زبان و ادبیات عربی - بومی استان خراسان شمالی,پردیس حضرت معصومه - قم
1395,انسانی,348,115,منطقه 2,آموزش ابتدایی - بومی استان کردستان,پردیس بنت الهدی صدر - سنندج
1395,انسانی,351,31,منطقه 3,حقوق,دانشگاه تهران (محل تحصیل قم)
1395,انسانی,356,120,منطقه 2,علوم قضایی,دانشگاه علوم قضایی و خدمات ادارای دادگستری
1395,انسانی,357,190,منطقه 1,آموزش ابتدایی - بومی استان خراسان رضوی,پردیس شهید هاشمی نژاد - مشهد
1395,انسانی,359,191,منطقه 1,حقوق,دانشگاه الزهرا(س) - تهران
1395,انسانی,360,33,منطقه 3,حقوق,دانشگاه تهران
1395,انسانی,362,121,منطقه 2,روانشناسی,دانشگاه فردوسی - مشهد
1395,انسانی,364,122,منطقه 2,آموزش ابتدایی - بومی استان خراسان رضوی,پردیس شهید هاشمی نژاد - مشهد
1395,انسانی,368,34,منطقه 3,علوم سیاسی,دانشگاه تهران
1395,انسانی,371,196,منطقه 1,روانشناسی,دانشگاه علامه طباطبایی - تهران
1395,انسانی,372,125,منطقه 2,روانشناسی,دانشگاه فردوسی - مشهد
1395,انسانی,373,126,منطقه 2,علوم قضایی,دانشگاه علوم قضایی و خدمات ادارای دادگستری
1395,انسانی,376,37,منطقه 3,روانشناسی,دانشگاه اصفهان
1395,انسانی,377,128,منطقه 2,حقوق,دانشگاه الزهرا(س) - تهران
1395,انسانی,379,130,منطقه 2,علوم قضایی,دانشگاه علوم قضایی و خدمات ادارای دادگستری
1395,انسانی,381,131,منطقه 2,حقوق,دانشگاه الزهرا(س) - تهران
1395,انسانی,383,17,ایثارگران,حقوق,دانشگاه تهران
1395,انسانی,383,133,منطقه 2,علوم سیاسی,دانشگاه تهران
1395,انسانی,385,38,منطقه 3,آموزش ابتدایی - بومی استان ایلام,پردیس امام جعفر صادق - ایلام
1395,انسانی,389,134,منطقه 2,آموزش کودکان استثنایی - بومی استان یزد,پردیس شهید هاشمی نژاد - مشهد
1395,انسانی,396,137,منطقه 2,زبان و ادبیات فارسی,دانشگاه تهران
1395,انسانی,397,138,منطقه 2,زبان و ادبیات فارسی,دانشگاه تهران
1395,انسانی,403,141,منطقه 2,زبان و ادبیات فارسی,دانشگاه تهران
1395,انسانی,405,207,منطقه 1,حقوق,دانشگاه اصفهان
1395,انسانی,410,142,منطقه 2,حقوق,دانشگاه الزهرا(س) - تهران
1395,انسانی,411,212,منطقه 1,فقه و مبانی حقوق اسلامی,دانشگاه تهران
1395,انسانی,418,145,منطقه 2,آموزش جغرافیا - بومی استان اصفهان,پردیس امیر کبیر - کرج
1395,انسانی,420,217,منطقه 1,حقوق,دانشگاه فردوسی - مشهد
1395,انسانی,422,219,منطقه 1,روانشناسی,دانشگاه فردوسی - مشهد
1395,انسانی,424,146,منطقه 2,حقوق,دانشگاه فردوسی - مشهد
1395,انسانی,428,221,منطقه 1,مدیریت مالی,دانشگاه شهید بهشتی - تهران
1395,انسانی,430,223,منطقه 1,علوم قضایی,دانشگاه علوم قضایی و خدمات ادارای دادگستری
1395,انسانی,432,150,منطقه 2,حقوق,دانشگاه شهید بهشتی - تهران
1395,انسانی,433,151,منطقه 2,دبیری علوم اجتماعی - بومی استان اصفهان,پردیس فاطمه الزهرا (س) - اصفهان
1395,انسانی,436,42,منطقه 3,حقوق,دانشگاه الزهرا(س) - تهران
1395,انسانی,439,43,منطقه 3,حقوق,دانشگاه الزهرا(س) - تهران
1395,انسانی,442,45,منطقه 3,آموزش زبان و ادبیات فارسی - بومی استان همدان,پردیس نسیبه - تهران
1395,انسانی,444,155,منطقه 2,مدیریت مالی,دانشگاه تهران
1395,انسانی,446,228,منطقه 1,حقوق,دانشگاه الزهرا(س) - تهران
1395,انسانی,449,156,منطقه 2,علوم قضایی,دانشگاه علوم قضایی و خدمات ادارای دادگستری
1395,انسانی,459,160,منطقه 2,حقوق,دانشگاه یزد
1395,انسانی,463,162,منطقه 2,حقوق,دانشگاه علامه طباطبایی - تهران
1395,انسانی,467,163,منطقه 2,دبیری علوم اجتماعی - بومی استان خراسان جنوبی,پردیس فاطمه الزهرا (س) - اصفهان
1395,انسانی,471,240,منطقه 1,حقوق,دانشگاه علامه طباطبایی - تهران
1395,انسانی,473,241,منطقه 1,روانشناسی,دانشگاه الزهرا(س) - تهران
1395,انسانی,476,49,منطقه 3,علوم قضایی,دانشگاه علوم قضایی و خدمات ادارای دادگستری
1395,انسانی,476,167,منطقه 2,حقوق,دانشگاه شهید بهشتی - تهران
1395,انسانی,476,167,منطقه 2,علوم قضایی,دانشگاه علوم قضایی و خدمات ادارای دادگستری
1395,انسانی,478,50,منطقه 3,کارشناسی ارشد پیوسته علوم قضایی,دانشگاه علوم قضایی و خدمات ادارای دادگستری
1395,انسانی,485,246,منطقه 1,حقوق,دانشگاه علامه طباطبایی - تهران
1395,انسانی,489,250,منطقه 1,حقوق,دانشگاه شاهد - تهران
1395,انسانی,494,173,منطقه 2,حقوق,دانشگاه اصفهان
1395,انسانی,496,174,منطقه 2,حقوق,دانشگاه شیراز
1395,انسانی,503,177,منطقه 2,علوم ارتباطات اجتماعی,دانشگاه تهران
1395,انسانی,513,180,منطقه 2,حقوق,دانشگاه یزد
1395,انسانی,516,264,منطقه 1,حقوق,دانشگاه شیراز
1395,انسانی,519,183,منطقه 2,دبیری الهیات و معارف اسلامی - بومی استان اصفهان,پردیس شهید باهنر - اصفهان
1395,انسانی,520,184,منطقه 2,آموزش ابتدایی - بومی استان یزد,پردیس فاطمه الزهرا (س) - یزد
1395,انسانی,521,185,منطقه 2,حسابداری,دانشگاه تهران
1395,انسانی,522,265,منطقه 1,روانشناسی,دانشگاه فردوسی - مشهد
1395,انسانی,525,186,منطقه 2,حقوق,دانشگاه شیراز
1395,انسانی,530,21,ایثارگران,حقوق,دانشگاه تهران
1395,انسانی,532,190,منطقه 2,علوم قضایی,دانشگاه علوم قضایی و خدمات ادارای دادگستری
1395,انسانی,534,191,منطقه 2,آموزش ابتدایی - بومی استان مازندران,پردیس فاطمه الزهرا(س) ساری
1395,انسانی,539,53,منطقه 3,دبیری الهیات و معارف اسلامی - بومی استان ایلام,پردیس فاطمه الزهرا (س) - اهواز
1395,انسانی,543,194,منطقه 2,روانشناسی,دانشگاه علامه طباطبایی - تهران
1395,انسانی,548,278,منطقه 1,حقوق,دانشگاه اصفهان
1395,انسانی,548,278,منطقه 1,فقه و حقوق اسلامی,دانشگاه شهید مطهری
1395,انسانی,555,56,منطقه 3,علوم قضایی,دانشگاه علوم قضایی و خدمات ادارای دادگستری
1395,انسانی,559,198,منطقه 2,آموزش زبان و ادبیات فارسی - بومی استان همدان,پردیس نسیبه - تهران
1395,انسانی,562,285,منطقه 1,حقوق,دانشگاه اصفهان
1395,انسانی,563,199,منطقه 2,کارشناسی ارشد پیوسته معارف اسلامی و حقوق,دانشگاه شهید باهنر - کرمان
1395,انسانی,568,201,منطقه 2,آموزش ابتدایی - بومی استان اذربایجان شرقی,پردیس فاطمه الزهرا (س) - تبریز
1395,انسانی,569,202,منطقه 2,حقوق,دانشگاه شاهد - تهران
1395,انسانی,570,57,منطقه 3,حقوق,دانشگاه شیراز
1395,انسانی,570,203,منطقه 2,پژوهشگری اجتماعی,دانشگاه تهران
1395,انسانی,579,59,منطقه 3,آموزش ابتدایی - بومی استان کرمان,پردیس فاطمه الزهرا (س) - یزد
1395,انسانی,580,292,منطقه 1,روانشناسی,دانشگاه فردوسی - مشهد
1395,انسانی,582,294,منطقه 1,حقوق,دانشگاه شیراز
1395,انسانی,587,207,منطقه 2,حقوق,دانشگاه سمنان
1395,انسانی,588,298,منطقه 1,حقوق,دانشگاه تبریز
1395,انسانی,592,208,منطقه 2,حقوق,دانشگاه بین المللی امام خمینی(ره) - قزوین
1395,انسانی,592,301,منطقه 1,حقوق,دانشگاه شیراز
1395,انسانی,595,209,منطقه 2,روانشناسی,دانشگاه علامه طباطبایی - تهران
1395,انسانی,596,303,منطقه 1,راهنمایی و مشاوره - بومی استان اصفهان,پردیس شهید باهنر - شیراز
1395,انسانی,600,211,منطقه 2,حقوق,دانشگاه فردوسی - مشهد
1395,انسانی,605,62,منطقه 3,روانشناسی,دانشگاه تهران
1395,انسانی,611,215,منطقه 2,آموزش زبان و ادبیات فارسی - بومی استان سمنان,پردیس دکتر شریعتی - ساری
1395,انسانی,613,310,منطقه 1,مدیریت بازرگانی,دانشگاه تهران
1395,انسانی,621,218,منطقه 2,حقوق,دانشگاه تهران (محل تحصیل قم)
1395,انسانی,623,219,منطقه 2,حقوق,دانشگاه شیراز
1395,انسانی,628,66,منطقه 3,راهنمایی و مشاوره - بومی استان خراسان رضوی,پردیس شهید بهشتی - مشهد
1395,انسانی,629,220,منطقه 2,حقوق,دانشگاه اصفهان
1395,انسانی,630,67,منطقه 3,آموزش ابتدایی - بومی استان کرمان,پردیس فاطمه الزهرا (س) - یزد
1395,انسانی,630,221,منطقه 2,حقوق,دانشگاه یزد
1395,انسانی,637,321,منطقه 1,روانشناسی,دانشگاه اصفهان
1395,انسانی,638,223,منطقه 2,آموزش زبان و ادبیات فارسی - بومی چهارمحال وبختیاری,پردیس شهید باهنر - شیراز
1395,انسانی,644,225,منطقه 2,حقوق,دانشگاه الزهرا(س) - تهران
1395,انسانی,646,227,منطقه 2,روانشناسی,دانشگاه بوعلی سینا - همدان
1395,انسانی,647,68,منطقه 3,علوم قضایی,دانشگاه علوم قضایی و خدمات ادارای دادگستری
1395,انسانی,647,324,منطقه 1,روانشناسی,دانشگاه اصفهان
1395,انسانی,649,228,منطقه 2,حسابداری,دانشگاه تهران
1395,انسانی,654,231,منطقه 2,حقوق,دانشگاه مازندران - بابلسر
1395,انسانی,657,233,منطقه 2,روانشناسی,دانشگاه یزد
1395,انسانی,660,69,منطقه 3,حقوق,دانشگاه گیلان - رشت
1395,انسانی,661,235,منطقه 2,حقوق,دانشگاه علامه طباطبایی - تهران
1395,انسانی,662,329,منطقه 1,دبیری علوم اجتماعی - بومی استان اصفهان,پردیس فاطمه الزهرا (س) - اصفهان
1395,انسانی,669,238,منطقه 2,راهنمایی و مشاوره - بومی استان یزد,پردیس شهید باهنر - شیراز
1395,انسانی,671,239,منطقه 2,حقوق,دانشگاه الزهرا(س) - تهران
1395,انسانی,673,333,منطقه 1,روانشناسی,دانشگاه اصفهان
1395,انسانی,674,72,منطقه 3,آموزش ابتدایی - بومی استان خراسان رضوی,پردیس امام سجاد - بیرجند
1395,انسانی,677,243,منطقه 2,حقوق,دانشگاه گیلان - رشت
1395,انسانی,680,334,منطقه 1,روانشناسی,دانشگاه اصفهان
1395,انسانی,684,245,منطقه 2,حقوق,دانشگاه مازندران - بابلسر
1395,انسانی,688,247,منطقه 2,حقوق,دانشگاه اصفهان
1395,انسانی,689,338,منطقه 1,پژوهشگری اجتماعی,دانشگاه تهران
1395,انسانی,692,339,منطقه 1,مدیریت بازرگانی,دانشگاه علامه طباطبایی - تهران
1395,انسانی,695,249,منطقه 2,آموزش ابتدایی - بومی استان کرمان,پردیس فاطمه الزهرا (س) - یزد
1395,انسانی,697,342,منطقه 1,حقوق,دانشگاه اصفهان
1395,انسانی,699,251,منطقه 2,روانشناسی,دانشگاه الزهرا(س) - تهران
1395,انسانی,701,345,منطقه 1,حقوق,دانشگاه غیرانتفاعی علم و فرهنگ - تهران
1395,انسانی,702,75,منطقه 3,حقوق,دانشگاه شیراز
1395,انسانی,707,76,منطقه 3,آموزش ابتدایی - بومی استان خراسان رضوی,پردیس شهید هاشمی نژاد - مشهد
1395,انسانی,711,348,منطقه 1,روانشناسی,دانشگاه اصفهان
1395,انسانی,713,257,منطقه 2,روانشناسی,دانشگاه الزهرا(س) - تهران
1395,انسانی,717,79,منطقه 3,دبیری علوم اجتماعی - بومی استان لرستان,پردیس فاطمه الزهرا (س) - اصفهان
1395,انسانی,719,259,منطقه 2,حقوق,دانشگاه اصفهان
1395,انسانی,722,81,منطقه 3,حقوق,دانشگاه اصفهان
1395,انسانی,727,82,منطقه 3,حقوق,دانشگاه کردستان - سنندج
1395,انسانی,727,82,منطقه 3,دبیری علوم اجتماعی - بومی استان خراسان رضوی,پردیس شهید باهنر - همدان
1395,انسانی,727,262,منطقه 2,حقوق,دانشگاه فردوسی - مشهد
1395,انسانی,732,354,منطقه 1,حقوق,دانشگاه اصفهان
1395,انسانی,734,84,منطقه 3,علوم قضایی,دانشگاه علوم قضایی و خدمات ادارای دادگستری
1395,انسانی,735,265,منطقه 2,آموزش ابتدایی - بومی استان اذربایجان شرقی,پردیس علامه امینی - تبریز
1395,انسانی,742,270,منطقه 2,دبیری الهیات و معارف اسلامی - بومی استان سمنان,پردیس آیت الله خامنه ای - گرگان
1395,انسانی,745,272,منطقه 2,علوم اقتصادی,دانشگاه شهید بهشتی - تهران
1395,انسانی,747,273,منطقه 2,حقوق,دانشگاه اصفهان
1395,انسانی,750,274,منطقه 2,حقوق,دانشگاه بوعلی سینا - همدان
1395,انسانی,752,276,منطقه 2,حقوق,دانشگاه مازندران - بابلسر
1395,انسانی,757,279,منطقه 2,آموزش ابتدایی - بومی استان یزد,پردیس فاطمه الزهرا (س) - یزد
1395,انسانی,760,364,منطقه 1,حقوق,دانشگاه شیراز
1395,انسانی,762,281,منطقه 2,روانشناسی,دانشگاه اصفهان
1395,انسانی,769,33,ایثارگران,روانشناسی,دانشگاه یزد
1395,انسانی,770,283,منطقه 2,حقوق,دانشگاه تهران (محل تحصیل قم)
1395,انسانی,771,370,منطقه 1,مدیریت بازرگانی,دانشگاه تهران
1395,انسانی,773,371,منطقه 1,روانشناسی,دانشگاه شیراز
1395,انسانی,776,373,منطقه 1,روانشناسی,دانشگاه خوارزمی - تهران (محل تحصیل کرج)
1395,انسانی,778,285,منطقه 2,حقوق,دانشگاه تهران (محل تحصیل قم)
1395,انسانی,782,287,منطقه 2,حقوق,دانشگاه علامه طباطبایی - تهران
1395,انسانی,783,88,منطقه 3,علوم قضایی,دانشگاه علوم قضایی و خدمات ادارای دادگستری
1395,انسانی,785,288,منطقه 2,کارشناسی ارشد پیوسته معارف اسلامی و حقوق,دانشگاه شهید باهنر - کرمان
1395,انسانی,787,378,منطقه 1,مدیریت بازرگانی,دانشگاه تهران
1395,انسانی,795,291,منطقه 2,حقوق,دانشگاه فردوسی - مشهد
1395,انسانی,795,384,منطقه 1,مدیریت بازرگانی,دانشگاه شهید بهشتی - تهران
1395,انسانی,798,292,منطقه 2,آموزش ابتدایی - بومی استان چهار محال وبختیاری,پردیس شهید باهنر - شهرکرد
1395,انسانی,799,293,منطقه 2,روانشناسی,دانشگاه مازندران - بابلسر
1395,انسانی,801,294,منطقه 2,آموزش ابتدایی - بومی استان کرمان,پردیس فاطمه الزهرا (س) - یزد
1395,انسانی,804,295,منطقه 2,مدیریت مالی,دانشگاه شهید بهشتی - تهران
1395,انسانی,806,296,منطقه 2,حقوق,دانشگاه تهران (محل تحصیل قم)
1395,انسانی,808,391,منطقه 1,روانشناسی,دانشگاه شیراز
1395,انسانی,815,91,منطقه 3,حقوق,دانشگاه اصفهان
1395,انسانی,815,395,منطقه 1,علوم سیاسی,دانشگاه تهران
1395,انسانی,820,298,منطقه 2,روانشناسی,دانشگاه خوارزمی - تهران (محل تحصیل کرج)
1395,انسانی,823,299,منطقه 2,علوم اقتصادی,دانشگاه شهید بهشتی - تهران
1395,انسانی,826,300,منطقه 2,دبیری الهیات و معارف اسلامی - بومی استان اصفهان,پردیس شهید باهنر - اصفهان
1395,انسانی,828,92,منطقه 3,حقوق,دانشگاه شیراز
1395,انسانی,831,301,منطقه 2,حقوق,دانشگاه یزد
1395,انسانی,835,94,منطقه 3,حقوق,دانشگاه شیراز
1395,انسانی,835,408,منطقه 1,مدیریت بازرگانی,دانشگاه شهید بهشتی - تهران
1395,انسانی,837,95,منطقه 3,آموزش ابتدایی - بومی استان خراسان رضوی,پردیس شهید هاشمی نژاد - مشهد
1395,انسانی,837,302,منطقه 2,حسابداری,دانشگاه صنعت نفت (محل تحصیل تهران)
1395,انسانی,840,303,منطقه 2,حقوق,دانشگاه تهران (محل تحصیل قم)
1395,انسانی,841,409,منطقه 1,آموزش ابتدایی - بومی استان خراسان رضوی,پردیس شهید هاشمی نژاد - مشهد
1395,انسانی,848,98,منطقه 3,راهنمایی و مشاوره - بومی استان گیلان,پردیس شهید صدوقی - کرمانشاه
1395,انسانی,849,307,منطقه 2,کارشناسی ارشد پیوسته معارف اسلامی و حقوق,دانشگاه شهید باهنر - کرمان
1395,انسانی,851,309,منطقه 2,حقوق,دانشگاه بوعلی سینا - همدان
1395,انسانی,859,100,منطقه 3,دبیری الهیات و معارف اسلامی - بومی استان البرز,پردیس زینبیه - پیشوا (ورامین)
1395,انسانی,861,417,منطقه 1,حسابداری,دانشگاه علامه طباطبایی - تهران
1395,انسانی,862,101,منطقه 3,روانشناسی,دانشگاه شهید بهشتی - تهران
1395,انسانی,864,34,ایثارگران,حقوق,دانشگاه تهران
1395,انسانی,870,314,منطقه 2,حقوق,دانشگاه یزد
1395,انسانی,872,104,منطقه 3,روانشناسی,دانشگاه شیراز
1395,انسانی,876,315,منطقه 2,راهنمایی و مشاوره - بومی استان یزد,پردیس شهید باهنر - شیراز
1395,انسانی,879,316,منطقه 2,حقوق,دانشگاه کاشان
1395,انسانی,882,105,منطقه 3,آموزش زبان و ادبیات فارسی - بومی استان خراسان جنوبی,پردیس شهید بهشتی - مشهد
1395,انسانی,883,318,منطقه 2,حقوق,دانشگاه گیلان - رشت
1395,انسانی,886,106,منطقه 3,دبیری زبان و ادبیات عربی - بومی استان کردستان,پردیس شهید رجایی - ارومیه
1395,انسانی,886,427,منطقه 1,روانشناسی,دانشگاه اصفهان
1395,انسانی,891,107,منطقه 3,آموزش ابتدایی - بومی استان لرستان,پردیس علامه طباطبایی - خرم آباد
1395,انسانی,892,323,منطقه 2,حقوق,دانشگاه گیلان - رشت
1395,انسانی,894,108,منطقه 3,آموزش ابتدایی - بومی استان مازندران,پردیس فاطمه الزهرا(س) ساری
1395,انسانی,894,429,منطقه 1,روانشناسی,دانشگاه اصفهان
1395,انسانی,898,326,منطقه 2,حقوق,دانشگاه شیراز
1395,انسانی,899,327,منطقه 2,حقوق,دانشگاه فردوسی - مشهد
1395,انسانی,903,328,منطقه 2,مدیریت صنعتی,دانشگاه تهران
1395,انسانی,904,329,منطقه 2,حقوق,دانشگاه شیراز
1395,انسانی,907,330,منطقه 2,حقوق,دانشگاه فردوسی - مشهد
1395,انسانی,907,435,منطقه 1,زبان و ادبیات فارسی,دانشگاه فردوسی - مشهد
1395,انسانی,910,109,منطقه 3,حقوق,دانشگاه گیلان - رشت
1395,انسانی,910,437,منطقه 1,فقه و مبانی حقوق اسلامی,دانشگاه تهران
1395,انسانی,915,333,منطقه 2,حقوق,دانشگاه یزد
1395,انسانی,917,334,منطقه 2,مدیریت جهانگردی,دانشگاه علامه طباطبایی - تهران
1395,انسانی,918,335,منطقه 2,دبیری زبان و ادبیات عربی - بومی استان کردستان,پردیس شهید رجایی - ارومیه
1395,انسانی,920,336,منطقه 2,آموزش ابتدایی - بومی استان قم,پردیس آیت اله طالقانی - قم
1395,انسانی,921,337,منطقه 2,حقوق,دانشگاه مازندران - بابلسر
1395,انسانی,922,110,منطقه 3,علوم قضایی,دانشگاه علوم قضایی و خدمات ادارای دادگستری
1395,انسانی,922,338,منطقه 2,دبیری زبان و ادبیات عربی - بومی استان اصفهان,پردیس شهید باهنر - شیراز
1395,انسانی,924,442,منطقه 1,فقه و مبانی حقوق اسلامی,دانشگاه الزهرا(س) - تهران
1395,انسانی,937,112,منطقه 3,علوم قضایی,دانشگاه علوم قضایی و خدمات ادارای دادگستری
1395,انسانی,937,343,منطقه 2,حقوق,دانشگاه مازندران - بابلسر
1395,انسانی,937,343,منطقه 2,حقوق,دانشگاه یزد
1395,انسانی,940,345,منطقه 2,حقوق,دانشگاه گیلان - رشت
1395,انسانی,940,345,منطقه 2,دبیری زبان و ادبیات عربی - بومی استان لرستان,پردیس حضرت رسول اکرم - اهواز
1395,انسانی,940,449,منطقه 1,حقوق,دانشگاه شیراز
1395,انسانی,944,113,منطقه 3,دبیری زبان و ادبیات عربی - بومی استان سیستان وبلوچستان,پردیس رسالت - زاهدان
1395,انسانی,946,347,منطقه 2,حقوق,دانشگاه بوعلی سینا - همدان
1395,انسانی,951,350,منطقه 2,حسابداری,دانشگاه صنعت نفت (محل تحصیل تهران)
1395,انسانی,951,350,منطقه 2,روانشناسی,دانشگاه الزهرا(س) - تهران
1395,انسانی,957,114,منطقه 3,حقوق,دانشگاه شیراز
1395,انسانی,959,354,منطقه 2,دبیری زبان و ادبیات عربی - بومی استان اصفهان,پردیس آیت اله طالقانی - قم
1395,انسانی,961,356,منطقه 2,مدیریت مالی,دانشگاه شهید بهشتی - تهران
1395,انسانی,965,117,منطقه 3,روانشناسی,دانشگاه فردوسی - مشهد
1395,انسانی,970,462,منطقه 1,آموزش ابتدایی - بومی استان خراسان رضوی,پردیس شهید هاشمی نژاد - مشهد
1395,انسانی,970,462,منطقه 1,حقوق,دانشگاه شیراز
1395,انسانی,978,119,منطقه 3,آموزش کودکان استثنایی - بومی استان خراسان جنوبی,پردیس شهید هاشمی نژاد - مشهد
1395,انسانی,979,120,منطقه 3,آموزش ابتدایی - بومی استان خراسان جنوبی,پردیس امام سجاد - بیرجند
1395,انسانی,986,121,منطقه 3,دبیری علوم اجتماعی - بومی استان خراسان رضوی,پردیس شهید باهنر - همدان
1395,انسانی,986,473,منطقه 1,حقوق,دانشگاه فردوسی - مشهد
1395,انسانی,993,360,منطقه 2,آموزش ابتدایی - بومی استان مازندران,پردیس فاطمه الزهرا(س) ساری
1395,انسانی,993,360,منطقه 2,آموزش زبان و ادبیات فارسی - بومی استان اذربایجان غربی,پردیس نسیبه - تهران
1395,انسانی,996,122,منطقه 3,آموزش ابتدایی - بومی استان کرمانشاه,پردیس شهید ایزد پناه - یاسوج
1395,انسانی,996,362,منطقه 2,حقوق,دانشگاه تهران (محل تحصیل قم)
1395,انسانی,1007,125,منطقه 3,دبیری الهیات و معارف اسلامی - بومی استان خراسان جنوبی,پردیس حضرت معصومه - قم
1395,انسانی,1007,364,منطقه 2,روانشناسی,دانشگاه خوارزمی - تهران (محل تحصیل کرج)
1395,انسانی,1009,365,منطقه 2,حقوق,دانشگاه فردوسی - مشهد
1395,انسانی,1015,126,منطقه 3,علوم قضایی,دانشگاه علوم قضایی و خدمات ادارای دادگستری
1395,انسانی,1021,127,منطقه 3,دبیری زبان و ادبیات عربی - بومی استان کرمان,پردیس رسالت - زاهدان
1395,انسانی,1024,128,منطقه 3,علوم قضایی,دانشگاه علوم قضایی و خدمات ادارای دادگستری
1395,انسانی,1025,129,منطقه 3,حقوق,دانشگاه شهید بهشتی - تهران
1395,انسانی,1025,370,منطقه 2,حقوق,دانشگاه مازندران - بابلسر
1395,انسانی,1029,493,منطقه 1,آموزش ابتدایی - بومی استان فارس,پردیس شهید باهنر - شیراز
1395,انسانی,1031,130,منطقه 3,حقوق,دانشگاه تبریز
1395,انسانی,1034,494,منطقه 1,حقوق,دانشگاه شیراز
1395,انسانی,1035,375,منطقه 2,حسابداری,دانشگاه صنعت نفت (محل تحصیل تهران)
1395,انسانی,1037,376,منطقه 2,حقوق,دانشگاه گیلان - رشت
1395,انسانی,1037,495,منطقه 1,حقوق,دانشگاه شاهد - تهران
1395,انسانی,1053,382,منطقه 2,آموزش جغرافیا - بومی استان مازندران,پردیس امیر کبیر - کرج
1395,انسانی,1053,382,منطقه 2,علوم اقتصادی,دانشگاه شهید بهشتی - تهران
1395,انسانی,1053,502,منطقه 1,مدیریت جهانگردی,دانشگاه علامه طباطبایی - تهران
1395,انسانی,1055,134,منطقه 3,دبیری علوم اجتماعی - بومی استان خراسان جنوبی,پردیس فاطمه الزهرا (س) - اصفهان
1395,انسانی,1061,504,منطقه 1,روانشناسی,دانشگاه فردوسی - مشهد
1395,انسانی,1067,137,منطقه 3,آموزش ابتدایی - بومی استان زنجان,پردیس فاطمه الزهرا (س) - زنجان
1395,انسانی,1069,387,منطقه 2,آموزش زبان و ادبیات فارسی - بومی استان زنجان,پردیس شهید مقصودی - همدان
1395,انسانی,1073,138,منطقه 3,آموزش ابتدایی - بومی استان خراسان رضوی,پردیس شهید هاشمی نژاد - مشهد
1395,انسانی,1073,389,منطقه 2,حقوق,دانشگاه تهران (محل تحصیل قم)
1395,انسانی,1079,390,منطقه 2,روانشناسی,دانشگاه علامه طباطبایی - تهران
1395,انسانی,1085,140,منطقه 3,علوم قضایی,دانشگاه علوم قضایی و خدمات ادارای دادگستری
1395,انسانی,1089,519,منطقه 1,آموزش ابتدایی - بومی استان اصفهان,پردیس فاطمه الزهرا (س) - اصفهان
1395,انسانی,1092,396,منطقه 2,حقوق,دانشگاه تهران (محل تحصیل قم)
1395,انسانی,1094,522,منطقه 1,مدیریت صنعتی,دانشگاه تهران
1395,انسانی,1097,141,منطقه 3,علوم قضایی,دانشگاه علوم قضایی و خدمات ادارای دادگستری
1395,انسانی,1103,142,منطقه 3,حقوق,دانشگاه تبریز
1395,انسانی,1103,399,منطقه 2,حقوق,دانشگاه مازندران - بابلسر
1395,انسانی,1107,400,منطقه 2,دبیری علوم اجتماعی - بومی استان خراسان جنوبی,پردیس شهید بهشتی - مشهد
1395,انسانی,1113,143,منطقه 3,دبیری الهیات و معارف اسلامی - بومی استان اصفهان,پردیس حضرت معصومه - قم
1395,انسانی,1116,406,منطقه 2,روانشناسی,دانشگاه یزد
1395,انسانی,1120,145,منطقه 3,راهنمایی و مشاوره - بومی استان کرمان,پردیس شهید باهنر - شیراز
1395,انسانی,1120,407,منطقه 2,آموزش ابتدایی - بومی استان اذربایجان شرقی,پردیس فاطمه الزهرا (س) - تبریز
1395,انسانی,1120,407,منطقه 2,حقوق,دانشگاه شیراز
1395,انسانی,1122,146,منطقه 3,علوم تربیتی,دانشگاه تهران
1395,انسانی,1125,148,منطقه 3,آموزش ابتدایی - بومی استان اذربایجان شرقی,پردیس فاطمه الزهرا (س) - تبریز
1395,انسانی,1125,148,منطقه 3,روانشناسی,دانشگاه اصفهان
1395,انسانی,1125,148,منطقه 3,مدیریت مالی,دانشگاه تهران
1395,انسانی,1130,410,منطقه 2,آموزش ابتدایی - بومی استان تهران,پردیس زینبیه - پیشوا (ورامین)
1395,انسانی,1135,413,منطقه 2,روانشناسی,دانشگاه خوارزمی - تهران (محل تحصیل کرج)
1395,انسانی,1137,415,منطقه 2,مدیریت مالی,دانشگاه خوارزمی تهران
1395,انسانی,1138,151,منطقه 3,راهنمایی و مشاوره - بومی استان خراسان رضوی,پردیس شهید بهشتی - مشهد
1395,انسانی,1146,154,منطقه 3,دبیری علوم اجتماعی - بومی استان سیستان وبلوچستان,پردیس شهید مطهری - زاهدان
1395,انسانی,1146,418,منطقه 2,فقه و مبانی حقوق اسلامی,دانشگاه الزهرا(س) - تهران
1395,انسانی,1157,155,منطقه 3,روانشناسی,دانشگاه مازندران - بابلسر
1395,انسانی,1157,422,منطقه 2,دبیری زبان و ادبیات عربی - بومی استان همدان,پردیس شهید رجایی - ارومیه
1395,انسانی,1160,157,منطقه 3,دبیری تاریخ - بومی استان خراسان جنوبی,پردیس آیت اله کمال وند - خرم آباد
1395,انسانی,1162,158,منطقه 3,آموزش ابتدایی - بومی استان اذربایجان شرقی,پردیس فاطمه الزهرا (س) - تبریز
1395,انسانی,1166,159,منطقه 3,حقوق,دانشگاه شیراز
1395,انسانی,1166,425,منطقه 2,راهنمایی و مشاوره - بومی استان کرمانشاه,پردیس شهید صدوقی - کرمانشاه
1395,انسانی,1172,160,منطقه 3,آموزش ابتدایی - بومی استان خراسان جنوبی,پردیس امام سجاد - بیرجند
1395,انسانی,1176,161,منطقه 3,روانشناسی,دانشگاه اصفهان
1395,انسانی,1176,429,منطقه 2,آموزش زبان و ادبیات فارسی - بومی استان اصفهان,پردیس بحرالعلوم - شهرکرد
1395,انسانی,1176,429,منطقه 2,روانشناسی,دانشگاه یزد
1395,انسانی,1180,431,منطقه 2,علوم سیاسی,دانشگاه تهران
1395,انسانی,1182,432,منطقه 2,حقوق,دانشگاه شیراز
1395,انسانی,1186,434,منطقه 2,حقوق,دانشگاه بین المللی امام خمینی(ره) - قزوین
1395,انسانی,1192,555,منطقه 1,حقوق,دانشگاه شیراز
1395,انسانی,1195,439,منطقه 2,روانشناسی,دانشگاه بوعلی سینا - همدان
1395,انسانی,1197,441,منطقه 2,علوم تربیتی,دانشگاه شهید بهشتی - تهران
1395,انسانی,1211,445,منطقه 2,دبیری علوم اجتماعی - بومی استان یزد,پردیس فاطمه الزهرا (س) - اصفهان
1395,انسانی,1213,446,منطقه 2,حقوق,دانشگاه بین المللی امام خمینی(ره) - قزوین
1395,انسانی,1216,447,منطقه 2,آموزش زبان و ادبیات فارسی - بومی استان اصفهان,پردیس بحرالعلوم - شهرکرد
1395,انسانی,1220,164,منطقه 3,آموزش ابتدایی - بومی استان خوزستان,پردیس فاطمه الزهرا (س) - اهواز
1395,انسانی,1220,449,منطقه 2,آموزش ابتدایی - بومی استان مازندران,پردیس دکتر شریعتی - ساری
1395,انسانی,1229,453,منطقه 2,حقوق,دانشگاه مازندران - بابلسر
1395,انسانی,1231,573,منطقه 1,علوم تربیتی,دانشگاه شیراز
1395,انسانی,1233,165,منطقه 3,روانشناسی,دانشگاه یزد
1395,انسانی,1236,454,منطقه 2,حقوق,دانشگاه تهران (محل تحصیل قم)
1395,انسانی,1240,42,ایثارگران,روانشناسی,دانشگاه شهید بهشتی - تهران
1395,انسانی,1243,166,منطقه 3,علوم قضایی,دانشگاه علوم قضایی و خدمات ادارای دادگستری
1395,انسانی,1244,456,منطقه 2,دبیری زبان و ادبیات عربی - بومی استان خراسان جنوبی,پردیس رسالت - زاهدان
1395,انسانی,1246,167,منطقه 3,آموزش ابتدایی - بومی استان مازندران,پردیس فاطمه الزهرا(س) ساری
1395,انسانی,1248,457,منطقه 2,آموزش زبان و ادبیات فارسی - بومی استان اصفهان,پردیس بحرالعلوم - شهرکرد
1395,انسانی,1254,169,منطقه 3,آموزش ابتدایی - بومی استان اذربایجان شرقی,پردیس فاطمه الزهرا (س) - تبریز
1395,انسانی,1254,584,منطقه 1,مدیریت دولتی,دانشگاه تهران
1395,انسانی,1259,461,منطقه 2,حقوق,دانشگاه تبریز
1395,انسانی,1259,461,منطقه 2,حقوق,دانشگاه مازندران - بابلسر
1395,انسانی,1261,588,منطقه 1,روانشناسی,دانشگاه اصفهان
1395,انسانی,1267,171,منطقه 3,حقوق,دانشگاه یزد
1395,انسانی,1273,465,منطقه 2,حقوق,دانشگاه تهران (محل تحصیل قم)
1395,انسانی,1273,593,منطقه 1,حقوق,دانشگاه تبریز
1395,انسانی,1279,596,منطقه 1,روانشناسی,دانشگاه اصفهان
1395,انسانی,1279,596,منطقه 1,علوم تربیتی,دانشگاه الزهرا(س) - تهران
1395,انسانی,1282,599,منطقه 1,علوم قرآن و حدیث,دانشگاه اصفهان
1395,انسانی,1282,599,منطقه 1,مدیریت بازرگانی,دانشگاه الزهرا(س) - تهران
1395,انسانی,1284,469,منطقه 2,حقوق,دانشگاه بوعلی سینا - همدان
1395,انسانی,1284,469,منطقه 2,کارشناسی ارشد پیوسته معارف اسلامی و حقوق,دانشگاه شهید باهنر - کرمان
1395,انسانی,1286,173,منطقه 3,دبیری الهیات و معارف اسلامی - بومی استان کرمان,پردیس حضرت معصومه - قم
1395,انسانی,1298,175,منطقه 3,آموزش زبان و ادبیات فارسی - بومی استان خراسان رضوی,پردیس نسیبه - تهران
1395,انسانی,1304,178,منطقه 3,آموزش ابتدایی - بومی استان اذربایجان شرقی,پردیس علامه امینی - تبریز
1395,انسانی,1306,608,منطقه 1,روانشناسی,دانشگاه شاهد - تهران
1395,انسانی,1307,477,منطقه 2,روانشناسی,دانشگاه یزد
1395,انسانی,1310,478,منطقه 2,روانشناسی,دانشگاه سمنان (محل تحصیل دانشکده روانشناسی وعلوم تربیتی مهدی شهر)
1395,انسانی,1314,180,منطقه 3,حقوق,دانشگاه فردوسی - مشهد
1395,انسانی,1316,612,منطقه 1,روانشناسی,دانشگاه کاشان
1395,انسانی,1318,481,منطقه 2,حقوق,دانشگاه سمنان
1395,انسانی,1318,613,منطقه 1,روانشناسی,دانشگاه کاشان
1395,انسانی,1320,181,منطقه 3,زبان و ادبیات فارسی,دانشگاه تهران
1395,انسانی,1326,483,منطقه 2,حقوق,دانشگاه شیراز
1395,انسانی,1334,620,منطقه 1,حقوق,دانشگاه اصفهان
1395,انسانی,1336,487,منطقه 2,دبیری زبان و ادبیات عربی - بومی استان فارس,پردیس شهید باهنر - شیراز
1395,انسانی,1336,621,منطقه 1,مطالعات ارتباطی و فناوری اطلاعات,دانشگاه علامه طباطبایی - تهران
1395,انسانی,1342,489,منطقه 2,حقوق,دانشگاه گیلان - رشت
1395,انسانی,1348,184,منطقه 3,آموزش زبان و ادبیات فارسی - بومی استان کردستان,پردیس نسیبه - تهران
1395,انسانی,1353,494,منطقه 2,مطالعات خانواده,دانشگاه الزهرا(س) - تهران
1395,انسانی,1355,496,منطقه 2,دبیری زبان و ادبیات عربی - بومی استان فارس,پردیس شهید باهنر - شیراز
1395,انسانی,1367,503,منطقه 2,حقوق,دانشگاه تهران (محل تحصیل قم)
1395,انسانی,1369,505,منطقه 2,حقوق,دانشگاه کاشان
1395,انسانی,1372,506,منطقه 2,حقوق,دانشگاه تهران (محل تحصیل قم)
1395,انسانی,1372,506,منطقه 2,روانشناسی,دانشگاه کاشان
1395,انسانی,1374,187,منطقه 3,روانشناسی,دانشگاه علامه طباطبایی - تهران
1395,انسانی,1379,190,منطقه 3,حقوق,دانشگاه اصفهان
1395,انسانی,1379,190,منطقه 3,دبیری الهیات و معارف اسلامی - بومی استان خوزستان,پردیس فاطمه الزهرا (س) - اهواز
1395,انسانی,1379,509,منطقه 2,علوم تربیتی,دانشگاه یزد
1395,انسانی,1382,193,منطقه 3,روانشناسی,دانشگاه سمنان (محل تحصیل دانشکده روانشناسی وعلوم تربیتی مهدی شهر)
1395,انسانی,1384,511,منطقه 2,دبیری الهیات و معارف اسلامی - بومی استان اصفهان,پردیس حضرت معصومه - قم
1395,انسانی,1388,194,منطقه 3,حقوق,دانشگاه شهید بهشتی - تهران
1395,انسانی,1388,513,منطقه 2,حقوق,دانشگاه بین المللی امام خمینی(ره) - قزوین
1395,انسانی,1393,196,منطقه 3,دبیری علوم اجتماعی - بومی استان کرمان,پردیس شهید مطهری - زاهدان
1395,انسانی,1393,639,منطقه 1,حقوق,دانشگاه شیراز
1395,انسانی,1396,47,ایثارگران,کارشناسی ارشد پیوسته علوم قضایی,دانشگاه علوم قضایی و خدمات ادارای دادگستری
1395,انسانی,1402,197,منطقه 3,حقوق,دانشگاه گیلان - رشت
1395,انسانی,1408,517,منطقه 2,روانشناسی,دانشگاه اردکان
1395,انسانی,1408,517,منطقه 2,مدیریت بازرگانی,دانشگاه تهران
1395,انسانی,1408,647,منطقه 1,آموزش زبان و ادبیات فارسی - بومی استان فارس,پردیس شهید رجایی - شیراز
1395,انسانی,1413,650,منطقه 1,حقوق,دانشگاه غیرانتفاعی علم و فرهنگ - تهران
1395,انسانی,1417,654,منطقه 1,حقوق,دانشگاه بین المللی امام خمینی(ره) - قزوین
1395,انسانی,1419,519,منطقه 2,حقوق,دانشگاه اصفهان
1395,انسانی,1421,199,منطقه 3,آموزش ابتدایی - بومی استان خراسان رضوی,پردیس امام سجاد - بیرجند
1395,انسانی,1421,520,منطقه 2,آموزش ابتدایی - بومی استان گیلان,پردیس بنت الهدی صدر - رشت
1395,انسانی,1425,200,منطقه 3,حقوق,دانشگاه قم
1395,انسانی,1431,202,منطقه 3,حقوق,دانشگاه مازندران - بابلسر
1395,انسانی,1431,659,منطقه 1,حسابداری,دانشگاه خوارزمی تهران
1395,انسانی,1435,203,منطقه 3,فقه و حقوق اسلامی,دانشگاه خوارزمی - تهران (محل تحصیل کرج)
1395,انسانی,1435,525,منطقه 2,دبیری الهیات و معارف اسلامی - بومی استان اصفهان,پردیس حضرت معصومه - قم
1395,انسانی,1442,206,منطقه 3,راهنمایی و مشاوره - بومی استان خراسان رضوی,پردیس شهید بهشتی - مشهد
1395,انسانی,1442,528,منطقه 2,آموزش زبان و ادبیات فارسی - بومی استان لرستان,پردیس حضرت رسول اکرم - اهواز
1395,انسانی,1442,528,منطقه 2,روانشناسی,دانشگاه شهید مطهری
1395,انسانی,1451,209,منطقه 3,آموزش ابتدایی - بومی استان لرستان,پردیس شهید باهنر - همدان
1395,انسانی,1451,531,منطقه 2,علوم سیاسی,دانشگاه تهران
1395,انسانی,1453,210,منطقه 3,آموزش ابتدایی - بومی استان مازندران,پردیس فاطمه الزهرا(س) ساری
1395,انسانی,1453,533,منطقه 2,حقوق,دانشگاه شیراز
1395,انسانی,1463,211,منطقه 3,حقوق,دانشگاه فردوسی - مشهد
1395,انسانی,1467,213,منطقه 3,حقوق,دانشگاه تبریز
1395,انسانی,1467,213,منطقه 3,حقوق,دانشگاه شهید بهشتی - تهران
1395,انسانی,1469,215,منطقه 3,روانشناسی,دانشگاه علامه طباطبایی - تهران
1395,انسانی,1469,537,منطقه 2,حقوق,دانشگاه کاشان
1395,انسانی,1477,539,منطقه 2,حقوق,دانشگاه کاشان
1395,انسانی,1480,217,منطقه 3,حقوق,دانشگاه شیراز
1395,انسانی,1485,218,منطقه 3,آموزش زبان و ادبیات فارسی - بومی چهارمحال وبختیاری,پردیس بحرالعلوم - شهرکرد
1395,انسانی,1485,543,منطقه 2,حقوق,دانشگاه اصفهان
1395,انسانی,1490,545,منطقه 2,حقوق,دانشگاه گیلان - رشت
1395,انسانی,1494,220,منطقه 3,آموزش ابتدایی - بومی استان اذربایجان شرقی,پردیس فاطمه الزهرا (س) - تبریز
1395,انسانی,1494,220,منطقه 3,کارشناسی ارشد پیوسته معارف اسلامی و حقوق,دانشگاه شهید باهنر - کرمان
1395,انسانی,1499,547,منطقه 2,حقوق,دانشگاه مازندران - بابلسر
1395,انسانی,1502,51,ایثارگران,حقوق,دانشگاه شهید بهشتی - تهران
1395,انسانی,1502,548,منطقه 2,روانشناسی,دانشگاه شهید باهنر - کرمان
1395,انسانی,1502,683,منطقه 1,آموزش زبان و ادبیات فارسی - بومی استان تهران,پردیس نسیبه - تهران
1395,انسانی,1504,222,منطقه 3,حقوق,دانشگاه تهران (محل تحصیل قم)
1395,انسانی,1507,549,منطقه 2,حقوق,دانشگاه سمنان
1395,انسانی,1514,552,منطقه 2,حقوق,دانشگاه فردوسی - مشهد
1395,انسانی,1514,552,منطقه 2,حقوق,دانشگاه مازندران - بابلسر
1395,انسانی,1523,225,منطقه 3,حقوق,دانشگاه شیراز
1395,انسانی,1523,557,منطقه 2,حقوق,دانشگاه مازندران - بابلسر
1395,انسانی,1527,559,منطقه 2,روانشناسی,دانشگاه کاشان
1395,انسانی,1530,561,منطقه 2,حقوق,دانشگاه مازندران - بابلسر
1395,انسانی,1533,563,منطقه 2,آموزش ابتدایی - بومی استان خراسان رضوی,پردیس شهید هاشمی نژاد - مشهد
1395,انسانی,1537,226,منطقه 3,آموزش ابتدایی - بومی استان اذربایجان غربی,پردیس شهید رجایی - ارومیه
1395,انسانی,1537,565,منطقه 2,حقوق,دانشگاه اصفهان
1395,انسانی,1537,696,منطقه 1,حقوق,دانشگاه بین المللی امام خمینی(ره) - قزوین
1395,انسانی,1539,566,منطقه 2,فقه و حقوق اسلامی,دانشگاه یزد
1395,انسانی,1541,227,منطقه 3,حقوق,دانشگاه یزد
1395,انسانی,1541,567,منطقه 2,مدیریت بازرگانی,دانشگاه شهید بهشتی - تهران
1395,انسانی,1543,569,منطقه 2,حقوق,دانشگاه بین المللی امام خمینی(ره) - قزوین
1395,انسانی,1546,228,منطقه 3,آموزش ابتدایی - بومی استان خراسان جنوبی,پردیس امام سجاد - بیرجند
1395,انسانی,1548,229,منطقه 3,آموزش ابتدایی - بومی استان خراسان رضوی,پردیس شهید هاشمی نژاد - مشهد
1395,انسانی,1548,699,منطقه 1,زبان و ادبیات فارسی,دانشگاه تهران
1395,انسانی,1551,52,ایثارگران,حقوق,دانشگاه شهید بهشتی - تهران
1395,انسانی,1551,571,منطقه 2,حقوق,دانشگاه فردوسی - مشهد
1395,انسانی,1551,700,منطقه 1,فقه و حقوق اسلامی,دانشگاه شاهد - تهران
1395,انسانی,1558,231,منطقه 3,آموزش ابتدایی - بومی استان لرستان,پردیس شهید باهنر - همدان
1395,انسانی,1558,574,منطقه 2,آموزش ابتدایی - بومی استان سمنان,پردیس نسیبه - تهران
1395,انسانی,1558,574,منطقه 2,فقه و حقوق اسلامی,دانشگاه خوارزمی - تهران (محل تحصیل کرج)
1395,انسانی,1560,232,منطقه 3,حقوق,دانشگاه علامه طباطبایی - تهران
1395,انسانی,1560,576,منطقه 2,دبیری علوم اجتماعی - بومی استان خراسان جنوبی,پردیس فاطمه الزهرا (س) - اصفهان
1395,انسانی,1565,577,منطقه 2,حسابداری,دانشگاه تهران
1395,انسانی,1574,234,منطقه 3,آموزش ابتدایی - بومی استان خراسان رضوی,پردیس شهید بهشتی - مشهد
1395,انسانی,1578,582,منطقه 2,حقوق,دانشگاه مازندران - بابلسر
1395,انسانی,1578,582,منطقه 2,دبیری زبان و ادبیات عربی - بومی استان فارس,پردیس شهید باهنر - شیراز
1395,انسانی,1578,709,منطقه 1,روانشناسی,دانشگاه زنجان
1395,انسانی,1584,236,منطقه 3,حقوق,دانشگاه فردوسی - مشهد
1395,انسانی,1592,716,منطقه 1,فقه و حقوق اسلامی,دانشگاه خوارزمی - تهران (محل تحصیل کرج)
1395,انسانی,1594,586,منطقه 2,حقوق,دانشگاه قم
1395,انسانی,1596,719,منطقه 1,حقوق,دانشگاه تبریز
1395,انسانی,1599,239,منطقه 3,آموزش ابتدایی - بومی استان خراسان رضوی,پردیس شهید هاشمی نژاد - مشهد
1395,انسانی,1604,240,منطقه 3,حقوق,دانشگاه شیراز
1395,انسانی,1604,723,منطقه 1,روانشناسی,دانشگاه بوعلی سینا - همدان
1395,انسانی,1607,724,منطقه 1,حقوق,دانشگاه بین المللی امام خمینی(ره) - قزوین
1395,انسانی,1609,590,منطقه 2,دبیری الهیات و معارف اسلامی - بومی استان سمنان,پردیس آیت الله خامنه ای - گرگان
1395,انسانی,1611,592,منطقه 2,آموزش ابتدایی - بومی استان اذربایجان شرقی,پردیس فاطمه الزهرا (س) - تبریز
1395,انسانی,1616,243,منطقه 3,راهنمایی و مشاوره - بومی استان خراسان جنوبی,پردیس شهید بهشتی - مشهد
1395,انسانی,1620,56,ایثارگران,آموزش کودکان استثنایی - بومی استان کرمان,پردیس شهید هاشمی نژاد - مشهد
1395,انسانی,1620,244,منطقه 3,کارشناسی ارشد پیوسته معارف اسلامی و حقوق,دانشگاه شهید باهنر - کرمان
1395,انسانی,1620,593,منطقه 2,حقوق,دانشگاه کاشان
1395,انسانی,1624,594,منطقه 2,آموزش کودکان استثنایی - بومی استان هرمزگان,پردیس شهید هاشمی نژاد - مشهد
1395,انسانی,1633,596,منطقه 2,کارشناسی ارشد پیوسته معارف اسلامی و حقوق,دانشگاه ولی عصر(عج) - رفسنجان
1395,انسانی,1642,741,منطقه 1,آموزش ابتدایی - بومی استان خراسان رضوی,پردیس شهید هاشمی نژاد - مشهد
1395,انسانی,1645,599,منطقه 2,مدیریت مالی,دانشگاه یزد
1395,انسانی,1647,601,منطقه 2,آموزش ابتدایی - بومی استان اذربایجان غربی,پردیس علامه طباطبایی - ارومیه
1395,انسانی,1652,745,منطقه 1,آموزش ابتدایی - بومی استان خراسان رضوی,پردیس شهید هاشمی نژاد - مشهد
1395,انسانی,1660,749,منطقه 1,آموزش کودکان استثنایی - بومی استان خراسان رضوی,پردیس شهید هاشمی نژاد - مشهد
1395,انسانی,1662,606,منطقه 2,حقوق,دانشگاه یزد
1395,انسانی,1666,608,منطقه 2,حقوق,دانشگاه بجنورد
1395,انسانی,1666,608,منطقه 2,حقوق,دانشگاه یزد
1395,انسانی,1672,612,منطقه 2,حقوق,دانشگاه شهرکرد
1395,انسانی,1675,755,منطقه 1,حسابداری,دانشگاه علامه طباطبایی - تهران
1395,انسانی,1680,616,منطقه 2,حقوق,دانشگاه یزد
1395,انسانی,1680,616,منطقه 2,مدیریت مالی,دانشگاه یزد
1395,انسانی,1685,619,منطقه 2,روانشناسی,دانشگاه تبریز
1395,انسانی,1689,762,منطقه 1,دبیری علوم اجتماعی - بومی استان خراسان رضوی,پردیس شهید بهشتی - مشهد
1395,انسانی,1695,622,منطقه 2,حقوق,دانشگاه یزد
1395,انسانی,1695,765,منطقه 1,حقوق,دانشگاه شهید چمران اهواز
1395,انسانی,1698,623,منطقه 2,آموزش زبان و ادبیات فارسی - بومی استان خراسان شمالی,پردیس نسیبه - تهران
1395,انسانی,1703,253,منطقه 3,آموزش زبان و ادبیات فارسی - بومی استان کردستان,پردیس نسیبه - تهران
1395,انسانی,1704,624,منطقه 2,آموزش ابتدایی - بومی استان قم,پردیس آیت اله طالقانی - قم
1395,انسانی,1709,255,منطقه 3,حسابداری,دانشگاه شهید چمران اهواز
1395,انسانی,1711,628,منطقه 2,دبیری الهیات و معارف اسلامی - بومی استان لرستان,پردیس حضرت رسول اکرم - اهواز
1395,انسانی,1715,630,منطقه 2,روانشناسی,دانشگاه فردوسی - مشهد
1395,انسانی,1719,633,منطقه 2,آموزش ابتدایی - بومی استان اذربایجان شرقی,پردیس فاطمه الزهرا (س) - تبریز
1395,انسانی,1722,635,منطقه 2,فقه و حقوق اسلامی,دانشگاه خوارزمی - تهران (محل تحصیل کرج)
1395,انسانی,1725,257,منطقه 3,راهنمایی و مشاوره - بومی استان خراسان جنوبی,پردیس شهید بهشتی - مشهد
1395,انسانی,1728,258,منطقه 3,آموزش ابتدایی - بومی استان مازندران,پردیس فاطمه الزهرا(س) ساری
1395,انسانی,1728,638,منطقه 2,آموزش ابتدایی - بومی استان مازندران,پردیس دکتر شریعتی - ساری
1395,انسانی,1728,638,منطقه 2,حقوق,دانشگاه قم
1395,انسانی,1731,640,منطقه 2,حقوق,دانشگاه بوعلی سینا - همدان
1395,انسانی,1735,778,منطقه 1,آموزش زبان و ادبیات فارسی - بومی استان فارس,پردیس شهید باهنر - شیراز
1395,انسانی,1736,641,منطقه 2,دبیری الهیات و معارف اسلامی - بومی استان همدان,پردیس زینبیه - پیشوا (ورامین)
1395,انسانی,1739,643,منطقه 2,روانشناسی,دانشگاه یزد
1395,انسانی,1742,644,منطقه 2,آموزش زبان و ادبیات فارسی - بومی استان فارس,پردیس شهید باهنر - شیراز
1395,انسانی,1744,645,منطقه 2,حسابداری,دانشگاه خوارزمی تهران
1395,انسانی,1747,261,منطقه 3,آموزش زبان و ادبیات فارسی - بومی استان کردستان,پردیس نسیبه - تهران
1395,انسانی,1754,263,منطقه 3,حقوق,دانشگاه گیلان - رشت
1395,انسانی,1756,264,منطقه 3,کارشناسی ارشد پیوسته معارف اسلامی و حقوق,دانشگاه شهید باهنر - کرمان
1395,انسانی,1759,265,منطقه 3,دبیری علوم اجتماعی - بومی استان خراسان شمالی,پردیس شهید باهنر - همدان
1395,انسانی,1759,787,منطقه 1,مدیریت دولتی,دانشگاه شهید بهشتی - تهران
1395,انسانی,1762,790,منطقه 1,فقه و مبانی حقوق اسلامی,دانشگاه فردوسی - مشهد
1395,انسانی,1765,266,منطقه 3,دبیری علوم اجتماعی - بومی استان قزوین,پردیس شهید مقصودی - همدان
1395,انسانی,1765,650,منطقه 2,آموزش ابتدایی - بومی استان سمنان,پردیس نسیبه - تهران
1395,انسانی,1769,60,ایثارگران,کارشناسی ارشد پیوسته علوم قضایی,دانشگاه علوم قضایی و خدمات ادارای دادگستری
1395,انسانی,1769,651,منطقه 2,حقوق,دانشگاه گیلان - رشت
1395,انسانی,1778,796,منطقه 1,روانشناسی,دانشگاه غیرانتفاعی علم و فرهنگ - تهران
1395,انسانی,1781,268,منطقه 3,آموزش زبان و ادبیات فارسی - بومی استان قزوین,پردیس شهید رجایی - قزوین
1395,انسانی,1783,657,منطقه 2,حقوق,دانشگاه گیلان - رشت
1395,انسانی,1786,270,منطقه 3,حقوق,دانشگاه مازندران - بابلسر
1395,انسانی,1786,270,منطقه 3,روانشناسی,دانشگاه اصفهان
1395,انسانی,1792,658,منطقه 2,علوم تربیتی,دانشگاه قم
1395,انسانی,1795,274,منطقه 3,دبیری الهیات و معارف اسلامی - بومی استان خراسان جنوبی,پردیس شهید بهشتی - مشهد
1395,انسانی,1795,659,منطقه 2,حقوق,دانشگاه قم
1395,انسانی,1802,661,منطقه 2,حقوق,دانشگاه بوعلی سینا - همدان
1395,انسانی,1802,804,منطقه 1,مدیریت بازرگانی,دانشگاه اصفهان
1395,انسانی,1807,664,منطقه 2,آموزش ابتدایی - بومی استان زنجان,پردیس فاطمه الزهرا (س) - زنجان
1395,انسانی,1810,276,منطقه 3,حقوق,دانشگاه شیراز
1395,انسانی,1813,666,منطقه 2,فقه و مبانی حقوق اسلامی,دانشگاه تهران
1395,انسانی,1817,278,منطقه 3,راهنمایی و مشاوره - بومی استان بوشهر,پردیس شهید باهنر - شیراز
1395,انسانی,1819,810,منطقه 1,حقوق,دانشگاه اصفهان
1395,انسانی,1823,279,منطقه 3,دبیری الهیات و معارف اسلامی - بومی استان خراسان جنوبی,پردیس شهید بهشتی - مشهد
1395,انسانی,1823,669,منطقه 2,آموزش ابتدایی - بومی استان اصفهان,پردیس شهید باهنر - اصفهان
1395,انسانی,1830,673,منطقه 2,علوم تربیتی,دانشگاه اصفهان
1395,انسانی,1835,815,منطقه 1,حسابداری,دانشگاه خوارزمی تهران
1395,انسانی,1838,817,منطقه 1,آموزش ابتدایی - بومی استان خراسان رضوی,پردیس شهید هاشمی نژاد - مشهد
1395,انسانی,1838,817,منطقه 1,دبیری علوم اجتماعی - بومی استان فارس,پردیس فاطمه الزهرا (س) - اصفهان
1395,انسانی,1840,283,منطقه 3,دبیری علوم اجتماعی - بومی استان خوزستان,پردیس حضرت رسول اکرم - اهواز
1395,انسانی,1846,679,منطقه 2,راهنمایی و مشاوره - بومی استان زنجان,پردیس شهید رجایی - کرمانشاه
1395,انسانی,1853,683,منطقه 2,فقه و حقوق اسلامی,دانشگاه شهید مطهری
1395,انسانی,1856,289,منطقه 3,روانشناسی,دانشگاه یزد
1395,انسانی,1858,685,منطقه 2,آموزش کودکان استثنایی - بومی استان سمنان,پردیس نسیبه - تهران
1395,انسانی,1858,685,منطقه 2,روانشناسی,دانشگاه یزد
1395,انسانی,1860,290,منطقه 3,حقوق,دانشگاه قم
1395,انسانی,1860,687,منطقه 2,حقوق,دانشگاه بوعلی سینا - همدان
1395,انسانی,1862,688,منطقه 2,حقوق,دانشگاه یزد
1395,انسانی,1866,824,منطقه 1,حسابداری,دانشگاه علامه طباطبایی - تهران
1395,انسانی,1875,691,منطقه 2,روانشناسی,دانشگاه هرمزگان - بندرعباس
1395,انسانی,1882,695,منطقه 2,آموزش ابتدایی - بومی استان تهران,پردیس زینبیه - پیشوا (ورامین)
1395,انسانی,1882,695,منطقه 2,حسابداری,دانشگاه خوارزمی تهران
1395,انسانی,1882,695,منطقه 2,دبیری الهیات و معارف اسلامی - بومی استان چهارمحال وبختیاری,پردیس حضرت معصومه - قم
1395,انسانی,1882,695,منطقه 2,کارشناسی ارشد پیوسته معارف اسلامی و حقوق,دانشگاه شهید باهنر - کرمان
1395,انسانی,1890,64,ایثارگران,روانشناسی,دانشگاه فردوسی - مشهد
1395,انسانی,1893,699,منطقه 2,روانشناسی,دانشگاه مازندران - بابلسر
1395,انسانی,1896,299,منطقه 3,آموزش ابتدایی - بومی استان کرمانشاه,پردیس شهید ایزد پناه - یاسوج
1395,انسانی,1899,700,منطقه 2,روانشناسی,دانشگاه یزد
1395,انسانی,1902,701,منطقه 2,روانشناسی,دانشگاه یزد
1395,انسانی,1906,703,منطقه 2,حقوق,دانشگاه لرستان - خرم آباد
1395,انسانی,1906,703,منطقه 2,دبیری علوم اجتماعی - بومی استان اذربایجان غربی,پردیس شهید باهنر - همدان
1395,انسانی,1909,705,منطقه 2,دبیری زبان و ادبیات عربی - بومی استان فارس,پردیس شهید باهنر - شیراز
1395,انسانی,1912,305,منطقه 3,روانشناسی,دانشگاه فردوسی - مشهد
1395,انسانی,1912,305,منطقه 3,فقه و حقوق اسلامی,دانشگاه شاهد - تهران
1395,انسانی,1914,706,منطقه 2,آموزش ابتدایی - بومی استان خراسان رضوی,پردیس امام سجاد - بیرجند
1395,انسانی,1914,706,منطقه 2,حقوق,دانشگاه قم
1395,انسانی,1917,307,منطقه 3,حقوق,دانشگاه قم
1395,انسانی,1922,711,منطقه 2,حقوق,دانشگاه سمنان
1395,انسانی,1925,713,منطقه 2,فقه و حقوق اسلامی,دانشگاه یزد
1395,انسانی,1929,311,منطقه 3,آموزش ابتدایی - بومی استان کرمان,پردیس خواجه نصیرالدین طوسی - کرمان
1395,انسانی,1929,715,منطقه 2,زبان و ادبیات عربی,دانشگاه تهران (محل تحصیل قم)
1395,انسانی,1932,717,منطقه 2,حقوق,دانشگاه اصفهان
1395,انسانی,1933,312,منطقه 3,پژوهشگری اجتماعی,دانشگاه شهید بهشتی - تهران
1395,انسانی,1940,313,منطقه 3,حقوق,دانشگاه تهران (محل تحصیل قم)
1395,انسانی,1940,721,منطقه 2,آموزش ابتدایی - بومی استان خراسان رضوی,پردیس شهید هاشمی نژاد - مشهد
1395,انسانی,1943,65,ایثارگران,روانشناسی,دانشگاه اصفهان
1395,انسانی,1944,723,منطقه 2,حقوق,دانشگاه بوعلی سینا - همدان
1395,انسانی,1948,315,منطقه 3,آموزش ابتدایی - بومی استان خراسان رضوی,پردیس امام سجاد - بیرجند
1395,انسانی,1954,727,منطقه 2,حقوق,دانشگاه قم
1395,انسانی,1957,729,منطقه 2,حقوق,دانشگاه آیت اله حایری - میبد
1395,انسانی,1958,317,منطقه 3,آموزش زبان و ادبیات فارسی - بومی استان لرستان,پردیس حضرت رسول اکرم - اهواز
1395,انسانی,1962,848,منطقه 1,علوم اقتصادی,دانشگاه فردوسی - مشهد
1395,انسانی,1964,732,منطقه 2,حقوق,دانشگاه گیلان - رشت
1395,انسانی,1966,734,منطقه 2,حقوق,دانشگاه زنجان
1395,انسانی,1974,319,منطقه 3,فقه و حقوق اسلامی,دانشگاه شاهد - تهران
1395,انسانی,1974,737,منطقه 2,کارشناسی ارشد پیوسته معارف اسلامی و حقوق,دانشگاه شهید باهنر - کرمان
1395,انسانی,1974,853,منطقه 1,آموزش زبان و ادبیات فارسی - بومی استان خراسان رضوی,پردیس شهید بهشتی - مشهد
1395,انسانی,1974,853,منطقه 1,حقوق,دانشگاه غیرانتفاعی علم و فرهنگ - تهران
1395,انسانی,1978,321,منطقه 3,زبان و ادبیات فارسی,دانشگاه شهید باهنر - کرمان
1395,انسانی,1979,738,منطقه 2,روانشناسی,دانشگاه شیراز
1395,انسانی,1985,857,منطقه 1,پژوهشگری اجتماعی,دانشگاه شهید بهشتی - تهران
1395,انسانی,1993,325,منطقه 3,آموزش ابتدایی - بومی استان خراسان رضوی,پردیس شهید هاشمی نژاد - مشهد
1395,انسانی,1993,745,منطقه 2,حقوق,دانشگاه یزد
1395,انسانی,1993,745,منطقه 2,دبیری الهیات و معارف اسلامی - بومی استان اصفهان,پردیس حضرت معصومه - قم
1395,انسانی,1993,858,منطقه 1,حسابداری,دانشگاه خوارزمی تهران
1395,انسانی,1996,747,منطقه 2,مدیریت بیمه,دانشگاه علامه طباطبایی - تهران
1395,انسانی,1998,860,منطقه 1,حقوق,دانشگاه یزد
1395,انسانی,2000,326,منطقه 3,آموزش ابتدایی - بومی استان خراسان شمالی,پردیس امام جعفر صادق - بجنورد
1395,انسانی,2005,749,منطقه 2,فلسفه,دانشگاه تهران
1395,انسانی,2007,751,منطقه 2,حقوق,دانشگاه اصفهان
1395,انسانی,2007,864,منطقه 1,علوم تربیتی,دانشگاه فردوسی - مشهد
1395,انسانی,2009,752,منطقه 2,علوم اقتصادی,دانشگاه شهید بهشتی - تهران
1395,انسانی,2009,865,منطقه 1,حقوق,دانشگاه غیرانتفاعی علم و فرهنگ - تهران
1395,انسانی,2012,328,منطقه 3,حسابداری,دانشگاه الزهرا(س) - تهران
1395,انسانی,2018,330,منطقه 3,حقوق,دانشگاه یزد
1395,انسانی,2018,755,منطقه 2,دبیری الهیات و معارف اسلامی - بومی استان چهارمحال وبختیاری,پردیس حضرت معصومه - قم
1395,انسانی,2018,755,منطقه 2,علوم سیاسی,دانشگاه تهران
1395,انسانی,2023,758,منطقه 2,حقوق,دانشگاه زنجان
1395,انسانی,2028,68,ایثارگران,روانشناسی,دانشگاه الزهرا(س) - تهران
1395,انسانی,2032,332,منطقه 3,حقوق,دانشگاه مازندران - بابلسر
1395,انسانی,2032,762,منطقه 2,زبان و ادبیات عربی,دانشگاه اصفهان
1395,انسانی,2032,871,منطقه 1,علوم اقتصادی,دانشگاه علامه طباطبایی - تهران
1395,انسانی,2036,763,منطقه 2,دبیری الهیات و معارف اسلامی - بومی استان خوزستان,پردیس فاطمه الزهرا (س) - اهواز
1395,انسانی,2043,877,منطقه 1,دبیری زبان و ادبیات عربی - بومی استان فارس,پردیس شهید باهنر - شیراز
1395,انسانی,2047,767,منطقه 2,حسابداری,دانشگاه اصفهان
1395,انسانی,2047,767,منطقه 2,فقه و مبانی حقوق اسلامی,دانشگاه مازندران - بابلسر
1395,انسانی,2049,769,منطقه 2,علوم تربیتی,دانشگاه یزد
1395,انسانی,2051,880,منطقه 1,حقوق,دانشگاه گیلان - رشت
1395,انسانی,2053,335,منطقه 3,آموزش جغرافیا - بومی استان خراسان جنوبی,پردیس حکیم ابوالقاسم فردوسی - کرج
1395,انسانی,2057,336,منطقه 3,دبیری علوم اجتماعی - بومی استان سیستان وبلوچستان,پردیس شهید مطهری - زاهدان
1395,انسانی,2061,337,منطقه 3,حقوق,دانشگاه حکیم سبزواری - سبزوار
1395,انسانی,2061,772,منطقه 2,آموزش ابتدایی - بومی استان خراسان رضوی,پردیس شهید هاشمی نژاد - مشهد
1395,انسانی,2061,772,منطقه 2,حقوق,دانشگاه یزد
1395,انسانی,2061,772,منطقه 2,فقه و حقوق اسلامی,دانشگاه خوارزمی - تهران (محل تحصیل کرج)
1395,انسانی,2061,885,منطقه 1,علوم اقتصادی,دانشگاه علامه طباطبایی - تهران
1395,انسانی,2065,339,منطقه 3,آموزش زبان و ادبیات فارسی - بومی استان خراسان شمالی,پردیس نسیبه - تهران
1395,انسانی,2068,886,منطقه 1,روانشناسی,دانشگاه کاشان
1395,انسانی,2071,775,منطقه 2,آموزش ابتدایی - بومی استان مازندران,پردیس دکتر شریعتی - ساری
1395,انسانی,2074,777,منطقه 2,حقوق,دانشگاه حکیم سبزواری - سبزوار
1395,انسانی,2077,341,منطقه 3,آموزش ابتدایی - بومی استان اذربایجان غربی,پردیس شهید رجایی - ارومیه
1395,انسانی,2084,342,منطقه 3,آموزش ابتدایی - بومی استان اذربایجان غربی,پردیس شهید رجایی - ارومیه
1395,انسانی,2084,782,منطقه 2,دبیری الهیات و معارف اسلامی - بومی استان همدان,پردیس شهید مقصودی - همدان
1395,انسانی,2089,894,منطقه 1,حقوق,دانشگاه غیرانتفاعی علم و فرهنگ - تهران
1395,انسانی,2092,344,منطقه 3,آموزش ابتدایی - بومی استان اذربایجان شرقی,پردیس فاطمه الزهرا (س) - تبریز
1395,انسانی,2097,788,منطقه 2,آموزش ابتدایی - بومی استان اذربایجان غربی,پردیس علامه طباطبایی - ارومیه
1395,انسانی,2100,790,منطقه 2,فقه و حقوق اسلامی,دانشگاه خوارزمی - تهران (محل تحصیل کرج)
1395,انسانی,2111,792,منطقه 2,آموزش زبان و ادبیات فارسی - بومی استان اصفهان,پردیس شهید باهنر - شیراز
1395,انسانی,2111,792,منطقه 2,حسابداری,دانشگاه یزد
1395,انسانی,2113,904,منطقه 1,حقوق,دانشگاه شهید چمران اهواز
1395,انسانی,2121,797,منطقه 2,آموزش ابتدایی - بومی استان تهران,پردیس زینبیه - پیشوا (ورامین)
1395,انسانی,2125,798,منطقه 2,آموزش ابتدایی - بومی استان فارس,پردیس شهید رجایی - شیراز
1395,انسانی,2125,798,منطقه 2,علوم سیاسی,دانشگاه تهران
1395,انسانی,2128,347,منطقه 3,حقوق,دانشگاه بوعلی سینا - همدان
1395,انسانی,2128,800,منطقه 2,روانشناسی,دانشگاه سمنان (محل تحصیل دانشکده روانشناسی وعلوم تربیتی مهدی شهر)
1395,انسانی,2128,912,منطقه 1,آموزش ابتدایی - بومی استان اذربایجان شرقی,پردیس علامه امینی - تبریز
1395,انسانی,2130,348,منطقه 3,آموزش ابتدایی - بومی استان خراسان رضوی,پردیس شهید هاشمی نژاد - مشهد
1395,انسانی,2133,801,منطقه 2,آموزش ابتدایی - بومی استان مرکزی,پردیس زینب کبری (س) - اراک
1395,انسانی,2136,349,منطقه 3,حقوق,دانشگاه حکیم سبزواری - سبزوار
1395,انسانی,2142,352,منطقه 3,زبان و ادبیات فارسی,دانشگاه شهید بهشتی - تهران
1395,انسانی,2145,354,منطقه 3,علوم تربیتی,دانشگاه تهران
1395,انسانی,2147,920,منطقه 1,علوم تربیتی,دانشگاه فردوسی - مشهد
1395,انسانی,2153,71,ایثارگران,آموزش زبان و ادبیات فارسی - بومی استان خراسان شمالی,پردیس نسیبه - تهران
1395,انسانی,2153,355,منطقه 3,آموزش ابتدایی - بومی استان تهران,پردیس زینبیه - پیشوا (ورامین)
1395,انسانی,2157,356,منطقه 3,آموزش ابتدایی - بومی استان لرستان,پردیس علامه طباطبایی - خرم آباد
1395,انسانی,2159,358,منطقه 3,روانشناسی,دانشگاه یزد
1395,انسانی,2161,359,منطقه 3,آموزش ابتدایی - بومی استان خراسان رضوی,پردیس امام سجاد - بیرجند
1395,انسانی,2161,806,منطقه 2,حقوق,دانشگاه بوعلی سینا - همدان
1395,انسانی,2161,926,منطقه 1,زبان و ادبیات فارسی,دانشگاه فردوسی - مشهد
1395,انسانی,2164,807,منطقه 2,علوم تربیتی,دانشگاه علامه طباطبایی - تهران
1395,انسانی,2166,928,منطقه 1,مدیریت بازرگانی,دانشگاه اصفهان
1395,انسانی,2173,930,منطقه 1,آموزش ابتدایی - بومی استان خراسان رضوی,پردیس شهید هاشمی نژاد - مشهد
1395,انسانی,2178,814,منطقه 2,آموزش ابتدایی - بومی استان قم,پردیس حضرت معصومه - قم
1395,انسانی,2185,362,منطقه 3,دبیری الهیات و معارف اسلامی - بومی استان خراسان شمالی,پردیس زینبیه - پیشوا (ورامین)
1395,انسانی,2190,364,منطقه 3,حقوق,دانشگاه شیراز
1395,انسانی,2195,365,منطقه 3,حقوق,دانشگاه قم
1395,انسانی,2200,937,منطقه 1,علوم تربیتی,دانشگاه فردوسی - مشهد
1395,انسانی,2204,826,منطقه 2,راهنمایی و مشاوره - بومی استان خراسان رضوی,پردیس شهید بهشتی - مشهد
1395,انسانی,2209,368,منطقه 3,آموزش زبان و ادبیات فارسی - بومی استان البرز,پردیس نسیبه - تهران
1395,انسانی,2217,371,منطقه 3,مدیریت مالی,دانشگاه تهران
1395,انسانی,2221,834,منطقه 2,آموزش کودکان استثنایی - بومی استان اذربایجان شرقی,پردیس نسیبه - تهران
1395,انسانی,2221,834,منطقه 2,مدیریت مالی,دانشگاه الزهرا(س) - تهران
1395,انسانی,2225,372,منطقه 3,علوم تربیتی,دانشگاه یزد
1395,انسانی,2230,949,منطقه 1,دبیری تاریخ - بومی استان فارس,پردیس آیت اله کمال وند - خرم آباد
1395,انسانی,2234,838,منطقه 2,حقوق,دانشگاه بوعلی سینا - همدان
1395,انسانی,2234,838,منطقه 2,فقه و حقوق اسلامی,دانشگاه یزد
1395,انسانی,2237,73,ایثارگران,مطالعات ارتباطی و فناوری اطلاعات,دانشگاه علامه طباطبایی - تهران
1395,انسانی,2237,840,منطقه 2,روانشناسی,دانشگاه بین المللی امام خمینی(ره) - قزوین
1395,انسانی,2246,843,منطقه 2,حقوق,دانشگاه آیت اله حایری - میبد
1395,انسانی,2250,844,منطقه 2,روانشناسی,دانشگاه شهید چمران اهواز
1395,انسانی,2251,375,منطقه 3,فقه و مبانی حقوق اسلامی,دانشگاه تهران
1395,انسانی,2255,846,منطقه 2,آموزش ابتدایی - بومی استان خراسان رضوی,پردیس شهید هاشمی نژاد - مشهد
1395,انسانی,2258,961,منطقه 1,روانشناسی,دانشگاه تبریز
1395,انسانی,2261,378,منطقه 3,حقوق,دانشگاه کردستان - سنندج
1395,انسانی,2275,379,منطقه 3,راهنمایی و مشاوره - بومی استان خراسان شمالی,پردیس شهید بهشتی - مشهد
1395,انسانی,2275,852,منطقه 2,آموزش ابتدایی - بومی استان قم,پردیس آیت اله طالقانی - قم
1395,انسانی,2278,380,منطقه 3,روانشناسی,دانشگاه مازندران - بابلسر
1395,انسانی,2278,972,منطقه 1,حقوق,دانشگاه قم
1395,انسانی,2280,854,منطقه 2,آموزش زبان و ادبیات فارسی - بومی استان مرکزی,پردیس شهید مقصودی - همدان
1395,انسانی,2282,855,منطقه 2,حسابداری,دانشگاه اصفهان
1395,انسانی,2286,75,ایثارگران,حقوق,دانشگاه شهید بهشتی - تهران
1395,انسانی,2294,978,منطقه 1,مدیریت دولتی,دانشگاه علامه طباطبایی - تهران
1395,انسانی,2297,385,منطقه 3,روانشناسی,دانشگاه فردوسی - مشهد
1395,انسانی,2301,386,منطقه 3,حقوق,دانشگاه رازی کرمانشاه
1395,انسانی,2301,862,منطقه 2,فقه و حقوق اسلامی,دانشگاه شهید مطهری
1395,انسانی,2303,387,منطقه 3,دبیری علوم اجتماعی - بومی استان کردستان,پردیس شهید مقصودی - همدان
1395,انسانی,2306,388,منطقه 3,آموزش ابتدایی - بومی استان خراسان جنوبی,پردیس شهید باهنر - بیرجند
1395,انسانی,2306,980,منطقه 1,روانشناسی,دانشگاه تبریز
1395,انسانی,2311,983,منطقه 1,حقوق,دانشگاه تبریز
1395,انسانی,2319,77,ایثارگران,روانشناسی,دانشگاه فردوسی - مشهد
1395,انسانی,2319,867,منطقه 2,آموزش ابتدایی - بومی استان قم,پردیس حضرت معصومه - قم
1395,انسانی,2319,867,منطقه 2,حقوق,دانشگاه بوعلی سینا - همدان
1395,انسانی,2319,987,منطقه 1,علوم سیاسی,دانشگاه علامه طباطبایی - تهران
1395,انسانی,2324,390,منطقه 3,مدیریت مالی,دانشگاه شهید بهشتی - تهران
1395,انسانی,2324,869,منطقه 2,حقوق,دانشگاه بوعلی سینا - همدان
1395,انسانی,2336,391,منطقه 3,فقه و حقوق اسلامی,دانشگاه خوارزمی - تهران (محل تحصیل کرج)
1395,انسانی,2336,878,منطقه 2,علوم تربیتی,دانشگاه یزد
1395,انسانی,2339,880,منطقه 2,حقوق,دانشگاه شهید چمران اهواز
1395,انسانی,2339,880,منطقه 2,روانشناسی,دانشگاه بوعلی سینا - همدان
1395,انسانی,2344,991,منطقه 1,مدیریت بازرگانی,دانشگاه فردوسی - مشهد
1395,انسانی,2347,79,ایثارگران,دبیری علوم اجتماعی - بومی استان یزد,پردیس فاطمه الزهرا (س) - اصفهان
1395,انسانی,2356,996,منطقه 1,روانشناسی,دانشگاه غیرانتفاعی علم و فرهنگ - تهران
1395,انسانی,2359,998,منطقه 1,دبیری الهیات و معارف اسلامی - بومی استان تهران,پردیس زینبیه - پیشوا (ورامین)
1395,انسانی,2365,890,منطقه 2,روانشناسی,دانشگاه بین المللی امام خمینی(ره) - قزوین
1395,انسانی,2365,1000,منطقه 1,مدیریت بازرگانی,دانشگاه فردوسی - مشهد
1395,انسانی,2368,398,منطقه 3,آموزش ابتدایی - بومی استان اذربایجان غربی,پردیس شهید رجایی - ارومیه
1395,انسانی,2368,398,منطقه 3,حقوق,دانشگاه سمنان
1395,انسانی,2368,891,منطقه 2,حقوق,دانشگاه شهید چمران اهواز
1395,انسانی,2371,400,منطقه 3,راهنمایی و مشاوره - بومی استان اذربایجان غربی,پردیس شهید صدوقی - کرمانشاه
1395,انسانی,2375,402,منطقه 3,دبیری الهیات و معارف اسلامی - بومی استان کهگیلویه وبویراحمد,پردیس حضرت معصومه - قم
1395,انسانی,2381,404,منطقه 3,حقوق,دانشگاه گیلان - رشت
1395,انسانی,2385,894,منطقه 2,حقوق,دانشگاه سمنان
1395,انسانی,2387,81,ایثارگران,آموزش کودکان استثنایی - بومی استان یزد,پردیس شهید هاشمی نژاد - مشهد
1395,انسانی,2391,897,منطقه 2,فقه و مبانی حقوق اسلامی,دانشگاه مازندران - بابلسر
1395,انسانی,2391,1006,منطقه 1,حقوق,دانشگاه غیرانتفاعی علم و فرهنگ - تهران
1395,انسانی,2393,409,منطقه 3,حقوق,دانشگاه بیرجند
1395,انسانی,2394,410,منطقه 3,حقوق,دانشگاه شیراز
1395,انسانی,2404,412,منطقه 3,حقوق,دانشگاه قم
1395,انسانی,2407,901,منطقه 2,آموزش ابتدایی - بومی استان یزد,پردیس شهید پاک نژاد - یزد
1395,انسانی,2412,903,منطقه 2,زبان و ادبیات عربی,دانشگاه حکیم سبزواری - سبزوار
1395,انسانی,2416,413,منطقه 3,آموزش ابتدایی - بومی استان خراسان جنوبی,پردیس شهید باهنر - بیرجند
1395,انسانی,2416,904,منطقه 2,آموزش ابتدایی - بومی استان کردستان,پردیس شهید مدرس - سنندج
1395,انسانی,2418,414,منطقه 3,حقوق,دانشگاه بیرجند
1395,انسانی,2422,905,منطقه 2,دبیری علوم اجتماعی - بومی استان اصفهان,پردیس شهید باهنر - اصفهان
1395,انسانی,2422,1021,منطقه 1,حقوق,دانشگاه کاشان
1395,انسانی,2426,416,منطقه 3,راهنمایی و مشاوره - بومی استان کرمانشاه,پردیس شهید صدوقی - کرمانشاه
1395,انسانی,2433,1027,منطقه 1,علوم تربیتی,دانشگاه علامه طباطبایی - تهران
1395,انسانی,2437,420,منطقه 3,دبیری الهیات و معارف اسلامی - بومی استان خراسان شمالی,پردیس زینبیه - پیشوا (ورامین)
1395,انسانی,2437,907,منطقه 2,حقوق,دانشگاه قم
1395,انسانی,2442,421,منطقه 3,دبیری علوم اجتماعی - بومی استان لرستان,پردیس حضرت رسول اکرم - اهواز
1395,انسانی,2446,910,منطقه 2,علوم اقتصادی,دانشگاه علامه طباطبایی - تهران
1395,انسانی,2446,910,منطقه 2,فقه و مبانی حقوق اسلامی,دانشگاه مازندران - بابلسر
1395,انسانی,2450,422,منطقه 3,روانشناسی,دانشگاه علامه طباطبایی - تهران
1395,انسانی,2450,912,منطقه 2,حقوق,دانشگاه گیلان - رشت
1395,انسانی,2455,423,منطقه 3,دبیری علوم اجتماعی - بومی استان سیستان وبلوچستان,پردیس شهید مطهری - زاهدان
1395,انسانی,2455,915,منطقه 2,حسابداری,دانشگاه یزد
1395,انسانی,2460,1037,منطقه 1,علوم سیاسی,دانشگاه شهید بهشتی - تهران
1395,انسانی,2463,425,منطقه 3,دبیری زبان و ادبیات عربی - بومی استان سیستان وبلوچستان,پردیس شهید مطهری - زاهدان
1395,انسانی,2467,426,منطقه 3,دبیری تاریخ - بومی استان گلستان,پردیس آیت اله کمال وند - خرم آباد
1395,انسانی,2467,426,منطقه 3,روانشناسی,دانشگاه تبریز
1395,انسانی,2467,921,منطقه 2,حقوق,دانشگاه مازندران - بابلسر
1395,انسانی,2467,921,منطقه 2,راهنمایی و مشاوره - بومی استان خراسان جنوبی,پردیس شهید بهشتی - مشهد
1395,انسانی,2473,924,منطقه 2,روانشناسی,دانشگاه زنجان
1395,انسانی,2473,924,منطقه 2,مدیریت مالی,دانشگاه یزد
1395,انسانی,2479,928,منطقه 2,حسابداری,دانشگاه خوارزمی تهران
1395,انسانی,2484,431,منطقه 3,کارشناسی ارشد پیوسته معارف اسلامی و حقوق,دانشگاه ولی عصر(عج) - رفسنجان
1395,انسانی,2484,930,منطقه 2,آموزش ابتدایی - بومی استان مازندران,پردیس دکتر شریعتی - ساری
1395,انسانی,2486,931,منطقه 2,آموزش ابتدایی - بومی استان قم,پردیس حضرت معصومه - قم
1395,انسانی,2488,932,منطقه 2,روانشناسی,دانشگاه شیراز
1395,انسانی,2491,933,منطقه 2,روانشناسی,دانشگاه مازندران - بابلسر
1395,انسانی,2494,84,ایثارگران,آموزش ابتدایی - بومی استان اصفهان,پردیس فاطمه الزهرا (س) - اصفهان
1395,انسانی,2498,433,منطقه 3,حقوق,دانشگاه بوعلی سینا - همدان
1395,انسانی,2506,937,منطقه 2,حقوق,دانشگاه مازندران - بابلسر
1395,انسانی,2511,437,منطقه 3,فقه و مبانی حقوق اسلامی,دانشگاه مازندران - بابلسر
1395,انسانی,2511,1050,منطقه 1,مترجمی زبان عربی,دانشگاه تهران
1395,انسانی,2518,944,منطقه 2,آموزش زبان و ادبیات فارسی - بومی استان همدان,پردیس نسیبه - تهران
1395,انسانی,2521,440,منطقه 3,حقوق,دانشگاه سمنان
1395,انسانی,2521,946,منطقه 2,حقوق,دانشگاه آیت اله حایری - میبد
1395,انسانی,2521,946,منطقه 2,حقوق,دانشگاه شهید چمران اهواز
1395,انسانی,2526,441,منطقه 3,حقوق,دانشگاه شیراز
1395,انسانی,2529,950,منطقه 2,فقه و مبانی حقوق اسلامی,دانشگاه مازندران - بابلسر
1395,انسانی,2533,443,منطقه 3,دبیری علوم اجتماعی - بومی استان کرمان,پردیس فاطمه الزهرا (س) - اصفهان
1395,انسانی,2537,1057,منطقه 1,حقوق,دانشگاه شهرکرد
1395,انسانی,2542,955,منطقه 2,حقوق,دانشگاه حضرت معصومه (ع) - ویژه خواهران - قم
1395,انسانی,2545,957,منطقه 2,روانشناسی,دانشگاه مازندران - بابلسر
1395,انسانی,2550,446,منطقه 3,آموزش ابتدایی - بومی استان خراسان رضوی,پردیس شهید بهشتی - مشهد
1395,انسانی,2550,446,منطقه 3,علوم تربیتی,دانشگاه فردوسی - مشهد
1395,انسانی,2552,448,منطقه 3,علوم تربیتی,دانشگاه فردوسی - مشهد
1395,انسانی,2554,959,منطقه 2,حقوق,دانشگاه سمنان
1395,انسانی,2560,963,منطقه 2,آموزش جغرافیا - بومی استان قم,پردیس حکیم ابوالقاسم فردوسی - کرج
1395,انسانی,2563,449,منطقه 3,آموزش زبان و ادبیات فارسی - بومی استان گلستان,پردیس نسیبه - تهران
1395,انسانی,2565,450,منطقه 3,آموزش ابتدایی - بومی استان کرمان,پردیس شهید باهنر - کرمان
1395,انسانی,2565,965,منطقه 2,دبیری الهیات و معارف اسلامی - بومی استان همدان,پردیس شهید مقصودی - همدان
1395,انسانی,2569,967,منطقه 2,دبیری علوم اجتماعی - بومی استان همدان,پردیس شهید مقصودی - همدان
1395,انسانی,2569,967,منطقه 2,روانشناسی,دانشگاه مازندران - بابلسر
1395,انسانی,2573,969,منطقه 2,حقوق,دانشگاه زنجان
1395,انسانی,2580,454,منطقه 3,آموزش ابتدایی - بومی استان بوشهر,پردیس بنت الهدی صدر - بوشهر
1395,انسانی,2580,454,منطقه 3,حقوق,دانشگاه اصفهان
1395,انسانی,2587,456,منطقه 3,دبیری زبان و ادبیات عربی - بومی استان کهگیلویه وبویراحمد,پردیس شهید باهنر - شیراز
1395,انسانی,2590,458,منطقه 3,روانشناسی,دانشگاه الزهرا(س) - تهران
1395,انسانی,2594,1077,منطقه 1,علوم تربیتی,دانشگاه فردوسی - مشهد
1395,انسانی,2597,460,منطقه 3,حقوق,دانشگاه بیرجند
1395,انسانی,2599,975,منطقه 2,حسابداری,دانشگاه بوعلی سینا - همدان
1395,انسانی,2605,1080,منطقه 1,روانشناسی,دانشگاه بین المللی امام خمینی(ره) - قزوین
1395,انسانی,2608,981,منطقه 2,روانشناسی,دانشگاه اردکان
1395,انسانی,2611,984,منطقه 2,حقوق,دانشگاه گیلان - رشت
1395,انسانی,2617,988,منطقه 2,آموزش زبان و ادبیات فارسی - بومی استان فارس,پردیس شهید باهنر - شیراز
1395,انسانی,2617,988,منطقه 2,حقوق,دانشگاه مازندران - بابلسر
1395,انسانی,2627,463,منطقه 3,روانشناسی,دانشگاه شهید مدنی آذربایجان - تبریز
1395,انسانی,2627,993,منطقه 2,علوم اقتصادی,دانشگاه علامه طباطبایی - تهران
1395,انسانی,2633,994,منطقه 2,حقوق,دانشگاه زنجان
1395,انسانی,2633,1088,منطقه 1,حسابداری,دانشگاه اصفهان
1395,انسانی,2636,996,منطقه 2,مدیریت بازرگانی,دانشگاه فردوسی - مشهد
1395,انسانی,2639,467,منطقه 3,آموزش زبان و ادبیات فارسی - بومی استان اصفهان,پردیس شهید باهنر - شیراز
1395,انسانی,2639,467,منطقه 3,حقوق,دانشگاه تهران (محل تحصیل قم)
1395,انسانی,2639,997,منطقه 2,روانشناسی,دانشگاه لرستان - خرم آباد
1395,انسانی,2639,997,منطقه 2,علوم تربیتی,دانشگاه کاشان
1395,انسانی,2646,469,منطقه 3,علوم تربیتی,دانشگاه اصفهان
1395,انسانی,2646,1002,منطقه 2,آموزش کودکان استثنایی - بومی استان اصفهان,پردیس فاطمه الزهرا (س) - اصفهان
1395,انسانی,2649,1090,منطقه 1,حقوق,دانشگاه تبریز
1395,انسانی,2651,471,منطقه 3,دبیری زبان و ادبیات عربی - بومی استان سیستان وبلوچستان,پردیس شهید مطهری - زاهدان
1395,انسانی,2654,472,منطقه 3,حقوق,دانشگاه گیلان - رشت
1395,انسانی,2654,1006,منطقه 2,مدیریت مالی,دانشگاه یزد
1395,انسانی,2657,474,منطقه 3,آموزش ابتدایی - بومی استان چهار محال وبختیاری,پردیس شهید باهنر - شهرکرد
1395,انسانی,2657,1007,منطقه 2,آموزش ابتدایی - بومی استان اذربایجان شرقی,پردیس علامه امینی - تبریز
1395,انسانی,2673,479,منطقه 3,علوم سیاسی,دانشگاه فردوسی - مشهد
1395,انسانی,2677,481,منطقه 3,آموزش زبان و ادبیات فارسی - بومی استان فارس,پردیس شهید باهنر - شیراز
1395,انسانی,2677,1012,منطقه 2,حقوق,دانشگاه زنجان
1395,انسانی,2677,1012,منطقه 2,مدیریت مالی,دانشگاه یزد
1395,انسانی,2689,1015,منطقه 2,فقه و حقوق اسلامی,دانشگاه یزد
1395,انسانی,2702,1019,منطقه 2,آموزش ابتدایی - بومی استان سمنان,پردیس شهید رجایی - سمنان
1395,انسانی,2705,1021,منطقه 2,روانشناسی,دانشگاه مازندران - بابلسر
1395,انسانی,2713,1025,منطقه 2,آموزش ابتدایی - بومی استان اذربایجان غربی,پردیس علامه طباطبایی - ارومیه
1395,انسانی,2717,1027,منطقه 2,روانشناسی,دانشگاه بوعلی سینا - همدان
1395,انسانی,2724,1029,منطقه 2,آموزش ابتدایی - بومی استان یزد,پردیس شهید پاک نژاد - یزد
1395,انسانی,2724,1029,منطقه 2,علوم تربیتی,دانشگاه قم
1395,انسانی,2727,1031,منطقه 2,مترجمی زبان عربی,دانشگاه علامه طباطبایی - تهران
1395,انسانی,2735,491,منطقه 3,آموزش زبان و ادبیات فارسی - بومی استان خراسان رضوی,پردیس شهید بهشتی - مشهد
1395,انسانی,2746,493,منطقه 3,دبیری الهیات و معارف اسلامی - بومی استان گلستان,پردیس زینبیه - پیشوا (ورامین)
1395,انسانی,2746,1038,منطقه 2,فقه و حقوق اسلامی,دانشگاه یزد
1395,انسانی,2756,495,منطقه 3,علوم سیاسی,دانشگاه شهید بهشتی - تهران
1395,انسانی,2761,498,منطقه 3,آموزش کودکان استثنایی - بومی استان یزد,پردیس شهید بهشتی - مشهد
1395,انسانی,2761,498,منطقه 3,روانشناسی,دانشگاه شیراز
1395,انسانی,2761,1043,منطقه 2,روانشناسی,دانشگاه گیلان - رشت
1395,انسانی,2761,1132,منطقه 1,علوم تربیتی,دانشگاه تبریز
1395,انسانی,2766,1045,منطقه 2,حسابداری,دانشگاه بوعلی سینا - همدان
1395,انسانی,2766,1045,منطقه 2,مدیریت صنعتی,دانشگاه شهید بهشتی - تهران
1395,انسانی,2769,1047,منطقه 2,حسابداری,دانشگاه شیراز
1395,انسانی,2769,1047,منطقه 2,دبیری زبان و ادبیات عربی - بومی استان اصفهان,پردیس شهید باهنر - شیراز
1395,انسانی,2772,1050,منطقه 2,علوم تربیتی,دانشگاه یزد
1395,انسانی,2776,501,منطقه 3,علوم تربیتی,دانشگاه مازندران - بابلسر
1395,انسانی,2780,503,منطقه 3,روانشناسی,دانشگاه بیرجند
1395,انسانی,2783,504,منطقه 3,دبیری الهیات و معارف اسلامی - بومی استان اصفهان,پردیس حضرت معصومه - قم
1395,انسانی,2788,505,منطقه 3,حقوق,دانشگاه اصفهان
1395,انسانی,2792,1054,منطقه 2,دبیری زبان و ادبیات عربی - بومی استان لرستان,پردیس فاطمه الزهرا (س) - اهواز
1395,انسانی,2795,507,منطقه 3,آموزش زبان و ادبیات فارسی,پردیس حکیم ابوالقاسم فردوسی - کرج
1395,انسانی,2803,1147,منطقه 1,علوم اقتصادی,دانشگاه علامه طباطبایی - تهران
1395,انسانی,2810,1059,منطقه 2,آموزش ابتدایی - بومی استان زنجان,پردیس شهید بهشتی - زنجان
1395,انسانی,2810,1059,منطقه 2,آموزش ابتدایی - بومی استان مازندران,پردیس دکتر شریعتی - ساری
1395,انسانی,2810,1059,منطقه 2,حسابداری,دانشگاه شیراز
1395,انسانی,2810,1059,منطقه 2,حقوق,دانشگاه مازندران - بابلسر
1395,انسانی,2816,512,منطقه 3,آموزش زبان و ادبیات فارسی - بومی استان فارس,پردیس شهید باهنر - شیراز
1395,انسانی,2819,1063,منطقه 2,حسابداری,دانشگاه یزد
1395,انسانی,2822,513,منطقه 3,دبیری الهیات و معارف اسلامی - بومی استان اصفهان,پردیس شهید باهنر - اصفهان
1395,انسانی,2825,1154,منطقه 1,حقوق,دانشگاه تبریز
1395,انسانی,2829,514,منطقه 3,حقوق,دانشگاه اصفهان
1395,انسانی,2832,1069,منطقه 2,حقوق,دانشگاه شهید مدنی آذربایجان - تبریز
1395,انسانی,2835,1070,منطقه 2,علوم تربیتی,دانشگاه شیراز
1395,انسانی,2840,518,منطقه 3,آموزش ابتدایی - بومی استان خراسان شمالی,پردیس امام جعفر صادق - بجنورد
1395,انسانی,2840,1072,منطقه 2,حقوق,دانشگاه حضرت معصومه (ع) - ویژه خواهران - قم
1395,انسانی,2840,1072,منطقه 2,حقوق,دانشگاه ملایر
1395,انسانی,2854,522,منطقه 3,راهنمایی و مشاوره - بومی استان اردبیل,پردیس شهید رجایی - کرمانشاه
1395,انسانی,2859,1167,منطقه 1,مدیریت دولتی,دانشگاه اصفهان
1395,انسانی,2863,93,ایثارگران,حقوق,دانشگاه شهید بهشتی - تهران
1395,انسانی,2866,525,منطقه 3,مدیریت مالی,دانشگاه تهران
1395,انسانی,2866,1078,منطقه 2,حقوق,دانشگاه مازندران - بابلسر
1395,انسانی,2868,1079,منطقه 2,آموزش ابتدایی - بومی استان مازندران,پردیس دکتر شریعتی - ساری
1395,انسانی,2870,1081,منطقه 2,روانشناسی,دانشگاه سمنان (محل تحصیل دانشکده روانشناسی وعلوم تربیتی مهدی شهر)
1395,انسانی,2874,1083,منطقه 2,حقوق,دانشگاه زنجان
1395,انسانی,2881,1088,منطقه 2,حسابداری,دانشگاه یزد
1395,انسانی,2884,528,منطقه 3,حقوق,دانشگاه شهید مدنی آذربایجان - تبریز
1395,انسانی,2884,1174,منطقه 1,حسابداری,دانشگاه اصفهان
1395,انسانی,2884,1174,منطقه 1,دبیری الهیات و معارف اسلامی - بومی استان خراسان رضوی,پردیس شهید بهشتی - مشهد
1395,انسانی,2891,529,منطقه 3,مدیریت بازرگانی,دانشگاه شهید بهشتی - تهران
1395,انسانی,2895,1091,منطقه 2,راهنمایی و مشاوره - بومی استان خراسان رضوی,پردیس شهید بهشتی - مشهد
1395,انسانی,2897,1093,منطقه 2,حقوق,دانشگاه زنجان
1395,انسانی,2899,1183,منطقه 1,حقوق,دانشگاه شهرکرد
1395,انسانی,2903,531,منطقه 3,آموزش ابتدایی - بومی استان خراسان رضوی,پردیس شهید هاشمی نژاد - مشهد
1395,انسانی,2903,531,منطقه 3,آموزش ابتدایی - بومی استان کردستان,پردیس بنت الهدی صدر - سنندج
1395,انسانی,2907,1094,منطقه 2,حقوق,دانشگاه شهید چمران اهواز
1395,انسانی,2911,535,منطقه 3,دبیری زبان و ادبیات عربی - بومی استان تهران,پردیس شهید مفتح - شهرری
1395,انسانی,2911,1186,منطقه 1,علوم اقتصادی,دانشگاه خوارزمی تهران
1395,انسانی,2915,539,منطقه 3,دبیری الهیات و معارف اسلامی - بومی استان خراسان رضوی,پردیس شهید بهشتی - مشهد
1395,انسانی,2918,541,منطقه 3,حقوق,دانشگاه بیرجند
1395,انسانی,2923,1097,منطقه 2,روانشناسی,دانشگاه مازندران - بابلسر
1395,انسانی,2923,1097,منطقه 2,علوم تربیتی,دانشگاه تهران
1395,انسانی,2931,1101,منطقه 2,مددکاری اجتماعی,دانشگاه علامه طباطبایی - تهران
1395,انسانی,2931,1190,منطقه 1,حقوق,دانشگاه رازی کرمانشاه
1395,انسانی,2937,547,منطقه 3,حقوق,دانشگاه بیرجند
1395,انسانی,2946,1108,منطقه 2,راهنمایی و مشاوره - بومی استان کرمانشاه,پردیس شهید صدوقی - کرمانشاه
1395,انسانی,2953,550,منطقه 3,حقوق,دانشگاه بین المللی امام خمینی(ره) - قزوین
1395,انسانی,2953,550,منطقه 3,دبیری زبان و ادبیات عربی - بومی استان کردستان,پردیس حضرت معصومه - قم
1395,انسانی,2961,1113,منطقه 2,حقوق,دانشگاه قم
1395,انسانی,2961,1113,منطقه 2,علوم تربیتی,دانشگاه یزد
1395,انسانی,2966,1203,منطقه 1,علوم قرآن و حدیث,دانشگاه فردوسی - مشهد
1395,انسانی,2970,553,منطقه 3,راهنمایی و مشاوره - بومی استان خراسان جنوبی,پردیس شهید بهشتی - مشهد
1395,انسانی,2970,1116,منطقه 2,دبیری الهیات و معارف اسلامی - بومی استان قزوین,پردیس زینبیه - پیشوا (ورامین)
1395,انسانی,2970,1204,منطقه 1,علوم اقتصادی,دانشگاه علامه طباطبایی - تهران
1395,انسانی,2974,554,منطقه 3,حقوق,دانشگاه یزد
1395,انسانی,2979,1120,منطقه 2,حقوق,دانشگاه آیت اله حایری - میبد
1395,انسانی,2988,559,منطقه 3,آموزش ابتدایی - بومی استان اذربایجان غربی,پردیس شهید رجایی - ارومیه
1395,انسانی,2993,1125,منطقه 2,حقوق,دانشگاه مازندران - بابلسر
1395,انسانی,3000,1129,منطقه 2,آموزش زبان و ادبیات فارسی - بومی استان اذربایجان غربی,پردیس نسیبه - تهران
1395,انسانی,3000,1212,منطقه 1,حقوق,دانشگاه شهرکرد
1395,انسانی,3005,1130,منطقه 2,حقوق,دانشگاه قم
1395,انسانی,3022,1138,منطقه 2,علوم تربیتی,دانشگاه شهید بهشتی - تهران
1395,انسانی,3026,565,منطقه 3,تاریخ,دانشگاه اصفهان
1395,انسانی,3026,565,منطقه 3,راهنمایی و مشاوره - بومی استان کرمانشاه,پردیس شهید صدوقی - کرمانشاه
1395,انسانی,3034,568,منطقه 3,مددکاری اجتماعی,دانشگاه علامه طباطبایی - تهران
1395,انسانی,3034,1224,منطقه 1,حقوق,دانشگاه آیت اله حایری - میبد
1395,انسانی,3037,1145,منطقه 2,دبیری زبان و ادبیات عربی - بومی چهارمحال وبختیاری,پردیس شهید باهنر - شیراز
1395,انسانی,3037,1225,منطقه 1,علوم تربیتی,دانشگاه اصفهان
1395,انسانی,3043,99,ایثارگران,حقوق,دانشگاه شهید بهشتی - تهران
1395,انسانی,3048,571,منطقه 3,روانشناسی,دانشگاه فردوسی - مشهد
1395,انسانی,3055,1150,منطقه 2,آموزش زبان و ادبیات فارسی - بومی استان اصفهان,پردیس بحرالعلوم - شهرکرد
1395,انسانی,3055,1150,منطقه 2,حقوق,دانشگاه حکیم سبزواری - سبزوار
1395,انسانی,3060,1153,منطقه 2,حقوق,دانشگاه آیت اله حایری - میبد
1395,انسانی,3060,1153,منطقه 2,علوم تربیتی,دانشگاه یزد
1395,انسانی,3063,1155,منطقه 2,حقوق,دانشگاه بوعلی سینا - همدان
1395,انسانی,3063,1155,منطقه 2,دبیری الهیات و معارف اسلامی - بومی استان خوزستان,پردیس فاطمه الزهرا (س) - اهواز
1395,انسانی,3067,575,منطقه 3,فقه و مبانی حقوق اسلامی,دانشگاه تهران
1395,انسانی,3071,1159,منطقه 2,آموزش زبان و ادبیات فارسی - بومی استان اصفهان,پردیس شهید باهنر - شیراز
1395,انسانی,3076,577,منطقه 3,آموزش ابتدایی - بومی استان اردبیل,پردیس علامه طباطبایی - اردبیل
1395,انسانی,3076,1162,منطقه 2,روزنامه نگاری,دانشگاه علامه طباطبایی - تهران
1395,انسانی,3076,1238,منطقه 1,علوم سیاسی,دانشگاه شهید بهشتی - تهران
1395,انسانی,3081,1240,منطقه 1,حقوق,دانشگاه شهید چمران اهواز
1395,انسانی,3090,1244,منطقه 1,روانشناسی,دانشگاه بین المللی امام خمینی(ره) - قزوین
1395,انسانی,3094,583,منطقه 3,آموزش ابتدایی - بومی استان گلستان,پردیس امام خمینی - گرگان
1395,انسانی,3101,1249,منطقه 1,علوم تربیتی,دانشگاه اصفهان
1395,انسانی,3106,1251,منطقه 1,روانشناسی,دانشگاه غیرانتفاعی علم و فرهنگ - تهران
1395,انسانی,3106,1251,منطقه 1,علوم اقتصادی,دانشگاه خوارزمی تهران
1395,انسانی,3114,588,منطقه 3,دبیری زبان و ادبیات عربی - بومی استان سیستان وبلوچستان,پردیس شهید مطهری - زاهدان
1395,انسانی,3114,1255,منطقه 1,آموزش کودکان استثنایی - بومی استان فارس,پردیس فاطمه الزهرا (س) - اصفهان
1395,انسانی,3117,590,منطقه 3,دبیری علوم اجتماعی - بومی استان کردستان,پردیس شهید باهنر - همدان
1395,انسانی,3120,591,منطقه 3,دبیری زبان و ادبیات عربی - بومی استان البرز,پردیس حضرت معصومه - قم
1395,انسانی,3120,591,منطقه 3,علوم سیاسی,دانشگاه علامه طباطبایی - تهران
1395,انسانی,3125,1176,منطقه 2,آموزش ابتدایی - بومی استان اردبیل,پردیس بنت الهدی صدر - اردبیل
1395,انسانی,3125,1176,منطقه 2,آموزش جغرافیا - بومی استان قم,پردیس امیر کبیر - کرج
1395,انسانی,3125,1176,منطقه 2,حقوق,دانشگاه مازندران - بابلسر
1395,انسانی,3125,1176,منطقه 2,مدیریت مالی,دانشگاه یزد
1395,انسانی,3136,1180,منطقه 2,روانشناسی,دانشگاه زنجان
1395,انسانی,3136,1180,منطقه 2,فقه و مبانی حقوق اسلامی,دانشگاه فردوسی - مشهد
1395,انسانی,3146,1266,منطقه 1,حقوق,دانشگاه غیرانتفاعی علم و فرهنگ - تهران
1395,انسانی,3151,1268,منطقه 1,حسابداری,دانشگاه فردوسی - مشهد
1395,انسانی,3151,1268,منطقه 1,مدیریت بازرگانی,دانشگاه فردوسی - مشهد
1395,انسانی,3160,1274,منطقه 1,زبان و ادبیات فارسی,دانشگاه شیراز
1395,انسانی,3164,1186,منطقه 2,مدیریت بازرگانی,دانشگاه شیراز
1395,انسانی,3169,600,منطقه 3,دبیری زبان و ادبیات عربی - بومی استان خوزستان,پردیس فاطمه الزهرا (س) - اهواز
1395,انسانی,3176,604,منطقه 3,دبیری علوم اجتماعی - بومی استان گلستان,پردیس شهید بهشتی - مشهد
1395,انسانی,3176,604,منطقه 3,فقه و مبانی حقوق اسلامی,دانشگاه تهران
1395,انسانی,3176,1188,منطقه 2,حقوق,دانشگاه رازی کرمانشاه
1395,انسانی,3176,1188,منطقه 2,روانشناسی,دانشگاه بوعلی سینا - همدان
1395,انسانی,3176,1280,منطقه 1,روانشناسی,دانشگاه تبریز
1395,انسانی,3176,1280,منطقه 1,مدیریت صنعتی,دانشگاه اصفهان
1395,انسانی,3182,1190,منطقه 2,علوم تربیتی,دانشگاه کاشان
1395,انسانی,3187,608,منطقه 3,حقوق,دانشگاه حضرت معصومه (ع) - ویژه خواهران - قم
1395,انسانی,3187,608,منطقه 3,حقوق,دانشگاه حکیم سبزواری - سبزوار
1395,انسانی,3193,610,منطقه 3,حقوق,مجتمع آموزش عالی گناباد
1395,انسانی,3193,1285,منطقه 1,علوم سیاسی,دانشگاه علامه طباطبایی - تهران
1395,انسانی,3196,104,ایثارگران,آموزش ابتدایی - بومی استان یزد,پردیس فاطمه الزهرا (س) - یزد
1395,انسانی,3196,612,منطقه 3,دبیری تاریخ - بومی استان خراسان جنوبی,پردیس آیت اله کمال وند - خرم آباد
1395,انسانی,3196,612,منطقه 3,دبیری علوم اجتماعی - بومی استان کردستان,پردیس شهید باهنر - همدان
1395,انسانی,3199,1195,منطقه 2,حسابداری,دانشگاه یزد
1395,انسانی,3199,1195,منطقه 2,روانشناسی,دانشگاه تبریز
1395,انسانی,3203,1198,منطقه 2,علوم اقتصادی,دانشگاه علامه طباطبایی - تهران
1395,انسانی,3208,1202,منطقه 2,باستانشناسی,دانشگاه تهران
1395,انسانی,3213,105,ایثارگران,حقوق,دانشگاه شهید بهشتی - تهران
1395,انسانی,3213,616,منطقه 3,آموزش ابتدایی - بومی استان مازندران,پردیس دکتر شریعتی - ساری
1395,انسانی,3213,1204,منطقه 2,حقوق,دانشگاه گیلان - رشت
1395,انسانی,3220,1207,منطقه 2,حسابداری,دانشگاه اصفهان
1395,انسانی,3220,1290,منطقه 1,زبان و ادبیات عربی,دانشگاه شیراز
1395,انسانی,3224,1209,منطقه 2,علوم تربیتی,دانشگاه اصفهان
1395,انسانی,3231,1210,منطقه 2,علوم تربیتی,دانشگاه یزد
1395,انسانی,3233,1211,منطقه 2,مدیریت جهانگردی,دانشگاه علامه طباطبایی - تهران
1395,انسانی,3241,621,منطقه 3,روانشناسی,دانشگاه شهید باهنر - کرمان
1395,انسانی,3248,1302,منطقه 1,علوم تربیتی,دانشگاه شیراز
1395,انسانی,3253,1304,منطقه 1,زبان و ادبیات فارسی,دانشگاه شهید بهشتی - تهران
1395,انسانی,3255,1218,منطقه 2,مدیریت بازرگانی,دانشگاه کاشان
1395,انسانی,3263,625,منطقه 3,دبیری الهیات و معارف اسلامی - بومی استان کردستان,پردیس شهید مقصودی - همدان
1395,انسانی,3263,1221,منطقه 2,مطالعات خانواده,دانشگاه الزهرا(س) - تهران
1395,انسانی,3270,1224,منطقه 2,راهنمایی و مشاوره - بومی استان فارس,پردیس شهید باهنر - شیراز
1395,انسانی,3270,1224,منطقه 2,فقه و حقوق اسلامی,دانشگاه شهید باهنر - کرمان
1395,انسانی,3275,628,منطقه 3,آموزش ابتدایی - بومی استان اذربایجان غربی,پردیس شهید رجایی - ارومیه
1395,انسانی,3275,628,منطقه 3,دبیری زبان و ادبیات عربی - بومی استان سیستان وبلوچستان,پردیس شهید مطهری - زاهدان
1395,انسانی,3280,1229,منطقه 2,مدیریت صنعتی,دانشگاه مازندران - بابلسر
1395,انسانی,3280,1229,منطقه 2,مطالعات خانواده,دانشگاه الزهرا(س) - تهران
1395,انسانی,3286,631,منطقه 3,حسابداری,دانشگاه بین المللی امام خمینی(ره) - قزوین
1395,انسانی,3294,633,منطقه 3,حقوق,دانشگاه شهید چمران اهواز
1395,انسانی,3294,1233,منطقه 2,حسابداری,دانشگاه خوارزمی تهران
1395,انسانی,3294,1233,منطقه 2,حقوق,دانشگاه مازندران - بابلسر
1395,انسانی,3294,1233,منطقه 2,روانشناسی,دانشگاه گیلان - رشت
1395,انسانی,3294,1320,منطقه 1,فقه و مبانی حقوق اسلامی,دانشگاه تهران (محل تحصیل قم)
1395,انسانی,3297,634,منطقه 3,حقوق,دانشگاه زنجان
1395,انسانی,3300,1237,منطقه 2,روانشناسی,دانشگاه شهرکرد
1395,انسانی,3300,1237,منطقه 2,فقه و مبانی حقوق اسلامی,دانشگاه مازندران - بابلسر
1395,انسانی,3307,635,منطقه 3,آموزش ابتدایی - بومی استان اذربایجان غربی,پردیس شهید رجایی - ارومیه
1395,انسانی,3307,1241,منطقه 2,فقه و حقوق اسلامی,دانشگاه بین المللی امام خمینی(ره) - قزوین
1395,انسانی,3311,636,منطقه 3,آموزش ابتدایی - بومی استان خراسان شمالی,پردیس امام جعفر صادق - بجنورد
1395,انسانی,3314,637,منطقه 3,مدیریت مالی,دانشگاه شهید بهشتی - تهران
1395,انسانی,3327,1250,منطقه 2,دبیری علوم اجتماعی - بومی استان گیلان,پردیس شهید باهنر - همدان
1395,انسانی,3327,1250,منطقه 2,علوم تربیتی,دانشگاه کاشان
1395,انسانی,3327,1330,منطقه 1,حقوق,دانشگاه حضرت معصومه (ع) - ویژه خواهران - قم
1395,انسانی,3333,1254,منطقه 2,آموزش ابتدایی - بومی استان خراسان رضوی,پردیس شهید باهنر - بیرجند
1395,انسانی,3344,643,منطقه 3,آموزش زبان و ادبیات فارسی - بومی استان یزد,پردیس خواجه نصیرالدین طوسی - کرمان
1395,انسانی,3350,645,منطقه 3,دبیری زبان و ادبیات عربی - بومی استان گلستان,پردیس شهید مفتح - شهرری
1395,انسانی,3350,1261,منطقه 2,روانشناسی,دانشگاه گیلان - رشت
1395,انسانی,3353,1262,منطقه 2,حسابداری,دانشگاه فردوسی - مشهد
1395,انسانی,3357,647,منطقه 3,حقوق,دانشگاه حضرت معصومه (ع) - ویژه خواهران - قم
1395,انسانی,3357,1263,منطقه 2,آموزش ابتدایی - بومی استان قم,پردیس حضرت معصومه - قم
1395,انسانی,3357,1339,منطقه 1,زبان و ادبیات عربی,دانشگاه تهران
1395,انسانی,3362,648,منطقه 3,آموزش ابتدایی - بومی استان خراسان رضوی,پردیس شهید بهشتی - مشهد
1395,انسانی,3362,1266,منطقه 2,آموزش ابتدایی - بومی استان قم,پردیس حضرت معصومه - قم
1395,انسانی,3362,1266,منطقه 2,حقوق,دانشگاه آیت اله حایری - میبد
1395,انسانی,3362,1266,منطقه 2,مدیریت بازرگانی,دانشگاه الزهرا(س) - تهران
1395,انسانی,3362,1266,منطقه 2,مدیریت بازرگانی,دانشگاه یزد
1395,انسانی,3373,652,منطقه 3,آموزش ابتدایی - بومی استان لرستان,پردیس علامه طباطبایی - خرم آباد
1395,انسانی,3373,652,منطقه 3,آموزش ابتدایی - بومی استان کرمانشاه,پردیس شهید ایزد پناه - یاسوج
1395,انسانی,3373,652,منطقه 3,حقوق,دانشگاه یزد
1395,انسانی,3373,652,منطقه 3,روانشناسی,دانشگاه شهید باهنر - کرمان
1395,انسانی,3373,1343,منطقه 1,حسابداری,دانشگاه اصفهان
1395,انسانی,3373,1343,منطقه 1,حقوق,دانشگاه شهرکرد
1395,انسانی,3373,1343,منطقه 1,حقوق,دانشگاه مازندران - بابلسر
1395,انسانی,3380,1271,منطقه 2,آموزش ابتدایی - بومی استان مازندران,پردیس دکتر شریعتی - ساری
1395,انسانی,3393,657,منطقه 3,آموزش ابتدایی - بومی استان خراسان رضوی,پردیس امام سجاد - بیرجند
1395,انسانی,3395,1276,منطقه 2,حقوق,دانشگاه اصفهان
1395,انسانی,3396,1277,منطقه 2,آموزش زبان و ادبیات فارسی - بومی استان لرستان,پردیس فاطمه الزهرا (س) - اهواز
1395,انسانی,3403,1355,منطقه 1,روانشناسی,دانشگاه بجنورد
1395,انسانی,3408,660,منطقه 3,علوم تربیتی,دانشگاه تهران
1395,انسانی,3408,1282,منطقه 2,علوم تربیتی,دانشگاه علامه طباطبایی - تهران
1395,انسانی,3417,664,منطقه 3,حقوق,دانشگاه یزد
1395,انسانی,3419,1285,منطقه 2,آموزش ابتدایی - بومی استان قم,پردیس حضرت معصومه - قم
1395,انسانی,3430,1293,منطقه 2,آموزش زبان و ادبیات فارسی - بومی استان خراسان رضوی,پردیس شهید بهشتی - مشهد
1395,انسانی,3430,1293,منطقه 2,حقوق,دانشگاه کاشان
1395,انسانی,3430,1293,منطقه 2,زبان و ادبیات فارسی,دانشگاه یزد
1395,انسانی,3430,1293,منطقه 2,مدیریت بازرگانی,دانشگاه یزد
1395,انسانی,3436,1298,منطقه 2,حسابداری,دانشگاه خوارزمی تهران
1395,انسانی,3436,1298,منطقه 2,حقوق,دانشگاه ملایر
1395,انسانی,3440,1301,منطقه 2,روانشناسی,دانشگاه سمنان (محل تحصیل دانشکده روانشناسی وعلوم تربیتی مهدی شهر)
1395,انسانی,3444,667,منطقه 3,آموزش زبان و ادبیات فارسی - بومی استان گلستان,پردیس دکتر شریعتی - ساری
1395,انسانی,3449,1364,منطقه 1,علوم اقتصادی,دانشگاه فردوسی - مشهد
1395,انسانی,3460,671,منطقه 3,آموزش ابتدایی - بومی استان اذربایجان غربی,پردیس علامه طباطبایی - ارومیه
1395,انسانی,3460,1372,منطقه 1,حقوق,دانشگاه شهید مدنی آذربایجان - تبریز
1395,انسانی,3460,1372,منطقه 1,فقه و حقوق اسلامی,دانشگاه شاهد - تهران
1395,انسانی,3466,1311,منطقه 2,حقوق,دانشگاه گیلان - رشت
1395,انسانی,3466,1311,منطقه 2,روانشناسی,دانشگاه اردکان
1395,انسانی,3470,672,منطقه 3,فقه و حقوق اسلامی,دانشگاه خوارزمی - تهران (محل تحصیل کرج)
1395,انسانی,3482,1381,منطقه 1,دبیری الهیات و معارف اسلامی - بومی استان خراسان رضوی,پردیس شهید بهشتی - مشهد
1395,انسانی,3488,674,منطقه 3,آموزش ابتدایی - بومی استان هرمزگان,پردیس فاطمه الزهرا (س) - بندرعباس
1395,انسانی,3495,1318,منطقه 2,دبیری تاریخ - بومی استان مازندران,پردیس آیت اله کمال وند - خرم آباد
1395,انسانی,3503,678,منطقه 3,فقه و مبانی حقوق اسلامی,دانشگاه الزهرا(س) - تهران
1395,انسانی,3503,678,منطقه 3,مدیریت صنعتی,دانشگاه شهید بهشتی - تهران
1395,انسانی,3503,1321,منطقه 2,حقوق,دانشگاه مازندران - بابلسر
1395,انسانی,3509,1323,منطقه 2,حقوق,دانشگاه گیلان - رشت
1395,انسانی,3512,1325,منطقه 2,دبیری تاریخ - بومی استان لرستان,پردیس آیت اله کمال وند - خرم آباد
1395,انسانی,3515,1326,منطقه 2,آموزش ابتدایی - بومی استان مازندران,پردیس دکتر شریعتی - ساری
1395,انسانی,3520,682,منطقه 3,دبیری زبان و ادبیات عربی - بومی استان کهگیلویه وبویراحمد,پردیس شهید رجایی - شیراز
1395,انسانی,3520,1330,منطقه 2,حسابداری,دانشگاه اصفهان
1395,انسانی,3520,1330,منطقه 2,حقوق,دانشگاه زنجان
1395,انسانی,3520,1330,منطقه 2,روانشناسی,دانشگاه محقق اردبیلی - اردبیل
1395,انسانی,3525,1333,منطقه 2,حقوق,دانشگاه بیرجند
1395,انسانی,3525,1333,منطقه 2,علوم تربیتی,دانشگاه تبریز
1395,انسانی,3533,1336,منطقه 2,حقوق,دانشگاه لرستان - خرم آباد
1395,انسانی,3533,1399,منطقه 1,حقوق,دانشگاه شهید مدنی آذربایجان - تبریز
1395,انسانی,3539,685,منطقه 3,آموزش ابتدایی - بومی استان البرز,پردیس امیر کبیر - کرج
1395,انسانی,3539,685,منطقه 3,راهنمایی و مشاوره - بومی استان کهگیلویه وبویراحمد,پردیس شهید رجایی - شیراز
1395,انسانی,3539,1402,منطقه 1,مدیریت دولتی,دانشگاه فردوسی - مشهد
1395,انسانی,3544,1339,منطقه 2,حسابداری,دانشگاه یزد
1395,انسانی,3544,1404,منطقه 1,مدیریت بازرگانی,دانشگاه اصفهان
1395,انسانی,3547,1406,منطقه 1,مدیریت بیمه اکو,دانشگاه علامه طباطبایی - تهران (محل تحصیل مؤسسه آموزش عالی بیمه اکو)
1395,انسانی,3551,687,منطقه 3,حقوق,دانشگاه حضرت معصومه (ع) - ویژه خواهران - قم
1395,انسانی,3551,1341,منطقه 2,دبیری تاریخ - بومی استان چهارمحال وبختیاری,پردیس آیت اله کمال وند - خرم آباد
1395,انسانی,3551,1408,منطقه 1,فقه و مبانی حقوق اسلامی,دانشگاه فردوسی - مشهد
1395,انسانی,3557,689,منطقه 3,آموزش ابتدایی - بومی استان مازندران,پردیس دکتر شریعتی - ساری
1395,انسانی,3557,689,منطقه 3,آموزش ابتدایی - بومی استان گلستان,پردیس امام خمینی - گرگان
1395,انسانی,3562,693,منطقه 3,دبیری زبان و ادبیات عربی - بومی استان کردستان,پردیس شهید رجایی - ارومیه
1395,انسانی,3562,693,منطقه 3,راهنمایی و مشاوره - بومی استان اذربایجان جنوبی,پردیس شهید صدوقی - کرمانشاه
1395,انسانی,3562,1344,منطقه 2,آموزش ابتدایی - بومی استان کرمان,پردیس خواجه نصیرالدین طوسی - کرمان
1395,انسانی,3569,1347,منطقه 2,حقوق,دانشگاه شهید چمران اهواز
1395,انسانی,3569,1347,منطقه 2,فقه و مبانی حقوق اسلامی,دانشگاه بوعلی سینا - همدان
1395,انسانی,3569,1410,منطقه 1,مدیریت بازرگانی,دانشگاه اصفهان
1395,انسانی,3578,696,منطقه 3,دبیری علوم اجتماعی - بومی استان لرستان,پردیس فاطمه الزهرا (س) - اصفهان
1395,انسانی,3578,696,منطقه 3,دبیری علوم اجتماعی - بومی استان گلستان,پردیس شهید بهشتی - مشهد
1395,انسانی,3578,1414,منطقه 1,راهنمایی و مشاوره - بومی استان خراسان رضوی,پردیس شهید بهشتی - مشهد
1395,انسانی,3583,1352,منطقه 2,حسابداری,دانشگاه یزد
1395,انسانی,3593,703,منطقه 3,مدیریت مالی,دانشگاه شهید بهشتی - تهران
1395,انسانی,3593,1356,منطقه 2,آموزش ابتدایی - بومی استان سمنان,پردیس نسیبه - تهران
1395,انسانی,3593,1356,منطقه 2,حقوق,دانشگاه حکیم سبزواری - سبزوار
1395,انسانی,3593,1416,منطقه 1,حقوق - نیمسال دوم,دانشگاه غیرانتفاعی امام رضا(ع) - مشهد
1395,انسانی,3593,1416,منطقه 1,فلسفه,دانشگاه شهید بهشتی - تهران
1395,انسانی,3599,1418,منطقه 1,حقوق,دانشگاه شهرکرد
1395,انسانی,3608,1361,منطقه 2,علوم سیاسی,دانشگاه علامه طباطبایی - تهران
1395,انسانی,3613,706,منطقه 3,آموزش ابتدایی - بومی استان اذربایجان غربی,پردیس شهید رجایی - ارومیه
1395,انسانی,3613,1363,منطقه 2,حقوق,دانشگاه بجنورد
1395,انسانی,3613,1424,منطقه 1,فقه و مبانی حقوق اسلامی,دانشگاه فردوسی - مشهد
1395,انسانی,3618,1365,منطقه 2,حسابداری,دانشگاه مازندران - بابلسر
1395,انسانی,3620,709,منطقه 3,روانشناسی,دانشگاه بیرجند
1395,انسانی,3622,1366,منطقه 2,روانشناسی,دانشگاه شهید مدنی آذربایجان - تبریز
1395,انسانی,3634,715,منطقه 3,حقوق,دانشگاه حضرت معصومه (ع) - ویژه خواهران - قم
1395,انسانی,3638,716,منطقه 3,دبیری زبان و ادبیات عربی - بومی استان چهار محال وبختیاری,پردیس شهید رجایی - شیراز
1395,انسانی,3638,1373,منطقه 2,حقوق,دانشگاه بجنورد
1395,انسانی,3638,1373,منطقه 2,راهنمایی و مشاوره - بومی استان اصفهان,پردیس شهید باهنر - اصفهان
1395,انسانی,3643,718,منطقه 3,آموزش ابتدایی - بومی استان خراسان جنوبی,پردیس امام سجاد - بیرجند
1395,انسانی,3643,718,منطقه 3,حقوق,دانشگاه بیرجند
1395,انسانی,3651,1377,منطقه 2,آموزش زبان و ادبیات فارسی - بومی چهارمحال وبختیاری,پردیس شهید باهنر - شیراز
1395,انسانی,3651,1435,منطقه 1,فقه و حقوق اسلامی,دانشگاه شاهد - تهران
1395,انسانی,3653,720,منطقه 3,آموزش ابتدایی - بومی استان خوزستان,پردیس فاطمه الزهرا (س) - اهواز
1395,انسانی,3653,1378,منطقه 2,حقوق,دانشگاه گیلان - رشت
1395,انسانی,3657,721,منطقه 3,علوم تربیتی,دانشگاه تهران
1395,انسانی,3663,723,منطقه 3,حقوق,دانشگاه حکیم سبزواری - سبزوار
1395,انسانی,3663,1382,منطقه 2,آموزش ابتدایی - بومی استان کرمانشاه,پردیس شهید صدوقی - کرمانشاه
1395,انسانی,3663,1439,منطقه 1,مدیریت مالی,دانشگاه تهران (محل تحصیل قم)
1395,انسانی,3672,727,منطقه 3,آموزش زبان و ادبیات فارسی - بومی استان همدان,پردیس شهید مقصودی - همدان
1395,انسانی,3672,1385,منطقه 2,آموزش ابتدایی - بومی استان مرکزی,پردیس شهید باهنر - اراک
1395,انسانی,3678,730,منطقه 3,آموزش ابتدایی - بومی استان خراسان شمالی,پردیس امام جعفر صادق - بجنورد
1395,انسانی,3678,730,منطقه 3,دبیری زبان و ادبیات عربی - بومی استان خراسان جنوبی,پردیس شهید مطهری - زاهدان
1395,انسانی,3683,1388,منطقه 2,مدیریت بازرگانی,دانشگاه شیراز
1395,انسانی,3687,734,منطقه 3,آموزش ابتدایی - بومی استان اذربایجان غربی,پردیس شهید رجایی - ارومیه
1395,انسانی,3687,1390,منطقه 2,فقه و حقوق اسلامی,دانشگاه شاهد - تهران
1395,انسانی,3689,1391,منطقه 2,فقه و مبانی حقوق اسلامی,دانشگاه بوعلی سینا - همدان
1395,انسانی,3698,736,منطقه 3,آموزش جغرافیا - بومی استان مازندران,پردیس حکیم ابوالقاسم فردوسی - کرج
1395,انسانی,3703,1399,منطقه 2,حقوق,دانشگاه رازی کرمانشاه
1395,انسانی,3703,1399,منطقه 2,علوم تربیتی,دانشگاه علامه طباطبایی - تهران
1395,انسانی,3708,739,منطقه 3,دبیری علوم اجتماعی - بومی استان کرمان,پردیس شهید مطهری - زاهدان
1395,انسانی,3712,741,منطقه 3,حقوق,دانشگاه آیت اله حایری - میبد
1395,انسانی,3717,743,منطقه 3,مددکاری اجتماعی,دانشگاه علامه طباطبایی - تهران
1395,انسانی,3717,1404,منطقه 2,آموزش ابتدایی - بومی استان تهران,پردیس زینبیه - پیشوا (ورامین)
1395,انسانی,3723,745,منطقه 3,آموزش ابتدایی - بومی استان کهگیلویه وبویراحمد,پردیس شهید ایزد پناه - یاسوج
1395,انسانی,3723,745,منطقه 3,حسابداری,دانشگاه فردوسی - مشهد
1395,انسانی,3723,1406,منطقه 2,مدیریت صنعتی,دانشگاه شهید بهشتی - تهران
1395,انسانی,3729,747,منطقه 3,مدیریت مالی,دانشگاه خوارزمی تهران
1395,انسانی,3733,749,منطقه 3,دبیری علوم اجتماعی - بومی استان چهارمحال وبختیاری,پردیس شهید باهنر - اصفهان
1395,انسانی,3740,1413,منطقه 2,فلسفه و حکمت اسلامی,دانشگاه تهران
1395,انسانی,3743,751,منطقه 3,دبیری علوم اجتماعی - بومی استان کهگیلویه وبویراحمد,پردیس فاطمه الزهرا (س) - اصفهان
1395,انسانی,3750,752,منطقه 3,فقه و مبانی حقوق اسلامی,دانشگاه الزهرا(س) - تهران
1395,انسانی,3752,1418,منطقه 2,حقوق,دانشگاه شهید چمران اهواز
1395,انسانی,3756,753,منطقه 3,فقه و مبانی حقوق اسلامی,دانشگاه فردوسی - مشهد
1395,انسانی,3756,1419,منطقه 2,روانشناسی,دانشگاه بین المللی امام خمینی(ره) - قزوین
1395,انسانی,3756,1419,منطقه 2,فقه و مبانی حقوق اسلامی,دانشگاه مازندران - بابلسر
1395,انسانی,3767,1421,منطقه 2,زبان و ادبیات فارسی,دانشگاه شهید بهشتی - تهران
1395,انسانی,3770,1422,منطقه 2,حقوق,دانشگاه ملایر
1395,انسانی,3777,757,منطقه 3,حقوق,دانشگاه زنجان
1395,انسانی,3779,1475,منطقه 1,حقوق,دانشگاه شهید مدنی آذربایجان - تبریز
1395,انسانی,3783,759,منطقه 3,دبیری علوم اجتماعی - بومی استان هرمزگان,پردیس فاطمه الزهرا (س) - اصفهان
1395,انسانی,3783,1426,منطقه 2,حقوق,دانشگاه حکیم سبزواری - سبزوار
1395,انسانی,3787,1427,منطقه 2,روانشناسی,دانشگاه بین المللی امام خمینی(ره) - قزوین
1395,انسانی,3790,1430,منطقه 2,روانشناسی,دانشگاه شهرکرد
1395,انسانی,3790,1430,منطقه 2,مدیریت صنعتی,دانشگاه یزد
1395,انسانی,3799,122,ایثارگران,آموزش ابتدایی - بومی استان خراسان شمالی,پردیس امام جعفر صادق - بجنورد
1395,انسانی,3799,1434,منطقه 2,حسابداری,دانشگاه الزهرا(س) - تهران
1395,انسانی,3799,1434,منطقه 2,علوم اقتصادی,دانشگاه خوارزمی تهران
1395,انسانی,3806,762,منطقه 3,آموزش ابتدایی - بومی استان خراسان جنوبی,پردیس امام سجاد - بیرجند
1395,انسانی,3806,1437,منطقه 2,حقوق,دانشگاه حضرت معصومه (ع) - ویژه خواهران - قم
1395,انسانی,3822,769,منطقه 3,آموزش زبان و ادبیات فارسی - بومی استان خراسان رضوی,پردیس شهید بهشتی - مشهد
1395,انسانی,3822,1442,منطقه 2,آموزش جغرافیا - بومی استان فارس,پردیس امیر کبیر - کرج
1395,انسانی,3822,1488,منطقه 1,علوم سیاسی,دانشگاه علامه طباطبایی - تهران
1395,انسانی,3827,124,ایثارگران,حقوق,دانشگاه علامه طباطبایی - تهران
1395,انسانی,3832,771,منطقه 3,دبیری الهیات و معارف اسلامی - بومی استان گلستان,پردیس آیت الله خامنه ای - گرگان
1395,انسانی,3835,1446,منطقه 2,حقوق,دانشگاه شهرکرد
1395,انسانی,3843,778,منطقه 3,علوم تربیتی,دانشگاه علامه طباطبایی - تهران
1395,انسانی,3849,125,ایثارگران,روانشناسی,دانشگاه الزهرا(س) - تهران
1395,انسانی,3849,780,منطقه 3,آموزش ابتدایی - بومی استان سیستان وبلوچستان,پردیس شهید مطهری - زاهدان
1395,انسانی,3849,780,منطقه 3,حقوق,دانشگاه شهید مدنی آذربایجان - تبریز
1395,انسانی,3849,1447,منطقه 2,حقوق,دانشگاه حکیم سبزواری - سبزوار
1395,انسانی,3856,1450,منطقه 2,آموزش ابتدایی - بومی استان کردستان,پردیس بنت الهدی صدر - سنندج
1395,انسانی,3859,1452,منطقه 2,مدیریت دولتی,دانشگاه فردوسی - مشهد
1395,انسانی,3863,1454,منطقه 2,حقوق,دانشگاه بیرجند
1395,انسانی,3869,784,منطقه 3,حقوق - بومی استان کردستان,دانشگاه کردستان - سنندج
1395,انسانی,3869,1456,منطقه 2,آموزش ابتدایی - بومی استان اردبیل,پردیس علامه طباطبایی - اردبیل
1395,انسانی,3876,786,منطقه 3,آموزش ابتدایی - بومی استان اذربایجان غربی,پردیس علامه طباطبایی - ارومیه
1395,انسانی,3882,788,منطقه 3,حقوق,دانشگاه شهید چمران اهواز
1395,انسانی,3882,1461,منطقه 2,آموزش زبان و ادبیات فارسی - بومی استان خراسان رضوی,پردیس شهید بهشتی - مشهد
1395,انسانی,3888,790,منطقه 3,آموزش ابتدایی - بومی استان اذربایجان غربی,پردیس شهید رجایی - ارومیه
1395,انسانی,3888,1463,منطقه 2,حقوق,دانشگاه ملایر
1395,انسانی,3888,1463,منطقه 2,روانشناسی,دانشگاه اراک
1395,انسانی,3894,792,منطقه 3,حقوق,دانشگاه کردستان - سنندج
1395,انسانی,3894,792,منطقه 3,مدیریت بازرگانی,دانشگاه شیراز
1395,انسانی,3902,1467,منطقه 2,علوم تربیتی,دانشگاه علامه طباطبایی - تهران
1395,انسانی,3902,1467,منطقه 2,فقه و حقوق اسلامی,دانشگاه یزد
1395,انسانی,3905,797,منطقه 3,مدیریت مالی,دانشگاه الزهرا(س) - تهران
1395,انسانی,3907,798,منطقه 3,دبیری علوم اجتماعی - بومی استان بوشهر,پردیس فاطمه الزهرا (س) - اصفهان
1395,انسانی,3924,805,منطقه 3,علوم تربیتی,دانشگاه فردوسی - مشهد
1395,انسانی,3924,1474,منطقه 2,آموزش کودکان استثنایی - بومی استان فارس,پردیس فاطمه الزهرا (س) - اصفهان
1395,انسانی,3924,1474,منطقه 2,علوم تربیتی,دانشگاه علامه طباطبایی - تهران
1395,انسانی,3930,807,منطقه 3,دبیری زبان و ادبیات عربی - بومی استان فارس,پردیس شهید باهنر - شیراز
1395,انسانی,3930,1476,منطقه 2,فقه و حقوق اسلامی,دانشگاه شهید باهنر - کرمان
1395,انسانی,3942,1481,منطقه 2,آموزش زبان و ادبیات فارسی - بومی استان خوزستان,پردیس حضرت رسول اکرم - اهواز
1395,انسانی,3946,1483,منطقه 2,فقه و حقوق اسلامی,دانشگاه یزد
1395,انسانی,3956,812,منطقه 3,آموزش ابتدایی - بومی استان کرمان,پردیس شهید باهنر - کرمان
1395,انسانی,3956,812,منطقه 3,راهنمایی و مشاوره - بومی استان گیلان,پردیس شهید چمران - تهران
1395,انسانی,3956,1488,منطقه 2,حقوق,دانشگاه لرستان - خرم آباد
1395,انسانی,3961,814,منطقه 3,آموزش زبان و ادبیات فارسی - بومی استان گیلان,پردیس دکتر شریعتی - ساری
1395,انسانی,3965,816,منطقه 3,حقوق,دانشگاه شیراز
1395,انسانی,3971,818,منطقه 3,دبیری علوم اجتماعی - بومی استان لرستان,پردیس فاطمه الزهرا (س) - اصفهان
1395,انسانی,3978,821,منطقه 3,حقوق,دانشگاه بجنورد
1395,انسانی,3978,821,منطقه 3,دبیری علوم اجتماعی - بومی استان لرستان,پردیس فاطمه الزهرا (س) - اصفهان
1395,انسانی,3988,824,منطقه 3,راهنمایی و مشاوره - بومی استان کرمان,پردیس خواجه نصیرالدین طوسی - کرمان
1395,انسانی,3993,827,منطقه 3,راهنمایی و مشاوره - بومی استان خراسان جنوبی,پردیس شهید بهشتی - مشهد
1395,انسانی,3993,827,منطقه 3,علوم تربیتی,دانشگاه شهید بهشتی - تهران
1395,انسانی,3993,1532,منطقه 1,حسابداری,دانشگاه اصفهان
1395,انسانی,3999,829,منطقه 3,مدیریت مالی,دانشگاه الزهرا(س) - تهران
1395,انسانی,4010,1501,منطقه 2,حقوق,دانشگاه ملایر
1395,انسانی,4014,833,منطقه 3,آموزش زبان و ادبیات فارسی - بومی استان اصفهان,پردیس شهید باهنر - شیراز
1395,انسانی,4014,1504,منطقه 2,حسابداری,دانشگاه اصفهان
1395,انسانی,4014,1504,منطقه 2,حقوق,دانشگاه مازندران - بابلسر
1395,انسانی,4025,1543,منطقه 1,مدیریت بازرگانی,دانشگاه غیرانتفاعی علم و فرهنگ - تهران
1395,انسانی,4030,1509,منطقه 2,دبیری علوم اجتماعی - بومی استان خراسان رضوی,پردیس شهید بهشتی - مشهد
1395,انسانی,4034,840,منطقه 3,کارشناسی ارشد پیوسته معارف اسلامی و حقوق,دانشگاه ولی عصر(عج) - رفسنجان
1395,انسانی,4039,1549,منطقه 1,علوم اقتصادی,دانشگاه علامه طباطبایی - تهران
1395,انسانی,4045,1513,منطقه 2,فقه و حقوق اسلامی,دانشگاه ارومیه
1395,انسانی,4054,1554,منطقه 1,روانشناسی,دانشگاه شهرکرد
1395,انسانی,4058,848,منطقه 3,روانشناسی,دانشگاه خوارزمی - تهران (محل تحصیل کرج)
1395,انسانی,4058,1556,منطقه 1,حقوق,دانشگاه زنجان
1395,انسانی,4062,138,ایثارگران,مدیریت مالی,دانشگاه شهید بهشتی - تهران
1395,انسانی,4062,1517,منطقه 2,حقوق,دانشگاه آیت اله حایری - میبد
1395,انسانی,4062,1558,منطقه 1,مدیریت امور بانکی,دانشگاه غیرانتفاعی خاتم - تهران
1395,انسانی,4070,850,منطقه 3,مدیریت صنعتی,دانشگاه تهران
1395,انسانی,4074,1519,منطقه 2,زبان و ادبیات فارسی,دانشگاه الزهرا(س) - تهران
1395,انسانی,4081,853,منطقه 3,دبیری علوم اجتماعی - بومی استان هرمزگان,پردیس فاطمه الزهرا (س) - اصفهان
1395,انسانی,4081,853,منطقه 3,فقه و مبانی حقوق اسلامی,دانشگاه فردوسی - مشهد
1395,انسانی,4081,1521,منطقه 2,فقه و مبانی حقوق اسلامی,دانشگاه مازندران - بابلسر
1395,انسانی,4087,1523,منطقه 2,کارشناسی ارشد پیوسته معارف اسلامی و حقوق,دانشگاه ولی عصر(عج) - رفسنجان
1395,انسانی,4092,1526,منطقه 2,حقوق,دانشگاه بیرجند
1395,انسانی,4101,1531,منطقه 2,علوم تربیتی,دانشگاه یزد
1395,انسانی,4106,1534,منطقه 2,حسابداری,دانشگاه بوعلی سینا - همدان
1395,انسانی,4106,1534,منطقه 2,حقوق,دانشگاه کاشان
1395,انسانی,4113,858,منطقه 3,دبیری الهیات و معارف اسلامی - بومی استان خراسان جنوبی,پردیس شهید بهشتی - مشهد
1395,انسانی,4113,1539,منطقه 2,حقوق,دانشگاه بیرجند
1395,انسانی,4113,1539,منطقه 2,حقوق,دانشگاه مازندران - بابلسر
1395,انسانی,4113,1539,منطقه 2,روانشناسی,دانشگاه بوعلی سینا - همدان
1395,انسانی,4113,1539,منطقه 2,روانشناسی,دانشگاه مراغه
1395,انسانی,4126,1581,منطقه 1,زبان و ادبیات فارسی,دانشگاه علامه طباطبایی - تهران
1395,انسانی,4131,863,منطقه 3,فقه و حقوق اسلامی,دانشگاه خوارزمی - تهران (محل تحصیل کرج)
1395,انسانی,4134,1547,منطقه 2,مدیریت بازرگانی,دانشگاه کاشان
1395,انسانی,4140,866,منطقه 3,آموزش زبان و ادبیات فارسی - بومی استان سیستان وبلوچستان,پردیس خواجه نصیرالدین طوسی - کرمان
1395,انسانی,4140,866,منطقه 3,مدیریت مالی,دانشگاه الزهرا(س) - تهران
1395,انسانی,4143,1549,منطقه 2,حقوق,دانشگاه حکیم سبزواری - سبزوار
1395,انسانی,4146,869,منطقه 3,آموزش ابتدایی - بومی استان کرمان,پردیس شهید باهنر - کرمان
1395,انسانی,4152,871,منطقه 3,دبیری زبان وادبیات فارسی - بومی استان لرستان,پردیس فاطمه الزهرا (س) - اهواز
1395,انسانی,4152,871,منطقه 3,علوم تربیتی,دانشگاه اصفهان
1395,انسانی,4158,873,منطقه 3,مدیریت بازرگانی,دانشگاه تهران
1395,انسانی,4158,1556,منطقه 2,باستانشناسی,دانشگاه تهران
1395,انسانی,4158,1556,منطقه 2,حقوق,دانشگاه اصفهان
1395,انسانی,4158,1590,منطقه 1,حسابداری,دانشگاه بین المللی امام خمینی(ره) - قزوین
1395,انسانی,4165,1594,منطقه 1,فقه و حقوق اسلامی,دانشگاه شهید مدنی آذربایجان - تبریز
1395,انسانی,4169,875,منطقه 3,آموزش ابتدایی - بومی استان خراسان رضوی,پردیس شهید بهشتی - مشهد
1395,انسانی,4169,875,منطقه 3,آموزش ابتدایی - بومی استان کهگیلویه وبویراحمد,پردیس کوثر - یاسوج
1395,انسانی,4169,1559,منطقه 2,حقوق,دانشگاه حضرت معصومه (ع) - ویژه خواهران - قم
1395,انسانی,4175,1561,منطقه 2,علوم تربیتی,دانشگاه مازندران - بابلسر
1395,انسانی,4175,1596,منطقه 1,حقوق,دانشگاه بجنورد
1395,انسانی,4175,1596,منطقه 1,علوم سیاسی,دانشگاه فردوسی - مشهد
1395,انسانی,4187,1568,منطقه 2,آموزش ابتدایی - بومی استان اردبیل,پردیس بنت الهدی صدر - اردبیل
1395,انسانی,4193,880,منطقه 3,دبیری علوم اجتماعی - بومی استان چهارمحال وبختیاری,پردیس فاطمه الزهرا (س) - اصفهان
1395,انسانی,4193,1603,منطقه 1,حسابداری,دانشگاه شیراز
1395,انسانی,4203,882,منطقه 3,روانشناسی,دانشگاه علامه طباطبایی - تهران
1395,انسانی,4203,1573,منطقه 2,مدیریت بازرگانی,دانشگاه اصفهان
1395,انسانی,4207,883,منطقه 3,روانشناسی,دانشگاه گیلان - رشت
1395,انسانی,4211,884,منطقه 3,حقوق,دانشگاه فردوسی - مشهد
1395,انسانی,4211,1577,منطقه 2,حقوق,دانشگاه زنجان
1395,انسانی,4215,885,منطقه 3,راهنمایی و مشاوره - بومی استان اذربایجان جنوبی,پردیس شهید صدوقی - کرمانشاه
1395,انسانی,4215,885,منطقه 3,روانشناسی,دانشگاه سمنان (محل تحصیل دانشکده روانشناسی وعلوم تربیتی مهدی شهر)
1395,انسانی,4220,1579,منطقه 2,آموزش کودکان استثنایی - بومی استان اصفهان,پردیس فاطمه الزهرا (س) - اصفهان
1395,انسانی,4224,1615,منطقه 1,علوم اقتصادی,دانشگاه علامه طباطبایی - تهران
1395,انسانی,4236,893,منطقه 3,دبیری علوم اجتماعی - بومی استان همدان,پردیس شهید مقصودی - همدان
1395,انسانی,4236,1620,منطقه 1,مدیریت بازرگانی,دانشگاه شاهد - تهران
1395,انسانی,4241,1584,منطقه 2,حقوق,دانشگاه مازندران - بابلسر
1395,انسانی,4249,1627,منطقه 1,پژوهشگری اجتماعی,دانشگاه شهید بهشتی - تهران
1395,انسانی,4255,897,منطقه 3,آموزش کودکان استثنایی - بومی استان کرمان,پردیس شهید باهنر - اصفهان
1395,انسانی,4255,897,منطقه 3,حقوق,دانشگاه بوعلی سینا - همدان
1395,انسانی,4255,897,منطقه 3,علوم تربیتی,دانشگاه یزد
1395,انسانی,4255,1589,منطقه 2,آموزش زبان و ادبیات فارسی - بومی استان خراسان رضوی,پردیس شهید بهشتی - مشهد
1395,انسانی,4255,1589,منطقه 2,علوم سیاسی,دانشگاه علامه طباطبایی - تهران
1395,انسانی,4260,1591,منطقه 2,ادیان و عرفان,دانشگاه تهران
1395,انسانی,4260,1591,منطقه 2,حسابداری,دانشگاه مازندران - بابلسر
1395,انسانی,4265,1593,منطقه 2,روانشناسی,دانشگاه زنجان
1395,انسانی,4269,1595,منطقه 2,آموزش ابتدایی - بومی استان البرز,پردیس امیر کبیر - کرج
1395,انسانی,4272,1633,منطقه 1,پژوهشگری اجتماعی,دانشگاه شیراز
1395,انسانی,4291,908,منطقه 3,آموزش ابتدایی - بومی استان قم,پردیس حضرت معصومه - قم
1395,انسانی,4291,1602,منطقه 2,روانشناسی,دانشگاه اراک
1395,انسانی,4297,909,منطقه 3,آموزش کودکان استثنایی - بومی استان خراسان جنوبی,پردیس شهید بهشتی - مشهد
1395,انسانی,4308,1647,منطقه 1,حقوق,دانشگاه مراغه
1395,انسانی,4317,917,منطقه 3,دبیری زبان و ادبیات عربی - بومی استان هرمزگان,پردیس شهید مطهری - زاهدان
1395,انسانی,4325,1612,منطقه 2,آموزش ابتدایی - بومی استان خراسان رضوی,پردیس امام سجاد - بیرجند
1395,انسانی,4334,1655,منطقه 1,تاریخ,دانشگاه شیراز
1395,انسانی,4338,1618,منطقه 2,آموزش جغرافیا - بومی استان فارس,پردیس امیر کبیر - کرج
1395,انسانی,4338,1618,منطقه 2,کارشناسی ارشد پیوسته معارف اسلامی و حقوق,دانشگاه ولی عصر(عج) - رفسنجان
1395,انسانی,4345,925,منطقه 3,آموزش کودکان استثنایی - بومی استان اصفهان,پردیس فاطمه الزهرا (س) - اصفهان
1395,انسانی,4345,925,منطقه 3,روانشناسی,دانشگاه لرستان - خرم آباد
1395,انسانی,4345,1620,منطقه 2,حقوق,دانشگاه مازندران - بابلسر
1395,انسانی,4345,1620,منطقه 2,روانشناسی,دانشگاه یاسوج
1395,انسانی,4351,927,منطقه 3,آموزش ابتدایی - بومی استان کهگیلویه وبویراحمد,پردیس کوثر - یاسوج
1395,انسانی,4357,929,منطقه 3,فقه و مبانی حقوق اسلامی,دانشگاه مازندران - بابلسر
1395,انسانی,4357,1625,منطقه 2,دبیری الهیات و معارف اسلامی - بومی استان قزوین,پردیس زینبیه - پیشوا (ورامین)
1395,انسانی,4357,1660,منطقه 1,روانشناسی,دانشگاه پیام نور اصفهان - مرکز اصفهان
1395,انسانی,4367,932,منطقه 3,مدیریت مالی,دانشگاه خوارزمی تهران
1395,انسانی,4367,1629,منطقه 2,حسابداری,دانشگاه مازندران - بابلسر
1395,انسانی,4367,1629,منطقه 2,روانشناسی,دانشگاه اراک
1395,انسانی,4371,1633,منطقه 2,حقوق,دانشگاه آیت اله حایری - میبد
1395,انسانی,4375,1664,منطقه 1,فقه و مبانی حقوق اسلامی,دانشگاه قم
1395,انسانی,4380,933,منطقه 3,آموزش زبان و ادبیات فارسی - بومی استان البرز,پردیس نسیبه - تهران
1395,انسانی,4385,935,منطقه 3,دبیری علوم اجتماعی - بومی استان سیستان وبلوچستان,پردیس شهید مطهری - زاهدان
1395,انسانی,4385,1641,منطقه 2,آموزش ابتدایی - بومی استان اذربایجان غربی,پردیس علامه طباطبایی - ارومیه
1395,انسانی,4385,1666,منطقه 1,حسابداری,دانشکده فنی وحرفه ای دختران تهران (دکتر شریعتی)
1395,انسانی,4390,936,منطقه 3,مدیریت دولتی,دانشگاه تهران
1395,انسانی,4390,1643,منطقه 2,آموزش ابتدایی - بومی استان خراسان رضوی,پردیس امام سجاد - بیرجند
1395,انسانی,4395,939,منطقه 3,آموزش ابتدایی - بومی استان خراسان رضوی,پردیس شهید هاشمی نژاد - مشهد
1395,انسانی,4395,939,منطقه 3,علوم تربیتی,دانشگاه شیراز
1395,انسانی,4405,942,منطقه 3,مدیریت دولتی,دانشگاه شهید بهشتی - تهران
1395,انسانی,4405,1648,منطقه 2,دبیری الهیات و معارف اسلامی - بومی استان اصفهان,پردیس شهید باهنر - اصفهان
1395,انسانی,4418,1651,منطقه 2,علوم تربیتی,دانشگاه علامه طباطبایی - تهران
1395,انسانی,4422,947,منطقه 3,حقوق,دانشگاه آیت الله بروجردی - بروجرد
1395,انسانی,4427,948,منطقه 3,دبیری زبان و ادبیات عربی - بومی استان کهگیلویه وبویراحمد,پردیس شهید باهنر - شیراز
1395,انسانی,4427,1655,منطقه 2,حقوق,دانشگاه گیلان - رشت
1395,انسانی,4427,1655,منطقه 2,مدیریت بازرگانی,دانشگاه الزهرا(س) - تهران
1395,انسانی,4427,1680,منطقه 1,حقوق,دانشگاه کاشان
1395,انسانی,4432,1658,منطقه 2,روانشناسی,دانشگاه سمنان (محل تحصیل دانشکده روانشناسی وعلوم تربیتی مهدی شهر)
1395,انسانی,4436,951,منطقه 3,آموزش ابتدایی - بومی استان تهران,پردیس زینبیه - پیشوا (ورامین)
1395,انسانی,4436,1660,منطقه 2,روانشناسی,دانشگاه سمنان (محل تحصیل دانشکده روانشناسی وعلوم تربیتی مهدی شهر)
1395,انسانی,4443,954,منطقه 3,آموزش ابتدایی - بومی استان اردبیل,پردیس علامه طباطبایی - اردبیل
1395,انسانی,4443,1663,منطقه 2,حسابداری,دانشگاه یزد
1395,انسانی,4443,1663,منطقه 2,روانشناسی,دانشگاه اراک
1395,انسانی,4448,1665,منطقه 2,آموزش ابتدایی - بومی استان تهران,پردیس زینبیه - پیشوا (ورامین)
1395,انسانی,4456,1669,منطقه 2,حسابداری,دانشگاه تهران (محل تحصیل قم)
1395,انسانی,4463,1672,منطقه 2,مدیریت صنعتی,دانشگاه یزد
1395,انسانی,4471,961,منطقه 3,حقوق,دانشگاه کردستان - سنندج
1395,انسانی,4478,1677,منطقه 2,حقوق,دانشگاه مازندران - بابلسر
1395,انسانی,4478,1677,منطقه 2,علوم اقتصادی,دانشگاه علامه طباطبایی - تهران
1395,انسانی,4478,1694,منطقه 1,راهنمایی و مشاوره - بومی استان خراسان رضوی,پردیس شهید بهشتی - مشهد
1395,انسانی,4490,1682,منطقه 2,علوم تربیتی,دانشگاه اصفهان
1395,انسانی,4497,965,منطقه 3,آموزش ابتدایی - بومی استان هرمزگان,پردیس فاطمه الزهرا (س) - بندرعباس
1395,انسانی,4497,1686,منطقه 2,علوم قرآن و حدیث,دانشگاه الزهرا(س) - تهران
1395,انسانی,4503,1703,منطقه 1,علوم تربیتی,دانشگاه اصفهان
1395,انسانی,4507,1691,منطقه 2,حقوق,دانشگاه گیلان - رشت
1395,انسانی,4510,968,منطقه 3,روانشناسی,دانشگاه شهید مطهری
1395,انسانی,4510,1693,منطقه 2,مدیریت جهانگردی,دانشگاه مازندران - بابلسر
1395,انسانی,4525,974,منطقه 3,مددکاری اجتماعی,دانشگاه علامه طباطبایی - تهران
1395,انسانی,4525,1699,منطقه 2,حسابداری,دانشگاه بوعلی سینا - همدان
1395,انسانی,4525,1699,منطقه 2,حسابداری,دانشگاه یزد
1395,انسانی,4530,1710,منطقه 1,حقوق,دانشگاه بیرجند
1395,انسانی,4536,145,ایثارگران,روانشناسی,دانشگاه یزد
1395,انسانی,4536,975,منطقه 3,دبیری علوم اجتماعی - بومی استان لرستان,پردیس فاطمه الزهرا (س) - اصفهان
1395,انسانی,4536,1703,منطقه 2,مددکاری اجتماعی,دانشگاه علامه طباطبایی - تهران
1395,انسانی,4550,980,منطقه 3,آموزش ابتدایی - بومی استان خراسان جنوبی,پردیس شهید باهنر - بیرجند
1395,انسانی,4555,982,منطقه 3,آموزش ابتدایی - بومی استان چهار محال وبختیاری,پردیس شهید باهنر - شهرکرد
1395,انسانی,4559,1706,منطقه 2,حقوق,دانشگاه زنجان
1395,انسانی,4565,988,منطقه 3,مدیریت امور بانکی,دانشگاه غیرانتفاعی خاتم - تهران
1395,انسانی,4565,988,منطقه 3,مدیریت بیمه,دانشگاه علامه طباطبایی - تهران
1395,انسانی,4572,991,منطقه 3,دبیری تاریخ - بومی استان فارس,پردیس آیت اله کمال وند - خرم آباد
1395,انسانی,4572,1710,منطقه 2,دبیری علوم اجتماعی - بومی استان اصفهان,پردیس شهید باهنر - اصفهان
1395,انسانی,4572,1725,منطقه 1,مدیریت دولتی,دانشگاه فردوسی - مشهد
1395,انسانی,4580,994,منطقه 3,آموزش زبان و ادبیات فارسی - بومی استان خراسان جنوبی,پردیس نسیبه - تهران
1395,انسانی,4580,994,منطقه 3,آموزش زبان و ادبیات فارسی - بومی استان خوزستان,پردیس فاطمه الزهرا (س) - اهواز
1395,انسانی,4585,996,منطقه 3,علوم تربیتی,دانشگاه فردوسی - مشهد
1395,انسانی,4585,1715,منطقه 2,فقه و مبانی حقوق اسلامی,دانشگاه مازندران - بابلسر
1395,انسانی,4591,998,منطقه 3,آموزش ابتدایی - بومی استان البرز,پردیس امیر کبیر - کرج
1395,انسانی,4591,998,منطقه 3,دبیری علوم اجتماعی - بومی استان اصفهان,پردیس فاطمه الزهرا (س) - اصفهان
1395,انسانی,4591,1730,منطقه 1,روانشناسی,دانشگاه اراک
1395,انسانی,4596,1001,منطقه 3,حقوق,دانشگاه حضرت معصومه (ع) - ویژه خواهران - قم
1395,انسانی,4596,1718,منطقه 2,آموزش ابتدایی - بومی استان اذربایجان شرقی,پردیس فاطمه الزهرا (س) - تبریز
1395,انسانی,4600,1719,منطقه 2,فقه و حقوق اسلامی,دانشگاه شهید باهنر - کرمان
1395,انسانی,4605,1005,منطقه 3,حقوق,دانشگاه بجنورد
1395,انسانی,4609,1722,منطقه 2,فقه و مبانی حقوق اسلامی,دانشگاه مازندران - بابلسر
1395,انسانی,4609,1735,منطقه 1,علوم سیاسی,دانشگاه شاهد - تهران
1395,انسانی,4614,1008,منطقه 3,حقوق,دانشگاه زنجان
1395,انسانی,4614,1737,منطقه 1,علوم اقتصادی,دانشگاه فردوسی - مشهد
1395,انسانی,4632,1014,منطقه 3,دبیری زبان و ادبیات عربی - بومی استان خوزستان,پردیس حضرت رسول اکرم - اهواز
1395,انسانی,4632,1730,منطقه 2,حسابداری,دانشگاه گیلان - رشت
1395,انسانی,4637,1732,منطقه 2,مدیریت بازرگانی,دانشگاه تهران (محل تحصیل قم)
1395,انسانی,4642,1016,منطقه 3,حسابداری,دانشگاه یزد
1395,انسانی,4642,1734,منطقه 2,علوم تربیتی,دانشگاه مازندران - بابلسر
1395,انسانی,4648,1019,منطقه 3,علوم تربیتی,دانشگاه شاهد - تهران
1395,انسانی,4651,1021,منطقه 3,حقوق,دانشگاه رازی کرمانشاه
1395,انسانی,4655,1023,منطقه 3,آموزش ابتدایی - بومی استان خراسان رضوی,پردیس شهید بهشتی - مشهد
1395,انسانی,4662,1025,منطقه 3,فقه و مبانی حقوق اسلامی,دانشگاه الزهرا(س) - تهران
1395,انسانی,4670,1745,منطقه 2,فقه و حقوق اسلامی,دانشگاه شهید باهنر - کرمان
1395,انسانی,4670,1745,منطقه 2,فقه و مبانی حقوق اسلامی,دانشگاه مازندران - بابلسر
1395,انسانی,4675,1026,منطقه 3,علوم تربیتی,دانشگاه شهید بهشتی - تهران
1395,انسانی,4685,1751,منطقه 2,فقه و مبانی حقوق اسلامی,دانشگاه مازندران - بابلسر
1395,انسانی,4691,1030,منطقه 3,حسابداری,دانشگاه سمنان
1395,انسانی,4696,1763,منطقه 1,علوم تربیتی,دانشگاه شیراز
1395,انسانی,4699,1755,منطقه 2,حقوق,دانشگاه رازی کرمانشاه
1395,انسانی,4704,1765,منطقه 1,فلسفه,دانشگاه شهید بهشتی - تهران
1395,انسانی,4719,1764,منطقه 2,فقه و مبانی حقوق اسلامی,دانشگاه تهران (محل تحصیل قم)
1395,انسانی,4724,1770,منطقه 1,حسابداری,دانشگاه شیراز
1395,انسانی,4727,1040,منطقه 3,راهنمایی و مشاوره - بومی استان خراسان شمالی,پردیس شهید بهشتی - مشهد
1395,انسانی,4736,1042,منطقه 3,علوم تربیتی,دانشگاه اصفهان
1395,انسانی,4740,1774,منطقه 2,حقوق,دانشگاه بیرجند
1395,انسانی,4753,1048,منطقه 3,مدیریت مالی,دانشگاه یزد
1395,انسانی,4753,1778,منطقه 2,حقوق,دانشگاه کردستان - سنندج
1395,انسانی,4753,1778,منطقه 2,حقوق - نیمسال دوم,دانشگاه غیرانتفاعی امام رضا(ع) - مشهد
1395,انسانی,4758,1051,منطقه 3,مدیریت بازرگانی,دانشگاه اصفهان
1395,انسانی,4762,1053,منطقه 3,حقوق,دانشگاه ملایر
1395,انسانی,4762,1780,منطقه 1,حقوق,دانشگاه شهید چمران اهواز
1395,انسانی,4767,1055,منطقه 3,روانشناسی,دانشگاه شهید مدنی آذربایجان - تبریز
1395,انسانی,4771,1057,منطقه 3,حسابداری,دانشگاه شهید چمران اهواز
1395,انسانی,4775,149,ایثارگران,راهنمایی و مشاوره - بومی استان اذربایجان غربی,پردیس شهید صدوقی - کرمانشاه
1395,انسانی,4775,1058,منطقه 3,حقوق,دانشگاه آیت اله حایری - میبد
1395,انسانی,4775,1782,منطقه 2,فقه و حقوق اسلامی,دانشگاه شهید باهنر - کرمان
1395,انسانی,4775,1782,منطقه 2,مدیریت بازرگانی,دانشگاه یزد
1395,انسانی,4782,150,ایثارگران,کارشناسی ارشد پیوسته معارف اسلامی و حقوق,دانشگاه شهید باهنر - کرمان
1395,انسانی,4782,1060,منطقه 3,آموزش ابتدایی - بومی استان خراسان رضوی,پردیس شهید بهشتی - مشهد
1395,انسانی,4782,1060,منطقه 3,حقوق,دانشگاه بیرجند
1395,انسانی,4789,151,ایثارگران,حقوق,دانشگاه شیراز
1395,انسانی,4789,1062,منطقه 3,دبیری علوم اجتماعی - بومی استان قزوین,پردیس شهید باهنر - همدان
1395,انسانی,4789,1062,منطقه 3,علوم تربیتی,دانشگاه شهید باهنر - کرمان
1395,انسانی,4793,1793,منطقه 1,پژوهشگری اجتماعی,دانشگاه فردوسی - مشهد
1395,انسانی,4796,1787,منطقه 2,حسابداری,دانشگاه غیرانتفاعی خاتم - تهران
1395,انسانی,4814,152,ایثارگران,آموزش ابتدایی - بومی استان مرکزی,پردیس زینب کبری (س) - اراک
1395,انسانی,4814,1793,منطقه 2,حسابداری,دانشگاه مازندران - بابلسر
1395,انسانی,4814,1793,منطقه 2,علوم تربیتی,دانشگاه الزهرا(س) - تهران
1395,انسانی,4814,1793,منطقه 2,فقه و مبانی حقوق اسلامی,دانشگاه بوعلی سینا - همدان
1395,انسانی,4822,1803,منطقه 1,حقوق,دانشگاه حکیم سبزواری - سبزوار
1395,انسانی,4828,1800,منطقه 2,فقه و مبانی حقوق اسلامی,دانشگاه بوعلی سینا - همدان
1395,انسانی,4838,1072,منطقه 3,حقوق,دانشگاه مازندران - بابلسر
1395,انسانی,4842,1809,منطقه 2,آموزش ابتدایی - بومی استان کرمانشاه,پردیس شهید رجایی - کرمانشاه
1395,انسانی,4842,1809,منطقه 2,فقه و مبانی حقوق اسلامی,دانشگاه علوم و معارف قران کریم - وابسته به سازمان اوقاف و امور خیریه - قم (محل تحصیل شیراز)
1395,انسانی,4849,1074,منطقه 3,روانشناسی,دانشگاه رازی کرمانشاه
1395,انسانی,4849,1074,منطقه 3,علوم تربیتی,دانشگاه تهران
1395,انسانی,4849,1812,منطقه 2,علوم تربیتی,دانشگاه شهید باهنر - کرمان
1395,انسانی,4857,1815,منطقه 2,آموزش ابتدایی - بومی استان خراسان جنوبی,پردیس شهید باهنر - بیرجند
1395,انسانی,4862,1080,منطقه 3,مدیریت بازرگانی,دانشگاه شهید بهشتی - تهران
1395,انسانی,4862,1817,منطقه 2,حسابداری,دانشگاه شهید باهنر - کرمان
1395,انسانی,4868,1082,منطقه 3,راهنمایی و مشاوره - بومی استان هرمزگان,پردیس خواجه نصیرالدین طوسی - کرمان
1395,انسانی,4873,1084,منطقه 3,علوم تربیتی,دانشگاه فردوسی - مشهد
1395,انسانی,4873,1820,منطقه 2,علوم تربیتی,دانشگاه یزد
1395,انسانی,4879,1822,منطقه 2,مدیریت صنعتی,دانشگاه یزد
1395,انسانی,4881,1086,منطقه 3,علوم تربیتی,دانشگاه یزد
1395,انسانی,4881,1086,منطقه 3,فقه و حقوق اسلامی,دانشگاه شهید مدنی آذربایجان - تبریز
1395,انسانی,4881,1823,منطقه 2,آموزش ابتدایی - بومی استان اصفهان,پردیس شهید باهنر - اصفهان
1395,انسانی,4881,1823,منطقه 2,علوم قرآن و حدیث,دانشگاه تهران
1395,انسانی,4889,1090,منطقه 3,حسابداری,دانشگاه علامه طباطبایی - تهران
1395,انسانی,4889,1826,منطقه 2,زبان و ادبیات فارسی,دانشگاه کاشان
1395,انسانی,4897,1830,منطقه 2,دبیری تاریخ - بومی استان سمنان,پردیس آیت اله کمال وند - خرم آباد
1395,انسانی,4904,1833,منطقه 2,حقوق,دانشگاه سمنان
1395,انسانی,4908,1836,منطقه 2,دبیری زبان و ادبیات عربی - بومی استان خوزستان,پردیس حضرت رسول اکرم - اهواز
1395,انسانی,4912,1838,منطقه 2,علوم تربیتی,دانشگاه قم
1395,انسانی,4912,1838,منطقه 2,فقه و حقوق اسلامی,دانشگاه یزد
1395,انسانی,4917,1095,منطقه 3,دبیری الهیات و معارف اسلامی - بومی استان زنجان,پردیس امام علی - رشت
1395,انسانی,4917,1840,منطقه 2,حقوق,دانشگاه بیرجند
1395,انسانی,4932,1847,منطقه 2,حسابداری,دانشگاه مازندران - بابلسر
1395,انسانی,4932,1847,منطقه 2,حقوق,دانشگاه بجنورد
1395,انسانی,4932,1847,منطقه 2,روانشناسی,دانشگاه یزد - مهریز
1395,انسانی,4932,1847,منطقه 2,علوم تربیتی,دانشگاه اصفهان
1395,انسانی,4942,1853,منطقه 2,دبیری زبان و ادبیات عربی - بومی استان اصفهان,پردیس آیت اله طالقانی - قم
1395,انسانی,4959,1843,منطقه 1,زبان و ادبیات فارسی,دانشگاه علامه طباطبایی - تهران
1395,انسانی,4959,1859,منطقه 2,دبیری تاریخ - بومی استان اصفهان,پردیس آیت اله کمال وند - خرم آباد
1395,انسانی,4959,1859,منطقه 2,مددکاری اجتماعی,دانشگاه علامه طباطبایی - تهران
1395,انسانی,4963,1105,منطقه 3,آموزش ابتدایی - بومی استان اردبیل,پردیس علامه طباطبایی - اردبیل
1395,انسانی,4963,1105,منطقه 3,حقوق,دانشگاه شهید چمران اهواز
1395,انسانی,4973,1110,منطقه 3,دبیری زبان وادبیات فارسی - بومی استان لرستان,پردیس فاطمه الزهرا (س) - اهواز
1395,انسانی,4980,1866,منطقه 2,حسابداری,دانشگاه بین المللی امام خمینی(ره) - قزوین
1395,انسانی,4991,1112,منطقه 3,علوم تربیتی,دانشگاه فردوسی - مشهد
1395,انسانی,4991,1872,منطقه 2,علوم قرآن و حدیث,دانشگاه فردوسی - مشهد
1395,انسانی,4998,1113,منطقه 3,حقوق,دانشگاه بیرجند
1395,انسانی,4998,1113,منطقه 3,دبیری زبان و ادبیات عربی - بومی استان کرمان,پردیس شهید مطهری - زاهدان
1395,انسانی,4998,1876,منطقه 2,حقوق,دانشگاه شهید چمران اهواز
1395,انسانی,5021,1885,منطقه 2,مدیریت بازرگانی,دانشگاه شهید باهنر - کرمان
1395,انسانی,5021,1885,منطقه 2,پژوهشگری اجتماعی,دانشگاه اصفهان
1395,انسانی,5032,1122,منطقه 3,حقوق,دانشگاه رازی کرمانشاه
1395,انسانی,5035,1124,منطقه 3,آموزش ابتدایی - بومی استان خراسان رضوی,پردیس امام سجاد - بیرجند
1395,انسانی,5035,1124,منطقه 3,راهنمایی و مشاوره - بومی استان کرمانشاه,پردیس شهید صدوقی - کرمانشاه
1395,انسانی,5040,1127,منطقه 3,دبیری زبان و ادبیات عربی - بومی استان سیستان وبلوچستان,پردیس شهید مطهری - زاهدان
1395,انسانی,5040,1891,منطقه 2,آموزش ابتدایی - بومی استان اذربایجان شرقی,پردیس فاطمه الزهرا (س) - تبریز
1395,انسانی,5040,1891,منطقه 2,دبیری الهیات و معارف اسلامی - بومی استان خوزستان,پردیس فاطمه الزهرا (س) - اهواز
1395,انسانی,5045,1870,منطقه 1,روانشناسی,دانشگاه شهید مدنی آذربایجان - تبریز
1395,انسانی,5051,1130,منطقه 3,حقوق,دانشگاه زابل
1395,انسانی,5051,1130,منطقه 3,مدیریت صنعتی,دانشگاه شهید بهشتی - تهران
1395,انسانی,5061,1877,منطقه 1,حسابداری,دانشگاه اصفهان
1395,انسانی,5064,1132,منطقه 3,دبیری زبان و ادبیات عربی - بومی استان سیستان وبلوچستان,پردیس رسالت - زاهدان
1395,انسانی,5071,1135,منطقه 3,آموزش ابتدایی - بومی استان هرمزگان,پردیس فاطمه الزهرا (س) - بندرعباس
1395,انسانی,5071,1135,منطقه 3,آموزش ابتدایی - بومی استان کرمانشاه,پردیس شهید ایزد پناه - یاسوج
1395,انسانی,5071,1135,منطقه 3,مدیریت مالی,دانشگاه یزد
1395,انسانی,5077,154,ایثارگران,روانشناسی,دانشگاه علامه طباطبایی - تهران
1395,انسانی,5077,1137,منطقه 3,حقوق,دانشگاه سمنان
1395,انسانی,5082,156,ایثارگران,حقوق,دانشگاه علامه طباطبایی - تهران
1395,انسانی,5082,1904,منطقه 2,حقوق,دانشگاه مراغه
1395,انسانی,5082,1904,منطقه 2,روانشناسی,دانشگاه گیلان - رشت
1395,انسانی,5088,1140,منطقه 3,روانشناسی,دانشگاه سیستان و بلوچستان - زاهدان
1395,انسانی,5088,1906,منطقه 2,مدیریت بازرگانی,دانشگاه یزد
1395,انسانی,5103,1145,منطقه 3,مدیریت دولتی,دانشگاه تهران
1395,انسانی,5107,1147,منطقه 3,حقوق,دانشگاه کردستان - سنندج
1395,انسانی,5113,1149,منطقه 3,دبیری زبان و ادبیات عربی - بومی استان گلستان,پردیس شهید مفتح - شهرری
1395,انسانی,5118,1916,منطقه 2,حسابداری,دانشگاه تهران (محل تحصیل قم)
1395,انسانی,5118,1916,منطقه 2,دبیری الهیات و معارف اسلامی - بومی استان گیلان,پردیس امام علی - رشت
1395,انسانی,5128,1156,منطقه 3,فقه و حقوق اسلامی,دانشگاه شهید مطهری
1395,انسانی,5135,1897,منطقه 1,حقوق,دانشگاه بیرجند
1395,انسانی,5143,1162,منطقه 3,آموزش ابتدایی - بومی استان البرز,پردیس شهید رجایی - قزوین
1395,انسانی,5143,1924,منطقه 2,روانشناسی,دانشگاه شهید چمران اهواز
1395,انسانی,5150,1925,منطقه 2,زبان و ادبیات عربی,دانشگاه اصفهان
1395,انسانی,5156,1164,منطقه 3,آموزش زبان و ادبیات فارسی - بومی استان قزوین,پردیس نسیبه - تهران
1395,انسانی,5156,1164,منطقه 3,حقوق,دانشگاه لرستان - خرم آباد
1395,انسانی,5156,1904,منطقه 1,حسابداری,دانشکده فنی وحرفه ای دختران تهران (دکتر شریعتی)
1395,انسانی,5163,1930,منطقه 2,فقه و مبانی حقوق اسلامی,دانشگاه بوعلی سینا - همدان
1395,انسانی,5170,160,ایثارگران,آموزش ابتدایی - بومی استان خوزستان,پردیس علامه طباطبایی - خرم آباد
1395,انسانی,5170,1933,منطقه 2,حقوق,دانشگاه مراغه
1395,انسانی,5170,1933,منطقه 2,علوم تربیتی,دانشگاه علامه طباطبایی - تهران
1395,انسانی,5178,1937,منطقه 2,راهنمایی و مشاوره - بومی استان اذربایجان غربی,پردیس شهید صدوقی - کرمانشاه
1395,انسانی,5178,1937,منطقه 2,راهنمایی و مشاوره - بومی استان گیلان,پردیس شهید صدوقی - کرمانشاه
1395,انسانی,5178,1937,منطقه 2,علوم ارتباطات اجتماعی,دانشگاه تهران
1395,انسانی,5184,1913,منطقه 1,مددکاری اجتماعی,دانشگاه علامه طباطبایی - تهران
1395,انسانی,5184,1940,منطقه 2,علوم تربیتی,دانشگاه خوارزمی - تهران (محل تحصیل کرج)
1395,انسانی,5188,1171,منطقه 3,آموزش ابتدایی - بومی استان اذربایجان غربی,پردیس شهید رجایی - ارومیه
1395,انسانی,5188,1171,منطقه 3,مدیریت مالی,دانشگاه الزهرا(س) - تهران
1395,انسانی,5188,1941,منطقه 2,دبیری الهیات و معارف اسلامی - بومی استان خراسان جنوبی,پردیس شهید بهشتی - مشهد
1395,انسانی,5192,1942,منطقه 2,فقه و مبانی حقوق اسلامی,دانشگاه مازندران - بابلسر
1395,انسانی,5199,1946,منطقه 2,علوم تربیتی,دانشگاه یزد
1395,انسانی,5204,1177,منطقه 3,زبان و ادبیات عربی,دانشگاه تهران
1395,انسانی,5204,1948,منطقه 2,علوم تربیتی,دانشگاه علامه طباطبایی - تهران
1395,انسانی,5210,161,ایثارگران,روانشناسی,دانشگاه علامه طباطبایی - تهران
1395,انسانی,5213,1950,منطقه 2,روانشناسی,دانشگاه مازندران - بابلسر
1395,انسانی,5220,1954,منطقه 2,علوم تربیتی,دانشگاه گیلان - رشت
1395,انسانی,5228,1184,منطقه 3,آموزش ابتدایی - بومی استان کهگیلویه وبویراحمد,پردیس کوثر - یاسوج
1395,انسانی,5232,1186,منطقه 3,آموزش ابتدایی - بومی استان گلستان,پردیس آیت الله خامنه ای - گرگان
1395,انسانی,5232,1186,منطقه 3,مدیریت دولتی,دانشگاه اردکان
1395,انسانی,5240,1925,منطقه 1,فقه و مبانی حقوق اسلامی,دانشگاه تهران (محل تحصیل قم)
1395,انسانی,5245,1190,منطقه 3,آموزش ابتدایی - بومی استان اردبیل,پردیس علامه طباطبایی - اردبیل
1395,انسانی,5245,1966,منطقه 2,روانشناسی,دانشگاه لرستان - خرم آباد
1395,انسانی,5249,1192,منطقه 3,آموزش زبان و ادبیات فارسی - بومی استان گلستان,پردیس نسیبه - تهران
1395,انسانی,5251,1968,منطقه 2,علوم تربیتی,دانشگاه اصفهان
1395,انسانی,5254,1193,منطقه 3,راهنمایی و مشاوره - بومی استان خراسان شمالی,پردیس شهید بهشتی - مشهد
1395,انسانی,5254,1969,منطقه 2,زبان و ادبیات فارسی,دانشگاه بین المللی امام خمینی(ره) - قزوین
1395,انسانی,5262,1196,منطقه 3,آموزش کودکان استثنایی - بومی استان کرمانشاه,پردیس نسیبه - تهران
1395,انسانی,5262,1196,منطقه 3,راهنمایی و مشاوره - بومی استان کهگیلویه وبویراحمد,پردیس شهید باهنر - شیراز
1395,انسانی,5262,1971,منطقه 2,مدیریت مالی,دانشگاه تهران (محل تحصیل قم)
1395,انسانی,5267,1199,منطقه 3,آموزش کودکان استثنایی - بومی استان کرمان,پردیس شهید باهنر - اصفهان
1395,انسانی,5267,1199,منطقه 3,آموزش کودکان استثنایی - بومی استان کرمانشاه,پردیس نسیبه - تهران
1395,انسانی,5267,1199,منطقه 3,حقوق,دانشگاه قم
1395,انسانی,5267,1933,منطقه 1,علوم تربیتی,دانشگاه تبریز
1395,انسانی,5267,1972,منطقه 2,حقوق,دانشگاه حضرت معصومه (ع) - ویژه خواهران - قم
1395,انسانی,5274,1974,منطقه 2,علوم اقتصادی,دانشگاه علامه طباطبایی - تهران
1395,انسانی,5274,1974,منطقه 2,علوم تربیتی,دانشگاه اصفهان
1395,انسانی,5280,1206,منطقه 3,زبان و ادبیات عربی,دانشگاه تهران
1395,انسانی,5280,1976,منطقه 2,علوم تربیتی,دانشگاه حکیم سبزواری - سبزوار
1395,انسانی,5286,1209,منطقه 3,آموزش ابتدایی - بومی استان البرز,پردیس امیر کبیر - کرج
1395,انسانی,5293,1980,منطقه 2,روانشناسی,دانشگاه اردکان
1395,انسانی,5301,1214,منطقه 3,جغرافیا,دانشگاه شهید بهشتی - تهران
1395,انسانی,5301,1214,منطقه 3,علوم تربیتی,دانشگاه شهید باهنر - کرمان
1395,انسانی,5301,1214,منطقه 3,مددکاری اجتماعی,دانشگاه علامه طباطبایی - تهران
1395,انسانی,5301,1983,منطقه 2,دبیری زبان و ادبیات عربی - بومی استان فارس,پردیس شهید باهنر - شیراز
1395,انسانی,5301,1983,منطقه 2,روانشناسی,دانشگاه اراک
1395,انسانی,5310,1217,منطقه 3,آموزش زبان و ادبیات فارسی - بومی استان خوزستان,پردیس فاطمه الزهرا (س) - اهواز
1395,انسانی,5310,1987,منطقه 2,آموزش ابتدایی - بومی استان بوشهر,پردیس بنت الهدی صدر - بوشهر
1395,انسانی,5310,1987,منطقه 2,زبان و ادبیات فارسی,دانشگاه کاشان
1395,انسانی,5318,1991,منطقه 2,آموزش ابتدایی - بومی استان مرکزی,پردیس زینب کبری (س) - اراک
1395,انسانی,5318,1991,منطقه 2,روانشناسی,دانشگاه مازندران - بابلسر
1395,انسانی,5326,1222,منطقه 3,آموزش ابتدایی - بومی استان البرز,پردیس امیر کبیر - کرج
1395,انسانی,5326,1222,منطقه 3,روانشناسی,دانشگاه سیستان و بلوچستان - زاهدان
1395,انسانی,5326,1946,منطقه 1,روانشناسی,دانشگاه زنجان
1395,انسانی,5333,1947,منطقه 1,علوم سیاسی,دانشگاه علامه طباطبایی - تهران
1395,انسانی,5333,1996,منطقه 2,فقه و مبانی حقوق اسلامی,دانشگاه بوعلی سینا - همدان
1395,انسانی,5337,1225,منطقه 3,علوم تربیتی,دانشگاه شهید باهنر - کرمان
1395,انسانی,5343,2001,منطقه 2,آموزش جغرافیا - بومی استان اصفهان,پردیس حضرت رسول اکرم - اهواز
1395,انسانی,5343,2001,منطقه 2,علوم تربیتی,دانشگاه اصفهان
1395,انسانی,5350,1229,منطقه 3,روانشناسی,دانشگاه محقق اردبیلی - اردبیل
1395,انسانی,5350,1229,منطقه 3,فقه و مبانی حقوق اسلامی,دانشگاه مازندران - بابلسر
1395,انسانی,5350,1950,منطقه 1,مدیریت جهانگردی,دانشگاه شیراز
1395,انسانی,5350,2004,منطقه 2,مدیریت بازرگانی,دانشگاه یزد
1395,انسانی,5356,1232,منطقه 3,آموزش ابتدایی - بومی استان کرمان,پردیس شهید باهنر - کرمان
1395,انسانی,5356,1952,منطقه 1,مدیریت صنعتی,دانشگاه اصفهان
1395,انسانی,5367,1236,منطقه 3,علوم تربیتی,دانشگاه شهید بهشتی - تهران
1395,انسانی,5367,1955,منطقه 1,فلسفه و حکمت اسلامی,دانشگاه فردوسی - مشهد
1395,انسانی,5372,1239,منطقه 3,حقوق,دانشگاه شهرکرد
1395,انسانی,5372,1239,منطقه 3,دبیری الهیات و معارف اسلامی - بومی استان همدان,پردیس شهید مقصودی - همدان
1395,انسانی,5377,2013,منطقه 2,آموزش ابتدایی - بومی استان اصفهان,پردیس شهید باهنر - اصفهان
1395,انسانی,5382,1243,منطقه 3,روانشناسی,دانشگاه بیرجند
1395,انسانی,5390,1247,منطقه 3,دبیری زبان و ادبیات عربی - بومی استان سیستان وبلوچستان,پردیس رسالت - زاهدان
1395,انسانی,5390,1247,منطقه 3,زبان و ادبیات فارسی,دانشگاه الزهرا(س) - تهران
1395,انسانی,5390,1247,منطقه 3,مدیریت مالی,دانشگاه تهران (محل تحصیل قم)
1395,انسانی,5390,2017,منطقه 2,روانشناسی,دانشگاه بیرجند
1395,انسانی,5400,2022,منطقه 2,روانشناسی,دانشگاه رازی کرمانشاه
1395,انسانی,5408,1249,منطقه 3,راهنمایی و مشاوره - بومی استان اذربایجان غربی,پردیس شهید صدوقی - کرمانشاه
1395,انسانی,5408,1966,منطقه 1,دبیری زبان و ادبیات عربی - بومی استان فارس,پردیس شهید رجایی - شیراز
1395,انسانی,5408,2026,منطقه 2,علوم قرآن و حدیث,دانشگاه حکیم سبزواری - سبزوار
1395,انسانی,5408,2026,منطقه 2,مدیریت بازرگانی,دانشگاه یزد
1395,انسانی,5414,1968,منطقه 1,مطالعات خانواده,دانشگاه شهید مدنی آذربایجان - تبریز
1395,انسانی,5433,2039,منطقه 2,روانشناسی,دانشگاه زنجان
1395,انسانی,5443,1262,منطقه 3,آموزش ابتدایی - بومی استان سیستان وبلوچستان,پردیس شهید مطهری - زاهدان
1395,انسانی,5443,2043,منطقه 2,علوم تربیتی,دانشگاه قم
1395,انسانی,5450,1264,منطقه 3,حسابداری,دانشگاه ارومیه
1395,انسانی,5450,1264,منطقه 3,فقه و مبانی حقوق اسلامی,دانشگاه فردوسی - مشهد
1395,انسانی,5450,2047,منطقه 2,فقه و مبانی حقوق اسلامی,دانشگاه مازندران - بابلسر
1395,انسانی,5463,1268,منطقه 3,روانشناسی,دانشگاه هرمزگان - بندرعباس
1395,انسانی,5469,2056,منطقه 2,فقه و حقوق اسلامی,دانشگاه ارومیه
1395,انسانی,5479,1978,منطقه 1,حسابداری,دانشگاه غیرانتفاعی علم و فرهنگ - تهران
1395,انسانی,5479,2060,منطقه 2,حقوق,دانشگاه آیت الله بروجردی - بروجرد
1395,انسانی,5479,2060,منطقه 2,حقوق,دانشگاه رازی کرمانشاه
1395,انسانی,5479,2060,منطقه 2,حقوق,دانشگاه مراغه
1395,انسانی,5479,2060,منطقه 2,فقه و مبانی حقوق اسلامی,دانشگاه تهران (محل تحصیل قم)
1395,انسانی,5489,1276,منطقه 3,حقوق,دانشگاه حکیم سبزواری - سبزوار
1395,انسانی,5500,1282,منطقه 3,آموزش ابتدایی - بومی استان کرمان,پردیس خواجه نصیرالدین طوسی - کرمان
1395,انسانی,5500,1282,منطقه 3,حقوق,دانشگاه آیت الله بروجردی - بروجرد
1395,انسانی,5500,2067,منطقه 2,آموزش زبان و ادبیات فارسی - بومی استان اصفهان,پردیس بحرالعلوم - شهرکرد
1395,انسانی,5507,1284,منطقه 3,آموزش ابتدایی - بومی استان کهگیلویه وبویراحمد,پردیس کوثر - یاسوج
1395,انسانی,5515,1287,منطقه 3,حقوق,دانشگاه بجنورد
1395,انسانی,5515,1287,منطقه 3,روانشناسی,دانشگاه تبریز
1395,انسانی,5515,2072,منطقه 2,راهنمایی و مشاوره - بومی استان قزوین,پردیس شهید صدوقی - کرمانشاه
1395,انسانی,5521,1289,منطقه 3,علوم تربیتی,دانشگاه خوارزمی - تهران (محل تحصیل کرج)
1395,انسانی,5524,1291,منطقه 3,حقوق,دانشگاه مازندران - بابلسر
1395,انسانی,5538,1296,منطقه 3,علوم تربیتی,دانشگاه یزد
1395,انسانی,5543,1297,منطقه 3,آموزش ابتدایی - بومی استان گیلان,پردیس بنت الهدی صدر - رشت
1395,انسانی,5547,1298,منطقه 3,آموزش ابتدایی - بومی استان کهگیلویه وبویراحمد,پردیس کوثر - یاسوج
1395,انسانی,5547,2082,منطقه 2,حسابداری,دانشگاه بین المللی امام خمینی(ره) - قزوین
1395,انسانی,5547,2082,منطقه 2,مدیریت مالی,دانشگاه تهران (محل تحصیل قم)
1395,انسانی,5555,1299,منطقه 3,علوم تربیتی,دانشگاه الزهرا(س) - تهران
1395,انسانی,5555,2087,منطقه 2,روانشناسی,دانشگاه هرمزگان - بندرعباس
1395,انسانی,5561,1301,منطقه 3,دبیری الهیات و معارف اسلامی - بومی استان البرز,پردیس شهید مفتح - شهرری
1395,انسانی,5567,1304,منطقه 3,آموزش ابتدایی - بومی استان اردبیل,پردیس علامه طباطبایی - اردبیل
1395,انسانی,5567,1304,منطقه 3,آموزش ابتدایی - بومی استان کرمان,پردیس شهید باهنر - کرمان
1395,انسانی,5574,1307,منطقه 3,حقوق - بومی استان کهکیلویه و بویر احمد,دانشگاه اصفهان
1395,انسانی,5574,2093,منطقه 2,فقه و مبانی حقوق اسلامی,دانشگاه مازندران - بابلسر
1395,انسانی,5579,1308,منطقه 3,حسابداری,دانشگاه تهران (محل تحصیل قم)
1395,انسانی,5579,1308,منطقه 3,فقه و مبانی حقوق اسلامی,دانشگاه هرمزگان - بندرعباس
1395,انسانی,5579,2096,منطقه 2,آموزش کودکان استثنایی - بومی استان مازندران,پردیس شهید چمران - تهران
1395,انسانی,5583,1310,منطقه 3,حسابداری,دانشگاه شیراز
1395,انسانی,5583,2097,منطقه 2,مدیریت مالی,دانشگاه تهران (محل تحصیل قم)
1395,انسانی,5589,1312,منطقه 3,آموزش ابتدایی - بومی استان البرز,پردیس امیر کبیر - کرج
1395,انسانی,5593,1314,منطقه 3,مددکاری اجتماعی,دانشگاه علامه طباطبایی - تهران
1395,انسانی,5597,1316,منطقه 3,دبیری الهیات و معارف اسلامی - بومی استان خوزستان,پردیس فاطمه الزهرا (س) - اهواز
1395,انسانی,5597,2101,منطقه 2,فقه و حقوق اسلامی,دانشگاه بین المللی امام خمینی(ره) - قزوین
1395,انسانی,5605,2013,منطقه 1,علوم سیاسی,دانشگاه اصفهان
1395,انسانی,5609,1319,منطقه 3,آموزش جغرافیا - بومی استان سمنان,پردیس حکیم ابوالقاسم فردوسی - کرج
1395,انسانی,5609,2106,منطقه 2,مطالعات ارتباطی و فناوری اطلاعات,دانشگاه علامه طباطبایی - تهران
1395,انسانی,5613,1320,منطقه 3,آموزش زبان و ادبیات فارسی - بومی استان خراسان شمالی,پردیس دکتر شریعتی - ساری
1395,انسانی,5613,2108,منطقه 2,حقوق,دانشگاه حکیم سبزواری - سبزوار
1395,انسانی,5622,1322,منطقه 3,آموزش ابتدایی - بومی استان البرز,پردیس امیر کبیر - کرج
1395,انسانی,5622,1322,منطقه 3,دبیری تاریخ - بومی استان یزد,پردیس آیت اله کمال وند - خرم آباد
1395,انسانی,5622,2017,منطقه 1,آموزش زبان و ادبیات فارسی - بومی استان خراسان رضوی,پردیس شهید بهشتی - مشهد
1395,انسانی,5622,2113,منطقه 2,دبیری علوم اجتماعی - بومی استان خراسان رضوی,پردیس شهید بهشتی - مشهد
1395,انسانی,5622,2113,منطقه 2,مدیریت جهانگردی,دانشگاه گیلان - رشت
1395,انسانی,5638,1328,منطقه 3,فقه و حقوق اسلامی,دانشگاه یزد
1395,انسانی,5638,2118,منطقه 2,روانشناسی,دانشگاه مراغه
1395,انسانی,5645,2121,منطقه 2,حقوق,دانشگاه کردستان - سنندج
1395,انسانی,5645,2121,منطقه 2,فقه و حقوق اسلامی,دانشگاه شهید مدنی آذربایجان - تبریز
1395,انسانی,5645,2121,منطقه 2,فقه و مبانی حقوق اسلامی,دانشگاه مازندران - بابلسر
1395,انسانی,5653,1334,منطقه 3,دبیری زبان و ادبیات عربی - بومی استان سیستان وبلوچستان,پردیس شهید مطهری - زاهدان
1395,انسانی,5653,2123,منطقه 2,فقه و حقوق اسلامی,دانشگاه ارومیه
1395,انسانی,5661,2030,منطقه 1,علوم تربیتی,دانشگاه علامه طباطبایی - تهران
1395,انسانی,5661,2125,منطقه 2,آموزش ابتدایی - بومی استان سمنان,پردیس شهید رجایی - سمنان
1395,انسانی,5670,2128,منطقه 2,علوم تربیتی,دانشگاه یزد
1395,انسانی,5677,1340,منطقه 3,آموزش کودکان استثنایی - بومی استان کرمانشاه,پردیس نسیبه - تهران
1395,انسانی,5677,1340,منطقه 3,حقوق,دانشگاه رازی کرمانشاه
1395,انسانی,5680,1342,منطقه 3,حقوق,دانشگاه زابل
1395,انسانی,5684,1344,منطقه 3,آموزش ابتدایی - بومی استان البرز,پردیس امیر کبیر - کرج
1395,انسانی,5684,1344,منطقه 3,آموزش زبان و ادبیات فارسی - بومی استان سیستان وبلوچستان,پردیس خواجه نصیرالدین طوسی - کرمان
1395,انسانی,5684,1344,منطقه 3,روانشناسی,دانشگاه سمنان (محل تحصیل دانشکده روانشناسی وعلوم تربیتی مهدی شهر)
1395,انسانی,5690,1347,منطقه 3,دبیری الهیات و معارف اسلامی - بومی استان خوزستان,پردیس فاطمه الزهرا (س) - اهواز
1395,انسانی,5695,1350,منطقه 3,روانشناسی,دانشگاه هرمزگان - بندرعباس
1395,انسانی,5695,1350,منطقه 3,مدیریت دولتی,دانشگاه شهید بهشتی - تهران
1395,انسانی,5695,2040,منطقه 1,علوم اقتصادی,دانشگاه فردوسی - مشهد
1395,انسانی,5699,2041,منطقه 1,حقوق,دانشگاه آیت اله حایری - میبد
1395,انسانی,5703,2043,منطقه 1,زبان و ادبیات عربی,دانشگاه فردوسی - مشهد
1395,انسانی,5703,2135,منطقه 2,علوم تربیتی,دانشگاه بوعلی سینا - همدان
1395,انسانی,5709,1355,منطقه 3,دبیری زبان و ادبیات عربی - بومی استان البرز,پردیس شهید رجایی - ارومیه
1395,انسانی,5719,1358,منطقه 3,آموزش ابتدایی - بومی استان اردبیل,پردیس علامه طباطبایی - اردبیل
1395,انسانی,5719,2141,منطقه 2,آموزش ابتدایی - بومی استان قم,پردیس حضرت معصومه - قم
1395,انسانی,5727,1360,منطقه 3,آموزش زبان و ادبیات فارسی - بومی استان تهران,پردیس شهید چمران - تهران
1395,انسانی,5727,2050,منطقه 1,حقوق,دانشگاه غیرانتفاعی شهید اشرفی اصفهانی - اصفهان
1395,انسانی,5727,2145,منطقه 2,علوم تربیتی,دانشگاه شهید باهنر - کرمان
1395,انسانی,5734,1363,منطقه 3,مدیریت صنعتی,دانشگاه اصفهان
1395,انسانی,5734,2148,منطقه 2,روانشناسی,دانشگاه شهید چمران اهواز
1395,انسانی,5741,2054,منطقه 1,پژوهشگری اجتماعی,دانشگاه علامه طباطبایی - تهران
1395,انسانی,5741,2151,منطقه 2,روانشناسی,دانشگاه مازندران - بابلسر
1395,انسانی,5749,2154,منطقه 2,علوم تربیتی,دانشگاه علامه طباطبایی - تهران
1395,انسانی,5755,2057,منطقه 1,مطالعات ارتباطی و فناوری اطلاعات,دانشگاه علامه طباطبایی - تهران
1395,انسانی,5775,2166,منطقه 2,آموزش ابتدایی - بومی استان لرستان,پردیس آیت اله کمال وند - خرم آباد
1395,انسانی,5775,2166,منطقه 2,علوم تربیتی,دانشگاه کاشان
1395,انسانی,5782,1377,منطقه 3,آموزش جغرافیا - بومی استان خوزستان,پردیس امیر کبیر - کرج
1395,انسانی,5782,1377,منطقه 3,فقه و مبانی حقوق اسلامی,دانشگاه تهران (محل تحصیل قم)
1395,انسانی,5782,1377,منطقه 3,مدیریت بازرگانی,دانشگاه شهید باهنر - کرمان
1395,انسانی,5793,1382,منطقه 3,آموزش زبان و ادبیات فارسی - بومی استان البرز,پردیس حکیم ابوالقاسم فردوسی - کرج
1395,انسانی,5802,1385,منطقه 3,فقه و حقوق اسلامی,دانشگاه بین المللی امام خمینی(ره) - قزوین
1395,انسانی,5806,1388,منطقه 3,علوم سیاسی,دانشگاه تهران
1395,انسانی,5806,1388,منطقه 3,فقه و حقوق اسلامی,دانشگاه یزد
1395,انسانی,5806,1388,منطقه 3,مدیریت بازرگانی,دانشگاه شهید باهنر - کرمان
1395,انسانی,5812,173,ایثارگران,فلسفه و حکمت اسلامی,دانشگاه شاهد - تهران
1395,انسانی,5812,1391,منطقه 3,آموزش جغرافیا - بومی استان قزوین,پردیس حکیم ابوالقاسم فردوسی - کرج
1395,انسانی,5817,2178,منطقه 2,علوم تربیتی,دانشگاه خوارزمی - تهران (محل تحصیل کرج)
1395,انسانی,5824,1395,منطقه 3,آموزش ابتدایی - بومی استان کرمانشاه,پردیس شهید ایزد پناه - یاسوج
1395,انسانی,5824,1395,منطقه 3,حسابداری,دانشگاه مازندران - بابلسر
1395,انسانی,5824,1395,منطقه 3,علوم سیاسی,دانشگاه مازندران - بابلسر
1395,انسانی,5824,2180,منطقه 2,روانشناسی,دانشگاه ملایر
1395,انسانی,5824,2180,منطقه 2,زبان و ادبیات عربی,دانشگاه الزهرا(س) - تهران
1395,انسانی,5842,2182,منطقه 2,روانشناسی,دانشگاه مازندران - بابلسر
1395,انسانی,5848,2084,منطقه 1,روانشناسی,دانشگاه شهید مدنی آذربایجان - تبریز
1395,انسانی,5848,2184,منطقه 2,آموزش زبان و ادبیات فارسی - بومی استان اصفهان,پردیس بحرالعلوم - شهرکرد
1395,انسانی,5855,1407,منطقه 3,دبیری زبان و ادبیات عربی - بومی استان سیستان وبلوچستان,پردیس شهید مطهری - زاهدان
1395,انسانی,5863,1409,منطقه 3,آموزش ابتدایی - بومی استان اذربایجان غربی,پردیس شهید رجایی - ارومیه
1395,انسانی,5863,2090,منطقه 1,حقوق,دانشگاه پیام نور اصفهان - مرکز اصفهان
1395,انسانی,5863,2189,منطقه 2,علوم تربیتی,دانشگاه یزد
1395,انسانی,5863,2189,منطقه 2,مدیریت دولتی,دانشگاه اصفهان
1395,انسانی,5871,1411,منطقه 3,آموزش زبان و ادبیات فارسی - بومی استان اذربایجان غربی,پردیس نسیبه - تهران
1395,انسانی,5877,1413,منطقه 3,دبیری الهیات و معارف اسلامی - بومی استان کردستان,پردیس زینبیه - پیشوا (ورامین)
1395,انسانی,5877,2195,منطقه 2,فقه و مبانی حقوق اسلامی,دانشگاه بوعلی سینا - همدان
1395,انسانی,5882,1415,منطقه 3,حقوق,دانشگاه بجنورد
1395,انسانی,5882,2197,منطقه 2,مدیریت صنعتی,دانشگاه اصفهان
1395,انسانی,5898,176,ایثارگران,حقوق,دانشگاه تبریز
1395,انسانی,5898,1420,منطقه 3,مدیریت مالی,دانشگاه یزد
1395,انسانی,5898,2201,منطقه 2,حقوق,دانشگاه سمنان
1395,انسانی,5898,2201,منطقه 2,فقه و مبانی حقوق اسلامی,دانشگاه بوعلی سینا - همدان
1395,انسانی,5906,1423,منطقه 3,آموزش ابتدایی - بومی استان اذربایجان غربی,پردیس شهید رجایی - ارومیه
1395,انسانی,5911,2207,منطقه 2,روانشناسی,دانشگاه یاسوج
1395,انسانی,5916,1428,منطقه 3,پژوهشگری اجتماعی,دانشگاه فردوسی - مشهد
1395,انسانی,5922,1433,منطقه 3,آموزش ابتدایی - بومی استان کرمان,پردیس خواجه نصیرالدین طوسی - کرمان
1395,انسانی,5922,1433,منطقه 3,حقوق,دانشگاه بجنورد
1395,انسانی,5928,1437,منطقه 3,حقوق,دانشگاه زابل
1395,انسانی,5928,1437,منطقه 3,راهنمایی و مشاوره - بومی استان گلستان,پردیس شهید صدوقی - کرمانشاه
1395,انسانی,5931,2103,منطقه 1,روانشناسی,دانشگاه شهید مدنی آذربایجان - تبریز
1395,انسانی,5934,1440,منطقه 3,حقوق,دانشگاه کردستان - سنندج
1395,انسانی,5934,2212,منطقه 2,آموزش ابتدایی - بومی استان مرکزی,پردیس زینب کبری (س) - اراک
1395,انسانی,5941,1442,منطقه 3,دبیری زبان و ادبیات عربی - بومی استان تهران,پردیس شهید مفتح - شهرری
1395,انسانی,5941,1442,منطقه 3,علوم تربیتی,دانشگاه تهران
1395,انسانی,5950,2108,منطقه 1,علوم سیاسی,دانشگاه فردوسی - مشهد
1395,انسانی,5950,2220,منطقه 2,روانشناسی,دانشگاه شهید مدنی آذربایجان - تبریز
1395,انسانی,5955,2111,منطقه 1,فقه و حقوق اسلامی,دانشگاه یزد
1395,انسانی,5958,1445,منطقه 3,دبیری الهیات و معارف اسلامی - بومی استان خراسان رضوی,پردیس شهید بهشتی - مشهد
1395,انسانی,5964,2226,منطقه 2,حقوق,دانشگاه ملایر
1395,انسانی,5975,1449,منطقه 3,آموزش ابتدایی - بومی استان کهگیلویه وبویراحمد,پردیس کوثر - یاسوج
1395,انسانی,5975,1449,منطقه 3,علوم سیاسی,دانشگاه شهید بهشتی - تهران
1395,انسانی,5975,1449,منطقه 3,مدیریت بازرگانی,دانشگاه علامه طباطبایی - تهران
1395,انسانی,5975,2230,منطقه 2,مطالعات خانواده,دانشگاه اردکان
1395,انسانی,5986,1453,منطقه 3,حقوق,دانشگاه زابل
1395,انسانی,5993,1455,منطقه 3,حسابداری,دانشگاه خوارزمی تهران
1395,انسانی,5993,2238,منطقه 2,حسابداری,دانشگاه اصفهان
1395,انسانی,5993,2238,منطقه 2,روانشناسی,دانشگاه سمنان (محل تحصیل دانشکده روانشناسی وعلوم تربیتی مهدی شهر)
1395,انسانی,6000,1456,منطقه 3,دبیری زبان و ادبیات عربی - بومی استان هرمزگان,پردیس رسالت - زاهدان
1395,انسانی,6000,2241,منطقه 2,فقه و حقوق اسلامی,دانشگاه آیت اله حایری - میبد
1395,انسانی,6005,1458,منطقه 3,حقوق,مجتمع آموزش عالی گناباد
1395,انسانی,6005,1458,منطقه 3,فقه و حقوق اسلامی,دانشگاه شهید مطهری
1395,انسانی,6008,2245,منطقه 2,علوم تربیتی,دانشگاه مازندران - بابلسر
1395,انسانی,6018,1464,منطقه 3,حقوق,دانشگاه کردستان - سنندج
1395,انسانی,6031,177,ایثارگران,دبیری الهیات و معارف اسلامی - بومی استان خراسان رضوی,پردیس شهید بهشتی - مشهد
1395,انسانی,6031,2254,منطقه 2,فقه و مبانی حقوق اسلامی,دانشگاه سمنان
1395,انسانی,6039,1471,منطقه 3,حقوق,دانشگاه مراغه
1395,انسانی,6039,1471,منطقه 3,حقوق,دانشگاه کردستان - سنندج
1395,انسانی,6039,2257,منطقه 2,آموزش جغرافیا - بومی استان فارس,پردیس امیر کبیر - کرج
1395,انسانی,6039,2257,منطقه 2,روانشناسی,دانشگاه شهید چمران اهواز
1395,انسانی,6044,2259,منطقه 2,علوم تربیتی,دانشگاه گیلان - رشت
1395,انسانی,6051,1474,منطقه 3,حقوق,دانشگاه آیت الله بروجردی - بروجرد
1395,انسانی,6051,2262,منطقه 2,حقوق,دانشگاه آیت اله حایری - میبد
1395,انسانی,6070,1478,منطقه 3,مدیریت بیمه,دانشگاه علامه طباطبایی - تهران
1395,انسانی,6070,2271,منطقه 2,حسابداری,دانشگاه سمنان
1395,انسانی,6070,2271,منطقه 2,فقه و حقوق اسلامی,دانشگاه یزد
1395,انسانی,6074,1480,منطقه 3,آموزش ابتدایی - بومی استان بوشهر,پردیس بنت الهدی صدر - بوشهر
1395,انسانی,6078,1482,منطقه 3,دبیری علوم اجتماعی - بومی استان خراسان رضوی,پردیس شهید بهشتی - مشهد
1395,انسانی,6078,2275,منطقه 2,حقوق,دانشگاه بیرجند
1395,انسانی,6086,1485,منطقه 3,حسابداری,دانشگاه الزهرا(س) - تهران
1395,انسانی,6086,1485,منطقه 3,علوم تربیتی,دانشگاه تبریز
1395,انسانی,6086,2279,منطقه 2,روانشناسی,دانشگاه ملایر
1395,انسانی,6093,1488,منطقه 3,حقوق,دانشگاه آیت اله حایری - میبد
1395,انسانی,6093,2144,منطقه 1,جغرافیا,دانشگاه فردوسی - مشهد
1395,انسانی,6093,2144,منطقه 1,حسابداری,دانشگاه غیرانتفاعی علم و فرهنگ - تهران
1395,انسانی,6093,2282,منطقه 2,حسابداری,دانشگاه مازندران - بابلسر
1395,انسانی,6099,1490,منطقه 3,آموزش جغرافیا - بومی استان خوزستان,پردیس امیر کبیر - کرج
1395,انسانی,6105,1493,منطقه 3,دبیری الهیات و معارف اسلامی - بومی استان خوزستان,پردیس فاطمه الزهرا (س) - اهواز
1395,انسانی,6105,1493,منطقه 3,علوم تربیتی,دانشگاه الزهرا(س) - تهران
1395,انسانی,6110,2286,منطقه 2,فقه و مبانی حقوق اسلامی,دانشگاه بوعلی سینا - همدان
1395,انسانی,6114,2153,منطقه 1,مترجمی زبان عربی,دانشگاه علامه طباطبایی - تهران
1395,انسانی,6118,1496,منطقه 3,آموزش زبان و ادبیات فارسی - بومی استان کرمان,پردیس شهید باهنر - شیراز
1395,انسانی,6118,1496,منطقه 3,راهنمایی و مشاوره - بومی استان خراسان رضوی,پردیس شهید بهشتی - مشهد
1395,انسانی,6118,2154,منطقه 1,حقوق,دانشگاه غیرانتفاعی ارشاد - دماوند (محل تحصیل تهران)
1395,انسانی,6126,1501,منطقه 3,روانشناسی,دانشگاه شهید چمران اهواز
1395,انسانی,6126,2290,منطقه 2,علوم تربیتی,دانشگاه ارومیه
1395,انسانی,6136,2293,منطقه 2,فقه و مبانی حقوق اسلامی,دانشگاه تهران (محل تحصیل قم)
1395,انسانی,6140,2295,منطقه 2,فقه و حقوق اسلامی,دانشگاه ارومیه
1395,انسانی,6145,1509,منطقه 3,کارشناسی ارشد پیوسته معارف اسلامی و حقوق,دانشگاه شهید باهنر - کرمان
1395,انسانی,6149,1512,منطقه 3,دبیری الهیات و معارف اسلامی - بومی استان خراسان شمالی,پردیس زینبیه - پیشوا (ورامین)
1395,انسانی,6149,1512,منطقه 3,مدیریت دولتی,دانشگاه سیستان و بلوچستان - زاهدان
1395,انسانی,6156,2299,منطقه 2,حسابداری,دانشگاه بوعلی سینا - همدان
1395,انسانی,6156,2299,منطقه 2,دبیری علوم اجتماعی - بومی استان فارس,پردیس فاطمه الزهرا (س) - اصفهان
1395,انسانی,6165,2302,منطقه 2,مدیریت دولتی,دانشگاه ارومیه
1395,انسانی,6173,1522,منطقه 3,روانشناسی,دانشگاه مازندران - بابلسر
1395,انسانی,6173,2307,منطقه 2,تاریخ و تمدن ملل اسلامی,دانشگاه الزهرا(س) - تهران
1395,انسانی,6173,2307,منطقه 2,حقوق,دانشگاه لرستان - خرم آباد
1395,انسانی,6173,2307,منطقه 2,دبیری الهیات و معارف اسلامی - بومی استان همدان,پردیس زینبیه - پیشوا (ورامین)
1395,انسانی,6180,1523,منطقه 3,حقوق,مجتمع آموزش عالی گناباد
1395,انسانی,6180,2168,منطقه 1,روانشناسی,دانشگاه شهید مدنی آذربایجان - تبریز
1395,انسانی,6180,2310,منطقه 2,علوم تربیتی,دانشگاه بیرجند
1395,انسانی,6189,1526,منطقه 3,علوم تربیتی,دانشگاه یزد
1395,انسانی,6189,2313,منطقه 2,حقوق,دانشگاه پیام نور گیلان - مرکز رودسر
1395,انسانی,6196,2316,منطقه 2,آموزش ابتدایی - بومی استان فارس,پردیس شهید رجایی - شیراز
1395,انسانی,6202,1531,منطقه 3,دبیری علوم اجتماعی - بومی استان خوزستان,پردیس حضرت رسول اکرم - اهواز
1395,انسانی,6202,1531,منطقه 3,علوم تربیتی,دانشگاه گیلان - رشت
1395,انسانی,6216,2177,منطقه 1,حقوق,دانشگاه مراغه
1395,انسانی,6216,2323,منطقه 2,آموزش ابتدایی - بومی استان کردستان,پردیس شهید مدرس - سنندج
1395,انسانی,6216,2323,منطقه 2,مدیریت بازرگانی,دانشگاه بجنورد
1395,انسانی,6225,2326,منطقه 2,مدیریت صنعتی,دانشگاه فردوسی - مشهد
1395,انسانی,6231,2330,منطقه 2,آموزش ابتدایی - بومی استان خراسان جنوبی,پردیس شهید باهنر - بیرجند
1395,انسانی,6231,2330,منطقه 2,علوم تربیتی,دانشگاه مازندران - بابلسر
1395,انسانی,6236,1542,منطقه 3,آموزش ابتدایی - بومی استان اذربایجان شرقی,پردیس علامه امینی - تبریز
1395,انسانی,6236,1542,منطقه 3,دبیری علوم اجتماعی - بومی استان گلستان,پردیس شهید بهشتی - مشهد
1395,انسانی,6241,1544,منطقه 3,حقوق,دانشگاه مراغه
1395,انسانی,6259,1546,منطقه 3,راهنمایی و مشاوره - بومی استان بوشهر,پردیس شهید باهنر - شیراز
1395,انسانی,6259,1546,منطقه 3,راهنمایی و مشاوره - بومی استان چهارمحال وبختیاری,پردیس شهید باهنر - اصفهان
1395,انسانی,6259,2342,منطقه 2,روانشناسی,دانشگاه بیرجند
1395,انسانی,6259,2342,منطقه 2,علوم تربیتی,دانشگاه خوارزمی - تهران (محل تحصیل کرج)
1395,انسانی,6266,2191,منطقه 1,فقه و حقوق اسلامی,دانشگاه بین المللی امام خمینی(ره) - قزوین
1395,انسانی,6270,2348,منطقه 2,آموزش ابتدایی - بومی استان خراسان شمالی,پردیس امام جعفر صادق - بجنورد
1395,انسانی,6270,2348,منطقه 2,دبیری زبان و ادبیات عربی - بومی استان مرکزی,پردیس فاطمه الزهرا (س) - اهواز
1395,انسانی,6270,2348,منطقه 2,علوم تربیتی,دانشگاه مازندران - بابلسر
1395,انسانی,6276,2196,منطقه 1,حقوق,دانشگاه حضرت معصومه (ع) - ویژه خواهران - قم
1395,انسانی,6286,182,ایثارگران,حقوق,دانشگاه گیلان - رشت
1395,انسانی,6286,1552,منطقه 3,روانشناسی,دانشگاه بجنورد
1395,انسانی,6286,2353,منطقه 2,حسابداری,دانشگاه مازندران - بابلسر
1395,انسانی,6290,1553,منطقه 3,روانشناسی,دانشگاه شهید چمران اهواز
1395,انسانی,6295,1556,منطقه 3,آموزش ابتدایی - بومی استان اذربایجان غربی,پردیس شهید رجایی - ارومیه
1395,انسانی,6295,1556,منطقه 3,آموزش زبان و ادبیات فارسی - بومی استان لرستان,پردیس فاطمه الزهرا (س) - اهواز
1395,انسانی,6295,1556,منطقه 3,روانشناسی,دانشگاه کردستان - سنندج
1395,انسانی,6295,2357,منطقه 2,روانشناسی,دانشگاه ارومیه
1395,انسانی,6304,2201,منطقه 1,مدیریت صنعتی,دانشگاه شیراز
1395,انسانی,6304,2361,منطقه 2,علوم تربیتی,دانشگاه مازندران - بابلسر
1395,انسانی,6311,1560,منطقه 3,آموزش ابتدایی - بومی استان اذربایجان غربی,پردیس علامه طباطبایی - ارومیه
1395,انسانی,6311,2365,منطقه 2,حسابداری,دانشگاه شهید باهنر - کرمان
1395,انسانی,6311,2365,منطقه 2,علوم سیاسی,دانشگاه تهران
1395,انسانی,6321,1563,منطقه 3,دبیری الهیات و معارف اسلامی - بومی استان خوزستان,پردیس حضرت رسول اکرم - اهواز
1395,انسانی,6321,1563,منطقه 3,علوم تربیتی,دانشگاه علامه طباطبایی - تهران
1395,انسانی,6321,2367,منطقه 2,حسابداری,دانشگاه بوعلی سینا - همدان
1395,انسانی,6330,2370,منطقه 2,علوم تربیتی,دانشگاه اصفهان
1395,انسانی,6338,2374,منطقه 2,زبان و ادبیات فارسی,دانشگاه گیلان - رشت
1395,انسانی,6346,1571,منطقه 3,روانشناسی,دانشگاه شهید چمران اهواز
1395,انسانی,6346,2378,منطقه 2,آموزش ابتدایی - بومی استان سمنان,پردیس شهید رجایی - سمنان
1395,انسانی,6354,2216,منطقه 1,حقوق - نیمسال دوم,دانشگاه غیرانتفاعی امام رضا(ع) - مشهد
1395,انسانی,6354,2381,منطقه 2,حقوق,دانشگاه لرستان - خرم آباد
1395,انسانی,6354,2381,منطقه 2,روانشناسی,دانشگاه مراغه
1395,انسانی,6363,1575,منطقه 3,حقوق,دانشگاه پیام نور خراسان رضوی - مرکز فریمان
1395,انسانی,6363,2384,منطقه 2,حسابداری,دانشگاه شهید چمران اهواز
1395,انسانی,6371,1578,منطقه 3,فقه و حقوق اسلامی,دانشگاه بین المللی امام خمینی(ره) - قزوین
1395,انسانی,6371,2387,منطقه 2,فقه و حقوق اسلامی,دانشگاه آیت اله حایری - میبد
1395,انسانی,6379,2225,منطقه 1,زبان و ادبیات عربی,دانشگاه تهران
1395,انسانی,6386,1580,منطقه 3,حقوق,دانشگاه بجنورد
1395,انسانی,6409,2406,منطقه 2,حسابداری,دانشگاه ارومیه
1395,انسانی,6417,1585,منطقه 3,آموزش ابتدایی - بومی استان اذربایجان غربی,پردیس شهید رجایی - ارومیه
1395,انسانی,6417,1585,منطقه 3,دبیری الهیات و معارف اسلامی - بومی استان خراسان شمالی,پردیس زینبیه - پیشوا (ورامین)
1395,انسانی,6417,1585,منطقه 3,روزنامه نگاری,دانشگاه علامه طباطبایی - تهران
1395,انسانی,6417,2409,منطقه 2,روانشناسی,دانشگاه گیلان - رشت
1395,انسانی,6426,2414,منطقه 2,حسابداری,دانشگاه تهران (محل تحصیل قم)
1395,انسانی,6426,2414,منطقه 2,روانشناسی,دانشگاه شهید چمران اهواز
1395,انسانی,6426,2414,منطقه 2,علوم تربیتی,دانشگاه اصفهان
1395,انسانی,6436,186,ایثارگران,روانشناسی,دانشگاه فردوسی - مشهد
1395,انسانی,6436,1591,منطقه 3,علوم اقتصادی,دانشگاه شهید بهشتی - تهران
1395,انسانی,6436,1591,منطقه 3,علوم تربیتی,دانشگاه شهید باهنر - کرمان
1395,انسانی,6442,2419,منطقه 2,حقوق,دانشگاه لرستان - خرم آباد
1395,انسانی,6445,2421,منطقه 2,دبیری زبان و ادبیات عربی - بومی استان لرستان,پردیس فاطمه الزهرا (س) - اهواز
1395,انسانی,6449,2422,منطقه 2,علوم تربیتی,دانشگاه شیراز
1395,انسانی,6456,1598,منطقه 3,آموزش جغرافیا - بومی استان اذربایجان غربی,پردیس حکیم ابوالقاسم فردوسی - کرج
1395,انسانی,6456,1598,منطقه 3,حقوق,دانشگاه مراغه
1395,انسانی,6456,1598,منطقه 3,علوم تربیتی,دانشگاه خوارزمی - تهران (محل تحصیل کرج)
1395,انسانی,6463,2248,منطقه 1,پژوهشگری اجتماعی,دانشگاه اصفهان
1395,انسانی,6463,2426,منطقه 2,آموزش کودکان استثنایی - بومی استان خوزستان,پردیس فاطمه الزهرا (س) - اصفهان
1395,انسانی,6470,2252,منطقه 1,زبان و ادبیات فارسی,دانشگاه تبریز
1395,انسانی,6470,2428,منطقه 2,روانشناسی,دانشگاه رازی کرمانشاه
1395,انسانی,6478,188,ایثارگران,حقوق,دانشگاه شیراز
1395,انسانی,6478,1605,منطقه 3,دبیری علوم اجتماعی - بومی استان خراسان رضوی,پردیس شهید بهشتی - مشهد
1395,انسانی,6484,1608,منطقه 3,علوم تربیتی,دانشگاه حکیم سبزواری - سبزوار
1395,انسانی,6484,2431,منطقه 2,فلسفه,دانشگاه علامه طباطبایی - تهران
1395,انسانی,6489,1610,منطقه 3,دبیری علوم اجتماعی - بومی استان خراسان شمالی,پردیس شهید بهشتی - مشهد
1395,انسانی,6489,2433,منطقه 2,کارشناسی ارشد پیوسته معارف اسلامی و حقوق,دانشگاه ولی عصر(عج) - رفسنجان
1395,انسانی,6497,189,ایثارگران,دبیری زبان و ادبیات عربی - بومی استان کردستان,پردیس شهید رجایی - ارومیه
1395,انسانی,6497,1611,منطقه 3,راهنمایی و مشاوره - بومی استان اردبیل,پردیس شهید صدوقی - کرمانشاه
1395,انسانی,6502,1613,منطقه 3,حقوق,دانشگاه کردستان - سنندج
1395,انسانی,6502,2261,منطقه 1,حقوق,دانشگاه مراغه
1395,انسانی,6502,2261,منطقه 1,روانشناسی,دانشگاه غیرانتفاعی آل طه - تهران (ویژه خواهران)
1395,انسانی,6513,2442,منطقه 2,حسابداری,دانشگاه شیراز
1395,انسانی,6517,2265,منطقه 1,پژوهشگری اجتماعی,دانشگاه اصفهان
1395,انسانی,6517,2444,منطقه 2,حقوق,دانشگاه پیام نور اصفهان - مرکز اصفهان
1395,انسانی,6523,2267,منطقه 1,جغرافیا,دانشگاه فردوسی - مشهد
1395,انسانی,6532,191,ایثارگران,حسابداری,دانشگاه صنعت نفت (محل تحصیل تهران)
1395,انسانی,6532,1622,منطقه 3,علوم تربیتی,دانشگاه یزد
1395,انسانی,6532,2450,منطقه 2,دبیری علوم اجتماعی - بومی استان فارس,پردیس فاطمه الزهرا (س) - اصفهان
1395,انسانی,6539,2453,منطقه 2,مدیریت صنعتی,دانشگاه یزد
1395,انسانی,6546,1627,منطقه 3,پژوهشگری اجتماعی,دانشگاه علامه طباطبایی - تهران
1395,انسانی,6553,192,ایثارگران,روانشناسی,دانشگاه اصفهان
1395,انسانی,6553,1631,منطقه 3,آموزش ابتدایی - بومی استان کرمان,پردیس شهید باهنر - کرمان
1395,انسانی,6553,2456,منطقه 2,پژوهشگری اجتماعی,دانشگاه فردوسی - مشهد
1395,انسانی,6553,2456,منطقه 2,پژوهشگری اجتماعی,دانشگاه یزد
1395,انسانی,6560,1635,منطقه 3,راهنمایی و مشاوره - بومی استان خراسان رضوی,پردیس شهید بهشتی - مشهد
1395,انسانی,6560,2459,منطقه 2,فقه و مبانی حقوق اسلامی,دانشگاه هرمزگان - بندرعباس
1395,انسانی,6566,1638,منطقه 3,آموزش کودکان استثنایی - بومی استان کرمان,پردیس شهید باهنر - اصفهان
1395,انسانی,6568,2274,منطقه 1,زبان و ادبیات فارسی,دانشگاه اصفهان
1395,انسانی,6568,2463,منطقه 2,دبیری زبان و ادبیات عربی - بومی استان سمنان,پردیس شهید مفتح - شهرری
1395,انسانی,6575,1639,منطقه 3,حسابداری,دانشگاه ارومیه
1395,انسانی,6575,1639,منطقه 3,فقه و حقوق اسلامی,دانشگاه شهید مطهری
1395,انسانی,6581,1642,منطقه 3,مدیریت جهانگردی - بومی استان چهار محال و بختیاری,دانشگاه شهرکرد
1395,انسانی,6581,2277,منطقه 1,مدیریت صنعتی,دانشگاه شاهد - تهران
1395,انسانی,6581,2467,منطقه 2,آموزش زبان و ادبیات فارسی - بومی استان اصفهان,پردیس بحرالعلوم - شهرکرد
1395,انسانی,6596,2475,منطقه 2,علوم تربیتی,دانشگاه یزد
1395,انسانی,6605,2281,منطقه 1,روانشناسی,دانشگاه خلیج فارس - بوشهر
1395,انسانی,6613,1652,منطقه 3,حقوق,دانشگاه مراغه
1395,انسانی,6613,2480,منطقه 2,حقوق,دانشگاه کردستان - سنندج
1395,انسانی,6626,1656,منطقه 3,آموزش ابتدایی - بومی استان تهران,پردیس زینبیه - پیشوا (ورامین)
1395,انسانی,6626,1656,منطقه 3,آموزش ابتدایی - بومی استان خراسان رضوی,پردیس شهید بهشتی - مشهد
1395,انسانی,6626,2484,منطقه 2,علوم اقتصادی,دانشگاه تبریز
1395,انسانی,6633,2291,منطقه 1,ادیان و عرفان,دانشگاه تهران
1395,انسانی,6633,2487,منطقه 2,علوم تربیتی,دانشگاه شاهد - تهران
1395,انسانی,6639,1658,منطقه 3,دبیری الهیات و معارف اسلامی - بومی استان کرمان,پردیس حضرت معصومه - قم
1395,انسانی,6639,1658,منطقه 3,فقه و حقوق اسلامی,دانشگاه ارومیه
1395,انسانی,6639,2491,منطقه 2,راهنمایی و مشاوره - بومی استان مرکزی,پردیس شهید باهنر - شیراز
1395,انسانی,6639,2491,منطقه 2,روانشناسی,دانشگاه رازی کرمانشاه
1395,انسانی,6639,2491,منطقه 2,زبان و ادبیات عربی,دانشگاه تهران
1395,انسانی,6639,2491,منطقه 2,علوم تربیتی,دانشگاه بوعلی سینا - همدان
1395,انسانی,6650,1661,منطقه 3,آموزش ابتدایی - بومی استان تهران,پردیس زینبیه - پیشوا (ورامین)
1395,انسانی,6650,1661,منطقه 3,حقوق,دانشگاه گیلان - رشت
1395,انسانی,6650,2496,منطقه 2,دبیری زبان و ادبیات عربی - بومی استان کردستان,پردیس حضرت معصومه - قم
1395,انسانی,6650,2496,منطقه 2,زبان و ادبیات عربی,دانشگاه مازندران - بابلسر
1395,انسانی,6659,1663,منطقه 3,آموزش کودکان استثنایی - بومی استان فارس,پردیس شهید باهنر - اصفهان
1395,انسانی,6659,2501,منطقه 2,حسابداری,دانشگاه سمنان
1395,انسانی,6659,2501,منطقه 2,حقوق,دانشگاه لرستان - خرم آباد
1395,انسانی,6666,2301,منطقه 1,حسابداری,دانشگاه شیراز
1395,انسانی,6666,2301,منطقه 1,مدیریت جهانگردی,دانشگاه تبریز
1395,انسانی,6673,1666,منطقه 3,آموزش ابتدایی - بومی استان خراسان رضوی,پردیس شهید باهنر - بیرجند
1395,انسانی,6673,1666,منطقه 3,حقوق,دانشگاه آیت الله بروجردی - بروجرد
1395,انسانی,6673,1666,منطقه 3,حقوق,دانشگاه غیرانتفاعی علم و فرهنگ - تهران
1395,انسانی,6673,1666,منطقه 3,فقه و مبانی حقوق اسلامی,دانشگاه فردوسی - مشهد
1395,انسانی,6673,2303,منطقه 1,زبان و ادبیات عربی,دانشگاه شیراز
1395,انسانی,6683,1673,منطقه 3,آموزش زبان و ادبیات فارسی - بومی استان تهران,پردیس شهید چمران - تهران
1395,انسانی,6683,2508,منطقه 2,مدیریت صنعتی,دانشگاه بین المللی امام خمینی(ره) - قزوین
1395,انسانی,6693,1678,منطقه 3,دبیری زبان و ادبیات عربی - بومی چهارمحال وبختیاری,پردیس شهید باهنر - شیراز
1395,انسانی,6693,1678,منطقه 3,دبیری علوم اجتماعی - بومی استان سمنان,پردیس شهید بهشتی - مشهد
1395,انسانی,6693,2511,منطقه 2,زبان و ادبیات فارسی,دانشگاه تبریز
1395,انسانی,6693,2511,منطقه 2,مددکاری اجتماعی,دانشگاه علامه طباطبایی - تهران
1395,انسانی,6701,1682,منطقه 3,حقوق,دانشگاه کردستان - سنندج
1395,انسانی,6701,1682,منطقه 3,دبیری علوم اجتماعی - بومی استان خوزستان,پردیس فاطمه الزهرا (س) - اصفهان
1395,انسانی,6714,2520,منطقه 2,علوم تربیتی,دانشگاه اصفهان
1395,انسانی,6725,1689,منطقه 3,علوم تربیتی,دانشگاه بیرجند
1395,انسانی,6725,2313,منطقه 1,پژوهشگری اجتماعی,دانشگاه علامه طباطبایی - تهران
1395,انسانی,6733,1692,منطقه 3,حقوق,مجتمع آموزش عالی گناباد
1395,انسانی,6733,1692,منطقه 3,راهنمایی و مشاوره - بومی استان هرمزگان,پردیس خواجه نصیرالدین طوسی - کرمان
1395,انسانی,6739,1696,منطقه 3,آموزش زبان و ادبیات فارسی - بومی استان اذربایجان غربی,پردیس نسیبه - تهران
1395,انسانی,6745,2320,منطقه 1,مددکاری اجتماعی,دانشگاه علامه طباطبایی - تهران
1395,انسانی,6763,1705,منطقه 3,آموزش زبان و ادبیات فارسی - بومی استان کرمان,پردیس خواجه نصیرالدین طوسی - کرمان
1395,انسانی,6763,2535,منطقه 2,حسابداری,دانشگاه بوعلی سینا - همدان
1395,انسانی,6773,1710,منطقه 3,دبیری علوم اجتماعی - بومی استان کردستان,پردیس شهید باهنر - همدان
1395,انسانی,6784,199,ایثارگران,تاریخ,دانشگاه تهران
1395,انسانی,6784,1714,منطقه 3,مدیریت مالی,دانشگاه یزد
1395,انسانی,6784,2544,منطقه 2,دبیری الهیات و معارف اسلامی - بومی استان اصفهان,پردیس شهید باهنر - اصفهان
1395,انسانی,6784,2544,منطقه 2,روانشناسی,دانشگاه هرمزگان - بندرعباس
1395,انسانی,6784,2544,منطقه 2,مدیریت بازرگانی,دانشگاه حضرت معصومه (ع) - ویژه خواهران - قم
1395,انسانی,6794,1718,منطقه 3,آموزش ابتدایی - بومی استان کهگیلویه وبویراحمد,پردیس کوثر - یاسوج
1395,انسانی,6794,1718,منطقه 3,فقه و حقوق اسلامی,دانشگاه یزد
1395,انسانی,6800,2550,منطقه 2,آموزش ابتدایی - بومی استان اردبیل,پردیس علامه طباطبایی - اردبیل
1395,انسانی,6813,1725,منطقه 3,روانشناسی,دانشگاه رازی کرمانشاه
1395,انسانی,6813,2331,منطقه 1,علوم تربیتی,دانشگاه شیراز
1395,انسانی,6813,2557,منطقه 2,حقوق,دانشگاه بجنورد
1395,انسانی,6823,200,ایثارگران,آموزش ابتدایی - بومی استان یزد,پردیس فاطمه الزهرا (س) - یزد
1395,انسانی,6832,1731,منطقه 3,فقه و حقوق اسلامی,دانشگاه شهید مطهری
1395,انسانی,6839,201,ایثارگران,فلسفه,دانشگاه تهران
1395,انسانی,6839,2336,منطقه 1,راهنمایی و مشاوره - بومی استان خراسان رضوی,پردیس شهید بهشتی - مشهد
1395,انسانی,6839,2568,منطقه 2,مدیریت دولتی,دانشگاه اصفهان
1395,انسانی,6848,1736,منطقه 3,دبیری الهیات و معارف اسلامی - بومی استان سیستان وبلوچستان,پردیس شهید بهشتی - بندرعباس
1395,انسانی,6848,1736,منطقه 3,علوم تربیتی,دانشگاه اصفهان
1395,انسانی,6848,1736,منطقه 3,فقه و حقوق اسلامی,دانشگاه یزد
1395,انسانی,6848,2570,منطقه 2,حقوق,دانشگاه ملایر
1395,انسانی,6858,2573,منطقه 2,علوم سیاسی,دانشگاه بوعلی سینا - همدان
1395,انسانی,6858,2573,منطقه 2,فقه و حقوق اسلامی,دانشگاه گنبد
1395,انسانی,6865,2576,منطقه 2,حسابداری,دانشگاه گیلان - رشت
1395,انسانی,6871,1742,منطقه 3,کارشناسی ارشد پیوسته معارف اسلامی و حقوق,دانشگاه ولی عصر(عج) - رفسنجان
1395,انسانی,6871,2580,منطقه 2,علوم سیاسی,دانشگاه اصفهان
1395,انسانی,6878,1744,منطقه 3,آموزش زبان و ادبیات فارسی - بومی استان خراسان شمالی,پردیس دکتر شریعتی - ساری
1395,انسانی,6878,1744,منطقه 3,فقه و مبانی حقوق اسلامی,دانشگاه تهران (محل تحصیل قم)
1395,انسانی,6878,2584,منطقه 2,روزنامه نگاری,دانشگاه علامه طباطبایی - تهران
1395,انسانی,6887,1746,منطقه 3,دبیری زبان و ادبیات عربی - بومی استان کردستان,پردیس حضرت معصومه - قم
1395,انسانی,6887,2588,منطقه 2,حسابداری,دانشگاه ارومیه
1395,انسانی,6898,1749,منطقه 3,حسابداری,دانشگاه ارومیه
1395,انسانی,6898,1749,منطقه 3,روانشناسی,دانشگاه محقق اردبیلی - اردبیل
1395,انسانی,6898,1749,منطقه 3,مدیریت بازرگانی,دانشگاه مازندران - بابلسر
1395,انسانی,6898,2593,منطقه 2,تاریخ,دانشگاه تهران
1395,انسانی,6898,2593,منطقه 2,فقه و حقوق اسلامی,دانشگاه شهرکرد (محل تحصیل فارسان)
1395,انسانی,6913,1753,منطقه 3,روانشناسی,دانشگاه محقق اردبیلی - اردبیل
1395,انسانی,6913,2599,منطقه 2,زبان و ادبیات فارسی,دانشگاه مازندران - بابلسر
1395,انسانی,6913,2599,منطقه 2,فقه و حقوق اسلامی,دانشگاه شهید مدنی آذربایجان - تبریز
1395,انسانی,6918,1754,منطقه 3,روانشناسی,دانشگاه شهید چمران اهواز
1395,انسانی,6922,2603,منطقه 2,علوم اقتصادی,دانشگاه خوارزمی تهران
1395,انسانی,6926,1755,منطقه 3,آموزش زبان و ادبیات فارسی - بومی استان خراسان رضوی,پردیس شهید بهشتی - مشهد
1395,انسانی,6926,2363,منطقه 1,فلسفه,دانشگاه شهید بهشتی - تهران
1395,انسانی,6931,1758,منطقه 3,دبیری زبان و ادبیات عربی - بومی استان تهران,پردیس شهید مفتح - شهرری
1395,انسانی,6938,2606,منطقه 2,حقوق,دانشگاه حضرت معصومه (ع) - ویژه خواهران - قم
1395,انسانی,6945,1764,منطقه 3,آموزش زبان و ادبیات فارسی - بومی استان خراسان شمالی,پردیس دکتر شریعتی - ساری
1395,انسانی,6945,2608,منطقه 2,حقوق,دانشگاه حضرت معصومه (ع) - ویژه خواهران - قم
1395,انسانی,6945,2608,منطقه 2,پژوهشگری اجتماعی,دانشگاه خوارزمی - تهران (محل تحصیل کرج)
1395,انسانی,6953,1766,منطقه 3,مدیریت مالی,دانشگاه تهران (محل تحصیل قم)
1395,انسانی,6953,1766,منطقه 3,مدیریت مالی,دانشگاه یزد
1395,انسانی,6953,2612,منطقه 2,حسابداری,دانشگاه مازندران - بابلسر
1395,انسانی,6953,2612,منطقه 2,روانشناسی,دانشگاه ملایر
1395,انسانی,6953,2612,منطقه 2,فقه و حقوق اسلامی,دانشگاه آیت اله حایری - میبد
1395,انسانی,6959,1769,منطقه 3,علوم تربیتی,دانشگاه شهید بهشتی - تهران
1395,انسانی,6965,1772,منطقه 3,آموزش زبان و ادبیات فارسی - بومی استان البرز,پردیس حکیم ابوالقاسم فردوسی - کرج
1395,انسانی,6974,1776,منطقه 3,حقوق,دانشگاه بجنورد
1395,انسانی,6974,2617,منطقه 2,فلسفه,دانشگاه بین المللی امام خمینی(ره) - قزوین
1395,انسانی,6982,2621,منطقه 2,فقه و حقوق اسلامی,دانشگاه آیت اله حایری - میبد
1395,انسانی,6987,2622,منطقه 2,آموزش ابتدایی - بومی استان خوزستان,پردیس فاطمه الزهرا (س) - اهواز
1395,انسانی,6997,1783,منطقه 3,علوم تربیتی,دانشگاه مازندران - بابلسر
1395,انسانی,6997,2384,منطقه 1,روانشناسی,دانشگاه خلیج فارس - بوشهر
1395,انسانی,6997,2625,منطقه 2,فقه و حقوق اسلامی,دانشگاه حضرت معصومه (ع) - ویژه خواهران - قم
1395,انسانی,7003,2386,منطقه 1,علوم تربیتی,دانشگاه شاهد - تهران
1395,انسانی,7009,1788,منطقه 3,دبیری زبان و ادبیات عربی - بومی استان سیستان وبلوچستان,پردیس رسالت - زاهدان
1395,انسانی,7014,2630,منطقه 2,پژوهشگری اجتماعی,دانشگاه اصفهان
1395,انسانی,7022,1795,منطقه 3,حسابداری,دانشگاه ارومیه
1395,انسانی,7022,2632,منطقه 2,مدیریت بازرگانی,دانشگاه شهید چمران اهواز
1395,انسانی,7034,1798,منطقه 3,روانشناسی,دانشگاه شهید چمران اهواز
1395,انسانی,7034,1798,منطقه 3,روانشناسی,دانشگاه یاسوج
1395,انسانی,7034,2636,منطقه 2,مدیریت صنعتی,دانشگاه بین المللی امام خمینی(ره) - قزوین
1395,انسانی,7046,1803,منطقه 3,آموزش ابتدایی - بومی استان خوزستان,پردیس علامه طباطبایی - خرم آباد
1395,انسانی,7046,1803,منطقه 3,حقوق,دانشگاه مراغه
1395,انسانی,7054,1807,منطقه 3,دبیری الهیات و معارف اسلامی - بومی استان تهران,پردیس زینبیه - پیشوا (ورامین)
1395,انسانی,7054,2644,منطقه 2,آموزش ابتدایی - بومی استان مرکزی,پردیس زینب کبری (س) - اراک
1395,انسانی,7061,1810,منطقه 3,دبیری علوم اجتماعی - بومی استان سیستان وبلوچستان,پردیس فاطمه الزهرا (س) - اصفهان
1395,انسانی,7061,2647,منطقه 2,فقه و حقوق اسلامی,دانشگاه ارومیه
1395,انسانی,7068,1813,منطقه 3,علوم سیاسی,دانشگاه شهید باهنر - کرمان
1395,انسانی,7068,2400,منطقه 1,زبان و ادبیات عربی,دانشگاه اصفهان
1395,انسانی,7076,1816,منطقه 3,دبیری علوم اجتماعی - بومی استان سیستان وبلوچستان,پردیس فاطمه الزهرا (س) - اصفهان
1395,انسانی,7076,2652,منطقه 2,زبان و ادبیات عربی,دانشگاه شهید بهشتی - تهران
1395,انسانی,7076,2652,منطقه 2,مدیریت بازرگانی,دانشگاه کاشان
1395,انسانی,7083,2405,منطقه 1,پژوهشگری اجتماعی,دانشگاه شیراز
1395,انسانی,7083,2655,منطقه 2,آموزش ابتدایی - بومی استان البرز,پردیس امیر کبیر - کرج
1395,انسانی,7099,1823,منطقه 3,آموزش ابتدایی - بومی استان سیستان وبلوچستان,پردیس رسالت - زاهدان
1395,انسانی,7099,1823,منطقه 3,حقوق,دانشگاه ملایر
1395,انسانی,7106,2664,منطقه 2,فقه و مبانی حقوق اسلامی,دانشگاه قم
1395,انسانی,7114,2667,منطقه 2,حسابداری,دانشگاه حضرت معصومه (ع) - ویژه خواهران - قم
1395,انسانی,7114,2667,منطقه 2,حسابداری,دانشگاه مازندران - بابلسر
1395,انسانی,7114,2667,منطقه 2,روانشناسی,دانشگاه اردکان
1395,انسانی,7122,1832,منطقه 3,علوم تربیتی,دانشگاه بیرجند
1395,انسانی,7129,1835,منطقه 3,آموزش جغرافیا - بومی استان خراسان شمالی,پردیس حکیم ابوالقاسم فردوسی - کرج
1395,انسانی,7129,1835,منطقه 3,فقه و مبانی حقوق اسلامی,دانشگاه قم
1395,انسانی,7135,1837,منطقه 3,آموزش ابتدایی - بومی استان کرمان,پردیس خواجه نصیرالدین طوسی - کرمان
1395,انسانی,7144,2681,منطقه 2,دبیری علوم اجتماعی - بومی استان اصفهان,پردیس شهید باهنر - اصفهان
1395,انسانی,7144,2681,منطقه 2,روانشناسی,دانشگاه کردستان - سنندج
1395,انسانی,7144,2681,منطقه 2,فقه و حقوق اسلامی,دانشگاه گنبد
1395,انسانی,7155,1844,منطقه 3,آموزش زبان و ادبیات فارسی - بومی استان کردستان,پردیس نسیبه - تهران
1395,انسانی,7155,1844,منطقه 3,روانشناسی,دانشگاه کردستان - سنندج
1395,انسانی,7155,2685,منطقه 2,پژوهشگری اجتماعی,دانشگاه کاشان
1395,انسانی,7171,1852,منطقه 3,فقه و حقوق اسلامی,دانشگاه یزد
1395,انسانی,7171,1852,منطقه 3,کارشناسی ارشد پیوسته معارف اسلامی و حقوق,دانشگاه ولی عصر(عج) - رفسنجان
1395,انسانی,7187,1856,منطقه 3,آموزش زبان و ادبیات فارسی - بومی استان گلستان,پردیس نسیبه - تهران
1395,انسانی,7192,1857,منطقه 3,حقوق,دانشگاه گیلان - رشت
1395,انسانی,7200,2699,منطقه 2,حقوق,دانشگاه حضرت معصومه (ع) - ویژه خواهران - قم
1395,انسانی,7205,2701,منطقه 2,زبان و ادبیات فارسی,دانشگاه یزد
1395,انسانی,7211,1863,منطقه 3,فقه و حقوق اسلامی,دانشگاه شهید مطهری
1395,انسانی,7211,2437,منطقه 1,زبان شناسی,دانشگاه اصفهان
1395,انسانی,7223,1869,منطقه 3,آموزش ابتدایی - بومی استان گلستان,پردیس امام خمینی - گرگان
1395,انسانی,7223,1869,منطقه 3,روانشناسی,دانشگاه سیستان و بلوچستان - زاهدان
1395,انسانی,7223,1869,منطقه 3,روانشناسی,دانشگاه کردستان - سنندج
1395,انسانی,7232,2443,منطقه 1,حسابداری,دانشگاه فردوسی - مشهد
1395,انسانی,7232,2708,منطقه 2,دبیری زبان و ادبیات عربی - بومی استان لرستان,پردیس فاطمه الزهرا (س) - اهواز
1395,انسانی,7239,1877,منطقه 3,آموزش ابتدایی - بومی استان سیستان وبلوچستان,پردیس شهید مطهری - زاهدان
1395,انسانی,7239,1877,منطقه 3,آموزش زبان و ادبیات فارسی - بومی استان کهگیلویه وبویراحمد,پردیس شهید باهنر - شیراز
1395,انسانی,7246,1881,منطقه 3,مدیریت صنعتی,دانشگاه فردوسی - مشهد
1395,انسانی,7246,2713,منطقه 2,آموزش زبان و ادبیات فارسی - بومی استان لرستان,پردیس حضرت رسول اکرم - اهواز
1395,انسانی,7246,2713,منطقه 2,مدیریت دولتی,دانشگاه تهران (محل تحصیل قم)
1395,انسانی,7252,1884,منطقه 3,علوم تربیتی,دانشگاه یزد
1395,انسانی,7252,2715,منطقه 2,روابط عمومی,دانشگاه علامه طباطبایی - تهران
1395,انسانی,7252,2715,منطقه 2,فقه و مبانی حقوق اسلامی,دانشگاه شهید باهنر - کرمان
1395,انسانی,7256,1886,منطقه 3,علوم تربیتی,دانشگاه علامه طباطبایی - تهران
1395,انسانی,7256,1886,منطقه 3,مدیریت بازرگانی,دانشگاه کاشان
1395,انسانی,7264,2448,منطقه 1,جغرافیا,دانشگاه فردوسی - مشهد
1395,انسانی,7264,2448,منطقه 1,زبان و ادبیات فارسی,دانشگاه جیرفت
1395,انسانی,7264,2720,منطقه 2,دبیری زبان و ادبیات عربی - بومی استان خراسان جنوبی,پردیس شهید مطهری - زاهدان
1395,انسانی,7277,207,ایثارگران,حقوق,دانشگاه اصفهان
1395,انسانی,7277,1893,منطقه 3,مدیریت بازرگانی,دانشگاه الزهرا(س) - تهران
1395,انسانی,7277,2724,منطقه 2,آموزش ابتدایی - بومی استان لرستان,پردیس آیت اله کمال وند - خرم آباد
1395,انسانی,7277,2724,منطقه 2,علوم اقتصادی,دانشگاه مازندران - بابلسر
1395,انسانی,7287,1896,منطقه 3,آموزش کودکان استثنایی - بومی استان کرمان,پردیس شهید باهنر - اصفهان
1395,انسانی,7287,2730,منطقه 2,روانشناسی,دانشگاه یاسوج
1395,انسانی,7295,1898,منطقه 3,علوم تربیتی,دانشگاه مازندران - بابلسر
1395,انسانی,7302,2738,منطقه 2,حقوق,مجتمع آموزش عالی گناباد
1395,انسانی,7302,2738,منطقه 2,روانشناسی,دانشگاه مراغه
1395,انسانی,7310,208,ایثارگران,راهنمایی و مشاوره - بومی استان یزد,پردیس شهید باهنر - شیراز
1395,انسانی,7310,1901,منطقه 3,آموزش ابتدایی - بومی استان گلستان,پردیس امام خمینی - گرگان
1395,انسانی,7310,2458,منطقه 1,روانشناسی,دانشگاه گیلان - رشت
1395,انسانی,7310,2741,منطقه 2,دبیری الهیات و معارف اسلامی - بومی استان سمنان,پردیس آیت الله خامنه ای - گرگان
1395,انسانی,7310,2741,منطقه 2,فقه و مبانی حقوق اسلامی,دانشگاه حکیم سبزواری - سبزوار
1395,انسانی,7319,2745,منطقه 2,حقوق,دانشگاه بجنورد
1395,انسانی,7330,1909,منطقه 3,روانشناسی,دانشگاه شهید چمران اهواز
1395,انسانی,7330,2749,منطقه 2,مدیریت بازرگانی,دانشگاه مازندران - بابلسر
1395,انسانی,7339,2752,منطقه 2,آموزش ابتدایی - بومی استان کرمان,پردیس خواجه نصیرالدین طوسی - کرمان
1395,انسانی,7345,1914,منطقه 3,مطالعات ارتباطی و فناوری اطلاعات,دانشگاه علامه طباطبایی - تهران
1395,انسانی,7345,2755,منطقه 2,زبان و ادبیات فارسی,دانشگاه فردوسی - مشهد
1395,انسانی,7349,2757,منطقه 2,روانشناسی,دانشگاه محقق اردبیلی - اردبیل
1395,انسانی,7356,209,ایثارگران,حقوق,دانشگاه الزهرا(س) - تهران
1395,انسانی,7372,210,ایثارگران,حقوق,دانشگاه مازندران - بابلسر
1395,انسانی,7372,2766,منطقه 2,روانشناسی,دانشگاه ارومیه
1395,انسانی,7372,2766,منطقه 2,مدیریت بازرگانی,دانشگاه سمنان
1395,انسانی,7382,1925,منطقه 3,آموزش ابتدایی - بومی استان اذربایجان شرقی,پردیس علامه امینی - تبریز
1395,انسانی,7391,1928,منطقه 3,روانشناسی,دانشگاه گیلان - رشت
1395,انسانی,7400,1930,منطقه 3,حقوق,دانشگاه مراغه
1395,انسانی,7400,2777,منطقه 2,آموزش ابتدایی - بومی استان لرستان,پردیس آیت اله کمال وند - خرم آباد
1395,انسانی,7400,2777,منطقه 2,حقوق,دانشگاه ملایر
1395,انسانی,7406,212,ایثارگران,روانشناسی,دانشگاه فردوسی - مشهد
1395,انسانی,7420,1934,منطقه 3,مدیریت بازرگانی,دانشگاه گیلان - رشت
1395,انسانی,7420,2484,منطقه 1,علوم سیاسی,دانشگاه شاهد - تهران
1395,انسانی,7432,1936,منطقه 3,حقوق,دانشگاه بجنورد
1395,انسانی,7432,2487,منطقه 1,زبان و ادبیات عربی,دانشگاه فردوسی - مشهد
1395,انسانی,7442,1939,منطقه 3,حقوق,مجتمع آموزش عالی گناباد
1395,انسانی,7442,1939,منطقه 3,دبیری الهیات و معارف اسلامی - بومی استان گلستان,پردیس آیت الله خامنه ای - گرگان
1395,انسانی,7442,2800,منطقه 2,حقوق,دانشگاه حضرت معصومه (ع) - ویژه خواهران - قم
1395,انسانی,7447,2803,منطقه 2,فقه و مبانی حقوق اسلامی,دانشگاه قم
1395,انسانی,7447,2803,منطقه 2,مدیریت صنعتی,دانشگاه یزد
1395,انسانی,7454,2805,منطقه 2,علوم اقتصادی,دانشگاه مازندران - بابلسر
1395,انسانی,7462,1945,منطقه 3,روانشناسی,دانشگاه کردستان - سنندج
1395,انسانی,7462,2808,منطقه 2,دبیری علوم اجتماعی - بومی استان اصفهان,پردیس شهید باهنر - اصفهان
1395,انسانی,7471,2496,منطقه 1,علوم تربیتی,دانشگاه تبریز
1395,انسانی,7471,2812,منطقه 2,آموزش کودکان استثنایی - بومی استان گیلان,پردیس شهید چمران - تهران
1395,انسانی,7471,2812,منطقه 2,علوم اقتصادی,دانشگاه علامه طباطبایی - تهران
1395,انسانی,7471,2812,منطقه 2,علوم تربیتی,دانشگاه گیلان - رشت
1395,انسانی,7479,1951,منطقه 3,دبیری تاریخ - بومی استان اردبیل,پردیس آیت اله کمال وند - خرم آباد
1395,انسانی,7479,1951,منطقه 3,مدیریت صنعتی,دانشگاه بین المللی امام خمینی(ره) - قزوین
1395,انسانی,7479,2815,منطقه 2,پژوهشگری اجتماعی,دانشگاه کاشان
1395,انسانی,7497,2821,منطقه 2,روانشناسی,دانشگاه بجنورد
1395,انسانی,7503,1960,منطقه 3,روانشناسی,دانشگاه سیستان و بلوچستان - زاهدان
1395,انسانی,7508,1963,منطقه 3,آموزش ابتدایی - بومی استان اردبیل,پردیس علامه طباطبایی - اردبیل
1395,انسانی,7508,2507,منطقه 1,مدیریت صنعتی,دانشگاه بین المللی امام خمینی(ره) - قزوین
1395,انسانی,7514,1967,منطقه 3,آموزش ابتدایی - بومی استان تهران,پردیس زینبیه - پیشوا (ورامین)
1395,انسانی,7514,1967,منطقه 3,دبیری الهیات و معارف اسلامی - بومی استان یزد,پردیس شهید بهشتی - بندرعباس
1395,انسانی,7521,1971,منطقه 3,آموزش ابتدایی - بومی استان همدان,پردیس شهید مقصودی - همدان
1395,انسانی,7521,1971,منطقه 3,آموزش جغرافیا - بومی استان گلستان,پردیس حکیم ابوالقاسم فردوسی - کرج
1395,انسانی,7521,2827,منطقه 2,آموزش زبان و ادبیات فارسی - بومی استان همدان,پردیس شهید مقصودی - همدان
1395,انسانی,7529,2831,منطقه 2,علوم اقتصادی,دانشگاه تبریز
1395,انسانی,7529,2831,منطقه 2,فقه و حقوق اسلامی,دانشگاه شهید باهنر - کرمان
1395,انسانی,7538,1976,منطقه 3,روانشناسی,دانشگاه غیرانتفاعی علم و فرهنگ - تهران
1395,انسانی,7538,2513,منطقه 1,روانشناسی,دانشگاه مازندران - بابلسر
1395,انسانی,7545,1979,منطقه 3,دبیری علوم اجتماعی - بومی استان گلستان,پردیس شهید باهنر - همدان
1395,انسانی,7545,1979,منطقه 3,مدیریت دولتی,دانشگاه علامه طباطبایی - تهران
1395,انسانی,7545,2836,منطقه 2,آموزش ابتدایی - بومی استان مرکزی,پردیس شهید باهنر - اراک
1395,انسانی,7563,2840,منطقه 2,علوم تربیتی,دانشگاه شیراز
1395,انسانی,7563,2840,منطقه 2,مدیریت بازرگانی,دانشگاه حضرت معصومه (ع) - ویژه خواهران - قم
1395,انسانی,7572,1986,منطقه 3,دبیری علوم اجتماعی - بومی استان خوزستان,پردیس فاطمه الزهرا (س) - اصفهان
1395,انسانی,7572,1986,منطقه 3,زبان و ادبیات عربی,دانشگاه تهران
1395,انسانی,7572,2528,منطقه 1,حسابداری,دانشگاه خلیج فارس - بوشهر
1395,انسانی,7572,2528,منطقه 1,روانشناسی,دانشگاه ملایر
1395,انسانی,7572,2843,منطقه 2,حقوق,دانشگاه لرستان - خرم آباد
1395,انسانی,7580,1990,منطقه 3,حسابداری,دانشگاه علامه طباطبایی - تهران
1395,انسانی,7588,1995,منطقه 3,آموزش ابتدایی - بومی استان کهگیلویه وبویراحمد,پردیس کوثر - یاسوج
1395,انسانی,7588,1995,منطقه 3,حسابداری,دانشگاه مازندران - بابلسر
1395,انسانی,7588,1995,منطقه 3,فقه و مبانی حقوق اسلامی,دانشگاه قم
1395,انسانی,7588,2847,منطقه 2,روانشناسی,دانشگاه سیستان و بلوچستان - زاهدان
1395,انسانی,7613,2007,منطقه 3,آموزش ابتدایی - بومی استان لرستان,پردیس شهید باهنر - همدان
1395,انسانی,7613,2856,منطقه 2,مدیریت صنعتی,دانشگاه یزد
1395,انسانی,7621,2010,منطقه 3,آموزش ابتدایی - بومی استان لرستان,پردیس آیت اله کمال وند - خرم آباد
1395,انسانی,7621,2858,منطقه 2,حسابداری,دانشگاه مازندران - بابلسر
1395,انسانی,7630,2014,منطقه 3,آموزش ابتدایی - بومی استان البرز,پردیس امیر کبیر - کرج
1395,انسانی,7630,2014,منطقه 3,آموزش ابتدایی - بومی استان گلستان,پردیس امام خمینی - گرگان
1395,انسانی,7630,2014,منطقه 3,حسابداری,دانشگاه کردستان - سنندج
1395,انسانی,7630,2539,منطقه 1,حقوق,دانشگاه غیرانتفاعی شمال - آمل
1395,انسانی,7639,2019,منطقه 3,فقه و مبانی حقوق اسلامی,دانشگاه تهران (محل تحصیل قم)
1395,انسانی,7652,2544,منطقه 1,فقه و حقوق اسلامی,دانشگاه شهید مدنی آذربایجان - تبریز
1395,انسانی,7668,2027,منطقه 3,آموزش ابتدایی - بومی استان سیستان وبلوچستان,پردیس شهید مطهری - زاهدان
1395,انسانی,7668,2027,منطقه 3,علوم تربیتی,دانشگاه علامه طباطبایی - تهران
1395,انسانی,7668,2550,منطقه 1,حقوق,دانشگاه پیام نور آذربایجان شرقی - مرکز تبریز
1395,انسانی,7668,2550,منطقه 1,روانشناسی,دانشگاه غیرانتفاعی خیام - مشهد
1395,انسانی,7668,2874,منطقه 2,باستانشناسی,دانشگاه تهران
1395,انسانی,7668,2874,منطقه 2,حقوق,مجتمع آموزش عالی گناباد
1395,انسانی,7675,2029,منطقه 3,دبیری زبان و ادبیات عربی - بومی استان سیستان وبلوچستان,پردیس شهید مطهری - زاهدان
1395,انسانی,7675,2552,منطقه 1,زبان و ادبیات فارسی,دانشگاه اصفهان
1395,انسانی,7675,2876,منطقه 2,علوم قرآن و حدیث,دانشگاه تهران
1395,انسانی,7687,2032,منطقه 3,راهنمایی و مشاوره - بومی استان اذربایجان غربی,پردیس شهید صدوقی - کرمانشاه
1395,انسانی,7687,2883,منطقه 2,آموزش ابتدایی - بومی استان سیستان وبلوچستان,پردیس رسالت - زاهدان
1395,انسانی,7687,2883,منطقه 2,حسابداری,دانشگاه کردستان - سنندج
1395,انسانی,7693,2035,منطقه 3,آموزش ابتدایی - بومی چهارمحال وبختیاری,پردیس بحرالعلوم - شهرکرد
1395,انسانی,7693,2035,منطقه 3,حقوق,دانشگاه زابل
1395,انسانی,7693,2035,منطقه 3,روانشناسی,دانشگاه محقق اردبیلی - اردبیل
1395,انسانی,7698,2038,منطقه 3,دبیری الهیات و معارف اسلامی - بومی استان اصفهان,پردیس شهید باهنر - اصفهان
1395,انسانی,7698,2886,منطقه 2,فقه و حقوق اسلامی,دانشگاه حضرت معصومه (ع) - ویژه خواهران - قم
1395,انسانی,7704,2041,منطقه 3,آموزش زبان و ادبیات فارسی - بومی استان کرمان,پردیس خواجه نصیرالدین طوسی - کرمان
1395,انسانی,7704,2041,منطقه 3,دبیری الهیات و معارف اسلامی - بومی استان کرمان,پردیس حضرت معصومه - قم
1395,انسانی,7711,2044,منطقه 3,آموزش زبان و ادبیات فارسی - بومی استان سیستان وبلوچستان,پردیس خواجه نصیرالدین طوسی - کرمان
1395,انسانی,7711,2889,منطقه 2,مدیریت مالی,دانشگاه آیت اله حایری - میبد
1395,انسانی,7716,2891,منطقه 2,فقه و مبانی حقوق اسلامی,دانشگاه بوعلی سینا - همدان
1395,انسانی,7744,2060,منطقه 3,آموزش ابتدایی - بومی استان خراسان رضوی,پردیس شهید بهشتی - مشهد
1395,انسانی,7754,2064,منطقه 3,راهنمایی و مشاوره - بومی استان فارس,پردیس شهید رجایی - شیراز
1395,انسانی,7754,2901,منطقه 2,حسابداری,دانشگاه سمنان
1395,انسانی,7764,2068,منطقه 3,حقوق,دانشگاه شهرکرد
1395,انسانی,7764,2068,منطقه 3,مدیریت بازرگانی,دانشگاه گیلان - رشت
1395,انسانی,7770,2910,منطقه 2,آموزش ابتدایی - بومی استان اذربایجان شرقی,پردیس علامه امینی - تبریز
1395,انسانی,7770,2910,منطقه 2,روانشناسی,دانشگاه شهید باهنر - کرمان
1395,انسانی,7776,2572,منطقه 1,علوم تربیتی,دانشگاه خوارزمی - تهران (محل تحصیل کرج)
1395,انسانی,7776,2913,منطقه 2,مدیریت بازرگانی,دانشگاه گیلان - رشت
1395,انسانی,7784,2917,منطقه 2,علوم سیاسی,دانشگاه یزد
1395,انسانی,7791,2921,منطقه 2,حسابداری,دانشگاه بوعلی سینا - همدان
1395,انسانی,7802,219,ایثارگران,آموزش ابتدایی - بومی استان خراسان رضوی,پردیس شهید هاشمی نژاد - مشهد
1395,انسانی,7802,2080,منطقه 3,روانشناسی,دانشگاه شهید باهنر - کرمان
1395,انسانی,7802,2080,منطقه 3,علوم تربیتی,دانشگاه فردوسی - مشهد
1395,انسانی,7802,2926,منطقه 2,روانشناسی,دانشگاه زنجان
1395,انسانی,7814,2084,منطقه 3,روانشناسی,دانشگاه ارومیه
1395,انسانی,7814,2932,منطقه 2,فقه و مبانی حقوق اسلامی,دانشگاه قم
1395,انسانی,7822,2579,منطقه 1,حقوق,دانشگاه پیام نور خراسان رضوی - مرکز مشهد
1395,انسانی,7822,2937,منطقه 2,روانشناسی,دانشگاه یزد - مهریز
1395,انسانی,7835,2944,منطقه 2,زبان و ادبیات فارسی,دانشگاه شهید بهشتی - تهران
1395,انسانی,7843,2091,منطقه 3,روانشناسی,دانشگاه لرستان - خرم آباد
1395,انسانی,7843,2584,منطقه 1,روانشناسی,دانشگاه اراک
1395,انسانی,7851,2093,منطقه 3,حسابداری,دانشگاه بین المللی امام خمینی(ره) - قزوین
1395,انسانی,7851,2093,منطقه 3,روانشناسی,دانشگاه زنجان
1395,انسانی,7851,2950,منطقه 2,علوم تربیتی,دانشگاه بوعلی سینا - همدان
1395,انسانی,7851,2950,منطقه 2,مدیریت بازرگانی,دانشگاه گیلان - رشت
1395,انسانی,7860,2591,منطقه 1,حقوق - نیمسال دوم,دانشگاه غیرانتفاعی امام رضا(ع) - مشهد
1395,انسانی,7860,2591,منطقه 1,فقه و مبانی حقوق اسلامی,دانشگاه قم
1395,انسانی,7860,2953,منطقه 2,علم اطلاعات و دانش شناسی,دانشگاه الزهرا(س) - تهران
1395,انسانی,7867,2594,منطقه 1,روانشناسی,مرکز آموزش عالی اقلید
1395,انسانی,7867,2957,منطقه 2,حقوق,دانشگاه تبریز
1395,انسانی,7867,2957,منطقه 2,روانشناسی,دانشگاه هرمزگان - بندرعباس
1395,انسانی,7883,2968,منطقه 2,فلسفه,دانشگاه شهید بهشتی - تهران
1395,انسانی,7890,2101,منطقه 3,روانشناسی,دانشگاه ملایر
1395,انسانی,7890,2101,منطقه 3,مدیریت بازرگانی,دانشگاه شهید باهنر - کرمان
1395,انسانی,7898,220,ایثارگران,حقوق,دانشگاه بوعلی سینا - همدان
1395,انسانی,7898,2974,منطقه 2,روانشناسی,دانشگاه شهید چمران اهواز
1395,انسانی,7915,2983,منطقه 2,حقوق,دانشگاه لرستان - خرم آباد
1395,انسانی,7925,2110,منطقه 3,دبیری علوم اجتماعی - بومی استان گیلان,پردیس شهید باهنر - همدان
1395,انسانی,7925,2110,منطقه 3,علوم اقتصادی,دانشگاه فردوسی - مشهد
1395,انسانی,7925,2987,منطقه 2,فقه و مبانی حقوق اسلامی,دانشگاه قم
1395,انسانی,7934,2991,منطقه 2,علوم تربیتی,دانشگاه ارومیه
1395,انسانی,7942,2115,منطقه 3,راهنمایی و مشاوره - بومی استان فارس,پردیس شهید باهنر - شیراز
1395,انسانی,7942,2995,منطقه 2,دبیری الهیات و معارف اسلامی - بومی استان خوزستان,پردیس حضرت رسول اکرم - اهواز
1395,انسانی,7942,2995,منطقه 2,علوم تربیتی,دانشگاه گیلان - رشت
1395,انسانی,7964,2123,منطقه 3,علوم تربیتی,دانشگاه علامه طباطبایی - تهران
1395,انسانی,7972,2126,منطقه 3,حسابداری,دانشگاه گنبد
1395,انسانی,7972,2126,منطقه 3,مدیریت بیمه,دانشگاه گنبد (محل تحصیل آزادشهر)
1395,انسانی,7980,3014,منطقه 2,فقه و حقوق اسلامی,دانشگاه آیت اله حایری - میبد
1395,انسانی,7989,2617,منطقه 1,مددکاری اجتماعی,دانشگاه علامه طباطبایی - تهران
1395,انسانی,7989,3018,منطقه 2,حقوق,دانشگاه ملایر
1395,انسانی,7996,3021,منطقه 2,حسابداری,دانشگاه حضرت معصومه (ع) - ویژه خواهران - قم
1395,انسانی,8000,2134,منطقه 3,علوم تربیتی,دانشگاه علامه طباطبایی - تهران
1395,انسانی,8000,3023,منطقه 2,مدیریت بازرگانی,دانشگاه هرمزگان - بندرعباس
1395,انسانی,8006,2138,منطقه 3,آموزش ابتدایی - بومی استان اردبیل,پردیس بنت الهدی صدر - اردبیل
1395,انسانی,8006,2138,منطقه 3,آموزش زبان و ادبیات فارسی - بومی استان گلستان,پردیس دکتر شریعتی - ساری
1395,انسانی,8006,2138,منطقه 3,روانشناسی,دانشگاه شهید چمران اهواز
1395,انسانی,8035,2150,منطقه 3,علوم تربیتی,دانشگاه بیرجند
1395,انسانی,8041,2153,منطقه 3,دبیری الهیات و معارف اسلامی - بومی استان گلستان,پردیس آیت الله خامنه ای - گرگان
1395,انسانی,8041,2153,منطقه 3,روانشناسی,دانشگاه سلمان فارسی - کازرون
1395,انسانی,8049,2156,منطقه 3,حقوق,دانشگاه آیت الله بروجردی - بروجرد
1395,انسانی,8049,3040,منطقه 2,حسابداری,دانشگاه گنبد
1395,انسانی,8049,3040,منطقه 2,روانشناسی,دانشگاه بیرجند
1395,انسانی,8059,2631,منطقه 1,حقوق,دانشگاه آیت الله بروجردی - بروجرد
1395,انسانی,8059,3044,منطقه 2,فقه و حقوق اسلامی,دانشگاه حضرت معصومه (ع) - ویژه خواهران - قم
1395,انسانی,8066,2634,منطقه 1,حقوق,دانشگاه پیام نور فارس - مرکز شیراز
1395,انسانی,8072,2163,منطقه 3,آموزش ابتدایی - بومی استان خوزستان,پردیس شهید مدرس - ایلام
1395,انسانی,8072,2163,منطقه 3,حسابداری,دانشگاه مازندران - بابلسر
1395,انسانی,8072,2163,منطقه 3,فقه و حقوق اسلامی,دانشگاه شهید باهنر - کرمان
1395,انسانی,8072,3049,منطقه 2,آموزش ابتدایی - بومی استان مرکزی,پردیس زینب کبری (س) - اراک
1395,انسانی,8080,2167,منطقه 3,روانشناسی,دانشگاه خلیج فارس - بوشهر
1395,انسانی,8080,3051,منطقه 2,روانشناسی,دانشگاه ارومیه
1395,انسانی,8089,2172,منطقه 3,علوم اقتصادی,دانشگاه تبریز
1395,انسانی,8098,3055,منطقه 2,حقوق,دانشگاه رازی کرمانشاه
1395,انسانی,8098,3055,منطقه 2,زبان و ادبیات عربی,دانشگاه تهران
1395,انسانی,8098,3055,منطقه 2,علوم تربیتی,دانشگاه مازندران - بابلسر
1395,انسانی,8105,3059,منطقه 2,روانشناسی,دانشگاه یاسوج
1395,انسانی,8129,226,ایثارگران,حقوق,دانشگاه گیلان - رشت
1395,انسانی,8129,2650,منطقه 1,حسابداری,دانشگاه غیرانتفاعی علم و فرهنگ - تهران
1395,انسانی,8129,2650,منطقه 1,زبان و ادبیات فارسی,دانشگاه خوارزمی - تهران (محل تحصیل کرج)
1395,انسانی,8129,3070,منطقه 2,علوم اقتصادی,دانشگاه خوارزمی تهران
1395,انسانی,8137,3074,منطقه 2,علوم تربیتی,دانشگاه خوارزمی - تهران (محل تحصیل کرج)
1395,انسانی,8145,2187,منطقه 3,آموزش ابتدایی - بومی استان مازندران,پردیس دکتر شریعتی - ساری
1395,انسانی,8145,2187,منطقه 3,روانشناسی,دانشگاه لرستان - خرم آباد (محل تحصیل نورآباددلفان)
1395,انسانی,8145,3078,منطقه 2,علوم تربیتی,دانشگاه شیراز
1395,انسانی,8168,227,ایثارگران,روانشناسی,دانشگاه اصفهان
1395,انسانی,8168,2198,منطقه 3,فقه و مبانی حقوق اسلامی,دانشگاه فردوسی - مشهد
1395,انسانی,8177,2203,منطقه 3,دبیری علوم اجتماعی - بومی استان چهارمحال وبختیاری,پردیس شهید باهنر - اصفهان
1395,انسانی,8187,3095,منطقه 2,تاریخ,دانشگاه شهید باهنر - کرمان
1395,انسانی,8187,3095,منطقه 2,روانشناسی,دانشگاه بیرجند
1395,انسانی,8196,2209,منطقه 3,آموزش ابتدایی - بومی استان کرمان,پردیس خواجه نصیرالدین طوسی - کرمان
1395,انسانی,8196,2209,منطقه 3,دبیری الهیات و معارف اسلامی - بومی استان تهران,پردیس شهید مفتح - شهرری
1395,انسانی,8196,3100,منطقه 2,حسابداری,دانشگاه حضرت معصومه (ع) - ویژه خواهران - قم
1395,انسانی,8196,3100,منطقه 2,روانشناسی,دانشگاه بجنورد
1395,انسانی,8196,3100,منطقه 2,فقه و مبانی حقوق اسلامی,دانشگاه قم
1395,انسانی,8204,2212,منطقه 3,علوم تربیتی,دانشگاه تبریز
1395,انسانی,8204,2658,منطقه 1,زبان و ادبیات عربی,دانشگاه اصفهان
1395,انسانی,8209,2214,منطقه 3,آموزش ابتدایی - بومی استان کرمانشاه,پردیس شهید ایزد پناه - یاسوج
1395,انسانی,8216,2217,منطقه 3,آموزش ابتدایی - بومی استان کهگیلویه وبویراحمد,پردیس کوثر - یاسوج
1395,انسانی,8216,3110,منطقه 2,مدیریت صنعتی,دانشگاه اصفهان
1395,انسانی,8225,3114,منطقه 2,روانشناسی,دانشگاه بیرجند
1395,انسانی,8239,2226,منطقه 3,حقوق,دانشگاه کردستان - سنندج
1395,انسانی,8239,2226,منطقه 3,دبیری زبان و ادبیات عربی - بومی استان لرستان,پردیس فاطمه الزهرا (س) - اهواز
1395,انسانی,8239,3118,منطقه 2,علوم اقتصادی,دانشگاه مازندران - بابلسر
1395,انسانی,8239,3118,منطقه 2,فقه و مبانی حقوق اسلامی,دانشگاه سمنان
1395,انسانی,8248,2230,منطقه 3,جغرافیا,دانشگاه تهران
1395,انسانی,8248,2230,منطقه 3,علوم ارتباطات اجتماعی,دانشگاه تهران
1395,انسانی,8257,2236,منطقه 3,آموزش ابتدایی - بومی استان خراسان جنوبی,پردیس شهید باهنر - بیرجند
1395,انسانی,8257,3124,منطقه 2,حقوق,دانشگاه ملایر
1395,انسانی,8270,2243,منطقه 3,آموزش ابتدایی - بومی استان گلستان,پردیس امام خمینی - گرگان
1395,انسانی,8270,2243,منطقه 3,علوم اقتصادی,دانشگاه تبریز
1395,انسانی,8270,2669,منطقه 1,پژوهشگری اجتماعی,دانشگاه اصفهان
1395,انسانی,8270,3128,منطقه 2,مدیریت بازرگانی,دانشگاه قم
1395,انسانی,8279,2247,منطقه 3,آموزش ابتدایی - بومی استان سیستان وبلوچستان,پردیس شهید مطهری - زاهدان
1395,انسانی,8279,2247,منطقه 3,مدیریت مالی,دانشگاه سیستان و بلوچستان - زاهدان
1395,انسانی,8279,2671,منطقه 1,فقه و مبانی حقوق اسلامی,دانشگاه قم
1395,انسانی,8279,3131,منطقه 2,فقه و حقوق اسلامی,دانشگاه شهید مدنی آذربایجان - تبریز
1395,انسانی,8292,3135,منطقه 2,آموزش ابتدایی - بومی استان یزد,پردیس شهید پاک نژاد - یزد
1395,انسانی,8292,3135,منطقه 2,مدیریت بازرگانی,دانشگاه قم
1395,انسانی,8303,2255,منطقه 3,آموزش زبان و ادبیات فارسی - بومی استان سیستان وبلوچستان,پردیس شهید باهنر - شیراز
1395,انسانی,8312,2259,منطقه 3,حقوق,دانشگاه گیلان - رشت
1395,انسانی,8312,3140,منطقه 2,مدیریت بازرگانی,دانشگاه گیلان - رشت
1395,انسانی,8321,2262,منطقه 3,علوم تربیتی,دانشگاه شهید باهنر - کرمان
1395,انسانی,8321,3144,منطقه 2,علوم تربیتی,دانشگاه خوارزمی - تهران (محل تحصیل کرج)
1395,انسانی,8327,232,ایثارگران,مدیریت مالی,دانشگاه تهران
1395,انسانی,8327,2263,منطقه 3,جغرافیا,دانشگاه شهید چمران اهواز
1395,انسانی,8327,2263,منطقه 3,دبیری الهیات و معارف اسلامی - بومی استان کرمان,پردیس شهید بهشتی - بندرعباس
1395,انسانی,8327,3148,منطقه 2,فقه و مبانی حقوق اسلامی,دانشگاه بوعلی سینا - همدان
1395,انسانی,8334,2266,منطقه 3,مدیریت بازرگانی,دانشگاه گیلان - رشت
1395,انسانی,8355,2273,منطقه 3,مدیریت دولتی,دانشگاه فردوسی - مشهد
1395,انسانی,8355,3157,منطقه 2,مدیریت جهانگردی,دانشگاه یزد
1395,انسانی,8364,3160,منطقه 2,حسابداری,دانشگاه مازندران - بابلسر
1395,انسانی,8398,3170,منطقه 2,حسابداری,دانشگاه شهید چمران اهواز
1395,انسانی,8398,3170,منطقه 2,فقه و حقوق اسلامی,دانشگاه شهید مطهری
1395,انسانی,8406,2298,منطقه 3,فقه و مبانی حقوق اسلامی,دانشگاه حکیم سبزواری - سبزوار
1395,انسانی,8406,3174,منطقه 2,روانشناسی,دانشگاه گیلان - رشت
1395,انسانی,8406,3174,منطقه 2,مدیریت بازرگانی,دانشگاه سمنان
1395,انسانی,8414,2302,منطقه 3,علوم تربیتی,دانشگاه علامه طباطبایی - تهران
1395,انسانی,8424,2306,منطقه 3,فقه و حقوق اسلامی,دانشگاه بزگمهر قاینات
1395,انسانی,8424,2703,منطقه 1,علوم قرآن و حدیث,دانشگاه اصفهان
1395,انسانی,8424,3181,منطقه 2,علوم تربیتی,دانشگاه مازندران - بابلسر
1395,انسانی,8424,3181,منطقه 2,علوم سیاسی,دانشگاه اصفهان
1395,انسانی,8437,2311,منطقه 3,مدیریت بازرگانی,دانشگاه زنجان
1395,انسانی,8437,2707,منطقه 1,حقوق - نیمسال دوم,دانشگاه غیرانتفاعی امام رضا(ع) - مشهد
1395,انسانی,8446,2314,منطقه 3,روانشناسی,دانشگاه خلیج فارس - بوشهر
1395,انسانی,8446,3188,منطقه 2,فلسفه,دانشگاه اصفهان
1395,انسانی,8446,3188,منطقه 2,مدیریت بازرگانی,دانشگاه سمنان
1395,انسانی,8452,2317,منطقه 3,حقوق,مجتمع آموزش عالی گناباد
1395,انسانی,8452,3191,منطقه 2,مدیریت جهانگردی,دانشگاه یزد
1395,انسانی,8460,2319,منطقه 3,حقوق,دانشگاه لرستان - خرم آباد
1395,انسانی,8460,2713,منطقه 1,فقه و حقوق اسلامی,دانشگاه شهید مدنی آذربایجان - تبریز
1395,انسانی,8470,2322,منطقه 3,علوم تربیتی,دانشگاه بیرجند
1395,انسانی,8470,2322,منطقه 3,فقه و مبانی حقوق اسلامی,دانشگاه شهید چمران اهواز
1395,انسانی,8470,2322,منطقه 3,مدیریت صنعتی,دانشگاه شهید بهشتی - تهران
1395,انسانی,8470,3197,منطقه 2,آموزش ابتدایی - بومی استان خراسان شمالی,پردیس امام جعفر صادق - بجنورد
1395,انسانی,8477,2326,منطقه 3,ادیان و عرفان,دانشگاه شهید مدنی آذربایجان - تبریز
1395,انسانی,8484,3201,منطقه 2,روانشناسی,دانشگاه شهید چمران اهواز
1395,انسانی,8491,2334,منطقه 3,علوم تربیتی,دانشگاه خوارزمی - تهران (محل تحصیل کرج)
1395,انسانی,8497,2338,منطقه 3,دبیری الهیات و معارف اسلامی - بومی استان خراسان شمالی,پردیس آیت الله خامنه ای - گرگان
1395,انسانی,8497,2338,منطقه 3,علوم تربیتی,دانشگاه یزد
1395,انسانی,8497,3204,منطقه 2,فقه و مبانی حقوق اسلامی,دانشگاه قم
1395,انسانی,8497,3204,منطقه 2,مدیریت صنعتی,دانشگاه قم
1395,انسانی,8517,2345,منطقه 3,آموزش ابتدایی - بومی استان اردبیل,پردیس بنت الهدی صدر - اردبیل
1395,انسانی,8517,2345,منطقه 3,حسابداری,دانشگاه مازندران - بابلسر
1395,انسانی,8517,2724,منطقه 1,زبان و ادبیات فارسی,دانشگاه علامه طباطبایی - تهران
1395,انسانی,8517,3214,منطقه 2,روانشناسی,دانشگاه یاسوج
1395,انسانی,8517,3214,منطقه 2,علوم تربیتی,دانشگاه شهید مدنی آذربایجان - تبریز
1395,انسانی,8530,3,خانواده شهدا,دبیری تاریخ - بومی استان خوزستان,پردیس آیت اله کمال وند - خرم آباد
1395,انسانی,8530,2350,منطقه 3,آموزش زبان و ادبیات فارسی - بومی استان سیستان وبلوچستان,پردیس خواجه نصیرالدین طوسی - کرمان
1395,انسانی,8530,2350,منطقه 3,راهنمایی و مشاوره - بومی استان خراسان رضوی,پردیس شهید بهشتی - مشهد
1395,انسانی,8530,3218,منطقه 2,حسابداری,دانشگاه شهید باهنر - کرمان
1395,انسانی,8546,3224,منطقه 2,حقوق,دانشگاه غیرانتفاعی شمال - آمل
1395,انسانی,8560,2357,منطقه 3,حقوق,دانشگاه آیت الله بروجردی - بروجرد
1395,انسانی,8560,2357,منطقه 3,فقه و مبانی حقوق اسلامی,دانشگاه حکیم سبزواری - سبزوار
1395,انسانی,8560,3230,منطقه 2,حقوق - نیمسال دوم,دانشگاه غیرانتفاعی امام رضا(ع) - مشهد
1395,انسانی,8570,3235,منطقه 2,آموزش ابتدایی - بومی استان اذربایجان شرقی,پردیس علامه امینی - تبریز
1395,انسانی,8570,3235,منطقه 2,آموزش ابتدایی - بومی استان قم,پردیس آیت اله طالقانی - قم
1395,انسانی,8570,3235,منطقه 2,آموزش ابتدایی - بومی استان کردستان,پردیس شهید مدرس - سنندج
1395,انسانی,8570,3235,منطقه 2,حقوق,دانشگاه آیت الله بروجردی - بروجرد
1395,انسانی,8570,3235,منطقه 2,علوم اقتصادی,دانشگاه مازندران - بابلسر
1395,انسانی,8578,2741,منطقه 1,روانشناسی,دانشگاه شهید چمران اهواز
1395,انسانی,8583,3240,منطقه 2,حقوق,دانشگاه رازی کرمانشاه
1395,انسانی,8596,2367,منطقه 3,آموزش ابتدایی - بومی استان تهران,پردیس زینبیه - پیشوا (ورامین)
1395,انسانی,8596,3246,منطقه 2,علوم سیاسی,دانشگاه شهید بهشتی - تهران
1395,انسانی,8596,3246,منطقه 2,پژوهشگری اجتماعی,دانشگاه علامه طباطبایی - تهران
1395,انسانی,8604,3250,منطقه 2,حسابداری,دانشگاه مازندران - بابلسر
1395,انسانی,8604,3250,منطقه 2,مترجمی زبان عربی,دانشگاه تهران
1395,انسانی,8617,236,ایثارگران,روانشناسی,دانشگاه خوارزمی - تهران (محل تحصیل کرج)
1395,انسانی,8617,2373,منطقه 3,آموزش ابتدایی - بومی استان لرستان,پردیس آیت اله کمال وند - خرم آباد
1395,انسانی,8617,2373,منطقه 3,حقوق,دانشگاه زابل
1395,انسانی,8617,2373,منطقه 3,حقوق,دانشگاه شهرکرد
1395,انسانی,8617,2373,منطقه 3,فقه و مبانی حقوق اسلامی,دانشگاه حکیم سبزواری - سبزوار
1395,انسانی,8617,2752,منطقه 1,حسابداری,دانشگاه حضرت معصومه (ع) - ویژه خواهران - قم
1395,انسانی,8642,2381,منطقه 3,دبیری زبان و ادبیات عربی - بومی استان کردستان,پردیس شهید رجایی - ارومیه
1395,انسانی,8642,2381,منطقه 3,روانشناسی,دانشگاه کردستان - سنندج
1395,انسانی,8655,3269,منطقه 2,علوم سیاسی,دانشگاه مازندران - بابلسر
1395,انسانی,8666,237,ایثارگران,حسابداری,دانشگاه تهران
1395,انسانی,8666,2389,منطقه 3,دبیری الهیات و معارف اسلامی - بومی استان بوشهر,پردیس شهید باهنر - اصفهان
1395,انسانی,8666,3274,منطقه 2,مدیریت بازرگانی,دانشگاه شهید باهنر - کرمان
1395,انسانی,8685,238,ایثارگران,روانشناسی,دانشگاه علوم بهزیستی و توانبخشی تهران
1395,انسانی,8694,2399,منطقه 3,آموزش ابتدایی - بومی تنکابن،رامسر،عباس اباد,پردیس دکتر شریعتی - ساری
1395,انسانی,8694,2399,منطقه 3,آموزش جغرافیا - بومی استان هرمزگان,پردیس امیر کبیر - کرج
1395,انسانی,8694,2399,منطقه 3,آموزش زبان و ادبیات فارسی - بومی استان خراسان جنوبی,پردیس شهید بهشتی - مشهد
1395,انسانی,8694,2399,منطقه 3,حسابداری,دانشگاه رازی کرمانشاه
1395,انسانی,8694,2399,منطقه 3,فقه و حقوق اسلامی,دانشگاه شهید مطهری
1395,انسانی,8704,2404,منطقه 3,حسابداری,دانشگاه سمنان
1395,انسانی,8704,2404,منطقه 3,علوم تربیتی,دانشگاه شهید باهنر - کرمان
1395,انسانی,8704,2770,منطقه 1,مطالعات خانواده,دانشگاه اردکان
1395,انسانی,8704,3290,منطقه 2,علوم سیاسی,دانشگاه فردوسی - مشهد
1395,انسانی,8711,2408,منطقه 3,آموزش ابتدایی - بومی استان سیستان وبلوچستان,پردیس شهید مطهری - زاهدان
1395,انسانی,8718,2411,منطقه 3,روانشناسی,دانشگاه لرستان - خرم آباد
1395,انسانی,8718,2411,منطقه 3,علوم اقتصادی,دانشگاه علامه طباطبایی - تهران
1395,انسانی,8718,3293,منطقه 2,مدیریت جهانگردی,دانشگاه یزد
1395,انسانی,8730,2778,منطقه 1,روانشناسی,دانشگاه خلیج فارس - بوشهر
1395,انسانی,8736,2780,منطقه 1,فقه و مبانی حقوق اسلامی,دانشگاه قم
1395,انسانی,8736,3302,منطقه 2,مدیریت بازرگانی,دانشگاه قم
1395,انسانی,8742,3305,منطقه 2,روانشناسی,دانشگاه یزد - مهریز
1395,انسانی,8748,3308,منطقه 2,زبان و ادبیات فارسی,دانشگاه علامه طباطبایی - تهران
1395,انسانی,8748,3308,منطقه 2,مطالعات ارتباطی و فناوری اطلاعات,دانشگاه علامه طباطبایی - تهران
1395,انسانی,8753,2420,منطقه 3,آموزش ابتدایی - بومی استان سیستان وبلوچستان,پردیس رسالت - زاهدان
1395,انسانی,8753,3310,منطقه 2,مترجمی زبان عربی,دانشگاه تهران
1395,انسانی,8759,2422,منطقه 3,دبیری تاریخ - بومی استان خوزستان,پردیس آیت اله کمال وند - خرم آباد
1395,انسانی,8759,3313,منطقه 2,علوم تربیتی,دانشگاه گیلان - رشت
1395,انسانی,8766,2425,منطقه 3,علوم تربیتی,دانشگاه گیلان - رشت
1395,انسانی,8773,2786,منطقه 1,زبان و ادبیات فارسی,دانشگاه شیراز
1395,انسانی,8773,3318,منطقه 2,راهنمایی و مشاوره - بومی استان خراسان رضوی,پردیس شهید بهشتی - مشهد
1395,انسانی,8779,2431,منطقه 3,آموزش ابتدایی - بومی استان سیستان وبلوچستان,پردیس شهید مطهری - زاهدان
1395,انسانی,8788,2435,منطقه 3,آموزش ابتدایی - بومی استان سیستان وبلوچستان,پردیس شهید مطهری - زاهدان
1395,انسانی,8788,2790,منطقه 1,روانشناسی,دانشگاه غیرانتفاعی میزان - تبریز
1395,انسانی,8788,3322,منطقه 2,حسابداری,دانشگاه حضرت معصومه (ع) - ویژه خواهران - قم
1395,انسانی,8788,3322,منطقه 2,دبیری تاریخ - بومی استان اردبیل,پردیس آیت اله کمال وند - خرم آباد
1395,انسانی,8788,3322,منطقه 2,فلسفه,دانشگاه شهید بهشتی - تهران
1395,انسانی,8801,2794,منطقه 1,پژوهشگری اجتماعی,دانشگاه شاهد - تهران
1395,انسانی,8801,3326,منطقه 2,مترجمی زبان عربی,دانشگاه علامه طباطبایی - تهران
1395,انسانی,8810,2443,منطقه 3,آموزش زبان و ادبیات فارسی - بومی استان تهران,پردیس حکیم ابوالقاسم فردوسی - کرج
1395,انسانی,8810,2799,منطقه 1,مدیریت بازرگانی,دانشگاه سمنان
1395,انسانی,8819,2448,منطقه 3,دبیری الهیات و معارف اسلامی - بومی استان تهران,پردیس شهید مفتح - شهرری
1395,انسانی,8819,2448,منطقه 3,فلسفه,دانشگاه تهران
1395,انسانی,8819,2801,منطقه 1,روانشناسی,دانشگاه غیرانتفاعی خیام - مشهد
1395,انسانی,8819,3329,منطقه 2,روانشناسی,دانشگاه لرستان - خرم آباد
1395,انسانی,8819,3329,منطقه 2,مددکاری اجتماعی,دانشگاه علامه طباطبایی - تهران
1395,انسانی,8830,2453,منطقه 3,آموزش ابتدایی - بومی استان گلستان,پردیس امام خمینی - گرگان
1395,انسانی,8830,2453,منطقه 3,آموزش زبان و ادبیات فارسی - بومی استان اذربایجان غربی,پردیس نسیبه - تهران
1395,انسانی,8830,3332,منطقه 2,آموزش ابتدایی - بومی استان لرستان,پردیس آیت اله کمال وند - خرم آباد
1395,انسانی,8830,3332,منطقه 2,حسابداری,دانشگاه قم
1395,انسانی,8830,3332,منطقه 2,علوم تربیتی,دانشگاه شاهد - تهران
1395,انسانی,8835,3334,منطقه 2,روانشناسی,دانشگاه گیلان - رشت
1395,انسانی,8839,241,ایثارگران,حقوق,دانشگاه اصفهان
1395,انسانی,8839,2457,منطقه 3,راهنمایی و مشاوره - بومی استان خراسان شمالی,پردیس شهید بهشتی - مشهد
1395,انسانی,8839,3336,منطقه 2,راهنمایی و مشاوره - بومی استان فارس,پردیس شهید باهنر - شیراز
1395,انسانی,8839,3336,منطقه 2,پژوهشگری اجتماعی,دانشگاه فردوسی - مشهد
1395,انسانی,8844,2804,منطقه 1,جغرافیا,دانشگاه شیراز
1395,انسانی,8850,3340,منطقه 2,حقوق,دانشگاه آیت الله بروجردی - بروجرد
1395,انسانی,8850,3340,منطقه 2,فقه و مبانی حقوق اسلامی,دانشگاه قم
1395,انسانی,8858,3344,منطقه 2,علوم سیاسی,دانشگاه شهید بهشتی - تهران
1395,انسانی,8865,3348,منطقه 2,آموزش ابتدایی - بومی استان سمنان,پردیس شهید رجایی - سمنان
1395,انسانی,8871,2465,منطقه 3,علوم تربیتی,دانشگاه گیلان - رشت
1395,انسانی,8878,2811,منطقه 1,فقه و مبانی حقوق اسلامی,دانشگاه قم
1395,انسانی,8885,2471,منطقه 3,علوم تربیتی,دانشگاه خوارزمی - تهران (محل تحصیل کرج)
1395,انسانی,8894,3358,منطقه 2,باستانشناسی,دانشگاه کاشان
1395,انسانی,8900,3360,منطقه 2,آموزش ابتدایی - بومی استان گلستان,پردیس امام خمینی - گرگان
1395,انسانی,8906,2821,منطقه 1,زبان و ادبیات عربی,دانشگاه اصفهان
1395,انسانی,8912,2481,منطقه 3,آموزش ابتدایی - بومی استان خوزستان,پردیس کوثر - یاسوج
1395,انسانی,8920,2486,منطقه 3,فقه و حقوق اسلامی,دانشگاه شهید مدنی آذربایجان - تبریز
1395,انسانی,8941,2494,منطقه 3,دبیری الهیات و معارف اسلامی - بومی استان خراسان رضوی,پردیس شهید بهشتی - مشهد
1395,انسانی,8941,3369,منطقه 2,فقه و مبانی حقوق اسلامی,دانشگاه قم
1395,انسانی,8941,3369,منطقه 2,مدیریت صنعتی,دانشگاه آیت اله حایری - میبد
1395,انسانی,8949,3371,منطقه 2,علوم تربیتی,دانشگاه قم
1395,انسانی,8954,2501,منطقه 3,علوم تربیتی,دانشگاه حکیم سبزواری - سبزوار
1395,انسانی,8962,2503,منطقه 3,دبیری الهیات و معارف اسلامی - بومی استان خوزستان,پردیس فاطمه الزهرا (س) - اهواز
1395,انسانی,8962,3376,منطقه 2,حقوق,دانشگاه رازی کرمانشاه
1395,انسانی,8962,3376,منطقه 2,علوم تربیتی,دانشگاه شهید باهنر - کرمان
1395,انسانی,8962,3376,منطقه 2,علوم سیاسی,دانشگاه شهید بهشتی - تهران
1395,انسانی,8969,2506,منطقه 3,علوم تربیتی,دانشگاه اصفهان
1395,انسانی,8969,3379,منطقه 2,روانشناسی,دانشگاه گیلان - رشت
1395,انسانی,8976,2838,منطقه 1,حقوق,دانشگاه مراغه
1395,انسانی,8983,2511,منطقه 3,حسابداری,دانشگاه بوعلی سینا - همدان
1395,انسانی,8983,3384,منطقه 2,حقوق,دانشگاه پیام نور مازندران - مرکز بابل
1395,انسانی,8983,3384,منطقه 2,دبیری الهیات و معارف اسلامی - بومی استان یزد,پردیس شهید بهشتی - بندرعباس
1395,انسانی,8992,2842,منطقه 1,حقوق,دانشگاه مراغه
1395,انسانی,8992,3389,منطقه 2,علوم تربیتی,دانشگاه تبریز
1395,انسانی,8992,3389,منطقه 2,فقه و مبانی حقوق اسلامی,دانشگاه بوعلی سینا - همدان
1395,انسانی,8992,3389,منطقه 2,پژوهشگری اجتماعی,دانشگاه یزد
1395,انسانی,9003,2845,منطقه 1,روانشناسی,دانشگاه پیام نور تهران - تهران جنوب
1395,انسانی,9003,3393,منطقه 2,روانشناسی,دانشگاه بیرجند
1395,انسانی,9011,246,ایثارگران,روانشناسی,دانشگاه کاشان
1395,انسانی,9011,2522,منطقه 3,آموزش ابتدایی - بومی استان خوزستان,پردیس شهید ایزد پناه - یاسوج
1395,انسانی,9011,3394,منطقه 2,پژوهشگری اجتماعی,دانشگاه کاشان
1395,انسانی,9020,3399,منطقه 2,زبان و ادبیات عربی,دانشگاه گیلان - رشت
1395,انسانی,9020,3399,منطقه 2,مدیریت صنعتی,دانشگاه مازندران - بابلسر
1395,انسانی,9038,2531,منطقه 3,مدیریت بازرگانی,دانشگاه یزد
1395,انسانی,9038,3407,منطقه 2,زبان و ادبیات فارسی,دانشگاه گیلان - رشت
1395,انسانی,9038,3407,منطقه 2,فقه و حقوق اسلامی,دانشگاه حضرت معصومه (ع) - ویژه خواهران - قم
1395,انسانی,9047,2535,منطقه 3,دبیری زبان و ادبیات عربی - بومی استان تهران,پردیس شهید مفتح - شهرری
1395,انسانی,9047,2535,منطقه 3,مدیریت بازرگانی,دانشگاه یزد
1395,انسانی,9056,2539,منطقه 3,آموزش زبان و ادبیات فارسی - بومی استان خوزستان,پردیس فاطمه الزهرا (س) - اهواز
1395,انسانی,9056,2851,منطقه 1,حسابداری,دانشگاه غیرانتفاعی خاتم - تهران
1395,انسانی,9067,2544,منطقه 3,روانشناسی,دانشگاه مراغه
1395,انسانی,9067,2544,منطقه 3,علوم تربیتی,دانشگاه خوارزمی - تهران (محل تحصیل کرج)
1395,انسانی,9086,2549,منطقه 3,حقوق,دانشگاه کردستان - سنندج
1395,انسانی,9086,3428,منطقه 2,پژوهشگری اجتماعی,دانشگاه خوارزمی - تهران (محل تحصیل کرج)
1395,انسانی,9096,2552,منطقه 3,علوم تربیتی,دانشگاه الزهرا(س) - تهران
1395,انسانی,9096,3434,منطقه 2,آموزش ابتدایی - بومی استان لرستان,پردیس آیت اله کمال وند - خرم آباد
1395,انسانی,9096,3434,منطقه 2,حسابداری,دانشگاه بوعلی سینا - همدان
1395,انسانی,9096,3434,منطقه 2,روانشناسی,دانشگاه بجنورد
1395,انسانی,9114,2559,منطقه 3,زبان و ادبیات فارسی,دانشگاه تهران
1395,انسانی,9114,2559,منطقه 3,پژوهشگری اجتماعی,دانشگاه خوارزمی - تهران (محل تحصیل کرج)
1395,انسانی,9114,3441,منطقه 2,دبیری زبان و ادبیات عربی - بومی استان فارس,پردیس شهید رجایی - شیراز
1395,انسانی,9114,3441,منطقه 2,علوم قرآن و حدیث,دانشگاه علوم و معارف قران کریم - وابسته به سازمان اوقاف و امور خیریه - قم (محل تحصیل شاهرود)
1395,انسانی,9125,2564,منطقه 3,علوم اقتصادی,دانشگاه تبریز
1395,انسانی,9125,2564,منطقه 3,علوم تربیتی,دانشگاه خوارزمی - تهران (محل تحصیل کرج)
1395,انسانی,9134,3447,منطقه 2,حسابداری,دانشگاه شهید باهنر - کرمان
1395,انسانی,9147,3451,منطقه 2,حقوق,دانشگاه بیرجند
1395,انسانی,9153,3454,منطقه 2,آموزش ابتدایی - بومی استان اصفهان,پردیس شهید باهنر - اصفهان
1395,انسانی,9153,3454,منطقه 2,حسابداری,دانشگاه ولی عصر(عج) - رفسنجان
1395,انسانی,9167,3460,منطقه 2,دبیری علوم اجتماعی - بومی استان فارس,پردیس شهید باهنر - اصفهان
1395,انسانی,9179,2581,منطقه 3,روانشناسی,دانشگاه بجنورد
1395,انسانی,9179,2581,منطقه 3,مدیریت بازرگانی,دانشگاه شهید باهنر - کرمان
1395,انسانی,9179,2581,منطقه 3,مدیریت مالی,دانشگاه سیستان و بلوچستان - زاهدان
1395,انسانی,9179,3467,منطقه 2,آموزش ابتدایی - بومی استان قم,پردیس آیت اله طالقانی - قم
1395,انسانی,9179,3467,منطقه 2,روانشناسی,دانشگاه ارومیه
1395,انسانی,9197,2589,منطقه 3,مدیریت بازرگانی,دانشگاه مازندران - بابلسر
1395,انسانی,9197,2883,منطقه 1,روانشناسی,دانشگاه غیرانتفاعی خیام - مشهد
1395,انسانی,9197,2883,منطقه 1,علوم تربیتی,دانشگاه شاهد - تهران
1395,انسانی,9205,2886,منطقه 1,زبان و ادبیات عربی,دانشگاه فردوسی - مشهد
1395,انسانی,9205,3474,منطقه 2,مدیریت بازرگانی,دانشگاه سمنان
1395,انسانی,9213,2594,منطقه 3,علوم تربیتی,دانشگاه شیراز
1395,انسانی,9213,2888,منطقه 1,علوم قرآن و حدیث,دانشگاه علوم و معارف قران کریم - وابسته به سازمان اوقاف و امور خیریه - قم (محل تحصیل مشهد)
1395,انسانی,9229,2601,منطقه 3,آموزش کودکان استثنایی - بومی استان خراسان رضوی,پردیس شهید بهشتی - مشهد
1395,انسانی,9229,2601,منطقه 3,راهنمایی و مشاوره - بومی استان خراسان رضوی,پردیس شهید بهشتی - مشهد
1395,انسانی,9239,2606,منطقه 3,آموزش زبان و ادبیات فارسی - بومی استان خوزستان,پردیس حضرت رسول اکرم - اهواز
1395,انسانی,9239,2606,منطقه 3,حقوق,دانشگاه مراغه
1395,انسانی,9239,3485,منطقه 2,روانشناسی,دانشگاه رازی کرمانشاه
1395,انسانی,9247,2610,منطقه 3,علوم اقتصادی,دانشگاه فردوسی - مشهد
1395,انسانی,9247,2610,منطقه 3,علوم تربیتی,دانشگاه گیلان - رشت
1395,انسانی,9247,3488,منطقه 2,حسابداری,دانشگاه شهید باهنر - کرمان
1395,انسانی,9256,3491,منطقه 2,روانشناسی,دانشگاه رازی کرمانشاه
1395,انسانی,9272,2899,منطقه 1,علوم تربیتی,دانشگاه بیرجند
1395,انسانی,9284,2622,منطقه 3,آموزش ابتدایی - بومی استان سیستان وبلوچستان,پردیس شهید مطهری - زاهدان
1395,انسانی,9284,2901,منطقه 1,فقه و مبانی حقوق اسلامی,دانشگاه حکیم سبزواری - سبزوار
1395,انسانی,9284,3505,منطقه 2,حقوق,دانشگاه آیت الله بروجردی - بروجرد
1395,انسانی,9284,3505,منطقه 2,حقوق,دانشگاه ملایر
1395,انسانی,9284,3505,منطقه 2,دبیری الهیات و معارف اسلامی - بومی استان سمنان,پردیس آیت الله خامنه ای - گرگان
1395,انسانی,9284,3505,منطقه 2,روانشناسی,دانشگاه غیرانتفاعی راغب اصفهانی - اصفهان
1395,انسانی,9296,3511,منطقه 2,روزنامه نگاری,دانشگاه علامه طباطبایی - تهران
1395,انسانی,9303,2628,منطقه 3,مدیریت بازرگانی,دانشگاه ایلام
1395,انسانی,9303,3514,منطقه 2,حقوق,دانشگاه غیرانتفاعی شمال - آمل
1395,انسانی,9303,3514,منطقه 2,راهنمایی و مشاوره - بومی استان فارس,پردیس شهید رجایی - شیراز
1395,انسانی,9310,2631,منطقه 3,علوم تربیتی,دانشگاه علامه طباطبایی - تهران
1395,انسانی,9310,3516,منطقه 2,فقه و حقوق اسلامی,دانشگاه آیت اله حایری - میبد
1395,انسانی,9319,2634,منطقه 3,آموزش ابتدایی - بومی استان کهگیلویه وبویراحمد,پردیس کوثر - یاسوج
1395,انسانی,9319,2634,منطقه 3,علوم تربیتی,دانشگاه علامه طباطبایی - تهران
1395,انسانی,9319,3521,منطقه 2,حسابداری,دانشگاه سمنان
1395,انسانی,9319,3521,منطقه 2,روانشناسی,دانشگاه رازی کرمانشاه
1395,انسانی,9331,2637,منطقه 3,آموزش ابتدایی - بومی استان کرمان,پردیس شهید باهنر - کرمان
1395,انسانی,9340,2639,منطقه 3,آموزش زبان و ادبیات فارسی - بومی استان گلستان,پردیس دکتر شریعتی - ساری
1395,انسانی,9340,2913,منطقه 1,جغرافیا,دانشگاه فردوسی - مشهد
1395,انسانی,9346,3533,منطقه 2,روانشناسی,دانشگاه بجنورد
1395,انسانی,9351,3535,منطقه 2,آموزش زبان و ادبیات فارسی - بومی چهارمحال وبختیاری,پردیس بحرالعلوم - شهرکرد
1395,انسانی,9368,256,ایثارگران,آموزش ابتدایی - بومی استان قم,پردیس حضرت معصومه - قم
1395,انسانی,9368,2646,منطقه 3,آموزش زبان و ادبیات فارسی - بومی استان خراسان رضوی,پردیس شهید بهشتی - مشهد
1395,انسانی,9368,3541,منطقه 2,علوم تربیتی,دانشگاه بوعلی سینا - همدان
1395,انسانی,9380,2650,منطقه 3,مدیریت بازرگانی,دانشگاه اصفهان
1395,انسانی,9380,3545,منطقه 2,علوم سیاسی,دانشگاه اصفهان
1395,انسانی,9391,3550,منطقه 2,آموزش ابتدایی - بومی استان قم,پردیس آیت اله طالقانی - قم
1395,انسانی,9398,2656,منطقه 3,علوم تربیتی,دانشگاه گیلان - رشت
1395,انسانی,9398,3552,منطقه 2,حسابداری,دانشگاه بجنورد
1395,انسانی,9406,2661,منطقه 3,آموزش زبان و ادبیات فارسی - بومی استان خوزستان,پردیس فاطمه الزهرا (س) - اهواز
1395,انسانی,9406,2661,منطقه 3,علوم تربیتی,دانشگاه بیرجند
1395,انسانی,9438,2674,منطقه 3,حقوق,دانشگاه آیت الله بروجردی - بروجرد
1395,انسانی,9438,3559,منطقه 2,حسابداری,دانشگاه رازی کرمانشاه
1395,انسانی,9438,3559,منطقه 2,مدیریت دولتی,دانشگاه اردکان
1395,انسانی,9448,2679,منطقه 3,آموزش ابتدایی - بومی استان اذربایجان شرقی,پردیس علامه امینی - تبریز
1395,انسانی,9448,2679,منطقه 3,علوم تربیتی,دانشگاه بیرجند
1395,انسانی,9454,3566,منطقه 2,حسابداری,دانشگاه گیلان - رشت
1395,انسانی,9454,3566,منطقه 2,فقه و حقوق اسلامی,دانشگاه شهید باهنر - کرمان
1395,انسانی,9463,2685,منطقه 3,علوم تربیتی,دانشگاه علامه طباطبایی - تهران
1395,انسانی,9463,3569,منطقه 2,حسابداری,دانشگاه گیلان - رشت
1395,انسانی,9475,2691,منطقه 3,روانشناسی,دانشگاه اردکان
1395,انسانی,9475,3573,منطقه 2,زبان و ادبیات عربی,دانشگاه گیلان - رشت
1395,انسانی,9491,2697,منطقه 3,حقوق,دانشگاه آیت الله بروجردی - بروجرد
1395,انسانی,9491,2697,منطقه 3,روانشناسی,دانشگاه سیستان و بلوچستان - زاهدان
1395,انسانی,9491,2697,منطقه 3,علوم تربیتی,دانشگاه حکیم سبزواری - سبزوار
1395,انسانی,9499,2701,منطقه 3,علوم ارتباطات اجتماعی,دانشگاه تهران
1395,انسانی,9499,2701,منطقه 3,علوم تربیتی,دانشگاه تبریز
1395,انسانی,9499,2701,منطقه 3,علوم تربیتی,دانشگاه علامه طباطبایی - تهران
1395,انسانی,9507,3583,منطقه 2,روانشناسی,دانشگاه یاسوج
1395,انسانی,9516,3587,منطقه 2,زبان و ادبیات فارسی,دانشگاه مازندران - بابلسر
1395,انسانی,9527,3591,منطقه 2,حسابداری,دانشگاه شهید باهنر - کرمان
1395,انسانی,9527,3591,منطقه 2,پژوهشگری اجتماعی,دانشگاه علامه طباطبایی - تهران
1395,انسانی,9539,259,ایثارگران,آموزش زبان و ادبیات فارسی - بومی استان یزد,پردیس شهید باهنر - شیراز
1395,انسانی,9539,2718,منطقه 3,مدیریت صنعتی,دانشگاه علامه طباطبایی - تهران
1395,انسانی,9539,2967,منطقه 1,مدیریت صنعتی,دانشگاه غیرانتفاعی علم و فرهنگ - تهران
1395,انسانی,9539,3593,منطقه 2,حسابداری,دانشگاه شهید باهنر - کرمان
1395,انسانی,9549,2723,منطقه 3,آموزش ابتدایی - بومی استان کرمانشاه,پردیس شهید ایزد پناه - یاسوج
1395,انسانی,9549,2723,منطقه 3,علوم تربیتی,دانشگاه اصفهان
1395,انسانی,9549,2723,منطقه 3,علوم تربیتی,دانشگاه مازندران - بابلسر
1395,انسانی,9556,2971,منطقه 1,حقوق - نیمسال دوم,دانشگاه غیرانتفاعی امام رضا(ع) - مشهد
1395,انسانی,9556,3598,منطقه 2,روانشناسی,دانشگاه محقق اردبیلی - اردبیل
1395,انسانی,9564,2726,منطقه 3,روانشناسی,دانشگاه بجنورد
1395,انسانی,9564,3603,منطقه 2,حقوق,دانشگاه پیام نور گیلان - مرکز صومعه سرا
1395,انسانی,9574,2729,منطقه 3,مدیریت دولتی,دانشگاه تهران (محل تحصیل قم)
1395,انسانی,9574,3607,منطقه 2,آموزش زبان و ادبیات فارسی - بومی استان سمنان,پردیس دکتر شریعتی - ساری
1395,انسانی,9611,2742,منطقه 3,مددکاری اجتماعی,دانشگاه علامه طباطبایی - تهران
1395,انسانی,9617,2746,منطقه 3,مدیریت مالی,دانشگاه سیستان و بلوچستان - زاهدان
1395,انسانی,9627,3625,منطقه 2,حقوق,دانشگاه غیرانتفاعی مفید(ره) - قم
1395,انسانی,9637,2754,منطقه 3,آموزش ابتدایی - بومی استان سیستان وبلوچستان,پردیس شهید مطهری - زاهدان
1395,انسانی,9637,2754,منطقه 3,علوم تربیتی,دانشگاه اصفهان
1395,انسانی,9637,3631,منطقه 2,روانشناسی,دانشگاه محقق اردبیلی - اردبیل
1395,انسانی,9637,3631,منطقه 2,مدیریت بازرگانی,دانشگاه کاشان
1395,انسانی,9647,2990,منطقه 1,ادیان و عرفان,دانشگاه فردوسی - مشهد
1395,انسانی,9647,3636,منطقه 2,علوم تربیتی,دانشگاه مازندران - بابلسر
1395,انسانی,9657,2758,منطقه 3,زبان و ادبیات عربی,دانشگاه شهید بهشتی - تهران
1395,انسانی,9664,263,ایثارگران,آموزش ابتدایی - بومی استان البرز,پردیس امیر کبیر - کرج
1395,انسانی,9664,3642,منطقه 2,فلسفه و حکمت اسلامی,دانشگاه الزهرا(س) - تهران
1395,انسانی,9670,2999,منطقه 1,باستانشناسی,دانشگاه تهران
1395,انسانی,9670,3644,منطقه 2,فقه و مبانی حقوق اسلامی,دانشگاه اردکان
1395,انسانی,9670,3644,منطقه 2,پژوهشگری اجتماعی,دانشگاه بوعلی سینا - همدان
1395,انسانی,9677,3647,منطقه 2,حقوق,دانشگاه آیت الله بروجردی - بروجرد
1395,انسانی,9681,2765,منطقه 3,آموزش زبان و ادبیات فارسی - بومی استان کرمان,پردیس خواجه نصیرالدین طوسی - کرمان
1395,انسانی,9686,3651,منطقه 2,فقه و مبانی حقوق اسلامی,دانشگاه سمنان
1395,انسانی,9697,2770,منطقه 3,حقوق,مجتمع آموزش عالی گناباد
1395,انسانی,9706,3659,منطقه 2,پژوهشگری اجتماعی,دانشگاه یزد
1395,انسانی,9715,2778,منطقه 3,روانشناسی,دانشگاه بجنورد
1395,انسانی,9715,3664,منطقه 2,حسابداری,دانشگاه گیلان - رشت
1395,انسانی,9715,3664,منطقه 2,مدیریت صنعتی,دانشگاه شیراز
1395,انسانی,9724,264,ایثارگران,روانشناسی,دانشگاه یزد
1395,انسانی,9724,2782,منطقه 3,مدیریت صنعتی,دانشگاه گیلان - رشت
1395,انسانی,9732,265,ایثارگران,روانشناسی,دانشگاه خوارزمی - تهران (محل تحصیل کرج)
1395,انسانی,9732,2784,منطقه 3,آموزش ابتدایی - بومی استان کردستان,پردیس بنت الهدی صدر - سنندج
1395,انسانی,9732,2784,منطقه 3,تاریخ,دانشگاه شیراز
1395,انسانی,9732,3671,منطقه 2,روانشناسی,دانشگاه گیلان - رشت
1395,انسانی,9732,3671,منطقه 2,مدیریت بازرگانی,دانشگاه گیلان - رشت
1395,انسانی,9740,3011,منطقه 1,مدیریت بازرگانی,دانشگاه سمنان
1395,انسانی,9740,3676,منطقه 2,روانشناسی,دانشگاه محقق اردبیلی - اردبیل
1395,انسانی,9749,2788,منطقه 3,آموزش ابتدایی - بومی استان سیستان وبلوچستان,پردیس شهید مطهری - زاهدان
1395,انسانی,9749,3680,منطقه 2,روانشناسی,دانشگاه رازی کرمانشاه
1395,انسانی,9763,2795,منطقه 3,آموزش ابتدایی - بومی استان کردستان,پردیس بنت الهدی صدر - سنندج
1395,انسانی,9763,2795,منطقه 3,دبیری زبان و ادبیات عربی - بومی استان ایلام,پردیس فاطمه الزهرا (س) - اهواز
1395,انسانی,9763,2795,منطقه 3,دبیری زبان و ادبیات عربی - بومی استان سیستان وبلوچستان,پردیس شهید مطهری - زاهدان
1395,انسانی,9763,3684,منطقه 2,زبان و ادبیات فارسی,دانشگاه بوعلی سینا - همدان
1395,انسانی,9775,3688,منطقه 2,حقوق,دانشگاه پیام نور مازندران - مرکز ساری
1395,انسانی,9785,2803,منطقه 3,علوم تربیتی,دانشگاه خوارزمی - تهران (محل تحصیل کرج)
1395,انسانی,9785,3021,منطقه 1,حقوق,دانشگاه پیام نور خراسان رضوی - مرکز مشهد
1395,انسانی,9785,3693,منطقه 2,فقه و حقوق اسلامی,دانشگاه حضرت معصومه (ع) - ویژه خواهران - قم
1395,انسانی,9795,2805,منطقه 3,آموزش ابتدایی - بومی استان اردبیل,پردیس علامه طباطبایی - اردبیل
1395,انسانی,9795,2805,منطقه 3,مدیریت صنعتی,دانشگاه فردوسی - مشهد
1395,انسانی,9804,2810,منطقه 3,حسابداری,دانشگاه بجنورد
1395,انسانی,9804,3028,منطقه 1,روزنامه نگاری,دانشگاه علامه طباطبایی - تهران
1395,انسانی,9804,3697,منطقه 2,علوم اقتصادی,دانشگاه رازی کرمانشاه
1395,انسانی,9815,2815,منطقه 3,آموزش ابتدایی - بومی استان اذربایجان شرقی,پردیس علامه امینی - تبریز
1395,انسانی,9834,3705,منطقه 2,علوم تربیتی,دانشگاه بوعلی سینا - همدان
1395,انسانی,9843,2832,منطقه 3,فقه و مبانی حقوق اسلامی,دانشگاه شهید چمران اهواز
1395,انسانی,9843,3707,منطقه 2,دبیری الهیات و معارف اسلامی - بومی استان اصفهان,پردیس شهید باهنر - اصفهان
1395,انسانی,9852,3711,منطقه 2,علوم تربیتی,دانشگاه گیلان - رشت
1395,انسانی,9865,2838,منطقه 3,آموزش ابتدایی - بومی استان سیستان وبلوچستان,پردیس رسالت - زاهدان
1395,انسانی,9865,3718,منطقه 2,علوم اقتصادی,دانشگاه بوعلی سینا - همدان
1395,انسانی,9877,2842,منطقه 3,علوم تربیتی,دانشگاه گیلان - رشت
1395,انسانی,9877,2842,منطقه 3,علوم تربیتی,دانشگاه یزد
1395,انسانی,9884,2846,منطقه 3,فقه و مبانی حقوق اسلامی,دانشگاه حکیم سبزواری - سبزوار
1395,انسانی,9884,3726,منطقه 2,حسابداری,دانشگاه مازندران - بابلسر
1395,انسانی,9884,3726,منطقه 2,حقوق,دانشگاه زابل
1395,انسانی,9892,269,ایثارگران,روانشناسی,دانشگاه یزد
1395,انسانی,9892,2849,منطقه 3,فقه و مبانی حقوق اسلامی,دانشگاه قم
1395,انسانی,9892,3729,منطقه 2,آموزش ابتدایی - بومی استان سمنان,پردیس شهید رجایی - سمنان
1395,انسانی,9899,2852,منطقه 3,علوم تربیتی,دانشگاه سیستان و بلوچستان - زاهدان
1395,انسانی,9906,2855,منطقه 3,علوم تربیتی,دانشگاه فردوسی - مشهد
1395,انسانی,9906,3733,منطقه 2,روانشناسی,دانشگاه ملایر
1395,انسانی,9913,2858,منطقه 3,روانشناسی,دانشگاه سمنان (محل تحصیل دانشکده روانشناسی وعلوم تربیتی مهدی شهر)
1395,انسانی,9919,2861,منطقه 3,آموزش ابتدایی - بومی استان سیستان وبلوچستان,پردیس شهید مطهری - زاهدان
1395,انسانی,9919,2861,منطقه 3,آموزش ابتدایی - بومی استان گلستان,پردیس امام خمینی - گرگان
1395,انسانی,9919,3049,منطقه 1,مدیریت بازرگانی,دانشگاه غیرانتفاعی شیخ بهایی - اصفهان
1395,انسانی,9927,3051,منطقه 1,زبان و ادبیات فارسی,دانشگاه خوارزمی - تهران (محل تحصیل کرج)
1395,انسانی,9935,2868,منطقه 3,حقوق,دانشگاه گیلان - رشت
1395,انسانی,9935,3054,منطقه 1,حسابداری,دانشگاه غیرانتفاعی خاتم - تهران
1395,انسانی,9944,3057,منطقه 1,فقه و مبانی حقوق اسلامی,دانشگاه سمنان
1395,انسانی,9951,2875,منطقه 3,حقوق,مجتمع آموزش عالی گناباد
1395,انسانی,9951,2875,منطقه 3,روانشناسی,دانشگاه سیستان و بلوچستان - زاهدان
1395,انسانی,9951,2875,منطقه 3,فقه و مبانی حقوق اسلامی,دانشگاه حکیم سبزواری - سبزوار
1395,انسانی,9957,2878,منطقه 3,آموزش ابتدایی - بومی استان تهران,پردیس زینبیه - پیشوا (ورامین)
1395,انسانی,9963,2882,منطقه 3,روانشناسی,دانشگاه ملایر
1395,انسانی,9976,2889,منطقه 3,فقه و حقوق اسلامی,دانشگاه شهید باهنر - کرمان
1395,انسانی,9976,2889,منطقه 3,پژوهشگری اجتماعی,دانشگاه فردوسی - مشهد
1395,انسانی,9987,2893,منطقه 3,حقوق,دانشگاه زابل
1395,انسانی,9987,3068,منطقه 1,فقه و حقوق اسلامی,دانشگاه حضرت معصومه (ع) - ویژه خواهران - قم
1395,انسانی,9987,3753,منطقه 2,مدیریت مالی,دانشگاه آیت اله حایری - میبد
1395,انسانی,9997,3758,منطقه 2,روانشناسی,مرکز آموزش عالی اقلید
1395,هنر,6,5,منطقه 1,طراحی صنعتی,دانشگاه تهران
1395,هنر,13,11,منطقه 1,سینما,دانشگاه هنر تهران
1395,هنر,21,4,منطقه 2,نوازندگی موسیقی جهانی,دانشگاه تهران
1395,هنر,28,2,ایثارگران,نوازندگی موسیقی ایرانی,دانشگاه هنر (محل تحصیل پردیس کرج)
1395,هنر,33,25,منطقه 1,آهنگسازی,دانشگاه هنر (محل تحصیل پردیس کرج)
1395,هنر,37,7,منطقه 2,آهنگسازی,دانشگاه هنر (محل تحصیل پردیس کرج)
1395,هنر,46,3,ایثارگران,طراحی صنعتی,دانشگاه تهران
1395,هنر,58,15,منطقه 2,عکاسی,دانشگاه تهران
1395,هنر,80,55,منطقه 1,ارتباط تصویری,دانشگاه هنر تهران
1395,هنر,101,74,منطقه 1,طراحی صنعتی,دانشگاه تهران (محل تحصیل کیش)
1395,هنر,109,24,منطقه 2,سینما,دانشگاه هنر تهران
1395,هنر,114,4,منطقه 3,نوازندگی موسیقی ایرانی,دانشگاه تهران
1395,هنر,117,26,منطقه 2,طراحی لباس,دانشگاه الزهرا(س) - تهران
1395,هنر,137,30,منطقه 2,فرش,دانشگاه هنر تهران
1395,هنر,143,33,منطقه 2,سینما,دانشگاه هنر تهران
1395,هنر,146,36,منطقه 2,نوازندگی موسیقی جهانی,دانشگاه تهران
1395,هنر,148,105,منطقه 1,ادبیات نمایشی,دانشگاه هنر تهران
1395,هنر,152,38,منطقه 2,طراحی لباس,دانشگاه الزهرا(س) - تهران
1395,هنر,160,42,منطقه 2,سینما,دانشگاه غیرانتفاعی سوره - تهران
1395,هنر,179,123,منطقه 1,نقاشی,دانشگاه هنر تهران
1395,هنر,184,126,منطقه 1,طراحی پارچه,دانشگاه هنر تهران
1395,هنر,199,5,منطقه 3,نقاشی,دانشگاه تهران
1395,هنر,223,61,منطقه 2,بازیگری,دانشگاه تهران
1395,هنر,230,156,منطقه 1,بازیگری,دانشگاه هنر تهران
1395,هنر,234,158,منطقه 1,طراحی صنعتی,دانشگاه علم و صنعت ایران - تهران
1395,هنر,238,7,منطقه 3,آهنگسازی,دانشگاه هنر (محل تحصیل پردیس کرج)
1395,هنر,240,68,منطقه 2,مجسمه سازی,دانشگاه تهران
1395,هنر,248,165,منطقه 1,مهندسی برق,دانشگاه صنعتی شریف - تهران
1395,هنر,251,70,منطقه 2,ارتباط تصویری,دانشگاه هنر تهران
1395,هنر,263,176,منطقه 1,ارتباط تصویری,دانشگاه الزهرا(س) - تهران
1395,هنر,268,75,منطقه 2,بازیگری,دانشگاه شهید باهنر - کرمان
1395,هنر,270,76,منطقه 2,علوم قضایی,دانشگاه علوم قضایی و خدمات ادارای دادگستری
1395,هنر,279,80,منطقه 2,مهندسی شیمی,دانشگاه صنعتی شریف - تهران
1395,هنر,283,9,منطقه 3,مجسمه سازی,دانشگاه تهران
1395,هنر,286,10,منطقه 3,مهندسی صنایع مبلمان - بومی استان اردبیل,دانشگاه تربیت دبیر شهید رجایی - تهران (رشته های دارای تعهد به آموزش و پرورش)
1395,هنر,290,188,منطقه 1,نوازندگی موسیقی جهانی,دانشگاه هنر (محل تحصیل پردیس کرج)
1395,هنر,293,189,منطقه 1,مهندسی نفت,دانشگاه تهران
1395,هنر,295,88,منطقه 2,سینما,دانشگاه غیرانتفاعی سوره - تهران
1395,هنر,326,96,منطقه 2,بازیگری,دانشگاه هنر تهران
1395,هنر,328,97,منطقه 2,طراحی لباس,دانشگاه الزهرا(س) - تهران
1395,هنر,341,216,منطقه 1,سینما,دانشگاه غیرانتفاعی سوره - تهران
1395,هنر,349,105,منطقه 2,مهندسی معماری,دانشگاه صنعتی بابل
1395,هنر,353,107,منطقه 2,علوم کامپیوتر,دانشگاه صنعتی شریف - تهران
1395,هنر,365,112,منطقه 2,مجسمه سازی,دانشگاه تهران
1395,هنر,379,116,منطقه 2,مهندسی خط و سازه های ریلی,دانشگاه علم و صنعت ایران - تهران
1395,هنر,393,123,منطقه 2,فرش,دانشگاه هنر تهران
1395,هنر,450,146,منطقه 2,ارتباط تصویری,دانشگاه هنر اصفهان
1395,هنر,452,147,منطقه 2,ارتباط تصویری,دانشگاه الزهرا(س) - تهران
1395,هنر,461,151,منطقه 2,طراحی صنعتی,دانشگاه الزهرا(س) - تهران
1395,هنر,468,288,منطقه 1,فرش,دانشگاه هنر تهران
1395,هنر,471,155,منطقه 2,مرمت و احیای بناهای تاریخی,دانشگاه بین المللی امام خمینی(ره) - قزوین
1395,هنر,485,19,منطقه 3,ارتباط تصویری,دانشگاه هنر تهران
1395,هنر,491,300,منطقه 1,بازیگری,دانشگاه شهید باهنر - کرمان
1395,هنر,500,13,ایثارگران,بازیگری,دانشگاه تهران
1395,هنر,500,164,منطقه 2,سینما,دانشگاه غیرانتفاعی سوره - تهران
1395,هنر,517,173,منطقه 2,نقاشی,دانشگاه غیرانتفاعی سوره - تهران
1395,هنر,524,177,منطقه 2,نقاشی,دانشگاه غیرانتفاعی سوره - تهران
1395,هنر,526,22,منطقه 3,سینما,دانشگاه غیرانتفاعی سوره - تهران
1395,هنر,569,195,منطقه 2,طراحی صحنه,دانشگاه تهران
1395,هنر,577,199,منطقه 2,علوم کامپیوتر,دانشگاه تهران
1395,هنر,603,205,منطقه 2,طراحی صنعتی,دانشگاه الزهرا(س) - تهران
1395,هنر,613,207,منطقه 2,دندانپزشکی - محل تحصیل پردیس خودگردان دانشگاه واقع درتهران,دانشگاه علوم پزشکی شهیدبهشتی - تهران
1395,هنر,620,369,منطقه 1,صنایع دستی,دانشگاه الزهرا(س) - تهران
1395,هنر,636,216,منطقه 2,نقاشی,دانشگاه هنر تهران
1395,هنر,657,227,منطقه 2,ارتباط تصویری,دانشگاه یزد
1395,هنر,673,31,منطقه 3,نقاشی,دانشگاه تهران
1395,هنر,673,232,منطقه 2,تلویزیون و هنرهای دیجیتالی,دانشگاه دامغان
1395,هنر,690,32,منطقه 3,ادبیات نمایشی,دانشگاه تهران
1395,هنر,707,414,منطقه 1,مهندسی معماری,دانشگاه تهران
1395,هنر,723,248,منطقه 2,فرش,دانشگاه هنر تهران
1395,هنر,732,254,منطقه 2,مهندسی هوا فضا,دانشگاه صنعتی شریف - تهران
1395,هنر,737,256,منطقه 2,فرش,دانشگاه هنر تهران
1395,هنر,740,259,منطقه 2,نقاشی,دانشگاه غیرانتفاعی سوره - تهران
1395,هنر,755,265,منطقه 2,طراحی صنعتی,دانشگاه هنر اصفهان
1395,هنر,758,435,منطقه 1,مهندسی مکانیک,دانشگاه صنعتی اصفهان
1395,هنر,760,436,منطقه 1,طراحی پارچه,دانشگاه هنر تهران
1395,هنر,800,284,منطقه 2,آموزش ارتباط تصویری - بومی استان اصفهان,پردیس نسیبه - تهران
1395,هنر,805,285,منطقه 2,طراحی صنعتی,دانشگاه هنر اصفهان
1395,هنر,855,47,منطقه 3,طراحی صنعتی,دانشگاه هنر تهران
1395,هنر,888,318,منطقه 2,فرش,دانشگاه هنر اصفهان
1395,هنر,907,511,منطقه 1,مدیریت مالی,دانشگاه رازی کرمانشاه (محل تحصیل جوانرود)
1395,هنر,913,325,منطقه 2,علوم اقتصادی,دانشگاه شهید بهشتی - تهران
1395,هنر,933,333,منطقه 2,آموزش ریاضی - بومی استان خراسان جنوبی,پردیس شهید باهنر - کرمان
1395,هنر,937,55,منطقه 3,طراحی صنعتی,دانشگاه تهران
1395,هنر,960,341,منطقه 2,مهندسی کامپیوتر,دانشگاه علم و صنعت ایران - تهران
1395,زبان,1,1,منطقه 1,پزشکی - نیمسال دوم,دانشگاه علوم پزشکی شهید بهشتی - تهران
1395,زبان,2,2,منطقه 1,پزشکی - نیمسال اول,دانشگاه علوم پزشکی شهید بهشتی - تهران
1395,زبان,3,3,منطقه 1,مهندسی مکانیک,دانشگاه صنعتی شریف - تهران
1395,زبان,4,1,منطقه 2,مهندسی کامپیوتر,دانشگاه صنعتی شریف - تهران
1395,زبان,8,5,منطقه 1,پزشکی,دانشگاه علوم پزشکی تهران
1395,زبان,14,3,منطقه 2,پزشکی,دانشگاه علوم پزشکی بم
1395,زبان,19,2,منطقه 3,مهندسی کامپیوتر,دانشگاه صنعتی شریف - تهران
1395,زبان,21,6,منطقه 2,پزشکی,دانشگاه علوم پزشکی ایران
1395,زبان,22,7,منطقه 2,پزشکی - نیمسال اول,دانشگاه علوم پزشکی البرز - کرج
1395,زبان,24,8,منطقه 2,پزشکی - نیمسال اول,دانشگاه علوم پزشکی شهید بهشتی - تهران
1395,زبان,29,9,منطقه 2,پزشکی,دانشگاه علوم پزشکی تهران
1395,زبان,31,17,منطقه 1,مهندسی برق,دانشگاه صنعتی شریف - تهران
1395,زبان,32,11,منطقه 2,مهندسی عمران,دانشگاه تهران
1395,زبان,32,18,منطقه 1,مهندسی برق,دانشگاه صنعتی شریف - تهران
1395,زبان,35,12,منطقه 2,پزشکی,دانشگاه علوم پزشکی تهران
1395,زبان,38,20,منطقه 1,پزشکی,دانشگاه علوم پزشکی تهران
1395,زبان,39,21,منطقه 1,مهندسی عمران,دانشگاه صنعتی شریف - تهران
1395,زبان,40,15,منطقه 2,داروسازی,دانشگاه علوم پزشکی تهران
1395,زبان,42,16,منطقه 2,مهندسی برق,دانشگاه صنعتی شریف - تهران
1395,زبان,46,17,منطقه 2,دندانپزشکی - نیمسال دوم,دانشگاه علوم پزشکی شهید بهشتی - تهران
1395,زبان,47,3,ایثارگران,پزشکی,دانشگاه علوم پزشکی تهران
1395,زبان,53,29,منطقه 1,مهندسی کامپیوتر,دانشگاه صنعتی شریف - تهران
1395,زبان,55,31,منطقه 1,مهندسی برق,دانشگاه صنعتی شریف - تهران
1395,زبان,57,5,منطقه 3,پزشکی,دانشگاه علوم پزشکی تهران
1395,زبان,58,6,منطقه 3,دندانپزشکی,دانشگاه علوم پزشکی اصفهان
1395,زبان,59,18,منطقه 2,مهندسی کامپیوتر,دانشگاه صنعتی شریف - تهران
1395,زبان,60,19,منطقه 2,پزشکی - نیمسال دوم,دانشگاه علوم پزشکی شهید بهشتی - تهران
1395,زبان,63,35,منطقه 1,پزشکی - نیمسال اول,دانشگاه علوم پزشکی اصفهان
1395,زبان,64,7,منطقه 3,پزشکی - نیمسال دوم,دانشگاه علوم پزشکی شهید بهشتی - تهران
1395,زبان,67,8,منطقه 3,پزشکی,دانشگاه علوم پزشکی تهران
1395,زبان,68,38,منطقه 1,پزشکی - نیمسال دوم,دانشگاه علوم پزشکی شهید بهشتی - تهران
1395,زبان,69,20,منطقه 2,پزشکی,دانشگاه علوم پزشکی ایران
1395,زبان,70,21,منطقه 2,مهندسی کامپیوتر,دانشگاه صنعتی شریف - تهران
1395,زبان,72,22,منطقه 2,علوم کامپیوتر,دانشگاه صنعتی شریف - تهران
1395,زبان,72,40,منطقه 1,پزشکی,دانشگاه علوم پزشکی اصفهان
1395,زبان,74,23,منطقه 2,پزشکی - نیمسال اول,دانشگاه علوم پزشکی شهرکرد
1395,زبان,75,24,منطقه 2,مهندسی برق,دانشگاه صنعتی شریف - تهران
1395,زبان,76,41,منطقه 1,دندانپزشکی,دانشگاه علوم پزشکی اصفهان
1395,زبان,78,25,منطقه 2,پزشکی - نیمسال اول,دانشگاه علوم پزشکی شیراز
1395,زبان,80,43,منطقه 1,پزشکی,دانشگاه علوم پزشکی تهران
1395,زبان,83,45,منطقه 1,مهندسی مکانیک,دانشگاه تهران
1395,زبان,85,47,منطقه 1,مهندسی برق,دانشگاه صنعتی شریف - تهران
1395,زبان,88,28,منطقه 2,پزشکی,دانشگاه علوم پزشکی تهران
1395,زبان,95,29,منطقه 2,پزشکی,دانشگاه علوم پزشکی تهران
1395,زبان,97,56,منطقه 1,مهندسی شیمی,دانشگاه صنعتی شریف - تهران
1395,زبان,97,56,منطقه 1,مهندسی صنایع,دانشگاه صنعتی شریف - تهران
1395,زبان,100,31,منطقه 2,مهندسی عمران,دانشگاه صنعتی شریف - تهران
1395,زبان,101,32,منطقه 2,دکترای پیوسته بیوتکنولوژی,دانشگاه تهران
1395,زبان,101,32,منطقه 2,پزشکی,دانشگاه علوم پزشکی کرمان
1395,زبان,108,37,منطقه 2,دندانپزشکی,دانشگاه علوم پزشکی تبریز
1395,زبان,109,38,منطقه 2,پزشکی,دانشگاه علوم پزشکی تهران
1395,زبان,113,62,منطقه 1,مهندسی برق,دانشگاه صنعتی شریف - تهران
1395,زبان,113,62,منطقه 1,مهندسی کامپیوتر,دانشگاه صنعتی شریف - تهران
1395,زبان,115,40,منطقه 2,مهندسی عمران,دانشگاه صنعتی شریف - تهران
1395,زبان,116,64,منطقه 1,مهندسی کامپیوتر,دانشگاه صنعتی شریف - تهران
1395,زبان,118,41,منطقه 2,مهندسی برق,دانشگاه صنعتی شریف - تهران
1395,زبان,126,42,منطقه 2,مهندسی برق,دانشگاه صنعتی شریف - تهران
1395,زبان,127,73,منطقه 1,مهندسی کامپیوتر,دانشگاه صنعتی شریف - تهران
1395,زبان,128,43,منطقه 2,دندانپزشکی,دانشگاه علوم پزشکی کرمان
1395,زبان,129,44,منطقه 2,پزشکی,دانشگاه علوم پزشکی ایران
1395,زبان,129,74,منطقه 1,پزشکی - نیمسال اول,دانشگاه علوم پزشکی مشهد
1395,زبان,132,10,منطقه 3,مهندسی برق,دانشگاه تهران
1395,زبان,134,11,منطقه 3,پزشکی - نیمسال اول,دانشگاه علوم پزشکی شهید بهشتی - تهران
1395,زبان,135,45,منطقه 2,پزشکی,دانشگاه علوم پزشکی تهران
1395,زبان,137,78,منطقه 1,مهندسی کامپیوتر,دانشگاه صنعتی شریف - تهران
1395,زبان,143,83,منطقه 1,مهندسی برق,دانشگاه صنعتی شریف - تهران
1395,زبان,145,47,منطقه 2,پزشکی,دانشگاه علوم پزشکی تهران
1395,زبان,147,49,منطقه 2,دندانپزشکی - نیمسال اول,دانشگاه علوم پزشکی شهید بهشتی - تهران
1395,زبان,148,13,منطقه 3,مهندسی کامپیوتر,دانشگاه صنعتی شریف - تهران
1395,زبان,149,50,منطقه 2,مهندسی برق - مهندسی مخابرات هوا پیمایی,مرکز آموزش عالی هوانوردی و فرودگاهی کشور
1395,زبان,151,52,منطقه 2,مهندسی عمران,دانشگاه صنعتی امیرکبیر - تهران
1395,زبان,151,52,منطقه 2,پزشکی,دانشگاه علوم پزشکی تهران
1395,زبان,155,54,منطقه 2,پزشکی - نیمسال اول,دانشگاه علوم پزشکی تبریز
1395,زبان,156,86,منطقه 1,دامپزشکی,دانشگاه شهید چمران اهواز
1395,زبان,157,87,منطقه 1,پزشکی,دانشگاه علوم پزشکی فسا
1395,زبان,158,14,منطقه 3,پزشکی,دانشگاه علوم پزشکی کرمان
1395,زبان,159,55,منطقه 2,پزشکی,دانشگاه علوم پزشکی اردبیل
1395,زبان,163,58,منطقه 2,پزشکی,دانشگاه علوم پزشکی تهران
1395,زبان,165,90,منطقه 1,مهندسی کامپیوتر,دانشگاه تهران
1395,زبان,167,15,منطقه 3,پزشکی - نیمسال اول,دانشگاه علوم پزشکی شیراز
1395,زبان,168,59,منطقه 2,پزشکی - نیمسال اول,دانشگاه علوم پزشکی جندی شاپور اهواز
1395,زبان,171,60,منطقه 2,مهندسی مکانیک,دانشگاه صنعتی شریف - تهران
1395,زبان,173,61,منطقه 2,مهندسی مکانیک,دانشگاه صنعتی شریف - تهران
1395,زبان,174,62,منطقه 2,پزشکی - نیمسال دوم,دانشگاه علوم پزشکی شهید بهشتی - تهران
1395,زبان,177,96,منطقه 1,پزشکی - نیمسال اول,دانشگاه علوم پزشکی تبریز
1395,زبان,178,16,منطقه 3,پزشکی - نیمسال اول,دانشگاه علوم پزشکی مشهد
1395,زبان,179,63,منطقه 2,مهندسی برق,دانشگاه صنعتی شریف - تهران
1395,زبان,181,64,منطقه 2,پزشکی,دانشگاه علوم پزشکی تهران
1395,زبان,185,101,منطقه 1,علوم کامپیوتر,دانشگاه صنعتی شریف - تهران
1395,زبان,186,102,منطقه 1,مهندسی برق,دانشگاه صنعتی امیرکبیر - تهران
1395,زبان,189,65,منطقه 2,داروسازی,دانشگاه علوم پزشکی اردبیل
1395,زبان,189,65,منطقه 2,مهندسی برق,دانشگاه صنعتی شریف - تهران
1395,زبان,192,105,منطقه 1,مهندسی کامپیوتر,دانشگاه صنعتی امیرکبیر - تهران
1395,زبان,194,68,منطقه 2,پزشکی,دانشگاه علوم پزشکی رفسنجان
1395,زبان,195,69,منطقه 2,پزشکی,دانشگاه علوم پزشکی اردبیل
1395,زبان,196,70,منطقه 2,مهندسی مواد و متالور‍ژی,دانشگاه صنعتی شریف - تهران
1395,زبان,196,70,منطقه 2,مهندسی کامپیوتر,دانشگاه تهران
1395,زبان,201,18,منطقه 3,گفتاردرمانی,دانشگاه علوم پزشکی ایران
1395,زبان,202,109,منطقه 1,پزشکی,دانشگاه علوم پزشکی تهران
1395,زبان,203,19,منطقه 3,پزشکی - نیمسال اول,دانشگاه علوم پزشکی مشهد
1395,زبان,206,111,منطقه 1,پزشکی - نیمسال دوم,دانشگاه علوم پزشکی شیراز
1395,زبان,208,73,منطقه 2,پزشکی - نیمسال دوم,دانشگاه علوم پزشکی جندی شاپور اهواز
1395,زبان,208,113,منطقه 1,داروسازی,دانشگاه علوم پزشکی تهران
1395,زبان,211,20,منطقه 3,پزشکی,دانشگاه علوم پزشکی ایران
1395,زبان,211,74,منطقه 2,پزشکی - نیمسال دوم,دانشگاه علوم پزشکی شهید بهشتی - تهران
1395,زبان,211,114,منطقه 1,مهندسی مکانیک,دانشگاه صنعتی شریف - تهران
1395,زبان,213,75,منطقه 2,پزشکی,دانشگاه علوم پزشکی تهران
1395,زبان,214,76,منطقه 2,مهندسی عمران,دانشگاه صنعتی شریف - تهران
1395,زبان,217,116,منطقه 1,پزشکی - نیمسال اول,دانشگاه علوم پزشکی اصفهان
1395,زبان,222,78,منطقه 2,مهندسی برق,دانشگاه صنعتی شریف - تهران
1395,زبان,224,79,منطقه 2,پزشکی - نیمسال اول,دانشگاه علوم پزشکی مشهد
1395,زبان,226,21,منطقه 3,پزشکی - نیمسال دوم,دانشگاه علوم پزشکی تبریز
1395,زبان,227,123,منطقه 1,دکترای پیوسته بیوتکنولوژی,دانشگاه تهران
1395,زبان,228,80,منطقه 2,مهندسی برق,دانشگاه تهران
1395,زبان,229,81,منطقه 2,پزشکی - نیمسال اول,دانشگاه علوم پزشکی جندی شاپور اهواز
1395,زبان,229,124,منطقه 1,مهندسی برق,دانشگاه صنعتی شریف - تهران
1395,زبان,231,125,منطقه 1,مهندسی عمران,دانشگاه تبریز
1395,زبان,232,82,منطقه 2,پزشکی,دانشگاه علوم پزشکی کرمان
1395,زبان,239,83,منطقه 2,پزشکی,دانشگاه علوم پزشکی ایران
1395,زبان,239,132,منطقه 1,مهندسی کامپیوتر,دانشگاه علم و صنعت ایران - تهران
1395,زبان,243,135,منطقه 1,پزشکی - نیمسال اول,دانشگاه علوم پزشکی اراک
1395,زبان,248,23,منطقه 3,مهندسی کامپیوتر,دانشگاه صنعتی اصفهان
1395,زبان,249,138,منطقه 1,مهندسی مکانیک,دانشگاه صنعتی امیرکبیر - تهران
1395,زبان,250,85,منطقه 2,پزشکی - نیمسال اول,دانشگاه علوم پزشکی البرز - کرج
1395,زبان,251,86,منطقه 2,دندانپزشکی - بومی استان گیلان,دانشگاه علوم پزشکی گیلان - رشت
1395,زبان,253,24,منطقه 3,مهندسی برق,دانشگاه تهران
1395,زبان,254,87,منطقه 2,پزشکی - نیمسال اول,دانشگاه علوم پزشکی سمنان
1395,زبان,256,25,منطقه 3,دندانپزشکی - نیمسال اول,دانشگاه علوم پزشکی زاهدان
1395,زبان,263,88,منطقه 2,پزشکی,دانشگاه علوم پزشکی بابل
1395,زبان,265,89,منطقه 2,مهندسی کامپیوتر,دانشگاه صنعتی شریف - تهران
1395,زبان,266,146,منطقه 1,مهندسی کامپیوتر,دانشگاه صنعتی شریف - تهران
1395,زبان,268,27,منطقه 3,پزشکی,دانشگاه علوم پزشکی تهران
1395,زبان,272,149,منطقه 1,زبان و ادبیات انگلیسی,دانشگاه تهران
1395,زبان,273,91,منطقه 2,مهندسی هوا فضا,دانشگاه صنعتی شریف - تهران
1395,زبان,275,92,منطقه 2,پزشکی - نیمسال دوم,دانشگاه علوم پزشکی شهید بهشتی - تهران
1395,زبان,278,29,منطقه 3,مهندسی مکانیک,دانشگاه صنعتی خواجه نصیرالدین طوسی - تهران
1395,زبان,278,152,منطقه 1,پزشکی - نیمسال اول,دانشگاه علوم پزشکی شیراز
1395,زبان,280,94,منطقه 2,پزشکی,دانشگاه علوم پزشکی تهران
1395,زبان,286,96,منطقه 2,پزشکی,دانشگاه علوم پزشکی اردبیل
1395,زبان,286,96,منطقه 2,پزشکی - نیمسال دوم,دانشگاه علوم پزشکی شهید بهشتی - تهران
1395,زبان,286,155,منطقه 1,پزشکی - نیمسال اول,دانشگاه علوم پزشکی اصفهان
1395,زبان,289,98,منطقه 2,مهندسی کامپیوتر,دانشگاه تهران
1395,زبان,289,157,منطقه 1,پرستاری - نیمسال دوم,دانشگاه علوم پزشکی ایران
1395,زبان,293,158,منطقه 1,پزشکی - نیمسال اول,دانشگاه علوم پزشکی شیراز
1395,زبان,294,99,منطقه 2,پزشکی,دانشگاه علوم پزشکی بابل
1395,زبان,294,159,منطقه 1,داروسازی - بومی استان خراسان رضوی,دانشگاه علوم پزشکی مشهد
1395,زبان,296,100,منطقه 2,دندانپزشکی,دانشگاه علوم پزشکی مشهد
1395,زبان,297,101,منطقه 2,هوشبری,دانشگاه علوم پزشکی گیلان - رشت (محل تحصیل پیرا پزشکی لنگرود)
1395,زبان,298,102,منطقه 2,پزشکی,دانشگاه علوم پزشکی تهران
1395,زبان,302,163,منطقه 1,پزشکی,دانشگاه علوم پزشکی تهران
1395,زبان,305,104,منطقه 2,مهندسی برق,دانشگاه صنعتی امیرکبیر - تهران
1395,زبان,309,168,منطقه 1,دندانپزشکی,دانشگاه علوم پزشکی تبریز
1395,زبان,316,106,منطقه 2,پزشکی,دانشگاه علوم پزشکی تهران
1395,زبان,320,175,منطقه 1,پزشکی - نیمسال اول,دانشگاه علوم پزشکی اصفهان
1395,زبان,321,109,منطقه 2,مهندسی نفت,دانشگاه صنعتی شریف - تهران
1395,زبان,322,176,منطقه 1,دندانپزشکی,دانشگاه علوم پزشکی مشهد
1395,زبان,323,177,منطقه 1,دکترای پیوسته بیوتکنولوژی,دانشگاه تهران
1395,زبان,324,110,منطقه 2,دندانپزشکی,دانشگاه علوم پزشکی بیرجند
1395,زبان,325,111,منطقه 2,دندانپزشکی - بومی استان خراسان جنوبی,دانشگاه علوم پزشکی بیرجند
1395,زبان,329,113,منطقه 2,پزشکی,دانشگاه علوم پزشکی کرمان
1395,زبان,329,179,منطقه 1,مهندسی برق,دانشگاه علم و صنعت ایران - تهران
1395,زبان,333,115,منطقه 2,حقوق,دانشگاه تهران
1395,زبان,336,182,منطقه 1,علوم کامپیوتر,دانشگاه صنعتی شریف - تهران
1395,زبان,337,117,منطقه 2,دندانپزشکی,دانشگاه علوم پزشکی بابل
1395,زبان,340,118,منطقه 2,مهندسی معماری,دانشگاه هنر (محل تحصیل پردیس کرج)
1395,زبان,341,119,منطقه 2,پزشکی,دانشگاه علوم پزشکی تهران
1395,زبان,341,185,منطقه 1,پزشکی - نیمسال دوم,دانشگاه علوم پزشکی شیراز
1395,زبان,343,120,منطقه 2,مهندسی برق,دانشگاه صنعتی امیرکبیر - تهران
1395,زبان,343,186,منطقه 1,دندانپزشکی,دانشگاه علوم پزشکی کرمان
1395,زبان,345,33,منطقه 3,مهندسی کامپیوتر,دانشگاه صنعتی امیرکبیر - تهران
1395,زبان,348,122,منطقه 2,مهندسی عمران,دانشگاه تهران
1395,زبان,349,123,منطقه 2,زبان و ادبیات انگلیسی,دانشگاه تهران
1395,زبان,350,124,منطقه 2,پزشکی - نیمسال دوم,دانشگاه علوم پزشکی اصفهان
1395,زبان,351,125,منطقه 2,مهندسی هوا فضا,دانشگاه صنعتی امیرکبیر - تهران
1395,زبان,353,34,منطقه 3,پزشکی - نیمسال دوم,دانشگاه علوم پزشکی مشهد
1395,زبان,356,191,منطقه 1,دندانپزشکی - بومی استان خراسان رضوی,دانشگاه علوم پزشکی مشهد
1395,زبان,358,126,منطقه 2,مهندسی کامپیوتر,دانشگاه شهید بهشتی - تهران
1395,زبان,360,127,منطقه 2,دندانپزشکی - نیمسال دوم,دانشگاه علوم پزشکی شهید بهشتی - تهران
1395,زبان,363,128,منطقه 2,مهندسی صنایع,دانشگاه صنعتی امیرکبیر - تهران
1395,زبان,371,203,منطقه 1,دندانپزشکی,دانشگاه علوم پزشکی بندرعباس
1395,زبان,375,129,منطقه 2,پزشکی - نیمسال اول,دانشگاه علوم پزشکی همدان
1395,زبان,377,35,منطقه 3,مهندسی کامپیوتر - بومی استان خراسان جنوبی,دانشگاه تربیت دبیر شهید رجایی - تهران (رشته های دارای تعهد به آموزش و پرورش)
1395,زبان,379,130,منطقه 2,کارشناسی ارشد پیوسته معارف اسلامی و حقوق,دانشگاه شهید باهنر - کرمان
1395,زبان,383,211,منطقه 1,پزشکی - نیمسال اول,دانشگاه علوم پزشکی شهیدبهشتی - تهران
1395,زبان,385,133,منطقه 2,پزشکی - نیمسال اول,دانشگاه علوم پزشکی مشهد
1395,زبان,387,36,منطقه 3,مهندسی مکانیک,دانشگاه صنعتی امیرکبیر - تهران
1395,زبان,389,37,منطقه 3,پزشکی - نیمسال اول,دانشگاه علوم پزشکی تبریز
1395,زبان,389,135,منطقه 2,آموزش ابتدایی - بومی استان یزد,پردیس فاطمه الزهرا (س) - یزد
1395,زبان,391,136,منطقه 2,مهندسی عمران,دانشگاه تهران
1395,زبان,394,213,منطقه 1,دندانپزشکی,دانشگاه علوم پزشکی شیراز
1395,زبان,397,138,منطقه 2,مهندسی صنایع,دانشگاه تهران
1395,زبان,399,216,منطقه 1,مهندسی کامپیوتر,دانشگاه صنعتی اصفهان
1395,زبان,405,141,منطقه 2,مهندسی پلیمر,دانشگاه تهران
1395,زبان,406,142,منطقه 2,مهندسی عمران,دانشگاه علم و صنعت ایران - تهران
1395,زبان,407,143,منطقه 2,پزشکی - نیمسال اول,دانشگاه علوم پزشکی شهید بهشتی - تهران
1395,زبان,410,144,منطقه 2,مهندسی برق,دانشگاه علم و صنعت ایران - تهران
1395,زبان,412,223,منطقه 1,مهندسی کامپیوتر,دانشگاه صنعتی اصفهان
1395,زبان,415,40,منطقه 3,کارشناسی ارشد پیوسته علوم قضایی,دانشگاه علوم قضایی و خدمات ادارای دادگستری
1395,زبان,415,145,منطقه 2,پزشکی - نیمسال دوم,دانشگاه علوم پزشکی شهیدبهشتی - تهران
1395,زبان,419,41,منطقه 3,حقوق,دانشگاه تهران
1395,زبان,420,42,منطقه 3,پزشکی - نیمسال اول,دانشگاه علوم پزشکی شهرکرد
1395,زبان,421,146,منطقه 2,پزشکی,دانشگاه علوم پزشکی تهران
1395,زبان,424,147,منطقه 2,پزشکی,دانشگاه علوم پزشکی بابل
1395,زبان,430,233,منطقه 1,مهندسی کامپیوتر,دانشگاه تبریز
1395,زبان,436,237,منطقه 1,پزشکی - نیمسال دوم,دانشگاه علوم پزشکی مازندران - ساری
1395,زبان,441,150,منطقه 2,دندانپزشکی,دانشگاه علوم پزشکی قزوین
1395,زبان,443,152,منطقه 2,مهندسی کامپیوتر,دانشگاه صنعتی امیرکبیر - تهران
1395,زبان,446,44,منطقه 3,مهندسی برق,دانشگاه تهران
1395,زبان,446,153,منطقه 2,پزشکی - نیمسال دوم,دانشگاه علوم پزشکی شهید بهشتی - تهران
1395,زبان,450,155,منطقه 2,مهندسی مواد و متالور‍ژی,دانشگاه صنعتی اصفهان
1395,زبان,450,155,منطقه 2,پزشکی,دانشگاه علوم پزشکی تهران
1395,زبان,452,245,منطقه 1,مهندسی عمران,دانشگاه صنعتی شریف - تهران
1395,زبان,453,157,منطقه 2,پزشکی,دانشگاه علوم پزشکی رفسنجان
1395,زبان,456,248,منطقه 1,مهندسی پزشکی,دانشگاه صنعتی امیرکبیر - تهران
1395,زبان,457,45,منطقه 3,پزشکی,دانشگاه علوم پزشکی زنجان
1395,زبان,460,158,منطقه 2,پزشکی,دانشگاه علوم پزشکی ایران
1395,زبان,460,250,منطقه 1,مهندسی عمران,دانشگاه صنعتی شریف - تهران
1395,زبان,463,251,منطقه 1,پرستاری - نیمسال اول,دانشگاه علوم پزشکی شهید بهشتی - تهران
1395,زبان,463,251,منطقه 1,پزشکی - نیمسال اول,دانشگاه علوم پزشکی مشهد
1395,زبان,465,160,منطقه 2,پزشکی,دانشگاه علوم پزشکی کرمانشاه
1395,زبان,466,253,منطقه 1,حقوق,دانشگاه تهران
1395,زبان,466,253,منطقه 1,دکترای پیوسته بیوتکنولوژی,دانشگاه تهران
1395,زبان,470,161,منطقه 2,پزشکی - نیمسال اول,دانشگاه علوم پزشکی اصفهان
1395,زبان,472,163,منطقه 2,پزشکی - نیمسال اول,دانشگاه علوم پزشکی شهید بهشتی - تهران
1395,زبان,473,164,منطقه 2,دندانپزشکی,دانشگاه علوم پزشکی شیراز
1395,زبان,476,166,منطقه 2,پزشکی - نیمسال اول,دانشگاه علوم پزشکی تبریز
1395,زبان,478,168,منطقه 2,دندانپزشکی - نیمسال اول,دانشگاه علوم پزشکی شهید بهشتی - تهران
1395,زبان,483,259,منطقه 1,دندانپزشکی - نیمسال دوم,دانشگاه علوم پزشکی شهید بهشتی - تهران
1395,زبان,488,48,منطقه 3,دندانپزشکی,دانشگاه علوم پزشکی شیراز
1395,زبان,489,170,منطقه 2,پزشکی,دانشگاه علوم پزشکی کاشان
1395,زبان,492,172,منطقه 2,پزشکی,دانشگاه علوم پزشکی تهران
1395,زبان,495,173,منطقه 2,علوم کامپیوتر,دانشگاه تهران
1395,زبان,497,174,منطقه 2,پزشکی,دانشگاه علوم پزشکی ایران
1395,زبان,497,174,منطقه 2,پزشکی - بومی استان خراسان رضوی,دانشگاه علوم پزشکی مشهد
1395,زبان,501,176,منطقه 2,پزشکی,دانشگاه علوم پزشکی فسا
1395,زبان,502,177,منطقه 2,علوم اقتصادی,دانشگاه شهید چمران اهواز
1395,زبان,504,178,منطقه 2,تکنولوژی پرتودرمانی,دانشگاه علوم پزشکی بابل
1395,زبان,506,271,منطقه 1,دندانپزشکی - نیمسال اول,دانشگاه علوم پزشکی شهید بهشتی - تهران
1395,زبان,509,49,منطقه 3,پزشکی,دانشگاه علوم پزشکی تهران
1395,زبان,514,277,منطقه 1,مهندسی مکانیک,دانشگاه تهران
1395,زبان,516,50,منطقه 3,مهندسی برق,دانشگاه صنعتی شریف - تهران
1395,زبان,518,279,منطقه 1,مهندسی صنایع,دانشگاه صنعتی امیرکبیر - تهران
1395,زبان,519,51,منطقه 3,پزشکی - نیمسال دوم,دانشگاه علوم پزشکی همدان
1395,زبان,521,281,منطقه 1,مهندسی برق,دانشگاه تهران
1395,زبان,523,52,منطقه 3,مهندسی کامپیوتر,دانشگاه صنعتی امیرکبیر - تهران
1395,زبان,525,284,منطقه 1,پزشکی - بومی استان خراسان رضوی,دانشگاه علوم پزشکی مشهد
1395,زبان,529,53,منطقه 3,مهندسی مکانیک,دانشگاه صنعتی شریف - تهران
1395,زبان,529,287,منطقه 1,مهندسی برق,دانشگاه تهران
1395,زبان,531,183,منطقه 2,پزشکی - نیمسال دوم,دانشگاه علوم پزشکی شهید بهشتی - تهران
1395,زبان,533,54,منطقه 3,پزشکی,دانشگاه علوم پزشکی ایران
1395,زبان,534,185,منطقه 2,پزشکی - نیمسال دوم,دانشگاه علوم پزشکی شهید بهشتی - تهران
1395,زبان,535,288,منطقه 1,مهندسی برق,دانشگاه تهران
1395,زبان,537,186,منطقه 2,پزشکی,دانشگاه علوم پزشکی بابل
1395,زبان,539,187,منطقه 2,پزشکی,دانشگاه علوم پزشکی تهران
1395,زبان,541,188,منطقه 2,پزشکی - نیمسال اول,دانشگاه علوم پزشکی سبزوار
1395,زبان,544,191,منطقه 2,مهندسی کامپیوتر,دانشگاه صنعتی شریف - تهران
1395,زبان,546,293,منطقه 1,پزشکی - نیمسال اول,دانشگاه علوم پزشکی اصفهان
1395,زبان,547,55,منطقه 3,مهندسی برق,دانشگاه صنعتی امیرکبیر - تهران
1395,زبان,555,300,منطقه 1,مهندسی برق,دانشگاه صنعتی شریف - تهران
1395,زبان,558,302,منطقه 1,پزشکی,دانشگاه علوم پزشکی کرمان
1395,زبان,560,304,منطقه 1,کارشناسی ارشد پیوسته علوم قضایی,دانشگاه علوم قضایی و خدمات ادارای دادگستری
1395,زبان,562,306,منطقه 1,مهندسی مکانیک,دانشگاه صنعتی شریف - تهران
1395,زبان,564,57,منطقه 3,داروسازی,دانشگاه علوم پزشکی یزد
1395,زبان,566,58,منطقه 3,مهندسی برق,دانشگاه صنعتی شریف - تهران
1395,زبان,569,193,منطقه 2,پزشکی,دانشگاه علوم پزشکی ایران
1395,زبان,569,193,منطقه 2,پزشکی - نیمسال اول,دانشگاه علوم پزشکی اراک
1395,زبان,571,311,منطقه 1,مهندسی مکانیک,دانشگاه تبریز
1395,زبان,571,311,منطقه 1,پزشکی,دانشگاه علوم پزشکی فسا
1395,زبان,573,313,منطقه 1,مهندسی شیمی,دانشگاه تهران
1395,زبان,576,195,منطقه 2,پزشکی,دانشگاه علوم پزشکی کرمانشاه
1395,زبان,578,59,منطقه 3,پزشکی - نیمسال اول,دانشگاه علوم پزشکی گیلان - رشت
1395,زبان,581,196,منطقه 2,پزشکی - نیمسال اول,دانشگاه علوم پزشکی شاهرود
1395,زبان,584,197,منطقه 2,مهندسی برق,دانشگاه صنعتی امیرکبیر - تهران
1395,زبان,584,321,منطقه 1,پزشکی,دانشگاه علوم پزشکی تهران
1395,زبان,587,323,منطقه 1,مهندسی برق,دانشگاه صنعتی شریف - تهران
1395,زبان,588,198,منطقه 2,مهندسی مواد و متالور‍ژی,دانشگاه تهران
1395,زبان,592,200,منطقه 2,علوم تغذیه,دانشگاه علوم پزشکی زاهدان
1395,زبان,592,324,منطقه 1,مهندسی صنایع,دانشگاه صنعتی امیرکبیر - تهران
1395,زبان,594,201,منطقه 2,پزشکی - نیمسال دوم,دانشگاه علوم پزشکی گیلان - رشت
1395,زبان,598,203,منطقه 2,فیزیوتراپی,دانشگاه علوم پزشکی تهران
1395,زبان,599,204,منطقه 2,مهندسی مکانیک,دانشگاه تهران
1395,زبان,600,205,منطقه 2,دندانپزشکی,دانشگاه علوم پزشکی یزد
1395,زبان,603,330,منطقه 1,مهندسی شیمی,دانشگاه تهران
1395,زبان,606,207,منطقه 2,پزشکی,دانشگاه علوم پزشکی کرمان
1395,زبان,608,208,منطقه 2,مهندسی برق,دانشگاه صنعتی شریف - تهران
1395,زبان,610,209,منطقه 2,مهندسی برق,دانشگاه صنعتی امیرکبیر - تهران
1395,زبان,610,209,منطقه 2,پزشکی,دانشگاه علوم پزشکی اردبیل
1395,زبان,618,211,منطقه 2,پزشکی,دانشگاه علوم پزشکی تهران
1395,زبان,620,212,منطقه 2,پزشکی,دانشگاه علوم پزشکی تهران
1395,زبان,626,214,منطقه 2,مهندسی مکانیک,دانشگاه صنعتی امیرکبیر - تهران
1395,زبان,628,216,منطقه 2,پزشکی - نیمسال اول,دانشگاه علوم پزشکی همدان
1395,زبان,629,63,منطقه 3,پزشکی - نیمسال دوم,دانشگاه علوم پزشکی مشهد
1395,زبان,629,217,منطقه 2,پزشکی - نیمسال اول,دانشگاه علوم پزشکی شهید بهشتی - تهران
1395,زبان,631,218,منطقه 2,مهندسی برق,دانشگاه صنعتی امیرکبیر - تهران
1395,زبان,635,221,منطقه 2,پزشکی,دانشگاه علوم پزشکی بم
1395,زبان,636,222,منطقه 2,پزشکی,دانشگاه علوم پزشکی تهران
1395,زبان,637,223,منطقه 2,مهندسی هوا فضا,دانشگاه صنعتی امیرکبیر - تهران
1395,زبان,637,344,منطقه 1,مهندسی برق,دانشگاه صنعتی شریف - تهران
1395,زبان,643,348,منطقه 1,پزشکی - نیمسال اول,دانشگاه علوم پزشکی شیراز
1395,زبان,645,225,منطقه 2,پزشکی - نیمسال اول,دانشگاه علوم پزشکی شهید بهشتی - تهران
1395,زبان,647,226,منطقه 2,پزشکی,دانشگاه علوم پزشکی رفسنجان
1395,زبان,650,353,منطقه 1,داروسازی,دانشگاه علوم پزشکی جندی شاپور اهواز
1395,زبان,651,227,منطقه 2,مهندسی برق,دانشگاه صنعتی شریف - تهران
1395,زبان,655,354,منطقه 1,پزشکی - نیمسال دوم,دانشگاه علوم پزشکی مشهد
1395,زبان,659,232,منطقه 2,حقوق,دانشگاه شهید بهشتی - تهران
1395,زبان,660,233,منطقه 2,پزشکی - نیمسال دوم,دانشگاه علوم پزشکی مازندران - ساری
1395,زبان,660,357,منطقه 1,مهندسی برق,دانشگاه تهران
1395,زبان,662,234,منطقه 2,مهندسی مکانیک,دانشگاه صنعتی شریف - تهران
1395,زبان,668,235,منطقه 2,داروسازی,دانشگاه علوم پزشکی تهران
1395,زبان,669,236,منطقه 2,زبان و ادبیات انگلیسی,دانشگاه یزد
1395,زبان,672,363,منطقه 1,پزشکی - نیمسال اول,دانشگاه علوم پزشکی تبریز
1395,زبان,674,238,منطقه 2,مهندسی شیمی,دانشگاه صنعتی شریف - تهران
1395,زبان,679,368,منطقه 1,مهندسی کامپیوتر,دانشگاه صنعتی شریف - تهران
1395,زبان,682,370,منطقه 1,پزشکی,دانشگاه علوم پزشکی فسا
1395,زبان,683,239,منطقه 2,زبان و ادبیات ژاپنی,دانشگاه تهران
1395,زبان,685,372,منطقه 1,مهندسی برق,دانشگاه شیراز
1395,زبان,690,376,منطقه 1,مهندسی مکانیک,دانشگاه تهران
1395,زبان,693,241,منطقه 2,پزشکی - نیمسال اول,دانشگاه علوم پزشکی کردستان - سنندج
1395,زبان,693,241,منطقه 2,پزشکی - نیمسال دوم,دانشگاه علوم پزشکی همدان
1395,زبان,693,378,منطقه 1,مهندسی مکانیک,دانشگاه علم و صنعت ایران - تهران
1395,زبان,697,243,منطقه 2,دندانپزشکی,دانشگاه علوم پزشکی بابل
1395,زبان,699,245,منطقه 2,پزشکی - نیمسال دوم,دانشگاه علوم پزشکی گیلان - رشت
1395,زبان,700,246,منطقه 2,پزشکی - نیمسال اول,دانشگاه علوم پزشکی جندی شاپور اهواز
1395,زبان,704,383,منطقه 1,مهندسی برق,دانشگاه تهران
1395,زبان,705,247,منطقه 2,پزشکی,دانشگاه علوم پزشکی اردبیل
1395,زبان,708,249,منطقه 2,مهندسی کامپیوتر,دانشگاه شهید بهشتی - تهران
1395,زبان,711,251,منطقه 2,مهندسی کامپیوتر,دانشگاه صنعتی اصفهان
1395,زبان,711,251,منطقه 2,پزشکی,دانشگاه علوم پزشکی یزد
1395,زبان,720,253,منطقه 2,پزشکی - نیمسال دوم,دانشگاه علوم پزشکی شهید بهشتی - تهران
1395,زبان,726,255,منطقه 2,پزشکی,دانشگاه علوم پزشکی ایران
1395,زبان,726,255,منطقه 2,پزشکی,دانشگاه علوم پزشکی بابل
1395,زبان,729,258,منطقه 2,مهندسی مکانیک,دانشگاه تهران
1395,زبان,729,258,منطقه 2,مهندسی مکانیک,دانشگاه صنعتی امیرکبیر - تهران
1395,زبان,732,260,منطقه 2,پزشکی - نیمسال دوم,دانشگاه علوم پزشکی مشهد
1395,زبان,736,262,منطقه 2,دندانپزشکی - نیمسال دوم,دانشگاه علوم پزشکی شهید بهشتی - تهران
1395,زبان,737,263,منطقه 2,مهندسی عمران,دانشگاه صنعتی خواجه نصیرالدین طوسی - تهران
1395,زبان,740,265,منطقه 2,پزشکی - نیمسال اول,دانشگاه علوم پزشکی گیلان - رشت
1395,زبان,740,399,منطقه 1,مهندسی پزشکی,دانشگاه صنعتی امیرکبیر - تهران
1395,زبان,745,266,منطقه 2,داروسازی,دانشگاه علوم پزشکی همدان
1395,زبان,749,268,منطقه 2,پزشکی,دانشگاه علوم پزشکی اصفهان
1395,زبان,753,69,منطقه 3,مهندسی کامپیوتر,دانشگاه صنعتی شریف - تهران
1395,زبان,760,70,منطقه 3,پزشکی - نیمسال دوم,دانشگاه علوم پزشکی شهید بهشتی - تهران
1395,زبان,762,410,منطقه 1,پزشکی - نیمسال اول,دانشگاه علوم پزشکی اصفهان
1395,زبان,764,412,منطقه 1,مهندسی عمران,دانشگاه صنعتی امیرکبیر - تهران
1395,زبان,768,273,منطقه 2,مهندسی مکانیک,دانشگاه صنعتی امیرکبیر - تهران
1395,زبان,768,273,منطقه 2,مهندسی مکانیک,دانشگاه علم و صنعت ایران - تهران
1395,زبان,770,275,منطقه 2,حقوق,دانشگاه تهران
1395,زبان,772,415,منطقه 1,مهندسی برق,دانشگاه تهران
1395,زبان,779,420,منطقه 1,مهندسی کامپیوتر,دانشگاه صنعتی شریف - تهران
1395,زبان,780,71,منطقه 3,پزشکی - نیمسال دوم,دانشگاه علوم پزشکی مشهد
1395,زبان,785,424,منطقه 1,دندانپزشکی,دانشگاه علوم پزشکی کاشان
1395,زبان,785,424,منطقه 1,مهندسی برق,دانشگاه صنعتی شریف - تهران
1395,زبان,788,278,منطقه 2,پزشکی - نیمسال دوم,دانشگاه علوم پزشکی بندرعباس
1395,زبان,789,279,منطقه 2,مهندسی شیمی,دانشگاه صنعتی امیرکبیر - تهران
1395,زبان,791,280,منطقه 2,زبان و ادبیات انگلیسی,دانشگاه گیلان - رشت
1395,زبان,796,429,منطقه 1,زبان آلمانی,دانشگاه شهید بهشتی - تهران
1395,زبان,796,429,منطقه 1,پزشکی - نیمسال اول,دانشگاه علوم پزشکی اصفهان
1395,زبان,801,433,منطقه 1,پزشکی - بومی استان اذربایجان شرقی,دانشگاه علوم پزشکی تبریز
1395,زبان,804,435,منطقه 1,مهندسی کامپیوتر,دانشگاه صنعتی اصفهان
1395,زبان,807,438,منطقه 1,پزشکی,دانشگاه علوم پزشکی کرمان
1395,زبان,810,440,منطقه 1,مهندسی شیمی,دانشگاه تهران
1395,زبان,812,287,منطقه 2,مهندسی برق,دانشگاه صنعتی اصفهان
1395,زبان,818,290,منطقه 2,دندانپزشکی,دانشگاه علوم پزشکی اصفهان
1395,زبان,818,290,منطقه 2,مهندسی شیمی,دانشگاه تهران
1395,زبان,823,294,منطقه 2,مهندسی برق,دانشگاه تهران
1395,زبان,823,445,منطقه 1,مهندسی صنایع,دانشگاه صنعتی امیرکبیر - تهران
1395,زبان,830,451,منطقه 1,مهندسی کامپیوتر,دانشگاه تهران
1395,زبان,831,295,منطقه 2,پزشکی - نیمسال دوم,دانشگاه علوم پزشکی مشهد
1395,زبان,841,76,منطقه 3,دندانپزشکی - نیمسال اول,دانشگاه علوم پزشکی شهید بهشتی - تهران
1395,زبان,842,298,منطقه 2,مهندسی برق,دانشگاه تهران
1395,زبان,845,299,منطقه 2,پزشکی,دانشگاه علوم پزشکی ایران
1395,زبان,847,458,منطقه 1,مهندسی مکانیک,دانشگاه صنعتی شریف - تهران
1395,زبان,851,461,منطقه 1,مهندسی عمران,دانشگاه صنعتی شریف - تهران
1395,زبان,855,302,منطقه 2,علوم کامپیوتر,دانشگاه صنعتی شریف - تهران
1395,زبان,859,465,منطقه 1,دندانپزشکی,دانشگاه علوم پزشکی شیراز
1395,زبان,862,306,منطقه 2,پزشکی - نیمسال اول,دانشگاه علوم پزشکی گیلان - رشت
1395,زبان,864,307,منطقه 2,علوم اقتصادی,دانشگاه تهران
1395,زبان,865,79,منطقه 3,پزشکی - نیمسال اول,دانشگاه علوم پزشکی شیراز
1395,زبان,867,308,منطقه 2,مهندسی مکانیک,دانشگاه تهران
1395,زبان,871,310,منطقه 2,مهندسی نفت,دانشگاه صنعتی شریف - تهران
1395,زبان,876,311,منطقه 2,مهندسی برق,دانشگاه تهران
1395,زبان,878,474,منطقه 1,مهندسی مکانیک,دانشگاه علم و صنعت ایران - تهران
1395,زبان,879,313,منطقه 2,مهندسی مکانیک,دانشگاه فردوسی - مشهد
1395,زبان,883,314,منطقه 2,پزشکی - نیمسال دوم,دانشگاه علوم پزشکی تبریز
1395,زبان,891,319,منطقه 2,علوم آزمایشگاهی,دانشگاه علوم پزشکی همدان
1395,زبان,893,321,منطقه 2,مهندسی عمران,دانشگاه علم و صنعت ایران - تهران
1395,زبان,894,322,منطقه 2,پزشکی - نیمسال دوم,دانشگاه علوم پزشکی شهید بهشتی - تهران
1395,زبان,895,323,منطقه 2,حقوق,دانشگاه تهران
1395,زبان,895,481,منطقه 1,مهندسی عمران,دانشگاه صنعتی شریف - تهران
1395,زبان,897,482,منطقه 1,مهندسی برق,دانشگاه صنعتی شریف - تهران
1395,زبان,899,324,منطقه 2,دندانپزشکی,دانشگاه علوم پزشکی تبریز
1395,زبان,904,326,منطقه 2,پزشکی - نیمسال اول,دانشگاه علوم پزشکی مشهد
1395,زبان,906,328,منطقه 2,مهندسی مکانیک,دانشگاه صنعتی خواجه نصیرالدین طوسی - تهران
1395,زبان,907,486,منطقه 1,مهندسی نفت,دانشگاه صنعتی شریف - تهران
1395,زبان,917,496,منطقه 1,دندانپزشکی,دانشگاه علوم پزشکی اصفهان
1395,زبان,921,81,منطقه 3,زبان و ادبیات انگلیسی,دانشگاه گیلان - رشت
1395,زبان,928,330,منطقه 2,دندانپزشکی - نیمسال اول,دانشگاه علوم پزشکی شهید بهشتی - تهران
1395,زبان,931,332,منطقه 2,دامپزشکی,دانشگاه زابل
1395,زبان,933,334,منطقه 2,داروسازی,دانشگاه علوم پزشکی اردبیل
1395,زبان,936,335,منطقه 2,مهندسی کامپیوتر,دانشگاه شیراز
1395,زبان,936,335,منطقه 2,پزشکی,دانشگاه علوم پزشکی ایران
1395,زبان,939,337,منطقه 2,مهندسی عمران,دانشگاه صنعتی امیرکبیر - تهران
1395,زبان,939,337,منطقه 2,پزشکی - نیمسال دوم,دانشگاه علوم پزشکی شهید بهشتی - تهران
1395,زبان,942,510,منطقه 1,دندانپزشکی - نیمسال دوم,دانشگاه علوم پزشکی شهید بهشتی - تهران
1395,زبان,945,340,منطقه 2,پزشکی - نیمسال اول,دانشگاه علوم پزشکی شیراز
1395,زبان,950,342,منطقه 2,حقوق,دانشگاه تهران
1395,زبان,958,518,منطقه 1,روانشناسی,دانشگاه پیام نور آذربایجان شرقی - مرکز تبریز
1395,زبان,958,518,منطقه 1,پزشکی - نیمسال دوم,دانشگاه علوم پزشکی تبریز
1395,زبان,967,348,منطقه 2,مهندسی برق,دانشگاه صنعتی امیرکبیر - تهران
1395,زبان,972,350,منطقه 2,علوم کامپیوتر,دانشگاه صنعتی شریف - تهران
1395,زبان,974,351,منطقه 2,پزشکی,دانشگاه علوم پزشکی بابل
1395,زبان,975,528,منطقه 1,دندانپزشکی,دانشگاه علوم پزشکی یزد
1395,زبان,982,83,منطقه 3,پزشکی - نیمسال اول,دانشگاه علوم پزشکی شیراز
1395,زبان,982,355,منطقه 2,مهندسی برق,دانشگاه صنعتی شریف - تهران
1395,زبان,982,530,منطقه 1,مهندسی برق,دانشگاه صنعتی شریف - تهران
1395,زبان,985,357,منطقه 2,پزشکی - نیمسال دوم,دانشگاه علوم پزشکی مشهد
1395,زبان,992,361,منطقه 2,پزشکی,دانشگاه علوم پزشکی ایران
1395,زبان,999,363,منطقه 2,مهندسی مواد و متالور‍ژی,دانشگاه تهران
1395,زبان,999,363,منطقه 2,پزشکی,دانشگاه علوم پزشکی کرمان

