سال,گروه آزمایشی,رتبه کشوری,رتبه در سهمیه,سهمیه,رشته قبولی,دانشگاه قبولی
1392,تجربی,1,1,منطقه یک,پزشکی,دانشگاه علوم پزشکی تهران
1392,تجربی,2,1,منطقه دو,پزشکی,دانشگاه علوم پزشکی تهران
1392,تجربی,3,2,منطقه دو,پزشکی,دانشگاه علوم پزشکی تهران
1392,تجربی,4,1,منطقه سه,پزشکی,دانشگاه علوم پزشکی تهران
1392,تجربی,5,2,منطقه یک,پزشکی,دانشگاه علوم پزشکی مشهد
1392,تجربی,7,4,منطقه یک,پزشکی,دانشگاه علوم پزشکی تهران
1392,تجربی,9,3,منطقه دو,پزشکی,دانشگاه علوم پزشکی تهران
1392,تجربی,10,4,منطقه دو,پزشکی,دانشگاه علوم پزشکی تهران
1392,تجربی,11,6,منطقه یک,پزشکی,دانشگاه علوم پزشکی تهران
1392,تجربی,12,7,منطقه یک,پزشکی,دانشگاه علوم پزشکی مشهد
1392,تجربی,13,5,منطقه دو,پزشکی,دانشگاه علوم پزشکی تهران
1392,تجربی,14,8,منطقه یک,پزشکی,دانشگاه علوم پزشکی تهران
1392,تجربی,15,6,منطقه دو,پزشکی,دانشگاه علوم پزشکی تهران
1392,تجربی,16,9,منطقه یک,پزشکی,دانشگاه علوم پزشکی شیراز
1392,تجربی,17,7,منطقه دو,پزشکی,دانشگاه علوم پزشکی تهران
1392,تجربی,18,10,منطقه یک,پزشکی,دانشگاه علوم پزشکی تهران
1392,تجربی,20,9,منطقه دو,پزشکی,دانشگاه علوم پزشکی تهران
1392,تجربی,21,10,منطقه دو,پزشکی,دانشگاه علوم پزشکی تهران
1392,تجربی,22,11,منطقه یک,پزشکی,دانشگاه علوم پزشکی تهران
1392,تجربی,23,11,منطقه دو,پزشکی,دانشگاه علوم پزشکی تهران
1392,تجربی,26,12,منطقه دو,پزشکی,دانشگاه علوم پزشکی تهران
1392,تجربی,28,13,منطقه دو,پزشکی,دانشگاه علوم پزشکی تهران
1392,تجربی,29,2,منطقه سه,پزشکی,دانشگاه علوم پزشکی تهران
1392,تجربی,31,14,منطقه دو,دکترای پیوسته بیوتکنولوژی,دانشگاه تهران
1392,تجربی,32,15,منطقه یک,پزشکی,دانشگاه علوم پزشکی تبریز
1392,تجربی,33,16,منطقه یک,پزشکی,دانشگاه علوم پزشکی تهران
1392,تجربی,34,15,منطقه دو,پزشکی,دانشگاه علوم پزشکی شهید بهشتی - تهران
1392,تجربی,35,16,منطقه دو,پزشکی,دانشگاه علوم پزشکی تهران
1392,تجربی,36,17,منطقه یک,پزشکی,دانشگاه علوم پزشکی تهران
1392,تجربی,37,18,منطقه یک,پزشکی,دانشگاه علوم پزشکی تبریز
1392,تجربی,38,19,منطقه یک,دندانپزشکی,دانشگاه علوم پزشکی تهران
1392,تجربی,39,17,منطقه دو,پزشکی,دانشگاه علوم پزشکی تهران
1392,تجربی,40,20,منطقه یک,پزشکی,دانشگاه علوم پزشکی شهید بهشتی - تهران
1392,تجربی,41,18,منطقه دو,پزشکی,دانشگاه علوم پزشکی تهران
1392,تجربی,42,4,منطقه سه,پزشکی,دانشگاه علوم پزشکی شیراز
1392,تجربی,43,19,منطقه دو,پزشکی,دانشگاه علوم پزشکی تهران
1392,تجربی,44,5,منطقه سه,پزشکی,دانشگاه علوم پزشکی تهران
1392,تجربی,45,20,منطقه دو,پزشکی,دانشگاه علوم پزشکی شهید بهشتی - تهران
1392,تجربی,46,6,منطقه سه,پزشکی,دانشگاه علوم پزشکی تهران
1392,تجربی,47,21,منطقه یک,پزشکی,دانشگاه علوم پزشکی تهران
1392,تجربی,48,22,منطقه یک,پزشکی,دانشگاه علوم پزشکی شهید بهشتی - تهران
1392,تجربی,49,21,منطقه دو,پزشکی,دانشگاه علوم پزشکی تهران
1392,تجربی,50,22,منطقه دو,پزشکی,دانشگاه علوم پزشکی تهران
1392,تجربی,51,23,منطقه یک,پزشکی,دانشگاه علوم پزشکی شیراز
1392,تجربی,52,23,منطقه دو,پزشکی,دانشگاه علوم پزشکی تهران
1392,تجربی,53,24,منطقه یک,داروسازی,دانشگاه علوم پزشکی مشهد
1392,تجربی,54,25,منطقه یک,پزشکی,دانشگاه علوم پزشکی تبریز
1392,تجربی,57,27,منطقه یک,پزشکی,دانشگاه علوم پزشکی تهران
1392,تجربی,58,7,منطقه سه,داروسازی,دانشگاه علوم پزشکی تهران
1392,تجربی,60,25,منطقه دو,پزشکی,دانشگاه علوم پزشکی تهران
1392,تجربی,61,26,منطقه دو,پزشکی,دانشگاه علوم پزشکی تهران
1392,تجربی,62,27,منطقه دو,پزشکی,دانشگاه علوم پزشکی شهید بهشتی - تهران
1392,تجربی,63,28,منطقه دو,دندانپزشکی,دانشگاه علوم پزشکی تهران
1392,تجربی,65,8,منطقه سه,پزشکی,دانشگاه علوم پزشکی شهید بهشتی - تهران
1392,تجربی,66,9,منطقه سه,پزشکی,دانشگاه علوم پزشکی شهید بهشتی - تهران
1392,تجربی,67,30,منطقه دو,دندانپزشکی,دانشگاه علوم پزشکی شهید بهشتی - تهران
1392,تجربی,69,31,منطقه دو,پزشکی,دانشگاه علوم پزشکی شهید بهشتی - تهران
1392,تجربی,71,10,منطقه سه,دندانپزشکی,دانشگاه علوم پزشکی مشهد
1392,تجربی,72,11,منطقه سه,پزشکی,دانشگاه علوم پزشکی مشهد
1392,تجربی,73,33,منطقه دو,پزشکی,دانشگاه علوم پزشکی شهید بهشتی - تهران
1392,تجربی,74,34,منطقه دو,پزشکی,دانشگاه علوم پزشکی شهید بهشتی - تهران
1392,تجربی,75,35,منطقه دو,دندانپزشکی,دانشگاه علوم پزشکی تهران
1392,تجربی,76,36,منطقه دو,پزشکی,دانشگاه علوم پزشکی شهید بهشتی - تهران
1392,تجربی,77,37,منطقه دو,پزشکی,دانشگاه علوم پزشکی تهران
1392,تجربی,77,37,منطقه دو,پزشکی,دانشگاه علوم پزشکی شهید بهشتی - تهران
1392,تجربی,80,31,منطقه یک,پزشکی,دانشگاه علوم پزشکی تهران
1392,تجربی,82,39,منطقه دو,دندانپزشکی,دانشگاه علوم پزشکی شهید بهشتی - تهران
1392,تجربی,83,40,منطقه دو,پزشکی,دانشگاه علوم پزشکی تهران
1392,تجربی,84,41,منطقه دو,دندانپزشکی,دانشگاه علوم پزشکی تهران
1392,تجربی,85,33,منطقه یک,پزشکی,دانشگاه علوم پزشکی تهران
1392,تجربی,86,34,منطقه یک,پزشکی,دانشگاه علوم پزشکی شیراز
1392,تجربی,88,12,منطقه سه,دکترای پیوسته بیوتکنولوژی,دانشگاه تهران
1392,تجربی,89,36,منطقه یک,پزشکی,دانشگاه علوم پزشکی شهید بهشتی - تهران
1392,تجربی,90,42,منطقه دو,پزشکی,دانشگاه علوم پزشکی شهید بهشتی - تهران
1392,تجربی,91,13,منطقه سه,دندانپزشکی,دانشگاه علوم پزشکی شهید بهشتی - تهران
1392,تجربی,92,43,منطقه دو,پزشکی,دانشگاه علوم پزشکی تبریز
1392,تجربی,93,44,منطقه دو,پزشکی,دانشگاه علوم پزشکی شهید بهشتی - تهران
1392,تجربی,94,45,منطقه دو,پزشکی,دانشگاه علوم پزشکی تهران
1392,تجربی,95,37,منطقه یک,دندانپزشکی,دانشگاه علوم پزشکی شهید بهشتی - تهران
1392,تجربی,97,39,منطقه یک,پزشکی,دانشگاه علوم پزشکی شهید بهشتی - تهران
1392,تجربی,98,40,منطقه یک,پزشکی,دانشگاه علوم پزشکی شهید بهشتی - تهران
1392,تجربی,99,41,منطقه یک,دندانپزشکی,دانشگاه علوم پزشکی تهران
1392,تجربی,101,42,منطقه یک,پزشکی,دانشگاه علوم پزشکی مشهد
1392,تجربی,102,43,منطقه یک,پزشکی,دانشگاه علوم پزشکی شیراز
1392,تجربی,103,46,منطقه دو,پزشکی,دانشگاه علوم پزشکی تهران
1392,تجربی,104,47,منطقه دو,پزشکی,دانشگاه علوم پزشکی شهید بهشتی - تهران
1392,تجربی,105,48,منطقه دو,پزشکی,دانشگاه علوم پزشکی تهران
1392,تجربی,106,44,منطقه یک,دندانپزشکی,دانشگاه علوم پزشکی تهران
1392,تجربی,108,49,منطقه دو,پزشکی,دانشگاه علوم پزشکی شهید بهشتی - تهران
1392,تجربی,109,46,منطقه یک,دندانپزشکی,دانشگاه علوم پزشکی اصفهان
1392,تجربی,110,50,منطقه دو,پزشکی,دانشگاه علوم پزشکی شهید بهشتی - تهران
1392,تجربی,111,47,منطقه یک,داروسازی,دانشگاه علوم پزشکی تهران
1392,تجربی,113,48,منطقه یک,دندانپزشکی,دانشگاه علوم پزشکی تهران
1392,تجربی,114,49,منطقه یک,پزشکی,دانشگاه علوم پزشکی شیراز
1392,تجربی,117,52,منطقه دو,دندانپزشکی,دانشگاه علوم پزشکی تهران
1392,تجربی,118,14,منطقه سه,دندانپزشکی,دانشگاه علوم پزشکی تبریز
1392,تجربی,119,52,منطقه یک,پزشکی,دانشگاه علوم پزشکی مشهد
1392,تجربی,122,54,منطقه یک,پزشکی,دانشگاه علوم پزشکی مشهد
1392,تجربی,125,54,منطقه دو,پزشکی,دانشگاه علوم پزشکی شهید بهشتی - تهران
1392,تجربی,126,56,منطقه یک,دندانپزشکی,دانشگاه علوم پزشکی شهید بهشتی - تهران
1392,تجربی,127,55,منطقه دو,دندانپزشکی,دانشگاه علوم پزشکی تهران
1392,تجربی,128,57,منطقه یک,پزشکی,دانشگاه علوم پزشکی شهید بهشتی - تهران
1392,تجربی,129,58,منطقه یک,پزشکی,دانشگاه علوم پزشکی شیراز
1392,تجربی,130,56,منطقه دو,پزشکی,دانشگاه علوم پزشکی شیراز
1392,تجربی,131,57,منطقه دو,پزشکی,دانشگاه علوم پزشکی شهید بهشتی - تهران
1392,تجربی,131,59,منطقه یک,پزشکی,دانشگاه علوم پزشکی مشهد
1392,تجربی,133,58,منطقه دو,پزشکی,دانشگاه علوم پزشکی تهران
1392,تجربی,134,16,منطقه سه,پزشکی,دانشگاه علوم پزشکی شهید بهشتی - تهران
1392,تجربی,136,60,منطقه دو,پزشکی,دانشگاه علوم پزشکی شهید بهشتی - تهران
1392,تجربی,137,60,منطقه یک,پزشکی,دانشگاه علوم پزشکی مشهد
1392,تجربی,137,61,منطقه دو,دندانپزشکی,دانشگاه علوم پزشکی تهران
1392,تجربی,139,61,منطقه یک,دندانپزشکی,دانشگاه علوم پزشکی تهران
1392,تجربی,140,62,منطقه دو,دندانپزشکی,دانشگاه علوم پزشکی تهران
1392,تجربی,141,62,منطقه یک,پزشکی,دانشگاه علوم پزشکی مشهد
1392,تجربی,144,65,منطقه یک,دکترای پیوسته بیوتکنولوژی,دانشگاه تهران
1392,تجربی,145,66,منطقه یک,دکترای پیوسته بیوتکنولوژی,دانشگاه تهران
1392,تجربی,146,63,منطقه دو,پزشکی,دانشگاه علوم پزشکی شهید بهشتی - تهران
1392,تجربی,147,64,منطقه دو,دندانپزشکی,دانشگاه علوم پزشکی شیراز
1392,تجربی,148,65,منطقه دو,پزشکی,دانشگاه علوم پزشکی شهید بهشتی - تهران
1392,تجربی,149,66,منطقه دو,پزشکی,دانشگاه علوم پزشکی تهران
1392,تجربی,150,67,منطقه دو,دندانپزشکی,دانشگاه علوم پزشکی شهید بهشتی - تهران
1392,تجربی,151,67,منطقه یک,پزشکی,دانشگاه علوم پزشکی اصفهان
1392,تجربی,153,17,منطقه سه,پزشکی,دانشگاه علوم پزشکی شهید بهشتی - تهران
1392,تجربی,153,69,منطقه یک,پزشکی,دانشگاه علوم پزشکی اصفهان
1392,تجربی,153,69,منطقه یک,پزشکی,دانشگاه علوم پزشکی شهید بهشتی - تهران
1392,تجربی,156,71,منطقه یک,پزشکی,دانشگاه علوم پزشکی اصفهان
1392,تجربی,157,68,منطقه دو,پزشکی,دانشگاه علوم پزشکی شیراز
1392,تجربی,157,72,منطقه یک,پزشکی,دانشگاه علوم پزشکی شهید بهشتی - تهران
1392,تجربی,159,69,منطقه دو,دندانپزشکی,دانشگاه علوم پزشکی تهران
1392,تجربی,160,18,منطقه سه,پزشکی,دانشگاه علوم پزشکی شهید بهشتی - تهران
1392,تجربی,160,70,منطقه دو,پزشکی,دانشگاه علوم پزشکی شهید بهشتی - تهران
1392,تجربی,163,71,منطقه دو,پزشکی,دانشگاه علوم پزشکی شهید بهشتی - تهران
1392,تجربی,164,72,منطقه دو,پزشکی,دانشگاه علوم پزشکی شیراز
1392,تجربی,167,75,منطقه یک,پزشکی,دانشگاه علوم پزشکی اصفهان
1392,تجربی,168,76,منطقه یک,پزشکی,دانشگاه علوم پزشکی اصفهان
1392,تجربی,169,77,منطقه یک,پزشکی,دانشگاه علوم پزشکی شهید بهشتی - تهران
1392,تجربی,171,73,منطقه دو,پزشکی,دانشگاه علوم پزشکی مشهد
1392,تجربی,174,81,منطقه یک,پزشکی,دانشگاه علوم پزشکی اصفهان
1392,تجربی,175,74,منطقه دو,پزشکی,دانشگاه علوم پزشکی شهید بهشتی - تهران
1392,تجربی,177,83,منطقه یک,پزشکی,دانشگاه علوم پزشکی شهید بهشتی - تهران
1392,تجربی,178,75,منطقه دو,پزشکی,دانشگاه علوم پزشکی شهید بهشتی - تهران
1392,تجربی,179,76,منطقه دو,پزشکی,دانشگاه علوم پزشکی شهید بهشتی - تهران
1392,تجربی,180,84,منطقه یک,پزشکی,دانشگاه علوم پزشکی شهید بهشتی - تهران
1392,تجربی,181,77,منطقه دو,پزشکی,دانشگاه علوم پزشکی ایران
1392,تجربی,182,78,منطقه دو,دندانپزشکی,دانشگاه علوم پزشکی تهران
1392,تجربی,183,79,منطقه دو,دندانپزشکی,دانشگاه علوم پزشکی شهید بهشتی - تهران
1392,تجربی,185,85,منطقه یک,پزشکی,دانشگاه علوم پزشکی شیراز
1392,تجربی,186,81,منطقه دو,پزشکی,دانشگاه علوم پزشکی شهید بهشتی - تهران
1392,تجربی,187,82,منطقه دو,پزشکی,دانشگاه علوم پزشکی شهید بهشتی - تهران
1392,تجربی,188,86,منطقه یک,دندانپزشکی,دانشگاه علوم پزشکی اصفهان
1392,تجربی,189,87,منطقه یک,پزشکی,دانشگاه علوم پزشکی اصفهان
1392,تجربی,191,83,منطقه دو,پزشکی,دانشگاه علوم پزشکی تهران
1392,تجربی,192,84,منطقه دو,دندانپزشکی,دانشگاه علوم پزشکی شهید بهشتی - تهران
1392,تجربی,193,89,منطقه یک,پزشکی,دانشگاه علوم پزشکی شهید بهشتی - تهران
1392,تجربی,194,90,منطقه یک,پزشکی,دانشگاه علوم پزشکی شهید بهشتی - تهران
1392,تجربی,195,91,منطقه یک,پزشکی,دانشگاه علوم پزشکی شیراز
1392,تجربی,196,20,منطقه سه,پزشکی,دانشگاه علوم پزشکی شهید بهشتی - تهران
1392,تجربی,198,85,منطقه دو,پزشکی,دانشگاه علوم پزشکی شهید بهشتی - تهران
1392,تجربی,200,86,منطقه دو,پزشکی,دانشگاه علوم پزشکی شهید بهشتی - تهران
1392,تجربی,200,93,منطقه یک,پزشکی,دانشگاه علوم پزشکی شهید بهشتی - تهران
1392,تجربی,202,94,منطقه یک,دندانپزشکی,دانشگاه علوم پزشکی مشهد
1392,تجربی,203,87,منطقه دو,پزشکی,دانشگاه علوم پزشکی مشهد
1392,تجربی,203,95,منطقه یک,پزشکی,دانشگاه علوم پزشکی شهید بهشتی - تهران
1392,تجربی,205,88,منطقه دو,دندانپزشکی,دانشگاه علوم پزشکی تهران
1392,تجربی,206,96,منطقه یک,دندانپزشکی,دانشگاه علوم پزشکی شهید بهشتی - تهران
1392,تجربی,207,97,منطقه یک,دندانپزشکی,دانشگاه علوم پزشکی شهید بهشتی - تهران
1392,تجربی,208,89,منطقه دو,دندانپزشکی,دانشگاه علوم پزشکی شهید بهشتی - تهران
1392,تجربی,208,89,منطقه دو,پزشکی,دانشگاه علوم پزشکی بابل
1392,تجربی,212,92,منطقه دو,پزشکی,دانشگاه علوم پزشکی گیلان - رشت
1392,تجربی,213,99,منطقه یک,دندانپزشکی,دانشگاه علوم پزشکی تهران
1392,تجربی,214,93,منطقه دو,دندانپزشکی,دانشگاه علوم پزشکی تهران
1392,تجربی,215,100,منطقه یک,پزشکی,دانشگاه علوم پزشکی مشهد
1392,تجربی,216,94,منطقه دو,پزشکی,دانشگاه علوم پزشکی شهید بهشتی - تهران
1392,تجربی,217,95,منطقه دو,دندانپزشکی,دانشگاه علوم پزشکی تهران
1392,تجربی,218,101,منطقه یک,دندانپزشکی,دانشگاه علوم پزشکی شهید بهشتی - تهران
1392,تجربی,219,96,منطقه دو,پزشکی,دانشگاه علوم پزشکی شهید بهشتی - تهران
1392,تجربی,220,97,منطقه دو,پزشکی,دانشگاه علوم پزشکی شهید بهشتی - تهران
1392,تجربی,220,97,منطقه دو,پزشکی,دانشگاه علوم پزشکی کرمان
1392,تجربی,222,102,منطقه یک,پزشکی,دانشگاه علوم پزشکی تبریز
1392,تجربی,224,99,منطقه دو,دندانپزشکی,دانشگاه علوم پزشکی تهران
1392,تجربی,227,22,منطقه سه,پزشکی,دانشگاه علوم پزشکی ایران
1392,تجربی,227,100,منطقه دو,پزشکی,دانشگاه علوم پزشکی شهید بهشتی - تهران
1392,تجربی,229,106,منطقه یک,پزشکی,دانشگاه علوم پزشکی مشهد
1392,تجربی,230,101,منطقه دو,پزشکی,دانشگاه علوم پزشکی ایران
1392,تجربی,232,102,منطقه دو,پزشکی,دانشگاه علوم پزشکی شهید بهشتی - تهران
1392,تجربی,233,103,منطقه دو,پزشکی,دانشگاه علوم پزشکی ایران
1392,تجربی,234,104,منطقه دو,پزشکی,دانشگاه علوم پزشکی ایران
1392,تجربی,238,110,منطقه یک,پزشکی,دانشگاه علوم پزشکی شهید بهشتی - تهران
1392,تجربی,239,106,منطقه دو,پزشکی,دانشگاه علوم پزشکی ایران
1392,تجربی,240,111,منطقه یک,پزشکی,دانشگاه علوم پزشکی اصفهان
1392,تجربی,241,23,منطقه سه,پزشکی,دانشگاه علوم پزشکی شهید بهشتی - تهران
1392,تجربی,241,107,منطقه دو,پزشکی,دانشگاه علوم پزشکی شهید بهشتی - تهران
1392,تجربی,243,108,منطقه دو,دندانپزشکی,دانشگاه علوم پزشکی تهران
1392,تجربی,244,109,منطقه دو,پزشکی,دانشگاه علوم پزشکی شهید بهشتی - تهران
1392,تجربی,244,112,منطقه یک,پزشکی,دانشگاه علوم پزشکی مشهد
1392,تجربی,246,110,منطقه دو,پزشکی,دانشگاه علوم پزشکی شیراز
1392,تجربی,247,24,منطقه سه,دندانپزشکی,دانشگاه علوم پزشکی تهران
1392,تجربی,247,24,منطقه سه,پزشکی,دانشگاه علوم پزشکی شهید بهشتی - تهران
1392,تجربی,247,111,منطقه دو,پزشکی,دانشگاه علوم پزشکی شهید بهشتی - تهران
1392,تجربی,247,113,منطقه یک,پزشکی,دانشگاه علوم پزشکی مشهد
1392,تجربی,251,112,منطقه دو,پزشکی,دانشگاه علوم پزشکی شهید بهشتی - تهران
1392,تجربی,252,114,منطقه یک,پزشکی,دانشگاه علوم پزشکی شهید بهشتی - تهران
1392,تجربی,253,113,منطقه دو,پزشکی,دانشگاه علوم پزشکی شیراز
1392,تجربی,254,114,منطقه دو,دکترای پیوسته بیوتکنولوژی,دانشگاه تهران
1392,تجربی,255,115,منطقه دو,پزشکی,دانشگاه علوم پزشکی تهران
1392,تجربی,256,115,منطقه یک,پزشکی,دانشگاه علوم پزشکی شیراز
1392,تجربی,257,116,منطقه یک,پزشکی,دانشگاه علوم پزشکی شهید بهشتی - تهران
1392,تجربی,258,116,منطقه دو,پزشکی,دانشگاه علوم پزشکی شهید بهشتی - تهران
1392,تجربی,259,117,منطقه دو,پزشکی,دانشگاه علوم پزشکی شهید بهشتی - تهران
1392,تجربی,260,117,منطقه یک,دندانپزشکی,دانشگاه علوم پزشکی شیراز
1392,تجربی,261,118,منطقه دو,پزشکی,دانشگاه علوم پزشکی شهید بهشتی - تهران
1392,تجربی,262,118,منطقه یک,دندانپزشکی,دانشگاه علوم پزشکی شیراز
1392,تجربی,263,119,منطقه دو,پزشکی,دانشگاه علوم پزشکی تهران
1392,تجربی,264,119,منطقه یک,پزشکی,دانشگاه علوم پزشکی شهید بهشتی - تهران
1392,تجربی,265,120,منطقه دو,پزشکی,دانشگاه علوم پزشکی شهید بهشتی - تهران
1392,تجربی,266,120,منطقه یک,پزشکی,دانشگاه علوم پزشکی اصفهان
1392,تجربی,269,123,منطقه دو,دندانپزشکی,دانشگاه علوم پزشکی شهید بهشتی - تهران
1392,تجربی,270,121,منطقه یک,پزشکی,دانشگاه علوم پزشکی ایران
1392,تجربی,272,123,منطقه یک,پزشکی,دانشگاه علوم پزشکی شهید بهشتی - تهران
1392,تجربی,275,125,منطقه یک,پزشکی,دانشگاه علوم پزشکی مشهد
1392,تجربی,276,126,منطقه یک,پزشکی,دانشگاه علوم پزشکی شهید بهشتی - تهران
1392,تجربی,277,125,منطقه دو,پزشکی,دانشگاه علوم پزشکی اصفهان
1392,تجربی,278,126,منطقه دو,پزشکی,دانشگاه علوم پزشکی شهید بهشتی - تهران
1392,تجربی,279,127,منطقه یک,دندانپزشکی,دانشگاه علوم پزشکی تهران
1392,تجربی,280,127,منطقه دو,پزشکی,دانشگاه علوم پزشکی تهران
1392,تجربی,281,128,منطقه یک,پزشکی,دانشگاه علوم پزشکی شهید بهشتی - تهران
1392,تجربی,283,128,منطقه دو,پزشکی,دانشگاه علوم پزشکی ایران
1392,تجربی,284,129,منطقه دو,پزشکی,دانشگاه علوم پزشکی شهید بهشتی - تهران
1392,تجربی,285,129,منطقه یک,پزشکی,دانشگاه علوم پزشکی اصفهان
1392,تجربی,286,130,منطقه دو,پزشکی,دانشگاه علوم پزشکی تهران
1392,تجربی,287,130,منطقه یک,پزشکی,دانشگاه علوم پزشکی شیراز
1392,تجربی,288,131,منطقه یک,دندانپزشکی,دانشگاه علوم پزشکی مشهد
1392,تجربی,289,131,منطقه دو,دندانپزشکی,دانشگاه علوم پزشکی شهید بهشتی - تهران
1392,تجربی,290,132,منطقه دو,پزشکی,دانشگاه علوم پزشکی شهید بهشتی - تهران
1392,تجربی,291,132,منطقه یک,دندانپزشکی,دانشگاه علوم پزشکی مشهد
1392,تجربی,293,134,منطقه یک,پزشکی,دانشگاه علوم پزشکی شیراز
1392,تجربی,294,133,منطقه دو,دندانپزشکی,دانشگاه علوم پزشکی تهران
1392,تجربی,295,135,منطقه یک,پزشکی,دانشگاه علوم پزشکی شهید بهشتی - تهران
1392,تجربی,297,136,منطقه یک,دکترای پیوسته بیوتکنولوژی,دانشگاه تهران
1392,تجربی,298,135,منطقه دو,دندانپزشکی,دانشگاه علوم پزشکی تهران
1392,تجربی,300,137,منطقه یک,پزشکی,دانشگاه علوم پزشکی شیراز
1392,تجربی,301,136,منطقه دو,دندانپزشکی,دانشگاه علوم پزشکی شیراز
1392,تجربی,302,137,منطقه دو,پزشکی,دانشگاه علوم پزشکی شهید بهشتی - تهران
1392,تجربی,302,138,منطقه یک,دندانپزشکی,دانشگاه علوم پزشکی تهران
1392,تجربی,304,139,منطقه یک,دندانپزشکی,دانشگاه علوم پزشکی اصفهان
1392,تجربی,305,140,منطقه یک,پزشکی,دانشگاه علوم پزشکی شهید بهشتی - تهران
1392,تجربی,306,138,منطقه دو,پزشکی,دانشگاه علوم پزشکی شهید بهشتی - تهران
1392,تجربی,309,142,منطقه یک,پزشکی,دانشگاه علوم پزشکی اصفهان
1392,تجربی,310,140,منطقه دو,دندانپزشکی,دانشگاه علوم پزشکی مشهد
1392,تجربی,311,143,منطقه یک,پزشکی,دانشگاه علوم پزشکی اصفهان
1392,تجربی,312,141,منطقه دو,دندانپزشکی,دانشگاه علوم پزشکی تهران
1392,تجربی,312,141,منطقه دو,پزشکی,دانشگاه علوم پزشکی شهید بهشتی - تهران
1392,تجربی,314,144,منطقه یک,پزشکی,دانشگاه علوم پزشکی شهید بهشتی - تهران
1392,تجربی,315,143,منطقه دو,دندانپزشکی,دانشگاه علوم پزشکی شهید بهشتی - تهران
1392,تجربی,315,143,منطقه دو,پزشکی,دانشگاه علوم پزشکی شهید بهشتی - تهران
1392,تجربی,318,145,منطقه یک,پزشکی,دانشگاه علوم پزشکی تبریز
1392,تجربی,318,146,منطقه دو,پزشکی,دانشگاه علوم پزشکی شهید بهشتی - تهران
1392,تجربی,320,147,منطقه دو,پزشکی,دانشگاه علوم پزشکی شهید بهشتی - تهران
1392,تجربی,322,147,منطقه یک,پزشکی,دانشگاه علوم پزشکی مشهد
1392,تجربی,323,148,منطقه دو,پزشکی,دانشگاه علوم پزشکی شهید بهشتی - تهران
1392,تجربی,326,151,منطقه دو,پزشکی,دانشگاه علوم پزشکی شهید بهشتی - تهران
1392,تجربی,329,148,منطقه یک,پزشکی,دانشگاه علوم پزشکی اصفهان
1392,تجربی,330,154,منطقه دو,پزشکی,دانشگاه علوم پزشکی ایران
1392,تجربی,331,155,منطقه دو,پزشکی,دانشگاه علوم پزشکی ایران
1392,تجربی,332,149,منطقه یک,پزشکی,دانشگاه علوم پزشکی تبریز
1392,تجربی,334,150,منطقه یک,پزشکی,دانشگاه علوم پزشکی شهید بهشتی - تهران
1392,تجربی,334,157,منطقه دو,دندانپزشکی,دانشگاه علوم پزشکی شهید بهشتی - تهران
1392,تجربی,334,157,منطقه دو,پزشکی,دانشگاه علوم پزشکی اصفهان
1392,تجربی,338,160,منطقه دو,پزشکی,دانشگاه علوم پزشکی شهید بهشتی - تهران
1392,تجربی,339,28,منطقه سه,پزشکی,دانشگاه علوم پزشکی شهید بهشتی - تهران
1392,تجربی,343,161,منطقه دو,پزشکی,دانشگاه علوم پزشکی شهید بهشتی - تهران
1392,تجربی,346,155,منطقه یک,پزشکی,دانشگاه علوم پزشکی شهید بهشتی - تهران
1392,تجربی,347,163,منطقه دو,پزشکی,دانشگاه علوم پزشکی ایران
1392,تجربی,348,164,منطقه دو,پزشکی,دانشگاه علوم پزشکی ایران
1392,تجربی,350,156,منطقه یک,دندانپزشکی,دانشگاه علوم پزشکی تبریز
1392,تجربی,350,166,منطقه دو,دندانپزشکی,دانشگاه علوم پزشکی تهران
1392,تجربی,352,157,منطقه یک,دندانپزشکی,دانشگاه علوم پزشکی شیراز
1392,تجربی,353,167,منطقه دو,دندانپزشکی,دانشگاه علوم پزشکی شهید بهشتی - تهران
1392,تجربی,354,168,منطقه دو,پزشکی,دانشگاه علوم پزشکی ایران
1392,تجربی,355,158,منطقه یک,پزشکی,دانشگاه علوم پزشکی شیراز
1392,تجربی,357,159,منطقه یک,پزشکی,دانشگاه علوم پزشکی مشهد
1392,تجربی,357,169,منطقه دو,پزشکی,دانشگاه علوم پزشکی ایران
1392,تجربی,360,161,منطقه یک,پزشکی,دانشگاه علوم پزشکی مشهد
1392,تجربی,360,170,منطقه دو,پزشکی,دانشگاه علوم پزشکی ایران
1392,تجربی,362,171,منطقه دو,پزشکی,دانشگاه علوم پزشکی ایران
1392,تجربی,363,162,منطقه یک,پزشکی,دانشگاه علوم پزشکی مشهد
1392,تجربی,363,172,منطقه دو,پزشکی,دانشگاه علوم پزشکی ایران
1392,تجربی,365,163,منطقه یک,دکترای پیوسته بیوتکنولوژی,دانشگاه تهران
1392,تجربی,366,164,منطقه یک,پزشکی,دانشگاه علوم پزشکی شهید بهشتی - تهران
1392,تجربی,367,173,منطقه دو,پزشکی,دانشگاه علوم پزشکی شیراز
1392,تجربی,368,174,منطقه دو,دکترای پیوسته بیوتکنولوژی,دانشگاه تهران
1392,تجربی,370,166,منطقه یک,پزشکی,دانشگاه علوم پزشکی شهید بهشتی - تهران
1392,تجربی,370,175,منطقه دو,پزشکی,دانشگاه علوم پزشکی ایران
1392,تجربی,373,167,منطقه یک,پزشکی,دانشگاه علوم پزشکی تبریز
1392,تجربی,374,177,منطقه دو,دندانپزشکی,دانشگاه علوم پزشکی تهران
1392,تجربی,376,169,منطقه یک,پزشکی,دانشگاه علوم پزشکی همدان
1392,تجربی,377,178,منطقه دو,پزشکی,دانشگاه علوم پزشکی ایران
1392,تجربی,379,179,منطقه دو,پزشکی,دانشگاه علوم پزشکی شهید بهشتی - تهران
1392,تجربی,380,171,منطقه یک,پزشکی,دانشگاه علوم پزشکی شهید بهشتی - تهران
1392,تجربی,381,172,منطقه یک,پزشکی,دانشگاه علوم پزشکی ایران
1392,تجربی,382,173,منطقه یک,داروسازی,دانشگاه علوم پزشکی تهران
1392,تجربی,382,180,منطقه دو,پزشکی,دانشگاه علوم پزشکی ایران
1392,تجربی,384,181,منطقه دو,داروسازی,دانشگاه علوم پزشکی تهران
1392,تجربی,385,174,منطقه یک,پزشکی,دانشگاه علوم پزشکی شهید بهشتی - تهران
1392,تجربی,386,175,منطقه یک,پزشکی,دانشگاه علوم پزشکی مشهد
1392,تجربی,387,176,منطقه یک,دکترای پیوسته بیوتکنولوژی,دانشگاه تهران
1392,تجربی,388,177,منطقه یک,پزشکی,دانشگاه علوم پزشکی ایران
1392,تجربی,390,182,منطقه دو,پزشکی,دانشگاه علوم پزشکی ایران
1392,تجربی,391,179,منطقه یک,پزشکی,دانشگاه علوم پزشکی ایران
1392,تجربی,392,183,منطقه دو,پزشکی,دانشگاه علوم پزشکی شهید بهشتی - تهران
1392,تجربی,393,180,منطقه یک,پزشکی,دانشگاه علوم پزشکی اصفهان
1392,تجربی,394,184,منطقه دو,پزشکی,دانشگاه علوم پزشکی شهید بهشتی - تهران
1392,تجربی,397,182,منطقه یک,دندانپزشکی,دانشگاه علوم پزشکی شهید بهشتی - تهران
1392,تجربی,397,182,منطقه یک,پزشکی,دانشگاه علوم پزشکی شهید بهشتی - تهران
1392,تجربی,397,182,منطقه یک,پزشکی,دانشگاه علوم پزشکی شیراز
1392,تجربی,400,185,منطقه یک,پزشکی,دانشگاه علوم پزشکی شهید بهشتی - تهران
1392,تجربی,401,186,منطقه دو,پزشکی,دانشگاه علوم پزشکی ایران
1392,تجربی,402,186,منطقه یک,پزشکی,دانشگاه علوم پزشکی شهید بهشتی - تهران
1392,تجربی,403,187,منطقه دو,دندانپزشکی,دانشگاه علوم پزشکی مشهد
1392,تجربی,404,187,منطقه یک,داروسازی,دانشگاه علوم پزشکی مشهد
1392,تجربی,404,187,منطقه یک,پزشکی,دانشگاه علوم پزشکی شهید بهشتی - تهران
1392,تجربی,406,189,منطقه یک,پزشکی,دانشگاه علوم پزشکی اصفهان
1392,تجربی,407,188,منطقه دو,داروسازی,دانشگاه علوم پزشکی تهران
1392,تجربی,407,190,منطقه یک,پزشکی,دانشگاه علوم پزشکی مشهد
1392,تجربی,411,192,منطقه یک,پزشکی,دانشگاه علوم پزشکی شهید بهشتی - تهران
1392,تجربی,412,190,منطقه دو,پزشکی,دانشگاه علوم پزشکی ایران
1392,تجربی,413,193,منطقه یک,دندانپزشکی,دانشگاه علوم پزشکی اصفهان
1392,تجربی,416,30,منطقه سه,پزشکی,دانشگاه علوم پزشکی ایران
1392,تجربی,418,192,منطقه دو,دندانپزشکی,دانشگاه علوم پزشکی بابل
1392,تجربی,419,194,منطقه یک,پزشکی,دانشگاه علوم پزشکی ایران
1392,تجربی,421,31,منطقه سه,پزشکی,دانشگاه علوم پزشکی ایران
1392,تجربی,421,196,منطقه یک,پزشکی,دانشگاه علوم پزشکی اصفهان
1392,تجربی,421,196,منطقه یک,پزشکی,دانشگاه علوم پزشکی شهید بهشتی - تهران
1392,تجربی,424,193,منطقه دو,پزشکی,دانشگاه علوم پزشکی مازندران - ساری
1392,تجربی,425,194,منطقه دو,پزشکی,دانشگاه علوم پزشکی ایران
1392,تجربی,426,198,منطقه یک,دندانپزشکی,دانشگاه علوم پزشکی شیراز
1392,تجربی,427,195,منطقه دو,پزشکی,دانشگاه علوم پزشکی ایران
1392,تجربی,427,199,منطقه یک,پزشکی,دانشگاه علوم پزشکی تبریز
1392,تجربی,430,197,منطقه دو,پزشکی,دانشگاه علوم پزشکی شهید بهشتی - تهران
1392,تجربی,431,200,منطقه یک,دندانپزشکی,دانشگاه علوم پزشکی شهید بهشتی - تهران
1392,تجربی,432,201,منطقه یک,پزشکی,دانشگاه علوم پزشکی ایران
1392,تجربی,433,198,منطقه دو,پزشکی,دانشگاه علوم پزشکی ایران
1392,تجربی,433,198,منطقه دو,پزشکی,دانشگاه علوم پزشکی شیراز
1392,تجربی,435,200,منطقه دو,پزشکی,دانشگاه علوم پزشکی ایران
1392,تجربی,436,202,منطقه یک,پزشکی,دانشگاه علوم پزشکی تبریز
1392,تجربی,437,203,منطقه یک,پزشکی,دانشگاه علوم پزشکی شیراز
1392,تجربی,438,201,منطقه دو,پزشکی,دانشگاه علوم پزشکی ایران
1392,تجربی,438,201,منطقه دو,پزشکی,دانشگاه علوم پزشکی یزد
1392,تجربی,440,203,منطقه دو,پزشکی,دانشگاه علوم پزشکی ایران
1392,تجربی,440,204,منطقه یک,پزشکی,دانشگاه علوم پزشکی ایران
1392,تجربی,442,204,منطقه دو,دندانپزشکی,دانشگاه علوم پزشکی مشهد
1392,تجربی,443,205,منطقه دو,پزشکی,دانشگاه علوم پزشکی شیراز
1392,تجربی,445,206,منطقه یک,پزشکی,دانشگاه علوم پزشکی ایران
1392,تجربی,446,206,منطقه دو,پزشکی,دانشگاه علوم پزشکی اصفهان
1392,تجربی,446,206,منطقه دو,پزشکی,دانشگاه علوم پزشکی تبریز
1392,تجربی,446,207,منطقه یک,دندانپزشکی,دانشگاه علوم پزشکی اصفهان
1392,تجربی,450,32,منطقه سه,پزشکی,دانشگاه علوم پزشکی شیراز
1392,تجربی,453,209,منطقه یک,دندانپزشکی,دانشگاه علوم پزشکی مشهد
1392,تجربی,454,209,منطقه دو,دندانپزشکی,دانشگاه علوم پزشکی مشهد
1392,تجربی,455,210,منطقه دو,پزشکی,دانشگاه علوم پزشکی کاشان
1392,تجربی,456,211,منطقه دو,پزشکی,دانشگاه علوم پزشکی ایران
1392,تجربی,458,213,منطقه دو,پزشکی,دانشگاه علوم پزشکی ایران
1392,تجربی,459,210,منطقه یک,پزشکی,دانشگاه علوم پزشکی شیراز
1392,تجربی,460,211,منطقه یک,پزشکی,دانشگاه علوم پزشکی ایران
1392,تجربی,462,214,منطقه دو,پزشکی,دانشگاه علوم پزشکی ایران
1392,تجربی,463,33,منطقه سه,پزشکی,دانشگاه علوم پزشکی مشهد
1392,تجربی,464,213,منطقه یک,پزشکی,دانشگاه علوم پزشکی تبریز
1392,تجربی,464,215,منطقه دو,پزشکی,دانشگاه علوم پزشکی ایران
1392,تجربی,466,214,منطقه یک,پزشکی,دانشگاه علوم پزشکی تبریز
1392,تجربی,467,215,منطقه یک,داروسازی,دانشگاه علوم پزشکی تهران
1392,تجربی,468,216,منطقه دو,پزشکی,دانشگاه علوم پزشکی ایران
1392,تجربی,470,218,منطقه دو,پزشکی,دانشگاه علوم پزشکی یزد
1392,تجربی,472,217,منطقه یک,پزشکی,دانشگاه علوم پزشکی ایران
1392,تجربی,474,34,منطقه سه,پزشکی,دانشگاه علوم پزشکی ایران
1392,تجربی,474,219,منطقه دو,دندانپزشکی,دانشگاه علوم پزشکی همدان
1392,تجربی,477,35,منطقه سه,پزشکی,دانشگاه علوم پزشکی تبریز
1392,تجربی,477,220,منطقه دو,دندانپزشکی,دانشگاه علوم پزشکی شهید بهشتی - تهران
1392,تجربی,477,220,منطقه دو,پزشکی,دانشگاه علوم پزشکی جندی شاپور اهواز
1392,تجربی,477,220,منطقه دو,پزشکی,دانشگاه علوم پزشکی شهید بهشتی - تهران
1392,تجربی,481,220,منطقه یک,دندانپزشکی,دانشگاه علوم پزشکی البرز - کرج
1392,تجربی,481,220,منطقه یک,پزشکی,دانشگاه علوم پزشکی ایران
1392,تجربی,484,223,منطقه یک,پزشکی,دانشگاه علوم پزشکی تبریز
1392,تجربی,485,224,منطقه یک,دندانپزشکی,دانشگاه علوم پزشکی مشهد
1392,تجربی,486,225,منطقه یک,پزشکی,دانشگاه علوم پزشکی شیراز
1392,تجربی,487,223,منطقه دو,دندانپزشکی,دانشگاه علوم پزشکی شهید بهشتی - تهران
1392,تجربی,487,223,منطقه دو,پزشکی,دانشگاه علوم پزشکی ایران
1392,تجربی,489,225,منطقه دو,پزشکی,دانشگاه علوم پزشکی ایران
1392,تجربی,491,227,منطقه دو,پزشکی,دانشگاه علوم پزشکی ایران
1392,تجربی,492,226,منطقه یک,پزشکی,دانشگاه علوم پزشکی اصفهان
1392,تجربی,493,227,منطقه یک,پزشکی,دانشگاه علوم پزشکی اصفهان
1392,تجربی,494,228,منطقه دو,پزشکی,دانشگاه علوم پزشکی کاشان
1392,تجربی,501,232,منطقه یک,پزشکی,دانشگاه علوم پزشکی ایران
1392,تجربی,502,231,منطقه دو,پزشکی,دانشگاه علوم پزشکی ایران
1392,تجربی,503,233,منطقه یک,پزشکی,دانشگاه علوم پزشکی شیراز
1392,تجربی,504,232,منطقه دو,پزشکی,دانشگاه علوم پزشکی ایران
1392,تجربی,504,234,منطقه یک,پزشکی,دانشگاه علوم پزشکی ایران
1392,تجربی,506,235,منطقه یک,پزشکی,دانشگاه علوم پزشکی مشهد
1392,تجربی,507,36,منطقه سه,دندانپزشکی,دانشگاه علوم پزشکی تبریز
1392,تجربی,508,236,منطقه یک,پزشکی,دانشگاه علوم پزشکی ایران
1392,تجربی,510,233,منطقه دو,پزشکی,دانشگاه علوم پزشکی تبریز
1392,تجربی,510,238,منطقه یک,پزشکی,دانشگاه علوم پزشکی ایران
1392,تجربی,512,234,منطقه دو,پزشکی,دانشگاه علوم پزشکی ایران
1392,تجربی,514,235,منطقه دو,پزشکی,دانشگاه علوم پزشکی ایران
1392,تجربی,514,239,منطقه یک,پزشکی,دانشگاه علوم پزشکی ایران
1392,تجربی,516,240,منطقه یک,دندانپزشکی,دانشگاه علوم پزشکی اصفهان
1392,تجربی,517,236,منطقه دو,پزشکی,دانشگاه علوم پزشکی تبریز
1392,تجربی,519,237,منطقه دو,دندانپزشکی,دانشگاه علوم پزشکی شیراز
1392,تجربی,519,242,منطقه یک,پزشکی,دانشگاه علوم پزشکی اصفهان
1392,تجربی,521,238,منطقه دو,پزشکی,دانشگاه علوم پزشکی شهید بهشتی - تهران
1392,تجربی,521,243,منطقه یک,دندانپزشکی,دانشگاه علوم پزشکی مشهد
1392,تجربی,523,239,منطقه دو,پزشکی,دانشگاه علوم پزشکی تبریز
1392,تجربی,523,244,منطقه یک,پزشکی,دانشگاه علوم پزشکی مشهد
1392,تجربی,525,240,منطقه دو,پزشکی,دانشگاه علوم پزشکی ایران
1392,تجربی,527,37,منطقه سه,پزشکی,دانشگاه علوم پزشکی شیراز
1392,تجربی,527,242,منطقه دو,پزشکی,دانشگاه علوم پزشکی شهید بهشتی - تهران
1392,تجربی,529,245,منطقه یک,پزشکی,دانشگاه علوم پزشکی ایران
1392,تجربی,530,246,منطقه یک,دندانپزشکی,دانشگاه علوم پزشکی تبریز
1392,تجربی,533,244,منطقه دو,دندانپزشکی,دانشگاه علوم پزشکی شهید بهشتی - تهران
1392,تجربی,533,248,منطقه یک,پزشکی,دانشگاه علوم پزشکی ایران
1392,تجربی,536,250,منطقه یک,پزشکی,دانشگاه علوم پزشکی تبریز
1392,تجربی,537,245,منطقه دو,دندانپزشکی,دانشگاه علوم پزشکی شیراز
1392,تجربی,537,251,منطقه یک,دندانپزشکی,دانشگاه علوم پزشکی شیراز
1392,تجربی,539,246,منطقه دو,پزشکی,دانشگاه علوم پزشکی ایران
1392,تجربی,540,247,منطقه دو,پزشکی,دانشگاه علوم پزشکی شیراز
1392,تجربی,541,248,منطقه دو,پزشکی,دانشگاه علوم پزشکی شیراز
1392,تجربی,542,252,منطقه یک,پزشکی,دانشگاه علوم پزشکی ایران
1392,تجربی,544,38,منطقه سه,پزشکی,دانشگاه علوم پزشکی ایران
1392,تجربی,545,250,منطقه دو,پزشکی,دانشگاه علوم پزشکی ایران
1392,تجربی,545,253,منطقه یک,پزشکی,دانشگاه علوم پزشکی ایران
1392,تجربی,547,251,منطقه دو,پزشکی,دانشگاه علوم پزشکی شهید بهشتی - تهران
1392,تجربی,550,253,منطقه دو,دندانپزشکی,دانشگاه علوم پزشکی شهید بهشتی - تهران
1392,تجربی,551,254,منطقه دو,دندانپزشکی,دانشگاه علوم پزشکی بابل
1392,تجربی,551,254,منطقه یک,داروسازی,دانشگاه علوم پزشکی تهران
1392,تجربی,551,254,منطقه یک,پزشکی,دانشگاه علوم پزشکی تبریز
1392,تجربی,554,40,منطقه سه,پزشکی,دانشگاه علوم پزشکی ایران
1392,تجربی,556,255,منطقه دو,پزشکی,دانشگاه علوم پزشکی ایران
1392,تجربی,558,256,منطقه دو,پزشکی,دانشگاه علوم پزشکی ایران
1392,تجربی,559,257,منطقه دو,پزشکی,دانشگاه علوم پزشکی ایران
1392,تجربی,561,258,منطقه دو,پزشکی,دانشگاه علوم پزشکی مازندران - ساری
1392,تجربی,563,259,منطقه دو,دندانپزشکی,دانشگاه علوم پزشکی گیلان - رشت
1392,تجربی,564,259,منطقه یک,دندانپزشکی,دانشگاه علوم پزشکی اصفهان
1392,تجربی,565,260,منطقه دو,دندانپزشکی,دانشگاه علوم پزشکی شیراز
1392,تجربی,565,260,منطقه دو,پزشکی,دانشگاه علوم پزشکی ایران
1392,تجربی,565,260,منطقه یک,پزشکی,دانشگاه علوم پزشکی مشهد
1392,تجربی,568,261,منطقه یک,پزشکی,دانشگاه علوم پزشکی ایران
1392,تجربی,568,262,منطقه دو,پزشکی,دانشگاه علوم پزشکی ایران
1392,تجربی,570,263,منطقه دو,پزشکی,دانشگاه علوم پزشکی مشهد
1392,تجربی,571,262,منطقه یک,پزشکی,دانشگاه علوم پزشکی مشهد
1392,تجربی,574,264,منطقه یک,پزشکی,دانشگاه علوم پزشکی ایران
1392,تجربی,574,264,منطقه یک,پزشکی,دانشگاه علوم پزشکی مشهد
1392,تجربی,576,264,منطقه دو,پزشکی,دانشگاه علوم پزشکی مشهد
1392,تجربی,577,265,منطقه دو,پزشکی,دانشگاه علوم پزشکی شهید بهشتی - تهران
1392,تجربی,578,266,منطقه دو,پزشکی,دانشگاه علوم پزشکی تبریز
1392,تجربی,578,266,منطقه دو,پزشکی,دانشگاه علوم پزشکی شهید بهشتی - تهران
1392,تجربی,580,268,منطقه دو,پزشکی,دانشگاه علوم پزشکی ایران
1392,تجربی,582,270,منطقه دو,پزشکی,دانشگاه علوم پزشکی ایران
1392,تجربی,584,271,منطقه دو,پزشکی,دانشگاه علوم پزشکی مشهد
1392,تجربی,586,272,منطقه دو,پزشکی,دانشگاه علوم پزشکی گیلان - رشت
1392,تجربی,587,273,منطقه دو,دندانپزشکی,دانشگاه علوم پزشکی شهید بهشتی - تهران
1392,تجربی,589,267,منطقه یک,پزشکی,دانشگاه علوم پزشکی مشهد
1392,تجربی,589,275,منطقه دو,دندانپزشکی,دانشگاه علوم پزشکی تبریز
1392,تجربی,591,43,منطقه سه,پزشکی,دانشگاه علوم پزشکی ایران
1392,تجربی,592,268,منطقه یک,پزشکی,دانشگاه علوم پزشکی بیرجند
1392,تجربی,592,276,منطقه دو,پزشکی,دانشگاه علوم پزشکی ایران
1392,تجربی,596,269,منطقه یک,پزشکی,دانشگاه علوم پزشکی ایران
1392,تجربی,596,279,منطقه دو,دندانپزشکی,دانشگاه علوم پزشکی اصفهان
1392,تجربی,598,270,منطقه یک,پزشکی,دانشگاه علوم پزشکی ایران
1392,تجربی,599,271,منطقه یک,دندانپزشکی,دانشگاه علوم پزشکی شهید بهشتی - تهران
1392,تجربی,602,280,منطقه دو,پزشکی,دانشگاه علوم پزشکی شهید بهشتی - تهران
1392,تجربی,603,274,منطقه یک,پزشکی,دانشگاه علوم پزشکی ایران
1392,تجربی,604,275,منطقه یک,پزشکی,دانشگاه علوم پزشکی اصفهان
1392,تجربی,606,44,منطقه سه,پزشکی,دانشگاه علوم پزشکی ایران
1392,تجربی,607,281,منطقه دو,پزشکی,دانشگاه علوم پزشکی اصفهان
1392,تجربی,610,45,منطقه سه,پزشکی,دانشگاه علوم پزشکی تبریز
1392,تجربی,610,278,منطقه یک,پزشکی,دانشگاه علوم پزشکی مشهد
1392,تجربی,610,282,منطقه دو,پزشکی,دانشگاه علوم پزشکی ایران
1392,تجربی,610,282,منطقه دو,پزشکی,دانشگاه علوم پزشکی شهید بهشتی - تهران
1392,تجربی,615,284,منطقه دو,پزشکی,دانشگاه علوم پزشکی گیلان - رشت
1392,تجربی,616,285,منطقه دو,دندانپزشکی,دانشگاه علوم پزشکی مشهد
1392,تجربی,619,281,منطقه یک,پزشکی,دانشگاه علوم پزشکی شیراز
1392,تجربی,619,287,منطقه دو,دندانپزشکی,دانشگاه علوم پزشکی شیراز
1392,تجربی,621,288,منطقه دو,پزشکی,دانشگاه علوم پزشکی ایران
1392,تجربی,623,283,منطقه یک,پزشکی,دانشگاه علوم پزشکی مشهد
1392,تجربی,624,289,منطقه دو,پزشکی,دانشگاه علوم پزشکی ایران
1392,تجربی,624,289,منطقه دو,پزشکی,دانشگاه علوم پزشکی شیراز
1392,تجربی,627,285,منطقه یک,دندانپزشکی,دانشگاه علوم پزشکی اصفهان
1392,تجربی,628,291,منطقه دو,پزشکی,دانشگاه علوم پزشکی گیلان - رشت
1392,تجربی,631,46,منطقه سه,پزشکی,دانشگاه علوم پزشکی همدان
1392,تجربی,631,287,منطقه یک,پزشکی,دانشگاه علوم پزشکی تبریز
1392,تجربی,631,287,منطقه یک,پزشکی,دانشگاه علوم پزشکی شیراز
1392,تجربی,634,293,منطقه دو,پزشکی,دانشگاه علوم پزشکی اصفهان
1392,تجربی,634,293,منطقه دو,پزشکی,دانشگاه علوم پزشکی تبریز
1392,تجربی,636,289,منطقه یک,دندانپزشکی,دانشگاه علوم پزشکی اصفهان
1392,تجربی,636,295,منطقه دو,پزشکی,دانشگاه علوم پزشکی اصفهان
1392,تجربی,639,291,منطقه یک,پزشکی,دانشگاه علوم پزشکی ایران
1392,تجربی,641,292,منطقه یک,پزشکی,دانشگاه علوم پزشکی ایران
1392,تجربی,642,297,منطقه دو,پزشکی,دانشگاه علوم پزشکی تبریز
1392,تجربی,643,293,منطقه یک,پزشکی,دانشگاه علوم پزشکی ایران
1392,تجربی,643,293,منطقه یک,پزشکی,دانشگاه علوم پزشکی تبریز
1392,تجربی,643,298,منطقه دو,پزشکی,دانشگاه علوم پزشکی ایران
1392,تجربی,648,299,منطقه دو,دندانپزشکی,دانشگاه علوم پزشکی تبریز
1392,تجربی,649,296,منطقه یک,پزشکی,دانشگاه علوم پزشکی شیراز
1392,تجربی,650,47,منطقه سه,پزشکی,دانشگاه علوم پزشکی شیراز
1392,تجربی,652,48,منطقه سه,پزشکی,دانشگاه علوم پزشکی مشهد
1392,تجربی,653,298,منطقه یک,پزشکی,دانشگاه علوم پزشکی شیراز
1392,تجربی,654,49,منطقه سه,پزشکی,دانشگاه علوم پزشکی شیراز
1392,تجربی,654,300,منطقه دو,پزشکی,دانشگاه علوم پزشکی ایران
1392,تجربی,656,301,منطقه دو,پزشکی,دانشگاه علوم پزشکی بابل
1392,تجربی,658,303,منطقه دو,پزشکی,دانشگاه علوم پزشکی مشهد
1392,تجربی,660,300,منطقه یک,پزشکی,دانشگاه علوم پزشکی اصفهان
1392,تجربی,661,301,منطقه یک,پزشکی,دانشگاه علوم پزشکی ایران
1392,تجربی,663,302,منطقه یک,پزشکی,دانشگاه علوم پزشکی اصفهان
1392,تجربی,665,305,منطقه دو,پزشکی,دانشگاه علوم پزشکی شیراز
1392,تجربی,666,306,منطقه دو,پزشکی,دانشگاه علوم پزشکی ایران
1392,تجربی,667,303,منطقه یک,پزشکی,دانشگاه علوم پزشکی ایران
1392,تجربی,667,307,منطقه دو,پزشکی,دانشگاه علوم پزشکی اصفهان
1392,تجربی,672,308,منطقه دو,دندانپزشکی,دانشگاه علوم پزشکی اصفهان
1392,تجربی,673,307,منطقه یک,پزشکی,دانشگاه علوم پزشکی مشهد
1392,تجربی,674,308,منطقه یک,پزشکی,دانشگاه علوم پزشکی ایران
1392,تجربی,677,310,منطقه دو,پزشکی,دانشگاه علوم پزشکی شیراز
1392,تجربی,680,311,منطقه دو,پزشکی,دانشگاه علوم پزشکی اصفهان
1392,تجربی,680,312,منطقه یک,پزشکی,دانشگاه علوم پزشکی تبریز
1392,تجربی,683,313,منطقه دو,دندانپزشکی,دانشگاه علوم پزشکی تهران
1392,تجربی,686,314,منطقه دو,دندانپزشکی,دانشگاه علوم پزشکی شیراز
1392,تجربی,686,314,منطقه دو,پزشکی,دانشگاه علوم پزشکی تبریز
1392,تجربی,688,313,منطقه یک,پزشکی,دانشگاه علوم پزشکی اصفهان
1392,تجربی,689,314,منطقه یک,دندانپزشکی,دانشگاه علوم پزشکی تبریز
1392,تجربی,691,50,منطقه سه,پزشکی,دانشگاه علوم پزشکی تبریز
1392,تجربی,691,316,منطقه دو,پزشکی,دانشگاه علوم پزشکی تبریز
1392,تجربی,691,316,منطقه یک,پزشکی,دانشگاه علوم پزشکی شیراز
1392,تجربی,696,318,منطقه دو,پزشکی,دانشگاه علوم پزشکی شهید بهشتی - تهران
1392,تجربی,697,319,منطقه دو,پزشکی,دانشگاه علوم پزشکی شهید بهشتی - تهران
1392,تجربی,698,320,منطقه دو,داروسازی,دانشگاه علوم پزشکی تهران
1392,تجربی,698,320,منطقه دو,پزشکی,دانشگاه علوم پزشکی اصفهان
1392,تجربی,701,322,منطقه دو,پزشکی,دانشگاه علوم پزشکی شیراز
1392,تجربی,702,318,منطقه یک,پزشکی,دانشگاه علوم پزشکی شیراز
1392,تجربی,703,323,منطقه دو,پزشکی,دانشگاه علوم پزشکی همدان
1392,تجربی,704,324,منطقه دو,دندانپزشکی,دانشگاه علوم پزشکی همدان
1392,تجربی,705,325,منطقه دو,پزشکی,دانشگاه علوم پزشکی گیلان - رشت
1392,تجربی,706,52,منطقه سه,دندانپزشکی,دانشگاه علوم پزشکی جندی شاپور اهواز
1392,تجربی,706,52,منطقه سه,پزشکی,دانشگاه علوم پزشکی تبریز
1392,تجربی,706,326,منطقه دو,پزشکی,دانشگاه علوم پزشکی بابل
1392,تجربی,709,327,منطقه دو,پزشکی,دانشگاه علوم پزشکی شیراز
1392,تجربی,712,321,منطقه یک,پزشکی,دانشگاه علوم پزشکی شیراز
1392,تجربی,712,328,منطقه دو,پزشکی,دانشگاه علوم پزشکی شیراز
1392,تجربی,719,324,منطقه یک,پزشکی,دانشگاه علوم پزشکی شیراز
1392,تجربی,719,332,منطقه دو,پزشکی,دانشگاه علوم پزشکی اصفهان
1392,تجربی,721,54,منطقه سه,پزشکی,دانشگاه علوم پزشکی شیراز
1392,تجربی,721,333,منطقه دو,پزشکی,دانشگاه علوم پزشکی شهید بهشتی - تهران
1392,تجربی,723,334,منطقه دو,پزشکی,دانشگاه علوم پزشکی بابل
1392,تجربی,724,325,منطقه یک,پزشکی,دانشگاه علوم پزشکی شیراز
1392,تجربی,725,55,منطقه سه,پزشکی,دانشگاه علوم پزشکی شیراز
1392,تجربی,725,326,منطقه یک,دندانپزشکی,دانشگاه علوم پزشکی مشهد
1392,تجربی,725,335,منطقه دو,پزشکی,دانشگاه علوم پزشکی شیراز
1392,تجربی,729,337,منطقه دو,پزشکی,دانشگاه علوم پزشکی شیراز
1392,تجربی,730,338,منطقه دو,دندانپزشکی,دانشگاه علوم پزشکی جندی شاپور اهواز
1392,تجربی,732,340,منطقه دو,پزشکی,دانشگاه علوم پزشکی شیراز
1392,تجربی,733,327,منطقه یک,دندانپزشکی,دانشگاه علوم پزشکی اصفهان
1392,تجربی,734,328,منطقه یک,دندانپزشکی,دانشگاه علوم پزشکی اصفهان
1392,تجربی,735,329,منطقه یک,دندانپزشکی,دانشگاه علوم پزشکی مشهد
1392,تجربی,735,341,منطقه دو,پزشکی,دانشگاه علوم پزشکی شیراز
1392,تجربی,737,330,منطقه یک,دندانپزشکی,دانشگاه علوم پزشکی مشهد
1392,تجربی,739,342,منطقه دو,پزشکی,دانشگاه علوم پزشکی شیراز
1392,تجربی,741,56,منطقه سه,داروسازی,دانشگاه علوم پزشکی تهران
1392,تجربی,741,333,منطقه یک,پزشکی,دانشگاه علوم پزشکی شیراز
1392,تجربی,741,343,منطقه دو,دندانپزشکی,دانشگاه علوم پزشکی بابل
1392,تجربی,741,343,منطقه دو,دندانپزشکی,دانشگاه علوم پزشکی مشهد
1392,تجربی,741,343,منطقه دو,پزشکی,دانشگاه علوم پزشکی شیراز
1392,تجربی,746,334,منطقه یک,پزشکی,دانشگاه علوم پزشکی شیراز
1392,تجربی,746,346,منطقه دو,پزشکی,دانشگاه علوم پزشکی شیراز
1392,تجربی,748,347,منطقه دو,پزشکی,دانشگاه علوم پزشکی اصفهان
1392,تجربی,749,335,منطقه یک,دندانپزشکی,دانشگاه علوم پزشکی اصفهان
1392,تجربی,749,335,منطقه یک,پزشکی,دانشگاه علوم پزشکی شیراز
1392,تجربی,751,57,منطقه سه,دندانپزشکی,دانشگاه علوم پزشکی شیراز
1392,تجربی,751,57,منطقه سه,پزشکی,دانشگاه علوم پزشکی شیراز
1392,تجربی,754,349,منطقه دو,دندانپزشکی,دانشگاه علوم پزشکی اصفهان
1392,تجربی,755,337,منطقه یک,دندانپزشکی,دانشگاه علوم پزشکی شیراز
1392,تجربی,755,350,منطقه دو,دندانپزشکی,دانشگاه علوم پزشکی جندی شاپور اهواز
1392,تجربی,757,338,منطقه یک,داروسازی,دانشگاه علوم پزشکی تهران
1392,تجربی,757,351,منطقه دو,پزشکی,دانشگاه علوم پزشکی مشهد
1392,تجربی,760,340,منطقه یک,دندانپزشکی,دانشگاه علوم پزشکی تبریز
1392,تجربی,762,342,منطقه یک,پزشکی,دانشگاه علوم پزشکی شیراز
1392,تجربی,762,352,منطقه دو,دندانپزشکی,دانشگاه علوم پزشکی شهید بهشتی - تهران
1392,تجربی,765,343,منطقه یک,پزشکی,دانشگاه علوم پزشکی اصفهان
1392,تجربی,766,344,منطقه یک,داروسازی,دانشگاه علوم پزشکی تهران
1392,تجربی,767,354,منطقه دو,پزشکی,دانشگاه علوم پزشکی بابل
1392,تجربی,768,59,منطقه سه,پزشکی,دانشگاه علوم پزشکی شیراز
1392,تجربی,768,355,منطقه دو,پزشکی,دانشگاه علوم پزشکی تبریز
1392,تجربی,768,355,منطقه دو,پزشکی,دانشگاه علوم پزشکی شیراز
1392,تجربی,773,347,منطقه یک,داروسازی,دانشگاه علوم پزشکی تهران
1392,تجربی,774,357,منطقه دو,پزشکی,دانشگاه علوم پزشکی ایران
1392,تجربی,775,60,منطقه سه,دندانپزشکی,دانشگاه علوم پزشکی اصفهان
1392,تجربی,775,348,منطقه یک,پزشکی,دانشگاه علوم پزشکی اصفهان
1392,تجربی,777,349,منطقه یک,داروسازی,دانشگاه علوم پزشکی شهید بهشتی - تهران
1392,تجربی,778,358,منطقه دو,پزشکی,دانشگاه علوم پزشکی شهید بهشتی - تهران
1392,تجربی,783,361,منطقه دو,دندانپزشکی,دانشگاه علوم پزشکی قزوین
1392,تجربی,784,362,منطقه دو,پزشکی,دانشگاه علوم پزشکی تبریز
1392,تجربی,784,362,منطقه دو,پزشکی,دانشگاه علوم پزشکی همدان
1392,تجربی,786,61,منطقه سه,دندانپزشکی,دانشگاه علوم پزشکی اصفهان
1392,تجربی,786,364,منطقه دو,پزشکی,دانشگاه علوم پزشکی شیراز
1392,تجربی,789,366,منطقه دو,دندانپزشکی,دانشگاه علوم پزشکی بابل
1392,تجربی,790,62,منطقه سه,پزشکی,دانشگاه علوم پزشکی اصفهان
1392,تجربی,791,351,منطقه یک,دندانپزشکی,دانشگاه علوم پزشکی مشهد
1392,تجربی,792,352,منطقه یک,پزشکی,دانشگاه علوم پزشکی شیراز
1392,تجربی,793,63,منطقه سه,پزشکی,دانشگاه علوم پزشکی تبریز
1392,تجربی,794,353,منطقه یک,پزشکی,دانشگاه علوم پزشکی اصفهان
1392,تجربی,795,354,منطقه یک,پزشکی,دانشگاه علوم پزشکی شیراز
1392,تجربی,795,367,منطقه دو,پزشکی,دانشگاه علوم پزشکی جندی شاپور اهواز
1392,تجربی,797,368,منطقه دو,دندانپزشکی,دانشگاه علوم پزشکی تبریز
1392,تجربی,798,64,منطقه سه,پزشکی,دانشگاه علوم پزشکی تبریز
1392,تجربی,798,355,منطقه یک,پزشکی,دانشگاه علوم پزشکی البرز - کرج
1392,تجربی,801,65,منطقه سه,پزشکی,دانشگاه علوم پزشکی تهران
1392,تجربی,801,369,منطقه دو,پزشکی,دانشگاه علوم پزشکی گیلان - رشت
1392,تجربی,806,371,منطقه دو,دندانپزشکی,دانشگاه علوم پزشکی تبریز
1392,تجربی,808,67,منطقه سه,دندانپزشکی,دانشگاه علوم پزشکی شیراز
1392,تجربی,809,358,منطقه یک,پزشکی,دانشگاه علوم پزشکی شیراز
1392,تجربی,809,373,منطقه دو,پزشکی,دانشگاه علوم پزشکی شیراز
1392,تجربی,811,374,منطقه دو,پزشکی,دانشگاه علوم پزشکی مشهد
1392,تجربی,814,359,منطقه یک,پزشکی,دانشگاه علوم پزشکی مشهد
1392,تجربی,816,69,منطقه سه,پزشکی,دانشگاه علوم پزشکی شیراز
1392,تجربی,816,360,منطقه یک,داروسازی,دانشگاه علوم پزشکی تهران
1392,تجربی,816,360,منطقه یک,پزشکی,دانشگاه علوم پزشکی تبریز
1392,تجربی,816,377,منطقه دو,پزشکی,دانشگاه علوم پزشکی شیراز
1392,تجربی,820,362,منطقه یک,پزشکی,دانشگاه علوم پزشکی تبریز
1392,تجربی,820,378,منطقه دو,پزشکی,دانشگاه علوم پزشکی کاشان
1392,تجربی,822,379,منطقه دو,پزشکی,دانشگاه علوم پزشکی تبریز
1392,تجربی,824,380,منطقه دو,پزشکی,دانشگاه علوم پزشکی یزد
1392,تجربی,826,365,منطقه یک,پزشکی,دانشگاه علوم پزشکی اصفهان
1392,تجربی,826,381,منطقه دو,داروسازی,دانشگاه علوم پزشکی تهران
1392,تجربی,829,366,منطقه یک,پزشکی,دانشگاه علوم پزشکی اصفهان
1392,تجربی,829,383,منطقه دو,پزشکی,دانشگاه علوم پزشکی شهید بهشتی - تهران
1392,تجربی,831,367,منطقه یک,دندانپزشکی,دانشگاه علوم پزشکی اصفهان
1392,تجربی,831,384,منطقه دو,پزشکی,دانشگاه علوم پزشکی شهید بهشتی - تهران
1392,تجربی,833,70,منطقه سه,پزشکی,دانشگاه علوم پزشکی کرمانشاه
1392,تجربی,834,385,منطقه دو,پزشکی,دانشگاه علوم پزشکی تبریز
1392,تجربی,835,386,منطقه دو,پزشکی,دانشگاه علوم پزشکی یزد
1392,تجربی,836,368,منطقه یک,دندانپزشکی,دانشگاه علوم پزشکی تبریز
1392,تجربی,837,387,منطقه دو,پزشکی,دانشگاه علوم پزشکی شهید بهشتی - تهران
1392,تجربی,839,370,منطقه یک,داروسازی,دانشگاه علوم پزشکی تهران
1392,تجربی,841,372,منطقه یک,پزشکی,دانشگاه علوم پزشکی مشهد
1392,تجربی,842,71,منطقه سه,پزشکی,دانشگاه علوم پزشکی مشهد
1392,تجربی,843,72,منطقه سه,پزشکی,دانشگاه علوم پزشکی مشهد
1392,تجربی,843,388,منطقه دو,پزشکی,دانشگاه علوم پزشکی مازندران - ساری
1392,تجربی,845,73,منطقه سه,دندانپزشکی,دانشگاه علوم پزشکی مشهد
1392,تجربی,847,389,منطقه دو,دندانپزشکی,دانشگاه علوم پزشکی گیلان - رشت
1392,تجربی,849,390,منطقه دو,پزشکی,دانشگاه علوم پزشکی اصفهان
1392,تجربی,849,390,منطقه دو,پزشکی,دانشگاه علوم پزشکی مشهد
1392,تجربی,852,376,منطقه یک,دندانپزشکی,دانشگاه علوم پزشکی اصفهان
1392,تجربی,853,74,منطقه سه,دندانپزشکی,دانشگاه علوم پزشکی اصفهان
1392,تجربی,853,377,منطقه یک,پزشکی,دانشگاه علوم پزشکی اصفهان
1392,تجربی,853,392,منطقه دو,پزشکی,دانشگاه علوم پزشکی اصفهان
1392,تجربی,859,76,منطقه سه,پزشکی,دانشگاه علوم پزشکی تبریز
1392,تجربی,859,380,منطقه یک,پزشکی,دانشگاه علوم پزشکی شیراز
1392,تجربی,861,393,منطقه دو,پزشکی,دانشگاه علوم پزشکی شیراز
1392,تجربی,861,393,منطقه دو,پزشکی,دانشگاه علوم پزشکی مشهد
1392,تجربی,863,395,منطقه دو,پزشکی,دانشگاه علوم پزشکی مشهد
1392,تجربی,865,382,منطقه یک,دندانپزشکی,دانشگاه علوم پزشکی کاشان
1392,تجربی,865,382,منطقه یک,پزشکی,دانشگاه علوم پزشکی شیراز
1392,تجربی,865,396,منطقه دو,داروسازی,دانشگاه علوم پزشکی یزد
1392,تجربی,869,397,منطقه دو,دندانپزشکی,دانشگاه علوم پزشکی بابل
1392,تجربی,872,77,منطقه سه,دندانپزشکی,دانشگاه علوم پزشکی تبریز
1392,تجربی,872,387,منطقه یک,پزشکی,دانشگاه علوم پزشکی تبریز
1392,تجربی,875,78,منطقه سه,پزشکی,دانشگاه علوم پزشکی شیراز
1392,تجربی,876,398,منطقه دو,دندانپزشکی,دانشگاه علوم پزشکی تبریز
1392,تجربی,876,398,منطقه دو,پزشکی,دانشگاه علوم پزشکی شیراز
1392,تجربی,879,401,منطقه دو,دندانپزشکی,دانشگاه علوم پزشکی اصفهان
1392,تجربی,880,402,منطقه دو,پزشکی,دانشگاه علوم پزشکی ایران
1392,تجربی,881,403,منطقه دو,پزشکی,دانشگاه علوم پزشکی اصفهان
1392,تجربی,882,388,منطقه یک,دندانپزشکی,دانشگاه علوم پزشکی تبریز
1392,تجربی,882,404,منطقه دو,پزشکی,دانشگاه علوم پزشکی اصفهان
1392,تجربی,884,79,منطقه سه,پزشکی,دانشگاه علوم پزشکی اصفهان
1392,تجربی,885,80,منطقه سه,دندانپزشکی,دانشگاه علوم پزشکی شیراز
1392,تجربی,885,80,منطقه سه,پزشکی,دانشگاه علوم پزشکی مشهد
1392,تجربی,887,405,منطقه دو,دندانپزشکی,دانشگاه علوم پزشکی تبریز
1392,تجربی,888,406,منطقه دو,دندانپزشکی,دانشگاه علوم پزشکی شیراز
1392,تجربی,889,407,منطقه دو,دندانپزشکی,دانشگاه علوم پزشکی اصفهان
1392,تجربی,890,408,منطقه دو,پزشکی,دانشگاه علوم پزشکی ایران
1392,تجربی,890,408,منطقه دو,پزشکی,دانشگاه علوم پزشکی مشهد
1392,تجربی,890,408,منطقه دو,پزشکی,دانشگاه علوم پزشکی یزد
1392,تجربی,894,82,منطقه سه,داروسازی,دانشگاه علوم پزشکی تهران
1392,تجربی,894,389,منطقه یک,پزشکی,دانشگاه علوم پزشکی شیراز
1392,تجربی,896,412,منطقه دو,پزشکی,دانشگاه علوم پزشکی مشهد
1392,تجربی,897,390,منطقه یک,دندانپزشکی,دانشگاه علوم پزشکی شیراز
1392,تجربی,898,413,منطقه دو,پزشکی,دانشگاه علوم پزشکی اصفهان
1392,تجربی,898,413,منطقه دو,پزشکی,دانشگاه علوم پزشکی شیراز
1392,تجربی,900,391,منطقه یک,پزشکی,دانشگاه علوم پزشکی تبریز
1392,تجربی,902,392,منطقه یک,پزشکی,دانشگاه علوم پزشکی مشهد
1392,تجربی,902,416,منطقه دو,پزشکی,دانشگاه علوم پزشکی شیراز
1392,تجربی,904,393,منطقه یک,داروسازی,دانشگاه علوم پزشکی تهران
1392,تجربی,904,417,منطقه دو,دندانپزشکی,دانشگاه علوم پزشکی اصفهان
1392,تجربی,906,418,منطقه دو,دندانپزشکی,دانشگاه علوم پزشکی قزوین
1392,تجربی,907,419,منطقه دو,پزشکی,دانشگاه علوم پزشکی اصفهان
1392,تجربی,909,394,منطقه یک,پزشکی,دانشگاه علوم پزشکی شهرکرد
1392,تجربی,910,421,منطقه دو,پزشکی,دانشگاه شاهد - تهران
1392,تجربی,912,395,منطقه یک,پزشکی,دانشگاه علوم پزشکی شیراز
1392,تجربی,912,423,منطقه دو,پزشکی,دانشگاه علوم پزشکی اردبیل
1392,تجربی,912,423,منطقه دو,پزشکی,دانشگاه علوم پزشکی شیراز
1392,تجربی,915,396,منطقه یک,داروسازی,دانشگاه علوم پزشکی شهید بهشتی - تهران
1392,تجربی,915,425,منطقه دو,پزشکی,دانشگاه علوم پزشکی اصفهان
1392,تجربی,918,84,منطقه سه,پزشکی,دانشگاه علوم پزشکی شیراز
1392,تجربی,918,397,منطقه یک,پزشکی,دانشگاه علوم پزشکی مشهد
1392,تجربی,918,426,منطقه دو,پزشکی,دانشگاه علوم پزشکی شیراز
1392,تجربی,921,427,منطقه دو,پزشکی,دانشگاه علوم پزشکی شیراز
1392,تجربی,923,398,منطقه یک,دندانپزشکی,دانشگاه علوم پزشکی اصفهان
1392,تجربی,923,429,منطقه دو,دندانپزشکی,دانشگاه علوم پزشکی تبریز
1392,تجربی,923,429,منطقه دو,پزشکی,دانشگاه علوم پزشکی ایران
1392,تجربی,926,399,منطقه یک,دندانپزشکی,دانشگاه علوم پزشکی تبریز
1392,تجربی,929,401,منطقه یک,داروسازی,دانشگاه علوم پزشکی تهران
1392,تجربی,929,401,منطقه یک,پزشکی,دانشگاه علوم پزشکی مشهد
1392,تجربی,929,432,منطقه دو,دندانپزشکی,دانشگاه علوم پزشکی تبریز
1392,تجربی,929,432,منطقه دو,دندانپزشکی,دانشگاه علوم پزشکی قزوین
1392,تجربی,929,432,منطقه دو,پزشکی,دانشگاه علوم پزشکی ایران
1392,تجربی,934,403,منطقه یک,دندانپزشکی,دانشگاه علوم پزشکی یزد
1392,تجربی,934,403,منطقه یک,پزشکی,دانشگاه علوم پزشکی البرز - کرج
1392,تجربی,934,435,منطقه دو,داروسازی,دانشگاه علوم پزشکی تهران
1392,تجربی,939,85,منطقه سه,پزشکی,دانشگاه علوم پزشکی کرمانشاه
1392,تجربی,939,436,منطقه دو,پزشکی,دانشگاه علوم پزشکی شیراز
1392,تجربی,941,407,منطقه یک,پزشکی,دانشگاه علوم پزشکی شیراز
1392,تجربی,943,409,منطقه یک,دندانپزشکی,دانشگاه علوم پزشکی تبریز
1392,تجربی,945,437,منطقه دو,پزشکی,دانشگاه علوم پزشکی ایران
1392,تجربی,947,412,منطقه یک,پزشکی,دانشگاه علوم پزشکی اصفهان
1392,تجربی,948,438,منطقه دو,پزشکی,دانشگاه علوم پزشکی تبریز
1392,تجربی,948,438,منطقه دو,پزشکی,دانشگاه علوم پزشکی شیراز
1392,تجربی,950,440,منطقه دو,پزشکی,دانشگاه علوم پزشکی ارومیه
1392,تجربی,953,413,منطقه یک,پزشکی,دانشگاه علوم پزشکی تبریز
1392,تجربی,953,443,منطقه دو,دندانپزشکی,دانشگاه علوم پزشکی بابل
1392,تجربی,955,444,منطقه دو,دندانپزشکی,دانشگاه علوم پزشکی اصفهان
1392,تجربی,957,86,منطقه سه,پزشکی,دانشگاه علوم پزشکی مشهد
1392,تجربی,957,445,منطقه دو,پزشکی,دانشگاه علوم پزشکی یزد
1392,تجربی,960,415,منطقه یک,پزشکی,دانشگاه علوم پزشکی تبریز
1392,تجربی,960,447,منطقه دو,دندانپزشکی,دانشگاه علوم پزشکی اصفهان
1392,تجربی,962,416,منطقه یک,پزشکی,دانشگاه علوم پزشکی مشهد
1392,تجربی,963,448,منطقه دو,داروسازی,دانشگاه علوم پزشکی تهران
1392,تجربی,965,417,منطقه یک,پزشکی,دانشگاه علوم پزشکی مشهد
1392,تجربی,965,450,منطقه دو,پزشکی,دانشگاه علوم پزشکی شیراز
1392,تجربی,969,452,منطقه دو,دندانپزشکی,دانشگاه علوم پزشکی مشهد
1392,تجربی,971,88,منطقه سه,پزشکی,دانشگاه علوم پزشکی شیراز
1392,تجربی,971,454,منطقه دو,دندانپزشکی,دانشگاه علوم پزشکی زنجان
1392,تجربی,973,455,منطقه دو,پزشکی,دانشگاه علوم پزشکی ایران
1392,تجربی,974,418,منطقه یک,دندانپزشکی,دانشگاه علوم پزشکی شیراز
1392,تجربی,975,419,منطقه یک,پزشکی,دانشگاه علوم پزشکی شیراز
1392,تجربی,975,456,منطقه دو,پزشکی,دانشگاه علوم پزشکی تبریز
1392,تجربی,978,421,منطقه یک,پزشکی,دانشگاه علوم پزشکی اصفهان
1392,تجربی,978,421,منطقه یک,پزشکی,دانشگاه علوم پزشکی مشهد
1392,تجربی,980,423,منطقه یک,پزشکی,دانشگاه علوم پزشکی اصفهان
1392,تجربی,980,457,منطقه دو,پزشکی,دانشگاه علوم پزشکی اصفهان
1392,تجربی,982,458,منطقه دو,پزشکی,دانشگاه علوم پزشکی اصفهان
1392,تجربی,984,89,منطقه سه,پزشکی,دانشگاه علوم پزشکی مشهد
1392,تجربی,984,424,منطقه یک,پزشکی,دانشگاه علوم پزشکی تبریز
1392,تجربی,987,426,منطقه یک,پزشکی,دانشگاه علوم پزشکی شیراز
1392,تجربی,990,90,منطقه سه,پزشکی,دانشگاه علوم پزشکی مشهد
1392,تجربی,990,460,منطقه دو,داروسازی,دانشگاه علوم پزشکی تهران
1392,تجربی,993,461,منطقه دو,دندانپزشکی,دانشگاه علوم پزشکی شیراز
1392,تجربی,994,91,منطقه سه,دندانپزشکی,دانشگاه علوم پزشکی تهران
1392,تجربی,994,91,منطقه سه,پزشکی,دانشگاه علوم پزشکی تهران
1392,تجربی,994,462,منطقه دو,پزشکی,دانشگاه علوم پزشکی اصفهان
1392,تجربی,997,430,منطقه یک,دندانپزشکی,دانشگاه علوم پزشکی البرز - کرج
1392,تجربی,999,431,منطقه یک,پزشکی,دانشگاه علوم پزشکی اصفهان
1392,تجربی,999,464,منطقه دو,دندانپزشکی,دانشگاه علوم پزشکی قزوین
1392,تجربی,1001,432,منطقه یک,داروسازی,دانشگاه علوم پزشکی مشهد
1392,تجربی,1002,465,منطقه دو,پزشکی,دانشگاه علوم پزشکی تبریز
1392,تجربی,1004,466,منطقه دو,پزشکی,دانشگاه علوم پزشکی ایران
1392,تجربی,1006,434,منطقه یک,پزشکی,دانشگاه علوم پزشکی اصفهان
1392,تجربی,1006,434,منطقه یک,پزشکی,دانشگاه علوم پزشکی مشهد
1392,تجربی,1006,467,منطقه دو,پزشکی,دانشگاه علوم پزشکی اصفهان
1392,تجربی,1009,436,منطقه یک,داروسازی,دانشگاه علوم پزشکی تهران
1392,تجربی,1009,436,منطقه یک,پزشکی,دانشگاه علوم پزشکی تبریز
1392,تجربی,1009,468,منطقه دو,پزشکی,دانشگاه علوم پزشکی گیلان - رشت
1392,تجربی,1009,468,منطقه دو,پزشکی,دانشگاه علوم پزشکی یزد
1392,تجربی,1014,94,منطقه سه,پزشکی,دانشگاه علوم پزشکی مشهد
1392,تجربی,1014,471,منطقه دو,پزشکی,دانشگاه علوم پزشکی تبریز
1392,تجربی,1014,471,منطقه دو,پزشکی,دانشگاه علوم پزشکی مشهد
1392,تجربی,1017,473,منطقه دو,پزشکی,دانشگاه علوم پزشکی تبریز
1392,تجربی,1019,95,منطقه سه,پزشکی,دانشگاه علوم پزشکی شیراز
1392,تجربی,1020,96,منطقه سه,پزشکی,دانشگاه علوم پزشکی مشهد
1392,تجربی,1024,441,منطقه یک,پزشکی,دانشگاه علوم پزشکی همدان
1392,تجربی,1024,475,منطقه دو,دندانپزشکی,دانشگاه شاهد - تهران
1392,تجربی,1026,442,منطقه یک,پزشکی,دانشگاه علوم پزشکی اصفهان
1392,تجربی,1027,443,منطقه یک,پزشکی,دانشگاه علوم پزشکی تبریز
1392,تجربی,1027,443,منطقه یک,پزشکی,دانشگاه علوم پزشکی مشهد
1392,تجربی,1029,97,منطقه سه,پزشکی,دانشگاه علوم پزشکی شیراز
1392,تجربی,1029,445,منطقه یک,پزشکی,دانشگاه علوم پزشکی البرز - کرج
1392,تجربی,1031,446,منطقه یک,دندانپزشکی,دانشگاه علوم پزشکی یزد
1392,تجربی,1033,448,منطقه یک,پزشکی,دانشگاه علوم پزشکی اصفهان
1392,تجربی,1033,476,منطقه دو,پزشکی,دانشگاه علوم پزشکی یزد
1392,تجربی,1035,477,منطقه دو,پزشکی,دانشگاه علوم پزشکی اصفهان
1392,تجربی,1037,450,منطقه یک,پزشکی,دانشگاه علوم پزشکی اصفهان
1392,تجربی,1040,452,منطقه یک,دندانپزشکی,دانشگاه علوم پزشکی تبریز
1392,تجربی,1040,452,منطقه یک,پزشکی,دانشگاه علوم پزشکی اصفهان
1392,تجربی,1043,98,منطقه سه,پزشکی,دانشگاه علوم پزشکی شیراز
1392,تجربی,1044,99,منطقه سه,پزشکی,دانشگاه علوم پزشکی اصفهان
1392,تجربی,1044,99,منطقه سه,پزشکی,دانشگاه علوم پزشکی شیراز
1392,تجربی,1044,478,منطقه دو,دندانپزشکی,دانشگاه علوم پزشکی اصفهان
1392,تجربی,1050,102,منطقه سه,دندانپزشکی,دانشگاه علوم پزشکی شهید بهشتی - تهران
1392,تجربی,1051,456,منطقه یک,دندانپزشکی,دانشگاه علوم پزشکی تبریز
1392,تجربی,1052,457,منطقه یک,پزشکی,دانشگاه علوم پزشکی تبریز
1392,تجربی,1052,480,منطقه دو,پزشکی,دانشگاه علوم پزشکی شیراز
1392,تجربی,1055,103,منطقه سه,پزشکی,دانشگاه علوم پزشکی مشهد
1392,تجربی,1055,481,منطقه دو,پزشکی,دانشگاه علوم پزشکی اصفهان
1392,تجربی,1057,459,منطقه یک,پزشکی,دانشگاه علوم پزشکی اصفهان
1392,تجربی,1058,482,منطقه دو,پزشکی,دانشگاه علوم پزشکی ایران
1392,تجربی,1059,483,منطقه دو,پزشکی,دانشگاه علوم پزشکی ایران
1392,تجربی,1061,104,منطقه سه,دندانپزشکی,دانشگاه علوم پزشکی شیراز
1392,تجربی,1061,485,منطقه دو,دندانپزشکی,دانشگاه علوم پزشکی بابل
1392,تجربی,1061,485,منطقه دو,دندانپزشکی,دانشگاه علوم پزشکی شهید بهشتی - تهران
1392,تجربی,1061,485,منطقه دو,پزشکی,دانشگاه علوم پزشکی مشهد
1392,تجربی,1065,460,منطقه یک,پزشکی,دانشگاه علوم پزشکی مشهد
1392,تجربی,1065,488,منطقه دو,دندانپزشکی,دانشگاه علوم پزشکی تبریز
1392,تجربی,1067,105,منطقه سه,پزشکی,دانشگاه علوم پزشکی تهران
1392,تجربی,1070,106,منطقه سه,دندانپزشکی,دانشگاه علوم پزشکی مشهد
1392,تجربی,1070,491,منطقه دو,پزشکی,دانشگاه علوم پزشکی شیراز
1392,تجربی,1070,491,منطقه دو,پزشکی,دانشگاه علوم پزشکی مازندران - ساری
1392,تجربی,1073,107,منطقه سه,پزشکی,دانشگاه علوم پزشکی تهران
1392,تجربی,1073,461,منطقه یک,پزشکی,دانشگاه علوم پزشکی شیراز
1392,تجربی,1073,461,منطقه یک,پزشکی,دانشگاه علوم پزشکی مشهد
1392,تجربی,1073,493,منطقه دو,پزشکی,دانشگاه علوم پزشکی شیراز
1392,تجربی,1077,494,منطقه دو,دندانپزشکی,دانشگاه علوم پزشکی قزوین
1392,تجربی,1077,494,منطقه دو,پزشکی,دانشگاه علوم پزشکی اصفهان
1392,تجربی,1079,463,منطقه یک,پزشکی,دانشگاه علوم پزشکی اصفهان
1392,تجربی,1081,497,منطقه دو,پزشکی,دانشگاه علوم پزشکی بابل
1392,تجربی,1083,498,منطقه دو,پزشکی,دانشگاه علوم پزشکی اصفهان
1392,تجربی,1084,464,منطقه یک,پزشکی,دانشگاه علوم پزشکی اصفهان
1392,تجربی,1084,499,منطقه دو,پزشکی,دانشگاه علوم پزشکی مشهد
1392,تجربی,1086,109,منطقه سه,پزشکی,دانشگاه علوم پزشکی تبریز
1392,تجربی,1086,465,منطقه یک,پزشکی,دانشگاه علوم پزشکی مشهد
1392,تجربی,1086,500,منطقه دو,دندانپزشکی,دانشگاه علوم پزشکی بابل
1392,تجربی,1086,500,منطقه دو,پزشکی,دانشگاه علوم پزشکی کرمان
1392,تجربی,1090,110,منطقه سه,پزشکی,دانشگاه علوم پزشکی شیراز
1392,تجربی,1092,466,منطقه یک,دندانپزشکی,دانشگاه علوم پزشکی تبریز
1392,تجربی,1092,466,منطقه یک,پزشکی,دانشگاه علوم پزشکی مشهد
1392,تجربی,1092,502,منطقه دو,دندانپزشکی,دانشگاه علوم پزشکی گیلان - رشت
1392,تجربی,1097,112,منطقه سه,پزشکی,دانشگاه علوم پزشکی شیراز
1392,تجربی,1097,469,منطقه یک,داروسازی,دانشگاه علوم پزشکی تهران
1392,تجربی,1099,503,منطقه دو,پزشکی,دانشگاه علوم پزشکی جندی شاپور اهواز
1392,تجربی,1101,114,منطقه سه,دندانپزشکی,دانشگاه علوم پزشکی شیراز
1392,تجربی,1101,470,منطقه یک,پزشکی,دانشگاه علوم پزشکی تبریز
1392,تجربی,1103,115,منطقه سه,پزشکی,دانشگاه علوم پزشکی اصفهان
1392,تجربی,1105,116,منطقه سه,پزشکی,دانشگاه علوم پزشکی شیراز
1392,تجربی,1106,504,منطقه دو,دندانپزشکی,دانشگاه علوم پزشکی یزد
1392,تجربی,1110,474,منطقه یک,دندانپزشکی,دانشگاه علوم پزشکی شیراز
1392,تجربی,1110,505,منطقه دو,پزشکی,دانشگاه علوم پزشکی شیراز
1392,تجربی,1114,506,منطقه دو,داروسازی,دانشگاه علوم پزشکی تهران
1392,تجربی,1117,478,منطقه یک,دندانپزشکی,دانشگاه علوم پزشکی شیراز
1392,تجربی,1120,118,منطقه سه,پزشکی,دانشگاه علوم پزشکی کرمان
1392,تجربی,1120,509,منطقه دو,پزشکی,دانشگاه علوم پزشکی کرمانشاه
1392,تجربی,1124,481,منطقه یک,پزشکی,دانشگاه علوم پزشکی اصفهان
1392,تجربی,1125,511,منطقه دو,پزشکی,دانشگاه علوم پزشکی کردستان - سنندج
1392,تجربی,1126,512,منطقه دو,پزشکی,دانشگاه علوم پزشکی شیراز
1392,تجربی,1126,512,منطقه دو,پزشکی,دانشگاه علوم پزشکی مشهد
1392,تجربی,1128,514,منطقه دو,داروسازی,دانشگاه علوم پزشکی تهران
1392,تجربی,1128,514,منطقه دو,پزشکی,دانشگاه علوم پزشکی ایران
1392,تجربی,1133,119,منطقه سه,پزشکی,دانشگاه علوم پزشکی اصفهان
1392,تجربی,1133,485,منطقه یک,داروسازی,دانشگاه علوم پزشکی تهران
1392,تجربی,1135,120,منطقه سه,پزشکی,دانشگاه علوم پزشکی شهید بهشتی - تهران
1392,تجربی,1135,486,منطقه یک,پزشکی,دانشگاه علوم پزشکی مشهد
1392,تجربی,1140,487,منطقه یک,پزشکی,دانشگاه علوم پزشکی شیراز
1392,تجربی,1140,519,منطقه دو,پزشکی,دانشگاه علوم پزشکی اصفهان
1392,تجربی,1140,519,منطقه دو,پزشکی,دانشگاه علوم پزشکی تبریز
1392,تجربی,1140,519,منطقه دو,پزشکی,دانشگاه علوم پزشکی شیراز
1392,تجربی,1140,519,منطقه دو,پزشکی,دانشگاه علوم پزشکی یزد
1392,تجربی,1145,121,منطقه سه,پزشکی,دانشگاه علوم پزشکی شیراز
1392,تجربی,1149,525,منطقه دو,پزشکی,دانشگاه علوم پزشکی ایران
1392,تجربی,1151,122,منطقه سه,دندانپزشکی,دانشگاه علوم پزشکی مشهد
1392,تجربی,1152,490,منطقه یک,پزشکی,دانشگاه علوم پزشکی اصفهان
1392,تجربی,1153,123,منطقه سه,پزشکی,دانشگاه علوم پزشکی اصفهان
1392,تجربی,1153,491,منطقه یک,دندانپزشکی,دانشگاه علوم پزشکی قزوین
1392,تجربی,1155,492,منطقه یک,دندانپزشکی,دانشگاه علوم پزشکی گیلان - رشت
1392,تجربی,1157,494,منطقه یک,دندانپزشکی,دانشگاه علوم پزشکی تبریز
1392,تجربی,1157,494,منطقه یک,پزشکی,دانشگاه علوم پزشکی تبریز
1392,تجربی,1160,526,منطقه دو,دندانپزشکی,دانشگاه علوم پزشکی کرمان
1392,تجربی,1160,526,منطقه دو,پزشکی,دانشگاه علوم پزشکی اصفهان
1392,تجربی,1162,497,منطقه یک,پزشکی,دانشگاه علوم پزشکی تبریز
1392,تجربی,1162,528,منطقه دو,پزشکی,دانشگاه علوم پزشکی اصفهان
1392,تجربی,1164,529,منطقه دو,پزشکی,دانشگاه علوم پزشکی قم
1392,تجربی,1165,498,منطقه یک,پزشکی,دانشگاه علوم پزشکی بقیه الله
1392,تجربی,1165,530,منطقه دو,پزشکی,دانشگاه علوم پزشکی کرمان
1392,تجربی,1167,124,منطقه سه,پزشکی,دانشگاه علوم پزشکی شیراز
1392,تجربی,1167,531,منطقه دو,پزشکی,دانشگاه علوم پزشکی تبریز
1392,تجربی,1171,500,منطقه یک,داروسازی,دانشگاه علوم پزشکی اصفهان
1392,تجربی,1171,500,منطقه یک,پزشکی,دانشگاه علوم پزشکی مشهد
1392,تجربی,1174,534,منطقه دو,پزشکی,دانشگاه علوم پزشکی شیراز
1392,تجربی,1176,502,منطقه یک,پزشکی,دانشگاه علوم پزشکی اصفهان
1392,تجربی,1176,536,منطقه دو,پزشکی,دانشگاه علوم پزشکی یزد
1392,تجربی,1179,537,منطقه دو,پزشکی,دانشگاه علوم پزشکی مشهد
1392,تجربی,1180,504,منطقه یک,پزشکی,دانشگاه علوم پزشکی مشهد
1392,تجربی,1183,507,منطقه یک,پزشکی,دانشگاه علوم پزشکی تبریز
1392,تجربی,1183,538,منطقه دو,دندانپزشکی,دانشگاه شاهد - تهران
1392,تجربی,1183,538,منطقه دو,پزشکی,دانشگاه علوم پزشکی مشهد
1392,تجربی,1186,125,منطقه سه,پزشکی,دانشگاه علوم پزشکی همدان
1392,تجربی,1186,508,منطقه یک,دندانپزشکی,دانشگاه علوم پزشکی ارومیه
1392,تجربی,1189,510,منطقه یک,پزشکی,دانشگاه علوم پزشکی اصفهان
1392,تجربی,1189,540,منطقه دو,دندانپزشکی,دانشگاه علوم پزشکی جندی شاپور اهواز
1392,تجربی,1192,126,منطقه سه,پزشکی,دانشگاه علوم پزشکی شهرکرد
1392,تجربی,1192,512,منطقه یک,دندانپزشکی,دانشگاه علوم پزشکی تبریز
1392,تجربی,1192,512,منطقه یک,پزشکی,دانشگاه علوم پزشکی اصفهان
1392,تجربی,1192,512,منطقه یک,پزشکی,دانشگاه علوم پزشکی البرز - کرج
1392,تجربی,1196,127,منطقه سه,پزشکی,دانشگاه علوم پزشکی مشهد
1392,تجربی,1196,515,منطقه یک,پزشکی,دانشگاه علوم پزشکی تبریز
1392,تجربی,1196,541,منطقه دو,پزشکی,دانشگاه علوم پزشکی گیلان - رشت
1392,تجربی,1199,516,منطقه یک,دندانپزشکی,دانشگاه علوم پزشکی البرز - کرج
1392,تجربی,1199,516,منطقه یک,پزشکی,دانشگاه علوم پزشکی شیراز
1392,تجربی,1199,542,منطقه دو,پزشکی,دانشگاه علوم پزشکی شیراز
1392,تجربی,1202,518,منطقه یک,دندانپزشکی,دانشگاه علوم پزشکی تبریز
1392,تجربی,1204,128,منطقه سه,پزشکی,دانشگاه علوم پزشکی شیراز
1392,تجربی,1204,544,منطقه دو,پزشکی,دانشگاه علوم پزشکی اصفهان
1392,تجربی,1207,520,منطقه یک,پزشکی,دانشگاه علوم پزشکی مشهد
1392,تجربی,1209,129,منطقه سه,پزشکی,دانشگاه علوم پزشکی شهید بهشتی - تهران
1392,تجربی,1210,545,منطقه دو,پزشکی,دانشگاه علوم پزشکی تبریز
1392,تجربی,1212,546,منطقه دو,پزشکی,دانشگاه علوم پزشکی اصفهان
1392,تجربی,1212,546,منطقه دو,پزشکی,دانشگاه علوم پزشکی ایران
1392,تجربی,1214,523,منطقه یک,پزشکی,دانشگاه علوم پزشکی البرز - کرج
1392,تجربی,1214,548,منطقه دو,پزشکی,دانشگاه علوم پزشکی شهید بهشتی - تهران
1392,تجربی,1214,548,منطقه دو,پزشکی,دانشگاه علوم پزشکی شیراز
1392,تجربی,1217,524,منطقه یک,پزشکی,دانشگاه علوم پزشکی شیراز
1392,تجربی,1219,550,منطقه دو,پزشکی,دانشگاه علوم پزشکی شیراز
1392,تجربی,1220,526,منطقه یک,پزشکی,دانشگاه علوم پزشکی مشهد
1392,تجربی,1223,529,منطقه یک,پزشکی,دانشگاه علوم پزشکی مشهد
1392,تجربی,1223,551,منطقه دو,پزشکی,دانشگاه علوم پزشکی مازندران - ساری
1392,تجربی,1225,130,منطقه سه,پزشکی,دانشگاه علوم پزشکی تبریز
1392,تجربی,1225,552,منطقه دو,دندانپزشکی,دانشگاه شاهد - تهران
1392,تجربی,1225,552,منطقه دو,پزشکی,دانشگاه علوم پزشکی اصفهان
1392,تجربی,1225,552,منطقه دو,پزشکی,دانشگاه علوم پزشکی شیراز
1392,تجربی,1230,555,منطقه دو,دندانپزشکی,دانشگاه علوم پزشکی گیلان - رشت
1392,تجربی,1232,531,منطقه یک,دندانپزشکی,دانشگاه علوم پزشکی گیلان - رشت
1392,تجربی,1232,557,منطقه دو,پزشکی,دانشگاه علوم پزشکی شیراز
1392,تجربی,1235,558,منطقه دو,دندانپزشکی,دانشگاه علوم پزشکی تبریز
1392,تجربی,1238,131,منطقه سه,پزشکی,دانشگاه علوم پزشکی اصفهان
1392,تجربی,1238,559,منطقه دو,پزشکی,دانشگاه علوم پزشکی کرمانشاه
1392,تجربی,1240,534,منطقه یک,پزشکی,دانشگاه علوم پزشکی شیراز
1392,تجربی,1242,132,منطقه سه,پزشکی,دانشگاه علوم پزشکی زنجان
1392,تجربی,1242,561,منطقه دو,پزشکی,دانشگاه علوم پزشکی تبریز
1392,تجربی,1244,562,منطقه دو,دندانپزشکی,دانشگاه علوم پزشکی زنجان
1392,تجربی,1246,564,منطقه دو,پزشکی,دانشگاه علوم پزشکی اصفهان
1392,تجربی,1247,133,منطقه سه,دندانپزشکی,دانشگاه علوم پزشکی تبریز
1392,تجربی,1247,133,منطقه سه,پزشکی,دانشگاه علوم پزشکی گیلان - رشت
1392,تجربی,1247,535,منطقه یک,دندانپزشکی,دانشگاه علوم پزشکی بیرجند
1392,تجربی,1247,565,منطقه دو,پزشکی,دانشگاه علوم پزشکی اصفهان
1392,تجربی,1247,565,منطقه دو,پزشکی,دانشگاه علوم پزشکی مازندران - ساری
1392,تجربی,1253,135,منطقه سه,پزشکی,دانشگاه علوم پزشکی شیراز
1392,تجربی,1253,568,منطقه دو,پزشکی,دانشگاه علوم پزشکی اصفهان
1392,تجربی,1253,568,منطقه دو,پزشکی,دانشگاه علوم پزشکی گیلان - رشت
1392,تجربی,1257,570,منطقه دو,پزشکی,دانشگاه علوم پزشکی شیراز
1392,تجربی,1258,571,منطقه دو,پزشکی,دانشگاه علوم پزشکی تبریز
1392,تجربی,1258,571,منطقه دو,پزشکی,دانشگاه علوم پزشکی مشهد
1392,تجربی,1260,573,منطقه دو,پزشکی,دانشگاه علوم پزشکی بقیه الله
1392,تجربی,1264,539,منطقه یک,پزشکی,دانشگاه علوم پزشکی اصفهان
1392,تجربی,1266,540,منطقه یک,داروسازی,دانشگاه علوم پزشکی تهران
1392,تجربی,1267,541,منطقه یک,پزشکی,دانشگاه علوم پزشکی مشهد
1392,تجربی,1268,542,منطقه یک,پزشکی,دانشگاه علوم پزشکی شیراز
1392,تجربی,1268,575,منطقه دو,دندانپزشکی,دانشگاه علوم پزشکی بابل
1392,تجربی,1270,137,منطقه سه,دندانپزشکی,دانشگاه علوم پزشکی تبریز
1392,تجربی,1270,576,منطقه دو,پزشکی,دانشگاه علوم پزشکی شیراز
1392,تجربی,1273,139,منطقه سه,پزشکی,دانشگاه علوم پزشکی اصفهان
1392,تجربی,1275,140,منطقه سه,پزشکی,دانشگاه علوم پزشکی تبریز
1392,تجربی,1275,544,منطقه یک,پزشکی,دانشگاه علوم پزشکی البرز - کرج
1392,تجربی,1275,577,منطقه دو,پزشکی,دانشگاه علوم پزشکی مشهد
1392,تجربی,1279,545,منطقه یک,پزشکی,دانشگاه علوم پزشکی البرز - کرج
1392,تجربی,1279,578,منطقه دو,پزشکی,دانشگاه علوم پزشکی اصفهان
1392,تجربی,1283,579,منطقه دو,دندانپزشکی,دانشگاه علوم پزشکی همدان
1392,تجربی,1284,547,منطقه یک,پزشکی,دانشگاه علوم پزشکی اصفهان
1392,تجربی,1285,580,منطقه دو,دندانپزشکی,دانشگاه علوم پزشکی بابل
1392,تجربی,1285,580,منطقه دو,پزشکی,دانشگاه علوم پزشکی ایران
1392,تجربی,1285,580,منطقه دو,پزشکی,دانشگاه علوم پزشکی جندی شاپور اهواز
1392,تجربی,1288,583,منطقه دو,پزشکی,دانشگاه علوم پزشکی بابل
1392,تجربی,1288,583,منطقه دو,پزشکی,دانشگاه علوم پزشکی تبریز
1392,تجربی,1290,143,منطقه سه,پزشکی,دانشگاه علوم پزشکی جندی شاپور اهواز
1392,تجربی,1290,548,منطقه یک,دندانپزشکی,دانشگاه علوم پزشکی یزد
1392,تجربی,1290,548,منطقه یک,پزشکی,دانشگاه علوم پزشکی مشهد
1392,تجربی,1294,550,منطقه یک,پزشکی,دانشگاه علوم پزشکی یاسوج
1392,تجربی,1294,586,منطقه دو,دندانپزشکی,دانشگاه علوم پزشکی تبریز
1392,تجربی,1297,144,منطقه سه,دندانپزشکی,دانشگاه علوم پزشکی شیراز
1392,تجربی,1297,587,منطقه دو,پزشکی,دانشگاه علوم پزشکی تبریز
1392,تجربی,1299,552,منطقه یک,پزشکی,دانشگاه علوم پزشکی اصفهان
1392,تجربی,1299,588,منطقه دو,داروسازی,دانشگاه علوم پزشکی تهران
1392,تجربی,1299,588,منطقه دو,پزشکی,دانشگاه علوم پزشکی یزد
1392,تجربی,1303,554,منطقه یک,پزشکی,دانشگاه علوم پزشکی کاشان
1392,تجربی,1303,590,منطقه دو,پزشکی,دانشگاه علوم پزشکی گیلان - رشت
1392,تجربی,1307,145,منطقه سه,پزشکی,دانشگاه علوم پزشکی همدان
1392,تجربی,1308,591,منطقه دو,پزشکی,دانشگاه علوم پزشکی تبریز
1392,تجربی,1309,592,منطقه دو,پزشکی,دانشگاه علوم پزشکی ایران
1392,تجربی,1309,592,منطقه دو,پزشکی,دانشگاه علوم پزشکی تبریز
1392,تجربی,1311,594,منطقه دو,دندانپزشکی,دانشگاه علوم پزشکی مازندران - ساری
1392,تجربی,1312,557,منطقه یک,پزشکی,دانشگاه علوم پزشکی مشهد
1392,تجربی,1312,595,منطقه دو,پزشکی,دانشگاه علوم پزشکی اصفهان
1392,تجربی,1314,146,منطقه سه,دندانپزشکی,دانشگاه علوم پزشکی همدان
1392,تجربی,1315,596,منطقه دو,پزشکی,دانشگاه علوم پزشکی ایران
1392,تجربی,1316,597,منطقه دو,پزشکی,دانشگاه علوم پزشکی تبریز
1392,تجربی,1317,598,منطقه دو,پزشکی,دانشگاه علوم پزشکی اصفهان
1392,تجربی,1317,598,منطقه دو,پزشکی,دانشگاه علوم پزشکی ایران
1392,تجربی,1320,559,منطقه یک,دندانپزشکی,دانشگاه علوم پزشکی بیرجند
1392,تجربی,1320,559,منطقه یک,پزشکی,دانشگاه علوم پزشکی اصفهان
1392,تجربی,1322,147,منطقه سه,پزشکی,دانشگاه علوم پزشکی اصفهان
1392,تجربی,1322,147,منطقه سه,پزشکی,دانشگاه علوم پزشکی تبریز
1392,تجربی,1327,602,منطقه دو,دندانپزشکی,دانشگاه علوم پزشکی کرمان
1392,تجربی,1331,604,منطقه دو,پزشکی,دانشگاه علوم پزشکی اصفهان
1392,تجربی,1331,604,منطقه دو,پزشکی,دانشگاه علوم پزشکی مشهد
1392,تجربی,1334,606,منطقه دو,پزشکی,دانشگاه علوم پزشکی بابل
1392,تجربی,1334,606,منطقه دو,پزشکی,دانشگاه علوم پزشکی مازندران - ساری
1392,تجربی,1337,564,منطقه یک,داروسازی,دانشگاه علوم پزشکی تهران
1392,تجربی,1337,564,منطقه یک,پزشکی,دانشگاه علوم پزشکی شیراز
1392,تجربی,1337,608,منطقه دو,پزشکی,دانشگاه علوم پزشکی ایران
1392,تجربی,1342,150,منطقه سه,پزشکی,دانشگاه علوم پزشکی شیراز
1392,تجربی,1342,568,منطقه یک,دندانپزشکی,دانشگاه شاهد - تهران
1392,تجربی,1345,151,منطقه سه,دندانپزشکی,دانشگاه علوم پزشکی شهید بهشتی - تهران
1392,تجربی,1345,151,منطقه سه,پزشکی,دانشگاه علوم پزشکی شیراز
1392,تجربی,1345,569,منطقه یک,پزشکی,دانشگاه علوم پزشکی مشهد
1392,تجربی,1345,610,منطقه دو,پزشکی,دانشگاه علوم پزشکی ایران
1392,تجربی,1349,570,منطقه یک,پزشکی,دانشگاه علوم پزشکی شیراز
1392,تجربی,1350,571,منطقه یک,پزشکی,دانشگاه علوم پزشکی اصفهان
1392,تجربی,1350,571,منطقه یک,پزشکی,دانشگاه علوم پزشکی مشهد
1392,تجربی,1350,611,منطقه دو,دندانپزشکی,دانشگاه علوم پزشکی یزد
1392,تجربی,1350,611,منطقه دو,پزشکی,دانشگاه علوم پزشکی ایران
1392,تجربی,1350,611,منطقه دو,پزشکی,دانشگاه علوم پزشکی مشهد
1392,تجربی,1356,153,منطقه سه,پزشکی,دانشگاه علوم پزشکی تبریز
1392,تجربی,1356,615,منطقه دو,پزشکی,دانشگاه علوم پزشکی ایران
1392,تجربی,1358,616,منطقه دو,داروسازی,دانشگاه علوم پزشکی شهید بهشتی - تهران
1392,تجربی,1358,616,منطقه دو,پزشکی,دانشگاه علوم پزشکی تبریز
1392,تجربی,1358,616,منطقه دو,پزشکی,دانشگاه علوم پزشکی گیلان - رشت
1392,تجربی,1361,154,منطقه سه,پزشکی,دانشگاه علوم پزشکی شیراز
1392,تجربی,1361,619,منطقه دو,داروسازی,دانشگاه علوم پزشکی شهید بهشتی - تهران
1392,تجربی,1363,573,منطقه یک,دندانپزشکی,دانشگاه علوم پزشکی یزد
1392,تجربی,1363,620,منطقه دو,دندانپزشکی,دانشگاه علوم پزشکی اردبیل
1392,تجربی,1363,620,منطقه دو,دندانپزشکی,دانشگاه علوم پزشکی گیلان - رشت
1392,تجربی,1363,620,منطقه دو,پزشکی,دانشگاه علوم پزشکی اصفهان
1392,تجربی,1371,155,منطقه سه,دندانپزشکی,دانشگاه علوم پزشکی شیراز
1392,تجربی,1371,155,منطقه سه,دندانپزشکی,دانشگاه علوم پزشکی مشهد
1392,تجربی,1371,155,منطقه سه,پزشکی,دانشگاه علوم پزشکی شیراز
1392,تجربی,1377,158,منطقه سه,پزشکی,دانشگاه علوم پزشکی مشهد
1392,تجربی,1377,627,منطقه دو,پزشکی,دانشگاه علوم پزشکی اصفهان
1392,تجربی,1377,627,منطقه دو,پزشکی,دانشگاه علوم پزشکی شیراز
1392,تجربی,1380,629,منطقه دو,دندانپزشکی,دانشگاه علوم پزشکی اراک
1392,تجربی,1380,629,منطقه دو,دندانپزشکی,دانشگاه علوم پزشکی همدان
1392,تجربی,1385,579,منطقه یک,پزشکی,دانشگاه علوم پزشکی مشهد
1392,تجربی,1385,632,منطقه دو,پزشکی,دانشگاه علوم پزشکی کرمانشاه
1392,تجربی,1387,580,منطقه یک,پزشکی,دانشگاه علوم پزشکی تبریز
1392,تجربی,1388,633,منطقه دو,دندانپزشکی,دانشگاه علوم پزشکی اراک
1392,تجربی,1388,633,منطقه دو,پزشکی,دانشگاه علوم پزشکی مشهد
1392,تجربی,1390,581,منطقه یک,پزشکی,دانشگاه علوم پزشکی اصفهان
1392,تجربی,1390,581,منطقه یک,پزشکی,دانشگاه علوم پزشکی شیراز
1392,تجربی,1390,581,منطقه یک,پزشکی,دانشگاه علوم پزشکی کاشان
1392,تجربی,1393,635,منطقه دو,پزشکی,دانشگاه علوم پزشکی بابل
1392,تجربی,1394,159,منطقه سه,دندانپزشکی,دانشگاه علوم پزشکی جندی شاپور اهواز
1392,تجربی,1394,636,منطقه دو,پزشکی,دانشگاه علوم پزشکی بابل
1392,تجربی,1400,586,منطقه یک,دندانپزشکی,دانشگاه علوم پزشکی ارومیه
1392,تجربی,1400,586,منطقه یک,پزشکی,دانشگاه علوم پزشکی اصفهان
1392,تجربی,1400,638,منطقه دو,پزشکی,دانشگاه علوم پزشکی البرز - کرج
1392,تجربی,1403,639,منطقه دو,دندانپزشکی,دانشگاه علوم پزشکی جندی شاپور اهواز
1392,تجربی,1404,640,منطقه دو,داروسازی,دانشگاه علوم پزشکی تهران
1392,تجربی,1404,640,منطقه دو,پزشکی,دانشگاه علوم پزشکی مشهد
1392,تجربی,1406,588,منطقه یک,دندانپزشکی,دانشگاه علوم پزشکی همدان
1392,تجربی,1406,588,منطقه یک,پزشکی,دانشگاه علوم پزشکی اصفهان
1392,تجربی,1406,642,منطقه دو,پزشکی,دانشگاه علوم پزشکی کرمانشاه
1392,تجربی,1410,643,منطقه دو,دندانپزشکی,دانشگاه علوم پزشکی کرمان
1392,تجربی,1411,644,منطقه دو,پزشکی,دانشگاه علوم پزشکی اصفهان
1392,تجربی,1412,591,منطقه یک,دندانپزشکی,دانشگاه علوم پزشکی یزد
1392,تجربی,1412,645,منطقه دو,داروسازی,دانشگاه علوم پزشکی تهران
1392,تجربی,1414,161,منطقه سه,پزشکی,دانشگاه علوم پزشکی مشهد
1392,تجربی,1414,646,منطقه دو,پزشکی,دانشگاه علوم پزشکی تبریز
1392,تجربی,1416,647,منطقه دو,دندانپزشکی,دانشگاه علوم پزشکی بابل
1392,تجربی,1419,162,منطقه سه,پزشکی,دانشگاه علوم پزشکی شیراز
1392,تجربی,1419,648,منطقه دو,دندانپزشکی,دانشگاه علوم پزشکی همدان
1392,تجربی,1419,648,منطقه دو,پزشکی,دانشگاه علوم پزشکی ایران
1392,تجربی,1419,648,منطقه دو,پزشکی,دانشگاه علوم پزشکی تبریز
1392,تجربی,1423,594,منطقه یک,پزشکی,دانشگاه شاهد - تهران
1392,تجربی,1423,594,منطقه یک,پزشکی,دانشگاه علوم پزشکی اصفهان
1392,تجربی,1423,651,منطقه دو,دندانپزشکی,دانشگاه علوم پزشکی بابل
1392,تجربی,1426,652,منطقه دو,پزشکی,دانشگاه علوم پزشکی اصفهان
1392,تجربی,1428,653,منطقه دو,دندانپزشکی,دانشگاه علوم پزشکی اردبیل
1392,تجربی,1428,653,منطقه دو,پزشکی,دانشگاه علوم پزشکی مازندران - ساری
1392,تجربی,1430,163,منطقه سه,پزشکی,دانشگاه علوم پزشکی شیراز
1392,تجربی,1430,597,منطقه یک,دندانپزشکی,دانشگاه علوم پزشکی البرز - کرج
1392,تجربی,1430,597,منطقه یک,دندانپزشکی,دانشگاه علوم پزشکی یزد
1392,تجربی,1430,597,منطقه یک,پزشکی,دانشگاه علوم پزشکی تبریز
1392,تجربی,1430,597,منطقه یک,پزشکی,دانشگاه علوم پزشکی کرمان
1392,تجربی,1437,656,منطقه دو,پزشکی,دانشگاه علوم پزشکی کرمان
1392,تجربی,1439,602,منطقه یک,پزشکی,دانشگاه علوم پزشکی اصفهان
1392,تجربی,1439,658,منطقه دو,پزشکی,دانشگاه علوم پزشکی مازندران - ساری
1392,تجربی,1441,603,منطقه یک,پزشکی,دانشگاه علوم پزشکی تبریز
1392,تجربی,1445,167,منطقه سه,دندانپزشکی,دانشگاه علوم پزشکی بوشهر
1392,تجربی,1445,604,منطقه یک,پزشکی,دانشگاه علوم پزشکی مشهد
1392,تجربی,1448,606,منطقه یک,پزشکی,دانشگاه علوم پزشکی شیراز
1392,تجربی,1448,659,منطقه دو,دندانپزشکی,دانشگاه علوم پزشکی رفسنجان
1392,تجربی,1448,659,منطقه دو,پزشکی,دانشگاه علوم پزشکی مشهد
1392,تجربی,1453,663,منطقه دو,دندانپزشکی,دانشگاه علوم پزشکی کاشان
1392,تجربی,1454,607,منطقه یک,پزشکی,دانشگاه علوم پزشکی البرز - کرج
1392,تجربی,1454,664,منطقه دو,پزشکی,دانشگاه علوم پزشکی اصفهان
1392,تجربی,1457,609,منطقه یک,دندانپزشکی,دانشگاه علوم پزشکی یزد
1392,تجربی,1457,609,منطقه یک,پزشکی,دانشگاه علوم پزشکی اصفهان
1392,تجربی,1457,665,منطقه دو,پزشکی,دانشگاه علوم پزشکی مشهد
1392,تجربی,1460,611,منطقه یک,پزشکی,دانشگاه علوم پزشکی اصفهان
1392,تجربی,1460,666,منطقه دو,داروسازی,دانشگاه علوم پزشکی تهران
1392,تجربی,1460,666,منطقه دو,پزشکی,دانشگاه علوم پزشکی اصفهان
1392,تجربی,1460,666,منطقه دو,پزشکی,دانشگاه علوم پزشکی مشهد
1392,تجربی,1466,671,منطقه دو,پزشکی,دانشگاه علوم پزشکی اصفهان
1392,تجربی,1469,168,منطقه سه,پزشکی,دانشگاه علوم پزشکی جندی شاپور اهواز
1392,تجربی,1469,612,منطقه یک,پزشکی,دانشگاه علوم پزشکی اصفهان
1392,تجربی,1472,674,منطقه دو,دندانپزشکی,دانشگاه علوم پزشکی بابل
1392,تجربی,1474,675,منطقه دو,پزشکی,دانشگاه علوم پزشکی گیلان - رشت
1392,تجربی,1475,676,منطقه دو,پزشکی,دانشگاه علوم پزشکی تبریز
1392,تجربی,1475,676,منطقه دو,پزشکی,دانشگاه علوم پزشکی همدان
1392,تجربی,1478,679,منطقه دو,داروسازی,دانشگاه علوم پزشکی تهران
1392,تجربی,1479,615,منطقه یک,داروسازی,دانشگاه علوم پزشکی مشهد
1392,تجربی,1479,680,منطقه دو,پزشکی,دانشگاه علوم پزشکی قم
1392,تجربی,1481,681,منطقه دو,دندانپزشکی,دانشگاه علوم پزشکی همدان
1392,تجربی,1481,681,منطقه دو,پزشکی,دانشگاه علوم پزشکی مشهد
1392,تجربی,1483,683,منطقه دو,دندانپزشکی,دانشگاه علوم پزشکی کاشان
1392,تجربی,1483,683,منطقه دو,پزشکی,دانشگاه علوم پزشکی جندی شاپور اهواز
1392,تجربی,1483,683,منطقه دو,پزشکی,دانشگاه علوم پزشکی یزد
1392,تجربی,1486,686,منطقه دو,پزشکی,دانشگاه علوم پزشکی تبریز
1392,تجربی,1488,169,منطقه سه,پزشکی,دانشگاه علوم پزشکی شیراز
1392,تجربی,1488,616,منطقه یک,پزشکی,دانشگاه علوم پزشکی البرز - کرج
1392,تجربی,1493,618,منطقه یک,داروسازی,دانشگاه علوم پزشکی اصفهان
1392,تجربی,1493,618,منطقه یک,دندانپزشکی,دانشگاه علوم پزشکی البرز - کرج
1392,تجربی,1493,618,منطقه یک,پزشکی,دانشگاه علوم پزشکی تبریز
1392,تجربی,1493,690,منطقه دو,پزشکی,دانشگاه علوم پزشکی بابل
1392,تجربی,1498,621,منطقه یک,پزشکی,دانشگاه علوم پزشکی تبریز
1392,تجربی,1498,621,منطقه یک,پزشکی,دانشگاه علوم پزشکی مشهد
1392,تجربی,1500,691,منطقه دو,دندانپزشکی,دانشگاه علوم پزشکی بابل
1392,تجربی,1500,691,منطقه دو,پزشکی,دانشگاه علوم پزشکی اصفهان
1392,تجربی,1500,691,منطقه دو,پزشکی,دانشگاه علوم پزشکی بابل
1392,تجربی,1503,623,منطقه یک,داروسازی,دانشگاه علوم پزشکی شیراز
1392,تجربی,1505,695,منطقه دو,پزشکی,دانشگاه علوم پزشکی ارومیه
1392,تجربی,1506,624,منطقه یک,داروسازی,دانشگاه علوم پزشکی شیراز
1392,تجربی,1506,624,منطقه یک,پزشکی,دانشگاه علوم پزشکی تبریز
1392,تجربی,1508,696,منطقه دو,داروسازی,دانشگاه علوم پزشکی تهران
1392,تجربی,1513,698,منطقه دو,پزشکی,دانشگاه علوم پزشکی مازندران - ساری
1392,تجربی,1514,172,منطقه سه,پزشکی,دانشگاه علوم پزشکی مشهد
1392,تجربی,1514,628,منطقه یک,پزشکی,دانشگاه علوم پزشکی شیراز
1392,تجربی,1514,699,منطقه دو,داروسازی,دانشگاه علوم پزشکی مشهد
1392,تجربی,1514,699,منطقه دو,پزشکی,دانشگاه علوم پزشکی اراک
1392,تجربی,1514,699,منطقه دو,پزشکی,دانشگاه علوم پزشکی همدان
1392,تجربی,1520,630,منطقه یک,دندانپزشکی,دانشگاه علوم پزشکی قزوین
1392,تجربی,1520,630,منطقه یک,پزشکی,دانشگاه علوم پزشکی البرز - کرج
1392,تجربی,1520,702,منطقه دو,دندانپزشکی,دانشگاه علوم پزشکی بابل
1392,تجربی,1520,702,منطقه دو,پزشکی,دانشگاه علوم پزشکی مشهد
1392,تجربی,1524,632,منطقه یک,پزشکی,دانشگاه علوم پزشکی تبریز
1392,تجربی,1524,704,منطقه دو,داروسازی,دانشگاه علوم پزشکی شیراز
1392,تجربی,1524,704,منطقه دو,پزشکی,دانشگاه علوم پزشکی البرز - کرج
1392,تجربی,1524,704,منطقه دو,پزشکی,دانشگاه علوم پزشکی کاشان
1392,تجربی,1529,707,منطقه دو,پزشکی,دانشگاه علوم پزشکی بابل
1392,تجربی,1529,707,منطقه دو,پزشکی,دانشگاه علوم پزشکی قم
1392,تجربی,1532,173,منطقه سه,دندانپزشکی,دانشگاه علوم پزشکی گیلان - رشت
1392,تجربی,1532,709,منطقه دو,داروسازی,دانشگاه علوم پزشکی شهید بهشتی - تهران
1392,تجربی,1532,709,منطقه دو,پزشکی,دانشگاه علوم پزشکی همدان
1392,تجربی,1535,635,منطقه یک,پزشکی,دانشگاه علوم پزشکی شیراز
1392,تجربی,1535,711,منطقه دو,پزشکی,دانشگاه علوم پزشکی یزد
1392,تجربی,1537,174,منطقه سه,پزشکی,دانشگاه علوم پزشکی جندی شاپور اهواز
1392,تجربی,1541,175,منطقه سه,پزشکی,دانشگاه علوم پزشکی کرمان
1392,تجربی,1541,637,منطقه یک,پزشکی,دانشگاه علوم پزشکی البرز - کرج
1392,تجربی,1541,714,منطقه دو,دندانپزشکی,دانشگاه علوم پزشکی همدان
1392,تجربی,1541,714,منطقه دو,پزشکی,دانشگاه علوم پزشکی اراک
1392,تجربی,1541,714,منطقه دو,پزشکی,دانشگاه علوم پزشکی البرز - کرج
1392,تجربی,1547,639,منطقه یک,دندانپزشکی,دانشگاه علوم پزشکی البرز - کرج
1392,تجربی,1547,717,منطقه دو,دندانپزشکی,دانشگاه علوم پزشکی جندی شاپور اهواز
1392,تجربی,1549,718,منطقه دو,پزشکی,دانشگاه علوم پزشکی تبریز
1392,تجربی,1550,640,منطقه یک,داروسازی,دانشگاه علوم پزشکی شهید بهشتی - تهران
1392,تجربی,1550,640,منطقه یک,پزشکی,دانشگاه علوم پزشکی اصفهان
1392,تجربی,1552,719,منطقه دو,پزشکی,دانشگاه علوم پزشکی مازندران - ساری
1392,تجربی,1554,721,منطقه دو,دندانپزشکی,دانشگاه علوم پزشکی قزوین
1392,تجربی,1556,642,منطقه یک,پزشکی,دانشگاه علوم پزشکی مشهد
1392,تجربی,1557,177,منطقه سه,پزشکی,دانشگاه علوم پزشکی همدان
1392,تجربی,1557,643,منطقه یک,پزشکی,دانشگاه علوم پزشکی تبریز
1392,تجربی,1559,644,منطقه یک,پزشکی,دانشگاه علوم پزشکی ارومیه
1392,تجربی,1559,722,منطقه دو,دندانپزشکی,دانشگاه علوم پزشکی جندی شاپور اهواز
1392,تجربی,1559,722,منطقه دو,پزشکی,دانشگاه علوم پزشکی تبریز
1392,تجربی,1562,724,منطقه دو,دندانپزشکی,دانشگاه علوم پزشکی جندی شاپور اهواز
1392,تجربی,1564,646,منطقه یک,دندانپزشکی,دانشگاه علوم پزشکی یزد
1392,تجربی,1564,646,منطقه یک,پزشکی,دانشگاه شاهد - تهران
1392,تجربی,1564,646,منطقه یک,پزشکی,دانشگاه علوم پزشکی مشهد
1392,تجربی,1568,726,منطقه دو,پزشکی,دانشگاه علوم پزشکی کرمان
1392,تجربی,1569,649,منطقه یک,پزشکی,دانشگاه علوم پزشکی مشهد
1392,تجربی,1569,727,منطقه دو,پزشکی,دانشگاه علوم پزشکی مشهد
1392,تجربی,1571,650,منطقه یک,پزشکی,دانشگاه علوم پزشکی مشهد
1392,تجربی,1574,728,منطقه دو,پزشکی,دانشگاه شاهد - تهران
1392,تجربی,1576,654,منطقه یک,داروسازی,دانشگاه علوم پزشکی اصفهان
1392,تجربی,1578,656,منطقه یک,دندانپزشکی,دانشگاه علوم پزشکی یزد
1392,تجربی,1578,729,منطقه دو,پزشکی,دانشگاه علوم پزشکی مشهد
1392,تجربی,1581,178,منطقه سه,دندانپزشکی,دانشگاه علوم پزشکی قم
1392,تجربی,1581,730,منطقه دو,دندانپزشکی,دانشگاه علوم پزشکی بابل
1392,تجربی,1584,731,منطقه دو,پزشکی,دانشگاه علوم پزشکی البرز - کرج
1392,تجربی,1585,179,منطقه سه,پزشکی,دانشگاه علوم پزشکی شیراز
1392,تجربی,1585,658,منطقه یک,پزشکی,دانشگاه علوم پزشکی مشهد
1392,تجربی,1585,732,منطقه دو,پزشکی,دانشگاه علوم پزشکی گلستان - گرگان
1392,تجربی,1585,732,منطقه دو,پزشکی,دانشگاه علوم پزشکی یزد
1392,تجربی,1591,660,منطقه یک,دندانپزشکی,دانشگاه علوم پزشکی قزوین
1392,تجربی,1591,660,منطقه یک,پزشکی,دانشگاه علوم پزشکی تبریز
1392,تجربی,1593,180,منطقه سه,دندانپزشکی,دانشگاه علوم پزشکی خراسان شمالی - بجنورد
1392,تجربی,1593,662,منطقه یک,دندانپزشکی,دانشگاه علوم پزشکی ارومیه
1392,تجربی,1593,662,منطقه یک,پزشکی,دانشگاه علوم پزشکی قزوین
1392,تجربی,1596,181,منطقه سه,پزشکی,دانشگاه علوم پزشکی شیراز
1392,تجربی,1597,182,منطقه سه,پزشکی,دانشگاه علوم پزشکی همدان
1392,تجربی,1597,664,منطقه یک,دندانپزشکی,دانشگاه علوم پزشکی مازندران - ساری
1392,تجربی,1597,735,منطقه دو,پزشکی,دانشگاه علوم پزشکی مشهد
1392,تجربی,1597,735,منطقه دو,پزشکی,دانشگاه علوم پزشکی کاشان
1392,تجربی,1604,183,منطقه سه,پزشکی,دانشگاه علوم پزشکی تبریز
1392,تجربی,1604,738,منطقه دو,دندانپزشکی,دانشگاه علوم پزشکی بابل
1392,تجربی,1604,738,منطقه دو,پزشکی,دانشگاه علوم پزشکی اصفهان
1392,تجربی,1604,738,منطقه دو,پزشکی,دانشگاه علوم پزشکی بابل
1392,تجربی,1610,741,منطقه دو,پزشکی,دانشگاه علوم پزشکی اصفهان
1392,تجربی,1612,184,منطقه سه,دندانپزشکی,دانشگاه علوم پزشکی شیراز
1392,تجربی,1612,184,منطقه سه,پزشکی,دانشگاه علوم پزشکی مشهد
1392,تجربی,1615,669,منطقه یک,دندانپزشکی,دانشگاه علوم پزشکی قزوین
1392,تجربی,1615,743,منطقه دو,پزشکی,دانشگاه علوم پزشکی تبریز
1392,تجربی,1618,186,منطقه سه,پزشکی,دانشگاه علوم پزشکی شهید بهشتی - تهران
1392,تجربی,1618,186,منطقه سه,پزشکی,دانشگاه علوم پزشکی مشهد
1392,تجربی,1618,744,منطقه دو,پزشکی,دانشگاه علوم پزشکی ارومیه
1392,تجربی,1625,673,منطقه یک,پزشکی,دانشگاه شاهد - تهران
1392,تجربی,1625,747,منطقه دو,پزشکی,دانشگاه علوم پزشکی مشهد
1392,تجربی,1627,674,منطقه یک,دندانپزشکی,دانشگاه علوم پزشکی گلستان - گرگان
1392,تجربی,1627,748,منطقه دو,داروسازی,دانشگاه علوم پزشکی شهید بهشتی - تهران
1392,تجربی,1627,748,منطقه دو,دندانپزشکی,دانشگاه علوم پزشکی شیراز
1392,تجربی,1627,748,منطقه دو,پزشکی,دانشگاه علوم پزشکی کرمان
1392,تجربی,1632,675,منطقه یک,دندانپزشکی,دانشگاه علوم پزشکی یزد
1392,تجربی,1633,752,منطقه دو,پزشکی,دانشگاه علوم پزشکی یزد
1392,تجربی,1635,188,منطقه سه,پزشکی,دانشگاه علوم پزشکی جندی شاپور اهواز
1392,تجربی,1635,677,منطقه یک,پزشکی,دانشگاه علوم پزشکی قزوین
1392,تجربی,1635,753,منطقه دو,پزشکی,دانشگاه علوم پزشکی مشهد
1392,تجربی,1639,678,منطقه یک,داروسازی,دانشگاه علوم پزشکی اصفهان
1392,تجربی,1639,678,منطقه یک,پزشکی,دانشگاه علوم پزشکی مشهد
1392,تجربی,1639,755,منطقه دو,پزشکی,دانشگاه علوم پزشکی همدان
1392,تجربی,1639,755,منطقه دو,پزشکی,دانشگاه علوم پزشکی گیلان - رشت
1392,تجربی,1643,680,منطقه یک,دندانپزشکی,دانشگاه علوم پزشکی قم
1392,تجربی,1643,680,منطقه یک,پزشکی,دانشگاه علوم پزشکی تبریز
1392,تجربی,1645,682,منطقه یک,پزشکی,دانشگاه علوم پزشکی قزوین
1392,تجربی,1645,757,منطقه دو,پزشکی,دانشگاه علوم پزشکی بابل
1392,تجربی,1647,683,منطقه یک,پزشکی,دانشگاه علوم پزشکی مازندران - ساری
1392,تجربی,1648,189,منطقه سه,دندانپزشکی,دانشگاه علوم پزشکی بیرجند
1392,تجربی,1649,684,منطقه یک,دندانپزشکی,دانشگاه علوم پزشکی همدان
1392,تجربی,1649,758,منطقه دو,دندانپزشکی,دانشگاه علوم پزشکی قزوین
1392,تجربی,1652,759,منطقه دو,دندانپزشکی,دانشگاه علوم پزشکی همدان
1392,تجربی,1652,759,منطقه دو,پزشکی,دانشگاه علوم پزشکی قزوین
1392,تجربی,1652,759,منطقه دو,پزشکی,دانشگاه علوم پزشکی همدان
1392,تجربی,1655,190,منطقه سه,پزشکی,دانشگاه علوم پزشکی مشهد
1392,تجربی,1655,762,منطقه دو,پزشکی,دانشگاه علوم پزشکی قزوین
1392,تجربی,1657,191,منطقه سه,پزشکی,دانشگاه علوم پزشکی شیراز
1392,تجربی,1657,686,منطقه یک,دندانپزشکی,دانشگاه علوم پزشکی سمنان
1392,تجربی,1657,686,منطقه یک,پزشکی,دانشگاه شاهد - تهران
1392,تجربی,1657,686,منطقه یک,پزشکی,دانشگاه علوم پزشکی اصفهان
1392,تجربی,1657,763,منطقه دو,پزشکی,دانشگاه علوم پزشکی زاهدان
1392,تجربی,1662,764,منطقه دو,دندانپزشکی,دانشگاه علوم پزشکی ارومیه
1392,تجربی,1664,690,منطقه یک,پزشکی,دانشگاه شاهد - تهران
1392,تجربی,1664,765,منطقه دو,دندانپزشکی,دانشگاه شاهد - تهران
1392,تجربی,1666,691,منطقه یک,داروسازی,دانشگاه علوم پزشکی شهید بهشتی - تهران
1392,تجربی,1666,691,منطقه یک,پزشکی,دانشگاه علوم پزشکی تبریز
1392,تجربی,1666,691,منطقه یک,پزشکی,دانشگاه علوم پزشکی قزوین
1392,تجربی,1670,192,منطقه سه,پزشکی,دانشگاه علوم پزشکی اراک
1392,تجربی,1673,193,منطقه سه,دندانپزشکی,دانشگاه علوم پزشکی بیرجند
1392,تجربی,1673,193,منطقه سه,پزشکی,دانشگاه علوم پزشکی شیراز
1392,تجربی,1673,767,منطقه دو,پزشکی,دانشگاه علوم پزشکی تبریز
1392,تجربی,1679,696,منطقه یک,پزشکی,دانشگاه علوم پزشکی تبریز
1392,تجربی,1681,698,منطقه یک,پزشکی,دانشگاه علوم پزشکی یزد
1392,تجربی,1682,699,منطقه یک,پزشکی,دانشگاه علوم پزشکی گیلان - رشت
1392,تجربی,1682,771,منطقه دو,پزشکی,دانشگاه علوم پزشکی قزوین
1392,تجربی,1687,702,منطقه یک,پزشکی,دانشگاه علوم پزشکی تبریز
1392,تجربی,1687,773,منطقه دو,داروسازی,دانشگاه علوم پزشکی شهید بهشتی - تهران
1392,تجربی,1689,774,منطقه دو,پزشکی,دانشگاه علوم پزشکی اصفهان
1392,تجربی,1690,703,منطقه یک,پزشکی,دانشگاه علوم پزشکی تبریز
1392,تجربی,1690,703,منطقه یک,پزشکی,دانشگاه علوم پزشکی مازندران - ساری
1392,تجربی,1690,775,منطقه دو,پزشکی,دانشگاه علوم پزشکی تبریز
1392,تجربی,1693,705,منطقه یک,پزشکی,دانشگاه علوم پزشکی همدان
1392,تجربی,1693,776,منطقه دو,پزشکی,دانشگاه علوم پزشکی یزد
1392,تجربی,1696,195,منطقه سه,پزشکی,دانشگاه علوم پزشکی شهید بهشتی - تهران
1392,تجربی,1696,778,منطقه دو,پزشکی,دانشگاه علوم پزشکی تبریز
1392,تجربی,1698,706,منطقه یک,داروسازی,دانشگاه علوم پزشکی شهید بهشتی - تهران
1392,تجربی,1698,706,منطقه یک,دندانپزشکی,دانشگاه علوم پزشکی قزوین
1392,تجربی,1698,706,منطقه یک,پزشکی,دانشگاه علوم پزشکی اصفهان
1392,تجربی,1698,706,منطقه یک,پزشکی,دانشگاه علوم پزشکی قزوین
1392,تجربی,1698,779,منطقه دو,پزشکی,دانشگاه علوم پزشکی تبریز
1392,تجربی,1703,780,منطقه دو,پزشکی,دانشگاه علوم پزشکی تبریز
1392,تجربی,1705,196,منطقه سه,پزشکی,دانشگاه علوم پزشکی شیراز
1392,تجربی,1705,782,منطقه دو,دندانپزشکی,دانشگاه علوم پزشکی قزوین
1392,تجربی,1707,710,منطقه یک,دندانپزشکی,دانشگاه علوم پزشکی یزد
1392,تجربی,1707,783,منطقه دو,پزشکی,دانشگاه علوم پزشکی تبریز
1392,تجربی,1710,711,منطقه یک,پزشکی,دانشگاه علوم پزشکی گیلان - رشت
1392,تجربی,1710,784,منطقه دو,داروسازی,دانشگاه علوم پزشکی تهران
1392,تجربی,1710,784,منطقه دو,پزشکی,دانشگاه علوم پزشکی اصفهان
1392,تجربی,1715,787,منطقه دو,پزشکی,دانشگاه علوم پزشکی اصفهان
1392,تجربی,1716,788,منطقه دو,پزشکی,دانشگاه علوم پزشکی جندی شاپور اهواز
1392,تجربی,1719,198,منطقه سه,پزشکی,دانشگاه علوم پزشکی اصفهان
1392,تجربی,1720,199,منطقه سه,پزشکی,دانشگاه علوم پزشکی مشهد
1392,تجربی,1720,791,منطقه دو,پزشکی,دانشگاه علوم پزشکی قزوین
1392,تجربی,1722,200,منطقه سه,دندانپزشکی,دانشگاه علوم پزشکی همدان
1392,تجربی,1722,712,منطقه یک,پزشکی,دانشگاه علوم پزشکی البرز - کرج
1392,تجربی,1722,792,منطقه دو,دندانپزشکی,دانشگاه علوم پزشکی اردبیل
1392,تجربی,1726,794,منطقه دو,پزشکی,دانشگاه علوم پزشکی بابل
1392,تجربی,1726,794,منطقه دو,پزشکی,دانشگاه علوم پزشکی مازندران - ساری
1392,تجربی,1726,794,منطقه دو,پزشکی,دانشگاه علوم پزشکی گیلان - رشت
1392,تجربی,1731,713,منطقه یک,پزشکی,دانشگاه علوم پزشکی البرز - کرج
1392,تجربی,1731,713,منطقه یک,پزشکی,دانشگاه علوم پزشکی یزد
1392,تجربی,1731,798,منطقه دو,داروسازی,دانشگاه علوم پزشکی اصفهان
1392,تجربی,1731,798,منطقه دو,دندانپزشکی,دانشگاه علوم پزشکی جندی شاپور اهواز
1392,تجربی,1737,715,منطقه یک,دندانپزشکی,دانشگاه علوم پزشکی ارومیه
1392,تجربی,1740,803,منطقه دو,دندانپزشکی,دانشگاه علوم پزشکی بابل
1392,تجربی,1740,803,منطقه دو,پزشکی,دانشگاه علوم پزشکی بابل
1392,تجربی,1742,717,منطقه یک,پزشکی,دانشگاه علوم پزشکی تبریز
1392,تجربی,1742,805,منطقه دو,پزشکی,دانشگاه علوم پزشکی تبریز
1392,تجربی,1744,202,منطقه سه,پزشکی,دانشگاه علوم پزشکی بابل
1392,تجربی,1744,202,منطقه سه,پزشکی,دانشگاه علوم پزشکی جندی شاپور اهواز
1392,تجربی,1744,718,منطقه یک,داروسازی,دانشگاه علوم پزشکی مشهد
1392,تجربی,1744,718,منطقه یک,پزشکی,دانشگاه علوم پزشکی تبریز
1392,تجربی,1748,806,منطقه دو,دندانپزشکی,دانشگاه علوم پزشکی کرمانشاه
1392,تجربی,1750,720,منطقه یک,پزشکی,دانشگاه علوم پزشکی البرز - کرج
1392,تجربی,1750,720,منطقه یک,پزشکی,دانشگاه علوم پزشکی تبریز
1392,تجربی,1750,808,منطقه دو,دندانپزشکی,دانشگاه علوم پزشکی بابل
1392,تجربی,1750,808,منطقه دو,پزشکی,دانشگاه علوم پزشکی اراک
1392,تجربی,1756,204,منطقه سه,داروسازی,دانشگاه علوم پزشکی مشهد
1392,تجربی,1756,811,منطقه دو,داروسازی,دانشگاه علوم پزشکی شهید بهشتی - تهران
1392,تجربی,1756,811,منطقه دو,دندانپزشکی,دانشگاه علوم پزشکی مازندران - ساری
1392,تجربی,1756,811,منطقه دو,پزشکی,دانشگاه علوم پزشکی فسا
1392,تجربی,1760,814,منطقه دو,داروسازی,دانشگاه علوم پزشکی تهران
1392,تجربی,1762,205,منطقه سه,پزشکی,دانشگاه علوم پزشکی شیراز
1392,تجربی,1762,723,منطقه یک,داروسازی,دانشگاه علوم پزشکی مشهد
1392,تجربی,1765,816,منطقه دو,دندانپزشکی,دانشگاه علوم پزشکی بابل
1392,تجربی,1765,816,منطقه دو,پزشکی,دانشگاه علوم پزشکی تبریز
1392,تجربی,1765,816,منطقه دو,پزشکی,دانشگاه علوم پزشکی یزد
1392,تجربی,1768,206,منطقه سه,دندانپزشکی,دانشگاه علوم پزشکی شیراز
1392,تجربی,1768,206,منطقه سه,پزشکی,دانشگاه علوم پزشکی یاسوج
1392,تجربی,1768,819,منطقه دو,پزشکی,دانشگاه علوم پزشکی تبریز
1392,تجربی,1772,208,منطقه سه,دندانپزشکی,دانشگاه علوم پزشکی کرمان
1392,تجربی,1772,821,منطقه دو,پزشکی,دانشگاه علوم پزشکی یزد
1392,تجربی,1775,823,منطقه دو,دندانپزشکی,دانشگاه علوم پزشکی کاشان
1392,تجربی,1777,726,منطقه یک,پزشکی,دانشگاه علوم پزشکی بیرجند
1392,تجربی,1778,824,منطقه دو,پزشکی,دانشگاه علوم پزشکی تبریز
1392,تجربی,1781,209,منطقه سه,پزشکی,دانشگاه علوم پزشکی شیراز
1392,تجربی,1782,826,منطقه دو,پزشکی,دانشگاه علوم پزشکی بابل
1392,تجربی,1782,826,منطقه دو,پزشکی,دانشگاه علوم پزشکی تبریز
1392,تجربی,1784,728,منطقه یک,پزشکی,دانشگاه علوم پزشکی اصفهان
1392,تجربی,1784,828,منطقه دو,پزشکی,دانشگاه علوم پزشکی اصفهان
1392,تجربی,1784,828,منطقه دو,پزشکی,دانشگاه علوم پزشکی گیلان - رشت
1392,تجربی,1787,210,منطقه سه,دندانپزشکی,دانشگاه علوم پزشکی همدان
1392,تجربی,1787,729,منطقه یک,پزشکی,دانشگاه علوم پزشکی تبریز
1392,تجربی,1789,830,منطقه دو,دندانپزشکی,دانشگاه علوم پزشکی سمنان
1392,تجربی,1789,830,منطقه دو,پزشکی,دانشگاه علوم پزشکی لرستان - خرم آباد
1392,تجربی,1793,731,منطقه یک,پزشکی,دانشگاه علوم پزشکی تبریز
1392,تجربی,1796,212,منطقه سه,پزشکی,دانشگاه علوم پزشکی شیراز
1392,تجربی,1796,832,منطقه دو,داروسازی,دانشگاه علوم پزشکی تبریز
1392,تجربی,1796,832,منطقه دو,پزشکی,دانشگاه علوم پزشکی تبریز
1392,تجربی,1800,213,منطقه سه,دندانپزشکی,دانشگاه علوم پزشکی همدان
1392,تجربی,1801,835,منطقه دو,دندانپزشکی,دانشگاه علوم پزشکی کرمان
1392,تجربی,1803,837,منطقه دو,داروسازی,دانشگاه علوم پزشکی شهید بهشتی - تهران
1392,تجربی,1803,837,منطقه دو,پزشکی,دانشگاه علوم پزشکی همدان
1392,تجربی,1803,837,منطقه دو,پزشکی,دانشگاه علوم پزشکی یزد
1392,تجربی,1807,214,منطقه سه,دندانپزشکی,دانشگاه علوم پزشکی همدان
1392,تجربی,1807,733,منطقه یک,پزشکی,دانشگاه علوم پزشکی بیرجند
1392,تجربی,1807,841,منطقه دو,داروسازی,دانشگاه علوم پزشکی شهید بهشتی - تهران
1392,تجربی,1807,841,منطقه دو,دندانپزشکی,دانشگاه علوم پزشکی بابل
1392,تجربی,1815,736,منطقه یک,پزشکی,دانشگاه علوم پزشکی مازندران - ساری
1392,تجربی,1815,844,منطقه دو,پزشکی,دانشگاه علوم پزشکی جندی شاپور اهواز
1392,تجربی,1817,845,منطقه دو,پزشکی,دانشگاه علوم پزشکی یزد
1392,تجربی,1819,847,منطقه دو,پزشکی,دانشگاه علوم پزشکی اصفهان
1392,تجربی,1819,847,منطقه دو,پزشکی,دانشگاه علوم پزشکی قزوین
1392,تجربی,1819,847,منطقه دو,پزشکی,دانشگاه علوم پزشکی گیلان - رشت
1392,تجربی,1822,737,منطقه یک,دندانپزشکی,دانشگاه علوم پزشکی مازندران - ساری
1392,تجربی,1826,740,منطقه یک,پزشکی,دانشگاه علوم پزشکی مازندران - ساری
1392,تجربی,1826,851,منطقه دو,دندانپزشکی,دانشگاه علوم پزشکی قم
1392,تجربی,1826,851,منطقه دو,پزشکی,دانشگاه علوم پزشکی کرمان
1392,تجربی,1830,216,منطقه سه,پزشکی,دانشگاه علوم پزشکی تبریز
1392,تجربی,1830,742,منطقه یک,داروسازی,دانشگاه علوم پزشکی شهید بهشتی - تهران
1392,تجربی,1834,744,منطقه یک,داروسازی,دانشگاه علوم پزشکی مشهد
1392,تجربی,1834,853,منطقه دو,پزشکی,دانشگاه شاهد - تهران
1392,تجربی,1836,745,منطقه یک,داروسازی,دانشگاه علوم پزشکی شهید بهشتی - تهران
1392,تجربی,1836,745,منطقه یک,دندانپزشکی,دانشگاه شاهد - تهران
1392,تجربی,1836,854,منطقه دو,دندانپزشکی,دانشگاه علوم پزشکی گیلان - رشت
1392,تجربی,1839,855,منطقه دو,داروسازی,دانشگاه علوم پزشکی شهید بهشتی - تهران
1392,تجربی,1839,855,منطقه دو,پزشکی,دانشگاه علوم پزشکی اردبیل
1392,تجربی,1843,857,منطقه دو,دندانپزشکی,دانشگاه علوم پزشکی کاشان
1392,تجربی,1845,749,منطقه یک,داروسازی,دانشگاه علوم پزشکی شیراز
1392,تجربی,1845,749,منطقه یک,دندانپزشکی,دانشگاه علوم پزشکی یزد
1392,تجربی,1848,219,منطقه سه,پزشکی,دانشگاه علوم پزشکی همدان
1392,تجربی,1848,752,منطقه یک,داروسازی,دانشگاه علوم پزشکی شیراز
1392,تجربی,1848,752,منطقه یک,دندانپزشکی,دانشگاه علوم پزشکی بابل
1392,تجربی,1848,858,منطقه دو,دندانپزشکی,دانشگاه علوم پزشکی رفسنجان
1392,تجربی,1848,858,منطقه دو,پزشکی,دانشگاه علوم پزشکی گیلان - رشت
1392,تجربی,1854,861,منطقه دو,پزشکی,دانشگاه علوم پزشکی اصفهان
1392,تجربی,1856,220,منطقه سه,پزشکی,دانشگاه علوم پزشکی شهید بهشتی - تهران
1392,تجربی,1856,754,منطقه یک,پزشکی,دانشگاه علوم پزشکی قزوین
1392,تجربی,1858,755,منطقه یک,پزشکی,دانشگاه علوم پزشکی اصفهان
1392,تجربی,1858,755,منطقه یک,پزشکی,دانشگاه علوم پزشکی تبریز
1392,تجربی,1858,863,منطقه دو,داروسازی,دانشگاه علوم پزشکی اصفهان
1392,تجربی,1858,863,منطقه دو,دندانپزشکی,دانشگاه علوم پزشکی کرمان
1392,تجربی,1858,863,منطقه دو,پزشکی,دانشگاه علوم پزشکی تبریز
1392,تجربی,1864,221,منطقه سه,پزشکی,دانشگاه علوم پزشکی مشهد
1392,تجربی,1864,757,منطقه یک,داروسازی,دانشگاه علوم پزشکی شهید بهشتی - تهران
1392,تجربی,1864,867,منطقه دو,دندانپزشکی,دانشگاه علوم پزشکی همدان
1392,تجربی,1864,867,منطقه دو,پزشکی,دانشگاه شاهد - تهران
1392,تجربی,1864,867,منطقه دو,پزشکی,دانشگاه علوم پزشکی جندی شاپور اهواز
1392,تجربی,1870,759,منطقه یک,دندانپزشکی,دانشگاه علوم پزشکی گلستان - گرگان
1392,تجربی,1870,870,منطقه دو,دندانپزشکی,دانشگاه علوم پزشکی ارومیه
1392,تجربی,1870,870,منطقه دو,دندانپزشکی,دانشگاه علوم پزشکی بابل
1392,تجربی,1874,222,منطقه سه,پزشکی,دانشگاه علوم پزشکی یزد
1392,تجربی,1874,760,منطقه یک,دندانپزشکی,دانشگاه علوم پزشکی گیلان - رشت
1392,تجربی,1874,873,منطقه دو,دندانپزشکی,دانشگاه علوم پزشکی اردبیل
1392,تجربی,1874,873,منطقه دو,پزشکی,دانشگاه علوم پزشکی بابل
1392,تجربی,1878,875,منطقه دو,دندانپزشکی,دانشگاه علوم پزشکی یزد
1392,تجربی,1878,875,منطقه دو,پزشکی,دانشگاه علوم پزشکی تبریز
1392,تجربی,1881,223,منطقه سه,پزشکی,دانشگاه علوم پزشکی البرز - کرج
1392,تجربی,1881,223,منطقه سه,پزشکی,دانشگاه علوم پزشکی تبریز
1392,تجربی,1885,878,منطقه دو,پزشکی,دانشگاه علوم پزشکی جندی شاپور اهواز
1392,تجربی,1885,878,منطقه دو,پزشکی,دانشگاه علوم پزشکی مازندران - ساری
1392,تجربی,1888,225,منطقه سه,پزشکی,دانشگاه علوم پزشکی شیراز
1392,تجربی,1890,226,منطقه سه,دندانپزشکی,دانشگاه علوم پزشکی جندی شاپور اهواز
1392,تجربی,1890,880,منطقه دو,دندانپزشکی,دانشگاه علوم پزشکی ارومیه
1392,تجربی,1893,765,منطقه یک,دندانپزشکی,دانشگاه علوم پزشکی ارومیه
1392,تجربی,1893,765,منطقه یک,پزشکی,دانشگاه علوم پزشکی قزوین
1392,تجربی,1893,882,منطقه دو,پزشکی,دانشگاه علوم پزشکی تبریز
1392,تجربی,1897,227,منطقه سه,پزشکی,دانشگاه علوم پزشکی بابل
1392,تجربی,1897,227,منطقه سه,پزشکی,دانشگاه علوم پزشکی زنجان
1392,تجربی,1897,883,منطقه دو,پزشکی,دانشگاه علوم پزشکی تبریز
1392,تجربی,1901,884,منطقه دو,داروسازی,دانشگاه علوم پزشکی تهران
1392,تجربی,1903,230,منطقه سه,پزشکی,دانشگاه علوم پزشکی گیلان - رشت
1392,تجربی,1903,885,منطقه دو,دندانپزشکی,دانشگاه علوم پزشکی اردبیل
1392,تجربی,1905,231,منطقه سه,داروسازی,دانشگاه علوم پزشکی مشهد
1392,تجربی,1905,886,منطقه دو,پزشکی,دانشگاه علوم پزشکی همدان
1392,تجربی,1908,770,منطقه یک,دندانپزشکی,دانشگاه علوم پزشکی کرمان
1392,تجربی,1908,770,منطقه یک,پزشکی,دانشگاه علوم پزشکی یزد
1392,تجربی,1911,232,منطقه سه,پزشکی,دانشگاه علوم پزشکی جندی شاپور اهواز
1392,تجربی,1911,773,منطقه یک,پزشکی,دانشگاه علوم پزشکی تبریز
1392,تجربی,1911,887,منطقه دو,پزشکی,دانشگاه علوم پزشکی سمنان
1392,تجربی,1911,887,منطقه دو,پزشکی,دانشگاه علوم پزشکی کرمانشاه
1392,تجربی,1915,889,منطقه دو,دندانپزشکی,دانشگاه علوم پزشکی گیلان - رشت
1392,تجربی,1917,774,منطقه یک,داروسازی,دانشگاه علوم پزشکی مشهد
1392,تجربی,1917,774,منطقه یک,پزشکی,دانشگاه علوم پزشکی تبریز
1392,تجربی,1919,776,منطقه یک,پزشکی,دانشگاه علوم پزشکی مازندران - ساری
1392,تجربی,1919,891,منطقه دو,دندانپزشکی,دانشگاه علوم پزشکی کاشان
1392,تجربی,1919,891,منطقه دو,پزشکی,دانشگاه علوم پزشکی جندی شاپور اهواز
1392,تجربی,1919,891,منطقه دو,پزشکی,دانشگاه علوم پزشکی شهرکرد
1392,تجربی,1923,233,منطقه سه,پزشکی,دانشگاه علوم پزشکی کرمانشاه
1392,تجربی,1923,894,منطقه دو,پزشکی,دانشگاه علوم پزشکی همدان
1392,تجربی,1923,894,منطقه دو,پزشکی,دانشگاه علوم پزشکی یزد
1392,تجربی,1926,234,منطقه سه,دندانپزشکی,دانشگاه علوم پزشکی جندی شاپور اهواز
1392,تجربی,1926,234,منطقه سه,پزشکی,دانشگاه علوم پزشکی کرمانشاه
1392,تجربی,1926,777,منطقه یک,دندانپزشکی,دانشگاه علوم پزشکی خراسان شمالی - بجنورد
1392,تجربی,1926,777,منطقه یک,پزشکی,دانشگاه علوم پزشکی قزوین
1392,تجربی,1926,896,منطقه دو,داروسازی,دانشگاه علوم پزشکی تبریز
1392,تجربی,1926,896,منطقه دو,دندانپزشکی,دانشگاه علوم پزشکی کاشان
1392,تجربی,1932,236,منطقه سه,پزشکی,دانشگاه علوم پزشکی شیراز
1392,تجربی,1932,779,منطقه یک,پزشکی,دانشگاه علوم پزشکی جندی شاپور اهواز
1392,تجربی,1932,898,منطقه دو,پزشکی,دانشگاه علوم پزشکی قزوین
1392,تجربی,1937,900,منطقه دو,پزشکی,دانشگاه علوم پزشکی جندی شاپور اهواز
1392,تجربی,1937,900,منطقه دو,پزشکی,دانشگاه علوم پزشکی رفسنجان
1392,تجربی,1937,900,منطقه دو,پزشکی,دانشگاه علوم پزشکی کرمان
1392,تجربی,1941,781,منطقه یک,پزشکی,دانشگاه علوم پزشکی گیلان - رشت
1392,تجربی,1941,903,منطقه دو,پزشکی,دانشگاه علوم پزشکی جندی شاپور اهواز
1392,تجربی,1943,782,منطقه یک,دندانپزشکی,دانشگاه علوم پزشکی کرمان
1392,تجربی,1943,782,منطقه یک,پزشکی,دانشگاه علوم پزشکی یزد
1392,تجربی,1948,786,منطقه یک,پزشکی,دانشگاه علوم پزشکی ارومیه
1392,تجربی,1948,786,منطقه یک,پزشکی,دانشگاه علوم پزشکی یزد
1392,تجربی,1952,238,منطقه سه,دندانپزشکی,دانشگاه علوم پزشکی یزد
1392,تجربی,1952,238,منطقه سه,پزشکی,دانشگاه علوم پزشکی تبریز
1392,تجربی,1952,789,منطقه یک,دندانپزشکی,دانشگاه علوم پزشکی بابل
1392,تجربی,1955,240,منطقه سه,دندانپزشکی,دانشگاه علوم پزشکی کرمانشاه
1392,تجربی,1957,791,منطقه یک,پرستاری,دانشگاه علوم پزشکی مازندران - ساری
1392,تجربی,1957,906,منطقه دو,داروسازی,دانشگاه علوم پزشکی شهید بهشتی - تهران
1392,تجربی,1957,906,منطقه دو,پزشکی,دانشگاه علوم پزشکی تبریز
1392,تجربی,1961,241,منطقه سه,پزشکی,دانشگاه علوم پزشکی اردبیل
1392,تجربی,1961,241,منطقه سه,پزشکی,دانشگاه علوم پزشکی شهید بهشتی - تهران
1392,تجربی,1961,908,منطقه دو,پزشکی,دانشگاه علوم پزشکی بابل
1392,تجربی,1966,244,منطقه سه,پزشکی,دانشگاه علوم پزشکی کرمان
1392,تجربی,1966,794,منطقه یک,داروسازی,دانشگاه علوم پزشکی مشهد
1392,تجربی,1970,909,منطقه دو,پزشکی,دانشگاه علوم پزشکی قم
1392,تجربی,1970,909,منطقه دو,پزشکی,دانشگاه علوم پزشکی همدان
1392,تجربی,1972,911,منطقه دو,پزشکی,دانشگاه علوم پزشکی جندی شاپور اهواز
1392,تجربی,1973,797,منطقه یک,پزشکی,دانشگاه علوم پزشکی قزوین
1392,تجربی,1973,797,منطقه یک,پزشکی,دانشگاه علوم پزشکی یزد
1392,تجربی,1973,912,منطقه دو,پزشکی,دانشگاه علوم پزشکی سمنان
1392,تجربی,1978,246,منطقه سه,دندانپزشکی,دانشگاه علوم پزشکی جندی شاپور اهواز
1392,تجربی,1978,799,منطقه یک,دندانپزشکی,دانشگاه علوم پزشکی مازندران - ساری
1392,تجربی,1978,799,منطقه یک,پزشکی,دانشگاه علوم پزشکی تبریز
1392,تجربی,1981,801,منطقه یک,دندانپزشکی,دانشگاه علوم پزشکی زنجان
1392,تجربی,1981,801,منطقه یک,دندانپزشکی,دانشگاه علوم پزشکی مازندران - ساری
1392,تجربی,1983,803,منطقه یک,دندانپزشکی,دانشگاه علوم پزشکی کاشان
1392,تجربی,1983,803,منطقه یک,پزشکی,دانشگاه شاهد - تهران
1392,تجربی,1983,803,منطقه یک,پزشکی,دانشگاه علوم پزشکی تبریز
1392,تجربی,1987,914,منطقه دو,دندانپزشکی,دانشگاه علوم پزشکی مازندران - ساری
1392,تجربی,1987,914,منطقه دو,پزشکی,دانشگاه علوم پزشکی تبریز
1392,تجربی,1987,914,منطقه دو,پزشکی,دانشگاه علوم پزشکی گیلان - رشت
1392,تجربی,1990,917,منطقه دو,پزشکی,دانشگاه علوم پزشکی ارومیه
1392,تجربی,1990,917,منطقه دو,پزشکی,دانشگاه علوم پزشکی همدان
1392,تجربی,1992,919,منطقه دو,پزشکی,دانشگاه علوم پزشکی کاشان
1392,تجربی,1993,920,منطقه دو,پزشکی,دانشگاه علوم پزشکی تبریز
1392,تجربی,1993,920,منطقه دو,پزشکی,دانشگاه علوم پزشکی شاهرود
1392,تجربی,1993,920,منطقه دو,پزشکی,دانشگاه علوم پزشکی قزوین
1392,تجربی,1996,923,منطقه دو,دندانپزشکی,دانشگاه علوم پزشکی مازندران - ساری
1392,تجربی,1996,923,منطقه دو,پزشکی,دانشگاه علوم پزشکی کاشان
1392,تجربی,2002,926,منطقه دو,دندانپزشکی,دانشگاه علوم پزشکی کردستان - سنندج
1392,تجربی,2002,926,منطقه دو,پزشکی,دانشگاه علوم پزشکی جندی شاپور اهواز
1392,تجربی,2005,809,منطقه یک,دندانپزشکی,دانشگاه علوم پزشکی مازندران - ساری
1392,تجربی,2005,928,منطقه دو,پزشکی,دانشگاه علوم پزشکی یزد
1392,تجربی,2008,249,منطقه سه,پزشکی,دانشگاه علوم پزشکی جندی شاپور اهواز
1392,تجربی,2008,811,منطقه یک,پزشکی,دانشگاه علوم پزشکی ارومیه
1392,تجربی,2008,929,منطقه دو,داروسازی,دانشگاه علوم پزشکی مازندران - ساری
1392,تجربی,2008,929,منطقه دو,پزشکی,دانشگاه علوم پزشکی ارومیه
1392,تجربی,2008,929,منطقه دو,پزشکی,دانشگاه علوم پزشکی جندی شاپور اهواز
1392,تجربی,2014,812,منطقه یک,پزشکی,دانشگاه علوم پزشکی همدان
1392,تجربی,2014,932,منطقه دو,پزشکی,دانشگاه علوم پزشکی بابل
1392,تجربی,2014,932,منطقه دو,پزشکی,دانشگاه علوم پزشکی گیلان - رشت
1392,تجربی,2021,814,منطقه یک,داروسازی,دانشگاه علوم پزشکی شهید بهشتی - تهران
1392,تجربی,2021,937,منطقه دو,دندانپزشکی,دانشگاه علوم پزشکی جندی شاپور اهواز
1392,تجربی,2021,937,منطقه دو,دندانپزشکی,دانشگاه علوم پزشکی مازندران - ساری
1392,تجربی,2021,937,منطقه دو,پزشکی,دانشگاه علوم پزشکی بابل
1392,تجربی,2026,816,منطقه یک,داروسازی,دانشگاه علوم پزشکی اصفهان
1392,تجربی,2026,816,منطقه یک,دندانپزشکی,دانشگاه علوم پزشکی قزوین
1392,تجربی,2026,940,منطقه دو,پزشکی,دانشگاه علوم پزشکی بیرجند
1392,تجربی,2031,819,منطقه یک,پزشکی,دانشگاه شاهد - تهران
1392,تجربی,2031,941,منطقه دو,دندانپزشکی,دانشگاه علوم پزشکی کرمان
1392,تجربی,2034,821,منطقه یک,داروسازی,دانشگاه علوم پزشکی شیراز
1392,تجربی,2034,821,منطقه یک,دندانپزشکی,دانشگاه علوم پزشکی مازندران - ساری
1392,تجربی,2036,823,منطقه یک,پزشکی,دانشگاه علوم پزشکی شهرکرد
1392,تجربی,2039,942,منطقه دو,پزشکی,دانشگاه علوم پزشکی کرمان
1392,تجربی,2042,945,منطقه دو,داروسازی,دانشگاه علوم پزشکی تهران
1392,تجربی,2042,945,منطقه دو,پزشکی,دانشگاه علوم پزشکی یزد
1392,تجربی,2044,252,منطقه سه,پزشکی,دانشگاه علوم پزشکی بابل
1392,تجربی,2044,947,منطقه دو,دندانپزشکی,دانشگاه علوم پزشکی همدان
1392,تجربی,2044,947,منطقه دو,پزشکی,دانشگاه علوم پزشکی شهرکرد
1392,تجربی,2044,947,منطقه دو,پزشکی,دانشگاه علوم پزشکی کرمان
1392,تجربی,2050,253,منطقه سه,دندانپزشکی,دانشگاه علوم پزشکی کرمانشاه
1392,تجربی,2050,825,منطقه یک,داروسازی,دانشگاه علوم پزشکی مشهد
1392,تجربی,2050,825,منطقه یک,پزشکی,دانشگاه علوم پزشکی جهرم
1392,تجربی,2053,254,منطقه سه,پزشکی,دانشگاه علوم پزشکی شیراز
1392,تجربی,2053,952,منطقه دو,پزشکی,دانشگاه علوم پزشکی مازندران - ساری
1392,تجربی,2056,953,منطقه دو,داروسازی,دانشگاه علوم پزشکی تبریز
1392,تجربی,2056,953,منطقه دو,دندانپزشکی,دانشگاه علوم پزشکی مازندران - ساری
1392,تجربی,2060,830,منطقه یک,پزشکی,دانشگاه شاهد - تهران
1392,تجربی,2062,956,منطقه دو,دندانپزشکی,دانشگاه علوم پزشکی مازندران - ساری
1392,تجربی,2062,956,منطقه دو,پزشکی,دانشگاه علوم پزشکی ارومیه
1392,تجربی,2062,956,منطقه دو,پزشکی,دانشگاه علوم پزشکی مازندران - ساری
1392,تجربی,2067,255,منطقه سه,پزشکی,دانشگاه علوم پزشکی بندرعباس
1392,تجربی,2067,833,منطقه یک,پزشکی,دانشگاه علوم پزشکی جندی شاپور اهواز
1392,تجربی,2067,959,منطقه دو,داروسازی,دانشگاه علوم پزشکی تهران
1392,تجربی,2067,959,منطقه دو,پزشکی,دانشگاه علوم پزشکی قزوین
1392,تجربی,2067,959,منطقه دو,پزشکی,دانشگاه علوم پزشکی یزد
1392,تجربی,2073,963,منطقه دو,پزشکی,دانشگاه علوم پزشکی کاشان
1392,تجربی,2075,964,منطقه دو,داروسازی,دانشگاه علوم پزشکی تبریز
1392,تجربی,2075,964,منطقه دو,دندانپزشکی,دانشگاه علوم پزشکی جندی شاپور اهواز
1392,تجربی,2077,257,منطقه سه,پزشکی,دانشگاه علوم پزشکی تبریز
1392,تجربی,2077,834,منطقه یک,پزشکی,دانشگاه علوم پزشکی قزوین
1392,تجربی,2080,836,منطقه یک,دندانپزشکی,دانشگاه علوم پزشکی رفسنجان
1392,تجربی,2080,836,منطقه یک,پزشکی,دانشگاه علوم پزشکی یزد
1392,تجربی,2080,966,منطقه دو,پزشکی,دانشگاه علوم پزشکی قزوین
1392,تجربی,2083,967,منطقه دو,دندانپزشکی,دانشگاه علوم پزشکی زنجان
1392,تجربی,2083,967,منطقه دو,دندانپزشکی,دانشگاه علوم پزشکی کرمان
1392,تجربی,2086,839,منطقه یک,پزشکی,دانشگاه علوم پزشکی مازندران - ساری
1392,تجربی,2086,969,منطقه دو,پزشکی,دانشگاه علوم پزشکی ارومیه
1392,تجربی,2086,969,منطقه دو,پزشکی,دانشگاه علوم پزشکی کرمانشاه
1392,تجربی,2090,258,منطقه سه,دندانپزشکی,دانشگاه علوم پزشکی قزوین
1392,تجربی,2093,973,منطقه دو,پزشکی,دانشگاه علوم پزشکی اراک
1392,تجربی,2095,259,منطقه سه,پزشکی,دانشگاه علوم پزشکی شهید بهشتی - تهران
1392,تجربی,2095,259,منطقه سه,پزشکی,دانشگاه علوم پزشکی شیراز
1392,تجربی,2095,842,منطقه یک,دندانپزشکی,دانشگاه علوم پزشکی بیرجند
1392,تجربی,2095,974,منطقه دو,دندانپزشکی,دانشگاه علوم پزشکی گلستان - گرگان
1392,تجربی,2099,843,منطقه یک,پزشکی,دانشگاه علوم پزشکی قم
1392,تجربی,2100,844,منطقه یک,دندانپزشکی,دانشگاه علوم پزشکی زنجان
1392,تجربی,2100,975,منطقه دو,پزشکی,دانشگاه علوم پزشکی اردبیل
1392,تجربی,2103,845,منطقه یک,دندانپزشکی,دانشگاه علوم پزشکی گیلان - رشت
1392,تجربی,2103,845,منطقه یک,پزشکی,دانشگاه علوم پزشکی کاشان
1392,تجربی,2103,977,منطقه دو,داروسازی,دانشگاه علوم پزشکی کرمان
1392,تجربی,2103,977,منطقه دو,پزشکی,دانشگاه علوم پزشکی بابل
1392,تجربی,2108,979,منطقه دو,دندانپزشکی,دانشگاه علوم پزشکی قم
1392,تجربی,2108,979,منطقه دو,پزشکی,دانشگاه علوم پزشکی بابل
1392,تجربی,2108,979,منطقه دو,پزشکی,دانشگاه علوم پزشکی جندی شاپور اهواز
1392,تجربی,2108,979,منطقه دو,پزشکی,دانشگاه علوم پزشکی یزد
1392,تجربی,2114,261,منطقه سه,پزشکی,دانشگاه علوم پزشکی همدان
1392,تجربی,2114,850,منطقه یک,دندانپزشکی,دانشگاه علوم پزشکی خراسان شمالی - بجنورد
1392,تجربی,2114,983,منطقه دو,دندانپزشکی,دانشگاه علوم پزشکی جندی شاپور اهواز
1392,تجربی,2114,983,منطقه دو,پزشکی,دانشگاه علوم پزشکی همدان
1392,تجربی,2118,262,منطقه سه,دندانپزشکی,دانشگاه علوم پزشکی کرمانشاه
1392,تجربی,2118,985,منطقه دو,پزشکی,دانشگاه علوم پزشکی جندی شاپور اهواز
1392,تجربی,2120,986,منطقه دو,دندانپزشکی,دانشگاه علوم پزشکی البرز - کرج
1392,تجربی,2120,986,منطقه دو,دندانپزشکی,دانشگاه علوم پزشکی قم
1392,تجربی,2120,986,منطقه دو,پزشکی,دانشگاه علوم پزشکی ارومیه
1392,تجربی,2123,989,منطقه دو,دندانپزشکی,دانشگاه علوم پزشکی گیلان - رشت
1392,تجربی,2123,989,منطقه دو,پزشکی,دانشگاه علوم پزشکی زنجان
1392,تجربی,2123,989,منطقه دو,پزشکی,دانشگاه علوم پزشکی قزوین
1392,تجربی,2123,989,منطقه دو,پزشکی,دانشگاه علوم پزشکی گیلان - رشت
1392,تجربی,2128,994,منطقه دو,پزشکی,دانشگاه علوم پزشکی ارومیه
1392,تجربی,2128,994,منطقه دو,پزشکی,دانشگاه علوم پزشکی کرمانشاه
1392,تجربی,2130,996,منطقه دو,دندانپزشکی,دانشگاه علوم پزشکی همدان
1392,تجربی,2130,996,منطقه دو,دندانپزشکی,دانشگاه علوم پزشکی گیلان - رشت
1392,تجربی,2133,852,منطقه یک,داروسازی,دانشگاه علوم پزشکی اصفهان
1392,تجربی,2133,852,منطقه یک,پزشکی,دانشگاه علوم پزشکی مازندران - ساری
1392,تجربی,2135,998,منطقه دو,پزشکی,دانشگاه علوم پزشکی ارومیه
1392,تجربی,2136,999,منطقه دو,پزشکی,دانشگاه علوم پزشکی یزد
1392,تجربی,2138,854,منطقه یک,پزشکی,دانشگاه علوم پزشکی قزوین
1392,تجربی,2140,263,منطقه سه,پزشکی,دانشگاه علوم پزشکی شهید بهشتی - تهران
1392,تجربی,2144,264,منطقه سه,داروسازی,دانشگاه علوم پزشکی شیراز
1392,تجربی,2144,856,منطقه یک,پزشکی,دانشگاه علوم پزشکی کاشان
1392,تجربی,2149,265,منطقه سه,پزشکی,دانشگاه علوم پزشکی مشهد
1392,تجربی,2149,859,منطقه یک,پزشکی,دانشگاه علوم پزشکی قزوین
1392,تجربی,2149,859,منطقه یک,پزشکی,دانشگاه علوم پزشکی کاشان
1392,تجربی,2157,266,منطقه سه,دندانپزشکی,دانشگاه علوم پزشکی بابل
1392,تجربی,2157,862,منطقه یک,پزشکی,دانشگاه علوم پزشکی ارومیه
1392,تجربی,2162,268,منطقه سه,پزشکی,دانشگاه علوم پزشکی تبریز
1392,تجربی,2162,864,منطقه یک,داروسازی,دانشگاه علوم پزشکی تبریز
1392,تجربی,2162,864,منطقه یک,دندانپزشکی,دانشگاه علوم پزشکی قم
1392,تجربی,2162,864,منطقه یک,پزشکی,دانشگاه علوم پزشکی قزوین
1392,تجربی,2169,867,منطقه یک,داروسازی,دانشگاه علوم پزشکی شیراز
1392,تجربی,2169,867,منطقه یک,دندانپزشکی,دانشگاه علوم پزشکی ارومیه
1392,تجربی,2177,870,منطقه یک,دندانپزشکی,دانشگاه علوم پزشکی ارومیه
1392,تجربی,2183,269,منطقه سه,دندانپزشکی,دانشگاه علوم پزشکی اراک
1392,تجربی,2183,872,منطقه یک,داروسازی,دانشگاه علوم پزشکی تبریز
1392,تجربی,2188,270,منطقه سه,پزشکی,دانشگاه علوم پزشکی جندی شاپور اهواز
1392,تجربی,2189,271,منطقه سه,پزشکی,دانشگاه علوم پزشکی شیراز
1392,تجربی,2195,272,منطقه سه,پزشکی,دانشگاه علوم پزشکی شهید بهشتی - تهران
1392,تجربی,2195,876,منطقه یک,داروسازی,دانشگاه علوم پزشکی تبریز
1392,تجربی,2195,876,منطقه یک,دندانپزشکی,دانشگاه علوم پزشکی کرمان
1392,تجربی,2195,876,منطقه یک,پزشکی,دانشگاه علوم پزشکی فسا
1392,تجربی,2201,274,منطقه سه,دندانپزشکی,دانشگاه علوم پزشکی جندی شاپور اهواز
1392,تجربی,2201,274,منطقه سه,پزشکی,دانشگاه علوم پزشکی جندی شاپور اهواز
1392,تجربی,2208,276,منطقه سه,داروسازی,دانشگاه علوم پزشکی شیراز
1392,تجربی,2208,276,منطقه سه,پزشکی,دانشگاه علوم پزشکی شیراز
1392,تجربی,2208,880,منطقه یک,پزشکی,دانشگاه علوم پزشکی قزوین
1392,تجربی,2212,278,منطقه سه,پزشکی,دانشگاه علوم پزشکی جندی شاپور اهواز
1392,تجربی,2212,881,منطقه یک,داروسازی,دانشگاه علوم پزشکی اصفهان
1392,تجربی,2212,881,منطقه یک,پزشکی,دانشگاه علوم پزشکی یزد
1392,تجربی,2216,883,منطقه یک,دندانپزشکی,دانشگاه علوم پزشکی جندی شاپور اهواز
1392,تجربی,2216,883,منطقه یک,پزشکی,دانشگاه علوم پزشکی یزد
1392,تجربی,2223,279,منطقه سه,پزشکی,دانشگاه علوم پزشکی تبریز
1392,تجربی,2226,280,منطقه سه,پزشکی,دانشگاه علوم پزشکی بابل
1392,تجربی,2226,887,منطقه یک,پزشکی,دانشگاه علوم پزشکی یزد
1392,تجربی,2233,281,منطقه سه,پزشکی,دانشگاه علوم پزشکی بابل
1392,تجربی,2233,889,منطقه یک,پزشکی,دانشگاه علوم پزشکی یزد
1392,تجربی,2240,282,منطقه سه,دندانپزشکی,دانشگاه علوم پزشکی زنجان
1392,تجربی,2240,890,منطقه یک,دندانپزشکی,دانشگاه علوم پزشکی خراسان شمالی - بجنورد
1392,تجربی,2240,890,منطقه یک,دندانپزشکی,دانشگاه علوم پزشکی زنجان
1392,تجربی,2244,892,منطقه یک,پزشکی,دانشگاه علوم پزشکی یزد
1392,تجربی,2250,283,منطقه سه,دندانپزشکی,دانشگاه علوم پزشکی همدان
1392,تجربی,2253,895,منطقه یک,دندانپزشکی,دانشگاه علوم پزشکی ارومیه
1392,تجربی,2255,896,منطقه یک,دندانپزشکی,دانشگاه علوم پزشکی جندی شاپور اهواز
1392,تجربی,2265,284,منطقه سه,پزشکی,دانشگاه علوم پزشکی یزد
1392,تجربی,2271,898,منطقه یک,پزشکی,دانشگاه علوم پزشکی مازندران - ساری
1392,تجربی,2275,285,منطقه سه,پزشکی,دانشگاه علوم پزشکی تبریز
1392,تجربی,2278,900,منطقه یک,زیست شناسی سلولی مولکولی,دانشگاه تهران
1392,تجربی,2282,901,منطقه یک,دندانپزشکی,دانشگاه علوم پزشکی گلستان - گرگان
1392,تجربی,2293,288,منطقه سه,دندانپزشکی,دانشگاه علوم پزشکی کرمان
1392,تجربی,2298,905,منطقه یک,پزشکی,دانشگاه علوم پزشکی بیرجند
1392,تجربی,2298,905,منطقه یک,پزشکی,دانشگاه علوم پزشکی قزوین
1392,تجربی,2304,908,منطقه یک,پزشکی,دانشگاه علوم پزشکی گیلان - رشت
1392,تجربی,2308,289,منطقه سه,دندانپزشکی,دانشگاه علوم پزشکی اصفهان
1392,تجربی,2311,910,منطقه یک,داروسازی,دانشگاه علوم پزشکی تبریز
1392,تجربی,2311,910,منطقه یک,دندانپزشکی,دانشگاه علوم پزشکی بوشهر
1392,تجربی,2326,914,منطقه یک,دندانپزشکی,دانشگاه علوم پزشکی کرمانشاه
1392,تجربی,2326,914,منطقه یک,پزشکی,دانشگاه علوم پزشکی ارومیه
1392,تجربی,2331,917,منطقه یک,پزشکی,دانشگاه علوم پزشکی قزوین
1392,تجربی,2336,918,منطقه یک,پزشکی,دانشگاه علوم پزشکی همدان
1392,تجربی,2340,292,منطقه سه,دندانپزشکی,دانشگاه علوم پزشکی اردبیل
1392,تجربی,2340,292,منطقه سه,پزشکی,دانشگاه علوم پزشکی یاسوج
1392,تجربی,2347,294,منطقه سه,پزشکی,دانشگاه علوم پزشکی جندی شاپور اهواز
1392,تجربی,2352,920,منطقه یک,داروسازی,دانشگاه علوم پزشکی تبریز
1392,تجربی,2352,920,منطقه یک,پزشکی,دانشگاه علوم پزشکی جهرم
1392,تجربی,2352,920,منطقه یک,پزشکی,دانشگاه علوم پزشکی قزوین
1392,تجربی,2355,923,منطقه یک,پزشکی,دانشگاه علوم پزشکی بابل
1392,تجربی,2357,296,منطقه سه,دندانپزشکی,دانشگاه علوم پزشکی تهران
1392,تجربی,2357,296,منطقه سه,پزشکی,دانشگاه علوم پزشکی جندی شاپور اهواز
1392,تجربی,2360,299,منطقه سه,پزشکی,دانشگاه علوم پزشکی جندی شاپور اهواز
1392,تجربی,2360,299,منطقه سه,پزشکی,دانشگاه علوم پزشکی کرمان
1392,تجربی,2363,925,منطقه یک,پزشکی,دانشگاه علوم پزشکی مازندران - ساری
1392,تجربی,2366,926,منطقه یک,پزشکی,دانشگاه علوم پزشکی قزوین
1392,تجربی,2373,927,منطقه یک,دندانپزشکی,دانشگاه علوم پزشکی رفسنجان
1392,تجربی,2373,927,منطقه یک,پزشکی,دانشگاه علوم پزشکی ارومیه
1392,تجربی,2378,301,منطقه سه,دندانپزشکی,دانشگاه علوم پزشکی ارومیه
1392,تجربی,2378,930,منطقه یک,داروسازی,دانشگاه علوم پزشکی شیراز
1392,تجربی,2378,930,منطقه یک,پزشکی,دانشگاه علوم پزشکی بیرجند
1392,تجربی,2382,932,منطقه یک,پزشکی,دانشگاه علوم پزشکی قزوین
1392,تجربی,2385,303,منطقه سه,پزشکی,دانشگاه علوم پزشکی ایران
1392,تجربی,2385,303,منطقه سه,پزشکی,دانشگاه علوم پزشکی گیلان - رشت
1392,تجربی,2385,934,منطقه یک,پزشکی,دانشگاه علوم پزشکی قزوین
1392,تجربی,2390,305,منطقه سه,دندانپزشکی,دانشگاه علوم پزشکی کاشان
1392,تجربی,2393,306,منطقه سه,دندانپزشکی,دانشگاه علوم پزشکی ارومیه
1392,تجربی,2393,935,منطقه یک,پزشکی,دانشگاه علوم پزشکی ارومیه
1392,تجربی,2393,935,منطقه یک,پزشکی,دانشگاه علوم پزشکی مازندران - ساری
1392,تجربی,2396,937,منطقه یک,پزشکی,دانشگاه علوم پزشکی فسا
1392,تجربی,2398,938,منطقه یک,داروسازی,دانشگاه علوم پزشکی شیراز
1392,تجربی,2401,307,منطقه سه,پزشکی,دانشگاه علوم پزشکی تبریز
1392,تجربی,2401,307,منطقه سه,پزشکی,دانشگاه علوم پزشکی جندی شاپور اهواز
1392,تجربی,2401,939,منطقه یک,دندانپزشکی,دانشگاه علوم پزشکی سمنان
1392,تجربی,2408,941,منطقه یک,دندانپزشکی,دانشگاه علوم پزشکی اراک
1392,تجربی,2408,941,منطقه یک,پزشکی,دانشگاه علوم پزشکی ارومیه
1392,تجربی,2419,310,منطقه سه,داروسازی,دانشگاه علوم پزشکی مشهد
1392,تجربی,2419,946,منطقه یک,داروسازی,دانشگاه علوم پزشکی تبریز
1392,تجربی,2424,311,منطقه سه,پزشکی,دانشگاه علوم پزشکی قزوین
1392,تجربی,2430,948,منطقه یک,پزشکی,دانشگاه علوم پزشکی اراک
1392,تجربی,2434,949,منطقه یک,پزشکی,دانشگاه علوم پزشکی اراک
1392,تجربی,2437,951,منطقه یک,داروسازی,دانشگاه علوم پزشکی مشهد
1392,تجربی,2439,952,منطقه یک,دندانپزشکی,دانشگاه علوم پزشکی گلستان - گرگان
1392,تجربی,2448,312,منطقه سه,پزشکی,دانشگاه علوم پزشکی جندی شاپور اهواز
1392,تجربی,2448,954,منطقه یک,دندانپزشکی,دانشگاه علوم پزشکی سمنان
1392,تجربی,2448,954,منطقه یک,پزشکی,دانشگاه علوم پزشکی قزوین
1392,تجربی,2455,313,منطقه سه,داروسازی,دانشگاه علوم پزشکی مشهد
1392,تجربی,2462,314,منطقه سه,دندانپزشکی,دانشگاه علوم پزشکی بابل
1392,تجربی,2466,315,منطقه سه,پزشکی,دانشگاه علوم پزشکی جندی شاپور اهواز
1392,تجربی,2466,957,منطقه یک,دندانپزشکی,دانشگاه علوم پزشکی کاشان
1392,تجربی,2466,957,منطقه یک,پزشکی,دانشگاه علوم پزشکی فسا
1392,تجربی,2466,957,منطقه یک,پزشکی,دانشگاه علوم پزشکی گیلان - رشت
1392,تجربی,2474,316,منطقه سه,پزشکی,دانشگاه علوم پزشکی جندی شاپور اهواز
1392,تجربی,2474,961,منطقه یک,پزشکی,دانشگاه علوم پزشکی گیلان - رشت
1392,تجربی,2481,317,منطقه سه,دندانپزشکی,دانشگاه علوم پزشکی همدان
1392,تجربی,2488,319,منطقه سه,پزشکی,دانشگاه علوم پزشکی جندی شاپور اهواز
1392,تجربی,2499,965,منطقه یک,دندانپزشکی,دانشگاه علوم پزشکی مازندران - ساری
1392,تجربی,2506,320,منطقه سه,دندانپزشکی,دانشگاه علوم پزشکی شهید بهشتی - تهران
1392,تجربی,2506,967,منطقه یک,زیست شناسی سلولی مولکولی,دانشگاه تهران
1392,تجربی,2509,968,منطقه یک,دندانپزشکی,دانشگاه علوم پزشکی گلستان - گرگان
1392,تجربی,2518,322,منطقه سه,پزشکی,دانشگاه علوم پزشکی مازندران - ساری
1392,تجربی,2522,324,منطقه سه,پزشکی,دانشگاه علوم پزشکی کاشان
1392,تجربی,2527,974,منطقه یک,پزشکی,دانشگاه علوم پزشکی سمنان
1392,تجربی,2530,325,منطقه سه,پزشکی,دانشگاه علوم پزشکی اردبیل
1392,تجربی,2530,325,منطقه سه,پزشکی,دانشگاه علوم پزشکی همدان
1392,تجربی,2530,976,منطقه یک,داروسازی,دانشگاه علوم پزشکی اصفهان
1392,تجربی,2537,978,منطقه یک,پزشکی,دانشگاه علوم پزشکی اردبیل
1392,تجربی,2541,980,منطقه یک,داروسازی,دانشگاه علوم پزشکی مشهد
1392,تجربی,2546,983,منطقه یک,پزشکی,دانشگاه علوم پزشکی قزوین
1392,تجربی,2554,986,منطقه یک,پزشکی,دانشگاه علوم پزشکی قزوین
1392,تجربی,2561,330,منطقه سه,پزشکی,دانشگاه علوم پزشکی گیلان - رشت
1392,تجربی,2561,987,منطقه یک,دندانپزشکی,دانشگاه علوم پزشکی کاشان
1392,تجربی,2561,987,منطقه یک,پزشکی,دانشگاه علوم پزشکی گیلان - رشت
1392,تجربی,2567,332,منطقه سه,پزشکی,دانشگاه علوم پزشکی مازندران - ساری
1392,تجربی,2569,333,منطقه سه,دندانپزشکی,دانشگاه علوم پزشکی ارومیه
1392,تجربی,2569,990,منطقه یک,داروسازی,دانشگاه علوم پزشکی اصفهان
1392,تجربی,2571,991,منطقه یک,پزشکی,دانشگاه علوم پزشکی ارومیه
1392,تجربی,2581,335,منطقه سه,پزشکی,دانشگاه علوم پزشکی همدان
1392,تجربی,2581,335,منطقه سه,پزشکی,دانشگاه علوم پزشکی کرمانشاه
1392,تجربی,2583,337,منطقه سه,دندانپزشکی,دانشگاه علوم پزشکی اصفهان
1392,تجربی,2585,338,منطقه سه,دندانپزشکی,دانشگاه علوم پزشکی کرمان
1392,تجربی,2588,339,منطقه سه,داروسازی,دانشگاه علوم پزشکی تهران
1392,تجربی,2596,341,منطقه سه,دندانپزشکی,دانشگاه علوم پزشکی بابل
1392,تجربی,2596,341,منطقه سه,پزشکی,دانشگاه علوم پزشکی ایران
1392,تجربی,2596,996,منطقه یک,دندانپزشکی,دانشگاه علوم پزشکی گلستان - گرگان
1392,تجربی,2604,997,منطقه یک,پزشکی,دانشگاه علوم پزشکی ارومیه
1392,تجربی,2604,997,منطقه یک,پزشکی,دانشگاه علوم پزشکی بابل
1392,تجربی,2615,343,منطقه سه,پزشکی,دانشگاه علوم پزشکی شهید بهشتی - تهران
1392,تجربی,2615,343,منطقه سه,پزشکی,دانشگاه علوم پزشکی کرمانشاه
1392,تجربی,2640,348,منطقه سه,دندانپزشکی,دانشگاه علوم پزشکی یاسوج
1392,تجربی,2640,348,منطقه سه,پزشکی,دانشگاه علوم پزشکی ارومیه
1392,تجربی,2646,350,منطقه سه,پزشکی,دانشگاه علوم پزشکی کرمان
1392,تجربی,2667,353,منطقه سه,پزشکی,دانشگاه علوم پزشکی مازندران - ساری
1392,تجربی,2670,354,منطقه سه,پزشکی,دانشگاه علوم پزشکی جندی شاپور اهواز
1392,تجربی,2674,355,منطقه سه,دندانپزشکی,دانشگاه علوم پزشکی اراک
1392,تجربی,2698,356,منطقه سه,پزشکی,دانشگاه علوم پزشکی جندی شاپور اهواز
1392,تجربی,2706,357,منطقه سه,پزشکی,دانشگاه علوم پزشکی بوشهر
1392,تجربی,2712,359,منطقه سه,پزشکی,دانشگاه علوم پزشکی کرمانشاه
1392,تجربی,2720,360,منطقه سه,پزشکی,دانشگاه علوم پزشکی اردبیل
1392,تجربی,2720,360,منطقه سه,پزشکی,دانشگاه علوم پزشکی جندی شاپور اهواز
1392,تجربی,2726,362,منطقه سه,داروسازی,دانشگاه علوم پزشکی همدان
1392,تجربی,2726,362,منطقه سه,پزشکی,دانشگاه علوم پزشکی مشهد
1392,تجربی,2731,364,منطقه سه,پزشکی,دانشگاه علوم پزشکی یاسوج
1392,تجربی,2734,365,منطقه سه,داروسازی,دانشگاه علوم پزشکی شهید بهشتی - تهران
1392,تجربی,2734,365,منطقه سه,پزشکی,دانشگاه علوم پزشکی ارومیه
1392,تجربی,2734,365,منطقه سه,پزشکی,دانشگاه علوم پزشکی مشهد
1392,تجربی,2734,365,منطقه سه,پزشکی,دانشگاه علوم پزشکی گلستان - گرگان
1392,تجربی,2740,369,منطقه سه,دندانپزشکی,دانشگاه علوم پزشکی اراک
1392,تجربی,2751,371,منطقه سه,پزشکی,دانشگاه علوم پزشکی جندی شاپور اهواز
1392,تجربی,2758,372,منطقه سه,پزشکی,دانشگاه علوم پزشکی جندی شاپور اهواز
1392,تجربی,2762,373,منطقه سه,دندانپزشکی,دانشگاه علوم پزشکی اصفهان
1392,تجربی,2762,373,منطقه سه,پزشکی,دانشگاه علوم پزشکی جندی شاپور اهواز
1392,تجربی,2769,375,منطقه سه,پزشکی,دانشگاه علوم پزشکی شهید بهشتی - تهران
1392,تجربی,2774,376,منطقه سه,پزشکی,دانشگاه علوم پزشکی مازندران - ساری
1392,تجربی,2782,377,منطقه سه,پزشکی,دانشگاه علوم پزشکی جندی شاپور اهواز
1392,تجربی,2787,379,منطقه سه,پزشکی,دانشگاه علوم پزشکی همدان
1392,تجربی,2805,382,منطقه سه,پزشکی,دانشگاه علوم پزشکی ایران
1392,تجربی,2805,382,منطقه سه,پزشکی,دانشگاه علوم پزشکی کرمانشاه
1392,تجربی,2811,385,منطقه سه,پزشکی,دانشگاه علوم پزشکی جندی شاپور اهواز
1392,تجربی,2816,386,منطقه سه,پزشکی,دانشگاه علوم پزشکی یاسوج
1392,تجربی,2816,386,منطقه سه,کارشناسی تکنولوژی پرتوشناسی,دانشگاه علوم پزشکی شیراز
1392,تجربی,2823,388,منطقه سه,پزشکی,دانشگاه علوم پزشکی بابل
1392,تجربی,2825,389,منطقه سه,دندانپزشکی,دانشگاه علوم پزشکی خراسان شمالی - بجنورد
1392,تجربی,2833,390,منطقه سه,پزشکی,دانشگاه علوم پزشکی مازندران - ساری
1392,تجربی,2858,392,منطقه سه,پزشکی,دانشگاه علوم پزشکی کرمانشاه
1392,تجربی,2880,394,منطقه سه,داروسازی,دانشگاه علوم پزشکی مشهد
1392,تجربی,2880,394,منطقه سه,پزشکی,دانشگاه علوم پزشکی شاهرود
1392,تجربی,2887,397,منطقه سه,دندانپزشکی,دانشگاه علوم پزشکی جندی شاپور اهواز
1392,تجربی,2892,398,منطقه سه,پزشکی,دانشگاه علوم پزشکی رفسنجان
1392,تجربی,2899,400,منطقه سه,پزشکی,دانشگاه علوم پزشکی ایران
1392,تجربی,2903,401,منطقه سه,پزشکی,دانشگاه علوم پزشکی مازندران - ساری
1392,تجربی,2906,402,منطقه سه,دندانپزشکی,دانشگاه علوم پزشکی رفسنجان
1392,تجربی,2906,402,منطقه سه,پزشکی,دانشگاه علوم پزشکی ایران
1392,تجربی,2917,405,منطقه سه,پزشکی,دانشگاه علوم پزشکی زاهدان
1392,تجربی,2917,405,منطقه سه,پزشکی,دانشگاه علوم پزشکی همدان
1392,تجربی,2930,407,منطقه سه,پزشکی,دانشگاه علوم پزشکی کرمانشاه
1392,تجربی,2933,408,منطقه سه,پزشکی,دانشگاه علوم پزشکی ارومیه
1392,تجربی,2943,409,منطقه سه,دندانپزشکی,دانشگاه علوم پزشکی جندی شاپور اهواز
1392,تجربی,2949,410,منطقه سه,پزشکی,دانشگاه علوم پزشکی جندی شاپور اهواز
1392,تجربی,2953,412,منطقه سه,داروسازی,دانشگاه علوم پزشکی جندی شاپور اهواز
1392,تجربی,2964,414,منطقه سه,پزشکی,دانشگاه علوم پزشکی مشهد
1392,تجربی,2968,415,منطقه سه,پزشکی,دانشگاه علوم پزشکی همدان
1392,تجربی,2971,416,منطقه سه,پزشکی,دانشگاه علوم پزشکی کرمان
1392,تجربی,2971,416,منطقه سه,پزشکی,دانشگاه علوم پزشکی کرمانشاه
1392,تجربی,2971,416,منطقه سه,پزشکی,دانشگاه علوم پزشکی گیلان - رشت
1392,تجربی,2981,420,منطقه سه,پزشکی,دانشگاه علوم پزشکی زاهدان
1392,تجربی,2998,422,منطقه سه,پزشکی,دانشگاه علوم پزشکی کاشان
1392,تجربی,3001,423,منطقه سه,پزشکی,دانشگاه علوم پزشکی شهید بهشتی - تهران
1392,تجربی,3016,424,منطقه سه,پزشکی,دانشگاه علوم پزشکی کرمان
1392,تجربی,3023,425,منطقه سه,پزشکی,دانشگاه علوم پزشکی ایران
1392,تجربی,3026,426,منطقه سه,پزشکی,دانشگاه علوم پزشکی کرمان
1392,تجربی,3042,429,منطقه سه,دندانپزشکی,دانشگاه علوم پزشکی اردبیل
1392,تجربی,3046,430,منطقه سه,داروسازی,دانشگاه علوم پزشکی شیراز
1392,تجربی,3046,430,منطقه سه,دندانپزشکی,دانشگاه علوم پزشکی کرمانشاه
1392,تجربی,3046,430,منطقه سه,پزشکی,دانشگاه علوم پزشکی ایران
1392,تجربی,3046,430,منطقه سه,پزشکی,دانشگاه علوم پزشکی رفسنجان
1392,تجربی,3046,430,منطقه سه,پزشکی,دانشگاه علوم پزشکی کرمانشاه
1392,تجربی,3056,436,منطقه سه,پزشکی,دانشگاه علوم پزشکی زاهدان
1392,تجربی,3072,438,منطقه سه,پزشکی,دانشگاه علوم پزشکی اردبیل
1392,تجربی,3075,439,منطقه سه,پزشکی,دانشگاه علوم پزشکی یاسوج
1392,تجربی,3080,440,منطقه سه,دندانپزشکی,دانشگاه علوم پزشکی اردبیل
1392,تجربی,3085,442,منطقه سه,پزشکی,دانشگاه علوم پزشکی ارومیه
1392,تجربی,3085,442,منطقه سه,پزشکی,دانشگاه علوم پزشکی کرمانشاه
1392,تجربی,3092,445,منطقه سه,پزشکی,دانشگاه علوم پزشکی شهید بهشتی - تهران
1392,تجربی,3108,447,منطقه سه,دندانپزشکی,دانشگاه علوم پزشکی البرز - کرج
1392,تجربی,3112,448,منطقه سه,دندانپزشکی,دانشگاه علوم پزشکی همدان
1392,تجربی,3112,448,منطقه سه,پزشکی,دانشگاه علوم پزشکی ارومیه
1392,تجربی,3119,450,منطقه سه,دندانپزشکی,دانشگاه علوم پزشکی لرستان - خرم آباد
1392,تجربی,3129,451,منطقه سه,پزشکی,دانشگاه علوم پزشکی جندی شاپور اهواز
1392,تجربی,3136,452,منطقه سه,پزشکی,دانشگاه علوم پزشکی جندی شاپور اهواز
1392,تجربی,3136,452,منطقه سه,پزشکی,دانشگاه علوم پزشکی همدان
1392,تجربی,3142,454,منطقه سه,داروسازی,دانشگاه علوم پزشکی اردبیل
1392,تجربی,3150,455,منطقه سه,پزشکی,دانشگاه علوم پزشکی یاسوج
1392,تجربی,3159,459,منطقه سه,پزشکی,دانشگاه علوم پزشکی ارومیه
1392,تجربی,3177,461,منطقه سه,دندانپزشکی,دانشگاه علوم پزشکی رفسنجان
1392,تجربی,3177,461,منطقه سه,پزشکی,دانشگاه علوم پزشکی همدان
1392,تجربی,3181,463,منطقه سه,دندانپزشکی,دانشگاه علوم پزشکی کرمان
1392,تجربی,3181,463,منطقه سه,پزشکی,دانشگاه علوم پزشکی زنجان
1392,تجربی,3189,465,منطقه سه,دندانپزشکی,دانشگاه علوم پزشکی کردستان - سنندج
1392,تجربی,3189,465,منطقه سه,پزشکی,دانشگاه علوم پزشکی ایران
1392,تجربی,3189,465,منطقه سه,پزشکی,دانشگاه علوم پزشکی گناباد
1392,تجربی,3205,469,منطقه سه,پزشکی,دانشگاه علوم پزشکی جندی شاپور اهواز
1392,تجربی,3211,470,منطقه سه,دندانپزشکی,دانشگاه علوم پزشکی گیلان - رشت
1392,تجربی,3216,471,منطقه سه,دندانپزشکی,دانشگاه علوم پزشکی کرمانشاه
1392,تجربی,3216,471,منطقه سه,پزشکی,دانشگاه علوم پزشکی شهید بهشتی - تهران
1392,تجربی,3222,473,منطقه سه,دندانپزشکی,دانشگاه علوم پزشکی لرستان - خرم آباد
1392,تجربی,3234,475,منطقه سه,داروسازی,دانشگاه علوم پزشکی تهران
1392,تجربی,3234,475,منطقه سه,داروسازی,دانشگاه علوم پزشکی جندی شاپور اهواز
1392,تجربی,3241,477,منطقه سه,پزشکی,دانشگاه علوم پزشکی همدان
1392,تجربی,3256,478,منطقه سه,داروسازی,دانشگاه علوم پزشکی شیراز
1392,تجربی,3263,479,منطقه سه,داروسازی,دانشگاه علوم پزشکی اصفهان
1392,تجربی,3269,480,منطقه سه,داروسازی,دانشگاه علوم پزشکی شهید بهشتی - تهران
1392,تجربی,3269,480,منطقه سه,پزشکی,دانشگاه علوم پزشکی جندی شاپور اهواز
1392,تجربی,3297,483,منطقه سه,پزشکی,دانشگاه علوم پزشکی مشهد
1392,تجربی,3312,485,منطقه سه,دندانپزشکی,دانشگاه علوم پزشکی کردستان - سنندج
1392,تجربی,3312,485,منطقه سه,پزشکی,دانشگاه علوم پزشکی جندی شاپور اهواز
1392,تجربی,3316,487,منطقه سه,پزشکی,دانشگاه علوم پزشکی ارومیه
1392,تجربی,3316,487,منطقه سه,پزشکی,دانشگاه علوم پزشکی کرمانشاه
1392,تجربی,3323,489,منطقه سه,دندانپزشکی,دانشگاه علوم پزشکی زنجان
1392,تجربی,3329,490,منطقه سه,پزشکی,دانشگاه علوم پزشکی گلستان - گرگان
1392,تجربی,3333,491,منطقه سه,پزشکی,دانشگاه علوم پزشکی ارومیه
1392,تجربی,3344,493,منطقه سه,پزشکی,دانشگاه علوم پزشکی گلستان - گرگان
1392,تجربی,3347,494,منطقه سه,پرستاری,دانشگاه علوم پزشکی همدان
1392,تجربی,3365,498,منطقه سه,دندانپزشکی,دانشگاه علوم پزشکی بابل
1392,تجربی,3365,498,منطقه سه,پزشکی,دانشگاه علوم پزشکی اراک
1392,تجربی,3378,500,منطقه سه,پزشکی,دانشگاه علوم پزشکی سمنان
1392,تجربی,3392,502,منطقه سه,پزشکی,دانشگاه علوم پزشکی اصفهان
1392,تجربی,3401,504,منطقه سه,پزشکی,دانشگاه علوم پزشکی گلستان - گرگان
1392,تجربی,3407,505,منطقه سه,دندانپزشکی,دانشگاه علوم پزشکی گلستان - گرگان
1392,تجربی,3418,506,منطقه سه,پزشکی,دانشگاه علوم پزشکی کرمان
1392,تجربی,3433,507,منطقه سه,پزشکی,دانشگاه علوم پزشکی زاهدان
1392,تجربی,3433,507,منطقه سه,پزشکی,دانشگاه علوم پزشکی مازندران - ساری
1392,تجربی,3433,507,منطقه سه,پزشکی,دانشگاه علوم پزشکی گلستان - گرگان
1392,تجربی,3441,512,منطقه سه,پزشکی,دانشگاه علوم پزشکی اردبیل
1392,تجربی,3459,514,منطقه سه,دندانپزشکی,دانشگاه علوم پزشکی خراسان شمالی - بجنورد
1392,تجربی,3466,516,منطقه سه,پزشکی,دانشگاه علوم پزشکی همدان
1392,تجربی,3474,519,منطقه سه,پزشکی,دانشگاه علوم پزشکی قزوین
1392,تجربی,3479,520,منطقه سه,داروسازی,دانشگاه علوم پزشکی شیراز
1392,تجربی,3484,521,منطقه سه,داروسازی,دانشگاه علوم پزشکی اردبیل
1392,تجربی,3490,523,منطقه سه,پزشکی,دانشگاه علوم پزشکی ایران
1392,تجربی,3490,523,منطقه سه,پزشکی,دانشگاه علوم پزشکی گلستان - گرگان
1392,تجربی,3496,525,منطقه سه,پزشکی,دانشگاه علوم پزشکی کردستان - سنندج
1392,تجربی,3502,526,منطقه سه,پزشکی,دانشگاه علوم پزشکی بقیه الله
1392,تجربی,3520,529,منطقه سه,داروسازی,دانشگاه علوم پزشکی کرمانشاه
1392,تجربی,3526,530,منطقه سه,دندانپزشکی,دانشگاه علوم پزشکی قم
1392,تجربی,3533,531,منطقه سه,پزشکی,دانشگاه علوم پزشکی همدان
1392,تجربی,3540,533,منطقه سه,دندانپزشکی,دانشگاه علوم پزشکی یاسوج
1392,تجربی,3542,535,منطقه سه,پزشکی,دانشگاه علوم پزشکی بیرجند
1392,تجربی,3559,537,منطقه سه,پزشکی,دانشگاه علوم پزشکی کرمان
1392,تجربی,3578,540,منطقه سه,داروسازی,دانشگاه علوم پزشکی تبریز
1392,تجربی,3578,540,منطقه سه,پزشکی,دانشگاه علوم پزشکی ارومیه
1392,تجربی,3590,545,منطقه سه,پزشکی,دانشگاه علوم پزشکی جندی شاپور اهواز
1392,تجربی,3594,546,منطقه سه,پزشکی,دانشگاه علوم پزشکی کردستان - سنندج
1392,تجربی,3598,548,منطقه سه,فیزیوتراپی,دانشگاه علوم پزشکی مشهد
1392,تجربی,3605,549,منطقه سه,دندانپزشکی,دانشگاه علوم پزشکی ایلام
1392,تجربی,3610,550,منطقه سه,پزشکی,دانشگاه علوم پزشکی جندی شاپور اهواز
1392,تجربی,3624,552,منطقه سه,پزشکی,دانشگاه علوم پزشکی خراسان شمالی - بجنورد
1392,تجربی,3637,554,منطقه سه,پزشکی,دانشگاه علوم پزشکی کرمان
1392,تجربی,3641,555,منطقه سه,داروسازی,دانشگاه علوم پزشکی تبریز
1392,تجربی,3641,555,منطقه سه,پزشکی,دانشگاه علوم پزشکی اصفهان
1392,تجربی,3641,555,منطقه سه,پزشکی,دانشگاه علوم پزشکی جندی شاپور اهواز
1392,تجربی,3654,559,منطقه سه,پزشکی,دانشگاه علوم پزشکی اردبیل
1392,تجربی,3680,562,منطقه سه,داروسازی,دانشگاه علوم پزشکی تهران
1392,تجربی,3701,564,منطقه سه,پزشکی,دانشگاه علوم پزشکی زاهدان
1392,تجربی,3725,565,منطقه سه,دبیری شیمی,پردیس شهید باهنر - همدان
1392,تجربی,3736,568,منطقه سه,داروسازی,دانشگاه علوم پزشکی جندی شاپور اهواز
1392,تجربی,3745,570,منطقه سه,پزشکی,دانشگاه علوم پزشکی اردبیل
1392,تجربی,3745,570,منطقه سه,پزشکی,دانشگاه علوم پزشکی یاسوج
1392,تجربی,3754,573,منطقه سه,پزشکی,دانشگاه علوم پزشکی ارتش جمهوری اسلامی ایران
1392,تجربی,3773,575,منطقه سه,پزشکی,دانشگاه علوم پزشکی گیلان - رشت
1392,تجربی,3783,577,منطقه سه,دندانپزشکی,دانشگاه علوم پزشکی قم
1392,تجربی,3783,577,منطقه سه,پزشکی,دانشگاه علوم پزشکی گلستان - گرگان
1392,تجربی,3791,580,منطقه سه,دندانپزشکی,دانشگاه علوم پزشکی یاسوج
1392,تجربی,3791,580,منطقه سه,پزشکی,دانشگاه علوم پزشکی همدان
1392,تجربی,3801,583,منطقه سه,دندانپزشکی,دانشگاه علوم پزشکی مازندران - ساری
1392,تجربی,3801,583,منطقه سه,پزشکی,دانشگاه علوم پزشکی ارومیه
1392,تجربی,3801,583,منطقه سه,پزشکی,دانشگاه علوم پزشکی کرمان
1392,تجربی,3812,586,منطقه سه,داروسازی,دانشگاه علوم پزشکی تهران
1392,تجربی,3812,586,منطقه سه,پزشکی,دانشگاه علوم پزشکی کرمانشاه
1392,تجربی,3816,588,منطقه سه,داروسازی,دانشگاه علوم پزشکی شهید بهشتی - تهران
1392,تجربی,3825,591,منطقه سه,داروسازی,دانشگاه علوم پزشکی کرمان
1392,تجربی,3839,594,منطقه سه,دندانپزشکی,دانشگاه علوم پزشکی لرستان - خرم آباد
1392,تجربی,3841,595,منطقه سه,پزشکی,دانشگاه علوم پزشکی یاسوج
1392,تجربی,3848,596,منطقه سه,داروسازی,دانشگاه علوم پزشکی کرمان
1392,تجربی,3865,597,منطقه سه,پزشکی,دانشگاه علوم پزشکی اراک
1392,تجربی,3873,598,منطقه سه,پزشکی,دانشگاه علوم پزشکی قزوین
1392,تجربی,3873,598,منطقه سه,پزشکی,دانشگاه علوم پزشکی مازندران - ساری
1392,تجربی,3889,600,منطقه سه,پزشکی,دانشگاه علوم پزشکی ایران
1392,تجربی,3894,601,منطقه سه,پزشکی,دانشگاه علوم پزشکی جندی شاپور اهواز
1392,تجربی,3897,602,منطقه سه,پزشکی,دانشگاه علوم پزشکی کرمان
1392,تجربی,3917,605,منطقه سه,پزشکی,دانشگاه علوم پزشکی بوشهر
1392,تجربی,3917,605,منطقه سه,پزشکی,دانشگاه علوم پزشکی کرمانشاه
1392,تجربی,3927,608,منطقه سه,پزشکی,دانشگاه علوم پزشکی خراسان شمالی - بجنورد
1392,تجربی,3927,608,منطقه سه,پزشکی,دانشگاه علوم پزشکی قم
1392,تجربی,3934,610,منطقه سه,داروسازی,دانشگاه علوم پزشکی شیراز
1392,تجربی,3934,610,منطقه سه,دندانپزشکی,دانشگاه علوم پزشکی رفسنجان
1392,تجربی,3940,612,منطقه سه,پزشکی,دانشگاه علوم پزشکی بیرجند
1392,تجربی,3940,612,منطقه سه,پزشکی,دانشگاه علوم پزشکی کردستان - سنندج
1392,تجربی,3950,614,منطقه سه,پزشکی,دانشگاه علوم پزشکی کرمانشاه
1392,تجربی,3974,618,منطقه سه,پزشکی,دانشگاه علوم پزشکی جهرم
1392,تجربی,3974,618,منطقه سه,پزشکی,دانشگاه علوم پزشکی رفسنجان
1392,تجربی,3983,620,منطقه سه,دندانپزشکی,دانشگاه علوم پزشکی کردستان - سنندج
1392,تجربی,3997,622,منطقه سه,دندانپزشکی,دانشگاه علوم پزشکی مازندران - ساری
1392,تجربی,3997,622,منطقه سه,پزشکی,دانشگاه علوم پزشکی گیلان - رشت
1392,تجربی,4002,624,منطقه سه,پزشکی,دانشگاه علوم پزشکی همدان
1392,تجربی,4022,627,منطقه سه,پزشکی,دانشگاه علوم پزشکی مازندران - ساری
1392,تجربی,4028,629,منطقه سه,پزشکی,دانشگاه علوم پزشکی اردبیل
1392,تجربی,4037,631,منطقه سه,شنوایی شناسی,دانشگاه علوم پزشکی تهران
1392,تجربی,4037,631,منطقه سه,پزشکی,دانشگاه علوم پزشکی زنجان
1392,تجربی,4046,633,منطقه سه,پزشکی,دانشگاه علوم پزشکی کرمان
1392,تجربی,4050,634,منطقه سه,داروسازی,دانشگاه علوم پزشکی تبریز
1392,تجربی,4055,635,منطقه سه,دندانپزشکی,دانشگاه علوم پزشکی زنجان
1392,تجربی,4081,639,منطقه سه,پزشکی,دانشگاه علوم پزشکی بیرجند
1392,تجربی,4081,639,منطقه سه,پزشکی,دانشگاه علوم پزشکی کرمانشاه
1392,تجربی,4087,641,منطقه سه,پزشکی,دانشگاه علوم پزشکی بوشهر
1392,تجربی,4093,644,منطقه سه,پزشکی,دانشگاه علوم پزشکی اردبیل
1392,تجربی,4113,647,منطقه سه,پزشکی,دانشگاه علوم پزشکی اردبیل
1392,تجربی,4113,647,منطقه سه,پزشکی,دانشگاه علوم پزشکی بوشهر
1392,تجربی,4124,649,منطقه سه,پزشکی,دانشگاه علوم پزشکی یاسوج
1392,تجربی,4127,651,منطقه سه,پزشکی,دانشگاه علوم پزشکی بیرجند
1392,تجربی,4136,652,منطقه سه,بینایی سنجی,دانشگاه علوم پزشکی ایران
1392,تجربی,4145,655,منطقه سه,دندانپزشکی,دانشگاه علوم پزشکی بیرجند
1392,تجربی,4161,657,منطقه سه,علوم وصنایع غذایی,دانشگاه علوم پزشکی شهید بهشتی - تهران
1392,تجربی,4163,658,منطقه سه,پزشکی,دانشگاه علوم پزشکی جهرم
1392,تجربی,4168,659,منطقه سه,دندانپزشکی,دانشگاه علوم پزشکی یاسوج
1392,تجربی,4168,659,منطقه سه,پزشکی,دانشگاه علوم پزشکی کرمانشاه
1392,تجربی,4186,662,منطقه سه,دندانپزشکی,دانشگاه علوم پزشکی رفسنجان
1392,تجربی,4196,663,منطقه سه,پزشکی,دانشگاه علوم پزشکی کرمانشاه
1392,تجربی,4203,665,منطقه سه,پزشکی,دانشگاه علوم پزشکی جندی شاپور اهواز
1392,تجربی,4203,665,منطقه سه,پزشکی,دانشگاه علوم پزشکی یاسوج
1392,تجربی,4212,667,منطقه سه,علوم تغذیه,دانشگاه علوم پزشکی تبریز
1392,تجربی,4217,668,منطقه سه,پزشکی,دانشگاه علوم پزشکی یاسوج
1392,تجربی,4238,671,منطقه سه,پزشکی,دانشگاه علوم پزشکی خراسان شمالی - بجنورد
1392,تجربی,4254,672,منطقه سه,دندانپزشکی,دانشگاه علوم پزشکی بیرجند
1392,تجربی,4258,673,منطقه سه,پزشکی,دانشگاه علوم پزشکی گیلان - رشت
1392,تجربی,4274,675,منطقه سه,پزشکی,دانشگاه علوم پزشکی زاهدان
1392,تجربی,4293,678,منطقه سه,داروسازی,دانشگاه علوم پزشکی مازندران - ساری
1392,تجربی,4293,678,منطقه سه,پزشکی,دانشگاه علوم پزشکی جندی شاپور اهواز
1392,تجربی,4301,681,منطقه سه,مهندسی کشاورزی -علوم وصنایع غذایی,دانشگاه تهران
1392,تجربی,4301,681,منطقه سه,پزشکی,دانشگاه علوم پزشکی ایران
1392,تجربی,4308,683,منطقه سه,پزشکی,دانشگاه علوم پزشکی یاسوج
1392,تجربی,4335,685,منطقه سه,پزشکی,دانشگاه علوم پزشکی بندرعباس
1392,تجربی,4356,689,منطقه سه,دندانپزشکی,دانشگاه علوم پزشکی رفسنجان
1392,تجربی,4365,691,منطقه سه,پزشکی,دانشگاه علوم پزشکی ایلام
1392,تجربی,4365,691,منطقه سه,پزشکی,دانشگاه علوم پزشکی بیرجند
1392,تجربی,4372,693,منطقه سه,پزشکی,دانشگاه علوم پزشکی ایلام
1392,تجربی,4391,697,منطقه سه,داروسازی,دانشگاه علوم پزشکی گیلان - رشت
1392,تجربی,4397,698,منطقه سه,پزشکی,دانشگاه علوم پزشکی یاسوج
1392,تجربی,4404,699,منطقه سه,پزشکی,دانشگاه علوم پزشکی اراک
1392,تجربی,4419,700,منطقه سه,پزشکی,دانشگاه علوم پزشکی کردستان - سنندج
1392,تجربی,4419,700,منطقه سه,پزشکی,دانشگاه علوم پزشکی گیلان - رشت
1392,تجربی,4427,702,منطقه سه,دندانپزشکی,دانشگاه علوم پزشکی کردستان - سنندج
1392,تجربی,4427,702,منطقه سه,پزشکی,دانشگاه علوم پزشکی یاسوج
1392,تجربی,4439,705,منطقه سه,پزشکی,دانشگاه علوم پزشکی بندرعباس
1392,تجربی,4444,706,منطقه سه,پزشکی,دانشگاه علوم پزشکی جندی شاپور اهواز
1392,تجربی,4459,707,منطقه سه,دندانپزشکی,دانشگاه علوم پزشکی کردستان - سنندج
1392,تجربی,4466,709,منطقه سه,پزشکی,دانشگاه علوم پزشکی جندی شاپور اهواز
1392,تجربی,4466,709,منطقه سه,پزشکی,دانشگاه علوم پزشکی زنجان
1392,تجربی,4473,711,منطقه سه,پزشکی,دانشگاه علوم پزشکی لرستان - خرم آباد
1392,تجربی,4481,712,منطقه سه,پزشکی,دانشگاه علوم پزشکی لرستان - خرم آباد
1392,تجربی,4505,714,منطقه سه,پزشکی,دانشگاه علوم پزشکی ایلام
1392,تجربی,4509,715,منطقه سه,داروسازی,دانشگاه علوم پزشکی شیراز
1392,تجربی,4515,716,منطقه سه,علوم تغذیه,دانشگاه علوم پزشکی اصفهان
1392,تجربی,4515,716,منطقه سه,پزشکی,دانشگاه علوم پزشکی جندی شاپور اهواز
1392,تجربی,4526,719,منطقه سه,داروسازی,دانشگاه علوم پزشکی جندی شاپور اهواز
1392,تجربی,4526,719,منطقه سه,پزشکی,دانشگاه علوم پزشکی البرز - کرج
1392,تجربی,4541,721,منطقه سه,پزشکی,دانشگاه علوم پزشکی بیرجند
1392,تجربی,4541,721,منطقه سه,پزشکی,دانشگاه علوم پزشکی فسا
1392,تجربی,4541,721,منطقه سه,پزشکی,دانشگاه علوم پزشکی قم
1392,تجربی,4546,724,منطقه سه,پزشکی,دانشگاه علوم پزشکی لرستان - خرم آباد
1392,تجربی,4567,726,منطقه سه,دندانپزشکی,دانشگاه علوم پزشکی ایلام
1392,تجربی,4573,727,منطقه سه,دندانپزشکی,دانشگاه علوم پزشکی زنجان
1392,تجربی,4573,727,منطقه سه,پزشکی,دانشگاه علوم پزشکی زاهدان
1392,تجربی,4583,729,منطقه سه,داروسازی,دانشگاه علوم پزشکی زنجان
1392,تجربی,4588,730,منطقه سه,دندانپزشکی,دانشگاه علوم پزشکی گلستان - گرگان
1392,تجربی,4588,730,منطقه سه,پزشکی,دانشگاه علوم پزشکی یاسوج
1392,تجربی,4602,734,منطقه سه,پزشکی,دانشگاه علوم پزشکی زنجان
1392,تجربی,4602,734,منطقه سه,پزشکی,دانشگاه علوم پزشکی سمنان
1392,تجربی,4602,734,منطقه سه,پزشکی,دانشگاه علوم پزشکی کرمانشاه
1392,تجربی,4609,737,منطقه سه,دندانپزشکی,دانشگاه علوم پزشکی بوشهر
1392,تجربی,4626,739,منطقه سه,پزشکی,دانشگاه علوم پزشکی جندی شاپور اهواز
1392,تجربی,4626,739,منطقه سه,پزشکی,دانشگاه علوم پزشکی شاهرود
1392,تجربی,4638,742,منطقه سه,پزشکی,دانشگاه علوم پزشکی بوشهر
1392,تجربی,4653,744,منطقه سه,داروسازی,دانشگاه علوم پزشکی مازندران - ساری
1392,تجربی,4653,744,منطقه سه,پزشکی,دانشگاه علوم پزشکی اراک
1392,تجربی,4663,746,منطقه سه,داروسازی,دانشگاه علوم پزشکی یزد
1392,تجربی,4673,748,منطقه سه,دندانپزشکی,دانشگاه علوم پزشکی بوشهر
1392,تجربی,4689,749,منطقه سه,داروسازی,دانشگاه علوم پزشکی همدان
1392,تجربی,4704,753,منطقه سه,پزشکی,دانشگاه علوم پزشکی اراک
1392,تجربی,4704,753,منطقه سه,پزشکی,دانشگاه علوم پزشکی گیلان - رشت
1392,تجربی,4714,755,منطقه سه,پزشکی,دانشگاه علوم پزشکی رفسنجان
1392,تجربی,4734,759,منطقه سه,پزشکی,دانشگاه علوم پزشکی سمنان
1392,تجربی,4742,760,منطقه سه,داروسازی,دانشگاه علوم پزشکی ارومیه
1392,تجربی,4742,760,منطقه سه,پزشکی,دانشگاه علوم پزشکی بوشهر
1392,تجربی,4768,763,منطقه سه,پزشکی,دانشگاه علوم پزشکی بوشهر
1392,تجربی,4768,763,منطقه سه,پزشکی,دانشگاه علوم پزشکی رفسنجان
1392,تجربی,4777,765,منطقه سه,پزشکی,دانشگاه علوم پزشکی اراک
1392,تجربی,4782,766,منطقه سه,پزشکی,دانشگاه علوم پزشکی بوشهر
1392,تجربی,4789,767,منطقه سه,پزشکی,دانشگاه علوم پزشکی ایلام
1392,تجربی,4796,771,منطقه سه,پزشکی,دانشگاه علوم پزشکی مازندران - ساری
1392,تجربی,4808,772,منطقه سه,داروسازی,دانشگاه علوم پزشکی تبریز
1392,تجربی,4808,772,منطقه سه,روانشناسی,دانشگاه شاهد - تهران
1392,تجربی,4808,772,منطقه سه,پزشکی,دانشگاه علوم پزشکی گلستان - گرگان
1392,تجربی,4821,777,منطقه سه,پزشکی,دانشگاه علوم پزشکی ایلام
1392,تجربی,4826,779,منطقه سه,پزشکی,دانشگاه علوم پزشکی گلستان - گرگان
1392,تجربی,4830,780,منطقه سه,پزشکی,دانشگاه علوم پزشکی لرستان - خرم آباد
1392,تجربی,4833,782,منطقه سه,پزشکی,دانشگاه علوم پزشکی دزفول
1392,تجربی,4842,783,منطقه سه,دندانپزشکی,دانشگاه علوم پزشکی یاسوج
1392,تجربی,4842,783,منطقه سه,پزشکی,دانشگاه علوم پزشکی رفسنجان
1392,تجربی,4848,786,منطقه سه,دندانپزشکی,دانشگاه علوم پزشکی بیرجند
1392,تجربی,4848,786,منطقه سه,پزشکی,دانشگاه علوم پزشکی اصفهان
1392,تجربی,4857,788,منطقه سه,پزشکی,دانشگاه علوم پزشکی قزوین
1392,تجربی,4864,789,منطقه سه,پزشکی,دانشگاه علوم پزشکی کرمانشاه
1392,تجربی,4871,791,منطقه سه,داروسازی,دانشگاه علوم پزشکی مازندران - ساری
1392,تجربی,4871,791,منطقه سه,دندانپزشکی,دانشگاه علوم پزشکی بوشهر
1392,تجربی,4871,791,منطقه سه,دندانپزشکی,دانشگاه علوم پزشکی زاهدان
1392,تجربی,4881,794,منطقه سه,پزشکی,دانشگاه علوم پزشکی لرستان - خرم آباد
1392,تجربی,4888,795,منطقه سه,داروسازی,دانشگاه علوم پزشکی ارومیه
1392,تجربی,4888,795,منطقه سه,پرستاری,دانشگاه علوم پزشکی ایران
1392,تجربی,4888,795,منطقه سه,پزشکی,دانشگاه علوم پزشکی گناباد
1392,تجربی,4904,801,منطقه سه,پزشکی,دانشگاه علوم پزشکی بوشهر
1392,تجربی,4904,801,منطقه سه,پزشکی,دانشگاه علوم پزشکی لرستان - خرم آباد
1392,تجربی,4911,803,منطقه سه,پزشکی,دانشگاه علوم پزشکی دزفول
1392,تجربی,4918,805,منطقه سه,پزشکی,دانشگاه علوم پزشکی لرستان - خرم آباد
1392,تجربی,4931,809,منطقه سه,پزشکی,دانشگاه علوم پزشکی ایلام
1392,تجربی,4931,809,منطقه سه,پزشکی,دانشگاه علوم پزشکی زاهدان
1392,تجربی,4937,811,منطقه سه,پزشکی,دانشگاه علوم پزشکی دزفول
1392,تجربی,4946,813,منطقه سه,پزشکی,دانشگاه علوم پزشکی جیرفت
1392,تجربی,4946,813,منطقه سه,پزشکی,دانشگاه علوم پزشکی زاهدان
1392,تجربی,4946,813,منطقه سه,پزشکی,دانشگاه علوم پزشکی یاسوج
1392,تجربی,4961,816,منطقه سه,پزشکی,دانشگاه علوم پزشکی سبزوار
1392,تجربی,4967,817,منطقه سه,داروسازی,دانشگاه علوم پزشکی کرمان
1392,تجربی,4967,817,منطقه سه,پزشکی,دانشگاه علوم پزشکی رفسنجان
1392,تجربی,4967,817,منطقه سه,پزشکی,دانشگاه علوم پزشکی کردستان - سنندج
1392,تجربی,4976,820,منطقه سه,پزشکی,دانشگاه علوم پزشکی لرستان - خرم آباد
1392,تجربی,4984,821,منطقه سه,داروسازی,دانشگاه علوم پزشکی شیراز
1392,تجربی,4984,821,منطقه سه,پزشکی,دانشگاه علوم پزشکی جهرم
1392,تجربی,4992,824,منطقه سه,داروسازی,دانشگاه علوم پزشکی مازندران - ساری
1392,تجربی,4992,824,منطقه سه,پزشکی,دانشگاه علوم پزشکی ایلام
1392,تجربی,5007,827,منطقه سه,داروسازی,دانشگاه علوم پزشکی گیلان - رشت
1392,تجربی,5017,830,منطقه سه,علوم تغذیه,دانشگاه علوم پزشکی شیراز
1392,تجربی,5017,830,منطقه سه,پزشکی,دانشگاه علوم پزشکی قزوین
1392,تجربی,5017,830,منطقه سه,پزشکی,دانشگاه علوم پزشکی مازندران - ساری
1392,تجربی,5027,834,منطقه سه,علوم تغذیه,دانشگاه علوم پزشکی شهید بهشتی - تهران
1392,تجربی,5027,834,منطقه سه,پزشکی,دانشگاه علوم پزشکی اصفهان
1392,تجربی,5039,837,منطقه سه,پزشکی,دانشگاه علوم پزشکی کرمانشاه
1392,تجربی,5043,838,منطقه سه,پزشکی,دانشگاه علوم پزشکی ایلام
1392,تجربی,5043,838,منطقه سه,پزشکی,دانشگاه علوم پزشکی همدان
1392,تجربی,5057,842,منطقه سه,پزشکی,دانشگاه علوم پزشکی فسا
1392,تجربی,5066,843,منطقه سه,پزشکی,دانشگاه علوم پزشکی ایلام
1392,تجربی,5074,845,منطقه سه,پزشکی,دانشگاه علوم پزشکی یاسوج
1392,تجربی,5087,847,منطقه سه,پزشکی,دانشگاه علوم پزشکی ایلام
1392,تجربی,5091,848,منطقه سه,پزشکی,دانشگاه علوم پزشکی همدان
1392,تجربی,5110,851,منطقه سه,دندانپزشکی,دانشگاه علوم پزشکی لرستان - خرم آباد
1392,تجربی,5110,851,منطقه سه,پزشکی,دانشگاه علوم پزشکی زاهدان
1392,تجربی,5110,851,منطقه سه,پزشکی,دانشگاه علوم پزشکی مازندران - ساری
1392,تجربی,5113,854,منطقه سه,دندانپزشکی,دانشگاه علوم پزشکی خراسان شمالی - بجنورد
1392,تجربی,5113,854,منطقه سه,پزشکی,دانشگاه علوم پزشکی کرمان
1392,تجربی,5122,858,منطقه سه,دبیری شیمی,پردیس نسیبه - تهران
1392,تجربی,5122,858,منطقه سه,فیزیوتراپی,دانشگاه علوم پزشکی شهید بهشتی - تهران
1392,تجربی,5122,858,منطقه سه,پزشکی,دانشگاه علوم پزشکی رفسنجان
1392,تجربی,5141,861,منطقه سه,داروسازی,دانشگاه علوم پزشکی جندی شاپور اهواز
1392,تجربی,5141,861,منطقه سه,پزشکی,دانشگاه علوم پزشکی بوشهر
1392,تجربی,5141,861,منطقه سه,پزشکی,دانشگاه علوم پزشکی یاسوج
1392,تجربی,5154,866,منطقه سه,داروسازی,دانشگاه علوم پزشکی تبریز
1392,تجربی,5161,869,منطقه سه,داروسازی,دانشگاه علوم پزشکی شهید بهشتی - تهران
1392,تجربی,5161,869,منطقه سه,پزشکی,دانشگاه علوم پزشکی ایلام
1392,تجربی,5161,869,منطقه سه,پزشکی,دانشگاه علوم پزشکی زاهدان
1392,تجربی,5169,872,منطقه سه,پزشکی,دانشگاه علوم پزشکی زاهدان
1392,تجربی,5179,873,منطقه سه,پزشکی,دانشگاه علوم پزشکی زاهدان
1392,تجربی,5191,876,منطقه سه,دبیری شیمی,پردیس دکتر شریعتی - ساری
1392,تجربی,5191,876,منطقه سه,پزشکی,دانشگاه علوم پزشکی یاسوج
1392,تجربی,5197,879,منطقه سه,پزشکی,دانشگاه علوم پزشکی ایلام
1392,تجربی,5204,881,منطقه سه,روانشناسی,دانشگاه تهران
1392,تجربی,5233,887,منطقه سه,پزشکی,دانشگاه علوم پزشکی لرستان - خرم آباد
1392,تجربی,5233,887,منطقه سه,پزشکی,دانشگاه علوم پزشکی کردستان - سنندج
1392,تجربی,5242,889,منطقه سه,دندانپزشکی,دانشگاه علوم پزشکی خراسان شمالی - بجنورد
1392,تجربی,5242,889,منطقه سه,پزشکی,دانشگاه علوم پزشکی بم
1392,تجربی,5242,889,منطقه سه,پزشکی,دانشگاه علوم پزشکی لرستان - خرم آباد
1392,تجربی,5242,889,منطقه سه,پزشکی,دانشگاه علوم پزشکی گناباد
1392,تجربی,5252,894,منطقه سه,پزشکی,دانشگاه علوم پزشکی بندرعباس
1392,تجربی,5259,896,منطقه سه,پزشکی,دانشگاه علوم پزشکی کردستان - سنندج
1392,تجربی,5259,896,منطقه سه,کاردرمانی,دانشگاه علوم پزشکی شهید بهشتی - تهران
1392,تجربی,5265,898,منطقه سه,فیزیوتراپی,دانشگاه علوم پزشکی شهید بهشتی - تهران
1392,تجربی,5282,899,منطقه سه,پزشکی,دانشگاه علوم پزشکی جیرفت
1392,تجربی,5298,903,منطقه سه,پزشکی,دانشگاه علوم پزشکی کردستان - سنندج
1392,تجربی,5311,905,منطقه سه,داروسازی,دانشگاه علوم پزشکی همدان
1392,تجربی,5311,905,منطقه سه,دندانپزشکی,دانشگاه علوم پزشکی کرمانشاه
1392,تجربی,5311,905,منطقه سه,پزشکی,دانشکده علوم پزشکی آبادان
1392,تجربی,5330,912,منطقه سه,دندانپزشکی,دانشگاه علوم پزشکی بیرجند
1392,تجربی,5340,913,منطقه سه,دندانپزشکی,دانشگاه علوم پزشکی زاهدان
1392,تجربی,5340,913,منطقه سه,علوم تغذیه,دانشگاه علوم پزشکی تبریز
1392,تجربی,5347,916,منطقه سه,داروسازی,دانشگاه علوم پزشکی همدان
1392,تجربی,5347,916,منطقه سه,پزشکی,دانشگاه علوم پزشکی یاسوج
1392,تجربی,5389,921,منطقه سه,دندانپزشکی,دانشگاه علوم پزشکی یاسوج
1392,تجربی,5407,924,منطقه سه,پزشکی,دانشگاه علوم پزشکی لرستان - خرم آباد
1392,تجربی,5419,926,منطقه سه,پزشکی,دانشگاه علوم پزشکی کردستان - سنندج
1392,تجربی,5423,927,منطقه سه,پزشکی,دانشگاه علوم پزشکی یاسوج
1392,تجربی,5444,929,منطقه سه,فیزیوتراپی,دانشگاه علوم پزشکی مشهد
1392,تجربی,5444,929,منطقه سه,پزشکی,دانشگاه علوم پزشکی جیرفت
1392,تجربی,5451,932,منطقه سه,دندانپزشکی,دانشگاه علوم پزشکی قزوین
1392,تجربی,5451,932,منطقه سه,پزشکی,دانشگاه علوم پزشکی ایلام
1392,تجربی,5486,934,منطقه سه,داروسازی,دانشگاه علوم پزشکی کرمان
1392,تجربی,5486,934,منطقه سه,پزشکی,دانشگاه علوم پزشکی قم
1392,تجربی,5486,934,منطقه سه,پزشکی,دانشگاه علوم پزشکی لرستان - خرم آباد
1392,تجربی,5498,937,منطقه سه,پزشکی,دانشگاه علوم پزشکی بندرعباس
1392,تجربی,5517,940,منطقه سه,دندانپزشکی,دانشگاه علوم پزشکی یاسوج
1392,تجربی,5517,940,منطقه سه,پزشکی,دانشگاه علوم پزشکی یزد
1392,تجربی,5536,943,منطقه سه,کارشناسی تکنولوژی پرتوشناسی,دانشگاه علوم پزشکی جندی شاپور اهواز
1392,تجربی,5547,945,منطقه سه,مدیریت مالی,دانشگاه شهید بهشتی - تهران
1392,تجربی,5555,946,منطقه سه,دندانپزشکی,دانشگاه علوم پزشکی بیرجند
1392,تجربی,5578,948,منطقه سه,فیزیوتراپی,دانشگاه علوم پزشکی ایران
1392,تجربی,5578,948,منطقه سه,پزشکی,دانشگاه علوم پزشکی ایلام
1392,تجربی,5589,951,منطقه سه,داروسازی,دانشگاه علوم پزشکی تبریز
1392,تجربی,5589,951,منطقه سه,پزشکی,دانشگاه علوم پزشکی بیرجند
1392,تجربی,5598,953,منطقه سه,دندانپزشکی,دانشگاه علوم پزشکی یاسوج
1392,تجربی,5598,953,منطقه سه,پزشکی,دانشکده علوم پزشکی آبادان
1392,تجربی,5617,956,منطقه سه,پزشکی,دانشگاه علوم پزشکی ایلام
1392,تجربی,5617,956,منطقه سه,کارشناسی تکنولوژی پرتوشناسی,دانشگاه علوم پزشکی گیلان - رشت
1392,تجربی,5623,958,منطقه سه,پزشکی,دانشگاه علوم پزشکی شهرکرد
1392,تجربی,5623,958,منطقه سه,پزشکی,دانشگاه علوم پزشکی لرستان - خرم آباد
1392,تجربی,5636,962,منطقه سه,علوم ازمایشگاهی,دانشگاه علوم پزشکی یزد
1392,تجربی,5636,962,منطقه سه,پزشکی,دانشگاه علوم پزشکی جهرم
1392,تجربی,5648,965,منطقه سه,فیزیوتراپی,دانشگاه علوم پزشکی تبریز
1392,تجربی,5648,965,منطقه سه,پزشکی,دانشگاه علوم پزشکی بم
1392,تجربی,5648,965,منطقه سه,پزشکی,دانشگاه علوم پزشکی کردستان - سنندج
1392,تجربی,5669,973,منطقه سه,داروسازی,دانشگاه علوم پزشکی کرمانشاه
1392,تجربی,5669,973,منطقه سه,دندانپزشکی,دانشگاه علوم پزشکی لرستان - خرم آباد
1392,تجربی,5677,976,منطقه سه,داروسازی,دانشگاه علوم پزشکی زابل
1392,تجربی,5680,977,منطقه سه,پزشکی,دانشگاه علوم پزشکی بندرعباس
1392,تجربی,5692,980,منطقه سه,داروسازی,دانشگاه علوم پزشکی جندی شاپور اهواز
1392,تجربی,5692,980,منطقه سه,داروسازی,دانشگاه علوم پزشکی گیلان - رشت
1392,تجربی,5692,980,منطقه سه,دندانپزشکی,دانشگاه علوم پزشکی یاسوج
1392,تجربی,5692,980,منطقه سه,پزشکی,دانشگاه علوم پزشکی کردستان - سنندج
1392,تجربی,5704,984,منطقه سه,دندانپزشکی,دانشگاه علوم پزشکی لرستان - خرم آباد
1392,تجربی,5709,986,منطقه سه,دندانپزشکی,دانشگاه علوم پزشکی خراسان شمالی - بجنورد
1392,تجربی,5709,986,منطقه سه,دندانپزشکی,دانشگاه علوم پزشکی یاسوج
1392,تجربی,5709,986,منطقه سه,پزشکی,دانشگاه علوم پزشکی فسا
1392,تجربی,5721,992,منطقه سه,پزشکی,دانشگاه علوم پزشکی اراک
1392,تجربی,5728,993,منطقه سه,بینایی سنجی,دانشگاه علوم پزشکی شهید بهشتی - تهران
1392,تجربی,5728,993,منطقه سه,دندانپزشکی,دانشگاه علوم پزشکی ارتش جمهوری اسلامی ایران
1392,تجربی,5728,993,منطقه سه,فیزیوتراپی,دانشگاه علوم بهزیستی و توانبخشی تهران
1392,تجربی,5728,993,منطقه سه,پرستاری,دانشگاه علوم پزشکی ایران
1392,تجربی,5742,998,منطقه سه,دندانپزشکی,دانشگاه علوم پزشکی یاسوج
1392,تجربی,5751,999,منطقه سه,فیزیوتراپی,دانشگاه علوم پزشکی ایران
1392,تجربی,5751,999,منطقه سه,پزشکی,دانشگاه علوم پزشکی دزفول
1392,ریاضی,2,2,منطقه دو,مهندسی برق,دانشگاه صنعتی شریف - تهران
1392,ریاضی,3,3,منطقه دو,مهندسی برق,دانشگاه صنعتی شریف - تهران
1392,ریاضی,4,4,منطقه دو,مهندسی برق,دانشگاه صنعتی شریف - تهران
1392,ریاضی,5,1,منطقه یک,مهندسی برق,دانشگاه صنعتی شریف - تهران
1392,ریاضی,7,5,منطقه دو,مهندسی برق,دانشگاه صنعتی شریف - تهران
1392,ریاضی,9,7,منطقه دو,مهندسی برق,دانشگاه صنعتی شریف - تهران
1392,ریاضی,10,8,منطقه دو,مهندسی برق,دانشگاه صنعتی شریف - تهران
1392,ریاضی,11,3,منطقه یک,مهندسی برق,دانشگاه صنعتی شریف - تهران
1392,ریاضی,12,9,منطقه دو,مهندسی برق,دانشگاه صنعتی شریف - تهران
1392,ریاضی,13,4,منطقه یک,مهندسی برق,دانشگاه صنعتی شریف - تهران
1392,ریاضی,14,10,منطقه دو,مهندسی مکانیک,دانشگاه صنعتی شریف - تهران
1392,ریاضی,15,5,منطقه یک,مهندسی برق,دانشگاه صنعتی شریف - تهران
1392,ریاضی,17,11,منطقه دو,مهندسی برق,دانشگاه صنعتی شریف - تهران
1392,ریاضی,18,7,منطقه یک,مهندسی برق,دانشگاه صنعتی شریف - تهران
1392,ریاضی,19,8,منطقه یک,مهندسی برق,دانشگاه صنعتی شریف - تهران
1392,ریاضی,20,12,منطقه دو,مهندسی برق,دانشگاه صنعتی شریف - تهران
1392,ریاضی,21,13,منطقه دو,مهندسی مکانیک,دانشگاه صنعتی شریف - تهران
1392,ریاضی,23,14,منطقه دو,مهندسی مکانیک,دانشگاه صنعتی شریف - تهران
1392,ریاضی,30,15,منطقه دو,دکترای پیوسته بیوتکنولوژی,دانشگاه تهران
1392,ریاضی,34,16,منطقه دو,مهندسی برق,دانشگاه صنعتی شریف - تهران
1392,ریاضی,36,17,منطقه دو,مهندسی برق,دانشگاه صنعتی شریف - تهران
1392,ریاضی,40,18,منطقه دو,مهندسی عمران,دانشگاه صنعتی شریف - تهران
1392,ریاضی,41,23,منطقه یک,مهندسی عمران,دانشگاه صنعتی شریف - تهران
1392,ریاضی,42,24,منطقه یک,مهندسی برق,دانشگاه صنعتی شریف - تهران
1392,ریاضی,44,19,منطقه دو,مهندسی برق,دانشگاه صنعتی شریف - تهران
1392,ریاضی,46,20,منطقه دو,مهندسی برق,دانشگاه صنعتی شریف - تهران
1392,ریاضی,48,21,منطقه دو,مهندسی برق,دانشگاه صنعتی شریف - تهران
1392,ریاضی,49,27,منطقه یک,مهندسی برق,دانشگاه صنعتی شریف - تهران
1392,ریاضی,51,22,منطقه دو,مهندسی برق,دانشگاه صنعتی شریف - تهران
1392,ریاضی,52,23,منطقه دو,مهندسی برق,دانشگاه صنعتی شریف - تهران
1392,ریاضی,53,24,منطقه دو,مهندسی برق,دانشگاه صنعتی شریف - تهران
1392,ریاضی,54,25,منطقه دو,مهندسی برق,دانشگاه صنعتی شریف - تهران
1392,ریاضی,55,26,منطقه دو,مهندسی برق,دانشگاه صنعتی شریف - تهران
1392,ریاضی,56,29,منطقه یک,مهندسی برق,دانشگاه صنعتی شریف - تهران
1392,ریاضی,57,30,منطقه یک,دکترای پیوسته بیوتکنولوژی,دانشگاه تهران
1392,ریاضی,58,27,منطقه دو,مهندسی برق,دانشگاه صنعتی شریف - تهران
1392,ریاضی,60,32,منطقه یک,مهندسی برق,دانشگاه صنعتی شریف - تهران
1392,ریاضی,61,33,منطقه یک,مهندسی برق,دانشگاه صنعتی شریف - تهران
1392,ریاضی,62,28,منطقه دو,مهندسی برق,دانشگاه صنعتی شریف - تهران
1392,ریاضی,63,34,منطقه یک,مهندسی کامپیوتر,دانشگاه صنعتی شریف - تهران
1392,ریاضی,64,29,منطقه دو,مهندسی کامپیوتر,دانشگاه صنعتی شریف - تهران
1392,ریاضی,65,30,منطقه دو,مهندسی برق,دانشگاه صنعتی شریف - تهران
1392,ریاضی,67,36,منطقه یک,مهندسی مکانیک,دانشگاه صنعتی شریف - تهران
1392,ریاضی,69,31,منطقه دو,مهندسی برق,دانشگاه صنعتی شریف - تهران
1392,ریاضی,71,39,منطقه یک,مهندسی برق,دانشگاه صنعتی شریف - تهران
1392,ریاضی,75,1,منطقه سه,مهندسی برق,دانشگاه صنعتی شریف - تهران
1392,ریاضی,76,41,منطقه یک,مهندسی مکانیک,دانشگاه صنعتی شریف - تهران
1392,ریاضی,77,34,منطقه دو,مهندسی عمران,دانشگاه صنعتی شریف - تهران
1392,ریاضی,80,35,منطقه دو,مهندسی برق,دانشگاه صنعتی شریف - تهران
1392,ریاضی,82,36,منطقه دو,مهندسی برق,دانشگاه صنعتی شریف - تهران
1392,ریاضی,83,37,منطقه دو,مهندسی کامپیوتر,دانشگاه صنعتی شریف - تهران
1392,ریاضی,84,45,منطقه یک,مهندسی مکانیک,دانشگاه صنعتی اصفهان
1392,ریاضی,86,38,منطقه دو,مهندسی کامپیوتر,دانشگاه صنعتی شریف - تهران
1392,ریاضی,87,47,منطقه یک,مهندسی برق,دانشگاه صنعتی شریف - تهران
1392,ریاضی,90,39,منطقه دو,مهندسی برق,دانشگاه صنعتی شریف - تهران
1392,ریاضی,91,40,منطقه دو,مهندسی کامپیوتر,دانشگاه صنعتی شریف - تهران
1392,ریاضی,91,50,منطقه یک,مهندسی برق,دانشگاه صنعتی شریف - تهران
1392,ریاضی,93,51,منطقه یک,مهندسی کامپیوتر,دانشگاه صنعتی شریف - تهران
1392,ریاضی,95,53,منطقه یک,مهندسی برق,دانشگاه صنعتی شریف - تهران
1392,ریاضی,96,2,منطقه سه,مهندسی برق,دانشگاه صنعتی شریف - تهران
1392,ریاضی,97,41,منطقه دو,مهندسی برق,دانشگاه صنعتی شریف - تهران
1392,ریاضی,98,42,منطقه دو,مهندسی مکانیک,دانشگاه صنعتی شریف - تهران
1392,ریاضی,100,44,منطقه دو,مهندسی برق,دانشگاه صنعتی شریف - تهران
1392,ریاضی,105,58,منطقه یک,مهندسی برق,دانشگاه صنعتی شریف - تهران
1392,ریاضی,109,62,منطقه یک,مهندسی برق,دانشگاه صنعتی شریف - تهران
1392,ریاضی,110,45,منطقه دو,مهندسی عمران,دانشگاه صنعتی شریف - تهران
1392,ریاضی,112,46,منطقه دو,مهندسی مکانیک,دانشگاه صنعتی شریف - تهران
1392,ریاضی,114,47,منطقه دو,مهندسی برق,دانشگاه صنعتی شریف - تهران
1392,ریاضی,115,48,منطقه دو,مهندسی مکانیک,دانشگاه صنعتی شریف - تهران
1392,ریاضی,115,65,منطقه یک,مهندسی مکانیک,دانشگاه صنعتی شریف - تهران
1392,ریاضی,119,49,منطقه دو,مهندسی برق,دانشگاه صنعتی شریف - تهران
1392,ریاضی,120,50,منطقه دو,مهندسی برق,دانشگاه صنعتی شریف - تهران
1392,ریاضی,120,50,منطقه دو,مهندسی کامپیوتر,دانشگاه صنعتی شریف - تهران
1392,ریاضی,122,52,منطقه دو,مهندسی برق,دانشگاه صنعتی شریف - تهران
1392,ریاضی,123,68,منطقه یک,مهندسی برق,دانشگاه صنعتی شریف - تهران
1392,ریاضی,124,3,منطقه سه,مهندسی برق,دانشگاه صنعتی شریف - تهران
1392,ریاضی,128,72,منطقه یک,مهندسی برق,دانشگاه صنعتی شریف - تهران
1392,ریاضی,129,53,منطقه دو,دکترای پیوسته بیوتکنولوژی,دانشگاه تهران
1392,ریاضی,131,4,منطقه سه,مهندسی برق,دانشگاه صنعتی شریف - تهران
1392,ریاضی,132,74,منطقه یک,مهندسی برق,دانشگاه صنعتی شریف - تهران
1392,ریاضی,133,54,منطقه دو,مهندسی برق,دانشگاه صنعتی شریف - تهران
1392,ریاضی,134,55,منطقه دو,مهندسی مکانیک,دانشگاه صنعتی شریف - تهران
1392,ریاضی,135,75,منطقه یک,مهندسی برق,دانشگاه صنعتی شریف - تهران
1392,ریاضی,136,56,منطقه دو,مهندسی مکانیک,دانشگاه صنعتی شریف - تهران
1392,ریاضی,142,59,منطقه دو,مهندسی برق,دانشگاه صنعتی شریف - تهران
1392,ریاضی,142,59,منطقه دو,مهندسی عمران,دانشگاه صنعتی شریف - تهران
1392,ریاضی,147,61,منطقه دو,مهندسی مکانیک,دانشگاه صنعتی شریف - تهران
1392,ریاضی,148,62,منطقه دو,دکترای پیوسته بیوتکنولوژی,دانشگاه تهران
1392,ریاضی,149,82,منطقه یک,مهندسی برق,دانشگاه صنعتی شریف - تهران
1392,ریاضی,151,84,منطقه یک,مهندسی برق,دانشگاه صنعتی شریف - تهران
1392,ریاضی,153,86,منطقه یک,مهندسی مکانیک,دانشگاه صنعتی شریف - تهران
1392,ریاضی,154,63,منطقه دو,مهندسی برق,دانشگاه صنعتی شریف - تهران
1392,ریاضی,157,64,منطقه دو,مهندسی برق,دانشگاه صنعتی شریف - تهران
1392,ریاضی,163,94,منطقه یک,مهندسی برق,دانشگاه صنعتی شریف - تهران
1392,ریاضی,164,65,منطقه دو,مهندسی مکانیک,دانشگاه صنعتی شریف - تهران
1392,ریاضی,166,66,منطقه دو,مهندسی برق,دانشگاه صنعتی شریف - تهران
1392,ریاضی,167,96,منطقه یک,مهندسی برق,دانشگاه صنعتی شریف - تهران
1392,ریاضی,168,67,منطقه دو,مهندسی برق,دانشگاه صنعتی شریف - تهران
1392,ریاضی,168,97,منطقه یک,مهندسی برق,دانشگاه صنعتی شریف - تهران
1392,ریاضی,171,68,منطقه دو,مهندسی برق,دانشگاه صنعتی شریف - تهران
1392,ریاضی,173,98,منطقه یک,مهندسی مکانیک,دانشگاه صنعتی شریف - تهران
1392,ریاضی,174,69,منطقه دو,مهندسی مکانیک,دانشگاه صنعتی شریف - تهران
1392,ریاضی,176,5,منطقه سه,مهندسی برق,دانشگاه صنعتی شریف - تهران
1392,ریاضی,176,70,منطقه دو,دکترای پیوسته بیوتکنولوژی,دانشگاه تهران
1392,ریاضی,176,70,منطقه دو,مهندسی برق,دانشگاه صنعتی شریف - تهران
1392,ریاضی,180,101,منطقه یک,مهندسی مکانیک,دانشگاه صنعتی شریف - تهران
1392,ریاضی,181,72,منطقه دو,مهندسی مکانیک,دانشگاه صنعتی شریف - تهران
1392,ریاضی,182,73,منطقه دو,مهندسی برق,دانشگاه صنعتی شریف - تهران
1392,ریاضی,183,74,منطقه دو,مهندسی برق,دانشگاه صنعتی شریف - تهران
1392,ریاضی,184,102,منطقه یک,مهندسی عمران,دانشگاه صنعتی شریف - تهران
1392,ریاضی,184,102,منطقه یک,مهندسی نفت,دانشگاه صنعتی شریف - تهران
1392,ریاضی,187,75,منطقه دو,مهندسی مکانیک,دانشگاه صنعتی شریف - تهران
1392,ریاضی,188,105,منطقه یک,مهندسی مکانیک,دانشگاه صنعتی شریف - تهران
1392,ریاضی,189,106,منطقه یک,مهندسی عمران,دانشگاه صنعتی شریف - تهران
1392,ریاضی,190,107,منطقه یک,مهندسی مکانیک,دانشگاه تهران
1392,ریاضی,191,76,منطقه دو,مهندسی کامپیوتر,دانشگاه صنعتی شریف - تهران
1392,ریاضی,192,77,منطقه دو,مهندسی برق,دانشگاه تهران
1392,ریاضی,192,77,منطقه دو,مهندسی برق,دانشگاه صنعتی شریف - تهران
1392,ریاضی,197,79,منطقه دو,مهندسی برق,دانشگاه صنعتی شریف - تهران
1392,ریاضی,198,111,منطقه یک,مهندسی عمران,دانشگاه صنعتی شریف - تهران
1392,ریاضی,199,80,منطقه دو,مهندسی کامپیوتر,دانشگاه صنعتی شریف - تهران
1392,ریاضی,202,113,منطقه یک,مهندسی برق,دانشگاه صنعتی شریف - تهران
1392,ریاضی,203,114,منطقه یک,مهندسی عمران,دانشگاه صنعتی شریف - تهران
1392,ریاضی,204,115,منطقه یک,مهندسی برق,دانشگاه صنعتی شریف - تهران
1392,ریاضی,207,6,منطقه سه,مهندسی برق,دانشگاه تهران
1392,ریاضی,208,82,منطقه دو,مهندسی مکانیک,دانشگاه صنعتی شریف - تهران
1392,ریاضی,210,84,منطقه دو,مهندسی مکانیک,دانشگاه صنعتی شریف - تهران
1392,ریاضی,212,85,منطقه دو,مهندسی کامپیوتر,دانشگاه صنعتی شریف - تهران
1392,ریاضی,214,86,منطقه دو,مهندسی مکانیک,دانشگاه صنعتی شریف - تهران
1392,ریاضی,216,121,منطقه یک,مهندسی مکانیک,دانشگاه صنعتی شریف - تهران
1392,ریاضی,217,87,منطقه دو,مهندسی مکانیک,دانشگاه صنعتی شریف - تهران
1392,ریاضی,218,122,منطقه یک,مهندسی مکانیک,دانشگاه صنعتی شریف - تهران
1392,ریاضی,220,124,منطقه یک,مهندسی مکانیک,دانشگاه صنعتی شریف - تهران
1392,ریاضی,221,88,منطقه دو,مهندسی کامپیوتر,دانشگاه صنعتی شریف - تهران
1392,ریاضی,222,125,منطقه یک,مهندسی عمران,دانشگاه تهران
1392,ریاضی,224,127,منطقه یک,مهندسی برق,دانشگاه تهران
1392,ریاضی,226,7,منطقه سه,مهندسی مکانیک,دانشگاه صنعتی شریف - تهران
1392,ریاضی,226,129,منطقه یک,مهندسی مکانیک,دانشگاه صنعتی شریف - تهران
1392,ریاضی,228,130,منطقه یک,مهندسی برق,دانشگاه تهران
1392,ریاضی,231,133,منطقه یک,مهندسی مکانیک,دانشگاه صنعتی شریف - تهران
1392,ریاضی,233,135,منطقه یک,مهندسی مکانیک,دانشگاه صنعتی شریف - تهران
1392,ریاضی,234,136,منطقه یک,مهندسی برق,دانشگاه تهران
1392,ریاضی,236,138,منطقه یک,مهندسی عمران,دانشگاه صنعتی شریف - تهران
1392,ریاضی,237,8,منطقه سه,مهندسی برق,دانشگاه تهران
1392,ریاضی,238,139,منطقه یک,مهندسی عمران,دانشگاه صنعتی شریف - تهران
1392,ریاضی,239,140,منطقه یک,مهندسی برق,دانشگاه تهران
1392,ریاضی,242,89,منطقه دو,مهندسی کامپیوتر,دانشگاه صنعتی شریف - تهران
1392,ریاضی,243,9,منطقه سه,مهندسی نفت,دانشگاه صنعتی شریف - تهران
1392,ریاضی,244,90,منطقه دو,مهندسی برق,دانشگاه صنعتی شریف - تهران
1392,ریاضی,247,91,منطقه دو,مهندسی برق,دانشگاه تهران
1392,ریاضی,247,144,منطقه یک,مهندسی مکانیک,دانشگاه صنعتی شریف - تهران
1392,ریاضی,249,145,منطقه یک,مهندسی کامپیوتر,دانشگاه صنعتی شریف - تهران
1392,ریاضی,250,92,منطقه دو,مهندسی مکانیک,دانشگاه صنعتی شریف - تهران
1392,ریاضی,251,93,منطقه دو,مهندسی مکانیک,دانشگاه صنعتی شریف - تهران
1392,ریاضی,253,94,منطقه دو,مهندسی مکانیک,دانشگاه صنعتی شریف - تهران
1392,ریاضی,255,147,منطقه یک,مهندسی مکانیک,دانشگاه تهران
1392,ریاضی,257,97,منطقه دو,مهندسی برق,دانشگاه صنعتی شریف - تهران
1392,ریاضی,258,98,منطقه دو,مهندسی کامپیوتر,دانشگاه صنعتی شریف - تهران
1392,ریاضی,259,10,منطقه سه,مهندسی برق,دانشگاه تهران
1392,ریاضی,260,99,منطقه دو,مهندسی کامپیوتر,دانشگاه صنعتی شریف - تهران
1392,ریاضی,260,148,منطقه یک,مهندسی عمران,دانشگاه صنعتی شریف - تهران
1392,ریاضی,262,100,منطقه دو,مهندسی کامپیوتر,دانشگاه صنعتی شریف - تهران
1392,ریاضی,266,152,منطقه یک,مهندسی برق,دانشگاه تهران
1392,ریاضی,267,153,منطقه یک,مهندسی مکانیک,دانشگاه صنعتی شریف - تهران
1392,ریاضی,268,101,منطقه دو,مهندسی برق,دانشگاه تهران
1392,ریاضی,270,102,منطقه دو,مهندسی عمران,دانشگاه صنعتی شریف - تهران
1392,ریاضی,275,103,منطقه دو,مهندسی برق,دانشگاه صنعتی شریف - تهران
1392,ریاضی,277,159,منطقه یک,مهندسی برق,دانشگاه تهران
1392,ریاضی,278,104,منطقه دو,مهندسی برق,دانشگاه تهران
1392,ریاضی,278,160,منطقه یک,مهندسی عمران,دانشگاه تهران
1392,ریاضی,284,163,منطقه یک,مهندسی کامپیوتر,دانشگاه صنعتی شریف - تهران
1392,ریاضی,288,11,منطقه سه,مهندسی برق,دانشگاه صنعتی شریف - تهران
1392,ریاضی,288,167,منطقه یک,مهندسی کامپیوتر,دانشگاه صنعتی شریف - تهران
1392,ریاضی,291,107,منطقه دو,مهندسی برق,دانشگاه صنعتی شریف - تهران
1392,ریاضی,292,108,منطقه دو,مهندسی عمران,دانشگاه صنعتی شریف - تهران
1392,ریاضی,295,111,منطقه دو,مهندسی برق,دانشگاه تهران
1392,ریاضی,298,171,منطقه یک,مهندسی برق,دانشگاه تهران
1392,ریاضی,300,12,منطقه سه,مهندسی نفت,دانشگاه صنعتی شریف - تهران
1392,ریاضی,302,113,منطقه دو,مهندسی برق,دانشگاه تهران
1392,ریاضی,303,173,منطقه یک,مهندسی صنایع,دانشگاه صنعتی شریف - تهران
1392,ریاضی,307,114,منطقه دو,مهندسی برق,دانشگاه تهران
1392,ریاضی,309,178,منطقه یک,مهندسی برق,دانشگاه تهران
1392,ریاضی,310,115,منطقه دو,مهندسی کامپیوتر,دانشگاه صنعتی شریف - تهران
1392,ریاضی,311,13,منطقه سه,مهندسی مکانیک,دانشگاه صنعتی شریف - تهران
1392,ریاضی,312,116,منطقه دو,مهندسی برق,دانشگاه صنعتی شریف - تهران
1392,ریاضی,313,179,منطقه یک,مهندسی شیمی,دانشگاه صنعتی شریف - تهران
1392,ریاضی,314,180,منطقه یک,مهندسی مکانیک,دانشگاه تهران
1392,ریاضی,318,183,منطقه یک,مهندسی برق,دانشگاه تهران
1392,ریاضی,319,118,منطقه دو,مهندسی مکانیک,دانشگاه صنعتی شریف - تهران
1392,ریاضی,321,185,منطقه یک,مهندسی عمران,دانشگاه صنعتی شریف - تهران
1392,ریاضی,322,119,منطقه دو,مهندسی مکانیک,دانشگاه صنعتی امیرکبیر - تهران
1392,ریاضی,324,187,منطقه یک,مهندسی برق,دانشگاه تهران
1392,ریاضی,325,188,منطقه یک,مهندسی عمران,دانشگاه صنعتی شریف - تهران
1392,ریاضی,330,192,منطقه یک,مهندسی کامپیوتر,دانشگاه تهران
1392,ریاضی,331,14,منطقه سه,مهندسی نفت,دانشگاه صنعتی شریف - تهران
1392,ریاضی,332,121,منطقه دو,مهندسی برق,دانشگاه تهران
1392,ریاضی,332,121,منطقه دو,مهندسی مکانیک,دانشگاه تهران
1392,ریاضی,334,123,منطقه دو,مهندسی برق,دانشگاه تهران
1392,ریاضی,335,124,منطقه دو,مهندسی کامپیوتر,دانشگاه صنعتی شریف - تهران
1392,ریاضی,336,125,منطقه دو,مهندسی برق,دانشگاه تهران
1392,ریاضی,336,125,منطقه دو,مهندسی مکانیک,دانشگاه تهران
1392,ریاضی,338,127,منطقه دو,مهندسی فناوری اطلاعات,دانشگاه صنعتی شریف - تهران
1392,ریاضی,340,128,منطقه دو,مهندسی برق,دانشگاه تهران
1392,ریاضی,340,194,منطقه یک,مهندسی برق,دانشگاه تهران
1392,ریاضی,343,196,منطقه یک,مهندسی شیمی,دانشگاه صنعتی شریف - تهران
1392,ریاضی,344,197,منطقه یک,مهندسی برق,دانشگاه تهران
1392,ریاضی,345,129,منطقه دو,مهندسی عمران,دانشگاه صنعتی شریف - تهران
1392,ریاضی,346,130,منطقه دو,مهندسی برق,دانشگاه تهران
1392,ریاضی,346,198,منطقه یک,مهندسی عمران,دانشگاه صنعتی شریف - تهران
1392,ریاضی,348,199,منطقه یک,مهندسی برق,دانشگاه تهران
1392,ریاضی,350,131,منطقه دو,مهندسی معماری,دانشگاه تهران
1392,ریاضی,352,15,منطقه سه,مهندسی عمران,دانشگاه صنعتی شریف - تهران
1392,ریاضی,353,201,منطقه یک,مهندسی برق,دانشگاه تهران
1392,ریاضی,356,204,منطقه یک,مهندسی مکانیک,دانشگاه تهران
1392,ریاضی,358,16,منطقه سه,مهندسی برق,دانشگاه صنعتی شریف - تهران
1392,ریاضی,359,133,منطقه دو,مهندسی مکانیک,دانشگاه تهران
1392,ریاضی,360,134,منطقه دو,مهندسی برق,دانشگاه تهران
1392,ریاضی,361,135,منطقه دو,مهندسی نفت,دانشگاه صنعتی شریف - تهران
1392,ریاضی,362,206,منطقه یک,مهندسی برق,دانشگاه تهران
1392,ریاضی,363,207,منطقه یک,مهندسی برق,دانشگاه تهران
1392,ریاضی,364,208,منطقه یک,مهندسی کامپیوتر,دانشگاه صنعتی شریف - تهران
1392,ریاضی,366,210,منطقه یک,مهندسی کامپیوتر,دانشگاه صنعتی شریف - تهران
1392,ریاضی,367,17,منطقه سه,مهندسی برق,دانشگاه تهران
1392,ریاضی,368,211,منطقه یک,مهندسی عمران,دانشگاه صنعتی شریف - تهران
1392,ریاضی,371,136,منطقه دو,مهندسی عمران,دانشگاه صنعتی شریف - تهران
1392,ریاضی,372,137,منطقه دو,مهندسی عمران,دانشگاه صنعتی شریف - تهران
1392,ریاضی,375,216,منطقه یک,مهندسی برق,دانشگاه تهران
1392,ریاضی,377,138,منطقه دو,مهندسی عمران,دانشگاه صنعتی شریف - تهران
1392,ریاضی,378,218,منطقه یک,مهندسی مکانیک,دانشگاه تهران
1392,ریاضی,379,219,منطقه یک,مهندسی مکانیک,دانشگاه تهران
1392,ریاضی,381,18,منطقه سه,مهندسی عمران,دانشگاه صنعتی شریف - تهران
1392,ریاضی,385,139,منطقه دو,مهندسی برق,دانشگاه تهران
1392,ریاضی,386,223,منطقه یک,مهندسی مکانیک,دانشگاه تبریز
1392,ریاضی,387,140,منطقه دو,مهندسی مکانیک,دانشگاه صنعتی شریف - تهران
1392,ریاضی,390,225,منطقه یک,مهندسی عمران,دانشگاه صنعتی شریف - تهران
1392,ریاضی,391,142,منطقه دو,مهندسی مکانیک,دانشگاه صنعتی شریف - تهران
1392,ریاضی,392,226,منطقه یک,مهندسی عمران,دانشگاه صنعتی شریف - تهران
1392,ریاضی,393,143,منطقه دو,مهندسی فناوری اطلاعات,دانشگاه صنعتی شریف - تهران
1392,ریاضی,394,227,منطقه یک,مهندسی برق,دانشگاه تهران
1392,ریاضی,395,144,منطقه دو,مهندسی مکانیک,دانشگاه صنعتی شریف - تهران
1392,ریاضی,395,228,منطقه یک,فیزیک,دانشگاه صنعتی شریف - تهران
1392,ریاضی,397,145,منطقه دو,مهندسی برق,دانشگاه تهران
1392,ریاضی,399,147,منطقه دو,مهندسی کامپیوتر,دانشگاه صنعتی شریف - تهران
1392,ریاضی,403,150,منطقه دو,مهندسی مکانیک,دانشگاه تهران
1392,ریاضی,404,151,منطقه دو,مهندسی برق,دانشگاه تهران
1392,ریاضی,407,152,منطقه دو,مهندسی کامپیوتر,دانشگاه تهران
1392,ریاضی,408,232,منطقه یک,مهندسی مکانیک,دانشگاه تهران
1392,ریاضی,409,233,منطقه یک,مهندسی مکانیک,دانشگاه شیراز
1392,ریاضی,411,235,منطقه یک,مهندسی مکانیک,دانشگاه تهران
1392,ریاضی,413,153,منطقه دو,مهندسی مکانیک,دانشگاه صنعتی شریف - تهران
1392,ریاضی,413,237,منطقه یک,مهندسی برق,دانشگاه تهران
1392,ریاضی,418,154,منطقه دو,مهندسی برق,دانشگاه تهران
1392,ریاضی,420,20,منطقه سه,مهندسی مکانیک,دانشگاه صنعتی شریف - تهران
1392,ریاضی,423,243,منطقه یک,مهندسی عمران,دانشگاه صنعتی شریف - تهران
1392,ریاضی,425,21,منطقه سه,مهندسی برق,دانشگاه تهران
1392,ریاضی,426,245,منطقه یک,مهندسی برق,دانشگاه تهران
1392,ریاضی,430,155,منطقه دو,مهندسی مکانیک,دانشگاه تهران
1392,ریاضی,430,249,منطقه یک,مهندسی برق,دانشگاه تهران
1392,ریاضی,432,156,منطقه دو,مهندسی مکانیک,دانشگاه تهران
1392,ریاضی,432,250,منطقه یک,مهندسی مکانیک,دانشگاه تهران
1392,ریاضی,434,251,منطقه یک,مهندسی برق,دانشگاه تهران
1392,ریاضی,436,157,منطقه دو,مهندسی برق,دانشگاه تهران
1392,ریاضی,437,158,منطقه دو,مهندسی کامپیوتر,دانشگاه صنعتی شریف - تهران
1392,ریاضی,439,254,منطقه یک,مهندسی عمران,دانشگاه صنعتی شریف - تهران
1392,ریاضی,440,159,منطقه دو,مهندسی کامپیوتر,دانشگاه صنعتی شریف - تهران
1392,ریاضی,440,255,منطقه یک,مهندسی عمران,دانشگاه صنعتی شریف - تهران
1392,ریاضی,440,255,منطقه یک,مهندسی معماری,دانشگاه تهران
1392,ریاضی,443,257,منطقه یک,مهندسی فناوری اطلاعات,دانشگاه صنعتی شریف - تهران
1392,ریاضی,444,258,منطقه یک,مهندسی برق,دانشگاه تهران
1392,ریاضی,445,160,منطقه دو,مهندسی برق,دانشگاه تهران
1392,ریاضی,449,162,منطقه دو,مهندسی برق,دانشگاه تهران
1392,ریاضی,450,261,منطقه یک,مهندسی مکانیک,دانشگاه تهران
1392,ریاضی,452,263,منطقه یک,مهندسی برق,دانشگاه تهران
1392,ریاضی,453,264,منطقه یک,مهندسی برق,دانشگاه تهران
1392,ریاضی,456,163,منطقه دو,مهندسی برق,دانشگاه تهران
1392,ریاضی,458,164,منطقه دو,مهندسی برق,دانشگاه تهران
1392,ریاضی,459,165,منطقه دو,مهندسی صنایع,دانشگاه صنعتی شریف - تهران
1392,ریاضی,460,268,منطقه یک,مهندسی عمران,دانشگاه صنعتی شریف - تهران
1392,ریاضی,461,269,منطقه یک,مهندسی مکانیک,دانشگاه صنعتی امیرکبیر - تهران
1392,ریاضی,466,272,منطقه یک,مهندسی عمران,دانشگاه صنعتی شریف - تهران
1392,ریاضی,467,168,منطقه دو,مهندسی برق,دانشگاه تهران
1392,ریاضی,467,168,منطقه دو,مهندسی عمران,دانشگاه صنعتی شریف - تهران
1392,ریاضی,469,22,منطقه سه,مهندسی عمران,دانشگاه صنعتی شریف - تهران
1392,ریاضی,471,273,منطقه یک,مهندسی شیمی,دانشگاه صنعتی شریف - تهران
1392,ریاضی,472,171,منطقه دو,مهندسی عمران,دانشگاه صنعتی شریف - تهران
1392,ریاضی,474,172,منطقه دو,مهندسی مکانیک,دانشگاه تهران
1392,ریاضی,475,275,منطقه یک,مهندسی برق,دانشگاه تهران
1392,ریاضی,476,276,منطقه یک,مهندسی کامپیوتر,دانشگاه صنعتی شریف - تهران
1392,ریاضی,477,173,منطقه دو,مهندسی مکانیک,دانشگاه تهران
1392,ریاضی,478,277,منطقه یک,دبیری فیزیک,پردیس نسیبه - تهران
1392,ریاضی,478,277,منطقه یک,مهندسی برق,دانشگاه تهران
1392,ریاضی,480,279,منطقه یک,مهندسی شیمی,دانشگاه صنعتی شریف - تهران
1392,ریاضی,481,280,منطقه یک,مهندسی عمران,دانشگاه صنعتی شریف - تهران
1392,ریاضی,483,174,منطقه دو,مهندسی عمران,دانشگاه صنعتی شریف - تهران
1392,ریاضی,483,174,منطقه دو,مهندسی مکانیک,دانشگاه تهران
1392,ریاضی,485,176,منطقه دو,مهندسی عمران,دانشگاه صنعتی شریف - تهران
1392,ریاضی,485,176,منطقه دو,مهندسی معماری,دانشگاه تهران
1392,ریاضی,485,282,منطقه یک,مهندسی برق,دانشگاه تهران
1392,ریاضی,485,282,منطقه یک,مهندسی فناوری اطلاعات,دانشگاه صنعتی شریف - تهران
1392,ریاضی,490,285,منطقه یک,مهندسی برق,دانشگاه تهران
1392,ریاضی,492,287,منطقه یک,مهندسی مکانیک,دانشگاه فردوسی - مشهد
1392,ریاضی,493,178,منطقه دو,مهندسی برق,دانشگاه تهران
1392,ریاضی,493,178,منطقه دو,مهندسی مکانیک,دانشگاه تهران
1392,ریاضی,498,181,منطقه دو,مهندسی مکانیک,دانشگاه تهران
1392,ریاضی,500,23,منطقه سه,مهندسی مکانیک,دانشگاه تهران
1392,ریاضی,500,182,منطقه دو,مهندسی برق,دانشگاه تهران
1392,ریاضی,502,183,منطقه دو,مهندسی صنایع,دانشگاه صنعتی شریف - تهران
1392,ریاضی,502,291,منطقه یک,مهندسی برق,دانشگاه تهران
1392,ریاضی,506,293,منطقه یک,مهندسی مکانیک,دانشگاه تهران
1392,ریاضی,509,24,منطقه سه,مهندسی برق,دانشگاه صنعتی امیرکبیر - تهران
1392,ریاضی,509,296,منطقه یک,مهندسی عمران,دانشگاه تهران
1392,ریاضی,511,297,منطقه یک,مهندسی برق,دانشگاه تهران
1392,ریاضی,513,299,منطقه یک,مهندسی مکانیک,دانشگاه تهران
1392,ریاضی,514,185,منطقه دو,مهندسی نفت,دانشگاه صنعتی شریف - تهران
1392,ریاضی,516,187,منطقه دو,مهندسی برق,دانشگاه صنعتی امیرکبیر - تهران
1392,ریاضی,518,300,منطقه یک,مهندسی برق,دانشگاه تهران
1392,ریاضی,518,300,منطقه یک,مهندسی برق,دانشگاه صنعتی اصفهان
1392,ریاضی,518,300,منطقه یک,مهندسی نفت,دانشگاه صنعتی شریف - تهران
1392,ریاضی,521,189,منطقه دو,مهندسی مکانیک,دانشگاه تهران
1392,ریاضی,521,303,منطقه یک,مهندسی کامپیوتر,دانشگاه تهران
1392,ریاضی,523,190,منطقه دو,مهندسی برق,دانشگاه صنعتی امیرکبیر - تهران
1392,ریاضی,523,304,منطقه یک,مهندسی مکانیک,دانشگاه تهران
1392,ریاضی,525,191,منطقه دو,مهندسی شیمی,دانشگاه صنعتی شریف - تهران
1392,ریاضی,525,305,منطقه یک,مهندسی هوافضا,دانشگاه صنعتی شریف - تهران
1392,ریاضی,527,25,منطقه سه,مهندسی برق,دانشگاه تهران
1392,ریاضی,527,192,منطقه دو,مهندسی برق,دانشگاه صنعتی امیرکبیر - تهران
1392,ریاضی,532,308,منطقه یک,مهندسی مکانیک,دانشگاه صنعتی امیرکبیر - تهران
1392,ریاضی,534,194,منطقه دو,مهندسی مکانیک,دانشگاه تهران
1392,ریاضی,535,195,منطقه دو,مهندسی فناوری اطلاعات,دانشگاه صنعتی شریف - تهران
1392,ریاضی,536,26,منطقه سه,مهندسی عمران,دانشگاه صنعتی شریف - تهران
1392,ریاضی,536,196,منطقه دو,مهندسی مکانیک,دانشگاه تهران
1392,ریاضی,536,309,منطقه یک,مهندسی کامپیوتر,دانشگاه تهران
1392,ریاضی,539,197,منطقه دو,مهندسی مکانیک,دانشگاه تهران
1392,ریاضی,539,197,منطقه دو,مهندسی کامپیوتر,دانشگاه صنعتی شریف - تهران
1392,ریاضی,539,310,منطقه یک,مهندسی نفت,دانشگاه صنعتی شریف - تهران
1392,ریاضی,545,314,منطقه یک,مهندسی فناوری اطلاعات,دانشگاه صنعتی شریف - تهران
1392,ریاضی,546,315,منطقه یک,مهندسی معماری,دانشگاه تهران
1392,ریاضی,548,317,منطقه یک,مهندسی مکانیک,دانشگاه تهران
1392,ریاضی,550,319,منطقه یک,مهندسی برق,دانشگاه صنعتی امیرکبیر - تهران
1392,ریاضی,551,320,منطقه یک,مهندسی شیمی,دانشگاه صنعتی شریف - تهران
1392,ریاضی,553,322,منطقه یک,مهندسی مکانیک,دانشگاه صنعتی اصفهان
1392,ریاضی,554,199,منطقه دو,مهندسی صنایع,دانشگاه صنعتی شریف - تهران
1392,ریاضی,554,199,منطقه دو,مهندسی عمران,دانشگاه صنعتی شریف - تهران
1392,ریاضی,554,323,منطقه یک,مهندسی مکانیک,دانشگاه تهران
1392,ریاضی,557,201,منطقه دو,مهندسی مکانیک,دانشگاه تهران
1392,ریاضی,557,324,منطقه یک,مهندسی مکانیک,دانشگاه شیراز
1392,ریاضی,559,202,منطقه دو,مهندسی مکانیک,دانشگاه صنعتی امیرکبیر - تهران
1392,ریاضی,560,203,منطقه دو,مهندسی مکانیک,دانشگاه تهران
1392,ریاضی,560,325,منطقه یک,مهندسی هوافضا,دانشگاه صنعتی شریف - تهران
1392,ریاضی,562,326,منطقه یک,مهندسی مکانیک,دانشگاه تهران
1392,ریاضی,564,328,منطقه یک,مهندسی عمران,دانشگاه تهران
1392,ریاضی,566,330,منطقه یک,مهندسی مکانیک,دانشگاه تهران
1392,ریاضی,566,330,منطقه یک,مهندسی کامپیوتر,دانشگاه تهران
1392,ریاضی,570,204,منطقه دو,مهندسی کامپیوتر,دانشگاه تهران
1392,ریاضی,571,205,منطقه دو,مهندسی مکانیک,دانشگاه تهران
1392,ریاضی,572,334,منطقه یک,مهندسی مکانیک,دانشگاه صنعتی اصفهان
1392,ریاضی,573,335,منطقه یک,مهندسی فناوری اطلاعات,دانشگاه صنعتی شریف - تهران
1392,ریاضی,574,206,منطقه دو,مهندسی صنایع,دانشگاه صنعتی شریف - تهران
1392,ریاضی,575,336,منطقه یک,مهندسی عمران,دانشگاه تهران
1392,ریاضی,576,337,منطقه یک,مهندسی فناوری اطلاعات,دانشگاه صنعتی امیرکبیر - تهران
1392,ریاضی,576,337,منطقه یک,مهندسی مکانیک,دانشگاه تهران
1392,ریاضی,578,339,منطقه یک,مهندسی برق,دانشگاه صنعتی امیرکبیر - تهران
1392,ریاضی,579,340,منطقه یک,مهندسی برق,دانشگاه صنعتی امیرکبیر - تهران
1392,ریاضی,581,27,منطقه سه,مهندسی مکانیک,دانشگاه تهران
1392,ریاضی,582,207,منطقه دو,مهندسی صنایع,دانشگاه صنعتی شریف - تهران
1392,ریاضی,582,207,منطقه دو,مهندسی مکانیک,دانشگاه شیراز
1392,ریاضی,585,28,منطقه سه,مهندسی صنایع,دانشگاه صنعتی شریف - تهران
1392,ریاضی,586,29,منطقه سه,مهندسی برق,دانشگاه صنعتی امیرکبیر - تهران
1392,ریاضی,587,343,منطقه یک,مهندسی مکانیک,دانشگاه تهران
1392,ریاضی,589,209,منطقه دو,مهندسی عمران,دانشگاه تهران
1392,ریاضی,592,346,منطقه یک,مهندسی صنایع,دانشگاه صنعتی شریف - تهران
1392,ریاضی,593,211,منطقه دو,مهندسی مکانیک,دانشگاه صنعتی امیرکبیر - تهران
1392,ریاضی,593,347,منطقه یک,مهندسی کامپیوتر,دانشگاه تهران
1392,ریاضی,595,212,منطقه دو,مهندسی صنایع,دانشگاه صنعتی شریف - تهران
1392,ریاضی,600,352,منطقه یک,مهندسی فناوری اطلاعات,دانشگاه صنعتی شریف - تهران
1392,ریاضی,601,213,منطقه دو,مهندسی شیمی,دانشگاه صنعتی شریف - تهران
1392,ریاضی,602,353,منطقه یک,مهندسی مکانیک,دانشگاه تهران
1392,ریاضی,603,30,منطقه سه,مهندسی برق,دانشگاه صنعتی امیرکبیر - تهران
1392,ریاضی,603,30,منطقه سه,مهندسی برق,دانشگاه صنعتی شریف - تهران
1392,ریاضی,605,214,منطقه دو,مهندسی برق,دانشگاه تهران
1392,ریاضی,605,354,منطقه یک,مهندسی برق,دانشگاه صنعتی اصفهان
1392,ریاضی,608,356,منطقه یک,مهندسی مکانیک,دانشگاه تهران
1392,ریاضی,609,215,منطقه دو,مهندسی عمران,دانشگاه صنعتی شریف - تهران
1392,ریاضی,611,216,منطقه دو,مهندسی مکانیک,دانشگاه تهران
1392,ریاضی,612,358,منطقه یک,مهندسی مکانیک,دانشگاه تهران
1392,ریاضی,614,217,منطقه دو,مهندسی مکانیک,دانشگاه تهران
1392,ریاضی,616,218,منطقه دو,مهندسی برق,دانشگاه صنعتی امیرکبیر - تهران
1392,ریاضی,617,219,منطقه دو,مهندسی معماری,دانشگاه تهران
1392,ریاضی,621,221,منطقه دو,مهندسی مکانیک,دانشگاه تهران
1392,ریاضی,621,363,منطقه یک,مهندسی فناوری اطلاعات,دانشگاه صنعتی شریف - تهران
1392,ریاضی,621,363,منطقه یک,مهندسی مکانیک,دانشگاه تهران
1392,ریاضی,627,222,منطقه دو,مهندسی مکانیک,دانشگاه صنعتی امیرکبیر - تهران
1392,ریاضی,629,368,منطقه یک,مهندسی مکانیک,دانشگاه تهران
1392,ریاضی,631,370,منطقه یک,مهندسی مکانیک,دانشگاه تهران
1392,ریاضی,631,370,منطقه یک,مهندسی کامپیوتر,دانشگاه تهران
1392,ریاضی,634,373,منطقه یک,مهندسی شیمی,دانشگاه صنعتی شریف - تهران
1392,ریاضی,637,224,منطقه دو,مهندسی صنایع,دانشگاه صنعتی شریف - تهران
1392,ریاضی,638,225,منطقه دو,مهندسی مکانیک,دانشگاه تهران
1392,ریاضی,641,378,منطقه یک,مهندسی شیمی,دانشگاه صنعتی شریف - تهران
1392,ریاضی,642,226,منطقه دو,مهندسی برق,دانشگاه تهران
1392,ریاضی,644,228,منطقه دو,مهندسی برق,دانشگاه صنعتی امیرکبیر - تهران
1392,ریاضی,647,230,منطقه دو,مهندسی مکانیک,دانشگاه تهران
1392,ریاضی,648,380,منطقه یک,مهندسی عمران,دانشگاه تهران
1392,ریاضی,651,383,منطقه یک,مهندسی برق,دانشگاه صنعتی امیرکبیر - تهران
1392,ریاضی,653,231,منطقه دو,مهندسی مکانیک,دانشگاه صنعتی امیرکبیر - تهران
1392,ریاضی,654,232,منطقه دو,مهندسی نفت,دانشگاه صنعتی شریف - تهران
1392,ریاضی,654,385,منطقه یک,مهندسی برق,دانشگاه صنعتی امیرکبیر - تهران
1392,ریاضی,657,233,منطقه دو,مهندسی برق,دانشگاه صنعتی امیرکبیر - تهران
1392,ریاضی,657,386,منطقه یک,مهندسی برق,دانشگاه صنعتی امیرکبیر - تهران
1392,ریاضی,659,387,منطقه یک,مهندسی مکانیک,دانشگاه صنعتی امیرکبیر - تهران
1392,ریاضی,660,234,منطقه دو,مهندسی مکانیک,دانشگاه تهران
1392,ریاضی,661,235,منطقه دو,مهندسی نفت,دانشگاه صنعتی شریف - تهران
1392,ریاضی,661,388,منطقه یک,مهندسی برق,دانشگاه صنعتی امیرکبیر - تهران
1392,ریاضی,663,389,منطقه یک,مهندسی عمران,دانشگاه تهران
1392,ریاضی,665,236,منطقه دو,مهندسی برق,دانشگاه صنعتی امیرکبیر - تهران
1392,ریاضی,665,391,منطقه یک,مهندسی مکانیک,دانشگاه صنعتی امیرکبیر - تهران
1392,ریاضی,669,237,منطقه دو,مهندسی مکانیک,دانشگاه تهران
1392,ریاضی,670,238,منطقه دو,مهندسی صنایع,دانشگاه صنعتی شریف - تهران
1392,ریاضی,674,239,منطقه دو,مهندسی برق,دانشگاه تهران
1392,ریاضی,675,397,منطقه یک,مهندسی معماری,دانشگاه تهران
1392,ریاضی,676,240,منطقه دو,مهندسی نفت,دانشگاه صنعتی شریف - تهران
1392,ریاضی,677,398,منطقه یک,مهندسی مکانیک,دانشگاه تهران
1392,ریاضی,679,400,منطقه یک,مهندسی مکانیک,دانشگاه صنعتی امیرکبیر - تهران
1392,ریاضی,680,32,منطقه سه,مهندسی عمران,دانشگاه تهران
1392,ریاضی,683,241,منطقه دو,مهندسی کامپیوتر,دانشگاه تهران
1392,ریاضی,684,242,منطقه دو,مهندسی عمران,دانشگاه صنعتی شریف - تهران
1392,ریاضی,686,244,منطقه دو,مهندسی برق,دانشگاه صنعتی امیرکبیر - تهران
1392,ریاضی,690,34,منطقه سه,مهندسی مکانیک,دانشگاه صنعتی شریف - تهران
1392,ریاضی,690,245,منطقه دو,مهندسی عمران,دانشگاه تهران
1392,ریاضی,692,405,منطقه یک,مهندسی فناوری اطلاعات,دانشگاه صنعتی شریف - تهران
1392,ریاضی,692,405,منطقه یک,مهندسی کامپیوتر,دانشگاه تهران
1392,ریاضی,694,35,منطقه سه,مهندسی مکانیک,دانشگاه صنعتی امیرکبیر - تهران
1392,ریاضی,695,246,منطقه دو,مهندسی شیمی,دانشگاه صنعتی شریف - تهران
1392,ریاضی,696,407,منطقه یک,مهندسی عمران,دانشگاه تهران
1392,ریاضی,698,409,منطقه یک,مهندسی برق,دانشگاه صنعتی امیرکبیر - تهران
1392,ریاضی,703,36,منطقه سه,مهندسی برق,دانشگاه صنعتی امیرکبیر - تهران
1392,ریاضی,705,414,منطقه یک,مهندسی عمران,دانشگاه تهران
1392,ریاضی,707,415,منطقه یک,مهندسی مکانیک,دانشگاه صنعتی امیرکبیر - تهران
1392,ریاضی,708,416,منطقه یک,مهندسی برق,دانشگاه صنعتی امیرکبیر - تهران
1392,ریاضی,709,249,منطقه دو,مهندسی مکانیک,دانشگاه تهران
1392,ریاضی,709,417,منطقه یک,مهندسی برق,دانشگاه صنعتی امیرکبیر - تهران
1392,ریاضی,713,420,منطقه یک,مهندسی برق,دانشگاه صنعتی امیرکبیر - تهران
1392,ریاضی,713,420,منطقه یک,مهندسی صنایع,دانشگاه صنعتی شریف - تهران
1392,ریاضی,715,422,منطقه یک,فیزیک,دانشگاه صنعتی شریف - تهران
1392,ریاضی,715,422,منطقه یک,مهندسی برق,دانشگاه صنعتی امیرکبیر - تهران
1392,ریاضی,715,422,منطقه یک,مهندسی مکانیک,دانشگاه صنعتی امیرکبیر - تهران
1392,ریاضی,720,37,منطقه سه,مهندسی مکانیک,دانشگاه صنعتی شریف - تهران
1392,ریاضی,721,250,منطقه دو,مهندسی صنایع,دانشگاه صنعتی شریف - تهران
1392,ریاضی,722,38,منطقه سه,مهندسی عمران,دانشگاه صنعتی شریف - تهران
1392,ریاضی,722,427,منطقه یک,مهندسی برق,دانشگاه صنعتی امیرکبیر - تهران
1392,ریاضی,722,427,منطقه یک,مهندسی عمران,دانشگاه تهران
1392,ریاضی,727,251,منطقه دو,مهندسی برق,دانشگاه صنعتی امیرکبیر - تهران
1392,ریاضی,729,432,منطقه یک,مهندسی عمران,دانشگاه تهران
1392,ریاضی,730,252,منطقه دو,مهندسی شیمی,دانشگاه صنعتی شریف - تهران
1392,ریاضی,731,253,منطقه دو,مهندسی مکانیک,دانشگاه تهران
1392,ریاضی,731,433,منطقه یک,مهندسی مکانیک,دانشگاه صنعتی اصفهان
1392,ریاضی,733,254,منطقه دو,مهندسی برق,دانشگاه صنعتی امیرکبیر - تهران
1392,ریاضی,733,434,منطقه یک,مهندسی برق,دانشگاه صنعتی امیرکبیر - تهران
1392,ریاضی,738,255,منطقه دو,مهندسی برق,دانشگاه صنعتی امیرکبیر - تهران
1392,ریاضی,738,438,منطقه یک,مهندسی مکانیک,دانشگاه صنعتی امیرکبیر - تهران
1392,ریاضی,740,256,منطقه دو,مهندسی عمران,دانشگاه تهران
1392,ریاضی,740,439,منطقه یک,مهندسی برق,دانشگاه صنعتی اصفهان
1392,ریاضی,743,257,منطقه دو,مهندسی برق,دانشگاه صنعتی امیرکبیر - تهران
1392,ریاضی,745,442,منطقه یک,مهندسی هوافضا,دانشگاه صنعتی شریف - تهران
1392,ریاضی,746,258,منطقه دو,مهندسی کامپیوتر,دانشگاه صنعتی امیرکبیر - تهران
1392,ریاضی,747,259,منطقه دو,مهندسی هوافضا,دانشگاه صنعتی شریف - تهران
1392,ریاضی,748,260,منطقه دو,مهندسی عمران,دانشگاه صنعتی شریف - تهران
1392,ریاضی,750,444,منطقه یک,مهندسی عمران,دانشگاه تهران
1392,ریاضی,752,446,منطقه یک,مهندسی فناوری اطلاعات,دانشگاه تهران
1392,ریاضی,753,39,منطقه سه,مهندسی صنایع,دانشگاه صنعتی شریف - تهران
1392,ریاضی,753,261,منطقه دو,مهندسی عمران,دانشگاه صنعتی شریف - تهران
1392,ریاضی,753,447,منطقه یک,مهندسی شیمی,دانشگاه صنعتی شریف - تهران
1392,ریاضی,758,450,منطقه یک,مهندسی عمران,دانشگاه تهران
1392,ریاضی,760,452,منطقه یک,مهندسی برق,دانشگاه صنعتی امیرکبیر - تهران
1392,ریاضی,761,453,منطقه یک,مهندسی عمران,دانشگاه تهران
1392,ریاضی,764,456,منطقه یک,مهندسی مکانیک,دانشگاه صنعتی اصفهان
1392,ریاضی,766,262,منطقه دو,مهندسی عمران,دانشگاه تهران
1392,ریاضی,768,40,منطقه سه,مهندسی نفت,دانشگاه صنعتی شریف - تهران
1392,ریاضی,768,40,منطقه سه,مهندسی کامپیوتر,دانشگاه صنعتی شریف - تهران
1392,ریاضی,770,263,منطقه دو,فیزیک,دانشگاه صنعتی شریف - تهران
1392,ریاضی,771,264,منطقه دو,مهندسی برق,دانشگاه صنعتی امیرکبیر - تهران
1392,ریاضی,773,459,منطقه یک,مهندسی مکانیک,دانشگاه صنعتی اصفهان
1392,ریاضی,774,265,منطقه دو,علوم اقتصادی,دانشگاه تهران
1392,ریاضی,774,460,منطقه یک,مهندسی مکانیک,دانشگاه فردوسی - مشهد
1392,ریاضی,776,461,منطقه یک,مهندسی عمران,دانشگاه تهران
1392,ریاضی,777,266,منطقه دو,مهندسی فناوری اطلاعات,دانشگاه صنعتی شریف - تهران
1392,ریاضی,780,464,منطقه یک,مهندسی عمران,دانشگاه تهران
1392,ریاضی,780,464,منطقه یک,مهندسی فناوری اطلاعات,دانشگاه تهران
1392,ریاضی,783,43,منطقه سه,مهندسی نفت,دانشگاه صنعتی شریف - تهران
1392,ریاضی,783,466,منطقه یک,مهندسی عمران,دانشگاه تهران
1392,ریاضی,786,468,منطقه یک,مهندسی برق,دانشگاه صنعتی امیرکبیر - تهران
1392,ریاضی,786,468,منطقه یک,مهندسی مکانیک,دانشگاه صنعتی امیرکبیر - تهران
1392,ریاضی,788,470,منطقه یک,مهندسی کامپیوتر,دانشگاه تهران
1392,ریاضی,792,268,منطقه دو,مهندسی عمران,دانشگاه تهران
1392,ریاضی,792,472,منطقه یک,مهندسی عمران,دانشگاه تهران
1392,ریاضی,795,270,منطقه دو,مهندسی مکانیک,دانشگاه صنعتی امیرکبیر - تهران
1392,ریاضی,795,473,منطقه یک,مهندسی صنایع,دانشگاه صنعتی شریف - تهران
1392,ریاضی,798,474,منطقه یک,مهندسی عمران,دانشگاه تهران
1392,ریاضی,800,476,منطقه یک,علوم کامپیوتر,دانشگاه صنعتی شریف - تهران
1392,ریاضی,800,476,منطقه یک,مهندسی مکانیک,دانشگاه شیراز
1392,ریاضی,802,272,منطقه دو,مهندسی عمران,دانشگاه تهران
1392,ریاضی,802,478,منطقه یک,مهندسی معماری,دانشگاه تهران
1392,ریاضی,804,273,منطقه دو,مهندسی برق,دانشگاه صنعتی امیرکبیر - تهران
1392,ریاضی,806,45,منطقه سه,مهندسی نفت,دانشگاه صنعتی شریف - تهران
1392,ریاضی,806,274,منطقه دو,مهندسی برق,دانشگاه تهران
1392,ریاضی,809,46,منطقه سه,مهندسی مکانیک,دانشگاه صنعتی امیرکبیر - تهران
1392,ریاضی,810,481,منطقه یک,مهندسی برق,دانشگاه صنعتی امیرکبیر - تهران
1392,ریاضی,811,275,منطقه دو,مهندسی نفت,دانشگاه صنعتی شریف - تهران
1392,ریاضی,812,276,منطقه دو,مهندسی عمران,دانشگاه تهران
1392,ریاضی,812,482,منطقه یک,مهندسی برق,دانشگاه فردوسی - مشهد
1392,ریاضی,814,483,منطقه یک,مهندسی مکانیک,دانشگاه صنعتی امیرکبیر - تهران
1392,ریاضی,816,277,منطقه دو,مهندسی صنایع,دانشگاه صنعتی شریف - تهران
1392,ریاضی,818,278,منطقه دو,مهندسی برق,دانشگاه صنعتی امیرکبیر - تهران
1392,ریاضی,822,279,منطقه دو,مهندسی مکانیک,دانشگاه صنعتی امیرکبیر - تهران
1392,ریاضی,822,489,منطقه یک,مهندسی عمران,دانشگاه تهران
1392,ریاضی,824,490,منطقه یک,مهندسی صنایع,دانشگاه صنعتی شریف - تهران
1392,ریاضی,826,280,منطقه دو,مهندسی کامپیوتر,دانشگاه تهران
1392,ریاضی,829,281,منطقه دو,مهندسی برق,دانشگاه صنعتی امیرکبیر - تهران
1392,ریاضی,829,281,منطقه دو,مهندسی مکانیک,دانشگاه تهران
1392,ریاضی,831,494,منطقه یک,مهندسی مکانیک,دانشگاه صنعتی اصفهان
1392,ریاضی,832,283,منطقه دو,مهندسی مکانیک,دانشگاه صنعتی امیرکبیر - تهران
1392,ریاضی,832,495,منطقه یک,علوم کامپیوتر,دانشگاه صنعتی شریف - تهران
1392,ریاضی,834,496,منطقه یک,مهندسی شیمی,دانشگاه صنعتی شریف - تهران
1392,ریاضی,836,47,منطقه سه,مهندسی مکانیک,دانشگاه صنعتی امیرکبیر - تهران
1392,ریاضی,836,284,منطقه دو,مهندسی عمران,دانشگاه تهران
1392,ریاضی,841,286,منطقه دو,مهندسی برق,دانشگاه صنعتی امیرکبیر - تهران
1392,ریاضی,841,500,منطقه یک,مهندسی برق,دانشگاه صنعتی امیرکبیر - تهران
1392,ریاضی,844,287,منطقه دو,مهندسی مکانیک,دانشگاه تهران
1392,ریاضی,846,288,منطقه دو,مهندسی صنایع,دانشگاه صنعتی شریف - تهران
1392,ریاضی,848,503,منطقه یک,مهندسی مکانیک,دانشگاه صنعتی امیرکبیر - تهران
1392,ریاضی,849,48,منطقه سه,مهندسی برق,دانشگاه صنعتی امیرکبیر - تهران
1392,ریاضی,849,290,منطقه دو,مهندسی برق,دانشگاه علم و صنعت ایران - تهران
1392,ریاضی,855,291,منطقه دو,مهندسی مکانیک,دانشگاه تهران
1392,ریاضی,855,507,منطقه یک,مهندسی برق,دانشگاه صنعتی امیرکبیر - تهران
1392,ریاضی,858,50,منطقه سه,مهندسی عمران,دانشگاه تهران
1392,ریاضی,859,292,منطقه دو,مهندسی نفت,دانشگاه صنعتی شریف - تهران
1392,ریاضی,859,509,منطقه یک,مهندسی عمران,دانشگاه تهران
1392,ریاضی,862,293,منطقه دو,مهندسی عمران,دانشگاه تهران
1392,ریاضی,864,294,منطقه دو,مهندسی عمران,دانشگاه تهران
1392,ریاضی,866,513,منطقه یک,مهندسی مکانیک,دانشگاه صنعتی امیرکبیر - تهران
1392,ریاضی,867,295,منطقه دو,مهندسی برق,دانشگاه تهران
1392,ریاضی,867,295,منطقه دو,مهندسی نفت,دانشگاه صنعتی شریف - تهران
1392,ریاضی,869,297,منطقه دو,مهندسی صنایع,دانشگاه صنعتی شریف - تهران
1392,ریاضی,870,514,منطقه یک,مهندسی شیمی,دانشگاه صنعتی شریف - تهران
1392,ریاضی,871,515,منطقه یک,مهندسی هوافضا,دانشگاه صنعتی شریف - تهران
1392,ریاضی,872,298,منطقه دو,مهندسی برق,دانشگاه تهران
1392,ریاضی,872,298,منطقه دو,مهندسی عمران,دانشگاه تهران
1392,ریاضی,875,300,منطقه دو,مهندسی شیمی,دانشگاه صنعتی شریف - تهران
1392,ریاضی,878,303,منطقه دو,مهندسی شیمی,دانشگاه صنعتی شریف - تهران
1392,ریاضی,878,303,منطقه دو,مهندسی عمران,دانشگاه تهران
1392,ریاضی,881,305,منطقه دو,مهندسی برق,دانشگاه صنعتی امیرکبیر - تهران
1392,ریاضی,883,519,منطقه یک,مهندسی معماری,دانشگاه تهران
1392,ریاضی,887,51,منطقه سه,مهندسی عمران,دانشگاه تهران
1392,ریاضی,887,306,منطقه دو,مهندسی برق,دانشگاه صنعتی امیرکبیر - تهران
1392,ریاضی,887,522,منطقه یک,مهندسی برق,دانشگاه صنعتی امیرکبیر - تهران
1392,ریاضی,891,52,منطقه سه,مهندسی برق,دانشگاه صنعتی امیرکبیر - تهران
1392,ریاضی,891,307,منطقه دو,مهندسی برق,دانشگاه صنعتی امیرکبیر - تهران
1392,ریاضی,894,53,منطقه سه,مهندسی نفت,دانشگاه صنعتی شریف - تهران
1392,ریاضی,895,308,منطقه دو,مهندسی مکانیک,دانشگاه صنعتی امیرکبیر - تهران
1392,ریاضی,896,309,منطقه دو,مهندسی برق,دانشگاه تهران
1392,ریاضی,902,310,منطقه دو,مهندسی مکانیک,دانشگاه صنعتی امیرکبیر - تهران
1392,ریاضی,902,310,منطقه دو,مهندسی کامپیوتر,دانشگاه صنعتی امیرکبیر - تهران
1392,ریاضی,902,530,منطقه یک,مهندسی هوافضا,دانشگاه صنعتی شریف - تهران
1392,ریاضی,905,312,منطقه دو,مهندسی برق,دانشگاه علم و صنعت ایران - تهران
1392,ریاضی,905,531,منطقه یک,مهندسی برق,دانشگاه صنعتی امیرکبیر - تهران
1392,ریاضی,910,313,منطقه دو,مهندسی نفت,دانشگاه صنعتی شریف - تهران
1392,ریاضی,910,535,منطقه یک,مهندسی مکانیک,دانشگاه تبریز
1392,ریاضی,913,314,منطقه دو,مهندسی مکانیک,دانشگاه صنعتی امیرکبیر - تهران
1392,ریاضی,914,537,منطقه یک,مهندسی مکانیک,دانشگاه صنعتی اصفهان
1392,ریاضی,916,54,منطقه سه,مهندسی مکانیک,دانشگاه صنعتی امیرکبیر - تهران
1392,ریاضی,916,315,منطقه دو,مهندسی عمران,دانشگاه صنعتی شریف - تهران
1392,ریاضی,918,539,منطقه یک,مهندسی شیمی,دانشگاه صنعتی شریف - تهران
1392,ریاضی,919,316,منطقه دو,مهندسی مکانیک,دانشگاه صنعتی امیرکبیر - تهران
1392,ریاضی,921,317,منطقه دو,مهندسی برق,دانشگاه تهران
1392,ریاضی,921,541,منطقه یک,مهندسی شیمی,دانشگاه صنعتی شریف - تهران
1392,ریاضی,926,318,منطقه دو,مهندسی مکانیک,دانشگاه صنعتی امیرکبیر - تهران
1392,ریاضی,926,545,منطقه یک,مهندسی صنایع,دانشگاه صنعتی شریف - تهران
1392,ریاضی,928,319,منطقه دو,مهندسی شیمی,دانشگاه تهران
1392,ریاضی,928,319,منطقه دو,مهندسی عمران,دانشگاه تهران
1392,ریاضی,931,547,منطقه یک,مهندسی مکانیک,دانشگاه صنعتی امیرکبیر - تهران
1392,ریاضی,932,321,منطقه دو,مهندسی صنایع,دانشگاه صنعتی شریف - تهران
1392,ریاضی,933,548,منطقه یک,مهندسی شیمی,دانشگاه صنعتی شریف - تهران
1392,ریاضی,935,323,منطقه دو,مهندسی شیمی,دانشگاه صنعتی شریف - تهران
1392,ریاضی,935,549,منطقه یک,مهندسی صنایع,دانشگاه صنعتی شریف - تهران
1392,ریاضی,937,324,منطقه دو,مهندسی مکانیک,دانشگاه صنعتی امیرکبیر - تهران
1392,ریاضی,937,550,منطقه یک,مهندسی عمران,دانشگاه تهران
1392,ریاضی,939,325,منطقه دو,مهندسی برق,دانشگاه تهران
1392,ریاضی,940,326,منطقه دو,مهندسی مکانیک,دانشگاه تهران
1392,ریاضی,940,551,منطقه یک,مهندسی مکانیک,دانشگاه صنعتی امیرکبیر - تهران
1392,ریاضی,942,327,منطقه دو,مهندسی پلیمر,دانشگاه صنعتی امیرکبیر - تهران
1392,ریاضی,942,552,منطقه یک,مهندسی مکانیک,دانشگاه صنعتی امیرکبیر - تهران
1392,ریاضی,944,328,منطقه دو,مهندسی برق,دانشگاه علم و صنعت ایران - تهران
1392,ریاضی,947,329,منطقه دو,مهندسی مکانیک,دانشگاه صنعتی امیرکبیر - تهران
1392,ریاضی,947,329,منطقه دو,مهندسی پزشکی,دانشگاه صنعتی امیرکبیر - تهران
1392,ریاضی,949,331,منطقه دو,مهندسی مکانیک,دانشگاه تهران
1392,ریاضی,950,332,منطقه دو,مهندسی عمران,دانشگاه صنعتی امیرکبیر - تهران
1392,ریاضی,950,555,منطقه یک,مهندسی عمران,دانشگاه تهران
1392,ریاضی,950,555,منطقه یک,مهندسی عمران,دانشگاه صنعتی امیرکبیر - تهران
1392,ریاضی,953,333,منطقه دو,مهندسی صنایع,دانشگاه صنعتی شریف - تهران
1392,ریاضی,953,557,منطقه یک,مهندسی برق,دانشگاه صنعتی امیرکبیر - تهران
1392,ریاضی,955,334,منطقه دو,مهندسی مکانیک,دانشگاه علم و صنعت ایران - تهران
1392,ریاضی,956,335,منطقه دو,مهندسی عمران,دانشگاه تهران
1392,ریاضی,956,335,منطقه دو,مهندسی مکانیک,دانشگاه صنعتی امیرکبیر - تهران
1392,ریاضی,958,337,منطقه دو,مهندسی فناوری اطلاعات,دانشگاه صنعتی شریف - تهران
1392,ریاضی,960,338,منطقه دو,مهندسی نفت,دانشگاه صنعتی شریف - تهران
1392,ریاضی,962,55,منطقه سه,مهندسی برق,دانشگاه علم و صنعت ایران - تهران
1392,ریاضی,962,560,منطقه یک,مهندسی هوافضا,دانشگاه صنعتی شریف - تهران
1392,ریاضی,964,56,منطقه سه,مهندسی برق,دانشگاه صنعتی خواجه نصیرالدین طوسی - تهران
1392,ریاضی,964,561,منطقه یک,مهندسی شیمی,دانشگاه صنعتی شریف - تهران
1392,ریاضی,967,563,منطقه یک,مهندسی عمران,دانشگاه صنعتی امیرکبیر - تهران
1392,ریاضی,968,339,منطقه دو,مهندسی برق,دانشگاه علم و صنعت ایران - تهران
1392,ریاضی,970,340,منطقه دو,مهندسی مکانیک,دانشگاه تهران
1392,ریاضی,972,565,منطقه یک,مهندسی صنایع,دانشگاه صنعتی شریف - تهران
1392,ریاضی,973,566,منطقه یک,مهندسی عمران,دانشگاه صنعتی امیرکبیر - تهران
1392,ریاضی,974,342,منطقه دو,مهندسی برق,دانشگاه صنعتی امیرکبیر - تهران
1392,ریاضی,974,342,منطقه دو,مهندسی کامپیوتر,دانشگاه تهران
1392,ریاضی,976,567,منطقه یک,مهندسی شیمی,دانشگاه صنعتی شریف - تهران
1392,ریاضی,976,567,منطقه یک,مهندسی هوافضا,دانشگاه صنعتی شریف - تهران
1392,ریاضی,979,345,منطقه دو,مهندسی نفت,دانشگاه صنعتی شریف - تهران
1392,ریاضی,980,57,منطقه سه,مهندسی نفت,دانشگاه صنعت نفت
1392,ریاضی,980,346,منطقه دو,مهندسی نفت,دانشگاه صنعتی شریف - تهران
1392,ریاضی,980,569,منطقه یک,مهندسی مکانیک,دانشگاه صنعتی امیرکبیر - تهران
1392,ریاضی,985,347,منطقه دو,مهندسی نفت,دانشگاه صنعتی شریف - تهران
1392,ریاضی,985,572,منطقه یک,مهندسی مواد,دانشگاه فردوسی - مشهد
1392,ریاضی,987,348,منطقه دو,مهندسی برق,دانشگاه صنعتی امیرکبیر - تهران
1392,ریاضی,987,348,منطقه دو,مهندسی شیمی,دانشگاه صنعتی شریف - تهران
1392,ریاضی,987,573,منطقه یک,مهندسی کامپیوتر,دانشگاه تهران
1392,ریاضی,993,351,منطقه دو,مهندسی صنایع,دانشگاه صنعتی شریف - تهران
1392,ریاضی,996,353,منطقه دو,مهندسی عمران,دانشگاه تهران
1392,ریاضی,996,576,منطقه یک,مهندسی برق,دانشگاه صنعتی امیرکبیر - تهران
1392,ریاضی,998,354,منطقه دو,شیمی,دانشگاه صنعتی شریف - تهران
1392,ریاضی,998,577,منطقه یک,مهندسی شیمی,دانشگاه صنعتی شریف - تهران
1392,ریاضی,1001,355,منطقه دو,مهندسی معماری,دانشگاه تهران
1392,ریاضی,1003,580,منطقه یک,مهندسی صنایع,دانشگاه صنعتی شریف - تهران
1392,ریاضی,1004,581,منطقه یک,مهندسی مکانیک,دانشگاه صنعتی امیرکبیر - تهران
1392,ریاضی,1006,356,منطقه دو,مهندسی شیمی,دانشگاه صنعتی شریف - تهران
1392,ریاضی,1006,583,منطقه یک,مهندسی معماری,دانشگاه تهران
1392,ریاضی,1009,585,منطقه یک,مهندسی فناوری اطلاعات,دانشگاه تهران
1392,ریاضی,1010,357,منطقه دو,مهندسی شیمی,دانشگاه صنعتی شریف - تهران
1392,ریاضی,1010,357,منطقه دو,مهندسی عمران,دانشگاه صنعتی امیرکبیر - تهران
1392,ریاضی,1012,586,منطقه یک,مهندسی مکانیک,دانشگاه علم و صنعت ایران - تهران
1392,ریاضی,1014,360,منطقه دو,مهندسی عمران,دانشگاه صنعتی امیرکبیر - تهران
1392,ریاضی,1014,360,منطقه دو,مهندسی مکانیک,دانشگاه تهران
1392,ریاضی,1016,362,منطقه دو,مهندسی شیمی,دانشگاه صنعتی شریف - تهران
1392,ریاضی,1019,588,منطقه یک,مهندسی فناوری اطلاعات,دانشگاه تهران
1392,ریاضی,1020,589,منطقه یک,مهندسی برق,دانشگاه صنعتی اصفهان
1392,ریاضی,1020,589,منطقه یک,مهندسی کامپیوتر,دانشگاه تهران
1392,ریاضی,1024,364,منطقه دو,مهندسی نفت,دانشگاه صنعت نفت
1392,ریاضی,1024,593,منطقه یک,مهندسی عمران,دانشگاه صنعتی امیرکبیر - تهران
1392,ریاضی,1028,59,منطقه سه,دبیری فیزیک,پردیس نسیبه - تهران
1392,ریاضی,1028,367,منطقه دو,مهندسی نفت,دانشگاه صنعتی شریف - تهران
1392,ریاضی,1028,594,منطقه یک,مهندسی عمران,دانشگاه صنعتی امیرکبیر - تهران
1392,ریاضی,1031,368,منطقه دو,مهندسی کامپیوتر,دانشگاه صنعتی امیرکبیر - تهران
1392,ریاضی,1033,369,منطقه دو,مهندسی صنایع,دانشگاه صنعتی شریف - تهران
1392,ریاضی,1034,370,منطقه دو,مهندسی شیمی,دانشگاه صنعتی شریف - تهران
1392,ریاضی,1034,596,منطقه یک,مهندسی نفت,دانشگاه صنعتی شریف - تهران
1392,ریاضی,1036,597,منطقه یک,مهندسی عمران,دانشگاه صنعتی امیرکبیر - تهران
1392,ریاضی,1036,597,منطقه یک,مهندسی مکانیک,دانشگاه صنعتی امیرکبیر - تهران
1392,ریاضی,1040,371,منطقه دو,مهندسی مکانیک,دانشگاه صنعتی امیرکبیر - تهران
1392,ریاضی,1040,601,منطقه یک,مهندسی نفت,دانشگاه صنعتی شریف - تهران
1392,ریاضی,1042,602,منطقه یک,علوم کامپیوتر,دانشگاه صنعتی شریف - تهران
1392,ریاضی,1045,605,منطقه یک,مهندسی مکانیک,دانشگاه علم و صنعت ایران - تهران
1392,ریاضی,1046,606,منطقه یک,مهندسی کامپیوتر,دانشگاه صنعتی امیرکبیر - تهران
1392,ریاضی,1048,60,منطقه سه,مهندسی نفت,دانشگاه صنعت نفت
1392,ریاضی,1049,608,منطقه یک,مهندسی شیمی,دانشگاه صنعتی شریف - تهران
1392,ریاضی,1049,608,منطقه یک,مهندسی عمران,دانشگاه صنعتی امیرکبیر - تهران
1392,ریاضی,1052,372,منطقه دو,مهندسی فناوری اطلاعات,دانشگاه صنعتی شریف - تهران
1392,ریاضی,1052,611,منطقه یک,مهندسی برق,دانشگاه علم و صنعت ایران - تهران
1392,ریاضی,1055,374,منطقه دو,مهندسی عمران,دانشگاه فردوسی - مشهد
1392,ریاضی,1055,612,منطقه یک,مهندسی برق,دانشگاه صنعتی اصفهان
1392,ریاضی,1055,612,منطقه یک,مهندسی مکانیک,دانشگاه صنعتی امیرکبیر - تهران
1392,ریاضی,1058,614,منطقه یک,مهندسی عمران,دانشگاه صنعتی امیرکبیر - تهران
1392,ریاضی,1060,375,منطقه دو,مهندسی شیمی,دانشگاه صنعتی شریف - تهران
1392,ریاضی,1060,616,منطقه یک,مهندسی مکانیک,دانشگاه علم و صنعت ایران - تهران
1392,ریاضی,1064,618,منطقه یک,مهندسی صنایع,دانشگاه صنعتی شریف - تهران
1392,ریاضی,1065,377,منطقه دو,مهندسی برق,دانشگاه علم و صنعت ایران - تهران
1392,ریاضی,1067,620,منطقه یک,مهندسی عمران,دانشگاه صنعتی امیرکبیر - تهران
1392,ریاضی,1068,621,منطقه یک,مهندسی هوافضا,دانشگاه صنعتی شریف - تهران
1392,ریاضی,1070,623,منطقه یک,مهندسی فناوری اطلاعات,دانشگاه تهران
1392,ریاضی,1071,61,منطقه سه,مهندسی نفت,دانشگاه صنعتی شریف - تهران
1392,ریاضی,1073,378,منطقه دو,مهندسی عمران,دانشگاه صنعتی شریف - تهران
1392,ریاضی,1075,379,منطقه دو,مهندسی عمران,دانشگاه صنعتی امیرکبیر - تهران
1392,ریاضی,1076,62,منطقه سه,مهندسی عمران,دانشگاه تهران
1392,ریاضی,1076,380,منطقه دو,مهندسی عمران,دانشگاه صنعتی امیرکبیر - تهران
1392,ریاضی,1076,380,منطقه دو,مهندسی مکانیک,دانشگاه صنعتی امیرکبیر - تهران
1392,ریاضی,1076,626,منطقه یک,مهندسی مکانیک,دانشگاه صنعتی امیرکبیر - تهران
1392,ریاضی,1080,627,منطقه یک,مهندسی مکانیک,دانشگاه شیراز
1392,ریاضی,1082,63,منطقه سه,مهندسی عمران,دانشگاه صنعتی شریف - تهران
1392,ریاضی,1082,382,منطقه دو,مهندسی نفت,دانشگاه صنعتی شریف - تهران
1392,ریاضی,1086,383,منطقه دو,مهندسی نفت,دانشگاه صنعتی شریف - تهران
1392,ریاضی,1087,384,منطقه دو,مهندسی عمران,دانشگاه تهران
1392,ریاضی,1088,630,منطقه یک,مهندسی عمران,دانشگاه صنعتی امیرکبیر - تهران
1392,ریاضی,1090,385,منطقه دو,فیزیک,دانشگاه صنعتی شریف - تهران
1392,ریاضی,1092,632,منطقه یک,فیزیک,دانشگاه صنعتی شریف - تهران
1392,ریاضی,1094,65,منطقه سه,مهندسی نفت,دانشگاه صنعت نفت
1392,ریاضی,1094,388,منطقه دو,مهندسی عمران,دانشگاه صنعتی امیرکبیر - تهران
1392,ریاضی,1096,389,منطقه دو,مهندسی مکانیک,دانشگاه صنعتی امیرکبیر - تهران
1392,ریاضی,1097,390,منطقه دو,مهندسی عمران,دانشگاه علم و صنعت ایران - تهران
1392,ریاضی,1099,391,منطقه دو,مهندسی فناوری اطلاعات,دانشگاه صنعتی شریف - تهران
1392,ریاضی,1099,634,منطقه یک,مهندسی صنایع,دانشگاه صنعتی شریف - تهران
1392,ریاضی,1099,634,منطقه یک,مهندسی عمران,دانشگاه صنعتی امیرکبیر - تهران
1392,ریاضی,1099,634,منطقه یک,مهندسی معماری,دانشگاه شهید بهشتی - تهران
1392,ریاضی,1099,634,منطقه یک,مهندسی کامپیوتر,دانشگاه صنعتی امیرکبیر - تهران
1392,ریاضی,1108,392,منطقه دو,مهندسی مکانیک,دانشگاه صنعتی اصفهان
1392,ریاضی,1108,392,منطقه دو,مهندسی مکانیک,دانشگاه صنعتی امیرکبیر - تهران
1392,ریاضی,1108,392,منطقه دو,مهندسی هوافضا,دانشگاه صنعتی شریف - تهران
1392,ریاضی,1108,641,منطقه یک,مهندسی برق,دانشگاه علم و صنعت ایران - تهران
1392,ریاضی,1108,641,منطقه یک,مهندسی مکانیک,دانشگاه شیراز
1392,ریاضی,1108,641,منطقه یک,مهندسی نفت,دانشگاه تهران
1392,ریاضی,1116,646,منطقه یک,مهندسی مکانیک,دانشگاه صنعتی امیرکبیر - تهران
1392,ریاضی,1121,395,منطقه دو,مهندسی عمران,دانشگاه تهران
1392,ریاضی,1122,396,منطقه دو,مهندسی شیمی,دانشگاه صنعتی شریف - تهران
1392,ریاضی,1122,396,منطقه دو,مهندسی مکانیک,دانشگاه علم و صنعت ایران - تهران
1392,ریاضی,1124,398,منطقه دو,مهندسی مکانیک,دانشگاه علم و صنعت ایران - تهران
1392,ریاضی,1127,400,منطقه دو,مهندسی برق,دانشگاه علم و صنعت ایران - تهران
1392,ریاضی,1127,400,منطقه دو,مهندسی کامپیوتر,دانشگاه تهران
1392,ریاضی,1129,402,منطقه دو,مهندسی فناوری اطلاعات,دانشگاه تهران
1392,ریاضی,1129,402,منطقه دو,مهندسی مکانیک,دانشگاه صنعتی امیرکبیر - تهران
1392,ریاضی,1129,652,منطقه یک,مهندسی صنایع,دانشگاه صنعتی شریف - تهران
1392,ریاضی,1133,404,منطقه دو,مهندسی برق,دانشگاه علم و صنعت ایران - تهران
1392,ریاضی,1133,654,منطقه یک,مهندسی عمران,دانشگاه صنعتی امیرکبیر - تهران
1392,ریاضی,1138,405,منطقه دو,مهندسی معماری,دانشگاه تهران
1392,ریاضی,1139,658,منطقه یک,مهندسی فناوری اطلاعات,دانشگاه تهران
1392,ریاضی,1141,659,منطقه یک,مهندسی عمران,دانشگاه صنعتی اصفهان
1392,ریاضی,1142,407,منطقه دو,مهندسی عمران,دانشگاه تهران
1392,ریاضی,1142,407,منطقه دو,مهندسی مکانیک,دانشگاه علم و صنعت ایران - تهران
1392,ریاضی,1144,409,منطقه دو,مهندسی فناوری اطلاعات,دانشگاه تهران
1392,ریاضی,1144,660,منطقه یک,مهندسی برق,دانشگاه صنعتی اصفهان
1392,ریاضی,1146,661,منطقه یک,مهندسی معماری,دانشگاه تهران
1392,ریاضی,1147,410,منطقه دو,مهندسی معماری,دانشگاه تهران
1392,ریاضی,1147,662,منطقه یک,مهندسی شیمی,دانشگاه صنعتی شریف - تهران
1392,ریاضی,1147,662,منطقه یک,مهندسی هوافضا,دانشگاه صنعتی شریف - تهران
1392,ریاضی,1151,411,منطقه دو,مهندسی کامپیوتر,دانشگاه صنعتی امیرکبیر - تهران
1392,ریاضی,1152,412,منطقه دو,مهندسی صنایع,دانشگاه صنعتی شریف - تهران
1392,ریاضی,1152,412,منطقه دو,مهندسی مکانیک,دانشگاه علم و صنعت ایران - تهران
1392,ریاضی,1152,665,منطقه یک,مهندسی هوافضا,دانشگاه صنعتی شریف - تهران
1392,ریاضی,1155,666,منطقه یک,مهندسی مکانیک,دانشگاه صنعتی اصفهان
1392,ریاضی,1156,414,منطقه دو,مهندسی شیمی,دانشگاه صنعتی شریف - تهران
1392,ریاضی,1156,667,منطقه یک,مهندسی نفت,دانشگاه تهران
1392,ریاضی,1159,669,منطقه یک,مهندسی عمران,دانشگاه صنعتی امیرکبیر - تهران
1392,ریاضی,1160,415,منطقه دو,مهندسی مکانیک,دانشگاه علم و صنعت ایران - تهران
1392,ریاضی,1160,670,منطقه یک,مهندسی عمران,دانشگاه صنعتی امیرکبیر - تهران
1392,ریاضی,1162,416,منطقه دو,مهندسی عمران,دانشگاه صنعتی امیرکبیر - تهران
1392,ریاضی,1162,416,منطقه دو,مهندسی فناوری اطلاعات,دانشگاه تهران
1392,ریاضی,1165,418,منطقه دو,مهندسی شیمی,دانشگاه صنعتی شریف - تهران
1392,ریاضی,1165,418,منطقه دو,مهندسی عمران,دانشگاه تهران
1392,ریاضی,1167,672,منطقه یک,مهندسی شیمی,دانشگاه صنعتی شریف - تهران
1392,ریاضی,1169,420,منطقه دو,مهندسی برق,دانشگاه صنعتی امیرکبیر - تهران
1392,ریاضی,1173,422,منطقه دو,مهندسی عمران,دانشگاه صنعتی امیرکبیر - تهران
1392,ریاضی,1173,676,منطقه یک,مهندسی مکانیک,دانشگاه صنعتی امیرکبیر - تهران
1392,ریاضی,1176,677,منطقه یک,مهندسی شیمی,دانشگاه صنعتی شریف - تهران
1392,ریاضی,1176,677,منطقه یک,مهندسی عمران,دانشگاه صنعتی امیرکبیر - تهران
1392,ریاضی,1181,66,منطقه سه,مهندسی عمران,دانشگاه صنعتی امیرکبیر - تهران
1392,ریاضی,1181,425,منطقه دو,مهندسی عمران,دانشگاه صنعتی امیرکبیر - تهران
1392,ریاضی,1183,681,منطقه یک,مهندسی عمران,دانشگاه صنعتی امیرکبیر - تهران
1392,ریاضی,1185,426,منطقه دو,مهندسی صنایع,دانشگاه صنعتی شریف - تهران
1392,ریاضی,1185,426,منطقه دو,مهندسی نفت,دانشگاه تهران
1392,ریاضی,1188,684,منطقه یک,مهندسی مکانیک,دانشگاه علم و صنعت ایران - تهران
1392,ریاضی,1189,428,منطقه دو,مهندسی هوافضا,دانشگاه صنعتی شریف - تهران
1392,ریاضی,1189,685,منطقه یک,مهندسی برق,دانشگاه علم و صنعت ایران - تهران
1392,ریاضی,1189,685,منطقه یک,مهندسی فناوری اطلاعات,دانشگاه تهران
1392,ریاضی,1193,429,منطقه دو,مهندسی عمران,دانشگاه صنعتی امیرکبیر - تهران
1392,ریاضی,1193,688,منطقه یک,مهندسی صنایع,دانشگاه صنعتی شریف - تهران
1392,ریاضی,1196,690,منطقه یک,مهندسی شیمی,دانشگاه صنعتی شریف - تهران
1392,ریاضی,1196,690,منطقه یک,مهندسی عمران,دانشگاه صنعتی امیرکبیر - تهران
1392,ریاضی,1200,431,منطقه دو,مهندسی شیمی,دانشگاه صنعتی شریف - تهران
1392,ریاضی,1200,693,منطقه یک,مهندسی هوافضا,دانشگاه صنعتی شریف - تهران
1392,ریاضی,1202,432,منطقه دو,مهندسی مکانیک,دانشگاه صنعتی امیرکبیر - تهران
1392,ریاضی,1204,433,منطقه دو,مهندسی برق,دانشگاه علم و صنعت ایران - تهران
1392,ریاضی,1208,434,منطقه دو,مهندسی فناوری اطلاعات,دانشگاه تهران
1392,ریاضی,1208,434,منطقه دو,مهندسی مکانیک,دانشگاه صنعتی امیرکبیر - تهران
1392,ریاضی,1210,67,منطقه سه,مهندسی شیمی,دانشگاه صنعتی شریف - تهران
1392,ریاضی,1212,436,منطقه دو,مهندسی عمران,دانشگاه تهران
1392,ریاضی,1212,698,منطقه یک,فیزیک,دانشگاه صنعتی شریف - تهران
1392,ریاضی,1212,698,منطقه یک,مهندسی هوافضا,دانشگاه صنعتی شریف - تهران
1392,ریاضی,1215,437,منطقه دو,مهندسی مکانیک,دانشگاه صنعتی امیرکبیر - تهران
1392,ریاضی,1215,700,منطقه یک,مهندسی مکانیک,دانشگاه شیراز
1392,ریاضی,1218,438,منطقه دو,مهندسی شیمی,دانشگاه صنعتی شریف - تهران
1392,ریاضی,1220,702,منطقه یک,مهندسی مکانیک,دانشگاه علم و صنعت ایران - تهران
1392,ریاضی,1221,440,منطقه دو,مهندسی مکانیک,دانشگاه صنعتی امیرکبیر - تهران
1392,ریاضی,1222,703,منطقه یک,مهندسی شیمی,دانشگاه صنعتی شریف - تهران
1392,ریاضی,1225,441,منطقه دو,مهندسی معماری,دانشگاه تهران
1392,ریاضی,1226,706,منطقه یک,فیزیک,دانشگاه صنعتی شریف - تهران
1392,ریاضی,1228,68,منطقه سه,مهندسی مکانیک,دانشگاه علم و صنعت ایران - تهران
1392,ریاضی,1231,709,منطقه یک,مهندسی فناوری اطلاعات,دانشگاه تهران
1392,ریاضی,1231,709,منطقه یک,مهندسی معماری,دانشگاه هنر اصفهان
1392,ریاضی,1233,711,منطقه یک,مهندسی برق,دانشگاه فردوسی - مشهد
1392,ریاضی,1233,711,منطقه یک,مهندسی مکانیک,دانشگاه صنعتی امیرکبیر - تهران
1392,ریاضی,1235,69,منطقه سه,مهندسی نفت,دانشگاه تهران
1392,ریاضی,1235,713,منطقه یک,مهندسی شیمی,دانشگاه صنعتی شریف - تهران
1392,ریاضی,1238,443,منطقه دو,مهندسی هوافضا,دانشگاه صنعتی شریف - تهران
1392,ریاضی,1242,718,منطقه یک,مهندسی فناوری اطلاعات,دانشگاه تهران
1392,ریاضی,1246,721,منطقه یک,مهندسی برق,دانشگاه علم و صنعت ایران - تهران
1392,ریاضی,1246,721,منطقه یک,مهندسی عمران,دانشگاه صنعتی امیرکبیر - تهران
1392,ریاضی,1246,721,منطقه یک,مهندسی عمران,دانشگاه علم و صنعت ایران - تهران
1392,ریاضی,1250,445,منطقه دو,مهندسی عمران,دانشگاه تهران
1392,ریاضی,1251,725,منطقه یک,مهندسی برق,دانشگاه علم و صنعت ایران - تهران
1392,ریاضی,1251,725,منطقه یک,مهندسی شیمی,دانشگاه صنعتی شریف - تهران
1392,ریاضی,1253,446,منطقه دو,مهندسی عمران,دانشگاه صنعتی امیرکبیر - تهران
1392,ریاضی,1253,446,منطقه دو,مهندسی مکانیک,دانشگاه صنعتی امیرکبیر - تهران
1392,ریاضی,1253,727,منطقه یک,مهندسی مکانیک,دانشگاه علم و صنعت ایران - تهران
1392,ریاضی,1256,70,منطقه سه,مهندسی شیمی,دانشگاه صنعتی شریف - تهران
1392,ریاضی,1258,729,منطقه یک,مهندسی برق,دانشگاه صنعتی اصفهان
1392,ریاضی,1259,448,منطقه دو,مهندسی هوافضا,دانشگاه صنعتی شریف - تهران
1392,ریاضی,1259,448,منطقه دو,مهندسی کامپیوتر,دانشگاه صنعتی امیرکبیر - تهران
1392,ریاضی,1261,71,منطقه سه,مهندسی عمران,دانشگاه صنعتی امیرکبیر - تهران
1392,ریاضی,1261,450,منطقه دو,مهندسی هوافضا,دانشگاه صنعتی شریف - تهران
1392,ریاضی,1261,450,منطقه دو,مهندسی کامپیوتر,دانشگاه تهران
1392,ریاضی,1264,452,منطقه دو,مهندسی شیمی,دانشگاه صنعتی شریف - تهران
1392,ریاضی,1265,730,منطقه یک,مهندسی شیمی,دانشگاه صنعتی شریف - تهران
1392,ریاضی,1266,731,منطقه یک,مهندسی مکانیک,دانشگاه شیراز
1392,ریاضی,1268,72,منطقه سه,مهندسی برق,دانشگاه علم و صنعت ایران - تهران
1392,ریاضی,1268,732,منطقه یک,مهندسی عمران,دانشگاه صنعتی امیرکبیر - تهران
1392,ریاضی,1272,456,منطقه دو,مهندسی صنایع,دانشگاه تهران
1392,ریاضی,1272,733,منطقه یک,مهندسی مکانیک,دانشگاه شیراز
1392,ریاضی,1274,73,منطقه سه,مهندسی برق,دانشگاه علم و صنعت ایران - تهران
1392,ریاضی,1274,457,منطقه دو,مهندسی عمران,دانشگاه تهران
1392,ریاضی,1274,457,منطقه دو,مهندسی مکانیک,دانشگاه صنعتی امیرکبیر - تهران
1392,ریاضی,1278,459,منطقه دو,مهندسی کامپیوتر,دانشگاه تهران
1392,ریاضی,1283,462,منطقه دو,مهندسی شیمی,دانشگاه صنعتی شریف - تهران
1392,ریاضی,1290,464,منطقه دو,مهندسی شیمی,دانشگاه صنعتی شریف - تهران
1392,ریاضی,1291,740,منطقه یک,مهندسی برق,دانشگاه صنعتی اصفهان
1392,ریاضی,1295,465,منطقه دو,مهندسی هوافضا,دانشگاه صنعتی شریف - تهران
1392,ریاضی,1295,744,منطقه یک,مهندسی عمران,دانشگاه صنعتی امیرکبیر - تهران
1392,ریاضی,1298,466,منطقه دو,مهندسی برق,دانشگاه صنعتی امیرکبیر - تهران
1392,ریاضی,1299,75,منطقه سه,مهندسی صنایع,دانشگاه صنعتی شریف - تهران
1392,ریاضی,1300,467,منطقه دو,مهندسی پزشکی,دانشگاه صنعتی امیرکبیر - تهران
1392,ریاضی,1300,746,منطقه یک,مهندسی فناوری اطلاعات,دانشگاه تهران
1392,ریاضی,1303,468,منطقه دو,مهندسی عمران,دانشگاه تهران
1392,ریاضی,1304,469,منطقه دو,مهندسی معماری,دانشگاه تهران
1392,ریاضی,1304,748,منطقه یک,مهندسی معماری,دانشگاه فردوسی - مشهد
1392,ریاضی,1306,470,منطقه دو,مهندسی پزشکی,دانشگاه صنعتی امیرکبیر - تهران
1392,ریاضی,1308,749,منطقه یک,مهندسی صنایع,دانشگاه تهران
1392,ریاضی,1310,472,منطقه دو,مهندسی معماری,دانشگاه شهید بهشتی - تهران
1392,ریاضی,1310,751,منطقه یک,مهندسی معماری,دانشگاه فردوسی - مشهد
1392,ریاضی,1312,752,منطقه یک,مهندسی عمران,دانشگاه صنعتی امیرکبیر - تهران
1392,ریاضی,1313,753,منطقه یک,مهندسی مکانیک,دانشگاه صنعتی اصفهان
1392,ریاضی,1314,473,منطقه دو,مهندسی مکانیک,دانشگاه علم و صنعت ایران - تهران
1392,ریاضی,1314,754,منطقه یک,مهندسی مکانیک,دانشگاه صنعتی امیرکبیر - تهران
1392,ریاضی,1317,755,منطقه یک,مهندسی هوافضا,دانشگاه صنعتی شریف - تهران
1392,ریاضی,1319,476,منطقه دو,مهندسی شیمی,دانشگاه صنعتی شریف - تهران
1392,ریاضی,1321,477,منطقه دو,مهندسی نفت,دانشگاه صنعت نفت
1392,ریاضی,1324,758,منطقه یک,مهندسی پلیمر,دانشگاه صنعتی امیرکبیر - تهران
1392,ریاضی,1327,760,منطقه یک,مهندسی برق,دانشگاه شیراز
1392,ریاضی,1327,760,منطقه یک,مهندسی برق,دانشگاه علم و صنعت ایران - تهران
1392,ریاضی,1329,762,منطقه یک,مهندسی شیمی,دانشگاه صنعتی شریف - تهران
1392,ریاضی,1330,479,منطقه دو,مهندسی نفت,دانشگاه صنعت نفت
1392,ریاضی,1330,763,منطقه یک,مهندسی معماری,دانشگاه شهید بهشتی - تهران
1392,ریاضی,1335,481,منطقه دو,مهندسی مکانیک,دانشگاه صنعتی اصفهان
1392,ریاضی,1335,481,منطقه دو,مهندسی کامپیوتر,دانشگاه تهران
1392,ریاضی,1339,767,منطقه یک,مهندسی برق,دانشگاه صنعتی اصفهان
1392,ریاضی,1341,483,منطقه دو,مهندسی شیمی,دانشگاه صنعتی شریف - تهران
1392,ریاضی,1343,770,منطقه یک,مهندسی فناوری اطلاعات,دانشگاه صنعتی امیرکبیر - تهران
1392,ریاضی,1345,484,منطقه دو,مهندسی عمران,دانشگاه صنعتی امیرکبیر - تهران
1392,ریاضی,1346,485,منطقه دو,مهندسی هوافضا,دانشگاه صنعتی شریف - تهران
1392,ریاضی,1347,486,منطقه دو,مهندسی شیمی,دانشگاه صنعتی شریف - تهران
1392,ریاضی,1347,772,منطقه یک,مهندسی صنایع,دانشگاه تهران
1392,ریاضی,1352,489,منطقه دو,مهندسی برق,دانشگاه علم و صنعت ایران - تهران
1392,ریاضی,1352,774,منطقه یک,مهندسی برق,دانشگاه علم و صنعت ایران - تهران
1392,ریاضی,1355,78,منطقه سه,مهندسی برق,دانشگاه علم و صنعت ایران - تهران
1392,ریاضی,1356,490,منطقه دو,مهندسی پزشکی,دانشگاه صنعتی امیرکبیر - تهران
1392,ریاضی,1356,776,منطقه یک,مهندسی مکانیک,دانشگاه علم و صنعت ایران - تهران
1392,ریاضی,1360,79,منطقه سه,مهندسی عمران,دانشگاه تهران
1392,ریاضی,1360,779,منطقه یک,مهندسی شیمی,دانشگاه صنعتی شریف - تهران
1392,ریاضی,1360,779,منطقه یک,مهندسی پزشکی,دانشگاه صنعتی امیرکبیر - تهران
1392,ریاضی,1365,782,منطقه یک,مهندسی معماری,دانشگاه شهید بهشتی - تهران
1392,ریاضی,1366,492,منطقه دو,مهندسی شیمی,دانشگاه صنعتی شریف - تهران
1392,ریاضی,1366,492,منطقه دو,مهندسی مکانیک,دانشگاه علم و صنعت ایران - تهران
1392,ریاضی,1366,492,منطقه دو,مهندسی هوافضا,دانشگاه صنعتی شریف - تهران
1392,ریاضی,1370,80,منطقه سه,مهندسی برق,دانشگاه علم و صنعت ایران - تهران
1392,ریاضی,1370,784,منطقه یک,مهندسی شیمی,دانشگاه تهران
1392,ریاضی,1374,495,منطقه دو,مهندسی شیمی,دانشگاه صنعتی شریف - تهران
1392,ریاضی,1374,495,منطقه دو,مهندسی مکانیک,دانشگاه صنعتی امیرکبیر - تهران
1392,ریاضی,1374,495,منطقه دو,مهندسی کامپیوتر,دانشگاه صنعتی امیرکبیر - تهران
1392,ریاضی,1377,787,منطقه یک,مهندسی معماری,دانشگاه شهید بهشتی - تهران
1392,ریاضی,1379,498,منطقه دو,مهندسی مکانیک,دانشگاه علم و صنعت ایران - تهران
1392,ریاضی,1381,500,منطقه دو,مهندسی هوافضا,دانشگاه صنعتی شریف - تهران
1392,ریاضی,1381,789,منطقه یک,مهندسی مکانیک,دانشگاه علم و صنعت ایران - تهران
1392,ریاضی,1383,81,منطقه سه,مهندسی مکانیک,دانشگاه علم و صنعت ایران - تهران
1392,ریاضی,1384,790,منطقه یک,مهندسی فناوری اطلاعات,دانشگاه تهران
1392,ریاضی,1386,792,منطقه یک,مهندسی مکانیک,دانشگاه علم و صنعت ایران - تهران
1392,ریاضی,1387,501,منطقه دو,مهندسی برق,دانشگاه علم و صنعت ایران - تهران
1392,ریاضی,1387,793,منطقه یک,مهندسی برق,دانشگاه صنعتی اصفهان
1392,ریاضی,1387,793,منطقه یک,مهندسی شیمی,دانشگاه صنعتی شریف - تهران
1392,ریاضی,1391,502,منطقه دو,مهندسی برق,دانشگاه علم و صنعت ایران - تهران
1392,ریاضی,1391,502,منطقه دو,مهندسی هوافضا,دانشگاه صنعتی شریف - تهران
1392,ریاضی,1391,795,منطقه یک,مهندسی هوافضا,دانشگاه صنعتی شریف - تهران
1392,ریاضی,1395,83,منطقه سه,مهندسی معماری,دانشگاه تهران
1392,ریاضی,1395,796,منطقه یک,مهندسی برق,دانشگاه تبریز
1392,ریاضی,1397,505,منطقه دو,مهندسی برق,دانشگاه علم و صنعت ایران - تهران
1392,ریاضی,1397,797,منطقه یک,مهندسی عمران,دانشگاه فردوسی - مشهد
1392,ریاضی,1400,506,منطقه دو,مهندسی صنایع,دانشگاه تهران
1392,ریاضی,1400,506,منطقه دو,مهندسی مکانیک,دانشگاه علم و صنعت ایران - تهران
1392,ریاضی,1400,799,منطقه یک,مهندسی صنایع,دانشگاه تهران
1392,ریاضی,1406,508,منطقه دو,فیزیک,دانشگاه صنعتی شریف - تهران
1392,ریاضی,1406,508,منطقه دو,مهندسی شیمی,دانشگاه صنعتی شریف - تهران
1392,ریاضی,1406,508,منطقه دو,مهندسی نفت,دانشگاه تهران
1392,ریاضی,1406,803,منطقه یک,مهندسی کامپیوتر,دانشگاه صنعتی امیرکبیر - تهران
1392,ریاضی,1410,511,منطقه دو,مهندسی برق,دانشگاه صنعتی امیرکبیر - تهران
1392,ریاضی,1410,511,منطقه دو,مهندسی صنایع,دانشگاه تهران
1392,ریاضی,1410,804,منطقه یک,مهندسی کامپیوتر,دانشگاه صنعتی امیرکبیر - تهران
1392,ریاضی,1417,809,منطقه یک,مهندسی مکانیک,دانشگاه شیراز
1392,ریاضی,1418,513,منطقه دو,مهندسی شیمی,دانشگاه صنعتی شریف - تهران
1392,ریاضی,1420,84,منطقه سه,مهندسی فناوری اطلاعات,دانشگاه صنعتی امیرکبیر - تهران
1392,ریاضی,1422,811,منطقه یک,مهندسی مکانیک,دانشگاه فردوسی - مشهد
1392,ریاضی,1423,514,منطقه دو,مهندسی نفت,دانشگاه تهران
1392,ریاضی,1423,812,منطقه یک,مهندسی عمران,دانشگاه فردوسی - مشهد
1392,ریاضی,1426,515,منطقه دو,مهندسی برق,دانشگاه علم و صنعت ایران - تهران
1392,ریاضی,1428,516,منطقه دو,مهندسی نفت,دانشگاه تهران
1392,ریاضی,1430,85,منطقه سه,مهندسی مکانیک,دانشگاه صنعتی خواجه نصیرالدین طوسی - تهران
1392,ریاضی,1430,517,منطقه دو,مهندسی برق,دانشگاه علم و صنعت ایران - تهران
1392,ریاضی,1433,518,منطقه دو,مهندسی هوافضا,دانشگاه صنعتی شریف - تهران
1392,ریاضی,1435,519,منطقه دو,مهندسی برق,دانشگاه علم و صنعت ایران - تهران
1392,ریاضی,1435,519,منطقه دو,مهندسی مکانیک,دانشگاه صنعتی امیرکبیر - تهران
1392,ریاضی,1439,818,منطقه یک,مهندسی عمران,دانشگاه علم و صنعت ایران - تهران
1392,ریاضی,1440,523,منطقه دو,مهندسی شیمی,دانشگاه تهران
1392,ریاضی,1441,86,منطقه سه,مهندسی شیمی,دانشگاه صنعتی شریف - تهران
1392,ریاضی,1441,819,منطقه یک,مهندسی مکانیک,دانشگاه فردوسی - مشهد
1392,ریاضی,1445,524,منطقه دو,مهندسی برق,دانشگاه علم و صنعت ایران - تهران
1392,ریاضی,1448,525,منطقه دو,مهندسی شیمی,دانشگاه صنعتی شریف - تهران
1392,ریاضی,1448,824,منطقه یک,مهندسی معماری,دانشگاه شهید بهشتی - تهران
1392,ریاضی,1448,824,منطقه یک,مهندسی مکانیک,دانشگاه صنعتی امیرکبیر - تهران
1392,ریاضی,1451,87,منطقه سه,مهندسی برق,دانشگاه تهران
1392,ریاضی,1451,526,منطقه دو,مهندسی عمران,دانشگاه صنعتی امیرکبیر - تهران
1392,ریاضی,1453,826,منطقه یک,مهندسی مکانیک,دانشگاه علم و صنعت ایران - تهران
1392,ریاضی,1455,528,منطقه دو,مهندسی صنایع,دانشگاه صنعتی شریف - تهران
1392,ریاضی,1455,827,منطقه یک,مهندسی شیمی,دانشگاه صنعتی شریف - تهران
1392,ریاضی,1460,88,منطقه سه,مهندسی شیمی,دانشگاه صنعتی شریف - تهران
1392,ریاضی,1461,830,منطقه یک,مهندسی مکانیک,دانشگاه صنعتی اصفهان
1392,ریاضی,1462,529,منطقه دو,مهندسی شیمی,دانشگاه صنعتی شریف - تهران
1392,ریاضی,1462,529,منطقه دو,مهندسی مکانیک,دانشگاه صنعتی امیرکبیر - تهران
1392,ریاضی,1462,831,منطقه یک,مهندسی مکانیک,دانشگاه صنعتی امیرکبیر - تهران
1392,ریاضی,1465,531,منطقه دو,مهندسی برق,دانشگاه علم و صنعت ایران - تهران
1392,ریاضی,1465,531,منطقه دو,مهندسی نفت,دانشگاه صنعت نفت
1392,ریاضی,1467,832,منطقه یک,مهندسی برق,دانشگاه علم و صنعت ایران - تهران
1392,ریاضی,1467,832,منطقه یک,مهندسی مکانیک,دانشگاه علم و صنعت ایران - تهران
1392,ریاضی,1470,533,منطقه دو,مهندسی برق,دانشگاه صنعتی امیرکبیر - تهران
1392,ریاضی,1472,89,منطقه سه,مهندسی برق,دانشگاه علم و صنعت ایران - تهران
1392,ریاضی,1472,534,منطقه دو,مهندسی صنایع,دانشگاه صنعتی شریف - تهران
1392,ریاضی,1474,836,منطقه یک,مهندسی مکانیک,دانشگاه علم و صنعت ایران - تهران
1392,ریاضی,1476,90,منطقه سه,مهندسی صنایع,دانشگاه صنعتی شریف - تهران
1392,ریاضی,1476,535,منطقه دو,مهندسی برق,دانشگاه صنعتی امیرکبیر - تهران
1392,ریاضی,1478,536,منطقه دو,مهندسی نفت,دانشگاه تهران
1392,ریاضی,1478,838,منطقه یک,مهندسی مکانیک,دانشگاه علم و صنعت ایران - تهران
1392,ریاضی,1478,838,منطقه یک,مهندسی نفت,دانشگاه تهران
1392,ریاضی,1482,840,منطقه یک,مهندسی برق,دانشگاه علم و صنعت ایران - تهران
1392,ریاضی,1482,840,منطقه یک,مهندسی نفت,دانشگاه تهران
1392,ریاضی,1484,842,منطقه یک,مهندسی برق,دانشگاه علم و صنعت ایران - تهران
1392,ریاضی,1484,842,منطقه یک,مهندسی عمران,دانشگاه علم و صنعت ایران - تهران
1392,ریاضی,1484,842,منطقه یک,مهندسی پزشکی,دانشگاه صنعتی امیرکبیر - تهران
1392,ریاضی,1484,842,منطقه یک,مهندسی کامپیوتر,دانشگاه صنعتی امیرکبیر - تهران
1392,ریاضی,1488,538,منطقه دو,مهندسی شیمی,دانشگاه تهران
1392,ریاضی,1490,539,منطقه دو,مهندسی فناوری اطلاعات,دانشگاه تهران
1392,ریاضی,1490,847,منطقه یک,مهندسی شیمی,دانشگاه تهران
1392,ریاضی,1490,847,منطقه یک,مهندسی عمران,دانشگاه تبریز
1392,ریاضی,1493,540,منطقه دو,مهندسی کامپیوتر,دانشگاه صنعتی امیرکبیر - تهران
1392,ریاضی,1494,541,منطقه دو,مهندسی هوافضا,دانشگاه صنعتی شریف - تهران
1392,ریاضی,1494,849,منطقه یک,مهندسی برق,دانشگاه صنعتی اصفهان
1392,ریاضی,1496,542,منطقه دو,مهندسی برق,دانشگاه صنعتی خواجه نصیرالدین طوسی - تهران
1392,ریاضی,1496,542,منطقه دو,مهندسی معماری,دانشگاه تهران
1392,ریاضی,1496,850,منطقه یک,فیزیک,دانشگاه فردوسی - مشهد
1392,ریاضی,1499,851,منطقه یک,مهندسی برق,دانشگاه فردوسی - مشهد
1392,ریاضی,1500,544,منطقه دو,مهندسی برق,دانشگاه صنعتی امیرکبیر - تهران
1392,ریاضی,1500,852,منطقه یک,مهندسی کامپیوتر,دانشگاه صنعتی امیرکبیر - تهران
1392,ریاضی,1503,854,منطقه یک,مهندسی پزشکی,دانشگاه صنعتی امیرکبیر - تهران
1392,ریاضی,1505,91,منطقه سه,مهندسی کامپیوتر,دانشگاه صنعتی شریف - تهران
1392,ریاضی,1508,545,منطقه دو,مهندسی شیمی,دانشگاه تهران
1392,ریاضی,1508,857,منطقه یک,مهندسی کامپیوتر,دانشگاه صنعتی امیرکبیر - تهران
1392,ریاضی,1510,546,منطقه دو,مهندسی مکانیک,دانشگاه علم و صنعت ایران - تهران
1392,ریاضی,1516,861,منطقه یک,مهندسی شیمی,دانشگاه تهران
1392,ریاضی,1516,861,منطقه یک,مهندسی مکانیک,دانشگاه شیراز
1392,ریاضی,1516,861,منطقه یک,مهندسی کامپیوتر,دانشگاه صنعتی امیرکبیر - تهران
1392,ریاضی,1520,549,منطقه دو,مهندسی پزشکی,دانشگاه صنعتی امیرکبیر - تهران
1392,ریاضی,1521,865,منطقه یک,مهندسی عمران,دانشگاه فردوسی - مشهد
1392,ریاضی,1523,550,منطقه دو,مهندسی مکانیک,دانشگاه علم و صنعت ایران - تهران
1392,ریاضی,1524,867,منطقه یک,علوم اقتصادی,دانشگاه تهران
1392,ریاضی,1524,867,منطقه یک,مهندسی کامپیوتر,دانشگاه صنعتی امیرکبیر - تهران
1392,ریاضی,1527,551,منطقه دو,مهندسی برق,دانشگاه علم و صنعت ایران - تهران
1392,ریاضی,1527,551,منطقه دو,مهندسی شیمی,دانشگاه تهران
1392,ریاضی,1530,870,منطقه یک,مهندسی عمران,دانشگاه علم و صنعت ایران - تهران
1392,ریاضی,1530,870,منطقه یک,مهندسی مکانیک,دانشگاه علم و صنعت ایران - تهران
1392,ریاضی,1533,872,منطقه یک,مهندسی کامپیوتر,دانشگاه صنعتی امیرکبیر - تهران
1392,ریاضی,1535,554,منطقه دو,مهندسی مکانیک,دانشگاه علم و صنعت ایران - تهران
1392,ریاضی,1537,555,منطقه دو,مهندسی مکانیک,دانشگاه علم و صنعت ایران - تهران
1392,ریاضی,1540,558,منطقه دو,مهندسی شیمی,دانشگاه تهران
1392,ریاضی,1540,558,منطقه دو,مهندسی مکانیک,دانشگاه علم و صنعت ایران - تهران
1392,ریاضی,1540,875,منطقه یک,مهندسی کامپیوتر,دانشگاه صنعتی امیرکبیر - تهران
1392,ریاضی,1544,92,منطقه سه,مهندسی مکانیک,دانشگاه صنعتی امیرکبیر - تهران
1392,ریاضی,1546,93,منطقه سه,مهندسی عمران,دانشگاه تهران
1392,ریاضی,1546,561,منطقه دو,مهندسی صنایع,دانشگاه تهران
1392,ریاضی,1555,563,منطقه دو,مهندسی عمران,دانشگاه صنعتی امیرکبیر - تهران
1392,ریاضی,1557,564,منطقه دو,مهندسی شیمی,دانشگاه تهران
1392,ریاضی,1557,882,منطقه یک,مهندسی هوافضا,دانشگاه صنعتی شریف - تهران
1392,ریاضی,1563,95,منطقه سه,مهندسی شیمی,دانشگاه صنعتی شریف - تهران
1392,ریاضی,1563,566,منطقه دو,مهندسی برق,دانشگاه صنعتی امیرکبیر - تهران
1392,ریاضی,1563,886,منطقه یک,مهندسی مکانیک,دانشگاه صنعتی اصفهان
1392,ریاضی,1567,567,منطقه دو,مهندسی عمران,دانشگاه علم و صنعت ایران - تهران
1392,ریاضی,1568,568,منطقه دو,مهندسی برق,دانشگاه صنعتی امیرکبیر - تهران
1392,ریاضی,1568,568,منطقه دو,مهندسی نفت,دانشگاه تهران
1392,ریاضی,1568,888,منطقه یک,مهندسی عمران,دانشگاه علم و صنعت ایران - تهران
1392,ریاضی,1568,888,منطقه یک,مهندسی مواد,دانشگاه صنعتی شریف - تهران
1392,ریاضی,1573,570,منطقه دو,مهندسی مکانیک,دانشگاه علم و صنعت ایران - تهران
1392,ریاضی,1574,96,منطقه سه,مهندسی برق,دانشگاه علم و صنعت ایران - تهران
1392,ریاضی,1574,891,منطقه یک,مهندسی مکانیک,دانشگاه علم و صنعت ایران - تهران
1392,ریاضی,1577,571,منطقه دو,مهندسی مکانیک,دانشگاه علم و صنعت ایران - تهران
1392,ریاضی,1577,893,منطقه یک,مهندسی فناوری اطلاعات,دانشگاه صنعتی امیرکبیر - تهران
1392,ریاضی,1579,894,منطقه یک,مهندسی معماری,دانشگاه شهید بهشتی - تهران
1392,ریاضی,1582,573,منطقه دو,مهندسی مواد,دانشگاه صنعتی شریف - تهران
1392,ریاضی,1584,574,منطقه دو,مهندسی هوافضا,دانشگاه صنعتی شریف - تهران
1392,ریاضی,1584,897,منطقه یک,مهندسی عمران,دانشگاه علم و صنعت ایران - تهران
1392,ریاضی,1586,97,منطقه سه,مهندسی برق,دانشگاه علم و صنعت ایران - تهران
1392,ریاضی,1586,898,منطقه یک,مهندسی فناوری اطلاعات,دانشگاه صنعتی امیرکبیر - تهران
1392,ریاضی,1588,575,منطقه دو,مهندسی مکانیک,دانشگاه علم و صنعت ایران - تهران
1392,ریاضی,1589,899,منطقه یک,مهندسی هوافضا,دانشگاه صنعتی شریف - تهران
1392,ریاضی,1590,900,منطقه یک,مهندسی برق,دانشگاه فردوسی - مشهد
1392,ریاضی,1591,901,منطقه یک,مهندسی مکانیک,دانشگاه علم و صنعت ایران - تهران
1392,ریاضی,1592,576,منطقه دو,مهندسی نفت,دانشگاه تهران
1392,ریاضی,1594,98,منطقه سه,مهندسی برق,دانشگاه علم و صنعت ایران - تهران
1392,ریاضی,1594,98,منطقه سه,مهندسی مکانیک,دانشگاه صنعتی امیرکبیر - تهران
1392,ریاضی,1597,577,منطقه دو,مهندسی پزشکی,دانشگاه صنعتی امیرکبیر - تهران
1392,ریاضی,1597,904,منطقه یک,مهندسی برق,دانشگاه صنعتی اصفهان
1392,ریاضی,1600,579,منطقه دو,مهندسی برق,دانشگاه علم و صنعت ایران - تهران
1392,ریاضی,1601,580,منطقه دو,مهندسی شیمی,دانشگاه تهران
1392,ریاضی,1601,580,منطقه دو,مهندسی هوافضا,دانشگاه صنعتی شریف - تهران
1392,ریاضی,1603,582,منطقه دو,مهندسی هوافضا,دانشگاه صنعتی شریف - تهران
1392,ریاضی,1603,905,منطقه یک,مهندسی مکانیک,دانشگاه صنعتی اصفهان
1392,ریاضی,1605,100,منطقه سه,مهندسی کامپیوتر,دانشگاه صنعتی شریف - تهران
1392,ریاضی,1605,583,منطقه دو,مهندسی صنایع,دانشگاه صنعتی شریف - تهران
1392,ریاضی,1605,583,منطقه دو,مهندسی نفت,دانشگاه صنعت نفت
1392,ریاضی,1608,585,منطقه دو,مهندسی کامپیوتر,دانشگاه صنعتی امیرکبیر - تهران
1392,ریاضی,1609,586,منطقه دو,مهندسی صنایع,دانشگاه تهران
1392,ریاضی,1611,907,منطقه یک,مهندسی مکانیک,دانشگاه علم و صنعت ایران - تهران
1392,ریاضی,1613,101,منطقه سه,مهندسی مکانیک,دانشگاه صنعتی خواجه نصیرالدین طوسی - تهران
1392,ریاضی,1613,587,منطقه دو,مهندسی عمران,دانشگاه علم و صنعت ایران - تهران
1392,ریاضی,1617,911,منطقه یک,مهندسی مکانیک,دانشگاه علم و صنعت ایران - تهران
1392,ریاضی,1619,102,منطقه سه,مهندسی عمران,دانشگاه تهران
1392,ریاضی,1622,589,منطقه دو,مهندسی برق,دانشگاه علم و صنعت ایران - تهران
1392,ریاضی,1622,589,منطقه دو,مهندسی معماری,دانشگاه شهید بهشتی - تهران
1392,ریاضی,1625,915,منطقه یک,مهندسی کامپیوتر,دانشگاه صنعتی امیرکبیر - تهران
1392,ریاضی,1631,103,منطقه سه,مهندسی مکانیک,دانشگاه صنعتی امیرکبیر - تهران
1392,ریاضی,1631,103,منطقه سه,مهندسی هوافضا,دانشگاه صنعتی شریف - تهران
1392,ریاضی,1634,105,منطقه سه,مهندسی عمران,دانشگاه علم و صنعت ایران - تهران
1392,ریاضی,1634,920,منطقه یک,مهندسی شیمی,دانشگاه تهران
1392,ریاضی,1638,594,منطقه دو,مهندسی عمران,دانشگاه علم و صنعت ایران - تهران
1392,ریاضی,1641,595,منطقه دو,مهندسی برق,دانشگاه علم و صنعت ایران - تهران
1392,ریاضی,1641,923,منطقه یک,مهندسی برق,دانشگاه علم و صنعت ایران - تهران
1392,ریاضی,1641,923,منطقه یک,مهندسی فناوری اطلاعات,دانشگاه صنعتی امیرکبیر - تهران
1392,ریاضی,1641,923,منطقه یک,مهندسی هوافضا,دانشگاه صنعتی شریف - تهران
1392,ریاضی,1646,596,منطقه دو,مهندسی مکانیک,دانشگاه علم و صنعت ایران - تهران
1392,ریاضی,1648,597,منطقه دو,مهندسی مکانیک,دانشگاه شیراز
1392,ریاضی,1651,930,منطقه یک,مهندسی نفت,دانشگاه صنعت نفت
1392,ریاضی,1654,598,منطقه دو,مهندسی هوافضا,دانشگاه صنعتی امیرکبیر - تهران
1392,ریاضی,1655,933,منطقه یک,مهندسی عمران,دانشگاه صنعتی اصفهان
1392,ریاضی,1658,935,منطقه یک,مهندسی صنایع,دانشگاه تهران
1392,ریاضی,1660,600,منطقه دو,مهندسی هوافضا,دانشگاه صنعتی شریف - تهران
1392,ریاضی,1661,601,منطقه دو,مهندسی هوافضا,دانشگاه صنعتی امیرکبیر - تهران
1392,ریاضی,1661,937,منطقه یک,مهندسی شیمی,دانشگاه تهران
1392,ریاضی,1664,602,منطقه دو,مهندسی مکانیک,دانشگاه علم و صنعت ایران - تهران
1392,ریاضی,1664,602,منطقه دو,مهندسی هوافضا,دانشگاه صنعتی امیرکبیر - تهران
1392,ریاضی,1664,939,منطقه یک,مهندسی برق,دانشگاه صنعتی اصفهان
1392,ریاضی,1668,941,منطقه یک,مهندسی عمران,دانشگاه فردوسی - مشهد
1392,ریاضی,1670,106,منطقه سه,مهندسی نفت,دانشگاه صنعتی امیرکبیر - تهران
1392,ریاضی,1670,604,منطقه دو,مهندسی برق,دانشگاه علم و صنعت ایران - تهران
1392,ریاضی,1670,604,منطقه دو,مهندسی نفت,دانشگاه تهران
1392,ریاضی,1673,107,منطقه سه,مهندسی مکانیک,دانشگاه علم و صنعت ایران - تهران
1392,ریاضی,1675,606,منطقه دو,مهندسی عمران,دانشگاه صنعتی امیرکبیر - تهران
1392,ریاضی,1679,608,منطقه دو,مهندسی مکانیک,دانشگاه علم و صنعت ایران - تهران
1392,ریاضی,1680,945,منطقه یک,مهندسی عمران,دانشگاه علم و صنعت ایران - تهران
1392,ریاضی,1682,609,منطقه دو,مهندسی معماری,دانشگاه شهید بهشتی - تهران
1392,ریاضی,1682,609,منطقه دو,مهندسی نفت,دانشگاه تهران
1392,ریاضی,1682,947,منطقه یک,مهندسی عمران,دانشگاه علم و صنعت ایران - تهران
1392,ریاضی,1686,109,منطقه سه,مهندسی برق,دانشگاه علم و صنعت ایران - تهران
1392,ریاضی,1686,612,منطقه دو,مهندسی کامپیوتر,دانشگاه صنعتی امیرکبیر - تهران
1392,ریاضی,1686,948,منطقه یک,مهندسی شیمی,دانشگاه تهران
1392,ریاضی,1690,949,منطقه یک,مهندسی صنایع,دانشگاه تهران
1392,ریاضی,1693,615,منطقه دو,مهندسی صنایع,دانشگاه صنعتی شریف - تهران
1392,ریاضی,1694,616,منطقه دو,مهندسی برق,دانشگاه علم و صنعت ایران - تهران
1392,ریاضی,1696,617,منطقه دو,مهندسی کامپیوتر,دانشگاه علم و صنعت ایران - تهران
1392,ریاضی,1699,619,منطقه دو,مهندسی نفت,دانشگاه تهران
1392,ریاضی,1699,619,منطقه دو,مهندسی هوافضا,دانشگاه صنعتی امیرکبیر - تهران
1392,ریاضی,1699,952,منطقه یک,مهندسی برق,دانشگاه علم و صنعت ایران - تهران
1392,ریاضی,1703,953,منطقه یک,مهندسی برق,دانشگاه علم و صنعت ایران - تهران
1392,ریاضی,1706,622,منطقه دو,مهندسی صنایع,دانشگاه تهران
1392,ریاضی,1706,955,منطقه یک,مهندسی معماری,دانشگاه شهید بهشتی - تهران
1392,ریاضی,1709,624,منطقه دو,مهندسی فناوری اطلاعات,دانشگاه صنعتی امیرکبیر - تهران
1392,ریاضی,1710,956,منطقه یک,مهندسی صنایع,دانشگاه صنعتی امیرکبیر - تهران
1392,ریاضی,1711,112,منطقه سه,مهندسی برق,دانشگاه علم و صنعت ایران - تهران
1392,ریاضی,1711,625,منطقه دو,مهندسی پزشکی,دانشگاه صنعتی امیرکبیر - تهران
1392,ریاضی,1711,957,منطقه یک,علوم مهندسی,دانشگاه تهران
1392,ریاضی,1711,957,منطقه یک,مهندسی برق,دانشگاه فردوسی - مشهد
1392,ریاضی,1716,960,منطقه یک,مهندسی عمران,دانشگاه فردوسی - مشهد
1392,ریاضی,1718,962,منطقه یک,مهندسی شیمی,دانشگاه تهران
1392,ریاضی,1718,962,منطقه یک,مهندسی عمران,دانشگاه صنعتی اصفهان
1392,ریاضی,1720,626,منطقه دو,مهندسی عمران,دانشگاه صنعتی امیرکبیر - تهران
1392,ریاضی,1722,627,منطقه دو,مهندسی عمران,دانشگاه تهران
1392,ریاضی,1722,965,منطقه یک,مهندسی کامپیوتر,دانشگاه صنعتی امیرکبیر - تهران
1392,ریاضی,1724,628,منطقه دو,مهندسی عمران,دانشگاه علم و صنعت ایران - تهران
1392,ریاضی,1724,966,منطقه یک,مهندسی عمران,دانشگاه صنعتی اصفهان
1392,ریاضی,1728,967,منطقه یک,مهندسی برق,دانشگاه علم و صنعت ایران - تهران
1392,ریاضی,1729,968,منطقه یک,مهندسی مکانیک,دانشگاه علم و صنعت ایران - تهران
1392,ریاضی,1729,968,منطقه یک,مهندسی هوافضا,دانشگاه صنعتی امیرکبیر - تهران
1392,ریاضی,1731,114,منطقه سه,مهندسی مکانیک,دانشگاه علم و صنعت ایران - تهران
1392,ریاضی,1731,630,منطقه دو,مهندسی شیمی,دانشگاه تهران
1392,ریاضی,1731,970,منطقه یک,مهندسی برق,دانشگاه علم و صنعت ایران - تهران
1392,ریاضی,1731,970,منطقه یک,مهندسی صنایع,دانشگاه فردوسی - مشهد
1392,ریاضی,1735,972,منطقه یک,مهندسی مواد,دانشگاه صنعتی شریف - تهران
1392,ریاضی,1737,631,منطقه دو,مهندسی صنایع,دانشگاه تهران
1392,ریاضی,1737,974,منطقه یک,مهندسی شیمی,دانشگاه تهران
1392,ریاضی,1740,976,منطقه یک,مهندسی صنایع,دانشگاه صنعتی امیرکبیر - تهران
1392,ریاضی,1740,976,منطقه یک,مهندسی عمران,دانشگاه فردوسی - مشهد
1392,ریاضی,1744,980,منطقه یک,مهندسی برق,دانشگاه فردوسی - مشهد
1392,ریاضی,1745,981,منطقه یک,مهندسی برق,دانشگاه علم و صنعت ایران - تهران
1392,ریاضی,1745,981,منطقه یک,مهندسی شیمی,دانشگاه تهران
1392,ریاضی,1748,633,منطقه دو,مهندسی برق,دانشگاه علم و صنعت ایران - تهران
1392,ریاضی,1750,634,منطقه دو,مهندسی برق,دانشگاه علم و صنعت ایران - تهران
1392,ریاضی,1750,984,منطقه یک,مهندسی مکانیک,دانشگاه علم و صنعت ایران - تهران
1392,ریاضی,1753,115,منطقه سه,مهندسی نفت,دانشگاه صنعتی امیرکبیر - تهران
1392,ریاضی,1753,985,منطقه یک,مهندسی کامپیوتر,دانشگاه صنعتی امیرکبیر - تهران
1392,ریاضی,1755,986,منطقه یک,مهندسی کامپیوتر,دانشگاه صنعتی امیرکبیر - تهران
1392,ریاضی,1760,636,منطقه دو,مهندسی برق,دانشگاه علم و صنعت ایران - تهران
1392,ریاضی,1761,991,منطقه یک,مهندسی برق,دانشگاه صنعتی اصفهان
1392,ریاضی,1763,638,منطقه دو,مهندسی مکانیک,دانشگاه علم و صنعت ایران - تهران
1392,ریاضی,1763,992,منطقه یک,مهندسی پزشکی,دانشگاه صنعتی امیرکبیر - تهران
1392,ریاضی,1766,639,منطقه دو,مهندسی نفت,دانشگاه صنعت نفت
1392,ریاضی,1766,993,منطقه یک,مهندسی فناوری اطلاعات,دانشگاه صنعتی امیرکبیر - تهران
1392,ریاضی,1768,994,منطقه یک,مهندسی پزشکی,دانشگاه صنعتی امیرکبیر - تهران
1392,ریاضی,1769,640,منطقه دو,مهندسی فناوری اطلاعات,دانشگاه صنعتی امیرکبیر - تهران
1392,ریاضی,1769,640,منطقه دو,مهندسی کامپیوتر,دانشگاه صنعتی امیرکبیر - تهران
1392,ریاضی,1772,642,منطقه دو,مهندسی برق,دانشگاه علم و صنعت ایران - تهران
1392,ریاضی,1772,642,منطقه دو,مهندسی مکانیک,دانشگاه علم و صنعت ایران - تهران
1392,ریاضی,1772,996,منطقه یک,مهندسی کامپیوتر,دانشگاه تهران
1392,ریاضی,1777,645,منطقه دو,مهندسی عمران,دانشگاه علم و صنعت ایران - تهران
1392,ریاضی,1780,646,منطقه دو,مهندسی شیمی,دانشگاه تهران
1392,ریاضی,1780,646,منطقه دو,مهندسی مکانیک,دانشگاه علم و صنعت ایران - تهران
1392,ریاضی,1783,116,منطقه سه,مهندسی پزشکی,دانشگاه صنعتی امیرکبیر - تهران
1392,ریاضی,1783,648,منطقه دو,فیزیک,دانشگاه صنعتی شریف - تهران
1392,ریاضی,1783,648,منطقه دو,مهندسی شیمی,دانشگاه تهران
1392,ریاضی,1788,650,منطقه دو,مهندسی صنایع,دانشگاه تهران
1392,ریاضی,1791,651,منطقه دو,مهندسی عمران,دانشگاه علم و صنعت ایران - تهران
1392,ریاضی,1791,651,منطقه دو,مهندسی نفت,دانشگاه تهران
1392,ریاضی,1797,653,منطقه دو,مهندسی شیمی,دانشگاه صنعتی امیرکبیر - تهران
1392,ریاضی,1799,655,منطقه دو,مهندسی برق,دانشگاه علم و صنعت ایران - تهران
1392,ریاضی,1806,656,منطقه دو,مهندسی نفت,دانشگاه صنعت نفت
1392,ریاضی,1814,658,منطقه دو,مهندسی عمران,دانشگاه علم و صنعت ایران - تهران
1392,ریاضی,1816,117,منطقه سه,مهندسی نفت,دانشگاه تهران
1392,ریاضی,1816,659,منطقه دو,مهندسی کامپیوتر,دانشگاه علم و صنعت ایران - تهران
1392,ریاضی,1822,660,منطقه دو,مهندسی مکانیک,دانشگاه علم و صنعت ایران - تهران
1392,ریاضی,1824,661,منطقه دو,مهندسی عمران,دانشگاه علم و صنعت ایران - تهران
1392,ریاضی,1828,119,منطقه سه,مهندسی پلیمر,دانشگاه تهران
1392,ریاضی,1828,662,منطقه دو,مهندسی مکانیک,دانشگاه علم و صنعت ایران - تهران
1392,ریاضی,1828,662,منطقه دو,مهندسی پزشکی,دانشگاه صنعتی امیرکبیر - تهران
1392,ریاضی,1833,120,منطقه سه,مهندسی کامپیوتر,دانشگاه تهران
1392,ریاضی,1833,664,منطقه دو,مهندسی فناوری اطلاعات,دانشگاه صنعتی امیرکبیر - تهران
1392,ریاضی,1835,665,منطقه دو,مهندسی پزشکی,دانشگاه صنعتی امیرکبیر - تهران
1392,ریاضی,1840,667,منطقه دو,مهندسی مکانیک,دانشگاه علم و صنعت ایران - تهران
1392,ریاضی,1842,121,منطقه سه,مهندسی برق,دانشگاه صنعتی امیرکبیر - تهران
1392,ریاضی,1842,121,منطقه سه,مهندسی نفت,دانشگاه تهران
1392,ریاضی,1842,668,منطقه دو,مهندسی مکانیک,دانشگاه علم و صنعت ایران - تهران
1392,ریاضی,1849,123,منطقه سه,مهندسی کامپیوتر,دانشگاه صنعتی شریف - تهران
1392,ریاضی,1851,124,منطقه سه,مهندسی نفت,دانشگاه صنعت نفت
1392,ریاضی,1851,669,منطقه دو,مهندسی برق,دانشگاه صنعتی خواجه نصیرالدین طوسی - تهران
1392,ریاضی,1858,125,منطقه سه,مهندسی نفت,دانشگاه تهران
1392,ریاضی,1858,670,منطقه دو,مهندسی هوافضا,دانشگاه صنعتی امیرکبیر - تهران
1392,ریاضی,1862,126,منطقه سه,مهندسی شیمی,دانشگاه صنعتی شریف - تهران
1392,ریاضی,1870,672,منطقه دو,مهندسی عمران,دانشگاه علم و صنعت ایران - تهران
1392,ریاضی,1871,127,منطقه سه,مهندسی صنایع,دانشگاه صنعتی امیرکبیر - تهران
1392,ریاضی,1871,127,منطقه سه,مهندسی پزشکی,دانشگاه صنعتی امیرکبیر - تهران
1392,ریاضی,1880,673,منطقه دو,مهندسی صنایع,دانشگاه صنعتی امیرکبیر - تهران
1392,ریاضی,1880,673,منطقه دو,مهندسی صنایع,دانشگاه صنعتی شریف - تهران
1392,ریاضی,1888,675,منطقه دو,مهندسی پلیمر,دانشگاه تهران
1392,ریاضی,1893,677,منطقه دو,مهندسی برق,دانشگاه صنعتی اصفهان
1392,ریاضی,1897,678,منطقه دو,مهندسی شهرسازی,دانشگاه تهران
1392,ریاضی,1897,678,منطقه دو,مهندسی معماری,دانشگاه علم و صنعت ایران - تهران
1392,ریاضی,1900,680,منطقه دو,مهندسی عمران,دانشگاه علم و صنعت ایران - تهران
1392,ریاضی,1906,683,منطقه دو,مهندسی پزشکی,دانشگاه صنعتی امیرکبیر - تهران
1392,ریاضی,1916,129,منطقه سه,مهندسی مکانیک,دانشگاه تهران
1392,ریاضی,1919,685,منطقه دو,مهندسی برق,دانشگاه علم و صنعت ایران - تهران
1392,ریاضی,1919,685,منطقه دو,مهندسی هوافضا,دانشگاه صنعتی امیرکبیر - تهران
1392,ریاضی,1922,687,منطقه دو,مهندسی شیمی,دانشگاه تهران
1392,ریاضی,1922,687,منطقه دو,مهندسی پزشکی,دانشگاه صنعتی امیرکبیر - تهران
1392,ریاضی,1924,689,منطقه دو,مهندسی مکانیک,دانشگاه علم و صنعت ایران - تهران
1392,ریاضی,1926,130,منطقه سه,مهندسی برق,دانشگاه صنعتی خواجه نصیرالدین طوسی - تهران
1392,ریاضی,1926,690,منطقه دو,مهندسی عمران,دانشگاه بین المللی امام خمینی(ره) - قزوین
1392,ریاضی,1926,690,منطقه دو,مهندسی هوافضا,دانشگاه صنعتی امیرکبیر - تهران
1392,ریاضی,1931,692,منطقه دو,مهندسی نفت,دانشگاه صنعت نفت
1392,ریاضی,1933,694,منطقه دو,مهندسی برق,دانشگاه صنعتی اصفهان
1392,ریاضی,1933,694,منطقه دو,مهندسی شیمی,دانشگاه تهران
1392,ریاضی,1936,696,منطقه دو,مهندسی صنایع,دانشگاه صنعتی امیرکبیر - تهران
1392,ریاضی,1944,697,منطقه دو,مهندسی نفت,دانشگاه صنعتی امیرکبیر - تهران
1392,ریاضی,1947,698,منطقه دو,مهندسی نفت,دانشگاه صنعتی امیرکبیر - تهران
1392,ریاضی,1952,134,منطقه سه,مهندسی کامپیوتر,دانشگاه صنعتی شریف - تهران
1392,ریاضی,1952,699,منطقه دو,مهندسی نفت,دانشگاه صنعتی امیرکبیر - تهران
1392,ریاضی,1957,135,منطقه سه,مهندسی عمران,دانشگاه علم و صنعت ایران - تهران
1392,ریاضی,1957,700,منطقه دو,مهندسی عمران,دانشگاه صنعتی خواجه نصیرالدین طوسی - تهران
1392,ریاضی,1957,700,منطقه دو,مهندسی معماری,دانشگاه علم و صنعت ایران - تهران
1392,ریاضی,1957,700,منطقه دو,مهندسی پزشکی,دانشگاه صنعتی امیرکبیر - تهران
1392,ریاضی,1966,703,منطقه دو,مهندسی مواد,دانشگاه صنعتی شریف - تهران
1392,ریاضی,1969,136,منطقه سه,مهندسی برق,دانشگاه صنعتی خواجه نصیرالدین طوسی - تهران
1392,ریاضی,1969,704,منطقه دو,مهندسی مکانیک,دانشگاه صنعتی خواجه نصیرالدین طوسی - تهران
1392,ریاضی,1969,704,منطقه دو,مهندسی کامپیوتر,دانشگاه صنعتی امیرکبیر - تهران
1392,ریاضی,1974,706,منطقه دو,مهندسی شیمی,دانشگاه تهران
1392,ریاضی,1976,707,منطقه دو,مهندسی برق,دانشگاه علم و صنعت ایران - تهران
1392,ریاضی,1976,707,منطقه دو,مهندسی نفت,دانشگاه صنعتی امیرکبیر - تهران
1392,ریاضی,1979,709,منطقه دو,مهندسی نفت,دانشگاه صنعتی امیرکبیر - تهران
1392,ریاضی,1982,711,منطقه دو,مهندسی عمران,دانشگاه علم و صنعت ایران - تهران
1392,ریاضی,1992,137,منطقه سه,مهندسی مکانیک,دانشگاه صنعتی خواجه نصیرالدین طوسی - تهران
1392,ریاضی,1995,139,منطقه سه,مهندسی برق,دانشگاه صنعتی خواجه نصیرالدین طوسی - تهران
1392,ریاضی,2001,141,منطقه سه,مهندسی مکانیک,دانشگاه تهران
1392,ریاضی,2001,712,منطقه دو,مهندسی شیمی,دانشگاه صنعتی امیرکبیر - تهران
1392,ریاضی,2001,712,منطقه دو,مهندسی عمران,دانشگاه صنعتی خواجه نصیرالدین طوسی - تهران
1392,ریاضی,2009,714,منطقه دو,مهندسی صنایع,دانشگاه صنعتی شریف - تهران
1392,ریاضی,2009,714,منطقه دو,مهندسی مکانیک,دانشگاه صنعتی خواجه نصیرالدین طوسی - تهران
1392,ریاضی,2009,714,منطقه دو,مهندسی پزشکی,دانشگاه اصفهان
1392,ریاضی,2013,142,منطقه سه,مهندسی مکانیک,دانشگاه صنعتی امیرکبیر - تهران
1392,ریاضی,2016,717,منطقه دو,مهندسی مکانیک,دانشگاه علم و صنعت ایران - تهران
1392,ریاضی,2017,718,منطقه دو,مهندسی نفت,دانشگاه صنعتی امیرکبیر - تهران
1392,ریاضی,2019,719,منطقه دو,مهندسی برق,دانشگاه شیراز
1392,ریاضی,2019,719,منطقه دو,مهندسی برق,دانشگاه علم و صنعت ایران - تهران
1392,ریاضی,2019,719,منطقه دو,مهندسی صنایع,دانشگاه صنعتی شریف - تهران
1392,ریاضی,2024,143,منطقه سه,مهندسی نفت,دانشگاه صنعت نفت
1392,ریاضی,2026,722,منطقه دو,مهندسی مکانیک,دانشگاه یزد
1392,ریاضی,2028,723,منطقه دو,مهندسی برق,دانشگاه علم و صنعت ایران - تهران
1392,ریاضی,2028,723,منطقه دو,مهندسی نفت,دانشگاه صنعتی امیرکبیر - تهران
1392,ریاضی,2036,725,منطقه دو,مهندسی صنایع,دانشگاه صنعتی امیرکبیر - تهران
1392,ریاضی,2036,725,منطقه دو,مهندسی عمران,دانشگاه صنعتی خواجه نصیرالدین طوسی - تهران
1392,ریاضی,2041,729,منطقه دو,مهندسی برق,دانشگاه صنعتی خواجه نصیرالدین طوسی - تهران
1392,ریاضی,2041,729,منطقه دو,مهندسی نفت,دانشگاه صنعتی امیرکبیر - تهران
1392,ریاضی,2046,732,منطقه دو,مهندسی برق,دانشگاه صنعتی خواجه نصیرالدین طوسی - تهران
1392,ریاضی,2048,733,منطقه دو,ریاضیات وکاربردها,دانشگاه صنعتی شریف - تهران
1392,ریاضی,2053,735,منطقه دو,مهندسی عمران,دانشگاه علم و صنعت ایران - تهران
1392,ریاضی,2053,735,منطقه دو,مهندسی مکانیک,دانشگاه صنعتی خواجه نصیرالدین طوسی - تهران
1392,ریاضی,2057,145,منطقه سه,مهندسی عمران,دانشگاه تهران
1392,ریاضی,2057,737,منطقه دو,مهندسی نفت,دانشگاه صنعتی امیرکبیر - تهران
1392,ریاضی,2061,738,منطقه دو,مهندسی فناوری اطلاعات,دانشگاه صنعتی امیرکبیر - تهران
1392,ریاضی,2061,738,منطقه دو,مهندسی مکانیک,دانشگاه صنعتی خواجه نصیرالدین طوسی - تهران
1392,ریاضی,2068,740,منطقه دو,مهندسی مکانیک,دانشگاه علم و صنعت ایران - تهران
1392,ریاضی,2073,742,منطقه دو,مهندسی نفت,دانشگاه صنعتی امیرکبیر - تهران
1392,ریاضی,2084,146,منطقه سه,مهندسی نفت,دانشگاه صنعتی امیرکبیر - تهران
1392,ریاضی,2084,745,منطقه دو,مهندسی هوافضا,دانشگاه صنعتی امیرکبیر - تهران
1392,ریاضی,2087,746,منطقه دو,مهندسی معماری,دانشگاه علم و صنعت ایران - تهران
1392,ریاضی,2092,749,منطقه دو,مهندسی شیمی,دانشگاه تهران
1392,ریاضی,2092,749,منطقه دو,مهندسی کامپیوتر,دانشگاه قم
1392,ریاضی,2095,752,منطقه دو,مهندسی برق,دانشگاه صنعتی خواجه نصیرالدین طوسی - تهران
1392,ریاضی,2098,147,منطقه سه,مهندسی کامپیوتر,دانشگاه شهید بهشتی - تهران
1392,ریاضی,2098,753,منطقه دو,مهندسی عمران,دانشگاه صنعتی خواجه نصیرالدین طوسی - تهران
1392,ریاضی,2102,148,منطقه سه,دبیری فیزیک,پردیس نسیبه - تهران
1392,ریاضی,2103,754,منطقه دو,مهندسی صنایع,دانشگاه صنعتی امیرکبیر - تهران
1392,ریاضی,2103,754,منطقه دو,مهندسی نفت,دانشگاه صنعت نفت
1392,ریاضی,2110,758,منطقه دو,مهندسی برق,دانشگاه صنعتی خواجه نصیرالدین طوسی - تهران
1392,ریاضی,2113,759,منطقه دو,مهندسی کامپیوتر,دانشگاه صنعتی امیرکبیر - تهران
1392,ریاضی,2116,760,منطقه دو,مهندسی فناوری اطلاعات,دانشگاه صنعتی امیرکبیر - تهران
1392,ریاضی,2116,760,منطقه دو,مهندسی معماری,دانشگاه علم و صنعت ایران - تهران
1392,ریاضی,2119,762,منطقه دو,مهندسی صنایع,دانشگاه صنعتی امیرکبیر - تهران
1392,ریاضی,2119,762,منطقه دو,مهندسی پزشکی,دانشگاه صنعتی امیرکبیر - تهران
1392,ریاضی,2123,765,منطقه دو,مهندسی مواد,دانشگاه صنعتی شریف - تهران
1392,ریاضی,2125,766,منطقه دو,مهندسی مکانیک,دانشگاه صنعتی خواجه نصیرالدین طوسی - تهران
1392,ریاضی,2130,768,منطقه دو,مهندسی عمران,دانشگاه صنعتی اصفهان
1392,ریاضی,2133,769,منطقه دو,مهندسی معماری,دانشگاه هنر اصفهان
1392,ریاضی,2133,769,منطقه دو,مهندسی نفت,دانشگاه صنعت نفت
1392,ریاضی,2133,769,منطقه دو,مهندسی پلیمر,دانشگاه تهران
1392,ریاضی,2138,772,منطقه دو,مهندسی شیمی,دانشگاه تهران
1392,ریاضی,2141,773,منطقه دو,مهندسی هوافضا,دانشگاه صنعتی امیرکبیر - تهران
1392,ریاضی,2144,774,منطقه دو,مهندسی مکانیک,دانشگاه صنعتی خواجه نصیرالدین طوسی - تهران
1392,ریاضی,2146,775,منطقه دو,مهندسی عمران,دانشگاه فردوسی - مشهد
1392,ریاضی,2149,776,منطقه دو,مهندسی عمران,دانشگاه علم و صنعت ایران - تهران
1392,ریاضی,2152,777,منطقه دو,مهندسی پزشکی,دانشگاه صنعتی امیرکبیر - تهران
1392,ریاضی,2155,779,منطقه دو,مهندسی مکانیک,دانشگاه صنعتی اصفهان
1392,ریاضی,2158,781,منطقه دو,مهندسی برق,دانشگاه علم و صنعت ایران - تهران
1392,ریاضی,2166,783,منطقه دو,مهندسی برق,دانشگاه علم و صنعت ایران - تهران
1392,ریاضی,2166,783,منطقه دو,مهندسی نفت,دانشگاه صنعت نفت
1392,ریاضی,2168,785,منطقه دو,دبیری فیزیک,پردیس نسیبه - تهران
1392,ریاضی,2168,785,منطقه دو,مهندسی کامپیوتر,دانشگاه صنعتی امیرکبیر - تهران
1392,ریاضی,2171,787,منطقه دو,مهندسی برق,دانشگاه شهید بهشتی - تهران
1392,ریاضی,2171,787,منطقه دو,مهندسی برق,دانشگاه علم و صنعت ایران - تهران
1392,ریاضی,2174,149,منطقه سه,مهندسی برق,دانشگاه صنعتی امیرکبیر - تهران
1392,ریاضی,2177,790,منطقه دو,مهندسی صنایع,دانشگاه صنعتی شریف - تهران
1392,ریاضی,2180,791,منطقه دو,مهندسی عمران,دانشگاه علم و صنعت ایران - تهران
1392,ریاضی,2187,792,منطقه دو,مهندسی مکانیک,دانشگاه صنعتی خواجه نصیرالدین طوسی - تهران
1392,ریاضی,2190,793,منطقه دو,مهندسی مکانیک,دانشگاه شیراز
1392,ریاضی,2193,150,منطقه سه,مهندسی کامپیوتر,دانشگاه صنعتی امیرکبیر - تهران
1392,ریاضی,2193,795,منطقه دو,مهندسی برق,دانشگاه صنعتی خواجه نصیرالدین طوسی - تهران
1392,ریاضی,2198,798,منطقه دو,مهندسی صنایع,دانشگاه صنعتی امیرکبیر - تهران
1392,ریاضی,2203,799,منطقه دو,مهندسی عمران,دانشگاه سمنان
1392,ریاضی,2209,801,منطقه دو,مهندسی مکانیک,دانشگاه صنعتی خواجه نصیرالدین طوسی - تهران
1392,ریاضی,2209,801,منطقه دو,مهندسی پزشکی,دانشگاه صنعتی امیرکبیر - تهران
1392,ریاضی,2217,803,منطقه دو,مهندسی عمران,دانشگاه صنعتی خواجه نصیرالدین طوسی - تهران
1392,ریاضی,2218,804,منطقه دو,مهندسی شیمی,دانشگاه تهران
1392,ریاضی,2222,806,منطقه دو,مهندسی شیمی,دانشگاه صنعتی امیرکبیر - تهران
1392,ریاضی,2225,807,منطقه دو,علوم کامپیوتر,دانشگاه صنعتی شریف - تهران
1392,ریاضی,2225,807,منطقه دو,مهندسی عمران,دانشگاه صنعتی خواجه نصیرالدین طوسی - تهران
1392,ریاضی,2231,810,منطقه دو,مهندسی عمران,دانشگاه بوعلی سینا - همدان
1392,ریاضی,2232,811,منطقه دو,مهندسی عمران,دانشگاه تربیت دبیر شهید رجایی - تهران
1392,ریاضی,2232,811,منطقه دو,مهندسی عمران,دانشگاه صنعتی خواجه نصیرالدین طوسی - تهران
1392,ریاضی,2234,152,منطقه سه,مهندسی برق,دانشگاه صنعتی اصفهان
1392,ریاضی,2239,815,منطقه دو,مهندسی شیمی,دانشگاه تهران
1392,ریاضی,2239,815,منطقه دو,مهندسی صنایع,دانشگاه تهران
1392,ریاضی,2244,153,منطقه سه,دبیری ریاضی,پردیس نسیبه - تهران
1392,ریاضی,2250,818,منطقه دو,مهندسی صنایع,دانشگاه علم و صنعت ایران - تهران
1392,ریاضی,2256,154,منطقه سه,مهندسی نفت,دانشگاه صنعت نفت
1392,ریاضی,2259,821,منطقه دو,مهندسی پزشکی,دانشگاه صنعتی امیرکبیر - تهران
1392,ریاضی,2264,823,منطقه دو,مهندسی نفت,دانشگاه صنعتی امیرکبیر - تهران
1392,ریاضی,2271,824,منطقه دو,مهندسی شیمی,دانشگاه صنعتی امیرکبیر - تهران
1392,ریاضی,2271,824,منطقه دو,مهندسی هوافضا,دانشگاه صنعتی امیرکبیر - تهران
1392,ریاضی,2280,829,منطقه دو,مهندسی شیمی,دانشگاه تهران
1392,ریاضی,2284,156,منطقه سه,مهندسی عمران,دانشگاه صنعتی خواجه نصیرالدین طوسی - تهران
1392,ریاضی,2284,831,منطقه دو,مهندسی صنایع,دانشگاه صنعتی شریف - تهران
1392,ریاضی,2284,831,منطقه دو,مهندسی مکانیک,دانشگاه یزد
1392,ریاضی,2291,835,منطقه دو,مهندسی صنایع,دانشگاه صنعتی امیرکبیر - تهران
1392,ریاضی,2293,837,منطقه دو,مهندسی صنایع,دانشگاه تهران
1392,ریاضی,2296,838,منطقه دو,مهندسی برق,دانشگاه صنعتی اصفهان
1392,ریاضی,2299,840,منطقه دو,مهندسی شیمی,دانشگاه صنعتی امیرکبیر - تهران
1392,ریاضی,2306,841,منطقه دو,مهندسی شیمی,دانشگاه تهران
1392,ریاضی,2308,842,منطقه دو,مهندسی شیمی,دانشگاه صنعتی امیرکبیر - تهران
1392,ریاضی,2311,157,منطقه سه,مهندسی مکانیک,دانشگاه صنعتی امیرکبیر - تهران
1392,ریاضی,2311,844,منطقه دو,مهندسی عمران,دانشگاه صنعتی خواجه نصیرالدین طوسی - تهران
1392,ریاضی,2313,845,منطقه دو,مهندسی مکانیک,دانشگاه صنعتی خواجه نصیرالدین طوسی - تهران
1392,ریاضی,2316,158,منطقه سه,مهندسی برق,دانشگاه شهید بهشتی - تهران
1392,ریاضی,2316,846,منطقه دو,مهندسی برق,دانشگاه صنعتی خواجه نصیرالدین طوسی - تهران
1392,ریاضی,2322,847,منطقه دو,مهندسی عمران,دانشگاه تربیت دبیر شهید رجایی - تهران
1392,ریاضی,2322,847,منطقه دو,مهندسی مکانیک,دانشگاه صنعت نفت
1392,ریاضی,2324,849,منطقه دو,مهندسی مکانیک,دانشگاه صنعتی خواجه نصیرالدین طوسی - تهران
1392,ریاضی,2329,159,منطقه سه,مهندسی مکانیک,دانشگاه تهران
1392,ریاضی,2333,161,منطقه سه,مهندسی برق,دانشگاه صنعت نفت
1392,ریاضی,2333,851,منطقه دو,مهندسی پزشکی,دانشگاه صنعتی امیرکبیر - تهران
1392,ریاضی,2338,852,منطقه دو,مهندسی برق,دانشگاه شهید بهشتی - تهران
1392,ریاضی,2342,162,منطقه سه,مهندسی شیمی,دانشگاه صنعتی شریف - تهران
1392,ریاضی,2342,854,منطقه دو,مهندسی صنایع,دانشگاه صنعتی امیرکبیر - تهران
1392,ریاضی,2348,856,منطقه دو,مهندسی صنایع,دانشگاه علم و صنعت ایران - تهران
1392,ریاضی,2352,858,منطقه دو,مهندسی برق,دانشگاه علم و صنعت ایران - تهران
1392,ریاضی,2352,858,منطقه دو,مهندسی مکانیک,دانشگاه صنعتی خواجه نصیرالدین طوسی - تهران
1392,ریاضی,2354,164,منطقه سه,مهندسی نفت,دانشگاه صنعت نفت
1392,ریاضی,2360,165,منطقه سه,مهندسی عمران,دانشگاه فردوسی - مشهد
1392,ریاضی,2360,165,منطقه سه,مهندسی کامپیوتر,دانشگاه علم و صنعت ایران - تهران
1392,ریاضی,2360,861,منطقه دو,مهندسی برق,دانشگاه فردوسی - مشهد
1392,ریاضی,2360,861,منطقه دو,مهندسی مکانیک,دانشگاه صنعتی خواجه نصیرالدین طوسی - تهران
1392,ریاضی,2367,864,منطقه دو,مهندسی مکانیک,دانشگاه صنعتی خواجه نصیرالدین طوسی - تهران
1392,ریاضی,2367,864,منطقه دو,مهندسی پلیمر,دانشگاه تهران
1392,ریاضی,2372,168,منطقه سه,مهندسی صنایع,دانشگاه صنعتی امیرکبیر - تهران
1392,ریاضی,2372,866,منطقه دو,مهندسی نفت,دانشگاه صنعتی امیرکبیر - تهران
1392,ریاضی,2374,867,منطقه دو,مهندسی پزشکی,دانشگاه صنعتی امیرکبیر - تهران
1392,ریاضی,2377,169,منطقه سه,مهندسی شیمی,دانشگاه صنعتی شریف - تهران
1392,ریاضی,2377,868,منطقه دو,مهندسی برق,دانشگاه صنعتی خواجه نصیرالدین طوسی - تهران
1392,ریاضی,2381,869,منطقه دو,مهندسی شیمی,دانشگاه صنعتی امیرکبیر - تهران
1392,ریاضی,2381,869,منطقه دو,مهندسی عمران,دانشگاه صنعتی اصفهان
1392,ریاضی,2381,869,منطقه دو,مهندسی کامپیوتر,دانشگاه علم و صنعت ایران - تهران
1392,ریاضی,2387,170,منطقه سه,مهندسی برق,دانشگاه صنعتی خواجه نصیرالدین طوسی - تهران
1392,ریاضی,2387,170,منطقه سه,مهندسی عمران,دانشگاه صنعتی امیرکبیر - تهران
1392,ریاضی,2387,872,منطقه دو,دبیری فیزیک,پردیس نسیبه - تهران
1392,ریاضی,2387,872,منطقه دو,مهندسی برق,دانشگاه صنعتی خواجه نصیرالدین طوسی - تهران
1392,ریاضی,2387,872,منطقه دو,مهندسی کامپیوتر,دانشگاه علم و صنعت ایران - تهران
1392,ریاضی,2395,875,منطقه دو,مهندسی برق,دانشگاه صنعتی اصفهان
1392,ریاضی,2395,875,منطقه دو,مهندسی صنایع,دانشگاه تهران
1392,ریاضی,2401,878,منطقه دو,مهندسی معماری,دانشگاه علم و صنعت ایران - تهران
1392,ریاضی,2405,880,منطقه دو,مهندسی مکانیک,دانشگاه صنعتی خواجه نصیرالدین طوسی - تهران
1392,ریاضی,2408,881,منطقه دو,مهندسی برق,دانشگاه صنعتی خواجه نصیرالدین طوسی - تهران
1392,ریاضی,2411,882,منطقه دو,فیزیک,دانشگاه تهران
1392,ریاضی,2413,883,منطقه دو,مهندسی شیمی,دانشگاه صنعتی امیرکبیر - تهران
1392,ریاضی,2413,883,منطقه دو,مهندسی صنایع,دانشگاه علم و صنعت ایران - تهران
1392,ریاضی,2418,885,منطقه دو,دبیری ریاضی,پردیس فاطمه الزهرا(س) ساری
1392,ریاضی,2420,887,منطقه دو,مهندسی شیمی,دانشگاه صنعتی امیرکبیر - تهران
1392,ریاضی,2420,887,منطقه دو,مهندسی نفت,دانشگاه صنعتی امیرکبیر - تهران
1392,ریاضی,2423,889,منطقه دو,فیزیک,دانشگاه تهران
1392,ریاضی,2425,891,منطقه دو,مهندسی مکانیک,دانشگاه شیراز
1392,ریاضی,2425,891,منطقه دو,مهندسی نفت,دانشگاه صنعتی امیرکبیر - تهران
1392,ریاضی,2428,893,منطقه دو,مهندسی شیمی,دانشگاه صنعتی امیرکبیر - تهران
1392,ریاضی,2429,172,منطقه سه,مهندسی نفت,دانشگاه صنعت نفت
1392,ریاضی,2433,173,منطقه سه,مهندسی نفت,دانشگاه صنعتی امیرکبیر - تهران
1392,ریاضی,2433,894,منطقه دو,مهندسی شیمی,دانشگاه صنعتی امیرکبیر - تهران
1392,ریاضی,2440,895,منطقه دو,مهندسی برق,دانشگاه صنعتی خواجه نصیرالدین طوسی - تهران
1392,ریاضی,2440,895,منطقه دو,مهندسی عمران,دانشگاه صنعتی خواجه نصیرالدین طوسی - تهران
1392,ریاضی,2444,897,منطقه دو,مهندسی کامپیوتر,دانشگاه علم و صنعت ایران - تهران
1392,ریاضی,2449,899,منطقه دو,مهندسی مکانیک,دانشگاه صنعتی خواجه نصیرالدین طوسی - تهران
1392,ریاضی,2453,900,منطقه دو,مهندسی صنایع,دانشگاه علم و صنعت ایران - تهران
1392,ریاضی,2459,175,منطقه سه,مهندسی نفت,دانشگاه صنعت نفت
1392,ریاضی,2459,902,منطقه دو,مهندسی برق,دانشگاه صنعتی خواجه نصیرالدین طوسی - تهران
1392,ریاضی,2459,902,منطقه دو,مهندسی صنایع,دانشگاه تهران
1392,ریاضی,2459,902,منطقه دو,مهندسی معماری,دانشگاه علم و صنعت ایران - تهران
1392,ریاضی,2459,902,منطقه دو,مهندسی هوافضا,دانشگاه صنعتی امیرکبیر - تهران
1392,ریاضی,2464,906,منطقه دو,مهندسی برق,دانشگاه صنعتی خواجه نصیرالدین طوسی - تهران
1392,ریاضی,2468,907,منطقه دو,مهندسی عمران,دانشگاه صنعتی خواجه نصیرالدین طوسی - تهران
1392,ریاضی,2472,908,منطقه دو,مهندسی نفت,دانشگاه صنعتی امیرکبیر - تهران
1392,ریاضی,2473,909,منطقه دو,مهندسی معماری,دانشگاه علم و صنعت ایران - تهران
1392,ریاضی,2475,176,منطقه سه,مهندسی برق,دانشگاه علم و صنعت ایران - تهران
1392,ریاضی,2478,177,منطقه سه,مهندسی مکانیک,دانشگاه شیراز
1392,ریاضی,2478,910,منطقه دو,مهندسی شیمی,دانشگاه صنعتی امیرکبیر - تهران
1392,ریاضی,2478,910,منطقه دو,مهندسی پزشکی,دانشگاه صنعتی امیرکبیر - تهران
1392,ریاضی,2486,912,منطقه دو,مهندسی عمران,دانشگاه صنعتی خواجه نصیرالدین طوسی - تهران
1392,ریاضی,2490,913,منطقه دو,مهندسی مکانیک,دانشگاه صنعتی خواجه نصیرالدین طوسی - تهران
1392,ریاضی,2500,179,منطقه سه,مهندسی مکانیک,دانشگاه شیراز
1392,ریاضی,2504,917,منطقه دو,مهندسی مکانیک,دانشگاه صنعتی اصفهان
1392,ریاضی,2505,918,منطقه دو,مهندسی کامپیوتر,دانشگاه صنعتی امیرکبیر - تهران
1392,ریاضی,2509,919,منطقه دو,مهندسی برق,دانشگاه فردوسی - مشهد
1392,ریاضی,2509,919,منطقه دو,مهندسی نفت,دانشگاه صنعت نفت
1392,ریاضی,2514,180,منطقه سه,مهندسی شیمی,دانشگاه تهران
1392,ریاضی,2514,922,منطقه دو,مهندسی برق,دانشگاه صنعتی خواجه نصیرالدین طوسی - تهران
1392,ریاضی,2514,922,منطقه دو,مهندسی پلیمر,دانشگاه تهران
1392,ریاضی,2520,924,منطقه دو,مهندسی برق,دانشگاه صنعتی اصفهان
1392,ریاضی,2530,929,منطقه دو,مهندسی برق,دانشگاه صنعتی خواجه نصیرالدین طوسی - تهران
1392,ریاضی,2535,182,منطقه سه,مهندسی عمران,دانشگاه علم و صنعت ایران - تهران
1392,ریاضی,2535,182,منطقه سه,مهندسی هوافضا,دانشگاه صنعتی شریف - تهران
1392,ریاضی,2540,184,منطقه سه,مهندسی شیمی,دانشگاه صنعتی شریف - تهران
1392,ریاضی,2540,931,منطقه دو,مهندسی برق,دانشگاه شهید بهشتی - تهران
1392,ریاضی,2540,931,منطقه دو,مهندسی مکانیک,دانشگاه صنعتی خواجه نصیرالدین طوسی - تهران
1392,ریاضی,2546,934,منطقه دو,مهندسی عمران,دانشگاه تهران
1392,ریاضی,2546,934,منطقه دو,مهندسی کامپیوتر,دانشگاه صنعتی امیرکبیر - تهران
1392,ریاضی,2549,937,منطقه دو,مهندسی مکانیک,دانشگاه صنعتی اصفهان
1392,ریاضی,2551,938,منطقه دو,مهندسی کامپیوتر,دانشگاه علم و صنعت ایران - تهران
1392,ریاضی,2556,939,منطقه دو,مهندسی برق,دانشگاه صنعتی خواجه نصیرالدین طوسی - تهران
1392,ریاضی,2560,940,منطقه دو,مهندسی صنایع,دانشگاه صنعتی امیرکبیر - تهران
1392,ریاضی,2563,185,منطقه سه,مهندسی مکانیک,دانشگاه صنعتی خواجه نصیرالدین طوسی - تهران
1392,ریاضی,2563,941,منطقه دو,مهندسی برق,دانشگاه شهید بهشتی - تهران
1392,ریاضی,2568,943,منطقه دو,مهندسی فناوری اطلاعات,دانشگاه صنعتی امیرکبیر - تهران
1392,ریاضی,2571,944,منطقه دو,مهندسی معماری,دانشگاه هنر تهران
1392,ریاضی,2574,946,منطقه دو,مهندسی عمران,دانشگاه صنعتی خواجه نصیرالدین طوسی - تهران
1392,ریاضی,2576,947,منطقه دو,مهندسی برق,دانشگاه صنعتی خواجه نصیرالدین طوسی - تهران
1392,ریاضی,2581,948,منطقه دو,مهندسی معماری,دانشگاه هنر تهران
1392,ریاضی,2581,948,منطقه دو,مهندسی کامپیوتر,دانشگاه علم و صنعت ایران - تهران
1392,ریاضی,2588,187,منطقه سه,مهندسی شیمی,دانشگاه صنعتی شریف - تهران
1392,ریاضی,2592,951,منطقه دو,مهندسی برق,دانشگاه صنعتی خواجه نصیرالدین طوسی - تهران
1392,ریاضی,2595,189,منطقه سه,مهندسی برق,دانشگاه تربیت دبیر شهید رجایی - تهران
1392,ریاضی,2599,952,منطقه دو,مهندسی نفت,دانشگاه صنعت نفت
1392,ریاضی,2600,953,منطقه دو,مهندسی مکانیک,دانشگاه صنعتی خواجه نصیرالدین طوسی - تهران
1392,ریاضی,2602,954,منطقه دو,مهندسی برق,دانشگاه صنعتی خواجه نصیرالدین طوسی - تهران
1392,ریاضی,2606,957,منطقه دو,مهندسی برق,دانشگاه صنعتی خواجه نصیرالدین طوسی - تهران
1392,ریاضی,2613,190,منطقه سه,مهندسی مکانیک,دانشگاه صنعتی امیرکبیر - تهران
1392,ریاضی,2613,960,منطقه دو,مهندسی نفت,دانشگاه صنعت نفت
1392,ریاضی,2613,960,منطقه دو,مهندسی پلیمر,دانشگاه تهران
1392,ریاضی,2617,962,منطقه دو,مهندسی برق,دانشگاه تبریز
1392,ریاضی,2617,962,منطقه دو,مهندسی مواد,دانشگاه صنعتی شریف - تهران
1392,ریاضی,2622,964,منطقه دو,مهندسی صنایع,دانشگاه علم و صنعت ایران - تهران
1392,ریاضی,2627,191,منطقه سه,مهندسی شیمی,دانشگاه صنعتی شریف - تهران
1392,ریاضی,2630,966,منطقه دو,علوم مهندسی,دانشگاه تهران
1392,ریاضی,2636,967,منطقه دو,مهندسی صنایع,دانشگاه علم و صنعت ایران - تهران
1392,ریاضی,2643,968,منطقه دو,مهندسی برق,دانشگاه صنعتی خواجه نصیرالدین طوسی - تهران
1392,ریاضی,2648,192,منطقه سه,مهندسی نفت,دانشگاه صنعت نفت
1392,ریاضی,2653,970,منطقه دو,مهندسی برق,دانشگاه شهید بهشتی - تهران
1392,ریاضی,2653,970,منطقه دو,مهندسی شیمی,دانشگاه صنعتی امیرکبیر - تهران
1392,ریاضی,2653,970,منطقه دو,مهندسی فناوری اطلاعات,دانشگاه صنعتی اصفهان
1392,ریاضی,2656,194,منطقه سه,مهندسی کامپیوتر,دانشگاه تهران
1392,ریاضی,2656,973,منطقه دو,مهندسی عمران,دانشگاه صنعتی خواجه نصیرالدین طوسی - تهران
1392,ریاضی,2656,973,منطقه دو,مهندسی کامپیوتر,دانشگاه علم و صنعت ایران - تهران
1392,ریاضی,2660,195,منطقه سه,مهندسی شیمی,دانشگاه تهران
1392,ریاضی,2662,975,منطقه دو,مهندسی شیمی,دانشگاه تهران
1392,ریاضی,2662,975,منطقه دو,مهندسی مکانیک,دانشگاه صنعتی خواجه نصیرالدین طوسی - تهران
1392,ریاضی,2667,977,منطقه دو,مهندسی عمران,دانشگاه صنعتی خواجه نصیرالدین طوسی - تهران
1392,ریاضی,2668,978,منطقه دو,مهندسی برق,دانشگاه صنعت نفت
1392,ریاضی,2668,978,منطقه دو,مهندسی مکانیک,دانشگاه صنعتی خواجه نصیرالدین طوسی - تهران
1392,ریاضی,2676,197,منطقه سه,مهندسی صنایع,دانشگاه صنعتی شریف - تهران
1392,ریاضی,2679,198,منطقه سه,مهندسی برق,دانشگاه صنعتی خواجه نصیرالدین طوسی - تهران
1392,ریاضی,2679,198,منطقه سه,مهندسی عمران,دانشگاه تربیت دبیر شهید رجایی - تهران
1392,ریاضی,2679,981,منطقه دو,مهندسی مکانیک,دانشگاه صنعتی خواجه نصیرالدین طوسی - تهران
1392,ریاضی,2683,982,منطقه دو,مهندسی معماری,دانشگاه هنر تهران
1392,ریاضی,2683,982,منطقه دو,مهندسی مکانیک,دانشگاه صنعتی خواجه نصیرالدین طوسی - تهران
1392,ریاضی,2688,984,منطقه دو,مهندسی عمران,دانشگاه صنعتی خواجه نصیرالدین طوسی - تهران
1392,ریاضی,2692,985,منطقه دو,مهندسی برق,دانشگاه صنعتی اصفهان
1392,ریاضی,2692,985,منطقه دو,مهندسی برق,دانشگاه صنعتی خواجه نصیرالدین طوسی - تهران
1392,ریاضی,2692,985,منطقه دو,مهندسی معماری,دانشگاه هنر تهران
1392,ریاضی,2696,988,منطقه دو,مهندسی شیمی,دانشگاه صنعتی امیرکبیر - تهران
1392,ریاضی,2696,988,منطقه دو,مهندسی نفت,دانشگاه صنعت نفت
1392,ریاضی,2700,990,منطقه دو,مهندسی پلیمر,دانشگاه تهران
1392,ریاضی,2705,202,منطقه سه,مهندسی عمران,دانشگاه صنعتی امیرکبیر - تهران
1392,ریاضی,2705,202,منطقه سه,مهندسی فناوری اطلاعات,دانشگاه تهران
1392,ریاضی,2710,992,منطقه دو,مهندسی مکانیک,دانشگاه شهید بهشتی - تهران
1392,ریاضی,2710,992,منطقه دو,مهندسی مکانیک,دانشگاه صنعتی خواجه نصیرالدین طوسی - تهران
1392,ریاضی,2719,995,منطقه دو,مهندسی عمران,دانشگاه صنعتی اصفهان
1392,ریاضی,2719,995,منطقه دو,مهندسی نفت,دانشگاه صنعت نفت
1392,ریاضی,2724,997,منطقه دو,مهندسی برق,دانشگاه صنعتی خواجه نصیرالدین طوسی - تهران
1392,ریاضی,2739,204,منطقه سه,مهندسی مکانیک,دانشگاه صنعتی خواجه نصیرالدین طوسی - تهران
1392,ریاضی,2766,205,منطقه سه,دبیری ریاضی,پردیس امام خمینی - گرگان
1392,ریاضی,2766,205,منطقه سه,مهندسی برق,دانشگاه صنعتی خواجه نصیرالدین طوسی - تهران
1392,ریاضی,2800,208,منطقه سه,مهندسی برق,دانشگاه صنعتی خواجه نصیرالدین طوسی - تهران
1392,ریاضی,2856,210,منطقه سه,مهندسی مکانیک,دانشگاه صنعتی خواجه نصیرالدین طوسی - تهران
1392,ریاضی,2861,211,منطقه سه,مهندسی نفت,دانشگاه صنعت نفت
1392,ریاضی,2870,212,منطقه سه,مهندسی برق,دانشگاه علم و صنعت ایران - تهران
1392,ریاضی,2876,213,منطقه سه,مهندسی مکانیک,دانشگاه صنعتی اصفهان
1392,ریاضی,2879,214,منطقه سه,مهندسی برق,دانشگاه صنعتی خواجه نصیرالدین طوسی - تهران
1392,ریاضی,2879,214,منطقه سه,مهندسی هوافضا,دانشگاه صنعتی شریف - تهران
1392,ریاضی,2901,216,منطقه سه,مهندسی برق,دانشگاه شهید بهشتی - تهران
1392,ریاضی,2934,220,منطقه سه,مهندسی نفت,دانشگاه صنعت نفت
1392,ریاضی,2934,220,منطقه سه,مهندسی پلیمر,دانشگاه صنعتی امیرکبیر - تهران
1392,ریاضی,2954,222,منطقه سه,دبیری ریاضی,پردیس فاطمه الزهرا (س) - یزد
1392,ریاضی,2968,223,منطقه سه,مهندسی برق,دانشگاه صنعتی خواجه نصیرالدین طوسی - تهران
1392,ریاضی,2980,224,منطقه سه,مهندسی صنایع,دانشگاه علم و صنعت ایران - تهران
1392,ریاضی,3015,226,منطقه سه,مهندسی نفت,دانشگاه صنعت نفت
1392,ریاضی,3030,227,منطقه سه,مهندسی شیمی,دانشگاه تهران
1392,ریاضی,3047,228,منطقه سه,مهندسی برق,دانشگاه صنعتی اصفهان
1392,ریاضی,3047,228,منطقه سه,مهندسی نفت,دانشگاه صنعت نفت
1392,ریاضی,3047,228,منطقه سه,مهندسی پلیمر,دانشگاه صنعتی امیرکبیر - تهران
1392,ریاضی,3057,231,منطقه سه,مهندسی برق,دانشگاه شهید بهشتی - تهران
1392,ریاضی,3077,232,منطقه سه,مهندسی پلیمر,دانشگاه تهران
1392,ریاضی,3088,233,منطقه سه,مهندسی کامپیوتر,دانشگاه تهران
1392,ریاضی,3094,234,منطقه سه,مهندسی نفت,دانشگاه صنعت نفت
1392,ریاضی,3097,236,منطقه سه,مهندسی صنایع,دانشگاه علم و صنعت ایران - تهران
1392,ریاضی,3106,238,منطقه سه,مهندسی عمران,دانشگاه فردوسی - مشهد
1392,ریاضی,3111,239,منطقه سه,مهندسی شیمی,دانشگاه تهران
1392,ریاضی,3122,240,منطقه سه,مهندسی شیمی,دانشگاه تهران
1392,ریاضی,3122,240,منطقه سه,مهندسی پلیمر,دانشگاه صنعتی امیرکبیر - تهران
1392,ریاضی,3135,242,منطقه سه,مهندسی کامپیوتر,دانشگاه تهران
1392,ریاضی,3140,243,منطقه سه,مهندسی عمران,دانشگاه علم و صنعت ایران - تهران
1392,ریاضی,3151,244,منطقه سه,مهندسی شیمی,دانشگاه تهران
1392,ریاضی,3173,245,منطقه سه,مهندسی مکانیک,دانشگاه صنعت نفت
1392,ریاضی,3180,247,منطقه سه,دبیری ریاضی,پردیس فاطمه الزهرا(س) ساری
1392,ریاضی,3207,248,منطقه سه,مهندسی شیمی,دانشگاه تهران
1392,ریاضی,3218,249,منطقه سه,دبیری ریاضی,پردیس زینبیه - پیشوا
1392,ریاضی,3222,250,منطقه سه,مهندسی هوافضا,دانشگاه صنعتی شریف - تهران
1392,ریاضی,3225,251,منطقه سه,مهندسی نفت,دانشگاه صنعت نفت
1392,ریاضی,3253,252,منطقه سه,مهندسی برق,دانشگاه صنعتی اصفهان
1392,ریاضی,3269,254,منطقه سه,مهندسی مکانیک,دانشگاه صنعتی اصفهان
1392,ریاضی,3273,255,منطقه سه,مهندسی مکانیک,دانشگاه صنعت نفت
1392,ریاضی,3276,256,منطقه سه,مهندسی مکانیک,دانشگاه صنعتی اصفهان
1392,ریاضی,3284,257,منطقه سه,دبیری ریاضی,پردیس فاطمه الزهرا(س) ساری
1392,ریاضی,3303,258,منطقه سه,مهندسی نفت,دانشگاه صنعت نفت
1392,ریاضی,3374,264,منطقه سه,مهندسی برق,دانشگاه علم و صنعت ایران - تهران
1392,ریاضی,3383,265,منطقه سه,مهندسی عمران,دانشگاه تهران
1392,ریاضی,3437,268,منطقه سه,مهندسی شیمی,دانشگاه تهران
1392,ریاضی,3454,269,منطقه سه,مهندسی عمران,دانشگاه تربیت دبیر شهید رجایی - تهران
1392,ریاضی,3466,271,منطقه سه,مهندسی عمران,دانشگاه تهران
1392,ریاضی,3506,272,منطقه سه,مهندسی مکانیک,دانشگاه شیراز
1392,ریاضی,3509,273,منطقه سه,مهندسی برق,دانشگاه صنعتی اصفهان
1392,ریاضی,3517,274,منطقه سه,مهندسی مکانیک,دانشگاه صنعتی بابل
1392,ریاضی,3537,277,منطقه سه,مهندسی پزشکی,دانشگاه صنعتی امیرکبیر - تهران
1392,ریاضی,3543,278,منطقه سه,مهندسی برق,دانشگاه شهید بهشتی - تهران
1392,ریاضی,3559,279,منطقه سه,مهندسی مکانیک,دانشگاه علم و صنعت ایران - تهران
1392,ریاضی,3563,280,منطقه سه,مهندسی عمران,دانشگاه تربیت دبیر شهید رجایی - تهران
1392,ریاضی,3569,281,منطقه سه,مهندسی هوافضا,دانشگاه صنعتی شریف - تهران
1392,ریاضی,3581,283,منطقه سه,دبیری فیزیک,پردیس نسیبه - تهران
1392,ریاضی,3604,284,منطقه سه,مهندسی مکانیک,دانشگاه شهید بهشتی - تهران
1392,ریاضی,3628,286,منطقه سه,مهندسی برق,دانشگاه صنعتی اصفهان
1392,ریاضی,3639,288,منطقه سه,مهندسی مکانیک,دانشگاه علم و صنعت ایران - تهران
1392,ریاضی,3651,291,منطقه سه,مهندسی برق,دانشگاه صنعتی اصفهان
1392,ریاضی,3665,292,منطقه سه,مهندسی برق,دانشگاه صنعتی اصفهان
1392,ریاضی,3673,293,منطقه سه,مهندسی عمران,دانشگاه تربیت دبیر شهید رجایی - تهران
1392,ریاضی,3680,295,منطقه سه,مهندسی برق,دانشگاه صنعتی خواجه نصیرالدین طوسی - تهران
1392,ریاضی,3680,295,منطقه سه,مهندسی شیمی,دانشگاه تهران
1392,ریاضی,3700,297,منطقه سه,مهندسی شیمی,دانشگاه صنعتی امیرکبیر - تهران
1392,ریاضی,3710,298,منطقه سه,مهندسی مکانیک,دانشگاه صنعت نفت
1392,ریاضی,3731,300,منطقه سه,مهندسی مکانیک,دانشگاه تربیت دبیر شهید رجایی - تهران
1392,ریاضی,3763,302,منطقه سه,مهندسی برق,دانشگاه صنعتی اصفهان
1392,ریاضی,3763,302,منطقه سه,مهندسی شیمی,دانشگاه تهران
1392,ریاضی,3788,304,منطقه سه,مهندسی صنایع,دانشگاه صنعتی امیرکبیر - تهران
1392,ریاضی,3795,305,منطقه سه,مهندسی معماری,دانشگاه هنر اصفهان
1392,ریاضی,3795,305,منطقه سه,مهندسی نفت,دانشگاه شیراز
1392,ریاضی,3843,307,منطقه سه,مهندسی مکانیک,دانشگاه صنعت نفت
1392,ریاضی,3843,307,منطقه سه,مهندسی مکانیک,دانشگاه فردوسی - مشهد
1392,ریاضی,3885,311,منطقه سه,مهندسی معماری,دانشگاه فردوسی - مشهد
1392,ریاضی,3885,311,منطقه سه,مهندسی مکانیک,دانشگاه علم و صنعت ایران - تهران
1392,ریاضی,3903,313,منطقه سه,مهندسی مکانیک,دانشگاه صنعتی خواجه نصیرالدین طوسی - تهران
1392,ریاضی,3908,314,منطقه سه,مهندسی مکانیک,دانشگاه شیراز
1392,ریاضی,3929,316,منطقه سه,مهندسی عمران,دانشگاه صنعتی خواجه نصیرالدین طوسی - تهران
1392,ریاضی,3935,317,منطقه سه,مهندسی شیمی,دانشگاه صنعتی امیرکبیر - تهران
1392,ریاضی,3940,318,منطقه سه,مهندسی صنایع,دانشگاه صنعتی شریف - تهران
1392,ریاضی,3946,319,منطقه سه,مهندسی برق,دانشگاه صنعتی اصفهان
1392,ریاضی,3982,322,منطقه سه,مهندسی برق,دانشگاه فردوسی - مشهد
1392,ریاضی,3982,322,منطقه سه,مهندسی کامپیوتر,دانشگاه صنعتی اصفهان
1392,ریاضی,3993,324,منطقه سه,مهندسی پزشکی,دانشگاه صنعتی امیرکبیر - تهران
1392,ریاضی,4007,327,منطقه سه,مهندسی برق,دانشگاه تبریز
1392,ریاضی,4007,327,منطقه سه,مهندسی برق,دانشگاه شهید بهشتی - تهران
1392,ریاضی,4014,329,منطقه سه,مهندسی برق,دانشگاه شیراز
1392,ریاضی,4041,333,منطقه سه,مهندسی عمران,دانشگاه گیلان - رشت
1392,ریاضی,4069,334,منطقه سه,مهندسی نفت,دانشگاه صنعت نفت
1392,ریاضی,4107,336,منطقه سه,مهندسی برق,دانشگاه صنعتی خواجه نصیرالدین طوسی - تهران
1392,ریاضی,4125,337,منطقه سه,مهندسی مواد,دانشگاه صنعتی شریف - تهران
1392,ریاضی,4125,337,منطقه سه,مهندسی نفت,دانشگاه صنعت نفت
1392,ریاضی,4146,339,منطقه سه,دبیری فیزیک,پردیس نسیبه - تهران
1392,ریاضی,4166,341,منطقه سه,مهندسی شهرسازی,دانشگاه تهران
1392,ریاضی,4175,342,منطقه سه,مهندسی برق,دانشگاه تبریز
1392,ریاضی,4175,342,منطقه سه,مهندسی صنایع,دانشگاه تهران
1392,ریاضی,4183,345,منطقه سه,مهندسی نفت,دانشگاه صنعت نفت
1392,ریاضی,4187,346,منطقه سه,مهندسی صنایع,دانشگاه صنعتی خواجه نصیرالدین طوسی - تهران
1392,ریاضی,4187,346,منطقه سه,مهندسی نفت,دانشگاه صنعت نفت
1392,ریاضی,4187,346,منطقه سه,مهندسی پزشکی,دانشگاه صنعتی امیرکبیر - تهران
1392,ریاضی,4193,349,منطقه سه,مهندسی مکانیک,دانشگاه شیراز
1392,ریاضی,4229,350,منطقه سه,مهندسی برق,دانشگاه فردوسی - مشهد
1392,ریاضی,4233,351,منطقه سه,مهندسی برق,دانشگاه تبریز
1392,ریاضی,4238,352,منطقه سه,دبیری فیزیک,پردیس نسیبه - تهران
1392,ریاضی,4244,353,منطقه سه,مهندسی برق,دانشگاه شهید بهشتی - تهران
1392,ریاضی,4251,354,منطقه سه,مهندسی مکانیک,دانشگاه فردوسی - مشهد
1392,ریاضی,4258,356,منطقه سه,مهندسی مکانیک,دانشگاه شهید بهشتی - تهران
1392,ریاضی,4265,358,منطقه سه,مهندسی برق,دانشگاه شیراز
1392,ریاضی,4265,358,منطقه سه,مهندسی شیمی,دانشگاه علم و صنعت ایران - تهران
1392,ریاضی,4265,358,منطقه سه,مهندسی صنایع,دانشگاه تهران
1392,ریاضی,4315,366,منطقه سه,مهندسی کامپیوتر,دانشگاه الزهرا(س) - تهران
1392,ریاضی,4333,368,منطقه سه,مهندسی صنایع,دانشگاه علم و صنعت ایران - تهران
1392,ریاضی,4345,370,منطقه سه,مهندسی برق,دانشگاه تربیت دبیر شهید رجایی - تهران
1392,ریاضی,4358,371,منطقه سه,مهندسی شیمی,دانشگاه علم و صنعت ایران - تهران
1392,ریاضی,4362,372,منطقه سه,مهندسی برق,دانشگاه تبریز
1392,ریاضی,4368,374,منطقه سه,مهندسی عمران,دانشگاه تهران
1392,ریاضی,4385,375,منطقه سه,مهندسی پزشکی,دانشگاه صنعتی امیرکبیر - تهران
1392,ریاضی,4392,378,منطقه سه,مهندسی شیمی,دانشگاه صنعت نفت
1392,ریاضی,4401,380,منطقه سه,مهندسی برق,دانشگاه تبریز
1392,ریاضی,4401,380,منطقه سه,مهندسی برق,دانشگاه تربیت دبیر شهید رجایی - تهران
1392,ریاضی,4401,380,منطقه سه,مهندسی مواد,دانشگاه صنعتی امیرکبیر - تهران
1392,ریاضی,4410,383,منطقه سه,مهندسی فناوری اطلاعات,دانشگاه صنعتی امیرکبیر - تهران
1392,ریاضی,4427,385,منطقه سه,مهندسی معماری,دانشگاه علم و صنعت ایران - تهران
1392,ریاضی,4427,385,منطقه سه,مهندسی هوافضا,دانشگاه صنعتی امیرکبیر - تهران
1392,ریاضی,4467,388,منطقه سه,مهندسی عمران,دانشگاه شیراز
1392,ریاضی,4492,389,منطقه سه,مهندسی نفت,دانشگاه صنعت نفت
1392,ریاضی,4503,391,منطقه سه,مهندسی مکانیک,دانشگاه فردوسی - مشهد
1392,ریاضی,4541,392,منطقه سه,مهندسی کامپیوتر,دانشگاه فردوسی - مشهد
1392,ریاضی,4544,393,منطقه سه,دبیری ریاضی,پردیس علامه طباطبایی - ارومیه
1392,ریاضی,4552,394,منطقه سه,مهندسی عمران,دانشگاه صنعتی خواجه نصیرالدین طوسی - تهران
1392,ریاضی,4563,395,منطقه سه,مهندسی کامپیوتر,دانشگاه صنعتی امیرکبیر - تهران
1392,ریاضی,4569,397,منطقه سه,مهندسی عمران,دانشگاه صنعتی خواجه نصیرالدین طوسی - تهران
1392,ریاضی,4569,397,منطقه سه,مهندسی مکانیک,دانشگاه تبریز
1392,ریاضی,4578,400,منطقه سه,مهندسی کامپیوتر,دانشگاه تهران
1392,ریاضی,4593,401,منطقه سه,مهندسی پزشکی,دانشگاه اصفهان
1392,ریاضی,4593,401,منطقه سه,مهندسی کامپیوتر,دانشگاه صنعتی امیرکبیر - تهران
1392,ریاضی,4593,401,منطقه سه,کارشناسی ارشدعلوم قضایی,دانشگاه علوم قضایی و خدمات ادارای - وابسته به قوه قضاییه
1392,ریاضی,4604,404,منطقه سه,علوم کامپیوتر,دانشگاه صنعتی شریف - تهران
1392,ریاضی,4611,405,منطقه سه,مهندسی نفت,دانشگاه صنعت نفت
1392,ریاضی,4618,406,منطقه سه,مهندسی برق,دانشگاه شهید بهشتی - تهران
1392,ریاضی,4656,408,منطقه سه,مهندسی شهرسازی,دانشگاه تهران
1392,ریاضی,4661,410,منطقه سه,مهندسی نفت,دانشگاه صنعت نفت
1392,ریاضی,4693,411,منطقه سه,مهندسی عمران,دانشگاه صنعتی خواجه نصیرالدین طوسی - تهران
1392,ریاضی,4704,413,منطقه سه,مهندسی برق,دانشگاه فردوسی - مشهد
1392,ریاضی,4704,413,منطقه سه,مهندسی معماری,دانشگاه تربیت دبیر شهید رجایی - تهران
1392,ریاضی,4730,416,منطقه سه,دبیری ریاضی,پردیس شهید باهنر - همدان
1392,ریاضی,4740,417,منطقه سه,مهندسی شیمی,دانشگاه صنعت نفت
1392,ریاضی,4740,417,منطقه سه,مهندسی مکانیک,دانشگاه تبریز
1392,ریاضی,4755,419,منطقه سه,مهندسی مکانیک,دانشگاه صنعتی اصفهان
1392,ریاضی,4761,421,منطقه سه,مهندسی صنایع,دانشگاه الزهرا(س) - تهران
1392,ریاضی,4804,423,منطقه سه,مهندسی برق,دانشگاه شهید بهشتی - تهران
1392,ریاضی,4804,423,منطقه سه,مهندسی عمران,دانشگاه صنعتی خواجه نصیرالدین طوسی - تهران
1392,ریاضی,4814,425,منطقه سه,مهندسی عمران,دانشگاه اصفهان
1392,ریاضی,4824,426,منطقه سه,مهندسی معماری,دانشگاه تربیت دبیر شهید رجایی - تهران
1392,ریاضی,4830,427,منطقه سه,مهندسی پزشکی,دانشگاه صنعتی امیرکبیر - تهران
1392,ریاضی,4838,428,منطقه سه,مهندسی مکانیک,دانشگاه صنعت نفت
1392,ریاضی,4854,430,منطقه سه,مهندسی مکانیک,دانشگاه شهید باهنر - کرمان
1392,ریاضی,4867,432,منطقه سه,مهندسی فناوری اطلاعات,دانشگاه اصفهان
1392,ریاضی,4870,433,منطقه سه,مهندسی عمران,دانشگاه صنعتی اصفهان
1392,ریاضی,4870,433,منطقه سه,مهندسی مکانیک,دانشگاه صنعتی خواجه نصیرالدین طوسی - تهران
1392,ریاضی,4889,437,منطقه سه,مهندسی مکانیک,دانشگاه خلیج فارس - بوشهر
1392,ریاضی,4895,439,منطقه سه,مهندسی مکانیک,دانشگاه تربیت دبیر شهید رجایی - تهران
1392,ریاضی,4912,441,منطقه سه,مهندسی صنایع,دانشگاه تبریز
1392,ریاضی,4933,442,منطقه سه,مهندسی شیمی,دانشگاه صنعتی اصفهان
1392,ریاضی,4956,445,منطقه سه,مهندسی عمران,دانشگاه تبریز
1392,ریاضی,4956,445,منطقه سه,مهندسی عمران,دانشگاه صنعتی خواجه نصیرالدین طوسی - تهران
1392,ریاضی,4965,447,منطقه سه,مهندسی مکانیک,دانشگاه صنعتی بابل
1392,ریاضی,5030,452,منطقه سه,مهندسی عمران,دانشگاه تربیت دبیر شهید رجایی - تهران
1392,ریاضی,5099,456,منطقه سه,مهندسی برق,دانشگاه فردوسی - مشهد
1392,ریاضی,5099,456,منطقه سه,مهندسی هوافضا,دانشگاه صنعتی امیرکبیر - تهران
1392,ریاضی,5099,456,منطقه سه,مهندسی کامپیوتر,دانشگاه صنعتی امیرکبیر - تهران
1392,ریاضی,5108,459,منطقه سه,فیزیک مهندسی,دانشگاه تهران
1392,ریاضی,5118,460,منطقه سه,مهندسی پلیمر,دانشگاه صنعتی امیرکبیر - تهران
1392,ریاضی,5132,463,منطقه سه,مهندسی برق,دانشگاه تبریز
1392,ریاضی,5132,463,منطقه سه,مهندسی عمران,دانشگاه تربیت دبیر شهید رجایی - تهران
1392,ریاضی,5138,465,منطقه سه,مهندسی مواد,دانشگاه صنعتی امیرکبیر - تهران
1392,ریاضی,5143,466,منطقه سه,مهندسی عمران,دانشگاه تبریز
1392,ریاضی,5153,467,منطقه سه,مهندسی برق,دانشگاه فردوسی - مشهد
1392,ریاضی,5153,467,منطقه سه,مهندسی عمران,دانشگاه صنعتی خواجه نصیرالدین طوسی - تهران
1392,ریاضی,5162,469,منطقه سه,مهندسی مکانیک,دانشگاه فردوسی - مشهد
1392,ریاضی,5178,470,منطقه سه,دبیری فیزیک,پردیس نسیبه - تهران
1392,ریاضی,5188,471,منطقه سه,مهندسی مکانیک,دانشگاه تبریز
1392,ریاضی,5212,472,منطقه سه,مهندسی صنایع,دانشگاه تبریز
1392,ریاضی,5217,473,منطقه سه,مهندسی شیمی,دانشگاه صنعت نفت
1392,ریاضی,5237,475,منطقه سه,مهندسی صنایع,دانشگاه خوارزمی تهران
1392,ریاضی,5245,476,منطقه سه,دبیری ریاضی,پردیس نسیبه - تهران
1392,ریاضی,5283,478,منطقه سه,مهندسی مکانیک,دانشگاه فردوسی - مشهد
1392,ریاضی,5297,479,منطقه سه,مهندسی برق,دانشگاه شیراز
1392,ریاضی,5317,481,منطقه سه,مهندسی برق,دانشگاه اصفهان
1392,ریاضی,5323,482,منطقه سه,مهندسی مکانیک,دانشگاه صنعت نفت
1392,ریاضی,5323,482,منطقه سه,مهندسی هوافضا,دانشگاه صنعتی امیرکبیر - تهران
1392,ریاضی,5492,493,منطقه سه,مهندسی مکانیک,دانشگاه تربیت دبیر شهید رجایی - تهران
1392,ریاضی,5505,495,منطقه سه,مهندسی صنایع,دانشگاه صنعتی اصفهان
1392,ریاضی,5530,497,منطقه سه,مهندسی صنایع,دانشگاه تهران
1392,ریاضی,5567,498,منطقه سه,مهندسی برق,دانشگاه شهید بهشتی - تهران
1392,ریاضی,5580,499,منطقه سه,مهندسی کامپیوتر,دانشگاه علم و صنعت ایران - تهران
1392,ریاضی,5591,502,منطقه سه,مهندسی شیمی,دانشگاه صنعت نفت
1392,ریاضی,5610,504,منطقه سه,مهندسی عمران,دانشگاه شهید بهشتی - تهران
1392,ریاضی,5656,506,منطقه سه,مهندسی مکانیک,دانشگاه شهید چمران اهواز
1392,ریاضی,5676,508,منطقه سه,مهندسی ایمنی,دانشگاه صنعت نفت
1392,ریاضی,5683,509,منطقه سه,مهندسی شیمی,دانشگاه صنعت نفت
1392,ریاضی,5740,513,منطقه سه,مهندسی برق,دانشگاه تبریز
1392,ریاضی,5753,516,منطقه سه,مهندسی صنایع,دانشگاه صنعتی شیراز
1392,ریاضی,5767,518,منطقه سه,مهندسی مکانیک,دانشگاه فردوسی - مشهد
1392,ریاضی,5781,519,منطقه سه,علوم مهندسی,دانشگاه تهران
1392,ریاضی,5788,520,منطقه سه,مهندسی مکانیک,دانشگاه تربیت دبیر شهید رجایی - تهران
1392,ریاضی,5796,521,منطقه سه,مهندسی ایمنی,دانشگاه صنعت نفت
1392,ریاضی,5796,521,منطقه سه,مهندسی برق,دانشگاه شهید بهشتی - تهران
1392,ریاضی,5796,521,منطقه سه,مهندسی مواد,دانشگاه تهران
1392,ریاضی,5796,521,منطقه سه,مهندسی نفت,دانشگاه شیراز
1392,ریاضی,5822,525,منطقه سه,مهندسی شیمی,دانشگاه صنعت نفت
1392,ریاضی,5834,527,منطقه سه,مهندسی برق,دانشگاه اصفهان
1392,ریاضی,5844,528,منطقه سه,مهندسی برق,دانشگاه کردستان - سنندج
1392,ریاضی,5853,530,منطقه سه,مهندسی مکانیک,دانشگاه فردوسی - مشهد
1392,ریاضی,5860,531,منطقه سه,مهندسی شیمی,دانشگاه صنعت نفت
1392,ریاضی,5865,532,منطقه سه,مهندسی معماری,دانشگاه شیراز
1392,ریاضی,5875,535,منطقه سه,دبیری ریاضی,پردیس نسیبه - تهران
1392,ریاضی,5875,535,منطقه سه,مهندسی برق,دانشگاه بین المللی امام خمینی(ره) - قزوین
1392,ریاضی,5898,537,منطقه سه,مهندسی مواد,دانشگاه صنعتی شریف - تهران
1392,ریاضی,5916,540,منطقه سه,علوم مهندسی,دانشگاه تهران
1392,ریاضی,5916,540,منطقه سه,مهندسی کامپیوتر,دانشگاه تربیت دبیر شهید رجایی - تهران
1392,ریاضی,5934,542,منطقه سه,مهندسی هوافضا,دانشگاه صنعتی خواجه نصیرالدین طوسی - تهران
1392,ریاضی,5946,544,منطقه سه,مهندسی عمران,دانشگاه فردوسی - مشهد
1392,ریاضی,5980,548,منطقه سه,مهندسی شیمی,دانشگاه صنعتی اصفهان
1392,ریاضی,5985,549,منطقه سه,مهندسی عمران,دانشگاه شیراز
1392,ریاضی,5996,551,منطقه سه,مهندسی برق,دانشگاه فردوسی - مشهد
1392,ریاضی,6001,552,منطقه سه,مهندسی برق,دانشگاه تبریز
1392,ریاضی,6008,554,منطقه سه,مهندسی عمران,دانشگاه زنجان
1392,ریاضی,6016,555,منطقه سه,مهندسی معماری,دانشگاه شیراز
1392,ریاضی,6016,555,منطقه سه,مهندسی مکانیک,دانشگاه شهید باهنر - کرمان
1392,ریاضی,6030,558,منطقه سه,مهندسی عمران,دانشگاه بین المللی امام خمینی(ره) - قزوین
1392,ریاضی,6041,561,منطقه سه,مهندسی ایمنی,دانشگاه صنعت نفت
1392,ریاضی,6062,563,منطقه سه,مهندسی برق,دانشگاه صنعتی بابل
1392,ریاضی,6062,563,منطقه سه,مهندسی برق,دانشگاه گیلان - رشت
1392,ریاضی,6076,566,منطقه سه,مهندسی شیمی,دانشگاه صنعت نفت
1392,ریاضی,6080,568,منطقه سه,مهندسی عمران,دانشگاه صنعتی خواجه نصیرالدین طوسی - تهران
1392,ریاضی,6088,569,منطقه سه,مهندسی مکانیک,دانشگاه تبریز
1392,ریاضی,6094,570,منطقه سه,مهندسی شیمی,دانشگاه صنعتی اصفهان
1392,ریاضی,6094,570,منطقه سه,مهندسی صنایع,دانشگاه صنعتی شیراز
1392,ریاضی,6108,574,منطقه سه,مهندسی مکانیک,دانشگاه شهید باهنر - کرمان
1392,ریاضی,6113,575,منطقه سه,مهندسی شیمی,دانشگاه صنعتی اصفهان
1392,ریاضی,6113,575,منطقه سه,مهندسی مواد,دانشگاه تهران
1392,ریاضی,6135,577,منطقه سه,دبیری ریاضی,پردیس دکتر شریعتی - ساری
1392,ریاضی,6135,577,منطقه سه,مهندسی برق,دانشگاه شیراز
1392,ریاضی,6183,579,منطقه سه,دبیری ریاضی,پردیس دکتر شریعتی - ساری
1392,ریاضی,6192,580,منطقه سه,مهندسی مکانیک,دانشگاه صنعتی خواجه نصیرالدین طوسی - تهران
1392,ریاضی,6228,583,منطقه سه,مهندسی نفت,دانشگاه شیراز
1392,ریاضی,6247,584,منطقه سه,مهندسی مکانیک,دانشگاه شیراز
1392,ریاضی,6268,585,منطقه سه,مهندسی برق,دانشگاه شهید چمران اهواز
1392,ریاضی,6268,585,منطقه سه,مهندسی مکانیک,دانشگاه اصفهان
1392,ریاضی,6268,585,منطقه سه,مهندسی مکانیک,دانشگاه بوعلی سینا - همدان
1392,ریاضی,6283,588,منطقه سه,مهندسی مکانیک,دانشگاه تربیت دبیر شهید رجایی - تهران
1392,ریاضی,6310,591,منطقه سه,مهندسی عمران,دانشگاه شاهرود
1392,ریاضی,6325,592,منطقه سه,مهندسی عمران,دانشگاه خوارزمی تهران
1392,ریاضی,6325,592,منطقه سه,مهندسی پزشکی,دانشگاه اصفهان
1392,ریاضی,6334,595,منطقه سه,دبیری ریاضی,پردیس شهید چمران - تهران
1392,ریاضی,6334,595,منطقه سه,دبیری ریاضی,پردیس نسیبه - تهران
1392,ریاضی,6334,595,منطقه سه,مهندسی مکانیک,دانشگاه شهید بهشتی - تهران
1392,ریاضی,6334,595,منطقه سه,مهندسی مکانیک,دانشگاه شیراز
1392,ریاضی,6343,599,منطقه سه,مهندسی کامپیوتر,دانشگاه صنعتی خواجه نصیرالدین طوسی - تهران
1392,ریاضی,6349,600,منطقه سه,مهندسی ایمنی,دانشگاه صنعت نفت
1392,ریاضی,6349,600,منطقه سه,مهندسی مکانیک,دانشگاه گیلان - رشت
1392,ریاضی,6349,600,منطقه سه,مهندسی کامپیوتر,دانشگاه شهید بهشتی - تهران
1392,ریاضی,6362,604,منطقه سه,مهندسی عمران,دانشگاه تبریز
1392,ریاضی,6397,608,منطقه سه,مهندسی ایمنی,دانشگاه صنعت نفت
1392,ریاضی,6397,608,منطقه سه,مهندسی برق,دانشگاه شهید باهنر - کرمان
1392,ریاضی,6402,610,منطقه سه,مهندسی عمران,دانشگاه بین المللی امام خمینی(ره) - قزوین
1392,ریاضی,6402,610,منطقه سه,مهندسی کامپیوتر,دانشگاه خلیج فارس - بوشهر
1392,ریاضی,6413,612,منطقه سه,دبیری فیزیک,پردیس نسیبه - تهران
1392,ریاضی,6413,612,منطقه سه,مهندسی برق,دانشگاه شیراز
1392,ریاضی,6413,612,منطقه سه,مهندسی نفت,دانشگاه تهران
1392,ریاضی,6434,616,منطقه سه,مهندسی برق,دانشگاه فردوسی - مشهد
1392,ریاضی,6451,617,منطقه سه,مهندسی برق,دانشگاه اصفهان
1392,ریاضی,6458,618,منطقه سه,مهندسی برق,دانشگاه شیراز
1392,ریاضی,6484,620,منطقه سه,مهندسی برق,دانشگاه تبریز
1392,ریاضی,6484,620,منطقه سه,مهندسی برق,دانشگاه شیراز
1392,ریاضی,6499,623,منطقه سه,مهندسی مواد,دانشگاه صنعتی شریف - تهران
1392,ریاضی,6510,624,منطقه سه,مهندسی کامپیوتر,دانشگاه شیراز
1392,ریاضی,6521,626,منطقه سه,علوم قضایی,دانشگاه علوم قضایی و خدمات ادارای - وابسته به قوه قضاییه
1392,ریاضی,6530,629,منطقه سه,مهندسی ایمنی,دانشگاه صنعت نفت
1392,ریاضی,6534,630,منطقه سه,مهندسی مکانیک,دانشگاه گیلان - رشت
1392,ریاضی,6558,633,منطقه سه,مهندسی برق,دانشگاه صنعتی شیراز
1392,ریاضی,6581,637,منطقه سه,مهندسی مکانیک,دانشگاه گیلان - رشت
1392,ریاضی,6601,639,منطقه سه,مهندسی شیمی,دانشگاه تبریز
1392,ریاضی,6610,641,منطقه سه,علوم تربیتی,پردیس شهید هاشمی نژاد - مشهد
1392,ریاضی,6610,641,منطقه سه,مهندسی برق,دانشگاه شهید باهنر - کرمان
1392,ریاضی,6610,641,منطقه سه,مهندسی شیمی,دانشگاه صنعت نفت
1392,ریاضی,6615,644,منطقه سه,مهندسی عمران,دانشگاه گیلان - رشت
1392,ریاضی,6632,645,منطقه سه,مهندسی کامپیوتر,دانشگاه علم و صنعت ایران - تهران
1392,ریاضی,6645,646,منطقه سه,دبیری فیزیک,پردیس شهید پاک نژاد - یزد
1392,ریاضی,6645,646,منطقه سه,مهندسی کامپیوتر,دانشگاه شیراز
1392,ریاضی,6671,651,منطقه سه,مهندسی برق,دانشگاه صنعتی شیراز
1392,ریاضی,6683,652,منطقه سه,دبیری ریاضی,پردیس علامه طباطبایی - ارومیه
1392,ریاضی,6683,652,منطقه سه,مهندسی برق,دانشگاه شیراز
1392,ریاضی,6717,655,منطقه سه,مهندسی پلیمر,دانشگاه صنعتی امیرکبیر - تهران
1392,ریاضی,6725,656,منطقه سه,مهندسی برق,دانشگاه بین المللی امام خمینی(ره) - قزوین
1392,ریاضی,6729,657,منطقه سه,مهندسی مکانیک,دانشگاه گیلان - رشت
1392,ریاضی,6729,657,منطقه سه,مهندسی نفت,دانشگاه شیراز
1392,ریاضی,6741,660,منطقه سه,مهندسی برق,دانشگاه بین المللی امام خمینی(ره) - قزوین
1392,ریاضی,6741,660,منطقه سه,مهندسی معدن,دانشگاه تهران
1392,ریاضی,6741,660,منطقه سه,مهندسی مکانیک,دانشگاه تربیت دبیر شهید رجایی - تهران
1392,ریاضی,6756,663,منطقه سه,مدیریت صنعتی,دانشگاه شهید بهشتی - تهران
1392,ریاضی,6761,664,منطقه سه,مهندسی مکانیک,دانشگاه تربیت دبیر شهید رجایی - تهران
1392,ریاضی,6792,666,منطقه سه,دبیری فیزیک,پردیس دکتر شریعتی - ساری
1392,ریاضی,6801,667,منطقه سه,مهندسی برق,دانشگاه شهید باهنر - کرمان
1392,ریاضی,6801,667,منطقه سه,مهندسی برق,دانشگاه شهید چمران اهواز
1392,ریاضی,6816,669,منطقه سه,دبیری ریاضی,پردیس شهید باهنر - همدان
1392,ریاضی,6832,670,منطقه سه,مهندسی کامپیوتر,دانشگاه صنعتی خواجه نصیرالدین طوسی - تهران
1392,ریاضی,6840,671,منطقه سه,مهندسی معماری,دانشگاه تربیت دبیر شهید رجایی - تهران
1392,ریاضی,6840,671,منطقه سه,مهندسی مواد,دانشگاه صنعتی اصفهان
1392,ریاضی,6847,674,منطقه سه,مهندسی کامپیوتر,دانشگاه علم و صنعت ایران - تهران
1392,ریاضی,6863,677,منطقه سه,مهندسی مکانیک,دانشگاه شهید چمران اهواز
1392,ریاضی,6875,679,منطقه سه,دبیری فیزیک,پردیس دکتر شریعتی - ساری
1392,ریاضی,6875,679,منطقه سه,مهندسی کامپیوتر,دانشگاه علم و صنعت ایران - تهران
1392,ریاضی,6899,684,منطقه سه,مهندسی کامپیوتر,دانشگاه شهید بهشتی - تهران
1392,ریاضی,6932,687,منطقه سه,مهندسی کامپیوتر,دانشگاه صنعتی اصفهان
1392,ریاضی,6950,689,منطقه سه,مهندسی ایمنی,دانشگاه صنعت نفت
1392,ریاضی,6960,690,منطقه سه,مهندسی عمران,دانشگاه تربیت دبیر شهید رجایی - تهران
1392,ریاضی,6960,690,منطقه سه,مهندسی عمران,دانشگاه شهید باهنر - کرمان
1392,ریاضی,6973,693,منطقه سه,مهندسی مکانیک,دانشگاه صنعتی اصفهان
1392,ریاضی,6973,693,منطقه سه,مهندسی هوافضا,دانشگاه صنعتی خواجه نصیرالدین طوسی - تهران
1392,ریاضی,7017,698,منطقه سه,مهندسی شیمی,دانشگاه تهران
1392,ریاضی,7044,703,منطقه سه,مهندسی عمران,دانشگاه صنعتی بابل
1392,ریاضی,7048,704,منطقه سه,دبیری ریاضی,پردیس دکتر شریعتی - ساری
1392,ریاضی,7064,706,منطقه سه,مهندسی مکانیک,دانشگاه شهید چمران اهواز
1392,ریاضی,7086,709,منطقه سه,فیزیک مهندسی,دانشگاه تهران
1392,ریاضی,7086,709,منطقه سه,مهندسی نفت,دانشگاه تهران
1392,ریاضی,7094,711,منطقه سه,مهندسی ایمنی,دانشگاه صنعت نفت
1392,ریاضی,7108,713,منطقه سه,مهندسی مواد,دانشگاه تهران
1392,ریاضی,7117,714,منطقه سه,مهندسی مواد,دانشگاه تهران
1392,ریاضی,7137,715,منطقه سه,مهندسی عمران,دانشگاه بوعلی سینا - همدان
1392,ریاضی,7151,716,منطقه سه,مهندسی عمران,دانشگاه گیلان - رشت
1392,ریاضی,7172,719,منطقه سه,مهندسی مواد,دانشگاه صنعتی خواجه نصیرالدین طوسی - تهران
1392,ریاضی,7180,722,منطقه سه,مهندسی عمران,دانشگاه الزهرا(س) - تهران
1392,ریاضی,7190,724,منطقه سه,دبیری ریاضی,پردیس دکتر شریعتی - ساری
1392,ریاضی,7190,724,منطقه سه,مهندسی برق,دانشگاه بوعلی سینا - همدان
1392,ریاضی,7254,728,منطقه سه,مهندسی شیمی,دانشگاه صنعتی اصفهان
1392,ریاضی,7254,728,منطقه سه,مهندسی معماری,دانشکده فنی وحرفه ای دختران تهران (دکتر شریعتی)
1392,ریاضی,7259,730,منطقه سه,فیزیک,دانشگاه صنعتی خواجه نصیرالدین طوسی - تهران
1392,ریاضی,7259,730,منطقه سه,مهندسی مکانیک,دانشگاه صنعتی بابل
1392,ریاضی,7268,732,منطقه سه,دبیری ریاضی,پردیس شهید چمران - تهران
1392,ریاضی,7277,733,منطقه سه,مهندسی ایمنی,دانشگاه صنعت نفت
1392,ریاضی,7304,734,منطقه سه,فیزیک,دانشگاه علم و صنعت ایران - تهران
1392,ریاضی,7317,735,منطقه سه,مهندسی شیمی,دانشگاه تهران
1392,ریاضی,7331,737,منطقه سه,علوم تربیتی,پردیس امیر کبیر - کرج
1392,ریاضی,7350,738,منطقه سه,علوم مهندسی,دانشگاه تهران
1392,ریاضی,7350,738,منطقه سه,فیزیک,دانشگاه شهید بهشتی - تهران
1392,ریاضی,7350,738,منطقه سه,مهندسی مکانیک,دانشگاه تربیت دبیر شهید رجایی - تهران
1392,ریاضی,7350,738,منطقه سه,مهندسی کامپیوتر,دانشگاه اصفهان
1392,ریاضی,7395,744,منطقه سه,مهندسی ایمنی,دانشگاه صنعت نفت
1392,ریاضی,7401,746,منطقه سه,مهندسی مکانیک,دانشگاه شهید باهنر - کرمان
1392,ریاضی,7435,747,منطقه سه,مهندسی مکانیک,دانشگاه زنجان
1392,ریاضی,7449,748,منطقه سه,ریاضیات وکاربردها,دانشگاه تهران
1392,ریاضی,7449,748,منطقه سه,مهندسی برق,دانشگاه صنعتی بابل
1392,ریاضی,7456,751,منطقه سه,مهندسی مکانیک,دانشگاه بوعلی سینا - همدان
1392,ریاضی,7477,752,منطقه سه,دبیری ریاضی,پردیس امام خمینی - گرگان
1392,ریاضی,7496,753,منطقه سه,مهندسی شهرسازی,دانشگاه فردوسی - مشهد
1392,ریاضی,7502,754,منطقه سه,مهندسی مکانیک,دانشگاه بوعلی سینا - همدان
1392,ریاضی,7508,755,منطقه سه,مهندسی شیمی,دانشگاه فردوسی - مشهد
1392,ریاضی,7508,755,منطقه سه,مهندسی عمران,دانشگاه شهید چمران اهواز
1392,ریاضی,7532,758,منطقه سه,دبیری ریاضی,پردیس شهید چمران - تهران
1392,ریاضی,7532,758,منطقه سه,مهندسی مکانیک,دانشگاه تربیت دبیر شهید رجایی - تهران
1392,ریاضی,7548,761,منطقه سه,مهندسی مکانیک,دانشگاه شیراز
1392,ریاضی,7557,762,منطقه سه,مهندسی صنایع,دانشکده سلامت ایمنی و محیط زیست - وابسته به علوم پزشکی شهید بهشتی - تهران
1392,ریاضی,7569,764,منطقه سه,مهندسی مکانیک,دانشگاه شهید باهنر - کرمان
1392,ریاضی,7598,767,منطقه سه,مهندسی شیمی,دانشگاه فردوسی - مشهد
1392,ریاضی,7598,767,منطقه سه,مهندسی عمران,دانشگاه زنجان
1392,ریاضی,7606,769,منطقه سه,مهندسی پزشکی,دانشگاه اصفهان
1392,ریاضی,7652,770,منطقه سه,مهندسی عمران,دانشگاه صنعتی بابل
1392,ریاضی,7659,771,منطقه سه,مهندسی شیمی,دانشگاه تبریز
1392,ریاضی,7666,772,منطقه سه,مهندسی نفت,دانشگاه تهران
1392,ریاضی,7675,773,منطقه سه,مهندسی شیمی,دانشگاه اصفهان
1392,ریاضی,7675,773,منطقه سه,مهندسی نفت,دانشگاه تهران
1392,ریاضی,7745,778,منطقه سه,مهندسی معماری,دانشگاه تربیت دبیر شهید رجایی - تهران
1392,ریاضی,7750,779,منطقه سه,دبیری ریاضی,پردیس علامه طباطبایی - ارومیه
1392,ریاضی,7760,780,منطقه سه,مهندسی شیمی,دانشگاه شیراز
1392,ریاضی,7770,781,منطقه سه,مهندسی شهرسازی,دانشگاه هنر تهران
1392,ریاضی,7788,783,منطقه سه,علوم قضایی,دانشگاه علوم قضایی و خدمات ادارای - وابسته به قوه قضاییه
1392,ریاضی,7805,787,منطقه سه,مهندسی کامپیوتر,دانشگاه علم و صنعت ایران - تهران
1392,ریاضی,7840,792,منطقه سه,مهندسی برق,دانشگاه شهید بهشتی - تهران
1392,ریاضی,7872,795,منطقه سه,علوم تربیتی,پردیس شهید باهنر - همدان
1392,ریاضی,7926,798,منطقه سه,مهندسی برق,دانشگاه کاشان
1392,ریاضی,7944,801,منطقه سه,مهندسی مکانیک,دانشگاه بوعلی سینا - همدان
1392,ریاضی,7955,802,منطقه سه,مهندسی شیمی,دانشگاه فردوسی - مشهد
1392,ریاضی,7963,803,منطقه سه,مهندسی مکانیک,دانشگاه شهید چمران اهواز
1392,ریاضی,8005,805,منطقه سه,علوم قضایی,دانشگاه علوم قضایی و خدمات ادارای - وابسته به قوه قضاییه
1392,ریاضی,8022,807,منطقه سه,مهندسی برق,دانشگاه صنعتی سهند - تبریز
1392,ریاضی,8052,810,منطقه سه,مهندسی مکانیک,دانشگاه شهید چمران اهواز
1392,ریاضی,8074,811,منطقه سه,مهندسی ایمنی,دانشگاه صنعت نفت
1392,ریاضی,8074,811,منطقه سه,مهندسی کامپیوتر,دانشگاه صنعتی خواجه نصیرالدین طوسی - تهران
1392,ریاضی,8084,813,منطقه سه,دبیری ریاضی,پردیس نسیبه - تهران
1392,ریاضی,8090,814,منطقه سه,مهندسی کامپیوتر,دانشگاه سمنان
1392,ریاضی,8114,818,منطقه سه,علوم تربیتی,پردیس شهید هاشمی نژاد - مشهد
1392,ریاضی,8114,818,منطقه سه,مهندسی برق,دانشگاه ارومیه
1392,ریاضی,8125,820,منطقه سه,مهندسی کامپیوتر,دانشگاه صنعتی خواجه نصیرالدین طوسی - تهران
1392,ریاضی,8143,825,منطقه سه,مهندسی مکانیک,دانشگاه بوعلی سینا - همدان
1392,ریاضی,8161,827,منطقه سه,مهندسی نفت,دانشگاه تهران
1392,ریاضی,8174,829,منطقه سه,مهندسی برق,دانشگاه بوعلی سینا - همدان
1392,ریاضی,8174,829,منطقه سه,مهندسی کامپیوتر,دانشگاه صنعتی خواجه نصیرالدین طوسی - تهران
1392,ریاضی,8190,831,منطقه سه,مهندسی ایمنی,دانشگاه صنعت نفت
1392,ریاضی,8190,831,منطقه سه,مهندسی عمران,دانشگاه صنعتی بابل
1392,ریاضی,8198,833,منطقه سه,مهندسی معماری,دانشگاه تربیت دبیر شهید رجایی - تهران
1392,ریاضی,8211,835,منطقه سه,مهندسی عمران,دانشگاه تربیت دبیر شهید رجایی - تهران
1392,ریاضی,8211,835,منطقه سه,مهندسی مکانیک,دانشگاه گیلان - رشت
1392,ریاضی,8220,837,منطقه سه,مهندسی شیمی,دانشگاه فردوسی - مشهد
1392,ریاضی,8220,837,منطقه سه,مهندسی عمران,دانشگاه بیرجند
1392,ریاضی,8233,841,منطقه سه,مدیریت مالی,دانشگاه شهید بهشتی - تهران
1392,ریاضی,8240,842,منطقه سه,مهندسی ایمنی,دانشگاه صنعت نفت
1392,ریاضی,8240,842,منطقه سه,مهندسی مکانیک,دانشگاه تربیت دبیر شهید رجایی - تهران
1392,ریاضی,8249,844,منطقه سه,مهندسی مواد,دانشگاه صنعتی اصفهان
1392,ریاضی,8257,846,منطقه سه,مهندسی مکانیک,دانشگاه صنعتی بابل
1392,ریاضی,8405,852,منطقه سه,مهندسی صنایع,دانشگاه فردوسی - مشهد
1392,ریاضی,8412,854,منطقه سه,مهندسی شیمی,دانشگاه فردوسی - مشهد
1392,ریاضی,8420,856,منطقه سه,کاردانی تعمیرونگهداری هواپیما,مرکز آموزش عالی هوانوردی و فرودگاهی کشور
1392,ریاضی,8460,860,منطقه سه,دبیری ریاضی,پردیس فاطمه الزهرا (س) - یزد
1392,ریاضی,8460,860,منطقه سه,مهندسی برق,دانشگاه صنعتی شیراز
1392,ریاضی,8460,860,منطقه سه,مهندسی عمران,دانشگاه تبریز
1392,ریاضی,8470,863,منطقه سه,علوم تربیتی,پردیس الزهرا(س)-سمنان
1392,ریاضی,8483,865,منطقه سه,مهندسی عمران,دانشگاه زنجان
1392,ریاضی,8502,866,منطقه سه,مهندسی کامپیوتر,دانشگاه فردوسی - مشهد
1392,ریاضی,8534,869,منطقه سه,مهندسی نفت,دانشگاه شیراز
1392,ریاضی,8563,873,منطقه سه,مهندسی برق,دانشگاه صنعتی بابل
1392,ریاضی,8581,874,منطقه سه,مهندسی برق,دانشگاه شهید باهنر - کرمان
1392,ریاضی,8602,875,منطقه سه,مهندسی شیمی,دانشگاه شیراز
1392,ریاضی,8610,878,منطقه سه,مهندسی کامپیوتر,دانشگاه شهید بهشتی - تهران
1392,ریاضی,8641,882,منطقه سه,مهندسی برق,دانشگاه بوعلی سینا - همدان
1392,ریاضی,8647,884,منطقه سه,مهندسی برق,دانشگاه صنعتی سهند - تبریز
1392,ریاضی,8663,887,منطقه سه,مهندسی مکانیک,دانشگاه بوعلی سینا - همدان
1392,ریاضی,8711,890,منطقه سه,علوم تربیتی,پردیس فاطمه الزهرا (س) - اهواز
1392,ریاضی,8719,892,منطقه سه,مهندسی شیمی,دانشگاه اصفهان
1392,ریاضی,8719,892,منطقه سه,مهندسی نفت,دانشگاه شیراز
1392,ریاضی,8745,894,منطقه سه,علوم تربیتی,پردیس شهید باهنر - شیراز
1392,ریاضی,8745,894,منطقه سه,مهندسی پزشکی,دانشگاه صنعتی همدان
1392,ریاضی,8756,898,منطقه سه,مهندسی کامپیوتر,دانشگاه خوارزمی تهران
1392,ریاضی,8784,899,منطقه سه,مهندسی عمران,دانشگاه گیلان - رشت
1392,ریاضی,8794,901,منطقه سه,مهندسی برق,دانشگاه تربیت دبیر شهید رجایی - تهران
1392,ریاضی,8816,904,منطقه سه,مهندسی صنایع,دانشگاه الزهرا(س) - تهران
1392,ریاضی,8816,904,منطقه سه,مهندسی عمران,دانشگاه تبریز
1392,ریاضی,8816,904,منطقه سه,مهندسی مکانیک,دانشگاه کاشان
1392,ریاضی,8826,908,منطقه سه,علوم کامپیوتر,دانشگاه تهران
1392,ریاضی,8826,908,منطقه سه,مهندسی مکانیک,دانشگاه شهید چمران اهواز
1392,ریاضی,8835,910,منطقه سه,مهندسی مکانیک,دانشگاه شهید چمران اهواز
1392,ریاضی,8843,911,منطقه سه,مهندسی عمران,دانشگاه زنجان
1392,ریاضی,8843,911,منطقه سه,مهندسی کامپیوتر,دانشگاه شهید بهشتی - تهران
1392,ریاضی,8853,913,منطقه سه,دبیری ریاضی,پردیس شهید باهنر - همدان
1392,ریاضی,8860,915,منطقه سه,مهندسی برق,دانشگاه صنعتی سهند - تبریز
1392,ریاضی,8860,915,منطقه سه,مهندسی ماشین های ریلی,دانشگاه علم و صنعت ایران - تهران
1392,ریاضی,8889,920,منطقه سه,مهندسی برق,دانشگاه گیلان - رشت
1392,ریاضی,8901,921,منطقه سه,مهندسی شیمی,دانشگاه تبریز
1392,ریاضی,8922,922,منطقه سه,مهندسی کامپیوتر,دانشگاه شهید بهشتی - تهران
1392,ریاضی,8929,923,منطقه سه,مهندسی مواد,دانشگاه علم و صنعت ایران - تهران
1392,ریاضی,8943,924,منطقه سه,مهندسی مکانیک,دانشگاه گیلان - رشت
1392,ریاضی,8961,926,منطقه سه,مهندسی کامپیوتر,دانشگاه الزهرا(س) - تهران
1392,ریاضی,8968,927,منطقه سه,دبیری ریاضی,پردیس فاطمه الزهرا (س) - یزد
1392,ریاضی,8968,927,منطقه سه,مهندسی شیمی,دانشگاه شهید باهنر - کرمان
1392,ریاضی,8995,930,منطقه سه,مهندسی عمران,دانشگاه گیلان - رشت
1392,ریاضی,9001,932,منطقه سه,مهندسی کامپیوتر,دانشگاه الزهرا(س) - تهران
1392,ریاضی,9029,936,منطقه سه,مهندسی برق,دانشگاه گیلان - رشت
1392,ریاضی,9029,936,منطقه سه,مهندسی مواد,دانشگاه علم و صنعت ایران - تهران
1392,ریاضی,9039,938,منطقه سه,مهندسی برق,دانشگاه صنعتی شیراز
1392,ریاضی,9047,939,منطقه سه,مهندسی عمران,دانشگاه گیلان - رشت
1392,ریاضی,9083,941,منطقه سه,مهندسی برق,دانشگاه تربیت دبیر شهید رجایی - تهران
1392,ریاضی,9101,943,منطقه سه,مهندسی مکانیک,دانشگاه صنعتی بابل
1392,ریاضی,9108,944,منطقه سه,مهندسی برق,دانشگاه صنعتی سهند - تبریز
1392,ریاضی,9108,944,منطقه سه,مهندسی شیمی,دانشگاه فردوسی - مشهد
1392,ریاضی,9108,944,منطقه سه,مهندسی کامپیوتر,دانشگاه صنعتی اصفهان
1392,ریاضی,9122,947,منطقه سه,مهندسی برق,دانشگاه یزد
1392,ریاضی,9122,947,منطقه سه,مهندسی مکانیک,دانشگاه رازی کرمانشاه
1392,ریاضی,9156,950,منطقه سه,مهندسی کامپیوتر,دانشگاه تربیت دبیر شهید رجایی - تهران
1392,ریاضی,9178,951,منطقه سه,دبیری ریاضی,پردیس زینبیه - پیشوا
1392,ریاضی,9182,953,منطقه سه,مهندسی عمران,دانشگاه تبریز
1392,ریاضی,9193,954,منطقه سه,دبیری ریاضی,پردیس دکتر شریعتی - ساری
1392,ریاضی,9193,954,منطقه سه,علوم تربیتی,پردیس کوثر - یاسوج
1392,ریاضی,9193,954,منطقه سه,مهندسی برق,دانشگاه صنعتی قم
1392,ریاضی,9204,957,منطقه سه,مهندسی برق,دانشگاه بوعلی سینا - همدان
1392,ریاضی,9204,957,منطقه سه,مهندسی برق,دانشگاه گیلان - رشت
1392,ریاضی,9212,959,منطقه سه,مهندسی برق,دانشگاه شهید چمران اهواز
1392,ریاضی,9233,960,منطقه سه,علوم تربیتی,پردیس شهید باهنر - بیرجند
1392,ریاضی,9240,961,منطقه سه,دبیری فیزیک,پردیس شهید پاک نژاد - یزد
1392,ریاضی,9240,961,منطقه سه,مهندسی برق,دانشگاه شهید چمران اهواز
1392,ریاضی,9263,964,منطقه سه,مهندسی عمران,دانشگاه زنجان
1392,ریاضی,9292,968,منطقه سه,مهندسی برق,دانشگاه شهید چمران اهواز
1392,ریاضی,9292,968,منطقه سه,مهندسی کامپیوتر,دانشگاه صنعتی خواجه نصیرالدین طوسی - تهران
1392,ریاضی,9299,972,منطقه سه,دبیری ریاضی,پردیس شهید باهنر - همدان
1392,ریاضی,9313,973,منطقه سه,مهندسی کامپیوتر,دانشگاه تربیت دبیر شهید رجایی - تهران
1392,ریاضی,9363,976,منطقه سه,مهندسی برق,دانشگاه تربیت دبیر شهید رجایی - تهران
1392,ریاضی,9425,982,منطقه سه,مهندسی صنایع,دانشگاه بوعلی سینا - همدان
1392,ریاضی,9433,983,منطقه سه,مهندسی عمران,دانشگاه ارومیه
1392,ریاضی,9446,985,منطقه سه,مهندسی برق,دانشگاه صنعتی شیراز
1392,ریاضی,9485,991,منطقه سه,مهندسی شیمی,دانشگاه فردوسی - مشهد
1392,ریاضی,9495,992,منطقه سه,دبیری ریاضی,پردیس دکتر شریعتی - ساری
1392,ریاضی,9550,995,منطقه سه,مهندسی شهرسازی,دانشگاه فردوسی - مشهد
1392,ریاضی,9550,995,منطقه سه,مهندسی صنایع,دانشگاه صنعتی بابل
1392,ریاضی,9550,995,منطقه سه,مهندسی عمران,دانشگاه اصفهان
1392,انسانی,1,1,منطقه یک,حقوق,دانشگاه تهران
1392,انسانی,2,2,منطقه یک,روانشناسی,دانشگاه تهران
1392,انسانی,4,4,منطقه یک,حقوق,دانشگاه تهران
1392,انسانی,5,5,منطقه یک,حقوق,دانشگاه شهید بهشتی - تهران
1392,انسانی,7,1,منطقه دو,حقوق,دانشگاه شهید بهشتی - تهران
1392,انسانی,9,3,منطقه دو,روانشناسی,دانشگاه تهران
1392,انسانی,10,4,منطقه دو,روانشناسی,دانشگاه تهران
1392,انسانی,11,7,منطقه یک,حقوق,دانشگاه تهران
1392,انسانی,12,8,منطقه یک,حقوق,دانشگاه تهران
1392,انسانی,14,5,منطقه دو,حقوق,دانشگاه تهران
1392,انسانی,15,10,منطقه یک,روانشناسی,دانشگاه تهران
1392,انسانی,21,7,منطقه دو,حقوق,دانشگاه بوعلی سینا - همدان
1392,انسانی,23,16,منطقه یک,حقوق,دانشگاه شهید بهشتی - تهران
1392,انسانی,24,8,منطقه دو,حقوق,دانشگاه تهران
1392,انسانی,25,17,منطقه یک,حقوق,دانشگاه تهران
1392,انسانی,26,9,منطقه دو,حقوق,دانشگاه تهران
1392,انسانی,27,10,منطقه دو,حقوق,دانشگاه تهران
1392,انسانی,28,11,منطقه دو,دبیری زبان وادبیات عربی,پردیس فاطمه الزهرا(س) ساری
1392,انسانی,33,22,منطقه یک,روانشناسی,دانشگاه علامه طباطبایی - تهران
1392,انسانی,35,12,منطقه دو,حقوق,دانشگاه شهید بهشتی - تهران
1392,انسانی,39,25,منطقه یک,حقوق,دانشگاه شهید بهشتی - تهران
1392,انسانی,40,14,منطقه دو,حقوق,دانشگاه تهران
1392,انسانی,41,15,منطقه دو,حقوق,دانشگاه شهید بهشتی - تهران
1392,انسانی,42,16,منطقه دو,حقوق,دانشگاه تهران
1392,انسانی,44,26,منطقه یک,علوم اجتماعی,دانشگاه تهران
1392,انسانی,47,28,منطقه یک,حقوق,دانشگاه شهید بهشتی - تهران
1392,انسانی,48,29,منطقه یک,حقوق,دانشگاه شهید بهشتی - تهران
1392,انسانی,50,31,منطقه یک,حقوق,دانشگاه شهید بهشتی - تهران
1392,انسانی,52,18,منطقه دو,حقوق,دانشگاه تهران
1392,انسانی,54,19,منطقه دو,روانشناسی,دانشگاه شهید بهشتی - تهران
1392,انسانی,56,35,منطقه یک,حقوق,دانشگاه شهید بهشتی - تهران
1392,انسانی,57,20,منطقه دو,حقوق,دانشگاه تهران
1392,انسانی,58,21,منطقه دو,علوم قضایی,دانشگاه علوم قضایی و خدمات ادارای - وابسته به قوه قضاییه
1392,انسانی,59,22,منطقه دو,حقوق,دانشگاه تهران
1392,انسانی,60,36,منطقه یک,مدیریت مالی,دانشگاه تهران
1392,انسانی,63,39,منطقه یک,حقوق,دانشگاه تهران
1392,انسانی,65,23,منطقه دو,حقوق,دانشگاه تهران
1392,انسانی,66,41,منطقه یک,حقوق,دانشگاه شهید بهشتی - تهران
1392,انسانی,68,42,منطقه یک,حقوق,دانشگاه تهران
1392,انسانی,70,44,منطقه یک,حقوق,دانشگاه شهید بهشتی - تهران
1392,انسانی,71,45,منطقه یک,حقوق,دانشگاه شهید بهشتی - تهران
1392,انسانی,73,47,منطقه یک,حقوق,دانشگاه تهران
1392,انسانی,74,25,منطقه دو,دبیری زبان وادبیات فارسی,پردیس شهید هاشمی نژاد - مشهد
1392,انسانی,77,50,منطقه یک,علوم اجتماعی,دانشگاه تهران
1392,انسانی,78,26,منطقه دو,حقوق,دانشگاه تهران
1392,انسانی,81,53,منطقه یک,روانشناسی,دانشگاه شیراز
1392,انسانی,82,27,منطقه دو,حقوق,دانشگاه تهران
1392,انسانی,85,1,منطقه سه,حقوق,دانشگاه شهید بهشتی - تهران
1392,انسانی,86,55,منطقه یک,روانشناسی,دانشگاه شهید بهشتی - تهران
1392,انسانی,87,56,منطقه یک,حقوق,دانشگاه شهید بهشتی - تهران
1392,انسانی,88,2,منطقه سه,حقوق,دانشگاه تهران
1392,انسانی,90,29,منطقه دو,حقوق,دانشگاه شهید بهشتی - تهران
1392,انسانی,94,30,منطقه دو,روانشناسی,دانشگاه علامه طباطبایی - تهران
1392,انسانی,95,31,منطقه دو,حقوق,دانشگاه شهید بهشتی - تهران
1392,انسانی,97,62,منطقه یک,روانشناسی,دانشگاه اصفهان
1392,انسانی,99,32,منطقه دو,حقوق,دانشگاه شهید بهشتی - تهران
1392,انسانی,100,33,منطقه دو,حقوق,دانشگاه تهران
1392,انسانی,100,64,منطقه یک,روانشناسی,دانشگاه تهران
1392,انسانی,103,66,منطقه یک,حقوق,دانشگاه اصفهان
1392,انسانی,106,68,منطقه یک,حقوق,دانشگاه شهید بهشتی - تهران
1392,انسانی,107,69,منطقه یک,حقوق,دانشگاه شهید بهشتی - تهران
1392,انسانی,108,70,منطقه یک,روانشناسی,دانشگاه فردوسی - مشهد
1392,انسانی,111,36,منطقه دو,حقوق,دانشگاه شهید بهشتی - تهران
1392,انسانی,113,4,منطقه سه,دبیری علوم اجتماعی,پردیس شهید هاشمی نژاد - مشهد
1392,انسانی,115,73,منطقه یک,حقوق,دانشگاه شهید بهشتی - تهران
1392,انسانی,116,74,منطقه یک,حقوق,دانشگاه شهید بهشتی - تهران
1392,انسانی,118,76,منطقه یک,حقوق,دانشگاه شهید بهشتی - تهران
1392,انسانی,120,78,منطقه یک,حقوق,دانشگاه تهران
1392,انسانی,121,37,منطقه دو,علوم سیاسی,دانشگاه تهران
1392,انسانی,122,38,منطقه دو,حقوق,دانشگاه علامه طباطبایی - تهران
1392,انسانی,123,79,منطقه یک,حقوق,دانشگاه شهید بهشتی - تهران
1392,انسانی,124,39,منطقه دو,حقوق,دانشگاه تهران
1392,انسانی,125,40,منطقه دو,علوم قضایی,دانشگاه علوم قضایی و خدمات ادارای - وابسته به قوه قضاییه
1392,انسانی,126,41,منطقه دو,کارشناسی ارشدعلوم قضایی,دانشگاه علوم قضایی و خدمات ادارای - وابسته به قوه قضاییه
1392,انسانی,127,42,منطقه دو,حقوق,دانشگاه شهید بهشتی - تهران
1392,انسانی,129,43,منطقه دو,علوم اجتماعی,دانشگاه تهران
1392,انسانی,131,44,منطقه دو,علوم قضایی,دانشگاه علوم قضایی و خدمات ادارای - وابسته به قوه قضاییه
1392,انسانی,134,83,منطقه یک,حقوق,دانشگاه شهید بهشتی - تهران
1392,انسانی,135,84,منطقه یک,حسابداری,دانشگاه تهران
1392,انسانی,139,88,منطقه یک,زبان وادبیات فارسی,دانشگاه شیراز
1392,انسانی,140,89,منطقه یک,حقوق,دانشگاه شهید بهشتی - تهران
1392,انسانی,141,90,منطقه یک,حقوق,دانشگاه فردوسی - مشهد
1392,انسانی,143,91,منطقه یک,حقوق,دانشگاه شهید بهشتی - تهران
1392,انسانی,144,92,منطقه یک,حقوق,دانشگاه شهید بهشتی - تهران
1392,انسانی,147,94,منطقه یک,حقوق,دانشگاه فردوسی - مشهد
1392,انسانی,150,47,منطقه دو,روانشناسی,دانشگاه شهید بهشتی - تهران
1392,انسانی,152,49,منطقه دو,حقوق,دانشگاه شهید بهشتی - تهران
1392,انسانی,157,100,منطقه یک,حقوق,دانشگاه شهید بهشتی - تهران
1392,انسانی,158,51,منطقه دو,حقوق,دانشگاه شهید بهشتی - تهران
1392,انسانی,160,102,منطقه یک,حقوق,دانشگاه شهید بهشتی - تهران
1392,انسانی,161,103,منطقه یک,مدیریت بازرگانی,دانشگاه تهران
1392,انسانی,162,104,منطقه یک,حقوق,دانشگاه اصفهان
1392,انسانی,163,52,منطقه دو,علوم اجتماعی,دانشگاه تهران
1392,انسانی,164,53,منطقه دو,راهنمایی ومشاوره,دانشگاه تهران
1392,انسانی,165,105,منطقه یک,حقوق,دانشگاه شهید بهشتی - تهران
1392,انسانی,166,54,منطقه دو,حقوق,دانشگاه شهید بهشتی - تهران
1392,انسانی,167,5,منطقه سه,کارشناسی ارشدعلوم قضایی,دانشگاه علوم قضایی و خدمات ادارای - وابسته به قوه قضاییه
1392,انسانی,169,6,منطقه سه,علوم اقتصادی,دانشگاه تهران
1392,انسانی,170,107,منطقه یک,روانشناسی,دانشگاه شیراز
1392,انسانی,172,55,منطقه دو,علوم قضایی,دانشگاه علوم قضایی و خدمات ادارای - وابسته به قوه قضاییه
1392,انسانی,173,56,منطقه دو,راهنمایی ومشاوره,پردیس امام سجاد - بیرجند
1392,انسانی,175,109,منطقه یک,حقوق,دانشگاه شیراز
1392,انسانی,176,110,منطقه یک,روانشناسی,دانشگاه شیراز
1392,انسانی,178,112,منطقه یک,علوم تربیتی,دانشگاه شیراز
1392,انسانی,181,114,منطقه یک,حقوق,دانشگاه شهید بهشتی - تهران
1392,انسانی,182,115,منطقه یک,حقوق,دانشگاه شهید بهشتی - تهران
1392,انسانی,184,117,منطقه یک,حقوق,دانشگاه شهید بهشتی - تهران
1392,انسانی,186,118,منطقه یک,حسابداری,دانشگاه شهید بهشتی - تهران
1392,انسانی,186,118,منطقه یک,علوم تربیتی,پردیس شهید هاشمی نژاد - مشهد
1392,انسانی,189,59,منطقه دو,حقوق,دانشگاه شهید بهشتی - تهران
1392,انسانی,196,8,منطقه سه,حقوق,دانشگاه شهید بهشتی - تهران
1392,انسانی,196,8,منطقه سه,کارشناسی ارشدعلوم قضایی,دانشگاه علوم قضایی و خدمات ادارای - وابسته به قوه قضاییه
1392,انسانی,200,129,منطقه یک,حقوق,دانشگاه شهید بهشتی - تهران
1392,انسانی,201,60,منطقه دو,روانشناسی,دانشگاه خوارزمی تهران
1392,انسانی,205,133,منطقه یک,حقوق,دانشگاه علامه طباطبایی - تهران
1392,انسانی,208,10,منطقه سه,کارشناسی ارشدعلوم قضایی,دانشگاه علوم قضایی و خدمات ادارای - وابسته به قوه قضاییه
1392,انسانی,209,61,منطقه دو,علوم تربیتی,پردیس فاطمه الزهرا (س) - یزد
1392,انسانی,210,136,منطقه یک,حقوق,دانشگاه علامه طباطبایی - تهران
1392,انسانی,212,138,منطقه یک,روانشناسی,دانشگاه فردوسی - مشهد
1392,انسانی,214,63,منطقه دو,حقوق,دانشگاه تهران
1392,انسانی,214,63,منطقه دو,کارشناسی ارشدعلوم قضایی,دانشگاه علوم قضایی و خدمات ادارای - وابسته به قوه قضاییه
1392,انسانی,217,140,منطقه یک,حقوق,دانشگاه علامه طباطبایی - تهران
1392,انسانی,223,12,منطقه سه,کارشناسی ارشدعلوم قضایی,دانشگاه علوم قضایی و خدمات ادارای - وابسته به قوه قضاییه
1392,انسانی,225,13,منطقه سه,حقوق,دانشگاه علامه طباطبایی - تهران
1392,انسانی,225,144,منطقه یک,الهیات ومعارف اسلامی -فقه ومبانی حقوق اسلامی,دانشگاه تهران
1392,انسانی,229,147,منطقه یک,روانشناسی,دانشگاه شهید بهشتی - تهران
1392,انسانی,238,67,منطقه دو,حقوق,دانشگاه شهید بهشتی - تهران
1392,انسانی,241,17,منطقه سه,حقوق,دانشگاه علامه طباطبایی - تهران
1392,انسانی,242,18,منطقه سه,روانشناسی,دانشگاه علامه طباطبایی - تهران
1392,انسانی,242,154,منطقه یک,حقوق,دانشگاه شهید بهشتی - تهران
1392,انسانی,245,155,منطقه یک,علوم اجتماعی,دانشگاه فردوسی - مشهد
1392,انسانی,246,69,منطقه دو,کارشناسی ارشدعلوم قضایی,دانشگاه علوم قضایی و خدمات ادارای - وابسته به قوه قضاییه
1392,انسانی,249,158,منطقه یک,روانشناسی,دانشگاه علامه طباطبایی - تهران
1392,انسانی,251,70,منطقه دو,حقوق,دانشگاه علامه طباطبایی - تهران
1392,انسانی,253,160,منطقه یک,حقوق,دانشگاه علامه طباطبایی - تهران
1392,انسانی,255,21,منطقه سه,دبیری الهیات ومعارف اسلامی,پردیس شهید باهنر - شیراز
1392,انسانی,257,72,منطقه دو,روانشناسی,دانشگاه الزهرا(س) - تهران
1392,انسانی,257,162,منطقه یک,روانشناسی,دانشگاه شهید بهشتی - تهران
1392,انسانی,257,162,منطقه یک,مدیریت بازرگانی,دانشگاه شهید بهشتی - تهران
1392,انسانی,260,164,منطقه یک,حقوق,دانشگاه شهید بهشتی - تهران
1392,انسانی,262,166,منطقه یک,حقوق,دانشگاه اصفهان
1392,انسانی,266,170,منطقه یک,حقوق,دانشگاه علامه طباطبایی - تهران
1392,انسانی,269,73,منطقه دو,حقوق,دانشگاه علامه طباطبایی - تهران
1392,انسانی,270,22,منطقه سه,راهنمایی ومشاوره,پردیس امام خمینی - گرگان
1392,انسانی,270,173,منطقه یک,مدیریت مالی,دانشگاه تهران
1392,انسانی,273,75,منطقه دو,زبان وادبیات فارسی,دانشگاه تهران
1392,انسانی,273,174,منطقه یک,حقوق,دانشگاه شهید بهشتی - تهران
1392,انسانی,275,76,منطقه دو,راهنمایی ومشاوره,پردیس شهید هاشمی نژاد - مشهد
1392,انسانی,275,175,منطقه یک,روانشناسی,دانشگاه فردوسی - مشهد
1392,انسانی,281,79,منطقه دو,روانشناسی,دانشگاه الزهرا(س) - تهران
1392,انسانی,283,23,منطقه سه,حقوق,دانشگاه تهران
1392,انسانی,285,80,منطقه دو,مدیریت مالی,دانشگاه تهران
1392,انسانی,287,181,منطقه یک,حقوق,دانشگاه علامه طباطبایی - تهران
1392,انسانی,290,183,منطقه یک,روانشناسی,دانشگاه علامه طباطبایی - تهران
1392,انسانی,294,83,منطقه دو,روانشناسی,دانشگاه الزهرا(س) - تهران
1392,انسانی,296,84,منطقه دو,الهیات ومعارف اسلامی -فقه ومبانی حقوق اسلامی,دانشگاه تهران
1392,انسانی,299,86,منطقه دو,حقوق,دانشگاه تهران
1392,انسانی,304,87,منطقه دو,علوم سیاسی,دانشگاه شهید بهشتی - تهران
1392,انسانی,312,92,منطقه دو,کارشناسی ارشدعلوم قضایی,دانشگاه علوم قضایی و خدمات ادارای - وابسته به قوه قضاییه
1392,انسانی,315,194,منطقه یک,حقوق,دانشگاه علامه طباطبایی - تهران
1392,انسانی,316,93,منطقه دو,حقوق,دانشگاه تهران
1392,انسانی,319,95,منطقه دو,کارشناسی ارشدمعارف اسلامی وحقوق,دانشگاه شهید باهنر - کرمان
1392,انسانی,320,196,منطقه یک,حقوق,دانشگاه علامه طباطبایی - تهران
1392,انسانی,322,27,منطقه سه,راهنمایی ومشاوره,پردیس حضرت معصومه - قم
1392,انسانی,322,97,منطقه دو,روانشناسی,دانشگاه تهران
1392,انسانی,327,98,منطقه دو,حقوق,دانشگاه اصفهان
1392,انسانی,328,199,منطقه یک,حقوق,دانشگاه علامه طباطبایی - تهران
1392,انسانی,329,200,منطقه یک,راهنمایی ومشاوره,پردیس شهید هاشمی نژاد - مشهد
1392,انسانی,332,203,منطقه یک,حقوق,دانشگاه علامه طباطبایی - تهران
1392,انسانی,334,99,منطقه دو,علوم تربیتی,پردیس فاطمه الزهرا (س) - یزد
1392,انسانی,336,205,منطقه یک,روانشناسی,دانشگاه شهید بهشتی - تهران
1392,انسانی,342,103,منطقه دو,حقوق,دانشگاه شهید بهشتی - تهران
1392,انسانی,345,30,منطقه سه,علوم قضایی,دانشگاه علوم قضایی و خدمات ادارای - وابسته به قوه قضاییه
1392,انسانی,348,105,منطقه دو,حقوق,دانشگاه علامه طباطبایی - تهران
1392,انسانی,352,211,منطقه یک,حقوق,دانشگاه فردوسی - مشهد
1392,انسانی,355,109,منطقه دو,راهنمایی ومشاوره,پردیس شهید باهنر - همدان
1392,انسانی,357,214,منطقه یک,حقوق,دانشگاه شهید بهشتی - تهران
1392,انسانی,358,215,منطقه یک,حقوق,دانشگاه علامه طباطبایی - تهران
1392,انسانی,360,217,منطقه یک,حقوق,دانشگاه اصفهان
1392,انسانی,365,220,منطقه یک,حقوق,دانشگاه فردوسی - مشهد
1392,انسانی,366,32,منطقه سه,علوم قضایی,دانشگاه علوم قضایی و خدمات ادارای - وابسته به قوه قضاییه
1392,انسانی,369,33,منطقه سه,دبیری علوم اجتماعی,پردیس زینبیه - پیشوا
1392,انسانی,370,112,منطقه دو,علوم ارتباطات اجتماعی,دانشگاه تهران
1392,انسانی,371,113,منطقه دو,حقوق,دانشگاه تهران
1392,انسانی,373,114,منطقه دو,حقوق,دانشگاه اصفهان
1392,انسانی,376,115,منطقه دو,کارشناسی ارشدعلوم قضایی,دانشگاه علوم قضایی و خدمات ادارای - وابسته به قوه قضاییه
1392,انسانی,377,116,منطقه دو,روانشناسی,دانشگاه علامه طباطبایی - تهران
1392,انسانی,378,117,منطقه دو,حقوق,دانشگاه اصفهان
1392,انسانی,378,225,منطقه یک,حقوق,دانشگاه شهید بهشتی - تهران
1392,انسانی,380,34,منطقه سه,حقوق,دانشگاه اصفهان
1392,انسانی,383,226,منطقه یک,سنجش ازدور وسیستم اطلاعات جغرافیایی,دانشگاه تهران
1392,انسانی,383,226,منطقه یک,مدیریت مالی,دانشگاه شهید بهشتی - تهران
1392,انسانی,389,229,منطقه یک,روانشناسی,دانشگاه علامه طباطبایی - تهران
1392,انسانی,390,230,منطقه یک,روانشناسی,دانشگاه فردوسی - مشهد
1392,انسانی,391,231,منطقه یک,روانشناسی,دانشگاه علامه طباطبایی - تهران
1392,انسانی,393,123,منطقه دو,زبان وادبیات عربی,دانشگاه تهران
1392,انسانی,396,35,منطقه سه,راهنمایی ومشاوره,دانشگاه تهران
1392,انسانی,398,234,منطقه یک,حقوق,دانشگاه شهید بهشتی - تهران
1392,انسانی,399,235,منطقه یک,حقوق,دانشگاه شهید بهشتی - تهران
1392,انسانی,400,36,منطقه سه,حقوق,دانشگاه گیلان - رشت
1392,انسانی,401,37,منطقه سه,حقوق,دانشگاه شهید بهشتی - تهران
1392,انسانی,402,126,منطقه دو,حقوق,دانشگاه شهید بهشتی - تهران
1392,انسانی,404,39,منطقه سه,حقوق,دانشگاه علامه طباطبایی - تهران
1392,انسانی,404,39,منطقه سه,راهنمایی ومشاوره,پردیس امام سجاد - بیرجند
1392,انسانی,404,127,منطقه دو,حقوق,دانشگاه شیراز
1392,انسانی,404,127,منطقه دو,علوم اجتماعی,دانشگاه تهران
1392,انسانی,404,236,منطقه یک,مدیریت مالی,دانشگاه شهید بهشتی - تهران
1392,انسانی,412,240,منطقه یک,حقوق,دانشگاه علامه طباطبایی - تهران
1392,انسانی,416,244,منطقه یک,حقوق,دانشگاه شیراز
1392,انسانی,420,130,منطقه دو,دبیری الهیات ومعارف اسلامی,پردیس بنت الهدی صدر - رشت
1392,انسانی,423,247,منطقه یک,راهنمایی ومشاوره,دانشگاه اصفهان
1392,انسانی,425,249,منطقه یک,علوم اجتماعی,دانشگاه تهران
1392,انسانی,427,131,منطقه دو,راهنمایی ومشاوره,پردیس شهید باهنر - همدان
1392,انسانی,428,132,منطقه دو,حقوق,دانشگاه بوعلی سینا - همدان
1392,انسانی,428,251,منطقه یک,علوم قضایی,دانشگاه علوم قضایی و خدمات ادارای - وابسته به قوه قضاییه
1392,انسانی,430,252,منطقه یک,دبیری علوم اجتماعی,پردیس نسیبه - تهران
1392,انسانی,431,133,منطقه دو,حقوق,دانشگاه تهران
1392,انسانی,431,253,منطقه یک,حقوق,دانشگاه شهید بهشتی - تهران
1392,انسانی,437,134,منطقه دو,علوم سیاسی,دانشگاه تهران
1392,انسانی,438,258,منطقه یک,مدیریت مالی,دانشگاه تهران
1392,انسانی,439,259,منطقه یک,حقوق,دانشگاه علامه طباطبایی - تهران
1392,انسانی,442,260,منطقه یک,مدیریت دولتی,دانشگاه تهران
1392,انسانی,443,137,منطقه دو,حقوق,دانشگاه شهید بهشتی - تهران
1392,انسانی,447,262,منطقه یک,علوم اجتماعی,دانشگاه تهران
1392,انسانی,448,263,منطقه یک,فلسفه,دانشگاه تهران
1392,انسانی,453,267,منطقه یک,راهنمایی ومشاوره,دانشگاه تهران
1392,انسانی,455,140,منطقه دو,دبیری زبان وادبیات عربی,پردیس آیت اله طالقانی - قم
1392,انسانی,457,270,منطقه یک,روانشناسی,دانشگاه علامه طباطبایی - تهران
1392,انسانی,458,141,منطقه دو,حقوق,دانشگاه شیراز
1392,انسانی,459,43,منطقه سه,حقوق,دانشگاه تهران
1392,انسانی,459,142,منطقه دو,کارشناسی ارشدعلوم قضایی,دانشگاه علوم قضایی و خدمات ادارای - وابسته به قوه قضاییه
1392,انسانی,462,143,منطقه دو,علوم تربیتی,پردیس فاطمه الزهرا (س) - یزد
1392,انسانی,465,273,منطقه یک,فلسفه,دانشگاه تهران
1392,انسانی,468,276,منطقه یک,حقوق,دانشگاه فردوسی - مشهد
1392,انسانی,469,145,منطقه دو,کارشناسی ارشدمعارف اسلامی وحقوق,دانشگاه شهید باهنر - کرمان
1392,انسانی,470,146,منطقه دو,علوم اجتماعی,دانشگاه علامه طباطبایی - تهران
1392,انسانی,473,44,منطقه سه,دبیری زبان وادبیات عربی,پردیس حضرت معصومه - قم
1392,انسانی,474,45,منطقه سه,کارشناسی ارشدعلوم قضایی,دانشگاه علوم قضایی و خدمات ادارای - وابسته به قوه قضاییه
1392,انسانی,476,279,منطقه یک,راهنمایی ومشاوره,دانشگاه اصفهان
1392,انسانی,477,148,منطقه دو,کارشناسی ارشدمعارف اسلامی وحقوق,دانشگاه شهید باهنر - کرمان
1392,انسانی,483,284,منطقه یک,علوم اجتماعی,دانشگاه تهران
1392,انسانی,483,284,منطقه یک,مدیریت مالی,دانشگاه شهید بهشتی - تهران
1392,انسانی,485,150,منطقه دو,روانشناسی واموزش کودکان استثنایی,دانشگاه تهران
1392,انسانی,486,151,منطقه دو,روانشناسی,دانشگاه یزد
1392,انسانی,489,287,منطقه یک,حقوق,دانشگاه علامه طباطبایی - تهران
1392,انسانی,490,288,منطقه یک,حسابداری,دانشگاه تهران
1392,انسانی,491,47,منطقه سه,کارشناسی ارشدعلوم قضایی,دانشگاه علوم قضایی و خدمات ادارای - وابسته به قوه قضاییه
1392,انسانی,495,290,منطقه یک,روانشناسی,دانشگاه خوارزمی تهران
1392,انسانی,497,291,منطقه یک,حقوق,دانشگاه غیرانتفاعی علم و فرهنگ - تهران
1392,انسانی,499,155,منطقه دو,حقوق,دانشگاه شهید بهشتی - تهران
1392,انسانی,499,155,منطقه دو,علوم سیاسی,دانشگاه شهید بهشتی - تهران
1392,انسانی,499,155,منطقه دو,کارشناسی ارشدعلوم قضایی,دانشگاه علوم قضایی و خدمات ادارای - وابسته به قوه قضاییه
1392,انسانی,499,292,منطقه یک,دبیری الهیات ومعارف اسلامی,پردیس شهید باهنر - شیراز
1392,انسانی,503,158,منطقه دو,حقوق,دانشگاه شیراز
1392,انسانی,504,293,منطقه یک,مدیریت بازرگانی,دانشگاه تهران
1392,انسانی,507,296,منطقه یک,روانشناسی واموزش کودکان استثنایی,دانشگاه تهران
1392,انسانی,511,299,منطقه یک,حقوق,دانشگاه شیراز
1392,انسانی,512,159,منطقه دو,راهنمایی ومشاوره,پردیس امام سجاد - بیرجند
1392,انسانی,513,160,منطقه دو,حقوق,دانشگاه علامه طباطبایی - تهران
1392,انسانی,516,161,منطقه دو,حقوق,دانشگاه شهید بهشتی - تهران
1392,انسانی,522,162,منطقه دو,کارشناسی ارشدعلوم قضایی,دانشگاه علوم قضایی و خدمات ادارای - وابسته به قوه قضاییه
1392,انسانی,525,164,منطقه دو,حقوق,دانشگاه علامه طباطبایی - تهران
1392,انسانی,530,308,منطقه یک,مدیریت مالی,دانشگاه شهید بهشتی - تهران
1392,انسانی,536,312,منطقه یک,کارشناسی ارشدعلوم قضایی,دانشگاه علوم قضایی و خدمات ادارای - وابسته به قوه قضاییه
1392,انسانی,537,313,منطقه یک,روانشناسی,دانشگاه علامه طباطبایی - تهران
1392,انسانی,537,313,منطقه یک,مدیریت صنعتی,دانشگاه تهران
1392,انسانی,545,51,منطقه سه,راهنمایی ومشاوره,پردیس حضرت معصومه - قم
1392,انسانی,549,320,منطقه یک,حقوق,دانشگاه علامه طباطبایی - تهران
1392,انسانی,549,320,منطقه یک,راهنمایی ومشاوره,دانشگاه شهید بهشتی - تهران
1392,انسانی,555,324,منطقه یک,روانشناسی,دانشگاه شهید بهشتی - تهران
1392,انسانی,555,324,منطقه یک,علوم ارتباطات اجتماعی,دانشگاه تهران
1392,انسانی,559,327,منطقه یک,روانشناسی,دانشگاه اصفهان
1392,انسانی,560,328,منطقه یک,حقوق,دانشگاه شیراز
1392,انسانی,562,54,منطقه سه,راهنمایی ومشاوره,پردیس امام سجاد - بیرجند
1392,انسانی,565,330,منطقه یک,راهنمایی ومشاوره,دانشگاه تهران
1392,انسانی,566,331,منطقه یک,روانشناسی,دانشگاه علامه طباطبایی - تهران
1392,انسانی,569,55,منطقه سه,حقوق,دانشگاه تهران
1392,انسانی,575,336,منطقه یک,راهنمایی ومشاوره,دانشگاه شهید بهشتی - تهران
1392,انسانی,576,57,منطقه سه,کارشناسی ارشدعلوم قضایی,دانشگاه علوم قضایی و خدمات ادارای - وابسته به قوه قضاییه
1392,انسانی,577,58,منطقه سه,حقوق,دانشگاه علامه طباطبایی - تهران
1392,انسانی,582,339,منطقه یک,حقوق,دانشگاه تهران
1392,انسانی,584,59,منطقه سه,دبیری زبان وادبیات عربی,پردیس فاطمه الزهرا(س) ساری
1392,انسانی,585,341,منطقه یک,کارشناسی ارشدعلوم قضایی,دانشگاه علوم قضایی و خدمات ادارای - وابسته به قوه قضاییه
1392,انسانی,587,342,منطقه یک,حقوق,دانشگاه شیراز
1392,انسانی,590,344,منطقه یک,دبیری زبان وادبیات عربی,پردیس بنت الهدی صدر - بوشهر
1392,انسانی,590,344,منطقه یک,راهنمایی ومشاوره,دانشگاه اصفهان
1392,انسانی,595,183,منطقه دو,حقوق,دانشگاه فردوسی - مشهد
1392,انسانی,602,61,منطقه سه,علوم تربیتی,پردیس فاطمه الزهرا (س) - یزد
1392,انسانی,602,352,منطقه یک,راهنمایی ومشاوره,دانشگاه اصفهان
1392,انسانی,604,185,منطقه دو,دبیری علوم اجتماعی,پردیس بنت الهدی صدر-قزوین
1392,انسانی,606,187,منطقه دو,حقوق,دانشگاه علامه طباطبایی - تهران
1392,انسانی,610,355,منطقه یک,مدیریت مالی,دانشگاه علوم اقتصادی تهران
1392,انسانی,612,188,منطقه دو,کارشناسی ارشدعلوم قضایی,دانشگاه علوم قضایی و خدمات ادارای - وابسته به قوه قضاییه
1392,انسانی,620,362,منطقه یک,حقوق,دانشگاه فردوسی - مشهد
1392,انسانی,621,191,منطقه دو,سنجش ازدور وسیستم اطلاعات جغرافیایی,دانشگاه تهران
1392,انسانی,624,192,منطقه دو,روانشناسی,دانشگاه علامه طباطبایی - تهران
1392,انسانی,625,365,منطقه یک,کارشناسی ارشدعلوم قضایی,دانشگاه علوم قضایی و خدمات ادارای - وابسته به قوه قضاییه
1392,انسانی,629,368,منطقه یک,حقوق,دانشگاه علامه طباطبایی - تهران
1392,انسانی,631,194,منطقه دو,راهنمایی ومشاوره,پردیس امام خمینی - گرگان
1392,انسانی,631,194,منطقه دو,کارشناسی ارشدعلوم قضایی,دانشگاه علوم قضایی و خدمات ادارای - وابسته به قوه قضاییه
1392,انسانی,633,370,منطقه یک,حسابداری,دانشگاه شهید بهشتی - تهران
1392,انسانی,639,197,منطقه دو,حقوق,دانشگاه تهران
1392,انسانی,643,376,منطقه یک,مدیریت بازرگانی,دانشگاه تهران
1392,انسانی,645,199,منطقه دو,حقوق,دانشگاه شیراز
1392,انسانی,653,380,منطقه یک,حقوق,دانشگاه تهران
1392,انسانی,655,382,منطقه یک,راهنمایی ومشاوره,پردیس شهید بهشتی - مشهد
1392,انسانی,658,203,منطقه دو,حقوق,دانشگاه تهران
1392,انسانی,659,384,منطقه یک,حقوق,دانشگاه شیراز
1392,انسانی,660,204,منطقه دو,الهیات ومعارف اسلامی -فقه ومبانی حقوق اسلامی,دانشگاه الزهرا(س) - تهران
1392,انسانی,672,390,منطقه یک,مدیریت صنعتی,دانشگاه شهید بهشتی - تهران
1392,انسانی,675,212,منطقه دو,علوم تربیتی,پردیس بنت الهدی صدر - رشت
1392,انسانی,677,213,منطقه دو,دبیری علوم اجتماعی,پردیس زینبیه - پیشوا
1392,انسانی,679,392,منطقه یک,حسابداری,دانشگاه شهید بهشتی - تهران
1392,انسانی,683,216,منطقه دو,حقوق,دانشگاه کاشان
1392,انسانی,685,396,منطقه یک,حقوق,دانشگاه تهران
1392,انسانی,689,399,منطقه یک,حقوق,دانشگاه غیرانتفاعی علم و فرهنگ - تهران
1392,انسانی,690,217,منطقه دو,راهنمایی ومشاوره,پردیس امام سجاد - بیرجند
1392,انسانی,692,401,منطقه یک,حقوق,دانشگاه تبریز
1392,انسانی,694,403,منطقه یک,حقوق,دانشگاه علامه طباطبایی - تهران
1392,انسانی,699,408,منطقه یک,حسابداری,دانشگاه تهران
1392,انسانی,701,410,منطقه یک,حسابداری,دانشگاه علامه طباطبایی - تهران
1392,انسانی,701,410,منطقه یک,راهنمایی ومشاوره,دانشگاه شهید بهشتی - تهران
1392,انسانی,704,413,منطقه یک,حقوق,دانشگاه شاهد - تهران
1392,انسانی,705,218,منطقه دو,علوم اقتصادی,دانشگاه تهران
1392,انسانی,712,221,منطقه دو,دبیری زبان وادبیات عربی,پردیس امیر کبیر - کرج
1392,انسانی,713,222,منطقه دو,روانشناسی,دانشگاه اصفهان
1392,انسانی,714,418,منطقه یک,مدیریت مالی,دانشگاه علوم اقتصادی تهران
1392,انسانی,716,419,منطقه یک,حقوق,دانشگاه علامه طباطبایی - تهران
1392,انسانی,717,67,منطقه سه,دبیری زبان وادبیات فارسی,پردیس شهید چمران - تهران
1392,انسانی,718,223,منطقه دو,حقوق,دانشگاه تهران
1392,انسانی,719,224,منطقه دو,راهنمایی ومشاوره,پردیس حضرت معصومه - قم
1392,انسانی,719,224,منطقه دو,علوم سیاسی,دانشگاه تهران
1392,انسانی,721,420,منطقه یک,حقوق,دانشگاه علامه طباطبایی - تهران
1392,انسانی,726,68,منطقه سه,حسابداری,دانشگاه علامه طباطبایی - تهران
1392,انسانی,726,424,منطقه یک,راهنمایی ومشاوره,دانشگاه تهران
1392,انسانی,730,69,منطقه سه,راهنمایی ومشاوره,پردیس شهید چمران - تهران
1392,انسانی,731,227,منطقه دو,راهنمایی ومشاوره,پردیس بنت الهدی صدر-قزوین
1392,انسانی,731,227,منطقه دو,علوم سیاسی,دانشگاه تهران
1392,انسانی,734,427,منطقه یک,حقوق,دانشگاه شیراز
1392,انسانی,736,230,منطقه دو,راهنمایی ومشاوره,پردیس شهید چمران - تهران
1392,انسانی,741,432,منطقه یک,روانشناسی,دانشگاه علامه طباطبایی - تهران
1392,انسانی,743,232,منطقه دو,دبیری الهیات ومعارف اسلامی,پردیس آیت اله کمال وند - خرم آباد
1392,انسانی,746,70,منطقه سه,راهنمایی ومشاوره,پردیس بنت الهدی صدر-قزوین
1392,انسانی,747,436,منطقه یک,دبیری علوم اجتماعی,پردیس فاطمه الزهرا (س) - بندرعباس
1392,انسانی,748,71,منطقه سه,حقوق,دانشگاه تبریز
1392,انسانی,749,233,منطقه دو,علوم سیاسی,دانشگاه تهران
1392,انسانی,755,73,منطقه سه,حقوق,دانشگاه اصفهان
1392,انسانی,755,235,منطقه دو,کارشناسی ارشدمعارف اسلامی وحقوق,دانشگاه شهید باهنر - کرمان
1392,انسانی,761,442,منطقه یک,الهیات ومعارف اسلامی -علوم قران وحدیث,دانشگاه تهران
1392,انسانی,763,443,منطقه یک,حقوق,دانشگاه شیراز
1392,انسانی,763,443,منطقه یک,دبیری زبان وادبیات فارسی,پردیس شهید هاشمی نژاد - مشهد
1392,انسانی,767,75,منطقه سه,مدیریت مالی,دانشگاه شهید بهشتی - تهران
1392,انسانی,769,239,منطقه دو,حقوق,دانشگاه علامه طباطبایی - تهران
1392,انسانی,769,446,منطقه یک,دبیری زبان وادبیات عربی,پردیس نسیبه - تهران
1392,انسانی,771,240,منطقه دو,کارشناسی ارشدعلوم قضایی,دانشگاه علوم قضایی و خدمات ادارای - وابسته به قوه قضاییه
1392,انسانی,776,449,منطقه یک,حقوق,دانشگاه علامه طباطبایی - تهران
1392,انسانی,786,455,منطقه یک,مدیریت مالی,دانشگاه تهران
1392,انسانی,788,244,منطقه دو,علوم اجتماعی,دانشگاه شهید بهشتی - تهران
1392,انسانی,789,245,منطقه دو,روانشناسی,دانشگاه شهید چمران اهواز
1392,انسانی,792,459,منطقه یک,مدیریت صنعتی,دانشگاه تهران
1392,انسانی,793,460,منطقه یک,مدیریت اموربانکی,دانشگاه علوم اقتصادی تهران
1392,انسانی,793,460,منطقه یک,مدیریت مالی,دانشگاه علوم اقتصادی تهران
1392,انسانی,796,246,منطقه دو,حقوق,دانشگاه شیراز
1392,انسانی,800,249,منطقه دو,حقوق,دانشگاه تبریز
1392,انسانی,802,80,منطقه سه,راهنمایی ومشاوره,پردیس شهید هاشمی نژاد - مشهد
1392,انسانی,804,81,منطقه سه,دبیری زبان وادبیات عربی,پردیس امیر کبیر - کرج
1392,انسانی,806,465,منطقه یک,علوم قضایی,دانشگاه علوم قضایی و خدمات ادارای - وابسته به قوه قضاییه
1392,انسانی,808,466,منطقه یک,زبان وادبیات فارسی,دانشگاه شهید بهشتی - تهران
1392,انسانی,811,252,منطقه دو,علوم تربیتی,پردیس فاطمه الزهرا (س) - یزد
1392,انسانی,812,468,منطقه یک,روانشناسی,دانشگاه خوارزمی تهران
1392,انسانی,815,471,منطقه یک,روانشناسی,دانشگاه علامه طباطبایی - تهران
1392,انسانی,823,476,منطقه یک,حسابداری,دانشگاه شهید بهشتی - تهران
1392,انسانی,826,84,منطقه سه,دبیری زبان وادبیات فارسی,پردیس شهید باهنر - همدان
1392,انسانی,826,257,منطقه دو,حقوق,دانشگاه تبریز
1392,انسانی,828,258,منطقه دو,روانشناسی,دانشگاه خوارزمی تهران
1392,انسانی,829,478,منطقه یک,روانشناسی,دانشگاه الزهرا(س) - تهران
1392,انسانی,840,485,منطقه یک,مدیریت بازرگانی,دانشگاه شهید بهشتی - تهران
1392,انسانی,841,262,منطقه دو,حسابداری,دانشگاه تهران
1392,انسانی,846,88,منطقه سه,فلسفه,دانشگاه تهران
1392,انسانی,849,264,منطقه دو,دبیری زبان وادبیات فارسی,پردیس شهید هاشمی نژاد - مشهد
1392,انسانی,851,489,منطقه یک,مدیریت بازرگانی,دانشگاه اصفهان
1392,انسانی,853,266,منطقه دو,حقوق,دانشگاه بین المللی امام خمینی(ره) - قزوین
1392,انسانی,855,89,منطقه سه,دبیری الهیات ومعارف اسلامی,پردیس حضرت معصومه - قم
1392,انسانی,857,492,منطقه یک,روانشناسی,دانشگاه خوارزمی تهران
1392,انسانی,862,495,منطقه یک,حسابداری,دانشگاه شهید بهشتی - تهران
1392,انسانی,862,495,منطقه یک,راهنمایی ومشاوره,دانشگاه شهید بهشتی - تهران
1392,انسانی,865,91,منطقه سه,دبیری زبان وادبیات فارسی,پردیس شهید هاشمی نژاد - مشهد
1392,انسانی,867,270,منطقه دو,کارشناسی ارشدعلوم قضایی,دانشگاه علوم قضایی و خدمات ادارای - وابسته به قوه قضاییه
1392,انسانی,867,497,منطقه یک,روانشناسی,دانشگاه علامه طباطبایی - تهران
1392,انسانی,869,498,منطقه یک,حقوق,دانشگاه شیراز
1392,انسانی,870,271,منطقه دو,الهیات ومعارف اسلامی -فقه ومبانی حقوق اسلامی,دانشگاه تهران
1392,انسانی,870,271,منطقه دو,حقوق,دانشگاه تهران
1392,انسانی,870,499,منطقه یک,علوم اجتماعی,دانشگاه تهران
1392,انسانی,873,273,منطقه دو,حقوق,دانشگاه تبریز
1392,انسانی,873,500,منطقه یک,مدیریت بازرگانی,دانشگاه شهید بهشتی - تهران
1392,انسانی,876,502,منطقه یک,مدیریت صنعتی,دانشگاه شهید بهشتی - تهران
1392,انسانی,878,93,منطقه سه,کارشناسی ارشدعلوم قضایی,دانشگاه علوم قضایی و خدمات ادارای - وابسته به قوه قضاییه
1392,انسانی,878,503,منطقه یک,راهنمایی ومشاوره,دانشگاه اصفهان
1392,انسانی,884,507,منطقه یک,علوم ارتباطات اجتماعی,دانشگاه تهران
1392,انسانی,885,275,منطقه دو,حقوق,دانشگاه شهید چمران اهواز
1392,انسانی,888,276,منطقه دو,الهیات ومعارف اسلامی -فلسفه وکلام اسلامی,دانشگاه قم
1392,انسانی,888,276,منطقه دو,زبان وادبیات عربی,دانشگاه تهران
1392,انسانی,894,281,منطقه دو,روانشناسی,دانشگاه فردوسی - مشهد
1392,انسانی,896,512,منطقه یک,راهنمایی ومشاوره,دانشگاه اصفهان
1392,انسانی,897,513,منطقه یک,الهیات ومعارف اسلامی -فقه ومبانی حقوق اسلامی,دانشگاه تهران
1392,انسانی,901,283,منطقه دو,حقوق,دانشگاه شیراز
1392,انسانی,904,285,منطقه دو,حقوق,دانشگاه شیراز
1392,انسانی,908,519,منطقه یک,مدیریت کسب وکارهای کوچک,دانشگاه تهران
1392,انسانی,910,287,منطقه دو,حقوق,دانشگاه فردوسی - مشهد
1392,انسانی,910,521,منطقه یک,حقوق,دانشگاه شیراز
1392,انسانی,915,288,منطقه دو,حقوق,دانشگاه تهران
1392,انسانی,915,288,منطقه دو,حقوق,دانشگاه شیراز
1392,انسانی,915,288,منطقه دو,دبیری زبان وادبیات عربی,پردیس فاطمه الزهرا(س) ساری
1392,انسانی,919,291,منطقه دو,دبیری زبان وادبیات فارسی,پردیس امیر کبیر - کرج
1392,انسانی,919,526,منطقه یک,حقوق,دانشگاه تهران
1392,انسانی,923,529,منطقه یک,حقوق,دانشگاه اصفهان
1392,انسانی,925,292,منطقه دو,روانشناسی,دانشگاه اصفهان
1392,انسانی,928,531,منطقه یک,مدیریت بیمه,دانشگاه علوم اقتصادی تهران
1392,انسانی,929,532,منطقه یک,مدیریت مالی,دانشگاه علوم اقتصادی تهران
1392,انسانی,932,533,منطقه یک,حسابداری,دانشگاه فردوسی - مشهد
1392,انسانی,932,533,منطقه یک,راهنمایی ومشاوره,دانشگاه اصفهان
1392,انسانی,934,297,منطقه دو,حقوق,دانشگاه تهران
1392,انسانی,934,297,منطقه دو,کارشناسی ارشدعلوم قضایی,دانشگاه علوم قضایی و خدمات ادارای - وابسته به قوه قضاییه
1392,انسانی,938,536,منطقه یک,مدیریت کسب وکارهای کوچک,دانشگاه تهران
1392,انسانی,941,94,منطقه سه,حقوق,دانشگاه گیلان - رشت
1392,انسانی,941,94,منطقه سه,علوم اقتصادی,دانشگاه شهید بهشتی - تهران
1392,انسانی,943,538,منطقه یک,مدیریت بازرگانی,دانشگاه علامه طباطبایی - تهران
1392,انسانی,944,539,منطقه یک,مدیریت بازرگانی,دانشگاه علامه طباطبایی - تهران
1392,انسانی,945,96,منطقه سه,راهنمایی ومشاوره,پردیس فاطمه الزهرا (س) - اهواز
1392,انسانی,947,541,منطقه یک,روانشناسی,دانشگاه علامه طباطبایی - تهران
1392,انسانی,950,97,منطقه سه,حقوق,دانشگاه شیراز
1392,انسانی,950,302,منطقه دو,راهنمایی ومشاوره,پردیس شهید هاشمی نژاد - مشهد
1392,انسانی,952,542,منطقه یک,حقوق,دانشگاه علامه طباطبایی - تهران
1392,انسانی,954,98,منطقه سه,حقوق,دانشگاه بین المللی امام خمینی(ره) - قزوین
1392,انسانی,955,304,منطقه دو,روانشناسی,دانشگاه علامه طباطبایی - تهران
1392,انسانی,956,543,منطقه یک,مدیریت صنعتی,دانشگاه شهید بهشتی - تهران
1392,انسانی,957,544,منطقه یک,حقوق,دانشگاه تهران
1392,انسانی,958,305,منطقه دو,حقوق,دانشگاه فردوسی - مشهد
1392,انسانی,963,308,منطقه دو,حقوق,دانشگاه تهران
1392,انسانی,968,99,منطقه سه,دبیری زبان وادبیات عربی,پردیس حضرت معصومه - قم
1392,انسانی,968,311,منطقه دو,کارشناسی ارشدعلوم قضایی,دانشگاه علوم قضایی و خدمات ادارای - وابسته به قوه قضاییه
1392,انسانی,971,549,منطقه یک,حقوق,دانشگاه قم
1392,انسانی,972,313,منطقه دو,روانشناسی,دانشگاه شهید چمران اهواز
1392,انسانی,978,551,منطقه یک,حقوق,دانشگاه شیراز
1392,انسانی,981,553,منطقه یک,روانشناسی,دانشگاه تبریز
1392,انسانی,982,554,منطقه یک,حقوق,دانشگاه علامه طباطبایی - تهران
1392,انسانی,984,102,منطقه سه,دبیری زبان وادبیات فارسی,پردیس شهید هاشمی نژاد - مشهد
1392,انسانی,984,317,منطقه دو,حقوق,دانشگاه شاهد - تهران
1392,انسانی,984,317,منطقه دو,علوم قضایی,دانشگاه علوم قضایی و خدمات ادارای - وابسته به قوه قضاییه
1392,انسانی,993,559,منطقه یک,دبیری زبان وادبیات فارسی,پردیس شهید هاشمی نژاد - مشهد
1392,انسانی,994,322,منطقه دو,حقوق,دانشگاه گیلان - رشت
1392,انسانی,997,324,منطقه دو,حقوق,دانشگاه شیراز
1392,انسانی,998,560,منطقه یک,راهنمایی ومشاوره,دانشگاه شهید بهشتی - تهران
1392,انسانی,1002,564,منطقه یک,علوم اقتصادی,دانشگاه شهید بهشتی - تهران
1392,انسانی,1004,325,منطقه دو,علوم قضایی,دانشگاه علوم قضایی و خدمات ادارای - وابسته به قوه قضاییه
1392,انسانی,1006,567,منطقه یک,روانشناسی,دانشگاه الزهرا(س) - تهران
1392,انسانی,1007,568,منطقه یک,علوم اقتصادی,دانشگاه تهران
1392,انسانی,1009,327,منطقه دو,حقوق,دانشگاه گیلان - رشت
1392,انسانی,1009,569,منطقه یک,علوم اجتماعی,دانشگاه تهران
1392,انسانی,1011,104,منطقه سه,حقوق,دانشگاه شیراز
1392,انسانی,1016,331,منطقه دو,حقوق,دانشگاه مازندران - بابلسر
1392,انسانی,1018,333,منطقه دو,کارشناسی ارشدمعارف اسلامی وحقوق,دانشگاه شهید باهنر - کرمان
1392,انسانی,1019,334,منطقه دو,فقه وحقوق اسلامی,دانشگاه خوارزمی تهران
1392,انسانی,1019,334,منطقه دو,کارشناسی ارشدمعارف اسلامی وحقوق,دانشگاه شهید باهنر - کرمان
1392,انسانی,1021,571,منطقه یک,الهیات ومعارف اسلامی -فقه ومبانی حقوق اسلامی,دانشگاه تهران
1392,انسانی,1023,105,منطقه سه,حقوق,دانشگاه گیلان - رشت
1392,انسانی,1023,336,منطقه دو,حقوق,دانشگاه شیراز
1392,انسانی,1026,338,منطقه دو,مدیریت بیمه اکو,دانشگاه علامه طباطبایی - تهران
1392,انسانی,1026,572,منطقه یک,روانشناسی,دانشگاه سمنان
1392,انسانی,1029,339,منطقه دو,دبیری جغرافیا,پردیس حکیم ابوالقاسم فردوسی - کرج
1392,انسانی,1031,574,منطقه یک,راهنمایی ومشاوره,دانشگاه شهید بهشتی - تهران
1392,انسانی,1040,341,منطقه دو,حقوق,دانشگاه تهران
1392,انسانی,1047,108,منطقه سه,دبیری الهیات ومعارف اسلامی,پردیس آیت اله کمال وند - خرم آباد
1392,انسانی,1050,344,منطقه دو,زبان وادبیات فارسی,دانشگاه تهران
1392,انسانی,1051,585,منطقه یک,مدیریت بازرگانی,دانشگاه شهید بهشتی - تهران
1392,انسانی,1052,586,منطقه یک,حقوق,دانشگاه فردوسی - مشهد
1392,انسانی,1059,110,منطقه سه,دبیری زبان وادبیات عربی,پردیس علامه طباطبایی - اردبیل
1392,انسانی,1061,590,منطقه یک,روانشناسی,دانشگاه اصفهان
1392,انسانی,1065,349,منطقه دو,حسابداری,دانشگاه الزهرا(س) - تهران
1392,انسانی,1065,593,منطقه یک,حقوق,دانشگاه فردوسی - مشهد
1392,انسانی,1069,352,منطقه دو,علوم تربیتی,پردیس بنت الهدی صدر - اردبیل
1392,انسانی,1069,594,منطقه یک,حقوق,دانشگاه تهران
1392,انسانی,1071,112,منطقه سه,حقوق,دانشگاه شاهد - تهران
1392,انسانی,1071,353,منطقه دو,راهنمایی ومشاوره,دانشگاه الزهرا(س) - تهران
1392,انسانی,1071,595,منطقه یک,حقوق,دانشگاه اصفهان
1392,انسانی,1079,599,منطقه یک,مدیریت صنعتی,دانشگاه اصفهان
1392,انسانی,1081,601,منطقه یک,مدیریت دولتی,دانشگاه شهید بهشتی - تهران
1392,انسانی,1084,114,منطقه سه,حقوق,دانشگاه تهران
1392,انسانی,1084,355,منطقه دو,حقوق,دانشگاه شهید بهشتی - تهران
1392,انسانی,1084,603,منطقه یک,علوم سیاسی,دانشگاه تهران
1392,انسانی,1088,357,منطقه دو,دبیری زبان وادبیات عربی,پردیس امیر کبیر - کرج
1392,انسانی,1091,358,منطقه دو,کارشناسی ارشدعلوم قضایی,دانشگاه علوم قضایی و خدمات ادارای - وابسته به قوه قضاییه
1392,انسانی,1095,116,منطقه سه,راهنمایی ومشاوره,پردیس شهید هاشمی نژاد - مشهد
1392,انسانی,1095,360,منطقه دو,روانشناسی,دانشگاه تبریز
1392,انسانی,1097,117,منطقه سه,راهنمایی ومشاوره,پردیس شهید مفتح - شهرری
1392,انسانی,1101,608,منطقه یک,مدیریت مالی,دانشگاه علوم اقتصادی تهران
1392,انسانی,1103,610,منطقه یک,زبان وادبیات فارسی,دانشگاه شیراز
1392,انسانی,1104,611,منطقه یک,راهنمایی ومشاوره,پردیس شهید بهشتی - مشهد
1392,انسانی,1105,612,منطقه یک,مدیریت بیمه,دانشگاه علوم اقتصادی تهران
1392,انسانی,1111,364,منطقه دو,حقوق,دانشگاه شاهد - تهران
1392,انسانی,1113,366,منطقه دو,روانشناسی,دانشگاه خوارزمی تهران
1392,انسانی,1114,367,منطقه دو,روانشناسی,دانشگاه خوارزمی تهران
1392,انسانی,1116,369,منطقه دو,حقوق,دانشگاه شیراز
1392,انسانی,1116,369,منطقه دو,روانشناسی واموزش کودکان استثنایی,دانشگاه تهران
1392,انسانی,1118,119,منطقه سه,راهنمایی ومشاوره,پردیس شهید هاشمی نژاد - مشهد
1392,انسانی,1118,616,منطقه یک,حسابداری,دانشگاه علامه طباطبایی - تهران
1392,انسانی,1127,121,منطقه سه,دبیری زبان وادبیات عربی,پردیس حضرت معصومه - قم
1392,انسانی,1127,121,منطقه سه,دبیری علوم اجتماعی,پردیس نسیبه - تهران
1392,انسانی,1130,374,منطقه دو,علوم تربیتی,پردیس فاطمه الزهرا (س) - یزد
1392,انسانی,1131,621,منطقه یک,روانشناسی,دانشگاه الزهرا(س) - تهران
1392,انسانی,1131,621,منطقه یک,علوم سیاسی,دانشگاه تهران
1392,انسانی,1133,623,منطقه یک,الهیات ومعارف اسلامی -فقه ومبانی حقوق اسلامی,دانشگاه تهران
1392,انسانی,1136,124,منطقه سه,علوم قضایی,دانشگاه علوم قضایی و خدمات ادارای - وابسته به قوه قضاییه
1392,انسانی,1139,625,منطقه یک,حقوق,دانشگاه شیراز
1392,انسانی,1140,126,منطقه سه,دبیری زبان وادبیات فارسی,پردیس الزهرا (س) - زنجان
1392,انسانی,1150,629,منطقه یک,مدیریت کسب وکارهای کوچک,دانشگاه تهران
1392,انسانی,1159,637,منطقه یک,حقوق,دانشگاه تهران
1392,انسانی,1161,380,منطقه دو,علوم اجتماعی,دانشگاه تهران
1392,انسانی,1165,383,منطقه دو,حقوق,دانشگاه اصفهان
1392,انسانی,1165,639,منطقه یک,علوم اقتصادی,دانشگاه تهران
1392,انسانی,1169,385,منطقه دو,دبیری الهیات ومعارف اسلامی,پردیس حضرت معصومه - قم
1392,انسانی,1169,641,منطقه یک,حسابداری,دانشگاه علوم اقتصادی تهران
1392,انسانی,1171,642,منطقه یک,حقوق,دانشگاه بین المللی امام خمینی(ره) - قزوین
1392,انسانی,1175,388,منطقه دو,روانشناسی,دانشگاه الزهرا(س) - تهران
1392,انسانی,1175,644,منطقه یک,حسابداری,دانشگاه علامه طباطبایی - تهران
1392,انسانی,1178,390,منطقه دو,حقوق,دانشگاه تهران
1392,انسانی,1178,645,منطقه یک,حقوق,دانشگاه بین المللی امام خمینی(ره) - قزوین
1392,انسانی,1181,391,منطقه دو,راهنمایی ومشاوره,دانشگاه شهید بهشتی - تهران
1392,انسانی,1184,392,منطقه دو,دبیری زبان وادبیات عربی,پردیس رسالت - زاهدان
1392,انسانی,1189,653,منطقه یک,زبان وادبیات عربی,دانشگاه تهران
1392,انسانی,1190,654,منطقه یک,حقوق,دانشگاه شیراز
1392,انسانی,1192,656,منطقه یک,کارشناسی ارشدعلوم قضایی,دانشگاه علوم قضایی و خدمات ادارای - وابسته به قوه قضاییه
1392,انسانی,1193,393,منطقه دو,علوم اقتصادی,دانشگاه تبریز
1392,انسانی,1202,395,منطقه دو,فقه وحقوق اسلامی,دانشگاه یزد
1392,انسانی,1202,662,منطقه یک,مدیریت بازرگانی,دانشگاه علامه طباطبایی - تهران
1392,انسانی,1205,664,منطقه یک,راهنمایی ومشاوره,دانشگاه الزهرا(س) - تهران
1392,انسانی,1205,664,منطقه یک,مدیریت دولتی,دانشگاه شهید بهشتی - تهران
1392,انسانی,1211,132,منطقه سه,مدیریت مالی,دانشگاه شهید بهشتی - تهران
1392,انسانی,1212,398,منطقه دو,حقوق,دانشگاه تهران
1392,انسانی,1217,402,منطقه دو,حقوق,دانشگاه سمنان
1392,انسانی,1218,403,منطقه دو,دبیری الهیات ومعارف اسلامی,پردیس شهید باهنر - شیراز
1392,انسانی,1218,668,منطقه یک,حقوق,دانشگاه فردوسی - مشهد
1392,انسانی,1223,133,منطقه سه,دبیری جغرافیا,پردیس حکیم ابوالقاسم فردوسی - کرج
1392,انسانی,1225,672,منطقه یک,حقوق,دانشگاه شاهد - تهران
1392,انسانی,1226,134,منطقه سه,حقوق,دانشگاه گیلان - رشت
1392,انسانی,1226,673,منطقه یک,روانشناسی,دانشگاه اصفهان
1392,انسانی,1230,406,منطقه دو,دبیری الهیات ومعارف اسلامی,پردیس حضرت معصومه - قم
1392,انسانی,1231,407,منطقه دو,حقوق,دانشگاه مازندران - بابلسر
1392,انسانی,1233,135,منطقه سه,حقوق,دانشگاه شهید بهشتی - تهران
1392,انسانی,1237,409,منطقه دو,روانشناسی,دانشگاه اصفهان
1392,انسانی,1237,409,منطقه دو,علوم تربیتی,پردیس فاطمه الزهرا (س) - اصفهان
1392,انسانی,1241,679,منطقه یک,حقوق,دانشگاه شیراز
1392,انسانی,1241,679,منطقه یک,حقوق,دانشگاه کاشان
1392,انسانی,1244,137,منطقه سه,راهنمایی ومشاوره,پردیس شهید بهشتی - مشهد
1392,انسانی,1246,683,منطقه یک,حقوق,دانشگاه غیرانتفاعی علم و فرهنگ - تهران
1392,انسانی,1249,412,منطقه دو,روانشناسی واموزش کودکان استثنایی,دانشگاه تهران
1392,انسانی,1249,685,منطقه یک,راهنمایی ومشاوره,دانشگاه الزهرا(س) - تهران
1392,انسانی,1252,138,منطقه سه,دبیری تاریخ,پردیس نسیبه - تهران
1392,انسانی,1253,687,منطقه یک,راهنمایی ومشاوره,دانشگاه شهید بهشتی - تهران
1392,انسانی,1257,414,منطقه دو,حقوق,دانشگاه بین المللی امام خمینی(ره) - قزوین
1392,انسانی,1257,414,منطقه دو,روانشناسی,دانشگاه اصفهان
1392,انسانی,1261,690,منطقه یک,حقوق,دانشگاه بین المللی امام خمینی(ره) - قزوین
1392,انسانی,1263,692,منطقه یک,مدیریت بازرگانی,دانشگاه علامه طباطبایی - تهران
1392,انسانی,1266,695,منطقه یک,حقوق,دانشگاه بین المللی امام خمینی(ره) - قزوین
1392,انسانی,1270,416,منطقه دو,علوم قضایی,دانشگاه علوم قضایی و خدمات ادارای - وابسته به قوه قضاییه
1392,انسانی,1270,698,منطقه یک,دبیری علوم اجتماعی,پردیس نسیبه - تهران
1392,انسانی,1272,699,منطقه یک,حسابداری,دانشگاه علوم اقتصادی تهران
1392,انسانی,1275,702,منطقه یک,حقوق,دانشگاه شیراز
1392,انسانی,1278,703,منطقه یک,روانشناسی,دانشگاه الزهرا(س) - تهران
1392,انسانی,1279,418,منطقه دو,علوم تربیتی,پردیس فاطمه الزهرا (س) - یزد
1392,انسانی,1280,419,منطقه دو,کارشناسی ارشدعلوم قضایی,دانشگاه علوم قضایی و خدمات ادارای - وابسته به قوه قضاییه
1392,انسانی,1286,706,منطقه یک,مدیریت صنعتی,دانشگاه شهید بهشتی - تهران
1392,انسانی,1287,422,منطقه دو,علوم قضایی,دانشگاه علوم قضایی و خدمات ادارای - وابسته به قوه قضاییه
1392,انسانی,1293,425,منطقه دو,حقوق,دانشگاه تبریز
1392,انسانی,1297,142,منطقه سه,دبیری زبان وادبیات فارسی,پردیس حکیم ابوالقاسم فردوسی - کرج
1392,انسانی,1297,428,منطقه دو,حقوق,دانشگاه کاشان
1392,انسانی,1302,711,منطقه یک,الهیات ومعارف اسلامی -فقه ومبانی حقوق اسلامی,دانشگاه تهران
1392,انسانی,1303,431,منطقه دو,دبیری الهیات ومعارف اسلامی,پردیس شهید پاک نژاد - یزد
1392,انسانی,1303,712,منطقه یک,علوم تربیتی,دانشگاه تهران
1392,انسانی,1307,434,منطقه دو,دبیری زبان وادبیات فارسی,پردیس شهید هاشمی نژاد - مشهد
1392,انسانی,1308,713,منطقه یک,روانشناسی,دانشگاه غیرانتفاعی علم و فرهنگ - تهران
1392,انسانی,1314,718,منطقه یک,علوم اقتصادی,دانشگاه تهران
1392,انسانی,1315,435,منطقه دو,دبیری علوم اجتماعی,پردیس زینب کبری (س) - اراک
1392,انسانی,1315,719,منطقه یک,علوم سیاسی,دانشگاه تهران
1392,انسانی,1318,721,منطقه یک,حقوق,دانشگاه شیراز
1392,انسانی,1320,722,منطقه یک,روانشناسی,دانشگاه الزهرا(س) - تهران
1392,انسانی,1323,145,منطقه سه,حقوق,دانشگاه شهید بهشتی - تهران
1392,انسانی,1323,437,منطقه دو,دبیری الهیات ومعارف اسلامی,پردیس شهید باهنر - کرمان
1392,انسانی,1325,438,منطقه دو,حقوق,دانشگاه مازندران - بابلسر
1392,انسانی,1329,727,منطقه یک,حقوق,دانشگاه کاشان
1392,انسانی,1332,147,منطقه سه,حقوق,دانشگاه اصفهان
1392,انسانی,1332,440,منطقه دو,حقوق,دانشگاه مازندران - بابلسر
1392,انسانی,1334,148,منطقه سه,کارشناسی ارشدعلوم قضایی,دانشگاه علوم قضایی و خدمات ادارای - وابسته به قوه قضاییه
1392,انسانی,1337,150,منطقه سه,دبیری زبان وادبیات عربی,پردیس امام سجاد - بیرجند
1392,انسانی,1339,441,منطقه دو,راهنمایی ومشاوره,پردیس دکتر شریعتی - ساری
1392,انسانی,1346,732,منطقه یک,حسابداری,دانشگاه علوم اقتصادی تهران
1392,انسانی,1348,733,منطقه یک,حقوق,دانشگاه فردوسی - مشهد
1392,انسانی,1352,736,منطقه یک,علوم تربیتی,پردیس شهید هاشمی نژاد - مشهد
1392,انسانی,1354,738,منطقه یک,راهنمایی ومشاوره,دانشگاه شهید بهشتی - تهران
1392,انسانی,1357,741,منطقه یک,باستانشناسی,دانشگاه تهران
1392,انسانی,1361,448,منطقه دو,علوم قضایی,دانشگاه علوم قضایی و خدمات ادارای - وابسته به قوه قضاییه
1392,انسانی,1362,743,منطقه یک,حقوق,دانشگاه غیرانتفاعی علم و فرهنگ - تهران
1392,انسانی,1368,745,منطقه یک,حقوق,دانشگاه فردوسی - مشهد
1392,انسانی,1368,745,منطقه یک,حقوق,دانشگاه قم
1392,انسانی,1371,747,منطقه یک,حقوق,دانشگاه کاشان
1392,انسانی,1372,454,منطقه دو,حقوق,دانشگاه بین المللی امام خمینی(ره) - قزوین
1392,انسانی,1372,454,منطقه دو,راهنمایی ومشاوره,پردیس امام سجاد - بیرجند
1392,انسانی,1372,454,منطقه دو,زبان وادبیات عربی,دانشگاه یزد
1392,انسانی,1375,153,منطقه سه,دبیری زبان وادبیات عربی,پردیس علامه طباطبایی - اردبیل
1392,انسانی,1377,749,منطقه یک,علوم تربیتی,دانشگاه تهران
1392,انسانی,1377,749,منطقه یک,مدیریت دولتی,دانشگاه شهید بهشتی - تهران
1392,انسانی,1379,457,منطقه دو,حقوق,دانشگاه فردوسی - مشهد
1392,انسانی,1381,752,منطقه یک,فقه وحقوق اسلامی,دانشگاه خوارزمی تهران
1392,انسانی,1385,459,منطقه دو,فقه وحقوق اسلامی,دانشگاه ارومیه
1392,انسانی,1388,756,منطقه یک,حقوق,دانشگاه شیراز
1392,انسانی,1389,154,منطقه سه,دبیری علوم اجتماعی,پردیس زینبیه - پیشوا
1392,انسانی,1390,155,منطقه سه,علوم تربیتی,پردیس فاطمه الزهرا (س) - اهواز
1392,انسانی,1390,757,منطقه یک,مدیریت صنعتی,دانشگاه شهید بهشتی - تهران
1392,انسانی,1393,461,منطقه دو,حقوق,دانشگاه بیرجند
1392,انسانی,1395,759,منطقه یک,دبیری زبان وادبیات عربی,پردیس شهید رجایی - شیراز
1392,انسانی,1397,156,منطقه سه,حقوق,دانشگاه شاهد - تهران
1392,انسانی,1398,760,منطقه یک,حقوق,دانشگاه تبریز
1392,انسانی,1399,463,منطقه دو,دبیری الهیات ومعارف اسلامی,پردیس خواجه نصیرالدین طوسی - کرمان
1392,انسانی,1407,467,منطقه دو,حقوق,دانشگاه گیلان - رشت
1392,انسانی,1412,766,منطقه یک,حقوق,دانشگاه قم
1392,انسانی,1418,771,منطقه یک,علوم اجتماعی,دانشگاه تهران
1392,انسانی,1420,773,منطقه یک,حسابداری,دانشگاه علوم اقتصادی تهران
1392,انسانی,1427,159,منطقه سه,راهنمایی ومشاوره,دانشگاه شهید بهشتی - تهران
1392,انسانی,1427,471,منطقه دو,مدیریت بازرگانی,دانشگاه شهید باهنر - کرمان
1392,انسانی,1434,473,منطقه دو,دبیری علوم اجتماعی,پردیس شهید بهشتی - مشهد
1392,انسانی,1436,160,منطقه سه,حقوق,دانشگاه کاشان
1392,انسانی,1437,475,منطقه دو,راهنمایی ومشاوره,پردیس حضرت معصومه - قم
1392,انسانی,1438,476,منطقه دو,روانشناسی,دانشگاه علامه طباطبایی - تهران
1392,انسانی,1440,478,منطقه دو,حقوق,دانشگاه شیراز
1392,انسانی,1440,478,منطقه دو,علوم تربیتی,دانشگاه قم
1392,انسانی,1446,161,منطقه سه,دبیری تاریخ,پردیس نسیبه - تهران
1392,انسانی,1449,483,منطقه دو,راهنمایی ومشاوره,پردیس امام سجاد - بیرجند
1392,انسانی,1451,162,منطقه سه,دبیری زبان وادبیات عربی,پردیس حضرت معصومه - قم
1392,انسانی,1451,162,منطقه سه,دبیری علوم اجتماعی,پردیس زینبیه - پیشوا
1392,انسانی,1455,786,منطقه یک,مدیریت بیمه,دانشگاه علوم اقتصادی تهران
1392,انسانی,1459,485,منطقه دو,روانشناسی,دانشگاه کاشان
1392,انسانی,1459,788,منطقه یک,دبیری زبان وادبیات فارسی,پردیس شهید هاشمی نژاد - مشهد
1392,انسانی,1464,487,منطقه دو,حقوق,دانشگاه مازندران - بابلسر
1392,انسانی,1466,791,منطقه یک,مدیریت بیمه اکو,دانشگاه علامه طباطبایی - تهران
1392,انسانی,1470,165,منطقه سه,روانشناسی,دانشگاه اصفهان
1392,انسانی,1470,793,منطقه یک,سنجش ازدور وسیستم اطلاعات جغرافیایی,دانشگاه تهران
1392,انسانی,1470,793,منطقه یک,مدیریت بازرگانی,دانشگاه تهران
1392,انسانی,1475,167,منطقه سه,حقوق,دانشگاه گیلان - رشت
1392,انسانی,1477,492,منطقه دو,حقوق,دانشگاه دخترانه حضرت معصومه (ع) - قم
1392,انسانی,1480,797,منطقه یک,حقوق,دانشگاه تبریز
1392,انسانی,1482,494,منطقه دو,حقوق,دانشگاه بوعلی سینا - همدان
1392,انسانی,1486,801,منطقه یک,راهنمایی ومشاوره,دانشگاه تهران
1392,انسانی,1486,801,منطقه یک,مدیریت بازرگانی,دانشگاه شیراز
1392,انسانی,1489,495,منطقه دو,حقوق,دانشگاه گیلان - رشت
1392,انسانی,1489,495,منطقه دو,دبیری زبان وادبیات عربی,پردیس دکتر شریعتی - ساری
1392,انسانی,1491,804,منطقه یک,روانشناسی,دانشگاه علامه طباطبایی - تهران
1392,انسانی,1492,805,منطقه یک,مدیریت بازرگانی,دانشگاه الزهرا(س) - تهران
1392,انسانی,1494,169,منطقه سه,دبیری زبان وادبیات فارسی,پردیس شهید هاشمی نژاد - مشهد
1392,انسانی,1496,497,منطقه دو,علوم تربیتی,پردیس فاطمه الزهرا (س) - یزد
1392,انسانی,1500,499,منطقه دو,حقوق,دانشگاه غیرانتفاعی علم و فرهنگ - تهران
1392,انسانی,1502,501,منطقه دو,مدیریت بازرگانی,دانشگاه اصفهان
1392,انسانی,1504,809,منطقه یک,حسابداری,دانشگاه علامه طباطبایی - تهران
1392,انسانی,1507,502,منطقه دو,حقوق,دانشگاه شیراز
1392,انسانی,1510,172,منطقه سه,دبیری زبان وادبیات فارسی,پردیس علامه طباطبایی - ارومیه
1392,انسانی,1510,503,منطقه دو,حقوق,دانشگاه گیلان - رشت
1392,انسانی,1514,173,منطقه سه,حقوق,دانشگاه شهید بهشتی - تهران
1392,انسانی,1514,505,منطقه دو,روانشناسی,دانشگاه شهید باهنر - کرمان
1392,انسانی,1516,174,منطقه سه,حقوق,دانشگاه شهید بهشتی - تهران
1392,انسانی,1526,508,منطقه دو,دبیری علوم اجتماعی,پردیس زینبیه - پیشوا
1392,انسانی,1529,819,منطقه یک,مدیریت اموربانکی,دانشگاه علوم اقتصادی تهران
1392,انسانی,1530,820,منطقه یک,دبیری زبان وادبیات فارسی,پردیس فاطمه الزهرا (س) - اصفهان
1392,انسانی,1531,509,منطقه دو,حقوق,دانشگاه مازندران - بابلسر
1392,انسانی,1533,821,منطقه یک,حقوق,دانشگاه شیراز
1392,انسانی,1535,511,منطقه دو,علوم تربیتی,پردیس شهید باهنر - کرمان
1392,انسانی,1541,512,منطقه دو,حقوق,دانشگاه گیلان - رشت
1392,انسانی,1541,512,منطقه دو,علوم قضایی,دانشگاه علوم قضایی و خدمات ادارای - وابسته به قوه قضاییه
1392,انسانی,1541,826,منطقه یک,دبیری علوم اجتماعی,پردیس فاطمه الزهرا (س) - اصفهان
1392,انسانی,1541,826,منطقه یک,روانشناسی,دانشگاه شهید چمران اهواز
1392,انسانی,1541,826,منطقه یک,علوم اجتماعی,دانشگاه شهید بهشتی - تهران
1392,انسانی,1548,181,منطقه سه,حقوق,دانشگاه شهید بهشتی - تهران
1392,انسانی,1552,518,منطقه دو,دبیری الهیات ومعارف اسلامی,پردیس شهید باهنر - شیراز
1392,انسانی,1552,829,منطقه یک,مدیریت بازرگانی,دانشگاه شیراز
1392,انسانی,1557,830,منطقه یک,علوم تربیتی,دانشگاه تهران
1392,انسانی,1559,521,منطقه دو,دبیری الهیات ومعارف اسلامی,پردیس شهید باهنر - کرمان
1392,انسانی,1563,182,منطقه سه,حقوق,دانشگاه علامه طباطبایی - تهران
1392,انسانی,1563,522,منطقه دو,حقوق,دانشگاه مازندران - بابلسر
1392,انسانی,1563,834,منطقه یک,مدیریت دولتی,دانشگاه شهید بهشتی - تهران
1392,انسانی,1568,835,منطقه یک,علوم قضایی,دانشگاه علوم قضایی و خدمات ادارای - وابسته به قوه قضاییه
1392,انسانی,1568,835,منطقه یک,مدیریت صنعتی,دانشگاه تهران
1392,انسانی,1573,184,منطقه سه,علوم قضایی,دانشگاه علوم قضایی و خدمات ادارای - وابسته به قوه قضاییه
1392,انسانی,1580,186,منطقه سه,راهنمایی ومشاوره,دانشگاه تهران
1392,انسانی,1580,842,منطقه یک,علوم اقتصادی,دانشگاه تهران
1392,انسانی,1583,843,منطقه یک,حقوق,دانشگاه تبریز
1392,انسانی,1583,843,منطقه یک,روانشناسی,دانشگاه اصفهان
1392,انسانی,1585,845,منطقه یک,علوم اجتماعی,دانشگاه شهید بهشتی - تهران
1392,انسانی,1586,846,منطقه یک,راهنمایی ومشاوره,دانشگاه الزهرا(س) - تهران
1392,انسانی,1590,849,منطقه یک,علوم اجتماعی,دانشگاه تهران
1392,انسانی,1592,530,منطقه دو,دبیری علوم اجتماعی,پردیس فاطمه الزهرا (س) - اصفهان
1392,انسانی,1592,530,منطقه دو,علوم ارتباطات اجتماعی,دانشگاه تهران
1392,انسانی,1597,187,منطقه سه,الهیات ومعارف اسلامی -فقه ومبانی حقوق اسلامی,دانشگاه تهران
1392,انسانی,1597,852,منطقه یک,علوم اجتماعی,دانشگاه شهید بهشتی - تهران
1392,انسانی,1600,189,منطقه سه,راهنمایی ومشاوره,پردیس امام سجاد - بیرجند
1392,انسانی,1600,853,منطقه یک,علوم اقتصادی,دانشگاه فردوسی - مشهد
1392,انسانی,1605,191,منطقه سه,علوم قضایی,دانشگاه علوم قضایی و خدمات ادارای - وابسته به قوه قضاییه
1392,انسانی,1605,855,منطقه یک,راهنمایی ومشاوره,دانشگاه الزهرا(س) - تهران
1392,انسانی,1609,535,منطقه دو,راهنمایی ومشاوره,پردیس امام خمینی - گرگان
1392,انسانی,1611,193,منطقه سه,علوم قضایی,دانشگاه علوم قضایی و خدمات ادارای - وابسته به قوه قضاییه
1392,انسانی,1614,537,منطقه دو,دبیری زبان وادبیات عربی,پردیس امام محمد باقر - بجنورد
1392,انسانی,1616,194,منطقه سه,دبیری زبان وادبیات عربی,پردیس رسالت - زاهدان
1392,انسانی,1617,195,منطقه سه,علوم قضایی,دانشگاه علوم قضایی و خدمات ادارای - وابسته به قوه قضاییه
1392,انسانی,1620,538,منطقه دو,راهنمایی ومشاوره,دانشگاه خوارزمی تهران
1392,انسانی,1625,541,منطقه دو,زبان وادبیات فارسی,دانشگاه علامه طباطبایی - تهران
1392,انسانی,1625,862,منطقه یک,مدیریت صنعتی,دانشگاه علامه طباطبایی - تهران
1392,انسانی,1627,197,منطقه سه,دبیری زبان وادبیات فارسی,پردیس فاطمه الزهرا (س) - اصفهان
1392,انسانی,1627,863,منطقه یک,مدیریت بیمه اکو,دانشگاه علامه طباطبایی - تهران
1392,انسانی,1632,198,منطقه سه,کارشناسی ارشدمعارف اسلامی وحقوق,دانشگاه شهید باهنر - کرمان
1392,انسانی,1635,543,منطقه دو,دبیری علوم اجتماعی,پردیس فاطمه الزهرا (س) - اصفهان
1392,انسانی,1635,543,منطقه دو,راهنمایی ومشاوره,پردیس امام سجاد - بیرجند
1392,انسانی,1635,867,منطقه یک,حقوق,دانشگاه غیرانتفاعی علم و فرهنگ - تهران
1392,انسانی,1638,545,منطقه دو,حقوق,دانشگاه علامه طباطبایی - تهران
1392,انسانی,1640,547,منطقه دو,دبیری زبان وادبیات فارسی,پردیس فاطمه الزهرا(س) ساری
1392,انسانی,1642,549,منطقه دو,روانشناسی,دانشگاه تبریز
1392,انسانی,1644,868,منطقه یک,حسابداری,دانشگاه علوم اقتصادی تهران
1392,انسانی,1648,200,منطقه سه,حقوق,دانشگاه فردوسی - مشهد
1392,انسانی,1648,200,منطقه سه,دبیری الهیات ومعارف اسلامی,پردیس آیت اله کمال وند - خرم آباد
1392,انسانی,1650,552,منطقه دو,دبیری زبان وادبیات عربی,پردیس دکتر شریعتی - ساری
1392,انسانی,1650,871,منطقه یک,حقوق,دانشگاه بین المللی امام خمینی(ره) - قزوین
1392,انسانی,1656,202,منطقه سه,حقوق,دانشگاه قم
1392,انسانی,1661,203,منطقه سه,دبیری علوم اجتماعی,پردیس شهید هاشمی نژاد - مشهد
1392,انسانی,1661,203,منطقه سه,روانشناسی,دانشگاه فردوسی - مشهد
1392,انسانی,1661,876,منطقه یک,راهنمایی ومشاوره,پردیس شهید هاشمی نژاد - مشهد
1392,انسانی,1668,558,منطقه دو,روانشناسی,دانشگاه یزد
1392,انسانی,1668,879,منطقه یک,راهنمایی ومشاوره,پردیس فاطمه الزهرا (س) - تبریز
1392,انسانی,1670,880,منطقه یک,حقوق,دانشگاه بین المللی امام خمینی(ره) - قزوین
1392,انسانی,1674,883,منطقه یک,سنجش ازدور وسیستم اطلاعات جغرافیایی,دانشگاه تهران
1392,انسانی,1676,884,منطقه یک,راهنمایی ومشاوره,دانشگاه خوارزمی تهران
1392,انسانی,1686,890,منطقه یک,مدیریت بیمه,دانشگاه علوم اقتصادی تهران
1392,انسانی,1686,890,منطقه یک,مدیریت صنعتی,دانشگاه علامه طباطبایی - تهران
1392,انسانی,1688,207,منطقه سه,دبیری الهیات ومعارف اسلامی,پردیس شهید هاشمی نژاد - مشهد
1392,انسانی,1689,892,منطقه یک,حقوق,دانشگاه قم
1392,انسانی,1693,566,منطقه دو,راهنمایی ومشاوره,پردیس شهید هاشمی نژاد - مشهد
1392,انسانی,1695,568,منطقه دو,حقوق,دانشگاه کردستان - سنندج
1392,انسانی,1695,894,منطقه یک,دبیری علوم اجتماعی,پردیس فاطمه الزهرا (س) - بندرعباس
1392,انسانی,1698,208,منطقه سه,حقوق,دانشگاه تهران
1392,انسانی,1698,895,منطقه یک,حقوق,دانشگاه فردوسی - مشهد
1392,انسانی,1701,570,منطقه دو,دبیری زبان وادبیات فارسی,پردیس فاطمه الزهرا(س) ساری
1392,انسانی,1701,570,منطقه دو,روانشناسی,دانشگاه سمنان
1392,انسانی,1701,897,منطقه یک,حقوق,دانشگاه تبریز
1392,انسانی,1705,573,منطقه دو,روانشناسی,دانشگاه الزهرا(س) - تهران
1392,انسانی,1705,573,منطقه دو,مدیریت بازرگانی,دانشگاه تهران
1392,انسانی,1709,575,منطقه دو,حقوق,دانشگاه قم
1392,انسانی,1709,575,منطقه دو,دبیری زبان وادبیات فارسی,پردیس فاطمه الزهرا (س) - اصفهان
1392,انسانی,1709,575,منطقه دو,دبیری زبان وادبیات فارسی,پردیس فاطمه الزهرا(س) ساری
1392,انسانی,1714,210,منطقه سه,علوم قضایی,دانشگاه علوم قضایی و خدمات ادارای - وابسته به قوه قضاییه
1392,انسانی,1716,580,منطقه دو,علوم تربیتی,پردیس علامه طباطبایی - ارومیه
1392,انسانی,1719,583,منطقه دو,روانشناسی,دانشگاه یزد
1392,انسانی,1719,900,منطقه یک,مدیریت دولتی,دانشگاه علامه طباطبایی - تهران
1392,انسانی,1723,902,منطقه یک,روانشناسی,دانشگاه علامه طباطبایی - تهران
1392,انسانی,1728,587,منطقه دو,حسابداری,دانشکده فنی وحرفه ای دختران تهران (دکتر شریعتی)
1392,انسانی,1730,588,منطقه دو,روانشناسی,دانشگاه تبریز
1392,انسانی,1730,905,منطقه یک,روانشناسی,دانشگاه الزهرا(س) - تهران
1392,انسانی,1733,907,منطقه یک,مدیریت بازرگانی,دانشگاه علامه طباطبایی - تهران
1392,انسانی,1733,907,منطقه یک,مدیریت دولتی,دانشگاه شهید بهشتی - تهران
1392,انسانی,1736,589,منطقه دو,مدیریت دولتی,دانشگاه اصفهان
1392,انسانی,1737,590,منطقه دو,تربیت دبیر زبان انگلیسی,پردیس زینبیه - پیشوا
1392,انسانی,1738,910,منطقه یک,حسابداری,دانشگاه فردوسی - مشهد
1392,انسانی,1745,213,منطقه سه,دبیری زبان وادبیات فارسی,پردیس فاطمه الزهرا(س) ساری
1392,انسانی,1748,596,منطقه دو,حقوق,دانشگاه گیلان - رشت
1392,انسانی,1750,598,منطقه دو,حقوق,دانشگاه بوعلی سینا - همدان
1392,انسانی,1750,913,منطقه یک,حقوق,دانشگاه قم
1392,انسانی,1750,913,منطقه یک,مدیریت بازرگانی,دانشگاه علامه طباطبایی - تهران
1392,انسانی,1757,214,منطقه سه,دبیری زبان وادبیات فارسی,پردیس رسالت - زاهدان
1392,انسانی,1759,601,منطقه دو,مدیریت دولتی,دانشگاه تهران
1392,انسانی,1762,603,منطقه دو,الهیات ومعارف اسلامی -فلسفه وکلام اسلامی,دانشگاه قم
1392,انسانی,1763,216,منطقه سه,روانشناسی,دانشگاه تبریز
1392,انسانی,1763,918,منطقه یک,باستانشناسی,دانشگاه تهران
1392,انسانی,1763,918,منطقه یک,فقه وحقوق اسلامی,دانشگاه خوارزمی تهران
1392,انسانی,1766,217,منطقه سه,حقوق,دانشگاه بوعلی سینا - همدان
1392,انسانی,1766,217,منطقه سه,دبیری زبان وادبیات عربی,پردیس شهید رجایی - سمنان
1392,انسانی,1766,920,منطقه یک,حقوق,دانشگاه تبریز
1392,انسانی,1774,605,منطقه دو,الهیات ومعارف اسلامی -فقه ومبانی حقوق اسلامی,دانشگاه تهران
1392,انسانی,1774,923,منطقه یک,علوم تربیتی,دانشگاه شهید بهشتی - تهران
1392,انسانی,1778,607,منطقه دو,حقوق,دانشگاه قم
1392,انسانی,1785,928,منطقه یک,مدیریت جهانگردی,دانشگاه علامه طباطبایی - تهران
1392,انسانی,1790,931,منطقه یک,روانشناسی,دانشگاه الزهرا(س) - تهران
1392,انسانی,1796,935,منطقه یک,حسابداری,دانشگاه الزهرا(س) - تهران
1392,انسانی,1801,614,منطقه دو,حقوق,دانشگاه کاشان
1392,انسانی,1802,615,منطقه دو,راهنمایی ومشاوره,پردیس شهید باهنر - همدان
1392,انسانی,1804,225,منطقه سه,حقوق,دانشگاه تبریز
1392,انسانی,1804,938,منطقه یک,زبان وادبیات فارسی,دانشگاه شهید بهشتی - تهران
1392,انسانی,1806,226,منطقه سه,دبیری زبان وادبیات فارسی,پردیس حضرت رسول اکرم - اهواز
1392,انسانی,1806,616,منطقه دو,دبیری علوم اجتماعی,پردیس زینب کبری (س) - اراک
1392,انسانی,1806,939,منطقه یک,حسابداری,دانشگاه الزهرا(س) - تهران
1392,انسانی,1809,617,منطقه دو,دبیری زبان وادبیات عربی,پردیس امیر کبیر - کرج
1392,انسانی,1809,940,منطقه یک,مدیریت بازرگانی,دانشگاه تهران
1392,انسانی,1812,227,منطقه سه,علوم قضایی,دانشگاه علوم قضایی و خدمات ادارای - وابسته به قوه قضاییه
1392,انسانی,1812,942,منطقه یک,حقوق,دانشگاه فردوسی - مشهد
1392,انسانی,1815,228,منطقه سه,علوم تربیتی,پردیس امام جعفر صادق - ایلام
1392,انسانی,1818,945,منطقه یک,حقوق,دانشگاه غیرانتفاعی علم و فرهنگ - تهران
1392,انسانی,1821,229,منطقه سه,دبیری زبان وادبیات عربی,پردیس رسالت - زاهدان
1392,انسانی,1821,947,منطقه یک,روانشناسی,دانشگاه فردوسی - مشهد
1392,انسانی,1823,230,منطقه سه,حقوق,دانشگاه فردوسی - مشهد
1392,انسانی,1825,620,منطقه دو,کارشناسی ارشدمعارف اسلامی وحقوق,دانشگاه شهید باهنر - کرمان
1392,انسانی,1825,949,منطقه یک,حقوق,دانشگاه سمنان
1392,انسانی,1829,231,منطقه سه,دبیری الهیات ومعارف اسلامی,پردیس شهید باهنر - کرمان
1392,انسانی,1829,621,منطقه دو,دبیری زبان وادبیات فارسی,پردیس شهید بهشتی - مشهد
1392,انسانی,1832,623,منطقه دو,مدیریت صنعتی,دانشگاه شهید بهشتی - تهران
1392,انسانی,1835,625,منطقه دو,روانشناسی,دانشگاه الزهرا(س) - تهران
1392,انسانی,1835,625,منطقه دو,فقه وحقوق اسلامی,دانشگاه خوارزمی تهران
1392,انسانی,1837,627,منطقه دو,حقوق,دانشگاه مازندران - بابلسر
1392,انسانی,1839,953,منطقه یک,حقوق,دانشگاه تبریز
1392,انسانی,1839,953,منطقه یک,حقوق,دانشگاه شیراز
1392,انسانی,1841,629,منطقه دو,حقوق,دانشگاه کاشان
1392,انسانی,1841,955,منطقه یک,حقوق,دانشگاه قم
1392,انسانی,1844,630,منطقه دو,علوم تربیتی,پردیس شهید هاشمی نژاد - مشهد
1392,انسانی,1845,956,منطقه یک,الهیات ومعارف اسلامی -تاریخ فرهنگ وتمدن ملل اسلامی,دانشگاه تهران
1392,انسانی,1845,956,منطقه یک,مدیریت دولتی,دانشگاه علامه طباطبایی - تهران
1392,انسانی,1851,631,منطقه دو,علوم قضایی,دانشگاه علوم قضایی و خدمات ادارای - وابسته به قوه قضاییه
1392,انسانی,1852,234,منطقه سه,حقوق,دانشگاه شیراز
1392,انسانی,1854,235,منطقه سه,دبیری زبان وادبیات عربی,پردیس رسالت - زاهدان
1392,انسانی,1854,235,منطقه سه,دبیری زبان وادبیات عربی,پردیس شهید رجایی - سمنان
1392,انسانی,1860,632,منطقه دو,راهنمایی ومشاوره,دانشگاه الزهرا(س) - تهران
1392,انسانی,1864,963,منطقه یک,علوم اجتماعی,دانشگاه اصفهان
1392,انسانی,1869,241,منطقه سه,حقوق,دانشگاه شهید چمران اهواز
1392,انسانی,1869,968,منطقه یک,حقوق,دانشگاه کاشان
1392,انسانی,1878,243,منطقه سه,دبیری زبان وادبیات عربی,پردیس امام محمد باقر - بجنورد
1392,انسانی,1882,973,منطقه یک,مدیریت بازرگانی,دانشگاه شیراز
1392,انسانی,1888,641,منطقه دو,راهنمایی ومشاوره,پردیس امام سجاد - بیرجند
1392,انسانی,1889,245,منطقه سه,حقوق,دانشگاه شیراز
1392,انسانی,1889,642,منطقه دو,دبیری جغرافیا,پردیس شهید باهنر - بیرجند
1392,انسانی,1894,643,منطقه دو,علوم قضایی,دانشگاه علوم قضایی و خدمات ادارای - وابسته به قوه قضاییه
1392,انسانی,1897,981,منطقه یک,حقوق,دانشگاه کاشان
1392,انسانی,1901,647,منطقه دو,روانشناسی,دانشگاه سمنان
1392,انسانی,1902,982,منطقه یک,دبیری زبان وادبیات فارسی,پردیس شهید هاشمی نژاد - مشهد
1392,انسانی,1905,648,منطقه دو,دبیری زبان وادبیات عربی,پردیس فاطمه الزهرا(س) ساری
1392,انسانی,1905,984,منطقه یک,حسابداری,دانشگاه فردوسی - مشهد
1392,انسانی,1909,650,منطقه دو,زبان وادبیات عربی,دانشگاه کردستان - سنندج
1392,انسانی,1909,985,منطقه یک,علوم اجتماعی,دانشگاه تهران
1392,انسانی,1913,652,منطقه دو,حقوق,دانشگاه تبریز
1392,انسانی,1913,986,منطقه یک,علوم اقتصادی,دانشگاه شهید بهشتی - تهران
1392,انسانی,1919,251,منطقه سه,حقوق,دانشگاه تهران
1392,انسانی,1922,253,منطقه سه,دبیری الهیات ومعارف اسلامی,پردیس شهید باهنر - کرمان
1392,انسانی,1930,655,منطقه دو,راهنمایی ومشاوره,پردیس امام سجاد - بیرجند
1392,انسانی,1932,257,منطقه سه,راهنمایی ومشاوره,پردیس امام خمینی - گرگان
1392,انسانی,1936,995,منطقه یک,روانشناسی,دانشگاه الزهرا(س) - تهران
1392,انسانی,1938,658,منطقه دو,حقوق,دانشگاه کاشان
1392,انسانی,1940,258,منطقه سه,دبیری الهیات ومعارف اسلامی,پردیس شهید هاشمی نژاد - مشهد
1392,انسانی,1941,998,منطقه یک,حسابداری,دانشگاه علامه طباطبایی - تهران
1392,انسانی,1949,662,منطقه دو,جغرافیاوبرنامه ریزی شهری,دانشگاه شهید بهشتی - تهران
1392,انسانی,1954,259,منطقه سه,علوم تربیتی,پردیس امام جعفر صادق - ایلام
1392,انسانی,1964,667,منطقه دو,حقوق,دانشگاه بوعلی سینا - همدان
1392,انسانی,1970,669,منطقه دو,روانشناسی,دانشگاه علامه طباطبایی - تهران
1392,انسانی,1980,674,منطقه دو,حقوق,دانشگاه شیراز
1392,انسانی,1980,674,منطقه دو,دبیری زبان وادبیات فارسی,پردیس فاطمه الزهرا(س) ساری
1392,انسانی,1983,677,منطقه دو,فقه وحقوق اسلامی,دانشگاه یزد
1392,انسانی,1993,268,منطقه سه,روانشناسی,دانشگاه اصفهان
1392,انسانی,1993,268,منطقه سه,علوم تربیتی,پردیس امام جعفر صادق - ایلام
1392,انسانی,1993,679,منطقه دو,فقه وحقوق اسلامی,دانشگاه بین المللی امام خمینی(ره) - قزوین
1392,انسانی,2001,681,منطقه دو,حقوق,دانشگاه کاشان
1392,انسانی,2001,681,منطقه دو,علوم قضایی,دانشگاه علوم قضایی و خدمات ادارای - وابسته به قوه قضاییه
1392,انسانی,2007,271,منطقه سه,دبیری تاریخ,پردیس زینب کبری (س) - اراک
1392,انسانی,2009,684,منطقه دو,روانشناسی,دانشگاه یزد
1392,انسانی,2012,687,منطقه دو,دبیری الهیات ومعارف اسلامی,پردیس حضرت معصومه - قم
1392,انسانی,2012,687,منطقه دو,علوم اجتماعی,دانشگاه تهران
1392,انسانی,2019,690,منطقه دو,حقوق,دانشگاه قم
1392,انسانی,2024,272,منطقه سه,حقوق,دانشگاه تهران
1392,انسانی,2028,692,منطقه دو,علوم تربیتی,پردیس الزهرا(س)-سمنان
1392,انسانی,2033,276,منطقه سه,دبیری جغرافیا,پردیس امام سجاد - بیرجند
1392,انسانی,2039,694,منطقه دو,علوم اجتماعی,دانشگاه شهید بهشتی - تهران
1392,انسانی,2043,279,منطقه سه,دبیری زبان وادبیات فارسی,پردیس شهید چمران - تهران
1392,انسانی,2050,283,منطقه سه,دبیری زبان وادبیات عربی,پردیس حضرت معصومه - قم
1392,انسانی,2055,696,منطقه دو,حقوق,دانشگاه غیرانتفاعی علم و فرهنگ - تهران
1392,انسانی,2060,284,منطقه سه,دبیری زبان وادبیات فارسی,پردیس زینب کبری (س) - اراک
1392,انسانی,2060,697,منطقه دو,حقوق,دانشگاه شیراز
1392,انسانی,2064,699,منطقه دو,روانشناسی,دانشگاه کاشان
1392,انسانی,2072,704,منطقه دو,روانشناسی,دانشگاه گیلان - رشت
1392,انسانی,2077,286,منطقه سه,دبیری تاریخ,پردیس شهید رجایی - قزوین
1392,انسانی,2083,711,منطقه دو,حقوق,دانشگاه کاشان
1392,انسانی,2084,287,منطقه سه,حقوق,دانشگاه شیراز
1392,انسانی,2084,712,منطقه دو,روانشناسی,دانشگاه اصفهان
1392,انسانی,2088,289,منطقه سه,دبیری زبان وادبیات فارسی,پردیس امیر کبیر - کرج
1392,انسانی,2088,289,منطقه سه,مدیریت مالی,دانشگاه علوم اقتصادی تهران
1392,انسانی,2093,715,منطقه دو,حقوق,دانشگاه بوعلی سینا - همدان
1392,انسانی,2097,717,منطقه دو,راهنمایی ومشاوره,پردیس شهید هاشمی نژاد - مشهد
1392,انسانی,2100,291,منطقه سه,راهنمایی ومشاوره,پردیس حضرت معصومه - قم
1392,انسانی,2112,294,منطقه سه,دبیری الهیات ومعارف اسلامی,پردیس شهید باهنر - کرمان
1392,انسانی,2114,295,منطقه سه,دبیری زبان وادبیات فارسی,پردیس شهید هاشمی نژاد - مشهد
1392,انسانی,2114,721,منطقه دو,حقوق,دانشگاه قم
1392,انسانی,2114,721,منطقه دو,حقوق,دانشگاه گیلان - رشت
1392,انسانی,2122,297,منطقه سه,دبیری علوم اجتماعی,پردیس شهید هاشمی نژاد - مشهد
1392,انسانی,2129,726,منطقه دو,حقوق,دانشگاه قم
1392,انسانی,2131,298,منطقه سه,حقوق,دانشگاه گیلان - رشت
1392,انسانی,2142,730,منطقه دو,راهنمایی ومشاوره,پردیس امام سجاد - بیرجند
1392,انسانی,2142,730,منطقه دو,مدیریت بازرگانی,دانشگاه اصفهان
1392,انسانی,2144,732,منطقه دو,حقوق,دانشگاه شهید مدنی آذربایجان - تبریز
1392,انسانی,2145,301,منطقه سه,علوم تربیتی,پردیس علامه امینی - تبریز
1392,انسانی,2145,733,منطقه دو,حقوق,دانشگاه قم
1392,انسانی,2145,733,منطقه دو,راهنمایی ومشاوره,دانشگاه تهران
1392,انسانی,2150,735,منطقه دو,راهنمایی ومشاوره,پردیس امام خمینی - گرگان
1392,انسانی,2151,302,منطقه سه,حقوق,دانشگاه شهید چمران اهواز
1392,انسانی,2151,736,منطقه دو,راهنمایی ومشاوره,پردیس امام خمینی - گرگان
1392,انسانی,2155,303,منطقه سه,دبیری زبان وادبیات فارسی,پردیس دکتر شریعتی - ساری
1392,انسانی,2158,304,منطقه سه,حقوق,دانشگاه کردستان - سنندج
1392,انسانی,2161,305,منطقه سه,دبیری زبان وادبیات عربی,پردیس شهید باهنر - اصفهان
1392,انسانی,2161,738,منطقه دو,دبیری زبان وادبیات فارسی,پردیس فاطمه الزهرا(س) ساری
1392,انسانی,2161,738,منطقه دو,فقه وحقوق اسلامی,دانشگاه یزد
1392,انسانی,2169,741,منطقه دو,فقه وحقوق اسلامی,دانشگاه بین المللی امام خمینی(ره) - قزوین
1392,انسانی,2170,306,منطقه سه,حقوق,دانشگاه شیراز
1392,انسانی,2177,307,منطقه سه,حقوق,دانشگاه شهید چمران اهواز
1392,انسانی,2182,308,منطقه سه,دبیری زبان وادبیات عربی,پردیس حضرت معصومه - قم
1392,انسانی,2182,749,منطقه دو,حقوق,دانشگاه قم
1392,انسانی,2189,754,منطقه دو,راهنمایی ومشاوره,پردیس امام محمد باقر - بجنورد
1392,انسانی,2205,312,منطقه سه,علوم قضایی,دانشگاه علوم قضایی و خدمات ادارای - وابسته به قوه قضاییه
1392,انسانی,2207,313,منطقه سه,علوم تربیتی,دانشگاه تهران
1392,انسانی,2207,759,منطقه دو,علوم تربیتی,پردیس حضرت معصومه - قم
1392,انسانی,2210,761,منطقه دو,مدیریت دولتی,دانشگاه تهران
1392,انسانی,2215,764,منطقه دو,دبیری زبان وادبیات فارسی,پردیس زینب کبری (س) - اراک
1392,انسانی,2217,314,منطقه سه,علوم تربیتی,پردیس شهید باهنر - شیراز
1392,انسانی,2219,766,منطقه دو,حقوق,دانشگاه کردستان - سنندج
1392,انسانی,2221,768,منطقه دو,دبیری علوم اجتماعی,پردیس فاطمه الزهرا (س) - اصفهان
1392,انسانی,2231,317,منطقه سه,دبیری زبان وادبیات عربی,پردیس شهید رجایی - سمنان
1392,انسانی,2231,772,منطقه دو,دبیری زبان وادبیات عربی,پردیس فاطمه الزهرا(س) ساری
1392,انسانی,2234,318,منطقه سه,حقوق,دانشگاه گیلان - رشت
1392,انسانی,2234,774,منطقه دو,راهنمایی ومشاوره,پردیس حضرت معصومه - قم
1392,انسانی,2241,320,منطقه سه,دبیری علوم اجتماعی,پردیس شهید هاشمی نژاد - مشهد
1392,انسانی,2244,775,منطقه دو,علوم اقتصادی,دانشگاه تهران
1392,انسانی,2245,776,منطقه دو,حسابداری,دانشگاه مازندران - بابلسر
1392,انسانی,2245,776,منطقه دو,راهنمایی ومشاوره,پردیس حضرت معصومه - قم
1392,انسانی,2251,780,منطقه دو,دبیری زبان وادبیات فارسی,پردیس امام خمینی - گرگان
1392,انسانی,2264,785,منطقه دو,راهنمایی ومشاوره,دانشگاه خوارزمی تهران
1392,انسانی,2264,785,منطقه دو,روانشناسی,دانشگاه یزد
1392,انسانی,2276,791,منطقه دو,فقه وحقوق اسلامی,دانشگاه یزد
1392,انسانی,2279,326,منطقه سه,دبیری زبان وادبیات فارسی,پردیس شهید هاشمی نژاد - مشهد
1392,انسانی,2290,796,منطقه دو,حقوق,دانشگاه حکیم سبزواری - سبزوار
1392,انسانی,2290,796,منطقه دو,راهنمایی ومشاوره,پردیس فاطمه الزهرا (س) - اهواز
1392,انسانی,2292,327,منطقه سه,الهیات ومعارف اسلامی -فقه ومبانی حقوق اسلامی,دانشگاه الزهرا(س) - تهران
1392,انسانی,2295,328,منطقه سه,حقوق,دانشگاه قم
1392,انسانی,2308,804,منطقه دو,حقوق,دانشگاه قم
1392,انسانی,2308,804,منطقه دو,فقه وحقوق اسلامی,دانشگاه یزد
1392,انسانی,2312,330,منطقه سه,علوم تربیتی,پردیس فاطمه الزهرا (س) - تبریز
1392,انسانی,2319,808,منطقه دو,حقوق,دانشگاه مازندران - بابلسر
1392,انسانی,2322,811,منطقه دو,علوم تربیتی,دانشگاه تهران
1392,انسانی,2322,811,منطقه دو,علوم تربیتی,پردیس فاطمه الزهرا (س) - تبریز
1392,انسانی,2330,333,منطقه سه,راهنمایی ومشاوره,پردیس شهید ایزد پناه - یاسوج
1392,انسانی,2333,817,منطقه دو,دبیری علوم اجتماعی,پردیس رسالت - زاهدان
1392,انسانی,2346,821,منطقه دو,حقوق,دانشگاه بوعلی سینا - همدان
1392,انسانی,2346,821,منطقه دو,دبیری زبان وادبیات عربی,پردیس امیر کبیر - کرج
1392,انسانی,2346,821,منطقه دو,راهنمایی ومشاوره,پردیس حضرت معصومه - قم
1392,انسانی,2355,338,منطقه سه,دبیری زبان وادبیات فارسی,پردیس شهید هاشمی نژاد - مشهد
1392,انسانی,2355,826,منطقه دو,دبیری الهیات ومعارف اسلامی,پردیس حضرت معصومه - قم
1392,انسانی,2355,826,منطقه دو,دبیری جغرافیا,پردیس حکیم ابوالقاسم فردوسی - کرج
1392,انسانی,2355,826,منطقه دو,دبیری علوم اجتماعی,پردیس شهید هاشمی نژاد - مشهد
1392,انسانی,2355,826,منطقه دو,مدیریت مالی,دانشگاه علوم اقتصادی تهران
1392,انسانی,2362,339,منطقه سه,راهنمایی ومشاوره,پردیس بنت الهدی صدر-قزوین
1392,انسانی,2362,831,منطقه دو,علوم تربیتی,پردیس شهید باهنر - کرمان
1392,انسانی,2366,340,منطقه سه,راهنمایی ومشاوره,دانشگاه الزهرا(س) - تهران
1392,انسانی,2370,341,منطقه سه,علوم تربیتی,دانشگاه اصفهان
1392,انسانی,2370,834,منطقه دو,علوم تربیتی,پردیس بنت الهدی صدر - اردبیل
1392,انسانی,2375,343,منطقه سه,حقوق,دانشگاه شهید مدنی آذربایجان - تبریز
1392,انسانی,2383,839,منطقه دو,علوم اجتماعی,دانشگاه تهران
1392,انسانی,2391,842,منطقه دو,حقوق,دانشگاه بیرجند
1392,انسانی,2391,842,منطقه دو,دبیری زبان وادبیات فارسی,پردیس الزهرا (س) - زنجان
1392,انسانی,2396,844,منطقه دو,حقوق,دانشگاه قم
1392,انسانی,2406,347,منطقه سه,حقوق,دانشگاه تهران
1392,انسانی,2406,847,منطقه دو,فقه وحقوق اسلامی,دانشگاه یزد
1392,انسانی,2412,848,منطقه دو,راهنمایی ومشاوره,پردیس امام محمد باقر - بجنورد
1392,انسانی,2416,850,منطقه دو,علوم تربیتی,پردیس شهید پاک نژاد - یزد
1392,انسانی,2417,350,منطقه سه,مدیریت بیمه,دانشگاه علوم اقتصادی تهران
1392,انسانی,2419,351,منطقه سه,علوم قضایی,دانشگاه علوم قضایی و خدمات ادارای - وابسته به قوه قضاییه
1392,انسانی,2421,853,منطقه دو,دبیری زبان وادبیات فارسی,پردیس دکتر شریعتی - ساری
1392,انسانی,2423,352,منطقه سه,علوم قضایی,دانشگاه علوم قضایی و خدمات ادارای - وابسته به قوه قضاییه
1392,انسانی,2425,854,منطقه دو,حقوق,دانشگاه کردستان - سنندج
1392,انسانی,2428,857,منطقه دو,حقوق,دانشگاه مازندران - بابلسر
1392,انسانی,2428,857,منطقه دو,مدیریت صنعتی,دانشگاه بین المللی امام خمینی(ره) - قزوین
1392,انسانی,2431,859,منطقه دو,حقوق,دانشگاه مازندران - بابلسر
1392,انسانی,2450,866,منطقه دو,الهیات ومعارف اسلامی -فلسفه وحکمت اسلامی,دانشگاه تهران
1392,انسانی,2454,359,منطقه سه,راهنمایی ومشاوره,پردیس فاطمه الزهرا (س) - اهواز
1392,انسانی,2460,869,منطقه دو,راهنمایی ومشاوره,دانشگاه خوارزمی تهران
1392,انسانی,2463,870,منطقه دو,روانشناسی,دانشگاه سیستان و بلوچستان - زاهدان
1392,انسانی,2466,871,منطقه دو,حقوق,دانشگاه مازندران - بابلسر
1392,انسانی,2470,361,منطقه سه,راهنمایی ومشاوره,پردیس فاطمه الزهرا (س) - اهواز
1392,انسانی,2474,364,منطقه سه,دبیری زبان وادبیات عربی,پردیس خواجه نصیرالدین طوسی - کرمان
1392,انسانی,2474,875,منطقه دو,روانشناسی,دانشگاه بوعلی سینا - همدان
1392,انسانی,2477,365,منطقه سه,دبیری زبان وادبیات عربی,پردیس رسالت - زاهدان
1392,انسانی,2480,876,منطقه دو,روانشناسی,دانشگاه محقق اردبیلی - اردبیل
1392,انسانی,2481,877,منطقه دو,روانشناسی,دانشگاه محقق اردبیلی - اردبیل
1392,انسانی,2485,879,منطقه دو,دبیری زبان وادبیات عربی,پردیس فاطمه الزهرا(س) ساری
1392,انسانی,2495,883,منطقه دو,روانشناسی,دانشگاه یزد
1392,انسانی,2499,884,منطقه دو,حقوق,دانشگاه مازندران - بابلسر
1392,انسانی,2503,368,منطقه سه,دبیری علوم اجتماعی,پردیس شهید هاشمی نژاد - مشهد
1392,انسانی,2503,887,منطقه دو,حقوق,دانشگاه حکیم سبزواری - سبزوار
1392,انسانی,2505,888,منطقه دو,حقوق,دانشگاه مازندران - بابلسر
1392,انسانی,2510,891,منطقه دو,دبیری علوم اجتماعی,پردیس شهید هاشمی نژاد - مشهد
1392,انسانی,2517,892,منطقه دو,راهنمایی ومشاوره,دانشگاه تهران
1392,انسانی,2524,895,منطقه دو,حسابداری,دانشگاه یزد
1392,انسانی,2525,896,منطقه دو,دبیری الهیات ومعارف اسلامی,پردیس شهید باهنر - کرمان
1392,انسانی,2543,374,منطقه سه,دبیری زبان وادبیات فارسی,پردیس فاطمه الزهرا(س) ساری
1392,انسانی,2543,374,منطقه سه,دبیری علوم اجتماعی,پردیس زینبیه - پیشوا
1392,انسانی,2543,901,منطقه دو,حقوق,دانشگاه مازندران - بابلسر
1392,انسانی,2548,903,منطقه دو,حقوق,دانشگاه مازندران - بابلسر
1392,انسانی,2550,376,منطقه سه,دبیری الهیات ومعارف اسلامی,پردیس شهید هاشمی نژاد - مشهد
1392,انسانی,2550,904,منطقه دو,حقوق,دانشگاه مازندران - بابلسر
1392,انسانی,2550,904,منطقه دو,مدیریت بازرگانی,دانشگاه تهران
1392,انسانی,2556,907,منطقه دو,حقوق,دانشگاه کاشان
1392,انسانی,2566,911,منطقه دو,حقوق,دانشگاه قم
1392,انسانی,2567,912,منطقه دو,راهنمایی ومشاوره,پردیس شهید باهنر - همدان
1392,انسانی,2576,378,منطقه سه,حقوق,دانشگاه علامه طباطبایی - تهران
1392,انسانی,2578,380,منطقه سه,دبیری زبان وادبیات عربی,پردیس علامه طباطبایی - اردبیل
1392,انسانی,2578,915,منطقه دو,حقوق,دانشگاه مازندران - بابلسر
1392,انسانی,2586,918,منطقه دو,حقوق,دانشگاه مازندران - بابلسر
1392,انسانی,2588,920,منطقه دو,حقوق,دانشگاه کاشان
1392,انسانی,2588,920,منطقه دو,مددکاری اجتماعی,دانشگاه علامه طباطبایی - تهران
1392,انسانی,2593,381,منطقه سه,راهنمایی ومشاوره,پردیس امام خمینی - گرگان
1392,انسانی,2593,923,منطقه دو,علوم تربیتی,پردیس علامه طباطبایی - ارومیه
1392,انسانی,2595,382,منطقه سه,دبیری الهیات ومعارف اسلامی,پردیس شهید باهنر - کرمان
1392,انسانی,2599,383,منطقه سه,دبیری زبان وادبیات عربی,پردیس امیر کبیر - کرج
1392,انسانی,2600,925,منطقه دو,دبیری الهیات ومعارف اسلامی,پردیس شهید پاک نژاد - یزد
1392,انسانی,2606,385,منطقه سه,حقوق,دانشگاه مازندران - بابلسر
1392,انسانی,2606,385,منطقه سه,روابط عمومی,دانشگاه علامه طباطبایی - تهران
1392,انسانی,2609,387,منطقه سه,دبیری علوم اجتماعی,پردیس شهید هاشمی نژاد - مشهد
1392,انسانی,2609,927,منطقه دو,حقوق,دانشگاه گیلان - رشت
1392,انسانی,2609,927,منطقه دو,روانشناسی,دانشگاه محقق اردبیلی - اردبیل
1392,انسانی,2615,929,منطقه دو,دبیری علوم اجتماعی,پردیس فاطمه الزهرا (س) - اصفهان
1392,انسانی,2619,933,منطقه دو,راهنمایی ومشاوره,پردیس امام خمینی - گرگان
1392,انسانی,2625,392,منطقه سه,مدیریت بازرگانی,دانشگاه ارومیه
1392,انسانی,2625,935,منطقه دو,راهنمایی ومشاوره,پردیس شهید بهشتی - مشهد
1392,انسانی,2631,394,منطقه سه,روانشناسی,دانشگاه یزد
1392,انسانی,2636,940,منطقه دو,حقوق,دانشگاه گیلان - رشت
1392,انسانی,2644,398,منطقه سه,فقه وحقوق اسلامی,دانشگاه خوارزمی تهران
1392,انسانی,2649,942,منطقه دو,فقه وحقوق اسلامی,دانشگاه یزد
1392,انسانی,2651,943,منطقه دو,راهنمایی ومشاوره,پردیس شهید باهنر - همدان
1392,انسانی,2653,944,منطقه دو,علوم قضایی,دانشگاه علوم قضایی و خدمات ادارای - وابسته به قوه قضاییه
1392,انسانی,2661,947,منطقه دو,مدیریت دولتی,دانشگاه علامه طباطبایی - تهران
1392,انسانی,2666,402,منطقه سه,دبیری زبان وادبیات فارسی,پردیس شهید هاشمی نژاد - مشهد
1392,انسانی,2668,948,منطقه دو,حقوق,دانشگاه دخترانه حضرت معصومه (ع) - قم
1392,انسانی,2671,949,منطقه دو,راهنمایی ومشاوره,مجتمع آموزش عالی اردکان
1392,انسانی,2673,951,منطقه دو,راهنمایی ومشاوره,پردیس شهید باهنر - همدان
1392,انسانی,2676,406,منطقه سه,دبیری زبان وادبیات عربی,پردیس رسالت - زاهدان
1392,انسانی,2676,406,منطقه سه,راهنمایی ومشاوره,دانشگاه الزهرا(س) - تهران
1392,انسانی,2676,406,منطقه سه,علوم قضایی,دانشگاه علوم قضایی و خدمات ادارای - وابسته به قوه قضاییه
1392,انسانی,2683,409,منطقه سه,راهنمایی ومشاوره,پردیس حضرت معصومه - قم
1392,انسانی,2683,409,منطقه سه,زبان وادبیات فارسی,دانشگاه شهید بهشتی - تهران
1392,انسانی,2687,956,منطقه دو,علوم اجتماعی,دانشگاه تهران
1392,انسانی,2689,412,منطقه سه,دبیری زبان وادبیات فارسی,پردیس خواجه نصیرالدین طوسی - کرمان
1392,انسانی,2689,958,منطقه دو,حقوق,دانشگاه گیلان - رشت
1392,انسانی,2689,958,منطقه دو,دبیری زبان وادبیات عربی,پردیس شهید رجایی - سمنان
1392,انسانی,2689,958,منطقه دو,راهنمایی ومشاوره,پردیس دکتر شریعتی - ساری
1392,انسانی,2700,413,منطقه سه,راهنمایی ومشاوره,پردیس امام سجاد - بیرجند
1392,انسانی,2700,962,منطقه دو,دبیری علوم اجتماعی,پردیس زینبیه - پیشوا
1392,انسانی,2704,964,منطقه دو,حقوق,دانشگاه مازندران - بابلسر
1392,انسانی,2736,975,منطقه دو,مدیریت دولتی,دانشگاه تهران
1392,انسانی,2737,976,منطقه دو,راهنمایی ومشاوره,پردیس فاطمه الزهرا (س) - اهواز
1392,انسانی,2740,978,منطقه دو,حقوق,دانشگاه مازندران - بابلسر
1392,انسانی,2743,419,منطقه سه,دبیری الهیات ومعارف اسلامی,پردیس شهید باهنر - کرمان
1392,انسانی,2746,979,منطقه دو,دبیری الهیات ومعارف اسلامی,پردیس شهید هاشمی نژاد - مشهد
1392,انسانی,2752,980,منطقه دو,روانشناسی,دانشگاه یزد
1392,انسانی,2758,983,منطقه دو,فقه وحقوق اسلامی,دانشگاه شاهد - تهران
1392,انسانی,2760,424,منطقه سه,حقوق,دانشگاه بین المللی امام خمینی(ره) - قزوین
1392,انسانی,2760,984,منطقه دو,علوم قضایی,دانشگاه علوم قضایی و خدمات ادارای - وابسته به قوه قضاییه
1392,انسانی,2775,427,منطقه سه,دبیری تاریخ,پردیس شهید باهنر - بیرجند
1392,انسانی,2775,990,منطقه دو,راهنمایی ومشاوره,پردیس امام محمد باقر - بجنورد
1392,انسانی,2777,991,منطقه دو,راهنمایی ومشاوره,پردیس شهید باهنر - همدان
1392,انسانی,2777,991,منطقه دو,روانشناسی,دانشگاه شهید باهنر - کرمان
1392,انسانی,2786,429,منطقه سه,حقوق,دانشگاه حکیم سبزواری - سبزوار
1392,انسانی,2801,999,منطقه دو,فقه وحقوق اسلامی,دانشگاه یزد
1392,انسانی,2801,999,منطقه دو,مددکاری اجتماعی,دانشگاه علامه طباطبایی - تهران
1392,انسانی,2826,434,منطقه سه,حقوق,دانشگاه بوعلی سینا - همدان
1392,انسانی,2839,438,منطقه سه,علوم تربیتی,پردیس شهید هاشمی نژاد - مشهد
1392,انسانی,2844,440,منطقه سه,دبیری علوم اجتماعی,پردیس زینبیه - پیشوا
1392,انسانی,2858,442,منطقه سه,علوم قضایی,دانشگاه علوم قضایی و خدمات ادارای - وابسته به قوه قضاییه
1392,انسانی,2862,443,منطقه سه,حقوق,دانشگاه شهید چمران اهواز
1392,انسانی,2868,446,منطقه سه,دبیری زبان وادبیات عربی,پردیس حضرت معصومه - قم
1392,انسانی,2886,450,منطقه سه,حقوق,دانشگاه گیلان - رشت
1392,انسانی,2890,451,منطقه سه,دبیری علوم اجتماعی,پردیس بنت الهدی صدر-قزوین
1392,انسانی,2890,451,منطقه سه,مدیریت اموربانکی,دانشگاه علوم اقتصادی تهران
1392,انسانی,2894,453,منطقه سه,حقوق,دانشگاه شیراز
1392,انسانی,2917,460,منطقه سه,حقوق,دانشگاه شهید چمران اهواز
1392,انسانی,2921,462,منطقه سه,علوم تربیتی,پردیس شهید باهنر - شیراز
1392,انسانی,2931,465,منطقه سه,حسابداری,دانشگاه تهران
1392,انسانی,2936,467,منطقه سه,روانشناسی,دانشگاه اصفهان
1392,انسانی,2940,468,منطقه سه,راهنمایی ومشاوره,پردیس شهید مفتح - شهرری
1392,انسانی,2957,472,منطقه سه,حقوق,دانشگاه آیت الله بروجردی - بروجرد
1392,انسانی,2957,472,منطقه سه,دبیری علوم اجتماعی,پردیس زینبیه - پیشوا
1392,انسانی,2973,475,منطقه سه,دبیری الهیات ومعارف اسلامی,پردیس حضرت معصومه - قم
1392,انسانی,2976,476,منطقه سه,علوم قضایی,دانشگاه علوم قضایی و خدمات ادارای - وابسته به قوه قضاییه
1392,انسانی,2980,477,منطقه سه,حقوق,دانشگاه قم
1392,انسانی,3002,483,منطقه سه,دبیری علوم اجتماعی,پردیس شهید هاشمی نژاد - مشهد
1392,انسانی,3008,484,منطقه سه,حقوق,دانشگاه گیلان - رشت
1392,انسانی,3012,485,منطقه سه,حقوق,دانشگاه قم
1392,انسانی,3017,488,منطقه سه,دبیری زبان وادبیات عربی,پردیس شهید رجایی - سمنان
1392,انسانی,3028,491,منطقه سه,راهنمایی ومشاوره,پردیس شهید چمران - تهران
1392,انسانی,3052,498,منطقه سه,روانشناسی,دانشگاه فردوسی - مشهد
1392,انسانی,3058,499,منطقه سه,دبیری زبان وادبیات فارسی,پردیس فاطمه الزهرا (س) - اصفهان
1392,انسانی,3073,502,منطقه سه,راهنمایی ومشاوره,پردیس حضرت معصومه - قم
1392,انسانی,3073,502,منطقه سه,روانشناسی,دانشگاه کاشان
1392,انسانی,3096,505,منطقه سه,دبیری زبان وادبیات فارسی,پردیس امام خمینی - گرگان
1392,انسانی,3098,506,منطقه سه,حقوق,دانشگاه شهید مدنی آذربایجان - تبریز
1392,انسانی,3104,507,منطقه سه,زبان وادبیات فارسی,دانشگاه علامه طباطبایی - تهران
1392,انسانی,3108,509,منطقه سه,دبیری الهیات ومعارف اسلامی,پردیس شهید هاشمی نژاد - مشهد
1392,انسانی,3115,512,منطقه سه,علوم تربیتی,پردیس امام جعفر صادق - ایلام
1392,انسانی,3130,516,منطقه سه,حقوق,دانشگاه شیراز
1392,انسانی,3133,518,منطقه سه,دبیری الهیات ومعارف اسلامی,پردیس شهید هاشمی نژاد - مشهد
1392,انسانی,3140,520,منطقه سه,دبیری زبان وادبیات عربی,پردیس آیت اله طالقانی - قم
1392,انسانی,3149,523,منطقه سه,علوم قضایی,دانشگاه علوم قضایی و خدمات ادارای - وابسته به قوه قضاییه
1392,انسانی,3191,534,منطقه سه,حقوق,دانشگاه آیت الله بروجردی - بروجرد
1392,انسانی,3216,541,منطقه سه,راهنمایی ومشاوره,پردیس بنت الهدی صدر-قزوین
1392,انسانی,3216,541,منطقه سه,روانشناسی,دانشگاه محقق اردبیلی - اردبیل
1392,انسانی,3233,545,منطقه سه,علوم اقتصادی,دانشگاه شهید بهشتی - تهران
1392,انسانی,3237,546,منطقه سه,دبیری علوم اجتماعی,پردیس فاطمه الزهرا (س) - بندرعباس
1392,انسانی,3247,549,منطقه سه,راهنمایی ومشاوره,پردیس شهید بهشتی - مشهد
1392,انسانی,3249,550,منطقه سه,دبیری زبان وادبیات عربی,پردیس دکتر شریعتی - ساری
1392,انسانی,3249,550,منطقه سه,علوم اجتماعی,دانشگاه تبریز
1392,انسانی,3249,550,منطقه سه,علوم تربیتی,پردیس امام جعفر صادق - ایلام
1392,انسانی,3254,553,منطقه سه,علوم قضایی,دانشگاه علوم قضایی و خدمات ادارای - وابسته به قوه قضاییه
1392,انسانی,3266,554,منطقه سه,الهیات ومعارف اسلامی -فقه ومبانی حقوق اسلامی,دانشگاه الزهرا(س) - تهران
1392,انسانی,3283,561,منطقه سه,دبیری علوم اجتماعی,پردیس بنت الهدی صدر-قزوین
1392,انسانی,3293,563,منطقه سه,الهیات ومعارف اسلامی -فقه ومبانی حقوق اسلامی,دانشگاه تهران
1392,انسانی,3321,568,منطقه سه,فقه وحقوق اسلامی,دانشگاه بین المللی امام خمینی(ره) - قزوین
1392,انسانی,3334,571,منطقه سه,علوم اجتماعی,دانشگاه تهران
1392,انسانی,3339,573,منطقه سه,دبیری زبان وادبیات عربی,پردیس بنت الهدی صدر - بوشهر
1392,انسانی,3363,576,منطقه سه,راهنمایی ومشاوره,مجتمع آموزش عالی اردکان
1392,انسانی,3370,577,منطقه سه,دبیری علوم اجتماعی,پردیس زینبیه - پیشوا
1392,انسانی,3392,583,منطقه سه,علوم تربیتی,پردیس کوثر - یاسوج
1392,انسانی,3403,585,منطقه سه,دبیری علوم اجتماعی,پردیس شهید هاشمی نژاد - مشهد
1392,انسانی,3414,587,منطقه سه,حقوق,دانشگاه لرستان - خرم آباد
1392,انسانی,3414,587,منطقه سه,علوم تربیتی,دانشگاه یزد
1392,انسانی,3429,592,منطقه سه,دبیری زبان وادبیات عربی,پردیس حضرت معصومه - قم
1392,انسانی,3439,593,منطقه سه,دبیری زبان وادبیات عربی,پردیس شهید بهشتی - مشهد
1392,انسانی,3446,595,منطقه سه,دبیری الهیات ومعارف اسلامی,پردیس شهید بهشتی - مشهد
1392,انسانی,3451,596,منطقه سه,روانشناسی,دانشگاه بوعلی سینا - همدان
1392,انسانی,3483,598,منطقه سه,دبیری تاریخ,پردیس نسیبه - تهران
1392,انسانی,3496,603,منطقه سه,دبیری تاریخ,پردیس شهید رجایی - قزوین
1392,انسانی,3498,605,منطقه سه,حقوق,دانشگاه شیراز
1392,انسانی,3505,607,منطقه سه,دبیری زبان وادبیات فارسی,پردیس حضرت رسول اکرم - اهواز
1392,انسانی,3505,607,منطقه سه,دبیری علوم اجتماعی,پردیس فاطمه الزهرا (س) - اصفهان
1392,انسانی,3512,609,منطقه سه,حقوق,دانشگاه شیراز
1392,انسانی,3512,609,منطقه سه,مدیریت دولتی,دانشگاه تهران
1392,انسانی,3552,616,منطقه سه,حقوق,دانشگاه علامه طباطبایی - تهران
1392,انسانی,3555,617,منطقه سه,علوم تربیتی,پردیس شهید هاشمی نژاد - مشهد
1392,انسانی,3593,627,منطقه سه,دبیری زبان وادبیات فارسی,پردیس زینب کبری (س) - اراک
1392,انسانی,3596,628,منطقه سه,علوم تربیتی,پردیس شهید هاشمی نژاد - مشهد
1392,انسانی,3600,629,منطقه سه,راهنمایی ومشاوره,پردیس شهید مفتح - شهرری
1392,انسانی,3605,630,منطقه سه,دبیری جغرافیا,پردیس امام خمینی - گرگان
1392,انسانی,3615,632,منطقه سه,دبیری علوم اجتماعی,پردیس شهید مقصودی - همدان
1392,انسانی,3625,634,منطقه سه,روانشناسی,دانشگاه علامه طباطبایی - تهران
1392,انسانی,3630,635,منطقه سه,حقوق,دانشگاه دخترانه حضرت معصومه (ع) - قم
1392,انسانی,3634,636,منطقه سه,حقوق,دانشگاه رازی کرمانشاه
1392,انسانی,3671,642,منطقه سه,جغرافیای سیاسی (امایش ومدیریت سیاسی فضا),دانشگاه تهران
1392,انسانی,3700,649,منطقه سه,روانشناسی,دانشگاه تبریز
1392,انسانی,3700,649,منطقه سه,مددکاری اجتماعی,دانشگاه علامه طباطبایی - تهران
1392,انسانی,3744,656,منطقه سه,دبیری زبان وادبیات فارسی,پردیس شهید چمران - تهران
1392,انسانی,3747,658,منطقه سه,فقه وحقوق اسلامی,دانشگاه بین المللی امام خمینی(ره) - قزوین
1392,انسانی,3753,659,منطقه سه,راهنمایی ومشاوره,پردیس امام خمینی - گرگان
1392,انسانی,3818,665,منطقه سه,دبیری زبان وادبیات عربی,پردیس فاطمه الزهرا(س) ساری
1392,انسانی,3830,666,منطقه سه,راهنمایی ومشاوره,دانشگاه شهید چمران اهواز
1392,انسانی,3858,669,منطقه سه,دبیری زبان وادبیات فارسی,پردیس شهید باهنر - اصفهان
1392,انسانی,3870,673,منطقه سه,راهنمایی ومشاوره,پردیس فاطمه الزهرا (س) - اهواز
1392,انسانی,3894,679,منطقه سه,علوم تربیتی,پردیس امام سجاد - بیرجند
1392,انسانی,3931,685,منطقه سه,علوم تربیتی,پردیس امام جعفر صادق - ایلام
1392,انسانی,3950,688,منطقه سه,دبیری الهیات ومعارف اسلامی,پردیس آیت اله کمال وند - خرم آباد
1392,انسانی,3962,692,منطقه سه,مدیریت مالی,دانشگاه علوم اقتصادی تهران
1392,انسانی,4002,697,منطقه سه,مدیریت بازرگانی,دانشگاه گیلان - رشت
1392,انسانی,4004,698,منطقه سه,حقوق,دانشگاه سمنان
1392,انسانی,4017,701,منطقه سه,راهنمایی ومشاوره,پردیس آیت اله طالقانی - قم
1392,انسانی,4043,708,منطقه سه,دبیری زبان وادبیات عربی,پردیس شهید بهشتی - مشهد
1392,انسانی,4048,711,منطقه سه,علوم اقتصادی,دانشگاه تهران
1392,انسانی,4075,721,منطقه سه,حقوق,دانشگاه شیراز
1392,انسانی,4078,722,منطقه سه,حقوق,دانشگاه شیراز
1392,انسانی,4090,723,منطقه سه,علوم تربیتی,پردیس امام سجاد - بیرجند
1392,انسانی,4099,726,منطقه سه,علوم ارتباطات اجتماعی,دانشگاه تهران
1392,انسانی,4120,731,منطقه سه,دبیری الهیات ومعارف اسلامی,پردیس خواجه نصیرالدین طوسی - کرمان
1392,انسانی,4140,737,منطقه سه,دبیری علوم اجتماعی,پردیس شهید ایزد پناه - یاسوج
1392,انسانی,4161,741,منطقه سه,حقوق,دانشگاه تبریز
1392,انسانی,4164,743,منطقه سه,علوم تربیتی,دانشگاه اصفهان
1392,انسانی,4175,745,منطقه سه,دبیری زبان وادبیات فارسی,پردیس شهید باهنر - همدان
1392,انسانی,4194,754,منطقه سه,دبیری زبان وادبیات عربی,پردیس امام سجاد - بیرجند
1392,انسانی,4199,756,منطقه سه,دبیری الهیات ومعارف اسلامی,پردیس شهید باهنر - شیراز
1392,انسانی,4211,760,منطقه سه,دبیری علوم اجتماعی,پردیس شهید ایزد پناه - یاسوج
1392,انسانی,4228,764,منطقه سه,حقوق,دانشگاه شهید مدنی آذربایجان - تبریز
1392,انسانی,4234,766,منطقه سه,علوم اقتصادی,دانشگاه فردوسی - مشهد
1392,انسانی,4246,768,منطقه سه,علوم تربیتی,پردیس شهید صدوقی - کرمانشاه
1392,انسانی,4256,770,منطقه سه,دبیری الهیات ومعارف اسلامی,پردیس شهید بهشتی - مشهد
1392,انسانی,4256,770,منطقه سه,دبیری زبان وادبیات فارسی,پردیس حضرت رسول اکرم - اهواز
1392,انسانی,4258,772,منطقه سه,راهنمایی ومشاوره,دانشگاه شهید چمران اهواز
1392,انسانی,4260,774,منطقه سه,حسابداری,دانشگاه ارومیه
1392,انسانی,4260,774,منطقه سه,راهنمایی ومشاوره,پردیس حضرت معصومه - قم
1392,انسانی,4265,776,منطقه سه,دبیری زبان وادبیات فارسی,پردیس حضرت رسول اکرم - اهواز
1392,انسانی,4271,779,منطقه سه,دبیری علوم اجتماعی,پردیس علامه طباطبایی - بوشهر
1392,انسانی,4275,780,منطقه سه,دبیری زبان وادبیات فارسی,پردیس بنت الهدی صدر - بوشهر
1392,انسانی,4278,781,منطقه سه,دبیری الهیات ومعارف اسلامی,پردیس امام خمینی - گرگان
1392,انسانی,4278,781,منطقه سه,دبیری زبان وادبیات فارسی,پردیس علامه طباطبایی - بوشهر
1392,انسانی,4286,783,منطقه سه,دبیری زبان وادبیات فارسی,پردیس حضرت رسول اکرم - اهواز
1392,انسانی,4325,795,منطقه سه,دبیری علوم اجتماعی,پردیس شهید ایزد پناه - یاسوج
1392,انسانی,4338,799,منطقه سه,دبیری علوم اجتماعی,پردیس رسالت - زاهدان
1392,انسانی,4377,810,منطقه سه,الهیات ومعارف اسلامی -فقه ومبانی حقوق اسلامی,دانشگاه فردوسی - مشهد
1392,انسانی,4395,814,منطقه سه,علوم تربیتی,پردیس کوثر - یاسوج
1392,انسانی,4401,817,منطقه سه,دبیری علوم اجتماعی,پردیس بنت الهدی صدر-قزوین
1392,انسانی,4403,818,منطقه سه,دبیری زبان وادبیات عربی,پردیس شهید باهنر - اصفهان
1392,انسانی,4428,823,منطقه سه,حسابداری,دانشگاه یزد
1392,انسانی,4428,823,منطقه سه,دبیری زبان وادبیات فارسی,پردیس علامه طباطبایی - ارومیه
1392,انسانی,4451,833,منطقه سه,علوم قضایی,دانشگاه علوم قضایی و خدمات ادارای - وابسته به قوه قضاییه
1392,انسانی,4463,835,منطقه سه,دبیری جغرافیا,پردیس امام خمینی - گرگان
1392,انسانی,4506,842,منطقه سه,دبیری علوم اجتماعی,پردیس بنت الهدی صدر-قزوین
1392,انسانی,4528,846,منطقه سه,علوم تربیتی,پردیس امام سجاد - بیرجند
1392,انسانی,4535,848,منطقه سه,حسابداری,دانشگاه کردستان - سنندج
1392,انسانی,4535,848,منطقه سه,دبیری زبان وادبیات عربی,پردیس آیت اله طالقانی - قم
1392,انسانی,4549,851,منطقه سه,روانشناسی,دانشگاه محقق اردبیلی - اردبیل
1392,انسانی,4555,854,منطقه سه,حقوق,دانشگاه شهید مدنی آذربایجان - تبریز
1392,انسانی,4555,854,منطقه سه,دبیری الهیات ومعارف اسلامی,پردیس شهید پاک نژاد - یزد
1392,انسانی,4563,857,منطقه سه,علوم قضایی,دانشگاه علوم قضایی و خدمات ادارای - وابسته به قوه قضاییه
1392,انسانی,4566,858,منطقه سه,دبیری علوم اجتماعی,پردیس خواجه نصیرالدین طوسی - کرمان
1392,انسانی,4569,859,منطقه سه,الهیات ومعارف اسلامی -فقه ومبانی حقوق اسلامی,دانشگاه تهران
1392,انسانی,4569,859,منطقه سه,دبیری زبان وادبیات عربی,پردیس دکتر شریعتی - ساری
1392,انسانی,4590,862,منطقه سه,دبیری الهیات ومعارف اسلامی,پردیس علامه طباطبایی - ارومیه
1392,انسانی,4598,863,منطقه سه,حقوق,دانشگاه لرستان - خرم آباد
1392,انسانی,4623,870,منطقه سه,راهنمایی ومشاوره,پردیس آیت اله طالقانی - قم
1392,انسانی,4623,870,منطقه سه,راهنمایی ومشاوره,پردیس فاطمه الزهرا (س) - اهواز
1392,انسانی,4635,874,منطقه سه,حقوق,دانشگاه رازی کرمانشاه
1392,انسانی,4635,874,منطقه سه,دبیری علوم اجتماعی,پردیس شهید رجایی - ارومیه
1392,انسانی,4640,877,منطقه سه,دبیری زبان وادبیات عربی,پردیس امیر کبیر - کرج
1392,انسانی,4643,878,منطقه سه,دبیری زبان وادبیات عربی,پردیس علامه طباطبایی - اردبیل
1392,انسانی,4648,879,منطقه سه,فقه وحقوق اسلامی,دانشگاه بین المللی امام خمینی(ره) - قزوین
1392,انسانی,4653,880,منطقه سه,علوم تربیتی,پردیس امام سجاد - بیرجند
1392,انسانی,4657,881,منطقه سه,راهنمایی ومشاوره,پردیس امام سجاد - بیرجند
1392,انسانی,4667,884,منطقه سه,مدیریت بازرگانی,دانشگاه ارومیه
1392,انسانی,4675,887,منطقه سه,علوم تربیتی,دانشگاه علامه طباطبایی - تهران
1392,انسانی,4685,890,منطقه سه,علوم تربیتی,پردیس فاطمه الزهرا(س) ساری
1392,انسانی,4700,896,منطقه سه,حقوق,دانشگاه کردستان - سنندج
1392,انسانی,4706,898,منطقه سه,حقوق,دانشگاه تبریز
1392,انسانی,4706,898,منطقه سه,دبیری زبان وادبیات عربی,پردیس امام سجاد - بیرجند
1392,انسانی,4721,904,منطقه سه,علوم تربیتی,پردیس امام جعفر صادق - ایلام
1392,انسانی,4729,905,منطقه سه,دبیری زبان وادبیات عربی,پردیس امام سجاد - بیرجند
1392,انسانی,4744,910,منطقه سه,دبیری علوم اجتماعی,پردیس بنت الهدی صدر-قزوین
1392,انسانی,4788,921,منطقه سه,راهنمایی ومشاوره,پردیس امام محمد باقر - بجنورد
1392,انسانی,4793,922,منطقه سه,دبیری زبان وادبیات عربی,پردیس حکیم ابوالقاسم فردوسی - کرج
1392,انسانی,4800,924,منطقه سه,دبیری زبان وادبیات فارسی,پردیس زینب کبری (س) - اراک
1392,انسانی,4800,924,منطقه سه,دبیری علوم اجتماعی,پردیس فاطمه الزهرا (س) - بندرعباس
1392,انسانی,4804,926,منطقه سه,دبیری الهیات ومعارف اسلامی,پردیس حضرت معصومه - قم
1392,انسانی,4814,929,منطقه سه,روانشناسی,دانشگاه شهید چمران اهواز
1392,انسانی,4822,930,منطقه سه,علوم تربیتی,پردیس بنت الهدی صدر - سنندج
1392,انسانی,4834,932,منطقه سه,دبیری علوم اجتماعی,پردیس بنت الهدی صدر-قزوین
1392,انسانی,4840,935,منطقه سه,دبیری علوم اجتماعی,پردیس شهید ایزد پناه - یاسوج
1392,انسانی,4840,935,منطقه سه,مدیریت مالی,دانشگاه علوم اقتصادی تهران
1392,انسانی,4848,939,منطقه سه,سنجش ازدور وسیستم اطلاعات جغرافیایی,دانشگاه تهران
1392,انسانی,4864,942,منطقه سه,دبیری جغرافیا,پردیس علامه طباطبایی - بوشهر
1392,انسانی,4880,946,منطقه سه,مدیریت بازرگانی,دانشگاه شهید چمران اهواز
1392,انسانی,4897,952,منطقه سه,دبیری تاریخ,پردیس شهید رجایی - قزوین
1392,انسانی,4897,952,منطقه سه,علوم تربیتی,پردیس شهید هاشمی نژاد - مشهد
1392,انسانی,4906,954,منطقه سه,حقوق,دانشگاه علامه طباطبایی - تهران
1392,انسانی,4911,955,منطقه سه,علوم قضایی,دانشگاه علوم قضایی و خدمات ادارای - وابسته به قوه قضاییه
1392,انسانی,4921,958,منطقه سه,دبیری الهیات ومعارف اسلامی,پردیس امام خمینی - گرگان
1392,انسانی,4932,965,منطقه سه,حقوق,دانشگاه لرستان - خرم آباد
1392,انسانی,4932,965,منطقه سه,دبیری زبان وادبیات عربی,پردیس امام محمد باقر - بجنورد
1392,انسانی,4940,967,منطقه سه,دبیری الهیات ومعارف اسلامی,پردیس امام خمینی - گرگان
1392,انسانی,4954,970,منطقه سه,حقوق,دانشگاه حکیم سبزواری - سبزوار
1392,انسانی,4954,970,منطقه سه,روانشناسی,دانشگاه سمنان
1392,انسانی,4984,976,منطقه سه,دبیری علوم اجتماعی,پردیس علامه طباطبایی - بوشهر
1392,انسانی,4997,980,منطقه سه,روانشناسی,دانشگاه شهید چمران اهواز
1392,انسانی,5008,983,منطقه سه,دبیری الهیات ومعارف اسلامی,پردیس شهید باهنر - شیراز
1392,انسانی,5017,985,منطقه سه,دبیری الهیات ومعارف اسلامی,پردیس بنت الهدی صدر - رشت
1392,انسانی,5017,985,منطقه سه,علوم تربیتی,پردیس بنت الهدی صدر-قزوین
1392,انسانی,5025,987,منطقه سه,علوم تربیتی,پردیس امام جعفر صادق - ایلام
1392,انسانی,5033,988,منطقه سه,دبیری زبان وادبیات عربی,پردیس علامه طباطبایی - اردبیل
1392,انسانی,5042,990,منطقه سه,دبیری زبان وادبیات فارسی,پردیس علامه طباطبایی - ارومیه
1392,انسانی,5046,991,منطقه سه,حقوق,دانشگاه کردستان - سنندج
1392,انسانی,5061,993,منطقه سه,حقوق,دانشگاه کردستان - سنندج
1392,انسانی,5061,993,منطقه سه,دبیری زبان وادبیات عربی,پردیس امیر کبیر - کرج
1392,انسانی,5077,1000,منطقه سه,علوم تربیتی,پردیس شهید هاشمی نژاد - مشهد
1392,هنر,3,1,منطقه دو,سینما,دانشگاه هنر تهران
1392,هنر,13,3,منطقه دو,عکاسی,دانشگاه تهران
1392,هنر,17,4,منطقه دو,سینما,دانشگاه هنر تهران
1392,هنر,18,14,منطقه یک,عکاسی,دانشگاه هنر تهران
1392,هنر,31,6,منطقه دو,سینما,دانشگاه هنر تهران
1392,هنر,37,8,منطقه دو,سینما,دانشگاه هنر تهران
1392,هنر,49,38,منطقه یک,سینما,دانشگاه هنر تهران
1392,هنر,55,13,منطقه دو,سینما,دانشگاه هنر تهران
1392,هنر,64,17,منطقه دو,سینما,دانشگاه هنر تهران
1392,هنر,65,47,منطقه یک,عکاسی,دانشگاه پیام نور اصفهان - مرکز اصفهان
1392,هنر,66,18,منطقه دو,عکاسی,دانشگاه تهران
1392,هنر,68,48,منطقه یک,عکاسی,دانشگاه تهران
1392,هنر,72,21,منطقه دو,صنایع دستی,دانشگاه هنر تهران
1392,هنر,78,54,منطقه یک,عکاسی,دانشگاه هنر تهران
1392,هنر,85,61,منطقه یک,کارشناسی فرش,دانشگاه هنر اصفهان
1392,هنر,94,28,منطقه دو,سینما,دانشگاه هنر تهران
1392,هنر,112,33,منطقه دو,سینما,دانشگاه هنر تهران
1392,هنر,120,83,منطقه یک,صنایع دستی,دانشگاه الزهرا(س) - تهران
1392,هنر,125,87,منطقه یک,عکاسی,دانشگاه تهران
1392,هنر,129,91,منطقه یک,سینما,دانشگاه هنر تهران
1392,هنر,137,96,منطقه یک,صنایع دستی,دانشگاه الزهرا(س) - تهران
1392,هنر,144,101,منطقه یک,مرمت واحیای بناهای تاریخی,دانشگاه هنر اصفهان
1392,هنر,146,40,منطقه دو,سینما,دانشگاه هنر تهران
1392,هنر,148,104,منطقه یک,مهندسی برق,دانشگاه تهران
1392,هنر,157,110,منطقه یک,مرمت واحیای بناهای تاریخی,دانشگاه هنر اصفهان
1392,هنر,161,44,منطقه دو,کارشناسی فرش,دانشگاه هنر تهران
1392,هنر,163,4,منطقه سه,سینما,دانشگاه هنر تهران
1392,هنر,164,46,منطقه دو,مهندسی معماری,دانشگاه یزد
1392,هنر,168,115,منطقه یک,عکاسی,دانشگاه هنر اصفهان
1392,هنر,178,52,منطقه دو,عکاسی,دانشگاه هنر اصفهان
1392,هنر,189,128,منطقه یک,صنایع دستی,دانشگاه الزهرا(س) - تهران
1392,هنر,191,57,منطقه دو,صنایع دستی,دانشگاه الزهرا(س) - تهران
1392,هنر,204,66,منطقه دو,صنایع دستی,دانشگاه الزهرا(س) - تهران
1392,هنر,204,66,منطقه دو,عکاسی,دانشگاه هنر اصفهان
1392,هنر,209,137,منطقه یک,عکاسی,دانشگاه هنر اصفهان
1392,هنر,211,139,منطقه یک,مهندسی کامپیوتر,دانشگاه صنعتی شریف - تهران
1392,هنر,214,69,منطقه دو,مرمت اثارتاریخی,دانشگاه هنر اصفهان
1392,هنر,214,141,منطقه یک,عکاسی,دانشگاه هنر تهران
1392,هنر,217,142,منطقه یک,مهندسی معماری,دانشگاه شهید چمران اهواز
1392,هنر,217,142,منطقه یک,کارشناسی فرش,دانشگاه هنر تهران
1392,هنر,221,146,منطقه یک,صنایع دستی,دانشگاه الزهرا(س) - تهران
1392,هنر,222,147,منطقه یک,صنایع دستی,دانشگاه کاشان
1392,هنر,226,149,منطقه یک,صنایع دستی,دانشگاه الزهرا(س) - تهران
1392,هنر,228,6,منطقه سه,سینما,دانشگاه هنر تهران
1392,هنر,239,75,منطقه دو,مهندسی معماری,موسسه غیرانتفاعی معماری وهنرپارس-تهران
1392,هنر,247,165,منطقه یک,عکاسی,دانشگاه هنر اصفهان
1392,هنر,254,78,منطقه دو,عکاسی,دانشگاه هنر تهران
1392,هنر,261,174,منطقه یک,صنایع دستی,دانشگاه هنر اصفهان
1392,هنر,271,181,منطقه یک,عکاسی,دانشگاه هنر تهران
1392,هنر,273,10,منطقه سه,سینما,دانشگاه هنر تهران
1392,هنر,276,184,منطقه یک,صنایع دستی,دانشگاه هنر اصفهان
1392,هنر,279,84,منطقه دو,عکاسی,دانشگاه تهران
1392,هنر,285,190,منطقه یک,عکاسی,دانشگاه هنر اصفهان
1392,هنر,295,195,منطقه یک,عکاسی,دانشگاه هنر اصفهان
1392,هنر,316,98,منطقه دو,صنایع دستی,دانشگاه الزهرا(س) - تهران
1392,هنر,325,102,منطقه دو,صنایع دستی,دانشگاه الزهرا(س) - تهران
1392,هنر,327,103,منطقه دو,کارشناسی فرش,دانشگاه هنر تهران
1392,هنر,341,14,منطقه سه,سینما,دانشگاه هنر تهران
1392,هنر,349,109,منطقه دو,صنایع دستی,دانشگاه الزهرا(س) - تهران
1392,هنر,358,115,منطقه دو,عکاسی,دانشگاه هنر تهران
1392,هنر,363,118,منطقه دو,تلویزیون وهنرهای دیجیتالی,دانشگاه دامغان
1392,هنر,375,119,منطقه دو,سینما,موسسه غیرانتفاعی سپهر - اصفهان
1392,هنر,378,121,منطقه دو,مهندسی صنایع,دانشگاه صنعتی خواجه نصیرالدین طوسی - تهران
1392,هنر,401,129,منطقه دو,مهندسی معماری,دانشگاه شیراز
1392,هنر,413,135,منطقه دو,صنایع دستی,دانشگاه هنر تهران
1392,هنر,436,144,منطقه دو,مهندسی مکانیک,دانشگاه تبریز
1392,هنر,438,146,منطقه دو,سینما,موسسه غیرانتفاعی سپهر - اصفهان
1392,هنر,438,146,منطقه دو,مرمت واحیای بناهای تاریخی,دانشگاه هنرشیراز
1392,هنر,446,149,منطقه دو,صنایع دستی,دانشگاه الزهرا(س) - تهران
1392,هنر,463,18,منطقه سه,عکاسی,دانشگاه تهران
1392,هنر,466,159,منطقه دو,صنایع دستی,دانشگاه الزهرا(س) - تهران
1392,هنر,484,163,منطقه دو,سینما,موسسه غیرانتفاعی سوره - تهران
1392,هنر,497,167,منطقه دو,صنایع دستی,دانشگاه الزهرا(س) - تهران
1392,هنر,508,169,منطقه دو,مدیریت خدمات بهداشتی درمانی,دانشگاه علوم پزشکی تهران
1392,هنر,512,171,منطقه دو,صنایع دستی,دانشگاه هنر تهران
1392,هنر,515,172,منطقه دو,مهندسی برق,دانشگاه شاهرود
1392,هنر,520,176,منطقه دو,سینما,موسسه غیرانتفاعی سوره - تهران
1392,هنر,530,179,منطقه دو,کارشناسی فرش,دانشگاه هنر اصفهان
1392,هنر,534,181,منطقه دو,سینما,موسسه غیرانتفاعی سپهر - اصفهان
1392,هنر,538,183,منطقه دو,سینما,موسسه غیرانتفاعی کمال الملک - نوشهر
1392,هنر,540,184,منطقه دو,عکاسی,دانشگاه هنر اصفهان
1392,هنر,546,187,منطقه دو,عکاسی,دانشگاه هنر تهران
1392,هنر,565,193,منطقه دو,مرمت واحیای بناهای تاریخی,دانشگاه هنر اصفهان
1392,هنر,569,195,منطقه دو,مهندسی مواد,دانشگاه صنعتی امیرکبیر - تهران
1392,هنر,576,196,منطقه دو,مرمت واحیای بناهای تاریخی,دانشگاه بین المللی امام خمینی(ره) - قزوین
1392,هنر,602,25,منطقه سه,صنایع دستی,دانشگاه الزهرا(س) - تهران
1392,هنر,638,28,منطقه سه,عکاسی,دانشگاه هنر تهران
1392,هنر,649,29,منطقه سه,باستانشناسی,دانشگاه بوعلی سینا - همدان
1392,هنر,813,41,منطقه سه,پزشکی,دانشگاه علوم پزشکی بندرعباس
1392,هنر,909,46,منطقه سه,صنایع دستی,دانشگاه هنر تهران
1392,هنر,930,48,منطقه سه,تلویزیون وهنرهای دیجیتالی,دانشگاه دامغان
1392,هنر,935,49,منطقه سه,صنایع دستی,دانشگاه الزهرا(س) - تهران
1392,هنر,989,51,منطقه سه,مهندسی برق,دانشگاه صنعتی شریف - تهران
1392,هنر,1067,56,منطقه سه,عکاسی,دانشگاه هنر اصفهان
1392,هنر,1098,57,منطقه سه,کارشناسی تکنولوژی پرتودرمانی(رادیوتراپی),دانشگاه علوم پزشکی تهران
1392,هنر,1126,63,منطقه سه,پزشکی,دانشگاه علوم پزشکی مشهد
1392,هنر,1155,64,منطقه سه,فیزیک,دانشگاه علم و صنعت ایران - تهران
1392,هنر,1219,69,منطقه سه,صنایع دستی,دانشگاه هنر تهران
1392,هنر,1274,73,منطقه سه,مهندسی پزشکی,دانشگاه صنعتی امیرکبیر - تهران
1392,هنر,1307,77,منطقه سه,دندانپزشکی,دانشگاه علوم پزشکی بوشهر
1392,هنر,1321,78,منطقه سه,پزشکی,دانشگاه علوم پزشکی مشهد
1392,هنر,1333,80,منطقه سه,مهندسی برق,دانشگاه گلستان - گرگان
1392,هنر,1336,81,منطقه سه,مهندسی کامپیوتر,دانشگاه شهید بهشتی - تهران
1392,هنر,1344,82,منطقه سه,مهندسی برق,دانشگاه صنعتی شیراز
1392,هنر,1362,85,منطقه سه,مهندسی عمران,دانشگاه تبریز
1392,هنر,1435,89,منطقه سه,دبیری فیزیک,پردیس نسیبه - تهران
1392,هنر,1459,92,منطقه سه,صنایع دستی,دانشگاه الزهرا(س) - تهران
1392,هنر,1491,98,منطقه سه,فیزیوتراپی,دانشگاه علوم پزشکی کرمان
1392,هنر,1556,105,منطقه سه,مهندسی صنایع,دانشگاه فناوریهای نوین سبزوار
1392,هنر,1588,107,منطقه سه,مهندسی شیمی,دانشگاه صنعتی ارومیه
1392,هنر,1622,111,منطقه سه,دبیری ریاضی,پردیس علامه طباطبایی - ارومیه
1392,هنر,1628,113,منطقه سه,کارشناسی فرش,دانشگاه هنر تهران
1392,هنر,1633,114,منطقه سه,مهندسی مکانیک,دانشگاه شاهرود
1392,هنر,1663,119,منطقه سه,مهندسی برق,دانشگاه ارومیه
1392,هنر,1665,120,منطقه سه,بازیگری-کارگردانی,موسسه غیرانتفاعی نبی اکرم (ص ) - تبریز
1392,هنر,1676,122,منطقه سه,کاردان فنی مکانیک,مجتمع آموزش عالی بم
1392,هنر,1743,126,منطقه سه,مدیریت صنعتی,دانشگاه شاهرود
1392,هنر,1758,131,منطقه سه,صنایع دستی,دانشگاه هنر اصفهان
1392,هنر,1780,132,منطقه سه,صنایع دستی,دانشگاه الزهرا(س) - تهران
1392,هنر,1792,134,منطقه سه,مهندسی ایمنی,دانشگاه صنعت نفت
1392,هنر,1798,135,منطقه سه,صنایع دستی,دانشگاه کاشان
1392,هنر,1849,141,منطقه سه,فیزیک مهندسی,دانشگاه تهران
1392,هنر,1878,144,منطقه سه,مهندسی کامپیوتر,دانشگاه تربیت دبیر شهید رجایی - تهران
1392,هنر,1883,145,منطقه سه,مهندسی هوافضا,دانشگاه صنعتی امیرکبیر - تهران
1392,هنر,1918,146,منطقه سه,صنایع دستی,دانشگاه الزهرا(س) - تهران
1392,هنر,1918,146,منطقه سه,مهندسی برق,دانشگاه فردوسی - مشهد
1392,هنر,1949,151,منطقه سه,دبیری فیزیک,پردیس شهید پاک نژاد - یزد
1392,هنر,1965,155,منطقه سه,مهندسی مکانیک,دانشگاه گیلان - رشت
1392,هنر,2014,160,منطقه سه,سینما,موسسه غیرانتفاعی سوره - تهران
1392,هنر,2022,161,منطقه سه,مهندسی کامپیوتر,دانشگاه شهید باهنر - کرمان
1392,هنر,2041,164,منطقه سه,مهندسی مکانیک,دانشگاه شیراز
1392,هنر,2060,168,منطقه سه,علوم تغذیه,موسسه غیرانتفاعی علوم پزشکی وارستگان - مشهد
1392,هنر,2063,170,منطقه سه,مهندسی صنایع,دانشگاه تهران
1392,هنر,2067,171,منطقه سه,صنایع دستی,دانشگاه کاشان
1392,هنر,2074,172,منطقه سه,علوم ازمایشگاهی,موسسه غیرانتفاعی علوم پزشکی وارستگان - مشهد
1392,هنر,2080,173,منطقه سه,مهندسی معماری,دانشگاه حکیم سبزواری - سبزوار
1392,هنر,2090,174,منطقه سه,موزه داری,مرکز آموزش عالی میراث فرهنگی
1392,هنر,2100,177,منطقه سه,مهندسی معماری,دانشگاه هنر اصفهان
1392,هنر,2153,183,منطقه سه,صنایع دستی,دانشگاه الزهرا(س) - تهران
1392,هنر,2174,186,منطقه سه,علوم تربیتی,پردیس خواجه نصیرالدین طوسی - کرمان
1392,هنر,2178,187,منطقه سه,کارشناسی فرش,دانشگاه هنر تهران
1392,هنر,2218,191,منطقه سه,مهندسی شیمی,دانشگاه صنعتی شریف - تهران
1392,هنر,2236,193,منطقه سه,عکاسی,دانشگاه سمنان
1392,هنر,2243,196,منطقه سه,علوم تربیتی,پردیس شهید بهشتی - مشهد
1392,هنر,2259,200,منطقه سه,مهندسی برق,مرکز آموزش عالی شهرضا
1392,زبان,1,1,منطقه یک,مهندسی فناوری اطلاعات,دانشگاه تهران
1392,زبان,2,2,منطقه یک,مهندسی برق,دانشگاه تهران
1392,زبان,5,1,منطقه دو,پزشکی,دانشگاه علوم پزشکی تهران
1392,زبان,6,5,منطقه یک,پزشکی,دانشگاه علوم پزشکی تهران
1392,زبان,7,2,منطقه دو,مهندسی برق,دانشگاه صنعتی شریف - تهران
1392,زبان,8,3,منطقه دو,مهندسی برق,دانشگاه صنعتی شریف - تهران
1392,زبان,9,6,منطقه یک,مهندسی صنایع,دانشگاه صنعتی شریف - تهران
1392,زبان,10,7,منطقه یک,مهندسی برق,دانشگاه صنعتی شریف - تهران
1392,زبان,11,4,منطقه دو,پزشکی,دانشگاه علوم پزشکی تهران
1392,زبان,13,9,منطقه یک,پزشکی,دانشگاه علوم پزشکی شهید بهشتی - تهران
1392,زبان,14,5,منطقه دو,پزشکی,دانشگاه علوم پزشکی شهید بهشتی - تهران
1392,زبان,16,11,منطقه یک,مهندسی برق,دانشگاه صنعتی شریف - تهران
1392,زبان,18,13,منطقه یک,پزشکی,دانشگاه علوم پزشکی تبریز
1392,زبان,19,14,منطقه یک,مهندسی مکانیک,دانشگاه صنعتی امیرکبیر - تهران
1392,زبان,20,15,منطقه یک,پزشکی,دانشگاه علوم پزشکی شهید بهشتی - تهران
1392,زبان,22,6,منطقه دو,مهندسی کامپیوتر,دانشگاه صنعتی شریف - تهران
1392,زبان,23,1,منطقه سه,پزشکی,دانشگاه علوم پزشکی شیراز
1392,زبان,25,2,منطقه سه,پزشکی,دانشگاه علوم پزشکی تهران
1392,زبان,26,7,منطقه دو,پزشکی,دانشگاه علوم پزشکی شهید بهشتی - تهران
1392,زبان,27,18,منطقه یک,مهندسی کامپیوتر,دانشگاه صنعتی شریف - تهران
1392,زبان,28,19,منطقه یک,مهندسی مکانیک,دانشگاه صنعتی شریف - تهران
1392,زبان,29,20,منطقه یک,مهندسی معماری,دانشگاه هنر تهران
1392,زبان,30,21,منطقه یک,مهندسی فناوری اطلاعات,دانشگاه صنعتی شریف - تهران
1392,زبان,31,8,منطقه دو,پزشکی,دانشگاه علوم پزشکی تهران
1392,زبان,34,24,منطقه یک,پزشکی,دانشگاه علوم پزشکی شیراز
1392,زبان,35,3,منطقه سه,پزشکی,دانشگاه علوم پزشکی شیراز
1392,زبان,36,25,منطقه یک,پزشکی,دانشگاه علوم پزشکی ایران
1392,زبان,37,4,منطقه سه,داروسازی,دانشگاه علوم پزشکی تهران
1392,زبان,38,26,منطقه یک,مهندسی برق,دانشگاه تهران
1392,زبان,39,27,منطقه یک,مهندسی برق,دانشگاه صنعتی شریف - تهران
1392,زبان,40,28,منطقه یک,مهندسی برق,دانشگاه تهران
1392,زبان,42,9,منطقه دو,مهندسی برق,دانشگاه تهران
1392,زبان,43,10,منطقه دو,پزشکی,دانشگاه علوم پزشکی ایران
1392,زبان,45,11,منطقه دو,پزشکی,دانشگاه علوم پزشکی شهید بهشتی - تهران
1392,زبان,46,12,منطقه دو,علوم اقتصادی,دانشگاه تهران
1392,زبان,49,13,منطقه دو,مهندسی برق,دانشگاه تهران
1392,زبان,50,14,منطقه دو,مهندسی مکانیک,دانشگاه صنعتی شریف - تهران
1392,زبان,54,34,منطقه یک,مهندسی مکانیک,دانشگاه صنعتی شریف - تهران
1392,زبان,55,16,منطقه دو,مهندسی برق,دانشگاه صنعتی شریف - تهران
1392,زبان,56,17,منطقه دو,مهندسی کامپیوتر,دانشگاه صنعتی شریف - تهران
1392,زبان,57,35,منطقه یک,مهندسی شیمی,دانشگاه صنعتی شریف - تهران
1392,زبان,58,36,منطقه یک,مهندسی برق,دانشگاه صنعتی شریف - تهران
1392,زبان,60,19,منطقه دو,مهندسی عمران,دانشگاه صنعتی شریف - تهران
1392,زبان,64,20,منطقه دو,زبان وادبیات انگلیسی,دانشگاه تهران
1392,زبان,65,39,منطقه یک,دندانپزشکی,دانشگاه علوم پزشکی شیراز
1392,زبان,67,21,منطقه دو,پزشکی,دانشگاه علوم پزشکی شهید بهشتی - تهران
1392,زبان,70,42,منطقه یک,داروسازی,دانشگاه علوم پزشکی مشهد
1392,زبان,71,22,منطقه دو,مهندسی برق,دانشگاه صنعتی شریف - تهران
1392,زبان,72,23,منطقه دو,پزشکی,دانشگاه علوم پزشکی شهید بهشتی - تهران
1392,زبان,73,43,منطقه یک,مهندسی برق,دانشگاه صنعتی شریف - تهران
1392,زبان,74,24,منطقه دو,مهندسی برق,دانشگاه صنعتی خواجه نصیرالدین طوسی - تهران
1392,زبان,75,25,منطقه دو,پزشکی,دانشگاه علوم پزشکی تهران
1392,زبان,77,26,منطقه دو,مهندسی برق,دانشگاه تهران
1392,زبان,78,27,منطقه دو,مهندسی مکانیک,دانشگاه صنعتی شریف - تهران
1392,زبان,79,45,منطقه یک,مهندسی برق,دانشگاه تهران
1392,زبان,81,47,منطقه یک,پزشکی,دانشگاه علوم پزشکی شیراز
1392,زبان,82,48,منطقه یک,مهندسی شیمی,دانشگاه صنعتی شریف - تهران
1392,زبان,83,28,منطقه دو,مهندسی برق,دانشگاه صنعتی شریف - تهران
1392,زبان,84,29,منطقه دو,مهندسی کامپیوتر,دانشگاه صنعتی شریف - تهران
1392,زبان,85,30,منطقه دو,پزشکی,دانشگاه علوم پزشکی تهران
1392,زبان,87,50,منطقه یک,دندانپزشکی,دانشگاه علوم پزشکی تهران
1392,زبان,88,31,منطقه دو,پزشکی,دانشگاه علوم پزشکی شهید بهشتی - تهران
1392,زبان,91,33,منطقه دو,مهندسی عمران,دانشگاه تهران
1392,زبان,93,53,منطقه یک,مهندسی برق,دانشگاه تهران
1392,زبان,94,54,منطقه یک,پزشکی,دانشگاه علوم پزشکی شهید بهشتی - تهران
1392,زبان,95,34,منطقه دو,مهندسی برق,دانشگاه صنعتی شریف - تهران
1392,زبان,96,35,منطقه دو,پزشکی,دانشگاه علوم پزشکی شهید بهشتی - تهران
1392,زبان,97,55,منطقه یک,مهندسی شیمی,دانشگاه صنعتی شریف - تهران
1392,زبان,98,36,منطقه دو,مهندسی برق,دانشگاه صنعتی شریف - تهران
1392,زبان,99,56,منطقه یک,مهندسی برق,دانشگاه صنعتی امیرکبیر - تهران
1392,زبان,102,59,منطقه یک,مهندسی کامپیوتر,دانشگاه صنعتی امیرکبیر - تهران
1392,زبان,104,37,منطقه دو,زبان وادبیات انگلیسی,دانشگاه شهید بهشتی - تهران
1392,زبان,105,38,منطقه دو,دندانپزشکی,دانشگاه علوم پزشکی تهران
1392,زبان,106,39,منطقه دو,مهندسی نفت,دانشگاه صنعتی شریف - تهران
1392,زبان,107,40,منطقه دو,دندانپزشکی,دانشگاه علوم پزشکی تهران
1392,زبان,110,62,منطقه یک,مهندسی مکانیک,دانشگاه علم و صنعت ایران - تهران
1392,زبان,111,42,منطقه دو,پزشکی,دانشگاه علوم پزشکی بابل
1392,زبان,113,63,منطقه یک,مهندسی کامپیوتر,دانشگاه صنعتی امیرکبیر - تهران
1392,زبان,114,64,منطقه یک,مهندسی شیمی,دانشگاه صنعتی شریف - تهران
1392,زبان,114,64,منطقه یک,مهندسی عمران,دانشگاه صنعتی شریف - تهران
1392,زبان,116,66,منطقه یک,مهندسی برق,دانشگاه تهران
1392,زبان,117,44,منطقه دو,مهندسی پلیمر,دانشگاه صنعتی امیرکبیر - تهران
1392,زبان,119,45,منطقه دو,مهندسی مکانیک,دانشگاه صنعتی شریف - تهران
1392,زبان,120,46,منطقه دو,مهندسی هوافضا,دانشگاه صنعتی امیرکبیر - تهران
1392,زبان,121,68,منطقه یک,مهندسی عمران,دانشگاه صنعتی خواجه نصیرالدین طوسی - تهران
1392,زبان,122,69,منطقه یک,دندانپزشکی,دانشگاه علوم پزشکی شهید بهشتی - تهران
1392,زبان,123,47,منطقه دو,مهندسی برق,دانشگاه صنعتی شریف - تهران
1392,زبان,124,48,منطقه دو,پزشکی,دانشگاه علوم پزشکی شهید بهشتی - تهران
1392,زبان,124,70,منطقه یک,مهندسی عمران,دانشگاه صنعتی اصفهان
1392,زبان,124,70,منطقه یک,مهندسی هوافضا,دانشگاه صنعتی شریف - تهران
1392,زبان,128,73,منطقه یک,مهندسی عمران,دانشگاه صنعتی امیرکبیر - تهران
1392,زبان,129,49,منطقه دو,دندانپزشکی,دانشگاه علوم پزشکی تهران
1392,زبان,131,74,منطقه یک,پزشکی,دانشگاه علوم پزشکی شهید بهشتی - تهران
1392,زبان,133,76,منطقه یک,دندانپزشکی,دانشگاه علوم پزشکی یزد
1392,زبان,134,51,منطقه دو,مهندسی مکانیک,دانشگاه صنعتی امیرکبیر - تهران
1392,زبان,136,78,منطقه یک,پزشکی,دانشگاه علوم پزشکی البرز - کرج
1392,زبان,137,52,منطقه دو,دندانپزشکی,دانشگاه علوم پزشکی تهران
1392,زبان,139,53,منطقه دو,مهندسی برق,دانشگاه صنعتی شریف - تهران
1392,زبان,141,79,منطقه یک,مهندسی برق,دانشگاه تهران
1392,زبان,143,55,منطقه دو,پزشکی,دانشگاه علوم پزشکی ایران
1392,زبان,144,81,منطقه یک,پزشکی,دانشگاه علوم پزشکی مشهد
1392,زبان,147,83,منطقه یک,مهندسی نفت,دانشگاه تهران
1392,زبان,148,56,منطقه دو,دکترای پیوسته بیوتکنولوژی,دانشگاه تهران
1392,زبان,149,84,منطقه یک,مهندسی برق,دانشگاه صنعتی شریف - تهران
1392,زبان,151,85,منطقه یک,مهندسی شیمی,دانشگاه صنعتی شریف - تهران
1392,زبان,152,58,منطقه دو,دکترای پیوسته بیوتکنولوژی,دانشگاه تهران
1392,زبان,153,86,منطقه یک,پزشکی,دانشگاه علوم پزشکی شیراز
1392,زبان,156,60,منطقه دو,پزشکی,دانشگاه علوم پزشکی گیلان - رشت
1392,زبان,156,88,منطقه یک,زبان وادبیات انگلیسی,دانشگاه فردوسی - مشهد
1392,زبان,156,88,منطقه یک,مهندسی مکانیک,دانشگاه تهران
1392,زبان,159,90,منطقه یک,پزشکی,دانشگاه علوم پزشکی جندی شاپور اهواز
1392,زبان,160,61,منطقه دو,دندانپزشکی,دانشگاه علوم پزشکی تهران
1392,زبان,162,63,منطقه دو,مهندسی فناوری اطلاعات,دانشگاه تهران
1392,زبان,163,64,منطقه دو,دندانپزشکی,دانشگاه علوم پزشکی شهید بهشتی - تهران
1392,زبان,165,66,منطقه دو,مهندسی عمران,دانشگاه صنعتی شریف - تهران
1392,زبان,166,91,منطقه یک,پزشکی,دانشگاه علوم پزشکی شیراز
1392,زبان,168,67,منطقه دو,مهندسی برق,دانشگاه صنعتی شریف - تهران
1392,زبان,169,68,منطقه دو,مهندسی برق,دانشگاه صنعتی شریف - تهران
1392,زبان,171,69,منطقه دو,پزشکی,دانشگاه علوم پزشکی ایران
1392,زبان,173,70,منطقه دو,مهندسی کامپیوتر,دانشگاه تهران
1392,زبان,175,96,منطقه یک,مهندسی برق,دانشگاه صنعتی شریف - تهران
1392,زبان,176,97,منطقه یک,مهندسی کامپیوتر,دانشگاه صنعتی امیرکبیر - تهران
1392,زبان,177,71,منطقه دو,مهندسی کامپیوتر,دانشگاه صنعتی شریف - تهران
1392,زبان,178,7,منطقه سه,پزشکی,دانشگاه علوم پزشکی تهران
1392,زبان,179,98,منطقه یک,دندانپزشکی,دانشگاه علوم پزشکی البرز - کرج
1392,زبان,180,99,منطقه یک,مهندسی برق,دانشگاه تهران
1392,زبان,181,100,منطقه یک,دندانپزشکی,دانشگاه علوم پزشکی بیرجند
1392,زبان,182,72,منطقه دو,مهندسی صنایع,دانشگاه صنعتی شریف - تهران
1392,زبان,183,73,منطقه دو,مهندسی فناوری اطلاعات,دانشگاه صنعتی شریف - تهران
1392,زبان,186,74,منطقه دو,دندانپزشکی,دانشگاه علوم پزشکی شهید بهشتی - تهران
1392,زبان,187,75,منطقه دو,مهندسی برق,دانشگاه صنعتی شریف - تهران
1392,زبان,188,76,منطقه دو,مهندسی کامپیوتر,دانشگاه تهران
1392,زبان,189,103,منطقه یک,مهندسی برق,دانشگاه صنعتی شریف - تهران
1392,زبان,192,77,منطقه دو,پزشکی,دانشگاه علوم پزشکی بندرعباس
1392,زبان,192,106,منطقه یک,دندانپزشکی,دانشگاه علوم پزشکی اصفهان
1392,زبان,195,108,منطقه یک,حقوق,دانشگاه شهید بهشتی - تهران
1392,زبان,196,109,منطقه یک,دندانپزشکی,دانشگاه علوم پزشکی تهران
1392,زبان,197,110,منطقه یک,مهندسی مکانیک,دانشگاه صنعتی شریف - تهران
1392,زبان,198,78,منطقه دو,مهندسی عمران,دانشگاه صنعتی شریف - تهران
1392,زبان,199,8,منطقه سه,پزشکی,دانشگاه علوم پزشکی ایران
1392,زبان,199,79,منطقه دو,پزشکی,دانشگاه علوم پزشکی تهران
1392,زبان,199,111,منطقه یک,مهندسی برق,دانشگاه صنعتی شریف - تهران
1392,زبان,203,113,منطقه یک,مهندسی شیمی,دانشگاه صنعتی شریف - تهران
1392,زبان,205,80,منطقه دو,دندانپزشکی,دانشگاه علوم پزشکی تهران
1392,زبان,206,115,منطقه یک,داروسازی,دانشگاه علوم پزشکی شیراز
1392,زبان,207,116,منطقه یک,مهندسی عمران,دانشگاه صنعتی شریف - تهران
1392,زبان,208,81,منطقه دو,مهندسی برق,دانشگاه علم و صنعت ایران - تهران
1392,زبان,212,119,منطقه یک,مهندسی برق,دانشگاه صنعتی امیرکبیر - تهران
1392,زبان,213,120,منطقه یک,مهندسی معماری,دانشگاه هنر تهران
1392,زبان,214,83,منطقه دو,مهندسی برق,دانشگاه صنعتی شریف - تهران
1392,زبان,215,84,منطقه دو,مهندسی شیمی,دانشگاه تبریز
1392,زبان,217,85,منطقه دو,مهندسی مواد,دانشگاه صنعتی امیرکبیر - تهران
1392,زبان,219,123,منطقه یک,مهندسی معماری,دانشگاه کاشان
1392,زبان,222,86,منطقه دو,پزشکی,دانشگاه علوم پزشکی یزد
1392,زبان,225,87,منطقه دو,دندانپزشکی,دانشگاه علوم پزشکی تهران
1392,زبان,225,87,منطقه دو,پزشکی,دانشگاه علوم پزشکی ایران
1392,زبان,229,89,منطقه دو,مهندسی مکانیک,دانشگاه تهران
1392,زبان,230,90,منطقه دو,مهندسی برق,دانشگاه تهران
1392,زبان,233,92,منطقه دو,مهندسی برق,دانشگاه صنعتی شریف - تهران
1392,زبان,236,133,منطقه یک,مهندسی برق,دانشگاه صنعتی شریف - تهران
1392,زبان,237,93,منطقه دو,مهندسی کامپیوتر,دانشگاه صنعتی شریف - تهران
1392,زبان,237,134,منطقه یک,مهندسی عمران,دانشگاه صنعتی شریف - تهران
1392,زبان,240,135,منطقه یک,مترجمی زبان انگلیسی,دانشگاه اصفهان
1392,زبان,241,95,منطقه دو,مهندسی برق,دانشگاه صنعتی شریف - تهران
1392,زبان,242,96,منطقه دو,مهندسی برق,دانشگاه صنعتی شریف - تهران
1392,زبان,242,136,منطقه یک,مهندسی شیمی,دانشگاه صنعتی شریف - تهران
1392,زبان,246,98,منطقه دو,پزشکی,دانشگاه علوم پزشکی همدان
1392,زبان,247,138,منطقه یک,مهندسی برق,دانشگاه تهران
1392,زبان,250,99,منطقه دو,مهندسی مکانیک,دانشگاه تهران
1392,زبان,251,9,منطقه سه,زبان وادبیات انگلیسی,دانشگاه شهید بهشتی - تهران
1392,زبان,253,101,منطقه دو,مهندسی برق,دانشگاه تهران
1392,زبان,253,141,منطقه یک,زبان وادبیات انگلیسی,دانشگاه علامه طباطبایی - تهران
1392,زبان,256,143,منطقه یک,پزشکی,دانشگاه علوم پزشکی تهران
1392,زبان,260,103,منطقه دو,مهندسی مکانیک,دانشگاه تهران
1392,زبان,261,146,منطقه یک,پزشکی,دانشگاه علوم پزشکی اصفهان
1392,زبان,262,147,منطقه یک,مهندسی عمران,دانشگاه صنعتی اصفهان
1392,زبان,263,148,منطقه یک,مهندسی مکانیک,دانشگاه علم و صنعت ایران - تهران
1392,زبان,264,104,منطقه دو,مهندسی عمران,دانشگاه سمنان
1392,زبان,270,107,منطقه دو,علوم ازمایشگاهی,دانشگاه علوم پزشکی تهران
1392,زبان,273,153,منطقه یک,مهندسی برق,دانشگاه صنعتی شریف - تهران
1392,زبان,273,153,منطقه یک,مهندسی مکانیک,دانشگاه تهران
1392,زبان,275,108,منطقه دو,مهندسی برق,دانشگاه علم و صنعت ایران - تهران
1392,زبان,276,155,منطقه یک,پزشکی,دانشگاه علوم پزشکی ایران
1392,زبان,277,156,منطقه یک,ریاضیات وکاربردها,دانشگاه صنعتی امیرکبیر - تهران
1392,زبان,278,109,منطقه دو,مهندسی برق,دانشگاه علم و صنعت ایران - تهران
1392,زبان,279,157,منطقه یک,مهندسی پزشکی,دانشگاه اصفهان
1392,زبان,280,158,منطقه یک,پزشکی,دانشگاه علوم پزشکی تهران
1392,زبان,281,159,منطقه یک,مهندسی برق,دانشگاه صنعتی اصفهان
1392,زبان,282,160,منطقه یک,مهندسی برق,دانشگاه صنعتی شریف - تهران
1392,زبان,285,110,منطقه دو,مهندسی برق,دانشگاه صنعتی شریف - تهران
1392,زبان,286,163,منطقه یک,پزشکی,دانشگاه علوم پزشکی ایران
1392,زبان,289,165,منطقه یک,مهندسی کامپیوتر,دانشگاه علم و صنعت ایران - تهران
1392,زبان,291,167,منطقه یک,مهندسی برق,دانشگاه صنعتی شریف - تهران
1392,زبان,294,170,منطقه یک,دندانپزشکی,دانشگاه علوم پزشکی کاشان
1392,زبان,295,10,منطقه سه,دکترای پیوسته بیوتکنولوژی,دانشگاه تهران
1392,زبان,296,112,منطقه دو,مهندسی برق,دانشگاه صنعتی امیرکبیر - تهران
1392,زبان,298,12,منطقه سه,تربیت دبیر زبان انگلیسی,پردیس زینبیه - پیشوا
1392,زبان,299,113,منطقه دو,پزشکی,دانشگاه علوم پزشکی شهید بهشتی - تهران
1392,زبان,300,171,منطقه یک,پزشکی,دانشگاه علوم پزشکی اصفهان
1392,زبان,306,176,منطقه یک,پزشکی,دانشگاه علوم پزشکی اصفهان
1392,زبان,309,115,منطقه دو,مهندسی برق,دانشگاه صنعتی شریف - تهران
1392,زبان,312,116,منطقه دو,پزشکی,دانشگاه علوم پزشکی ایران
1392,زبان,312,116,منطقه دو,پزشکی,دانشگاه علوم پزشکی تهران
1392,زبان,315,118,منطقه دو,پزشکی,دانشگاه علوم پزشکی ایران
1392,زبان,317,119,منطقه دو,مهندسی نفت,دانشگاه صنعتی شریف - تهران
1392,زبان,317,183,منطقه یک,روانشناسی,دانشگاه تهران
1392,زبان,320,121,منطقه دو,مهندسی مکانیک,دانشگاه تهران
1392,زبان,321,122,منطقه دو,پزشکی,دانشگاه علوم پزشکی تهران
1392,زبان,321,184,منطقه یک,مهندسی برق,دانشگاه صنعتی امیرکبیر - تهران
1392,زبان,328,124,منطقه دو,پزشکی,دانشگاه علوم پزشکی ایران
1392,زبان,328,189,منطقه یک,مهندسی عمران,دانشگاه صنعتی امیرکبیر - تهران
1392,زبان,331,190,منطقه یک,مهندسی مکانیک,دانشگاه صنعتی شریف - تهران
1392,زبان,333,126,منطقه دو,مهندسی برق,دانشگاه صنعتی شریف - تهران
1392,زبان,334,127,منطقه دو,مهندسی معماری,دانشگاه تهران
1392,زبان,340,197,منطقه یک,مهندسی مکانیک,دانشگاه صنعتی شریف - تهران
1392,زبان,341,198,منطقه یک,مهندسی شهرسازی,دانشگاه هنر تهران
1392,زبان,343,128,منطقه دو,مترجمی زبان انگلیسی,دانشگاه اصفهان
1392,زبان,344,129,منطقه دو,پزشکی,دانشگاه علوم پزشکی تبریز
1392,زبان,346,200,منطقه یک,مهندسی عمران,دانشگاه صنعتی اصفهان
1392,زبان,347,131,منطقه دو,مهندسی کامپیوتر,دانشگاه صنعتی خواجه نصیرالدین طوسی - تهران
1392,زبان,347,131,منطقه دو,پزشکی,دانشگاه علوم پزشکی اصفهان
1392,زبان,349,201,منطقه یک,مهندسی معماری,دانشگاه علم و صنعت ایران - تهران
1392,زبان,351,203,منطقه یک,مهندسی برق,دانشگاه صنعتی شریف - تهران
1392,زبان,352,204,منطقه یک,زبان وادبیات انگلیسی,دانشگاه تهران
1392,زبان,353,133,منطقه دو,مهندسی شیمی,دانشگاه علم و صنعت ایران - تهران
1392,زبان,353,205,منطقه یک,علوم اقتصادی,دانشگاه تهران
1392,زبان,355,206,منطقه یک,فیزیک,دانشگاه صنعتی شریف - تهران
1392,زبان,356,134,منطقه دو,پزشکی,دانشگاه علوم پزشکی جندی شاپور اهواز
1392,زبان,357,135,منطقه دو,دندانپزشکی,دانشگاه علوم پزشکی کاشان
1392,زبان,358,136,منطقه دو,عکاسی,دانشگاه تهران
1392,زبان,360,13,منطقه سه,زبان وادبیات انگلیسی,دانشگاه تهران
1392,زبان,362,137,منطقه دو,مهندسی شیمی,دانشگاه صنعتی شریف - تهران
1392,زبان,363,209,منطقه یک,داروسازی,دانشگاه علوم پزشکی تهران
1392,زبان,364,138,منطقه دو,مهندسی صنایع,دانشگاه تهران
1392,زبان,364,210,منطقه یک,مهندسی برق,دانشگاه صنعتی خواجه نصیرالدین طوسی - تهران
1392,زبان,366,14,منطقه سه,مهندسی مکانیک,دانشگاه صنعتی امیرکبیر - تهران
1392,زبان,367,139,منطقه دو,مهندسی معماری,دانشگاه شیراز
1392,زبان,368,15,منطقه سه,مهندسی کامپیوتر,دانشگاه صنعتی شریف - تهران
1392,زبان,369,211,منطقه یک,مهندسی مکانیک,دانشگاه تهران
1392,زبان,372,213,منطقه یک,پزشکی,دانشگاه علوم پزشکی ارومیه
1392,زبان,373,214,منطقه یک,مهندسی عمران,دانشگاه صنعتی شریف - تهران
1392,زبان,374,215,منطقه یک,شیمی,دانشگاه الزهرا(س) - تهران
1392,زبان,377,141,منطقه دو,مترجمی زبان انگلیسی,دانشگاه اصفهان
1392,زبان,378,217,منطقه یک,پزشکی,دانشگاه علوم پزشکی اراک
1392,زبان,380,218,منطقه یک,مهندسی عمران,دانشگاه الزهرا(س) - تهران
1392,زبان,381,143,منطقه دو,دندانپزشکی,دانشگاه علوم پزشکی بیرجند
1392,زبان,382,17,منطقه سه,فیزیوتراپی,دانشگاه علوم بهزیستی و توانبخشی تهران
1392,زبان,384,144,منطقه دو,دندانپزشکی,دانشگاه علوم پزشکی کاشان
1392,زبان,387,145,منطقه دو,مترجمی زبان انگلیسی,دانشگاه شهید باهنر - کرمان
1392,زبان,388,222,منطقه یک,پزشکی,دانشگاه علوم پزشکی تهران
1392,زبان,390,146,منطقه دو,مهندسی عمران,دانشگاه تهران
1392,زبان,391,147,منطقه دو,مهندسی برق,دانشگاه صنعتی شریف - تهران
1392,زبان,392,148,منطقه دو,مهندسی فناوری اطلاعات,دانشگاه صنعتی شریف - تهران
1392,زبان,393,149,منطقه دو,داروسازی,دانشگاه علوم پزشکی تبریز
1392,زبان,393,149,منطقه دو,مهندسی معماری,دانشگاه هنر تهران
1392,زبان,396,151,منطقه دو,دندانپزشکی,دانشگاه علوم پزشکی مشهد
1392,زبان,397,224,منطقه یک,مهندسی عمران,دانشگاه صنعتی امیرکبیر - تهران
1392,زبان,399,152,منطقه دو,پزشکی,دانشگاه علوم پزشکی گیلان - رشت
1392,زبان,400,153,منطقه دو,زبان وادبیات انگلیسی,دانشگاه تهران
1392,زبان,401,19,منطقه سه,پزشکی,دانشگاه علوم پزشکی شهید بهشتی - تهران
1392,زبان,403,226,منطقه یک,مهندسی برق,دانشگاه صنعتی امیرکبیر - تهران
1392,زبان,404,227,منطقه یک,پزشکی,دانشگاه علوم پزشکی شهید بهشتی - تهران
1392,زبان,405,155,منطقه دو,زبان وادبیات انگلیسی,دانشگاه علامه طباطبایی - تهران
1392,زبان,407,229,منطقه یک,پزشکی,دانشگاه علوم پزشکی شهید بهشتی - تهران
1392,زبان,410,231,منطقه یک,داروسازی,دانشگاه علوم پزشکی تهران
1392,زبان,410,231,منطقه یک,مهندسی برق,دانشگاه تهران
1392,زبان,412,156,منطقه دو,مهندسی برق,دانشگاه علم و صنعت ایران - تهران
1392,زبان,413,157,منطقه دو,مهندسی کامپیوتر,دانشگاه صنعتی امیرکبیر - تهران
1392,زبان,414,20,منطقه سه,مهندسی برق,دانشگاه صنعتی امیرکبیر - تهران
1392,زبان,417,235,منطقه یک,پزشکی,دانشگاه علوم پزشکی مشهد
1392,زبان,419,237,منطقه یک,پزشکی,دانشگاه علوم پزشکی کاشان
1392,زبان,421,21,منطقه سه,پزشکی,دانشگاه علوم پزشکی شیراز
1392,زبان,424,159,منطقه دو,پزشکی,دانشگاه علوم پزشکی یزد
1392,زبان,424,240,منطقه یک,مهندسی عمران,دانشگاه صنعتی شریف - تهران
1392,زبان,426,241,منطقه یک,داروسازی,دانشگاه علوم پزشکی شهید بهشتی - تهران
1392,زبان,427,242,منطقه یک,حقوق,دانشگاه شهید بهشتی - تهران
1392,زبان,428,160,منطقه دو,مهندسی پزشکی,دانشگاه صنعتی امیرکبیر - تهران
1392,زبان,431,245,منطقه یک,داروسازی,دانشگاه علوم پزشکی تهران
1392,زبان,436,164,منطقه دو,مهندسی فناوری اطلاعات,دانشگاه صنعتی امیرکبیر - تهران
1392,زبان,437,165,منطقه دو,مهندسی فناوری اطلاعات,دانشگاه صنعتی شریف - تهران
1392,زبان,437,247,منطقه یک,مهندسی فناوری اطلاعات,دانشگاه صنعتی شریف - تهران
1392,زبان,439,248,منطقه یک,داروسازی,دانشگاه علوم پزشکی شیراز
1392,زبان,439,248,منطقه یک,مهندسی برق,دانشگاه صنعتی امیرکبیر - تهران
1392,زبان,441,166,منطقه دو,پزشکی,دانشگاه علوم پزشکی یزد
1392,زبان,441,250,منطقه یک,داروسازی,دانشگاه علوم پزشکی شیراز
1392,زبان,445,252,منطقه یک,مهندسی مکانیک,دانشگاه تهران
1392,زبان,446,253,منطقه یک,پزشکی,دانشگاه علوم پزشکی شیراز
1392,زبان,449,168,منطقه دو,علوم کامپیوتر,دانشگاه صنعتی شریف - تهران
1392,زبان,450,169,منطقه دو,مهندسی عمران,دانشگاه تهران
1392,زبان,456,171,منطقه دو,دکترای پیوسته بیوتکنولوژی,دانشگاه تهران
1392,زبان,460,260,منطقه یک,حقوق,دانشگاه شهید بهشتی - تهران
1392,زبان,461,173,منطقه دو,پزشکی,دانشگاه علوم پزشکی شهید بهشتی - تهران
1392,زبان,462,174,منطقه دو,پزشکی,دانشگاه علوم پزشکی سمنان
1392,زبان,465,263,منطقه یک,حقوق,دانشگاه شهید بهشتی - تهران
1392,زبان,465,263,منطقه یک,مهندسی عمران,دانشگاه اصفهان
1392,زبان,471,269,منطقه یک,حقوق,دانشگاه شهید بهشتی - تهران
1392,زبان,474,22,منطقه سه,پزشکی,دانشگاه علوم پزشکی شهید بهشتی - تهران
1392,زبان,477,175,منطقه دو,داروسازی,دانشگاه علوم پزشکی مازندران - ساری
1392,زبان,479,275,منطقه یک,مهندسی مکانیک,دانشگاه تهران
1392,زبان,481,177,منطقه دو,مهندسی برق,دانشگاه اصفهان
1392,زبان,481,177,منطقه دو,پزشکی,دانشگاه علوم پزشکی ایران
1392,زبان,483,23,منطقه سه,زبان وادبیات انگلیسی,دانشگاه تهران
1392,زبان,487,180,منطقه دو,مهندسی کامپیوتر,دانشگاه صنعتی شریف - تهران
1392,زبان,489,279,منطقه یک,دامپزشکی,دانشگاه تبریز
1392,زبان,491,182,منطقه دو,پزشکی,دانشگاه علوم پزشکی ایران
1392,زبان,493,24,منطقه سه,پزشکی,دانشگاه علوم پزشکی مشهد
1392,زبان,495,282,منطقه یک,مهندسی برق,دانشگاه صنعتی شریف - تهران
1392,زبان,498,285,منطقه یک,مهندسی برق,دانشگاه صنعتی شریف - تهران
1392,زبان,501,185,منطقه دو,تربیت دبیر زبان انگلیسی,پردیس دکتر شریعتی - ساری
1392,زبان,504,186,منطقه دو,پزشکی,دانشگاه علوم پزشکی تهران
1392,زبان,507,187,منطقه دو,مهندسی مکانیک,دانشگاه تهران
1392,زبان,509,188,منطقه دو,مهندسی کشاورزی -علوم وصنایع غذایی,دانشگاه تهران
1392,زبان,509,291,منطقه یک,مهندسی هوافضا,دانشگاه صنعتی شریف - تهران
1392,زبان,509,291,منطقه یک,پزشکی,دانشگاه علوم پزشکی شهید بهشتی - تهران
1392,زبان,513,25,منطقه سه,مهندسی برق,دانشگاه تهران
1392,زبان,513,25,منطقه سه,مهندسی پزشکی,دانشگاه صنعتی امیرکبیر - تهران
1392,زبان,515,189,منطقه دو,پزشکی,دانشگاه علوم پزشکی شهید بهشتی - تهران
1392,زبان,516,294,منطقه یک,مهندسی مواد,دانشگاه صنعتی خواجه نصیرالدین طوسی - تهران
1392,زبان,518,190,منطقه دو,مهندسی کامپیوتر,دانشگاه صنعتی شریف - تهران
1392,زبان,520,191,منطقه دو,مهندسی معماری,دانشگاه شهید بهشتی - تهران
1392,زبان,523,27,منطقه سه,مهندسی برق,دانشگاه صنعتی امیرکبیر - تهران
1392,زبان,523,193,منطقه دو,مهندسی برق,دانشگاه تهران
1392,زبان,523,298,منطقه یک,دامپزشکی,دانشگاه تهران
1392,زبان,523,298,منطقه یک,مهندسی مکانیک,دانشگاه صنعتی امیرکبیر - تهران
1392,زبان,523,298,منطقه یک,پزشکی,دانشگاه علوم پزشکی ایران
1392,زبان,528,301,منطقه یک,پزشکی,دانشگاه علوم پزشکی شیراز
1392,زبان,529,194,منطقه دو,دندانپزشکی,دانشگاه علوم پزشکی شهید بهشتی - تهران
1392,زبان,530,195,منطقه دو,مهندسی برق,دانشگاه علم و صنعت ایران - تهران
1392,زبان,532,303,منطقه یک,پزشکی,دانشگاه علوم پزشکی شیراز
1392,زبان,534,196,منطقه دو,پزشکی,دانشگاه علوم پزشکی مازندران - ساری
1392,زبان,535,197,منطقه دو,زبان وادبیات انگلیسی,دانشگاه تبریز
1392,زبان,536,198,منطقه دو,مهندسی مواد,دانشگاه صنعتی خواجه نصیرالدین طوسی - تهران
1392,زبان,537,199,منطقه دو,مهندسی شیمی,دانشگاه تهران
1392,زبان,538,305,منطقه یک,مهندسی کامپیوتر,دانشگاه صنعتی شریف - تهران
1392,زبان,540,200,منطقه دو,دندانپزشکی,دانشگاه علوم پزشکی زنجان
1392,زبان,541,28,منطقه سه,پزشکی,دانشگاه علوم پزشکی جندی شاپور اهواز
1392,زبان,543,308,منطقه یک,پزشکی,دانشگاه علوم پزشکی شیراز
1392,زبان,544,309,منطقه یک,مهندسی برق,دانشگاه صنعتی اصفهان
1392,زبان,546,311,منطقه یک,پزشکی,دانشگاه علوم پزشکی اصفهان
1392,زبان,548,201,منطقه دو,دندانپزشکی,دانشگاه علوم پزشکی بابل
1392,زبان,550,313,منطقه یک,فیزیک,دانشگاه صنعتی شریف - تهران
1392,زبان,551,29,منطقه سه,مهندسی کامپیوتر,دانشگاه شهید بهشتی - تهران
1392,زبان,551,203,منطقه دو,مهندسی هوافضا,دانشگاه صنعتی شریف - تهران
1392,زبان,551,203,منطقه دو,پزشکی,دانشگاه علوم پزشکی شیراز
1392,زبان,555,205,منطقه دو,پزشکی,دانشگاه علوم پزشکی شیراز
1392,زبان,557,206,منطقه دو,مهندسی صنایع,دانشگاه علم و صنعت ایران - تهران
1392,زبان,558,207,منطقه دو,زبان المانی,دانشگاه شهید بهشتی - تهران
1392,زبان,559,208,منطقه دو,مهندسی مکانیک,دانشگاه صنعتی امیرکبیر - تهران
1392,زبان,562,316,منطقه یک,پزشکی,دانشگاه علوم پزشکی تبریز
1392,زبان,563,317,منطقه یک,مهندسی مکانیک,دانشگاه تهران
1392,زبان,565,211,منطقه دو,تربیت دبیر زبان انگلیسی,پردیس علامه طباطبایی - ارومیه
1392,زبان,565,211,منطقه دو,مهندسی صنایع,دانشگاه صنعتی شریف - تهران
1392,زبان,568,320,منطقه یک,مهندسی فناوری اطلاعات,دانشگاه صنعتی امیرکبیر - تهران
1392,زبان,570,213,منطقه دو,مهندسی مکانیک,دانشگاه صنعتی شریف - تهران
1392,زبان,570,322,منطقه یک,مهندسی صنایع,دانشگاه صنعتی امیرکبیر - تهران
1392,زبان,570,322,منطقه یک,پزشکی,دانشگاه علوم پزشکی شیراز
1392,زبان,574,215,منطقه دو,مهندسی فناوری اطلاعات,دانشگاه صنعتی امیرکبیر - تهران
1392,زبان,574,324,منطقه یک,مهندسی فناوری اطلاعات,دانشگاه صنعتی امیرکبیر - تهران
1392,زبان,576,216,منطقه دو,مهندسی نفت,دانشگاه صنعتی شریف - تهران
1392,زبان,577,325,منطقه یک,پزشکی,دانشگاه علوم پزشکی اصفهان
1392,زبان,578,217,منطقه دو,مهندسی برق,دانشگاه صنعتی شریف - تهران
1392,زبان,583,329,منطقه یک,پزشکی,دانشگاه علوم پزشکی شیراز
1392,زبان,585,30,منطقه سه,مهندسی برق,دانشگاه صنعتی شریف - تهران
1392,زبان,589,331,منطقه یک,مهندسی معماری,دانشگاه شهید بهشتی - تهران
1392,زبان,593,221,منطقه دو,پزشکی,دانشگاه علوم پزشکی شهید بهشتی - تهران
1392,زبان,594,222,منطقه دو,مهندسی برق,دانشگاه صنعتی امیرکبیر - تهران
1392,زبان,595,334,منطقه یک,مهندسی صنایع,دانشگاه صنعتی شریف - تهران
1392,زبان,596,223,منطقه دو,پزشکی,دانشگاه علوم پزشکی ایران
1392,زبان,598,224,منطقه دو,پزشکی,دانشگاه علوم پزشکی تهران
1392,زبان,601,225,منطقه دو,مهندسی برق,دانشگاه صنعتی خواجه نصیرالدین طوسی - تهران
1392,زبان,602,338,منطقه یک,مهندسی پزشکی,دانشگاه صنعتی امیرکبیر - تهران
1392,زبان,604,227,منطقه دو,مهندسی صنایع,دانشگاه صنعتی شریف - تهران
1392,زبان,604,227,منطقه دو,مهندسی مکانیک,دانشگاه صنعتی شریف - تهران
1392,زبان,609,33,منطقه سه,دندانپزشکی,دانشگاه علوم پزشکی شیراز
1392,زبان,610,34,منطقه سه,پزشکی,دانشگاه علوم پزشکی مشهد
1392,زبان,613,35,منطقه سه,تربیت دبیر زبان انگلیسی,پردیس شهید رجایی - سمنان
1392,زبان,613,35,منطقه سه,سینما,دانشگاه هنر تهران
1392,زبان,616,231,منطقه دو,پزشکی,دانشگاه علوم پزشکی مشهد
1392,زبان,618,232,منطقه دو,مهندسی برق,دانشگاه صنعتی امیرکبیر - تهران
1392,زبان,619,344,منطقه یک,علوم کامپیوتر,دانشگاه صنعتی شریف - تهران
1392,زبان,624,234,منطقه دو,مهندسی مکانیک,دانشگاه صنعتی شریف - تهران
1392,زبان,628,235,منطقه دو,زبان وادبیات انگلیسی,دانشگاه اصفهان
1392,زبان,628,351,منطقه یک,روانشناسی,دانشگاه شهید بهشتی - تهران
1392,زبان,631,352,منطقه یک,مهندسی عمران,دانشگاه صنعتی اصفهان
1392,زبان,633,237,منطقه دو,زبان وادبیات انگلیسی,دانشگاه شهید بهشتی - تهران
1392,زبان,634,354,منطقه یک,زبان وادبیات انگلیسی,دانشگاه اصفهان
1392,زبان,634,354,منطقه یک,پزشکی,دانشگاه علوم پزشکی کاشان
1392,زبان,637,238,منطقه دو,زبان چینی,دانشگاه علامه طباطبایی - تهران
1392,زبان,639,239,منطقه دو,مترجمی زبان انگلیسی,دانشگاه اراک
1392,زبان,641,240,منطقه دو,مهندسی شیمی,دانشگاه صنعتی شریف - تهران
1392,زبان,643,358,منطقه یک,مهندسی شیمی,دانشگاه صنعتی شریف - تهران
1392,زبان,646,39,منطقه سه,پزشکی,دانشگاه علوم پزشکی تهران
1392,زبان,646,359,منطقه یک,مهندسی برق,دانشگاه صنعتی امیرکبیر - تهران
1392,زبان,648,360,منطقه یک,مهندسی کامپیوتر,دانشگاه شهید بهشتی - تهران
1392,زبان,649,361,منطقه یک,پزشکی,دانشگاه علوم پزشکی مشهد
1392,زبان,651,244,منطقه دو,پزشکی,دانشگاه علوم پزشکی ایران
1392,زبان,652,245,منطقه دو,مهندسی شیمی,دانشگاه صنعتی شریف - تهران
1392,زبان,655,246,منطقه دو,داروسازی,دانشگاه علوم پزشکی تهران
1392,زبان,655,364,منطقه یک,شیمی,دانشگاه صنعتی شریف - تهران
1392,زبان,657,365,منطقه یک,مهندسی عمران,دانشگاه صنعتی شریف - تهران
1392,زبان,659,367,منطقه یک,مهندسی فناوری اطلاعات,دانشگاه صنعتی امیرکبیر - تهران
1392,زبان,660,368,منطقه یک,مدیریت بیمه اکو,دانشگاه علامه طباطبایی - تهران
1392,زبان,660,368,منطقه یک,پزشکی,دانشگاه علوم پزشکی اصفهان
1392,زبان,667,249,منطقه دو,مهندسی مکانیک,دانشگاه صنعتی شریف - تهران
1392,زبان,667,249,منطقه دو,پزشکی,دانشگاه علوم پزشکی شیراز
1392,زبان,670,251,منطقه دو,مهندسی کامپیوتر,دانشگاه صنعتی شریف - تهران
1392,زبان,670,251,منطقه دو,پزشکی,دانشگاه علوم پزشکی شهید بهشتی - تهران
1392,زبان,670,373,منطقه یک,مهندسی صنایع,دانشگاه صنعتی امیرکبیر - تهران
1392,زبان,670,373,منطقه یک,مهندسی هوافضا,دانشگاه صنعتی شریف - تهران
1392,زبان,675,253,منطقه دو,مهندسی کامپیوتر,دانشگاه شهید بهشتی - تهران
1392,زبان,678,256,منطقه دو,علوم کامپیوتر,دانشگاه تهران
1392,زبان,678,376,منطقه یک,مهندسی مواد,دانشگاه صنعتی شریف - تهران
1392,زبان,680,257,منطقه دو,مهندسی معماری,دانشکده فنی وحرفه ای دختران تهران (دکتر شریعتی)
1392,زبان,681,258,منطقه دو,پزشکی,دانشگاه علوم پزشکی بقیه الله
1392,زبان,682,259,منطقه دو,مهندسی پلیمر,دانشگاه صنعتی امیرکبیر - تهران
1392,زبان,686,379,منطقه یک,مهندسی مکانیک,دانشگاه صنعتی امیرکبیر - تهران
1392,زبان,687,380,منطقه یک,مهندسی صنایع,دانشگاه خوارزمی تهران
1392,زبان,687,380,منطقه یک,مهندسی عمران,دانشگاه الزهرا(س) - تهران
1392,زبان,689,261,منطقه دو,مهندسی پزشکی,دانشگاه صنعتی امیرکبیر - تهران
1392,زبان,689,261,منطقه دو,پزشکی,دانشگاه علوم پزشکی رفسنجان
1392,زبان,692,382,منطقه یک,مهندسی مکانیک,دانشگاه علم و صنعت ایران - تهران
1392,زبان,692,382,منطقه یک,پزشکی,دانشگاه علوم پزشکی ایران
1392,زبان,696,385,منطقه یک,علوم کامپیوتر,دانشگاه شهید بهشتی - تهران
1392,زبان,696,385,منطقه یک,مهندسی عمران,دانشگاه فردوسی - مشهد
1392,زبان,699,388,منطقه یک,مهندسی معماری,دانشگاه فردوسی - مشهد
1392,زبان,700,265,منطقه دو,پزشکی,دانشگاه علوم پزشکی جندی شاپور اهواز
1392,زبان,701,266,منطقه دو,فیزیک,دانشگاه صنعتی شریف - تهران
1392,زبان,705,268,منطقه دو,دامپزشکی,دانشگاه تهران
1392,زبان,705,268,منطقه دو,مهندسی شیمی,دانشگاه صنعتی شریف - تهران
1392,زبان,707,270,منطقه دو,مهندسی صنایع,دانشگاه صنعتی خواجه نصیرالدین طوسی - تهران
1392,زبان,707,390,منطقه یک,مهندسی مکانیک,دانشگاه تهران
1392,زبان,710,271,منطقه دو,پزشکی,دانشگاه علوم پزشکی تبریز
1392,زبان,711,41,منطقه سه,حقوق,دانشگاه تهران
1392,زبان,713,393,منطقه یک,مهندسی مواد,دانشگاه صنعتی شریف - تهران
1392,زبان,714,272,منطقه دو,مهندسی نفت,دانشگاه صنعتی شریف - تهران
1392,زبان,715,42,منطقه سه,پزشکی,دانشگاه علوم پزشکی مشهد
1392,زبان,715,394,منطقه یک,مهندسی برق,دانشگاه شهید بهشتی - تهران
1392,زبان,718,273,منطقه دو,پزشکی,دانشگاه علوم پزشکی ایران
1392,زبان,718,396,منطقه یک,مهندسی مکانیک,دانشگاه صنعتی اصفهان
1392,زبان,721,398,منطقه یک,مهندسی برق,دانشگاه صنعتی شریف - تهران
1392,زبان,722,274,منطقه دو,پزشکی,دانشگاه علوم پزشکی بابل
1392,زبان,723,43,منطقه سه,پزشکی,دانشگاه علوم پزشکی جیرفت
1392,زبان,726,44,منطقه سه,پزشکی,دانشگاه علوم پزشکی اردبیل
1392,زبان,728,276,منطقه دو,مهندسی مکانیک,دانشگاه صنعتی شریف - تهران
1392,زبان,730,277,منطقه دو,زبان فرانسه,دانشگاه شهید بهشتی - تهران
1392,زبان,730,277,منطقه دو,مهندسی برق,دانشگاه صنعتی امیرکبیر - تهران
1392,زبان,730,277,منطقه دو,مهندسی مکانیک,دانشگاه صنعتی شریف - تهران
1392,زبان,733,402,منطقه یک,مهندسی معماری,دانشگاه شهید بهشتی - تهران
1392,زبان,735,281,منطقه دو,مهندسی نفت,دانشگاه صنعت نفت
1392,زبان,737,282,منطقه دو,زبان وادبیات انگلیسی,دانشگاه شهید بهشتی - تهران
1392,زبان,737,404,منطقه یک,مهندسی کامپیوتر,دانشگاه صنعتی امیرکبیر - تهران
1392,زبان,741,284,منطقه دو,مهندسی پزشکی,دانشگاه صنعتی امیرکبیر - تهران
1392,زبان,743,285,منطقه دو,پزشکی,دانشگاه علوم پزشکی ایران
1392,زبان,743,285,منطقه دو,پزشکی,دانشگاه علوم پزشکی سبزوار
1392,زبان,743,407,منطقه یک,دندانپزشکی,دانشگاه علوم پزشکی تهران
1392,زبان,748,287,منطقه دو,تربیت دبیر زبان انگلیسی,پردیس شهید مدرس - سنندج
1392,زبان,751,409,منطقه یک,حقوق,دانشگاه تهران
1392,زبان,753,411,منطقه یک,فیزیک,دانشگاه صنعتی خواجه نصیرالدین طوسی - تهران
1392,زبان,756,290,منطقه دو,پزشکی,دانشگاه علوم پزشکی شیراز
1392,زبان,760,417,منطقه یک,مهندسی برق,دانشگاه صنعتی امیرکبیر - تهران
1392,زبان,762,292,منطقه دو,مهندسی عمران,دانشگاه تهران
1392,زبان,763,418,منطقه یک,زبان وادبیات انگلیسی,دانشگاه فردوسی - مشهد
1392,زبان,763,418,منطقه یک,مهندسی برق,دانشگاه یزد
1392,زبان,765,293,منطقه دو,پزشکی,دانشگاه علوم پزشکی شهید بهشتی - تهران
1392,زبان,765,420,منطقه یک,علوم کامپیوتر,دانشگاه صنعتی امیرکبیر - تهران
1392,زبان,768,422,منطقه یک,دندانپزشکی,دانشگاه علوم پزشکی اصفهان
1392,زبان,770,294,منطقه دو,مهندسی کامپیوتر,دانشگاه اصفهان
1392,زبان,771,424,منطقه یک,دبیری فیزیک,پردیس نسیبه - تهران
1392,زبان,771,424,منطقه یک,مهندسی پلیمر,دانشگاه تهران
1392,زبان,774,427,منطقه یک,شیمی,دانشگاه صنعتی شریف - تهران
1392,زبان,774,427,منطقه یک,مهندسی مکانیک,دانشگاه صنعتی امیرکبیر - تهران
1392,زبان,776,295,منطقه دو,دندانپزشکی,دانشگاه علوم پزشکی شهید بهشتی - تهران
1392,زبان,777,296,منطقه دو,پزشکی,دانشگاه علوم پزشکی ایران
1392,زبان,777,429,منطقه یک,زبان وادبیات انگلیسی,دانشگاه تهران
1392,زبان,777,429,منطقه یک,پزشکی,دانشگاه علوم پزشکی شهرکرد
1392,زبان,781,431,منطقه یک,زبان وادبیات انگلیسی,دانشگاه شهید بهشتی - تهران
1392,زبان,782,298,منطقه دو,مهندسی کامپیوتر,دانشگاه تهران
1392,زبان,783,299,منطقه دو,مهندسی صنایع,دانشگاه صنعتی شریف - تهران
1392,زبان,784,300,منطقه دو,مهندسی معماری,دانشگاه گیلان - رشت
1392,زبان,786,301,منطقه دو,مهندسی مکانیک,دانشگاه تبریز
1392,زبان,788,302,منطقه دو,مهندسی برق,دانشگاه صنعتی شریف - تهران
1392,زبان,791,436,منطقه یک,پزشکی,دانشگاه علوم پزشکی اراک
1392,زبان,792,437,منطقه یک,هوشبری,دانشگاه علوم پزشکی تهران
1392,زبان,795,304,منطقه دو,مهندسی برق,دانشگاه صنعتی شریف - تهران
1392,زبان,798,440,منطقه یک,پزشکی,دانشگاه علوم پزشکی ایران
1392,زبان,799,305,منطقه دو,داروسازی,دانشگاه علوم پزشکی زنجان
1392,زبان,800,306,منطقه دو,هوشبری,دانشگاه علوم پزشکی تهران
1392,زبان,802,307,منطقه دو,دندانپزشکی,دانشگاه علوم پزشکی اصفهان
1392,زبان,804,308,منطقه دو,مهندسی صنایع,دانشگاه صنعتی شریف - تهران
1392,زبان,804,443,منطقه یک,مهندسی برق,دانشگاه فردوسی - مشهد
1392,زبان,806,47,منطقه سه,زبان وادبیات انگلیسی,دانشگاه فردوسی - مشهد
1392,زبان,809,446,منطقه یک,مهندسی شیمی,دانشگاه صنعتی امیرکبیر - تهران
1392,زبان,810,309,منطقه دو,مهندسی مکانیک,دانشگاه شهید بهشتی - تهران
1392,زبان,811,310,منطقه دو,مهندسی شیمی,دانشگاه صنعتی شریف - تهران
1392,زبان,812,447,منطقه یک,مهندسی شهرسازی,دانشگاه تهران
1392,زبان,814,448,منطقه یک,مهندسی صنایع,دانشگاه علم و صنعت ایران - تهران
1392,زبان,815,449,منطقه یک,مهندسی عمران,دانشگاه تهران
1392,زبان,815,449,منطقه یک,مهندسی مکانیک,دانشگاه صنعتی شریف - تهران
1392,زبان,818,312,منطقه دو,پزشکی,دانشگاه علوم پزشکی ایران
1392,زبان,818,452,منطقه یک,دندانپزشکی,دانشگاه علوم پزشکی شهید بهشتی - تهران
1392,زبان,820,453,منطقه یک,مهندسی معماری,دانشگاه علم و صنعت ایران - تهران
1392,زبان,822,455,منطقه یک,مهندسی عمران,دانشگاه صنعتی امیرکبیر - تهران
1392,زبان,824,457,منطقه یک,مهندسی مواد,دانشگاه صنعتی شریف - تهران
1392,زبان,826,313,منطقه دو,مهندسی مکانیک,دانشگاه تهران
1392,زبان,829,49,منطقه سه,علوم تغذیه,دانشگاه علوم پزشکی شهید بهشتی - تهران
1392,زبان,829,316,منطقه دو,مهندسی شیمی,دانشگاه صنعتی شریف - تهران
1392,زبان,829,458,منطقه یک,داروسازی,دانشگاه علوم پزشکی مشهد
1392,زبان,832,317,منطقه دو,مهندسی عمران,دانشگاه شاهرود
1392,زبان,834,318,منطقه دو,پزشکی,دانشگاه علوم پزشکی شیراز
1392,زبان,834,460,منطقه یک,مهندسی مکانیک,دانشگاه صنعتی خواجه نصیرالدین طوسی - تهران
1392,زبان,836,319,منطقه دو,مهندسی فناوری اطلاعات,دانشگاه تهران
1392,زبان,836,461,منطقه یک,مهندسی شیمی,دانشگاه تهران
1392,زبان,842,321,منطقه دو,مهندسی عمران,دانشگاه صنعتی خواجه نصیرالدین طوسی - تهران
1392,زبان,844,323,منطقه دو,مهندسی شیمی,دانشگاه علم و صنعت ایران - تهران
1392,زبان,847,324,منطقه دو,پزشکی,دانشگاه علوم پزشکی زنجان
1392,زبان,848,325,منطقه دو,علوم ارتباطات اجتماعی,دانشگاه تهران
1392,زبان,849,467,منطقه یک,مهندسی شیمی,دانشگاه صنعتی شریف - تهران
1392,زبان,853,469,منطقه یک,مهندسی کامپیوتر,دانشگاه شهید بهشتی - تهران
1392,زبان,857,329,منطقه دو,روانشناسی,دانشگاه علامه طباطبایی - تهران
1392,زبان,859,473,منطقه یک,مهندسی عمران,دانشگاه اصفهان
1392,زبان,864,330,منطقه دو,دندانپزشکی,دانشگاه علوم پزشکی رفسنجان
1392,زبان,864,330,منطقه دو,مهندسی برق,دانشگاه صنعتی شریف - تهران
1392,زبان,864,477,منطقه یک,مهندسی مکانیک,دانشگاه صنعتی شریف - تهران
1392,زبان,867,478,منطقه یک,مهندسی شیمی,دانشگاه تهران
1392,زبان,869,332,منطقه دو,مهندسی فناوری اطلاعات,دانشگاه تهران
1392,زبان,869,480,منطقه یک,هوشبری,دانشگاه علوم پزشکی تهران
1392,زبان,871,51,منطقه سه,مهندسی هوافضا,دانشگاه صنعتی امیرکبیر - تهران
1392,زبان,872,52,منطقه سه,علوم کامپیوتر,دانشگاه صنعتی شریف - تهران
1392,زبان,876,54,منطقه سه,مهندسی نفت,دانشگاه صنعتی شریف - تهران
1392,زبان,877,333,منطقه دو,مهندسی مکانیک,دانشگاه علم و صنعت ایران - تهران
1392,زبان,879,484,منطقه یک,مهندسی صنایع,دانشگاه سمنان
1392,زبان,880,334,منطقه دو,زبان وادبیات انگلیسی,دانشگاه اصفهان
1392,زبان,880,485,منطقه یک,دکترای پیوسته بیوتکنولوژی,دانشگاه تهران
1392,زبان,882,486,منطقه یک,مهندسی عمران,دانشگاه شهید بهشتی - تهران
1392,زبان,882,486,منطقه یک,مهندسی مکانیک,دانشگاه علم و صنعت ایران - تهران
1392,زبان,884,488,منطقه یک,مهندسی صنایع,دانشگاه صنعتی خواجه نصیرالدین طوسی - تهران
1392,زبان,886,335,منطقه دو,پزشکی,دانشگاه علوم پزشکی بابل
1392,زبان,886,490,منطقه یک,حسابداری,دانشگاه سمنان
1392,زبان,886,490,منطقه یک,مهندسی مکانیک,دانشگاه تهران
1392,زبان,889,492,منطقه یک,مهندسی مواد,دانشگاه علم و صنعت ایران - تهران
1392,زبان,890,336,منطقه دو,زبان وادبیات انگلیسی,دانشگاه خوارزمی تهران
1392,زبان,891,493,منطقه یک,مهندسی کامپیوتر,دانشگاه صنعتی شریف - تهران
1392,زبان,894,495,منطقه یک,دامپزشکی,دانشگاه شهید چمران اهواز
1392,زبان,897,339,منطقه دو,روانشناسی,دانشگاه شهید بهشتی - تهران
1392,زبان,900,499,منطقه یک,دامپزشکی,دانشگاه تهران
1392,زبان,900,499,منطقه یک,دندانپزشکی,دانشگاه علوم پزشکی تبریز
1392,زبان,902,340,منطقه دو,پزشکی,دانشگاه علوم پزشکی شیراز
1392,زبان,909,343,منطقه دو,پزشکی,دانشگاه علوم پزشکی شیراز
1392,زبان,912,345,منطقه دو,زبان وادبیات انگلیسی,دانشگاه الزهرا(س) - تهران
1392,زبان,914,346,منطقه دو,مهندسی معماری,دانشگاه هنر اصفهان
1392,زبان,916,347,منطقه دو,مهندسی برق,دانشگاه تهران
1392,زبان,916,347,منطقه دو,مهندسی مکانیک,دانشگاه صنعتی امیرکبیر - تهران
1392,زبان,921,350,منطقه دو,پزشکی,دانشگاه علوم پزشکی ایران
1392,زبان,924,351,منطقه دو,مهندسی شیمی,دانشگاه صنعتی شریف - تهران
1392,زبان,924,351,منطقه دو,مهندسی پزشکی,دانشگاه صنعتی امیرکبیر - تهران
1392,زبان,929,55,منطقه سه,پزشکی,دانشگاه علوم پزشکی مازندران - ساری
1392,زبان,930,354,منطقه دو,پزشکی,دانشگاه علوم پزشکی تهران
1392,زبان,930,354,منطقه دو,پزشکی,دانشگاه علوم پزشکی شهید بهشتی - تهران
1392,زبان,932,56,منطقه سه,دندانپزشکی,دانشگاه علوم پزشکی ایلام
1392,زبان,939,357,منطقه دو,پزشکی,دانشگاه علوم پزشکی تهران
1392,زبان,940,358,منطقه دو,مهندسی پلیمر,دانشگاه صنعتی امیرکبیر - تهران
1392,زبان,944,360,منطقه دو,تربیت دبیر زبان انگلیسی,پردیس امام سجاد - بیرجند
1392,زبان,944,360,منطقه دو,مهندسی عمران,دانشگاه علم و صنعت ایران - تهران
1392,زبان,952,362,منطقه دو,مهندسی نفت,دانشگاه صنعتی شریف - تهران
1392,زبان,957,363,منطقه دو,مهندسی معماری,دانشگاه تهران
1392,زبان,958,59,منطقه سه,مهندسی برق,دانشگاه علم و صنعت ایران - تهران
1392,زبان,958,364,منطقه دو,علوم قضایی,دانشگاه علوم قضایی و خدمات ادارای - وابسته به قوه قضاییه
1392,زبان,960,365,منطقه دو,مهندسی عمران,دانشگاه علم و صنعت ایران - تهران
1392,زبان,963,367,منطقه دو,پزشکی,دانشگاه علوم پزشکی کرمان
1392,زبان,966,369,منطقه دو,مهندسی برق,دانشگاه صنعتی شریف - تهران
1392,زبان,967,370,منطقه دو,علوم مهندسی,دانشگاه تهران
1392,زبان,975,372,منطقه دو,دندانپزشکی,دانشگاه علوم پزشکی گیلان - رشت
1392,زبان,982,373,منطقه دو,داروسازی,دانشگاه علوم پزشکی مازندران - ساری
1392,زبان,982,373,منطقه دو,مهندسی کامپیوتر,دانشگاه صنعتی امیرکبیر - تهران
1392,زبان,988,61,منطقه سه,زبان وادبیات انگلیسی,دانشگاه شهید بهشتی - تهران
1392,زبان,992,62,منطقه سه,زبان وادبیات انگلیسی,دانشگاه تبریز
1392,زبان,997,377,منطقه دو,مهندسی برق,دانشگاه صنعتی خواجه نصیرالدین طوسی - تهران
1392,زبان,1005,379,منطقه دو,مهندسی پلیمر,دانشگاه تهران
1392,زبان,1007,380,منطقه دو,مهندسی پزشکی,دانشگاه صنعتی امیرکبیر - تهران
1392,زبان,1007,380,منطقه دو,مهندسی کامپیوتر,دانشگاه علم و صنعت ایران - تهران
1392,زبان,1011,382,منطقه دو,مهندسی شیمی,دانشگاه صنعتی امیرکبیر - تهران
1392,زبان,1013,383,منطقه دو,دکترای پیوسته بیوتکنولوژی,دانشگاه تهران
1392,زبان,1013,383,منطقه دو,مهندسی مکانیک,دانشگاه صنعتی امیرکبیر - تهران
1392,زبان,1018,64,منطقه سه,مهندسی نفت,دانشگاه صنعتی شریف - تهران
1392,زبان,1019,386,منطقه دو,مهندسی برق,دانشگاه تهران
1392,زبان,1020,387,منطقه دو,مهندسی عمران,دانشگاه یزد
1392,زبان,1026,66,منطقه سه,پزشکی,دانشگاه علوم پزشکی شیراز
1392,زبان,1026,389,منطقه دو,مهندسی برق,دانشگاه صنعتی شریف - تهران
1392,زبان,1026,389,منطقه دو,مهندسی برق,دانشگاه کاشان
1392,زبان,1035,393,منطقه دو,زبان وادبیات انگلیسی,دانشگاه شیراز
1392,زبان,1038,394,منطقه دو,مهندسی معماری,دانشگاه محقق اردبیلی - اردبیل
1392,زبان,1042,395,منطقه دو,مهندسی کامپیوتر,دانشگاه صنعتی خواجه نصیرالدین طوسی - تهران
1392,زبان,1044,396,منطقه دو,پزشکی,دانشگاه علوم پزشکی شیراز
1392,زبان,1050,399,منطقه دو,پزشکی,دانشگاه علوم پزشکی تبریز
1392,زبان,1055,67,منطقه سه,زبان وادبیات انگلیسی,دانشگاه علامه طباطبایی - تهران
1392,زبان,1055,67,منطقه سه,مهندسی نفت,دانشگاه تهران
1392,زبان,1059,401,منطقه دو,مهندسی مکانیک,دانشگاه علم و صنعت ایران - تهران
1392,زبان,1075,71,منطقه سه,دندانپزشکی,دانشگاه علوم پزشکی یزد
1392,زبان,1075,407,منطقه دو,مهندسی برق,دانشگاه صنعتی شریف - تهران
1392,زبان,1081,408,منطقه دو,مهندسی مکانیک,دانشگاه شهید بهشتی - تهران
1392,زبان,1085,409,منطقه دو,دندانپزشکی,دانشگاه شاهد - تهران
1392,زبان,1088,411,منطقه دو,زبان وادبیات انگلیسی,دانشگاه تبریز
1392,زبان,1092,72,منطقه سه,دندانپزشکی,دانشگاه علوم پزشکی بوشهر
1392,زبان,1095,412,منطقه دو,دندانپزشکی,دانشگاه علوم پزشکی بابل
1392,زبان,1095,412,منطقه دو,پزشکی,دانشگاه علوم پزشکی شهید بهشتی - تهران
1392,زبان,1101,416,منطقه دو,ریاضیات وکاربردها,دانشگاه پیام نور خراسان جنوبی - مرکز بیرجند
1392,زبان,1101,416,منطقه دو,پزشکی,دانشگاه علوم پزشکی اصفهان
1392,زبان,1104,418,منطقه دو,تربیت دبیر زبان انگلیسی,پردیس امام سجاد - بیرجند
1392,زبان,1108,421,منطقه دو,مهندسی مکانیک,دانشگاه صنعتی امیرکبیر - تهران
1392,زبان,1109,422,منطقه دو,مهندسی مکانیک,دانشگاه علم و صنعت ایران - تهران
1392,زبان,1111,424,منطقه دو,مهندسی کامپیوتر,دانشگاه شهید بهشتی - تهران
1392,زبان,1111,424,منطقه دو,پزشکی,دانشگاه علوم پزشکی یزد
1392,زبان,1114,426,منطقه دو,مهندسی مکانیک,دانشگاه گیلان - رشت
1392,زبان,1119,428,منطقه دو,مهندسی عمران,دانشگاه صنعتی خواجه نصیرالدین طوسی - تهران
1392,زبان,1119,428,منطقه دو,مهندسی هوافضا,دانشگاه صنعتی امیرکبیر - تهران
1392,زبان,1121,430,منطقه دو,مهندسی برق,دانشگاه علم و صنعت ایران - تهران
1392,زبان,1124,431,منطقه دو,پزشکی,دانشگاه علوم پزشکی تبریز
1392,زبان,1124,431,منطقه دو,پزشکی,دانشگاه علوم پزشکی قزوین
1392,زبان,1131,433,منطقه دو,مهندسی برق,دانشگاه صنعتی امیرکبیر - تهران
1392,زبان,1133,434,منطقه دو,مهندسی پزشکی,دانشگاه صنعتی امیرکبیر - تهران
1392,زبان,1137,435,منطقه دو,پزشکی,دانشگاه علوم پزشکی تهران
1392,زبان,1141,76,منطقه سه,مهندسی کامپیوتر,دانشگاه تهران
1392,زبان,1143,438,منطقه دو,پزشکی,دانشگاه علوم پزشکی ایران
1392,زبان,1146,77,منطقه سه,دندانپزشکی,دانشگاه علوم پزشکی بابل
1392,زبان,1154,439,منطقه دو,دندانپزشکی,دانشگاه علوم پزشکی تبریز
1392,زبان,1154,439,منطقه دو,علوم تغذیه,دانشگاه علوم پزشکی شهید بهشتی - تهران
1392,زبان,1161,441,منطقه دو,پزشکی,دانشگاه علوم پزشکی یزد
1392,زبان,1164,443,منطقه دو,مهندسی برق,دانشگاه علم و صنعت ایران - تهران
1392,زبان,1165,444,منطقه دو,پزشکی,دانشگاه علوم پزشکی شهید بهشتی - تهران
1392,زبان,1168,445,منطقه دو,مهندسی مکانیک,دانشگاه تربیت دبیر شهید رجایی - تهران
1392,زبان,1168,445,منطقه دو,پزشکی,دانشگاه علوم پزشکی شیراز
1392,زبان,1173,448,منطقه دو,مهندسی عمران,دانشگاه تهران
1392,زبان,1173,448,منطقه دو,پزشکی,دانشگاه علوم پزشکی لرستان - خرم آباد
1392,زبان,1178,79,منطقه سه,پزشکی,دانشگاه علوم پزشکی شهید بهشتی - تهران
1392,زبان,1178,451,منطقه دو,مهندسی کامپیوتر,دانشگاه علم و صنعت ایران - تهران
1392,زبان,1182,452,منطقه دو,دندانپزشکی,دانشگاه علوم پزشکی شیراز
1392,زبان,1187,455,منطقه دو,مهندسی نفت,دانشگاه صنعت نفت
1392,زبان,1203,80,منطقه سه,پزشکی,دانشگاه علوم پزشکی ایران
1392,زبان,1206,462,منطقه دو,پزشکی,دانشگاه علوم پزشکی مازندران - ساری
1392,زبان,1213,465,منطقه دو,دامپزشکی,دانشگاه زابل
1392,زبان,1216,466,منطقه دو,زبان وادبیات انگلیسی,دانشگاه خوارزمی تهران
1392,زبان,1219,467,منطقه دو,مهندسی برق,دانشگاه صنعتی خواجه نصیرالدین طوسی - تهران
1392,زبان,1233,82,منطقه سه,پزشکی,دانشگاه علوم پزشکی شیراز
1392,زبان,1235,469,منطقه دو,پزشکی,دانشگاه علوم پزشکی بوشهر
1392,زبان,1239,470,منطقه دو,مهندسی پزشکی,دانشگاه صنعتی امیرکبیر - تهران
1392,زبان,1243,472,منطقه دو,مهندسی فناوری اطلاعات,دانشگاه صنعتی شریف - تهران
1392,زبان,1250,473,منطقه دو,پزشکی,دانشگاه علوم پزشکی مشهد
1392,زبان,1258,475,منطقه دو,پزشکی,دانشگاه علوم پزشکی گلستان - گرگان
1392,زبان,1265,476,منطقه دو,مهندسی شیمی,دانشگاه تهران
1392,زبان,1265,476,منطقه دو,مهندسی مکانیک,دانشگاه علم و صنعت ایران - تهران
1392,زبان,1265,476,منطقه دو,پزشکی,دانشگاه علوم پزشکی اصفهان
1392,زبان,1270,83,منطقه سه,مهندسی هوافضا,دانشگاه صنعتی امیرکبیر - تهران
1392,زبان,1270,479,منطقه دو,مهندسی مکانیک,دانشگاه کردستان - سنندج
1392,زبان,1279,481,منطقه دو,زبان وادبیات اسپانیایی,دانشگاه تهران
1392,زبان,1279,481,منطقه دو,مهندسی کامپیوتر,دانشگاه علم و صنعت ایران - تهران
1392,زبان,1287,483,منطقه دو,دندانپزشکی,دانشگاه شاهد - تهران
1392,زبان,1289,84,منطقه سه,دبیری شیمی,پردیس فاطمه الزهرا (س) - یزد
1392,زبان,1289,84,منطقه سه,مهندسی عمران,دانشگاه تهران
1392,زبان,1291,484,منطقه دو,مهندسی معماری,دانشگاه ارومیه
1392,زبان,1291,484,منطقه دو,مهندسی کامپیوتر,دانشگاه تهران
1392,زبان,1294,486,منطقه دو,مهندسی کامپیوتر,دانشگاه صنعتی امیرکبیر - تهران
1392,زبان,1297,487,منطقه دو,مهندسی مکانیک,دانشگاه صنعتی شریف - تهران
1392,زبان,1301,488,منطقه دو,دندانپزشکی,دانشگاه علوم پزشکی اردبیل
1392,زبان,1301,488,منطقه دو,مهندسی عمران,دانشگاه تهران
1392,زبان,1305,491,منطقه دو,پزشکی,دانشگاه علوم پزشکی تهران
1392,زبان,1308,492,منطقه دو,دامپزشکی,دانشگاه تبریز
1392,زبان,1311,494,منطقه دو,زبان وادبیات انگلیسی,دانشگاه الزهرا(س) - تهران
1392,زبان,1315,495,منطقه دو,حقوق,دانشگاه مازندران - بابلسر
1392,زبان,1318,496,منطقه دو,پزشکی,دانشگاه علوم پزشکی ایران
1392,زبان,1320,497,منطقه دو,پزشکی,دانشگاه علوم پزشکی اصفهان
1392,زبان,1322,499,منطقه دو,داروسازی,دانشگاه علوم پزشکی تهران
1392,زبان,1322,499,منطقه دو,مهندسی کامپیوتر,دانشگاه شهید بهشتی - تهران
1392,زبان,1340,87,منطقه سه,مهندسی برق,دانشگاه صنعتی اصفهان
1392,زبان,1349,88,منطقه سه,داروسازی,دانشگاه علوم پزشکی جندی شاپور اهواز
1392,زبان,1354,89,منطقه سه,زبان فرانسه,دانشگاه تهران
1392,زبان,1354,89,منطقه سه,مهندسی برق,دانشگاه علم و صنعت ایران - تهران
1392,زبان,1370,91,منطقه سه,مهندسی مکانیک,دانشگاه علم و صنعت ایران - تهران
1392,زبان,1381,92,منطقه سه,مهندسی عمران,دانشگاه صنعتی امیرکبیر - تهران
1392,زبان,1425,96,منطقه سه,شنوایی شناسی,دانشگاه علوم پزشکی همدان
1392,زبان,1431,97,منطقه سه,پزشکی,دانشگاه علوم پزشکی جندی شاپور اهواز
1392,زبان,1435,98,منطقه سه,دبیری فیزیک,پردیس نسیبه - تهران
1392,زبان,1445,100,منطقه سه,تربیت دبیر زبان انگلیسی,پردیس علامه طباطبایی - ارومیه
1392,زبان,1448,101,منطقه سه,داروسازی,دانشگاه علوم پزشکی تبریز
1392,زبان,1456,102,منطقه سه,مهندسی مکانیک,دانشگاه صنعتی شریف - تهران
1392,زبان,1493,106,منطقه سه,داروسازی,دانشگاه علوم پزشکی کرمانشاه
1392,زبان,1497,107,منطقه سه,دندانپزشکی,دانشگاه علوم پزشکی زاهدان
1392,زبان,1506,108,منطقه سه,مهندسی شیمی,دانشگاه تهران
1392,زبان,1535,110,منطقه سه,مهندسی صنایع,دانشگاه صنعتی شیراز
1392,زبان,1632,115,منطقه سه,مهندسی کامپیوتر,دانشگاه صنعتی اصفهان
1392,زبان,1645,116,منطقه سه,مهندسی برق,دانشگاه شهید بهشتی - تهران
1392,زبان,1718,119,منطقه سه,پزشکی,دانشگاه علوم پزشکی بیرجند
1392,زبان,1733,121,منطقه سه,مهندسی صنایع,دانشگاه صنعتی شریف - تهران
1392,زبان,1773,124,منطقه سه,دندانپزشکی,دانشگاه علوم پزشکی همدان
1392,زبان,1781,125,منطقه سه,پزشکی,دانشگاه علوم پزشکی بیرجند
1392,زبان,1789,127,منطقه سه,پزشکی,دانشگاه علوم پزشکی تبریز
1392,زبان,1813,128,منطقه سه,دندانپزشکی,دانشگاه علوم پزشکی زنجان
1392,زبان,1858,131,منطقه سه,مهندسی برق,دانشگاه شهید بهشتی - تهران
1392,زبان,1864,132,منطقه سه,مهندسی شهرسازی,دانشگاه تهران
1392,زبان,1900,135,منطقه سه,زبان وادبیات انگلیسی,دانشگاه شیراز
1392,زبان,1906,137,منطقه سه,مهندسی شیمی,دانشگاه تهران
1392,زبان,1910,138,منطقه سه,مهندسی فناوری اطلاعات,دانشگاه صنعتی امیرکبیر - تهران
1392,زبان,1915,139,منطقه سه,پزشکی,دانشگاه علوم پزشکی جندی شاپور اهواز
1392,زبان,1925,140,منطقه سه,مهندسی برق,دانشگاه شهید بهشتی - تهران
1392,زبان,1935,141,منطقه سه,پزشکی,دانشگاه علوم پزشکی اصفهان
1392,زبان,1940,142,منطقه سه,پزشکی,دانشگاه علوم پزشکی مشهد
1392,زبان,1945,143,منطقه سه,پزشکی,دانشگاه علوم پزشکی کرمانشاه
1392,زبان,1980,147,منطقه سه,مهندسی شیمی,دانشگاه فردوسی - مشهد
1392,زبان,2013,149,منطقه سه,مهندسی عمران,دانشگاه صنعتی بابل
1392,زبان,2016,150,منطقه سه,پزشکی,دانشگاه علوم پزشکی جندی شاپور اهواز
1392,زبان,2046,152,منطقه سه,پزشکی,دانشگاه علوم پزشکی بندرعباس
1392,زبان,2053,153,منطقه سه,مهندسی شیمی,دانشگاه صنعتی اصفهان
1392,زبان,2065,155,منطقه سه,علوم تربیتی,پردیس شهید بهشتی - مشهد
1392,زبان,2069,156,منطقه سه,زبان وادبیات انگلیسی,دانشگاه شیراز
1392,زبان,2069,156,منطقه سه,مهندسی عمران,دانشگاه تبریز
1392,زبان,2091,159,منطقه سه,مهندسی نفت,دانشگاه صنعت نفت
1392,زبان,2094,160,منطقه سه,حقوق,دانشگاه شهید بهشتی - تهران
1392,زبان,2103,162,منطقه سه,مهندسی مکانیک,دانشگاه بیرجند
1392,زبان,2104,163,منطقه سه,زیست شناسی سلولی مولکولی,دانشگاه شیراز
1392,زبان,2130,165,منطقه سه,دبیری فیزیک,پردیس نسیبه - تهران
1392,زبان,2133,166,منطقه سه,پزشکی,دانشگاه علوم پزشکی ایلام
1392,زبان,2150,168,منطقه سه,پزشکی,دانشگاه علوم پزشکی تبریز
1392,زبان,2160,170,منطقه سه,دندانپزشکی,دانشگاه علوم پزشکی کرمان
1392,زبان,2203,172,منطقه سه,مهندسی برق,دانشگاه صنعتی امیرکبیر - تهران
1392,زبان,2212,173,منطقه سه,مهندسی کامپیوتر,دانشگاه اصفهان
1392,زبان,2224,174,منطقه سه,مهندسی برق,دانشگاه تبریز
1392,زبان,2235,176,منطقه سه,مهندسی مکانیک,دانشگاه تهران
1392,زبان,2263,180,منطقه سه,پزشکی,دانشگاه علوم پزشکی مشهد
1392,زبان,2313,184,منطقه سه,زبان وادبیات انگلیسی,دانشگاه علامه طباطبایی - تهران
1392,زبان,2320,186,منطقه سه,فیزیک مهندسی,دانشگاه تهران
1392,زبان,2351,188,منطقه سه,مهندسی عمران,دانشگاه صنعتی خواجه نصیرالدین طوسی - تهران
1392,زبان,2354,189,منطقه سه,زبان وادبیات انگلیسی,دانشگاه فردوسی - مشهد
1392,زبان,2373,191,منطقه سه,مهندسی برق,دانشگاه صنعتی امیرکبیر - تهران
1392,زبان,2430,192,منطقه سه,داروسازی,دانشگاه علوم پزشکی کرمان
1392,زبان,2438,193,منطقه سه,پزشکی,دانشگاه علوم پزشکی بیرجند
1392,زبان,2450,195,منطقه سه,پزشکی,دانشگاه علوم پزشکی ایلام
1392,زبان,2466,196,منطقه سه,پزشکی,دانشگاه علوم پزشکی تبریز
1392,زبان,2493,197,منطقه سه,مهندسی عمران,دانشگاه تهران
1392,زبان,2495,198,منطقه سه,مهندسی رباتیک,دانشگاه صنعتی همدان
1392,زبان,2525,199,منطقه سه,پزشکی,دانشگاه علوم پزشکی شهرکرد
1392,زبان,2537,201,منطقه سه,مهندسی برق,دانشگاه صنعتی امیرکبیر - تهران
1392,زبان,2547,203,منطقه سه,مهندسی برق,دانشگاه صنعتی شریف - تهران
1392,زبان,2551,204,منطقه سه,کارشناسی ارشدعلوم قضایی,دانشگاه علوم قضایی و خدمات ادارای - وابسته به قوه قضاییه
1392,زبان,2575,205,منطقه سه,دندانپزشکی,دانشگاه علوم پزشکی زاهدان
1392,زبان,2583,206,منطقه سه,زبان وادبیات انگلیسی,دانشگاه شیراز
1392,زبان,2615,209,منطقه سه,دبیری زیست شناسی,پردیس شهید چمران - تهران
1392,زبان,2629,210,منطقه سه,زبان وادبیات انگلیسی,دانشگاه اصفهان
1392,زبان,2671,212,منطقه سه,پزشکی,دانشگاه علوم پزشکی گناباد
1392,زبان,2685,213,منطقه سه,پزشکی,دانشگاه علوم پزشکی بیرجند
1392,زبان,2728,214,منطقه سه,مهندسی مکانیک,دانشگاه ارومیه
1392,زبان,2728,214,منطقه سه,پزشکی,دانشگاه علوم پزشکی گیلان - رشت
1392,زبان,2744,216,منطقه سه,پزشکی,دانشگاه علوم پزشکی شاهرود
1392,زبان,2744,216,منطقه سه,پزشکی,دانشگاه علوم پزشکی شهید بهشتی - تهران
1392,زبان,2752,219,منطقه سه,مهندسی برق,دانشگاه صنعتی اصفهان
1392,زبان,2761,220,منطقه سه,پزشکی,دانشگاه علوم پزشکی اردبیل
1392,زبان,2793,226,منطقه سه,مترجمی زبان انگلیسی,دانشگاه اصفهان
1392,زبان,2797,229,منطقه سه,مهندسی مکانیک,دانشگاه شهید باهنر - کرمان
1392,زبان,2807,230,منطقه سه,علوم ازمایشگاهی,دانشگاه علوم پزشکی مشهد
1392,زبان,2812,231,منطقه سه,مهندسی برق,دانشگاه علم و صنعت ایران - تهران
1392,زبان,2846,232,منطقه سه,مهندسی کامپیوتر,دانشگاه شیراز
1392,زبان,2865,234,منطقه سه,پزشکی,دانشگاه علوم پزشکی مشهد
1392,زبان,2906,236,منطقه سه,پزشکی,دانشگاه علوم پزشکی شیراز
1392,زبان,2913,237,منطقه سه,علوم تربیتی,پردیس شهید هاشمی نژاد - مشهد
1392,زبان,2917,239,منطقه سه,مهندسی فناوری اطلاعات,دانشگاه تهران
1392,زبان,2923,242,منطقه سه,پزشکی,دانشگاه علوم پزشکی بندرعباس
1392,زبان,2935,243,منطقه سه,مهندسی مکانیک,دانشگاه تربیت دبیر شهید رجایی - تهران
1392,زبان,2944,244,منطقه سه,مهندسی مکانیک,دانشگاه تهران
1392,زبان,2958,246,منطقه سه,دبیری فیزیک,پردیس شهید پاک نژاد - یزد
1392,زبان,2981,249,منطقه سه,پزشکی,دانشگاه علوم پزشکی مشهد
1392,زبان,2985,250,منطقه سه,مهندسی مکانیک,دانشگاه صنعتی خواجه نصیرالدین طوسی - تهران
1392,زبان,2989,251,منطقه سه,مهندسی نفت,دانشگاه صنعت نفت
1392,زبان,3020,252,منطقه سه,زبان وادبیات انگلیسی,دانشگاه شیراز
1392,زبان,3028,253,منطقه سه,مهندسی عمران,دانشگاه گیلان - رشت
1392,زبان,3047,254,منطقه سه,پزشکی,دانشگاه علوم پزشکی زاهدان
1392,زبان,3067,257,منطقه سه,مهندسی کامپیوتر,دانشگاه الزهرا(س) - تهران
1392,زبان,3085,258,منطقه سه,مهندسی مکانیک,دانشگاه تبریز
1392,زبان,3085,258,منطقه سه,پزشکی,دانشگاه علوم پزشکی شیراز
1392,زبان,3109,261,منطقه سه,مهندسی برق,دانشگاه تربیت دبیر شهید رجایی - تهران
1392,زبان,3130,267,منطقه سه,مهندسی شیمی,دانشگاه صنعت نفت
1392,زبان,3132,268,منطقه سه,مهندسی برق,دانشگاه صنعتی اصفهان
1392,زبان,3132,268,منطقه سه,پزشکی,دانشگاه علوم پزشکی لرستان - خرم آباد
1392,زبان,3154,271,منطقه سه,مهندسی صنایع,دانشگاه صنعتی شیراز
1392,زبان,3159,274,منطقه سه,مهندسی کامپیوتر,دانشگاه شهید بهشتی - تهران
1392,زبان,3196,276,منطقه سه,مترجمی زبان انگلیسی,دانشگاه بوعلی سینا - همدان
1392,زبان,3201,277,منطقه سه,پزشکی,دانشگاه علوم پزشکی گلستان - گرگان
1392,زبان,3248,280,منطقه سه,داروسازی,دانشگاه علوم پزشکی گیلان - رشت
1392,زبان,3279,283,منطقه سه,زبان وادبیات انگلیسی,دانشگاه شیراز
1392,زبان,3282,284,منطقه سه,مهندسی صنایع,دانشگاه صنعتی شریف - تهران
1392,زبان,3315,285,منطقه سه,علوم تربیتی,پردیس فاطمه الزهرا (س) - اهواز
1392,زبان,3326,286,منطقه سه,زبان وادبیات انگلیسی,دانشگاه الزهرا(س) - تهران
1392,زبان,3341,289,منطقه سه,پزشکی,دانشگاه علوم پزشکی یاسوج
1392,زبان,3344,290,منطقه سه,مهندسی شیمی,دانشگاه اصفهان
1392,زبان,3347,291,منطقه سه,مامایی,دانشگاه علوم پزشکی جندی شاپور اهواز
1392,زبان,3369,292,منطقه سه,تربیت دبیر زبان انگلیسی,پردیس زینبیه - پیشوا
1392,زبان,3369,292,منطقه سه,پرستاری,دانشگاه علوم پزشکی سمنان
1392,زبان,3389,294,منطقه سه,پزشکی,دانشگاه علوم پزشکی بیرجند
1392,زبان,3404,296,منطقه سه,پزشکی,دانشگاه علوم پزشکی مشهد
1392,زبان,3411,298,منطقه سه,روانشناسی,دانشگاه تهران
1392,زبان,3419,300,منطقه سه,علوم ازمایشگاهی,دانشگاه علوم پزشکی مازندران - ساری
1392,زبان,3430,301,منطقه سه,مهندسی پزشکی,دانشگاه صنعتی امیرکبیر - تهران
1392,زبان,3430,301,منطقه سه,پزشکی,دانشگاه علوم پزشکی رفسنجان
1392,زبان,3440,306,منطقه سه,پزشکی,دانشگاه علوم پزشکی بیرجند
1392,زبان,3460,307,منطقه سه,مهندسی عمران,دانشگاه شهید چمران اهواز
1392,زبان,3460,307,منطقه سه,پزشکی,دانشگاه علوم پزشکی کرمانشاه
1392,زبان,3478,310,منطقه سه,تربیت دبیر زبان انگلیسی,پردیس الزهرا(س)-سمنان
1392,زبان,3478,310,منطقه سه,پزشکی,دانشگاه علوم پزشکی همدان
1392,زبان,3509,315,منطقه سه,زبان وادبیات انگلیسی,دانشگاه تبریز
1392,زبان,3531,319,منطقه سه,حسابداری,دانشگاه پیام نور کردستان - واحد قروه
1392,زبان,3559,321,منطقه سه,مهندسی نفت,دانشگاه صنعت نفت
1392,زبان,3570,322,منطقه سه,پزشکی,دانشگاه علوم پزشکی اراک
1392,زبان,3581,324,منطقه سه,زبان وادبیات انگلیسی,دانشگاه خوارزمی تهران
1392,زبان,3598,325,منطقه سه,تربیت دبیر زبان انگلیسی,پردیس امام محمد باقر - بجنورد
1392,زبان,3606,326,منطقه سه,مهندسی کشاورزی -علوم دامی,دانشگاه کردستان - سنندج
1392,زبان,3606,326,منطقه سه,پزشکی,دانشگاه علوم پزشکی تبریز
1392,زبان,3624,329,منطقه سه,پزشکی,دانشکده علوم پزشکی آبادان
1392,زبان,3634,331,منطقه سه,پزشکی,دانشگاه علوم پزشکی شیراز
1392,زبان,3643,332,منطقه سه,پزشکی,دانشگاه علوم پزشکی شیراز
1392,زبان,3735,338,منطقه سه,داروسازی,دانشگاه علوم پزشکی کرمان
1392,زبان,3746,339,منطقه سه,علوم تربیتی,پردیس امام سجاد - بیرجند
1392,زبان,3746,339,منطقه سه,مامایی,دانشگاه علوم پزشکی کرمان
1392,زبان,3758,341,منطقه سه,مهندسی مواد,دانشگاه تهران
1392,زبان,3801,344,منطقه سه,پزشکی,دانشگاه علوم پزشکی کردستان - سنندج
1392,زبان,3881,346,منطقه سه,دبیری فیزیک,پردیس شهید پاک نژاد - یزد
1392,زبان,3883,348,منطقه سه,مهندسی شیمی,دانشگاه صنعتی شریف - تهران
1392,زبان,3917,352,منطقه سه,مهندسی کامپیوتر,دانشگاه هرمزگان - بندرعباس
1392,زبان,3930,354,منطقه سه,پزشکی,دانشگاه علوم پزشکی اردبیل
1392,زبان,3947,357,منطقه سه,مهندسی عمران,دانشگاه علم وفناوری مازندران-بهشهر
1392,زبان,3955,359,منطقه سه,مهندسی بهداشت محیط,دانشگاه علوم پزشکی خراسان شمالی - بجنورد
1392,زبان,3964,360,منطقه سه,زبان فرانسه,دانشگاه شهید بهشتی - تهران
1392,زبان,3964,360,منطقه سه,مهندسی شیمی,دانشگاه صنعت نفت
1392,زبان,3971,362,منطقه سه,مهندسی مکانیک,دانشگاه فردوسی - مشهد
1392,زبان,3983,363,منطقه سه,شنوایی شناسی,دانشگاه علوم پزشکی زاهدان
1392,زبان,3983,363,منطقه سه,پزشکی,دانشگاه علوم پزشکی بیرجند
1392,زبان,3991,365,منطقه سه,حقوق,دانشگاه گیلان - رشت
1392,زبان,3991,365,منطقه سه,زبان وادبیات انگلیسی,دانشگاه فردوسی - مشهد
1392,زبان,4004,369,منطقه سه,پزشکی,دانشگاه علوم پزشکی شهید بهشتی - تهران
1392,زبان,4021,370,منطقه سه,پزشکی,دانشگاه علوم پزشکی جندی شاپور اهواز
1392,زبان,4021,370,منطقه سه,پزشکی,دانشگاه علوم پزشکی کرمانشاه
1392,زبان,4026,372,منطقه سه,کارشناسی ساخت پروتزهای دندانی,دانشگاه علوم پزشکی سبزوار
1392,زبان,4029,373,منطقه سه,داروسازی,دانشگاه علوم پزشکی جندی شاپور اهواز
1392,زبان,4029,373,منطقه سه,پزشکی,دانشگاه علوم پزشکی جندی شاپور اهواز
1392,زبان,4055,378,منطقه سه,تربیت دبیر زبان انگلیسی,پردیس شهید رجایی - سمنان
1392,زبان,4070,381,منطقه سه,مهندسی برق,دانشگاه زنجان
1392,زبان,4070,381,منطقه سه,پزشکی,دانشگاه علوم پزشکی تبریز
1392,زبان,4085,385,منطقه سه,علوم مهندسی,دانشگاه تهران
1392,زبان,4098,386,منطقه سه,دندانپزشکی,دانشگاه علوم پزشکی بیرجند
1392,زبان,4110,388,منطقه سه,علوم ازمایشگاهی,دانشگاه علوم پزشکی بیرجند
1392,زبان,4110,388,منطقه سه,مهندسی پزشکی,دانشگاه صنعتی امیرکبیر - تهران
1392,زبان,4110,388,منطقه سه,مهندسی کامپیوتر,دانشگاه الزهرا(س) - تهران
1392,زبان,4117,391,منطقه سه,گفتاردرمانی,دانشگاه علوم پزشکی تهران
1392,زبان,4132,393,منطقه سه,علوم تربیتی,پردیس فاطمه الزهرا (س) - اهواز
1392,زبان,4132,393,منطقه سه,مهندسی معماری,دانشگاه تربیت دبیر شهید رجایی - تهران
1392,زبان,4142,395,منطقه سه,حقوق,دانشگاه بوعلی سینا - همدان
1392,زبان,4153,398,منطقه سه,زبان وادبیات انگلیسی,دانشگاه شیراز
1392,زبان,4167,399,منطقه سه,علوم تربیتی,پردیس امام جعفر صادق - بجنورد
1392,زبان,4173,401,منطقه سه,تربیت دبیر زبان انگلیسی,پردیس الزهرا(س)-سمنان
1392,زبان,4176,402,منطقه سه,علوم تربیتی,پردیس امام سجاد - بیرجند
1392,زبان,4213,406,منطقه سه,مهندسی مواد,دانشگاه شیراز
1392,زبان,4240,410,منطقه سه,اعضای مصنوعی و وسایل کمکی,دانشگاه علوم پزشکی اصفهان
1392,زبان,4245,412,منطقه سه,دندانپزشکی,دانشگاه علوم پزشکی کرمان
1392,زبان,4251,413,منطقه سه,حقوق,دانشگاه علامه طباطبایی - تهران
1392,زبان,4251,413,منطقه سه,دبیری ریاضی,پردیس فاطمه الزهرا (س) - یزد
1392,زبان,4291,419,منطقه سه,مهندسی برق,دانشگاه علم و صنعت ایران - تهران
1392,زبان,4340,424,منطقه سه,پزشکی,دانشگاه علوم پزشکی زاهدان
1392,زبان,4386,429,منطقه سه,مهندسی عمران,دانشگاه صنعتی شریف - تهران
1392,زبان,4404,430,منطقه سه,مهندسی شیمی,دانشگاه مازندران - بابلسر
1392,زبان,4429,432,منطقه سه,علوم تربیتی,پردیس رسالت - زاهدان
1392,زبان,4444,434,منطقه سه,زبان فرانسه,دانشگاه علامه طباطبایی - تهران
1392,زبان,4454,435,منطقه سه,مهندسی مکانیک,دانشگاه تربیت دبیر شهید رجایی - تهران
1392,زبان,4475,438,منطقه سه,تربیت دبیر زبان انگلیسی,پردیس شهید مدرس - سنندج
1392,زبان,4496,440,منطقه سه,دامپزشکی,دانشگاه شیراز
1392,زبان,4496,440,منطقه سه,پزشکی,دانشگاه علوم پزشکی ایران
1392,زبان,4499,442,منطقه سه,دندانپزشکی,دانشگاه علوم پزشکی بوشهر
1392,زبان,4529,446,منطقه سه,فیزیوتراپی,دانشگاه علوم پزشکی بابل
1392,زبان,4539,447,منطقه سه,دبیری علوم اجتماعی,پردیس زینبیه - پیشوا
1392,زبان,4539,447,منطقه سه,مهندسی عمران,دانشگاه صنعتی خواجه نصیرالدین طوسی - تهران
1392,زبان,4558,450,منطقه سه,پزشکی,دانشگاه علوم پزشکی کاشان
1392,زبان,4571,452,منطقه سه,علوم تربیتی,پردیس شهید باهنر - کرمان
1392,زبان,4575,453,منطقه سه,مهندسی عمران,دانشگاه لرستان - خرم آباد
1392,زبان,4624,461,منطقه سه,دندانپزشکی,دانشگاه علوم پزشکی بندرعباس
1392,زبان,4627,462,منطقه سه,حقوق,دانشگاه گیلان - رشت
1392,زبان,4704,473,منطقه سه,مهندسی کامپیوتر,دانشگاه صنعتی اصفهان
1392,زبان,4732,475,منطقه سه,پزشکی,دانشگاه علوم پزشکی بیرجند
1392,زبان,4750,478,منطقه سه,پزشکی,دانشگاه علوم پزشکی بندرعباس
1392,زبان,4757,479,منطقه سه,پزشکی,دانشگاه علوم پزشکی اصفهان
1392,زبان,4763,480,منطقه سه,پزشکی,دانشگاه علوم پزشکی زاهدان
1392,زبان,4781,481,منطقه سه,مهندسی برق,دانشگاه رازی کرمانشاه
1392,زبان,4801,483,منطقه سه,فیزیوتراپی,دانشگاه علوم پزشکی کرمان
1392,زبان,4821,484,منطقه سه,مهندسی مکانیک,دانشگاه شهید باهنر - کرمان
1392,زبان,4832,486,منطقه سه,دبیری فیزیک,پردیس نسیبه - تهران
1392,زبان,4832,486,منطقه سه,پزشکی,دانشگاه علوم پزشکی گیلان - رشت
1392,زبان,4837,488,منطقه سه,دندانپزشکی,دانشگاه علوم پزشکی کرمان
1392,زبان,4845,490,منطقه سه,علوم تربیتی,پردیس امام سجاد - بیرجند
1392,زبان,4858,492,منطقه سه,پزشکی,دانشگاه علوم پزشکی مشهد
1392,زبان,4868,495,منطقه سه,مهندسی ماشین های ریلی,دانشگاه علم و صنعت ایران - تهران
1392,زبان,4868,495,منطقه سه,پزشکی,دانشگاه علوم پزشکی گناباد
1392,زبان,4882,497,منطقه سه,پزشکی,دانشگاه علوم پزشکی اراک

