سال,گروه آزمایشی,رتبه کشوری,رتبه در سهمیه,سهمیه,رشته قبولی,دانشگاه قبولی
1397,تجربی,1,1,منطقه 2,پزشکی,دانشگاه علوم پزشکی تهران
1397,تجربی,2,2,منطقه 2,پزشکی - نیمسال اول,دانشگاه علوم پزشکی مشهد
1397,تجربی,3,1,منطقه 1,پزشکی,دانشگاه علوم پزشکی تهران
1397,تجربی,4,3,منطقه 2,پزشکی,دانشگاه علوم پزشکی تهران
1397,تجربی,5,2,منطقه 1,پزشکی,دانشگاه علوم پزشکی تهران
1397,تجربی,6,4,منطقه 2,پزشکی,دانشگاه علوم پزشکی تهران
1397,تجربی,7,1,ایثارگر-5%,پزشکی,دانشگاه علوم پزشکی تهران
1397,تجربی,8,3,منطقه 1,پزشکی,دانشگاه علوم پزشکی تهران
1397,تجربی,10,4,منطقه 1,پزشکی,دانشگاه علوم پزشکی تهران
1397,تجربی,11,6,منطقه 2,پزشکی - نیمسال اول,دانشگاه علوم پزشکی کرمان
1397,تجربی,13,7,منطقه 2,پزشکی,دانشگاه علوم پزشکی تهران
1397,تجربی,14,8,منطقه 2,پزشکی,دانشگاه علوم پزشکی تهران
1397,تجربی,15,9,منطقه 2,پزشکی,دانشگاه علوم پزشکی تهران
1397,تجربی,16,6,منطقه 1,پزشکی,دانشگاه علوم پزشکی تهران
1397,تجربی,18,8,منطقه 1,پزشکی,دانشگاه علوم پزشکی تهران
1397,تجربی,19,9,منطقه 1,پزشکی,دانشگاه علوم پزشکی تهران
1397,تجربی,20,10,منطقه 1,پزشکی - نیمسال اول,دانشگاه علوم پزشکی شیراز
1397,تجربی,21,2,منطقه 3,پزشکی,دانشگاه علوم پزشکی تهران
1397,تجربی,22,10,منطقه 2,پزشکی,دانشگاه علوم پزشکی تهران
1397,تجربی,25,3,منطقه 3,پزشکی,دانشگاه علوم پزشکی تهران
1397,تجربی,26,4,منطقه 3,پزشکی,دانشگاه علوم پزشکی تهران
1397,تجربی,27,12,منطقه 1,پزشکی,دانشگاه علوم پزشکی تهران
1397,تجربی,28,13,منطقه 1,پزشکی - نیمسال اول,دانشگاه علوم پزشکی اصفهان
1397,تجربی,29,12,منطقه 2,پزشکی,دانشگاه علوم پزشکی تهران
1397,تجربی,30,13,منطقه 2,پزشکی,دانشگاه علوم پزشکی تهران
1397,تجربی,31,14,منطقه 2,پزشکی,دانشگاه علوم پزشکی تهران
1397,تجربی,32,15,منطقه 2,پزشکی,دانشگاه علوم پزشکی تهران
1397,تجربی,33,14,منطقه 1,پزشکی,دانشگاه علوم پزشکی تهران
1397,تجربی,34,16,منطقه 2,پزشکی,دانشگاه علوم پزشکی تهران
1397,تجربی,35,5,منطقه 3,پزشکی,دانشگاه علوم پزشکی تهران
1397,تجربی,37,18,منطقه 2,پزشکی - نیمسال اول,دانشگاه علوم پزشکی مشهد
1397,تجربی,38,15,منطقه 1,پزشکی - نیمسال اول,دانشگاه علوم پزشکی اصفهان
1397,تجربی,39,19,منطقه 2,پزشکی,دانشگاه علوم پزشکی تهران
1397,تجربی,40,16,منطقه 1,پزشکی,دانشگاه علوم پزشکی اردبیل
1397,تجربی,41,20,منطقه 2,پزشکی,دانشگاه علوم پزشکی تهران
1397,تجربی,42,6,منطقه 3,پزشکی,دانشگاه علوم پزشکی تهران
1397,تجربی,44,17,منطقه 1,پزشکی - نیمسال اول,دانشگاه علوم پزشکی شیراز
1397,تجربی,45,18,منطقه 1,پزشکی,دانشگاه علوم پزشکی تهران
1397,تجربی,46,19,منطقه 1,پزشکی,دانشگاه علوم پزشکی تهران
1397,تجربی,48,21,منطقه 2,پزشکی,دانشگاه علوم پزشکی تهران
1397,تجربی,50,2,ایثارگر-5%,پزشکی,دانشگاه علوم پزشکی تهران
1397,تجربی,51,22,منطقه 2,پزشکی,دانشگاه علوم پزشکی تهران
1397,تجربی,52,3,ایثارگر-5%,پزشکی,دانشگاه علوم پزشکی تهران
1397,تجربی,53,22,منطقه 1,پزشکی,دانشگاه علوم پزشکی تهران
1397,تجربی,54,23,منطقه 1,پزشکی - نیمسال اول,دانشگاه علوم پزشکی مشهد
1397,تجربی,55,23,منطقه 2,پزشکی,دانشگاه علوم پزشکی تهران
1397,تجربی,56,24,منطقه 1,پزشکی - نیمسال اول,دانشگاه علوم پزشکی اصفهان
1397,تجربی,57,25,منطقه 1,پزشکی,دانشگاه علوم پزشکی تهران
1397,تجربی,59,1,ایثارگر-25%,دندانپزشکی - نیمسال اول,دانشگاه علوم پزشکی شهید بهشتی - تهران
1397,تجربی,60,26,منطقه 2,پزشکی,دانشگاه علوم پزشکی تهران
1397,تجربی,61,27,منطقه 2,پزشکی,دانشگاه علوم پزشکی تهران
1397,تجربی,62,10,منطقه 3,پزشکی,دانشگاه علوم پزشکی تهران
1397,تجربی,62,28,منطقه 2,پزشکی,دانشگاه علوم پزشکی تهران
1397,تجربی,64,26,منطقه 1,پزشکی - نیمسال اول,دانشگاه علوم پزشکی شیراز
1397,تجربی,65,27,منطقه 1,پزشکی,دانشگاه علوم پزشکی تهران
1397,تجربی,65,29,منطقه 2,پزشکی,دانشگاه علوم پزشکی تهران
1397,تجربی,67,11,منطقه 3,پزشکی,دانشگاه علوم پزشکی تهران
1397,تجربی,68,12,منطقه 3,پزشکی,دانشگاه علوم پزشکی تهران
1397,تجربی,69,2,ایثارگر-25%,پزشکی,دانشگاه علوم پزشکی تهران
1397,تجربی,71,30,منطقه 2,پزشکی,دانشگاه علوم پزشکی تهران
1397,تجربی,72,31,منطقه 2,پزشکی,دانشگاه علوم پزشکی تهران
1397,تجربی,73,14,منطقه 3,پزشکی,دانشگاه علوم پزشکی تهران
1397,تجربی,74,29,منطقه 1,پزشکی,دانشگاه علوم پزشکی تهران
1397,تجربی,75,32,منطقه 2,پزشکی,دانشگاه علوم پزشکی تهران
1397,تجربی,76,33,منطقه 2,پزشکی,دانشگاه علوم پزشکی تهران
1397,تجربی,77,15,منطقه 3,پزشکی,دانشگاه علوم پزشکی تهران
1397,تجربی,78,4,ایثارگر-5%,پزشکی,دانشگاه علوم پزشکی تهران
1397,تجربی,79,5,ایثارگر-5%,پزشکی,دانشگاه علوم پزشکی تهران
1397,تجربی,80,36,منطقه 2,پزشکی,دانشگاه علوم پزشکی تهران
1397,تجربی,81,30,منطقه 1,پزشکی,دانشگاه علوم پزشکی تهران
1397,تجربی,82,37,منطقه 2,دندانپزشکی - نیمسال اول,دانشگاه علوم پزشکی شهید بهشتی - تهران
1397,تجربی,83,31,منطقه 1,دندانپزشکی,دانشگاه علوم پزشکی مشهد
1397,تجربی,85,33,منطقه 1,پزشکی,دانشگاه علوم پزشکی تهران
1397,تجربی,86,34,منطقه 1,پزشکی - نیمسال اول,دانشگاه علوم پزشکی اصفهان
1397,تجربی,87,38,منطقه 2,پزشکی,دانشگاه علوم پزشکی تهران
1397,تجربی,90,37,منطقه 1,پزشکی,دانشگاه علوم پزشکی تهران
1397,تجربی,92,39,منطقه 2,پزشکی,دانشگاه علوم پزشکی تهران
1397,تجربی,94,16,منطقه 3,پزشکی,دانشگاه علوم پزشکی تهران
1397,تجربی,94,41,منطقه 2,دندانپزشکی - نیمسال اول,دانشگاه علوم پزشکی شهید بهشتی - تهران
1397,تجربی,96,42,منطقه 2,پزشکی,دانشگاه علوم پزشکی تهران
1397,تجربی,98,40,منطقه 1,پزشکی - نیمسال اول,دانشگاه علوم پزشکی اصفهان
1397,تجربی,99,41,منطقه 1,پزشکی - نیمسال اول,دانشگاه علوم پزشکی شیراز
1397,تجربی,100,43,منطقه 2,پزشکی,دانشگاه علوم پزشکی تهران
1397,تجربی,101,7,ایثارگر-5%,پزشکی,دانشگاه علوم پزشکی تهران
1397,تجربی,101,42,منطقه 1,پزشکی,دانشگاه علوم پزشکی تهران
1397,تجربی,103,45,منطقه 2,پزشکی,دانشگاه علوم پزشکی بابل
1397,تجربی,104,43,منطقه 1,پزشکی - نیمسال اول,دانشگاه علوم پزشکی مشهد
1397,تجربی,105,44,منطقه 1,پزشکی,دانشگاه علوم پزشکی تهران
1397,تجربی,107,46,منطقه 2,پزشکی - نیمسال اول,دانشگاه علوم پزشکی شهید بهشتی - تهران
1397,تجربی,108,47,منطقه 2,پزشکی,دانشگاه علوم پزشکی تهران
1397,تجربی,110,17,منطقه 3,پزشکی,دانشگاه علوم پزشکی تهران
1397,تجربی,111,46,منطقه 1,پزشکی - نیمسال اول,دانشگاه علوم پزشکی تبریز
1397,تجربی,112,47,منطقه 1,پزشکی - نیمسال اول,دانشگاه علوم پزشکی شیراز
1397,تجربی,113,49,منطقه 2,پزشکی,دانشگاه علوم پزشکی تهران
1397,تجربی,116,50,منطقه 1,پزشکی,دانشگاه علوم پزشکی تهران
1397,تجربی,118,51,منطقه 1,پزشکی,دانشگاه علوم پزشکی تهران
1397,تجربی,119,8,ایثارگر-5%,پزشکی - نیمسال اول,دانشگاه علوم پزشکی شهید بهشتی - تهران
1397,تجربی,119,52,منطقه 1,دندانپزشکی - نیمسال اول,دانشگاه علوم پزشکی شهید بهشتی - تهران
1397,تجربی,121,51,منطقه 2,پزشکی,دانشگاه علوم پزشکی تهران
1397,تجربی,122,18,منطقه 3,پزشکی,دانشگاه علوم پزشکی تهران
1397,تجربی,123,19,منطقه 3,پزشکی,دانشگاه علوم پزشکی تهران
1397,تجربی,125,20,منطقه 3,پزشکی,دانشگاه علوم پزشکی تهران
1397,تجربی,126,9,ایثارگر-5%,پزشکی,دانشگاه علوم پزشکی تهران
1397,تجربی,127,53,منطقه 2,پزشکی,دانشگاه علوم پزشکی تهران
1397,تجربی,129,54,منطقه 2,پزشکی,دانشگاه علوم پزشکی تهران
1397,تجربی,130,55,منطقه 2,پزشکی,دانشگاه علوم پزشکی تهران
1397,تجربی,131,56,منطقه 2,پزشکی - نیمسال اول,دانشگاه علوم پزشکی شهید بهشتی - تهران
1397,تجربی,132,56,منطقه 1,دندانپزشکی - نیمسال اول,دانشگاه علوم پزشکی شهید بهشتی - تهران
1397,تجربی,132,57,منطقه 2,پزشکی - نیمسال اول,دانشگاه علوم پزشکی گیلان - رشت
1397,تجربی,135,10,ایثارگر-5%,پزشکی,دانشگاه علوم پزشکی تهران
1397,تجربی,136,58,منطقه 1,پزشکی - نیمسال اول,دانشگاه علوم پزشکی شیراز
1397,تجربی,137,59,منطقه 2,پزشکی,دانشگاه علوم پزشکی تهران
1397,تجربی,139,60,منطقه 2,پزشکی,دانشگاه علوم پزشکی تهران
1397,تجربی,140,21,منطقه 3,پزشکی,دانشگاه علوم پزشکی تهران
1397,تجربی,141,61,منطقه 2,پزشکی,دانشگاه علوم پزشکی تهران
1397,تجربی,143,62,منطقه 2,پزشکی - نیمسال اول,دانشگاه علوم پزشکی شهید بهشتی - تهران
1397,تجربی,144,11,ایثارگر-5%,پزشکی,دانشگاه علوم پزشکی تهران
1397,تجربی,144,61,منطقه 1,پزشکی,دانشگاه علوم پزشکی تهران
1397,تجربی,146,64,منطقه 2,پزشکی,دانشگاه علوم پزشکی تهران
1397,تجربی,148,65,منطقه 2,پزشکی,دانشگاه علوم پزشکی تهران
1397,تجربی,149,22,منطقه 3,پزشکی,دانشگاه علوم پزشکی تهران
1397,تجربی,150,66,منطقه 2,پزشکی - نیمسال اول,دانشگاه علوم پزشکی شهید بهشتی - تهران
1397,تجربی,151,12,ایثارگر-5%,دکترای پیوسته بیوتکنولوژی,دانشگاه تهران
1397,تجربی,152,68,منطقه 2,پزشکی - نیمسال اول,دانشگاه علوم پزشکی شهید بهشتی - تهران
1397,تجربی,153,69,منطقه 2,پزشکی - نیمسال اول,دانشگاه علوم پزشکی شهید بهشتی - تهران
1397,تجربی,155,64,منطقه 1,پزشکی - نیمسال اول,دانشگاه علوم پزشکی شهید بهشتی - تهران
1397,تجربی,155,70,منطقه 2,پزشکی - نیمسال اول,دانشگاه علوم پزشکی شهید بهشتی - تهران
1397,تجربی,157,23,منطقه 3,پزشکی - نیمسال اول,دانشگاه علوم پزشکی شهید بهشتی - تهران
1397,تجربی,158,71,منطقه 2,پزشکی - نیمسال اول,دانشگاه علوم پزشکی شهید بهشتی - تهران
1397,تجربی,160,72,منطقه 2,پزشکی - نیمسال اول,دانشگاه علوم پزشکی شهید بهشتی - تهران
1397,تجربی,161,73,منطقه 2,پزشکی - نیمسال اول,دانشگاه علوم پزشکی شهید بهشتی - تهران
1397,تجربی,162,74,منطقه 2,پزشکی,دانشگاه علوم پزشکی تهران
1397,تجربی,164,76,منطقه 2,پزشکی,دانشگاه علوم پزشکی ایران
1397,تجربی,164,76,منطقه 2,پزشکی - نیمسال اول,دانشگاه علوم پزشکی شهید بهشتی - تهران
1397,تجربی,166,66,منطقه 1,پزشکی - نیمسال دوم,دانشگاه علوم پزشکی شهید بهشتی - تهران
1397,تجربی,167,24,منطقه 3,پزشکی - نیمسال اول,دانشگاه علوم پزشکی شهید بهشتی - تهران
1397,تجربی,168,67,منطقه 1,پزشکی,دانشگاه علوم پزشکی تهران
1397,تجربی,170,68,منطقه 1,پزشکی - نیمسال اول,دانشگاه علوم پزشکی اصفهان
1397,تجربی,170,79,منطقه 2,پزشکی,دانشگاه علوم پزشکی تهران
1397,تجربی,172,69,منطقه 1,پزشکی - نیمسال اول,دانشگاه علوم پزشکی شهید بهشتی - تهران
1397,تجربی,174,71,منطقه 1,پزشکی,دانشگاه علوم پزشکی تهران
1397,تجربی,175,72,منطقه 1,پزشکی - نیمسال اول,دانشگاه علوم پزشکی مشهد
1397,تجربی,175,80,منطقه 2,پزشکی - نیمسال اول,دانشگاه علوم پزشکی شهید بهشتی - تهران
1397,تجربی,177,73,منطقه 1,پزشکی - نیمسال اول,دانشگاه علوم پزشکی شهید بهشتی - تهران
1397,تجربی,177,81,منطقه 2,پزشکی - نیمسال اول,دانشگاه علوم پزشکی شهید بهشتی - تهران
1397,تجربی,180,82,منطقه 2,پزشکی - نیمسال اول,دانشگاه علوم پزشکی شهید بهشتی - تهران
1397,تجربی,181,83,منطقه 2,دندانپزشکی - نیمسال اول,دانشگاه علوم پزشکی شهید بهشتی - تهران
1397,تجربی,182,75,منطقه 1,پزشکی - نیمسال اول,دانشگاه علوم پزشکی شهید بهشتی - تهران
1397,تجربی,183,84,منطقه 2,پزشکی - نیمسال اول,دانشگاه علوم پزشکی شهید بهشتی - تهران
1397,تجربی,185,77,منطقه 1,پزشکی - نیمسال اول,دانشگاه علوم پزشکی تبریز
1397,تجربی,186,85,منطقه 2,پزشکی - نیمسال اول,دانشگاه علوم پزشکی شهید بهشتی - تهران
1397,تجربی,188,79,منطقه 1,پزشکی - نیمسال اول,دانشگاه علوم پزشکی اصفهان
1397,تجربی,192,86,منطقه 2,دندانپزشکی - نیمسال اول,دانشگاه علوم پزشکی شهید بهشتی - تهران
1397,تجربی,196,15,ایثارگر-5%,پزشکی - نیمسال اول,دانشگاه علوم پزشکی شهید بهشتی - تهران
1397,تجربی,198,25,منطقه 3,پزشکی - نیمسال اول,دانشگاه علوم پزشکی شهید بهشتی - تهران
1397,تجربی,198,84,منطقه 1,پزشکی - نیمسال اول,دانشگاه علوم پزشکی شهید بهشتی - تهران
1397,تجربی,200,85,منطقه 1,پزشکی - نیمسال اول,دانشگاه علوم پزشکی اصفهان
1397,تجربی,202,92,منطقه 2,پزشکی - نیمسال اول,دانشگاه علوم پزشکی شهید بهشتی - تهران
1397,تجربی,203,93,منطقه 2,پزشکی - نیمسال اول,دانشگاه علوم پزشکی شهید بهشتی - تهران
1397,تجربی,204,86,منطقه 1,پزشکی - نیمسال اول,دانشگاه علوم پزشکی شهید بهشتی - تهران
1397,تجربی,206,87,منطقه 1,پزشکی - نیمسال اول,دانشگاه علوم پزشکی شیراز
1397,تجربی,207,3,ایثارگر-25%,پزشکی,دانشگاه علوم پزشکی تهران
1397,تجربی,207,95,منطقه 2,پزشکی - نیمسال اول,دانشگاه علوم پزشکی شهید بهشتی - تهران
1397,تجربی,209,16,ایثارگر-5%,پزشکی - نیمسال اول,دانشگاه علوم پزشکی شهید بهشتی - تهران
1397,تجربی,212,17,ایثارگر-5%,پزشکی - نیمسال اول,دانشگاه علوم پزشکی اصفهان
1397,تجربی,212,98,منطقه 2,پزشکی - نیمسال اول,دانشگاه علوم پزشکی شهید بهشتی - تهران
1397,تجربی,214,99,منطقه 2,دندانپزشکی - نیمسال اول,دانشگاه علوم پزشکی شهید بهشتی - تهران
1397,تجربی,215,100,منطقه 2,پزشکی - نیمسال اول,دانشگاه علوم پزشکی شهید بهشتی - تهران
1397,تجربی,216,90,منطقه 1,پزشکی - نیمسال اول,دانشگاه علوم پزشکی شهید بهشتی - تهران
1397,تجربی,220,102,منطقه 2,پزشکی - نیمسال اول,دانشگاه علوم پزشکی شهید بهشتی - تهران
1397,تجربی,222,104,منطقه 2,پزشکی - نیمسال اول,دانشگاه علوم پزشکی شهید بهشتی - تهران
1397,تجربی,223,105,منطقه 2,پزشکی - نیمسال اول,دانشگاه علوم پزشکی شیراز
1397,تجربی,224,106,منطقه 2,پزشکی - نیمسال اول,دانشگاه علوم پزشکی شهید بهشتی - تهران
1397,تجربی,225,19,ایثارگر-5%,پزشکی - نیمسال اول,دانشگاه علوم پزشکی شهید بهشتی - تهران
1397,تجربی,226,93,منطقه 1,پزشکی - نیمسال اول,دانشگاه علوم پزشکی اصفهان
1397,تجربی,227,108,منطقه 2,پزشکی - نیمسال اول,دانشگاه علوم پزشکی شهید بهشتی - تهران
1397,تجربی,229,110,منطقه 2,پزشکی,دانشگاه علوم پزشکی تهران
1397,تجربی,230,94,منطقه 1,پزشکی - نیمسال اول,دانشگاه علوم پزشکی تبریز
1397,تجربی,231,111,منطقه 2,پزشکی - نیمسال اول,دانشگاه علوم پزشکی شهید بهشتی - تهران
1397,تجربی,232,95,منطقه 1,دندانپزشکی,دانشگاه علوم پزشکی تهران
1397,تجربی,234,28,منطقه 3,پزشکی - نیمسال اول,دانشگاه علوم پزشکی شهید بهشتی - تهران
1397,تجربی,235,112,منطقه 2,پزشکی - نیمسال دوم,دانشگاه علوم پزشکی شهید بهشتی - تهران
1397,تجربی,237,113,منطقه 2,پزشکی - نیمسال دوم,دانشگاه علوم پزشکی شهید بهشتی - تهران
1397,تجربی,238,97,منطقه 1,پزشکی - نیمسال اول,دانشگاه علوم پزشکی مشهد
1397,تجربی,239,114,منطقه 2,پزشکی - نیمسال دوم,دانشگاه علوم پزشکی شهید بهشتی - تهران
1397,تجربی,241,98,منطقه 1,پزشکی,دانشگاه علوم پزشکی اردبیل
1397,تجربی,241,98,منطقه 1,پزشکی - نیمسال اول,دانشگاه علوم پزشکی شهید بهشتی - تهران
1397,تجربی,243,100,منطقه 1,پزشکی - نیمسال اول,دانشگاه علوم پزشکی شیراز
1397,تجربی,244,116,منطقه 2,دندانپزشکی,دانشگاه علوم پزشکی تهران
1397,تجربی,246,118,منطقه 2,پزشکی - نیمسال دوم,دانشگاه علوم پزشکی شهید بهشتی - تهران
1397,تجربی,247,119,منطقه 2,پزشکی - نیمسال دوم,دانشگاه علوم پزشکی شهید بهشتی - تهران
1397,تجربی,249,21,ایثارگر-5%,پزشکی - نیمسال دوم,دانشگاه علوم پزشکی شهید بهشتی - تهران
1397,تجربی,251,22,ایثارگر-5%,پزشکی - نیمسال اول,دانشگاه علوم پزشکی اصفهان
1397,تجربی,252,23,ایثارگر-5%,پزشکی - نیمسال دوم,دانشگاه علوم پزشکی شهید بهشتی - تهران
1397,تجربی,252,120,منطقه 2,پزشکی - نیمسال اول,دانشگاه علوم پزشکی مشهد
1397,تجربی,255,123,منطقه 2,دندانپزشکی,دانشگاه علوم پزشکی تهران
1397,تجربی,256,30,منطقه 3,پزشکی - نیمسال دوم,دانشگاه علوم پزشکی شهید بهشتی - تهران
1397,تجربی,257,124,منطقه 2,دندانپزشکی - نیمسال اول,دانشگاه علوم پزشکی شهید بهشتی - تهران
1397,تجربی,258,125,منطقه 2,پزشکی - نیمسال دوم,دانشگاه علوم پزشکی شهید بهشتی - تهران
1397,تجربی,259,126,منطقه 2,پزشکی,دانشگاه علوم پزشکی ایران
1397,تجربی,260,31,منطقه 3,پزشکی - نیمسال دوم,دانشگاه علوم پزشکی شهید بهشتی - تهران
1397,تجربی,260,104,منطقه 1,پزشکی - نیمسال دوم,دانشگاه علوم پزشکی شهید بهشتی - تهران
1397,تجربی,263,105,منطقه 1,دندانپزشکی,دانشگاه علوم پزشکی تهران
1397,تجربی,263,127,منطقه 2,پزشکی - نیمسال دوم,دانشگاه علوم پزشکی شهید بهشتی - تهران
1397,تجربی,266,128,منطقه 2,پزشکی - نیمسال دوم,دانشگاه علوم پزشکی شهید بهشتی - تهران
1397,تجربی,268,129,منطقه 2,پزشکی - نیمسال دوم,دانشگاه علوم پزشکی شهید بهشتی - تهران
1397,تجربی,269,130,منطقه 2,پزشکی - نیمسال اول,دانشگاه علوم پزشکی شیراز
1397,تجربی,269,130,منطقه 2,پزشکی - نیمسال اول,دانشگاه علوم پزشکی مشهد
1397,تجربی,271,33,منطقه 3,پزشکی - نیمسال اول,دانشگاه علوم پزشکی شیراز
1397,تجربی,273,24,ایثارگر-5%,پزشکی - نیمسال دوم,دانشگاه علوم پزشکی شهید بهشتی - تهران
1397,تجربی,274,133,منطقه 2,پزشکی - نیمسال دوم,دانشگاه علوم پزشکی شهید بهشتی - تهران
1397,تجربی,276,25,ایثارگر-5%,پزشکی - نیمسال اول,دانشگاه علوم پزشکی مشهد
1397,تجربی,278,111,منطقه 1,پزشکی - نیمسال اول,دانشگاه علوم پزشکی شیراز
1397,تجربی,279,34,منطقه 3,دندانپزشکی - نیمسال اول,دانشگاه علوم پزشکی شهید بهشتی - تهران
1397,تجربی,280,112,منطقه 1,پزشکی - نیمسال اول,دانشگاه علوم پزشکی مشهد
1397,تجربی,282,135,منطقه 2,پزشکی,دانشگاه علوم پزشکی تهران
1397,تجربی,282,135,منطقه 2,پزشکی - نیمسال دوم,دانشگاه علوم پزشکی شهید بهشتی - تهران
1397,تجربی,284,137,منطقه 2,پزشکی,دانشگاه علوم پزشکی تهران
1397,تجربی,285,114,منطقه 1,پزشکی - نیمسال دوم,دانشگاه علوم پزشکی شهید بهشتی - تهران
1397,تجربی,287,138,منطقه 2,پزشکی - نیمسال دوم,دانشگاه علوم پزشکی شهید بهشتی - تهران
1397,تجربی,289,139,منطقه 2,پزشکی - نیمسال دوم,دانشگاه علوم پزشکی شهید بهشتی - تهران
1397,تجربی,291,26,ایثارگر-5%,پزشکی - نیمسال اول,دانشگاه علوم پزشکی شیراز
1397,تجربی,292,141,منطقه 2,پزشکی - نیمسال دوم,دانشگاه علوم پزشکی شهید بهشتی - تهران
1397,تجربی,293,142,منطقه 2,دندانپزشکی - نیمسال اول,دانشگاه علوم پزشکی شهید بهشتی - تهران
1397,تجربی,294,143,منطقه 2,پزشکی - نیمسال دوم,دانشگاه علوم پزشکی شهید بهشتی - تهران
1397,تجربی,295,118,منطقه 1,پزشکی - نیمسال دوم,دانشگاه علوم پزشکی شهید بهشتی - تهران
1397,تجربی,296,144,منطقه 2,پزشکی,دانشگاه علوم پزشکی تهران
1397,تجربی,297,35,منطقه 3,پزشکی - نیمسال اول,دانشگاه علوم پزشکی شیراز
1397,تجربی,300,145,منطقه 2,دندانپزشکی - نیمسال دوم,دانشگاه علوم پزشکی شهید بهشتی - تهران
1397,تجربی,302,36,منطقه 3,پزشکی - نیمسال اول,دانشگاه علوم پزشکی شیراز
1397,تجربی,302,147,منطقه 2,پزشکی,دانشگاه علوم پزشکی تهران
1397,تجربی,302,147,منطقه 2,پزشکی - نیمسال دوم,دانشگاه علوم پزشکی شهید بهشتی - تهران
1397,تجربی,305,149,منطقه 2,پزشکی - نیمسال دوم,دانشگاه علوم پزشکی شهید بهشتی - تهران
1397,تجربی,306,121,منطقه 1,پزشکی - نیمسال دوم,دانشگاه علوم پزشکی شهید بهشتی - تهران
1397,تجربی,307,150,منطقه 2,پزشکی,دانشگاه علوم پزشکی تهران
1397,تجربی,308,37,منطقه 3,پزشکی - نیمسال دوم,دانشگاه علوم پزشکی شهید بهشتی - تهران
1397,تجربی,309,122,منطقه 1,پزشکی - نیمسال اول,دانشگاه علوم پزشکی مشهد
1397,تجربی,310,123,منطقه 1,پزشکی - نیمسال اول,دانشگاه علوم پزشکی مشهد
1397,تجربی,314,39,منطقه 3,پزشکی,دانشگاه علوم پزشکی ایران
1397,تجربی,316,40,منطقه 3,پزشکی,دانشگاه علوم پزشکی ایران
1397,تجربی,316,152,منطقه 2,پزشکی - نیمسال دوم,دانشگاه علوم پزشکی شهید بهشتی - تهران
1397,تجربی,319,153,منطقه 2,پزشکی - نیمسال دوم,دانشگاه علوم پزشکی شهید بهشتی - تهران
1397,تجربی,322,154,منطقه 2,پزشکی,دانشگاه علوم پزشکی تهران
1397,تجربی,324,155,منطقه 2,پزشکی - نیمسال دوم,دانشگاه علوم پزشکی شهید بهشتی - تهران
1397,تجربی,325,156,منطقه 2,پزشکی - نیمسال دوم,دانشگاه علوم پزشکی شهید بهشتی - تهران
1397,تجربی,331,45,منطقه 3,پزشکی - نیمسال دوم,دانشگاه علوم پزشکی شهید بهشتی - تهران
1397,تجربی,332,130,منطقه 1,پزشکی,دانشگاه علوم پزشکی ایران
1397,تجربی,332,158,منطقه 2,پزشکی - نیمسال دوم,دانشگاه علوم پزشکی شهید بهشتی - تهران
1397,تجربی,334,159,منطقه 2,پزشکی - نیمسال دوم,دانشگاه علوم پزشکی شهید بهشتی - تهران
1397,تجربی,335,160,منطقه 2,پزشکی,دانشگاه علوم پزشکی تهران
1397,تجربی,337,46,منطقه 3,پزشکی - نیمسال دوم,دانشگاه علوم پزشکی شهید بهشتی - تهران
1397,تجربی,339,163,منطقه 2,دندانپزشکی,دانشگاه علوم پزشکی تهران
1397,تجربی,343,165,منطقه 2,پزشکی - نیمسال دوم,دانشگاه علوم پزشکی شهید بهشتی - تهران
1397,تجربی,345,132,منطقه 1,پزشکی - نیمسال اول,دانشگاه علوم پزشکی شیراز
1397,تجربی,346,133,منطقه 1,دندانپزشکی,دانشگاه علوم پزشکی اصفهان
1397,تجربی,348,167,منطقه 2,پزشکی,دانشگاه علوم پزشکی تهران
1397,تجربی,351,49,منطقه 3,پزشکی - نیمسال اول,دانشگاه علوم پزشکی تبریز
1397,تجربی,352,169,منطقه 2,پزشکی,دانشگاه علوم پزشکی ایران
1397,تجربی,353,170,منطقه 2,پزشکی,دانشگاه علوم پزشکی ایران
1397,تجربی,354,135,منطقه 1,پزشکی,دانشگاه علوم پزشکی ایران
1397,تجربی,358,28,ایثارگر-5%,پزشکی - نیمسال دوم,دانشگاه علوم پزشکی شهید بهشتی - تهران
1397,تجربی,361,141,منطقه 1,پزشکی - نیمسال دوم,دانشگاه علوم پزشکی شهید بهشتی - تهران
1397,تجربی,362,142,منطقه 1,دکترای پیوسته بیوتکنولوژی,دانشگاه تهران
1397,تجربی,362,172,منطقه 2,پزشکی - نیمسال اول,دانشگاه علوم پزشکی شیراز
1397,تجربی,364,173,منطقه 2,پزشکی,دانشگاه علوم پزشکی ایران
1397,تجربی,365,174,منطقه 2,پزشکی,دانشگاه علوم پزشکی ایران
1397,تجربی,367,175,منطقه 2,پزشکی,دانشگاه علوم پزشکی تهران
1397,تجربی,369,176,منطقه 2,دندانپزشکی,دانشگاه علوم پزشکی تهران
1397,تجربی,370,145,منطقه 1,دندانپزشکی,دانشگاه علوم پزشکی اصفهان
1397,تجربی,371,177,منطقه 2,پزشکی,دانشگاه علوم پزشکی ایران
1397,تجربی,371,177,منطقه 2,پزشکی - نیمسال اول,دانشگاه علوم پزشکی کردستان - سنندج
1397,تجربی,373,146,منطقه 1,دندانپزشکی,دانشگاه علوم پزشکی اصفهان
1397,تجربی,374,179,منطقه 2,پزشکی,دانشگاه علوم پزشکی ایران
1397,تجربی,375,180,منطقه 2,پزشکی - نیمسال اول,دانشگاه علوم پزشکی مشهد
1397,تجربی,376,181,منطقه 2,دندانپزشکی,دانشگاه علوم پزشکی تهران
1397,تجربی,379,182,منطقه 2,پزشکی,دانشگاه علوم پزشکی ایران
1397,تجربی,380,183,منطقه 2,پزشکی - نیمسال اول,دانشگاه علوم پزشکی شیراز
1397,تجربی,381,184,منطقه 2,پزشکی - نیمسال اول,دانشگاه علوم پزشکی اصفهان
1397,تجربی,382,149,منطقه 1,دندانپزشکی - نیمسال دوم,دانشگاه علوم پزشکی شهید بهشتی - تهران
1397,تجربی,382,149,منطقه 1,پزشکی - نیمسال اول,دانشگاه علوم پزشکی تبریز
1397,تجربی,385,50,منطقه 3,پزشکی,دانشگاه علوم پزشکی ایران
1397,تجربی,386,186,منطقه 2,پزشکی,دانشگاه علوم پزشکی تهران
1397,تجربی,387,187,منطقه 2,دندانپزشکی - نیمسال دوم,دانشگاه علوم پزشکی شهید بهشتی - تهران
1397,تجربی,387,187,منطقه 2,پزشکی,دانشگاه علوم پزشکی تهران
1397,تجربی,389,189,منطقه 2,پزشکی,دانشگاه علوم پزشکی ایران
1397,تجربی,391,51,منطقه 3,پزشکی - نیمسال اول,دانشگاه علوم پزشکی شیراز
1397,تجربی,393,190,منطقه 2,پزشکی,دانشگاه علوم پزشکی تهران
1397,تجربی,394,191,منطقه 2,پزشکی - نیمسال اول,دانشگاه علوم پزشکی مشهد
1397,تجربی,395,192,منطقه 2,پزشکی,دانشگاه علوم پزشکی تهران
1397,تجربی,397,194,منطقه 2,پزشکی - نیمسال اول,دانشگاه علوم پزشکی مشهد
1397,تجربی,400,155,منطقه 1,دندانپزشکی,دانشگاه علوم پزشکی مشهد
1397,تجربی,403,157,منطقه 1,دندانپزشکی,دانشگاه علوم پزشکی تبریز
1397,تجربی,403,196,منطقه 2,پزشکی,دانشگاه علوم پزشکی ایران
1397,تجربی,405,197,منطقه 2,دندانپزشکی,دانشگاه علوم پزشکی تهران
1397,تجربی,406,52,منطقه 3,پزشکی,دانشگاه علوم پزشکی ایران
1397,تجربی,407,198,منطقه 2,پزشکی,دانشگاه علوم پزشکی ایران
1397,تجربی,408,199,منطقه 2,دندانپزشکی - نیمسال اول,دانشگاه علوم پزشکی شهید بهشتی - تهران
1397,تجربی,409,200,منطقه 2,پزشکی,دانشگاه علوم پزشکی ایران
1397,تجربی,410,201,منطقه 2,پزشکی,دانشگاه علوم پزشکی ایران
1397,تجربی,411,53,منطقه 3,پزشکی - نیمسال اول,دانشگاه علوم پزشکی تبریز
1397,تجربی,411,202,منطقه 2,پزشکی,دانشگاه علوم پزشکی ایران
1397,تجربی,413,203,منطقه 2,پزشکی - نیمسال اول,دانشگاه علوم پزشکی مشهد
1397,تجربی,414,5,ایثارگر-25%,پزشکی,دانشگاه علوم پزشکی تهران
1397,تجربی,414,204,منطقه 2,پزشکی,دانشگاه علوم پزشکی ایران
1397,تجربی,416,206,منطقه 2,پزشکی,دانشگاه علوم پزشکی ایران
1397,تجربی,417,207,منطقه 2,پزشکی,دانشگاه علوم پزشکی ایران
1397,تجربی,418,208,منطقه 2,پزشکی - نیمسال اول,دانشگاه علوم پزشکی اصفهان
1397,تجربی,419,54,منطقه 3,پزشکی - نیمسال اول,دانشگاه علوم پزشکی مشهد
1397,تجربی,421,159,منطقه 1,دندانپزشکی - نیمسال دوم,دانشگاه علوم پزشکی شهید بهشتی - تهران
1397,تجربی,422,55,منطقه 3,پزشکی,دانشگاه علوم پزشکی ایران
1397,تجربی,422,209,منطقه 2,پزشکی,دانشگاه علوم پزشکی تهران
1397,تجربی,424,210,منطقه 2,پزشکی,دانشگاه علوم پزشکی ایران
1397,تجربی,426,211,منطقه 2,پزشکی,دانشگاه علوم پزشکی ایران
1397,تجربی,427,212,منطقه 2,پزشکی - نیمسال اول,دانشگاه علوم پزشکی شیراز
1397,تجربی,428,31,ایثارگر-5%,پزشکی - نیمسال اول,دانشگاه علوم پزشکی اصفهان
1397,تجربی,428,57,منطقه 3,دندانپزشکی,دانشگاه علوم پزشکی قم
1397,تجربی,430,58,منطقه 3,پزشکی,دانشگاه علوم پزشکی ایران
1397,تجربی,432,162,منطقه 1,پزشکی,دانشگاه علوم پزشکی ایران
1397,تجربی,434,163,منطقه 1,پزشکی - نیمسال اول,دانشگاه علوم پزشکی تبریز
1397,تجربی,435,59,منطقه 3,پزشکی - نیمسال اول,دانشگاه علوم پزشکی شیراز
1397,تجربی,435,164,منطقه 1,دندانپزشکی - نیمسال دوم,دانشگاه علوم پزشکی شهید بهشتی - تهران
1397,تجربی,437,165,منطقه 1,پزشکی,دانشگاه علوم پزشکی ایران
1397,تجربی,438,166,منطقه 1,پزشکی,دانشگاه علوم پزشکی ایران
1397,تجربی,439,60,منطقه 3,پزشکی - نیمسال اول,دانشگاه علوم پزشکی شیراز
1397,تجربی,441,32,ایثارگر-5%,پزشکی - نیمسال اول,دانشگاه علوم پزشکی مشهد
1397,تجربی,441,214,منطقه 2,پزشکی,دانشگاه علوم پزشکی ایران
1397,تجربی,441,214,منطقه 2,پزشکی - نیمسال اول,دانشگاه علوم پزشکی مشهد
1397,تجربی,444,216,منطقه 2,پزشکی,دانشگاه علوم پزشکی ایران
1397,تجربی,445,169,منطقه 1,پزشکی,دانشگاه علوم پزشکی ایران
1397,تجربی,446,170,منطقه 1,پزشکی,دانشگاه علوم پزشکی ایران
1397,تجربی,447,61,منطقه 3,پزشکی,دانشگاه علوم پزشکی ایران
1397,تجربی,447,61,منطقه 3,پزشکی,دانشگاه علوم پزشکی تهران
1397,تجربی,451,64,منطقه 3,پزشکی,دانشگاه علوم پزشکی ایران
1397,تجربی,451,64,منطقه 3,پزشکی - نیمسال اول,دانشگاه علوم پزشکی شیراز
1397,تجربی,453,218,منطقه 2,پزشکی,دانشگاه علوم پزشکی ایران
1397,تجربی,455,66,منطقه 3,پزشکی,دانشگاه علوم پزشکی ایران
1397,تجربی,457,172,منطقه 1,پزشکی - نیمسال اول,دانشگاه علوم پزشکی مشهد
1397,تجربی,457,219,منطقه 2,دندانپزشکی - نیمسال دوم,دانشگاه علوم پزشکی شهید بهشتی - تهران
1397,تجربی,461,222,منطقه 2,پزشکی,دانشگاه علوم پزشکی ایران
1397,تجربی,462,174,منطقه 1,پزشکی,دانشگاه علوم پزشکی ایران
1397,تجربی,462,223,منطقه 2,دندانپزشکی,دانشگاه علوم پزشکی تهران
1397,تجربی,464,224,منطقه 2,پزشکی,دانشگاه علوم پزشکی ایران
1397,تجربی,465,225,منطقه 2,پزشکی - نیمسال اول,دانشگاه علوم پزشکی شیراز
1397,تجربی,466,67,منطقه 3,پزشکی,دانشگاه علوم پزشکی ایران
1397,تجربی,466,226,منطقه 2,پزشکی,دانشگاه علوم پزشکی ایران
1397,تجربی,468,227,منطقه 2,دندانپزشکی,دانشگاه علوم پزشکی تهران
1397,تجربی,469,175,منطقه 1,پزشکی - نیمسال اول,دانشگاه علوم پزشکی شیراز
1397,تجربی,469,228,منطقه 2,دندانپزشکی,دانشگاه علوم پزشکی تهران
1397,تجربی,471,68,منطقه 3,پزشکی - نیمسال اول,دانشگاه علوم پزشکی تبریز
1397,تجربی,473,69,منطقه 3,پزشکی,دانشگاه علوم پزشکی ایران
1397,تجربی,475,229,منطقه 2,پزشکی,دانشگاه علوم پزشکی ایران
1397,تجربی,475,229,منطقه 2,پزشکی - نیمسال اول,دانشگاه علوم پزشکی شهید بهشتی - تهران
1397,تجربی,477,231,منطقه 2,پزشکی,دانشگاه علوم پزشکی یزد
1397,تجربی,478,177,منطقه 1,پزشکی - نیمسال اول,دانشگاه علوم پزشکی مشهد
1397,تجربی,479,232,منطقه 2,پزشکی,دانشگاه علوم پزشکی ایران
1397,تجربی,480,233,منطقه 2,پزشکی - نیمسال اول,دانشگاه علوم پزشکی شیراز
1397,تجربی,481,234,منطقه 2,پزشکی,دانشگاه علوم پزشکی ایران
1397,تجربی,482,235,منطقه 2,پزشکی - نیمسال اول,دانشگاه علوم پزشکی شهید بهشتی - تهران
1397,تجربی,483,178,منطقه 1,پزشکی - نیمسال اول,دانشگاه علوم پزشکی تبریز
1397,تجربی,486,34,ایثارگر-5%,دندانپزشکی - نیمسال اول,دانشگاه علوم پزشکی شهید بهشتی - تهران
1397,تجربی,486,34,ایثارگر-5%,پزشکی - نیمسال اول,دانشگاه علوم پزشکی اصفهان
1397,تجربی,488,237,منطقه 2,پزشکی,دانشگاه علوم پزشکی ایران
1397,تجربی,489,72,منطقه 3,پزشکی - نیمسال اول,دانشگاه علوم پزشکی شیراز
1397,تجربی,489,238,منطقه 2,پزشکی - نیمسال دوم,دانشگاه علوم پزشکی شیراز
1397,تجربی,491,6,ایثارگر-25%,پزشکی - نیمسال اول,دانشگاه علوم پزشکی اصفهان
1397,تجربی,491,239,منطقه 2,پزشکی - نیمسال اول,دانشگاه علوم پزشکی تبریز
1397,تجربی,493,73,منطقه 3,دندانپزشکی,دانشگاه علوم پزشکی تهران
1397,تجربی,493,73,منطقه 3,پزشکی - نیمسال اول,دانشگاه علوم پزشکی شیراز
1397,تجربی,495,36,ایثارگر-5%,پزشکی,دانشگاه علوم پزشکی ایران
1397,تجربی,497,37,ایثارگر-5%,پزشکی - نیمسال دوم,دانشگاه علوم پزشکی مشهد
1397,تجربی,497,182,منطقه 1,پزشکی - نیمسال اول,دانشگاه علوم پزشکی تبریز
1397,تجربی,500,76,منطقه 3,پزشکی,دانشگاه علوم پزشکی ایران
1397,تجربی,501,77,منطقه 3,دندانپزشکی,دانشگاه علوم پزشکی تهران
1397,تجربی,502,78,منطقه 3,پزشکی - نیمسال اول,دانشگاه علوم پزشکی شیراز
1397,تجربی,502,183,منطقه 1,دندانپزشکی,دانشگاه علوم پزشکی مشهد
1397,تجربی,504,243,منطقه 2,پزشکی,دانشگاه علوم پزشکی ایران
1397,تجربی,506,185,منطقه 1,پزشکی - نیمسال اول,دانشگاه علوم پزشکی مشهد
1397,تجربی,508,38,ایثارگر-5%,دندانپزشکی - نیمسال دوم,دانشگاه علوم پزشکی شهید بهشتی - تهران
1397,تجربی,508,245,منطقه 2,پزشکی - نیمسال اول,دانشگاه علوم پزشکی شهید بهشتی - تهران
1397,تجربی,510,247,منطقه 2,پزشکی - نیمسال اول,دانشگاه علوم پزشکی شیراز
1397,تجربی,511,39,ایثارگر-5%,پزشکی - نیمسال اول,دانشگاه علوم پزشکی اصفهان
1397,تجربی,512,248,منطقه 2,پزشکی - نیمسال اول,دانشگاه علوم پزشکی مشهد
1397,تجربی,513,187,منطقه 1,پزشکی - نیمسال اول,دانشگاه علوم پزشکی تبریز
1397,تجربی,513,249,منطقه 2,پزشکی,دانشگاه علوم پزشکی ایران
1397,تجربی,516,79,منطقه 3,پزشکی - نیمسال اول,دانشگاه علوم پزشکی شیراز
1397,تجربی,518,251,منطقه 2,دندانپزشکی,دانشگاه علوم پزشکی تهران
1397,تجربی,520,253,منطقه 2,پزشکی,دانشگاه علوم پزشکی ایران
1397,تجربی,520,253,منطقه 2,پزشکی - نیمسال اول,دانشگاه علوم پزشکی مشهد
1397,تجربی,522,255,منطقه 2,پزشکی,دانشگاه علوم پزشکی ایران
1397,تجربی,524,189,منطقه 1,پزشکی - نیمسال اول,دانشگاه علوم پزشکی شیراز
1397,تجربی,524,256,منطقه 2,پزشکی,دانشگاه علوم پزشکی ایران
1397,تجربی,526,190,منطقه 1,پزشکی - نیمسال اول,دانشگاه علوم پزشکی شیراز
1397,تجربی,528,40,ایثارگر-5%,پزشکی,دانشگاه علوم پزشکی ایران
1397,تجربی,528,191,منطقه 1,دندانپزشکی,دانشگاه علوم پزشکی تبریز
1397,تجربی,528,257,منطقه 2,پزشکی,دانشگاه علوم پزشکی ایران
1397,تجربی,530,192,منطقه 1,پزشکی - نیمسال اول,دانشگاه علوم پزشکی مشهد
1397,تجربی,530,259,منطقه 2,پزشکی,دانشگاه علوم پزشکی ایران
1397,تجربی,536,261,منطقه 2,دندانپزشکی,دانشگاه علوم پزشکی مشهد
1397,تجربی,536,261,منطقه 2,پزشکی,دانشگاه علوم پزشکی ایران
1397,تجربی,538,263,منطقه 2,پزشکی,دانشگاه علوم پزشکی ایران
1397,تجربی,538,263,منطقه 2,پزشکی - نیمسال اول,دانشگاه علوم پزشکی کرمانشاه
1397,تجربی,540,265,منطقه 2,پزشکی - نیمسال اول,دانشگاه علوم پزشکی شهید بهشتی - تهران
1397,تجربی,542,41,ایثارگر-5%,پزشکی,دانشگاه علوم پزشکی ایران
1397,تجربی,542,196,منطقه 1,داروسازی,دانشگاه علوم پزشکی تهران
1397,تجربی,542,266,منطقه 2,پزشکی,دانشگاه علوم پزشکی ایران
1397,تجربی,546,198,منطقه 1,پزشکی - نیمسال اول,دانشگاه علوم پزشکی اصفهان
1397,تجربی,548,81,منطقه 3,دندانپزشکی,دانشگاه علوم پزشکی تهران
1397,تجربی,550,199,منطقه 1,پزشکی - نیمسال اول,دانشگاه علوم پزشکی شیراز
1397,تجربی,550,270,منطقه 2,پزشکی,دانشگاه علوم پزشکی ایران
1397,تجربی,550,270,منطقه 2,پزشکی - نیمسال اول,دانشگاه علوم پزشکی شهید بهشتی - تهران
1397,تجربی,552,272,منطقه 2,پزشکی,دانشگاه علوم پزشکی ایران
1397,تجربی,555,202,منطقه 1,دندانپزشکی,دانشگاه علوم پزشکی مشهد
1397,تجربی,555,202,منطقه 1,پزشکی,دانشگاه علوم پزشکی ایران
1397,تجربی,555,202,منطقه 1,پزشکی - نیمسال اول,دانشگاه علوم پزشکی اصفهان
1397,تجربی,555,273,منطقه 2,پزشکی,دانشگاه علوم پزشکی ایران
1397,تجربی,560,42,ایثارگر-5%,پزشکی,دانشگاه علوم پزشکی ایران
1397,تجربی,560,82,منطقه 3,پزشکی,دانشگاه علوم پزشکی ایران
1397,تجربی,560,82,منطقه 3,پزشکی,دانشگاه علوم پزشکی تهران
1397,تجربی,563,275,منطقه 2,پزشکی,دانشگاه علوم پزشکی ایران
1397,تجربی,564,44,ایثارگر-5%,پزشکی,دانشگاه علوم پزشکی ایران
1397,تجربی,564,276,منطقه 2,دندانپزشکی - نیمسال دوم,دانشگاه علوم پزشکی شهید بهشتی - تهران
1397,تجربی,566,278,منطقه 2,پزشکی - نیمسال اول,دانشگاه علوم پزشکی کرمانشاه
1397,تجربی,568,205,منطقه 1,دندانپزشکی,دانشگاه علوم پزشکی مشهد
1397,تجربی,568,279,منطقه 2,پزشکی,دانشگاه علوم پزشکی ایران
1397,تجربی,568,279,منطقه 2,پزشکی - نیمسال اول,دانشگاه علوم پزشکی شیراز
1397,تجربی,570,206,منطقه 1,پزشکی - نیمسال اول,دانشگاه علوم پزشکی شیراز
1397,تجربی,572,207,منطقه 1,پزشکی - نیمسال اول,دانشگاه علوم پزشکی تبریز
1397,تجربی,572,281,منطقه 2,دندانپزشکی,دانشگاه علوم پزشکی مشهد
1397,تجربی,572,281,منطقه 2,پزشکی,دانشگاه علوم پزشکی ایران
1397,تجربی,576,208,منطقه 1,پزشکی,دانشگاه علوم پزشکی یزد
1397,تجربی,576,283,منطقه 2,پزشکی,دانشگاه علوم پزشکی اردبیل
1397,تجربی,576,283,منطقه 2,پزشکی,دانشگاه علوم پزشکی ایران
1397,تجربی,579,286,منطقه 2,پزشکی - نیمسال اول,دانشگاه علوم پزشکی مشهد
1397,تجربی,581,288,منطقه 2,دندانپزشکی,دانشگاه علوم پزشکی گیلان - رشت
1397,تجربی,581,288,منطقه 2,پزشکی,دانشگاه علوم پزشکی ایران
1397,تجربی,584,86,منطقه 3,پزشکی,دانشگاه علوم پزشکی ایران
1397,تجربی,584,209,منطقه 1,پزشکی - نیمسال اول,دانشگاه علوم پزشکی اصفهان
1397,تجربی,584,290,منطقه 2,پزشکی,دانشگاه علوم پزشکی ایران
1397,تجربی,586,210,منطقه 1,پزشکی - نیمسال اول,دانشگاه علوم پزشکی تبریز
1397,تجربی,587,291,منطقه 2,پزشکی,دانشگاه علوم پزشکی اردبیل
1397,تجربی,588,292,منطقه 2,دندانپزشکی,دانشگاه علوم پزشکی تهران
1397,تجربی,588,292,منطقه 2,پزشکی,دانشگاه علوم پزشکی ایران
1397,تجربی,590,45,ایثارگر-5%,پزشکی,دانشگاه علوم پزشکی ایران
1397,تجربی,592,211,منطقه 1,پزشکی - نیمسال اول,دانشگاه علوم پزشکی اصفهان
1397,تجربی,592,294,منطقه 2,پزشکی - نیمسال دوم,دانشگاه علوم پزشکی شهید بهشتی - تهران
1397,تجربی,594,295,منطقه 2,پزشکی,دانشگاه علوم پزشکی ایران
1397,تجربی,597,7,ایثارگر-25%,پزشکی,دانشگاه علوم پزشکی تهران
1397,تجربی,597,298,منطقه 2,پزشکی - نیمسال اول,دانشگاه علوم پزشکی اصفهان
1397,تجربی,599,300,منطقه 2,پزشکی,دانشگاه علوم پزشکی ایران
1397,تجربی,600,213,منطقه 1,دندانپزشکی,دانشگاه علوم پزشکی مشهد
1397,تجربی,600,213,منطقه 1,پزشکی - نیمسال اول,دانشگاه علوم پزشکی تبریز
1397,تجربی,602,301,منطقه 2,پزشکی - نیمسال اول,دانشگاه علوم پزشکی اصفهان
1397,تجربی,603,215,منطقه 1,پزشکی,دانشگاه علوم پزشکی ایران
1397,تجربی,603,302,منطقه 2,پزشکی - نیمسال اول,دانشگاه علوم پزشکی مشهد
1397,تجربی,607,304,منطقه 2,پزشکی - نیمسال دوم,دانشگاه علوم پزشکی شهید بهشتی - تهران
1397,تجربی,610,217,منطقه 1,دندانپزشکی,دانشگاه علوم پزشکی تهران
1397,تجربی,610,305,منطقه 2,پزشکی - نیمسال اول,دانشگاه علوم پزشکی شیراز
1397,تجربی,613,306,منطقه 2,پزشکی - نیمسال اول,دانشگاه علوم پزشکی شیراز
1397,تجربی,618,89,منطقه 3,پزشکی - نیمسال اول,دانشگاه علوم پزشکی شیراز
1397,تجربی,620,90,منطقه 3,پزشکی - نیمسال اول,دانشگاه علوم پزشکی مشهد
1397,تجربی,620,223,منطقه 1,دندانپزشکی,دانشگاه علوم پزشکی مشهد
1397,تجربی,622,91,منطقه 3,پزشکی - نیمسال اول,دانشگاه علوم پزشکی شیراز
1397,تجربی,622,225,منطقه 1,پزشکی - نیمسال اول,دانشگاه علوم پزشکی تبریز
1397,تجربی,624,46,ایثارگر-5%,پزشکی - نیمسال اول,دانشگاه علوم پزشکی شیراز
1397,تجربی,626,227,منطقه 1,پزشکی - نیمسال اول,دانشگاه علوم پزشکی شیراز
1397,تجربی,628,309,منطقه 2,پزشکی - نیمسال اول,دانشگاه علوم پزشکی شهید بهشتی - تهران
1397,تجربی,630,47,ایثارگر-5%,پزشکی,دانشگاه علوم پزشکی ایران
1397,تجربی,630,228,منطقه 1,پزشکی - نیمسال اول,دانشگاه علوم پزشکی شیراز
1397,تجربی,630,310,منطقه 2,پزشکی - نیمسال اول,دانشگاه علوم پزشکی مازندران - ساری
1397,تجربی,632,229,منطقه 1,پزشکی - نیمسال اول,دانشگاه علوم پزشکی شیراز
1397,تجربی,634,313,منطقه 2,پزشکی - نیمسال اول,دانشگاه علوم پزشکی کرمانشاه
1397,تجربی,635,314,منطقه 2,پزشکی - نیمسال اول,دانشگاه علوم پزشکی تبریز
1397,تجربی,635,314,منطقه 2,پزشکی - نیمسال اول,دانشگاه علوم پزشکی شیراز
1397,تجربی,638,316,منطقه 2,پزشکی - نیمسال اول,دانشگاه علوم پزشکی تبریز
1397,تجربی,640,50,ایثارگر-5%,پزشکی - نیمسال اول,دانشگاه علوم پزشکی شهید بهشتی - تهران
1397,تجربی,641,51,ایثارگر-5%,دندانپزشکی,دانشگاه علوم پزشکی اصفهان
1397,تجربی,641,93,منطقه 3,پزشکی - نیمسال اول,دانشگاه علوم پزشکی شیراز
1397,تجربی,644,94,منطقه 3,پزشکی - نیمسال اول,دانشگاه علوم پزشکی اصفهان
1397,تجربی,644,319,منطقه 2,پزشکی - نیمسال اول,دانشگاه علوم پزشکی گیلان - رشت
1397,تجربی,647,53,ایثارگر-5%,دندانپزشکی,دانشگاه علوم پزشکی تهران
1397,تجربی,648,320,منطقه 2,پزشکی - نیمسال اول,دانشگاه علوم پزشکی شیراز
1397,تجربی,651,235,منطقه 1,پزشکی,دانشگاه علوم پزشکی ایران
1397,تجربی,651,235,منطقه 1,پزشکی - نیمسال اول,دانشگاه علوم پزشکی مشهد
1397,تجربی,651,321,منطقه 2,پزشکی - نیمسال اول,دانشگاه علوم پزشکی اصفهان
1397,تجربی,653,96,منطقه 3,دندانپزشکی,دانشگاه علوم پزشکی شیراز
1397,تجربی,653,322,منطقه 2,پزشکی - نیمسال اول,دانشگاه علوم پزشکی گیلان - رشت
1397,تجربی,655,323,منطقه 2,پزشکی - نیمسال اول,دانشگاه علوم پزشکی شهید بهشتی - تهران
1397,تجربی,656,237,منطقه 1,پزشکی - نیمسال اول,دانشگاه علوم پزشکی مشهد
1397,تجربی,657,238,منطقه 1,پزشکی - نیمسال اول,دانشگاه علوم پزشکی تبریز
1397,تجربی,658,324,منطقه 2,پزشکی - نیمسال اول,دانشگاه علوم پزشکی تبریز
1397,تجربی,660,325,منطقه 2,پزشکی - نیمسال اول,دانشگاه علوم پزشکی مشهد
1397,تجربی,662,327,منطقه 2,پزشکی - نیمسال اول,دانشگاه علوم پزشکی شیراز
1397,تجربی,664,56,ایثارگر-5%,داروسازی,دانشگاه علوم پزشکی مشهد
1397,تجربی,665,329,منطقه 2,دندانپزشکی,دانشگاه علوم پزشکی یزد
1397,تجربی,666,97,منطقه 3,پزشکی - نیمسال اول,دانشگاه علوم پزشکی اصفهان
1397,تجربی,667,57,ایثارگر-5%,پزشکی - نیمسال اول,دانشگاه علوم پزشکی شیراز
1397,تجربی,668,242,منطقه 1,پزشکی - نیمسال اول,دانشگاه علوم پزشکی مشهد
1397,تجربی,669,330,منطقه 2,پزشکی - نیمسال اول,دانشگاه علوم پزشکی شهید بهشتی - تهران
1397,تجربی,671,332,منطقه 2,پزشکی - نیمسال اول,دانشگاه علوم پزشکی اصفهان
1397,تجربی,671,332,منطقه 2,پزشکی - نیمسال اول,دانشگاه علوم پزشکی همدان
1397,تجربی,673,334,منطقه 2,پزشکی - نیمسال دوم,دانشگاه علوم پزشکی شیراز
1397,تجربی,675,335,منطقه 2,پزشکی - نیمسال اول,دانشگاه علوم پزشکی تبریز
1397,تجربی,675,335,منطقه 2,پزشکی - نیمسال دوم,دانشگاه علوم پزشکی شیراز
1397,تجربی,677,98,منطقه 3,دندانپزشکی - نیمسال دوم,دانشگاه علوم پزشکی شهیدبهشتی تهران - پردیس خودگردان
1397,تجربی,678,337,منطقه 2,پزشکی - نیمسال اول,دانشگاه علوم پزشکی اصفهان
1397,تجربی,679,58,ایثارگر-5%,دندانپزشکی,دانشگاه علوم پزشکی تهران
1397,تجربی,682,59,ایثارگر-5%,پزشکی - نیمسال اول,دانشگاه علوم پزشکی تبریز
1397,تجربی,682,244,منطقه 1,پزشکی - نیمسال اول,دانشگاه علوم پزشکی تبریز
1397,تجربی,682,339,منطقه 2,پزشکی - نیمسال اول,دانشگاه علوم پزشکی شهید بهشتی - تهران
1397,تجربی,684,340,منطقه 2,پزشکی - نیمسال اول,دانشگاه علوم پزشکی اصفهان
1397,تجربی,685,245,منطقه 1,دندانپزشکی,دانشگاه علوم پزشکی تبریز
1397,تجربی,686,341,منطقه 2,دندانپزشکی,دانشگاه علوم پزشکی تهران
1397,تجربی,687,101,منطقه 3,دندانپزشکی - نیمسال اول,دانشگاه علوم پزشکی شهید بهشتی - تهران
1397,تجربی,687,101,منطقه 3,پزشکی - نیمسال دوم,دانشگاه علوم پزشکی شیراز
1397,تجربی,689,103,منطقه 3,پزشکی - نیمسال دوم,دانشگاه علوم پزشکی شیراز
1397,تجربی,689,246,منطقه 1,پزشکی - نیمسال اول,دانشگاه علوم پزشکی اصفهان
1397,تجربی,691,247,منطقه 1,پزشکی - نیمسال اول,دانشگاه علوم پزشکی تبریز
1397,تجربی,692,104,منطقه 3,دندانپزشکی,دانشگاه علوم پزشکی اصفهان
1397,تجربی,694,342,منطقه 2,پزشکی - نیمسال اول,دانشگاه علوم پزشکی مشهد
1397,تجربی,694,342,منطقه 2,پزشکی - نیمسال دوم,دانشگاه علوم پزشکی شیراز
1397,تجربی,696,60,ایثارگر-5%,پزشکی - نیمسال اول,دانشگاه علوم پزشکی اصفهان
1397,تجربی,698,106,منطقه 3,پزشکی - نیمسال اول,دانشگاه علوم پزشکی گیلان - رشت
1397,تجربی,698,344,منطقه 2,دندانپزشکی,دانشگاه علوم پزشکی مازندران - ساری
1397,تجربی,700,107,منطقه 3,پزشکی - نیمسال دوم,دانشگاه علوم پزشکی شیراز
1397,تجربی,702,346,منطقه 2,پزشکی - نیمسال اول,دانشگاه علوم پزشکی شهید بهشتی - تهران
1397,تجربی,702,346,منطقه 2,پزشکی - نیمسال اول,دانشگاه علوم پزشکی مشهد
1397,تجربی,708,348,منطقه 2,پزشکی - نیمسال اول,دانشگاه علوم پزشکی شهید بهشتی - تهران
1397,تجربی,710,110,منطقه 3,پزشکی - نیمسال دوم,دانشگاه علوم پزشکی شیراز
1397,تجربی,712,111,منطقه 3,پزشکی - نیمسال اول,دانشگاه علوم پزشکی اصفهان
1397,تجربی,713,253,منطقه 1,دندانپزشکی,دانشگاه علوم پزشکی اصفهان
1397,تجربی,716,112,منطقه 3,پزشکی,دانشگاه علوم پزشکی تهران
1397,تجربی,719,254,منطقه 1,دندانپزشکی,دانشگاه علوم پزشکی شیراز
1397,تجربی,719,254,منطقه 1,پزشکی - نیمسال دوم,دانشگاه علوم پزشکی شیراز
1397,تجربی,719,353,منطقه 2,پزشکی - نیمسال اول,دانشگاه علوم پزشکی اصفهان
1397,تجربی,721,65,ایثارگر-5%,دندانپزشکی,دانشگاه علوم پزشکی مشهد
1397,تجربی,723,113,منطقه 3,پزشکی,دانشگاه علوم پزشکی یزد
1397,تجربی,725,114,منطقه 3,پزشکی - نیمسال اول,دانشگاه علوم پزشکی شیراز
1397,تجربی,729,67,ایثارگر-5%,دندانپزشکی - نیمسال اول,دانشگاه علوم پزشکی شهیدبهشتی تهران - پردیس خودگردان
1397,تجربی,729,354,منطقه 2,پزشکی,دانشگاه علوم پزشکی بابل
1397,تجربی,731,68,ایثارگر-5%,پزشکی - نیمسال دوم,دانشگاه علوم پزشکی شهید بهشتی - تهران
1397,تجربی,733,357,منطقه 2,پزشکی - نیمسال اول,دانشگاه علوم پزشکی اصفهان
1397,تجربی,734,69,ایثارگر-5%,دندانپزشکی,دانشگاه علوم پزشکی مشهد
1397,تجربی,735,70,ایثارگر-5%,پزشکی - نیمسال اول,دانشگاه علوم پزشکی اصفهان
1397,تجربی,736,358,منطقه 2,پزشکی - نیمسال دوم,دانشگاه علوم پزشکی شیراز
1397,تجربی,737,359,منطقه 2,پزشکی - نیمسال دوم,دانشگاه علوم پزشکی شیراز
1397,تجربی,738,71,ایثارگر-5%,پزشکی - نیمسال اول,دانشگاه علوم پزشکی اصفهان
1397,تجربی,739,264,منطقه 1,پزشکی - نیمسال دوم,دانشگاه علوم پزشکی شیراز
1397,تجربی,740,360,منطقه 2,پزشکی - نیمسال دوم,دانشگاه علوم پزشکی شهید بهشتی - تهران
1397,تجربی,742,117,منطقه 3,دندانپزشکی,دانشگاه علوم پزشکی مشهد
1397,تجربی,743,266,منطقه 1,پزشکی - نیمسال اول,دانشگاه علوم پزشکی تبریز
1397,تجربی,745,267,منطقه 1,پزشکی - نیمسال اول,دانشگاه علوم پزشکی اصفهان
1397,تجربی,745,361,منطقه 2,پزشکی - نیمسال اول,دانشگاه علوم پزشکی مشهد
1397,تجربی,748,362,منطقه 2,پزشکی - نیمسال اول,دانشگاه علوم پزشکی تبریز
1397,تجربی,751,72,ایثارگر-5%,پزشکی - نیمسال اول,دانشگاه علوم پزشکی تبریز
1397,تجربی,751,364,منطقه 2,پزشکی - نیمسال اول,دانشگاه علوم پزشکی تبریز
1397,تجربی,751,364,منطقه 2,پزشکی - نیمسال دوم,دانشگاه علوم پزشکی شیراز
1397,تجربی,754,270,منطقه 1,پزشکی - نیمسال اول,دانشگاه علوم پزشکی تبریز
1397,تجربی,754,366,منطقه 2,دندانپزشکی,دانشگاه علوم پزشکی بیرجند
1397,تجربی,754,366,منطقه 2,پزشکی - نیمسال اول,دانشگاه علوم پزشکی اصفهان
1397,تجربی,756,73,ایثارگر-5%,پزشکی - نیمسال اول,دانشگاه علوم پزشکی مشهد
1397,تجربی,758,272,منطقه 1,پزشکی - نیمسال اول,دانشگاه علوم پزشکی تبریز
1397,تجربی,758,368,منطقه 2,دندانپزشکی,دانشگاه علوم پزشکی اصفهان
1397,تجربی,760,273,منطقه 1,پزشکی - نیمسال اول,دانشگاه علوم پزشکی مشهد
1397,تجربی,762,120,منطقه 3,پزشکی - نیمسال دوم,دانشگاه علوم پزشکی شیراز
1397,تجربی,762,275,منطقه 1,پزشکی - نیمسال دوم,دانشگاه علوم پزشکی شیراز
1397,تجربی,764,369,منطقه 2,پزشکی - نیمسال اول,دانشگاه علوم پزشکی اصفهان
1397,تجربی,765,74,ایثارگر-5%,پزشکی - نیمسال اول,دانشگاه علوم پزشکی کرمانشاه
1397,تجربی,765,276,منطقه 1,پزشکی - نیمسال دوم,دانشگاه علوم پزشکی شیراز
1397,تجربی,769,76,ایثارگر-5%,پزشکی - نیمسال اول,دانشگاه علوم پزشکی شیراز
1397,تجربی,769,372,منطقه 2,پزشکی - نیمسال اول,دانشگاه علوم پزشکی تبریز
1397,تجربی,771,374,منطقه 2,دندانپزشکی,دانشگاه علوم پزشکی ارومیه
1397,تجربی,771,374,منطقه 2,پزشکی - نیمسال اول,دانشگاه علوم پزشکی مازندران - ساری
1397,تجربی,773,376,منطقه 2,پزشکی - نیمسال اول,دانشگاه علوم پزشکی اصفهان
1397,تجربی,776,377,منطقه 2,پزشکی - نیمسال دوم,دانشگاه علوم پزشکی مشهد
1397,تجربی,778,379,منطقه 2,پزشکی - نیمسال دوم,دانشگاه علوم پزشکی شهید بهشتی - تهران
1397,تجربی,778,379,منطقه 2,پزشکی - نیمسال دوم,دانشگاه علوم پزشکی شیراز
1397,تجربی,780,279,منطقه 1,پزشکی - نیمسال دوم,دانشگاه علوم پزشکی شیراز
1397,تجربی,782,381,منطقه 2,پزشکی - نیمسال دوم,دانشگاه علوم پزشکی مشهد
1397,تجربی,784,382,منطقه 2,پزشکی,دانشگاه علوم پزشکی بابل
1397,تجربی,784,382,منطقه 2,پزشکی - نیمسال اول,دانشگاه علوم پزشکی تبریز
1397,تجربی,787,385,منطقه 2,پزشکی - نیمسال اول,دانشگاه علوم پزشکی گیلان - رشت
1397,تجربی,787,385,منطقه 2,پزشکی - نیمسال دوم,دانشگاه علوم پزشکی شهید بهشتی - تهران
1397,تجربی,790,387,منطقه 2,پزشکی,دانشگاه علوم پزشکی کاشان
1397,تجربی,793,282,منطقه 1,پزشکی - نیمسال اول,دانشگاه علوم پزشکی تبریز
1397,تجربی,793,388,منطقه 2,پزشکی - نیمسال اول,دانشگاه علوم پزشکی اصفهان
1397,تجربی,795,390,منطقه 2,پزشکی - نیمسال اول,دانشگاه علوم پزشکی تبریز
1397,تجربی,797,391,منطقه 2,پزشکی,دانشگاه علوم پزشکی قم
1397,تجربی,797,391,منطقه 2,پزشکی - نیمسال دوم,دانشگاه علوم پزشکی مشهد
1397,تجربی,799,77,ایثارگر-5%,پزشکی - نیمسال دوم,دانشگاه علوم پزشکی شیراز
1397,تجربی,800,284,منطقه 1,پزشکی - نیمسال دوم,دانشگاه علوم پزشکی تبریز
1397,تجربی,802,394,منطقه 2,پزشکی - نیمسال اول,دانشگاه علوم پزشکی تبریز
1397,تجربی,805,78,ایثارگر-5%,پزشکی - نیمسال اول,دانشگاه علوم پزشکی شیراز
1397,تجربی,805,286,منطقه 1,پزشکی - نیمسال دوم,دانشگاه علوم پزشکی شیراز
1397,تجربی,809,79,ایثارگر-5%,پزشکی - نیمسال اول,دانشگاه علوم پزشکی همدان
1397,تجربی,809,126,منطقه 3,پزشکی - نیمسال اول,دانشگاه علوم پزشکی اصفهان
1397,تجربی,809,288,منطقه 1,پزشکی - نیمسال اول,دانشگاه علوم پزشکی اصفهان
1397,تجربی,812,127,منطقه 3,دندانپزشکی,دانشگاه علوم پزشکی کرمان
1397,تجربی,814,290,منطقه 1,پزشکی - نیمسال اول,دانشگاه علوم پزشکی البرز - کرج
1397,تجربی,817,129,منطقه 3,پزشکی - نیمسال اول,دانشگاه علوم پزشکی شیراز
1397,تجربی,817,292,منطقه 1,دندانپزشکی,دانشگاه علوم پزشکی مشهد
1397,تجربی,820,294,منطقه 1,دندانپزشکی,دانشگاه علوم پزشکی البرز - کرج
1397,تجربی,820,398,منطقه 2,دندانپزشکی,دانشگاه علوم پزشکی تبریز
1397,تجربی,822,399,منطقه 2,داروسازی,دانشگاه علوم پزشکی شهید بهشتی - تهران
1397,تجربی,823,130,منطقه 3,پزشکی - نیمسال اول,دانشگاه علوم پزشکی اصفهان
1397,تجربی,823,295,منطقه 1,دندانپزشکی,دانشگاه علوم پزشکی مشهد
1397,تجربی,825,296,منطقه 1,پزشکی - نیمسال اول,دانشگاه علوم پزشکی تبریز
1397,تجربی,828,299,منطقه 1,دندانپزشکی,دانشگاه علوم پزشکی اصفهان
1397,تجربی,830,300,منطقه 1,پزشکی - نیمسال اول,دانشگاه علوم پزشکی البرز - کرج
1397,تجربی,832,302,منطقه 1,پزشکی - نیمسال اول,دانشگاه علوم پزشکی البرز - کرج
1397,تجربی,834,303,منطقه 1,داروسازی,دانشگاه علوم پزشکی اصفهان
1397,تجربی,834,402,منطقه 2,دندانپزشکی,دانشگاه علوم پزشکی تبریز
1397,تجربی,834,402,منطقه 2,دندانپزشکی,دانشگاه علوم پزشکی شیراز
1397,تجربی,834,402,منطقه 2,پزشکی - نیمسال اول,دانشگاه علوم پزشکی شیراز
1397,تجربی,837,404,منطقه 2,پزشکی - نیمسال اول,دانشگاه علوم پزشکی اصفهان
1397,تجربی,839,406,منطقه 2,پزشکی - نیمسال اول,دانشگاه علوم پزشکی اصفهان
1397,تجربی,839,406,منطقه 2,پزشکی - نیمسال اول,دانشگاه علوم پزشکی مازندران - ساری
1397,تجربی,839,406,منطقه 2,پزشکی - نیمسال دوم,دانشگاه علوم پزشکی مشهد
1397,تجربی,842,304,منطقه 1,پزشکی,دانشگاه علوم پزشکی ایران - پردیس خودگردان
1397,تجربی,845,132,منطقه 3,پزشکی - نیمسال اول,دانشگاه علوم پزشکی تبریز
1397,تجربی,847,134,منطقه 3,پزشکی - نیمسال دوم,دانشگاه علوم پزشکی شیراز
1397,تجربی,847,410,منطقه 2,پزشکی - نیمسال دوم,دانشگاه علوم پزشکی مشهد
1397,تجربی,849,305,منطقه 1,پزشکی - نیمسال دوم,دانشگاه علوم پزشکی مشهد
1397,تجربی,850,306,منطقه 1,پزشکی - نیمسال دوم,دانشگاه علوم پزشکی تبریز
1397,تجربی,850,411,منطقه 2,پزشکی - نیمسال اول,دانشگاه علوم پزشکی گیلان - رشت
1397,تجربی,853,82,ایثارگر-5%,پزشکی,دانشگاه علوم پزشکی ایران
1397,تجربی,853,135,منطقه 3,پزشکی - نیمسال دوم,دانشگاه علوم پزشکی شیراز
1397,تجربی,855,136,منطقه 3,پزشکی - نیمسال اول,دانشگاه علوم پزشکی ارومیه
1397,تجربی,857,137,منطقه 3,پزشکی - نیمسال اول,دانشگاه علوم پزشکی شیراز
1397,تجربی,857,307,منطقه 1,پزشکی,دانشگاه علوم پزشکی گلستان - گرگان
1397,تجربی,859,415,منطقه 2,پزشکی - نیمسال اول,دانشگاه علوم پزشکی تبریز
1397,تجربی,859,415,منطقه 2,پزشکی - نیمسال دوم,دانشگاه علوم پزشکی اصفهان
1397,تجربی,861,138,منطقه 3,دندانپزشکی,دانشگاه علوم پزشکی مشهد
1397,تجربی,861,417,منطقه 2,پزشکی - نیمسال اول,دانشگاه علوم پزشکی تبریز
1397,تجربی,864,9,ایثارگر-25%,پزشکی,دانشگاه علوم پزشکی تهران
1397,تجربی,864,308,منطقه 1,داروسازی,دانشگاه علوم پزشکی تهران
1397,تجربی,864,418,منطقه 2,پزشکی - نیمسال دوم,دانشگاه علوم پزشکی شهید بهشتی - تهران
1397,تجربی,866,139,منطقه 3,پزشکی - نیمسال اول,دانشگاه علوم پزشکی جندی شاپور اهواز
1397,تجربی,866,420,منطقه 2,پزشکی - نیمسال اول,دانشگاه علوم پزشکی تبریز
1397,تجربی,869,309,منطقه 1,دندانپزشکی,دانشگاه علوم پزشکی البرز - کرج
1397,تجربی,869,421,منطقه 2,دندانپزشکی,دانشگاه علوم پزشکی تبریز
1397,تجربی,869,421,منطقه 2,پزشکی - نیمسال دوم,دانشگاه علوم پزشکی شیراز
1397,تجربی,872,423,منطقه 2,پزشکی - نیمسال دوم,دانشگاه علوم پزشکی مشهد
1397,تجربی,875,312,منطقه 1,پزشکی - نیمسال دوم,دانشگاه علوم پزشکی اصفهان
1397,تجربی,878,85,ایثارگر-5%,پزشکی - نیمسال دوم,دانشگاه علوم پزشکی مشهد
1397,تجربی,878,426,منطقه 2,پزشکی - نیمسال اول,دانشگاه علوم پزشکی همدان
1397,تجربی,878,426,منطقه 2,پزشکی - نیمسال دوم,دانشگاه علوم پزشکی شهید بهشتی - تهران
1397,تجربی,878,426,منطقه 2,پزشکی - نیمسال دوم,دانشگاه علوم پزشکی مشهد
1397,تجربی,881,10,ایثارگر-25%,پزشکی,دانشگاه علوم پزشکی تهران
1397,تجربی,882,86,ایثارگر-5%,پزشکی - نیمسال دوم,دانشگاه علوم پزشکی شیراز
1397,تجربی,885,431,منطقه 2,پزشکی - نیمسال دوم,دانشگاه علوم پزشکی شهید بهشتی - تهران
1397,تجربی,885,431,منطقه 2,پزشکی - نیمسال دوم,دانشگاه علوم پزشکی شیراز
1397,تجربی,887,433,منطقه 2,پزشکی - نیمسال دوم,دانشگاه علوم پزشکی مشهد
1397,تجربی,888,315,منطقه 1,دندانپزشکی,دانشگاه علوم پزشکی اصفهان
1397,تجربی,890,11,ایثارگر-25%,پزشکی,دانشگاه علوم پزشکی تهران
1397,تجربی,890,141,منطقه 3,پزشکی - نیمسال اول,دانشگاه علوم پزشکی شیراز
1397,تجربی,890,141,منطقه 3,پزشکی - نیمسال دوم,دانشگاه علوم پزشکی شیراز
1397,تجربی,890,316,منطقه 1,پزشکی - نیمسال اول,دانشگاه علوم پزشکی شیراز
1397,تجربی,894,435,منطقه 2,داروسازی,دانشگاه علوم پزشکی تهران
1397,تجربی,894,435,منطقه 2,دندانپزشکی,دانشگاه علوم پزشکی بابل
1397,تجربی,896,317,منطقه 1,پزشکی - نیمسال دوم,دانشگاه علوم پزشکی شیراز
1397,تجربی,900,89,ایثارگر-5%,دندانپزشکی,دانشگاه علوم پزشکی کرمانشاه
1397,تجربی,900,89,ایثارگر-5%,پزشکی - نیمسال اول,دانشگاه علوم پزشکی مازندران - ساری
1397,تجربی,900,144,منطقه 3,پزشکی - نیمسال دوم,دانشگاه علوم پزشکی شیراز
1397,تجربی,900,439,منطقه 2,دندانپزشکی,دانشگاه علوم پزشکی اصفهان
1397,تجربی,903,441,منطقه 2,پزشکی - نیمسال دوم,دانشگاه علوم پزشکی شهید بهشتی - تهران
1397,تجربی,903,441,منطقه 2,پزشکی - نیمسال دوم,دانشگاه علوم پزشکی شیراز
1397,تجربی,906,319,منطقه 1,پزشکی - پذیرش ازمیان داوطلبان باعضویت بسیجی,دانشگاه علوم پزشکی بقیه الله
1397,تجربی,906,443,منطقه 2,پزشکی - نیمسال دوم,دانشگاه علوم پزشکی شیراز
1397,تجربی,909,145,منطقه 3,دندانپزشکی,دانشگاه علوم پزشکی تبریز
1397,تجربی,909,321,منطقه 1,پزشکی - نیمسال دوم,دانشگاه علوم پزشکی تبریز
1397,تجربی,909,444,منطقه 2,پزشکی - نیمسال دوم,دانشگاه علوم پزشکی مشهد
1397,تجربی,913,92,ایثارگر-5%,پزشکی - نیمسال اول,دانشگاه علوم پزشکی شیراز
1397,تجربی,913,146,منطقه 3,پزشکی - نیمسال اول,دانشگاه علوم پزشکی تبریز
1397,تجربی,913,445,منطقه 2,پزشکی - نیمسال اول,دانشگاه علوم پزشکی کرمانشاه
1397,تجربی,915,446,منطقه 2,پزشکی - نیمسال اول,دانشگاه علوم پزشکی تبریز
1397,تجربی,915,446,منطقه 2,پزشکی - نیمسال اول,دانشگاه علوم پزشکی گیلان - رشت
1397,تجربی,918,323,منطقه 1,پزشکی - نیمسال دوم,دانشگاه علوم پزشکی مشهد
1397,تجربی,918,448,منطقه 2,دندانپزشکی,دانشگاه علوم پزشکی تهران
1397,تجربی,920,449,منطقه 2,پزشکی - نیمسال دوم,دانشگاه علوم پزشکی شیراز
1397,تجربی,923,148,منطقه 3,پزشکی - نیمسال اول,دانشگاه علوم پزشکی همدان
1397,تجربی,923,451,منطقه 2,داروسازی,دانشگاه علوم پزشکی شهید بهشتی - تهران
1397,تجربی,927,452,منطقه 2,پزشکی - نیمسال دوم,دانشگاه علوم پزشکی شیراز
1397,تجربی,928,453,منطقه 2,دندانپزشکی,دانشگاه علوم پزشکی تهران
1397,تجربی,930,93,ایثارگر-5%,دندانپزشکی,دانشگاه علوم پزشکی تبریز
1397,تجربی,930,93,ایثارگر-5%,پزشکی - نیمسال اول,دانشگاه علوم پزشکی گیلان - رشت
1397,تجربی,933,455,منطقه 2,پزشکی - نیمسال اول,دانشگاه علوم پزشکی ارومیه
1397,تجربی,935,330,منطقه 1,پزشکی - نیمسال دوم,دانشگاه علوم پزشکی تبریز
1397,تجربی,937,458,منطقه 2,پزشکی - نیمسال دوم,دانشگاه علوم پزشکی شیراز
1397,تجربی,939,95,ایثارگر-5%,پزشکی - نیمسال دوم,دانشگاه علوم پزشکی تبریز
1397,تجربی,941,331,منطقه 1,دندانپزشکی,دانشگاه علوم پزشکی اصفهان
1397,تجربی,942,462,منطقه 2,پزشکی - نیمسال دوم,دانشگاه علوم پزشکی شیراز
1397,تجربی,944,332,منطقه 1,پزشکی - نیمسال دوم,دانشگاه علوم پزشکی شیراز
1397,تجربی,946,333,منطقه 1,پزشکی - نیمسال دوم,دانشگاه علوم پزشکی مشهد
1397,تجربی,946,464,منطقه 2,پزشکی,دانشگاه علوم پزشکی بابل
1397,تجربی,946,464,منطقه 2,پزشکی - نیمسال دوم,دانشگاه علوم پزشکی اصفهان
1397,تجربی,948,334,منطقه 1,دندانپزشکی,دانشگاه علوم پزشکی تبریز
1397,تجربی,948,334,منطقه 1,پزشکی - نیمسال دوم,دانشگاه علوم پزشکی تبریز
1397,تجربی,950,336,منطقه 1,دندانپزشکی,دانشگاه علوم پزشکی اصفهان
1397,تجربی,952,466,منطقه 2,پزشکی - نیمسال دوم,دانشگاه علوم پزشکی شیراز
1397,تجربی,953,467,منطقه 2,پزشکی - نیمسال دوم,دانشگاه علوم پزشکی شیراز
1397,تجربی,955,468,منطقه 2,پزشکی - نیمسال اول,دانشگاه علوم پزشکی گیلان - رشت
1397,تجربی,957,98,ایثارگر-5%,پزشکی - نیمسال دوم,دانشگاه علوم پزشکی شهید بهشتی - تهران
1397,تجربی,957,98,ایثارگر-5%,پزشکی - نیمسال دوم,دانشگاه علوم پزشکی مشهد
1397,تجربی,959,471,منطقه 2,دندانپزشکی,دانشگاه علوم پزشکی مشهد
1397,تجربی,960,150,منطقه 3,پزشکی - نیمسال اول,دانشگاه علوم پزشکی اصفهان
1397,تجربی,960,472,منطقه 2,دندانپزشکی,دانشگاه علوم پزشکی شیراز
1397,تجربی,962,473,منطقه 2,دندانپزشکی,دانشگاه علوم پزشکی اصفهان
1397,تجربی,962,473,منطقه 2,پزشکی - نیمسال دوم,دانشگاه علوم پزشکی تبریز
1397,تجربی,966,340,منطقه 1,دندانپزشکی,دانشگاه علوم پزشکی شیراز
1397,تجربی,966,476,منطقه 2,پزشکی - نیمسال اول,دانشگاه علوم پزشکی همدان
1397,تجربی,966,476,منطقه 2,پزشکی - نیمسال دوم,دانشگاه علوم پزشکی شیراز
1397,تجربی,969,478,منطقه 2,دندانپزشکی - نیمسال دوم,دانشگاه علوم پزشکی شهید بهشتی - تهران
1397,تجربی,970,151,منطقه 3,پزشکی - نیمسال اول,دانشگاه علوم پزشکی مازندران - ساری
1397,تجربی,972,152,منطقه 3,دندانپزشکی,دانشگاه علوم پزشکی مشهد
1397,تجربی,972,152,منطقه 3,پزشکی - نیمسال اول,دانشگاه علوم پزشکی کرمانشاه
1397,تجربی,975,480,منطقه 2,پزشکی - نیمسال دوم,دانشگاه علوم پزشکی شهید بهشتی - تهران
1397,تجربی,976,481,منطقه 2,پزشکی - نیمسال دوم,دانشگاه علوم پزشکی شهید بهشتی - تهران
1397,تجربی,977,342,منطقه 1,پزشکی - نیمسال اول,دانشگاه علوم پزشکی البرز - کرج
1397,تجربی,977,342,منطقه 1,پزشکی - نیمسال دوم,دانشگاه علوم پزشکی مشهد
1397,تجربی,979,100,ایثارگر-5%,پزشکی - نیمسال اول,دانشگاه علوم پزشکی کرمانشاه
1397,تجربی,981,344,منطقه 1,دندانپزشکی,دانشگاه علوم پزشکی تبریز
1397,تجربی,981,344,منطقه 1,پزشکی - نیمسال دوم,دانشگاه علوم پزشکی تبریز
1397,تجربی,981,482,منطقه 2,پزشکی - نیمسال اول,دانشگاه علوم پزشکی اصفهان
1397,تجربی,981,482,منطقه 2,پزشکی - نیمسال اول,دانشگاه علوم پزشکی مازندران - ساری
1397,تجربی,984,484,منطقه 2,پزشکی - نیمسال اول,دانشگاه علوم پزشکی اصفهان
1397,تجربی,987,346,منطقه 1,پزشکی - نیمسال دوم,دانشگاه علوم پزشکی تبریز
1397,تجربی,987,486,منطقه 2,پزشکی,دانشگاه علوم پزشکی ایران
1397,تجربی,987,486,منطقه 2,پزشکی,دانشگاه علوم پزشکی زنجان
1397,تجربی,989,347,منطقه 1,پزشکی - نیمسال اول,دانشگاه علوم پزشکی البرز - کرج
1397,تجربی,991,156,منطقه 3,پزشکی - نیمسال دوم,دانشگاه علوم پزشکی اصفهان
1397,تجربی,991,488,منطقه 2,پزشکی,دانشگاه علوم پزشکی ایران
1397,تجربی,995,349,منطقه 1,پزشکی - نیمسال دوم,دانشگاه علوم پزشکی مشهد
1397,تجربی,995,489,منطقه 2,داروسازی,دانشگاه علوم پزشکی شهید بهشتی - تهران
1397,تجربی,995,489,منطقه 2,پزشکی - نیمسال دوم,دانشگاه علوم پزشکی اصفهان
1397,تجربی,999,102,ایثارگر-5%,پزشکی - نیمسال دوم,دانشگاه علوم پزشکی تبریز
1397,تجربی,999,491,منطقه 2,پزشکی - نیمسال اول,دانشگاه علوم پزشکی گیلان - رشت
1397,تجربی,999,491,منطقه 2,پزشکی - نیمسال دوم,دانشگاه علوم پزشکی تبریز
1397,تجربی,1001,493,منطقه 2,دندانپزشکی,دانشگاه علوم پزشکی شیراز
1397,تجربی,1003,494,منطقه 2,دندانپزشکی,دانشگاه علوم پزشکی اصفهان
1397,تجربی,1006,496,منطقه 2,دندانپزشکی,دانشگاه علوم پزشکی اصفهان
1397,تجربی,1006,496,منطقه 2,پزشکی - نیمسال اول,دانشگاه علوم پزشکی کرمان
1397,تجربی,1008,498,منطقه 2,پزشکی - نیمسال دوم,دانشگاه علوم پزشکی اصفهان
1397,تجربی,1011,500,منطقه 2,دندانپزشکی,دانشگاه علوم پزشکی همدان
1397,تجربی,1011,500,منطقه 2,پزشکی,دانشگاه علوم پزشکی ایران
1397,تجربی,1015,355,منطقه 1,دندانپزشکی,دانشگاه علوم پزشکی شیراز
1397,تجربی,1015,355,منطقه 1,پزشکی - نیمسال دوم,دانشگاه علوم پزشکی تبریز
1397,تجربی,1018,159,منطقه 3,پزشکی - نیمسال دوم,دانشگاه علوم پزشکی شیراز
1397,تجربی,1019,160,منطقه 3,پزشکی,دانشگاه علوم پزشکی تهران
1397,تجربی,1022,161,منطقه 3,پزشکی - نیمسال اول,دانشگاه علوم پزشکی تبریز
1397,تجربی,1022,161,منطقه 3,پزشکی - نیمسال دوم,دانشگاه علوم پزشکی شیراز
1397,تجربی,1022,357,منطقه 1,دندانپزشکی,دانشگاه علوم پزشکی تبریز
1397,تجربی,1024,163,منطقه 3,دندانپزشکی,دانشگاه علوم پزشکی شیراز
1397,تجربی,1024,163,منطقه 3,پزشکی - نیمسال اول,دانشگاه علوم پزشکی سبزوار
1397,تجربی,1027,165,منطقه 3,دندانپزشکی,دانشگاه علوم پزشکی شیراز
1397,تجربی,1029,506,منطقه 2,دندانپزشکی,دانشگاه علوم پزشکی یزد
1397,تجربی,1029,506,منطقه 2,پزشکی,دانشگاه علوم پزشکی قم
1397,تجربی,1032,106,ایثارگر-5%,پزشکی - نیمسال دوم,دانشگاه علوم پزشکی اصفهان
1397,تجربی,1032,509,منطقه 2,دندانپزشکی,دانشگاه علوم پزشکی گیلان - رشت
1397,تجربی,1034,359,منطقه 1,پزشکی - نیمسال دوم,دانشگاه علوم پزشکی اصفهان
1397,تجربی,1036,360,منطقه 1,پزشکی - نیمسال دوم,دانشگاه علوم پزشکی تبریز
1397,تجربی,1039,107,ایثارگر-5%,پزشکی - نیمسال دوم,دانشگاه علوم پزشکی شیراز
1397,تجربی,1039,107,ایثارگر-5%,پزشکی - نیمسال دوم,دانشگاه علوم پزشکی مشهد
1397,تجربی,1039,362,منطقه 1,پزشکی - نیمسال دوم,دانشگاه علوم پزشکی اصفهان
1397,تجربی,1041,109,ایثارگر-5%,پزشکی - نیمسال دوم,دانشگاه علوم پزشکی مازندران - ساری
1397,تجربی,1043,364,منطقه 1,پزشکی - نیمسال دوم,دانشگاه علوم پزشکی تبریز
1397,تجربی,1043,514,منطقه 2,پزشکی - نیمسال دوم,دانشگاه علوم پزشکی مشهد
1397,تجربی,1047,516,منطقه 2,پزشکی - نیمسال دوم,دانشگاه علوم پزشکی تبریز
1397,تجربی,1049,367,منطقه 1,پزشکی - نیمسال دوم,دانشگاه علوم پزشکی مشهد
1397,تجربی,1051,369,منطقه 1,پزشکی - نیمسال دوم,دانشگاه علوم پزشکی تبریز
1397,تجربی,1052,518,منطقه 2,پزشکی,دانشگاه علوم پزشکی ایران
1397,تجربی,1054,112,ایثارگر-5%,پزشکی - پذیرش ازمیان داوطلبان باعضویت بسیجی,دانشگاه علوم پزشکی بقیه الله
1397,تجربی,1054,520,منطقه 2,پزشکی,دانشگاه علوم پزشکی ایران
1397,تجربی,1056,522,منطقه 2,پزشکی,دانشگاه علوم پزشکی بابل
1397,تجربی,1059,524,منطقه 2,پزشکی - نیمسال اول,دانشگاه علوم پزشکی گیلان - رشت
1397,تجربی,1061,525,منطقه 2,پزشکی - نیمسال اول,دانشگاه علوم پزشکی کرمانشاه
1397,تجربی,1062,166,منطقه 3,دندانپزشکی,دانشگاه علوم پزشکی شیراز
1397,تجربی,1065,373,منطقه 1,پزشکی - نیمسال دوم,دانشگاه علوم پزشکی اصفهان
1397,تجربی,1065,373,منطقه 1,پزشکی - نیمسال دوم,دانشگاه علوم پزشکی مشهد
1397,تجربی,1065,526,منطقه 2,پزشکی - نیمسال دوم,دانشگاه علوم پزشکی اصفهان
1397,تجربی,1068,167,منطقه 3,دندانپزشکی - نیمسال اول,دانشگاه علوم پزشکی شهید بهشتی - تهران
1397,تجربی,1068,528,منطقه 2,پزشکی,دانشگاه علوم پزشکی ایران
1397,تجربی,1070,529,منطقه 2,پزشکی - نیمسال دوم,دانشگاه علوم پزشکی اصفهان
1397,تجربی,1072,531,منطقه 2,پزشکی - نیمسال دوم,دانشگاه علوم پزشکی مشهد
1397,تجربی,1075,114,ایثارگر-5%,پزشکی - نیمسال اول,دانشگاه علوم پزشکی مازندران - ساری
1397,تجربی,1075,168,منطقه 3,پزشکی - نیمسال اول,دانشگاه علوم پزشکی مشهد
1397,تجربی,1078,170,منطقه 3,پزشکی - نیمسال اول,دانشگاه علوم پزشکی تبریز
1397,تجربی,1078,170,منطقه 3,پزشکی - نیمسال دوم,دانشگاه علوم پزشکی اصفهان
1397,تجربی,1078,534,منطقه 2,پزشکی - نیمسال دوم,دانشگاه علوم پزشکی مشهد
1397,تجربی,1081,535,منطقه 2,دندانپزشکی,دانشگاه علوم پزشکی شیراز
1397,تجربی,1084,537,منطقه 2,پزشکی,دانشگاه علوم پزشکی یزد
1397,تجربی,1085,173,منطقه 3,پزشکی - نیمسال دوم,دانشگاه علوم پزشکی تبریز
1397,تجربی,1088,117,ایثارگر-5%,پزشکی - نیمسال دوم,دانشگاه علوم پزشکی تبریز
1397,تجربی,1088,539,منطقه 2,پزشکی,دانشگاه علوم پزشکی ایران
1397,تجربی,1091,377,منطقه 1,پزشکی - نیمسال دوم,دانشگاه علوم پزشکی اصفهان
1397,تجربی,1091,541,منطقه 2,پزشکی,دانشگاه علوم پزشکی بابل
1397,تجربی,1094,379,منطقه 1,دندانپزشکی,دانشگاه علوم پزشکی تبریز
1397,تجربی,1094,542,منطقه 2,پزشکی,دانشگاه علوم پزشکی بابل
1397,تجربی,1094,542,منطقه 2,پزشکی - نیمسال دوم,دانشگاه علوم پزشکی مشهد
1397,تجربی,1097,544,منطقه 2,دندانپزشکی,دانشگاه علوم پزشکی مشهد
1397,تجربی,1098,545,منطقه 2,پزشکی - نیمسال دوم,دانشگاه علوم پزشکی تبریز
1397,تجربی,1099,546,منطقه 2,پزشکی - نیمسال دوم,دانشگاه علوم پزشکی مشهد
1397,تجربی,1101,382,منطقه 1,دندانپزشکی,دانشگاه علوم پزشکی اصفهان
1397,تجربی,1102,547,منطقه 2,پزشکی - نیمسال دوم,دانشگاه علوم پزشکی اصفهان
1397,تجربی,1106,548,منطقه 2,پزشکی,دانشگاه علوم پزشکی ایران
1397,تجربی,1106,548,منطقه 2,پزشکی - نیمسال دوم,دانشگاه علوم پزشکی اصفهان
1397,تجربی,1111,174,منطقه 3,پزشکی - نیمسال اول,دانشگاه علوم پزشکی کرمانشاه
1397,تجربی,1111,174,منطقه 3,پزشکی - نیمسال دوم,دانشگاه علوم پزشکی شیراز
1397,تجربی,1111,386,منطقه 1,دندانپزشکی,دانشگاه علوم پزشکی البرز - کرج
1397,تجربی,1111,551,منطقه 2,دندانپزشکی,دانشگاه علوم پزشکی مشهد
1397,تجربی,1111,551,منطقه 2,دندانپزشکی,دانشگاه علوم پزشکی کرمان
1397,تجربی,1111,551,منطقه 2,پزشکی,دانشگاه علوم پزشکی ایران
1397,تجربی,1115,553,منطقه 2,پزشکی - نیمسال اول,دانشگاه علوم پزشکی کردستان - سنندج
1397,تجربی,1116,388,منطقه 1,پزشکی,دانشگاه علوم پزشکی بابل
1397,تجربی,1119,390,منطقه 1,پزشکی - نیمسال دوم,دانشگاه علوم پزشکی اصفهان
1397,تجربی,1119,390,منطقه 1,پزشکی - نیمسال دوم,دانشگاه علوم پزشکی تبریز
1397,تجربی,1119,554,منطقه 2,پزشکی - نیمسال دوم,دانشگاه علوم پزشکی اصفهان
1397,تجربی,1121,176,منطقه 3,پزشکی - نیمسال دوم,دانشگاه علوم پزشکی شیراز
1397,تجربی,1124,177,منطقه 3,پزشکی - نیمسال دوم,دانشگاه علوم پزشکی شیراز
1397,تجربی,1124,393,منطقه 1,پزشکی,دانشگاه علوم پزشکی یزد
1397,تجربی,1124,555,منطقه 2,پزشکی,دانشگاه علوم پزشکی ایران
1397,تجربی,1127,120,ایثارگر-5%,پزشکی,دانشگاه علوم پزشکی یزد
1397,تجربی,1127,556,منطقه 2,پزشکی,دانشگاه علوم پزشکی یزد
1397,تجربی,1129,394,منطقه 1,پزشکی,دانشگاه علوم پزشکی ایران - پردیس خودگردان
1397,تجربی,1129,558,منطقه 2,پزشکی - نیمسال اول,دانشگاه علوم پزشکی جندی شاپور اهواز
1397,تجربی,1131,395,منطقه 1,پزشکی,دانشگاه علوم پزشکی فسا
1397,تجربی,1132,396,منطقه 1,دندانپزشکی,دانشگاه علوم پزشکی تبریز
1397,تجربی,1134,397,منطقه 1,پزشکی - نیمسال دوم,دانشگاه علوم پزشکی تبریز
1397,تجربی,1134,397,منطقه 1,پزشکی - نیمسال دوم,دانشگاه علوم پزشکی مشهد
1397,تجربی,1134,559,منطقه 2,پزشکی - نیمسال اول,دانشگاه علوم پزشکی همدان
1397,تجربی,1137,560,منطقه 2,پزشکی,دانشگاه علوم پزشکی قم
1397,تجربی,1138,180,منطقه 3,پزشکی - نیمسال اول,دانشگاه علوم پزشکی کرمانشاه
1397,تجربی,1138,180,منطقه 3,پزشکی - نیمسال دوم,دانشگاه علوم پزشکی شیراز
1397,تجربی,1141,182,منطقه 3,پزشکی - نیمسال اول,دانشگاه علوم پزشکی مازندران - ساری
1397,تجربی,1141,561,منطقه 2,پزشکی - نیمسال دوم,دانشگاه علوم پزشکی اصفهان
1397,تجربی,1144,121,ایثارگر-5%,پزشکی - نیمسال اول,دانشگاه علوم پزشکی همدان
1397,تجربی,1144,183,منطقه 3,پزشکی - نیمسال اول,دانشگاه علوم پزشکی مشهد
1397,تجربی,1146,564,منطقه 2,پزشکی,دانشگاه علوم پزشکی ایران
1397,تجربی,1148,184,منطقه 3,دندانپزشکی,دانشگاه علوم پزشکی شیراز
1397,تجربی,1148,400,منطقه 1,پزشکی,دانشگاه علوم پزشکی یزد
1397,تجربی,1148,565,منطقه 2,پزشکی - نیمسال دوم,دانشگاه علوم پزشکی مشهد
1397,تجربی,1151,185,منطقه 3,پزشکی,دانشگاه علوم پزشکی بابل
1397,تجربی,1152,122,ایثارگر-5%,پزشکی - نیمسال دوم,دانشگاه علوم پزشکی اصفهان
1397,تجربی,1155,569,منطقه 2,دندانپزشکی,دانشگاه علوم پزشکی مشهد
1397,تجربی,1155,569,منطقه 2,پزشکی - نیمسال اول,دانشگاه علوم پزشکی جندی شاپور اهواز
1397,تجربی,1158,186,منطقه 3,پزشکی - نیمسال دوم,دانشگاه علوم پزشکی شیراز
1397,تجربی,1158,571,منطقه 2,داروسازی,دانشگاه علوم پزشکی شیراز
1397,تجربی,1158,571,منطقه 2,پزشکی,دانشگاه علوم پزشکی بابل
1397,تجربی,1162,188,منطقه 3,پزشکی - نیمسال اول,دانشگاه علوم پزشکی تبریز
1397,تجربی,1165,405,منطقه 1,دندانپزشکی,دانشگاه علوم پزشکی اصفهان
1397,تجربی,1165,405,منطقه 1,دندانپزشکی,دانشگاه علوم پزشکی زنجان
1397,تجربی,1165,573,منطقه 2,پزشکی,دانشگاه علوم پزشکی یزد
1397,تجربی,1168,189,منطقه 3,پزشکی,دانشگاه علوم پزشکی یزد
1397,تجربی,1172,409,منطقه 1,دندانپزشکی,دانشگاه علوم پزشکی تبریز
1397,تجربی,1174,410,منطقه 1,پزشکی - نیمسال اول,دانشگاه علوم پزشکی شیراز
1397,تجربی,1175,576,منطقه 2,دندانپزشکی,دانشگاه علوم پزشکی شیراز
1397,تجربی,1177,190,منطقه 3,پزشکی - نیمسال دوم,دانشگاه علوم پزشکی مشهد
1397,تجربی,1177,577,منطقه 2,پزشکی,دانشگاه علوم پزشکی قم
1397,تجربی,1181,191,منطقه 3,پزشکی - نیمسال دوم,دانشگاه علوم پزشکی تبریز
1397,تجربی,1181,578,منطقه 2,دندانپزشکی - نیمسال دوم,دانشگاه علوم پزشکی شهید بهشتی - تهران
1397,تجربی,1181,578,منطقه 2,پزشکی - نیمسال دوم,دانشگاه علوم پزشکی تبریز
1397,تجربی,1185,193,منطقه 3,پزشکی,دانشگاه علوم پزشکی زابل
1397,تجربی,1185,580,منطقه 2,پزشکی,دانشگاه علوم پزشکی ایران
1397,تجربی,1190,583,منطقه 2,پزشکی,دانشگاه علوم پزشکی ایران
1397,تجربی,1193,415,منطقه 1,دندانپزشکی,دانشگاه علوم پزشکی شیراز
1397,تجربی,1193,415,منطقه 1,دندانپزشکی,دانشگاه علوم پزشکی مشهد
1397,تجربی,1193,584,منطقه 2,پزشکی,دانشگاه علوم پزشکی ایران
1397,تجربی,1193,584,منطقه 2,پزشکی,دانشگاه علوم پزشکی بابل
1397,تجربی,1196,195,منطقه 3,پزشکی - نیمسال اول,دانشگاه علوم پزشکی مشهد
1397,تجربی,1197,127,ایثارگر-5%,پزشکی,دانشگاه علوم پزشکی بوشهر
1397,تجربی,1198,587,منطقه 2,پزشکی - نیمسال دوم,دانشگاه علوم پزشکی اصفهان
1397,تجربی,1200,588,منطقه 2,دندانپزشکی,دانشگاه علوم پزشکی کاشان
1397,تجربی,1203,418,منطقه 1,پزشکی - نیمسال دوم,دانشگاه علوم پزشکی مشهد
1397,تجربی,1203,590,منطقه 2,پزشکی,دانشگاه علوم پزشکی ایران
1397,تجربی,1203,590,منطقه 2,پزشکی - نیمسال دوم,دانشگاه علوم پزشکی مشهد
1397,تجربی,1206,420,منطقه 1,پزشکی - نیمسال اول,دانشگاه علوم پزشکی البرز - کرج
1397,تجربی,1208,196,منطقه 3,پزشکی - نیمسال دوم,دانشگاه علوم پزشکی مشهد
1397,تجربی,1210,593,منطقه 2,پزشکی - نیمسال اول,دانشگاه علوم پزشکی گیلان - رشت
1397,تجربی,1211,422,منطقه 1,پزشکی - نیمسال دوم,دانشگاه علوم پزشکی مشهد
1397,تجربی,1214,130,ایثارگر-5%,دندانپزشکی - نیمسال دوم,دانشگاه علوم پزشکی شهید بهشتی - تهران
1397,تجربی,1214,197,منطقه 3,پزشکی - نیمسال دوم,دانشگاه علوم پزشکی شیراز
1397,تجربی,1214,596,منطقه 2,پزشکی,دانشگاه علوم پزشکی ایران
1397,تجربی,1217,131,ایثارگر-5%,پزشکی - نیمسال دوم,دانشگاه علوم پزشکی اصفهان
1397,تجربی,1219,198,منطقه 3,پزشکی,دانشگاه علوم پزشکی یزد
1397,تجربی,1219,198,منطقه 3,پزشکی - نیمسال دوم,دانشگاه علوم پزشکی تبریز
1397,تجربی,1219,599,منطقه 2,دندانپزشکی,دانشگاه علوم پزشکی شیراز
1397,تجربی,1223,200,منطقه 3,پزشکی - نیمسال دوم,دانشگاه علوم پزشکی شیراز
1397,تجربی,1226,202,منطقه 3,پزشکی - نیمسال دوم,دانشگاه علوم پزشکی شیراز
1397,تجربی,1226,601,منطقه 2,پزشکی - نیمسال دوم,دانشگاه علوم پزشکی مشهد
1397,تجربی,1230,133,ایثارگر-5%,پزشکی,دانشگاه شاهد - تهران(رشته های پزشکی)
1397,تجربی,1230,205,منطقه 3,پزشکی - نیمسال دوم,دانشگاه علوم پزشکی شیراز
1397,تجربی,1236,208,منطقه 3,پزشکی - نیمسال اول,دانشگاه علوم پزشکی همدان
1397,تجربی,1236,604,منطقه 2,دندانپزشکی,دانشگاه علوم پزشکی کاشان
1397,تجربی,1239,426,منطقه 1,دندانپزشکی,دانشگاه علوم پزشکی شیراز
1397,تجربی,1239,605,منطقه 2,دندانپزشکی,دانشگاه علوم پزشکی اصفهان
1397,تجربی,1243,608,منطقه 2,پزشکی,دانشگاه علوم پزشکی ایران
1397,تجربی,1246,429,منطقه 1,پزشکی - نیمسال اول,دانشگاه علوم پزشکی مازندران - ساری
1397,تجربی,1246,429,منطقه 1,پزشکی - نیمسال دوم,دانشگاه علوم پزشکی تبریز
1397,تجربی,1246,610,منطقه 2,پزشکی,دانشگاه علوم پزشکی ایران
1397,تجربی,1246,610,منطقه 2,پزشکی,دانشگاه علوم پزشکی یزد
1397,تجربی,1246,610,منطقه 2,پزشکی - نیمسال اول,دانشگاه علوم پزشکی مازندران - ساری
1397,تجربی,1250,431,منطقه 1,پزشکی - نیمسال دوم,دانشگاه علوم پزشکی تبریز
1397,تجربی,1252,138,ایثارگر-5%,پزشکی - نیمسال دوم,دانشگاه علوم پزشکی اصفهان
1397,تجربی,1254,209,منطقه 3,پزشکی - نیمسال اول,دانشگاه علوم پزشکی اصفهان
1397,تجربی,1254,209,منطقه 3,پزشکی - نیمسال دوم,دانشگاه علوم پزشکی تبریز
1397,تجربی,1254,613,منطقه 2,پزشکی,دانشگاه علوم پزشکی ایران
1397,تجربی,1256,211,منطقه 3,پزشکی - نیمسال دوم,دانشگاه علوم پزشکی تبریز
1397,تجربی,1256,614,منطقه 2,پزشکی - نیمسال اول,دانشگاه علوم پزشکی مازندران - ساری
1397,تجربی,1258,139,ایثارگر-5%,پزشکی,دانشگاه علوم پزشکی کاشان
1397,تجربی,1258,615,منطقه 2,دندانپزشکی,دانشگاه علوم پزشکی کرمان
1397,تجربی,1260,617,منطقه 2,پزشکی,دانشگاه علوم پزشکی یزد
1397,تجربی,1261,618,منطقه 2,پزشکی,دانشگاه علوم پزشکی ایران
1397,تجربی,1261,618,منطقه 2,پزشکی - نیمسال اول,دانشگاه علوم پزشکی کرمانشاه
1397,تجربی,1263,620,منطقه 2,پزشکی - نیمسال اول,دانشگاه علوم پزشکی گیلان - رشت
1397,تجربی,1266,434,منطقه 1,پزشکی - نیمسال اول,دانشگاه علوم پزشکی مازندران - ساری
1397,تجربی,1266,622,منطقه 2,دندانپزشکی,دانشگاه علوم پزشکی همدان
1397,تجربی,1269,140,ایثارگر-5%,دندانپزشکی,دانشگاه علوم پزشکی شیراز
1397,تجربی,1271,212,منطقه 3,پزشکی - نیمسال اول,دانشگاه علوم پزشکی کرمان
1397,تجربی,1271,435,منطقه 1,دندانپزشکی,دانشگاه علوم پزشکی شیراز
1397,تجربی,1273,141,ایثارگر-5%,پزشکی - نیمسال دوم,دانشگاه علوم پزشکی تبریز
1397,تجربی,1275,438,منطقه 1,پزشکی - نیمسال دوم,دانشگاه علوم پزشکی البرز - کرج
1397,تجربی,1278,213,منطقه 3,پزشکی - نیمسال اول,دانشگاه علوم پزشکی همدان
1397,تجربی,1278,627,منطقه 2,داروسازی,دانشگاه علوم پزشکی تهران
1397,تجربی,1278,627,منطقه 2,پزشکی - نیمسال اول,دانشگاه علوم پزشکی مازندران - ساری
1397,تجربی,1278,627,منطقه 2,پزشکی - نیمسال اول,دانشگاه علوم پزشکی همدان
1397,تجربی,1283,214,منطقه 3,پزشکی - نیمسال اول,دانشگاه علوم پزشکی جندی شاپور اهواز
1397,تجربی,1283,440,منطقه 1,پزشکی - نیمسال دوم,دانشگاه علوم پزشکی تبریز
1397,تجربی,1283,630,منطقه 2,پزشکی - نیمسال اول,دانشگاه علوم پزشکی مازندران - ساری
1397,تجربی,1283,630,منطقه 2,پزشکی - نیمسال دوم,دانشگاه علوم پزشکی اصفهان
1397,تجربی,1287,441,منطقه 1,پزشکی,دانشگاه علوم پزشکی یزد
1397,تجربی,1287,633,منطقه 2,پزشکی,دانشگاه علوم پزشکی بوشهر
1397,تجربی,1287,633,منطقه 2,پزشکی - نیمسال اول,دانشگاه علوم پزشکی گیلان - رشت
1397,تجربی,1287,633,منطقه 2,پزشکی - نیمسال دوم,دانشگاه علوم پزشکی تبریز
1397,تجربی,1290,635,منطقه 2,پزشکی - نیمسال دوم,دانشگاه علوم پزشکی تبریز
1397,تجربی,1291,215,منطقه 3,پزشکی - نیمسال دوم,دانشگاه علوم پزشکی شیراز
1397,تجربی,1291,636,منطقه 2,پزشکی - نیمسال اول,دانشگاه علوم پزشکی کرمانشاه
1397,تجربی,1296,143,ایثارگر-5%,پزشکی - نیمسال دوم,دانشگاه علوم پزشکی کرمانشاه
1397,تجربی,1296,442,منطقه 1,دندانپزشکی,دانشگاه علوم پزشکی البرز - کرج
1397,تجربی,1296,639,منطقه 2,دندانپزشکی,دانشگاه علوم پزشکی کرمان
1397,تجربی,1296,639,منطقه 2,پزشکی,دانشگاه علوم پزشکی بابل
1397,تجربی,1296,639,منطقه 2,پزشکی - نیمسال اول,دانشگاه علوم پزشکی ارومیه
1397,تجربی,1296,639,منطقه 2,پزشکی - نیمسال اول,دانشگاه علوم پزشکی جندی شاپور اهواز
1397,تجربی,1302,17,ایثارگر-25%,پزشکی,دانشگاه علوم پزشکی تهران
1397,تجربی,1302,643,منطقه 2,دندانپزشکی,دانشگاه شاهد - تهران(رشته های پزشکی)
1397,تجربی,1302,643,منطقه 2,پزشکی - نیمسال اول,دانشگاه علوم پزشکی البرز - کرج
1397,تجربی,1306,443,منطقه 1,دندانپزشکی,دانشگاه علوم پزشکی تبریز
1397,تجربی,1306,645,منطقه 2,پزشکی,دانشگاه علوم پزشکی قم
1397,تجربی,1309,646,منطقه 2,پزشکی,دانشگاه علوم پزشکی کاشان
1397,تجربی,1309,646,منطقه 2,پزشکی,دانشگاه علوم پزشکی یزد
1397,تجربی,1311,145,ایثارگر-5%,پزشکی,دانشگاه علوم پزشکی بابل
1397,تجربی,1314,146,ایثارگر-5%,پزشکی - نیمسال دوم,دانشگاه علوم پزشکی تبریز
1397,تجربی,1314,446,منطقه 1,پزشکی,دانشگاه علوم پزشکی کاشان
1397,تجربی,1318,447,منطقه 1,پزشکی,دانشگاه علوم پزشکی یزد
1397,تجربی,1318,652,منطقه 2,پزشکی,دانشگاه علوم پزشکی یزد
1397,تجربی,1318,652,منطقه 2,پزشکی - نیمسال اول,دانشگاه علوم پزشکی مازندران - ساری
1397,تجربی,1318,652,منطقه 2,پزشکی - نیمسال اول,دانشگاه علوم پزشکی همدان
1397,تجربی,1321,448,منطقه 1,پزشکی - نیمسال دوم,دانشگاه علوم پزشکی تبریز
1397,تجربی,1321,655,منطقه 2,پزشکی - نیمسال اول,دانشگاه علوم پزشکی البرز - کرج
1397,تجربی,1325,450,منطقه 1,پزشکی - نیمسال اول,دانشگاه علوم پزشکی البرز - کرج
1397,تجربی,1325,450,منطقه 1,پزشکی - نیمسال اول,دانشگاه علوم پزشکی جهرم
1397,تجربی,1325,656,منطقه 2,پزشکی - نیمسال اول,دانشگاه علوم پزشکی البرز - کرج
1397,تجربی,1325,656,منطقه 2,پزشکی - نیمسال دوم,دانشگاه علوم پزشکی البرز - کرج
1397,تجربی,1328,220,منطقه 3,پزشکی - نیمسال اول,دانشگاه علوم پزشکی کرمانشاه
1397,تجربی,1329,658,منطقه 2,دندانپزشکی,دانشگاه علوم پزشکی اصفهان
1397,تجربی,1329,658,منطقه 2,دندانپزشکی,دانشگاه علوم پزشکی گیلان - رشت
1397,تجربی,1331,452,منطقه 1,دندانپزشکی,دانشگاه علوم پزشکی کرمانشاه
1397,تجربی,1334,453,منطقه 1,پزشکی,دانشگاه علوم پزشکی قزوین
1397,تجربی,1334,453,منطقه 1,پزشکی - نیمسال دوم,دانشگاه علوم پزشکی تبریز
1397,تجربی,1334,661,منطقه 2,پزشکی - نیمسال اول,دانشگاه علوم پزشکی البرز - کرج
1397,تجربی,1337,663,منطقه 2,دندانپزشکی,دانشگاه علوم پزشکی بابل
1397,تجربی,1337,663,منطقه 2,پزشکی,دانشگاه علوم پزشکی گلستان - گرگان
1397,تجربی,1337,663,منطقه 2,پزشکی - نیمسال اول,دانشگاه علوم پزشکی جندی شاپور اهواز
1397,تجربی,1346,222,منطقه 3,پزشکی - نیمسال دوم,دانشگاه علوم پزشکی تبریز
1397,تجربی,1346,459,منطقه 1,دندانپزشکی,دانشگاه علوم پزشکی تبریز
1397,تجربی,1346,459,منطقه 1,دندانپزشکی,دانشگاه علوم پزشکی مشهد - پردیس خودگردان
1397,تجربی,1350,463,منطقه 1,پزشکی - نیمسال اول,دانشگاه علوم پزشکی مازندران - ساری
1397,تجربی,1353,224,منطقه 3,پزشکی - نیمسال دوم,دانشگاه علوم پزشکی تبریز
1397,تجربی,1353,666,منطقه 2,پزشکی,دانشگاه علوم پزشکی بابل
1397,تجربی,1357,466,منطقه 1,داروسازی,دانشگاه علوم پزشکی تهران
1397,تجربی,1362,152,ایثارگر-5%,دندانپزشکی,دانشگاه علوم پزشکی تبریز
1397,تجربی,1362,226,منطقه 3,پزشکی - نیمسال دوم,دانشگاه علوم پزشکی تبریز
1397,تجربی,1362,669,منطقه 2,پزشکی - نیمسال دوم,دانشگاه علوم پزشکی تبریز
1397,تجربی,1368,227,منطقه 3,پزشکی - نیمسال دوم,دانشگاه علوم پزشکی شیراز
1397,تجربی,1368,470,منطقه 1,پزشکی,دانشگاه علوم پزشکی ایران - پردیس خودگردان
1397,تجربی,1368,470,منطقه 1,پزشکی - نیمسال دوم,دانشگاه علوم پزشکی البرز - کرج
1397,تجربی,1368,470,منطقه 1,پزشکی - نیمسال دوم,دانشگاه علوم پزشکی تبریز
1397,تجربی,1368,671,منطقه 2,پزشکی,دانشگاه علوم پزشکی بابل
1397,تجربی,1368,671,منطقه 2,پزشکی - نیمسال اول,دانشگاه علوم پزشکی البرز - کرج
1397,تجربی,1372,228,منطقه 3,پزشکی - نیمسال اول,دانشگاه علوم پزشکی گیلان - رشت
1397,تجربی,1372,673,منطقه 2,پزشکی - نیمسال اول,دانشگاه علوم پزشکی البرز - کرج
1397,تجربی,1375,473,منطقه 1,پزشکی - نیمسال دوم,دانشگاه علوم پزشکی تبریز
1397,تجربی,1376,155,ایثارگر-5%,پزشکی - نیمسال دوم,دانشگاه علوم پزشکی تبریز
1397,تجربی,1376,675,منطقه 2,پزشکی - نیمسال دوم,دانشگاه علوم پزشکی تبریز
1397,تجربی,1378,677,منطقه 2,پزشکی - نیمسال اول,دانشگاه علوم پزشکی مازندران - ساری
1397,تجربی,1381,475,منطقه 1,پزشکی,دانشگاه علوم پزشکی یزد
1397,تجربی,1383,477,منطقه 1,پزشکی - نیمسال دوم,دانشگاه علوم پزشکی تبریز
1397,تجربی,1386,479,منطقه 1,پزشکی - نیمسال دوم,دانشگاه علوم پزشکی تبریز
1397,تجربی,1389,229,منطقه 3,پزشکی - نیمسال دوم,دانشگاه علوم پزشکی مشهد
1397,تجربی,1394,230,منطقه 3,پزشکی - نیمسال اول,دانشگاه علوم پزشکی جندی شاپور اهواز
1397,تجربی,1394,484,منطقه 1,دندانپزشکی,دانشگاه علوم پزشکی ارومیه
1397,تجربی,1397,681,منطقه 2,علوم آزمایشگاهی,دانشگاه علوم پزشکی اراک
1397,تجربی,1399,683,منطقه 2,دندانپزشکی,دانشگاه علوم پزشکی تبریز
1397,تجربی,1399,683,منطقه 2,پزشکی - نیمسال اول,دانشگاه علوم پزشکی البرز - کرج
1397,تجربی,1403,232,منطقه 3,پزشکی - نیمسال دوم,دانشگاه علوم پزشکی مشهد
1397,تجربی,1403,685,منطقه 2,دندانپزشکی,دانشگاه علوم پزشکی کاشان
1397,تجربی,1403,685,منطقه 2,پزشکی - نیمسال اول,دانشگاه علوم پزشکی گیلان - رشت
1397,تجربی,1405,233,منطقه 3,پزشکی,دانشگاه علوم پزشکی تهران
1397,تجربی,1409,234,منطقه 3,پزشکی - نیمسال دوم,دانشگاه علوم پزشکی مشهد
1397,تجربی,1409,487,منطقه 1,پزشکی - نیمسال دوم,دانشگاه علوم پزشکی البرز - کرج
1397,تجربی,1409,688,منطقه 2,دندانپزشکی,دانشگاه علوم پزشکی بابل
1397,تجربی,1413,489,منطقه 1,پزشکی,دانشگاه علوم پزشکی یزد
1397,تجربی,1413,690,منطقه 2,پزشکی,دانشگاه علوم پزشکی اردبیل
1397,تجربی,1417,235,منطقه 3,پزشکی - نیمسال دوم,دانشگاه علوم پزشکی تبریز
1397,تجربی,1417,692,منطقه 2,پزشکی - نیمسال اول,دانشگاه علوم پزشکی همدان
1397,تجربی,1417,692,منطقه 2,پزشکی - نیمسال دوم,دانشگاه علوم پزشکی ارومیه
1397,تجربی,1425,696,منطقه 2,پزشکی - نیمسال اول,دانشگاه علوم پزشکی جهرم
1397,تجربی,1428,18,ایثارگر-25%,پزشکی,دانشگاه علوم پزشکی تهران
1397,تجربی,1428,494,منطقه 1,دندانپزشکی,دانشگاه علوم پزشکی کاشان
1397,تجربی,1430,495,منطقه 1,دندانپزشکی,دانشگاه علوم پزشکی زنجان
1397,تجربی,1431,700,منطقه 2,پزشکی - نیمسال اول,دانشگاه علوم پزشکی سمنان
1397,تجربی,1432,237,منطقه 3,پزشکی - نیمسال اول,دانشگاه علوم پزشکی جندی شاپور اهواز
1397,تجربی,1432,701,منطقه 2,پزشکی - نیمسال اول,دانشگاه علوم پزشکی البرز - کرج
1397,تجربی,1434,702,منطقه 2,پزشکی - نیمسال اول,دانشگاه علوم پزشکی شهرکرد
1397,تجربی,1435,238,منطقه 3,پزشکی - نیمسال اول,دانشگاه علوم پزشکی جندی شاپور اهواز
1397,تجربی,1436,703,منطقه 2,پزشکی - نیمسال اول,دانشگاه علوم پزشکی سمنان
1397,تجربی,1439,497,منطقه 1,دندانپزشکی,دانشگاه علوم پزشکی مازندران - ساری
1397,تجربی,1439,497,منطقه 1,پزشکی - نیمسال اول,دانشگاه علوم پزشکی ارومیه
1397,تجربی,1439,704,منطقه 2,پزشکی,دانشگاه علوم پزشکی قم
1397,تجربی,1442,239,منطقه 3,پزشکی - نیمسال اول,دانشگاه علوم پزشکی جندی شاپور اهواز
1397,تجربی,1446,241,منطقه 3,پزشکی,دانشگاه علوم پزشکی ایلام
1397,تجربی,1446,706,منطقه 2,پزشکی - نیمسال اول,دانشگاه علوم پزشکی ارومیه
1397,تجربی,1446,706,منطقه 2,پزشکی - نیمسال اول,دانشگاه علوم پزشکی سمنان
1397,تجربی,1450,708,منطقه 2,دندانپزشکی,دانشگاه علوم پزشکی بابل
1397,تجربی,1450,708,منطقه 2,پزشکی - نیمسال اول,دانشگاه علوم پزشکی اراک
1397,تجربی,1453,503,منطقه 1,پزشکی - نیمسال اول,دانشگاه علوم پزشکی ارومیه
1397,تجربی,1453,710,منطقه 2,پزشکی - نیمسال اول,دانشگاه علوم پزشکی سبزوار
1397,تجربی,1455,242,منطقه 3,پزشکی,دانشگاه علوم پزشکی ایلام
1397,تجربی,1457,163,ایثارگر-5%,پزشکی - نیمسال اول,دانشگاه علوم پزشکی یاسوج
1397,تجربی,1457,711,منطقه 2,پزشکی,دانشگاه علوم پزشکی گلستان - گرگان
1397,تجربی,1463,714,منطقه 2,دندانپزشکی,دانشگاه علوم پزشکی زنجان
1397,تجربی,1463,714,منطقه 2,پزشکی - نیمسال اول,دانشگاه علوم پزشکی جندی شاپور اهواز
1397,تجربی,1463,714,منطقه 2,پزشکی - نیمسال اول,دانشگاه علوم پزشکی مازندران - ساری
1397,تجربی,1468,244,منطقه 3,پزشکی - نیمسال دوم,دانشگاه علوم پزشکی تبریز
1397,تجربی,1468,508,منطقه 1,پزشکی - نیمسال دوم,دانشگاه علوم پزشکی ارومیه
1397,تجربی,1472,510,منطقه 1,پزشکی,دانشگاه علوم پزشکی یزد
1397,تجربی,1472,510,منطقه 1,پزشکی - نیمسال اول,دانشگاه علوم پزشکی ارومیه
1397,تجربی,1472,718,منطقه 2,پزشکی,دانشگاه علوم پزشکی قزوین
1397,تجربی,1472,718,منطقه 2,پزشکی - نیمسال اول,دانشگاه علوم پزشکی کرمان
1397,تجربی,1475,720,منطقه 2,پزشکی - نیمسال اول,دانشگاه علوم پزشکی جندی شاپور اهواز
1397,تجربی,1477,245,منطقه 3,پزشکی - نیمسال دوم,دانشگاه علوم پزشکی تبریز
1397,تجربی,1477,721,منطقه 2,پزشکی - نیمسال اول,دانشگاه علوم پزشکی مازندران - ساری
1397,تجربی,1480,513,منطقه 1,پزشکی - نیمسال اول,دانشگاه علوم پزشکی گیلان - رشت
1397,تجربی,1480,723,منطقه 2,دندانپزشکی,دانشگاه علوم پزشکی زنجان
1397,تجربی,1480,723,منطقه 2,دندانپزشکی,دانشگاه علوم پزشکی قم
1397,تجربی,1483,514,منطقه 1,پزشکی,دانشگاه علوم پزشکی یزد
1397,تجربی,1485,726,منطقه 2,پزشکی - نیمسال اول,دانشگاه علوم پزشکی همدان
1397,تجربی,1487,246,منطقه 3,پزشکی - نیمسال اول,دانشگاه علوم پزشکی ارومیه
1397,تجربی,1491,247,منطقه 3,پزشکی - نیمسال اول,دانشگاه علوم پزشکی یاسوج
1397,تجربی,1491,729,منطقه 2,پزشکی,دانشگاه علوم پزشکی یزد
1397,تجربی,1494,518,منطقه 1,پزشکی,دانشگاه علوم پزشکی فسا
1397,تجربی,1497,168,ایثارگر-5%,پزشکی - نیمسال اول,دانشگاه علوم پزشکی کرمان
1397,تجربی,1497,731,منطقه 2,پزشکی - نیمسال اول,دانشگاه علوم پزشکی البرز - کرج
1397,تجربی,1501,520,منطقه 1,پزشکی - نیمسال دوم,دانشگاه علوم پزشکی البرز - کرج
1397,تجربی,1501,733,منطقه 2,پزشکی - نیمسال اول,دانشگاه علوم پزشکی مازندران - ساری
1397,تجربی,1501,733,منطقه 2,پزشکی - نیمسال اول,دانشگاه علوم پزشکی کرمان
1397,تجربی,1504,249,منطقه 3,دندانپزشکی,دانشگاه علوم پزشکی ارومیه
1397,تجربی,1504,735,منطقه 2,پزشکی,دانشگاه علوم پزشکی اردبیل
1397,تجربی,1504,735,منطقه 2,پزشکی - نیمسال اول,دانشگاه علوم پزشکی گیلان - رشت
1397,تجربی,1508,521,منطقه 1,پزشکی - بومی آذربایجان شرقی محل خدمت شهرستان ورزقان,دانشگاه علوم پزشکی تبریز
1397,تجربی,1508,738,منطقه 2,پزشکی,دانشگاه علوم پزشکی یزد
1397,تجربی,1508,738,منطقه 2,پزشکی - نیمسال اول,دانشگاه علوم پزشکی اراک
1397,تجربی,1508,738,منطقه 2,پزشکی - نیمسال اول,دانشگاه علوم پزشکی گیلان - رشت
1397,تجربی,1508,738,منطقه 2,پزشکی - نیمسال دوم,دانشگاه علوم پزشکی البرز - کرج
1397,تجربی,1513,523,منطقه 1,دندانپزشکی,دانشگاه شاهد - تهران(رشته های پزشکی)
1397,تجربی,1513,742,منطقه 2,داروسازی,دانشگاه علوم پزشکی شهید بهشتی - تهران
1397,تجربی,1513,742,منطقه 2,پزشکی - نیمسال اول,دانشگاه علوم پزشکی ارومیه
1397,تجربی,1513,742,منطقه 2,پزشکی - نیمسال اول,دانشگاه علوم پزشکی مازندران - ساری
1397,تجربی,1517,745,منطقه 2,پزشکی - نیمسال اول,دانشگاه علوم پزشکی مازندران - ساری
1397,تجربی,1520,169,ایثارگر-5%,پزشکی - نیمسال اول,دانشگاه علوم پزشکی کرمان
1397,تجربی,1523,171,ایثارگر-5%,دندانپزشکی,دانشگاه علوم پزشکی ارومیه
1397,تجربی,1523,747,منطقه 2,پزشکی - نیمسال اول,دانشگاه علوم پزشکی ارومیه
1397,تجربی,1526,251,منطقه 3,پزشکی - نیمسال دوم,دانشگاه علوم پزشکی مشهد
1397,تجربی,1526,749,منطقه 2,پزشکی,دانشگاه علوم پزشکی گلستان - گرگان
1397,تجربی,1530,253,منطقه 3,پزشکی - نیمسال اول,دانشگاه علوم پزشکی همدان
1397,تجربی,1530,751,منطقه 2,پزشکی - نیمسال اول,دانشگاه علوم پزشکی همدان
1397,تجربی,1536,529,منطقه 1,پزشکی,دانشگاه علوم پزشکی یزد
1397,تجربی,1536,529,منطقه 1,پزشکی - نیمسال اول,دانشگاه علوم پزشکی ارومیه
1397,تجربی,1536,753,منطقه 2,پزشکی - نیمسال اول,دانشگاه علوم پزشکی شهرکرد
1397,تجربی,1536,753,منطقه 2,پزشکی - نیمسال اول,دانشگاه علوم پزشکی همدان
1397,تجربی,1543,256,منطقه 3,دندانپزشکی,دانشگاه علوم پزشکی شیراز
1397,تجربی,1543,532,منطقه 1,دندانپزشکی,دانشگاه علوم پزشکی همدان
1397,تجربی,1543,756,منطقه 2,پزشکی - نیمسال اول,دانشگاه علوم پزشکی ارومیه
1397,تجربی,1543,756,منطقه 2,پزشکی - نیمسال اول,دانشگاه علوم پزشکی مازندران - ساری
1397,تجربی,1543,756,منطقه 2,پزشکی - نیمسال اول,دانشگاه علوم پزشکی کرمانشاه
1397,تجربی,1548,257,منطقه 3,پزشکی,دانشگاه علوم پزشکی زنجان
1397,تجربی,1548,257,منطقه 3,پزشکی - نیمسال اول,دانشگاه علوم پزشکی همدان
1397,تجربی,1548,533,منطقه 1,دندانپزشکی,دانشگاه علوم پزشکی البرز - کرج
1397,تجربی,1548,759,منطقه 2,داروسازی,دانشگاه علوم پزشکی تهران
1397,تجربی,1548,759,منطقه 2,پزشکی,دانشگاه علوم پزشکی یزد
1397,تجربی,1552,761,منطقه 2,پزشکی - نیمسال اول,دانشگاه علوم پزشکی جندی شاپور اهواز
1397,تجربی,1554,173,ایثارگر-5%,دندانپزشکی,دانشگاه علوم پزشکی قزوین
1397,تجربی,1554,259,منطقه 3,پزشکی - نیمسال اول,دانشگاه علوم پزشکی همدان
1397,تجربی,1557,260,منطقه 3,پزشکی - نیمسال اول,دانشگاه علوم پزشکی مازندران - ساری
1397,تجربی,1558,261,منطقه 3,پزشکی - نیمسال اول,دانشگاه علوم پزشکی جندی شاپور اهواز
1397,تجربی,1562,262,منطقه 3,پزشکی,دانشگاه علوم پزشکی قم
1397,تجربی,1562,262,منطقه 3,پزشکی,دانشگاه علوم پزشکی یزد
1397,تجربی,1562,538,منطقه 1,داروسازی,دانشگاه علوم پزشکی تهران
1397,تجربی,1562,538,منطقه 1,پزشکی - نیمسال اول,دانشگاه علوم پزشکی مازندران - ساری
1397,تجربی,1562,762,منطقه 2,پزشکی - نیمسال اول,دانشگاه علوم پزشکی ارومیه
1397,تجربی,1565,174,ایثارگر-5%,پزشکی - نیمسال اول,دانشگاه علوم پزشکی اراک
1397,تجربی,1569,541,منطقه 1,دندانپزشکی,دانشگاه علوم پزشکی بابل
1397,تجربی,1569,765,منطقه 2,پزشکی,دانشگاه علوم پزشکی یزد
1397,تجربی,1571,766,منطقه 2,دندانپزشکی,دانشگاه علوم پزشکی یاسوج
1397,تجربی,1573,767,منطقه 2,دندانپزشکی,دانشگاه علوم پزشکی بابل
1397,تجربی,1575,768,منطقه 2,پزشکی,دانشگاه علوم پزشکی اردبیل
1397,تجربی,1576,176,ایثارگر-5%,دندانپزشکی,دانشگاه علوم پزشکی بیرجند
1397,تجربی,1576,176,ایثارگر-5%,پزشکی,دانشگاه علوم پزشکی یزد
1397,تجربی,1579,771,منطقه 2,پزشکی,دانشگاه علوم پزشکی بابل
1397,تجربی,1579,771,منطقه 2,پزشکی,دانشگاه علوم پزشکی یزد
1397,تجربی,1581,773,منطقه 2,پزشکی - نیمسال اول,دانشگاه علوم پزشکی گیلان - رشت
1397,تجربی,1583,179,ایثارگر-5%,پزشکی - نیمسال اول,دانشگاه علوم پزشکی همدان
1397,تجربی,1583,545,منطقه 1,پزشکی - نیمسال دوم,دانشگاه علوم پزشکی مازندران - ساری
1397,تجربی,1586,180,ایثارگر-5%,پزشکی - نیمسال اول,دانشگاه علوم پزشکی گیلان - رشت
1397,تجربی,1589,181,ایثارگر-5%,پزشکی - نیمسال دوم,دانشگاه علوم پزشکی البرز - کرج
1397,تجربی,1589,775,منطقه 2,پزشکی,دانشگاه علوم پزشکی یزد
1397,تجربی,1592,549,منطقه 1,دندانپزشکی,دانشگاه علوم پزشکی بابل
1397,تجربی,1592,549,منطقه 1,پزشکی,دانشگاه علوم پزشکی کاشان
1397,تجربی,1592,776,منطقه 2,دندانپزشکی,دانشگاه علوم پزشکی ارومیه
1397,تجربی,1592,776,منطقه 2,پزشکی - نیمسال اول,دانشگاه علوم پزشکی ارومیه
1397,تجربی,1596,268,منطقه 3,پزشکی - نیمسال اول,دانشگاه علوم پزشکی همدان
1397,تجربی,1596,778,منطقه 2,پزشکی,دانشگاه علوم پزشکی بیرجند
1397,تجربی,1601,269,منطقه 3,پزشکی - نیمسال اول,دانشگاه علوم پزشکی کرمان
1397,تجربی,1601,782,منطقه 2,پزشکی,دانشگاه علوم پزشکی بابل
1397,تجربی,1601,782,منطقه 2,پزشکی - نیمسال دوم,دانشگاه علوم پزشکی ارومیه
1397,تجربی,1601,782,منطقه 2,پزشکی - نیمسال دوم,دانشگاه علوم پزشکی مازندران - ساری
1397,تجربی,1605,551,منطقه 1,پزشکی - نیمسال اول,دانشگاه علوم پزشکی سمنان
1397,تجربی,1607,183,ایثارگر-5%,پزشکی,دانشگاه علوم پزشکی بابل
1397,تجربی,1607,553,منطقه 1,پزشکی - نیمسال دوم,دانشگاه علوم پزشکی ارومیه
1397,تجربی,1611,556,منطقه 1,دندانپزشکی,دانشگاه علوم پزشکی مازندران - ساری
1397,تجربی,1611,556,منطقه 1,پزشکی,دانشگاه علوم پزشکی یزد
1397,تجربی,1611,786,منطقه 2,پزشکی,دانشگاه علوم پزشکی بیرجند
1397,تجربی,1619,790,منطقه 2,پزشکی,دانشگاه علوم پزشکی بابل
1397,تجربی,1622,560,منطقه 1,پزشکی,دانشگاه علوم پزشکی زنجان
1397,تجربی,1625,561,منطقه 1,پزشکی - نیمسال دوم,دانشگاه علوم پزشکی البرز - کرج
1397,تجربی,1625,794,منطقه 2,پزشکی,دانشگاه علوم پزشکی بابل
1397,تجربی,1625,794,منطقه 2,پزشکی - نیمسال اول,دانشگاه علوم پزشکی شهرکرد
1397,تجربی,1631,273,منطقه 3,پزشکی - نیمسال اول,دانشگاه علوم پزشکی همدان
1397,تجربی,1631,273,منطقه 3,پزشکی - نیمسال اول,دانشگاه علوم پزشکی گیلان - رشت
1397,تجربی,1631,563,منطقه 1,پزشکی,دانشگاه علوم پزشکی اصفهان - پردیس خودگردان
1397,تجربی,1634,797,منطقه 2,دندانپزشکی,دانشگاه علوم پزشکی کاشان
1397,تجربی,1636,276,منطقه 3,پزشکی,دانشگاه علوم پزشکی یزد
1397,تجربی,1636,276,منطقه 3,پزشکی - نیمسال دوم,دانشگاه علوم پزشکی البرز - کرج
1397,تجربی,1639,565,منطقه 1,پزشکی,دانشگاه علوم پزشکی یزد
1397,تجربی,1639,565,منطقه 1,پزشکی - نیمسال اولژ,دانشگاه علوم پزشکی مشهد - پردیس خودگردان
1397,تجربی,1639,798,منطقه 2,پزشکی,دانشگاه علوم پزشکی گلستان - گرگان
1397,تجربی,1642,278,منطقه 3,پزشکی - نیمسال دوم,دانشگاه علوم پزشکی مشهد
1397,تجربی,1642,799,منطقه 2,پزشکی - نیمسال اول,دانشگاه علوم پزشکی همدان
1397,تجربی,1644,800,منطقه 2,پزشکی - نیمسال اول,دانشگاه علوم پزشکی گیلان - رشت
1397,تجربی,1645,801,منطقه 2,پزشکی,دانشگاه علوم پزشکی بابل
1397,تجربی,1650,186,ایثارگر-5%,پزشکی - نیمسال اول,دانشگاه علوم پزشکی جندی شاپور اهواز
1397,تجربی,1650,567,منطقه 1,پزشکی - نیمسال اولژ,دانشگاه علوم پزشکی مشهد - پردیس خودگردان
1397,تجربی,1650,567,منطقه 1,پزشکی - نیمسال دوم,دانشگاه علوم پزشکی البرز - کرج
1397,تجربی,1650,804,منطقه 2,دندانپزشکی,دانشگاه علوم پزشکی همدان
1397,تجربی,1650,804,منطقه 2,پزشکی,دانشگاه علوم پزشکی بیرجند
1397,تجربی,1650,804,منطقه 2,پزشکی,دانشگاه علوم پزشکی زنجان
1397,تجربی,1650,804,منطقه 2,پزشکی - نیمسال دوم,دانشگاه علوم پزشکی مازندران - ساری
1397,تجربی,1656,570,منطقه 1,دندانپزشکی,دانشگاه علوم پزشکی یزد
1397,تجربی,1659,280,منطقه 3,پزشکی,دانشگاه علوم پزشکی یزد
1397,تجربی,1662,810,منطقه 2,دندانپزشکی,دانشگاه علوم پزشکی سمنان
1397,تجربی,1662,810,منطقه 2,پزشکی - نیمسال اول,دانشگاه علوم پزشکی جندی شاپور اهواز
1397,تجربی,1662,810,منطقه 2,پزشکی - نیمسال اول,دانشگاه علوم پزشکی شاهرود
1397,تجربی,1666,189,ایثارگر-5%,پزشکی - نیمسال اول,دانشگاه علوم پزشکی تبریز - پردیس خودگردان
1397,تجربی,1669,814,منطقه 2,پزشکی - نیمسال اول,دانشگاه علوم پزشکی اراک
1397,تجربی,1671,816,منطقه 2,پزشکی - نیمسال دوم,دانشگاه علوم پزشکی مازندران - ساری
1397,تجربی,1675,575,منطقه 1,پزشکی - نیمسال دوم,دانشگاه علوم پزشکی ارومیه
1397,تجربی,1675,819,منطقه 2,پزشکی - نیمسال اول,دانشگاه علوم پزشکی جندی شاپور اهواز
1397,تجربی,1678,283,منطقه 3,پزشکی - نیمسال اول,دانشگاه علوم پزشکی کرمان
1397,تجربی,1678,283,منطقه 3,پزشکی - نیمسال اول,دانشگاه علوم پزشکی یاسوج
1397,تجربی,1682,285,منطقه 3,پزشکی,دانشگاه علوم پزشکی بیرجند
1397,تجربی,1682,577,منطقه 1,پزشکی - نیمسال دوم,دانشگاه علوم پزشکی ارومیه
1397,تجربی,1682,820,منطقه 2,پزشکی,دانشگاه علوم پزشکی یزد
1397,تجربی,1688,579,منطقه 1,پزشکی - نیمسال اول,دانشگاه علوم پزشکی شیراز
1397,تجربی,1688,824,منطقه 2,دندانپزشکی,دانشگاه علوم پزشکی کرمان
1397,تجربی,1688,824,منطقه 2,پزشکی,دانشگاه علوم پزشکی بابل
1397,تجربی,1688,824,منطقه 2,پزشکی,دانشگاه علوم پزشکی یزد
1397,تجربی,1688,824,منطقه 2,پزشکی - نیمسال دوم,دانشگاه علوم پزشکی البرز - کرج
1397,تجربی,1694,828,منطقه 2,دندانپزشکی,دانشگاه علوم پزشکی قزوین
1397,تجربی,1698,581,منطقه 1,پزشکی - نیمسال اول,دانشگاه علوم پزشکی تبریز - پردیس خودگردان
1397,تجربی,1701,288,منطقه 3,پزشکی,دانشگاه علوم پزشکی فسا
1397,تجربی,1701,288,منطقه 3,پزشکی - نیمسال اول,دانشگاه علوم پزشکی کرمانشاه
1397,تجربی,1704,194,ایثارگر-5%,پزشکی,دانشگاه علوم پزشکی اردبیل
1397,تجربی,1704,583,منطقه 1,دندانپزشکی,دانشگاه علوم پزشکی ارومیه
1397,تجربی,1704,832,منطقه 2,پزشکی - نیمسال اول,دانشگاه علوم پزشکی گیلان - رشت
1397,تجربی,1707,584,منطقه 1,پزشکی - نیمسال دوم,دانشگاه علوم پزشکی ارومیه
1397,تجربی,1707,834,منطقه 2,پزشکی,دانشگاه علوم پزشکی اردبیل
1397,تجربی,1707,834,منطقه 2,پزشکی,دانشگاه علوم پزشکی بابل
1397,تجربی,1709,290,منطقه 3,پزشکی - نیمسال اول,دانشگاه علوم پزشکی جندی شاپور اهواز
1397,تجربی,1709,836,منطقه 2,پزشکی - نیمسال دوم,دانشگاه علوم پزشکی ارومیه
1397,تجربی,1711,585,منطقه 1,پزشکی - نیمسال دوم,دانشگاه علوم پزشکی مازندران - ساری
1397,تجربی,1713,837,منطقه 2,پزشکی - نیمسال اول,دانشگاه علوم پزشکی سمنان
1397,تجربی,1717,196,ایثارگر-5%,پزشکی,دانشگاه علوم پزشکی بابل
1397,تجربی,1717,587,منطقه 1,پزشکی,دانشگاه علوم پزشکی فسا
1397,تجربی,1717,840,منطقه 2,دندانپزشکی,دانشگاه علوم پزشکی کرمان
1397,تجربی,1717,840,منطقه 2,پزشکی - نیمسال اول,دانشگاه علوم پزشکی شهرکرد
1397,تجربی,1720,842,منطقه 2,دندانپزشکی,دانشگاه علوم پزشکی کاشان
1397,تجربی,1722,843,منطقه 2,پزشکی,دانشگاه علوم پزشکی یزد
1397,تجربی,1725,846,منطقه 2,پزشکی,دانشگاه علوم پزشکی بیرجند
1397,تجربی,1725,846,منطقه 2,پزشکی - نیمسال اول,دانشگاه علوم پزشکی گیلان - رشت
1397,تجربی,1728,291,منطقه 3,پزشکی - نیمسال اول,دانشگاه علوم پزشکی گیلان - رشت
1397,تجربی,1728,590,منطقه 1,پزشکی - نیمسال دوم,دانشگاه علوم پزشکی البرز - کرج
1397,تجربی,1728,848,منطقه 2,پزشکی,دانشگاه علوم پزشکی بابل
1397,تجربی,1730,591,منطقه 1,دندانپزشکی,دانشگاه علوم پزشکی قم
1397,تجربی,1736,199,ایثارگر-5%,پزشکی,دانشگاه علوم پزشکی قم
1397,تجربی,1736,595,منطقه 1,پزشکی,دانشگاه علوم پزشکی زنجان
1397,تجربی,1736,851,منطقه 2,پزشکی,دانشگاه علوم پزشکی قزوین
1397,تجربی,1736,851,منطقه 2,پزشکی - نیمسال اول,دانشگاه علوم پزشکی گیلان - رشت
1397,تجربی,1739,853,منطقه 2,پزشکی,دانشگاه علوم پزشکی بابل
1397,تجربی,1743,200,ایثارگر-5%,پزشکی - نیمسال دوم,دانشگاه علوم پزشکی ارومیه
1397,تجربی,1743,596,منطقه 1,پزشکی - نیمسال دوم,دانشگاه علوم پزشکی مازندران - ساری
1397,تجربی,1743,854,منطقه 2,پزشکی,دانشگاه علوم پزشکی اردبیل
1397,تجربی,1747,598,منطقه 1,دندانپزشکی,دانشگاه علوم پزشکی ارومیه
1397,تجربی,1747,856,منطقه 2,دندانپزشکی,دانشگاه علوم پزشکی کرمانشاه
1397,تجربی,1750,857,منطقه 2,دندانپزشکی,دانشگاه علوم پزشکی گیلان - رشت
1397,تجربی,1750,857,منطقه 2,پزشکی,دانشگاه علوم پزشکی زنجان
1397,تجربی,1753,202,ایثارگر-5%,دندانپزشکی,دانشگاه علوم پزشکی مازندران - ساری
1397,تجربی,1753,600,منطقه 1,پزشکی,دانشگاه علوم پزشکی یزد
1397,تجربی,1753,859,منطقه 2,دندانپزشکی,دانشگاه علوم پزشکی کرمانشاه
1397,تجربی,1757,203,ایثارگر-5%,دندانپزشکی,دانشگاه علوم پزشکی شیراز
1397,تجربی,1757,860,منطقه 2,پزشکی - نیمسال دوم,دانشگاه علوم پزشکی مازندران - ساری
1397,تجربی,1760,298,منطقه 3,پزشکی - نیمسال دوم,دانشگاه علوم پزشکی جندی شاپور اهواز
1397,تجربی,1760,601,منطقه 1,دندانپزشکی,دانشگاه علوم پزشکی یزد
1397,تجربی,1762,603,منطقه 1,دندانپزشکی,دانشگاه علوم پزشکی خراسان شمالی - بجنورد
1397,تجربی,1762,862,منطقه 2,دندانپزشکی,دانشگاه علوم پزشکی اصفهان
1397,تجربی,1765,299,منطقه 3,پزشکی,دانشگاه علوم پزشکی بابل
1397,تجربی,1765,863,منطقه 2,پزشکی,دانشگاه علوم پزشکی یزد
1397,تجربی,1768,205,ایثارگر-5%,پزشکی - نیمسال اول,دانشگاه علوم پزشکی کرمان
1397,تجربی,1768,864,منطقه 2,پزشکی - نیمسال اول,دانشگاه علوم پزشکی جهرم
1397,تجربی,1774,303,منطقه 3,پزشکی - نیمسال اول,دانشگاه علوم پزشکی گیلان - رشت
1397,تجربی,1774,867,منطقه 2,پزشکی,دانشگاه علوم پزشکی قزوین
1397,تجربی,1778,206,ایثارگر-5%,پزشکی - نیمسال اول,دانشگاه علوم پزشکی کرمانشاه
1397,تجربی,1778,304,منطقه 3,پزشکی - نیمسال اول,دانشگاه علوم پزشکی کرمان
1397,تجربی,1778,869,منطقه 2,پزشکی,دانشگاه علوم پزشکی قم
1397,تجربی,1781,871,منطقه 2,پزشکی - نیمسال اول,دانشگاه علوم پزشکی کردستان - سنندج
1397,تجربی,1783,872,منطقه 2,پزشکی,دانشگاه علوم پزشکی اردبیل
1397,تجربی,1784,873,منطقه 2,دندانپزشکی,دانشگاه علوم پزشکی بابل
1397,تجربی,1788,608,منطقه 1,دندانپزشکی,دانشگاه علوم پزشکی یاسوج
1397,تجربی,1788,608,منطقه 1,پزشکی,دانشگاه علوم پزشکی یزد
1397,تجربی,1788,608,منطقه 1,پزشکی - نیمسال دوم,دانشگاه علوم پزشکی ارومیه
1397,تجربی,1788,608,منطقه 1,پزشکی - نیمسال دوم,دانشگاه علوم پزشکی مازندران - ساری
1397,تجربی,1788,874,منطقه 2,دندانپزشکی,دانشگاه علوم پزشکی قم
1397,تجربی,1794,877,منطقه 2,دندانپزشکی,دانشگاه علوم پزشکی بابل
1397,تجربی,1794,877,منطقه 2,پزشکی - نیمسال اول,دانشگاه علوم پزشکی گیلان - رشت
1397,تجربی,1799,308,منطقه 3,پزشکی,دانشگاه علوم پزشکی اردبیل
1397,تجربی,1799,612,منطقه 1,پزشکی - نیمسال دوم,دانشگاه علوم پزشکی ارومیه
1397,تجربی,1799,880,منطقه 2,دندانپزشکی,دانشگاه علوم پزشکی گیلان - رشت
1397,تجربی,1803,881,منطقه 2,پزشکی - نیمسال اول,دانشگاه علوم پزشکی جندی شاپور اهواز
1397,تجربی,1803,881,منطقه 2,پزشکی - نیمسال اول,دانشگاه علوم پزشکی کردستان - سنندج
1397,تجربی,1806,310,منطقه 3,پزشکی - نیمسال اول,دانشگاه علوم پزشکی جندی شاپور اهواز
1397,تجربی,1808,884,منطقه 2,پزشکی,دانشگاه علوم پزشکی قزوین
1397,تجربی,1808,884,منطقه 2,پزشکی - نیمسال اول,دانشگاه علوم پزشکی زاهدان
1397,تجربی,1812,311,منطقه 3,پزشکی,دانشگاه علوم پزشکی بوشهر
1397,تجربی,1812,886,منطقه 2,پزشکی - نیمسال دوم,دانشگاه علوم پزشکی البرز - کرج
1397,تجربی,1816,890,منطقه 2,پزشکی - نیمسال دوم,دانشگاه علوم پزشکی مازندران - ساری
1397,تجربی,1816,890,منطقه 2,پزشکی - نیمسال دوم,دانشگاه علوم پزشکی یاسوج
1397,تجربی,1822,314,منطقه 3,دندانپزشکی,دانشگاه علوم پزشکی بابل
1397,تجربی,1822,894,منطقه 2,پزشکی,دانشگاه علوم پزشکی بیرجند
1397,تجربی,1826,896,منطقه 2,پزشکی - نیمسال دوم,دانشگاه علوم پزشکی ارومیه
1397,تجربی,1829,898,منطقه 2,پزشکی,دانشگاه علوم پزشکی قم
1397,تجربی,1832,899,منطقه 2,پزشکی,دانشگاه علوم پزشکی بیرجند
1397,تجربی,1832,899,منطقه 2,پزشکی,دانشگاه علوم پزشکی کاشان
1397,تجربی,1836,211,ایثارگر-5%,پزشکی,دانشگاه علوم پزشکی کاشان
1397,تجربی,1836,317,منطقه 3,دندانپزشکی,دانشگاه علوم پزشکی قزوین
1397,تجربی,1836,317,منطقه 3,پزشکی,دانشگاه علوم پزشکی گلستان - گرگان
1397,تجربی,1836,902,منطقه 2,پزشکی,دانشگاه علوم پزشکی بابل
1397,تجربی,1839,319,منطقه 3,پزشکی,دانشگاه علوم پزشکی یزد
1397,تجربی,1839,619,منطقه 1,داروسازی,دانشگاه علوم پزشکی اصفهان
1397,تجربی,1841,620,منطقه 1,پزشکی - نیمسال دوم,دانشگاه علوم پزشکی مازندران - ساری
1397,تجربی,1844,212,ایثارگر-5%,دندانپزشکی,دانشگاه علوم پزشکی ارومیه
1397,تجربی,1844,623,منطقه 1,پزشکی,دانشگاه علوم پزشکی فسا
1397,تجربی,1844,903,منطقه 2,پزشکی - نیمسال دوم,دانشگاه علوم پزشکی ارومیه
1397,تجربی,1850,626,منطقه 1,پزشکی,دانشگاه علوم پزشکی یزد
1397,تجربی,1850,626,منطقه 1,پزشکی - نیمسال دوم,دانشگاه علوم پزشکی ارومیه
1397,تجربی,1850,905,منطقه 2,پزشکی - نیمسال اول,دانشگاه علوم پزشکی کرمانشاه
1397,تجربی,1850,905,منطقه 2,پزشکی - نیمسال دوم,دانشگاه علوم پزشکی البرز - کرج
1397,تجربی,1855,629,منطقه 1,دندانپزشکی,دانشگاه علوم پزشکی تبریز - پردیس خودگردان
1397,تجربی,1855,629,منطقه 1,پزشکی - نیمسال اول,دانشگاه علوم پزشکی تبریز - پردیس خودگردان
1397,تجربی,1858,908,منطقه 2,داروسازی,دانشگاه علوم پزشکی تهران
1397,تجربی,1862,320,منطقه 3,پزشکی - نیمسال دوم,دانشگاه علوم پزشکی ارومیه
1397,تجربی,1862,634,منطقه 1,پزشکی - نیمسال دوم,دانشگاه علوم پزشکی البرز - کرج
1397,تجربی,1865,215,ایثارگر-5%,دندانپزشکی,دانشگاه علوم پزشکی گیلان - رشت
1397,تجربی,1867,911,منطقه 2,دندانپزشکی,دانشگاه علوم پزشکی البرز - کرج
1397,تجربی,1870,639,منطقه 1,پزشکی,دانشگاه علوم پزشکی فسا
1397,تجربی,1870,639,منطقه 1,پزشکی,دانشگاه علوم پزشکی یزد
1397,تجربی,1870,912,منطقه 2,پزشکی - نیمسال اول,دانشگاه علوم پزشکی جندی شاپور اهواز
1397,تجربی,1873,913,منطقه 2,دندانپزشکی,دانشگاه علوم پزشکی ارومیه
1397,تجربی,1873,913,منطقه 2,پزشکی - نیمسال دوم,دانشگاه علوم پزشکی مازندران - ساری
1397,تجربی,1877,321,منطقه 3,دندانپزشکی,دانشگاه علوم پزشکی شیراز
1397,تجربی,1877,321,منطقه 3,پزشکی,دانشگاه علوم پزشکی یزد
1397,تجربی,1881,323,منطقه 3,پزشکی - نیمسال اول,دانشگاه علوم پزشکی کرمان
1397,تجربی,1881,643,منطقه 1,دندانپزشکی,دانشگاه علوم پزشکی مازندران - ساری
1397,تجربی,1884,324,منطقه 3,پزشکی - نیمسال دوم,دانشگاه علوم پزشکی ارومیه
1397,تجربی,1887,645,منطقه 1,پزشکی - نیمسال دوم,دانشگاه علوم پزشکی البرز - کرج
1397,تجربی,1887,918,منطقه 2,دندانپزشکی,دانشگاه علوم پزشکی همدان
1397,تجربی,1887,918,منطقه 2,پزشکی,دانشگاه علوم پزشکی بیرجند
1397,تجربی,1887,918,منطقه 2,پزشکی - نیمسال اول,دانشگاه علوم پزشکی جندی شاپور اهواز
1397,تجربی,1890,920,منطقه 2,دندانپزشکی,دانشگاه علوم پزشکی همدان
1397,تجربی,1890,920,منطقه 2,پزشکی - نیمسال اول,دانشگاه علوم پزشکی همدان
1397,تجربی,1893,923,منطقه 2,پزشکی - نیمسال اول,دانشگاه علوم پزشکی جندی شاپور اهواز
1397,تجربی,1896,925,منطقه 2,پزشکی - نیمسال اول,دانشگاه علوم پزشکی گیلان - رشت
1397,تجربی,1896,925,منطقه 2,پزشکی - نیمسال دوم,دانشگاه علوم پزشکی ارومیه
1397,تجربی,1898,927,منطقه 2,دندانپزشکی,دانشگاه علوم پزشکی بابل
1397,تجربی,1898,927,منطقه 2,پزشکی - نیمسال دوم,دانشگاه علوم پزشکی مازندران - ساری
1397,تجربی,1901,218,ایثارگر-5%,دندانپزشکی,دانشگاه علوم پزشکی گیلان - رشت
1397,تجربی,1901,929,منطقه 2,پزشکی,دانشگاه علوم پزشکی یزد
1397,تجربی,1904,327,منطقه 3,دندانپزشکی,دانشگاه علوم پزشکی یزد
1397,تجربی,1904,647,منطقه 1,پزشکی - نیمسال دوم,دانشگاه علوم پزشکی البرز - کرج
1397,تجربی,1908,219,ایثارگر-5%,پزشکی,دانشگاه علوم پزشکی فسا
1397,تجربی,1908,650,منطقه 1,دندانپزشکی,دانشگاه علوم پزشکی قزوین
1397,تجربی,1908,650,منطقه 1,پزشکی - نیمسال اول,دانشگاه علوم پزشکی شیراز
1397,تجربی,1908,932,منطقه 2,دندانپزشکی,دانشگاه علوم پزشکی قزوین
1397,تجربی,1908,932,منطقه 2,پزشکی - نیمسال اول,دانشگاه علوم پزشکی گیلان - رشت
1397,تجربی,1913,934,منطقه 2,پزشکی,دانشگاه علوم پزشکی گناباد
1397,تجربی,1913,934,منطقه 2,پزشکی - نیمسال دوم,دانشگاه علوم پزشکی مازندران - ساری
1397,تجربی,1916,936,منطقه 2,دندانپزشکی,دانشگاه علوم پزشکی البرز - کرج
1397,تجربی,1922,329,منطقه 3,پزشکی - نیمسال اول,دانشگاه علوم پزشکی گیلان - رشت
1397,تجربی,1922,329,منطقه 3,پزشکی - نیمسال دوم,دانشگاه علوم پزشکی مازندران - ساری
1397,تجربی,1922,938,منطقه 2,پزشکی,دانشگاه علوم پزشکی قم
1397,تجربی,1922,938,منطقه 2,پزشکی - نیمسال اول,دانشگاه علوم پزشکی کردستان - سنندج
1397,تجربی,1928,331,منطقه 3,پزشکی - نیمسال اول,دانشگاه علوم پزشکی مازندران - ساری
1397,تجربی,1928,658,منطقه 1,دندانپزشکی,دانشگاه علوم پزشکی ارومیه
1397,تجربی,1928,658,منطقه 1,پزشکی - نیمسال اول,دانشگاه علوم پزشکی جهرم
1397,تجربی,1928,940,منطقه 2,پزشکی,دانشگاه علوم پزشکی قزوین
1397,تجربی,1928,940,منطقه 2,پزشکی - نیمسال اول,دانشگاه علوم پزشکی لرستان - خرم آباد
1397,تجربی,1935,26,ایثارگر-25%,پزشکی,دانشگاه علوم پزشکی تهران
1397,تجربی,1935,660,منطقه 1,پزشکی - نیمسال اول,دانشگاه علوم پزشکی شیراز
1397,تجربی,1935,660,منطقه 1,پزشکی - نیمسال دوم,دانشگاه علوم پزشکی البرز - کرج
1397,تجربی,1935,943,منطقه 2,پزشکی,دانشگاه علوم پزشکی بیرجند
1397,تجربی,1935,943,منطقه 2,پزشکی - نیمسال اول,دانشگاه علوم پزشکی کرمانشاه
1397,تجربی,1939,222,ایثارگر-5%,پزشکی,دانشگاه علوم پزشکی فسا
1397,تجربی,1939,333,منطقه 3,دندانپزشکی,دانشگاه علوم پزشکی کرمان
1397,تجربی,1942,663,منطقه 1,پزشکی,دانشگاه علوم پزشکی ایران - پردیس خودگردان
1397,تجربی,1945,947,منطقه 2,دندانپزشکی,دانشگاه علوم پزشکی یزد
1397,تجربی,1945,947,منطقه 2,پزشکی - نیمسال دوم,دانشگاه علوم پزشکی ارومیه
1397,تجربی,1947,224,ایثارگر-5%,پزشکی,دانشگاه علوم پزشکی بیرجند
1397,تجربی,1947,949,منطقه 2,پزشکی - نیمسال دوم,دانشگاه علوم پزشکی همدان
1397,تجربی,1950,225,ایثارگر-5%,پزشکی,دانشگاه علوم پزشکی بیرجند
1397,تجربی,1950,666,منطقه 1,پزشکی,دانشگاه علوم پزشکی زنجان
1397,تجربی,1950,950,منطقه 2,پزشکی - نیمسال اول,دانشگاه علوم پزشکی اراک
1397,تجربی,1953,335,منطقه 3,پزشکی,دانشگاه علوم پزشکی بوشهر
1397,تجربی,1953,952,منطقه 2,پزشکی - نیمسال اول,دانشگاه علوم پزشکی کرمان
1397,تجربی,1956,227,ایثارگر-5%,پزشکی - نیمسال اول,دانشگاه علوم پزشکی خراسان شمالی - بجنورد
1397,تجربی,1956,953,منطقه 2,دندانپزشکی,دانشگاه علوم پزشکی بابل
1397,تجربی,1956,953,منطقه 2,پزشکی - نیمسال اول,دانشگاه علوم پزشکی کرمان
1397,تجربی,1959,955,منطقه 2,دندانپزشکی,دانشگاه علوم پزشکی قزوین
1397,تجربی,1959,955,منطقه 2,پزشکی - نیمسال اول,دانشگاه علوم پزشکی جندی شاپور اهواز
1397,تجربی,1963,957,منطقه 2,پزشکی - نیمسال اول,دانشگاه علوم پزشکی شهرکرد
1397,تجربی,1971,670,منطقه 1,پزشکی - نیمسال دوم,دانشگاه علوم پزشکی ارومیه
1397,تجربی,1971,962,منطقه 2,دندانپزشکی,دانشگاه علوم پزشکی یزد
1397,تجربی,1971,962,منطقه 2,پزشکی - نیمسال دوم,دانشگاه علوم پزشکی البرز - کرج
1397,تجربی,1973,964,منطقه 2,داروسازی,دانشگاه علوم پزشکی تهران
1397,تجربی,1975,340,منطقه 3,دندانپزشکی,دانشگاه علوم پزشکی تبریز
1397,تجربی,1975,671,منطقه 1,داروسازی,دانشگاه علوم پزشکی تهران
1397,تجربی,1975,965,منطقه 2,پزشکی - نیمسال اول,دانشگاه علوم پزشکی کردستان - سنندج
1397,تجربی,1978,341,منطقه 3,پزشکی - نیمسال اول,دانشگاه علوم پزشکی کرمانشاه
1397,تجربی,1978,966,منطقه 2,پزشکی - نیمسال دوم,دانشگاه علوم پزشکی البرز - کرج
1397,تجربی,1983,231,ایثارگر-5%,پزشکی - نیمسال اول,دانشگاه علوم پزشکی جهرم
1397,تجربی,1983,344,منطقه 3,پزشکی - نیمسال اول,دانشگاه علوم پزشکی کرمان
1397,تجربی,1983,344,منطقه 3,پزشکی - نیمسال دوم,دانشگاه علوم پزشکی مازندران - ساری
1397,تجربی,1987,970,منطقه 2,پزشکی - نیمسال اول,دانشگاه علوم پزشکی سبزوار
1397,تجربی,1991,234,ایثارگر-5%,داروسازی,دانشگاه علوم پزشکی شهید بهشتی - تهران
1397,تجربی,1991,347,منطقه 3,پزشکی,دانشگاه علوم پزشکی بیرجند
1397,تجربی,1991,973,منطقه 2,دندانپزشکی,دانشگاه علوم پزشکی مازندران - ساری
1397,تجربی,1991,973,منطقه 2,دندانپزشکی,دانشگاه علوم پزشکی همدان
1397,تجربی,1997,673,منطقه 1,دندانپزشکی,دانشگاه علوم پزشکی بابل
1397,تجربی,1997,976,منطقه 2,پزشکی,دانشگاه علوم پزشکی اردبیل
1397,تجربی,1997,976,منطقه 2,پزشکی - نیمسال اول,دانشگاه علوم پزشکی شهرکرد
1397,تجربی,1997,976,منطقه 2,پزشکی - نیمسال اول,دانشگاه علوم پزشکی همدان
1397,تجربی,2001,675,منطقه 1,دندانپزشکی,دانشگاه علوم پزشکی ارومیه
1397,تجربی,2001,675,منطقه 1,دندانپزشکی,دانشگاه علوم پزشکی یزد
1397,تجربی,2001,675,منطقه 1,پزشکی,دانشگاه علوم پزشکی قزوین
1397,تجربی,2001,978,منطقه 2,پزشکی,دانشگاه علوم پزشکی اردبیل
1397,تجربی,2004,350,منطقه 3,پزشکی - نیمسال اول,دانشگاه علوم پزشکی همدان
1397,تجربی,2004,979,منطقه 2,دندانپزشکی,دانشگاه علوم پزشکی سمنان
1397,تجربی,2006,351,منطقه 3,پزشکی - نیمسال اول,دانشگاه علوم پزشکی شهید بهشتی - تهران
1397,تجربی,2006,980,منطقه 2,پزشکی - نیمسال اول,دانشگاه علوم پزشکی لرستان - خرم آباد
1397,تجربی,2009,981,منطقه 2,پزشکی,دانشگاه علوم پزشکی قزوین
1397,تجربی,2009,981,منطقه 2,پزشکی - نیمسال اول,دانشگاه علوم پزشکی سمنان
1397,تجربی,2013,678,منطقه 1,پزشکی,دانشگاه علوم پزشکی قزوین
1397,تجربی,2013,678,منطقه 1,پزشکی - نیمسال اول,دانشگاه علوم پزشکی کرمان
1397,تجربی,2013,983,منطقه 2,دندانپزشکی,دانشگاه علوم پزشکی کاشان
1397,تجربی,2013,983,منطقه 2,پزشکی - نیمسال دوم,دانشگاه علوم پزشکی همدان
1397,تجربی,2018,235,ایثارگر-5%,پزشکی - نیمسال اول,دانشگاه علوم پزشکی گیلان - رشت
1397,تجربی,2018,680,منطقه 1,پزشکی - نیمسال دوم,دانشگاه علوم پزشکی ارومیه
1397,تجربی,2018,985,منطقه 2,پزشکی - نیمسال دوم,دانشگاه علوم پزشکی مازندران - ساری
1397,تجربی,2021,355,منطقه 3,پزشکی,دانشگاه علوم پزشکی زابل
1397,تجربی,2023,236,ایثارگر-5%,پزشکی - نیمسال اول,دانشگاه علوم پزشکی جندی شاپور اهواز
1397,تجربی,2023,236,ایثارگر-5%,پزشکی - نیمسال اول,دانشگاه علوم پزشکی کرمان
1397,تجربی,2026,238,ایثارگر-5%,پزشکی,دانشگاه علوم پزشکی قزوین
1397,تجربی,2026,356,منطقه 3,پزشکی - نیمسال دوم,دانشگاه علوم پزشکی اصفهان
1397,تجربی,2026,682,منطقه 1,داروسازی,دانشگاه علوم پزشکی شهید بهشتی - تهران
1397,تجربی,2026,989,منطقه 2,پزشکی,دانشگاه علوم پزشکی ایران - پردیس خودگردان
1397,تجربی,2030,357,منطقه 3,پزشکی,دانشگاه علوم پزشکی گلستان - گرگان
1397,تجربی,2030,991,منطقه 2,پزشکی - نیمسال اول,دانشگاه علوم پزشکی گیلان - رشت
1397,تجربی,2037,239,ایثارگر-5%,دندانپزشکی,دانشگاه علوم پزشکی مازندران - ساری
1397,تجربی,2037,359,منطقه 3,پزشکی - نیمسال اول,دانشگاه علوم پزشکی کرمان
1397,تجربی,2037,686,منطقه 1,دندانپزشکی,دانشگاه علوم پزشکی بابل
1397,تجربی,2045,689,منطقه 1,پزشکی - نیمسال دوم,دانشگاه علوم پزشکی ارومیه
1397,تجربی,2045,996,منطقه 2,پزشکی,دانشگاه علوم پزشکی بابل
1397,تجربی,2049,999,منطقه 2,دندانپزشکی,دانشگاه علوم پزشکی قم
1397,تجربی,2051,362,منطقه 3,پزشکی,دانشگاه علوم پزشکی بیرجند
1397,تجربی,2058,242,ایثارگر-5%,پزشکی - نیمسال اول,دانشگاه علوم پزشکی سمنان
1397,تجربی,2058,363,منطقه 3,پزشکی,دانشگاه علوم پزشکی زنجان
1397,تجربی,2058,363,منطقه 3,پزشکی - نیمسال اول,دانشگاه علوم پزشکی همدان
1397,تجربی,2067,694,منطقه 1,دندانپزشکی,دانشگاه علوم پزشکی ارومیه
1397,تجربی,2073,365,منطقه 3,پزشکی - نیمسال دوم,دانشگاه علوم پزشکی گیلان - رشت
1397,تجربی,2073,696,منطقه 1,دندانپزشکی,دانشگاه علوم پزشکی ارومیه
1397,تجربی,2077,698,منطقه 1,پزشکی - نیمسال اولژ,دانشگاه علوم پزشکی مشهد - پردیس خودگردان
1397,تجربی,2082,366,منطقه 3,پزشکی,دانشگاه علوم پزشکی بوشهر
1397,تجربی,2082,699,منطقه 1,پزشکی,دانشگاه علوم پزشکی فسا
1397,تجربی,2086,367,منطقه 3,پزشکی - نیمسال اول,دانشگاه علوم پزشکی کرمان
1397,تجربی,2090,246,ایثارگر-5%,دندانپزشکی,دانشگاه علوم پزشکی جندی شاپور اهواز
1397,تجربی,2090,246,ایثارگر-5%,پزشکی,دانشگاه علوم پزشکی کاشان
1397,تجربی,2090,369,منطقه 3,پزشکی,دانشگاه علوم پزشکی بابل
1397,تجربی,2099,249,ایثارگر-5%,دندانپزشکی,دانشگاه علوم پزشکی جندی شاپور اهواز
1397,تجربی,2099,371,منطقه 3,داروسازی,دانشگاه علوم پزشکی تهران
1397,تجربی,2106,251,ایثارگر-5%,پزشکی - نیمسال اول,دانشگاه علوم پزشکی کرمان
1397,تجربی,2106,373,منطقه 3,دندانپزشکی,دانشگاه علوم پزشکی اصفهان
1397,تجربی,2106,702,منطقه 1,دندانپزشکی,دانشگاه علوم پزشکی ارومیه
1397,تجربی,2111,704,منطقه 1,پزشکی - نیمسال اولژ,دانشگاه علوم پزشکی مشهد - پردیس خودگردان
1397,تجربی,2115,708,منطقه 1,پزشکی,دانشگاه علوم پزشکی ایران - پردیس خودگردان
1397,تجربی,2115,708,منطقه 1,پزشکی,دانشگاه علوم پزشکی فسا
1397,تجربی,2115,708,منطقه 1,پزشکی - نیمسال اول,دانشگاه علوم پزشکی کرمان
1397,تجربی,2115,708,منطقه 1,پزشکی - نیمسال دوم,دانشگاه علوم پزشکی ارومیه
1397,تجربی,2120,712,منطقه 1,پزشکی - نیمسال دوم,دانشگاه علوم پزشکی ارومیه
1397,تجربی,2120,712,منطقه 1,پزشکی - نیمسال دوم,دانشگاه علوم پزشکی مازندران - ساری
1397,تجربی,2126,715,منطقه 1,پزشکی,دانشگاه علوم پزشکی زنجان
1397,تجربی,2136,375,منطقه 3,پزشکی - نیمسال اول,دانشگاه علوم پزشکی جندی شاپور اهواز
1397,تجربی,2141,377,منطقه 3,پزشکی - نیمسال دوم,دانشگاه علوم پزشکی ارومیه
1397,تجربی,2141,719,منطقه 1,دندانپزشکی,دانشگاه علوم پزشکی یزد
1397,تجربی,2144,721,منطقه 1,پزشکی - نیمسال اول,دانشگاه علوم پزشکی تبریز - پردیس خودگردان
1397,تجربی,2146,722,منطقه 1,پزشکی - نیمسال دوم,دانشگاه علوم پزشکی ارومیه
1397,تجربی,2150,252,ایثارگر-5%,داروسازی - نیمسال اول,دانشگاه علوم پزشکی تبریز
1397,تجربی,2154,378,منطقه 3,پزشکی,دانشگاه علوم پزشکی بیرجند
1397,تجربی,2154,725,منطقه 1,پزشکی,دانشگاه علوم پزشکی فسا
1397,تجربی,2160,379,منطقه 3,دندانپزشکی,دانشگاه علوم پزشکی یزد - پردیس خودگردان
1397,تجربی,2163,253,ایثارگر-5%,دندانپزشکی,دانشگاه علوم پزشکی زنجان
1397,تجربی,2163,726,منطقه 1,پزشکی,دانشگاه علوم پزشکی فسا
1397,تجربی,2168,254,ایثارگر-5%,پزشکی - نیمسال اول,دانشگاه علوم پزشکی کرمان
1397,تجربی,2172,380,منطقه 3,پزشکی,دانشگاه علوم پزشکی بیرجند
1397,تجربی,2177,257,ایثارگر-5%,دندانپزشکی,دانشگاه علوم پزشکی زنجان
1397,تجربی,2181,381,منطقه 3,پزشکی - پذیرش ازمیان داوطلبان باعضویت بسیجی,دانشگاه علوم پزشکی بقیه الله
1397,تجربی,2181,733,منطقه 1,پزشکی,دانشگاه علوم پزشکی فسا
1397,تجربی,2196,260,ایثارگر-5%,دندانپزشکی,دانشگاه علوم پزشکی قم
1397,تجربی,2196,737,منطقه 1,پزشکی,دانشگاه علوم پزشکی فسا
1397,تجربی,2200,738,منطقه 1,پزشکی - نیمسال اول,دانشگاه علوم پزشکی کرمان
1397,تجربی,2202,385,منطقه 3,پزشکی - نیمسال دوم,دانشگاه علوم پزشکی ارومیه
1397,تجربی,2207,29,ایثارگر-25%,پزشکی,دانشگاه علوم پزشکی تهران
1397,تجربی,2207,261,ایثارگر-5%,پزشکی,دانشگاه علوم پزشکی بابل
1397,تجربی,2207,740,منطقه 1,پزشکی - نیمسال اول,دانشگاه علوم پزشکی جندی شاپور اهواز
1397,تجربی,2214,263,ایثارگر-5%,دندانپزشکی,دانشگاه علوم پزشکی بابل
1397,تجربی,2218,744,منطقه 1,پزشکی - نیمسال دوم,دانشگاه علوم پزشکی مازندران - ساری
1397,تجربی,2221,746,منطقه 1,پزشکی,دانشگاه علوم پزشکی بوشهر
1397,تجربی,2221,746,منطقه 1,پزشکی - نیمسال دوم,دانشگاه علوم پزشکی مازندران - ساری
1397,تجربی,2229,749,منطقه 1,پزشکی - نیمسال اول,دانشگاه علوم پزشکی تبریز - پردیس خودگردان
1397,تجربی,2234,391,منطقه 3,پزشکی - نیمسال اول,دانشگاه علوم پزشکی کرمانشاه
1397,تجربی,2234,751,منطقه 1,پزشکی,دانشگاه علوم پزشکی قزوین
1397,تجربی,2239,265,ایثارگر-5%,پزشکی - نیمسال اول,دانشگاه علوم پزشکی کرمانشاه
1397,تجربی,2249,394,منطقه 3,پزشکی - نیمسال دوم,دانشگاه علوم پزشکی همدان
1397,تجربی,2254,752,منطقه 1,دندانپزشکی,دانشگاه علوم پزشکی همدان
1397,تجربی,2254,752,منطقه 1,پزشکی,دانشگاه علوم پزشکی بابل
1397,تجربی,2257,396,منطقه 3,پزشکی,دانشگاه علوم پزشکی زنجان
1397,تجربی,2262,397,منطقه 3,پزشکی,دانشگاه علوم پزشکی گلستان - گرگان
1397,تجربی,2262,755,منطقه 1,پزشکی,دانشگاه علوم پزشکی کاشان
1397,تجربی,2262,755,منطقه 1,پزشکی - نیمسال دوم,دانشگاه علوم پزشکی مازندران - ساری
1397,تجربی,2284,401,منطقه 3,پزشکی - نیمسال اول,دانشگاه علوم پزشکی همدان
1397,تجربی,2287,760,منطقه 1,دندانپزشکی,دانشگاه علوم پزشکی شهرکرد
1397,تجربی,2297,270,ایثارگر-5%,پزشکی - نیمسال دوم,دانشگاه علوم پزشکی گیلان - رشت
1397,تجربی,2303,271,ایثارگر-5%,پزشکی,دانشگاه علوم پزشکی اردبیل
1397,تجربی,2303,404,منطقه 3,پزشکی - نیمسال اول,دانشگاه علوم پزشکی کرمان
1397,تجربی,2309,274,ایثارگر-5%,پزشکی - نیمسال اول,دانشگاه علوم پزشکی جندی شاپور اهواز
1397,تجربی,2309,274,ایثارگر-5%,پزشکی - نیمسال دوم,دانشگاه علوم پزشکی ارومیه
1397,تجربی,2309,274,ایثارگر-5%,پزشکی - نیمسال دوم,دانشگاه علوم پزشکی لرستان - خرم آباد
1397,تجربی,2309,405,منطقه 3,پزشکی - نیمسال اول,دانشگاه علوم پزشکی جندی شاپور اهواز
1397,تجربی,2313,406,منطقه 3,دندانپزشکی,دانشگاه علوم پزشکی بابل
1397,تجربی,2316,407,منطقه 3,پزشکی - نیمسال اول,دانشگاه علوم پزشکی کرمان
1397,تجربی,2320,30,ایثارگر-25%,پزشکی - نیمسال اول,دانشگاه علوم پزشکی شیراز
1397,تجربی,2320,276,ایثارگر-5%,پزشکی - نیمسال دوم,دانشگاه علوم پزشکی کرمانشاه
1397,تجربی,2320,408,منطقه 3,پزشکی - نیمسال اول,دانشگاه علوم پزشکی کردستان - سنندج
1397,تجربی,2325,277,ایثارگر-5%,دندانپزشکی,دانشگاه علوم پزشکی بابل
1397,تجربی,2325,410,منطقه 3,پزشکی - نیمسال اول,دانشگاه علوم پزشکی جندی شاپور اهواز
1397,تجربی,2335,411,منطقه 3,دندانپزشکی,دانشگاه علوم پزشکی گیلان - رشت
1397,تجربی,2340,279,ایثارگر-5%,پزشکی - نیمسال دوم,دانشگاه علوم پزشکی کرمانشاه
1397,تجربی,2340,412,منطقه 3,پزشکی - نیمسال اول,دانشگاه علوم پزشکی کرمان
1397,تجربی,2340,773,منطقه 1,دندانپزشکی,دانشگاه علوم پزشکی قم
1397,تجربی,2348,280,ایثارگر-5%,دندانپزشکی - نیمسال اول,دانشگاه علوم پزشکی شهیدبهشتی تهران - پردیس خودگردان
1397,تجربی,2348,414,منطقه 3,پزشکی,دانشگاه علوم پزشکی بابل
1397,تجربی,2348,775,منطقه 1,پزشکی - نیمسال اول,دانشگاه علوم پزشکی جهرم
1397,تجربی,2348,775,منطقه 1,پزشکی - نیمسال اول,دانشگاه علوم پزشکی لرستان - خرم آباد
1397,تجربی,2348,775,منطقه 1,پزشکی - نیمسال دوم,دانشگاه علوم پزشکی گیلان - رشت
1397,تجربی,2354,281,ایثارگر-5%,دندانپزشکی,دانشگاه علوم پزشکی گیلان - رشت
1397,تجربی,2358,282,ایثارگر-5%,پزشکی - نیمسال دوم,دانشگاه علوم پزشکی ارومیه
1397,تجربی,2358,282,ایثارگر-5%,پزشکی - نیمسال دوم,دانشگاه علوم پزشکی گیلان - رشت
1397,تجربی,2358,777,منطقه 1,پزشکی,دانشگاه علوم پزشکی زنجان
1397,تجربی,2361,415,منطقه 3,پزشکی,دانشگاه علوم پزشکی گلستان - گرگان
1397,تجربی,2365,416,منطقه 3,پزشکی - نیمسال اول,دانشگاه علوم پزشکی همدان
1397,تجربی,2365,782,منطقه 1,پزشکی,دانشگاه علوم پزشکی اردبیل
1397,تجربی,2370,287,ایثارگر-5%,پزشکی - نیمسال دوم,دانشگاه علوم پزشکی مازندران - ساری
1397,تجربی,2370,418,منطقه 3,پزشکی - نیمسال اول,دانشگاه علوم پزشکی یاسوج
1397,تجربی,2379,288,ایثارگر-5%,پزشکی,دانشگاه علوم پزشکی قزوین
1397,تجربی,2379,288,ایثارگر-5%,پزشکی - نیمسال اول,دانشگاه علوم پزشکی جهرم
1397,تجربی,2379,420,منطقه 3,دندانپزشکی,دانشگاه علوم پزشکی جندی شاپور اهواز
1397,تجربی,2384,786,منطقه 1,پزشکی,دانشگاه علوم پزشکی قزوین
1397,تجربی,2387,422,منطقه 3,پزشکی,دانشگاه علوم پزشکی بابل
1397,تجربی,2391,290,ایثارگر-5%,پزشکی,دانشگاه علوم پزشکی بیرجند
1397,تجربی,2391,423,منطقه 3,پزشکی - نیمسال اول,دانشگاه علوم پزشکی کرمان
1397,تجربی,2397,291,ایثارگر-5%,پزشکی - نیمسال دوم,دانشگاه علوم پزشکی گیلان - رشت
1397,تجربی,2397,424,منطقه 3,دندانپزشکی,دانشگاه علوم پزشکی بیرجند
1397,تجربی,2397,789,منطقه 1,پزشکی,دانشگاه علوم پزشکی زنجان
1397,تجربی,2397,789,منطقه 1,پزشکی,دانشگاه علوم پزشکی کاشان
1397,تجربی,2402,426,منطقه 3,پزشکی - نیمسال اول,دانشگاه علوم پزشکی جندی شاپور اهواز
1397,تجربی,2402,791,منطقه 1,پزشکی,دانشگاه علوم پزشکی قزوین
1397,تجربی,2408,292,ایثارگر-5%,پزشکی,دانشگاه علوم پزشکی کاشان
1397,تجربی,2408,427,منطقه 3,دندانپزشکی,دانشگاه علوم پزشکی لرستان - خرم آباد
1397,تجربی,2413,429,منطقه 3,پزشکی,دانشگاه علوم پزشکی گلستان - گرگان
1397,تجربی,2413,429,منطقه 3,پزشکی - نیمسال اول,دانشگاه علوم پزشکی شهید بهشتی - تهران
1397,تجربی,2417,293,ایثارگر-5%,پزشکی - نیمسال اول,دانشگاه علوم پزشکی جندی شاپور اهواز
1397,تجربی,2424,295,ایثارگر-5%,پزشکی,دانشگاه علوم پزشکی بوشهر
1397,تجربی,2424,432,منطقه 3,پزشکی,دانشگاه علوم پزشکی بابل
1397,تجربی,2428,434,منطقه 3,دندانپزشکی,دانشگاه علوم پزشکی قم
1397,تجربی,2428,434,منطقه 3,پزشکی - نیمسال اول,دانشگاه علوم پزشکی شهید بهشتی - تهران
1397,تجربی,2431,796,منطقه 1,دندانپزشکی,دانشگاه علوم پزشکی گیلان - رشت
1397,تجربی,2436,437,منطقه 3,دندانپزشکی,دانشگاه علوم پزشکی ارومیه
1397,تجربی,2436,797,منطقه 1,داروسازی,دانشگاه علوم پزشکی مشهد
1397,تجربی,2441,799,منطقه 1,پزشکی - نیمسال اول,دانشگاه علوم پزشکی شهرکرد
1397,تجربی,2441,799,منطقه 1,پزشکی - نیمسال اول,دانشگاه علوم پزشکی کرمان
1397,تجربی,2446,801,منطقه 1,داروسازی - نیمسال دوم,دانشگاه علوم پزشکی تبریز
1397,تجربی,2451,439,منطقه 3,پزشکی - نیمسال دوم,دانشگاه علوم پزشکی جندی شاپور اهواز
1397,تجربی,2451,803,منطقه 1,دندانپزشکی,دانشگاه علوم پزشکی گلستان - گرگان
1397,تجربی,2458,805,منطقه 1,داروسازی,دانشگاه علوم پزشکی تهران
1397,تجربی,2464,440,منطقه 3,پزشکی,دانشگاه علوم پزشکی بندرعباس
1397,تجربی,2469,441,منطقه 3,پزشکی - نیمسال اول,دانشگاه علوم پزشکی کردستان - سنندج
1397,تجربی,2469,808,منطقه 1,دندانپزشکی,دانشگاه علوم پزشکی کرمان
1397,تجربی,2474,302,ایثارگر-5%,پزشکی - نیمسال دوم,دانشگاه علوم پزشکی جندی شاپور اهواز
1397,تجربی,2479,809,منطقه 1,دندانپزشکی,دانشگاه علوم پزشکی گلستان - گرگان
1397,تجربی,2479,809,منطقه 1,پزشکی - نیمسال اول,دانشگاه علوم پزشکی شهرکرد
1397,تجربی,2484,444,منطقه 3,پزشکی,دانشگاه علوم پزشکی بوشهر
1397,تجربی,2486,445,منطقه 3,پزشکی - نیمسال اول,دانشگاه علوم پزشکی شهید بهشتی - تهران
1397,تجربی,2489,446,منطقه 3,پزشکی - نیمسال دوم,دانشگاه علوم پزشکی جندی شاپور اهواز
1397,تجربی,2489,811,منطقه 1,دندانپزشکی,دانشگاه علوم پزشکی گلستان - گرگان
1397,تجربی,2492,813,منطقه 1,پزشکی - نیمسال اول,دانشگاه علوم پزشکی البرز - کرج
1397,تجربی,2495,304,ایثارگر-5%,پزشکی,دانشگاه علوم پزشکی زنجان
1397,تجربی,2495,815,منطقه 1,داروسازی,دانشگاه علوم پزشکی تهران
1397,تجربی,2499,447,منطقه 3,پزشکی,دانشگاه علوم پزشکی بابل
1397,تجربی,2503,817,منطقه 1,پزشکی,دانشگاه علوم پزشکی اصفهان - پردیس خودگردان
1397,تجربی,2515,448,منطقه 3,پزشکی - نیمسال اول,دانشگاه علوم پزشکی شهید بهشتی - تهران
1397,تجربی,2525,305,ایثارگر-5%,پزشکی - نیمسال دوم,دانشگاه علوم پزشکی کرمان
1397,تجربی,2525,450,منطقه 3,پزشکی,دانشگاه علوم پزشکی اردبیل
1397,تجربی,2525,823,منطقه 1,پزشکی,دانشگاه علوم پزشکی فسا
1397,تجربی,2525,823,منطقه 1,پزشکی - نیمسال دوم,دانشگاه علوم پزشکی مازندران - ساری
1397,تجربی,2531,452,منطقه 3,پزشکی - نیمسال اول,دانشگاه علوم پزشکی کرمان
1397,تجربی,2535,307,ایثارگر-5%,داروسازی,دانشگاه علوم پزشکی ارومیه
1397,تجربی,2540,309,ایثارگر-5%,پزشکی,دانشگاه علوم پزشکی بابل
1397,تجربی,2540,454,منطقه 3,پزشکی - نیمسال دوم,دانشگاه علوم پزشکی جندی شاپور اهواز
1397,تجربی,2543,456,منطقه 3,پزشکی - نیمسال دوم,دانشگاه علوم پزشکی شهید بهشتی - تهران
1397,تجربی,2546,310,ایثارگر-5%,دندانپزشکی,دانشگاه علوم پزشکی بوشهر
1397,تجربی,2546,457,منطقه 3,پزشکی - نیمسال اول,دانشگاه علوم پزشکی کرمان
1397,تجربی,2555,459,منطقه 3,پزشکی - نیمسال اول,دانشگاه علوم پزشکی مازندران - ساری
1397,تجربی,2555,459,منطقه 3,پزشکی - نیمسال دوم,دانشگاه علوم پزشکی گیلان - رشت
1397,تجربی,2555,829,منطقه 1,دندانپزشکی,دانشگاه علوم پزشکی گلستان - گرگان
1397,تجربی,2562,462,منطقه 3,پزشکی - نیمسال دوم,دانشگاه علوم پزشکی همدان
1397,تجربی,2562,831,منطقه 1,دندانپزشکی,دانشگاه علوم پزشکی خراسان شمالی - بجنورد
1397,تجربی,2566,463,منطقه 3,پزشکی - نیمسال دوم,دانشگاه علوم پزشکی گیلان - رشت
1397,تجربی,2570,464,منطقه 3,پزشکی - نیمسال اول,دانشگاه علوم پزشکی یاسوج
1397,تجربی,2575,312,ایثارگر-5%,دندانپزشکی,دانشگاه علوم پزشکی سمنان
1397,تجربی,2575,312,ایثارگر-5%,پزشکی,دانشگاه علوم پزشکی فسا
1397,تجربی,2580,466,منطقه 3,پزشکی - نیمسال دوم,دانشگاه علوم پزشکی مازندران - ساری
1397,تجربی,2580,835,منطقه 1,پزشکی,دانشگاه علوم پزشکی فسا
1397,تجربی,2580,835,منطقه 1,پزشکی,دانشگاه علوم پزشکی قم
1397,تجربی,2587,467,منطقه 3,پزشکی,دانشگاه علوم پزشکی یزد
1397,تجربی,2587,838,منطقه 1,دندانپزشکی,دانشگاه علوم پزشکی کرمان
1397,تجربی,2590,840,منطقه 1,پزشکی - نیمسال اول,دانشگاه علوم پزشکی شهرکرد
1397,تجربی,2593,468,منطقه 3,دندانپزشکی,دانشگاه علوم پزشکی زنجان
1397,تجربی,2593,468,منطقه 3,پزشکی,دانشگاه علوم پزشکی بندرعباس
1397,تجربی,2593,841,منطقه 1,پزشکی,دانشگاه علوم پزشکی اردبیل
1397,تجربی,2600,842,منطقه 1,پزشکی,دانشگاه علوم پزشکی گلستان - گرگان
1397,تجربی,2605,473,منطقه 3,پزشکی,دانشگاه علوم پزشکی ایلام
1397,تجربی,2605,844,منطقه 1,پزشکی - نیمسال اولژ,دانشگاه علوم پزشکی مشهد - پردیس خودگردان
1397,تجربی,2609,474,منطقه 3,پزشکی - نیمسال دوم,دانشگاه علوم پزشکی گیلان - رشت
1397,تجربی,2627,319,ایثارگر-5%,داروسازی,دانشگاه علوم پزشکی تهران
1397,تجربی,2627,319,ایثارگر-5%,پزشکی - نیمسال دوم,دانشگاه علوم پزشکی گیلان - رشت
1397,تجربی,2636,851,منطقه 1,داروسازی,دانشگاه علوم پزشکی مشهد - پردیس خودگردان
1397,تجربی,2636,851,منطقه 1,پزشکی,دانشگاه علوم پزشکی زنجان
1397,تجربی,2636,851,منطقه 1,پزشکی - نیمسال اول,دانشگاه علوم پزشکی شیراز
1397,تجربی,2641,476,منطقه 3,پزشکی - نیمسال اول,دانشگاه علوم پزشکی کرمان
1397,تجربی,2641,476,منطقه 3,پزشکی - نیمسال دوم,دانشگاه علوم پزشکی شهید بهشتی - تهران
1397,تجربی,2650,324,ایثارگر-5%,دندانپزشکی,دانشگاه علوم پزشکی قم
1397,تجربی,2654,325,ایثارگر-5%,پزشکی - نیمسال دوم,دانشگاه علوم پزشکی زاهدان
1397,تجربی,2654,479,منطقه 3,دندانپزشکی,دانشگاه علوم پزشکی بابل
1397,تجربی,2654,479,منطقه 3,پزشکی,دانشگاه علوم پزشکی اردبیل
1397,تجربی,2664,481,منطقه 3,پزشکی,دانشگاه علوم پزشکی اردبیل
1397,تجربی,2664,481,منطقه 3,پزشکی - نیمسال دوم,دانشگاه علوم پزشکی شهید بهشتی - تهران
1397,تجربی,2664,857,منطقه 1,داروسازی,دانشگاه علوم پزشکی تهران
1397,تجربی,2664,857,منطقه 1,داروسازی - نیمسال دوم,دانشگاه علوم پزشکی تبریز
1397,تجربی,2664,857,منطقه 1,پزشکی,دانشگاه علوم پزشکی قم
1397,تجربی,2676,328,ایثارگر-5%,پزشکی - نیمسال دوم,دانشگاه علوم پزشکی کرمانشاه
1397,تجربی,2676,862,منطقه 1,پزشکی,دانشگاه علوم پزشکی فسا
1397,تجربی,2684,330,ایثارگر-5%,پزشکی - نیمسال دوم,دانشگاه علوم پزشکی گیلان - رشت
1397,تجربی,2684,483,منطقه 3,پزشکی,دانشگاه علوم پزشکی ایلام
1397,تجربی,2684,865,منطقه 1,پزشکی,دانشگاه علوم پزشکی اصفهان - پردیس خودگردان
1397,تجربی,2684,865,منطقه 1,پزشکی,دانشگاه علوم پزشکی بیرجند
1397,تجربی,2691,867,منطقه 1,دندانپزشکی,دانشگاه علوم پزشکی بندرعباس
1397,تجربی,2696,484,منطقه 3,دندانپزشکی,دانشگاه علوم پزشکی خراسان شمالی - بجنورد
1397,تجربی,2705,33,ایثارگر-25%,پزشکی,دانشگاه علوم پزشکی تهران
1397,تجربی,2712,488,منطقه 3,پزشکی - نیمسال دوم,دانشگاه علوم پزشکی اصفهان
1397,تجربی,2712,871,منطقه 1,پزشکی,دانشگاه علوم پزشکی گلستان - گرگان
1397,تجربی,2717,489,منطقه 3,دندانپزشکی,دانشگاه علوم پزشکی جندی شاپور اهواز
1397,تجربی,2717,489,منطقه 3,پزشکی - نیمسال دوم,دانشگاه علوم پزشکی کرمان
1397,تجربی,2717,873,منطقه 1,داروسازی,دانشگاه علوم پزشکی مشهد
1397,تجربی,2717,873,منطقه 1,پزشکی,دانشگاه علوم پزشکی کاشان
1397,تجربی,2717,873,منطقه 1,پزشکی - نیمسال اول,دانشگاه علوم پزشکی سمنان
1397,تجربی,2722,875,منطقه 1,پزشکی,دانشگاه علوم پزشکی قم
1397,تجربی,2725,492,منطقه 3,دندانپزشکی,دانشگاه علوم پزشکی کرمانشاه
1397,تجربی,2730,335,ایثارگر-5%,دندانپزشکی,دانشگاه علوم پزشکی گلستان - گرگان
1397,تجربی,2730,335,ایثارگر-5%,پزشکی - نیمسال دوم,دانشگاه علوم پزشکی کرمان
1397,تجربی,2730,494,منطقه 3,پزشکی - نیمسال دوم,دانشگاه علوم پزشکی جهرم
1397,تجربی,2735,496,منطقه 3,پزشکی,دانشگاه علوم پزشکی ایلام
1397,تجربی,2735,878,منطقه 1,دندانپزشکی,دانشگاه علوم پزشکی اردبیل
1397,تجربی,2739,880,منطقه 1,داروسازی,دانشگاه علوم پزشکی تهران
1397,تجربی,2742,881,منطقه 1,پزشکی - نیمسال اول,دانشگاه علوم پزشکی شهرکرد
1397,تجربی,2745,882,منطقه 1,پزشکی - نیمسال اول,دانشگاه علوم پزشکی سمنان
1397,تجربی,2749,339,ایثارگر-5%,پزشکی - نیمسال دوم,دانشگاه علوم پزشکی همدان
1397,تجربی,2749,499,منطقه 3,دندانپزشکی,دانشگاه علوم پزشکی کرمانشاه
1397,تجربی,2753,501,منطقه 3,پزشکی - نیمسال دوم,دانشگاه علوم پزشکی کرمانشاه
1397,تجربی,2756,34,ایثارگر-25%,دندانپزشکی,دانشگاه علوم پزشکی تهران
1397,تجربی,2756,502,منطقه 3,پزشکی - نیمسال دوم,دانشگاه علوم پزشکی کرمان
1397,تجربی,2756,885,منطقه 1,پزشکی,دانشگاه علوم پزشکی کاشان
1397,تجربی,2756,885,منطقه 1,پزشکی - نیمسال اولژ,دانشگاه علوم پزشکی مشهد - پردیس خودگردان
1397,تجربی,2761,887,منطقه 1,پزشکی,دانشگاه علوم پزشکی فسا
1397,تجربی,2768,341,ایثارگر-5%,پزشکی - نیمسال اول,دانشگاه علوم پزشکی سمنان
1397,تجربی,2774,890,منطقه 1,پزشکی,دانشگاه علوم پزشکی زنجان
1397,تجربی,2774,890,منطقه 1,پزشکی - نیمسال دوم,دانشگاه علوم پزشکی سبزوار
1397,تجربی,2780,503,منطقه 3,پزشکی - نیمسال دوم,دانشگاه علوم پزشکی گیلان - رشت
1397,تجربی,2780,893,منطقه 1,داروسازی,دانشگاه علوم پزشکی تهران
1397,تجربی,2780,893,منطقه 1,دندانپزشکی,دانشگاه علوم پزشکی گلستان - گرگان
1397,تجربی,2791,504,منطقه 3,پزشکی,دانشگاه علوم پزشکی بوشهر
1397,تجربی,2803,506,منطقه 3,پزشکی - نیمسال اول,دانشگاه علوم پزشکی یاسوج
1397,تجربی,2803,903,منطقه 1,پزشکی - نیمسال دوم,دانشگاه علوم پزشکی گیلان - رشت
1397,تجربی,2808,346,ایثارگر-5%,پزشکی - نیمسال دوم,دانشگاه علوم پزشکی کرمانشاه
1397,تجربی,2808,508,منطقه 3,پزشکی,دانشگاه علوم پزشکی ایلام
1397,تجربی,2811,905,منطقه 1,داروسازی,دانشگاه علوم پزشکی اصفهان
1397,تجربی,2816,907,منطقه 1,پزشکی,دانشگاه علوم پزشکی زنجان
1397,تجربی,2820,908,منطقه 1,دندانپزشکی,دانشگاه علوم پزشکی شهرکرد
1397,تجربی,2820,908,منطقه 1,پزشکی,دانشگاه علوم پزشکی اردبیل
1397,تجربی,2824,511,منطقه 3,پزشکی,دانشگاه علوم پزشکی کاشان
1397,تجربی,2827,512,منطقه 3,پزشکی,دانشگاه علوم پزشکی گلستان - گرگان
1397,تجربی,2827,911,منطقه 1,داروسازی,دانشگاه علوم پزشکی شهید بهشتی - تهران
1397,تجربی,2833,348,ایثارگر-5%,دندانپزشکی,دانشگاه علوم پزشکی کرمانشاه
1397,تجربی,2833,914,منطقه 1,دندانپزشکی,دانشگاه علوم پزشکی قم
1397,تجربی,2833,914,منطقه 1,پزشکی - نیمسال اول,دانشگاه علوم پزشکی تبریز - پردیس خودگردان
1397,تجربی,2840,350,ایثارگر-5%,دندانپزشکی,دانشگاه علوم پزشکی شهرکرد
1397,تجربی,2840,514,منطقه 3,پزشکی,دانشگاه علوم پزشکی بابل
1397,تجربی,2840,514,منطقه 3,پزشکی,دانشگاه علوم پزشکی بیرجند
1397,تجربی,2840,514,منطقه 3,پزشکی - نیمسال دوم,دانشگاه علوم پزشکی همدان
1397,تجربی,2840,917,منطقه 1,دندانپزشکی,دانشگاه علوم پزشکی خراسان شمالی - بجنورد
1397,تجربی,2848,516,منطقه 3,پزشکی - نیمسال اول,دانشگاه علوم پزشکی کردستان - سنندج
1397,تجربی,2848,516,منطقه 3,پزشکی - نیمسال دوم,دانشگاه علوم پزشکی شهید بهشتی - تهران
1397,تجربی,2854,36,ایثارگر-25%,دندانپزشکی,دانشگاه علوم پزشکی تهران
1397,تجربی,2860,351,ایثارگر-5%,دندانپزشکی,دانشگاه علوم پزشکی جندی شاپور اهواز
1397,تجربی,2860,922,منطقه 1,دندانپزشکی,دانشگاه علوم پزشکی بیرجند
1397,تجربی,2860,922,منطقه 1,پزشکی,دانشگاه علوم پزشکی بیرجند
1397,تجربی,2865,352,ایثارگر-5%,پزشکی - نیمسال اول,دانشگاه علوم پزشکی کردستان - سنندج
1397,تجربی,2871,353,ایثارگر-5%,دندانپزشکی,دانشگاه علوم پزشکی یاسوج
1397,تجربی,2871,926,منطقه 1,دندانپزشکی,دانشگاه علوم پزشکی خراسان شمالی - بجنورد
1397,تجربی,2871,926,منطقه 1,پزشکی,دانشگاه علوم پزشکی بیرجند
1397,تجربی,2871,926,منطقه 1,پزشکی - نیمسال دوم,دانشگاه علوم پزشکی شیراز
1397,تجربی,2877,929,منطقه 1,پزشکی,دانشگاه علوم پزشکی فسا
1397,تجربی,2881,930,منطقه 1,داروسازی,دانشگاه علوم پزشکی اصفهان
1397,تجربی,2886,354,ایثارگر-5%,پزشکی,دانشگاه علوم پزشکی قم
1397,تجربی,2890,522,منطقه 3,داروسازی,دانشگاه علوم پزشکی جندی شاپور اهواز
1397,تجربی,2890,522,منطقه 3,پزشکی - نیمسال اول,دانشگاه علوم پزشکی کردستان - سنندج
1397,تجربی,2890,933,منطقه 1,پزشکی,دانشگاه علوم پزشکی اردبیل
1397,تجربی,2896,525,منطقه 3,پزشکی - نیمسال دوم,دانشگاه علوم پزشکی گیلان - رشت
1397,تجربی,2896,934,منطقه 1,پزشکی - نیمسال دوم,دانشگاه علوم پزشکی شیراز
1397,تجربی,2896,934,منطقه 1,پزشکی - نیمسال دوم,دانشگاه علوم پزشکی گیلان - رشت
1397,تجربی,2901,527,منطقه 3,پزشکی,دانشگاه علوم پزشکی کاشان
1397,تجربی,2901,936,منطقه 1,داروسازی,دانشگاه علوم پزشکی مشهد - پردیس خودگردان
1397,تجربی,2913,529,منطقه 3,دندانپزشکی,دانشگاه علوم پزشکی ایلام
1397,تجربی,2913,529,منطقه 3,پزشکی - نیمسال دوم,دانشگاه علوم پزشکی همدان
1397,تجربی,2917,531,منطقه 3,پزشکی - نیمسال اول,دانشگاه علوم پزشکی یاسوج
1397,تجربی,2924,941,منطقه 1,پزشکی,دانشگاه علوم پزشکی گلستان - گرگان
1397,تجربی,2928,534,منطقه 3,دندانپزشکی,دانشگاه علوم پزشکی همدان
1397,تجربی,2928,534,منطقه 3,پزشکی - نیمسال اول,دانشگاه علوم پزشکی کردستان - سنندج
1397,تجربی,2928,534,منطقه 3,پزشکی - نیمسال دوم,دانشگاه علوم پزشکی جندی شاپور اهواز
1397,تجربی,2931,537,منطقه 3,پزشکی,دانشگاه علوم پزشکی بوشهر
1397,تجربی,2934,356,ایثارگر-5%,پزشکی,دانشگاه علوم پزشکی زنجان
1397,تجربی,2934,944,منطقه 1,دندانپزشکی,دانشگاه علوم پزشکی اردبیل
1397,تجربی,2934,944,منطقه 1,دندانپزشکی,دانشگاه علوم پزشکی خراسان شمالی - بجنورد
1397,تجربی,2940,357,ایثارگر-5%,پزشکی,دانشگاه علوم پزشکی زنجان
1397,تجربی,2940,538,منطقه 3,پزشکی - نیمسال دوم,دانشگاه علوم پزشکی مازندران - ساری
1397,تجربی,2944,539,منطقه 3,دندانپزشکی,دانشگاه علوم پزشکی بیرجند
1397,تجربی,2947,540,منطقه 3,دندانپزشکی,دانشگاه علوم پزشکی کرمان
1397,تجربی,2947,948,منطقه 1,پزشکی,دانشگاه علوم پزشکی زنجان
1397,تجربی,2950,541,منطقه 3,پزشکی - نیمسال اول,دانشگاه علوم پزشکی اراک
1397,تجربی,2950,541,منطقه 3,پزشکی - نیمسال اول,دانشگاه علوم پزشکی کردستان - سنندج
1397,تجربی,2952,543,منطقه 3,پزشکی,دانشگاه علوم پزشکی زنجان
1397,تجربی,2956,544,منطقه 3,پزشکی - نیمسال دوم,دانشگاه علوم پزشکی کرمانشاه
1397,تجربی,2962,950,منطقه 1,پزشکی,دانشگاه علوم پزشکی اردبیل
1397,تجربی,2962,950,منطقه 1,پزشکی,دانشگاه علوم پزشکی بوشهر
1397,تجربی,2968,359,ایثارگر-5%,پزشکی,دانشگاه علوم پزشکی اردبیل
1397,تجربی,2968,952,منطقه 1,داروسازی,دانشگاه علوم پزشکی البرز - کرج
1397,تجربی,2968,952,منطقه 1,پزشکی - نیمسال اول,دانشگاه علوم پزشکی سمنان
1397,تجربی,2977,361,ایثارگر-5%,پزشکی,دانشگاه علوم پزشکی ایران
1397,تجربی,2977,954,منطقه 1,پزشکی,دانشگاه علوم پزشکی اردبیل
1397,تجربی,2981,362,ایثارگر-5%,پزشکی,دانشگاه علوم پزشکی گلستان - گرگان
1397,تجربی,2981,548,منطقه 3,پزشکی,دانشگاه علوم پزشکی ایران
1397,تجربی,2981,955,منطقه 1,پزشکی - نیمسال دوم,دانشگاه علوم پزشکی شیراز
1397,تجربی,2985,363,ایثارگر-5%,پزشکی - نیمسال اول,دانشگاه علوم پزشکی لرستان - خرم آباد
1397,تجربی,2985,549,منطقه 3,دندانپزشکی,دانشگاه علوم پزشکی رفسنجان
1397,تجربی,2989,364,ایثارگر-5%,پزشکی - نیمسال اول,دانشگاه علوم پزشکی شاهرود
1397,تجربی,2993,551,منطقه 3,پزشکی - نیمسال اول,دانشگاه علوم پزشکی یاسوج
1397,تجربی,3000,365,ایثارگر-5%,پزشکی,دانشگاه علوم پزشکی گلستان - گرگان
1397,تجربی,3005,366,ایثارگر-5%,پزشکی - نیمسال اول,دانشگاه علوم پزشکی شهرکرد
1397,تجربی,3009,552,منطقه 3,پزشکی,دانشگاه علوم پزشکی بیرجند
1397,تجربی,3014,958,منطقه 1,دندانپزشکی,دانشگاه علوم پزشکی اصفهان - پردیس خودگردان
1397,تجربی,3023,369,ایثارگر-5%,دندانپزشکی,دانشگاه علوم پزشکی لرستان - خرم آباد
1397,تجربی,3023,554,منطقه 3,دندانپزشکی,دانشگاه علوم پزشکی جندی شاپور اهواز
1397,تجربی,3023,554,منطقه 3,پزشکی,دانشگاه علوم پزشکی ایلام
1397,تجربی,3023,960,منطقه 1,پزشکی - نیمسال دوم,دانشگاه علوم پزشکی شاهرود
1397,تجربی,3032,370,ایثارگر-5%,پزشکی - نیمسال دوم,دانشگاه علوم پزشکی کرمان
1397,تجربی,3032,964,منطقه 1,دندانپزشکی,دانشگاه علوم پزشکی اردبیل
1397,تجربی,3036,371,ایثارگر-5%,پزشکی,دانشگاه علوم پزشکی قزوین
1397,تجربی,3036,556,منطقه 3,داروسازی,دانشگاه علوم پزشکی تهران - پردیس خودگردان
1397,تجربی,3041,372,ایثارگر-5%,دندانپزشکی,دانشگاه علوم پزشکی خراسان شمالی - بجنورد
1397,تجربی,3041,967,منطقه 1,داروسازی - نیمسال اول,دانشگاه علوم پزشکی تبریز
1397,تجربی,3041,967,منطقه 1,دندانپزشکی,دانشگاه علوم پزشکی بیرجند
1397,تجربی,3045,559,منطقه 3,پزشکی,دانشگاه علوم پزشکی ایلام
1397,تجربی,3045,969,منطقه 1,دندانپزشکی,دانشگاه علوم پزشکی اردبیل
1397,تجربی,3049,373,ایثارگر-5%,پزشکی,دانشگاه علوم پزشکی کاشان
1397,تجربی,3049,560,منطقه 3,پزشکی - نیمسال اول,دانشگاه علوم پزشکی کردستان - سنندج
1397,تجربی,3049,970,منطقه 1,پزشکی - نیمسال اول,دانشگاه علوم پزشکی سمنان
1397,تجربی,3056,374,ایثارگر-5%,داروسازی,دانشگاه علوم پزشکی اصفهان
1397,تجربی,3056,562,منطقه 3,دندانپزشکی,دانشگاه علوم پزشکی خراسان شمالی - بجنورد
1397,تجربی,3056,562,منطقه 3,پزشکی,دانشگاه علوم پزشکی اردبیل
1397,تجربی,3056,972,منطقه 1,پزشکی,دانشگاه علوم پزشکی بیرجند
1397,تجربی,3060,564,منطقه 3,پزشکی,دانشگاه علوم پزشکی رفسنجان
1397,تجربی,3065,565,منطقه 3,دندانپزشکی,دانشگاه علوم پزشکی اصفهان
1397,تجربی,3065,565,منطقه 3,پزشکی - نیمسال دوم,دانشگاه علوم پزشکی کرمان
1397,تجربی,3065,974,منطقه 1,پزشکی - نیمسال دوم,دانشگاه علوم پزشکی کرمان
1397,تجربی,3070,975,منطقه 1,داروسازی,دانشگاه علوم پزشکی مشهد
1397,تجربی,3070,975,منطقه 1,پزشکی,دانشگاه علوم پزشکی کاشان
1397,تجربی,3075,567,منطقه 3,دندانپزشکی,دانشگاه علوم پزشکی بیرجند
1397,تجربی,3086,569,منطقه 3,پزشکی,دانشگاه علوم پزشکی اردبیل
1397,تجربی,3086,569,منطقه 3,پزشکی - نیمسال دوم,دانشگاه علوم پزشکی جندی شاپور اهواز
1397,تجربی,3086,569,منطقه 3,پزشکی - نیمسال دوم,دانشگاه علوم پزشکی کرمان
1397,تجربی,3086,569,منطقه 3,پزشکی - نیمسال دوم,دانشگاه علوم پزشکی کرمانشاه
1397,تجربی,3086,981,منطقه 1,پزشکی - نیمسال اول,دانشگاه علوم پزشکی خراسان شمالی - بجنورد
1397,تجربی,3094,378,ایثارگر-5%,پزشکی,دانشگاه علوم پزشکی اردبیل
1397,تجربی,3094,984,منطقه 1,پزشکی,دانشگاه علوم پزشکی اصفهان - پردیس خودگردان
1397,تجربی,3099,573,منطقه 3,پزشکی - نیمسال دوم,دانشگاه علوم پزشکی کرمانشاه
1397,تجربی,3099,985,منطقه 1,دندانپزشکی,دانشگاه علوم پزشکی مشهد - پردیس خودگردان
1397,تجربی,3105,379,ایثارگر-5%,پزشکی - نیمسال دوم,دانشگاه علوم پزشکی مازندران - ساری
1397,تجربی,3105,988,منطقه 1,داروسازی - نیمسال اول,دانشگاه علوم پزشکی تبریز
1397,تجربی,3105,988,منطقه 1,پزشکی - نیمسال اول,دانشگاه علوم پزشکی تبریز - پردیس خودگردان
1397,تجربی,3105,988,منطقه 1,پزشکی - نیمسال اول,دانشگاه علوم پزشکی سمنان
1397,تجربی,3111,991,منطقه 1,دندانپزشکی,دانشگاه علوم پزشکی کردستان - سنندج
1397,تجربی,3111,991,منطقه 1,پزشکی,دانشگاه علوم پزشکی اردبیل
1397,تجربی,3116,578,منطقه 3,پزشکی,دانشگاه علوم پزشکی اردبیل
1397,تجربی,3116,993,منطقه 1,پزشکی - نیمسال دوم,دانشگاه علوم پزشکی کرمان
1397,تجربی,3121,994,منطقه 1,داروسازی,دانشگاه علوم پزشکی تهران
1397,تجربی,3128,380,ایثارگر-5%,دندانپزشکی,دانشگاه علوم پزشکی بیرجند
1397,تجربی,3128,580,منطقه 3,پزشکی,دانشگاه علوم پزشکی بابل
1397,تجربی,3135,582,منطقه 3,پزشکی,دانشگاه علوم پزشکی اردبیل
1397,تجربی,3135,582,منطقه 3,پزشکی - نیمسال اول,دانشگاه علوم پزشکی یاسوج
1397,تجربی,3135,997,منطقه 1,پزشکی,دانشگاه علوم پزشکی بیرجند
1397,تجربی,3135,997,منطقه 1,پزشکی - نیمسال اول,دانشگاه علوم پزشکی شاهرود
1397,تجربی,3143,585,منطقه 3,دندانپزشکی,دانشگاه علوم پزشکی لرستان - خرم آباد
1397,تجربی,3143,585,منطقه 3,پزشکی,دانشگاه علوم پزشکی اردبیل
1397,تجربی,3143,585,منطقه 3,پزشکی - نیمسال اول,دانشگاه علوم پزشکی کردستان - سنندج
1397,تجربی,3143,999,منطقه 1,پزشکی,دانشگاه علوم پزشکی اردبیل
1397,تجربی,3150,1000,منطقه 1,پزشکی - نیمسال اول,دانشگاه علوم پزشکی سمنان
1397,تجربی,3162,381,ایثارگر-5%,پزشکی - نیمسال اول,دانشگاه علوم پزشکی خراسان شمالی - بجنورد
1397,تجربی,3162,589,منطقه 3,پزشکی,دانشگاه علوم پزشکی بابل
1397,تجربی,3162,589,منطقه 3,پزشکی - بومی خراسان رضوی محل خدمت خواف,دانشگاه علوم پزشکی مشهد
1397,تجربی,3170,382,ایثارگر-5%,پزشکی,دانشگاه علوم پزشکی فسا
1397,تجربی,3170,591,منطقه 3,دندانپزشکی,دانشگاه علوم پزشکی بوشهر
1397,تجربی,3170,591,منطقه 3,پزشکی,دانشگاه علوم پزشکی بندرعباس
1397,تجربی,3183,594,منطقه 3,پزشکی - نیمسال دوم,دانشگاه علوم پزشکی جندی شاپور اهواز
1397,تجربی,3189,596,منطقه 3,پزشکی - نیمسال دوم,دانشگاه علوم پزشکی جندی شاپور اهواز
1397,تجربی,3202,598,منطقه 3,پزشکی - بومی آذربایجان غربی محل خدمت شهرستان پیرانشهر,دانشگاه علوم پزشکی ارومیه
1397,تجربی,3202,598,منطقه 3,پزشکی - نیمسال اول,دانشگاه علوم پزشکی یاسوج
1397,تجربی,3212,384,ایثارگر-5%,پزشکی - نیمسال دوم,دانشگاه علوم پزشکی کرمانشاه
1397,تجربی,3212,602,منطقه 3,داروسازی - نیمسال دوم,دانشگاه علوم پزشکی تبریز
1397,تجربی,3221,605,منطقه 3,پزشکی - نیمسال دوم,دانشگاه علوم پزشکی مازندران - ساری
1397,تجربی,3228,386,ایثارگر-5%,پزشکی - نیمسال اول,دانشگاه علوم پزشکی سمنان
1397,تجربی,3228,606,منطقه 3,پزشکی - نیمسال اول,دانشگاه علوم پزشکی کردستان - سنندج
1397,تجربی,3259,388,ایثارگر-5%,داروسازی,دانشگاه علوم پزشکی تهران
1397,تجربی,3267,389,ایثارگر-5%,داروسازی,دانشگاه علوم پزشکی مشهد
1397,تجربی,3267,389,ایثارگر-5%,دندانپزشکی,دانشگاه علوم پزشکی یاسوج
1397,تجربی,3277,391,ایثارگر-5%,دندانپزشکی,دانشگاه علوم پزشکی رفسنجان
1397,تجربی,3283,392,ایثارگر-5%,پزشکی - نیمسال اول,دانشگاه علوم پزشکی شاهرود
1397,تجربی,3283,613,منطقه 3,پزشکی - نیمسال دوم,دانشگاه علوم پزشکی کردستان - سنندج
1397,تجربی,3291,615,منطقه 3,داروسازی,دانشگاه علوم پزشکی شهید بهشتی - تهران
1397,تجربی,3291,615,منطقه 3,پزشکی - نیمسال دوم,دانشگاه علوم پزشکی کرمانشاه
1397,تجربی,3302,619,منطقه 3,پزشکی,دانشگاه علوم پزشکی ایران
1397,تجربی,3302,619,منطقه 3,پزشکی - نیمسال دوم,دانشگاه علوم پزشکی سمنان
1397,تجربی,3314,398,ایثارگر-5%,پزشکی - نیمسال دوم,دانشگاه علوم پزشکی کرمانشاه
1397,تجربی,3319,400,ایثارگر-5%,پزشکی - نیمسال دوم,دانشگاه علوم پزشکی اراک
1397,تجربی,3326,623,منطقه 3,دندانپزشکی,دانشگاه علوم پزشکی یاسوج
1397,تجربی,3343,624,منطقه 3,پزشکی - نیمسال اول,دانشگاه علوم پزشکی شیراز
1397,تجربی,3348,406,ایثارگر-5%,داروسازی,دانشگاه علوم پزشکی تهران
1397,تجربی,3348,625,منطقه 3,پزشکی - نیمسال اول,دانشگاه علوم پزشکی جهرم
1397,تجربی,3348,625,منطقه 3,پزشکی - نیمسال دوم,دانشگاه علوم پزشکی کرمانشاه
1397,تجربی,3361,630,منطقه 3,پزشکی - نیمسال اول,دانشگاه علوم پزشکی خراسان شمالی - بجنورد
1397,تجربی,3361,630,منطقه 3,پزشکی - نیمسال دوم,دانشگاه علوم پزشکی مازندران - ساری
1397,تجربی,3371,408,ایثارگر-5%,داروسازی,دانشگاه علوم پزشکی مشهد
1397,تجربی,3383,409,ایثارگر-5%,پزشکی - نیمسال دوم,دانشگاه علوم پزشکی جندی شاپور اهواز
1397,تجربی,3389,633,منطقه 3,پزشکی - نیمسال دوم,دانشگاه علوم پزشکی همدان
1397,تجربی,3410,411,ایثارگر-5%,پزشکی - نیمسال دوم,دانشگاه علوم پزشکی کرمانشاه
1397,تجربی,3414,634,منطقه 3,پزشکی - نیمسال دوم,دانشگاه علوم پزشکی کرمانشاه
1397,تجربی,3423,636,منطقه 3,پزشکی,دانشگاه علوم پزشکی ایران
1397,تجربی,3423,636,منطقه 3,پزشکی - نیمسال دوم,دانشگاه علوم پزشکی کردستان - سنندج
1397,تجربی,3430,638,منطقه 3,پزشکی,دانشگاه علوم پزشکی گلستان - گرگان
1397,تجربی,3449,414,ایثارگر-5%,پزشکی - نیمسال دوم,دانشگاه علوم پزشکی اراک
1397,تجربی,3457,642,منطقه 3,پزشکی,دانشگاه علوم پزشکی گناباد
1397,تجربی,3472,415,ایثارگر-5%,پزشکی - نیمسال دوم,دانشگاه علوم پزشکی سمنان
1397,تجربی,3472,645,منطقه 3,پزشکی,دانشگاه علوم پزشکی بیرجند
1397,تجربی,3472,645,منطقه 3,پزشکی - نیمسال دوم,دانشگاه علوم پزشکی کرمان
1397,تجربی,3479,417,ایثارگر-5%,پزشکی - نیمسال اول,دانشگاه علوم پزشکی یاسوج
1397,تجربی,3490,420,ایثارگر-5%,دندانپزشکی,دانشگاه علوم پزشکی جندی شاپور اهواز
1397,تجربی,3490,420,ایثارگر-5%,پزشکی - نیمسال دوم,دانشگاه علوم پزشکی اراک
1397,تجربی,3490,649,منطقه 3,پزشکی - نیمسال دوم,دانشگاه علوم پزشکی جندی شاپور اهواز
1397,تجربی,3501,650,منطقه 3,پزشکی,دانشگاه علوم پزشکی گلستان - گرگان
1397,تجربی,3507,652,منطقه 3,پزشکی - نیمسال اول,دانشگاه علوم پزشکی خراسان شمالی - بجنورد
1397,تجربی,3512,422,ایثارگر-5%,داروسازی,دانشگاه علوم پزشکی شهید بهشتی - تهران
1397,تجربی,3519,654,منطقه 3,پزشکی,دانشگاه علوم پزشکی گلستان - گرگان
1397,تجربی,3528,657,منطقه 3,پزشکی,دانشگاه علوم پزشکی بیرجند
1397,تجربی,3539,660,منطقه 3,پزشکی - نیمسال اول,دانشگاه علوم پزشکی یاسوج
1397,تجربی,3539,660,منطقه 3,پزشکی - نیمسال دوم,دانشگاه علوم پزشکی اراک
1397,تجربی,3539,660,منطقه 3,پزشکی - نیمسال دوم,دانشگاه علوم پزشکی کردستان - سنندج
1397,تجربی,3558,424,ایثارگر-5%,پزشکی - نیمسال دوم,دانشگاه علوم پزشکی اراک
1397,تجربی,3572,426,ایثارگر-5%,پزشکی,دانشگاه علوم پزشکی بیرجند
1397,تجربی,3572,666,منطقه 3,پزشکی,دانشگاه علوم پزشکی رفسنجان
1397,تجربی,3572,666,منطقه 3,پزشکی - نیمسال اول,دانشگاه علوم پزشکی خراسان شمالی - بجنورد
1397,تجربی,3580,668,منطقه 3,پزشکی - نیمسال دوم,دانشگاه علوم پزشکی کردستان - سنندج
1397,تجربی,3586,428,ایثارگر-5%,دندانپزشکی,دانشگاه علوم پزشکی کرمان
1397,تجربی,3586,428,ایثارگر-5%,پزشکی - نیمسال اول,دانشگاه علوم پزشکی یاسوج
1397,تجربی,3596,671,منطقه 3,دندانپزشکی,دانشگاه علوم پزشکی گیلان - رشت
1397,تجربی,3613,673,منطقه 3,پزشکی,دانشگاه علوم پزشکی بوشهر
1397,تجربی,3613,673,منطقه 3,پزشکی,دانشگاه علوم پزشکی رفسنجان
1397,تجربی,3618,675,منطقه 3,پزشکی - نیمسال اول,دانشگاه علوم پزشکی یاسوج
1397,تجربی,3623,433,ایثارگر-5%,دندانپزشکی,دانشگاه علوم پزشکی جندی شاپور اهواز
1397,تجربی,3634,678,منطقه 3,پزشکی - نیمسال دوم,دانشگاه علوم پزشکی خراسان شمالی - بجنورد
1397,تجربی,3638,434,ایثارگر-5%,زیست شناسی سلولی مولکولی,دانشگاه تهران
1397,تجربی,3644,680,منطقه 3,دندانپزشکی,دانشگاه علوم پزشکی اصفهان
1397,تجربی,3650,436,ایثارگر-5%,دندانپزشکی,دانشگاه علوم پزشکی لرستان - خرم آباد
1397,تجربی,3650,436,ایثارگر-5%,پزشکی - نیمسال دوم,دانشگاه علوم پزشکی شاهرود
1397,تجربی,3650,682,منطقه 3,دندانپزشکی,دانشگاه علوم پزشکی زاهدان
1397,تجربی,3654,438,ایثارگر-5%,پزشکی,دانشگاه علوم پزشکی بیرجند
1397,تجربی,3654,683,منطقه 3,پزشکی - نیمسال اول,دانشگاه علوم پزشکی لرستان - خرم آباد
1397,تجربی,3663,439,ایثارگر-5%,پزشکی,دانشگاه علوم پزشکی رفسنجان
1397,تجربی,3663,684,منطقه 3,پزشکی,دانشگاه علوم پزشکی فسا
1397,تجربی,3674,686,منطقه 3,پزشکی - نیمسال دوم,دانشگاه علوم پزشکی جندی شاپور اهواز
1397,تجربی,3687,687,منطقه 3,پزشکی - بومی استان اردبیل محل خدمت کوثر,دانشگاه علوم پزشکی اردبیل
1397,تجربی,3695,443,ایثارگر-5%,پزشکی - نیمسال دوم,دانشگاه علوم پزشکی مشهد - پردیس خودگردان
1397,تجربی,3702,691,منطقه 3,پزشکی,دانشگاه علوم پزشکی ایران
1397,تجربی,3702,691,منطقه 3,پزشکی - نیمسال اول,دانشگاه علوم پزشکی جهرم
1397,تجربی,3702,691,منطقه 3,پزشکی - نیمسال اول,دانشگاه علوم پزشکی سبزوار
1397,تجربی,3707,693,منطقه 3,پزشکی,دانشگاه علوم پزشکی رفسنجان
1397,تجربی,3711,694,منطقه 3,دندانپزشکی,دانشگاه علوم پزشکی کردستان - سنندج
1397,تجربی,3730,447,ایثارگر-5%,پزشکی,دانشگاه علوم پزشکی بیرجند
1397,تجربی,3757,697,منطقه 3,پزشکی - نیمسال دوم,دانشگاه علوم پزشکی مازندران - ساری
1397,تجربی,3767,451,ایثارگر-5%,پزشکی,دانشگاه علوم پزشکی ایلام
1397,تجربی,3775,699,منطقه 3,پزشکی - نیمسال دوم,دانشگاه علوم پزشکی کردستان - سنندج
1397,تجربی,3782,453,ایثارگر-5%,داروسازی,دانشگاه علوم پزشکی تهران - پردیس خودگردان
1397,تجربی,3782,700,منطقه 3,دندانپزشکی,دانشگاه علوم پزشکی کردستان - سنندج
1397,تجربی,3796,455,ایثارگر-5%,پزشکی - نیمسال اول,دانشگاه علوم پزشکی زاهدان
1397,تجربی,3796,701,منطقه 3,دندانپزشکی,دانشگاه علوم پزشکی یاسوج
1397,تجربی,3802,456,ایثارگر-5%,پزشکی,دانشگاه علوم پزشکی رفسنجان
1397,تجربی,3802,456,ایثارگر-5%,پزشکی,دانشگاه علوم پزشکی یزد
1397,تجربی,3819,458,ایثارگر-5%,داروسازی,دانشگاه علوم پزشکی اصفهان
1397,تجربی,3829,459,ایثارگر-5%,پزشکی,دانشگاه علوم پزشکی رفسنجان
1397,تجربی,3839,705,منطقه 3,پزشکی - نیمسال دوم,دانشگاه علوم پزشکی مازندران - ساری
1397,تجربی,3847,706,منطقه 3,دندانپزشکی,دانشگاه علوم پزشکی مشهد - پردیس خودگردان
1397,تجربی,3847,706,منطقه 3,پزشکی,دانشگاه علوم پزشکی بوشهر
1397,تجربی,3854,708,منطقه 3,پزشکی - نیمسال دوم,دانشگاه علوم پزشکی لرستان - خرم آباد
1397,تجربی,3860,464,ایثارگر-5%,پزشکی,دانشگاه علوم پزشکی فسا
1397,تجربی,3871,466,ایثارگر-5%,پزشکی,دانشگاه علوم پزشکی بوشهر
1397,تجربی,3871,466,ایثارگر-5%,پزشکی,دانشگاه علوم پزشکی رفسنجان
1397,تجربی,3871,711,منطقه 3,دندانپزشکی,دانشگاه علوم پزشکی رفسنجان
1397,تجربی,3878,712,منطقه 3,پزشکی,دانشگاه علوم پزشکی ایلام
1397,تجربی,3884,468,ایثارگر-5%,پزشکی - نیمسال اول,دانشگاه علوم پزشکی شیراز
1397,تجربی,3884,713,منطقه 3,پزشکی - نیمسال دوم,دانشگاه علوم پزشکی جندی شاپور اهواز
1397,تجربی,3892,469,ایثارگر-5%,پزشکی - پذیرش ازمیان داوطلبان باعضویت بسیجی,دانشگاه علوم پزشکی بقیه الله
1397,تجربی,3909,472,ایثارگر-5%,دندانپزشکی,دانشگاه علوم پزشکی یزد - پردیس خودگردان
1397,تجربی,3909,472,ایثارگر-5%,پزشکی,دانشگاه علوم پزشکی گلستان - گرگان - پردیس خودگردان
1397,تجربی,3914,474,ایثارگر-5%,پزشکی - نیمسال دوم,دانشگاه علوم پزشکی خراسان شمالی - بجنورد
1397,تجربی,3929,476,ایثارگر-5%,دندانپزشکی,دانشگاه علوم پزشکی گیلان - رشت (محل تحصیل بندرانزلی) - پردیس خودگردان
1397,تجربی,3929,476,ایثارگر-5%,پزشکی,دانشگاه علوم پزشکی گناباد
1397,تجربی,3929,720,منطقه 3,پزشکی,دانشکده علوم پزشکی آبادان
1397,تجربی,3938,723,منطقه 3,پزشکی,دانشگاه علوم پزشکی ایلام
1397,تجربی,3938,723,منطقه 3,پزشکی - نیمسال دوم,دانشگاه علوم پزشکی یاسوج
1397,تجربی,3949,478,ایثارگر-5%,پزشکی - نیمسال اول,دانشگاه علوم پزشکی البرز - کرج
1397,تجربی,3949,727,منطقه 3,دندانپزشکی - بومی خراسان رضوی محل خدمت بردسکن,دانشگاه علوم پزشکی مشهد
1397,تجربی,3949,727,منطقه 3,پزشکی,دانشگاه علوم پزشکی بندرعباس
1397,تجربی,3949,727,منطقه 3,پزشکی - بومی آذربایجان غربی محل خدمت شهرستان اشنویه,دانشگاه علوم پزشکی ارومیه
1397,تجربی,3956,729,منطقه 3,دندانپزشکی,دانشگاه علوم پزشکی زاهدان
1397,تجربی,3962,731,منطقه 3,پزشکی,دانشگاه علوم پزشکی ایلام
1397,تجربی,3962,731,منطقه 3,پزشکی,دانشگاه علوم پزشکی بندرعباس
1397,تجربی,3962,731,منطقه 3,پزشکی - نیمسال اول,دانشگاه علوم پزشکی زاهدان
1397,تجربی,3973,733,منطقه 3,دندانپزشکی,دانشگاه علوم پزشکی رفسنجان
1397,تجربی,3973,733,منطقه 3,پزشکی,دانشگاه علوم پزشکی ایلام
1397,تجربی,3981,735,منطقه 3,پزشکی,دانشگاه علوم پزشکی بندرعباس
1397,تجربی,3987,736,منطقه 3,پزشکی - بومی آذربایجان غربی محل خدمت شهرستان سردشت,دانشگاه علوم پزشکی ارومیه
1397,تجربی,3996,737,منطقه 3,پزشکی - نیمسال دوم,دانشگاه علوم پزشکی یاسوج
1397,تجربی,4003,738,منطقه 3,پزشکی - نیمسال دوم,دانشگاه علوم پزشکی جندی شاپور اهواز
1397,تجربی,4014,740,منطقه 3,پزشکی,دانشگاه علوم پزشکی بندرعباس
1397,تجربی,4022,742,منطقه 3,پزشکی,دانشکده علوم پزشکی آبادان
1397,تجربی,4044,489,ایثارگر-5%,پزشکی,دانشگاه علوم پزشکی بندرعباس
1397,تجربی,4044,745,منطقه 3,داروسازی - بومی لرستان محل خدمت پلدختر,دانشگاه علوم پزشکی لرستان - خرم آباد
1397,تجربی,4050,490,ایثارگر-5%,پزشکی - نیمسال دوم,دانشگاه علوم پزشکی یاسوج
1397,تجربی,4058,746,منطقه 3,پزشکی - نیمسال دوم,دانشگاه علوم پزشکی یاسوج
1397,تجربی,4064,748,منطقه 3,پزشکی,دانشگاه علوم پزشکی فسا
1397,تجربی,4072,751,منطقه 3,داروسازی,دانشگاه علوم پزشکی شیراز
1397,تجربی,4080,754,منطقه 3,دندانپزشکی,دانشگاه علوم پزشکی قم
1397,تجربی,4080,754,منطقه 3,دندانپزشکی - بومی آذربایجان شرقی محل خدمت شهرستان هریس,دانشگاه علوم پزشکی تبریز
1397,تجربی,4080,754,منطقه 3,پزشکی,دانشگاه علوم پزشکی بندرعباس
1397,تجربی,4089,757,منطقه 3,داروسازی,دانشگاه علوم پزشکی همدان
1397,تجربی,4096,759,منطقه 3,دندانپزشکی,دانشگاه علوم پزشکی بندرعباس
1397,تجربی,4103,761,منطقه 3,دندانپزشکی,دانشگاه علوم پزشکی رفسنجان
1397,تجربی,4103,761,منطقه 3,پزشکی,دانشگاه علوم پزشکی رفسنجان
1397,تجربی,4110,765,منطقه 3,دندانپزشکی,دانشگاه علوم پزشکی جندی شاپور - اهواز - پردیس خودگردان
1397,تجربی,4110,765,منطقه 3,پزشکی,دانشگاه علوم پزشکی دزفول
1397,تجربی,4127,769,منطقه 3,پزشکی,دانشگاه علوم پزشکی ایران
1397,تجربی,4127,769,منطقه 3,پزشکی,دانشگاه علوم پزشکی بوشهر
1397,تجربی,4127,769,منطقه 3,پزشکی,دانشگاه علوم پزشکی رفسنجان
1397,تجربی,4137,772,منطقه 3,پزشکی,دانشگاه علوم پزشکی دزفول
1397,تجربی,4137,772,منطقه 3,پزشکی - بومی آذربایجان شرقی محل خدمت شهرستان سراب,دانشگاه علوم پزشکی تبریز
1397,تجربی,4148,496,ایثارگر-5%,پزشکی,دانشگاه علوم پزشکی بندرعباس
1397,تجربی,4148,775,منطقه 3,داروسازی,دانشگاه علوم پزشکی شیراز
1397,تجربی,4148,775,منطقه 3,پزشکی,دانشگاه علوم پزشکی دزفول
1397,تجربی,4148,775,منطقه 3,پزشکی - نیمسال اول,دانشگاه علوم پزشکی لرستان - خرم آباد
1397,تجربی,4156,778,منطقه 3,پزشکی - نیمسال اول,دانشگاه علوم پزشکی تبریز - پردیس خودگردان
1397,تجربی,4162,499,ایثارگر-5%,پزشکی - نیمسال دوم,دانشگاه علوم پزشکی سبزوار
1397,تجربی,4162,779,منطقه 3,پزشکی - نیمسال دوم,دانشگاه علوم پزشکی جندی شاپور اهواز
1397,تجربی,4162,779,منطقه 3,پزشکی - نیمسال دوم,دانشگاه علوم پزشکی زاهدان
1397,تجربی,4168,501,ایثارگر-5%,پزشکی,دانشگاه علوم پزشکی رفسنجان
1397,تجربی,4196,505,ایثارگر-5%,پزشکی - نیمسال دوم,دانشگاه علوم پزشکی سبزوار
1397,تجربی,4196,783,منطقه 3,پزشکی,دانشگاه علوم پزشکی رفسنجان
1397,تجربی,4209,506,ایثارگر-5%,پزشکی,دانشگاه علوم پزشکی دزفول
1397,تجربی,4209,785,منطقه 3,پزشکی - بومی خراسان رضوی محل خدمت تایباد,دانشگاه علوم پزشکی مشهد
1397,تجربی,4216,507,ایثارگر-5%,پزشکی,دانشگاه علوم پزشکی بندرعباس
1397,تجربی,4216,786,منطقه 3,پزشکی,دانشگاه علوم پزشکی رفسنجان
1397,تجربی,4216,786,منطقه 3,پزشکی,دانشگاه علوم پزشکی گیلان - رشت (محل تحصیل بندرانزلی) - پردیس خودگردان
1397,تجربی,4222,508,ایثارگر-5%,پزشکی,دانشگاه علوم پزشکی بندرعباس
1397,تجربی,4222,508,ایثارگر-5%,پزشکی - نیمسال دوم,دانشگاه علوم پزشکی زاهدان
1397,تجربی,4232,510,ایثارگر-5%,پزشکی,دانشگاه علوم پزشکی دزفول
1397,تجربی,4232,789,منطقه 3,پزشکی - نیمسال اول,دانشگاه علوم پزشکی جهرم
1397,تجربی,4241,791,منطقه 3,پزشکی - نیمسال اول,دانشگاه علوم پزشکی لرستان - خرم آباد
1397,تجربی,4248,794,منطقه 3,دندانپزشکی,دانشگاه علوم پزشکی رفسنجان
1397,تجربی,4248,794,منطقه 3,پزشکی,دانشگاه علوم پزشکی اصفهان - پردیس خودگردان
1397,تجربی,4248,794,منطقه 3,پزشکی,دانشگاه علوم پزشکی دزفول
1397,تجربی,4248,794,منطقه 3,پزشکی,دانشگاه علوم پزشکی یزد
1397,تجربی,4265,514,ایثارگر-5%,پزشکی - نیمسال اول,دانشگاه علوم پزشکی البرز - کرج
1397,تجربی,4271,515,ایثارگر-5%,پزشکی,دانشگاه علوم پزشکی اصفهان - پردیس خودگردان
1397,تجربی,4271,798,منطقه 3,پزشکی,دانشگاه علوم پزشکی بوشهر
1397,تجربی,4271,798,منطقه 3,پزشکی - بومی آذربایجان غربی محل خدمت شهرستان تکاب,دانشگاه علوم پزشکی ارومیه
1397,تجربی,4271,798,منطقه 3,پزشکی - بومی استان اردبیل محل خدمت مشگین شهر,دانشگاه علوم پزشکی اردبیل
1397,تجربی,4282,801,منطقه 3,پزشکی,دانشگاه علوم پزشکی زنجان
1397,تجربی,4287,803,منطقه 3,داروسازی - نیمسال اول,دانشگاه علوم پزشکی تبریز
1397,تجربی,4287,803,منطقه 3,پزشکی - نیمسال دوم,دانشگاه علوم پزشکی زاهدان
1397,تجربی,4287,803,منطقه 3,پزشکی - نیمسال دوم,دانشگاه علوم پزشکی سبزوار
1397,تجربی,4299,519,ایثارگر-5%,داروسازی,دانشگاه علوم پزشکی یزد
1397,تجربی,4299,806,منطقه 3,پزشکی,دانشگاه علوم پزشکی دزفول
1397,تجربی,4299,806,منطقه 3,پزشکی - نیمسال دوم,دانشگاه علوم پزشکی زاهدان
1397,تجربی,4305,809,منطقه 3,پزشکی,دانشگاه علوم پزشکی بم
1397,تجربی,4313,813,منطقه 3,دندانپزشکی,دانشگاه علوم پزشکی گلستان - گرگان
1397,تجربی,4313,813,منطقه 3,پزشکی - نیمسال دوم,دانشگاه علوم پزشکی خراسان شمالی - بجنورد
1397,تجربی,4323,521,ایثارگر-5%,پزشکی,دانشگاه علوم پزشکی رفسنجان
1397,تجربی,4323,818,منطقه 3,دندانپزشکی,دانشگاه علوم پزشکی یزد
1397,تجربی,4323,818,منطقه 3,پزشکی,دانشگاه علوم پزشکی بوشهر
1397,تجربی,4331,522,ایثارگر-5%,پزشکی,دانشگاه علوم پزشکی فسا
1397,تجربی,4339,523,ایثارگر-5%,پزشکی - نیمسال دوم,دانشگاه علوم پزشکی زاهدان
1397,تجربی,4339,822,منطقه 3,پزشکی,دانشگاه علوم پزشکی بندرعباس
1397,تجربی,4346,824,منطقه 3,پزشکی,دانشگاه علوم پزشکی گناباد
1397,تجربی,4351,825,منطقه 3,پزشکی,دانشگاه علوم پزشکی ایران - پردیس خودگردان
1397,تجربی,4359,525,ایثارگر-5%,پزشکی,دانشگاه علوم پزشکی گناباد
1397,تجربی,4367,829,منطقه 3,پزشکی - نیمسال دوم,دانشگاه علوم پزشکی یاسوج
1397,تجربی,4367,829,منطقه 3,پزشکی - پذیرش ازمیان داوطلبان باعضویت بسیجی,دانشگاه علوم پزشکی بقیه الله
1397,تجربی,4384,528,ایثارگر-5%,پزشکی - بومی چهارمحال وبختیاری محل خدمت لردگان,دانشگاه علوم پزشکی شهرکرد
1397,تجربی,4384,528,ایثارگر-5%,پزشکی - نیمسال اول,دانشگاه علوم پزشکی البرز - کرج
1397,تجربی,4393,530,ایثارگر-5%,پزشکی,دانشگاه علوم پزشکی فسا
1397,تجربی,4406,832,منطقه 3,پزشکی,دانشگاه علوم پزشکی بم
1397,تجربی,4414,531,ایثارگر-5%,پزشکی,دانشکده علوم پزشکی آبادان
1397,تجربی,4414,834,منطقه 3,پزشکی,دانشگاه علوم پزشکی دزفول
1397,تجربی,4414,834,منطقه 3,پزشکی,دانشگاه علوم پزشکی فسا
1397,تجربی,4414,834,منطقه 3,پزشکی - نیمسال اولژ,دانشگاه علوم پزشکی مشهد - پردیس خودگردان
1397,تجربی,4428,836,منطقه 3,پزشکی - نیمسال دوم,دانشگاه علوم پزشکی لرستان - خرم آباد
1397,تجربی,4436,534,ایثارگر-5%,پزشکی,دانشگاه علوم پزشکی جیرفت
1397,تجربی,4436,838,منطقه 3,داروسازی - بومی لرستان محل خدمت دورود,دانشگاه علوم پزشکی لرستان - خرم آباد
1397,تجربی,4436,838,منطقه 3,پزشکی - نیمسال دوم,دانشگاه علوم پزشکی لرستان - خرم آباد
1397,تجربی,4449,843,منطقه 3,داروسازی,دانشگاه علوم پزشکی تهران - پردیس خودگردان
1397,تجربی,4449,843,منطقه 3,پزشکی,دانشگاه علوم پزشکی بندرعباس
1397,تجربی,4449,843,منطقه 3,پزشکی,دانشگاه علوم پزشکی رفسنجان
1397,تجربی,4457,847,منطقه 3,پزشکی - نیمسال دوم,دانشگاه علوم پزشکی یاسوج
1397,تجربی,4465,539,ایثارگر-5%,داروسازی,دانشگاه علوم پزشکی کرمان
1397,تجربی,4473,540,ایثارگر-5%,پزشکی,دانشگاه علوم پزشکی بم
1397,تجربی,4479,541,ایثارگر-5%,داروسازی,دانشگاه علوم پزشکی جندی شاپور اهواز
1397,تجربی,4479,849,منطقه 3,پزشکی,دانشگاه علوم پزشکی دزفول
1397,تجربی,4490,852,منطقه 3,پزشکی,دانشگاه علوم پزشکی بندرعباس
1397,تجربی,4505,855,منطقه 3,دندانپزشکی,دانشگاه علوم پزشکی مازندران - ساری
1397,تجربی,4505,855,منطقه 3,دندانپزشکی - بومی کردستان محل خدمت سرواباد,دانشگاه علوم پزشکی کردستان - سنندج
1397,تجربی,4505,855,منطقه 3,پزشکی,دانشگاه علوم پزشکی کاشان
1397,تجربی,4505,855,منطقه 3,پزشکی - بومی مناطق زلزله زده استان کرمانشاه -نیمسال اول,دانشگاه علوم پزشکی کرمانشاه
1397,تجربی,4519,860,منطقه 3,دندانپزشکی,دانشگاه علوم پزشکی بندرعباس
1397,تجربی,4519,860,منطقه 3,پزشکی,دانشگاه علوم پزشکی بندرعباس
1397,تجربی,4528,862,منطقه 3,پزشکی,دانشگاه علوم پزشکی گناباد
1397,تجربی,4538,544,ایثارگر-5%,پزشکی,دانشگاه علوم پزشکی قم
1397,تجربی,4550,864,منطقه 3,پزشکی,دانشگاه علوم پزشکی کردستان - سنندج
1397,تجربی,4558,866,منطقه 3,پزشکی - بومی خراسان جنوبی محل خدمت طبس,دانشگاه علوم پزشکی بیرجند
1397,تجربی,4558,866,منطقه 3,پزشکی - نیمسال اول,دانشگاه علوم پزشکی تبریز - پردیس خودگردان
1397,تجربی,4565,869,منطقه 3,دندانپزشکی,دانشگاه علوم پزشکی مازندران - ساری
1397,تجربی,4575,547,ایثارگر-5%,داروسازی,دانشگاه علوم پزشکی همدان
1397,تجربی,4575,547,ایثارگر-5%,پزشکی - بومی آذربایجان غربی محل خدمت شهرستان پلدشت,دانشگاه علوم پزشکی ارومیه
1397,تجربی,4575,871,منطقه 3,داروسازی - نیمسال اول,دانشگاه علوم پزشکی تبریز
1397,تجربی,4582,872,منطقه 3,پزشکی,دانشگاه علوم پزشکی رفسنجان
1397,تجربی,4588,549,ایثارگر-5%,پزشکی,دانشگاه علوم پزشکی اصفهان - پردیس خودگردان
1397,تجربی,4594,874,منطقه 3,پزشکی,دانشگاه علوم پزشکی دزفول
1397,تجربی,4608,552,ایثارگر-5%,پزشکی - نیمسال اولژ,دانشگاه علوم پزشکی مشهد - پردیس خودگردان
1397,تجربی,4608,877,منطقه 3,پزشکی,دانشگاه علوم پزشکی ایران - پردیس خودگردان
1397,تجربی,4608,877,منطقه 3,پزشکی,دانشگاه علوم پزشکی قزوین
1397,تجربی,4624,879,منطقه 3,پزشکی,دانشگاه علوم پزشکی فسا
1397,تجربی,4624,879,منطقه 3,پزشکی - نیمسال دوم,دانشگاه علوم پزشکی لرستان - خرم آباد
1397,تجربی,4631,557,ایثارگر-5%,دندانپزشکی,دانشگاه علوم پزشکی زاهدان
1397,تجربی,4631,557,ایثارگر-5%,پزشکی - بومی خوزستان محل خدمت ایذه,دانشگاه علوم پزشکی جندی شاپور اهواز
1397,تجربی,4638,882,منطقه 3,پزشکی,دانشگاه علوم پزشکی گناباد
1397,تجربی,4638,882,منطقه 3,پزشکی - پذیرش ازمیان داوطلبان باعضویت بسیجی,دانشگاه علوم پزشکی بقیه الله
1397,تجربی,4653,562,ایثارگر-5%,فیزیوتراپی,دانشگاه علوم پزشکی تهران
1397,تجربی,4653,885,منطقه 3,پزشکی - نیمسال اول,دانشگاه علوم پزشکی شاهرود
1397,تجربی,4664,889,منطقه 3,پزشکی,دانشگاه علوم پزشکی کاشان
1397,تجربی,4673,566,ایثارگر-5%,داروسازی,دانشگاه علوم پزشکی تهران - پردیس خودگردان
1397,تجربی,4673,566,ایثارگر-5%,دندانپزشکی,دانشگاه علوم پزشکی لرستان - خرم آباد
1397,تجربی,4681,568,ایثارگر-5%,دندانپزشکی - بومی استان همدان محل خدمت فامنین,دانشگاه علوم پزشکی همدان
1397,تجربی,4689,893,منطقه 3,دندانپزشکی,دانشگاه علوم پزشکی گلستان - گرگان
1397,تجربی,4704,574,ایثارگر-5%,داروسازی,دانشگاه علوم پزشکی البرز - کرج
1397,تجربی,4704,574,ایثارگر-5%,فیزیوتراپی,دانشگاه علوم پزشکی تهران
1397,تجربی,4704,895,منطقه 3,پزشکی - بومی استان اردبیل محل خدمت استان اردبیل,دانشگاه علوم پزشکی اردبیل
1397,تجربی,4716,577,ایثارگر-5%,دندانپزشکی - بومی خراسان رضوی محل خدمت بجستان گناباد,دانشگاه علوم پزشکی مشهد
1397,تجربی,4716,897,منطقه 3,داروسازی,دانشگاه علوم پزشکی شیراز
1397,تجربی,4716,897,منطقه 3,پزشکی,دانشگاه علوم پزشکی ایلام
1397,تجربی,4723,899,منطقه 3,دندانپزشکی - بومی استان کرمان محل خدمت جیرفت,دانشگاه علوم پزشکی کرمان
1397,تجربی,4739,901,منطقه 3,پزشکی - نیمسال اول,دانشگاه علوم پزشکی تبریز - پردیس خودگردان
1397,تجربی,4746,903,منطقه 3,پزشکی - بومی کهگیلویه وبویراحمد,دانشگاه علوم پزشکی یاسوج
1397,تجربی,4746,903,منطقه 3,پزشکی - پذیرش ازمیان داوطلبان باعضویت بسیجی,دانشگاه علوم پزشکی بقیه الله
1397,تجربی,4750,905,منطقه 3,پزشکی,دانشگاه علوم پزشکی زنجان
1397,تجربی,4755,906,منطقه 3,پزشکی,دانشگاه علوم پزشکی رفسنجان
1397,تجربی,4762,907,منطقه 3,داروسازی,دانشگاه علوم پزشکی بندرعباس
1397,تجربی,4771,909,منطقه 3,دندانپزشکی,دانشگاه علوم پزشکی زاهدان
1397,تجربی,4779,910,منطقه 3,پزشکی - نیمسال دوم,دانشگاه علوم پزشکی لرستان - خرم آباد
1397,تجربی,4783,589,ایثارگر-5%,پزشکی,دانشگاه علوم پزشکی همدان - پردیس خودگردان
1397,تجربی,4788,590,ایثارگر-5%,داروسازی,دانشگاه علوم پزشکی مشهد
1397,تجربی,4788,911,منطقه 3,پزشکی - نیمسال اول,دانشگاه علوم پزشکی زاهدان
1397,تجربی,4788,911,منطقه 3,پزشکی - نیمسال دوم,دانشگاه علوم پزشکی جهرم
1397,تجربی,4795,913,منطقه 3,دندانپزشکی,دانشگاه علوم پزشکی قزوین
1397,تجربی,4804,914,منطقه 3,پزشکی,دانشگاه علوم پزشکی رفسنجان
1397,تجربی,4804,914,منطقه 3,پزشکی,دانشگاه علوم پزشکی کاشان
1397,تجربی,4815,593,ایثارگر-5%,داروسازی,دانشگاه علوم پزشکی اردبیل
1397,تجربی,4815,593,ایثارگر-5%,پزشکی,دانشگاه علوم پزشکی زنجان - پردیس خودگردان
1397,تجربی,4815,917,منطقه 3,دندانپزشکی,دانشگاه علوم پزشکی گلستان - گرگان
1397,تجربی,4815,917,منطقه 3,پزشکی,دانشگاه علوم پزشکی فسا
1397,تجربی,4827,595,ایثارگر-5%,دندانپزشکی - بومی استان همدان محل خدمت کبودرآهنگ,دانشگاه علوم پزشکی همدان
1397,تجربی,4827,920,منطقه 3,پزشکی,دانشگاه علوم پزشکی فسا
1397,تجربی,4827,920,منطقه 3,پزشکی - بومی آذربایجان غربی محل خدمت شهرستان شوط,دانشگاه علوم پزشکی ارومیه
1397,تجربی,4841,924,منطقه 3,دندانپزشکی,دانشگاه علوم پزشکی جندی شاپور اهواز
1397,تجربی,4849,925,منطقه 3,پزشکی - نیمسال دوم,دانشگاه علوم پزشکی جهرم
1397,تجربی,4856,926,منطقه 3,داروسازی,دانشگاه علوم پزشکی مشهد
1397,تجربی,4863,601,ایثارگر-5%,فیزیوتراپی,دانشگاه علوم پزشکی شهید بهشتی - تهران
1397,تجربی,4870,602,ایثارگر-5%,داروسازی,دانشگاه علوم پزشکی جندی شاپور اهواز
1397,تجربی,4870,928,منطقه 3,پزشکی,دانشگاه علوم پزشکی دزفول
1397,تجربی,4879,604,ایثارگر-5%,داروسازی,دانشگاه علوم پزشکی زنجان - پردیس خودگردان
1397,تجربی,4879,604,ایثارگر-5%,دندانپزشکی - بومی لرستان محل خدمت الشتر,دانشگاه علوم پزشکی لرستان - خرم آباد
1397,تجربی,4879,930,منطقه 3,پزشکی - بومی آذربایجان غربی محل خدمت شهرستان چالدران,دانشگاه علوم پزشکی ارومیه
1397,تجربی,4886,933,منطقه 3,دندانپزشکی - نیمسال اول,دانشگاه علوم پزشکی شهیدبهشتی تهران - پردیس خودگردان
1397,تجربی,4894,607,ایثارگر-5%,داروسازی,دانشگاه علوم پزشکی یزد
1397,تجربی,4894,934,منطقه 3,پزشکی - نیمسال دوم,دانشگاه علوم پزشکی شاهرود
1397,تجربی,4903,936,منطقه 3,پزشکی - بومی خراسان رضوی محل خدمت تایباد,دانشگاه علوم پزشکی مشهد
1397,تجربی,4921,610,ایثارگر-5%,پزشکی - نیمسال دوم,دانشگاه علوم پزشکی زاهدان
1397,تجربی,4921,940,منطقه 3,داروسازی,دانشگاه علوم پزشکی کرمانشاه
1397,تجربی,4921,940,منطقه 3,پزشکی - بومی مناطق زلزله زده استان کرمانشاه -نیمسال اول,دانشگاه علوم پزشکی کرمانشاه
1397,تجربی,4921,940,منطقه 3,پزشکی - نیمسال اول,دانشگاه علوم پزشکی شیراز
1397,تجربی,4929,944,منطقه 3,دندانپزشکی - بومی خراسان رضوی محل خدمت جوین سبزه وار,دانشگاه علوم پزشکی مشهد
1397,تجربی,4929,944,منطقه 3,پزشکی,دانشگاه علوم پزشکی کردستان - سنندج
1397,تجربی,4943,948,منطقه 3,داروسازی,دانشگاه علوم پزشکی اردبیل
1397,تجربی,4949,950,منطقه 3,پزشکی - نیمسال دوم,دانشگاه علوم پزشکی زاهدان
1397,تجربی,4953,951,منطقه 3,پزشکی - بومی کهگیلویه وبویراحمد محل خدمت گچساران,دانشگاه علوم پزشکی یاسوج
1397,تجربی,4959,952,منطقه 3,دندانپزشکی - بومی خراسان جنوبی محل خدمت طبس,دانشگاه علوم پزشکی بیرجند
1397,تجربی,4964,953,منطقه 3,داروسازی - نیمسال دوم,دانشگاه علوم پزشکی تبریز
1397,تجربی,4974,954,منطقه 3,دندانپزشکی - بومی فارس محل خدمت خفر جهرم,دانشگاه علوم پزشکی شیراز
1397,تجربی,4991,958,منطقه 3,دندانپزشکی - بومی استان اردبیل محل خدمت پارس آباد,دانشگاه علوم پزشکی اردبیل
1397,تجربی,4991,958,منطقه 3,دندانپزشکی - بومی خراسان شمالی محل خدمت اسفراین,دانشگاه علوم پزشکی خراسان شمالی - بجنورد
1397,تجربی,4991,958,منطقه 3,پزشکی,دانشگاه علوم پزشکی بم
1397,تجربی,5000,960,منطقه 3,پزشکی - نیمسال اول,دانشگاه علوم پزشکی شهرکرد
1397,تجربی,5010,617,ایثارگر-5%,داروسازی,دانشگاه علوم پزشکی گیلان - رشت
1397,تجربی,5010,962,منطقه 3,پزشکی,دانشکده علوم پزشکی آبادان
1397,تجربی,5019,964,منطقه 3,دندانپزشکی - بومی کهگیلویه وبویراحمد محل خدمت گچساران,دانشگاه علوم پزشکی یاسوج
1397,تجربی,5034,618,ایثارگر-5%,دندانپزشکی - بومی فارس محل خدمت خنج لارستان,دانشگاه علوم پزشکی شیراز
1397,تجربی,5034,968,منطقه 3,پزشکی - بومی آذربایجان شرقی محل خدمت شهرستان خداآفرین,دانشگاه علوم پزشکی تبریز
1397,تجربی,5034,968,منطقه 3,پزشکی - نیمسال دوم,دانشگاه علوم پزشکی البرز - کرج
1397,تجربی,5045,971,منطقه 3,دندانپزشکی - بومی خراسان شمالی محل خدمت اسفراین,دانشگاه علوم پزشکی خراسان شمالی - بجنورد
1397,تجربی,5045,971,منطقه 3,پزشکی,دانشگاه علوم پزشکی ایران - پردیس خودگردان
1397,تجربی,5055,973,منطقه 3,فیزیوتراپی,دانشگاه علوم پزشکی تهران
1397,تجربی,5062,975,منطقه 3,دندانپزشکی,دانشگاه علوم پزشکی لرستان - خرم آباد
1397,تجربی,5076,623,ایثارگر-5%,پزشکی - نیمسال دوم,دانشگاه علوم پزشکی زاهدان
1397,تجربی,5083,981,منطقه 3,پزشکی - بومی خراسان جنوبی محل خدمت فردوس,دانشگاه علوم پزشکی بیرجند
1397,تجربی,5089,984,منطقه 3,پزشکی - نیمسال اول,دانشگاه علوم پزشکی تبریز - پردیس خودگردان
1397,تجربی,5098,986,منطقه 3,دندانپزشکی - بومی کهگیلویه وبویراحمد محل خدمت کهگیلویه,دانشگاه علوم پزشکی یاسوج
1397,تجربی,5109,988,منطقه 3,پزشکی - بومی خوزستان محل خدمت باوی,دانشگاه علوم پزشکی جندی شاپور اهواز
1397,تجربی,5127,627,ایثارگر-5%,دندانپزشکی,دانشگاه علوم پزشکی همدان - پردیس خودگردان
1397,تجربی,5137,992,منطقه 3,پزشکی - بومی مناطق زلزله زده استان کرمانشاه -نیمسال دوم,دانشگاه علوم پزشکی کرمانشاه
1397,تجربی,5146,630,ایثارگر-5%,پزشکی,دانشگاه علوم پزشکی زابل
1397,تجربی,5156,633,ایثارگر-5%,پزشکی,دانشگاه علوم پزشکی قزوین
1397,تجربی,5163,995,منطقه 3,پزشکی - بومی گلستان محل خدمت گمیشان,دانشگاه علوم پزشکی گلستان - گرگان
1397,تجربی,5175,996,منطقه 3,پزشکی,دانشگاه علوم پزشکی کردستان - سنندج
1397,تجربی,5192,635,ایثارگر-5%,دندانپزشکی,دانشگاه علوم پزشکی بندرعباس - پردیس خودگردان
1397,تجربی,5192,635,ایثارگر-5%,فیزیوتراپی,دانشگاه علوم پزشکی ایران
1397,تجربی,5192,635,ایثارگر-5%,پزشکی - نیمسال اول,دانشگاه علوم پزشکی جهرم
1397,تجربی,5200,638,ایثارگر-5%,داروسازی,دانشگاه علوم پزشکی زنجان
1397,تجربی,5200,638,ایثارگر-5%,پزشکی - بومی لرستان محل خدمت خرم آباد وسپیددشت,دانشگاه علوم پزشکی لرستان - خرم آباد
1397,تجربی,5207,641,ایثارگر-5%,پزشکی - بومی خراسان رضوی محل خدمت کاشمر,دانشگاه علوم پزشکی مشهد
1397,تجربی,5273,653,ایثارگر-5%,داروسازی,دانشگاه علوم پزشکی اردبیل
1397,تجربی,5292,656,ایثارگر-5%,بینایی سنجی,دانشگاه علوم پزشکی شهید بهشتی - تهران
1397,تجربی,5292,656,ایثارگر-5%,داروسازی,دانشگاه علوم پزشکی شیراز
1397,تجربی,5299,659,ایثارگر-5%,پزشکی,دانشگاه علوم پزشکی قزوین
1397,تجربی,5306,661,ایثارگر-5%,پزشکی - بومی خراسان رضوی محل خدمت گناباد,دانشگاه علوم پزشکی گناباد
1397,تجربی,5313,662,ایثارگر-5%,پزشکی - نیمسال اول,دانشگاه علوم پزشکی البرز - کرج
1397,تجربی,5330,663,ایثارگر-5%,پزشکی - بومی خراسان جنوبی محل خدمت بیرجند,دانشگاه علوم پزشکی بیرجند
1397,تجربی,5340,664,ایثارگر-5%,پزشکی - بومی خراسان رضوی محل خدمت بردسکن,دانشگاه علوم پزشکی مشهد
1397,تجربی,5371,668,ایثارگر-5%,پزشکی - پذیرش ازمیان داوطلبان باعضویت بسیجی,دانشگاه علوم پزشکی بقیه الله
1397,تجربی,5379,670,ایثارگر-5%,داروسازی,دانشگاه علوم پزشکی بندرعباس
1397,تجربی,5403,672,ایثارگر-5%,داروسازی,دانشگاه علوم پزشکی یزد - پردیس خودگردان
1397,تجربی,5415,673,ایثارگر-5%,فیزیوتراپی,دانشگاه علوم بهزیستی و توانبخشی تهران(رشته های گروه پزشکی)
1397,تجربی,5422,674,ایثارگر-5%,داروسازی,دانشگاه علوم پزشکی یزد
1397,تجربی,5436,677,ایثارگر-5%,دندانپزشکی,دانشگاه علوم پزشکی اردبیل - پردیس خودگردان
1397,تجربی,5515,684,ایثارگر-5%,داروسازی,دانشگاه علوم پزشکی مازندران - ساری
1397,تجربی,5515,684,ایثارگر-5%,پزشکی,دانشگاه علوم پزشکی فسا
1397,تجربی,5528,686,ایثارگر-5%,پزشکی,دانشگاه علوم پزشکی کردستان - سنندج
1397,تجربی,5541,688,ایثارگر-5%,زیست شناسی سلولی مولکولی,دانشگاه تهران
1397,تجربی,5585,694,ایثارگر-5%,داروسازی,دانشگاه علوم پزشکی زنجان - پردیس خودگردان
1397,تجربی,5591,696,ایثارگر-5%,دندانپزشکی,دانشگاه علوم پزشکی ارومیه - پردیس خودگردان
1397,تجربی,5655,704,ایثارگر-5%,پزشکی,دانشگاه علوم پزشکی سمنان
1397,تجربی,5700,709,ایثارگر-5%,فیزیوتراپی,دانشگاه علوم پزشکی تبریز
1397,تجربی,5700,709,ایثارگر-5%,پزشکی,دانشگاه علوم پزشکی ارومیه - پردیس خودگردان
1397,تجربی,5785,716,ایثارگر-5%,داروسازی,دانشگاه علوم پزشکی کرمان
1397,تجربی,5798,718,ایثارگر-5%,پزشکی,دانشگاه علوم پزشکی کردستان - سنندج
1397,تجربی,5862,724,ایثارگر-5%,پزشکی - نیمسال اول,دانشگاه علوم پزشکی شاهرود
1397,تجربی,5881,726,ایثارگر-5%,دندانپزشکی,دانشگاه علوم پزشکی زاهدان - پردیس خودگردان
1397,تجربی,5896,728,ایثارگر-5%,پزشکی - بومی خراسان رضوی محل خدمت خواف,دانشگاه علوم پزشکی مشهد
1397,تجربی,5896,728,ایثارگر-5%,پزشکی - بومی کهگیلویه وبویراحمد محل خدمت بهمیی,دانشگاه علوم پزشکی یاسوج
1397,تجربی,5922,731,ایثارگر-5%,داروسازی - بومی استان همدان محل خدمت اسدآباد,دانشگاه علوم پزشکی همدان
1397,تجربی,5937,732,ایثارگر-5%,پزشکی - بومی استان کرمانشاه محل خدمت پاوه,دانشگاه علوم پزشکی کرمانشاه
1397,تجربی,5946,733,ایثارگر-5%,دندانپزشکی - بومی خراسان جنوبی محل خدمت زیرکوه,دانشگاه علوم پزشکی بیرجند
1397,تجربی,5946,733,ایثارگر-5%,پزشکی,دانشگاه علوم پزشکی بابل - پردیس خودگردان
1397,تجربی,5981,738,ایثارگر-5%,فیزیوتراپی,دانشگاه علوم پزشکی اصفهان
1397,تجربی,5981,738,ایثارگر-5%,پزشکی,دانشگاه علوم پزشکی کرمان - پردیس خودگردان
1397,تجربی,5994,742,ایثارگر-5%,دندانپزشکی,دانشگاه علوم پزشکی زاهدان - پردیس خودگردان
1397,تجربی,6017,748,ایثارگر-5%,فیزیوتراپی,دانشگاه علوم پزشکی شیراز
1397,تجربی,6038,752,ایثارگر-5%,پزشکی,دانشگاه علوم پزشکی اردبیل - پردیس خودگردان
1397,تجربی,6038,752,ایثارگر-5%,پزشکی - بومی استان کرمانشاه محل خدمت صحنه,دانشگاه علوم پزشکی کرمانشاه
1397,تجربی,6049,754,ایثارگر-5%,پزشکی - بومی خراسان رضوی محل خدمت سرخس,دانشگاه علوم پزشکی مشهد
1397,تجربی,6079,758,ایثارگر-5%,داروسازی - بومی استان همدان محل خدمت کبودرآهنگ,دانشگاه علوم پزشکی همدان
1397,تجربی,6079,758,ایثارگر-5%,پزشکی - بومی آذربایجان شرقی محل خدمت شهرستان خداآفرین,دانشگاه علوم پزشکی تبریز
1397,تجربی,6079,758,ایثارگر-5%,پزشکی - بومی استان کرمانشاه محل خدمت جوانمرد,دانشگاه علوم پزشکی کرمانشاه
1397,تجربی,6079,758,ایثارگر-5%,پزشکی - بومی مرکزی محل خدمت اراک,دانشگاه علوم پزشکی اراک
1397,تجربی,6097,761,ایثارگر-5%,فیزیوتراپی,دانشگاه علوم پزشکی شیراز
1397,تجربی,6125,765,ایثارگر-5%,داروسازی,دانشگاه علوم پزشکی زنجان - پردیس خودگردان
1397,تجربی,6146,768,ایثارگر-5%,داروسازی,دانشگاه علوم پزشکی ارومیه
1397,تجربی,6159,769,ایثارگر-5%,داروسازی,دانشگاه علوم پزشکی گیلان - رشت
1397,تجربی,6167,771,ایثارگر-5%,پزشکی - بومی خراسان جنوبی محل خدمت نهبندان,دانشگاه علوم پزشکی بیرجند
1397,تجربی,6178,772,ایثارگر-5%,پزشکی,دانشگاه علوم پزشکی گناباد
1397,تجربی,6178,772,ایثارگر-5%,پزشکی - بومی خراسان رضوی محل خدمت باخزر,دانشگاه علوم پزشکی مشهد
1397,تجربی,6189,775,ایثارگر-5%,پزشکی,دانشگاه علوم پزشکی یاسوج
1397,تجربی,6210,778,ایثارگر-5%,داروسازی,دانشگاه علوم پزشکی تهران - پردیس خودگردان
1397,تجربی,6227,783,ایثارگر-5%,پزشکی,دانشگاه علوم پزشکی زنجان - پردیس خودگردان
1397,تجربی,6265,787,ایثارگر-5%,داروسازی,دانشگاه علوم پزشکی جندی شاپور اهواز
1397,تجربی,6265,787,ایثارگر-5%,پزشکی,دانشگاه علوم پزشکی بابل - پردیس خودگردان
1397,تجربی,6265,787,ایثارگر-5%,پزشکی,دانشگاه علوم پزشکی یاسوج
1397,تجربی,6277,790,ایثارگر-5%,پزشکی - بومی استان اردبیل محل خدمت انار,دانشگاه علوم پزشکی اردبیل
1397,تجربی,6305,793,ایثارگر-5%,داروسازی,دانشگاه علوم پزشکی بندرعباس
1397,تجربی,6305,793,ایثارگر-5%,پزشکی,دانشگاه علوم پزشکی اردبیل - پردیس خودگردان
1397,تجربی,6313,796,ایثارگر-5%,داروسازی,دانشگاه علوم پزشکی گیلان - رشت
1397,تجربی,6318,798,ایثارگر-5%,فیزیوتراپی,دانشگاه علوم پزشکی بابل
1397,تجربی,6340,802,ایثارگر-5%,داروسازی,دانشگاه علوم پزشکی شیراز
1397,تجربی,6340,802,ایثارگر-5%,مامایی,دانشگاه علوم پزشکی یزد
1397,تجربی,6405,811,ایثارگر-5%,داروسازی,دانشگاه علوم پزشکی یزد
1397,تجربی,6405,811,ایثارگر-5%,فیزیوتراپی,دانشگاه علوم پزشکی اصفهان
1397,تجربی,6405,811,ایثارگر-5%,پزشکی - بومی هرمزگان محل خدمت بندرعباس,دانشگاه علوم پزشکی بندرعباس
1397,تجربی,6418,814,ایثارگر-5%,داروسازی,دانشگاه علوم پزشکی گیلان - رشت
1397,تجربی,6418,814,ایثارگر-5%,فیزیوتراپی,دانشگاه علوم پزشکی بابل
1397,تجربی,6436,817,ایثارگر-5%,فیزیوتراپی,دانشگاه علوم پزشکی تبریز
1397,تجربی,6441,818,ایثارگر-5%,فیزیوتراپی,دانشگاه علوم پزشکی شیراز
1397,تجربی,6471,823,ایثارگر-5%,پزشکی,دانشگاه علوم پزشکی زنجان - پردیس خودگردان
1397,تجربی,6511,828,ایثارگر-5%,پزشکی - بومی کردستان محل خدمت مریوان,دانشگاه علوم پزشکی کردستان - سنندج
1397,تجربی,6522,830,ایثارگر-5%,پزشکی - بومی استان سمنان محل خدمت مهدی شهر,دانشگاه علوم پزشکی سمنان
1397,تجربی,6538,832,ایثارگر-5%,دندانپزشکی - بومی استان کرمان محل خدمت کهنوج,دانشگاه علوم پزشکی رفسنجان
1397,تجربی,6576,835,ایثارگر-5%,پزشکی,دانشگاه علوم پزشکی یاسوج
1397,تجربی,6603,837,ایثارگر-5%,فیزیوتراپی,دانشگاه علوم پزشکی همدان
1397,تجربی,6635,841,ایثارگر-5%,فیزیوتراپی,دانشگاه علوم پزشکی بابل
1397,تجربی,6635,841,ایثارگر-5%,پزشکی,دانشگاه علوم پزشکی یزد - پردیس خودگردان
1397,تجربی,6646,844,ایثارگر-5%,پزشکی - نیمسال اول,دانشگاه علوم پزشکی اراک
1397,تجربی,6664,847,ایثارگر-5%,پزشکی,دانشگاه علوم پزشکی گلستان - گرگان - پردیس خودگردان
1397,تجربی,6709,853,ایثارگر-5%,فیزیوتراپی,دانشگاه علوم پزشکی بابل
1397,تجربی,6728,857,ایثارگر-5%,پزشکی,دانشگاه علوم پزشکی بابل - پردیس خودگردان
1397,تجربی,6728,857,ایثارگر-5%,پزشکی,دانشگاه علوم پزشکی لرستان - خرم آباد
1397,تجربی,6758,862,ایثارگر-5%,پزشکی,دانشگاه علوم پزشکی شهرکرد
1397,تجربی,6758,862,ایثارگر-5%,پزشکی,دانشگاه علوم پزشکی گلستان - گرگان - پردیس خودگردان
1397,تجربی,6777,865,ایثارگر-5%,داروسازی,دانشگاه علوم پزشکی جندی شاپور اهواز
1397,تجربی,6829,870,ایثارگر-5%,فیزیوتراپی,دانشگاه علوم پزشکی سمنان
1397,تجربی,6868,875,ایثارگر-5%,پزشکی,دانشگاه علوم پزشکی یاسوج
1397,تجربی,6878,877,ایثارگر-5%,پزشکی - بومی استان همدان محل خدمت ملایر,دانشگاه علوم پزشکی همدان
1397,تجربی,6889,879,ایثارگر-5%,پزشکی,دانشگاه علوم پزشکی کاشان(آران وبیدگل) - پردیس خودگردان
1397,تجربی,6898,880,ایثارگر-5%,داروسازی,دانشگاه علوم پزشکی تهران - پردیس خودگردان
1397,تجربی,6898,880,ایثارگر-5%,پزشکی,دانشگاه علوم پزشکی ارومیه - پردیس خودگردان
1397,تجربی,6909,883,ایثارگر-5%,داروسازی - بومی استان اردبیل محل خدمت خلخال,دانشگاه علوم پزشکی اردبیل
1397,تجربی,6927,885,ایثارگر-5%,بینایی سنجی,دانشگاه علوم پزشکی شهید بهشتی - تهران
1397,تجربی,6927,885,ایثارگر-5%,فیزیوتراپی,دانشگاه علوم پزشکی سمنان
1397,تجربی,6934,887,ایثارگر-5%,پزشکی - نیمسال اول,دانشگاه علوم پزشکی جندی شاپور - اهواز - پردیس خودگردان
1397,تجربی,6934,887,ایثارگر-5%,پزشکی - نیمسال دوم,دانشگاه علوم پزشکی اراک
1397,تجربی,6941,889,ایثارگر-5%,پرستاری - نیمسال اول,دانشگاه علوم پزشکی اردبیل
1397,تجربی,6941,889,ایثارگر-5%,پزشکی - نیمسال دوم,دانشگاه علوم پزشکی جندی شاپور - اهواز - پردیس خودگردان
1397,تجربی,6955,895,ایثارگر-5%,پزشکی,دانشگاه علوم پزشکی رفسنجان
1397,تجربی,6963,897,ایثارگر-5%,پزشکی,دانشگاه علوم پزشکی اردبیل - پردیس خودگردان
1397,تجربی,6980,898,ایثارگر-5%,داروسازی,دانشگاه علوم پزشکی جندی شاپور اهواز
1397,تجربی,7029,904,ایثارگر-5%,پزشکی,دانشگاه علوم پزشکی ارومیه - پردیس خودگردان
1397,تجربی,7029,904,ایثارگر-5%,پزشکی - نیمسال دوم,دانشگاه علوم پزشکی اراک
1397,تجربی,7041,908,ایثارگر-5%,پزشکی,دانشگاه علوم پزشکی بیرجند
1397,تجربی,7054,910,ایثارگر-5%,داروسازی,دانشگاه علوم پزشکی بندرعباس
1397,تجربی,7054,910,ایثارگر-5%,پزشکی,دانشگاه علوم پزشکی گلستان - گرگان - پردیس خودگردان
1397,تجربی,7065,912,ایثارگر-5%,پزشکی,دانشگاه علوم پزشکی گلستان - گرگان - پردیس خودگردان
1397,تجربی,7100,916,ایثارگر-5%,پزشکی,دانشگاه علوم پزشکی بوشهر
1397,تجربی,7115,918,ایثارگر-5%,دندانپزشکی - بومی استان بوشهر محل خدمت گناوه,دانشگاه علوم پزشکی بوشهر
1397,تجربی,7127,919,ایثارگر-5%,پزشکی,دانشگاه علوم پزشکی اصفهان - پردیس خودگردان
1397,تجربی,7151,923,ایثارگر-5%,فیزیوتراپی,دانشگاه علوم پزشکی همدان
1397,تجربی,7158,924,ایثارگر-5%,پزشکی,دانشگاه علوم پزشکی یاسوج
1397,تجربی,7195,931,ایثارگر-5%,پزشکی,دانشگاه علوم پزشکی گلستان - گرگان - پردیس خودگردان
1397,تجربی,7195,931,ایثارگر-5%,پزشکی - بومی لرستان محل خدمت الیگودرز,دانشگاه علوم پزشکی لرستان - خرم آباد
1397,تجربی,7225,937,ایثارگر-5%,داروسازی - بومی استان اردبیل محل خدمت گرمی,دانشگاه علوم پزشکی اردبیل
1397,تجربی,7266,941,ایثارگر-5%,داروسازی - استخدام ارتش جمهوری اسلامی,دانشگاه علوم پزشکی بقیه الله
1397,تجربی,7305,946,ایثارگر-5%,پزشکی,دانشگاه علوم پزشکی سبزوار
1397,تجربی,7324,950,ایثارگر-5%,فیزیوتراپی,دانشگاه علوم پزشکی جندی شاپور اهواز
1397,تجربی,7324,950,ایثارگر-5%,پزشکی - بومی خراسان جنوبی محل خدمت قاین,دانشگاه علوم پزشکی بیرجند
1397,تجربی,7324,950,ایثارگر-5%,پزشکی - نیمسال دوم,دانشگاه علوم پزشکی کرمانشاه - پردیس خودگردان
1397,تجربی,7337,952,ایثارگر-5%,داروسازی,دانشگاه علوم پزشکی کرمان - پردیس خودگردان
1397,تجربی,7357,955,ایثارگر-5%,پزشکی,دانشگاه علوم پزشکی اردبیل - پردیس خودگردان
1397,تجربی,7410,961,ایثارگر-5%,دندانپزشکی,دانشگاه علوم پزشکی جندی شاپور - اهواز - پردیس خودگردان
1397,تجربی,7430,963,ایثارگر-5%,پزشکی,دانشگاه علوم پزشکی اردبیل - پردیس خودگردان
1397,تجربی,7439,965,ایثارگر-5%,دندانپزشکی,دانشگاه علوم پزشکی زنجان - پردیس خودگردان
1397,تجربی,7457,966,ایثارگر-5%,بینایی سنجی,دانشگاه علوم پزشکی ایران
1397,تجربی,7466,969,ایثارگر-5%,بینایی سنجی,دانشگاه علوم پزشکی مشهد
1397,تجربی,7476,972,ایثارگر-5%,داروسازی,دانشگاه علوم پزشکی گیلان - رشت
1397,تجربی,7476,972,ایثارگر-5%,پزشکی,دانشگاه علوم پزشکی بیرجند
1397,تجربی,7476,972,ایثارگر-5%,پزشکی,دانشگاه علوم پزشکی رفسنجان
1397,تجربی,7493,974,ایثارگر-5%,بینایی سنجی,دانشگاه علوم پزشکی ایران
1397,تجربی,7499,975,ایثارگر-5%,پزشکی,دانشگاه علوم پزشکی فسا
1397,تجربی,7508,976,ایثارگر-5%,پزشکی - نیمسال اول,دانشگاه علوم پزشکی کرمانشاه - پردیس خودگردان
1397,تجربی,7565,986,ایثارگر-5%,پزشکی,دانشگاه علوم پزشکی بندرعباس - پردیس خودگردان
1397,تجربی,7565,986,ایثارگر-5%,پزشکی,دانشگاه علوم پزشکی بیرجند
1397,تجربی,7654,998,ایثارگر-5%,بینایی سنجی,دانشگاه علوم پزشکی مشهد
1397,تجربی,7654,998,ایثارگر-5%,پزشکی - نیمسال اول,دانشگاه علوم پزشکی زاهدان - پردیس خودگردان
1397,تجربی,7665,1000,ایثارگر-5%,پزشکی,دانشگاه علوم پزشکی شهرکرد
1397,ریاضی,1,1,منطقه 2,مهندسی کامپیوتر,دانشگاه صنعتی شریف - تهران
1397,ریاضی,3,2,منطقه 2,مهندسی برق,دانشگاه صنعتی شریف - تهران
1397,ریاضی,7,3,منطقه 2,مهندسی مکانیک,دانشگاه صنعتی شریف - تهران
1397,ریاضی,8,4,منطقه 2,مهندسی برق,دانشگاه صنعتی شریف - تهران
1397,ریاضی,9,5,منطقه 2,مهندسی کامپیوتر,دانشگاه صنعتی شریف - تهران
1397,ریاضی,10,6,منطقه 2,مهندسی مکانیک,دانشگاه صنعتی شریف - تهران
1397,ریاضی,12,5,منطقه 1,مهندسی برق,دانشگاه صنعتی شریف - تهران
1397,ریاضی,14,7,منطقه 1,مهندسی کامپیوتر,دانشگاه صنعتی شریف - تهران
1397,ریاضی,23,16,منطقه 1,مهندسی کامپیوتر,دانشگاه صنعتی شریف - تهران
1397,ریاضی,24,7,منطقه 2,مهندسی کامپیوتر,دانشگاه صنعتی شریف - تهران
1397,ریاضی,25,8,منطقه 2,مهندسی برق,دانشگاه صنعتی شریف - تهران
1397,ریاضی,27,18,منطقه 1,مهندسی کامپیوتر,دانشگاه صنعتی شریف - تهران
1397,ریاضی,29,20,منطقه 1,مهندسی کامپیوتر,دانشگاه صنعتی شریف - تهران
1397,ریاضی,32,23,منطقه 1,مهندسی کامپیوتر,دانشگاه صنعتی شریف - تهران
1397,ریاضی,33,2,ایثارگر-5%,مهندسی کامپیوتر,دانشگاه صنعتی شریف - تهران
1397,ریاضی,34,3,ایثارگر-5%,مهندسی کامپیوتر,دانشگاه صنعتی شریف - تهران
1397,ریاضی,35,26,منطقه 1,مهندسی کامپیوتر,دانشگاه صنعتی شریف - تهران
1397,ریاضی,36,27,منطقه 1,مهندسی کامپیوتر,دانشگاه صنعتی شریف - تهران
1397,ریاضی,37,28,منطقه 1,مهندسی کامپیوتر,دانشگاه صنعتی شریف - تهران
1397,ریاضی,38,9,منطقه 2,مهندسی کامپیوتر,دانشگاه صنعتی شریف - تهران
1397,ریاضی,39,2,منطقه 3,مهندسی کامپیوتر,دانشگاه صنعتی شریف - تهران
1397,ریاضی,40,10,منطقه 2,مهندسی برق,دانشگاه صنعتی شریف - تهران
1397,ریاضی,41,29,منطقه 1,مهندسی برق,دانشگاه صنعتی شریف - تهران
1397,ریاضی,43,11,منطقه 2,مهندسی برق,دانشگاه صنعتی شریف - تهران
1397,ریاضی,45,12,منطقه 2,مهندسی کامپیوتر,دانشگاه صنعتی شریف - تهران
1397,ریاضی,46,13,منطقه 2,مهندسی کامپیوتر,دانشگاه صنعتی شریف - تهران
1397,ریاضی,47,32,منطقه 1,مهندسی برق,دانشگاه صنعتی شریف - تهران
1397,ریاضی,49,14,منطقه 2,مهندسی کامپیوتر,دانشگاه صنعتی شریف - تهران
1397,ریاضی,50,15,منطقه 2,مهندسی برق,دانشگاه صنعتی شریف - تهران
1397,ریاضی,51,34,منطقه 1,مهندسی کامپیوتر,دانشگاه صنعتی شریف - تهران
1397,ریاضی,52,16,منطقه 2,مهندسی برق,دانشگاه صنعتی شریف - تهران
1397,ریاضی,55,17,منطقه 2,مهندسی کامپیوتر,دانشگاه صنعتی شریف - تهران
1397,ریاضی,59,39,منطقه 1,مهندسی کامپیوتر,دانشگاه صنعتی شریف - تهران
1397,ریاضی,64,44,منطقه 1,مهندسی برق,دانشگاه صنعتی شریف - تهران
1397,ریاضی,65,19,منطقه 2,مهندسی کامپیوتر,دانشگاه صنعتی شریف - تهران
1397,ریاضی,66,20,منطقه 2,مهندسی برق,دانشگاه صنعتی شریف - تهران
1397,ریاضی,67,3,منطقه 3,مهندسی کامپیوتر,دانشگاه صنعتی شریف - تهران
1397,ریاضی,68,45,منطقه 1,مهندسی برق,دانشگاه صنعتی شریف - تهران
1397,ریاضی,68,45,منطقه 1,مهندسی مکانیک,دانشگاه صنعتی شریف - تهران
1397,ریاضی,70,4,منطقه 3,مهندسی کامپیوتر,دانشگاه صنعتی شریف - تهران
1397,ریاضی,71,47,منطقه 1,مهندسی کامپیوتر,دانشگاه صنعتی شریف - تهران
1397,ریاضی,73,49,منطقه 1,مهندسی برق,دانشگاه صنعتی شریف - تهران
1397,ریاضی,75,21,منطقه 2,مهندسی صنایع,دانشگاه صنعتی شریف - تهران
1397,ریاضی,77,52,منطقه 1,مهندسی مکانیک,دانشگاه صنعتی شریف - تهران
1397,ریاضی,80,22,منطقه 2,مهندسی کامپیوتر,دانشگاه صنعتی شریف - تهران
1397,ریاضی,81,23,منطقه 2,مهندسی مکانیک,دانشگاه صنعتی شریف - تهران
1397,ریاضی,82,55,منطقه 1,علوم کامپیوتر,دانشگاه صنعتی شریف - تهران
1397,ریاضی,85,56,منطقه 1,مهندسی برق,دانشگاه صنعتی شریف - تهران
1397,ریاضی,86,5,منطقه 3,مهندسی برق,دانشگاه صنعتی شریف - تهران
1397,ریاضی,88,58,منطقه 1,مهندسی برق,دانشگاه صنعتی شریف - تهران
1397,ریاضی,89,26,منطقه 2,مهندسی برق,دانشگاه صنعتی شریف - تهران
1397,ریاضی,90,27,منطقه 2,مهندسی کامپیوتر,دانشگاه صنعتی شریف - تهران
1397,ریاضی,93,5,ایثارگر-5%,مهندسی برق,دانشگاه صنعتی شریف - تهران
1397,ریاضی,94,28,منطقه 2,مهندسی برق,دانشگاه صنعتی شریف - تهران
1397,ریاضی,96,29,منطقه 2,مهندسی برق,دانشگاه صنعتی شریف - تهران
1397,ریاضی,100,66,منطقه 1,مهندسی مکانیک,دانشگاه صنعتی شریف - تهران
1397,ریاضی,101,67,منطقه 1,مهندسی کامپیوتر,دانشگاه تهران
1397,ریاضی,103,30,منطقه 2,مهندسی برق,دانشگاه صنعتی شریف - تهران
1397,ریاضی,104,31,منطقه 2,مهندسی مکانیک,دانشگاه صنعتی شریف - تهران
1397,ریاضی,105,69,منطقه 1,مهندسی مکانیک,دانشگاه صنعتی شریف - تهران
1397,ریاضی,107,71,منطقه 1,مهندسی برق,دانشگاه صنعتی شریف - تهران
1397,ریاضی,108,72,منطقه 1,مهندسی برق,دانشگاه صنعتی شریف - تهران
1397,ریاضی,113,77,منطقه 1,مهندسی برق,دانشگاه صنعتی شریف - تهران
1397,ریاضی,115,79,منطقه 1,مهندسی برق,دانشگاه صنعتی شریف - تهران
1397,ریاضی,126,6,ایثارگر-5%,مهندسی صنایع,دانشگاه صنعتی شریف - تهران
1397,ریاضی,129,6,منطقه 3,مهندسی برق,دانشگاه صنعتی شریف - تهران
1397,ریاضی,131,93,منطقه 1,مهندسی برق,دانشگاه صنعتی شریف - تهران
1397,ریاضی,132,7,ایثارگر-5%,مهندسی مکانیک,دانشگاه صنعتی شریف - تهران
1397,ریاضی,132,33,منطقه 2,مهندسی برق,دانشگاه صنعتی شریف - تهران
1397,ریاضی,134,35,منطقه 2,مهندسی مکانیک,دانشگاه صنعتی شریف - تهران
1397,ریاضی,137,7,منطقه 3,علوم کامپیوتر,دانشگاه صنعتی شریف - تهران
1397,ریاضی,139,97,منطقه 1,مهندسی برق,دانشگاه صنعتی شریف - تهران
1397,ریاضی,140,98,منطقه 1,مهندسی کامپیوتر,دانشگاه تهران
1397,ریاضی,142,100,منطقه 1,مهندسی مکانیک,دانشگاه صنعتی شریف - تهران
1397,ریاضی,143,36,منطقه 2,مهندسی مکانیک,دانشگاه صنعتی نوشیروانی بابل
1397,ریاضی,143,101,منطقه 1,مهندسی برق,دانشگاه صنعتی شریف - تهران
1397,ریاضی,145,102,منطقه 1,مهندسی برق,دانشگاه صنعتی شریف - تهران
1397,ریاضی,146,37,منطقه 2,مهندسی کامپیوتر,دانشگاه صنعتی نوشیروانی بابل
1397,ریاضی,148,104,منطقه 1,مهندسی برق,دانشگاه صنعتی شریف - تهران
1397,ریاضی,151,9,منطقه 3,مهندسی کامپیوتر,دانشگاه تهران
1397,ریاضی,152,39,منطقه 2,مهندسی کامپیوتر,دانشگاه تهران
1397,ریاضی,154,40,منطقه 2,مهندسی برق,دانشگاه صنعتی شریف - تهران
1397,ریاضی,158,107,منطقه 1,مهندسی برق,دانشگاه صنعتی شریف - تهران
1397,ریاضی,159,43,منطقه 2,مهندسی برق,دانشگاه صنعتی شریف - تهران
1397,ریاضی,164,8,ایثارگر-5%,علوم کامپیوتر,دانشگاه صنعتی شریف - تهران
1397,ریاضی,166,112,منطقه 1,مهندسی کامپیوتر,دانشگاه تهران
1397,ریاضی,167,10,منطقه 3,مهندسی برق,دانشگاه صنعتی شریف - تهران
1397,ریاضی,167,46,منطقه 2,مهندسی برق,دانشگاه صنعتی شریف - تهران
1397,ریاضی,169,47,منطقه 2,مهندسی برق,دانشگاه صنعتی شریف - تهران
1397,ریاضی,170,2,ایثارگر-25%,مهندسی مکانیک,دانشگاه صنعتی شریف - تهران
1397,ریاضی,174,49,منطقه 2,مهندسی برق,دانشگاه صنعتی شریف - تهران
1397,ریاضی,176,50,منطقه 2,مهندسی برق,دانشگاه صنعتی شریف - تهران
1397,ریاضی,178,51,منطقه 2,مهندسی برق,دانشگاه صنعتی شریف - تهران
1397,ریاضی,179,118,منطقه 1,مهندسی برق,دانشگاه صنعتی شریف - تهران
1397,ریاضی,180,52,منطقه 2,مهندسی برق,دانشگاه صنعتی شریف - تهران
1397,ریاضی,181,53,منطقه 2,مهندسی کامپیوتر,دانشگاه تهران
1397,ریاضی,184,121,منطقه 1,علوم کامپیوتر,دانشگاه صنعتی شریف - تهران
1397,ریاضی,186,123,منطقه 1,مهندسی برق,دانشگاه صنعتی شریف - تهران
1397,ریاضی,186,123,منطقه 1,مهندسی مکانیک,دانشگاه صنعتی شریف - تهران
1397,ریاضی,188,54,منطقه 2,مهندسی کامپیوتر,دانشگاه تهران
1397,ریاضی,189,11,منطقه 3,مهندسی برق,دانشگاه صنعتی شریف - تهران
1397,ریاضی,198,56,منطقه 2,مهندسی کامپیوتر,دانشگاه تهران
1397,ریاضی,205,57,منطقه 2,مهندسی صنایع,دانشگاه صنعتی شریف - تهران
1397,ریاضی,206,58,منطقه 2,مهندسی کامپیوتر,دانشگاه تهران
1397,ریاضی,207,138,منطقه 1,علوم کامپیوتر,دانشگاه صنعتی شریف - تهران
1397,ریاضی,207,138,منطقه 1,مهندسی برق,دانشگاه صنعتی شریف - تهران
1397,ریاضی,209,59,منطقه 2,مهندسی صنایع,دانشگاه صنعتی شریف - تهران
1397,ریاضی,216,60,منطقه 2,مهندسی برق,دانشگاه تهران
1397,ریاضی,217,61,منطقه 2,علوم کامپیوتر,دانشگاه صنعتی شریف - تهران
1397,ریاضی,217,146,منطقه 1,مهندسی مکانیک,دانشگاه صنعتی شریف - تهران
1397,ریاضی,220,147,منطقه 1,مهندسی مکانیک,دانشگاه صنعتی شریف - تهران
1397,ریاضی,221,148,منطقه 1,مهندسی کامپیوتر,دانشگاه تهران
1397,ریاضی,223,64,منطقه 2,مهندسی برق,دانشگاه صنعتی شریف - تهران
1397,ریاضی,227,65,منطقه 2,مهندسی برق,دانشگاه صنعتی شریف - تهران
1397,ریاضی,229,153,منطقه 1,علوم کامپیوتر,دانشگاه صنعتی شریف - تهران
1397,ریاضی,230,12,ایثارگر-5%,مهندسی برق,دانشگاه صنعتی شریف - تهران
1397,ریاضی,231,67,منطقه 2,مهندسی برق,دانشگاه صنعتی شریف - تهران
1397,ریاضی,232,154,منطقه 1,مهندسی مکانیک,دانشگاه صنعتی شریف - تهران
1397,ریاضی,233,155,منطقه 1,علوم کامپیوتر,دانشگاه صنعتی شریف - تهران
1397,ریاضی,235,68,منطقه 2,علوم کامپیوتر,دانشگاه صنعتی شریف - تهران
1397,ریاضی,236,69,منطقه 2,مهندسی برق,دانشگاه صنعتی شریف - تهران
1397,ریاضی,238,158,منطقه 1,مهندسی کامپیوتر,دانشگاه تهران
1397,ریاضی,239,70,منطقه 2,مهندسی برق,دانشگاه تهران
1397,ریاضی,241,160,منطقه 1,مهندسی کامپیوتر,دانشگاه تهران
1397,ریاضی,246,72,منطقه 2,علوم کامپیوتر,دانشگاه صنعتی شریف - تهران
1397,ریاضی,248,73,منطقه 2,مهندسی مکانیک,دانشگاه صنعتی شریف - تهران
1397,ریاضی,250,75,منطقه 2,مهندسی برق,دانشگاه صنعتی شریف - تهران
1397,ریاضی,252,76,منطقه 2,مهندسی مکانیک,دانشگاه صنعتی شریف - تهران
1397,ریاضی,254,167,منطقه 1,مهندسی مکانیک,دانشگاه صنعتی شریف - تهران
1397,ریاضی,256,77,منطقه 2,مهندسی مکانیک,دانشگاه صنعتی شریف - تهران
1397,ریاضی,264,174,منطقه 1,مهندسی مکانیک,دانشگاه صنعتی شریف - تهران
1397,ریاضی,267,177,منطقه 1,مهندسی کامپیوتر,دانشگاه فردوسی - مشهد
1397,ریاضی,270,80,منطقه 2,مهندسی برق,دانشگاه صنعتی شریف - تهران
1397,ریاضی,271,81,منطقه 2,علوم کامپیوتر,دانشگاه صنعتی شریف - تهران
1397,ریاضی,275,82,منطقه 2,مهندسی مکانیک,دانشگاه صنعتی شریف - تهران
1397,ریاضی,280,186,منطقه 1,مهندسی کامپیوتر,دانشگاه صنعتی امیرکبیر - تهران
1397,ریاضی,282,12,منطقه 3,مهندسی مکانیک,دانشگاه صنعتی شریف - تهران
1397,ریاضی,284,189,منطقه 1,مهندسی مکانیک,دانشگاه صنعتی شریف - تهران
1397,ریاضی,287,84,منطقه 2,مهندسی برق,دانشگاه تهران
1397,ریاضی,288,85,منطقه 2,مهندسی کامپیوتر,دانشگاه تهران
1397,ریاضی,290,86,منطقه 2,مهندسی مکانیک,دانشگاه صنعتی شریف - تهران
1397,ریاضی,296,196,منطقه 1,مهندسی برق,دانشگاه تهران
1397,ریاضی,297,89,منطقه 2,مهندسی شیمی,دانشگاه صنعتی شریف - تهران
1397,ریاضی,300,199,منطقه 1,مهندسی کامپیوتر,دانشگاه صنعتی امیرکبیر - تهران
1397,ریاضی,302,201,منطقه 1,مهندسی مکانیک,دانشگاه صنعتی شریف - تهران
1397,ریاضی,305,90,منطقه 2,علوم کامپیوتر,دانشگاه صنعتی شریف - تهران
1397,ریاضی,308,91,منطقه 2,مهندسی مکانیک,دانشگاه صنعتی شریف - تهران
1397,ریاضی,308,206,منطقه 1,مهندسی مکانیک,دانشگاه صنعتی اصفهان
1397,ریاضی,312,92,منطقه 2,مهندسی مکانیک,دانشگاه صنعتی شریف - تهران
1397,ریاضی,315,211,منطقه 1,مهندسی برق,دانشگاه تهران
1397,ریاضی,316,13,منطقه 3,مهندسی مکانیک,دانشگاه صنعتی شریف - تهران
1397,ریاضی,318,212,منطقه 1,مهندسی مکانیک,دانشگاه صنعتی شریف - تهران
1397,ریاضی,320,20,ایثارگر-5%,مهندسی برق,دانشگاه صنعتی شریف - تهران
1397,ریاضی,329,96,منطقه 2,مهندسی مکانیک,دانشگاه صنعتی شریف - تهران
1397,ریاضی,332,223,منطقه 1,مهندسی مکانیک,دانشگاه صنعتی شریف - تهران
1397,ریاضی,334,224,منطقه 1,مهندسی کامپیوتر,دانشگاه صنعتی امیرکبیر - تهران
1397,ریاضی,335,23,ایثارگر-5%,علوم کامپیوتر,دانشگاه صنعتی شریف - تهران
1397,ریاضی,339,228,منطقه 1,مهندسی کامپیوتر,دانشگاه صنعتی امیرکبیر - تهران
1397,ریاضی,341,230,منطقه 1,مهندسی عمران,دانشگاه صنعتی شریف - تهران
1397,ریاضی,346,234,منطقه 1,مهندسی برق,دانشگاه تهران
1397,ریاضی,351,14,منطقه 3,مهندسی برق,دانشگاه صنعتی شریف - تهران
1397,ریاضی,354,100,منطقه 2,مهندسی مکانیک,دانشگاه صنعتی شریف - تهران
1397,ریاضی,356,241,منطقه 1,مهندسی مکانیک,دانشگاه صنعتی شریف - تهران
1397,ریاضی,358,243,منطقه 1,مهندسی کامپیوتر,دانشگاه صنعتی امیرکبیر - تهران
1397,ریاضی,363,102,منطقه 2,مهندسی مکانیک,دانشگاه صنعتی شریف - تهران
1397,ریاضی,365,103,منطقه 2,مهندسی مکانیک,دانشگاه صنعتی شریف - تهران
1397,ریاضی,367,104,منطقه 2,مهندسی مکانیک,دانشگاه تهران
1397,ریاضی,369,105,منطقه 2,مهندسی مکانیک,دانشگاه صنعتی شریف - تهران
1397,ریاضی,372,106,منطقه 2,مهندسی برق,دانشگاه تهران
1397,ریاضی,373,107,منطقه 2,مهندسی مکانیک,دانشگاه تهران
1397,ریاضی,374,108,منطقه 2,مهندسی کامپیوتر,دانشگاه صنعتی امیرکبیر - تهران
1397,ریاضی,374,253,منطقه 1,مهندسی کامپیوتر,دانشگاه صنعتی امیرکبیر - تهران
1397,ریاضی,377,15,منطقه 3,مهندسی کامپیوتر,دانشگاه صنعتی امیرکبیر - تهران
1397,ریاضی,381,25,ایثارگر-5%,مهندسی برق,دانشگاه صنعتی شریف - تهران
1397,ریاضی,381,110,منطقه 2,دکترای پیوسته بیوتکنولوژی,دانشگاه تهران
1397,ریاضی,389,112,منطقه 2,مهندسی کامپیوتر,دانشگاه صنعتی امیرکبیر - تهران
1397,ریاضی,393,114,منطقه 2,مهندسی صنایع,دانشگاه صنعتی شریف - تهران
1397,ریاضی,395,266,منطقه 1,مهندسی هوا فضا,دانشگاه صنعتی شریف - تهران
1397,ریاضی,397,115,منطقه 2,مهندسی برق,دانشگاه تهران
1397,ریاضی,397,267,منطقه 1,مهندسی نفت,دانشگاه صنعتی شریف - تهران
1397,ریاضی,402,116,منطقه 2,مهندسی برق,دانشگاه تهران
1397,ریاضی,406,3,ایثارگر-25%,مهندسی کامپیوتر,دانشگاه صنعتی شریف - تهران
1397,ریاضی,408,118,منطقه 2,مهندسی عمران,دانشگاه تهران
1397,ریاضی,410,277,منطقه 1,مهندسی برق,دانشگاه تهران
1397,ریاضی,416,120,منطقه 2,مهندسی مکانیک,دانشگاه تهران
1397,ریاضی,419,121,منطقه 2,مهندسی برق,دانشگاه تهران
1397,ریاضی,422,285,منطقه 1,مهندسی برق,دانشگاه صنعتی شریف - تهران
1397,ریاضی,423,286,منطقه 1,مهندسی مکانیک,دانشگاه تهران
1397,ریاضی,424,122,منطقه 2,مهندسی مکانیک,دانشگاه تهران
1397,ریاضی,425,123,منطقه 2,مهندسی عمران,دانشگاه صنعتی شریف - تهران
1397,ریاضی,427,288,منطقه 1,مهندسی مواد و متالورژی,دانشگاه صنعتی شریف - تهران
1397,ریاضی,430,124,منطقه 2,مهندسی کامپیوتر,دانشگاه صنعتی امیرکبیر - تهران
1397,ریاضی,432,126,منطقه 2,مهندسی هوا فضا,دانشگاه صنعتی شریف - تهران
1397,ریاضی,433,127,منطقه 2,مهندسی کامپیوتر,دانشگاه صنعتی امیرکبیر - تهران
1397,ریاضی,436,293,منطقه 1,مهندسی مکانیک,دانشگاه تهران
1397,ریاضی,440,128,منطقه 2,مهندسی کامپیوتر,دانشگاه صنعتی امیرکبیر - تهران
1397,ریاضی,441,129,منطقه 2,دکترای پیوسته بیوتکنولوژی,دانشگاه تهران
1397,ریاضی,447,130,منطقه 2,مهندسی صنایع,دانشگاه صنعتی شریف - تهران
1397,ریاضی,451,131,منطقه 2,مهندسی برق,دانشگاه تهران
1397,ریاضی,453,132,منطقه 2,مهندسی کامپیوتر,دانشگاه صنعتی امیرکبیر - تهران
1397,ریاضی,457,307,منطقه 1,مهندسی برق,دانشگاه تهران
1397,ریاضی,461,135,منطقه 2,مهندسی کامپیوتر,دانشگاه صنعتی امیرکبیر - تهران
1397,ریاضی,464,137,منطقه 2,علوم کامپیوتر,دانشگاه تهران
1397,ریاضی,464,137,منطقه 2,مهندسی برق,دانشگاه تهران
1397,ریاضی,464,137,منطقه 2,مهندسی صنایع,دانشگاه صنعتی شریف - تهران
1397,ریاضی,466,139,منطقه 2,مهندسی برق,دانشگاه تهران
1397,ریاضی,467,140,منطقه 2,مهندسی کامپیوتر,دانشگاه علم و صنعت ایران - تهران
1397,ریاضی,470,141,منطقه 2,مهندسی برق,دانشگاه تهران
1397,ریاضی,473,142,منطقه 2,مهندسی عمران,دانشگاه صنعتی شریف - تهران
1397,ریاضی,473,142,منطقه 2,مهندسی کامپیوتر,دانشگاه صنعتی امیرکبیر - تهران
1397,ریاضی,475,144,منطقه 2,مهندسی مکانیک,دانشگاه تهران
1397,ریاضی,479,318,منطقه 1,مهندسی عمران,دانشگاه صنعتی شریف - تهران
1397,ریاضی,482,146,منطقه 2,مهندسی برق,دانشگاه صنعتی امیرکبیر - تهران
1397,ریاضی,482,320,منطقه 1,مهندسی صنایع,دانشگاه صنعتی شریف - تهران
1397,ریاضی,487,148,منطقه 2,مهندسی عمران,دانشگاه صنعتی شریف - تهران
1397,ریاضی,489,324,منطقه 1,مهندسی برق,دانشگاه تهران
1397,ریاضی,493,328,منطقه 1,مهندسی مکانیک,دانشگاه تهران
1397,ریاضی,496,18,منطقه 3,مهندسی کامپیوتر,دانشگاه صنعتی شریف - تهران
1397,ریاضی,499,331,منطقه 1,ریاضیات و کاربردها,دانشگاه صنعتی شریف - تهران
1397,ریاضی,502,152,منطقه 2,مهندسی برق,دانشگاه تهران
1397,ریاضی,505,333,منطقه 1,مهندسی مکانیک,دانشگاه تهران
1397,ریاضی,509,155,منطقه 2,مهندسی مکانیک,دانشگاه تهران
1397,ریاضی,513,340,منطقه 1,مهندسی شیمی,دانشگاه صنعتی شریف - تهران
1397,ریاضی,520,158,منطقه 2,مهندسی مکانیک,دانشگاه تهران
1397,ریاضی,523,159,منطقه 2,مهندسی مکانیک,دانشگاه تهران
1397,ریاضی,526,160,منطقه 2,مهندسی برق,دانشگاه تهران
1397,ریاضی,527,161,منطقه 2,مهندسی صنایع,دانشگاه صنعتی شریف - تهران
1397,ریاضی,527,161,منطقه 2,مهندسی مکانیک,دانشگاه تهران
1397,ریاضی,529,38,ایثارگر-5%,مهندسی برق,دانشگاه تهران
1397,ریاضی,530,19,منطقه 3,علوم کامپیوتر,دانشگاه صنعتی شریف - تهران
1397,ریاضی,532,350,منطقه 1,علوم کامپیوتر,دانشگاه تهران
1397,ریاضی,534,352,منطقه 1,مهندسی برق,دانشگاه تهران
1397,ریاضی,538,20,منطقه 3,مهندسی کامپیوتر,دانشگاه صنعتی امیرکبیر - تهران
1397,ریاضی,540,164,منطقه 2,مهندسی شیمی,دانشگاه صنعتی شریف - تهران
1397,ریاضی,543,359,منطقه 1,مهندسی برق,دانشگاه تهران
1397,ریاضی,548,165,منطقه 2,دکترای پیوسته بیوتکنولوژی,دانشگاه تهران
1397,ریاضی,551,167,منطقه 2,مهندسی صنایع,دانشگاه صنعتی شریف - تهران
1397,ریاضی,551,364,منطقه 1,مهندسی عمران,دانشگاه صنعتی شریف - تهران
1397,ریاضی,553,366,منطقه 1,مهندسی کامپیوتر,دانشگاه علم و صنعت ایران - تهران
1397,ریاضی,554,367,منطقه 1,مهندسی کامپیوتر,دانشگاه صنعتی اصفهان
1397,ریاضی,558,370,منطقه 1,مهندسی برق,دانشگاه تهران
1397,ریاضی,563,21,منطقه 3,مهندسی مکانیک,دانشگاه تهران
1397,ریاضی,564,40,ایثارگر-5%,مهندسی برق,دانشگاه تهران
1397,ریاضی,565,170,منطقه 2,مهندسی صنایع,دانشگاه صنعتی شریف - تهران
1397,ریاضی,569,171,منطقه 2,مهندسی صنایع,دانشگاه صنعتی شریف - تهران
1397,ریاضی,571,22,منطقه 3,مهندسی صنایع,دانشگاه صنعتی شریف - تهران
1397,ریاضی,575,173,منطقه 2,مهندسی برق,دانشگاه تهران
1397,ریاضی,579,43,ایثارگر-5%,مهندسی برق,دانشگاه تهران
1397,ریاضی,582,385,منطقه 1,مهندسی برق,دانشگاه صنعتی امیرکبیر - تهران
1397,ریاضی,586,45,ایثارگر-5%,مهندسی کامپیوتر,دانشگاه علم و صنعت ایران - تهران
1397,ریاضی,587,176,منطقه 2,مهندسی برق,دانشگاه صنعتی امیرکبیر - تهران
1397,ریاضی,590,391,منطقه 1,مهندسی کامپیوتر,دانشگاه صنعتی اصفهان
1397,ریاضی,592,393,منطقه 1,مهندسی کامپیوتر,دانشگاه علم و صنعت ایران - تهران
1397,ریاضی,593,394,منطقه 1,مهندسی برق,دانشگاه صنعتی امیرکبیر - تهران
1397,ریاضی,594,6,ایثارگر-25%,مهندسی کامپیوتر,دانشگاه صنعتی شریف - تهران
1397,ریاضی,595,395,منطقه 1,مهندسی صنایع,دانشگاه صنعتی شریف - تهران
1397,ریاضی,597,178,منطقه 2,مهندسی معماری,دانشگاه تهران
1397,ریاضی,597,397,منطقه 1,مهندسی هوا فضا,دانشگاه صنعتی شریف - تهران
1397,ریاضی,603,180,منطقه 2,مهندسی برق,دانشگاه تهران
1397,ریاضی,603,401,منطقه 1,مهندسی مکانیک,دانشگاه تهران
1397,ریاضی,606,403,منطقه 1,مهندسی شیمی,دانشگاه صنعتی شریف - تهران
1397,ریاضی,606,403,منطقه 1,مهندسی کامپیوتر,دانشگاه صنعتی اصفهان
1397,ریاضی,608,405,منطقه 1,فیزیک,دانشگاه صنعتی شریف - تهران
1397,ریاضی,609,24,منطقه 3,مهندسی مکانیک,دانشگاه صنعتی شریف - تهران
1397,ریاضی,609,406,منطقه 1,مهندسی مکانیک,دانشگاه تهران
1397,ریاضی,612,181,منطقه 2,فیزیک,دانشگاه صنعتی شریف - تهران
1397,ریاضی,614,46,ایثارگر-5%,مهندسی صنایع,دانشگاه صنعتی شریف - تهران
1397,ریاضی,614,408,منطقه 1,مهندسی معماری,دانشگاه تبریز
1397,ریاضی,617,185,منطقه 2,مهندسی کامپیوتر,دانشگاه علم و صنعت ایران - تهران
1397,ریاضی,618,186,منطقه 2,علوم کامپیوتر,دانشگاه تهران
1397,ریاضی,618,186,منطقه 2,مهندسی صنایع,دانشگاه صنعتی شریف - تهران
1397,ریاضی,620,409,منطقه 1,مهندسی مکانیک,دانشگاه تهران
1397,ریاضی,622,410,منطقه 1,مهندسی صنایع,دانشگاه صنعتی شریف - تهران
1397,ریاضی,623,189,منطقه 2,مهندسی مکانیک,دانشگاه تهران
1397,ریاضی,628,49,ایثارگر-5%,مهندسی مکانیک,دانشگاه تهران
1397,ریاضی,629,192,منطقه 2,مهندسی کامپیوتر,دانشگاه علم و صنعت ایران - تهران
1397,ریاضی,634,25,منطقه 3,مهندسی مکانیک,دانشگاه صنعتی امیرکبیر - تهران
1397,ریاضی,634,193,منطقه 2,علوم کامپیوتر,دانشگاه تهران
1397,ریاضی,637,194,منطقه 2,مهندسی هوا فضا,دانشگاه صنعتی شریف - تهران
1397,ریاضی,642,195,منطقه 2,مهندسی برق,دانشگاه تهران
1397,ریاضی,644,196,منطقه 2,فیزیک,دانشگاه صنعتی شریف - تهران
1397,ریاضی,645,197,منطقه 2,علوم کامپیوتر,دانشگاه تهران
1397,ریاضی,646,198,منطقه 2,مهندسی برق,دانشگاه تهران
1397,ریاضی,647,424,منطقه 1,مهندسی برق,دانشگاه صنعتی امیرکبیر - تهران
1397,ریاضی,649,199,منطقه 2,مهندسی صنایع,دانشگاه صنعتی شریف - تهران
1397,ریاضی,651,200,منطقه 2,مهندسی برق,دانشگاه صنعتی امیرکبیر - تهران
1397,ریاضی,657,202,منطقه 2,مهندسی مکانیک,دانشگاه تهران
1397,ریاضی,659,203,منطقه 2,مهندسی کامپیوتر,دانشگاه شهید بهشتی - تهران
1397,ریاضی,661,433,منطقه 1,مهندسی کامپیوتر,دانشگاه صنعتی اصفهان
1397,ریاضی,664,204,منطقه 2,مهندسی کامپیوتر,دانشگاه صنعتی امیرکبیر - تهران
1397,ریاضی,666,436,منطقه 1,مهندسی برق,دانشگاه صنعتی امیرکبیر - تهران
1397,ریاضی,670,206,منطقه 2,مهندسی مکانیک,دانشگاه تهران
1397,ریاضی,671,207,منطقه 2,مهندسی هوا فضا,دانشگاه صنعتی شریف - تهران
1397,ریاضی,673,441,منطقه 1,مهندسی برق,دانشگاه شیراز
1397,ریاضی,677,208,منطقه 2,مهندسی مکانیک,دانشگاه تهران
1397,ریاضی,679,446,منطقه 1,مهندسی مکانیک,دانشگاه تهران
1397,ریاضی,679,446,منطقه 1,مهندسی پزشکی,دانشگاه اصفهان
1397,ریاضی,684,450,منطقه 1,مهندسی برق,دانشگاه صنعتی اصفهان
1397,ریاضی,684,450,منطقه 1,مهندسی کامپیوتر,دانشگاه فردوسی - مشهد
1397,ریاضی,688,210,منطقه 2,مهندسی عمران,دانشگاه صنعتی شریف - تهران
1397,ریاضی,690,53,ایثارگر-5%,فیزیک,دانشگاه صنعتی شریف - تهران
1397,ریاضی,690,211,منطقه 2,فیزیک,دانشگاه صنعتی شریف - تهران
1397,ریاضی,697,460,منطقه 1,مهندسی برق,دانشگاه شیراز
1397,ریاضی,699,214,منطقه 2,علوم کامپیوتر,دانشگاه صنعتی امیرکبیر - تهران
1397,ریاضی,699,214,منطقه 2,مهندسی مکانیک,دانشگاه تهران
1397,ریاضی,702,461,منطقه 1,مهندسی مکانیک,دانشگاه صنعتی امیرکبیر - تهران
1397,ریاضی,704,217,منطقه 2,مهندسی عمران,دانشگاه صنعتی شریف - تهران
1397,ریاضی,709,218,منطقه 2,فیزیک,دانشگاه تهران
1397,ریاضی,710,467,منطقه 1,مهندسی شیمی,دانشگاه صنعتی شریف - تهران
1397,ریاضی,715,219,منطقه 2,مهندسی مکانیک,دانشگاه تهران
1397,ریاضی,717,220,منطقه 2,مهندسی مکانیک,دانشگاه تهران
1397,ریاضی,719,221,منطقه 2,مهندسی صنایع,دانشگاه صنعتی شریف - تهران
1397,ریاضی,721,26,منطقه 3,مهندسی کامپیوتر,دانشگاه علم و صنعت ایران - تهران
1397,ریاضی,721,223,منطقه 2,مهندسی مکانیک,دانشگاه تهران
1397,ریاضی,723,224,منطقه 2,مهندسی صنایع,دانشگاه صنعتی شریف - تهران
1397,ریاضی,724,225,منطقه 2,مهندسی کامپیوتر,دانشگاه علم و صنعت ایران - تهران
1397,ریاضی,729,55,ایثارگر-5%,مهندسی کامپیوتر,دانشگاه شیراز
1397,ریاضی,729,477,منطقه 1,مهندسی مکانیک,دانشگاه تهران
1397,ریاضی,731,227,منطقه 2,اقتصاد,دانشگاه تهران
1397,ریاضی,732,479,منطقه 1,مهندسی مکانیک,دانشگاه تهران
1397,ریاضی,735,228,منطقه 2,مهندسی کامپیوتر,دانشگاه شیراز
1397,ریاضی,747,492,منطقه 1,ریاضیات و کاربردها,دانشگاه صنعتی شریف - تهران
1397,ریاضی,748,493,منطقه 1,مهندسی کامپیوتر,دانشگاه فردوسی - مشهد
1397,ریاضی,753,58,ایثارگر-5%,مهندسی برق,دانشگاه تهران
1397,ریاضی,753,498,منطقه 1,فیزیک,دانشگاه صنعتی شریف - تهران
1397,ریاضی,755,229,منطقه 2,فیزیک,دانشگاه صنعتی شریف - تهران
1397,ریاضی,757,501,منطقه 1,مهندسی برق,دانشگاه صنعتی اصفهان
1397,ریاضی,760,230,منطقه 2,مهندسی مکانیک,دانشگاه تهران
1397,ریاضی,761,231,منطقه 2,مهندسی برق,دانشگاه صنعتی امیرکبیر - تهران
1397,ریاضی,764,232,منطقه 2,مهندسی شیمی,دانشگاه صنعتی شریف - تهران
1397,ریاضی,765,233,منطقه 2,مهندسی کامپیوتر,دانشگاه علم و صنعت ایران - تهران
1397,ریاضی,766,506,منطقه 1,مهندسی صنایع,دانشگاه صنعتی شریف - تهران
1397,ریاضی,768,234,منطقه 2,مهندسی برق,دانشگاه صنعتی امیرکبیر - تهران
1397,ریاضی,770,236,منطقه 2,مهندسی هوا فضا,دانشگاه صنعتی شریف - تهران
1397,ریاضی,772,62,ایثارگر-5%,مهندسی برق,دانشگاه تهران
1397,ریاضی,776,239,منطقه 2,علوم کامپیوتر,دانشگاه صنعتی امیرکبیر - تهران
1397,ریاضی,776,239,منطقه 2,مهندسی برق,دانشگاه صنعتی امیرکبیر - تهران
1397,ریاضی,779,511,منطقه 1,مهندسی مکانیک,دانشگاه تهران
1397,ریاضی,781,242,منطقه 2,مهندسی عمران,دانشگاه صنعتی شریف - تهران
1397,ریاضی,782,243,منطقه 2,مهندسی کامپیوتر,دانشگاه علم و صنعت ایران - تهران
1397,ریاضی,784,244,منطقه 2,مهندسی عمران,دانشگاه صنعتی شریف - تهران
1397,ریاضی,786,514,منطقه 1,مهندسی مکانیک,دانشگاه تهران
1397,ریاضی,788,246,منطقه 2,مهندسی شیمی,دانشگاه صنعتی شریف - تهران
1397,ریاضی,791,518,منطقه 1,مهندسی مکانیک,دانشگاه تهران
1397,ریاضی,793,247,منطقه 2,مهندسی برق,دانشگاه صنعتی امیرکبیر - تهران
1397,ریاضی,794,248,منطقه 2,مهندسی برق,دانشگاه صنعتی امیرکبیر - تهران
1397,ریاضی,796,249,منطقه 2,علوم کامپیوتر,دانشگاه تهران
1397,ریاضی,797,250,منطقه 2,مهندسی برق,دانشگاه صنعتی امیرکبیر - تهران
1397,ریاضی,797,250,منطقه 2,مهندسی پزشکی,دانشگاه صنعتی امیرکبیر - تهران
1397,ریاضی,799,252,منطقه 2,مهندسی برق,دانشگاه صنعتی امیرکبیر - تهران
1397,ریاضی,801,254,منطقه 2,مهندسی عمران,دانشگاه صنعتی شریف - تهران
1397,ریاضی,803,255,منطقه 2,مهندسی مکانیک,دانشگاه صنعتی امیرکبیر - تهران
1397,ریاضی,803,255,منطقه 2,مهندسی هوا فضا,دانشگاه صنعتی شریف - تهران
1397,ریاضی,803,521,منطقه 1,مهندسی برق,دانشگاه صنعتی امیرکبیر - تهران
1397,ریاضی,806,523,منطقه 1,مهندسی کامپیوتر,دانشگاه علم و صنعت ایران - تهران
1397,ریاضی,808,257,منطقه 2,مهندسی برق,دانشگاه صنعتی امیرکبیر - تهران
1397,ریاضی,810,258,منطقه 2,فیزیک,دانشگاه صنعتی شریف - تهران
1397,ریاضی,810,526,منطقه 1,مهندسی برق,دانشگاه صنعتی امیرکبیر - تهران
1397,ریاضی,816,65,ایثارگر-5%,مهندسی شیمی,دانشگاه صنعتی شریف - تهران
1397,ریاضی,821,534,منطقه 1,مهندسی مکانیک,دانشگاه صنعتی اصفهان
1397,ریاضی,821,534,منطقه 1,مهندسی پزشکی,دانشگاه صنعتی امیرکبیر - تهران
1397,ریاضی,823,536,منطقه 1,مهندسی عمران,دانشگاه فردوسی - مشهد
1397,ریاضی,825,262,منطقه 2,مهندسی مکانیک,دانشگاه تهران
1397,ریاضی,828,263,منطقه 2,مهندسی برق,دانشگاه صنعتی امیرکبیر - تهران
1397,ریاضی,828,539,منطقه 1,مهندسی مکانیک,دانشگاه تهران
1397,ریاضی,833,543,منطقه 1,مهندسی مکانیک,دانشگاه صنعتی امیرکبیر - تهران
1397,ریاضی,835,545,منطقه 1,مهندسی مکانیک,دانشگاه تهران
1397,ریاضی,837,264,منطقه 2,مهندسی مکانیک,دانشگاه تهران
1397,ریاضی,839,28,منطقه 3,مهندسی برق,دانشگاه صنعتی شریف - تهران
1397,ریاضی,846,552,منطقه 1,مهندسی مکانیک,دانشگاه صنعتی امیرکبیر - تهران
1397,ریاضی,850,556,منطقه 1,مهندسی عمران,دانشگاه صنعتی شریف - تهران
1397,ریاضی,852,267,منطقه 2,مهندسی کامپیوتر,دانشگاه شهید بهشتی - تهران
1397,ریاضی,854,268,منطقه 2,مهندسی صنایع,دانشگاه تهران
1397,ریاضی,857,269,منطقه 2,مهندسی کامپیوتر,دانشگاه علم و صنعت ایران - تهران
1397,ریاضی,860,10,ایثارگر-25%,مهندسی برق,دانشگاه صنعتی شریف - تهران
1397,ریاضی,863,272,منطقه 2,ریاضیات و کاربردها,دانشگاه صنعتی شریف - تهران
1397,ریاضی,864,273,منطقه 2,مهندسی عمران,دانشگاه صنعتی شریف - تهران
1397,ریاضی,864,564,منطقه 1,مهندسی برق,دانشگاه صنعتی امیرکبیر - تهران
1397,ریاضی,867,566,منطقه 1,علوم کامپیوتر,دانشگاه صنعتی امیرکبیر - تهران
1397,ریاضی,870,69,ایثارگر-5%,علوم کامپیوتر,دانشگاه تهران
1397,ریاضی,873,276,منطقه 2,مهندسی برق,دانشگاه علم و صنعت ایران - تهران
1397,ریاضی,873,276,منطقه 2,مهندسی کامپیوتر,دانشگاه علم و صنعت ایران - تهران
1397,ریاضی,877,572,منطقه 1,مهندسی شیمی,دانشگاه صنعتی شریف - تهران
1397,ریاضی,882,280,منطقه 2,مهندسی کامپیوتر,دانشگاه فردوسی - مشهد
1397,ریاضی,883,281,منطقه 2,مهندسی کامپیوتر,دانشگاه علم و صنعت ایران - تهران
1397,ریاضی,884,282,منطقه 2,مهندسی عمران,دانشگاه تهران
1397,ریاضی,886,71,ایثارگر-5%,مهندسی عمران,دانشگاه صنعتی شریف - تهران
1397,ریاضی,889,72,ایثارگر-5%,مهندسی برق,دانشگاه تهران
1397,ریاضی,891,579,منطقه 1,مهندسی برق,دانشگاه صنعتی امیرکبیر - تهران
1397,ریاضی,894,73,ایثارگر-5%,مهندسی برق - بومی خراسان شمالی,دانشگاه تربیت دبیر شهید رجایی_تهران
1397,ریاضی,896,286,منطقه 2,آموزش ریاضی - بومی استان یزد,پردیس شهید پاک نژاد - یزد
1397,ریاضی,896,286,منطقه 2,مهندسی برق,دانشگاه صنعتی امیرکبیر - تهران
1397,ریاضی,896,286,منطقه 2,مهندسی کامپیوتر,دانشگاه شهید بهشتی - تهران
1397,ریاضی,901,74,ایثارگر-5%,مهندسی برق,دانشگاه صنعتی امیرکبیر - تهران
1397,ریاضی,904,585,منطقه 1,مهندسی مکانیک,دانشگاه صنعتی اصفهان
1397,ریاضی,905,586,منطقه 1,مهندسی کامپیوتر,دانشگاه علم و صنعت ایران - تهران
1397,ریاضی,911,292,منطقه 2,مهندسی مکانیک,دانشگاه تهران
1397,ریاضی,912,75,ایثارگر-5%,مهندسی مکانیک,دانشگاه تهران
1397,ریاضی,913,590,منطقه 1,مهندسی برق,دانشگاه صنعتی امیرکبیر - تهران
1397,ریاضی,915,592,منطقه 1,مهندسی کامپیوتر,دانشگاه صنعتی اصفهان
1397,ریاضی,917,594,منطقه 1,مهندسی شیمی,دانشگاه صنعتی شریف - تهران
1397,ریاضی,920,31,منطقه 3,مهندسی هوا فضا,دانشگاه صنعتی شریف - تهران
1397,ریاضی,920,596,منطقه 1,مهندسی عمران,دانشگاه صنعتی شریف - تهران
1397,ریاضی,923,32,منطقه 3,مهندسی برق,دانشگاه صنعتی شریف - تهران
1397,ریاضی,927,294,منطقه 2,مهندسی مکانیک,دانشگاه تهران
1397,ریاضی,931,604,منطقه 1,مهندسی صنایع,دانشگاه تهران
1397,ریاضی,938,610,منطقه 1,مهندسی برق,دانشگاه صنعتی امیرکبیر - تهران
1397,ریاضی,940,297,منطقه 2,مهندسی کامپیوتر,دانشگاه صنعتی نوشیروانی بابل
1397,ریاضی,941,298,منطقه 2,مهندسی کامپیوتر,دانشگاه علم و صنعت ایران - تهران
1397,ریاضی,942,299,منطقه 2,مهندسی برق,دانشگاه علم و صنعت ایران - تهران
1397,ریاضی,942,299,منطقه 2,مهندسی شیمی,دانشگاه صنعتی شریف - تهران
1397,ریاضی,948,78,ایثارگر-5%,مهندسی برق,دانشگاه صنعتی امیرکبیر - تهران
1397,ریاضی,948,301,منطقه 2,مهندسی مکانیک,دانشگاه تهران
1397,ریاضی,951,617,منطقه 1,فیزیک,دانشگاه صنعتی شریف - تهران
1397,ریاضی,954,33,منطقه 3,مهندسی مکانیک,دانشگاه صنعتی امیرکبیر - تهران
1397,ریاضی,954,303,منطقه 2,مهندسی برق,دانشگاه علم و صنعت ایران - تهران
1397,ریاضی,959,80,ایثارگر-5%,مهندسی کامپیوتر,دانشگاه علم و صنعت ایران - تهران
1397,ریاضی,960,304,منطقه 2,مهندسی مکانیک,دانشگاه علم و صنعت ایران - تهران
1397,ریاضی,960,624,منطقه 1,مهندسی مکانیک,دانشگاه صنعتی امیرکبیر - تهران
1397,ریاضی,964,627,منطقه 1,مهندسی کامپیوتر,دانشگاه شهید بهشتی - تهران
1397,ریاضی,966,629,منطقه 1,مهندسی برق,دانشگاه علم و صنعت ایران - تهران
1397,ریاضی,971,632,منطقه 1,مهندسی برق,دانشگاه صنعتی اصفهان
1397,ریاضی,980,308,منطقه 2,مهندسی عمران,دانشگاه صنعتی شریف - تهران
1397,ریاضی,982,309,منطقه 2,مهندسی کامپیوتر,دانشگاه صنعتی اصفهان
1397,ریاضی,982,640,منطقه 1,مهندسی کامپیوتر,دانشگاه فردوسی - مشهد
1397,ریاضی,984,641,منطقه 1,مهندسی کامپیوتر,دانشگاه شهید بهشتی - تهران
1397,ریاضی,988,35,منطقه 3,مهندسی مکانیک,دانشگاه صنعتی امیرکبیر - تهران
1397,ریاضی,990,645,منطقه 1,مهندسی هوا فضا,دانشگاه صنعتی شریف - تهران
1397,ریاضی,992,647,منطقه 1,علوم کامپیوتر,دانشگاه صنعتی امیرکبیر - تهران
1397,ریاضی,997,312,منطقه 2,مهندسی مکانیک,دانشگاه تهران
1397,ریاضی,999,651,منطقه 1,مهندسی برق,دانشگاه فردوسی - مشهد
1397,ریاضی,1008,84,ایثارگر-5%,مهندسی عمران,دانشگاه صنعتی شریف - تهران
1397,ریاضی,1008,313,منطقه 2,مهندسی مکانیک,دانشگاه صنعتی امیرکبیر - تهران
1397,ریاضی,1008,660,منطقه 1,مهندسی صنایع,دانشگاه تهران
1397,ریاضی,1008,660,منطقه 1,مهندسی عمران,دانشگاه تهران
1397,ریاضی,1011,314,منطقه 2,مهندسی شیمی,دانشگاه صنعتی شریف - تهران
1397,ریاضی,1011,662,منطقه 1,مهندسی کامپیوتر,دانشگاه صنعتی خواجه نصیرالدین طوسی - تهران
1397,ریاضی,1014,664,منطقه 1,مهندسی عمران,دانشگاه صنعتی شریف - تهران
1397,ریاضی,1020,316,منطقه 2,مهندسی کامپیوتر,دانشگاه صنعتی خواجه نصیرالدین طوسی - تهران
1397,ریاضی,1024,319,منطقه 2,مهندسی عمران,دانشگاه صنعتی شریف - تهران
1397,ریاضی,1032,674,منطقه 1,مهندسی صنایع,دانشگاه صنعتی امیرکبیر - تهران
1397,ریاضی,1034,322,منطقه 2,مهندسی عمران,دانشگاه صنعتی شریف - تهران
1397,ریاضی,1036,323,منطقه 2,مهندسی کامپیوتر,دانشگاه شهید بهشتی - تهران
1397,ریاضی,1038,677,منطقه 1,مهندسی شیمی,دانشگاه صنعتی شریف - تهران
1397,ریاضی,1041,680,منطقه 1,مهندسی مکانیک,دانشگاه فردوسی - مشهد
1397,ریاضی,1042,324,منطقه 2,مهندسی برق,دانشگاه علم و صنعت ایران - تهران
1397,ریاضی,1049,685,منطقه 1,مهندسی کامپیوتر,دانشگاه شهید بهشتی - تهران
1397,ریاضی,1050,327,منطقه 2,مهندسی برق,دانشگاه صنعتی امیرکبیر - تهران
1397,ریاضی,1051,686,منطقه 1,مهندسی برق,دانشگاه علم و صنعت ایران - تهران
1397,ریاضی,1053,687,منطقه 1,ریاضیات و کاربردها,دانشگاه صنعتی شریف - تهران
1397,ریاضی,1057,89,ایثارگر-5%,علوم کامپیوتر,دانشگاه تهران
1397,ریاضی,1059,39,منطقه 3,ریاضیات و کاربردها,دانشگاه صنعتی شریف - تهران
1397,ریاضی,1062,694,منطقه 1,مهندسی برق,دانشگاه علم و صنعت ایران - تهران
1397,ریاضی,1065,40,منطقه 3,مهندسی مکانیک,دانشگاه صنعتی امیرکبیر - تهران
1397,ریاضی,1065,696,منطقه 1,مهندسی کامپیوتر,دانشگاه صنعتی خواجه نصیرالدین طوسی - تهران
1397,ریاضی,1068,699,منطقه 1,مهندسی برق,دانشگاه شیراز
1397,ریاضی,1073,330,منطقه 2,مهندسی مکانیک,دانشگاه علم و صنعت ایران - تهران
1397,ریاضی,1073,703,منطقه 1,مهندسی عمران,دانشگاه صنعتی شریف - تهران
1397,ریاضی,1081,332,منطقه 2,مهندسی مکانیک - بومی خراسان رضوی,دانشگاه تربیت دبیر شهید رجایی_تهران
1397,ریاضی,1081,709,منطقه 1,مهندسی برق,دانشگاه علم و صنعت ایران - تهران
1397,ریاضی,1083,710,منطقه 1,فیزیک,دانشگاه صنعتی اصفهان
1397,ریاضی,1085,712,منطقه 1,مهندسی شیمی,دانشگاه صنعتی شریف - تهران
1397,ریاضی,1091,333,منطقه 2,مهندسی کامپیوتر,دانشگاه صنعتی اصفهان
1397,ریاضی,1093,719,منطقه 1,مهندسی عمران,دانشگاه تهران
1397,ریاضی,1094,720,منطقه 1,مهندسی مکانیک,دانشگاه صنعتی امیرکبیر - تهران
1397,ریاضی,1095,721,منطقه 1,فیزیک,دانشگاه صنعتی شریف - تهران
1397,ریاضی,1097,42,منطقه 3,مهندسی شیمی,دانشگاه صنعتی شریف - تهران
1397,ریاضی,1107,43,منطقه 3,مهندسی برق,دانشگاه صنعتی شریف - تهران
1397,ریاضی,1107,335,منطقه 2,مهندسی برق,دانشگاه صنعتی امیرکبیر - تهران
1397,ریاضی,1111,337,منطقه 2,مهندسی مکانیک,دانشگاه صنعتی امیرکبیر - تهران
1397,ریاضی,1114,733,منطقه 1,ریاضیات و کاربردها,دانشگاه صنعتی شریف - تهران
1397,ریاضی,1120,738,منطقه 1,مهندسی عمران,دانشگاه صنعتی شریف - تهران
1397,ریاضی,1123,339,منطقه 2,مهندسی مکانیک,دانشگاه صنعتی امیرکبیر - تهران
1397,ریاضی,1126,740,منطقه 1,مهندسی کامپیوتر,دانشگاه شیراز
1397,ریاضی,1130,341,منطقه 2,مهندسی صنایع,دانشگاه تهران
1397,ریاضی,1138,751,منطقه 1,مهندسی عمران - بومی خراسان رضوی,دانشگاه تربیت دبیر شهید رجایی_تهران
1397,ریاضی,1141,98,ایثارگر-5%,مهندسی برق,دانشگاه صنعتی اصفهان
1397,ریاضی,1144,342,منطقه 2,مهندسی مکانیک,دانشگاه علم و صنعت ایران - تهران
1397,ریاضی,1146,47,منطقه 3,مهندسی معماری,دانشگاه تهران
1397,ریاضی,1148,759,منطقه 1,مهندسی صنایع,دانشگاه صنعتی امیرکبیر - تهران
1397,ریاضی,1150,99,ایثارگر-5%,مهندسی مکانیک,دانشگاه تهران
1397,ریاضی,1153,48,منطقه 3,مهندسی کامپیوتر,دانشگاه شهید بهشتی - تهران
1397,ریاضی,1155,49,منطقه 3,آموزش فیزیک - بومی خراسان جنوبی,پردیس شهید بهشتی - مشهد
1397,ریاضی,1156,765,منطقه 1,مهندسی مکانیک,دانشگاه شیراز
1397,ریاضی,1160,343,منطقه 2,مهندسی مکانیک,دانشگاه صنعتی امیرکبیر - تهران
1397,ریاضی,1164,344,منطقه 2,مهندسی برق,دانشگاه علم و صنعت ایران - تهران
1397,ریاضی,1166,773,منطقه 1,مهندسی صنایع,دانشگاه صنعتی امیرکبیر - تهران
1397,ریاضی,1167,774,منطقه 1,مهندسی صنایع,دانشگاه صنعتی اصفهان
1397,ریاضی,1169,50,منطقه 3,مهندسی شیمی,دانشگاه صنعتی شریف - تهران
1397,ریاضی,1172,51,منطقه 3,مهندسی برق,دانشگاه علم و صنعت ایران - تهران
1397,ریاضی,1178,347,منطقه 2,مهندسی صنایع,دانشگاه تهران
1397,ریاضی,1180,52,منطقه 3,مهندسی مکانیک,دانشگاه صنعتی امیرکبیر - تهران
1397,ریاضی,1180,52,منطقه 3,مهندسی مکانیک,دانشگاه صنعتی شریف - تهران
1397,ریاضی,1182,348,منطقه 2,مهندسی برق,دانشگاه صنعتی امیرکبیر - تهران
1397,ریاضی,1184,349,منطقه 2,علوم کامپیوتر,دانشگاه صنعتی امیرکبیر - تهران
1397,ریاضی,1188,350,منطقه 2,مهندسی مکانیک,دانشگاه صنعتی امیرکبیر - تهران
1397,ریاضی,1191,351,منطقه 2,مهندسی مکانیک,دانشگاه صنعتی امیرکبیر - تهران
1397,ریاضی,1194,789,منطقه 1,مهندسی کامپیوتر,دانشگاه صنعتی اصفهان
1397,ریاضی,1199,354,منطقه 2,علوم کامپیوتر,دانشگاه صنعتی امیرکبیر - تهران
1397,ریاضی,1199,791,منطقه 1,مهندسی شیمی,دانشگاه صنعتی شریف - تهران
1397,ریاضی,1202,103,ایثارگر-5%,ریاضیات و کاربردها,دانشگاه صنعتی شریف - تهران
1397,ریاضی,1205,356,منطقه 2,آموزش فیزیک - بومی خراسان جنوبی,پردیس شهید هاشمی نژاد - مشهد
1397,ریاضی,1205,795,منطقه 1,مهندسی کامپیوتر,دانشگاه شهید بهشتی - تهران
1397,ریاضی,1207,357,منطقه 2,علوم کامپیوتر,دانشگاه صنعتی امیرکبیر - تهران
1397,ریاضی,1207,797,منطقه 1,مهندسی عمران,دانشگاه تهران
1397,ریاضی,1210,359,منطقه 2,مهندسی شیمی,دانشگاه صنعتی شریف - تهران
1397,ریاضی,1210,359,منطقه 2,مهندسی مکانیک,دانشگاه صنعتی امیرکبیر - تهران
1397,ریاضی,1214,361,منطقه 2,علوم کامپیوتر,دانشگاه صنعتی امیرکبیر - تهران
1397,ریاضی,1221,806,منطقه 1,مهندسی شیمی,دانشگاه صنعتی شریف - تهران
1397,ریاضی,1223,808,منطقه 1,مهندسی مکانیک,دانشگاه صنعتی امیرکبیر - تهران
1397,ریاضی,1226,362,منطقه 2,مهندسی مکانیک,دانشگاه صنعتی امیرکبیر - تهران
1397,ریاضی,1233,363,منطقه 2,مهندسی عمران,دانشگاه تهران
1397,ریاضی,1242,365,منطقه 2,مهندسی کامپیوتر,دانشگاه شهید بهشتی - تهران
1397,ریاضی,1244,825,منطقه 1,مهندسی کامپیوتر,دانشگاه شهید بهشتی - تهران
1397,ریاضی,1247,366,منطقه 2,مهندسی مکانیک,دانشگاه صنعتی امیرکبیر - تهران
1397,ریاضی,1249,368,منطقه 2,مهندسی شیمی,دانشگاه صنعتی شریف - تهران
1397,ریاضی,1249,828,منطقه 1,مهندسی مکانیک,دانشگاه علم و صنعت ایران - تهران
1397,ریاضی,1251,829,منطقه 1,مهندسی صنایع,دانشگاه صنعتی امیرکبیر - تهران
1397,ریاضی,1254,831,منطقه 1,مهندسی برق,دانشگاه علم و صنعت ایران - تهران
1397,ریاضی,1259,370,منطقه 2,مهندسی کامپیوتر,دانشگاه شهید بهشتی - تهران
1397,ریاضی,1264,55,منطقه 3,مهندسی مکانیک,دانشگاه علم و صنعت ایران - تهران
1397,ریاضی,1264,373,منطقه 2,مهندسی برق,دانشگاه علم و صنعت ایران - تهران
1397,ریاضی,1266,838,منطقه 1,مهندسی مواد و متالورژی,دانشگاه صنعتی شریف - تهران
1397,ریاضی,1266,838,منطقه 1,مهندسی کامپیوتر,دانشگاه شهید بهشتی - تهران
1397,ریاضی,1269,374,منطقه 2,مهندسی پزشکی,دانشگاه صنعتی امیرکبیر - تهران
1397,ریاضی,1269,840,منطقه 1,فیزیک,دانشگاه صنعتی شریف - تهران
1397,ریاضی,1273,844,منطقه 1,مهندسی مکانیک,دانشگاه فردوسی - مشهد
1397,ریاضی,1275,846,منطقه 1,مهندسی کامپیوتر,دانشگاه شهید بهشتی - تهران
1397,ریاضی,1276,847,منطقه 1,مهندسی کامپیوتر,دانشگاه صنعتی اصفهان
1397,ریاضی,1279,375,منطقه 2,علوم کامپیوتر,دانشگاه صنعتی امیرکبیر - تهران
1397,ریاضی,1279,849,منطقه 1,فیزیک,دانشگاه صنعتی شریف - تهران
1397,ریاضی,1285,376,منطقه 2,مهندسی پزشکی,دانشگاه صنعتی امیرکبیر - تهران
1397,ریاضی,1287,855,منطقه 1,مهندسی کامپیوتر,دانشگاه صنعتی اصفهان
1397,ریاضی,1293,112,ایثارگر-5%,آموزش فیزیک - بومی خراسان جنوبی,پردیس شهید بهشتی - مشهد
1397,ریاضی,1293,860,منطقه 1,مهندسی عمران,دانشگاه تهران
1397,ریاضی,1296,862,منطقه 1,مهندسی مواد و متالورژی,دانشگاه تهران
1397,ریاضی,1299,379,منطقه 2,مهندسی برق,دانشگاه علم و صنعت ایران - تهران
1397,ریاضی,1299,379,منطقه 2,مهندسی عمران,دانشگاه صنعتی اصفهان
1397,ریاضی,1303,381,منطقه 2,مهندسی مکانیک,دانشگاه صنعتی امیرکبیر - تهران
1397,ریاضی,1303,865,منطقه 1,مهندسی هوا فضا,دانشگاه صنعتی شریف - تهران
1397,ریاضی,1306,383,منطقه 2,مهندسی شیمی,دانشگاه صنعتی شریف - تهران
1397,ریاضی,1306,383,منطقه 2,مهندسی مکانیک,دانشگاه علم و صنعت ایران - تهران
1397,ریاضی,1311,869,منطقه 1,مهندسی کامپیوتر,دانشگاه شیراز
1397,ریاضی,1313,871,منطقه 1,مهندسی پزشکی,دانشگاه صنعتی امیرکبیر - تهران
1397,ریاضی,1315,16,ایثارگر-25%,مهندسی مکانیک,دانشگاه صنعتی شریف - تهران
1397,ریاضی,1315,386,منطقه 2,مهندسی شیمی,دانشگاه صنعتی شریف - تهران
1397,ریاضی,1318,113,ایثارگر-5%,مهندسی مکانیک,دانشگاه تهران
1397,ریاضی,1318,388,منطقه 2,مهندسی عمران,دانشگاه صنعتی شریف - تهران
1397,ریاضی,1320,875,منطقه 1,مهندسی کامپیوتر,دانشگاه شهید بهشتی - تهران
1397,ریاضی,1326,115,ایثارگر-5%,مهندسی مکانیک,دانشگاه تهران
1397,ریاضی,1327,116,ایثارگر-5%,مهندسی صنایع,دانشگاه صنعتی امیرکبیر - تهران
1397,ریاضی,1330,391,منطقه 2,مهندسی مکانیک,دانشگاه صنعتی امیرکبیر - تهران
1397,ریاضی,1330,391,منطقه 2,مهندسی کامپیوتر,دانشگاه صنعتی اصفهان
1397,ریاضی,1330,391,منطقه 2,مهندسی کامپیوتر,دانشگاه صنعتی خواجه نصیرالدین طوسی - تهران
1397,ریاضی,1335,118,ایثارگر-5%,مهندسی برق,دانشگاه صنعتی امیرکبیر - تهران
1397,ریاضی,1336,119,ایثارگر-5%,مهندسی کامپیوتر,دانشگاه فردوسی - مشهد
1397,ریاضی,1337,394,منطقه 2,مهندسی کامپیوتر,دانشگاه صنعتی خواجه نصیرالدین طوسی - تهران
1397,ریاضی,1339,395,منطقه 2,مهندسی معماری,دانشگاه تهران
1397,ریاضی,1339,886,منطقه 1,مهندسی کامپیوتر,دانشگاه شهید بهشتی - تهران
1397,ریاضی,1346,398,منطقه 2,مهندسی کامپیوتر,دانشگاه شهید بهشتی - تهران
1397,ریاضی,1348,121,ایثارگر-5%,علوم کامپیوتر,دانشگاه صنعتی امیرکبیر - تهران
1397,ریاضی,1348,399,منطقه 2,مهندسی برق,دانشگاه علم و صنعت ایران - تهران
1397,ریاضی,1350,400,منطقه 2,مهندسی برق,دانشگاه علم و صنعت ایران - تهران
1397,ریاضی,1352,122,ایثارگر-5%,مهندسی صنایع,دانشگاه صنعتی امیرکبیر - تهران
1397,ریاضی,1352,122,ایثارگر-5%,مهندسی مکانیک,دانشگاه صنعتی اصفهان
1397,ریاضی,1352,402,منطقه 2,مهندسی شیمی,دانشگاه صنعتی شریف - تهران
1397,ریاضی,1361,405,منطقه 2,علوم کامپیوتر,دانشگاه صنعتی امیرکبیر - تهران
1397,ریاضی,1361,405,منطقه 2,مهندسی دریا,دانشگاه صنعتی شریف - تهران
1397,ریاضی,1361,405,منطقه 2,مهندسی شیمی,دانشگاه صنعتی شریف - تهران
1397,ریاضی,1365,407,منطقه 2,مهندسی کامپیوتر,دانشگاه صنعتی خواجه نصیرالدین طوسی - تهران
1397,ریاضی,1369,408,منطقه 2,مهندسی کامپیوتر,دانشگاه صنعتی خواجه نصیرالدین طوسی - تهران
1397,ریاضی,1369,903,منطقه 1,مهندسی عمران,دانشگاه تهران
1397,ریاضی,1372,409,منطقه 2,مهندسی شیمی,دانشگاه صنعتی شریف - تهران
1397,ریاضی,1373,125,ایثارگر-5%,مهندسی معماری,دانشگاه تهران
1397,ریاضی,1375,906,منطقه 1,مهندسی هوا فضا,دانشگاه صنعتی شریف - تهران
1397,ریاضی,1377,411,منطقه 2,مهندسی عمران,دانشگاه صنعتی امیرکبیر - تهران
1397,ریاضی,1379,413,منطقه 2,مهندسی هوا فضا,دانشگاه صنعتی شریف - تهران
1397,ریاضی,1381,414,منطقه 2,فیزیک,دانشگاه صنعتی شریف - تهران
1397,ریاضی,1381,414,منطقه 2,مهندسی صنایع,دانشگاه صنعتی امیرکبیر - تهران
1397,ریاضی,1388,418,منطقه 2,مهندسی شیمی,دانشگاه صنعتی شریف - تهران
1397,ریاضی,1390,419,منطقه 2,مهندسی برق,دانشگاه علم و صنعت ایران - تهران
1397,ریاضی,1390,913,منطقه 1,مهندسی برق,دانشگاه علم و صنعت ایران - تهران
1397,ریاضی,1397,420,منطقه 2,مهندسی عمران,دانشگاه تهران
1397,ریاضی,1399,421,منطقه 2,مهندسی معماری,دانشگاه شهید بهشتی - تهران
1397,ریاضی,1400,422,منطقه 2,مهندسی شیمی,دانشگاه صنعتی شریف - تهران
1397,ریاضی,1400,422,منطقه 2,مهندسی صنایع,دانشگاه صنعتی امیرکبیر - تهران
1397,ریاضی,1402,424,منطقه 2,مهندسی کامپیوتر,دانشگاه صنعتی اصفهان
1397,ریاضی,1406,426,منطقه 2,مهندسی کامپیوتر,دانشگاه شهید بهشتی - تهران
1397,ریاضی,1407,922,منطقه 1,مهندسی شیمی,دانشگاه تهران
1397,ریاضی,1409,428,منطقه 2,مهندسی برق,دانشگاه علم و صنعت ایران - تهران
1397,ریاضی,1411,60,منطقه 3,مهندسی برق,دانشگاه تهران
1397,ریاضی,1415,130,ایثارگر-5%,مهندسی عمران,دانشگاه صنعتی شریف - تهران
1397,ریاضی,1415,429,منطقه 2,مهندسی برق,دانشگاه علم و صنعت ایران - تهران
1397,ریاضی,1421,431,منطقه 2,مهندسی صنایع,دانشگاه صنعتی امیرکبیر - تهران
1397,ریاضی,1421,931,منطقه 1,فیزیک,دانشگاه صنعتی شریف - تهران
1397,ریاضی,1425,61,منطقه 3,علوم کامپیوتر,دانشگاه صنعتی شریف - تهران
1397,ریاضی,1425,433,منطقه 2,مهندسی برق - بومی خراسان رضوی,دانشگاه تربیت دبیر شهید رجایی_تهران
1397,ریاضی,1436,941,منطقه 1,علوم کامپیوتر,دانشگاه شهید بهشتی - تهران
1397,ریاضی,1439,943,منطقه 1,مهندسی عمران,دانشگاه صنعتی امیرکبیر - تهران
1397,ریاضی,1448,437,منطقه 2,مهندسی صنایع,دانشگاه صنعتی امیرکبیر - تهران
1397,ریاضی,1448,949,منطقه 1,آموزش ریاضی - بومی استان تهران,پردیس نسیبه - تهران
1397,ریاضی,1448,949,منطقه 1,مهندسی هوا فضا,دانشگاه صنعتی شریف - تهران
1397,ریاضی,1450,438,منطقه 2,مهندسی برق,دانشگاه علم و صنعت ایران - تهران
1397,ریاضی,1454,439,منطقه 2,مهندسی پزشکی,دانشگاه صنعتی امیرکبیر - تهران
1397,ریاضی,1454,439,منطقه 2,مهندسی کامپیوتر,دانشگاه شهید بهشتی - تهران
1397,ریاضی,1462,442,منطقه 2,مهندسی مکانیک,دانشگاه صنعتی امیرکبیر - تهران
1397,ریاضی,1466,443,منطقه 2,مهندسی صنایع,دانشگاه صنعتی امیرکبیر - تهران
1397,ریاضی,1466,961,منطقه 1,مهندسی کامپیوتر,دانشگاه صنعتی خواجه نصیرالدین طوسی - تهران
1397,ریاضی,1470,444,منطقه 2,مهندسی کامپیوتر,دانشگاه صنعتی خواجه نصیرالدین طوسی - تهران
1397,ریاضی,1472,445,منطقه 2,مهندسی عمران,دانشگاه صنعتی شریف - تهران
1397,ریاضی,1476,19,ایثارگر-25%,مهندسی شیمی,دانشگاه صنعتی شریف - تهران
1397,ریاضی,1476,142,ایثارگر-5%,مهندسی برق,دانشگاه صنعتی امیرکبیر - تهران
1397,ریاضی,1476,447,منطقه 2,مهندسی شیمی,دانشگاه صنعتی شریف - تهران
1397,ریاضی,1476,447,منطقه 2,مهندسی کامپیوتر,دانشگاه صنعتی خواجه نصیرالدین طوسی - تهران
1397,ریاضی,1476,966,منطقه 1,مهندسی کامپیوتر,دانشگاه صنعتی خواجه نصیرالدین طوسی - تهران
1397,ریاضی,1479,449,منطقه 2,مهندسی هوا فضا,دانشگاه صنعتی شریف - تهران
1397,ریاضی,1484,450,منطقه 2,مهندسی شیمی,دانشگاه صنعتی شریف - تهران
1397,ریاضی,1489,453,منطقه 2,مهندسی برق,دانشگاه علم و صنعت ایران - تهران
1397,ریاضی,1493,975,منطقه 1,مهندسی هوا فضا,دانشگاه صنعتی شریف - تهران
1397,ریاضی,1498,457,منطقه 2,فیزیک,دانشگاه صنعتی شریف - تهران
1397,ریاضی,1498,979,منطقه 1,مهندسی معماری,دانشگاه تهران
1397,ریاضی,1498,979,منطقه 1,مهندسی کامپیوتر,دانشگاه صنعتی اصفهان
1397,ریاضی,1503,65,منطقه 3,مهندسی مکانیک,دانشگاه صنعتی شریف - تهران
1397,ریاضی,1504,143,ایثارگر-5%,مهندسی برق,دانشگاه صنعتی امیرکبیر - تهران
1397,ریاضی,1505,459,منطقه 2,مهندسی کامپیوتر,دانشگاه شیراز
1397,ریاضی,1505,982,منطقه 1,مهندسی مواد و متالورژی,دانشگاه صنعتی شریف - تهران
1397,ریاضی,1508,984,منطقه 1,مهندسی برق,دانشگاه علم و صنعت ایران - تهران
1397,ریاضی,1508,984,منطقه 1,مهندسی پزشکی,دانشگاه صنعتی امیرکبیر - تهران
1397,ریاضی,1513,66,منطقه 3,مهندسی کامپیوتر,دانشگاه صنعتی خواجه نصیرالدین طوسی - تهران
1397,ریاضی,1520,462,منطقه 2,مهندسی معماری,دانشگاه تهران
1397,ریاضی,1520,462,منطقه 2,مهندسی مکانیک,دانشگاه علم و صنعت ایران - تهران
1397,ریاضی,1523,144,ایثارگر-5%,علوم کامپیوتر,دانشگاه صنعتی امیرکبیر - تهران
1397,ریاضی,1524,465,منطقه 2,مهندسی برق,دانشگاه علم و صنعت ایران - تهران
1397,ریاضی,1528,467,منطقه 2,مهندسی مکانیک,دانشگاه صنعتی اصفهان
1397,ریاضی,1533,68,منطقه 3,مهندسی کامپیوتر,دانشگاه صنعتی خواجه نصیرالدین طوسی - تهران
1397,ریاضی,1533,468,منطقه 2,مهندسی معماری,دانشگاه تهران
1397,ریاضی,1536,69,منطقه 3,مهندسی مکانیک,دانشگاه علم و صنعت ایران - تهران
1397,ریاضی,1536,469,منطقه 2,مهندسی کامپیوتر,دانشگاه صنعتی خواجه نصیرالدین طوسی - تهران
1397,ریاضی,1539,20,ایثارگر-25%,مهندسی برق,دانشگاه صنعتی شریف - تهران
1397,ریاضی,1544,471,منطقه 2,مهندسی کامپیوتر,دانشگاه صنعتی خواجه نصیرالدین طوسی - تهران
1397,ریاضی,1546,472,منطقه 2,مهندسی هوا فضا,دانشگاه صنعتی شریف - تهران
1397,ریاضی,1549,474,منطقه 2,مهندسی کامپیوتر,دانشگاه صنعتی خواجه نصیرالدین طوسی - تهران
1397,ریاضی,1551,149,ایثارگر-5%,مهندسی برق,دانشگاه صنعتی امیرکبیر - تهران
1397,ریاضی,1551,475,منطقه 2,مهندسی معماری,دانشگاه تهران
1397,ریاضی,1554,477,منطقه 2,مهندسی عمران - بومی استان اصفهان,دانشگاه تربیت دبیر شهید رجایی_تهران
1397,ریاضی,1554,477,منطقه 2,مهندسی کامپیوتر,دانشگاه صنعتی خواجه نصیرالدین طوسی - تهران
1397,ریاضی,1557,150,ایثارگر-5%,مهندسی عمران,دانشگاه صنعتی شریف - تهران
1397,ریاضی,1561,71,منطقه 3,مهندسی شیمی,دانشگاه صنعتی شریف - تهران
1397,ریاضی,1563,480,منطقه 2,مهندسی عمران,دانشگاه تهران
1397,ریاضی,1565,481,منطقه 2,مهندسی مکانیک,دانشگاه علم و صنعت ایران - تهران
1397,ریاضی,1569,482,منطقه 2,مهندسی هوا فضا,دانشگاه صنعتی شریف - تهران
1397,ریاضی,1569,482,منطقه 2,مهندسی کامپیوتر,دانشگاه صنعتی خواجه نصیرالدین طوسی - تهران
1397,ریاضی,1572,484,منطقه 2,مهندسی کامپیوتر,دانشگاه صنعتی خواجه نصیرالدین طوسی - تهران
1397,ریاضی,1588,21,ایثارگر-25%,مهندسی برق,دانشگاه صنعتی شریف - تهران
1397,ریاضی,1593,488,منطقه 2,مهندسی صنایع,دانشگاه صنعتی امیرکبیر - تهران
1397,ریاضی,1593,488,منطقه 2,مهندسی مکانیک,دانشگاه علم و صنعت ایران - تهران
1397,ریاضی,1597,490,منطقه 2,مهندسی برق,دانشگاه علم و صنعت ایران - تهران
1397,ریاضی,1597,490,منطقه 2,مهندسی شیمی,دانشگاه صنعتی شریف - تهران
1397,ریاضی,1601,493,منطقه 2,علوم کامپیوتر,دانشگاه شهید بهشتی - تهران
1397,ریاضی,1604,495,منطقه 2,مهندسی برق,دانشگاه علم و صنعت ایران - تهران
1397,ریاضی,1604,495,منطقه 2,مهندسی معماری,دانشگاه تهران
1397,ریاضی,1604,495,منطقه 2,مهندسی مکانیک,دانشگاه علم و صنعت ایران - تهران
1397,ریاضی,1607,498,منطقه 2,مهندسی کامپیوتر,دانشگاه شهید بهشتی - تهران
1397,ریاضی,1608,499,منطقه 2,مهندسی کامپیوتر,دانشگاه شهید باهنر - کرمان
1397,ریاضی,1618,500,منطقه 2,مهندسی عمران,دانشگاه تهران
1397,ریاضی,1622,501,منطقه 2,مهندسی برق,دانشگاه علم و صنعت ایران - تهران
1397,ریاضی,1624,503,منطقه 2,مهندسی پزشکی,دانشگاه صنعتی امیرکبیر - تهران
1397,ریاضی,1628,505,منطقه 2,مهندسی انرژی,دانشگاه صنعتی امیرکبیر - تهران
1397,ریاضی,1632,507,منطقه 2,مهندسی مکانیک,دانشگاه علم و صنعت ایران - تهران
1397,ریاضی,1644,73,منطقه 3,مهندسی شیمی,دانشگاه صنعتی شریف - تهران
1397,ریاضی,1651,159,ایثارگر-5%,مهندسی مکانیک,دانشگاه صنعتی امیرکبیر - تهران
1397,ریاضی,1651,512,منطقه 2,مهندسی برق - بومی مازندران,دانشگاه تربیت دبیر شهید رجایی_تهران
1397,ریاضی,1656,514,منطقه 2,مهندسی کامپیوتر,دانشگاه صنعتی خواجه نصیرالدین طوسی - تهران
1397,ریاضی,1660,516,منطقه 2,مهندسی برق,دانشگاه علم و صنعت ایران - تهران
1397,ریاضی,1662,517,منطقه 2,مهندسی مکانیک,دانشگاه علم و صنعت ایران - تهران
1397,ریاضی,1671,518,منطقه 2,مهندسی برق,دانشگاه علم و صنعت ایران - تهران
1397,ریاضی,1692,523,منطقه 2,آموزش فیزیک - بومی استان سمنان,پردیس شهید هاشمی نژاد - مشهد
1397,ریاضی,1695,524,منطقه 2,مهندسی پزشکی,دانشگاه صنعتی امیرکبیر - تهران
1397,ریاضی,1697,526,منطقه 2,مهندسی کامپیوتر,دانشگاه صنعتی اصفهان
1397,ریاضی,1700,527,منطقه 2,مهندسی هوا فضا,دانشگاه صنعتی شریف - تهران
1397,ریاضی,1702,163,ایثارگر-5%,مهندسی مکانیک,دانشگاه صنعتی امیرکبیر - تهران
1397,ریاضی,1705,74,منطقه 3,مهندسی برق,دانشگاه تهران
1397,ریاضی,1705,529,منطقه 2,مهندسی کامپیوتر,دانشگاه صنعتی اصفهان
1397,ریاضی,1709,530,منطقه 2,مهندسی شیمی,دانشگاه صنعتی شریف - تهران
1397,ریاضی,1713,531,منطقه 2,مهندسی برق,دانشگاه علم و صنعت ایران - تهران
1397,ریاضی,1715,532,منطقه 2,مهندسی مکانیک,دانشگاه علم و صنعت ایران - تهران
1397,ریاضی,1717,533,منطقه 2,مهندسی شیمی,دانشگاه صنعتی شریف - تهران
1397,ریاضی,1724,535,منطقه 2,مهندسی معماری,دانشگاه تهران
1397,ریاضی,1729,76,منطقه 3,مهندسی برق,دانشگاه تهران
1397,ریاضی,1732,536,منطقه 2,مهندسی مکانیک,دانشگاه علم و صنعت ایران - تهران
1397,ریاضی,1737,539,منطقه 2,مهندسی برق,دانشگاه علم و صنعت ایران - تهران
1397,ریاضی,1747,22,ایثارگر-25%,مهندسی کامپیوتر,دانشگاه صنعتی شریف - تهران
1397,ریاضی,1758,544,منطقه 2,ریاضیات و کاربردها,دانشگاه تهران
1397,ریاضی,1758,544,منطقه 2,مهندسی مکانیک,دانشگاه علم و صنعت ایران - تهران
1397,ریاضی,1760,546,منطقه 2,مهندسی شیمی,دانشگاه تهران
1397,ریاضی,1763,169,ایثارگر-5%,مهندسی کامپیوتر - بومی استان قم,دانشگاه تربیت دبیر شهید رجایی_تهران
1397,ریاضی,1763,549,منطقه 2,مهندسی مکانیک,دانشگاه علم و صنعت ایران - تهران
1397,ریاضی,1763,549,منطقه 2,مهندسی کامپیوتر,دانشگاه صنعتی خواجه نصیرالدین طوسی - تهران
1397,ریاضی,1778,553,منطقه 2,مهندسی معماری,دانشگاه شهید بهشتی - تهران
1397,ریاضی,1784,554,منطقه 2,فیزیک,دانشگاه شهید بهشتی - تهران
1397,ریاضی,1791,555,منطقه 2,مهندسی کامپیوتر,دانشگاه صنعتی خواجه نصیرالدین طوسی - تهران
1397,ریاضی,1793,556,منطقه 2,مهندسی عمران,دانشگاه صنعتی امیرکبیر - تهران
1397,ریاضی,1793,556,منطقه 2,مهندسی مکانیک,دانشگاه علم و صنعت ایران - تهران
1397,ریاضی,1795,558,منطقه 2,مهندسی برق,دانشگاه صنعتی خواجه نصیرالدین طوسی - تهران
1397,ریاضی,1797,559,منطقه 2,مهندسی مکانیک,دانشگاه صنعتی خواجه نصیرالدین طوسی - تهران
1397,ریاضی,1799,561,منطقه 2,مهندسی عمران,دانشگاه صنعتی امیرکبیر - تهران
1397,ریاضی,1805,563,منطقه 2,مهندسی شیمی,دانشگاه تهران
1397,ریاضی,1816,566,منطقه 2,مهندسی کامپیوتر,دانشگاه صنعتی اصفهان
1397,ریاضی,1819,80,منطقه 3,مهندسی صنایع,دانشگاه صنعتی شریف - تهران
1397,ریاضی,1819,567,منطقه 2,مهندسی پزشکی,دانشگاه صنعتی امیرکبیر - تهران
1397,ریاضی,1821,81,منطقه 3,مهندسی برق,دانشگاه علم و صنعت ایران - تهران
1397,ریاضی,1830,571,منطقه 2,مهندسی نفت,دانشگاه صنعتی شریف - تهران
1397,ریاضی,1833,572,منطقه 2,مهندسی پزشکی,دانشگاه صنعتی امیرکبیر - تهران
1397,ریاضی,1838,574,منطقه 2,فیزیک,دانشگاه تهران
1397,ریاضی,1838,574,منطقه 2,مهندسی برق,دانشگاه علم و صنعت ایران - تهران
1397,ریاضی,1838,574,منطقه 2,مهندسی شیمی,دانشگاه تهران
1397,ریاضی,1852,577,منطقه 2,علوم کامپیوتر,دانشگاه شهید بهشتی - تهران
1397,ریاضی,1855,578,منطقه 2,مهندسی عمران,دانشگاه صنعتی امیرکبیر - تهران
1397,ریاضی,1857,86,منطقه 3,مهندسی نفت,دانشگاه صنعتی شریف - تهران
1397,ریاضی,1857,579,منطقه 2,مهندسی هوا فضا,دانشگاه صنعتی شریف - تهران
1397,ریاضی,1865,87,منطقه 3,مهندسی کامپیوتر,دانشگاه صنعتی امیرکبیر - تهران
1397,ریاضی,1865,582,منطقه 2,مهندسی شیمی,دانشگاه تهران
1397,ریاضی,1874,178,ایثارگر-5%,مهندسی عمران,دانشگاه صنعتی شریف - تهران
1397,ریاضی,1874,583,منطقه 2,مهندسی برق,دانشگاه علم و صنعت ایران - تهران
1397,ریاضی,1881,89,منطقه 3,مهندسی مکانیک,دانشگاه تهران
1397,ریاضی,1881,586,منطقه 2,مهندسی شیمی,دانشگاه تهران
1397,ریاضی,1885,179,ایثارگر-5%,مهندسی عمران,دانشگاه تهران
1397,ریاضی,1888,91,منطقه 3,مهندسی شیمی,دانشگاه صنعتی شریف - تهران
1397,ریاضی,1888,588,منطقه 2,مهندسی برق,دانشگاه شهید باهنر - کرمان
1397,ریاضی,1888,588,منطقه 2,مهندسی شیمی,دانشگاه تهران
1397,ریاضی,1888,588,منطقه 2,مهندسی نفت,دانشگاه صنعتی شریف - تهران
1397,ریاضی,1895,590,منطقه 2,علوم کامپیوتر,دانشگاه شهید بهشتی - تهران
1397,ریاضی,1896,591,منطقه 2,مهندسی برق,دانشگاه علم و صنعت ایران - تهران
1397,ریاضی,1901,594,منطقه 2,علوم کامپیوتر,دانشگاه شهید بهشتی - تهران
1397,ریاضی,1903,595,منطقه 2,مهندسی برق,دانشگاه علم و صنعت ایران - تهران
1397,ریاضی,1910,597,منطقه 2,مهندسی نفت,دانشگاه صنعتی شریف - تهران
1397,ریاضی,1919,23,ایثارگر-25%,مهندسی کامپیوتر,دانشگاه صنعتی شریف - تهران
1397,ریاضی,1919,182,ایثارگر-5%,مهندسی کامپیوتر,دانشگاه صنعتی خواجه نصیرالدین طوسی - تهران
1397,ریاضی,1924,24,ایثارگر-25%,مهندسی کامپیوتر,دانشگاه صنعتی شریف - تهران
1397,ریاضی,1926,601,منطقه 2,مهندسی عمران,دانشگاه تهران
1397,ریاضی,1934,93,منطقه 3,مهندسی برق,دانشگاه تهران
1397,ریاضی,1934,604,منطقه 2,مهندسی مکانیک,دانشگاه علم و صنعت ایران - تهران
1397,ریاضی,1934,604,منطقه 2,مهندسی هوا فضا,دانشگاه صنعتی شریف - تهران
1397,ریاضی,1934,604,منطقه 2,مهندسی کامپیوتر - بومی آذربایجان شرقی,دانشگاه تربیت دبیر شهید رجایی_تهران
1397,ریاضی,1944,94,منطقه 3,مهندسی صنایع,دانشگاه صنعتی شریف - تهران
1397,ریاضی,1949,606,منطقه 2,ریاضیات و کاربردها,دانشگاه تهران
1397,ریاضی,1960,611,منطقه 2,مهندسی مکانیک,دانشگاه علم و صنعت ایران - تهران
1397,ریاضی,1965,190,ایثارگر-5%,مهندسی عمران,دانشگاه تهران
1397,ریاضی,1965,613,منطقه 2,مهندسی صنایع,دانشگاه علم و صنعت ایران - تهران
1397,ریاضی,1968,615,منطقه 2,مهندسی شیمی,دانشگاه تهران
1397,ریاضی,1973,192,ایثارگر-5%,مهندسی عمران,دانشگاه تهران
1397,ریاضی,1973,616,منطقه 2,مهندسی عمران - بومی خراسان رضوی,دانشگاه تربیت دبیر شهید رجایی_تهران
1397,ریاضی,1980,618,منطقه 2,مهندسی برق,دانشگاه علم و صنعت ایران - تهران
1397,ریاضی,1993,193,ایثارگر-5%,مهندسی عمران,دانشگاه تهران
1397,ریاضی,1993,620,منطقه 2,علوم مهندسی,دانشگاه تهران
1397,ریاضی,2001,97,منطقه 3,مهندسی معماری,دانشگاه تهران
1397,ریاضی,2001,623,منطقه 2,مهندسی شیمی,دانشگاه تهران
1397,ریاضی,2005,98,منطقه 3,مهندسی نفت,دانشگاه صنعتی شریف - تهران
1397,ریاضی,2007,99,منطقه 3,مهندسی عمران - بومی خوزستان,دانشگاه تربیت دبیر شهید رجایی_تهران
1397,ریاضی,2007,624,منطقه 2,مهندسی برق,دانشگاه صنعتی خواجه نصیرالدین طوسی - تهران
1397,ریاضی,2010,625,منطقه 2,مهندسی عمران,دانشگاه صنعتی امیرکبیر - تهران
1397,ریاضی,2012,626,منطقه 2,مهندسی برق - بومی مازندران,دانشگاه تربیت دبیر شهید رجایی_تهران
1397,ریاضی,2015,627,منطقه 2,مهندسی پزشکی,دانشگاه صنعتی امیرکبیر - تهران
1397,ریاضی,2017,100,منطقه 3,مهندسی پزشکی,دانشگاه صنعتی امیرکبیر - تهران
1397,ریاضی,2025,101,منطقه 3,مهندسی مکانیک,دانشگاه تهران
1397,ریاضی,2031,102,منطقه 3,مهندسی کامپیوتر,دانشگاه صنعتی اصفهان
1397,ریاضی,2031,196,ایثارگر-5%,مهندسی شیمی,دانشگاه صنعتی شریف - تهران
1397,ریاضی,2038,632,منطقه 2,مهندسی مکانیک,دانشگاه علم و صنعت ایران - تهران
1397,ریاضی,2042,197,ایثارگر-5%,مهندسی صنایع,دانشگاه علم و صنعت ایران - تهران
1397,ریاضی,2042,633,منطقه 2,شیمی کاربردی,دانشگاه صنعتی شریف - تهران
1397,ریاضی,2042,633,منطقه 2,مهندسی عمران - بومی چهارمحال وبختیاری,دانشگاه تربیت دبیر شهید رجایی_تهران
1397,ریاضی,2046,635,منطقه 2,مهندسی صنایع,دانشگاه صنعتی خواجه نصیرالدین طوسی - تهران
1397,ریاضی,2050,637,منطقه 2,مهندسی پزشکی,دانشگاه صنعتی امیرکبیر - تهران
1397,ریاضی,2055,640,منطقه 2,مهندسی برق,دانشگاه صنعتی خواجه نصیرالدین طوسی - تهران
1397,ریاضی,2055,640,منطقه 2,مهندسی کامپیوتر,دانشگاه صنعتی امیرکبیر - تهران - پردیس خودگردان
1397,ریاضی,2061,642,منطقه 2,مهندسی برق,دانشگاه صنعتی خواجه نصیرالدین طوسی - تهران
1397,ریاضی,2065,644,منطقه 2,علوم کامپیوتر,دانشگاه شهید بهشتی - تهران
1397,ریاضی,2065,644,منطقه 2,مهندسی کامپیوتر,دانشگاه صنعتی اصفهان
1397,ریاضی,2069,646,منطقه 2,مهندسی عمران,دانشگاه علم و صنعت ایران - تهران
1397,ریاضی,2073,29,ایثارگر-25%,مهندسی کامپیوتر,دانشگاه صنعتی شریف - تهران
1397,ریاضی,2073,106,منطقه 3,مهندسی صنایع,دانشگاه صنعتی شریف - تهران
1397,ریاضی,2073,647,منطقه 2,مهندسی نفت,دانشگاه صنعتی شریف - تهران
1397,ریاضی,2076,648,منطقه 2,مهندسی صنایع,دانشگاه علم و صنعت ایران - تهران
1397,ریاضی,2076,648,منطقه 2,مهندسی مکانیک,دانشگاه صنعتی اصفهان
1397,ریاضی,2079,650,منطقه 2,مهندسی برق,دانشگاه صنعتی خواجه نصیرالدین طوسی - تهران
1397,ریاضی,2081,651,منطقه 2,مهندسی شیمی,دانشگاه صنعتی امیرکبیر - تهران
1397,ریاضی,2085,203,ایثارگر-5%,مهندسی برق,دانشگاه صنعتی امیرکبیر - تهران
1397,ریاضی,2085,653,منطقه 2,مهندسی برق,دانشگاه صنعتی خواجه نصیرالدین طوسی - تهران
1397,ریاضی,2090,107,منطقه 3,مهندسی هوا فضا,دانشگاه صنعتی شریف - تهران
1397,ریاضی,2090,655,منطقه 2,مهندسی عمران - بومی خراسان رضوی,دانشگاه تربیت دبیر شهید رجایی_تهران
1397,ریاضی,2095,657,منطقه 2,مهندسی برق,دانشگاه صنعتی خواجه نصیرالدین طوسی - تهران
1397,ریاضی,2095,657,منطقه 2,مهندسی دریا,دانشگاه صنعتی شریف - تهران
1397,ریاضی,2098,659,منطقه 2,مهندسی عمران,دانشگاه علم و صنعت ایران - تهران
1397,ریاضی,2106,661,منطقه 2,مهندسی صنایع,دانشگاه علم و صنعت ایران - تهران
1397,ریاضی,2110,662,منطقه 2,مهندسی کامپیوتر,دانشگاه شیراز
1397,ریاضی,2120,665,منطقه 2,مهندسی کامپیوتر,دانشگاه فردوسی - مشهد
1397,ریاضی,2124,667,منطقه 2,مهندسی صنایع,دانشگاه علم و صنعت ایران - تهران
1397,ریاضی,2128,668,منطقه 2,مهندسی مکانیک,دانشگاه صنعتی خواجه نصیرالدین طوسی - تهران
1397,ریاضی,2134,32,ایثارگر-25%,مهندسی پزشکی,دانشگاه صنعتی امیرکبیر - تهران
1397,ریاضی,2134,669,منطقه 2,مهندسی مکانیک,دانشگاه علم و صنعت ایران - تهران
1397,ریاضی,2137,110,منطقه 3,مهندسی برق,دانشگاه تهران
1397,ریاضی,2141,671,منطقه 2,مهندسی مواد و متالورژی,دانشگاه صنعتی شریف - تهران
1397,ریاضی,2144,673,منطقه 2,مهندسی صنایع,دانشگاه علم و صنعت ایران - تهران
1397,ریاضی,2144,673,منطقه 2,مهندسی مکانیک,دانشگاه صنعتی خواجه نصیرالدین طوسی - تهران
1397,ریاضی,2144,673,منطقه 2,مهندسی مکانیک,دانشگاه علم و صنعت ایران - تهران
1397,ریاضی,2149,675,منطقه 2,مهندسی صنایع,دانشگاه علم و صنعت ایران - تهران
1397,ریاضی,2149,675,منطقه 2,مهندسی پزشکی,دانشگاه صنعتی امیرکبیر - تهران
1397,ریاضی,2153,677,منطقه 2,مهندسی برق,دانشگاه صنعتی خواجه نصیرالدین طوسی - تهران
1397,ریاضی,2157,111,منطقه 3,مهندسی برق,دانشگاه صنعتی امیرکبیر - تهران
1397,ریاضی,2165,680,منطقه 2,علوم کامپیوتر,دانشگاه شهید بهشتی - تهران
1397,ریاضی,2171,682,منطقه 2,ریاضیات و کاربردها,دانشگاه صنعتی شریف - تهران
1397,ریاضی,2176,685,منطقه 2,مهندسی شیمی,دانشگاه تهران
1397,ریاضی,2191,687,منطقه 2,مهندسی صنایع,دانشگاه صنعتی خواجه نصیرالدین طوسی - تهران
1397,ریاضی,2191,687,منطقه 2,مهندسی مکانیک,دانشگاه صنعتی خواجه نصیرالدین طوسی - تهران
1397,ریاضی,2199,689,منطقه 2,علوم کامپیوتر,دانشگاه شهید بهشتی - تهران
1397,ریاضی,2203,213,ایثارگر-5%,مهندسی کامپیوتر,دانشگاه تبریز
1397,ریاضی,2209,690,منطقه 2,مهندسی برق,دانشگاه صنعتی خواجه نصیرالدین طوسی - تهران
1397,ریاضی,2214,113,منطقه 3,مهندسی شیمی,دانشگاه صنعتی شریف - تهران
1397,ریاضی,2218,216,ایثارگر-5%,مهندسی پزشکی,دانشگاه صنعتی امیرکبیر - تهران
1397,ریاضی,2223,692,منطقه 2,مهندسی مکانیک,دانشگاه صنعتی اصفهان
1397,ریاضی,2223,692,منطقه 2,مهندسی هوا فضا,دانشگاه صنعتی امیرکبیر - تهران
1397,ریاضی,2236,695,منطقه 2,مهندسی هوا فضا,دانشگاه صنعتی امیرکبیر - تهران
1397,ریاضی,2239,114,منطقه 3,مهندسی برق - بومی استان بوشهر,دانشگاه تربیت دبیر شهید رجایی_تهران
1397,ریاضی,2239,114,منطقه 3,مهندسی صنایع,دانشگاه علم و صنعت ایران - تهران
1397,ریاضی,2243,219,ایثارگر-5%,مهندسی صنایع,دانشگاه علم و صنعت ایران - تهران
1397,ریاضی,2243,696,منطقه 2,مهندسی برق,دانشگاه صنعتی اصفهان
1397,ریاضی,2246,698,منطقه 2,مهندسی هوا فضا,دانشگاه صنعتی امیرکبیر - تهران
1397,ریاضی,2249,699,منطقه 2,مهندسی برق,دانشگاه یزد
1397,ریاضی,2251,701,منطقه 2,مهندسی صنایع,دانشگاه علم و صنعت ایران - تهران
1397,ریاضی,2254,702,منطقه 2,مهندسی معماری,دانشگاه شهید بهشتی - تهران
1397,ریاضی,2263,705,منطقه 2,مهندسی شیمی,دانشگاه تهران
1397,ریاضی,2273,116,منطقه 3,مهندسی برق,دانشگاه تهران
1397,ریاضی,2273,711,منطقه 2,علوم مهندسی,دانشگاه تهران
1397,ریاضی,2277,223,ایثارگر-5%,مهندسی مکانیک,دانشگاه فردوسی - مشهد
1397,ریاضی,2285,714,منطقه 2,مهندسی برق,دانشگاه صنعتی خواجه نصیرالدین طوسی - تهران
1397,ریاضی,2291,715,منطقه 2,مهندسی صنایع,دانشگاه علم و صنعت ایران - تهران
1397,ریاضی,2294,716,منطقه 2,مهندسی شیمی,دانشگاه تهران
1397,ریاضی,2298,225,ایثارگر-5%,مهندسی کامپیوتر,دانشگاه شیراز
1397,ریاضی,2298,717,منطقه 2,مهندسی مکانیک - بومی خراسان رضوی,دانشگاه تربیت دبیر شهید رجایی_تهران
1397,ریاضی,2301,719,منطقه 2,مهندسی صنایع,دانشگاه علم و صنعت ایران - تهران
1397,ریاضی,2307,723,منطقه 2,مهندسی برق,دانشگاه صنعتی خواجه نصیرالدین طوسی - تهران
1397,ریاضی,2307,723,منطقه 2,مهندسی شیمی,دانشگاه تهران
1397,ریاضی,2312,725,منطقه 2,مهندسی عمران,دانشگاه علم و صنعت ایران - تهران
1397,ریاضی,2316,726,منطقه 2,مهندسی هوا فضا,دانشگاه صنعتی امیرکبیر - تهران
1397,ریاضی,2322,728,منطقه 2,مهندسی پزشکی,دانشگاه صنعتی امیرکبیر - تهران
1397,ریاضی,2322,728,منطقه 2,مهندسی کامپیوتر,دانشگاه صنعتی اصفهان
1397,ریاضی,2324,730,منطقه 2,مهندسی کامپیوتر,دانشگاه تهران (محل تحصیل قم)
1397,ریاضی,2335,733,منطقه 2,مهندسی نفت,دانشگاه صنعتی شریف - تهران
1397,ریاضی,2341,736,منطقه 2,مهندسی مکانیک,دانشگاه صنعتی خواجه نصیرالدین طوسی - تهران
1397,ریاضی,2345,738,منطقه 2,مهندسی دریا,دانشگاه صنعتی شریف - تهران
1397,ریاضی,2345,738,منطقه 2,مهندسی پزشکی,دانشگاه صنعتی امیرکبیر - تهران
1397,ریاضی,2347,740,منطقه 2,مهندسی کامپیوتر,دانشگاه صنعتی اصفهان
1397,ریاضی,2348,741,منطقه 2,مهندسی دریا,دانشگاه صنعتی شریف - تهران
1397,ریاضی,2350,742,منطقه 2,مهندسی صنایع,دانشگاه صنعتی خواجه نصیرالدین طوسی - تهران
1397,ریاضی,2357,228,ایثارگر-5%,مهندسی هوا فضا,دانشگاه صنعتی شریف - تهران
1397,ریاضی,2361,745,منطقه 2,مهندسی کامپیوتر - بومی استان قزوین,دانشگاه تربیت دبیر شهید رجایی_تهران
1397,ریاضی,2364,118,منطقه 3,مهندسی صنایع,دانشگاه صنعتی شریف - تهران
1397,ریاضی,2369,748,منطقه 2,مهندسی کامپیوتر,دانشگاه صنعتی اصفهان
1397,ریاضی,2373,119,منطقه 3,مهندسی شیمی,دانشگاه تهران
1397,ریاضی,2377,750,منطقه 2,مهندسی عمران,دانشگاه تهران
1397,ریاضی,2395,751,منطقه 2,مهندسی برق,دانشگاه صنعتی خواجه نصیرالدین طوسی - تهران
1397,ریاضی,2395,751,منطقه 2,مهندسی مکانیک,دانشگاه صنعتی خواجه نصیرالدین طوسی - تهران
1397,ریاضی,2398,120,منطقه 3,مهندسی برق,دانشگاه صنعتی امیرکبیر - تهران
1397,ریاضی,2398,753,منطقه 2,مهندسی برق,دانشگاه صنعتی خواجه نصیرالدین طوسی - تهران
1397,ریاضی,2401,754,منطقه 2,مهندسی مواد و متالورژی,دانشگاه صنعتی شریف - تهران
1397,ریاضی,2403,756,منطقه 2,مهندسی شیمی,دانشگاه تهران
1397,ریاضی,2416,759,منطقه 2,مهندسی پزشکی,دانشگاه صنعتی امیرکبیر - تهران
1397,ریاضی,2421,239,ایثارگر-5%,مهندسی برق,دانشگاه علم و صنعت ایران - تهران
1397,ریاضی,2428,763,منطقه 2,مهندسی برق,دانشگاه شهید بهشتی - تهران
1397,ریاضی,2434,240,ایثارگر-5%,مهندسی مکانیک,دانشگاه فردوسی - مشهد
1397,ریاضی,2434,766,منطقه 2,مهندسی صنایع,دانشگاه علم و صنعت ایران - تهران
1397,ریاضی,2440,768,منطقه 2,مهندسی شیمی,دانشگاه تهران
1397,ریاضی,2453,121,منطقه 3,آموزش ریاضی - بومی خراسان رضوی,پردیس شهید بهشتی - مشهد
1397,ریاضی,2453,772,منطقه 2,مهندسی برق,دانشگاه صنعتی خواجه نصیرالدین طوسی - تهران
1397,ریاضی,2458,243,ایثارگر-5%,مهندسی برق,دانشگاه علم و صنعت ایران - تهران
1397,ریاضی,2466,774,منطقه 2,مهندسی کامپیوتر,دانشگاه صنعتی اصفهان
1397,ریاضی,2469,775,منطقه 2,مهندسی نفت,دانشگاه صنعتی شریف - تهران
1397,ریاضی,2475,776,منطقه 2,مهندسی صنایع,دانشگاه صنعتی خواجه نصیرالدین طوسی - تهران
1397,ریاضی,2478,777,منطقه 2,مهندسی صنایع,دانشگاه صنعتی خواجه نصیرالدین طوسی - تهران
1397,ریاضی,2478,777,منطقه 2,مهندسی مکانیک,دانشگاه صنعتی خواجه نصیرالدین طوسی - تهران
1397,ریاضی,2487,247,ایثارگر-5%,مهندسی برق,دانشگاه صنعتی اصفهان
1397,ریاضی,2489,248,ایثارگر-5%,مهندسی هوا فضا,دانشگاه صنعتی شریف - تهران
1397,ریاضی,2496,249,ایثارگر-5%,مهندسی شیمی,دانشگاه صنعتی شریف - تهران
1397,ریاضی,2496,782,منطقه 2,علوم مهندسی,دانشگاه تهران
1397,ریاضی,2496,782,منطقه 2,مهندسی پلیمر,دانشگاه صنعتی امیرکبیر - تهران
1397,ریاضی,2499,126,منطقه 3,مهندسی کامپیوتر,دانشگاه صنعتی اصفهان
1397,ریاضی,2506,786,منطقه 2,دکترای پیوسته فیزیک,مرکز تحصیلات تکمیلی در علوم پایه زنجان
1397,ریاضی,2506,786,منطقه 2,مهندسی عمران,دانشگاه علم و صنعت ایران - تهران
1397,ریاضی,2511,128,منطقه 3,مهندسی مکانیک,دانشگاه تهران
1397,ریاضی,2511,788,منطقه 2,مهندسی برق,دانشگاه صنعتی خواجه نصیرالدین طوسی - تهران
1397,ریاضی,2515,129,منطقه 3,آموزش فیزیک - بومی خراسان جنوبی,پردیس شهید بهشتی - مشهد
1397,ریاضی,2515,789,منطقه 2,مهندسی برق,دانشگاه شهید بهشتی - تهران
1397,ریاضی,2521,791,منطقه 2,مهندسی شیمی,دانشگاه صنعتی امیرکبیر - تهران
1397,ریاضی,2528,794,منطقه 2,مهندسی برق,دانشگاه فردوسی - مشهد
1397,ریاضی,2531,795,منطقه 2,مهندسی عمران - بومی مازندران,دانشگاه تربیت دبیر شهید رجایی_تهران
1397,ریاضی,2533,796,منطقه 2,مهندسی عمران,دانشگاه علم و صنعت ایران - تهران
1397,ریاضی,2547,803,منطقه 2,مهندسی پلیمر,دانشگاه تهران
1397,ریاضی,2555,806,منطقه 2,مهندسی برق,دانشگاه شهید بهشتی - تهران
1397,ریاضی,2563,255,ایثارگر-5%,مهندسی عمران,دانشگاه صنعتی امیرکبیر - تهران
1397,ریاضی,2567,808,منطقه 2,مهندسی عمران,دانشگاه تهران
1397,ریاضی,2567,808,منطقه 2,مهندسی عمران,دانشگاه علم و صنعت ایران - تهران
1397,ریاضی,2570,811,منطقه 2,مهندسی شیمی,دانشگاه صنعتی امیرکبیر - تهران
1397,ریاضی,2573,812,منطقه 2,مهندسی برق,دانشگاه صنعتی اصفهان
1397,ریاضی,2587,258,ایثارگر-5%,مهندسی معماری,دانشگاه علم و صنعت ایران - تهران
1397,ریاضی,2587,258,ایثارگر-5%,مهندسی کامپیوتر,دانشگاه صنعتی اصفهان
1397,ریاضی,2587,815,منطقه 2,مهندسی برق,دانشگاه صنعتی خواجه نصیرالدین طوسی - تهران
1397,ریاضی,2591,135,منطقه 3,مهندسی مکانیک,دانشگاه صنعتی خواجه نصیرالدین طوسی - تهران
1397,ریاضی,2591,817,منطقه 2,مهندسی کامپیوتر,دانشگاه فردوسی - مشهد
1397,ریاضی,2594,818,منطقه 2,ریاضیات و کاربردها,دانشگاه صنعتی امیرکبیر - تهران
1397,ریاضی,2609,262,ایثارگر-5%,مهندسی شیمی,دانشگاه صنعتی شریف - تهران
1397,ریاضی,2609,823,منطقه 2,مهندسی صنایع,دانشگاه صنعتی خواجه نصیرالدین طوسی - تهران
1397,ریاضی,2609,823,منطقه 2,مهندسی مکانیک,دانشگاه صنعتی خواجه نصیرالدین طوسی - تهران
1397,ریاضی,2622,828,منطقه 2,مهندسی برق,دانشگاه صنعتی خواجه نصیرالدین طوسی - تهران
1397,ریاضی,2626,137,منطقه 3,آموزش ابتدایی - بومی استان کرمان,پردیس شهید باهنر - کرمان
1397,ریاضی,2630,138,منطقه 3,مهندسی شیمی,دانشگاه تهران
1397,ریاضی,2634,830,منطقه 2,مهندسی پزشکی,دانشگاه شهید بهشتی - تهران
1397,ریاضی,2642,832,منطقه 2,مهندسی برق,دانشگاه صنعتی خواجه نصیرالدین طوسی - تهران
1397,ریاضی,2642,832,منطقه 2,مهندسی صنایع,دانشگاه صنعتی خواجه نصیرالدین طوسی - تهران
1397,ریاضی,2647,835,منطقه 2,مهندسی شیمی,دانشگاه صنعتی امیرکبیر - تهران
1397,ریاضی,2647,835,منطقه 2,مهندسی مکانیک,دانشگاه صنعتی خواجه نصیرالدین طوسی - تهران
1397,ریاضی,2652,838,منطقه 2,مهندسی شیمی,دانشگاه صنعتی امیرکبیر - تهران
1397,ریاضی,2655,840,منطقه 2,مهندسی شیمی,دانشگاه علم و صنعت ایران - تهران
1397,ریاضی,2658,265,ایثارگر-5%,مهندسی پزشکی,دانشگاه صنعتی امیرکبیر - تهران
1397,ریاضی,2661,842,منطقه 2,مهندسی معماری,دانشگاه علم و صنعت ایران - تهران
1397,ریاضی,2664,38,ایثارگر-25%,مهندسی برق,دانشگاه صنعتی شریف - تهران
1397,ریاضی,2672,847,منطقه 2,مهندسی نفت,دانشگاه صنعتی شریف - تهران
1397,ریاضی,2675,848,منطقه 2,مهندسی برق,دانشگاه صدا و سیمای جمهوری اسلامی ایران
1397,ریاضی,2678,849,منطقه 2,مهندسی کامپیوتر,دانشگاه صنعتی اصفهان
1397,ریاضی,2688,267,ایثارگر-5%,مهندسی صنایع,دانشگاه صنعتی خواجه نصیرالدین طوسی - تهران
1397,ریاضی,2688,853,منطقه 2,مهندسی صنایع,دانشگاه صنعتی خواجه نصیرالدین طوسی - تهران
1397,ریاضی,2692,855,منطقه 2,مهندسی برق,دانشگاه صنعتی خواجه نصیرالدین طوسی - تهران
1397,ریاضی,2696,40,ایثارگر-25%,مهندسی مکانیک,دانشگاه صنعتی شریف - تهران
1397,ریاضی,2700,141,منطقه 3,مهندسی کامپیوتر,دانشگاه خوارزمی - تهران (محل تحصیل کرج)
1397,ریاضی,2704,859,منطقه 2,آموزش ریاضی - بومی استان اصفهان,پردیس فاطمه الزهرا (س) - اصفهان
1397,ریاضی,2704,859,منطقه 2,مهندسی برق,دانشگاه شهید بهشتی - تهران
1397,ریاضی,2704,859,منطقه 2,مهندسی مواد و متالورژی,دانشگاه صنعتی شریف - تهران
1397,ریاضی,2710,271,ایثارگر-5%,آموزش فیزیک - بومی آذربایجان غربی,پردیس علامه امینی - تبریز
1397,ریاضی,2710,861,منطقه 2,مهندسی هوا فضا,دانشگاه صنعتی امیرکبیر - تهران
1397,ریاضی,2716,864,منطقه 2,مهندسی شیمی,دانشگاه صنعتی امیرکبیر - تهران
1397,ریاضی,2721,867,منطقه 2,مهندسی شیمی,دانشگاه صنعتی امیرکبیر - تهران
1397,ریاضی,2727,871,منطقه 2,مهندسی شیمی,دانشگاه صنعتی امیرکبیر - تهران
1397,ریاضی,2727,871,منطقه 2,مهندسی عمران,دانشگاه صنعتی امیرکبیر - تهران
1397,ریاضی,2727,871,منطقه 2,مهندسی معماری,دانشگاه هنر تهران
1397,ریاضی,2727,871,منطقه 2,مهندسی مکانیک,دانشگاه صنعتی اصفهان
1397,ریاضی,2740,272,ایثارگر-5%,مهندسی انرژی,دانشگاه صنعتی امیرکبیر - تهران
1397,ریاضی,2740,877,منطقه 2,مهندسی برق,دانشگاه شهید بهشتی - تهران
1397,ریاضی,2749,882,منطقه 2,مهندسی برق,دانشگاه شیراز
1397,ریاضی,2749,882,منطقه 2,مهندسی مکانیک,دانشگاه صنعتی خواجه نصیرالدین طوسی - تهران
1397,ریاضی,2753,274,ایثارگر-5%,مهندسی نفت,دانشگاه صنعتی امیرکبیر - تهران
1397,ریاضی,2753,884,منطقه 2,مهندسی مکانیک,دانشگاه صنعتی خواجه نصیرالدین طوسی - تهران
1397,ریاضی,2756,886,منطقه 2,مهندسی مواد و متالورژی,دانشگاه صنعتی شریف - تهران
1397,ریاضی,2756,886,منطقه 2,مهندسی مکانیک,دانشگاه صنعتی خواجه نصیرالدین طوسی - تهران
1397,ریاضی,2759,888,منطقه 2,مهندسی عمران,دانشگاه علم و صنعت ایران - تهران
1397,ریاضی,2762,43,ایثارگر-25%,مهندسی برق,دانشگاه صنعتی شریف - تهران
1397,ریاضی,2767,276,ایثارگر-5%,مهندسی برق,دانشگاه علم و صنعت ایران - تهران
1397,ریاضی,2767,892,منطقه 2,مهندسی برق,دانشگاه شهید بهشتی - تهران
1397,ریاضی,2767,892,منطقه 2,مهندسی مواد و متالورژی,دانشگاه صنعتی شریف - تهران
1397,ریاضی,2767,892,منطقه 2,مهندسی کامپیوتر,دانشگاه فردوسی - مشهد
1397,ریاضی,2771,895,منطقه 2,مهندسی برق,دانشگاه صنعتی خواجه نصیرالدین طوسی - تهران
1397,ریاضی,2785,144,منطقه 3,مهندسی شیمی,دانشگاه صنعتی شریف - تهران
1397,ریاضی,2795,899,منطقه 2,مهندسی پزشکی,دانشگاه شهید بهشتی - تهران
1397,ریاضی,2803,148,منطقه 3,مهندسی کامپیوتر,دانشگاه علم و صنعت ایران - تهران
1397,ریاضی,2803,902,منطقه 2,مهندسی شیمی,دانشگاه صنعتی امیرکبیر - تهران
1397,ریاضی,2803,902,منطقه 2,مهندسی مکانیک,دانشگاه صنعتی اصفهان
1397,ریاضی,2818,905,منطقه 2,مهندسی صنایع,دانشگاه صنعتی خواجه نصیرالدین طوسی - تهران
1397,ریاضی,2830,906,منطقه 2,مهندسی هوا فضا,دانشگاه صنعتی امیرکبیر - تهران
1397,ریاضی,2833,150,منطقه 3,مهندسی مکانیک,دانشگاه صنعتی امیرکبیر - تهران
1397,ریاضی,2843,909,منطقه 2,مهندسی مکانیک,دانشگاه صنعتی خواجه نصیرالدین طوسی - تهران
1397,ریاضی,2843,909,منطقه 2,مهندسی مکانیک - بومی خراسان جنوبی,دانشگاه تربیت دبیر شهید رجایی_تهران
1397,ریاضی,2843,909,منطقه 2,مهندسی هوا فضا,دانشگاه صنعتی امیرکبیر - تهران
1397,ریاضی,2843,909,منطقه 2,مهندسی کامپیوتر,دانشگاه خوارزمی - تهران (محل تحصیل کرج)
1397,ریاضی,2855,155,منطقه 3,مهندسی مکانیک,دانشگاه صنعتی اصفهان
1397,ریاضی,2855,914,منطقه 2,مهندسی برق,دانشگاه شهید بهشتی - تهران
1397,ریاضی,2855,914,منطقه 2,مهندسی برق,دانشگاه صنعتی خواجه نصیرالدین طوسی - تهران
1397,ریاضی,2855,914,منطقه 2,مهندسی مکانیک,دانشگاه صنعتی خواجه نصیرالدین طوسی - تهران
1397,ریاضی,2863,917,منطقه 2,مهندسی مکانیک,دانشگاه صنعتی خواجه نصیرالدین طوسی - تهران
1397,ریاضی,2867,919,منطقه 2,مهندسی مکانیک,دانشگاه صنعتی خواجه نصیرالدین طوسی - تهران
1397,ریاضی,2872,920,منطقه 2,مهندسی کامپیوتر,دانشگاه صنعتی امیرکبیر - تهران - پردیس خودگردان
1397,ریاضی,2878,922,منطقه 2,مهندسی مواد و متالورژی,دانشگاه تهران
1397,ریاضی,2884,924,منطقه 2,مهندسی شیمی,دانشگاه صنعتی امیرکبیر - تهران
1397,ریاضی,2889,47,ایثارگر-25%,مهندسی کامپیوتر,دانشگاه تهران
1397,ریاضی,2889,925,منطقه 2,مهندسی عمران,دانشگاه صنعتی امیرکبیر - تهران
1397,ریاضی,2902,157,منطقه 3,مهندسی پزشکی,دانشگاه صنعتی امیرکبیر - تهران
1397,ریاضی,2902,930,منطقه 2,مهندسی عمران - بومی استان کرمان,دانشگاه تربیت دبیر شهید رجایی_تهران
1397,ریاضی,2909,932,منطقه 2,مهندسی کامپیوتر,دانشگاه خوارزمی - تهران (محل تحصیل کرج)
1397,ریاضی,2911,934,منطقه 2,مهندسی پزشکی,دانشگاه شهید بهشتی - تهران
1397,ریاضی,2911,934,منطقه 2,مهندسی کامپیوتر,دانشگاه صنعتی اصفهان
1397,ریاضی,2913,936,منطقه 2,مهندسی عمران - بومی خراسان رضوی,دانشگاه تربیت دبیر شهید رجایی_تهران
1397,ریاضی,2935,49,ایثارگر-25%,مهندسی برق,دانشگاه صنعتی شریف - تهران
1397,ریاضی,2940,945,منطقه 2,مهندسی برق,دانشگاه صنعتی اصفهان
1397,ریاضی,2945,946,منطقه 2,مهندسی کامپیوتر,دانشگاه فردوسی - مشهد
1397,ریاضی,2963,948,منطقه 2,مهندسی معماری,دانشگاه شهید بهشتی - تهران
1397,ریاضی,2963,948,منطقه 2,مهندسی مکانیک,دانشگاه شهید بهشتی - تهران
1397,ریاضی,2967,950,منطقه 2,مهندسی مکانیک,دانشگاه صنعتی خواجه نصیرالدین طوسی - تهران
1397,ریاضی,2971,951,منطقه 2,مهندسی مکانیک,دانشگاه صنعتی خواجه نصیرالدین طوسی - تهران
1397,ریاضی,2982,53,ایثارگر-25%,مهندسی عمران,دانشگاه صنعتی شریف - تهران
1397,ریاضی,2982,953,منطقه 2,مهندسی صنایع,دانشگاه صنعتی اصفهان
1397,ریاضی,2994,957,منطقه 2,مهندسی مکانیک,دانشگاه صنعتی خواجه نصیرالدین طوسی - تهران
1397,ریاضی,3000,160,منطقه 3,مهندسی عمران,دانشگاه شهید بهشتی - تهران
1397,ریاضی,3000,160,منطقه 3,مهندسی عمران - بومی خراسان جنوبی,دانشگاه تربیت دبیر شهید رجایی_تهران
1397,ریاضی,3000,160,منطقه 3,مهندسی کامپیوتر - بومی خراسان شمالی,دانشگاه تربیت دبیر شهید رجایی_تهران
1397,ریاضی,3007,960,منطقه 2,مدیریت صنعتی,دانشگاه تهران
1397,ریاضی,3007,960,منطقه 2,مهندسی عمران,دانشگاه علم و صنعت ایران - تهران
1397,ریاضی,3012,962,منطقه 2,مهندسی مکانیک,دانشگاه صنعتی خواجه نصیرالدین طوسی - تهران
1397,ریاضی,3015,963,منطقه 2,مهندسی مکانیک,دانشگاه صنعتی خواجه نصیرالدین طوسی - تهران
1397,ریاضی,3018,163,منطقه 3,مهندسی مکانیک,دانشگاه صنعتی اصفهان
1397,ریاضی,3024,165,منطقه 3,مهندسی هوا فضا,دانشگاه صنعتی شریف - تهران
1397,ریاضی,3024,294,ایثارگر-5%,مهندسی برق,دانشگاه علم و صنعت ایران - تهران
1397,ریاضی,3036,969,منطقه 2,مهندسی مکانیک,دانشگاه صنعتی خواجه نصیرالدین طوسی - تهران
1397,ریاضی,3050,167,منطقه 3,علوم کامپیوتر,دانشگاه صنعتی امیرکبیر - تهران
1397,ریاضی,3050,973,منطقه 2,مهندسی برق,دانشگاه صنعتی اصفهان
1397,ریاضی,3050,973,منطقه 2,مهندسی عمران,دانشگاه صنعتی خواجه نصیرالدین طوسی - تهران
1397,ریاضی,3053,168,منطقه 3,مهندسی مکانیک,دانشگاه شهید بهشتی - تهران
1397,ریاضی,3056,975,منطقه 2,مهندسی کامپیوتر,دانشگاه فردوسی - مشهد
1397,ریاضی,3060,976,منطقه 2,مهندسی برق,دانشگاه شهید بهشتی - تهران
1397,ریاضی,3060,976,منطقه 2,مهندسی مواد و متالورژی,دانشگاه صنعتی شریف - تهران
1397,ریاضی,3071,979,منطقه 2,فیزیک,دانشگاه صنعتی شریف - تهران
1397,ریاضی,3071,979,منطقه 2,مهندسی نقشه برداری,دانشگاه تهران
1397,ریاضی,3077,170,منطقه 3,مهندسی شیمی,دانشگاه صنعتی شریف - تهران
1397,ریاضی,3077,981,منطقه 2,مهندسی برق - بومی فارس,دانشگاه تربیت دبیر شهید رجایی_تهران
1397,ریاضی,3083,984,منطقه 2,مهندسی نفت,دانشگاه تهران
1397,ریاضی,3087,300,ایثارگر-5%,فیزیک مهندسی,دانشگاه تهران
1397,ریاضی,3091,986,منطقه 2,مهندسی مکانیک,دانشگاه صنعتی خواجه نصیرالدین طوسی - تهران
1397,ریاضی,3098,987,منطقه 2,ریاضیات و کاربردها,دانشگاه صنعتی امیرکبیر - تهران
1397,ریاضی,3098,987,منطقه 2,مهندسی مکانیک,دانشگاه شهید بهشتی - تهران
1397,ریاضی,3111,991,منطقه 2,علوم مهندسی,دانشگاه تهران
1397,ریاضی,3111,991,منطقه 2,مهندسی کامپیوتر,دانشگاه اصفهان
1397,ریاضی,3111,991,منطقه 2,مهندسی کامپیوتر,دانشگاه تبریز
1397,ریاضی,3113,993,منطقه 2,مهندسی مکانیک,دانشگاه شهید بهشتی - تهران
1397,ریاضی,3115,994,منطقه 2,مهندسی برق,دانشگاه شهید بهشتی - تهران
1397,ریاضی,3120,995,منطقه 2,آموزش فیزیک - بومی مازندران,پردیس شهید بهشتی - مشهد
1397,ریاضی,3120,995,منطقه 2,ریاضیات و کاربردها,دانشگاه صنعتی شریف - تهران
1397,ریاضی,3126,305,ایثارگر-5%,مهندسی شیمی,دانشگاه صنعتی شریف - تهران
1397,ریاضی,3131,998,منطقه 2,فیزیک,دانشگاه تهران
1397,ریاضی,3131,998,منطقه 2,مهندسی برق,دانشگاه شهید بهشتی - تهران
1397,ریاضی,3154,309,ایثارگر-5%,مهندسی شیمی,دانشگاه تهران
1397,ریاضی,3176,311,ایثارگر-5%,مهندسی مکانیک,دانشگاه شهید باهنر - کرمان
1397,ریاضی,3201,176,منطقه 3,آموزش ریاضی - بومی گلستان,پردیس آیت الله خامنه ای - گرگان
1397,ریاضی,3244,317,ایثارگر-5%,مهندسی مکانیک,دانشگاه علم و صنعت ایران - تهران
1397,ریاضی,3258,320,ایثارگر-5%,مهندسی کامپیوتر,دانشگاه فردوسی - مشهد
1397,ریاضی,3280,182,منطقه 3,علوم کامپیوتر,دانشگاه شهید بهشتی - تهران
1397,ریاضی,3290,183,منطقه 3,مهندسی صنایع,دانشگاه صنعتی امیرکبیر - تهران
1397,ریاضی,3303,326,ایثارگر-5%,مهندسی مکانیک,دانشگاه علم و صنعت ایران - تهران
1397,ریاضی,3308,328,ایثارگر-5%,مهندسی مکانیک,دانشگاه علم و صنعت ایران - تهران
1397,ریاضی,3311,186,منطقه 3,مهندسی شیمی,دانشگاه صنعتی شریف - تهران
1397,ریاضی,3322,330,ایثارگر-5%,مهندسی برق,دانشگاه علم و صنعت ایران - تهران
1397,ریاضی,3340,332,ایثارگر-5%,مهندسی برق,دانشگاه علم و صنعت ایران - تهران
1397,ریاضی,3358,188,منطقه 3,علوم کامپیوتر,دانشگاه تهران
1397,ریاضی,3366,189,منطقه 3,مهندسی شیمی,دانشگاه صنعتی شریف - تهران
1397,ریاضی,3377,190,منطقه 3,مهندسی هوا فضا,دانشگاه صنعتی شریف - تهران
1397,ریاضی,3399,192,منطقه 3,مهندسی برق,دانشگاه صنعتی امیرکبیر - تهران
1397,ریاضی,3403,341,ایثارگر-5%,مهندسی مکانیک,دانشگاه علم و صنعت ایران - تهران
1397,ریاضی,3440,347,ایثارگر-5%,مهندسی برق,دانشگاه علم و صنعت ایران - تهران
1397,ریاضی,3449,349,ایثارگر-5%,مهندسی کامپیوتر,دانشگاه فردوسی - مشهد
1397,ریاضی,3468,198,منطقه 3,مهندسی مکانیک,دانشگاه علم و صنعت ایران - تهران
1397,ریاضی,3492,204,منطقه 3,مهندسی شیمی,دانشگاه تهران
1397,ریاضی,3506,356,ایثارگر-5%,فیزیک,دانشگاه صنعتی شریف - تهران
1397,ریاضی,3563,364,ایثارگر-5%,مهندسی معماری - بومی خراسان رضوی,دانشگاه تربیت دبیر شهید رجایی_تهران
1397,ریاضی,3572,208,منطقه 3,مهندسی نفت,دانشگاه صنعتی شریف - تهران
1397,ریاضی,3572,366,ایثارگر-5%,مهندسی مکانیک,دانشگاه علم و صنعت ایران - تهران
1397,ریاضی,3572,366,ایثارگر-5%,مهندسی نفت,دانشگاه تهران
1397,ریاضی,3583,369,ایثارگر-5%,مهندسی کامپیوتر,دانشگاه شیراز
1397,ریاضی,3588,372,ایثارگر-5%,مهندسی برق,دانشگاه علم و صنعت ایران - تهران
1397,ریاضی,3635,213,منطقه 3,مهندسی برق,دانشگاه صنعتی اصفهان
1397,ریاضی,3635,213,منطقه 3,مهندسی پلیمر,دانشگاه تهران
1397,ریاضی,3643,379,ایثارگر-5%,مهندسی هوا فضا,دانشگاه صنعتی امیرکبیر - تهران
1397,ریاضی,3656,381,ایثارگر-5%,مهندسی مکانیک,دانشگاه علم و صنعت ایران - تهران
1397,ریاضی,3660,216,منطقه 3,علوم کامپیوتر,دانشگاه صنعتی امیرکبیر - تهران
1397,ریاضی,3667,383,ایثارگر-5%,مهندسی مکانیک,دانشگاه علم و صنعت ایران - تهران
1397,ریاضی,3671,219,منطقه 3,مهندسی عمران,دانشگاه تهران
1397,ریاضی,3692,220,منطقه 3,مهندسی برق,دانشگاه علم و صنعت ایران - تهران
1397,ریاضی,3722,221,منطقه 3,مهندسی مکانیک,دانشگاه صنعتی اصفهان
1397,ریاضی,3737,223,منطقه 3,آموزش فیزیک - بومی استان تهران,پردیس نسیبه - تهران
1397,ریاضی,3780,224,منطقه 3,آموزش ریاضی - بومی کردستان,پردیس علامه امینی - تبریز
1397,ریاضی,3780,392,ایثارگر-5%,مهندسی عمران,دانشگاه علم و صنعت ایران - تهران
1397,ریاضی,3794,226,منطقه 3,مهندسی برق,دانشگاه علم و صنعت ایران - تهران
1397,ریاضی,3794,394,ایثارگر-5%,مهندسی برق,دانشگاه صنعتی خواجه نصیرالدین طوسی - تهران
1397,ریاضی,3802,227,منطقه 3,مهندسی مکانیک - بومی فارس,دانشگاه تربیت دبیر شهید رجایی_تهران
1397,ریاضی,3822,228,منطقه 3,مهندسی کامپیوتر,دانشگاه علم و صنعت ایران - تهران
1397,ریاضی,3830,229,منطقه 3,مهندسی هوا فضا,دانشگاه صنعتی شریف - تهران
1397,ریاضی,3830,396,ایثارگر-5%,مهندسی عمران - بومی گیلان,دانشگاه تربیت دبیر شهید رجایی_تهران
1397,ریاضی,3832,230,منطقه 3,مهندسی هوا فضا,دانشگاه صنعتی شریف - تهران
1397,ریاضی,3839,231,منطقه 3,مهندسی هوا فضا,دانشگاه صنعتی شریف - تهران
1397,ریاضی,3848,399,ایثارگر-5%,مهندسی شیمی,دانشگاه تهران
1397,ریاضی,3857,233,منطقه 3,مهندسی پزشکی,دانشگاه صنعتی امیرکبیر - تهران
1397,ریاضی,3867,401,ایثارگر-5%,مهندسی مکانیک,دانشگاه علم و صنعت ایران - تهران
1397,ریاضی,3883,235,منطقه 3,مهندسی کامپیوتر,دانشگاه صنعتی اصفهان
1397,ریاضی,3897,236,منطقه 3,مهندسی مکانیک,دانشگاه علم و صنعت ایران - تهران
1397,ریاضی,3930,237,منطقه 3,مهندسی شیمی,دانشگاه تهران
1397,ریاضی,3939,238,منطقه 3,مهندسی برق,دانشگاه صنعتی اصفهان
1397,ریاضی,3939,238,منطقه 3,مهندسی شیمی,دانشگاه تهران
1397,ریاضی,3950,240,منطقه 3,ریاضیات و کاربردها,دانشگاه صنعتی شریف - تهران
1397,ریاضی,3955,414,ایثارگر-5%,مهندسی مکانیک,دانشگاه علم و صنعت ایران - تهران
1397,ریاضی,3964,416,ایثارگر-5%,مهندسی مکانیک,دانشگاه علم و صنعت ایران - تهران
1397,ریاضی,3970,418,ایثارگر-5%,مهندسی کامپیوتر,دانشگاه صنعتی اصفهان
1397,ریاضی,3993,244,منطقه 3,مهندسی عمران,دانشگاه تهران
1397,ریاضی,4005,420,ایثارگر-5%,مهندسی مکانیک,دانشگاه علم و صنعت ایران - تهران
1397,ریاضی,4015,245,منطقه 3,مهندسی مکانیک - بومی استان یزد,دانشگاه تربیت دبیر شهید رجایی_تهران
1397,ریاضی,4029,246,منطقه 3,مهندسی کامپیوتر - بومی سیستان وبلوچستان,دانشگاه تربیت دبیر شهید رجایی_تهران
1397,ریاضی,4034,247,منطقه 3,مهندسی مکانیک,دانشگاه علم و صنعت ایران - تهران
1397,ریاضی,4063,248,منطقه 3,مهندسی صنایع,دانشگاه صنعتی امیرکبیر - تهران
1397,ریاضی,4069,249,منطقه 3,مهندسی برق,دانشگاه علم و صنعت ایران - تهران
1397,ریاضی,4069,422,ایثارگر-5%,مهندسی مکانیک,دانشگاه صنعتی خواجه نصیرالدین طوسی - تهران
1397,ریاضی,4076,251,منطقه 3,آموزش ریاضی - بومی خوزستان,پردیس حضرت رسول اکرم - اهواز
1397,ریاضی,4076,251,منطقه 3,مهندسی مکانیک,دانشگاه صنعتی اصفهان
1397,ریاضی,4108,428,ایثارگر-5%,مهندسی مکانیک,دانشگاه علم و صنعت ایران - تهران
1397,ریاضی,4116,253,منطقه 3,مهندسی صنایع,دانشگاه علم و صنعت ایران - تهران
1397,ریاضی,4123,254,منطقه 3,علوم کامپیوتر,دانشگاه صنعتی امیرکبیر - تهران
1397,ریاضی,4137,432,ایثارگر-5%,مهندسی انرژی,دانشگاه صنعتی امیرکبیر - تهران
1397,ریاضی,4144,434,ایثارگر-5%,مهندسی کامپیوتر,دانشگاه صنعتی اصفهان
1397,ریاضی,4180,259,منطقه 3,مهندسی معماری,دانشگاه گیلان - رشت
1397,ریاضی,4222,264,منطقه 3,مهندسی برق - بومی آذربایجان غربی,دانشگاه تربیت دبیر شهید رجایی_تهران
1397,ریاضی,4232,265,منطقه 3,مهندسی عمران - بومی سیستان وبلوچستان,دانشگاه تربیت دبیر شهید رجایی_تهران
1397,ریاضی,4249,266,منطقه 3,مهندسی شیمی,دانشگاه تهران
1397,ریاضی,4303,449,ایثارگر-5%,فیزیک,دانشگاه تهران
1397,ریاضی,4308,267,منطقه 3,مهندسی شیمی,دانشگاه تهران
1397,ریاضی,4333,269,منطقه 3,مهندسی مکانیک - بومی استان اردبیل,دانشگاه تربیت دبیر شهید رجایی_تهران
1397,ریاضی,4350,271,منطقه 3,مهندسی کامپیوتر - بومی خوزستان,دانشگاه تربیت دبیر شهید رجایی_تهران
1397,ریاضی,4389,455,ایثارگر-5%,مهندسی مکانیک,دانشگاه صنعتی خواجه نصیرالدین طوسی - تهران
1397,ریاضی,4423,276,منطقه 3,آموزش ابتدایی - بومی مازندران,پردیس فاطمه الزهرا(س) ساری
1397,ریاضی,4433,459,ایثارگر-5%,مهندسی کامپیوتر,دانشگاه فردوسی - مشهد
1397,ریاضی,4440,277,منطقه 3,مهندسی برق,دانشگاه علم و صنعت ایران - تهران
1397,ریاضی,4453,462,ایثارگر-5%,مهندسی برق,دانشگاه صنعتی خواجه نصیرالدین طوسی - تهران
1397,ریاضی,4466,279,منطقه 3,مهندسی مکانیک,دانشگاه شیراز
1397,ریاضی,4482,280,منطقه 3,مهندسی هوا فضا,دانشگاه صنعتی شریف - تهران
1397,ریاضی,4496,464,ایثارگر-5%,مهندسی پلیمر,دانشگاه تهران
1397,ریاضی,4525,285,منطقه 3,مهندسی پزشکی,دانشگاه صنعتی امیرکبیر - تهران
1397,ریاضی,4532,286,منطقه 3,مهندسی برق,دانشگاه صنعتی خواجه نصیرالدین طوسی - تهران
1397,ریاضی,4540,466,ایثارگر-5%,مهندسی پلیمر,دانشگاه صنعتی امیرکبیر - تهران
1397,ریاضی,4550,287,منطقه 3,مهندسی معماری - بومی خراسان شمالی,دانشگاه تربیت دبیر شهید رجایی_تهران
1397,ریاضی,4555,288,منطقه 3,مهندسی مکانیک,دانشگاه علم و صنعت ایران - تهران
1397,ریاضی,4559,289,منطقه 3,مهندسی نفت,دانشگاه تهران
1397,ریاضی,4565,290,منطقه 3,مهندسی نفت,دانشگاه صنعتی شریف - تهران
1397,ریاضی,4565,474,ایثارگر-5%,مهندسی برق,دانشگاه شهید بهشتی - تهران
1397,ریاضی,4574,478,ایثارگر-5%,مهندسی برق,دانشگاه صنعتی خواجه نصیرالدین طوسی - تهران
1397,ریاضی,4576,292,منطقه 3,دکترای پیوسته فیزیک,مرکز تحصیلات تکمیلی در علوم پایه زنجان
1397,ریاضی,4582,293,منطقه 3,آموزش ریاضی - بومی استان یزد,پردیس شهید پاک نژاد - یزد
1397,ریاضی,4597,294,منطقه 3,آموزش ریاضی - بومی استان یزد,پردیس شهید پاک نژاد - یزد
1397,ریاضی,4597,294,منطقه 3,مهندسی کامپیوتر,دانشگاه خوارزمی - تهران (محل تحصیل کرج)
1397,ریاضی,4603,296,منطقه 3,مهندسی برق,دانشگاه صنعتی خواجه نصیرالدین طوسی - تهران
1397,ریاضی,4634,301,منطقه 3,مهندسی مکانیک - بومی استان بوشهر,دانشگاه تربیت دبیر شهید رجایی_تهران
1397,ریاضی,4634,301,منطقه 3,مهندسی کامپیوتر - بومی خوزستان,دانشگاه تربیت دبیر شهید رجایی_تهران
1397,ریاضی,4641,303,منطقه 3,فیزیک,دانشگاه علم و صنعت ایران - تهران
1397,ریاضی,4671,305,منطقه 3,مهندسی شیمی,دانشگاه صنعتی امیرکبیر - تهران
1397,ریاضی,4698,488,ایثارگر-5%,مهندسی مکانیک,دانشگاه صنعتی خواجه نصیرالدین طوسی - تهران
1397,ریاضی,4709,308,منطقه 3,مهندسی صنایع,دانشگاه علم و صنعت ایران - تهران
1397,ریاضی,4721,309,منطقه 3,مهندسی هوا فضا,دانشگاه صنعتی امیرکبیر - تهران
1397,ریاضی,4738,495,ایثارگر-5%,مهندسی شیمی,دانشگاه تهران
1397,ریاضی,4747,312,منطقه 3,مهندسی شیمی,دانشگاه صنعتی امیرکبیر - تهران
1397,ریاضی,4747,497,ایثارگر-5%,مهندسی کامپیوتر,دانشگاه صنعتی اصفهان
1397,ریاضی,4757,314,منطقه 3,مهندسی کامپیوتر - بومی استان همدان,دانشگاه تربیت دبیر شهید رجایی_تهران
1397,ریاضی,4783,317,منطقه 3,مهندسی عمران,دانشگاه صنعتی امیرکبیر - تهران
1397,ریاضی,4802,319,منطقه 3,علوم کامپیوتر,دانشگاه صنعتی امیرکبیر - تهران
1397,ریاضی,4808,320,منطقه 3,مهندسی شیمی,دانشگاه تهران
1397,ریاضی,4812,321,منطقه 3,مهندسی کامپیوتر,دانشگاه فردوسی - مشهد
1397,ریاضی,4826,323,منطقه 3,مهندسی شیمی,دانشگاه تهران
1397,ریاضی,4839,325,منطقه 3,مهندسی کامپیوتر,دانشگاه اصفهان
1397,ریاضی,4851,510,ایثارگر-5%,مهندسی انرژی,دانشگاه صنعتی امیرکبیر - تهران
1397,ریاضی,4854,511,ایثارگر-5%,مهندسی صنایع,دانشگاه صنعتی امیرکبیر - تهران - پردیس خودگردان
1397,ریاضی,4875,513,ایثارگر-5%,مهندسی برق - بومی مازندران,دانشگاه تربیت دبیر شهید رجایی_تهران
1397,ریاضی,4884,329,منطقه 3,مهندسی کامپیوتر - بومی کردستان,دانشگاه تربیت دبیر شهید رجایی_تهران
1397,ریاضی,4893,331,منطقه 3,مهندسی معماری,دانشگاه هنر تهران
1397,ریاضی,4893,331,منطقه 3,مهندسی پزشکی,دانشگاه صنعتی امیرکبیر - تهران
1397,ریاضی,4905,333,منطقه 3,مهندسی عمران - بومی استان یزد,دانشگاه تربیت دبیر شهید رجایی_تهران
1397,ریاضی,4912,514,ایثارگر-5%,مهندسی مکانیک,دانشگاه صنعتی خواجه نصیرالدین طوسی - تهران
1397,ریاضی,4938,517,ایثارگر-5%,آموزش ریاضی - بومی استان تهران,پردیس نسیبه - تهران
1397,ریاضی,4997,336,منطقه 3,مهندسی مکانیک,دانشگاه صنعتی خواجه نصیرالدین طوسی - تهران
1397,ریاضی,5003,337,منطقه 3,مهندسی نفت,دانشگاه تهران
1397,ریاضی,5021,339,منطقه 3,آموزش ریاضی - بومی خراسان جنوبی,پردیس شهید بهشتی - مشهد
1397,ریاضی,5068,537,ایثارگر-5%,مهندسی مکانیک,دانشگاه صنعتی خواجه نصیرالدین طوسی - تهران
1397,ریاضی,5073,343,منطقه 3,مهندسی شیمی,دانشگاه صنعتی امیرکبیر - تهران
1397,ریاضی,5081,345,منطقه 3,مهندسی نفت,دانشگاه تهران
1397,ریاضی,5101,346,منطقه 3,مهندسی کامپیوتر,دانشگاه صنعتی اصفهان
1397,ریاضی,5121,542,ایثارگر-5%,مهندسی مواد و متالورژی,دانشگاه صنعتی شریف - تهران
1397,ریاضی,5132,349,منطقه 3,مهندسی معماری - بومی کردستان,دانشگاه تربیت دبیر شهید رجایی_تهران
1397,ریاضی,5155,351,منطقه 3,فیزیک,دانشگاه صنعتی شریف - تهران
1397,ریاضی,5171,352,منطقه 3,مهندسی برق,دانشگاه صنعتی خواجه نصیرالدین طوسی - تهران
1397,ریاضی,5171,352,منطقه 3,مهندسی شیمی,دانشگاه صنعتی امیرکبیر - تهران
1397,ریاضی,5197,354,منطقه 3,مهندسی شیمی,دانشگاه صنعتی امیرکبیر - تهران
1397,ریاضی,5207,356,منطقه 3,مهندسی پلیمر,دانشگاه صنعتی امیرکبیر - تهران
1397,ریاضی,5207,552,ایثارگر-5%,مهندسی برق,دانشگاه صنعتی خواجه نصیرالدین طوسی - تهران
1397,ریاضی,5221,358,منطقه 3,مهندسی شهرسازی,دانشگاه تهران
1397,ریاضی,5221,553,ایثارگر-5%,مهندسی مکانیک,دانشگاه صنعتی خواجه نصیرالدین طوسی - تهران
1397,ریاضی,5248,359,منطقه 3,مهندسی مکانیک,دانشگاه شیراز
1397,ریاضی,5262,360,منطقه 3,آموزش ابتدایی - بومی خراسان شمالی,پردیس امام جعفر صادق - بجنورد
1397,ریاضی,5268,556,ایثارگر-5%,مهندسی برق,دانشگاه صنعتی خواجه نصیرالدین طوسی - تهران
1397,ریاضی,5268,556,ایثارگر-5%,مهندسی عمران,دانشگاه صنعتی خواجه نصیرالدین طوسی - تهران
1397,ریاضی,5275,558,ایثارگر-5%,مهندسی صنایع,دانشگاه فردوسی - مشهد
1397,ریاضی,5284,559,ایثارگر-5%,مهندسی مکانیک,دانشگاه صنعتی خواجه نصیرالدین طوسی - تهران
1397,ریاضی,5315,563,ایثارگر-5%,مهندسی برق,دانشگاه شهید بهشتی - تهران
1397,ریاضی,5315,563,ایثارگر-5%,مهندسی هوا فضا,دانشگاه صنعتی امیرکبیر - تهران
1397,ریاضی,5320,363,منطقه 3,مهندسی شیمی,دانشگاه صنعتی امیرکبیر - تهران
1397,ریاضی,5354,365,منطقه 3,مهندسی مکانیک,دانشگاه صنعتی خواجه نصیرالدین طوسی - تهران
1397,ریاضی,5371,568,ایثارگر-5%,مهندسی شیمی,دانشگاه صنعتی امیرکبیر - تهران
1397,ریاضی,5383,367,منطقه 3,مهندسی پزشکی,دانشگاه صنعتی امیرکبیر - تهران
1397,ریاضی,5398,370,منطقه 3,مهندسی کامپیوتر - بومی استان کرمانشاه,دانشگاه تربیت دبیر شهید رجایی_تهران
1397,ریاضی,5436,372,منطقه 3,مهندسی معماری,دانشگاه شیراز
1397,ریاضی,5446,374,منطقه 3,مهندسی هوا فضا,دانشگاه صنعتی امیرکبیر - تهران
1397,ریاضی,5460,376,منطقه 3,مهندسی انرژی,دانشگاه صنعتی امیرکبیر - تهران
1397,ریاضی,5467,377,منطقه 3,مهندسی هوا فضا,دانشگاه صنعتی امیرکبیر - تهران
1397,ریاضی,5467,377,منطقه 3,مهندسی کامپیوتر,دانشگاه تبریز
1397,ریاضی,5477,379,منطقه 3,مهندسی برق,دانشگاه شیراز
1397,ریاضی,5481,380,منطقه 3,مهندسی برق - بومی خوزستان,دانشگاه تربیت دبیر شهید رجایی_تهران
1397,ریاضی,5496,586,ایثارگر-5%,مهندسی عمران,دانشگاه صنعتی خواجه نصیرالدین طوسی - تهران
1397,ریاضی,5510,383,منطقه 3,مهندسی برق,دانشگاه صنعتی اصفهان
1397,ریاضی,5530,589,ایثارگر-5%,آموزش ریاضی - بومی استان همدان,پردیس شهید رجایی - ارومیه
1397,ریاضی,5536,590,ایثارگر-5%,مهندسی کامپیوتر,دانشگاه فردوسی - مشهد
1397,ریاضی,5586,386,منطقه 3,مهندسی نفت,دانشگاه تهران
1397,ریاضی,5629,598,ایثارگر-5%,مهندسی مکانیک,دانشگاه صنعتی خواجه نصیرالدین طوسی - تهران
1397,ریاضی,5629,598,ایثارگر-5%,مهندسی پلیمر,دانشگاه صنعتی امیرکبیر - تهران
1397,ریاضی,5652,387,منطقه 3,آموزش ابتدایی - بومی مازندران,پردیس فاطمه الزهرا(س) ساری
1397,ریاضی,5662,388,منطقه 3,مهندسی کامپیوتر,دانشگاه فردوسی - مشهد
1397,ریاضی,5671,601,ایثارگر-5%,علوم مهندسی,دانشگاه تهران
1397,ریاضی,5671,601,ایثارگر-5%,مهندسی کامپیوتر,دانشگاه صنعتی نوشیروانی بابل
1397,ریاضی,5697,603,ایثارگر-5%,مهندسی مکانیک,دانشگاه صنعتی خواجه نصیرالدین طوسی - تهران
1397,ریاضی,5709,391,منطقه 3,مهندسی نفت,دانشگاه صنعتی امیرکبیر - تهران
1397,ریاضی,5718,393,منطقه 3,مهندسی صنایع,دانشگاه خوارزمی - تهران (محل تحصیل کرج)
1397,ریاضی,5718,605,ایثارگر-5%,مهندسی عمران,دانشگاه صنعتی خواجه نصیرالدین طوسی - تهران
1397,ریاضی,5741,395,منطقه 3,مهندسی مکانیک - بومی خراسان جنوبی,دانشگاه تربیت دبیر شهید رجایی_تهران
1397,ریاضی,5741,395,منطقه 3,مهندسی پزشکی,دانشگاه صنعتی امیرکبیر - تهران
1397,ریاضی,5845,399,منطقه 3,مهندسی کامپیوتر,دانشگاه اصفهان
1397,ریاضی,5858,400,منطقه 3,مهندسی مواد و متالورژی,دانشگاه صنعتی شریف - تهران
1397,ریاضی,5858,400,منطقه 3,مهندسی پلیمر,دانشگاه صنعتی امیرکبیر - تهران
1397,ریاضی,5863,402,منطقه 3,مهندسی صنایع,دانشگاه فردوسی - مشهد
1397,ریاضی,5867,403,منطقه 3,مهندسی برق,دانشگاه صنعتی اصفهان
1397,ریاضی,5873,404,منطقه 3,آموزش ریاضی - بومی آذربایجان شرقی,پردیس فاطمه الزهرا (س) - تبریز
1397,ریاضی,5895,407,منطقه 3,مهندسی شیمی,دانشگاه علم و صنعت ایران - تهران
1397,ریاضی,5930,410,منطقه 3,مهندسی برق - بومی استان یزد,دانشگاه تربیت دبیر شهید رجایی_تهران
1397,ریاضی,5953,624,ایثارگر-5%,مهندسی مکانیک,دانشگاه شهید بهشتی - تهران
1397,ریاضی,5960,411,منطقه 3,مهندسی شیمی,دانشگاه علم و صنعت ایران - تهران
1397,ریاضی,5960,626,ایثارگر-5%,مهندسی برق,دانشگاه صنعتی خواجه نصیرالدین طوسی - تهران
1397,ریاضی,5978,413,منطقه 3,مهندسی برق - بومی کردستان,دانشگاه تربیت دبیر شهید رجایی_تهران
1397,ریاضی,5984,414,منطقه 3,مهندسی عمران - بومی آذربایجان شرقی,دانشگاه تربیت دبیر شهید رجایی_تهران
1397,ریاضی,5994,417,منطقه 3,علوم کامپیوتر,دانشگاه شهید بهشتی - تهران
1397,ریاضی,5994,417,منطقه 3,معماری داخلی,دانشگاه هنر تهران
1397,ریاضی,5994,631,ایثارگر-5%,شیمی کاربردی,دانشگاه صنعتی شریف - تهران
1397,ریاضی,6022,419,منطقه 3,آموزش ریاضی - بومی استان تهران,پردیس نسیبه - تهران
1397,ریاضی,6037,638,ایثارگر-5%,مهندسی برق,دانشگاه شهید بهشتی - تهران
1397,ریاضی,6049,423,منطقه 3,مهندسی عمران,دانشگاه تبریز
1397,ریاضی,6075,642,ایثارگر-5%,مهندسی برق,دانشگاه صنعتی خواجه نصیرالدین طوسی - تهران
1397,ریاضی,6075,642,ایثارگر-5%,مهندسی عمران - بومی آذربایجان شرقی,دانشگاه تربیت دبیر شهید رجایی_تهران
1397,ریاضی,6082,644,ایثارگر-5%,مهندسی برق,دانشگاه شهید بهشتی - تهران
1397,ریاضی,6098,648,ایثارگر-5%,مهندسی عمران,دانشگاه فردوسی - مشهد
1397,ریاضی,6102,427,منطقه 3,مهندسی برق,دانشگاه شهید بهشتی - تهران
1397,ریاضی,6102,427,منطقه 3,مهندسی برق,دانشگاه شیراز
1397,ریاضی,6131,430,منطقه 3,مهندسی برق,دانشگاه صنعتی اصفهان
1397,ریاضی,6162,432,منطقه 3,مهندسی کامپیوتر,دانشگاه فردوسی - مشهد
1397,ریاضی,6176,658,ایثارگر-5%,مهندسی مکانیک,دانشگاه صنعتی اصفهان
1397,ریاضی,6183,434,منطقه 3,مهندسی شیمی,دانشگاه علم و صنعت ایران - تهران
1397,ریاضی,6202,437,منطقه 3,آموزش فیزیک - بومی خراسان رضوی,پردیس شهید بهشتی - مشهد
1397,ریاضی,6202,437,منطقه 3,مهندسی مکانیک,دانشگاه شیراز
1397,ریاضی,6247,665,ایثارگر-5%,مهندسی کامپیوتر,دانشگاه شیراز
1397,ریاضی,6275,443,منطقه 3,مهندسی انرژی,دانشگاه صنعتی امیرکبیر - تهران
1397,ریاضی,6275,443,منطقه 3,مهندسی برق,دانشگاه تبریز
1397,ریاضی,6275,443,منطقه 3,مهندسی مکانیک,دانشگاه تبریز
1397,ریاضی,6283,445,منطقه 3,مهندسی پلیمر,دانشگاه تهران
1397,ریاضی,6305,448,منطقه 3,مهندسی پلیمر,دانشگاه تهران
1397,ریاضی,6337,450,منطقه 3,مهندسی نفت,دانشگاه صنعتی امیرکبیر - تهران
1397,ریاضی,6356,452,منطقه 3,مهندسی هوا فضا,دانشگاه صنعتی امیرکبیر - تهران
1397,ریاضی,6360,453,منطقه 3,مهندسی شیمی,دانشگاه علم و صنعت ایران - تهران
1397,ریاضی,6360,674,ایثارگر-5%,مهندسی هوا فضا,دانشگاه صنعتی خواجه نصیرالدین طوسی - تهران
1397,ریاضی,6366,454,منطقه 3,مهندسی کامپیوتر - بومی کردستان,دانشگاه تربیت دبیر شهید رجایی_تهران
1397,ریاضی,6373,676,ایثارگر-5%,آموزش ابتدایی - بومی استان یزد,پردیس فاطمه الزهرا (س) - یزد
1397,ریاضی,6414,460,منطقه 3,مهندسی مکانیک - بومی خوزستان,دانشگاه تربیت دبیر شهید رجایی_تهران
1397,ریاضی,6421,462,منطقه 3,آموزش ریاضی - بومی خوزستان,پردیس فاطمه الزهرا (س) - اهواز
1397,ریاضی,6421,462,منطقه 3,مهندسی انرژی,دانشگاه صنعتی امیرکبیر - تهران
1397,ریاضی,6435,686,ایثارگر-5%,مهندسی کامپیوتر,دانشگاه اصفهان
1397,ریاضی,6446,688,ایثارگر-5%,مهندسی مکانیک,دانشگاه شهید بهشتی - تهران
1397,ریاضی,6476,466,منطقه 3,مهندسی شیمی,دانشگاه صنعت نفت
1397,ریاضی,6513,470,منطقه 3,مهندسی صنایع,دانشگاه صنعتی اصفهان
1397,ریاضی,6537,473,منطقه 3,مهندسی شیمی,دانشگاه علم و صنعت ایران - تهران
1397,ریاضی,6551,474,منطقه 3,مهندسی شیمی,دانشگاه علم و صنعت ایران - تهران
1397,ریاضی,6551,474,منطقه 3,مهندسی معماری - بومی استان کرمان,دانشگاه تربیت دبیر شهید رجایی_تهران
1397,ریاضی,6574,478,منطقه 3,مهندسی پلیمر,دانشگاه صنعتی امیرکبیر - تهران
1397,ریاضی,6584,480,منطقه 3,مهندسی برق,دانشگاه شهید بهشتی - تهران
1397,ریاضی,6593,702,ایثارگر-5%,مهندسی شیمی,دانشگاه علم و صنعت ایران - تهران
1397,ریاضی,6593,702,ایثارگر-5%,مهندسی کامپیوتر,دانشگاه تبریز
1397,ریاضی,6631,483,منطقه 3,آموزش فیزیک - بومی استان کرمان,پردیس شهید هاشمی نژاد - مشهد
1397,ریاضی,6631,483,منطقه 3,آموزش فیزیک - بومی خوزستان,پردیس شهید رجایی - شیراز
1397,ریاضی,6631,706,ایثارگر-5%,مهندسی کامپیوتر,دانشگاه شیراز
1397,ریاضی,6638,485,منطقه 3,مهندسی صنایع,دانشگاه صنعتی اصفهان
1397,ریاضی,6651,486,منطقه 3,مهندسی مکانیک,دانشگاه شهید بهشتی - تهران
1397,ریاضی,6661,487,منطقه 3,مهندسی پلیمر,دانشگاه صنعتی امیرکبیر - تهران
1397,ریاضی,6698,714,ایثارگر-5%,روانشناسی,دانشگاه فردوسی - مشهد
1397,ریاضی,6707,488,منطقه 3,مهندسی کامپیوتر - بومی استان یزد,دانشگاه تربیت دبیر شهید رجایی_تهران
1397,ریاضی,6716,489,منطقه 3,حسابداری,دانشگاه بین المللی امام خمینی(ره) - قزوین
1397,ریاضی,6716,489,منطقه 3,مهندسی هوا فضا,دانشگاه صنعتی خواجه نصیرالدین طوسی - تهران
1397,ریاضی,6731,721,ایثارگر-5%,مهندسی کامپیوتر,دانشگاه فردوسی - مشهد
1397,ریاضی,6742,492,منطقه 3,مهندسی برق,دانشگاه صنعتی خواجه نصیرالدین طوسی - تهران
1397,ریاضی,6763,495,منطقه 3,فیزیک مهندسی,دانشگاه تهران
1397,ریاضی,6790,499,منطقه 3,آموزش فیزیک - بومی خوزستان,پردیس شهید باهنر - شیراز
1397,ریاضی,6797,500,منطقه 3,مهندسی صنایع,دانشگاه صنعتی اصفهان
1397,ریاضی,6822,503,منطقه 3,معماری داخلی,دانشگاه هنر تهران
1397,ریاضی,6840,506,منطقه 3,مهندسی برق,دانشگاه شیراز
1397,ریاضی,6840,506,منطقه 3,مهندسی مکانیک,دانشگاه شیراز
1397,ریاضی,6849,508,منطقه 3,مهندسی کامپیوتر - بومی خوزستان,دانشگاه تربیت دبیر شهید رجایی_تهران
1397,ریاضی,6866,509,منطقه 3,مهندسی مواد و متالورژی,دانشگاه صنعتی اصفهان
1397,ریاضی,6866,509,منطقه 3,مهندسی مکانیک,دانشگاه شیراز
1397,ریاضی,6891,512,منطقه 3,مهندسی عمران,دانشگاه فردوسی - مشهد
1397,ریاضی,6891,512,منطقه 3,مهندسی مواد و متالورژی,دانشگاه صنعتی شریف - تهران
1397,ریاضی,6930,515,منطقه 3,مهندسی کامپیوتر,دانشگاه سمنان
1397,ریاضی,6930,515,منطقه 3,مهندسی کامپیوتر - بومی خوزستان,دانشگاه تربیت دبیر شهید رجایی_تهران
1397,ریاضی,6935,517,منطقه 3,مهندسی برق - بومی لرستان,دانشگاه تربیت دبیر شهید رجایی_تهران
1397,ریاضی,6940,518,منطقه 3,مهندسی نقشه برداری,دانشگاه تهران
1397,ریاضی,6957,520,منطقه 3,مهندسی کامپیوتر - بومی استان همدان,دانشگاه تربیت دبیر شهید رجایی_تهران
1397,ریاضی,6957,745,ایثارگر-5%,مهندسی کامپیوتر,دانشگاه شیراز
1397,ریاضی,6968,749,ایثارگر-5%,مهندسی مواد و متالورژی,دانشگاه صنعتی امیرکبیر - تهران
1397,ریاضی,7001,754,ایثارگر-5%,مهندسی برق,دانشگاه صنعتی اصفهان
1397,ریاضی,7009,756,ایثارگر-5%,آموزش فیزیک - بومی استان سمنان,پردیس شهید هاشمی نژاد - مشهد
1397,ریاضی,7064,529,منطقه 3,مهندسی برق - بومی خراسان جنوبی,دانشگاه تربیت دبیر شهید رجایی_تهران
1397,ریاضی,7095,531,منطقه 3,مهندسی کامپیوتر,دانشگاه الزهرا(س) - تهران
1397,ریاضی,7100,770,ایثارگر-5%,مهندسی شیمی,دانشگاه علم و صنعت ایران - تهران
1397,ریاضی,7112,534,منطقه 3,مهندسی کامپیوتر - بومی خراسان جنوبی,دانشگاه تربیت دبیر شهید رجایی_تهران
1397,ریاضی,7117,772,ایثارگر-5%,مهندسی صنایع,دانشگاه فردوسی - مشهد
1397,ریاضی,7123,536,منطقه 3,آموزش ریاضی - بومی گلستان,پردیس آیت الله خامنه ای - گرگان
1397,ریاضی,7161,539,منطقه 3,آموزش ابتدایی - بومی استان اصفهان,پردیس فاطمه الزهرا (س) - اصفهان
1397,ریاضی,7170,541,منطقه 3,مهندسی کامپیوتر,دانشگاه اصفهان
1397,ریاضی,7179,543,منطقه 3,مهندسی صنایع,دانشگاه تبریز
1397,ریاضی,7198,545,منطقه 3,مهندسی هوا فضا,دانشگاه صنعتی خواجه نصیرالدین طوسی - تهران
1397,ریاضی,7210,546,منطقه 3,مهندسی پلیمر,دانشگاه صنعتی امیرکبیر - تهران
1397,ریاضی,7210,778,ایثارگر-5%,مهندسی عمران,دانشگاه شهید بهشتی - تهران
1397,ریاضی,7223,779,ایثارگر-5%,مهندسی معماری,دانشگاه مازندران - بابلسر
1397,ریاضی,7231,781,ایثارگر-5%,آموزش ریاضی - بومی استان یزد,پردیس شهید پاک نژاد - یزد
1397,ریاضی,7256,550,منطقه 3,مهندسی کامپیوتر,دانشگاه شیراز
1397,ریاضی,7264,783,ایثارگر-5%,مهندسی انرژی,دانشگاه شهید بهشتی - تهران
1397,ریاضی,7293,785,ایثارگر-5%,ریاضیات و کاربردها,دانشگاه هرمزگان - بندرعباس
1397,ریاضی,7293,785,ایثارگر-5%,مهندسی کامپیوتر,دانشگاه اصفهان
1397,ریاضی,7302,553,منطقه 3,مهندسی مکانیک,دانشگاه شیراز
1397,ریاضی,7309,787,ایثارگر-5%,مهندسی کامپیوتر,دانشگاه اصفهان
1397,ریاضی,7316,555,منطقه 3,دکترای پیوسته فیزیک,مرکز تحصیلات تکمیلی در علوم پایه زنجان
1397,ریاضی,7321,556,منطقه 3,مهندسی انرژی,دانشگاه صنعتی امیرکبیر - تهران
1397,ریاضی,7329,558,منطقه 3,آموزش ریاضی - بومی البرز,پردیس شهید چمران - تهران
1397,ریاضی,7329,558,منطقه 3,فیزیک مهندسی,دانشگاه تهران
1397,ریاضی,7329,558,منطقه 3,مهندسی مکانیک,دانشگاه صنعتی خواجه نصیرالدین طوسی - تهران
1397,ریاضی,7329,790,ایثارگر-5%,مهندسی صنایع,دانشگاه الزهرا(س) - تهران
1397,ریاضی,7338,561,منطقه 3,مهندسی انرژی,دانشگاه صنعتی امیرکبیر - تهران
1397,ریاضی,7353,793,ایثارگر-5%,مهندسی برق,دانشگاه تبریز
1397,ریاضی,7363,565,منطقه 3,مهندسی نفت,دانشگاه صنعت نفت (محل تحصیل اهواز)
1397,ریاضی,7363,796,ایثارگر-5%,مهندسی عمران,دانشگاه شیراز
1397,ریاضی,7369,566,منطقه 3,مهندسی مکانیک - بومی هرمزگان,دانشگاه تربیت دبیر شهید رجایی_تهران
1397,ریاضی,7377,800,ایثارگر-5%,مهندسی پلیمر,دانشگاه صنعتی امیرکبیر - تهران
1397,ریاضی,7392,802,ایثارگر-5%,مهندسی برق,دانشگاه صنعتی اصفهان
1397,ریاضی,7399,567,منطقه 3,مهندسی مواد و متالورژی,دانشگاه صنعتی شریف - تهران
1397,ریاضی,7411,804,ایثارگر-5%,مهندسی مکانیک,دانشگاه صنعتی اصفهان
1397,ریاضی,7411,804,ایثارگر-5%,مهندسی مکانیک,دانشگاه فردوسی - مشهد
1397,ریاضی,7424,806,ایثارگر-5%,مهندسی هوا فضا,دانشگاه فردوسی - مشهد
1397,ریاضی,7432,807,ایثارگر-5%,علوم کامپیوتر,دانشگاه خوارزمی - تهران (محل تحصیل کرج)
1397,ریاضی,7457,572,منطقه 3,مهندسی مکانیک - بومی کردستان,دانشگاه تربیت دبیر شهید رجایی_تهران
1397,ریاضی,7464,574,منطقه 3,آموزش فیزیک - بومی استان بوشهر,پردیس شهید رجایی - شیراز
1397,ریاضی,7471,576,منطقه 3,مهندسی مواد و متالورژی,دانشگاه صنعتی شریف - تهران
1397,ریاضی,7471,576,منطقه 3,مهندسی هوا فضا,دانشگاه صنعتی خواجه نصیرالدین طوسی - تهران
1397,ریاضی,7477,812,ایثارگر-5%,مهندسی مکانیک,دانشگاه صنعتی اصفهان
1397,ریاضی,7483,814,ایثارگر-5%,مهندسی برق,دانشگاه صنعتی اصفهان
1397,ریاضی,7490,816,ایثارگر-5%,مهندسی کامپیوتر,دانشگاه الزهرا(س) - تهران
1397,ریاضی,7499,579,منطقه 3,فیزیک,دانشگاه صنعتی شریف - تهران
1397,ریاضی,7499,579,منطقه 3,مهندسی مکانیک,دانشگاه شیراز
1397,ریاضی,7499,818,ایثارگر-5%,آموزش ابتدایی - بومی خراسان رضوی,پردیس شهید بهشتی - مشهد
1397,ریاضی,7499,818,ایثارگر-5%,مهندسی کامپیوتر,دانشگاه شاهد - تهران
1397,ریاضی,7507,820,ایثارگر-5%,مهندسی مکانیک,دانشگاه صنعتی اصفهان
1397,ریاضی,7523,584,منطقه 3,مهندسی مواد و متالورژی - بومی خراسان جنوبی,دانشگاه تربیت دبیر شهید رجایی_تهران
1397,ریاضی,7532,587,منطقه 3,آموزش ریاضی - بومی استان یزد,پردیس شهید باهنر - شیراز
1397,ریاضی,7532,587,منطقه 3,علوم مهندسی,دانشگاه تهران
1397,ریاضی,7532,587,منطقه 3,مهندسی نفت,دانشگاه شیراز
1397,ریاضی,7532,822,ایثارگر-5%,مهندسی برق,دانشگاه شیراز
1397,ریاضی,7541,590,منطقه 3,مهندسی برق,دانشگاه شهید بهشتی - تهران
1397,ریاضی,7541,823,ایثارگر-5%,مهندسی عمران - بومی استان اصفهان,دانشگاه تربیت دبیر شهید رجایی_تهران
1397,ریاضی,7564,826,ایثارگر-5%,مهندسی مکانیک,دانشگاه فردوسی - مشهد
1397,ریاضی,7578,829,ایثارگر-5%,مهندسی کامپیوتر,دانشگاه اصفهان
1397,ریاضی,7617,597,منطقه 3,آموزش ریاضی - بومی خراسان شمالی,پردیس شهید بهشتی - مشهد
1397,ریاضی,7632,598,منطقه 3,مهندسی صنایع,دانشگاه فردوسی - مشهد
1397,ریاضی,7652,601,منطقه 3,مهندسی برق,دانشگاه شیراز
1397,ریاضی,7652,601,منطقه 3,مهندسی برق,دانشگاه فردوسی - مشهد
1397,ریاضی,7671,841,ایثارگر-5%,مهندسی برق - بومی استان یزد,دانشگاه تربیت دبیر شهید رجایی_تهران
1397,ریاضی,7686,605,منطقه 3,مهندسی دریا,دانشگاه صنعتی شریف - تهران
1397,ریاضی,7686,605,منطقه 3,مهندسی شیمی,دانشگاه صنعتی اصفهان
1397,ریاضی,7686,605,منطقه 3,مهندسی مواد و متالورژی,دانشگاه صنعتی شریف - تهران
1397,ریاضی,7716,608,منطقه 3,آموزش ریاضی - بومی آذربایجان شرقی,پردیس علامه امینی - تبریز
1397,ریاضی,7726,610,منطقه 3,مهندسی مکانیک,دانشگاه شیراز
1397,ریاضی,7805,615,منطقه 3,مهندسی برق - بومی کردستان,دانشگاه تربیت دبیر شهید رجایی_تهران
1397,ریاضی,7830,619,منطقه 3,آموزش ریاضی - بومی خراسان جنوبی,پردیس شهید بهشتی - مشهد
1397,ریاضی,7830,855,ایثارگر-5%,مهندسی مکانیک,دانشگاه صنعتی اصفهان
1397,ریاضی,7830,855,ایثارگر-5%,مهندسی هوا فضا,دانشگاه صنعتی خواجه نصیرالدین طوسی - تهران
1397,ریاضی,7840,620,منطقه 3,مهندسی شیمی,دانشگاه شیراز
1397,ریاضی,7849,622,منطقه 3,مهندسی عمران,دانشگاه صنعتی خواجه نصیرالدین طوسی - تهران
1397,ریاضی,7849,858,ایثارگر-5%,ریاضیات و کاربردها,دانشگاه تهران
1397,ریاضی,7858,623,منطقه 3,مهندسی پلیمر,دانشگاه صنعتی امیرکبیر - تهران
1397,ریاضی,7858,859,ایثارگر-5%,مهندسی مواد و متالورژی,دانشگاه صنعتی امیرکبیر - تهران
1397,ریاضی,7867,625,منطقه 3,مهندسی برق,دانشگاه تبریز
1397,ریاضی,7896,865,ایثارگر-5%,مهندسی برق,دانشگاه شهید بهشتی - تهران
1397,ریاضی,7930,629,منطقه 3,مهندسی مکانیک - بومی خوزستان,دانشگاه تربیت دبیر شهید رجایی_تهران
1397,ریاضی,7934,630,منطقه 3,مهندسی عمران - بومی کردستان,دانشگاه تربیت دبیر شهید رجایی_تهران
1397,ریاضی,7939,631,منطقه 3,مهندسی مکانیک,دانشگاه شهید بهشتی - تهران
1397,ریاضی,7948,632,منطقه 3,مدیریت بازرگانی,دانشگاه فردوسی - مشهد
1397,ریاضی,7971,875,ایثارگر-5%,مهندسی کامپیوتر,دانشگاه بین المللی امام خمینی(ره) - قزوین
1397,ریاضی,7981,876,ایثارگر-5%,مهندسی برق,دانشگاه شهید بهشتی - تهران
1397,ریاضی,8005,882,ایثارگر-5%,مهندسی برق,دانشگاه شهید بهشتی - تهران
1397,ریاضی,8010,639,منطقه 3,مهندسی برق,دانشگاه فردوسی - مشهد
1397,ریاضی,8010,639,منطقه 3,مهندسی مواد و متالورژی,دانشگاه تهران
1397,ریاضی,8025,642,منطقه 3,مهندسی برق - بومی استان همدان,دانشگاه تربیت دبیر شهید رجایی_تهران
1397,ریاضی,8037,643,منطقه 3,مهندسی مکانیک,دانشگاه صنعتی اصفهان
1397,ریاضی,8044,886,ایثارگر-5%,علوم کامپیوتر,دانشگاه خوارزمی - تهران (محل تحصیل کرج)
1397,ریاضی,8044,886,ایثارگر-5%,مهندسی معماری,دانشگاه مازندران - بابلسر
1397,ریاضی,8050,888,ایثارگر-5%,مهندسی برق,دانشگاه شهید بهشتی - تهران
1397,ریاضی,8054,889,ایثارگر-5%,مهندسی مکانیک,دانشگاه فردوسی - مشهد
1397,ریاضی,8078,646,منطقه 3,آموزش فیزیک - بومی فارس,پردیس شهید باهنر - شیراز
1397,ریاضی,8078,646,منطقه 3,مهندسی مواد و متالورژی,دانشگاه علم و صنعت ایران - تهران
1397,ریاضی,8085,648,منطقه 3,مهندسی برق,دانشگاه شهید بهشتی - تهران
1397,ریاضی,8085,648,منطقه 3,مهندسی مواد و متالورژی,دانشگاه تهران
1397,ریاضی,8090,650,منطقه 3,مهندسی کامپیوتر,دانشگاه صنعتی امیرکبیر - تهران - پردیس خودگردان
1397,ریاضی,8111,894,ایثارگر-5%,مهندسی کامپیوتر,دانشگاه تهران (محل تحصیل فومن گیلان)
1397,ریاضی,8143,652,منطقه 3,آموزش ریاضی - بومی خراسان جنوبی,پردیس شهید بهشتی - مشهد
1397,ریاضی,8143,652,منطقه 3,مهندسی مکانیک,دانشگاه شهید باهنر - کرمان
1397,ریاضی,8159,896,ایثارگر-5%,مهندسی عمران,دانشگاه صنعتی اصفهان
1397,ریاضی,8210,660,منطقه 3,مهندسی کامپیوتر - بومی گلستان,دانشگاه تربیت دبیر شهید رجایی_تهران
1397,ریاضی,8224,902,ایثارگر-5%,آموزش ریاضی - بومی گلستان,پردیس آیت الله خامنه ای - گرگان
1397,ریاضی,8244,661,منطقه 3,مهندسی صنایع,دانشگاه بوعلی سینا - همدان
1397,ریاضی,8253,662,منطقه 3,مهندسی شیمی,دانشگاه صنعتی اصفهان
1397,ریاضی,8274,663,منطقه 3,مهندسی مکانیک,دانشگاه شهید مدنی آذربایجان - تبریز
1397,ریاضی,8280,664,منطقه 3,مهندسی عمران,دانشگاه شهید بهشتی - تهران
1397,ریاضی,8280,664,منطقه 3,مهندسی هوا فضا,دانشگاه صنعتی خواجه نصیرالدین طوسی - تهران
1397,ریاضی,8287,666,منطقه 3,مهندسی مواد و متالورژی,دانشگاه صنعتی شریف - تهران
1397,ریاضی,8296,668,منطقه 3,مهندسی عمران,دانشگاه صنعتی خواجه نصیرالدین طوسی - تهران
1397,ریاضی,8296,668,منطقه 3,مهندسی هوا فضا,دانشگاه صنعتی خواجه نصیرالدین طوسی - تهران
1397,ریاضی,8296,907,ایثارگر-5%,مهندسی معماری,دانشگاه هنر اصفهان
1397,ریاضی,8303,908,ایثارگر-5%,مهندسی کامپیوتر,دانشگاه صنعتی امیرکبیر - تهران - پردیس خودگردان
1397,ریاضی,8319,670,منطقه 3,مهندسی کامپیوتر,دانشگاه شیراز
1397,ریاضی,8328,672,منطقه 3,مهندسی صنایع,دانشگاه الزهرا(س) - تهران
1397,ریاضی,8351,675,منطقه 3,مهندسی انرژی,دانشگاه شهید بهشتی - تهران
1397,ریاضی,8351,675,منطقه 3,مهندسی کامپیوتر - بومی استان کرمانشاه,دانشگاه تربیت دبیر شهید رجایی_تهران
1397,ریاضی,8362,914,ایثارگر-5%,مهندسی عمران - بومی استان همدان,دانشگاه تربیت دبیر شهید رجایی_تهران
1397,ریاضی,8376,677,منطقه 3,مهندسی مواد و متالورژی,دانشگاه صنعتی امیرکبیر - تهران
1397,ریاضی,8376,917,ایثارگر-5%,مهندسی برق,دانشگاه شهید بهشتی - تهران
1397,ریاضی,8385,679,منطقه 3,مهندسی برق,دانشگاه صنعتی نوشیروانی بابل
1397,ریاضی,8408,682,منطقه 3,مهندسی مواد و متالورژی,دانشگاه تهران
1397,ریاضی,8418,920,ایثارگر-5%,مهندسی عمران,دانشگاه فردوسی - مشهد
1397,ریاضی,8426,922,ایثارگر-5%,مهندسی برق - بومی خراسان شمالی,دانشگاه تربیت دبیر شهید رجایی_تهران
1397,ریاضی,8434,924,ایثارگر-5%,مهندسی کامپیوتر,دانشگاه شاهد - تهران
1397,ریاضی,8476,688,منطقه 3,مهندسی مکانیک,دانشگاه بین المللی امام خمینی(ره) - قزوین
1397,ریاضی,8524,933,ایثارگر-5%,مهندسی مکانیک,دانشگاه خوارزمی - تهران (محل تحصیل کرج)
1397,ریاضی,8524,933,ایثارگر-5%,مهندسی کامپیوتر - بومی کهگیلویه وبویراحمد,دانشگاه تربیت دبیر شهید رجایی_تهران
1397,ریاضی,8534,697,منطقه 3,مهندسی مکانیک,دانشگاه فردوسی - مشهد
1397,ریاضی,8534,697,منطقه 3,مهندسی کامپیوتر - بومی استان کرمان,دانشگاه تربیت دبیر شهید رجایی_تهران
1397,ریاضی,8568,938,ایثارگر-5%,مهندسی برق,دانشگاه شهید بهشتی - تهران
1397,ریاضی,8578,704,منطقه 3,مهندسی مکانیک,دانشگاه شیراز
1397,ریاضی,8590,705,منطقه 3,مهندسی برق,دانشگاه یزد
1397,ریاضی,8615,942,ایثارگر-5%,مهندسی برق,دانشگاه صدا و سیمای جمهوری اسلامی ایران
1397,ریاضی,8622,708,منطقه 3,مهندسی مکانیک,دانشگاه تبریز
1397,ریاضی,8657,712,منطقه 3,فیزیک,دانشگاه تهران
1397,ریاضی,8657,944,ایثارگر-5%,مهندسی مواد و متالورژی,دانشگاه صنعتی خواجه نصیرالدین طوسی - تهران
1397,ریاضی,8664,713,منطقه 3,آموزش ابتدایی - بومی آذربایجان شرقی,پردیس علامه امینی - تبریز
1397,ریاضی,8682,714,منطقه 3,مهندسی انرژی,دانشگاه شهید بهشتی - تهران
1397,ریاضی,8718,718,منطقه 3,فیزیک مهندسی,دانشگاه تهران
1397,ریاضی,8718,718,منطقه 3,مهندسی کامپیوتر - بومی گلستان,دانشگاه تربیت دبیر شهید رجایی_تهران
1397,ریاضی,8737,721,منطقه 3,مهندسی پزشکی,دانشگاه اصفهان
1397,ریاضی,8777,724,منطقه 3,مهندسی عمران,دانشگاه فردوسی - مشهد
1397,ریاضی,8793,727,منطقه 3,مهندسی مواد و متالورژی,دانشگاه تهران
1397,ریاضی,8793,727,منطقه 3,مهندسی کامپیوتر,دانشگاه گیلان - رشت
1397,ریاضی,8803,730,منطقه 3,مهندسی عمران - بومی استان یزد,دانشگاه تربیت دبیر شهید رجایی_تهران
1397,ریاضی,8810,958,ایثارگر-5%,مهندسی برق,دانشگاه الزهرا(س) - تهران
1397,ریاضی,8823,733,منطقه 3,مهندسی مواد و متالورژی,دانشگاه صنعتی خواجه نصیرالدین طوسی - تهران
1397,ریاضی,8831,734,منطقه 3,آموزش فیزیک - بومی خراسان رضوی,پردیس شهید بهشتی - مشهد
1397,ریاضی,8845,736,منطقه 3,علوم مهندسی,دانشگاه تهران
1397,ریاضی,8855,738,منطقه 3,مهندسی مواد و متالورژی,دانشگاه علم و صنعت ایران - تهران
1397,ریاضی,8855,962,ایثارگر-5%,مهندسی عمران,دانشگاه صنعتی اصفهان
1397,ریاضی,8866,964,ایثارگر-5%,مهندسی عمران,دانشگاه خوارزمی - تهران (محل تحصیل کرج)
1397,ریاضی,8875,740,منطقه 3,علوم کامپیوتر,دانشگاه خوارزمی - تهران (محل تحصیل کرج)
1397,ریاضی,8888,743,منطقه 3,مهندسی نفت,دانشگاه شیراز
1397,ریاضی,8905,746,منطقه 3,مهندسی برق - بومی استان کرمان,دانشگاه تربیت دبیر شهید رجایی_تهران
1397,ریاضی,8905,746,منطقه 3,مهندسی مواد و متالورژی,دانشگاه صنعتی اصفهان
1397,ریاضی,8931,971,ایثارگر-5%,آموزش ریاضی - بومی استان اردبیل,پردیس علامه امینی - تبریز
1397,ریاضی,8946,751,منطقه 3,آموزش ریاضی - بومی گلستان,پردیس آیت الله خامنه ای - گرگان
1397,ریاضی,8946,751,منطقه 3,مهندسی کامپیوتر - بومی آذربایجان غربی,دانشگاه تربیت دبیر شهید رجایی_تهران
1397,ریاضی,8960,974,ایثارگر-5%,مهندسی هوا فضا,دانشگاه فردوسی - مشهد
1397,ریاضی,8979,753,منطقه 3,علوم و مهندسی آب,دانشگاه صنعتی اصفهان
1397,ریاضی,8989,754,منطقه 3,مهندسی عمران,دانشگاه صنعتی خواجه نصیرالدین طوسی - تهران
1397,ریاضی,9006,757,منطقه 3,فیزیک,دانشگاه صنعتی اصفهان
1397,ریاضی,9006,757,منطقه 3,مهندسی عمران - بومی خوزستان,دانشگاه تربیت دبیر شهید رجایی_تهران
1397,ریاضی,9006,757,منطقه 3,مهندسی کامپیوتر,دانشگاه بین المللی امام خمینی(ره) - قزوین
1397,ریاضی,9018,980,ایثارگر-5%,آموزش فیزیک - بومی گلستان,پردیس شهید هاشمی نژاد - مشهد
1397,ریاضی,9035,760,منطقه 3,آموزش ریاضی - بومی استان بوشهر,پردیس شهید باهنر - شیراز
1397,ریاضی,9066,764,منطقه 3,مهندسی عمران,دانشگاه شهید بهشتی - تهران
1397,ریاضی,9075,766,منطقه 3,مهندسی برق - بومی گیلان,دانشگاه تربیت دبیر شهید رجایی_تهران
1397,ریاضی,9075,987,ایثارگر-5%,مهندسی برق,دانشگاه صنعتی اصفهان
1397,ریاضی,9083,770,منطقه 3,آموزش ریاضی - بومی استان تهران,پردیس نسیبه - تهران
1397,ریاضی,9083,770,منطقه 3,مهندسی برق,دانشگاه شیراز
1397,ریاضی,9083,770,منطقه 3,مهندسی نقشه برداری,دانشگاه صنعتی خواجه نصیرالدین طوسی - تهران
1397,ریاضی,9099,774,منطقه 3,مهندسی برق - بومی هرمزگان,دانشگاه تربیت دبیر شهید رجایی_تهران
1397,ریاضی,9108,777,منطقه 3,علوم مهندسی,دانشگاه تهران
1397,ریاضی,9108,777,منطقه 3,مهندسی برق,دانشگاه فردوسی - مشهد
1397,ریاضی,9168,993,ایثارگر-5%,مهندسی کامپیوتر,دانشگاه صنعتی نوشیروانی بابل
1397,ریاضی,9183,785,منطقه 3,آموزش ریاضی - بومی خوزستان,پردیس حضرت رسول اکرم - اهواز
1397,ریاضی,9183,785,منطقه 3,ریاضیات و کاربردها,دانشگاه صنعتی امیرکبیر - تهران
1397,ریاضی,9209,789,منطقه 3,آموزش ریاضی - بومی آذربایجان شرقی,پردیس فاطمه الزهرا (س) - تبریز
1397,ریاضی,9219,790,منطقه 3,مهندسی مکانیک,دانشگاه گیلان - رشت
1397,ریاضی,9227,997,ایثارگر-5%,مهندسی مکانیک,دانشگاه شیراز
1397,ریاضی,9244,1000,ایثارگر-5%,مهندسی برق,دانشگاه اصفهان
1397,ریاضی,9274,795,منطقه 3,مهندسی نفت,دانشگاه صنعت نفت (محل تحصیل اهواز)
1397,ریاضی,9310,799,منطقه 3,مهندسی عمران,دانشگاه شیراز
1397,ریاضی,9324,801,منطقه 3,مهندسی مواد و متالورژی,دانشگاه صنعتی امیرکبیر - تهران
1397,ریاضی,9336,803,منطقه 3,مهندسی مکانیک,دانشگاه فردوسی - مشهد
1397,ریاضی,9371,807,منطقه 3,مهندسی مواد و متالورژی - بومی لرستان,دانشگاه تربیت دبیر شهید رجایی_تهران
1397,ریاضی,9381,811,منطقه 3,آموزش ریاضی - بومی خوزستان,پردیس فاطمه الزهرا (س) - اهواز
1397,ریاضی,9394,813,منطقه 3,مهندسی کامپیوتر,دانشگاه شیراز
1397,ریاضی,9420,817,منطقه 3,مهندسی مواد و متالورژی,دانشگاه صنعتی امیرکبیر - تهران
1397,ریاضی,9499,830,منطقه 3,روانشناسی,دانشگاه بین المللی امام خمینی(ره) - قزوین
1397,ریاضی,9514,831,منطقه 3,مهندسی معماری,دانشگاه تبریز
1397,ریاضی,9530,833,منطقه 3,مهندسی مکانیک,دانشگاه فردوسی - مشهد
1397,ریاضی,9564,836,منطقه 3,مهندسی کامپیوتر,دانشگاه شیراز
1397,ریاضی,9604,839,منطقه 3,مهندسی برق,دانشگاه شیراز
1397,ریاضی,9604,839,منطقه 3,مهندسی کامپیوتر,دانشگاه تهران (محل تحصیل فومن گیلان)
1397,ریاضی,9646,845,منطقه 3,فیزیک,دانشگاه تهران
1397,ریاضی,9690,849,منطقه 3,آموزش ریاضی - بومی استان بوشهر,پردیس شهید باهنر - شیراز
1397,ریاضی,9690,849,منطقه 3,مهندسی عمران,دانشگاه صنعتی اصفهان
1397,ریاضی,9710,853,منطقه 3,مهندسی مکانیک - بومی استان اصفهان,دانشگاه تربیت دبیر شهید رجایی_تهران
1397,ریاضی,9710,853,منطقه 3,مهندسی کامپیوتر - بومی آذربایجان غربی,دانشگاه تربیت دبیر شهید رجایی_تهران
1397,ریاضی,9735,855,منطقه 3,آموزش ابتدایی - بومی استان اردبیل,پردیس علامه طباطبایی - اردبیل
1397,ریاضی,9753,856,منطقه 3,مهندسی مکانیک,دانشگاه صنعتی نوشیروانی بابل
1397,ریاضی,9816,860,منطقه 3,مهندسی مکانیک - بومی مرکزی,دانشگاه تربیت دبیر شهید رجایی_تهران
1397,ریاضی,9829,861,منطقه 3,مهندسی عمران - بومی استان کرمانشاه,دانشگاه تربیت دبیر شهید رجایی_تهران
1397,ریاضی,9846,864,منطقه 3,مهندسی برق - بومی سیستان وبلوچستان,دانشگاه تربیت دبیر شهید رجایی_تهران
1397,ریاضی,9856,867,منطقه 3,مهندسی مواد و متالورژی,دانشگاه علم و صنعت ایران - تهران
1397,ریاضی,9856,867,منطقه 3,مهندسی نفت,دانشگاه صنعتی اصفهان
1397,ریاضی,9877,870,منطقه 3,مهندسی برق,دانشگاه صنعتی سهند - تبریز
1397,ریاضی,9919,874,منطقه 3,مهندسی مکانیک,دانشگاه صنعتی سهند - تبریز
1397,ریاضی,9933,877,منطقه 3,مهندسی مکانیک,دانشگاه تبریز
1397,ریاضی,9944,879,منطقه 3,مهندسی مواد و متالورژی,دانشگاه صنعتی خواجه نصیرالدین طوسی - تهران
1397,ریاضی,9972,884,منطقه 3,آموزش ریاضی - بومی استان اصفهان,پردیس شهید باهنر - اصفهان
1397,ریاضی,9990,887,منطقه 3,مهندسی برق,دانشگاه بین المللی امام خمینی(ره) - قزوین
1397,ریاضی,10025,891,منطقه 3,مهندسی خط و سازه های ریلی,دانشگاه علم و صنعت ایران - تهران
1397,ریاضی,10035,894,منطقه 3,آموزش فیزیک - بومی استان کرمان,پردیس شهید هاشمی نژاد - مشهد
1397,ریاضی,10079,898,منطقه 3,مهندسی مواد و متالورژی,دانشگاه علم و صنعت ایران - تهران
1397,ریاضی,10098,901,منطقه 3,علوم کامپیوتر,دانشگاه خوارزمی - تهران (محل تحصیل کرج)
1397,ریاضی,10165,910,منطقه 3,مهندسی برق - بومی آذربایجان غربی,دانشگاه تربیت دبیر شهید رجایی_تهران
1397,ریاضی,10197,911,منطقه 3,آموزش فیزیک - بومی آذربایجان شرقی,پردیس علامه امینی - تبریز
1397,ریاضی,10306,921,منطقه 3,مهندسی کامپیوتر,دانشگاه ارومیه
1397,ریاضی,10326,922,منطقه 3,مهندسی مواد و متالورژی,دانشگاه علم و صنعت ایران - تهران
1397,ریاضی,10326,922,منطقه 3,مهندسی پزشکی,دانشگاه اصفهان
1397,ریاضی,10334,924,منطقه 3,مهندسی عمران,دانشگاه بین المللی امام خمینی(ره) - قزوین
1397,ریاضی,10334,924,منطقه 3,مهندسی کامپیوتر,دانشگاه شهید باهنر - کرمان
1397,ریاضی,10375,927,منطقه 3,معماری داخلی,دانشگاه هنر تهران
1397,ریاضی,10383,929,منطقه 3,مهندسی نفت,دانشگاه فردوسی - مشهد
1397,ریاضی,10391,932,منطقه 3,مهندسی نساجی,دانشگاه صنعتی امیرکبیر - تهران
1397,ریاضی,10433,938,منطقه 3,مهندسی برق,دانشگاه فردوسی - مشهد
1397,ریاضی,10440,939,منطقه 3,آموزش فیزیک - بومی خوزستان,پردیس شهید رجایی - شیراز
1397,ریاضی,10444,940,منطقه 3,مهندسی معماری - بومی استان همدان,دانشگاه تربیت دبیر شهید رجایی_تهران
1397,ریاضی,10456,941,منطقه 3,مهندسی برق,دانشگاه شیراز
1397,ریاضی,10464,943,منطقه 3,مهندسی نقشه برداری,دانشگاه تهران
1397,ریاضی,10474,945,منطقه 3,مهندسی کامپیوتر,دانشگاه سمنان
1397,ریاضی,10529,950,منطقه 3,مهندسی کامپیوتر,دانشگاه شهرکرد
1397,ریاضی,10541,952,منطقه 3,مهندسی کامپیوتر,دانشگاه زنجان
1397,ریاضی,10553,954,منطقه 3,مهندسی مواد و متالورژی,دانشگاه علم و صنعت ایران - تهران
1397,ریاضی,10590,957,منطقه 3,مهندسی مکانیک,دانشگاه صنعتی سهند - تبریز
1397,ریاضی,10621,961,منطقه 3,آموزش ابتدایی - بومی خراسان جنوبی,پردیس شهید باهنر - بیرجند
1397,ریاضی,10621,961,منطقه 3,مهندسی شیمی,دانشگاه فردوسی - مشهد
1397,ریاضی,10647,965,منطقه 3,آموزش ابتدایی - بومی استان کرمان,پردیس شهید باهنر - کرمان
1397,ریاضی,10655,966,منطقه 3,آموزش ابتدایی - بومی کردستان,پردیس بنت الهدی صدر - سنندج
1397,ریاضی,10676,967,منطقه 3,مهندسی مکانیک - بومی استان کرمان,دانشگاه تربیت دبیر شهید رجایی_تهران
1397,ریاضی,10687,968,منطقه 3,مهندسی عمران,دانشگاه تبریز
1397,ریاضی,10687,968,منطقه 3,مهندسی عمران - بومی گلستان,دانشگاه تربیت دبیر شهید رجایی_تهران
1397,ریاضی,10698,971,منطقه 3,علوم کامپیوتر,دانشگاه خوارزمی - تهران (محل تحصیل کرج)
1397,ریاضی,10708,974,منطقه 3,مهندسی کامپیوتر - بومی آذربایجان غربی,دانشگاه تربیت دبیر شهید رجایی_تهران
1397,ریاضی,10737,976,منطقه 3,مهندسی برق,دانشگاه صنعتی سهند - تبریز
1397,ریاضی,10751,978,منطقه 3,فیزیک,دانشگاه شهید بهشتی - تهران
1397,ریاضی,10761,981,منطقه 3,مهندسی مواد و متالورژی - بومی استان اصفهان,دانشگاه تربیت دبیر شهید رجایی_تهران
1397,ریاضی,10776,984,منطقه 3,آموزش ریاضی - بومی استان زنجان,پردیس علامه امینی - تبریز
1397,ریاضی,10776,984,منطقه 3,مهندسی برق,دانشگاه اصفهان
1397,ریاضی,10776,984,منطقه 3,مهندسی نفت,دانشگاه صنعت نفت
1397,ریاضی,10796,987,منطقه 3,آموزش ریاضی - بومی خراسان رضوی,پردیس شهید بهشتی - مشهد
1397,ریاضی,10848,992,منطقه 3,آموزش فیزیک - بومی خوزستان,پردیس شهید باهنر - شیراز
1397,ریاضی,10848,992,منطقه 3,مهندسی عمران - بومی استان کرمان,دانشگاه تربیت دبیر شهید رجایی_تهران
1397,ریاضی,10848,992,منطقه 3,مهندسی کامپیوتر,دانشگاه مازندران - بابلسر
1397,ریاضی,10893,997,منطقه 3,مهندسی نفت,دانشگاه صنعت نفت
1397,ریاضی,10909,998,منطقه 3,مهندسی عمران - بومی آذربایجان غربی,دانشگاه تربیت دبیر شهید رجایی_تهران
1397,ریاضی,10928,999,منطقه 3,علوم کامپیوتر,دانشگاه الزهرا(س) - تهران
1397,ریاضی,10928,999,منطقه 3,مهندسی برق,دانشگاه فردوسی - مشهد
1397,انسانی,2,2,منطقه 1,حقوق,دانشگاه شهید بهشتی - تهران
1397,انسانی,4,1,منطقه 2,حقوق,دانشگاه تهران
1397,انسانی,10,2,منطقه 2,حقوق,دانشگاه تهران
1397,انسانی,11,8,منطقه 1,روانشناسی,دانشگاه تهران
1397,انسانی,17,3,منطقه 2,حقوق,دانشگاه تهران
1397,انسانی,19,15,منطقه 1,حقوق,دانشگاه تهران
1397,انسانی,20,16,منطقه 1,حقوق,دانشگاه تهران
1397,انسانی,28,3,منطقه 3,حقوق,دانشگاه تهران
1397,انسانی,31,4,منطقه 3,آموزش زبان و ادبیات فارسی - بومی استان اصفهان,پردیس فاطمه الزهرا (س) - اصفهان
1397,انسانی,32,5,منطقه 2,روانشناسی,دانشگاه تهران
1397,انسانی,33,5,منطقه 3,کارشناسی ارشد پیوسته علوم قضایی,دانشگاه علوم قضایی و خدمات ادارای دادگستری
1397,انسانی,34,6,منطقه 2,روانشناسی,دانشگاه تهران
1397,انسانی,37,7,منطقه 2,حقوق,دانشگاه تهران
1397,انسانی,39,1,ایثارگر-5%,مدیریت مالی,دانشگاه تهران
1397,انسانی,43,7,منطقه 3,حقوق,دانشگاه تهران
1397,انسانی,45,2,ایثارگر-5%,کارشناسی ارشد پیوسته علوم قضایی,دانشگاه علوم قضایی و خدمات ادارای دادگستری
1397,انسانی,47,12,منطقه 2,اقتصاد,دانشگاه تهران
1397,انسانی,53,8,منطقه 3,حقوق,دانشگاه تهران
1397,انسانی,55,33,منطقه 1,حقوق,دانشگاه تهران
1397,انسانی,56,15,منطقه 2,حقوق,دانشگاه شهید بهشتی - تهران
1397,انسانی,56,15,منطقه 2,کارشناسی ارشد پیوسته علوم قضایی,دانشگاه علوم قضایی و خدمات ادارای دادگستری
1397,انسانی,58,34,منطقه 1,روانشناسی,دانشگاه شهید بهشتی - تهران
1397,انسانی,61,19,منطقه 2,کارشناسی ارشد پیوسته علوم قضایی,دانشگاه علوم قضایی و خدمات ادارای دادگستری
1397,انسانی,69,21,منطقه 2,حقوق,دانشگاه فردوسی - مشهد
1397,انسانی,74,45,منطقه 1,روانشناسی,دانشگاه فردوسی - مشهد
1397,انسانی,78,48,منطقه 1,حقوق,دانشگاه تهران
1397,انسانی,83,25,منطقه 2,حقوق,دانشگاه تهران
1397,انسانی,85,9,منطقه 3,روانشناسی,دانشگاه تهران
1397,انسانی,87,53,منطقه 1,روانشناسی,دانشگاه تهران
1397,انسانی,89,26,منطقه 2,حقوق,دانشگاه تهران
1397,انسانی,90,5,ایثارگر-5%,کارشناسی ارشد پیوسته علوم قضایی,دانشگاه علوم قضایی و خدمات ادارای دادگستری
1397,انسانی,94,56,منطقه 1,علوم قضایی,دانشگاه علوم قضایی و خدمات ادارای دادگستری
1397,انسانی,97,59,منطقه 1,حقوق,دانشگاه شهید بهشتی - تهران
1397,انسانی,101,63,منطقه 1,مدیریت بازرگانی,دانشگاه اصفهان
1397,انسانی,103,64,منطقه 1,حقوق,دانشگاه شهید بهشتی - تهران
1397,انسانی,104,30,منطقه 2,کارشناسی ارشد پیوسته علوم قضایی,دانشگاه علوم قضایی و خدمات ادارای دادگستری
1397,انسانی,105,31,منطقه 2,حقوق,دانشگاه تهران
1397,انسانی,106,32,منطقه 2,آموزش راهنمایی ومشاوره - بومی استان یزد,پردیس فاطمه الزهرا (س) - یزد
1397,انسانی,107,6,ایثارگر-5%,حقوق,دانشگاه شهید بهشتی - تهران
1397,انسانی,108,11,منطقه 3,حقوق,دانشگاه تهران
1397,انسانی,112,12,منطقه 3,آموزش راهنمایی ومشاوره - بومی استان زنجان,پردیس بنت الهدی صدر-قزوین
1397,انسانی,114,35,منطقه 2,اقتصاد,دانشگاه تهران
1397,انسانی,115,36,منطقه 2,کارشناسی ارشد پیوسته علوم قضایی,دانشگاه علوم قضایی و خدمات ادارای دادگستری
1397,انسانی,118,68,منطقه 1,حقوق,دانشگاه شهید بهشتی - تهران
1397,انسانی,121,39,منطقه 2,علوم قضایی,دانشگاه علوم قضایی و خدمات ادارای دادگستری
1397,انسانی,123,14,منطقه 3,آموزش زبان و ادبیات فارسی - بومی گلستان,پردیس فاطمه الزهرا(س) ساری
1397,انسانی,125,40,منطقه 2,حقوق,دانشگاه شهید بهشتی - تهران
1397,انسانی,128,41,منطقه 2,حقوق,دانشگاه شهید بهشتی - تهران
1397,انسانی,132,42,منطقه 2,روانشناسی,دانشگاه شهید بهشتی - تهران
1397,انسانی,136,15,منطقه 3,حقوق,دانشگاه شهید بهشتی - تهران
1397,انسانی,137,44,منطقه 2,حقوق,دانشگاه شهید بهشتی - تهران
1397,انسانی,138,45,منطقه 2,کارشناسی ارشد پیوسته علوم قضایی,دانشگاه علوم قضایی و خدمات ادارای دادگستری
1397,انسانی,140,80,منطقه 1,روانشناسی,دانشگاه شهید بهشتی - تهران
1397,انسانی,152,47,منطقه 2,کارشناسی ارشد پیوسته علوم قضایی,دانشگاه علوم قضایی و خدمات ادارای دادگستری
1397,انسانی,153,16,منطقه 3,کارشناسی ارشد پیوسته علوم قضایی,دانشگاه علوم قضایی و خدمات ادارای دادگستری
1397,انسانی,155,17,منطقه 3,آموزش زبان و ادبیات فارسی - بومی کردستان,پردیس شهید باهنر - همدان
1397,انسانی,156,91,منطقه 1,روانشناسی,دانشگاه شهید بهشتی - تهران
1397,انسانی,157,92,منطقه 1,آموزش راهنمایی ومشاوره - بومی خراسان رضوی,پردیس امام جعفر صادق - بجنورد
1397,انسانی,160,94,منطقه 1,حقوق,دانشگاه شهید بهشتی - تهران
1397,انسانی,163,50,منطقه 2,حقوق,دانشگاه شهید بهشتی - تهران
1397,انسانی,164,18,منطقه 3,حقوق,دانشگاه شهید بهشتی - تهران
1397,انسانی,165,51,منطقه 2,حقوق,دانشگاه تهران
1397,انسانی,165,97,منطقه 1,حقوق,دانشگاه فردوسی - مشهد
1397,انسانی,167,98,منطقه 1,حقوق,دانشگاه شهید بهشتی - تهران
1397,انسانی,169,19,منطقه 3,حقوق,دانشگاه تهران
1397,انسانی,173,20,منطقه 3,آموزش زبان و ادبیات فارسی - بومی مازندران,پردیس فاطمه الزهرا(س) ساری
1397,انسانی,176,53,منطقه 2,حقوق,دانشگاه شهید بهشتی - تهران
1397,انسانی,179,55,منطقه 2,آموزش راهنمایی ومشاوره - بومی استان یزد,پردیس شهید پاک نژاد - یزد
1397,انسانی,183,22,منطقه 3,حقوق,دانشگاه شهید بهشتی - تهران
1397,انسانی,184,57,منطقه 2,حقوق,دانشگاه شهید بهشتی - تهران
1397,انسانی,185,23,منطقه 3,کارشناسی ارشد پیوسته علوم قضایی,دانشگاه علوم قضایی و خدمات ادارای دادگستری
1397,انسانی,186,58,منطقه 2,کارشناسی ارشد پیوسته علوم قضایی,دانشگاه علوم قضایی و خدمات ادارای دادگستری
1397,انسانی,187,24,منطقه 3,کارشناسی ارشد پیوسته علوم قضایی,دانشگاه علوم قضایی و خدمات ادارای دادگستری
1397,انسانی,188,59,منطقه 2,روانشناسی,دانشگاه شهید بهشتی - تهران
1397,انسانی,189,106,منطقه 1,حقوق,دانشگاه شهید بهشتی - تهران
1397,انسانی,192,60,منطقه 2,حقوق,دانشگاه تهران
1397,انسانی,193,10,ایثارگر-5%,کارشناسی ارشد پیوسته علوم قضایی,دانشگاه علوم قضایی و خدمات ادارای دادگستری
1397,انسانی,195,62,منطقه 2,آموزش راهنمایی ومشاوره - بومی استان یزد,پردیس فاطمه الزهرا (س) - یزد
1397,انسانی,199,110,منطقه 1,حقوق,دانشگاه اصفهان
1397,انسانی,200,111,منطقه 1,حقوق,دانشگاه شهید بهشتی - تهران
1397,انسانی,204,114,منطقه 1,حقوق,دانشگاه پیام نور تهران - تهران جنوب
1397,انسانی,207,11,ایثارگر-5%,آموزش ابتدایی - بومی خراسان رضوی,پردیس شهید بهشتی - مشهد
1397,انسانی,211,120,منطقه 1,حقوق,دانشگاه شهید بهشتی - تهران
1397,انسانی,213,66,منطقه 2,کارشناسی ارشد پیوسته علوم قضایی,دانشگاه علوم قضایی و خدمات ادارای دادگستری
1397,انسانی,215,68,منطقه 2,حقوق,دانشگاه تهران
1397,انسانی,217,69,منطقه 2,حقوق,دانشگاه تهران
1397,انسانی,219,70,منطقه 2,آموزش راهنمایی ومشاوره - بومی استان یزد,پردیس فاطمه الزهرا (س) - یزد
1397,انسانی,220,71,منطقه 2,آموزش راهنمایی ومشاوره - بومی استان یزد,پردیس فاطمه الزهرا (س) - یزد
1397,انسانی,222,13,ایثارگر-5%,آموزش راهنمایی ومشاوره - بومی خراسان رضوی,پردیس شهید بهشتی - مشهد
1397,انسانی,225,28,منطقه 3,کارشناسی ارشد پیوسته علوم قضایی,دانشگاه علوم قضایی و خدمات ادارای دادگستری
1397,انسانی,233,76,منطقه 2,جامعه شناسی,دانشگاه تهران
1397,انسانی,241,79,منطقه 2,حقوق,دانشگاه شهید بهشتی - تهران
1397,انسانی,249,82,منطقه 2,آموزش زبان و ادبیات فارسی - بومی استان اصفهان,پردیس فاطمه الزهرا (س) - اصفهان
1397,انسانی,250,83,منطقه 2,کارشناسی ارشد پیوسته علوم قضایی,دانشگاه علوم قضایی و خدمات ادارای دادگستری
1397,انسانی,251,139,منطقه 1,حقوق,دانشگاه شهید بهشتی - تهران
1397,انسانی,256,143,منطقه 1,اقتصاد,دانشگاه تهران
1397,انسانی,257,30,منطقه 3,حقوق,دانشگاه تهران
1397,انسانی,262,85,منطقه 2,حقوق,دانشگاه شهید بهشتی - تهران
1397,انسانی,264,17,ایثارگر-5%,روانشناسی,دانشگاه تبریز
1397,انسانی,264,146,منطقه 1,روانشناسی,دانشگاه شهید بهشتی - تهران
1397,انسانی,266,148,منطقه 1,حقوق,دانشگاه علامه طباطبایی - تهران
1397,انسانی,270,88,منطقه 2,حقوق,دانشگاه شهید بهشتی - تهران
1397,انسانی,274,153,منطقه 1,آموزش کودکان استثنایی - بومی خوزستان,پردیس فاطمه الزهرا (س) - اهواز
1397,انسانی,275,154,منطقه 1,مدیریت بازرگانی,دانشگاه تهران
1397,انسانی,276,155,منطقه 1,حقوق,دانشگاه شهید بهشتی - تهران
1397,انسانی,286,19,ایثارگر-5%,آموزش راهنمایی ومشاوره - بومی استان اصفهان,پردیس کوثر - یاسوج
1397,انسانی,288,92,منطقه 2,آموزش زبان و ادبیات فارسی - بومی استان یزد,پردیس فاطمه الزهرا (س) - یزد
1397,انسانی,291,94,منطقه 2,حقوق,دانشگاه علامه طباطبایی - تهران
1397,انسانی,298,98,منطقه 2,آموزش راهنمایی ومشاوره - بومی خراسان رضوی,پردیس شهید بهشتی - مشهد
1397,انسانی,299,164,منطقه 1,کارشناسی ارشد پیوسته علوم قضایی,دانشگاه علوم قضایی و خدمات ادارای دادگستری
1397,انسانی,300,99,منطقه 2,حقوق,دانشگاه شهید بهشتی - تهران
1397,انسانی,301,38,منطقه 3,کارشناسی ارشد پیوسته علوم قضایی,دانشگاه علوم قضایی و خدمات ادارای دادگستری
1397,انسانی,310,102,منطقه 2,روانشناسی,دانشگاه علامه طباطبایی - تهران
1397,انسانی,312,40,منطقه 3,آموزش زبان و ادبیات فارسی - بومی استان قزوین,پردیس بنت الهدی صدر-قزوین
1397,انسانی,314,104,منطقه 2,آموزش علوم اجتماعی - بومی استان همدان,پردیس شهید باهنر - همدان
1397,انسانی,323,109,منطقه 2,حقوق,دانشگاه علامه طباطبایی - تهران
1397,انسانی,326,23,ایثارگر-5%,حقوق,دانشگاه شهید بهشتی - تهران
1397,انسانی,327,110,منطقه 2,حقوق,دانشگاه علامه طباطبایی - تهران
1397,انسانی,328,111,منطقه 2,کارشناسی ارشد پیوسته علوم قضایی,دانشگاه علوم قضایی و خدمات ادارای دادگستری
1397,انسانی,330,112,منطقه 2,روانشناسی,دانشگاه شهید بهشتی - تهران
1397,انسانی,330,179,منطقه 1,روانشناسی,دانشگاه اصفهان
1397,انسانی,333,181,منطقه 1,مدیریت مالی,دانشگاه شهید بهشتی - تهران
1397,انسانی,335,113,منطقه 2,آموزش علوم اجتماعی - بومی کردستان,پردیس شهید صدوقی - کرمانشاه
1397,انسانی,337,42,منطقه 3,آموزش زبان و ادبیات فارسی - بومی خراسان جنوبی,پردیس شهید هاشمی نژاد - مشهد
1397,انسانی,345,44,منطقه 3,آموزش راهنمایی ومشاوره - بومی استان کرمان,پردیس خواجه نصیرالدین طوسی - کرمان
1397,انسانی,348,188,منطقه 1,باستانشناسی,دانشگاه تهران
1397,انسانی,353,192,منطقه 1,علوم قضایی,دانشگاه علوم قضایی و خدمات ادارای دادگستری
1397,انسانی,357,118,منطقه 2,کارشناسی ارشد پیوسته علوم قضایی,دانشگاه علوم قضایی و خدمات ادارای دادگستری
1397,انسانی,359,119,منطقه 2,آموزش زبان انگلیسی - بومی مرکزی,پردیس زینب کبری (س) - اراک
1397,انسانی,359,194,منطقه 1,فلسفه,دانشگاه تهران
1397,انسانی,363,120,منطقه 2,کارشناسی ارشد پیوسته علوم قضایی,دانشگاه علوم قضایی و خدمات ادارای دادگستری
1397,انسانی,364,121,منطقه 2,آموزش زبان و ادبیات فارسی - بومی خراسان رضوی,پردیس شهید هاشمی نژاد - مشهد
1397,انسانی,364,121,منطقه 2,حقوق,دانشگاه الزهرا(س) - تهران
1397,انسانی,366,47,منطقه 3,آموزش راهنمایی ومشاوره - بومی مازندران,پردیس شهید رجایی - سمنان
1397,انسانی,370,200,منطقه 1,حقوق,دانشگاه اصفهان
1397,انسانی,378,129,منطقه 2,حقوق,دانشگاه شهید بهشتی - تهران
1397,انسانی,383,130,منطقه 2,کارشناسی ارشد پیوسته علوم قضایی,دانشگاه علوم قضایی و خدمات ادارای دادگستری
1397,انسانی,385,131,منطقه 2,حقوق,دانشگاه شهید بهشتی - تهران
1397,انسانی,387,133,منطقه 2,اقتصاد,دانشگاه تهران
1397,انسانی,388,134,منطقه 2,آموزش زبان و ادبیات فارسی - بومی گیلان,پردیس فاطمه الزهرا(س) ساری
1397,انسانی,392,136,منطقه 2,کارشناسی ارشد پیوسته علوم قضایی,دانشگاه علوم قضایی و خدمات ادارای دادگستری
1397,انسانی,394,137,منطقه 2,حقوق,دانشگاه شهید بهشتی - تهران
1397,انسانی,397,211,منطقه 1,آموزش زبان و ادبیات فارسی - بومی فارس,پردیس شهید باهنر - شیراز
1397,انسانی,398,139,منطقه 2,علوم قضایی,دانشگاه علوم قضایی و خدمات ادارای دادگستری
1397,انسانی,400,140,منطقه 2,حقوق,دانشگاه شهید بهشتی - تهران
1397,انسانی,402,141,منطقه 2,آموزش کودکان استثنایی - بومی مرکزی,پردیس زینب کبری (س) - اراک
1397,انسانی,408,50,منطقه 3,آموزش زبان و ادبیات فارسی - بومی خراسان جنوبی,پردیس شهید بهشتی - مشهد
1397,انسانی,411,144,منطقه 2,علوم قضایی,دانشگاه علوم قضایی و خدمات ادارای دادگستری
1397,انسانی,412,145,منطقه 2,حقوق,دانشگاه الزهرا(س) - تهران
1397,انسانی,414,147,منطقه 2,آموزش علوم اجتماعی - بومی خراسان رضوی,پردیس امام سجاد - بیرجند
1397,انسانی,419,221,منطقه 1,آموزش زبان و ادبیات فارسی - بومی فارس,پردیس شهید باهنر - شیراز
1397,انسانی,420,148,منطقه 2,حقوق,دانشگاه شیراز
1397,انسانی,423,8,ایثارگر-25%,کارشناسی ارشد پیوسته علوم قضایی,دانشگاه علوم قضایی و خدمات ادارای دادگستری
1397,انسانی,425,53,منطقه 3,حقوق,دانشگاه گیلان - رشت
1397,انسانی,428,225,منطقه 1,روانشناسی,دانشگاه الزهرا(س) - تهران
1397,انسانی,429,54,منطقه 3,جامعه شناسی,دانشگاه تهران
1397,انسانی,433,152,منطقه 2,حقوق,دانشگاه شهید بهشتی - تهران
1397,انسانی,436,228,منطقه 1,علوم سیاسی,دانشگاه تهران
1397,انسانی,440,155,منطقه 2,فلسفه,دانشگاه تهران
1397,انسانی,443,57,منطقه 3,مدیریت مالی,دانشگاه تهران
1397,انسانی,444,31,ایثارگر-5%,کارشناسی ارشد پیوسته علوم قضایی,دانشگاه علوم قضایی و خدمات ادارای دادگستری
1397,انسانی,446,233,منطقه 1,حقوق,دانشگاه شیراز
1397,انسانی,450,156,منطقه 2,آموزش زبان و ادبیات فارسی - بومی خراسان رضوی,پردیس شهید هاشمی نژاد - مشهد
1397,انسانی,454,159,منطقه 2,آموزش راهنمایی ومشاوره - بومی خراسان رضوی,پردیس شهید بهشتی - مشهد
1397,انسانی,454,237,منطقه 1,علوم قضایی,دانشگاه علوم قضایی و خدمات ادارای دادگستری
1397,انسانی,458,61,منطقه 3,کارشناسی ارشد پیوسته علوم قضایی,دانشگاه علوم قضایی و خدمات ادارای دادگستری
1397,انسانی,458,160,منطقه 2,حقوق,دانشگاه اصفهان
1397,انسانی,464,163,منطقه 2,مدیریت مالی,دانشگاه تهران
1397,انسانی,466,165,منطقه 2,آموزش زبان و ادبیات فارسی - بومی مازندران,پردیس فاطمه الزهرا(س) ساری
1397,انسانی,467,166,منطقه 2,آموزش زبان و ادبیات فارسی - بومی استان یزد,پردیس فاطمه الزهرا (س) - یزد
1397,انسانی,468,167,منطقه 2,آموزش علوم اجتماعی - بومی استان همدان,پردیس شهید باهنر - همدان
1397,انسانی,473,63,منطقه 3,حقوق,دانشگاه شیراز
1397,انسانی,482,244,منطقه 1,حقوق,دانشگاه اصفهان
1397,انسانی,496,37,ایثارگر-5%,آموزش زبان و ادبیات فارسی - بومی مازندران,پردیس فاطمه الزهرا(س) ساری
1397,انسانی,496,254,منطقه 1,حقوق,دانشگاه تبریز
1397,انسانی,503,67,منطقه 3,آموزش راهنمایی ومشاوره - بومی گیلان,پردیس امام علی - رشت
1397,انسانی,505,260,منطقه 1,علوم قضایی,دانشگاه علوم قضایی و خدمات ادارای دادگستری
1397,انسانی,509,179,منطقه 2,فقه و مبانی حقوق اسلامی,دانشگاه تهران
1397,انسانی,510,69,منطقه 3,حقوق,دانشگاه شهید بهشتی - تهران
1397,انسانی,510,180,منطقه 2,آموزش زبان و ادبیات فارسی - بومی استان یزد,پردیس فاطمه الزهرا (س) - یزد
1397,انسانی,512,181,منطقه 2,علوم قضایی,دانشگاه علوم قضایی و خدمات ادارای دادگستری
1397,انسانی,513,182,منطقه 2,حقوق,دانشگاه شهید بهشتی - تهران
1397,انسانی,519,187,منطقه 2,روانشناسی,دانشگاه یزد
1397,انسانی,524,190,منطقه 2,آموزش زبان و ادبیات فارسی - بومی مازندران,پردیس فاطمه الزهرا(س) ساری
1397,انسانی,526,71,منطقه 3,کارشناسی ارشد پیوسته علوم قضایی,دانشگاه علوم قضایی و خدمات ادارای دادگستری
1397,انسانی,528,72,منطقه 3,آموزش علوم اجتماعی - بومی خراسان جنوبی,پردیس امام سجاد - بیرجند
1397,انسانی,529,192,منطقه 2,آموزش علوم اجتماعی - بومی لرستان,پردیس شهید رجایی - کرمانشاه
1397,انسانی,530,193,منطقه 2,حقوق,دانشگاه اصفهان
1397,انسانی,532,194,منطقه 2,علوم قضایی,دانشگاه علوم قضایی و خدمات ادارای دادگستری
1397,انسانی,535,196,منطقه 2,آموزش زبان و ادبیات فارسی - بومی استان همدان,پردیس شهید مقصودی - همدان
1397,انسانی,536,74,منطقه 3,کارشناسی ارشد پیوسته علوم قضایی,دانشگاه علوم قضایی و خدمات ادارای دادگستری
1397,انسانی,536,197,منطقه 2,کارشناسی ارشد پیوسته علوم قضایی,دانشگاه علوم قضایی و خدمات ادارای دادگستری
1397,انسانی,539,198,منطقه 2,حقوق,دانشگاه الزهرا(س) - تهران
1397,انسانی,542,199,منطقه 2,حقوق,دانشگاه تهران (محل تحصیل قم)
1397,انسانی,547,272,منطقه 1,روانشناسی,دانشگاه علوم بهزیستی و توانبخشی تهران
1397,انسانی,549,201,منطقه 2,زبان و ادبیات فارسی,دانشگاه تهران
1397,انسانی,553,204,منطقه 2,مدیریت امور بانکی,دانشگاه خوارزمی تهران
1397,انسانی,555,205,منطقه 2,علوم قضایی,دانشگاه علوم قضایی و خدمات ادارای دادگستری
1397,انسانی,557,41,ایثارگر-5%,روانشناسی,دانشگاه علامه طباطبایی - تهران
1397,انسانی,559,276,منطقه 1,حقوق,دانشگاه فردوسی - مشهد
1397,انسانی,561,208,منطقه 2,حقوق,دانشگاه اصفهان
1397,انسانی,564,210,منطقه 2,حقوق,دانشگاه علامه طباطبایی - تهران
1397,انسانی,569,79,منطقه 3,آموزش علوم اجتماعی - بومی مازندران,پردیس فاطمه الزهرا(س) ساری
1397,انسانی,572,214,منطقه 2,علوم قضایی,دانشگاه علوم قضایی و خدمات ادارای دادگستری
1397,انسانی,574,42,ایثارگر-5%,مترجمی زبان انگلیسی,دانشگاه اصفهان
1397,انسانی,575,43,ایثارگر-5%,اقتصاد,دانشگاه تهران
1397,انسانی,576,81,منطقه 3,کارشناسی ارشد پیوسته علوم قضایی,دانشگاه علوم قضایی و خدمات ادارای دادگستری
1397,انسانی,580,216,منطقه 2,حقوق,دانشگاه علامه طباطبایی - تهران
1397,انسانی,582,283,منطقه 1,حقوق,دانشگاه فردوسی - مشهد
1397,انسانی,586,286,منطقه 1,فلسفه و حکمت اسلامی,دانشگاه شهید مطهری
1397,انسانی,588,287,منطقه 1,علوم قضایی,دانشگاه علوم قضایی و خدمات ادارای دادگستری
1397,انسانی,594,221,منطقه 2,روانشناسی,دانشگاه علوم بهزیستی و توانبخشی تهران
1397,انسانی,599,223,منطقه 2,حسابداری,دانشگاه تهران
1397,انسانی,600,294,منطقه 1,علوم قضایی,دانشگاه علوم قضایی و خدمات ادارای دادگستری
1397,انسانی,601,224,منطقه 2,مشاوره,دانشگاه تهران
1397,انسانی,607,84,منطقه 3,حقوق,دانشگاه شیراز
1397,انسانی,617,85,منطقه 3,حقوق,دانشگاه شهید بهشتی - تهران
1397,انسانی,620,305,منطقه 1,مشاوره,دانشگاه اصفهان
1397,انسانی,623,232,منطقه 2,حقوق,دانشگاه تبریز
1397,انسانی,623,232,منطقه 2,علوم قضایی,دانشگاه علوم قضایی و خدمات ادارای دادگستری
1397,انسانی,625,86,منطقه 3,کارشناسی ارشد پیوسته علوم قضایی,دانشگاه علوم قضایی و خدمات ادارای دادگستری
1397,انسانی,627,87,منطقه 3,کارشناسی ارشد پیوسته علوم قضایی,دانشگاه علوم قضایی و خدمات ادارای دادگستری
1397,انسانی,630,310,منطقه 1,حقوق,دانشگاه فردوسی - مشهد
1397,انسانی,633,88,منطقه 3,کارشناسی ارشد پیوسته علوم قضایی,دانشگاه علوم قضایی و خدمات ادارای دادگستری
1397,انسانی,633,235,منطقه 2,علوم سیاسی,دانشگاه تهران
1397,انسانی,635,236,منطقه 2,حقوق,دانشگاه الزهرا(س) - تهران
1397,انسانی,639,313,منطقه 1,مدیریت بازرگانی,دانشگاه اصفهان
1397,انسانی,645,90,منطقه 3,حقوق,دانشگاه تهران (محل تحصیل قم)
1397,انسانی,645,90,منطقه 3,حقوق,دانشگاه شهید بهشتی - تهران
1397,انسانی,648,241,منطقه 2,حقوق,دانشگاه علامه طباطبایی - تهران
1397,انسانی,652,51,ایثارگر-5%,حقوق,دانشگاه اصفهان
1397,انسانی,652,242,منطقه 2,علوم قضایی,دانشگاه علوم قضایی و خدمات ادارای دادگستری
1397,انسانی,652,319,منطقه 1,حقوق,دانشگاه فردوسی - مشهد
1397,انسانی,654,244,منطقه 2,حقوق,دانشگاه اصفهان
1397,انسانی,656,321,منطقه 1,حقوق,دانشگاه الزهرا(س) - تهران
1397,انسانی,659,323,منطقه 1,حقوق,دانشگاه فردوسی - مشهد
1397,انسانی,660,246,منطقه 2,آموزش زبان و ادبیات فارسی - بومی آذربایجان شرقی,پردیس علامه طباطبایی - ارومیه
1397,انسانی,662,92,منطقه 3,آموزش زبان و ادبیات فارسی - بومی خراسان رضوی,پردیس شهید هاشمی نژاد - مشهد
1397,انسانی,664,93,منطقه 3,حقوق,دانشگاه شیراز
1397,انسانی,668,249,منطقه 2,حقوق,دانشگاه مازندران - بابلسر
1397,انسانی,670,251,منطقه 2,علوم سیاسی,دانشگاه تهران
1397,انسانی,672,252,منطقه 2,آموزش ابتدایی - بومی خراسان رضوی,پردیس شهید هاشمی نژاد - مشهد
1397,انسانی,673,327,منطقه 1,روانشناسی,دانشگاه تبریز
1397,انسانی,674,253,منطقه 2,حقوق,دانشگاه یزد
1397,انسانی,677,95,منطقه 3,حقوق,دانشگاه تبریز
1397,انسانی,679,96,منطقه 3,آموزش زبان و ادبیات فارسی - بومی البرز,پردیس بنت الهدی صدر-قزوین
1397,انسانی,683,258,منطقه 2,آموزش ابتدایی - بومی مازندران,پردیس فاطمه الزهرا(س) ساری
1397,انسانی,683,330,منطقه 1,حقوق,دانشگاه فردوسی - مشهد
1397,انسانی,683,330,منطقه 1,روانشناسی,دانشگاه الزهرا(س) - تهران
1397,انسانی,683,330,منطقه 1,مشاوره,دانشگاه شهید بهشتی - تهران
1397,انسانی,687,97,منطقه 3,کارشناسی ارشد پیوسته علوم قضایی,دانشگاه علوم قضایی و خدمات ادارای دادگستری
1397,انسانی,690,261,منطقه 2,حسابداری,دانشگاه تهران
1397,انسانی,691,57,ایثارگر-5%,حقوق,دانشگاه الزهرا(س) - تهران
1397,انسانی,693,333,منطقه 1,حسابداری,دانشگاه تهران
1397,انسانی,694,263,منطقه 2,حقوق,دانشگاه محقق اردبیلی - اردبیل
1397,انسانی,694,334,منطقه 1,آموزش ابتدایی - بومی استان کرمان,پردیس شهید باهنر - کرمان
1397,انسانی,700,59,ایثارگر-5%,آموزش علوم اجتماعی - بومی استان تهران,پردیس نسیبه - تهران
1397,انسانی,704,99,منطقه 3,حقوق,دانشگاه شاهد - تهران
1397,انسانی,706,100,منطقه 3,کارشناسی ارشد پیوسته علوم قضایی,دانشگاه علوم قضایی و خدمات ادارای دادگستری
1397,انسانی,706,340,منطقه 1,حقوق,دانشگاه فردوسی - مشهد
1397,انسانی,709,101,منطقه 3,آموزش جغرافیا - بومی مازندران,پردیس نسیبه - تهران
1397,انسانی,717,102,منطقه 3,آموزش علوم اجتماعی - بومی خراسان شمالی,پردیس امام سجاد - بیرجند
1397,انسانی,719,271,منطقه 2,آموزش زبان و ادبیات فارسی - بومی استان یزد,پردیس شهید پاک نژاد - یزد
1397,انسانی,727,275,منطقه 2,روانشناسی,دانشگاه اصفهان
1397,انسانی,728,105,منطقه 3,آموزش زبان و ادبیات فارسی - بومی خراسان شمالی,پردیس امام محمد باقر - بجنورد
1397,انسانی,731,106,منطقه 3,آموزش زبان و ادبیات فارسی - بومی فارس,پردیس شهید باهنر - شیراز
1397,انسانی,731,106,منطقه 3,آموزش علوم اجتماعی - بومی مازندران,پردیس فاطمه الزهرا(س) ساری
1397,انسانی,733,351,منطقه 1,اقتصاد,دانشگاه شهید بهشتی - تهران
1397,انسانی,734,276,منطقه 2,حقوق,دانشگاه علامه طباطبایی - تهران
1397,انسانی,736,62,ایثارگر-5%,علوم قضایی,دانشگاه علوم قضایی و خدمات ادارای دادگستری
1397,انسانی,738,352,منطقه 1,حقوق,دانشگاه فردوسی - مشهد
1397,انسانی,740,279,منطقه 2,آموزش زبان و ادبیات فارسی - بومی استان تهران,پردیس نسیبه - تهران
1397,انسانی,749,281,منطقه 2,آموزش زبان و ادبیات فارسی - بومی استان یزد,پردیس فاطمه الزهرا (س) - یزد
1397,انسانی,749,281,منطقه 2,حسابداری,دانشگاه تهران
1397,انسانی,751,111,منطقه 3,کارشناسی ارشد پیوسته علوم قضایی,دانشگاه علوم قضایی و خدمات ادارای دادگستری
1397,انسانی,754,283,منطقه 2,علوم قضایی,دانشگاه علوم قضایی و خدمات ادارای دادگستری
1397,انسانی,755,284,منطقه 2,آموزش زبان و ادبیات فارسی - بومی گیلان,پردیس فاطمه الزهرا(س) ساری
1397,انسانی,755,360,منطقه 1,آموزش ابتدایی - بومی استان تهران,پردیس نسیبه - تهران
1397,انسانی,761,286,منطقه 2,علوم سیاسی,دانشگاه علامه طباطبایی - تهران
1397,انسانی,765,366,منطقه 1,حسابداری,دانشگاه شهید بهشتی - تهران
1397,انسانی,768,288,منطقه 2,روانشناسی,دانشگاه شیراز
1397,انسانی,776,373,منطقه 1,حقوق,دانشگاه اصفهان
1397,انسانی,778,115,منطقه 3,آموزش علوم اجتماعی - بومی استان کرمان,پردیس شهید مطهری - زاهدان
1397,انسانی,779,116,منطقه 3,آموزش زبان و ادبیات فارسی - بومی استان همدان,پردیس شهید باهنر - همدان
1397,انسانی,780,291,منطقه 2,حقوق,دانشگاه الزهرا(س) - تهران
1397,انسانی,782,292,منطقه 2,حقوق,دانشگاه بین المللی امام خمینی(ره) - قزوین
1397,انسانی,783,293,منطقه 2,کارشناسی ارشد پیوسته معارف اسلامی و حقوق,دانشگاه شهید باهنر - کرمان
1397,انسانی,787,295,منطقه 2,حقوق,دانشگاه مازندران - بابلسر
1397,انسانی,789,296,منطقه 2,حقوق,دانشگاه فردوسی - مشهد
1397,انسانی,792,297,منطقه 2,مدیریت مالی,دانشگاه شهید بهشتی - تهران
1397,انسانی,795,72,ایثارگر-5%,آموزش علوم اجتماعی - بومی مازندران,پردیس فاطمه الزهرا(س) ساری
1397,انسانی,795,380,منطقه 1,روانشناسی,دانشگاه اصفهان
1397,انسانی,812,389,منطقه 1,حقوق,دانشگاه شاهد - تهران
1397,انسانی,817,310,منطقه 2,روانشناسی,دانشگاه اصفهان
1397,انسانی,817,390,منطقه 1,حسابداری,دانشگاه شهید بهشتی - تهران
1397,انسانی,820,311,منطقه 2,حقوق,دانشگاه محقق اردبیلی - اردبیل
1397,انسانی,823,313,منطقه 2,علوم قضایی,دانشگاه علوم قضایی و خدمات ادارای دادگستری
1397,انسانی,827,314,منطقه 2,آموزش راهنمایی ومشاوره - بومی استان یزد,پردیس شهید پاک نژاد - یزد
1397,انسانی,828,315,منطقه 2,حقوق,دانشگاه شاهد - تهران
1397,انسانی,831,317,منطقه 2,فلسفه,دانشگاه تهران
1397,انسانی,833,319,منطقه 2,مدیریت مالی,دانشگاه شهید بهشتی - تهران
1397,انسانی,836,396,منطقه 1,آموزش زبان و ادبیات فارسی - بومی فارس,پردیس شهید باهنر - شیراز
1397,انسانی,840,77,ایثارگر-5%,حقوق,دانشگاه فردوسی - مشهد
1397,انسانی,840,321,منطقه 2,روانشناسی,دانشگاه بوعلی سینا - همدان
1397,انسانی,844,79,ایثارگر-5%,آموزش ابتدایی - بومی استان سمنان,پردیس فاطمه الزهرا (س) - سمنان
1397,انسانی,853,80,ایثارگر-5%,مشاوره,دانشگاه شهید بهشتی - تهران
1397,انسانی,861,125,منطقه 3,آموزش علوم اجتماعی - بومی استان قزوین,پردیس امیر کبیر - کرج
1397,انسانی,861,332,منطقه 2,زبان و ادبیات فارسی,دانشگاه بیرجند
1397,انسانی,863,126,منطقه 3,آموزش زبان و ادبیات فارسی - بومی گیلان,پردیس شهید رجایی - قزوین
1397,انسانی,865,333,منطقه 2,آموزش زبان و ادبیات فارسی - بومی استان همدان,پردیس شهید باهنر - همدان
1397,انسانی,868,82,ایثارگر-5%,حقوق,دانشگاه مازندران - بابلسر
1397,انسانی,873,338,منطقه 2,علوم قضایی,دانشگاه علوم قضایی و خدمات ادارای دادگستری
1397,انسانی,875,339,منطقه 2,آموزش زبان و ادبیات فارسی - بومی استان سمنان,پردیس نسیبه - تهران
1397,انسانی,877,341,منطقه 2,آموزش زبان و ادبیات فارسی - بومی استان اصفهان,پردیس فاطمه الزهرا (س) - اصفهان
1397,انسانی,879,130,منطقه 3,آموزش ابتدایی - بومی کردستان,پردیس بنت الهدی صدر - سنندج
1397,انسانی,881,409,منطقه 1,حقوق,دانشگاه تهران (محل تحصیل قم)
1397,انسانی,885,343,منطقه 2,حقوق,دانشگاه مازندران - بابلسر
1397,انسانی,886,344,منطقه 2,آموزش ابتدایی - بومی آذربایجان شرقی,پردیس فاطمه الزهرا (س) - تبریز
1397,انسانی,886,344,منطقه 2,حقوق,دانشگاه گیلان - رشت
1397,انسانی,890,131,منطقه 3,آموزش ابتدایی - بومی فارس,پردیس شهید باهنر - شیراز
1397,انسانی,893,132,منطقه 3,آموزش علوم اجتماعی - بومی استان کرمان,پردیس فاطمه الزهرا (س) - یزد
1397,انسانی,895,417,منطقه 1,فقه و مبانی حقوق اسلامی,دانشگاه تهران
1397,انسانی,896,347,منطقه 2,روانشناسی,دانشگاه شاهد - تهران
1397,انسانی,899,348,منطقه 2,آموزش زبان و ادبیات فارسی - بومی استان سمنان,پردیس نسیبه - تهران
1397,انسانی,899,348,منطقه 2,حقوق,دانشگاه فردوسی - مشهد
1397,انسانی,903,351,منطقه 2,آموزش زبان و ادبیات فارسی - بومی آذربایجان غربی,پردیس علامه طباطبایی - ارومیه
1397,انسانی,914,354,منطقه 2,مدیریت بازرگانی,دانشگاه تهران
1397,انسانی,916,133,منطقه 3,آموزش زبان و ادبیات فارسی - بومی استان قزوین,پردیس بنت الهدی صدر-قزوین
1397,انسانی,922,136,منطقه 3,زبان و ادبیات فارسی,دانشگاه تهران
1397,انسانی,929,357,منطقه 2,مدیریت مالی,دانشگاه شهید بهشتی - تهران
1397,انسانی,931,359,منطقه 2,روانشناسی,دانشگاه شهید باهنر - کرمان
1397,انسانی,936,439,منطقه 1,روانشناسی,دانشگاه اصفهان
1397,انسانی,937,440,منطقه 1,حقوق,دانشگاه شاهد - تهران
1397,انسانی,941,94,ایثارگر-5%,آموزش راهنمایی ومشاوره - بومی آذربایجان غربی,پردیس علامه طباطبایی - ارومیه
1397,انسانی,941,139,منطقه 3,کارشناسی ارشد پیوسته علوم قضایی,دانشگاه علوم قضایی و خدمات ادارای دادگستری
1397,انسانی,945,140,منطقه 3,آموزش ابتدایی - بومی خوزستان,پردیس فاطمه الزهرا (س) - اهواز
1397,انسانی,945,140,منطقه 3,حقوق,دانشگاه شهید بهشتی - تهران
1397,انسانی,945,361,منطقه 2,حقوق,دانشگاه بوعلی سینا - همدان
1397,انسانی,948,142,منطقه 3,کارشناسی ارشد پیوسته علوم قضایی,دانشگاه علوم قضایی و خدمات ادارای دادگستری
1397,انسانی,952,364,منطقه 2,آموزش زبان و ادبیات فارسی - بومی خراسان رضوی,پردیس شهید هاشمی نژاد - مشهد
1397,انسانی,956,365,منطقه 2,علوم قضایی,دانشگاه علوم قضایی و خدمات ادارای دادگستری
1397,انسانی,956,365,منطقه 2,مدیریت بازرگانی,دانشگاه شهید بهشتی - تهران
1397,انسانی,958,96,ایثارگر-5%,حقوق,دانشگاه اصفهان
1397,انسانی,963,148,منطقه 3,آموزش علوم اجتماعی - بومی استان ایلام,پردیس شهید رجایی - کرمانشاه
1397,انسانی,963,369,منطقه 2,علوم قضایی,دانشگاه علوم قضایی و خدمات ادارای دادگستری
1397,انسانی,965,149,منطقه 3,مشاوره,دانشگاه شهید بهشتی - تهران
1397,انسانی,965,448,منطقه 1,حقوق,دانشگاه شاهد - تهران
1397,انسانی,967,150,منطقه 3,روانشناسی,دانشگاه شیراز
1397,انسانی,967,449,منطقه 1,مدیریت بازرگانی,دانشگاه علامه طباطبایی - تهران
1397,انسانی,969,97,ایثارگر-5%,حقوق,دانشگاه یزد
1397,انسانی,976,373,منطقه 2,آموزش علوم اجتماعی - بومی خراسان جنوبی,پردیس امام سجاد - بیرجند
1397,انسانی,978,374,منطقه 2,روانشناسی,دانشگاه فردوسی - مشهد
1397,انسانی,991,380,منطقه 2,حقوق,دانشگاه شاهد - تهران
1397,انسانی,991,380,منطقه 2,مدیریت بازرگانی,دانشگاه تهران
1397,انسانی,993,101,ایثارگر-5%,روانشناسی,دانشگاه فردوسی - مشهد
1397,انسانی,995,102,ایثارگر-5%,علوم قضایی,دانشگاه علوم قضایی و خدمات ادارای دادگستری
1397,انسانی,997,156,منطقه 3,جامعه شناسی,دانشگاه علامه طباطبایی - تهران
1397,انسانی,1001,103,ایثارگر-5%,آموزش ابتدایی - بومی هرمزگان,پردیس فاطمه الزهرا (س) - بندرعباس
1397,انسانی,1003,22,ایثارگر-25%,حقوق,دانشگاه فردوسی - مشهد
1397,انسانی,1003,384,منطقه 2,فلسفه,دانشگاه تهران
1397,انسانی,1006,465,منطقه 1,حسابداری,دانشگاه شهید بهشتی - تهران
1397,انسانی,1008,159,منطقه 3,آموزش زبان و ادبیات فارسی - بومی استان زنجان,پردیس علامه طباطبایی - اردبیل
1397,انسانی,1008,466,منطقه 1,روانشناسی,دانشگاه شیراز
1397,انسانی,1011,385,منطقه 2,آموزش زبان و ادبیات فارسی - بومی استان تهران,پردیس نسیبه - تهران
1397,انسانی,1020,105,ایثارگر-5%,حقوق,دانشگاه اصفهان
1397,انسانی,1020,160,منطقه 3,کارشناسی ارشد پیوسته علوم قضایی,دانشگاه علوم قضایی و خدمات ادارای دادگستری
1397,انسانی,1023,23,ایثارگر-25%,روانشناسی,دانشگاه شهید بهشتی - تهران
1397,انسانی,1028,161,منطقه 3,آموزش زبان و ادبیات فارسی - بومی لرستان,پردیس زینب کبری (س) - اراک
1397,انسانی,1034,392,منطقه 2,حقوق,دانشگاه مازندران - بابلسر
1397,انسانی,1034,480,منطقه 1,حقوق,دانشگاه اصفهان
1397,انسانی,1053,490,منطقه 1,حقوق,دانشگاه شیراز
1397,انسانی,1058,399,منطقه 2,مدیریت مالی,دانشگاه علامه طباطبایی - تهران
1397,انسانی,1062,400,منطقه 2,حقوق,دانشگاه تهران (محل تحصیل قم)
1397,انسانی,1065,402,منطقه 2,حقوق,دانشگاه اصفهان
1397,انسانی,1070,406,منطقه 2,آموزش راهنمایی ومشاوره - بومی مازندران,پردیس بنت الهدی صدر - رشت
1397,انسانی,1074,171,منطقه 3,آموزش تاریخ - بومی استان تهران,پردیس شهید چمران - تهران
1397,انسانی,1085,173,منطقه 3,آموزش ابتدایی - بومی فارس,پردیس شهید باهنر - شیراز
1397,انسانی,1087,414,منطقه 2,حقوق,دانشگاه یزد
1397,انسانی,1088,415,منطقه 2,حقوق,دانشگاه شیراز
1397,انسانی,1090,119,ایثارگر-5%,مدیریت بازرگانی,دانشگاه تهران
1397,انسانی,1092,418,منطقه 2,مدیریت مالی,دانشگاه تهران (محل تحصیل قم)
1397,انسانی,1095,174,منطقه 3,کارشناسی ارشد پیوسته علوم قضایی,دانشگاه علوم قضایی و خدمات ادارای دادگستری
1397,انسانی,1097,120,ایثارگر-5%,مدیریت بیمه اکو,دانشگاه علامه طباطبایی - تهران (محل تحصیل مؤسسه آموزش عالی بیمه اکو)
1397,انسانی,1097,503,منطقه 1,روانشناسی,دانشگاه الزهرا(س) - تهران
1397,انسانی,1100,423,منطقه 2,آموزش زبان و ادبیات فارسی - بومی استان یزد,پردیس فاطمه الزهرا (س) - یزد
1397,انسانی,1103,175,منطقه 3,کارشناسی ارشد پیوسته علوم قضایی,دانشگاه علوم قضایی و خدمات ادارای دادگستری
1397,انسانی,1107,28,ایثارگر-25%,آموزش علوم اجتماعی - بومی استان کرمان,پردیس فاطمه الزهرا (س) - یزد
1397,انسانی,1110,178,منطقه 3,علوم قضایی,دانشگاه علوم قضایی و خدمات ادارای دادگستری
1397,انسانی,1112,429,منطقه 2,آموزش راهنمایی ومشاوره - بومی استان قزوین,پردیس شهید رجایی - قزوین
1397,انسانی,1116,507,منطقه 1,روانشناسی,دانشگاه خوارزمی - تهران (محل تحصیل کرج)
1397,انسانی,1133,123,ایثارگر-5%,حقوق,دانشگاه شاهد - تهران
1397,انسانی,1133,439,منطقه 2,مدیریت مالی,دانشگاه علامه طباطبایی - تهران
1397,انسانی,1140,444,منطقه 2,آموزش ابتدایی - بومی مازندران,پردیس فاطمه الزهرا(س) ساری
1397,انسانی,1140,517,منطقه 1,مدیریت بیمه اکو,دانشگاه علامه طباطبایی - تهران (محل تحصیل مؤسسه آموزش عالی بیمه اکو)
1397,انسانی,1146,125,ایثارگر-5%,مدیریت مالی,دانشگاه علامه طباطبایی - تهران
1397,انسانی,1153,522,منطقه 1,حسابداری,دانشگاه علامه طباطبایی - تهران
1397,انسانی,1159,453,منطقه 2,حقوق,دانشگاه مازندران - بابلسر
1397,انسانی,1159,524,منطقه 1,حقوق,دانشگاه اصفهان
1397,انسانی,1163,456,منطقه 2,آموزش زبان و ادبیات فارسی - بومی استان اصفهان,پردیس فاطمه الزهرا (س) - اصفهان
1397,انسانی,1165,457,منطقه 2,آموزش علوم اجتماعی - بومی مازندران,پردیس فاطمه الزهرا(س) ساری
1397,انسانی,1173,185,منطقه 3,آموزش ابتدایی - بومی خراسان جنوبی,پردیس امام سجاد - بیرجند
1397,انسانی,1173,185,منطقه 3,حقوق,دانشگاه شیراز
1397,انسانی,1173,459,منطقه 2,حقوق,دانشگاه مازندران - بابلسر
1397,انسانی,1177,129,ایثارگر-5%,مدیریت مالی,دانشگاه علامه طباطبایی - تهران
1397,انسانی,1182,461,منطقه 2,حقوق,دانشگاه تبریز
1397,انسانی,1185,30,ایثارگر-25%,مدیریت مالی,دانشگاه تهران
1397,انسانی,1188,537,منطقه 1,روانشناسی,دانشگاه شیراز
1397,انسانی,1189,466,منطقه 2,آموزش ابتدایی - بومی مازندران,پردیس دکتر شریعتی - ساری
1397,انسانی,1192,132,ایثارگر-5%,روانشناسی,دانشگاه اصفهان
1397,انسانی,1192,538,منطقه 1,حقوق,دانشگاه شاهد - تهران
1397,انسانی,1195,470,منطقه 2,آموزش ابتدایی - بومی استان اصفهان,پردیس فاطمه الزهرا (س) - اصفهان
1397,انسانی,1195,470,منطقه 2,آموزش راهنمایی ومشاوره - بومی آذربایجان شرقی,پردیس شهید رجایی - ارومیه
1397,انسانی,1198,540,منطقه 1,آموزش زبان و ادبیات فارسی - بومی استان اصفهان,پردیس فاطمه الزهرا (س) - اصفهان
1397,انسانی,1203,187,منطقه 3,علوم قضایی,دانشگاه علوم قضایی و خدمات ادارای دادگستری
1397,انسانی,1205,475,منطقه 2,حقوق,دانشگاه اصفهان
1397,انسانی,1207,188,منطقه 3,آموزش ابتدایی - بومی خراسان رضوی,پردیس شهید بهشتی - مشهد
1397,انسانی,1207,476,منطقه 2,حقوق,دانشگاه شیراز
1397,انسانی,1210,189,منطقه 3,آموزش زبان و ادبیات فارسی - بومی خراسان رضوی,پردیس شهید هاشمی نژاد - مشهد
1397,انسانی,1215,547,منطقه 1,حقوق,دانشگاه تبریز
1397,انسانی,1219,550,منطقه 1,حقوق,دانشگاه بین المللی امام خمینی(ره) - قزوین
1397,انسانی,1223,135,ایثارگر-5%,حقوق,دانشگاه شاهد - تهران
1397,انسانی,1223,193,منطقه 3,علوم قضایی,دانشگاه علوم قضایی و خدمات ادارای دادگستری
1397,انسانی,1228,482,منطقه 2,آموزش راهنمایی ومشاوره - بومی گیلان,پردیس بنت الهدی صدر - رشت
1397,انسانی,1228,482,منطقه 2,حقوق,دانشگاه مازندران - بابلسر
1397,انسانی,1231,484,منطقه 2,آموزش راهنمایی ومشاوره - بومی خراسان رضوی,پردیس امام جعفر صادق - بجنورد
1397,انسانی,1234,194,منطقه 3,آموزش ابتدایی - بومی استان زنجان,پردیس شهید بهشتی - زنجان
1397,انسانی,1234,194,منطقه 3,آموزش راهنمایی ومشاوره - بومی کردستان,پردیس شهید رجایی - کرمانشاه
1397,انسانی,1234,486,منطقه 2,حقوق,دانشگاه تهران (محل تحصیل قم)
1397,انسانی,1244,197,منطقه 3,علوم قضایی,دانشگاه علوم قضایی و خدمات ادارای دادگستری
1397,انسانی,1246,491,منطقه 2,آموزش علوم اجتماعی - بومی استان زنجان,پردیس حکیم ابوالقاسم فردوسی - کرج
1397,انسانی,1248,198,منطقه 3,حقوق,دانشگاه علامه طباطبایی - تهران
1397,انسانی,1248,492,منطقه 2,آموزش علوم اجتماعی - بومی استان قم,پردیس نسیبه - تهران
1397,انسانی,1251,493,منطقه 2,روانشناسی,دانشگاه اصفهان
1397,انسانی,1258,140,ایثارگر-5%,فقه و مبانی حقوق اسلامی,دانشگاه فردوسی - مشهد
1397,انسانی,1258,563,منطقه 1,آموزش زبان و ادبیات فارسی - بومی استان اصفهان,پردیس شهید باهنر - اصفهان
1397,انسانی,1260,565,منطقه 1,آموزش ابتدایی - بومی آذربایجان شرقی,پردیس فاطمه الزهرا (س) - تبریز
1397,انسانی,1263,199,منطقه 3,آموزش راهنمایی ومشاوره - بومی استان کرمان,پردیس خواجه نصیرالدین طوسی - کرمان
1397,انسانی,1263,499,منطقه 2,حقوق,دانشگاه تهران (محل تحصیل قم)
1397,انسانی,1267,201,منطقه 3,آموزش زبان و ادبیات فارسی - بومی استان قزوین,پردیس بنت الهدی صدر-قزوین
1397,انسانی,1268,500,منطقه 2,آموزش ابتدایی - بومی استان همدان,پردیس شهید باهنر - همدان
1397,انسانی,1271,202,منطقه 3,حقوق,دانشگاه شیراز
1397,انسانی,1271,502,منطقه 2,آموزش راهنمایی ومشاوره - بومی استان یزد,پردیس شهید پاک نژاد - یزد
1397,انسانی,1271,502,منطقه 2,حقوق,دانشگاه گیلان - رشت
1397,انسانی,1277,203,منطقه 3,علوم قضایی,دانشگاه علوم قضایی و خدمات ادارای دادگستری
1397,انسانی,1277,505,منطقه 2,حقوق,دانشگاه بوعلی سینا - همدان
1397,انسانی,1280,507,منطقه 2,حقوق,دانشگاه اصفهان
1397,انسانی,1281,508,منطقه 2,فقه و مبانی حقوق اسلامی,دانشگاه تهران
1397,انسانی,1285,141,ایثارگر-5%,حسابداری,دانشگاه شهید بهشتی - تهران
1397,انسانی,1285,511,منطقه 2,آموزش علوم اجتماعی - بومی استان یزد,پردیس فاطمه الزهرا (س) - یزد
1397,انسانی,1290,204,منطقه 3,حقوق,دانشگاه مازندران - بابلسر
1397,انسانی,1291,515,منطقه 2,مدیریت مالی,دانشگاه الزهرا(س) - تهران
1397,انسانی,1292,516,منطقه 2,روانشناسی,دانشگاه یزد
1397,انسانی,1295,517,منطقه 2,حقوق,دانشگاه گیلان - رشت
1397,انسانی,1295,573,منطقه 1,زبان و ادبیات فارسی,دانشگاه تهران
1397,انسانی,1295,573,منطقه 1,مدیریت بازرگانی,دانشگاه علامه طباطبایی - تهران
1397,انسانی,1299,518,منطقه 2,حقوق,دانشگاه اصفهان
1397,انسانی,1303,519,منطقه 2,آموزش زبان و ادبیات فارسی - بومی مرکزی,پردیس شهید باهنر - اراک
1397,انسانی,1306,521,منطقه 2,آموزش زبان و ادبیات فارسی - بومی استان اصفهان,پردیس فاطمه الزهرا (س) - اصفهان
1397,انسانی,1307,522,منطقه 2,مدیریت مالی,دانشگاه خوارزمی تهران
1397,انسانی,1309,143,ایثارگر-5%,حقوق,دانشگاه بوعلی سینا - همدان
1397,انسانی,1309,208,منطقه 3,آموزش زبان و ادبیات فارسی - بومی خراسان شمالی,پردیس شهید هاشمی نژاد - مشهد
1397,انسانی,1314,527,منطقه 2,آموزش زبان و ادبیات فارسی - بومی خراسان رضوی,پردیس شهید هاشمی نژاد - مشهد
1397,انسانی,1317,529,منطقه 2,آموزش راهنمایی ومشاوره - بومی استان قزوین,پردیس شهید رجایی - قزوین
1397,انسانی,1317,529,منطقه 2,آموزش زبان و ادبیات فارسی - بومی مازندران,پردیس دکتر شریعتی - ساری
1397,انسانی,1317,580,منطقه 1,فقه و مبانی حقوق اسلامی,دانشگاه تهران
1397,انسانی,1321,581,منطقه 1,روانشناسی,دانشگاه فردوسی - مشهد
1397,انسانی,1325,211,منطقه 3,آموزش زبان و ادبیات فارسی - بومی استان اصفهان,پردیس فاطمه الزهرا (س) - اصفهان
1397,انسانی,1325,532,منطقه 2,حقوق,دانشگاه اصفهان
1397,انسانی,1329,213,منطقه 3,آموزش زبان و ادبیات فارسی - بومی استان همدان,پردیس شهید مقصودی - همدان
1397,انسانی,1333,534,منطقه 2,مشاوره,دانشگاه علامه طباطبایی - تهران
1397,انسانی,1341,537,منطقه 2,مدیریت بازرگانی,دانشگاه شهید بهشتی - تهران
1397,انسانی,1348,541,منطقه 2,آموزش تاریخ - بومی گیلان,پردیس امیر کبیر - کرج
1397,انسانی,1348,594,منطقه 1,حقوق,دانشگاه تبریز
1397,انسانی,1348,594,منطقه 1,روانشناسی,دانشگاه فردوسی - مشهد
1397,انسانی,1352,145,ایثارگر-5%,آموزش زبان و ادبیات فارسی - بومی استان کرمانشاه,پردیس شهید مقصودی - همدان
1397,انسانی,1352,214,منطقه 3,آموزش زبان و ادبیات فارسی - بومی سیستان وبلوچستان,پردیس شهید مطهری - زاهدان
1397,انسانی,1352,542,منطقه 2,آموزش علوم اجتماعی - بومی استان اصفهان,پردیس فاطمه الزهرا (س) - یزد
1397,انسانی,1356,216,منطقه 3,آموزش زبان و ادبیات فارسی - بومی خراسان جنوبی,پردیس شهید بهشتی - مشهد
1397,انسانی,1359,545,منطقه 2,آموزش زبان و ادبیات فارسی - بومی گیلان,پردیس فاطمه الزهرا(س) ساری
1397,انسانی,1359,598,منطقه 1,علوم سیاسی,دانشگاه تهران
1397,انسانی,1362,217,منطقه 3,حقوق,دانشگاه فردوسی - مشهد
1397,انسانی,1366,550,منطقه 2,آموزش زبان و ادبیات فارسی - بومی فارس,پردیس شهید باهنر - شیراز
1397,انسانی,1367,551,منطقه 2,روانشناسی,دانشگاه الزهرا(س) - تهران
1397,انسانی,1369,552,منطقه 2,حقوق,دانشگاه بین المللی امام خمینی(ره) - قزوین
1397,انسانی,1372,554,منطقه 2,حقوق,دانشگاه اصفهان
1397,انسانی,1376,601,منطقه 1,اقتصاد,دانشگاه علامه طباطبایی - تهران
1397,انسانی,1379,147,ایثارگر-5%,آموزش تاریخ - بومی مازندران,پردیس امیر کبیر - کرج
1397,انسانی,1380,603,منطقه 1,حقوق,دانشگاه فردوسی - مشهد
1397,انسانی,1384,222,منطقه 3,زبان و ادبیات فارسی,دانشگاه تهران
1397,انسانی,1384,559,منطقه 2,آموزش علوم اجتماعی - بومی استان سمنان,پردیس شهید چمران - تهران
1397,انسانی,1388,561,منطقه 2,آموزش علوم اجتماعی - بومی مازندران,پردیس فاطمه الزهرا(س) ساری
1397,انسانی,1390,562,منطقه 2,آموزش زبان و ادبیات فارسی - بومی خراسان جنوبی,پردیس شهید بهشتی - مشهد
1397,انسانی,1392,223,منطقه 3,حقوق,دانشگاه تهران (محل تحصیل قم)
1397,انسانی,1394,225,منطقه 3,آموزش ابتدایی - بومی کهگیلویه وبویراحمد,پردیس کوثر - یاسوج
1397,انسانی,1397,33,ایثارگر-25%,زبان و ادبیات فارسی,دانشگاه تهران
1397,انسانی,1401,566,منطقه 2,اقتصاد,دانشگاه تهران
1397,انسانی,1401,566,منطقه 2,حقوق,دانشگاه اصفهان
1397,انسانی,1405,568,منطقه 2,حقوق,دانشگاه تهران (محل تحصیل قم)
1397,انسانی,1418,572,منطقه 2,آموزش زبان و ادبیات فارسی - بومی استان همدان,پردیس شهید باهنر - همدان
1397,انسانی,1418,619,منطقه 1,روانشناسی,دانشگاه شیراز
1397,انسانی,1421,573,منطقه 2,اقتصاد,دانشگاه شهید بهشتی - تهران
1397,انسانی,1425,621,منطقه 1,حقوق,دانشگاه شیراز
1397,انسانی,1430,579,منطقه 2,آموزش راهنمایی ومشاوره - بومی خراسان رضوی,پردیس شهید بهشتی - مشهد
1397,انسانی,1433,623,منطقه 1,روانشناسی,دانشگاه اصفهان
1397,انسانی,1433,623,منطقه 1,روانشناسی,دانشگاه فردوسی - مشهد
1397,انسانی,1436,152,ایثارگر-5%,علوم سیاسی,دانشگاه تهران
1397,انسانی,1436,230,منطقه 3,آموزش راهنمایی ومشاوره - بومی استان کرمان,پردیس خواجه نصیرالدین طوسی - کرمان
1397,انسانی,1442,234,منطقه 3,آموزش زبان و ادبیات فارسی - بومی استان یزد,پردیس فاطمه الزهرا (س) - یزد
1397,انسانی,1444,235,منطقه 3,آموزش ابتدایی - بومی خراسان رضوی,پردیس شهید هاشمی نژاد - مشهد
1397,انسانی,1444,235,منطقه 3,روانشناسی,دانشگاه شیراز
1397,انسانی,1451,586,منطقه 2,آموزش زبان و ادبیات فارسی - بومی استان سمنان,پردیس نسیبه - تهران
1397,انسانی,1451,628,منطقه 1,حقوق,دانشگاه فردوسی - مشهد
1397,انسانی,1455,239,منطقه 3,حقوق - بومی کهگیلویه وبویراحمد,دانشگاه شیراز
1397,انسانی,1455,588,منطقه 2,آموزش ابتدایی - بومی خراسان رضوی,پردیس شهید هاشمی نژاد - مشهد
1397,انسانی,1455,629,منطقه 1,علوم تربیتی,دانشگاه تهران
1397,انسانی,1458,34,ایثارگر-25%,مدیریت مالی,دانشگاه تهران
1397,انسانی,1458,589,منطقه 2,آموزش ابتدایی - بومی استان سمنان,پردیس فاطمه الزهرا (س) - سمنان
1397,انسانی,1460,240,منطقه 3,آموزش زبان و ادبیات فارسی - بومی استان کرمان,پردیس خواجه نصیرالدین طوسی - کرمان
1397,انسانی,1464,241,منطقه 3,آموزش ابتدایی - بومی خراسان جنوبی,پردیس امام سجاد - بیرجند
1397,انسانی,1464,592,منطقه 2,حقوق,دانشگاه اصفهان
1397,انسانی,1467,593,منطقه 2,آموزش علوم اجتماعی - بومی سیستان وبلوچستان,پردیس امام سجاد - بیرجند
1397,انسانی,1470,596,منطقه 2,روانشناسی,دانشگاه یزد
1397,انسانی,1473,634,منطقه 1,مدیریت مالی,دانشگاه خوارزمی تهران
1397,انسانی,1475,598,منطقه 2,حقوق,دانشگاه بوعلی سینا - همدان
1397,انسانی,1476,636,منطقه 1,حقوق,دانشگاه اصفهان
1397,انسانی,1482,640,منطقه 1,حقوق,دانشگاه شیراز
1397,انسانی,1484,641,منطقه 1,علوم سیاسی,دانشگاه تهران
1397,انسانی,1486,602,منطقه 2,آموزش علوم اجتماعی - بومی خراسان رضوی,پردیس امام سجاد - بیرجند
1397,انسانی,1488,245,منطقه 3,علوم قضایی,دانشگاه علوم قضایی و خدمات ادارای دادگستری
1397,انسانی,1491,603,منطقه 2,آموزش زبان و ادبیات فارسی - بومی فارس,پردیس شهید رجایی - شیراز
1397,انسانی,1493,604,منطقه 2,آموزش راهنمایی ومشاوره - بومی خراسان جنوبی,پردیس فاطمه الزهرا (س) - یزد
1397,انسانی,1499,607,منطقه 2,آموزش ابتدایی - بومی آذربایجان شرقی,پردیس فاطمه الزهرا (س) - تبریز
1397,انسانی,1504,610,منطقه 2,حقوق,دانشگاه اصفهان
1397,انسانی,1516,248,منطقه 3,آموزش زبان و ادبیات فارسی - بومی خراسان رضوی,پردیس شهید هاشمی نژاد - مشهد
1397,انسانی,1520,617,منطقه 2,آموزش زبان و ادبیات فارسی - بومی خراسان شمالی,پردیس امام محمد باقر - بجنورد
1397,انسانی,1524,250,منطقه 3,آموزش زبان و ادبیات فارسی - بومی خراسان رضوی,پردیس شهید بهشتی - مشهد
1397,انسانی,1526,658,منطقه 1,روانشناسی,دانشگاه اصفهان
1397,انسانی,1531,619,منطقه 2,حقوق,دانشگاه تهران (محل تحصیل قم)
1397,انسانی,1533,621,منطقه 2,کارشناسی ارشد پیوسته معارف اسلامی و حقوق,دانشگاه ولی عصر(عج) - رفسنجان
1397,انسانی,1536,166,ایثارگر-5%,حقوق,دانشگاه بوعلی سینا - همدان
1397,انسانی,1536,622,منطقه 2,آموزش علوم اجتماعی - بومی استان اصفهان,پردیس فاطمه الزهرا (س) - یزد
1397,انسانی,1538,663,منطقه 1,حقوق,دانشگاه شیراز
1397,انسانی,1540,623,منطقه 2,حقوق,دانشگاه یزد
1397,انسانی,1544,37,ایثارگر-25%,آموزش راهنمایی ومشاوره - بومی استان کرمانشاه,پردیس شهید صدوقی - کرمانشاه
1397,انسانی,1544,625,منطقه 2,آموزش ابتدایی - بومی مازندران,پردیس دکتر شریعتی - ساری
1397,انسانی,1546,667,منطقه 1,اقتصاد,دانشگاه شهید بهشتی - تهران
1397,انسانی,1547,255,منطقه 3,آموزش علوم اجتماعی - بومی خراسان رضوی,پردیس امام سجاد - بیرجند
1397,انسانی,1554,168,ایثارگر-5%,آموزش راهنمایی ومشاوره - بومی استان تهران,پردیس نسیبه - تهران
1397,انسانی,1554,628,منطقه 2,آموزش زبان و ادبیات فارسی - بومی استان اصفهان,پردیس فاطمه الزهرا (س) - اصفهان
1397,انسانی,1559,259,منطقه 3,آموزش ابتدایی - بومی فارس,پردیس شهید باهنر - شیراز
1397,انسانی,1562,630,منطقه 2,آموزش ابتدایی - بومی خراسان رضوی,پردیس شهید هاشمی نژاد - مشهد
1397,انسانی,1578,262,منطقه 3,آموزش ابتدایی - بومی خراسان رضوی,پردیس شهید هاشمی نژاد - مشهد
1397,انسانی,1584,689,منطقه 1,حقوق,دانشگاه تبریز
1397,انسانی,1589,172,ایثارگر-5%,روانشناسی,دانشگاه علوم بهزیستی و توانبخشی تهران
1397,انسانی,1589,693,منطقه 1,آموزش زبان و ادبیات فارسی - بومی استان اصفهان,پردیس شهید باهنر - اصفهان
1397,انسانی,1589,693,منطقه 1,حقوق,دانشگاه غیرانتفاعی علم و فرهنگ - تهران
1397,انسانی,1594,636,منطقه 2,آموزش علوم اجتماعی - بومی خراسان جنوبی,پردیس شهید باهنر - بیرجند
1397,انسانی,1594,636,منطقه 2,حقوق,دانشگاه کاشان
1397,انسانی,1598,639,منطقه 2,آموزش علوم اجتماعی - بومی استان سمنان,پردیس نسیبه - تهران
1397,انسانی,1600,265,منطقه 3,آموزش زبان و ادبیات فارسی - بومی گلستان,پردیس فاطمه الزهرا(س) ساری
1397,انسانی,1602,642,منطقه 2,آموزش زبان و ادبیات فارسی - بومی آذربایجان شرقی,پردیس علامه طباطبایی - اردبیل
1397,انسانی,1606,643,منطقه 2,حقوق,دانشگاه یزد
1397,انسانی,1610,268,منطقه 3,آموزش زبان انگلیسی - بومی البرز,پردیس شهید چمران - تهران
1397,انسانی,1629,272,منطقه 3,آموزش زبان و ادبیات فارسی - بومی خراسان رضوی,پردیس شهید هاشمی نژاد - مشهد
1397,انسانی,1632,712,منطقه 1,حسابداری,دانشگاه اصفهان
1397,انسانی,1633,273,منطقه 3,حقوق,دانشگاه تبریز
1397,انسانی,1639,274,منطقه 3,آموزش زبان و ادبیات فارسی - بومی گلستان,پردیس فاطمه الزهرا(س) ساری
1397,انسانی,1642,275,منطقه 3,آموزش علوم اجتماعی - بومی کردستان,پردیس شهید صدوقی - کرمانشاه
1397,انسانی,1642,275,منطقه 3,علوم قضایی,دانشگاه علوم قضایی و خدمات ادارای دادگستری
1397,انسانی,1645,652,منطقه 2,آموزش زبان و ادبیات فارسی - بومی استان سمنان,پردیس نسیبه - تهران
1397,انسانی,1652,655,منطقه 2,روانشناسی,دانشگاه یزد
1397,انسانی,1652,722,منطقه 1,حقوق,دانشگاه تبریز
1397,انسانی,1654,177,ایثارگر-5%,آموزش زبان و ادبیات فارسی - بومی خراسان جنوبی,پردیس شهید هاشمی نژاد - مشهد
1397,انسانی,1656,657,منطقه 2,آموزش ابتدایی - بومی آذربایجان شرقی,پردیس فاطمه الزهرا (س) - تبریز
1397,انسانی,1659,279,منطقه 3,آموزش ابتدایی - بومی استان زنجان,پردیس فاطمه الزهرا (س) - زنجان
1397,انسانی,1662,658,منطقه 2,آموزش زبان و ادبیات فارسی - بومی مرکزی,پردیس زینب کبری (س) - اراک
1397,انسانی,1665,281,منطقه 3,آموزش راهنمایی ومشاوره - بومی خراسان شمالی,پردیس شهید بهشتی - مشهد
1397,انسانی,1665,660,منطقه 2,روانشناسی,دانشگاه خوارزمی - تهران (محل تحصیل کرج)
1397,انسانی,1670,728,منطقه 1,آموزش زبان و ادبیات فارسی - بومی استان اصفهان,پردیس شهید باهنر - اصفهان
1397,انسانی,1672,282,منطقه 3,آموزش علوم اجتماعی - بومی استان بوشهر,پردیس بنت الهدی صدر - بوشهر
1397,انسانی,1679,283,منطقه 3,آموزش تاریخ - بومی البرز,پردیس امیر کبیر - کرج
1397,انسانی,1679,665,منطقه 2,آموزش زبان و ادبیات فارسی - بومی مازندران,پردیس دکتر شریعتی - ساری
1397,انسانی,1679,665,منطقه 2,حقوق,دانشگاه شیراز
1397,انسانی,1684,667,منطقه 2,حقوق,دانشگاه بین المللی امام خمینی(ره) - قزوین
1397,انسانی,1686,668,منطقه 2,آموزش زبان و ادبیات فارسی - بومی استان اصفهان,پردیس شهید باهنر - اصفهان
1397,انسانی,1686,668,منطقه 2,آموزش زبان و ادبیات فارسی - بومی گیلان,پردیس فاطمه الزهرا(س) ساری
1397,انسانی,1695,45,ایثارگر-25%,روانشناسی,دانشگاه شهید بهشتی - تهران
1397,انسانی,1695,737,منطقه 1,مشاوره,دانشگاه الزهرا(س) - تهران
1397,انسانی,1699,675,منطقه 2,حقوق,دانشگاه مازندران - بابلسر
1397,انسانی,1704,180,ایثارگر-5%,زبان و ادبیات فارسی,دانشگاه تهران
1397,انسانی,1704,678,منطقه 2,فقه و مبانی حقوق اسلامی,دانشگاه تهران
1397,انسانی,1708,286,منطقه 3,آموزش زبان و ادبیات فارسی - بومی کردستان,پردیس شهید مقصودی - همدان
1397,انسانی,1713,682,منطقه 2,حقوق,دانشگاه تبریز
1397,انسانی,1713,745,منطقه 1,روانشناسی,دانشگاه شاهد - تهران
1397,انسانی,1717,182,ایثارگر-5%,آموزش زبان و ادبیات فارسی - بومی گلستان,پردیس فاطمه الزهرا(س) ساری
1397,انسانی,1723,686,منطقه 2,مدیریت دولتی,دانشگاه تهران
1397,انسانی,1723,686,منطقه 2,مدیریت مالی,دانشگاه خوارزمی تهران
1397,انسانی,1734,690,منطقه 2,آموزش راهنمایی ومشاوره - بومی مازندران,پردیس شهید رجایی - سمنان
1397,انسانی,1745,291,منطقه 3,آموزش علوم اجتماعی - بومی کردستان,پردیس شهید صدوقی - کرمانشاه
1397,انسانی,1745,760,منطقه 1,حقوق,دانشگاه تبریز
1397,انسانی,1748,696,منطقه 2,حقوق,دانشگاه یزد
1397,انسانی,1751,292,منطقه 3,آموزش تاریخ - بومی آذربایجان شرقی,پردیس امیر کبیر - کرج
1397,انسانی,1751,763,منطقه 1,روانشناسی,دانشگاه اصفهان
1397,انسانی,1753,47,ایثارگر-25%,روانشناسی,دانشگاه شهید بهشتی - تهران
1397,انسانی,1755,699,منطقه 2,آموزش زبان و ادبیات فارسی - بومی خراسان جنوبی,پردیس شهید بهشتی - مشهد
1397,انسانی,1755,699,منطقه 2,حقوق,دانشگاه یزد
1397,انسانی,1758,701,منطقه 2,زبان و ادبیات فارسی,دانشگاه تهران
1397,انسانی,1762,294,منطقه 3,آموزش تاریخ - بومی کردستان,پردیس حکیم ابوالقاسم فردوسی - کرج
1397,انسانی,1768,707,منطقه 2,حقوق,دانشگاه سمنان
1397,انسانی,1771,708,منطقه 2,حقوق,دانشگاه گیلان - رشت
1397,انسانی,1776,189,ایثارگر-5%,آموزش زبان و ادبیات فارسی - بومی خراسان رضوی,پردیس شهید هاشمی نژاد - مشهد
1397,انسانی,1776,710,منطقه 2,آموزش جغرافیا - بومی استان قم,پردیس نسیبه - تهران
1397,انسانی,1776,769,منطقه 1,روانشناسی,دانشگاه شیراز
1397,انسانی,1780,772,منطقه 1,حقوق,دانشگاه شیراز
1397,انسانی,1787,776,منطقه 1,آموزش زبان و ادبیات فارسی - بومی آذربایجان شرقی,پردیس علامه طباطبایی - اردبیل
1397,انسانی,1791,300,منطقه 3,آموزش ابتدایی - بومی مازندران,پردیس فاطمه الزهرا(س) ساری
1397,انسانی,1791,714,منطقه 2,آموزش ابتدایی - بومی مازندران,پردیس فاطمه الزهرا(س) ساری
1397,انسانی,1791,714,منطقه 2,آموزش زبان و ادبیات فارسی - بومی استان همدان,پردیس شهید باهنر - همدان
1397,انسانی,1797,780,منطقه 1,آموزش ابتدایی - بومی آذربایجان شرقی,پردیس فاطمه الزهرا (س) - تبریز
1397,انسانی,1804,719,منطقه 2,آموزش زبان و ادبیات فارسی - بومی استان یزد,پردیس فاطمه الزهرا (س) - یزد
1397,انسانی,1808,303,منطقه 3,آموزش زبان و ادبیات فارسی - بومی خراسان رضوی,پردیس شهید بهشتی - مشهد
1397,انسانی,1808,721,منطقه 2,آموزش ابتدایی - بومی خراسان جنوبی,پردیس امام سجاد - بیرجند
1397,انسانی,1808,784,منطقه 1,اقتصاد,دانشگاه شهید بهشتی - تهران
1397,انسانی,1813,305,منطقه 3,روانشناسی,دانشگاه شهید بهشتی - تهران
1397,انسانی,1815,786,منطقه 1,حقوق,دانشگاه قم
1397,انسانی,1824,308,منطقه 3,آموزش راهنمایی ومشاوره - بومی خوزستان,پردیس حضرت رسول اکرم - اهواز
1397,انسانی,1824,725,منطقه 2,مشاوره,دانشگاه اصفهان
1397,انسانی,1829,310,منطقه 3,آموزش راهنمایی ومشاوره - بومی خراسان شمالی,پردیس امام جعفر صادق - بجنورد
1397,انسانی,1829,793,منطقه 1,آموزش ابتدایی - بومی استان اصفهان,پردیس فاطمه الزهرا (س) - اصفهان
1397,انسانی,1832,727,منطقه 2,آموزش ابتدایی - بومی استان یزد,پردیس شهید پاک نژاد - یزد
1397,انسانی,1837,797,منطقه 1,آموزش زبان و ادبیات فارسی - بومی استان اصفهان,پردیس فاطمه الزهرا (س) - اصفهان
1397,انسانی,1840,315,منطقه 3,آموزش زبان و ادبیات فارسی - بومی گلستان,پردیس فاطمه الزهرا(س) ساری
1397,انسانی,1840,315,منطقه 3,فقه و حقوق اسلامی,دانشگاه شهید مطهری
1397,انسانی,1843,317,منطقه 3,آموزش جغرافیا - بومی استان سمنان,پردیس نسیبه - تهران
1397,انسانی,1843,317,منطقه 3,آموزش زبان و ادبیات فارسی - بومی آذربایجان غربی,پردیس شهید رجایی - ارومیه
1397,انسانی,1843,729,منطقه 2,حقوق,دانشگاه قم
1397,انسانی,1845,730,منطقه 2,مشاوره,دانشگاه تهران
1397,انسانی,1852,801,منطقه 1,حقوق,دانشگاه غیرانتفاعی علم و فرهنگ - تهران
1397,انسانی,1857,195,ایثارگر-5%,آموزش علوم اجتماعی - بومی خراسان رضوی,پردیس امام سجاد - بیرجند
1397,انسانی,1857,320,منطقه 3,آموزش زبان و ادبیات فارسی - بومی سیستان وبلوچستان,پردیس شهید مطهری - زاهدان
1397,انسانی,1861,736,منطقه 2,حقوق,دانشگاه مازندران - بابلسر
1397,انسانی,1870,810,منطقه 1,اقتصاد,دانشگاه شهید بهشتی - تهران
1397,انسانی,1874,198,ایثارگر-5%,آموزش ابتدایی - بومی مازندران,پردیس فاطمه الزهرا(س) ساری
1397,انسانی,1878,747,منطقه 2,فقه و مبانی حقوق اسلامی,دانشگاه تهران
1397,انسانی,1878,747,منطقه 2,مردم شناسی,دانشگاه تهران
1397,انسانی,1887,751,منطقه 2,حقوق,دانشگاه تهران (محل تحصیل قم)
1397,انسانی,1887,751,منطقه 2,حقوق,دانشگاه قم
1397,انسانی,1893,324,منطقه 3,حقوق,دانشگاه بین المللی امام خمینی(ره) - قزوین
1397,انسانی,1896,201,ایثارگر-5%,مشاوره,دانشگاه اصفهان
1397,انسانی,1896,754,منطقه 2,حقوق,دانشگاه یزد
1397,انسانی,1901,756,منطقه 2,زبان و ادبیات فارسی,دانشگاه فردوسی - مشهد
1397,انسانی,1912,760,منطقه 2,حقوق,دانشگاه شیراز
1397,انسانی,1918,330,منطقه 3,آموزش زبان و ادبیات فارسی - بومی خراسان رضوی,پردیس شهید هاشمی نژاد - مشهد
1397,انسانی,1918,330,منطقه 3,آموزش علوم اجتماعی - بومی لرستان,پردیس شهید رجایی - کرمانشاه
1397,انسانی,1922,764,منطقه 2,آموزش زبان و ادبیات فارسی - بومی استان اصفهان,پردیس شهید باهنر - اصفهان
1397,انسانی,1922,764,منطقه 2,زبان و ادبیات فارسی,دانشگاه شهید بهشتی - تهران
1397,انسانی,1927,769,منطقه 2,آموزش زبان و ادبیات فارسی - بومی مرکزی,پردیس زینب کبری (س) - اراک
1397,انسانی,1931,332,منطقه 3,آموزش زبان و ادبیات فارسی - بومی خوزستان,پردیس شهید باهنر - شهرکرد
1397,انسانی,1946,336,منطقه 3,آموزش راهنمایی ومشاوره - بومی کهگیلویه وبویراحمد,پردیس حضرت رسول اکرم - اهواز
1397,انسانی,1950,338,منطقه 3,آموزش ابتدایی - بومی کردستان,پردیس بنت الهدی صدر - سنندج
1397,انسانی,1950,338,منطقه 3,آموزش ابتدایی - بومی کردستان,پردیس شهید مدرس - سنندج
1397,انسانی,1957,785,منطقه 2,آموزش ابتدایی - بومی استان یزد,پردیس فاطمه الزهرا (س) - یزد
1397,انسانی,1961,205,ایثارگر-5%,حقوق,دانشگاه تهران (محل تحصیل قم)
1397,انسانی,1967,206,ایثارگر-5%,آموزش علوم اجتماعی - بومی مازندران,پردیس دکتر شریعتی - ساری
1397,انسانی,1971,839,منطقه 1,مشاوره,دانشگاه الزهرا(س) - تهران
1397,انسانی,1973,342,منطقه 3,علوم قضایی,دانشگاه علوم قضایی و خدمات ادارای دادگستری
1397,انسانی,1976,842,منطقه 1,حقوق,دانشگاه شیراز
1397,انسانی,1980,344,منطقه 3,آموزش زبان و ادبیات فارسی - بومی آذربایجان شرقی,پردیس علامه طباطبایی - اردبیل
1397,انسانی,1980,845,منطقه 1,حقوق,دانشگاه تبریز
1397,انسانی,1987,346,منطقه 3,روانشناسی,دانشگاه خلیج فارس - بوشهر
1397,انسانی,1987,792,منطقه 2,حقوق,دانشگاه اصفهان
1397,انسانی,1987,792,منطقه 2,مدیریت مالی,دانشگاه خوارزمی تهران
1397,انسانی,1991,209,ایثارگر-5%,آموزش زبان و ادبیات فارسی - بومی استان یزد,پردیس فاطمه الزهرا (س) - یزد
1397,انسانی,1995,348,منطقه 3,آموزش زبان و ادبیات فارسی - بومی خراسان شمالی,پردیس شهید هاشمی نژاد - مشهد
1397,انسانی,1997,349,منطقه 3,روانشناسی,دانشگاه شیراز
1397,انسانی,2000,796,منطقه 2,آموزش علوم اجتماعی - بومی استان سمنان,پردیس نسیبه - تهران
1397,انسانی,2002,210,ایثارگر-5%,اقتصاد,دانشگاه علامه طباطبایی - تهران
1397,انسانی,2004,798,منطقه 2,حقوق,دانشگاه بوعلی سینا - همدان
1397,انسانی,2006,351,منطقه 3,آموزش علوم اجتماعی - بومی سیستان وبلوچستان,پردیس شهید مطهری - زاهدان
1397,انسانی,2007,799,منطقه 2,روانشناسی,دانشگاه گیلان - رشت
1397,انسانی,2009,352,منطقه 3,آموزش ابتدایی - بومی استان کرمان,پردیس شهید باهنر - کرمان
1397,انسانی,2009,859,منطقه 1,مدیریت بازرگانی,دانشگاه اصفهان
1397,انسانی,2012,801,منطقه 2,روانشناسی,دانشگاه بوعلی سینا - همدان
1397,انسانی,2015,353,منطقه 3,آموزش راهنمایی ومشاوره - بومی آذربایجان شرقی,پردیس علامه طباطبایی - ارومیه
1397,انسانی,2020,354,منطقه 3,آموزش کودکان استثنایی - بومی استان کرمان,پردیس فاطمه الزهرا (س) - یزد
1397,انسانی,2023,807,منطقه 2,آموزش زبان و ادبیات فارسی - بومی گیلان,پردیس شهید رجایی - قزوین
1397,انسانی,2023,861,منطقه 1,مشاوره,دانشگاه اصفهان
1397,انسانی,2027,809,منطقه 2,حقوق,دانشگاه بین المللی امام خمینی(ره) - قزوین
1397,انسانی,2027,862,منطقه 1,مدیریت دولتی,دانشگاه تهران
1397,انسانی,2029,811,منطقه 2,آموزش ابتدایی - بومی استان اصفهان,پردیس فاطمه الزهرا (س) - اصفهان
1397,انسانی,2044,816,منطقه 2,آموزش راهنمایی ومشاوره - بومی استان قزوین,پردیس بنت الهدی صدر-قزوین
1397,انسانی,2048,818,منطقه 2,حسابداری,دانشگاه فردوسی - مشهد
1397,انسانی,2052,216,ایثارگر-5%,کارشناسی ارشد پیوسته معارف اسلامی و حقوق,دانشگاه شهید باهنر - کرمان
1397,انسانی,2052,871,منطقه 1,اقتصاد,دانشگاه علامه طباطبایی - تهران
1397,انسانی,2052,871,منطقه 1,فقه و مبانی حقوق اسلامی,دانشگاه فردوسی - مشهد
1397,انسانی,2059,365,منطقه 3,جامعه شناسی,دانشگاه علامه طباطبایی - تهران
1397,انسانی,2062,366,منطقه 3,حقوق,دانشگاه فردوسی - مشهد
1397,انسانی,2065,875,منطقه 1,روانشناسی,دانشگاه خوارزمی - تهران (محل تحصیل کرج)
1397,انسانی,2069,826,منطقه 2,علوم ارتباطات اجتماعی,دانشگاه تهران
1397,انسانی,2078,217,ایثارگر-5%,آموزش علوم اجتماعی - بومی استان تهران,پردیس نسیبه - تهران
1397,انسانی,2078,369,منطقه 3,آموزش ابتدایی - بومی مازندران,پردیس فاطمه الزهرا(س) ساری
1397,انسانی,2078,879,منطقه 1,حقوق,دانشگاه بوعلی سینا - همدان
1397,انسانی,2082,832,منطقه 2,حقوق,دانشگاه شیراز
1397,انسانی,2087,218,ایثارگر-5%,روانشناسی,دانشگاه مازندران - بابلسر
1397,انسانی,2087,835,منطقه 2,آموزش راهنمایی ومشاوره - بومی خراسان رضوی,پردیس امام جعفر صادق - بجنورد
1397,انسانی,2098,372,منطقه 3,آموزش ابتدایی - بومی خوزستان,پردیس فاطمه الزهرا (س) - اهواز
1397,انسانی,2112,376,منطقه 3,آموزش زبان و ادبیات فارسی - بومی آذربایجان شرقی,پردیس علامه طباطبایی - اردبیل
1397,انسانی,2112,844,منطقه 2,آموزش علوم اجتماعی - بومی استان زنجان,پردیس امیر کبیر - کرج
1397,انسانی,2116,377,منطقه 3,علوم قضایی,دانشگاه علوم قضایی و خدمات ادارای دادگستری
1397,انسانی,2116,377,منطقه 3,فقه و مبانی حقوق اسلامی,دانشگاه تهران
1397,انسانی,2120,847,منطقه 2,آموزش زبان و ادبیات فارسی - بومی خراسان شمالی,پردیس امام محمد باقر - بجنورد
1397,انسانی,2123,380,منطقه 3,آموزش راهنمایی ومشاوره - بومی استان یزد,پردیس فاطمه الزهرا (س) - یزد
1397,انسانی,2126,898,منطقه 1,حقوق,دانشگاه غیرانتفاعی علم و فرهنگ - تهران
1397,انسانی,2135,384,منطقه 3,آموزش راهنمایی ومشاوره - بومی کهگیلویه وبویراحمد,پردیس حضرت رسول اکرم - اهواز
1397,انسانی,2137,851,منطقه 2,اقتصاد,دانشگاه تهران
1397,انسانی,2140,903,منطقه 1,روانشناسی,دانشگاه اصفهان
1397,انسانی,2140,903,منطقه 1,روانشناسی,دانشگاه شهید مطهری
1397,انسانی,2143,386,منطقه 3,حقوق,دانشگاه اصفهان
1397,انسانی,2143,853,منطقه 2,اقتصاد,دانشگاه فردوسی - مشهد
1397,انسانی,2145,222,ایثارگر-5%,آموزش راهنمایی ومشاوره - بومی خراسان شمالی,پردیس شهید بهشتی - مشهد
1397,انسانی,2148,856,منطقه 2,حقوق,دانشگاه یزد
1397,انسانی,2148,906,منطقه 1,فقه و مبانی حقوق اسلامی,دانشگاه فردوسی - مشهد
1397,انسانی,2156,388,منطقه 3,آموزش جغرافیا - بومی استان کرمان,پردیس امام سجاد - بیرجند
1397,انسانی,2156,858,منطقه 2,حسابداری,دانشگاه خوارزمی تهران
1397,انسانی,2160,390,منطقه 3,علوم قضایی,دانشگاه علوم قضایی و خدمات ادارای دادگستری
1397,انسانی,2163,391,منطقه 3,آموزش علوم اجتماعی - بومی استان کرمان,پردیس فاطمه الزهرا (س) - یزد
1397,انسانی,2168,912,منطقه 1,آموزش زبان و ادبیات فارسی - بومی فارس,پردیس شهید رجایی - شیراز
1397,انسانی,2172,865,منطقه 2,آموزش ابتدایی - بومی خراسان رضوی,پردیس شهید هاشمی نژاد - مشهد
1397,انسانی,2172,865,منطقه 2,حسابداری,دانشگاه علامه طباطبایی - تهران
1397,انسانی,2174,915,منطقه 1,مدیریت امور بانکی,دانشگاه خوارزمی تهران
1397,انسانی,2178,394,منطقه 3,روانشناسی,دانشگاه شیراز
1397,انسانی,2178,917,منطقه 1,حقوق,دانشگاه تبریز
1397,انسانی,2178,917,منطقه 1,فقه و مبانی حقوق اسلامی,دانشگاه فردوسی - مشهد
1397,انسانی,2183,225,ایثارگر-5%,مدیریت بازرگانی,دانشگاه فردوسی - مشهد
1397,انسانی,2191,871,منطقه 2,حقوق,دانشگاه قم
1397,انسانی,2204,401,منطقه 3,آموزش زبان و ادبیات فارسی - بومی کهگیلویه وبویراحمد,پردیس شهید باهنر - شیراز
1397,انسانی,2204,876,منطقه 2,آموزش زبان و ادبیات فارسی - بومی خراسان جنوبی,پردیس شهید هاشمی نژاد - مشهد
1397,انسانی,2206,402,منطقه 3,حقوق,دانشگاه تبریز
1397,انسانی,2207,877,منطقه 2,آموزش راهنمایی ومشاوره - بومی هرمزگان,پردیس فاطمه الزهرا (س) - بندرعباس
1397,انسانی,2210,230,ایثارگر-5%,حقوق,دانشگاه غیرانتفاعی امام رضا(ع) - مشهد
1397,انسانی,2210,403,منطقه 3,آموزش علوم اجتماعی - بومی کردستان,پردیس شهید صدوقی - کرمانشاه
1397,انسانی,2210,878,منطقه 2,آموزش زبان و ادبیات فارسی - بومی مرکزی,پردیس زینب کبری (س) - اراک
1397,انسانی,2216,232,ایثارگر-5%,فقه و مبانی حقوق اسلامی,دانشگاه فردوسی - مشهد
1397,انسانی,2216,405,منطقه 3,آموزش علوم اجتماعی - بومی خراسان جنوبی,پردیس امام سجاد - بیرجند
1397,انسانی,2216,880,منطقه 2,حقوق,دانشگاه یزد
1397,انسانی,2221,407,منطقه 3,آموزش ابتدایی - بومی استان کرمان,پردیس شهید باهنر - کرمان
1397,انسانی,2230,233,ایثارگر-5%,حقوق,دانشگاه شیراز
1397,انسانی,2230,411,منطقه 3,آموزش ابتدایی - بومی استان کرمانشاه,پردیس شهید رجایی - کرمانشاه
1397,انسانی,2239,941,منطقه 1,حقوق,دانشگاه گلستان - گرگان
1397,انسانی,2241,413,منطقه 3,آموزش راهنمایی ومشاوره - بومی استان کرمان,پردیس فاطمه الزهرا (س) - بندرعباس
1397,انسانی,2244,414,منطقه 3,آموزش ابتدایی - بومی گیلان,پردیس بنت الهدی صدر - رشت
1397,انسانی,2247,415,منطقه 3,آموزش زبان و ادبیات فارسی - بومی استان همدان,پردیس شهید باهنر - همدان
1397,انسانی,2251,236,ایثارگر-5%,آموزش زبان و ادبیات فارسی - بومی مازندران,پردیس فاطمه الزهرا(س) ساری
1397,انسانی,2251,890,منطقه 2,حقوق,دانشگاه بین المللی امام خمینی(ره) - قزوین
1397,انسانی,2254,892,منطقه 2,کارشناسی ارشد پیوسته معارف اسلامی و حقوق,دانشگاه شهید باهنر - کرمان
1397,انسانی,2256,893,منطقه 2,کارشناسی ارشد پیوسته معارف اسلامی و حقوق,دانشگاه ولی عصر(عج) - رفسنجان
1397,انسانی,2264,950,منطقه 1,آموزش ابتدایی - بومی آذربایجان شرقی,پردیس فاطمه الزهرا (س) - تبریز
1397,انسانی,2272,899,منطقه 2,آموزش علوم اجتماعی - بومی استان قم,پردیس نسیبه - تهران
1397,انسانی,2272,899,منطقه 2,حقوق,دانشگاه بین المللی امام خمینی(ره) - قزوین
1397,انسانی,2280,423,منطقه 3,حقوق,دانشگاه تبریز
1397,انسانی,2280,423,منطقه 3,روانشناسی,دانشگاه یزد
1397,انسانی,2284,957,منطقه 1,مشاوره,دانشگاه اصفهان
1397,انسانی,2287,425,منطقه 3,آموزش زبان و ادبیات فارسی - بومی آذربایجان شرقی,پردیس علامه طباطبایی - اردبیل
1397,انسانی,2289,427,منطقه 3,آموزش زبان و ادبیات فارسی - بومی آذربایجان غربی,پردیس شهید رجایی - ارومیه
1397,انسانی,2292,428,منطقه 3,آموزش راهنمایی ومشاوره - بومی خراسان جنوبی,پردیس خواجه نصیرالدین طوسی - کرمان
1397,انسانی,2300,905,منطقه 2,حقوق,دانشگاه سمنان
1397,انسانی,2300,965,منطقه 1,مشاوره,دانشگاه اصفهان
1397,انسانی,2306,432,منطقه 3,آموزش ابتدایی - بومی کردستان,پردیس شهید مدرس - سنندج
1397,انسانی,2306,907,منطقه 2,آموزش تاریخ - بومی استان سمنان,پردیس امیر کبیر - کرج
1397,انسانی,2312,244,ایثارگر-5%,آموزش زبان و ادبیات فارسی - بومی استان زنجان,پردیس علامه طباطبایی - اردبیل
1397,انسانی,2315,910,منطقه 2,حسابداری,دانشگاه شیراز
1397,انسانی,2316,972,منطقه 1,حسابداری,دانشگاه علامه طباطبایی - تهران
1397,انسانی,2317,911,منطقه 2,روانشناسی,دانشگاه بوعلی سینا - همدان
1397,انسانی,2320,974,منطقه 1,حقوق,دانشگاه تبریز
1397,انسانی,2329,915,منطقه 2,فقه و مبانی حقوق اسلامی,دانشگاه تهران
1397,انسانی,2336,918,منطقه 2,آموزش ابتدایی - بومی استان سمنان,پردیس شهید رجایی - سمنان
1397,انسانی,2336,918,منطقه 2,حقوق,دانشگاه اصفهان
1397,انسانی,2340,438,منطقه 3,آموزش علوم اجتماعی - بومی خراسان رضوی,پردیس امام سجاد - بیرجند
1397,انسانی,2342,439,منطقه 3,حقوق,دانشگاه بوعلی سینا - همدان
1397,انسانی,2345,441,منطقه 3,آموزش جغرافیا - بومی آذربایجان شرقی,پردیس حکیم ابوالقاسم فردوسی - کرج
1397,انسانی,2348,443,منطقه 3,آموزش علوم اجتماعی - بومی استان کرمان,پردیس فاطمه الزهرا (س) - یزد
1397,انسانی,2351,983,منطقه 1,روانشناسی,دانشگاه خوارزمی - تهران (محل تحصیل کرج)
1397,انسانی,2354,925,منطقه 2,آموزش ابتدایی - بومی مازندران,پردیس فاطمه الزهرا(س) ساری
1397,انسانی,2360,988,منطقه 1,حقوق,دانشگاه اصفهان
1397,انسانی,2366,450,منطقه 3,آموزش زبان و ادبیات فارسی - بومی استان اصفهان,پردیس شهید باهنر - اصفهان
1397,انسانی,2377,934,منطقه 2,آموزش علوم اجتماعی - بومی مازندران,پردیس فاطمه الزهرا(س) ساری
1397,انسانی,2377,993,منطقه 1,روانشناسی,دانشگاه تبریز
1397,انسانی,2382,250,ایثارگر-5%,حقوق,دانشگاه شاهد - تهران
1397,انسانی,2382,453,منطقه 3,آموزش ابتدایی - بومی استان کرمان,پردیس خواجه نصیرالدین طوسی - کرمان
1397,انسانی,2392,936,منطقه 2,روانشناسی,دانشگاه مازندران - بابلسر
1397,انسانی,2398,252,ایثارگر-5%,آموزش زبان و ادبیات فارسی - بومی استان اصفهان,پردیس فاطمه الزهرا (س) - اصفهان
1397,انسانی,2402,457,منطقه 3,آموزش زبان و ادبیات فارسی - بومی استان اصفهان,پردیس فاطمه الزهرا (س) - اصفهان
1397,انسانی,2407,943,منطقه 2,آموزش ابتدایی - بومی استان اصفهان,پردیس فاطمه الزهرا (س) - اصفهان
1397,انسانی,2407,943,منطقه 2,حقوق,دانشگاه کاشان
1397,انسانی,2410,459,منطقه 3,آموزش راهنمایی ومشاوره - بومی استان کرمانشاه,پردیس شهید صدوقی - کرمانشاه
1397,انسانی,2413,946,منطقه 2,آموزش زبان و ادبیات فارسی - بومی مرکزی,پردیس زینب کبری (س) - اراک
1397,انسانی,2421,949,منطقه 2,فقه و حقوق اسلامی,دانشگاه شهید باهنر - کرمان
1397,انسانی,2424,461,منطقه 3,آموزش علوم اجتماعی - بومی لرستان,پردیس شهید صدوقی - کرمانشاه
1397,انسانی,2431,952,منطقه 2,آموزش علوم اجتماعی - بومی استان قم,پردیس نسیبه - تهران
1397,انسانی,2439,255,ایثارگر-5%,آموزش راهنمایی ومشاوره - بومی فارس,پردیس کوثر - یاسوج
1397,انسانی,2441,256,ایثارگر-5%,حقوق,دانشگاه قم
1397,انسانی,2448,465,منطقه 3,آموزش زبان و ادبیات فارسی - بومی استان همدان,پردیس شهید باهنر - همدان
1397,انسانی,2448,957,منطقه 2,آموزش ابتدایی - بومی استان یزد,پردیس شهید پاک نژاد - یزد
1397,انسانی,2453,467,منطقه 3,آموزش علوم اجتماعی - بومی کهگیلویه وبویراحمد,پردیس بنت الهدی صدر - بوشهر
1397,انسانی,2455,469,منطقه 3,حقوق,دانشگاه تهران (محل تحصیل قم)
1397,انسانی,2459,471,منطقه 3,آموزش ابتدایی - بومی مازندران,پردیس فاطمه الزهرا(س) ساری
1397,انسانی,2467,474,منطقه 3,آموزش علوم اجتماعی - بومی مازندران,پردیس دکتر شریعتی - ساری
1397,انسانی,2467,959,منطقه 2,حقوق,دانشگاه مازندران - بابلسر
1397,انسانی,2471,259,ایثارگر-5%,آموزش ابتدایی - بومی استان اصفهان,پردیس فاطمه الزهرا (س) - اصفهان
1397,انسانی,2474,964,منطقه 2,آموزش راهنمایی ومشاوره - بومی استان کرمان,پردیس خواجه نصیرالدین طوسی - کرمان
1397,انسانی,2479,967,منطقه 2,حقوق,دانشگاه یزد
1397,انسانی,2487,260,ایثارگر-5%,حقوق,دانشگاه تبریز
1397,انسانی,2494,972,منطقه 2,آموزش جغرافیا - بومی استان سمنان,پردیس نسیبه - تهران
1397,انسانی,2498,476,منطقه 3,آموزش ابتدایی - بومی لرستان,پردیس آیت اله کمال وند - خرم آباد
1397,انسانی,2508,977,منطقه 2,آموزش راهنمایی ومشاوره - بومی استان قزوین,پردیس بنت الهدی صدر-قزوین
1397,انسانی,2515,479,منطقه 3,آموزش ابتدایی - بومی خراسان رضوی,پردیس شهید هاشمی نژاد - مشهد
1397,انسانی,2521,982,منطقه 2,روزنامه نگاری,دانشگاه صدا و سیمای جمهوری اسلامی ایران
1397,انسانی,2525,480,منطقه 3,آموزش زبان و ادبیات فارسی - بومی استان بوشهر,پردیس شهید رجایی - شیراز
1397,انسانی,2525,984,منطقه 2,آموزش کودکان استثنایی - بومی مازندران,پردیس بنت الهدی صدر - رشت
1397,انسانی,2530,482,منطقه 3,روانشناسی,دانشگاه الزهرا(س) - تهران
1397,انسانی,2538,261,ایثارگر-5%,حسابداری,دانشگاه الزهرا(س) - تهران
1397,انسانی,2538,487,منطقه 3,حقوق,دانشگاه کردستان - سنندج
1397,انسانی,2543,489,منطقه 3,حقوق,دانشگاه گیلان - رشت
1397,انسانی,2543,990,منطقه 2,آموزش ابتدایی - بومی استان همدان,پردیس شهید مقصودی - همدان
1397,انسانی,2543,990,منطقه 2,آموزش راهنمایی ومشاوره - بومی استان اصفهان,پردیس کوثر - یاسوج
1397,انسانی,2543,990,منطقه 2,حسابداری,دانشگاه خوارزمی تهران
1397,انسانی,2543,990,منطقه 2,روانشناسی,دانشگاه شهید باهنر - کرمان
1397,انسانی,2554,492,منطقه 3,آموزش تاریخ - بومی سیستان وبلوچستان,پردیس شهید باهنر - بیرجند
1397,انسانی,2554,995,منطقه 2,کارشناسی ارشد پیوسته معارف اسلامی و حقوق,دانشگاه شهید باهنر - کرمان
1397,انسانی,2561,264,ایثارگر-5%,حسابداری,دانشگاه الزهرا(س) - تهران
1397,انسانی,2561,996,منطقه 2,آموزش ابتدایی - بومی خراسان رضوی,پردیس شهید هاشمی نژاد - مشهد
1397,انسانی,2566,998,منطقه 2,مدیریت امور بانکی,دانشگاه خوارزمی تهران
1397,انسانی,2570,1000,منطقه 2,آموزش راهنمایی ومشاوره - بومی استان کرمان,پردیس فاطمه الزهرا (س) - بندرعباس
1397,انسانی,2579,499,منطقه 3,آموزش ابتدایی - بومی استان کرمان,پردیس شهید باهنر - کرمان
1397,انسانی,2589,503,منطقه 3,آموزش راهنمایی ومشاوره - بومی خراسان جنوبی,پردیس خواجه نصیرالدین طوسی - کرمان
1397,انسانی,2605,67,ایثارگر-25%,حقوق,دانشگاه شهید بهشتی - تهران
1397,انسانی,2622,512,منطقه 3,آموزش ابتدایی - بومی استان اصفهان,پردیس فاطمه الزهرا (س) - اصفهان
1397,انسانی,2625,270,ایثارگر-5%,حقوق,دانشگاه بوعلی سینا - همدان
1397,انسانی,2637,68,ایثارگر-25%,روانشناسی,دانشگاه یزد
1397,انسانی,2648,518,منطقه 3,آموزش راهنمایی ومشاوره - بومی استان کرمان,پردیس فاطمه الزهرا (س) - بندرعباس
1397,انسانی,2652,272,ایثارگر-5%,حقوق,دانشگاه شیراز
1397,انسانی,2652,272,ایثارگر-5%,روانشناسی,دانشگاه اصفهان
1397,انسانی,2652,521,منطقه 3,آموزش زبان و ادبیات فارسی - بومی خراسان رضوی,پردیس شهید بهشتی - مشهد
1397,انسانی,2661,71,ایثارگر-25%,آموزش زبان انگلیسی - بومی مرکزی,پردیس زینب کبری (س) - اراک
1397,انسانی,2683,527,منطقه 3,آموزش ابتدایی - بومی خراسان رضوی,پردیس شهید هاشمی نژاد - مشهد
1397,انسانی,2695,532,منطقه 3,آموزش راهنمایی ومشاوره - بومی استان زنجان,پردیس بنت الهدی صدر-قزوین
1397,انسانی,2695,532,منطقه 3,آموزش زبان و ادبیات فارسی - بومی خراسان رضوی,پردیس شهید بهشتی - مشهد
1397,انسانی,2708,536,منطقه 3,آموزش ابتدایی - بومی استان کرمان,پردیس خواجه نصیرالدین طوسی - کرمان
1397,انسانی,2715,279,ایثارگر-5%,آموزش ابتدایی - بومی کردستان,پردیس شهید مدرس - سنندج
1397,انسانی,2729,545,منطقه 3,آموزش راهنمایی ومشاوره - بومی البرز,پردیس امام علی - رشت
1397,انسانی,2734,281,ایثارگر-5%,فقه و حقوق اسلامی,دانشگاه شهید مطهری
1397,انسانی,2741,547,منطقه 3,آموزش ابتدایی - بومی کهگیلویه وبویراحمد,پردیس شهید ایزد پناه - یاسوج
1397,انسانی,2741,547,منطقه 3,آموزش راهنمایی ومشاوره - بومی خراسان رضوی,پردیس شهید بهشتی - مشهد
1397,انسانی,2751,551,منطقه 3,آموزش ابتدایی - بومی استان قم,پردیس حضرت معصومه - قم
1397,انسانی,2760,555,منطقه 3,آموزش ابتدایی - بومی آذربایجان شرقی,پردیس فاطمه الزهرا (س) - تبریز
1397,انسانی,2763,557,منطقه 3,آموزش راهنمایی ومشاوره - بومی استان ایلام,پردیس شهید رجایی - کرمانشاه
1397,انسانی,2767,560,منطقه 3,آموزش تاریخ - بومی استان کرمان,پردیس شهید باهنر - بیرجند
1397,انسانی,2770,561,منطقه 3,آموزش راهنمایی ومشاوره - بومی استان کرمان,پردیس فاطمه الزهرا (س) - بندرعباس
1397,انسانی,2777,286,ایثارگر-5%,آموزش ابتدایی - بومی استان همدان,پردیس شهید باهنر - همدان
1397,انسانی,2781,563,منطقه 3,آموزش ابتدایی - بومی آذربایجان شرقی,پردیس فاطمه الزهرا (س) - تبریز
1397,انسانی,2781,563,منطقه 3,آموزش زبان و ادبیات فارسی - بومی خراسان رضوی,پردیس شهید هاشمی نژاد - مشهد
1397,انسانی,2800,290,ایثارگر-5%,آموزش ابتدایی - بومی خراسان رضوی,پردیس شهید بهشتی - مشهد
1397,انسانی,2800,570,منطقه 3,آموزش ابتدایی - بومی خراسان جنوبی,پردیس شهید باهنر - بیرجند
1397,انسانی,2809,292,ایثارگر-5%,مدیریت بازرگانی,دانشگاه فردوسی - مشهد
1397,انسانی,2818,578,منطقه 3,حقوق,دانشگاه بین المللی امام خمینی(ره) - قزوین
1397,انسانی,2830,295,ایثارگر-5%,آموزش علوم اجتماعی - بومی آذربایجان غربی,پردیس شهید باهنر - همدان
1397,انسانی,2832,584,منطقه 3,فقه و مبانی حقوق اسلامی,دانشگاه تهران
1397,انسانی,2835,585,منطقه 3,اقتصاد,دانشگاه علامه طباطبایی - تهران
1397,انسانی,2862,592,منطقه 3,آموزش زبان و ادبیات فارسی - بومی خراسان رضوی,پردیس شهید هاشمی نژاد - مشهد
1397,انسانی,2862,592,منطقه 3,آموزش علوم اجتماعی - بومی کهگیلویه وبویراحمد,پردیس بنت الهدی صدر - بوشهر
1397,انسانی,2875,595,منطقه 3,حسابداری,دانشگاه اصفهان
1397,انسانی,2886,598,منطقه 3,آموزش راهنمایی ومشاوره - بومی خراسان شمالی,پردیس شهید بهشتی - مشهد
1397,انسانی,2896,305,ایثارگر-5%,آموزش زبان و ادبیات فارسی - بومی لرستان,پردیس شهید باهنر - اراک
1397,انسانی,2905,601,منطقه 3,حقوق,دانشگاه شیراز
1397,انسانی,2909,602,منطقه 3,آموزش زبان و ادبیات فارسی - بومی خراسان جنوبی,پردیس شهید بهشتی - مشهد
1397,انسانی,2919,310,ایثارگر-5%,حقوق,دانشگاه تبریز
1397,انسانی,2924,603,منطقه 3,آموزش تاریخ - بومی کهگیلویه وبویراحمد,پردیس علامه طباطبایی - خرم آباد
1397,انسانی,2924,603,منطقه 3,آموزش علوم اجتماعی - بومی سیستان وبلوچستان,پردیس شهید مطهری - زاهدان
1397,انسانی,2939,607,منطقه 3,آموزش راهنمایی ومشاوره - بومی فارس,پردیس کوثر - یاسوج
1397,انسانی,2944,610,منطقه 3,حقوق,دانشگاه قم
1397,انسانی,2958,615,منطقه 3,آموزش ابتدایی - بومی آذربایجان شرقی,پردیس فاطمه الزهرا (س) - تبریز
1397,انسانی,2963,618,منطقه 3,آموزش ابتدایی - بومی خراسان رضوی,پردیس شهید هاشمی نژاد - مشهد
1397,انسانی,2963,618,منطقه 3,آموزش ابتدایی - بومی کردستان,پردیس بنت الهدی صدر - سنندج
1397,انسانی,2971,621,منطقه 3,آموزش زبان و ادبیات فارسی - بومی آذربایجان شرقی,پردیس علامه طباطبایی - اردبیل
1397,انسانی,2978,313,ایثارگر-5%,آموزش ابتدایی - بومی استان کرمان,پردیس شهید باهنر - کرمان
1397,انسانی,2983,314,ایثارگر-5%,حسابداری,دانشگاه خوارزمی تهران
1397,انسانی,2987,629,منطقه 3,آموزش ابتدایی - بومی خوزستان,پردیس فاطمه الزهرا (س) - اهواز
1397,انسانی,2995,315,ایثارگر-5%,حقوق,دانشگاه سمنان
1397,انسانی,2995,632,منطقه 3,کارشناسی ارشد پیوسته معارف اسلامی و حقوق,دانشگاه شهید باهنر - کرمان
1397,انسانی,3022,636,منطقه 3,آموزش راهنمایی ومشاوره - بومی خراسان شمالی,پردیس امام جعفر صادق - بجنورد
1397,انسانی,3031,317,ایثارگر-5%,آموزش علوم اجتماعی - بومی استان همدان,پردیس شهید مقصودی - همدان
1397,انسانی,3071,650,منطقه 3,آموزش راهنمایی ومشاوره - بومی خراسان جنوبی,پردیس فاطمه الزهرا (س) - یزد
1397,انسانی,3085,322,ایثارگر-5%,مشاوره,دانشگاه اصفهان
1397,انسانی,3085,654,منطقه 3,آموزش زبان و ادبیات فارسی - بومی خراسان رضوی,پردیس شهید بهشتی - مشهد
1397,انسانی,3115,664,منطقه 3,روانشناسی,دانشگاه هرمزگان - بندرعباس
1397,انسانی,3126,666,منطقه 3,آموزش زبان و ادبیات فارسی - بومی خراسان جنوبی,پردیس شهید هاشمی نژاد - مشهد
1397,انسانی,3139,325,ایثارگر-5%,حقوق,دانشگاه بوعلی سینا - همدان
1397,انسانی,3139,668,منطقه 3,آموزش راهنمایی ومشاوره - بومی خراسان جنوبی,پردیس خواجه نصیرالدین طوسی - کرمان
1397,انسانی,3152,328,ایثارگر-5%,حقوق,دانشگاه کاشان
1397,انسانی,3152,673,منطقه 3,مدیریت صنعتی,دانشگاه شهید بهشتی - تهران
1397,انسانی,3164,675,منطقه 3,حسابداری,دانشگاه تهران (محل تحصیل قم)
1397,انسانی,3170,677,منطقه 3,آموزش راهنمایی ومشاوره - بومی خراسان شمالی,پردیس امام جعفر صادق - بجنورد
1397,انسانی,3177,330,ایثارگر-5%,آموزش زبان و ادبیات فارسی - بومی استان اصفهان,پردیس فاطمه الزهرا (س) - اصفهان
1397,انسانی,3177,681,منطقه 3,آموزش ابتدایی - بومی کردستان,پردیس شهید مدرس - سنندج
1397,انسانی,3177,681,منطقه 3,حسابداری,دانشگاه تهران
1397,انسانی,3185,331,ایثارگر-5%,حقوق,دانشگاه بوعلی سینا - همدان
1397,انسانی,3209,333,ایثارگر-5%,آموزش علوم اجتماعی - بومی مازندران,پردیس دکتر شریعتی - ساری
1397,انسانی,3209,687,منطقه 3,آموزش زبان و ادبیات فارسی - بومی کردستان,پردیس شهید باهنر - همدان
1397,انسانی,3209,687,منطقه 3,آموزش علوم اجتماعی - بومی استان سمنان,پردیس نسیبه - تهران
1397,انسانی,3216,334,ایثارگر-5%,جامعه شناسی,دانشگاه فردوسی - مشهد
1397,انسانی,3224,693,منطقه 3,آموزش راهنمایی ومشاوره - بومی استان کرمان,پردیس خواجه نصیرالدین طوسی - کرمان
1397,انسانی,3224,693,منطقه 3,آموزش زبان و ادبیات فارسی - بومی مازندران,پردیس دکتر شریعتی - ساری
1397,انسانی,3230,697,منطقه 3,آموزش ابتدایی - بومی استان کرمان,پردیس شهید باهنر - کرمان
1397,انسانی,3230,697,منطقه 3,آموزش راهنمایی ومشاوره - بومی خوزستان,پردیس فاطمه الزهرا (س) - اهواز
1397,انسانی,3230,697,منطقه 3,آموزش زبان و ادبیات فارسی - بومی فارس,پردیس شهید رجایی - شیراز
1397,انسانی,3243,699,منطقه 3,آموزش زبان و ادبیات فارسی - بومی کردستان,پردیس شهید مقصودی - همدان
1397,انسانی,3246,700,منطقه 3,آموزش زبان انگلیسی - بومی البرز,پردیس شهید چمران - تهران
1397,انسانی,3259,702,منطقه 3,آموزش علوم اجتماعی - بومی خراسان رضوی,پردیس شهید باهنر - بیرجند
1397,انسانی,3265,704,منطقه 3,آموزش ابتدایی - بومی کهگیلویه وبویراحمد,پردیس کوثر - یاسوج
1397,انسانی,3270,707,منطقه 3,آموزش راهنمایی ومشاوره - بومی استان کرمان,پردیس خواجه نصیرالدین طوسی - کرمان
1397,انسانی,3284,711,منطقه 3,روانشناسی,دانشگاه بوعلی سینا - همدان
1397,انسانی,3306,716,منطقه 3,آموزش علوم اجتماعی - بومی استان همدان,پردیس شهید باهنر - همدان
1397,انسانی,3337,723,منطقه 3,آموزش زبان و ادبیات فارسی - بومی خراسان جنوبی,پردیس شهید بهشتی - مشهد
1397,انسانی,3347,725,منطقه 3,حقوق,دانشگاه شهرکرد
1397,انسانی,3355,348,ایثارگر-5%,آموزش ابتدایی - بومی خراسان جنوبی,پردیس شهید باهنر - بیرجند
1397,انسانی,3359,728,منطقه 3,آموزش راهنمایی ومشاوره - بومی خراسان شمالی,پردیس شهید بهشتی - مشهد
1397,انسانی,3364,730,منطقه 3,آموزش جغرافیا - بومی کردستان,پردیس حکیم ابوالقاسم فردوسی - کرج
1397,انسانی,3364,730,منطقه 3,آموزش زبان و ادبیات فارسی - بومی خراسان رضوی,پردیس شهید هاشمی نژاد - مشهد
1397,انسانی,3369,351,ایثارگر-5%,مشاوره,دانشگاه الزهرا(س) - تهران
1397,انسانی,3369,732,منطقه 3,آموزش زبان و ادبیات فارسی - بومی لرستان,پردیس زینب کبری (س) - اراک
1397,انسانی,3387,738,منطقه 3,آموزش زبان و ادبیات فارسی - بومی گلستان,پردیس دکتر شریعتی - ساری
1397,انسانی,3400,742,منطقه 3,آموزش ابتدایی - بومی استان کرمان,پردیس خواجه نصیرالدین طوسی - کرمان
1397,انسانی,3403,743,منطقه 3,حقوق,دانشگاه محقق اردبیلی - اردبیل
1397,انسانی,3408,744,منطقه 3,آموزش زبان و ادبیات فارسی - بومی گیلان,پردیس فاطمه الزهرا(س) ساری
1397,انسانی,3413,746,منطقه 3,آموزش راهنمایی ومشاوره - بومی فارس,پردیس علامه طباطبایی - بوشهر
1397,انسانی,3424,750,منطقه 3,آموزش راهنمایی ومشاوره - بومی استان یزد,پردیس فاطمه الزهرا (س) - یزد
1397,انسانی,3445,757,منطقه 3,آموزش زبان و ادبیات فارسی - بومی فارس,پردیس شهید رجایی - شیراز
1397,انسانی,3452,359,ایثارگر-5%,آموزش زبان انگلیسی - بومی استان اصفهان,پردیس زینب کبری (س) - اراک
1397,انسانی,3452,760,منطقه 3,آموزش راهنمایی ومشاوره - بومی استان قزوین,پردیس بنت الهدی صدر-قزوین
1397,انسانی,3476,766,منطقه 3,آموزش زبان و ادبیات فارسی - بومی کهگیلویه وبویراحمد,پردیس بحرالعلوم - شهرکرد
1397,انسانی,3482,768,منطقه 3,آموزش علوم اجتماعی - بومی آذربایجان غربی,پردیس شهید مقصودی - همدان
1397,انسانی,3522,366,ایثارگر-5%,حقوق,دانشگاه شاهد - تهران
1397,انسانی,3533,781,منطقه 3,حقوق,دانشگاه فردوسی - مشهد
1397,انسانی,3545,783,منطقه 3,آموزش ابتدایی - بومی استان کرمان,پردیس خواجه نصیرالدین طوسی - کرمان
1397,انسانی,3554,370,ایثارگر-5%,حقوق,دانشگاه شهید مدنی آذربایجان - تبریز
1397,انسانی,3554,784,منطقه 3,آموزش زبان و ادبیات فارسی - بومی استان همدان,پردیس شهید باهنر - همدان
1397,انسانی,3560,787,منطقه 3,آموزش ابتدایی - بومی گیلان,پردیس بنت الهدی صدر - رشت
1397,انسانی,3565,371,ایثارگر-5%,حقوق,دانشگاه قم
1397,انسانی,3565,789,منطقه 3,آموزش ابتدایی - بومی خراسان جنوبی,پردیس امام سجاد - بیرجند
1397,انسانی,3568,790,منطقه 3,آموزش راهنمایی ومشاوره - بومی کهگیلویه وبویراحمد,پردیس حضرت رسول اکرم - اهواز
1397,انسانی,3578,792,منطقه 3,آموزش ابتدایی - بومی استان کرمان,پردیس شهید باهنر - کرمان
1397,انسانی,3590,793,منطقه 3,علوم سیاسی,دانشگاه علامه طباطبایی - تهران
1397,انسانی,3598,374,ایثارگر-5%,آموزش ابتدایی - بومی استان سمنان,پردیس فاطمه الزهرا (س) - سمنان
1397,انسانی,3613,801,منطقه 3,مدیریت بازرگانی,دانشگاه تهران
1397,انسانی,3622,805,منطقه 3,آموزش ابتدایی - بومی لرستان,پردیس علامه طباطبایی - خرم آباد
1397,انسانی,3622,805,منطقه 3,علوم تربیتی,دانشگاه تهران
1397,انسانی,3630,378,ایثارگر-5%,مدیریت صنعتی,دانشگاه شهید بهشتی - تهران
1397,انسانی,3630,808,منطقه 3,آموزش راهنمایی ومشاوره - بومی استان همدان,پردیس شهید صدوقی - کرمانشاه
1397,انسانی,3649,816,منطقه 3,آموزش راهنمایی ومشاوره - بومی آذربایجان شرقی,پردیس شهید رجایی - ارومیه
1397,انسانی,3649,816,منطقه 3,روانشناسی,دانشگاه بوعلی سینا - همدان
1397,انسانی,3658,382,ایثارگر-5%,حقوق,دانشگاه گیلان - رشت
1397,انسانی,3664,820,منطقه 3,آموزش راهنمایی ومشاوره - بومی خراسان شمالی,پردیس شهید بهشتی - مشهد
1397,انسانی,3668,821,منطقه 3,حقوق,دانشگاه مازندران - بابلسر
1397,انسانی,3671,823,منطقه 3,حقوق,دانشگاه کاشان
1397,انسانی,3691,831,منطقه 3,آموزش ابتدایی - بومی آذربایجان شرقی,پردیس علامه امینی - تبریز
1397,انسانی,3691,831,منطقه 3,آموزش تاریخ - بومی کردستان,پردیس حکیم ابوالقاسم فردوسی - کرج
1397,انسانی,3700,835,منطقه 3,آموزش راهنمایی ومشاوره - بومی خراسان رضوی,پردیس شهید بهشتی - مشهد
1397,انسانی,3706,837,منطقه 3,آموزش ابتدایی - بومی خراسان رضوی,پردیس شهید هاشمی نژاد - مشهد
1397,انسانی,3730,845,منطقه 3,حقوق,دانشگاه شهید مدنی آذربایجان - تبریز
1397,انسانی,3735,848,منطقه 3,آموزش ابتدایی - بومی استان ایلام,پردیس امام جعفر صادق - ایلام
1397,انسانی,3735,848,منطقه 3,آموزش ابتدایی - بومی استان یزد,پردیس فاطمه الزهرا (س) - یزد
1397,انسانی,3739,850,منطقه 3,آموزش ابتدایی - بومی استان ایلام,پردیس امام جعفر صادق - ایلام
1397,انسانی,3749,852,منطقه 3,حقوق,دانشگاه بیرجند
1397,انسانی,3753,854,منطقه 3,آموزش زبان و ادبیات فارسی - بومی خراسان جنوبی,پردیس شهید هاشمی نژاد - مشهد
1397,انسانی,3776,862,منطقه 3,آموزش ابتدایی - بومی استان اصفهان,پردیس فاطمه الزهرا (س) - اصفهان
1397,انسانی,3796,391,ایثارگر-5%,حقوق,دانشگاه یزد
1397,انسانی,3796,865,منطقه 3,حقوق,دانشگاه اصفهان
1397,انسانی,3804,867,منطقه 3,آموزش کودکان استثنایی - بومی آذربایجان شرقی,پردیس فاطمه الزهرا (س) - تبریز
1397,انسانی,3818,871,منطقه 3,آموزش ابتدایی - بومی کردستان,پردیس شهید مدرس - سنندج
1397,انسانی,3839,876,منطقه 3,روانشناسی,دانشگاه فردوسی - مشهد
1397,انسانی,3842,877,منطقه 3,حقوق,دانشگاه بوعلی سینا - همدان
1397,انسانی,3859,882,منطقه 3,آموزش زبان و ادبیات فارسی - بومی استان سمنان,پردیس نسیبه - تهران
1397,انسانی,3871,395,ایثارگر-5%,آموزش زبان انگلیسی - بومی خراسان جنوبی,پردیس شهید بهشتی - مشهد
1397,انسانی,3871,885,منطقه 3,حقوق,دانشگاه مازندران - بابلسر
1397,انسانی,3878,887,منطقه 3,آموزش زبان و ادبیات فارسی - بومی گلستان,پردیس فاطمه الزهرا(س) ساری
1397,انسانی,3888,396,ایثارگر-5%,آموزش زبان و ادبیات فارسی - بومی استان همدان,پردیس شهید مقصودی - همدان
1397,انسانی,3892,891,منطقه 3,آموزش علوم اجتماعی - بومی خراسان رضوی,پردیس امام سجاد - بیرجند
1397,انسانی,3898,397,ایثارگر-5%,فقه و مبانی حقوق اسلامی,دانشگاه فردوسی - مشهد
1397,انسانی,3898,894,منطقه 3,حقوق,دانشگاه شیراز
1397,انسانی,3918,901,منطقه 3,آموزش ابتدایی - بومی خراسان جنوبی,پردیس امام سجاد - بیرجند
1397,انسانی,3918,901,منطقه 3,آموزش زبان و ادبیات فارسی - بومی استان همدان,پردیس شهید مقصودی - همدان
1397,انسانی,3918,901,منطقه 3,روانشناسی,دانشگاه اصفهان
1397,انسانی,3924,905,منطقه 3,آموزش راهنمایی ومشاوره - بومی کهگیلویه وبویراحمد,پردیس کوثر - یاسوج
1397,انسانی,3929,908,منطقه 3,زبان و ادبیات فارسی,دانشگاه کردستان - سنندج
1397,انسانی,3935,909,منطقه 3,آموزش زبان و ادبیات فارسی - بومی سیستان وبلوچستان,پردیس رسالت - زاهدان
1397,انسانی,3953,917,منطقه 3,آموزش زبان و ادبیات فارسی - بومی خراسان شمالی,پردیس شهید هاشمی نژاد - مشهد
1397,انسانی,3966,919,منطقه 3,آموزش علوم اجتماعی - بومی استان کرمان,پردیس فاطمه الزهرا (س) - یزد
1397,انسانی,3966,919,منطقه 3,حقوق,دانشگاه زنجان
1397,انسانی,3973,921,منطقه 3,آموزش راهنمایی ومشاوره - بومی خراسان جنوبی,پردیس فاطمه الزهرا (س) - یزد
1397,انسانی,3995,406,ایثارگر-5%,حقوق,دانشگاه زنجان
1397,انسانی,3999,407,ایثارگر-5%,آموزش کودکان استثنایی - بومی کهگیلویه وبویراحمد,پردیس شهید رجایی - شیراز
1397,انسانی,3999,925,منطقه 3,آموزش جغرافیا - بومی کهگیلویه وبویراحمد,پردیس حضرت رسول اکرم - اهواز
1397,انسانی,4004,929,منطقه 3,آموزش راهنمایی ومشاوره - بومی کهگیلویه وبویراحمد,پردیس حضرت رسول اکرم - اهواز
1397,انسانی,4004,929,منطقه 3,آموزش زبان و ادبیات فارسی - بومی مرکزی,پردیس زینب کبری (س) - اراک
1397,انسانی,4004,929,منطقه 3,آموزش علوم اجتماعی - بومی کهگیلویه وبویراحمد,پردیس علامه طباطبایی - بوشهر
1397,انسانی,4011,933,منطقه 3,آموزش زبان و ادبیات فارسی - بومی خراسان رضوی,پردیس شهید بهشتی - مشهد
1397,انسانی,4011,933,منطقه 3,حقوق,دانشگاه شیراز
1397,انسانی,4037,937,منطقه 3,آموزش علوم اجتماعی - بومی استان همدان,پردیس شهید باهنر - همدان
1397,انسانی,4042,940,منطقه 3,آموزش ابتدایی - بومی خراسان رضوی,پردیس شهید بهشتی - مشهد
1397,انسانی,4047,942,منطقه 3,آموزش راهنمایی ومشاوره - بومی استان زنجان,پردیس شهید رجایی - قزوین
1397,انسانی,4052,944,منطقه 3,آموزش ابتدایی - بومی خراسان جنوبی,پردیس امام سجاد - بیرجند
1397,انسانی,4059,947,منطقه 3,آموزش علوم اجتماعی - بومی استان همدان,پردیس شهید مقصودی - همدان
1397,انسانی,4063,949,منطقه 3,آموزش ابتدایی - بومی فارس,پردیس شهید باهنر - شیراز
1397,انسانی,4069,952,منطقه 3,آموزش راهنمایی ومشاوره - بومی آذربایجان شرقی,پردیس شهید رجایی - ارومیه
1397,انسانی,4069,952,منطقه 3,آموزش راهنمایی ومشاوره - بومی خراسان شمالی,پردیس شهید بهشتی - مشهد
1397,انسانی,4069,952,منطقه 3,آموزش زبان و ادبیات فارسی - بومی آذربایجان غربی,پردیس علامه طباطبایی - ارومیه
1397,انسانی,4076,955,منطقه 3,آموزش ابتدایی - بومی استان کرمان,پردیس خواجه نصیرالدین طوسی - کرمان
1397,انسانی,4076,955,منطقه 3,حقوق,دانشگاه گلستان - گرگان
1397,انسانی,4080,413,ایثارگر-5%,آموزش علوم اجتماعی - بومی مازندران,پردیس دکتر شریعتی - ساری
1397,انسانی,4090,959,منطقه 3,آموزش ابتدایی - بومی آذربایجان شرقی,پردیس فاطمه الزهرا (س) - تبریز
1397,انسانی,4095,961,منطقه 3,آموزش ابتدایی - بومی کردستان,پردیس بنت الهدی صدر - سنندج
1397,انسانی,4102,964,منطقه 3,آموزش زبان و ادبیات فارسی - بومی استان کرمان,پردیس خواجه نصیرالدین طوسی - کرمان
1397,انسانی,4107,417,ایثارگر-5%,آموزش جغرافیا - بومی استان سمنان,پردیس نسیبه - تهران
1397,انسانی,4107,966,منطقه 3,فلسفه و حکمت اسلامی,دانشگاه الزهرا(س) - تهران
1397,انسانی,4112,970,منطقه 3,آموزش ابتدایی - بومی مازندران,پردیس فاطمه الزهرا(س) ساری
1397,انسانی,4123,975,منطقه 3,حسابداری,دانشگاه فردوسی - مشهد
1397,انسانی,4129,420,ایثارگر-5%,آموزش علوم اجتماعی - بومی استان اصفهان,پردیس فاطمه الزهرا (س) - یزد
1397,انسانی,4129,979,منطقه 3,آموزش ابتدایی - بومی کردستان,پردیس بنت الهدی صدر - سنندج
1397,انسانی,4135,982,منطقه 3,آموزش راهنمایی ومشاوره - بومی استان کرمان,پردیس خواجه نصیرالدین طوسی - کرمان
1397,انسانی,4135,982,منطقه 3,حقوق,دانشگاه شیراز
1397,انسانی,4138,984,منطقه 3,آموزش زبان و ادبیات فارسی - بومی خراسان رضوی,پردیس شهید هاشمی نژاد - مشهد
1397,انسانی,4143,985,منطقه 3,روانشناسی,دانشگاه تبریز
1397,انسانی,4150,986,منطقه 3,حقوق,دانشگاه قم
1397,انسانی,4162,992,منطقه 3,آموزش ابتدایی - بومی استان اردبیل,پردیس بنت الهدی صدر - اردبیل
1397,انسانی,4162,992,منطقه 3,آموزش تاریخ - بومی لرستان,پردیس آیت اله کمال وند - خرم آباد
1397,انسانی,4168,996,منطقه 3,آموزش زبان و ادبیات فارسی - بومی گلستان,پردیس فاطمه الزهرا(س) ساری
1397,انسانی,4168,996,منطقه 3,آموزش علوم اجتماعی - بومی خراسان جنوبی,پردیس شهید باهنر - بیرجند
1397,انسانی,4168,996,منطقه 3,روانشناسی,دانشگاه حکیم سبزواری - سبزوار
1397,انسانی,4204,427,ایثارگر-5%,آموزش علوم اجتماعی - بومی خراسان رضوی,پردیس امام سجاد - بیرجند
1397,انسانی,4204,427,ایثارگر-5%,حقوق,دانشگاه قم
1397,انسانی,4213,429,ایثارگر-5%,آموزش ابتدایی - بومی استان اصفهان,پردیس فاطمه الزهرا (س) - اصفهان
1397,انسانی,4250,430,ایثارگر-5%,آموزش ابتدایی - بومی استان قم,پردیس حضرت معصومه - قم
1397,انسانی,4304,434,ایثارگر-5%,حقوق,دانشگاه کاشان
1397,انسانی,4445,449,ایثارگر-5%,مدیریت بازرگانی,دانشگاه فردوسی - مشهد
1397,انسانی,4480,451,ایثارگر-5%,آموزش زبان و ادبیات فارسی - بومی مازندران,پردیس فاطمه الزهرا(س) ساری
1397,انسانی,4555,458,ایثارگر-5%,فقه و حقوق اسلامی,دانشگاه شهید مطهری
1397,انسانی,4581,462,ایثارگر-5%,آموزش راهنمایی ومشاوره - بومی خراسان جنوبی,پردیس فاطمه الزهرا (س) - یزد
1397,انسانی,4668,470,ایثارگر-5%,آموزش زبان انگلیسی - بومی سیستان وبلوچستان,پردیس شهید مطهری - زاهدان
1397,انسانی,4676,472,ایثارگر-5%,آموزش ابتدایی - بومی استان همدان,پردیس شهید باهنر - همدان
1397,انسانی,4717,480,ایثارگر-5%,آموزش ابتدایی - بومی استان تهران,پردیس شهید مفتح - شهرری
1397,انسانی,4748,482,ایثارگر-5%,جامعه شناسی,دانشگاه تهران
1397,انسانی,4823,487,ایثارگر-5%,حقوق,دانشگاه شاهد - تهران
1397,انسانی,5053,506,ایثارگر-5%,آموزش ابتدایی - بومی کهگیلویه وبویراحمد,پردیس شهید ایزد پناه - یاسوج
1397,انسانی,5063,507,ایثارگر-5%,حقوق,دانشگاه بین المللی امام خمینی(ره) - قزوین
1397,انسانی,5102,510,ایثارگر-5%,روانشناسی,دانشگاه کاشان
1397,انسانی,5102,510,ایثارگر-5%,مدیریت مالی,دانشگاه علامه طباطبایی - تهران
1397,انسانی,5276,528,ایثارگر-5%,حقوق,دانشگاه قم
1397,انسانی,5393,542,ایثارگر-5%,مشاوره,دانشگاه خوارزمی - تهران (محل تحصیل کرج)
1397,انسانی,5423,546,ایثارگر-5%,فقه و حقوق اسلامی,دانشگاه شهید مطهری
1397,انسانی,5452,550,ایثارگر-5%,علوم تربیتی,دانشگاه فردوسی - مشهد
1397,انسانی,5457,551,ایثارگر-5%,آموزش ابتدایی - بومی مرکزی,پردیس زینب کبری (س) - اراک
1397,انسانی,5466,553,ایثارگر-5%,حسابداری,دانشگاه فردوسی - مشهد
1397,انسانی,5493,556,ایثارگر-5%,آموزش علوم اجتماعی - بومی خوزستان,پردیس بنت الهدی صدر - بوشهر
1397,انسانی,5555,562,ایثارگر-5%,آموزش زبان و ادبیات فارسی - بومی البرز,پردیس بنت الهدی صدر-قزوین
1397,انسانی,5555,562,ایثارگر-5%,زبان و ادبیات فارسی,دانشگاه تهران
1397,انسانی,5565,565,ایثارگر-5%,حقوق,دانشگاه بوعلی سینا - همدان
1397,انسانی,5644,573,ایثارگر-5%,فقه و مبانی حقوق اسلامی,دانشگاه مازندران - بابلسر
1397,انسانی,5651,575,ایثارگر-5%,حقوق,دانشگاه گیلان - رشت
1397,انسانی,5665,578,ایثارگر-5%,علوم تربیتی,دانشگاه فردوسی - مشهد
1397,انسانی,5810,595,ایثارگر-5%,آموزش زبان و ادبیات فارسی - بومی آذربایجان غربی,پردیس شهید رجایی - ارومیه
1397,انسانی,5820,596,ایثارگر-5%,آموزش جغرافیا - بومی استان تهران,پردیس نسیبه - تهران
1397,انسانی,5967,609,ایثارگر-5%,علوم تربیتی,دانشگاه تهران
1397,انسانی,6034,614,ایثارگر-5%,آموزش ابتدایی - بومی استان سمنان,پردیس فاطمه الزهرا (س) - سمنان
1397,انسانی,6043,616,ایثارگر-5%,آموزش راهنمایی ومشاوره - بومی استان یزد,پردیس فاطمه الزهرا (س) - یزد
1397,انسانی,6043,616,ایثارگر-5%,مدیریت بیمه اکو,دانشگاه علامه طباطبایی - تهران (محل تحصیل مؤسسه آموزش عالی بیمه اکو)
1397,انسانی,6059,618,ایثارگر-5%,آموزش ابتدایی - بومی استان یزد,پردیس فاطمه الزهرا (س) - یزد
1397,انسانی,6130,627,ایثارگر-5%,آموزش ابتدایی - بومی کردستان,پردیس شهید مدرس - سنندج
1397,انسانی,6143,628,ایثارگر-5%,حسابداری,دانشگاه علامه طباطبایی - تهران
1397,انسانی,6191,631,ایثارگر-5%,علوم سیاسی,دانشگاه شهید بهشتی - تهران
1397,انسانی,6219,638,ایثارگر-5%,فقه و مبانی حقوق اسلامی,دانشگاه الزهرا(س) - تهران
1397,انسانی,6327,644,ایثارگر-5%,علوم قرآن و حدیث,دانشگاه اصفهان
1397,انسانی,6464,655,ایثارگر-5%,آموزش راهنمایی ومشاوره - بومی خراسان جنوبی,پردیس خواجه نصیرالدین طوسی - کرمان
1397,انسانی,6492,657,ایثارگر-5%,آموزش ابتدایی - بومی استان کرمان,پردیس شهید باهنر - کرمان
1397,انسانی,6514,659,ایثارگر-5%,آموزش علوم اجتماعی - بومی استان اصفهان,پردیس فاطمه الزهرا (س) - یزد
1397,انسانی,6591,667,ایثارگر-5%,زبان و ادبیات عربی,دانشگاه شهید بهشتی - تهران
1397,انسانی,6679,673,ایثارگر-5%,آموزش ابتدایی - بومی گلستان,پردیس امام خمینی - گرگان
1397,انسانی,6721,681,ایثارگر-5%,آموزش علوم اجتماعی - بومی آذربایجان شرقی,پردیس شهید مقصودی - همدان
1397,انسانی,6748,685,ایثارگر-5%,حقوق,دانشگاه سمنان
1397,انسانی,6786,691,ایثارگر-5%,حقوق,دانشگاه سمنان
1397,انسانی,6836,700,ایثارگر-5%,آموزش جغرافیا - بومی استان زنجان,پردیس امیر کبیر - کرج
1397,انسانی,6854,704,ایثارگر-5%,حقوق,دانشگاه یزد
1397,انسانی,6868,706,ایثارگر-5%,روانشناسی,دانشگاه گیلان - رشت
1397,انسانی,6913,710,ایثارگر-5%,آموزش زبان و ادبیات فارسی - بومی مرکزی,پردیس زینب کبری (س) - اراک
1397,انسانی,6925,711,ایثارگر-5%,جغرافیا,دانشگاه تهران
1397,انسانی,6962,715,ایثارگر-5%,آموزش ابتدایی - بومی خراسان رضوی,پردیس شهید هاشمی نژاد - مشهد
1397,انسانی,7001,719,ایثارگر-5%,آموزش ابتدایی - بومی خراسان جنوبی,پردیس امام سجاد - بیرجند
1397,انسانی,7073,728,ایثارگر-5%,آموزش ابتدایی - بومی استان همدان,پردیس شهید باهنر - همدان
1397,انسانی,7161,737,ایثارگر-5%,آموزش تاریخ - بومی استان زنجان,پردیس حکیم ابوالقاسم فردوسی - کرج
1397,انسانی,7161,737,ایثارگر-5%,آموزش راهنمایی ومشاوره - بومی استان سمنان,پردیس فاطمه الزهرا (س) - سمنان
1397,انسانی,7161,737,ایثارگر-5%,حقوق,دانشگاه گلستان - گرگان
1397,انسانی,7185,740,ایثارگر-5%,حقوق,دانشگاه سمنان
1397,انسانی,7236,747,ایثارگر-5%,مشاوره,دانشگاه خوارزمی - تهران (محل تحصیل کرج)
1397,انسانی,7247,749,ایثارگر-5%,آموزش تاریخ - بومی استان سمنان,پردیس شهید چمران - تهران
1397,انسانی,7271,750,ایثارگر-5%,حقوق,دانشگاه زنجان
1397,انسانی,7307,756,ایثارگر-5%,آموزش ابتدایی - بومی کردستان,پردیس بنت الهدی صدر - سنندج
1397,انسانی,7330,758,ایثارگر-5%,حقوق,دانشگاه محقق اردبیلی - اردبیل
1397,انسانی,7418,767,ایثارگر-5%,آموزش ابتدایی - بومی استان اصفهان,پردیس فاطمه الزهرا (س) - اصفهان
1397,انسانی,7428,771,ایثارگر-5%,آموزش ابتدایی - بومی استان یزد,پردیس فاطمه الزهرا (س) - یزد
1397,انسانی,7428,771,ایثارگر-5%,آموزش ابتدایی - بومی لرستان,پردیس آیت اله کمال وند - خرم آباد
1397,انسانی,7521,782,ایثارگر-5%,آموزش زبان و ادبیات فارسی - بومی استان سمنان,پردیس نسیبه - تهران
1397,انسانی,7557,785,ایثارگر-5%,آموزش راهنمایی ومشاوره - بومی فارس,پردیس کوثر - یاسوج
1397,انسانی,7744,801,ایثارگر-5%,آموزش ابتدایی - بومی کهگیلویه وبویراحمد,پردیس شهید ایزد پناه - یاسوج
1397,انسانی,7744,801,ایثارگر-5%,فقه و مبانی حقوق اسلامی,دانشگاه فردوسی - مشهد
1397,انسانی,7758,803,ایثارگر-5%,حقوق,دانشگاه سمنان
1397,انسانی,7824,809,ایثارگر-5%,حقوق,دانشگاه شهید چمران اهواز
1397,انسانی,7854,814,ایثارگر-5%,آموزش ابتدایی - بومی کردستان,پردیس شهید مدرس - سنندج
1397,انسانی,7860,815,ایثارگر-5%,حقوق,دانشگاه شهید چمران اهواز
1397,انسانی,7898,818,ایثارگر-5%,آموزش ابتدایی - بومی کهگیلویه وبویراحمد,پردیس کوثر - یاسوج
1397,انسانی,7909,822,ایثارگر-5%,آموزش ابتدایی - بومی خراسان جنوبی,پردیس امام سجاد - بیرجند
1397,انسانی,7922,825,ایثارگر-5%,آموزش ابتدایی - بومی استان یزد,پردیس فاطمه الزهرا (س) - یزد
1397,انسانی,7922,825,ایثارگر-5%,آموزش علوم اجتماعی - بومی چهارمحال وبختیاری,پردیس شهید باهنر - اصفهان
1397,انسانی,7957,830,ایثارگر-5%,حقوق,دانشگاه کردستان - سنندج
1397,انسانی,7990,833,ایثارگر-5%,آموزش راهنمایی ومشاوره - بومی آذربایجان شرقی,پردیس شهید رجایی - ارومیه
1397,انسانی,8061,837,ایثارگر-5%,علوم تربیتی,دانشگاه الزهرا(س) - تهران
1397,انسانی,8120,844,ایثارگر-5%,آموزش راهنمایی ومشاوره - بومی استان یزد,پردیس شهید پاک نژاد - یزد
1397,انسانی,8164,851,ایثارگر-5%,حسابداری,دانشگاه فردوسی - مشهد
1397,انسانی,8255,859,ایثارگر-5%,فقه و حقوق اسلامی,دانشگاه شهید مطهری
1397,انسانی,8297,862,ایثارگر-5%,آموزش راهنمایی ومشاوره - بومی خراسان جنوبی,پردیس خواجه نصیرالدین طوسی - کرمان
1397,انسانی,8331,865,ایثارگر-5%,روانشناسی,دانشگاه گیلان - رشت
1397,انسانی,8358,869,ایثارگر-5%,حسابداری,دانشگاه تهران (محل تحصیل قم)
1397,انسانی,8380,871,ایثارگر-5%,جامعه شناسی,دانشگاه شهید بهشتی - تهران
1397,انسانی,8421,873,ایثارگر-5%,علوم قرآن و حدیث,دانشگاه فردوسی - مشهد
1397,انسانی,8491,876,ایثارگر-5%,آموزش ابتدایی - بومی استان اصفهان,پردیس فاطمه الزهرا (س) - اصفهان
1397,انسانی,8502,878,ایثارگر-5%,آموزش ابتدایی - بومی خراسان جنوبی,پردیس امام سجاد - بیرجند
1397,انسانی,8518,880,ایثارگر-5%,آموزش ابتدایی - بومی خراسان رضوی,پردیس شهید بهشتی - مشهد
1397,انسانی,8535,882,ایثارگر-5%,آموزش ابتدایی - بومی استان اصفهان,پردیس فاطمه الزهرا (س) - اصفهان
1397,انسانی,8565,884,ایثارگر-5%,آموزش زبان و ادبیات فارسی - بومی فارس,پردیس شهید باهنر - شیراز
1397,انسانی,8717,894,ایثارگر-5%,حقوق,دانشگاه یزد
1397,انسانی,8738,897,ایثارگر-5%,آموزش ابتدایی - بومی گلستان,پردیس امام خمینی - گرگان
1397,انسانی,8858,912,ایثارگر-5%,علوم تربیتی,دانشگاه الزهرا(س) - تهران
1397,انسانی,8912,917,ایثارگر-5%,روانشناسی,دانشگاه یزد(محل تحصیل شهرستان مهریز)
1397,انسانی,8923,919,ایثارگر-5%,حسابداری,دانشگاه مازندران - بابلسر
1397,انسانی,8963,920,ایثارگر-5%,آموزش ابتدایی - بومی خوزستان,پردیس فاطمه الزهرا (س) - اهواز
1397,انسانی,9039,928,ایثارگر-5%,حسابداری,دانشگاه فردوسی - مشهد
1397,انسانی,9072,931,ایثارگر-5%,آموزش ابتدایی - بومی گلستان,پردیس امام خمینی - گرگان
1397,انسانی,9083,933,ایثارگر-5%,آموزش ابتدایی - بومی آذربایجان شرقی,پردیس علامه امینی - تبریز
1397,انسانی,9122,936,ایثارگر-5%,حقوق,مجتمع آموزش عالی گناباد
1397,انسانی,9122,936,ایثارگر-5%,علوم تربیتی,دانشگاه اصفهان
1397,انسانی,9254,944,ایثارگر-5%,حسابداری,دانشگاه بوعلی سینا - همدان
1397,انسانی,9268,946,ایثارگر-5%,روانشناسی,دانشگاه تبریز
1397,انسانی,9330,954,ایثارگر-5%,آموزش زبان و ادبیات فارسی - بومی فارس,پردیس شهید رجایی - شیراز
1397,انسانی,9446,961,ایثارگر-5%,آموزش ابتدایی - بومی آذربایجان شرقی,پردیس فاطمه الزهرا (س) - تبریز
1397,انسانی,9456,963,ایثارگر-5%,آموزش راهنمایی ومشاوره - بومی خراسان شمالی,پردیس شهید بهشتی - مشهد
1397,انسانی,9456,963,ایثارگر-5%,حقوق,دانشگاه یزد
1397,انسانی,9477,966,ایثارگر-5%,آموزش ابتدایی - بومی کردستان,پردیس بنت الهدی صدر - سنندج
1397,انسانی,9477,966,ایثارگر-5%,اقتصاد,دانشگاه فردوسی - مشهد
1397,انسانی,9607,976,ایثارگر-5%,آموزش ابتدایی - بومی استان قم,پردیس آیت اله طالقانی - قم
1397,انسانی,9634,979,ایثارگر-5%,آموزش ابتدایی - بومی خراسان جنوبی,پردیس امام سجاد - بیرجند
1397,انسانی,9645,980,ایثارگر-5%,حقوق,دانشگاه مراغه
1397,انسانی,9655,982,ایثارگر-5%,روانشناسی,دانشگاه گیلان - رشت
1397,انسانی,9670,984,ایثارگر-5%,حقوق,دانشگاه یزد
1397,انسانی,9696,988,ایثارگر-5%,اقتصاد,دانشگاه علامه طباطبایی - تهران
1397,انسانی,9727,990,ایثارگر-5%,حقوق,دانشگاه کردستان - سنندج
1397,انسانی,9758,991,ایثارگر-5%,آموزش راهنمایی ومشاوره - بومی خراسان رضوی,پردیس شهید بهشتی - مشهد
1397,انسانی,9793,993,ایثارگر-5%,آموزش ابتدایی - بومی آذربایجان شرقی,پردیس فاطمه الزهرا (س) - تبریز
1397,انسانی,9823,995,ایثارگر-5%,حقوق,دانشگاه زنجان
1397,انسانی,9857,999,ایثارگر-5%,آموزش ابتدایی - بومی استان همدان,پردیس شهید باهنر - همدان
1397,انسانی,9867,1000,ایثارگر-5%,آموزش ابتدایی - بومی استان اردبیل,پردیس علامه طباطبایی - اردبیل
1397,هنر,4,4,منطقه 1,سینما,دانشگاه هنر تهران
1397,هنر,27,2,ایثارگر-5%,سینما,دانشگاه هنر تهران
1397,هنر,29,1,منطقه 3,طراحی صنعتی,دانشگاه تهران
1397,هنر,30,20,منطقه 1,ارتباط تصویری,دانشگاه تهران
1397,هنر,33,10,منطقه 2,سینما,دانشگاه هنر تهران
1397,هنر,55,36,منطقه 1,سینما,دانشگاه هنر تهران
1397,هنر,64,20,منطقه 2,سینما,دانشگاه هنر تهران
1397,هنر,71,23,منطقه 2,سینما,دانشگاه هنر تهران
1397,هنر,77,51,منطقه 1,مجسمه سازی,دانشگاه تهران
1397,هنر,80,26,منطقه 2,نوازندگی موسیقی ایرانی,دانشگاه گیلان - رشت
1397,هنر,83,28,منطقه 2,نقاشی,دانشگاه هنر تهران
1397,هنر,85,29,منطقه 2,نوازندگی موسیقی جهانی,دانشگاه تهران
1397,هنر,95,33,منطقه 2,طراحی لباس,دانشگاه الزهرا(س) - تهران
1397,هنر,100,34,منطقه 2,سینما,دانشگاه هنر تهران
1397,هنر,117,40,منطقه 2,طراحی صنعتی,دانشگاه تهران
1397,هنر,118,76,منطقه 1,ارتباط تصویری,دانشگاه الزهرا(س) - تهران
1397,هنر,133,91,منطقه 1,نقاشی,دانشگاه تهران
1397,هنر,143,44,منطقه 2,ارتباط تصویری,دانشگاه هنر تهران
1397,هنر,144,10,ایثارگر-5%,آهنگسازی,دانشگاه هنر (محل تحصیل پردیس کرج)
1397,هنر,166,12,ایثارگر-5%,فرش,دانشگاه هنر تهران
1397,هنر,183,57,منطقه 2,ارتباط تصویری,دانشگاه هنر تهران
1397,هنر,214,65,منطقه 2,آهنگسازی,دانشگاه هنر اصفهان
1397,هنر,215,66,منطقه 2,عکاسی,دانشگاه هنر تهران
1397,هنر,230,18,ایثارگر-5%,سینما,دانشگاه هنر تهران
1397,هنر,233,7,منطقه 3,سینما,دانشگاه هنر تهران
1397,هنر,234,8,منطقه 3,سینما,دانشگاه هنر تهران
1397,هنر,251,165,منطقه 1,ادبیات نمایشی,دانشگاه هنرشیراز
1397,هنر,261,9,منطقه 3,طراحی صنعتی,دانشگاه تهران
1397,هنر,266,21,ایثارگر-5%,سینما,دانشگاه غیرانتفاعی سوره - تهران
1397,هنر,267,85,منطقه 2,عکاسی,دانشگاه هنر تهران
1397,هنر,269,87,منطقه 2,سینما,دانشگاه غیرانتفاعی سوره - تهران
1397,هنر,271,89,منطقه 2,ادبیات نمایشی,دانشگاه هنر تهران
1397,هنر,286,183,منطقه 1,مجسمه سازی,دانشگاه هنر تهران
1397,هنر,291,96,منطقه 2,سینما,دانشگاه غیرانتفاعی سوره - تهران
1397,هنر,294,97,منطقه 2,سینما,دانشگاه غیرانتفاعی سوره - تهران
1397,هنر,300,99,منطقه 2,نقاشی,دانشگاه الزهرا(س) - تهران
1397,هنر,302,100,منطقه 2,طراحی صحنه,دانشگاه تهران
1397,هنر,314,11,منطقه 3,سینما,دانشگاه هنر تهران
1397,هنر,315,12,منطقه 3,پزشکی,دانشگاه علوم پزشکی ایران
1397,هنر,319,202,منطقه 1,آهنگسازی,دانشگاه هنر اصفهان
1397,هنر,321,106,منطقه 2,آموزش ارتباط تصویری - بومی البرز,پردیس نسیبه - تهران
1397,هنر,332,109,منطقه 2,سینما,دانشگاه غیرانتفاعی سوره - تهران
1397,هنر,349,115,منطقه 2,مهندسی هوا فضا,دانشگاه صنعتی شریف - تهران
1397,هنر,367,234,منطقه 1,ارتباط تصویری,دانشگاه الزهرا(س) - تهران
1397,هنر,376,36,ایثارگر-5%,تلویزیون و هنرهای دیجیتالی,دانشگاه صدا و سیمای جمهوری اسلامی ایران
1397,هنر,391,126,منطقه 2,آموزش ارتباط تصویری - بومی استان همدان,پردیس بنت الهدی صدر - سنندج
1397,هنر,422,140,منطقه 2,سینما,دانشگاه غیرانتفاعی سوره - تهران
1397,هنر,438,147,منطقه 2,ارتباط تصویری,دانشگاه الزهرا(س) - تهران
1397,هنر,450,151,منطقه 2,کارگردانی تلویزیون,دانشگاه صدا و سیمای جمهوری اسلامی ایران
1397,هنر,501,174,منطقه 2,نقاشی,دانشگاه الزهرا(س) - تهران
1397,هنر,523,25,منطقه 3,طراحی صنعتی,دانشگاه تهران
1397,هنر,539,28,منطقه 3,پرستاری - بومی سیستان وبلوچستان بجز مراکز زاهدان,دانشگاه علوم پزشکی زاهدان
1397,هنر,543,29,منطقه 3,آموزش ارتباط تصویری - بومی خراسان شمالی,پردیس شهید هاشمی نژاد - مشهد
1397,هنر,551,52,ایثارگر-5%,ارتباط تصویری,دانشگاه الزهرا(س) - تهران
1397,هنر,556,192,منطقه 2,طراحی صنعتی,دانشگاه علم و صنعت ایران - تهران
1397,هنر,566,197,منطقه 2,طراحی صنعتی,دانشگاه هنر اصفهان
1397,هنر,569,199,منطقه 2,طراحی صنعتی,دانشگاه علم و صنعت ایران - تهران
1397,هنر,573,54,ایثارگر-5%,طراحی صنعتی,دانشگاه علم و صنعت ایران - تهران
1397,هنر,574,9,ایثارگر-25%,ارتباط تصویری,دانشگاه هنر تهران
1397,هنر,594,212,منطقه 2,فیزیک,دانشگاه علم و صنعت ایران - تهران
1397,هنر,615,220,منطقه 2,طراحی صنعتی,دانشگاه علم و صنعت ایران - تهران
1397,هنر,623,224,منطقه 2,ارتباط تصویری - بومی استان یزد,دانشگاه تربیت دبیر شهید رجایی_تهران
1397,هنر,636,230,منطقه 2,طراحی صنعتی,دانشگاه الزهرا(س) - تهران
1397,هنر,646,236,منطقه 2,ارتباط تصویری,دانشگاه الزهرا(س) - تهران
1397,هنر,655,239,منطقه 2,نوازندگی موسیقی ایرانی,دانشگاه گیلان - رشت
1397,هنر,657,241,منطقه 2,ادبیات نمایشی,دانشگاه هنرشیراز
1397,هنر,660,243,منطقه 2,نقاشی,دانشگاه الزهرا(س) - تهران
1397,هنر,665,246,منطقه 2,آهنگسازی,دانشگاه هنر اصفهان
1397,هنر,673,251,منطقه 2,طراحی پارچه,دانشکده فنی وحرفه ای دختران تهران (دکتر شریعتی)
1397,هنر,692,64,ایثارگر-5%,آهنگسازی,دانشگاه هنر (محل تحصیل پردیس کرج)
1397,هنر,705,260,منطقه 2,سینما,دانشگاه غیرانتفاعی سوره - تهران
1397,هنر,707,13,ایثارگر-25%,ارتباط تصویری,دانشگاه تهران
1397,هنر,708,261,منطقه 2,ارتباط تصویری,دانشگاه الزهرا(س) - تهران
1397,هنر,715,264,منطقه 2,ارتباط تصویری - بومی خراسان رضوی,دانشگاه تربیت دبیر شهید رجایی_تهران
1397,هنر,715,264,منطقه 2,طراحی صنعتی,دانشگاه الزهرا(س) - تهران
1397,هنر,742,69,ایثارگر-5%,ارتباط تصویری,دانشگاه غیرانتفاعی سوره - تهران
1397,هنر,745,70,ایثارگر-5%,مهندسی صنایع,دانشگاه صنعتی امیرکبیر - تهران
1397,هنر,750,271,منطقه 2,ارتباط تصویری,دانشگاه الزهرا(س) - تهران
1397,هنر,753,42,منطقه 3,نوازندگی موسیقی ایرانی,دانشگاه تهران
1397,هنر,762,277,منطقه 2,مهندسی مکانیک,دانشگاه کاشان
1397,هنر,775,281,منطقه 2,نوازندگی موسیقی ایرانی,دانشگاه تهران
1397,هنر,785,16,ایثارگر-25%,ارتباط تصویری,دانشگاه هنر تهران
1397,هنر,785,44,منطقه 3,معماری داخلی,دانشگاه هنر تهران
1397,هنر,790,286,منطقه 2,آموزش ارتباط تصویری - بومی استان اصفهان,پردیس فاطمه الزهرا (س) - اصفهان
1397,هنر,795,45,منطقه 3,عکاسی,دانشگاه هنر اصفهان
1397,هنر,807,294,منطقه 2,کارگردانی تلویزیون,دانشگاه صدا و سیمای جمهوری اسلامی ایران
1397,هنر,816,46,منطقه 3,طراحی صنعتی,دانشگاه تهران
1397,هنر,915,54,منطقه 3,ارتباط تصویری,دانشگاه تهران
1397,هنر,1031,94,ایثارگر-5%,نقاشی,دانشگاه الزهرا(س) - تهران
1397,هنر,1050,70,منطقه 3,ادبیات نمایشی,دانشگاه هنر تهران
1397,هنر,1194,110,ایثارگر-5%,طراحی صنعتی,دانشگاه الزهرا(س) - تهران
1397,هنر,1298,90,منطقه 3,فرش,دانشگاه هنر تهران
1397,هنر,1469,107,منطقه 3,مهندسی شیمی,دانشگاه تبریز
1397,هنر,1506,112,منطقه 3,مهندسی هوا فضا,دانشگاه صنعتی شریف - تهران
1397,هنر,1512,114,منطقه 3,علوم آزمایشگاهی,دانشگاه علوم پزشکی ایلام
1397,هنر,1530,143,ایثارگر-5%,ارتباط تصویری,دانشگاه الزهرا(س) - تهران
1397,هنر,1540,145,ایثارگر-5%,مهندسی صنایع,دانشگاه ارومیه
1397,هنر,1553,120,منطقه 3,طراحی صنعتی,دانشگاه الزهرا(س) - تهران
1397,هنر,1560,121,منطقه 3,پزشکی - نیمسال اول,دانشگاه علوم پزشکی تبریز
1397,هنر,1574,149,ایثارگر-5%,نقاشی,دانشگاه الزهرا(س) - تهران
1397,هنر,1594,125,منطقه 3,طراحی لباس,دانشکده فنی وحرفه ای دختران تهران (دکتر شریعتی)
1397,هنر,1604,150,ایثارگر-5%,روانشناسی,دانشگاه بین المللی امام خمینی(ره) - قزوین
1397,هنر,1664,138,منطقه 3,مدیریت خدمات بهداشتی درمانی,دانشگاه علوم پزشکی قزوین
1397,هنر,1693,140,منطقه 3,مهندسی کامپیوتر,دانشگاه مازندران - بابلسر
1397,هنر,1713,142,منطقه 3,تلویزیون و هنرهای دیجیتالی,دانشگاه دامغان
1397,هنر,1733,144,منطقه 3,هوشبری,دانشگاه علوم پزشکی ارومیه
1397,هنر,1738,145,منطقه 3,کارگردانی تلویزیون,دانشگاه صدا و سیمای جمهوری اسلامی ایران
1397,هنر,1740,147,منطقه 3,پزشکی - نیمسال اول,دانشگاه علوم پزشکی کرمان
1397,هنر,1750,148,منطقه 3,مهندسی بهداشت محیط,دانشگاه علوم پزشکی بیرجند
1397,هنر,1756,149,منطقه 3,پزشکی,دانشگاه علوم پزشکی تهران
1397,هنر,1779,162,ایثارگر-5%,طراحی لباس,دانشکده فنی وحرفه ای دختران تهران (دکتر شریعتی)
1397,هنر,1796,152,منطقه 3,بینایی سنجی,دانشگاه علوم پزشکی شهید بهشتی - تهران
1397,هنر,1806,156,منطقه 3,ارتباط تصویری,دانشگاه شیراز
1397,هنر,1816,166,ایثارگر-5%,نقاشی,دانشگاه الزهرا(س) - تهران
1397,هنر,1819,157,منطقه 3,آموزش زبان انگلیسی - بومی سیستان وبلوچستان,پردیس رسالت - زاهدان
1397,هنر,1837,169,ایثارگر-5%,نقاشی,دانشگاه زنجان
1397,هنر,1857,166,منطقه 3,علوم آزمایشگاهی,دانشگاه علوم پزشکی گناباد
1397,هنر,1895,174,منطقه 3,پزشکی,دانشگاه علوم پزشکی اردبیل - پردیس خودگردان
1397,هنر,1978,182,ایثارگر-5%,پرستاری,دانشگاه علوم پزشکی زنجان
1397,هنر,1990,188,منطقه 3,زبان و ادبیات انگلیسی,دانشگاه زنجان
1397,هنر,2114,206,منطقه 3,مهندسی برق,دانشگاه شیراز
1397,هنر,2144,213,منطقه 3,پرستاری,دانشگاه علوم پزشکی بابل
1397,هنر,2185,199,ایثارگر-5%,مهندسی شیمی,دانشگاه صنعتی شریف - تهران
1397,هنر,2190,200,ایثارگر-5%,مهندسی مکانیک,دانشگاه صنعتی اصفهان
1397,هنر,2198,221,منطقه 3,طراحی صحنه,دانشگاه تهران
1397,هنر,2227,201,ایثارگر-5%,تکنولوژی پرتوشناسی,دانشگاه علوم پزشکی ارومیه
1397,هنر,2285,234,منطقه 3,زیست شناسی جانوری,دانشگاه گلستان - گرگان
1397,هنر,2289,236,منطقه 3,پزشکی,دانشگاه علوم پزشکی بابل
1397,هنر,2343,243,منطقه 3,پزشکی - نیمسال دوم,دانشگاه علوم پزشکی تبریز
1397,هنر,2357,245,منطقه 3,طراحی صنعتی,دانشگاه هنر اصفهان
1397,هنر,2376,212,ایثارگر-5%,مهندسی صنایع,دانشگاه کاشان
1397,هنر,2389,250,منطقه 3,نوازندگی موسیقی ایرانی,دانشگاه گیلان - رشت
1397,هنر,2406,43,ایثارگر-25%,پزشکی - نیمسال اول,دانشگاه علوم پزشکی شیراز
1397,هنر,2430,259,منطقه 3,پزشکی - نیمسال اول,دانشگاه علوم پزشکی کرمان
1397,هنر,2430,259,منطقه 3,پزشکی - نیمسال دوم,دانشگاه علوم پزشکی شیراز
1397,هنر,2436,222,ایثارگر-5%,مهندسی مکانیک,دانشگاه صنعتی اصفهان
1397,هنر,2452,263,منطقه 3,پزشکی - نیمسال دوم,دانشگاه علوم پزشکی شیراز
1397,هنر,2465,268,منطقه 3,مهندسی صنایع,دانشگاه فردوسی - مشهد
1397,هنر,2485,272,منطقه 3,صنایع دستی,دانشگاه هنر اصفهان
1397,هنر,2487,273,منطقه 3,پزشکی - نیمسال اول,دانشگاه علوم پزشکی سبزوار
1397,هنر,2506,277,منطقه 3,ارتباط تصویری - بومی استان قزوین,دانشگاه تربیت دبیر شهید رجایی_تهران
1397,هنر,2555,236,ایثارگر-5%,پزشکی - نیمسال اول,دانشگاه علوم پزشکی مازندران - ساری
1397,هنر,2563,282,منطقه 3,بهداشت عمومی,دانشگاه علوم پزشکی البرز - کرج
1397,هنر,2577,237,ایثارگر-5%,مهندسی عمران,دانشگاه شاهد - تهران
1397,هنر,2577,237,ایثارگر-5%,نقاشی,دانشگاه هنر اصفهان
1397,هنر,2589,286,منطقه 3,آموزش ریاضی - بومی آذربایجان شرقی,پردیس فاطمه الزهرا (س) - تبریز
1397,هنر,2593,287,منطقه 3,مهندسی مکانیک,دانشگاه صنعتی نوشیروانی بابل
1397,هنر,2593,287,منطقه 3,کارشناسی ارشد پیوسته علوم قضایی,دانشگاه علوم قضایی و خدمات ادارای دادگستری
1397,هنر,2618,293,منطقه 3,ارتباط تصویری,دانشگاه بوعلی سینا - همدان
1397,هنر,2701,48,ایثارگر-25%,نقاشی,دانشگاه تهران
1397,هنر,2767,254,ایثارگر-5%,ارتباط تصویری,دانشگاه غیرانتفاعی سوره - تهران
1397,هنر,2829,260,ایثارگر-5%,مهندسی برق,دانشگاه علم و صنعت ایران - تهران
1397,هنر,2923,272,ایثارگر-5%,مهندسی پلیمر,دانشگاه صنعتی امیرکبیر - تهران
1397,هنر,2962,274,ایثارگر-5%,مهندسی صنایع,دانشگاه صنعتی خواجه نصیرالدین طوسی - تهران
1397,هنر,2972,275,ایثارگر-5%,مهندسی برق,دانشگاه شهید بهشتی - تهران
1397,هنر,3055,283,ایثارگر-5%,نوازندگی موسیقی جهانی,دانشگاه تهران
1397,هنر,3070,285,ایثارگر-5%,مهندسی مکانیک,دانشگاه کاشان
1397,هنر,3174,290,ایثارگر-5%,مهندسی عمران,دانشگاه صنعتی شریف - تهران
1397,هنر,3191,293,ایثارگر-5%,بهداشت مواد غذایی,دانشگاه فردوسی - مشهد
1397,هنر,3258,297,ایثارگر-5%,نقاشی,دانشگاه هنرشیراز
1397,هنر,3262,298,ایثارگر-5%,علوم و مهندسی شیلات,دانشگاه تهران (محل تحصیل کرج)
1397,هنر,3915,74,ایثارگر-25%,دندانپزشکی,دانشگاه علوم پزشکی تهران
1397,هنر,13744,264,ایثارگر-25%,مهندسی برق,دانشگاه صنعتی شریف - تهران
1397,زبان,1,1,منطقه 2,پزشکی - نیمسال اول,دانشگاه علوم پزشکی مشهد
1397,زبان,2,2,منطقه 2,پزشکی - نیمسال اول,دانشگاه علوم پزشکی سمنان
1397,زبان,5,1,منطقه 3,پزشکی,دانشگاه علوم پزشکی تهران
1397,زبان,6,2,منطقه 1,پزشکی - نیمسال دوم,دانشگاه علوم پزشکی شهید بهشتی - تهران
1397,زبان,7,3,منطقه 1,پزشکی - نیمسال اول,دانشگاه علوم پزشکی اصفهان
1397,زبان,9,1,ایثارگر-5%,پزشکی,دانشکده علوم پزشکی آبادان
1397,زبان,10,5,منطقه 1,فیزیک,دانشگاه صنعتی شریف - تهران
1397,زبان,12,5,منطقه 2,مهندسی مکانیک,دانشگاه صنعتی شریف - تهران
1397,زبان,13,7,منطقه 1,مهندسی کامپیوتر,دانشگاه صنعتی شریف - تهران
1397,زبان,16,9,منطقه 1,مهندسی برق,دانشگاه صنعتی شریف - تهران
1397,زبان,17,10,منطقه 1,پزشکی,دانشگاه علوم پزشکی تهران
1397,زبان,19,7,منطقه 2,پزشکی,دانشگاه علوم پزشکی ایران - پردیس خودگردان
1397,زبان,20,8,منطقه 2,مهندسی کامپیوتر,دانشگاه صنعتی شریف - تهران
1397,زبان,22,9,منطقه 2,زبان و ادبیات انگلیسی,دانشگاه تهران
1397,زبان,23,10,منطقه 2,زبان و ادبیات انگلیسی,دانشگاه تهران
1397,زبان,26,15,منطقه 1,مهندسی کامپیوتر,دانشگاه صنعتی شریف - تهران
1397,زبان,27,11,منطقه 2,دندانپزشکی,دانشگاه علوم پزشکی جندی شاپور اهواز
1397,زبان,30,12,منطقه 2,پزشکی,دانشگاه علوم پزشکی تهران
1397,زبان,31,18,منطقه 1,مهندسی کامپیوتر,دانشگاه فردوسی - مشهد
1397,زبان,32,3,ایثارگر-5%,پزشکی - نیمسال اول,دانشگاه علوم پزشکی شهید بهشتی - تهران
1397,زبان,36,22,منطقه 1,پزشکی,دانشگاه علوم پزشکی تهران
1397,زبان,40,2,منطقه 3,پزشکی - نیمسال اول,دانشگاه علوم پزشکی مشهد
1397,زبان,41,14,منطقه 2,مهندسی برق,دانشگاه صنعتی شریف - تهران
1397,زبان,42,1,ایثارگر-25%,پزشکی,دانشگاه علوم پزشکی تهران
1397,زبان,45,15,منطقه 2,مهندسی مکانیک,دانشگاه تهران
1397,زبان,48,4,ایثارگر-5%,پزشکی,دانشگاه علوم پزشکی تهران
1397,زبان,49,17,منطقه 2,دندانپزشکی - نیمسال اول,دانشگاه علوم پزشکی شهید بهشتی - تهران
1397,زبان,51,18,منطقه 2,پزشکی,دانشگاه علوم پزشکی تهران
1397,زبان,54,3,منطقه 3,پزشکی,دانشگاه علوم پزشکی ایلام
1397,زبان,55,34,منطقه 1,زبان و ادبیات انگلیسی,دانشگاه تهران
1397,زبان,56,19,منطقه 2,مهندسی برق,دانشگاه صنعتی شریف - تهران
1397,زبان,58,20,منطقه 2,پزشکی,دانشگاه علوم پزشکی قم
1397,زبان,60,22,منطقه 2,مهندسی برق,دانشگاه صنعتی شریف - تهران
1397,زبان,64,37,منطقه 1,مهندسی برق,دانشگاه شیراز
1397,زبان,68,24,منطقه 2,پزشکی,دانشگاه علوم پزشکی تهران
1397,زبان,70,25,منطقه 2,پزشکی,دانشگاه علوم پزشکی تهران
1397,زبان,74,43,منطقه 1,پزشکی - نیمسال دوم,دانشگاه علوم پزشکی تبریز
1397,زبان,75,7,منطقه 3,پزشکی - نیمسال اول,دانشگاه علوم پزشکی همدان
1397,زبان,77,26,منطقه 2,پزشکی - نیمسال اول,دانشگاه علوم پزشکی شیراز
1397,زبان,78,45,منطقه 1,پزشکی - نیمسال دوم,دانشگاه علوم پزشکی تبریز
1397,زبان,79,46,منطقه 1,پزشکی,دانشگاه علوم پزشکی تهران
1397,زبان,80,47,منطقه 1,مدیریت مالی,دانشگاه شهید بهشتی - تهران
1397,زبان,85,31,منطقه 2,داروسازی,دانشگاه علوم پزشکی مازندران - ساری
1397,زبان,86,32,منطقه 2,مهندسی برق,دانشگاه صنعتی شریف - تهران
1397,زبان,87,48,منطقه 1,مهندسی مکانیک,دانشگاه صنعتی شریف - تهران
1397,زبان,89,8,منطقه 3,مهندسی کامپیوتر,دانشگاه صنعتی شریف - تهران
1397,زبان,90,33,منطقه 2,پزشکی,دانشگاه علوم پزشکی قم
1397,زبان,91,50,منطقه 1,مهندسی برق,دانشگاه صنعتی شریف - تهران
1397,زبان,95,54,منطقه 1,مهندسی مکانیک,دانشگاه تهران
1397,زبان,97,56,منطقه 1,پزشکی,دانشگاه علوم پزشکی تهران
1397,زبان,98,7,ایثارگر-5%,مهندسی کامپیوتر,دانشگاه صنعتی شریف - تهران
1397,زبان,98,57,منطقه 1,مهندسی صنایع,دانشگاه تهران
1397,زبان,100,34,منطقه 2,داروسازی,دانشگاه علوم پزشکی البرز - کرج
1397,زبان,102,60,منطقه 1,پزشکی,دانشگاه علوم پزشکی تهران
1397,زبان,106,36,منطقه 2,پزشکی,دانشگاه علوم پزشکی تهران
1397,زبان,108,37,منطقه 2,پزشکی - نیمسال اول,دانشگاه علوم پزشکی همدان
1397,زبان,109,64,منطقه 1,پزشکی - نیمسال دوم,دانشگاه علوم پزشکی شهید بهشتی - تهران
1397,زبان,110,65,منطقه 1,دندانپزشکی,دانشگاه علوم پزشکی ارومیه - پردیس خودگردان
1397,زبان,111,38,منطقه 2,زبان و ادبیات انگلیسی,دانشگاه تهران
1397,زبان,112,39,منطقه 2,پزشکی - نیمسال اول,دانشگاه علوم پزشکی تبریز
1397,زبان,113,40,منطقه 2,پزشکی,دانشگاه علوم پزشکی ایران
1397,زبان,118,67,منطقه 1,حقوق,دانشگاه شهید بهشتی - تهران
1397,زبان,121,69,منطقه 1,پزشکی - نیمسال اول,دانشگاه علوم پزشکی البرز - کرج
1397,زبان,124,72,منطقه 1,پزشکی,دانشگاه علوم پزشکی تهران
1397,زبان,126,46,منطقه 2,مهندسی عمران,دانشگاه صنعتی شریف - تهران
1397,زبان,127,10,ایثارگر-5%,علوم کامپیوتر,دانشگاه صنعتی شریف - تهران
1397,زبان,129,48,منطقه 2,دندانپزشکی,دانشگاه علوم پزشکی تهران
1397,زبان,130,74,منطقه 1,روانشناسی,دانشگاه فردوسی - مشهد
1397,زبان,132,49,منطقه 2,مهندسی هوا فضا,دانشگاه صنعتی خواجه نصیرالدین طوسی - تهران
1397,زبان,133,76,منطقه 1,پزشکی - نیمسال اول,دانشگاه علوم پزشکی شیراز
1397,زبان,135,51,منطقه 2,پزشکی - نیمسال اول,دانشگاه علوم پزشکی اصفهان
1397,زبان,138,78,منطقه 1,مهندسی کامپیوتر,دانشگاه صنعتی شریف - تهران
1397,زبان,140,52,منطقه 2,پزشکی - نیمسال اول,دانشگاه علوم پزشکی مشهد
1397,زبان,140,80,منطقه 1,دندانپزشکی,دانشگاه علوم پزشکی اصفهان
1397,زبان,143,53,منطقه 2,داروسازی,دانشگاه علوم پزشکی کرمان
1397,زبان,143,82,منطقه 1,علوم آزمایشگاهی,دانشگاه علوم پزشکی شیراز (محل تحصیل استهبان)
1397,زبان,145,83,منطقه 1,پزشکی - نیمسال اول,دانشگاه علوم پزشکی اصفهان
1397,زبان,147,54,منطقه 2,پزشکی,دانشگاه علوم پزشکی ایران
1397,زبان,151,55,منطقه 2,داروسازی,دانشگاه علوم پزشکی مازندران - ساری
1397,زبان,151,55,منطقه 2,پزشکی,دانشگاه علوم پزشکی قزوین
1397,زبان,151,87,منطقه 1,فیزیک,دانشگاه صنعتی شریف - تهران
1397,زبان,155,58,منطقه 2,علوم کامپیوتر,دانشگاه تهران
1397,زبان,157,90,منطقه 1,پزشکی,دانشگاه علوم پزشکی تهران
1397,زبان,159,92,منطقه 1,دندانپزشکی,دانشگاه علوم پزشکی البرز - کرج
1397,زبان,160,59,منطقه 2,پزشکی - نیمسال دوم,دانشگاه علوم پزشکی مشهد
1397,زبان,161,60,منطقه 2,مهندسی برق,دانشگاه صنعتی شریف - تهران
1397,زبان,166,97,منطقه 1,زیست شناسی سلولی مولکولی,دانشگاه اصفهان
1397,زبان,167,10,منطقه 3,داروسازی,دانشگاه علوم پزشکی مازندران-ساری پردیس خودگردان(محل تحصیل رامسر)
1397,زبان,167,14,ایثارگر-5%,داروسازی,دانشگاه علوم پزشکی مشهد
1397,زبان,170,99,منطقه 1,مهندسی کامپیوتر,دانشگاه صنعتی شریف - تهران
1397,زبان,172,61,منطقه 2,مهندسی صنایع,دانشگاه صنعتی شریف - تهران
1397,زبان,174,62,منطقه 2,پزشکی,دانشگاه علوم پزشکی ایران
1397,زبان,176,103,منطقه 1,پزشکی - نیمسال اول,دانشگاه علوم پزشکی شهید بهشتی - تهران
1397,زبان,178,64,منطقه 2,مترجمی زبان انگلیسی,دانشگاه علامه طباطبایی - تهران
1397,زبان,178,64,منطقه 2,پزشکی,دانشگاه علوم پزشکی ایران
1397,زبان,181,105,منطقه 1,ریاضیات و کاربردها,دانشگاه صنعتی شریف - تهران
1397,زبان,182,106,منطقه 1,پزشکی,دانشگاه علوم پزشکی گلستان - گرگان
1397,زبان,184,66,منطقه 2,پزشکی,دانشگاه علوم پزشکی تهران
1397,زبان,187,67,منطقه 2,زبان و ادبیات انگلیسی,دانشگاه فردوسی - مشهد
1397,زبان,192,112,منطقه 1,پزشکی - نیمسال اول,دانشگاه علوم پزشکی جهرم
1397,زبان,193,113,منطقه 1,پزشکی,دانشگاه علوم پزشکی قزوین
1397,زبان,194,114,منطقه 1,پزشکی,دانشگاه علوم پزشکی جیرفت
1397,زبان,197,16,ایثارگر-5%,فیزیک مهندسی,دانشگاه تهران
1397,زبان,197,70,منطقه 2,مهندسی کامپیوتر,دانشگاه شیراز
1397,زبان,199,117,منطقه 1,پزشکی - نیمسال اول,دانشگاه علوم پزشکی اصفهان
1397,زبان,201,72,منطقه 2,پزشکی - نیمسال اول,دانشگاه علوم پزشکی تبریز
1397,زبان,204,12,منطقه 3,پزشکی,دانشگاه علوم پزشکی کردستان - سنندج
1397,زبان,204,120,منطقه 1,پزشکی - نیمسال اول,دانشگاه علوم پزشکی مشهد
1397,زبان,206,74,منطقه 2,پزشکی - نیمسال اول,دانشگاه علوم پزشکی شهید بهشتی - تهران
1397,زبان,211,76,منطقه 2,پزشکی,دانشگاه علوم پزشکی بوشهر
1397,زبان,214,78,منطقه 2,پزشکی - نیمسال دوم,دانشگاه علوم پزشکی شیراز
1397,زبان,215,125,منطقه 1,پزشکی,دانشگاه علوم پزشکی تهران
1397,زبان,216,79,منطقه 2,زبان و ادبیات انگلیسی,دانشگاه علامه طباطبایی - تهران
1397,زبان,218,80,منطقه 2,پزشکی - نیمسال اول,دانشگاه علوم پزشکی سبزوار
1397,زبان,225,19,ایثارگر-5%,ریاضیات و کاربردها,دانشگاه صنعتی شریف - تهران
1397,زبان,226,132,منطقه 1,مهندسی مواد و متالورژی,دانشگاه صنعتی شریف - تهران
1397,زبان,227,133,منطقه 1,داروسازی - بومی فارس محل خدمت لار لارستان,دانشگاه علوم پزشکی شیراز
1397,زبان,231,84,منطقه 2,پزشکی - نیمسال دوم,دانشگاه علوم پزشکی اصفهان
1397,زبان,235,13,منطقه 3,پزشکی,دانشگاه علوم پزشکی تهران
1397,زبان,237,86,منطقه 2,پزشکی - نیمسال دوم,دانشگاه علوم پزشکی شهید بهشتی - تهران
1397,زبان,237,138,منطقه 1,پزشکی,دانشگاه علوم پزشکی تهران
1397,زبان,242,88,منطقه 2,مهندسی کامپیوتر,دانشگاه صنعتی امیرکبیر - تهران
1397,زبان,243,89,منطقه 2,پزشکی,دانشگاه علوم پزشکی تهران
1397,زبان,245,90,منطقه 2,پزشکی - نیمسال دوم,دانشگاه علوم پزشکی همدان
1397,زبان,247,22,ایثارگر-5%,پزشکی - نیمسال اول,دانشگاه علوم پزشکی شهید بهشتی - تهران
1397,زبان,251,92,منطقه 2,پزشکی - نیمسال اول,دانشگاه علوم پزشکی شهید بهشتی - تهران
1397,زبان,252,93,منطقه 2,مهندسی مکانیک,دانشگاه صنعتی امیرکبیر - تهران
1397,زبان,256,95,منطقه 2,پزشکی,دانشگاه علوم پزشکی ایران
1397,زبان,258,147,منطقه 1,پزشکی,دانشگاه علوم پزشکی تهران
1397,زبان,259,96,منطقه 2,پزشکی,دانشگاه علوم پزشکی بابل
1397,زبان,259,96,منطقه 2,پزشکی,دانشگاه علوم پزشکی تهران
1397,زبان,262,99,منطقه 2,پزشکی - نیمسال اول,دانشگاه علوم پزشکی تبریز
1397,زبان,265,100,منطقه 2,پزشکی,دانشگاه علوم پزشکی ایران
1397,زبان,266,101,منطقه 2,پزشکی,دانشگاه علوم پزشکی ایران
1397,زبان,272,103,منطقه 2,پزشکی,دانشگاه علوم پزشکی کاشان
1397,زبان,274,104,منطقه 2,دندانپزشکی - نیمسال اول,دانشگاه علوم پزشکی شهید بهشتی - تهران
1397,زبان,276,106,منطقه 2,پزشکی,دانشگاه علوم پزشکی تهران
1397,زبان,279,17,منطقه 3,پزشکی - نیمسال اول,دانشگاه علوم پزشکی شیراز
1397,زبان,284,158,منطقه 1,مهندسی کامپیوتر,دانشگاه صنعتی شریف - تهران
1397,زبان,289,112,منطقه 2,پزشکی - نیمسال اول,دانشگاه علوم پزشکی شهید بهشتی - تهران
1397,زبان,291,113,منطقه 2,مهندسی شیمی,دانشگاه تهران
1397,زبان,293,163,منطقه 1,داروسازی,دانشگاه علوم پزشکی تهران
1397,زبان,297,115,منطقه 2,پزشکی,دانشگاه علوم پزشکی ایران
1397,زبان,300,118,منطقه 2,پزشکی,دانشگاه علوم پزشکی تهران
1397,زبان,302,119,منطقه 2,دندانپزشکی,دانشگاه علوم پزشکی البرز - کرج
1397,زبان,303,120,منطقه 2,پزشکی,دانشگاه علوم پزشکی تهران
1397,زبان,304,18,منطقه 3,علوم کامپیوتر,دانشگاه صنعتی شریف - تهران
1397,زبان,308,168,منطقه 1,مهندسی برق,دانشگاه صنعتی شریف - تهران
1397,زبان,308,168,منطقه 1,پزشکی - نیمسال اول,دانشگاه علوم پزشکی جندی شاپور اهواز
1397,زبان,314,31,ایثارگر-5%,پزشکی - نیمسال دوم,دانشگاه علوم پزشکی مشهد
1397,زبان,314,126,منطقه 2,پزشکی - نیمسال اول,دانشگاه علوم پزشکی اصفهان
1397,زبان,316,171,منطقه 1,پزشکی,دانشگاه علوم پزشکی تهران
1397,زبان,322,129,منطقه 2,پزشکی,دانشگاه علوم پزشکی تهران
1397,زبان,324,177,منطقه 1,داروسازی,دانشگاه علوم پزشکی تهران - پردیس خودگردان
1397,زبان,325,178,منطقه 1,داروسازی,دانشگاه علوم پزشکی مشهد - پردیس خودگردان
1397,زبان,326,130,منطقه 2,پزشکی - نیمسال دوم,دانشگاه علوم پزشکی مشهد
1397,زبان,327,131,منطقه 2,پزشکی - نیمسال دوم,دانشگاه علوم پزشکی شهید بهشتی - تهران
1397,زبان,328,19,منطقه 3,دندانپزشکی,دانشگاه علوم پزشکی گیلان - رشت
1397,زبان,331,132,منطقه 2,داروسازی,دانشگاه علوم پزشکی گیلان - رشت
1397,زبان,331,132,منطقه 2,مهندسی صنایع,دانشگاه صنعتی شریف - تهران
1397,زبان,333,134,منطقه 2,مهندسی کامپیوتر,دانشگاه صنعتی امیرکبیر - تهران
1397,زبان,336,136,منطقه 2,مهندسی کامپیوتر,دانشگاه تهران
1397,زبان,338,182,منطقه 1,مهندسی مکانیک,دانشگاه صنعتی شریف - تهران
1397,زبان,341,138,منطقه 2,پزشکی - نیمسال دوم,دانشگاه علوم پزشکی اصفهان
1397,زبان,342,33,ایثارگر-5%,مهندسی کامپیوتر,دانشگاه علم و صنعت ایران - تهران
1397,زبان,345,140,منطقه 2,پزشکی,دانشگاه علوم پزشکی تهران
1397,زبان,345,140,منطقه 2,پزشکی,دانشگاه علوم پزشکی گیلان - رشت (محل تحصیل بندرانزلی) - پردیس خودگردان
1397,زبان,345,185,منطقه 1,دندانپزشکی,دانشگاه علوم پزشکی مشهد
1397,زبان,347,142,منطقه 2,پرستاری - نیمسال اول,دانشگاه علوم پزشکی تهران
1397,زبان,351,146,منطقه 2,دندانپزشکی,دانشگاه علوم پزشکی بابل
1397,زبان,352,147,منطقه 2,پزشکی,دانشگاه علوم پزشکی قم
1397,زبان,354,148,منطقه 2,داروسازی - بومی گیلان محل خدمت املش,دانشگاه علوم پزشکی گیلان - رشت
1397,زبان,359,189,منطقه 1,پزشکی - نیمسال دوم,دانشگاه علوم پزشکی تبریز
1397,زبان,365,21,منطقه 3,پزشکی,دانشگاه علوم پزشکی بیرجند
1397,زبان,367,153,منطقه 2,مهندسی کامپیوتر,دانشگاه شیراز
1397,زبان,367,193,منطقه 1,زبان و ادبیات انگلیسی,دانشگاه اصفهان
1397,زبان,369,195,منطقه 1,زبان و ادبیات انگلیسی,دانشگاه شهید بهشتی - تهران
1397,زبان,375,22,منطقه 3,دندانپزشکی,دانشگاه علوم پزشکی تهران
1397,زبان,377,156,منطقه 2,مهندسی کامپیوتر,دانشگاه صنعتی شریف - تهران
1397,زبان,379,157,منطقه 2,پزشکی - نیمسال دوم,دانشگاه علوم پزشکی اصفهان
1397,زبان,383,203,منطقه 1,زبان و ادبیات انگلیسی,دانشگاه علامه طباطبایی - تهران
1397,زبان,383,203,منطقه 1,پزشکی - نیمسال اول,دانشگاه علوم پزشکی شاهرود
1397,زبان,387,205,منطقه 1,مهندسی برق,دانشگاه صنعتی خواجه نصیرالدین طوسی - تهران
1397,زبان,389,207,منطقه 1,زبان و ادبیات انگلیسی,دانشگاه شهید بهشتی - تهران
1397,زبان,390,208,منطقه 1,حقوق,دانشگاه شهید بهشتی - تهران
1397,زبان,401,165,منطقه 2,پزشکی,دانشگاه علوم پزشکی تهران
1397,زبان,402,212,منطقه 1,داروسازی - نیمسال اول,دانشگاه علوم پزشکی تبریز
1397,زبان,402,212,منطقه 1,دندانپزشکی,دانشگاه علوم پزشکی تبریز
1397,زبان,405,167,منطقه 2,دندانپزشکی,دانشگاه علوم پزشکی کاشان
1397,زبان,410,169,منطقه 2,مهندسی برق,دانشگاه صنعتی شریف - تهران
1397,زبان,410,217,منطقه 1,مهندسی پلیمر,دانشگاه فردوسی - مشهد
1397,زبان,412,39,ایثارگر-5%,دندانپزشکی,دانشگاه علوم پزشکی جندی شاپور اهواز
1397,زبان,415,171,منطقه 2,مهندسی برق,دانشگاه علم و صنعت ایران - تهران
1397,زبان,415,219,منطقه 1,زبان و ادبیات انگلیسی,دانشگاه شهید بهشتی - تهران
1397,زبان,417,221,منطقه 1,مهندسی کامپیوتر,دانشگاه صنعتی شریف - تهران
1397,زبان,421,172,منطقه 2,پزشکی - نیمسال اول,دانشگاه علوم پزشکی شهید بهشتی - تهران
1397,زبان,423,173,منطقه 2,پزشکی - نیمسال دوم,دانشگاه علوم پزشکی همدان
1397,زبان,426,175,منطقه 2,مهندسی برق,دانشگاه صنعتی شریف - تهران
1397,زبان,428,226,منطقه 1,پزشکی,دانشگاه علوم پزشکی بیرجند
1397,زبان,432,229,منطقه 1,دندانپزشکی,دانشگاه علوم پزشکی خراسان شمالی - بجنورد
1397,زبان,436,10,ایثارگر-25%,پزشکی,دانشگاه علوم پزشکی تهران
1397,زبان,440,180,منطقه 2,پزشکی,دانشگاه علوم پزشکی ایران
1397,زبان,441,181,منطقه 2,پزشکی,دانشگاه علوم پزشکی تهران
1397,زبان,445,182,منطقه 2,مهندسی برق,دانشگاه تهران
1397,زبان,450,183,منطقه 2,مهندسی عمران,دانشگاه تهران
1397,زبان,450,183,منطقه 2,پزشکی - نیمسال اول,دانشگاه علوم پزشکی شهید بهشتی - تهران
1397,زبان,453,239,منطقه 1,دندانپزشکی,دانشگاه علوم پزشکی اصفهان
1397,زبان,453,239,منطقه 1,زبان و ادبیات انگلیسی,دانشگاه شهید بهشتی - تهران
1397,زبان,456,185,منطقه 2,پزشکی,دانشگاه علوم پزشکی تهران
1397,زبان,458,32,منطقه 3,پزشکی - نیمسال اول,دانشگاه علوم پزشکی تبریز
1397,زبان,459,242,منطقه 1,پزشکی - نیمسال دوم,دانشگاه علوم پزشکی تبریز - پردیس خودگردان
1397,زبان,460,243,منطقه 1,دندانپزشکی - نیمسال اول,دانشگاه علوم پزشکی شهید بهشتی - تهران
1397,زبان,463,186,منطقه 2,مهندسی برق,دانشگاه صنعتی شریف - تهران
1397,زبان,469,46,ایثارگر-5%,پزشکی - نیمسال دوم,دانشگاه علوم پزشکی شهید بهشتی - تهران
1397,زبان,469,248,منطقه 1,دندانپزشکی,دانشگاه علوم پزشکی همدان - پردیس خودگردان
1397,زبان,472,190,منطقه 2,پزشکی,دانشگاه علوم پزشکی ایران
1397,زبان,473,191,منطقه 2,پزشکی - نیمسال دوم,دانشگاه علوم پزشکی شهرکرد
1397,زبان,476,34,منطقه 3,دندانپزشکی,دانشگاه علوم پزشکی تهران
1397,زبان,480,35,منطقه 3,پزشکی - نیمسال اول,دانشگاه علوم پزشکی تبریز
1397,زبان,487,197,منطقه 2,پزشکی,دانشگاه علوم پزشکی ایران
1397,زبان,493,199,منطقه 2,پزشکی,دانشگاه علوم پزشکی بابل
1397,زبان,494,200,منطقه 2,پزشکی - نیمسال دوم,دانشگاه علوم پزشکی اراک
1397,زبان,503,203,منطقه 2,پزشکی,دانشگاه علوم پزشکی ایران
1397,زبان,503,262,منطقه 1,پزشکی,دانشگاه علوم پزشکی یزد
1397,زبان,505,40,منطقه 3,پزشکی,دانشگاه علوم پزشکی ایران
1397,زبان,507,263,منطقه 1,مهندسی کامپیوتر,دانشگاه صنعتی امیرکبیر - تهران
1397,زبان,510,205,منطقه 2,پزشکی,دانشگاه علوم پزشکی بندرعباس
1397,زبان,511,206,منطقه 2,پزشکی - نیمسال اول,دانشگاه علوم پزشکی شیراز
1397,زبان,516,208,منطقه 2,حقوق,دانشگاه شهید بهشتی - تهران
1397,زبان,516,208,منطقه 2,پزشکی,دانشگاه علوم پزشکی ایران
1397,زبان,519,269,منطقه 1,مهندسی کامپیوتر,دانشگاه صنعتی امیرکبیر - تهران
1397,زبان,523,211,منطقه 2,پزشکی - نیمسال اول,دانشگاه علوم پزشکی کرمان
1397,زبان,523,272,منطقه 1,پزشکی,دانشگاه علوم پزشکی قزوین
1397,زبان,528,42,منطقه 3,پزشکی,دانشگاه علوم پزشکی ایران
1397,زبان,528,53,ایثارگر-5%,داروسازی,دانشگاه علوم پزشکی تهران
1397,زبان,528,53,ایثارگر-5%,پزشکی - نیمسال اول,دانشگاه علوم پزشکی تبریز
1397,زبان,528,213,منطقه 2,پزشکی,دانشگاه علوم پزشکی کردستان - سنندج
1397,زبان,531,275,منطقه 1,مهندسی مکانیک,دانشگاه فردوسی - مشهد
1397,زبان,534,12,ایثارگر-25%,پزشکی,دانشگاه علوم پزشکی تهران
1397,زبان,535,214,منطقه 2,مهندسی کامپیوتر,دانشگاه صنعتی خواجه نصیرالدین طوسی - تهران
1397,زبان,538,55,ایثارگر-5%,پزشکی - نیمسال دوم,دانشگاه علوم پزشکی شاهرود
1397,زبان,538,279,منطقه 1,مهندسی برق,دانشگاه تهران
1397,زبان,538,279,منطقه 1,پزشکی,دانشگاه علوم پزشکی ایران
1397,زبان,541,281,منطقه 1,روانشناسی,دانشگاه شهید بهشتی - تهران
1397,زبان,543,217,منطقه 2,مهندسی برق,دانشگاه تهران
1397,زبان,544,218,منطقه 2,آموزش زبان انگلیسی - بومی خراسان رضوی,پردیس شهید بهشتی - مشهد
1397,زبان,546,219,منطقه 2,پزشکی,دانشگاه علوم پزشکی فسا
1397,زبان,548,284,منطقه 1,پزشکی - نیمسال اول,دانشگاه علوم پزشکی جهرم
1397,زبان,549,46,منطقه 3,پزشکی,دانشکده علوم پزشکی آبادان
1397,زبان,550,220,منطقه 2,زبان و ادبیات انگلیسی,دانشگاه الزهرا(س) - تهران
1397,زبان,551,221,منطقه 2,پزشکی,دانشکده علوم پزشکی آبادان
1397,زبان,551,285,منطقه 1,پرستاری - نیمسال اول,دانشگاه علوم پزشکی شهید بهشتی - تهران
1397,زبان,554,13,ایثارگر-25%,دندانپزشکی,دانشگاه علوم پزشکی تهران
1397,زبان,554,47,منطقه 3,داروسازی,دانشگاه علوم پزشکی گیلان - رشت
1397,زبان,554,47,منطقه 3,مهندسی کامپیوتر,دانشگاه صنعتی شریف - تهران
1397,زبان,556,222,منطقه 2,مترجمی زبان انگلیسی,دانشگاه علامه طباطبایی - تهران
1397,زبان,558,288,منطقه 1,مهندسی برق,دانشگاه صنعتی شریف - تهران
1397,زبان,559,223,منطقه 2,پزشکی - نیمسال اول,دانشگاه علوم پزشکی کرمانشاه - پردیس خودگردان
1397,زبان,562,49,منطقه 3,پزشکی,دانشگاه علوم پزشکی تهران
1397,زبان,563,291,منطقه 1,پزشکی - نیمسال اول,دانشگاه علوم پزشکی اصفهان
1397,زبان,565,293,منطقه 1,مهندسی برق,دانشگاه علم و صنعت ایران - تهران
1397,زبان,570,225,منطقه 2,دندانپزشکی,دانشگاه علوم پزشکی کاشان
1397,زبان,575,228,منطقه 2,مهندسی پزشکی,دانشگاه صنعتی امیرکبیر - تهران
1397,زبان,576,229,منطقه 2,مهندسی شیمی,دانشگاه صنعتی شریف - تهران
1397,زبان,579,230,منطقه 2,مهندسی مکانیک,دانشگاه صنعتی شریف - تهران
1397,زبان,581,59,ایثارگر-5%,پزشکی - نیمسال دوم,دانشگاه علوم پزشکی تبریز
1397,زبان,581,300,منطقه 1,مهندسی برق,دانشگاه صنعتی اصفهان
1397,زبان,583,60,ایثارگر-5%,پزشکی - بومی استان اردبیل محل خدمت انار,دانشگاه علوم پزشکی اردبیل
1397,زبان,596,239,منطقه 2,زبان و ادبیات انگلیسی,دانشگاه شهید بهشتی - تهران
1397,زبان,598,240,منطقه 2,پزشکی - نیمسال دوم,دانشگاه علوم پزشکی تبریز
1397,زبان,602,242,منطقه 2,مترجمی زبان انگلیسی,دانشگاه علامه طباطبایی - تهران
1397,زبان,603,62,ایثارگر-5%,پزشکی,دانشگاه علوم پزشکی بوشهر
1397,زبان,607,244,منطقه 2,پزشکی - نیمسال اول,دانشگاه علوم پزشکی شهید بهشتی - تهران
1397,زبان,612,52,منطقه 3,پزشکی - نیمسال دوم,دانشگاه علوم پزشکی جهرم
1397,زبان,612,245,منطقه 2,مهندسی پزشکی,دانشگاه صنعتی امیرکبیر - تهران
1397,زبان,615,246,منطقه 2,مهندسی کامپیوتر,دانشگاه علم و صنعت ایران - تهران
1397,زبان,622,248,منطقه 2,علوم کامپیوتر,دانشگاه صنعتی امیرکبیر - تهران
1397,زبان,626,249,منطقه 2,روانشناسی,دانشگاه تهران
1397,زبان,627,250,منطقه 2,پزشکی - نیمسال دوم,دانشگاه علوم پزشکی مشهد
1397,زبان,631,252,منطقه 2,پزشکی,دانشگاه علوم پزشکی تهران
1397,زبان,633,253,منطقه 2,مهندسی کامپیوتر,دانشگاه صنعتی خواجه نصیرالدین طوسی - تهران
1397,زبان,633,253,منطقه 2,پزشکی - بومی خراسان جنوبی محل خدمت خوسف,دانشگاه علوم پزشکی بیرجند
1397,زبان,638,256,منطقه 2,علوم مهندسی,دانشگاه تهران
1397,زبان,643,259,منطقه 2,مهندسی برق,دانشگاه تهران
1397,زبان,644,260,منطقه 2,مهندسی برق,دانشگاه تهران
1397,زبان,650,261,منطقه 2,پزشکی - نیمسال اول,دانشگاه علوم پزشکی کردستان - سنندج
1397,زبان,656,263,منطقه 2,مهندسی معماری,دانشگاه تهران
1397,زبان,658,264,منطقه 2,پزشکی - نیمسال اول,دانشگاه علوم پزشکی گیلان - رشت
1397,زبان,662,66,ایثارگر-5%,دندانپزشکی,دانشگاه علوم پزشکی اصفهان
1397,زبان,662,66,ایثارگر-5%,پزشکی,دانشگاه علوم پزشکی زنجان
1397,زبان,665,265,منطقه 2,زبان و ادبیات ژاپنی,دانشگاه تهران
1397,زبان,667,266,منطقه 2,پزشکی - نیمسال دوم,دانشگاه علوم پزشکی تبریز
1397,زبان,672,267,منطقه 2,مهندسی برق,دانشگاه علم و صنعت ایران - تهران
1397,زبان,675,56,منطقه 3,پزشکی - نیمسال اول,دانشگاه علوم پزشکی کرمان
1397,زبان,676,268,منطقه 2,پرستاری - نیمسال اول,دانشکده علوم پزشکی مراغه
1397,زبان,681,270,منطقه 2,پزشکی - نیمسال اول,دانشگاه علوم پزشکی شهید بهشتی - تهران
1397,زبان,683,271,منطقه 2,پرستاری,دانشگاه علوم پزشکی بابل
1397,زبان,686,273,منطقه 2,مهندسی دریا,دانشگاه صنعتی شریف - تهران
1397,زبان,689,69,ایثارگر-5%,مهندسی عمران,دانشگاه صنعتی شریف - تهران
1397,زبان,698,57,منطقه 3,علوم کامپیوتر,دانشگاه صنعتی امیرکبیر - تهران
1397,زبان,701,276,منطقه 2,تکنولوژی پرتوشناسی,دانشگاه علوم پزشکی شیراز
1397,زبان,704,277,منطقه 2,مهندسی پزشکی,دانشگاه صنعتی امیرکبیر - تهران
1397,زبان,707,279,منطقه 2,پزشکی - نیمسال دوم,دانشگاه علوم پزشکی لرستان - خرم آباد
1397,زبان,711,281,منطقه 2,علوم کامپیوتر,دانشگاه صنعتی امیرکبیر - تهران
1397,زبان,713,59,منطقه 3,مهندسی برق,دانشگاه صنعتی شریف - تهران
1397,زبان,715,60,منطقه 3,مترجمی زبان انگلیسی,دانشگاه علامه طباطبایی - تهران
1397,زبان,716,282,منطقه 2,مهندسی کامپیوتر,دانشگاه علم و صنعت ایران - تهران
1397,زبان,731,71,ایثارگر-5%,زبان چینی,دانشگاه تهران
1397,زبان,733,287,منطقه 2,پزشکی - نیمسال دوم,دانشگاه علوم پزشکی البرز - کرج
1397,زبان,736,288,منطقه 2,پزشکی - نیمسال دوم,دانشگاه علوم پزشکی مازندران - ساری
1397,زبان,741,64,منطقه 3,پزشکی,دانشگاه علوم پزشکی دزفول
1397,زبان,751,292,منطقه 2,مهندسی مکانیک,دانشگاه صنعتی امیرکبیر - تهران
1397,زبان,754,73,ایثارگر-5%,مهندسی برق,دانشگاه علم و صنعت ایران - تهران
1397,زبان,754,294,منطقه 2,مهندسی برق,دانشگاه صنعتی شریف - تهران
1397,زبان,756,67,منطقه 3,پزشکی - نیمسال اول,دانشگاه علوم پزشکی شهید بهشتی - تهران
1397,زبان,758,296,منطقه 2,زبان و ادبیات انگلیسی,دانشگاه گیلان - رشت
1397,زبان,763,300,منطقه 2,دندانپزشکی,دانشگاه علوم پزشکی گیلان - رشت
1397,زبان,772,75,ایثارگر-5%,روانشناسی,دانشگاه شهید بهشتی - تهران
1397,زبان,776,68,منطقه 3,پزشکی,دانشگاه علوم پزشکی تهران
1397,زبان,795,78,ایثارگر-5%,پزشکی,دانشگاه علوم پزشکی تهران
1397,زبان,808,79,ایثارگر-5%,دندانپزشکی,دانشگاه علوم پزشکی بابل
1397,زبان,821,70,منطقه 3,پزشکی - نیمسال دوم,دانشگاه علوم پزشکی مشهد
1397,زبان,823,71,منطقه 3,پزشکی - نیمسال دوم,دانشگاه علوم پزشکی مازندران - ساری
1397,زبان,840,73,منطقه 3,پزشکی,دانشگاه علوم پزشکی ایران
1397,زبان,853,84,ایثارگر-5%,پزشکی - نیمسال اول,دانشگاه علوم پزشکی شهید بهشتی - تهران
1397,زبان,856,74,منطقه 3,علوم کامپیوتر,دانشگاه صنعتی شریف - تهران
1397,زبان,872,75,منطقه 3,آموزش ابتدایی - بومی گیلان,پردیس امام علی - رشت
1397,زبان,924,90,ایثارگر-5%,آموزش زبان انگلیسی - بومی استان اصفهان,پردیس زینب کبری (س) - اراک
1397,زبان,949,84,منطقه 3,پزشکی,دانشگاه علوم پزشکی گناباد
1397,زبان,958,20,ایثارگر-25%,مهندسی کامپیوتر,دانشگاه صنعتی شریف - تهران
1397,زبان,972,94,ایثارگر-5%,پزشکی,دانشگاه علوم پزشکی بیرجند
1397,زبان,992,97,ایثارگر-5%,آموزش ابتدایی - بومی استان اردبیل,پردیس علامه طباطبایی - اردبیل
1397,زبان,996,91,منطقه 3,آموزش زبان انگلیسی - بومی استان یزد,پردیس رسالت - زاهدان
1397,زبان,1000,92,منطقه 3,پزشکی,دانشگاه علوم پزشکی ایران
1397,زبان,1022,99,ایثارگر-5%,فیزیوتراپی,دانشگاه علوم پزشکی سمنان
1397,زبان,1027,94,منطقه 3,پزشکی - نیمسال دوم,دانشگاه علوم پزشکی شهید بهشتی - تهران
1397,زبان,1038,96,منطقه 3,پزشکی,دانشگاه علوم پزشکی بابل - پردیس خودگردان
1397,زبان,1040,103,ایثارگر-5%,زبان و ادبیات انگلیسی,دانشگاه تهران
1397,زبان,1044,98,منطقه 3,پزشکی,دانشگاه علوم پزشکی بیرجند
1397,زبان,1047,99,منطقه 3,مهندسی برق,دانشگاه صنعتی امیرکبیر - تهران
1397,زبان,1047,104,ایثارگر-5%,داروسازی,دانشگاه علوم پزشکی جندی شاپور اهواز
1397,زبان,1058,100,منطقه 3,پزشکی - نیمسال اول,دانشگاه علوم پزشکی گیلان - رشت
1397,زبان,1069,105,ایثارگر-5%,داروسازی,دانشگاه علوم پزشکی یزد - پردیس خودگردان
1397,زبان,1078,104,منطقه 3,پزشکی - نیمسال اول,دانشگاه علوم پزشکی مشهد
1397,زبان,1090,105,منطقه 3,پزشکی,دانشگاه علوم پزشکی تهران
1397,زبان,1096,106,منطقه 3,حقوق,دانشگاه تهران
1397,زبان,1096,107,ایثارگر-5%,دندانپزشکی - نیمسال اول,دانشگاه علوم پزشکی شهید بهشتی - تهران
1397,زبان,1103,107,منطقه 3,آموزش زبان انگلیسی - بومی خراسان رضوی,پردیس شهید بهشتی - مشهد
1397,زبان,1105,108,ایثارگر-5%,مهندسی مکانیک,دانشگاه صنعتی اصفهان
1397,زبان,1105,108,منطقه 3,پزشکی - نیمسال اول,دانشگاه علوم پزشکی شهید بهشتی - تهران
1397,زبان,1107,109,ایثارگر-5%,شنوایی شناسی,دانشگاه علوم پزشکی شهید بهشتی - تهران
1397,زبان,1111,110,ایثارگر-5%,پزشکی - نیمسال اول,دانشگاه علوم پزشکی کرمان
1397,زبان,1117,109,منطقه 3,مهندسی صنایع,دانشگاه صنعتی شریف - تهران
1397,زبان,1123,110,منطقه 3,پزشکی,دانشگاه علوم پزشکی تهران
1397,زبان,1146,113,منطقه 3,پزشکی,دانشگاه علوم پزشکی تهران
1397,زبان,1160,115,منطقه 3,پزشکی,دانشگاه علوم پزشکی گلستان - گرگان - پردیس خودگردان
1397,زبان,1178,118,منطقه 3,پزشکی,دانشگاه علوم پزشکی ایران
1397,زبان,1203,122,منطقه 3,پزشکی - نیمسال اول,دانشگاه علوم پزشکی اصفهان
1397,زبان,1213,120,ایثارگر-5%,پزشکی - نیمسال دوم,دانشگاه علوم پزشکی اصفهان
1397,زبان,1223,124,منطقه 3,پزشکی,دانشگاه علوم پزشکی بندرعباس - پردیس خودگردان
1397,زبان,1229,125,منطقه 3,فیزیوتراپی,دانشگاه علوم بهزیستی و توانبخشی تهران(رشته های گروه پزشکی)
1397,زبان,1250,126,منطقه 3,آموزش زبان و ادبیات فارسی - بومی مازندران,پردیس فاطمه الزهرا(س) ساری
1397,زبان,1269,131,ایثارگر-5%,روانشناسی,دانشگاه تبریز
1397,زبان,1272,129,منطقه 3,آموزش زبان انگلیسی - بومی البرز,پردیس شهید چمران - تهران
1397,زبان,1282,130,منطقه 3,تکنولوژی پرتوشناسی,دانشگاه علوم پزشکی شهید بهشتی - تهران
1397,زبان,1287,135,ایثارگر-5%,مترجمی زبان انگلیسی,دانشگاه اصفهان
1397,زبان,1296,131,منطقه 3,پزشکی,دانشگاه علوم پزشکی ارومیه - پردیس خودگردان
1397,زبان,1298,137,ایثارگر-5%,بینایی سنجی,دانشگاه علوم پزشکی زاهدان
1397,زبان,1303,132,منطقه 3,پزشکی - بومی فارس محل خدمت خرم بید,دانشگاه علوم پزشکی شیراز
1397,زبان,1320,134,منطقه 3,زبان و ادبیات انگلیسی,دانشگاه تهران
1397,زبان,1325,138,ایثارگر-5%,دندانپزشکی,دانشگاه علوم پزشکی جندی شاپور اهواز
1397,زبان,1376,138,منطقه 3,زبان وادبیات آلمانی,دانشگاه شهید بهشتی - تهران
1397,زبان,1376,138,منطقه 3,پزشکی - بومی خراسان جنوبی محل خدمت سرایان,دانشگاه علوم پزشکی بیرجند
1397,زبان,1407,141,منطقه 3,پزشکی - نیمسال اول,دانشگاه علوم پزشکی کردستان - سنندج
1397,زبان,1407,145,ایثارگر-5%,پزشکی - نیمسال دوم,دانشگاه علوم پزشکی شهید بهشتی - تهران
1397,زبان,1426,146,ایثارگر-5%,فیزیوتراپی,دانشگاه علوم پزشکی تبریز
1397,زبان,1431,143,منطقه 3,مترجمی زبان انگلیسی,دانشگاه بوعلی سینا - همدان
1397,زبان,1449,145,منطقه 3,پزشکی - نیمسال اول,دانشگاه علوم پزشکی مازندران - ساری
1397,زبان,1460,149,ایثارگر-5%,پزشکی,دانشگاه علوم پزشکی اردبیل - پردیس خودگردان
1397,زبان,1469,146,منطقه 3,پزشکی - نیمسال اول,دانشگاه علوم پزشکی مشهد
1397,زبان,1477,152,ایثارگر-5%,پزشکی - نیمسال دوم,دانشگاه علوم پزشکی اصفهان
1397,زبان,1484,148,منطقه 3,پزشکی - نیمسال اول,دانشگاه علوم پزشکی شیراز
1397,زبان,1510,157,ایثارگر-5%,داروسازی,دانشگاه علوم پزشکی کرمان - پردیس خودگردان
1397,زبان,1513,151,منطقه 3,دندانپزشکی,دانشگاه علوم پزشکی کرمان
1397,زبان,1516,158,ایثارگر-5%,علوم آزمایشگاهی,دانشگاه علوم پزشکی گلستان - گرگان
1397,زبان,1516,158,ایثارگر-5%,پزشکی,دانشگاه علوم پزشکی بیرجند
1397,زبان,1520,152,منطقه 3,کارشناسی ارشد پیوسته علوم قضایی,دانشگاه علوم قضایی و خدمات ادارای دادگستری
1397,زبان,1524,161,ایثارگر-5%,علوم تغذیه,دانشگاه علوم پزشکی زنجان
1397,زبان,1535,155,منطقه 3,پزشکی - بومی آذربایجان غربی محل خدمت شهرستان سردشت,دانشگاه علوم پزشکی ارومیه
1397,زبان,1543,164,ایثارگر-5%,پزشکی,دانشگاه علوم پزشکی تهران
1397,زبان,1552,156,منطقه 3,مهندسی صنایع,دانشگاه علم و صنعت ایران - تهران
1397,زبان,1560,158,منطقه 3,دندانپزشکی,دانشگاه علوم پزشکی بابل
1397,زبان,1568,162,منطقه 3,حقوق,دانشگاه تهران
1397,زبان,1576,166,ایثارگر-5%,علوم آزمایشگاهی,دانشگاه علوم پزشکی سمنان
1397,زبان,1584,168,ایثارگر-5%,مهندسی معماری,دانشگاه علم و صنعت ایران - تهران
1397,زبان,1592,164,منطقه 3,مهندسی برق,دانشگاه صنعتی شریف - تهران
1397,زبان,1596,165,منطقه 3,مهندسی مکانیک,دانشگاه صنعتی شریف - تهران
1397,زبان,1606,166,منطقه 3,مهندسی مکانیک,دانشگاه صنعتی امیرکبیر - تهران
1397,زبان,1610,169,ایثارگر-5%,مهندسی مکانیک,دانشگاه اصفهان
1397,زبان,1616,167,منطقه 3,دندانپزشکی,دانشگاه علوم پزشکی جندی شاپور اهواز
1397,زبان,1633,173,ایثارگر-5%,مهندسی عمران,دانشگاه تهران
1397,زبان,1648,170,منطقه 3,داروسازی,دانشگاه علوم پزشکی گیلان - رشت
1397,زبان,1664,173,منطقه 3,پزشکی,دانشگاه علوم پزشکی کردستان - سنندج
1397,زبان,1687,175,منطقه 3,پزشکی - نیمسال اول,دانشگاه علوم پزشکی کرمانشاه - پردیس خودگردان
1397,زبان,1692,176,منطقه 3,پزشکی - بومی استان کرمان محل خدمت منوجان,دانشگاه علوم پزشکی جیرفت
1397,زبان,1697,179,ایثارگر-5%,پزشکی - نیمسال اول,دانشگاه علوم پزشکی اصفهان
1397,زبان,1701,177,منطقه 3,آموزش زیست شناسی - بومی خراسان رضوی,پردیس شهید هاشمی نژاد - مشهد
1397,زبان,1701,177,منطقه 3,سینما,دانشگاه هنر تهران
1397,زبان,1706,179,منطقه 3,پزشکی - نیمسال اول,دانشگاه علوم پزشکی کرمانشاه
1397,زبان,1709,180,منطقه 3,پزشکی,دانشگاه علوم پزشکی بوشهر
1397,زبان,1715,180,ایثارگر-5%,فیزیوتراپی,دانشگاه علوم پزشکی بابل
1397,زبان,1715,180,ایثارگر-5%,پزشکی - نیمسال دوم,دانشگاه علوم پزشکی کرمانشاه - پردیس خودگردان
1397,زبان,1730,33,ایثارگر-25%,مهندسی برق,دانشگاه صنعتی شریف - تهران
1397,زبان,1733,185,منطقه 3,پزشکی - نیمسال اول,دانشگاه علوم پزشکی سبزوار
1397,زبان,1758,190,منطقه 3,پزشکی,دانشگاه علوم پزشکی بیرجند
1397,زبان,1772,192,منطقه 3,آموزش علوم اجتماعی - بومی خراسان جنوبی,پردیس امام سجاد - بیرجند
1397,زبان,1798,186,ایثارگر-5%,زبان و ادبیات انگلیسی,دانشگاه علامه طباطبایی - تهران
1397,زبان,1808,196,منطقه 3,آموزش زبان انگلیسی - بومی گلستان,پردیس دکتر شریعتی - ساری
1397,زبان,1835,198,منطقه 3,مهندسی برق,دانشگاه علم و صنعت ایران - تهران
1397,زبان,1841,199,منطقه 3,پزشکی - بومی کردستان محل خدمت قروه,دانشگاه علوم پزشکی کردستان - سنندج
1397,زبان,1856,200,منطقه 3,بینایی سنجی,دانشگاه علوم پزشکی ایران
1397,زبان,1874,204,منطقه 3,پزشکی,دانشگاه علوم پزشکی زابل
1397,زبان,1891,193,ایثارگر-5%,مهندسی عمران,دانشگاه علم و صنعت ایران - تهران
1397,زبان,1902,206,منطقه 3,دندانپزشکی,دانشگاه علوم پزشکی اصفهان
1397,زبان,1918,197,ایثارگر-5%,مهندسی برق,دانشگاه شهید بهشتی - تهران
1397,زبان,1932,199,ایثارگر-5%,پزشکی - نیمسال دوم,دانشگاه علوم پزشکی مازندران - ساری
1397,زبان,1932,210,منطقه 3,مهندسی کامپیوتر,دانشگاه خوارزمی - تهران (محل تحصیل کرج)
1397,زبان,1958,215,منطقه 3,زبان وادبیات آلمانی,دانشگاه شهید بهشتی - تهران
1397,زبان,1965,217,منطقه 3,آموزش زبان انگلیسی - بومی استان تهران,پردیس شهید چمران - تهران
1397,زبان,1979,220,منطقه 3,آموزش زبان انگلیسی - بومی فارس,پردیس بنت الهدی صدر - بوشهر
1397,زبان,1983,202,ایثارگر-5%,دندانپزشکی,دانشگاه علوم پزشکی مازندران - ساری
1397,زبان,2009,205,ایثارگر-5%,زبان و ادبیات انگلیسی,دانشگاه گیلان - رشت
1397,زبان,2014,226,منطقه 3,پزشکی,دانشگاه علوم پزشکی ایران - پردیس خودگردان
1397,زبان,2034,227,منطقه 3,پزشکی - نیمسال دوم,دانشگاه علوم پزشکی کرمان
1397,زبان,2042,211,ایثارگر-5%,اتاق عمل,دانشگاه علوم پزشکی بوشهر
1397,زبان,2056,230,منطقه 3,پزشکی,دانشگاه علوم پزشکی گلستان - گرگان
1397,زبان,2077,218,ایثارگر-5%,مهندسی عمران,دانشگاه فردوسی - مشهد
1397,زبان,2077,234,منطقه 3,پزشکی,دانشگاه علوم پزشکی ایلام
1397,زبان,2077,234,منطقه 3,پزشکی,دانشگاه علوم پزشکی زنجان
1397,زبان,2082,237,منطقه 3,آموزش ریاضی - بومی خراسان جنوبی,پردیس شهید بهشتی - مشهد
1397,زبان,2082,237,منطقه 3,پزشکی - نیمسال دوم,دانشگاه علوم پزشکی تبریز
1397,زبان,2087,219,ایثارگر-5%,زبان و ادبیات انگلیسی,دانشگاه شهید بهشتی - تهران
1397,زبان,2087,239,منطقه 3,زبان و ادبیات انگلیسی,دانشگاه شیراز
1397,زبان,2091,240,منطقه 3,پرستاری - نیمسال اول,دانشگاه علوم پزشکی کردستان - سنندج
1397,زبان,2097,222,ایثارگر-5%,داروسازی,دانشگاه علوم پزشکی بندرعباس
1397,زبان,2121,243,منطقه 3,آموزش زبان انگلیسی - بومی خراسان شمالی,پردیس فاطمه الزهرا(س) ساری
1397,زبان,2141,244,منطقه 3,زبان و ادبیات انگلیسی,دانشگاه شیراز
1397,زبان,2143,245,منطقه 3,آموزش راهنمایی ومشاوره - بومی استان زنجان,پردیس بنت الهدی صدر-قزوین
1397,زبان,2145,225,ایثارگر-5%,هوشبری,دانشگاه علوم پزشکی زنجان
1397,زبان,2157,249,منطقه 3,پزشکی - نیمسال دوم,دانشگاه علوم پزشکی مشهد
1397,زبان,2163,250,منطقه 3,پزشکی,دانشگاه علوم پزشکی بوشهر
1397,زبان,2177,229,ایثارگر-5%,مهندسی معماری - بومی خراسان رضوی,دانشگاه تربیت دبیر شهید رجایی_تهران
1397,زبان,2186,230,ایثارگر-5%,پزشکی,دانشگاه علوم پزشکی ایران
1397,زبان,2193,233,ایثارگر-5%,پزشکی - نیمسال دوم,دانشگاه علوم پزشکی شیراز
1397,زبان,2216,254,منطقه 3,زبان وادبیات آلمانی,دانشگاه علامه طباطبایی - تهران
1397,زبان,2231,235,ایثارگر-5%,مهندسی برق,دانشگاه صنعتی امیرکبیر - تهران
1397,زبان,2240,256,منطقه 3,پزشکی - نیمسال اول,دانشگاه علوم پزشکی شیراز
1397,زبان,2265,259,منطقه 3,زبان و ادبیات انگلیسی,دانشگاه شهید بهشتی - تهران
1397,زبان,2271,261,منطقه 3,مهندسی مکانیک,دانشگاه تهران
1397,زبان,2275,263,منطقه 3,پزشکی,دانشگاه علوم پزشکی بم
1397,زبان,2323,245,ایثارگر-5%,مهندسی برق,دانشگاه صنعتی شریف - تهران
1397,زبان,2327,246,ایثارگر-5%,آموزش زبان انگلیسی - بومی خراسان جنوبی,پردیس فاطمه الزهرا(س) ساری
1397,زبان,2345,268,منطقه 3,حقوق,دانشگاه شهید بهشتی - تهران
1397,زبان,2353,253,ایثارگر-5%,داروسازی,دانشگاه علوم پزشکی جندی شاپور اهواز
1397,زبان,2360,271,منطقه 3,پزشکی,دانشگاه علوم پزشکی رفسنجان
1397,زبان,2363,272,منطقه 3,پزشکی,دانشگاه علوم پزشکی تهران
1397,زبان,2370,273,منطقه 3,آموزش فیزیک - بومی خراسان جنوبی,پردیس شهید بهشتی - مشهد
1397,زبان,2373,275,منطقه 3,فیزیوتراپی,دانشگاه علوم پزشکی گیلان - رشت
1397,زبان,2379,255,ایثارگر-5%,زبان و ادبیات انگلیسی,دانشگاه فردوسی - مشهد
1397,زبان,2406,260,ایثارگر-5%,پزشکی,دانشگاه علوم پزشکی بابل
1397,زبان,2411,261,ایثارگر-5%,مهندسی هوا فضا,دانشگاه صنعتی شریف - تهران
1397,زبان,2420,281,منطقه 3,پزشکی,دانشگاه علوم پزشکی گیلان - رشت (محل تحصیل بندرانزلی) - پردیس خودگردان
1397,زبان,2428,262,ایثارگر-5%,آموزش راهنمایی ومشاوره - بومی استان اصفهان,پردیس کوثر - یاسوج
1397,زبان,2447,284,منطقه 3,آموزش زبان انگلیسی,دانشگاه مازندران - بابلسر
1397,زبان,2454,286,منطقه 3,دندانپزشکی,دانشگاه علوم پزشکی اصفهان - پردیس خودگردان
1397,زبان,2457,288,منطقه 3,آموزش زبان انگلیسی - بومی خوزستان,پردیس امام جعفر صادق - ایلام
1397,زبان,2494,269,ایثارگر-5%,پزشکی - بومی استان سمنان محل خدمت مهدی شهر,دانشگاه علوم پزشکی سمنان
1397,زبان,2503,291,منطقه 3,تکنولوژی پرتوشناسی,دانشگاه علوم پزشکی تهران
1397,زبان,2506,292,منطقه 3,علوم قضایی,دانشگاه علوم قضایی و خدمات ادارای دادگستری
1397,زبان,2525,295,منطقه 3,پزشکی,دانشگاه علوم پزشکی بابل
1397,زبان,2528,296,منطقه 3,پزشکی - نیمسال اول,دانشگاه علوم پزشکی جندی شاپور اهواز
1397,زبان,2531,297,منطقه 3,پرستاری,دانشگاه علوم پزشکی لرستان - خرم آباد (محل تحصیل بروجرد)
1397,زبان,2556,274,ایثارگر-5%,مهندسی مکانیک,دانشگاه صنعتی خواجه نصیرالدین طوسی - تهران
1397,زبان,2564,275,ایثارگر-5%,مهندسی برق,دانشگاه صدا و سیمای جمهوری اسلامی ایران
1397,زبان,2633,278,ایثارگر-5%,پزشکی,دانشگاه علوم پزشکی گلستان - گرگان
1397,زبان,2741,285,ایثارگر-5%,مهندسی برق,دانشگاه علم و صنعت ایران - تهران
1397,زبان,2775,291,ایثارگر-5%,آموزش زبان انگلیسی - بومی استان اصفهان,پردیس زینب کبری (س) - اراک
1397,زبان,2816,297,ایثارگر-5%,علوم آزمایشگاهی,دانشگاه علوم پزشکی خراسان شمالی - بجنورد
1397,زبان,2835,299,ایثارگر-5%,دندانپزشکی - بومی فارس محل خدمت خنج لارستان,دانشگاه علوم پزشکی شیراز
1397,زبان,3472,63,ایثارگر-25%,مهندسی برق,دانشگاه صنعتی شریف - تهران
1397,زبان,3789,70,ایثارگر-25%,مهندسی کامپیوتر,دانشگاه صنعتی شریف - تهران
1397,زبان,4167,75,ایثارگر-25%,روانشناسی,دانشگاه شهید بهشتی - تهران
1397,زبان,4327,79,ایثارگر-25%,مهندسی برق,دانشگاه صنعتی شریف - تهران
1397,زبان,4617,85,ایثارگر-25%,مهندسی پزشکی,دانشگاه صنعتی امیرکبیر - تهران
1397,زبان,9733,148,ایثارگر-25%,آموزش زبان انگلیسی - بومی مرکزی,پردیس زینب کبری (س) - اراک
1397,زبان,10498,162,ایثارگر-25%,آموزش راهنمایی ومشاوره - بومی استان کرمانشاه,پردیس شهید صدوقی - کرمانشاه

