سال,گروه آزمایشی,رتبه کشوری,رتبه در سهمیه,سهمیه,رشته قبولی,دانشگاه قبولی
1394,تجربی,1,1,منطقه 1,پزشکی,دانشگاه علوم پزشکی تهران
1394,تجربی,2,1,منطقه 2,پزشکی,دانشگاه علوم پزشکی تهران
1394,تجربی,3,2,منطقه 2,پزشکی,دانشگاه علوم پزشکی تهران
1394,تجربی,4,3,منطقه 2,پزشکی,دانشگاه علوم پزشکی تهران
1394,تجربی,5,1,ایثارگران,پزشکی,دانشگاه علوم پزشکی شیراز
1394,تجربی,6,2,ایثارگران,پزشکی,دانشگاه علوم پزشکی شیراز
1394,تجربی,7,4,منطقه 2,پزشکی,دانشگاه علوم پزشکی تهران
1394,تجربی,8,5,منطقه 2,پزشکی,دانشگاه علوم پزشکی تهران
1394,تجربی,9,6,منطقه 2,پزشکی,دانشگاه علوم پزشکی تهران
1394,تجربی,10,2,منطقه 1,پزشکی,دانشگاه علوم پزشکی تهران
1394,تجربی,11,3,منطقه 1,پزشکی,دانشگاه علوم پزشکی تهران
1394,تجربی,12,7,منطقه 2,پزشکی,دانشگاه علوم پزشکی تهران
1394,تجربی,13,4,منطقه 1,پزشکی,دانشگاه علوم پزشکی تهران
1394,تجربی,15,8,منطقه 2,پزشکی,دانشگاه علوم پزشکی تهران
1394,تجربی,17,7,منطقه 1,پزشکی,دانشگاه علوم پزشکی شیراز
1394,تجربی,18,8,منطقه 1,دندانپزشکی,دانشگاه علوم پزشکی شهید بهشتی - تهران
1394,تجربی,19,9,منطقه 2,پزشکی,دانشگاه علوم پزشکی تهران
1394,تجربی,20,9,منطقه 1,پزشکی,دانشگاه علوم پزشکی تهران
1394,تجربی,20,10,منطقه 2,پزشکی,دانشگاه علوم پزشکی تهران
1394,تجربی,22,10,منطقه 1,پزشکی,دانشگاه علوم پزشکی اصفهان
1394,تجربی,22,10,منطقه 1,پزشکی,دانشگاه علوم پزشکی شیراز
1394,تجربی,24,11,منطقه 2,پزشکی,دانشگاه علوم پزشکی تهران
1394,تجربی,25,12,منطقه 1,پزشکی,دانشگاه علوم پزشکی تهران
1394,تجربی,25,12,منطقه 1,پزشکی,دانشگاه علوم پزشکی شیراز
1394,تجربی,27,3,ایثارگران,پزشکی,دانشگاه علوم پزشکی تهران
1394,تجربی,28,12,منطقه 2,پزشکی,دانشگاه علوم پزشکی تهران
1394,تجربی,30,15,منطقه 1,پزشکی,دانشگاه علوم پزشکی تهران
1394,تجربی,31,16,منطقه 1,دندانپزشکی,دانشگاه علوم پزشکی شهید بهشتی - تهران
1394,تجربی,32,13,منطقه 2,دندانپزشکی,دانشگاه علوم پزشکی شهید بهشتی - تهران
1394,تجربی,33,1,منطقه 3,پزشکی,دانشگاه علوم پزشکی تهران
1394,تجربی,34,14,منطقه 2,پزشکی,دانشگاه علوم پزشکی تهران
1394,تجربی,35,17,منطقه 1,پزشکی,دانشگاه علوم پزشکی تهران
1394,تجربی,36,15,منطقه 2,پزشکی,دانشگاه علوم پزشکی تهران
1394,تجربی,37,2,منطقه 3,پزشکی,دانشگاه علوم پزشکی تهران
1394,تجربی,38,16,منطقه 2,پزشکی,دانشگاه علوم پزشکی تهران
1394,تجربی,39,17,منطقه 2,پزشکی,دانشگاه علوم پزشکی تهران
1394,تجربی,40,18,منطقه 2,پزشکی,دانشگاه علوم پزشکی تهران
1394,تجربی,41,19,منطقه 2,پزشکی,دانشگاه علوم پزشکی تهران
1394,تجربی,42,18,منطقه 1,پزشکی,دانشگاه علوم پزشکی تهران
1394,تجربی,43,19,منطقه 1,پزشکی,دانشگاه علوم پزشکی مشهد
1394,تجربی,44,20,منطقه 2,پزشکی,دانشگاه علوم پزشکی تهران
1394,تجربی,45,21,منطقه 2,پزشکی,دانشگاه علوم پزشکی تهران
1394,تجربی,46,20,منطقه 1,پزشکی,دانشگاه علوم پزشکی تهران
1394,تجربی,48,22,منطقه 2,پزشکی,دانشگاه علوم پزشکی تهران
1394,تجربی,49,23,منطقه 2,پزشکی,دانشگاه علوم پزشکی تهران
1394,تجربی,50,22,منطقه 1,پزشکی,دانشگاه علوم پزشکی تهران
1394,تجربی,51,24,منطقه 2,پزشکی,دانشگاه علوم پزشکی تهران
1394,تجربی,52,23,منطقه 1,پزشکی,دانشگاه علوم پزشکی تهران
1394,تجربی,54,26,منطقه 2,پزشکی,دانشگاه علوم پزشکی تهران
1394,تجربی,55,24,منطقه 1,پزشکی,دانشگاه علوم پزشکی تهران
1394,تجربی,56,25,منطقه 1,پزشکی,دانشگاه علوم پزشکی تهران
1394,تجربی,57,26,منطقه 1,پزشکی,دانشگاه علوم پزشکی شیراز
1394,تجربی,59,27,منطقه 2,پزشکی,دانشگاه علوم پزشکی تهران
1394,تجربی,60,3,منطقه 3,پزشکی,دانشگاه علوم پزشکی تهران
1394,تجربی,60,28,منطقه 2,پزشکی,دانشگاه علوم پزشکی تهران
1394,تجربی,62,29,منطقه 2,پزشکی,دانشگاه علوم پزشکی تهران
1394,تجربی,63,30,منطقه 2,پزشکی,دانشگاه علوم پزشکی تهران
1394,تجربی,64,31,منطقه 2,پزشکی,دانشگاه علوم پزشکی تهران
1394,تجربی,65,32,منطقه 2,پزشکی,دانشگاه علوم پزشکی تهران
1394,تجربی,66,33,منطقه 2,پزشکی,دانشگاه علوم پزشکی تهران
1394,تجربی,67,34,منطقه 2,پزشکی,دانشگاه علوم پزشکی کرمان
1394,تجربی,68,35,منطقه 2,پزشکی,دانشگاه علوم پزشکی تهران
1394,تجربی,69,4,منطقه 3,پزشکی,دانشگاه علوم پزشکی تهران
1394,تجربی,70,36,منطقه 2,پزشکی,دانشگاه علوم پزشکی تهران
1394,تجربی,71,28,منطقه 1,پزشکی,دانشگاه علوم پزشکی شیراز
1394,تجربی,73,30,منطقه 1,پزشکی,دانشگاه علوم پزشکی تهران
1394,تجربی,75,5,منطقه 3,پزشکی,دانشگاه علوم پزشکی تهران
1394,تجربی,75,31,منطقه 1,پزشکی,دانشگاه علوم پزشکی تهران
1394,تجربی,77,6,منطقه 3,پزشکی,دانشگاه علوم پزشکی تهران
1394,تجربی,78,32,منطقه 1,پزشکی,دانشگاه علوم پزشکی شیراز
1394,تجربی,79,37,منطقه 2,پزشکی,دانشگاه علوم پزشکی تهران
1394,تجربی,80,7,منطقه 3,پزشکی,دانشگاه علوم پزشکی تهران
1394,تجربی,81,33,منطقه 1,پزشکی,دانشگاه علوم پزشکی تهران
1394,تجربی,82,34,منطقه 1,پزشکی,دانشگاه علوم پزشکی شیراز
1394,تجربی,83,35,منطقه 1,پزشکی,دانشگاه علوم پزشکی شیراز
1394,تجربی,84,38,منطقه 2,پزشکی,دانشگاه علوم پزشکی تهران
1394,تجربی,85,36,منطقه 1,پزشکی,دانشگاه علوم پزشکی تهران
1394,تجربی,86,37,منطقه 1,پزشکی,دانشگاه علوم پزشکی شیراز
1394,تجربی,87,39,منطقه 2,پزشکی,دانشگاه علوم پزشکی تهران
1394,تجربی,88,40,منطقه 2,پزشکی,دانشگاه علوم پزشکی شهید بهشتی - تهران
1394,تجربی,90,41,منطقه 2,پزشکی,دانشگاه علوم پزشکی تهران
1394,تجربی,91,39,منطقه 1,پزشکی,دانشگاه علوم پزشکی تهران
1394,تجربی,92,42,منطقه 2,پزشکی,دانشگاه علوم پزشکی تهران
1394,تجربی,93,43,منطقه 2,پزشکی,دانشگاه علوم پزشکی تهران
1394,تجربی,94,40,منطقه 1,پزشکی,دانشگاه علوم پزشکی تبریز
1394,تجربی,95,8,منطقه 3,پزشکی,دانشگاه علوم پزشکی شیراز
1394,تجربی,96,41,منطقه 1,پزشکی,دانشگاه علوم پزشکی شیراز
1394,تجربی,96,44,منطقه 2,پزشکی,دانشگاه علوم پزشکی تهران
1394,تجربی,99,46,منطقه 2,پزشکی,دانشگاه علوم پزشکی تهران
1394,تجربی,101,42,منطقه 1,پزشکی,دانشگاه علوم پزشکی شیراز
1394,تجربی,102,5,ایثارگران,پزشکی,دانشگاه علوم پزشکی تهران
1394,تجربی,103,48,منطقه 2,پزشکی,دانشگاه علوم پزشکی تهران
1394,تجربی,105,44,منطقه 1,پزشکی,دانشگاه علوم پزشکی مشهد
1394,تجربی,106,45,منطقه 1,پزشکی,دانشگاه علوم پزشکی اصفهان
1394,تجربی,107,49,منطقه 2,پزشکی,دانشگاه علوم پزشکی تهران
1394,تجربی,108,46,منطقه 1,دندانپزشکی,دانشگاه علوم پزشکی مشهد
1394,تجربی,109,50,منطقه 2,پزشکی,دانشگاه علوم پزشکی شهید بهشتی - تهران
1394,تجربی,110,9,منطقه 3,پزشکی,دانشگاه علوم پزشکی تهران
1394,تجربی,111,10,منطقه 3,پزشکی,دانشگاه علوم پزشکی تهران
1394,تجربی,112,47,منطقه 1,دندانپزشکی,دانشگاه علوم پزشکی تبریز
1394,تجربی,113,48,منطقه 1,پزشکی,دانشگاه علوم پزشکی شهید بهشتی - تهران
1394,تجربی,114,51,منطقه 2,پزشکی,دانشگاه علوم پزشکی تهران
1394,تجربی,115,52,منطقه 2,دندانپزشکی,دانشگاه علوم پزشکی شهید بهشتی - تهران
1394,تجربی,116,53,منطقه 2,پزشکی,دانشگاه علوم پزشکی تهران
1394,تجربی,116,53,منطقه 2,پزشکی,دانشگاه علوم پزشکی شهید بهشتی - تهران
1394,تجربی,118,55,منطقه 2,پزشکی,دانشگاه علوم پزشکی شهید بهشتی - تهران
1394,تجربی,122,56,منطقه 2,دندانپزشکی,دانشگاه علوم پزشکی بابل
1394,تجربی,123,57,منطقه 2,پزشکی,دانشگاه علوم پزشکی شهید بهشتی - تهران
1394,تجربی,124,58,منطقه 2,پزشکی,دانشگاه علوم پزشکی تهران
1394,تجربی,125,52,منطقه 1,پزشکی,دانشگاه علوم پزشکی شهید بهشتی - تهران
1394,تجربی,126,53,منطقه 1,دندانپزشکی,دانشگاه علوم پزشکی مشهد
1394,تجربی,127,54,منطقه 1,پزشکی,دانشگاه علوم پزشکی شهید بهشتی - تهران
1394,تجربی,128,59,منطقه 2,دندانپزشکی,دانشگاه علوم پزشکی شهید بهشتی - تهران
1394,تجربی,129,55,منطقه 1,پزشکی,دانشگاه علوم پزشکی شیراز
1394,تجربی,130,60,منطقه 2,پزشکی,دانشگاه علوم پزشکی تهران
1394,تجربی,131,11,منطقه 3,پزشکی,دانشگاه علوم پزشکی شهید بهشتی - تهران
1394,تجربی,132,56,منطقه 1,پزشکی,دانشگاه علوم پزشکی تبریز
1394,تجربی,133,61,منطقه 2,پزشکی,دانشگاه علوم پزشکی شیراز
1394,تجربی,134,62,منطقه 2,پزشکی,دانشگاه علوم پزشکی شهید بهشتی - تهران
1394,تجربی,135,57,منطقه 1,پزشکی,دانشگاه علوم پزشکی شهید بهشتی - تهران
1394,تجربی,136,12,منطقه 3,پزشکی,دانشگاه علوم پزشکی شهید بهشتی - تهران
1394,تجربی,137,63,منطقه 2,دندانپزشکی,دانشگاه علوم پزشکی تهران
1394,تجربی,138,64,منطقه 2,پزشکی,دانشگاه علوم پزشکی شهید بهشتی - تهران
1394,تجربی,139,58,منطقه 1,پزشکی,دانشگاه علوم پزشکی تهران
1394,تجربی,140,13,منطقه 3,پزشکی,دانشگاه علوم پزشکی شهید بهشتی - تهران
1394,تجربی,140,65,منطقه 2,پزشکی,دانشگاه علوم پزشکی تهران
1394,تجربی,142,66,منطقه 2,پزشکی,دانشگاه علوم پزشکی تهران
1394,تجربی,143,67,منطقه 2,پزشکی,دانشگاه علوم پزشکی شیراز
1394,تجربی,144,68,منطقه 2,پزشکی,دانشگاه علوم پزشکی شهید بهشتی - تهران
1394,تجربی,145,59,منطقه 1,پزشکی,دانشگاه علوم پزشکی اصفهان
1394,تجربی,146,14,منطقه 3,پزشکی,دانشگاه علوم پزشکی شهید بهشتی - تهران
1394,تجربی,146,69,منطقه 2,پزشکی,دانشگاه علوم پزشکی شهید بهشتی - تهران
1394,تجربی,148,60,منطقه 1,پزشکی,دانشگاه علوم پزشکی تبریز
1394,تجربی,149,61,منطقه 1,پزشکی,دانشگاه علوم پزشکی شیراز
1394,تجربی,149,70,منطقه 2,پزشکی,دانشگاه علوم پزشکی تهران
1394,تجربی,151,15,منطقه 3,پزشکی,دانشگاه علوم پزشکی تهران
1394,تجربی,151,62,منطقه 1,پزشکی,دانشگاه علوم پزشکی شیراز
1394,تجربی,153,71,منطقه 2,پزشکی,دانشگاه علوم پزشکی شهید بهشتی - تهران
1394,تجربی,154,72,منطقه 2,پزشکی,دانشگاه علوم پزشکی شهید بهشتی - تهران
1394,تجربی,156,63,منطقه 1,دندانپزشکی,دانشگاه علوم پزشکی شهید بهشتی - تهران
1394,تجربی,157,74,منطقه 2,پزشکی,دانشگاه علوم پزشکی شهید بهشتی - تهران
1394,تجربی,158,64,منطقه 1,پزشکی,دانشگاه علوم پزشکی مشهد
1394,تجربی,159,65,منطقه 1,دندانپزشکی,دانشگاه علوم پزشکی اصفهان
1394,تجربی,160,66,منطقه 1,پزشکی,دانشگاه علوم پزشکی شیراز
1394,تجربی,161,67,منطقه 1,پزشکی,دانشگاه علوم پزشکی شهید بهشتی - تهران
1394,تجربی,162,75,منطقه 2,پزشکی,دانشگاه علوم پزشکی شهید بهشتی - تهران
1394,تجربی,163,68,منطقه 1,پزشکی,دانشگاه علوم پزشکی شهید بهشتی - تهران
1394,تجربی,164,76,منطقه 2,پزشکی,دانشگاه علوم پزشکی شهید بهشتی - تهران
1394,تجربی,165,16,منطقه 3,دندانپزشکی,دانشگاه علوم پزشکی تهران
1394,تجربی,165,69,منطقه 1,پزشکی,دانشگاه علوم پزشکی تبریز
1394,تجربی,167,77,منطقه 2,پزشکی,دانشگاه علوم پزشکی ایران
1394,تجربی,168,78,منطقه 2,پزشکی,دانشگاه علوم پزشکی شهید بهشتی - تهران
1394,تجربی,169,79,منطقه 2,دندانپزشکی,دانشگاه علوم پزشکی تهران
1394,تجربی,170,17,منطقه 3,پزشکی,دانشگاه علوم پزشکی ایران
1394,تجربی,171,70,منطقه 1,دندانپزشکی,دانشگاه علوم پزشکی مشهد
1394,تجربی,171,80,منطقه 2,پزشکی,دانشگاه علوم پزشکی تهران
1394,تجربی,173,6,ایثارگران,پزشکی,دانشگاه علوم پزشکی مشهد
1394,تجربی,174,81,منطقه 2,پزشکی,دانشگاه علوم پزشکی تهران
1394,تجربی,175,82,منطقه 2,پزشکی,دانشگاه علوم پزشکی شهید بهشتی - تهران
1394,تجربی,176,71,منطقه 1,دندانپزشکی,دانشگاه علوم پزشکی اصفهان
1394,تجربی,177,83,منطقه 2,پزشکی,دانشگاه علوم پزشکی شهید بهشتی - تهران
1394,تجربی,178,72,منطقه 1,پزشکی,دانشگاه علوم پزشکی مشهد
1394,تجربی,180,19,منطقه 3,پزشکی,دانشگاه علوم پزشکی ایران
1394,تجربی,180,73,منطقه 1,پزشکی,دانشگاه علوم پزشکی شهید بهشتی - تهران
1394,تجربی,182,84,منطقه 2,دندانپزشکی,دانشگاه علوم پزشکی شهید بهشتی - تهران
1394,تجربی,182,84,منطقه 2,پزشکی,دانشگاه علوم پزشکی تهران
1394,تجربی,185,75,منطقه 1,پزشکی,دانشگاه علوم پزشکی تهران
1394,تجربی,186,86,منطقه 2,پزشکی,دانشگاه علوم پزشکی تهران
1394,تجربی,187,87,منطقه 2,پزشکی,دانشگاه علوم پزشکی شهید بهشتی - تهران
1394,تجربی,188,88,منطقه 2,پزشکی,دانشگاه علوم پزشکی شهید بهشتی - تهران
1394,تجربی,189,76,منطقه 1,دندانپزشکی,دانشگاه علوم پزشکی تبریز
1394,تجربی,189,76,منطقه 1,پزشکی,دانشگاه علوم پزشکی شیراز
1394,تجربی,193,79,منطقه 1,پزشکی,دانشگاه علوم پزشکی شهید بهشتی - تهران
1394,تجربی,194,89,منطقه 2,دندانپزشکی,دانشگاه علوم پزشکی شهید بهشتی - تهران
1394,تجربی,195,80,منطقه 1,دندانپزشکی,دانشگاه علوم پزشکی شهید بهشتی - تهران
1394,تجربی,195,90,منطقه 2,دندانپزشکی,دانشگاه علوم پزشکی شهید بهشتی - تهران
1394,تجربی,197,20,منطقه 3,پزشکی,دانشگاه علوم پزشکی مشهد
1394,تجربی,198,81,منطقه 1,پزشکی,دانشگاه علوم پزشکی شیراز
1394,تجربی,199,21,منطقه 3,پزشکی,دانشگاه علوم پزشکی تهران
1394,تجربی,200,82,منطقه 1,پزشکی,دانشگاه علوم پزشکی شهید بهشتی - تهران
1394,تجربی,204,92,منطقه 2,پزشکی,دانشگاه علوم پزشکی شهید بهشتی - تهران
1394,تجربی,209,87,منطقه 1,دندانپزشکی,دانشگاه علوم پزشکی تبریز
1394,تجربی,209,87,منطقه 1,پزشکی,دانشگاه علوم پزشکی تبریز
1394,تجربی,209,87,منطقه 1,پزشکی,دانشگاه علوم پزشکی شهید بهشتی - تهران
1394,تجربی,212,96,منطقه 2,پزشکی,دانشگاه علوم پزشکی تبریز
1394,تجربی,216,22,منطقه 3,پزشکی,دانشگاه علوم پزشکی ایران
1394,تجربی,216,22,منطقه 3,پزشکی,دانشگاه علوم پزشکی مشهد
1394,تجربی,218,91,منطقه 1,دندانپزشکی,دانشگاه علوم پزشکی تهران
1394,تجربی,219,92,منطقه 1,پزشکی,دانشگاه علوم پزشکی تبریز
1394,تجربی,220,98,منطقه 2,پزشکی,دانشگاه علوم پزشکی شهید بهشتی - تهران
1394,تجربی,221,93,منطقه 1,پزشکی,دانشگاه علوم پزشکی شیراز
1394,تجربی,223,94,منطقه 1,دندانپزشکی,دانشگاه علوم پزشکی شهید بهشتی - تهران
1394,تجربی,223,99,منطقه 2,پزشکی,دانشگاه علوم پزشکی شهید بهشتی - تهران
1394,تجربی,225,101,منطقه 2,دندانپزشکی,دانشگاه علوم پزشکی شهید بهشتی - تهران
1394,تجربی,225,101,منطقه 2,پزشکی,دانشگاه علوم پزشکی شیراز
1394,تجربی,230,97,منطقه 1,پزشکی,دانشگاه علوم پزشکی شیراز
1394,تجربی,231,98,منطقه 1,پزشکی,دانشگاه علوم پزشکی شیراز
1394,تجربی,232,104,منطقه 2,پزشکی,دانشگاه علوم پزشکی شهید بهشتی - تهران
1394,تجربی,235,106,منطقه 2,پزشکی,دانشگاه علوم پزشکی شهید بهشتی - تهران
1394,تجربی,236,24,منطقه 3,پزشکی,دانشگاه علوم پزشکی تهران
1394,تجربی,238,100,منطقه 1,پزشکی,دانشگاه علوم پزشکی تبریز
1394,تجربی,238,107,منطقه 2,پزشکی,دانشگاه علوم پزشکی شهید بهشتی - تهران
1394,تجربی,240,101,منطقه 1,دندانپزشکی,دانشگاه علوم پزشکی شیراز
1394,تجربی,241,102,منطقه 1,دندانپزشکی,دانشگاه علوم پزشکی شهید بهشتی - تهران
1394,تجربی,242,103,منطقه 1,پزشکی,دانشگاه علوم پزشکی شهید بهشتی - تهران
1394,تجربی,242,109,منطقه 2,پزشکی,دانشگاه علوم پزشکی شهید بهشتی - تهران
1394,تجربی,244,25,منطقه 3,پزشکی,دانشگاه علوم پزشکی شهید بهشتی - تهران
1394,تجربی,245,26,منطقه 3,دندانپزشکی,دانشگاه علوم پزشکی مشهد
1394,تجربی,246,110,منطقه 2,پزشکی,دانشگاه علوم پزشکی شهید بهشتی - تهران
1394,تجربی,247,104,منطقه 1,پزشکی,دانشگاه علوم پزشکی اصفهان
1394,تجربی,248,111,منطقه 2,دندانپزشکی,دانشگاه علوم پزشکی تهران
1394,تجربی,250,27,منطقه 3,پزشکی,دانشگاه علوم پزشکی شهید بهشتی - تهران
1394,تجربی,250,105,منطقه 1,پزشکی,دانشگاه علوم پزشکی شهید بهشتی - تهران
1394,تجربی,252,106,منطقه 1,دندانپزشکی,دانشگاه علوم پزشکی شهید بهشتی - تهران
1394,تجربی,252,106,منطقه 1,پزشکی,دانشگاه علوم پزشکی مشهد
1394,تجربی,254,108,منطقه 1,پزشکی,دانشگاه علوم پزشکی اصفهان
1394,تجربی,254,113,منطقه 2,پزشکی,دانشگاه علوم پزشکی شهید بهشتی - تهران
1394,تجربی,256,28,منطقه 3,پزشکی,دانشگاه علوم پزشکی شهید بهشتی - تهران
1394,تجربی,257,114,منطقه 2,دندانپزشکی,دانشگاه علوم پزشکی شیراز
1394,تجربی,258,109,منطقه 1,پزشکی,دانشگاه علوم پزشکی مشهد
1394,تجربی,258,115,منطقه 2,پزشکی,دانشگاه علوم پزشکی شیراز
1394,تجربی,260,116,منطقه 2,پزشکی,دانشگاه علوم پزشکی شهید بهشتی - تهران
1394,تجربی,263,110,منطقه 1,داروسازی,دانشگاه علوم پزشکی تهران
1394,تجربی,263,118,منطقه 2,پزشکی,دانشگاه علوم پزشکی شهید بهشتی - تهران
1394,تجربی,267,113,منطقه 1,دندانپزشکی,دانشگاه علوم پزشکی تهران
1394,تجربی,268,120,منطقه 2,پزشکی,دانشگاه علوم پزشکی شهید بهشتی - تهران
1394,تجربی,269,29,منطقه 3,پزشکی,دانشگاه علوم پزشکی ایران
1394,تجربی,271,30,منطقه 3,دندانپزشکی,دانشگاه علوم پزشکی شهید بهشتی - تهران
1394,تجربی,272,121,منطقه 2,پزشکی,دانشگاه علوم پزشکی تبریز
1394,تجربی,273,122,منطقه 2,پزشکی,دانشگاه علوم پزشکی ایران
1394,تجربی,274,123,منطقه 2,پزشکی,دانشگاه علوم پزشکی اصفهان
1394,تجربی,275,124,منطقه 2,پزشکی,دانشگاه علوم پزشکی ایران
1394,تجربی,277,31,منطقه 3,پزشکی,دانشگاه علوم پزشکی ایران
1394,تجربی,278,32,منطقه 3,پزشکی,دانشگاه علوم پزشکی ایران
1394,تجربی,279,126,منطقه 2,دندانپزشکی,دانشگاه علوم پزشکی تهران
1394,تجربی,279,126,منطقه 2,پزشکی,دانشگاه علوم پزشکی ایران
1394,تجربی,281,115,منطقه 1,دندانپزشکی,دانشگاه علوم پزشکی مشهد
1394,تجربی,282,128,منطقه 2,پزشکی,دانشگاه علوم پزشکی ایران
1394,تجربی,283,129,منطقه 2,پزشکی,دانشگاه علوم پزشکی اصفهان
1394,تجربی,283,129,منطقه 2,پزشکی,دانشگاه علوم پزشکی ایران
1394,تجربی,285,116,منطقه 1,پزشکی,دانشگاه علوم پزشکی شهید بهشتی - تهران
1394,تجربی,286,131,منطقه 2,پزشکی,دانشگاه علوم پزشکی شهید بهشتی - تهران
1394,تجربی,287,117,منطقه 1,پزشکی,دانشگاه علوم پزشکی شهید بهشتی - تهران
1394,تجربی,287,132,منطقه 2,دندانپزشکی,دانشگاه علوم پزشکی تهران
1394,تجربی,290,33,منطقه 3,پزشکی,دانشگاه علوم پزشکی شهید بهشتی - تهران
1394,تجربی,290,118,منطقه 1,پزشکی,دانشگاه علوم پزشکی شهید بهشتی - تهران
1394,تجربی,293,34,منطقه 3,پزشکی,دانشگاه علوم پزشکی مشهد
1394,تجربی,295,35,منطقه 3,پزشکی,دانشگاه علوم پزشکی شهید بهشتی - تهران
1394,تجربی,295,120,منطقه 1,پزشکی,دانشگاه علوم پزشکی مشهد
1394,تجربی,299,135,منطقه 2,پزشکی,دانشگاه علوم پزشکی ایران
1394,تجربی,301,121,منطقه 1,پزشکی,دانشگاه علوم پزشکی اصفهان
1394,تجربی,301,137,منطقه 2,پزشکی,دانشگاه علوم پزشکی شهید بهشتی - تهران
1394,تجربی,303,138,منطقه 2,پزشکی,دانشگاه علوم پزشکی شهید بهشتی - تهران
1394,تجربی,305,139,منطقه 2,دندانپزشکی,دانشگاه علوم پزشکی تهران
1394,تجربی,307,122,منطقه 1,پزشکی,دانشگاه علوم پزشکی شهید بهشتی - تهران
1394,تجربی,308,39,منطقه 3,پزشکی,دانشگاه علوم پزشکی تبریز
1394,تجربی,308,141,منطقه 2,پزشکی,دانشگاه علوم پزشکی شهید بهشتی - تهران
1394,تجربی,310,123,منطقه 1,دندانپزشکی,دانشگاه علوم پزشکی تهران
1394,تجربی,311,142,منطقه 2,پزشکی,دانشگاه علوم پزشکی اصفهان
1394,تجربی,312,143,منطقه 2,پزشکی,دانشگاه علوم پزشکی بابل
1394,تجربی,313,144,منطقه 2,دندانپزشکی,دانشگاه علوم پزشکی شهید بهشتی - تهران
1394,تجربی,314,145,منطقه 2,پزشکی,دانشگاه علوم پزشکی ایران
1394,تجربی,315,146,منطقه 2,پزشکی,دانشگاه علوم پزشکی شهید بهشتی - تهران
1394,تجربی,316,147,منطقه 2,پزشکی,دانشگاه علوم پزشکی ایران
1394,تجربی,317,124,منطقه 1,دندانپزشکی,دانشگاه علوم پزشکی مشهد
1394,تجربی,318,125,منطقه 1,پزشکی,دانشگاه علوم پزشکی ایران
1394,تجربی,320,40,منطقه 3,پزشکی,دانشگاه علوم پزشکی ایران
1394,تجربی,320,148,منطقه 2,دندانپزشکی,دانشگاه علوم پزشکی تهران
1394,تجربی,320,148,منطقه 2,پزشکی,دانشگاه علوم پزشکی شهید بهشتی - تهران
1394,تجربی,322,126,منطقه 1,دندانپزشکی,دانشگاه علوم پزشکی مشهد
1394,تجربی,323,127,منطقه 1,پزشکی,دانشگاه علوم پزشکی تبریز
1394,تجربی,323,150,منطقه 2,پزشکی,دانشگاه علوم پزشکی ایران
1394,تجربی,325,41,منطقه 3,پزشکی,دانشگاه علوم پزشکی شیراز
1394,تجربی,327,151,منطقه 2,پزشکی,دانشگاه علوم پزشکی ایران
1394,تجربی,328,8,ایثارگران,پزشکی,دانشگاه علوم پزشکی تهران
1394,تجربی,329,152,منطقه 2,دندانپزشکی,دانشگاه علوم پزشکی شهید بهشتی - تهران
1394,تجربی,329,152,منطقه 2,پزشکی,دانشگاه علوم پزشکی ایران
1394,تجربی,332,154,منطقه 2,پزشکی,دانشگاه علوم پزشکی تبریز
1394,تجربی,335,131,منطقه 1,پزشکی,دانشگاه علوم پزشکی ایران
1394,تجربی,335,155,منطقه 2,پزشکی,دانشگاه علوم پزشکی ایران
1394,تجربی,337,133,منطقه 1,دندانپزشکی,دانشگاه علوم پزشکی تبریز
1394,تجربی,338,134,منطقه 1,پزشکی,دانشگاه علوم پزشکی تبریز
1394,تجربی,339,156,منطقه 2,دندانپزشکی,دانشگاه علوم پزشکی تهران
1394,تجربی,340,157,منطقه 2,پزشکی,دانشگاه علوم پزشکی شهید بهشتی - تهران
1394,تجربی,342,158,منطقه 2,پزشکی,دانشگاه علوم پزشکی ایران
1394,تجربی,343,159,منطقه 2,پزشکی,دانشگاه علوم پزشکی شهید بهشتی - تهران
1394,تجربی,346,160,منطقه 2,پزشکی,دانشگاه علوم پزشکی ایران
1394,تجربی,349,138,منطقه 1,دندانپزشکی,دانشگاه علوم پزشکی تهران
1394,تجربی,352,140,منطقه 1,پزشکی,دانشگاه علوم پزشکی شهید بهشتی - تهران
1394,تجربی,352,163,منطقه 2,پزشکی,دانشگاه علوم پزشکی شهید بهشتی - تهران
1394,تجربی,352,163,منطقه 2,پزشکی,دانشگاه علوم پزشکی شیراز
1394,تجربی,354,141,منطقه 1,پزشکی,دانشگاه علوم پزشکی مشهد
1394,تجربی,355,165,منطقه 2,پزشکی,دانشگاه علوم پزشکی ایران
1394,تجربی,356,42,منطقه 3,دندانپزشکی,دانشگاه علوم پزشکی تهران
1394,تجربی,357,142,منطقه 1,پزشکی,دانشگاه علوم پزشکی اصفهان
1394,تجربی,359,143,منطقه 1,پزشکی,دانشگاه علوم پزشکی شهید بهشتی - تهران
1394,تجربی,359,166,منطقه 2,پزشکی,دانشگاه علوم پزشکی شهید بهشتی - تهران
1394,تجربی,361,145,منطقه 1,پزشکی,دانشگاه علوم پزشکی ایران
1394,تجربی,361,167,منطقه 2,پزشکی,دانشگاه علوم پزشکی شهید بهشتی - تهران
1394,تجربی,363,168,منطقه 2,پزشکی,دانشگاه علوم پزشکی ایران
1394,تجربی,363,168,منطقه 2,پزشکی,دانشگاه علوم پزشکی شهید بهشتی - تهران
1394,تجربی,365,170,منطقه 2,پزشکی,دانشگاه علوم پزشکی شیراز
1394,تجربی,366,171,منطقه 2,پزشکی,دانشگاه علوم پزشکی شیراز
1394,تجربی,367,172,منطقه 2,دندانپزشکی,دانشگاه علوم پزشکی تهران
1394,تجربی,369,173,منطقه 2,پزشکی,دانشگاه علوم پزشکی شیراز
1394,تجربی,369,173,منطقه 2,پزشکی,دانشگاه علوم پزشکی مشهد
1394,تجربی,372,175,منطقه 2,پزشکی,دانشگاه علوم پزشکی تبریز
1394,تجربی,374,176,منطقه 2,پزشکی,دانشگاه علوم پزشکی شهید بهشتی - تهران
1394,تجربی,375,149,منطقه 1,دندانپزشکی,دانشگاه علوم پزشکی شهید بهشتی - تهران
1394,تجربی,377,178,منطقه 2,پزشکی,دانشگاه علوم پزشکی تبریز
1394,تجربی,377,178,منطقه 2,پزشکی,دانشگاه علوم پزشکی شهید بهشتی - تهران
1394,تجربی,377,178,منطقه 2,پزشکی,دانشگاه علوم پزشکی گیلان - رشت
1394,تجربی,379,43,منطقه 3,پزشکی,دانشگاه علوم پزشکی شیراز
1394,تجربی,380,44,منطقه 3,پزشکی,دانشگاه علوم پزشکی اصفهان
1394,تجربی,381,150,منطقه 1,دندانپزشکی,دانشگاه علوم پزشکی تبریز
1394,تجربی,384,45,منطقه 3,پزشکی,دانشگاه علوم پزشکی کرمانشاه
1394,تجربی,385,153,منطقه 1,پزشکی,دانشگاه علوم پزشکی اصفهان
1394,تجربی,385,180,منطقه 2,پزشکی,دانشگاه علوم پزشکی مشهد
1394,تجربی,387,181,منطقه 2,پزشکی,دانشگاه علوم پزشکی شهید بهشتی - تهران
1394,تجربی,388,46,منطقه 3,پزشکی,دانشگاه علوم پزشکی شیراز
1394,تجربی,390,154,منطقه 1,دندانپزشکی,دانشگاه علوم پزشکی مشهد
1394,تجربی,390,182,منطقه 2,دندانپزشکی,دانشگاه علوم پزشکی تهران
1394,تجربی,390,182,منطقه 2,پزشکی,دانشگاه علوم پزشکی یزد
1394,تجربی,392,184,منطقه 2,پزشکی,دانشگاه علوم پزشکی یزد
1394,تجربی,393,155,منطقه 1,پزشکی,دانشگاه علوم پزشکی شیراز
1394,تجربی,395,186,منطقه 2,پزشکی,دانشگاه علوم پزشکی شهید بهشتی - تهران
1394,تجربی,395,186,منطقه 2,پزشکی,دانشگاه علوم پزشکی یزد
1394,تجربی,397,156,منطقه 1,پزشکی,دانشگاه علوم پزشکی شیراز
1394,تجربی,399,158,منطقه 1,پزشکی,دانشگاه علوم پزشکی اصفهان
1394,تجربی,400,188,منطقه 2,پزشکی,دانشگاه علوم پزشکی تبریز
1394,تجربی,401,159,منطقه 1,پزشکی,دانشگاه علوم پزشکی اصفهان
1394,تجربی,402,160,منطقه 1,پزشکی,دانشگاه علوم پزشکی شیراز
1394,تجربی,403,189,منطقه 2,دندانپزشکی,دانشگاه علوم پزشکی شهید بهشتی - تهران
1394,تجربی,406,162,منطقه 1,دندانپزشکی,دانشگاه علوم پزشکی تبریز
1394,تجربی,406,191,منطقه 2,دندانپزشکی,دانشگاه علوم پزشکی همدان
1394,تجربی,406,191,منطقه 2,پزشکی,دانشگاه علوم پزشکی ایران
1394,تجربی,406,191,منطقه 2,پزشکی,دانشگاه علوم پزشکی گیلان - رشت
1394,تجربی,410,163,منطقه 1,پزشکی,دانشگاه علوم پزشکی مشهد
1394,تجربی,410,193,منطقه 2,پزشکی,دانشگاه علوم پزشکی شهید بهشتی - تهران
1394,تجربی,410,193,منطقه 2,پزشکی,دانشگاه علوم پزشکی مشهد
1394,تجربی,412,164,منطقه یک,پزشکی,دانشگاه علوم پزشکی شهید بهشتی - تهران
1394,تجربی,412,195,منطقه 2,پزشکی,دانشگاه علوم پزشکی شیراز
1394,تجربی,414,196,منطقه 2,دندانپزشکی,دانشگاه علوم پزشکی شهید بهشتی - تهران
1394,تجربی,416,166,منطقه 1,پزشکی,دانشگاه علوم پزشکی ایران
1394,تجربی,416,197,منطقه 2,پزشکی,دانشگاه علوم پزشکی اصفهان
1394,تجربی,418,198,منطقه 2,پزشکی,دانشگاه علوم پزشکی شهید بهشتی - تهران
1394,تجربی,419,47,منطقه 3,پزشکی,دانشگاه علوم پزشکی تبریز
1394,تجربی,419,199,منطقه 2,پزشکی,دانشگاه علوم پزشکی یزد
1394,تجربی,421,9,ایثارگران,پزشکی,دانشگاه علوم پزشکی تهران
1394,تجربی,422,167,منطقه 1,پزشکی,دانشگاه علوم پزشکی مشهد
1394,تجربی,423,200,منطقه 2,پزشکی,دانشگاه علوم پزشکی جندی شاپور اهواز
1394,تجربی,424,201,منطقه 2,پزشکی,دانشگاه علوم پزشکی شهید بهشتی - تهران
1394,تجربی,425,48,منطقه 3,پزشکی,دانشگاه علوم پزشکی شیراز
1394,تجربی,426,168,منطقه 1,پزشکی,دانشگاه علوم پزشکی تبریز
1394,تجربی,426,168,منطقه 1,پزشکی,دانشگاه علوم پزشکی شیراز
1394,تجربی,428,49,منطقه 3,پزشکی,دانشگاه علوم پزشکی تبریز
1394,تجربی,429,170,منطقه 1,پزشکی,دانشگاه علوم پزشکی اصفهان
1394,تجربی,429,170,منطقه 1,پزشکی,دانشگاه علوم پزشکی شیراز
1394,تجربی,431,172,منطقه 1,دندانپزشکی,دانشگاه علوم پزشکی تهران
1394,تجربی,432,202,منطقه 2,پزشکی,دانشگاه علوم پزشکی شیراز
1394,تجربی,434,204,منطقه 2,پزشکی,دانشگاه علوم پزشکی اصفهان
1394,تجربی,434,204,منطقه 2,پزشکی,دانشگاه علوم پزشکی شهید بهشتی - تهران
1394,تجربی,434,204,منطقه 2,پزشکی,دانشگاه علوم پزشکی شیراز
1394,تجربی,436,206,منطقه 2,پزشکی,دانشگاه علوم پزشکی تبریز
1394,تجربی,438,174,منطقه 1,پزشکی,دانشگاه علوم پزشکی شهید بهشتی - تهران
1394,تجربی,439,175,منطقه 1,دندانپزشکی,دانشگاه علوم پزشکی مشهد
1394,تجربی,440,207,منطقه 2,پزشکی,دانشگاه علوم پزشکی شهید بهشتی - تهران
1394,تجربی,440,207,منطقه 2,پزشکی,دانشگاه علوم پزشکی مشهد
1394,تجربی,442,176,منطقه 1,پزشکی,دانشگاه علوم پزشکی تبریز
1394,تجربی,444,50,منطقه 3,پزشکی,دانشگاه علوم پزشکی شیراز
1394,تجربی,446,211,منطقه 2,دندانپزشکی,دانشگاه علوم پزشکی تهران
1394,تجربی,446,211,منطقه 2,پزشکی,دانشگاه علوم پزشکی اصفهان
1394,تجربی,446,211,منطقه 2,پزشکی,دانشگاه علوم پزشکی شهید بهشتی - تهران
1394,تجربی,449,178,منطقه 1,پزشکی,دانشگاه علوم پزشکی اصفهان
1394,تجربی,450,179,منطقه 1,پزشکی,دانشگاه علوم پزشکی شهید بهشتی - تهران
1394,تجربی,451,180,منطقه 1,پزشکی,دانشگاه علوم پزشکی اصفهان
1394,تجربی,452,10,ایثارگران,پزشکی,دانشگاه علوم پزشکی شیراز
1394,تجربی,452,213,منطقه 2,پزشکی,دانشگاه علوم پزشکی شهید بهشتی - تهران
1394,تجربی,454,181,منطقه 1,پزشکی,دانشگاه علوم پزشکی اصفهان
1394,تجربی,455,182,منطقه 1,پزشکی,دانشگاه علوم پزشکی مشهد
1394,تجربی,456,183,منطقه 1,پزشکی,دانشگاه علوم پزشکی مشهد
1394,تجربی,457,214,منطقه 2,دندانپزشکی,دانشگاه علوم پزشکی تهران
1394,تجربی,459,51,منطقه 3,دندانپزشکی,دانشگاه علوم پزشکی تهران
1394,تجربی,459,51,منطقه 3,پزشکی,دانشگاه علوم پزشکی مشهد
1394,تجربی,461,216,منطقه 2,دندانپزشکی,دانشگاه علوم پزشکی تهران
1394,تجربی,462,184,منطقه 1,دندانپزشکی,دانشگاه علوم پزشکی تبریز
1394,تجربی,463,53,منطقه 3,پزشکی,دانشگاه علوم پزشکی شیراز
1394,تجربی,465,54,منطقه 3,دندانپزشکی,دانشگاه علوم پزشکی تهران
1394,تجربی,466,217,منطقه 2,پزشکی,دانشگاه علوم پزشکی تبریز
1394,تجربی,468,186,منطقه 1,دندانپزشکی,دانشگاه علوم پزشکی مشهد
1394,تجربی,468,219,منطقه 2,دندانپزشکی,دانشگاه علوم پزشکی تهران
1394,تجربی,470,187,منطقه 1,پزشکی,دانشگاه علوم پزشکی اصفهان
1394,تجربی,471,11,ایثارگران,پزشکی,دانشگاه علوم پزشکی تهران
1394,تجربی,472,55,منطقه 3,پزشکی,دانشگاه علوم پزشکی شیراز
1394,تجربی,472,220,منطقه 2,پزشکی,دانشگاه علوم پزشکی شهید بهشتی - تهران
1394,تجربی,474,221,منطقه 2,دندانپزشکی,دانشگاه علوم پزشکی تهران
1394,تجربی,474,221,منطقه 2,پزشکی,دانشگاه علوم پزشکی شهید بهشتی - تهران
1394,تجربی,477,56,منطقه 3,دندانپزشکی,دانشگاه علوم پزشکی مشهد
1394,تجربی,477,56,منطقه 3,پزشکی,دانشگاه علوم پزشکی شهید بهشتی - تهران
1394,تجربی,477,188,منطقه 1,پزشکی,دانشگاه علوم پزشکی شهید بهشتی - تهران
1394,تجربی,477,223,منطقه 2,پزشکی,دانشگاه علوم پزشکی مشهد
1394,تجربی,481,225,منطقه 2,پزشکی,دانشگاه علوم پزشکی تبریز
1394,تجربی,481,225,منطقه 2,پزشکی,دانشگاه علوم پزشکی گیلان - رشت
1394,تجربی,483,189,منطقه 1,داروسازی,دانشگاه علوم پزشکی تبریز
1394,تجربی,483,189,منطقه 1,پزشکی,دانشگاه علوم پزشکی شیراز
1394,تجربی,486,58,منطقه 3,دندانپزشکی,دانشگاه علوم پزشکی تهران
1394,تجربی,486,228,منطقه 2,پزشکی,دانشگاه علوم پزشکی شهید بهشتی - تهران
1394,تجربی,486,228,منطقه 2,پزشکی,دانشگاه علوم پزشکی شیراز
1394,تجربی,489,191,منطقه 1,داروسازی,دانشگاه علوم پزشکی شهید بهشتی - تهران
1394,تجربی,490,230,منطقه 2,پزشکی,دانشگاه علوم پزشکی کردستان - سنندج
1394,تجربی,491,231,منطقه 2,پزشکی,دانشگاه علوم پزشکی اصفهان
1394,تجربی,493,192,منطقه 1,پزشکی,دانشگاه علوم پزشکی ایران
1394,تجربی,494,233,منطقه 2,دندانپزشکی,دانشگاه علوم پزشکی تهران
1394,تجربی,497,235,منطقه 2,پزشکی,دانشگاه علوم پزشکی شیراز
1394,تجربی,499,236,منطقه 2,پزشکی,دانشگاه علوم پزشکی یزد
1394,تجربی,501,237,منطقه 2,پزشکی,دانشگاه علوم پزشکی شهید بهشتی - تهران
1394,تجربی,502,196,منطقه 1,دندانپزشکی,دانشگاه علوم پزشکی تهران
1394,تجربی,503,59,منطقه 3,پزشکی,دانشگاه علوم پزشکی شهید بهشتی - تهران
1394,تجربی,504,238,منطقه 2,دندانپزشکی,دانشگاه علوم پزشکی مشهد
1394,تجربی,506,60,منطقه 3,پزشکی,دانشگاه علوم پزشکی شهید بهشتی - تهران
1394,تجربی,506,240,منطقه 2,دندانپزشکی,دانشگاه علوم پزشکی شهید بهشتی - تهران
1394,تجربی,506,240,منطقه 2,پزشکی,دانشگاه علوم پزشکی شیراز
1394,تجربی,509,61,منطقه 3,پزشکی,دانشگاه علوم پزشکی تبریز
1394,تجربی,509,242,منطقه 2,پزشکی,دانشگاه علوم پزشکی شهید بهشتی - تهران
1394,تجربی,511,197,منطقه 1,پزشکی,دانشگاه علوم پزشکی اصفهان
1394,تجربی,511,243,منطقه 2,پزشکی,دانشگاه علوم پزشکی شهید بهشتی - تهران
1394,تجربی,514,198,منطقه 1,دندانپزشکی,دانشگاه علوم پزشکی اصفهان
1394,تجربی,514,244,منطقه 2,پزشکی,دانشگاه علوم پزشکی اصفهان
1394,تجربی,514,244,منطقه 2,پزشکی,دانشگاه علوم پزشکی شیراز
1394,تجربی,517,199,منطقه 1,پزشکی,دانشگاه علوم پزشکی اصفهان
1394,تجربی,520,64,منطقه 3,پزشکی,دانشگاه علوم پزشکی شیراز
1394,تجربی,520,200,منطقه 1,پزشکی,دانشگاه علوم پزشکی شهید بهشتی - تهران
1394,تجربی,520,200,منطقه 1,پزشکی,دانشگاه علوم پزشکی شیراز
1394,تجربی,522,202,منطقه 1,پزشکی,دانشگاه علوم پزشکی مشهد
1394,تجربی,523,203,منطقه 1,پزشکی,دانشگاه علوم پزشکی اصفهان
1394,تجربی,526,205,منطقه 1,پزشکی,دانشگاه علوم پزشکی مشهد
1394,تجربی,527,247,منطقه 2,پزشکی,دانشگاه علوم پزشکی اصفهان
1394,تجربی,528,206,منطقه 1,پزشکی,دانشگاه علوم پزشکی شیراز
1394,تجربی,529,12,ایثارگران,دندانپزشکی,دانشگاه علوم پزشکی تهران
1394,تجربی,529,248,منطقه 2,دندانپزشکی,دانشگاه علوم پزشکی مشهد
1394,تجربی,531,207,منطقه 1,پزشکی,دانشگاه علوم پزشکی مشهد
1394,تجربی,532,208,منطقه 1,پزشکی,دانشگاه علوم پزشکی مشهد
1394,تجربی,532,249,منطقه 2,پزشکی,دانشگاه علوم پزشکی شهید بهشتی - تهران
1394,تجربی,534,250,منطقه 2,پزشکی,دانشگاه علوم پزشکی شهید بهشتی - تهران
1394,تجربی,535,209,منطقه 1,دندانپزشکی,دانشگاه علوم پزشکی تهران
1394,تجربی,537,251,منطقه 2,پزشکی,دانشگاه علوم پزشکی مشهد
1394,تجربی,539,65,منطقه 3,پزشکی,دانشگاه علوم پزشکی مشهد
1394,تجربی,539,211,منطقه 1,پزشکی,دانشگاه علوم پزشکی تبریز
1394,تجربی,539,211,منطقه 1,پزشکی,دانشگاه علوم پزشکی شهید بهشتی - تهران
1394,تجربی,539,252,منطقه 2,پزشکی,دانشگاه علوم پزشکی شهید بهشتی - تهران
1394,تجربی,543,213,منطقه 1,دندانپزشکی,دانشگاه علوم پزشکی البرز - کرج
1394,تجربی,543,213,منطقه 1,پزشکی,دانشگاه علوم پزشکی شیراز
1394,تجربی,543,253,منطقه 2,پزشکی,دانشگاه علوم پزشکی ایران
1394,تجربی,545,215,منطقه 1,پزشکی,دانشگاه علوم پزشکی ایران
1394,تجربی,545,254,منطقه 2,پزشکی,دانشگاه علوم پزشکی همدان
1394,تجربی,547,216,منطقه 1,پزشکی,دانشگاه علوم پزشکی مشهد
1394,تجربی,548,217,منطقه 1,پزشکی,دانشگاه علوم پزشکی تبریز
1394,تجربی,550,218,منطقه 1,پزشکی,دانشگاه علوم پزشکی شیراز
1394,تجربی,552,256,منطقه 2,پزشکی,دانشگاه علوم پزشکی اصفهان
1394,تجربی,555,220,منطقه 1,پزشکی,دانشگاه علوم پزشکی ایران
1394,تجربی,555,258,منطقه 2,دندانپزشکی,دانشگاه علوم پزشکی شهید بهشتی - تهران
1394,تجربی,555,258,منطقه 2,پزشکی,دانشگاه علوم پزشکی ارومیه
1394,تجربی,558,260,منطقه 2,پزشکی,دانشگاه علوم پزشکی شیراز
1394,تجربی,560,66,منطقه 3,پزشکی,دانشگاه علوم پزشکی تبریز
1394,تجربی,560,261,منطقه 2,پزشکی,دانشگاه علوم پزشکی اصفهان
1394,تجربی,560,261,منطقه 2,پزشکی,دانشگاه علوم پزشکی همدان
1394,تجربی,564,264,منطقه 2,پزشکی,دانشگاه علوم پزشکی ایران
1394,تجربی,564,264,منطقه 2,پزشکی,دانشگاه علوم پزشکی شهید بهشتی - تهران
1394,تجربی,568,223,منطقه 1,پزشکی,دانشگاه علوم پزشکی اصفهان
1394,تجربی,568,223,منطقه 1,پزشکی,دانشگاه علوم پزشکی مشهد
1394,تجربی,568,267,منطقه 2,پزشکی,دانشگاه علوم پزشکی شهید بهشتی - تهران
1394,تجربی,568,267,منطقه 2,پزشکی,دانشگاه علوم پزشکی مازندران - ساری
1394,تجربی,568,267,منطقه 2,پزشکی,دانشگاه علوم پزشکی گیلان - رشت
1394,تجربی,572,225,منطقه 1,دندانپزشکی,دانشگاه علوم پزشکی تبریز
1394,تجربی,573,270,منطقه 2,پزشکی,دانشگاه علوم پزشکی مازندران - ساری
1394,تجربی,574,67,منطقه 3,پزشکی,دانشگاه علوم پزشکی یزد
1394,تجربی,575,271,منطقه 2,پزشکی,دانشگاه علوم پزشکی تبریز
1394,تجربی,576,68,منطقه 3,پزشکی,دانشگاه علوم پزشکی ایران
1394,تجربی,576,226,منطقه 1,پزشکی,دانشگاه علوم پزشکی اصفهان
1394,تجربی,579,69,منطقه 3,پزشکی,دانشگاه علوم پزشکی ایران
1394,تجربی,579,69,منطقه 3,پزشکی,دانشگاه علوم پزشکی شیراز
1394,تجربی,579,272,منطقه 2,پزشکی,دانشگاه علوم پزشکی تبریز
1394,تجربی,581,273,منطقه 2,پزشکی,دانشگاه علوم پزشکی ایران
1394,تجربی,582,274,منطقه 2,پزشکی,دانشگاه علوم پزشکی مشهد
1394,تجربی,583,275,منطقه 2,دندانپزشکی,دانشگاه علوم پزشکی اصفهان
1394,تجربی,585,227,منطقه 1,پزشکی,دانشگاه علوم پزشکی شیراز
1394,تجربی,587,13,ایثارگران,پزشکی,دانشگاه علوم پزشکی تهران
1394,تجربی,587,228,منطقه 1,پزشکی,دانشگاه علوم پزشکی اصفهان
1394,تجربی,587,277,منطقه 2,پزشکی,دانشگاه علوم پزشکی کرمان
1394,تجربی,589,229,منطقه 1,پزشکی,دانشگاه علوم پزشکی تبریز
1394,تجربی,591,14,ایثارگران,پزشکی,دانشگاه علوم پزشکی تهران
1394,تجربی,591,278,منطقه 2,پزشکی,دانشگاه علوم پزشکی اصفهان
1394,تجربی,593,279,منطقه 2,پزشکی,دانشگاه علوم پزشکی شهید بهشتی - تهران
1394,تجربی,594,280,منطقه 2,پزشکی,دانشگاه علوم پزشکی ایران
1394,تجربی,595,72,منطقه 3,پزشکی,دانشگاه علوم پزشکی مشهد
1394,تجربی,595,230,منطقه 1,دندانپزشکی,دانشگاه علوم پزشکی اصفهان
1394,تجربی,597,231,منطقه 1,دندانپزشکی,دانشگاه علوم پزشکی مشهد
1394,تجربی,598,281,منطقه 2,دندانپزشکی,دانشگاه علوم پزشکی تهران
1394,تجربی,599,73,منطقه 3,پزشکی,دانشگاه علوم پزشکی ایران
1394,تجربی,599,232,منطقه 1,پزشکی,دانشگاه علوم پزشکی ایران
1394,تجربی,601,233,منطقه 1,دندانپزشکی,دانشگاه علوم پزشکی مشهد
1394,تجربی,603,282,منطقه 2,داروسازی,دانشگاه علوم پزشکی مشهد
1394,تجربی,604,283,منطقه 2,پزشکی,دانشگاه علوم پزشکی ایران
1394,تجربی,605,284,منطقه 2,دندانپزشکی,دانشگاه علوم پزشکی تهران
1394,تجربی,606,285,منطقه 2,دندانپزشکی,دانشگاه علوم پزشکی جندی شاپور اهواز
1394,تجربی,608,236,منطقه 1,پزشکی,دانشگاه علوم پزشکی ایران
1394,تجربی,608,286,منطقه 2,پزشکی,دانشگاه علوم پزشکی تبریز
1394,تجربی,610,237,منطقه 1,پزشکی,دانشگاه علوم پزشکی ایران
1394,تجربی,612,287,منطقه 2,پزشکی,دانشگاه علوم پزشکی ایران
1394,تجربی,613,288,منطقه 2,پزشکی,دانشگاه علوم پزشکی مازندران - ساری
1394,تجربی,614,15,ایثارگران,پزشکی,دانشگاه علوم پزشکی تهران
1394,تجربی,614,289,منطقه 2,دندانپزشکی,دانشگاه علوم پزشکی تهران
1394,تجربی,617,290,منطقه 2,پزشکی,دانشگاه علوم پزشکی اصفهان
1394,تجربی,618,291,منطقه 2,پزشکی,دانشگاه علوم پزشکی ایران
1394,تجربی,619,239,منطقه 1,پزشکی,دانشگاه علوم پزشکی شیراز
1394,تجربی,620,292,منطقه 2,دندانپزشکی,دانشگاه علوم پزشکی گیلان - رشت
1394,تجربی,621,293,منطقه 2,پزشکی,دانشگاه علوم پزشکی شیراز
1394,تجربی,623,295,منطقه 2,دندانپزشکی,دانشگاه علوم پزشکی کرمانشاه
1394,تجربی,624,16,ایثارگران,پزشکی,دانشگاه علوم پزشکی شیراز
1394,تجربی,624,240,منطقه 1,پزشکی,دانشگاه علوم پزشکی تبریز
1394,تجربی,626,75,منطقه 3,پزشکی,دانشگاه علوم پزشکی ایران
1394,تجربی,626,241,منطقه 1,دندانپزشکی,دانشگاه علوم پزشکی شهید بهشتی - تهران
1394,تجربی,628,296,منطقه 2,دندانپزشکی,دانشگاه علوم پزشکی تبریز
1394,تجربی,629,297,منطقه 2,پزشکی,دانشگاه علوم پزشکی تبریز
1394,تجربی,630,298,منطقه 2,پزشکی,دانشگاه علوم پزشکی شهید بهشتی - تهران
1394,تجربی,633,76,منطقه 3,پزشکی,دانشگاه علوم پزشکی تهران
1394,تجربی,633,243,منطقه 1,دندانپزشکی,دانشگاه علوم پزشکی تبریز
1394,تجربی,633,243,منطقه 1,پزشکی,دانشگاه علوم پزشکی تبریز
1394,تجربی,633,243,منطقه 1,پزشکی,دانشگاه علوم پزشکی شیراز
1394,تجربی,636,300,منطقه 2,پزشکی,دانشگاه علوم پزشکی اصفهان
1394,تجربی,638,245,منطقه 1,پزشکی,دانشگاه علوم پزشکی ایران
1394,تجربی,638,302,منطقه 2,پزشکی,دانشگاه علوم پزشکی مشهد
1394,تجربی,640,77,منطقه 3,پزشکی,دانشگاه علوم پزشکی شیراز
1394,تجربی,641,78,منطقه 3,دندانپزشکی,دانشگاه علوم پزشکی مشهد
1394,تجربی,641,303,منطقه 2,پزشکی,دانشگاه علوم پزشکی ایران
1394,تجربی,643,246,منطقه 1,دندانپزشکی,دانشگاه علوم پزشکی اصفهان
1394,تجربی,643,246,منطقه 1,پزشکی,دانشگاه علوم پزشکی اصفهان
1394,تجربی,645,304,منطقه 2,پزشکی,دانشگاه علوم پزشکی گیلان - رشت
1394,تجربی,646,305,منطقه 2,دندانپزشکی,دانشگاه علوم پزشکی همدان
1394,تجربی,647,79,منطقه 3,پزشکی,دانشگاه علوم پزشکی مشهد
1394,تجربی,649,248,منطقه 1,پزشکی,دانشگاه علوم پزشکی شیراز
1394,تجربی,649,307,منطقه 2,پزشکی,دانشگاه علوم پزشکی ایران
1394,تجربی,651,249,منطقه 1,دندانپزشکی,دانشگاه علوم پزشکی اصفهان
1394,تجربی,651,249,منطقه 1,دندانپزشکی,دانشگاه علوم پزشکی مشهد
1394,تجربی,653,308,منطقه 2,پزشکی,دانشگاه علوم پزشکی مازندران - ساری
1394,تجربی,655,80,منطقه 3,پزشکی,دانشگاه علوم پزشکی تبریز
1394,تجربی,655,309,منطقه 2,پزشکی,دانشگاه علوم پزشکی مازندران - ساری
1394,تجربی,655,309,منطقه 2,پزشکی,دانشگاه علوم پزشکی مشهد
1394,تجربی,657,251,منطقه 1,دندانپزشکی,دانشگاه علوم پزشکی اصفهان
1394,تجربی,657,251,منطقه 1,پزشکی,دانشگاه علوم پزشکی ایران
1394,تجربی,659,253,منطقه 1,دندانپزشکی,دانشگاه علوم پزشکی مشهد
1394,تجربی,659,311,منطقه 2,دندانپزشکی,دانشگاه علوم پزشکی تهران
1394,تجربی,662,254,منطقه 1,دندانپزشکی,دانشگاه علوم پزشکی شهید بهشتی - تهران
1394,تجربی,662,254,منطقه 1,پزشکی,دانشگاه علوم پزشکی شیراز
1394,تجربی,662,312,منطقه 2,پزشکی,دانشگاه علوم پزشکی ایران
1394,تجربی,664,313,منطقه 2,پزشکی,دانشگاه علوم پزشکی مشهد
1394,تجربی,665,314,منطقه 2,پزشکی,دانشگاه علوم پزشکی شیراز
1394,تجربی,666,315,منطقه 2,پزشکی,دانشگاه علوم پزشکی بابل
1394,تجربی,669,81,منطقه 3,پزشکی,دانشگاه علوم پزشکی تبریز
1394,تجربی,669,81,منطقه 3,پزشکی,دانشگاه علوم پزشکی مازندران - ساری
1394,تجربی,671,317,منطقه 2,پزشکی,دانشگاه علوم پزشکی شیراز
1394,تجربی,672,318,منطقه 2,پزشکی,دانشگاه علوم پزشکی مشهد
1394,تجربی,673,83,منطقه 3,پزشکی,دانشگاه علوم پزشکی ایران
1394,تجربی,673,257,منطقه 1,دندانپزشکی,دانشگاه علوم پزشکی البرز - کرج
1394,تجربی,675,84,منطقه 3,پزشکی,دانشگاه علوم پزشکی ایران
1394,تجربی,675,319,منطقه 2,پزشکی,دانشگاه علوم پزشکی ایران
1394,تجربی,677,258,منطقه 1,پزشکی,دانشگاه علوم پزشکی شیراز
1394,تجربی,678,259,منطقه 1,دندانپزشکی,دانشگاه علوم پزشکی شهید بهشتی - تهران
1394,تجربی,680,260,منطقه 1,دندانپزشکی,دانشگاه علوم پزشکی اصفهان
1394,تجربی,680,320,منطقه 2,دندانپزشکی,دانشگاه علوم پزشکی اصفهان
1394,تجربی,682,86,منطقه 3,پزشکی,دانشگاه علوم پزشکی ایران
1394,تجربی,683,321,منطقه 2,پزشکی,دانشگاه علوم پزشکی ایران
1394,تجربی,685,322,منطقه 2,پزشکی,دانشگاه علوم پزشکی گیلان - رشت
1394,تجربی,686,323,منطقه 2,دندانپزشکی,دانشگاه علوم پزشکی اصفهان
1394,تجربی,687,262,منطقه 1,دندانپزشکی,دانشگاه علوم پزشکی شیراز
1394,تجربی,688,87,منطقه 3,دندانپزشکی,دانشگاه علوم پزشکی مشهد
1394,تجربی,688,263,منطقه 1,پزشکی,دانشگاه علوم پزشکی شیراز
1394,تجربی,691,264,منطقه 1,پزشکی,دانشگاه علوم پزشکی اصفهان
1394,تجربی,693,325,منطقه 2,پزشکی,دانشگاه علوم پزشکی ایران
1394,تجربی,696,266,منطقه 1,پزشکی,دانشگاه علوم پزشکی شیراز
1394,تجربی,698,328,منطقه 2,دندانپزشکی,دانشگاه علوم پزشکی مشهد
1394,تجربی,699,88,منطقه 3,پزشکی,دانشگاه علوم پزشکی مشهد
1394,تجربی,700,329,منطقه 2,پزشکی,دانشگاه علوم پزشکی ایران
1394,تجربی,703,269,منطقه 1,دندانپزشکی,دانشگاه علوم پزشکی اصفهان
1394,تجربی,703,269,منطقه 1,پزشکی,دانشگاه علوم پزشکی ایران
1394,تجربی,703,269,منطقه 1,پزشکی,دانشگاه علوم پزشکی شیراز
1394,تجربی,703,330,منطقه 2,پزشکی,دانشگاه علوم پزشکی ایران
1394,تجربی,706,89,منطقه 3,پزشکی,دانشگاه علوم پزشکی مشهد
1394,تجربی,707,272,منطقه 1,دندانپزشکی,دانشگاه علوم پزشکی تبریز
1394,تجربی,708,273,منطقه 1,پزشکی,دانشگاه علوم پزشکی البرز - کرج
1394,تجربی,711,17,ایثارگران,پزشکی,دانشگاه علوم پزشکی تهران
1394,تجربی,711,331,منطقه 2,دندانپزشکی,دانشگاه علوم پزشکی تبریز
1394,تجربی,711,331,منطقه 2,پزشکی,دانشگاه علوم پزشکی شیراز
1394,تجربی,714,275,منطقه 1,پزشکی,دانشگاه علوم پزشکی تبریز
1394,تجربی,714,275,منطقه 1,پزشکی,دانشگاه علوم پزشکی مشهد
1394,تجربی,714,333,منطقه 2,پزشکی,دانشگاه علوم پزشکی تبریز
1394,تجربی,717,90,منطقه 3,پزشکی,دانشگاه علوم پزشکی همدان
1394,تجربی,717,277,منطقه 1,دندانپزشکی,دانشگاه علوم پزشکی تبریز
1394,تجربی,717,334,منطقه 2,پزشکی,دانشگاه علوم پزشکی یزد
1394,تجربی,719,91,منطقه 3,دندانپزشکی,دانشگاه علوم پزشکی مشهد
1394,تجربی,719,335,منطقه 2,دندانپزشکی,دانشگاه علوم پزشکی اصفهان
1394,تجربی,721,92,منطقه 3,پزشکی,دانشگاه علوم پزشکی تهران
1394,تجربی,721,336,منطقه 2,دندانپزشکی,دانشگاه علوم پزشکی تبریز
1394,تجربی,726,338,منطقه 2,پزشکی,دانشگاه علوم پزشکی بابل
1394,تجربی,728,280,منطقه 1,دندانپزشکی,دانشگاه علوم پزشکی مشهد
1394,تجربی,729,281,منطقه 1,دندانپزشکی,دانشگاه علوم پزشکی مشهد
1394,تجربی,729,281,منطقه 1,پزشکی,دانشگاه علوم پزشکی شیراز
1394,تجربی,733,93,منطقه 3,پزشکی,دانشگاه علوم پزشکی شیراز
1394,تجربی,733,284,منطقه 1,پزشکی,دانشگاه علوم پزشکی شیراز
1394,تجربی,737,286,منطقه 1,دندانپزشکی,دانشگاه علوم پزشکی اصفهان
1394,تجربی,737,286,منطقه 1,پزشکی,دانشگاه علوم پزشکی اصفهان
1394,تجربی,737,340,منطقه 2,داروسازی,دانشگاه علوم پزشکی تهران
1394,تجربی,737,340,منطقه 2,دندانپزشکی,دانشگاه علوم پزشکی تهران
1394,تجربی,742,344,منطقه 2,پزشکی,دانشگاه علوم پزشکی اصفهان
1394,تجربی,745,288,منطقه 1,دندانپزشکی,دانشگاه علوم پزشکی شهید بهشتی - تهران
1394,تجربی,745,288,منطقه 1,پزشکی,دانشگاه علوم پزشکی تبریز
1394,تجربی,745,346,منطقه 2,پزشکی,دانشگاه علوم پزشکی مازندران - ساری
1394,تجربی,745,346,منطقه 2,پزشکی,دانشگاه علوم پزشکی مشهد
1394,تجربی,748,290,منطقه 1,دندانپزشکی,دانشگاه علوم پزشکی اصفهان
1394,تجربی,751,291,منطقه 1,دندانپزشکی,دانشگاه علوم پزشکی شهید بهشتی - تهران
1394,تجربی,751,291,منطقه 1,پزشکی,دانشگاه علوم پزشکی تهران
1394,تجربی,753,95,منطقه 3,دندانپزشکی,دانشگاه علوم پزشکی ارومیه
1394,تجربی,754,350,منطقه 2,پزشکی,دانشگاه علوم پزشکی اصفهان
1394,تجربی,755,293,منطقه 1,پزشکی,دانشگاه علوم پزشکی شهیدبهشتی - تهران
1394,تجربی,755,351,منطقه 2,پزشکی,دانشگاه علوم پزشکی اصفهان
1394,تجربی,757,352,منطقه 2,پزشکی,دانشگاه علوم پزشکی ایران
1394,تجربی,757,352,منطقه 2,پزشکی,دانشگاه علوم پزشکی گیلان - رشت
1394,تجربی,760,295,منطقه 1,پزشکی,دانشگاه علوم پزشکی البرز - کرج
1394,تجربی,760,354,منطقه 2,دندانپزشکی,دانشگاه علوم پزشکی بابل
1394,تجربی,763,297,منطقه 1,پزشکی,دانشگاه علوم پزشکی تبریز
1394,تجربی,765,298,منطقه 1,دندانپزشکی,دانشگاه علوم پزشکی شیراز
1394,تجربی,765,298,منطقه 1,پزشکی,دانشگاه علوم پزشکی البرز - کرج
1394,تجربی,767,300,منطقه 1,دندانپزشکی,دانشگاه علوم پزشکی مشهد
1394,تجربی,767,356,منطقه 2,دندانپزشکی,دانشگاه علوم پزشکی یزد
1394,تجربی,769,357,منطقه 2,پزشکی,دانشگاه علوم پزشکی اصفهان
1394,تجربی,771,358,منطقه 2,پزشکی,دانشگاه علوم پزشکی شیراز
1394,تجربی,773,360,منطقه 2,دندانپزشکی,دانشگاه علوم پزشکی مشهد
1394,تجربی,775,361,منطقه 2,پزشکی,دانشگاه علوم پزشکی یزد
1394,تجربی,777,301,منطقه 1,پزشکی,دانشگاه علوم پزشکی اصفهان
1394,تجربی,779,302,منطقه 1,دندانپزشکی,دانشگاه علوم پزشکی تبریز
1394,تجربی,780,363,منطقه 2,پزشکی,دانشگاه علوم پزشکی شیراز
1394,تجربی,781,98,منطقه 3,پزشکی,دانشگاه علوم پزشکی تبریز
1394,تجربی,784,99,منطقه 3,پزشکی,دانشگاه علوم پزشکی شیراز
1394,تجربی,784,304,منطقه 1,پزشکی,دانشگاه علوم پزشکی تبریز
1394,تجربی,786,305,منطقه 1,دندانپزشکی,دانشگاه علوم پزشکی مشهد
1394,تجربی,787,365,منطقه 2,پزشکی,دانشگاه علوم پزشکی همدان
1394,تجربی,789,306,منطقه 1,داروسازی,دانشگاه علوم پزشکی شیراز
1394,تجربی,789,306,منطقه 1,پزشکی,دانشگاه علوم پزشکی اصفهان
1394,تجربی,789,366,منطقه 2,پزشکی,دانشگاه علوم پزشکی جندی شاپور اهواز
1394,تجربی,792,308,منطقه 1,داروسازی,دانشگاه علوم پزشکی تبریز
1394,تجربی,792,367,منطقه 2,پزشکی,دانشگاه علوم پزشکی اصفهان
1394,تجربی,792,367,منطقه 2,پزشکی,دانشگاه علوم پزشکی شیراز
1394,تجربی,795,101,منطقه 3,دندانپزشکی,دانشگاه علوم پزشکی یزد
1394,تجربی,795,309,منطقه 1,پزشکی,دانشگاه علوم پزشکی مشهد
1394,تجربی,797,102,منطقه 3,پزشکی,دانشگاه علوم پزشکی تبریز
1394,تجربی,798,310,منطقه 1,دندانپزشکی,دانشگاه علوم پزشکی شیراز
1394,تجربی,798,369,منطقه 2,پزشکی,دانشگاه علوم پزشکی مشهد
1394,تجربی,801,312,منطقه 1,پزشکی,دانشگاه علوم پزشکی البرز - کرج
1394,تجربی,803,314,منطقه 1,داروسازی,دانشگاه علوم پزشکی تهران
1394,تجربی,804,315,منطقه 1,پزشکی,دانشگاه علوم پزشکی اصفهان
1394,تجربی,806,371,منطقه 2,دندانپزشکی,دانشگاه علوم پزشکی شهید بهشتی - تهران
1394,تجربی,806,371,منطقه 2,پزشکی,دانشگاه علوم پزشکی مشهد
1394,تجربی,808,103,منطقه 3,پزشکی,دانشگاه علوم پزشکی شیراز
1394,تجربی,808,316,منطقه 1,پزشکی,دانشگاه علوم پزشکی البرز - کرج
1394,تجربی,811,373,منطقه 2,دندانپزشکی,دانشگاه علوم پزشکی تبریز
1394,تجربی,811,373,منطقه 2,پزشکی,دانشگاه علوم پزشکی یزد
1394,تجربی,814,317,منطقه 1,پزشکی,دانشگاه علوم پزشکی البرز - کرج
1394,تجربی,814,375,منطقه 2,پزشکی,دانشگاه علوم پزشکی شیراز
1394,تجربی,814,375,منطقه 2,پزشکی,دانشگاه علوم پزشکی مشهد
1394,تجربی,817,105,منطقه 3,پزشکی,دانشگاه علوم پزشکی شیراز
1394,تجربی,817,377,منطقه 2,دندانپزشکی,دانشگاه علوم پزشکی مشهد
1394,تجربی,819,319,منطقه 1,پزشکی,دانشگاه علوم پزشکی تبریز
1394,تجربی,821,320,منطقه 1,دندانپزشکی,دانشگاه شاهد - تهران(رشته های پزشکی)
1394,تجربی,821,320,منطقه 1,پزشکی,دانشگاه علوم پزشکی گیلان - رشت
1394,تجربی,823,322,منطقه 1,دندانپزشکی,دانشگاه علوم پزشکی اصفهان
1394,تجربی,824,379,منطقه 2,دندانپزشکی,دانشگاه علوم پزشکی اصفهان
1394,تجربی,826,323,منطقه 1,پزشکی,دانشگاه علوم پزشکی تبریز
1394,تجربی,826,381,منطقه 2,پزشکی,دانشگاه علوم پزشکی ایران
1394,تجربی,828,106,منطقه 3,پزشکی,دانشگاه علوم پزشکی شیراز
1394,تجربی,828,382,منطقه 2,پزشکی,دانشگاه علوم پزشکی مشهد
1394,تجربی,830,324,منطقه 1,داروسازی,دانشگاه علوم پزشکی تهران
1394,تجربی,830,383,منطقه 2,پزشکی,دانشگاه علوم پزشکی کرمانشاه
1394,تجربی,833,385,منطقه 2,پزشکی,دانشگاه علوم پزشکی تبریز
1394,تجربی,833,385,منطقه 2,پزشکی,دانشگاه علوم پزشکی مشهد
1394,تجربی,838,325,منطقه 1,پزشکی,دانشگاه علوم پزشکی البرز - کرج
1394,تجربی,838,389,منطقه 2,پزشکی,دانشگاه علوم پزشکی ایران
1394,تجربی,841,327,منطقه 1,دندانپزشکی,دانشگاه علوم پزشکی مشهد
1394,تجربی,841,390,منطقه 2,دندانپزشکی,دانشگاه علوم پزشکی اصفهان
1394,تجربی,841,390,منطقه 2,پزشکی,دانشگاه علوم پزشکی بابل
1394,تجربی,844,393,منطقه 2,دندانپزشکی,دانشگاه علوم پزشکی همدان
1394,تجربی,844,393,منطقه 2,پزشکی,دانشگاه علوم پزشکی شیراز
1394,تجربی,848,329,منطقه 1,پزشکی,دانشگاه علوم پزشکی البرز - کرج
1394,تجربی,848,395,منطقه 2,پزشکی,دانشگاه علوم پزشکی اصفهان
1394,تجربی,850,331,منطقه 1,دندانپزشکی,دانشگاه علوم پزشکی شیراز
1394,تجربی,852,396,منطقه 2,پزشکی,دانشگاه علوم پزشکی مشهد
1394,تجربی,852,396,منطقه 2,پزشکی,دانشگاه علوم پزشکی کاشان
1394,تجربی,854,398,منطقه 2,پزشکی,دانشگاه علوم پزشکی مشهد
1394,تجربی,855,333,منطقه 1,پزشکی,دانشگاه علوم پزشکی اصفهان
1394,تجربی,855,333,منطقه 1,پزشکی,دانشگاه علوم پزشکی مشهد
1394,تجربی,858,107,منطقه 3,پزشکی,دانشگاه علوم پزشکی گیلان - رشت
1394,تجربی,858,335,منطقه 1,پزشکی,دانشگاه علوم پزشکی تبریز
1394,تجربی,858,399,منطقه 2,پزشکی,دانشگاه علوم پزشکی ایران
1394,تجربی,858,399,منطقه 2,پزشکی,دانشگاه علوم پزشکی بابل
1394,تجربی,861,336,منطقه 1,داروسازی,دانشگاه علوم پزشکی تهران
1394,تجربی,862,337,منطقه 1,پزشکی,دانشگاه علوم پزشکی اصفهان
1394,تجربی,863,338,منطقه 1,پزشکی,دانشگاه علوم پزشکی البرز - کرج
1394,تجربی,863,401,منطقه 2,دندانپزشکی,دانشگاه علوم پزشکی شهید بهشتی - تهران
1394,تجربی,865,108,منطقه 3,پزشکی,دانشگاه علوم پزشکی بابل
1394,تجربی,866,339,منطقه 1,پزشکی,دانشگاه علوم پزشکی مشهد
1394,تجربی,867,340,منطقه 1,دندانپزشکی,دانشگاه علوم پزشکی مشهد
1394,تجربی,867,402,منطقه 2,پزشکی,دانشگاه علوم پزشکی یزد
1394,تجربی,870,403,منطقه 2,پزشکی,دانشگاه علوم پزشکی شیراز
1394,تجربی,872,342,منطقه 1,داروسازی,دانشگاه علوم پزشکی تهران
1394,تجربی,872,405,منطقه 2,پزشکی,دانشگاه علوم پزشکی شیراز
1394,تجربی,874,343,منطقه 1,پزشکی,دانشگاه علوم پزشکی تبریز
1394,تجربی,874,406,منطقه 2,پزشکی,دانشگاه علوم پزشکی اصفهان
1394,تجربی,876,344,منطقه 1,پزشکی,دانشگاه علوم پزشکی البرز - کرج
1394,تجربی,876,407,منطقه 2,پزشکی,دانشگاه علوم پزشکی اصفهان
1394,تجربی,878,408,منطقه 2,پزشکی,دانشگاه علوم پزشکی ایران
1394,تجربی,880,109,منطقه 3,پزشکی,دانشگاه علوم پزشکی اصفهان
1394,تجربی,880,109,منطقه 3,پزشکی,دانشگاه علوم پزشکی مشهد
1394,تجربی,880,409,منطقه 2,پزشکی,دانشگاه علوم پزشکی جندی شاپور اهواز
1394,تجربی,884,111,منطقه 3,دندانپزشکی,دانشگاه علوم پزشکی شهید بهشتی - تهران
1394,تجربی,884,346,منطقه 1,دندانپزشکی,دانشگاه شاهد - تهران(رشته های پزشکی)
1394,تجربی,884,410,منطقه 2,پزشکی,دانشگاه علوم پزشکی گیلان - رشت
1394,تجربی,887,347,منطقه 1,دندانپزشکی,دانشگاه علوم پزشکی تبریز
1394,تجربی,887,347,منطقه 1,پزشکی,دانشگاه علوم پزشکی تبریز
1394,تجربی,887,411,منطقه 2,دندانپزشکی,دانشگاه علوم پزشکی شهید بهشتی - تهران
1394,تجربی,887,411,منطقه 2,پزشکی,دانشگاه علوم پزشکی همدان
1394,تجربی,890,349,منطقه 1,پزشکی,دانشگاه علوم پزشکی تهران
1394,تجربی,891,413,منطقه 2,دندانپزشکی,دانشگاه علوم پزشکی شیراز
1394,تجربی,891,413,منطقه 2,پزشکی,دانشگاه علوم پزشکی مشهد
1394,تجربی,893,350,منطقه 1,پزشکی,دانشگاه علوم پزشکی البرز - کرج
1394,تجربی,894,19,ایثارگران,دندانپزشکی,دانشگاه علوم پزشکی مشهد
1394,تجربی,895,351,منطقه 1,پزشکی,دانشگاه شاهد - تهران(رشته های پزشکی)
1394,تجربی,896,112,منطقه 3,پزشکی,دانشگاه علوم پزشکی تهران
1394,تجربی,896,415,منطقه 2,پزشکی,دانشگاه علوم پزشکی کرمانشاه
1394,تجربی,898,416,منطقه 2,پزشکی,دانشگاه علوم پزشکی اصفهان
1394,تجربی,899,113,منطقه 3,پزشکی,دانشگاه علوم پزشکی اصفهان
1394,تجربی,899,113,منطقه 3,پزشکی,دانشگاه علوم پزشکی تبریز
1394,تجربی,902,115,منطقه 3,پزشکی,دانشگاه علوم پزشکی اصفهان
1394,تجربی,902,352,منطقه 1,پزشکی,دانشگاه علوم پزشکی مازندران - ساری
1394,تجربی,902,352,منطقه 1,پزشکی,دانشگاه علوم پزشکی مشهد
1394,تجربی,902,417,منطقه 2,پزشکی,دانشگاه علوم پزشکی گیلان - رشت
1394,تجربی,907,419,منطقه 2,پزشکی,دانشگاه علوم پزشکی اصفهان
1394,تجربی,907,419,منطقه 2,پزشکی,دانشگاه علوم پزشکی ایران
1394,تجربی,909,355,منطقه 1,پزشکی,دانشگاه علوم پزشکی مشهد
1394,تجربی,911,421,منطقه 2,دندانپزشکی,دانشگاه علوم پزشکی اصفهان
1394,تجربی,912,422,منطقه 2,پزشکی,دانشگاه علوم پزشکی گیلان - رشت
1394,تجربی,914,116,منطقه 3,پزشکی,دانشگاه علوم پزشکی شیراز
1394,تجربی,914,423,منطقه 2,پزشکی,دانشگاه علوم پزشکی تبریز
1394,تجربی,918,118,منطقه 3,پزشکی,دانشگاه علوم پزشکی گیلان - رشت
1394,تجربی,918,357,منطقه 1,پزشکی,دانشگاه علوم پزشکی مشهد
1394,تجربی,918,424,منطقه 2,پزشکی,دانشگاه علوم پزشکی شیراز
1394,تجربی,918,424,منطقه 2,پزشکی,دانشگاه علوم پزشکی گیلان - رشت
1394,تجربی,922,359,منطقه 1,داروسازی,دانشگاه علوم پزشکی تهران
1394,تجربی,922,427,منطقه 2,پزشکی,دانشگاه علوم پزشکی مشهد
1394,تجربی,924,360,منطقه 1,پزشکی,دانشگاه شاهد - تهران(رشته های پزشکی)
1394,تجربی,925,361,منطقه 1,پزشکی,دانشگاه علوم پزشکی کاشان
1394,تجربی,928,119,منطقه 3,پزشکی,دانشگاه علوم پزشکی مشهد
1394,تجربی,928,363,منطقه 1,پزشکی,دانشگاه علوم پزشکی البرز - کرج
1394,تجربی,928,428,منطقه 2,پزشکی,دانشگاه علوم پزشکی شیراز
1394,تجربی,930,429,منطقه 2,پزشکی,دانشگاه علوم پزشکی شیراز
1394,تجربی,930,429,منطقه 2,پزشکی,دانشگاه علوم پزشکی گیلان - رشت
1394,تجربی,933,120,منطقه 3,پزشکی,دانشگاه علوم پزشکی اصفهان
1394,تجربی,933,364,منطقه 1,پزشکی,دانشگاه علوم پزشکی اصفهان
1394,تجربی,933,431,منطقه 2,پزشکی,دانشگاه علوم پزشکی مشهد
1394,تجربی,936,121,منطقه 3,پزشکی,دانشگاه علوم پزشکی مشهد
1394,تجربی,936,365,منطقه 1,دندانپزشکی,دانشگاه علوم پزشکی تبریز
1394,تجربی,936,432,منطقه 2,پزشکی,دانشگاه علوم پزشکی گیلان - رشت
1394,تجربی,939,122,منطقه 3,پزشکی,دانشگاه علوم پزشکی مشهد
1394,تجربی,939,433,منطقه 2,دندانپزشکی,دانشگاه علوم پزشکی بابل
1394,تجربی,939,433,منطقه 2,پزشکی,دانشگاه علوم پزشکی ایران
1394,تجربی,942,366,منطقه 1,داروسازی,دانشگاه علوم پزشکی تهران
1394,تجربی,942,366,منطقه 1,پزشکی,دانشگاه علوم پزشکی مازندران - ساری
1394,تجربی,942,435,منطقه 2,پزشکی,دانشگاه علوم پزشکی بابل
1394,تجربی,945,368,منطقه 1,پزشکی,دانشگاه علوم پزشکی اصفهان
1394,تجربی,945,436,منطقه 2,پزشکی,دانشگاه علوم پزشکی بابل
1394,تجربی,945,436,منطقه 2,پزشکی,دانشگاه علوم پزشکی شیراز
1394,تجربی,947,123,منطقه 3,پزشکی,دانشگاه علوم پزشکی شیراز
1394,تجربی,948,20,ایثارگران,پزشکی,دانشگاه علوم پزشکی تهران
1394,تجربی,948,438,منطقه 2,پزشکی,دانشگاه علوم پزشکی شیراز
1394,تجربی,950,439,منطقه 2,پزشکی,دانشگاه علوم پزشکی گیلان - رشت
1394,تجربی,951,440,منطقه 2,پزشکی,دانشگاه علوم پزشکی تبریز
1394,تجربی,952,441,منطقه 2,دندانپزشکی,دانشگاه علوم پزشکی اصفهان
1394,تجربی,952,441,منطقه 2,دندانپزشکی,دانشگاه علوم پزشکی بابل
1394,تجربی,955,369,منطقه 1,داروسازی,دانشگاه علوم پزشکی تهران
1394,تجربی,957,443,منطقه 2,پزشکی,دانشگاه علوم پزشکی ایران
1394,تجربی,958,125,منطقه 3,پزشکی,دانشگاه علوم پزشکی مشهد
1394,تجربی,961,372,منطقه 1,دندانپزشکی,دانشگاه علوم پزشکی مشهد
1394,تجربی,961,444,منطقه 2,پزشکی,دانشگاه علوم پزشکی شیراز
1394,تجربی,964,445,منطقه 2,پزشکی,دانشگاه علوم پزشکی مشهد
1394,تجربی,966,447,منطقه 2,پزشکی,دانشگاه علوم پزشکی مازندران - ساری
1394,تجربی,968,449,منطقه 2,پزشکی,دانشگاه علوم پزشکی شیراز
1394,تجربی,970,21,ایثارگران,دندانپزشکی,دانشگاه علوم پزشکی بابل
1394,تجربی,970,374,منطقه 1,دندانپزشکی,دانشگاه علوم پزشکی البرز - کرج
1394,تجربی,970,450,منطقه 2,پزشکی,دانشگاه علوم پزشکی مشهد
1394,تجربی,972,127,منطقه 3,پزشکی,دانشگاه علوم پزشکی کرمان
1394,تجربی,973,451,منطقه 2,پزشکی,دانشگاه علوم پزشکی اصفهان
1394,تجربی,974,375,منطقه 1,پزشکی,دانشگاه علوم پزشکی مشهد
1394,تجربی,975,376,منطقه 1,پزشکی,دانشگاه شاهد - تهران(رشته های پزشکی)
1394,تجربی,977,128,منطقه 3,پزشکی,دانشگاه علوم پزشکی مشهد
1394,تجربی,979,453,منطقه 2,پزشکی,دانشگاه علوم پزشکی ارومیه
1394,تجربی,979,453,منطقه 2,پزشکی,دانشگاه علوم پزشکی تبریز
1394,تجربی,982,129,منطقه 3,پزشکی,دانشگاه علوم پزشکی تبریز
1394,تجربی,982,455,منطقه 2,دندانپزشکی,دانشگاه علوم پزشکی مازندران - ساری
1394,تجربی,985,457,منطقه 2,پزشکی,دانشگاه علوم پزشکی اصفهان
1394,تجربی,987,130,منطقه 3,پزشکی,دانشگاه علوم پزشکی تبریز
1394,تجربی,987,379,منطقه 1,پزشکی,دانشگاه علوم پزشکی اصفهان
1394,تجربی,989,459,منطقه 2,پزشکی,دانشگاه علوم پزشکی جندی شاپور اهواز
1394,تجربی,990,131,منطقه 3,پزشکی,دانشگاه علوم پزشکی شیراز
1394,تجربی,990,380,منطقه 1,داروسازی,دانشگاه علوم پزشکی مشهد
1394,تجربی,992,460,منطقه 2,پزشکی,دانشگاه علوم پزشکی اصفهان
1394,تجربی,993,461,منطقه 2,پزشکی,دانشگاه علوم پزشکی اصفهان
1394,تجربی,995,22,ایثارگران,دندانپزشکی,دانشگاه علوم پزشکی شهید بهشتی - تهران
1394,تجربی,995,381,منطقه 1,دندانپزشکی,دانشگاه علوم پزشکی شیراز
1394,تجربی,997,462,منطقه 2,پزشکی,دانشگاه علوم پزشکی گیلان - رشت
1394,تجربی,997,462,منطقه 2,پزشکی,دانشگاه علوم پزشکی یزد
1394,تجربی,1000,465,منطقه 2,پزشکی,دانشگاه علوم پزشکی مازندران - ساری
1394,تجربی,1002,467,منطقه 2,دندانپزشکی,دانشگاه علوم پزشکی البرز - کرج
1394,تجربی,1003,383,منطقه 1,پزشکی,دانشگاه علوم پزشکی اصفهان
1394,تجربی,1005,132,منطقه 3,پزشکی,دانشگاه علوم پزشکی شیراز
1394,تجربی,1005,468,منطقه 2,پزشکی,دانشگاه علوم پزشکی گیلان - رشت
1394,تجربی,1007,385,منطقه 1,پزشکی,دانشگاه علوم پزشکی کاشان
1394,تجربی,1009,470,منطقه 2,دندانپزشکی,دانشگاه علوم پزشکی شیراز
1394,تجربی,1009,470,منطقه 2,پزشکی,دانشگاه علوم پزشکی اصفهان
1394,تجربی,1011,472,منطقه 2,پزشکی,دانشگاه علوم پزشکی اراک
1394,تجربی,1011,472,منطقه 2,پزشکی,دانشگاه علوم پزشکی البرز - کرج
1394,تجربی,1013,386,منطقه 1,دندانپزشکی,دانشگاه علوم پزشکی اصفهان
1394,تجربی,1015,387,منطقه 1,پزشکی,دانشگاه علوم پزشکی البرز - کرج
1394,تجربی,1015,474,منطقه 2,دندانپزشکی,دانشگاه علوم پزشکی اصفهان
1394,تجربی,1015,474,منطقه 2,پزشکی,دانشگاه علوم پزشکی تبریز
1394,تجربی,1018,477,منطقه 2,دندانپزشکی,دانشگاه علوم پزشکی اصفهان
1394,تجربی,1018,477,منطقه 2,دندانپزشکی,دانشگاه علوم پزشکی گیلان - رشت
1394,تجربی,1018,477,منطقه 2,پزشکی,دانشگاه علوم پزشکی مشهد
1394,تجربی,1020,479,منطقه 2,پزشکی,دانشگاه علوم پزشکی کرمان
1394,تجربی,1021,23,ایثارگران,پزشکی,دانشگاه علوم پزشکی تهران
1394,تجربی,1021,480,منطقه 2,پزشکی,دانشگاه علوم پزشکی مشهد
1394,تجربی,1024,482,منطقه 2,پزشکی,دانشگاه علوم پزشکی بابل
1394,تجربی,1024,482,منطقه 2,پزشکی,دانشگاه علوم پزشکی تبریز
1394,تجربی,1024,482,منطقه 2,پزشکی,دانشگاه علوم پزشکی مشهد
1394,تجربی,1027,388,منطقه 1,پزشکی,دانشگاه علوم پزشکی تهران
1394,تجربی,1028,389,منطقه 1,پزشکی,دانشگاه علوم پزشکی یزد
1394,تجربی,1028,484,منطقه 2,پزشکی,دانشگاه علوم پزشکی مشهد
1394,تجربی,1030,390,منطقه 1,پزشکی,دانشگاه علوم پزشکی یزد
1394,تجربی,1032,392,منطقه 1,داروسازی,دانشگاه علوم پزشکی تهران
1394,تجربی,1033,485,منطقه 2,دندانپزشکی,دانشگاه علوم پزشکی همدان
1394,تجربی,1036,394,منطقه 1,داروسازی,دانشگاه علوم پزشکی شهید بهشتی - تهران
1394,تجربی,1036,394,منطقه 1,پزشکی,دانشگاه علوم پزشکی مشهد
1394,تجربی,1038,134,منطقه 3,پزشکی,دانشگاه علوم پزشکی اصفهان
1394,تجربی,1041,396,منطقه 1,دندانپزشکی,دانشگاه علوم پزشکی شیراز
1394,تجربی,1043,136,منطقه 3,پزشکی,دانشگاه علوم پزشکی مشهد
1394,تجربی,1045,397,منطقه 1,دندانپزشکی,دانشگاه علوم پزشکی شیراز
1394,تجربی,1045,397,منطقه 1,پزشکی,دانشگاه علوم پزشکی مشهد
1394,تجربی,1045,489,منطقه 2,دندانپزشکی,دانشگاه علوم پزشکی اصفهان
1394,تجربی,1045,489,منطقه 2,پزشکی,دانشگاه علوم پزشکی ایران
1394,تجربی,1050,400,منطقه 1,دندانپزشکی,دانشگاه علوم پزشکی شیراز
1394,تجربی,1053,492,منطقه 2,پزشکی,دانشگاه علوم پزشکی اصفهان
1394,تجربی,1056,495,منطقه 2,پزشکی,دانشگاه علوم پزشکی ایران
1394,تجربی,1056,495,منطقه 2,پزشکی,دانشگاه علوم پزشکی تبریز
1394,تجربی,1056,495,منطقه 2,پزشکی,دانشگاه علوم پزشکی یزد
1394,تجربی,1058,402,منطقه 1,پزشکی,دانشگاه علوم پزشکی تهران
1394,تجربی,1058,402,منطقه 1,پزشکی,دانشگاه علوم پزشکی مشهد
1394,تجربی,1060,404,منطقه 1,داروسازی,دانشگاه علوم پزشکی تهران
1394,تجربی,1060,404,منطقه 1,پزشکی,دانشگاه علوم پزشکی اصفهان
1394,تجربی,1063,24,ایثارگران,پزشکی,دانشگاه علوم پزشکی تهران
1394,تجربی,1063,406,منطقه 1,دندانپزشکی,دانشگاه علوم پزشکی تبریز
1394,تجربی,1063,406,منطقه 1,پزشکی,دانشگاه علوم پزشکی مشهد
1394,تجربی,1065,408,منطقه 1,پزشکی,دانشگاه علوم پزشکی شهیدبهشتی - تهران
1394,تجربی,1065,497,منطقه 2,پزشکی,دانشگاه علوم پزشکی اصفهان
1394,تجربی,1068,409,منطقه 1,پزشکی,دانشگاه علوم پزشکی البرز - کرج
1394,تجربی,1068,498,منطقه 2,دندانپزشکی,دانشگاه علوم پزشکی بابل
1394,تجربی,1068,498,منطقه 2,پزشکی,دانشگاه علوم پزشکی تبریز
1394,تجربی,1070,500,منطقه 2,دندانپزشکی,دانشگاه علوم پزشکی تبریز
1394,تجربی,1070,500,منطقه 2,پزشکی,دانشگاه علوم پزشکی تبریز
1394,تجربی,1073,410,منطقه 1,پزشکی,دانشگاه علوم پزشکی اصفهان
1394,تجربی,1073,502,منطقه 2,دندانپزشکی,دانشگاه علوم پزشکی بابل
1394,تجربی,1073,502,منطقه 2,دندانپزشکی,دانشگاه علوم پزشکی شیراز
1394,تجربی,1075,504,منطقه 2,دندانپزشکی,دانشگاه علوم پزشکی شیراز
1394,تجربی,1077,505,منطقه 2,پزشکی,دانشگاه علوم پزشکی بوشهر
1394,تجربی,1077,505,منطقه 2,پزشکی,دانشگاه علوم پزشکی مشهد
1394,تجربی,1079,139,منطقه 3,پزشکی,دانشگاه علوم پزشکی مشهد
1394,تجربی,1079,411,منطقه 1,پزشکی,دانشگاه علوم پزشکی مازندران - ساری
1394,تجربی,1081,140,منطقه 3,پزشکی,دانشگاه علوم پزشکی تبریز
1394,تجربی,1082,507,منطقه 2,پزشکی,دانشگاه علوم پزشکی ایران
1394,تجربی,1083,412,منطقه 1,دندانپزشکی,دانشگاه علوم پزشکی البرز - کرج
1394,تجربی,1086,413,منطقه 1,دندانپزشکی,دانشگاه علوم پزشکی شیراز
1394,تجربی,1086,413,منطقه 1,پزشکی,دانشگاه علوم پزشکی یزد
1394,تجربی,1086,509,منطقه 2,دندانپزشکی,دانشگاه علوم پزشکی گیلان - رشت
1394,تجربی,1086,509,منطقه 2,پزشکی,دانشگاه علوم پزشکی اصفهان
1394,تجربی,1086,509,منطقه 2,پزشکی,دانشگاه علوم پزشکی مازندران - ساری
1394,تجربی,1090,141,منطقه 3,پزشکی,دانشگاه علوم پزشکی شیراز
1394,تجربی,1090,415,منطقه 1,دندانپزشکی,دانشگاه علوم پزشکی شیراز
1394,تجربی,1093,417,منطقه 1,پزشکی,دانشگاه علوم پزشکی البرز - کرج
1394,تجربی,1094,511,منطقه 2,پزشکی,دانشگاه علوم پزشکی اراک
1394,تجربی,1094,511,منطقه 2,پزشکی,دانشگاه علوم پزشکی ایران
1394,تجربی,1096,513,منطقه 2,پزشکی,دانشگاه علوم پزشکی اصفهان
1394,تجربی,1098,418,منطقه 1,پزشکی,دانشگاه علوم پزشکی اصفهان
1394,تجربی,1098,418,منطقه 1,پزشکی,دانشگاه علوم پزشکی بقیه الله
1394,تجربی,1098,514,منطقه 2,پزشکی,دانشگاه علوم پزشکی بابل
1394,تجربی,1098,514,منطقه 2,پزشکی,دانشگاه علوم پزشکی تبریز
1394,تجربی,1102,420,منطقه 1,پزشکی,دانشگاه علوم پزشکی مشهد
1394,تجربی,1102,516,منطقه 2,پزشکی,دانشگاه علوم پزشکی اصفهان
1394,تجربی,1102,516,منطقه 2,پزشکی,دانشگاه علوم پزشکی کرمان
1394,تجربی,1105,518,منطقه 2,پزشکی,دانشگاه علوم پزشکی تبریز
1394,تجربی,1107,143,منطقه 3,داروسازی,دانشگاه علوم پزشکی تهران
1394,تجربی,1107,422,منطقه 1,پزشکی,دانشگاه علوم پزشکی تبریز
1394,تجربی,1107,519,منطقه 2,پزشکی,دانشگاه علوم پزشکی گلستان - گرگان
1394,تجربی,1110,520,منطقه 2,پزشکی,دانشگاه علوم پزشکی ایران
1394,تجربی,1111,423,منطقه 1,دندانپزشکی,دانشگاه علوم پزشکی شهیدبهشتی - تهران
1394,تجربی,1111,423,منطقه 1,پزشکی,دانشگاه علوم پزشکی مشهد
1394,تجربی,1115,145,منطقه 3,پزشکی,دانشگاه علوم پزشکی تبریز
1394,تجربی,1115,522,منطقه 2,پزشکی,دانشگاه علوم پزشکی مازندران - ساری
1394,تجربی,1115,522,منطقه 2,پزشکی,دانشگاه علوم پزشکی کرمان
1394,تجربی,1117,425,منطقه 1,دندانپزشکی,دانشگاه علوم پزشکی شیراز
1394,تجربی,1117,425,منطقه 1,پزشکی,دانشگاه علوم پزشکی اصفهان
1394,تجربی,1119,524,منطقه 2,پزشکی,دانشگاه علوم پزشکی اصفهان
1394,تجربی,1122,146,منطقه 3,پزشکی,دانشگاه علوم پزشکی شهید بهشتی - تهران
1394,تجربی,1122,527,منطقه 2,دندانپزشکی,دانشگاه علوم پزشکی مشهد
1394,تجربی,1122,527,منطقه 2,پزشکی,دانشگاه علوم پزشکی تبریز
1394,تجربی,1122,527,منطقه 2,پزشکی,دانشگاه علوم پزشکی همدان
1394,تجربی,1126,427,منطقه 1,پزشکی,دانشگاه علوم پزشکی تبریز
1394,تجربی,1126,529,منطقه 2,دندانپزشکی,دانشگاه علوم پزشکی شهید بهشتی - تهران
1394,تجربی,1126,529,منطقه 2,پزشکی,دانشگاه علوم پزشکی ایران
1394,تجربی,1129,428,منطقه 1,پزشکی,دانشگاه علوم پزشکی اصفهان
1394,تجربی,1129,531,منطقه 2,پزشکی,دانشگاه علوم پزشکی تبریز
1394,تجربی,1129,531,منطقه 2,پزشکی,دانشگاه علوم پزشکی مشهد
1394,تجربی,1133,430,منطقه 1,دندانپزشکی,دانشگاه علوم پزشکی شیراز
1394,تجربی,1133,534,منطقه 2,دندانپزشکی,دانشگاه علوم پزشکی شیراز
1394,تجربی,1139,147,منطقه 3,پزشکی,دانشگاه علوم پزشکی جندی شاپور اهواز
1394,تجربی,1139,431,منطقه 1,پزشکی,دانشگاه علوم پزشکی اصفهان
1394,تجربی,1139,538,منطقه 2,دندانپزشکی,دانشگاه علوم پزشکی اصفهان
1394,تجربی,1139,538,منطقه 2,پزشکی,دانشگاه علوم پزشکی اصفهان
1394,تجربی,1139,538,منطقه 2,پزشکی,دانشگاه علوم پزشکی همدان
1394,تجربی,1139,538,منطقه 2,پزشکی,دانشگاه علوم پزشکی کرمان
1394,تجربی,1143,148,منطقه 3,پزشکی,دانشگاه علوم پزشکی ارومیه
1394,تجربی,1143,541,منطقه 2,پزشکی,دانشگاه علوم پزشکی یزد
1394,تجربی,1145,542,منطقه 2,پزشکی,دانشگاه علوم پزشکی مشهد
1394,تجربی,1147,544,منطقه 2,پزشکی,دانشگاه علوم پزشکی جندی شاپور اهواز
1394,تجربی,1147,544,منطقه 2,پزشکی,دانشگاه علوم پزشکی گیلان - رشت
1394,تجربی,1150,432,منطقه 1,پزشکی,دانشگاه علوم پزشکی تهران
1394,تجربی,1150,546,منطقه 2,پزشکی,دانشگاه علوم پزشکی تبریز
1394,تجربی,1150,546,منطقه 2,پزشکی,دانشگاه علوم پزشکی گیلان - رشت
1394,تجربی,1152,433,منطقه 1,پزشکی,دانشگاه علوم پزشکی مشهد
1394,تجربی,1154,149,منطقه 3,دندانپزشکی,دانشگاه علوم پزشکی همدان
1394,تجربی,1154,149,منطقه 3,پزشکی,دانشگاه علوم پزشکی شیراز
1394,تجربی,1157,548,منطقه 2,دندانپزشکی,دانشگاه علوم پزشکی تبریز
1394,تجربی,1157,548,منطقه 2,پزشکی,دانشگاه علوم پزشکی اصفهان
1394,تجربی,1160,25,ایثارگران,پزشکی,دانشگاه علوم پزشکی مازندران - ساری
1394,تجربی,1160,550,منطقه 2,دندانپزشکی,دانشگاه علوم پزشکی کاشان
1394,تجربی,1160,550,منطقه 2,پزشکی,دانشگاه علوم پزشکی بقیه الله
1394,تجربی,1163,436,منطقه 1,داروسازی,دانشگاه علوم پزشکی شیراز
1394,تجربی,1165,151,منطقه 3,پزشکی,دانشگاه علوم پزشکی شهید بهشتی - تهران
1394,تجربی,1165,553,منطقه 2,دندانپزشکی,دانشگاه علوم پزشکی یزد
1394,تجربی,1168,152,منطقه 3,پزشکی,دانشگاه علوم پزشکی تبریز
1394,تجربی,1168,554,منطقه 2,پزشکی,دانشگاه علوم پزشکی اصفهان
1394,تجربی,1168,554,منطقه 2,پزشکی,دانشگاه علوم پزشکی گیلان - رشت
1394,تجربی,1172,153,منطقه 3,پزشکی,دانشگاه علوم پزشکی گیلان - رشت
1394,تجربی,1172,557,منطقه 2,دندانپزشکی,دانشگاه علوم پزشکی شیراز
1394,تجربی,1172,557,منطقه 2,پزشکی,دانشگاه علوم پزشکی جندی شاپور اهواز
1394,تجربی,1175,439,منطقه 1,دندانپزشکی,دانشگاه علوم پزشکی شیراز
1394,تجربی,1177,440,منطقه 1,دندانپزشکی,دانشگاه شاهد - تهران(رشته های پزشکی)
1394,تجربی,1177,559,منطقه 2,پزشکی,دانشگاه علوم پزشکی کرمانشاه
1394,تجربی,1181,155,منطقه 3,پزشکی,دانشگاه علوم پزشکی تبریز
1394,تجربی,1181,155,منطقه 3,پزشکی,دانشگاه علوم پزشکی شیراز
1394,تجربی,1181,561,منطقه 2,پزشکی,دانشگاه علوم پزشکی اصفهان
1394,تجربی,1185,157,منطقه 3,پزشکی,دانشگاه علوم پزشکی تبریز
1394,تجربی,1185,562,منطقه 2,پزشکی,دانشگاه علوم پزشکی همدان
1394,تجربی,1187,443,منطقه 1,پزشکی,دانشگاه علوم پزشکی مشهد
1394,تجربی,1190,158,منطقه 3,پزشکی,دانشگاه علوم پزشکی تبریز
1394,تجربی,1193,446,منطقه 1,دندانپزشکی,دانشگاه علوم پزشکی شیراز
1394,تجربی,1193,446,منطقه 1,پزشکی,دانشگاه علوم پزشکی یزد
1394,تجربی,1193,564,منطقه 2,پزشکی,دانشگاه علوم پزشکی تبریز
1394,تجربی,1195,565,منطقه 2,دندانپزشکی,دانشگاه علوم پزشکی شیراز
1394,تجربی,1198,449,منطقه 1,داروسازی,دانشگاه علوم پزشکی تهران
1394,تجربی,1198,566,منطقه 2,پزشکی,دانشگاه علوم پزشکی بیرجند
1394,تجربی,1202,451,منطقه 1,دندانپزشکی,دانشگاه علوم پزشکی شیراز
1394,تجربی,1202,567,منطقه 2,دندانپزشکی,دانشگاه علوم پزشکی تبریز
1394,تجربی,1202,567,منطقه 2,پزشکی,دانشگاه علوم پزشکی کرمان
1394,تجربی,1206,160,منطقه 3,دندانپزشکی,دانشگاه علوم پزشکی شهید بهشتی - تهران
1394,تجربی,1206,453,منطقه 1,پزشکی,دانشگاه علوم پزشکی البرز - کرج
1394,تجربی,1210,456,منطقه 1,پزشکی,دانشگاه علوم پزشکی ارومیه
1394,تجربی,1210,570,منطقه 2,دندانپزشکی,دانشگاه علوم پزشکی شهید بهشتی - تهران
1394,تجربی,1213,458,منطقه 1,داروسازی,دانشگاه علوم پزشکی تهران
1394,تجربی,1213,571,منطقه 2,پزشکی,دانشگاه علوم پزشکی تبریز
1394,تجربی,1215,161,منطقه 3,دندانپزشکی,دانشگاه علوم پزشکی یاسوج
1394,تجربی,1218,162,منطقه 3,پزشکی,دانشگاه علوم پزشکی گیلان - رشت
1394,تجربی,1218,460,منطقه 1,دندانپزشکی,دانشگاه علوم پزشکی شیراز
1394,تجربی,1218,572,منطقه 2,پزشکی,دانشگاه علوم پزشکی ارومیه
1394,تجربی,1222,163,منطقه 3,پزشکی,دانشگاه علوم پزشکی شیراز
1394,تجربی,1222,462,منطقه 1,داروسازی,دانشگاه علوم پزشکی تهران
1394,تجربی,1224,164,منطقه 3,پزشکی,دانشگاه علوم پزشکی تبریز
1394,تجربی,1227,464,منطقه 1,پزشکی,دانشگاه علوم پزشکی یزد
1394,تجربی,1227,575,منطقه 2,دندانپزشکی,دانشگاه علوم پزشکی کرمانشاه
1394,تجربی,1230,465,منطقه 1,پزشکی,دانشگاه علوم پزشکی تبریز
1394,تجربی,1230,577,منطقه 2,پزشکی,دانشگاه علوم پزشکی جندی شاپور اهواز
1394,تجربی,1234,466,منطقه 1,داروسازی,دانشگاه علوم پزشکی مشهد
1394,تجربی,1234,466,منطقه 1,پزشکی,دانشگاه شاهد - تهران(رشته های پزشکی)
1394,تجربی,1234,579,منطقه 2,پزشکی,دانشگاه علوم پزشکی اراک
1394,تجربی,1234,579,منطقه 2,پزشکی,دانشگاه علوم پزشکی زنجان
1394,تجربی,1234,579,منطقه 2,پزشکی,دانشگاه علوم پزشکی مازندران - ساری
1394,تجربی,1238,165,منطقه 3,پزشکی,دانشگاه علوم پزشکی تبریز
1394,تجربی,1238,468,منطقه 1,پزشکی,دانشگاه علوم پزشکی مشهد
1394,تجربی,1238,581,منطقه 2,دندانپزشکی,دانشگاه علوم پزشکی بابل
1394,تجربی,1241,582,منطقه 2,پزشکی,دانشگاه علوم پزشکی تبریز
1394,تجربی,1243,470,منطقه 1,پزشکی,دانشگاه علوم پزشکی اصفهان
1394,تجربی,1243,583,منطقه 2,پزشکی,دانشگاه علوم پزشکی اردبیل
1394,تجربی,1246,166,منطقه 3,پزشکی,دانشگاه علوم پزشکی مشهد
1394,تجربی,1246,472,منطقه 1,پزشکی,دانشگاه علوم پزشکی تبریز
1394,تجربی,1246,584,منطقه 2,پزشکی,دانشگاه علوم پزشکی جندی شاپور اهواز
1394,تجربی,1249,586,منطقه 2,پزشکی,دانشگاه علوم پزشکی گیلان - رشت
1394,تجربی,1253,590,منطقه 2,پزشکی,دانشگاه علوم پزشکی تهران
1394,تجربی,1255,167,منطقه 3,پزشکی,دانشگاه علوم پزشکی ارومیه
1394,تجربی,1255,473,منطقه 1,داروسازی,دانشگاه علوم پزشکی اصفهان
1394,تجربی,1255,473,منطقه 1,پزشکی,دانشگاه علوم پزشکی البرز - کرج
1394,تجربی,1255,591,منطقه 2,دندانپزشکی,دانشگاه علوم پزشکی تبریز
1394,تجربی,1258,475,منطقه 1,پزشکی,دانشگاه علوم پزشکی کاشان
1394,تجربی,1260,168,منطقه 3,دندانپزشکی,دانشگاه علوم پزشکی بیرجند
1394,تجربی,1263,169,منطقه 3,پزشکی,دانشگاه علوم پزشکی بابل
1394,تجربی,1263,476,منطقه 1,پزشکی,دانشگاه علوم پزشکی یزد
1394,تجربی,1263,594,منطقه 2,دندانپزشکی,دانشگاه علوم پزشکی قزوین
1394,تجربی,1263,594,منطقه 2,پزشکی,دانشگاه علوم پزشکی تبریز
1394,تجربی,1263,594,منطقه 2,پزشکی,دانشگاه علوم پزشکی یزد
1394,تجربی,1267,477,منطقه 1,پزشکی,دانشگاه علوم پزشکی ارومیه
1394,تجربی,1267,596,منطقه 2,پزشکی,دانشگاه علوم پزشکی جندی شاپور اهواز
1394,تجربی,1270,597,منطقه 2,پزشکی,دانشگاه علوم پزشکی مازندران - ساری
1394,تجربی,1274,480,منطقه 1,پزشکی,دانشگاه علوم پزشکی تبریز
1394,تجربی,1278,484,منطقه 1,دندانپزشکی,دانشگاه علوم پزشکی ارومیه
1394,تجربی,1278,484,منطقه 1,پزشکی,دانشگاه علوم پزشکی تبریز
1394,تجربی,1278,484,منطقه 1,پزشکی,دانشگاه علوم پزشکی قزوین
1394,تجربی,1280,600,منطقه 2,پزشکی,دانشگاه علوم پزشکی بندرعباس
1394,تجربی,1282,171,منطقه 3,دندانپزشکی,دانشگاه علوم پزشکی کرمان
1394,تجربی,1282,486,منطقه 1,پزشکی,دانشگاه علوم پزشکی یزد
1394,تجربی,1282,601,منطقه 2,دندانپزشکی,دانشگاه علوم پزشکی تبریز
1394,تجربی,1285,172,منطقه 3,پزشکی,دانشگاه علوم پزشکی شیراز
1394,تجربی,1285,487,منطقه 1,دندانپزشکی,دانشگاه علوم پزشکی شیراز
1394,تجربی,1288,603,منطقه 2,پزشکی,دانشگاه شاهد - تهران(رشته های پزشکی)
1394,تجربی,1288,603,منطقه 2,پزشکی,دانشگاه علوم پزشکی قزوین
1394,تجربی,1290,605,منطقه 2,دندانپزشکی,دانشگاه علوم پزشکی بابل
1394,تجربی,1291,606,منطقه 2,دندانپزشکی,دانشگاه علوم پزشکی البرز - کرج
1394,تجربی,1294,489,منطقه 1,پزشکی,دانشگاه علوم پزشکی یزد
1394,تجربی,1294,607,منطقه 2,پزشکی,دانشگاه علوم پزشکی سمنان
1394,تجربی,1294,607,منطقه 2,پزشکی,دانشگاه علوم پزشکی یزد
1394,تجربی,1298,174,منطقه 3,دندانپزشکی,دانشگاه علوم پزشکی ارومیه
1394,تجربی,1298,491,منطقه 1,دندانپزشکی,دانشگاه علوم پزشکی یزد
1394,تجربی,1298,491,منطقه 1,پزشکی,دانشگاه علوم پزشکی البرز - کرج
1394,تجربی,1298,609,منطقه 2,پزشکی,دانشگاه علوم پزشکی بابل
1394,تجربی,1301,493,منطقه 1,داروسازی,دانشگاه علوم پزشکی تهران
1394,تجربی,1301,610,منطقه 2,پزشکی,دانشگاه علوم پزشکی یزد
1394,تجربی,1304,494,منطقه 1,پزشکی,دانشگاه علوم پزشکی تهران
1394,تجربی,1304,611,منطقه 2,پزشکی,دانشگاه علوم پزشکی مازندران - ساری
1394,تجربی,1307,496,منطقه 1,دندانپزشکی,دانشگاه علوم پزشکی شهرکرد
1394,تجربی,1307,612,منطقه 2,پزشکی,دانشگاه علوم پزشکی ارومیه
1394,تجربی,1307,612,منطقه 2,پزشکی,دانشگاه علوم پزشکی بابل
1394,تجربی,1310,498,منطقه 1,پزشکی,دانشگاه علوم پزشکی شهرکرد
1394,تجربی,1310,614,منطقه 2,پزشکی,دانشگاه علوم پزشکی مازندران - ساری
1394,تجربی,1313,615,منطقه 2,دندانپزشکی,دانشگاه علوم پزشکی بابل
1394,تجربی,1313,615,منطقه 2,پزشکی,دانشگاه علوم پزشکی تبریز
1394,تجربی,1316,175,منطقه 3,دندانپزشکی,دانشگاه علوم پزشکی شیراز
1394,تجربی,1316,175,منطقه 3,پزشکی,دانشگاه علوم پزشکی مشهد
1394,تجربی,1316,500,منطقه 1,پزشکی,دانشگاه علوم پزشکی یزد
1394,تجربی,1320,177,منطقه 3,پزشکی,دانشگاه علوم پزشکی جندی شاپور اهواز
1394,تجربی,1320,617,منطقه 2,پزشکی,دانشگاه علوم پزشکی تبریز
1394,تجربی,1324,619,منطقه 2,داروسازی,دانشگاه علوم پزشکی شهید بهشتی - تهران
1394,تجربی,1327,504,منطقه 1,داروسازی,دانشگاه علوم پزشکی مشهد
1394,تجربی,1327,504,منطقه 1,پزشکی,دانشگاه علوم پزشکی کاشان
1394,تجربی,1329,622,منطقه 2,پزشکی,دانشگاه علوم پزشکی ارومیه
1394,تجربی,1332,506,منطقه 1,پزشکی,دانشگاه علوم پزشکی البرز - کرج
1394,تجربی,1335,626,منطقه 2,پزشکی,دانشگاه علوم پزشکی ارومیه
1394,تجربی,1335,626,منطقه 2,پزشکی,دانشگاه علوم پزشکی البرز - کرج
1394,تجربی,1335,626,منطقه 2,پزشکی,دانشگاه علوم پزشکی جندی شاپور اهواز
1394,تجربی,1338,628,منطقه 2,پزشکی,دانشگاه علوم پزشکی جندی شاپور اهواز
1394,تجربی,1338,628,منطقه 2,پزشکی,دانشگاه علوم پزشکی همدان
1394,تجربی,1343,178,منطقه 3,داروسازی,دانشگاه علوم پزشکی تبریز
1394,تجربی,1343,511,منطقه 1,دندانپزشکی,دانشگاه شاهد - تهران(رشته های پزشکی)
1394,تجربی,1343,511,منطقه 1,دندانپزشکی,دانشگاه علوم پزشکی شیراز
1394,تجربی,1343,511,منطقه 1,پزشکی,دانشگاه علوم پزشکی بیرجند
1394,تجربی,1343,511,منطقه 1,پزشکی,دانشگاه علوم پزشکی یزد
1394,تجربی,1343,630,منطقه 2,پزشکی,دانشگاه علوم پزشکی سمنان
1394,تجربی,1343,630,منطقه 2,پزشکی,دانشگاه علوم پزشکی یزد
1394,تجربی,1349,633,منطقه 2,داروسازی,دانشگاه علوم پزشکی تهران
1394,تجربی,1349,633,منطقه 2,پزشکی,دانشگاه علوم پزشکی ارومیه
1394,تجربی,1349,633,منطقه 2,پزشکی,دانشگاه علوم پزشکی گیلان - رشت
1394,تجربی,1353,514,منطقه 1,دندانپزشکی,دانشگاه علوم پزشکی البرز - کرج
1394,تجربی,1356,516,منطقه 1,دندانپزشکی,دانشگاه علوم پزشکی یزد
1394,تجربی,1356,516,منطقه 1,پزشکی,دانشگاه علوم پزشکی یزد
1394,تجربی,1356,636,منطقه 2,پزشکی,دانشگاه علوم پزشکی همدان
1394,تجربی,1356,636,منطقه 2,پزشکی,دانشگاه علوم پزشکی یزد
1394,تجربی,1360,518,منطقه 1,پزشکی,دانشگاه شاهد - تهران(رشته های پزشکی)
1394,تجربی,1360,638,منطقه 2,پزشکی,دانشگاه علوم پزشکی لرستان - خرم آباد
1394,تجربی,1360,638,منطقه 2,پزشکی,دانشگاه علوم پزشکی کردستان - سنندج
1394,تجربی,1363,640,منطقه 2,پزشکی,دانشگاه علوم پزشکی فسا
1394,تجربی,1366,519,منطقه 1,دندانپزشکی,دانشگاه علوم پزشکی قزوین
1394,تجربی,1366,519,منطقه 1,پزشکی,دانشگاه علوم پزشکی ارومیه
1394,تجربی,1366,641,منطقه 2,پزشکی,دانشگاه علوم پزشکی همدان
1394,تجربی,1372,28,ایثارگران,پزشکی,دانشگاه علوم پزشکی تهران
1394,تجربی,1372,180,منطقه 3,پزشکی,دانشگاه علوم پزشکی جندی شاپور اهواز
1394,تجربی,1372,523,منطقه 1,دندانپزشکی,دانشگاه علوم پزشکی گیلان - رشت
1394,تجربی,1372,523,منطقه 1,پزشکی,دانشگاه علوم پزشکی البرز - کرج
1394,تجربی,1372,523,منطقه 1,پزشکی,دانشگاه علوم پزشکی تهران
1394,تجربی,1372,523,منطقه 1,پزشکی,دانشگاه علوم پزشکی فسا
1394,تجربی,1372,523,منطقه 1,پزشکی,دانشگاه علوم پزشکی مازندران - ساری
1394,تجربی,1372,523,منطقه 1,پزشکی,دانشگاه علوم پزشکی گیلان - رشت
1394,تجربی,1372,642,منطقه 2,پزشکی,دانشگاه علوم پزشکی تبریز
1394,تجربی,1378,527,منطقه 1,پزشکی,دانشگاه علوم پزشکی گیلان - رشت
1394,تجربی,1378,643,منطقه 2,پزشکی,دانشگاه علوم پزشکی جندی شاپور اهواز
1394,تجربی,1378,643,منطقه 2,پزشکی,دانشگاه علوم پزشکی مازندران - ساری
1394,تجربی,1380,528,منطقه 1,دندانپزشکی,دانشگاه علوم پزشکی ارومیه
1394,تجربی,1380,645,منطقه 2,پزشکی,دانشگاه علوم پزشکی کرمان
1394,تجربی,1382,646,منطقه 2,پزشکی,دانشگاه علوم پزشکی کرمان
1394,تجربی,1383,529,منطقه 1,پزشکی,دانشگاه علوم پزشکی فسا
1394,تجربی,1383,647,منطقه 2,پزشکی,دانشگاه علوم پزشکی جندی شاپور اهواز
1394,تجربی,1386,181,منطقه 3,پزشکی,دانشگاه علوم پزشکی بابل
1394,تجربی,1386,530,منطقه 1,پزشکی,دانشگاه علوم پزشکی گیلان - رشت
1394,تجربی,1388,648,منطقه 2,پزشکی,دانشگاه علوم پزشکی جندی شاپور اهواز
1394,تجربی,1392,182,منطقه 3,دندانپزشکی,دانشگاه علوم پزشکی مشهد
1394,تجربی,1392,182,منطقه 3,پزشکی,دانشگاه علوم پزشکی بقیه الله
1394,تجربی,1392,533,منطقه 1,دندانپزشکی,دانشگاه علوم پزشکی قزوین
1394,تجربی,1392,649,منطقه 2,دندانپزشکی,دانشگاه علوم پزشکی بابل
1394,تجربی,1392,649,منطقه 2,پزشکی,دانشگاه علوم پزشکی بابل
1394,تجربی,1395,534,منطقه 1,پزشکی,دانشگاه شاهد - تهران(رشته های پزشکی)
1394,تجربی,1395,651,منطقه 2,دندانپزشکی,دانشگاه علوم پزشکی همدان
1394,تجربی,1398,184,منطقه 3,پزشکی,دانشگاه علوم پزشکی گلستان - گرگان
1394,تجربی,1398,652,منطقه 2,پزشکی,دانشگاه علوم پزشکی بابل
1394,تجربی,1401,536,منطقه 1,دندانپزشکی,دانشگاه علوم پزشکی بیرجند
1394,تجربی,1403,537,منطقه 1,پزشکی,دانشگاه علوم پزشکی تبریز
1394,تجربی,1403,654,منطقه 2,داروسازی,دانشگاه علوم پزشکی تهران
1394,تجربی,1406,538,منطقه 1,پزشکی,دانشگاه علوم پزشکی تبریز
1394,تجربی,1406,655,منطقه 2,داروسازی,دانشگاه علوم پزشکی تهران
1394,تجربی,1406,655,منطقه 2,دندانپزشکی,دانشگاه علوم پزشکی زنجان
1394,تجربی,1409,539,منطقه 1,دندانپزشکی,دانشگاه علوم پزشکی مازندران - ساری
1394,تجربی,1409,657,منطقه 2,پزشکی,دانشگاه علوم پزشکی یزد
1394,تجربی,1414,660,منطقه 2,پزشکی,دانشگاه علوم پزشکی البرز - کرج
1394,تجربی,1414,660,منطقه 2,پزشکی,دانشگاه علوم پزشکی جهرم
1394,تجربی,1414,660,منطقه 2,پزشکی,دانشگاه علوم پزشکی مازندران - ساری
1394,تجربی,1414,660,منطقه 2,پزشکی,دانشگاه علوم پزشکی همدان
1394,تجربی,1418,188,منطقه 3,پزشکی,دانشگاه علوم پزشکی زنجان
1394,تجربی,1418,540,منطقه 1,دندانپزشکی,دانشگاه علوم پزشکی جندی شاپور اهواز
1394,تجربی,1418,663,منطقه 2,پزشکی,دانشگاه علوم پزشکی زاهدان
1394,تجربی,1420,664,منطقه 2,پزشکی,دانشگاه علوم پزشکی جندی شاپور اهواز
1394,تجربی,1422,541,منطقه 1,پزشکی,دانشگاه علوم پزشکی یزد
1394,تجربی,1422,665,منطقه 2,پزشکی,دانشگاه علوم پزشکی بیرجند
1394,تجربی,1424,542,منطقه 1,دندانپزشکی,دانشگاه علوم پزشکی یزد
1394,تجربی,1426,189,منطقه 3,پزشکی,دانشگاه علوم پزشکی مازندران - ساری
1394,تجربی,1426,543,منطقه 1,دندانپزشکی,دانشگاه علوم پزشکی مازندران - ساری
1394,تجربی,1426,667,منطقه 2,پزشکی,دانشگاه علوم پزشکی اردبیل
1394,تجربی,1428,190,منطقه 3,دندانپزشکی,دانشگاه علوم پزشکی کرمان
1394,تجربی,1431,544,منطقه 1,دندانپزشکی,دانشگاه علوم پزشکی شهرکرد
1394,تجربی,1434,546,منطقه 1,دندانپزشکی,دانشگاه علوم پزشکی البرز - کرج
1394,تجربی,1434,546,منطقه 1,دندانپزشکی,دانشگاه علوم پزشکی مازندران - ساری
1394,تجربی,1434,669,منطقه 2,پزشکی,دانشگاه علوم پزشکی بابل
1394,تجربی,1437,670,منطقه 2,دندانپزشکی,دانشگاه علوم پزشکی یزد
1394,تجربی,1439,672,منطقه 2,دندانپزشکی,دانشگاه علوم پزشکی مازندران - ساری
1394,تجربی,1439,672,منطقه 2,دندانپزشکی,دانشگاه علوم پزشکی یزد
1394,تجربی,1439,672,منطقه 2,پزشکی,دانشگاه علوم پزشکی قزوین
1394,تجربی,1442,548,منطقه 1,پزشکی,دانشگاه علوم پزشکی فسا
1394,تجربی,1442,674,منطقه 2,پزشکی,دانشگاه علوم پزشکی همدان
1394,تجربی,1444,549,منطقه 1,داروسازی,دانشگاه علوم پزشکی تهران
1394,تجربی,1444,675,منطقه 2,پزشکی,دانشگاه علوم پزشکی بابل
1394,تجربی,1446,676,منطقه 2,پزشکی,دانشگاه علوم پزشکی یزد
1394,تجربی,1448,677,منطقه 2,پزشکی,دانشگاه علوم پزشکی تبریز
1394,تجربی,1448,677,منطقه 2,پزشکی,دانشگاه علوم پزشکی یزد
1394,تجربی,1452,194,منطقه 3,پزشکی,دانشگاه علوم پزشکی شیراز
1394,تجربی,1452,194,منطقه 3,پزشکی,دانشگاه علوم پزشکی کرمان
1394,تجربی,1452,679,منطقه 2,پزشکی,دانشگاه علوم پزشکی ارومیه
1394,تجربی,1452,679,منطقه 2,پزشکی,دانشگاه علوم پزشکی البرز - کرج
1394,تجربی,1455,196,منطقه 3,پزشکی,دانشگاه علوم پزشکی جندی شاپور اهواز
1394,تجربی,1457,551,منطقه 1,پزشکی,دانشگاه شاهد - تهران(رشته های پزشکی)
1394,تجربی,1457,551,منطقه 1,پزشکی,دانشگاه علوم پزشکی جندی شاپور اهواز
1394,تجربی,1457,681,منطقه 2,پزشکی,دانشگاه علوم پزشکی تبریز
1394,تجربی,1457,681,منطقه 2,پزشکی,دانشگاه علوم پزشکی گیلان - رشت
1394,تجربی,1461,553,منطقه 1,پزشکی,دانشگاه علوم پزشکی تهران
1394,تجربی,1461,683,منطقه 2,پزشکی,دانشگاه علوم پزشکی اردبیل
1394,تجربی,1464,555,منطقه 1,پزشکی,دانشگاه علوم پزشکی جندی شاپور اهواز
1394,تجربی,1464,684,منطقه 2,پزشکی,دانشگاه علوم پزشکی بابل
1394,تجربی,1464,684,منطقه 2,پزشکی,دانشگاه علوم پزشکی تبریز
1394,تجربی,1468,197,منطقه 3,پزشکی,دانشگاه علوم پزشکی مازندران - ساری
1394,تجربی,1468,687,منطقه 2,پزشکی,دانشگاه علوم پزشکی بابل
1394,تجربی,1468,687,منطقه 2,پزشکی,دانشگاه علوم پزشکی بیرجند
1394,تجربی,1473,557,منطقه 1,پزشکی,دانشگاه علوم پزشکی یزد
1394,تجربی,1473,690,منطقه 2,داروسازی,دانشگاه علوم پزشکی تهران
1394,تجربی,1473,690,منطقه 2,دندانپزشکی,دانشگاه علوم پزشکی همدان
1394,تجربی,1473,690,منطقه 2,دندانپزشکی,دانشگاه علوم پزشکی یزد
1394,تجربی,1473,690,منطقه 2,پزشکی,دانشگاه علوم پزشکی گیلان - رشت
1394,تجربی,1477,558,منطقه 1,پزشکی,دانشگاه علوم پزشکی زنجان
1394,تجربی,1477,693,منطقه 2,پزشکی,دانشگاه علوم پزشکی فسا
1394,تجربی,1480,694,منطقه 2,پزشکی,دانشگاه علوم پزشکی بابل
1394,تجربی,1480,694,منطقه 2,پزشکی,دانشگاه علوم پزشکی یزد
1394,تجربی,1483,198,منطقه 3,دندانپزشکی,دانشگاه علوم پزشکی بیرجند
1394,تجربی,1483,198,منطقه 3,دندانپزشکی,دانشگاه علوم پزشکی همدان
1394,تجربی,1483,696,منطقه 2,دندانپزشکی,دانشگاه علوم پزشکی کرمان
1394,تجربی,1486,561,منطقه 1,دندانپزشکی,دانشگاه علوم پزشکی ارومیه
1394,تجربی,1486,697,منطقه 2,دندانپزشکی,دانشگاه علوم پزشکی بابل
1394,تجربی,1486,697,منطقه 2,پزشکی,دانشگاه علوم پزشکی بابل
1394,تجربی,1488,562,منطقه 1,دندانپزشکی,دانشگاه علوم پزشکی یزد
1394,تجربی,1488,699,منطقه 2,دندانپزشکی,دانشگاه علوم پزشکی بابل
1394,تجربی,1492,563,منطقه 1,پزشکی,دانشگاه علوم پزشکی قزوین
1394,تجربی,1492,701,منطقه 2,دندانپزشکی,دانشگاه علوم پزشکی همدان
1394,تجربی,1492,701,منطقه 2,پزشکی,دانشگاه علوم پزشکی بقیه الله
1394,تجربی,1495,703,منطقه 2,دندانپزشکی,دانشگاه علوم پزشکی کرمان
1394,تجربی,1497,705,منطقه 2,دندانپزشکی,دانشگاه علوم پزشکی همدان
1394,تجربی,1497,705,منطقه 2,پزشکی,دانشگاه علوم پزشکی فسا
1394,تجربی,1497,705,منطقه 2,پزشکی,دانشگاه علوم پزشکی همدان
1394,تجربی,1500,707,منطقه 2,داروسازی,دانشگاه علوم پزشکی اصفهان
1394,تجربی,1500,707,منطقه 2,پزشکی,دانشگاه علوم پزشکی قزوین
1394,تجربی,1502,565,منطقه 1,داروسازی,دانشگاه علوم پزشکی تبریز
1394,تجربی,1502,565,منطقه 1,پزشکی,دانشگاه علوم پزشکی قزوین
1394,تجربی,1504,567,منطقه 1,داروسازی,دانشگاه علوم پزشکی تهران
1394,تجربی,1507,568,منطقه 1,داروسازی,دانشگاه علوم پزشکی شیراز
1394,تجربی,1507,568,منطقه 1,دندانپزشکی,دانشگاه علوم پزشکی مشهد
1394,تجربی,1507,709,منطقه 2,پزشکی,دانشگاه علوم پزشکی تبریز
1394,تجربی,1507,709,منطقه 2,پزشکی,دانشگاه علوم پزشکی جندی شاپور اهواز
1394,تجربی,1511,711,منطقه 2,پزشکی,دانشگاه علوم پزشکی جندی شاپور اهواز
1394,تجربی,1511,711,منطقه 2,پزشکی,دانشگاه علوم پزشکی یزد
1394,تجربی,1514,713,منطقه 2,دندانپزشکی,دانشگاه علوم پزشکی ارومیه
1394,تجربی,1514,713,منطقه 2,پزشکی,دانشگاه علوم پزشکی یزد
1394,تجربی,1517,570,منطقه 1,داروسازی,دانشگاه علوم پزشکی تهران
1394,تجربی,1517,570,منطقه 1,پزشکی,دانشگاه علوم پزشکی یزد
1394,تجربی,1517,715,منطقه 2,داروسازی,دانشگاه علوم پزشکی شهید بهشتی - تهران
1394,تجربی,1520,572,منطقه 1,دندانپزشکی,دانشگاه علوم پزشکی یزد
1394,تجربی,1520,716,منطقه 2,پزشکی,دانشگاه علوم پزشکی بیرجند
1394,تجربی,1522,717,منطقه 2,دندانپزشکی,دانشگاه علوم پزشکی قزوین
1394,تجربی,1525,203,منطقه 3,پزشکی,دانشگاه علوم پزشکی جندی شاپور اهواز
1394,تجربی,1525,719,منطقه 2,دندانپزشکی,دانشگاه علوم پزشکی همدان
1394,تجربی,1528,204,منطقه 3,پزشکی,دانشگاه علوم پزشکی همدان
1394,تجربی,1528,204,منطقه 3,پزشکی,دانشگاه علوم پزشکی کرمان
1394,تجربی,1528,720,منطقه 2,پزشکی,دانشگاه علوم پزشکی بابل
1394,تجربی,1531,574,منطقه 1,دندانپزشکی,دانشگاه علوم پزشکی کرمان
1394,تجربی,1531,721,منطقه 2,پزشکی,دانشگاه علوم پزشکی قزوین
1394,تجربی,1533,722,منطقه 2,پزشکی,دانشگاه علوم پزشکی بابل
1394,تجربی,1535,206,منطقه 3,پزشکی,دانشگاه علوم پزشکی همدان
1394,تجربی,1538,577,منطقه 1,پزشکی,دانشگاه علوم پزشکی یزد
1394,تجربی,1538,723,منطقه 2,پزشکی,دانشگاه علوم پزشکی گیلان - رشت
1394,تجربی,1540,724,منطقه 2,پزشکی,دانشگاه علوم پزشکی اردبیل
1394,تجربی,1541,725,منطقه 2,پزشکی,دانشگاه علوم پزشکی قم
1394,تجربی,1541,725,منطقه 2,پزشکی,دانشگاه علوم پزشکی لرستان - خرم آباد
1394,تجربی,1544,578,منطقه 1,پزشکی,دانشگاه علوم پزشکی یزد
1394,تجربی,1544,727,منطقه 2,داروسازی,دانشگاه علوم پزشکی تهران
1394,تجربی,1544,727,منطقه 2,پزشکی,دانشگاه علوم پزشکی اردبیل
1394,تجربی,1546,729,منطقه 2,پزشکی,دانشگاه علوم پزشکی زنجان
1394,تجربی,1549,579,منطقه 1,پزشکی,دانشگاه شاهد - تهران(رشته های پزشکی)
1394,تجربی,1549,579,منطقه 1,پزشکی,دانشگاه علوم پزشکی مازندران - ساری
1394,تجربی,1549,731,منطقه 2,پزشکی,دانشگاه علوم پزشکی بابل
1394,تجربی,1549,731,منطقه 2,پزشکی,دانشگاه علوم پزشکی مازندران - ساری
1394,تجربی,1549,731,منطقه 2,پزشکی,دانشگاه علوم پزشکی کرمان
1394,تجربی,1555,207,منطقه 3,پزشکی,دانشگاه علوم پزشکی کرمان
1394,تجربی,1555,582,منطقه 1,داروسازی,دانشگاه علوم پزشکی تهران
1394,تجربی,1555,582,منطقه 1,پزشکی,دانشگاه علوم پزشکی قزوین
1394,تجربی,1555,734,منطقه 2,پزشکی,دانشگاه علوم پزشکی جهرم
1394,تجربی,1561,208,منطقه 3,پزشکی,دانشگاه علوم پزشکی کرمان
1394,تجربی,1561,586,منطقه 1,دندانپزشکی,دانشگاه علوم پزشکی البرز - کرج
1394,تجربی,1561,586,منطقه 1,دندانپزشکی,دانشگاه علوم پزشکی شهرکرد
1394,تجربی,1566,209,منطقه 3,پزشکی,دانشگاه علوم پزشکی کرمانشاه
1394,تجربی,1566,589,منطقه 1,داروسازی,دانشگاه علوم پزشکی تهران
1394,تجربی,1566,736,منطقه 2,پزشکی,دانشگاه علوم پزشکی گیلان - رشت
1394,تجربی,1570,738,منطقه 2,پزشکی,دانشگاه علوم پزشکی بابل
1394,تجربی,1570,738,منطقه 2,پزشکی,دانشگاه علوم پزشکی یزد
1394,تجربی,1573,211,منطقه 3,پزشکی,دانشگاه علوم پزشکی همدان
1394,تجربی,1573,590,منطقه 1,پزشکی,دانشگاه علوم پزشکی ارومیه
1394,تجربی,1573,740,منطقه 2,پزشکی,دانشگاه علوم پزشکی البرز - کرج
1394,تجربی,1575,741,منطقه 2,داروسازی,دانشگاه علوم پزشکی مشهد
1394,تجربی,1578,742,منطقه 2,دندانپزشکی,دانشگاه علوم پزشکی سمنان
1394,تجربی,1581,212,منطقه 3,دندانپزشکی,دانشگاه علوم پزشکی گیلان - رشت
1394,تجربی,1581,593,منطقه 1,داروسازی,دانشگاه علوم پزشکی تهران
1394,تجربی,1586,595,منطقه 1,دندانپزشکی,دانشگاه علوم پزشکی البرز - کرج
1394,تجربی,1586,595,منطقه 1,دندانپزشکی,دانشگاه علوم پزشکی مازندران - ساری
1394,تجربی,1586,745,منطقه 2,داروسازی,دانشگاه علوم پزشکی تهران
1394,تجربی,1586,745,منطقه 2,پزشکی,دانشگاه علوم پزشکی اصفهان
1394,تجربی,1586,745,منطقه 2,پزشکی,دانشگاه علوم پزشکی بابل
1394,تجربی,1586,745,منطقه 2,پزشکی,دانشگاه علوم پزشکی مازندران - ساری
1394,تجربی,1586,745,منطقه 2,پزشکی,دانشگاه علوم پزشکی همدان
1394,تجربی,1591,597,منطقه 1,پزشکی,دانشگاه علوم پزشکی ارومیه
1394,تجربی,1591,597,منطقه 1,پزشکی,دانشگاه علوم پزشکی مازندران - ساری
1394,تجربی,1591,748,منطقه 2,پزشکی,دانشگاه علوم پزشکی بابل
1394,تجربی,1595,214,منطقه 3,پزشکی,دانشگاه علوم پزشکی همدان
1394,تجربی,1595,749,منطقه 2,پزشکی,دانشگاه علوم پزشکی یزد
1394,تجربی,1598,752,منطقه 2,دندانپزشکی,دانشگاه علوم پزشکی مازندران - ساری
1394,تجربی,1598,752,منطقه 2,پزشکی,دانشگاه علوم پزشکی بابل
1394,تجربی,1598,752,منطقه 2,پزشکی,دانشگاه علوم پزشکی کرمانشاه
1394,تجربی,1600,754,منطقه 2,پزشکی,دانشگاه علوم پزشکی همدان
1394,تجربی,1601,755,منطقه 2,دندانپزشکی,دانشگاه علوم پزشکی قزوین
1394,تجربی,1601,755,منطقه 2,پزشکی,دانشگاه علوم پزشکی بقیه الله
1394,تجربی,1603,599,منطقه 1,پزشکی,دانشگاه شاهد - تهران(رشته های پزشکی)
1394,تجربی,1603,599,منطقه 1,پزشکی,دانشگاه علوم پزشکی ارومیه
1394,تجربی,1606,601,منطقه 1,دندانپزشکی,دانشگاه علوم پزشکی گیلان - رشت
1394,تجربی,1606,757,منطقه 2,پزشکی,دانشگاه علوم پزشکی اراک
1394,تجربی,1608,216,منطقه 3,پزشکی,دانشگاه علوم پزشکی ارومیه
1394,تجربی,1608,602,منطقه 1,داروسازی,دانشگاه علوم پزشکی شهید بهشتی - تهران
1394,تجربی,1610,758,منطقه 2,پزشکی,دانشگاه علوم پزشکی ارومیه
1394,تجربی,1610,758,منطقه 2,پزشکی,دانشگاه علوم پزشکی مازندران - ساری
1394,تجربی,1613,217,منطقه 3,دندانپزشکی,دانشگاه علوم پزشکی شیراز
1394,تجربی,1618,218,منطقه 3,دندانپزشکی,دانشگاه علوم پزشکی جندی شاپور اهواز
1394,تجربی,1618,763,منطقه 2,دندانپزشکی,دانشگاه علوم پزشکی بوشهر
1394,تجربی,1618,763,منطقه 2,پزشکی,دانشگاه علوم پزشکی ارومیه
1394,تجربی,1618,763,منطقه 2,پزشکی,دانشگاه علوم پزشکی بابل
1394,تجربی,1618,763,منطقه 2,پزشکی,دانشگاه علوم پزشکی مازندران - ساری
1394,تجربی,1618,763,منطقه 2,پزشکی,دانشگاه علوم پزشکی گلستان - گرگان
1394,تجربی,1623,219,منطقه 3,پزشکی,دانشگاه علوم پزشکی جندی شاپور اهواز
1394,تجربی,1623,767,منطقه 2,پزشکی,دانشگاه علوم پزشکی اصفهان
1394,تجربی,1623,767,منطقه 2,پزشکی,دانشگاه علوم پزشکی همدان
1394,تجربی,1628,220,منطقه 3,دندانپزشکی,دانشگاه علوم پزشکی تبریز
1394,تجربی,1628,605,منطقه 1,داروسازی,دانشگاه علوم پزشکی شهید بهشتی - تهران
1394,تجربی,1628,605,منطقه 1,پزشکی,دانشگاه علوم پزشکی ارومیه
1394,تجربی,1628,605,منطقه 1,پزشکی,دانشگاه علوم پزشکی فسا
1394,تجربی,1628,770,منطقه 2,پزشکی,دانشگاه علوم پزشکی بابل
1394,تجربی,1628,770,منطقه 2,پزشکی,دانشگاه علوم پزشکی مازندران - ساری
1394,تجربی,1628,770,منطقه 2,پزشکی,دانشگاه علوم پزشکی گیلان - رشت
1394,تجربی,1628,770,منطقه 2,پزشکی,دانشگاه علوم پزشکی یزد
1394,تجربی,1634,607,منطقه 1,پزشکی,دانشگاه علوم پزشکی جندی شاپور اهواز
1394,تجربی,1634,774,منطقه 2,پزشکی,دانشگاه علوم پزشکی جهرم
1394,تجربی,1634,774,منطقه 2,پزشکی,دانشگاه علوم پزشکی گیلان - رشت
1394,تجربی,1634,774,منطقه 2,پزشکی,دانشگاه علوم پزشکی یزد
1394,تجربی,1637,608,منطقه 1,پزشکی,دانشگاه علوم پزشکی کاشان
1394,تجربی,1637,776,منطقه 2,پزشکی,دانشگاه علوم پزشکی زنجان
1394,تجربی,1639,221,منطقه 3,پزشکی,دانشگاه علوم پزشکی مازندران - ساری
1394,تجربی,1639,609,منطقه 1,داروسازی,دانشگاه علوم پزشکی تهران
1394,تجربی,1644,611,منطقه 1,دندانپزشکی,دانشگاه علوم پزشکی یزد
1394,تجربی,1644,611,منطقه 1,پزشکی,دانشگاه علوم پزشکی فسا
1394,تجربی,1644,611,منطقه 1,پزشکی,دانشگاه علوم پزشکی کاشان
1394,تجربی,1644,778,منطقه 2,دندانپزشکی,دانشگاه علوم پزشکی بیرجند
1394,تجربی,1644,778,منطقه 2,پزشکی,دانشگاه علوم پزشکی بابل
1394,تجربی,1648,613,منطقه 1,پزشکی,دانشگاه شاهد - تهران(رشته های پزشکی)
1394,تجربی,1648,780,منطقه 2,پزشکی,دانشگاه علوم پزشکی جندی شاپور اهواز
1394,تجربی,1651,614,منطقه 1,دندانپزشکی,دانشگاه علوم پزشکی گیلان - رشت
1394,تجربی,1651,614,منطقه 1,دندانپزشکی,دانشگاه علوم پزشکی یزد
1394,تجربی,1651,781,منطقه 2,دندانپزشکی,دانشگاه علوم پزشکی سمنان
1394,تجربی,1651,781,منطقه 2,پزشکی,دانشگاه علوم پزشکی کرمانشاه
1394,تجربی,1654,616,منطقه 1,دندانپزشکی,دانشگاه علوم پزشکی البرز - کرج
1394,تجربی,1657,617,منطقه 1,داروسازی,دانشگاه علوم پزشکی تهران
1394,تجربی,1657,784,منطقه 2,پزشکی,دانشگاه علوم پزشکی مازندران - ساری
1394,تجربی,1657,784,منطقه 2,پزشکی,دانشگاه علوم پزشکی کرمان
1394,تجربی,1660,619,منطقه 1,پزشکی,دانشگاه علوم پزشکی کاشان
1394,تجربی,1662,620,منطقه 1,پزشکی,دانشگاه علوم پزشکی کاشان
1394,تجربی,1662,787,منطقه 2,دندانپزشکی,دانشگاه علوم پزشکی بابل
1394,تجربی,1665,223,منطقه 3,پزشکی,دانشگاه علوم پزشکی شهید بهشتی - تهران
1394,تجربی,1665,621,منطقه 1,دندانپزشکی,دانشگاه علوم پزشکی ارومیه
1394,تجربی,1669,225,منطقه 3,دندانپزشکی,دانشگاه علوم پزشکی تبریز
1394,تجربی,1669,788,منطقه 2,داروسازی,دانشگاه علوم پزشکی تهران
1394,تجربی,1669,788,منطقه 2,پزشکی,دانشگاه علوم پزشکی قزوین
1394,تجربی,1675,226,منطقه 3,پزشکی,دانشگاه علوم پزشکی مازندران - ساری
1394,تجربی,1675,625,منطقه 1,پزشکی,دانشگاه علوم پزشکی فسا
1394,تجربی,1675,625,منطقه 1,پزشکی,دانشگاه علوم پزشکی قزوین
1394,تجربی,1675,790,منطقه 2,پزشکی,دانشگاه علوم پزشکی بیرجند
1394,تجربی,1681,228,منطقه 3,پزشکی,دانشگاه علوم پزشکی ارومیه
1394,تجربی,1681,792,منطقه 2,دندانپزشکی,دانشگاه علوم پزشکی قم
1394,تجربی,1681,792,منطقه 2,دندانپزشکی,دانشگاه علوم پزشکی مازندران - ساری
1394,تجربی,1681,792,منطقه 2,پزشکی,دانشگاه علوم پزشکی ارومیه
1394,تجربی,1681,792,منطقه 2,پزشکی,دانشگاه علوم پزشکی مازندران - ساری
1394,تجربی,1684,628,منطقه 1,دندانپزشکی,دانشگاه علوم پزشکی قزوین
1394,تجربی,1684,795,منطقه 2,پزشکی,دانشگاه علوم پزشکی یزد
1394,تجربی,1686,629,منطقه 1,داروسازی,دانشگاه علوم پزشکی مشهد
1394,تجربی,1686,629,منطقه 1,دندانپزشکی,دانشگاه علوم پزشکی گلستان - گرگان
1394,تجربی,1689,631,منطقه 1,دندانپزشکی,دانشگاه علوم پزشکی ارومیه
1394,تجربی,1689,796,منطقه 2,پزشکی,دانشگاه علوم پزشکی بابل
1394,تجربی,1689,796,منطقه 2,پزشکی,دانشگاه علوم پزشکی کرمانشاه
1394,تجربی,1691,632,منطقه 1,پزشکی,دانشگاه علوم پزشکی قزوین
1394,تجربی,1691,798,منطقه 2,پزشکی,دانشگاه علوم پزشکی بابل
1394,تجربی,1695,229,منطقه 3,پزشکی,دانشگاه علوم پزشکی کرمان
1394,تجربی,1695,229,منطقه 3,پزشکی,دانشگاه علوم پزشکی گیلان - رشت
1394,تجربی,1695,634,منطقه 1,دندانپزشکی,دانشگاه علوم پزشکی کاشان
1394,تجربی,1695,634,منطقه 1,پزشکی,دانشگاه علوم پزشکی مازندران - ساری
1394,تجربی,1699,231,منطقه 3,دندانپزشکی,دانشگاه علوم پزشکی تهران
1394,تجربی,1699,800,منطقه 2,پزشکی,دانشگاه علوم پزشکی شهرکرد
1394,تجربی,1702,232,منطقه 3,پزشکی,دانشگاه علوم پزشکی کرمان
1394,تجربی,1702,636,منطقه 1,دندانپزشکی,دانشگاه علوم پزشکی ارومیه
1394,تجربی,1702,801,منطقه 2,دندانپزشکی,دانشگاه علوم پزشکی گیلان - رشت
1394,تجربی,1706,638,منطقه 1,پزشکی,دانشگاه علوم پزشکی تهران
1394,تجربی,1706,638,منطقه 1,پزشکی,دانشگاه علوم پزشکی خراسان شمالی - بجنورد
1394,تجربی,1706,638,منطقه 1,پزشکی,دانشگاه علوم پزشکی مازندران - ساری
1394,تجربی,1706,802,منطقه 2,دندانپزشکی,دانشگاه علوم پزشکی بیرجند
1394,تجربی,1709,641,منطقه 1,دندانپزشکی,دانشگاه علوم پزشکی ارومیه
1394,تجربی,1711,233,منطقه 3,پزشکی,دانشگاه علوم پزشکی گیلان - رشت
1394,تجربی,1711,804,منطقه 2,پزشکی,دانشگاه علوم پزشکی تهران
1394,تجربی,1715,642,منطقه 1,داروسازی,دانشگاه علوم پزشکی اصفهان
1394,تجربی,1715,642,منطقه 1,پزشکی,دانشگاه علوم پزشکی کرمان
1394,تجربی,1719,808,منطقه 2,پزشکی,دانشگاه علوم پزشکی جندی شاپور اهواز
1394,تجربی,1722,235,منطقه 3,پزشکی,دانشگاه علوم پزشکی جندی شاپور اهواز
1394,تجربی,1722,235,منطقه 3,پزشکی,دانشگاه علوم پزشکی فسا
1394,تجربی,1722,645,منطقه 1,داروسازی,دانشگاه علوم پزشکی تهران
1394,تجربی,1727,238,منطقه 3,دندانپزشکی,دانشگاه علوم پزشکی کرمان
1394,تجربی,1727,238,منطقه 3,پزشکی,دانشگاه علوم پزشکی بیرجند
1394,تجربی,1727,238,منطقه 3,پزشکی,دانشگاه علوم پزشکی کرمانشاه
1394,تجربی,1727,810,منطقه 2,پزشکی,دانشگاه شاهد - تهران(رشته های پزشکی)
1394,تجربی,1727,810,منطقه 2,پزشکی,دانشگاه علوم پزشکی مازندران - ساری
1394,تجربی,1732,240,منطقه 3,پزشکی,دانشگاه علوم پزشکی کرمانشاه
1394,تجربی,1732,646,منطقه 1,پزشکی,دانشگاه علوم پزشکی کاشان
1394,تجربی,1732,813,منطقه 2,داروسازی,دانشگاه علوم پزشکی شهید بهشتی - تهران
1394,تجربی,1732,813,منطقه 2,پزشکی,دانشگاه علوم پزشکی گیلان - رشت
1394,تجربی,1737,241,منطقه 3,پزشکی,دانشگاه علوم پزشکی بابل
1394,تجربی,1737,647,منطقه 1,دندانپزشکی,دانشگاه علوم پزشکی ارومیه
1394,تجربی,1737,815,منطقه 2,پزشکی,دانشگاه علوم پزشکی کرمان
1394,تجربی,1739,648,منطقه 1,دندانپزشکی,دانشگاه علوم پزشکی گلستان - گرگان
1394,تجربی,1739,816,منطقه 2,پزشکی,دانشگاه علوم پزشکی همدان
1394,تجربی,1743,242,منطقه 3,پزشکی,دانشگاه علوم پزشکی گیلان - رشت
1394,تجربی,1743,818,منطقه 2,دندانپزشکی,دانشگاه علوم پزشکی ارومیه
1394,تجربی,1743,818,منطقه 2,دندانپزشکی,دانشگاه علوم پزشکی جندی شاپور اهواز
1394,تجربی,1743,818,منطقه 2,پزشکی,دانشگاه علوم پزشکی گیلان - رشت
1394,تجربی,1747,821,منطقه 2,پزشکی,دانشگاه علوم پزشکی بوشهر
1394,تجربی,1751,650,منطقه 1,پزشکی,دانشگاه علوم پزشکی ارومیه
1394,تجربی,1751,650,منطقه 1,پزشکی,دانشگاه علوم پزشکی جندی شاپور اهواز
1394,تجربی,1751,823,منطقه 2,دندانپزشکی,دانشگاه علوم پزشکی گیلان - رشت
1394,تجربی,1751,823,منطقه 2,پزشکی,دانشگاه علوم پزشکی بابل
1394,تجربی,1751,823,منطقه 2,پزشکی,دانشگاه علوم پزشکی قم
1394,تجربی,1756,244,منطقه 3,پزشکی,دانشگاه علوم پزشکی بابل
1394,تجربی,1756,653,منطقه 1,داروسازی,دانشگاه علوم پزشکی تهران
1394,تجربی,1756,653,منطقه 1,پزشکی,دانشگاه علوم پزشکی کاشان
1394,تجربی,1756,825,منطقه 2,دندانپزشکی,دانشگاه علوم پزشکی قزوین
1394,تجربی,1762,656,منطقه 1,دندانپزشکی,دانشگاه علوم پزشکی گیلان - رشت
1394,تجربی,1762,656,منطقه 1,پزشکی,دانشگاه علوم پزشکی بیرجند
1394,تجربی,1762,827,منطقه 2,دندانپزشکی,دانشگاه علوم پزشکی همدان
1394,تجربی,1762,827,منطقه 2,پزشکی,دانشگاه علوم پزشکی گیلان - رشت
1394,تجربی,1767,659,منطقه 1,دندانپزشکی,دانشگاه علوم پزشکی جندی شاپور اهواز
1394,تجربی,1767,659,منطقه 1,دندانپزشکی,دانشگاه علوم پزشکی سمنان
1394,تجربی,1767,659,منطقه 1,پزشکی,دانشگاه علوم پزشکی تهران
1394,تجربی,1767,830,منطقه 2,دندانپزشکی,دانشگاه علوم پزشکی بابل
1394,تجربی,1767,830,منطقه 2,پزشکی,دانشگاه علوم پزشکی بیرجند
1394,تجربی,1767,830,منطقه 2,پزشکی,دانشگاه علوم پزشکی مازندران - ساری
1394,تجربی,1771,661,منطقه 1,دندانپزشکی,دانشگاه علوم پزشکی گلستان - گرگان
1394,تجربی,1771,832,منطقه 2,دندانپزشکی,دانشگاه علوم پزشکی گیلان - رشت
1394,تجربی,1776,245,منطقه 3,پزشکی,دانشگاه علوم پزشکی بابل
1394,تجربی,1776,663,منطقه 1,داروسازی,دانشگاه علوم پزشکی مشهد
1394,تجربی,1776,663,منطقه 1,پزشکی,دانشگاه علوم پزشکی قزوین
1394,تجربی,1776,834,منطقه 2,دندانپزشکی,دانشگاه علوم پزشکی بابل
1394,تجربی,1776,834,منطقه 2,دندانپزشکی,دانشگاه علوم پزشکی جندی شاپور اهواز
1394,تجربی,1776,834,منطقه 2,پزشکی,دانشگاه علوم پزشکی گلستان - گرگان
1394,تجربی,1781,666,منطقه 1,پزشکی,دانشگاه علوم پزشکی ارومیه
1394,تجربی,1781,836,منطقه 2,دندانپزشکی,دانشگاه علوم پزشکی یزد
1394,تجربی,1786,246,منطقه 3,پزشکی,دانشگاه علوم پزشکی تبریز
1394,تجربی,1786,668,منطقه 1,دندانپزشکی,دانشگاه علوم پزشکی همدان
1394,تجربی,1786,838,منطقه 2,دندانپزشکی,دانشگاه علوم پزشکی گیلان - رشت
1394,تجربی,1786,838,منطقه 2,پزشکی,دانشگاه علوم پزشکی ارومیه
1394,تجربی,1786,838,منطقه 2,پزشکی,دانشگاه علوم پزشکی بابل
1394,تجربی,1790,669,منطقه 1,دندانپزشکی,دانشگاه علوم پزشکی خراسان شمالی - بجنورد
1394,تجربی,1790,841,منطقه 2,داروسازی,دانشگاه علوم پزشکی همدان
1394,تجربی,1795,670,منطقه 1,داروسازی,دانشگاه علوم پزشکی شهید بهشتی - تهران
1394,تجربی,1795,845,منطقه 2,دندانپزشکی,دانشگاه علوم پزشکی یزد
1394,تجربی,1795,845,منطقه 2,پزشکی,دانشگاه علوم پزشکی بابل
1394,تجربی,1795,845,منطقه 2,پزشکی,دانشگاه علوم پزشکی جندی شاپور اهواز
1394,تجربی,1795,845,منطقه 2,پزشکی,دانشگاه علوم پزشکی قزوین
1394,تجربی,1795,845,منطقه 2,پزشکی,دانشگاه علوم پزشکی مازندران - ساری
1394,تجربی,1795,845,منطقه 2,پزشکی,دانشگاه علوم پزشکی کرمان
1394,تجربی,1801,849,منطقه 2,پزشکی,دانشگاه علوم پزشکی زنجان
1394,تجربی,1806,248,منطقه 3,پزشکی,دانشگاه علوم پزشکی ارومیه
1394,تجربی,1806,671,منطقه 1,پزشکی,دانشگاه علوم پزشکی تهران
1394,تجربی,1806,851,منطقه 2,دندانپزشکی,دانشگاه علوم پزشکی مازندران - ساری
1394,تجربی,1806,851,منطقه 2,پزشکی,دانشگاه علوم پزشکی جندی شاپور اهواز
1394,تجربی,1810,249,منطقه 3,پزشکی,دانشگاه علوم پزشکی سمنان
1394,تجربی,1810,249,منطقه 3,پزشکی,دانشگاه علوم پزشکی شهید بهشتی - تهران
1394,تجربی,1810,853,منطقه 2,دندانپزشکی,دانشگاه علوم پزشکی کرمان
1394,تجربی,1810,853,منطقه 2,پزشکی,دانشگاه علوم پزشکی مازندران - ساری
1394,تجربی,1814,856,منطقه 2,دندانپزشکی,دانشگاه علوم پزشکی کرمان
1394,تجربی,1814,856,منطقه 2,پزشکی,دانشگاه علوم پزشکی بقیه الله
1394,تجربی,1814,856,منطقه 2,پزشکی,دانشگاه علوم پزشکی سمنان
1394,تجربی,1817,672,منطقه 1,دندانپزشکی,دانشگاه علوم پزشکی ارومیه
1394,تجربی,1817,858,منطقه 2,دندانپزشکی,دانشگاه علوم پزشکی قم
1394,تجربی,1817,858,منطقه 2,پزشکی,دانشگاه علوم پزشکی همدان
1394,تجربی,1822,251,منطقه 3,دندانپزشکی,دانشگاه علوم پزشکی بابل
1394,تجربی,1822,674,منطقه 1,دندانپزشکی,دانشگاه علوم پزشکی مازندران - ساری
1394,تجربی,1822,674,منطقه 1,پزشکی,دانشگاه علوم پزشکی مازندران - ساری
1394,تجربی,1822,861,منطقه 2,دندانپزشکی,دانشگاه علوم پزشکی جندی شاپور اهواز
1394,تجربی,1822,861,منطقه 2,پزشکی,دانشگاه علوم پزشکی قزوین
1394,تجربی,1829,678,منطقه 1,داروسازی,دانشگاه علوم پزشکی تهران
1394,تجربی,1829,678,منطقه 1,دندانپزشکی,دانشگاه علوم پزشکی ارومیه
1394,تجربی,1829,678,منطقه 1,پزشکی,دانشگاه علوم پزشکی قزوین
1394,تجربی,1829,863,منطقه 2,پزشکی,دانشگاه علوم پزشکی بیرجند
1394,تجربی,1829,863,منطقه 2,پزشکی,دانشگاه علوم پزشکی شهرکرد
1394,تجربی,1833,865,منطقه 2,دندانپزشکی,دانشگاه علوم پزشکی کاشان
1394,تجربی,1838,252,منطقه 3,دندانپزشکی,دانشگاه علوم پزشکی مازندران - ساری
1394,تجربی,1838,252,منطقه 3,پزشکی,دانشگاه علوم پزشکی مازندران - ساری
1394,تجربی,1838,682,منطقه 1,داروسازی,دانشگاه علوم پزشکی اصفهان
1394,تجربی,1838,682,منطقه 1,دندانپزشکی,دانشگاه علوم پزشکی بابل
1394,تجربی,1838,682,منطقه 1,دندانپزشکی,دانشگاه علوم پزشکی گیلان - رشت
1394,تجربی,1838,868,منطقه 2,دندانپزشکی,دانشگاه علوم پزشکی جندی شاپور اهواز
1394,تجربی,1838,868,منطقه 2,پزشکی,دانشگاه علوم پزشکی ارومیه
1394,تجربی,1838,868,منطقه 2,پزشکی,دانشگاه علوم پزشکی فسا
1394,تجربی,1845,685,منطقه 1,دندانپزشکی,دانشگاه علوم پزشکی کاشان
1394,تجربی,1845,870,منطقه 2,پزشکی,دانشگاه علوم پزشکی اردبیل
1394,تجربی,1845,870,منطقه 2,پزشکی,دانشگاه علوم پزشکی زاهدان
1394,تجربی,1850,688,منطقه 1,داروسازی,دانشگاه علوم پزشکی اصفهان
1394,تجربی,1855,254,منطقه 3,پزشکی,دانشگاه علوم پزشکی کرمان
1394,تجربی,1855,691,منطقه 1,داروسازی,دانشگاه علوم پزشکی مشهد
1394,تجربی,1855,691,منطقه 1,دندانپزشکی,دانشگاه علوم پزشکی کاشان
1394,تجربی,1855,691,منطقه 1,پزشکی,دانشگاه علوم پزشکی ایران
1394,تجربی,1855,691,منطقه 1,پزشکی,دانشگاه علوم پزشکی قزوین
1394,تجربی,1855,873,منطقه 2,پزشکی,دانشگاه علوم پزشکی البرز - کرج
1394,تجربی,1859,874,منطقه 2,پزشکی,دانشگاه علوم پزشکی گیلان - رشت
1394,تجربی,1861,255,منطقه 3,دندانپزشکی,دانشگاه علوم پزشکی همدان
1394,تجربی,1861,255,منطقه 3,پزشکی,دانشگاه علوم پزشکی اردبیل
1394,تجربی,1861,875,منطقه 2,پزشکی,دانشگاه علوم پزشکی البرز - کرج
1394,تجربی,1861,875,منطقه 2,پزشکی,دانشگاه علوم پزشکی جندی شاپور اهواز
1394,تجربی,1868,257,منطقه 3,پزشکی,دانشگاه علوم پزشکی کرمان
1394,تجربی,1868,257,منطقه 3,پزشکی,دانشگاه علوم پزشکی گلستان - گرگان
1394,تجربی,1868,695,منطقه 1,دندانپزشکی,دانشگاه علوم پزشکی قم
1394,تجربی,1868,695,منطقه 1,دندانپزشکی,دانشگاه علوم پزشکی کرمان
1394,تجربی,1868,878,منطقه 2,پزشکی,دانشگاه علوم پزشکی بابل
1394,تجربی,1868,878,منطقه 2,پزشکی,دانشگاه علوم پزشکی لرستان - خرم آباد
1394,تجربی,1873,880,منطقه 2,پزشکی,دانشگاه علوم پزشکی کرمان
1394,تجربی,1875,259,منطقه 3,پزشکی,دانشگاه علوم پزشکی تبریز
1394,تجربی,1875,259,منطقه 3,پزشکی,دانشگاه علوم پزشکی کرمان
1394,تجربی,1875,881,منطقه 2,دندانپزشکی,دانشگاه علوم پزشکی گیلان - رشت
1394,تجربی,1875,881,منطقه 2,پزشکی,دانشگاه علوم پزشکی همدان
1394,تجربی,1880,261,منطقه 3,پزشکی,دانشگاه علوم پزشکی کرمان
1394,تجربی,1880,697,منطقه 1,دندانپزشکی,دانشگاه علوم پزشکی گیلان - رشت
1394,تجربی,1880,883,منطقه 2,دندانپزشکی,دانشگاه علوم پزشکی کرمان
1394,تجربی,1880,883,منطقه 2,پزشکی,دانشگاه علوم پزشکی جندی شاپور اهواز
1394,تجربی,1884,698,منطقه 1,دندانپزشکی,دانشگاه علوم پزشکی کاشان
1394,تجربی,1884,885,منطقه 2,دندانپزشکی,دانشگاه علوم پزشکی ارومیه
1394,تجربی,1884,885,منطقه 2,پزشکی,دانشگاه علوم پزشکی کرمان
1394,تجربی,1887,699,منطقه 1,پزشکی,دانشگاه علوم پزشکی فسا
1394,تجربی,1887,887,منطقه 2,داروسازی,دانشگاه علوم پزشکی تهران
1394,تجربی,1887,887,منطقه 2,دندانپزشکی,دانشگاه علوم پزشکی البرز - کرج
1394,تجربی,1892,264,منطقه 3,داروسازی,دانشگاه علوم پزشکی تهران
1394,تجربی,1892,264,منطقه 3,پزشکی,دانشگاه علوم پزشکی اصفهان
1394,تجربی,1892,700,منطقه 1,پزشکی,دانشگاه علوم پزشکی مازندران - ساری
1394,تجربی,1892,889,منطقه 2,پزشکی,دانشگاه علوم پزشکی بابل
1394,تجربی,1896,266,منطقه 3,پزشکی,دانشگاه علوم پزشکی کرمانشاه
1394,تجربی,1896,701,منطقه 1,دندانپزشکی,دانشگاه علوم پزشکی کرمان
1394,تجربی,1896,701,منطقه 1,پزشکی,دانشگاه علوم پزشکی زنجان
1394,تجربی,1900,267,منطقه 3,پزشکی,دانشگاه علوم پزشکی بابل
1394,تجربی,1900,891,منطقه 2,پزشکی,دانشگاه علوم پزشکی بابل
1394,تجربی,1900,891,منطقه 2,پزشکی,دانشگاه علوم پزشکی جندی شاپور اهواز
1394,تجربی,1900,891,منطقه 2,پزشکی,دانشگاه علوم پزشکی گیلان - رشت
1394,تجربی,1905,268,منطقه 3,پزشکی,دانشگاه علوم پزشکی کرمان
1394,تجربی,1905,704,منطقه 1,پزشکی,دانشگاه علوم پزشکی گلستان - گرگان
1394,تجربی,1905,894,منطقه 2,پزشکی,دانشگاه علوم پزشکی جندی شاپور اهواز
1394,تجربی,1905,894,منطقه 2,پزشکی,دانشگاه علوم پزشکی همدان
1394,تجربی,1910,269,منطقه 3,دندانپزشکی,دانشگاه علوم پزشکی جندی شاپور اهواز
1394,تجربی,1910,705,منطقه 1,پزشکی,دانشگاه علوم پزشکی قزوین
1394,تجربی,1910,705,منطقه 1,پزشکی,دانشگاه علوم پزشکی کاشان
1394,تجربی,1910,897,منطقه 2,دندانپزشکی,دانشگاه علوم پزشکی خراسان شمالی - بجنورد
1394,تجربی,1913,898,منطقه 2,دندانپزشکی,دانشگاه علوم پزشکی ارومیه
1394,تجربی,1913,898,منطقه 2,پزشکی,دانشگاه علوم پزشکی بابل
1394,تجربی,1917,270,منطقه 3,دندانپزشکی,دانشگاه علوم پزشکی گیلان - رشت
1394,تجربی,1917,270,منطقه 3,پزشکی,دانشگاه علوم پزشکی بیرجند
1394,تجربی,1917,707,منطقه 1,دندانپزشکی,دانشگاه علوم پزشکی شهرکرد
1394,تجربی,1917,900,منطقه 2,دندانپزشکی,دانشگاه علوم پزشکی اراک
1394,تجربی,1917,900,منطقه 2,پزشکی,دانشگاه علوم پزشکی کرمان
1394,تجربی,1921,272,منطقه 3,دندانپزشکی,دانشگاه علوم پزشکی کرمانشاه
1394,تجربی,1921,708,منطقه 1,پزشکی,دانشگاه علوم پزشکی ارومیه
1394,تجربی,1924,710,منطقه 1,پزشکی,دانشگاه علوم پزشکی قزوین
1394,تجربی,1924,903,منطقه 2,پزشکی,دانشگاه علوم پزشکی بابل
1394,تجربی,1924,903,منطقه 2,پزشکی,دانشگاه علوم پزشکی کرمان
1394,تجربی,1928,273,منطقه 3,پزشکی,دانشگاه علوم پزشکی بابل
1394,تجربی,1928,711,منطقه 1,داروسازی,دانشگاه علوم پزشکی تبریز
1394,تجربی,1932,713,منطقه 1,دندانپزشکی,دانشگاه علوم پزشکی اصفهان
1394,تجربی,1932,713,منطقه 1,پزشکی,دانشگاه علوم پزشکی بقیه الله
1394,تجربی,1932,713,منطقه 1,پزشکی,دانشگاه علوم پزشکی گیلان - رشت
1394,تجربی,1939,276,منطقه 3,داروسازی,دانشگاه علوم پزشکی تهران
1394,تجربی,1939,276,منطقه 3,دندانپزشکی,دانشگاه علوم پزشکی کردستان - سنندج
1394,تجربی,1939,276,منطقه 3,پزشکی,دانشگاه علوم پزشکی جندی شاپور اهواز
1394,تجربی,1939,716,منطقه 1,پزشکی,دانشگاه علوم پزشکی کرمان
1394,تجربی,1939,908,منطقه 2,دندانپزشکی,دانشگاه علوم پزشکی قزوین
1394,تجربی,1939,908,منطقه 2,دندانپزشکی,دانشگاه علوم پزشکی گیلان - رشت
1394,تجربی,1939,908,منطقه 2,پزشکی,دانشگاه علوم پزشکی کرمان
1394,تجربی,1946,718,منطقه 1,پزشکی,دانشگاه علوم پزشکی قزوین
1394,تجربی,1946,910,منطقه 2,پزشکی,دانشگاه علوم پزشکی شهرکرد
1394,تجربی,1946,910,منطقه 2,پزشکی,دانشگاه علوم پزشکی کاشان
1394,تجربی,1949,720,منطقه 1,پزشکی,دانشگاه علوم پزشکی گیلان - رشت
1394,تجربی,1949,912,منطقه 2,پزشکی,دانشگاه علوم پزشکی یاسوج
1394,تجربی,1952,721,منطقه 1,داروسازی,دانشگاه علوم پزشکی اصفهان
1394,تجربی,1952,721,منطقه 1,پزشکی,دانشگاه علوم پزشکی تهران
1394,تجربی,1952,913,منطقه 2,دندانپزشکی,دانشگاه علوم پزشکی زنجان
1394,تجربی,1955,914,منطقه 2,داروسازی,دانشگاه علوم پزشکی تهران
1394,تجربی,1956,915,منطقه 2,پزشکی,دانشگاه علوم پزشکی بابل
1394,تجربی,1958,723,منطقه 1,داروسازی,دانشگاه علوم پزشکی شهید بهشتی - تهران
1394,تجربی,1958,917,منطقه 2,پزشکی,دانشگاه علوم پزشکی کرمان
1394,تجربی,1961,724,منطقه 1,پزشکی,دانشگاه علوم پزشکی ارومیه
1394,تجربی,1961,724,منطقه 1,پزشکی,دانشگاه علوم پزشکی بیرجند
1394,تجربی,1961,918,منطقه 2,پزشکی,دانشگاه علوم پزشکی جندی شاپور اهواز
1394,تجربی,1966,279,منطقه 3,پزشکی,دانشگاه علوم پزشکی سمنان
1394,تجربی,1966,921,منطقه 2,دندانپزشکی,دانشگاه علوم پزشکی قم
1394,تجربی,1966,921,منطقه 2,دندانپزشکی,دانشگاه علوم پزشکی گیلان - رشت
1394,تجربی,1966,921,منطقه 2,پزشکی,دانشگاه علوم پزشکی بابل
1394,تجربی,1966,921,منطقه 2,پزشکی,دانشگاه علوم پزشکی جندی شاپور اهواز
1394,تجربی,1971,924,منطقه 2,پزشکی,دانشگاه علوم پزشکی جندی شاپور اهواز
1394,تجربی,1971,924,منطقه 2,پزشکی,دانشگاه علوم پزشکی قم
1394,تجربی,1975,280,منطقه 3,پزشکی,دانشگاه علوم پزشکی کرمان
1394,تجربی,1975,727,منطقه 1,پزشکی,دانشگاه علوم پزشکی جهرم
1394,تجربی,1975,727,منطقه 1,پزشکی,دانشگاه علوم پزشکی قزوین
1394,تجربی,1975,926,منطقه 2,داروسازی,دانشگاه علوم پزشکی مشهد
1394,تجربی,1982,730,منطقه 1,داروسازی,دانشگاه علوم پزشکی تهران
1394,تجربی,1982,730,منطقه 1,پزشکی,دانشگاه علوم پزشکی قم
1394,تجربی,1982,930,منطقه 2,پزشکی,دانشگاه علوم پزشکی ارومیه
1394,تجربی,1982,930,منطقه 2,پزشکی,دانشگاه علوم پزشکی زنجان
1394,تجربی,1982,930,منطقه 2,پزشکی,دانشگاه علوم پزشکی قزوین
1394,تجربی,1987,732,منطقه 1,پزشکی,دانشگاه علوم پزشکی فسا
1394,تجربی,1987,732,منطقه 1,پزشکی,دانشگاه علوم پزشکی مازندران - ساری
1394,تجربی,1987,932,منطقه 2,پزشکی,دانشگاه علوم پزشکی مازندران - ساری
1394,تجربی,1987,932,منطقه 2,پزشکی,دانشگاه علوم پزشکی کرمانشاه
1394,تجربی,1991,734,منطقه 1,دندانپزشکی,دانشگاه علوم پزشکی زنجان
1394,تجربی,1991,734,منطقه 1,پزشکی,دانشگاه علوم پزشکی قزوین
1394,تجربی,1991,934,منطقه 2,دندانپزشکی,دانشگاه علوم پزشکی جندی شاپور اهواز
1394,تجربی,1991,934,منطقه 2,پزشکی,دانشگاه علوم پزشکی بیرجند
1394,تجربی,1996,281,منطقه 3,پزشکی,دانشگاه علوم پزشکی کرمان
1394,تجربی,1996,937,منطقه 2,دندانپزشکی,دانشگاه علوم پزشکی اراک
1394,تجربی,1996,937,منطقه 2,دندانپزشکی,دانشگاه علوم پزشکی مشهد
1394,تجربی,1996,937,منطقه 2,پزشکی,دانشگاه علوم پزشکی همدان
1394,تجربی,2000,282,منطقه 3,پزشکی,دانشگاه علوم پزشکی بابل
1394,تجربی,2000,940,منطقه 2,پزشکی,دانشگاه علوم پزشکی کرمان
1394,تجربی,2003,736,منطقه 1,دندانپزشکی,دانشگاه علوم پزشکی قزوین
1394,تجربی,2003,736,منطقه 1,دندانپزشکی,دانشگاه علوم پزشکی قم
1394,تجربی,2003,942,منطقه 2,دندانپزشکی,دانشگاه علوم پزشکی کرمان
1394,تجربی,2005,738,منطقه 1,پزشکی,دانشگاه علوم پزشکی قزوین
1394,تجربی,2008,740,منطقه 1,پزشکی,دانشگاه علوم پزشکی مازندران - ساری
1394,تجربی,2008,943,منطقه 2,دندانپزشکی,دانشگاه علوم پزشکی قزوین
1394,تجربی,2008,943,منطقه 2,پزشکی,دانشگاه علوم پزشکی بوشهر
1394,تجربی,2011,741,منطقه 1,پزشکی,دانشگاه علوم پزشکی قزوین
1394,تجربی,2011,945,منطقه 2,دندانپزشکی,دانشگاه علوم پزشکی کرمان
1394,تجربی,2011,945,منطقه 2,پزشکی,دانشگاه علوم پزشکی بابل
1394,تجربی,2014,742,منطقه 1,دندانپزشکی,دانشگاه علوم پزشکی قزوین
1394,تجربی,2014,947,منطقه 2,دندانپزشکی,دانشگاه علوم پزشکی مازندران - ساری
1394,تجربی,2014,947,منطقه 2,دندانپزشکی,دانشگاه علوم پزشکی گیلان - رشت
1394,تجربی,2019,283,منطقه 3,پزشکی,دانشگاه علوم پزشکی ارومیه
1394,تجربی,2019,283,منطقه 3,پزشکی,دانشگاه علوم پزشکی کرمانشاه
1394,تجربی,2019,744,منطقه 1,داروسازی,دانشگاه علوم پزشکی تهران
1394,تجربی,2019,744,منطقه 1,پزشکی,دانشگاه علوم پزشکی کرمان
1394,تجربی,2019,950,منطقه 2,دندانپزشکی,دانشگاه علوم پزشکی خراسان شمالی - بجنورد
1394,تجربی,2019,950,منطقه 2,دندانپزشکی,دانشگاه علوم پزشکی گیلان - رشت
1394,تجربی,2019,950,منطقه 2,پزشکی,دانشگاه علوم پزشکی کرمان
1394,تجربی,2024,952,منطقه 2,داروسازی,دانشگاه علوم پزشکی شهید بهشتی - تهران
1394,تجربی,2024,952,منطقه 2,پزشکی,دانشگاه علوم پزشکی کردستان - سنندج
1394,تجربی,2026,954,منطقه 2,پزشکی,دانشگاه علوم پزشکی بندرعباس
1394,تجربی,2030,285,منطقه 3,پزشکی,دانشگاه علوم پزشکی بابل
1394,تجربی,2030,747,منطقه 1,پزشکی,دانشگاه علوم پزشکی فسا
1394,تجربی,2030,747,منطقه 1,پزشکی,دانشگاه علوم پزشکی مازندران - ساری
1394,تجربی,2030,956,منطقه 2,داروسازی,دانشگاه علوم پزشکی یزد
1394,تجربی,2030,956,منطقه 2,پزشکی,دانشگاه علوم پزشکی قزوین
1394,تجربی,2030,956,منطقه 2,پزشکی,دانشگاه علوم پزشکی کاشان
1394,تجربی,2034,749,منطقه 1,پزشکی,دانشگاه علوم پزشکی ایران
1394,تجربی,2034,958,منطقه 2,پزشکی,دانشگاه علوم پزشکی زنجان
1394,تجربی,2037,750,منطقه 1,دندانپزشکی,دانشگاه علوم پزشکی مشهد
1394,تجربی,2037,750,منطقه 1,دندانپزشکی,دانشگاه علوم پزشکی کرمان
1394,تجربی,2037,959,منطقه 2,دندانپزشکی,دانشگاه علوم پزشکی سمنان
1394,تجربی,2037,959,منطقه 2,پزشکی,دانشگاه علوم پزشکی گناباد
1394,تجربی,2040,752,منطقه 1,پزشکی,دانشگاه علوم پزشکی مازندران - ساری
1394,تجربی,2040,752,منطقه 1,پزشکی,دانشگاه علوم پزشکی کاشان
1394,تجربی,2044,754,منطقه 1,دندانپزشکی,دانشگاه علوم پزشکی گیلان - رشت
1394,تجربی,2044,963,منطقه 2,داروسازی,دانشگاه علوم پزشکی شهید بهشتی - تهران
1394,تجربی,2044,963,منطقه 2,دندانپزشکی,دانشگاه علوم پزشکی همدان
1394,تجربی,2044,963,منطقه 2,پزشکی,دانشگاه علوم پزشکی بابل
1394,تجربی,2044,963,منطقه 2,پزشکی,دانشگاه علوم پزشکی جندی شاپور اهواز
1394,تجربی,2044,963,منطقه 2,پزشکی,دانشگاه علوم پزشکی همدان
1394,تجربی,2050,286,منطقه 3,پزشکی,دانشگاه علوم پزشکی ارومیه
1394,تجربی,2050,755,منطقه 1,داروسازی,دانشگاه علوم پزشکی مازندران - ساری
1394,تجربی,2050,755,منطقه 1,پزشکی,دانشگاه علوم پزشکی مازندران - ساری
1394,تجربی,2050,966,منطقه 2,پزشکی,دانشگاه علوم پزشکی قزوین
1394,تجربی,2050,966,منطقه 2,پزشکی,دانشگاه علوم پزشکی گیلان - رشت
1394,تجربی,2053,968,منطقه 2,پزشکی,دانشگاه علوم پزشکی گیلان - رشت
1394,تجربی,2056,288,منطقه 3,پزشکی,دانشگاه علوم پزشکی بیرجند
1394,تجربی,2056,757,منطقه 1,پزشکی,دانشگاه علوم پزشکی تهران
1394,تجربی,2056,969,منطقه 2,پزشکی,دانشگاه علوم پزشکی گیلان - رشت
1394,تجربی,2061,289,منطقه 3,دندانپزشکی,دانشگاه علوم پزشکی تبریز
1394,تجربی,2061,972,منطقه 2,پزشکی,دانشگاه علوم پزشکی بابل
1394,تجربی,2061,972,منطقه 2,پزشکی,دانشگاه علوم پزشکی زاهدان
1394,تجربی,2066,758,منطقه 1,داروسازی,دانشگاه علوم پزشکی شیراز
1394,تجربی,2066,758,منطقه 1,دندانپزشکی,دانشگاه علوم پزشکی گیلان - رشت
1394,تجربی,2066,975,منطقه 2,پزشکی,دانشگاه علوم پزشکی ارومیه
1394,تجربی,2066,975,منطقه 2,پزشکی,دانشگاه علوم پزشکی کرمان
1394,تجربی,2066,975,منطقه 2,پزشکی,دانشگاه علوم پزشکی گیلان - رشت
1394,تجربی,2069,291,منطقه 3,پزشکی,دانشگاه علوم پزشکی کرمانشاه
1394,تجربی,2071,760,منطقه 1,دندانپزشکی,دانشگاه علوم پزشکی گیلان - رشت
1394,تجربی,2075,293,منطقه 3,پزشکی,دانشگاه علوم پزشکی بقیه الله
1394,تجربی,2075,761,منطقه 1,پزشکی,دانشگاه علوم پزشکی فسا
1394,تجربی,2079,762,منطقه 1,داروسازی,دانشگاه علوم پزشکی مشهد
1394,تجربی,2083,295,منطقه 3,دندانپزشکی,دانشگاه علوم پزشکی مازندران - ساری
1394,تجربی,2083,982,منطقه 2,دندانپزشکی,دانشگاه علوم پزشکی مازندران - ساری
1394,تجربی,2085,296,منطقه 3,دندانپزشکی,دانشگاه علوم پزشکی بابل
1394,تجربی,2085,983,منطقه 2,پزشکی,دانشگاه علوم پزشکی جندی شاپور اهواز
1394,تجربی,2089,765,منطقه 1,دندانپزشکی,دانشگاه علوم پزشکی کاشان
1394,تجربی,2089,765,منطقه 1,پزشکی,دانشگاه علوم پزشکی مازندران - ساری
1394,تجربی,2089,765,منطقه 1,پزشکی,دانشگاه علوم پزشکی کرمان
1394,تجربی,2089,984,منطقه 2,دندانپزشکی,دانشگاه علوم پزشکی جندی شاپور اهواز
1394,تجربی,2089,984,منطقه 2,پزشکی,دانشگاه علوم پزشکی قم
1394,تجربی,2093,987,منطقه 2,دندانپزشکی,دانشگاه علوم پزشکی کردستان - سنندج
1394,تجربی,2093,987,منطقه 2,پزشکی,دانشگاه علوم پزشکی مازندران - ساری
1394,تجربی,2096,297,منطقه 3,پزشکی,دانشگاه علوم پزشکی کرمان
1394,تجربی,2096,990,منطقه 2,پزشکی,دانشگاه علوم پزشکی مازندران - ساری
1394,تجربی,2098,991,منطقه 2,پزشکی,دانشگاه علوم پزشکی زنجان
1394,تجربی,2101,299,منطقه 3,پزشکی,دانشگاه علوم پزشکی ایلام
1394,تجربی,2101,299,منطقه 3,پزشکی,دانشگاه علوم پزشکی جندی شاپور اهواز
1394,تجربی,2101,299,منطقه 3,پزشکی,دانشگاه علوم پزشکی کرمان
1394,تجربی,2101,767,منطقه 1,دندانپزشکی,دانشگاه علوم پزشکی جندی شاپور اهواز
1394,تجربی,2101,767,منطقه 1,پزشکی,دانشگاه علوم پزشکی گیلان - رشت
1394,تجربی,2107,301,منطقه 3,پزشکی,دانشگاه علوم پزشکی اردبیل
1394,تجربی,2107,994,منطقه 2,دندانپزشکی,دانشگاه علوم پزشکی البرز - کرج
1394,تجربی,2107,994,منطقه 2,دندانپزشکی,دانشگاه علوم پزشکی جندی شاپور اهواز
1394,تجربی,2107,994,منطقه 2,پزشکی,دانشگاه علوم پزشکی بقیه الله
1394,تجربی,2107,994,منطقه 2,پزشکی,دانشگاه علوم پزشکی گیلان - رشت
1394,تجربی,2113,302,منطقه 3,پزشکی,دانشگاه علوم پزشکی اصفهان
1394,تجربی,2113,770,منطقه 1,پزشکی,دانشگاه علوم پزشکی ارومیه
1394,تجربی,2113,998,منطقه 2,پزشکی,دانشگاه علوم پزشکی ارومیه
1394,تجربی,2113,998,منطقه 2,پزشکی,دانشگاه علوم پزشکی بیرجند
1394,تجربی,2113,998,منطقه 2,پزشکی,دانشگاه علوم پزشکی سمنان
1394,تجربی,2120,771,منطقه 1,دندانپزشکی,دانشگاه علوم پزشکی قزوین
1394,تجربی,2125,303,منطقه 3,پزشکی,دانشگاه علوم پزشکی همدان
1394,تجربی,2125,303,منطقه 3,پزشکی,دانشگاه علوم پزشکی کرمان
1394,تجربی,2125,773,منطقه 1,داروسازی,دانشگاه علوم پزشکی شیراز
1394,تجربی,2125,773,منطقه 1,پزشکی,دانشگاه علوم پزشکی گلستان - گرگان
1394,تجربی,2131,776,منطقه 1,دندانپزشکی,دانشگاه علوم پزشکی همدان
1394,تجربی,2131,776,منطقه 1,پزشکی,دانشگاه علوم پزشکی بقیه الله
1394,تجربی,2144,306,منطقه 3,پزشکی,دانشگاه علوم پزشکی گیلان - رشت
1394,تجربی,2144,780,منطقه 1,دندانپزشکی,دانشگاه علوم پزشکی گیلان - رشت
1394,تجربی,2144,780,منطقه 1,پزشکی,دانشگاه علوم پزشکی فسا
1394,تجربی,2150,308,منطقه 3,دندانپزشکی,دانشگاه علوم پزشکی تبریز
1394,تجربی,2150,308,منطقه 3,دندانپزشکی,دانشگاه علوم پزشکی شیراز
1394,تجربی,2150,782,منطقه 1,دندانپزشکی,دانشگاه علوم پزشکی کرمان
1394,تجربی,2157,311,منطقه 3,دندانپزشکی,دانشگاه علوم پزشکی گیلان - رشت
1394,تجربی,2157,311,منطقه 3,پزشکی,دانشگاه علوم پزشکی بیرجند
1394,تجربی,2157,783,منطقه 1,داروسازی,دانشگاه علوم پزشکی البرز - کرج
1394,تجربی,2162,313,منطقه 3,دندانپزشکی,دانشگاه علوم پزشکی ارومیه
1394,تجربی,2172,314,منطقه 3,پزشکی,دانشگاه علوم پزشکی ارومیه
1394,تجربی,2172,314,منطقه 3,پزشکی,دانشگاه علوم پزشکی بابل
1394,تجربی,2172,787,منطقه 1,دندانپزشکی,دانشگاه علوم پزشکی زنجان
1394,تجربی,2172,787,منطقه 1,دندانپزشکی,دانشگاه علوم پزشکی قم
1394,تجربی,2172,787,منطقه 1,دندانپزشکی,دانشگاه علوم پزشکی کاشان
1394,تجربی,2172,787,منطقه 1,پزشکی,دانشگاه علوم پزشکی فسا
1394,تجربی,2172,787,منطقه 1,پزشکی,دانشگاه علوم پزشکی مازندران - ساری
1394,تجربی,2177,316,منطقه 3,پزشکی,دانشگاه علوم پزشکی کرمان
1394,تجربی,2181,791,منطقه 1,پزشکی,دانشگاه علوم پزشکی ارومیه
1394,تجربی,2181,791,منطقه 1,پزشکی,دانشگاه علوم پزشکی قم
1394,تجربی,2181,791,منطقه 1,پزشکی,دانشگاه علوم پزشکی گیلان - رشت
1394,تجربی,2187,317,منطقه 3,دندانپزشکی,دانشگاه علوم پزشکی گلستان - گرگان
1394,تجربی,2187,795,منطقه 1,علوم آزمایشگاهی,دانشگاه علوم پزشکی شهید بهشتی - تهران
1394,تجربی,2193,318,منطقه 3,پزشکی,دانشگاه علوم پزشکی کرمان
1394,تجربی,2193,798,منطقه 1,داروسازی,دانشگاه علوم پزشکی اصفهان
1394,تجربی,2202,802,منطقه 1,پزشکی,دانشگاه علوم پزشکی کرمانشاه
1394,تجربی,2204,320,منطقه 3,پزشکی,دانشگاه علوم پزشکی شهرکرد
1394,تجربی,2204,320,منطقه 3,پزشکی,دانشگاه علوم پزشکی گیلان - رشت
1394,تجربی,2211,322,منطقه 3,دندانپزشکی,دانشگاه علوم پزشکی شهیدبهشتی - تهران
1394,تجربی,2216,323,منطقه 3,پزشکی,دانشگاه علوم پزشکی یاسوج
1394,تجربی,2216,804,منطقه 1,داروسازی,دانشگاه علوم پزشکی شهید بهشتی - تهران
1394,تجربی,2216,804,منطقه 1,دندانپزشکی,دانشگاه علوم پزشکی گیلان - رشت
1394,تجربی,2216,804,منطقه 1,پزشکی,دانشگاه علوم پزشکی شیراز
1394,تجربی,2220,324,منطقه 3,پزشکی,دانشگاه علوم پزشکی جندی شاپور اهواز
1394,تجربی,2225,807,منطقه 1,پزشکی,دانشگاه علوم پزشکی سمنان
1394,تجربی,2230,325,منطقه 3,دندانپزشکی,دانشگاه علوم پزشکی شیراز
1394,تجربی,2230,809,منطقه 1,دندانپزشکی,دانشگاه علوم پزشکی کاشان
1394,تجربی,2230,809,منطقه 1,پزشکی,دانشگاه علوم پزشکی جندی شاپور اهواز
1394,تجربی,2235,811,منطقه 1,پزشکی,دانشگاه علوم پزشکی مشهد
1394,تجربی,2239,326,منطقه 3,دندانپزشکی,دانشگاه علوم پزشکی همدان
1394,تجربی,2249,328,منطقه 3,دندانپزشکی,دانشگاه علوم پزشکی اصفهان
1394,تجربی,2249,815,منطقه 1,دندانپزشکی,دانشگاه علوم پزشکی بوشهر
1394,تجربی,2249,815,منطقه 1,پزشکی,دانشگاه علوم پزشکی ارومیه
1394,تجربی,2249,815,منطقه 1,پزشکی,دانشگاه علوم پزشکی کاشان
1394,تجربی,2255,329,منطقه 3,پزشکی,دانشگاه علوم پزشکی کرمان
1394,تجربی,2260,820,منطقه 1,دندانپزشکی,دانشگاه علوم پزشکی اصفهان
1394,تجربی,2260,820,منطقه 1,دندانپزشکی,دانشگاه علوم پزشکی بابل
1394,تجربی,2260,820,منطقه 1,دندانپزشکی,دانشگاه علوم پزشکی زنجان
1394,تجربی,2265,822,منطقه 1,داروسازی,دانشگاه علوم پزشکی شیراز
1394,تجربی,2265,822,منطقه 1,داروسازی,دانشگاه علوم پزشکی مشهد
1394,تجربی,2268,824,منطقه 1,پزشکی,دانشگاه علوم پزشکی یاسوج
1394,تجربی,2273,330,منطقه 3,پزشکی,دانشگاه علوم پزشکی بیرجند
1394,تجربی,2273,330,منطقه 3,پزشکی,دانشگاه علوم پزشکی کرمان
1394,تجربی,2273,826,منطقه 1,دندانپزشکی,دانشگاه علوم پزشکی قم
1394,تجربی,2289,333,منطقه 3,پزشکی,دانشگاه علوم پزشکی گلستان - گرگان
1394,تجربی,2289,829,منطقه 1,داروسازی,دانشگاه علوم پزشکی یزد
1394,تجربی,2289,829,منطقه 1,دندانپزشکی,دانشگاه علوم پزشکی بوشهر
1394,تجربی,2289,829,منطقه 1,دندانپزشکی,دانشگاه علوم پزشکی تهران
1394,تجربی,2289,829,منطقه 1,دندانپزشکی,دانشگاه علوم پزشکی شهرکرد
1394,تجربی,2300,334,منطقه 3,دندانپزشکی,دانشگاه علوم پزشکی بابل
1394,تجربی,2300,833,منطقه 1,دندانپزشکی,دانشگاه علوم پزشکی گلستان - گرگان
1394,تجربی,2300,833,منطقه 1,پزشکی,دانشگاه علوم پزشکی جهرم
1394,تجربی,2300,833,منطقه 1,پزشکی,دانشگاه علوم پزشکی همدان
1394,تجربی,2304,835,منطقه 1,پزشکی,دانشگاه علوم پزشکی قم
1394,تجربی,2304,835,منطقه 1,پزشکی,دانشگاه علوم پزشکی کاشان
1394,تجربی,2312,838,منطقه 1,داروسازی,دانشگاه علوم پزشکی شهید بهشتی - تهران
1394,تجربی,2312,838,منطقه 1,دندانپزشکی,دانشگاه علوم پزشکی مشهد
1394,تجربی,2314,840,منطقه 1,پزشکی,دانشگاه علوم پزشکی گیلان - رشت
1394,تجربی,2320,841,منطقه 1,دندانپزشکی,دانشگاه علوم پزشکی کاشان
1394,تجربی,2325,842,منطقه 1,پزشکی,دانشگاه علوم پزشکی اراک
1394,تجربی,2333,843,منطقه 1,پزشکی,دانشگاه علوم پزشکی خراسان شمالی - بجنورد
1394,تجربی,2337,336,منطقه 3,دندانپزشکی,دانشگاه علوم پزشکی همدان
1394,تجربی,2337,845,منطقه 1,دندانپزشکی,دانشگاه علوم پزشکی شهرکرد
1394,تجربی,2337,845,منطقه 1,دندانپزشکی,دانشگاه علوم پزشکی همدان
1394,تجربی,2340,847,منطقه 1,دندانپزشکی,دانشگاه علوم پزشکی زنجان
1394,تجربی,2343,337,منطقه 3,پزشکی,دانشگاه علوم پزشکی کرمانشاه
1394,تجربی,2343,849,منطقه 1,داروسازی,دانشگاه علوم پزشکی مشهد
1394,تجربی,2343,849,منطقه 1,پزشکی,دانشگاه علوم پزشکی کرمانشاه
1394,تجربی,2347,338,منطقه 3,داروسازی,دانشگاه علوم پزشکی مشهد
1394,تجربی,2347,851,منطقه 1,پزشکی,دانشگاه علوم پزشکی جندی شاپور اهواز
1394,تجربی,2347,851,منطقه 1,پزشکی,دانشگاه علوم پزشکی کاشان
1394,تجربی,2351,339,منطقه 3,پزشکی,دانشگاه علوم پزشکی گیلان - رشت
1394,تجربی,2357,853,منطقه 1,دندانپزشکی,دانشگاه علوم پزشکی قم
1394,تجربی,2357,853,منطقه 1,دندانپزشکی,دانشگاه علوم پزشکی گلستان - گرگان
1394,تجربی,2361,855,منطقه 1,پزشکی,دانشگاه علوم پزشکی همدان
1394,تجربی,2361,855,منطقه 1,پزشکی,دانشگاه علوم پزشکی گیلان - رشت
1394,تجربی,2365,857,منطقه 1,پزشکی,دانشگاه علوم پزشکی زنجان
1394,تجربی,2365,857,منطقه 1,پزشکی,دانشگاه علوم پزشکی کاشان
1394,تجربی,2373,340,منطقه 3,دندانپزشکی,دانشگاه علوم پزشکی اردبیل
1394,تجربی,2373,340,منطقه 3,پزشکی,دانشگاه علوم پزشکی کرمانشاه
1394,تجربی,2373,860,منطقه 1,پزشکی,دانشگاه علوم پزشکی بقیه الله
1394,تجربی,2379,862,منطقه 1,داروسازی,دانشگاه علوم پزشکی شهید بهشتی - تهران
1394,تجربی,2379,862,منطقه 1,پزشکی,دانشگاه علوم پزشکی زنجان
1394,تجربی,2384,342,منطقه 3,دندانپزشکی,دانشگاه علوم پزشکی کردستان - سنندج
1394,تجربی,2384,864,منطقه 1,دندانپزشکی,دانشگاه علوم پزشکی مشهد
1394,تجربی,2384,864,منطقه 1,پزشکی,دانشگاه علوم پزشکی جهرم
1394,تجربی,2388,867,منطقه 1,دندانپزشکی,دانشگاه علوم پزشکی تهران
1394,تجربی,2388,867,منطقه 1,پزشکی,دانشگاه علوم پزشکی سمنان
1394,تجربی,2388,867,منطقه 1,پزشکی,دانشگاه علوم پزشکی کاشان
1394,تجربی,2392,869,منطقه 1,دندانپزشکی,دانشگاه علوم پزشکی گلستان - گرگان
1394,تجربی,2392,869,منطقه 1,پزشکی,دانشگاه علوم پزشکی بیرجند
1394,تجربی,2398,343,منطقه 3,دندانپزشکی,دانشگاه علوم پزشکی زنجان
1394,تجربی,2398,343,منطقه 3,پزشکی,دانشگاه علوم پزشکی کرمانشاه
1394,تجربی,2398,871,منطقه 1,پزشکی,دانشگاه علوم پزشکی کاشان
1394,تجربی,2404,345,منطقه 3,پزشکی,دانشگاه علوم پزشکی جندی شاپور اهواز
1394,تجربی,2404,873,منطقه 1,دندانپزشکی,دانشگاه علوم پزشکی جندی شاپور اهواز
1394,تجربی,2409,347,منطقه 3,پزشکی,دانشگاه علوم پزشکی کرمان
1394,تجربی,2409,874,منطقه 1,دندانپزشکی,دانشگاه علوم پزشکی همدان
1394,تجربی,2409,874,منطقه 1,پزشکی,دانشگاه علوم پزشکی گیلان - رشت
1394,تجربی,2417,348,منطقه 3,پزشکی,دانشگاه علوم پزشکی بوشهر
1394,تجربی,2417,877,منطقه 1,پزشکی,دانشگاه علوم پزشکی یاسوج
1394,تجربی,2429,880,منطقه 1,دندانپزشکی,دانشگاه علوم پزشکی شهیدبهشتی - تهران
1394,تجربی,2432,881,منطقه 1,داروسازی,دانشگاه علوم پزشکی شیراز
1394,تجربی,2434,882,منطقه 1,پزشکی,دانشگاه علوم پزشکی کرمان
1394,تجربی,2435,349,منطقه 3,پزشکی,دانشگاه علوم پزشکی ارومیه
1394,تجربی,2435,349,منطقه 3,پزشکی,دانشگاه علوم پزشکی کردستان - سنندج
1394,تجربی,2438,883,منطقه 1,پزشکی,دانشگاه علوم پزشکی اراک
1394,تجربی,2441,885,منطقه 1,پزشکی,دانشگاه علوم پزشکی قم
1394,تجربی,2441,885,منطقه 1,پزشکی,دانشگاه علوم پزشکی گلستان - گرگان
1394,تجربی,2446,351,منطقه 3,پزشکی,دانشگاه علوم پزشکی کرمان
1394,تجربی,2449,889,منطقه 1,دندانپزشکی,دانشگاه علوم پزشکی شهیدبهشتی - تهران
1394,تجربی,2449,889,منطقه 1,پزشکی,دانشگاه علوم پزشکی ارومیه
1394,تجربی,2449,889,منطقه 1,پزشکی,دانشگاه علوم پزشکی گلستان - گرگان
1394,تجربی,2455,352,منطقه 3,پزشکی,دانشگاه علوم پزشکی کرمانشاه
1394,تجربی,2455,892,منطقه 1,دندانپزشکی,دانشگاه علوم پزشکی سمنان
1394,تجربی,2455,892,منطقه 1,پزشکی,دانشگاه علوم پزشکی کاشان
1394,تجربی,2455,892,منطقه 1,پزشکی,دانشگاه علوم پزشکی گلستان - گرگان
1394,تجربی,2461,353,منطقه 3,دندانپزشکی,دانشگاه علوم پزشکی اردبیل
1394,تجربی,2461,895,منطقه 1,پزشکی,دانشگاه علوم پزشکی جهرم
1394,تجربی,2465,897,منطقه 1,پزشکی,دانشگاه علوم پزشکی کاشان
1394,تجربی,2470,355,منطقه 3,داروسازی,دانشگاه علوم پزشکی تهران
1394,تجربی,2470,355,منطقه 3,پزشکی,دانشگاه علوم پزشکی ارومیه
1394,تجربی,2470,899,منطقه 1,دندانپزشکی,دانشگاه علوم پزشکی زنجان
1394,تجربی,2470,899,منطقه 1,پزشکی,دانشگاه علوم پزشکی شاهرود
1394,تجربی,2478,357,منطقه 3,داروسازی,دانشگاه علوم پزشکی شیراز
1394,تجربی,2478,903,منطقه 1,داروسازی,دانشگاه علوم پزشکی البرز - کرج
1394,تجربی,2478,903,منطقه 1,دندانپزشکی,دانشگاه علوم پزشکی بیرجند
1394,تجربی,2478,903,منطقه 1,پزشکی,دانشگاه علوم پزشکی جهرم
1394,تجربی,2478,903,منطقه 1,پزشکی,دانشگاه علوم پزشکی زنجان
1394,تجربی,2478,903,منطقه 1,پزشکی,دانشگاه علوم پزشکی کاشان
1394,تجربی,2485,358,منطقه 3,پزشکی,دانشگاه علوم پزشکی ایران
1394,تجربی,2485,358,منطقه 3,پزشکی,دانشگاه علوم پزشکی جندی شاپور اهواز
1394,تجربی,2485,906,منطقه 1,دندانپزشکی,دانشگاه علوم پزشکی جندی شاپور اهواز
1394,تجربی,2485,906,منطقه 1,پزشکی,دانشگاه علوم پزشکی کاشان
1394,تجربی,2489,360,منطقه 3,پزشکی,دانشگاه علوم پزشکی جندی شاپور اهواز
1394,تجربی,2489,360,منطقه 3,پزشکی,دانشگاه علوم پزشکی مازندران - ساری
1394,تجربی,2492,908,منطقه 1,داروسازی,دانشگاه علوم پزشکی شیراز
1394,تجربی,2496,362,منطقه 3,پزشکی,دانشگاه علوم پزشکی همدان
1394,تجربی,2496,362,منطقه 3,پزشکی,دانشگاه علوم پزشکی یاسوج
1394,تجربی,2499,910,منطقه 1,پزشکی,دانشگاه علوم پزشکی زنجان
1394,تجربی,2503,364,منطقه 3,داروسازی,دانشگاه علوم پزشکی شهید بهشتی - تهران
1394,تجربی,2503,911,منطقه 1,پزشکی,دانشگاه علوم پزشکی شهیدبهشتی - تهران
1394,تجربی,2507,365,منطقه 3,دندانپزشکی,دانشگاه علوم پزشکی کرمانشاه
1394,تجربی,2507,913,منطقه 1,پزشکی,دانشگاه علوم پزشکی همدان
1394,تجربی,2518,915,منطقه 1,پزشکی,دانشگاه علوم پزشکی کاشان
1394,تجربی,2522,366,منطقه 3,دندانپزشکی,دانشگاه علوم پزشکی البرز - کرج
1394,تجربی,2522,916,منطقه 1,داروسازی,دانشگاه علوم پزشکی شهید بهشتی - تهران
1394,تجربی,2528,917,منطقه 1,پزشکی,دانشگاه علوم پزشکی قم
1394,تجربی,2536,367,منطقه 3,دندانپزشکی,دانشگاه علوم پزشکی رفسنجان
1394,تجربی,2542,918,منطقه 1,دندانپزشکی,دانشگاه علوم پزشکی سمنان
1394,تجربی,2550,368,منطقه 3,دندانپزشکی,دانشگاه علوم پزشکی گلستان - گرگان
1394,تجربی,2550,920,منطقه 1,پزشکی,دانشگاه علوم پزشکی شهیدبهشتی - تهران
1394,تجربی,2550,920,منطقه 1,پزشکی,دانشگاه علوم پزشکی کاشان
1394,تجربی,2556,922,منطقه 1,دندانپزشکی,دانشگاه علوم پزشکی اراک
1394,تجربی,2561,369,منطقه 3,پزشکی,دانشگاه علوم پزشکی یاسوج
1394,تجربی,2561,924,منطقه 1,پزشکی,دانشگاه علوم پزشکی کاشان
1394,تجربی,2561,924,منطقه 1,پزشکی,دانشگاه علوم پزشکی گلستان - گرگان
1394,تجربی,2567,926,منطقه 1,دندانپزشکی,دانشگاه علوم پزشکی مشهد
1394,تجربی,2576,371,منطقه 3,پزشکی,دانشگاه علوم پزشکی شهید بهشتی - تهران
1394,تجربی,2576,371,منطقه 3,پزشکی,دانشگاه علوم پزشکی گیلان - رشت
1394,تجربی,2576,928,منطقه 1,پزشکی,دانشگاه علوم پزشکی شهرکرد
1394,تجربی,2576,928,منطقه 1,پزشکی,دانشگاه علوم پزشکی شهیدبهشتی - تهران
1394,تجربی,2576,928,منطقه 1,پزشکی,دانشگاه علوم پزشکی کاشان
1394,تجربی,2583,373,منطقه 3,داروسازی,دانشگاه علوم پزشکی مشهد
1394,تجربی,2583,373,منطقه 3,پزشکی,دانشگاه علوم پزشکی اردبیل
1394,تجربی,2587,375,منطقه 3,دندانپزشکی,دانشگاه علوم پزشکی رفسنجان
1394,تجربی,2587,930,منطقه 1,داروسازی,دانشگاه علوم پزشکی شیراز
1394,تجربی,2587,930,منطقه 1,دندانپزشکی,دانشگاه علوم پزشکی اراک
1394,تجربی,2592,376,منطقه 3,پزشکی,دانشگاه علوم پزشکی کرمان
1394,تجربی,2598,377,منطقه 3,پزشکی,دانشگاه علوم پزشکی همدان
1394,تجربی,2598,933,منطقه 1,دندانپزشکی,دانشگاه علوم پزشکی بیرجند
1394,تجربی,2604,935,منطقه 1,دندانپزشکی,دانشگاه علوم پزشکی جندی شاپور اهواز
1394,تجربی,2610,379,منطقه 3,پزشکی,دانشگاه علوم پزشکی همدان
1394,تجربی,2610,937,منطقه 1,پزشکی,دانشگاه علوم پزشکی کاشان
1394,تجربی,2616,380,منطقه 3,پزشکی,دانشگاه علوم پزشکی اردبیل
1394,تجربی,2622,938,منطقه 1,پزشکی,دانشگاه علوم پزشکی قم
1394,تجربی,2627,382,منطقه 3,پزشکی,دانشگاه علوم پزشکی گلستان - گرگان
1394,تجربی,2627,382,منطقه 3,پزشکی,دانشگاه علوم پزشکی یاسوج
1394,تجربی,2627,940,منطقه 1,داروسازی,دانشگاه علوم پزشکی شهیدبهشتی - تهران
1394,تجربی,2634,942,منطقه 1,دندانپزشکی,دانشگاه علوم پزشکی خراسان شمالی - بجنورد
1394,تجربی,2634,942,منطقه 1,دندانپزشکی,دانشگاه علوم پزشکی شهیدبهشتی - تهران
1394,تجربی,2641,385,منطقه 3,پزشکی,دانشگاه علوم پزشکی بیرجند
1394,تجربی,2641,945,منطقه 1,داروسازی,دانشگاه علوم پزشکی البرز - کرج
1394,تجربی,2641,945,منطقه 1,پزشکی,دانشگاه علوم پزشکی قم
1394,تجربی,2646,947,منطقه 1,دندانپزشکی,دانشگاه علوم پزشکی اراک
1394,تجربی,2651,387,منطقه 3,دندانپزشکی,دانشگاه علوم پزشکی همدان
1394,تجربی,2651,950,منطقه 1,پزشکی,دانشگاه علوم پزشکی سمنان
1394,تجربی,2651,950,منطقه 1,پزشکی,دانشگاه علوم پزشکی فسا
1394,تجربی,2651,950,منطقه 1,پزشکی,دانشگاه علوم پزشکی گلستان - گرگان
1394,تجربی,2656,388,منطقه 3,پزشکی,دانشگاه علوم پزشکی کرمانشاه
1394,تجربی,2656,952,منطقه 1,دندانپزشکی,دانشگاه علوم پزشکی سمنان
1394,تجربی,2661,389,منطقه 3,پزشکی,دانشگاه علوم پزشکی کرمانشاه
1394,تجربی,2661,954,منطقه 1,داروسازی,دانشگاه علوم پزشکی مشهد
1394,تجربی,2661,954,منطقه 1,پزشکی,دانشگاه علوم پزشکی اراک
1394,تجربی,2670,390,منطقه 3,پزشکی,دانشگاه علوم پزشکی همدان
1394,تجربی,2670,390,منطقه 3,پزشکی,دانشگاه علوم پزشکی گلستان - گرگان
1394,تجربی,2674,958,منطقه 1,داروسازی,دانشگاه علوم پزشکی تبریز
1394,تجربی,2674,958,منطقه 1,دندانپزشکی,دانشگاه علوم پزشکی زنجان
1394,تجربی,2674,958,منطقه 1,دندانپزشکی,دانشگاه علوم پزشکی قم
1394,تجربی,2678,960,منطقه 1,دندانپزشکی,دانشگاه علوم پزشکی بندرعباس
1394,تجربی,2678,960,منطقه 1,پزشکی,دانشگاه علوم پزشکی همدان
1394,تجربی,2682,392,منطقه 3,پزشکی,دانشگاه علوم پزشکی همدان
1394,تجربی,2682,962,منطقه 1,پزشکی,دانشگاه علوم پزشکی جندی شاپور اهواز
1394,تجربی,2682,962,منطقه 1,پزشکی,دانشگاه علوم پزشکی فسا
1394,تجربی,2686,965,منطقه 1,پزشکی,دانشگاه علوم پزشکی جهرم
1394,تجربی,2686,965,منطقه 1,پزشکی,دانشگاه علوم پزشکی همدان
1394,تجربی,2686,965,منطقه 1,پزشکی,دانشگاه علوم پزشکی گلستان - گرگان
1394,تجربی,2689,967,منطقه 1,پزشکی,دانشگاه علوم پزشکی جهرم
1394,تجربی,2690,393,منطقه 3,داروسازی,دانشگاه علوم پزشکی شیراز
1394,تجربی,2693,968,منطقه 1,پزشکی,دانشگاه علوم پزشکی جندی شاپور اهواز
1394,تجربی,2693,968,منطقه 1,پزشکی,دانشگاه علوم پزشکی شهرکرد
1394,تجربی,2697,394,منطقه 3,پزشکی,دانشگاه علوم پزشکی زنجان
1394,تجربی,2697,970,منطقه 1,داروسازی,دانشگاه علوم پزشکی شهید بهشتی - تهران
1394,تجربی,2701,395,منطقه 3,پزشکی,دانشگاه علوم پزشکی کرمانشاه
1394,تجربی,2708,973,منطقه 1,پزشکی,دانشگاه علوم پزشکی همدان
1394,تجربی,2711,397,منطقه 3,دندانپزشکی,دانشگاه علوم پزشکی بابل
1394,تجربی,2711,397,منطقه 3,پزشکی,دانشگاه علوم پزشکی شهید بهشتی - تهران
1394,تجربی,2714,974,منطقه 1,پزشکی,دانشگاه علوم پزشکی ایران (محل تحصیل کرج)
1394,تجربی,2718,399,منطقه 3,پزشکی,دانشگاه علوم پزشکی مازندران - ساری
1394,تجربی,2718,975,منطقه 1,دندانپزشکی,دانشگاه علوم پزشکی مشهد
1394,تجربی,2722,401,منطقه 3,پزشکی,دانشگاه علوم پزشکی فسا
1394,تجربی,2722,401,منطقه 3,پزشکی,دانشگاه علوم پزشکی همدان
1394,تجربی,2722,976,منطقه 1,پزشکی,دانشگاه علوم پزشکی زنجان
1394,تجربی,2727,977,منطقه 1,دندانپزشکی,دانشگاه علوم پزشکی قم
1394,تجربی,2735,403,منطقه 3,دندانپزشکی,دانشگاه علوم پزشکی زنجان
1394,تجربی,2735,403,منطقه 3,پزشکی,دانشگاه علوم پزشکی مازندران - ساری
1394,تجربی,2735,978,منطقه 1,دندانپزشکی,دانشگاه علوم پزشکی یاسوج
1394,تجربی,2741,406,منطقه 3,پزشکی,دانشگاه علوم پزشکی بابل
1394,تجربی,2741,406,منطقه 3,پزشکی,دانشگاه علوم پزشکی کردستان - سنندج
1394,تجربی,2741,406,منطقه 3,پزشکی,دانشگاه علوم پزشکی یاسوج
1394,تجربی,2741,979,منطقه 1,پزشکی,دانشگاه علوم پزشکی شاهرود
1394,تجربی,2746,408,منطقه 3,پزشکی,دانشگاه علوم پزشکی ارومیه
1394,تجربی,2757,411,منطقه 3,دندانپزشکی,دانشگاه علوم پزشکی زاهدان
1394,تجربی,2757,980,منطقه 1,پزشکی,دانشگاه علوم پزشکی جهرم
1394,تجربی,2764,413,منطقه 3,پزشکی,دانشگاه علوم پزشکی اردبیل
1394,تجربی,2764,982,منطقه 1,پزشکی,دانشگاه علوم پزشکی قم
1394,تجربی,2764,982,منطقه 1,پزشکی,دانشگاه علوم پزشکی کاشان
1394,تجربی,2768,984,منطقه 1,داروسازی,دانشگاه علوم پزشکی یزد
1394,تجربی,2769,985,منطقه 1,پزشکی,دانشگاه علوم پزشکی فسا
1394,تجربی,2773,414,منطقه 3,دندانپزشکی,دانشگاه علوم پزشکی خراسان شمالی - بجنورد
1394,تجربی,2773,414,منطقه 3,پزشکی,دانشگاه علوم پزشکی کردستان - سنندج
1394,تجربی,2773,986,منطقه 1,پزشکی,دانشگاه علوم پزشکی فسا
1394,تجربی,2778,988,منطقه 1,پزشکی,دانشگاه علوم پزشکی قم
1394,تجربی,2781,989,منطقه 1,پزشکی,دانشگاه علوم پزشکی فسا
1394,تجربی,2786,416,منطقه 3,پزشکی,دانشگاه علوم پزشکی ارومیه
1394,تجربی,2786,416,منطقه 3,پزشکی,دانشگاه علوم پزشکی کرمانشاه
1394,تجربی,2786,991,منطقه 1,دندانپزشکی,دانشگاه علوم پزشکی زنجان
1394,تجربی,2786,991,منطقه 1,دندانپزشکی,دانشگاه علوم پزشکی قم
1394,تجربی,2795,418,منطقه 3,پزشکی,دانشگاه علوم پزشکی بیرجند
1394,تجربی,2795,996,منطقه 1,داروسازی,دانشگاه علوم پزشکی اصفهان
1394,تجربی,2795,996,منطقه 1,داروسازی,دانشگاه علوم پزشکی مشهد
1394,تجربی,2795,996,منطقه 1,پزشکی,دانشگاه علوم پزشکی شهیدبهشتی - تهران
1394,تجربی,2795,996,منطقه 1,پزشکی,دانشگاه علوم پزشکی یاسوج
1394,تجربی,2803,999,منطقه 1,پزشکی,دانشگاه علوم پزشکی شاهرود
1394,تجربی,2803,999,منطقه 1,پزشکی,دانشگاه علوم پزشکی قم
1394,تجربی,2814,419,منطقه 3,پزشکی,دانشگاه علوم پزشکی اصفهان
1394,تجربی,2820,420,منطقه 3,پزشکی,دانشگاه علوم پزشکی همدان
1394,تجربی,2829,422,منطقه 3,پزشکی,دانشگاه علوم پزشکی همدان
1394,تجربی,2847,424,منطقه 3,دندانپزشکی,دانشگاه علوم پزشکی زنجان
1394,تجربی,2847,424,منطقه 3,دندانپزشکی,دانشگاه علوم پزشکی شیراز
1394,تجربی,2853,426,منطقه 3,پزشکی,دانشگاه علوم پزشکی اردبیل
1394,تجربی,2858,427,منطقه 3,پزشکی,دانشگاه علوم پزشکی ارومیه
1394,تجربی,2864,428,منطقه 3,پزشکی,دانشگاه علوم پزشکی ایران
1394,تجربی,2864,428,منطقه 3,پزشکی,دانشگاه علوم پزشکی شاهرود
1394,تجربی,2869,430,منطقه 3,داروسازی,دانشگاه علوم پزشکی همدان
1394,تجربی,2869,430,منطقه 3,پزشکی,دانشگاه علوم پزشکی جندی شاپور اهواز
1394,تجربی,2874,432,منطقه 3,دندانپزشکی,دانشگاه علوم پزشکی خراسان شمالی - بجنورد
1394,تجربی,2893,434,منطقه 3,دندانپزشکی,دانشگاه علوم پزشکی اراک
1394,تجربی,2893,434,منطقه 3,پزشکی,دانشگاه علوم پزشکی شهید بهشتی - تهران
1394,تجربی,2901,436,منطقه 3,پزشکی,دانشگاه علوم پزشکی اردبیل
1394,تجربی,2912,439,منطقه 3,پزشکی,دانشگاه علوم پزشکی گلستان - گرگان
1394,تجربی,2922,441,منطقه 3,پزشکی,دانشگاه علوم پزشکی خراسان شمالی - بجنورد
1394,تجربی,2922,441,منطقه 3,پزشکی,دانشگاه علوم پزشکی شهرکرد
1394,تجربی,2927,443,منطقه 3,دندانپزشکی,دانشگاه علوم پزشکی اصفهان
1394,تجربی,2935,446,منطقه 3,پزشکی,دانشگاه علوم پزشکی بابل
1394,تجربی,2935,446,منطقه 3,پزشکی,دانشگاه علوم پزشکی بیرجند
1394,تجربی,2935,446,منطقه 3,پزشکی,دانشگاه علوم پزشکی شاهرود
1394,تجربی,2949,448,منطقه 3,پزشکی,دانشگاه علوم پزشکی جندی شاپور اهواز
1394,تجربی,2957,449,منطقه 3,دندانپزشکی,دانشگاه علوم پزشکی زاهدان
1394,تجربی,2963,450,منطقه 3,پزشکی,دانشگاه علوم پزشکی گلستان - گرگان
1394,تجربی,3006,451,منطقه 3,دندانپزشکی,دانشگاه علوم پزشکی بوشهر
1394,تجربی,3016,453,منطقه 3,پزشکی,دانشگاه علوم پزشکی رفسنجان
1394,تجربی,3016,453,منطقه 3,پزشکی,دانشگاه علوم پزشکی زاهدان
1394,تجربی,3016,453,منطقه 3,پزشکی,دانشگاه علوم پزشکی شاهرود
1394,تجربی,3025,455,منطقه 3,پزشکی,دانشگاه علوم پزشکی اصفهان
1394,تجربی,3025,455,منطقه 3,پزشکی,دانشگاه علوم پزشکی همدان
1394,تجربی,3035,457,منطقه 3,پزشکی,دانشگاه علوم پزشکی بیرجند
1394,تجربی,3047,459,منطقه 3,پزشکی,دانشگاه علوم پزشکی بیرجند
1394,تجربی,3055,460,منطقه 3,داروسازی,دانشگاه علوم پزشکی مشهد
1394,تجربی,3060,461,منطقه 3,داروسازی,دانشگاه علوم پزشکی اصفهان
1394,تجربی,3076,463,منطقه 3,پزشکی,دانشگاه علوم پزشکی شاهرود
1394,تجربی,3095,465,منطقه 3,پزشکی,دانشگاه علوم پزشکی اردبیل
1394,تجربی,3104,466,منطقه 3,پزشکی,دانشگاه علوم پزشکی کردستان - سنندج
1394,تجربی,3110,467,منطقه 3,دندانپزشکی,دانشگاه علوم پزشکی کرمانشاه
1394,تجربی,3110,467,منطقه 3,پزشکی,دانشگاه علوم پزشکی فسا
1394,تجربی,3115,469,منطقه 3,دندانپزشکی,دانشگاه علوم پزشکی کردستان - سنندج
1394,تجربی,3115,469,منطقه 3,پزشکی,دانشگاه علوم پزشکی جندی شاپور اهواز
1394,تجربی,3117,471,منطقه 3,دندانپزشکی,دانشگاه علوم پزشکی تهران
1394,تجربی,3121,472,منطقه 3,دندانپزشکی,دانشگاه علوم پزشکی اردبیل
1394,تجربی,3121,472,منطقه 3,پزشکی,دانشگاه علوم پزشکی کاشان
1394,تجربی,3130,474,منطقه 3,پزشکی,دانشگاه علوم پزشکی بیرجند
1394,تجربی,3135,475,منطقه 3,پزشکی,دانشگاه علوم پزشکی اراک
1394,تجربی,3135,475,منطقه 3,پزشکی,دانشگاه علوم پزشکی بیرجند
1394,تجربی,3141,477,منطقه 3,داروسازی,دانشگاه علوم پزشکی شیراز
1394,تجربی,3150,478,منطقه 3,پزشکی,دانشگاه علوم پزشکی جندی شاپور اهواز
1394,تجربی,3159,479,منطقه 3,پزشکی,دانشگاه علوم پزشکی بیرجند
1394,تجربی,3166,480,منطقه 3,پزشکی,دانشگاه علوم پزشکی یاسوج
1394,تجربی,3172,483,منطقه 3,دندانپزشکی,دانشگاه علوم پزشکی شیراز
1394,تجربی,3172,483,منطقه 3,پزشکی,دانشگاه علوم پزشکی کردستان - سنندج
1394,تجربی,3181,485,منطقه 3,داروسازی,دانشگاه علوم پزشکی ارومیه
1394,تجربی,3187,486,منطقه 3,پزشکی,دانشگاه علوم پزشکی بندرعباس
1394,تجربی,3198,489,منطقه 3,دندانپزشکی,دانشگاه علوم پزشکی شهید بهشتی - تهران
1394,تجربی,3198,489,منطقه 3,پزشکی,دانشگاه علوم پزشکی رفسنجان
1394,تجربی,3214,492,منطقه 3,داروسازی,دانشگاه علوم پزشکی همدان
1394,تجربی,3214,492,منطقه 3,پزشکی,دانشگاه علوم پزشکی همدان
1394,تجربی,3214,492,منطقه 3,پزشکی,دانشگاه علوم پزشکی یاسوج
1394,تجربی,3224,495,منطقه 3,پزشکی,دانشگاه علوم پزشکی اراک
1394,تجربی,3228,496,منطقه 3,پزشکی,دانشگاه علوم پزشکی گلستان - گرگان
1394,تجربی,3237,498,منطقه 3,دندانپزشکی,دانشگاه علوم پزشکی اردبیل
1394,تجربی,3258,500,منطقه 3,پزشکی,دانشگاه علوم پزشکی ایلام
1394,تجربی,3258,500,منطقه 3,پزشکی,دانشگاه علوم پزشکی یاسوج
1394,تجربی,3274,502,منطقه 3,داروسازی,دانشگاه علوم پزشکی تبریز
1394,تجربی,3274,502,منطقه 3,داروسازی,دانشگاه علوم پزشکی شیراز
1394,تجربی,3281,504,منطقه 3,داروسازی,دانشگاه علوم پزشکی زابل
1394,تجربی,3293,505,منطقه 3,داروسازی,دانشگاه علوم پزشکی تبریز
1394,تجربی,3302,508,منطقه 3,دندانپزشکی,دانشگاه علوم پزشکی خراسان شمالی - بجنورد
1394,تجربی,3302,508,منطقه 3,دندانپزشکی,دانشگاه علوم پزشکی کردستان - سنندج
1394,تجربی,3302,508,منطقه 3,پزشکی,دانشگاه علوم پزشکی سبزوار
1394,تجربی,3310,511,منطقه 3,دندانپزشکی,دانشگاه علوم پزشکی زاهدان
1394,تجربی,3310,511,منطقه 3,پزشکی,دانشگاه علوم پزشکی گیلان - رشت (محل تحصیل بندرانزلی)
1394,تجربی,3326,513,منطقه 3,دندانپزشکی,دانشگاه علوم پزشکی جندی شاپور اهواز
1394,تجربی,3330,514,منطقه 3,پزشکی,دانشگاه علوم پزشکی اراک
1394,تجربی,3340,515,منطقه 3,پزشکی,دانشگاه علوم پزشکی خراسان شمالی - بجنورد
1394,تجربی,3345,517,منطقه 3,پزشکی,دانشگاه علوم پزشکی رفسنجان
1394,تجربی,3370,519,منطقه 3,پزشکی,دانشگاه علوم پزشکی کردستان - سنندج
1394,تجربی,3387,521,منطقه 3,داروسازی,دانشگاه علوم پزشکی کرمان
1394,تجربی,3387,521,منطقه 3,پزشکی,دانشگاه علوم پزشکی یاسوج
1394,تجربی,3394,523,منطقه 3,پزشکی,دانشگاه علوم پزشکی زاهدان
1394,تجربی,3404,524,منطقه 3,پزشکی,دانشگاه علوم پزشکی خراسان شمالی - بجنورد
1394,تجربی,3416,526,منطقه 3,دندانپزشکی,دانشگاه علوم پزشکی بندرعباس
1394,تجربی,3416,526,منطقه 3,پزشکی,دانشگاه علوم پزشکی ایران
1394,تجربی,3423,528,منطقه 3,پزشکی,دانشگاه علوم پزشکی سبزوار
1394,تجربی,3423,528,منطقه 3,پزشکی,دانشگاه علوم پزشکی کردستان - سنندج
1394,تجربی,3441,530,منطقه 3,دندانپزشکی,دانشگاه علوم پزشکی ارومیه
1394,تجربی,3441,530,منطقه 3,پزشکی,دانشگاه علوم پزشکی بیرجند
1394,تجربی,3448,532,منطقه 3,پزشکی,دانشگاه علوم پزشکی ایران
1394,تجربی,3448,532,منطقه 3,پزشکی,دانشگاه علوم پزشکی شاهرود
1394,تجربی,3454,535,منطقه 3,دندانپزشکی,دانشگاه علوم پزشکی تبریز
1394,تجربی,3454,535,منطقه 3,پزشکی,دانشگاه علوم پزشکی خراسان شمالی - بجنورد
1394,تجربی,3458,537,منطقه 3,پزشکی,دانشگاه علوم پزشکی یاسوج
1394,تجربی,3462,538,منطقه 3,پزشکی,دانشگاه علوم پزشکی خراسان شمالی - بجنورد
1394,تجربی,3469,539,منطقه 3,پزشکی,دانشگاه علوم پزشکی زاهدان
1394,تجربی,3473,540,منطقه 3,پزشکی,دانشگاه علوم پزشکی همدان
1394,تجربی,3473,540,منطقه 3,پزشکی,دانشگاه علوم پزشکی کردستان - سنندج
1394,تجربی,3480,543,منطقه 3,پزشکی,دانشگاه علوم پزشکی رفسنجان
1394,تجربی,3480,543,منطقه 3,پزشکی,دانشگاه علوم پزشکی زاهدان
1394,تجربی,3500,548,منطقه 3,دندانپزشکی,دانشگاه علوم پزشکی زاهدان
1394,تجربی,3500,548,منطقه 3,پزشکی,دانشگاه علوم پزشکی بیرجند
1394,تجربی,3513,551,منطقه 3,پزشکی,دانشگاه علوم پزشکی بوشهر
1394,تجربی,3519,553,منطقه 3,پزشکی,دانشگاه علوم پزشکی ایلام
1394,تجربی,3519,553,منطقه 3,پزشکی,دانشگاه علوم پزشکی رفسنجان
1394,تجربی,3533,555,منطقه 3,دندانپزشکی,دانشگاه علوم پزشکی تبریز
1394,تجربی,3541,556,منطقه 3,پزشکی,دانشگاه علوم پزشکی کردستان - سنندج
1394,تجربی,3549,557,منطقه 3,پزشکی,دانشگاه علوم پزشکی جندی شاپور اهواز
1394,تجربی,3558,559,منطقه 3,پزشکی,دانشگاه علوم پزشکی خراسان شمالی - بجنورد
1394,تجربی,3558,559,منطقه 3,پزشکی,دانشگاه علوم پزشکی رفسنجان
1394,تجربی,3567,564,منطقه 3,داروسازی,دانشگاه علوم پزشکی تهران
1394,تجربی,3567,564,منطقه 3,پزشکی,دانشگاه علوم پزشکی ایلام
1394,تجربی,3567,564,منطقه 3,پزشکی,دانشگاه علوم پزشکی کردستان - سنندج
1394,تجربی,3579,567,منطقه 3,دندانپزشکی,دانشگاه علوم پزشکی تبریز
1394,تجربی,3587,568,منطقه 3,پزشکی,دانشگاه علوم پزشکی بندرعباس
1394,تجربی,3606,570,منطقه 3,پزشکی,دانشگاه علوم پزشکی یاسوج
1394,تجربی,3614,571,منطقه 3,داروسازی,دانشگاه علوم پزشکی تبریز
1394,تجربی,3622,572,منطقه 3,دندانپزشکی,دانشگاه علوم پزشکی مازندران - ساری
1394,تجربی,3630,574,منطقه 3,پزشکی,دانشگاه علوم پزشکی بیرجند
1394,تجربی,3636,575,منطقه 3,پزشکی,دانشگاه علوم پزشکی جندی شاپور اهواز
1394,تجربی,3636,575,منطقه 3,پزشکی,دانشگاه علوم پزشکی فسا
1394,تجربی,3644,577,منطقه 3,دندانپزشکی,دانشگاه علوم پزشکی گلستان - گرگان
1394,تجربی,3654,578,منطقه 3,پزشکی,دانشگاه علوم پزشکی ایلام
1394,تجربی,3674,582,منطقه 3,پزشکی,دانشگاه علوم پزشکی زابل
1394,تجربی,3674,582,منطقه 3,پزشکی,دانشگاه علوم پزشکی لرستان - خرم آباد
1394,تجربی,3674,582,منطقه 3,پزشکی,دانشگاه علوم پزشکی یاسوج
1394,تجربی,3679,584,منطقه 3,پزشکی,دانشگاه علوم پزشکی یاسوج
1394,تجربی,3686,585,منطقه 3,پزشکی,دانشگاه علوم پزشکی قزوین
1394,تجربی,3704,586,منطقه 3,پزشکی,دانشگاه علوم پزشکی لرستان - خرم آباد
1394,تجربی,3712,588,منطقه 3,داروسازی,دانشگاه علوم پزشکی شهید بهشتی - تهران
1394,تجربی,3712,588,منطقه 3,پزشکی,دانشگاه علوم پزشکی یزد
1394,تجربی,3719,590,منطقه 3,پزشکی,دانشگاه علوم پزشکی یاسوج
1394,تجربی,3726,592,منطقه 3,پزشکی,دانشگاه علوم پزشکی لرستان - خرم آباد
1394,تجربی,3734,593,منطقه 3,دندانپزشکی,دانشگاه علوم پزشکی شیراز
1394,تجربی,3734,593,منطقه 3,پزشکی,دانشگاه علوم پزشکی جیرفت
1394,تجربی,3738,595,منطقه 3,داروسازی,دانشگاه علوم پزشکی تبریز
1394,تجربی,3743,596,منطقه 3,دندانپزشکی,دانشگاه علوم پزشکی قزوین
1394,تجربی,3751,597,منطقه 3,پزشکی,دانشگاه علوم پزشکی رفسنجان
1394,تجربی,3757,599,منطقه 3,پزشکی,دانشگاه علوم پزشکی یاسوج
1394,تجربی,3763,600,منطقه 3,پزشکی,دانشگاه علوم پزشکی اراک
1394,تجربی,3763,600,منطقه 3,پزشکی,دانشگاه علوم پزشکی ایلام
1394,تجربی,3777,602,منطقه 3,پزشکی,دانشگاه علوم پزشکی بیرجند
1394,تجربی,3785,603,منطقه 3,علوم آزمایشگاهی,دانشگاه علوم پزشکی تبریز
1394,تجربی,3785,603,منطقه 3,پزشکی,دانشگاه علوم پزشکی دزفول
1394,تجربی,3798,605,منطقه 3,داروسازی,دانشگاه علوم پزشکی گیلان - رشت
1394,تجربی,3798,605,منطقه 3,پزشکی,دانشگاه علوم پزشکی رفسنجان
1394,تجربی,3809,608,منطقه 3,پزشکی,دانشگاه علوم پزشکی ایلام
1394,تجربی,3809,608,منطقه 3,پزشکی,دانشگاه علوم پزشکی بیرجند
1394,تجربی,3816,610,منطقه 3,پزشکی,دانشگاه علوم پزشکی کردستان - سنندج
1394,تجربی,3823,612,منطقه 3,پزشکی,دانشگاه علوم پزشکی ایلام
1394,تجربی,3823,612,منطقه 3,پزشکی,دانشگاه علوم پزشکی گناباد
1394,تجربی,3831,614,منطقه 3,پزشکی,دانشگاه علوم پزشکی گناباد
1394,تجربی,3840,615,منطقه 3,داروسازی,دانشگاه علوم پزشکی گیلان - رشت
1394,تجربی,3857,619,منطقه 3,پزشکی,دانشگاه علوم پزشکی بندرعباس
1394,تجربی,3857,619,منطقه 3,پزشکی,دانشگاه علوم پزشکی کردستان - سنندج
1394,تجربی,3874,623,منطقه 3,پزشکی,دانشگاه علوم پزشکی اصفهان
1394,تجربی,3874,623,منطقه 3,پزشکی,دانشگاه علوم پزشکی جندی شاپور اهواز
1394,تجربی,3883,626,منطقه 3,پزشکی,دانشگاه علوم پزشکی یاسوج
1394,تجربی,3904,627,منطقه 3,پزشکی,دانشگاه علوم پزشکی زاهدان
1394,تجربی,3918,631,منطقه 3,داروسازی,دانشگاه علوم پزشکی مشهد
1394,تجربی,3918,631,منطقه 3,پزشکی,دانشگاه علوم پزشکی بوشهر
1394,تجربی,3926,634,منطقه 3,داروسازی,دانشگاه علوم پزشکی اردبیل
1394,تجربی,3938,637,منطقه 3,داروسازی,دانشگاه علوم پزشکی جندی شاپور اهواز
1394,تجربی,3938,637,منطقه 3,دندانپزشکی,دانشگاه علوم پزشکی اردبیل
1394,تجربی,3960,639,منطقه 3,پزشکی,دانشگاه علوم پزشکی بوشهر
1394,تجربی,3975,641,منطقه 3,دندانپزشکی,دانشگاه علوم پزشکی ارومیه
1394,تجربی,3975,641,منطقه 3,پزشکی,دانشگاه علوم پزشکی لرستان - خرم آباد
1394,تجربی,3992,644,منطقه 3,داروسازی,دانشگاه علوم پزشکی اردبیل
1394,تجربی,3992,644,منطقه 3,پزشکی,دانشگاه علوم پزشکی کردستان - سنندج
1394,تجربی,4001,647,منطقه 3,دندانپزشکی,دانشگاه علوم پزشکی رفسنجان
1394,تجربی,4001,647,منطقه 3,پزشکی,دانشگاه علوم پزشکی رفسنجان
1394,تجربی,4012,650,منطقه 3,پزشکی,دانشگاه علوم پزشکی ایلام
1394,تجربی,4012,650,منطقه 3,پزشکی,دانشگاه علوم پزشکی فسا
1394,تجربی,4025,654,منطقه 3,پزشکی,دانشگاه علوم پزشکی اردبیل
1394,تجربی,4034,656,منطقه 3,پزشکی,دانشگاه علوم پزشکی ارومیه
1394,تجربی,4040,658,منطقه 3,پزشکی,دانشگاه علوم پزشکی فسا
1394,تجربی,4045,659,منطقه 3,پزشکی,دانشگاه علوم پزشکی مازندران - ساری
1394,تجربی,4053,661,منطقه 3,داروسازی,دانشگاه علوم پزشکی تبریز
1394,تجربی,4063,663,منطقه 3,پزشکی,دانشگاه علوم پزشکی ایلام
1394,تجربی,4071,664,منطقه 3,داروسازی,دانشگاه علوم پزشکی گیلان - رشت
1394,تجربی,4082,667,منطقه 3,پزشکی,دانشگاه علوم پزشکی زابل
1394,تجربی,4090,670,منطقه 3,دندانپزشکی,دانشگاه علوم پزشکی جندی شاپور اهواز
1394,تجربی,4090,670,منطقه 3,پزشکی,دانشگاه علوم پزشکی ایلام
1394,تجربی,4090,670,منطقه 3,پزشکی,دانشگاه علوم پزشکی بوشهر
1394,تجربی,4090,670,منطقه 3,پزشکی,دانشگاه علوم پزشکی یاسوج
1394,تجربی,4098,673,منطقه 3,دندانپزشکی,دانشگاه علوم پزشکی کرمانشاه
1394,تجربی,4106,675,منطقه 3,پزشکی,دانشگاه علوم پزشکی بوشهر
1394,تجربی,4106,675,منطقه 3,پزشکی,دانشگاه علوم پزشکی رفسنجان
1394,تجربی,4114,678,منطقه 3,دندانپزشکی,دانشگاه علوم پزشکی جندی شاپور اهواز
1394,تجربی,4114,678,منطقه 3,پزشکی,دانشکده علوم پزشکی آبادان
1394,تجربی,4114,678,منطقه 3,پزشکی,دانشگاه علوم پزشکی جیرفت
1394,تجربی,4130,680,منطقه 3,پزشکی,دانشگاه علوم پزشکی زاهدان
1394,تجربی,4137,682,منطقه 3,پزشکی,دانشگاه علوم پزشکی ایلام
1394,تجربی,4161,683,منطقه 3,پزشکی,دانشگاه علوم پزشکی دزفول
1394,تجربی,4172,684,منطقه 3,پزشکی,دانشگاه علوم پزشکی زنجان
1394,تجربی,4180,685,منطقه 3,پزشکی,دانشگاه علوم پزشکی زاهدان
1394,تجربی,4180,685,منطقه 3,پزشکی,دانشگاه علوم پزشکی مشهد
1394,تجربی,4190,687,منطقه 3,دندانپزشکی,دانشگاه علوم پزشکی گیلان - رشت
1394,تجربی,4201,690,منطقه 3,دندانپزشکی,دانشگاه علوم پزشکی ارومیه
1394,تجربی,4201,690,منطقه 3,دندانپزشکی,دانشگاه علوم پزشکی کرمانشاه
1394,تجربی,4201,690,منطقه 3,پزشکی,دانشگاه علوم پزشکی رفسنجان
1394,تجربی,4206,692,منطقه 3,داروسازی,دانشگاه علوم پزشکی جندی شاپور اهواز
1394,تجربی,4210,693,منطقه 3,پزشکی,دانشگاه علوم پزشکی دزفول
1394,تجربی,4218,695,منطقه 3,پزشکی,دانشگاه علوم پزشکی سبزوار
1394,تجربی,4218,695,منطقه 3,پزشکی,دانشگاه علوم پزشکی کردستان - سنندج
1394,تجربی,4227,697,منطقه 3,دندانپزشکی,دانشگاه علوم پزشکی مازندران - ساری
1394,تجربی,4227,697,منطقه 3,پزشکی,دانشگاه علوم پزشکی جهرم
1394,تجربی,4232,699,منطقه 3,پزشکی,دانشگاه علوم پزشکی یزد
1394,تجربی,4240,701,منطقه 3,پزشکی,دانشگاه علوم پزشکی جیرفت
1394,تجربی,4265,703,منطقه 3,پزشکی,دانشکده علوم پزشکی آبادان
1394,تجربی,4265,703,منطقه 3,پزشکی,دانشگاه علوم پزشکی جندی شاپور اهواز
1394,تجربی,4265,703,منطقه 3,پزشکی,دانشگاه علوم پزشکی لرستان - خرم آباد
1394,تجربی,4274,706,منطقه 3,پزشکی,دانشگاه علوم پزشکی زاهدان
1394,تجربی,4279,707,منطقه 3,دندانپزشکی,دانشگاه علوم پزشکی گلستان - گرگان
1394,تجربی,4279,707,منطقه 3,علوم تغذیه,دانشگاه علوم پزشکی شهید بهشتی - تهران
1394,تجربی,4286,709,منطقه 3,پزشکی,دانشگاه علوم پزشکی جندی شاپور اهواز
1394,تجربی,4294,711,منطقه 3,پزشکی,دانشگاه علوم پزشکی بندرعباس
1394,تجربی,4314,713,منطقه 3,دامپزشکی,دانشگاه تهران
1394,تجربی,4314,713,منطقه 3,دندانپزشکی,دانشگاه علوم پزشکی خراسان شمالی - بجنورد
1394,تجربی,4320,715,منطقه 3,پزشکی,دانشگاه علوم پزشکی گناباد
1394,تجربی,4328,717,منطقه 3,علوم آزمایشگاهی,دانشگاه علوم پزشکی تربت حیدریه
1394,تجربی,4328,717,منطقه 3,پزشکی,دانشگاه علوم پزشکی بیرجند
1394,تجربی,4328,717,منطقه 3,پزشکی,دانشگاه علوم پزشکی جهرم
1394,تجربی,4337,719,منطقه 3,داروسازی,دانشگاه علوم پزشکی زنجان
1394,تجربی,4342,720,منطقه 3,دندانپزشکی,دانشگاه علوم پزشکی جندی شاپور اهواز
1394,تجربی,4351,722,منطقه 3,داروسازی,دانشگاه علوم پزشکی همدان
1394,تجربی,4351,722,منطقه 3,پزشکی,دانشگاه علوم پزشکی بندرعباس
1394,تجربی,4381,727,منطقه 3,داروسازی,دانشگاه علوم پزشکی مازندران - ساری
1394,تجربی,4381,727,منطقه 3,پزشکی,دانشگاه علوم پزشکی کردستان - سنندج
1394,تجربی,4388,729,منطقه 3,پزشکی,دانشگاه علوم پزشکی گلستان - گرگان
1394,تجربی,4393,730,منطقه 3,پزشکی,دانشکده علوم پزشکی آبادان
1394,تجربی,4400,733,منطقه 3,پزشکی,دانشگاه علوم پزشکی بندرعباس
1394,تجربی,4407,735,منطقه 3,پزشکی,دانشگاه علوم پزشکی لرستان - خرم آباد
1394,تجربی,4413,737,منطقه 3,داروسازی,دانشگاه علوم پزشکی مشهد
1394,تجربی,4413,737,منطقه 3,پزشکی,دانشگاه علوم پزشکی گناباد
1394,تجربی,4422,740,منطقه 3,دندانپزشکی,دانشگاه علوم پزشکی کردستان - سنندج
1394,تجربی,4437,741,منطقه 3,پزشکی,دانشگاه علوم پزشکی مازندران - ساری
1394,تجربی,4437,741,منطقه 3,پزشکی,دانشگاه علوم پزشکی یزد
1394,تجربی,4443,743,منطقه 3,دندانپزشکی,دانشگاه علوم پزشکی رفسنجان
1394,تجربی,4451,746,منطقه 3,پزشکی,دانشگاه علوم پزشکی زاهدان
1394,تجربی,4466,749,منطقه 3,دندانپزشکی,دانشگاه علوم پزشکی یاسوج
1394,تجربی,4466,749,منطقه 3,پزشکی,دانشگاه علوم پزشکی البرز - کرج
1394,تجربی,4475,751,منطقه 3,پزشکی,دانشگاه علوم پزشکی جهرم
1394,تجربی,4485,752,منطقه 3,پزشکی,دانشگاه علوم پزشکی زاهدان
1394,تجربی,4504,754,منطقه 3,پرستاری,دانشگاه علوم پزشکی کردستان - سنندج
1394,تجربی,4504,754,منطقه 3,پزشکی,دانشگاه علوم پزشکی بندرعباس
1394,تجربی,4530,757,منطقه 3,داروسازی,دانشگاه علوم پزشکی زابل
1394,تجربی,4530,757,منطقه 3,دندانپزشکی,دانشگاه علوم پزشکی زاهدان
1394,تجربی,4530,757,منطقه 3,پزشکی,دانشگاه علوم پزشکی ارومیه
1394,تجربی,4555,761,منطقه 3,فیزیوتراپی,دانشگاه علوم بهزیستی و توانبخشی تهران
1394,تجربی,4555,761,منطقه 3,پزشکی,دانشگاه علوم پزشکی تبریز
1394,تجربی,4565,763,منطقه 3,داروسازی,دانشگاه علوم پزشکی همدان
1394,تجربی,4580,766,منطقه 3,پزشکی,دانشگاه علوم پزشکی ارومیه
1394,تجربی,4591,768,منطقه 3,داروسازی,دانشگاه علوم پزشکی بندرعباس
1394,تجربی,4602,770,منطقه 3,دندانپزشکی,دانشگاه علوم پزشکی کردستان - سنندج
1394,تجربی,4602,770,منطقه 3,پزشکی,دانشگاه علوم پزشکی ایلام
1394,تجربی,4612,773,منطقه 3,دندانپزشکی,دانشگاه علوم پزشکی بوشهر
1394,تجربی,4620,776,منطقه 3,داروسازی,دانشگاه علوم پزشکی ارومیه
1394,تجربی,4620,776,منطقه 3,پزشکی,دانشگاه علوم پزشکی بندرعباس
1394,تجربی,4627,779,منطقه 3,دندانپزشکی,دانشگاه علوم پزشکی زنجان
1394,تجربی,4632,780,منطقه 3,پزشکی,دانشگاه علوم پزشکی زابل
1394,تجربی,4637,782,منطقه 3,پزشکی,دانشگاه علوم پزشکی لرستان - خرم آباد
1394,تجربی,4645,785,منطقه 3,زیست شناسی,دانشگاه پیام نور آذربایجان شرقی - مرکز هشترود
1394,تجربی,4645,785,منطقه 3,پزشکی,دانشگاه علوم پزشکی گناباد
1394,تجربی,4655,788,منطقه 3,پزشکی,دانشگاه علوم پزشکی اردبیل
1394,تجربی,4655,788,منطقه 3,پزشکی,دانشگاه علوم پزشکی سبزوار
1394,تجربی,4662,791,منطقه 3,داروسازی,دانشگاه علوم پزشکی تبریز
1394,تجربی,4662,791,منطقه 3,پزشکی,دانشگاه علوم پزشکی لرستان - خرم آباد
1394,تجربی,4669,793,منطقه 3,دندانپزشکی,دانشگاه علوم پزشکی یاسوج
1394,تجربی,4669,793,منطقه 3,پزشکی,دانشگاه علوم پزشکی قزوین
1394,تجربی,4692,797,منطقه 3,داروسازی,دانشگاه علوم پزشکی جندی شاپور اهواز
1394,تجربی,4692,797,منطقه 3,پزشکی,دانشگاه علوم پزشکی گناباد
1394,تجربی,4710,799,منطقه 3,دندانپزشکی,دانشگاه علوم پزشکی زاهدان
1394,تجربی,4710,799,منطقه 3,پزشکی,دانشگاه علوم پزشکی فسا
1394,تجربی,4717,801,منطقه 3,پزشکی,دانشگاه علوم پزشکی لرستان - خرم آباد
1394,تجربی,4737,803,منطقه 3,پزشکی,دانشگاه علوم پزشکی لرستان - خرم آباد
1394,تجربی,4747,806,منطقه 3,دندانپزشکی,دانشگاه علوم پزشکی بیرجند
1394,تجربی,4747,806,منطقه 3,پزشکی,دانشگاه علوم پزشکی جهرم
1394,تجربی,4747,806,منطقه 3,پزشکی,دانشگاه علوم پزشکی زاهدان
1394,تجربی,4764,810,منطقه 3,داروسازی,دانشگاه علوم پزشکی اردبیل
1394,تجربی,4764,810,منطقه 3,دندانپزشکی,دانشگاه علوم پزشکی بندرعباس
1394,تجربی,4772,812,منطقه 3,دندانپزشکی,دانشگاه علوم پزشکی لرستان - خرم آباد
1394,تجربی,4780,814,منطقه 3,پزشکی,دانشگاه علوم پزشکی تهران
1394,تجربی,4797,817,منطقه 3,پزشکی,دانشگاه علوم پزشکی زاهدان
1394,تجربی,4823,820,منطقه 3,پزشکی,دانشگاه علوم پزشکی جهرم
1394,تجربی,4823,820,منطقه 3,پزشکی,دانشگاه علوم پزشکی لرستان - خرم آباد
1394,تجربی,4832,823,منطقه 3,دندانپزشکی,دانشگاه علوم پزشکی لرستان - خرم آباد
1394,تجربی,4841,824,منطقه 3,داروسازی,دانشگاه علوم پزشکی اردبیل
1394,تجربی,4841,824,منطقه 3,پزشکی,دانشگاه علوم پزشکی لرستان - خرم آباد
1394,تجربی,4852,826,منطقه 3,داروسازی,دانشگاه علوم پزشکی مازندران - ساری
1394,تجربی,4852,826,منطقه 3,دندانپزشکی,دانشگاه علوم پزشکی ایلام
1394,تجربی,4876,828,منطقه 3,پزشکی,دانشگاه علوم پزشکی فسا
1394,تجربی,4886,831,منطقه 3,داروسازی,دانشگاه علوم پزشکی اردبیل
1394,تجربی,4886,831,منطقه 3,پزشکی,دانشگاه علوم پزشکی ارومیه
1394,تجربی,4886,831,منطقه 3,پزشکی,دانشگاه علوم پزشکی لرستان - خرم آباد
1394,تجربی,4886,831,منطقه 3,پزشکی,دانشگاه علوم پزشکی گلستان - گرگان
1394,تجربی,4895,834,منطقه 3,پزشکی,دانشگاه علوم پزشکی کرمانشاه
1394,تجربی,4900,835,منطقه 3,پزشکی,دانشگاه علوم پزشکی لرستان - خرم آباد
1394,تجربی,4907,836,منطقه 3,پزشکی,دانشگاه علوم پزشکی بیرجند
1394,تجربی,4913,837,منطقه 3,پزشکی,دانشگاه علوم پزشکی بم
1394,تجربی,4919,838,منطقه 3,پزشکی,دانشگاه علوم پزشکی مشهد
1394,تجربی,4927,839,منطقه 3,پزشکی,دانشگاه علوم پزشکی جهرم
1394,تجربی,4927,839,منطقه 3,پزشکی,دانشگاه علوم پزشکی کردستان - سنندج
1394,تجربی,4939,842,منطقه 3,فیزیوتراپی,دانشگاه علوم پزشکی ایران
1394,تجربی,4939,842,منطقه 3,پزشکی,دانشگاه علوم پزشکی ارومیه
1394,تجربی,4939,842,منطقه 3,پزشکی,دانشگاه علوم پزشکی کاشان
1394,تجربی,4945,844,منطقه 3,پزشکی,دانشگاه علوم پزشکی البرز - کرج
1394,تجربی,4956,847,منطقه 3,داروسازی,دانشگاه علوم پزشکی جندی شاپور اهواز
1394,تجربی,4956,847,منطقه 3,پزشکی,دانشگاه علوم پزشکی مشهد
1394,تجربی,4962,849,منطقه 3,دندانپزشکی,دانشگاه علوم پزشکی کرمانشاه
1394,تجربی,4969,851,منطقه 3,علوم قضایی,دانشگاه علوم قضایی و خدمات ادارای دادگستری
1394,تجربی,4969,851,منطقه 3,پزشکی,دانشگاه علوم پزشکی بندرعباس
1394,تجربی,4976,853,منطقه 3,دندانپزشکی,دانشگاه علوم پزشکی کردستان - سنندج
1394,تجربی,4983,855,منطقه 3,پزشکی,دانشگاه علوم پزشکی بیرجند
1394,تجربی,4983,855,منطقه 3,پزشکی,دانشگاه علوم پزشکی زاهدان
1394,تجربی,4991,858,منطقه 3,دندانپزشکی,دانشگاه علوم پزشکی رفسنجان
1394,تجربی,4991,858,منطقه 3,پزشکی,دانشگاه علوم پزشکی گلستان - گرگان
1394,تجربی,4991,858,منطقه 3,پزشکی,دانشگاه علوم پزشکی گیلان - رشت
1394,تجربی,5029,860,منطقه 3,داروسازی,دانشگاه علوم پزشکی مشهد
1394,تجربی,5029,860,منطقه 3,پزشکی,دانشگاه علوم پزشکی شهیدبهشتی - تهران
1394,تجربی,5037,862,منطقه 3,داروسازی,دانشگاه علوم پزشکی کرمان
1394,تجربی,5045,863,منطقه 3,دندانپزشکی,دانشگاه علوم پزشکی زنجان
1394,تجربی,5058,865,منطقه 3,پزشکی,دانشگاه علوم پزشکی ایلام
1394,تجربی,5058,865,منطقه 3,پزشکی,دانشگاه علوم پزشکی کردستان - سنندج
1394,تجربی,5066,868,منطقه 3,پزشکی,دانشگاه علوم پزشکی مشهد
1394,تجربی,5066,868,منطقه 3,پزشکی,دانشگاه علوم پزشکی کردستان - سنندج
1394,تجربی,5074,870,منطقه 3,پزشکی,دانشگاه علوم پزشکی لرستان - خرم آباد
1394,تجربی,5080,871,منطقه 3,پزشکی,دانشگاه علوم پزشکی تبریز
1394,تجربی,5090,872,منطقه 3,داروسازی,دانشگاه علوم پزشکی تبریز
1394,تجربی,5096,874,منطقه 3,داروسازی,دانشگاه علوم پزشکی ارومیه
1394,تجربی,5102,876,منطقه 3,پزشکی,دانشگاه علوم پزشکی رفسنجان
1394,تجربی,5102,876,منطقه 3,پزشکی,دانشگاه علوم پزشکی لرستان - خرم آباد
1394,تجربی,5109,878,منطقه 3,دندانپزشکی,دانشگاه علوم پزشکی کردستان - سنندج
1394,تجربی,5124,881,منطقه 3,پزشکی,دانشگاه علوم پزشکی اردبیل
1394,تجربی,5124,881,منطقه 3,پزشکی,دانشگاه علوم پزشکی بوشهر
1394,تجربی,5132,883,منطقه 3,پزشکی,دانشگاه علوم پزشکی لرستان - خرم آباد
1394,تجربی,5139,885,منطقه 3,دندانپزشکی,دانشگاه علوم پزشکی رفسنجان
1394,تجربی,5150,887,منطقه 3,پزشکی,دانشگاه علوم پزشکی دزفول
1394,تجربی,5163,889,منطقه 3,پزشکی,دانشگاه علوم پزشکی دزفول
1394,تجربی,5174,890,منطقه 3,دندانپزشکی,دانشگاه علوم پزشکی لرستان - خرم آباد
1394,تجربی,5174,890,منطقه 3,پزشکی,دانشگاه علوم پزشکی ایلام
1394,تجربی,5184,893,منطقه 3,داروسازی,دانشگاه علوم پزشکی شهید بهشتی - تهران
1394,تجربی,5184,893,منطقه 3,دندانپزشکی,دانشگاه علوم پزشکی زاهدان
1394,تجربی,5184,893,منطقه 3,پزشکی,دانشگاه علوم پزشکی لرستان - خرم آباد
1394,تجربی,5192,896,منطقه 3,دندانپزشکی,دانشگاه علوم پزشکی زاهدان
1394,تجربی,5192,896,منطقه 3,پزشکی,دانشگاه علوم پزشکی بیرجند
1394,تجربی,5201,898,منطقه 3,داروسازی,دانشگاه علوم پزشکی تبریز
1394,تجربی,5201,898,منطقه 3,دندانپزشکی,دانشگاه علوم پزشکی زاهدان
1394,تجربی,5213,900,منطقه 3,دندانپزشکی,دانشگاه علوم پزشکی گلستان - گرگان
1394,تجربی,5213,900,منطقه 3,پزشکی,دانشگاه علوم پزشکی کردستان - سنندج
1394,تجربی,5231,902,منطقه 3,پزشکی,دانشگاه علوم پزشکی زاهدان
1394,تجربی,5253,905,منطقه 3,دندانپزشکی,دانشگاه علوم پزشکی بندرعباس
1394,تجربی,5253,905,منطقه 3,پزشکی,دانشگاه علوم پزشکی البرز - کرج
1394,تجربی,5290,911,منطقه 3,پزشکی,دانشگاه علوم پزشکی دزفول
1394,تجربی,5296,912,منطقه 3,داروسازی,دانشگاه علوم پزشکی مازندران - ساری
1394,تجربی,5296,912,منطقه 3,دندانپزشکی,دانشگاه علوم پزشکی لرستان - خرم آباد
1394,تجربی,5302,914,منطقه 3,فیزیوتراپی,دانشگاه علوم پزشکی تهران
1394,تجربی,5302,914,منطقه 3,پزشکی,دانشگاه علوم پزشکی کردستان - سنندج
1394,تجربی,5320,917,منطقه 3,دندانپزشکی,دانشگاه علوم پزشکی زنجان
1394,تجربی,5320,917,منطقه 3,پزشکی,دانشگاه علوم پزشکی کرمانشاه
1394,تجربی,5331,919,منطقه 3,پزشکی,دانشگاه علوم پزشکی ارومیه
1394,تجربی,5340,921,منطقه 3,دندانپزشکی,دانشگاه علوم پزشکی مشهد
1394,تجربی,5340,921,منطقه 3,پزشکی,دانشگاه علوم پزشکی ارومیه
1394,تجربی,5340,921,منطقه 3,پزشکی,دانشگاه علوم پزشکی مشهد
1394,تجربی,5353,923,منطقه 3,دندانپزشکی,دانشگاه علوم پزشکی زنجان
1394,تجربی,5353,923,منطقه 3,پزشکی,دانشگاه علوم پزشکی کردستان - سنندج
1394,تجربی,5367,927,منطقه 3,پزشکی,دانشگاه علوم پزشکی ارومیه
1394,تجربی,5367,927,منطقه 3,پزشکی,دانشگاه علوم پزشکی یاسوج
1394,تجربی,5376,930,منطقه 3,پزشکی,دانشگاه علوم پزشکی زابل
1394,تجربی,5376,930,منطقه 3,پزشکی,دانشگاه علوم پزشکی مشهد
1394,تجربی,5388,934,منطقه 3,پزشکی,دانشکده علوم پزشکی آبادان
1394,تجربی,5388,934,منطقه 3,پزشکی,دانشگاه علوم پزشکی ایران
1394,تجربی,5409,939,منطقه 3,بینایی سنجی,دانشگاه علوم پزشکی شهید بهشتی - تهران
1394,تجربی,5416,940,منطقه 3,پزشکی,دانشگاه علوم پزشکی زنجان
1394,تجربی,5429,944,منطقه 3,پزشکی,دانشگاه علوم پزشکی البرز - کرج
1394,تجربی,5429,944,منطقه 3,پزشکی,دانشگاه علوم پزشکی خراسان شمالی - بجنورد
1394,تجربی,5454,949,منطقه 3,پزشکی,دانشگاه علوم پزشکی مشهد
1394,تجربی,5468,952,منطقه 3,پزشکی,دانشکده علوم پزشکی آبادان
1394,تجربی,5468,952,منطقه 3,پزشکی,دانشگاه علوم پزشکی خراسان شمالی - بجنورد
1394,تجربی,5491,955,منطقه 3,پزشکی,دانشگاه علوم پزشکی دزفول
1394,تجربی,5502,957,منطقه 3,پزشکی,دانشگاه علوم پزشکی بندرعباس
1394,تجربی,5512,960,منطقه 3,پزشکی,دانشگاه علوم پزشکی شهرکرد
1394,تجربی,5530,964,منطقه 3,فیزیوتراپی,دانشگاه علوم پزشکی تهران
1394,تجربی,5530,964,منطقه 3,پزشکی,دانشگاه علوم پزشکی شهیدبهشتی - تهران
1394,تجربی,5548,966,منطقه 3,داروسازی,دانشگاه علوم پزشکی شیراز
1394,تجربی,5548,966,منطقه 3,پزشکی,دانشگاه علوم پزشکی یاسوج
1394,تجربی,5558,969,منطقه 3,داروسازی,دانشگاه علوم پزشکی شهید بهشتی - تهران
1394,تجربی,5558,969,منطقه 3,پزشکی,دانشگاه علوم پزشکی مشهد
1394,تجربی,5567,972,منطقه 3,دندانپزشکی,دانشگاه علوم پزشکی یاسوج
1394,تجربی,5567,972,منطقه 3,پزشکی,دانشگاه علوم پزشکی ارومیه
1394,تجربی,5598,977,منطقه 3,داروسازی,دانشگاه علوم پزشکی همدان
1394,تجربی,5607,978,منطقه 3,پزشکی,دانشگاه علوم پزشکی زاهدان
1394,تجربی,5632,982,منطقه 3,بینایی سنجی,دانشگاه علوم پزشکی شهید بهشتی - تهران
1394,تجربی,5640,983,منطقه 3,فیزیوتراپی,دانشگاه علوم پزشکی تهران
1394,تجربی,5640,983,منطقه 3,پزشکی,دانشگاه علوم پزشکی مشهد
1394,تجربی,5650,985,منطقه 3,پزشکی,دانشگاه علوم پزشکی بندرعباس
1394,تجربی,5650,985,منطقه 3,پزشکی,دانشگاه علوم پزشکی زاهدان
1394,تجربی,5657,987,منطقه 3,دندانپزشکی,دانشگاه علوم پزشکی ایلام
1394,تجربی,5667,990,منطقه 3,داروسازی,دانشگاه علوم پزشکی بندرعباس
1394,تجربی,5667,990,منطقه 3,دندانپزشکی,دانشگاه علوم پزشکی گلستان - گرگان
1394,تجربی,5667,990,منطقه 3,پزشکی,دانشگاه علوم پزشکی گلستان - گرگان
1394,تجربی,5689,994,منطقه 3,پزشکی,دانشگاه علوم پزشکی ارومیه
1394,تجربی,5689,994,منطقه 3,پزشکی,دانشگاه علوم پزشکی تبریز
1394,تجربی,5701,997,منطقه 3,پزشکی,دانشگاه علوم پزشکی اردبیل
1394,تجربی,5701,997,منطقه 3,پزشکی,دانشگاه علوم پزشکی بم
1394,ریاضی,1,1,منطقه 1,مهندسی برق,دانشگاه صنعتی شریف - تهران
1394,ریاضی,2,1,منطقه 2,مهندسی برق,دانشگاه صنعتی شریف - تهران
1394,ریاضی,3,2,منطقه 2,مهندسی کامپیوتر,دانشگاه صنعتی شریف - تهران
1394,ریاضی,4,2,منطقه 1,مهندسی برق,دانشگاه صنعتی شریف - تهران
1394,ریاضی,5,3,منطقه 1,مهندسی برق,دانشگاه صنعتی شریف - تهران
1394,ریاضی,6,4,منطقه 1,مهندسی کامپیوتر,دانشگاه صنعتی شریف - تهران
1394,ریاضی,7,3,منطقه 2,مهندسی برق,دانشگاه صنعتی شریف - تهران
1394,ریاضی,8,4,منطقه 2,مهندسی برق,دانشگاه صنعتی شریف - تهران
1394,ریاضی,9,5,منطقه 1,مهندسی شیمی,دانشگاه صنعتی شریف - تهران
1394,ریاضی,13,7,منطقه 1,مهندسی برق,دانشگاه صنعتی شریف - تهران
1394,ریاضی,14,7,منطقه 2,مهندسی کامپیوتر,دانشگاه صنعتی شریف - تهران
1394,ریاضی,15,8,منطقه 1,مهندسی برق,دانشگاه صنعتی شریف - تهران
1394,ریاضی,16,9,منطقه 1,مهندسی برق,دانشگاه صنعتی شریف - تهران
1394,ریاضی,17,8,منطقه 2,مهندسی برق,دانشگاه صنعتی شریف - تهران
1394,ریاضی,18,9,منطقه 2,مهندسی برق,دانشگاه صنعتی شریف - تهران
1394,ریاضی,19,10,منطقه 2,مهندسی برق,دانشگاه صنعتی شریف - تهران
1394,ریاضی,21,11,منطقه 1,مهندسی برق,دانشگاه صنعتی اصفهان
1394,ریاضی,24,11,منطقه 2,مهندسی برق,دانشگاه صنعتی شریف - تهران
1394,ریاضی,25,12,منطقه 2,مهندسی برق,دانشگاه صنعتی شریف - تهران
1394,ریاضی,26,13,منطقه 1,مهندسی برق,دانشگاه صنعتی شریف - تهران
1394,ریاضی,27,13,منطقه 2,مهندسی برق,دانشگاه صنعتی شریف - تهران
1394,ریاضی,28,14,منطقه 1,مهندسی برق,دانشگاه صنعتی شریف - تهران
1394,ریاضی,29,15,منطقه 1,مهندسی برق,دانشگاه صنعتی شریف - تهران
1394,ریاضی,30,16,منطقه 1,مهندسی برق,دانشگاه صنعتی شریف - تهران
1394,ریاضی,31,17,منطقه 1,مهندسی برق,دانشگاه صنعتی شریف - تهران
1394,ریاضی,33,19,منطقه 1,مهندسی مکانیک,دانشگاه صنعتی شریف - تهران
1394,ریاضی,35,14,منطقه 2,مهندسی برق,دانشگاه صنعتی شریف - تهران
1394,ریاضی,37,15,منطقه 2,مهندسی کامپیوتر,دانشگاه صنعتی شریف - تهران
1394,ریاضی,38,16,منطقه 2,مهندسی برق,دانشگاه صنعتی شریف - تهران
1394,ریاضی,40,2,ایثارگران,مهندسی برق,دانشگاه صنعتی شریف - تهران
1394,ریاضی,41,22,منطقه 1,مهندسی عمران,دانشگاه صنعتی شریف - تهران
1394,ریاضی,42,18,منطقه 2,مهندسی کامپیوتر,دانشگاه صنعتی شریف - تهران
1394,ریاضی,43,19,منطقه 2,مهندسی کامپیوتر,دانشگاه صنعتی شریف - تهران
1394,ریاضی,45,24,منطقه 1,مهندسی مکانیک,دانشگاه صنعتی شریف - تهران
1394,ریاضی,46,1,منطقه 3,مهندسی برق,دانشگاه صنعتی شریف - تهران
1394,ریاضی,48,3,ایثارگران,مهندسی برق,دانشگاه صنعتی شریف - تهران
1394,ریاضی,48,26,منطقه 1,مهندسی مکانیک,دانشگاه صنعتی شریف - تهران
1394,ریاضی,50,27,منطقه 1,مهندسی برق,دانشگاه صنعتی شریف - تهران
1394,ریاضی,53,20,منطقه 2,مهندسی برق,دانشگاه صنعتی شریف - تهران
1394,ریاضی,54,30,منطقه 1,مهندسی کامپیوتر,دانشگاه صنعتی شریف - تهران
1394,ریاضی,55,31,منطقه 1,مهندسی برق,دانشگاه صنعتی شریف - تهران
1394,ریاضی,56,32,منطقه 1,مهندسی برق,دانشگاه صنعتی شریف - تهران
1394,ریاضی,57,21,منطقه 2,مهندسی کامپیوتر,دانشگاه صنعتی شریف - تهران
1394,ریاضی,57,33,منطقه 1,مهندسی برق,دانشگاه صنعتی شریف - تهران
1394,ریاضی,59,34,منطقه 1,مهندسی برق,دانشگاه صنعتی شریف - تهران
1394,ریاضی,61,23,منطقه 2,مهندسی برق,دانشگاه صنعتی شریف - تهران
1394,ریاضی,62,2,منطقه 3,مهندسی برق,دانشگاه صنعتی شریف - تهران
1394,ریاضی,63,35,منطقه 1,مهندسی برق,دانشگاه صنعتی شریف - تهران
1394,ریاضی,64,36,منطقه 1,مهندسی برق,دانشگاه صنعتی شریف - تهران
1394,ریاضی,65,37,منطقه 1,مهندسی کامپیوتر,دانشگاه صنعتی شریف - تهران
1394,ریاضی,67,24,منطقه 2,مهندسی برق,دانشگاه صنعتی شریف - تهران
1394,ریاضی,67,24,منطقه 2,مهندسی مکانیک,دانشگاه صنعتی شریف - تهران
1394,ریاضی,67,38,منطقه 1,مهندسی مکانیک,دانشگاه صنعتی شریف - تهران
1394,ریاضی,69,39,منطقه 1,مهندسی برق,دانشگاه صنعتی شریف - تهران
1394,ریاضی,70,40,منطقه 1,مهندسی مکانیک,دانشگاه صنعتی شریف - تهران
1394,ریاضی,71,26,منطقه 2,مهندسی مکانیک,دانشگاه صنعتی شریف - تهران
1394,ریاضی,72,27,منطقه 2,مهندسی برق,دانشگاه صنعتی شریف - تهران
1394,ریاضی,73,28,منطقه 2,مهندسی برق,دانشگاه صنعتی شریف - تهران
1394,ریاضی,75,42,منطقه 1,مهندسی کامپیوتر,دانشگاه صنعتی شریف - تهران
1394,ریاضی,77,44,منطقه 1,مهندسی برق,دانشگاه صنعتی شریف - تهران
1394,ریاضی,81,29,منطقه 2,مهندسی کامپیوتر,دانشگاه صنعتی شریف - تهران
1394,ریاضی,82,30,منطقه 2,مهندسی برق,دانشگاه صنعتی شریف - تهران
1394,ریاضی,85,50,منطقه 1,مهندسی عمران,دانشگاه صنعتی شریف - تهران
1394,ریاضی,86,31,منطقه 2,مهندسی برق,دانشگاه صنعتی شریف - تهران
1394,ریاضی,87,32,منطقه 2,مهندسی برق,دانشگاه صنعتی شریف - تهران
1394,ریاضی,90,34,منطقه 2,مهندسی برق,دانشگاه صنعتی شریف - تهران
1394,ریاضی,92,35,منطقه 2,مهندسی برق,دانشگاه صنعتی شریف - تهران
1394,ریاضی,93,53,منطقه 1,مهندسی مکانیک,دانشگاه صنعتی شریف - تهران
1394,ریاضی,94,36,منطقه 2,مهندسی مکانیک,دانشگاه صنعتی شریف - تهران
1394,ریاضی,96,55,منطقه 1,مهندسی کامپیوتر,دانشگاه صنعتی شریف - تهران
1394,ریاضی,97,56,منطقه 1,مهندسی کامپیوتر,دانشگاه صنعتی شریف - تهران
1394,ریاضی,98,57,منطقه 1,مهندسی مکانیک,دانشگاه صنعتی شریف - تهران
1394,ریاضی,99,58,منطقه 1,مهندسی مکانیک,دانشگاه صنعتی شریف - تهران
1394,ریاضی,100,37,منطقه 2,مهندسی برق,دانشگاه صنعتی شریف - تهران
1394,ریاضی,101,59,منطقه 1,مهندسی مکانیک,دانشگاه صنعتی شریف - تهران
1394,ریاضی,102,60,منطقه 1,مهندسی برق,دانشگاه تهران
1394,ریاضی,103,61,منطقه 1,مهندسی برق,دانشگاه تهران
1394,ریاضی,104,62,منطقه 1,مهندسی کامپیوتر,دانشگاه صنعتی شریف - تهران
1394,ریاضی,105,4,ایثارگران,مهندسی برق,دانشگاه صنعتی شریف - تهران
1394,ریاضی,106,38,منطقه 2,مهندسی برق,دانشگاه صنعتی شریف - تهران
1394,ریاضی,110,65,منطقه 1,مهندسی کامپیوتر,دانشگاه صنعتی شریف - تهران
1394,ریاضی,112,40,منطقه 2,مهندسی برق,دانشگاه صنعتی شریف - تهران
1394,ریاضی,113,67,منطقه 1,مهندسی مکانیک,دانشگاه صنعتی شریف - تهران
1394,ریاضی,116,70,منطقه 1,مهندسی مکانیک,دانشگاه صنعتی شریف - تهران
1394,ریاضی,117,71,منطقه 1,مهندسی عمران,دانشگاه صنعتی شریف - تهران
1394,ریاضی,118,72,منطقه 1,مهندسی مکانیک,دانشگاه صنعتی شریف - تهران
1394,ریاضی,119,73,منطقه 1,مهندسی کامپیوتر,دانشگاه صنعتی شریف - تهران
1394,ریاضی,120,41,منطقه 2,مهندسی برق,دانشگاه صنعتی شریف - تهران
1394,ریاضی,121,42,منطقه 2,مهندسی برق,دانشگاه صنعتی شریف - تهران
1394,ریاضی,125,5,ایثارگران,مهندسی کامپیوتر,دانشگاه صنعتی شریف - تهران
1394,ریاضی,126,77,منطقه 1,مهندسی مکانیک,دانشگاه صنعتی شریف - تهران
1394,ریاضی,126,77,منطقه 1,مهندسی کامپیوتر,دانشگاه صنعتی شریف - تهران
1394,ریاضی,128,43,منطقه 2,مهندسی برق,دانشگاه صنعتی شریف - تهران
1394,ریاضی,128,79,منطقه 1,ریاضیات و کاربردها,دانشگاه صنعتی شریف - تهران
1394,ریاضی,131,81,منطقه 1,مهندسی مکانیک,دانشگاه صنعتی شریف - تهران
1394,ریاضی,131,81,منطقه 1,مهندسی کامپیوتر,دانشگاه صنعتی شریف - تهران
1394,ریاضی,133,3,منطقه 3,مهندسی برق,دانشگاه صنعتی شریف - تهران
1394,ریاضی,136,84,منطقه 1,مهندسی مکانیک,دانشگاه صنعتی شریف - تهران
1394,ریاضی,138,45,منطقه 2,مهندسی برق,دانشگاه صنعتی شریف - تهران
1394,ریاضی,138,85,منطقه 1,مهندسی شیمی,دانشگاه صنعتی شریف - تهران
1394,ریاضی,138,85,منطقه 1,مهندسی مکانیک,دانشگاه صنعتی شریف - تهران
1394,ریاضی,143,46,منطقه 2,مهندسی مکانیک,دانشگاه صنعتی شریف - تهران
1394,ریاضی,144,47,منطقه 2,مهندسی مکانیک,دانشگاه صنعتی شریف - تهران
1394,ریاضی,145,48,منطقه 2,مهندسی برق,دانشگاه صنعتی شریف - تهران
1394,ریاضی,146,89,منطقه 1,مهندسی عمران,دانشگاه صنعتی شریف - تهران
1394,ریاضی,147,49,منطقه 2,مهندسی مکانیک,دانشگاه صنعتی شریف - تهران
1394,ریاضی,150,92,منطقه 1,مهندسی کامپیوتر,دانشگاه صنعتی شریف - تهران
1394,ریاضی,152,50,منطقه 2,مهندسی مکانیک,دانشگاه صنعتی شریف - تهران
1394,ریاضی,154,95,منطقه 1,مهندسی مکانیک,دانشگاه صنعتی شریف - تهران
1394,ریاضی,155,96,منطقه 1,مهندسی مکانیک,دانشگاه صنعتی شریف - تهران
1394,ریاضی,156,97,منطقه 1,مهندسی کامپیوتر,دانشگاه صنعتی شریف - تهران
1394,ریاضی,157,51,منطقه 2,مهندسی برق,دانشگاه صنعتی شریف - تهران
1394,ریاضی,158,4,منطقه 3,مهندسی برق,دانشگاه صنعتی شریف - تهران
1394,ریاضی,159,98,منطقه 1,مهندسی مکانیک,دانشگاه صنعتی شریف - تهران
1394,ریاضی,161,100,منطقه 1,مهندسی مکانیک,دانشگاه صنعتی شریف - تهران
1394,ریاضی,163,102,منطقه 1,مهندسی شیمی,دانشگاه صنعتی شریف - تهران
1394,ریاضی,168,106,منطقه 1,مهندسی مکانیک,دانشگاه صنعتی شریف - تهران
1394,ریاضی,170,108,منطقه 1,مهندسی مکانیک,دانشگاه صنعتی شریف - تهران
1394,ریاضی,171,109,منطقه 1,مهندسی برق,دانشگاه تهران
1394,ریاضی,172,110,منطقه 1,مهندسی عمران,دانشگاه صنعتی شریف - تهران
1394,ریاضی,173,111,منطقه 1,مهندسی مکانیک,دانشگاه صنعتی شریف - تهران
1394,ریاضی,174,112,منطقه 1,مهندسی مکانیک,دانشگاه صنعتی امیرکبیر - تهران
1394,ریاضی,176,53,منطقه 2,مهندسی برق,دانشگاه صنعتی شریف - تهران
1394,ریاضی,177,114,منطقه 1,مهندسی مکانیک,دانشگاه صنعتی شریف - تهران
1394,ریاضی,180,5,منطقه 3,مهندسی برق,دانشگاه صنعتی شریف - تهران
1394,ریاضی,180,116,منطقه 1,مهندسی مکانیک,دانشگاه صنعتی شریف - تهران
1394,ریاضی,183,119,منطقه 1,مهندسی کامپیوتر,دانشگاه صنعتی شریف - تهران
1394,ریاضی,187,54,منطقه 2,مهندسی شیمی,دانشگاه صنعتی شریف - تهران
1394,ریاضی,188,123,منطقه 1,مهندسی مکانیک,دانشگاه شیراز
1394,ریاضی,190,55,منطقه 2,مهندسی برق,دانشگاه صنعتی شریف - تهران
1394,ریاضی,191,56,منطقه 2,مهندسی برق,دانشگاه صنعتی شریف - تهران
1394,ریاضی,192,125,منطقه 1,مهندسی مکانیک,دانشگاه تهران
1394,ریاضی,193,57,منطقه 2,مهندسی برق,دانشگاه صنعتی شریف - تهران
1394,ریاضی,194,126,منطقه 1,مهندسی برق,دانشگاه تهران
1394,ریاضی,196,58,منطقه 2,مهندسی برق,دانشگاه صنعتی شریف - تهران
1394,ریاضی,199,59,منطقه 2,مهندسی برق,دانشگاه صنعتی شریف - تهران
1394,ریاضی,200,130,منطقه 1,شیمی,دانشگاه صنعتی شریف - تهران
1394,ریاضی,203,61,منطقه 2,مهندسی کامپیوتر,دانشگاه صنعتی شریف - تهران
1394,ریاضی,204,132,منطقه 1,مهندسی برق,دانشگاه تهران
1394,ریاضی,205,6,منطقه 3,مهندسی برق,دانشگاه صنعتی شریف - تهران
1394,ریاضی,207,134,منطقه 1,مهندسی عمران,دانشگاه صنعتی شریف - تهران
1394,ریاضی,208,135,منطقه 1,مهندسی برق,دانشگاه تهران
1394,ریاضی,209,136,منطقه 1,مهندسی برق,دانشگاه تهران
1394,ریاضی,210,137,منطقه 1,مهندسی کامپیوتر,دانشگاه صنعتی شریف - تهران
1394,ریاضی,214,140,منطقه 1,مهندسی کامپیوتر,دانشگاه صنعتی شریف - تهران
1394,ریاضی,216,141,منطقه 1,مهندسی عمران,دانشگاه صنعتی شریف - تهران
1394,ریاضی,217,142,منطقه 1,مهندسی نفت,دانشگاه صنعتی شریف - تهران
1394,ریاضی,219,144,منطقه 1,مهندسی کامپیوتر,دانشگاه صنعتی شریف - تهران
1394,ریاضی,221,65,منطقه 2,مهندسی مکانیک,دانشگاه صنعتی شریف - تهران
1394,ریاضی,222,145,منطقه 1,مهندسی برق,دانشگاه تهران
1394,ریاضی,223,146,منطقه 1,مهندسی کامپیوتر,دانشگاه صنعتی شریف - تهران
1394,ریاضی,224,7,ایثارگران,مهندسی کامپیوتر,دانشگاه صنعتی شریف - تهران
1394,ریاضی,225,147,منطقه 1,مهندسی مکانیک,دانشگاه تهران
1394,ریاضی,226,148,منطقه 1,مهندسی هوا فضا,دانشگاه صنعتی شریف - تهران
1394,ریاضی,227,149,منطقه 1,مهندسی برق,دانشگاه تهران
1394,ریاضی,230,7,منطقه 3,مهندسی کامپیوتر,دانشگاه صنعتی شریف - تهران
1394,ریاضی,230,66,منطقه 2,مهندسی عمران,دانشگاه صنعتی شریف - تهران
1394,ریاضی,235,68,منطقه 2,مهندسی کامپیوتر,دانشگاه تهران
1394,ریاضی,236,154,منطقه 1,مهندسی کامپیوتر,دانشگاه صنعتی شریف - تهران
1394,ریاضی,239,156,منطقه 1,مهندسی برق,دانشگاه تهران
1394,ریاضی,240,157,منطقه 1,مهندسی عمران,دانشگاه صنعتی شریف - تهران
1394,ریاضی,241,158,منطقه 1,مهندسی برق,دانشگاه صنعتی اصفهان
1394,ریاضی,242,159,منطقه 1,مهندسی کامپیوتر,دانشگاه تهران
1394,ریاضی,243,160,منطقه 1,علوم کامپیوتر,دانشگاه صنعتی شریف - تهران
1394,ریاضی,243,160,منطقه 1,مهندسی برق,دانشگاه تهران
1394,ریاضی,245,70,منطقه 2,مهندسی مکانیک,دانشگاه صنعتی شریف - تهران
1394,ریاضی,246,71,منطقه 2,مهندسی معماری,دانشگاه تهران
1394,ریاضی,246,162,منطقه 1,مهندسی عمران,دانشگاه صنعتی شریف - تهران
1394,ریاضی,249,73,منطقه 2,مهندسی عمران,دانشگاه صنعتی شریف - تهران
1394,ریاضی,250,163,منطقه 1,مهندسی برق,دانشگاه تهران
1394,ریاضی,251,74,منطقه 2,فیزیک,دانشگاه تهران
1394,ریاضی,253,165,منطقه 1,مهندسی برق,دانشگاه تهران
1394,ریاضی,255,8,ایثارگران,مهندسی برق,دانشگاه صنعتی شریف - تهران
1394,ریاضی,255,75,منطقه 2,مهندسی کامپیوتر,دانشگاه صنعتی شریف - تهران
1394,ریاضی,257,76,منطقه 2,مهندسی عمران,دانشگاه صنعتی شریف - تهران
1394,ریاضی,258,167,منطقه 1,مهندسی برق,دانشگاه تهران
1394,ریاضی,259,168,منطقه 1,مهندسی برق,دانشگاه تهران
1394,ریاضی,260,169,منطقه 1,مهندسی برق,دانشگاه صنعتی اصفهان
1394,ریاضی,262,77,منطقه 2,مهندسی برق,دانشگاه تهران
1394,ریاضی,264,78,منطقه 2,مهندسی مکانیک,دانشگاه صنعتی شریف - تهران
1394,ریاضی,267,173,منطقه 1,مهندسی عمران,دانشگاه صنعتی شریف - تهران
1394,ریاضی,269,175,منطقه 1,مهندسی عمران,دانشگاه صنعتی شریف - تهران
1394,ریاضی,272,177,منطقه 1,مهندسی عمران,دانشگاه صنعتی شریف - تهران
1394,ریاضی,273,178,منطقه 1,مهندسی عمران,دانشگاه صنعتی شریف - تهران
1394,ریاضی,274,81,منطقه 2,مهندسی کامپیوتر,دانشگاه صنعتی شریف - تهران
1394,ریاضی,275,82,منطقه 2,مهندسی مکانیک,دانشگاه صنعتی شریف - تهران
1394,ریاضی,277,180,منطقه 1,مهندسی مکانیک,دانشگاه تهران
1394,ریاضی,280,183,منطقه 1,مهندسی مکانیک,دانشگاه تهران
1394,ریاضی,281,83,منطقه 2,مهندسی کامپیوتر,دانشگاه صنعتی شریف - تهران
1394,ریاضی,282,184,منطقه 1,مهندسی عمران,دانشگاه صنعتی شریف - تهران
1394,ریاضی,283,185,منطقه 1,مهندسی برق,دانشگاه تهران
1394,ریاضی,285,187,منطقه 1,مهندسی عمران,دانشگاه صنعتی شریف - تهران
1394,ریاضی,287,189,منطقه 1,مهندسی عمران,دانشگاه صنعتی شریف - تهران
1394,ریاضی,288,190,منطقه 1,مهندسی برق,دانشگاه تهران
1394,ریاضی,290,192,منطقه 1,مهندسی عمران,دانشگاه صنعتی شریف - تهران
1394,ریاضی,291,193,منطقه 1,مهندسی صنایع,دانشگاه صنعتی شریف - تهران
1394,ریاضی,293,195,منطقه 1,مهندسی کامپیوتر,دانشگاه تهران
1394,ریاضی,296,84,منطقه 2,مهندسی برق,دانشگاه تهران
1394,ریاضی,296,198,منطقه 1,مهندسی کامپیوتر,دانشگاه تهران
1394,ریاضی,299,85,منطقه 2,مهندسی مکانیک,دانشگاه تهران
1394,ریاضی,300,8,منطقه 3,مهندسی برق,دانشگاه صنعتی شریف - تهران
1394,ریاضی,300,200,منطقه 1,مهندسی هوا فضا,دانشگاه صنعتی شریف - تهران
1394,ریاضی,302,201,منطقه 1,مهندسی عمران,دانشگاه صنعتی شریف - تهران
1394,ریاضی,303,9,منطقه 3,مهندسی مکانیک,دانشگاه تهران
1394,ریاضی,304,202,منطقه 1,مهندسی مکانیک,دانشگاه تهران
1394,ریاضی,305,203,منطقه 1,مهندسی شیمی,دانشگاه صنعتی شریف - تهران
1394,ریاضی,307,205,منطقه 1,مهندسی عمران,دانشگاه صنعتی شریف - تهران
1394,ریاضی,308,206,منطقه 1,مهندسی مکانیک,دانشگاه تهران
1394,ریاضی,310,86,منطقه 2,مهندسی هوا فضا,دانشگاه صنعتی شریف - تهران
1394,ریاضی,310,208,منطقه 1,مهندسی برق,دانشگاه تهران
1394,ریاضی,313,87,منطقه 2,مهندسی نفت,دانشگاه صنعتی شریف - تهران
1394,ریاضی,314,210,منطقه 1,مهندسی مکانیک,دانشگاه تهران
1394,ریاضی,316,212,منطقه 1,مهندسی عمران,دانشگاه صنعتی شریف - تهران
1394,ریاضی,319,88,منطقه 2,مهندسی برق,دانشگاه تهران
1394,ریاضی,319,214,منطقه 1,مهندسی مکانیک,دانشگاه تهران
1394,ریاضی,322,217,منطقه 1,مهندسی برق,دانشگاه صنعتی اصفهان
1394,ریاضی,323,89,منطقه 2,مهندسی برق,دانشگاه تهران
1394,ریاضی,324,218,منطقه 1,مهندسی برق,دانشگاه صنعتی اصفهان
1394,ریاضی,325,90,منطقه 2,مهندسی کامپیوتر,دانشگاه صنعتی شریف - تهران
1394,ریاضی,327,91,منطقه 2,مهندسی کامپیوتر,دانشگاه صنعتی شریف - تهران
1394,ریاضی,328,92,منطقه 2,مهندسی نفت,دانشگاه صنعتی شریف - تهران
1394,ریاضی,328,220,منطقه 1,مهندسی عمران,دانشگاه صنعتی شریف - تهران
1394,ریاضی,331,222,منطقه 1,مهندسی صنایع,دانشگاه صنعتی شریف - تهران
1394,ریاضی,332,10,منطقه 3,مهندسی برق,دانشگاه صنعتی شریف - تهران
1394,ریاضی,334,224,منطقه 1,مهندسی برق,دانشگاه تهران
1394,ریاضی,335,93,منطقه 2,مهندسی مکانیک,دانشگاه تهران
1394,ریاضی,337,225,منطقه 1,مهندسی عمران,دانشگاه صنعتی شریف - تهران
1394,ریاضی,338,226,منطقه 1,علوم کامپیوتر,دانشگاه صنعتی شریف - تهران
1394,ریاضی,339,227,منطقه 1,مهندسی صنایع,دانشگاه صنعتی شریف - تهران
1394,ریاضی,341,96,منطقه 2,مهندسی برق,دانشگاه تهران
1394,ریاضی,341,228,منطقه 1,مهندسی مکانیک,دانشگاه تهران
1394,ریاضی,343,97,منطقه 2,مهندسی مکانیک,دانشگاه صنعتی شریف - تهران
1394,ریاضی,343,229,منطقه 1,مهندسی عمران,دانشگاه صنعتی شریف - تهران
1394,ریاضی,345,98,منطقه 2,مهندسی صنایع,دانشگاه صنعتی شریف - تهران
1394,ریاضی,347,99,منطقه 2,مهندسی برق,دانشگاه تهران
1394,ریاضی,348,100,منطقه 2,مهندسی عمران,دانشگاه صنعتی شریف - تهران
1394,ریاضی,351,9,ایثارگران,مهندسی مکانیک,دانشگاه صنعتی شریف - تهران
1394,ریاضی,351,101,منطقه 2,علوم اقتصادی,دانشگاه تهران
1394,ریاضی,351,232,منطقه 1,مهندسی مکانیک,دانشگاه تهران
1394,ریاضی,353,102,منطقه 2,مهندسی برق,دانشگاه تهران
1394,ریاضی,354,10,ایثارگران,مهندسی کامپیوتر,دانشگاه صنعتی شریف - تهران
1394,ریاضی,356,103,منطقه 2,مهندسی عمران,دانشگاه صنعتی شریف - تهران
1394,ریاضی,357,234,منطقه 1,مهندسی کامپیوتر,دانشگاه تهران
1394,ریاضی,359,105,منطقه 2,مهندسی مکانیک,دانشگاه تهران
1394,ریاضی,366,240,منطقه 1,مهندسی کامپیوتر,دانشگاه تهران
1394,ریاضی,367,106,منطقه 2,مهندسی برق,دانشگاه تهران
1394,ریاضی,368,241,منطقه 1,مهندسی عمران,دانشگاه صنعتی شریف - تهران
1394,ریاضی,371,244,منطقه 1,مهندسی مکانیک,دانشگاه تهران
1394,ریاضی,372,245,منطقه 1,مهندسی عمران,دانشگاه صنعتی شریف - تهران
1394,ریاضی,374,12,منطقه 3,مهندسی برق,دانشگاه صنعتی شریف - تهران
1394,ریاضی,377,248,منطقه 1,مهندسی برق,دانشگاه صنعتی اصفهان
1394,ریاضی,377,248,منطقه 1,مهندسی عمران,دانشگاه صنعتی شریف - تهران
1394,ریاضی,379,108,منطقه 2,مهندسی برق,دانشگاه تهران
1394,ریاضی,381,13,منطقه 3,مهندسی مکانیک,دانشگاه صنعتی شریف - تهران
1394,ریاضی,385,254,منطقه 1,مهندسی مکانیک,دانشگاه تهران
1394,ریاضی,386,255,منطقه 1,مهندسی عمران,دانشگاه تهران
1394,ریاضی,387,14,منطقه 3,مهندسی برق,دانشگاه صنعتی شریف - تهران
1394,ریاضی,389,257,منطقه 1,مهندسی شیمی,دانشگاه صنعتی شریف - تهران
1394,ریاضی,391,109,منطقه 2,مهندسی برق,دانشگاه تهران
1394,ریاضی,391,259,منطقه 1,مهندسی عمران,دانشگاه صنعتی شریف - تهران
1394,ریاضی,393,260,منطقه 1,مهندسی عمران,دانشگاه صنعتی شریف - تهران
1394,ریاضی,394,110,منطقه 2,مهندسی نفت,دانشگاه صنعتی شریف - تهران
1394,ریاضی,394,261,منطقه 1,مهندسی عمران,دانشگاه تهران
1394,ریاضی,397,111,منطقه 2,مهندسی برق,دانشگاه تهران
1394,ریاضی,398,112,منطقه 2,مهندسی عمران,دانشگاه تهران
1394,ریاضی,399,113,منطقه 2,مهندسی برق,دانشگاه تهران
1394,ریاضی,399,263,منطقه 1,مهندسی کامپیوتر,دانشگاه تهران
1394,ریاضی,403,264,منطقه 1,مهندسی مکانیک,دانشگاه تهران
1394,ریاضی,404,116,منطقه 2,مهندسی مکانیک,دانشگاه تهران
1394,ریاضی,405,15,منطقه 3,مهندسی برق,دانشگاه صنعتی شریف - تهران
1394,ریاضی,407,117,منطقه 2,مهندسی برق,دانشگاه تهران
1394,ریاضی,410,267,منطقه 1,مهندسی صنایع,دانشگاه صنعتی شریف - تهران
1394,ریاضی,413,120,منطقه 2,مهندسی برق,دانشگاه تهران
1394,ریاضی,415,268,منطقه 1,مهندسی مکانیک,دانشگاه تهران
1394,ریاضی,415,268,منطقه 1,مهندسی کامپیوتر,دانشگاه تهران
1394,ریاضی,417,122,منطقه 2,مهندسی عمران,دانشگاه صنعتی شریف - تهران
1394,ریاضی,419,271,منطقه 1,مهندسی کامپیوتر,دانشگاه تهران
1394,ریاضی,421,123,منطقه 2,مهندسی معماری,دانشگاه تهران
1394,ریاضی,425,275,منطقه 1,مهندسی شیمی,دانشگاه صنعتی شریف - تهران
1394,ریاضی,426,125,منطقه 2,مهندسی مکانیک,دانشگاه تهران
1394,ریاضی,426,276,منطقه 1,مهندسی کامپیوتر,دانشگاه صنعتی امیرکبیر - تهران
1394,ریاضی,430,126,منطقه 2,مهندسی برق,دانشگاه تهران
1394,ریاضی,431,127,منطقه 2,مهندسی برق,دانشگاه تهران
1394,ریاضی,431,279,منطقه 1,مهندسی صنایع,دانشگاه صنعتی شریف - تهران
1394,ریاضی,433,280,منطقه 1,مهندسی برق,دانشگاه صنعتی امیرکبیر - تهران
1394,ریاضی,434,281,منطقه 1,مهندسی عمران,دانشگاه تهران
1394,ریاضی,436,283,منطقه 1,مهندسی مکانیک,دانشگاه صنعتی اصفهان
1394,ریاضی,438,16,منطقه 3,مهندسی صنایع,دانشگاه صنعتی شریف - تهران
1394,ریاضی,439,12,ایثارگران,مهندسی مکانیک,دانشگاه صنعتی شریف - تهران
1394,ریاضی,440,13,ایثارگران,مهندسی برق,دانشگاه صنعتی شریف - تهران
1394,ریاضی,442,128,منطقه 2,مهندسی برق,دانشگاه تهران
1394,ریاضی,442,285,منطقه 1,مهندسی کامپیوتر,دانشگاه تهران
1394,ریاضی,445,287,منطقه 1,مهندسی برق,دانشگاه صنعتی اصفهان
1394,ریاضی,446,288,منطقه 1,مهندسی مکانیک,دانشگاه تهران
1394,ریاضی,448,18,منطقه 3,مهندسی مکانیک,دانشگاه صنعتی شریف - تهران
1394,ریاضی,448,289,منطقه 1,مهندسی کامپیوتر,دانشگاه تهران
1394,ریاضی,452,292,منطقه 1,مهندسی کامپیوتر,دانشگاه صنعتی امیرکبیر - تهران
1394,ریاضی,453,130,منطقه 2,مهندسی کامپیوتر,دانشگاه صنعتی شریف - تهران
1394,ریاضی,454,293,منطقه 1,مهندسی برق,دانشگاه صنعتی امیرکبیر - تهران
1394,ریاضی,454,293,منطقه 1,مهندسی شیمی,دانشگاه صنعتی شریف - تهران
1394,ریاضی,456,131,منطقه 2,مهندسی برق,دانشگاه تهران
1394,ریاضی,458,14,ایثارگران,مهندسی کامپیوتر,دانشگاه صنعتی شریف - تهران
1394,ریاضی,458,132,منطقه 2,مهندسی برق,دانشگاه تهران
1394,ریاضی,460,133,منطقه 2,مهندسی عمران,دانشگاه صنعتی شریف - تهران
1394,ریاضی,461,296,منطقه 1,مهندسی مکانیک,دانشگاه تهران
1394,ریاضی,465,299,منطقه 1,مهندسی مکانیک,دانشگاه تهران
1394,ریاضی,466,300,منطقه 1,مهندسی برق,دانشگاه صنعتی اصفهان
1394,ریاضی,467,301,منطقه 1,مهندسی کامپیوتر,دانشگاه تهران
1394,ریاضی,469,303,منطقه 1,مهندسی عمران,دانشگاه تهران
1394,ریاضی,469,303,منطقه 1,مهندسی مکانیک,دانشگاه تهران
1394,ریاضی,471,305,منطقه 1,مهندسی مکانیک,دانشگاه تهران
1394,ریاضی,473,135,منطقه 2,مهندسی برق,دانشگاه تهران
1394,ریاضی,473,135,منطقه 2,مهندسی نفت,دانشگاه صنعتی شریف - تهران
1394,ریاضی,477,308,منطقه 1,فیزیک,دانشگاه صنعتی شریف - تهران
1394,ریاضی,480,139,منطقه 2,مهندسی کامپیوتر,دانشگاه تهران
1394,ریاضی,481,140,منطقه 2,مهندسی مکانیک,دانشگاه صنعتی امیرکبیر - تهران
1394,ریاضی,482,310,منطقه 1,مهندسی مکانیک,دانشگاه تهران
1394,ریاضی,482,310,منطقه 1,مهندسی کامپیوتر,دانشگاه تهران
1394,ریاضی,484,141,منطقه 2,مهندسی کامپیوتر,دانشگاه تهران
1394,ریاضی,484,312,منطقه 1,مهندسی صنایع,دانشگاه صنعتی شریف - تهران
1394,ریاضی,486,142,منطقه 2,مهندسی برق,دانشگاه تهران
1394,ریاضی,488,313,منطقه 1,مهندسی صنایع,دانشگاه صنعتی شریف - تهران
1394,ریاضی,489,19,منطقه 3,مهندسی برق,دانشگاه صنعتی شریف - تهران
1394,ریاضی,490,314,منطقه 1,مهندسی شیمی,دانشگاه صنعتی شریف - تهران
1394,ریاضی,492,316,منطقه 1,مهندسی مکانیک,دانشگاه تهران
1394,ریاضی,494,144,منطقه 2,مهندسی برق,دانشگاه تهران
1394,ریاضی,494,144,منطقه 2,مهندسی عمران,دانشگاه صنعتی شریف - تهران
1394,ریاضی,496,20,منطقه 3,مهندسی برق,دانشگاه صنعتی شریف - تهران
1394,ریاضی,497,146,منطقه 2,مهندسی نفت,دانشگاه صنعتی شریف - تهران
1394,ریاضی,497,318,منطقه 1,مهندسی برق,دانشگاه صنعتی اصفهان
1394,ریاضی,499,319,منطقه 1,مهندسی صنایع,دانشگاه صنعتی شریف - تهران
1394,ریاضی,500,320,منطقه 1,مهندسی شیمی,دانشگاه صنعتی شریف - تهران
1394,ریاضی,502,147,منطقه 2,مهندسی برق,دانشگاه تهران
1394,ریاضی,502,147,منطقه 2,مهندسی عمران,دانشگاه صنعتی شریف - تهران
1394,ریاضی,504,322,منطقه 1,مهندسی عمران,دانشگاه فردوسی - مشهد
1394,ریاضی,505,149,منطقه 2,مهندسی برق,دانشگاه تهران
1394,ریاضی,506,150,منطقه 2,مهندسی برق,دانشگاه تهران
1394,ریاضی,506,323,منطقه 1,مهندسی کامپیوتر,دانشگاه تهران
1394,ریاضی,508,324,منطقه 1,مهندسی نفت,دانشگاه صنعتی شریف - تهران
1394,ریاضی,510,21,منطقه 3,مهندسی کامپیوتر,دانشگاه تهران
1394,ریاضی,510,326,منطقه 1,مهندسی برق,دانشگاه صنعتی امیرکبیر - تهران
1394,ریاضی,513,328,منطقه 1,مهندسی مکانیک,دانشگاه تهران
1394,ریاضی,515,22,منطقه 3,مهندسی برق,دانشگاه صنعتی شریف - تهران
1394,ریاضی,517,15,ایثارگران,مهندسی مکانیک,دانشگاه صنعتی شریف - تهران
1394,ریاضی,518,331,منطقه 1,مهندسی صنایع,دانشگاه صنعتی شریف - تهران
1394,ریاضی,519,332,منطقه 1,شیمی,دانشگاه صنعتی شریف - تهران
1394,ریاضی,521,334,منطقه 1,مهندسی عمران,دانشگاه تهران
1394,ریاضی,522,335,منطقه 1,مهندسی کامپیوتر,دانشگاه صنعتی امیرکبیر - تهران
1394,ریاضی,524,151,منطقه 2,مهندسی مکانیک,دانشگاه تهران
1394,ریاضی,524,336,منطقه 1,مهندسی برق,دانشگاه صنعتی اصفهان
1394,ریاضی,524,336,منطقه 1,مهندسی صنایع,دانشگاه صنعتی شریف - تهران
1394,ریاضی,527,152,منطقه 2,مهندسی مکانیک,دانشگاه تهران
1394,ریاضی,527,152,منطقه 2,مهندسی نفت,دانشگاه صنعتی شریف - تهران
1394,ریاضی,529,339,منطقه 1,مهندسی برق,دانشگاه صنعتی امیرکبیر - تهران
1394,ریاضی,529,339,منطقه 1,مهندسی مکانیک,دانشگاه تهران
1394,ریاضی,531,154,منطقه 2,مهندسی عمران,دانشگاه صنعتی شریف - تهران
1394,ریاضی,531,341,منطقه 1,مهندسی عمران,دانشگاه فردوسی - مشهد
1394,ریاضی,533,155,منطقه 2,مهندسی برق,دانشگاه تهران
1394,ریاضی,533,342,منطقه 1,مهندسی کامپیوتر,دانشگاه تهران
1394,ریاضی,535,156,منطقه 2,مهندسی برق,دانشگاه تهران
1394,ریاضی,536,157,منطقه 2,مهندسی مکانیک,دانشگاه تهران
1394,ریاضی,538,344,منطقه 1,مهندسی برق,دانشگاه صنعتی اصفهان
1394,ریاضی,540,158,منطقه 2,مهندسی برق,دانشگاه تهران
1394,ریاضی,540,158,منطقه 2,مهندسی مکانیک,دانشگاه تهران
1394,ریاضی,542,346,منطقه 1,مهندسی مکانیک,دانشگاه تهران
1394,ریاضی,543,160,منطقه 2,مهندسی برق,دانشگاه تهران
1394,ریاضی,545,161,منطقه 2,مهندسی مکانیک,دانشگاه تهران
1394,ریاضی,545,161,منطقه 2,مهندسی نفت,دانشگاه صنعتی شریف - تهران
1394,ریاضی,548,164,منطقه 2,مهندسی معماری,دانشگاه تهران
1394,ریاضی,548,164,منطقه 2,مهندسی مکانیک,دانشگاه تهران
1394,ریاضی,550,348,منطقه 1,مهندسی صنایع,دانشگاه صنعتی شریف - تهران
1394,ریاضی,551,166,منطقه 2,مهندسی مکانیک,دانشگاه صنعتی امیرکبیر - تهران
1394,ریاضی,552,167,منطقه 2,مهندسی مکانیک,دانشگاه تهران
1394,ریاضی,552,349,منطقه 1,مهندسی مکانیک,دانشگاه تهران
1394,ریاضی,554,350,منطقه 1,مهندسی شیمی,دانشگاه صنعتی شریف - تهران
1394,ریاضی,554,350,منطقه 1,مهندسی مکانیک,دانشگاه صنعتی امیرکبیر - تهران
1394,ریاضی,556,168,منطقه 2,مهندسی شیمی,دانشگاه صنعتی شریف - تهران
1394,ریاضی,557,169,منطقه 2,مهندسی مکانیک,دانشگاه تهران
1394,ریاضی,560,353,منطقه 1,مهندسی مکانیک,دانشگاه صنعتی اصفهان
1394,ریاضی,566,358,منطقه 1,مهندسی مکانیک,دانشگاه تهران
1394,ریاضی,567,359,منطقه 1,مهندسی مکانیک,دانشگاه تهران
1394,ریاضی,568,360,منطقه 1,مهندسی کامپیوتر,دانشگاه صنعتی امیرکبیر - تهران
1394,ریاضی,571,362,منطقه 1,علوم کامپیوتر,دانشگاه صنعتی شریف - تهران
1394,ریاضی,571,362,منطقه 1,مهندسی شیمی,دانشگاه صنعتی شریف - تهران
1394,ریاضی,571,362,منطقه 1,مهندسی عمران,دانشگاه تهران
1394,ریاضی,574,365,منطقه 1,مهندسی عمران,دانشگاه تهران
1394,ریاضی,574,365,منطقه 1,مهندسی مکانیک,دانشگاه تهران
1394,ریاضی,578,24,منطقه 3,مهندسی برق,دانشگاه صنعتی شریف - تهران
1394,ریاضی,579,171,منطقه 2,مهندسی مکانیک,دانشگاه تهران
1394,ریاضی,580,369,منطقه 1,مهندسی شیمی,دانشگاه صنعتی شریف - تهران
1394,ریاضی,583,25,منطقه 3,مهندسی مکانیک,دانشگاه صنعتی شریف - تهران
1394,ریاضی,585,173,منطقه 2,مهندسی کامپیوتر,دانشگاه تهران
1394,ریاضی,589,175,منطقه 2,مهندسی مکانیک,دانشگاه صنعتی امیرکبیر - تهران
1394,ریاضی,592,374,منطقه 1,مهندسی برق,دانشگاه صنعتی امیرکبیر - تهران
1394,ریاضی,594,376,منطقه 1,مهندسی نفت,دانشگاه صنعتی شریف - تهران
1394,ریاضی,595,377,منطقه 1,مهندسی عمران,دانشگاه تهران
1394,ریاضی,596,378,منطقه 1,مهندسی برق,دانشگاه صنعتی امیرکبیر - تهران
1394,ریاضی,598,177,منطقه 2,مهندسی نفت,دانشگاه صنعتی شریف - تهران
1394,ریاضی,601,381,منطقه 1,مهندسی هوا فضا,دانشگاه صنعتی شریف - تهران
1394,ریاضی,604,27,منطقه 3,مهندسی برق,دانشگاه صنعتی شریف - تهران
1394,ریاضی,606,180,منطقه 2,مهندسی برق,دانشگاه صنعتی امیرکبیر - تهران
1394,ریاضی,606,180,منطقه 2,مهندسی کامپیوتر,دانشگاه صنعتی امیرکبیر - تهران
1394,ریاضی,606,383,منطقه 1,مهندسی هوا فضا,دانشگاه صنعتی شریف - تهران
1394,ریاضی,610,182,منطقه 2,مهندسی برق,دانشگاه صنعتی امیرکبیر - تهران
1394,ریاضی,610,182,منطقه 2,مهندسی نفت,دانشگاه صنعتی شریف - تهران
1394,ریاضی,613,184,منطقه 2,مهندسی هوا فضا,دانشگاه صنعتی شریف - تهران
1394,ریاضی,614,387,منطقه 1,مهندسی مکانیک,دانشگاه شیراز
1394,ریاضی,617,17,ایثارگران,مهندسی مکانیک,دانشگاه صنعتی شریف - تهران
1394,ریاضی,617,185,منطقه 2,مهندسی هوا فضا,دانشگاه صنعتی شریف - تهران
1394,ریاضی,617,389,منطقه 1,مهندسی عمران,دانشگاه فردوسی - مشهد
1394,ریاضی,620,390,منطقه 1,مهندسی هوا فضا,دانشگاه صنعتی شریف - تهران
1394,ریاضی,621,187,منطقه 2,مهندسی عمران,دانشگاه صنعتی شریف - تهران
1394,ریاضی,622,391,منطقه 1,مهندسی عمران,دانشگاه تهران
1394,ریاضی,624,393,منطقه 1,مهندسی صنایع,دانشگاه صنعتی شریف - تهران
1394,ریاضی,626,188,منطقه 2,مهندسی عمران,دانشگاه صنعتی شریف - تهران
1394,ریاضی,628,395,منطقه 1,مهندسی برق,دانشگاه صنعتی امیرکبیر - تهران
1394,ریاضی,630,396,منطقه 1,مهندسی شیمی,دانشگاه صنعتی شریف - تهران
1394,ریاضی,632,398,منطقه 1,مهندسی کامپیوتر,دانشگاه صنعتی امیرکبیر - تهران
1394,ریاضی,633,18,ایثارگران,مهندسی مکانیک,دانشگاه صنعتی شریف - تهران
1394,ریاضی,635,400,منطقه 1,مهندسی مکانیک,دانشگاه صنعتی امیرکبیر - تهران
1394,ریاضی,636,190,منطقه 2,مهندسی شیمی,دانشگاه صنعتی شریف - تهران
1394,ریاضی,636,401,منطقه 1,مهندسی کامپیوتر,دانشگاه صنعتی امیرکبیر - تهران
1394,ریاضی,638,191,منطقه 2,مهندسی مکانیک,دانشگاه صنعتی امیرکبیر - تهران
1394,ریاضی,639,29,منطقه 3,مهندسی برق,دانشگاه صنعتی شریف - تهران
1394,ریاضی,642,192,منطقه 2,مهندسی عمران,دانشگاه تهران
1394,ریاضی,642,192,منطقه 2,مهندسی نفت,دانشگاه صنعتی شریف - تهران
1394,ریاضی,642,403,منطقه 1,مهندسی برق,دانشگاه صنعتی امیرکبیر - تهران
1394,ریاضی,647,407,منطقه 1,مهندسی عمران,دانشگاه تهران
1394,ریاضی,647,407,منطقه 1,مهندسی معماری,دانشگاه تهران
1394,ریاضی,651,195,منطقه 2,مهندسی نفت,دانشگاه صنعتی شریف - تهران
1394,ریاضی,651,409,منطقه 1,مهندسی عمران,دانشگاه تهران
1394,ریاضی,654,30,منطقه 3,مهندسی برق,دانشگاه صنعتی شریف - تهران
1394,ریاضی,654,411,منطقه 1,مهندسی کامپیوتر,دانشگاه صنعتی اصفهان
1394,ریاضی,657,31,منطقه 3,مهندسی شیمی,دانشگاه صنعتی شریف - تهران
1394,ریاضی,657,414,منطقه 1,مهندسی برق,دانشگاه صنعتی امیرکبیر - تهران
1394,ریاضی,660,196,منطقه 2,فیزیک,دانشگاه صنعتی شریف - تهران
1394,ریاضی,660,196,منطقه 2,مهندسی برق,دانشگاه صنعتی امیرکبیر - تهران
1394,ریاضی,663,198,منطقه 2,مهندسی عمران,دانشگاه تهران
1394,ریاضی,664,199,منطقه 2,مهندسی مکانیک,دانشگاه تهران
1394,ریاضی,665,200,منطقه 2,مهندسی صنایع,دانشگاه صنعتی شریف - تهران
1394,ریاضی,666,417,منطقه 1,شیمی,دانشگاه صنعتی شریف - تهران
1394,ریاضی,667,201,منطقه 2,مهندسی مکانیک,دانشگاه صنعتی امیرکبیر - تهران
1394,ریاضی,668,418,منطقه 1,مهندسی برق,دانشگاه صنعتی امیرکبیر - تهران
1394,ریاضی,668,418,منطقه 1,مهندسی شیمی,دانشگاه صنعتی شریف - تهران
1394,ریاضی,670,202,منطقه 2,مهندسی کامپیوتر,دانشگاه تهران
1394,ریاضی,670,420,منطقه 1,مهندسی نفت,دانشگاه صنعتی شریف - تهران
1394,ریاضی,672,421,منطقه 1,فیزیک,دانشگاه صنعتی شریف - تهران
1394,ریاضی,672,421,منطقه 1,مهندسی برق,دانشگاه صنعتی امیرکبیر - تهران
1394,ریاضی,674,203,منطقه 2,مهندسی کامپیوتر,دانشگاه صنعتی امیرکبیر - تهران
1394,ریاضی,674,423,منطقه 1,مهندسی صنایع,دانشگاه صنعتی شریف - تهران
1394,ریاضی,677,204,منطقه 2,مهندسی نفت,دانشگاه صنعتی شریف - تهران
1394,ریاضی,677,424,منطقه 1,مهندسی عمران,دانشگاه تهران
1394,ریاضی,679,205,منطقه 2,مهندسی مکانیک,دانشگاه صنعتی امیرکبیر - تهران
1394,ریاضی,680,426,منطقه 1,مهندسی صنایع,دانشگاه صنعتی شریف - تهران
1394,ریاضی,681,427,منطقه 1,مهندسی برق,دانشگاه صنعتی امیرکبیر - تهران
1394,ریاضی,683,206,منطقه 2,مهندسی صنایع,دانشگاه صنعتی شریف - تهران
1394,ریاضی,683,428,منطقه 1,مهندسی مکانیک,دانشگاه صنعتی امیرکبیر - تهران
1394,ریاضی,686,430,منطقه 1,مهندسی برق,دانشگاه صنعتی امیرکبیر - تهران
1394,ریاضی,688,19,ایثارگران,مهندسی برق,دانشگاه صنعتی شریف - تهران
1394,ریاضی,691,208,منطقه 2,مهندسی مکانیک,دانشگاه صنعتی امیرکبیر - تهران
1394,ریاضی,694,210,منطقه 2,مهندسی مکانیک,دانشگاه صنعتی امیرکبیر - تهران
1394,ریاضی,694,210,منطقه 2,مهندسی نفت,دانشگاه صنعتی شریف - تهران
1394,ریاضی,694,434,منطقه 1,مهندسی عمران,دانشگاه تهران
1394,ریاضی,697,436,منطقه 1,مهندسی عمران,دانشگاه تهران
1394,ریاضی,698,437,منطقه 1,مهندسی شیمی,دانشگاه صنعتی شریف - تهران
1394,ریاضی,701,212,منطقه 2,مهندسی مکانیک,دانشگاه صنعتی امیرکبیر - تهران
1394,ریاضی,701,212,منطقه 2,مهندسی هوا فضا,دانشگاه صنعتی شریف - تهران
1394,ریاضی,701,439,منطقه 1,مهندسی عمران,دانشگاه تهران
1394,ریاضی,704,441,منطقه 1,مهندسی صنایع,دانشگاه صنعتی شریف - تهران
1394,ریاضی,704,441,منطقه 1,مهندسی عمران,دانشگاه تهران
1394,ریاضی,706,214,منطقه 2,مهندسی نفت,دانشگاه صنعتی شریف - تهران
1394,ریاضی,707,443,منطقه 1,مهندسی مکانیک,دانشگاه صنعتی اصفهان
1394,ریاضی,708,444,منطقه 1,مهندسی برق,دانشگاه صنعتی اصفهان
1394,ریاضی,710,445,منطقه 1,مهندسی شیمی,دانشگاه صنعتی شریف - تهران
1394,ریاضی,710,445,منطقه 1,مهندسی مکانیک,دانشگاه صنعتی امیرکبیر - تهران
1394,ریاضی,712,447,منطقه 1,مهندسی شیمی,دانشگاه صنعتی شریف - تهران
1394,ریاضی,714,217,منطقه 2,مهندسی برق,دانشگاه صنعتی امیرکبیر - تهران
1394,ریاضی,717,20,ایثارگران,مهندسی برق,دانشگاه صنعتی شریف - تهران
1394,ریاضی,717,32,منطقه 3,مهندسی کامپیوتر,دانشگاه صنعتی امیرکبیر - تهران
1394,ریاضی,717,218,منطقه 2,مهندسی عمران,دانشگاه تهران
1394,ریاضی,717,218,منطقه 2,مهندسی کامپیوتر,دانشگاه تهران
1394,ریاضی,717,448,منطقه 1,فیزیک,دانشگاه صنعتی شریف - تهران
1394,ریاضی,720,220,منطقه 2,مهندسی برق,دانشگاه صنعتی امیرکبیر - تهران
1394,ریاضی,722,449,منطقه 1,مهندسی عمران,دانشگاه تهران
1394,ریاضی,724,222,منطقه 2,مهندسی برق,دانشگاه صنعتی امیرکبیر - تهران
1394,ریاضی,724,450,منطقه 1,علوم کامپیوتر,دانشگاه صنعتی شریف - تهران
1394,ریاضی,724,450,منطقه 1,مهندسی عمران,دانشگاه تهران
1394,ریاضی,726,452,منطقه 1,مهندسی مکانیک,دانشگاه صنعتی امیرکبیر - تهران
1394,ریاضی,728,453,منطقه 1,مهندسی عمران,دانشگاه تهران
1394,ریاضی,728,453,منطقه 1,مهندسی معماری,دانشگاه تهران
1394,ریاضی,730,224,منطقه 2,مهندسی مکانیک,دانشگاه صنعتی امیرکبیر - تهران
1394,ریاضی,730,455,منطقه 1,مهندسی برق,دانشگاه صنعتی امیرکبیر - تهران
1394,ریاضی,733,457,منطقه 1,مهندسی معماری,دانشگاه شهید بهشتی - تهران
1394,ریاضی,733,457,منطقه 1,مهندسی کامپیوتر,دانشگاه فردوسی - مشهد
1394,ریاضی,736,225,منطقه 2,مهندسی مکانیک,دانشگاه صنعتی اصفهان
1394,ریاضی,736,459,منطقه 1,مهندسی برق,دانشگاه صنعتی امیرکبیر - تهران
1394,ریاضی,736,459,منطقه 1,مهندسی عمران,دانشگاه تهران
1394,ریاضی,738,226,منطقه 2,مهندسی هوا فضا,دانشگاه صنعتی شریف - تهران
1394,ریاضی,739,461,منطقه 1,مهندسی برق,دانشگاه صنعتی امیرکبیر - تهران
1394,ریاضی,741,227,منطقه 2,مهندسی برق,دانشگاه صنعتی امیرکبیر - تهران
1394,ریاضی,742,462,منطقه 1,مهندسی عمران,دانشگاه تهران
1394,ریاضی,743,228,منطقه 2,مهندسی مکانیک,دانشگاه صنعتی امیرکبیر - تهران
1394,ریاضی,743,228,منطقه 2,مهندسی نفت,دانشگاه صنعت نفت (محل تحصیل اهواز)
1394,ریاضی,745,21,ایثارگران,مهندسی مکانیک,دانشگاه صنعتی شریف - تهران
1394,ریاضی,745,463,منطقه 1,مهندسی هوا فضا,دانشگاه صنعتی شریف - تهران
1394,ریاضی,749,231,منطقه 2,مهندسی برق,دانشگاه صنعتی امیرکبیر - تهران
1394,ریاضی,749,231,منطقه 2,مهندسی شیمی,دانشگاه صنعتی شریف - تهران
1394,ریاضی,749,465,منطقه 1,مهندسی مکانیک,دانشگاه صنعتی امیرکبیر - تهران
1394,ریاضی,749,465,منطقه 1,مهندسی هوا فضا,دانشگاه صنعتی شریف - تهران
1394,ریاضی,753,467,منطقه 1,مهندسی صنایع,دانشگاه صنعتی شریف - تهران
1394,ریاضی,756,34,منطقه 3,مهندسی برق,دانشگاه صنعتی شریف - تهران
1394,ریاضی,756,233,منطقه 2,مهندسی مکانیک,دانشگاه تهران
1394,ریاضی,756,233,منطقه 2,مهندسی مکانیک,دانشگاه صنعتی امیرکبیر - تهران
1394,ریاضی,758,235,منطقه 2,مهندسی برق,دانشگاه صنعتی امیرکبیر - تهران
1394,ریاضی,759,236,منطقه 2,مهندسی مکانیک,دانشگاه صنعتی امیرکبیر - تهران
1394,ریاضی,759,469,منطقه 1,مهندسی برق,دانشگاه صنعتی امیرکبیر - تهران
1394,ریاضی,761,470,منطقه 1,مهندسی برق,دانشگاه صنعتی امیرکبیر - تهران
1394,ریاضی,762,237,منطقه 2,مهندسی برق,دانشگاه صنعتی امیرکبیر - تهران
1394,ریاضی,763,471,منطقه 1,مهندسی برق,دانشگاه صنعتی امیرکبیر - تهران
1394,ریاضی,766,238,منطقه 2,مهندسی برق,دانشگاه صنعتی امیرکبیر - تهران
1394,ریاضی,766,473,منطقه 1,مهندسی برق,دانشگاه تبریز
1394,ریاضی,766,473,منطقه 1,مهندسی کامپیوتر,دانشگاه صنعتی امیرکبیر - تهران
1394,ریاضی,768,239,منطقه 2,مهندسی مکانیک,دانشگاه صنعتی امیرکبیر - تهران
1394,ریاضی,770,241,منطقه 2,مهندسی کامپیوتر,دانشگاه صنعتی امیرکبیر - تهران
1394,ریاضی,772,242,منطقه 2,مهندسی مکانیک,دانشگاه تهران
1394,ریاضی,775,244,منطقه 2,مهندسی هوا فضا,دانشگاه صنعتی شریف - تهران
1394,ریاضی,779,247,منطقه 2,مهندسی برق,دانشگاه صنعتی امیرکبیر - تهران
1394,ریاضی,780,248,منطقه 2,فیزیک,دانشگاه صنعتی شریف - تهران
1394,ریاضی,780,478,منطقه 1,مهندسی صنایع,دانشگاه صنعتی شریف - تهران
1394,ریاضی,783,480,منطقه 1,مهندسی مکانیک,دانشگاه شیراز
1394,ریاضی,783,480,منطقه 1,مهندسی هوا فضا,دانشگاه صنعتی شریف - تهران
1394,ریاضی,783,480,منطقه 1,مهندسی پزشکی,دانشگاه صنعتی امیرکبیر - تهران
1394,ریاضی,786,249,منطقه 2,مهندسی مکانیک,دانشگاه صنعتی امیرکبیر - تهران
1394,ریاضی,786,482,منطقه 1,مهندسی عمران,دانشگاه تهران
1394,ریاضی,789,35,منطقه 3,مهندسی برق,دانشگاه صنعتی شریف - تهران
1394,ریاضی,789,250,منطقه 2,مهندسی برق,دانشگاه صنعتی امیرکبیر - تهران
1394,ریاضی,789,484,منطقه 1,مهندسی شیمی,دانشگاه صنعتی شریف - تهران
1394,ریاضی,791,485,منطقه 1,مهندسی مکانیک,دانشگاه صنعتی امیرکبیر - تهران
1394,ریاضی,793,487,منطقه 1,مهندسی عمران,دانشگاه تهران
1394,ریاضی,794,251,منطقه 2,مهندسی عمران,دانشگاه تهران
1394,ریاضی,796,489,منطقه 1,مهندسی برق,دانشگاه صنعتی امیرکبیر - تهران
1394,ریاضی,796,489,منطقه 1,مهندسی صنایع,دانشگاه صنعتی شریف - تهران
1394,ریاضی,796,489,منطقه 1,مهندسی کامپیوتر,دانشگاه صنعتی امیرکبیر - تهران
1394,ریاضی,799,492,منطقه 1,مهندسی کامپیوتر,دانشگاه صنعتی امیرکبیر - تهران
1394,ریاضی,800,493,منطقه 1,مهندسی برق,دانشگاه صنعتی اصفهان
1394,ریاضی,802,495,منطقه 1,مهندسی شیمی,دانشگاه صنعتی شریف - تهران
1394,ریاضی,804,252,منطقه 2,مهندسی مکانیک,دانشگاه تهران
1394,ریاضی,804,252,منطقه 2,مهندسی کامپیوتر,دانشگاه تهران
1394,ریاضی,806,497,منطقه 1,مهندسی عمران,دانشگاه تهران
1394,ریاضی,808,254,منطقه 2,مهندسی مکانیک,دانشگاه صنعتی امیرکبیر - تهران
1394,ریاضی,808,499,منطقه 1,مهندسی برق,دانشگاه صنعتی امیرکبیر - تهران
1394,ریاضی,815,505,منطقه 1,مهندسی صنایع,دانشگاه صنعتی شریف - تهران
1394,ریاضی,816,506,منطقه 1,مهندسی مکانیک,دانشگاه صنعتی امیرکبیر - تهران
1394,ریاضی,817,255,منطقه 2,مهندسی شیمی,دانشگاه صنعتی شریف - تهران
1394,ریاضی,817,507,منطقه 1,مهندسی کامپیوتر,دانشگاه صنعتی امیرکبیر - تهران
1394,ریاضی,820,508,منطقه 1,مهندسی برق,دانشگاه صنعتی امیرکبیر - تهران
1394,ریاضی,824,22,ایثارگران,مهندسی کامپیوتر,دانشگاه صنعتی شریف - تهران
1394,ریاضی,824,259,منطقه 2,مهندسی شیمی,دانشگاه صنعتی شریف - تهران
1394,ریاضی,824,509,منطقه 1,مهندسی عمران,دانشگاه تهران
1394,ریاضی,826,260,منطقه 2,مهندسی شیمی,دانشگاه صنعتی شریف - تهران
1394,ریاضی,828,511,منطقه 1,مهندسی کامپیوتر,دانشگاه صنعتی اصفهان
1394,ریاضی,830,261,منطقه 2,مهندسی شیمی,دانشگاه صنعتی شریف - تهران
1394,ریاضی,832,514,منطقه 1,مهندسی برق,دانشگاه صنعتی اصفهان
1394,ریاضی,833,262,منطقه 2,مهندسی شیمی,دانشگاه صنعتی شریف - تهران
1394,ریاضی,833,515,منطقه 1,مهندسی برق,دانشگاه صنعتی امیرکبیر - تهران
1394,ریاضی,835,516,منطقه 1,مهندسی کامپیوتر,دانشگاه صنعتی اصفهان
1394,ریاضی,837,263,منطقه 2,مهندسی برق,دانشگاه صنعتی امیرکبیر - تهران
1394,ریاضی,837,263,منطقه 2,مهندسی کامپیوتر,دانشگاه تهران
1394,ریاضی,837,517,منطقه 1,ریاضیات و کاربردها,دانشگاه صنعتی شریف - تهران
1394,ریاضی,837,517,منطقه 1,فیزیک,دانشگاه صنعتی شریف - تهران
1394,ریاضی,840,265,منطقه 2,مهندسی مکانیک,دانشگاه صنعتی امیرکبیر - تهران
1394,ریاضی,843,36,منطقه 3,مهندسی برق,دانشگاه صنعتی شریف - تهران
1394,ریاضی,846,521,منطقه 1,مهندسی عمران,دانشگاه تهران
1394,ریاضی,847,522,منطقه 1,مهندسی مکانیک,دانشگاه صنعتی امیرکبیر - تهران
1394,ریاضی,848,268,منطقه 2,فیزیک,دانشگاه صنعتی شریف - تهران
1394,ریاضی,851,525,منطقه 1,مهندسی صنایع,دانشگاه صنعتی شریف - تهران
1394,ریاضی,851,525,منطقه 1,مهندسی مکانیک,دانشگاه صنعتی امیرکبیر - تهران
1394,ریاضی,853,269,منطقه 2,مهندسی هوا فضا,دانشگاه صنعتی شریف - تهران
1394,ریاضی,853,527,منطقه 1,مهندسی مکانیک,دانشگاه صنعتی امیرکبیر - تهران
1394,ریاضی,855,528,منطقه 1,مهندسی عمران,دانشگاه شیراز
1394,ریاضی,859,270,منطقه 2,مهندسی معماری,دانشگاه شهید بهشتی - تهران
1394,ریاضی,859,531,منطقه 1,مهندسی صنایع,دانشگاه صنعتی شریف - تهران
1394,ریاضی,861,271,منطقه 2,مهندسی برق,دانشگاه صنعتی امیرکبیر - تهران
1394,ریاضی,863,272,منطقه 2,مهندسی عمران,دانشگاه تهران
1394,ریاضی,864,533,منطقه 1,مهندسی صنایع,دانشگاه صنعتی شریف - تهران
1394,ریاضی,868,273,منطقه 2,مهندسی برق,دانشگاه صنعتی امیرکبیر - تهران
1394,ریاضی,870,275,منطقه 2,مهندسی برق,دانشگاه صنعتی امیرکبیر - تهران
1394,ریاضی,870,536,منطقه 1,مهندسی برق,دانشگاه صنعتی امیرکبیر - تهران
1394,ریاضی,872,276,منطقه 2,مهندسی مکانیک,دانشگاه صنعتی امیرکبیر - تهران
1394,ریاضی,874,39,منطقه 3,مهندسی کامپیوتر,دانشگاه صنعتی شریف - تهران
1394,ریاضی,874,277,منطقه 2,مهندسی صنایع,دانشگاه صنعتی شریف - تهران
1394,ریاضی,876,278,منطقه 2,مهندسی مکانیک,دانشگاه صنعتی امیرکبیر - تهران
1394,ریاضی,879,279,منطقه 2,مهندسی عمران,دانشگاه صنعتی امیرکبیر - تهران
1394,ریاضی,881,280,منطقه 2,مهندسی شیمی,دانشگاه صنعتی شریف - تهران
1394,ریاضی,881,540,منطقه 1,مهندسی کامپیوتر,دانشگاه علم و صنعت ایران - تهران
1394,ریاضی,883,541,منطقه 1,مهندسی هوا فضا,دانشگاه صنعتی شریف - تهران
1394,ریاضی,884,542,منطقه 1,مهندسی برق,دانشگاه صنعتی امیرکبیر - تهران
1394,ریاضی,887,23,ایثارگران,مهندسی برق,دانشگاه صنعتی شریف - تهران
1394,ریاضی,887,281,منطقه 2,مهندسی شیمی,دانشگاه صنعتی شریف - تهران
1394,ریاضی,887,544,منطقه 1,مهندسی مکانیک,دانشگاه صنعتی امیرکبیر - تهران
1394,ریاضی,891,283,منطقه 2,مهندسی برق,دانشگاه صنعتی امیرکبیر - تهران
1394,ریاضی,893,546,منطقه 1,مهندسی برق,دانشگاه صنعتی امیرکبیر - تهران
1394,ریاضی,894,547,منطقه 1,مهندسی عمران,دانشگاه صنعتی امیرکبیر - تهران
1394,ریاضی,896,549,منطقه 1,مهندسی مکانیک,دانشگاه صنعتی امیرکبیر - تهران
1394,ریاضی,897,550,منطقه 1,علوم کامپیوتر,دانشگاه صنعتی شریف - تهران
1394,ریاضی,900,551,منطقه 1,مهندسی مکانیک,دانشگاه صنعتی امیرکبیر - تهران
1394,ریاضی,902,25,ایثارگران,مهندسی برق,دانشگاه صنعتی شریف - تهران
1394,ریاضی,902,285,منطقه 2,مهندسی برق,دانشگاه صنعتی امیرکبیر - تهران
1394,ریاضی,902,285,منطقه 2,مهندسی مکانیک,دانشگاه صنعتی امیرکبیر - تهران
1394,ریاضی,904,552,منطقه 1,مهندسی مکانیک,دانشگاه صنعتی امیرکبیر - تهران
1394,ریاضی,905,287,منطقه 2,مهندسی برق,دانشگاه صنعتی امیرکبیر - تهران
1394,ریاضی,908,553,منطقه 1,مهندسی مکانیک,دانشگاه علم و صنعت ایران - تهران
1394,ریاضی,915,291,منطقه 2,مهندسی برق,دانشگاه صنعتی امیرکبیر - تهران
1394,ریاضی,915,291,منطقه 2,مهندسی مکانیک,دانشگاه صنعتی امیرکبیر - تهران
1394,ریاضی,918,293,منطقه 2,مهندسی معماری,دانشگاه تهران
1394,ریاضی,918,293,منطقه 2,مهندسی پزشکی,دانشگاه صنعتی امیرکبیر - تهران
1394,ریاضی,921,295,منطقه 2,مهندسی صنایع,دانشگاه تهران
1394,ریاضی,923,561,منطقه 1,مهندسی مکانیک,دانشگاه صنعتی امیرکبیر - تهران
1394,ریاضی,923,561,منطقه 1,مهندسی هوا فضا,دانشگاه صنعتی شریف - تهران
1394,ریاضی,926,564,منطقه 1,مهندسی عمران,دانشگاه صنعتی امیرکبیر - تهران
1394,ریاضی,928,566,منطقه 1,مهندسی صنایع,دانشگاه تهران
1394,ریاضی,928,566,منطقه 1,مهندسی مکانیک,دانشگاه علم و صنعت ایران - تهران
1394,ریاضی,931,296,منطقه 2,مهندسی مکانیک,دانشگاه علم و صنعت ایران - تهران
1394,ریاضی,931,568,منطقه 1,مهندسی عمران,دانشگاه صنعتی امیرکبیر - تهران
1394,ریاضی,933,570,منطقه 1,مهندسی هوا فضا,دانشگاه صنعتی شریف - تهران
1394,ریاضی,934,297,منطقه 2,مهندسی عمران,دانشگاه تهران
1394,ریاضی,937,298,منطقه 2,مهندسی هوا فضا,دانشگاه صنعتی شریف - تهران
1394,ریاضی,941,299,منطقه 2,مهندسی برق,دانشگاه صنعتی امیرکبیر - تهران
1394,ریاضی,941,299,منطقه 2,مهندسی عمران,دانشگاه تهران
1394,ریاضی,943,301,منطقه 2,مهندسی شیمی,دانشگاه صنعتی شریف - تهران
1394,ریاضی,943,576,منطقه 1,مهندسی عمران,دانشگاه صنعتی امیرکبیر - تهران
1394,ریاضی,945,577,منطقه 1,مهندسی عمران,دانشگاه فردوسی - مشهد
1394,ریاضی,946,302,منطقه 2,مهندسی شیمی,دانشگاه صنعتی شریف - تهران
1394,ریاضی,950,581,منطقه 1,مهندسی صنایع,دانشگاه تهران
1394,ریاضی,951,303,منطقه 2,مهندسی هوا فضا,دانشگاه صنعتی مالک اشتر (محل تحصیل اصفهان - شاهین شهر)
1394,ریاضی,952,42,منطقه 3,مهندسی برق,دانشگاه تهران
1394,ریاضی,952,582,منطقه 1,مهندسی هوا فضا,دانشگاه صنعتی شریف - تهران
1394,ریاضی,954,304,منطقه 2,مهندسی نفت,دانشگاه تهران
1394,ریاضی,955,583,منطقه 1,مهندسی صنایع,دانشگاه تهران
1394,ریاضی,956,584,منطقه 1,مهندسی صنایع,دانشگاه تهران
1394,ریاضی,960,306,منطقه 2,مهندسی کامپیوتر,دانشگاه تهران
1394,ریاضی,960,586,منطقه 1,ریاضیات و کاربردها,دانشگاه صنعتی شریف - تهران
1394,ریاضی,963,307,منطقه 2,مهندسی نفت,دانشگاه تهران
1394,ریاضی,965,309,منطقه 2,مهندسی معماری,دانشگاه تهران
1394,ریاضی,966,587,منطقه 1,مهندسی عمران,دانشگاه صنعتی امیرکبیر - تهران
1394,ریاضی,968,310,منطقه 2,مهندسی مکانیک,دانشگاه صنعتی امیرکبیر - تهران
1394,ریاضی,968,588,منطقه 1,مهندسی مکانیک,دانشگاه صنعتی اصفهان
1394,ریاضی,970,589,منطقه 1,مهندسی برق,دانشگاه صنعتی اصفهان
1394,ریاضی,971,311,منطقه 2,مهندسی مکانیک,دانشگاه صنعتی امیرکبیر - تهران
1394,ریاضی,972,312,منطقه 2,مهندسی برق,دانشگاه صنعتی امیرکبیر - تهران
1394,ریاضی,975,45,منطقه 3,مهندسی نفت,دانشگاه صنعتی شریف - تهران
1394,ریاضی,975,591,منطقه 1,مهندسی عمران,دانشگاه صنعتی امیرکبیر - تهران
1394,ریاضی,975,591,منطقه 1,مهندسی مواد,دانشگاه صنعتی شریف - تهران
1394,ریاضی,978,593,منطقه 1,مهندسی برق,دانشگاه صنعتی اصفهان
1394,ریاضی,978,593,منطقه 1,کارشناسی ارشد پیوسته علوم قضایی,دانشگاه علوم قضایی و خدمات ادارای دادگستری
1394,ریاضی,981,314,منطقه 2,مهندسی برق,دانشگاه علم و صنعت ایران - تهران
1394,ریاضی,981,314,منطقه 2,مهندسی کامپیوتر,دانشگاه صنعتی امیرکبیر - تهران
1394,ریاضی,981,595,منطقه 1,مهندسی کامپیوتر,دانشگاه صنعتی امیرکبیر - تهران
1394,ریاضی,987,47,منطقه 3,مهندسی برق,دانشگاه تهران
1394,ریاضی,987,598,منطقه 1,مهندسی مکانیک,دانشگاه علم و صنعت ایران - تهران
1394,ریاضی,987,598,منطقه 1,مهندسی کامپیوتر,دانشگاه صنعتی امیرکبیر - تهران
1394,ریاضی,990,316,منطقه 2,مهندسی برق,دانشگاه صنعتی امیرکبیر - تهران
1394,ریاضی,990,600,منطقه 1,مهندسی صنایع,دانشگاه تهران
1394,ریاضی,990,600,منطقه 1,مهندسی مکانیک,دانشگاه علم و صنعت ایران - تهران
1394,ریاضی,993,48,منطقه 3,مهندسی برق,دانشگاه تهران
1394,ریاضی,993,48,منطقه 3,مهندسی مکانیک,دانشگاه صنعتی شریف - تهران
1394,ریاضی,996,318,منطقه 2,مهندسی برق,دانشگاه صنعتی اصفهان
1394,ریاضی,996,602,منطقه 1,مهندسی برق,دانشگاه صنعتی اصفهان
1394,ریاضی,996,602,منطقه 1,مهندسی کامپیوتر,دانشگاه صنعتی اصفهان
1394,ریاضی,998,604,منطقه 1,مهندسی عمران,دانشگاه صنعتی امیرکبیر - تهران
1394,ریاضی,999,605,منطقه 1,مهندسی مکانیک,دانشگاه علم و صنعت ایران - تهران
1394,ریاضی,999,605,منطقه 1,مهندسی کامپیوتر,دانشگاه صنعتی امیرکبیر - تهران
1394,ریاضی,1002,319,منطقه 2,دکترای پیوسته فیزیک,مرکز تحصیلات تکمیلی در علوم پایه زنجان
1394,ریاضی,1002,319,منطقه 2,مهندسی عمران,دانشگاه صنعتی امیرکبیر - تهران
1394,ریاضی,1002,607,منطقه 1,مهندسی برق,دانشگاه صنعتی اصفهان
1394,ریاضی,1004,321,منطقه 2,مهندسی برق,دانشگاه صنعتی امیرکبیر - تهران
1394,ریاضی,1006,609,منطقه 1,مهندسی برق,دانشگاه علم و صنعت ایران - تهران
1394,ریاضی,1006,609,منطقه 1,مهندسی شیمی,دانشگاه تهران
1394,ریاضی,1008,611,منطقه 1,مهندسی مواد,دانشگاه صنعتی شریف - تهران
1394,ریاضی,1009,612,منطقه 1,مهندسی معماری,دانشگاه تهران
1394,ریاضی,1012,615,منطقه 1,علوم کامپیوتر,دانشگاه صنعتی شریف - تهران
1394,ریاضی,1012,615,منطقه 1,مهندسی معماری,دانشگاه تهران
1394,ریاضی,1012,615,منطقه 1,مهندسی مکانیک,دانشگاه علم و صنعت ایران - تهران
1394,ریاضی,1015,50,منطقه 3,مهندسی شیمی,دانشگاه صنعتی شریف - تهران
1394,ریاضی,1015,322,منطقه 2,مهندسی هوا فضا,دانشگاه صنعتی شریف - تهران
1394,ریاضی,1015,617,منطقه 1,علوم کامپیوتر,دانشگاه صنعتی شریف - تهران
1394,ریاضی,1017,323,منطقه 2,مهندسی شیمی,دانشگاه صنعتی شریف - تهران
1394,ریاضی,1017,618,منطقه 1,مهندسی مکانیک,دانشگاه صنعتی امیرکبیر - تهران
1394,ریاضی,1020,324,منطقه 2,مهندسی صنایع,دانشگاه صنعتی شریف - تهران
1394,ریاضی,1020,619,منطقه 1,مهندسی شیمی,دانشگاه تهران
1394,ریاضی,1020,619,منطقه 1,مهندسی پلیمر,دانشگاه صنعتی امیرکبیر - تهران
1394,ریاضی,1022,51,منطقه 3,مهندسی عمران,دانشگاه صنعتی امیرکبیر - تهران
1394,ریاضی,1022,621,منطقه 1,مهندسی مکانیک,دانشگاه علم و صنعت ایران - تهران
1394,ریاضی,1026,52,منطقه 3,مهندسی برق,دانشگاه تهران
1394,ریاضی,1031,327,منطقه 2,مهندسی برق,دانشگاه صنعتی امیرکبیر - تهران
1394,ریاضی,1031,327,منطقه 2,مهندسی عمران,دانشگاه تهران
1394,ریاضی,1031,625,منطقه 1,فیزیک,دانشگاه صنعتی شریف - تهران
1394,ریاضی,1031,625,منطقه 1,مهندسی عمران,دانشگاه صنعتی امیرکبیر - تهران
1394,ریاضی,1031,625,منطقه 1,مهندسی کامپیوتر,دانشگاه صنعتی اصفهان
1394,ریاضی,1035,628,منطقه 1,مهندسی عمران,دانشگاه صنعتی امیرکبیر - تهران
1394,ریاضی,1035,628,منطقه 1,مهندسی معماری,دانشگاه تهران
1394,ریاضی,1035,628,منطقه 1,مهندسی مکانیک,دانشگاه علم و صنعت ایران - تهران
1394,ریاضی,1037,630,منطقه 1,مهندسی صنایع,دانشگاه تهران
1394,ریاضی,1037,630,منطقه 1,مهندسی مکانیک,دانشگاه علم و صنعت ایران - تهران
1394,ریاضی,1041,331,منطقه 2,مهندسی برق,دانشگاه صنعتی امیرکبیر - تهران
1394,ریاضی,1044,28,ایثارگران,مهندسی برق,دانشگاه صنعتی شریف - تهران
1394,ریاضی,1044,333,منطقه 2,مهندسی شیمی,دانشگاه صنعتی شریف - تهران
1394,ریاضی,1044,333,منطقه 2,مهندسی عمران,دانشگاه صنعتی امیرکبیر - تهران
1394,ریاضی,1044,632,منطقه 1,مهندسی شیمی,دانشگاه تهران
1394,ریاضی,1048,634,منطقه 1,مهندسی مکانیک,دانشگاه صنعتی اصفهان
1394,ریاضی,1052,336,منطقه 2,مهندسی برق,دانشگاه صنعتی امیرکبیر - تهران
1394,ریاضی,1052,336,منطقه 2,مهندسی عمران,دانشگاه تهران
1394,ریاضی,1052,336,منطقه 2,مهندسی کامپیوتر,دانشگاه صنعتی امیرکبیر - تهران
1394,ریاضی,1052,636,منطقه 1,مهندسی صنایع,دانشگاه تهران
1394,ریاضی,1055,638,منطقه 1,مهندسی شیمی,دانشگاه تهران
1394,ریاضی,1055,638,منطقه 1,مهندسی مکانیک,دانشگاه علم و صنعت ایران - تهران
1394,ریاضی,1057,338,منطقه 2,مهندسی شیمی,دانشگاه صنعتی اصفهان
1394,ریاضی,1059,641,منطقه 1,مهندسی صنایع,دانشگاه تهران
1394,ریاضی,1061,642,منطقه 1,مهندسی عمران,دانشگاه صنعتی امیرکبیر - تهران
1394,ریاضی,1064,340,منطقه 2,مهندسی مکانیک,دانشگاه صنعتی امیرکبیر - تهران
1394,ریاضی,1064,645,منطقه 1,علوم کامپیوتر,دانشگاه صنعتی شریف - تهران
1394,ریاضی,1064,645,منطقه 1,مهندسی برق,دانشگاه علم و صنعت ایران - تهران
1394,ریاضی,1064,645,منطقه 1,مهندسی عمران,دانشگاه صنعتی امیرکبیر - تهران
1394,ریاضی,1064,645,منطقه 1,مهندسی پزشکی,دانشگاه صنعتی امیرکبیر - تهران
1394,ریاضی,1069,341,منطقه 2,مهندسی مکانیک,دانشگاه صنعتی اصفهان
1394,ریاضی,1069,341,منطقه 2,مهندسی مکانیک,دانشگاه علم و صنعت ایران - تهران
1394,ریاضی,1069,648,منطقه 1,مهندسی شیمی,دانشگاه تهران
1394,ریاضی,1069,648,منطقه 1,مهندسی معماری,دانشگاه تهران
1394,ریاضی,1072,343,منطقه 2,مهندسی عمران,دانشگاه صنعتی امیرکبیر - تهران
1394,ریاضی,1073,29,ایثارگران,مهندسی کامپیوتر,دانشگاه صنعتی شریف - تهران
1394,ریاضی,1073,650,منطقه 1,مهندسی برق,دانشگاه صنعتی اصفهان
1394,ریاضی,1075,651,منطقه 1,مهندسی مکانیک,دانشگاه صنعتی اصفهان
1394,ریاضی,1078,344,منطقه 2,مهندسی برق,دانشگاه علم و صنعت ایران - تهران
1394,ریاضی,1078,344,منطقه 2,مهندسی عمران,دانشگاه تهران
1394,ریاضی,1081,346,منطقه 2,مهندسی کامپیوتر,دانشگاه صنعتی امیرکبیر - تهران
1394,ریاضی,1081,655,منطقه 1,مهندسی برق,دانشگاه صنعتی اصفهان
1394,ریاضی,1081,655,منطقه 1,مهندسی صنایع,دانشگاه تهران
1394,ریاضی,1081,655,منطقه 1,مهندسی کامپیوتر,دانشگاه تربیت دبیر شهید رجایی - تهران (رشته های دارای تعهد به آموزش و پرورش)
1394,ریاضی,1085,347,منطقه 2,مهندسی شیمی,دانشگاه صنعتی شریف - تهران
1394,ریاضی,1085,347,منطقه 2,مهندسی صنایع,دانشگاه تهران
1394,ریاضی,1085,657,منطقه 1,مهندسی مکانیک,دانشگاه صنعتی اصفهان
1394,ریاضی,1085,657,منطقه 1,مهندسی کامپیوتر,دانشگاه صنعتی امیرکبیر - تهران
1394,ریاضی,1088,349,منطقه 2,فیزیک,دانشگاه صنعتی شریف - تهران
1394,ریاضی,1091,350,منطقه 2,مهندسی شیمی,دانشگاه صنعتی شریف - تهران
1394,ریاضی,1091,660,منطقه 1,مهندسی مکانیک,دانشگاه علم و صنعت ایران - تهران
1394,ریاضی,1093,662,منطقه 1,مهندسی عمران,دانشگاه صنعتی امیرکبیر - تهران
1394,ریاضی,1095,664,منطقه 1,مهندسی عمران,دانشگاه فردوسی - مشهد
1394,ریاضی,1097,665,منطقه 1,مهندسی مکانیک,دانشگاه صنعتی امیرکبیر - تهران
1394,ریاضی,1098,352,منطقه 2,مهندسی شیمی,دانشگاه صنعتی شریف - تهران
1394,ریاضی,1098,666,منطقه 1,مهندسی مکانیک,دانشگاه صنعتی اصفهان
1394,ریاضی,1100,353,منطقه 2,مهندسی صنایع,دانشگاه تهران
1394,ریاضی,1100,353,منطقه 2,مهندسی معماری,دانشگاه تهران
1394,ریاضی,1102,667,منطقه 1,مهندسی معماری,دانشگاه تهران
1394,ریاضی,1104,355,منطقه 2,مهندسی برق,دانشگاه علم و صنعت ایران - تهران
1394,ریاضی,1106,356,منطقه 2,مهندسی عمران,دانشگاه صنعتی امیرکبیر - تهران
1394,ریاضی,1109,672,منطقه 1,مهندسی برق,دانشگاه علم و صنعت ایران - تهران
1394,ریاضی,1109,672,منطقه 1,مهندسی عمران,دانشگاه صنعتی امیرکبیر - تهران
1394,ریاضی,1112,675,منطقه 1,مهندسی شیمی,دانشگاه تهران
1394,ریاضی,1114,357,منطقه 2,مهندسی برق,دانشگاه شیراز
1394,ریاضی,1114,676,منطقه 1,مهندسی پزشکی,دانشگاه صنعتی امیرکبیر - تهران
1394,ریاضی,1117,359,منطقه 2,مهندسی کامپیوتر,دانشگاه صنعتی امیرکبیر - تهران
1394,ریاضی,1119,53,منطقه 3,مهندسی برق,دانشگاه تهران
1394,ریاضی,1122,54,منطقه 3,مهندسی برق,دانشگاه تهران
1394,ریاضی,1122,361,منطقه 2,مهندسی شیمی,دانشگاه صنعتی شریف - تهران
1394,ریاضی,1122,679,منطقه 1,مهندسی عمران,دانشگاه صنعتی امیرکبیر - تهران
1394,ریاضی,1124,30,ایثارگران,مهندسی برق,دانشگاه صنعتی شریف - تهران
1394,ریاضی,1124,55,منطقه 3,مهندسی برق,دانشگاه تربیت دبیر شهید رجایی - تهران (رشته های دارای تعهد به آموزش و پرورش)
1394,ریاضی,1127,681,منطقه 1,مهندسی مکانیک,دانشگاه صنعتی امیرکبیر - تهران
1394,ریاضی,1129,683,منطقه 1,مهندسی عمران,دانشگاه صنعتی امیرکبیر - تهران
1394,ریاضی,1131,685,منطقه 1,علوم کامپیوتر,دانشگاه صنعتی شریف - تهران
1394,ریاضی,1132,686,منطقه 1,مهندسی پزشکی,دانشگاه صنعتی امیرکبیر - تهران
1394,ریاضی,1133,687,منطقه 1,مهندسی مکانیک,دانشگاه علم و صنعت ایران - تهران
1394,ریاضی,1134,362,منطقه 2,مهندسی عمران,دانشگاه صنعتی امیرکبیر - تهران
1394,ریاضی,1135,363,منطقه 2,مهندسی مواد,دانشگاه صنعتی شریف - تهران
1394,ریاضی,1137,689,منطقه 1,مهندسی عمران,دانشگاه فردوسی - مشهد
1394,ریاضی,1137,689,منطقه 1,مهندسی مکانیک,دانشگاه علم و صنعت ایران - تهران
1394,ریاضی,1139,691,منطقه 1,مهندسی معماری,دانشگاه تهران
1394,ریاضی,1141,365,منطقه 2,مهندسی صنایع,دانشگاه تهران
1394,ریاضی,1144,366,منطقه 2,مهندسی مکانیک,دانشگاه علم و صنعت ایران - تهران
1394,ریاضی,1144,693,منطقه 1,مهندسی عمران,دانشگاه صنعتی امیرکبیر - تهران
1394,ریاضی,1149,56,منطقه 3,مهندسی برق,دانشگاه تهران
1394,ریاضی,1149,696,منطقه 1,مهندسی معماری,دانشگاه شهید بهشتی - تهران
1394,ریاضی,1153,370,منطقه 2,مهندسی شیمی,دانشگاه صنعتی شریف - تهران
1394,ریاضی,1153,370,منطقه 2,مهندسی صنایع,دانشگاه صنعتی امیرکبیر - تهران
1394,ریاضی,1153,697,منطقه 1,مهندسی برق,دانشگاه صنعتی خواجه نصیرالدین طوسی - تهران
1394,ریاضی,1155,698,منطقه 1,مهندسی صنایع,دانشگاه صنعتی امیرکبیر - تهران
1394,ریاضی,1156,31,ایثارگران,مهندسی هوا فضا,دانشگاه صنعتی شریف - تهران
1394,ریاضی,1156,699,منطقه 1,مهندسی شیمی,دانشگاه تهران
1394,ریاضی,1159,700,منطقه 1,مهندسی برق,دانشگاه علم و صنعت ایران - تهران
1394,ریاضی,1159,700,منطقه 1,مهندسی معماری,دانشگاه تهران
1394,ریاضی,1161,702,منطقه 1,مهندسی عمران,دانشگاه صنعتی امیرکبیر - تهران
1394,ریاضی,1162,373,منطقه 2,مهندسی برق,دانشگاه صنعتی اصفهان
1394,ریاضی,1162,703,منطقه 1,مهندسی مکانیک,دانشگاه صنعتی اصفهان
1394,ریاضی,1165,374,منطقه 2,مهندسی معماری,دانشگاه تهران
1394,ریاضی,1165,374,منطقه 2,مهندسی مکانیک,دانشگاه علم و صنعت ایران - تهران
1394,ریاضی,1168,376,منطقه 2,مهندسی نفت,دانشگاه تهران
1394,ریاضی,1168,705,منطقه 1,مهندسی برق,دانشگاه علم و صنعت ایران - تهران
1394,ریاضی,1168,705,منطقه 1,مهندسی مکانیک,دانشگاه علم و صنعت ایران - تهران
1394,ریاضی,1170,707,منطقه 1,مهندسی عمران,دانشگاه صنعتی امیرکبیر - تهران
1394,ریاضی,1173,709,منطقه 1,مهندسی عمران,دانشگاه صنعتی امیرکبیر - تهران
1394,ریاضی,1176,378,منطقه 2,مهندسی برق,دانشگاه بیرجند
1394,ریاضی,1176,711,منطقه 1,مهندسی شیمی,دانشگاه صنعتی اصفهان
1394,ریاضی,1181,382,منطقه 2,مهندسی هوا فضا,دانشگاه صنعتی شریف - تهران
1394,ریاضی,1181,713,منطقه 1,مهندسی شیمی,دانشگاه تهران
1394,ریاضی,1184,383,منطقه 2,فیزیک,دانشگاه صنعتی شریف - تهران
1394,ریاضی,1184,714,منطقه 1,مهندسی شیمی,دانشگاه تهران
1394,ریاضی,1188,384,منطقه 2,علوم کامپیوتر,دانشگاه صنعتی شریف - تهران
1394,ریاضی,1188,384,منطقه 2,مهندسی شیمی,دانشگاه صنعتی شریف - تهران
1394,ریاضی,1188,717,منطقه 1,مهندسی صنایع,دانشگاه تهران
1394,ریاضی,1188,717,منطقه 1,مهندسی معماری,دانشگاه تهران
1394,ریاضی,1192,386,منطقه 2,مهندسی شیمی,دانشگاه صنعتی شریف - تهران
1394,ریاضی,1194,32,ایثارگران,مهندسی مکانیک,دانشگاه صنعتی شریف - تهران
1394,ریاضی,1194,720,منطقه 1,مهندسی عمران,دانشگاه صنعتی امیرکبیر - تهران
1394,ریاضی,1194,720,منطقه 1,مهندسی مکانیک,دانشگاه صنعتی امیرکبیر - تهران
1394,ریاضی,1198,388,منطقه 2,مهندسی نفت,دانشگاه تهران
1394,ریاضی,1200,723,منطقه 1,مهندسی برق,دانشگاه علم و صنعت ایران - تهران
1394,ریاضی,1200,723,منطقه 1,مهندسی شیمی,دانشگاه تهران
1394,ریاضی,1203,57,منطقه 3,مهندسی هوا فضا,دانشگاه صنعتی شریف - تهران
1394,ریاضی,1203,726,منطقه 1,مهندسی مکانیک,دانشگاه علم و صنعت ایران - تهران
1394,ریاضی,1208,391,منطقه 2,مهندسی صنایع,دانشگاه صنعتی شریف - تهران
1394,ریاضی,1208,391,منطقه 2,مهندسی هوا فضا,دانشگاه صنعتی شریف - تهران
1394,ریاضی,1208,728,منطقه 1,مهندسی برق,دانشگاه علم و صنعت ایران - تهران
1394,ریاضی,1213,33,ایثارگران,مهندسی مکانیک,دانشگاه صنعتی شریف - تهران
1394,ریاضی,1213,58,منطقه 3,مهندسی برق,دانشگاه تهران
1394,ریاضی,1213,393,منطقه 2,مهندسی برق,دانشگاه علم و صنعت ایران - تهران
1394,ریاضی,1213,393,منطقه 2,مهندسی کامپیوتر,دانشگاه صنعتی امیرکبیر - تهران
1394,ریاضی,1217,395,منطقه 2,مهندسی کامپیوتر,دانشگاه صنعتی امیرکبیر - تهران
1394,ریاضی,1217,731,منطقه 1,مهندسی عمران,دانشگاه صنعتی امیرکبیر - تهران
1394,ریاضی,1217,731,منطقه 1,مهندسی معماری,دانشگاه تهران
1394,ریاضی,1219,396,منطقه 2,مهندسی عمران,دانشگاه یزد
1394,ریاضی,1219,733,منطقه 1,مهندسی مکانیک,دانشگاه علم و صنعت ایران - تهران
1394,ریاضی,1221,397,منطقه 2,مهندسی دریا,دانشگاه صنعتی شریف - تهران
1394,ریاضی,1221,734,منطقه 1,مهندسی مکانیک,دانشگاه علم و صنعت ایران - تهران
1394,ریاضی,1224,736,منطقه 1,مهندسی کامپیوتر,دانشگاه صنعتی امیرکبیر - تهران
1394,ریاضی,1227,399,منطقه 2,مهندسی هوا فضا,دانشگاه صنعتی شریف - تهران
1394,ریاضی,1230,401,منطقه 2,مهندسی مکانیک,دانشگاه علم و صنعت ایران - تهران
1394,ریاضی,1230,401,منطقه 2,مهندسی هوا فضا,دانشگاه صنعتی شریف - تهران
1394,ریاضی,1232,739,منطقه 1,مهندسی عمران,دانشگاه فردوسی - مشهد
1394,ریاضی,1234,741,منطقه 1,مهندسی کامپیوتر,دانشگاه صنعتی امیرکبیر - تهران
1394,ریاضی,1236,403,منطقه 2,مهندسی مکانیک,دانشگاه علم و صنعت ایران - تهران
1394,ریاضی,1238,404,منطقه 2,مهندسی کامپیوتر,دانشگاه صنعتی امیرکبیر - تهران
1394,ریاضی,1238,744,منطقه 1,مهندسی عمران,دانشگاه علم و صنعت ایران - تهران
1394,ریاضی,1240,405,منطقه 2,مهندسی برق,دانشگاه علم و صنعت ایران - تهران
1394,ریاضی,1243,59,منطقه 3,مهندسی عمران,دانشگاه علم و صنعت ایران - تهران
1394,ریاضی,1243,746,منطقه 1,ریاضیات و کاربردها,دانشگاه صنعتی شریف - تهران
1394,ریاضی,1243,746,منطقه 1,مهندسی شیمی,دانشگاه تهران
1394,ریاضی,1246,748,منطقه 1,فیزیک,دانشگاه صنعتی شریف - تهران
1394,ریاضی,1248,60,منطقه 3,مهندسی برق,دانشگاه تهران
1394,ریاضی,1251,752,منطقه 1,مهندسی مواد,دانشگاه صنعتی شریف - تهران
1394,ریاضی,1251,752,منطقه 1,مهندسی مکانیک,دانشگاه صنعتی امیرکبیر - تهران
1394,ریاضی,1251,752,منطقه 1,مهندسی کامپیوتر,دانشگاه صنعتی امیرکبیر - تهران
1394,ریاضی,1253,406,منطقه 2,مهندسی عمران,دانشگاه صنعتی امیرکبیر - تهران
1394,ریاضی,1256,756,منطقه 1,مهندسی مکانیک,دانشگاه علم و صنعت ایران - تهران
1394,ریاضی,1256,756,منطقه 1,مهندسی نفت,دانشگاه تهران
1394,ریاضی,1262,760,منطقه 1,مهندسی شیمی,دانشگاه تهران
1394,ریاضی,1262,760,منطقه 1,مهندسی مواد,دانشگاه صنعتی شریف - تهران
1394,ریاضی,1266,764,منطقه 1,مهندسی برق,دانشگاه فردوسی - مشهد
1394,ریاضی,1266,764,منطقه 1,مهندسی عمران,دانشگاه فردوسی - مشهد
1394,ریاضی,1266,764,منطقه 1,مهندسی مکانیک,دانشگاه علم و صنعت ایران - تهران
1394,ریاضی,1269,767,منطقه 1,مهندسی معماری,دانشگاه شهید بهشتی - تهران
1394,ریاضی,1270,409,منطقه 2,علوم کامپیوتر,دانشگاه صنعتی شریف - تهران
1394,ریاضی,1272,769,منطقه 1,مهندسی کامپیوتر,دانشگاه علم و صنعت ایران - تهران
1394,ریاضی,1273,410,منطقه 2,مهندسی پزشکی,دانشگاه صنعتی امیرکبیر - تهران
1394,ریاضی,1276,411,منطقه 2,مهندسی شیمی,دانشگاه صنعتی شریف - تهران
1394,ریاضی,1276,771,منطقه 1,مهندسی کامپیوتر,دانشگاه صنعتی امیرکبیر - تهران
1394,ریاضی,1278,412,منطقه 2,مهندسی شیمی,دانشگاه صنعتی شریف - تهران
1394,ریاضی,1278,772,منطقه 1,مهندسی مواد,دانشگاه صنعتی شریف - تهران
1394,ریاضی,1280,413,منطقه 2,مهندسی شیمی,دانشگاه صنعتی شریف - تهران
1394,ریاضی,1282,62,منطقه 3,مهندسی برق,دانشگاه تهران
1394,ریاضی,1282,773,منطقه 1,مهندسی صنایع,دانشگاه صنعتی امیرکبیر - تهران
1394,ریاضی,1287,63,منطقه 3,مهندسی برق,دانشگاه تهران
1394,ریاضی,1287,415,منطقه 2,علوم کامپیوتر,دانشگاه صنعتی شریف - تهران
1394,ریاضی,1287,415,منطقه 2,مهندسی عمران,دانشگاه صنعتی امیرکبیر - تهران
1394,ریاضی,1287,415,منطقه 2,مهندسی کامپیوتر,دانشگاه علم و صنعت ایران - تهران
1394,ریاضی,1287,776,منطقه 1,فیزیک,دانشگاه صنعتی شریف - تهران
1394,ریاضی,1290,417,منطقه 2,مهندسی برق,دانشگاه علم و صنعت ایران - تهران
1394,ریاضی,1290,417,منطقه 2,مهندسی هوا فضا,دانشگاه صنعتی شریف - تهران
1394,ریاضی,1292,419,منطقه 2,مهندسی برق,دانشگاه علم و صنعت ایران - تهران
1394,ریاضی,1292,777,منطقه 1,مهندسی نفت,دانشگاه تهران
1394,ریاضی,1295,778,منطقه 1,مهندسی مکانیک,دانشگاه صنعتی اصفهان
1394,ریاضی,1297,780,منطقه 1,مهندسی نفت,دانشگاه صنعتی امیرکبیر - تهران
1394,ریاضی,1298,781,منطقه 1,مهندسی برق,دانشگاه علم و صنعت ایران - تهران
1394,ریاضی,1298,781,منطقه 1,مهندسی مکانیک,دانشگاه فردوسی - مشهد
1394,ریاضی,1302,35,ایثارگران,مهندسی صنایع,دانشگاه تهران
1394,ریاضی,1302,64,منطقه 3,مهندسی نفت,دانشگاه صنعت نفت (محل تحصیل اهواز)
1394,ریاضی,1302,784,منطقه 1,علوم مهندسی,دانشگاه تهران
1394,ریاضی,1302,784,منطقه 1,مهندسی نفت,دانشگاه تهران
1394,ریاضی,1306,36,ایثارگران,مهندسی مکانیک,دانشگاه صنعتی شریف - تهران
1394,ریاضی,1306,421,منطقه 2,فیزیک,دانشگاه صنعتی شریف - تهران
1394,ریاضی,1306,421,منطقه 2,مهندسی شیمی,دانشگاه صنعتی شریف - تهران
1394,ریاضی,1309,423,منطقه 2,مهندسی مکانیک,دانشگاه صنعت نفت (محل تحصیل اهواز)
1394,ریاضی,1309,787,منطقه 1,مهندسی شیمی,دانشگاه تهران
1394,ریاضی,1311,424,منطقه 2,مهندسی صنایع,دانشگاه صنعتی امیرکبیر - تهران
1394,ریاضی,1314,425,منطقه 2,مهندسی برق,دانشگاه علم و صنعت ایران - تهران
1394,ریاضی,1314,425,منطقه 2,مهندسی شیمی,دانشگاه صنعتی شریف - تهران
1394,ریاضی,1316,427,منطقه 2,مهندسی شیمی,دانشگاه صنعتی شریف - تهران
1394,ریاضی,1317,428,منطقه 2,مهندسی معماری,دانشگاه تهران
1394,ریاضی,1319,429,منطقه 2,مهندسی مکانیک,دانشگاه علم و صنعت ایران - تهران
1394,ریاضی,1319,429,منطقه 2,مهندسی نفت,دانشگاه تهران
1394,ریاضی,1319,790,منطقه 1,مهندسی پزشکی,دانشگاه صنعتی امیرکبیر - تهران
1394,ریاضی,1321,431,منطقه 2,مهندسی هوا فضا,دانشگاه صنعتی شریف - تهران
1394,ریاضی,1321,431,منطقه 2,مهندسی کامپیوتر,دانشگاه صنعتی امیرکبیر - تهران
1394,ریاضی,1323,433,منطقه 2,مهندسی هوا فضا,دانشگاه صنعتی شریف - تهران
1394,ریاضی,1323,791,منطقه 1,مهندسی کامپیوتر,دانشگاه صنعتی امیرکبیر - تهران
1394,ریاضی,1325,434,منطقه 2,علوم مهندسی,دانشگاه تهران
1394,ریاضی,1327,435,منطقه 2,مهندسی کامپیوتر,دانشگاه صنعتی امیرکبیر - تهران
1394,ریاضی,1327,792,منطقه 1,مهندسی شیمی,دانشگاه تهران
1394,ریاضی,1330,794,منطقه 1,مهندسی برق,دانشگاه علم و صنعت ایران - تهران
1394,ریاضی,1330,794,منطقه 1,مهندسی مکانیک,دانشگاه علم و صنعت ایران - تهران
1394,ریاضی,1330,794,منطقه 1,مهندسی هوا فضا,دانشگاه صنعتی امیرکبیر - تهران
1394,ریاضی,1333,436,منطقه 2,مهندسی پزشکی,دانشگاه صنعتی امیرکبیر - تهران
1394,ریاضی,1333,797,منطقه 1,مهندسی معماری,دانشگاه شهید بهشتی - تهران
1394,ریاضی,1335,66,منطقه 3,مهندسی برق,دانشگاه تهران
1394,ریاضی,1335,798,منطقه 1,مهندسی معماری,دانشگاه تهران
1394,ریاضی,1337,799,منطقه 1,مهندسی هوا فضا,دانشگاه صنعتی امیرکبیر - تهران
1394,ریاضی,1339,800,منطقه 1,مهندسی کامپیوتر,دانشگاه صنعتی امیرکبیر - تهران
1394,ریاضی,1341,802,منطقه 1,مهندسی شیمی,دانشگاه تهران
1394,ریاضی,1343,438,منطقه 2,مهندسی مکانیک,دانشگاه صنعتی امیرکبیر - تهران
1394,ریاضی,1343,438,منطقه 2,مهندسی نفت,دانشگاه صنعتی امیرکبیر - تهران
1394,ریاضی,1343,803,منطقه 1,مهندسی مکانیک,دانشگاه علم و صنعت ایران - تهران
1394,ریاضی,1345,804,منطقه 1,مهندسی مکانیک,دانشگاه شیراز
1394,ریاضی,1347,441,منطقه 2,فیزیک,دانشگاه صنعتی شریف - تهران
1394,ریاضی,1347,441,منطقه 2,مهندسی برق,دانشگاه علم و صنعت ایران - تهران
1394,ریاضی,1347,441,منطقه 2,مهندسی صنایع,دانشگاه صنعتی شریف - تهران
1394,ریاضی,1350,443,منطقه 2,مهندسی نفت,دانشگاه صنعت نفت (محل تحصیل اهواز)
1394,ریاضی,1352,444,منطقه 2,مهندسی صنایع,دانشگاه صنعتی امیرکبیر - تهران
1394,ریاضی,1353,807,منطقه 1,مهندسی مواد,دانشگاه صنعتی شریف - تهران
1394,ریاضی,1353,807,منطقه 1,مهندسی مکانیک,دانشگاه شیراز
1394,ریاضی,1356,445,منطقه 2,مهندسی مکانیک,دانشگاه علم و صنعت ایران - تهران
1394,ریاضی,1356,809,منطقه 1,مهندسی شیمی,دانشگاه تهران
1394,ریاضی,1359,67,منطقه 3,مهندسی مکانیک,دانشگاه تهران
1394,ریاضی,1359,446,منطقه 2,مهندسی عمران,دانشگاه علم و صنعت ایران - تهران
1394,ریاضی,1362,813,منطقه 1,مهندسی هوا فضا,دانشگاه صنعتی امیرکبیر - تهران
1394,ریاضی,1364,447,منطقه 2,مهندسی کامپیوتر,دانشگاه صنعتی امیرکبیر - تهران
1394,ریاضی,1364,814,منطقه 1,مهندسی مکانیک,دانشگاه علم و صنعت ایران - تهران
1394,ریاضی,1366,816,منطقه 1,مهندسی مکانیک,دانشگاه صنعتی اصفهان
1394,ریاضی,1366,816,منطقه 1,مهندسی کامپیوتر,دانشگاه صنعتی امیرکبیر - تهران
1394,ریاضی,1368,448,منطقه 2,مهندسی مکانیک,دانشگاه صنعتی امیرکبیر - تهران
1394,ریاضی,1368,818,منطقه 1,ریاضیات و کاربردها,دانشگاه صنعتی شریف - تهران
1394,ریاضی,1371,68,منطقه 3,مهندسی برق,دانشگاه تهران
1394,ریاضی,1371,449,منطقه 2,مهندسی عمران,دانشگاه صنعتی امیرکبیر - تهران
1394,ریاضی,1373,450,منطقه 2,مهندسی کامپیوتر,دانشگاه صنعتی امیرکبیر - تهران
1394,ریاضی,1375,69,منطقه 3,مهندسی مکانیک,دانشگاه علم و صنعت ایران - تهران
1394,ریاضی,1375,451,منطقه 2,مهندسی شیمی,دانشگاه تهران
1394,ریاضی,1375,820,منطقه 1,مهندسی مواد,دانشگاه صنعتی شریف - تهران
1394,ریاضی,1379,823,منطقه 1,مهندسی برق,دانشگاه فردوسی - مشهد
1394,ریاضی,1379,823,منطقه 1,مهندسی شیمی,دانشگاه تهران
1394,ریاضی,1379,823,منطقه 1,مهندسی عمران,دانشگاه علم و صنعت ایران - تهران
1394,ریاضی,1384,70,منطقه 3,مهندسی برق,دانشگاه تهران
1394,ریاضی,1384,453,منطقه 2,مهندسی عمران,دانشگاه تهران
1394,ریاضی,1384,453,منطقه 2,مهندسی عمران,دانشگاه علم و صنعت ایران - تهران
1394,ریاضی,1384,826,منطقه 1,مهندسی شیمی,دانشگاه صنعتی امیرکبیر - تهران
1394,ریاضی,1389,828,منطقه 1,مهندسی معماری,دانشگاه تهران
1394,ریاضی,1389,828,منطقه 1,مهندسی نفت,دانشگاه صنعتی امیرکبیر - تهران
1394,ریاضی,1392,1,خانواده شهدا,مهندسی مکانیک,دانشگاه صنعتی شریف - تهران
1394,ریاضی,1392,456,منطقه 2,مهندسی عمران,دانشگاه صنعتی امیرکبیر - تهران
1394,ریاضی,1396,833,منطقه 1,مهندسی صنایع,دانشگاه صنعتی امیرکبیر - تهران
1394,ریاضی,1396,833,منطقه 1,مهندسی مکانیک,دانشگاه صنعتی اصفهان
1394,ریاضی,1400,837,منطقه 1,مهندسی شیمی,دانشگاه تهران
1394,ریاضی,1400,837,منطقه 1,مهندسی عمران,دانشگاه صنعتی اصفهان
1394,ریاضی,1400,837,منطقه 1,مهندسی معماری,دانشگاه تهران
1394,ریاضی,1402,71,منطقه 3,مهندسی برق,دانشگاه تهران
1394,ریاضی,1402,839,منطقه 1,مهندسی عمران,دانشگاه صنعتی اصفهان
1394,ریاضی,1404,840,منطقه 1,مهندسی شیمی,دانشگاه تهران
1394,ریاضی,1407,842,منطقه 1,مهندسی مکانیک,دانشگاه صنعتی اصفهان
1394,ریاضی,1411,72,منطقه 3,مهندسی برق,دانشگاه تهران
1394,ریاضی,1411,458,منطقه 2,مهندسی مکانیک,دانشگاه علم و صنعت ایران - تهران
1394,ریاضی,1411,845,منطقه 1,مهندسی پزشکی,دانشگاه صنعتی امیرکبیر - تهران
1394,ریاضی,1415,73,منطقه 3,مهندسی نفت,دانشگاه صنعتی شریف - تهران
1394,ریاضی,1419,460,منطقه 2,مهندسی شیمی,دانشگاه تهران
1394,ریاضی,1419,850,منطقه 1,مهندسی برق,دانشگاه تبریز
1394,ریاضی,1422,37,ایثارگران,مهندسی برق,دانشگاه صنعتی شریف - تهران
1394,ریاضی,1423,852,منطقه 1,مهندسی صنایع,دانشگاه صنعتی امیرکبیر - تهران
1394,ریاضی,1425,461,منطقه 2,مهندسی پزشکی,دانشگاه صنعتی امیرکبیر - تهران
1394,ریاضی,1425,853,منطقه 1,مهندسی صنایع,دانشگاه صنعتی امیرکبیر - تهران
1394,ریاضی,1428,462,منطقه 2,مهندسی نفت,دانشگاه صنعت نفت (محل تحصیل اهواز)
1394,ریاضی,1428,855,منطقه 1,مهندسی برق,دانشگاه علم و صنعت ایران - تهران
1394,ریاضی,1430,857,منطقه 1,مهندسی برق,دانشگاه علم و صنعت ایران - تهران
1394,ریاضی,1430,857,منطقه 1,مهندسی کامپیوتر,دانشگاه صنعتی خواجه نصیرالدین طوسی - تهران
1394,ریاضی,1432,74,منطقه 3,مهندسی برق,دانشگاه تهران
1394,ریاضی,1434,463,منطقه 2,مهندسی مکانیک,دانشگاه صنعتی امیرکبیر - تهران
1394,ریاضی,1434,463,منطقه 2,مهندسی هوا فضا,دانشگاه صنعتی شریف - تهران
1394,ریاضی,1434,859,منطقه 1,مهندسی برق,دانشگاه فردوسی - مشهد
1394,ریاضی,1434,859,منطقه 1,مهندسی صنایع,دانشگاه صنعتی امیرکبیر - تهران
1394,ریاضی,1438,465,منطقه 2,مهندسی هوا فضا,دانشگاه صنعتی شریف - تهران
1394,ریاضی,1438,861,منطقه 1,مهندسی کامپیوتر,دانشگاه صنعتی اصفهان
1394,ریاضی,1442,466,منطقه 2,مهندسی پزشکی,دانشگاه صنعتی امیرکبیر - تهران
1394,ریاضی,1442,466,منطقه 2,مهندسی کامپیوتر,دانشگاه صنعتی امیرکبیر - تهران
1394,ریاضی,1442,863,منطقه 1,مهندسی برق,دانشگاه علم و صنعت ایران - تهران
1394,ریاضی,1442,863,منطقه 1,مهندسی معماری,دانشگاه تهران
1394,ریاضی,1446,866,منطقه 1,مهندسی معماری,دانشگاه تهران
1394,ریاضی,1450,469,منطقه 2,مهندسی شیمی,دانشگاه تهران
1394,ریاضی,1450,469,منطقه 2,مهندسی مکانیک,دانشگاه صنعتی امیرکبیر - تهران
1394,ریاضی,1450,869,منطقه 1,مهندسی برق,دانشگاه علم و صنعت ایران - تهران
1394,ریاضی,1450,869,منطقه 1,مهندسی معماری,دانشگاه شهید بهشتی - تهران
1394,ریاضی,1450,869,منطقه 1,مهندسی مکانیک,دانشگاه علم و صنعت ایران - تهران
1394,ریاضی,1454,471,منطقه 2,مهندسی برق,دانشگاه علم و صنعت ایران - تهران
1394,ریاضی,1457,472,منطقه 2,مهندسی برق,دانشگاه صنعتی اصفهان
1394,ریاضی,1457,472,منطقه 2,مهندسی عمران,دانشگاه علم و صنعت ایران - تهران
1394,ریاضی,1457,871,منطقه 1,مهندسی عمران,دانشگاه علم و صنعت ایران - تهران
1394,ریاضی,1461,77,منطقه 3,کارشناسی ارشد پیوسته علوم قضایی,دانشگاه علوم قضایی و خدمات ادارای دادگستری
1394,ریاضی,1461,474,منطقه 2,مهندسی مکانیک,دانشگاه صنعتی امیرکبیر - تهران
1394,ریاضی,1461,873,منطقه 1,مهندسی معماری,دانشگاه تهران
1394,ریاضی,1464,475,منطقه 2,مهندسی مواد,دانشگاه صنعتی شریف - تهران
1394,ریاضی,1464,874,منطقه 1,مهندسی مکانیک,دانشگاه علم و صنعت ایران - تهران
1394,ریاضی,1464,874,منطقه 1,مهندسی کامپیوتر,دانشگاه صنعتی اصفهان
1394,ریاضی,1466,476,منطقه 2,مهندسی برق,دانشگاه صنعتی اصفهان
1394,ریاضی,1469,477,منطقه 2,مهندسی صنایع,دانشگاه صنعتی امیرکبیر - تهران
1394,ریاضی,1470,478,منطقه 2,علوم کامپیوتر,دانشگاه صنعتی شریف - تهران
1394,ریاضی,1470,478,منطقه 2,مهندسی مکانیک,دانشگاه صنعتی امیرکبیر - تهران
1394,ریاضی,1473,480,منطقه 2,مهندسی نفت,دانشگاه صنعتی امیرکبیر - تهران
1394,ریاضی,1476,879,منطقه 1,مهندسی معماری,دانشگاه شهید بهشتی - تهران
1394,ریاضی,1476,879,منطقه 1,مهندسی مکانیک,دانشگاه علم و صنعت ایران - تهران
1394,ریاضی,1478,881,منطقه 1,مهندسی برق,دانشگاه علم و صنعت ایران - تهران
1394,ریاضی,1479,79,منطقه 3,مهندسی مکانیک,دانشگاه علم و صنعت ایران - تهران
1394,ریاضی,1480,482,منطقه 2,مهندسی کامپیوتر,دانشگاه صنعتی امیرکبیر - تهران
1394,ریاضی,1484,483,منطقه 2,مهندسی برق,دانشگاه علم و صنعت ایران - تهران
1394,ریاضی,1484,483,منطقه 2,مهندسی نفت,دانشگاه صنعت نفت (محل تحصیل اهواز)
1394,ریاضی,1484,884,منطقه 1,مهندسی معماری,دانشگاه تهران
1394,ریاضی,1487,886,منطقه 1,مهندسی عمران,دانشگاه علم و صنعت ایران - تهران
1394,ریاضی,1487,886,منطقه 1,مهندسی معماری,دانشگاه تهران
1394,ریاضی,1490,485,منطقه 2,مهندسی معماری,دانشگاه علم و صنعت ایران - تهران
1394,ریاضی,1490,485,منطقه 2,مهندسی مکانیک,دانشگاه صنعتی امیرکبیر - تهران
1394,ریاضی,1493,890,منطقه 1,مهندسی برق,دانشگاه علم و صنعت ایران - تهران
1394,ریاضی,1494,891,منطقه 1,مهندسی کامپیوتر,دانشگاه شهید بهشتی - تهران
1394,ریاضی,1496,487,منطقه 2,فیزیک,دانشگاه صنعتی شریف - تهران
1394,ریاضی,1496,487,منطقه 2,مهندسی شیمی,دانشگاه تهران
1394,ریاضی,1498,893,منطقه 1,مهندسی مکانیک,دانشگاه علم و صنعت ایران - تهران
1394,ریاضی,1500,895,منطقه 1,مهندسی مکانیک,دانشگاه علم و صنعت ایران - تهران
1394,ریاضی,1501,896,منطقه 1,مهندسی عمران,دانشگاه علم و صنعت ایران - تهران
1394,ریاضی,1504,899,منطقه 1,مهندسی صنایع,دانشگاه صنعتی امیرکبیر - تهران
1394,ریاضی,1504,899,منطقه 1,مهندسی کامپیوتر,دانشگاه علم و صنعت ایران - تهران
1394,ریاضی,1506,901,منطقه 1,علوم کامپیوتر,دانشگاه تهران
1394,ریاضی,1506,901,منطقه 1,مهندسی معماری,دانشگاه شهید بهشتی - تهران
1394,ریاضی,1510,80,منطقه 3,مهندسی شیمی,دانشگاه صنعتی شریف - تهران
1394,ریاضی,1510,489,منطقه 2,مهندسی برق,دانشگاه علم و صنعت ایران - تهران
1394,ریاضی,1510,489,منطقه 2,مهندسی مکانیک,دانشگاه علم و صنعت ایران - تهران
1394,ریاضی,1510,904,منطقه 1,مهندسی معماری,دانشگاه شهید بهشتی - تهران
1394,ریاضی,1514,906,منطقه 1,مهندسی کامپیوتر,دانشگاه علم و صنعت ایران - تهران
1394,ریاضی,1516,907,منطقه 1,مهندسی برق,دانشگاه فردوسی - مشهد
1394,ریاضی,1520,492,منطقه 2,مهندسی برق,دانشگاه علم و صنعت ایران - تهران
1394,ریاضی,1520,492,منطقه 2,مهندسی نفت,دانشگاه صنعتی امیرکبیر - تهران
1394,ریاضی,1520,909,منطقه 1,مهندسی برق,دانشگاه علم و صنعت ایران - تهران
1394,ریاضی,1520,909,منطقه 1,مهندسی صنایع,دانشگاه صنعتی امیرکبیر - تهران
1394,ریاضی,1524,912,منطقه 1,مهندسی شیمی,دانشگاه صنعتی امیرکبیر - تهران
1394,ریاضی,1524,912,منطقه 1,مهندسی کامپیوتر,دانشگاه فردوسی - مشهد
1394,ریاضی,1527,494,منطقه 2,مهندسی عمران,دانشگاه علم و صنعت ایران - تهران
1394,ریاضی,1529,81,منطقه 3,مهندسی برق,دانشگاه صنعتی امیرکبیر - تهران
1394,ریاضی,1529,915,منطقه 1,مهندسی پزشکی,دانشگاه صنعتی امیرکبیر - تهران
1394,ریاضی,1532,917,منطقه 1,مهندسی برق,دانشگاه علم و صنعت ایران - تهران
1394,ریاضی,1532,917,منطقه 1,مهندسی صنایع,دانشگاه صنعتی امیرکبیر - تهران
1394,ریاضی,1532,917,منطقه 1,مهندسی نفت,دانشگاه صنعتی امیرکبیر - تهران
1394,ریاضی,1535,919,منطقه 1,مهندسی عمران,دانشگاه فردوسی - مشهد
1394,ریاضی,1537,921,منطقه 1,مهندسی عمران,دانشگاه علم و صنعت ایران - تهران
1394,ریاضی,1539,497,منطقه 2,مهندسی نفت,دانشگاه صنعتی امیرکبیر - تهران
1394,ریاضی,1541,82,منطقه 3,مهندسی برق,دانشگاه صنعتی امیرکبیر - تهران
1394,ریاضی,1541,498,منطقه 2,مهندسی نفت,دانشگاه صنعتی امیرکبیر - تهران
1394,ریاضی,1541,498,منطقه 2,مهندسی کامپیوتر,دانشگاه علم و صنعت ایران - تهران
1394,ریاضی,1543,923,منطقه 1,مهندسی عمران,دانشگاه علم و صنعت ایران - تهران
1394,ریاضی,1543,923,منطقه 1,مهندسی کامپیوتر,دانشگاه صنعتی اصفهان
1394,ریاضی,1545,925,منطقه 1,مهندسی نفت,دانشگاه صنعتی امیرکبیر - تهران
1394,ریاضی,1546,500,منطقه 2,مهندسی شیمی,دانشگاه تهران
1394,ریاضی,1546,926,منطقه 1,مهندسی کامپیوتر,دانشگاه شیراز
1394,ریاضی,1548,501,منطقه 2,مهندسی عمران,دانشگاه علم و صنعت ایران - تهران
1394,ریاضی,1549,927,منطقه 1,مهندسی عمران,دانشگاه علم و صنعت ایران - تهران
1394,ریاضی,1550,928,منطقه 1,مهندسی عمران,دانشگاه صنعتی اصفهان
1394,ریاضی,1553,503,منطقه 2,مهندسی برق,دانشگاه علم و صنعت ایران - تهران
1394,ریاضی,1553,503,منطقه 2,مهندسی کامپیوتر,دانشگاه صنعتی امیرکبیر - تهران
1394,ریاضی,1553,929,منطقه 1,مهندسی مکانیک,دانشگاه علم و صنعت ایران - تهران
1394,ریاضی,1553,929,منطقه 1,مهندسی کامپیوتر,دانشگاه صنعتی اصفهان
1394,ریاضی,1556,931,منطقه 1,مهندسی برق,دانشگاه علم و صنعت ایران - تهران
1394,ریاضی,1559,506,منطقه 2,مهندسی برق,دانشگاه صنعتی اصفهان
1394,ریاضی,1559,506,منطقه 2,مهندسی پزشکی,دانشگاه صنعتی امیرکبیر - تهران
1394,ریاضی,1559,506,منطقه 2,مهندسی کامپیوتر,دانشگاه شهید باهنر - کرمان
1394,ریاضی,1562,934,منطقه 1,مهندسی برق,دانشگاه فردوسی - مشهد
1394,ریاضی,1562,934,منطقه 1,مهندسی شیمی,دانشگاه صنعتی امیرکبیر - تهران
1394,ریاضی,1562,934,منطقه 1,مهندسی مکانیک,دانشگاه صنعتی خواجه نصیرالدین طوسی - تهران
1394,ریاضی,1562,934,منطقه 1,مهندسی کامپیوتر,دانشگاه علم و صنعت ایران - تهران
1394,ریاضی,1566,509,منطقه 2,مهندسی برق,دانشگاه علم و صنعت ایران - تهران
1394,ریاضی,1566,509,منطقه 2,مهندسی مکانیک,دانشگاه صنعتی اصفهان
1394,ریاضی,1566,937,منطقه 1,مهندسی مکانیک,دانشگاه علم و صنعت ایران - تهران
1394,ریاضی,1571,512,منطقه 2,مهندسی عمران,دانشگاه صنعتی امیرکبیر - تهران
1394,ریاضی,1571,939,منطقه 1,مهندسی صنایع,دانشگاه صنعتی امیرکبیر - تهران
1394,ریاضی,1571,939,منطقه 1,مهندسی عمران,دانشگاه علم و صنعت ایران - تهران
1394,ریاضی,1574,513,منطقه 2,مهندسی عمران,دانشگاه صنعتی امیرکبیر - تهران
1394,ریاضی,1574,941,منطقه 1,مهندسی کامپیوتر,دانشگاه شهید بهشتی - تهران
1394,ریاضی,1576,942,منطقه 1,مهندسی معماری,دانشگاه شهید بهشتی - تهران
1394,ریاضی,1580,945,منطقه 1,مهندسی صنایع,دانشگاه صنعتی امیرکبیر - تهران
1394,ریاضی,1580,945,منطقه 1,مهندسی هوا فضا,دانشگاه صنعتی امیرکبیر - تهران
1394,ریاضی,1580,945,منطقه 1,مهندسی کامپیوتر,دانشگاه علم و صنعت ایران - تهران
1394,ریاضی,1585,950,منطقه 1,مهندسی صنایع,دانشگاه صنعتی امیرکبیر - تهران
1394,ریاضی,1588,953,منطقه 1,مهندسی عمران,دانشگاه علم و صنعت ایران - تهران
1394,ریاضی,1588,953,منطقه 1,مهندسی مکانیک,دانشگاه صنعتی اصفهان
1394,ریاضی,1588,953,منطقه 1,مهندسی مکانیک,دانشگاه علم و صنعت ایران - تهران
1394,ریاضی,1592,83,منطقه 3,مهندسی برق,دانشگاه صنعتی امیرکبیر - تهران
1394,ریاضی,1592,956,منطقه 1,مهندسی برق,دانشگاه علم و صنعت ایران - تهران
1394,ریاضی,1592,956,منطقه 1,مهندسی صنایع,دانشگاه صنعتی امیرکبیر - تهران
1394,ریاضی,1592,956,منطقه 1,مهندسی معماری,دانشگاه شهید بهشتی - تهران
1394,ریاضی,1597,515,منطقه 2,مهندسی مکانیک,دانشگاه علم و صنعت ایران - تهران
1394,ریاضی,1597,960,منطقه 1,علوم اقتصادی,دانشگاه فردوسی - مشهد
1394,ریاضی,1597,960,منطقه 1,مهندسی مواد,دانشگاه صنعتی شریف - تهران
1394,ریاضی,1597,960,منطقه 1,مهندسی مکانیک,دانشگاه صنعتی خواجه نصیرالدین طوسی - تهران
1394,ریاضی,1601,516,منطقه 2,مهندسی شیمی,دانشگاه تهران
1394,ریاضی,1601,516,منطقه 2,مهندسی مکانیک,دانشگاه شیراز
1394,ریاضی,1601,963,منطقه 1,مهندسی برق,دانشگاه علم و صنعت ایران - تهران
1394,ریاضی,1605,966,منطقه 1,مهندسی هوا فضا,دانشگاه صنعتی امیرکبیر - تهران
1394,ریاضی,1607,518,منطقه 2,مهندسی مکانیک,دانشگاه صنعتی امیرکبیر - تهران
1394,ریاضی,1607,967,منطقه 1,مهندسی برق,دانشگاه شیراز
1394,ریاضی,1607,967,منطقه 1,مهندسی برق,دانشگاه علم و صنعت ایران - تهران
1394,ریاضی,1610,519,منطقه 2,مهندسی شیمی,دانشگاه تهران
1394,ریاضی,1610,519,منطقه 2,مهندسی مکانیک,دانشگاه علم و صنعت ایران - تهران
1394,ریاضی,1610,969,منطقه 1,مهندسی صنایع,دانشگاه صنعتی امیرکبیر - تهران
1394,ریاضی,1613,521,منطقه 2,مهندسی پزشکی,دانشگاه صنعتی امیرکبیر - تهران
1394,ریاضی,1617,84,منطقه 3,مهندسی برق,دانشگاه صنعتی امیرکبیر - تهران
1394,ریاضی,1617,973,منطقه 1,مهندسی عمران,دانشگاه علم و صنعت ایران - تهران
1394,ریاضی,1621,522,منطقه 2,مهندسی شیمی,دانشگاه تهران
1394,ریاضی,1623,523,منطقه 2,دبیری ریاضی,پردیس شهید بهشتی - مشهد
1394,ریاضی,1623,523,منطقه 2,مهندسی صنایع,دانشگاه صنعتی شریف - تهران
1394,ریاضی,1626,525,منطقه 2,علوم کامپیوتر,دانشگاه صنعتی شریف - تهران
1394,ریاضی,1626,977,منطقه 1,مهندسی صنایع,دانشگاه صنعتی امیرکبیر - تهران
1394,ریاضی,1626,977,منطقه 1,مهندسی عمران,دانشگاه فردوسی - مشهد
1394,ریاضی,1629,527,منطقه 2,مهندسی هوا فضا,دانشگاه صنعتی امیرکبیر - تهران
1394,ریاضی,1629,979,منطقه 1,مهندسی صنایع,دانشگاه صنعتی امیرکبیر - تهران
1394,ریاضی,1633,529,منطقه 2,مهندسی صنایع,دانشگاه صنعتی شریف - تهران
1394,ریاضی,1633,529,منطقه 2,مهندسی مکانیک,دانشگاه علم و صنعت ایران - تهران
1394,ریاضی,1637,533,منطقه 2,علوم کامپیوتر,دانشگاه صنعتی شریف - تهران
1394,ریاضی,1637,533,منطقه 2,مهندسی شیمی,دانشگاه تهران
1394,ریاضی,1637,533,منطقه 2,مهندسی نفت,دانشگاه صنعتی امیرکبیر - تهران
1394,ریاضی,1637,533,منطقه 2,مهندسی کامپیوتر,دانشگاه علم و صنعت ایران - تهران
1394,ریاضی,1641,536,منطقه 2,ریاضیات و کاربردها,دانشگاه صنعتی شریف - تهران
1394,ریاضی,1641,536,منطقه 2,مهندسی مکانیک,دانشگاه صنعتی اصفهان
1394,ریاضی,1641,981,منطقه 1,مهندسی صنایع,دانشگاه فردوسی - مشهد
1394,ریاضی,1643,982,منطقه 1,مهندسی کامپیوتر,دانشگاه شهید بهشتی - تهران
1394,ریاضی,1646,539,منطقه 2,علوم کامپیوتر,دانشگاه صنعتی شریف - تهران
1394,ریاضی,1648,85,منطقه 3,مهندسی برق,دانشگاه صنعتی امیرکبیر - تهران
1394,ریاضی,1650,86,منطقه 3,مهندسی برق,دانشگاه صنعتی امیرکبیر - تهران
1394,ریاضی,1650,540,منطقه 2,مهندسی مکانیک,دانشگاه صنعتی امیرکبیر - تهران
1394,ریاضی,1650,540,منطقه 2,مهندسی مکانیک,دانشگاه صنعتی خواجه نصیرالدین طوسی - تهران
1394,ریاضی,1653,985,منطقه 1,مهندسی برق,دانشگاه علم و صنعت ایران - تهران
1394,ریاضی,1653,985,منطقه 1,مهندسی هوا فضا,دانشگاه صنعتی امیرکبیر - تهران
1394,ریاضی,1655,543,منطقه 2,مهندسی شیمی,دانشگاه تهران
1394,ریاضی,1655,543,منطقه 2,مهندسی صنایع,دانشگاه صنعتی امیرکبیر - تهران
1394,ریاضی,1658,87,منطقه 3,مهندسی کامپیوتر,دانشگاه صنعتی شریف - تهران
1394,ریاضی,1658,545,منطقه 2,مهندسی کامپیوتر,دانشگاه علم و صنعت ایران - تهران
1394,ریاضی,1658,987,منطقه 1,مهندسی مکانیک,دانشگاه صنعتی خواجه نصیرالدین طوسی - تهران
1394,ریاضی,1660,988,منطقه 1,مهندسی صنایع,دانشگاه صنعتی امیرکبیر - تهران
1394,ریاضی,1662,546,منطقه 2,مهندسی برق,دانشگاه علم و صنعت ایران - تهران
1394,ریاضی,1662,546,منطقه 2,کارشناسی ارشد پیوسته علوم قضایی,دانشگاه علوم قضایی و خدمات ادارای دادگستری
1394,ریاضی,1665,548,منطقه 2,مهندسی برق,دانشگاه علم و صنعت ایران - تهران
1394,ریاضی,1668,88,منطقه 3,مهندسی مکانیک,دانشگاه تهران
1394,ریاضی,1668,550,منطقه 2,مهندسی برق,دانشگاه علم و صنعت ایران - تهران
1394,ریاضی,1668,550,منطقه 2,مهندسی کامپیوتر,دانشگاه شهید بهشتی - تهران
1394,ریاضی,1668,550,منطقه 2,کارشناسی ارشد پیوسته علوم قضایی,دانشگاه علوم قضایی و خدمات ادارای دادگستری
1394,ریاضی,1668,991,منطقه 1,مهندسی کامپیوتر,دانشگاه فردوسی - مشهد
1394,ریاضی,1671,552,منطقه 2,مهندسی مکانیک,دانشگاه شیراز
1394,ریاضی,1671,992,منطقه 1,مهندسی برق,دانشگاه فردوسی - مشهد
1394,ریاضی,1673,553,منطقه 2,مهندسی مکانیک,دانشگاه صنعتی خواجه نصیرالدین طوسی - تهران
1394,ریاضی,1673,993,منطقه 1,مهندسی عمران,دانشگاه علم و صنعت ایران - تهران
1394,ریاضی,1675,554,منطقه 2,مهندسی شیمی,دانشگاه تهران
1394,ریاضی,1678,555,منطقه 2,مهندسی صنایع,دانشگاه صنعتی امیرکبیر - تهران
1394,ریاضی,1678,994,منطقه 1,مهندسی کامپیوتر,دانشگاه صنعتی اصفهان
1394,ریاضی,1681,556,منطقه 2,مهندسی مکانیک,دانشگاه شیراز
1394,ریاضی,1681,996,منطقه 1,مهندسی برق,دانشگاه فردوسی - مشهد
1394,ریاضی,1684,558,منطقه 2,مهندسی برق,دانشگاه علم و صنعت ایران - تهران
1394,ریاضی,1684,558,منطقه 2,مهندسی مواد,دانشگاه صنعتی شریف - تهران
1394,ریاضی,1684,997,منطقه 1,مهندسی هوا فضا,دانشگاه صنعتی امیرکبیر - تهران
1394,ریاضی,1688,561,منطقه 2,مهندسی صنایع,دانشگاه صنعتی امیرکبیر - تهران
1394,ریاضی,1688,561,منطقه 2,مهندسی عمران,دانشگاه علم و صنعت ایران - تهران
1394,ریاضی,1688,561,منطقه 2,مهندسی مواد و متالور‍ژی,دانشگاه تهران
1394,ریاضی,1688,999,منطقه 1,مهندسی شیمی,دانشگاه صنعتی امیرکبیر - تهران
1394,ریاضی,1688,999,منطقه 1,مهندسی عمران,دانشگاه علم و صنعت ایران - تهران
1394,ریاضی,1701,89,منطقه 3,مهندسی نفت,دانشگاه صنعتی شریف - تهران
1394,ریاضی,1704,91,منطقه 3,مهندسی مکانیک,دانشگاه تهران
1394,ریاضی,1712,564,منطقه 2,مهندسی معماری,دانشگاه شهید بهشتی - تهران
1394,ریاضی,1719,567,منطقه 2,مهندسی معماری,دانشگاه شهید بهشتی - تهران
1394,ریاضی,1722,568,منطقه 2,مهندسی شیمی,دانشگاه تهران
1394,ریاضی,1726,569,منطقه 2,مهندسی شیمی,دانشگاه صنعتی امیرکبیر - تهران
1394,ریاضی,1726,569,منطقه 2,مهندسی نفت,دانشگاه صنعتی امیرکبیر - تهران
1394,ریاضی,1729,571,منطقه 2,مهندسی کامپیوتر,دانشگاه بین المللی امام خمینی(ره) - قزوین
1394,ریاضی,1735,573,منطقه 2,مهندسی عمران,دانشگاه علم و صنعت ایران - تهران
1394,ریاضی,1737,574,منطقه 2,مهندسی شیمی,دانشگاه تهران
1394,ریاضی,1741,575,منطقه 2,مهندسی شیمی,دانشگاه تهران
1394,ریاضی,1744,577,منطقه 2,مهندسی برق,دانشگاه صنعتی اصفهان
1394,ریاضی,1744,577,منطقه 2,مهندسی برق,دانشگاه علم و صنعت ایران - تهران
1394,ریاضی,1746,579,منطقه 2,مهندسی نفت,دانشگاه صنعتی امیرکبیر - تهران
1394,ریاضی,1749,580,منطقه 2,مهندسی صنایع,دانشگاه تهران
1394,ریاضی,1753,581,منطقه 2,مهندسی برق,دانشگاه علم و صنعت ایران - تهران
1394,ریاضی,1755,93,منطقه 3,مهندسی برق,دانشگاه صنعتی امیرکبیر - تهران
1394,ریاضی,1762,582,منطقه 2,مهندسی مواد,دانشگاه صنعتی شریف - تهران
1394,ریاضی,1763,583,منطقه 2,مهندسی برق,دانشگاه شهید بهشتی - تهران
1394,ریاضی,1766,95,منطقه 3,مهندسی مکانیک,دانشگاه تهران
1394,ریاضی,1777,585,منطقه 2,مهندسی شیمی,دانشگاه تهران
1394,ریاضی,1778,586,منطقه 2,مهندسی دریا,دانشگاه صنعتی شریف - تهران
1394,ریاضی,1787,588,منطقه 2,مهندسی برق,دانشگاه علم و صنعت ایران - تهران
1394,ریاضی,1792,589,منطقه 2,مهندسی پزشکی,دانشگاه صنعتی امیرکبیر - تهران
1394,ریاضی,1798,591,منطقه 2,مهندسی برق,دانشگاه علم و صنعت ایران - تهران
1394,ریاضی,1798,591,منطقه 2,مهندسی معماری,دانشگاه شهید بهشتی - تهران
1394,ریاضی,1798,591,منطقه 2,مهندسی نفت,دانشگاه صنعتی امیرکبیر - تهران
1394,ریاضی,1798,591,منطقه 2,مهندسی پزشکی,دانشگاه صنعتی امیرکبیر - تهران
1394,ریاضی,1805,595,منطقه 2,مهندسی مکانیک,دانشگاه صنعتی اصفهان
1394,ریاضی,1809,597,منطقه 2,مهندسی برق,دانشگاه علم و صنعت ایران - تهران
1394,ریاضی,1809,597,منطقه 2,مهندسی صنایع,دانشگاه تهران
1394,ریاضی,1813,97,منطقه 3,مهندسی برق,دانشگاه صنعتی امیرکبیر - تهران
1394,ریاضی,1813,97,منطقه 3,مهندسی مکانیک,دانشگاه صنعتی خواجه نصیرالدین طوسی - تهران
1394,ریاضی,1817,599,منطقه 2,مهندسی هوا فضا,دانشگاه صنعتی امیرکبیر - تهران
1394,ریاضی,1822,600,منطقه 2,مهندسی برق,دانشگاه علم و صنعت ایران - تهران
1394,ریاضی,1825,99,منطقه 3,مهندسی شیمی,دانشگاه صنعتی شریف - تهران
1394,ریاضی,1828,100,منطقه 3,مهندسی برق,دانشگاه صنعتی امیرکبیر - تهران
1394,ریاضی,1828,602,منطقه 2,مهندسی معماری,دانشگاه شهید بهشتی - تهران
1394,ریاضی,1840,604,منطقه 2,مهندسی صنایع,دانشگاه تهران
1394,ریاضی,1845,606,منطقه 2,مهندسی مواد,دانشگاه صنعتی شریف - تهران
1394,ریاضی,1849,103,منطقه 3,مهندسی نفت,دانشگاه صنعتی شریف - تهران
1394,ریاضی,1851,607,منطقه 2,مهندسی پلیمر,دانشگاه صنعتی امیرکبیر - تهران
1394,ریاضی,1855,104,منطقه 3,مهندسی عمران,دانشگاه صنعتی خواجه نصیرالدین طوسی - تهران
1394,ریاضی,1860,608,منطقه 2,مهندسی معماری,دانشگاه علم و صنعت ایران - تهران
1394,ریاضی,1864,609,منطقه 2,مهندسی مکانیک,دانشگاه شیراز
1394,ریاضی,1864,609,منطقه 2,مهندسی مکانیک,دانشگاه صنعتی خواجه نصیرالدین طوسی - تهران
1394,ریاضی,1869,611,منطقه 2,مهندسی نفت,دانشگاه صنعت نفت (محل تحصیل اهواز)
1394,ریاضی,1873,612,منطقه 2,دکترای پیوسته فیزیک,مرکز تحصیلات تکمیلی در علوم پایه زنجان
1394,ریاضی,1881,614,منطقه 2,مهندسی مکانیک,دانشگاه صنعتی اصفهان
1394,ریاضی,1884,615,منطقه 2,مهندسی مواد,دانشگاه صنعتی شریف - تهران
1394,ریاضی,1890,106,منطقه 3,مهندسی شیمی,دانشگاه صنعتی شریف - تهران
1394,ریاضی,1890,617,منطقه 2,مهندسی برق,دانشگاه شهید بهشتی - تهران
1394,ریاضی,1890,617,منطقه 2,مهندسی برق,دانشگاه صنعتی خواجه نصیرالدین طوسی - تهران
1394,ریاضی,1897,619,منطقه 2,مهندسی عمران,دانشگاه صنعتی خواجه نصیرالدین طوسی - تهران
1394,ریاضی,1903,107,منطقه 3,مهندسی برق,دانشگاه علم و صنعت ایران - تهران
1394,ریاضی,1903,620,منطقه 2,مهندسی هوا فضا,دانشگاه صنعتی امیرکبیر - تهران
1394,ریاضی,1913,622,منطقه 2,مهندسی برق,دانشگاه صنعتی خواجه نصیرالدین طوسی - تهران
1394,ریاضی,1913,622,منطقه 2,مهندسی عمران,دانشگاه علم و صنعت ایران - تهران
1394,ریاضی,1913,622,منطقه 2,مهندسی کامپیوتر,دانشگاه علم و صنعت ایران - تهران
1394,ریاضی,1917,624,منطقه 2,مهندسی پزشکی,دانشگاه صنعتی امیرکبیر - تهران
1394,ریاضی,1919,108,منطقه 3,مهندسی برق,دانشگاه صنعتی امیرکبیر - تهران
1394,ریاضی,1919,108,منطقه 3,مهندسی شیمی,دانشگاه صنعتی شریف - تهران
1394,ریاضی,1923,625,منطقه 2,مهندسی شیمی,دانشگاه صنعتی امیرکبیر - تهران
1394,ریاضی,1932,628,منطقه 2,مهندسی پزشکی,دانشگاه صنعتی امیرکبیر - تهران
1394,ریاضی,1936,110,منطقه 3,مهندسی مکانیک,دانشگاه تهران
1394,ریاضی,1940,630,منطقه 2,مهندسی کامپیوتر,دانشگاه شهید بهشتی - تهران
1394,ریاضی,1944,632,منطقه 2,علوم کامپیوتر,دانشگاه تهران
1394,ریاضی,1944,632,منطقه 2,مهندسی برق,دانشگاه شهید بهشتی - تهران
1394,ریاضی,1948,634,منطقه 2,مهندسی نفت,دانشگاه صنعتی امیرکبیر - تهران
1394,ریاضی,1950,635,منطقه 2,مهندسی مکانیک,دانشگاه صنعتی خواجه نصیرالدین طوسی - تهران
1394,ریاضی,1954,636,منطقه 2,مهندسی شیمی,دانشگاه صنعتی امیرکبیر - تهران
1394,ریاضی,1954,636,منطقه 2,مهندسی مکانیک,دانشگاه یزد
1394,ریاضی,1960,638,منطقه 2,مهندسی مکانیک,دانشگاه تربیت دبیر شهید رجایی - تهران (رشته های دارای تعهد به آموزش و پرورش)
1394,ریاضی,1963,640,منطقه 2,مهندسی نفت,دانشگاه صنعتی امیرکبیر - تهران
1394,ریاضی,1966,641,منطقه 2,مهندسی مکانیک,دانشگاه صنعتی اصفهان
1394,ریاضی,1970,643,منطقه 2,مهندسی مکانیک,دانشگاه صنعتی اصفهان
1394,ریاضی,1974,644,منطقه 2,مهندسی کامپیوتر,دانشگاه علم و صنعت ایران - تهران
1394,ریاضی,1976,645,منطقه 2,مهندسی نفت,دانشگاه صنعت نفت (محل تحصیل اهواز)
1394,ریاضی,1983,646,منطقه 2,مهندسی عمران,دانشگاه علم و صنعت ایران - تهران
1394,ریاضی,1991,647,منطقه 2,مهندسی پزشکی,دانشگاه صنعتی امیرکبیر - تهران
1394,ریاضی,1993,111,منطقه 3,مهندسی برق,دانشگاه صنعتی امیرکبیر - تهران
1394,ریاضی,1993,648,منطقه 2,مهندسی شیمی,دانشگاه صنعتی امیرکبیر - تهران
1394,ریاضی,1995,649,منطقه 2,مهندسی مکانیک,دانشگاه صنعتی خواجه نصیرالدین طوسی - تهران
1394,ریاضی,1997,650,منطقه 2,مهندسی نفت,دانشگاه صنعت نفت (محل تحصیل اهواز)
1394,ریاضی,1997,650,منطقه 2,مهندسی پزشکی,دانشگاه صنعتی امیرکبیر - تهران
1394,ریاضی,2002,653,منطقه 2,مهندسی عمران,دانشگاه صنعتی خواجه نصیرالدین طوسی - تهران
1394,ریاضی,2012,655,منطقه 2,مهندسی شیمی,دانشگاه صنعتی امیرکبیر - تهران
1394,ریاضی,2012,655,منطقه 2,مهندسی مکانیک,دانشگاه صنعتی خواجه نصیرالدین طوسی - تهران
1394,ریاضی,2021,658,منطقه 2,مهندسی شیمی,دانشگاه صنعتی امیرکبیر - تهران
1394,ریاضی,2021,658,منطقه 2,مهندسی کامپیوتر,دانشگاه علم و صنعت ایران - تهران
1394,ریاضی,2024,660,منطقه 2,مهندسی برق,دانشگاه شهید بهشتی - تهران
1394,ریاضی,2024,660,منطقه 2,مهندسی عمران,دانشگاه صنعتی خواجه نصیرالدین طوسی - تهران
1394,ریاضی,2028,662,منطقه 2,علوم کامپیوتر,دانشگاه تهران
1394,ریاضی,2031,664,منطقه 2,مهندسی برق,دانشگاه فردوسی - مشهد
1394,ریاضی,2034,112,منطقه 3,مهندسی نفت,دانشگاه صنعتی شریف - تهران
1394,ریاضی,2037,666,منطقه 2,مهندسی نفت,دانشگاه صنعت نفت (محل تحصیل اهواز)
1394,ریاضی,2043,669,منطقه 2,علوم کامپیوتر,دانشگاه تهران
1394,ریاضی,2043,669,منطقه 2,مهندسی عمران,دانشگاه علم و صنعت ایران - تهران
1394,ریاضی,2047,114,منطقه 3,مهندسی برق,دانشگاه صنعتی امیرکبیر - تهران
1394,ریاضی,2051,672,منطقه 2,مهندسی مکانیک,دانشگاه صنعتی اصفهان
1394,ریاضی,2056,674,منطقه 2,مهندسی مکانیک,دانشگاه شهید بهشتی - تهران
1394,ریاضی,2061,676,منطقه 2,فیزیک,دانشگاه صنعتی شریف - تهران
1394,ریاضی,2061,676,منطقه 2,مهندسی مکانیک,دانشگاه فردوسی - مشهد
1394,ریاضی,2066,679,منطقه 2,مهندسی معماری,دانشگاه علم و صنعت ایران - تهران
1394,ریاضی,2066,679,منطقه 2,مهندسی نفت,دانشگاه صنعت نفت (محل تحصیل اهواز)
1394,ریاضی,2071,681,منطقه 2,مهندسی برق,دانشگاه صنعتی خواجه نصیرالدین طوسی - تهران
1394,ریاضی,2077,684,منطقه 2,مهندسی شیمی,دانشگاه صنعتی امیرکبیر - تهران
1394,ریاضی,2081,118,منطقه 3,مهندسی شهرسازی,دانشگاه تهران
1394,ریاضی,2081,685,منطقه 2,ریاضیات و کاربردها,دانشگاه صنعتی شریف - تهران
1394,ریاضی,2081,685,منطقه 2,مهندسی نفت,دانشگاه صنعت نفت (محل تحصیل اهواز)
1394,ریاضی,2087,119,منطقه 3,مهندسی برق,دانشگاه صنعتی امیرکبیر - تهران
1394,ریاضی,2087,119,منطقه 3,مهندسی نفت,دانشگاه صنعت نفت (محل تحصیل اهواز)
1394,ریاضی,2087,687,منطقه 2,مهندسی مکانیک,دانشگاه صنعتی خواجه نصیرالدین طوسی - تهران
1394,ریاضی,2087,687,منطقه 2,مهندسی هوا فضا,دانشگاه صنعتی امیرکبیر - تهران
1394,ریاضی,2091,689,منطقه 2,مهندسی برق,دانشگاه صنعتی خواجه نصیرالدین طوسی - تهران
1394,ریاضی,2091,689,منطقه 2,مهندسی شیمی,دانشگاه صنعتی امیرکبیر - تهران
1394,ریاضی,2097,692,منطقه 2,مهندسی هوا فضا,دانشگاه صنعتی امیرکبیر - تهران
1394,ریاضی,2099,693,منطقه 2,مهندسی صنایع,دانشگاه صنعتی امیرکبیر - تهران
1394,ریاضی,2104,121,منطقه 3,مهندسی مکانیک,دانشگاه صنعتی امیرکبیر - تهران
1394,ریاضی,2105,695,منطقه 2,مهندسی عمران,دانشگاه صنعتی خواجه نصیرالدین طوسی - تهران
1394,ریاضی,2105,695,منطقه 2,مهندسی مواد,دانشگاه صنعتی شریف - تهران
1394,ریاضی,2108,697,منطقه 2,مهندسی برق,دانشگاه صنعتی خواجه نصیرالدین طوسی - تهران
1394,ریاضی,2113,698,منطقه 2,مهندسی مکانیک,دانشگاه صنعتی خواجه نصیرالدین طوسی - تهران
1394,ریاضی,2113,698,منطقه 2,مهندسی پزشکی,دانشگاه صنعتی امیرکبیر - تهران
1394,ریاضی,2116,700,منطقه 2,مهندسی عمران,دانشگاه شهید بهشتی - تهران
1394,ریاضی,2118,122,منطقه 3,مهندسی هوا فضا,دانشگاه صنعتی شریف - تهران
1394,ریاضی,2122,702,منطقه 2,مهندسی عمران,دانشگاه شهید بهشتی - تهران
1394,ریاضی,2122,702,منطقه 2,مهندسی هوا فضا,دانشگاه صنعتی امیرکبیر - تهران
1394,ریاضی,2128,705,منطقه 2,مهندسی هوا فضا,دانشگاه صنعتی امیرکبیر - تهران
1394,ریاضی,2131,706,منطقه 2,مهندسی مکانیک,دانشگاه صنعتی خواجه نصیرالدین طوسی - تهران
1394,ریاضی,2135,707,منطقه 2,مهندسی شیمی,دانشگاه صنعتی امیرکبیر - تهران
1394,ریاضی,2135,707,منطقه 2,مهندسی هوا فضا,دانشگاه صنعتی امیرکبیر - تهران
1394,ریاضی,2143,124,منطقه 3,مهندسی برق,دانشگاه صنعتی امیرکبیر - تهران
1394,ریاضی,2144,125,منطقه 3,مهندسی مکانیک,دانشگاه صنعتی امیرکبیر - تهران
1394,ریاضی,2148,126,منطقه 3,مهندسی برق,دانشگاه صنعتی امیرکبیر - تهران
1394,ریاضی,2148,711,منطقه 2,مهندسی پزشکی,دانشگاه صنعتی امیرکبیر - تهران
1394,ریاضی,2148,711,منطقه 2,مهندسی کامپیوتر,دانشگاه علم و صنعت ایران - تهران
1394,ریاضی,2156,713,منطقه 2,مهندسی عمران,دانشگاه شهید بهشتی - تهران
1394,ریاضی,2162,714,منطقه 2,مهندسی شیمی,دانشگاه صنعتی امیرکبیر - تهران
1394,ریاضی,2162,714,منطقه 2,مهندسی صنایع,دانشگاه صنعتی امیرکبیر - تهران
1394,ریاضی,2164,716,منطقه 2,مهندسی نفت,دانشگاه صنعت نفت (محل تحصیل اهواز)
1394,ریاضی,2169,717,منطقه 2,مهندسی مکانیک,دانشگاه صنعتی خواجه نصیرالدین طوسی - تهران
1394,ریاضی,2182,718,منطقه 2,ریاضیات و کاربردها,دانشگاه صنعتی شریف - تهران
1394,ریاضی,2182,718,منطقه 2,مهندسی شیمی,دانشگاه صنعتی امیرکبیر - تهران
1394,ریاضی,2187,720,منطقه 2,مهندسی مکانیک,دانشگاه صنعتی خواجه نصیرالدین طوسی - تهران
1394,ریاضی,2190,722,منطقه 2,مهندسی برق,دانشگاه شهید بهشتی - تهران
1394,ریاضی,2192,724,منطقه 2,مهندسی کامپیوتر,دانشگاه شهید باهنر - کرمان
1394,ریاضی,2194,128,منطقه 3,مهندسی نفت,دانشگاه تهران
1394,ریاضی,2194,725,منطقه 2,مهندسی عمران,دانشگاه صنعتی خواجه نصیرالدین طوسی - تهران
1394,ریاضی,2199,129,منطقه 3,مهندسی شیمی,دانشگاه صنعتی شریف - تهران
1394,ریاضی,2199,726,منطقه 2,مهندسی برق,دانشگاه صنعتی خواجه نصیرالدین طوسی - تهران
1394,ریاضی,2203,727,منطقه 2,مهندسی صنایع,دانشگاه صنعتی امیرکبیر - تهران
1394,ریاضی,2209,130,منطقه 3,مهندسی شیمی,دانشگاه صنعتی شریف - تهران
1394,ریاضی,2209,728,منطقه 2,مهندسی مکانیک,دانشگاه صنعتی خواجه نصیرالدین طوسی - تهران
1394,ریاضی,2209,728,منطقه 2,مهندسی نفت,دانشگاه صنعت نفت (محل تحصیل اهواز)
1394,ریاضی,2213,730,منطقه 2,مهندسی شیمی,دانشگاه صنعتی امیرکبیر - تهران
1394,ریاضی,2215,132,منطقه 3,مهندسی شیمی,دانشگاه صنعتی شریف - تهران
1394,ریاضی,2217,133,منطقه 3,مهندسی برق,دانشگاه علم و صنعت ایران - تهران
1394,ریاضی,2220,732,منطقه 2,مهندسی برق,دانشگاه شهید بهشتی - تهران
1394,ریاضی,2228,733,منطقه 2,مهندسی صنایع,دانشگاه علم و صنعت ایران - تهران
1394,ریاضی,2231,134,منطقه 3,مهندسی نفت,دانشگاه صنعتی شریف - تهران
1394,ریاضی,2231,734,منطقه 2,مهندسی معماری,دانشگاه شهید بهشتی - تهران
1394,ریاضی,2233,736,منطقه 2,مهندسی برق,دانشگاه صنعتی خواجه نصیرالدین طوسی - تهران
1394,ریاضی,2242,738,منطقه 2,مهندسی کامپیوتر,دانشگاه علم و صنعت ایران - تهران
1394,ریاضی,2246,741,منطقه 2,مهندسی صنایع,دانشگاه صنعتی امیرکبیر - تهران
1394,ریاضی,2252,742,منطقه 2,مهندسی هوا فضا,دانشگاه صنعتی امیرکبیر - تهران
1394,ریاضی,2255,135,منطقه 3,مهندسی نفت,دانشگاه صنعت نفت (محل تحصیل اهواز)
1394,ریاضی,2255,743,منطقه 2,مهندسی برق,دانشگاه صنعتی خواجه نصیرالدین طوسی - تهران
1394,ریاضی,2259,744,منطقه 2,مهندسی معماری,دانشگاه هنر تهران (محل تحصیل کرج)
1394,ریاضی,2263,747,منطقه 2,مهندسی پلیمر,دانشگاه تهران
1394,ریاضی,2269,137,منطقه 3,مهندسی شیمی,دانشگاه صنعتی شریف - تهران
1394,ریاضی,2269,749,منطقه 2,مهندسی هوا فضا,دانشگاه صنعتی امیرکبیر - تهران
1394,ریاضی,2273,751,منطقه 2,مهندسی عمران,دانشگاه صنعتی خواجه نصیرالدین طوسی - تهران
1394,ریاضی,2277,753,منطقه 2,ریاضیات و کاربردها,دانشگاه صنعتی شریف - تهران
1394,ریاضی,2281,138,منطقه 3,مهندسی مکانیک,دانشگاه صنعتی امیرکبیر - تهران
1394,ریاضی,2284,754,منطقه 2,مهندسی برق,دانشگاه صنعتی اصفهان
1394,ریاضی,2284,754,منطقه 2,مهندسی شیمی,دانشگاه صنعتی امیرکبیر - تهران
1394,ریاضی,2286,756,منطقه 2,مهندسی مکانیک,دانشگاه صنعتی خواجه نصیرالدین طوسی - تهران
1394,ریاضی,2288,757,منطقه 2,مهندسی صنایع,دانشگاه صنعتی اصفهان
1394,ریاضی,2291,758,منطقه 2,مهندسی برق,دانشگاه صنعتی خواجه نصیرالدین طوسی - تهران
1394,ریاضی,2291,758,منطقه 2,مهندسی نفت,دانشگاه صنعت نفت (محل تحصیل اهواز)
1394,ریاضی,2294,760,منطقه 2,مهندسی مواد,دانشگاه صنعتی شریف - تهران
1394,ریاضی,2299,139,منطقه 3,مهندسی کامپیوتر,دانشگاه صنعتی شریف - تهران
1394,ریاضی,2299,761,منطقه 2,مهندسی عمران,دانشگاه صنعتی خواجه نصیرالدین طوسی - تهران
1394,ریاضی,2304,762,منطقه 2,مهندسی برق,دانشگاه صنعتی خواجه نصیرالدین طوسی - تهران
1394,ریاضی,2311,140,منطقه 3,مهندسی مکانیک,دانشگاه صنعتی امیرکبیر - تهران
1394,ریاضی,2311,764,منطقه 2,مهندسی معماری,دانشگاه شهید بهشتی - تهران
1394,ریاضی,2314,141,منطقه 3,مهندسی برق,دانشگاه علم و صنعت ایران - تهران
1394,ریاضی,2314,765,منطقه 2,مهندسی برق,دانشگاه شهید بهشتی - تهران
1394,ریاضی,2317,768,منطقه 2,مهندسی برق,دانشگاه صنعتی خواجه نصیرالدین طوسی - تهران
1394,ریاضی,2317,768,منطقه 2,مهندسی صنایع,دانشگاه علم و صنعت ایران - تهران
1394,ریاضی,2317,768,منطقه 2,مهندسی معماری,دانشگاه قم
1394,ریاضی,2321,770,منطقه 2,مهندسی شیمی,دانشگاه صنعتی امیرکبیر - تهران
1394,ریاضی,2327,772,منطقه 2,مهندسی نفت,دانشگاه صنعت نفت (محل تحصیل اهواز)
1394,ریاضی,2329,773,منطقه 2,فیزیک,دانشگاه تهران
1394,ریاضی,2333,775,منطقه 2,مهندسی برق,دانشگاه صنعتی اصفهان
1394,ریاضی,2333,775,منطقه 2,مهندسی شیمی,دانشگاه صنعتی امیرکبیر - تهران
1394,ریاضی,2339,143,منطقه 3,مهندسی شیمی,دانشگاه تهران
1394,ریاضی,2339,143,منطقه 3,مهندسی شیمی,دانشگاه صنعتی شریف - تهران
1394,ریاضی,2339,143,منطقه 3,مهندسی صنایع,دانشگاه علم و صنعت ایران - تهران
1394,ریاضی,2339,777,منطقه 2,مهندسی برق,دانشگاه صنعتی خواجه نصیرالدین طوسی - تهران
1394,ریاضی,2339,777,منطقه 2,مهندسی عمران,دانشگاه صنعتی خواجه نصیرالدین طوسی - تهران
1394,ریاضی,2344,145,منطقه 3,مهندسی شیمی,دانشگاه صنعتی شریف - تهران
1394,ریاضی,2344,779,منطقه 2,مهندسی عمران,دانشگاه صنعتی خواجه نصیرالدین طوسی - تهران
1394,ریاضی,2344,779,منطقه 2,مهندسی پلیمر,دانشگاه تهران
1394,ریاضی,2346,781,منطقه 2,مهندسی نفت,دانشگاه صنعت نفت (محل تحصیل اهواز)
1394,ریاضی,2349,782,منطقه 2,مهندسی هوا فضا,دانشگاه صنعتی امیرکبیر - تهران
1394,ریاضی,2349,782,منطقه 2,مهندسی کامپیوتر,دانشگاه شهید بهشتی - تهران
1394,ریاضی,2354,785,منطقه 2,مهندسی مواد,دانشگاه صنعتی شریف - تهران
1394,ریاضی,2354,785,منطقه 2,مهندسی کامپیوتر,دانشگاه شهید بهشتی - تهران
1394,ریاضی,2359,788,منطقه 2,مهندسی مواد,دانشگاه صنعتی شریف - تهران
1394,ریاضی,2364,791,منطقه 2,مهندسی کامپیوتر,دانشگاه صنعتی خواجه نصیرالدین طوسی - تهران
1394,ریاضی,2368,146,منطقه 3,مهندسی مکانیک,دانشگاه صنعتی امیرکبیر - تهران
1394,ریاضی,2368,792,منطقه 2,مهندسی مکانیک,دانشگاه صنعتی خواجه نصیرالدین طوسی - تهران
1394,ریاضی,2371,794,منطقه 2,مهندسی برق,دانشگاه صنعتی خواجه نصیرالدین طوسی - تهران
1394,ریاضی,2371,794,منطقه 2,مهندسی مکانیک,دانشگاه صنعتی خواجه نصیرالدین طوسی - تهران
1394,ریاضی,2375,797,منطقه 2,مهندسی عمران,دانشگاه صنعتی خواجه نصیرالدین طوسی - تهران
1394,ریاضی,2375,797,منطقه 2,مهندسی هوا فضا,دانشگاه صنعتی امیرکبیر - تهران
1394,ریاضی,2375,797,منطقه 2,مهندسی پزشکی,دانشگاه صنعتی امیرکبیر - تهران
1394,ریاضی,2379,147,منطقه 3,مهندسی نفت,دانشگاه تهران
1394,ریاضی,2379,799,منطقه 2,مهندسی عمران,دانشگاه صنعتی خواجه نصیرالدین طوسی - تهران
1394,ریاضی,2382,800,منطقه 2,مهندسی کامپیوتر,دانشگاه شهید بهشتی - تهران
1394,ریاضی,2384,801,منطقه 2,مهندسی برق,دانشگاه صنعتی خواجه نصیرالدین طوسی - تهران
1394,ریاضی,2389,802,منطقه 2,مهندسی برق,دانشگاه صنعتی اصفهان
1394,ریاضی,2395,149,منطقه 3,مهندسی نفت,دانشگاه صنعتی امیرکبیر - تهران
1394,ریاضی,2403,806,منطقه 2,مهندسی برق,دانشگاه صنعتی اصفهان
1394,ریاضی,2410,808,منطقه 2,مهندسی برق,دانشگاه صنعتی خواجه نصیرالدین طوسی - تهران
1394,ریاضی,2410,808,منطقه 2,مهندسی مکانیک,دانشگاه صنعتی خواجه نصیرالدین طوسی - تهران
1394,ریاضی,2413,810,منطقه 2,مهندسی هوا فضا,دانشگاه صنعتی امیرکبیر - تهران
1394,ریاضی,2416,152,منطقه 3,مهندسی برق,دانشگاه علم و صنعت ایران - تهران
1394,ریاضی,2427,815,منطقه 2,مهندسی برق,دانشگاه صنعتی خواجه نصیرالدین طوسی - تهران
1394,ریاضی,2427,815,منطقه 2,مهندسی کامپیوتر,دانشگاه صنعتی اصفهان
1394,ریاضی,2427,815,منطقه 2,مهندسی کامپیوتر,دانشگاه قم
1394,ریاضی,2430,817,منطقه 2,مهندسی مکانیک,دانشگاه صنعتی خواجه نصیرالدین طوسی - تهران
1394,ریاضی,2438,819,منطقه 2,مهندسی مواد و متالور‍ژی,دانشگاه تهران
1394,ریاضی,2441,820,منطقه 2,مهندسی نفت,دانشگاه صنعت نفت (محل تحصیل اهواز)
1394,ریاضی,2445,821,منطقه 2,مهندسی شیمی,دانشگاه علم و صنعت ایران - تهران
1394,ریاضی,2452,154,منطقه 3,مهندسی برق,دانشگاه علم و صنعت ایران - تهران
1394,ریاضی,2452,822,منطقه 2,مهندسی مکانیک,دانشگاه صنعتی اصفهان
1394,ریاضی,2461,155,منطقه 3,مهندسی برق,دانشگاه علم و صنعت ایران - تهران
1394,ریاضی,2461,155,منطقه 3,مهندسی صنایع,دانشگاه صنعتی شریف - تهران
1394,ریاضی,2464,824,منطقه 2,مهندسی مکانیک,دانشگاه صنعتی خواجه نصیرالدین طوسی - تهران
1394,ریاضی,2468,157,منطقه 3,مهندسی برق,دانشگاه صنعتی خواجه نصیرالدین طوسی - تهران
1394,ریاضی,2468,825,منطقه 2,مهندسی هوا فضا,دانشگاه صنعتی امیرکبیر - تهران
1394,ریاضی,2473,158,منطقه 3,علوم قضایی,دانشگاه علوم قضایی و خدمات ادارای دادگستری
1394,ریاضی,2473,827,منطقه 2,مهندسی مکانیک,دانشگاه صنعتی اصفهان
1394,ریاضی,2479,829,منطقه 2,مهندسی برق,دانشگاه صنعتی خواجه نصیرالدین طوسی - تهران
1394,ریاضی,2481,830,منطقه 2,مهندسی کامپیوتر,دانشگاه شهید بهشتی - تهران
1394,ریاضی,2490,832,منطقه 2,مهندسی برق,دانشگاه صنعتی خواجه نصیرالدین طوسی - تهران
1394,ریاضی,2497,160,منطقه 3,مهندسی کامپیوتر,دانشگاه تهران
1394,ریاضی,2497,833,منطقه 2,مهندسی معماری,دانشگاه علم و صنعت ایران - تهران
1394,ریاضی,2502,835,منطقه 2,مهندسی پزشکی,دانشگاه صنعتی امیرکبیر - تهران
1394,ریاضی,2505,838,منطقه 2,مهندسی عمران,دانشگاه تهران
1394,ریاضی,2505,838,منطقه 2,مهندسی مکانیک,دانشگاه صنعتی خواجه نصیرالدین طوسی - تهران
1394,ریاضی,2509,840,منطقه 2,مهندسی برق,دانشگاه صنعتی خواجه نصیرالدین طوسی - تهران
1394,ریاضی,2513,162,منطقه 3,مهندسی شیمی,دانشگاه صنعتی شریف - تهران
1394,ریاضی,2513,842,منطقه 2,کارشناسی ارشد پیوسته علوم قضایی,دانشگاه علوم قضایی و خدمات ادارای دادگستری
1394,ریاضی,2518,164,منطقه 3,مهندسی برق,دانشگاه علم و صنعت ایران - تهران
1394,ریاضی,2523,166,منطقه 3,مهندسی برق,دانشگاه علم و صنعت ایران - تهران
1394,ریاضی,2523,846,منطقه 2,مهندسی برق,دانشگاه صنعتی خواجه نصیرالدین طوسی - تهران
1394,ریاضی,2523,846,منطقه 2,مهندسی صنایع,دانشگاه علم و صنعت ایران - تهران
1394,ریاضی,2529,167,منطقه 3,مهندسی برق,دانشگاه تربیت دبیر شهید رجایی - تهران (رشته های دارای تعهد به آموزش و پرورش)
1394,ریاضی,2529,850,منطقه 2,مهندسی برق,دانشگاه بیرجند
1394,ریاضی,2529,850,منطقه 2,مهندسی برق,دانشگاه صنعتی اصفهان
1394,ریاضی,2529,850,منطقه 2,مهندسی نفت,دانشگاه صنعت نفت (محل تحصیل اهواز)
1394,ریاضی,2529,850,منطقه 2,مهندسی پزشکی,دانشگاه صنعتی امیرکبیر - تهران
1394,ریاضی,2535,168,منطقه 3,مهندسی برق,دانشگاه علم و صنعت ایران - تهران
1394,ریاضی,2535,853,منطقه 2,مهندسی شیمی,دانشگاه علم و صنعت ایران - تهران
1394,ریاضی,2540,170,منطقه 3,مهندسی صنایع,دانشگاه صنعتی شریف - تهران
1394,ریاضی,2540,170,منطقه 3,مهندسی مکانیک,دانشگاه صنعتی خواجه نصیرالدین طوسی - تهران
1394,ریاضی,2547,173,منطقه 3,مهندسی عمران,دانشگاه صنعتی اصفهان
1394,ریاضی,2547,173,منطقه 3,مهندسی مکانیک,دانشگاه صنعتی امیرکبیر - تهران
1394,ریاضی,2557,175,منطقه 3,مهندسی برق,دانشگاه علم و صنعت ایران - تهران
1394,ریاضی,2557,175,منطقه 3,مهندسی شیمی,دانشگاه صنعتی شریف - تهران
1394,ریاضی,2557,857,منطقه 2,مهندسی مکانیک,دانشگاه صنعتی خواجه نصیرالدین طوسی - تهران
1394,ریاضی,2560,858,منطقه 2,مهندسی هوا فضا,دانشگاه صنعتی امیرکبیر - تهران
1394,ریاضی,2563,860,منطقه 2,مهندسی مکانیک,دانشگاه صنعتی اصفهان
1394,ریاضی,2563,860,منطقه 2,مهندسی مکانیک,دانشگاه صنعتی خواجه نصیرالدین طوسی - تهران
1394,ریاضی,2563,860,منطقه 2,مهندسی کامپیوتر,دانشگاه شهید بهشتی - تهران
1394,ریاضی,2567,863,منطقه 2,مهندسی برق,دانشگاه شهید بهشتی - تهران
1394,ریاضی,2567,863,منطقه 2,مهندسی شیمی,دانشگاه علم و صنعت ایران - تهران
1394,ریاضی,2567,863,منطقه 2,مهندسی معماری,دانشگاه یزد
1394,ریاضی,2571,865,منطقه 2,مهندسی معماری,دانشگاه بوعلی سینا - همدان
1394,ریاضی,2574,177,منطقه 3,مهندسی مکانیک,دانشگاه صنعتی امیرکبیر - تهران
1394,ریاضی,2577,868,منطقه 2,مهندسی عمران,دانشگاه صنعتی خواجه نصیرالدین طوسی - تهران
1394,ریاضی,2577,868,منطقه 2,مهندسی مکانیک,دانشگاه صنعتی خواجه نصیرالدین طوسی - تهران
1394,ریاضی,2577,868,منطقه 2,مهندسی پزشکی,دانشگاه صنعتی امیرکبیر - تهران
1394,ریاضی,2580,178,منطقه 3,مهندسی عمران,دانشگاه تربیت دبیر شهید رجایی - تهران (رشته های دارای تعهد به آموزش و پرورش)
1394,ریاضی,2585,870,منطقه 2,مهندسی برق,دانشگاه صنعتی خواجه نصیرالدین طوسی - تهران
1394,ریاضی,2585,870,منطقه 2,مهندسی کامپیوتر,دانشگاه شهید بهشتی - تهران
1394,ریاضی,2589,872,منطقه 2,مهندسی پزشکی,دانشگاه صنعتی امیرکبیر - تهران
1394,ریاضی,2594,873,منطقه 2,مهندسی مکانیک,دانشگاه صنعتی خواجه نصیرالدین طوسی - تهران
1394,ریاضی,2594,873,منطقه 2,مهندسی نفت,دانشگاه صنعت نفت (محل تحصیل اهواز)
1394,ریاضی,2600,875,منطقه 2,مهندسی مواد و متالور‍ژی,دانشگاه تهران
1394,ریاضی,2604,876,منطقه 2,مهندسی مکانیک,دانشگاه صنعتی خواجه نصیرالدین طوسی - تهران
1394,ریاضی,2606,877,منطقه 2,مهندسی هوا فضا,دانشگاه صنعتی امیرکبیر - تهران
1394,ریاضی,2609,878,منطقه 2,مهندسی شیمی,دانشگاه علم و صنعت ایران - تهران
1394,ریاضی,2609,878,منطقه 2,مهندسی نفت,دانشگاه صنعت نفت (محل تحصیل اهواز)
1394,ریاضی,2613,179,منطقه 3,مهندسی کامپیوتر,دانشگاه تهران
1394,ریاضی,2613,880,منطقه 2,مهندسی برق,دانشگاه صنعتی خواجه نصیرالدین طوسی - تهران
1394,ریاضی,2620,180,منطقه 3,مهندسی مکانیک,دانشگاه علم و صنعت ایران - تهران
1394,ریاضی,2620,881,منطقه 2,مهندسی شیمی,دانشگاه صنعتی اصفهان
1394,ریاضی,2620,881,منطقه 2,مهندسی مکانیک,دانشگاه صنعتی اصفهان
1394,ریاضی,2624,883,منطقه 2,مهندسی برق,دانشگاه صنعتی خواجه نصیرالدین طوسی - تهران
1394,ریاضی,2632,885,منطقه 2,مهندسی شیمی,دانشگاه علم و صنعت ایران - تهران
1394,ریاضی,2632,885,منطقه 2,مهندسی معماری,دانشگاه علم و صنعت ایران - تهران
1394,ریاضی,2639,889,منطقه 2,مهندسی شیمی,دانشگاه علم و صنعت ایران - تهران
1394,ریاضی,2639,889,منطقه 2,مهندسی عمران,دانشگاه صنعتی اصفهان
1394,ریاضی,2644,891,منطقه 2,مهندسی برق,دانشگاه صنعتی خواجه نصیرالدین طوسی - تهران
1394,ریاضی,2648,182,منطقه 3,مهندسی برق,دانشگاه علم و صنعت ایران - تهران
1394,ریاضی,2648,893,منطقه 2,مهندسی برق,دانشگاه شهید بهشتی - تهران
1394,ریاضی,2648,893,منطقه 2,مهندسی صنایع,دانشگاه علم و صنعت ایران - تهران
1394,ریاضی,2648,893,منطقه 2,مهندسی پلیمر,دانشگاه تهران
1394,ریاضی,2655,896,منطقه 2,مهندسی برق,دانشگاه صنعتی خواجه نصیرالدین طوسی - تهران
1394,ریاضی,2655,896,منطقه 2,مهندسی عمران,دانشگاه صنعتی خواجه نصیرالدین طوسی - تهران
1394,ریاضی,2661,898,منطقه 2,شیمی,دانشگاه صنعتی شریف - تهران
1394,ریاضی,2665,901,منطقه 2,علوم قضایی,دانشگاه علوم قضایی و خدمات ادارای دادگستری
1394,ریاضی,2665,901,منطقه 2,مهندسی برق,دانشگاه شهید بهشتی - تهران
1394,ریاضی,2665,901,منطقه 2,مهندسی مکانیک,دانشگاه تربیت دبیر شهید رجایی - تهران (رشته های دارای تعهد به آموزش و پرورش)
1394,ریاضی,2665,901,منطقه 2,مهندسی مکانیک,دانشگاه صنعتی خواجه نصیرالدین طوسی - تهران
1394,ریاضی,2675,904,منطقه 2,مهندسی مکانیک,دانشگاه صنعتی خواجه نصیرالدین طوسی - تهران
1394,ریاضی,2679,906,منطقه 2,مهندسی نفت,دانشگاه صنعت نفت (محل تحصیل اهواز)
1394,ریاضی,2685,909,منطقه 2,مهندسی عمران,دانشگاه شهید بهشتی - تهران
1394,ریاضی,2685,909,منطقه 2,مهندسی مکانیک,دانشگاه صنعتی اصفهان
1394,ریاضی,2685,909,منطقه 2,مهندسی پزشکی,دانشگاه صنعتی امیرکبیر - تهران
1394,ریاضی,2692,911,منطقه 2,مهندسی عمران,دانشگاه صنعتی خواجه نصیرالدین طوسی - تهران
1394,ریاضی,2699,184,منطقه 3,مهندسی نفت,دانشگاه صنعت نفت (محل تحصیل آبادان)
1394,ریاضی,2699,184,منطقه 3,مهندسی نفت,دانشگاه صنعتی امیرکبیر - تهران
1394,ریاضی,2701,913,منطقه 2,مهندسی مکانیک,دانشگاه شیراز
1394,ریاضی,2703,186,منطقه 3,مهندسی هوا فضا,دانشگاه صنعتی شریف - تهران
1394,ریاضی,2710,914,منطقه 2,مهندسی برق,دانشگاه صنعتی اصفهان
1394,ریاضی,2713,916,منطقه 2,مهندسی برق,دانشگاه صنعتی خواجه نصیرالدین طوسی - تهران
1394,ریاضی,2713,916,منطقه 2,مهندسی عمران,دانشگاه الزهرا(س) - تهران
1394,ریاضی,2713,916,منطقه 2,مهندسی مواد و متالور‍ژی,دانشگاه تهران
1394,ریاضی,2718,918,منطقه 2,مهندسی برق,دانشگاه شهید بهشتی - تهران
1394,ریاضی,2718,918,منطقه 2,مهندسی پلیمر,دانشگاه تهران
1394,ریاضی,2722,920,منطقه 2,مهندسی عمران,دانشگاه صنعتی خواجه نصیرالدین طوسی - تهران
1394,ریاضی,2725,921,منطقه 2,دکترای پیوسته فیزیک,مرکز تحصیلات تکمیلی در علوم پایه زنجان
1394,ریاضی,2727,187,منطقه 3,مهندسی برق,دانشگاه علم و صنعت ایران - تهران
1394,ریاضی,2727,922,منطقه 2,مهندسی برق,دانشگاه صنعتی اصفهان
1394,ریاضی,2730,923,منطقه 2,مهندسی برق,دانشگاه شیراز
1394,ریاضی,2734,188,منطقه 3,مهندسی برق,دانشگاه صنعتی خواجه نصیرالدین طوسی - تهران
1394,ریاضی,2739,189,منطقه 3,مهندسی عمران,دانشگاه صنعتی شریف - تهران
1394,ریاضی,2739,924,منطقه 2,مهندسی مکانیک,دانشگاه صنعتی خواجه نصیرالدین طوسی - تهران
1394,ریاضی,2739,924,منطقه 2,مهندسی نفت,دانشگاه صنعت نفت (محل تحصیل اهواز)
1394,ریاضی,2747,926,منطقه 2,مهندسی برق,دانشگاه صنعتی خواجه نصیرالدین طوسی - تهران
1394,ریاضی,2747,926,منطقه 2,مهندسی نفت,دانشگاه صنعت نفت (محل تحصیل اهواز)
1394,ریاضی,2757,929,منطقه 2,مهندسی پلیمر,دانشگاه صنعتی امیرکبیر - تهران
1394,ریاضی,2761,931,منطقه 2,مهندسی برق,دانشگاه صنعتی خواجه نصیرالدین طوسی - تهران
1394,ریاضی,2761,931,منطقه 2,مهندسی شیمی,دانشگاه علم و صنعت ایران - تهران
1394,ریاضی,2761,931,منطقه 2,مهندسی مکانیک,دانشگاه صنعتی اصفهان
1394,ریاضی,2761,931,منطقه 2,مهندسی نفت,دانشگاه صنعت نفت (محل تحصیل اهواز)
1394,ریاضی,2765,934,منطقه 2,مهندسی شیمی,دانشگاه علم و صنعت ایران - تهران
1394,ریاضی,2768,190,منطقه 3,مهندسی نفت,دانشگاه صنعت نفت (محل تحصیل اهواز)
1394,ریاضی,2768,936,منطقه 2,مهندسی برق,دانشگاه صنعتی اصفهان
1394,ریاضی,2773,191,منطقه 3,مهندسی هوا فضا,دانشگاه صنعتی شریف - تهران
1394,ریاضی,2773,938,منطقه 2,مهندسی کامپیوتر,دانشگاه صنعتی بابل
1394,ریاضی,2778,939,منطقه 2,مهندسی مکانیک,دانشگاه صنعتی اصفهان
1394,ریاضی,2782,942,منطقه 2,مهندسی مکانیک,دانشگاه شیراز
1394,ریاضی,2782,942,منطقه 2,مهندسی مکانیک,دانشگاه صنعتی اصفهان
1394,ریاضی,2786,944,منطقه 2,مهندسی برق,دانشگاه صنعتی خواجه نصیرالدین طوسی - تهران
1394,ریاضی,2786,944,منطقه 2,مهندسی عمران,دانشگاه صنعتی خواجه نصیرالدین طوسی - تهران
1394,ریاضی,2790,946,منطقه 2,مهندسی برق,دانشگاه صنعتی خواجه نصیرالدین طوسی - تهران
1394,ریاضی,2790,946,منطقه 2,مهندسی معماری,دانشگاه علم و صنعت ایران - تهران
1394,ریاضی,2795,950,منطقه 2,مهندسی مکانیک,دانشگاه فردوسی - مشهد
1394,ریاضی,2801,193,منطقه 3,مهندسی نفت,دانشگاه صنعتی امیرکبیر - تهران
1394,ریاضی,2808,194,منطقه 3,مهندسی نفت,دانشگاه صنعت نفت (محل تحصیل اهواز)
1394,ریاضی,2813,955,منطقه 2,مهندسی مکانیک,دانشگاه شهید بهشتی - تهران
1394,ریاضی,2813,955,منطقه 2,مهندسی کامپیوتر,دانشگاه تربیت دبیر شهید رجایی - تهران (رشته های دارای تعهد به آموزش و پرورش)
1394,ریاضی,2813,955,منطقه 2,مهندسی کامپیوتر,دانشگاه صنعتی خواجه نصیرالدین طوسی - تهران
1394,ریاضی,2818,957,منطقه 2,مهندسی مکانیک,دانشگاه صنعتی اصفهان
1394,ریاضی,2825,195,منطقه 3,مهندسی عمران,دانشگاه صنعتی اصفهان
1394,ریاضی,2825,960,منطقه 2,مهندسی صنایع,دانشگاه علم و صنعت ایران - تهران
1394,ریاضی,2825,960,منطقه 2,مهندسی عمران,دانشگاه تهران
1394,ریاضی,2828,196,منطقه 3,مهندسی کامپیوتر,دانشگاه تهران
1394,ریاضی,2828,963,منطقه 2,علوم کامپیوتر,دانشگاه تهران
1394,ریاضی,2830,964,منطقه 2,مهندسی شیمی,دانشگاه علم و صنعت ایران - تهران
1394,ریاضی,2833,197,منطقه 3,مهندسی کامپیوتر,دانشگاه تهران
1394,ریاضی,2837,967,منطقه 2,مهندسی برق,دانشگاه شهید بهشتی - تهران
1394,ریاضی,2837,967,منطقه 2,مهندسی برق,دانشگاه صنعتی اصفهان
1394,ریاضی,2849,970,منطقه 2,مهندسی مکانیک,دانشگاه صنعتی اصفهان
1394,ریاضی,2858,972,منطقه 2,علوم کامپیوتر,دانشگاه تهران
1394,ریاضی,2858,972,منطقه 2,مهندسی مکانیک,دانشگاه صنعتی اصفهان
1394,ریاضی,2858,972,منطقه 2,مهندسی پلیمر,دانشگاه تهران
1394,ریاضی,2862,974,منطقه 2,مهندسی عمران,دانشگاه شهید بهشتی - تهران
1394,ریاضی,2870,975,منطقه 2,مهندسی مکانیک,دانشگاه شهید بهشتی - تهران
1394,ریاضی,2870,975,منطقه 2,مهندسی پلیمر,دانشگاه صنعتی امیرکبیر - تهران
1394,ریاضی,2874,977,منطقه 2,مهندسی مکانیک,دانشگاه شهید بهشتی - تهران
1394,ریاضی,2881,200,منطقه 3,مهندسی برق,دانشگاه علم و صنعت ایران - تهران
1394,ریاضی,2881,979,منطقه 2,مهندسی پلیمر,دانشگاه صنعتی امیرکبیر - تهران
1394,ریاضی,2881,979,منطقه 2,مهندسی کامپیوتر,دانشگاه تربیت دبیر شهید رجایی - تهران (رشته های دارای تعهد به آموزش و پرورش)
1394,ریاضی,2887,981,منطقه 2,مهندسی پزشکی,دانشگاه صنعتی امیرکبیر - تهران
1394,ریاضی,2890,982,منطقه 2,مهندسی برق,دانشگاه شهید بهشتی - تهران
1394,ریاضی,2904,201,منطقه 3,مهندسی برق,دانشگاه علم و صنعت ایران - تهران
1394,ریاضی,2904,985,منطقه 2,فیزیک,دانشگاه صنعتی شریف - تهران
1394,ریاضی,2904,985,منطقه 2,مهندسی عمران,دانشگاه تهران
1394,ریاضی,2910,204,منطقه 3,مهندسی عمران,دانشگاه تربیت دبیر شهید رجایی - تهران (رشته های دارای تعهد به آموزش و پرورش)
1394,ریاضی,2910,987,منطقه 2,مهندسی نفت,دانشگاه صنعت نفت (محل تحصیل اهواز)
1394,ریاضی,2915,206,منطقه 3,مهندسی مکانیک,دانشگاه فردوسی - مشهد
1394,ریاضی,2915,989,منطقه 2,مهندسی معماری,دانشگاه بوعلی سینا - همدان
1394,ریاضی,2915,989,منطقه 2,مهندسی نفت,دانشگاه صنعت نفت (محل تحصیل اهواز)
1394,ریاضی,2915,989,منطقه 2,مهندسی پلیمر,دانشگاه صنعتی امیرکبیر - تهران
1394,ریاضی,2921,993,منطقه 2,مهندسی دریا,دانشگاه صنعتی شریف - تهران
1394,ریاضی,2921,993,منطقه 2,مهندسی پزشکی,دانشگاه صنعتی امیرکبیر - تهران
1394,ریاضی,2921,993,منطقه 2,مهندسی پلیمر,دانشگاه صنعتی امیرکبیر - تهران
1394,ریاضی,2927,998,منطقه 2,مهندسی برق,دانشگاه شهید بهشتی - تهران
1394,ریاضی,2931,207,منطقه 3,مهندسی مواد,دانشگاه صنعتی شریف - تهران
1394,ریاضی,2935,208,منطقه 3,مهندسی مکانیک,دانشگاه صنعتی امیرکبیر - تهران
1394,ریاضی,2938,209,منطقه 3,مهندسی کامپیوتر,دانشگاه صنعتی شریف - تهران
1394,ریاضی,2983,210,منطقه 3,مهندسی کامپیوتر,دانشگاه صنعتی امیرکبیر - تهران
1394,ریاضی,3017,213,منطقه 3,مهندسی برق,دانشگاه صنعتی خواجه نصیرالدین طوسی - تهران
1394,ریاضی,3030,214,منطقه 3,مهندسی پزشکی,دانشگاه صنعتی امیرکبیر - تهران
1394,ریاضی,3053,216,منطقه 3,مهندسی برق,دانشگاه صنعتی خواجه نصیرالدین طوسی - تهران
1394,ریاضی,3063,217,منطقه 3,مهندسی نفت,دانشگاه صنعت نفت (محل تحصیل اهواز)
1394,ریاضی,3079,218,منطقه 3,مهندسی نفت,دانشگاه صنعت نفت (محل تحصیل اهواز)
1394,ریاضی,3079,218,منطقه 3,مهندسی پزشکی,دانشگاه صنعتی امیرکبیر - تهران
1394,ریاضی,3143,221,منطقه 3,مهندسی شیمی,دانشگاه تهران
1394,ریاضی,3162,224,منطقه 3,مهندسی نفت,دانشگاه صنعت نفت (محل تحصیل اهواز)
1394,ریاضی,3193,226,منطقه 3,مهندسی کامپیوتر,دانشگاه صنعتی امیرکبیر - تهران
1394,ریاضی,3197,227,منطقه 3,مهندسی عمران,دانشگاه تهران
1394,ریاضی,3274,228,منطقه 3,مهندسی مکانیک,دانشگاه صنعتی اصفهان
1394,ریاضی,3291,230,منطقه 3,مهندسی مکانیک,دانشگاه گیلان - رشت
1394,ریاضی,3332,232,منطقه 3,مهندسی نفت,دانشگاه صنعت نفت (محل تحصیل اهواز)
1394,ریاضی,3350,233,منطقه 3,مهندسی نفت,دانشگاه صنعت نفت (محل تحصیل اهواز)
1394,ریاضی,3370,234,منطقه 3,مهندسی عمران,دانشگاه تهران
1394,ریاضی,3389,235,منطقه 3,مهندسی نفت,دانشگاه صنعت نفت (محل تحصیل اهواز)
1394,ریاضی,3392,236,منطقه 3,مهندسی عمران,دانشگاه صنعتی امیرکبیر - تهران
1394,ریاضی,3396,237,منطقه 3,مهندسی کامپیوتر,دانشگاه تهران
1394,ریاضی,3425,238,منطقه 3,مهندسی شیمی,دانشگاه صنعتی امیرکبیر - تهران
1394,ریاضی,3444,239,منطقه 3,مهندسی مکانیک,دانشگاه صنعتی اصفهان
1394,ریاضی,3453,240,منطقه 3,مهندسی مکانیک,دانشگاه تبریز
1394,ریاضی,3500,243,منطقه 3,مهندسی صنایع,دانشگاه تهران
1394,ریاضی,3535,246,منطقه 3,مهندسی نفت,دانشگاه صنعت نفت (محل تحصیل اهواز)
1394,ریاضی,3552,249,منطقه 3,مهندسی برق,دانشگاه شهید بهشتی - تهران
1394,ریاضی,3552,249,منطقه 3,مهندسی عمران,دانشگاه علم و صنعت ایران - تهران
1394,ریاضی,3568,251,منطقه 3,مهندسی عمران,دانشگاه تربیت دبیر شهید رجایی - تهران (رشته های دارای تعهد به آموزش و پرورش)
1394,ریاضی,3574,252,منطقه 3,مهندسی عمران,دانشگاه صنعتی اصفهان
1394,ریاضی,3582,253,منطقه 3,مهندسی برق,دانشگاه صنعتی خواجه نصیرالدین طوسی - تهران
1394,ریاضی,3588,254,منطقه 3,مهندسی هوا فضا,دانشگاه صنعتی شریف - تهران
1394,ریاضی,3593,255,منطقه 3,مهندسی برق,دانشگاه صنعتی خواجه نصیرالدین طوسی - تهران
1394,ریاضی,3593,255,منطقه 3,مهندسی نفت,دانشگاه تهران
1394,ریاضی,3598,257,منطقه 3,مهندسی کامپیوتر,دانشگاه صنعتی خواجه نصیرالدین طوسی - تهران
1394,ریاضی,3615,258,منطقه 3,مهندسی صنایع,دانشگاه تهران
1394,ریاضی,3623,259,منطقه 3,مهندسی نفت,دانشگاه صنعت نفت (محل تحصیل اهواز)
1394,ریاضی,3629,260,منطقه 3,مهندسی نفت,دانشگاه تهران
1394,ریاضی,3634,261,منطقه 3,ریاضیات و کاربردها,دانشگاه صنعتی شریف - تهران
1394,ریاضی,3685,263,منطقه 3,مهندسی مکانیک,دانشگاه صنعتی اصفهان
1394,ریاضی,3701,264,منطقه 3,مهندسی عمران,دانشگاه خوارزمی - تهران (محل تحصیل کرج)
1394,ریاضی,3708,265,منطقه 3,مهندسی برق,دانشگاه صنعتی خواجه نصیرالدین طوسی - تهران
1394,ریاضی,3720,266,منطقه 3,مهندسی شیمی,دانشگاه تهران
1394,ریاضی,3734,268,منطقه 3,مهندسی کامپیوتر,دانشگاه صنعتی امیرکبیر - تهران
1394,ریاضی,3746,269,منطقه 3,علوم تربیتی,پردیس بنت الهدی صدر-قزوین
1394,ریاضی,3784,271,منطقه 3,مهندسی نفت,دانشگاه صنعت نفت (محل تحصیل اهواز)
1394,ریاضی,3821,272,منطقه 3,مهندسی عمران,دانشگاه تربیت دبیر شهید رجایی - تهران (رشته های دارای تعهد به آموزش و پرورش)
1394,ریاضی,3828,273,منطقه 3,مهندسی کامپیوتر,دانشگاه تهران
1394,ریاضی,3836,274,منطقه 3,مهندسی برق,دانشگاه شهید بهشتی - تهران
1394,ریاضی,3836,274,منطقه 3,مهندسی مکانیک,دانشگاه علم و صنعت ایران - تهران
1394,ریاضی,3856,276,منطقه 3,مهندسی برق,دانشگاه صنعتی خواجه نصیرالدین طوسی - تهران
1394,ریاضی,3868,277,منطقه 3,مهندسی شیمی,دانشگاه صنعت نفت (محل تحصیل اهواز)
1394,ریاضی,3874,278,منطقه 3,مهندسی کامپیوتر,دانشگاه صنعتی امیرکبیر - تهران
1394,ریاضی,3883,279,منطقه 3,علوم کامپیوتر,دانشگاه صنعتی شریف - تهران
1394,ریاضی,3903,281,منطقه 3,مهندسی عمران,دانشگاه تهران
1394,ریاضی,3911,282,منطقه 3,دبیری فیزیک,پردیس شهید بهشتی - مشهد
1394,ریاضی,3911,282,منطقه 3,مهندسی هوا فضا,دانشگاه صنعتی شریف - تهران
1394,ریاضی,3930,284,منطقه 3,مهندسی کامپیوتر,دانشگاه صنعتی امیرکبیر - تهران
1394,ریاضی,3934,286,منطقه 3,مهندسی مکانیک,دانشگاه شیراز
1394,ریاضی,3948,287,منطقه 3,مهندسی برق,دانشگاه صنعتی اصفهان
1394,ریاضی,3982,289,منطقه 3,مهندسی برق,دانشگاه تربیت دبیر شهید رجایی - تهران (رشته های دارای تعهد به آموزش و پرورش)
1394,ریاضی,3982,289,منطقه 3,مهندسی برق,دانشگاه صنعتی خواجه نصیرالدین طوسی - تهران
1394,ریاضی,3982,289,منطقه 3,مهندسی شیمی,دانشگاه تهران
1394,ریاضی,3982,289,منطقه 3,مهندسی شیمی,دانشگاه صنعتی امیرکبیر - تهران
1394,ریاضی,3993,292,منطقه 3,مهندسی برق,دانشگاه صنعتی خواجه نصیرالدین طوسی - تهران
1394,ریاضی,4007,293,منطقه 3,مهندسی هوا فضا,دانشگاه صنعتی شریف - تهران
1394,ریاضی,4012,294,منطقه 3,مهندسی شیمی,دانشگاه تهران
1394,ریاضی,4044,299,منطقه 3,علوم قضایی,دانشگاه علوم قضایی و خدمات ادارای دادگستری
1394,ریاضی,4055,300,منطقه 3,مهندسی مکانیک,دانشگاه تبریز
1394,ریاضی,4075,302,منطقه 3,مهندسی نفت,دانشگاه صنعت نفت (محل تحصیل آبادان)
1394,ریاضی,4096,303,منطقه 3,مهندسی کامپیوتر,دانشگاه صنعتی امیرکبیر - تهران
1394,ریاضی,4112,304,منطقه 3,مهندسی برق,دانشگاه صنعتی اصفهان
1394,ریاضی,4133,306,منطقه 3,مهندسی معماری,دانشگاه تربیت دبیر شهید رجایی - تهران (رشته های دارای تعهد به آموزش و پرورش)
1394,ریاضی,4168,308,منطقه 3,مهندسی شیمی,دانشگاه تهران
1394,ریاضی,4187,309,منطقه 3,مهندسی شیمی,دانشگاه تهران
1394,ریاضی,4194,310,منطقه 3,مهندسی برق,دانشگاه صنعتی خواجه نصیرالدین طوسی - تهران
1394,ریاضی,4208,311,منطقه 3,مهندسی مکانیک,دانشگاه تربیت دبیر شهید رجایی - تهران (رشته های دارای تعهد به آموزش و پرورش)
1394,ریاضی,4208,311,منطقه 3,مهندسی هوا فضا,دانشگاه صنعتی شریف - تهران
1394,ریاضی,4222,313,منطقه 3,مهندسی برق,دانشگاه صنعتی خواجه نصیرالدین طوسی - تهران
1394,ریاضی,4245,315,منطقه 3,مهندسی شیمی,دانشگاه صنعتی امیرکبیر - تهران
1394,ریاضی,4254,317,منطقه 3,مهندسی کامپیوتر,دانشگاه فردوسی - مشهد
1394,ریاضی,4272,318,منطقه 3,مهندسی شیمی,دانشگاه صنعتی امیرکبیر - تهران (محل تحصیل بندر ماهشهر)
1394,ریاضی,4272,318,منطقه 3,مهندسی صنایع,دانشگاه صنعتی امیرکبیر - تهران
1394,ریاضی,4324,321,منطقه 3,مهندسی شیمی,دانشگاه تهران
1394,ریاضی,4336,323,منطقه 3,مهندسی نفت,دانشگاه صنعت نفت (محل تحصیل اهواز)
1394,ریاضی,4344,324,منطقه 3,مهندسی صنایع,دانشگاه صنعتی اصفهان
1394,ریاضی,4356,325,منطقه 3,مهندسی ایمنی,دانشگاه صنعت نفت (محل تحصیل آبادان)
1394,ریاضی,4364,327,منطقه 3,مهندسی معماری,دانشگاه تربیت دبیر شهید رجایی - تهران (رشته های دارای تعهد به آموزش و پرورش)
1394,ریاضی,4373,328,منطقه 3,مهندسی شیمی,دانشگاه صنعتی امیرکبیر - تهران
1394,ریاضی,4385,330,منطقه 3,مهندسی هوا فضا,دانشگاه صنعتی امیرکبیر - تهران
1394,ریاضی,4391,331,منطقه 3,مهندسی نفت,دانشگاه صنعت نفت (محل تحصیل آبادان)
1394,ریاضی,4397,332,منطقه 3,مهندسی برق,دانشگاه صنعتی خواجه نصیرالدین طوسی - تهران
1394,ریاضی,4412,333,منطقه 3,مهندسی برق,دانشگاه صنعتی خواجه نصیرالدین طوسی - تهران
1394,ریاضی,4428,334,منطقه 3,مهندسی صنایع,دانشگاه صنعتی اصفهان
1394,ریاضی,4434,336,منطقه 3,مهندسی کامپیوتر,دانشگاه علم و صنعت ایران - تهران
1394,ریاضی,4473,337,منطقه 3,مهندسی مکانیک,دانشگاه شیراز
1394,ریاضی,4508,338,منطقه 3,مهندسی نفت,دانشگاه صنعت نفت (محل تحصیل آبادان)
1394,ریاضی,4516,339,منطقه 3,مهندسی هوا فضا,دانشگاه صنعتی امیرکبیر - تهران
1394,ریاضی,4526,340,منطقه 3,مهندسی شیمی,دانشگاه صنعتی امیرکبیر - تهران
1394,ریاضی,4531,341,منطقه 3,مهندسی معماری,دانشگاه تربیت دبیر شهید رجایی - تهران (رشته های دارای تعهد به آموزش و پرورش)
1394,ریاضی,4537,342,منطقه 3,مهندسی عمران,دانشگاه تبریز
1394,ریاضی,4548,344,منطقه 3,مهندسی معماری,دانشگاه یزد
1394,ریاضی,4583,346,منطقه 3,مهندسی پلیمر,دانشگاه صنعتی امیرکبیر - تهران
1394,ریاضی,4617,347,منطقه 3,مهندسی عمران,دانشگاه فردوسی - مشهد
1394,ریاضی,4617,347,منطقه 3,مهندسی نفت,دانشگاه صنعت نفت (محل تحصیل آبادان)
1394,ریاضی,4637,351,منطقه 3,مهندسی شیمی,دانشگاه تهران
1394,ریاضی,4665,352,منطقه 3,مهندسی برق,دانشگاه صنعتی خواجه نصیرالدین طوسی - تهران
1394,ریاضی,4665,352,منطقه 3,مهندسی شیمی,دانشگاه صنعتی اصفهان
1394,ریاضی,4671,354,منطقه 3,مهندسی شیمی,دانشگاه صنعتی امیرکبیر - تهران
1394,ریاضی,4681,355,منطقه 3,مهندسی کامپیوتر,دانشگاه علم و صنعت ایران - تهران
1394,ریاضی,4696,356,منطقه 3,مهندسی عمران,دانشگاه علم و صنعت ایران - تهران
1394,ریاضی,4715,358,منطقه 3,مهندسی برق,دانشگاه شیراز
1394,ریاضی,4727,359,منطقه 3,مهندسی مکانیک,دانشگاه تربیت دبیر شهید رجایی - تهران (رشته های دارای تعهد به آموزش و پرورش)
1394,ریاضی,4741,360,منطقه 3,مهندسی صنایع,دانشگاه صنعتی امیرکبیر - تهران
1394,ریاضی,4749,363,منطقه 3,مهندسی برق,دانشگاه شیراز
1394,ریاضی,4749,363,منطقه 3,مهندسی شیمی,دانشگاه صنعتی امیرکبیر - تهران
1394,ریاضی,4749,363,منطقه 3,مهندسی معماری,دانشگاه تربیت دبیر شهید رجایی - تهران (رشته های دارای تعهد به آموزش و پرورش)
1394,ریاضی,4753,365,منطقه 3,مهندسی شیمی,دانشگاه صنعتی امیرکبیر - تهران
1394,ریاضی,4760,367,منطقه 3,مهندسی شیمی,دانشگاه صنعتی امیرکبیر - تهران
1394,ریاضی,4769,368,منطقه 3,مهندسی کامپیوتر,دانشگاه صنعتی خواجه نصیرالدین طوسی - تهران
1394,ریاضی,4774,369,منطقه 3,مهندسی صنایع,دانشگاه صنعتی امیرکبیر - تهران
1394,ریاضی,4782,371,منطقه 3,مهندسی برق,دانشگاه صنعتی خواجه نصیرالدین طوسی - تهران
1394,ریاضی,4837,373,منطقه 3,مهندسی کامپیوتر,دانشگاه صنعتی خواجه نصیرالدین طوسی - تهران
1394,ریاضی,4879,375,منطقه 3,مهندسی مکانیک,دانشگاه فردوسی - مشهد
1394,ریاضی,4891,377,منطقه 3,مهندسی برق,دانشگاه صنعتی خواجه نصیرالدین طوسی - تهران
1394,ریاضی,4909,378,منطقه 3,دبیری ریاضی,پردیس علامه امینی - تبریز
1394,ریاضی,4917,380,منطقه 3,مهندسی پزشکی,دانشگاه صنعتی امیرکبیر - تهران
1394,ریاضی,4925,381,منطقه 3,مهندسی برق,دانشگاه صنعت نفت (محل تحصیل اهواز)
1394,ریاضی,4925,381,منطقه 3,مهندسی برق,دانشگاه فردوسی - مشهد
1394,ریاضی,4943,383,منطقه 3,مهندسی عمران,دانشگاه صنعتی اصفهان
1394,ریاضی,4949,384,منطقه 3,مهندسی برق,دانشگاه تربیت دبیر شهید رجایی - تهران (رشته های دارای تعهد به آموزش و پرورش)
1394,ریاضی,4949,384,منطقه 3,مهندسی پلیمر,دانشگاه تهران
1394,ریاضی,4958,386,منطقه 3,ریاضیات و کاربردها,دانشگاه صنعتی امیرکبیر - تهران
1394,ریاضی,4958,386,منطقه 3,مهندسی عمران,دانشگاه تهران
1394,ریاضی,4973,388,منطقه 3,مهندسی عمران,دانشگاه اصفهان
1394,ریاضی,4980,389,منطقه 3,مهندسی برق,دانشگاه شیراز
1394,ریاضی,5005,392,منطقه 3,مهندسی برق,دانشگاه شهید بهشتی - تهران
1394,ریاضی,5093,394,منطقه 3,مهندسی پزشکی,دانشگاه صنعتی امیرکبیر - تهران
1394,ریاضی,5093,394,منطقه 3,مهندسی کامپیوتر,دانشگاه صنعتی خواجه نصیرالدین طوسی - تهران
1394,ریاضی,5099,396,منطقه 3,مهندسی برق,دانشگاه تربیت دبیر شهید رجایی - تهران (رشته های دارای تعهد به آموزش و پرورش)
1394,ریاضی,5135,397,منطقه 3,مهندسی برق,دانشگاه تربیت دبیر شهید رجایی - تهران (رشته های دارای تعهد به آموزش و پرورش)
1394,ریاضی,5178,399,منطقه 3,مهندسی معماری,دانشگاه تربیت دبیر شهید رجایی - تهران (رشته های دارای تعهد به آموزش و پرورش)
1394,ریاضی,5206,401,منطقه 3,مهندسی مکانیک,دانشگاه شیراز
1394,ریاضی,5210,402,منطقه 3,مهندسی برق,دانشگاه صنعت نفت (محل تحصیل اهواز)
1394,ریاضی,5239,405,منطقه 3,مهندسی صنایع,دانشگاه علم و صنعت ایران - تهران
1394,ریاضی,5292,407,منطقه 3,مهندسی شیمی,دانشگاه صنعت نفت (محل تحصیل اهواز)
1394,ریاضی,5318,411,منطقه 3,مهندسی شیمی,دانشگاه علم و صنعت ایران - تهران
1394,ریاضی,5326,412,منطقه 3,مهندسی صنایع,دانشگاه صنعتی امیرکبیر - تهران
1394,ریاضی,5334,413,منطقه 3,مهندسی برق,دانشگاه صنعت نفت (محل تحصیل اهواز)
1394,ریاضی,5343,415,منطقه 3,مهندسی برق,دانشگاه شهید بهشتی - تهران
1394,ریاضی,5343,415,منطقه 3,مهندسی شیمی,دانشگاه علم و صنعت ایران - تهران
1394,ریاضی,5359,418,منطقه 3,مهندسی پزشکی,دانشگاه صنعتی امیرکبیر - تهران
1394,ریاضی,5364,419,منطقه 3,دبیری ریاضی,پردیس آیت الله خامنه ای - گرگان
1394,ریاضی,5380,420,منطقه 3,مهندسی برق,دانشگاه تربیت دبیر شهید رجایی - تهران (رشته های دارای تعهد به آموزش و پرورش)
1394,ریاضی,5387,421,منطقه 3,مهندسی هوا فضا,دانشگاه صنعتی امیرکبیر - تهران
1394,ریاضی,5425,422,منطقه 3,مهندسی کامپیوتر,دانشگاه صنعتی خواجه نصیرالدین طوسی - تهران
1394,ریاضی,5431,423,منطقه 3,مهندسی پزشکی,دانشگاه صنعتی امیرکبیر - تهران
1394,ریاضی,5449,424,منطقه 3,مهندسی برق,دانشگاه تبریز
1394,ریاضی,5455,426,منطقه 3,مهندسی کامپیوتر,دانشگاه صنعتی امیرکبیر - تهران
1394,ریاضی,5459,427,منطقه 3,مهندسی معماری,دانشگاه شهید بهشتی - تهران
1394,ریاضی,5469,428,منطقه 3,مهندسی برق,دانشگاه صنعتی اصفهان
1394,ریاضی,5482,430,منطقه 3,مهندسی عمران,دانشگاه صنعتی خواجه نصیرالدین طوسی - تهران
1394,ریاضی,5524,434,منطقه 3,مهندسی برق,دانشگاه شهید بهشتی - تهران
1394,ریاضی,5524,434,منطقه 3,مهندسی عمران,دانشگاه تهران
1394,ریاضی,5549,437,منطقه 3,مهندسی مکانیک,دانشگاه صنعتی خواجه نصیرالدین طوسی - تهران
1394,ریاضی,5563,440,منطقه 3,مهندسی برق,دانشگاه فردوسی - مشهد
1394,ریاضی,5563,440,منطقه 3,مهندسی عمران,دانشگاه صنعتی خواجه نصیرالدین طوسی - تهران
1394,ریاضی,5593,443,منطقه 3,مهندسی پزشکی,دانشگاه صنعتی امیرکبیر - تهران
1394,ریاضی,5608,444,منطقه 3,مهندسی عمران,دانشگاه تهران
1394,ریاضی,5620,446,منطقه 3,مهندسی نفت,دانشگاه شیراز
1394,ریاضی,5632,448,منطقه 3,مهندسی برق,دانشگاه صنعتی اصفهان
1394,ریاضی,5632,448,منطقه 3,مهندسی پزشکی,دانشگاه صنعتی امیرکبیر - تهران
1394,ریاضی,5645,450,منطقه 3,مهندسی مکانیک,دانشگاه شیراز
1394,ریاضی,5678,451,منطقه 3,مهندسی عمران,دانشگاه شهید بهشتی - تهران
1394,ریاضی,5682,452,منطقه 3,مهندسی کامپیوتر,دانشگاه علم و صنعت ایران - تهران
1394,ریاضی,5687,453,منطقه 3,مهندسی مواد و متالور‍ژی,دانشگاه تهران
1394,ریاضی,5694,454,منطقه 3,مهندسی صنایع,دانشگاه علم و صنعت ایران - تهران
1394,ریاضی,5699,455,منطقه 3,مهندسی شیمی,دانشگاه صنعتی امیرکبیر - تهران (محل تحصیل بندر ماهشهر)
1394,ریاضی,5711,456,منطقه 3,مهندسی کامپیوتر,دانشگاه شهید بهشتی - تهران
1394,ریاضی,5737,458,منطقه 3,دکترای پیوسته فیزیک,مرکز تحصیلات تکمیلی در علوم پایه زنجان
1394,ریاضی,5761,459,منطقه 3,مهندسی مکانیک,دانشگاه صنعت نفت (محل تحصیل اهواز)
1394,ریاضی,5825,463,منطقه 3,مهندسی معماری,دانشگاه فردوسی - مشهد
1394,ریاضی,5825,463,منطقه 3,مهندسی پزشکی,دانشگاه صنعتی امیرکبیر - تهران
1394,ریاضی,5837,465,منطقه 3,مهندسی مکانیک,دانشگاه تربیت دبیر شهید رجایی - تهران (رشته های دارای تعهد به آموزش و پرورش)
1394,ریاضی,5845,466,منطقه 3,مهندسی پزشکی,دانشگاه صنعتی سهند - تبریز
1394,ریاضی,5854,467,منطقه 3,مهندسی پلیمر,دانشگاه تهران
1394,ریاضی,5876,470,منطقه 3,مهندسی برق,دانشگاه شهید بهشتی - تهران
1394,ریاضی,5876,470,منطقه 3,مهندسی مکانیک,دانشگاه علم و صنعت ایران - تهران
1394,ریاضی,5910,472,منطقه 3,مهندسی برق,دانشگاه شهید بهشتی - تهران
1394,ریاضی,5910,472,منطقه 3,مهندسی مکانیک,دانشگاه صنعتی خواجه نصیرالدین طوسی - تهران
1394,ریاضی,5960,474,منطقه 3,مهندسی عمران,دانشگاه تهران
1394,ریاضی,5970,477,منطقه 3,مهندسی مکانیک,دانشگاه صنعت نفت (محل تحصیل اهواز)
1394,ریاضی,5982,478,منطقه 3,مهندسی شیمی,دانشگاه علم و صنعت ایران - تهران
1394,ریاضی,5985,479,منطقه 3,مهندسی برق,دانشگاه شهید بهشتی - تهران
1394,ریاضی,5989,480,منطقه 3,مهندسی برق,دانشگاه صنعتی اصفهان
1394,ریاضی,5989,480,منطقه 3,مهندسی شیمی,دانشگاه صنعتی امیرکبیر - تهران (محل تحصیل بندر ماهشهر)
1394,ریاضی,6007,482,منطقه 3,مهندسی شیمی,دانشگاه علم و صنعت ایران - تهران
1394,ریاضی,6020,483,منطقه 3,مهندسی پزشکی,دانشگاه صنعتی امیرکبیر - تهران
1394,ریاضی,6027,484,منطقه 3,دکترای پیوسته فیزیک,مرکز تحصیلات تکمیلی در علوم پایه زنجان
1394,ریاضی,6027,484,منطقه 3,مهندسی مواد,دانشگاه صنعتی شریف - تهران
1394,ریاضی,6045,487,منطقه 3,مهندسی معماری,دانشگاه یزد
1394,ریاضی,6045,487,منطقه 3,مهندسی مواد,دانشگاه صنعتی شریف - تهران
1394,ریاضی,6053,489,منطقه 3,مهندسی برق,دانشگاه صنعتی اصفهان
1394,ریاضی,6057,490,منطقه 3,مهندسی پلیمر,دانشگاه صنعتی امیرکبیر - تهران (محل تحصیل بندر ماهشهر)
1394,ریاضی,6072,491,منطقه 3,مهندسی پلیمر,دانشگاه تهران
1394,ریاضی,6093,494,منطقه 3,علوم کامپیوتر,دانشگاه صنعتی شریف - تهران
1394,ریاضی,6098,495,منطقه 3,مهندسی عمران,دانشگاه تربیت دبیر شهید رجایی - تهران (رشته های دارای تعهد به آموزش و پرورش)
1394,ریاضی,6103,496,منطقه 3,مهندسی خط و سازه های ریلی,دانشگاه علم و صنعت ایران - تهران
1394,ریاضی,6112,497,منطقه 3,مهندسی هوا فضا,دانشگاه صنعتی امیرکبیر - تهران
1394,ریاضی,6118,498,منطقه 3,مهندسی برق,دانشگاه شهید بهشتی - تهران
1394,ریاضی,6129,499,منطقه 3,مهندسی هوا فضا,دانشگاه صنعتی امیرکبیر - تهران
1394,ریاضی,6141,500,منطقه 3,مهندسی پزشکی,دانشگاه صنعتی امیرکبیر - تهران
1394,ریاضی,6146,501,منطقه 3,مهندسی برق,دانشگاه شهید بهشتی - تهران
1394,ریاضی,6181,503,منطقه 3,مهندسی عمران,دانشگاه تهران
1394,ریاضی,6190,504,منطقه 3,مهندسی صنایع,دانشگاه فردوسی - مشهد
1394,ریاضی,6190,504,منطقه 3,مهندسی مکانیک,دانشگاه شیراز
1394,ریاضی,6196,506,منطقه 3,مهندسی برق,دانشگاه فردوسی - مشهد
1394,ریاضی,6201,507,منطقه 3,مهندسی معماری,دانشگاه یزد
1394,ریاضی,6207,508,منطقه 3,مهندسی هوا فضا,دانشگاه صنعتی امیرکبیر - تهران
1394,ریاضی,6229,509,منطقه 3,مهندسی برق,دانشگاه شهید بهشتی - تهران
1394,ریاضی,6229,509,منطقه 3,مهندسی برق,دانشگاه صنعتی اصفهان
1394,ریاضی,6236,511,منطقه 3,مهندسی صنایع,دانشگاه صنعتی خواجه نصیرالدین طوسی - تهران
1394,ریاضی,6285,512,منطقه 3,مهندسی برق,دانشگاه شهید بهشتی - تهران
1394,ریاضی,6285,512,منطقه 3,مهندسی صنایع,دانشگاه صنعتی خواجه نصیرالدین طوسی - تهران
1394,ریاضی,6310,514,منطقه 3,فیزیک مهندسی,دانشگاه تهران
1394,ریاضی,6318,516,منطقه 3,مهندسی برق,دانشگاه تبریز
1394,ریاضی,6318,516,منطقه 3,مهندسی مکانیک,دانشگاه شهید بهشتی - تهران
1394,ریاضی,6318,516,منطقه 3,مهندسی مکانیک,دانشگاه صنعتی خواجه نصیرالدین طوسی - تهران
1394,ریاضی,6318,516,منطقه 3,مهندسی کامپیوتر,دانشگاه صنعتی خواجه نصیرالدین طوسی - تهران
1394,ریاضی,6327,519,منطقه 3,علوم تربیتی,پردیس شهید مدرس - سنندج
1394,ریاضی,6342,520,منطقه 3,مهندسی خودرو,دانشگاه تربیت دبیر شهید رجایی - تهران (رشته های دارای تعهد به آموزش و پرورش)
1394,ریاضی,6356,521,منطقه 3,مهندسی برق,دانشگاه صنعتی اصفهان
1394,ریاضی,6378,523,منطقه 3,مهندسی عمران,دانشگاه صنعتی اصفهان
1394,ریاضی,6384,524,منطقه 3,مهندسی معماری,دانشگاه تربیت دبیر شهید رجایی - تهران (رشته های دارای تعهد به آموزش و پرورش)
1394,ریاضی,6397,526,منطقه 3,مهندسی عمران,دانشگاه بین المللی امام خمینی(ره) - قزوین
1394,ریاضی,6434,528,منطقه 3,مهندسی عمران,دانشگاه صنعتی خواجه نصیرالدین طوسی - تهران
1394,ریاضی,6434,528,منطقه 3,مهندسی معماری,دانشگاه یزد
1394,ریاضی,6446,530,منطقه 3,مهندسی مکانیک,دانشگاه صنعتی بابل
1394,ریاضی,6487,534,منطقه 3,مهندسی شیمی,دانشگاه صنعت نفت (محل تحصیل آبادان)
1394,ریاضی,6487,534,منطقه 3,مهندسی شیمی,دانشگاه صنعت نفت (محل تحصیل اهواز)
1394,ریاضی,6495,536,منطقه 3,مهندسی پزشکی,دانشگاه صنعتی امیرکبیر - تهران
1394,ریاضی,6510,538,منطقه 3,مهندسی ایمنی,دانشگاه صنعت نفت (محل تحصیل آبادان)
1394,ریاضی,6522,540,منطقه 3,مهندسی مکانیک,دانشگاه تربیت دبیر شهید رجایی - تهران (رشته های دارای تعهد به آموزش و پرورش)
1394,ریاضی,6527,541,منطقه 3,دبیری فیزیک,پردیس شهید باهنر - اصفهان
1394,ریاضی,6539,543,منطقه 3,مهندسی عمران,دانشگاه صنعتی بابل
1394,ریاضی,6546,544,منطقه 3,مهندسی مواد,دانشگاه صنعتی شریف - تهران
1394,ریاضی,6546,544,منطقه 3,مهندسی کامپیوتر,دانشگاه کردستان - سنندج
1394,ریاضی,6555,546,منطقه 3,مهندسی مکانیک,دانشگاه شیراز
1394,ریاضی,6604,548,منطقه 3,مهندسی صنایع,دانشگاه خوارزمی - تهران (محل تحصیل کرج)
1394,ریاضی,6621,550,منطقه 3,مهندسی کامپیوتر,دانشگاه صنعتی خواجه نصیرالدین طوسی - تهران
1394,ریاضی,6646,552,منطقه 3,مهندسی عمران,دانشگاه تهران
1394,ریاضی,6653,554,منطقه 3,مهندسی برق,دانشگاه صنعت نفت (محل تحصیل اهواز)
1394,ریاضی,6667,557,منطقه 3,مهندسی صنایع,دانشگاه فردوسی - مشهد
1394,ریاضی,6667,557,منطقه 3,مهندسی عمران,دانشگاه تبریز
1394,ریاضی,6680,559,منطقه 3,مهندسی کشتی,دانشگاه صنعت نفت (محل تحصیل مازندران)
1394,ریاضی,6705,561,منطقه 3,مهندسی برق,دانشگاه صنعتی اصفهان
1394,ریاضی,6722,562,منطقه 3,مهندسی شیمی,دانشگاه صنعت نفت (محل تحصیل اهواز)
1394,ریاضی,6728,564,منطقه 3,مهندسی صنایع,دانشگاه صنعتی اصفهان
1394,ریاضی,6735,565,منطقه 3,مهندسی شیمی,دانشگاه صنعتی امیرکبیر - تهران (محل تحصیل بندر ماهشهر)
1394,ریاضی,6748,566,منطقه 3,مهندسی برق,دانشگاه تبریز
1394,ریاضی,6748,566,منطقه 3,مهندسی شهرسازی,دانشگاه فردوسی - مشهد
1394,ریاضی,6754,568,منطقه 3,دکترای پیوسته فیزیک,مرکز تحصیلات تکمیلی در علوم پایه زنجان
1394,ریاضی,6764,569,منطقه 3,دکترای پیوسته فیزیک,مرکز تحصیلات تکمیلی در علوم پایه زنجان
1394,ریاضی,6771,570,منطقه 3,مهندسی مواد,دانشگاه صنعتی شریف - تهران
1394,ریاضی,6792,572,منطقه 3,مهندسی هوا فضا,دانشگاه صنعتی خواجه نصیرالدین طوسی - تهران
1394,ریاضی,6833,576,منطقه 3,دبیری ریاضی,پردیس شهید صدوقی - کرمانشاه
1394,ریاضی,6841,578,منطقه 3,مهندسی برق,دانشگاه صنعتی اصفهان
1394,ریاضی,6841,578,منطقه 3,مهندسی شیمی,دانشگاه صنعت نفت (محل تحصیل اهواز)
1394,ریاضی,6856,581,منطقه 3,مهندسی مکانیک,دانشگاه فردوسی - مشهد
1394,ریاضی,6859,582,منطقه 3,مهندسی کامپیوتر,دانشگاه صنعتی خواجه نصیرالدین طوسی - تهران
1394,ریاضی,6863,583,منطقه 3,مهندسی هوا فضا,دانشگاه صنعتی امیرکبیر - تهران
1394,ریاضی,6868,584,منطقه 3,مهندسی برق,دانشگاه صنعتی اصفهان
1394,ریاضی,6868,584,منطقه 3,مهندسی عمران,دانشگاه تبریز
1394,ریاضی,6876,586,منطقه 3,دبیری ریاضی,پردیس فاطمه الزهرا (س) - سمنان
1394,ریاضی,6894,588,منطقه 3,مهندسی شیمی,دانشگاه صنعت نفت (محل تحصیل اهواز)
1394,ریاضی,6902,591,منطقه 3,مهندسی برق,دانشگاه صنعتی اصفهان
1394,ریاضی,6902,591,منطقه 3,مهندسی کامپیوتر,دانشگاه علم و صنعت ایران - تهران
1394,ریاضی,6910,593,منطقه 3,مهندسی مواد,دانشگاه صنعتی امیرکبیر - تهران
1394,ریاضی,6916,594,منطقه 3,مهندسی برق,دانشگاه صنعتی اصفهان
1394,ریاضی,6916,594,منطقه 3,مهندسی مکانیک,دانشگاه فردوسی - مشهد
1394,ریاضی,6921,596,منطقه 3,مهندسی نفت,دانشگاه شیراز
1394,ریاضی,6934,599,منطقه 3,مهندسی شیمی,دانشگاه صنعتی امیرکبیر - تهران (محل تحصیل بندر ماهشهر)
1394,ریاضی,6947,601,منطقه 3,مهندسی برق,دانشگاه صنعتی اصفهان
1394,ریاضی,6953,603,منطقه 3,مهندسی عمران,دانشگاه گیلان - رشت
1394,ریاضی,6995,604,منطقه 3,مهندسی شیمی,دانشگاه صنعت نفت (محل تحصیل آبادان)
1394,ریاضی,7015,605,منطقه 3,مهندسی مکانیک,دانشگاه تبریز
1394,ریاضی,7028,607,منطقه 3,مهندسی مکانیک,دانشگاه تربیت دبیر شهید رجایی - تهران (رشته های دارای تعهد به آموزش و پرورش)
1394,ریاضی,7040,608,منطقه 3,مهندسی برق,دانشگاه صنعتی اصفهان
1394,ریاضی,7040,608,منطقه 3,مهندسی نفت,دانشگاه صنعت نفت (محل تحصیل آبادان)
1394,ریاضی,7048,610,منطقه 3,مهندسی برق,دانشگاه شهید باهنر - کرمان
1394,ریاضی,7086,612,منطقه 3,مهندسی مکانیک,دانشگاه فردوسی - مشهد
1394,ریاضی,7091,613,منطقه 3,مهندسی برق,دانشگاه فردوسی - مشهد
1394,ریاضی,7091,613,منطقه 3,مهندسی مکانیک,دانشگاه صنعت نفت (محل تحصیل اهواز)
1394,ریاضی,7133,615,منطقه 3,حسابداری,دانشگاه فردوسی - مشهد
1394,ریاضی,7141,617,منطقه 3,مهندسی شیمی,دانشگاه صنعتی اصفهان
1394,ریاضی,7148,619,منطقه 3,مهندسی برق,دانشگاه فردوسی - مشهد
1394,ریاضی,7157,622,منطقه 3,دبیری فیزیک,پردیس شهید بهشتی - مشهد
1394,ریاضی,7157,622,منطقه 3,مهندسی شیمی,دانشگاه صنعتی اصفهان
1394,ریاضی,7174,624,منطقه 3,مهندسی شیمی,دانشگاه صنعت نفت (محل تحصیل آبادان)
1394,ریاضی,7174,624,منطقه 3,مهندسی عمران,دانشگاه صنعتی خواجه نصیرالدین طوسی - تهران
1394,ریاضی,7181,626,منطقه 3,مهندسی شیمی,دانشگاه صنعتی اصفهان
1394,ریاضی,7191,627,منطقه 3,مهندسی عمران,دانشگاه شهید بهشتی - تهران
1394,ریاضی,7191,627,منطقه 3,مهندسی هوا فضا,دانشگاه صنعتی خواجه نصیرالدین طوسی - تهران
1394,ریاضی,7206,629,منطقه 3,مهندسی برق,دانشگاه شهید باهنر - کرمان
1394,ریاضی,7223,632,منطقه 3,مهندسی برق,دانشگاه صنعتی اصفهان
1394,ریاضی,7231,634,منطقه 3,مهندسی انرژی,دانشگاه صنعتی امیرکبیر - تهران
1394,ریاضی,7231,634,منطقه 3,مهندسی عمران,دانشگاه تربیت دبیر شهید رجایی - تهران (رشته های دارای تعهد به آموزش و پرورش)
1394,ریاضی,7258,636,منطقه 3,مهندسی عمران,دانشگاه صنعتی خواجه نصیرالدین طوسی - تهران
1394,ریاضی,7287,638,منطقه 3,مهندسی مواد و متالور‍ژی,دانشگاه تهران
1394,ریاضی,7301,639,منطقه 3,مهندسی برق,دانشگاه تربیت دبیر شهید رجایی - تهران (رشته های دارای تعهد به آموزش و پرورش)
1394,ریاضی,7351,642,منطقه 3,مهندسی برق,دانشگاه رازی کرمانشاه
1394,ریاضی,7351,642,منطقه 3,مهندسی برق,دانشگاه فردوسی - مشهد
1394,ریاضی,7351,642,منطقه 3,مهندسی نفت,دانشگاه صنعت نفت (محل تحصیل اهواز)
1394,ریاضی,7368,645,منطقه 3,علوم کامپیوتر,دانشگاه صنعتی شریف - تهران
1394,ریاضی,7385,647,منطقه 3,مهندسی برق,دانشگاه صنعتی اصفهان
1394,ریاضی,7407,648,منطقه 3,مهندسی حمل و نقل ریلی,دانشگاه علم و صنعت ایران - تهران
1394,ریاضی,7414,650,منطقه 3,مهندسی عمران,دانشگاه فردوسی - مشهد
1394,ریاضی,7414,650,منطقه 3,مهندسی پلیمر,دانشگاه صنعتی امیرکبیر - تهران
1394,ریاضی,7430,652,منطقه 3,مهندسی عمران,دانشگاه تبریز
1394,ریاضی,7504,654,منطقه 3,مهندسی پلیمر,دانشگاه صنعتی امیرکبیر - تهران
1394,ریاضی,7516,656,منطقه 3,مهندسی مکانیک,دانشگاه بین المللی امام خمینی(ره) - قزوین
1394,ریاضی,7516,656,منطقه 3,مهندسی هوا فضا,دانشگاه صنعتی خواجه نصیرالدین طوسی - تهران
1394,ریاضی,7525,658,منطقه 3,مهندسی هوا فضا,دانشگاه صنعتی خواجه نصیرالدین طوسی - تهران
1394,ریاضی,7551,660,منطقه 3,مهندسی نفت,دانشگاه شیراز
1394,ریاضی,7560,661,منطقه 3,مهندسی نفت,دانشگاه شیراز
1394,ریاضی,7597,662,منطقه 3,مهندسی حمل و نقل ریلی,دانشگاه علم و صنعت ایران - تهران
1394,ریاضی,7609,664,منطقه 3,مهندسی مواد,دانشگاه صنعتی امیرکبیر - تهران
1394,ریاضی,7616,666,منطقه 3,مهندسی نفت,دانشگاه تهران (محل تحصیل فومن گیلان)
1394,ریاضی,7633,667,منطقه 3,مهندسی هوا فضا,دانشگاه صنعتی خواجه نصیرالدین طوسی - تهران
1394,ریاضی,7675,671,منطقه 3,فیزیک,دانشگاه صنعتی شریف - تهران
1394,ریاضی,7717,676,منطقه 3,مهندسی برق,دانشگاه تربیت دبیر شهید رجایی - تهران (رشته های دارای تعهد به آموزش و پرورش)
1394,ریاضی,7717,676,منطقه 3,مهندسی عمران,دانشگاه تربیت دبیر شهید رجایی - تهران (رشته های آزاد)
1394,ریاضی,7717,676,منطقه 3,مهندسی پلیمر,دانشگاه صنعتی امیرکبیر - تهران (محل تحصیل بندر ماهشهر)
1394,ریاضی,7728,679,منطقه 3,مهندسی عمران,دانشگاه صنعتی خواجه نصیرالدین طوسی - تهران
1394,ریاضی,7769,682,منطقه 3,مهندسی مواد,دانشگاه زنجان
1394,ریاضی,7777,684,منطقه 3,مهندسی برق,دانشگاه اصفهان
1394,ریاضی,7785,685,منطقه 3,مهندسی برق,دانشگاه اصفهان
1394,ریاضی,7785,685,منطقه 3,مهندسی معماری,دانشگاه تربیت دبیر شهید رجایی - تهران (رشته های دارای تعهد به آموزش و پرورش)
1394,ریاضی,7803,688,منطقه 3,مهندسی مکانیک,دانشگاه تربیت دبیر شهید رجایی - تهران (رشته های دارای تعهد به آموزش و پرورش)
1394,ریاضی,7834,690,منطقه 3,مهندسی کامپیوتر,دانشگاه تربیت دبیر شهید رجایی - تهران (رشته های دارای تعهد به آموزش و پرورش)
1394,ریاضی,7850,691,منطقه 3,مهندسی برق,دانشگاه تربیت دبیر شهید رجایی - تهران (رشته های دارای تعهد به آموزش و پرورش)
1394,ریاضی,7890,693,منطقه 3,مهندسی پلیمر,دانشگاه صنعتی امیرکبیر - تهران
1394,ریاضی,7920,694,منطقه 3,مهندسی مکانیک,دانشگاه صنعتی بابل
1394,ریاضی,7936,697,منطقه 3,مهندسی صنایع,دانشگاه صنعتی بابل
1394,ریاضی,7936,697,منطقه 3,مهندسی هوا فضا,دانشگاه صنعتی خواجه نصیرالدین طوسی - تهران
1394,ریاضی,7942,699,منطقه 3,علوم اقتصادی,دانشگاه شهید بهشتی - تهران
1394,ریاضی,7949,700,منطقه 3,مهندسی مکانیک,دانشگاه خوارزمی - تهران (محل تحصیل کرج)
1394,ریاضی,7957,701,منطقه 3,مهندسی برق,دانشگاه بین المللی امام خمینی(ره) - قزوین
1394,ریاضی,7964,702,منطقه 3,مهندسی انرژی,دانشگاه صنعتی امیرکبیر - تهران
1394,ریاضی,7982,703,منطقه 3,مهندسی عمران,دانشگاه تبریز
1394,ریاضی,8005,704,منطقه 3,مهندسی مکانیک,دانشگاه تبریز
1394,ریاضی,8027,705,منطقه 3,مهندسی شیمی,دانشگاه صنعت نفت (محل تحصیل آبادان)
1394,ریاضی,8027,705,منطقه 3,مهندسی معماری,دانشگاه تربیت دبیر شهید رجایی - تهران (رشته های دارای تعهد به آموزش و پرورش)
1394,ریاضی,8035,707,منطقه 3,مهندسی شیمی,دانشگاه صنعتی اصفهان
1394,ریاضی,8035,707,منطقه 3,مهندسی مکانیک,دانشگاه صنعتی بابل
1394,ریاضی,8078,711,منطقه 3,مهندسی مکانیک,دانشگاه تربیت دبیر شهید رجایی - تهران (رشته های دارای تعهد به آموزش و پرورش)
1394,ریاضی,8094,712,منطقه 3,مهندسی مکانیک,دانشگاه صنعتی اصفهان
1394,ریاضی,8104,714,منطقه 3,مهندسی برق,دانشگاه تربیت دبیر شهید رجایی - تهران (رشته های دارای تعهد به آموزش و پرورش)
1394,ریاضی,8126,716,منطقه 3,فیزیک,دانشگاه علم و صنعت ایران - تهران
1394,ریاضی,8126,716,منطقه 3,مهندسی ایمنی,دانشگاه صنعت نفت (محل تحصیل آبادان)
1394,ریاضی,8126,716,منطقه 3,مهندسی برق,دانشگاه فردوسی - مشهد
1394,ریاضی,8136,718,منطقه 3,مهندسی ایمنی,دانشگاه صنعت نفت (محل تحصیل آبادان)
1394,ریاضی,8146,719,منطقه 3,مهندسی انرژی,دانشگاه صنعتی امیرکبیر - تهران
1394,ریاضی,8146,719,منطقه 3,مهندسی صنایع,دانشگاه خوارزمی - تهران (محل تحصیل کرج)
1394,ریاضی,8169,721,منطقه 3,دبیری ریاضی,پردیس شهید بهشتی - مشهد
1394,ریاضی,8205,724,منطقه 3,مهندسی برق,دانشگاه شیراز
1394,ریاضی,8214,725,منطقه 3,مهندسی نفت,دانشگاه تهران (محل تحصیل فومن گیلان)
1394,ریاضی,8239,727,منطقه 3,مهندسی مواد و متالور‍ژی,دانشگاه تهران
1394,ریاضی,8259,729,منطقه 3,دبیری ریاضی,پردیس علامه امینی - تبریز
1394,ریاضی,8311,732,منطقه 3,مهندسی برق,دانشگاه اصفهان
1394,ریاضی,8311,732,منطقه 3,مهندسی برق,دانشگاه قم
1394,ریاضی,8322,734,منطقه 3,مهندسی کامپیوتر,دانشگاه تربیت دبیر شهید رجایی - تهران (رشته های دارای تعهد به آموزش و پرورش)
1394,ریاضی,8329,736,منطقه 3,مهندسی ایمنی,دانشگاه صنعت نفت (محل تحصیل آبادان)
1394,ریاضی,8344,738,منطقه 3,مهندسی عمران,دانشگاه الزهرا(س) - تهران
1394,ریاضی,8344,738,منطقه 3,مهندسی عمران,دانشگاه تربیت دبیر شهید رجایی - تهران (رشته های دارای تعهد به آموزش و پرورش)
1394,ریاضی,8350,740,منطقه 3,علوم تربیتی,پردیس فاطمه الزهرا (س) - تبریز
1394,ریاضی,8355,741,منطقه 3,دبیری ریاضی,پردیس شهید بهشتی - مشهد
1394,ریاضی,8386,745,منطقه 3,مهندسی مکانیک,دانشگاه گیلان - رشت
1394,ریاضی,8427,750,منطقه 3,مهندسی برق,دانشگاه شیراز
1394,ریاضی,8427,750,منطقه 3,مهندسی صنایع,دانشگاه علوم پزشکی شهید بهشتی - تهران (محل تحصیل دانشکده سلامت، ایمنی و محیط زیست)
1394,ریاضی,8510,753,منطقه 3,مهندسی عمران,دانشگاه صنعتی بابل
1394,ریاضی,8510,753,منطقه 3,مهندسی مواد و متالور‍ژی,دانشگاه تهران
1394,ریاضی,8543,756,منطقه 3,مهندسی برق,دانشگاه بین المللی امام خمینی(ره) - قزوین
1394,ریاضی,8543,756,منطقه 3,مهندسی مکانیک,دانشگاه تربیت دبیر شهید رجایی - تهران (رشته های دارای تعهد به آموزش و پرورش)
1394,ریاضی,8564,758,منطقه 3,مهندسی برق,دانشگاه تبریز
1394,ریاضی,8582,760,منطقه 3,مهندسی مکانیک,دانشگاه تربیت دبیر شهید رجایی - تهران (رشته های دارای تعهد به آموزش و پرورش)
1394,ریاضی,8589,761,منطقه 3,مهندسی مکانیک,دانشگاه تربیت دبیر شهید رجایی - تهران (رشته های دارای تعهد به آموزش و پرورش)
1394,ریاضی,8596,762,منطقه 3,مهندسی معماری,دانشگاه تربیت دبیر شهید رجایی - تهران (رشته های دارای تعهد به آموزش و پرورش)
1394,ریاضی,8623,764,منطقه 3,مهندسی برق,دانشگاه بین المللی امام خمینی(ره) - قزوین
1394,ریاضی,8633,765,منطقه 3,مهندسی مواد و متالور‍ژی,دانشگاه تهران
1394,ریاضی,8645,766,منطقه 3,مهندسی برق,دانشگاه فردوسی - مشهد
1394,ریاضی,8654,767,منطقه 3,مهندسی معماری,دانشگاه گلستان - گرگان
1394,ریاضی,8675,768,منطقه 3,مهندسی برق,دانشگاه الزهرا(س) - تهران
1394,ریاضی,8699,770,منطقه 3,مهندسی برق,دانشگاه تربیت دبیر شهید رجایی - تهران (رشته های دارای تعهد به آموزش و پرورش)
1394,ریاضی,8711,771,منطقه 3,مهندسی عمران,دانشگاه تربیت دبیر شهید رجایی - تهران (رشته های دارای تعهد به آموزش و پرورش)
1394,ریاضی,8758,772,منطقه 3,دبیری فیزیک,پردیس شهید رجایی - شیراز
1394,ریاضی,8768,773,منطقه 3,علوم کامپیوتر,دانشگاه تهران
1394,ریاضی,8768,773,منطقه 3,مهندسی مکانیک,دانشگاه صنعتی بابل
1394,ریاضی,8776,775,منطقه 3,مهندسی برق,دانشگاه گیلان - رشت
1394,ریاضی,8798,777,منطقه 3,مهندسی برق,دانشگاه تربیت دبیر شهید رجایی - تهران (رشته های دارای تعهد به آموزش و پرورش)
1394,ریاضی,8828,779,منطقه 3,علوم کامپیوتر,دانشگاه صنعتی شریف - تهران
1394,ریاضی,8839,780,منطقه 3,مهندسی دریا,دانشگاه صنعتی شریف - تهران
1394,ریاضی,8839,780,منطقه 3,مهندسی معماری,دانشگاه صنعتی بابل
1394,ریاضی,8848,782,منطقه 3,مهندسی خط و سازه های ریلی,دانشگاه علم و صنعت ایران - تهران
1394,ریاضی,8857,783,منطقه 3,مهندسی برق,دانشگاه تربیت دبیر شهید رجایی - تهران (رشته های دارای تعهد به آموزش و پرورش)
1394,ریاضی,8865,784,منطقه 3,مهندسی کامپیوتر,دانشگاه تبریز
1394,ریاضی,8877,786,منطقه 3,مهندسی پزشکی,دانشگاه اصفهان
1394,ریاضی,8888,787,منطقه 3,مهندسی مواد,دانشگاه صنعتی امیرکبیر - تهران
1394,ریاضی,8923,792,منطقه 3,مهندسی شیمی,دانشگاه شیراز
1394,ریاضی,8923,792,منطقه 3,مهندسی پزشکی,دانشگاه اصفهان
1394,ریاضی,8939,794,منطقه 3,فیزیک,دانشگاه شهید بهشتی - تهران
1394,ریاضی,8955,796,منطقه 3,مهندسی مواد و متالور‍ژی,دانشگاه تهران
1394,ریاضی,8962,797,منطقه 3,مهندسی برق,دانشگاه بین المللی امام خمینی(ره) - قزوین
1394,ریاضی,8962,797,منطقه 3,مهندسی شیمی,دانشگاه صنعتی اصفهان
1394,ریاضی,8969,799,منطقه 3,مهندسی شیمی,دانشگاه صنعتی اصفهان
1394,ریاضی,8976,800,منطقه 3,مهندسی عمران,دانشگاه تربیت دبیر شهید رجایی - تهران (رشته های دارای تعهد به آموزش و پرورش)
1394,ریاضی,8983,801,منطقه 3,مهندسی کامپیوتر,دانشگاه گیلان - رشت
1394,ریاضی,9015,803,منطقه 3,مهندسی مواد و متالور‍ژی,دانشگاه تهران
1394,ریاضی,9070,806,منطقه 3,مهندسی معماری,دانشگاه تربیت دبیر شهید رجایی - تهران (رشته های دارای تعهد به آموزش و پرورش)
1394,ریاضی,9089,808,منطقه 3,مهندسی صنایع,دانشگاه صنعتی اصفهان
1394,ریاضی,9101,809,منطقه 3,مهندسی برق,دانشگاه فردوسی - مشهد
1394,ریاضی,9101,809,منطقه 3,مهندسی عمران,دانشگاه شاهرود
1394,ریاضی,9114,811,منطقه 3,مهندسی برق,دانشگاه تبریز
1394,ریاضی,9122,812,منطقه 3,مهندسی عمران,دانشگاه شیراز
1394,ریاضی,9142,813,منطقه 3,مهندسی کشتی,دانشگاه صنعت نفت (محل تحصیل مازندران)
1394,ریاضی,9148,814,منطقه 3,علوم اقتصادی,دانشگاه علامه طباطبایی - تهران
1394,ریاضی,9148,814,منطقه 3,مهندسی برق,دانشگاه فردوسی - مشهد
1394,ریاضی,9161,816,منطقه 3,مهندسی کامپیوتر,دانشگاه یزد
1394,ریاضی,9186,818,منطقه 3,مهندسی برق,دانشگاه اصفهان
1394,ریاضی,9186,818,منطقه 3,مهندسی شیمی,دانشگاه صنعتی اصفهان
1394,ریاضی,9186,818,منطقه 3,مهندسی عمران,دانشگاه تربیت دبیر شهید رجایی - تهران (رشته های دارای تعهد به آموزش و پرورش)
1394,ریاضی,9198,820,منطقه 3,مهندسی برق,دانشگاه تبریز
1394,ریاضی,9216,822,منطقه 3,مهندسی مکانیک,دانشگاه اصفهان
1394,ریاضی,9226,823,منطقه 3,دبیری فیزیک,پردیس شهید بهشتی - مشهد
1394,ریاضی,9267,826,منطقه 3,مهندسی انرژی,دانشگاه صنعتی امیرکبیر - تهران
1394,ریاضی,9267,826,منطقه 3,مهندسی خودرو,دانشگاه تربیت دبیر شهید رجایی - تهران (رشته های دارای تعهد به آموزش و پرورش)
1394,ریاضی,9289,828,منطقه 3,مهندسی برق,دانشگاه تربیت دبیر شهید رجایی - تهران (رشته های دارای تعهد به آموزش و پرورش)
1394,ریاضی,9289,828,منطقه 3,مهندسی برق,دانشگاه فردوسی - مشهد
1394,ریاضی,9315,831,منطقه 3,مهندسی مواد و متالور‍ژی,دانشگاه تهران
1394,ریاضی,9322,832,منطقه 3,مهندسی برق,دانشگاه اصفهان
1394,ریاضی,9344,835,منطقه 3,مهندسی برق,دانشگاه اصفهان
1394,ریاضی,9344,835,منطقه 3,مهندسی کامپیوتر,دانشگاه صنعتی اصفهان
1394,ریاضی,9353,837,منطقه 3,مهندسی مواد,دانشگاه علم و صنعت ایران - تهران
1394,ریاضی,9359,838,منطقه 3,مهندسی معماری,دانشگاه کاشان
1394,ریاضی,9368,839,منطقه 3,مهندسی شیمی,دانشگاه شیراز
1394,ریاضی,9379,840,منطقه 3,مهندسی مواد,دانشگاه صنعتی امیرکبیر - تهران
1394,ریاضی,9408,842,منطقه 3,مهندسی شیمی,دانشگاه صنعتی اصفهان
1394,ریاضی,9408,842,منطقه 3,مهندسی پزشکی,دانشگاه اصفهان
1394,ریاضی,9426,844,منطقه 3,علوم کامپیوتر,دانشگاه صنعتی امیرکبیر - تهران
1394,ریاضی,9426,844,منطقه 3,مهندسی کامپیوتر,دانشگاه شهید بهشتی - تهران
1394,ریاضی,9444,848,منطقه 3,مهندسی عمران,دانشگاه کردستان - سنندج
1394,ریاضی,9444,848,منطقه 3,مهندسی مکانیک,دانشگاه بوعلی سینا - همدان
1394,ریاضی,9444,848,منطقه 3,مهندسی مکانیک,دانشگاه صنعتی بابل
1394,ریاضی,9493,853,منطقه 3,مهندسی عمران,دانشگاه بیرجند
1394,ریاضی,9493,853,منطقه 3,مهندسی مکانیک,دانشگاه صنعتی سهند - تبریز
1394,ریاضی,9509,855,منطقه 3,مهندسی برق,دانشگاه فردوسی - مشهد
1394,ریاضی,9509,855,منطقه 3,مهندسی مواد,دانشگاه علم و صنعت ایران - تهران
1394,ریاضی,9527,858,منطقه 3,مهندسی برق,دانشگاه فردوسی - مشهد
1394,ریاضی,9536,859,منطقه 3,مهندسی صنایع,دانشگاه الزهرا(س) - تهران
1394,ریاضی,9547,860,منطقه 3,مهندسی مواد,دانشگاه علم و صنعت ایران - تهران
1394,ریاضی,9555,861,منطقه 3,مهندسی برق,دانشگاه شیراز
1394,ریاضی,9555,861,منطقه 3,مهندسی مواد و متالور‍ژی,دانشگاه تهران
1394,ریاضی,9563,863,منطقه 3,مهندسی برق,دانشگاه اصفهان
1394,ریاضی,9588,865,منطقه 3,مهندسی برق,دانشگاه بین المللی امام خمینی(ره) - قزوین
1394,ریاضی,9588,865,منطقه 3,مهندسی عمران,دانشگاه بین المللی امام خمینی(ره) - قزوین
1394,ریاضی,9603,867,منطقه 3,مهندسی برق,دانشگاه شیراز
1394,ریاضی,9603,867,منطقه 3,مهندسی کامپیوتر,دانشگاه فردوسی - مشهد
1394,ریاضی,9616,869,منطقه 3,مهندسی کامپیوتر,دانشگاه فردوسی - مشهد
1394,ریاضی,9631,871,منطقه 3,مهندسی کامپیوتر,دانشگاه شهید بهشتی - تهران
1394,ریاضی,9683,876,منطقه 3,مهندسی علمی کاربردی عمران,دانشگاه شهید بهشتی - تهران
1394,ریاضی,9683,876,منطقه 3,مهندسی مکانیک,دانشگاه شهید باهنر - کرمان
1394,ریاضی,9691,878,منطقه 3,مهندسی پزشکی,دانشگاه اصفهان
1394,ریاضی,9700,879,منطقه 3,مهندسی برق,دانشگاه شیراز
1394,ریاضی,9722,881,منطقه 3,معماری داخلی,دانشگاه هنر تهران (محل تحصیل کرج)
1394,ریاضی,9722,881,منطقه 3,مهندسی برق,دانشگاه فردوسی - مشهد
1394,ریاضی,9722,881,منطقه 3,مهندسی شیمی,دانشگاه صنعتی اصفهان
1394,ریاضی,9754,885,منطقه 3,مهندسی برق,دانشگاه فردوسی - مشهد
1394,ریاضی,9754,885,منطقه 3,مهندسی صنایع,دانشگاه صنعتی اصفهان
1394,ریاضی,9771,889,منطقه 3,علوم کامپیوتر,دانشگاه تهران
1394,ریاضی,9771,889,منطقه 3,مهندسی ایمنی,دانشگاه صنعت نفت (محل تحصیل آبادان)
1394,ریاضی,9771,889,منطقه 3,مهندسی برق,دانشگاه اصفهان
1394,ریاضی,9784,892,منطقه 3,مهندسی مکانیک,دانشگاه شهید چمران اهواز
1394,ریاضی,9796,893,منطقه 3,مهندسی معماری,دانشگاه تربیت دبیر شهید رجایی - تهران (رشته های دارای تعهد به آموزش و پرورش)
1394,ریاضی,9819,895,منطقه 3,مهندسی برق,دانشگاه تربیت دبیر شهید رجایی - تهران (رشته های دارای تعهد به آموزش و پرورش)
1394,ریاضی,9849,898,منطقه 3,مهندسی مکانیک,دانشگاه تربیت دبیر شهید رجایی - تهران (رشته های دارای تعهد به آموزش و پرورش)
1394,ریاضی,9891,901,منطقه 3,مهندسی برق,دانشگاه بوعلی سینا - همدان
1394,ریاضی,9891,901,منطقه 3,مهندسی مکانیک,دانشگاه صنعتی شریف - تهران
1394,ریاضی,9900,903,منطقه 3,مهندسی مکانیک,دانشگاه تربیت دبیر شهید رجایی - تهران (رشته های دارای تعهد به آموزش و پرورش)
1394,ریاضی,9915,906,منطقه 3,مهندسی خودرو,دانشگاه تربیت دبیر شهید رجایی - تهران (رشته های دارای تعهد به آموزش و پرورش)
1394,ریاضی,9942,910,منطقه 3,علوم کامپیوتر,دانشگاه تهران
1394,ریاضی,9942,910,منطقه 3,مهندسی عمران,دانشگاه صنعتی بابل
1394,ریاضی,9960,912,منطقه 3,مهندسی پزشکی,دانشگاه اصفهان
1394,ریاضی,9960,912,منطقه 3,مهندسی کامپیوتر,دانشگاه خوارزمی - تهران (محل تحصیل کرج)
1394,ریاضی,9970,914,منطقه 3,مهندسی برق,دانشگاه تبریز
1394,ریاضی,9980,915,منطقه 3,مهندسی معماری,دانشگاه تربیت دبیر شهید رجایی - تهران (رشته های دارای تعهد به آموزش و پرورش)
1394,ریاضی,9989,916,منطقه 3,مهندسی مکانیک,دانشگاه بوعلی سینا - همدان
1394,ریاضی,10006,917,منطقه 3,مهندسی برق,دانشگاه شیراز
1394,ریاضی,10013,918,منطقه 3,مهندسی شیمی,دانشگاه صنعتی اصفهان
1394,ریاضی,10018,919,منطقه 3,مهندسی برق,دانشگاه شیراز
1394,ریاضی,10054,920,منطقه 3,مهندسی برق,دانشگاه شیراز
1394,ریاضی,10073,922,منطقه 3,مهندسی برق,دانشگاه شهید چمران اهواز
1394,ریاضی,10091,925,منطقه 3,مهندسی عمران,دانشگاه اصفهان
1394,ریاضی,10091,925,منطقه 3,مهندسی عمران,دانشگاه تربیت دبیر شهید رجایی - تهران (رشته های دارای تعهد به آموزش و پرورش)
1394,ریاضی,10107,928,منطقه 3,مهندسی برق,دانشگاه تربیت دبیر شهید رجایی - تهران (رشته های دارای تعهد به آموزش و پرورش)
1394,ریاضی,10107,928,منطقه 3,مهندسی برق,دانشگاه گیلان - رشت
1394,ریاضی,10107,928,منطقه 3,مهندسی کامپیوتر,دانشگاه صنعتی اصفهان
1394,ریاضی,10147,931,منطقه 3,مهندسی شیمی,دانشگاه فردوسی - مشهد
1394,ریاضی,10162,933,منطقه 3,مهندسی عمران,دانشگاه شاهرود
1394,ریاضی,10168,935,منطقه 3,مهندسی پزشکی,دانشگاه اصفهان
1394,ریاضی,10178,937,منطقه 3,مهندسی برق,دانشگاه تربیت دبیر شهید رجایی - تهران (رشته های دارای تعهد به آموزش و پرورش)
1394,ریاضی,10189,940,منطقه 3,مهندسی مواد,دانشگاه علم و صنعت ایران - تهران
1394,ریاضی,10197,941,منطقه 3,مهندسی نفت,دانشگاه صنعتی سهند - تبریز
1394,ریاضی,10202,942,منطقه 3,علوم مهندسی,دانشگاه تهران
1394,ریاضی,10208,943,منطقه 3,مهندسی برق,دانشگاه بین المللی امام خمینی(ره) - قزوین
1394,ریاضی,10216,944,منطقه 3,مهندسی شیمی,دانشگاه فردوسی - مشهد
1394,ریاضی,10226,946,منطقه 3,مهندسی صنایع,دانشگاه صنعتی اصفهان
1394,ریاضی,10226,946,منطقه 3,مهندسی مواد,دانشگاه صنعتی خواجه نصیرالدین طوسی - تهران
1394,ریاضی,10286,951,منطقه 3,مهندسی عمران,دانشگاه یزد
1394,ریاضی,10305,953,منطقه 3,مهندسی عمران,دانشگاه تربیت دبیر شهید رجایی - تهران (رشته های دارای تعهد به آموزش و پرورش)
1394,ریاضی,10315,955,منطقه 3,علوم تربیتی,پردیس شهید بهشتی - مشهد
1394,ریاضی,10337,957,منطقه 3,مهندسی مکانیک,دانشگاه گیلان - رشت
1394,ریاضی,10337,957,منطقه 3,مهندسی کامپیوتر,دانشگاه فردوسی - مشهد
1394,ریاضی,10359,959,منطقه 3,مهندسی عمران,دانشگاه شیراز
1394,ریاضی,10378,962,منطقه 3,مهندسی کامپیوتر,دانشگاه صنعتی اصفهان
1394,ریاضی,10412,967,منطقه 3,علوم کامپیوتر,دانشگاه تهران
1394,ریاضی,10420,968,منطقه 3,مهندسی عمران,دانشگاه تربیت دبیر شهید رجایی - تهران (رشته های دارای تعهد به آموزش و پرورش)
1394,ریاضی,10434,972,منطقه 3,دبیری ریاضی,پردیس فاطمه الزهرا (س) - سمنان
1394,ریاضی,10434,972,منطقه 3,مهندسی برق,دانشگاه تربیت دبیر شهید رجایی - تهران (رشته های دارای تعهد به آموزش و پرورش)
1394,ریاضی,10444,974,منطقه 3,مهندسی مکانیک,دانشگاه زنجان
1394,ریاضی,10465,975,منطقه 3,مهندسی برق,دانشگاه تربیت دبیر شهید رجایی - تهران (رشته های دارای تعهد به آموزش و پرورش)
1394,ریاضی,10465,975,منطقه 3,مهندسی شهرسازی,دانشگاه تهران
1394,ریاضی,10478,977,منطقه 3,فیزیک,دانشگاه صنعتی شریف - تهران
1394,ریاضی,10478,977,منطقه 3,مهندسی عمران,دانشگاه شیراز
1394,ریاضی,10488,980,منطقه 3,مهندسی مکانیک,دانشگاه بوعلی سینا - همدان
1394,ریاضی,10488,980,منطقه 3,مهندسی مکانیک,دانشگاه تربیت دبیر شهید رجایی - تهران (رشته های دارای تعهد به آموزش و پرورش)
1394,ریاضی,10488,980,منطقه 3,مهندسی پزشکی,دانشگاه اصفهان
1394,ریاضی,10499,983,منطقه 3,مهندسی شیمی,دانشگاه اصفهان
1394,ریاضی,10499,983,منطقه 3,مهندسی عمران,دانشگاه زنجان
1394,ریاضی,10516,985,منطقه 3,مهندسی شیمی,دانشگاه صنعتی اصفهان
1394,ریاضی,10523,986,منطقه 3,مهندسی برق,دانشگاه الزهرا(س) - تهران
1394,ریاضی,10560,987,منطقه 3,علوم مهندسی,دانشگاه تهران
1394,ریاضی,10569,989,منطقه 3,مهندسی برق,دانشگاه ارومیه
1394,ریاضی,10569,989,منطقه 3,مهندسی شیمی,دانشگاه صنعتی اصفهان
1394,ریاضی,10579,992,منطقه 3,علوم تربیتی,پردیس شهید مدرس - سنندج
1394,ریاضی,10579,992,منطقه 3,مهندسی ایمنی,دانشگاه صنعت نفت (محل تحصیل آبادان)
1394,ریاضی,10579,992,منطقه 3,مهندسی برق,دانشگاه صنعتی شیراز
1394,ریاضی,10579,992,منطقه 3,مهندسی مکانیک,دانشگاه شهید چمران اهواز
1394,ریاضی,10610,996,منطقه 3,مهندسی برق,دانشگاه بین المللی امام خمینی(ره) - قزوین
1394,ریاضی,10618,998,منطقه 3,دبیری فیزیک,پردیس شهید چمران - تهران
1394,ریاضی,10626,999,منطقه 3,مهندسی برق,دانشگاه تربیت دبیر شهید رجایی - تهران (رشته های دارای تعهد به آموزش و پرورش)
1394,انسانی,1,1,منطقه 1,حقوق,دانشگاه تهران
1394,انسانی,2,2,منطقه 1,روانشناسی,دانشگاه تهران
1394,انسانی,8,5,منطقه 1,حقوق,دانشگاه تهران
1394,انسانی,9,3,منطقه 2,علوم اجتماعی,دانشگاه تهران
1394,انسانی,10,4,منطقه 2,حقوق,دانشگاه تهران
1394,انسانی,12,5,منطقه 2,حقوق,دانشگاه تهران
1394,انسانی,13,6,منطقه 2,حقوق,دانشگاه تهران
1394,انسانی,14,7,منطقه 1,حقوق,دانشگاه تهران
1394,انسانی,16,8,منطقه 1,حقوق,دانشگاه تهران
1394,انسانی,17,9,منطقه 1,حقوق,دانشگاه تهران
1394,انسانی,17,9,منطقه 1,روانشناسی,دانشگاه شهید بهشتی - تهران
1394,انسانی,19,11,منطقه 1,کارشناسی ارشدعلوم قضایی,دانشگاه علوم قضایی و خدمات ادارای دادگستری
1394,انسانی,20,12,منطقه 1,حقوق,دانشگاه تهران
1394,انسانی,24,7,منطقه 2,کارشناسی ارشدعلوم قضایی,دانشگاه علوم قضایی و خدمات ادارای دادگستری
1394,انسانی,28,9,منطقه 2,روانشناسی,دانشگاه تهران
1394,انسانی,30,18,منطقه 1,فلسفه,دانشگاه تهران
1394,انسانی,32,11,منطقه 2,کارشناسی ارشدعلوم قضایی,دانشگاه علوم قضایی و خدمات ادارای دادگستری
1394,انسانی,34,21,منطقه 1,روانشناسی,دانشگاه شهید بهشتی - تهران
1394,انسانی,35,12,منطقه 2,علوم سیاسی,دانشگاه تهران
1394,انسانی,36,22,منطقه 1,حقوق,دانشگاه تهران
1394,انسانی,38,13,منطقه 2,حقوق,دانشگاه تهران
1394,انسانی,40,24,منطقه 1,حقوق,دانشگاه تهران
1394,انسانی,43,2,منطقه 3,حقوق,دانشگاه تهران
1394,انسانی,44,27,منطقه 1,حقوق,دانشگاه تهران
1394,انسانی,45,28,منطقه 1,حقوق,دانشگاه تهران
1394,انسانی,46,3,منطقه 3,حقوق,دانشگاه تهران
1394,انسانی,49,31,منطقه 1,حقوق,دانشگاه تهران
1394,انسانی,52,4,منطقه 3,حقوق,دانشگاه تهران
1394,انسانی,53,15,منطقه 2,کارشناسی ارشدعلوم قضایی,دانشگاه علوم قضایی و خدمات ادارای دادگستری
1394,انسانی,55,16,منطقه 2,حقوق,دانشگاه علامه طباطبایی - تهران
1394,انسانی,59,2,ایثارگران,روانشناسی,دانشگاه تهران
1394,انسانی,60,18,منطقه 2,حقوق,دانشگاه تهران
1394,انسانی,61,36,منطقه 1,روانشناسی,دانشگاه شیراز
1394,انسانی,62,19,منطقه 2,حقوق,دانشگاه تهران
1394,انسانی,64,20,منطقه 2,حقوق,دانشگاه تهران
1394,انسانی,66,6,منطقه 3,حقوق,دانشگاه تهران
1394,انسانی,72,41,منطقه 1,روانشناسی,دانشگاه شهید بهشتی - تهران
1394,انسانی,76,45,منطقه 1,حقوق,دانشگاه تهران
1394,انسانی,80,48,منطقه 1,روانشناسی,دانشگاه علامه طباطبایی - تهران
1394,انسانی,86,53,منطقه 1,روانشناسی,دانشگاه فردوسی - مشهد
1394,انسانی,88,55,منطقه 1,حقوق,دانشگاه تهران
1394,انسانی,91,25,منطقه 2,حقوق,دانشگاه شهید بهشتی - تهران
1394,انسانی,97,27,منطقه 2,کارشناسی ارشدعلوم قضایی,دانشگاه علوم قضایی و خدمات ادارای دادگستری
1394,انسانی,100,28,منطقه 2,حقوق,دانشگاه شهید بهشتی - تهران
1394,انسانی,105,4,ایثارگران,حقوق,دانشگاه تهران
1394,انسانی,106,30,منطقه 2,روانشناسی,دانشگاه شهید بهشتی - تهران
1394,انسانی,108,66,منطقه 1,حقوق,دانشگاه شهید بهشتی - تهران
1394,انسانی,111,32,منطقه 2,الهیات و معارف اسلامی - فقه و مبانی حقوق اسلامی,دانشگاه تهران
1394,انسانی,112,68,منطقه 1,روانشناسی,دانشگاه علامه طباطبایی - تهران
1394,انسانی,114,33,منطقه 2,کارشناسی ارشدعلوم قضایی,دانشگاه علوم قضایی و خدمات ادارای دادگستری
1394,انسانی,116,10,منطقه 3,آموزش زبان و ادبیات فارسی,پردیس شهید باهنر - شیراز
1394,انسانی,116,34,منطقه 2,زبان و ادبیات فارسی,دانشگاه اصفهان
1394,انسانی,118,11,منطقه 3,روانشناسی,دانشگاه تبریز
1394,انسانی,119,70,منطقه 1,راهنمایی و مشاوره,دانشگاه تهران
1394,انسانی,120,71,منطقه 1,حقوق,دانشگاه شهید بهشتی - تهران
1394,انسانی,121,72,منطقه 1,حقوق,دانشگاه شهید بهشتی - تهران
1394,انسانی,125,12,منطقه 3,حقوق,دانشگاه شهید بهشتی - تهران
1394,انسانی,129,79,منطقه 1,حقوق,دانشگاه شهید بهشتی - تهران
1394,انسانی,136,38,منطقه 2,کارشناسی ارشدعلوم قضایی,دانشگاه علوم قضایی و خدمات ادارای دادگستری
1394,انسانی,139,84,منطقه 1,حقوق,دانشگاه شهید بهشتی - تهران
1394,انسانی,141,40,منطقه 2,حقوق,دانشگاه تهران
1394,انسانی,142,41,منطقه 2,علوم قضایی,دانشگاه علوم قضایی و خدمات ادارای دادگستری
1394,انسانی,143,42,منطقه 2,روانشناسی,دانشگاه شهید بهشتی - تهران
1394,انسانی,147,86,منطقه 1,حقوق,دانشگاه شهید بهشتی - تهران
1394,انسانی,148,87,منطقه 1,حقوق,دانشگاه علامه طباطبایی - تهران
1394,انسانی,149,15,منطقه 3,حقوق,دانشگاه علامه طباطبایی - تهران
1394,انسانی,150,88,منطقه 1,حقوق,دانشگاه شهید بهشتی - تهران
1394,انسانی,153,45,منطقه 2,علوم قضایی,دانشگاه علوم قضایی و خدمات ادارای دادگستری
1394,انسانی,154,46,منطقه 2,حقوق,دانشگاه شهید بهشتی - تهران
1394,انسانی,158,6,ایثارگران,حقوق,دانشگاه تهران
1394,انسانی,162,47,منطقه 2,حقوق,دانشگاه تهران
1394,انسانی,163,94,منطقه 1,حقوق,دانشگاه اصفهان
1394,انسانی,164,95,منطقه 1,روانشناسی,دانشگاه فردوسی - مشهد
1394,انسانی,165,48,منطقه 2,کارشناسی ارشدعلوم قضایی,دانشگاه علوم قضایی و خدمات ادارای دادگستری
1394,انسانی,167,97,منطقه 1,حقوق,دانشگاه شهید بهشتی - تهران
1394,انسانی,172,50,منطقه 2,حقوق,دانشگاه شهید بهشتی - تهران
1394,انسانی,174,52,منطقه 2,کارشناسی ارشدعلوم قضایی,دانشگاه علوم قضایی و خدمات ادارای دادگستری
1394,انسانی,177,17,منطقه 3,حقوق,دانشگاه شهید بهشتی - تهران
1394,انسانی,180,105,منطقه 1,حقوق,دانشگاه شهید بهشتی - تهران
1394,انسانی,181,106,منطقه 1,حقوق,دانشگاه تبریز
1394,انسانی,183,108,منطقه 1,حقوق,دانشگاه شهید بهشتی - تهران
1394,انسانی,184,109,منطقه 1,حقوق,دانشگاه شهید بهشتی - تهران
1394,انسانی,189,112,منطقه 1,حقوق,دانشگاه شهید بهشتی - تهران
1394,انسانی,190,55,منطقه 2,حقوق,دانشگاه اصفهان
1394,انسانی,191,18,منطقه 3,روانشناسی,دانشگاه شهید بهشتی - تهران
1394,انسانی,192,19,منطقه 3,راهنمایی و مشاوره,پردیس شهید باهنر - همدان
1394,انسانی,193,113,منطقه 1,حقوق,دانشگاه فردوسی - مشهد
1394,انسانی,195,7,ایثارگران,حقوق,دانشگاه تهران
1394,انسانی,196,56,منطقه 2,حقوق,دانشگاه شهید بهشتی - تهران
1394,انسانی,197,114,منطقه 1,حقوق,دانشگاه شهید بهشتی - تهران
1394,انسانی,199,8,ایثارگران,روانشناسی,دانشگاه تهران
1394,انسانی,200,57,منطقه 2,حقوق,دانشگاه علامه طباطبایی - تهران
1394,انسانی,202,116,منطقه 1,روانشناسی,دانشگاه فردوسی - مشهد
1394,انسانی,203,59,منطقه 2,دبیری الهیات و معارف اسلامی,پردیس بنت الهدی صدر - بوشهر
1394,انسانی,205,118,منطقه 1,روانشناسی,دانشگاه شیراز
1394,انسانی,211,123,منطقه 1,حقوق,دانشگاه شهید بهشتی - تهران
1394,انسانی,213,125,منطقه 1,روانشناسی,دانشگاه الزهرا(س) - تهران
1394,انسانی,215,127,منطقه 1,حقوق,دانشگاه شهید بهشتی - تهران
1394,انسانی,216,128,منطقه 1,راهنمایی و مشاوره,دانشگاه تهران
1394,انسانی,218,130,منطقه 1,حقوق,دانشگاه علامه طباطبایی - تهران
1394,انسانی,220,132,منطقه 1,حقوق,دانشگاه شهید بهشتی - تهران
1394,انسانی,222,134,منطقه 1,حقوق,دانشگاه شهید بهشتی - تهران
1394,انسانی,224,61,منطقه 2,حقوق,دانشگاه تهران
1394,انسانی,224,135,منطقه 1,حسابداری,دانشگاه صنعت نفت (محل تحصیل تهران)
1394,انسانی,226,62,منطقه 2,حقوق,دانشگاه شهید بهشتی - تهران
1394,انسانی,231,137,منطقه 1,حقوق,دانشگاه شهید بهشتی - تهران
1394,انسانی,233,65,منطقه 2,حقوق,دانشگاه شهید بهشتی - تهران
1394,انسانی,234,66,منطقه 2,حسابداری,دانشگاه تهران
1394,انسانی,237,139,منطقه 1,مدیریت مالی,دانشگاه تهران
1394,انسانی,238,68,منطقه 2,حقوق,دانشگاه تهران
1394,انسانی,243,69,منطقه 2,کارشناسی ارشدعلوم قضایی,دانشگاه علوم قضایی و خدمات ادارای دادگستری
1394,انسانی,251,23,منطقه 3,کارشناسی ارشدعلوم قضایی,دانشگاه علوم قضایی و خدمات ادارای دادگستری
1394,انسانی,252,71,منطقه 2,روانشناسی,دانشگاه شهید بهشتی - تهران
1394,انسانی,255,149,منطقه 1,حقوق,دانشگاه علامه طباطبایی - تهران
1394,انسانی,256,150,منطقه 1,حقوق,دانشگاه علامه طباطبایی - تهران
1394,انسانی,257,25,منطقه 3,دبیری الهیات و معارف اسلامی,پردیس حضرت معصومه - قم
1394,انسانی,258,151,منطقه 1,حقوق,دانشگاه اصفهان
1394,انسانی,259,152,منطقه 1,مدیریت بازرگانی,دانشگاه شهید بهشتی - تهران
1394,انسانی,260,73,منطقه 2,حقوق,دانشگاه علامه طباطبایی - تهران
1394,انسانی,265,154,منطقه 1,حقوق,دانشگاه علامه طباطبایی - تهران
1394,انسانی,266,26,منطقه 3,حقوق,دانشگاه علامه طباطبایی - تهران
1394,انسانی,270,11,ایثارگران,حقوق,دانشگاه تهران
1394,انسانی,271,157,منطقه 1,حقوق,دانشگاه اصفهان
1394,انسانی,273,27,منطقه 3,حقوق,دانشگاه تبریز
1394,انسانی,274,159,منطقه 1,حقوق,دانشگاه علامه طباطبایی - تهران
1394,انسانی,278,162,منطقه 1,مدیریت بازرگانی,دانشگاه تهران
1394,انسانی,279,78,منطقه 2,کارشناسی ارشدعلوم قضایی,دانشگاه علوم قضایی و خدمات ادارای دادگستری
1394,انسانی,282,164,منطقه 1,فلسفه,دانشگاه تهران
1394,انسانی,289,170,منطقه 1,روانشناسی,دانشگاه فردوسی - مشهد
1394,انسانی,295,176,منطقه 1,حقوق,دانشگاه علامه طباطبایی - تهران
1394,انسانی,297,178,منطقه 1,حقوق,دانشگاه علامه طباطبایی - تهران
1394,انسانی,299,179,منطقه 1,فلسفه,دانشگاه تهران
1394,انسانی,302,28,منطقه 3,حقوق,دانشگاه فردوسی - مشهد
1394,انسانی,302,80,منطقه 2,حقوق,دانشگاه شهید بهشتی - تهران
1394,انسانی,309,185,منطقه 1,مدیریت بازرگانی,دانشگاه فردوسی - مشهد
1394,انسانی,310,186,منطقه 1,حقوق,دانشگاه اصفهان
1394,انسانی,311,83,منطقه 2,روانشناسی,دانشگاه یزد
1394,انسانی,312,84,منطقه 2,حقوق,دانشگاه فردوسی - مشهد
1394,انسانی,314,86,منطقه 2,علوم تربیتی,پردیس شهید پاک نژاد - یزد
1394,انسانی,315,87,منطقه 2,حقوق,دانشگاه شیراز
1394,انسانی,317,187,منطقه 1,حقوق,دانشگاه تهران (محل تحصیل قم)
1394,انسانی,318,89,منطقه 2,حقوق,دانشگاه شیراز
1394,انسانی,320,189,منطقه 1,روانشناسی,دانشگاه اصفهان
1394,انسانی,321,29,منطقه 3,حقوق,دانشگاه شیراز
1394,انسانی,324,90,منطقه 2,علوم ارتباطات اجتماعی,دانشگاه تهران
1394,انسانی,328,193,منطقه 1,حقوق,دانشگاه الزهرا(س) - تهران
1394,انسانی,330,30,منطقه 3,روانشناسی,دانشگاه تهران
1394,انسانی,333,31,منطقه 3,کارشناسی ارشدعلوم قضایی,دانشگاه علوم قضایی و خدمات ادارای دادگستری
1394,انسانی,334,32,منطقه 3,روانشناسی,دانشگاه فردوسی - مشهد
1394,انسانی,336,197,منطقه 1,حقوق,دانشگاه الزهرا(س) - تهران
1394,انسانی,337,198,منطقه 1,الهیات و معارف اسلامی - فقه و مبانی حقوق اسلامی,دانشگاه تهران
1394,انسانی,339,199,منطقه 1,راهنمایی و مشاوره,دانشگاه تهران
1394,انسانی,339,199,منطقه 1,کارشناسی ارشدعلوم قضایی,دانشگاه علوم قضایی و خدمات ادارای دادگستری
1394,انسانی,345,204,منطقه 1,روانشناسی,دانشگاه علامه طباطبایی - تهران
1394,انسانی,346,205,منطقه 1,حقوق,دانشگاه شاهد - تهران
1394,انسانی,347,206,منطقه 1,مدیریت مالی,دانشگاه شهید بهشتی - تهران
1394,انسانی,350,33,منطقه 3,حقوق,دانشگاه تهران
1394,انسانی,350,209,منطقه 1,حسابداری,دانشگاه تهران
1394,انسانی,354,34,منطقه 3,دبیری الهیات و معارف اسلامی,پردیس شهید بهشتی - مشهد
1394,انسانی,355,212,منطقه 1,حقوق,دانشگاه الزهرا(س) - تهران
1394,انسانی,358,215,منطقه 1,حسابداری,دانشگاه صنعت نفت (محل تحصیل تهران)
1394,انسانی,359,96,منطقه 2,حقوق,دانشگاه شهید بهشتی - تهران
1394,انسانی,362,97,منطقه 2,حقوق,دانشگاه فردوسی - مشهد
1394,انسانی,366,100,منطقه 2,حقوق,دانشگاه شیراز
1394,انسانی,368,102,منطقه 2,مدیریت مالی,دانشگاه تهران
1394,انسانی,371,103,منطقه 2,حقوق,دانشگاه الزهرا(س) - تهران
1394,انسانی,371,103,منطقه 2,حقوق,دانشگاه شهید بهشتی - تهران
1394,انسانی,374,106,منطقه 2,حقوق,دانشگاه الزهرا(س) - تهران
1394,انسانی,380,110,منطقه 2,علوم قضایی,دانشگاه علوم قضایی و خدمات ادارای دادگستری
1394,انسانی,381,35,منطقه 3,حقوق,دانشگاه تهران
1394,انسانی,381,35,منطقه 3,دبیری جغرافیا,پردیس امیر کبیر - کرج
1394,انسانی,383,111,منطقه 2,علوم قضایی,دانشگاه علوم قضایی و خدمات ادارای دادگستری
1394,انسانی,384,223,منطقه 1,روانشناسی,دانشگاه علامه طباطبایی - تهران
1394,انسانی,385,112,منطقه 2,مدیریت مالی,دانشگاه شهید بهشتی - تهران
1394,انسانی,385,224,منطقه 1,حقوق,دانشگاه علامه طباطبایی - تهران
1394,انسانی,387,225,منطقه 1,علوم قضایی,دانشگاه علوم قضایی و خدمات ادارای دادگستری
1394,انسانی,388,226,منطقه 1,زبان و ادبیات فارسی,دانشگاه تهران
1394,انسانی,392,228,منطقه 1,راهنمایی و مشاوره,دانشگاه تهران
1394,انسانی,397,230,منطقه 1,مدیریت بازرگانی,دانشگاه شهید بهشتی - تهران
1394,انسانی,399,117,منطقه 2,کارشناسی ارشد پیوسته معارف اسلامی و حقوق,دانشگاه شهید باهنر - کرمان
1394,انسانی,400,118,منطقه 2,حقوق,دانشگاه کاشان
1394,انسانی,405,235,منطقه 1,الهیات و معارف اسلامی - فقه و مبانی حقوق اسلامی,دانشگاه تهران
1394,انسانی,406,236,منطقه 1,راهنمایی و مشاوره,دانشگاه شهید بهشتی - تهران
1394,انسانی,408,38,منطقه 3,کارشناسی ارشدعلوم قضایی,دانشگاه علوم قضایی و خدمات ادارای دادگستری
1394,انسانی,410,120,منطقه 2,حقوق,دانشگاه تهران (محل تحصیل قم)
1394,انسانی,410,239,منطقه 1,حقوق,دانشگاه الزهرا(س) - تهران
1394,انسانی,412,39,منطقه 3,الهیات و معارف اسلامی - علوم قرآن و حدیث,دانشگاه تهران
1394,انسانی,413,240,منطقه 1,علوم تربیتی,پردیس شهید هاشمی نژاد - مشهد
1394,انسانی,415,241,منطقه 1,مدیریت مالی,دانشگاه شهید بهشتی - تهران
1394,انسانی,416,41,منطقه 3,علوم قضایی,دانشگاه علوم قضایی و خدمات ادارای دادگستری
1394,انسانی,418,42,منطقه 3,علوم تربیتی,پردیس زینبیه - پیشوا (ورامین)
1394,انسانی,418,121,منطقه 2,روانشناسی,دانشگاه علامه طباطبایی - تهران
1394,انسانی,421,243,منطقه 1,علوم قضایی,دانشگاه علوم قضایی و خدمات ادارای دادگستری
1394,انسانی,428,124,منطقه 2,روانشناسی,دانشگاه شهید بهشتی - تهران
1394,انسانی,434,127,منطقه 2,علوم تربیتی,پردیس علامه طباطبایی - ارومیه
1394,انسانی,434,250,منطقه 1,حقوق,دانشگاه اصفهان
1394,انسانی,442,130,منطقه 2,حقوق,دانشگاه تهران (محل تحصیل قم)
1394,انسانی,443,254,منطقه 1,حقوق,دانشگاه فردوسی - مشهد
1394,انسانی,445,132,منطقه 2,راهنمایی و مشاوره,پردیس امام سجاد - بیرجند
1394,انسانی,446,255,منطقه 1,حقوق,دانشگاه شیراز
1394,انسانی,448,257,منطقه 1,حقوق,دانشگاه شیراز
1394,انسانی,450,259,منطقه 1,حقوق,دانشگاه فردوسی - مشهد
1394,انسانی,451,133,منطقه 2,حقوق,دانشگاه فردوسی - مشهد
1394,انسانی,456,44,منطقه 3,حقوق,دانشگاه الزهرا(س) - تهران
1394,انسانی,458,136,منطقه 2,روانشناسی,دانشگاه علامه طباطبایی - تهران
1394,انسانی,459,137,منطقه 2,علوم قضایی,دانشگاه علوم قضایی و خدمات ادارای دادگستری
1394,انسانی,461,45,منطقه 3,کارشناسی ارشدعلوم قضایی,دانشگاه علوم قضایی و خدمات ادارای دادگستری
1394,انسانی,461,138,منطقه 2,حقوق,دانشگاه تهران (محل تحصیل قم)
1394,انسانی,463,263,منطقه 1,حقوق,دانشگاه الزهرا(س) - تهران
1394,انسانی,465,139,منطقه 2,روانشناسی,دانشگاه علامه طباطبایی - تهران
1394,انسانی,466,265,منطقه 1,علوم قضایی,دانشگاه علوم قضایی و خدمات ادارای دادگستری
1394,انسانی,469,140,منطقه 2,آموزش زبان و ادبیات فارسی,پردیس شهید باهنر - شیراز
1394,انسانی,470,268,منطقه 1,حقوق,دانشگاه تبریز
1394,انسانی,473,18,ایثارگران,حقوق,دانشگاه تهران
1394,انسانی,475,272,منطقه 1,علوم اجتماعی,دانشگاه تهران
1394,انسانی,476,46,منطقه 3,راهنمایی و مشاوره,پردیس شهید باهنر - همدان
1394,انسانی,478,141,منطقه 2,حقوق,دانشگاه شهید بهشتی - تهران
1394,انسانی,480,142,منطقه 2,راهنمایی و مشاوره,دانشگاه تهران
1394,انسانی,487,48,منطقه 3,حقوق,دانشگاه شیراز
1394,انسانی,489,280,منطقه 1,حقوق,دانشگاه فردوسی - مشهد
1394,انسانی,495,285,منطقه 1,راهنمایی و مشاوره,دانشگاه شهید بهشتی - تهران
1394,انسانی,496,286,منطقه 1,راهنمایی و مشاوره,دانشگاه شهید بهشتی - تهران
1394,انسانی,497,287,منطقه 1,حقوق,دانشگاه فردوسی - مشهد
1394,انسانی,497,287,منطقه 1,علوم قضایی,دانشگاه علوم قضایی و خدمات ادارای دادگستری
1394,انسانی,499,49,منطقه 3,حقوق,دانشگاه شهید بهشتی - تهران
1394,انسانی,500,289,منطقه 1,حسابداری,دانشگاه شهید بهشتی - تهران
1394,انسانی,501,290,منطقه 1,حقوق,دانشگاه شیراز
1394,انسانی,505,145,منطقه 2,علوم تربیتی,پردیس شهید باهنر - کرمان
1394,انسانی,507,146,منطقه 2,علوم قضایی,دانشگاه علوم قضایی و خدمات ادارای دادگستری
1394,انسانی,507,294,منطقه 1,علوم قضایی,دانشگاه علوم قضایی و خدمات ادارای دادگستری
1394,انسانی,511,147,منطقه 2,مدیریت مالی,دانشگاه شهید بهشتی - تهران
1394,انسانی,513,50,منطقه 3,کارشناسی ارشدعلوم قضایی,دانشگاه علوم قضایی و خدمات ادارای دادگستری
1394,انسانی,513,148,منطقه 2,حقوق,دانشگاه گیلان - رشت
1394,انسانی,515,149,منطقه 2,حقوق,دانشگاه شهید بهشتی - تهران
1394,انسانی,521,150,منطقه 2,مدیریت مالی,دانشگاه تهران
1394,انسانی,523,303,منطقه 1,حقوق,دانشگاه اصفهان
1394,انسانی,525,305,منطقه 1,حقوق,دانشگاه شاهد - تهران
1394,انسانی,529,52,منطقه 3,کارشناسی ارشدعلوم قضایی,دانشگاه علوم قضایی و خدمات ادارای دادگستری
1394,انسانی,529,307,منطقه 1,روانشناسی,دانشگاه اصفهان
1394,انسانی,529,307,منطقه 1,مدیریت صنعتی,دانشگاه شهید بهشتی - تهران
1394,انسانی,531,309,منطقه 1,حسابداری,دانشگاه تهران
1394,انسانی,533,152,منطقه 2,روانشناسی,دانشگاه اصفهان
1394,انسانی,533,311,منطقه 1,حسابداری,دانشگاه صنعت نفت (محل تحصیل تهران)
1394,انسانی,537,314,منطقه 1,الهیات و معارف اسلامی - فقه و مبانی حقوق اسلامی,دانشگاه تهران
1394,انسانی,537,314,منطقه 1,حقوق,دانشگاه تهران (محل تحصیل قم)
1394,انسانی,539,153,منطقه 2,حقوق,دانشگاه شیراز
1394,انسانی,540,154,منطقه 2,دبیری الهیات و معارف اسلامی,پردیس شهید بهشتی - مشهد
1394,انسانی,543,156,منطقه 2,علوم تربیتی,پردیس فاطمه الزهرا (س) - یزد
1394,انسانی,543,317,منطقه 1,علوم قضایی,دانشگاه علوم قضایی و خدمات ادارای دادگستری
1394,انسانی,545,20,ایثارگران,روانشناسی,دانشگاه فردوسی - مشهد
1394,انسانی,548,157,منطقه 2,مدیریت بازرگانی,دانشگاه شهید بهشتی - تهران
1394,انسانی,548,319,منطقه 1,حقوق,دانشگاه فردوسی - مشهد
1394,انسانی,551,320,منطقه 1,مدیریت صنعتی,دانشگاه تهران
1394,انسانی,552,321,منطقه 1,راهنمایی و مشاوره,دانشگاه اصفهان
1394,انسانی,553,160,منطقه 2,حسابداری,دانشگاه صنعت نفت (محل تحصیل تهران)
1394,انسانی,554,53,منطقه 3,کارشناسی ارشدعلوم قضایی,دانشگاه علوم قضایی و خدمات ادارای دادگستری
1394,انسانی,555,161,منطقه 2,روانشناسی,دانشگاه علامه طباطبایی - تهران
1394,انسانی,558,323,منطقه 1,حقوق,دانشگاه تبریز
1394,انسانی,559,163,منطقه 2,حقوق,دانشگاه فردوسی - مشهد
1394,انسانی,559,163,منطقه 2,دبیری علوم اجتماعی,پردیس بنت الهدی صدر-قزوین
1394,انسانی,563,326,منطقه 1,حسابداری,دانشگاه صنعت نفت (محل تحصیل تهران)
1394,انسانی,564,165,منطقه 2,علوم قضایی,دانشگاه علوم قضایی و خدمات ادارای دادگستری
1394,انسانی,565,54,منطقه 3,کارشناسی ارشدعلوم قضایی,دانشگاه علوم قضایی و خدمات ادارای دادگستری
1394,انسانی,568,328,منطقه 1,فلسفه,دانشگاه تهران
1394,انسانی,570,167,منطقه 2,حقوق,دانشگاه تهران
1394,انسانی,572,331,منطقه 1,الهیات و معارف اسلامی - فلسفه و حکمت اسلامی,دانشگاه شیراز
1394,انسانی,573,168,منطقه 2,حقوق,دانشگاه قم
1394,انسانی,576,169,منطقه 2,روانشناسی,دانشگاه علامه طباطبایی - تهران
1394,انسانی,580,171,منطقه 2,دبیری الهیات و معارف اسلامی,پردیس بنت الهدی صدر - بوشهر
1394,انسانی,581,172,منطقه 2,حقوق,دانشگاه شهید بهشتی - تهران
1394,انسانی,582,335,منطقه 1,روانشناسی,دانشگاه اصفهان
1394,انسانی,583,336,منطقه 1,علوم اجتماعی,دانشگاه تهران
1394,انسانی,584,173,منطقه 2,علوم ارتباطات اجتماعی,دانشگاه تهران
1394,انسانی,587,175,منطقه 2,حقوق,دانشگاه تهران
1394,انسانی,587,175,منطقه 2,علوم قضایی,دانشگاه علوم قضایی و خدمات ادارای دادگستری
1394,انسانی,592,178,منطقه 2,علوم قضایی,دانشگاه علوم قضایی و خدمات ادارای دادگستری
1394,انسانی,594,338,منطقه 1,راهنمایی و مشاوره,دانشگاه شهید بهشتی - تهران
1394,انسانی,595,339,منطقه 1,روانشناسی,دانشگاه اصفهان
1394,انسانی,596,340,منطقه 1,حقوق,دانشگاه شیراز
1394,انسانی,597,341,منطقه 1,علوم قضایی,دانشگاه علوم قضایی و خدمات ادارای دادگستری
1394,انسانی,600,179,منطقه 2,حقوق,دانشگاه فردوسی - مشهد
1394,انسانی,602,180,منطقه 2,علوم تربیتی,پردیس آیت اله کمال وند - خرم آباد
1394,انسانی,602,345,منطقه 1,حقوق,دانشگاه اصفهان
1394,انسانی,604,181,منطقه 2,روانشناسی,دانشگاه الزهرا(س) - تهران
1394,انسانی,607,57,منطقه 3,حسابداری,دانشگاه صنعت نفت (محل تحصیل تهران)
1394,انسانی,607,347,منطقه 1,مدیریت بازرگانی,دانشگاه علامه طباطبایی - تهران
1394,انسانی,610,183,منطقه 2,زبان و ادبیات فارسی,دانشگاه تهران
1394,انسانی,613,350,منطقه 1,زبان و ادبیات فارسی,دانشگاه تهران
1394,انسانی,616,184,منطقه 2,روانشناسی,دانشگاه تهران
1394,انسانی,616,184,منطقه 2,علوم تربیتی,پردیس فاطمه الزهرا (س) - یزد
1394,انسانی,616,352,منطقه 1,روانشناسی,دانشگاه علامه طباطبایی - تهران
1394,انسانی,616,352,منطقه 1,علوم قضایی,دانشگاه علوم قضایی و خدمات ادارای دادگستری
1394,انسانی,623,356,منطقه 1,راهنمایی و مشاوره,دانشگاه شهید بهشتی - تهران
1394,انسانی,624,357,منطقه 1,حقوق,دانشگاه فردوسی - مشهد
1394,انسانی,626,187,منطقه 2,روانشناسی,دانشگاه بین المللی امام خمینی(ره) - قزوین
1394,انسانی,631,190,منطقه 2,حقوق,دانشگاه اصفهان
1394,انسانی,633,191,منطقه 2,حقوق,دانشگاه مازندران - بابلسر
1394,انسانی,633,191,منطقه 2,علوم قضایی,دانشگاه علوم قضایی و خدمات ادارای دادگستری
1394,انسانی,633,361,منطقه 1,حسابداری,دانشگاه تهران
1394,انسانی,636,193,منطقه 2,علوم قضایی,دانشگاه علوم قضایی و خدمات ادارای دادگستری
1394,انسانی,638,61,منطقه 3,علوم تربیتی,پردیس علامه طباطبایی - ارومیه
1394,انسانی,641,23,ایثارگران,حقوق,دانشگاه تهران
1394,انسانی,647,198,منطقه 2,علوم قضایی,دانشگاه علوم قضایی و خدمات ادارای دادگستری
1394,انسانی,651,200,منطقه 2,حقوق,دانشگاه اصفهان
1394,انسانی,652,201,منطقه 2,علوم قضایی,دانشگاه علوم قضایی و خدمات ادارای دادگستری
1394,انسانی,654,368,منطقه 1,راهنمایی و مشاوره,دانشگاه شهید بهشتی - تهران
1394,انسانی,656,63,منطقه 3,علوم اجتماعی,دانشگاه تهران
1394,انسانی,656,202,منطقه 2,علوم اجتماعی,دانشگاه تهران
1394,انسانی,658,64,منطقه 3,حقوق,دانشگاه تهران
1394,انسانی,660,204,منطقه 2,آموزش زبان و ادبیات فارسی,پردیس شهید باهنر - شیراز
1394,انسانی,661,65,منطقه 3,علوم قضایی,دانشگاه علوم قضایی و خدمات ادارای دادگستری
1394,انسانی,665,371,منطقه 1,حسابداری,دانشگاه شهید بهشتی - تهران
1394,انسانی,665,371,منطقه 1,حقوق,دانشگاه تبریز
1394,انسانی,665,371,منطقه 1,روانشناسی,دانشگاه فردوسی - مشهد
1394,انسانی,669,206,منطقه 2,علوم تربیتی,پردیس بنت الهدی صدر - سنندج
1394,انسانی,674,378,منطقه 1,دبیری الهیات و معارف اسلامی,پردیس شهید بهشتی - مشهد
1394,انسانی,675,379,منطقه 1,مدیریت صنعتی,دانشگاه تهران
1394,انسانی,678,380,منطقه 1,روانشناسی,دانشگاه اصفهان
1394,انسانی,680,207,منطقه 2,روانشناسی,دانشگاه خوارزمی - تهران (محل تحصیل کرج)
1394,انسانی,682,208,منطقه 2,راهنمایی و مشاوره,دانشگاه شهید بهشتی - تهران
1394,انسانی,684,69,منطقه 3,آموزش زبان و ادبیات فارسی,پردیس علامه طباطبایی - ارومیه
1394,انسانی,684,69,منطقه 3,کارشناسی ارشدعلوم قضایی,دانشگاه علوم قضایی و خدمات ادارای دادگستری
1394,انسانی,687,25,ایثارگران,زبان و ادبیات فارسی,دانشگاه تهران
1394,انسانی,687,385,منطقه 1,روانشناسی,دانشگاه فردوسی - مشهد
1394,انسانی,690,71,منطقه 3,دبیری جغرافیا,پردیس امیر کبیر - کرج
1394,انسانی,691,26,ایثارگران,راهنمایی و مشاوره,پردیس امام سجاد - بیرجند
1394,انسانی,693,386,منطقه 1,حقوق,دانشگاه اصفهان
1394,انسانی,694,72,منطقه 3,روانشناسی,دانشگاه شهید بهشتی - تهران
1394,انسانی,694,211,منطقه 2,حقوق,دانشگاه اصفهان
1394,انسانی,699,387,منطقه 1,روانشناسی,دانشگاه تبریز
1394,انسانی,702,215,منطقه 2,علوم تربیتی,پردیس فاطمه الزهرا (س) - اهواز
1394,انسانی,705,75,منطقه 3,روانشناسی,دانشگاه شهید بهشتی - تهران
1394,انسانی,705,217,منطقه 2,حقوق,دانشگاه شاهد - تهران
1394,انسانی,705,388,منطقه 1,علوم قضایی,دانشگاه علوم قضایی و خدمات ادارای دادگستری
1394,انسانی,711,77,منطقه 3,روانشناسی,دانشگاه تهران
1394,انسانی,711,389,منطقه 1,زبان و ادبیات فارسی,دانشگاه علامه طباطبایی - تهران
1394,انسانی,713,390,منطقه 1,حقوق,دانشگاه شیراز
1394,انسانی,713,390,منطقه 1,مدیریت بازرگانی,دانشگاه علامه طباطبایی - تهران
1394,انسانی,715,221,منطقه 2,روانشناسی,دانشگاه کاشان
1394,انسانی,717,222,منطقه 2,مدیریت دولتی,دانشگاه شهید بهشتی - تهران
1394,انسانی,722,27,ایثارگران,حقوق,دانشگاه تهران
1394,انسانی,722,223,منطقه 2,حقوق,دانشگاه یزد
1394,انسانی,725,225,منطقه 2,کارشناسی ارشد پیوسته معارف اسلامی و حقوق,دانشگاه شهید باهنر - کرمان
1394,انسانی,725,397,منطقه 1,راهنمایی و مشاوره,دانشگاه شهید بهشتی - تهران
1394,انسانی,727,226,منطقه 2,روانشناسی,دانشگاه فردوسی - مشهد
1394,انسانی,729,399,منطقه 1,مدیریت دولتی,دانشگاه تهران
1394,انسانی,738,403,منطقه 1,راهنمایی و مشاوره,دانشگاه شهید بهشتی - تهران
1394,انسانی,739,404,منطقه 1,الهیات و معارف اسلامی - فقه و مبانی حقوق اسلامی,دانشگاه تهران
1394,انسانی,742,406,منطقه 1,حقوق,دانشگاه غیرانتفاعی علم و فرهنگ - تهران
1394,انسانی,744,408,منطقه 1,حقوق,دانشگاه اصفهان
1394,انسانی,745,409,منطقه 1,مطالعات ارتباطی و فناوری اطلاعات,دانشگاه علامه طباطبایی - تهران
1394,انسانی,746,229,منطقه 2,حقوق,دانشگاه یزد
1394,انسانی,749,230,منطقه 2,حقوق,دانشگاه بین المللی امام خمینی(ره) - قزوین
1394,انسانی,749,411,منطقه 1,علوم اجتماعی,دانشگاه تهران
1394,انسانی,752,82,منطقه 3,حقوق,دانشگاه تبریز
1394,انسانی,754,83,منطقه 3,روانشناسی,دانشگاه شهید بهشتی - تهران
1394,انسانی,758,84,منطقه 3,الهیات و معارف اسلامی - علوم قرآن و حدیث,دانشگاه تهران
1394,انسانی,758,415,منطقه 1,حسابداری,دانشگاه شهید بهشتی - تهران
1394,انسانی,760,29,ایثارگران,روانشناسی,دانشگاه شهید بهشتی - تهران
1394,انسانی,760,417,منطقه 1,مدیریت بازرگانی,دانشگاه فردوسی - مشهد
1394,انسانی,765,31,ایثارگران,کارشناسی ارشدعلوم قضایی,دانشگاه علوم قضایی و خدمات ادارای دادگستری
1394,انسانی,767,419,منطقه 1,مدیریت صنعتی,دانشگاه تهران
1394,انسانی,768,420,منطقه 1,علوم اقتصادی,دانشگاه شهید بهشتی - تهران
1394,انسانی,771,233,منطقه 2,علوم قضایی,دانشگاه علوم قضایی و خدمات ادارای دادگستری
1394,انسانی,776,425,منطقه 1,مدیریت دولتی,دانشگاه تهران
1394,انسانی,779,32,ایثارگران,روانشناسی,دانشگاه شهید بهشتی - تهران
1394,انسانی,779,87,منطقه 3,روانشناسی,دانشگاه تهران
1394,انسانی,779,235,منطقه 2,روانشناسی,دانشگاه اصفهان
1394,انسانی,779,426,منطقه 1,روانشناسی,دانشگاه فردوسی - مشهد
1394,انسانی,782,236,منطقه 2,روانشناسی,دانشگاه الزهرا(س) - تهران
1394,انسانی,782,236,منطقه 2,علوم قضایی,دانشگاه علوم قضایی و خدمات ادارای دادگستری
1394,انسانی,784,427,منطقه 1,حقوق,دانشگاه فردوسی - مشهد
1394,انسانی,785,238,منطقه 2,حقوق,دانشگاه اصفهان
1394,انسانی,787,88,منطقه 3,حسابداری,دانشگاه الزهرا(س) - تهران
1394,انسانی,788,239,منطقه 2,حقوق,دانشگاه تبریز
1394,انسانی,788,429,منطقه 1,حقوق,دانشگاه شاهد - تهران
1394,انسانی,791,431,منطقه 1,علوم اجتماعی,دانشگاه تهران
1394,انسانی,792,240,منطقه 2,روانشناسی,دانشگاه بوعلی سینا - همدان
1394,انسانی,793,89,منطقه 3,آموزش زبان و ادبیات فارسی,پردیس امام محمد باقر - بجنورد
1394,انسانی,797,434,منطقه 1,مدیریت دولتی,دانشگاه شهید بهشتی - تهران
1394,انسانی,799,436,منطقه 1,علوم اجتماعی,دانشگاه تهران
1394,انسانی,801,243,منطقه 2,روانشناسی,دانشگاه الزهرا(س) - تهران
1394,انسانی,807,244,منطقه 2,علوم تربیتی,پردیس کوثر - یاسوج
1394,انسانی,808,245,منطقه 2,علوم اجتماعی,دانشگاه تهران
1394,انسانی,809,90,منطقه 3,حقوق,دانشگاه تهران (محل تحصیل قم)
1394,انسانی,812,91,منطقه 3,راهنمایی و مشاوره,پردیس شهید باهنر - همدان
1394,انسانی,812,443,منطقه 1,راهنمایی و مشاوره,دانشگاه الزهرا(س) - تهران
1394,انسانی,812,443,منطقه 1,روانشناسی,دانشگاه خوارزمی - تهران (محل تحصیل کرج)
1394,انسانی,815,34,ایثارگران,حقوق,دانشگاه تهران
1394,انسانی,815,92,منطقه 3,دبیری علوم اجتماعی,پردیس شهید رجایی - کرمانشاه
1394,انسانی,815,92,منطقه 3,علوم تربیتی,پردیس فاطمه الزهرا (س) - یزد
1394,انسانی,819,247,منطقه 2,الهیات و معارف اسلامی - ادیان و عرفان,دانشگاه الزهرا(س) - تهران
1394,انسانی,822,249,منطقه 2,علوم قضایی,دانشگاه علوم قضایی و خدمات ادارای دادگستری
1394,انسانی,826,94,منطقه 3,حقوق,دانشگاه شیراز
1394,انسانی,829,253,منطقه 2,حقوق,دانشگاه الزهرا(س) - تهران
1394,انسانی,829,253,منطقه 2,علوم قضایی,دانشگاه علوم قضایی و خدمات ادارای دادگستری
1394,انسانی,831,255,منطقه 2,کارشناسی ارشد پیوسته معارف اسلامی و حقوق,دانشگاه شهید باهنر - کرمان
1394,انسانی,833,96,منطقه 3,علوم تربیتی,پردیس فاطمه الزهرا (س) - اهواز
1394,انسانی,833,448,منطقه 1,مدیریت مالی,دانشگاه الزهرا(س) - تهران
1394,انسانی,843,97,منطقه 3,روانشناسی,دانشگاه شهید بهشتی - تهران
1394,انسانی,843,258,منطقه 2,علوم تربیتی,پردیس آیت اله کمال وند - خرم آباد
1394,انسانی,843,454,منطقه 1,حسابداری,دانشگاه علامه طباطبایی - تهران
1394,انسانی,843,454,منطقه 1,راهنمایی و مشاوره,دانشگاه الزهرا(س) - تهران
1394,انسانی,846,36,ایثارگران,حقوق,دانشگاه شهید بهشتی - تهران
1394,انسانی,847,456,منطقه 1,راهنمایی و مشاوره,دانشگاه اصفهان
1394,انسانی,848,457,منطقه 1,علوم تربیتی,دانشگاه علامه طباطبایی - تهران
1394,انسانی,850,459,منطقه 1,علوم قضایی,دانشگاه علوم قضایی و خدمات ادارای دادگستری
1394,انسانی,851,98,منطقه 3,راهنمایی و مشاوره,پردیس امام سجاد - بیرجند
1394,انسانی,852,99,منطقه 3,حقوق,دانشگاه مازندران - بابلسر
1394,انسانی,855,260,منطقه 2,آموزش زبان و ادبیات فارسی,پردیس علامه طباطبایی - ارومیه
1394,انسانی,855,460,منطقه 1,حقوق,دانشگاه حکیم سبزواری - سبزوار
1394,انسانی,857,261,منطقه 2,حقوق,دانشگاه مازندران - بابلسر
1394,انسانی,859,462,منطقه 1,حقوق,دانشگاه غیرانتفاعی علم و فرهنگ - تهران
1394,انسانی,861,463,منطقه 1,حقوق,دانشگاه شیراز
1394,انسانی,862,263,منطقه 2,روانشناسی,دانشگاه فردوسی - مشهد
1394,انسانی,862,464,منطقه 1,حقوق,دانشگاه اصفهان
1394,انسانی,864,465,منطقه 1,علوم اجتماعی,دانشگاه فردوسی - مشهد
1394,انسانی,865,1,خانواده شهدا,حقوق,دانشگاه شیراز
1394,انسانی,865,466,منطقه 1,علوم قضایی,دانشگاه علوم قضایی و خدمات ادارای دادگستری
1394,انسانی,870,264,منطقه 2,حقوق,دانشگاه علامه طباطبایی - تهران
1394,انسانی,870,468,منطقه 1,مدیریت مالی,دانشگاه الزهرا(س) - تهران
1394,انسانی,873,266,منطقه 2,روانشناسی,دانشگاه یزد
1394,انسانی,873,469,منطقه 1,حقوق,دانشگاه فردوسی - مشهد
1394,انسانی,876,470,منطقه 1,فقه و حقوق اسلامی,دانشگاه خوارزمی - تهران (محل تحصیل کرج)
1394,انسانی,880,472,منطقه 1,روانشناسی,دانشگاه خوارزمی - تهران (محل تحصیل کرج)
1394,انسانی,884,271,منطقه 2,حقوق,دانشگاه تهران (محل تحصیل قم)
1394,انسانی,884,474,منطقه 1,علوم سیاسی,دانشگاه تهران
1394,انسانی,888,273,منطقه 2,الهیات و معارف اسلامی - فقه و مبانی حقوق اسلامی,دانشگاه تهران
1394,انسانی,894,275,منطقه 2,راهنمایی و مشاوره,دانشگاه الزهرا(س) - تهران
1394,انسانی,898,276,منطقه 2,حقوق,دانشگاه مازندران - بابلسر
1394,انسانی,899,277,منطقه 2,حقوق,دانشگاه بوعلی سینا - همدان
1394,انسانی,901,278,منطقه 2,حقوق,دانشگاه شیراز
1394,انسانی,903,483,منطقه 1,حقوق,دانشگاه تهران (محل تحصیل قم)
1394,انسانی,903,483,منطقه 1,راهنمایی و مشاوره,دانشگاه تهران
1394,انسانی,909,282,منطقه 2,حقوق,دانشگاه شیراز
1394,انسانی,910,103,منطقه 3,حقوق,دانشگاه تبریز
1394,انسانی,914,488,منطقه 1,حسابداری,دانشگاه شهید بهشتی - تهران
1394,انسانی,914,488,منطقه 1,کارشناسی ارشد پیوسته معارف اسلامی و حقوق,دانشگاه شهید باهنر - کرمان
1394,انسانی,916,284,منطقه 2,حقوق,دانشگاه اصفهان
1394,انسانی,918,286,منطقه 2,حقوق,دانشگاه مازندران - بابلسر
1394,انسانی,921,288,منطقه 2,حقوق,دانشگاه الزهرا(س) - تهران
1394,انسانی,921,490,منطقه 1,مدیریت دولتی,دانشگاه شهید بهشتی - تهران
1394,انسانی,924,290,منطقه 2,روانشناسی,دانشگاه فردوسی - مشهد
1394,انسانی,927,291,منطقه 2,مدیریت صنعتی,دانشگاه تهران
1394,انسانی,927,492,منطقه 1,روانشناسی,دانشگاه غیرانتفاعی علم و فرهنگ - تهران
1394,انسانی,930,292,منطقه 2,حقوق,دانشگاه بوعلی سینا - همدان
1394,انسانی,933,494,منطقه 1,حقوق,دانشگاه بین المللی امام خمینی(ره) - قزوین
1394,انسانی,936,294,منطقه 2,حقوق,دانشگاه گیلان - رشت
1394,انسانی,936,495,منطقه 1,راهنمایی و مشاوره,دانشگاه الزهرا(س) - تهران
1394,انسانی,939,105,منطقه 3,حقوق,دانشگاه شهید بهشتی - تهران
1394,انسانی,939,296,منطقه 2,آموزش زبان و ادبیات فارسی,پردیس علامه طباطبایی - ارومیه
1394,انسانی,941,497,منطقه 1,حسابداری,دانشگاه شهید بهشتی - تهران
1394,انسانی,943,298,منطقه 2,علوم اجتماعی,دانشگاه تهران
1394,انسانی,945,299,منطقه 2,حقوق,دانشگاه سمنان
1394,انسانی,947,44,ایثارگران,روانشناسی,دانشگاه اصفهان
1394,انسانی,949,106,منطقه 3,دبیری زبان و ادبیات عربی,پردیس آیت اله طالقانی - قم
1394,انسانی,953,302,منطقه 2,روانشناسی,دانشگاه اصفهان
1394,انسانی,957,305,منطقه 2,مدیریت بازرگانی,دانشگاه تهران
1394,انسانی,962,108,منطقه 3,راهنمایی و مشاوره,دانشگاه تهران
1394,انسانی,966,310,منطقه 2,علوم تربیتی,پردیس شهید باهنر - کرمان
1394,انسانی,967,502,منطقه 1,علوم تربیتی,دانشگاه علامه طباطبایی - تهران
1394,انسانی,972,313,منطقه 2,روانشناسی,دانشگاه سمنان (محل تحصیل دانشکده روانشناسی وعلوم تربیتی مهدی شهر)
1394,انسانی,972,504,منطقه 1,روانشناسی,دانشگاه فردوسی - مشهد
1394,انسانی,974,505,منطقه 1,مدیریت دولتی,دانشگاه تهران
1394,انسانی,978,315,منطقه 2,حقوق,دانشگاه گیلان - رشت
1394,انسانی,989,111,منطقه 3,حقوق,دانشگاه تهران (محل تحصیل قم)
1394,انسانی,989,514,منطقه 1,حقوق,دانشگاه شاهد - تهران
1394,انسانی,993,320,منطقه 2,حقوق,دانشگاه علامه طباطبایی - تهران
1394,انسانی,993,516,منطقه 1,حقوق,دانشگاه بین المللی امام خمینی(ره) - قزوین
1394,انسانی,993,516,منطقه 1,مدیریت جهانگردی,دانشگاه علامه طباطبایی - تهران
1394,انسانی,996,322,منطقه 2,حقوق,دانشگاه کاشان
1394,انسانی,996,322,منطقه 2,روانشناسی,دانشگاه فردوسی - مشهد
1394,انسانی,998,518,منطقه 1,حسابداری,دانشگاه شهید بهشتی - تهران
1394,انسانی,1000,324,منطقه 2,حقوق,دانشگاه یزد
1394,انسانی,1001,325,منطقه 2,روانشناسی,دانشگاه فردوسی - مشهد
1394,انسانی,1002,326,منطقه 2,علوم تربیتی,پردیس فاطمه الزهرا(س) ساری
1394,انسانی,1005,328,منطقه 2,حقوق,دانشگاه اصفهان
1394,انسانی,1005,328,منطقه 2,حقوق,دانشگاه مازندران - بابلسر
1394,انسانی,1005,328,منطقه 2,علوم سیاسی,دانشگاه تهران
1394,انسانی,1013,332,منطقه 2,حقوق,دانشگاه اصفهان
1394,انسانی,1013,523,منطقه 1,حسابداری,دانشگاه علامه طباطبایی - تهران
1394,انسانی,1013,523,منطقه 1,حقوق,دانشگاه شاهد - تهران
1394,انسانی,1018,333,منطقه 2,راهنمایی و مشاوره,دانشگاه اصفهان
1394,انسانی,1018,333,منطقه 2,علوم تربیتی,دانشگاه تهران
1394,انسانی,1020,526,منطقه 1,فلسفه,دانشگاه شهید بهشتی - تهران
1394,انسانی,1022,335,منطقه 2,روانشناسی,دانشگاه اصفهان
1394,انسانی,1022,527,منطقه 1,حسابداری,دانشگاه صنعت نفت (محل تحصیل تهران)
1394,انسانی,1025,528,منطقه 1,علوم سیاسی,دانشگاه تهران
1394,انسانی,1027,117,منطقه 3,حقوق,دانشگاه شهید چمران اهواز
1394,انسانی,1033,338,منطقه 2,روانشناسی,دانشگاه تهران
1394,انسانی,1033,533,منطقه 1,حقوق,دانشگاه حکیم سبزواری - سبزوار
1394,انسانی,1035,339,منطقه 2,علوم تربیتی,پردیس بنت الهدی صدر - اردبیل
1394,انسانی,1035,339,منطقه 2,مدیریت صنعتی,دانشگاه تهران
1394,انسانی,1038,46,ایثارگران,مدیریت مالی,دانشگاه تهران
1394,انسانی,1038,118,منطقه 3,مدیریت صنعتی,دانشگاه خلیج فارس - بوشهر
1394,انسانی,1042,342,منطقه 2,حقوق,دانشگاه یزد
1394,انسانی,1045,343,منطقه 2,حقوق,دانشگاه بوعلی سینا - همدان
1394,انسانی,1045,536,منطقه 1,حقوق,دانشگاه تهران (محل تحصیل قم)
1394,انسانی,1051,344,منطقه 2,راهنمایی و مشاوره,پردیس شهید باهنر - اصفهان
1394,انسانی,1055,346,منطقه 2,روانشناسی,دانشگاه اصفهان
1394,انسانی,1058,120,منطقه 3,حقوق,دانشگاه تهران
1394,انسانی,1060,121,منطقه 3,روانشناسی,دانشگاه شهید بهشتی - تهران
1394,انسانی,1066,124,منطقه 3,حقوق,دانشگاه علامه طباطبایی - تهران
1394,انسانی,1068,349,منطقه 2,علوم تربیتی,پردیس فاطمه الزهرا (س) - یزد
1394,انسانی,1069,350,منطقه 2,حقوق,دانشگاه شیراز
1394,انسانی,1071,351,منطقه 2,زبان و ادبیات فارسی,دانشگاه شهید بهشتی - تهران
1394,انسانی,1071,547,منطقه 1,راهنمایی و مشاوره,دانشگاه الزهرا(س) - تهران
1394,انسانی,1074,352,منطقه 2,حقوق,دانشگاه یزد
1394,انسانی,1074,352,منطقه 2,مدیریت بازرگانی,دانشگاه شهید بهشتی - تهران
1394,انسانی,1079,355,منطقه 2,حقوق,دانشگاه بوعلی سینا - همدان
1394,انسانی,1081,125,منطقه 3,روانشناسی,دانشگاه شهید بهشتی - تهران
1394,انسانی,1084,51,ایثارگران,حقوق,دانشگاه شهید بهشتی - تهران
1394,انسانی,1085,552,منطقه 1,الهیات و معارف اسلامی - فقه و مبانی حقوق اسلامی,دانشگاه الزهرا(س) - تهران
1394,انسانی,1091,127,منطقه 3,حقوق,دانشگاه مازندران - بابلسر
1394,انسانی,1091,359,منطقه 2,حقوق,دانشگاه تهران (محل تحصیل قم)
1394,انسانی,1091,359,منطقه 2,حقوق,دانشگاه مازندران - بابلسر
1394,انسانی,1096,556,منطقه 1,حقوق,دانشگاه شاهد - تهران
1394,انسانی,1102,129,منطقه 3,حقوق,دانشگاه شیراز
1394,انسانی,1104,561,منطقه 1,زبان و ادبیات عربی,دانشگاه شهید بهشتی - تهران
1394,انسانی,1106,130,منطقه 3,آموزش زبان و ادبیات فارسی,پردیس شهید باهنر - شیراز
1394,انسانی,1106,363,منطقه 2,حقوق,دانشگاه حکیم سبزواری - سبزوار
1394,انسانی,1109,365,منطقه 2,دبیری زبان و ادبیات عربی,پردیس فاطمه الزهرا (س) - اهواز
1394,انسانی,1109,365,منطقه 2,علوم اقتصادی,دانشگاه شهید بهشتی - تهران
1394,انسانی,1111,367,منطقه 2,دبیری زبان و ادبیات عربی,پردیس فاطمه الزهرا (س) - اهواز
1394,انسانی,1115,563,منطقه 1,روانشناسی,دانشگاه فردوسی - مشهد
1394,انسانی,1117,133,منطقه 3,راهنمایی و مشاوره,پردیس امام سجاد - بیرجند
1394,انسانی,1118,565,منطقه 1,راهنمایی و مشاوره,دانشگاه اصفهان
1394,انسانی,1123,371,منطقه 2,حسابداری,دانشگاه صنعت نفت (محل تحصیل تهران)
1394,انسانی,1125,372,منطقه 2,فلسفه,دانشگاه تهران
1394,انسانی,1127,135,منطقه 3,آموزش زبان و ادبیات فارسی,پردیس شهید باهنر - شیراز
1394,انسانی,1130,374,منطقه 2,آموزش زبان و ادبیات فارسی,پردیس شهید باهنر - شیراز
1394,انسانی,1130,374,منطقه 2,روانشناسی,دانشگاه اصفهان
1394,انسانی,1130,374,منطقه 2,مدیریت مالی,دانشگاه شهید بهشتی - تهران
1394,انسانی,1132,136,منطقه 3,آموزش زبان و ادبیات فارسی,پردیس علامه طباطبایی - ارومیه
1394,انسانی,1134,53,ایثارگران,حقوق,دانشگاه تهران
1394,انسانی,1134,570,منطقه 1,الهیات و معارف اسلامی - فقه و مبانی حقوق اسلامی,دانشگاه فردوسی - مشهد
1394,انسانی,1139,138,منطقه 3,روانشناسی,دانشگاه الزهرا(س) - تهران
1394,انسانی,1139,377,منطقه 2,حقوق,دانشگاه بین المللی امام خمینی(ره) - قزوین
1394,انسانی,1139,377,منطقه 2,روانشناسی,دانشگاه خوارزمی - تهران (محل تحصیل کرج)
1394,انسانی,1143,571,منطقه 1,حسابداری,دانشگاه علامه طباطبایی - تهران
1394,انسانی,1145,572,منطقه 1,حسابداری,دانشگاه علامه طباطبایی - تهران
1394,انسانی,1147,140,منطقه 3,علوم تربیتی,پردیس امام خمینی - گرگان
1394,انسانی,1147,574,منطقه 1,راهنمایی و مشاوره,دانشگاه اصفهان
1394,انسانی,1151,381,منطقه 2,علوم اجتماعی,دانشگاه تهران
1394,انسانی,1154,141,منطقه 3,روانشناسی,دانشگاه شهید بهشتی - تهران
1394,انسانی,1156,383,منطقه 2,آموزش زبان و ادبیات فارسی,پردیس علامه طباطبایی - ارومیه
1394,انسانی,1156,383,منطقه 2,حقوق,دانشگاه سمنان
1394,انسانی,1159,142,منطقه 3,علوم قضایی,دانشگاه علوم قضایی و خدمات ادارای دادگستری
1394,انسانی,1159,579,منطقه 1,مدیریت بازرگانی,دانشگاه الزهرا(س) - تهران
1394,انسانی,1161,581,منطقه 1,فقه و حقوق اسلامی,دانشگاه خوارزمی - تهران (محل تحصیل کرج)
1394,انسانی,1164,143,منطقه 3,آموزش زبان و ادبیات فارسی,پردیس امام محمد باقر - بجنورد
1394,انسانی,1164,143,منطقه 3,حقوق,دانشگاه بوعلی سینا - همدان
1394,انسانی,1164,582,منطقه 1,مدیریت مالی,دانشگاه خوارزمی تهران
1394,انسانی,1168,388,منطقه 2,دبیری الهیات و معارف اسلامی,پردیس حضرت معصومه - قم
1394,انسانی,1168,583,منطقه 1,الهیات و معارف اسلامی - فقه و مبانی حقوق اسلامی,دانشگاه تهران
1394,انسانی,1174,587,منطقه 1,مدیریت دولتی,دانشگاه شهید بهشتی - تهران
1394,انسانی,1176,588,منطقه 1,سنجش از دور و سیستم اطلاعات جغرافیایی,دانشگاه تهران
1394,انسانی,1178,146,منطقه 3,حقوق,دانشگاه شیراز
1394,انسانی,1180,147,منطقه 3,دبیری الهیات و معارف اسلامی,پردیس حضرت معصومه - قم
1394,انسانی,1180,591,منطقه 1,علوم تربیتی,پردیس شهید هاشمی نژاد - مشهد
1394,انسانی,1183,148,منطقه 3,حقوق,دانشگاه شهید بهشتی - تهران
1394,انسانی,1183,148,منطقه 3,راهنمایی و مشاوره,پردیس امام سجاد - بیرجند
1394,انسانی,1183,390,منطقه 2,مطالعات ارتباطی و فناوری اطلاعات,دانشگاه علامه طباطبایی - تهران
1394,انسانی,1185,391,منطقه 2,الهیات و معارف اسلامی - علوم قرآن و حدیث,دانشگاه فردوسی - مشهد
1394,انسانی,1185,391,منطقه 2,حقوق,دانشگاه زنجان
1394,انسانی,1194,596,منطقه 1,روانشناسی,دانشگاه غیرانتفاعی علم و فرهنگ - تهران
1394,انسانی,1194,596,منطقه 1,علوم اقتصادی,دانشگاه فردوسی - مشهد
1394,انسانی,1197,150,منطقه 3,علوم قضایی,دانشگاه علوم قضایی و خدمات ادارای دادگستری
1394,انسانی,1199,397,منطقه 2,حقوق,دانشگاه سمنان
1394,انسانی,1202,151,منطقه 3,علوم قضایی,دانشگاه علوم قضایی و خدمات ادارای دادگستری
1394,انسانی,1202,398,منطقه 2,مدیریت بیمه,دانشگاه علامه طباطبایی - تهران
1394,انسانی,1204,399,منطقه 2,حقوق,دانشگاه گیلان - رشت
1394,انسانی,1205,400,منطقه 2,حقوق,دانشگاه شاهد - تهران
1394,انسانی,1207,402,منطقه 2,حقوق,دانشگاه تهران (محل تحصیل قم)
1394,انسانی,1211,404,منطقه 2,آموزش زبان و ادبیات فارسی,پردیس علامه طباطبایی - ارومیه
1394,انسانی,1214,405,منطقه 2,حقوق,دانشگاه تهران (محل تحصیل قم)
1394,انسانی,1216,406,منطقه 2,حقوق,دانشگاه بیرجند
1394,انسانی,1219,155,منطقه 3,حقوق,دانشگاه شیراز
1394,انسانی,1219,604,منطقه 1,فقه و حقوق اسلامی,دانشگاه خوارزمی - تهران (محل تحصیل کرج)
1394,انسانی,1222,407,منطقه 2,دبیری علوم اجتماعی,پردیس بنت الهدی صدر-قزوین
1394,انسانی,1222,605,منطقه 1,حقوق,دانشگاه شهید مدنی آذربایجان - تبریز
1394,انسانی,1226,608,منطقه 1,الهیات و معارف اسلامی - فقه و مبانی حقوق اسلامی,دانشگاه الزهرا(س) - تهران
1394,انسانی,1232,157,منطقه 3,حقوق,دانشگاه بوعلی سینا - همدان
1394,انسانی,1232,612,منطقه 1,روانشناسی,دانشگاه غیرانتفاعی خیام - مشهد
1394,انسانی,1232,612,منطقه 1,مدیریت بازرگانی,دانشگاه قم
1394,انسانی,1235,158,منطقه 3,حسابداری,دانشگاه فردوسی - مشهد
1394,انسانی,1239,411,منطقه 2,حقوق,دانشگاه مازندران - بابلسر
1394,انسانی,1242,413,منطقه 2,حقوق,دانشگاه بین المللی امام خمینی(ره) - قزوین
1394,انسانی,1242,413,منطقه 2,حقوق,دانشگاه تبریز
1394,انسانی,1242,413,منطقه 2,روانشناسی,دانشگاه شیراز
1394,انسانی,1245,617,منطقه 1,علوم اقتصادی,دانشگاه شهید بهشتی - تهران
1394,انسانی,1247,415,منطقه 2,حقوق,دانشگاه تهران (محل تحصیل قم)
1394,انسانی,1249,620,منطقه 1,حقوق,دانشگاه تهران (محل تحصیل قم)
1394,انسانی,1252,159,منطقه 3,علوم قضایی,دانشگاه علوم قضایی و خدمات ادارای دادگستری
1394,انسانی,1254,416,منطقه 2,مدیریت صنعتی,دانشگاه تهران
1394,انسانی,1254,624,منطقه 1,راهنمایی و مشاوره,دانشگاه اصفهان
1394,انسانی,1256,417,منطقه 2,دبیری الهیات و معارف اسلامی,پردیس آیت اله طالقانی - قم
1394,انسانی,1258,625,منطقه 1,علوم تربیتی,دانشگاه شیراز
1394,انسانی,1262,160,منطقه 3,حقوق,دانشگاه شیراز
1394,انسانی,1265,161,منطقه 3,آموزش زبان و ادبیات فارسی,پردیس علامه طباطبایی - ارومیه
1394,انسانی,1267,626,منطقه 1,حقوق,دانشگاه تهران (محل تحصیل قم)
1394,انسانی,1275,631,منطقه 1,حقوق,دانشگاه غیرانتفاعی علم و فرهنگ - تهران
1394,انسانی,1275,631,منطقه 1,حقوق,دانشگاه یزد
1394,انسانی,1277,633,منطقه 1,علوم تربیتی,دانشگاه الزهرا(س) - تهران
1394,انسانی,1283,636,منطقه 1,حقوق,دانشگاه کاشان
1394,انسانی,1286,427,منطقه 2,حقوق,دانشگاه بیرجند
1394,انسانی,1286,638,منطقه 1,حقوق,دانشگاه تهران (محل تحصیل قم)
1394,انسانی,1288,166,منطقه 3,روانشناسی,دانشگاه شهید بهشتی - تهران
1394,انسانی,1290,640,منطقه 1,حقوق,دانشگاه تهران (محل تحصیل قم)
1394,انسانی,1292,430,منطقه 2,مددکاری اجتماعی,دانشگاه علامه طباطبایی - تهران
1394,انسانی,1294,167,منطقه 3,حقوق,دانشگاه شیراز
1394,انسانی,1294,431,منطقه 2,حقوق,دانشگاه یزد
1394,انسانی,1294,431,منطقه 2,زبان و ادبیات عربی,دانشگاه تهران
1394,انسانی,1296,168,منطقه 3,روانشناسی,دانشگاه شهید بهشتی - تهران
1394,انسانی,1300,56,ایثارگران,حقوق,دانشگاه تهران
1394,انسانی,1300,642,منطقه 1,علوم سیاسی,دانشگاه تهران
1394,انسانی,1303,434,منطقه 2,حقوق,دانشگاه مازندران - بابلسر
1394,انسانی,1305,435,منطقه 2,زبان و ادبیات عربی,دانشگاه تهران
1394,انسانی,1308,645,منطقه 1,الهیات و معارف اسلامی - فقه و مبانی حقوق اسلامی,دانشگاه الزهرا(س) - تهران
1394,انسانی,1310,171,منطقه 3,حقوق,دانشگاه اصفهان
1394,انسانی,1310,647,منطقه 1,راهنمایی و مشاوره,دانشگاه الزهرا(س) - تهران
1394,انسانی,1312,172,منطقه 3,علوم قضایی,دانشگاه علوم قضایی و خدمات ادارای دادگستری
1394,انسانی,1314,437,منطقه 2,حقوق,دانشگاه مازندران - بابلسر
1394,انسانی,1316,438,منطقه 2,روانشناسی,دانشگاه بوعلی سینا - همدان
1394,انسانی,1321,441,منطقه 2,علوم اقتصادی,دانشگاه شهید بهشتی - تهران
1394,انسانی,1325,443,منطقه 2,کارشناسی ارشد پیوسته معارف اسلامی و حقوق,دانشگاه شهید باهنر - کرمان
1394,انسانی,1325,651,منطقه 1,علوم اقتصادی,دانشگاه علامه طباطبایی - تهران
1394,انسانی,1327,652,منطقه 1,مدیریت دولتی,دانشگاه شهید بهشتی - تهران
1394,انسانی,1330,654,منطقه 1,علوم تربیتی,دانشگاه فردوسی - مشهد
1394,انسانی,1333,446,منطقه 2,حقوق,دانشگاه بین المللی امام خمینی(ره) - قزوین
1394,انسانی,1333,657,منطقه 1,علوم اقتصادی,دانشگاه شهید بهشتی - تهران
1394,انسانی,1337,175,منطقه 3,حقوق,دانشگاه بوعلی سینا - همدان
1394,انسانی,1340,449,منطقه 2,حقوق,دانشگاه قم
1394,انسانی,1340,660,منطقه 1,راهنمایی و مشاوره,دانشگاه الزهرا(س) - تهران
1394,انسانی,1344,450,منطقه 2,حقوق,دانشگاه بیرجند
1394,انسانی,1349,179,منطقه 3,علوم قضایی,دانشگاه علوم قضایی و خدمات ادارای دادگستری
1394,انسانی,1352,180,منطقه 3,حقوق,دانشگاه مازندران - بابلسر
1394,انسانی,1353,663,منطقه 1,مدیریت صنعتی,دانشگاه علامه طباطبایی - تهران
1394,انسانی,1356,665,منطقه 1,علوم سیاسی,دانشگاه تهران
1394,انسانی,1359,454,منطقه 2,فقه و حقوق اسلامی,دانشگاه خوارزمی - تهران (محل تحصیل کرج)
1394,انسانی,1363,182,منطقه 3,علوم قضایی,دانشگاه علوم قضایی و خدمات ادارای دادگستری
1394,انسانی,1363,669,منطقه 1,فقه و حقوق اسلامی,دانشگاه شاهد - تهران
1394,انسانی,1367,184,منطقه 3,علوم تربیتی,پردیس کوثر - یاسوج
1394,انسانی,1373,58,ایثارگران,حقوق,دانشگاه تهران
1394,انسانی,1373,186,منطقه 3,حقوق,دانشگاه بوعلی سینا - همدان
1394,انسانی,1373,457,منطقه 2,دبیری زبان و ادبیات عربی,پردیس فاطمه الزهرا (س) - اهواز
1394,انسانی,1377,674,منطقه 1,الهیات و معارف اسلامی - فقه و مبانی حقوق اسلامی,دانشگاه الزهرا(س) - تهران
1394,انسانی,1377,674,منطقه 1,حقوق,دانشگاه کاشان
1394,انسانی,1377,674,منطقه 1,مدیریت بیمه,دانشگاه علامه طباطبایی - تهران
1394,انسانی,1380,460,منطقه 2,روانشناسی,دانشگاه خوارزمی - تهران (محل تحصیل کرج)
1394,انسانی,1381,676,منطقه 1,علوم تربیتی,دانشگاه علامه طباطبایی - تهران
1394,انسانی,1382,461,منطقه 2,حسابداری,دانشگاه تهران (محل تحصیل قم)
1394,انسانی,1382,677,منطقه 1,حقوق,دانشگاه بین المللی امام خمینی(ره) - قزوین
1394,انسانی,1384,462,منطقه 2,دبیری الهیات و معارف اسلامی,پردیس علامه طباطبایی - بوشهر
1394,انسانی,1386,679,منطقه 1,حقوق,دانشگاه بین المللی امام خمینی(ره) - قزوین
1394,انسانی,1390,463,منطقه 2,علوم تربیتی,پردیس شهید رجایی - سمنان
1394,انسانی,1390,682,منطقه 1,علوم تربیتی,پردیس شهید هاشمی نژاد - مشهد
1394,انسانی,1390,682,منطقه 1,مدیریت بازرگانی,دانشگاه الزهرا(س) - تهران
1394,انسانی,1399,189,منطقه 3,کارشناسی ارشد پیوسته معارف اسلامی و حقوق,دانشگاه شهید باهنر - کرمان
1394,انسانی,1400,468,منطقه 2,راهنمایی و مشاوره,پردیس امام سجاد - بیرجند
1394,انسانی,1404,470,منطقه 2,علوم تربیتی,پردیس فاطمه الزهرا(س) ساری
1394,انسانی,1404,686,منطقه 1,علوم اجتماعی,دانشگاه فردوسی - مشهد
1394,انسانی,1404,686,منطقه 1,علوم سیاسی,دانشگاه شهید بهشتی - تهران
1394,انسانی,1412,474,منطقه 2,راهنمایی و مشاوره,پردیس دکتر شریعتی - ساری
1394,انسانی,1414,475,منطقه 2,روانشناسی,دانشگاه سمنان (محل تحصیل دانشکده روانشناسی وعلوم تربیتی مهدی شهر)
1394,انسانی,1418,693,منطقه 1,آموزش زبان و ادبیات فارسی,پردیس شهید باهنر - شیراز
1394,انسانی,1418,693,منطقه 1,الهیات و معارف اسلامی - فقه و مبانی حقوق اسلامی,دانشگاه الزهرا(س) - تهران
1394,انسانی,1420,695,منطقه 1,حسابداری,دانشگاه اصفهان
1394,انسانی,1421,696,منطقه 1,حسابداری,دانشگاه تهران
1394,انسانی,1426,59,ایثارگران,حقوق,دانشگاه تهران (محل تحصیل قم)
1394,انسانی,1426,192,منطقه 3,راهنمایی و مشاوره,پردیس امام سجاد - بیرجند
1394,انسانی,1426,699,منطقه 1,علوم تربیتی,دانشگاه فردوسی - مشهد
1394,انسانی,1431,480,منطقه 2,حسابداری,دانشگاه شهید بهشتی - تهران
1394,انسانی,1431,700,منطقه 1,مدیریت مالی,دانشگاه خوارزمی تهران
1394,انسانی,1433,193,منطقه 3,حقوق,دانشگاه بیرجند
1394,انسانی,1435,194,منطقه 3,حقوق,دانشگاه یزد
1394,انسانی,1439,195,منطقه 3,روانشناسی,دانشگاه بیرجند
1394,انسانی,1439,704,منطقه 1,حقوق,دانشگاه بین المللی امام خمینی(ره) - قزوین
1394,انسانی,1439,704,منطقه 1,علوم تربیتی,دانشگاه اصفهان
1394,انسانی,1439,704,منطقه 1,علوم سیاسی,دانشگاه تهران
1394,انسانی,1443,707,منطقه 1,علوم اقتصادی,دانشگاه شهید بهشتی - تهران
1394,انسانی,1444,196,منطقه 3,حقوق,دانشگاه شیراز
1394,انسانی,1446,482,منطقه 2,حقوق,دانشگاه بوعلی سینا - همدان
1394,انسانی,1447,709,منطقه 1,حسابداری,دانشگاه علامه طباطبایی - تهران
1394,انسانی,1449,484,منطقه 2,مدیریت مالی,دانشگاه یزد
1394,انسانی,1449,710,منطقه 1,مدیریت صنعتی,دانشگاه تهران
1394,انسانی,1451,485,منطقه 2,روانشناسی,دانشگاه فردوسی - مشهد
1394,انسانی,1455,486,منطقه 2,الهیات و معارف اسلامی - فقه و مبانی حقوق اسلامی,دانشگاه تهران
1394,انسانی,1464,491,منطقه 2,حقوق,دانشگاه یزد
1394,انسانی,1464,716,منطقه 1,فقه و حقوق اسلامی,دانشگاه خوارزمی - تهران (محل تحصیل کرج)
1394,انسانی,1468,198,منطقه 3,علوم قضایی,دانشگاه علوم قضایی و خدمات ادارای دادگستری
1394,انسانی,1468,495,منطقه 2,حقوق,دانشگاه بیرجند
1394,انسانی,1471,717,منطقه 1,حقوق,دانشگاه یزد
1394,انسانی,1471,717,منطقه 1,راهنمایی و مشاوره,دانشگاه خوارزمی - تهران (محل تحصیل کرج)
1394,انسانی,1474,496,منطقه 2,حقوق,دانشگاه بیرجند
1394,انسانی,1480,721,منطقه 1,زبان و ادبیات فارسی,دانشگاه اصفهان
1394,انسانی,1484,499,منطقه 2,حقوق,دانشگاه قم
1394,انسانی,1490,500,منطقه 2,حقوق,دانشگاه گیلان - رشت
1394,انسانی,1490,728,منطقه 1,مددکاری اجتماعی,دانشگاه علامه طباطبایی - تهران
1394,انسانی,1493,204,منطقه 3,دبیری الهیات و معارف اسلامی,پردیس بنت الهدی صدر - بوشهر
1394,انسانی,1495,205,منطقه 3,آموزش زبان و ادبیات فارسی,پردیس شهید باهنر - شیراز
1394,انسانی,1496,730,منطقه 1,مدیریت مالی,دانشگاه خوارزمی تهران
1394,انسانی,1499,732,منطقه 1,فقه و حقوق اسلامی,دانشگاه خوارزمی - تهران (محل تحصیل کرج)
1394,انسانی,1499,732,منطقه 1,مدیریت دولتی,دانشگاه شهید بهشتی - تهران
1394,انسانی,1502,206,منطقه 3,حقوق,دانشگاه شهید بهشتی - تهران
1394,انسانی,1502,503,منطقه 2,الهیات و معارف اسلامی - فقه و مبانی حقوق اسلامی,دانشگاه تهران
1394,انسانی,1502,503,منطقه 2,فقه و حقوق اسلامی,دانشگاه خوارزمی - تهران (محل تحصیل کرج)
1394,انسانی,1506,208,منطقه 3,حقوق,دانشگاه مازندران - بابلسر
1394,انسانی,1506,208,منطقه 3,حقوق,دانشگاه کردستان - سنندج
1394,انسانی,1506,505,منطقه 2,راهنمایی و مشاوره,دانشگاه تهران
1394,انسانی,1508,506,منطقه 2,مدیریت بازرگانی,دانشگاه شهید بهشتی - تهران
1394,انسانی,1512,210,منطقه 3,علوم قضایی,دانشگاه علوم قضایی و خدمات ادارای دادگستری
1394,انسانی,1512,508,منطقه 2,راهنمایی و مشاوره,پردیس شهید باهنر - همدان
1394,انسانی,1512,508,منطقه 2,مدیریت بازرگانی,دانشگاه شهید بهشتی - تهران
1394,انسانی,1517,511,منطقه 2,حقوق,دانشگاه بیرجند
1394,انسانی,1517,511,منطقه 2,حقوق,دانشگاه یزد
1394,انسانی,1520,211,منطقه 3,روانشناسی,دانشگاه علامه طباطبایی - تهران
1394,انسانی,1523,514,منطقه 2,حقوق,دانشگاه بیرجند
1394,انسانی,1528,740,منطقه 1,روانشناسی,دانشگاه فردوسی - مشهد
1394,انسانی,1529,517,منطقه 2,علوم سیاسی,دانشگاه تهران
1394,انسانی,1529,741,منطقه 1,فقه و حقوق اسلامی,دانشگاه شاهد - تهران
1394,انسانی,1536,518,منطقه 2,حسابداری,دانشگاه یزد
1394,انسانی,1536,745,منطقه 1,حقوق,دانشگاه یزد
1394,انسانی,1540,214,منطقه 3,حسابداری,دانشگاه یزد
1394,انسانی,1540,214,منطقه 3,علوم قضایی,دانشگاه علوم قضایی و خدمات ادارای دادگستری
1394,انسانی,1540,519,منطقه 2,روانشناسی,دانشگاه یزد
1394,انسانی,1540,747,منطقه 1,زبان و ادبیات فارسی,دانشگاه شهید بهشتی - تهران
1394,انسانی,1540,747,منطقه 1,مدیریت صنعتی,دانشگاه علامه طباطبایی - تهران
1394,انسانی,1546,521,منطقه 2,حقوق,دانشگاه قم
1394,انسانی,1546,521,منطقه 2,فقه و حقوق اسلامی,دانشگاه شاهد - تهران
1394,انسانی,1551,216,منطقه 3,علوم قضایی,دانشگاه علوم قضایی و خدمات ادارای دادگستری
1394,انسانی,1551,523,منطقه 2,حقوق,دانشگاه بوعلی سینا - همدان
1394,انسانی,1551,751,منطقه 1,روانشناسی,دانشگاه فردوسی - مشهد
1394,انسانی,1556,753,منطقه 1,الهیات و معارف اسلامی - فقه و مبانی حقوق اسلامی,دانشگاه فردوسی - مشهد
1394,انسانی,1556,753,منطقه 1,علوم سیاسی,دانشگاه فردوسی - مشهد
1394,انسانی,1560,525,منطقه 2,حسابداری,دانشگاه علامه طباطبایی - تهران
1394,انسانی,1560,755,منطقه 1,علوم اقتصادی,دانشگاه شهید بهشتی - تهران
1394,انسانی,1563,219,منطقه 3,علوم قضایی,دانشگاه علوم قضایی و خدمات ادارای دادگستری
1394,انسانی,1565,527,منطقه 2,حسابداری,دانشگاه شهید بهشتی - تهران
1394,انسانی,1567,529,منطقه 2,حقوق,دانشگاه تبریز
1394,انسانی,1570,531,منطقه 2,علوم قرآنی - تفسیر قرآن مجید,دانشگاه علوم و معارف قران کریم - وابسته به سازمان اوقاف و امور خیریه - قم (محل تحصیل قم)
1394,انسانی,1570,757,منطقه 1,مدیریت دولتی,دانشگاه علامه طباطبایی - تهران
1394,انسانی,1574,533,منطقه 2,حقوق,دانشگاه مازندران - بابلسر
1394,انسانی,1574,533,منطقه 2,راهنمایی و مشاوره,پردیس شهید باهنر - بیرجند
1394,انسانی,1578,536,منطقه 2,الهیات و معارف اسلامی - فقه و مبانی حقوق اسلامی,دانشگاه فردوسی - مشهد
1394,انسانی,1581,538,منطقه 2,حقوق,دانشگاه شهید چمران اهواز
1394,انسانی,1584,222,منطقه 3,علوم تربیتی,پردیس فاطمه الزهرا (س) - یزد
1394,انسانی,1586,541,منطقه 2,حقوق,دانشگاه یزد
1394,انسانی,1586,761,منطقه 1,حقوق,دانشگاه قم
1394,انسانی,1588,542,منطقه 2,حقوق,دانشگاه قم
1394,انسانی,1590,763,منطقه 1,علوم اجتماعی,دانشگاه اصفهان
1394,انسانی,1593,544,منطقه 2,حقوق,دانشگاه بین المللی امام خمینی(ره) - قزوین
1394,انسانی,1593,764,منطقه 1,حسابداری,دانشگاه الزهرا(س) - تهران
1394,انسانی,1596,223,منطقه 3,دبیری علوم اجتماعی,پردیس بنت الهدی صدر-قزوین
1394,انسانی,1596,545,منطقه 2,حقوق,دانشگاه مازندران - بابلسر
1394,انسانی,1596,766,منطقه 1,حقوق,دانشگاه غیرانتفاعی علم و فرهنگ - تهران
1394,انسانی,1598,767,منطقه 1,علوم اقتصادی,دانشگاه شهید بهشتی - تهران
1394,انسانی,1600,224,منطقه 3,روانشناسی,دانشگاه شیراز
1394,انسانی,1601,546,منطقه 2,حقوق,دانشگاه کاشان
1394,انسانی,1604,225,منطقه 3,روانشناسی,دانشگاه فردوسی - مشهد
1394,انسانی,1606,771,منطقه 1,حقوق,دانشگاه قم
1394,انسانی,1608,227,منطقه 3,علوم تربیتی,پردیس بنت الهدی صدر - سنندج
1394,انسانی,1609,547,منطقه 2,آموزش زبان و ادبیات فارسی,پردیس شهید باهنر - شیراز
1394,انسانی,1609,547,منطقه 2,علوم تربیتی,پردیس شهید مطهری - زاهدان
1394,انسانی,1611,228,منطقه 3,الهیات و معارف اسلامی - علوم قرآن و حدیث,دانشگاه تهران
1394,انسانی,1611,549,منطقه 2,حقوق,دانشگاه بین المللی امام خمینی(ره) - قزوین
1394,انسانی,1614,550,منطقه 2,راهنمایی و مشاوره,دانشگاه خوارزمی - تهران (محل تحصیل کرج)
1394,انسانی,1614,774,منطقه 1,حسابداری,دانشگاه علامه طباطبایی - تهران
1394,انسانی,1616,229,منطقه 3,مدیریت مالی,دانشگاه تهران
1394,انسانی,1620,776,منطقه 1,مدیریت بیمه,دانشگاه علامه طباطبایی - تهران
1394,انسانی,1622,552,منطقه 2,راهنمایی و مشاوره,پردیس دکتر شریعتی - ساری
1394,انسانی,1624,230,منطقه 3,علوم تربیتی,پردیس رسالت - زاهدان
1394,انسانی,1624,779,منطقه 1,مدیریت صنعتی,دانشگاه شهید بهشتی - تهران
1394,انسانی,1627,553,منطقه 2,روانشناسی,دانشگاه تبریز
1394,انسانی,1631,554,منطقه 2,حقوق,دانشگاه مازندران - بابلسر
1394,انسانی,1633,231,منطقه 3,حقوق,دانشگاه شهید بهشتی - تهران
1394,انسانی,1633,231,منطقه 3,حقوق,دانشگاه مازندران - بابلسر
1394,انسانی,1635,555,منطقه 2,دبیری الهیات و معارف اسلامی,پردیس آیت اله طالقانی - قم
1394,انسانی,1637,557,منطقه 2,فقه و حقوق اسلامی,دانشگاه خوارزمی - تهران (محل تحصیل کرج)
1394,انسانی,1638,558,منطقه 2,حقوق,دانشگاه بوعلی سینا - همدان
1394,انسانی,1640,560,منطقه 2,حسابداری,دانشگاه الزهرا(س) - تهران
1394,انسانی,1646,789,منطقه 1,مدیریت بازرگانی,دانشگاه الزهرا(س) - تهران
1394,انسانی,1651,792,منطقه 1,حقوق,دانشگاه آیت الله بروجردی - بروجرد
1394,انسانی,1654,793,منطقه 1,الهیات و معارف اسلامی - فقه و مبانی حقوق اسلامی,دانشگاه فردوسی - مشهد
1394,انسانی,1657,794,منطقه 1,حقوق,دانشگاه غیرانتفاعی علم و فرهنگ - تهران
1394,انسانی,1661,234,منطقه 3,روانشناسی,دانشگاه فردوسی - مشهد
1394,انسانی,1661,234,منطقه 3,مدیریت مالی,دانشگاه تهران
1394,انسانی,1661,795,منطقه 1,مدیریت صنعتی,دانشگاه اصفهان
1394,انسانی,1669,799,منطقه 1,حقوق,دانشگاه غیرانتفاعی علم و فرهنگ - تهران
1394,انسانی,1672,236,منطقه 3,روانشناسی,دانشگاه اصفهان
1394,انسانی,1672,571,منطقه 2,روانشناسی,دانشگاه کاشان
1394,انسانی,1674,572,منطقه 2,حقوق,دانشگاه بیرجند
1394,انسانی,1674,802,منطقه 1,حسابداری,دانشگاه خوارزمی تهران
1394,انسانی,1676,573,منطقه 2,حقوق,دانشگاه بیرجند
1394,انسانی,1678,574,منطقه 2,حقوق,دانشگاه بوعلی سینا - همدان
1394,انسانی,1681,576,منطقه 2,راهنمایی و مشاوره,پردیس شهید باهنر - اصفهان
1394,انسانی,1681,804,منطقه 1,حقوق,دانشگاه تبریز
1394,انسانی,1684,805,منطقه 1,علوم سیاسی,دانشگاه تهران
1394,انسانی,1687,808,منطقه 1,حسابداری,دانشکده فنی وحرفه ای دختران تهران (دکتر شریعتی)
1394,انسانی,1687,808,منطقه 1,حقوق,دانشگاه یزد
1394,انسانی,1690,578,منطقه 2,حقوق,دانشگاه کردستان - سنندج
1394,انسانی,1690,810,منطقه 1,علوم تربیتی,دانشگاه علامه طباطبایی - تهران
1394,انسانی,1690,810,منطقه 1,مدیریت بازرگانی,دانشگاه شاهد - تهران
1394,انسانی,1697,816,منطقه 1,حقوق,دانشگاه شهرکرد
1394,انسانی,1703,238,منطقه 3,علوم تربیتی,پردیس آیت الله خامنه ای - گرگان
1394,انسانی,1703,583,منطقه 2,علوم تربیتی,دانشگاه تهران
1394,انسانی,1706,585,منطقه 2,حقوق,دانشگاه گیلان - رشت
1394,انسانی,1709,586,منطقه 2,علوم اقتصادی,دانشگاه شهید بهشتی - تهران
1394,انسانی,1709,586,منطقه 2,علوم تربیتی,پردیس بنت الهدی صدر-قزوین
1394,انسانی,1709,819,منطقه 1,مدیریت امور بانکی,دانشگاه خوارزمی تهران
1394,انسانی,1711,588,منطقه 2,روانشناسی,دانشگاه یزد
1394,انسانی,1711,820,منطقه 1,علوم اقتصادی,دانشگاه علامه طباطبایی - تهران
1394,انسانی,1714,822,منطقه 1,حسابداری,دانشگاه الزهرا(س) - تهران
1394,انسانی,1717,240,منطقه 3,روانشناسی,دانشگاه علامه طباطبایی - تهران
1394,انسانی,1717,825,منطقه 1,مدیریت امور بانکی,دانشگاه خوارزمی تهران
1394,انسانی,1721,589,منطقه 2,علوم تربیتی,دانشگاه اصفهان
1394,انسانی,1724,827,منطقه 1,حقوق,دانشگاه غیرانتفاعی علم و فرهنگ - تهران
1394,انسانی,1728,592,منطقه 2,الهیات و معارف اسلامی - فقه و مبانی حقوق اسلامی,دانشگاه قم
1394,انسانی,1728,592,منطقه 2,روانشناسی,دانشگاه شیراز
1394,انسانی,1731,595,منطقه 2,الهیات و معارف اسلامی - فقه و مبانی حقوق اسلامی,دانشگاه تهران
1394,انسانی,1731,595,منطقه 2,الهیات و معارف اسلامی - فقه و مبانی حقوق اسلامی,دانشگاه فردوسی - مشهد
1394,انسانی,1736,597,منطقه 2,حقوق,دانشگاه کاشان
1394,انسانی,1739,832,منطقه 1,الهیات و معارف اسلامی - علوم قرآن و حدیث,دانشگاه تهران
1394,انسانی,1742,601,منطقه 2,دبیری علوم اجتماعی,پردیس دکتر شریعتی - ساری
1394,انسانی,1742,833,منطقه 1,علوم تربیتی,دانشگاه شیراز
1394,انسانی,1746,602,منطقه 2,حقوق,دانشگاه کاشان
1394,انسانی,1748,835,منطقه 1,علوم اجتماعی,دانشگاه تهران
1394,انسانی,1750,244,منطقه 3,روانشناسی,دانشگاه علامه طباطبایی - تهران
1394,انسانی,1753,837,منطقه 1,حسابداری,دانشگاه خوارزمی تهران
1394,انسانی,1753,837,منطقه 1,حقوق,دانشگاه غیرانتفاعی علم و فرهنگ - تهران
1394,انسانی,1755,839,منطقه 1,حسابداری,دانشگاه خوارزمی تهران
1394,انسانی,1757,246,منطقه 3,روانشناسی,دانشگاه تهران
1394,انسانی,1757,604,منطقه 2,دبیری زبان و ادبیات عربی,پردیس حضرت رسول اکرم - اهواز
1394,انسانی,1757,604,منطقه 2,مدیریت بازرگانی,دانشگاه علامه طباطبایی - تهران
1394,انسانی,1757,840,منطقه 1,مدیریت صنعتی,دانشگاه علامه طباطبایی - تهران
1394,انسانی,1761,606,منطقه 2,مدیریت بازرگانی,دانشگاه علامه طباطبایی - تهران
1394,انسانی,1761,606,منطقه 2,مدیریت دولتی,دانشگاه اصفهان
1394,انسانی,1761,841,منطقه 1,مدیریت جهانگردی,دانشگاه علامه طباطبایی - تهران
1394,انسانی,1764,248,منطقه 3,دبیری زبان و ادبیات عربی,پردیس فاطمه الزهرا (س) - اهواز
1394,انسانی,1766,249,منطقه 3,روانشناسی,دانشگاه علامه طباطبایی - تهران
1394,انسانی,1768,608,منطقه 2,روانشناسی,دانشگاه یزد
1394,انسانی,1768,608,منطقه 2,علوم تربیتی,پردیس شهید رجایی - شیراز
1394,انسانی,1768,843,منطقه 1,زبان و ادبیات عربی,دانشگاه اصفهان
1394,انسانی,1770,610,منطقه 2,راهنمایی و مشاوره,دانشگاه تهران
1394,انسانی,1770,610,منطقه 2,علوم اقتصادی,دانشگاه ارومیه
1394,انسانی,1773,250,منطقه 3,کارشناسی ارشد پیوسته معارف اسلامی و حقوق,دانشگاه ولی عصر(عج) - رفسنجان
1394,انسانی,1773,612,منطقه 2,آموزش زبان و ادبیات فارسی,پردیس بحرالعلوم - شهرکرد
1394,انسانی,1777,614,منطقه 2,روانشناسی,دانشگاه فردوسی - مشهد
1394,انسانی,1777,845,منطقه 1,علوم اجتماعی,دانشگاه شهید بهشتی - تهران
1394,انسانی,1780,847,منطقه 1,علوم تربیتی,دانشگاه علامه طباطبایی - تهران
1394,انسانی,1784,617,منطقه 2,حقوق,دانشگاه تبریز
1394,انسانی,1784,617,منطقه 2,دبیری الهیات و معارف اسلامی,پردیس حضرت معصومه - قم
1394,انسانی,1787,619,منطقه 2,حقوق,دانشگاه قم
1394,انسانی,1791,252,منطقه 3,روانشناسی,دانشگاه علامه طباطبایی - تهران
1394,انسانی,1791,622,منطقه 2,مدیریت مالی,دانشگاه یزد
1394,انسانی,1797,253,منطقه 3,روانشناسی,دانشگاه الزهرا(س) - تهران
1394,انسانی,1799,254,منطقه 3,علوم تربیتی,دانشگاه خوارزمی - تهران (محل تحصیل کرج)
1394,انسانی,1799,624,منطقه 2,حقوق,دانشگاه قم
1394,انسانی,1803,626,منطقه 2,زبان و ادبیات فارسی,دانشگاه شهید بهشتی - تهران
1394,انسانی,1806,629,منطقه 2,الهیات و معارف اسلامی - فقه و حقوق اسلامی,دانشگاه شهید مطهری
1394,انسانی,1806,629,منطقه 2,حسابداری,دانشگاه اصفهان
1394,انسانی,1806,853,منطقه 1,روانشناسی,دانشگاه اراک
1394,انسانی,1810,256,منطقه 3,آموزش زبان و ادبیات فارسی,پردیس شهید باهنر - شیراز
1394,انسانی,1810,631,منطقه 2,حسابداری,دانشگاه الزهرا(س) - تهران
1394,انسانی,1813,632,منطقه 2,کارشناسی ارشد پیوسته معارف اسلامی و حقوق,دانشگاه شهید باهنر - کرمان
1394,انسانی,1818,635,منطقه 2,حقوق,دانشگاه کاشان
1394,انسانی,1827,259,منطقه 3,روانشناسی,دانشگاه فردوسی - مشهد
1394,انسانی,1831,641,منطقه 2,حقوق,دانشگاه گیلان - رشت
1394,انسانی,1831,641,منطقه 2,علوم تربیتی,پردیس فاطمه الزهرا(س) ساری
1394,انسانی,1831,861,منطقه 1,مطالعات خانواده,دانشگاه الزهرا(س) - تهران
1394,انسانی,1839,260,منطقه 3,علوم قضایی,دانشگاه علوم قضایی و خدمات ادارای دادگستری
1394,انسانی,1839,643,منطقه 2,روانشناسی,دانشگاه شهید چمران اهواز
1394,انسانی,1843,261,منطقه 3,علوم تربیتی,پردیس شهید مدرس - سنندج
1394,انسانی,1843,867,منطقه 1,علوم تربیتی,پردیس شهید بهشتی - مشهد
1394,انسانی,1845,869,منطقه 1,حقوق,دانشگاه حضرت معصومه (ع) - ویژه خواهران - قم
1394,انسانی,1848,262,منطقه 3,حقوق,دانشگاه شهید بهشتی - تهران
1394,انسانی,1848,262,منطقه 3,حقوق,دانشگاه یزد
1394,انسانی,1848,645,منطقه 2,کارشناسی ارشد پیوسته معارف اسلامی و حقوق,دانشگاه شهید باهنر - کرمان
1394,انسانی,1853,264,منطقه 3,علوم تربیتی,پردیس علامه طباطبایی - اردبیل
1394,انسانی,1853,646,منطقه 2,حقوق,دانشگاه بجنورد
1394,انسانی,1857,648,منطقه 2,الهیات و معارف اسلامی - فقه و حقوق اسلامی,دانشگاه شهید مطهری
1394,انسانی,1859,650,منطقه 2,روانشناسی,دانشگاه تبریز
1394,انسانی,1861,651,منطقه 2,حقوق,دانشگاه شهرکرد
1394,انسانی,1861,651,منطقه 2,راهنمایی و مشاوره,پردیس شهید باهنر - همدان
1394,انسانی,1864,265,منطقه 3,راهنمایی و مشاوره,دانشگاه شهید بهشتی - تهران
1394,انسانی,1864,653,منطقه 2,علوم تربیتی,پردیس شهید باهنر - شیراز
1394,انسانی,1868,655,منطقه 2,حقوق,دانشگاه زنجان
1394,انسانی,1871,657,منطقه 2,علوم تربیتی,پردیس فاطمه الزهرا (س) - یزد
1394,انسانی,1876,268,منطقه 3,حقوق,دانشگاه شهید بهشتی - تهران
1394,انسانی,1876,877,منطقه 1,مدیریت جهانگردی,دانشگاه علامه طباطبایی - تهران
1394,انسانی,1878,659,منطقه 2,علوم تربیتی,دانشگاه شهید بهشتی - تهران
1394,انسانی,1881,661,منطقه 2,مددکاری اجتماعی,دانشگاه علامه طباطبایی - تهران
1394,انسانی,1885,880,منطقه 1,مدیریت بازرگانی,دانشگاه فردوسی - مشهد
1394,انسانی,1888,882,منطقه 1,علوم تربیتی,دانشگاه علامه طباطبایی - تهران
1394,انسانی,1893,664,منطقه 2,فقه و حقوق اسلامی,دانشگاه خوارزمی - تهران (محل تحصیل کرج)
1394,انسانی,1893,884,منطقه 1,علوم تربیتی,پردیس شهید بهشتی - مشهد
1394,انسانی,1895,272,منطقه 3,علوم تربیتی,پردیس فاطمه الزهرا(س) ساری
1394,انسانی,1898,887,منطقه 1,مدیریت دولتی,دانشگاه علامه طباطبایی - تهران
1394,انسانی,1902,889,منطقه 1,مدیریت دولتی,دانشگاه علامه طباطبایی - تهران
1394,انسانی,1905,891,منطقه 1,حقوق,دانشگاه کاشان
1394,انسانی,1910,274,منطقه 3,حقوق,دانشگاه بیرجند
1394,انسانی,1913,895,منطقه 1,حقوق,دانشگاه قم
1394,انسانی,1913,895,منطقه 1,سنجش از دور و سیستم اطلاعات جغرافیایی,دانشگاه تهران
1394,انسانی,1917,276,منطقه 3,راهنمایی و مشاوره,پردیس حضرت رسول اکرم - اهواز
1394,انسانی,1917,897,منطقه 1,مدیریت بازرگانی,دانشگاه الزهرا(س) - تهران
1394,انسانی,1921,899,منطقه 1,راهنمایی و مشاوره,دانشگاه خوارزمی - تهران (محل تحصیل کرج)
1394,انسانی,1921,899,منطقه 1,راهنمایی و مشاوره,دانشگاه شهرکرد
1394,انسانی,1921,899,منطقه 1,علوم اقتصادی,دانشگاه شهید بهشتی - تهران
1394,انسانی,1928,278,منطقه 3,حقوق,دانشگاه شهید بهشتی - تهران
1394,انسانی,1930,673,منطقه 2,روانشناسی,دانشگاه خوارزمی - تهران (محل تحصیل کرج)
1394,انسانی,1930,673,منطقه 2,روانشناسی,دانشگاه فردوسی - مشهد
1394,انسانی,1933,905,منطقه 1,حقوق,دانشگاه تبریز
1394,انسانی,1933,905,منطقه 1,حقوق,دانشگاه قم
1394,انسانی,1937,280,منطقه 3,حقوق,دانشگاه یزد
1394,انسانی,1938,676,منطقه 2,دبیری الهیات و معارف اسلامی,پردیس بنت الهدی صدر - بوشهر
1394,انسانی,1939,677,منطقه 2,حقوق,دانشگاه کاشان
1394,انسانی,1943,909,منطقه 1,حسابداری,دانشگاه فردوسی - مشهد
1394,انسانی,1946,911,منطقه 1,حقوق,دانشگاه یزد
1394,انسانی,1948,282,منطقه 3,حقوق,دانشگاه حکیم سبزواری - سبزوار
1394,انسانی,1948,679,منطقه 2,حسابداری,دانشگاه خوارزمی تهران
1394,انسانی,1950,680,منطقه 2,حقوق,دانشگاه یزد
1394,انسانی,1958,919,منطقه 1,الهیات و معارف اسلامی - فقه و مبانی حقوق اسلامی,دانشگاه قم
1394,انسانی,1961,682,منطقه 2,حقوق,دانشگاه بیرجند
1394,انسانی,1963,684,منطقه 2,الهیات و معارف اسلامی - فقه و حقوق اسلامی,دانشگاه شهید مطهری
1394,انسانی,1967,685,منطقه 2,علوم اقتصادی,دانشگاه شهید بهشتی - تهران
1394,انسانی,1967,922,منطقه 1,مدیریت بیمه,دانشگاه خوارزمی تهران
1394,انسانی,1970,686,منطقه 2,حقوق,دانشگاه گیلان - رشت
1394,انسانی,1970,923,منطقه 1,جغرافیا و برنامه ریزی شهری,دانشگاه فردوسی - مشهد
1394,انسانی,1974,687,منطقه 2,علوم تربیتی,دانشگاه فردوسی - مشهد
1394,انسانی,1979,689,منطقه 2,حقوق,دانشگاه قم
1394,انسانی,1979,689,منطقه 2,حقوق,دانشگاه کاشان
1394,انسانی,1982,288,منطقه 3,مدیریت مالی,دانشگاه شهید بهشتی - تهران
1394,انسانی,1982,691,منطقه 2,فقه و حقوق اسلامی,دانشگاه بین المللی امام خمینی(ره) - قزوین
1394,انسانی,1986,692,منطقه 2,آموزش زبان و ادبیات فارسی,پردیس علامه طباطبایی - ارومیه
1394,انسانی,1988,929,منطقه 1,حقوق,دانشگاه غیرانتفاعی علم و فرهنگ - تهران
1394,انسانی,1990,931,منطقه 1,حقوق,دانشگاه گیلان - رشت
1394,انسانی,1990,931,منطقه 1,علوم اقتصادی,دانشگاه علامه طباطبایی - تهران
1394,انسانی,1990,931,منطقه 1,علوم سیاسی,دانشگاه تهران
1394,انسانی,1993,933,منطقه 1,مدیریت بازرگانی,دانشگاه فردوسی - مشهد
1394,انسانی,1996,695,منطقه 2,حقوق,دانشگاه بوعلی سینا - همدان
1394,انسانی,1996,695,منطقه 2,حقوق,دانشگاه قم
1394,انسانی,2000,697,منطقه 2,حقوق,دانشگاه حکیم سبزواری - سبزوار
1394,انسانی,2002,935,منطقه 1,حقوق,دانشگاه شهید چمران اهواز
1394,انسانی,2006,701,منطقه 2,حسابداری,دانشگاه تهران
1394,انسانی,2006,701,منطقه 2,حقوق,دانشگاه بوعلی سینا - همدان
1394,انسانی,2010,936,منطقه 1,فلسفه,دانشگاه شهید بهشتی - تهران
1394,انسانی,2011,292,منطقه 3,حقوق,دانشگاه گیلان - رشت
1394,انسانی,2014,293,منطقه 3,آموزش زبان و ادبیات فارسی,پردیس علامه طباطبایی - ارومیه
1394,انسانی,2014,705,منطقه 2,دبیری زبان و ادبیات عربی,پردیس آیت اله طالقانی - قم
1394,انسانی,2014,938,منطقه 1,فقه و حقوق اسلامی,دانشگاه شاهد - تهران
1394,انسانی,2018,939,منطقه 1,زبان و ادبیات فارسی,دانشگاه تهران
1394,انسانی,2021,941,منطقه 1,روانشناسی,دانشگاه شهید چمران اهواز
1394,انسانی,2022,295,منطقه 3,حقوق,دانشگاه شهید بهشتی - تهران
1394,انسانی,2026,710,منطقه 2,حقوق,دانشگاه سمنان
1394,انسانی,2031,297,منطقه 3,روانشناسی,دانشگاه خوارزمی - تهران (محل تحصیل کرج)
1394,انسانی,2031,713,منطقه 2,روانشناسی,دانشگاه شهید باهنر - کرمان
1394,انسانی,2034,715,منطقه 2,الهیات و معارف اسلامی - فقه و حقوق اسلامی,دانشگاه شهید مطهری
1394,انسانی,2037,299,منطقه 3,آموزش زبان و ادبیات فارسی,پردیس شهید باهنر - شیراز
1394,انسانی,2041,946,منطقه 1,حقوق,دانشگاه شهید مدنی آذربایجان - تبریز
1394,انسانی,2041,946,منطقه 1,علوم سیاسی,دانشگاه تهران
1394,انسانی,2045,948,منطقه 1,علوم سیاسی,دانشگاه شهید بهشتی - تهران
1394,انسانی,2049,301,منطقه 3,روانشناسی,دانشگاه علامه طباطبایی - تهران
1394,انسانی,2049,718,منطقه 2,حقوق,دانشگاه قم
1394,انسانی,2049,950,منطقه 1,علوم تربیتی,دانشگاه علامه طباطبایی - تهران
1394,انسانی,2052,951,منطقه 1,علوم تربیتی,دانشگاه اصفهان
1394,انسانی,2057,303,منطقه 3,حقوق,دانشگاه مازندران - بابلسر
1394,انسانی,2060,304,منطقه 3,دبیری علوم اجتماعی,پردیس بنت الهدی صدر-قزوین
1394,انسانی,2060,304,منطقه 3,روانشناسی,دانشگاه اصفهان
1394,انسانی,2060,720,منطقه 2,مدیریت بازرگانی,دانشگاه اصفهان
1394,انسانی,2060,955,منطقه 1,مدیریت بازرگانی,دانشگاه اصفهان
1394,انسانی,2064,722,منطقه 2,حقوق,دانشگاه گیلان - رشت
1394,انسانی,2064,722,منطقه 2,دبیری الهیات و معارف اسلامی,پردیس شهید بهشتی - مشهد
1394,انسانی,2064,957,منطقه 1,حسابداری,دانشگاه فردوسی - مشهد
1394,انسانی,2067,958,منطقه 1,علوم تربیتی,پردیس شهید رجایی - شیراز
1394,انسانی,2069,959,منطقه 1,حقوق,دانشگاه تبریز
1394,انسانی,2069,959,منطقه 1,حقوق,دانشگاه شهرکرد
1394,انسانی,2072,306,منطقه 3,حقوق,دانشگاه کاشان
1394,انسانی,2072,725,منطقه 2,حقوق,دانشگاه قم
1394,انسانی,2075,726,منطقه 2,حقوق,دانشگاه قم
1394,انسانی,2079,965,منطقه 1,الهیات و معارف اسلامی - ادیان و عرفان,دانشگاه فردوسی - مشهد
1394,انسانی,2083,308,منطقه 3,روانشناسی,دانشگاه فردوسی - مشهد
1394,انسانی,2086,969,منطقه 1,حسابداری,دانشگاه خوارزمی تهران
1394,انسانی,2088,729,منطقه 2,روانشناسی,دانشگاه علامه طباطبایی - تهران
1394,انسانی,2088,970,منطقه 1,باستانشناسی,دانشگاه تهران
1394,انسانی,2090,309,منطقه 3,روانشناسی,دانشگاه فردوسی - مشهد
1394,انسانی,2093,310,منطقه 3,حقوق,دانشگاه کاشان
1394,انسانی,2093,972,منطقه 1,مدیریت دولتی,دانشگاه تهران
1394,انسانی,2096,974,منطقه 1,حقوق,دانشگاه قم
1394,انسانی,2099,730,منطقه 2,حقوق,دانشگاه قم
1394,انسانی,2099,730,منطقه 2,روانشناسی,دانشگاه گیلان - رشت
1394,انسانی,2099,976,منطقه 1,حقوق,دانشگاه شهید چمران اهواز
1394,انسانی,2101,312,منطقه 3,حقوق,دانشگاه بوعلی سینا - همدان
1394,انسانی,2105,733,منطقه 2,حقوق,دانشگاه کاشان
1394,انسانی,2105,978,منطقه 1,حقوق,دانشگاه غیرانتفاعی علم و فرهنگ - تهران
1394,انسانی,2108,734,منطقه 2,دبیری الهیات و معارف اسلامی,پردیس بنت الهدی صدر - بوشهر
1394,انسانی,2109,735,منطقه 2,حسابداری,دانشگاه اصفهان
1394,انسانی,2111,736,منطقه 2,علوم اجتماعی,دانشگاه تهران
1394,انسانی,2113,314,منطقه 3,حقوق,دانشگاه مازندران - بابلسر
1394,انسانی,2115,983,منطقه 1,فلسفه,دانشگاه شهید بهشتی - تهران
1394,انسانی,2118,315,منطقه 3,حسابداری,دانشگاه مازندران - بابلسر
1394,انسانی,2118,738,منطقه 2,حقوق,دانشگاه بجنورد
1394,انسانی,2121,739,منطقه 2,حقوق,دانشگاه یزد
1394,انسانی,2121,985,منطقه 1,حسابداری,دانشگاه اصفهان
1394,انسانی,2128,317,منطقه 3,حقوق,دانشگاه گیلان - رشت
1394,انسانی,2128,990,منطقه 1,مدیریت دولتی,دانشگاه تهران
1394,انسانی,2131,741,منطقه 2,حقوق,دانشگاه قم
1394,انسانی,2134,318,منطقه 3,حقوق,دانشگاه مازندران - بابلسر
1394,انسانی,2134,743,منطقه 2,علوم تربیتی,پردیس کوثر - یاسوج
1394,انسانی,2134,992,منطقه 1,راهنمایی و مشاوره,دانشگاه خوارزمی - تهران (محل تحصیل کرج)
1394,انسانی,2137,994,منطقه 1,حسابداری,دانشگاه خوارزمی تهران
1394,انسانی,2139,319,منطقه 3,روانشناسی,دانشگاه فردوسی - مشهد
1394,انسانی,2142,320,منطقه 3,روانشناسی,دانشگاه شهید باهنر - کرمان
1394,انسانی,2142,997,منطقه 1,علوم تربیتی,دانشگاه علامه طباطبایی - تهران
1394,انسانی,2145,744,منطقه 2,علوم اجتماعی,دانشگاه شهید بهشتی - تهران
1394,انسانی,2147,322,منطقه 3,حقوق,دانشگاه سمنان
1394,انسانی,2149,999,منطقه 1,حسابداری,دانشگاه الزهرا(س) - تهران
1394,انسانی,2153,323,منطقه 3,حقوق,دانشگاه تبریز
1394,انسانی,2153,748,منطقه 2,روانشناسی,دانشگاه بوعلی سینا - همدان
1394,انسانی,2156,750,منطقه 2,حسابداری,دانشگاه تهران (محل تحصیل قم)
1394,انسانی,2156,750,منطقه 2,دبیری الهیات و معارف اسلامی,پردیس بنت الهدی صدر - بوشهر
1394,انسانی,2161,753,منطقه 2,مدیریت امور بانکی,دانشگاه خوارزمی تهران
1394,انسانی,2169,325,منطقه 3,راهنمایی و مشاوره,دانشگاه الزهرا(س) - تهران
1394,انسانی,2169,755,منطقه 2,حقوق,دانشگاه غیرانتفاعی علم و فرهنگ - تهران
1394,انسانی,2169,755,منطقه 2,زبان و ادبیات انگلیسی,دانشگاه تهران
1394,انسانی,2169,755,منطقه 2,علوم اقتصادی,دانشگاه علامه طباطبایی - تهران
1394,انسانی,2176,759,منطقه 2,روانشناسی,دانشگاه یزد
1394,انسانی,2181,326,منطقه 3,روانشناسی,دانشگاه اصفهان
1394,انسانی,2181,762,منطقه 2,علوم سیاسی,دانشگاه تهران
1394,انسانی,2186,764,منطقه 2,حقوق,دانشگاه مازندران - بابلسر
1394,انسانی,2189,327,منطقه 3,دبیری الهیات و معارف اسلامی,پردیس بنت الهدی صدر - بوشهر
1394,انسانی,2195,328,منطقه 3,روانشناسی,دانشگاه اصفهان
1394,انسانی,2199,329,منطقه 3,مدیریت مالی,دانشگاه شهید بهشتی - تهران
1394,انسانی,2199,765,منطقه 2,روانشناسی,دانشگاه یزد
1394,انسانی,2206,768,منطقه 2,راهنمایی و مشاوره,دانشگاه خوارزمی - تهران (محل تحصیل کرج)
1394,انسانی,2210,770,منطقه 2,راهنمایی و مشاوره,دانشگاه شهرکرد
1394,انسانی,2215,773,منطقه 2,دبیری زبان و ادبیات عربی,پردیس حضرت رسول اکرم - اهواز
1394,انسانی,2221,777,منطقه 2,حقوق,دانشگاه بجنورد
1394,انسانی,2226,779,منطقه 2,روانشناسی,دانشگاه شیراز
1394,انسانی,2233,780,منطقه 2,روانشناسی,دانشگاه شهید باهنر - کرمان
1394,انسانی,2241,334,منطقه 3,روانشناسی,دانشگاه اصفهان
1394,انسانی,2241,334,منطقه 3,علوم تربیتی,دانشگاه تهران
1394,انسانی,2245,783,منطقه 2,حقوق,دانشگاه شهرکرد
1394,انسانی,2249,336,منطقه 3,حقوق,دانشگاه الزهرا(س) - تهران
1394,انسانی,2251,785,منطقه 2,حقوق,دانشگاه گیلان - رشت
1394,انسانی,2254,337,منطقه 3,دبیری علوم اجتماعی,پردیس بنت الهدی صدر-قزوین
1394,انسانی,2257,338,منطقه 3,علوم تربیتی,پردیس آیت اله کمال وند - خرم آباد
1394,انسانی,2262,788,منطقه 2,روانشناسی,دانشگاه کاشان
1394,انسانی,2267,339,منطقه 3,دبیری زبان و ادبیات عربی,پردیس فاطمه الزهرا (س) - اهواز
1394,انسانی,2267,339,منطقه 3,مدیریت مالی,دانشگاه تهران
1394,انسانی,2272,789,منطقه 2,حقوق,دانشگاه بیرجند
1394,انسانی,2277,790,منطقه 2,علوم تربیتی,پردیس بنت الهدی صدر-قزوین
1394,انسانی,2280,792,منطقه 2,حقوق,دانشگاه بوعلی سینا - همدان
1394,انسانی,2280,792,منطقه 2,حقوق,دانشگاه مراغه
1394,انسانی,2280,792,منطقه 2,حقوق,دانشگاه گیلان - رشت
1394,انسانی,2283,795,منطقه 2,آموزش زبان و ادبیات فارسی,پردیس شهید مدرس - سنندج
1394,انسانی,2283,795,منطقه 2,حقوق,دانشگاه حکیم سبزواری - سبزوار
1394,انسانی,2287,799,منطقه 2,حقوق,دانشگاه حضرت معصومه (ع) - ویژه خواهران - قم
1394,انسانی,2287,799,منطقه 2,حقوق,دانشگاه مازندران - بابلسر
1394,انسانی,2294,803,منطقه 2,حقوق,دانشگاه گیلان - رشت
1394,انسانی,2297,343,منطقه 3,کارشناسی ارشد پیوسته معارف اسلامی و حقوق,دانشگاه شهید باهنر - کرمان
1394,انسانی,2297,805,منطقه 2,حقوق,دانشگاه کاشان
1394,انسانی,2300,344,منطقه 3,حسابداری,دانشگاه شهید بهشتی - تهران
1394,انسانی,2300,807,منطقه 2,الهیات و معارف اسلامی - فقه و مبانی حقوق اسلامی,دانشگاه تهران (محل تحصیل قم)
1394,انسانی,2303,345,منطقه 3,دبیری الهیات و معارف اسلامی,پردیس حضرت معصومه - قم
1394,انسانی,2303,808,منطقه 2,الهیات و معارف اسلامی - علوم قرآن و حدیث,دانشگاه تهران
1394,انسانی,2309,810,منطقه 2,حقوق,دانشگاه شهرکرد
1394,انسانی,2309,810,منطقه 2,حقوق,دانشگاه گیلان - رشت
1394,انسانی,2314,347,منطقه 3,روانشناسی,دانشگاه الزهرا(س) - تهران
1394,انسانی,2317,349,منطقه 3,راهنمایی و مشاوره,پردیس امام سجاد - بیرجند
1394,انسانی,2323,351,منطقه 3,دبیری الهیات و معارف اسلامی,پردیس شهید بهشتی - مشهد
1394,انسانی,2323,814,منطقه 2,روانشناسی,دانشگاه شهید چمران اهواز
1394,انسانی,2329,816,منطقه 2,حقوق,دانشگاه حکیم سبزواری - سبزوار
1394,انسانی,2329,816,منطقه 2,مدیریت امور بانکی,دانشگاه خوارزمی تهران
1394,انسانی,2332,352,منطقه 3,روانشناسی,دانشگاه خوارزمی - تهران (محل تحصیل کرج)
1394,انسانی,2334,818,منطقه 2,علوم سیاسی,دانشگاه تهران
1394,انسانی,2336,353,منطقه 3,مدیریت مالی,دانشگاه شهید بهشتی - تهران
1394,انسانی,2346,825,منطقه 2,کارشناسی ارشد پیوسته معارف اسلامی و حقوق,دانشگاه ولی عصر(عج) - رفسنجان
1394,انسانی,2349,827,منطقه 2,کارشناسی ارشد پیوسته معارف اسلامی و حقوق,دانشگاه ولی عصر(عج) - رفسنجان
1394,انسانی,2351,354,منطقه 3,آموزش زبان و ادبیات فارسی,پردیس شهید باهنر - شیراز
1394,انسانی,2355,355,منطقه 3,روانشناسی,دانشگاه فردوسی - مشهد
1394,انسانی,2355,829,منطقه 2,علوم تربیتی,پردیس شهید مقصودی - همدان
1394,انسانی,2358,830,منطقه 2,فقه و حقوق اسلامی,دانشگاه خوارزمی - تهران (محل تحصیل کرج)
1394,انسانی,2360,831,منطقه 2,حقوق,دانشگاه بوعلی سینا - همدان
1394,انسانی,2367,356,منطقه 3,حقوق,دانشگاه حکیم سبزواری - سبزوار
1394,انسانی,2367,356,منطقه 3,روانشناسی,دانشگاه الزهرا(س) - تهران
1394,انسانی,2367,833,منطقه 2,مدیریت بیمه اکو,دانشگاه علامه طباطبایی - تهران (محل تحصیل مؤسسه آموزش عالی بیمه اکو)
1394,انسانی,2373,358,منطقه 3,مددکاری اجتماعی,دانشگاه علامه طباطبایی - تهران
1394,انسانی,2378,836,منطقه 2,روانشناسی,دانشگاه شهید باهنر - کرمان
1394,انسانی,2387,840,منطقه 2,زبان و ادبیات فارسی,دانشگاه تهران
1394,انسانی,2392,359,منطقه 3,حقوق,دانشگاه شیراز
1394,انسانی,2392,359,منطقه 3,علوم سیاسی,دانشگاه تهران
1394,انسانی,2392,842,منطقه 2,مددکاری اجتماعی,دانشگاه علامه طباطبایی - تهران
1394,انسانی,2395,361,منطقه 3,راهنمایی و مشاوره,پردیس شهید باهنر - همدان
1394,انسانی,2399,845,منطقه 2,مدیریت مالی,دانشگاه خوارزمی تهران
1394,انسانی,2401,847,منطقه 2,زبان و ادبیات فارسی,دانشگاه تهران
1394,انسانی,2405,362,منطقه 3,حقوق,دانشگاه تهران (محل تحصیل قم)
1394,انسانی,2405,849,منطقه 2,حقوق,دانشگاه آیت الله بروجردی - بروجرد
1394,انسانی,2405,849,منطقه 2,حقوق,دانشگاه مازندران - بابلسر
1394,انسانی,2405,849,منطقه 2,دبیری الهیات و معارف اسلامی,پردیس حضرت معصومه - قم
1394,انسانی,2410,852,منطقه 2,علوم تربیتی,پردیس شهید بهشتی - مشهد
1394,انسانی,2416,855,منطقه 2,حقوق,دانشگاه سمنان
1394,انسانی,2418,365,منطقه 3,آموزش زبان و ادبیات فارسی,پردیس شهید باهنر - شیراز
1394,انسانی,2421,366,منطقه 3,روانشناسی,دانشگاه خوارزمی - تهران (محل تحصیل کرج)
1394,انسانی,2428,369,منطقه 3,حقوق,دانشگاه یزد
1394,انسانی,2431,860,منطقه 2,علوم تربیتی,پردیس شهید بهشتی - مشهد
1394,انسانی,2437,863,منطقه 2,روانشناسی,دانشگاه شهید باهنر - کرمان
1394,انسانی,2440,864,منطقه 2,حقوق,دانشگاه حکیم سبزواری - سبزوار
1394,انسانی,2440,864,منطقه 2,مدیریت مالی,دانشگاه الزهرا(س) - تهران
1394,انسانی,2442,866,منطقه 2,راهنمایی و مشاوره,دانشگاه خوارزمی - تهران (محل تحصیل کرج)
1394,انسانی,2450,375,منطقه 3,علوم تربیتی,پردیس خواجه نصیرالدین طوسی - کرمان
1394,انسانی,2450,869,منطقه 2,حقوق,دانشگاه شهید چمران اهواز
1394,انسانی,2457,872,منطقه 2,دبیری الهیات و معارف اسلامی,پردیس آیت اله طالقانی - قم
1394,انسانی,2460,874,منطقه 2,زبان و ادبیات فارسی,دانشگاه شهید بهشتی - تهران
1394,انسانی,2463,376,منطقه 3,حقوق,دانشگاه حکیم سبزواری - سبزوار
1394,انسانی,2465,377,منطقه 3,حقوق,دانشگاه تهران (محل تحصیل قم)
1394,انسانی,2465,875,منطقه 2,روانشناسی,دانشگاه مازندران - بابلسر
1394,انسانی,2468,876,منطقه 2,حقوق,دانشگاه بجنورد
1394,انسانی,2470,877,منطقه 2,حقوق,دانشگاه مازندران - بابلسر
1394,انسانی,2473,878,منطقه 2,مدیریت جهانگردی,دانشگاه علامه طباطبایی - تهران
1394,انسانی,2490,380,منطقه 3,حقوق,دانشگاه تهران (محل تحصیل قم)
1394,انسانی,2490,380,منطقه 3,روانشناسی,دانشگاه شهید باهنر - کرمان
1394,انسانی,2495,883,منطقه 2,زبان و ادبیات فارسی,دانشگاه قم
1394,انسانی,2498,884,منطقه 2,حقوق,دانشگاه غیرانتفاعی مفید(ره) - قم
1394,انسانی,2502,887,منطقه 2,روانشناسی,دانشگاه شهید مدنی آذربایجان - تبریز
1394,انسانی,2502,887,منطقه 2,مدیریت بازرگانی,دانشگاه اصفهان
1394,انسانی,2522,895,منطقه 2,الهیات و معارف اسلامی - فقه و مبانی حقوق اسلامی,دانشگاه فردوسی - مشهد
1394,انسانی,2523,896,منطقه 2,زبان و ادبیات انگلیسی,دانشگاه تهران
1394,انسانی,2531,900,منطقه 2,راهنمایی و مشاوره,دانشگاه اردکان
1394,انسانی,2531,900,منطقه 2,روابط عمومی,دانشگاه علامه طباطبایی - تهران
1394,انسانی,2537,905,منطقه 2,مدیریت دولتی,دانشگاه تهران
1394,انسانی,2542,389,منطقه 3,حسابداری,دانشگاه علامه طباطبایی - تهران
1394,انسانی,2542,389,منطقه 3,راهنمایی و مشاوره,پردیس شهید باهنر - همدان
1394,انسانی,2545,391,منطقه 3,حقوق,دانشگاه شهید مدنی آذربایجان - تبریز
1394,انسانی,2548,908,منطقه 2,علوم تربیتی,پردیس بنت الهدی صدر-قزوین
1394,انسانی,2548,908,منطقه 2,مدیریت دولتی,دانشگاه شهید بهشتی - تهران
1394,انسانی,2551,910,منطقه 2,حسابداری,دانشگاه تهران (محل تحصیل قم)
1394,انسانی,2555,394,منطقه 3,روانشناسی,دانشگاه بوعلی سینا - همدان
1394,انسانی,2555,394,منطقه 3,علوم تربیتی,پردیس زینبیه - پیشوا (ورامین)
1394,انسانی,2563,914,منطقه 2,حقوق,دانشگاه حضرت معصومه (ع) - ویژه خواهران - قم
1394,انسانی,2563,914,منطقه 2,حقوق,دانشگاه حکیم سبزواری - سبزوار
1394,انسانی,2563,914,منطقه 2,حقوق,دانشگاه شهید مدنی آذربایجان - تبریز
1394,انسانی,2567,916,منطقه 2,روانشناسی,دانشگاه لرستان - خرم آباد
1394,انسانی,2571,918,منطقه 2,علوم اجتماعی,دانشگاه شهید بهشتی - تهران
1394,انسانی,2573,397,منطقه 3,حقوق,دانشگاه بیرجند
1394,انسانی,2579,399,منطقه 3,حسابداری,دانشگاه یزد
1394,انسانی,2581,920,منطقه 2,حقوق,دانشگاه زنجان
1394,انسانی,2581,920,منطقه 2,راهنمایی و مشاوره,پردیس امام سجاد - بیرجند
1394,انسانی,2588,401,منطقه 3,فقه و حقوق اسلامی,دانشگاه خوارزمی - تهران (محل تحصیل کرج)
1394,انسانی,2591,923,منطقه 2,حقوق,دانشگاه گیلان - رشت
1394,انسانی,2594,924,منطقه 2,علوم سیاسی,دانشگاه علامه طباطبایی - تهران
1394,انسانی,2599,405,منطقه 3,مدیریت مالی,دانشگاه شهید بهشتی - تهران
1394,انسانی,2599,926,منطقه 2,زبان و ادبیات عربی,دانشگاه بین المللی امام خمینی(ره) - قزوین
1394,انسانی,2599,926,منطقه 2,مدیریت دولتی,دانشگاه شهید بهشتی - تهران
1394,انسانی,2606,928,منطقه 2,روزنامه نگاری,دانشگاه علامه طباطبایی - تهران
1394,انسانی,2614,408,منطقه 3,روانشناسی,دانشگاه شیراز
1394,انسانی,2614,932,منطقه 2,علوم اجتماعی,دانشگاه شهید بهشتی - تهران
1394,انسانی,2621,410,منطقه 3,حقوق,دانشگاه گیلان - رشت
1394,انسانی,2621,935,منطقه 2,حقوق,دانشگاه شهرکرد
1394,انسانی,2626,939,منطقه 2,روانشناسی,دانشگاه سمنان (محل تحصیل دانشکده روانشناسی وعلوم تربیتی مهدی شهر)
1394,انسانی,2628,940,منطقه 2,علوم تربیتی,دانشگاه الزهرا(س) - تهران
1394,انسانی,2632,413,منطقه 3,دبیری الهیات و معارف اسلامی,پردیس شهید بهشتی - مشهد
1394,انسانی,2636,414,منطقه 3,حقوق,دانشگاه رازی کرمانشاه
1394,انسانی,2636,943,منطقه 2,حقوق,دانشگاه گیلان - رشت
1394,انسانی,2638,945,منطقه 2,حقوق,دانشگاه بیرجند
1394,انسانی,2641,415,منطقه 3,حقوق,دانشگاه گیلان - رشت
1394,انسانی,2643,948,منطقه 2,روانشناسی,دانشگاه گیلان - رشت
1394,انسانی,2652,951,منطقه 2,حسابداری,دانشگاه فردوسی - مشهد
1394,انسانی,2652,951,منطقه 2,حقوق,دانشگاه گیلان - رشت
1394,انسانی,2652,951,منطقه 2,مدیریت بازرگانی,دانشگاه الزهرا(س) - تهران
1394,انسانی,2655,954,منطقه 2,حسابداری,دانشگاه خوارزمی تهران
1394,انسانی,2656,955,منطقه 2,آموزش زبان و ادبیات فارسی,پردیس بحرالعلوم - شهرکرد
1394,انسانی,2656,955,منطقه 2,حقوق,دانشگاه شهرکرد
1394,انسانی,2659,957,منطقه 2,حقوق,دانشگاه شهرکرد
1394,انسانی,2664,959,منطقه 2,راهنمایی و مشاوره,پردیس دکتر شریعتی - ساری
1394,انسانی,2668,418,منطقه 3,حقوق,دانشگاه تبریز
1394,انسانی,2670,963,منطقه 2,دبیری زبان و ادبیات عربی,پردیس آیت اله طالقانی - قم
1394,انسانی,2681,422,منطقه 3,دبیری علوم اجتماعی,پردیس حکیم ابوالقاسم فردوسی - کرج
1394,انسانی,2687,968,منطقه 2,حقوق,دانشگاه گیلان - رشت
1394,انسانی,2687,968,منطقه 2,فقه و حقوق اسلامی,دانشگاه یزد
1394,انسانی,2699,971,منطقه 2,راهنمایی و مشاوره,دانشگاه خوارزمی - تهران (محل تحصیل کرج)
1394,انسانی,2699,971,منطقه 2,علوم تربیتی,دانشگاه اصفهان
1394,انسانی,2706,428,منطقه 3,دبیری الهیات و معارف اسلامی,پردیس علامه طباطبایی - بوشهر
1394,انسانی,2709,429,منطقه 3,راهنمایی و مشاوره,پردیس امام سجاد - بیرجند
1394,انسانی,2710,430,منطقه 3,دبیری الهیات و معارف اسلامی,پردیس شهید بهشتی - مشهد
1394,انسانی,2714,978,منطقه 2,حقوق,دانشگاه شهرکرد
1394,انسانی,2714,978,منطقه 2,روانشناسی,دانشگاه مازندران - بابلسر
1394,انسانی,2721,981,منطقه 2,راهنمایی و مشاوره,پردیس شهید باهنر - همدان
1394,انسانی,2727,984,منطقه 2,دبیری جغرافیا,پردیس امیر کبیر - کرج
1394,انسانی,2732,432,منطقه 3,آموزش زبان و ادبیات فارسی,پردیس شهید باهنر - شیراز
1394,انسانی,2736,433,منطقه 3,روانشناسی,دانشگاه مازندران - بابلسر
1394,انسانی,2739,988,منطقه 2,مدیریت بازرگانی,دانشگاه اصفهان
1394,انسانی,2741,989,منطقه 2,روانشناسی,دانشگاه مازندران - بابلسر
1394,انسانی,2744,434,منطقه 3,دبیری تاریخ,پردیس آیت اله کمال وند - خرم آباد
1394,انسانی,2744,434,منطقه 3,روانشناسی,دانشگاه اصفهان
1394,انسانی,2752,992,منطقه 2,حسابداری,دانشگاه اصفهان
1394,انسانی,2753,437,منطقه 3,مدیریت بیمه,دانشگاه علامه طباطبایی - تهران
1394,انسانی,2758,438,منطقه 3,آموزش زبان و ادبیات فارسی,پردیس بحرالعلوم - شهرکرد
1394,انسانی,2758,438,منطقه 3,حقوق,دانشگاه علامه طباطبایی - تهران
1394,انسانی,2762,440,منطقه 3,دبیری علوم اجتماعی,پردیس دکتر شریعتی - ساری
1394,انسانی,2763,995,منطقه 2,روانشناسی,دانشگاه بین المللی امام خمینی(ره) - قزوین
1394,انسانی,2763,995,منطقه 2,مدیریت دولتی,دانشگاه اصفهان
1394,انسانی,2773,441,منطقه 3,حقوق,دانشگاه علامه طباطبایی - تهران
1394,انسانی,2783,442,منطقه 3,حسابداری,دانشگاه الزهرا(س) - تهران
1394,انسانی,2789,444,منطقه 3,حقوق,دانشگاه کردستان - سنندج
1394,انسانی,2799,448,منطقه 3,حقوق,دانشگاه حکیم سبزواری - سبزوار
1394,انسانی,2799,448,منطقه 3,دبیری الهیات و معارف اسلامی,پردیس شهید بهشتی - مشهد
1394,انسانی,2799,448,منطقه 3,دبیری جغرافیا,پردیس شهید مطهری - زاهدان
1394,انسانی,2832,454,منطقه 3,حقوق,دانشگاه زنجان
1394,انسانی,2838,457,منطقه 3,حسابداری,دانشگاه اصفهان
1394,انسانی,2845,459,منطقه 3,روانشناسی,دانشگاه اصفهان
1394,انسانی,2887,468,منطقه 3,حقوق,دانشگاه حکیم سبزواری - سبزوار
1394,انسانی,2892,469,منطقه 3,حقوق,دانشگاه تهران (محل تحصیل قم)
1394,انسانی,2900,470,منطقه 3,حسابداری,دانشگاه خوارزمی تهران
1394,انسانی,2900,470,منطقه 3,حقوق,دانشگاه شیراز
1394,انسانی,2906,472,منطقه 3,حقوق,دانشگاه شهرکرد
1394,انسانی,2913,473,منطقه 3,روانشناسی,دانشگاه شهید باهنر - کرمان
1394,انسانی,2918,475,منطقه 3,حقوق,دانشگاه زنجان
1394,انسانی,2927,476,منطقه 3,روانشناسی,دانشگاه اصفهان
1394,انسانی,2930,477,منطقه 3,فقه و حقوق اسلامی,دانشگاه خوارزمی - تهران (محل تحصیل کرج)
1394,انسانی,2934,478,منطقه 3,روانشناسی,دانشگاه بیرجند
1394,انسانی,2936,479,منطقه 3,حقوق,دانشگاه زنجان
1394,انسانی,2940,481,منطقه 3,آموزش زبان و ادبیات فارسی,پردیس شهید باهنر - شیراز
1394,انسانی,2940,481,منطقه 3,علوم تربیتی,دانشگاه فردوسی - مشهد
1394,انسانی,2944,483,منطقه 3,دبیری الهیات و معارف اسلامی,پردیس بنت الهدی صدر - بوشهر
1394,انسانی,2944,483,منطقه 3,مددکاری اجتماعی,دانشگاه علامه طباطبایی - تهران
1394,انسانی,2959,486,منطقه 3,روانشناسی,دانشگاه یزد
1394,انسانی,2964,488,منطقه 3,روانشناسی,دانشگاه علامه طباطبایی - تهران
1394,انسانی,2977,489,منطقه 3,حقوق,دانشگاه کردستان - سنندج
1394,انسانی,2983,491,منطقه 3,روانشناسی,دانشگاه اصفهان
1394,انسانی,2988,492,منطقه 3,حقوق,دانشگاه قم
1394,انسانی,3000,493,منطقه 3,علوم اجتماعی,دانشگاه علامه طباطبایی - تهران
1394,انسانی,3017,495,منطقه 3,حقوق,دانشگاه کردستان - سنندج
1394,انسانی,3026,496,منطقه 3,مددکاری اجتماعی,دانشگاه علامه طباطبایی - تهران
1394,انسانی,3041,500,منطقه 3,حقوق,دانشگاه قم
1394,انسانی,3041,500,منطقه 3,راهنمایی و مشاوره,دانشگاه اصفهان
1394,انسانی,3041,500,منطقه 3,راهنمایی و مشاوره,پردیس شهید باهنر - همدان
1394,انسانی,3047,502,منطقه 3,حقوق,دانشگاه آیت الله بروجردی - بروجرد
1394,انسانی,3083,509,منطقه 3,حقوق,دانشگاه شهید چمران اهواز
1394,انسانی,3101,511,منطقه 3,روانشناسی,دانشگاه یزد
1394,انسانی,3106,514,منطقه 3,دبیری زبان و ادبیات عربی,پردیس فاطمه الزهرا (س) - اهواز
1394,انسانی,3106,514,منطقه 3,علوم تربیتی,پردیس شهید بهشتی - مشهد
1394,انسانی,3116,517,منطقه 3,دبیری زبان و ادبیات عربی,پردیس فاطمه الزهرا (س) - اهواز
1394,انسانی,3116,517,منطقه 3,علوم تربیتی,پردیس شهید ایزد پناه - یاسوج
1394,انسانی,3129,520,منطقه 3,حقوق,دانشگاه شیراز
1394,انسانی,3133,521,منطقه 3,روانشناسی,دانشگاه علامه طباطبایی - تهران
1394,انسانی,3136,523,منطقه 3,دبیری علوم اجتماعی,پردیس شهید رجایی - کرمانشاه
1394,انسانی,3138,524,منطقه 3,حقوق,دانشگاه شهید مدنی آذربایجان - تبریز
1394,انسانی,3138,524,منطقه 3,علوم تربیتی,پردیس زینبیه - پیشوا (ورامین)
1394,انسانی,3164,526,منطقه 3,حقوق,دانشگاه بیرجند
1394,انسانی,3177,531,منطقه 3,دبیری الهیات و معارف اسلامی,پردیس بنت الهدی صدر - بوشهر
1394,انسانی,3177,531,منطقه 3,راهنمایی و مشاوره,دانشگاه تهران
1394,انسانی,3184,534,منطقه 3,روانشناسی,دانشگاه خوارزمی - تهران (محل تحصیل کرج)
1394,انسانی,3184,534,منطقه 3,علوم تربیتی,پردیس شهید بهشتی - مشهد
1394,انسانی,3188,536,منطقه 3,دبیری الهیات و معارف اسلامی,پردیس شهید بهشتی - مشهد
1394,انسانی,3202,538,منطقه 3,حقوق,دانشگاه پیام نور آذربایجان شرقی - مرکز تبریز
1394,انسانی,3217,544,منطقه 3,حقوق,دانشگاه شهید مدنی آذربایجان - تبریز
1394,انسانی,3221,546,منطقه 3,مددکاری اجتماعی,دانشگاه علامه طباطبایی - تهران
1394,انسانی,3224,547,منطقه 3,مددکاری اجتماعی,دانشگاه علامه طباطبایی - تهران
1394,انسانی,3234,549,منطقه 3,حقوق,دانشگاه شیراز
1394,انسانی,3250,551,منطقه 3,روانشناسی,دانشگاه بوعلی سینا - همدان
1394,انسانی,3262,553,منطقه 3,دبیری زبان و ادبیات عربی,پردیس فاطمه الزهرا (س) - اهواز
1394,انسانی,3282,555,منطقه 3,راهنمایی و مشاوره,پردیس امام سجاد - بیرجند
1394,انسانی,3287,557,منطقه 3,راهنمایی و مشاوره,پردیس شهید مقصودی - همدان
1394,انسانی,3300,561,منطقه 3,مدیریت مالی,دانشگاه شهید بهشتی - تهران
1394,انسانی,3309,563,منطقه 3,حقوق,دانشگاه قم
1394,انسانی,3314,565,منطقه 3,حقوق,دانشگاه بیرجند
1394,انسانی,3314,565,منطقه 3,حقوق,دانشگاه مازندران - بابلسر
1394,انسانی,3331,570,منطقه 3,علوم تربیتی,پردیس زینبیه - پیشوا (ورامین)
1394,انسانی,3346,572,منطقه 3,آموزش زبان و ادبیات فارسی,پردیس شهید رجایی - ارومیه
1394,انسانی,3350,573,منطقه 3,علوم تربیتی,دانشگاه فردوسی - مشهد
1394,انسانی,3353,574,منطقه 3,حقوق,دانشگاه کردستان - سنندج
1394,انسانی,3364,578,منطقه 3,حقوق,دانشگاه شهید مدنی آذربایجان - تبریز
1394,انسانی,3364,578,منطقه 3,حقوق,دانشگاه کردستان - سنندج
1394,انسانی,3374,581,منطقه 3,علوم تربیتی,پردیس بنت الهدی صدر-قزوین
1394,انسانی,3378,582,منطقه 3,روانشناسی,دانشگاه بیرجند
1394,انسانی,3401,586,منطقه 3,روانشناسی,دانشگاه خوارزمی - تهران (محل تحصیل کرج)
1394,انسانی,3401,586,منطقه 3,علوم تربیتی,پردیس شهید ایزد پناه - یاسوج
1394,انسانی,3406,589,منطقه 3,علوم تربیتی,پردیس زینبیه - پیشوا (ورامین)
1394,انسانی,3414,591,منطقه 3,حسابداری,دانشگاه خوارزمی تهران
1394,انسانی,3414,591,منطقه 3,روانشناسی,دانشگاه گیلان - رشت
1394,انسانی,3423,595,منطقه 3,الهیات و معارف اسلامی - فقه و مبانی حقوق اسلامی,دانشگاه تهران
1394,انسانی,3432,597,منطقه 3,روانشناسی,دانشگاه شیراز
1394,انسانی,3437,598,منطقه 3,حقوق,دانشگاه زنجان
1394,انسانی,3456,599,منطقه 3,حقوق,دانشگاه حضرت معصومه (ع) - ویژه خواهران - قم
1394,انسانی,3465,600,منطقه 3,علوم تربیتی,پردیس امام خمینی - گرگان
1394,انسانی,3474,603,منطقه 3,علوم تربیتی,پردیس شهید مفتح - شهرری
1394,انسانی,3478,604,منطقه 3,علوم تربیتی,دانشگاه فردوسی - مشهد
1394,انسانی,3484,606,منطقه 3,علوم سیاسی,دانشگاه اصفهان
1394,انسانی,3489,607,منطقه 3,علوم تربیتی,دانشگاه الزهرا(س) - تهران
1394,انسانی,3494,608,منطقه 3,مدیریت بازرگانی,دانشگاه شهید بهشتی - تهران
1394,انسانی,3514,611,منطقه 3,دبیری جغرافیا,پردیس امیر کبیر - کرج
1394,انسانی,3544,616,منطقه 3,دبیری زبان و ادبیات عربی,پردیس حضرت رسول اکرم - اهواز
1394,انسانی,3560,617,منطقه 3,علوم سیاسی,دانشگاه تهران
1394,انسانی,3574,623,منطقه 3,علوم تربیتی,پردیس شهید بهشتی - مشهد
1394,انسانی,3583,625,منطقه 3,مدیریت بیمه اکو,دانشگاه علامه طباطبایی - تهران (محل تحصیل مؤسسه آموزش عالی بیمه اکو)
1394,انسانی,3591,626,منطقه 3,راهنمایی و مشاوره,پردیس شهید باهنر - همدان
1394,انسانی,3595,628,منطقه 3,دبیری علوم اجتماعی,پردیس دکتر شریعتی - ساری
1394,انسانی,3597,629,منطقه 3,مدیریت مالی,دانشگاه شهید بهشتی - تهران
1394,انسانی,3609,630,منطقه 3,علوم تربیتی,پردیس شهید ایزد پناه - یاسوج
1394,انسانی,3615,632,منطقه 3,علوم تربیتی,پردیس شهید مدرس - سنندج
1394,انسانی,3618,633,منطقه 3,حقوق,دانشگاه بیرجند
1394,انسانی,3625,635,منطقه 3,الهیات و معارف اسلامی - فقه و مبانی حقوق اسلامی,دانشگاه فردوسی - مشهد
1394,انسانی,3625,635,منطقه 3,دبیری علوم اجتماعی,پردیس حکیم ابوالقاسم فردوسی - کرج
1394,انسانی,3637,640,منطقه 3,روانشناسی,دانشگاه یزد
1394,انسانی,3651,643,منطقه 3,حقوق,دانشگاه بیرجند
1394,انسانی,3665,646,منطقه 3,آموزش زبان و ادبیات فارسی,پردیس علامه طباطبایی - ارومیه
1394,انسانی,3665,646,منطقه 3,مدیریت دولتی,دانشگاه اصفهان
1394,انسانی,3681,649,منطقه 3,آموزش زبان و ادبیات فارسی,پردیس شهید رجایی - ارومیه
1394,انسانی,3688,651,منطقه 3,مدیریت بازرگانی,دانشگاه اصفهان
1394,انسانی,3693,654,منطقه 3,حقوق,دانشگاه زابل
1394,انسانی,3693,654,منطقه 3,دبیری علوم اجتماعی,پردیس حکیم ابوالقاسم فردوسی - کرج
1394,انسانی,3693,654,منطقه 3,روانشناسی,دانشگاه بوعلی سینا - همدان
1394,انسانی,3698,658,منطقه 3,حقوق,دانشگاه شهید چمران اهواز
1394,انسانی,3703,659,منطقه 3,روانشناسی,دانشگاه مازندران - بابلسر
1394,انسانی,3708,661,منطقه 3,دبیری الهیات و معارف اسلامی,پردیس شهید رجایی - ارومیه
1394,انسانی,3722,662,منطقه 3,روانشناسی,دانشگاه شیراز
1394,انسانی,3729,665,منطقه 3,الهیات و معارف اسلامی - فقه و مبانی حقوق اسلامی,دانشگاه تهران
1394,انسانی,3729,665,منطقه 3,حسابداری,دانشگاه خوارزمی تهران
1394,انسانی,3729,665,منطقه 3,روانشناسی,دانشگاه علامه طباطبایی - تهران
1394,انسانی,3729,665,منطقه 3,مدیریت دولتی,دانشگاه اصفهان
1394,انسانی,3736,668,منطقه 3,مدیریت جهانگردی,دانشگاه کردستان - سنندج
1394,انسانی,3746,670,منطقه 3,الهیات و معارف اسلامی - فقه و مبانی حقوق اسلامی,دانشگاه فردوسی - مشهد
1394,انسانی,3755,672,منطقه 3,راهنمایی و مشاوره,پردیس شهید باهنر - همدان
1394,انسانی,3764,675,منطقه 3,الهیات و معارف اسلامی - فقه و مبانی حقوق اسلامی,دانشگاه فردوسی - مشهد
1394,انسانی,3764,675,منطقه 3,راهنمایی و مشاوره,پردیس امام سجاد - بیرجند
1394,انسانی,3764,675,منطقه 3,مدیریت دولتی,دانشگاه تهران
1394,انسانی,3790,678,منطقه 3,علوم اقتصادی,دانشگاه تبریز
1394,انسانی,3812,680,منطقه 3,روانشناسی,دانشگاه فردوسی - مشهد
1394,انسانی,3818,682,منطقه 3,راهنمایی و مشاوره,دانشگاه خوارزمی - تهران (محل تحصیل کرج)
1394,انسانی,3828,684,منطقه 3,علوم اقتصادی,دانشگاه شهید بهشتی - تهران
1394,انسانی,3832,687,منطقه 3,مدیریت جهانگردی,دانشگاه مازندران - بابلسر
1394,انسانی,3845,690,منطقه 3,علوم تربیتی,پردیس کوثر - یاسوج
1394,انسانی,3854,693,منطقه 3,دبیری الهیات و معارف اسلامی,پردیس بنت الهدی صدر - بوشهر
1394,انسانی,3854,693,منطقه 3,دبیری الهیات و معارف اسلامی,پردیس شهید رجایی - کرمانشاه
1394,انسانی,3854,693,منطقه 3,کارشناسی ارشد پیوسته معارف اسلامی و حقوق,دانشگاه شهید باهنر - کرمان
1394,انسانی,3862,697,منطقه 3,حقوق,دانشگاه رازی کرمانشاه
1394,انسانی,3884,700,منطقه 3,علوم تربیتی,پردیس شهید مطهری - زاهدان
1394,انسانی,3884,700,منطقه 3,فلسفه,دانشگاه تهران
1394,انسانی,3894,705,منطقه 3,روانشناسی,دانشگاه یزد
1394,انسانی,3904,706,منطقه 3,حقوق,دانشگاه رازی کرمانشاه
1394,انسانی,3922,710,منطقه 3,حقوق,دانشگاه تبریز
1394,انسانی,3922,710,منطقه 3,علوم تربیتی,دانشگاه الزهرا(س) - تهران
1394,انسانی,3926,712,منطقه 3,علوم تربیتی,پردیس شهید مطهری - زاهدان
1394,انسانی,3939,714,منطقه 3,حقوق,دانشگاه بجنورد
1394,انسانی,3942,715,منطقه 3,حقوق,دانشگاه شهید چمران اهواز
1394,انسانی,3952,716,منطقه 3,راهنمایی و مشاوره,پردیس شهید باهنر - اصفهان
1394,انسانی,3962,718,منطقه 3,دبیری الهیات و معارف اسلامی,پردیس شهید بهشتی - مشهد
1394,انسانی,3977,722,منطقه 3,روانشناسی,دانشگاه بیرجند
1394,انسانی,3982,723,منطقه 3,زبان و ادبیات فارسی,دانشگاه تهران
1394,انسانی,3987,724,منطقه 3,آموزش زبان و ادبیات فارسی,پردیس شهید مدرس - سنندج
1394,انسانی,3991,725,منطقه 3,فقه و حقوق اسلامی,دانشگاه خوارزمی - تهران (محل تحصیل کرج)
1394,انسانی,4002,727,منطقه 3,حقوق,دانشگاه مراغه
1394,انسانی,4011,729,منطقه 3,روانشناسی,دانشگاه بین المللی امام خمینی(ره) - قزوین
1394,انسانی,4011,729,منطقه 3,روانشناسی,دانشگاه علامه طباطبایی - تهران
1394,انسانی,4021,732,منطقه 3,الهیات و معارف اسلامی - علوم قرآن و حدیث,دانشگاه فردوسی - مشهد
1394,انسانی,4021,732,منطقه 3,راهنمایی و مشاوره,پردیس امام سجاد - بیرجند
1394,انسانی,4021,732,منطقه 3,علوم تربیتی,دانشگاه تهران
1394,انسانی,4035,737,منطقه 3,حسابداری,دانشگاه خوارزمی تهران
1394,انسانی,4038,739,منطقه 3,فقه و حقوق اسلامی,دانشگاه یزد
1394,انسانی,4043,740,منطقه 3,دبیری علوم اجتماعی,پردیس حکیم ابوالقاسم فردوسی - کرج
1394,انسانی,4054,744,منطقه 3,دبیری زبان و ادبیات عربی,پردیس حضرت رسول اکرم - اهواز
1394,انسانی,4065,746,منطقه 3,فقه و حقوق اسلامی,دانشگاه خوارزمی - تهران (محل تحصیل کرج)
1394,انسانی,4069,747,منطقه 3,روانشناسی,دانشگاه بیرجند
1394,انسانی,4082,750,منطقه 3,علوم تربیتی,پردیس امام خمینی - گرگان
1394,انسانی,4082,750,منطقه 3,علوم تربیتی,پردیس بنت الهدی صدر-قزوین
1394,انسانی,4086,752,منطقه 3,روانشناسی,دانشگاه مازندران - بابلسر
1394,انسانی,4090,755,منطقه 3,فقه و حقوق اسلامی,دانشگاه خوارزمی - تهران (محل تحصیل کرج)
1394,انسانی,4095,758,منطقه 3,حسابداری,دانشگاه شهید چمران اهواز
1394,انسانی,4107,760,منطقه 3,الهیات و معارف اسلامی - فقه و مبانی حقوق اسلامی,دانشگاه فردوسی - مشهد
1394,انسانی,4107,760,منطقه 3,حقوق,دانشگاه رازی کرمانشاه
1394,انسانی,4124,763,منطقه 3,روانشناسی,دانشگاه فردوسی - مشهد
1394,انسانی,4124,763,منطقه 3,مدیریت مالی,دانشگاه سیستان و بلوچستان - زاهدان
1394,انسانی,4135,765,منطقه 3,حسابداری,دانشگاه یزد
1394,انسانی,4135,765,منطقه 3,راهنمایی و مشاوره,پردیس شهید باهنر - بیرجند
1394,انسانی,4141,767,منطقه 3,باستانشناسی,دانشگاه تهران
1394,انسانی,4155,768,منطقه 3,علوم اقتصادی,دانشگاه تبریز
1394,انسانی,4160,769,منطقه 3,علوم اقتصادی,دانشگاه شهید بهشتی - تهران
1394,انسانی,4165,770,منطقه 3,حقوق,دانشگاه کردستان - سنندج
1394,انسانی,4170,771,منطقه 3,روانشناسی,دانشگاه مازندران - بابلسر
1394,انسانی,4176,773,منطقه 3,روانشناسی,دانشگاه گیلان - رشت
1394,انسانی,4192,777,منطقه 3,حقوق,دانشگاه رازی کرمانشاه
1394,انسانی,4197,779,منطقه 3,روانشناسی,دانشگاه بیرجند
1394,انسانی,4200,781,منطقه 3,روانشناسی,دانشگاه یزد
1394,انسانی,4203,783,منطقه 3,مدیریت امور بانکی,دانشگاه خوارزمی تهران
1394,انسانی,4203,783,منطقه 3,مدیریت بیمه,دانشگاه علامه طباطبایی - تهران
1394,انسانی,4207,786,منطقه 3,روانشناسی,دانشگاه بین المللی امام خمینی(ره) - قزوین
1394,انسانی,4211,787,منطقه 3,آموزش زبان و ادبیات فارسی,پردیس شهید رجایی - قزوین
1394,انسانی,4211,787,منطقه 3,دبیری زبان و ادبیات عربی,پردیس آیت اله طالقانی - قم
1394,انسانی,4215,789,منطقه 3,مدیریت صنعتی,دانشگاه تهران
1394,انسانی,4227,794,منطقه 3,دبیری جغرافیا,پردیس شهید مطهری - زاهدان
1394,انسانی,4234,795,منطقه 3,حقوق,دانشگاه بجنورد
1394,انسانی,4234,795,منطقه 3,روانشناسی,دانشگاه تبریز
1394,انسانی,4238,797,منطقه 3,روانشناسی,دانشگاه بین المللی امام خمینی(ره) - قزوین
1394,انسانی,4257,799,منطقه 3,روانشناسی,دانشگاه گیلان - رشت
1394,انسانی,4265,801,منطقه 3,دبیری جغرافیا,پردیس شهید مطهری - زاهدان
1394,انسانی,4268,803,منطقه 3,الهیات و معارف اسلامی - فقه و مبانی حقوق اسلامی,دانشگاه فردوسی - مشهد
1394,انسانی,4282,804,منطقه 3,فقه و حقوق اسلامی,دانشگاه خوارزمی - تهران (محل تحصیل کرج)
1394,انسانی,4293,806,منطقه 3,علوم تربیتی,پردیس شهید مطهری - زاهدان
1394,انسانی,4297,808,منطقه 3,روانشناسی,دانشگاه بین المللی امام خمینی(ره) - قزوین
1394,انسانی,4305,811,منطقه 3,مدیریت مالی,دانشگاه خوارزمی تهران
1394,انسانی,4310,812,منطقه 3,علوم تربیتی,دانشگاه فردوسی - مشهد
1394,انسانی,4313,813,منطقه 3,علوم تربیتی,پردیس شهید بهشتی - مشهد
1394,انسانی,4321,816,منطقه 3,مدیریت بازرگانی,دانشگاه تهران
1394,انسانی,4326,818,منطقه 3,روانشناسی,دانشگاه رازی کرمانشاه
1394,انسانی,4340,820,منطقه 3,حسابداری,دانشگاه خوارزمی تهران
1394,انسانی,4345,821,منطقه 3,حقوق,دانشگاه کردستان - سنندج
1394,انسانی,4376,822,منطقه 3,دبیری الهیات و معارف اسلامی,پردیس آیت اله طالقانی - قم
1394,انسانی,4383,824,منطقه 3,علوم تربیتی,دانشگاه شهید بهشتی - تهران
1394,انسانی,4396,826,منطقه 3,دبیری علوم اجتماعی,پردیس دکتر شریعتی - ساری
1394,انسانی,4401,828,منطقه 3,حسابداری,دانشگاه فردوسی - مشهد
1394,انسانی,4411,833,منطقه 3,روانشناسی,دانشگاه سمنان (محل تحصیل دانشکده روانشناسی وعلوم تربیتی مهدی شهر)
1394,انسانی,4425,838,منطقه 3,علوم تربیتی,دانشگاه مازندران - بابلسر
1394,انسانی,4437,841,منطقه 3,مدیریت بازرگانی,دانشگاه علامه طباطبایی - تهران
1394,انسانی,4440,843,منطقه 3,حسابداری,دانشگاه مازندران - بابلسر
1394,انسانی,4445,844,منطقه 3,علوم تربیتی,دانشگاه فردوسی - مشهد
1394,انسانی,4468,847,منطقه 3,روانشناسی,دانشگاه یزد
1394,انسانی,4471,849,منطقه 3,علوم تربیتی,پردیس کوثر - یاسوج
1394,انسانی,4481,851,منطقه 3,دبیری الهیات و معارف اسلامی,پردیس شهید بهشتی - مشهد
1394,انسانی,4491,853,منطقه 3,علوم سیاسی,دانشگاه شیراز
1394,انسانی,4500,856,منطقه 3,حقوق,دانشگاه غیرانتفاعی علم و فرهنگ - تهران
1394,انسانی,4500,856,منطقه 3,دبیری الهیات و معارف اسلامی,پردیس آیت اله طالقانی - قم
1394,انسانی,4500,856,منطقه 3,علوم تربیتی,پردیس شهید باهنر - کرمان
1394,انسانی,4513,858,منطقه 3,مدیریت بیمه,دانشگاه علامه طباطبایی - تهران
1394,انسانی,4521,861,منطقه 3,روانشناسی,دانشگاه کاشان
1394,انسانی,4521,861,منطقه 3,علوم تربیتی,پردیس شهید ایزد پناه - یاسوج
1394,انسانی,4521,861,منطقه 3,فقه و حقوق اسلامی,دانشگاه خوارزمی - تهران (محل تحصیل کرج)
1394,انسانی,4527,864,منطقه 3,روانشناسی,دانشگاه بین المللی امام خمینی(ره) - قزوین
1394,انسانی,4527,864,منطقه 3,علوم اقتصادی,دانشگاه شهید بهشتی - تهران
1394,انسانی,4531,866,منطقه 3,حقوق,دانشگاه بجنورد
1394,انسانی,4531,866,منطقه 3,حقوق,دانشگاه شهرکرد
1394,انسانی,4535,868,منطقه 3,دبیری الهیات و معارف اسلامی,پردیس شهید بهشتی - مشهد
1394,انسانی,4540,870,منطقه 3,راهنمایی و مشاوره,دانشگاه بیرجند
1394,انسانی,4547,873,منطقه 3,روانشناسی,دانشگاه گیلان - رشت
1394,انسانی,4553,875,منطقه 3,حقوق,دانشگاه لرستان - خرم آباد
1394,انسانی,4553,875,منطقه 3,علوم تربیتی,دانشگاه اصفهان
1394,انسانی,4563,878,منطقه 3,حسابداری,دانشگاه مازندران - بابلسر
1394,انسانی,4563,878,منطقه 3,زبان و ادبیات فارسی,دانشگاه تهران
1394,انسانی,4586,883,منطقه 3,حقوق,دانشگاه مراغه
1394,انسانی,4592,884,منطقه 3,دبیری الهیات و معارف اسلامی,پردیس شهید رجایی - کرمانشاه
1394,انسانی,4592,884,منطقه 3,فلسفه,دانشگاه تهران
1394,انسانی,4598,887,منطقه 3,علوم تربیتی,دانشگاه فردوسی - مشهد
1394,انسانی,4620,891,منطقه 3,دبیری تاریخ,پردیس علامه طباطبایی - خرم آباد
1394,انسانی,4620,891,منطقه 3,علوم تربیتی,پردیس شهید باهنر - کرمان
1394,انسانی,4628,893,منطقه 3,روانشناسی,دانشگاه زنجان
1394,انسانی,4638,895,منطقه 3,مدیریت دولتی,دانشگاه اصفهان
1394,انسانی,4662,901,منطقه 3,فقه و حقوق اسلامی,دانشگاه بین المللی امام خمینی(ره) - قزوین
1394,انسانی,4666,902,منطقه 3,علوم تربیتی,پردیس شهید باهنر - کرمان
1394,انسانی,4675,903,منطقه 3,حقوق,دانشگاه کردستان - سنندج
1394,انسانی,4689,905,منطقه 3,علوم تربیتی,پردیس شهید ایزد پناه - یاسوج
1394,انسانی,4691,906,منطقه 3,علوم تربیتی,پردیس آیت الله خامنه ای - گرگان
1394,انسانی,4708,909,منطقه 3,حقوق,دانشگاه بجنورد
1394,انسانی,4714,910,منطقه 3,روانشناسی,دانشگاه کاشان
1394,انسانی,4718,912,منطقه 3,حسابداری,دانشگاه بوعلی سینا - همدان
1394,انسانی,4737,915,منطقه 3,دبیری تاریخ,پردیس آیت اله کمال وند - خرم آباد
1394,انسانی,4749,918,منطقه 3,علوم تربیتی,پردیس آیت اله کمال وند - خرم آباد
1394,انسانی,4771,923,منطقه 3,راهنمایی و مشاوره,پردیس شهید باهنر - بیرجند
1394,انسانی,4788,925,منطقه 3,راهنمایی و مشاوره,دانشگاه بیرجند
1394,انسانی,4799,928,منطقه 3,مدیریت بازرگانی,دانشگاه علامه طباطبایی - تهران
1394,انسانی,4807,931,منطقه 3,حقوق,دانشگاه لرستان - خرم آباد
1394,انسانی,4807,931,منطقه 3,روانشناسی,دانشگاه زنجان
1394,انسانی,4815,934,منطقه 3,علوم تربیتی,پردیس شهید باهنر - کرمان
1394,انسانی,4820,936,منطقه 3,علوم تربیتی,پردیس زینب کبری (س) - اراک
1394,انسانی,4826,937,منطقه 3,علوم تربیتی,پردیس آیت اله کمال وند - خرم آباد
1394,انسانی,4837,939,منطقه 3,جغرافیا و برنامه ریزی شهری,دانشگاه تهران
1394,انسانی,4842,940,منطقه 3,روانشناسی,دانشگاه گیلان - رشت
1394,انسانی,4857,948,منطقه 3,حقوق,دانشگاه سمنان
1394,انسانی,4857,948,منطقه 3,زبان و ادبیات عربی,دانشگاه الزهرا(س) - تهران
1394,انسانی,4857,948,منطقه 3,علوم تربیتی,پردیس شهید رجایی - شیراز
1394,انسانی,4866,951,منطقه 3,دبیری الهیات و معارف اسلامی,پردیس شهید رجایی - ارومیه
1394,انسانی,4879,953,منطقه 3,روانشناسی,دانشگاه شهید مدنی آذربایجان - تبریز
1394,انسانی,4897,956,منطقه 3,حقوق,دانشگاه کردستان - سنندج
1394,انسانی,4897,956,منطقه 3,دبیری علوم اجتماعی,پردیس حکیم ابوالقاسم فردوسی - کرج
1394,انسانی,4920,961,منطقه 3,حقوق,دانشگاه آیت الله بروجردی - بروجرد
1394,انسانی,4920,961,منطقه 3,زبان و ادبیات فارسی,دانشگاه شهید بهشتی - تهران
1394,انسانی,4920,961,منطقه 3,علوم اقتصادی,دانشگاه بوعلی سینا - همدان
1394,انسانی,4931,965,منطقه 3,حقوق,دانشگاه بجنورد
1394,انسانی,4931,965,منطقه 3,دبیری الهیات و معارف اسلامی,پردیس شهید بهشتی - مشهد
1394,انسانی,4931,965,منطقه 3,راهنمایی و مشاوره,پردیس شهید باهنر - بیرجند
1394,انسانی,4939,968,منطقه 3,روانشناسی,دانشگاه شهید چمران اهواز
1394,انسانی,4948,971,منطقه 3,فقه و حقوق اسلامی,دانشگاه ارومیه
1394,انسانی,4954,972,منطقه 3,روانشناسی,دانشگاه گیلان - رشت
1394,انسانی,4964,975,منطقه 3,الهیات و معارف اسلامی - فقه و مبانی حقوق اسلامی,دانشگاه فردوسی - مشهد
1394,انسانی,4964,975,منطقه 3,علوم تربیتی,پردیس رسالت - زاهدان
1394,انسانی,4964,975,منطقه 3,علوم سیاسی,دانشگاه شیراز
1394,انسانی,4964,975,منطقه 3,فقه و حقوق اسلامی,دانشگاه حضرت معصومه (ع) - ویژه خواهران - قم
1394,انسانی,4973,978,منطقه 3,حقوق,دانشگاه کردستان - سنندج
1394,انسانی,4978,981,منطقه 3,روانشناسی,دانشگاه سمنان (محل تحصیل دانشکده روانشناسی وعلوم تربیتی مهدی شهر)
1394,انسانی,4983,983,منطقه 3,روانشناسی,دانشگاه بین المللی امام خمینی(ره) - قزوین
1394,انسانی,4988,984,منطقه 3,علوم تربیتی,پردیس شهید ایزد پناه - یاسوج
1394,انسانی,5009,989,منطقه 3,حسابداری,دانشگاه بوعلی سینا - همدان
1394,انسانی,5038,993,منطقه 3,حقوق,دانشگاه کردستان - سنندج
1394,انسانی,5051,995,منطقه 3,مدیریت بازرگانی,دانشگاه فردوسی - مشهد
1394,انسانی,5058,997,منطقه 3,راهنمایی و مشاوره,پردیس شهید باهنر - همدان
1394,هنر,11,3,منطقه 2,آهنگسازی,دانشگاه هنر تهران (محل تحصیل کرج)
1394,هنر,17,5,منطقه 2,طراحی صنعتی,دانشگاه تهران
1394,هنر,31,10,منطقه 2,سینما,دانشگاه هنر تهران
1394,هنر,55,1,منطقه 3,سینما,دانشگاه هنر تهران
1394,هنر,59,44,منطقه 1,سینما,دانشگاه هنر تهران
1394,هنر,73,17,منطقه 2,نقاشی,دانشگاه هنر تهران
1394,هنر,76,19,منطقه 2,نقاشی,دانشگاه تهران
1394,هنر,86,64,منطقه 1,طراحی صنعتی,دانشگاه تهران
1394,هنر,88,21,منطقه 2,نوازندگی موسیقی ایرانی,دانشگاه تهران
1394,هنر,102,24,منطقه 2,نوازندگی موسیقی ایرانی,دانشگاه تهران
1394,هنر,113,27,منطقه 2,بازیگری _ کارگردانی,دانشگاه تهران
1394,هنر,115,84,منطقه 1,بازیگری _ کارگردانی,دانشگاه تهران
1394,هنر,118,28,منطقه 2,طراحی صنعتی,دانشگاه هنر تهران
1394,هنر,123,5,منطقه 3,ارتباط تصویری,دانشگاه هنر تهران
1394,هنر,130,94,منطقه 1,سینما,دانشگاه هنر تهران
1394,هنر,137,32,منطقه 2,ادبیات نمایشی,دانشگاه تهران
1394,هنر,147,106,منطقه 1,آهنگسازی,دانشگاه هنر تهران (محل تحصیل کرج)
1394,هنر,152,35,منطقه 2,طراحی صنعتی,دانشگاه هنر تهران
1394,هنر,157,36,منطقه 2,ارتباط تصویری,دانشگاه تهران
1394,هنر,161,116,منطقه 1,ارتباط تصویری,دانشگاه الزهرا(س) - تهران
1394,هنر,162,117,منطقه 1,روانشناسی,دانشگاه تهران
1394,هنر,163,118,منطقه 1,نوازندگی موسیقی ایرانی,دانشگاه هنر تهران (محل تحصیل کرج)
1394,هنر,172,39,منطقه 2,صنایع دستی,دانشگاه هنر تهران
1394,هنر,173,6,منطقه 3,سینما,دانشگاه هنر تهران
1394,هنر,183,42,منطقه 2,طراحی صنعتی,دانشگاه هنر تهران
1394,هنر,185,43,منطقه 2,ارتباط تصویری,دانشگاه هنر تهران
1394,هنر,196,46,منطقه 2,طراحی صنعتی,دانشگاه تهران
1394,هنر,198,47,منطقه 2,ادبیات نمایشی,دانشگاه تهران
1394,هنر,199,48,منطقه 2,سینما,دانشگاه غیرانتفاعی سوره - تهران
1394,هنر,199,141,منطقه 1,ارتباط تصویری,دانشگاه هنر تهران
1394,هنر,222,53,منطقه 2,نمایش عروسکی,دانشگاه تهران
1394,هنر,223,54,منطقه 2,کارشناسی فرش,دانشگاه هنر تهران
1394,هنر,230,161,منطقه 1,مهندسی کامپیوتر,دانشگاه شهید بهشتی - تهران
1394,هنر,236,9,منطقه 3,ارتباط تصویری,دانشگاه تهران
1394,هنر,243,60,منطقه 2,ادبیات نمایشی,دانشگاه تهران
1394,هنر,246,5,ایثارگران,سینما,دانشگاه غیرانتفاعی سوره - تهران
1394,هنر,248,62,منطقه 2,مجسمه سازی,دانشگاه تهران
1394,هنر,251,174,منطقه 1,سینما,دانشگاه غیرانتفاعی سوره - تهران
1394,هنر,270,187,منطقه 1,کارشناسی فرش,دانشگاه هنر تهران
1394,هنر,271,188,منطقه 1,طراحی صنعتی,دانشگاه هنر اصفهان
1394,هنر,275,69,منطقه 2,طراحی صنعتی,دانشگاه علم و صنعت ایران - تهران
1394,هنر,276,70,منطقه 2,موزه داری,مرکز آموزش عالی میراث فرهنگی
1394,هنر,286,195,منطقه 1,نوازندگی موسیقی جهانی,دانشگاه هنر تهران (محل تحصیل کرج)
1394,هنر,294,12,منطقه 3,طراحی صنعتی,دانشگاه تهران
1394,هنر,299,15,منطقه 3,نوازندگی موسیقی جهانی,دانشگاه تهران
1394,هنر,304,78,منطقه 2,ارتباط تصویری,دانشگاه الزهرا(س) - تهران
1394,هنر,309,210,منطقه 1,مهندسی مواد,دانشگاه علم و صنعت ایران - تهران
1394,هنر,313,212,منطقه 1,ادبیات نمایشی,دانشگاه هنر تهران
1394,هنر,319,84,منطقه 2,بازیگری _ کارگردانی,دانشگاه هنر تهران
1394,هنر,323,87,منطقه 2,طراحی صنعتی,دانشگاه تهران
1394,هنر,335,222,منطقه 1,طراحی صنعتی,دانشگاه هنر اصفهان
1394,هنر,337,224,منطقه 1,نقاشی,دانشگاه الزهرا(س) - تهران
1394,هنر,338,225,منطقه 1,کارشناسی فرش,دانشگاه هنر تهران
1394,هنر,340,94,منطقه 2,کارشناسی فرش,دانشگاه شهید باهنر - کرمان
1394,هنر,344,97,منطقه 2,نقاشی,دانشگاه الزهرا(س) - تهران
1394,هنر,349,16,منطقه 3,طراحی صنعتی,دانشگاه تهران
1394,هنر,353,233,منطقه 1,ارتباط تصویری,دانشگاه تهران
1394,هنر,358,237,منطقه 1,نقاشی,دانشگاه الزهرا(س) - تهران
1394,هنر,362,6,ایثارگران,بازیگری _ کارگردانی,دانشگاه تهران
1394,هنر,363,101,منطقه 2,سینما,دانشگاه غیرانتفاعی سوره - تهران
1394,هنر,373,105,منطقه 2,طراحی صنعتی,دانشگاه علم و صنعت ایران - تهران
1394,هنر,381,250,منطقه 1,طراحی صنعتی,دانشگاه هنر اصفهان
1394,هنر,402,116,منطقه 2,نوازندگی موسیقی جهانی,دانشگاه هنر تهران (محل تحصیل کرج)
1394,هنر,408,118,منطقه 2,عکاسی,دانشگاه تهران
1394,هنر,423,124,منطقه 2,ارتباط تصویری,دانشگاه شیراز
1394,هنر,433,131,منطقه 2,ارتباط تصویری,دانشگاه هنر تهران
1394,هنر,437,132,منطقه 2,مهندسی مکانیک,دانشگاه صنعتی شریف - تهران
1394,هنر,439,18,منطقه 3,عکاسی,دانشگاه هنر تهران
1394,هنر,452,135,منطقه 2,زبان و ادبیات انگلیسی,دانشگاه علامه طباطبایی - تهران
1394,هنر,459,136,منطقه 2,مرمت و احیای بناهای تاریخی,مرکز آموزش عالی میراث فرهنگی
1394,هنر,464,19,منطقه 3,سینما,دانشگاه هنر تهران
1394,هنر,466,139,منطقه 2,عکاسی,دانشگاه هنر اصفهان
1394,هنر,477,140,منطقه 2,ارتباط تصویری,دانشگاه الزهرا(س) - تهران
1394,هنر,481,142,منطقه 2,طراحی صنعتی,دانشگاه الزهرا(س) - تهران
1394,هنر,482,143,منطقه 2,ادبیات نمایشی,دانشگاه هنر تهران
1394,هنر,484,144,منطقه 2,علوم کامپیوتر,دانشگاه صنعتی امیرکبیر - تهران
1394,هنر,489,146,منطقه 2,تلویزیون و هنرهای دیجیتالی,دانشگاه دامغان
1394,هنر,493,149,منطقه 2,ارتباط تصویری,دانشگاه غیرانتفاعی سوره - تهران
1394,هنر,495,20,منطقه 3,ارتباط تصویری,دانشگاه الزهرا(س) - تهران
1394,هنر,499,150,منطقه 2,سینما,دانشگاه غیرانتفاعی سوره - تهران
1394,هنر,525,157,منطقه 2,ارتباط تصویری,دانشگاه الزهرا(س) - تهران
1394,هنر,531,11,ایثارگران,صنایع دستی,دانشگاه هنر تهران
1394,هنر,532,160,منطقه 2,سینما,دانشگاه غیرانتفاعی سوره - تهران
1394,هنر,534,161,منطقه 2,صنایع دستی,دانشگاه الزهرا(س) - تهران
1394,هنر,538,21,منطقه 3,ادبیات نمایشی,دانشگاه هنر تهران
1394,هنر,547,165,منطقه 2,ارتباط تصویری,دانشکده فنی وحرفه ای دختران تهران (دکتر شریعتی)
1394,هنر,551,166,منطقه 2,نقاشی,دانشگاه گیلان - رشت
1394,هنر,553,167,منطقه 2,صنایع دستی,دانشگاه الزهرا(س) - تهران
1394,هنر,565,170,منطقه 2,ارتباط تصویری,دانشگاه هنر اصفهان
1394,هنر,572,173,منطقه 2,طراحی صنعتی,دانشگاه علم و صنعت ایران - تهران
1394,هنر,576,12,ایثارگران,ارتباط تصویری,دانشگاه تهران
1394,هنر,587,179,منطقه 2,سینما,دانشگاه غیرانتفاعی سوره - تهران
1394,هنر,592,25,منطقه 3,فیزیک,دانشگاه صنعتی خواجه نصیرالدین طوسی - تهران
1394,هنر,613,188,منطقه 2,طراحی صنعتی,دانشگاه تهران
1394,هنر,618,189,منطقه 2,ارتباط تصویری,دانشگاه الزهرا(س) - تهران
1394,هنر,621,190,منطقه 2,علوم کامپیوتر,دانشگاه صنعتی کرمانشاه
1394,هنر,644,198,منطقه 2,مهندسی مکانیک,دانشگاه بوعلی سینا - همدان
1394,هنر,647,201,منطقه 2,مرمت و احیای بناهای تاریخی,مرکز آموزش عالی میراث فرهنگی
1394,هنر,656,206,منطقه 2,مهندسی کامپیوتر,دانشگاه تربیت دبیر شهید رجایی - تهران (رشته های دارای تعهد به آموزش و پرورش)
1394,هنر,661,30,منطقه 3,مهندسی برق,دانشگاه صنعتی امیرکبیر - تهران
1394,هنر,664,207,منطقه 2,مهندسی برق,دانشگاه تربیت دبیر شهید رجایی - تهران (رشته های دارای تعهد به آموزش و پرورش)
1394,هنر,674,210,منطقه 2,مهندسی صنایع,دانشگاه صنعتی امیرکبیر - تهران
1394,هنر,674,210,منطقه 2,نقاشی,دانشگاه شهید باهنر - کرمان
1394,هنر,677,33,منطقه 3,ارتباط تصویری,دانشگاه هنر تهران
1394,هنر,680,212,منطقه 2,طراحی صحنه,دانشگاه تهران
1394,هنر,691,216,منطقه 2,ارتباط تصویری,دانشگاه یزد
1394,هنر,696,217,منطقه 2,طراحی صنعتی,دانشگاه الزهرا(س) - تهران
1394,هنر,706,220,منطقه 2,نقاشی,دانشگاه تهران
1394,هنر,712,37,منطقه 3,طراحی لباس,دانشگاه الزهرا(س) - تهران
1394,هنر,712,222,منطقه 2,ارتباط تصویری,دانشگاه هنر اصفهان
1394,هنر,712,222,منطقه 2,مجسمه سازی,دانشگاه تهران
1394,هنر,723,39,منطقه 3,ارتباط تصویری,دانشگاه الزهرا(س) - تهران
1394,هنر,747,235,منطقه 2,نقاشی,دانشگاه الزهرا(س) - تهران
1394,هنر,766,245,منطقه 2,ارتباط تصویری,دانشگاه یزد
1394,هنر,775,248,منطقه 2,تلویزیون و هنرهای دیجیتالی,دانشگاه دامغان
1394,هنر,815,44,منطقه 3,مهندسی مکانیک,دانشگاه صنعتی شریف - تهران
1394,هنر,845,46,منطقه 3,طراحی لباس,دانشگاه الزهرا(س) - تهران
1394,هنر,891,17,ایثارگران,ارتباط تصویری,دانشگاه هنر تهران
1394,هنر,918,51,منطقه 3,طراحی صنعتی,دانشگاه الزهرا(س) - تهران
1394,هنر,919,52,منطقه 3,مهندسی پلیمر,دانشگاه تهران
1394,هنر,921,54,منطقه 3,طراحی صنعتی,دانشگاه هنر تهران
1394,هنر,933,55,منطقه 3,مهندسی مواد,دانشگاه فردوسی - مشهد
1394,هنر,946,57,منطقه 3,هوشبری,دانشگاه علوم پزشکی تبریز
1394,هنر,969,58,منطقه 3,کارشناسی بهداشت عمومی,دانشگاه علوم پزشکی مشهد
1394,هنر,980,60,منطقه 3,طراحی صنعتی,دانشگاه تهران
1394,هنر,981,61,منطقه 3,صنایع دستی,دانشگاه هنر تهران
1394,هنر,1004,63,منطقه 3,تلویزیون و هنرهای دیجیتالی,دانشگاه دامغان
1394,هنر,1024,65,منطقه 3,پزشکی,دانشکده علوم پزشکی آبادان
1394,هنر,1029,66,منطقه 3,طراحی صنعتی,دانشگاه علم و صنعت ایران - تهران
1394,هنر,1072,68,منطقه 3,مرمت و احیای بناهای تاریخی,مرکز آموزش عالی میراث فرهنگی
1394,هنر,1090,69,منطقه 3,طراحی صنعتی,دانشگاه هنر تهران
1394,هنر,1120,72,منطقه 3,سینما,دانشگاه هنر تهران
1394,هنر,1151,76,منطقه 3,صنایع دستی,دانشگاه الزهرا(س) - تهران
1394,هنر,1211,81,منطقه 3,تلویزیون و هنرهای دیجیتالی,دانشگاه دامغان
1394,هنر,1225,82,منطقه 3,علوم تربیتی,پردیس شهید بهشتی - مشهد
1394,هنر,1234,84,منطقه 3,نقاشی,دانشگاه الزهرا(س) - تهران
1394,هنر,1253,86,منطقه 3,نقاشی,دانشگاه الزهرا(س) - تهران
1394,هنر,1291,24,ایثارگران,نقاشی,دانشگاه تهران
1394,هنر,1298,25,ایثارگران,طراحی صنعتی,دانشگاه علم و صنعت ایران - تهران
1394,هنر,1302,93,منطقه 3,حقوق,دانشگاه پیام نور آذربایجان شرقی - مرکز تبریز
1394,هنر,1343,97,منطقه 3,مهندسی صنایع,دانشگاه هرمزگان - بندرعباس
1394,هنر,1357,99,منطقه 3,مهندسی صنایع,دانشگاه تهران (محل تحصیل فومن گیلان)
1394,هنر,1393,105,منطقه 3,کارشناسی فرش,دانشگاه هنر تهران
1394,هنر,1419,108,منطقه 3,ارتباط تصویری,دانشگاه شهید چمران اهواز (محل تحصیل شوشتر)
1394,هنر,1426,110,منطقه 3,تلویزیون و هنرهای دیجیتالی,دانشگاه دامغان
1394,هنر,1450,112,منطقه 3,مهندسی کامپیوتر,دانشگاه صنعتی شریف - تهران
1394,هنر,1460,113,منطقه 3,کارشناسی تکنولوژی پرتوشناسی,دانشگاه علوم پزشکی رفسنجان
1394,هنر,1471,114,منطقه 3,پزشکی,دانشگاه علوم پزشکی تبریز
1394,هنر,1487,117,منطقه 3,مهندسی کامپیوتر,دانشگاه صنعتی بیرجند
1394,هنر,1552,124,منطقه 3,ارتباط تصویری,دانشگاه هنر اصفهان
1394,هنر,1584,128,منطقه 3,سینما,دانشگاه غیرانتفاعی سوره - تهران
1394,هنر,1654,134,منطقه 3,ارتباط تصویری,دانشگاه الزهرا(س) - تهران
1394,هنر,1655,135,منطقه 3,صنایع دستی,دانشگاه الزهرا(س) - تهران
1394,هنر,1679,137,منطقه 3,نوازندگی موسیقی ایرانی,دانشگاه تهران
1394,هنر,1712,141,منطقه 3,نوازندگی موسیقی جهانی,دانشگاه هنر تهران (محل تحصیل کرج)
1394,هنر,1726,143,منطقه 3,طراحی صنعتی,دانشگاه علم و صنعت ایران - تهران
1394,هنر,1732,144,منطقه 3,پزشکی,دانشگاه علوم پزشکی زاهدان
1394,هنر,1747,147,منطقه 3,مهندسی بهداشت محیط,دانشگاه علوم پزشکی بیرجند
1394,هنر,1759,149,منطقه 3,پرستاری,دانشگاه علوم پزشکی تهران
1394,هنر,1796,152,منطقه 3,مهندسی پزشکی,دانشگاه صنعتی امیرکبیر - تهران
1394,هنر,1817,153,منطقه 3,نقاشی,دانشگاه الزهرا(س) - تهران
1394,هنر,1827,156,منطقه 3,ارتباط تصویری,دانشگاه الزهرا(س) - تهران
1394,هنر,1896,164,منطقه 3,موزه داری,مرکز آموزش عالی میراث فرهنگی
1394,هنر,1913,166,منطقه 3,علوم اقتصادی,دانشگاه فردوسی - مشهد
1394,هنر,1926,169,منطقه 3,مهندسی صنایع,دانشگاه گیلان - رشت (محل تحصیل رودسر)
1394,هنر,1945,170,منطقه 3,دندانپزشکی,دانشگاه علوم پزشکی بیرجند
1394,هنر,1972,173,منطقه 3,مهندسی عمران,دانشگاه صنعتی کرمانشاه
1394,هنر,2015,177,منطقه 3,پرستاری,دانشگاه علوم پزشکی ارومیه (محل تحصیل نقده)
1394,هنر,2029,178,منطقه 3,طراحی صنعتی,دانشگاه الزهرا(س) - تهران
1394,هنر,2082,184,منطقه 3,شیمی,دانشگاه اراک
1394,هنر,2090,186,منطقه 3,صنایع دستی,دانشگاه الزهرا(س) - تهران
1394,هنر,2090,186,منطقه 3,مهندسی پزشکی,دانشگاه غیرانتفاعی امام رضا(ع) - مشهد
1394,هنر,2106,188,منطقه 3,مهندسی شیمی,دانشگاه تهران
1394,هنر,2142,190,منطقه 3,روانشناسی,دانشگاه اصفهان
1394,هنر,2175,195,منطقه 3,صنایع دستی,دانشگاه الزهرا(س) - تهران
1394,هنر,2194,198,منطقه 3,کارشناسی فرش,دانشگاه هنر اصفهان
1394,هنر,2220,202,منطقه 3,مهندسی شیمی,دانشگاه گیلان - رشت
1394,هنر,2255,208,منطقه 3,عکاسی,دانشگاه هنر اصفهان
1394,هنر,2308,213,منطقه 3,مهندسی کشاورزی - زیست فناوری (بیوتکنولوژی) کشاورزی,دانشگاه علوم کشاورزی و منابع طبیعی گرگان
1394,هنر,2315,216,منطقه 3,مهندسی شیمی,دانشگاه صنعتی امیرکبیر - تهران
1394,هنر,2317,217,منطقه 3,مرمت و احیای بناهای تاریخی,مرکز آموزش عالی میراث فرهنگی
1394,هنر,2324,219,منطقه 3,علوم آزمایشگاهی,دانشگاه علوم پزشکی ایلام
1394,هنر,2360,226,منطقه 3,بازیگری _ کارگردانی,دانشگاه شهید باهنر - کرمان
1394,هنر,2468,239,منطقه 3,مهندسی برق,دانشگاه شیراز
1394,هنر,2481,241,منطقه 3,پزشکی,دانشگاه علوم پزشکی ارومیه
1394,هنر,2507,248,منطقه 3,علوم تربیتی,پردیس شهید رجایی - شیراز
1394,هنر,7026,196,ایثارگران,دندانپزشکی,دانشگاه علوم پزشکی بابل
1394,زبان,1,1,منطقه 2,مهندسی برق,دانشگاه صنعتی شریف - تهران
1394,زبان,2,1,منطقه 1,مهندسی مکانیک,دانشگاه صنعتی شریف - تهران
1394,زبان,3,2,منطقه 1,پزشکی,دانشگاه علوم پزشکی تهران
1394,زبان,5,4,منطقه 1,پزشکی,دانشگاه علوم پزشکی تهران
1394,زبان,6,5,منطقه 1,مهندسی کامپیوتر,دانشگاه صنعتی خواجه نصیرالدین طوسی - تهران
1394,زبان,8,7,منطقه 1,پزشکی,دانشگاه علوم پزشکی شیراز
1394,زبان,9,8,منطقه 1,مهندسی معماری,دانشگاه شهید بهشتی - تهران
1394,زبان,11,2,منطقه 2,مهندسی برق,دانشگاه صنعتی شریف - تهران
1394,زبان,15,3,منطقه 2,مهندسی کامپیوتر,دانشگاه صنعتی شریف - تهران
1394,زبان,16,1,منطقه 3,مهندسی برق,دانشگاه صنعتی شریف - تهران
1394,زبان,17,4,منطقه 2,پزشکی,دانشگاه علوم پزشکی تهران
1394,زبان,18,5,منطقه 2,حقوق,دانشگاه تهران
1394,زبان,19,13,منطقه 1,مهندسی عمران,دانشگاه صنعتی شریف - تهران
1394,زبان,20,14,منطقه 1,پزشکی,دانشگاه علوم پزشکی تهران
1394,زبان,21,6,منطقه 2,زبان و ادبیات انگلیسی,دانشگاه تهران
1394,زبان,22,15,منطقه 1,پزشکی,دانشگاه علوم پزشکی شهید بهشتی - تهران
1394,زبان,23,16,منطقه 1,مهندسی مکانیک,دانشگاه صنعتی شریف - تهران
1394,زبان,24,7,منطقه 2,پزشکی,دانشگاه علوم پزشکی تهران
1394,زبان,25,17,منطقه 1,مهندسی مکانیک,دانشگاه صنعتی شریف - تهران
1394,زبان,26,2,منطقه 3,مهندسی مکانیک,دانشگاه تهران
1394,زبان,27,18,منطقه 1,مهندسی عمران,دانشگاه صنعتی شریف - تهران
1394,زبان,28,1,ایثارگران,روانشناسی,دانشگاه تهران
1394,زبان,30,20,منطقه 1,مهندسی برق,دانشگاه تهران
1394,زبان,32,8,منطقه 2,مهندسی برق,دانشگاه صنعتی شریف - تهران
1394,زبان,33,22,منطقه 1,مهندسی شهرسازی,دانشگاه بین المللی امام خمینی(ره) - قزوین
1394,زبان,34,9,منطقه 2,پزشکی,دانشگاه علوم پزشکی تهران
1394,زبان,36,24,منطقه 1,پزشکی,دانشگاه علوم پزشکی تبریز
1394,زبان,37,25,منطقه 1,مهندسی کامپیوتر,دانشگاه صنعتی اصفهان
1394,زبان,39,10,منطقه 2,پزشکی,دانشگاه علوم پزشکی تهران
1394,زبان,42,3,منطقه 3,پزشکی,دانشگاه علوم پزشکی شیراز
1394,زبان,43,27,منطقه 1,مهندسی برق,دانشگاه صنعتی امیرکبیر - تهران
1394,زبان,44,28,منطقه 1,علوم کامپیوتر,دانشگاه صنعتی امیرکبیر - تهران
1394,زبان,46,30,منطقه 1,مهندسی برق,دانشگاه صنعتی شریف - تهران
1394,زبان,48,31,منطقه 1,داروسازی,دانشگاه علوم پزشکی شهیدبهشتی - تهران
1394,زبان,51,34,منطقه 1,داروسازی,دانشگاه علوم پزشکی تهران
1394,زبان,56,39,منطقه 1,پزشکی,دانشگاه علوم پزشکی تهران
1394,زبان,59,41,منطقه 1,پزشکی,دانشگاه علوم پزشکی شیراز
1394,زبان,60,15,منطقه 2,مهندسی کامپیوتر,دانشگاه صنعتی شریف - تهران
1394,زبان,62,43,منطقه 1,پزشکی,دانشگاه علوم پزشکی تهران
1394,زبان,65,4,منطقه 3,مهندسی برق,دانشگاه تهران
1394,زبان,66,5,منطقه 3,پزشکی,دانشگاه علوم پزشکی تهران
1394,زبان,67,16,منطقه 2,پزشکی,دانشگاه علوم پزشکی تهران
1394,زبان,68,46,منطقه 1,مهندسی مکانیک,دانشگاه تهران
1394,زبان,71,48,منطقه 1,مهندسی برق,دانشگاه تبریز
1394,زبان,72,18,منطقه 2,پزشکی,دانشگاه علوم پزشکی شهید بهشتی - تهران
1394,زبان,73,49,منطقه 1,مهندسی مکانیک,دانشگاه علم و صنعت ایران - تهران
1394,زبان,75,6,منطقه 3,مهندسی صنایع,دانشگاه علم و صنعت ایران - تهران
1394,زبان,76,19,منطقه 2,مهندسی شیمی,دانشگاه تهران
1394,زبان,77,51,منطقه 1,مهندسی مکانیک,دانشگاه صنعتی اصفهان
1394,زبان,78,52,منطقه 1,پزشکی,دانشگاه علوم پزشکی مشهد
1394,زبان,80,53,منطقه 1,مهندسی شیمی,دانشگاه صنعتی شریف - تهران
1394,زبان,81,54,منطقه 1,پزشکی,دانشگاه علوم پزشکی شهید بهشتی - تهران
1394,زبان,82,20,منطقه 2,مهندسی کامپیوتر,دانشگاه تهران
1394,زبان,83,21,منطقه 2,پزشکی,دانشگاه علوم پزشکی شاهرود
1394,زبان,84,55,منطقه 1,مهندسی مکانیک,دانشگاه صنعتی شریف - تهران
1394,زبان,85,56,منطقه 1,ریاضیات و کاربردها,دانشگاه صنعتی شریف - تهران
1394,زبان,86,57,منطقه 1,مهندسی مکانیک,دانشگاه صنعتی خواجه نصیرالدین طوسی - تهران
1394,زبان,87,22,منطقه 2,پزشکی,دانشگاه علوم پزشکی شهیدبهشتی - تهران
1394,زبان,89,23,منطقه 2,پزشکی,دانشگاه علوم پزشکی مازندران - ساری
1394,زبان,91,24,منطقه 2,مهندسی معماری,دانشگاه بین المللی امام خمینی(ره) - قزوین
1394,زبان,93,61,منطقه 1,پزشکی,دانشگاه علوم پزشکی مشهد
1394,زبان,95,26,منطقه 2,مهندسی برق,دانشگاه صنعتی شریف - تهران
1394,زبان,96,62,منطقه 1,مهندسی عمران,دانشگاه صنعتی شریف - تهران
1394,زبان,97,27,منطقه 2,داروسازی,دانشگاه علوم پزشکی تهران
1394,زبان,98,63,منطقه 1,مهندسی کامپیوتر,دانشگاه صنعتی شریف - تهران
1394,زبان,99,28,منطقه 2,مهندسی برق,دانشگاه صنعتی شریف - تهران
1394,زبان,100,64,منطقه 1,پزشکی,دانشگاه علوم پزشکی تبریز
1394,زبان,101,8,منطقه 3,مهندسی برق,دانشگاه صنعتی شریف - تهران
1394,زبان,103,29,منطقه 2,مهندسی شیمی,دانشگاه صنعتی شریف - تهران
1394,زبان,104,66,منطقه 1,مهندسی برق,دانشگاه صنعتی امیرکبیر - تهران
1394,زبان,105,67,منطقه 1,پزشکی,دانشگاه علوم پزشکی تهران
1394,زبان,106,68,منطقه 1,پزشکی,دانشگاه علوم پزشکی شهید بهشتی - تهران
1394,زبان,108,30,منطقه 2,مهندسی عمران,دانشگاه صنعتی امیرکبیر - تهران
1394,زبان,111,32,منطقه 2,پزشکی,دانشگاه علوم پزشکی تهران
1394,زبان,113,71,منطقه 1,پزشکی,دانشگاه علوم پزشکی اصفهان
1394,زبان,114,33,منطقه 2,زبان و ادبیات انگلیسی,دانشگاه تهران
1394,زبان,117,34,منطقه 2,مهندسی برق,دانشگاه صنعتی بابل
1394,زبان,117,34,منطقه 2,مهندسی برق,دانشگاه صنعتی شریف - تهران
1394,زبان,121,36,منطقه 2,دندانپزشکی,دانشگاه علوم پزشکی تهران
1394,زبان,122,10,منطقه 3,پزشکی,دانشگاه علوم پزشکی تهران
1394,زبان,123,37,منطقه 2,پزشکی,دانشگاه علوم پزشکی شیراز
1394,زبان,124,3,ایثارگران,مهندسی کامپیوتر,دانشگاه صنعتی شریف - تهران
1394,زبان,125,38,منطقه 2,مهندسی برق,دانشگاه صنعتی شریف - تهران
1394,زبان,126,75,منطقه 1,حقوق,دانشگاه تهران
1394,زبان,127,76,منطقه 1,مهندسی شهرسازی,دانشگاه بین المللی امام خمینی(ره) - قزوین
1394,زبان,128,39,منطقه 2,پزشکی,دانشگاه علوم پزشکی مشهد
1394,زبان,131,41,منطقه 2,پزشکی,دانشگاه علوم پزشکی تهران
1394,زبان,132,42,منطقه 2,پزشکی,دانشگاه علوم پزشکی شهید بهشتی - تهران
1394,زبان,133,43,منطقه 2,مهندسی کامپیوتر,دانشگاه صنعتی امیرکبیر - تهران
1394,زبان,134,44,منطقه 2,پزشکی,دانشگاه علوم پزشکی شهید بهشتی - تهران
1394,زبان,135,45,منطقه 2,دندانپزشکی,دانشگاه علوم پزشکی قزوین
1394,زبان,140,47,منطقه 2,پزشکی,دانشگاه علوم پزشکی بابل
1394,زبان,140,80,منطقه 1,دندانپزشکی,دانشگاه علوم پزشکی مشهد
1394,زبان,142,81,منطقه 1,پزشکی,دانشگاه علوم پزشکی شهید بهشتی - تهران
1394,زبان,143,82,منطقه 1,پزشکی,دانشگاه علوم پزشکی شهید بهشتی - تهران
1394,زبان,144,48,منطقه 2,پزشکی,دانشگاه علوم پزشکی شهید بهشتی - تهران
1394,زبان,145,83,منطقه 1,مهندسی عمران,دانشگاه صنعتی شریف - تهران
1394,زبان,146,49,منطقه 2,پزشکی,دانشگاه علوم پزشکی تبریز
1394,زبان,146,84,منطقه 1,مهندسی مکانیک,دانشگاه صنعتی شریف - تهران
1394,زبان,148,50,منطقه 2,ریاضیات و کاربردها,دانشگاه صنعتی شریف - تهران
1394,زبان,149,4,ایثارگران,مهندسی مکانیک,دانشگاه صنعتی شریف - تهران
1394,زبان,150,51,منطقه 2,پزشکی,دانشگاه علوم پزشکی تهران
1394,زبان,151,52,منطقه 2,پزشکی,دانشگاه علوم پزشکی تهران
1394,زبان,152,85,منطقه 1,حقوق,دانشگاه تهران
1394,زبان,154,87,منطقه 1,پزشکی,دانشگاه علوم پزشکی تبریز
1394,زبان,155,88,منطقه 1,مهندسی برق,دانشگاه تهران
1394,زبان,156,12,منطقه 3,مهندسی کامپیوتر,دانشگاه تهران
1394,زبان,157,89,منطقه 1,پزشکی,دانشگاه علوم پزشکی تهران
1394,زبان,158,90,منطقه 1,پزشکی,دانشگاه علوم پزشکی قزوین
1394,زبان,159,53,منطقه 2,پزشکی,دانشگاه علوم پزشکی شهید بهشتی - تهران
1394,زبان,160,54,منطقه 2,پزشکی,دانشگاه علوم پزشکی تهران
1394,زبان,162,91,منطقه 1,علوم کامپیوتر,دانشگاه شهید بهشتی - تهران
1394,زبان,163,56,منطقه 2,پزشکی,دانشگاه علوم پزشکی ایران
1394,زبان,165,58,منطقه 2,مهندسی هوا فضا,دانشگاه صنعتی شریف - تهران
1394,زبان,167,59,منطقه 2,پزشکی,دانشگاه علوم پزشکی مازندران - ساری
1394,زبان,167,93,منطقه 1,مهندسی کامپیوتر,دانشگاه صنعتی اصفهان
1394,زبان,169,94,منطقه 1,پزشکی,دانشگاه علوم پزشکی تبریز
1394,زبان,174,60,منطقه 2,پزشکی,دانشگاه علوم پزشکی مشهد
1394,زبان,175,61,منطقه 2,زبان و ادبیات انگلیسی,دانشگاه تهران
1394,زبان,176,99,منطقه 1,مهندسی برق,دانشگاه صنعتی امیرکبیر - تهران
1394,زبان,178,100,منطقه 1,داروسازی,دانشگاه علوم پزشکی تبریز
1394,زبان,180,63,منطقه 2,حقوق,دانشگاه تهران
1394,زبان,181,101,منطقه 1,پزشکی,دانشگاه علوم پزشکی دزفول
1394,زبان,183,103,منطقه 1,حقوق,دانشگاه تهران
1394,زبان,183,103,منطقه 1,مهندسی کامپیوتر,دانشگاه تهران
1394,زبان,186,65,منطقه 2,پزشکی,دانشگاه علوم پزشکی تهران
1394,زبان,187,105,منطقه 1,مهندسی مکانیک,دانشگاه تبریز
1394,زبان,188,66,منطقه 2,مهندسی برق,دانشگاه صنعتی امیرکبیر - تهران
1394,زبان,190,107,منطقه 1,پزشکی,دانشگاه علوم پزشکی شیراز
1394,زبان,193,110,منطقه 1,حقوق,دانشگاه تهران
1394,زبان,196,112,منطقه 1,پزشکی,دانشگاه علوم پزشکی زاهدان
1394,زبان,197,68,منطقه 2,پزشکی,دانشگاه علوم پزشکی شهید بهشتی - تهران
1394,زبان,198,69,منطقه 2,پزشکی,دانشگاه علوم پزشکی کرمان
1394,زبان,199,70,منطقه 2,مهندسی مکانیک,دانشگاه صنعتی شریف - تهران
1394,زبان,200,113,منطقه 1,مهندسی مکانیک,دانشگاه صنعتی شریف - تهران
1394,زبان,204,73,منطقه 2,مهندسی شیمی,دانشگاه صنعتی شریف - تهران
1394,زبان,207,74,منطقه 2,مهندسی برق,دانشگاه صنعتی شریف - تهران
1394,زبان,208,75,منطقه 2,پزشکی,دانشگاه علوم پزشکی بندرعباس
1394,زبان,209,14,منطقه 3,مهندسی برق,دانشگاه صنعتی شریف - تهران
1394,زبان,211,76,منطقه 2,مهندسی مکانیک,دانشگاه صنعتی شریف - تهران
1394,زبان,213,118,منطقه 1,مدیریت بیمه,دانشگاه خوارزمی تهران
1394,زبان,214,77,منطقه 2,مهندسی برق,دانشگاه صنعتی شریف - تهران
1394,زبان,216,119,منطقه 1,پزشکی,دانشگاه علوم پزشکی البرز - کرج
1394,زبان,217,78,منطقه 2,شیمی,دانشگاه صنعتی شریف - تهران
1394,زبان,217,78,منطقه 2,پزشکی,دانشگاه علوم پزشکی تهران
1394,زبان,219,120,منطقه 1,دندانپزشکی,دانشگاه علوم پزشکی اصفهان
1394,زبان,221,122,منطقه 1,مهندسی برق,دانشگاه صنعتی شریف - تهران
1394,زبان,221,122,منطقه 1,پزشکی,دانشگاه علوم پزشکی لرستان - خرم آباد
1394,زبان,225,81,منطقه 2,مهندسی برق,دانشگاه صنعتی شریف - تهران
1394,زبان,226,125,منطقه 1,مهندسی برق,دانشگاه صنعتی خواجه نصیرالدین طوسی - تهران
1394,زبان,227,82,منطقه 2,پزشکی,دانشگاه علوم پزشکی گیلان - رشت
1394,زبان,228,83,منطقه 2,مهندسی برق,دانشگاه تهران
1394,زبان,230,85,منطقه 2,دندانپزشکی,دانشگاه علوم پزشکی تهران
1394,زبان,230,126,منطقه 1,پزشکی,دانشگاه علوم پزشکی شهیدبهشتی - تهران
1394,زبان,232,127,منطقه 1,علوم کامپیوتر,دانشگاه صنعتی شریف - تهران
1394,زبان,234,86,منطقه 2,دندانپزشکی,دانشگاه علوم پزشکی تهران
1394,زبان,235,129,منطقه 1,مهندسی مکانیک,دانشگاه شیراز
1394,زبان,236,87,منطقه 2,پرستاری,دانشگاه علوم پزشکی ایران
1394,زبان,237,130,منطقه 1,ریاضیات و کاربردها,دانشگاه صنعتی شریف - تهران
1394,زبان,238,88,منطقه 2,مهندسی برق,دانشگاه صنعتی امیرکبیر - تهران
1394,زبان,240,89,منطقه 2,پزشکی,دانشگاه علوم پزشکی اردبیل
1394,زبان,241,90,منطقه 2,پزشکی,دانشگاه علوم پزشکی تبریز
1394,زبان,242,91,منطقه 2,پزشکی,دانشگاه علوم پزشکی ایران
1394,زبان,242,91,منطقه 2,پزشکی,دانشگاه علوم پزشکی بابل
1394,زبان,244,132,منطقه 1,مهندسی شیمی,دانشگاه تهران
1394,زبان,245,6,ایثارگران,مهندسی کامپیوتر,دانشگاه صنعتی شریف - تهران
1394,زبان,245,16,منطقه 3,دندانپزشکی,دانشگاه علوم پزشکی بابل
1394,زبان,247,133,منطقه 1,پزشکی,دانشگاه علوم پزشکی اصفهان
1394,زبان,248,134,منطقه 1,پزشکی,دانشگاه علوم پزشکی ایران
1394,زبان,249,135,منطقه 1,مهندسی عمران,دانشگاه تهران
1394,زبان,250,93,منطقه 2,پزشکی,دانشگاه علوم پزشکی قزوین
1394,زبان,252,94,منطقه 2,دندانپزشکی,دانشگاه علوم پزشکی کردستان - سنندج
1394,زبان,254,138,منطقه 1,پزشکی,دانشگاه علوم پزشکی تهران
1394,زبان,255,95,منطقه 2,مهندسی کامپیوتر,دانشگاه تهران
1394,زبان,256,139,منطقه 1,مهندسی مکانیک,دانشگاه صنعتی شریف - تهران
1394,زبان,257,140,منطقه 1,پزشکی,دانشگاه علوم پزشکی اصفهان
1394,زبان,258,96,منطقه 2,پزشکی,دانشگاه علوم پزشکی رفسنجان
1394,زبان,259,141,منطقه 1,مهندسی عمران,دانشگاه صنعتی امیرکبیر - تهران
1394,زبان,262,144,منطقه 1,پزشکی,دانشگاه علوم پزشکی تهران
1394,زبان,263,97,منطقه 2,پزشکی,دانشگاه علوم پزشکی ایران
1394,زبان,264,145,منطقه 1,مهندسی مکانیک,دانشگاه شهید بهشتی - تهران
1394,زبان,265,146,منطقه 1,پزشکی,دانشگاه علوم پزشکی شهید بهشتی - تهران
1394,زبان,267,98,منطقه 2,دامپزشکی,دانشگاه فردوسی - مشهد
1394,زبان,267,147,منطقه 1,مهندسی عمران,دانشگاه تهران
1394,زبان,267,147,منطقه 1,مهندسی کامپیوتر,دانشگاه صنعتی شریف - تهران
1394,زبان,270,100,منطقه 2,پزشکی,دانشگاه علوم پزشکی شهید بهشتی - تهران
1394,زبان,272,150,منطقه 1,مهندسی مکانیک,دانشگاه شهید بهشتی - تهران
1394,زبان,273,101,منطقه 2,پزشکی,دانشگاه علوم پزشکی تهران
1394,زبان,274,102,منطقه 2,پزشکی,دانشگاه علوم پزشکی شهید بهشتی - تهران
1394,زبان,276,152,منطقه 1,مهندسی برق,دانشگاه صنعتی اصفهان
1394,زبان,277,153,منطقه 1,دندانپزشکی,دانشگاه علوم پزشکی اردبیل
1394,زبان,278,154,منطقه 1,مهندسی کامپیوتر,دانشگاه صنعتی شریف - تهران
1394,زبان,279,17,منطقه 3,زبان و ادبیات انگلیسی,دانشگاه شهید بهشتی - تهران
1394,زبان,279,103,منطقه 2,حقوق,دانشگاه تهران
1394,زبان,282,105,منطقه 2,پزشکی,دانشگاه علوم پزشکی سمنان
1394,زبان,283,106,منطقه 2,مهندسی مکانیک,دانشگاه صنعتی امیرکبیر - تهران
1394,زبان,285,18,منطقه 3,پزشکی,دانشگاه علوم پزشکی مشهد
1394,زبان,285,107,منطقه 2,پزشکی,دانشگاه علوم پزشکی شهید بهشتی - تهران
1394,زبان,287,108,منطقه 2,دندانپزشکی,دانشگاه علوم پزشکی شهید بهشتی - تهران
1394,زبان,288,156,منطقه 1,فیزیوتراپی,دانشگاه علوم پزشکی ایران
1394,زبان,290,158,منطقه 1,مهندسی کامپیوتر,دانشگاه صنعتی اصفهان
1394,زبان,291,109,منطقه 2,پزشکی,دانشگاه علوم پزشکی شیراز
1394,زبان,292,110,منطقه 2,پزشکی,دانشگاه علوم پزشکی تبریز
1394,زبان,293,19,منطقه 3,پزشکی,دانشگاه علوم پزشکی کرمانشاه
1394,زبان,293,159,منطقه 1,مهندسی صنایع,دانشگاه صنعتی شریف - تهران
1394,زبان,296,161,منطقه 1,مهندسی برق,دانشگاه صنعتی همدان
1394,زبان,298,163,منطقه 1,پزشکی,دانشگاه علوم پزشکی تبریز
1394,زبان,300,111,منطقه 2,پزشکی,دانشگاه علوم پزشکی شیراز
1394,زبان,302,166,منطقه 1,داروسازی,دانشگاه علوم پزشکی تبریز
1394,زبان,304,112,منطقه 2,مهندسی عمران,دانشگاه صنعتی شریف - تهران
1394,زبان,305,113,منطقه 2,پزشکی,دانشگاه علوم پزشکی اصفهان
1394,زبان,306,114,منطقه 2,مهندسی مکانیک,دانشگاه صنعتی خواجه نصیرالدین طوسی - تهران
1394,زبان,306,114,منطقه 2,مهندسی مکانیک,دانشگاه صنعتی شریف - تهران
1394,زبان,310,116,منطقه 2,پزشکی,دانشگاه علوم پزشکی همدان
1394,زبان,311,117,منطقه 2,مهندسی برق,دانشگاه صنعتی شریف - تهران
1394,زبان,312,169,منطقه 1,پزشکی,دانشگاه علوم پزشکی تبریز
1394,زبان,314,118,منطقه 2,شیمی,دانشگاه صنعتی اصفهان
1394,زبان,314,171,منطقه 1,مهندسی برق,دانشگاه علم و صنعت ایران - تهران
1394,زبان,319,175,منطقه 1,مهندسی برق,دانشگاه صنعتی شریف - تهران
1394,زبان,320,176,منطقه 1,زیست شناسی,دانشگاه شیراز
1394,زبان,321,177,منطقه 1,پزشکی,دانشگاه علوم پزشکی مشهد
1394,زبان,322,178,منطقه 1,مهندسی مکانیک,دانشگاه صنعتی شریف - تهران
1394,زبان,325,120,منطقه 2,پزشکی,دانشگاه علوم پزشکی اصفهان
1394,زبان,327,180,منطقه 1,مهندسی معماری,دانشگاه علم و صنعت ایران - تهران
1394,زبان,327,180,منطقه 1,مهندسی نفت,دانشگاه صنعتی شریف - تهران
1394,زبان,329,182,منطقه 1,مهندسی شهرسازی,موسسه غیرانتفاعی معماری وهنرپارس-تهران
1394,زبان,330,183,منطقه 1,پزشکی,دانشگاه علوم پزشکی اصفهان
1394,زبان,331,184,منطقه 1,مهندسی مکانیک,دانشگاه صنعتی خواجه نصیرالدین طوسی - تهران
1394,زبان,332,185,منطقه 1,مهندسی شیمی,دانشگاه صنعتی امیرکبیر - تهران
1394,زبان,333,121,منطقه 2,دندانپزشکی,دانشگاه علوم پزشکی تبریز
1394,زبان,334,186,منطقه 1,مهندسی معماری,دانشگاه تهران
1394,زبان,336,188,منطقه 1,پزشکی,دانشگاه علوم پزشکی بندرعباس
1394,زبان,337,122,منطقه 2,پزشکی,دانشگاه علوم پزشکی مازندران - ساری
1394,زبان,337,189,منطقه 1,علوم آزمایشگاهی,دانشگاه علوم پزشکی بم
1394,زبان,339,20,منطقه 3,پزشکی,دانشگاه علوم پزشکی بیرجند
1394,زبان,340,190,منطقه 1,پزشکی,دانشگاه علوم پزشکی ایران
1394,زبان,341,191,منطقه 1,مهندسی مکانیک,دانشگاه خوارزمی - تهران (محل تحصیل کرج)
1394,زبان,342,123,منطقه 2,داروسازی,دانشگاه علوم پزشکی شهید بهشتی - تهران
1394,زبان,345,124,منطقه 2,داروسازی,دانشگاه علوم پزشکی گیلان - رشت
1394,زبان,346,125,منطقه 2,پزشکی,دانشگاه علوم پزشکی شیراز
1394,زبان,346,193,منطقه 1,مهندسی مکانیک,دانشگاه صنعتی امیرکبیر - تهران
1394,زبان,348,194,منطقه 1,روانشناسی,دانشگاه تهران
1394,زبان,349,126,منطقه 2,مهندسی کامپیوتر,دانشگاه صنعتی خواجه نصیرالدین طوسی - تهران
1394,زبان,350,127,منطقه 2,مهندسی مکانیک,دانشگاه صنعتی امیرکبیر - تهران
1394,زبان,352,196,منطقه 1,مهندسی برق,دانشگاه شهید بهشتی - تهران
1394,زبان,354,128,منطقه 2,پزشکی,دانشگاه علوم پزشکی تهران
1394,زبان,356,129,منطقه 2,حقوق,دانشگاه تهران
1394,زبان,357,130,منطقه 2,مهندسی صنایع,دانشگاه علم و صنعت ایران - تهران
1394,زبان,357,198,منطقه 1,مهندسی شیمی,دانشگاه تهران
1394,زبان,359,199,منطقه 1,پزشکی,دانشگاه علوم پزشکی شهیدبهشتی - تهران
1394,زبان,360,200,منطقه 1,پزشکی,دانشگاه علوم پزشکی ایران
1394,زبان,361,201,منطقه 1,مهندسی صنایع,دانشگاه تهران
1394,زبان,364,204,منطقه 1,پزشکی,دانشگاه علوم پزشکی تهران
1394,زبان,366,132,منطقه 2,پزشکی,دانشگاه علوم پزشکی گلستان - گرگان
1394,زبان,368,133,منطقه 2,حقوق,دانشگاه تهران
1394,زبان,368,205,منطقه 1,پزشکی,دانشگاه علوم پزشکی شیراز
1394,زبان,370,134,منطقه 2,تربیت دبیر زبان انگلیسی,پردیس شهید بهشتی - زنجان
1394,زبان,373,136,منطقه 2,پزشکی,دانشگاه علوم پزشکی ایران
1394,زبان,373,136,منطقه 2,پزشکی,دانشگاه علوم پزشکی بوشهر
1394,زبان,375,208,منطقه 1,مهندسی برق,دانشگاه صنعتی امیرکبیر - تهران
1394,زبان,376,138,منطقه 2,دندانپزشکی,دانشگاه علوم پزشکی گیلان - رشت
1394,زبان,377,23,منطقه 3,دندانپزشکی,دانشگاه علوم پزشکی شیراز
1394,زبان,377,139,منطقه 2,مهندسی معماری,دانشگاه تهران
1394,زبان,379,209,منطقه 1,مهندسی برق,دانشگاه تهران
1394,زبان,385,213,منطقه 1,مهندسی پلیمر,دانشگاه صنعتی امیرکبیر - تهران
1394,زبان,385,213,منطقه 1,مهندسی کامپیوتر,دانشگاه صنعتی شریف - تهران
1394,زبان,388,142,منطقه 2,مهندسی شیمی,دانشگاه تهران
1394,زبان,390,143,منطقه 2,مهندسی عمران,دانشگاه تبریز
1394,زبان,390,216,منطقه 1,پزشکی,دانشگاه علوم پزشکی شهید بهشتی - تهران
1394,زبان,392,217,منطقه 1,پزشکی,دانشگاه علوم پزشکی اصفهان
1394,زبان,393,218,منطقه 1,مهندسی برق,دانشگاه صنعتی امیرکبیر - تهران
1394,زبان,394,145,منطقه 2,داروسازی,دانشگاه علوم پزشکی کرمان
1394,زبان,395,146,منطقه 2,مهندسی مکانیک,دانشگاه صنعتی اصفهان
1394,زبان,395,219,منطقه 1,مهندسی برق,دانشگاه صنعتی شریف - تهران
1394,زبان,397,147,منطقه 2,مهندسی معماری,دانشگاه تهران
1394,زبان,399,221,منطقه 1,مهندسی مکانیک,دانشگاه صنعتی شریف - تهران
1394,زبان,401,222,منطقه 1,روانشناسی,دانشگاه شیراز
1394,زبان,402,149,منطقه 2,مهندسی برق,دانشگاه تهران
1394,زبان,403,223,منطقه 1,مهندسی شیمی,دانشگاه صنعتی شریف - تهران
1394,زبان,404,224,منطقه 1,مهندسی معماری,دانشگاه علم و صنعت ایران - تهران
1394,زبان,406,24,منطقه 3,پزشکی,دانشگاه علوم پزشکی مشهد
1394,زبان,406,150,منطقه 2,پزشکی,دانشگاه علوم پزشکی ایران
1394,زبان,408,25,منطقه 3,مهندسی کامپیوتر,دانشگاه صنعتی جندی شاپور - دزفول
1394,زبان,411,152,منطقه 2,دندانپزشکی,دانشگاه علوم پزشکی مشهد
1394,زبان,412,227,منطقه 1,مدیریت مالی,دانشگاه شهید بهشتی - تهران
1394,زبان,412,227,منطقه 1,مهندسی مکانیک,دانشگاه علم و صنعت ایران - تهران
1394,زبان,414,153,منطقه 2,پزشکی,دانشگاه علوم پزشکی شیراز
1394,زبان,415,26,منطقه 3,مهندسی برق,دانشگاه صنعتی شریف - تهران
1394,زبان,416,229,منطقه 1,مهندسی عمران,دانشگاه صنعتی شریف - تهران
1394,زبان,421,232,منطقه 1,مهندسی شیمی,دانشگاه علم و صنعت ایران - تهران
1394,زبان,422,154,منطقه 2,روانشناسی,دانشگاه شهید بهشتی - تهران
1394,زبان,425,156,منطقه 2,دندانپزشکی,دانشگاه علوم پزشکی مازندران - ساری
1394,زبان,425,234,منطقه 1,مهندسی صنایع,دانشگاه صنعتی امیرکبیر - تهران
1394,زبان,425,234,منطقه 1,مهندسی صنایع,دانشگاه صنعتی شریف - تهران
1394,زبان,425,234,منطقه 1,پزشکی,دانشگاه علوم پزشکی سبزوار
1394,زبان,428,157,منطقه 2,مهندسی برق,دانشگاه علم و صنعت ایران - تهران
1394,زبان,428,157,منطقه 2,مهندسی معماری,دانشگاه مازندران - بابلسر
1394,زبان,430,29,منطقه 3,راهنمایی و مشاوره,پردیس شهید باهنر - همدان
1394,زبان,432,237,منطقه 1,پزشکی,دانشگاه علوم پزشکی گیلان - رشت (محل تحصیل بندرانزلی)
1394,زبان,433,159,منطقه 2,پزشکی,دانشگاه علوم پزشکی تهران
1394,زبان,434,160,منطقه 2,دندانپزشکی,دانشگاه علوم پزشکی تهران
1394,زبان,436,162,منطقه 2,مهندسی برق,دانشگاه صنعتی شریف - تهران
1394,زبان,436,238,منطقه 1,فیزیک,دانشگاه صنعتی شریف - تهران
1394,زبان,439,239,منطقه 1,مهندسی کامپیوتر,دانشگاه تهران
1394,زبان,440,240,منطقه 1,مهندسی مکانیک,دانشگاه صنعتی شریف - تهران
1394,زبان,441,164,منطقه 2,دندانپزشکی,دانشگاه علوم پزشکی اصفهان
1394,زبان,441,164,منطقه 2,مهندسی کامپیوتر,دانشگاه تهران
1394,زبان,444,166,منطقه 2,پزشکی,دانشگاه علوم پزشکی تبریز
1394,زبان,444,242,منطقه 1,مهندسی برق,دانشگاه تهران
1394,زبان,444,242,منطقه 1,پزشکی,دانشگاه علوم پزشکی ایران
1394,زبان,449,169,منطقه 2,دامپزشکی,دانشگاه تهران
1394,زبان,452,245,منطقه 1,مهندسی مکانیک,دانشگاه صنعتی امیرکبیر - تهران
1394,زبان,453,246,منطقه 1,داروسازی,دانشگاه علوم پزشکی اصفهان
1394,زبان,454,247,منطقه 1,مهندسی مکانیک,دانشگاه فردوسی - مشهد
1394,زبان,456,170,منطقه 2,مهندسی عمران,دانشگاه صنعتی امیرکبیر - تهران
1394,زبان,459,171,منطقه 2,پزشکی,دانشگاه علوم پزشکی فسا
1394,زبان,465,33,منطقه 3,پزشکی,دانشگاه علوم پزشکی بیرجند
1394,زبان,465,173,منطقه 2,مهندسی برق,دانشگاه تهران
1394,زبان,467,251,منطقه 1,مهندسی برق,دانشگاه صنعتی امیرکبیر - تهران
1394,زبان,467,251,منطقه 1,پزشکی,دانشگاه علوم پزشکی گلستان - گرگان
1394,زبان,469,253,منطقه 1,دندانپزشکی,دانشگاه علوم پزشکی شهید بهشتی - تهران
1394,زبان,470,175,منطقه 2,پزشکی,دانشگاه علوم پزشکی شهید بهشتی - تهران
1394,زبان,471,254,منطقه 1,مهندسی هوا فضا,دانشگاه صنعتی شریف - تهران
1394,زبان,472,176,منطقه 2,مهندسی پزشکی,دانشگاه صنعتی امیرکبیر - تهران
1394,زبان,472,255,منطقه 1,دندانپزشکی,دانشگاه علوم پزشکی مشهد
1394,زبان,475,257,منطقه 1,داروسازی,دانشگاه علوم پزشکی شیراز
1394,زبان,475,257,منطقه 1,مهندسی عمران,دانشگاه تهران
1394,زبان,477,259,منطقه 1,دندانپزشکی,دانشگاه علوم پزشکی زنجان
1394,زبان,478,177,منطقه 2,مهندسی برق,دانشگاه صنعتی شریف - تهران
1394,زبان,478,260,منطقه 1,دامپزشکی,دانشگاه شهرکرد
1394,زبان,480,178,منطقه 2,پزشکی,دانشگاه علوم پزشکی سبزوار
1394,زبان,481,261,منطقه 1,مهندسی ماشینهای ریلی,دانشگاه علم و صنعت ایران - تهران
1394,زبان,482,179,منطقه 2,پزشکی,دانشگاه علوم پزشکی ایران
1394,زبان,483,34,منطقه 3,دندانپزشکی,دانشگاه علوم پزشکی کرمان
1394,زبان,483,262,منطقه 1,مهندسی عمران,دانشگاه علم و صنعت ایران - تهران
1394,زبان,485,263,منطقه 1,مهندسی برق,دانشگاه صنعتی اصفهان
1394,زبان,485,263,منطقه 1,مهندسی مکانیک,دانشگاه صنعتی امیرکبیر - تهران
1394,زبان,487,180,منطقه 2,آموزش زبان انگلیسی,دانشگاه مازندران - بابلسر
1394,زبان,488,181,منطقه 2,شیمی,دانشگاه صنعتی شریف - تهران
1394,زبان,489,265,منطقه 1,پزشکی,دانشگاه علوم پزشکی شیراز
1394,زبان,491,35,منطقه 3,پزشکی,دانشگاه علوم پزشکی مشهد
1394,زبان,495,269,منطقه 1,دندانپزشکی,دانشگاه علوم پزشکی بابل
1394,زبان,495,269,منطقه 1,مهندسی کامپیوتر,دانشگاه صنعتی اصفهان
1394,زبان,498,183,منطقه 2,پزشکی,دانشگاه علوم پزشکی کرمانشاه
1394,زبان,501,273,منطقه 1,مهندسی برق,دانشگاه صنعتی امیرکبیر - تهران
1394,زبان,501,273,منطقه 1,پزشکی,دانشگاه علوم پزشکی اصفهان
1394,زبان,501,273,منطقه 1,پزشکی,دانشگاه علوم پزشکی تهران
1394,زبان,503,185,منطقه 2,زبان و ادبیات انگلیسی,دانشگاه شهید بهشتی - تهران
1394,زبان,504,186,منطقه 2,دندانپزشکی,دانشگاه علوم پزشکی تهران
1394,زبان,506,36,منطقه 3,پزشکی,دانشگاه علوم پزشکی ایران
1394,زبان,506,276,منطقه 1,مهندسی مکانیک,دانشگاه تهران
1394,زبان,509,187,منطقه 2,مهندسی عمران,دانشگاه تهران
1394,زبان,510,188,منطقه 2,پزشکی,دانشگاه علوم پزشکی شهید بهشتی - تهران
1394,زبان,510,278,منطقه 1,پزشکی,دانشگاه علوم پزشکی شهرکرد
1394,زبان,512,279,منطقه 1,مهندسی معماری,دانشگاه علم و صنعت ایران - تهران
1394,زبان,514,281,منطقه 1,دندانپزشکی,دانشگاه علوم پزشکی شهید بهشتی - تهران
1394,زبان,516,189,منطقه 2,پزشکی,دانشگاه علوم پزشکی شهید بهشتی - تهران
1394,زبان,519,191,منطقه 2,دندانپزشکی,دانشگاه علوم پزشکی مشهد
1394,زبان,521,284,منطقه 1,پزشکی,دانشگاه علوم پزشکی مشهد
1394,زبان,525,37,منطقه 3,پزشکی,دانشگاه علوم پزشکی همدان
1394,زبان,528,289,منطقه 1,مهندسی عمران,دانشگاه بین المللی امام خمینی(ره) - قزوین
1394,زبان,528,289,منطقه 1,پزشکی,دانشگاه علوم پزشکی تهران
1394,زبان,530,194,منطقه 2,مهندسی مکانیک,دانشگاه صنعتی خواجه نصیرالدین طوسی - تهران
1394,زبان,532,291,منطقه 1,دندانپزشکی,دانشگاه علوم پزشکی ارومیه
1394,زبان,533,292,منطقه 1,دندانپزشکی,دانشگاه علوم پزشکی تبریز
1394,زبان,534,293,منطقه 1,مهندسی پلیمر,دانشگاه تهران
1394,زبان,535,294,منطقه 1,مهندسی عمران,دانشگاه صنعتی شریف - تهران
1394,زبان,536,196,منطقه 2,مهندسی مکانیک,دانشگاه صنعتی امیرکبیر - تهران
1394,زبان,536,295,منطقه 1,پزشکی,دانشگاه علوم پزشکی اصفهان
1394,زبان,539,197,منطقه 2,زیست فناوری,دانشگاه الزهرا(س) - تهران
1394,زبان,539,197,منطقه 2,مهندسی برق,دانشگاه تهران
1394,زبان,542,199,منطقه 2,علوم کامپیوتر,دانشگاه صنعتی امیرکبیر - تهران
1394,زبان,542,297,منطقه 1,مهندسی شیمی,دانشگاه تبریز
1394,زبان,542,297,منطقه 1,مهندسی کامپیوتر,دانشکده فنی وحرفه ای دختران تهران (دکتر شریعتی)
1394,زبان,545,200,منطقه 2,پزشکی,دانشگاه علوم پزشکی بابل
1394,زبان,545,200,منطقه 2,پزشکی,دانشگاه علوم پزشکی یزد
1394,زبان,545,299,منطقه 1,مهندسی مکانیک,دانشگاه صنعتی شریف - تهران
1394,زبان,548,301,منطقه 1,پزشکی,دانشگاه علوم پزشکی شهید بهشتی - تهران
1394,زبان,550,303,منطقه 1,پزشکی,دانشگاه شاهد - تهران(رشته های پزشکی)
1394,زبان,550,303,منطقه 1,پزشکی,دانشگاه علوم پزشکی اصفهان
1394,زبان,552,202,منطقه 2,کارشناسی ارشدعلوم قضایی,دانشگاه علوم قضایی و خدمات ادارای دادگستری
1394,زبان,553,203,منطقه 2,مهندسی مکانیک,دانشگاه صنعتی شریف - تهران
1394,زبان,554,204,منطقه 2,داروسازی,دانشگاه علوم پزشکی مازندران - ساری
1394,زبان,555,205,منطقه 2,دندانپزشکی,دانشگاه علوم پزشکی همدان
1394,زبان,556,206,منطقه 2,پزشکی,دانشگاه علوم پزشکی اصفهان
1394,زبان,557,305,منطقه 1,مهندسی معماری,دانشگاه تهران
1394,زبان,560,38,منطقه 3,پزشکی,دانشگاه علوم پزشکی تهران
1394,زبان,560,207,منطقه 2,مهندسی برق,دانشگاه تهران
1394,زبان,560,307,منطقه 1,پزشکی,دانشگاه علوم پزشکی اصفهان
1394,زبان,563,309,منطقه 1,مهندسی مواد,دانشگاه تربیت دبیر شهید رجایی - تهران (رشته های آزاد)
1394,زبان,563,309,منطقه 1,مهندسی کامپیوتر,دانشگاه فردوسی - مشهد
1394,زبان,563,309,منطقه 1,پزشکی,دانشگاه علوم پزشکی لرستان - خرم آباد
1394,زبان,565,10,ایثارگران,سینما,دانشگاه غیرانتفاعی سوره - تهران
1394,زبان,567,311,منطقه 1,مهندسی مکانیک,دانشگاه تهران
1394,زبان,568,209,منطقه 2,پزشکی,دانشگاه علوم پزشکی بابل
1394,زبان,569,312,منطقه 1,فیزیک مهندسی,دانشگاه تهران
1394,زبان,571,314,منطقه 1,دندانپزشکی,دانشگاه علوم پزشکی مشهد
1394,زبان,572,39,منطقه 3,پزشکی,دانشگاه علوم پزشکی شیراز
1394,زبان,573,11,ایثارگران,مهندسی برق,دانشگاه صنعتی شریف - تهران
1394,زبان,575,316,منطقه 1,دندانپزشکی,دانشگاه علوم پزشکی شهرکرد
1394,زبان,576,317,منطقه 1,مهندسی برق,دانشگاه صنعتی شریف - تهران
1394,زبان,577,210,منطقه 2,پزشکی,دانشگاه علوم پزشکی شهید بهشتی - تهران
1394,زبان,580,319,منطقه 1,پزشکی,دانشگاه علوم پزشکی شیراز
1394,زبان,581,320,منطقه 1,مهندسی عمران,دانشگاه صنعتی شریف - تهران
1394,زبان,581,320,منطقه 1,مهندسی مکانیک,دانشگاه تهران
1394,زبان,583,212,منطقه 2,مهندسی مکانیک,دانشگاه صنعتی شریف - تهران
1394,زبان,583,322,منطقه 1,مهندسی کامپیوتر,دانشگاه صنعتی شریف - تهران
1394,زبان,586,323,منطقه 1,مهندسی کامپیوتر,دانشگاه مازندران - بابلسر
1394,زبان,587,40,منطقه 3,مهندسی کامپیوتر,دانشگاه صنعتی شریف - تهران
1394,زبان,587,214,منطقه 2,پزشکی,دانشگاه علوم پزشکی جندی شاپور اهواز
1394,زبان,590,215,منطقه 2,پزشکی,دانشگاه علوم پزشکی جندی شاپور اهواز (محل تحصیل آبادان - اهواز)
1394,زبان,593,327,منطقه 1,پزشکی,دانشگاه علوم پزشکی مازندران - ساری
1394,زبان,596,217,منطقه 2,زبان و ادبیات انگلیسی,دانشگاه علامه طباطبایی - تهران
1394,زبان,601,222,منطقه 2,مهندسی برق,دانشگاه صنعتی امیرکبیر - تهران
1394,زبان,602,329,منطقه 1,دامپزشکی,دانشگاه تبریز
1394,زبان,602,329,منطقه 1,مهندسی کامپیوتر,دانشگاه الزهرا(س) - تهران
1394,زبان,604,223,منطقه 2,مهندسی برق,دانشگاه علم و صنعت ایران - تهران
1394,زبان,604,331,منطقه 1,مهندسی شهرسازی,دانشگاه تهران
1394,زبان,607,333,منطقه 1,مهندسی شهرسازی,دانشگاه تهران
1394,زبان,609,41,منطقه 3,زبان و ادبیات انگلیسی,دانشگاه تهران
1394,زبان,611,224,منطقه 2,مهندسی هوا فضا,دانشگاه صنعتی مالک اشتر (محل تحصیل اصفهان - شاهین شهر)
1394,زبان,611,335,منطقه 1,مهندسی شیمی,دانشگاه صنعتی امیرکبیر - تهران
1394,زبان,613,226,منطقه 2,پزشکی,دانشگاه علوم پزشکی مشهد
1394,زبان,613,336,منطقه 1,مهندسی شیمی,دانشگاه تهران
1394,زبان,615,227,منطقه 2,پزشکی,دانشگاه علوم پزشکی بابل
1394,زبان,617,42,منطقه 3,مهندسی برق,دانشگاه شیراز
1394,زبان,617,338,منطقه 1,داروسازی,دانشگاه علوم پزشکی تهران
1394,زبان,617,338,منطقه 1,مهندسی معماری,دانشگاه تهران
1394,زبان,617,338,منطقه 1,مهندسی مکانیک,دانشگاه تهران
1394,زبان,621,341,منطقه 1,پرستاری,دانشگاه علوم پزشکی جهرم
1394,زبان,622,228,منطقه 2,پزشکی,دانشگاه علوم پزشکی تهران
1394,زبان,622,342,منطقه 1,دندانپزشکی,دانشگاه علوم پزشکی گیلان - رشت (محل تحصیل بندرانزلی)
1394,زبان,625,230,منطقه 2,دندانپزشکی,دانشگاه علوم پزشکی بیرجند
1394,زبان,625,230,منطقه 2,مهندسی برق,دانشگاه تهران
1394,زبان,625,230,منطقه 2,مهندسی کامپیوتر,دانشگاه صنعتی امیرکبیر - تهران
1394,زبان,627,232,منطقه 2,مهندسی برق,دانشگاه شهید بهشتی - تهران
1394,زبان,628,343,منطقه 1,مهندسی صنایع,دانشگاه صنعتی امیرکبیر - تهران
1394,زبان,628,343,منطقه 1,مهندسی پزشکی,دانشگاه صنعتی امیرکبیر - تهران
1394,زبان,630,345,منطقه 1,مهندسی هوا فضا,دانشگاه صنعتی امیرکبیر - تهران
1394,زبان,634,233,منطقه 2,مهندسی هوا فضا,دانشگاه صنعتی شریف - تهران
1394,زبان,634,348,منطقه 1,پزشکی,دانشگاه علوم پزشکی تهران
1394,زبان,637,235,منطقه 2,ریاضیات و کاربردها,دانشگاه علم و صنعت ایران - تهران
1394,زبان,640,43,منطقه 3,مهندسی کامپیوتر,دانشگاه صنعتی امیرکبیر - تهران
1394,زبان,642,44,منطقه 3,پزشکی,دانشگاه علوم پزشکی ایران
1394,زبان,643,238,منطقه 2,مهندسی نفت,دانشگاه صنعتی شریف - تهران
1394,زبان,644,239,منطقه 2,ادبیات نمایشی,دانشگاه تهران
1394,زبان,646,45,منطقه 3,پزشکی,دانشگاه علوم پزشکی بیرجند
1394,زبان,646,351,منطقه 1,دندانپزشکی,دانشگاه علوم پزشکی یزد
1394,زبان,648,241,منطقه 2,مهندسی برق,دانشگاه صنعتی بابل
1394,زبان,649,242,منطقه 2,مهندسی عمران,دانشگاه تهران
1394,زبان,650,46,منطقه 3,پزشکی,دانشگاه علوم پزشکی تهران
1394,زبان,652,244,منطقه 2,زبان و ادبیات انگلیسی,دانشگاه تهران
1394,زبان,653,245,منطقه 2,تربیت دبیر زبان انگلیسی,پردیس شهید بهشتی - زنجان
1394,زبان,653,245,منطقه 2,پزشکی,دانشگاه علوم پزشکی همدان
1394,زبان,656,47,منطقه 3,پزشکی,دانشگاه علوم پزشکی شهید بهشتی - تهران
1394,زبان,657,352,منطقه 1,پزشکی,دانشگاه علوم پزشکی کاشان
1394,زبان,659,248,منطقه 2,پزشکی,دانشگاه علوم پزشکی مازندران - ساری
1394,زبان,660,249,منطقه 2,مامایی,دانشگاه علوم پزشکی شهید بهشتی - تهران
1394,زبان,660,354,منطقه 1,مهندسی صنایع,دانشگاه خوارزمی - تهران (محل تحصیل کرج)
1394,زبان,663,251,منطقه 2,مدیریت بازرگانی,دانشگاه تهران
1394,زبان,663,251,منطقه 2,مهندسی مکانیک,دانشگاه صنعتی شریف - تهران
1394,زبان,663,251,منطقه 2,مهندسی هوا فضا,دانشگاه صنعتی امیرکبیر - تهران
1394,زبان,665,355,منطقه 1,پزشکی,دانشگاه علوم پزشکی مازندران - ساری
1394,زبان,666,253,منطقه 2,مهندسی عمران,دانشگاه صنعتی شریف - تهران
1394,زبان,668,357,منطقه 1,مهندسی برق,دانشگاه شهید بهشتی - تهران
1394,زبان,670,255,منطقه 2,حقوق,دانشگاه بوعلی سینا - همدان
1394,زبان,672,256,منطقه 2,مهندسی مکانیک,دانشگاه تهران
1394,زبان,672,256,منطقه 2,مهندسی مکانیک,دانشگاه صنعتی شریف - تهران
1394,زبان,672,358,منطقه 1,مهندسی مکانیک,دانشگاه علم و صنعت ایران - تهران
1394,زبان,672,358,منطقه 1,پزشکی,دانشگاه علوم پزشکی قزوین
1394,زبان,677,360,منطقه 1,زبان و ادبیات انگلیسی,دانشگاه تهران
1394,زبان,679,259,منطقه 2,پزشکی,دانشگاه علوم پزشکی یزد
1394,زبان,681,49,منطقه 3,داروسازی,دانشگاه علوم پزشکی تهران
1394,زبان,683,364,منطقه 1,شیمی,دانشگاه صنعتی شریف - تهران
1394,زبان,687,366,منطقه 1,حقوق,دانشگاه تهران
1394,زبان,687,366,منطقه 1,پزشکی,دانشگاه علوم پزشکی شیراز
1394,زبان,689,50,منطقه 3,پزشکی,دانشگاه علوم پزشکی شهید بهشتی - تهران
1394,زبان,690,262,منطقه 2,پزشکی,دانشگاه علوم پزشکی بابل
1394,زبان,691,263,منطقه 2,پزشکی,دانشگاه علوم پزشکی قم
1394,زبان,691,368,منطقه 1,مهندسی عمران,دانشگاه تهران
1394,زبان,693,369,منطقه 1,دندانپزشکی,دانشگاه علوم پزشکی همدان
1394,زبان,697,51,منطقه 3,روانشناسی,دانشگاه شهید بهشتی - تهران
1394,زبان,697,373,منطقه 1,مدیریت صنعتی,دانشگاه شهید بهشتی - تهران
1394,زبان,699,374,منطقه 1,مهندسی شیمی,دانشگاه تهران
1394,زبان,701,376,منطقه 1,مهندسی هوا فضا,دانشگاه صنعتی خواجه نصیرالدین طوسی - تهران
1394,زبان,702,377,منطقه 1,مهندسی شیمی,دانشگاه صنعتی اصفهان
1394,زبان,703,378,منطقه 1,علوم کامپیوتر,دانشگاه صنعتی امیرکبیر - تهران
1394,زبان,706,53,منطقه 3,مهندسی برق,دانشگاه صنعتی شریف - تهران
1394,زبان,706,264,منطقه 2,مهندسی برق,دانشگاه صنعتی امیرکبیر - تهران
1394,زبان,706,379,منطقه 1,پزشکی,دانشگاه علوم پزشکی اصفهان
1394,زبان,710,54,منطقه 3,مهندسی برق,دانشگاه شهید چمران اهواز
1394,زبان,712,55,منطقه 3,پزشکی,دانشگاه علوم پزشکی ایران
1394,زبان,714,265,منطقه 2,مهندسی برق,دانشگاه تبریز
1394,زبان,715,266,منطقه 2,مهندسی شیمی,دانشگاه تهران
1394,زبان,715,266,منطقه 2,مهندسی عمران,دانشگاه صنعتی امیرکبیر - تهران
1394,زبان,717,56,منطقه 3,پزشکی,دانشگاه علوم پزشکی بیرجند
1394,زبان,718,384,منطقه 1,مهندسی شیمی,دانشگاه صنعتی شریف - تهران
1394,زبان,718,384,منطقه 1,مهندسی شیمی,دانشگاه علم و صنعت ایران - تهران
1394,زبان,720,386,منطقه 1,مهندسی مواد,دانشگاه صنعتی شریف - تهران
1394,زبان,722,269,منطقه 2,پزشکی,دانشگاه علوم پزشکی شهید بهشتی - تهران
1394,زبان,723,387,منطقه 1,حقوق,دانشگاه شهید بهشتی - تهران
1394,زبان,725,270,منطقه 2,پزشکی,دانشگاه علوم پزشکی تهران
1394,زبان,725,389,منطقه 1,فیزیک,دانشگاه صنعتی شریف - تهران
1394,زبان,727,271,منطقه 2,مهندسی شیمی,دانشگاه صنعتی شریف - تهران
1394,زبان,730,392,منطقه 1,مهندسی برق,دانشگاه صنعتی اصفهان
1394,زبان,730,392,منطقه 1,مهندسی عمران,دانشگاه صنعتی اصفهان
1394,زبان,730,392,منطقه 1,مهندسی عمران,دانشگاه علم و صنعت ایران - تهران
1394,زبان,730,392,منطقه 1,مهندسی مکانیک,دانشگاه فردوسی - مشهد
1394,زبان,735,273,منطقه 2,مهندسی مکانیک,دانشگاه صنعتی اصفهان
1394,زبان,740,398,منطقه 1,دندانپزشکی,دانشگاه علوم پزشکی شهیدبهشتی - تهران
1394,زبان,742,57,منطقه 3,مهندسی کامپیوتر,دانشگاه صنعتی شریف - تهران
1394,زبان,743,58,منطقه 3,بینایی سنجی,دانشگاه علوم پزشکی مشهد
1394,زبان,744,277,منطقه 2,پزشکی,دانشگاه علوم پزشکی اراک
1394,زبان,744,277,منطقه 2,پزشکی,دانشگاه علوم پزشکی شهید بهشتی - تهران
1394,زبان,746,399,منطقه 1,حقوق,دانشگاه شهید بهشتی - تهران
1394,زبان,748,280,منطقه 2,زبان و ادبیات انگلیسی,دانشگاه علامه طباطبایی - تهران
1394,زبان,750,281,منطقه 2,مهندسی هوا فضا,دانشگاه صنعتی شریف - تهران
1394,زبان,751,282,منطقه 2,پزشکی,دانشگاه علوم پزشکی اصفهان
1394,زبان,752,283,منطقه 2,مهندسی کامپیوتر,دانشگاه تبریز
1394,زبان,753,59,منطقه 3,پزشکی,دانشگاه علوم پزشکی شیراز
1394,زبان,754,284,منطقه 2,مهندسی مواد,دانشگاه صنعتی شریف - تهران
1394,زبان,755,60,منطقه 3,دندانپزشکی,دانشگاه علوم پزشکی تهران
1394,زبان,755,285,منطقه 2,علوم اقتصادی,دانشگاه تهران
1394,زبان,758,402,منطقه 1,مهندسی مکانیک,دانشگاه صنعتی خواجه نصیرالدین طوسی - تهران
1394,زبان,764,61,منطقه 3,داروسازی,دانشگاه علوم پزشکی البرز - کرج
1394,زبان,764,407,منطقه 1,پزشکی,دانشگاه علوم پزشکی گیلان - رشت
1394,زبان,767,286,منطقه 2,پزشکی,دانشگاه علوم پزشکی لرستان - خرم آباد
1394,زبان,769,408,منطقه 1,علوم تغذیه,دانشگاه علوم پزشکی شهیدبهشتی - تهران
1394,زبان,771,288,منطقه 2,مهندسی برق,دانشگاه صنعتی سهند - تبریز
1394,زبان,771,288,منطقه 2,مهندسی شیمی,دانشگاه تهران
1394,زبان,773,409,منطقه 1,روانشناسی,دانشگاه علامه طباطبایی - تهران
1394,زبان,776,290,منطقه 2,پزشکی,دانشگاه علوم پزشکی اردبیل
1394,زبان,776,411,منطقه 1,شیمی,دانشگاه خوارزمی - تهران (محل تحصیل کرج)
1394,زبان,776,411,منطقه 1,مهندسی عمران,دانشگاه صنعتی خواجه نصیرالدین طوسی - تهران
1394,زبان,784,417,منطقه 1,مهندسی معماری,دانشگاه شهید بهشتی - تهران
1394,زبان,785,418,منطقه 1,مهندسی مکانیک,دانشگاه فردوسی - مشهد
1394,زبان,786,419,منطقه 1,مهندسی معماری,دانشگاه علم و صنعت ایران - تهران
1394,زبان,787,293,منطقه 2,مهندسی مواد و متالور‍ژی,دانشگاه تهران
1394,زبان,787,420,منطقه 1,پزشکی,دانشگاه علوم پزشکی شیراز
1394,زبان,790,294,منطقه 2,مهندسی برق,دانشگاه صنعتی امیرکبیر - تهران
1394,زبان,790,294,منطقه 2,کارشناسی تکنولوژی پرتوشناسی,دانشگاه علوم پزشکی تهران
1394,زبان,793,296,منطقه 2,مهندسی هوا فضا,دانشگاه صنعتی شریف - تهران
1394,زبان,795,423,منطقه 1,داروسازی,دانشگاه علوم پزشکی شیراز
1394,زبان,795,423,منطقه 1,مهندسی عمران,دانشگاه فردوسی - مشهد
1394,زبان,797,63,منطقه 3,حقوق,دانشگاه تهران
1394,زبان,800,64,منطقه 3,پزشکی,دانشگاه علوم پزشکی کرمانشاه
1394,زبان,800,425,منطقه 1,زبان و ادبیات انگلیسی,دانشگاه تهران
1394,زبان,802,299,منطقه 2,مهندسی شیمی,دانشگاه علم و صنعت ایران - تهران
1394,زبان,804,426,منطقه 1,روانشناسی,دانشگاه علامه طباطبایی - تهران
1394,زبان,807,428,منطقه 1,مهندسی کامپیوتر,دانشگاه صنعتی شریف - تهران
1394,زبان,810,301,منطقه 2,ریاضیات و کاربردها,دانشگاه صنعتی اصفهان
1394,زبان,810,431,منطقه 1,علوم مهندسی,دانشگاه تهران
1394,زبان,812,66,منطقه 3,پزشکی,دانشگاه علوم پزشکی کرمانشاه
1394,زبان,813,67,منطقه 3,پزشکی,دانشگاه علوم پزشکی ایران
1394,زبان,814,302,منطقه 2,دندانپزشکی,دانشگاه علوم پزشکی شهید بهشتی - تهران
1394,زبان,814,432,منطقه 1,پزشکی,دانشگاه علوم پزشکی شیراز
1394,زبان,819,303,منطقه 2,پزشکی,دانشگاه علوم پزشکی بیرجند
1394,زبان,819,436,منطقه 1,زبان و ادبیات انگلیسی,دانشگاه شهید بهشتی - تهران
1394,زبان,821,68,منطقه 3,حقوق,دانشگاه فردوسی - مشهد
1394,زبان,821,68,منطقه 3,پزشکی,دانشگاه علوم پزشکی تهران
1394,زبان,823,304,منطقه 2,مهندسی هوا فضا,دانشگاه صنعتی امیرکبیر - تهران
1394,زبان,827,306,منطقه 2,علوم آزمایشگاهی,دانشگاه علوم پزشکی همدان
1394,زبان,827,438,منطقه 1,دندانپزشکی,دانشگاه علوم پزشکی قزوین
1394,زبان,829,70,منطقه 3,دندانپزشکی,دانشگاه علوم پزشکی کرمانشاه
1394,زبان,831,308,منطقه 2,مهندسی شیمی,دانشگاه صنعتی شریف - تهران
1394,زبان,833,441,منطقه 1,مهندسی مکانیک,دانشگاه تهران
1394,زبان,833,441,منطقه 1,پزشکی,دانشگاه علوم پزشکی قزوین
1394,زبان,836,309,منطقه 2,حقوق,دانشگاه شهید بهشتی - تهران
1394,زبان,836,443,منطقه 1,مهندسی مکانیک,دانشگاه شهید بهشتی - تهران
1394,زبان,836,443,منطقه 1,مهندسی مکانیک,دانشگاه صنعتی شریف - تهران
1394,زبان,838,445,منطقه 1,پزشکی,دانشگاه علوم پزشکی قزوین
1394,زبان,840,446,منطقه 1,زبان و ادبیات انگلیسی,دانشگاه فردوسی - مشهد
1394,زبان,840,446,منطقه 1,مهندسی شیمی,دانشگاه صنعتی شریف - تهران
1394,زبان,842,71,منطقه 3,دندانپزشکی,دانشگاه علوم پزشکی یزد
1394,زبان,845,311,منطقه 2,کارشناسی ارشدعلوم قضایی,دانشگاه علوم قضایی و خدمات ادارای دادگستری
1394,زبان,850,313,منطقه 2,پزشکی,دانشگاه علوم پزشکی تهران
1394,زبان,850,451,منطقه 1,دندانپزشکی,دانشگاه علوم پزشکی البرز - کرج
1394,زبان,850,451,منطقه 1,پزشکی,دانشگاه علوم پزشکی شیراز
1394,زبان,854,455,منطقه 1,دندانپزشکی,دانشگاه علوم پزشکی زنجان
1394,زبان,854,455,منطقه 1,مهندسی برق,دانشگاه صنعتی امیرکبیر - تهران
1394,زبان,858,315,منطقه 2,مهندسی برق,دانشگاه صنعتی اصفهان
1394,زبان,858,315,منطقه 2,مهندسی معماری,دانشگاه بوعلی سینا - همدان
1394,زبان,860,15,ایثارگران,مهندسی مکانیک,دانشگاه صنعتی شریف - تهران
1394,زبان,860,317,منطقه 2,مهندسی عمران,دانشگاه خوارزمی - تهران (محل تحصیل کرج)
1394,زبان,862,318,منطقه 2,پزشکی,دانشگاه علوم پزشکی مازندران - ساری
1394,زبان,866,320,منطقه 2,مهندسی برق,دانشگاه تربیت دبیر شهید رجایی - تهران (رشته های دارای تعهد به آموزش و پرورش)
1394,زبان,869,322,منطقه 2,پزشکی,دانشگاه علوم پزشکی البرز - کرج
1394,زبان,870,461,منطقه 1,مهندسی کامپیوتر,دانشگاه صنعتی خواجه نصیرالدین طوسی - تهران
1394,زبان,874,464,منطقه 1,مدیریت بازرگانی,دانشگاه شهید بهشتی - تهران
1394,زبان,879,324,منطقه 2,پزشکی,دانشگاه علوم پزشکی اردبیل
1394,زبان,879,468,منطقه 1,مهندسی پلیمر,دانشگاه تهران
1394,زبان,882,325,منطقه 2,علوم کامپیوتر,دانشگاه صنعتی شریف - تهران
1394,زبان,882,470,منطقه 1,زیست شناسی سلولی مولکولی,دانشگاه الزهرا(س) - تهران
1394,زبان,885,73,منطقه 3,پزشکی,دانشگاه علوم پزشکی کرمان
1394,زبان,888,328,منطقه 2,داروسازی,دانشگاه علوم پزشکی زنجان
1394,زبان,888,328,منطقه 2,مهندسی صنایع,دانشگاه صنعتی اصفهان
1394,زبان,892,74,منطقه 3,مهندسی برق,دانشگاه شهید بهشتی - تهران
1394,زبان,892,330,منطقه 2,پزشکی,دانشگاه علوم پزشکی شهید بهشتی - تهران
1394,زبان,897,473,منطقه 1,ریاضیات و کاربردها,دانشگاه سلمان فارسی - کازرون
1394,زبان,900,334,منطقه 2,مهندسی برق,دانشگاه صنعتی امیرکبیر - تهران
1394,زبان,902,476,منطقه 1,مهندسی شیمی,دانشگاه کاشان
1394,زبان,904,477,منطقه 1,مهندسی عمران,دانشگاه تهران
1394,زبان,909,337,منطقه 2,پزشکی,دانشگاه علوم پزشکی مازندران - ساری
1394,زبان,910,338,منطقه 2,دندانپزشکی,دانشگاه علوم پزشکی بوشهر
1394,زبان,910,338,منطقه 2,مهندسی صنایع,دانشگاه صنعتی امیرکبیر - تهران
1394,زبان,914,76,منطقه 3,دندانپزشکی,دانشگاه علوم پزشکی جندی شاپور اهواز
1394,زبان,914,340,منطقه 2,مهندسی برق,دانشگاه صنعتی شریف - تهران
1394,زبان,914,340,منطقه 2,مهندسی عمران,دانشگاه صنعتی شریف - تهران
1394,زبان,914,481,منطقه 1,پزشکی,دانشگاه علوم پزشکی فسا
1394,زبان,917,18,ایثارگران,مهندسی برق,دانشگاه صنعتی شریف - تهران
1394,زبان,919,343,منطقه 2,مهندسی برق,دانشگاه تبریز
1394,زبان,920,344,منطقه 2,مهندسی مکانیک,دانشگاه صنعتی امیرکبیر - تهران
1394,زبان,923,347,منطقه 2,مهندسی صنایع,دانشگاه علم و صنعت ایران - تهران
1394,زبان,927,349,منطقه 2,پزشکی,دانشگاه علوم پزشکی تبریز
1394,زبان,927,484,منطقه 1,زیست فناوری,دانشگاه شاهد - تهران
1394,زبان,930,350,منطقه 2,پزشکی,دانشگاه علوم پزشکی شاهرود
1394,زبان,930,350,منطقه 2,پزشکی,دانشگاه علوم پزشکی شهید بهشتی - تهران
1394,زبان,930,485,منطقه 1,مهندسی کامپیوتر,دانشگاه شهید بهشتی - تهران
1394,زبان,930,485,منطقه 1,پزشکی,دانشگاه علوم پزشکی البرز - کرج
1394,زبان,936,78,منطقه 3,پرستاری,دانشگاه علوم پزشکی دزفول
1394,زبان,936,352,منطقه 2,پزشکی,دانشگاه علوم پزشکی گیلان - رشت
1394,زبان,938,353,منطقه 2,دندانپزشکی,دانشگاه علوم پزشکی شهید بهشتی - تهران
1394,زبان,940,79,منطقه 3,داروسازی,دانشگاه علوم پزشکی تهران
1394,زبان,943,80,منطقه 3,پزشکی,دانشگاه علوم پزشکی شیراز
1394,زبان,943,492,منطقه 1,مهندسی صنایع,دانشگاه صنعتی شریف - تهران
1394,زبان,943,492,منطقه 1,مهندسی عمران,دانشگاه تهران
1394,زبان,946,494,منطقه 1,پزشکی,دانشگاه علوم پزشکی البرز - کرج
1394,زبان,948,355,منطقه 2,مهندسی برق,دانشگاه تهران
1394,زبان,951,356,منطقه 2,مهندسی عمران,دانشگاه صنعتی خواجه نصیرالدین طوسی - تهران
1394,زبان,953,357,منطقه 2,پزشکی,دانشگاه علوم پزشکی تبریز
1394,زبان,953,498,منطقه 1,علوم کامپیوتر,دانشگاه شهید بهشتی - تهران
1394,زبان,955,358,منطقه 2,مهندسی کامپیوتر,دانشگاه صنعتی خواجه نصیرالدین طوسی - تهران
1394,زبان,957,359,منطقه 2,مهندسی نفت,دانشگاه صنعتی شریف - تهران
1394,زبان,957,500,منطقه 1,مهندسی برق,دانشگاه شیراز
1394,زبان,961,361,منطقه 2,پزشکی,دانشگاه علوم پزشکی ایران
1394,زبان,963,362,منطقه 2,دندانپزشکی,دانشگاه علوم پزشکی کرمانشاه
1394,زبان,966,363,منطقه 2,مهندسی معماری,دانشگاه فردوسی - مشهد
1394,زبان,969,364,منطقه 2,مهندسی شیمی,دانشگاه صنعتی شریف - تهران
1394,زبان,974,365,منطقه 2,پزشکی,دانشگاه علوم پزشکی اردبیل
1394,زبان,974,365,منطقه 2,پزشکی,دانشگاه علوم پزشکی کرمان
1394,زبان,977,367,منطقه 2,پزشکی,دانشگاه علوم پزشکی بابل
1394,زبان,980,369,منطقه 2,مهندسی نفت,دانشگاه صنعت نفت (محل تحصیل اهواز)
1394,زبان,980,369,منطقه 2,مهندسی هوا فضا,دانشگاه صنعتی مالک اشتر (محل تحصیل اصفهان - شاهین شهر)
1394,زبان,980,369,منطقه 2,پزشکی,دانشگاه علوم پزشکی کرمان
1394,زبان,991,372,منطقه 2,دندانپزشکی,دانشگاه علوم پزشکی تهران
1394,زبان,999,375,منطقه 2,مهندسی کامپیوتر,دانشگاه صنعتی اصفهان
1394,زبان,1001,376,منطقه 2,مهندسی کامپیوتر,دانشگاه صنعتی بابل
1394,زبان,1004,84,منطقه 3,پزشکی,دانشگاه علوم پزشکی شیراز
1394,زبان,1004,377,منطقه 2,حقوق,دانشگاه تهران
1394,زبان,1004,377,منطقه 2,دندانپزشکی,دانشگاه علوم پزشکی تهران
1394,زبان,1007,379,منطقه 2,مهندسی کامپیوتر,دانشگاه فردوسی - مشهد
1394,زبان,1009,85,منطقه 3,مهندسی برق,دانشگاه صنعتی شریف - تهران
1394,زبان,1009,85,منطقه 3,مهندسی مکانیک,دانشگاه تهران
1394,زبان,1011,380,منطقه 2,مهندسی مواد,دانشگاه علم و صنعت ایران - تهران
1394,زبان,1014,382,منطقه 2,پزشکی,دانشگاه علوم پزشکی جندی شاپور اهواز
1394,زبان,1019,87,منطقه 3,پزشکی,دانشگاه علوم پزشکی اصفهان
1394,زبان,1027,387,منطقه 2,مهندسی معماری,دانشگاه بین المللی امام خمینی(ره) - قزوین
1394,زبان,1027,387,منطقه 2,مهندسی مکانیک,دانشگاه صنعتی امیرکبیر - تهران
1394,زبان,1027,387,منطقه 2,مهندسی مکانیک,دانشگاه صنعتی خواجه نصیرالدین طوسی - تهران
1394,زبان,1027,387,منطقه 2,پزشکی,دانشگاه علوم پزشکی شیراز
1394,زبان,1033,89,منطقه 3,پزشکی,دانشگاه علوم پزشکی بوشهر
1394,زبان,1033,390,منطقه 2,علوم تغذیه,دانشگاه علوم پزشکی شهید بهشتی - تهران
1394,زبان,1036,391,منطقه 2,فیزیوتراپی,دانشگاه علوم پزشکی تهران
1394,زبان,1038,392,منطقه 2,مهندسی پلیمر,دانشگاه صنعتی امیرکبیر - تهران
1394,زبان,1043,393,منطقه 2,مهندسی برق,دانشگاه صنعتی شریف - تهران
1394,زبان,1053,90,منطقه 3,پزشکی,دانشگاه علوم پزشکی تهران
1394,زبان,1053,396,منطقه 2,مهندسی صنایع,دانشگاه صنعتی شریف - تهران
1394,زبان,1056,397,منطقه 2,علوم مهندسی,دانشگاه تهران
1394,زبان,1056,397,منطقه 2,پزشکی,دانشگاه علوم پزشکی ایران
1394,زبان,1059,399,منطقه 2,پزشکی,دانشگاه علوم پزشکی بیرجند
1394,زبان,1065,401,منطقه 2,پزشکی,دانشگاه علوم پزشکی بابل
1394,زبان,1068,402,منطقه 2,مهندسی برق,دانشگاه علم و صنعت ایران - تهران
1394,زبان,1071,403,منطقه 2,پزشکی,دانشگاه علوم پزشکی اصفهان
1394,زبان,1073,92,منطقه 3,زبان و ادبیات انگلیسی,دانشگاه علامه طباطبایی - تهران
1394,زبان,1074,404,منطقه 2,مهندسی کامپیوتر,دانشگاه صنعتی شریف - تهران
1394,زبان,1080,93,منطقه 3,مهندسی شیمی,دانشگاه صنعتی شریف - تهران
1394,زبان,1083,406,منطقه 2,مهندسی عمران,دانشگاه تهران
1394,زبان,1090,95,منطقه 3,پزشکی,دانشگاه علوم پزشکی اراک
1394,زبان,1092,97,منطقه 3,دندانپزشکی,دانشگاه علوم پزشکی ارومیه
1394,زبان,1096,408,منطقه 2,مهندسی مواد و متالور‍ژی,دانشگاه تهران
1394,زبان,1096,408,منطقه 2,پزشکی,دانشگاه علوم پزشکی ایران
1394,زبان,1100,410,منطقه 2,فیزیک,دانشگاه خوارزمی - تهران (محل تحصیل کرج)
1394,زبان,1108,414,منطقه 2,داروسازی,دانشگاه علوم پزشکی لرستان - خرم آباد
1394,زبان,1115,417,منطقه 2,مهندسی برق,دانشگاه تبریز
1394,زبان,1116,418,منطقه 2,پزشکی,دانشگاه علوم پزشکی فسا
1394,زبان,1119,23,ایثارگران,پزشکی,دانشگاه علوم پزشکی تهران
1394,زبان,1122,420,منطقه 2,مهندسی نفت,دانشگاه صنعتی شریف - تهران
1394,زبان,1122,420,منطقه 2,پزشکی,دانشگاه علوم پزشکی شیراز
1394,زبان,1126,422,منطقه 2,مهندسی شیمی,دانشگاه تهران
1394,زبان,1130,424,منطقه 2,پزشکی,دانشگاه علوم پزشکی اصفهان
1394,زبان,1134,425,منطقه 2,دندانپزشکی,دانشگاه علوم پزشکی اصفهان
1394,زبان,1134,425,منطقه 2,فیزیک,دانشگاه تهران
1394,زبان,1139,98,منطقه 3,مهندسی کامپیوتر,دانشگاه گیلان - رشت
1394,زبان,1139,427,منطقه 2,مهندسی برق,دانشگاه تهران
1394,زبان,1141,99,منطقه 3,پزشکی,دانشگاه علوم پزشکی ایلام
1394,زبان,1143,428,منطقه 2,داروسازی,دانشگاه علوم پزشکی یزد
1394,زبان,1145,100,منطقه 3,پزشکی,دانشگاه علوم پزشکی گلستان - گرگان
1394,زبان,1145,429,منطقه 2,پزشکی,دانشگاه علوم پزشکی شاهرود
1394,زبان,1157,102,منطقه 3,پزشکی,دانشگاه علوم پزشکی شیراز
1394,زبان,1157,433,منطقه 2,مهندسی نفت,دانشکده فنی ومهندسی گرمسار
1394,زبان,1162,103,منطقه 3,پزشکی,دانشگاه علوم پزشکی تهران
1394,زبان,1162,435,منطقه 2,فیزیوتراپی,دانشگاه علوم پزشکی تهران
1394,زبان,1166,104,منطقه 3,دبیری زیست شناسی,پردیس شهید بهشتی - مشهد
1394,زبان,1172,438,منطقه 2,داروسازی,دانشگاه علوم پزشکی بندرعباس
1394,زبان,1174,24,ایثارگران,مهندسی مکانیک,دانشگاه صنعتی شریف - تهران
1394,زبان,1179,106,منطقه 3,پزشکی,دانشگاه علوم پزشکی زابل
1394,زبان,1182,440,منطقه 2,پزشکی,دانشگاه علوم پزشکی ایران
1394,زبان,1187,442,منطقه 2,پزشکی,دانشگاه علوم پزشکی اصفهان
1394,زبان,1188,25,ایثارگران,پزشکی,دانشگاه علوم پزشکی مازندران - ساری
1394,زبان,1192,443,منطقه 2,داروسازی,دانشگاه علوم پزشکی زنجان
1394,زبان,1192,443,منطقه 2,مهندسی کامپیوتر,دانشگاه صنعتی شریف - تهران
1394,زبان,1198,446,منطقه 2,مهندسی کامپیوتر,دانشگاه شهید باهنر - کرمان
1394,زبان,1201,448,منطقه 2,مهندسی برق,دانشگاه صنعتی امیرکبیر - تهران
1394,زبان,1206,449,منطقه 2,پزشکی,دانشگاه علوم پزشکی تبریز
1394,زبان,1206,449,منطقه 2,پزشکی,دانشگاه علوم پزشکی مشهد
1394,زبان,1211,451,منطقه 2,دندانپزشکی,دانشگاه علوم پزشکی کاشان
1394,زبان,1214,26,ایثارگران,مهندسی مکانیک,دانشگاه صنعتی شریف - تهران
1394,زبان,1215,108,منطقه 3,پزشکی,دانشگاه علوم پزشکی زاهدان
1394,زبان,1220,109,منطقه 3,دندانپزشکی,دانشگاه علوم پزشکی کردستان - سنندج
1394,زبان,1225,455,منطقه 2,دبیری فیزیک,پردیس نسیبه - تهران
1394,زبان,1229,457,منطقه 2,زبان و ادبیات انگلیسی,دانشگاه تهران
1394,زبان,1229,457,منطقه 2,مهندسی کامپیوتر,دانشگاه شهید باهنر - کرمان
1394,زبان,1236,110,منطقه 3,مهندسی برق,دانشگاه صنعتی خواجه نصیرالدین طوسی - تهران
1394,زبان,1236,460,منطقه 2,مهندسی عمران,دانشگاه تهران
1394,زبان,1243,111,منطقه 3,پزشکی,دانشگاه علوم پزشکی همدان
1394,زبان,1243,463,منطقه 2,پزشکی,دانشگاه علوم پزشکی تهران
1394,زبان,1243,463,منطقه 2,پزشکی,دانشگاه علوم پزشکی کاشان
1394,زبان,1245,465,منطقه 2,پزشکی,دانشگاه علوم پزشکی شهید بهشتی - تهران
1394,زبان,1246,466,منطقه 2,پزشکی,دانشگاه علوم پزشکی مشهد
1394,زبان,1247,112,منطقه 3,پزشکی,دانشگاه علوم پزشکی شهید بهشتی - تهران
1394,زبان,1251,469,منطقه 2,مهندسی معماری,دانشگاه علم و صنعت ایران - تهران
1394,زبان,1251,469,منطقه 2,مهندسی معماری,دانشگاه هنر اسلامی تبریز
1394,زبان,1254,472,منطقه 2,پزشکی,دانشگاه علوم پزشکی یزد
1394,زبان,1258,474,منطقه 2,پزشکی,دانشگاه علوم پزشکی اصفهان
1394,زبان,1261,475,منطقه 2,داروسازی,دانشگاه علوم پزشکی تهران
1394,زبان,1264,113,منطقه 3,مهندسی نفت,دانشگاه شیراز
1394,زبان,1267,478,منطقه 2,مهندسی شیمی,دانشگاه صنعتی امیرکبیر - تهران
1394,زبان,1267,478,منطقه 2,پزشکی,دانشگاه علوم پزشکی سمنان
1394,زبان,1267,478,منطقه 2,پزشکی,دانشگاه علوم پزشکی یزد
1394,زبان,1269,114,منطقه 3,دندانپزشکی,دانشگاه علوم پزشکی زنجان
1394,زبان,1272,480,منطقه 2,فیزیوتراپی,دانشگاه علوم پزشکی مشهد
1394,زبان,1272,480,منطقه 2,پزشکی,دانشگاه علوم پزشکی جندی شاپور اهواز
1394,زبان,1275,115,منطقه 3,روانشناسی,دانشگاه شهید بهشتی - تهران
1394,زبان,1277,116,منطقه 3,روانشناسی,دانشگاه شهید بهشتی - تهران
1394,زبان,1281,117,منطقه 3,مهندسی برق,دانشگاه تربیت دبیر شهید رجایی - تهران (رشته های دارای تعهد به آموزش و پرورش)
1394,زبان,1283,483,منطقه 2,پزشکی,دانشگاه علوم پزشکی اردبیل
1394,زبان,1291,486,منطقه 2,دندانپزشکی,دانشگاه علوم پزشکی کردستان - سنندج
1394,زبان,1291,486,منطقه 2,پزشکی,دانشگاه علوم پزشکی اراک
1394,زبان,1294,488,منطقه 2,پزشکی,دانشگاه علوم پزشکی یاسوج
1394,زبان,1297,490,منطقه 2,دامپزشکی,دانشگاه شهرکرد
1394,زبان,1301,491,منطقه 2,مهندسی شیمی,دانشگاه تهران
1394,زبان,1305,493,منطقه 2,دندانپزشکی,دانشگاه علوم پزشکی زاهدان
1394,زبان,1305,493,منطقه 2,طراحی صنعتی,دانشگاه تهران
1394,زبان,1312,119,منطقه 3,پزشکی,دانشگاه علوم پزشکی کردستان - سنندج
1394,زبان,1314,496,منطقه 2,پزشکی,دانشگاه علوم پزشکی بیرجند
1394,زبان,1316,498,منطقه 2,مامایی,دانشگاه علوم پزشکی اراک
1394,زبان,1319,500,منطقه 2,مهندسی شیمی,دانشگاه صنعتی شریف - تهران
1394,زبان,1319,500,منطقه 2,مهندسی نفت,دانشگاه صنعتی امیرکبیر - تهران
1394,زبان,1330,121,منطقه 3,پزشکی,دانشگاه علوم پزشکی زاهدان
1394,زبان,1335,122,منطقه 3,دندانپزشکی,دانشگاه علوم پزشکی شهید بهشتی - تهران
1394,زبان,1335,122,منطقه 3,پزشکی,دانشگاه علوم پزشکی ایران
1394,زبان,1363,124,منطقه 3,کارشناسی تکنولوژی پرتوشناسی,دانشگاه علوم پزشکی بندرعباس
1394,زبان,1379,125,منطقه 3,مهندسی شیمی,دانشگاه صنعتی شریف - تهران
1394,زبان,1405,126,منطقه 3,پزشکی,دانشگاه علوم پزشکی کرمان
1394,زبان,1420,127,منطقه 3,زبان و ادبیات انگلیسی,دانشگاه شهید بهشتی - تهران
1394,زبان,1424,129,منطقه 3,دندانپزشکی,دانشگاه علوم پزشکی مشهد
1394,زبان,1433,130,منطقه 3,مهندسی برق,دانشگاه علم و صنعت ایران - تهران
1394,زبان,1453,132,منطقه 3,پزشکی,دانشگاه علوم پزشکی مازندران - ساری
1394,زبان,1455,133,منطقه 3,مهندسی کامپیوتر,دانشگاه صنعتی امیرکبیر - تهران
1394,زبان,1461,134,منطقه 3,فیزیک,دانشگاه صنعتی شریف - تهران
1394,زبان,1479,135,منطقه 3,حقوق,دانشگاه تبریز
1394,زبان,1489,137,منطقه 3,دبیری ریاضی,پردیس فاطمه الزهرا (س) - سمنان
1394,زبان,1515,138,منطقه 3,داروسازی,دانشگاه علوم پزشکی مشهد
1394,زبان,1515,138,منطقه 3,فیزیوتراپی,دانشگاه علوم پزشکی ایران
1394,زبان,1538,141,منطقه 3,پزشکی,دانشگاه علوم پزشکی شهید بهشتی - تهران
1394,زبان,1551,142,منطقه 3,پزشکی,دانشگاه علوم پزشکی قزوین
1394,زبان,1569,144,منطقه 3,پزشکی,دانشگاه علوم پزشکی مشهد
1394,زبان,1600,146,منطقه 3,پزشکی,دانشگاه علوم پزشکی بوشهر
1394,زبان,1606,148,منطقه 3,مترجمی زبان آلمانی,دانشگاه تهران
1394,زبان,1609,33,ایثارگران,مهندسی برق,دانشگاه صنعتی شریف - تهران
1394,زبان,1631,149,منطقه 3,پرستاری,دانشگاه علوم پزشکی اصفهان
1394,زبان,1633,150,منطقه 3,پزشکی,دانشگاه علوم پزشکی کرمان
1394,زبان,1637,151,منطقه 3,پزشکی,دانشگاه علوم پزشکی شهید بهشتی - تهران
1394,زبان,1657,153,منطقه 3,پرستاری,دانشگاه علوم پزشکی کردستان - سنندج
1394,زبان,1681,36,ایثارگران,پزشکی,دانشگاه علوم پزشکی تهران
1394,زبان,1681,155,منطقه 3,پزشکی,دانشگاه علوم پزشکی کرمان
1394,زبان,1697,156,منطقه 3,ادبیات نمایشی,دانشگاه هنر تهران
1394,زبان,1700,157,منطقه 3,پزشکی,دانشگاه علوم پزشکی زاهدان
1394,زبان,1702,158,منطقه 3,پزشکی,دانشگاه علوم پزشکی همدان
1394,زبان,1712,160,منطقه 3,بینایی سنجی,دانشگاه علوم پزشکی شهید بهشتی - تهران
1394,زبان,1730,162,منطقه 3,زیست شناسی سلولی مولکولی,دانشگاه خوارزمی - تهران (محل تحصیل کرج)
1394,زبان,1743,163,منطقه 3,پزشکی,دانشگاه علوم پزشکی مشهد
1394,زبان,1804,166,منطقه 3,پزشکی,دانشگاه علوم پزشکی شیراز
1394,زبان,1804,166,منطقه 3,پزشکی,دانشگاه علوم پزشکی همدان
1394,زبان,1815,169,منطقه 3,داروسازی,دانشگاه علوم پزشکی کرمان
1394,زبان,1821,170,منطقه 3,پزشکی,دانشگاه علوم پزشکی تبریز
1394,زبان,1838,171,منطقه 3,پرستاری,دانشکده علوم پزشکی مراغه
1394,زبان,1842,172,منطقه 3,مهندسی برق,دانشگاه علم و صنعت ایران - تهران
1394,زبان,1877,173,منطقه 3,پزشکی,دانشگاه علوم پزشکی مازندران - ساری (محل تحصیل ساری)
1394,زبان,1880,174,منطقه 3,پزشکی,دانشگاه علوم پزشکی کرمان
1394,زبان,1929,180,منطقه 3,پرستاری,دانشگاه علوم پزشکی شیراز
1394,زبان,1940,181,منطقه 3,پزشکی,دانشگاه علوم پزشکی بابل
1394,زبان,1946,182,منطقه 3,مهندسی کامپیوتر,دانشگاه تهران
1394,زبان,1974,41,ایثارگران,مهندسی کامپیوتر,دانشگاه صنعتی شریف - تهران
1394,زبان,1974,183,منطقه 3,روانشناسی,دانشگاه تبریز
1394,زبان,1986,184,منطقه 3,پزشکی,دانشگاه علوم پزشکی ایلام
1394,زبان,2027,188,منطقه 3,پزشکی,دانشگاه علوم پزشکی یاسوج
1394,زبان,2032,189,منطقه 3,پزشکی,دانشگاه علوم پزشکی ایران
1394,زبان,2038,191,منطقه 3,پزشکی,دانشگاه علوم پزشکی یاسوج
1394,زبان,2049,193,منطقه 3,مهندسی برق,دانشگاه صنعتی شریف - تهران
1394,زبان,2051,194,منطقه 3,فیزیوتراپی,دانشگاه علوم پزشکی شهیدبهشتی - تهران
1394,زبان,2051,194,منطقه 3,پزشکی,دانشگاه علوم پزشکی ایران
1394,زبان,2055,196,منطقه 3,داروسازی,دانشگاه علوم پزشکی تبریز
1394,زبان,2065,197,منطقه 3,پرستاری,دانشگاه علوم پزشکی تهران
1394,زبان,2100,201,منطقه 3,پزشکی,دانشگاه علوم پزشکی ارومیه
1394,زبان,2108,202,منطقه 3,مهندسی شیمی,دانشگاه صنعتی امیرکبیر - تهران
1394,زبان,2118,203,منطقه 3,داروسازی,دانشگاه علوم پزشکی مازندران - ساری
1394,زبان,2124,205,منطقه 3,پزشکی,دانشگاه علوم پزشکی همدان
1394,زبان,2171,208,منطقه 3,پزشکی,دانشگاه علوم پزشکی مشهد
1394,زبان,2187,209,منطقه 3,پرستاری,دانشگاه علوم پزشکی کرمان (محل تحصیل زرند)
1394,زبان,2198,211,منطقه 3,مهندسی برق,دانشگاه تربیت دبیر شهید رجایی - تهران (رشته های دارای تعهد به آموزش و پرورش)
1394,زبان,2201,212,منطقه 3,کارشناسی ارشد پیوسته علوم قضایی,دانشگاه علوم قضایی و خدمات ادارای دادگستری
1394,زبان,2205,213,منطقه 3,دندانپزشکی,دانشگاه علوم پزشکی جندی شاپور اهواز
1394,زبان,2243,214,منطقه 3,مهندسی شیمی,دانشگاه صنعتی شریف - تهران
1394,زبان,2272,219,منطقه 3,فیزیوتراپی,دانشگاه علوم پزشکی کرمان
1394,زبان,2272,219,منطقه 3,پزشکی,دانشگاه علوم پزشکی جیرفت
1394,زبان,2272,219,منطقه 3,پزشکی,دانشگاه علوم پزشکی رفسنجان
1394,زبان,2286,222,منطقه 3,فلسفه,دانشگاه تهران
1394,زبان,2295,46,ایثارگران,روانشناسی,دانشگاه تهران
1394,زبان,2300,223,منطقه 3,حقوق,دانشگاه تهران (محل تحصیل قم)
1394,زبان,2308,224,منطقه 3,پزشکی,دانشگاه علوم پزشکی تبریز
1394,زبان,2308,224,منطقه 3,پزشکی,دانشگاه علوم پزشکی کردستان - سنندج
1394,زبان,2313,226,منطقه 3,پزشکی,دانشگاه علوم پزشکی مشهد
1394,زبان,2321,227,منطقه 3,داروسازی,دانشگاه علوم پزشکی همدان
1394,زبان,2323,228,منطقه 3,مهندسی کامپیوتر,دانشگاه صنعتی اصفهان
1394,زبان,2323,228,منطقه 3,پزشکی,دانشگاه علوم پزشکی اردبیل
1394,زبان,2393,232,منطقه 3,کارشناسی تکنولوژی پرتوشناسی,دانشگاه علوم پزشکی مشهد
1394,زبان,2397,233,منطقه 3,داروسازی,دانشگاه علوم پزشکی تهران
1394,زبان,2408,234,منطقه 3,مهندسی کامپیوتر,دانشگاه صنعتی شریف - تهران
1394,زبان,2422,235,منطقه 3,پزشکی,دانشگاه علوم پزشکی مازندران - ساری
1394,زبان,2429,236,منطقه 3,پزشکی,دانشگاه علوم پزشکی مشهد
1394,زبان,2435,238,منطقه 3,حقوق,دانشگاه مازندران - بابلسر
1394,زبان,2439,239,منطقه 3,پزشکی,دانشگاه علوم پزشکی ایران
1394,زبان,2459,241,منطقه 3,زبان و ادبیات انگلیسی,دانشگاه علامه طباطبایی - تهران
1394,زبان,2468,244,منطقه 3,مهندسی کامپیوتر,دانشگاه محقق اردبیلی - اردبیل
1394,زبان,2477,245,منطقه 3,علوم آزمایشگاهی,دانشگاه علوم پزشکی گلستان - گرگان
1394,زبان,2479,246,منطقه 3,پزشکی,دانشگاه علوم پزشکی همدان
1394,زبان,2483,247,منطقه 3,پزشکی,دانشگاه علوم پزشکی تبریز
1394,زبان,2500,248,منطقه 3,زبان و ادبیات انگلیسی,دانشگاه الزهرا(س) - تهران
1394,زبان,2517,250,منطقه 3,ریاضیات و کاربردها,دانشگاه صنعتی شریف - تهران
1394,زبان,2543,253,منطقه 3,زبان و ادبیات انگلیسی,دانشگاه الزهرا(س) - تهران
1394,زبان,2548,254,منطقه 3,پزشکی,دانشگاه علوم پزشکی بیرجند
1394,زبان,2557,255,منطقه 3,دندانپزشکی,دانشگاه علوم پزشکی مشهد
1394,زبان,2561,257,منطقه 3,پزشکی,دانشگاه علوم پزشکی زنجان
1394,زبان,2573,258,منطقه 3,فیزیوتراپی,دانشگاه علوم پزشکی شهید بهشتی - تهران
1394,زبان,2583,259,منطقه 3,مهندسی کامپیوتر,دانشگاه صنعتی امیرکبیر - تهران
1394,زبان,2598,260,منطقه 3,پزشکی,دانشگاه علوم پزشکی بابل
1394,زبان,2634,263,منطقه 3,مهندسی عمران,دانشگاه تهران
1394,زبان,2661,264,منطقه 3,پزشکی,دانشگاه علوم پزشکی زاهدان
1394,زبان,2674,267,منطقه 3,پزشکی,دانشگاه علوم پزشکی کرمان
1394,زبان,2679,268,منطقه 3,مهندسی مکانیک,دانشگاه تبریز
1394,زبان,2684,269,منطقه 3,پزشکی,دانشگاه علوم پزشکی کردستان - سنندج
1394,زبان,2700,59,ایثارگران,مهندسی برق,دانشگاه صنعتی شریف - تهران
1394,زبان,2700,271,منطقه 3,پزشکی,دانشگاه علوم پزشکی مشهد
1394,زبان,2718,272,منطقه 3,پزشکی,دانشگاه علوم پزشکی کرمانشاه
1394,زبان,2724,273,منطقه 3,پزشکی,دانشگاه علوم پزشکی البرز - کرج
1394,زبان,2727,274,منطقه 3,دندانپزشکی,دانشگاه علوم پزشکی بیرجند
1394,زبان,2736,276,منطقه 3,مهندسی صنایع,دانشگاه صنعتی شریف - تهران
1394,زبان,2745,277,منطقه 3,دندانپزشکی,دانشگاه علوم پزشکی خراسان شمالی - بجنورد
1394,زبان,2777,281,منطقه 3,پزشکی,دانشگاه علوم پزشکی کرمانشاه
1394,زبان,2790,283,منطقه 3,پزشکی,دانشگاه علوم پزشکی خراسان شمالی - بجنورد
1394,زبان,2803,284,منطقه 3,دندانپزشکی,دانشگاه علوم پزشکی جندی شاپور اهواز
1394,زبان,2826,286,منطقه 3,دندانپزشکی,دانشگاه علوم پزشکی بیرجند
1394,زبان,2857,291,منطقه 3,داروسازی,دانشگاه علوم پزشکی تهران
1394,زبان,2857,291,منطقه 3,مهندسی مکانیک,دانشگاه صنعتی امیرکبیر - تهران
1394,زبان,2860,293,منطقه 3,علوم تغذیه,دانشگاه علوم پزشکی شهید بهشتی - تهران
1394,زبان,2868,294,منطقه 3,پزشکی,دانشگاه علوم پزشکی تبریز
1394,زبان,2880,296,منطقه 3,پزشکی,دانشگاه علوم پزشکی گلستان - گرگان
1394,زبان,2885,297,منطقه 3,زیست شناسی,دانشگاه تهران
1394,زبان,2904,298,منطقه 3,تربیت دبیر زبان انگلیسی,پردیس فاطمه الزهرا (س) - زنجان
1394,زبان,2904,298,منطقه 3,حقوق,دانشگاه شهید بهشتی - تهران
1394,زبان,2927,302,منطقه 3,مهندسی عمران,دانشگاه تبریز
1394,زبان,2939,304,منطقه 3,مهندسی کامپیوتر,دانشگاه صنعتی خواجه نصیرالدین طوسی - تهران
1394,زبان,2947,305,منطقه 3,مهندسی شیمی,دانشگاه ایلام
1394,زبان,2956,306,منطقه 3,پزشکی,دانشگاه علوم پزشکی کردستان - سنندج
1394,زبان,2961,307,منطقه 3,کاردرمانی,دانشگاه علوم پزشکی شهید بهشتی - تهران
1394,زبان,2973,309,منطقه 3,داروسازی,دانشگاه علوم پزشکی زنجان
1394,زبان,2973,309,منطقه 3,زبان و ادبیات انگلیسی,دانشگاه شیراز
1394,زبان,2973,309,منطقه 3,مهندسی پزشکی,دانشگاه صنعتی امیرکبیر - تهران
1394,زبان,3003,312,منطقه 3,پزشکی,دانشگاه علوم پزشکی البرز - کرج
1394,زبان,3024,315,منطقه 3,پرستاری,دانشگاه علوم پزشکی گلستان - گرگان
1394,زبان,3055,316,منطقه 3,مامایی,دانشگاه علوم پزشکی یزد
1394,زبان,3075,319,منطقه 3,پزشکی,دانشگاه علوم پزشکی شیراز
1394,زبان,3092,320,منطقه 3,مهندسی معماری,دانشگاه فردوسی - مشهد
1394,زبان,3092,320,منطقه 3,پزشکی,دانشگاه علوم پزشکی شاهرود
1394,زبان,3097,69,ایثارگران,مهندسی مکانیک,دانشگاه صنعتی شریف - تهران
1394,زبان,3117,322,منطقه 3,مهندسی برق,دانشگاه تهران
1394,زبان,3122,323,منطقه 3,پزشکی,دانشگاه علوم پزشکی بیرجند
1394,زبان,3147,324,منطقه 3,پزشکی,دانشگاه علوم پزشکی گیلان - رشت (محل تحصیل بندرانزلی)
1394,زبان,3156,327,منطقه 3,زیست شناسی سلولی مولکولی,دانشگاه تهران
1394,زبان,3167,329,منطقه 3,کارشناسی تکنولوژی پرتوشناسی,دانشگاه علوم پزشکی بیرجند
1394,زبان,3184,333,منطقه 3,دندانپزشکی,دانشگاه علوم پزشکی اردبیل
1394,زبان,3203,335,منطقه 3,مهندسی برق,دانشگاه تهران
1394,زبان,3203,335,منطقه 3,هوشبری,دانشگاه علوم پزشکی ایلام
1394,زبان,3210,337,منطقه 3,پزشکی,دانشگاه علوم پزشکی بم
1394,زبان,3218,339,منطقه 3,مهندسی مکانیک,دانشگاه فردوسی - مشهد
1394,زبان,3227,341,منطقه 3,فیزیوتراپی,دانشگاه علوم پزشکی زاهدان
1394,زبان,3240,342,منطقه 3,پزشکی,دانشگاه علوم پزشکی جندی شاپور اهواز
1394,زبان,3246,343,منطقه 3,علوم آزمایشگاهی,دانشگاه علوم پزشکی تبریز
1394,زبان,3258,345,منطقه 3,زبان و ادبیات انگلیسی,دانشگاه گیلان - رشت
1394,زبان,3270,346,منطقه 3,دندانپزشکی,دانشگاه علوم پزشکی بیرجند
1394,زبان,3277,348,منطقه 3,پزشکی,دانشکده علوم پزشکی آبادان
1394,زبان,3304,350,منطقه 3,پزشکی,دانشگاه علوم پزشکی کرمان
1394,زبان,3318,353,منطقه 3,پزشکی,دانشگاه علوم پزشکی مشهد
1394,زبان,3329,354,منطقه 3,روانشناسی,دانشگاه اصفهان
1394,زبان,3345,357,منطقه 3,زبان و ادبیات انگلیسی,دانشگاه شهید چمران اهواز
1394,زبان,3374,359,منطقه 3,پزشکی,دانشگاه علوم پزشکی شهیدبهشتی - تهران
1394,زبان,3400,364,منطقه 3,پزشکی,دانشگاه علوم پزشکی جندی شاپور اهواز
1394,زبان,3404,366,منطقه 3,پزشکی,دانشگاه علوم پزشکی گیلان - رشت (محل تحصیل بندرانزلی)
1394,زبان,3412,367,منطقه 3,پزشکی,دانشگاه علوم پزشکی مشهد
1394,زبان,3428,369,منطقه 3,تربیت دبیر زبان انگلیسی,پردیس شهید چمران - تهران
1394,زبان,3433,370,منطقه 3,مهندسی برق,دانشگاه تربیت دبیر شهید رجایی - تهران (رشته های دارای تعهد به آموزش و پرورش)
1394,زبان,3443,371,منطقه 3,پزشکی,دانشگاه علوم پزشکی مشهد
1394,زبان,3455,374,منطقه 3,داروسازی,دانشگاه علوم پزشکی جندی شاپور اهواز
1394,زبان,3455,374,منطقه 3,داروسازی,دانشگاه علوم پزشکی مشهد
1394,زبان,3462,376,منطقه 3,زبان و ادبیات انگلیسی,دانشگاه خوارزمی - تهران (محل تحصیل کرج)
1394,زبان,3496,378,منطقه 3,داروسازی,دانشگاه علوم پزشکی جندی شاپور اهواز
1394,زبان,3537,382,منطقه 3,مهندسی کامپیوتر,دانشگاه گلستان - گرگان
1394,زبان,3552,383,منطقه 3,علوم اقتصادی,دانشگاه تهران
1394,زبان,3565,82,ایثارگران,مهندسی برق,دانشگاه صنعتی شریف - تهران
1394,زبان,3573,385,منطقه 3,مهندسی برق,دانشگاه صنعتی شریف - تهران
1394,زبان,3581,388,منطقه 3,پزشکی,دانشگاه علوم پزشکی اردبیل
1394,زبان,3589,389,منطقه 3,مهندسی صنایع مبلمان,دانشگاه تربیت دبیر شهید رجایی - تهران (رشته های دارای تعهد به آموزش و پرورش)
1394,زبان,3600,390,منطقه 3,پزشکی,دانشگاه علوم پزشکی تبریز
1394,زبان,3613,392,منطقه 3,زبان و ادبیات انگلیسی,دانشگاه خوارزمی - تهران (محل تحصیل کرج)
1394,زبان,3627,394,منطقه 3,پزشکی,دانشگاه علوم پزشکی مازندران - ساری (محل تحصیل ساری)
1394,زبان,3627,394,منطقه 3,پزشکی,دانشگاه علوم پزشکی کردستان - سنندج
1394,زبان,3640,397,منطقه 3,کاردرمانی,دانشگاه علوم بهزیستی و توانبخشی تهران
1394,زبان,3680,401,منطقه 3,پزشکی,دانشگاه علوم پزشکی دزفول
1394,زبان,3689,402,منطقه 3,علوم تغذیه,دانشگاه علوم پزشکی کاشان
1394,زبان,3736,406,منطقه 3,علوم آزمایشگاهی,دانشگاه علوم پزشکی ایلام
1394,زبان,3741,407,منطقه 3,علوم تربیتی,پردیس خواجه نصیرالدین طوسی - کرمان
1394,زبان,3778,408,منطقه 3,مدیریت دولتی,دانشگاه پیام نور چهارمحال و بختیاری - واحد لردگان
1394,زبان,3783,410,منطقه 3,پزشکی,دانشگاه علوم پزشکی کرمان
1394,زبان,3787,411,منطقه 3,کارشناسی تکنولوژی پرتوشناسی,دانشگاه علوم پزشکی اصفهان
1394,زبان,3796,412,منطقه 3,حسابداری,دانشگاه پیام نور لرستان - واحد نورآباددلفان
1394,زبان,3798,413,منطقه 3,مترجمی زبان انگلیسی,دانشگاه بین المللی امام خمینی(ره) - قزوین
1394,زبان,3803,415,منطقه 3,داروسازی,دانشگاه علوم پزشکی مشهد
1394,زبان,3803,415,منطقه 3,دندانپزشکی,دانشگاه علوم پزشکی زاهدان
1394,زبان,3803,415,منطقه 3,علوم تربیتی,پردیس امام خمینی - گرگان
1394,زبان,3834,420,منطقه 3,مهندسی برق,دانشگاه صنعتی امیرکبیر - تهران
1394,زبان,3843,421,منطقه 3,پزشکی,دانشگاه علوم پزشکی بم
1394,زبان,3849,422,منطقه 3,پزشکی,دانشگاه علوم پزشکی یزد (محل تحصیل احمد آباد مشیر)
1394,زبان,3856,423,منطقه 3,روانشناسی,دانشگاه پیام نور آذربایجان غربی - واحد پیرانشهر
1394,زبان,3856,423,منطقه 3,فیزیوتراپی,دانشگاه علوم پزشکی کرمان
1394,زبان,3881,426,منطقه 3,کارشناسی تکنولوژی پرتوشناسی,دانشگاه علوم پزشکی کرمان
1394,زبان,3888,89,ایثارگران,مهندسی برق,دانشگاه صنعتی شریف - تهران
1394,زبان,3893,429,منطقه 3,حقوق,دانشگاه مازندران - بابلسر
1394,زبان,3909,432,منطقه 3,دندانپزشکی,دانشگاه علوم پزشکی همدان
1394,زبان,3909,432,منطقه 3,پرستاری,دانشگاه علوم پزشکی همدان
1394,زبان,3919,434,منطقه 3,پزشکی,دانشگاه علوم پزشکی بیرجند
1394,زبان,3937,436,منطقه 3,پزشکی,دانشگاه علوم پزشکی گلستان - گرگان
1394,زبان,3941,437,منطقه 3,دندانپزشکی,دانشگاه علوم پزشکی همدان
1394,زبان,3946,438,منطقه 3,داروسازی,دانشگاه علوم پزشکی بندرعباس
1394,زبان,3972,442,منطقه 3,پزشکی,دانشگاه علوم پزشکی تبریز
1394,زبان,3991,443,منطقه 3,زبان و ادبیات انگلیسی,دانشگاه گیلان - رشت
1394,زبان,3999,444,منطقه 3,پزشکی,دانشگاه علوم پزشکی بم
1394,زبان,4040,448,منطقه 3,فیزیک,دانشگاه صنعتی خواجه نصیرالدین طوسی - تهران
1394,زبان,4060,450,منطقه 3,پزشکی,دانشگاه علوم پزشکی گناباد
1394,زبان,4067,452,منطقه 3,بینایی سنجی,دانشگاه علوم پزشکی شهید بهشتی - تهران
1394,زبان,4085,454,منطقه 3,زبان و ادبیات انگلیسی,دانشگاه تبریز
1394,زبان,4085,454,منطقه 3,مهندسی شیمی,دانشگاه تهران
1394,زبان,4085,454,منطقه 3,مهندسی مکانیک,دانشگاه تربیت دبیر شهید رجایی - تهران (رشته های دارای تعهد به آموزش و پرورش)
1394,زبان,4085,454,منطقه 3,پزشکی,دانشگاه علوم پزشکی بوشهر
1394,زبان,4097,458,منطقه 3,مهندسی هوا فضا,دانشگاه صنعتی شریف - تهران
1394,زبان,4102,460,منطقه 3,پزشکی,دانشگاه علوم پزشکی دزفول
1394,زبان,4112,461,منطقه 3,پزشکی,دانشگاه علوم پزشکی همدان
1394,زبان,4127,462,منطقه 3,شنوایی شناسی,دانشگاه علوم پزشکی تهران
1394,زبان,4132,463,منطقه 3,علوم تربیتی,پردیس شهید باهنر - کرمان
1394,زبان,4142,464,منطقه 3,مهندسی صنایع,دانشگاه علم و صنعت ایران - تهران
1394,زبان,4149,465,منطقه 3,پزشکی,دانشگاه علوم پزشکی فسا
1394,زبان,4152,467,منطقه 3,زبان و ادبیات انگلیسی,دانشگاه فردوسی - مشهد
1394,زبان,4156,94,ایثارگران,حقوق,دانشگاه تهران
1394,زبان,4168,468,منطقه 3,ارتباط تصویری,دانشگاه هنر تهران
1394,زبان,4168,468,منطقه 3,مهندسی مکانیک,دانشگاه صنعتی امیرکبیر - تهران
1394,زبان,4182,470,منطقه 3,مهندسی مکانیک,دانشگاه شیراز
1394,زبان,4193,471,منطقه 3,داروسازی,دانشگاه علوم پزشکی شیراز
1394,زبان,4201,472,منطقه 3,پزشکی,دانشگاه علوم پزشکی گلستان - گرگان
1394,زبان,4208,473,منطقه 3,پزشکی,دانشگاه علوم پزشکی اردبیل
1394,زبان,4231,475,منطقه 3,پزشکی,دانشگاه علوم پزشکی شیراز
1394,زبان,4236,476,منطقه 3,آموزش زبان انگلیسی,دانشگاه تربیت دبیر شهید رجایی - تهران (رشته های آزاد)
1394,زبان,4256,477,منطقه 3,بینایی سنجی,دانشگاه علوم پزشکی شهید بهشتی - تهران
1394,زبان,4279,478,منطقه 3,مهندسی مکانیک,دانشگاه علم و صنعت ایران - تهران
1394,زبان,4285,480,منطقه 3,مهندسی عمران,دانشگاه شهید بهشتی - تهران
1394,زبان,4285,480,منطقه 3,پزشکی,دانشگاه علوم پزشکی شاهرود
1394,زبان,4310,484,منطقه 3,مهندسی برق,دانشگاه تربیت دبیر شهید رجایی - تهران (رشته های دارای تعهد به آموزش و پرورش)
1394,زبان,4316,485,منطقه 3,پرستاری,دانشگاه علوم پزشکی قزوین
1394,زبان,4327,486,منطقه 3,مترجمی زبان انگلیسی,دانشگاه اصفهان
1394,زبان,4327,486,منطقه 3,مهندسی شیمی,دانشگاه فردوسی - مشهد
1394,زبان,4333,488,منطقه 3,مهندسی شیمی,دانشگاه صنعتی شریف - تهران
1394,زبان,4341,489,منطقه 3,پزشکی,دانشگاه علوم پزشکی زنجان
1394,زبان,4341,489,منطقه 3,پزشکی,دانشگاه علوم پزشکی کردستان - سنندج
1394,زبان,4355,491,منطقه 3,پرستاری,دانشگاه علوم پزشکی گیلان - رشت
1394,زبان,4366,492,منطقه 3,زبان و ادبیات انگلیسی,دانشگاه اصفهان
1394,زبان,4366,492,منطقه 3,پرستاری,دانشگاه علوم پزشکی اصفهان
1394,زبان,4374,494,منطقه 3,پزشکی,دانشگاه علوم پزشکی کرمان
1394,زبان,4397,496,منطقه 3,مهندسی مکانیک,دانشگاه خلیج فارس - بوشهر
1394,زبان,4434,499,منطقه 3,پزشکی,دانشگاه علوم پزشکی سبزوار
1394,زبان,4440,500,منطقه 3,مهندسی هوا فضا,دانشگاه صنعتی امیرکبیر - تهران
1394,زبان,4440,500,منطقه 3,پزشکی,دانشگاه علوم پزشکی قزوین
1394,زبان,5534,111,ایثارگران,مهندسی برق,دانشگاه صنعتی شریف - تهران
1394,زبان,7197,148,ایثارگران,راهنمایی و مشاوره,پردیس امام سجاد - بیرجند
1394,زبان,15984,318,ایثارگران,ارتباط تصویری,دانشگاه هنر تهران

