سال,گروه آزمایشی,رتبه کشوری,رتبه در سهمیه,سهمیه,رشته قبولی,دانشگاه قبولی
1393,تجربی,1,1,منطقه 2,پزشکی,دانشگاه علوم پزشکی تهران
1393,تجربی,2,2,منطقه 2,پزشکی,دانشگاه علوم پزشکی تهران
1393,تجربی,3,1,منطقه 1,پزشکی,دانشگاه علوم پزشکی شیراز
1393,تجربی,4,3,منطقه 2,پزشکی,دانشگاه علوم پزشکی تهران
1393,تجربی,5,2,منطقه 1,پزشکی,دانشگاه علوم پزشکی اصفهان
1393,تجربی,6,4,منطقه 2,پزشکی,دانشگاه علوم پزشکی تهران
1393,تجربی,7,3,منطقه 1,پزشکی,دانشگاه علوم پزشکی تهران
1393,تجربی,8,5,منطقه 2,پزشکی,دانشگاه علوم پزشکی تهران
1393,تجربی,9,6,منطقه 2,پزشکی,دانشگاه علوم پزشکی تهران
1393,تجربی,10,7,منطقه 2,پزشکی,دانشگاه علوم پزشکی تهران
1393,تجربی,11,8,منطقه 2,پزشکی,دانشگاه علوم پزشکی تهران
1393,تجربی,12,1,منطقه 3,پزشکی,دانشگاه علوم پزشکی تهران
1393,تجربی,12,9,منطقه 2,پزشکی,دانشگاه علوم پزشکی تهران
1393,تجربی,14,4,منطقه 1,پزشکی,دانشگاه علوم پزشکی شیراز
1393,تجربی,15,10,منطقه 2,پزشکی,دانشگاه علوم پزشکی تهران
1393,تجربی,16,5,منطقه 1,پزشکی,دانشگاه علوم پزشکی تهران
1393,تجربی,17,11,منطقه 2,پزشکی,دانشگاه علوم پزشکی تهران
1393,تجربی,18,12,منطقه 2,پزشکی,دانشگاه علوم پزشکی تهران
1393,تجربی,19,6,منطقه 1,پزشکی,دانشگاه علوم پزشکی تهران
1393,تجربی,20,13,منطقه 2,پزشکی,دانشگاه علوم پزشکی تهران
1393,تجربی,21,7,منطقه 1,پزشکی,دانشگاه علوم پزشکی مشهد
1393,تجربی,22,14,منطقه 2,پزشکی,دانشگاه علوم پزشکی تهران
1393,تجربی,23,15,منطقه 2,پزشکی,دانشگاه علوم پزشکی تهران
1393,تجربی,25,8,منطقه 1,پزشکی,دانشگاه علوم پزشکی اصفهان
1393,تجربی,26,9,منطقه 1,دندانپزشکی,دانشگاه علوم پزشکی شهید بهشتی - تهران
1393,تجربی,27,10,منطقه 1,دندانپزشکی,دانشگاه علوم پزشکی شهید بهشتی - تهران
1393,تجربی,28,11,منطقه 1,پزشکی,دانشگاه علوم پزشکی تهران
1393,تجربی,30,2,منطقه 3,پزشکی,دانشگاه علوم پزشکی تهران
1393,تجربی,30,12,منطقه 1,پزشکی,دانشگاه علوم پزشکی تهران
1393,تجربی,32,13,منطقه 1,پزشکی,دانشگاه علوم پزشکی تهران
1393,تجربی,34,15,منطقه 1,پزشکی,دانشگاه علوم پزشکی تهران
1393,تجربی,35,16,منطقه 1,پزشکی,دانشگاه علوم پزشکی اصفهان
1393,تجربی,36,17,منطقه 1,پزشکی,دانشگاه علوم پزشکی شیراز
1393,تجربی,37,18,منطقه 2,پزشکی,دانشگاه علوم پزشکی تهران
1393,تجربی,38,19,منطقه 2,پزشکی,دانشگاه علوم پزشکی تهران
1393,تجربی,40,21,منطقه 2,پزشکی,دانشگاه علوم پزشکی تهران
1393,تجربی,41,22,منطقه 2,پزشکی,دانشگاه علوم پزشکی تهران
1393,تجربی,42,23,منطقه 2,پزشکی,دانشگاه علوم پزشکی تهران
1393,تجربی,44,25,منطقه 2,پزشکی,دانشگاه علوم پزشکی تهران
1393,تجربی,45,26,منطقه 2,پزشکی,دانشگاه علوم پزشکی تهران
1393,تجربی,46,18,منطقه 1,پزشکی,دانشگاه علوم پزشکی تهران
1393,تجربی,47,3,منطقه 3,پزشکی,دانشگاه علوم پزشکی تهران
1393,تجربی,48,1,ایثارگران,پزشکی,دانشگاه علوم پزشکی تهران
1393,تجربی,49,27,منطقه 2,پزشکی,دانشگاه علوم پزشکی تهران
1393,تجربی,51,20,منطقه 1,پزشکی,دانشگاه علوم پزشکی تهران
1393,تجربی,52,28,منطقه 2,دندانپزشکی,دانشگاه علوم پزشکی شهید بهشتی - تهران
1393,تجربی,53,21,منطقه 1,پزشکی,دانشگاه علوم پزشکی تهران
1393,تجربی,54,22,منطقه 1,پزشکی,دانشگاه علوم پزشکی شیراز
1393,تجربی,55,23,منطقه 1,پزشکی,دانشگاه علوم پزشکی تهران
1393,تجربی,56,29,منطقه 2,پزشکی,دانشگاه علوم پزشکی تهران
1393,تجربی,58,2,ایثارگران,پزشکی,دانشگاه علوم پزشکی تهران
1393,تجربی,59,25,منطقه 1,پزشکی,دانشگاه علوم پزشکی شیراز
1393,تجربی,60,30,منطقه 2,پزشکی,دانشگاه علوم پزشکی تهران
1393,تجربی,61,26,منطقه 1,پزشکی,دانشگاه علوم پزشکی تهران
1393,تجربی,61,31,منطقه 2,پزشکی,دانشگاه علوم پزشکی تهران
1393,تجربی,63,27,منطقه 1,پزشکی,دانشگاه علوم پزشکی تهران
1393,تجربی,66,34,منطقه 2,پزشکی,دانشگاه علوم پزشکی تهران
1393,تجربی,67,35,منطقه 2,پزشکی,دانشگاه علوم پزشکی تهران
1393,تجربی,68,4,منطقه 3,پزشکی,دانشگاه علوم پزشکی تهران
1393,تجربی,69,36,منطقه 2,پزشکی,دانشگاه علوم پزشکی شهید بهشتی - تهران
1393,تجربی,70,37,منطقه 2,دندانپزشکی,دانشگاه علوم پزشکی تهران
1393,تجربی,72,29,منطقه 1,دندانپزشکی,دانشگاه علوم پزشکی شهید بهشتی - تهران
1393,تجربی,73,30,منطقه 1,پزشکی,دانشگاه علوم پزشکی شیراز
1393,تجربی,73,38,منطقه 2,پزشکی,دانشگاه علوم پزشکی تهران
1393,تجربی,75,31,منطقه 1,دندانپزشکی,دانشگاه علوم پزشکی شهید بهشتی - تهران
1393,تجربی,76,32,منطقه 1,دندانپزشکی,دانشگاه علوم پزشکی مشهد
1393,تجربی,79,35,منطقه 1,پزشکی,دانشگاه علوم پزشکی شهید بهشتی - تهران
1393,تجربی,80,5,منطقه 3,پزشکی,دانشگاه علوم پزشکی تهران
1393,تجربی,81,39,منطقه 2,پزشکی,دانشگاه علوم پزشکی تهران
1393,تجربی,82,40,منطقه 2,پزشکی,دانشگاه علوم پزشکی تهران
1393,تجربی,84,36,منطقه 1,پزشکی,دانشگاه علوم پزشکی تهران
1393,تجربی,84,41,منطقه 2,پزشکی,دانشگاه علوم پزشکی تهران
1393,تجربی,84,41,منطقه 2,پزشکی,دانشگاه علوم پزشکی شهید بهشتی - تهران
1393,تجربی,86,37,منطقه 1,پزشکی,دانشگاه علوم پزشکی شیراز
1393,تجربی,87,38,منطقه 1,پزشکی,دانشگاه علوم پزشکی شهید بهشتی - تهران
1393,تجربی,88,43,منطقه 2,پزشکی,دانشگاه علوم پزشکی تهران
1393,تجربی,89,44,منطقه 2,پزشکی,دانشگاه علوم پزشکی شهید بهشتی - تهران
1393,تجربی,90,45,منطقه 2,پزشکی,دانشگاه علوم پزشکی ایران
1393,تجربی,90,45,منطقه 2,پزشکی,دانشگاه علوم پزشکی تهران
1393,تجربی,92,39,منطقه 1,پزشکی,دانشگاه علوم پزشکی مشهد
1393,تجربی,93,47,منطقه 2,پزشکی,دانشگاه علوم پزشکی شهید بهشتی - تهران
1393,تجربی,94,48,منطقه 2,پزشکی,دانشگاه علوم پزشکی شهید بهشتی - تهران
1393,تجربی,95,6,منطقه 3,پزشکی,دانشگاه علوم پزشکی شهید بهشتی - تهران
1393,تجربی,96,49,منطقه 2,پزشکی,دانشگاه علوم پزشکی شهید بهشتی - تهران
1393,تجربی,97,50,منطقه 2,پزشکی,دانشگاه علوم پزشکی تهران
1393,تجربی,98,51,منطقه 2,پزشکی,دانشگاه علوم پزشکی شهید بهشتی - تهران
1393,تجربی,99,52,منطقه 2,دندانپزشکی,دانشگاه علوم پزشکی شهید بهشتی - تهران
1393,تجربی,101,53,منطقه 2,پزشکی,دانشگاه علوم پزشکی شهید بهشتی - تهران
1393,تجربی,102,41,منطقه 1,پزشکی,دانشگاه علوم پزشکی اصفهان
1393,تجربی,104,54,منطقه 2,پزشکی,دانشگاه علوم پزشکی شهید بهشتی - تهران
1393,تجربی,105,55,منطقه 2,پزشکی,دانشگاه علوم پزشکی شهید بهشتی - تهران
1393,تجربی,106,43,منطقه 1,پزشکی,دانشگاه علوم پزشکی تبریز
1393,تجربی,107,44,منطقه 1,پزشکی,دانشگاه علوم پزشکی اصفهان
1393,تجربی,108,56,منطقه 2,پزشکی,دانشگاه علوم پزشکی شهید بهشتی - تهران
1393,تجربی,109,57,منطقه 2,پزشکی,دانشگاه علوم پزشکی شهید بهشتی - تهران
1393,تجربی,111,45,منطقه 1,پزشکی,دانشگاه علوم پزشکی تهران
1393,تجربی,112,46,منطقه 1,دندانپزشکی,دانشگاه علوم پزشکی تهران
1393,تجربی,112,59,منطقه 2,پزشکی,دانشگاه علوم پزشکی شهید بهشتی - تهران
1393,تجربی,114,60,منطقه 2,پزشکی,دانشگاه علوم پزشکی شهید بهشتی - تهران
1393,تجربی,115,61,منطقه 2,دندانپزشکی,دانشگاه علوم پزشکی تهران
1393,تجربی,116,62,منطقه 2,دندانپزشکی,دانشگاه علوم پزشکی شیراز
1393,تجربی,117,63,منطقه 2,پزشکی,دانشگاه علوم پزشکی شهید بهشتی - تهران
1393,تجربی,119,47,منطقه 1,پزشکی,دانشگاه علوم پزشکی تهران
1393,تجربی,120,48,منطقه 1,پزشکی,دانشگاه علوم پزشکی شهید بهشتی - تهران
1393,تجربی,121,65,منطقه 2,پزشکی,دانشگاه علوم پزشکی شهید بهشتی - تهران
1393,تجربی,122,49,منطقه 1,پزشکی,دانشگاه علوم پزشکی شهید بهشتی - تهران
1393,تجربی,123,66,منطقه 2,دندانپزشکی,دانشگاه علوم پزشکی شهید بهشتی - تهران
1393,تجربی,124,50,منطقه 1,پزشکی,دانشگاه علوم پزشکی شهید بهشتی - تهران
1393,تجربی,125,67,منطقه 2,پزشکی,دانشگاه علوم پزشکی شهید بهشتی - تهران
1393,تجربی,127,52,منطقه 1,پزشکی,دانشگاه علوم پزشکی شهید بهشتی - تهران
1393,تجربی,128,68,منطقه 2,پزشکی,دانشگاه علوم پزشکی شهید بهشتی - تهران
1393,تجربی,129,69,منطقه 2,پزشکی,دانشگاه علوم پزشکی تهران
1393,تجربی,130,53,منطقه 1,پزشکی,دانشگاه علوم پزشکی شیراز
1393,تجربی,131,54,منطقه 1,پزشکی,دانشگاه علوم پزشکی شهید بهشتی - تهران
1393,تجربی,133,7,منطقه 3,پزشکی,دانشگاه علوم پزشکی ایران
1393,تجربی,134,70,منطقه 2,پزشکی,دانشگاه علوم پزشکی شهید بهشتی - تهران
1393,تجربی,135,56,منطقه 1,پزشکی,دانشگاه علوم پزشکی تبریز
1393,تجربی,136,8,منطقه 3,پزشکی,دانشگاه علوم پزشکی شهید بهشتی - تهران
1393,تجربی,137,71,منطقه 2,پزشکی,دانشگاه علوم پزشکی تهران
1393,تجربی,138,57,منطقه 1,پزشکی,دانشگاه علوم پزشکی اصفهان
1393,تجربی,138,72,منطقه 2,پزشکی,دانشگاه علوم پزشکی شهید بهشتی - تهران
1393,تجربی,141,73,منطقه 2,پزشکی,دانشگاه علوم پزشکی شهید بهشتی - تهران
1393,تجربی,142,74,منطقه 2,پزشکی,دانشگاه علوم پزشکی شهید بهشتی - تهران
1393,تجربی,143,75,منطقه 2,دندانپزشکی,دانشگاه علوم پزشکی تهران
1393,تجربی,144,58,منطقه 1,پزشکی,دانشگاه علوم پزشکی اصفهان
1393,تجربی,144,58,منطقه 1,پزشکی,دانشگاه علوم پزشکی شهید بهشتی - تهران
1393,تجربی,146,60,منطقه 1,پزشکی,دانشگاه علوم پزشکی شهید بهشتی - تهران
1393,تجربی,148,10,منطقه 3,پزشکی,دانشگاه علوم پزشکی مشهد
1393,تجربی,148,76,منطقه 2,پزشکی,دانشگاه علوم پزشکی شهید بهشتی - تهران
1393,تجربی,150,62,منطقه 1,پزشکی,دانشگاه علوم پزشکی تبریز
1393,تجربی,151,77,منطقه 2,پزشکی,دانشگاه علوم پزشکی شهید بهشتی - تهران
1393,تجربی,153,78,منطقه 2,پزشکی,دانشگاه علوم پزشکی شهید بهشتی - تهران
1393,تجربی,155,64,منطقه 1,دندانپزشکی,دانشگاه علوم پزشکی تهران
1393,تجربی,155,80,منطقه 2,پزشکی,دانشگاه علوم پزشکی شهید بهشتی - تهران
1393,تجربی,157,81,منطقه 2,پزشکی,دانشگاه علوم پزشکی شهید بهشتی - تهران
1393,تجربی,159,82,منطقه 2,پزشکی,دانشگاه علوم پزشکی تهران
1393,تجربی,161,84,منطقه 2,پزشکی,دانشگاه علوم پزشکی شهید بهشتی - تهران
1393,تجربی,163,66,منطقه 1,دندانپزشکی,دانشگاه علوم پزشکی تبریز
1393,تجربی,164,11,منطقه 3,پزشکی,دانشگاه علوم پزشکی شهید بهشتی - تهران
1393,تجربی,167,86,منطقه 2,دندانپزشکی,دانشگاه علوم پزشکی تهران
1393,تجربی,168,87,منطقه 2,دندانپزشکی,دانشگاه علوم پزشکی تهران
1393,تجربی,168,87,منطقه 2,پزشکی,دانشگاه علوم پزشکی شهید بهشتی - تهران
1393,تجربی,170,68,منطقه 1,پزشکی,دانشگاه علوم پزشکی اصفهان
1393,تجربی,171,13,منطقه 3,دندانپزشکی,دانشگاه علوم پزشکی تهران
1393,تجربی,172,89,منطقه 2,پزشکی,دانشگاه علوم پزشکی شهید بهشتی - تهران
1393,تجربی,173,90,منطقه 2,پزشکی,دانشگاه علوم پزشکی ایران
1393,تجربی,174,69,منطقه 1,دندانپزشکی,دانشگاه علوم پزشکی شهید بهشتی - تهران
1393,تجربی,174,69,منطقه 1,پزشکی,دانشگاه علوم پزشکی شیراز
1393,تجربی,176,91,منطقه 2,پزشکی,دانشگاه علوم پزشکی تهران
1393,تجربی,177,71,منطقه 1,دندانپزشکی,دانشگاه علوم پزشکی مشهد
1393,تجربی,178,92,منطقه 2,پزشکی,دانشگاه علوم پزشکی شهید بهشتی - تهران
1393,تجربی,179,72,منطقه 1,پزشکی,دانشگاه علوم پزشکی مشهد
1393,تجربی,181,74,منطقه 1,پزشکی,دانشگاه علوم پزشکی شهید بهشتی - تهران
1393,تجربی,182,75,منطقه 1,پزشکی,دانشگاه علوم پزشکی ایران
1393,تجربی,183,93,منطقه 2,پزشکی,دانشگاه علوم پزشکی تهران
1393,تجربی,184,14,منطقه 3,پزشکی,دانشگاه علوم پزشکی شهید بهشتی - تهران
1393,تجربی,185,3,ایثارگران,دندانپزشکی,دانشگاه علوم پزشکی شهید بهشتی - تهران
1393,تجربی,186,94,منطقه 2,پزشکی,دانشگاه علوم پزشکی ایران
1393,تجربی,187,76,منطقه 1,پزشکی,دانشگاه علوم پزشکی شیراز
1393,تجربی,188,15,منطقه 3,پزشکی,دانشگاه علوم پزشکی ایران
1393,تجربی,190,78,منطقه 1,دندانپزشکی,دانشگاه علوم پزشکی تبریز
1393,تجربی,190,95,منطقه 2,پزشکی,دانشگاه علوم پزشکی شیراز
1393,تجربی,192,79,منطقه 1,پزشکی,دانشگاه علوم پزشکی شهید بهشتی - تهران
1393,تجربی,194,96,منطقه 2,پزشکی,دانشگاه علوم پزشکی تهران
1393,تجربی,194,96,منطقه 2,پزشکی,دانشگاه علوم پزشکی شهید بهشتی - تهران
1393,تجربی,196,80,منطقه 1,پزشکی,دانشگاه علوم پزشکی شهید بهشتی - تهران
1393,تجربی,197,98,منطقه 2,پزشکی,دانشگاه علوم پزشکی تهران
1393,تجربی,198,99,منطقه 2,پزشکی,دانشگاه علوم پزشکی شهید بهشتی - تهران
1393,تجربی,200,81,منطقه 1,دندانپزشکی,دانشگاه علوم پزشکی شیراز
1393,تجربی,201,101,منطقه 2,دندانپزشکی,دانشگاه علوم پزشکی تهران
1393,تجربی,202,17,منطقه 3,پزشکی,دانشگاه علوم پزشکی شهید بهشتی - تهران
1393,تجربی,203,102,منطقه 2,دندانپزشکی,دانشگاه علوم پزشکی تهران
1393,تجربی,204,103,منطقه 2,پزشکی,دانشگاه علوم پزشکی شهید بهشتی - تهران
1393,تجربی,206,82,منطقه 1,پزشکی,دانشگاه علوم پزشکی شهید بهشتی - تهران
1393,تجربی,206,104,منطقه 2,پزشکی,دانشگاه علوم پزشکی ایران
1393,تجربی,206,104,منطقه 2,پزشکی,دانشگاه علوم پزشکی تهران
1393,تجربی,208,106,منطقه 2,پزشکی,دانشگاه علوم پزشکی شهید بهشتی - تهران
1393,تجربی,209,18,منطقه 3,پزشکی,دانشگاه علوم پزشکی شهید بهشتی - تهران
1393,تجربی,210,83,منطقه 1,پزشکی,دانشگاه علوم پزشکی شیراز
1393,تجربی,210,107,منطقه 2,داروسازی,دانشگاه علوم پزشکی گیلان - رشت
1393,تجربی,213,84,منطقه 1,پزشکی,دانشگاه علوم پزشکی شهید بهشتی - تهران
1393,تجربی,215,86,منطقه 1,پزشکی,دانشگاه علوم پزشکی ایران
1393,تجربی,216,20,منطقه 3,پزشکی,دانشگاه علوم پزشکی شیراز
1393,تجربی,217,87,منطقه 1,پزشکی,دانشگاه علوم پزشکی مشهد
1393,تجربی,218,88,منطقه 1,پزشکی,دانشگاه علوم پزشکی مشهد
1393,تجربی,219,108,منطقه 2,پزشکی,دانشگاه علوم پزشکی ایران
1393,تجربی,220,89,منطقه 1,پزشکی,دانشگاه علوم پزشکی شیراز
1393,تجربی,221,90,منطقه 1,پزشکی,دانشگاه علوم پزشکی تبریز
1393,تجربی,222,109,منطقه 2,پزشکی,دانشگاه علوم پزشکی بابل
1393,تجربی,223,110,منطقه 2,پزشکی,دانشگاه علوم پزشکی شهید بهشتی - تهران
1393,تجربی,224,111,منطقه 2,پزشکی,دانشگاه علوم پزشکی مشهد
1393,تجربی,225,112,منطقه 2,پزشکی,دانشگاه علوم پزشکی ایران
1393,تجربی,226,113,منطقه 2,پزشکی,دانشگاه علوم پزشکی شهید بهشتی - تهران
1393,تجربی,227,91,منطقه 1,دندانپزشکی,دانشگاه علوم پزشکی شهید بهشتی - تهران
1393,تجربی,228,114,منطقه 2,پزشکی,دانشگاه علوم پزشکی شهید بهشتی - تهران
1393,تجربی,229,92,منطقه 1,پزشکی,دانشگاه علوم پزشکی شیراز
1393,تجربی,230,115,منطقه 2,پزشکی,دانشگاه علوم پزشکی شهید بهشتی - تهران
1393,تجربی,232,94,منطقه 1,دندانپزشکی,دانشگاه علوم پزشکی شهید بهشتی - تهران
1393,تجربی,234,116,منطقه 2,دندانپزشکی,دانشگاه علوم پزشکی تهران
1393,تجربی,236,117,منطقه 2,پزشکی,دانشگاه علوم پزشکی شهید بهشتی - تهران
1393,تجربی,238,119,منطقه 2,پزشکی,دانشگاه علوم پزشکی اصفهان
1393,تجربی,240,4,ایثارگران,پزشکی,دانشگاه علوم پزشکی اصفهان
1393,تجربی,240,21,منطقه 3,پزشکی,دانشگاه علوم پزشکی شهید بهشتی - تهران
1393,تجربی,240,120,منطقه 2,پزشکی,دانشگاه علوم پزشکی شهید بهشتی - تهران
1393,تجربی,243,97,منطقه 1,دندانپزشکی,دانشگاه علوم پزشکی تبریز
1393,تجربی,243,97,منطقه 1,دندانپزشکی,دانشگاه علوم پزشکی شهید بهشتی - تهران
1393,تجربی,243,121,منطقه 2,دندانپزشکی,دانشگاه علوم پزشکی تهران
1393,تجربی,245,122,منطقه 2,پزشکی,دانشگاه علوم پزشکی شیراز
1393,تجربی,246,123,منطقه 2,پزشکی,دانشگاه علوم پزشکی شهید بهشتی - تهران
1393,تجربی,250,125,منطقه 2,پزشکی,دانشگاه علوم پزشکی شهید بهشتی - تهران
1393,تجربی,251,101,منطقه 1,پزشکی,دانشگاه علوم پزشکی اصفهان
1393,تجربی,252,22,منطقه 3,پزشکی,دانشگاه علوم پزشکی شهید بهشتی - تهران
1393,تجربی,253,126,منطقه 2,پزشکی,دانشگاه علوم پزشکی شهید بهشتی - تهران
1393,تجربی,254,127,منطقه 2,پزشکی,دانشگاه علوم پزشکی شهید بهشتی - تهران
1393,تجربی,255,102,منطقه 1,دندانپزشکی,دانشگاه علوم پزشکی تهران
1393,تجربی,257,103,منطقه 1,دندانپزشکی,دانشگاه علوم پزشکی شیراز
1393,تجربی,258,129,منطقه 2,پزشکی,دانشگاه علوم پزشکی شهید بهشتی - تهران
1393,تجربی,259,104,منطقه 1,پزشکی,دانشگاه علوم پزشکی شیراز
1393,تجربی,260,105,منطقه 1,پزشکی,دانشگاه علوم پزشکی مشهد
1393,تجربی,261,106,منطقه 1,دندانپزشکی,دانشگاه علوم پزشکی شیراز
1393,تجربی,263,108,منطقه 1,پزشکی,دانشگاه علوم پزشکی تبریز
1393,تجربی,265,109,منطقه 1,دندانپزشکی,دانشگاه علوم پزشکی تهران
1393,تجربی,265,130,منطقه 2,پزشکی,دانشگاه علوم پزشکی شهید بهشتی - تهران
1393,تجربی,268,132,منطقه 2,پزشکی,دانشگاه علوم پزشکی شهید بهشتی - تهران
1393,تجربی,269,111,منطقه 1,دندانپزشکی,دانشگاه علوم پزشکی تهران
1393,تجربی,269,133,منطقه 2,پزشکی,دانشگاه علوم پزشکی همدان
1393,تجربی,271,134,منطقه 2,پزشکی,دانشگاه علوم پزشکی ایران
1393,تجربی,272,23,منطقه 3,دندانپزشکی,دانشگاه علوم پزشکی تهران
1393,تجربی,274,112,منطقه 1,پزشکی,دانشگاه علوم پزشکی ایران
1393,تجربی,275,136,منطقه 2,دندانپزشکی,دانشگاه علوم پزشکی یزد
1393,تجربی,276,137,منطقه 2,پزشکی,دانشگاه علوم پزشکی تهران
1393,تجربی,277,113,منطقه 1,پزشکی,دانشگاه علوم پزشکی شهید بهشتی - تهران
1393,تجربی,278,138,منطقه 2,دندانپزشکی,دانشگاه علوم پزشکی تهران
1393,تجربی,278,138,منطقه 2,پزشکی,دانشگاه علوم پزشکی ایران
1393,تجربی,281,140,منطقه 2,پزشکی,دانشگاه علوم پزشکی ایران
1393,تجربی,283,24,منطقه 3,پزشکی,دانشگاه علوم پزشکی ایران
1393,تجربی,284,141,منطقه 2,پزشکی,دانشگاه علوم پزشکی ایران
1393,تجربی,285,1,خانواده شهدا,پزشکی,دانشگاه علوم پزشکی شیراز
1393,تجربی,285,116,منطقه 1,پزشکی,دانشگاه علوم پزشکی اصفهان
1393,تجربی,287,142,منطقه 2,دندانپزشکی,دانشگاه علوم پزشکی شهید بهشتی - تهران
1393,تجربی,289,144,منطقه 2,پزشکی,دانشگاه علوم پزشکی ایران
1393,تجربی,290,25,منطقه 3,پزشکی,دانشگاه علوم پزشکی ایران
1393,تجربی,290,117,منطقه 1,دندانپزشکی,دانشگاه علوم پزشکی شهید بهشتی - تهران
1393,تجربی,292,118,منطقه 1,دندانپزشکی,دانشگاه علوم پزشکی تهران
1393,تجربی,295,119,منطقه 1,پزشکی,دانشگاه علوم پزشکی شیراز
1393,تجربی,295,145,منطقه 2,دندانپزشکی,دانشگاه علوم پزشکی تهران
1393,تجربی,295,145,منطقه 2,پزشکی,دانشگاه علوم پزشکی ایران
1393,تجربی,297,120,منطقه 1,پزشکی,دانشگاه علوم پزشکی شیراز
1393,تجربی,298,121,منطقه 1,پزشکی,دانشگاه علوم پزشکی تبریز
1393,تجربی,300,122,منطقه 1,پزشکی,دانشگاه علوم پزشکی شهید بهشتی - تهران
1393,تجربی,300,147,منطقه 2,پزشکی,دانشگاه علوم پزشکی ایران
1393,تجربی,302,148,منطقه 2,پزشکی,دانشگاه علوم پزشکی تهران
1393,تجربی,303,27,منطقه 3,پزشکی,دانشگاه علوم پزشکی ایران
1393,تجربی,303,124,منطقه 1,پزشکی,دانشگاه علوم پزشکی شیراز
1393,تجربی,305,125,منطقه 1,پزشکی,دانشگاه علوم پزشکی شیراز
1393,تجربی,305,149,منطقه 2,پزشکی,دانشگاه علوم پزشکی ایران
1393,تجربی,307,150,منطقه 2,پزشکی,دانشگاه علوم پزشکی ایران
1393,تجربی,308,151,منطقه 2,دندانپزشکی,دانشگاه علوم پزشکی تهران
1393,تجربی,309,126,منطقه 1,پزشکی,دانشگاه علوم پزشکی شهید بهشتی - تهران
1393,تجربی,309,152,منطقه 2,پزشکی,دانشگاه علوم پزشکی ایران
1393,تجربی,312,28,منطقه 3,پزشکی,دانشگاه علوم پزشکی تهران
1393,تجربی,313,153,منطقه 2,پزشکی,دانشگاه علوم پزشکی ایران
1393,تجربی,314,29,منطقه 3,پزشکی,دانشگاه علوم پزشکی تهران
1393,تجربی,315,128,منطقه 1,دندانپزشکی,دانشگاه علوم پزشکی تبریز
1393,تجربی,317,154,منطقه 2,دندانپزشکی,دانشگاه علوم پزشکی تهران
1393,تجربی,318,155,منطقه 2,پزشکی,دانشگاه علوم پزشکی فسا
1393,تجربی,319,156,منطقه 2,پزشکی,دانشگاه علوم پزشکی ایران
1393,تجربی,320,157,منطقه 2,پزشکی,دانشگاه علوم پزشکی ایران
1393,تجربی,321,129,منطقه 1,پزشکی,دانشگاه علوم پزشکی شیراز
1393,تجربی,321,158,منطقه 2,پزشکی,دانشگاه علوم پزشکی ایران
1393,تجربی,323,159,منطقه 2,پزشکی,دانشگاه علوم پزشکی شهید بهشتی - تهران
1393,تجربی,324,130,منطقه 1,دندانپزشکی,دانشگاه علوم پزشکی تهران
1393,تجربی,325,131,منطقه 1,دندانپزشکی,دانشگاه علوم پزشکی شیراز
1393,تجربی,325,160,منطقه 2,دندانپزشکی,دانشگاه علوم پزشکی تهران
1393,تجربی,327,132,منطقه 1,پزشکی,دانشگاه علوم پزشکی اصفهان
1393,تجربی,328,31,منطقه 3,پزشکی,دانشگاه علوم پزشکی ایران
1393,تجربی,329,161,منطقه 2,پزشکی,دانشگاه علوم پزشکی گیلان - رشت
1393,تجربی,330,162,منطقه 2,پزشکی,دانشگاه علوم پزشکی ایران
1393,تجربی,331,163,منطقه 2,دندانپزشکی,دانشگاه علوم پزشکی شهید بهشتی - تهران
1393,تجربی,332,164,منطقه 2,پزشکی,دانشگاه علوم پزشکی ایران
1393,تجربی,334,32,منطقه 3,پزشکی,دانشگاه علوم پزشکی ایران
1393,تجربی,334,165,منطقه 2,دندانپزشکی,دانشگاه علوم پزشکی تهران
1393,تجربی,334,165,منطقه 2,پزشکی,دانشگاه علوم پزشکی ایران
1393,تجربی,336,133,منطقه 1,داروسازی,دانشگاه علوم پزشکی تهران
1393,تجربی,338,167,منطقه 2,پزشکی,دانشگاه علوم پزشکی اصفهان
1393,تجربی,338,167,منطقه 2,پزشکی,دانشگاه علوم پزشکی گیلان - رشت
1393,تجربی,340,135,منطقه 1,پزشکی,دانشگاه علوم پزشکی ایران
1393,تجربی,341,33,منطقه 3,پزشکی,دانشگاه علوم پزشکی ایران
1393,تجربی,341,169,منطقه 2,پزشکی,دانشگاه علوم پزشکی ایران
1393,تجربی,343,170,منطقه 2,پزشکی,دانشگاه علوم پزشکی یزد
1393,تجربی,344,171,منطقه 2,دندانپزشکی,دانشگاه علوم پزشکی تهران
1393,تجربی,344,171,منطقه 2,پزشکی,دانشگاه علوم پزشکی تبریز
1393,تجربی,346,173,منطقه 2,پزشکی,دانشگاه علوم پزشکی ایران
1393,تجربی,347,34,منطقه 3,پزشکی,دانشگاه علوم پزشکی تهران
1393,تجربی,351,175,منطقه 2,پزشکی,دانشگاه علوم پزشکی شیراز
1393,تجربی,353,35,منطقه 3,دندانپزشکی,دانشگاه علوم پزشکی مشهد
1393,تجربی,353,176,منطقه 2,پزشکی,دانشگاه علوم پزشکی ایران
1393,تجربی,356,140,منطقه 1,پزشکی,دانشگاه علوم پزشکی شیراز
1393,تجربی,359,177,منطقه 2,پزشکی,دانشگاه علوم پزشکی گیلان - رشت
1393,تجربی,361,143,منطقه 1,پزشکی,دانشگاه علوم پزشکی شیراز
1393,تجربی,362,179,منطقه 2,پزشکی,دانشگاه علوم پزشکی ایران
1393,تجربی,364,144,منطقه 1,پزشکی,دانشگاه علوم پزشکی اصفهان
1393,تجربی,364,180,منطقه 2,پزشکی,دانشگاه علوم پزشکی ایران
1393,تجربی,366,145,منطقه 1,پزشکی,دانشگاه علوم پزشکی ایران
1393,تجربی,368,36,منطقه 3,پزشکی,دانشگاه علوم پزشکی ایران
1393,تجربی,369,147,منطقه 1,پزشکی,دانشگاه علوم پزشکی ایران
1393,تجربی,371,183,منطقه 2,پزشکی,دانشگاه علوم پزشکی شیراز
1393,تجربی,372,148,منطقه 1,داروسازی,دانشگاه علوم پزشکی مشهد
1393,تجربی,372,184,منطقه 2,دندانپزشکی,دانشگاه علوم پزشکی تهران
1393,تجربی,376,150,منطقه 1,دندانپزشکی,دانشگاه علوم پزشکی تبریز
1393,تجربی,376,185,منطقه 2,پزشکی,دانشگاه علوم پزشکی ایران
1393,تجربی,376,185,منطقه 2,پزشکی,دانشگاه علوم پزشکی شیراز
1393,تجربی,378,5,ایثارگران,دندانپزشکی,دانشگاه علوم پزشکی اصفهان
1393,تجربی,380,151,منطقه 1,پزشکی,دانشگاه علوم پزشکی ایران
1393,تجربی,380,187,منطقه 2,پزشکی,دانشگاه علوم پزشکی شهید بهشتی - تهران
1393,تجربی,382,188,منطقه 2,پزشکی,دانشگاه علوم پزشکی ایران
1393,تجربی,383,153,منطقه 1,پزشکی,دانشگاه علوم پزشکی ایران
1393,تجربی,383,153,منطقه 1,پزشکی,دانشگاه علوم پزشکی شیراز
1393,تجربی,385,155,منطقه 1,پزشکی,دانشگاه علوم پزشکی اصفهان
1393,تجربی,385,189,منطقه 2,پزشکی,دانشگاه علوم پزشکی ایران
1393,تجربی,387,156,منطقه 1,دندانپزشکی,دانشگاه علوم پزشکی تهران
1393,تجربی,387,190,منطقه 2,پزشکی,دانشگاه علوم پزشکی ایران
1393,تجربی,389,191,منطقه 2,پزشکی,دانشگاه علوم پزشکی تبریز
1393,تجربی,391,157,منطقه 1,پزشکی,دانشگاه علوم پزشکی ایران
1393,تجربی,391,157,منطقه 1,پزشکی,دانشگاه علوم پزشکی شیراز
1393,تجربی,395,193,منطقه 2,پزشکی,دانشگاه علوم پزشکی ایران
1393,تجربی,396,160,منطقه 1,دندانپزشکی,دانشگاه علوم پزشکی شیراز
1393,تجربی,397,194,منطقه 2,پزشکی,دانشگاه علوم پزشکی ایران
1393,تجربی,398,195,منطقه 2,پزشکی,دانشگاه علوم پزشکی شهید بهشتی - تهران
1393,تجربی,400,161,منطقه 1,دندانپزشکی,دانشگاه علوم پزشکی شهید بهشتی - تهران
1393,تجربی,400,197,منطقه 2,دندانپزشکی,دانشگاه علوم پزشکی تهران
1393,تجربی,402,162,منطقه 1,پزشکی,دانشگاه علوم پزشکی اصفهان
1393,تجربی,404,163,منطقه 1,پزشکی,دانشگاه علوم پزشکی شیراز
1393,تجربی,404,198,منطقه 2,دندانپزشکی,دانشگاه علوم پزشکی یزد
1393,تجربی,404,198,منطقه 2,پزشکی,دانشگاه علوم پزشکی شهید بهشتی - تهران
1393,تجربی,408,6,ایثارگران,پزشکی,دانشگاه علوم پزشکی تهران
1393,تجربی,408,38,منطقه 3,پزشکی,دانشگاه علوم پزشکی تبریز
1393,تجربی,408,165,منطقه 1,داروسازی,دانشگاه علوم پزشکی تهران
1393,تجربی,410,200,منطقه 2,پزشکی,دانشگاه علوم پزشکی شهید بهشتی - تهران
1393,تجربی,412,166,منطقه 1,دندانپزشکی,دانشگاه علوم پزشکی مشهد
1393,تجربی,412,166,منطقه 1,پزشکی,دانشگاه علوم پزشکی ایران
1393,تجربی,412,201,منطقه 2,پزشکی,دانشگاه علوم پزشکی شهید بهشتی - تهران
1393,تجربی,414,168,منطقه 1,دندانپزشکی,دانشگاه علوم پزشکی تهران
1393,تجربی,415,169,منطقه 1,پزشکی,دانشگاه علوم پزشکی شیراز
1393,تجربی,416,202,منطقه 2,پزشکی,دانشگاه علوم پزشکی شهید بهشتی - تهران
1393,تجربی,417,39,منطقه 3,پزشکی,دانشگاه علوم پزشکی ایران
1393,تجربی,417,203,منطقه 2,پزشکی,دانشگاه علوم پزشکی ایران
1393,تجربی,419,204,منطقه 2,دندانپزشکی,دانشگاه علوم پزشکی مشهد
1393,تجربی,421,205,منطقه 2,دندانپزشکی,دانشگاه علوم پزشکی شهید بهشتی - تهران
1393,تجربی,421,205,منطقه 2,پزشکی,دانشگاه علوم پزشکی ایران
1393,تجربی,423,171,منطقه 1,دندانپزشکی,دانشگاه علوم پزشکی شیراز
1393,تجربی,423,171,منطقه 1,پزشکی,دانشگاه علوم پزشکی ایران
1393,تجربی,425,207,منطقه 2,دندانپزشکی,دانشگاه علوم پزشکی اصفهان
1393,تجربی,426,173,منطقه 1,پزشکی,دانشگاه علوم پزشکی مشهد
1393,تجربی,427,208,منطقه 2,دندانپزشکی,دانشگاه علوم پزشکی مشهد
1393,تجربی,428,174,منطقه 1,دندانپزشکی,دانشگاه علوم پزشکی شهید بهشتی - تهران
1393,تجربی,428,209,منطقه 2,دندانپزشکی,دانشگاه علوم پزشکی تهران
1393,تجربی,430,40,منطقه 3,پزشکی,دانشگاه علوم پزشکی ایران
1393,تجربی,431,175,منطقه 1,پزشکی,دانشگاه علوم پزشکی ایران
1393,تجربی,432,210,منطقه 2,پزشکی,دانشگاه علوم پزشکی شیراز
1393,تجربی,433,211,منطقه 2,پزشکی,دانشگاه علوم پزشکی ایران
1393,تجربی,434,176,منطقه 1,پزشکی,دانشگاه علوم پزشکی شیراز
1393,تجربی,434,212,منطقه 2,پزشکی,دانشگاه علوم پزشکی ایران
1393,تجربی,436,213,منطقه 2,پزشکی,دانشگاه علوم پزشکی ایران
1393,تجربی,437,177,منطقه 1,پزشکی,دانشگاه علوم پزشکی مشهد
1393,تجربی,438,41,منطقه 3,پزشکی,دانشگاه علوم پزشکی ایران
1393,تجربی,438,178,منطقه 1,پزشکی,دانشگاه علوم پزشکی شیراز
1393,تجربی,440,214,منطقه 2,پزشکی,دانشگاه علوم پزشکی تبریز
1393,تجربی,442,215,منطقه 2,پزشکی,دانشگاه علوم پزشکی ایران
1393,تجربی,442,215,منطقه 2,پزشکی,دانشگاه علوم پزشکی شیراز
1393,تجربی,444,42,منطقه 3,دندانپزشکی,دانشگاه علوم پزشکی تهران
1393,تجربی,445,217,منطقه 2,دندانپزشکی,دانشگاه علوم پزشکی شهید بهشتی - تهران
1393,تجربی,446,180,منطقه 1,پزشکی,دانشگاه علوم پزشکی ایران
1393,تجربی,447,218,منطقه 2,پزشکی,دانشگاه علوم پزشکی ایران
1393,تجربی,448,181,منطقه 1,دندانپزشکی,دانشگاه علوم پزشکی تبریز
1393,تجربی,448,219,منطقه 2,پزشکی,دانشگاه علوم پزشکی بابل
1393,تجربی,450,220,منطقه 2,پزشکی,دانشگاه علوم پزشکی ایران
1393,تجربی,451,182,منطقه 1,پزشکی,دانشگاه علوم پزشکی ایران
1393,تجربی,453,183,منطقه 1,پزشکی,دانشگاه علوم پزشکی ایران
1393,تجربی,453,221,منطقه 2,داروسازی,دانشگاه علوم پزشکی تبریز
1393,تجربی,453,221,منطقه 2,دندانپزشکی,دانشگاه علوم پزشکی شهید بهشتی - تهران
1393,تجربی,455,223,منطقه 2,پزشکی,دانشگاه علوم پزشکی تبریز
1393,تجربی,456,184,منطقه 1,پزشکی,دانشگاه علوم پزشکی ایران
1393,تجربی,456,224,منطقه 2,پزشکی,دانشگاه علوم پزشکی ایران
1393,تجربی,458,225,منطقه 2,پزشکی,دانشگاه علوم پزشکی شهید بهشتی - تهران
1393,تجربی,459,226,منطقه 2,دندانپزشکی,دانشگاه علوم پزشکی شیراز
1393,تجربی,461,186,منطقه 1,پزشکی,دانشگاه علوم پزشکی اصفهان
1393,تجربی,464,188,منطقه 1,پزشکی,دانشگاه علوم پزشکی ایران
1393,تجربی,464,227,منطقه 2,دندانپزشکی,دانشگاه علوم پزشکی گیلان - رشت
1393,تجربی,464,227,منطقه 2,پزشکی,دانشگاه علوم پزشکی ایران
1393,تجربی,467,229,منطقه 2,پزشکی,دانشگاه علوم پزشکی شهید بهشتی - تهران
1393,تجربی,468,190,منطقه 1,پزشکی,دانشگاه علوم پزشکی مشهد
1393,تجربی,468,230,منطقه 2,پزشکی,دانشگاه علوم پزشکی گیلان - رشت
1393,تجربی,470,191,منطقه 1,پزشکی,دانشگاه علوم پزشکی ایران
1393,تجربی,470,231,منطقه 2,پزشکی,دانشگاه علوم پزشکی شهید بهشتی - تهران
1393,تجربی,472,192,منطقه 1,پزشکی,دانشگاه علوم پزشکی مشهد
1393,تجربی,473,193,منطقه 1,دندانپزشکی,دانشگاه علوم پزشکی تبریز
1393,تجربی,473,232,منطقه 2,پزشکی,دانشگاه علوم پزشکی ایران
1393,تجربی,475,233,منطقه 2,پزشکی,دانشگاه علوم پزشکی شهید بهشتی - تهران
1393,تجربی,476,43,منطقه 3,پزشکی,دانشگاه علوم پزشکی ایران
1393,تجربی,477,234,منطقه 2,دندانپزشکی,دانشگاه علوم پزشکی تهران
1393,تجربی,479,195,منطقه 1,دندانپزشکی,دانشگاه علوم پزشکی البرز - کرج
1393,تجربی,480,44,منطقه 3,پزشکی,دانشگاه علوم پزشکی تبریز
1393,تجربی,484,238,منطقه 2,دندانپزشکی,دانشگاه علوم پزشکی شهید بهشتی - تهران
1393,تجربی,484,238,منطقه 2,پزشکی,دانشگاه علوم پزشکی ایران
1393,تجربی,486,196,منطقه 1,دندانپزشکی,دانشگاه علوم پزشکی تبریز
1393,تجربی,487,240,منطقه 2,پزشکی,دانشگاه علوم پزشکی ایران
1393,تجربی,489,242,منطقه 2,دندانپزشکی,دانشگاه علوم پزشکی کرمانشاه
1393,تجربی,490,197,منطقه 1,دندانپزشکی,دانشگاه شاهد - تهران(رشته های پزشکی)
1393,تجربی,491,198,منطقه 1,داروسازی,دانشگاه علوم پزشکی تهران
1393,تجربی,491,198,منطقه 1,دندانپزشکی,دانشگاه علوم پزشکی مشهد
1393,تجربی,493,200,منطقه 1,پزشکی,دانشگاه علوم پزشکی ایران
1393,تجربی,494,201,منطقه 1,پزشکی,دانشگاه علوم پزشکی ایران
1393,تجربی,496,202,منطقه 1,پزشکی,دانشگاه علوم پزشکی ایران
1393,تجربی,497,203,منطقه 1,پزشکی,دانشگاه علوم پزشکی شیراز
1393,تجربی,498,244,منطقه 2,پزشکی,دانشگاه علوم پزشکی شیراز
1393,تجربی,499,204,منطقه 1,پزشکی,دانشگاه علوم پزشکی شیراز
1393,تجربی,501,45,منطقه 3,پزشکی,دانشگاه علوم پزشکی ایران
1393,تجربی,501,245,منطقه 2,پزشکی,دانشگاه علوم پزشکی ایران
1393,تجربی,505,205,منطقه 1,پزشکی,دانشگاه علوم پزشکی ایران
1393,تجربی,505,247,منطقه 2,دندانپزشکی,دانشگاه علوم پزشکی جندی شاپور اهواز
1393,تجربی,505,247,منطقه 2,پزشکی,دانشگاه علوم پزشکی ایران
1393,تجربی,507,249,منطقه 2,داروسازی,دانشگاه علوم پزشکی تهران
1393,تجربی,508,250,منطقه 2,داروسازی,دانشگاه علوم پزشکی تهران
1393,تجربی,509,206,منطقه 1,دندانپزشکی,دانشگاه علوم پزشکی مشهد
1393,تجربی,510,47,منطقه 3,دندانپزشکی,دانشگاه علوم پزشکی تهران
1393,تجربی,511,207,منطقه 1,دندانپزشکی,دانشگاه علوم پزشکی تبریز
1393,تجربی,512,251,منطقه 2,دندانپزشکی,دانشگاه علوم پزشکی مشهد
1393,تجربی,513,252,منطقه 2,دندانپزشکی,دانشگاه علوم پزشکی گیلان - رشت
1393,تجربی,515,209,منطقه 1,پزشکی,دانشگاه علوم پزشکی شیراز
1393,تجربی,516,210,منطقه 1,پزشکی,دانشگاه علوم پزشکی تبریز
1393,تجربی,516,253,منطقه 2,پزشکی,دانشگاه علوم پزشکی ایران
1393,تجربی,518,211,منطقه 1,دندانپزشکی,دانشگاه علوم پزشکی اصفهان
1393,تجربی,520,213,منطقه 1,پزشکی,دانشگاه علوم پزشکی ایران
1393,تجربی,522,255,منطقه 2,داروسازی,دانشگاه علوم پزشکی تهران
1393,تجربی,523,48,منطقه 3,پزشکی,دانشگاه علوم پزشکی شیراز
1393,تجربی,526,215,منطقه 1,پزشکی,دانشگاه علوم پزشکی ایران
1393,تجربی,526,256,منطقه 2,پزشکی,دانشگاه علوم پزشکی شهید بهشتی - تهران
1393,تجربی,528,216,منطقه 1,دندانپزشکی,دانشگاه علوم پزشکی اصفهان
1393,تجربی,529,217,منطقه 1,دندانپزشکی,دانشگاه علوم پزشکی تبریز
1393,تجربی,529,258,منطقه 2,پزشکی,دانشگاه علوم پزشکی مشهد
1393,تجربی,531,49,منطقه 3,پزشکی,دانشگاه علوم پزشکی ایران
1393,تجربی,532,218,منطقه 1,پزشکی,دانشگاه علوم پزشکی ایران
1393,تجربی,533,259,منطقه 2,پزشکی,دانشگاه علوم پزشکی شهید بهشتی - تهران
1393,تجربی,534,219,منطقه 1,پزشکی,دانشگاه علوم پزشکی ایران
1393,تجربی,535,260,منطقه 2,پزشکی,دانشگاه علوم پزشکی شیراز
1393,تجربی,537,220,منطقه 1,پزشکی,دانشگاه علوم پزشکی ایران
1393,تجربی,537,261,منطقه 2,دندانپزشکی,دانشگاه علوم پزشکی اصفهان
1393,تجربی,537,261,منطقه 2,پزشکی,دانشگاه علوم پزشکی ایران
1393,تجربی,539,263,منطقه 2,پزشکی,دانشگاه علوم پزشکی شهید بهشتی - تهران
1393,تجربی,540,264,منطقه 2,پزشکی,دانشگاه علوم پزشکی مشهد
1393,تجربی,541,265,منطقه 2,پزشکی,دانشگاه علوم پزشکی شیراز
1393,تجربی,543,221,منطقه 1,پزشکی,دانشگاه علوم پزشکی تبریز
1393,تجربی,543,267,منطقه 2,پزشکی,دانشگاه علوم پزشکی تبریز
1393,تجربی,543,267,منطقه 2,پزشکی,دانشگاه علوم پزشکی شهید بهشتی - تهران
1393,تجربی,543,267,منطقه 2,پزشکی,دانشگاه علوم پزشکی کرمان
1393,تجربی,546,269,منطقه 2,پزشکی,دانشگاه علوم پزشکی تبریز
1393,تجربی,548,50,منطقه 3,پزشکی,دانشگاه علوم پزشکی شیراز
1393,تجربی,548,222,منطقه 1,دندانپزشکی,دانشگاه علوم پزشکی تبریز
1393,تجربی,550,224,منطقه 1,دندانپزشکی,دانشگاه علوم پزشکی اصفهان
1393,تجربی,550,224,منطقه 1,پزشکی,دانشگاه علوم پزشکی ایران
1393,تجربی,552,226,منطقه 1,پزشکی,دانشگاه علوم پزشکی تبریز
1393,تجربی,553,270,منطقه 2,پزشکی,دانشگاه علوم پزشکی اصفهان
1393,تجربی,553,270,منطقه 2,پزشکی,دانشگاه علوم پزشکی شیراز
1393,تجربی,556,273,منطقه 2,پزشکی,دانشگاه علوم پزشکی شهید بهشتی - تهران
1393,تجربی,557,227,منطقه 1,دندانپزشکی,دانشگاه علوم پزشکی البرز - کرج
1393,تجربی,557,227,منطقه 1,پزشکی,دانشگاه علوم پزشکی شیراز
1393,تجربی,559,229,منطقه 1,دندانپزشکی,دانشگاه علوم پزشکی شیراز
1393,تجربی,560,51,منطقه 3,پزشکی,دانشگاه علوم پزشکی کرمانشاه
1393,تجربی,562,52,منطقه 3,پزشکی,دانشگاه علوم پزشکی شیراز
1393,تجربی,562,230,منطقه 1,پزشکی,دانشگاه علوم پزشکی البرز - کرج
1393,تجربی,562,274,منطقه 2,پزشکی,دانشگاه علوم پزشکی اصفهان
1393,تجربی,562,274,منطقه 2,پزشکی,دانشگاه علوم پزشکی بابل
1393,تجربی,565,276,منطقه 2,پزشکی,دانشگاه علوم پزشکی شیراز
1393,تجربی,565,276,منطقه 2,پزشکی,دانشگاه علوم پزشکی مازندران - ساری
1393,تجربی,568,231,منطقه 1,پزشکی,دانشگاه علوم پزشکی البرز - کرج
1393,تجربی,568,231,منطقه 1,پزشکی,دانشگاه علوم پزشکی شیراز
1393,تجربی,568,278,منطقه 2,پزشکی,دانشگاه علوم پزشکی اصفهان
1393,تجربی,570,233,منطقه 1,پزشکی,دانشگاه علوم پزشکی شیراز
1393,تجربی,571,234,منطقه 1,پزشکی,دانشگاه علوم پزشکی اصفهان
1393,تجربی,572,279,منطقه 2,پزشکی,دانشگاه علوم پزشکی اصفهان
1393,تجربی,573,280,منطقه 2,دندانپزشکی,دانشگاه علوم پزشکی بابل
1393,تجربی,574,235,منطقه 1,دندانپزشکی,دانشگاه علوم پزشکی مشهد
1393,تجربی,574,281,منطقه 2,پزشکی,دانشگاه علوم پزشکی شیراز
1393,تجربی,576,53,منطقه 3,پزشکی,دانشگاه علوم پزشکی مشهد
1393,تجربی,576,236,منطقه 1,پزشکی,دانشگاه علوم پزشکی شیراز
1393,تجربی,578,54,منطقه 3,پزشکی,دانشگاه علوم پزشکی اصفهان
1393,تجربی,578,237,منطقه 1,دندانپزشکی,دانشگاه علوم پزشکی البرز - کرج
1393,تجربی,581,55,منطقه 3,دندانپزشکی,دانشگاه علوم پزشکی مشهد
1393,تجربی,581,282,منطقه 2,پزشکی,دانشگاه علوم پزشکی یزد
1393,تجربی,583,283,منطقه 2,پزشکی,دانشگاه علوم پزشکی شیراز
1393,تجربی,584,239,منطقه 1,دندانپزشکی,دانشگاه علوم پزشکی گلستان - گرگان
1393,تجربی,584,239,منطقه 1,پزشکی,دانشگاه علوم پزشکی تبریز
1393,تجربی,586,241,منطقه 1,دندانپزشکی,دانشگاه علوم پزشکی تبریز
1393,تجربی,586,284,منطقه 2,پزشکی,دانشگاه علوم پزشکی شهید بهشتی - تهران
1393,تجربی,588,285,منطقه 2,پزشکی,دانشگاه علوم پزشکی شیراز
1393,تجربی,589,242,منطقه 1,پزشکی,دانشگاه علوم پزشکی شیراز
1393,تجربی,591,56,منطقه 3,پزشکی,دانشگاه علوم پزشکی تبریز
1393,تجربی,591,243,منطقه 1,دندانپزشکی,دانشگاه علوم پزشکی البرز - کرج
1393,تجربی,594,288,منطقه 2,دندانپزشکی,دانشگاه علوم پزشکی شهید بهشتی - تهران
1393,تجربی,594,288,منطقه 2,پزشکی,دانشگاه علوم پزشکی کرمانشاه
1393,تجربی,596,290,منطقه 2,پزشکی,دانشگاه علوم پزشکی اصفهان
1393,تجربی,597,291,منطقه 2,پزشکی,دانشگاه علوم پزشکی مشهد
1393,تجربی,598,244,منطقه 1,دندانپزشکی,دانشگاه علوم پزشکی البرز - کرج
1393,تجربی,598,292,منطقه 2,پزشکی,دانشگاه علوم پزشکی مشهد
1393,تجربی,600,245,منطقه 1,پزشکی,دانشگاه علوم پزشکی اصفهان
1393,تجربی,600,293,منطقه 2,پزشکی,دانشگاه علوم پزشکی تبریز
1393,تجربی,602,246,منطقه 1,داروسازی,دانشگاه علوم پزشکی تهران
1393,تجربی,602,294,منطقه 2,پزشکی,دانشگاه علوم پزشکی گیلان - رشت
1393,تجربی,604,295,منطقه 2,داروسازی,دانشگاه علوم پزشکی تهران
1393,تجربی,604,295,منطقه 2,دندانپزشکی,دانشگاه علوم پزشکی یزد
1393,تجربی,607,7,ایثارگران,دندانپزشکی,دانشگاه علوم پزشکی مشهد
1393,تجربی,607,247,منطقه 1,پزشکی,دانشگاه علوم پزشکی اصفهان
1393,تجربی,607,297,منطقه 2,پزشکی,دانشگاه علوم پزشکی شهید بهشتی - تهران
1393,تجربی,609,298,منطقه 2,پزشکی,دانشگاه علوم پزشکی شهید بهشتی - تهران
1393,تجربی,610,299,منطقه 2,پزشکی,دانشگاه علوم پزشکی جندی شاپور اهواز
1393,تجربی,611,248,منطقه 1,پزشکی,دانشگاه علوم پزشکی قزوین
1393,تجربی,611,300,منطقه 2,پزشکی,دانشگاه علوم پزشکی شهید بهشتی - تهران
1393,تجربی,614,250,منطقه 1,پزشکی,دانشگاه علوم پزشکی اصفهان
1393,تجربی,614,301,منطقه 2,پزشکی,دانشگاه علوم پزشکی اصفهان
1393,تجربی,616,251,منطقه 1,پزشکی,دانشگاه علوم پزشکی شیراز
1393,تجربی,619,57,منطقه 3,پزشکی,دانشگاه علوم پزشکی تبریز
1393,تجربی,619,302,منطقه 2,پزشکی,دانشگاه علوم پزشکی اصفهان
1393,تجربی,619,302,منطقه 2,پزشکی,دانشگاه علوم پزشکی تبریز
1393,تجربی,622,254,منطقه 1,پزشکی,دانشگاه علوم پزشکی شیراز
1393,تجربی,623,304,منطقه 2,پزشکی,دانشگاه علوم پزشکی مشهد
1393,تجربی,624,305,منطقه 2,پزشکی,دانشگاه علوم پزشکی شهید بهشتی - تهران
1393,تجربی,624,305,منطقه 2,پزشکی,دانشگاه علوم پزشکی یزد
1393,تجربی,626,8,ایثارگران,پزشکی,دانشگاه علوم پزشکی تهران
1393,تجربی,626,255,منطقه 1,پزشکی,دانشگاه علوم پزشکی اصفهان
1393,تجربی,628,307,منطقه 2,پزشکی,دانشگاه علوم پزشکی همدان
1393,تجربی,629,308,منطقه 2,پزشکی,دانشگاه علوم پزشکی اصفهان
1393,تجربی,629,308,منطقه 2,پزشکی,دانشگاه علوم پزشکی مشهد
1393,تجربی,631,256,منطقه 1,پزشکی,دانشگاه علوم پزشکی البرز - کرج
1393,تجربی,633,58,منطقه 3,دندانپزشکی,دانشگاه علوم پزشکی مشهد
1393,تجربی,633,257,منطقه 1,پزشکی,دانشگاه علوم پزشکی شیراز
1393,تجربی,633,257,منطقه 1,پزشکی,دانشگاه علوم پزشکی مشهد
1393,تجربی,635,9,ایثارگران,دندانپزشکی,دانشگاه علوم پزشکی اصفهان
1393,تجربی,636,259,منطقه 1,داروسازی,دانشگاه علوم پزشکی تهران
1393,تجربی,636,259,منطقه 1,پزشکی,دانشگاه علوم پزشکی مشهد
1393,تجربی,638,261,منطقه 1,پزشکی,دانشگاه علوم پزشکی اصفهان
1393,تجربی,638,261,منطقه 1,پزشکی,دانشگاه علوم پزشکی تبریز
1393,تجربی,640,263,منطقه 1,دندانپزشکی,دانشگاه علوم پزشکی اصفهان
1393,تجربی,643,310,منطقه 2,پزشکی,دانشگاه علوم پزشکی تبریز
1393,تجربی,646,312,منطقه 2,دندانپزشکی,دانشگاه علوم پزشکی اصفهان
1393,تجربی,648,314,منطقه 2,پزشکی,دانشگاه علوم پزشکی شهید بهشتی - تهران
1393,تجربی,649,265,منطقه 1,پزشکی,دانشگاه علوم پزشکی اصفهان
1393,تجربی,650,266,منطقه 1,دندانپزشکی,دانشگاه علوم پزشکی مشهد
1393,تجربی,651,267,منطقه 1,پزشکی,دانشگاه علوم پزشکی اصفهان
1393,تجربی,652,315,منطقه 2,داروسازی,دانشگاه علوم پزشکی تهران
1393,تجربی,652,315,منطقه 2,دندانپزشکی,دانشگاه علوم پزشکی مشهد
1393,تجربی,654,268,منطقه 1,دندانپزشکی,دانشگاه علوم پزشکی تبریز
1393,تجربی,655,317,منطقه 2,پزشکی,دانشگاه علوم پزشکی تهران
1393,تجربی,656,269,منطقه 1,پزشکی,دانشگاه علوم پزشکی تبریز
1393,تجربی,656,318,منطقه 2,دندانپزشکی,دانشگاه علوم پزشکی مشهد
1393,تجربی,660,60,منطقه 3,داروسازی,دانشگاه علوم پزشکی تهران
1393,تجربی,660,270,منطقه 1,پزشکی,دانشگاه علوم پزشکی البرز - کرج
1393,تجربی,660,319,منطقه 2,پزشکی,دانشگاه علوم پزشکی کرمان
1393,تجربی,664,11,ایثارگران,دندانپزشکی,دانشگاه علوم پزشکی تهران
1393,تجربی,664,61,منطقه 3,دندانپزشکی,دانشگاه علوم پزشکی مشهد
1393,تجربی,664,321,منطقه 2,پزشکی,دانشگاه علوم پزشکی اصفهان
1393,تجربی,667,273,منطقه 1,پزشکی,دانشگاه علوم پزشکی شیراز
1393,تجربی,668,322,منطقه 2,پزشکی,دانشگاه علوم پزشکی شهید بهشتی - تهران
1393,تجربی,669,274,منطقه 1,پزشکی,دانشگاه علوم پزشکی شیراز
1393,تجربی,671,275,منطقه 1,پزشکی,دانشگاه علوم پزشکی تبریز
1393,تجربی,671,324,منطقه 2,دندانپزشکی,دانشگاه علوم پزشکی مشهد
1393,تجربی,671,324,منطقه 2,پزشکی,دانشگاه علوم پزشکی مشهد
1393,تجربی,674,276,منطقه 1,پزشکی,دانشگاه علوم پزشکی شیراز
1393,تجربی,676,326,منطقه 2,پزشکی,دانشگاه علوم پزشکی شهید بهشتی - تهران
1393,تجربی,677,278,منطقه 1,دندانپزشکی,دانشگاه علوم پزشکی اصفهان
1393,تجربی,677,278,منطقه 1,پزشکی,دانشگاه علوم پزشکی مشهد
1393,تجربی,680,327,منطقه 2,پزشکی,دانشگاه علوم پزشکی اصفهان
1393,تجربی,680,327,منطقه 2,پزشکی,دانشگاه علوم پزشکی شهید بهشتی - تهران
1393,تجربی,682,280,منطقه 1,دندانپزشکی,دانشگاه علوم پزشکی مشهد
1393,تجربی,682,329,منطقه 2,پزشکی,دانشگاه علوم پزشکی تبریز
1393,تجربی,684,330,منطقه 2,پزشکی,دانشگاه علوم پزشکی شهید بهشتی - تهران
1393,تجربی,686,332,منطقه 2,دندانپزشکی,دانشگاه علوم پزشکی شهید بهشتی - تهران
1393,تجربی,686,332,منطقه 2,پزشکی,دانشگاه علوم پزشکی اصفهان
1393,تجربی,686,332,منطقه 2,پزشکی,دانشگاه علوم پزشکی همدان
1393,تجربی,689,335,منطقه 2,پزشکی,دانشگاه علوم پزشکی بابل
1393,تجربی,689,335,منطقه 2,پزشکی,دانشگاه علوم پزشکی شیراز
1393,تجربی,691,62,منطقه 3,دندانپزشکی,دانشگاه علوم پزشکی اصفهان
1393,تجربی,691,62,منطقه 3,پزشکی,دانشگاه علوم پزشکی تبریز
1393,تجربی,694,64,منطقه 3,پزشکی,دانشگاه علوم پزشکی اصفهان
1393,تجربی,694,337,منطقه 2,پزشکی,دانشگاه علوم پزشکی مازندران - ساری
1393,تجربی,694,337,منطقه 2,پزشکی,دانشگاه علوم پزشکی گیلان - رشت
1393,تجربی,696,281,منطقه 1,پزشکی,دانشگاه علوم پزشکی قزوین
1393,تجربی,696,339,منطقه 2,دندانپزشکی,دانشگاه علوم پزشکی مشهد
1393,تجربی,698,282,منطقه 1,دندانپزشکی,دانشگاه علوم پزشکی شیراز
1393,تجربی,699,340,منطقه 2,پزشکی,دانشگاه علوم پزشکی شیراز
1393,تجربی,699,340,منطقه 2,پزشکی,دانشگاه علوم پزشکی کرمان
1393,تجربی,701,342,منطقه 2,پزشکی,دانشگاه علوم پزشکی مازندران - ساری
1393,تجربی,703,343,منطقه 2,پزشکی,دانشگاه علوم پزشکی شیراز
1393,تجربی,705,285,منطقه 1,پزشکی,دانشگاه علوم پزشکی تبریز
1393,تجربی,705,285,منطقه 1,پزشکی,دانشگاه علوم پزشکی شیراز
1393,تجربی,705,285,منطقه 1,پزشکی,دانشگاه علوم پزشکی مشهد
1393,تجربی,705,344,منطقه 2,داروسازی,دانشگاه علوم پزشکی تهران
1393,تجربی,708,65,منطقه 3,پزشکی,دانشگاه علوم پزشکی شیراز
1393,تجربی,708,345,منطقه 2,پزشکی,دانشگاه علوم پزشکی شیراز
1393,تجربی,711,66,منطقه 3,دندانپزشکی,دانشگاه علوم پزشکی تبریز
1393,تجربی,711,287,منطقه 1,دندانپزشکی,دانشگاه علوم پزشکی اصفهان
1393,تجربی,711,346,منطقه 2,پزشکی,دانشگاه علوم پزشکی شهید بهشتی - تهران
1393,تجربی,714,288,منطقه 1,پزشکی,دانشگاه علوم پزشکی تبریز
1393,تجربی,714,347,منطقه 2,داروسازی,دانشگاه علوم پزشکی تهران
1393,تجربی,716,289,منطقه 1,پزشکی,دانشگاه علوم پزشکی اصفهان
1393,تجربی,716,349,منطقه 2,پزشکی,دانشگاه علوم پزشکی اصفهان
1393,تجربی,718,290,منطقه 1,دندانپزشکی,دانشگاه علوم پزشکی شیراز
1393,تجربی,718,350,منطقه 2,پزشکی,دانشگاه علوم پزشکی کرمان
1393,تجربی,721,291,منطقه 1,دندانپزشکی,دانشگاه علوم پزشکی البرز - کرج
1393,تجربی,721,351,منطقه 2,پزشکی,دانشگاه علوم پزشکی ایران
1393,تجربی,723,13,ایثارگران,پزشکی,دانشگاه علوم پزشکی تهران
1393,تجربی,725,353,منطقه 2,دندانپزشکی,دانشگاه علوم پزشکی شهید بهشتی - تهران
1393,تجربی,725,353,منطقه 2,پزشکی,دانشگاه علوم پزشکی تبریز
1393,تجربی,728,294,منطقه 1,پزشکی,دانشگاه علوم پزشکی شیراز
1393,تجربی,730,296,منطقه 1,پزشکی,دانشگاه علوم پزشکی اصفهان
1393,تجربی,731,297,منطقه 1,دندانپزشکی,دانشگاه علوم پزشکی اصفهان
1393,تجربی,731,355,منطقه 2,پزشکی,دانشگاه علوم پزشکی مشهد
1393,تجربی,733,67,منطقه 3,پزشکی,دانشگاه علوم پزشکی اصفهان
1393,تجربی,733,298,منطقه 1,پزشکی,دانشگاه علوم پزشکی شیراز
1393,تجربی,735,356,منطقه 2,پزشکی,دانشگاه علوم پزشکی گیلان - رشت
1393,تجربی,737,357,منطقه 2,دندانپزشکی,دانشگاه علوم پزشکی ارومیه
1393,تجربی,737,357,منطقه 2,دندانپزشکی,دانشگاه علوم پزشکی یزد
1393,تجربی,739,359,منطقه 2,پزشکی,دانشگاه علوم پزشکی یزد
1393,تجربی,742,361,منطقه 2,دندانپزشکی,دانشگاه علوم پزشکی اصفهان
1393,تجربی,742,361,منطقه 2,پزشکی,دانشگاه علوم پزشکی مشهد
1393,تجربی,745,301,منطقه 1,دندانپزشکی,دانشگاه علوم پزشکی اصفهان
1393,تجربی,746,302,منطقه 1,پزشکی,دانشگاه علوم پزشکی تبریز
1393,تجربی,746,363,منطقه 2,پزشکی,دانشگاه علوم پزشکی ایران
1393,تجربی,749,364,منطقه 2,پزشکی,دانشگاه علوم پزشکی شهید بهشتی - تهران
1393,تجربی,751,304,منطقه 1,دندانپزشکی,دانشگاه علوم پزشکی اصفهان
1393,تجربی,751,304,منطقه 1,دندانپزشکی,دانشگاه علوم پزشکی تبریز
1393,تجربی,751,365,منطقه 2,پزشکی,دانشگاه علوم پزشکی اصفهان
1393,تجربی,753,306,منطقه 1,پزشکی,دانشگاه علوم پزشکی البرز - کرج
1393,تجربی,753,366,منطقه 2,داروسازی,دانشگاه علوم پزشکی تهران
1393,تجربی,756,308,منطقه 1,پزشکی,دانشگاه علوم پزشکی اصفهان
1393,تجربی,756,308,منطقه 1,پزشکی,دانشگاه علوم پزشکی شیراز
1393,تجربی,756,367,منطقه 2,پزشکی,دانشگاه علوم پزشکی گیلان - رشت
1393,تجربی,759,310,منطقه 1,پزشکی,دانشگاه علوم پزشکی مشهد
1393,تجربی,759,368,منطقه 2,پزشکی,دانشگاه علوم پزشکی ایران
1393,تجربی,761,14,ایثارگران,پزشکی,دانشگاه علوم پزشکی مشهد
1393,تجربی,761,311,منطقه 1,پزشکی,دانشگاه علوم پزشکی اصفهان
1393,تجربی,764,313,منطقه 1,دندانپزشکی,دانشگاه علوم پزشکی شیراز
1393,تجربی,764,313,منطقه 1,پزشکی,دانشگاه علوم پزشکی اصفهان
1393,تجربی,764,313,منطقه 1,پزشکی,دانشگاه علوم پزشکی شیراز
1393,تجربی,764,369,منطقه 2,پزشکی,دانشگاه علوم پزشکی ایران
1393,تجربی,767,370,منطقه 2,پزشکی,دانشگاه علوم پزشکی شیراز
1393,تجربی,769,371,منطقه 2,پزشکی,دانشگاه علوم پزشکی البرز - کرج
1393,تجربی,769,371,منطقه 2,پزشکی,دانشگاه علوم پزشکی تبریز
1393,تجربی,771,316,منطقه 1,پزشکی,دانشگاه علوم پزشکی تبریز
1393,تجربی,773,318,منطقه 1,داروسازی,دانشگاه علوم پزشکی تهران
1393,تجربی,773,373,منطقه 2,داروسازی,دانشگاه علوم پزشکی تهران
1393,تجربی,775,374,منطقه 2,پزشکی,دانشگاه علوم پزشکی اصفهان
1393,تجربی,775,374,منطقه 2,پزشکی,دانشگاه علوم پزشکی مازندران - ساری
1393,تجربی,777,376,منطقه 2,پزشکی,دانشگاه علوم پزشکی اصفهان
1393,تجربی,778,377,منطقه 2,دندانپزشکی,دانشگاه علوم پزشکی تبریز
1393,تجربی,779,69,منطقه 3,پزشکی,دانشگاه علوم پزشکی تبریز
1393,تجربی,779,69,منطقه 3,پزشکی,دانشگاه علوم پزشکی تهران
1393,تجربی,781,378,منطقه 2,پزشکی,دانشگاه علوم پزشکی ایران
1393,تجربی,782,71,منطقه 3,پزشکی,دانشگاه علوم پزشکی مشهد
1393,تجربی,785,380,منطقه 2,پزشکی,دانشگاه علوم پزشکی مازندران - ساری
1393,تجربی,787,320,منطقه 1,پزشکی,دانشگاه علوم پزشکی مشهد
1393,تجربی,787,382,منطقه 2,دندانپزشکی,دانشگاه علوم پزشکی اصفهان
1393,تجربی,787,382,منطقه 2,پزشکی,دانشگاه علوم پزشکی ایران
1393,تجربی,790,72,منطقه 3,دندانپزشکی,دانشگاه علوم پزشکی بابل
1393,تجربی,790,384,منطقه 2,دندانپزشکی,دانشگاه علوم پزشکی یزد
1393,تجربی,793,321,منطقه 1,دندانپزشکی,دانشگاه علوم پزشکی مشهد
1393,تجربی,793,321,منطقه 1,پزشکی,دانشگاه علوم پزشکی تبریز
1393,تجربی,793,385,منطقه 2,پزشکی,دانشگاه علوم پزشکی ایران
1393,تجربی,793,385,منطقه 2,پزشکی,دانشگاه علوم پزشکی مشهد
1393,تجربی,798,15,ایثارگران,پزشکی,دانشگاه علوم پزشکی تهران
1393,تجربی,798,388,منطقه 2,پزشکی,دانشگاه علوم پزشکی تبریز
1393,تجربی,801,325,منطقه 1,دندانپزشکی,دانشگاه علوم پزشکی شیراز
1393,تجربی,802,326,منطقه 1,داروسازی,دانشگاه علوم پزشکی تهران
1393,تجربی,802,389,منطقه 2,پزشکی,دانشگاه علوم پزشکی تبریز
1393,تجربی,804,390,منطقه 2,دندانپزشکی,دانشگاه علوم پزشکی یزد
1393,تجربی,805,327,منطقه 1,دندانپزشکی,دانشگاه علوم پزشکی اصفهان
1393,تجربی,805,391,منطقه 2,پزشکی,دانشگاه علوم پزشکی ارومیه
1393,تجربی,807,328,منطقه 1,دندانپزشکی,دانشگاه علوم پزشکی اصفهان
1393,تجربی,807,328,منطقه 1,دندانپزشکی,دانشگاه علوم پزشکی شیراز
1393,تجربی,809,392,منطقه 2,دندانپزشکی,دانشگاه علوم پزشکی ارومیه
1393,تجربی,810,393,منطقه 2,پزشکی,دانشگاه علوم پزشکی بابل
1393,تجربی,811,394,منطقه 2,پزشکی,دانشگاه علوم پزشکی اصفهان
1393,تجربی,813,73,منطقه 3,پزشکی,دانشگاه علوم پزشکی مشهد
1393,تجربی,813,395,منطقه 2,پزشکی,دانشگاه علوم پزشکی کرمانشاه
1393,تجربی,815,331,منطقه 1,دندانپزشکی,دانشگاه علوم پزشکی تهران - پردیس خودگردان
1393,تجربی,816,332,منطقه 1,پزشکی,دانشگاه علوم پزشکی شیراز
1393,تجربی,818,334,منطقه 1,داروسازی,دانشگاه علوم پزشکی تهران
1393,تجربی,820,74,منطقه 3,دندانپزشکی,دانشگاه علوم پزشکی مشهد
1393,تجربی,820,336,منطقه 1,پزشکی,دانشگاه علوم پزشکی اصفهان
1393,تجربی,823,75,منطقه 3,پزشکی,دانشگاه علوم پزشکی تبریز
1393,تجربی,823,396,منطقه 2,پزشکی,دانشگاه علوم پزشکی شیراز
1393,تجربی,825,397,منطقه 2,پزشکی,دانشگاه علوم پزشکی اصفهان
1393,تجربی,825,397,منطقه 2,پزشکی,دانشگاه علوم پزشکی مشهد
1393,تجربی,827,399,منطقه 2,پزشکی,دانشگاه علوم پزشکی شیراز
1393,تجربی,830,339,منطقه 1,دندانپزشکی,دانشگاه علوم پزشکی تبریز
1393,تجربی,830,339,منطقه 1,پزشکی,دانشگاه علوم پزشکی شیراز
1393,تجربی,830,400,منطقه 2,پزشکی,دانشگاه علوم پزشکی اصفهان
1393,تجربی,830,400,منطقه 2,پزشکی,دانشگاه علوم پزشکی مشهد
1393,تجربی,833,402,منطقه 2,داروسازی,دانشگاه علوم پزشکی تهران
1393,تجربی,835,342,منطقه 1,دندانپزشکی,دانشگاه علوم پزشکی اصفهان
1393,تجربی,837,403,منطقه 2,پزشکی,دانشگاه علوم پزشکی اصفهان
1393,تجربی,838,404,منطقه 2,پزشکی,دانشگاه علوم پزشکی تبریز
1393,تجربی,841,344,منطقه 1,پزشکی,دانشگاه علوم پزشکی شیراز
1393,تجربی,842,406,منطقه 2,پزشکی,دانشگاه علوم پزشکی اصفهان
1393,تجربی,842,406,منطقه 2,پزشکی,دانشگاه علوم پزشکی کرمانشاه
1393,تجربی,845,77,منطقه 3,دندانپزشکی,دانشگاه علوم پزشکی شیراز
1393,تجربی,845,345,منطقه 1,پزشکی,دانشگاه علوم پزشکی شیراز
1393,تجربی,845,408,منطقه 2,پزشکی,دانشگاه علوم پزشکی ارومیه
1393,تجربی,848,347,منطقه 1,دندانپزشکی,دانشگاه شاهد - تهران(رشته های پزشکی)
1393,تجربی,848,409,منطقه 2,پزشکی,دانشگاه علوم پزشکی مشهد
1393,تجربی,851,411,منطقه 2,دندانپزشکی,دانشگاه علوم پزشکی اصفهان
1393,تجربی,851,411,منطقه 2,پزشکی,دانشگاه علوم پزشکی بیرجند
1393,تجربی,851,411,منطقه 2,پزشکی,دانشگاه علوم پزشکی مشهد
1393,تجربی,854,414,منطقه 2,پزشکی,دانشگاه علوم پزشکی شیراز
1393,تجربی,855,415,منطقه 2,پزشکی,دانشگاه علوم پزشکی مشهد
1393,تجربی,857,416,منطقه 2,پزشکی,دانشگاه علوم پزشکی مازندران - ساری
1393,تجربی,858,78,منطقه 3,پزشکی,دانشگاه علوم پزشکی مشهد
1393,تجربی,860,80,منطقه 3,پزشکی,دانشگاه علوم پزشکی شیراز
1393,تجربی,861,81,منطقه 3,پزشکی,دانشگاه علوم پزشکی اصفهان
1393,تجربی,864,349,منطقه 1,پزشکی,دانشگاه علوم پزشکی اصفهان
1393,تجربی,864,418,منطقه 2,داروسازی,دانشگاه علوم پزشکی تهران
1393,تجربی,864,418,منطقه 2,پزشکی,دانشگاه علوم پزشکی مازندران - ساری
1393,تجربی,866,420,منطقه 2,پزشکی,دانشگاه علوم پزشکی شیراز
1393,تجربی,868,82,منطقه 3,دندانپزشکی,دانشگاه علوم پزشکی مشهد
1393,تجربی,868,351,منطقه 1,دندانپزشکی,دانشگاه علوم پزشکی ارومیه
1393,تجربی,868,351,منطقه 1,پزشکی,دانشگاه علوم پزشکی البرز - کرج
1393,تجربی,871,421,منطقه 2,دندانپزشکی,دانشگاه علوم پزشکی اصفهان
1393,تجربی,871,421,منطقه 2,پزشکی,دانشگاه علوم پزشکی کرمان
1393,تجربی,873,423,منطقه 2,دندانپزشکی,دانشگاه علوم پزشکی مشهد
1393,تجربی,874,424,منطقه 2,پزشکی,دانشگاه علوم پزشکی اصفهان
1393,تجربی,876,425,منطقه 2,پزشکی,دانشگاه علوم پزشکی اصفهان
1393,تجربی,878,16,ایثارگران,پزشکی,دانشگاه علوم پزشکی تهران
1393,تجربی,878,353,منطقه 1,دندانپزشکی,دانشگاه علوم پزشکی ارومیه
1393,تجربی,878,353,منطقه 1,پزشکی,دانشگاه علوم پزشکی شیراز
1393,تجربی,881,84,منطقه 3,پزشکی,دانشگاه علوم پزشکی تبریز
1393,تجربی,881,84,منطقه 3,پزشکی,دانشگاه علوم پزشکی مشهد
1393,تجربی,881,355,منطقه 1,پزشکی,دانشگاه علوم پزشکی اصفهان
1393,تجربی,883,86,منطقه 3,دندانپزشکی,دانشگاه علوم پزشکی کرمان
1393,تجربی,884,426,منطقه 2,پزشکی,دانشگاه علوم پزشکی اصفهان
1393,تجربی,884,426,منطقه 2,پزشکی,دانشگاه علوم پزشکی ایران
1393,تجربی,886,87,منطقه 3,پزشکی,دانشگاه علوم پزشکی شیراز
1393,تجربی,886,356,منطقه 1,دندانپزشکی,دانشگاه علوم پزشکی اصفهان
1393,تجربی,888,357,منطقه 1,دندانپزشکی,دانشگاه علوم پزشکی شیراز
1393,تجربی,890,428,منطقه 2,پزشکی,دانشگاه علوم پزشکی ایران
1393,تجربی,892,358,منطقه 1,پزشکی,دانشگاه علوم پزشکی تبریز
1393,تجربی,892,430,منطقه 2,دندانپزشکی,دانشگاه علوم پزشکی یزد
1393,تجربی,892,430,منطقه 2,پزشکی,دانشگاه علوم پزشکی اصفهان
1393,تجربی,892,430,منطقه 2,پزشکی,دانشگاه علوم پزشکی تبریز
1393,تجربی,896,433,منطقه 2,پزشکی,دانشگاه علوم پزشکی بابل
1393,تجربی,896,433,منطقه 2,پزشکی,دانشگاه علوم پزشکی تبریز
1393,تجربی,896,433,منطقه 2,پزشکی,دانشگاه علوم پزشکی یزد
1393,تجربی,898,359,منطقه 1,پزشکی,دانشگاه علوم پزشکی مشهد
1393,تجربی,901,436,منطقه 2,پزشکی,دانشگاه علوم پزشکی شیراز
1393,تجربی,901,436,منطقه 2,پزشکی,دانشگاه علوم پزشکی گلستان - گرگان
1393,تجربی,904,361,منطقه 1,پزشکی,دانشگاه علوم پزشکی شیراز
1393,تجربی,906,89,منطقه 3,پزشکی,دانشگاه علوم پزشکی اصفهان
1393,تجربی,906,89,منطقه 3,پزشکی,دانشگاه علوم پزشکی شیراز
1393,تجربی,908,362,منطقه 1,دندانپزشکی,دانشگاه علوم پزشکی شیراز
1393,تجربی,908,362,منطقه 1,دندانپزشکی,دانشگاه علوم پزشکی مشهد
1393,تجربی,911,91,منطقه 3,پزشکی,دانشگاه علوم پزشکی همدان
1393,تجربی,911,365,منطقه 1,پزشکی,دانشگاه علوم پزشکی اصفهان
1393,تجربی,911,365,منطقه 1,پزشکی,دانشگاه علوم پزشکی قزوین
1393,تجربی,911,365,منطقه 1,پزشکی,دانشگاه علوم پزشکی مشهد
1393,تجربی,915,367,منطقه 1,دندانپزشکی,دانشگاه علوم پزشکی شیراز
1393,تجربی,915,367,منطقه 1,پزشکی,دانشگاه علوم پزشکی تبریز
1393,تجربی,915,439,منطقه 2,پزشکی,دانشگاه علوم پزشکی مشهد
1393,تجربی,917,440,منطقه 2,پزشکی,دانشگاه علوم پزشکی ایران
1393,تجربی,920,92,منطقه 3,دندانپزشکی,دانشگاه علوم پزشکی قم
1393,تجربی,920,442,منطقه 2,پزشکی,دانشگاه علوم پزشکی ایران
1393,تجربی,920,442,منطقه 2,پزشکی,دانشگاه علوم پزشکی شیراز
1393,تجربی,922,93,منطقه 3,پزشکی,دانشگاه علوم پزشکی مشهد
1393,تجربی,922,444,منطقه 2,پزشکی,دانشگاه علوم پزشکی اصفهان
1393,تجربی,924,445,منطقه 2,پزشکی,دانشگاه علوم پزشکی شیراز
1393,تجربی,926,370,منطقه 1,دندانپزشکی,دانشگاه علوم پزشکی مشهد
1393,تجربی,926,446,منطقه 2,داروسازی,دانشگاه علوم پزشکی تهران
1393,تجربی,930,371,منطقه 1,پزشکی,دانشگاه علوم پزشکی شیراز
1393,تجربی,930,371,منطقه 1,پزشکی,دانشگاه علوم پزشکی یزد
1393,تجربی,930,448,منطقه 2,دندانپزشکی,دانشگاه علوم پزشکی تهران
1393,تجربی,930,448,منطقه 2,پزشکی,دانشگاه علوم پزشکی ایران
1393,تجربی,935,373,منطقه 1,داروسازی,دانشگاه علوم پزشکی شهید بهشتی - تهران
1393,تجربی,935,373,منطقه 1,پزشکی,دانشگاه علوم پزشکی مشهد
1393,تجربی,935,451,منطقه 2,پزشکی,دانشگاه علوم پزشکی تبریز
1393,تجربی,937,375,منطقه 1,داروسازی,دانشگاه علوم پزشکی تهران
1393,تجربی,937,452,منطقه 2,پزشکی,دانشگاه علوم پزشکی گیلان - رشت
1393,تجربی,939,453,منطقه 2,دندانپزشکی,دانشگاه علوم پزشکی مشهد
1393,تجربی,940,454,منطقه 2,پزشکی,دانشگاه علوم پزشکی ایران
1393,تجربی,941,455,منطقه 2,دندانپزشکی,دانشگاه علوم پزشکی اصفهان
1393,تجربی,942,18,ایثارگران,پزشکی,دانشگاه علوم پزشکی تهران
1393,تجربی,942,456,منطقه 2,پزشکی,دانشگاه علوم پزشکی شیراز
1393,تجربی,944,457,منطقه 2,پزشکی,دانشگاه علوم پزشکی بابل
1393,تجربی,946,94,منطقه 3,پزشکی,دانشگاه علوم پزشکی شیراز
1393,تجربی,946,376,منطقه 1,پزشکی,دانشگاه علوم پزشکی تبریز
1393,تجربی,946,376,منطقه 1,پزشکی,دانشگاه علوم پزشکی شیراز
1393,تجربی,952,95,منطقه 3,پزشکی,دانشگاه علوم پزشکی شیراز
1393,تجربی,952,95,منطقه 3,پزشکی,دانشگاه علوم پزشکی مشهد
1393,تجربی,952,378,منطقه 1,دندانپزشکی,دانشگاه علوم پزشکی ارومیه
1393,تجربی,952,459,منطقه 2,پزشکی,دانشگاه علوم پزشکی اصفهان
1393,تجربی,952,459,منطقه 2,پزشکی,دانشگاه علوم پزشکی یزد
1393,تجربی,957,380,منطقه 1,دندانپزشکی,دانشگاه علوم پزشکی شیراز
1393,تجربی,957,461,منطقه 2,پزشکی,دانشگاه علوم پزشکی گیلان - رشت
1393,تجربی,959,463,منطقه 2,پزشکی,دانشگاه علوم پزشکی بقیه الله
1393,تجربی,960,20,ایثارگران,پزشکی,دانشگاه علوم پزشکی تبریز
1393,تجربی,960,97,منطقه 3,پزشکی,دانشگاه علوم پزشکی تهران
1393,تجربی,962,464,منطقه 2,پزشکی,دانشگاه علوم پزشکی یزد
1393,تجربی,963,381,منطقه 1,پزشکی,دانشگاه علوم پزشکی شیراز
1393,تجربی,965,98,منطقه 3,پزشکی,دانشگاه علوم پزشکی مشهد
1393,تجربی,965,382,منطقه 1,دندانپزشکی,دانشگاه شاهد - تهران(رشته های پزشکی)
1393,تجربی,965,382,منطقه 1,دندانپزشکی,دانشگاه علوم پزشکی اصفهان
1393,تجربی,965,465,منطقه 2,پزشکی,دانشگاه علوم پزشکی تبریز
1393,تجربی,968,99,منطقه 3,پزشکی,دانشگاه علوم پزشکی اصفهان
1393,تجربی,969,384,منطقه 1,پزشکی,دانشگاه علوم پزشکی اصفهان
1393,تجربی,971,385,منطقه 1,پزشکی,دانشگاه علوم پزشکی تبریز
1393,تجربی,971,467,منطقه 2,پزشکی,دانشگاه علوم پزشکی اصفهان
1393,تجربی,971,467,منطقه 2,پزشکی,دانشگاه علوم پزشکی همدان
1393,تجربی,974,100,منطقه 3,پزشکی,دانشگاه علوم پزشکی شیراز
1393,تجربی,974,469,منطقه 2,پزشکی,دانشگاه علوم پزشکی یزد
1393,تجربی,976,101,منطقه 3,دندانپزشکی,دانشگاه علوم پزشکی شیراز
1393,تجربی,977,21,ایثارگران,پزشکی,دانشگاه علوم پزشکی شهید بهشتی - تهران
1393,تجربی,977,386,منطقه 1,دندانپزشکی,دانشگاه علوم پزشکی مشهد
1393,تجربی,979,470,منطقه 2,پزشکی,دانشگاه علوم پزشکی اصفهان
1393,تجربی,979,470,منطقه 2,پزشکی,دانشگاه علوم پزشکی یزد
1393,تجربی,981,387,منطقه 1,دندانپزشکی,دانشگاه علوم پزشکی البرز - کرج
1393,تجربی,981,472,منطقه 2,پزشکی,دانشگاه علوم پزشکی همدان
1393,تجربی,983,388,منطقه 1,پزشکی,دانشگاه علوم پزشکی اصفهان
1393,تجربی,983,473,منطقه 2,پزشکی,دانشگاه علوم پزشکی تبریز
1393,تجربی,986,389,منطقه 1,پزشکی,دانشگاه علوم پزشکی تبریز
1393,تجربی,986,474,منطقه 2,دندانپزشکی,دانشگاه علوم پزشکی تبریز
1393,تجربی,986,474,منطقه 2,پزشکی,دانشگاه علوم پزشکی یزد
1393,تجربی,988,476,منطقه 2,پزشکی,دانشگاه علوم پزشکی مشهد
1393,تجربی,988,476,منطقه 2,پزشکی,دانشگاه علوم پزشکی یزد
1393,تجربی,990,102,منطقه 3,پزشکی,دانشگاه علوم پزشکی اصفهان
1393,تجربی,990,390,منطقه 1,دندانپزشکی,دانشگاه علوم پزشکی مشهد
1393,تجربی,993,103,منطقه 3,پزشکی,دانشگاه علوم پزشکی مشهد
1393,تجربی,993,391,منطقه 1,پزشکی,دانشگاه علوم پزشکی تبریز
1393,تجربی,993,478,منطقه 2,داروسازی,دانشگاه علوم پزشکی تهران
1393,تجربی,993,478,منطقه 2,پزشکی,دانشگاه علوم پزشکی جندی شاپور اهواز
1393,تجربی,998,104,منطقه 3,پزشکی,دانشگاه علوم پزشکی گیلان - رشت
1393,تجربی,998,392,منطقه 1,دندانپزشکی,دانشگاه علوم پزشکی اصفهان
1393,تجربی,998,480,منطقه 2,پزشکی,دانشگاه علوم پزشکی ایران
1393,تجربی,998,480,منطقه 2,پزشکی,دانشگاه علوم پزشکی یزد
1393,تجربی,1002,106,منطقه 3,پزشکی,دانشگاه علوم پزشکی ارومیه
1393,تجربی,1002,106,منطقه 3,پزشکی,دانشگاه علوم پزشکی شیراز
1393,تجربی,1002,482,منطقه 2,پزشکی,دانشگاه علوم پزشکی ایران
1393,تجربی,1005,394,منطقه 1,پزشکی,دانشگاه علوم پزشکی اصفهان
1393,تجربی,1005,394,منطقه 1,پزشکی,دانشگاه علوم پزشکی البرز - کرج
1393,تجربی,1008,483,منطقه 2,دندانپزشکی,دانشگاه علوم پزشکی یزد
1393,تجربی,1009,484,منطقه 2,دندانپزشکی,دانشگاه علوم پزشکی گیلان - رشت
1393,تجربی,1009,484,منطقه 2,پزشکی,دانشگاه علوم پزشکی اصفهان
1393,تجربی,1012,397,منطقه 1,داروسازی,دانشگاه علوم پزشکی تهران
1393,تجربی,1012,397,منطقه 1,دندانپزشکی,دانشگاه علوم پزشکی همدان
1393,تجربی,1012,486,منطقه 2,دندانپزشکی,دانشگاه علوم پزشکی مشهد
1393,تجربی,1017,400,منطقه 1,داروسازی,دانشگاه علوم پزشکی شهید بهشتی - تهران
1393,تجربی,1017,400,منطقه 1,پزشکی,دانشگاه علوم پزشکی اصفهان
1393,تجربی,1017,487,منطقه 2,پزشکی,دانشگاه علوم پزشکی اصفهان
1393,تجربی,1022,108,منطقه 3,دندانپزشکی,دانشگاه علوم پزشکی تهران
1393,تجربی,1022,404,منطقه 1,پزشکی,دانشگاه علوم پزشکی تبریز
1393,تجربی,1022,488,منطقه 2,پزشکی,دانشگاه علوم پزشکی تبریز
1393,تجربی,1025,109,منطقه 3,پزشکی,دانشگاه علوم پزشکی مشهد
1393,تجربی,1027,110,منطقه 3,پزشکی,دانشگاه علوم پزشکی مشهد
1393,تجربی,1027,406,منطقه 1,پزشکی,دانشگاه علوم پزشکی قزوین
1393,تجربی,1030,408,منطقه 1,دندانپزشکی,دانشگاه علوم پزشکی اصفهان
1393,تجربی,1030,408,منطقه 1,دندانپزشکی,دانشگاه علوم پزشکی تبریز
1393,تجربی,1030,408,منطقه 1,پزشکی,دانشگاه علوم پزشکی تبریز
1393,تجربی,1032,410,منطقه 1,پزشکی,دانشگاه علوم پزشکی اصفهان
1393,تجربی,1034,111,منطقه 3,دندانپزشکی,دانشگاه علوم پزشکی تبریز
1393,تجربی,1034,111,منطقه 3,پزشکی,دانشگاه علوم پزشکی مشهد
1393,تجربی,1036,411,منطقه 1,پزشکی,دانشگاه علوم پزشکی تبریز
1393,تجربی,1037,113,منطقه 3,پزشکی,دانشگاه علوم پزشکی کرمان
1393,تجربی,1039,412,منطقه 1,دندانپزشکی,دانشگاه علوم پزشکی شیراز
1393,تجربی,1041,413,منطقه 1,پزشکی,دانشگاه شاهد - تهران(رشته های پزشکی)
1393,تجربی,1041,413,منطقه 1,پزشکی,دانشگاه علوم پزشکی گیلان - رشت
1393,تجربی,1043,492,منطقه 2,پزشکی,دانشگاه علوم پزشکی ایران
1393,تجربی,1047,114,منطقه 3,دندانپزشکی,دانشگاه علوم پزشکی تبریز
1393,تجربی,1047,417,منطقه 1,پزشکی,دانشگاه علوم پزشکی اصفهان
1393,تجربی,1047,417,منطقه 1,پزشکی,دانشگاه علوم پزشکی تبریز
1393,تجربی,1047,493,منطقه 2,پزشکی,دانشگاه علوم پزشکی اصفهان
1393,تجربی,1050,115,منطقه 3,پزشکی,دانشگاه علوم پزشکی تبریز
1393,تجربی,1050,419,منطقه 1,پزشکی,دانشگاه علوم پزشکی تبریز
1393,تجربی,1052,420,منطقه 1,داروسازی,دانشگاه علوم پزشکی تهران
1393,تجربی,1052,494,منطقه 2,دندانپزشکی,دانشگاه علوم پزشکی تبریز
1393,تجربی,1054,421,منطقه 1,پزشکی,دانشگاه علوم پزشکی مشهد
1393,تجربی,1055,116,منطقه 3,پزشکی,دانشگاه علوم پزشکی مشهد
1393,تجربی,1055,495,منطقه 2,پزشکی,دانشگاه علوم پزشکی مشهد
1393,تجربی,1058,117,منطقه 3,دندانپزشکی,دانشگاه علوم پزشکی مشهد
1393,تجربی,1058,422,منطقه 1,پزشکی,دانشگاه علوم پزشکی اصفهان
1393,تجربی,1060,424,منطقه 1,دندانپزشکی,دانشگاه علوم پزشکی شیراز
1393,تجربی,1060,496,منطقه 2,پزشکی,دانشگاه علوم پزشکی جندی شاپور اهواز
1393,تجربی,1063,425,منطقه 1,پزشکی,دانشگاه علوم پزشکی تبریز
1393,تجربی,1063,497,منطقه 2,دندانپزشکی,دانشگاه علوم پزشکی اصفهان
1393,تجربی,1063,497,منطقه 2,پزشکی,دانشگاه علوم پزشکی کرمانشاه
1393,تجربی,1066,426,منطقه 1,داروسازی,دانشگاه علوم پزشکی تهران
1393,تجربی,1066,426,منطقه 1,پزشکی,دانشگاه علوم پزشکی البرز - کرج
1393,تجربی,1069,119,منطقه 3,پزشکی,دانشگاه علوم پزشکی تهران
1393,تجربی,1069,119,منطقه 3,پزشکی,دانشگاه علوم پزشکی مشهد
1393,تجربی,1069,499,منطقه 2,دندانپزشکی,دانشگاه علوم پزشکی تهران
1393,تجربی,1069,499,منطقه 2,پزشکی,دانشگاه علوم پزشکی گیلان - رشت
1393,تجربی,1073,428,منطقه 1,داروسازی,دانشگاه علوم پزشکی تهران
1393,تجربی,1073,428,منطقه 1,پزشکی,دانشگاه علوم پزشکی تبریز
1393,تجربی,1073,501,منطقه 2,دندانپزشکی,دانشگاه علوم پزشکی شهید بهشتی - تهران
1393,تجربی,1077,431,منطقه 1,دندانپزشکی,دانشگاه علوم پزشکی کرمان
1393,تجربی,1077,431,منطقه 1,پزشکی,دانشگاه شاهد - تهران(رشته های پزشکی)
1393,تجربی,1077,431,منطقه 1,پزشکی,دانشگاه علوم پزشکی کرمانشاه
1393,تجربی,1077,502,منطقه 2,داروسازی,دانشگاه علوم پزشکی تهران
1393,تجربی,1077,502,منطقه 2,دندانپزشکی,دانشگاه علوم پزشکی کرمان
1393,تجربی,1083,505,منطقه 2,پزشکی,دانشگاه علوم پزشکی جندی شاپور اهواز
1393,تجربی,1085,435,منطقه 1,پزشکی,دانشگاه علوم پزشکی مشهد
1393,تجربی,1087,122,منطقه 3,دندانپزشکی,دانشگاه علوم پزشکی مشهد
1393,تجربی,1087,122,منطقه 3,پزشکی,دانشگاه علوم پزشکی مشهد
1393,تجربی,1087,436,منطقه 1,پزشکی,دانشگاه علوم پزشکی مشهد
1393,تجربی,1087,506,منطقه 2,پزشکی,دانشگاه علوم پزشکی ایران
1393,تجربی,1091,437,منطقه 1,پزشکی,دانشگاه علوم پزشکی البرز - کرج
1393,تجربی,1091,507,منطقه 2,پزشکی,دانشگاه علوم پزشکی یزد
1393,تجربی,1094,124,منطقه 3,پزشکی,دانشگاه علوم پزشکی مشهد
1393,تجربی,1094,509,منطقه 2,پزشکی,دانشگاه علوم پزشکی کرمانشاه
1393,تجربی,1096,439,منطقه 1,پزشکی,دانشگاه علوم پزشکی تبریز
1393,تجربی,1096,510,منطقه 2,پزشکی,دانشگاه علوم پزشکی مشهد
1393,تجربی,1098,440,منطقه 1,پزشکی,دانشگاه علوم پزشکی البرز - کرج
1393,تجربی,1098,511,منطقه 2,پزشکی,دانشگاه علوم پزشکی جندی شاپور اهواز
1393,تجربی,1101,441,منطقه 1,پزشکی,دانشگاه علوم پزشکی اصفهان
1393,تجربی,1101,441,منطقه 1,پزشکی,دانشگاه علوم پزشکی مشهد
1393,تجربی,1101,512,منطقه 2,دندانپزشکی,دانشگاه علوم پزشکی تبریز
1393,تجربی,1103,443,منطقه 1,پزشکی,دانشگاه شاهد - تهران(رشته های پزشکی)
1393,تجربی,1104,444,منطقه 1,پزشکی,دانشگاه علوم پزشکی تبریز
1393,تجربی,1104,444,منطقه 1,پزشکی,دانشگاه علوم پزشکی یزد
1393,تجربی,1107,514,منطقه 2,دندانپزشکی,دانشگاه علوم پزشکی همدان
1393,تجربی,1107,514,منطقه 2,پزشکی,دانشگاه علوم پزشکی اصفهان
1393,تجربی,1109,516,منطقه 2,پزشکی,دانشگاه علوم پزشکی قم
1393,تجربی,1110,446,منطقه 1,پزشکی,دانشگاه علوم پزشکی مشهد
1393,تجربی,1111,517,منطقه 2,پزشکی,دانشگاه علوم پزشکی اصفهان
1393,تجربی,1113,125,منطقه 3,پزشکی,دانشگاه علوم پزشکی مشهد
1393,تجربی,1114,126,منطقه 3,پزشکی,دانشگاه علوم پزشکی مشهد
1393,تجربی,1114,518,منطقه 2,دندانپزشکی,دانشگاه علوم پزشکی قزوین
1393,تجربی,1116,448,منطقه 1,داروسازی,دانشگاه علوم پزشکی شهید بهشتی - تهران
1393,تجربی,1117,519,منطقه 2,پزشکی,دانشگاه علوم پزشکی مشهد
1393,تجربی,1117,519,منطقه 2,پزشکی,دانشگاه علوم پزشکی گیلان - رشت
1393,تجربی,1119,521,منطقه 2,پزشکی,دانشگاه علوم پزشکی تبریز
1393,تجربی,1119,521,منطقه 2,پزشکی,دانشگاه علوم پزشکی مشهد
1393,تجربی,1121,127,منطقه 3,دندانپزشکی,دانشگاه علوم پزشکی همدان
1393,تجربی,1121,523,منطقه 2,دندانپزشکی,دانشگاه علوم پزشکی تبریز
1393,تجربی,1123,449,منطقه 1,دندانپزشکی,دانشگاه علوم پزشکی یزد
1393,تجربی,1123,524,منطقه 2,پزشکی,دانشگاه علوم پزشکی مشهد
1393,تجربی,1125,450,منطقه 1,داروسازی,دانشگاه علوم پزشکی تهران
1393,تجربی,1126,525,منطقه 2,پزشکی,دانشگاه علوم پزشکی مشهد
1393,تجربی,1128,128,منطقه 3,پزشکی,دانشگاه علوم پزشکی کرمان
1393,تجربی,1130,129,منطقه 3,داروسازی,دانشگاه علوم پزشکی تبریز
1393,تجربی,1130,452,منطقه 1,پزشکی,دانشگاه علوم پزشکی مشهد
1393,تجربی,1130,452,منطقه 1,پزشکی,دانشگاه علوم پزشکی مشهد - پردیس خودگردان
1393,تجربی,1130,452,منطقه 1,پزشکی,دانشگاه علوم پزشکی گیلان - رشت
1393,تجربی,1133,526,منطقه 2,پزشکی,دانشگاه علوم پزشکی ایران
1393,تجربی,1137,455,منطقه 1,پزشکی,دانشگاه شاهد - تهران(رشته های پزشکی)
1393,تجربی,1137,529,منطقه 2,پزشکی,دانشگاه علوم پزشکی اصفهان
1393,تجربی,1137,529,منطقه 2,پزشکی,دانشگاه علوم پزشکی تبریز
1393,تجربی,1137,529,منطقه 2,پزشکی,دانشگاه علوم پزشکی شیراز
1393,تجربی,1143,457,منطقه 1,پزشکی,دانشگاه علوم پزشکی یزد
1393,تجربی,1143,532,منطقه 2,دندانپزشکی,دانشگاه علوم پزشکی قزوین
1393,تجربی,1143,532,منطقه 2,پزشکی,دانشگاه علوم پزشکی مشهد
1393,تجربی,1143,532,منطقه 2,پزشکی,دانشگاه علوم پزشکی کرمانشاه
1393,تجربی,1147,130,منطقه 3,پزشکی,دانشگاه علوم پزشکی مشهد
1393,تجربی,1147,534,منطقه 2,دندانپزشکی,دانشگاه علوم پزشکی مازندران - ساری
1393,تجربی,1149,131,منطقه 3,پزشکی,دانشگاه علوم پزشکی همدان
1393,تجربی,1149,536,منطقه 2,پزشکی,دانشگاه علوم پزشکی تبریز
1393,تجربی,1152,538,منطقه 2,دندانپزشکی,دانشگاه علوم پزشکی گیلان - رشت
1393,تجربی,1152,538,منطقه 2,پزشکی,دانشگاه علوم پزشکی اصفهان
1393,تجربی,1152,538,منطقه 2,پزشکی,دانشگاه علوم پزشکی شیراز
1393,تجربی,1155,459,منطقه 1,داروسازی,دانشگاه علوم پزشکی شهید بهشتی - تهران
1393,تجربی,1157,541,منطقه 2,پزشکی,دانشگاه علوم پزشکی گیلان - رشت
1393,تجربی,1158,542,منطقه 2,پزشکی,دانشگاه علوم پزشکی شیراز
1393,تجربی,1160,461,منطقه 1,پزشکی,دانشگاه علوم پزشکی فسا
1393,تجربی,1160,543,منطقه 2,پزشکی,دانشگاه علوم پزشکی مشهد
1393,تجربی,1162,132,منطقه 3,پزشکی,دانشگاه علوم پزشکی شیراز
1393,تجربی,1162,544,منطقه 2,پزشکی,دانشگاه علوم پزشکی مشهد
1393,تجربی,1165,133,منطقه 3,دندانپزشکی,دانشگاه علوم پزشکی گیلان - رشت
1393,تجربی,1165,462,منطقه 1,دندانپزشکی,دانشگاه علوم پزشکی شیراز
1393,تجربی,1165,462,منطقه 1,پزشکی,دانشگاه شاهد - تهران(رشته های پزشکی)
1393,تجربی,1165,545,منطقه 2,پزشکی,دانشگاه علوم پزشکی اصفهان
1393,تجربی,1169,464,منطقه 1,دندانپزشکی,دانشگاه علوم پزشکی البرز - کرج
1393,تجربی,1169,546,منطقه 2,داروسازی,دانشگاه علوم پزشکی مشهد
1393,تجربی,1169,546,منطقه 2,دندانپزشکی,دانشگاه علوم پزشکی گیلان - رشت
1393,تجربی,1172,134,منطقه 3,پزشکی,دانشگاه علوم پزشکی شیراز
1393,تجربی,1172,465,منطقه 1,پزشکی,دانشگاه علوم پزشکی البرز - کرج
1393,تجربی,1172,465,منطقه 1,پزشکی,دانشگاه علوم پزشکی مشهد
1393,تجربی,1175,467,منطقه 1,داروسازی,دانشگاه علوم پزشکی شهید بهشتی - تهران
1393,تجربی,1175,548,منطقه 2,پزشکی,دانشگاه علوم پزشکی مشهد
1393,تجربی,1178,468,منطقه 1,پزشکی,دانشگاه علوم پزشکی البرز - کرج
1393,تجربی,1178,549,منطقه 2,پزشکی,دانشگاه علوم پزشکی شیراز
1393,تجربی,1181,550,منطقه 2,پزشکی,دانشگاه علوم پزشکی جیرفت
1393,تجربی,1181,550,منطقه 2,پزشکی,دانشگاه علوم پزشکی مشهد
1393,تجربی,1185,137,منطقه 3,دندانپزشکی,دانشگاه علوم پزشکی مشهد
1393,تجربی,1185,552,منطقه 2,پزشکی,دانشگاه علوم پزشکی تبریز
1393,تجربی,1187,554,منطقه 2,دندانپزشکی,دانشگاه علوم پزشکی اردبیل
1393,تجربی,1188,138,منطقه 3,دندانپزشکی,دانشگاه علوم پزشکی قزوین
1393,تجربی,1188,555,منطقه 2,پزشکی,دانشگاه علوم پزشکی اصفهان
1393,تجربی,1191,139,منطقه 3,پزشکی,دانشگاه علوم پزشکی تبریز
1393,تجربی,1191,139,منطقه 3,پزشکی,دانشگاه علوم پزشکی جندی شاپور اهواز
1393,تجربی,1191,556,منطقه 2,دندانپزشکی,دانشگاه علوم پزشکی بابل
1393,تجربی,1191,556,منطقه 2,پزشکی,دانشگاه علوم پزشکی اصفهان
1393,تجربی,1194,470,منطقه 1,پزشکی,دانشگاه شاهد - تهران(رشته های پزشکی)
1393,تجربی,1194,558,منطقه 2,پزشکی,دانشگاه علوم پزشکی اصفهان
1393,تجربی,1200,141,منطقه 3,پزشکی,دانشگاه علوم پزشکی ایران
1393,تجربی,1200,141,منطقه 3,پزشکی,دانشگاه علوم پزشکی مشهد
1393,تجربی,1200,471,منطقه 1,دندانپزشکی,دانشگاه علوم پزشکی کرمان
1393,تجربی,1200,471,منطقه 1,پزشکی,دانشگاه شاهد - تهران(رشته های پزشکی)
1393,تجربی,1200,561,منطقه 2,داروسازی,دانشگاه علوم پزشکی اصفهان
1393,تجربی,1200,561,منطقه 2,دندانپزشکی,دانشگاه علوم پزشکی البرز - کرج
1393,تجربی,1200,561,منطقه 2,دندانپزشکی,دانشگاه علوم پزشکی جندی شاپور اهواز
1393,تجربی,1208,473,منطقه 1,دندانپزشکی,دانشگاه علوم پزشکی شیراز
1393,تجربی,1208,473,منطقه 1,پزشکی,دانشگاه علوم پزشکی البرز - کرج
1393,تجربی,1208,566,منطقه 2,دندانپزشکی,دانشگاه علوم پزشکی اصفهان
1393,تجربی,1208,566,منطقه 2,دندانپزشکی,دانشگاه علوم پزشکی تبریز
1393,تجربی,1208,566,منطقه 2,پزشکی,دانشگاه علوم پزشکی اصفهان
1393,تجربی,1211,143,منطقه 3,دندانپزشکی,دانشگاه علوم پزشکی گیلان - رشت
1393,تجربی,1211,143,منطقه 3,پزشکی,دانشگاه علوم پزشکی مشهد
1393,تجربی,1213,568,منطقه 2,پزشکی,دانشگاه علوم پزشکی اصفهان
1393,تجربی,1215,475,منطقه 1,دندانپزشکی,دانشگاه علوم پزشکی یزد
1393,تجربی,1217,146,منطقه 3,پزشکی,دانشگاه علوم پزشکی تبریز
1393,تجربی,1217,477,منطقه 1,پزشکی,دانشگاه علوم پزشکی تبریز
1393,تجربی,1219,147,منطقه 3,پزشکی,دانشگاه علوم پزشکی کرمانشاه
1393,تجربی,1219,569,منطقه 2,پزشکی,دانشگاه علوم پزشکی گیلان - رشت
1393,تجربی,1222,478,منطقه 1,داروسازی,دانشگاه علوم پزشکی مشهد
1393,تجربی,1222,570,منطقه 2,پزشکی,دانشگاه علوم پزشکی تبریز
1393,تجربی,1225,148,منطقه 3,پزشکی,دانشگاه علوم پزشکی مشهد
1393,تجربی,1225,571,منطقه 2,پزشکی,دانشگاه علوم پزشکی گیلان - رشت
1393,تجربی,1228,481,منطقه 1,پزشکی,دانشگاه علوم پزشکی کرمان
1393,تجربی,1231,575,منطقه 2,دندانپزشکی,دانشگاه علوم پزشکی همدان
1393,تجربی,1231,575,منطقه 2,پزشکی,دانشگاه علوم پزشکی رفسنجان
1393,تجربی,1236,149,منطقه 3,پزشکی,دانشگاه علوم پزشکی تبریز
1393,تجربی,1236,483,منطقه 1,دندانپزشکی,دانشگاه علوم پزشکی یزد
1393,تجربی,1236,577,منطقه 2,دندانپزشکی,دانشگاه علوم پزشکی بابل
1393,تجربی,1236,577,منطقه 2,پزشکی,دانشگاه علوم پزشکی تبریز
1393,تجربی,1239,485,منطقه 1,پزشکی,دانشگاه علوم پزشکی البرز - کرج
1393,تجربی,1239,579,منطقه 2,دندانپزشکی,دانشگاه علوم پزشکی جندی شاپور اهواز
1393,تجربی,1241,486,منطقه 1,پزشکی,دانشگاه علوم پزشکی تبریز
1393,تجربی,1241,580,منطقه 2,دندانپزشکی,دانشگاه علوم پزشکی شیراز
1393,تجربی,1244,150,منطقه 3,پزشکی,دانشگاه علوم پزشکی کرمانشاه
1393,تجربی,1244,487,منطقه 1,دندانپزشکی,دانشگاه علوم پزشکی قزوین
1393,تجربی,1244,487,منطقه 1,پزشکی,دانشگاه علوم پزشکی تبریز
1393,تجربی,1246,151,منطقه 3,دندانپزشکی,دانشگاه علوم پزشکی مشهد
1393,تجربی,1250,153,منطقه 3,پزشکی,دانشگاه علوم پزشکی لرستان - خرم آباد
1393,تجربی,1250,153,منطقه 3,پزشکی,دانشگاه علوم پزشکی گیلان - رشت
1393,تجربی,1250,489,منطقه 1,پزشکی,دانشگاه علوم پزشکی مشهد
1393,تجربی,1250,489,منطقه 1,پزشکی,دانشگاه علوم پزشکی یزد
1393,تجربی,1250,581,منطقه 2,دندانپزشکی,دانشگاه علوم پزشکی کرمان
1393,تجربی,1254,491,منطقه 1,پزشکی,دانشگاه علوم پزشکی تبریز
1393,تجربی,1254,491,منطقه 1,پزشکی,دانشگاه علوم پزشکی کاشان
1393,تجربی,1256,582,منطقه 2,پزشکی,دانشگاه علوم پزشکی شیراز
1393,تجربی,1257,155,منطقه 3,پزشکی,دانشگاه علوم پزشکی مشهد
1393,تجربی,1259,493,منطقه 1,داروسازی,دانشگاه علوم پزشکی شهید بهشتی - تهران
1393,تجربی,1259,584,منطقه 2,پزشکی,دانشگاه علوم پزشکی گیلان - رشت
1393,تجربی,1264,495,منطقه 1,دندانپزشکی,دانشگاه علوم پزشکی قزوین
1393,تجربی,1264,495,منطقه 1,دندانپزشکی,دانشگاه علوم پزشکی یزد
1393,تجربی,1264,586,منطقه 2,پزشکی,دانشگاه علوم پزشکی تبریز
1393,تجربی,1264,586,منطقه 2,پزشکی,دانشگاه علوم پزشکی مشهد
1393,تجربی,1264,586,منطقه 2,پزشکی,دانشگاه علوم پزشکی کرمانشاه
1393,تجربی,1270,588,منطقه 2,داروسازی,دانشگاه علوم پزشکی تهران
1393,تجربی,1270,588,منطقه 2,پزشکی,دانشگاه علوم پزشکی مازندران - ساری
1393,تجربی,1272,590,منطقه 2,دندانپزشکی,دانشگاه علوم پزشکی همدان
1393,تجربی,1272,590,منطقه 2,پزشکی,دانشگاه علوم پزشکی زاهدان
1393,تجربی,1275,500,منطقه 1,پزشکی,دانشگاه علوم پزشکی تبریز
1393,تجربی,1279,503,منطقه 1,داروسازی,دانشگاه علوم پزشکی تهران
1393,تجربی,1279,503,منطقه 1,دندانپزشکی,دانشگاه شاهد - تهران(رشته های پزشکی)
1393,تجربی,1279,503,منطقه 1,دندانپزشکی,دانشگاه علوم پزشکی کرمان
1393,تجربی,1279,592,منطقه 2,پزشکی,دانشگاه علوم پزشکی اصفهان
1393,تجربی,1283,505,منطقه 1,پزشکی,دانشگاه علوم پزشکی تبریز
1393,تجربی,1283,593,منطقه 2,پزشکی,دانشگاه علوم پزشکی اصفهان
1393,تجربی,1283,593,منطقه 2,پزشکی,دانشگاه علوم پزشکی مشهد
1393,تجربی,1287,507,منطقه 1,پزشکی,دانشگاه علوم پزشکی البرز - کرج
1393,تجربی,1287,595,منطقه 2,پزشکی,دانشگاه علوم پزشکی ایران
1393,تجربی,1287,595,منطقه 2,پزشکی,دانشگاه علوم پزشکی همدان
1393,تجربی,1289,508,منطقه 1,پزشکی,دانشگاه علوم پزشکی تهران
1393,تجربی,1289,508,منطقه 1,پزشکی,دانشگاه علوم پزشکی مشهد
1393,تجربی,1292,510,منطقه 1,پزشکی,دانشگاه علوم پزشکی تبریز
1393,تجربی,1292,510,منطقه 1,پزشکی,دانشگاه علوم پزشکی شهیدبهشتی - تهران - پردیس خودگردان
1393,تجربی,1292,597,منطقه 2,پزشکی,دانشگاه علوم پزشکی تبریز
1393,تجربی,1294,157,منطقه 3,پزشکی,دانشگاه علوم پزشکی کرمان
1393,تجربی,1294,598,منطقه 2,پزشکی,دانشگاه علوم پزشکی تبریز
1393,تجربی,1297,600,منطقه 2,دندانپزشکی,دانشگاه علوم پزشکی بابل
1393,تجربی,1297,600,منطقه 2,پزشکی,دانشگاه علوم پزشکی جندی شاپور اهواز
1393,تجربی,1297,600,منطقه 2,پزشکی,دانشگاه علوم پزشکی شیراز
1393,تجربی,1301,158,منطقه 3,داروسازی,دانشگاه علوم پزشکی شهید بهشتی - تهران
1393,تجربی,1301,602,منطقه 2,دندانپزشکی,دانشگاه علوم پزشکی مازندران - ساری
1393,تجربی,1303,603,منطقه 2,پزشکی,دانشگاه علوم پزشکی مشهد
1393,تجربی,1306,159,منطقه 3,دندانپزشکی,دانشگاه علوم پزشکی جندی شاپور اهواز
1393,تجربی,1306,159,منطقه 3,پزشکی,دانشگاه علوم پزشکی تبریز
1393,تجربی,1306,514,منطقه 1,پزشکی,دانشگاه علوم پزشکی قزوین
1393,تجربی,1306,604,منطقه 2,پزشکی,دانشگاه علوم پزشکی ارومیه
1393,تجربی,1306,604,منطقه 2,پزشکی,دانشگاه علوم پزشکی شیراز
1393,تجربی,1311,515,منطقه 1,پزشکی,دانشگاه شاهد - تهران(رشته های پزشکی)
1393,تجربی,1311,608,منطقه 2,دندانپزشکی,دانشگاه علوم پزشکی بابل
1393,تجربی,1311,608,منطقه 2,دندانپزشکی,دانشگاه علوم پزشکی تبریز
1393,تجربی,1311,608,منطقه 2,پزشکی,دانشگاه علوم پزشکی تبریز
1393,تجربی,1311,608,منطقه 2,پزشکی,دانشگاه علوم پزشکی کرمان
1393,تجربی,1311,608,منطقه 2,پزشکی,دانشگاه علوم پزشکی گیلان - رشت
1393,تجربی,1315,611,منطقه 2,پزشکی,دانشگاه علوم پزشکی ارومیه
1393,تجربی,1315,611,منطقه 2,پزشکی,دانشگاه علوم پزشکی تبریز
1393,تجربی,1317,161,منطقه 3,پزشکی,دانشگاه علوم پزشکی مشهد
1393,تجربی,1318,162,منطقه 3,پزشکی,دانشگاه علوم پزشکی شیراز
1393,تجربی,1318,613,منطقه 2,پزشکی,دانشگاه علوم پزشکی کرمانشاه
1393,تجربی,1320,614,منطقه 2,پزشکی,دانشگاه علوم پزشکی جندی شاپور اهواز
1393,تجربی,1322,516,منطقه 1,پزشکی,دانشگاه شاهد - تهران(رشته های پزشکی)
1393,تجربی,1322,516,منطقه 1,پزشکی,دانشگاه علوم پزشکی مشهد
1393,تجربی,1322,615,منطقه 2,دندانپزشکی,دانشگاه علوم پزشکی ارومیه
1393,تجربی,1325,163,منطقه 3,پزشکی,دانشگاه علوم پزشکی همدان
1393,تجربی,1325,518,منطقه 1,دندانپزشکی,دانشگاه علوم پزشکی شیراز - پردیس خودگردان
1393,تجربی,1325,616,منطقه 2,پزشکی,دانشگاه علوم پزشکی مشهد
1393,تجربی,1327,617,منطقه 2,دندانپزشکی,دانشگاه علوم پزشکی شیراز
1393,تجربی,1327,617,منطقه 2,پزشکی,دانشگاه علوم پزشکی اصفهان
1393,تجربی,1330,164,منطقه 3,پزشکی,دانشگاه علوم پزشکی شیراز
1393,تجربی,1330,519,منطقه 1,پزشکی,دانشگاه علوم پزشکی فسا
1393,تجربی,1330,619,منطقه 2,پزشکی,دانشگاه علوم پزشکی ایران
1393,تجربی,1332,620,منطقه 2,پزشکی,دانشگاه علوم پزشکی بابل
1393,تجربی,1333,165,منطقه 3,پزشکی,دانشگاه علوم پزشکی مشهد
1393,تجربی,1333,520,منطقه 1,داروسازی,دانشگاه علوم پزشکی تهران
1393,تجربی,1335,621,منطقه 2,پزشکی,دانشگاه علوم پزشکی مازندران - ساری
1393,تجربی,1337,166,منطقه 3,پزشکی,دانشگاه علوم پزشکی همدان
1393,تجربی,1337,622,منطقه 2,دندانپزشکی,دانشگاه علوم پزشکی بوشهر
1393,تجربی,1340,167,منطقه 3,پزشکی,دانشگاه علوم پزشکی شهید بهشتی - تهران
1393,تجربی,1340,522,منطقه 1,دندانپزشکی,دانشگاه علوم پزشکی قزوین
1393,تجربی,1340,522,منطقه 1,پزشکی,دانشگاه علوم پزشکی تبریز
1393,تجربی,1342,524,منطقه 1,داروسازی,دانشگاه علوم پزشکی شهید بهشتی - تهران
1393,تجربی,1342,524,منطقه 1,پزشکی,دانشگاه علوم پزشکی مشهد
1393,تجربی,1344,623,منطقه 2,پزشکی,دانشگاه علوم پزشکی ایران
1393,تجربی,1346,526,منطقه 1,دندانپزشکی,دانشگاه علوم پزشکی یزد
1393,تجربی,1346,526,منطقه 1,پزشکی,دانشگاه علوم پزشکی تبریز
1393,تجربی,1346,624,منطقه 2,دندانپزشکی,دانشگاه علوم پزشکی بابل
1393,تجربی,1346,624,منطقه 2,پزشکی,دانشگاه علوم پزشکی یزد
1393,تجربی,1351,627,منطقه 2,دندانپزشکی,دانشگاه علوم پزشکی قزوین
1393,تجربی,1351,627,منطقه 2,پزشکی,دانشگاه علوم پزشکی ایران
1393,تجربی,1351,627,منطقه 2,پزشکی,دانشگاه علوم پزشکی مشهد
1393,تجربی,1351,627,منطقه 2,پزشکی,دانشگاه علوم پزشکی گناباد
1393,تجربی,1355,168,منطقه 3,دندانپزشکی,دانشگاه علوم پزشکی تبریز
1393,تجربی,1355,528,منطقه 1,پزشکی,دانشگاه علوم پزشکی یزد
1393,تجربی,1355,630,منطقه 2,دندانپزشکی,دانشگاه علوم پزشکی یزد
1393,تجربی,1355,630,منطقه 2,پزشکی,دانشگاه علوم پزشکی جندی شاپور اهواز
1393,تجربی,1359,529,منطقه 1,داروسازی,دانشگاه علوم پزشکی شهید بهشتی - تهران
1393,تجربی,1359,632,منطقه 2,دندانپزشکی,دانشگاه علوم پزشکی کرمانشاه
1393,تجربی,1359,632,منطقه 2,پزشکی,دانشگاه علوم پزشکی اصفهان
1393,تجربی,1362,169,منطقه 3,پزشکی,دانشگاه علوم پزشکی مشهد
1393,تجربی,1362,634,منطقه 2,پزشکی,دانشگاه علوم پزشکی تبریز
1393,تجربی,1364,636,منطقه 2,پزشکی,دانشگاه علوم پزشکی ارومیه
1393,تجربی,1365,637,منطقه 2,پزشکی,دانشگاه علوم پزشکی جندی شاپور اهواز
1393,تجربی,1367,638,منطقه 2,پزشکی,دانشگاه علوم پزشکی همدان
1393,تجربی,1368,639,منطقه 2,پزشکی,دانشگاه علوم پزشکی بابل
1393,تجربی,1372,170,منطقه 3,پزشکی,دانشگاه علوم پزشکی تهران
1393,تجربی,1372,531,منطقه 1,داروسازی,دانشگاه علوم پزشکی شیراز
1393,تجربی,1372,531,منطقه 1,پزشکی,دانشگاه علوم پزشکی قزوین
1393,تجربی,1372,641,منطقه 2,دندانپزشکی,دانشگاه علوم پزشکی بابل
1393,تجربی,1372,641,منطقه 2,دندانپزشکی,دانشگاه علوم پزشکی قم
1393,تجربی,1378,171,منطقه 3,پزشکی,دانشگاه علوم پزشکی کرمانشاه
1393,تجربی,1378,534,منطقه 1,دندانپزشکی,دانشگاه شاهد - تهران(رشته های پزشکی)
1393,تجربی,1378,534,منطقه 1,پزشکی,دانشگاه علوم پزشکی کاشان
1393,تجربی,1378,644,منطقه 2,پزشکی,دانشگاه علوم پزشکی مشهد
1393,تجربی,1382,537,منطقه 1,دندانپزشکی,دانشگاه شاهد - تهران(رشته های پزشکی)
1393,تجربی,1382,537,منطقه 1,دندانپزشکی,دانشگاه علوم پزشکی ارومیه
1393,تجربی,1382,537,منطقه 1,پزشکی,دانشگاه علوم پزشکی البرز - کرج
1393,تجربی,1385,539,منطقه 1,پزشکی,دانشگاه علوم پزشکی فسا
1393,تجربی,1385,539,منطقه 1,پزشکی,دانشگاه علوم پزشکی قزوین
1393,تجربی,1385,645,منطقه 2,پزشکی,دانشگاه علوم پزشکی تبریز
1393,تجربی,1389,172,منطقه 3,پزشکی,دانشگاه علوم پزشکی مشهد
1393,تجربی,1389,542,منطقه 1,پزشکی,دانشگاه علوم پزشکی تبریز
1393,تجربی,1389,542,منطقه 1,پزشکی,دانشگاه علوم پزشکی فسا
1393,تجربی,1389,542,منطقه 1,پزشکی,دانشگاه علوم پزشکی مشهد
1393,تجربی,1389,646,منطقه 2,پزشکی,دانشگاه علوم پزشکی مشهد
1393,تجربی,1393,545,منطقه 1,پزشکی,دانشگاه علوم پزشکی مشهد
1393,تجربی,1393,545,منطقه 1,پزشکی,دانشگاه علوم پزشکی یزد
1393,تجربی,1393,647,منطقه 2,پزشکی,دانشگاه علوم پزشکی تبریز
1393,تجربی,1397,547,منطقه 1,پزشکی,دانشگاه علوم پزشکی تبریز
1393,تجربی,1397,648,منطقه 2,دندانپزشکی,دانشگاه علوم پزشکی جندی شاپور اهواز
1393,تجربی,1397,648,منطقه 2,دندانپزشکی,دانشگاه علوم پزشکی قم
1393,تجربی,1401,173,منطقه 3,دندانپزشکی,دانشگاه علوم پزشکی شیراز
1393,تجربی,1401,652,منطقه 2,دندانپزشکی,دانشگاه علوم پزشکی گیلان - رشت
1393,تجربی,1401,652,منطقه 2,پزشکی,دانشگاه علوم پزشکی ایران
1393,تجربی,1401,652,منطقه 2,پزشکی,دانشگاه علوم پزشکی جندی شاپور اهواز
1393,تجربی,1409,174,منطقه 3,دندانپزشکی,دانشگاه علوم پزشکی بیرجند
1393,تجربی,1409,548,منطقه 1,پزشکی,دانشگاه علوم پزشکی مشهد
1393,تجربی,1409,656,منطقه 2,دندانپزشکی,دانشگاه علوم پزشکی گیلان - رشت
1393,تجربی,1409,656,منطقه 2,پزشکی,دانشگاه علوم پزشکی اصفهان
1393,تجربی,1409,656,منطقه 2,پزشکی,دانشگاه علوم پزشکی کرمانشاه
1393,تجربی,1409,656,منطقه 2,پزشکی,دانشگاه علوم پزشکی گیلان - رشت
1393,تجربی,1414,550,منطقه 1,پزشکی,دانشگاه علوم پزشکی مشهد
1393,تجربی,1414,659,منطقه 2,پزشکی,دانشگاه علوم پزشکی اصفهان
1393,تجربی,1414,659,منطقه 2,پزشکی,دانشگاه علوم پزشکی تبریز
1393,تجربی,1418,175,منطقه 3,پزشکی,دانشگاه علوم پزشکی مشهد
1393,تجربی,1418,551,منطقه 1,پزشکی,دانشگاه شاهد - تهران(رشته های پزشکی)
1393,تجربی,1418,661,منطقه 2,پزشکی,دانشگاه علوم پزشکی گیلان - رشت
1393,تجربی,1421,663,منطقه 2,دندانپزشکی,دانشگاه علوم پزشکی کرمان
1393,تجربی,1421,663,منطقه 2,پزشکی,دانشگاه علوم پزشکی بابل
1393,تجربی,1421,663,منطقه 2,پزشکی,دانشگاه علوم پزشکی مازندران - ساری
1393,تجربی,1426,176,منطقه 3,پزشکی,دانشگاه علوم پزشکی جندی شاپور اهواز
1393,تجربی,1426,176,منطقه 3,پزشکی,دانشگاه علوم پزشکی مشهد
1393,تجربی,1426,553,منطقه 1,داروسازی,دانشگاه علوم پزشکی شهید بهشتی - تهران
1393,تجربی,1426,665,منطقه 2,پزشکی,دانشگاه علوم پزشکی مشهد
1393,تجربی,1430,667,منطقه 2,پزشکی,دانشگاه علوم پزشکی مازندران - ساری
1393,تجربی,1434,557,منطقه 1,دندانپزشکی,دانشگاه علوم پزشکی قزوین
1393,تجربی,1434,557,منطقه 1,دندانپزشکی,دانشگاه علوم پزشکی کاشان
1393,تجربی,1434,557,منطقه 1,پزشکی,دانشگاه علوم پزشکی مشهد
1393,تجربی,1434,668,منطقه 2,دندانپزشکی,دانشگاه علوم پزشکی البرز - کرج
1393,تجربی,1434,668,منطقه 2,پزشکی,دانشگاه علوم پزشکی تبریز
1393,تجربی,1438,560,منطقه 1,دندانپزشکی,دانشگاه علوم پزشکی همدان
1393,تجربی,1442,178,منطقه 3,پزشکی,دانشگاه علوم پزشکی شیراز
1393,تجربی,1442,562,منطقه 1,داروسازی,دانشگاه علوم پزشکی اصفهان
1393,تجربی,1442,562,منطقه 1,داروسازی,دانشگاه علوم پزشکی شهید بهشتی - تهران
1393,تجربی,1442,562,منطقه 1,دندانپزشکی,دانشگاه علوم پزشکی بابل
1393,تجربی,1442,671,منطقه 2,داروسازی,دانشگاه علوم پزشکی گیلان - رشت
1393,تجربی,1442,671,منطقه 2,دندانپزشکی,دانشگاه علوم پزشکی لرستان - خرم آباد
1393,تجربی,1442,671,منطقه 2,دندانپزشکی,دانشگاه علوم پزشکی همدان
1393,تجربی,1447,179,منطقه 3,دندانپزشکی,دانشگاه علوم پزشکی جندی شاپور اهواز
1393,تجربی,1447,564,منطقه 1,پزشکی,دانشگاه علوم پزشکی مشهد
1393,تجربی,1447,673,منطقه 2,دندانپزشکی,دانشگاه علوم پزشکی همدان
1393,تجربی,1447,673,منطقه 2,پزشکی,دانشگاه علوم پزشکی همدان
1393,تجربی,1450,675,منطقه 2,پزشکی,دانشگاه علوم پزشکی یزد
1393,تجربی,1451,676,منطقه 2,پزشکی,دانشگاه علوم پزشکی مشهد
1393,تجربی,1453,678,منطقه 2,پزشکی,دانشگاه علوم پزشکی جندی شاپور اهواز
1393,تجربی,1454,679,منطقه 2,پزشکی,دانشگاه علوم پزشکی ارومیه
1393,تجربی,1455,180,منطقه 3,پزشکی,دانشگاه علوم پزشکی کرمان
1393,تجربی,1458,565,منطقه 1,پزشکی,دانشگاه علوم پزشکی یزد
1393,تجربی,1458,682,منطقه 2,پزشکی,دانشگاه علوم پزشکی مشهد
1393,تجربی,1458,682,منطقه 2,پزشکی,دانشگاه علوم پزشکی همدان
1393,تجربی,1463,567,منطقه 1,دندانپزشکی,دانشگاه علوم پزشکی بجنورد
1393,تجربی,1463,567,منطقه 1,پزشکی,دانشگاه علوم پزشکی مشهد
1393,تجربی,1468,181,منطقه 3,پزشکی,دانشگاه علوم پزشکی جندی شاپور اهواز
1393,تجربی,1468,685,منطقه 2,پزشکی,دانشگاه علوم پزشکی مشهد
1393,تجربی,1471,182,منطقه 3,پزشکی,دانشگاه علوم پزشکی شیراز
1393,تجربی,1473,183,منطقه 3,دندانپزشکی,دانشگاه علوم پزشکی شهید بهشتی - تهران
1393,تجربی,1473,573,منطقه 1,پزشکی,دانشگاه علوم پزشکی مشهد
1393,تجربی,1473,686,منطقه 2,دندانپزشکی,دانشگاه علوم پزشکی یزد
1393,تجربی,1473,686,منطقه 2,پزشکی,دانشگاه علوم پزشکی گیلان - رشت
1393,تجربی,1477,575,منطقه 1,دندانپزشکی,دانشگاه علوم پزشکی کاشان
1393,تجربی,1477,575,منطقه 1,پزشکی,دانشگاه شاهد - تهران(رشته های پزشکی)
1393,تجربی,1479,577,منطقه 1,دندانپزشکی,دانشگاه علوم پزشکی کرمان
1393,تجربی,1479,688,منطقه 2,داروسازی,دانشگاه علوم پزشکی شهید بهشتی - تهران
1393,تجربی,1482,578,منطقه 1,دندانپزشکی,دانشگاه علوم پزشکی همدان
1393,تجربی,1482,689,منطقه 2,پزشکی,دانشگاه علوم پزشکی همدان
1393,تجربی,1482,689,منطقه 2,پزشکی,دانشگاه علوم پزشکی یزد
1393,تجربی,1484,184,منطقه 3,پزشکی,دانشگاه علوم پزشکی تبریز
1393,تجربی,1484,579,منطقه 1,پزشکی,دانشگاه علوم پزشکی قزوین
1393,تجربی,1487,580,منطقه 1,پزشکی,دانشگاه علوم پزشکی کاشان
1393,تجربی,1487,691,منطقه 2,پزشکی,دانشگاه علوم پزشکی اصفهان
1393,تجربی,1487,691,منطقه 2,پزشکی,دانشگاه علوم پزشکی یزد
1393,تجربی,1492,185,منطقه 3,دندانپزشکی,دانشگاه علوم پزشکی تهران
1393,تجربی,1492,581,منطقه 1,دندانپزشکی,دانشگاه علوم پزشکی قم
1393,تجربی,1492,581,منطقه 1,پزشکی,دانشگاه علوم پزشکی کاشان
1393,تجربی,1492,694,منطقه 2,دندانپزشکی,دانشگاه علوم پزشکی کرمان
1393,تجربی,1492,694,منطقه 2,پزشکی,دانشگاه علوم پزشکی ارومیه
1393,تجربی,1492,694,منطقه 2,پزشکی,دانشگاه علوم پزشکی ایران
1393,تجربی,1492,694,منطقه 2,پزشکی,دانشگاه علوم پزشکی گیلان - رشت
1393,تجربی,1497,698,منطقه 2,دندانپزشکی,دانشگاه علوم پزشکی بابل
1393,تجربی,1497,698,منطقه 2,پزشکی,دانشگاه علوم پزشکی ایران
1393,تجربی,1497,698,منطقه 2,پزشکی,دانشگاه علوم پزشکی همدان
1393,تجربی,1500,584,منطقه 1,پزشکی,دانشگاه علوم پزشکی مشهد
1393,تجربی,1503,701,منطقه 2,دندانپزشکی,دانشگاه علوم پزشکی بابل
1393,تجربی,1503,701,منطقه 2,دندانپزشکی,دانشگاه علوم پزشکی مازندران - ساری
1393,تجربی,1503,701,منطقه 2,پزشکی,دانشگاه علوم پزشکی بابل
1393,تجربی,1507,586,منطقه 1,داروسازی,دانشگاه علوم پزشکی شهید بهشتی - تهران
1393,تجربی,1507,586,منطقه 1,دندانپزشکی,دانشگاه علوم پزشکی یزد
1393,تجربی,1511,186,منطقه 3,دندانپزشکی,دانشگاه علوم پزشکی بیرجند
1393,تجربی,1511,186,منطقه 3,پزشکی,دانشگاه علوم پزشکی مشهد
1393,تجربی,1511,705,منطقه 2,پزشکی,دانشگاه علوم پزشکی بابل
1393,تجربی,1511,705,منطقه 2,پزشکی,دانشگاه علوم پزشکی همدان
1393,تجربی,1511,705,منطقه 2,پزشکی,دانشگاه علوم پزشکی گیلان - رشت
1393,تجربی,1516,588,منطقه 1,پزشکی,دانشگاه علوم پزشکی مشهد
1393,تجربی,1516,708,منطقه 2,پزشکی,دانشگاه علوم پزشکی مازندران - ساری
1393,تجربی,1516,708,منطقه 2,پزشکی,دانشگاه علوم پزشکی کرمان
1393,تجربی,1516,708,منطقه 2,پزشکی,دانشگاه علوم پزشکی یزد
1393,تجربی,1520,188,منطقه 3,دندانپزشکی,دانشگاه علوم پزشکی تهران
1393,تجربی,1520,710,منطقه 2,پزشکی,دانشگاه علوم پزشکی سمنان
1393,تجربی,1520,710,منطقه 2,پزشکی,دانشگاه علوم پزشکی یزد
1393,تجربی,1523,189,منطقه 3,پزشکی,دانشگاه علوم پزشکی کرمانشاه
1393,تجربی,1523,591,منطقه 1,دندانپزشکی,دانشگاه علوم پزشکی گیلان - رشت
1393,تجربی,1526,593,منطقه 1,پزشکی,دانشگاه علوم پزشکی تبریز
1393,تجربی,1526,593,منطقه 1,پزشکی,دانشگاه علوم پزشکی کرمان
1393,تجربی,1526,712,منطقه 2,پزشکی,دانشگاه علوم پزشکی کرمانشاه
1393,تجربی,1530,595,منطقه 1,پزشکی,دانشگاه علوم پزشکی یزد
1393,تجربی,1530,714,منطقه 2,پزشکی,دانشگاه علوم پزشکی البرز - کرج
1393,تجربی,1530,714,منطقه 2,پزشکی,دانشگاه علوم پزشکی جندی شاپور اهواز
1393,تجربی,1534,596,منطقه 1,دندانپزشکی,دانشگاه علوم پزشکی قم
1393,تجربی,1534,596,منطقه 1,پزشکی,دانشگاه علوم پزشکی تبریز
1393,تجربی,1534,716,منطقه 2,پزشکی,دانشگاه علوم پزشکی تبریز
1393,تجربی,1534,716,منطقه 2,پزشکی,دانشگاه علوم پزشکی مشهد
1393,تجربی,1537,718,منطقه 2,پزشکی,دانشگاه علوم پزشکی قم
1393,تجربی,1540,190,منطقه 3,پزشکی,دانشگاه علوم پزشکی مشهد
1393,تجربی,1540,720,منطقه 2,داروسازی,دانشگاه علوم پزشکی یزد
1393,تجربی,1540,720,منطقه 2,پزشکی,دانشگاه علوم پزشکی جندی شاپور اهواز
1393,تجربی,1543,191,منطقه 3,دندانپزشکی,دانشگاه علوم پزشکی تبریز
1393,تجربی,1543,191,منطقه 3,پزشکی,دانشگاه علوم پزشکی کرمان
1393,تجربی,1543,722,منطقه 2,داروسازی,دانشگاه علوم پزشکی گیلان - رشت
1393,تجربی,1545,723,منطقه 2,دندانپزشکی,دانشگاه علوم پزشکی شهید بهشتی - تهران
1393,تجربی,1545,723,منطقه 2,دندانپزشکی,دانشگاه علوم پزشکی همدان
1393,تجربی,1547,725,منطقه 2,پزشکی,دانشگاه علوم پزشکی مازندران - ساری
1393,تجربی,1550,726,منطقه 2,پزشکی,دانشگاه علوم پزشکی اصفهان
1393,تجربی,1550,726,منطقه 2,پزشکی,دانشگاه علوم پزشکی گیلان - رشت
1393,تجربی,1553,194,منطقه 3,پزشکی,دانشگاه علوم پزشکی جندی شاپور اهواز
1393,تجربی,1553,728,منطقه 2,پزشکی,دانشگاه علوم پزشکی مشهد
1393,تجربی,1553,728,منطقه 2,پزشکی,دانشگاه علوم پزشکی گیلان - رشت
1393,تجربی,1556,195,منطقه 3,پزشکی,دانشگاه علوم پزشکی گلستان - گرگان
1393,تجربی,1556,730,منطقه 2,پزشکی,دانشگاه علوم پزشکی یزد
1393,تجربی,1559,600,منطقه 1,پزشکی,دانشگاه علوم پزشکی مازندران - ساری
1393,تجربی,1559,600,منطقه 1,پزشکی,دانشگاه علوم پزشکی مشهد
1393,تجربی,1559,731,منطقه 2,پزشکی,دانشگاه علوم پزشکی ارومیه
1393,تجربی,1562,732,منطقه 2,پزشکی,دانشگاه علوم پزشکی کردستان - سنندج
1393,تجربی,1565,197,منطقه 3,پزشکی,دانشگاه علوم پزشکی مشهد
1393,تجربی,1565,735,منطقه 2,دندانپزشکی,دانشگاه علوم پزشکی بابل
1393,تجربی,1565,735,منطقه 2,دندانپزشکی,دانشگاه علوم پزشکی گیلان - رشت
1393,تجربی,1565,735,منطقه 2,پزشکی,دانشگاه علوم پزشکی ایران
1393,تجربی,1565,735,منطقه 2,پزشکی,دانشگاه علوم پزشکی کرمان
1393,تجربی,1569,198,منطقه 3,پزشکی,دانشگاه علوم پزشکی مشهد
1393,تجربی,1571,602,منطقه 1,پزشکی,دانشگاه علوم پزشکی یاسوج
1393,تجربی,1571,738,منطقه 2,پزشکی,دانشگاه علوم پزشکی قزوین
1393,تجربی,1571,738,منطقه 2,پزشکی,دانشگاه علوم پزشکی مشهد
1393,تجربی,1575,603,منطقه 1,پزشکی,دانشگاه علوم پزشکی یزد
1393,تجربی,1575,741,منطقه 2,دندانپزشکی,دانشگاه علوم پزشکی همدان
1393,تجربی,1575,741,منطقه 2,دندانپزشکی,دانشگاه علوم پزشکی یزد
1393,تجربی,1575,741,منطقه 2,پزشکی,دانشگاه علوم پزشکی قم
1393,تجربی,1575,741,منطقه 2,پزشکی,دانشگاه علوم پزشکی همدان
1393,تجربی,1580,199,منطقه 3,دندانپزشکی,دانشگاه علوم پزشکی ارومیه
1393,تجربی,1580,605,منطقه 1,پزشکی,دانشگاه علوم پزشکی مشهد
1393,تجربی,1580,744,منطقه 2,پزشکی,دانشگاه علوم پزشکی جندی شاپور اهواز
1393,تجربی,1584,607,منطقه 1,دندانپزشکی,دانشگاه علوم پزشکی بوشهر
1393,تجربی,1584,746,منطقه 2,پزشکی,دانشگاه علوم پزشکی بابل
1393,تجربی,1584,746,منطقه 2,پزشکی,دانشگاه علوم پزشکی زنجان
1393,تجربی,1584,746,منطقه 2,پزشکی,دانشگاه علوم پزشکی کرمانشاه
1393,تجربی,1588,200,منطقه 3,پزشکی,دانشگاه علوم پزشکی کرمان
1393,تجربی,1588,608,منطقه 1,پزشکی,دانشگاه علوم پزشکی یزد
1393,تجربی,1588,748,منطقه 2,پزشکی,دانشگاه علوم پزشکی جندی شاپور اهواز
1393,تجربی,1590,749,منطقه 2,پزشکی,دانشگاه علوم پزشکی کرمان
1393,تجربی,1590,749,منطقه 2,پزشکی,دانشگاه علوم پزشکی گیلان - رشت
1393,تجربی,1592,751,منطقه 2,پزشکی,دانشگاه علوم پزشکی مشهد
1393,تجربی,1593,752,منطقه 2,دندانپزشکی,دانشگاه علوم پزشکی کاشان
1393,تجربی,1597,610,منطقه 1,پزشکی,دانشگاه علوم پزشکی تبریز
1393,تجربی,1597,610,منطقه 1,پزشکی,دانشگاه علوم پزشکی شهرکرد
1393,تجربی,1597,610,منطقه 1,پزشکی,دانشگاه علوم پزشکی یزد
1393,تجربی,1597,754,منطقه 2,داروسازی,دانشگاه علوم پزشکی زنجان
1393,تجربی,1597,754,منطقه 2,پزشکی,دانشگاه علوم پزشکی تبریز
1393,تجربی,1597,754,منطقه 2,پزشکی,دانشگاه علوم پزشکی قم
1393,تجربی,1605,613,منطقه 1,داروسازی,دانشگاه علوم پزشکی شهید بهشتی - تهران
1393,تجربی,1607,614,منطقه 1,دندانپزشکی,دانشگاه علوم پزشکی کرمان
1393,تجربی,1607,614,منطقه 1,پزشکی,دانشگاه علوم پزشکی مشهد
1393,تجربی,1607,756,منطقه 2,داروسازی,دانشگاه علوم پزشکی شهید بهشتی - تهران
1393,تجربی,1607,756,منطقه 2,پزشکی,دانشگاه علوم پزشکی کردستان - سنندج
1393,تجربی,1611,759,منطقه 2,دندانپزشکی,دانشگاه علوم پزشکی گیلان - رشت
1393,تجربی,1611,759,منطقه 2,پزشکی,دانشگاه علوم پزشکی مشهد
1393,تجربی,1611,759,منطقه 2,پزشکی,دانشگاه علوم پزشکی گیلان - رشت
1393,تجربی,1615,762,منطقه 2,دندانپزشکی,دانشگاه علوم پزشکی بابل
1393,تجربی,1615,762,منطقه 2,دندانپزشکی,دانشگاه علوم پزشکی مازندران - ساری
1393,تجربی,1618,203,منطقه 3,پزشکی,دانشگاه علوم پزشکی جندی شاپور اهواز
1393,تجربی,1618,764,منطقه 2,دندانپزشکی,دانشگاه علوم پزشکی ارومیه
1393,تجربی,1620,766,منطقه 2,پزشکی,دانشگاه علوم پزشکی یزد
1393,تجربی,1623,204,منطقه 3,پزشکی,دانشگاه علوم پزشکی جندی شاپور اهواز
1393,تجربی,1623,618,منطقه 1,پزشکی,دانشگاه علوم پزشکی گیلان - رشت
1393,تجربی,1627,620,منطقه 1,پزشکی,دانشگاه شاهد - تهران(رشته های پزشکی)
1393,تجربی,1627,768,منطقه 2,دندانپزشکی,دانشگاه علوم پزشکی اصفهان
1393,تجربی,1627,768,منطقه 2,پزشکی,دانشگاه علوم پزشکی تبریز
1393,تجربی,1629,205,منطقه 3,پزشکی,دانشگاه علوم پزشکی کرمان
1393,تجربی,1629,770,منطقه 2,پزشکی,دانشگاه علوم پزشکی جندی شاپور اهواز
1393,تجربی,1633,206,منطقه 3,پزشکی,دانشگاه علوم پزشکی قزوین
1393,تجربی,1633,621,منطقه 1,پزشکی,دانشگاه علوم پزشکی مازندران - ساری
1393,تجربی,1633,771,منطقه 2,پزشکی,دانشگاه علوم پزشکی مشهد
1393,تجربی,1638,623,منطقه 1,دندانپزشکی,دانشگاه علوم پزشکی اصفهان
1393,تجربی,1638,774,منطقه 2,پزشکی,دانشگاه علوم پزشکی ایران
1393,تجربی,1638,774,منطقه 2,پزشکی,دانشگاه علوم پزشکی جندی شاپور اهواز
1393,تجربی,1638,774,منطقه 2,پزشکی,دانشگاه علوم پزشکی کرمانشاه
1393,تجربی,1638,774,منطقه 2,پزشکی,دانشگاه علوم پزشکی یزد
1393,تجربی,1641,777,منطقه 2,پزشکی,دانشگاه علوم پزشکی ارومیه
1393,تجربی,1641,777,منطقه 2,پزشکی,دانشگاه علوم پزشکی مازندران - ساری
1393,تجربی,1645,624,منطقه 1,پزشکی,دانشگاه علوم پزشکی قزوین
1393,تجربی,1645,780,منطقه 2,داروسازی,دانشگاه علوم پزشکی اصفهان
1393,تجربی,1645,780,منطقه 2,پزشکی,دانشگاه علوم پزشکی بابل
1393,تجربی,1651,207,منطقه 3,پزشکی,دانشگاه علوم پزشکی تبریز
1393,تجربی,1651,784,منطقه 2,دندانپزشکی,دانشگاه علوم پزشکی جندی شاپور اهواز
1393,تجربی,1651,784,منطقه 2,دندانپزشکی,دانشگاه علوم پزشکی قزوین
1393,تجربی,1651,784,منطقه 2,پزشکی,دانشگاه علوم پزشکی گیلان - رشت
1393,تجربی,1656,208,منطقه 3,دندانپزشکی,دانشگاه علوم پزشکی کرمان
1393,تجربی,1656,627,منطقه 1,پزشکی,دانشگاه علوم پزشکی یزد
1393,تجربی,1656,786,منطقه 2,پزشکی,دانشگاه علوم پزشکی کرمان
1393,تجربی,1656,786,منطقه 2,پزشکی,دانشگاه علوم پزشکی یزد
1393,تجربی,1660,628,منطقه 1,پزشکی,دانشگاه علوم پزشکی یزد
1393,تجربی,1660,788,منطقه 2,پزشکی,دانشگاه علوم پزشکی شهرکرد
1393,تجربی,1663,210,منطقه 3,پزشکی,دانشگاه علوم پزشکی مشهد
1393,تجربی,1663,630,منطقه 1,داروسازی,دانشگاه علوم پزشکی تبریز
1393,تجربی,1663,630,منطقه 1,دندانپزشکی,دانشگاه علوم پزشکی همدان
1393,تجربی,1663,789,منطقه 2,پزشکی,دانشگاه علوم پزشکی کرمانشاه
1393,تجربی,1666,211,منطقه 3,پزشکی,دانشگاه علوم پزشکی شیراز
1393,تجربی,1666,790,منطقه 2,پزشکی,دانشگاه علوم پزشکی کرمانشاه
1393,تجربی,1671,212,منطقه 3,پزشکی,دانشگاه علوم پزشکی همدان
1393,تجربی,1671,632,منطقه 1,دندانپزشکی,دانشگاه علوم پزشکی قم
1393,تجربی,1671,632,منطقه 1,پزشکی,دانشگاه علوم پزشکی تبریز
1393,تجربی,1671,792,منطقه 2,پزشکی,دانشگاه علوم پزشکی جندی شاپور اهواز
1393,تجربی,1671,792,منطقه 2,پزشکی,دانشگاه علوم پزشکی قزوین
1393,تجربی,1675,794,منطقه 2,پزشکی,دانشگاه علوم پزشکی ارومیه
1393,تجربی,1677,796,منطقه 2,دندانپزشکی,دانشگاه علوم پزشکی همدان
1393,تجربی,1677,796,منطقه 2,پزشکی,دانشگاه علوم پزشکی ایران
1393,تجربی,1681,634,منطقه 1,پزشکی,دانشگاه علوم پزشکی قزوین
1393,تجربی,1681,799,منطقه 2,دندانپزشکی,دانشگاه علوم پزشکی اصفهان
1393,تجربی,1681,799,منطقه 2,دندانپزشکی,دانشگاه علوم پزشکی کرمانشاه
1393,تجربی,1681,799,منطقه 2,پزشکی,دانشگاه علوم پزشکی البرز - کرج
1393,تجربی,1681,799,منطقه 2,پزشکی,دانشگاه علوم پزشکی مازندران - ساری
1393,تجربی,1687,635,منطقه 1,داروسازی,دانشگاه علوم پزشکی اصفهان
1393,تجربی,1687,803,منطقه 2,دندانپزشکی,دانشگاه علوم پزشکی اراک
1393,تجربی,1687,803,منطقه 2,دندانپزشکی,دانشگاه علوم پزشکی مازندران - ساری
1393,تجربی,1687,803,منطقه 2,پزشکی,دانشگاه علوم پزشکی ایران
1393,تجربی,1687,803,منطقه 2,پزشکی,دانشگاه علوم پزشکی یزد
1393,تجربی,1691,215,منطقه 3,پزشکی,دانشگاه علوم پزشکی کرمان
1393,تجربی,1693,636,منطقه 1,داروسازی,دانشگاه علوم پزشکی شهید بهشتی - تهران
1393,تجربی,1696,638,منطقه 1,دندانپزشکی,دانشگاه علوم پزشکی سمنان
1393,تجربی,1696,638,منطقه 1,پزشکی,دانشگاه شاهد - تهران(رشته های پزشکی)
1393,تجربی,1696,807,منطقه 2,دندانپزشکی,دانشگاه علوم پزشکی بابل
1393,تجربی,1700,216,منطقه 3,پزشکی,دانشگاه علوم پزشکی کرمان
1393,تجربی,1700,640,منطقه 1,پزشکی,دانشگاه علوم پزشکی بابل
1393,تجربی,1700,640,منطقه 1,پزشکی,دانشگاه علوم پزشکی یزد
1393,تجربی,1700,808,منطقه 2,داروسازی,دانشگاه علوم پزشکی تهران
1393,تجربی,1704,217,منطقه 3,دندانپزشکی,دانشگاه علوم پزشکی اصفهان
1393,تجربی,1704,217,منطقه 3,دندانپزشکی,دانشگاه علوم پزشکی گلستان - گرگان
1393,تجربی,1704,809,منطقه 2,پزشکی,دانشگاه علوم پزشکی همدان
1393,تجربی,1706,642,منطقه 1,پزشکی,دانشگاه علوم پزشکی جندی شاپور اهواز
1393,تجربی,1706,810,منطقه 2,پزشکی,دانشگاه علوم پزشکی مازندران - ساری
1393,تجربی,1708,219,منطقه 3,پزشکی,دانشگاه علوم پزشکی شیراز
1393,تجربی,1708,643,منطقه 1,دندانپزشکی,دانشگاه علوم پزشکی گیلان - رشت
1393,تجربی,1710,811,منطقه 2,پزشکی,دانشگاه علوم پزشکی یزد
1393,تجربی,1711,812,منطقه 2,پزشکی,دانشگاه علوم پزشکی تبریز
1393,تجربی,1713,813,منطقه 2,پزشکی,دانشگاه علوم پزشکی یزد
1393,تجربی,1715,644,منطقه 1,داروسازی,دانشگاه علوم پزشکی شهید بهشتی - تهران
1393,تجربی,1715,644,منطقه 1,پزشکی,دانشگاه علوم پزشکی قزوین
1393,تجربی,1715,814,منطقه 2,دندانپزشکی,دانشگاه علوم پزشکی همدان
1393,تجربی,1715,814,منطقه 2,پزشکی,دانشگاه علوم پزشکی سمنان
1393,تجربی,1718,816,منطقه 2,پزشکی,دانشگاه علوم پزشکی همدان
1393,تجربی,1720,818,منطقه 2,پزشکی,دانشگاه علوم پزشکی همدان
1393,تجربی,1723,820,منطقه 2,دندانپزشکی,دانشگاه علوم پزشکی کرمانشاه
1393,تجربی,1725,822,منطقه 2,پزشکی,دانشگاه علوم پزشکی قزوین
1393,تجربی,1728,222,منطقه 3,پزشکی,دانشگاه علوم پزشکی بابل
1393,تجربی,1728,823,منطقه 2,پزشکی,دانشگاه علوم پزشکی بابل
1393,تجربی,1728,823,منطقه 2,پزشکی,دانشگاه علوم پزشکی تبریز
1393,تجربی,1733,223,منطقه 3,پزشکی,دانشگاه علوم پزشکی مازندران - ساری
1393,تجربی,1733,649,منطقه 1,داروسازی,دانشگاه علوم پزشکی اصفهان
1393,تجربی,1733,825,منطقه 2,پزشکی,دانشگاه علوم پزشکی ارومیه
1393,تجربی,1733,825,منطقه 2,پزشکی,دانشگاه علوم پزشکی یزد
1393,تجربی,1736,650,منطقه 1,دندانپزشکی,دانشگاه علوم پزشکی ارومیه
1393,تجربی,1736,827,منطقه 2,دندانپزشکی,دانشگاه علوم پزشکی زنجان
1393,تجربی,1739,651,منطقه 1,دندانپزشکی,دانشگاه شاهد - تهران(رشته های پزشکی)
1393,تجربی,1739,828,منطقه 2,داروسازی,دانشگاه علوم پزشکی شهید بهشتی - تهران
1393,تجربی,1739,828,منطقه 2,پزشکی,دانشگاه علوم پزشکی گلستان - گرگان
1393,تجربی,1742,224,منطقه 3,پزشکی,دانشگاه علوم پزشکی اصفهان
1393,تجربی,1742,830,منطقه 2,پزشکی,دانشگاه علوم پزشکی اردبیل
1393,تجربی,1745,653,منطقه 1,دندانپزشکی,دانشگاه شاهد - تهران(رشته های پزشکی)
1393,تجربی,1745,653,منطقه 1,دندانپزشکی,دانشگاه علوم پزشکی بابل
1393,تجربی,1745,831,منطقه 2,دندانپزشکی,دانشگاه علوم پزشکی یزد
1393,تجربی,1745,831,منطقه 2,پزشکی,دانشگاه علوم پزشکی کرمان
1393,تجربی,1749,225,منطقه 3,دندانپزشکی,دانشگاه علوم پزشکی شهید بهشتی - تهران
1393,تجربی,1749,225,منطقه 3,پزشکی,دانشگاه علوم پزشکی کرمانشاه
1393,تجربی,1749,833,منطقه 2,دندانپزشکی,دانشگاه علوم پزشکی گیلان - رشت
1393,تجربی,1749,833,منطقه 2,پزشکی,دانشگاه علوم پزشکی یزد
1393,تجربی,1753,655,منطقه 1,دندانپزشکی,دانشگاه علوم پزشکی ارومیه
1393,تجربی,1753,655,منطقه 1,پزشکی,دانشگاه علوم پزشکی یزد
1393,تجربی,1753,835,منطقه 2,پزشکی,دانشگاه علوم پزشکی همدان
1393,تجربی,1757,657,منطقه 1,دندانپزشکی,دانشگاه علوم پزشکی بابل
1393,تجربی,1757,838,منطقه 2,داروسازی,دانشگاه علوم پزشکی تهران
1393,تجربی,1757,838,منطقه 2,دندانپزشکی,دانشگاه علوم پزشکی اردبیل
1393,تجربی,1757,838,منطقه 2,دندانپزشکی,دانشگاه علوم پزشکی ارومیه
1393,تجربی,1761,841,منطقه 2,دندانپزشکی,دانشگاه علوم پزشکی بابل
1393,تجربی,1761,841,منطقه 2,دندانپزشکی,دانشگاه علوم پزشکی کرمانشاه
1393,تجربی,1761,841,منطقه 2,پزشکی,دانشگاه علوم پزشکی یزد
1393,تجربی,1766,659,منطقه 1,پزشکی,دانشگاه علوم پزشکی ارومیه
1393,تجربی,1766,659,منطقه 1,پزشکی,دانشگاه علوم پزشکی یزد
1393,تجربی,1766,843,منطقه 2,پزشکی,دانشگاه علوم پزشکی یزد
1393,تجربی,1770,227,منطقه 3,پزشکی,دانشگاه علوم پزشکی همدان
1393,تجربی,1770,845,منطقه 2,پزشکی,دانشگاه علوم پزشکی یزد
1393,تجربی,1773,661,منطقه 1,پزشکی,دانشگاه علوم پزشکی همدان
1393,تجربی,1773,846,منطقه 2,پزشکی,دانشگاه علوم پزشکی همدان
1393,تجربی,1775,663,منطقه 1,داروسازی,دانشگاه علوم پزشکی شهید بهشتی - تهران
1393,تجربی,1779,666,منطقه 1,پزشکی,دانشگاه شاهد - تهران(رشته های پزشکی)
1393,تجربی,1779,666,منطقه 1,پزشکی,دانشگاه علوم پزشکی شهرکرد
1393,تجربی,1779,666,منطقه 1,پزشکی,دانشگاه علوم پزشکی گیلان - رشت
1393,تجربی,1779,847,منطقه 2,پزشکی,دانشگاه علوم پزشکی ارومیه
1393,تجربی,1783,848,منطقه 2,پزشکی,دانشگاه علوم پزشکی مازندران - ساری
1393,تجربی,1787,850,منطقه 2,داروسازی,دانشگاه علوم پزشکی مشهد
1393,تجربی,1787,850,منطقه 2,پزشکی,دانشگاه علوم پزشکی همدان
1393,تجربی,1787,850,منطقه 2,پزشکی,دانشگاه علوم پزشکی کاشان
1393,تجربی,1791,228,منطقه 3,پزشکی,دانشگاه علوم پزشکی شیراز
1393,تجربی,1791,673,منطقه 1,دندانپزشکی,دانشگاه شاهد - تهران(رشته های پزشکی)
1393,تجربی,1794,230,منطقه 3,پزشکی,دانشگاه علوم پزشکی شیراز
1393,تجربی,1794,852,منطقه 2,دندانپزشکی,دانشگاه علوم پزشکی کاشان
1393,تجربی,1796,231,منطقه 3,دندانپزشکی,دانشگاه علوم پزشکی همدان
1393,تجربی,1796,674,منطقه 1,دندانپزشکی,دانشگاه علوم پزشکی گیلان - رشت
1393,تجربی,1799,675,منطقه 1,داروسازی,دانشگاه علوم پزشکی اصفهان
1393,تجربی,1799,675,منطقه 1,پزشکی,دانشگاه علوم پزشکی ارومیه
1393,تجربی,1799,854,منطقه 2,پزشکی,دانشگاه علوم پزشکی ارومیه
1393,تجربی,1802,232,منطقه 3,دندانپزشکی,دانشگاه علوم پزشکی شهید بهشتی - تهران
1393,تجربی,1802,855,منطقه 2,دندانپزشکی,دانشگاه علوم پزشکی گیلان - رشت
1393,تجربی,1804,234,منطقه 3,دندانپزشکی,دانشگاه علوم پزشکی شیراز
1393,تجربی,1804,856,منطقه 2,پزشکی,دانشگاه علوم پزشکی البرز - کرج
1393,تجربی,1806,235,منطقه 3,پزشکی,دانشگاه علوم پزشکی کردستان - سنندج
1393,تجربی,1806,857,منطقه 2,پزشکی,دانشگاه علوم پزشکی یزد
1393,تجربی,1808,677,منطقه 1,پزشکی,دانشگاه علوم پزشکی یزد
1393,تجربی,1808,858,منطقه 2,داروسازی,دانشگاه علوم پزشکی شهید بهشتی - تهران
1393,تجربی,1811,236,منطقه 3,پزشکی,دانشگاه علوم پزشکی مشهد
1393,تجربی,1811,678,منطقه 1,پزشکی,دانشگاه علوم پزشکی فسا
1393,تجربی,1811,859,منطقه 2,پزشکی,دانشگاه علوم پزشکی گلستان - گرگان
1393,تجربی,1813,679,منطقه 1,داروسازی,دانشگاه علوم پزشکی شهید بهشتی - تهران
1393,تجربی,1815,680,منطقه 1,پزشکی,دانشگاه علوم پزشکی ارومیه
1393,تجربی,1815,680,منطقه 1,پزشکی,دانشگاه علوم پزشکی کرمان
1393,تجربی,1818,237,منطقه 3,پزشکی,دانشگاه علوم پزشکی مازندران - ساری
1393,تجربی,1818,861,منطقه 2,دندانپزشکی,دانشگاه علوم پزشکی گیلان - رشت
1393,تجربی,1821,683,منطقه 1,دندانپزشکی,دانشگاه علوم پزشکی گیلان - رشت
1393,تجربی,1821,862,منطقه 2,دندانپزشکی,دانشگاه علوم پزشکی کردستان - سنندج
1393,تجربی,1825,238,منطقه 3,پزشکی,دانشگاه علوم پزشکی مشهد
1393,تجربی,1825,685,منطقه 1,دندانپزشکی,دانشگاه علوم پزشکی جندی شاپور اهواز
1393,تجربی,1825,685,منطقه 1,پزشکی,دانشگاه علوم پزشکی قزوین
1393,تجربی,1827,687,منطقه 1,دندانپزشکی,دانشگاه علوم پزشکی مازندران - ساری
1393,تجربی,1827,864,منطقه 2,پزشکی,دانشگاه علوم پزشکی اردبیل
1393,تجربی,1830,239,منطقه 3,پزشکی,دانشگاه علوم پزشکی تبریز
1393,تجربی,1830,688,منطقه 1,پزشکی,دانشگاه علوم پزشکی تهران - پردیس خودگردان
1393,تجربی,1832,690,منطقه 1,دندانپزشکی,دانشگاه علوم پزشکی کرمان
1393,تجربی,1832,865,منطقه 2,پزشکی,دانشگاه علوم پزشکی اراک
1393,تجربی,1834,691,منطقه 1,داروسازی,دانشگاه علوم پزشکی تبریز
1393,تجربی,1834,866,منطقه 2,پزشکی,دانشگاه علوم پزشکی ارومیه
1393,تجربی,1836,692,منطقه 1,دندانپزشکی,دانشگاه علوم پزشکی مازندران - ساری
1393,تجربی,1836,867,منطقه 2,پزشکی,دانشگاه علوم پزشکی زاهدان
1393,تجربی,1838,868,منطقه 2,پزشکی,دانشگاه علوم پزشکی جندی شاپور اهواز
1393,تجربی,1840,693,منطقه 1,دندانپزشکی,دانشگاه علوم پزشکی مازندران - ساری
1393,تجربی,1840,869,منطقه 2,دندانپزشکی,دانشگاه علوم پزشکی سمنان
1393,تجربی,1840,869,منطقه 2,پزشکی,دانشگاه علوم پزشکی جندی شاپور اهواز
1393,تجربی,1842,694,منطقه 1,دندانپزشکی,دانشگاه علوم پزشکی قزوین
1393,تجربی,1846,241,منطقه 3,دندانپزشکی,دانشگاه علوم پزشکی بابل
1393,تجربی,1846,872,منطقه 2,دندانپزشکی,دانشگاه علوم پزشکی جندی شاپور اهواز
1393,تجربی,1851,875,منطقه 2,دندانپزشکی,دانشگاه علوم پزشکی جندی شاپور اهواز
1393,تجربی,1851,875,منطقه 2,پزشکی,دانشگاه علوم پزشکی کاشان
1393,تجربی,1853,695,منطقه 1,پزشکی,دانشگاه علوم پزشکی فسا
1393,تجربی,1853,877,منطقه 2,دندانپزشکی,دانشگاه علوم پزشکی اردبیل
1393,تجربی,1855,696,منطقه 1,پزشکی,دانشگاه علوم پزشکی گیلان - رشت
1393,تجربی,1855,878,منطقه 2,دندانپزشکی,دانشگاه علوم پزشکی زنجان
1393,تجربی,1857,697,منطقه 1,پزشکی,دانشگاه علوم پزشکی قزوین
1393,تجربی,1859,243,منطقه 3,دندانپزشکی,دانشگاه علوم پزشکی رفسنجان
1393,تجربی,1859,698,منطقه 1,داروسازی,دانشگاه علوم پزشکی گیلان - رشت
1393,تجربی,1862,700,منطقه 1,پزشکی,دانشگاه علوم پزشکی مازندران - ساری
1393,تجربی,1862,880,منطقه 2,دندانپزشکی,دانشگاه علوم پزشکی بیرجند
1393,تجربی,1862,880,منطقه 2,پزشکی,دانشگاه علوم پزشکی البرز - کرج
1393,تجربی,1862,880,منطقه 2,پزشکی,دانشگاه علوم پزشکی همدان
1393,تجربی,1866,244,منطقه 3,دندانپزشکی,دانشگاه علوم پزشکی اردبیل
1393,تجربی,1866,701,منطقه 1,پزشکی,دانشگاه علوم پزشکی اصفهان
1393,تجربی,1866,882,منطقه 2,داروسازی,دانشگاه علوم پزشکی شهید بهشتی - تهران
1393,تجربی,1870,245,منطقه 3,دندانپزشکی,دانشگاه علوم پزشکی بابل
1393,تجربی,1870,703,منطقه 1,دندانپزشکی,دانشگاه علوم پزشکی کرمان
1393,تجربی,1870,703,منطقه 1,پزشکی,دانشگاه علوم پزشکی قم
1393,تجربی,1870,883,منطقه 2,دندانپزشکی,دانشگاه علوم پزشکی گیلان - رشت
1393,تجربی,1870,883,منطقه 2,پزشکی,دانشگاه شاهد - تهران(رشته های پزشکی)
1393,تجربی,1877,706,منطقه 1,پزشکی,دانشگاه علوم پزشکی جندی شاپور اهواز
1393,تجربی,1877,706,منطقه 1,پزشکی,دانشگاه علوم پزشکی فسا
1393,تجربی,1877,706,منطقه 1,پزشکی,دانشگاه علوم پزشکی قزوین
1393,تجربی,1877,886,منطقه 2,پزشکی,دانشگاه علوم پزشکی مازندران - ساری
1393,تجربی,1882,709,منطقه 1,پزشکی,دانشگاه علوم پزشکی جندی شاپور اهواز
1393,تجربی,1882,888,منطقه 2,داروسازی,دانشگاه علوم پزشکی کرمانشاه
1393,تجربی,1882,888,منطقه 2,پزشکی,دانشگاه علوم پزشکی بابل
1393,تجربی,1885,711,منطقه 1,دندانپزشکی,دانشگاه علوم پزشکی اراک
1393,تجربی,1885,711,منطقه 1,دندانپزشکی,دانشگاه علوم پزشکی قزوین
1393,تجربی,1885,711,منطقه 1,پزشکی,دانشگاه علوم پزشکی جندی شاپور اهواز
1393,تجربی,1888,713,منطقه 1,پزشکی,دانشگاه علوم پزشکی مازندران - ساری
1393,تجربی,1890,715,منطقه 1,پزشکی,دانشگاه علوم پزشکی ارومیه
1393,تجربی,1890,715,منطقه 1,پزشکی,دانشگاه علوم پزشکی بابل
1393,تجربی,1894,718,منطقه 1,داروسازی,دانشگاه علوم پزشکی مشهد
1393,تجربی,1894,718,منطقه 1,داروسازی,دانشگاه علوم پزشکی یزد
1393,تجربی,1894,891,منطقه 2,پزشکی,دانشگاه علوم پزشکی قزوین
1393,تجربی,1894,891,منطقه 2,پزشکی,دانشگاه علوم پزشکی کرمانشاه
1393,تجربی,1897,720,منطقه 1,دندانپزشکی,دانشگاه علوم پزشکی قم
1393,تجربی,1900,721,منطقه 1,پزشکی,دانشگاه علوم پزشکی گیلان - رشت
1393,تجربی,1900,894,منطقه 2,دندانپزشکی,دانشگاه علوم پزشکی مازندران - ساری
1393,تجربی,1900,894,منطقه 2,دندانپزشکی,دانشگاه علوم پزشکی همدان
1393,تجربی,1900,894,منطقه 2,پزشکی,دانشگاه علوم پزشکی شهرکرد
1393,تجربی,1903,896,منطقه 2,پزشکی,دانشگاه علوم پزشکی جندی شاپور اهواز
1393,تجربی,1903,896,منطقه 2,پزشکی,دانشگاه علوم پزشکی کرمان
1393,تجربی,1905,723,منطقه 1,پزشکی,دانشگاه علوم پزشکی همدان
1393,تجربی,1907,898,منطقه 2,دندانپزشکی,دانشگاه علوم پزشکی قزوین
1393,تجربی,1909,900,منطقه 2,پزشکی,دانشگاه علوم پزشکی بابل
1393,تجربی,1909,900,منطقه 2,پزشکی,دانشگاه علوم پزشکی مازندران - ساری
1393,تجربی,1909,900,منطقه 2,پزشکی,دانشگاه علوم پزشکی کرمان
1393,تجربی,1913,903,منطقه 2,دندانپزشکی,دانشگاه علوم پزشکی زنجان
1393,تجربی,1916,724,منطقه 1,پزشکی,دانشگاه شاهد - تهران(رشته های پزشکی)
1393,تجربی,1920,249,منطقه 3,دندانپزشکی,دانشگاه علوم پزشکی مازندران - ساری
1393,تجربی,1920,907,منطقه 2,پزشکی,دانشگاه علوم پزشکی اراک
1393,تجربی,1920,907,منطقه 2,پزشکی,دانشگاه علوم پزشکی زاهدان
1393,تجربی,1920,907,منطقه 2,پزشکی,دانشگاه علوم پزشکی سمنان
1393,تجربی,1920,907,منطقه 2,پزشکی,دانشگاه علوم پزشکی گیلان - رشت
1393,تجربی,1924,726,منطقه 1,داروسازی,دانشگاه علوم پزشکی شیراز
1393,تجربی,1924,726,منطقه 1,دندانپزشکی,دانشگاه علوم پزشکی گلستان - گرگان
1393,تجربی,1924,726,منطقه 1,پزشکی,دانشگاه علوم پزشکی گیلان - رشت
1393,تجربی,1927,728,منطقه 1,داروسازی,دانشگاه علوم پزشکی مشهد
1393,تجربی,1927,911,منطقه 2,داروسازی,دانشگاه علوم پزشکی شهید بهشتی - تهران
1393,تجربی,1927,911,منطقه 2,پزشکی,دانشگاه علوم پزشکی جندی شاپور اهواز
1393,تجربی,1927,911,منطقه 2,پزشکی,دانشگاه علوم پزشکی گیلان - رشت
1393,تجربی,1934,917,منطقه 2,دندانپزشکی,دانشگاه علوم پزشکی بابل
1393,تجربی,1934,917,منطقه 2,پزشکی,دانشگاه علوم پزشکی البرز - کرج
1393,تجربی,1934,917,منطقه 2,پزشکی,دانشگاه علوم پزشکی بابل
1393,تجربی,1934,917,منطقه 2,پزشکی,دانشگاه علوم پزشکی قزوین
1393,تجربی,1934,917,منطقه 2,پزشکی,دانشگاه علوم پزشکی همدان
1393,تجربی,1934,917,منطقه 2,پزشکی,دانشگاه علوم پزشکی کرمان
1393,تجربی,1934,917,منطقه 2,پزشکی,دانشگاه علوم پزشکی گیلان - رشت
1393,تجربی,1941,250,منطقه 3,پزشکی,دانشگاه علوم پزشکی جندی شاپور اهواز
1393,تجربی,1941,729,منطقه 1,داروسازی,دانشگاه علوم پزشکی اصفهان
1393,تجربی,1941,923,منطقه 2,دندانپزشکی,دانشگاه علوم پزشکی کاشان
1393,تجربی,1941,923,منطقه 2,پزشکی,دانشگاه علوم پزشکی ارومیه
1393,تجربی,1945,731,منطقه 1,پزشکی,دانشگاه علوم پزشکی کرمان
1393,تجربی,1947,732,منطقه 1,پزشکی,دانشگاه علوم پزشکی بابل
1393,تجربی,1947,732,منطقه 1,پزشکی,دانشگاه علوم پزشکی قزوین
1393,تجربی,1947,925,منطقه 2,دندانپزشکی,دانشگاه علوم پزشکی جندی شاپور اهواز
1393,تجربی,1947,925,منطقه 2,پزشکی,دانشگاه علوم پزشکی بابل
1393,تجربی,1950,927,منطقه 2,پزشکی,دانشگاه علوم پزشکی مازندران - ساری
1393,تجربی,1952,734,منطقه 1,داروسازی,دانشگاه علوم پزشکی شهید بهشتی - تهران
1393,تجربی,1956,251,منطقه 3,پزشکی,دانشگاه علوم پزشکی بابل
1393,تجربی,1956,736,منطقه 1,داروسازی,دانشگاه علوم پزشکی مشهد
1393,تجربی,1956,930,منطقه 2,پزشکی,دانشگاه علوم پزشکی قزوین
1393,تجربی,1956,930,منطقه 2,پزشکی,دانشگاه علوم پزشکی مازندران - ساری
1393,تجربی,1963,253,منطقه 3,دندانپزشکی,دانشگاه علوم پزشکی بابل
1393,تجربی,1963,737,منطقه 1,پزشکی,دانشگاه علوم پزشکی قزوین
1393,تجربی,1963,934,منطقه 2,پزشکی,دانشگاه علوم پزشکی اراک
1393,تجربی,1963,934,منطقه 2,پزشکی,دانشگاه علوم پزشکی ارومیه
1393,تجربی,1963,934,منطقه 2,پزشکی,دانشگاه علوم پزشکی جندی شاپور اهواز
1393,تجربی,1968,937,منطقه 2,پزشکی,دانشگاه علوم پزشکی کرمان
1393,تجربی,1971,739,منطقه 1,پزشکی,دانشگاه علوم پزشکی تهران - پردیس خودگردان
1393,تجربی,1971,939,منطقه 2,پزشکی,دانشگاه علوم پزشکی اردبیل
1393,تجربی,1971,939,منطقه 2,پزشکی,دانشگاه علوم پزشکی قزوین
1393,تجربی,1975,255,منطقه 3,پزشکی,دانشگاه علوم پزشکی بابل
1393,تجربی,1975,941,منطقه 2,دندانپزشکی,دانشگاه علوم پزشکی زنجان
1393,تجربی,1975,941,منطقه 2,پزشکی,دانشگاه علوم پزشکی همدان
1393,تجربی,1979,256,منطقه 3,دندانپزشکی,دانشگاه علوم پزشکی کرمان
1393,تجربی,1979,741,منطقه 1,داروسازی,دانشگاه علوم پزشکی زنجان
1393,تجربی,1979,741,منطقه 1,پزشکی,دانشگاه علوم پزشکی قزوین
1393,تجربی,1984,257,منطقه 3,پزشکی,دانشگاه علوم پزشکی مشهد
1393,تجربی,1984,743,منطقه 1,داروسازی,دانشگاه علوم پزشکی مشهد
1393,تجربی,1984,743,منطقه 1,پزشکی,دانشگاه علوم پزشکی شهرکرد
1393,تجربی,1984,944,منطقه 2,پزشکی,دانشگاه علوم پزشکی زنجان
1393,تجربی,1984,944,منطقه 2,پزشکی,دانشگاه علوم پزشکی همدان
1393,تجربی,1990,745,منطقه 1,پزشکی,دانشگاه شاهد - تهران(رشته های پزشکی)
1393,تجربی,1990,745,منطقه 1,پزشکی,دانشگاه علوم پزشکی قزوین
1393,تجربی,1990,947,منطقه 2,داروسازی,دانشگاه علوم پزشکی شهید بهشتی - تهران
1393,تجربی,1990,947,منطقه 2,دندانپزشکی,دانشگاه علوم پزشکی زنجان
1393,تجربی,1990,947,منطقه 2,پزشکی,دانشگاه علوم پزشکی کرمان
1393,تجربی,1994,747,منطقه 1,دندانپزشکی,دانشگاه علوم پزشکی قم
1393,تجربی,1994,747,منطقه 1,پزشکی,دانشگاه علوم پزشکی فسا
1393,تجربی,1994,949,منطقه 2,پزشکی,دانشگاه علوم پزشکی همدان
1393,تجربی,1994,949,منطقه 2,پزشکی,دانشگاه علوم پزشکی گیلان - رشت
1393,تجربی,1997,749,منطقه 1,دندانپزشکی,دانشگاه علوم پزشکی گلستان - گرگان
1393,تجربی,1997,749,منطقه 1,پزشکی,دانشگاه علوم پزشکی زنجان
1393,تجربی,2002,751,منطقه 1,دندانپزشکی,دانشگاه علوم پزشکی مشهد
1393,تجربی,2002,751,منطقه 1,پزشکی,دانشگاه علوم پزشکی کرمان
1393,تجربی,2002,953,منطقه 2,داروسازی,دانشگاه علوم پزشکی تهران
1393,تجربی,2002,953,منطقه 2,پزشکی,دانشگاه علوم پزشکی کردستان - سنندج
1393,تجربی,2006,956,منطقه 2,داروسازی,دانشگاه علوم پزشکی تهران
1393,تجربی,2006,956,منطقه 2,پزشکی,دانشگاه علوم پزشکی مازندران - ساری
1393,تجربی,2009,754,منطقه 1,دندانپزشکی,دانشگاه علوم پزشکی ارومیه
1393,تجربی,2009,754,منطقه 1,دندانپزشکی,دانشگاه علوم پزشکی گلستان - گرگان
1393,تجربی,2013,258,منطقه 3,دندانپزشکی,دانشگاه علوم پزشکی کرمانشاه
1393,تجربی,2013,756,منطقه 1,داروسازی,دانشگاه علوم پزشکی مشهد
1393,تجربی,2016,757,منطقه 1,پزشکی,دانشگاه علوم پزشکی فسا
1393,تجربی,2019,259,منطقه 3,پزشکی,دانشگاه علوم پزشکی لرستان - خرم آباد
1393,تجربی,2019,963,منطقه 2,پزشکی,دانشگاه علوم پزشکی بابل
1393,تجربی,2019,963,منطقه 2,پزشکی,دانشگاه علوم پزشکی جندی شاپور اهواز
1393,تجربی,2019,963,منطقه 2,پزشکی,دانشگاه علوم پزشکی همدان
1393,تجربی,2019,963,منطقه 2,پزشکی,دانشگاه علوم پزشکی کرمانشاه
1393,تجربی,2023,260,منطقه 3,دندانپزشکی,دانشگاه علوم پزشکی تبریز
1393,تجربی,2023,758,منطقه 1,پزشکی,دانشگاه علوم پزشکی کاشان
1393,تجربی,2028,261,منطقه 3,پزشکی,دانشگاه علوم پزشکی ارومیه
1393,تجربی,2028,760,منطقه 1,دندانپزشکی,دانشگاه علوم پزشکی ارومیه
1393,تجربی,2028,760,منطقه 1,پزشکی,دانشگاه علوم پزشکی جندی شاپور اهواز
1393,تجربی,2028,760,منطقه 1,پزشکی,دانشگاه علوم پزشکی همدان
1393,تجربی,2028,967,منطقه 2,دندانپزشکی,دانشگاه علوم پزشکی جندی شاپور اهواز
1393,تجربی,2028,967,منطقه 2,دندانپزشکی,دانشگاه علوم پزشکی کرمان
1393,تجربی,2028,967,منطقه 2,پزشکی,دانشگاه علوم پزشکی بابل
1393,تجربی,2033,262,منطقه 3,پزشکی,دانشگاه علوم پزشکی بابل
1393,تجربی,2033,970,منطقه 2,دندانپزشکی,دانشگاه علوم پزشکی زنجان
1393,تجربی,2033,970,منطقه 2,دندانپزشکی,دانشگاه علوم پزشکی قزوین
1393,تجربی,2033,970,منطقه 2,پزشکی,دانشگاه علوم پزشکی البرز - کرج
1393,تجربی,2038,263,منطقه 3,دندانپزشکی,دانشگاه علوم پزشکی جندی شاپور اهواز
1393,تجربی,2038,263,منطقه 3,دندانپزشکی,دانشگاه علوم پزشکی همدان
1393,تجربی,2038,973,منطقه 2,پزشکی,دانشگاه علوم پزشکی جندی شاپور اهواز
1393,تجربی,2042,265,منطقه 3,پزشکی,دانشگاه علوم پزشکی تبریز
1393,تجربی,2042,763,منطقه 1,پزشکی,دانشگاه علوم پزشکی ارومیه
1393,تجربی,2042,974,منطقه 2,پزشکی,دانشگاه علوم پزشکی کرمانشاه
1393,تجربی,2046,764,منطقه 1,دندانپزشکی,دانشگاه علوم پزشکی گلستان - گرگان
1393,تجربی,2046,764,منطقه 1,پزشکی,دانشگاه علوم پزشکی تهران - پردیس خودگردان
1393,تجربی,2046,976,منطقه 2,دندانپزشکی,دانشگاه علوم پزشکی بابل
1393,تجربی,2046,976,منطقه 2,دندانپزشکی,دانشگاه علوم پزشکی کاشان
1393,تجربی,2046,976,منطقه 2,پزشکی,دانشگاه علوم پزشکی ارومیه
1393,تجربی,2046,976,منطقه 2,پزشکی,دانشگاه علوم پزشکی جندی شاپور اهواز
1393,تجربی,2051,266,منطقه 3,پزشکی,دانشگاه علوم پزشکی مازندران - ساری
1393,تجربی,2051,980,منطقه 2,پزشکی,دانشگاه علوم پزشکی کاشان
1393,تجربی,2051,980,منطقه 2,پزشکی,دانشگاه علوم پزشکی گیلان - رشت
1393,تجربی,2057,267,منطقه 3,پزشکی,دانشگاه علوم پزشکی شیراز
1393,تجربی,2057,767,منطقه 1,داروسازی,دانشگاه علوم پزشکی شهید بهشتی - تهران
1393,تجربی,2057,767,منطقه 1,دندانپزشکی,دانشگاه علوم پزشکی کاشان
1393,تجربی,2057,767,منطقه 1,پزشکی,دانشگاه علوم پزشکی جندی شاپور اهواز
1393,تجربی,2063,769,منطقه 1,دندانپزشکی,دانشگاه علوم پزشکی بوشهر
1393,تجربی,2063,769,منطقه 1,پزشکی,دانشگاه علوم پزشکی کرمان
1393,تجربی,2063,984,منطقه 2,پزشکی,دانشگاه علوم پزشکی کاشان
1393,تجربی,2063,984,منطقه 2,پزشکی,دانشگاه علوم پزشکی گلستان - گرگان
1393,تجربی,2067,269,منطقه 3,پزشکی,دانشگاه علوم پزشکی جندی شاپور اهواز
1393,تجربی,2067,771,منطقه 1,پزشکی,دانشگاه علوم پزشکی گلستان - گرگان
1393,تجربی,2067,986,منطقه 2,پزشکی,دانشگاه علوم پزشکی گلستان - گرگان
1393,تجربی,2072,988,منطقه 2,دندانپزشکی,دانشگاه علوم پزشکی زنجان
1393,تجربی,2072,988,منطقه 2,پزشکی,دانشگاه علوم پزشکی زاهدان
1393,تجربی,2076,273,منطقه 3,دندانپزشکی,دانشگاه علوم پزشکی سمنان
1393,تجربی,2076,991,منطقه 2,پزشکی,دانشگاه شاهد - تهران(رشته های پزشکی)
1393,تجربی,2076,991,منطقه 2,پزشکی,دانشگاه علوم پزشکی اردبیل
1393,تجربی,2076,991,منطقه 2,پزشکی,دانشگاه علوم پزشکی زنجان
1393,تجربی,2081,772,منطقه 1,دندانپزشکی,دانشگاه علوم پزشکی جندی شاپور اهواز
1393,تجربی,2081,994,منطقه 2,دندانپزشکی,دانشگاه علوم پزشکی مازندران - ساری
1393,تجربی,2081,994,منطقه 2,پزشکی,دانشگاه علوم پزشکی بابل
1393,تجربی,2081,994,منطقه 2,پزشکی,دانشگاه علوم پزشکی قم
1393,تجربی,2081,994,منطقه 2,پزشکی,دانشگاه علوم پزشکی همدان
1393,تجربی,2085,274,منطقه 3,پزشکی,دانشگاه علوم پزشکی جندی شاپور اهواز
1393,تجربی,2085,773,منطقه 1,داروسازی,دانشگاه علوم پزشکی تبریز
1393,تجربی,2085,773,منطقه 1,دندانپزشکی,دانشگاه علوم پزشکی مازندران - ساری
1393,تجربی,2087,775,منطقه 1,دندانپزشکی,دانشگاه علوم پزشکی قم
1393,تجربی,2089,776,منطقه 1,دندانپزشکی,دانشگاه علوم پزشکی کاشان
1393,تجربی,2089,998,منطقه 2,داروسازی,دانشگاه علوم پزشکی شهید بهشتی - تهران
1393,تجربی,2089,998,منطقه 2,پزشکی,دانشگاه علوم پزشکی جندی شاپور اهواز
1393,تجربی,2089,998,منطقه 2,پزشکی,دانشگاه علوم پزشکی کاشان
1393,تجربی,2094,275,منطقه 3,پزشکی,دانشگاه علوم پزشکی کرمان
1393,تجربی,2094,777,منطقه 1,پزشکی,دانشگاه علوم پزشکی ارومیه
1393,تجربی,2099,276,منطقه 3,پزشکی,دانشگاه علوم پزشکی کرمانشاه
1393,تجربی,2099,778,منطقه 1,دندانپزشکی,دانشگاه علوم پزشکی جندی شاپور اهواز
1393,تجربی,2099,778,منطقه 1,پزشکی,دانشگاه علوم پزشکی کاشان
1393,تجربی,2106,277,منطقه 3,پزشکی,دانشگاه علوم پزشکی جندی شاپور اهواز
1393,تجربی,2106,780,منطقه 1,پزشکی,دانشگاه علوم پزشکی همدان
1393,تجربی,2112,278,منطقه 3,دندانپزشکی,دانشگاه علوم پزشکی البرز - کرج
1393,تجربی,2112,782,منطقه 1,پزشکی,دانشگاه علوم پزشکی کاشان
1393,تجربی,2116,279,منطقه 3,پزشکی,دانشگاه علوم پزشکی شیراز
1393,تجربی,2116,784,منطقه 1,پزشکی,دانشگاه علوم پزشکی مازندران - ساری
1393,تجربی,2120,785,منطقه 1,پزشکی,دانشگاه علوم پزشکی بابل
1393,تجربی,2125,281,منطقه 3,دندانپزشکی,دانشگاه علوم پزشکی شیراز
1393,تجربی,2125,281,منطقه 3,پزشکی,دانشگاه علوم پزشکی اصفهان
1393,تجربی,2134,786,منطقه 1,دندانپزشکی,دانشگاه علوم پزشکی بجنورد
1393,تجربی,2137,787,منطقه 1,پزشکی,دانشگاه علوم پزشکی ارومیه
1393,تجربی,2137,787,منطقه 1,پزشکی,دانشگاه علوم پزشکی گیلان - رشت
1393,تجربی,2141,789,منطقه 1,پزشکی,دانشگاه علوم پزشکی مازندران - ساری
1393,تجربی,2141,789,منطقه 1,پزشکی,دانشگاه علوم پزشکی کاشان
1393,تجربی,2148,792,منطقه 1,دندانپزشکی,دانشگاه علوم پزشکی همدان
1393,تجربی,2150,793,منطقه 1,داروسازی,دانشگاه علوم پزشکی شیراز
1393,تجربی,2154,795,منطقه 1,پزشکی,دانشگاه علوم پزشکی فسا
1393,تجربی,2154,795,منطقه 1,پزشکی,دانشگاه علوم پزشکی کاشان
1393,تجربی,2158,284,منطقه 3,دندانپزشکی,دانشگاه علوم پزشکی شیراز
1393,تجربی,2158,797,منطقه 1,داروسازی,دانشگاه علوم پزشکی شهید بهشتی - تهران
1393,تجربی,2166,285,منطقه 3,داروسازی,دانشگاه علوم پزشکی شیراز
1393,تجربی,2166,285,منطقه 3,داروسازی,دانشگاه علوم پزشکی مشهد
1393,تجربی,2166,799,منطقه 1,دندانپزشکی,دانشگاه علوم پزشکی زنجان
1393,تجربی,2166,799,منطقه 1,پزشکی,دانشگاه علوم پزشکی مازندران - ساری
1393,تجربی,2179,287,منطقه 3,پزشکی,دانشگاه علوم پزشکی تهران
1393,تجربی,2182,288,منطقه 3,پزشکی,دانشگاه علوم پزشکی اصفهان
1393,تجربی,2182,288,منطقه 3,پزشکی,دانشگاه علوم پزشکی تبریز
1393,تجربی,2186,803,منطقه 1,پزشکی,دانشگاه علوم پزشکی جندی شاپور اهواز
1393,تجربی,2192,291,منطقه 3,دندانپزشکی,دانشگاه علوم پزشکی شیراز
1393,تجربی,2192,291,منطقه 3,پزشکی,دانشگاه علوم پزشکی کرمانشاه
1393,تجربی,2192,806,منطقه 1,داروسازی,دانشگاه علوم پزشکی شیراز
1393,تجربی,2192,806,منطقه 1,دندانپزشکی,دانشگاه علوم پزشکی جندی شاپور اهواز
1393,تجربی,2201,293,منطقه 3,دندانپزشکی,دانشگاه علوم پزشکی گلستان - گرگان
1393,تجربی,2201,809,منطقه 1,پزشکی,دانشگاه علوم پزشکی جندی شاپور اهواز
1393,تجربی,2201,809,منطقه 1,پزشکی,دانشگاه علوم پزشکی مازندران - ساری
1393,تجربی,2207,295,منطقه 3,پزشکی,دانشگاه علوم پزشکی کرمانشاه
1393,تجربی,2207,811,منطقه 1,پزشکی,دانشگاه علوم پزشکی گیلان - رشت
1393,تجربی,2212,297,منطقه 3,پزشکی,دانشگاه علوم پزشکی شهید بهشتی - تهران
1393,تجربی,2212,297,منطقه 3,پزشکی,دانشگاه علوم پزشکی لرستان - خرم آباد
1393,تجربی,2212,297,منطقه 3,پزشکی,دانشگاه علوم پزشکی کرمانشاه
1393,تجربی,2212,813,منطقه 1,داروسازی,دانشگاه علوم پزشکی مشهد
1393,تجربی,2212,813,منطقه 1,پزشکی,دانشگاه علوم پزشکی بابل
1393,تجربی,2217,299,منطقه 3,دندانپزشکی,دانشگاه علوم پزشکی جندی شاپور اهواز
1393,تجربی,2219,300,منطقه 3,پزشکی,دانشگاه علوم پزشکی بجنورد
1393,تجربی,2219,815,منطقه 1,دندانپزشکی,دانشگاه علوم پزشکی سمنان
1393,تجربی,2224,301,منطقه 3,دندانپزشکی,دانشگاه علوم پزشکی جندی شاپور اهواز
1393,تجربی,2224,301,منطقه 3,پزشکی,دانشگاه علوم پزشکی کرمانشاه
1393,تجربی,2229,816,منطقه 1,پزشکی,دانشگاه علوم پزشکی ارومیه
1393,تجربی,2229,816,منطقه 1,پزشکی,دانشگاه علوم پزشکی کرمان
1393,تجربی,2234,303,منطقه 3,دندانپزشکی,دانشگاه علوم پزشکی ارومیه
1393,تجربی,2234,819,منطقه 1,پزشکی,دانشگاه علوم پزشکی ارومیه
1393,تجربی,2234,819,منطقه 1,پزشکی,دانشگاه علوم پزشکی بابل
1393,تجربی,2234,819,منطقه 1,پزشکی,دانشگاه علوم پزشکی سمنان
1393,تجربی,2234,819,منطقه 1,پزشکی,دانشگاه علوم پزشکی مازندران - ساری
1393,تجربی,2240,823,منطقه 1,پزشکی,دانشگاه علوم پزشکی فسا
1393,تجربی,2240,823,منطقه 1,پزشکی,دانشگاه علوم پزشکی کرمان
1393,تجربی,2240,823,منطقه 1,پزشکی,دانشگاه علوم پزشکی گیلان - رشت
1393,تجربی,2243,825,منطقه 1,داروسازی,دانشگاه علوم پزشکی شیراز
1393,تجربی,2247,304,منطقه 3,دندانپزشکی,دانشگاه علوم پزشکی جندی شاپور اهواز
1393,تجربی,2247,827,منطقه 1,پزشکی,دانشگاه علوم پزشکی ارومیه
1393,تجربی,2250,305,منطقه 3,پزشکی,دانشگاه علوم پزشکی همدان
1393,تجربی,2251,829,منطقه 1,پزشکی,دانشگاه علوم پزشکی فسا
1393,تجربی,2256,831,منطقه 1,داروسازی,دانشگاه علوم پزشکی شیراز
1393,تجربی,2256,831,منطقه 1,دندانپزشکی,دانشگاه علوم پزشکی اراک
1393,تجربی,2256,831,منطقه 1,پزشکی,دانشگاه علوم پزشکی گیلان - رشت
1393,تجربی,2263,307,منطقه 3,دندانپزشکی,دانشگاه علوم پزشکی جندی شاپور اهواز
1393,تجربی,2268,308,منطقه 3,پزشکی,دانشگاه علوم پزشکی کرمان
1393,تجربی,2268,835,منطقه 1,دندانپزشکی,دانشگاه علوم پزشکی زنجان
1393,تجربی,2268,835,منطقه 1,دندانپزشکی,دانشگاه علوم پزشکی سمنان
1393,تجربی,2275,837,منطقه 1,داروسازی,دانشگاه علوم پزشکی یزد
1393,تجربی,2280,839,منطقه 1,دندانپزشکی,دانشگاه علوم پزشکی سمنان
1393,تجربی,2280,839,منطقه 1,پزشکی,دانشگاه علوم پزشکی ارومیه
1393,تجربی,2280,839,منطقه 1,پزشکی,دانشگاه علوم پزشکی بیرجند
1393,تجربی,2284,841,منطقه 1,پزشکی,دانشگاه علوم پزشکی جندی شاپور اهواز
1393,تجربی,2286,309,منطقه 3,دندانپزشکی,دانشگاه علوم پزشکی گیلان - رشت
1393,تجربی,2286,309,منطقه 3,پزشکی,دانشگاه علوم پزشکی بابل
1393,تجربی,2292,311,منطقه 3,پزشکی,دانشگاه علوم پزشکی مشهد
1393,تجربی,2300,312,منطقه 3,دندانپزشکی,دانشگاه علوم پزشکی ارومیه
1393,تجربی,2306,847,منطقه 1,داروسازی,دانشگاه علوم پزشکی شیراز
1393,تجربی,2306,847,منطقه 1,پزشکی,دانشگاه علوم پزشکی ارومیه
1393,تجربی,2306,847,منطقه 1,پزشکی,دانشگاه علوم پزشکی کاشان
1393,تجربی,2313,313,منطقه 3,پزشکی,دانشگاه علوم پزشکی مشهد
1393,تجربی,2313,850,منطقه 1,داروسازی,دانشگاه علوم پزشکی تبریز
1393,تجربی,2313,850,منطقه 1,پزشکی,دانشگاه علوم پزشکی کاشان
1393,تجربی,2316,852,منطقه 1,پزشکی,دانشگاه علوم پزشکی تهران - پردیس خودگردان
1393,تجربی,2316,852,منطقه 1,پزشکی,دانشگاه علوم پزشکی کرمان
1393,تجربی,2320,314,منطقه 3,دندانپزشکی,دانشگاه علوم پزشکی کرمان
1393,تجربی,2320,855,منطقه 1,دندانپزشکی,دانشگاه علوم پزشکی سمنان
1393,تجربی,2327,315,منطقه 3,داروسازی,دانشگاه علوم پزشکی کرمان
1393,تجربی,2327,315,منطقه 3,پزشکی,دانشگاه علوم پزشکی شیراز
1393,تجربی,2327,857,منطقه 1,دندانپزشکی,دانشگاه علوم پزشکی بیرجند
1393,تجربی,2327,857,منطقه 1,پزشکی,دانشگاه علوم پزشکی فسا
1393,تجربی,2334,859,منطقه 1,پزشکی,دانشگاه علوم پزشکی زنجان
1393,تجربی,2339,862,منطقه 1,دندانپزشکی,دانشگاه علوم پزشکی همدان
1393,تجربی,2339,862,منطقه 1,پزشکی,دانشگاه علوم پزشکی مازندران - ساری
1393,تجربی,2339,862,منطقه 1,پزشکی,دانشگاه علوم پزشکی کاشان
1393,تجربی,2346,317,منطقه 3,پزشکی,دانشگاه علوم پزشکی گلستان - گرگان
1393,تجربی,2346,864,منطقه 1,پزشکی,دانشگاه علوم پزشکی جندی شاپور اهواز
1393,تجربی,2346,864,منطقه 1,پزشکی,دانشگاه علوم پزشکی سمنان
1393,تجربی,2355,318,منطقه 3,پزشکی,دانشگاه علوم پزشکی همدان
1393,تجربی,2355,867,منطقه 1,پزشکی,دانشگاه علوم پزشکی ارومیه
1393,تجربی,2355,867,منطقه 1,پزشکی,دانشگاه علوم پزشکی کاشان
1393,تجربی,2361,869,منطقه 1,داروسازی,دانشگاه علوم پزشکی تبریز
1393,تجربی,2361,869,منطقه 1,داروسازی,دانشگاه علوم پزشکی یزد
1393,تجربی,2366,871,منطقه 1,پزشکی,دانشگاه علوم پزشکی همدان
1393,تجربی,2369,319,منطقه 3,پزشکی,دانشگاه علوم پزشکی گیلان - رشت
1393,تجربی,2369,872,منطقه 1,پزشکی,دانشگاه علوم پزشکی ارومیه
1393,تجربی,2374,875,منطقه 1,پزشکی,دانشگاه علوم پزشکی مازندران - ساری
1393,تجربی,2374,875,منطقه 1,پزشکی,دانشگاه علوم پزشکی کاشان
1393,تجربی,2380,320,منطقه 3,داروسازی,دانشگاه علوم پزشکی مشهد
1393,تجربی,2380,320,منطقه 3,دندانپزشکی,دانشگاه علوم پزشکی گلستان - گرگان
1393,تجربی,2380,877,منطقه 1,دندانپزشکی,دانشگاه علوم پزشکی یاسوج
1393,تجربی,2385,323,منطقه 3,پزشکی,دانشگاه علوم پزشکی تبریز
1393,تجربی,2385,323,منطقه 3,پزشکی,دانشگاه علوم پزشکی مازندران - ساری
1393,تجربی,2385,323,منطقه 3,پزشکی,دانشگاه علوم پزشکی کرمان
1393,تجربی,2389,325,منطقه 3,دندانپزشکی,دانشگاه علوم پزشکی بجنورد
1393,تجربی,2389,879,منطقه 1,داروسازی,دانشگاه علوم پزشکی اصفهان
1393,تجربی,2392,880,منطقه 1,پزشکی,دانشگاه علوم پزشکی کرمان
1393,تجربی,2397,326,منطقه 3,دندانپزشکی,دانشگاه علوم پزشکی گیلان - رشت
1393,تجربی,2397,883,منطقه 1,دندانپزشکی,دانشگاه علوم پزشکی سمنان
1393,تجربی,2397,883,منطقه 1,فیزیوتراپی,دانشگاه علوم پزشکی شهید بهشتی - تهران
1393,تجربی,2397,883,منطقه 1,پزشکی,دانشگاه علوم پزشکی ارومیه
1393,تجربی,2397,883,منطقه 1,پزشکی,دانشگاه علوم پزشکی کرمان
1393,تجربی,2403,327,منطقه 3,پزشکی,دانشگاه علوم پزشکی اصفهان
1393,تجربی,2403,887,منطقه 1,دندانپزشکی,دانشگاه علوم پزشکی رفسنجان
1393,تجربی,2408,889,منطقه 1,دندانپزشکی,دانشگاه علوم پزشکی بوشهر
1393,تجربی,2408,889,منطقه 1,دندانپزشکی,دانشگاه علوم پزشکی همدان
1393,تجربی,2408,889,منطقه 1,پزشکی,دانشگاه علوم پزشکی ارومیه
1393,تجربی,2415,892,منطقه 1,پزشکی,دانشگاه علوم پزشکی کاشان
1393,تجربی,2426,328,منطقه 3,پزشکی,دانشگاه علوم پزشکی زاهدان
1393,تجربی,2435,896,منطقه 1,پزشکی,دانشگاه علوم پزشکی فسا
1393,تجربی,2439,897,منطقه 1,دندانپزشکی,دانشگاه علوم پزشکی شهیدبهشتی - تهران - پردیس خودگردان
1393,تجربی,2446,330,منطقه 3,دندانپزشکی,دانشگاه علوم پزشکی بیرجند
1393,تجربی,2446,330,منطقه 3,پزشکی,دانشگاه علوم پزشکی کرمان
1393,تجربی,2446,900,منطقه 1,داروسازی,دانشگاه علوم پزشکی اصفهان
1393,تجربی,2446,900,منطقه 1,داروسازی,دانشگاه علوم پزشکی شیراز
1393,تجربی,2446,900,منطقه 1,پزشکی,دانشگاه علوم پزشکی ارومیه
1393,تجربی,2446,900,منطقه 1,پزشکی,دانشگاه علوم پزشکی مازندران - ساری
1393,تجربی,2446,900,منطقه 1,پزشکی,دانشگاه علوم پزشکی کرمان
1393,تجربی,2452,904,منطقه 1,دندانپزشکی,دانشگاه علوم پزشکی یاسوج
1393,تجربی,2457,332,منطقه 3,پزشکی,دانشگاه علوم پزشکی شیراز
1393,تجربی,2457,906,منطقه 1,داروسازی,دانشگاه علوم پزشکی شیراز
1393,تجربی,2467,333,منطقه 3,پزشکی,دانشگاه علوم پزشکی جندی شاپور اهواز
1393,تجربی,2467,909,منطقه 1,پزشکی,دانشگاه علوم پزشکی مازندران - ساری
1393,تجربی,2472,911,منطقه 1,پزشکی,دانشگاه علوم پزشکی فسا
1393,تجربی,2478,914,منطقه 1,داروسازی,دانشگاه علوم پزشکی شیراز
1393,تجربی,2478,914,منطقه 1,پزشکی,دانشگاه علوم پزشکی قم
1393,تجربی,2478,914,منطقه 1,پزشکی,دانشگاه علوم پزشکی مازندران - ساری
1393,تجربی,2484,918,منطقه 1,داروسازی,دانشگاه علوم پزشکی اصفهان
1393,تجربی,2484,918,منطقه 1,دندانپزشکی,دانشگاه علوم پزشکی رفسنجان
1393,تجربی,2484,918,منطقه 1,پزشکی,دانشگاه علوم پزشکی بابل
1393,تجربی,2484,918,منطقه 1,پزشکی,دانشگاه علوم پزشکی سمنان
1393,تجربی,2494,923,منطقه 1,پزشکی,دانشگاه علوم پزشکی مازندران - ساری
1393,تجربی,2494,923,منطقه 1,پزشکی,دانشگاه علوم پزشکی همدان
1393,تجربی,2494,923,منطقه 1,پزشکی,دانشگاه علوم پزشکی کاشان
1393,تجربی,2500,926,منطقه 1,دندانپزشکی,دانشگاه علوم پزشکی زنجان
1393,تجربی,2500,926,منطقه 1,دندانپزشکی,دانشگاه علوم پزشکی گلستان - گرگان
1393,تجربی,2505,929,منطقه 1,پزشکی,دانشگاه علوم پزشکی بیرجند
1393,تجربی,2509,931,منطقه 1,پزشکی,دانشگاه علوم پزشکی رفسنجان
1393,تجربی,2513,334,منطقه 3,پزشکی,دانشگاه علوم پزشکی کرمانشاه
1393,تجربی,2513,932,منطقه 1,پزشکی,دانشگاه علوم پزشکی زنجان
1393,تجربی,2517,933,منطقه 1,پزشکی,دانشگاه علوم پزشکی شهرکرد
1393,تجربی,2522,935,منطقه 1,داروسازی,دانشگاه علوم پزشکی تهران - پردیس خودگردان
1393,تجربی,2522,935,منطقه 1,پزشکی,دانشگاه علوم پزشکی ارومیه
1393,تجربی,2522,935,منطقه 1,پزشکی,دانشگاه علوم پزشکی فسا
1393,تجربی,2522,935,منطقه 1,پزشکی,دانشگاه علوم پزشکی قم
1393,تجربی,2528,938,منطقه 1,داروسازی,دانشگاه علوم پزشکی تبریز
1393,تجربی,2528,938,منطقه 1,پزشکی,دانشگاه علوم پزشکی ارومیه
1393,تجربی,2534,940,منطقه 1,پزشکی,دانشگاه علوم پزشکی ارومیه
1393,تجربی,2534,940,منطقه 1,پزشکی,دانشگاه علوم پزشکی گلستان - گرگان
1393,تجربی,2538,335,منطقه 3,پزشکی,دانشگاه علوم پزشکی بابل
1393,تجربی,2538,942,منطقه 1,پزشکی,دانشگاه علوم پزشکی شهرکرد
1393,تجربی,2541,944,منطقه 1,پزشکی,دانشگاه علوم پزشکی قم
1393,تجربی,2545,337,منطقه 3,پزشکی,دانشگاه علوم پزشکی ارومیه
1393,تجربی,2545,945,منطقه 1,پزشکی,دانشگاه علوم پزشکی کاشان
1393,تجربی,2552,947,منطقه 1,پزشکی,دانشگاه علوم پزشکی کاشان
1393,تجربی,2558,950,منطقه 1,پزشکی,دانشگاه علوم پزشکی مازندران - ساری
1393,تجربی,2563,338,منطقه 3,دندانپزشکی,دانشگاه علوم پزشکی بیرجند
1393,تجربی,2569,952,منطقه 1,دندانپزشکی,دانشگاه علوم پزشکی تهران - پردیس خودگردان
1393,تجربی,2569,952,منطقه 1,پزشکی,دانشگاه علوم پزشکی جهرم
1393,تجربی,2575,339,منطقه 3,پزشکی,دانشگاه علوم پزشکی بابل
1393,تجربی,2575,954,منطقه 1,داروسازی,دانشگاه علوم پزشکی شیراز
1393,تجربی,2581,340,منطقه 3,پزشکی,دانشگاه علوم پزشکی کرمانشاه
1393,تجربی,2581,957,منطقه 1,پزشکی,دانشگاه علوم پزشکی ارومیه
1393,تجربی,2581,957,منطقه 1,پزشکی,دانشگاه علوم پزشکی تهران - پردیس خودگردان
1393,تجربی,2586,342,منطقه 3,پزشکی,دانشگاه علوم پزشکی جندی شاپور اهواز
1393,تجربی,2586,342,منطقه 3,پزشکی,دانشگاه علوم پزشکی شیراز
1393,تجربی,2591,961,منطقه 1,دندانپزشکی,دانشگاه علوم پزشکی زنجان
1393,تجربی,2591,961,منطقه 1,پزشکی,دانشگاه علوم پزشکی فسا
1393,تجربی,2595,963,منطقه 1,دندانپزشکی,دانشگاه علوم پزشکی اصفهان - پردیس خودگردان
1393,تجربی,2599,964,منطقه 1,داروسازی,دانشگاه علوم پزشکی گیلان - رشت
1393,تجربی,2602,345,منطقه 3,پزشکی,دانشگاه علوم پزشکی مازندران - ساری
1393,تجربی,2606,346,منطقه 3,پزشکی,دانشگاه علوم پزشکی شیراز
1393,تجربی,2606,966,منطقه 1,داروسازی,دانشگاه علوم پزشکی شیراز
1393,تجربی,2610,968,منطقه 1,دندانپزشکی,دانشگاه علوم پزشکی جندی شاپور اهواز
1393,تجربی,2617,972,منطقه 1,پزشکی,دانشگاه علوم پزشکی بابل
1393,تجربی,2627,975,منطقه 1,دندانپزشکی,دانشگاه علوم پزشکی تهران - پردیس خودگردان
1393,تجربی,2633,977,منطقه 1,پزشکی,دانشگاه علوم پزشکی بابل
1393,تجربی,2633,977,منطقه 1,پزشکی,دانشگاه علوم پزشکی کاشان
1393,تجربی,2638,980,منطقه 1,دندانپزشکی,دانشگاه علوم پزشکی اردبیل
1393,تجربی,2642,347,منطقه 3,پزشکی,دانشگاه علوم پزشکی گیلان - رشت
1393,تجربی,2642,981,منطقه 1,داروسازی,دانشگاه علوم پزشکی شیراز
1393,تجربی,2645,983,منطقه 1,پزشکی,دانشگاه علوم پزشکی ارومیه
1393,تجربی,2648,348,منطقه 3,پزشکی,دانشگاه علوم پزشکی شیراز
1393,تجربی,2648,984,منطقه 1,پزشکی,دانشگاه علوم پزشکی فسا
1393,تجربی,2652,349,منطقه 3,دندانپزشکی,دانشگاه علوم پزشکی همدان
1393,تجربی,2652,985,منطقه 1,پزشکی,دانشگاه علوم پزشکی گیلان - رشت
1393,تجربی,2656,987,منطقه 1,پزشکی,دانشگاه علوم پزشکی بیرجند
1393,تجربی,2656,987,منطقه 1,پزشکی,دانشگاه علوم پزشکی گیلان - رشت
1393,تجربی,2660,991,منطقه 1,پزشکی,دانشگاه علوم پزشکی اراک
1393,تجربی,2660,991,منطقه 1,پزشکی,دانشگاه علوم پزشکی جهرم
1393,تجربی,2660,991,منطقه 1,پزشکی,دانشگاه علوم پزشکی شهیدبهشتی - تهران - پردیس خودگردان
1393,تجربی,2660,991,منطقه 1,پزشکی,دانشگاه علوم پزشکی قم
1393,تجربی,2665,994,منطقه 1,پزشکی,دانشگاه علوم پزشکی ارومیه
1393,تجربی,2665,994,منطقه 1,پزشکی,دانشگاه علوم پزشکی تهران - پردیس خودگردان
1393,تجربی,2669,350,منطقه 3,پزشکی,دانشگاه علوم پزشکی جندی شاپور اهواز
1393,تجربی,2669,996,منطقه 1,داروسازی,دانشگاه علوم پزشکی کرمان
1393,تجربی,2674,351,منطقه 3,پزشکی,دانشگاه علوم پزشکی تبریز
1393,تجربی,2674,998,منطقه 1,دندانپزشکی,دانشگاه علوم پزشکی جندی شاپور اهواز
1393,تجربی,2674,998,منطقه 1,پزشکی,دانشگاه علوم پزشکی جهرم
1393,تجربی,2674,998,منطقه 1,پزشکی,دانشگاه علوم پزشکی شاهرود
1393,تجربی,2679,352,منطقه 3,پزشکی,دانشگاه علوم پزشکی همدان
1393,تجربی,2684,353,منطقه 3,پزشکی,دانشگاه علوم پزشکی بابل
1393,تجربی,2698,355,منطقه 3,پزشکی,دانشگاه علوم پزشکی کرمان
1393,تجربی,2722,359,منطقه 3,پزشکی,دانشگاه علوم پزشکی گلستان - گرگان
1393,تجربی,2728,361,منطقه 3,دندانپزشکی,دانشگاه علوم پزشکی جندی شاپور اهواز
1393,تجربی,2728,361,منطقه 3,پزشکی,دانشگاه علوم پزشکی شیراز
1393,تجربی,2728,361,منطقه 3,پزشکی,دانشگاه علوم پزشکی کرمان
1393,تجربی,2748,363,منطقه 3,دندانپزشکی,دانشگاه علوم پزشکی شیراز
1393,تجربی,2752,364,منطقه 3,پزشکی,دانشگاه علوم پزشکی ارومیه
1393,تجربی,2770,366,منطقه 3,دندانپزشکی,دانشگاه علوم پزشکی لرستان - خرم آباد
1393,تجربی,2777,367,منطقه 3,دندانپزشکی,دانشگاه علوم پزشکی اردبیل
1393,تجربی,2784,369,منطقه 3,پزشکی,دانشگاه علوم پزشکی شیراز
1393,تجربی,2784,369,منطقه 3,پزشکی,دانشگاه علوم پزشکی گلستان - گرگان
1393,تجربی,2784,369,منطقه 3,پزشکی,دانشگاه علوم پزشکی گیلان - رشت
1393,تجربی,2789,371,منطقه 3,دندانپزشکی,دانشگاه علوم پزشکی بجنورد
1393,تجربی,2793,372,منطقه 3,پزشکی,دانشگاه علوم پزشکی رفسنجان
1393,تجربی,2798,374,منطقه 3,پزشکی,دانشگاه علوم پزشکی شیراز
1393,تجربی,2798,374,منطقه 3,پزشکی,دانشگاه علوم پزشکی کرمان
1393,تجربی,2829,376,منطقه 3,داروسازی,دانشگاه علوم پزشکی مشهد
1393,تجربی,2833,377,منطقه 3,پزشکی,دانشگاه علوم پزشکی بیرجند
1393,تجربی,2846,379,منطقه 3,پزشکی,دانشگاه علوم پزشکی گیلان - رشت
1393,تجربی,2851,381,منطقه 3,پزشکی,دانشگاه علوم پزشکی تهران
1393,تجربی,2851,381,منطقه 3,پزشکی,دانشگاه علوم پزشکی گیلان - رشت
1393,تجربی,2858,383,منطقه 3,داروسازی,دانشگاه علوم پزشکی مازندران - ساری
1393,تجربی,2864,384,منطقه 3,دندانپزشکی,دانشگاه علوم پزشکی رفسنجان
1393,تجربی,2864,384,منطقه 3,پزشکی,دانشگاه علوم پزشکی شیراز
1393,تجربی,2878,387,منطقه 3,دندانپزشکی,دانشگاه علوم پزشکی رفسنجان
1393,تجربی,2878,387,منطقه 3,پزشکی,دانشگاه علوم پزشکی شاهرود
1393,تجربی,2878,387,منطقه 3,پزشکی,دانشگاه علوم پزشکی کرمانشاه
1393,تجربی,2887,390,منطقه 3,دندانپزشکی,دانشگاه علوم پزشکی مازندران - ساری
1393,تجربی,2887,390,منطقه 3,پزشکی,دانشگاه علوم پزشکی شیراز
1393,تجربی,2887,390,منطقه 3,پزشکی,دانشگاه علوم پزشکی همدان
1393,تجربی,2896,392,منطقه 3,پزشکی,دانشگاه علوم پزشکی بجنورد
1393,تجربی,2912,393,منطقه 3,پزشکی,دانشگاه علوم پزشکی شیراز
1393,تجربی,2912,393,منطقه 3,پزشکی,دانشگاه علوم پزشکی کرمان
1393,تجربی,2920,395,منطقه 3,پزشکی,دانشگاه علوم پزشکی گیلان - رشت
1393,تجربی,2930,398,منطقه 3,دندانپزشکی,دانشگاه علوم پزشکی جندی شاپور اهواز
1393,تجربی,2930,398,منطقه 3,پزشکی,دانشگاه علوم پزشکی سمنان
1393,تجربی,2930,398,منطقه 3,پزشکی,دانشگاه علوم پزشکی شهید بهشتی - تهران
1393,تجربی,2930,398,منطقه 3,پزشکی,دانشگاه علوم پزشکی کرمان
1393,تجربی,2939,401,منطقه 3,پزشکی,دانشگاه علوم پزشکی تبریز
1393,تجربی,2944,402,منطقه 3,دندانپزشکی,دانشگاه علوم پزشکی گیلان - رشت
1393,تجربی,2964,405,منطقه 3,دندانپزشکی,دانشگاه علوم پزشکی رفسنجان
1393,تجربی,2964,405,منطقه 3,پزشکی,دانشگاه علوم پزشکی بیرجند
1393,تجربی,2988,407,منطقه 3,پزشکی,دانشگاه علوم پزشکی بابل
1393,تجربی,3005,409,منطقه 3,پزشکی,دانشگاه علوم پزشکی اصفهان
1393,تجربی,3012,412,منطقه 3,پزشکی,دانشگاه علوم پزشکی جندی شاپور اهواز
1393,تجربی,3012,412,منطقه 3,پزشکی,دانشگاه علوم پزشکی شهید بهشتی - تهران
1393,تجربی,3012,412,منطقه 3,پزشکی,دانشگاه علوم پزشکی گیلان - رشت
1393,تجربی,3019,414,منطقه 3,داروسازی,دانشگاه علوم پزشکی جندی شاپور اهواز
1393,تجربی,3019,414,منطقه 3,دندانپزشکی,دانشگاه علوم پزشکی رفسنجان
1393,تجربی,3024,416,منطقه 3,پزشکی,دانشگاه علوم پزشکی بندرعباس
1393,تجربی,3030,418,منطقه 3,دندانپزشکی,دانشگاه علوم پزشکی گلستان - گرگان
1393,تجربی,3030,418,منطقه 3,پزشکی,دانشگاه علوم پزشکی کرمان
1393,تجربی,3040,420,منطقه 3,پزشکی,دانشگاه علوم پزشکی جندی شاپور اهواز
1393,تجربی,3055,423,منطقه 3,پزشکی,دانشگاه علوم پزشکی جندی شاپور اهواز
1393,تجربی,3055,423,منطقه 3,پزشکی,دانشگاه علوم پزشکی همدان
1393,تجربی,3061,425,منطقه 3,پزشکی,دانشگاه علوم پزشکی شهید بهشتی - تهران
1393,تجربی,3068,426,منطقه 3,پزشکی,دانشگاه علوم پزشکی شیراز
1393,تجربی,3077,427,منطقه 3,پزشکی,دانشگاه علوم پزشکی اردبیل
1393,تجربی,3077,427,منطقه 3,پزشکی,دانشگاه علوم پزشکی گیلان - رشت
1393,تجربی,3097,431,منطقه 3,دندانپزشکی,دانشگاه علوم پزشکی شیراز
1393,تجربی,3097,431,منطقه 3,پزشکی,دانشگاه علوم پزشکی بابل
1393,تجربی,3103,433,منطقه 3,پزشکی,دانشگاه علوم پزشکی همدان
1393,تجربی,3110,434,منطقه 3,دندانپزشکی,دانشگاه علوم پزشکی کرمانشاه
1393,تجربی,3119,435,منطقه 3,پزشکی,دانشگاه علوم پزشکی تبریز
1393,تجربی,3119,435,منطقه 3,پزشکی,دانشگاه علوم پزشکی رفسنجان
1393,تجربی,3131,437,منطقه 3,پزشکی,دانشگاه علوم پزشکی اصفهان
1393,تجربی,3141,439,منطقه 3,پزشکی,دانشگاه علوم پزشکی رفسنجان
1393,تجربی,3141,439,منطقه 3,پزشکی,دانشگاه علوم پزشکی کرمانشاه
1393,تجربی,3155,441,منطقه 3,پزشکی,دانشگاه علوم پزشکی شهید بهشتی - تهران
1393,تجربی,3170,445,منطقه 3,داروسازی,دانشگاه علوم پزشکی تهران
1393,تجربی,3170,445,منطقه 3,پزشکی,دانشگاه علوم پزشکی بیرجند
1393,تجربی,3187,447,منطقه 3,داروسازی,دانشگاه علوم پزشکی شیراز
1393,تجربی,3187,447,منطقه 3,پزشکی,دانشگاه علوم پزشکی جهرم
1393,تجربی,3192,450,منطقه 3,پزشکی,دانشگاه علوم پزشکی بابل
1393,تجربی,3192,450,منطقه 3,پزشکی,دانشگاه علوم پزشکی رفسنجان
1393,تجربی,3211,454,منطقه 3,پزشکی,دانشگاه علوم پزشکی شهید بهشتی - تهران
1393,تجربی,3211,454,منطقه 3,پزشکی,دانشگاه علوم پزشکی گناباد
1393,تجربی,3211,454,منطقه 3,پزشکی,دانشگاه علوم پزشکی یاسوج
1393,تجربی,3219,457,منطقه 3,پزشکی,دانشگاه علوم پزشکی جهرم
1393,تجربی,3219,457,منطقه 3,پزشکی,دانشگاه علوم پزشکی شهید بهشتی - تهران
1393,تجربی,3225,460,منطقه 3,پزشکی,دانشگاه علوم پزشکی جهرم
1393,تجربی,3232,462,منطقه 3,پزشکی,دانشگاه علوم پزشکی همدان
1393,تجربی,3238,463,منطقه 3,دندانپزشکی,دانشگاه علوم پزشکی شیراز
1393,تجربی,3238,463,منطقه 3,پزشکی,دانشگاه علوم پزشکی بابل
1393,تجربی,3243,465,منطقه 3,دندانپزشکی,دانشگاه علوم پزشکی همدان
1393,تجربی,3255,466,منطقه 3,دندانپزشکی,دانشگاه علوم پزشکی لرستان - خرم آباد
1393,تجربی,3255,466,منطقه 3,پزشکی,دانشگاه علوم پزشکی ایران
1393,تجربی,3263,468,منطقه 3,دندانپزشکی,دانشگاه علوم پزشکی بوشهر
1393,تجربی,3268,469,منطقه 3,پزشکی,دانشگاه علوم پزشکی جندی شاپور اهواز
1393,تجربی,3284,470,منطقه 3,پزشکی,دانشگاه علوم پزشکی لرستان - خرم آباد
1393,تجربی,3301,472,منطقه 3,پزشکی,دانشگاه علوم پزشکی بابل
1393,تجربی,3301,472,منطقه 3,پزشکی,دانشگاه علوم پزشکی رفسنجان
1393,تجربی,3309,474,منطقه 3,پزشکی,دانشگاه علوم پزشکی ایران
1393,تجربی,3315,475,منطقه 3,پزشکی,دانشگاه علوم پزشکی جندی شاپور اهواز
1393,تجربی,3315,475,منطقه 3,پزشکی,دانشگاه علوم پزشکی رفسنجان
1393,تجربی,3321,477,منطقه 3,پزشکی,دانشگاه علوم پزشکی ارومیه
1393,تجربی,3329,478,منطقه 3,پزشکی,دانشگاه علوم پزشکی اردبیل
1393,تجربی,3337,480,منطقه 3,داروسازی,دانشگاه علوم پزشکی تهران
1393,تجربی,3337,480,منطقه 3,پزشکی,دانشگاه علوم پزشکی جندی شاپور اهواز
1393,تجربی,3337,480,منطقه 3,پزشکی,دانشگاه علوم پزشکی کرمانشاه
1393,تجربی,3352,485,منطقه 3,دندانپزشکی,دانشگاه علوم پزشکی ایلام
1393,تجربی,3352,485,منطقه 3,پزشکی,دانشکده علوم پزشکی آبادان
1393,تجربی,3352,485,منطقه 3,پزشکی,دانشگاه علوم پزشکی گیلان - رشت
1393,تجربی,3368,488,منطقه 3,داروسازی,دانشگاه علوم پزشکی زابل
1393,تجربی,3378,489,منطقه 3,پزشکی,دانشگاه علوم پزشکی کرمانشاه
1393,تجربی,3387,490,منطقه 3,دندانپزشکی,دانشگاه علوم پزشکی لرستان - خرم آباد
1393,تجربی,3387,490,منطقه 3,پزشکی,دانشگاه علوم پزشکی بابل
1393,تجربی,3396,492,منطقه 3,داروسازی,دانشگاه علوم پزشکی تبریز
1393,تجربی,3400,493,منطقه 3,دندانپزشکی,دانشگاه علوم پزشکی بجنورد
1393,تجربی,3405,494,منطقه 3,پزشکی,دانشگاه علوم پزشکی ارومیه
1393,تجربی,3411,495,منطقه 3,داروسازی,دانشگاه علوم پزشکی تهران
1393,تجربی,3411,495,منطقه 3,پزشکی,دانشگاه علوم پزشکی یاسوج
1393,تجربی,3422,497,منطقه 3,پزشکی,دانشگاه علوم پزشکی بقیه الله
1393,تجربی,3428,499,منطقه 3,داروسازی,دانشگاه علوم پزشکی اردبیل
1393,تجربی,3428,499,منطقه 3,پزشکی,دانشگاه علوم پزشکی کرمان
1393,تجربی,3445,501,منطقه 3,پزشکی,دانشگاه علوم پزشکی اراک
1393,تجربی,3461,502,منطقه 3,داروسازی,دانشگاه علوم پزشکی اصفهان
1393,تجربی,3466,503,منطقه 3,پزشکی,دانشگاه علوم پزشکی ارومیه
1393,تجربی,3468,504,منطقه 3,پزشکی,دانشگاه علوم پزشکی بوشهر
1393,تجربی,3472,505,منطقه 3,پزشکی,دانشگاه علوم پزشکی بیرجند
1393,تجربی,3481,507,منطقه 3,دندانپزشکی,دانشگاه علوم پزشکی زاهدان
1393,تجربی,3487,508,منطقه 3,پزشکی,دانشگاه علوم پزشکی بیرجند
1393,تجربی,3491,509,منطقه 3,داروسازی,دانشگاه علوم پزشکی مشهد
1393,تجربی,3494,510,منطقه 3,پزشکی,دانشگاه علوم پزشکی همدان
1393,تجربی,3499,511,منطقه 3,دندانپزشکی,دانشگاه علوم پزشکی بوشهر
1393,تجربی,3522,514,منطقه 3,پزشکی,دانشگاه علوم پزشکی ارومیه
1393,تجربی,3522,514,منطقه 3,پزشکی,دانشگاه علوم پزشکی بیرجند
1393,تجربی,3522,514,منطقه 3,پزشکی,دانشگاه علوم پزشکی سمنان
1393,تجربی,3522,514,منطقه 3,پزشکی,دانشگاه علوم پزشکی همدان
1393,تجربی,3529,517,منطقه 3,پزشکی,دانشگاه علوم پزشکی ارومیه
1393,تجربی,3548,519,منطقه 3,پزشکی,دانشگاه علوم پزشکی همدان
1393,تجربی,3554,520,منطقه 3,پزشکی,دانشگاه علوم پزشکی ایران
1393,تجربی,3562,522,منطقه 3,پزشکی,دانشگاه علوم پزشکی فسا
1393,تجربی,3570,523,منطقه 3,پزشکی,دانشگاه علوم پزشکی جندی شاپور اهواز
1393,تجربی,3604,525,منطقه 3,پزشکی,دانشگاه علوم پزشکی گیلان - رشت
1393,تجربی,3604,525,منطقه 3,پزشکی,دانشگاه علوم پزشکی یاسوج
1393,تجربی,3611,527,منطقه 3,پزشکی,دانشگاه علوم پزشکی ایران
1393,تجربی,3611,527,منطقه 3,پزشکی,دانشگاه علوم پزشکی کرمان
1393,تجربی,3620,529,منطقه 3,پزشکی,دانشگاه علوم پزشکی فسا
1393,تجربی,3628,530,منطقه 3,پزشکی,دانشگاه علوم پزشکی بیرجند
1393,تجربی,3635,531,منطقه 3,پزشکی,دانشگاه علوم پزشکی یاسوج
1393,تجربی,3642,532,منطقه 3,پزشکی,دانشگاه علوم پزشکی کرمان
1393,تجربی,3648,533,منطقه 3,داروسازی,دانشگاه علوم پزشکی اصفهان
1393,تجربی,3648,533,منطقه 3,پزشکی,دانشگاه علوم پزشکی سبزوار
1393,تجربی,3655,535,منطقه 3,پزشکی,دانشگاه علوم پزشکی بندرعباس
1393,تجربی,3662,536,منطقه 3,پزشکی,دانشگاه علوم پزشکی جندی شاپور اهواز
1393,تجربی,3669,537,منطقه 3,پزشکی,دانشگاه علوم پزشکی تبریز
1393,تجربی,3698,538,منطقه 3,دندانپزشکی,دانشگاه علوم پزشکی مازندران - ساری
1393,تجربی,3704,539,منطقه 3,دندانپزشکی,دانشگاه علوم پزشکی لرستان - خرم آباد
1393,تجربی,3709,540,منطقه 3,پزشکی,دانشگاه علوم پزشکی بم
1393,تجربی,3715,541,منطقه 3,پزشکی,دانشگاه علوم پزشکی فسا
1393,تجربی,3721,542,منطقه 3,پزشکی,دانشگاه علوم پزشکی بندرعباس
1393,تجربی,3739,543,منطقه 3,داروسازی,دانشگاه علوم پزشکی اصفهان
1393,تجربی,3739,543,منطقه 3,دندانپزشکی,دانشگاه علوم پزشکی یاسوج
1393,تجربی,3744,545,منطقه 3,پزشکی,دانشگاه علوم پزشکی جندی شاپور اهواز
1393,تجربی,3763,547,منطقه 3,پزشکی,دانشگاه علوم پزشکی تبریز
1393,تجربی,3776,550,منطقه 3,داروسازی,دانشگاه علوم پزشکی مازندران - ساری
1393,تجربی,3776,550,منطقه 3,پزشکی,دانشگاه علوم پزشکی بوشهر
1393,تجربی,3782,552,منطقه 3,پزشکی,دانشگاه علوم پزشکی ایران
1393,تجربی,3788,553,منطقه 3,پزشکی,دانشگاه علوم پزشکی بندرعباس
1393,تجربی,3796,555,منطقه 3,دندانپزشکی,دانشگاه علوم پزشکی اصفهان
1393,تجربی,3796,555,منطقه 3,دندانپزشکی,دانشگاه علوم پزشکی زنجان
1393,تجربی,3796,555,منطقه 3,پزشکی,دانشگاه علوم پزشکی مازندران - ساری
1393,تجربی,3803,557,منطقه 3,داروسازی,دانشگاه علوم پزشکی یزد
1393,تجربی,3814,558,منطقه 3,پزشکی,دانشگاه علوم پزشکی شاهرود
1393,تجربی,3824,560,منطقه 3,پزشکی,دانشگاه علوم پزشکی رفسنجان
1393,تجربی,3824,560,منطقه 3,پزشکی,دانشگاه علوم پزشکی زاهدان
1393,تجربی,3824,560,منطقه 3,پزشکی,دانشگاه علوم پزشکی مازندران - ساری
1393,تجربی,3824,560,منطقه 3,پزشکی,دانشگاه علوم پزشکی یاسوج
1393,تجربی,3833,563,منطقه 3,پزشکی,دانشگاه علوم پزشکی زاهدان
1393,تجربی,3839,564,منطقه 3,دندانپزشکی,دانشگاه علوم پزشکی کردستان - سنندج
1393,تجربی,3845,565,منطقه 3,پزشکی,دانشگاه علوم پزشکی کرمانشاه
1393,تجربی,3853,567,منطقه 3,دندانپزشکی,دانشگاه علوم پزشکی رفسنجان
1393,تجربی,3853,567,منطقه 3,پزشکی,دانشگاه علوم پزشکی زاهدان
1393,تجربی,3853,567,منطقه 3,پزشکی,دانشگاه علوم پزشکی یاسوج
1393,تجربی,3861,569,منطقه 3,پزشکی,دانشگاه علوم پزشکی کرمانشاه
1393,تجربی,3873,570,منطقه 3,پزشکی,دانشگاه علوم پزشکی همدان
1393,تجربی,3878,571,منطقه 3,پزشکی,دانشگاه علوم پزشکی ایلام
1393,تجربی,3884,572,منطقه 3,پزشکی,دانشگاه علوم پزشکی مازندران - ساری
1393,تجربی,3884,572,منطقه 3,پزشکی,دانشگاه علوم پزشکی گیلان - رشت
1393,تجربی,3890,574,منطقه 3,دندانپزشکی,دانشگاه علوم پزشکی یاسوج
1393,تجربی,3896,575,منطقه 3,پزشکی,دانشگاه علوم پزشکی بندرعباس
1393,تجربی,3901,576,منطقه 3,پزشکی,دانشگاه علوم پزشکی بجنورد
1393,تجربی,3909,578,منطقه 3,دندانپزشکی,دانشگاه علوم پزشکی کردستان - سنندج
1393,تجربی,3909,578,منطقه 3,پزشکی,دانشگاه علوم پزشکی ایران
1393,تجربی,3909,578,منطقه 3,پزشکی,دانشگاه علوم پزشکی بوشهر
1393,تجربی,3909,578,منطقه 3,پزشکی,دانشگاه علوم پزشکی مازندران - ساری
1393,تجربی,3922,581,منطقه 3,داروسازی,دانشگاه علوم پزشکی کرمان
1393,تجربی,3922,581,منطقه 3,پزشکی,دانشگاه علوم پزشکی ایران
1393,تجربی,3928,584,منطقه 3,پزشکی,دانشگاه علوم پزشکی بجنورد
1393,تجربی,3928,584,منطقه 3,پزشکی,دانشگاه علوم پزشکی قم
1393,تجربی,3934,587,منطقه 3,پزشکی,دانشگاه علوم پزشکی کردستان - سنندج
1393,تجربی,3940,588,منطقه 3,پزشکی,دانشگاه علوم پزشکی شاهرود
1393,تجربی,3940,588,منطقه 3,پزشکی,دانشگاه علوم پزشکی کرمانشاه
1393,تجربی,3951,590,منطقه 3,دندانپزشکی,دانشگاه علوم پزشکی اردبیل
1393,تجربی,3980,592,منطقه 3,دندانپزشکی,دانشگاه علوم پزشکی لرستان - خرم آباد
1393,تجربی,3980,592,منطقه 3,پزشکی,دانشگاه علوم پزشکی رفسنجان
1393,تجربی,3989,594,منطقه 3,پزشکی,دانشگاه علوم پزشکی ارومیه
1393,تجربی,3989,594,منطقه 3,پزشکی,دانشگاه علوم پزشکی رفسنجان
1393,تجربی,3998,596,منطقه 3,پزشکی,دانشگاه علوم پزشکی بیرجند
1393,تجربی,4005,599,منطقه 3,داروسازی,دانشگاه علوم پزشکی همدان - پردیس خودگردان
1393,تجربی,4005,599,منطقه 3,پزشکی,دانشگاه علوم پزشکی یاسوج
1393,تجربی,4014,603,منطقه 3,پزشکی,دانشگاه علوم پزشکی ارومیه
1393,تجربی,4014,603,منطقه 3,پزشکی,دانشگاه علوم پزشکی اصفهان
1393,تجربی,4014,603,منطقه 3,پزشکی,دانشگاه علوم پزشکی جهرم
1393,تجربی,4014,603,منطقه 3,کارشناسی تکنولوژی پرتوشناسی,دانشگاه علوم پزشکی شیراز
1393,تجربی,4025,607,منطقه 3,داروسازی,دانشگاه علوم پزشکی همدان
1393,تجربی,4025,607,منطقه 3,پزشکی,دانشگاه علوم پزشکی ایران
1393,تجربی,4025,607,منطقه 3,پزشکی,دانشگاه علوم پزشکی مازندران - ساری
1393,تجربی,4025,607,منطقه 3,پزشکی,دانشگاه علوم پزشکی یاسوج
1393,تجربی,4034,610,منطقه 3,پزشکی,دانشگاه علوم پزشکی لرستان - خرم آباد
1393,تجربی,4039,611,منطقه 3,دندانپزشکی,دانشگاه علوم پزشکی کردستان - سنندج
1393,تجربی,4039,611,منطقه 3,پزشکی,دانشگاه علوم پزشکی مازندران - ساری
1393,تجربی,4044,613,منطقه 3,پزشکی,دانشگاه علوم پزشکی کرمانشاه
1393,تجربی,4058,615,منطقه 3,پزشکی,دانشگاه علوم پزشکی کردستان - سنندج
1393,تجربی,4076,617,منطقه 3,دندانپزشکی,دانشگاه علوم پزشکی یاسوج
1393,تجربی,4076,617,منطقه 3,پزشکی,دانشگاه علوم پزشکی ارومیه
1393,تجربی,4086,619,منطقه 3,پزشکی,دانشگاه علوم پزشکی زاهدان
1393,تجربی,4094,620,منطقه 3,دندانپزشکی,دانشگاه علوم پزشکی لرستان - خرم آباد
1393,تجربی,4101,621,منطقه 3,پزشکی,دانشگاه علوم پزشکی زاهدان
1393,تجربی,4107,623,منطقه 3,داروسازی,دانشگاه علوم پزشکی زنجان
1393,تجربی,4107,623,منطقه 3,پزشکی,دانشگاه علوم پزشکی لرستان - خرم آباد
1393,تجربی,4132,626,منطقه 3,پزشکی,دانشگاه علوم پزشکی بندرعباس
1393,تجربی,4132,626,منطقه 3,پزشکی,دانشگاه علوم پزشکی یاسوج
1393,تجربی,4139,628,منطقه 3,پزشکی,دانشگاه علوم پزشکی رفسنجان
1393,تجربی,4147,630,منطقه 3,پزشکی,دانشگاه علوم پزشکی ایران
1393,تجربی,4147,630,منطقه 3,پزشکی,دانشگاه علوم پزشکی دزفول
1393,تجربی,4147,630,منطقه 3,پزشکی,دانشگاه علوم پزشکی زاهدان
1393,تجربی,4157,633,منطقه 3,پزشکی,دانشگاه علوم پزشکی بجنورد
1393,تجربی,4157,633,منطقه 3,پزشکی,دانشگاه علوم پزشکی کردستان - سنندج
1393,تجربی,4157,633,منطقه 3,پزشکی,دانشگاه علوم پزشکی گیلان - رشت
1393,تجربی,4167,636,منطقه 3,پزشکی,دانشگاه علوم پزشکی اراک
1393,تجربی,4167,636,منطقه 3,پزشکی,دانشگاه علوم پزشکی رفسنجان
1393,تجربی,4167,636,منطقه 3,پزشکی,دانشگاه علوم پزشکی یاسوج
1393,تجربی,4175,639,منطقه 3,پزشکی,دانشگاه علوم پزشکی جندی شاپور اهواز
1393,تجربی,4198,641,منطقه 3,پزشکی,دانشگاه علوم پزشکی ارومیه
1393,تجربی,4198,641,منطقه 3,پزشکی,دانشگاه علوم پزشکی زاهدان
1393,تجربی,4198,641,منطقه 3,پزشکی,دانشگاه علوم پزشکی فسا
1393,تجربی,4209,643,منطقه 3,علوم تغذیه,دانشگاه علوم پزشکی اصفهان
1393,تجربی,4216,644,منطقه 3,دندانپزشکی,دانشگاه علوم پزشکی البرز - کرج
1393,تجربی,4222,645,منطقه 3,پزشکی,دانشگاه علوم پزشکی ایران
1393,تجربی,4230,646,منطقه 3,داروسازی,دانشگاه علوم پزشکی اردبیل
1393,تجربی,4230,646,منطقه 3,داروسازی,دانشگاه علوم پزشکی شیراز
1393,تجربی,4234,648,منطقه 3,دندانپزشکی,دانشگاه علوم پزشکی رفسنجان
1393,تجربی,4239,649,منطقه 3,داروسازی,دانشگاه علوم پزشکی شیراز
1393,تجربی,4247,650,منطقه 3,دندانپزشکی,دانشگاه علوم پزشکی بوشهر
1393,تجربی,4247,650,منطقه 3,پزشکی,دانشگاه علوم پزشکی دزفول
1393,تجربی,4255,652,منطقه 3,پزشکی,دانشگاه علوم پزشکی ایلام
1393,تجربی,4264,654,منطقه 3,دندانپزشکی,دانشگاه علوم پزشکی ایلام
1393,تجربی,4264,654,منطقه 3,پزشکی,دانشگاه علوم پزشکی کرمانشاه
1393,تجربی,4264,654,منطقه 3,پزشکی,دانشگاه علوم پزشکی گلستان - گرگان
1393,تجربی,4264,654,منطقه 3,پزشکی,دانشگاه علوم پزشکی یاسوج
1393,تجربی,4284,657,منطقه 3,دندانپزشکی,دانشگاه علوم پزشکی لرستان - خرم آباد
1393,تجربی,4284,657,منطقه 3,پزشکی,دانشگاه علوم پزشکی ایران
1393,تجربی,4294,659,منطقه 3,پزشکی,دانشگاه علوم پزشکی اردبیل
1393,تجربی,4294,659,منطقه 3,پزشکی,دانشگاه علوم پزشکی گلستان - گرگان
1393,تجربی,4300,661,منطقه 3,داروسازی,دانشگاه علوم پزشکی کرمانشاه
1393,تجربی,4305,662,منطقه 3,پزشکی,دانشگاه علوم پزشکی یزد
1393,تجربی,4315,665,منطقه 3,پزشکی,دانشگاه علوم پزشکی اصفهان
1393,تجربی,4315,665,منطقه 3,پزشکی,دانشگاه علوم پزشکی بیرجند
1393,تجربی,4339,668,منطقه 3,داروسازی,دانشگاه علوم پزشکی گیلان - رشت
1393,تجربی,4339,668,منطقه 3,دندانپزشکی,دانشگاه علوم پزشکی کردستان - سنندج
1393,تجربی,4339,668,منطقه 3,پزشکی,دانشگاه علوم پزشکی ارومیه
1393,تجربی,4356,670,منطقه 3,پزشکی,دانشگاه علوم پزشکی همدان
1393,تجربی,4362,671,منطقه 3,داروسازی,دانشگاه علوم پزشکی گیلان - رشت
1393,تجربی,4369,672,منطقه 3,دندانپزشکی,دانشگاه علوم پزشکی کردستان - سنندج
1393,تجربی,4369,672,منطقه 3,پزشکی,دانشگاه علوم پزشکی یاسوج
1393,تجربی,4382,675,منطقه 3,دندانپزشکی,دانشگاه علوم پزشکی قزوین
1393,تجربی,4397,677,منطقه 3,پزشکی,دانشگاه علوم پزشکی اردبیل
1393,تجربی,4411,679,منطقه 3,پزشکی,دانشگاه علوم پزشکی بجنورد
1393,تجربی,4411,679,منطقه 3,کارشناسی ساخت پروتزهای دندانی,دانشگاه علوم پزشکی شهید بهشتی - تهران
1393,تجربی,4417,681,منطقه 3,دندانپزشکی,دانشگاه علوم پزشکی کردستان - سنندج
1393,تجربی,4422,682,منطقه 3,پزشکی,دانشگاه علوم پزشکی ایران
1393,تجربی,4429,683,منطقه 3,پزشکی,دانشگاه علوم پزشکی یاسوج
1393,تجربی,4437,685,منطقه 3,پزشکی,دانشگاه علوم پزشکی جندی شاپور اهواز
1393,تجربی,4446,686,منطقه 3,داروسازی,دانشگاه علوم پزشکی تبریز
1393,تجربی,4454,688,منطقه 3,دندانپزشکی,دانشگاه علوم پزشکی زاهدان
1393,تجربی,4461,689,منطقه 3,پزشکی,دانشگاه علوم پزشکی گناباد
1393,تجربی,4465,691,منطقه 3,دندانپزشکی,دانشگاه علوم پزشکی ایلام
1393,تجربی,4465,691,منطقه 3,پزشکی,دانشگاه علوم پزشکی گلستان - گرگان
1393,تجربی,4470,694,منطقه 3,کارشناسی تکنولوژی پزشکی هسته ای,دانشگاه علوم پزشکی بابل
1393,تجربی,4476,696,منطقه 3,پزشکی,دانشگاه علوم پزشکی اردبیل
1393,تجربی,4482,697,منطقه 3,پزشکی,دانشگاه علوم پزشکی زاهدان
1393,تجربی,4482,697,منطقه 3,پزشکی,دانشگاه علوم پزشکی یاسوج
1393,تجربی,4492,700,منطقه 3,پزشکی,دانشگاه علوم پزشکی گلستان - گرگان
1393,تجربی,4504,703,منطقه 3,داروسازی,دانشگاه علوم پزشکی مازندران - ساری
1393,تجربی,4504,703,منطقه 3,پزشکی,دانشگاه علوم پزشکی قزوین
1393,تجربی,4514,705,منطقه 3,داروسازی,دانشگاه علوم پزشکی تبریز
1393,تجربی,4514,705,منطقه 3,پزشکی,دانشکده علوم پزشکی آبادان
1393,تجربی,4521,707,منطقه 3,داروسازی,دانشگاه علوم پزشکی کرمان
1393,تجربی,4528,708,منطقه 3,داروسازی,دانشگاه علوم پزشکی شیراز
1393,تجربی,4528,708,منطقه 3,پزشکی,دانشگاه علوم پزشکی بوشهر
1393,تجربی,4543,710,منطقه 3,پزشکی,دانشگاه علوم پزشکی گلستان - گرگان
1393,تجربی,4553,712,منطقه 3,پزشکی,دانشگاه علوم پزشکی یاسوج
1393,تجربی,4562,715,منطقه 3,داروسازی,دانشگاه علوم پزشکی گیلان - رشت
1393,تجربی,4562,715,منطقه 3,پزشکی,دانشگاه علوم پزشکی لرستان - خرم آباد
1393,تجربی,4562,715,منطقه 3,پزشکی,دانشگاه علوم پزشکی کردستان - سنندج
1393,تجربی,4574,718,منطقه 3,پزشکی,دانشگاه علوم پزشکی بوشهر
1393,تجربی,4586,719,منطقه 3,پزشکی,دانشگاه علوم پزشکی جیرفت
1393,تجربی,4598,720,منطقه 3,پزشکی,دانشگاه علوم پزشکی زنجان
1393,تجربی,4607,722,منطقه 3,داروسازی,دانشگاه علوم پزشکی تبریز
1393,تجربی,4619,723,منطقه 3,داروسازی,دانشگاه علوم پزشکی تبریز
1393,تجربی,4619,723,منطقه 3,فیزیوتراپی,دانشگاه علوم پزشکی تبریز
1393,تجربی,4632,725,منطقه 3,پزشکی,دانشگاه علوم پزشکی جندی شاپور اهواز
1393,تجربی,4632,725,منطقه 3,پزشکی,دانشگاه علوم پزشکی لرستان - خرم آباد
1393,تجربی,4641,728,منطقه 3,پزشکی,دانشگاه علوم پزشکی اراک
1393,تجربی,4641,728,منطقه 3,پزشکی,دانشگاه علوم پزشکی ایران
1393,تجربی,4655,731,منطقه 3,داروسازی,دانشگاه علوم پزشکی تهران
1393,تجربی,4662,733,منطقه 3,پزشکی,دانشگاه علوم پزشکی گلستان - گرگان
1393,تجربی,4662,733,منطقه 3,پزشکی,دانشگاه علوم پزشکی یاسوج
1393,تجربی,4681,739,منطقه 3,حسابداری,دانشگاه پیام نور خراسان رضوی - مرکز کاشمر
1393,تجربی,4681,739,منطقه 3,پزشکی,دانشگاه علوم پزشکی رفسنجان
1393,تجربی,4681,739,منطقه 3,پزشکی,دانشگاه علوم پزشکی گلستان - گرگان
1393,تجربی,4681,739,منطقه 3,پزشکی,دانشگاه علوم پزشکی یاسوج
1393,تجربی,4693,743,منطقه 3,داروسازی,دانشگاه علوم پزشکی اردبیل
1393,تجربی,4693,743,منطقه 3,پزشکی,دانشگاه علوم پزشکی یاسوج
1393,تجربی,4705,745,منطقه 3,پزشکی,دانشگاه علوم پزشکی بقیه الله
1393,تجربی,4705,745,منطقه 3,پزشکی,دانشگاه علوم پزشکی گلستان - گرگان
1393,تجربی,4723,748,منطقه 3,داروسازی,دانشگاه علوم پزشکی شیراز
1393,تجربی,4723,748,منطقه 3,پزشکی,دانشگاه علوم پزشکی جیرفت
1393,تجربی,4734,751,منطقه 3,داروسازی,دانشگاه علوم پزشکی مشهد
1393,تجربی,4734,751,منطقه 3,پزشکی,دانشگاه علوم پزشکی ایران
1393,تجربی,4734,751,منطقه 3,پزشکی,دانشگاه علوم پزشکی گناباد
1393,تجربی,4759,754,منطقه 3,پزشکی,دانشگاه علوم پزشکی ایران
1393,تجربی,4766,756,منطقه 3,پزشکی,دانشگاه علوم پزشکی دزفول
1393,تجربی,4766,756,منطقه 3,پزشکی,دانشگاه علوم پزشکی یاسوج
1393,تجربی,4772,758,منطقه 3,پزشکی,دانشگاه علوم پزشکی یاسوج
1393,تجربی,4785,759,منطقه 3,پزشکی,دانشگاه علوم پزشکی همدان
1393,تجربی,4797,761,منطقه 3,پزشکی,دانشگاه علوم پزشکی بوشهر
1393,تجربی,4797,761,منطقه 3,پزشکی,دانشگاه علوم پزشکی همدان
1393,تجربی,4805,764,منطقه 3,دندانپزشکی,دانشگاه علوم پزشکی یاسوج
1393,تجربی,4805,764,منطقه 3,پزشکی,دانشگاه علوم پزشکی ایلام
1393,تجربی,4822,766,منطقه 3,دندانپزشکی,دانشگاه علوم پزشکی زاهدان
1393,تجربی,4832,767,منطقه 3,داروسازی,دانشگاه علوم پزشکی گیلان - رشت
1393,تجربی,4832,767,منطقه 3,پزشکی,دانشگاه علوم پزشکی یاسوج
1393,تجربی,4844,769,منطقه 3,کارشناسی تکنولوژی پرتوشناسی,دانشگاه علوم پزشکی شیراز
1393,تجربی,4863,772,منطقه 3,داروسازی,دانشگاه علوم پزشکی شیراز
1393,تجربی,4863,772,منطقه 3,دندانپزشکی,دانشگاه علوم پزشکی یاسوج
1393,تجربی,4896,775,منطقه 3,پزشکی,دانشگاه علوم پزشکی بم
1393,تجربی,4907,776,منطقه 3,دندانپزشکی,دانشگاه علوم پزشکی کرمانشاه
1393,تجربی,4907,776,منطقه 3,پزشکی,دانشگاه علوم پزشکی ایران
1393,تجربی,4914,778,منطقه 3,پزشکی,دانشگاه علوم پزشکی زاهدان
1393,تجربی,4920,779,منطقه 3,دندانپزشکی,دانشگاه علوم پزشکی لرستان - خرم آباد
1393,تجربی,4931,780,منطقه 3,داروسازی,دانشگاه علوم پزشکی کرمانشاه
1393,تجربی,4931,780,منطقه 3,داروسازی,دانشگاه علوم پزشکی گیلان - رشت
1393,تجربی,4950,782,منطقه 3,پزشکی,دانشکده علوم پزشکی آبادان
1393,تجربی,4955,783,منطقه 3,دندانپزشکی,دانشگاه علوم پزشکی یاسوج
1393,تجربی,4979,786,منطقه 3,پزشکی,دانشگاه علوم پزشکی بوشهر
1393,تجربی,5018,791,منطقه 3,بینایی سنجی,دانشگاه علوم پزشکی شهید بهشتی - تهران
1393,تجربی,5018,791,منطقه 3,داروسازی,دانشگاه علوم پزشکی شیراز
1393,تجربی,5018,791,منطقه 3,پزشکی,دانشگاه علوم پزشکی جندی شاپور اهواز
1393,تجربی,5018,791,منطقه 3,پزشکی,دانشگاه علوم پزشکی لرستان - خرم آباد
1393,تجربی,5028,794,منطقه 3,پزشکی,دانشگاه علوم پزشکی بم
1393,تجربی,5037,795,منطقه 3,فیزیوتراپی,دانشگاه علوم پزشکی کرمان
1393,تجربی,5052,797,منطقه 3,پزشکی,دانشگاه علوم پزشکی لرستان - خرم آباد
1393,تجربی,5062,799,منطقه 3,فیزیوتراپی,دانشگاه علوم پزشکی مشهد
1393,تجربی,5062,799,منطقه 3,پزشکی,دانشگاه علوم پزشکی بیرجند
1393,تجربی,5062,799,منطقه 3,پزشکی,دانشگاه علوم پزشکی یاسوج
1393,تجربی,5080,802,منطقه 3,دندانپزشکی,دانشگاه علوم پزشکی یاسوج
1393,تجربی,5087,804,منطقه 3,پزشکی,دانشگاه علوم پزشکی ایران
1393,تجربی,5087,804,منطقه 3,پزشکی,دانشگاه علوم پزشکی زاهدان
1393,تجربی,5096,806,منطقه 3,داروسازی,دانشگاه علوم پزشکی شهید بهشتی - تهران
1393,تجربی,5117,811,منطقه 3,دندانپزشکی,دانشگاه علوم پزشکی بندرعباس
1393,تجربی,5128,813,منطقه 3,داروسازی,دانشگاه علوم پزشکی کرمان
1393,تجربی,5140,816,منطقه 3,داروسازی,دانشگاه علوم پزشکی جندی شاپور اهواز
1393,تجربی,5140,816,منطقه 3,پزشکی,دانشگاه علوم پزشکی لرستان - خرم آباد
1393,تجربی,5140,816,منطقه 3,پزشکی,دانشگاه علوم پزشکی کردستان - سنندج
1393,تجربی,5140,816,منطقه 3,پزشکی,دانشگاه علوم پزشکی یاسوج
1393,تجربی,5158,821,منطقه 3,داروسازی,دانشگاه علوم پزشکی زابل
1393,تجربی,5158,821,منطقه 3,پزشکی,دانشگاه علوم پزشکی زاهدان
1393,تجربی,5158,821,منطقه 3,پزشکی,دانشگاه علوم پزشکی لرستان - خرم آباد
1393,تجربی,5168,823,منطقه 3,داروسازی,دانشگاه علوم پزشکی ارومیه
1393,تجربی,5168,823,منطقه 3,داروسازی,دانشگاه علوم پزشکی جندی شاپور اهواز
1393,تجربی,5175,825,منطقه 3,پزشکی,دانشگاه علوم پزشکی رفسنجان
1393,تجربی,5180,826,منطقه 3,داروسازی,دانشگاه علوم پزشکی ارومیه
1393,تجربی,5185,827,منطقه 3,فیزیوتراپی,دانشگاه علوم پزشکی بابل
1393,تجربی,5193,828,منطقه 3,داروسازی,دانشگاه علوم پزشکی کرمانشاه
1393,تجربی,5208,830,منطقه 3,پزشکی,دانشگاه علوم پزشکی زاهدان
1393,تجربی,5221,832,منطقه 3,دندانپزشکی,دانشگاه علوم پزشکی ایلام
1393,تجربی,5232,833,منطقه 3,داروسازی,دانشگاه علوم پزشکی کرمانشاه
1393,تجربی,5238,835,منطقه 3,داروسازی,دانشگاه علوم پزشکی کرمانشاه
1393,تجربی,5243,836,منطقه 3,داروسازی,دانشگاه علوم پزشکی مازندران - ساری
1393,تجربی,5251,838,منطقه 3,داروسازی,دانشگاه علوم پزشکی تبریز
1393,تجربی,5251,838,منطقه 3,داروسازی,دانشگاه علوم پزشکی همدان
1393,تجربی,5251,838,منطقه 3,دندانپزشکی,دانشگاه علوم پزشکی اصفهان
1393,تجربی,5272,843,منطقه 3,پزشکی,دانشگاه علوم پزشکی البرز - کرج
1393,تجربی,5272,843,منطقه 3,پزشکی,دانشگاه علوم پزشکی زاهدان
1393,تجربی,5292,846,منطقه 3,داروسازی,دانشگاه علوم پزشکی مازندران - ساری
1393,تجربی,5307,849,منطقه 3,داروسازی,دانشگاه علوم پزشکی گیلان - رشت
1393,تجربی,5307,849,منطقه 3,پزشکی,دانشگاه علوم پزشکی کردستان - سنندج
1393,تجربی,5315,851,منطقه 3,داروسازی,دانشگاه علوم پزشکی جندی شاپور اهواز
1393,تجربی,5324,853,منطقه 3,پزشکی,دانشگاه علوم پزشکی ایلام
1393,تجربی,5324,853,منطقه 3,پزشکی,دانشگاه علوم پزشکی جهرم
1393,تجربی,5334,856,منطقه 3,پزشکی,دانشگاه علوم پزشکی لرستان - خرم آباد
1393,تجربی,5351,859,منطقه 3,داروسازی,دانشگاه علوم پزشکی شیراز
1393,تجربی,5351,859,منطقه 3,پزشکی,دانشگاه علوم پزشکی بقیه الله
1393,تجربی,5358,861,منطقه 3,پزشکی,دانشگاه علوم پزشکی ایلام
1393,تجربی,5364,863,منطقه 3,داروسازی,دانشگاه علوم پزشکی کرمان
1393,تجربی,5364,863,منطقه 3,دندانپزشکی,دانشگاه علوم پزشکی زنجان
1393,تجربی,5364,863,منطقه 3,فیزیوتراپی,دانشگاه علوم پزشکی مشهد
1393,تجربی,5373,865,منطقه 3,داروسازی,دانشگاه علوم پزشکی کرمان
1393,تجربی,5384,868,منطقه 3,پزشکی,دانشگاه علوم پزشکی بندرعباس
1393,تجربی,5384,868,منطقه 3,پزشکی,دانشگاه علوم پزشکی جندی شاپور - اهواز - پردیس خودگردان
1393,تجربی,5394,871,منطقه 3,مامایی,دانشگاه علوم پزشکی تهران
1393,تجربی,5404,872,منطقه 3,داروسازی,دانشگاه علوم پزشکی کرمانشاه
1393,تجربی,5413,873,منطقه 3,پزشکی,دانشگاه علوم پزشکی لرستان - خرم آباد
1393,تجربی,5431,875,منطقه 3,فیزیوتراپی,دانشگاه علوم پزشکی اصفهان
1393,تجربی,5450,879,منطقه 3,دامپزشکی,دانشگاه تهران
1393,تجربی,5467,881,منطقه 3,پزشکی,دانشگاه علوم پزشکی بندرعباس
1393,تجربی,5475,883,منطقه 3,داروسازی,دانشگاه علوم پزشکی همدان - پردیس خودگردان
1393,تجربی,5475,883,منطقه 3,فیزیوتراپی,دانشگاه علوم پزشکی کرمان
1393,تجربی,5484,887,منطقه 3,داروسازی,دانشگاه علوم پزشکی مشهد
1393,تجربی,5484,887,منطقه 3,پزشکی,دانشگاه علوم پزشکی رفسنجان
1393,تجربی,5484,887,منطقه 3,پزشکی,دانشگاه علوم پزشکی کردستان - سنندج
1393,تجربی,5493,889,منطقه 3,پزشکی,دانشگاه علوم پزشکی فسا
1393,تجربی,5493,889,منطقه 3,پزشکی,دانشگاه علوم پزشکی کاشان
1393,تجربی,5500,891,منطقه 3,پزشکی,دانشگاه علوم پزشکی بوشهر
1393,تجربی,5510,893,منطقه 3,دندانپزشکی,دانشگاه علوم پزشکی یاسوج
1393,تجربی,5522,896,منطقه 3,داروسازی,دانشگاه علوم پزشکی تبریز
1393,تجربی,5522,896,منطقه 3,پزشکی,دانشگاه علوم پزشکی بجنورد
1393,تجربی,5530,899,منطقه 3,داروسازی,دانشگاه علوم پزشکی همدان
1393,تجربی,5530,899,منطقه 3,پزشکی,دانشگاه علوم پزشکی زاهدان
1393,تجربی,5544,902,منطقه 3,پزشکی,دانشگاه علوم پزشکی لرستان - خرم آباد
1393,تجربی,5556,903,منطقه 3,داروسازی,دانشگاه علوم پزشکی کرمان
1393,تجربی,5556,903,منطقه 3,دندانپزشکی,دانشگاه علوم پزشکی زاهدان
1393,تجربی,5567,905,منطقه 3,پزشکی,دانشگاه علوم پزشکی مازندران - ساری - پردیس خودگردان
1393,تجربی,5579,906,منطقه 3,پزشکی,دانشگاه علوم پزشکی البرز - کرج
1393,تجربی,5598,909,منطقه 3,دندانپزشکی,دانشگاه علوم پزشکی اراک
1393,تجربی,5611,912,منطقه 3,بینایی سنجی,دانشگاه علوم پزشکی شهید بهشتی - تهران
1393,تجربی,5611,912,منطقه 3,دندانپزشکی,دانشگاه علوم پزشکی یاسوج
1393,تجربی,5623,914,منطقه 3,دندانپزشکی,دانشگاه علوم پزشکی یاسوج
1393,تجربی,5632,916,منطقه 3,پزشکی,دانشگاه علوم پزشکی بقیه الله
1393,تجربی,5647,920,منطقه 3,داروسازی,دانشگاه علوم پزشکی جندی شاپور اهواز
1393,تجربی,5659,923,منطقه 3,دندانپزشکی,دانشگاه علوم پزشکی اردبیل - پردیس خودگردان
1393,تجربی,5659,923,منطقه 3,دندانپزشکی,دانشگاه علوم پزشکی یاسوج
1393,تجربی,5689,925,منطقه 3,داروسازی,دانشگاه علوم پزشکی شهید بهشتی - تهران
1393,تجربی,5689,925,منطقه 3,دندانپزشکی,دانشگاه علوم پزشکی اراک
1393,تجربی,5696,927,منطقه 3,فیزیوتراپی,دانشگاه علوم پزشکی تبریز
1393,تجربی,5704,928,منطقه 3,داروسازی,دانشگاه علوم پزشکی اردبیل
1393,تجربی,5704,928,منطقه 3,پزشکی,دانشگاه علوم پزشکی کردستان - سنندج
1393,تجربی,5714,931,منطقه 3,پزشکی,دانشگاه علوم پزشکی ایلام
1393,تجربی,5724,933,منطقه 3,فیزیوتراپی,دانشگاه علوم پزشکی شهید بهشتی - تهران
1393,تجربی,5735,934,منطقه 3,پزشکی,دانشگاه علوم پزشکی بم
1393,تجربی,5760,936,منطقه 3,پزشکی,دانشگاه علوم پزشکی البرز - کرج
1393,تجربی,5760,936,منطقه 3,پزشکی,دانشگاه علوم پزشکی دزفول
1393,تجربی,5769,939,منطقه 3,داروسازی,دانشگاه علوم پزشکی لرستان - خرم آباد
1393,تجربی,5769,939,منطقه 3,فیزیوتراپی,دانشگاه علوم پزشکی مشهد
1393,تجربی,5777,941,منطقه 3,پزشکی,دانشگاه علوم پزشکی یزد
1393,تجربی,5785,942,منطقه 3,پزشکی,دانشگاه علوم پزشکی زاهدان
1393,تجربی,5802,944,منطقه 3,داروسازی,دانشگاه علوم پزشکی لرستان - خرم آباد
1393,تجربی,5814,947,منطقه 3,فیزیوتراپی,دانشگاه علوم پزشکی شهید بهشتی - تهران
1393,تجربی,5838,951,منطقه 3,دندانپزشکی,دانشگاه علوم پزشکی کاشان
1393,تجربی,5869,955,منطقه 3,داروسازی,دانشگاه علوم پزشکی کرمان
1393,تجربی,5880,957,منطقه 3,علوم آزمایشگاهی,دانشگاه علوم پزشکی اردبیل
1393,تجربی,5890,960,منطقه 3,دبیری شیمی,پردیس بنت الهدی صدر - رشت
1393,تجربی,5890,960,منطقه 3,پزشکی,دانشگاه علوم پزشکی شهرکرد
1393,تجربی,5903,962,منطقه 3,فیزیوتراپی,دانشگاه علوم پزشکی کرمان
1393,تجربی,5918,964,منطقه 3,دندانپزشکی,دانشگاه علوم پزشکی بوشهر
1393,تجربی,5937,966,منطقه 3,داروسازی,دانشگاه علوم پزشکی کرمان
1393,تجربی,5937,966,منطقه 3,پزشکی,دانشگاه علوم پزشکی بوشهر
1393,تجربی,5937,966,منطقه 3,پزشکی,دانشگاه علوم پزشکی فسا
1393,تجربی,5946,968,منطقه 3,پزشکی,دانشگاه علوم پزشکی رفسنجان
1393,تجربی,5955,970,منطقه 3,دندانپزشکی,دانشگاه علوم پزشکی یاسوج
1393,تجربی,5955,970,منطقه 3,پزشکی,دانشگاه علوم پزشکی ایلام
1393,تجربی,5965,972,منطقه 3,پزشکی,دانشکده علوم پزشکی آبادان
1393,تجربی,5995,975,منطقه 3,دندانپزشکی,دانشگاه علوم پزشکی بجنورد
1393,تجربی,5995,975,منطقه 3,فیزیوتراپی,دانشگاه علوم پزشکی ایران
1393,تجربی,5995,975,منطقه 3,فیزیوتراپی,دانشگاه علوم پزشکی تبریز
1393,تجربی,5995,975,منطقه 3,پزشکی,دانشگاه علوم پزشکی ایلام
1393,تجربی,6028,987,منطقه 3,پزشکی,دانشگاه علوم پزشکی بم
1393,تجربی,6028,987,منطقه 3,پزشکی,دانشگاه علوم پزشکی زنجان
1393,تجربی,6035,989,منطقه 3,پزشکی,دانشگاه علوم پزشکی کردستان - سنندج
1393,تجربی,6041,990,منطقه 3,پزشکی,دانشگاه علوم پزشکی یزد
1393,تجربی,6052,993,منطقه 3,داروسازی,دانشگاه علوم پزشکی کرمان
1393,تجربی,6052,993,منطقه 3,دندانپزشکی,دانشگاه علوم پزشکی بندرعباس
1393,تجربی,6064,996,منطقه 3,پزشکی,دانشگاه علوم پزشکی ایلام
1393,تجربی,6064,996,منطقه 3,پزشکی,دانشگاه علوم پزشکی لرستان - خرم آباد
1393,ریاضی,1,1,منطقه 1,مهندسی برق,دانشگاه صنعتی شریف - تهران
1393,ریاضی,2,2,منطقه 1,مهندسی برق,دانشگاه صنعتی شریف - تهران
1393,ریاضی,3,3,منطقه 1,مهندسی کامپیوتر,دانشگاه صنعتی شریف - تهران
1393,ریاضی,4,4,منطقه 1,مهندسی برق,دانشگاه صنعتی شریف - تهران
1393,ریاضی,5,5,منطقه 1,مهندسی برق,دانشگاه صنعتی شریف - تهران
1393,ریاضی,6,6,منطقه 1,مهندسی برق,دانشگاه صنعتی شریف - تهران
1393,ریاضی,7,7,منطقه 1,مهندسی برق,دانشگاه صنعتی شریف - تهران
1393,ریاضی,8,1,منطقه 2,مهندسی برق,دانشگاه صنعتی شریف - تهران
1393,ریاضی,9,2,منطقه 2,مهندسی برق,دانشگاه صنعتی شریف - تهران
1393,ریاضی,10,8,منطقه 1,مهندسی برق,دانشگاه صنعتی شریف - تهران
1393,ریاضی,11,9,منطقه 1,مهندسی برق,دانشگاه صنعتی شریف - تهران
1393,ریاضی,12,10,منطقه 1,مهندسی برق,دانشگاه صنعتی شریف - تهران
1393,ریاضی,13,3,منطقه 2,مهندسی برق,دانشگاه صنعتی شریف - تهران
1393,ریاضی,15,1,ایثارگران,مهندسی برق,دانشگاه صنعتی شریف - تهران
1393,ریاضی,15,4,منطقه 2,مهندسی مکانیک,دانشگاه صنعتی شریف - تهران
1393,ریاضی,17,5,منطقه 2,مهندسی برق,دانشگاه صنعتی شریف - تهران
1393,ریاضی,18,6,منطقه 2,مهندسی برق,دانشگاه صنعتی شریف - تهران
1393,ریاضی,19,12,منطقه 1,مهندسی برق,دانشگاه صنعتی شریف - تهران
1393,ریاضی,20,13,منطقه 1,مهندسی مکانیک,دانشگاه صنعتی شریف - تهران
1393,ریاضی,23,7,منطقه 2,مهندسی مکانیک,دانشگاه صنعتی شریف - تهران
1393,ریاضی,24,16,منطقه 1,مهندسی برق,دانشگاه صنعتی شریف - تهران
1393,ریاضی,26,17,منطقه 1,مهندسی مکانیک,دانشگاه صنعتی شریف - تهران
1393,ریاضی,27,18,منطقه 1,مهندسی کامپیوتر,دانشگاه صنعتی شریف - تهران
1393,ریاضی,28,19,منطقه 1,مهندسی برق,دانشگاه صنعتی شریف - تهران
1393,ریاضی,31,9,منطقه 2,مهندسی کامپیوتر,دانشگاه صنعتی شریف - تهران
1393,ریاضی,31,22,منطقه 1,مهندسی برق,دانشگاه صنعتی شریف - تهران
1393,ریاضی,33,23,منطقه 1,مهندسی برق,دانشگاه صنعتی شریف - تهران
1393,ریاضی,34,24,منطقه 1,مهندسی برق,دانشگاه صنعتی شریف - تهران
1393,ریاضی,35,10,منطقه 2,مهندسی برق,دانشگاه صنعتی شریف - تهران
1393,ریاضی,36,25,منطقه 1,مهندسی برق,دانشگاه صنعتی شریف - تهران
1393,ریاضی,39,28,منطقه 1,مهندسی برق,دانشگاه صنعتی شریف - تهران
1393,ریاضی,40,11,منطقه 2,مهندسی برق,دانشگاه صنعتی شریف - تهران
1393,ریاضی,41,12,منطقه 2,مهندسی برق,دانشگاه صنعتی شریف - تهران
1393,ریاضی,42,29,منطقه 1,مهندسی برق,دانشگاه صنعتی شریف - تهران
1393,ریاضی,43,30,منطقه 1,مهندسی کامپیوتر,دانشگاه صنعتی شریف - تهران
1393,ریاضی,44,1,منطقه 3,مهندسی برق,دانشگاه صنعتی شریف - تهران
1393,ریاضی,47,13,منطقه 2,مهندسی برق,دانشگاه صنعتی شریف - تهران
1393,ریاضی,48,33,منطقه 1,مهندسی برق,دانشگاه صنعتی شریف - تهران
1393,ریاضی,50,15,منطقه 2,مهندسی برق,دانشگاه صنعتی شریف - تهران
1393,ریاضی,51,34,منطقه 1,مهندسی برق,دانشگاه صنعتی شریف - تهران
1393,ریاضی,52,16,منطقه 2,مهندسی برق,دانشگاه صنعتی شریف - تهران
1393,ریاضی,53,17,منطقه 2,مهندسی برق,دانشگاه صنعتی شریف - تهران
1393,ریاضی,54,18,منطقه 2,مهندسی برق,دانشگاه صنعتی شریف - تهران
1393,ریاضی,55,2,منطقه 3,مهندسی مکانیک,دانشگاه صنعتی شریف - تهران
1393,ریاضی,56,35,منطقه 1,مهندسی برق,دانشگاه صنعتی شریف - تهران
1393,ریاضی,58,37,منطقه 1,مهندسی برق,دانشگاه صنعتی شریف - تهران
1393,ریاضی,59,38,منطقه 1,مهندسی برق,دانشگاه صنعتی شریف - تهران
1393,ریاضی,61,39,منطقه 1,مهندسی برق,دانشگاه صنعتی شریف - تهران
1393,ریاضی,62,20,منطقه 2,مهندسی برق,دانشگاه صنعتی شریف - تهران
1393,ریاضی,63,21,منطقه 2,مهندسی برق,دانشگاه صنعتی شریف - تهران
1393,ریاضی,65,22,منطقه 2,مهندسی کامپیوتر,دانشگاه صنعتی شریف - تهران
1393,ریاضی,67,42,منطقه 1,مهندسی برق,دانشگاه صنعتی شریف - تهران
1393,ریاضی,68,43,منطقه 1,مهندسی مکانیک,دانشگاه صنعتی اصفهان
1393,ریاضی,69,44,منطقه 1,مهندسی مکانیک,دانشگاه صنعتی شریف - تهران
1393,ریاضی,70,3,منطقه 3,مهندسی برق,دانشگاه صنعتی شریف - تهران
1393,ریاضی,71,45,منطقه 1,مهندسی برق,دانشگاه صنعتی شریف - تهران
1393,ریاضی,72,46,منطقه 1,مهندسی برق,دانشگاه صنعتی شریف - تهران
1393,ریاضی,73,23,منطقه 2,مهندسی برق,دانشگاه صنعتی شریف - تهران
1393,ریاضی,75,48,منطقه 1,مهندسی برق,دانشگاه صنعتی شریف - تهران
1393,ریاضی,75,48,منطقه 1,مهندسی مکانیک,دانشگاه صنعتی شریف - تهران
1393,ریاضی,77,50,منطقه 1,مهندسی مکانیک,دانشگاه صنعتی شریف - تهران
1393,ریاضی,78,51,منطقه 1,مهندسی مکانیک,دانشگاه صنعتی شریف - تهران
1393,ریاضی,80,53,منطقه 1,مهندسی برق,دانشگاه صنعتی شریف - تهران
1393,ریاضی,82,24,منطقه 2,مهندسی مکانیک,دانشگاه صنعتی شریف - تهران
1393,ریاضی,83,55,منطقه 1,مهندسی صنایع,دانشگاه صنعتی شریف - تهران
1393,ریاضی,84,56,منطقه 1,مهندسی برق,دانشگاه صنعتی شریف - تهران
1393,ریاضی,85,25,منطقه 2,مهندسی عمران,دانشگاه صنعتی شریف - تهران
1393,ریاضی,87,26,منطقه 2,مهندسی برق,دانشگاه صنعتی شریف - تهران
1393,ریاضی,88,58,منطقه 1,مهندسی برق,دانشگاه صنعتی شریف - تهران
1393,ریاضی,89,59,منطقه 1,مهندسی عمران,دانشگاه صنعتی شریف - تهران
1393,ریاضی,91,60,منطقه 1,مهندسی برق,دانشگاه صنعتی شریف - تهران
1393,ریاضی,92,28,منطقه 2,مهندسی برق,دانشگاه صنعتی شریف - تهران
1393,ریاضی,93,61,منطقه 1,مهندسی مکانیک,دانشگاه صنعتی شریف - تهران
1393,ریاضی,94,29,منطقه 2,مهندسی مکانیک,دانشگاه صنعتی شریف - تهران
1393,ریاضی,96,2,ایثارگران,مهندسی برق,دانشگاه صنعتی شریف - تهران
1393,ریاضی,97,30,منطقه 2,مهندسی مکانیک,دانشگاه صنعتی شریف - تهران
1393,ریاضی,99,31,منطقه 2,مهندسی عمران,دانشگاه صنعتی شریف - تهران
1393,ریاضی,100,64,منطقه 1,مهندسی کامپیوتر,دانشگاه صنعتی شریف - تهران
1393,ریاضی,101,32,منطقه 2,مهندسی برق,دانشگاه صنعتی شریف - تهران
1393,ریاضی,102,33,منطقه 2,مهندسی مکانیک,دانشگاه صنعتی شریف - تهران
1393,ریاضی,102,65,منطقه 1,مهندسی مکانیک,دانشگاه صنعتی شریف - تهران
1393,ریاضی,104,34,منطقه 2,مهندسی برق,دانشگاه صنعتی شریف - تهران
1393,ریاضی,106,66,منطقه 1,مهندسی برق,دانشگاه تهران
1393,ریاضی,108,36,منطقه 2,مهندسی مکانیک,دانشگاه صنعتی شریف - تهران
1393,ریاضی,109,68,منطقه 1,مهندسی مکانیک,دانشگاه صنعتی شریف - تهران
1393,ریاضی,110,69,منطقه 1,مهندسی کامپیوتر,دانشگاه صنعتی شریف - تهران
1393,ریاضی,111,37,منطقه 2,مهندسی برق,دانشگاه صنعتی شریف - تهران
1393,ریاضی,112,38,منطقه 2,مهندسی برق,دانشگاه صنعتی شریف - تهران
1393,ریاضی,113,39,منطقه 2,مهندسی برق,دانشگاه صنعتی شریف - تهران
1393,ریاضی,115,71,منطقه 1,مهندسی برق,دانشگاه تهران
1393,ریاضی,115,71,منطقه 1,مهندسی مکانیک,دانشگاه صنعتی شریف - تهران
1393,ریاضی,117,40,منطقه 2,مهندسی معماری,دانشگاه تهران
1393,ریاضی,118,41,منطقه 2,مهندسی مکانیک,دانشگاه صنعتی شریف - تهران
1393,ریاضی,119,42,منطقه 2,مهندسی کامپیوتر,دانشگاه صنعتی شریف - تهران
1393,ریاضی,122,43,منطقه 2,مهندسی برق,دانشگاه صنعتی شریف - تهران
1393,ریاضی,124,74,منطقه 1,مهندسی برق,دانشگاه صنعتی اصفهان
1393,ریاضی,125,75,منطقه 1,مهندسی مکانیک,دانشگاه صنعتی شریف - تهران
1393,ریاضی,126,76,منطقه 1,مهندسی کامپیوتر,دانشگاه صنعتی شریف - تهران
1393,ریاضی,127,77,منطقه 1,مهندسی برق,دانشگاه تهران
1393,ریاضی,128,45,منطقه 2,مهندسی برق,دانشگاه صنعتی شریف - تهران
1393,ریاضی,130,78,منطقه 1,مهندسی مکانیک,دانشگاه صنعتی شریف - تهران
1393,ریاضی,131,47,منطقه 2,مهندسی مکانیک,دانشگاه صنعتی شریف - تهران
1393,ریاضی,131,79,منطقه 1,مهندسی مکانیک,دانشگاه صنعتی شریف - تهران
1393,ریاضی,134,81,منطقه 1,مهندسی مکانیک,دانشگاه صنعتی شریف - تهران
1393,ریاضی,137,84,منطقه 1,مهندسی مکانیک,دانشگاه صنعتی شریف - تهران
1393,ریاضی,138,85,منطقه 1,مهندسی مکانیک,دانشگاه صنعتی شریف - تهران
1393,ریاضی,139,4,منطقه 3,مهندسی برق,دانشگاه صنعتی شریف - تهران
1393,ریاضی,140,86,منطقه 1,مهندسی مکانیک,دانشگاه صنعتی شریف - تهران
1393,ریاضی,141,48,منطقه 2,مهندسی عمران,دانشگاه صنعتی شریف - تهران
1393,ریاضی,142,87,منطقه 1,مهندسی عمران,دانشگاه صنعتی شریف - تهران
1393,ریاضی,144,88,منطقه 1,مهندسی مکانیک,دانشگاه صنعتی شریف - تهران
1393,ریاضی,145,5,منطقه 3,مهندسی برق,دانشگاه صنعتی شریف - تهران
1393,ریاضی,145,49,منطقه 2,مهندسی مکانیک,دانشگاه صنعتی شریف - تهران
1393,ریاضی,149,91,منطقه 1,مهندسی کامپیوتر,دانشگاه تهران
1393,ریاضی,151,6,منطقه 3,مهندسی برق,دانشگاه صنعتی شریف - تهران
1393,ریاضی,152,93,منطقه 1,مهندسی مکانیک,دانشگاه صنعتی شریف - تهران
1393,ریاضی,154,50,منطقه 2,مهندسی برق,دانشگاه صنعتی شریف - تهران
1393,ریاضی,155,5,ایثارگران,مهندسی برق,دانشگاه صنعتی شریف - تهران
1393,ریاضی,156,51,منطقه 2,مهندسی برق,دانشگاه صنعتی شریف - تهران
1393,ریاضی,156,95,منطقه 1,مهندسی مکانیک,دانشگاه صنعتی شریف - تهران
1393,ریاضی,158,96,منطقه 1,مهندسی برق,دانشگاه تهران
1393,ریاضی,159,7,منطقه 3,مهندسی مکانیک,دانشگاه صنعتی شریف - تهران
1393,ریاضی,160,97,منطقه 1,مهندسی عمران,دانشگاه صنعتی شریف - تهران
1393,ریاضی,160,97,منطقه 1,مهندسی مکانیک,دانشگاه صنعتی شریف - تهران
1393,ریاضی,162,52,منطقه 2,مهندسی برق,دانشگاه صنعتی شریف - تهران
1393,ریاضی,163,99,منطقه 1,مهندسی مکانیک,دانشگاه صنعتی شریف - تهران
1393,ریاضی,164,53,منطقه 2,مهندسی کامپیوتر,دانشگاه صنعتی شریف - تهران
1393,ریاضی,164,100,منطقه 1,مهندسی مکانیک,دانشگاه صنعتی شریف - تهران
1393,ریاضی,166,54,منطقه 2,مهندسی برق,دانشگاه صنعتی شریف - تهران
1393,ریاضی,167,101,منطقه 1,مهندسی عمران,دانشگاه صنعتی شریف - تهران
1393,ریاضی,171,55,منطقه 2,مهندسی برق,دانشگاه صنعتی شریف - تهران
1393,ریاضی,172,8,منطقه 3,مهندسی برق,دانشگاه صنعتی شریف - تهران
1393,ریاضی,173,56,منطقه 2,مهندسی برق,دانشگاه صنعتی شریف - تهران
1393,ریاضی,175,106,منطقه 1,مهندسی برق,دانشگاه تهران
1393,ریاضی,176,107,منطقه 1,مهندسی مکانیک,دانشگاه صنعتی شریف - تهران
1393,ریاضی,177,6,ایثارگران,مهندسی عمران,دانشگاه صنعتی شریف - تهران
1393,ریاضی,179,57,منطقه 2,مهندسی برق,دانشگاه صنعتی شریف - تهران
1393,ریاضی,179,108,منطقه 1,مهندسی مکانیک,دانشگاه صنعتی شریف - تهران
1393,ریاضی,182,59,منطقه 2,مهندسی برق,دانشگاه صنعتی شریف - تهران
1393,ریاضی,184,111,منطقه 1,مهندسی مکانیک,دانشگاه صنعتی شریف - تهران
1393,ریاضی,186,113,منطقه 1,مهندسی کامپیوتر,دانشگاه صنعتی شریف - تهران
1393,ریاضی,188,60,منطقه 2,مهندسی برق,دانشگاه صنعتی شریف - تهران
1393,ریاضی,188,60,منطقه 2,مهندسی مکانیک,دانشگاه صنعتی شریف - تهران
1393,ریاضی,190,62,منطقه 2,مهندسی برق,دانشگاه صنعتی شریف - تهران
1393,ریاضی,193,117,منطقه 1,مهندسی مکانیک,دانشگاه صنعتی شریف - تهران
1393,ریاضی,194,63,منطقه 2,مهندسی کامپیوتر,دانشگاه صنعتی شریف - تهران
1393,ریاضی,195,64,منطقه 2,مهندسی برق,دانشگاه تهران
1393,ریاضی,197,119,منطقه 1,مهندسی برق,دانشگاه تهران
1393,ریاضی,198,9,منطقه 3,مهندسی برق,دانشگاه صنعتی شریف - تهران
1393,ریاضی,199,120,منطقه 1,مهندسی مکانیک,دانشگاه صنعتی شریف - تهران
1393,ریاضی,201,65,منطقه 2,مهندسی برق,دانشگاه صنعتی شریف - تهران
1393,ریاضی,202,122,منطقه 1,مهندسی مکانیک,دانشگاه صنعتی شریف - تهران
1393,ریاضی,205,66,منطقه 2,مهندسی برق,دانشگاه صنعتی شریف - تهران
1393,ریاضی,205,66,منطقه 2,مهندسی هوا فضا,دانشگاه صنعتی شریف - تهران
1393,ریاضی,205,124,منطقه 1,مهندسی مکانیک,دانشگاه صنعتی شریف - تهران
1393,ریاضی,207,10,منطقه 3,مهندسی برق,دانشگاه صنعتی شریف - تهران
1393,ریاضی,207,68,منطقه 2,مهندسی برق,دانشگاه صنعتی شریف - تهران
1393,ریاضی,209,69,منطقه 2,مهندسی برق,دانشگاه صنعتی شریف - تهران
1393,ریاضی,210,70,منطقه 2,مهندسی کامپیوتر,دانشگاه صنعتی شریف - تهران
1393,ریاضی,211,71,منطقه 2,مهندسی کامپیوتر,دانشگاه صنعتی شریف - تهران
1393,ریاضی,211,125,منطقه 1,مهندسی برق,دانشگاه تهران
1393,ریاضی,213,126,منطقه 1,مهندسی مکانیک,دانشگاه صنعتی شریف - تهران
1393,ریاضی,214,72,منطقه 2,مهندسی مکانیک,دانشگاه تهران
1393,ریاضی,215,127,منطقه 1,مهندسی برق,دانشگاه تهران
1393,ریاضی,216,73,منطقه 2,مهندسی برق,دانشگاه صنعتی شریف - تهران
1393,ریاضی,216,128,منطقه 1,مهندسی کامپیوتر,دانشگاه صنعتی شریف - تهران
1393,ریاضی,220,74,منطقه 2,مهندسی برق,دانشگاه صنعتی شریف - تهران
1393,ریاضی,221,130,منطقه 1,مهندسی عمران,دانشگاه صنعتی شریف - تهران
1393,ریاضی,222,75,منطقه 2,مهندسی برق,دانشگاه صنعتی شریف - تهران
1393,ریاضی,223,76,منطقه 2,مهندسی برق,دانشگاه صنعتی شریف - تهران
1393,ریاضی,224,131,منطقه 1,مهندسی مکانیک,دانشگاه صنعتی شریف - تهران
1393,ریاضی,225,77,منطقه 2,مهندسی برق,دانشگاه صنعتی شریف - تهران
1393,ریاضی,225,132,منطقه 1,مهندسی برق,دانشگاه تهران
1393,ریاضی,227,133,منطقه 1,مهندسی برق,دانشگاه تهران
1393,ریاضی,227,133,منطقه 1,مهندسی عمران,دانشگاه صنعتی شریف - تهران
1393,ریاضی,229,78,منطقه 2,مهندسی برق,دانشگاه صنعتی شریف - تهران
1393,ریاضی,231,135,منطقه 1,مهندسی مکانیک,دانشگاه تهران
1393,ریاضی,231,135,منطقه 1,مهندسی هوا فضا,دانشگاه صنعتی شریف - تهران
1393,ریاضی,233,137,منطقه 1,مهندسی مکانیک,دانشگاه تهران
1393,ریاضی,234,80,منطقه 2,مهندسی برق,دانشگاه صنعتی شریف - تهران
1393,ریاضی,236,81,منطقه 2,مهندسی عمران,دانشگاه صنعتی شریف - تهران
1393,ریاضی,237,138,منطقه 1,مهندسی مکانیک,دانشگاه تهران
1393,ریاضی,240,82,منطقه 2,مهندسی مکانیک,دانشگاه تهران
1393,ریاضی,242,83,منطقه 2,مهندسی نفت,دانشگاه صنعتی شریف - تهران
1393,ریاضی,243,84,منطقه 2,مهندسی برق,دانشگاه تهران
1393,ریاضی,244,85,منطقه 2,مهندسی مکانیک,دانشگاه صنعتی شریف - تهران
1393,ریاضی,245,142,منطقه 1,مهندسی برق,دانشگاه تهران
1393,ریاضی,247,86,منطقه 2,مهندسی برق,دانشگاه تهران
1393,ریاضی,248,144,منطقه 1,مهندسی عمران,دانشگاه صنعتی شریف - تهران
1393,ریاضی,249,87,منطقه 2,مهندسی کامپیوتر,دانشگاه صنعتی شریف - تهران
1393,ریاضی,250,88,منطقه 2,مهندسی برق,دانشگاه تهران
1393,ریاضی,251,89,منطقه 2,مهندسی کامپیوتر,دانشگاه صنعتی شریف - تهران
1393,ریاضی,251,145,منطقه 1,مهندسی کامپیوتر,دانشگاه صنعتی شریف - تهران
1393,ریاضی,254,90,منطقه 2,مهندسی برق,دانشگاه تهران
1393,ریاضی,254,90,منطقه 2,مهندسی مکانیک,دانشگاه تهران
1393,ریاضی,256,92,منطقه 2,مهندسی عمران,دانشگاه صنعتی شریف - تهران
1393,ریاضی,257,146,منطقه 1,مهندسی مکانیک,دانشگاه تهران
1393,ریاضی,261,150,منطقه 1,مهندسی برق,دانشگاه تهران
1393,ریاضی,262,151,منطقه 1,مهندسی برق,دانشگاه تهران
1393,ریاضی,263,152,منطقه 1,مهندسی مکانیک,دانشگاه تهران
1393,ریاضی,265,154,منطقه 1,مهندسی برق,دانشگاه تهران
1393,ریاضی,266,93,منطقه 2,مهندسی مکانیک,دانشگاه تهران
1393,ریاضی,266,155,منطقه 1,مهندسی کامپیوتر,دانشگاه تهران
1393,ریاضی,268,156,منطقه 1,مهندسی کامپیوتر,دانشگاه صنعتی شریف - تهران
1393,ریاضی,269,14,منطقه 3,مهندسی کامپیوتر,دانشگاه صنعتی شریف - تهران
1393,ریاضی,270,15,منطقه 3,مهندسی کامپیوتر,دانشگاه صنعتی شریف - تهران
1393,ریاضی,271,94,منطقه 2,مهندسی مکانیک,دانشگاه صنعتی امیرکبیر - تهران
1393,ریاضی,274,96,منطقه 2,مهندسی عمران,دانشگاه صنعتی شریف - تهران
1393,ریاضی,276,97,منطقه 2,مهندسی کامپیوتر,دانشگاه صنعتی شریف - تهران
1393,ریاضی,277,98,منطقه 2,مهندسی کامپیوتر,دانشگاه صنعتی شریف - تهران
1393,ریاضی,278,158,منطقه 1,مهندسی کامپیوتر,دانشگاه صنعتی شریف - تهران
1393,ریاضی,279,159,منطقه 1,مهندسی عمران,دانشگاه صنعتی شریف - تهران
1393,ریاضی,280,160,منطقه 1,مهندسی مکانیک,دانشگاه تهران
1393,ریاضی,282,162,منطقه 1,مهندسی شیمی,دانشگاه صنعتی شریف - تهران
1393,ریاضی,285,165,منطقه 1,مهندسی برق,دانشگاه تهران
1393,ریاضی,287,167,منطقه 1,مهندسی عمران,دانشگاه صنعتی شریف - تهران
1393,ریاضی,288,168,منطقه 1,مهندسی عمران,دانشگاه صنعتی شریف - تهران
1393,ریاضی,290,99,منطقه 2,مهندسی عمران,دانشگاه صنعتی شریف - تهران
1393,ریاضی,290,169,منطقه 1,مهندسی کامپیوتر,دانشگاه صنعتی شریف - تهران
1393,ریاضی,292,171,منطقه 1,مهندسی مکانیک,دانشگاه تهران
1393,ریاضی,293,172,منطقه 1,مهندسی هوا فضا,دانشگاه صنعتی شریف - تهران
1393,ریاضی,295,174,منطقه 1,مهندسی عمران,دانشگاه صنعتی شریف - تهران
1393,ریاضی,296,175,منطقه 1,مهندسی مکانیک,دانشگاه تهران
1393,ریاضی,297,176,منطقه 1,مهندسی برق,دانشگاه تهران
1393,ریاضی,298,100,منطقه 2,مهندسی کامپیوتر,دانشگاه صنعتی شریف - تهران
1393,ریاضی,299,177,منطقه 1,مهندسی عمران,دانشگاه تهران
1393,ریاضی,301,179,منطقه 1,مهندسی برق,دانشگاه تهران
1393,ریاضی,302,180,منطقه 1,مهندسی کامپیوتر,دانشگاه صنعتی شریف - تهران
1393,ریاضی,303,181,منطقه 1,مهندسی مکانیک,دانشگاه تهران
1393,ریاضی,304,101,منطقه 2,مهندسی عمران,دانشگاه صنعتی شریف - تهران
1393,ریاضی,306,183,منطقه 1,مهندسی عمران,دانشگاه صنعتی شریف - تهران
1393,ریاضی,308,103,منطقه 2,مهندسی برق,دانشگاه تهران
1393,ریاضی,310,105,منطقه 2,مهندسی مکانیک,دانشگاه تهران
1393,ریاضی,311,184,منطقه 1,مهندسی برق,دانشگاه تهران
1393,ریاضی,312,185,منطقه 1,مهندسی معماری,دانشگاه تهران
1393,ریاضی,314,186,منطقه 1,مهندسی برق,دانشگاه تهران
1393,ریاضی,315,187,منطقه 1,مهندسی عمران,دانشگاه صنعتی شریف - تهران
1393,ریاضی,316,107,منطقه 2,مهندسی کامپیوتر,دانشگاه صنعتی شریف - تهران
1393,ریاضی,319,109,منطقه 2,مهندسی کامپیوتر,دانشگاه صنعتی شریف - تهران
1393,ریاضی,319,188,منطقه 1,مهندسی برق,دانشگاه صنعتی امیرکبیر - تهران
1393,ریاضی,323,191,منطقه 1,مهندسی شیمی,دانشگاه صنعتی شریف - تهران
1393,ریاضی,324,192,منطقه 1,مهندسی برق,دانشگاه تهران
1393,ریاضی,326,194,منطقه 1,مهندسی برق,دانشگاه تهران
1393,ریاضی,328,112,منطقه 2,مهندسی مکانیک,دانشگاه تهران
1393,ریاضی,331,113,منطقه 2,مهندسی عمران,دانشگاه صنعتی شریف - تهران
1393,ریاضی,332,197,منطقه 1,مهندسی مکانیک,دانشگاه صنعتی اصفهان
1393,ریاضی,333,198,منطقه 1,مهندسی کامپیوتر,دانشگاه صنعتی شریف - تهران
1393,ریاضی,334,199,منطقه 1,مهندسی مکانیک,دانشگاه تهران
1393,ریاضی,335,114,منطقه 2,مهندسی برق,دانشگاه تهران
1393,ریاضی,337,116,منطقه 2,مهندسی برق,دانشگاه تهران
1393,ریاضی,339,117,منطقه 2,مهندسی برق,دانشگاه تهران
1393,ریاضی,339,201,منطقه 1,مهندسی مکانیک,دانشگاه تهران
1393,ریاضی,342,203,منطقه 1,مهندسی کامپیوتر,دانشگاه تهران
1393,ریاضی,343,118,منطقه 2,مهندسی مکانیک,دانشگاه صنعتی شریف - تهران
1393,ریاضی,343,204,منطقه 1,مهندسی عمران,دانشگاه صنعتی شریف - تهران
1393,ریاضی,345,119,منطقه 2,مهندسی مکانیک,دانشگاه تهران
1393,ریاضی,348,207,منطقه 1,مهندسی مکانیک,دانشگاه تهران
1393,ریاضی,348,207,منطقه 1,مهندسی کامپیوتر,دانشگاه صنعتی شریف - تهران
1393,ریاضی,352,210,منطقه 1,مهندسی برق,دانشگاه صنعتی امیرکبیر - تهران
1393,ریاضی,353,121,منطقه 2,مهندسی مکانیک,دانشگاه تهران
1393,ریاضی,355,212,منطقه 1,مهندسی صنایع,دانشگاه صنعتی شریف - تهران
1393,ریاضی,355,212,منطقه 1,مهندسی مکانیک,دانشگاه تهران
1393,ریاضی,355,212,منطقه 1,مهندسی کامپیوتر,دانشگاه صنعتی شریف - تهران
1393,ریاضی,358,122,منطقه 2,مهندسی کامپیوتر,دانشگاه صنعتی شریف - تهران
1393,ریاضی,359,215,منطقه 1,مهندسی کامپیوتر,دانشگاه تهران
1393,ریاضی,361,123,منطقه 2,مهندسی هوا فضا,دانشگاه صنعتی شریف - تهران
1393,ریاضی,361,217,منطقه 1,مهندسی مکانیک,دانشگاه تهران
1393,ریاضی,363,124,منطقه 2,مهندسی برق,دانشگاه تهران
1393,ریاضی,365,125,منطقه 2,مهندسی مکانیک,دانشگاه صنعتی شریف - تهران
1393,ریاضی,367,220,منطقه 1,مهندسی مکانیک,دانشگاه تهران
1393,ریاضی,368,221,منطقه 1,مهندسی معماری,دانشگاه تهران
1393,ریاضی,369,222,منطقه 1,مهندسی شیمی,دانشگاه صنعتی شریف - تهران
1393,ریاضی,370,223,منطقه 1,مهندسی کامپیوتر,دانشگاه صنعتی شریف - تهران
1393,ریاضی,371,224,منطقه 1,مهندسی عمران,دانشگاه صنعتی شریف - تهران
1393,ریاضی,372,225,منطقه 1,مهندسی مکانیک,دانشگاه تهران
1393,ریاضی,374,227,منطقه 1,مهندسی مکانیک,دانشگاه تهران
1393,ریاضی,376,126,منطقه 2,مهندسی برق,دانشگاه تهران
1393,ریاضی,376,228,منطقه 1,مهندسی کامپیوتر,دانشگاه صنعتی شریف - تهران
1393,ریاضی,378,230,منطقه 1,مهندسی مکانیک,دانشگاه تهران
1393,ریاضی,379,127,منطقه 2,مهندسی برق,دانشگاه تهران
1393,ریاضی,380,128,منطقه 2,مهندسی عمران,دانشگاه صنعتی شریف - تهران
1393,ریاضی,381,129,منطقه 2,مهندسی کامپیوتر,دانشگاه صنعتی شریف - تهران
1393,ریاضی,382,130,منطقه 2,مهندسی مکانیک,دانشگاه تهران
1393,ریاضی,383,231,منطقه 1,مهندسی مکانیک,دانشگاه تهران
1393,ریاضی,385,233,منطقه 1,مهندسی مکانیک,دانشگاه تهران
1393,ریاضی,387,235,منطقه 1,مهندسی کامپیوتر,دانشگاه صنعتی شریف - تهران
1393,ریاضی,388,131,منطقه 2,مهندسی عمران,دانشگاه صنعتی شریف - تهران
1393,ریاضی,389,8,ایثارگران,مهندسی برق,دانشگاه صنعتی شریف - تهران
1393,ریاضی,390,236,منطقه 1,مهندسی برق,دانشگاه صنعتی امیرکبیر - تهران
1393,ریاضی,391,132,منطقه 2,مهندسی مکانیک,دانشگاه تهران
1393,ریاضی,391,237,منطقه 1,مهندسی کامپیوتر,دانشگاه تهران
1393,ریاضی,393,133,منطقه 2,مهندسی کامپیوتر,دانشگاه صنعتی شریف - تهران
1393,ریاضی,394,134,منطقه 2,مهندسی برق,دانشگاه تهران
1393,ریاضی,395,238,منطقه 1,مهندسی صنایع,دانشگاه صنعتی شریف - تهران
1393,ریاضی,397,135,منطقه 2,مهندسی برق,دانشگاه تهران
1393,ریاضی,397,240,منطقه 1,مهندسی مکانیک,دانشگاه تهران
1393,ریاضی,400,242,منطقه 1,مهندسی عمران,دانشگاه صنعتی شریف - تهران
1393,ریاضی,401,136,منطقه 2,مهندسی مکانیک,دانشگاه تهران
1393,ریاضی,403,16,منطقه 3,مهندسی برق,دانشگاه صنعتی شریف - تهران
1393,ریاضی,404,244,منطقه 1,مهندسی شیمی,دانشگاه صنعتی شریف - تهران
1393,ریاضی,405,245,منطقه 1,مهندسی هوا فضا,دانشگاه صنعتی شریف - تهران
1393,ریاضی,405,245,منطقه 1,مهندسی کامپیوتر,دانشگاه تهران
1393,ریاضی,407,247,منطقه 1,مهندسی مکانیک,دانشگاه تهران
1393,ریاضی,409,248,منطقه 1,مهندسی مکانیک,دانشگاه تهران
1393,ریاضی,410,249,منطقه 1,مهندسی کامپیوتر,دانشگاه صنعتی شریف - تهران
1393,ریاضی,411,250,منطقه 1,مهندسی عمران,دانشگاه صنعتی شریف - تهران
1393,ریاضی,414,139,منطقه 2,مهندسی برق,دانشگاه تهران
1393,ریاضی,415,17,منطقه 3,مهندسی کامپیوتر,دانشگاه صنعتی شریف - تهران
1393,ریاضی,415,252,منطقه 1,مهندسی برق,دانشگاه صنعتی اصفهان
1393,ریاضی,417,140,منطقه 2,مهندسی هوا فضا,دانشگاه صنعتی شریف - تهران
1393,ریاضی,417,253,منطقه 1,مهندسی مکانیک,دانشگاه تهران
1393,ریاضی,419,141,منطقه 2,مهندسی برق,دانشگاه تهران
1393,ریاضی,419,254,منطقه 1,مهندسی نفت,دانشگاه صنعتی شریف - تهران
1393,ریاضی,421,142,منطقه 2,مهندسی عمران,دانشگاه صنعتی شریف - تهران
1393,ریاضی,424,143,منطقه 2,مهندسی برق,دانشگاه تهران
1393,ریاضی,424,256,منطقه 1,مهندسی مکانیک,دانشگاه تهران
1393,ریاضی,426,144,منطقه 2,مهندسی کامپیوتر,دانشگاه صنعتی شریف - تهران
1393,ریاضی,426,258,منطقه 1,مهندسی کامپیوتر,دانشگاه تهران
1393,ریاضی,428,18,منطقه 3,مهندسی برق,دانشگاه صنعتی شریف - تهران
1393,ریاضی,428,145,منطقه 2,مهندسی عمران,دانشگاه صنعتی شریف - تهران
1393,ریاضی,430,146,منطقه 2,مهندسی مکانیک,دانشگاه تهران
1393,ریاضی,431,19,منطقه 3,مهندسی برق,دانشگاه یزد
1393,ریاضی,431,147,منطقه 2,مهندسی برق,دانشگاه تهران
1393,ریاضی,433,259,منطقه 1,مهندسی شیمی,دانشگاه صنعتی شریف - تهران
1393,ریاضی,436,150,منطقه 2,شیمی,دانشگاه صنعتی شریف - تهران
1393,ریاضی,437,260,منطقه 1,مهندسی شیمی,دانشگاه صنعتی شریف - تهران
1393,ریاضی,437,260,منطقه 1,مهندسی کامپیوتر,دانشگاه تهران
1393,ریاضی,439,262,منطقه 1,مهندسی عمران,دانشگاه صنعتی شریف - تهران
1393,ریاضی,439,262,منطقه 1,مهندسی مکانیک,دانشگاه شیراز
1393,ریاضی,441,9,ایثارگران,مهندسی برق,دانشگاه صنعتی شریف - تهران
1393,ریاضی,442,151,منطقه 2,مهندسی صنایع,دانشگاه صنعتی شریف - تهران
1393,ریاضی,442,264,منطقه 1,فیزیک,دانشگاه صنعتی شریف - تهران
1393,ریاضی,444,152,منطقه 2,مهندسی عمران,دانشگاه صنعتی شریف - تهران
1393,ریاضی,444,265,منطقه 1,مهندسی کامپیوتر,دانشگاه تهران
1393,ریاضی,446,266,منطقه 1,مهندسی کامپیوتر,دانشگاه تهران
1393,ریاضی,449,269,منطقه 1,مهندسی هوا فضا,دانشگاه صنعتی شریف - تهران
1393,ریاضی,451,271,منطقه 1,مهندسی کامپیوتر,دانشگاه تهران
1393,ریاضی,454,273,منطقه 1,مهندسی کامپیوتر,دانشگاه تهران
1393,ریاضی,456,153,منطقه 2,مهندسی کامپیوتر,دانشگاه تهران
1393,ریاضی,456,274,منطقه 1,مهندسی عمران,دانشگاه صنعتی اصفهان
1393,ریاضی,456,274,منطقه 1,مهندسی نفت,دانشگاه صنعتی شریف - تهران
1393,ریاضی,458,276,منطقه 1,مهندسی عمران,دانشگاه تهران
1393,ریاضی,458,276,منطقه 1,مهندسی هوا فضا,دانشگاه صنعتی شریف - تهران
1393,ریاضی,460,154,منطقه 2,مهندسی مکانیک,دانشگاه تهران
1393,ریاضی,462,279,منطقه 1,مهندسی کامپیوتر,دانشگاه صنعتی امیرکبیر - تهران
1393,ریاضی,463,155,منطقه 2,مهندسی مکانیک,دانشگاه صنعتی شریف - تهران
1393,ریاضی,463,280,منطقه 1,مهندسی کامپیوتر,دانشگاه صنعتی اصفهان
1393,ریاضی,465,281,منطقه 1,مهندسی برق,دانشگاه صنعتی امیرکبیر - تهران
1393,ریاضی,466,156,منطقه 2,مهندسی مکانیک,دانشگاه تهران
1393,ریاضی,467,157,منطقه 2,مهندسی کامپیوتر,دانشگاه صنعتی شریف - تهران
1393,ریاضی,467,282,منطقه 1,مهندسی عمران,دانشگاه تهران
1393,ریاضی,469,158,منطقه 2,مهندسی نفت,دانشگاه صنعتی شریف - تهران
1393,ریاضی,471,284,منطقه 1,مهندسی هوا فضا,دانشگاه صنعتی شریف - تهران
1393,ریاضی,473,286,منطقه 1,مهندسی مکانیک,دانشگاه تهران
1393,ریاضی,474,287,منطقه 1,مهندسی مکانیک,دانشگاه تهران
1393,ریاضی,476,159,منطقه 2,مهندسی برق,دانشگاه تهران
1393,ریاضی,476,289,منطقه 1,مهندسی برق,دانشگاه صنعتی امیرکبیر - تهران
1393,ریاضی,479,161,منطقه 2,مهندسی مکانیک,دانشگاه صنعتی شریف - تهران
1393,ریاضی,481,162,منطقه 2,مهندسی صنایع,دانشگاه صنعتی شریف - تهران
1393,ریاضی,481,162,منطقه 2,مهندسی مکانیک,دانشگاه تهران
1393,ریاضی,484,292,منطقه 1,مهندسی عمران,دانشگاه تهران
1393,ریاضی,485,164,منطقه 2,مهندسی کامپیوتر,دانشگاه صنعتی شریف - تهران
1393,ریاضی,485,293,منطقه 1,مهندسی عمران,دانشگاه تهران
1393,ریاضی,487,294,منطقه 1,مهندسی کامپیوتر,دانشگاه تهران
1393,ریاضی,488,295,منطقه 1,مهندسی مکانیک,دانشگاه تهران
1393,ریاضی,490,165,منطقه 2,مهندسی نفت,دانشگاه صنعتی شریف - تهران
1393,ریاضی,490,297,منطقه 1,مهندسی مکانیک,دانشگاه تهران
1393,ریاضی,494,167,منطقه 2,علوم کامپیوتر,دانشگاه صنعتی شریف - تهران
1393,ریاضی,494,167,منطقه 2,مهندسی برق,دانشگاه تهران
1393,ریاضی,494,167,منطقه 2,مهندسی کامپیوتر,دانشگاه تهران
1393,ریاضی,496,169,منطقه 2,مهندسی کامپیوتر,دانشگاه صنعتی شریف - تهران
1393,ریاضی,496,299,منطقه 1,مهندسی کامپیوتر,دانشگاه تهران
1393,ریاضی,498,300,منطقه 1,مهندسی مکانیک,دانشگاه تهران
1393,ریاضی,499,301,منطقه 1,مهندسی مکانیک,دانشگاه صنعتی اصفهان
1393,ریاضی,500,302,منطقه 1,مهندسی عمران,دانشگاه تهران
1393,ریاضی,500,302,منطقه 1,مهندسی کامپیوتر,دانشگاه تهران
1393,ریاضی,502,304,منطقه 1,مهندسی برق,دانشگاه صنعتی امیرکبیر - تهران
1393,ریاضی,503,305,منطقه 1,مهندسی صنایع,دانشگاه صنعتی شریف - تهران
1393,ریاضی,504,170,منطقه 2,مهندسی صنایع,دانشگاه صنعتی شریف - تهران
1393,ریاضی,506,21,منطقه 3,مهندسی برق,دانشگاه صنعتی شریف - تهران
1393,ریاضی,506,171,منطقه 2,مهندسی شیمی,دانشگاه صنعتی شریف - تهران
1393,ریاضی,509,172,منطقه 2,مهندسی برق,دانشگاه تهران
1393,ریاضی,509,307,منطقه 1,مهندسی برق,دانشگاه صنعتی امیرکبیر - تهران
1393,ریاضی,512,308,منطقه 1,مهندسی صنایع,دانشگاه تهران
1393,ریاضی,514,174,منطقه 2,مهندسی کامپیوتر,دانشگاه صنعتی شریف - تهران
1393,ریاضی,514,310,منطقه 1,مهندسی کامپیوتر,دانشگاه تهران
1393,ریاضی,517,11,ایثارگران,مهندسی مکانیک,دانشگاه صنعتی شریف - تهران
1393,ریاضی,517,22,منطقه 3,مهندسی مکانیک,دانشگاه صنعتی امیرکبیر - تهران
1393,ریاضی,517,311,منطقه 1,مهندسی مکانیک,دانشگاه تهران
1393,ریاضی,517,311,منطقه 1,مهندسی کامپیوتر,دانشگاه صنعتی اصفهان
1393,ریاضی,520,175,منطقه 2,مهندسی کامپیوتر,دانشگاه تهران
1393,ریاضی,520,313,منطقه 1,مهندسی برق,دانشگاه صنعتی امیرکبیر - تهران
1393,ریاضی,522,176,منطقه 2,مهندسی برق,دانشگاه تهران
1393,ریاضی,522,176,منطقه 2,مهندسی مکانیک,دانشگاه صنعتی شریف - تهران
1393,ریاضی,525,12,ایثارگران,مهندسی مکانیک,دانشگاه صنعتی شریف - تهران
1393,ریاضی,525,178,منطقه 2,مهندسی مکانیک,دانشگاه تهران
1393,ریاضی,527,179,منطقه 2,مهندسی شیمی,دانشگاه صنعتی شریف - تهران
1393,ریاضی,529,180,منطقه 2,مهندسی نفت,دانشگاه صنعت نفت
1393,ریاضی,531,181,منطقه 2,مهندسی معماری,دانشگاه تهران
1393,ریاضی,531,316,منطقه 1,مهندسی مکانیک,دانشگاه تهران
1393,ریاضی,534,318,منطقه 1,مهندسی شیمی,دانشگاه تهران
1393,ریاضی,535,183,منطقه 2,مهندسی نفت,دانشگاه صنعتی شریف - تهران
1393,ریاضی,535,319,منطقه 1,مهندسی کامپیوتر,دانشگاه صنعتی امیرکبیر - تهران
1393,ریاضی,537,320,منطقه 1,مهندسی مکانیک,دانشگاه تهران
1393,ریاضی,538,184,منطقه 2,مهندسی مکانیک,دانشگاه صنعتی امیرکبیر - تهران
1393,ریاضی,539,321,منطقه 1,مهندسی نفت,دانشگاه صنعتی شریف - تهران
1393,ریاضی,540,185,منطقه 2,مهندسی نفت,دانشگاه صنعتی شریف - تهران
1393,ریاضی,542,186,منطقه 2,مهندسی برق,دانشگاه تهران
1393,ریاضی,542,186,منطقه 2,مهندسی نفت,دانشگاه صنعتی شریف - تهران
1393,ریاضی,544,188,منطقه 2,مهندسی برق,دانشگاه تهران
1393,ریاضی,546,189,منطقه 2,مهندسی عمران,دانشگاه صنعتی شریف - تهران
1393,ریاضی,546,189,منطقه 2,مهندسی نفت,دانشگاه صنعتی شریف - تهران
1393,ریاضی,548,191,منطقه 2,مهندسی برق,دانشگاه تهران
1393,ریاضی,550,193,منطقه 2,مهندسی صنایع,دانشگاه صنعتی شریف - تهران
1393,ریاضی,551,23,منطقه 3,مهندسی برق,دانشگاه صنعتی شریف - تهران
1393,ریاضی,552,24,منطقه 3,مهندسی برق,دانشگاه شیراز
1393,ریاضی,553,25,منطقه 3,مهندسی برق,دانشگاه صنعتی شریف - تهران
1393,ریاضی,555,324,منطقه 1,مهندسی عمران,دانشگاه تهران
1393,ریاضی,555,324,منطقه 1,مهندسی مکانیک,دانشگاه تهران
1393,ریاضی,557,326,منطقه 1,مهندسی برق,دانشگاه صنعتی اصفهان
1393,ریاضی,557,326,منطقه 1,مهندسی عمران,دانشگاه تهران
1393,ریاضی,560,26,منطقه 3,مهندسی برق,دانشگاه صنعتی شریف - تهران
1393,ریاضی,563,194,منطقه 2,مهندسی هوا فضا,دانشگاه صنعتی شریف - تهران
1393,ریاضی,563,194,منطقه 2,مهندسی کامپیوتر,دانشگاه تهران
1393,ریاضی,565,330,منطقه 1,مهندسی کامپیوتر,دانشگاه تهران
1393,ریاضی,566,196,منطقه 2,مهندسی نفت,دانشگاه صنعتی شریف - تهران
1393,ریاضی,566,331,منطقه 1,مهندسی شیمی,دانشگاه صنعتی شریف - تهران
1393,ریاضی,568,332,منطقه 1,مهندسی برق,دانشگاه صنعتی امیرکبیر - تهران
1393,ریاضی,569,333,منطقه 1,مهندسی مکانیک,دانشگاه تهران
1393,ریاضی,571,197,منطقه 2,مهندسی برق,دانشگاه تهران
1393,ریاضی,571,335,منطقه 1,مهندسی مکانیک,دانشگاه تهران
1393,ریاضی,575,198,منطقه 2,مهندسی برق,دانشگاه تهران
1393,ریاضی,575,337,منطقه 1,مهندسی عمران,دانشگاه تهران
1393,ریاضی,577,199,منطقه 2,مهندسی نفت,دانشگاه صنعتی شریف - تهران
1393,ریاضی,579,340,منطقه 1,مهندسی مکانیک,دانشگاه تهران
1393,ریاضی,579,340,منطقه 1,مهندسی مکانیک,دانشگاه صنعتی اصفهان
1393,ریاضی,579,340,منطقه 1,مهندسی مکانیک,دانشگاه صنعتی امیرکبیر - تهران
1393,ریاضی,581,200,منطقه 2,مهندسی عمران,دانشگاه صنعتی شریف - تهران
1393,ریاضی,582,342,منطقه 1,مهندسی برق,دانشگاه شیراز
1393,ریاضی,582,342,منطقه 1,مهندسی معماری,دانشگاه تهران
1393,ریاضی,584,201,منطقه 2,مهندسی برق,دانشگاه تهران
1393,ریاضی,585,344,منطقه 1,مهندسی کامپیوتر,دانشگاه تهران
1393,ریاضی,586,345,منطقه 1,فیزیک,دانشگاه صنعتی شریف - تهران
1393,ریاضی,588,202,منطقه 2,مهندسی برق,دانشگاه تهران
1393,ریاضی,588,347,منطقه 1,مهندسی عمران,دانشگاه تهران
1393,ریاضی,590,348,منطقه 1,مهندسی برق,دانشگاه صنعتی امیرکبیر - تهران
1393,ریاضی,591,203,منطقه 2,مهندسی برق,دانشگاه تهران
1393,ریاضی,594,27,منطقه 3,مهندسی کامپیوتر,دانشگاه تربیت دبیر شهید رجایی - تهران
1393,ریاضی,594,204,منطقه 2,مهندسی مکانیک,دانشگاه تهران
1393,ریاضی,594,350,منطقه 1,مهندسی برق,دانشگاه صنعتی اصفهان
1393,ریاضی,594,350,منطقه 1,مهندسی عمران,دانشگاه تهران
1393,ریاضی,597,352,منطقه 1,مهندسی برق,دانشگاه فردوسی - مشهد
1393,ریاضی,598,205,منطقه 2,مهندسی مکانیک,دانشگاه تهران
1393,ریاضی,601,28,منطقه 3,مهندسی کامپیوتر,دانشگاه تهران
1393,ریاضی,601,206,منطقه 2,مهندسی برق,دانشگاه صنعتی امیرکبیر - تهران
1393,ریاضی,601,354,منطقه 1,مهندسی عمران,دانشگاه تهران
1393,ریاضی,603,355,منطقه 1,مهندسی برق,دانشگاه صنعتی امیرکبیر - تهران
1393,ریاضی,604,356,منطقه 1,مهندسی نفت,دانشگاه صنعتی شریف - تهران
1393,ریاضی,605,357,منطقه 1,مهندسی مکانیک,دانشگاه تهران
1393,ریاضی,609,360,منطقه 1,مهندسی مکانیک,دانشگاه صنعتی امیرکبیر - تهران
1393,ریاضی,612,208,منطقه 2,مهندسی کامپیوتر,دانشگاه تهران
1393,ریاضی,613,363,منطقه 1,مهندسی مکانیک,دانشگاه صنعتی امیرکبیر - تهران
1393,ریاضی,615,365,منطقه 1,مهندسی معماری,دانشگاه تهران
1393,ریاضی,617,209,منطقه 2,مهندسی صنایع,دانشگاه صنعتی شریف - تهران
1393,ریاضی,617,366,منطقه 1,مهندسی برق,دانشگاه صنعتی امیرکبیر - تهران
1393,ریاضی,620,211,منطقه 2,مهندسی برق,دانشگاه تهران
1393,ریاضی,620,367,منطقه 1,مهندسی عمران,دانشگاه صنعتی اصفهان
1393,ریاضی,620,367,منطقه 1,مهندسی مواد,دانشگاه صنعتی شریف - تهران
1393,ریاضی,622,212,منطقه 2,مهندسی کامپیوتر,دانشگاه صنعتی امیرکبیر - تهران
1393,ریاضی,623,213,منطقه 2,مهندسی عمران,دانشگاه تهران
1393,ریاضی,625,370,منطقه 1,مهندسی عمران,دانشگاه تهران
1393,ریاضی,625,370,منطقه 1,مهندسی معماری,دانشگاه تهران
1393,ریاضی,627,372,منطقه 1,مهندسی عمران,دانشگاه تهران
1393,ریاضی,628,214,منطقه 2,مهندسی برق,دانشگاه تهران
1393,ریاضی,631,216,منطقه 2,مهندسی عمران,دانشگاه تهران
1393,ریاضی,632,217,منطقه 2,مهندسی مکانیک,دانشگاه صنعتی امیرکبیر - تهران
1393,ریاضی,634,218,منطقه 2,مهندسی برق,دانشگاه تهران
1393,ریاضی,635,219,منطقه 2,مهندسی عمران,دانشگاه صنعتی شریف - تهران
1393,ریاضی,636,220,منطقه 2,مهندسی عمران,دانشگاه صنعتی شریف - تهران
1393,ریاضی,636,375,منطقه 1,مهندسی معماری,دانشگاه تهران
1393,ریاضی,638,376,منطقه 1,مهندسی صنایع,دانشگاه صنعتی شریف - تهران
1393,ریاضی,641,221,منطقه 2,مهندسی برق,دانشگاه تهران
1393,ریاضی,643,379,منطقه 1,مهندسی برق,دانشگاه صنعتی امیرکبیر - تهران
1393,ریاضی,645,381,منطقه 1,مهندسی شیمی,دانشگاه صنعتی شریف - تهران
1393,ریاضی,646,222,منطقه 2,مهندسی نفت,دانشگاه صنعتی شریف - تهران
1393,ریاضی,647,382,منطقه 1,علوم کامپیوتر,دانشگاه صنعتی شریف - تهران
1393,ریاضی,648,223,منطقه 2,مهندسی برق,دانشگاه تهران
1393,ریاضی,650,224,منطقه 2,مهندسی برق,دانشگاه صنعتی امیرکبیر - تهران
1393,ریاضی,652,29,منطقه 3,مهندسی برق,دانشگاه صنعتی شریف - تهران
1393,ریاضی,654,16,ایثارگران,مهندسی برق,دانشگاه صنعتی شریف - تهران
1393,ریاضی,655,225,منطقه 2,مهندسی کامپیوتر,دانشگاه تهران
1393,ریاضی,655,386,منطقه 1,مهندسی کامپیوتر,دانشگاه صنعتی امیرکبیر - تهران
1393,ریاضی,658,226,منطقه 2,مهندسی عمران,دانشگاه تهران
1393,ریاضی,658,226,منطقه 2,مهندسی مکانیک,دانشگاه صنعتی امیرکبیر - تهران
1393,ریاضی,661,229,منطقه 2,مهندسی عمران,دانشگاه تهران
1393,ریاضی,661,229,منطقه 2,مهندسی هوا فضا,دانشگاه صنعتی شریف - تهران
1393,ریاضی,663,231,منطقه 2,مهندسی عمران,دانشگاه صنعتی شریف - تهران
1393,ریاضی,663,388,منطقه 1,مهندسی برق,دانشگاه صنعتی امیرکبیر - تهران
1393,ریاضی,667,30,منطقه 3,مهندسی برق,دانشگاه صنعتی شریف - تهران
1393,ریاضی,667,390,منطقه 1,مهندسی شیمی,دانشگاه صنعتی شریف - تهران
1393,ریاضی,669,392,منطقه 1,مهندسی برق,دانشگاه صنعتی امیرکبیر - تهران
1393,ریاضی,670,232,منطقه 2,مهندسی کامپیوتر,دانشگاه تهران
1393,ریاضی,672,233,منطقه 2,مهندسی مکانیک,دانشگاه صنعتی امیرکبیر - تهران
1393,ریاضی,672,393,منطقه 1,مهندسی مکانیک,دانشگاه صنعتی امیرکبیر - تهران
1393,ریاضی,674,234,منطقه 2,مهندسی برق,دانشگاه صنعتی امیرکبیر - تهران
1393,ریاضی,675,395,منطقه 1,مهندسی مکانیک,دانشگاه صنعتی امیرکبیر - تهران
1393,ریاضی,676,396,منطقه 1,مهندسی مکانیک,دانشگاه صنعتی امیرکبیر - تهران
1393,ریاضی,679,235,منطقه 2,مهندسی کامپیوتر,دانشگاه تهران
1393,ریاضی,679,399,منطقه 1,مهندسی مکانیک,دانشگاه صنعتی اصفهان
1393,ریاضی,679,399,منطقه 1,مهندسی کامپیوتر,دانشگاه تهران
1393,ریاضی,682,236,منطقه 2,مهندسی برق,دانشگاه صنعتی امیرکبیر - تهران
1393,ریاضی,684,237,منطقه 2,مهندسی صنایع,دانشگاه صنعتی شریف - تهران
1393,ریاضی,684,401,منطقه 1,مهندسی صنایع,دانشگاه صنعتی شریف - تهران
1393,ریاضی,684,401,منطقه 1,مهندسی عمران,دانشگاه تهران
1393,ریاضی,686,238,منطقه 2,مهندسی نفت,دانشگاه صنعتی شریف - تهران
1393,ریاضی,689,240,منطقه 2,مهندسی مکانیک,دانشگاه صنعتی امیرکبیر - تهران
1393,ریاضی,691,404,منطقه 1,مهندسی عمران,دانشگاه تهران
1393,ریاضی,693,406,منطقه 1,مهندسی مکانیک,دانشگاه صنعتی اصفهان
1393,ریاضی,696,409,منطقه 1,مهندسی صنایع,دانشگاه صنعتی شریف - تهران
1393,ریاضی,697,31,منطقه 3,مهندسی برق,دانشگاه صنعتی شریف - تهران
1393,ریاضی,697,410,منطقه 1,مهندسی عمران,دانشگاه تهران
1393,ریاضی,701,242,منطقه 2,مهندسی مکانیک,دانشگاه صنعتی امیرکبیر - تهران
1393,ریاضی,703,243,منطقه 2,مهندسی کامپیوتر,دانشگاه صنعتی امیرکبیر - تهران
1393,ریاضی,705,414,منطقه 1,مهندسی برق,دانشگاه صنعتی امیرکبیر - تهران
1393,ریاضی,705,414,منطقه 1,مهندسی کامپیوتر,دانشگاه تهران
1393,ریاضی,707,416,منطقه 1,مهندسی عمران,دانشگاه تهران
1393,ریاضی,707,416,منطقه 1,مهندسی مکانیک,دانشگاه صنعتی امیرکبیر - تهران
1393,ریاضی,709,244,منطقه 2,مهندسی کامپیوتر,دانشگاه صنعتی امیرکبیر - تهران
1393,ریاضی,711,419,منطقه 1,مهندسی شیمی,دانشگاه صنعتی شریف - تهران
1393,ریاضی,711,419,منطقه 1,مهندسی هوا فضا,دانشگاه صنعتی شریف - تهران
1393,ریاضی,713,18,ایثارگران,مهندسی کامپیوتر,دانشگاه صنعتی شریف - تهران
1393,ریاضی,718,423,منطقه 1,مهندسی برق,دانشگاه صنعتی امیرکبیر - تهران
1393,ریاضی,718,423,منطقه 1,مهندسی کامپیوتر,دانشگاه تهران
1393,ریاضی,721,246,منطقه 2,مهندسی مکانیک,دانشگاه صنعتی امیرکبیر - تهران
1393,ریاضی,721,426,منطقه 1,مهندسی برق,دانشگاه صنعتی امیرکبیر - تهران
1393,ریاضی,723,247,منطقه 2,مهندسی عمران,دانشگاه صنعتی شریف - تهران
1393,ریاضی,723,247,منطقه 2,مهندسی معماری,دانشگاه تهران
1393,ریاضی,726,19,ایثارگران,مهندسی مکانیک,دانشگاه صنعتی شریف - تهران
1393,ریاضی,726,249,منطقه 2,مهندسی هوا فضا,دانشگاه صنعتی شریف - تهران
1393,ریاضی,726,427,منطقه 1,مهندسی صنایع,دانشگاه صنعتی شریف - تهران
1393,ریاضی,730,430,منطقه 1,مهندسی برق,دانشگاه تبریز
1393,ریاضی,732,432,منطقه 1,مهندسی مکانیک,دانشگاه صنعتی امیرکبیر - تهران
1393,ریاضی,733,250,منطقه 2,مهندسی صنایع,دانشگاه صنعتی شریف - تهران
1393,ریاضی,734,251,منطقه 2,مهندسی برق,دانشگاه صنعتی امیرکبیر - تهران
1393,ریاضی,736,433,منطقه 1,مهندسی برق,دانشگاه صنعتی امیرکبیر - تهران
1393,ریاضی,737,434,منطقه 1,مهندسی عمران,دانشگاه تهران
1393,ریاضی,737,434,منطقه 1,مهندسی مکانیک,دانشگاه صنعتی امیرکبیر - تهران
1393,ریاضی,739,252,منطقه 2,مهندسی نفت,دانشگاه صنعت نفت
1393,ریاضی,740,253,منطقه 2,مهندسی صنایع,دانشگاه صنعتی شریف - تهران
1393,ریاضی,741,20,ایثارگران,مهندسی برق,دانشگاه صنعتی شریف - تهران
1393,ریاضی,742,254,منطقه 2,مهندسی برق,دانشگاه صنعتی امیرکبیر - تهران
1393,ریاضی,743,436,منطقه 1,مهندسی عمران,دانشگاه تهران
1393,ریاضی,745,438,منطقه 1,مهندسی شیمی,دانشگاه صنعتی شریف - تهران
1393,ریاضی,747,255,منطقه 2,مهندسی معماری,دانشگاه تهران
1393,ریاضی,747,440,منطقه 1,مهندسی عمران,دانشگاه تهران
1393,ریاضی,750,257,منطقه 2,مهندسی برق,دانشگاه صنعتی امیرکبیر - تهران
1393,ریاضی,750,257,منطقه 2,مهندسی مکانیک,دانشگاه تهران
1393,ریاضی,750,257,منطقه 2,مهندسی هوا فضا,دانشگاه صنعتی شریف - تهران
1393,ریاضی,753,442,منطقه 1,مهندسی صنایع,دانشگاه صنعتی شریف - تهران
1393,ریاضی,753,442,منطقه 1,مهندسی مکانیک,دانشگاه صنعتی امیرکبیر - تهران
1393,ریاضی,755,444,منطقه 1,مهندسی برق,دانشگاه صنعتی امیرکبیر - تهران
1393,ریاضی,757,259,منطقه 2,مهندسی شیمی,دانشگاه صنعتی شریف - تهران
1393,ریاضی,757,445,منطقه 1,مهندسی عمران,دانشگاه تهران
1393,ریاضی,759,34,منطقه 3,مهندسی مکانیک,دانشگاه صنعتی امیرکبیر - تهران
1393,ریاضی,760,261,منطقه 2,مهندسی برق,دانشگاه صنعتی امیرکبیر - تهران
1393,ریاضی,762,35,منطقه 3,مهندسی برق,دانشگاه صنعتی شریف - تهران
1393,ریاضی,762,262,منطقه 2,مهندسی مکانیک,دانشگاه صنعتی امیرکبیر - تهران
1393,ریاضی,762,446,منطقه 1,مهندسی کامپیوتر,دانشگاه صنعتی امیرکبیر - تهران
1393,ریاضی,764,447,منطقه 1,مهندسی کامپیوتر,دانشگاه صنعتی امیرکبیر - تهران
1393,ریاضی,765,263,منطقه 2,مهندسی شیمی,دانشگاه صنعتی شریف - تهران
1393,ریاضی,768,449,منطقه 1,مهندسی برق,دانشگاه صنعتی امیرکبیر - تهران
1393,ریاضی,768,449,منطقه 1,مهندسی شیمی,دانشگاه صنعتی شریف - تهران
1393,ریاضی,768,449,منطقه 1,مهندسی نفت,دانشگاه صنعتی شریف - تهران
1393,ریاضی,772,453,منطقه 1,مهندسی صنایع,دانشگاه صنعتی شریف - تهران
1393,ریاضی,772,453,منطقه 1,مهندسی کامپیوتر,دانشگاه تهران
1393,ریاضی,776,266,منطقه 2,مهندسی عمران,دانشگاه صنعتی شریف - تهران
1393,ریاضی,778,456,منطقه 1,مهندسی مکانیک,دانشگاه صنعتی امیرکبیر - تهران
1393,ریاضی,780,458,منطقه 1,مهندسی مکانیک,دانشگاه صنعتی اصفهان
1393,ریاضی,781,459,منطقه 1,مهندسی معماری,دانشگاه تهران
1393,ریاضی,783,461,منطقه 1,مهندسی مکانیک,دانشگاه صنعتی امیرکبیر - تهران
1393,ریاضی,785,267,منطقه 2,مهندسی عمران,دانشگاه تهران
1393,ریاضی,789,21,ایثارگران,مهندسی مکانیک,دانشگاه صنعتی اصفهان
1393,ریاضی,789,269,منطقه 2,مهندسی مکانیک,دانشگاه صنعتی امیرکبیر - تهران
1393,ریاضی,789,464,منطقه 1,مهندسی برق,دانشگاه شیراز
1393,ریاضی,789,464,منطقه 1,مهندسی معماری,دانشگاه تهران
1393,ریاضی,789,464,منطقه 1,مهندسی مکانیک,دانشگاه صنعتی امیرکبیر - تهران
1393,ریاضی,792,466,منطقه 1,مهندسی عمران,دانشگاه تهران
1393,ریاضی,794,468,منطقه 1,مهندسی عمران,دانشگاه تهران
1393,ریاضی,796,469,منطقه 1,فیزیک,دانشگاه صنعتی شریف - تهران
1393,ریاضی,796,469,منطقه 1,مهندسی شیمی,دانشگاه صنعتی شریف - تهران
1393,ریاضی,799,270,منطقه 2,مهندسی نفت,دانشگاه صنعتی شریف - تهران
1393,ریاضی,799,472,منطقه 1,مهندسی معماری,دانشگاه تهران
1393,ریاضی,799,472,منطقه 1,مهندسی مکانیک,دانشگاه صنعتی امیرکبیر - تهران
1393,ریاضی,802,271,منطقه 2,مهندسی مکانیک,دانشگاه صنعتی امیرکبیر - تهران
1393,ریاضی,802,474,منطقه 1,مهندسی برق,دانشگاه صنعتی امیرکبیر - تهران
1393,ریاضی,804,272,منطقه 2,مهندسی برق,دانشگاه صنعتی امیرکبیر - تهران
1393,ریاضی,805,273,منطقه 2,مهندسی نفت,دانشگاه صنعتی شریف - تهران
1393,ریاضی,806,475,منطقه 1,مهندسی مکانیک,دانشگاه صنعتی امیرکبیر - تهران
1393,ریاضی,806,475,منطقه 1,مهندسی کامپیوتر,دانشگاه تهران
1393,ریاضی,808,274,منطقه 2,مهندسی مکانیک,دانشگاه صنعتی امیرکبیر - تهران
1393,ریاضی,809,477,منطقه 1,مهندسی شیمی,دانشگاه صنعتی شریف - تهران
1393,ریاضی,811,478,منطقه 1,مهندسی عمران,دانشگاه تهران
1393,ریاضی,813,480,منطقه 1,مهندسی برق,دانشگاه صنعتی امیرکبیر - تهران
1393,ریاضی,814,275,منطقه 2,مهندسی مکانیک,دانشگاه صنعتی امیرکبیر - تهران
1393,ریاضی,815,276,منطقه 2,مهندسی عمران,دانشگاه تهران
1393,ریاضی,815,481,منطقه 1,مهندسی هوا فضا,دانشگاه صنعتی شریف - تهران
1393,ریاضی,817,482,منطقه 1,مهندسی معماری,دانشگاه تهران
1393,ریاضی,819,277,منطقه 2,مهندسی کامپیوتر,دانشگاه صنعتی شریف - تهران
1393,ریاضی,821,279,منطقه 2,ریاضیات و کاربردها,دانشگاه صنعتی شریف - تهران
1393,ریاضی,822,484,منطقه 1,ریاضیات و کاربردها,دانشگاه صنعتی شریف - تهران
1393,ریاضی,823,280,منطقه 2,مهندسی کامپیوتر,دانشگاه تهران
1393,ریاضی,827,281,منطقه 2,مهندسی برق,دانشگاه صنعتی امیرکبیر - تهران
1393,ریاضی,827,281,منطقه 2,مهندسی مکانیک,دانشگاه علم و صنعت ایران - تهران
1393,ریاضی,827,487,منطقه 1,مهندسی شیمی,دانشگاه صنعتی شریف - تهران
1393,ریاضی,827,487,منطقه 1,مهندسی صنایع,دانشگاه صنعتی شریف - تهران
1393,ریاضی,827,487,منطقه 1,مهندسی عمران,دانشگاه صنعتی امیرکبیر - تهران
1393,ریاضی,831,490,منطقه 1,مهندسی مکانیک,دانشگاه صنعتی اصفهان
1393,ریاضی,833,283,منطقه 2,مهندسی کامپیوتر,دانشگاه صنعتی شریف - تهران
1393,ریاضی,833,491,منطقه 1,مهندسی برق,دانشگاه صنعتی امیرکبیر - تهران
1393,ریاضی,833,491,منطقه 1,مهندسی هوا فضا,دانشگاه صنعتی شریف - تهران
1393,ریاضی,837,38,منطقه 3,مهندسی شیمی,دانشگاه صنعتی شریف - تهران
1393,ریاضی,837,494,منطقه 1,مهندسی عمران,دانشگاه تهران
1393,ریاضی,840,284,منطقه 2,مهندسی نفت,دانشگاه صنعتی شریف - تهران
1393,ریاضی,842,285,منطقه 2,مهندسی هوا فضا,دانشگاه صنعتی شریف - تهران
1393,ریاضی,846,286,منطقه 2,مهندسی هوا فضا,دانشگاه صنعتی شریف - تهران
1393,ریاضی,846,500,منطقه 1,مهندسی صنایع,دانشگاه صنعتی شریف - تهران
1393,ریاضی,846,500,منطقه 1,مهندسی مکانیک,دانشگاه صنعتی امیرکبیر - تهران
1393,ریاضی,849,287,منطقه 2,مهندسی نفت,دانشگاه تهران
1393,ریاضی,849,502,منطقه 1,مهندسی برق,دانشگاه صنعتی اصفهان
1393,ریاضی,851,39,منطقه 3,مهندسی برق,دانشگاه صنعتی شریف - تهران
1393,ریاضی,851,289,منطقه 2,مهندسی عمران,دانشگاه صنعتی شریف - تهران
1393,ریاضی,853,503,منطقه 1,مهندسی صنایع,دانشگاه تهران
1393,ریاضی,855,504,منطقه 1,مهندسی برق,دانشگاه صنعتی امیرکبیر - تهران
1393,ریاضی,855,504,منطقه 1,مهندسی معماری,دانشگاه تهران
1393,ریاضی,857,291,منطقه 2,مهندسی عمران,دانشگاه صنعتی امیرکبیر - تهران
1393,ریاضی,857,506,منطقه 1,مهندسی مکانیک,دانشگاه صنعتی امیرکبیر - تهران
1393,ریاضی,860,292,منطقه 2,مهندسی برق,دانشگاه صنعتی امیرکبیر - تهران
1393,ریاضی,860,508,منطقه 1,مهندسی شیمی,دانشگاه صنعتی شریف - تهران
1393,ریاضی,863,510,منطقه 1,مهندسی برق,دانشگاه علم و صنعت ایران - تهران
1393,ریاضی,864,293,منطقه 2,مهندسی کامپیوتر,دانشگاه تهران
1393,ریاضی,866,512,منطقه 1,مهندسی کامپیوتر,دانشگاه صنعتی امیرکبیر - تهران
1393,ریاضی,868,513,منطقه 1,مهندسی صنایع,دانشگاه صنعتی شریف - تهران
1393,ریاضی,870,514,منطقه 1,مهندسی برق,دانشگاه صنعتی امیرکبیر - تهران
1393,ریاضی,871,515,منطقه 1,مهندسی پزشکی,دانشگاه صنعتی امیرکبیر - تهران
1393,ریاضی,873,296,منطقه 2,مهندسی عمران,دانشگاه صنعتی شریف - تهران
1393,ریاضی,873,516,منطقه 1,مهندسی صنایع,دانشگاه صنعتی شریف - تهران
1393,ریاضی,876,297,منطقه 2,مهندسی عمران,دانشگاه صنعتی شریف - تهران
1393,ریاضی,878,520,منطقه 1,مهندسی صنایع,دانشگاه صنعتی شریف - تهران
1393,ریاضی,879,23,ایثارگران,مهندسی مکانیک,دانشگاه صنعتی شریف - تهران
1393,ریاضی,880,521,منطقه 1,مهندسی عمران,دانشگاه فردوسی - مشهد
1393,ریاضی,881,298,منطقه 2,مهندسی صنایع,دانشگاه صنعتی شریف - تهران
1393,ریاضی,881,298,منطقه 2,مهندسی کامپیوتر,دانشگاه تهران
1393,ریاضی,883,522,منطقه 1,مهندسی کامپیوتر,دانشگاه علم و صنعت ایران - تهران
1393,ریاضی,886,524,منطقه 1,مهندسی معماری,دانشگاه تهران
1393,ریاضی,886,524,منطقه 1,مهندسی مکانیک,دانشگاه فردوسی - مشهد
1393,ریاضی,888,40,منطقه 3,مهندسی شیمی,دانشگاه صنعتی شریف - تهران
1393,ریاضی,888,301,منطقه 2,مهندسی معماری,دانشگاه تهران
1393,ریاضی,891,24,ایثارگران,مهندسی مکانیک,دانشگاه صنعتی شریف - تهران
1393,ریاضی,891,302,منطقه 2,مهندسی صنایع,دانشگاه صنعتی شریف - تهران
1393,ریاضی,891,302,منطقه 2,مهندسی عمران,دانشگاه تهران
1393,ریاضی,894,304,منطقه 2,مهندسی برق,دانشگاه صنعتی امیرکبیر - تهران
1393,ریاضی,894,304,منطقه 2,مهندسی مکانیک,دانشگاه تهران
1393,ریاضی,894,526,منطقه 1,مهندسی شیمی,دانشگاه صنعتی شریف - تهران
1393,ریاضی,894,526,منطقه 1,مهندسی معماری,دانشگاه تهران
1393,ریاضی,897,306,منطقه 2,مهندسی عمران,دانشگاه تهران
1393,ریاضی,897,528,منطقه 1,مهندسی معماری,دانشگاه تهران
1393,ریاضی,899,307,منطقه 2,مهندسی عمران,دانشگاه تهران
1393,ریاضی,901,530,منطقه 1,مهندسی برق,دانشگاه علم و صنعت ایران - تهران
1393,ریاضی,901,530,منطقه 1,مهندسی معماری,دانشگاه هنر اصفهان
1393,ریاضی,901,530,منطقه 1,مهندسی مکانیک,دانشگاه صنعتی امیرکبیر - تهران
1393,ریاضی,903,532,منطقه 1,مهندسی مکانیک,دانشگاه صنعتی اصفهان
1393,ریاضی,903,532,منطقه 1,مهندسی نفت,دانشگاه صنعت نفت
1393,ریاضی,905,308,منطقه 2,مهندسی شیمی,دانشگاه صنعتی شریف - تهران
1393,ریاضی,907,534,منطقه 1,مهندسی شیمی,دانشگاه صنعتی شریف - تهران
1393,ریاضی,908,41,منطقه 3,مهندسی مکانیک,دانشگاه صنعتی شریف - تهران
1393,ریاضی,908,535,منطقه 1,مهندسی مکانیک,دانشگاه علم و صنعت ایران - تهران
1393,ریاضی,910,536,منطقه 1,مهندسی برق,دانشگاه علم و صنعت ایران - تهران
1393,ریاضی,912,537,منطقه 1,مهندسی مکانیک,دانشگاه علم و صنعت ایران - تهران
1393,ریاضی,916,312,منطقه 2,مهندسی برق,دانشگاه صنعتی امیرکبیر - تهران
1393,ریاضی,916,312,منطقه 2,مهندسی معماری,دانشگاه تهران
1393,ریاضی,919,314,منطقه 2,مهندسی عمران,دانشگاه صنعتی امیرکبیر - تهران
1393,ریاضی,919,541,منطقه 1,مهندسی شیمی,دانشگاه صنعتی شریف - تهران
1393,ریاضی,922,315,منطقه 2,مهندسی شیمی,دانشگاه صنعتی شریف - تهران
1393,ریاضی,924,316,منطقه 2,مهندسی عمران,دانشگاه تهران
1393,ریاضی,924,543,منطقه 1,مهندسی معماری,دانشگاه تهران
1393,ریاضی,927,317,منطقه 2,مهندسی مکانیک,دانشگاه تهران
1393,ریاضی,927,545,منطقه 1,مهندسی شیمی,دانشگاه صنعتی شریف - تهران
1393,ریاضی,929,546,منطقه 1,مهندسی مکانیک,دانشگاه علم و صنعت ایران - تهران
1393,ریاضی,932,549,منطقه 1,مهندسی برق,دانشگاه علم و صنعت ایران - تهران
1393,ریاضی,932,549,منطقه 1,مهندسی هوا فضا,دانشگاه صنعتی شریف - تهران
1393,ریاضی,935,319,منطقه 2,مهندسی صنایع,دانشگاه صنعتی شریف - تهران
1393,ریاضی,939,553,منطقه 1,علوم کامپیوتر,دانشگاه صنعتی شریف - تهران
1393,ریاضی,941,555,منطقه 1,مهندسی پلیمر,دانشگاه صنعتی امیرکبیر - تهران
1393,ریاضی,944,42,منطقه 3,مهندسی نفت,دانشگاه صنعتی شریف - تهران
1393,ریاضی,944,323,منطقه 2,مهندسی برق,دانشگاه علم و صنعت ایران - تهران
1393,ریاضی,944,323,منطقه 2,مهندسی مکانیک,دانشگاه تهران
1393,ریاضی,944,323,منطقه 2,مهندسی مکانیک,دانشگاه علم و صنعت ایران - تهران
1393,ریاضی,944,556,منطقه 1,مهندسی برق,دانشگاه علم و صنعت ایران - تهران
1393,ریاضی,944,556,منطقه 1,مهندسی عمران,دانشگاه صنعتی امیرکبیر - تهران
1393,ریاضی,950,325,منطقه 2,مهندسی مکانیک,دانشگاه تهران
1393,ریاضی,950,559,منطقه 1,مهندسی مکانیک,دانشگاه تبریز
1393,ریاضی,950,559,منطقه 1,مهندسی مکانیک,دانشگاه علم و صنعت ایران - تهران
1393,ریاضی,950,559,منطقه 1,مهندسی هوا فضا,دانشگاه صنعتی شریف - تهران
1393,ریاضی,953,562,منطقه 1,مهندسی کامپیوتر,دانشگاه صنعتی امیرکبیر - تهران
1393,ریاضی,954,326,منطقه 2,مهندسی صنایع,دانشگاه تهران
1393,ریاضی,954,326,منطقه 2,مهندسی مکانیک,دانشگاه صنعتی امیرکبیر - تهران
1393,ریاضی,956,328,منطقه 2,مهندسی شیمی,دانشگاه صنعتی شریف - تهران
1393,ریاضی,956,563,منطقه 1,مهندسی عمران,دانشگاه صنعتی امیرکبیر - تهران
1393,ریاضی,961,43,منطقه 3,مهندسی عمران,دانشگاه صنعتی امیرکبیر - تهران
1393,ریاضی,961,330,منطقه 2,مهندسی مکانیک,دانشگاه علم و صنعت ایران - تهران
1393,ریاضی,961,330,منطقه 2,مهندسی کامپیوتر,دانشگاه صنعتی امیرکبیر - تهران
1393,ریاضی,961,564,منطقه 1,مهندسی معماری,دانشگاه تهران
1393,ریاضی,965,566,منطقه 1,مهندسی صنایع,دانشگاه صنعتی شریف - تهران
1393,ریاضی,966,567,منطقه 1,مهندسی برق,دانشگاه علم و صنعت ایران - تهران
1393,ریاضی,966,567,منطقه 1,کارشناسی ارشد علوم قضایی,دانشگاه علوم قضایی و خدمات ادارای دادگستری
1393,ریاضی,968,45,منطقه 3,مهندسی کامپیوتر,دانشگاه صنعتی شریف - تهران
1393,ریاضی,969,332,منطقه 2,مهندسی نفت,دانشگاه صنعت نفت
1393,ریاضی,969,332,منطقه 2,مهندسی نفت,دانشگاه صنعتی امیرکبیر - تهران
1393,ریاضی,971,569,منطقه 1,علوم کامپیوتر,دانشگاه صنعتی شریف - تهران
1393,ریاضی,974,571,منطقه 1,مهندسی شیمی,دانشگاه صنعتی شریف - تهران
1393,ریاضی,977,26,ایثارگران,مهندسی شیمی,دانشگاه صنعتی شریف - تهران
1393,ریاضی,977,335,منطقه 2,مهندسی برق,دانشگاه علم و صنعت ایران - تهران
1393,ریاضی,977,335,منطقه 2,مهندسی مکانیک,دانشگاه صنعتی امیرکبیر - تهران
1393,ریاضی,980,46,منطقه 3,مهندسی مکانیک,دانشگاه علم و صنعت ایران - تهران
1393,ریاضی,981,573,منطقه 1,مهندسی عمران,دانشگاه صنعتی امیرکبیر - تهران
1393,ریاضی,983,337,منطقه 2,مهندسی صنایع,دانشگاه تهران
1393,ریاضی,986,47,منطقه 3,مهندسی برق,دانشگاه صنعتی شریف - تهران
1393,ریاضی,989,48,منطقه 3,مهندسی عمران,دانشگاه صنعتی امیرکبیر - تهران
1393,ریاضی,989,338,منطقه 2,مهندسی عمران,دانشگاه صنعتی امیرکبیر - تهران
1393,ریاضی,989,338,منطقه 2,مهندسی نفت,دانشگاه صنعت نفت
1393,ریاضی,989,578,منطقه 1,مهندسی عمران,دانشگاه صنعتی امیرکبیر - تهران
1393,ریاضی,992,340,منطقه 2,مهندسی صنایع,دانشگاه تهران
1393,ریاضی,993,579,منطقه 1,مهندسی مکانیک,دانشگاه صنعتی امیرکبیر - تهران
1393,ریاضی,993,579,منطقه 1,مهندسی مکانیک,دانشگاه فردوسی - مشهد
1393,ریاضی,995,581,منطقه 1,مهندسی عمران,دانشگاه صنعتی امیرکبیر - تهران
1393,ریاضی,997,583,منطقه 1,مهندسی صنایع,دانشگاه تهران
1393,ریاضی,997,583,منطقه 1,مهندسی هوا فضا,دانشگاه صنعتی شریف - تهران
1393,ریاضی,1002,341,منطقه 2,مهندسی نفت,دانشگاه تهران
1393,ریاضی,1002,587,منطقه 1,مهندسی شیمی,دانشگاه صنعتی شریف - تهران
1393,ریاضی,1002,587,منطقه 1,مهندسی صنایع,دانشگاه تهران
1393,ریاضی,1002,587,منطقه 1,مهندسی عمران,دانشگاه صنعتی امیرکبیر - تهران
1393,ریاضی,1005,590,منطقه 1,مهندسی برق,دانشگاه علم و صنعت ایران - تهران
1393,ریاضی,1006,342,منطقه 2,مهندسی برق,دانشگاه علم و صنعت ایران - تهران
1393,ریاضی,1006,342,منطقه 2,مهندسی مکانیک,دانشگاه صنعتی امیرکبیر - تهران
1393,ریاضی,1009,344,منطقه 2,مهندسی برق,دانشگاه صنعتی امیرکبیر - تهران
1393,ریاضی,1011,593,منطقه 1,مهندسی مکانیک,دانشگاه صنعتی امیرکبیر - تهران
1393,ریاضی,1013,49,منطقه 3,مهندسی عمران,دانشگاه صنعتی امیرکبیر - تهران
1393,ریاضی,1014,595,منطقه 1,مهندسی مکانیک,دانشگاه علم و صنعت ایران - تهران
1393,ریاضی,1019,50,منطقه 3,مهندسی برق,دانشگاه تهران
1393,ریاضی,1019,346,منطقه 2,مهندسی برق,دانشگاه صنعتی امیرکبیر - تهران
1393,ریاضی,1019,346,منطقه 2,مهندسی شیمی,دانشگاه صنعتی شریف - تهران
1393,ریاضی,1019,598,منطقه 1,مهندسی برق,دانشگاه علم و صنعت ایران - تهران
1393,ریاضی,1019,598,منطقه 1,مهندسی مکانیک,دانشگاه صنعتی امیرکبیر - تهران
1393,ریاضی,1023,348,منطقه 2,مهندسی شیمی,دانشگاه صنعتی شریف - تهران
1393,ریاضی,1023,600,منطقه 1,مهندسی صنایع,دانشگاه تهران
1393,ریاضی,1025,601,منطقه 1,مهندسی شیمی,دانشگاه صنعتی شریف - تهران
1393,ریاضی,1028,603,منطقه 1,مهندسی عمران,دانشگاه صنعتی امیرکبیر - تهران
1393,ریاضی,1028,603,منطقه 1,مهندسی معماری,دانشگاه تهران
1393,ریاضی,1030,605,منطقه 1,مهندسی برق,دانشگاه شهید بهشتی - تهران
1393,ریاضی,1032,51,منطقه 3,مهندسی برق,دانشگاه تهران
1393,ریاضی,1034,608,منطقه 1,مهندسی عمران,دانشگاه صنعتی امیرکبیر - تهران
1393,ریاضی,1034,608,منطقه 1,مهندسی عمران,دانشگاه علم و صنعت ایران - تهران
1393,ریاضی,1036,610,منطقه 1,مهندسی کامپیوتر,دانشگاه صنعتی امیرکبیر - تهران
1393,ریاضی,1037,611,منطقه 1,مهندسی نفت,دانشگاه تهران
1393,ریاضی,1038,350,منطقه 2,مهندسی عمران,دانشگاه صنعتی امیرکبیر - تهران
1393,ریاضی,1041,352,منطقه 2,مهندسی مکانیک,دانشگاه تهران
1393,ریاضی,1041,352,منطقه 2,مهندسی هوا فضا,دانشگاه صنعتی شریف - تهران
1393,ریاضی,1041,612,منطقه 1,مهندسی هوا فضا,دانشگاه صنعتی شریف - تهران
1393,ریاضی,1044,355,منطقه 2,مهندسی برق,دانشگاه صنعتی امیرکبیر - تهران
1393,ریاضی,1044,355,منطقه 2,مهندسی شیمی,دانشگاه صنعتی شریف - تهران
1393,ریاضی,1048,357,منطقه 2,مهندسی شیمی,دانشگاه صنعتی شریف - تهران
1393,ریاضی,1050,358,منطقه 2,مهندسی کامپیوتر,دانشگاه تهران
1393,ریاضی,1050,616,منطقه 1,مهندسی برق,دانشگاه علم و صنعت ایران - تهران
1393,ریاضی,1053,618,منطقه 1,مهندسی برق,دانشگاه علم و صنعت ایران - تهران
1393,ریاضی,1057,359,منطقه 2,مهندسی شیمی,دانشگاه صنعتی شریف - تهران
1393,ریاضی,1057,621,منطقه 1,مهندسی برق,دانشگاه صنعتی خواجه نصیرالدین طوسی - تهران
1393,ریاضی,1057,621,منطقه 1,مهندسی عمران,دانشگاه صنعتی امیرکبیر - تهران
1393,ریاضی,1060,361,منطقه 2,مهندسی صنایع,دانشگاه تهران
1393,ریاضی,1061,362,منطقه 2,مهندسی کامپیوتر,دانشگاه صنعتی امیرکبیر - تهران
1393,ریاضی,1063,363,منطقه 2,مهندسی معماری,دانشگاه تهران
1393,ریاضی,1064,364,منطقه 2,مهندسی کامپیوتر,دانشگاه تهران
1393,ریاضی,1064,624,منطقه 1,مهندسی مواد,دانشگاه صنعتی شریف - تهران
1393,ریاضی,1066,625,منطقه 1,مهندسی کامپیوتر,دانشگاه صنعتی امیرکبیر - تهران
1393,ریاضی,1067,365,منطقه 2,مهندسی عمران,دانشگاه فردوسی - مشهد
1393,ریاضی,1067,626,منطقه 1,مهندسی عمران,دانشگاه صنعتی امیرکبیر - تهران
1393,ریاضی,1070,366,منطقه 2,مهندسی شیمی,دانشگاه صنعتی شریف - تهران
1393,ریاضی,1070,366,منطقه 2,مهندسی عمران,دانشگاه صنعتی امیرکبیر - تهران
1393,ریاضی,1073,368,منطقه 2,مهندسی برق,دانشگاه علم و صنعت ایران - تهران
1393,ریاضی,1073,368,منطقه 2,مهندسی شیمی,دانشگاه صنعتی شریف - تهران
1393,ریاضی,1073,628,منطقه 1,مهندسی معماری,دانشگاه شهید بهشتی - تهران
1393,ریاضی,1075,370,منطقه 2,مهندسی عمران,دانشگاه صنعتی امیرکبیر - تهران
1393,ریاضی,1077,630,منطقه 1,مهندسی مکانیک,دانشگاه علم و صنعت ایران - تهران
1393,ریاضی,1079,371,منطقه 2,مهندسی صنایع,دانشگاه تهران
1393,ریاضی,1079,632,منطقه 1,مهندسی صنایع,دانشگاه تهران
1393,ریاضی,1082,372,منطقه 2,مهندسی عمران,دانشگاه تهران
1393,ریاضی,1083,52,منطقه 3,مهندسی نفت,دانشگاه صنعتی شریف - تهران
1393,ریاضی,1083,52,منطقه 3,مهندسی کامپیوتر,دانشگاه صنعتی شریف - تهران
1393,ریاضی,1086,373,منطقه 2,مهندسی شیمی,دانشگاه صنعتی شریف - تهران
1393,ریاضی,1086,373,منطقه 2,مهندسی صنایع,دانشگاه تهران
1393,ریاضی,1086,633,منطقه 1,مهندسی صنایع,دانشگاه تهران
1393,ریاضی,1088,634,منطقه 1,مهندسی مکانیک,دانشگاه فردوسی - مشهد
1393,ریاضی,1089,375,منطقه 2,مهندسی برق,دانشگاه صنعتی امیرکبیر - تهران
1393,ریاضی,1091,376,منطقه 2,مهندسی شیمی,دانشگاه صنعتی شریف - تهران
1393,ریاضی,1091,376,منطقه 2,مهندسی عمران,دانشگاه صنعتی امیرکبیر - تهران
1393,ریاضی,1091,635,منطقه 1,مهندسی شیمی,دانشگاه تهران
1393,ریاضی,1091,635,منطقه 1,مهندسی عمران,دانشگاه صنعتی امیرکبیر - تهران
1393,ریاضی,1095,54,منطقه 3,مهندسی صنایع,دانشگاه صنعتی امیرکبیر - تهران
1393,ریاضی,1095,637,منطقه 1,مهندسی مکانیک,دانشگاه شیراز
1393,ریاضی,1095,637,منطقه 1,مهندسی کامپیوتر,دانشگاه علم و صنعت ایران - تهران
1393,ریاضی,1098,379,منطقه 2,مهندسی عمران,دانشگاه فردوسی - مشهد
1393,ریاضی,1098,639,منطقه 1,مهندسی عمران,دانشگاه علم و صنعت ایران - تهران
1393,ریاضی,1101,381,منطقه 2,مهندسی عمران,دانشگاه صنعتی امیرکبیر - تهران
1393,ریاضی,1102,382,منطقه 2,مهندسی پزشکی,دانشگاه صنعتی امیرکبیر - تهران
1393,ریاضی,1103,383,منطقه 2,مهندسی معماری,دانشگاه شهید بهشتی - تهران
1393,ریاضی,1103,640,منطقه 1,مهندسی عمران,دانشگاه صنعتی امیرکبیر - تهران
1393,ریاضی,1105,641,منطقه 1,مهندسی عمران,دانشگاه علم و صنعت ایران - تهران
1393,ریاضی,1105,641,منطقه 1,مهندسی مواد,دانشگاه صنعتی شریف - تهران
1393,ریاضی,1107,384,منطقه 2,مهندسی مکانیک,دانشگاه تهران
1393,ریاضی,1109,385,منطقه 2,مهندسی نفت,دانشگاه صنعتی شریف - تهران
1393,ریاضی,1109,643,منطقه 1,مهندسی برق,دانشگاه علم و صنعت ایران - تهران
1393,ریاضی,1113,386,منطقه 2,مهندسی مکانیک,دانشگاه تهران
1393,ریاضی,1113,646,منطقه 1,مهندسی عمران,دانشگاه علم و صنعت ایران - تهران
1393,ریاضی,1115,648,منطقه 1,علوم کامپیوتر,دانشگاه صنعتی شریف - تهران
1393,ریاضی,1115,648,منطقه 1,مهندسی مکانیک,دانشگاه علم و صنعت ایران - تهران
1393,ریاضی,1117,650,منطقه 1,مهندسی صنایع,دانشگاه فردوسی - مشهد
1393,ریاضی,1119,652,منطقه 1,فیزیک,دانشگاه صنعتی شریف - تهران
1393,ریاضی,1119,652,منطقه 1,مهندسی هوا فضا,دانشگاه صنعتی شریف - تهران
1393,ریاضی,1121,654,منطقه 1,مهندسی عمران,دانشگاه صنعتی امیرکبیر - تهران
1393,ریاضی,1122,655,منطقه 1,مهندسی مکانیک,دانشگاه علم و صنعت ایران - تهران
1393,ریاضی,1124,387,منطقه 2,مهندسی مکانیک,دانشگاه صنعتی امیرکبیر - تهران
1393,ریاضی,1124,387,منطقه 2,مهندسی پزشکی,دانشگاه صنعتی امیرکبیر - تهران
1393,ریاضی,1126,389,منطقه 2,مهندسی برق,دانشگاه علم و صنعت ایران - تهران
1393,ریاضی,1126,389,منطقه 2,مهندسی مکانیک,دانشگاه علم و صنعت ایران - تهران
1393,ریاضی,1131,391,منطقه 2,مهندسی مکانیک,دانشگاه صنعتی امیرکبیر - تهران
1393,ریاضی,1131,659,منطقه 1,مهندسی شیمی,دانشگاه تهران
1393,ریاضی,1133,392,منطقه 2,دبیری ریاضی,پردیس شهید هاشمی نژاد - مشهد
1393,ریاضی,1133,661,منطقه 1,مهندسی برق,دانشگاه شیراز
1393,ریاضی,1135,393,منطقه 2,مهندسی برق,دانشگاه علم و صنعت ایران - تهران
1393,ریاضی,1135,662,منطقه 1,مهندسی مواد,دانشگاه صنعتی شریف - تهران
1393,ریاضی,1139,394,منطقه 2,مهندسی برق,دانشگاه علم و صنعت ایران - تهران
1393,ریاضی,1139,664,منطقه 1,مهندسی عمران,دانشگاه صنعتی اصفهان
1393,ریاضی,1139,664,منطقه 1,مهندسی معماری,دانشگاه شهید بهشتی - تهران
1393,ریاضی,1141,395,منطقه 2,مهندسی صنایع,دانشگاه صنعتی شریف - تهران
1393,ریاضی,1142,666,منطقه 1,مهندسی مکانیک,دانشگاه علم و صنعت ایران - تهران
1393,ریاضی,1144,668,منطقه 1,مهندسی صنایع,دانشگاه تهران
1393,ریاضی,1146,670,منطقه 1,مهندسی برق,دانشگاه صنعتی اصفهان
1393,ریاضی,1149,671,منطقه 1,مهندسی معماری,دانشگاه شهید بهشتی - تهران
1393,ریاضی,1149,671,منطقه 1,مهندسی کامپیوتر,دانشگاه صنعتی امیرکبیر - تهران
1393,ریاضی,1151,397,منطقه 2,مهندسی کامپیوتر,دانشگاه صنعتی امیرکبیر - تهران
1393,ریاضی,1152,673,منطقه 1,مهندسی هوا فضا,دانشگاه صنعتی امیرکبیر - تهران
1393,ریاضی,1153,398,منطقه 2,مهندسی مکانیک,دانشگاه صنعتی امیرکبیر - تهران
1393,ریاضی,1154,674,منطقه 1,مهندسی مکانیک,دانشگاه علم و صنعت ایران - تهران
1393,ریاضی,1155,399,منطقه 2,مهندسی هوا فضا,دانشگاه صنعتی شریف - تهران
1393,ریاضی,1155,675,منطقه 1,مهندسی کامپیوتر,دانشگاه صنعتی امیرکبیر - تهران
1393,ریاضی,1157,400,منطقه 2,مهندسی مکانیک,دانشگاه صنعتی امیرکبیر - تهران
1393,ریاضی,1157,676,منطقه 1,مهندسی نفت,دانشگاه صنعت نفت
1393,ریاضی,1160,402,منطقه 2,مهندسی برق,دانشگاه علم و صنعت ایران - تهران
1393,ریاضی,1160,402,منطقه 2,مهندسی هوا فضا,دانشگاه صنعتی شریف - تهران
1393,ریاضی,1162,404,منطقه 2,مهندسی برق,دانشگاه علم و صنعت ایران - تهران
1393,ریاضی,1162,677,منطقه 1,مهندسی پزشکی,دانشگاه صنعتی امیرکبیر - تهران
1393,ریاضی,1164,678,منطقه 1,مهندسی صنایع,دانشگاه تهران
1393,ریاضی,1165,679,منطقه 1,مهندسی کامپیوتر,دانشگاه شهید بهشتی - تهران
1393,ریاضی,1167,405,منطقه 2,مهندسی شیمی,دانشگاه صنعتی شریف - تهران
1393,ریاضی,1167,405,منطقه 2,مهندسی عمران,دانشگاه تهران
1393,ریاضی,1172,682,منطقه 1,مهندسی برق,دانشگاه علم و صنعت ایران - تهران
1393,ریاضی,1172,682,منطقه 1,مهندسی صنایع,دانشگاه صنعتی امیرکبیر - تهران
1393,ریاضی,1174,408,منطقه 2,مهندسی برق,دانشگاه علم و صنعت ایران - تهران
1393,ریاضی,1174,684,منطقه 1,علوم کامپیوتر,دانشگاه صنعتی شریف - تهران
1393,ریاضی,1176,409,منطقه 2,مهندسی کامپیوتر,دانشگاه صنعتی امیرکبیر - تهران
1393,ریاضی,1177,685,منطقه 1,مهندسی صنایع,دانشگاه صنعتی امیرکبیر - تهران
1393,ریاضی,1180,411,منطقه 2,مهندسی عمران,دانشگاه تهران
1393,ریاضی,1180,686,منطقه 1,مهندسی عمران,دانشگاه صنعتی اصفهان
1393,ریاضی,1183,412,منطقه 2,مهندسی مکانیک,دانشگاه علم و صنعت ایران - تهران
1393,ریاضی,1183,689,منطقه 1,مهندسی کامپیوتر,دانشگاه صنعتی امیرکبیر - تهران
1393,ریاضی,1185,690,منطقه 1,مهندسی هوا فضا,دانشگاه صنعتی امیرکبیر - تهران
1393,ریاضی,1188,691,منطقه 1,مهندسی برق,دانشگاه صنعتی اصفهان
1393,ریاضی,1188,691,منطقه 1,مهندسی کامپیوتر,دانشگاه فردوسی - مشهد
1393,ریاضی,1192,414,منطقه 2,مهندسی کامپیوتر,دانشگاه صنعتی امیرکبیر - تهران
1393,ریاضی,1192,694,منطقه 1,مهندسی صنایع,دانشگاه صنعتی امیرکبیر - تهران
1393,ریاضی,1195,416,منطقه 2,مهندسی معماری,دانشگاه شهید بهشتی - تهران
1393,ریاضی,1198,417,منطقه 2,مهندسی نفت,دانشگاه تهران
1393,ریاضی,1198,697,منطقه 1,مهندسی کامپیوتر,دانشگاه صنعتی امیرکبیر - تهران
1393,ریاضی,1202,419,منطقه 2,مهندسی مکانیک,دانشگاه صنعتی امیرکبیر - تهران
1393,ریاضی,1202,698,منطقه 1,مهندسی نفت,دانشگاه تهران
1393,ریاضی,1205,420,منطقه 2,مهندسی شیمی,دانشگاه صنعتی شریف - تهران
1393,ریاضی,1205,701,منطقه 1,علوم کامپیوتر,دانشگاه صنعتی شریف - تهران
1393,ریاضی,1205,701,منطقه 1,مهندسی مکانیک,دانشگاه علم و صنعت ایران - تهران
1393,ریاضی,1208,421,منطقه 2,مهندسی شیمی,دانشگاه صنعتی شریف - تهران
1393,ریاضی,1209,703,منطقه 1,مهندسی عمران,دانشگاه علم و صنعت ایران - تهران
1393,ریاضی,1210,704,منطقه 1,مهندسی مکانیک,دانشگاه علم و صنعت ایران - تهران
1393,ریاضی,1212,422,منطقه 2,مهندسی معماری,دانشگاه شهید بهشتی - تهران
1393,ریاضی,1212,705,منطقه 1,مهندسی مکانیک,دانشگاه صنعتی اصفهان
1393,ریاضی,1215,57,منطقه 3,مهندسی برق,دانشگاه تهران
1393,ریاضی,1215,424,منطقه 2,مهندسی شیمی,دانشگاه تهران
1393,ریاضی,1215,424,منطقه 2,مهندسی پزشکی,دانشگاه صنعتی امیرکبیر - تهران
1393,ریاضی,1218,426,منطقه 2,مهندسی نفت,دانشگاه صنعت نفت
1393,ریاضی,1219,707,منطقه 1,مهندسی نفت,دانشگاه صنعت نفت
1393,ریاضی,1221,709,منطقه 1,مهندسی برق,دانشگاه علم و صنعت ایران - تهران
1393,ریاضی,1221,709,منطقه 1,مهندسی معماری,دانشگاه شهید بهشتی - تهران
1393,ریاضی,1223,427,منطقه 2,مهندسی نفت,دانشگاه تهران
1393,ریاضی,1224,711,منطقه 1,مهندسی مکانیک,دانشگاه علم و صنعت ایران - تهران
1393,ریاضی,1227,58,منطقه 3,مهندسی برق,دانشگاه تهران
1393,ریاضی,1227,428,منطقه 2,مهندسی هوا فضا,دانشگاه صنعتی شریف - تهران
1393,ریاضی,1227,712,منطقه 1,شیمی,دانشگاه صنعتی شریف - تهران
1393,ریاضی,1229,713,منطقه 1,مهندسی پزشکی,دانشگاه صنعتی امیرکبیر - تهران
1393,ریاضی,1232,429,منطقه 2,مهندسی مکانیک,دانشگاه صنعتی امیرکبیر - تهران
1393,ریاضی,1232,715,منطقه 1,مهندسی مکانیک,دانشگاه صنعتی خواجه نصیرالدین طوسی - تهران
1393,ریاضی,1234,430,منطقه 2,مهندسی مواد,دانشگاه صنعتی شریف - تهران
1393,ریاضی,1235,431,منطقه 2,مهندسی عمران,دانشگاه علم و صنعت ایران - تهران
1393,ریاضی,1235,717,منطقه 1,مهندسی کامپیوتر,دانشگاه علم و صنعت ایران - تهران
1393,ریاضی,1237,432,منطقه 2,مهندسی مکانیک,دانشگاه صنعتی امیرکبیر - تهران
1393,ریاضی,1240,433,منطقه 2,علوم کامپیوتر,دانشگاه صنعتی شریف - تهران
1393,ریاضی,1240,433,منطقه 2,مهندسی برق,دانشگاه علم و صنعت ایران - تهران
1393,ریاضی,1240,719,منطقه 1,مهندسی برق,دانشگاه فردوسی - مشهد
1393,ریاضی,1240,719,منطقه 1,مهندسی کامپیوتر,دانشگاه صنعتی امیرکبیر - تهران
1393,ریاضی,1246,435,منطقه 2,مهندسی صنایع,دانشگاه صنعتی شریف - تهران
1393,ریاضی,1246,723,منطقه 1,مهندسی مکانیک,دانشگاه علم و صنعت ایران - تهران
1393,ریاضی,1246,723,منطقه 1,مهندسی کامپیوتر,دانشگاه صنعتی امیرکبیر - تهران
1393,ریاضی,1248,725,منطقه 1,مهندسی مکانیک,دانشگاه صنعتی اصفهان
1393,ریاضی,1249,726,منطقه 1,مهندسی برق,دانشگاه فردوسی - مشهد
1393,ریاضی,1252,436,منطقه 2,مهندسی مکانیک,دانشگاه علم و صنعت ایران - تهران
1393,ریاضی,1252,436,منطقه 2,مهندسی پزشکی,دانشگاه صنعتی امیرکبیر - تهران
1393,ریاضی,1254,438,منطقه 2,مهندسی عمران,دانشگاه تهران
1393,ریاضی,1255,729,منطقه 1,مهندسی کامپیوتر,دانشگاه صنعتی امیرکبیر - تهران
1393,ریاضی,1257,731,منطقه 1,مهندسی مکانیک,دانشگاه علم و صنعت ایران - تهران
1393,ریاضی,1261,440,منطقه 2,مهندسی معماری,دانشگاه تهران
1393,ریاضی,1261,440,منطقه 2,مهندسی مکانیک,دانشگاه صنعتی امیرکبیر - تهران
1393,ریاضی,1261,733,منطقه 1,مهندسی کامپیوتر,دانشگاه صنعتی امیرکبیر - تهران
1393,ریاضی,1261,733,منطقه 1,مهندسی کامپیوتر,دانشگاه علم و صنعت ایران - تهران
1393,ریاضی,1265,59,منطقه 3,مهندسی برق,دانشگاه تهران
1393,ریاضی,1265,442,منطقه 2,مهندسی عمران,دانشگاه علم و صنعت ایران - تهران
1393,ریاضی,1265,735,منطقه 1,مهندسی نفت,دانشگاه صنعت نفت
1393,ریاضی,1269,443,منطقه 2,مهندسی مکانیک,دانشگاه علم و صنعت ایران - تهران
1393,ریاضی,1269,443,منطقه 2,مهندسی کامپیوتر,دانشگاه صنعتی امیرکبیر - تهران
1393,ریاضی,1269,737,منطقه 1,مهندسی کامپیوتر,دانشگاه صنعتی امیرکبیر - تهران
1393,ریاضی,1271,738,منطقه 1,مهندسی برق,دانشگاه علم و صنعت ایران - تهران
1393,ریاضی,1274,445,منطقه 2,مهندسی نفت,دانشگاه صنعت نفت
1393,ریاضی,1274,741,منطقه 1,علوم کامپیوتر,دانشگاه صنعتی شریف - تهران
1393,ریاضی,1274,741,منطقه 1,مهندسی هوا فضا,دانشگاه صنعتی امیرکبیر - تهران
1393,ریاضی,1274,741,منطقه 1,مهندسی کامپیوتر,دانشگاه صنعتی امیرکبیر - تهران
1393,ریاضی,1277,743,منطقه 1,مهندسی مکانیک,دانشگاه علم و صنعت ایران - تهران
1393,ریاضی,1278,744,منطقه 1,مهندسی عمران,دانشگاه علم و صنعت ایران - تهران
1393,ریاضی,1279,60,منطقه 3,مهندسی کامپیوتر,دانشگاه صنعتی امیرکبیر - تهران
1393,ریاضی,1283,748,منطقه 1,مهندسی عمران,دانشگاه تبریز
1393,ریاضی,1285,750,منطقه 1,مهندسی مکانیک,دانشگاه علم و صنعت ایران - تهران
1393,ریاضی,1285,750,منطقه 1,مهندسی نفت,دانشگاه تهران
1393,ریاضی,1288,61,منطقه 3,مهندسی برق,دانشگاه صنعتی امیرکبیر - تهران
1393,ریاضی,1288,752,منطقه 1,مهندسی مکانیک,دانشگاه علم و صنعت ایران - تهران
1393,ریاضی,1291,447,منطقه 2,مهندسی شیمی,دانشگاه صنعتی شریف - تهران
1393,ریاضی,1293,449,منطقه 2,مهندسی شیمی,دانشگاه صنعتی شریف - تهران
1393,ریاضی,1293,449,منطقه 2,مهندسی مکانیک,دانشگاه صنعتی امیرکبیر - تهران
1393,ریاضی,1293,754,منطقه 1,مهندسی صنایع,دانشگاه صنعتی امیرکبیر - تهران
1393,ریاضی,1297,451,منطقه 2,مهندسی شیمی,دانشگاه صنعتی شریف - تهران
1393,ریاضی,1297,451,منطقه 2,مهندسی نفت,دانشگاه صنعت نفت
1393,ریاضی,1297,755,منطقه 1,مهندسی صنایع,دانشگاه صنعتی امیرکبیر - تهران
1393,ریاضی,1297,755,منطقه 1,مهندسی مکانیک,دانشگاه صنعتی شریف - تهران
1393,ریاضی,1301,758,منطقه 1,مهندسی برق,دانشگاه علم و صنعت ایران - تهران
1393,ریاضی,1301,758,منطقه 1,مهندسی نفت,دانشگاه تهران
1393,ریاضی,1304,62,منطقه 3,مهندسی شیمی,دانشگاه صنعتی شریف - تهران
1393,ریاضی,1304,453,منطقه 2,مهندسی برق,دانشگاه علم و صنعت ایران - تهران
1393,ریاضی,1304,760,منطقه 1,مهندسی برق,دانشگاه علم و صنعت ایران - تهران
1393,ریاضی,1307,762,منطقه 1,مهندسی مواد,دانشگاه صنعتی شریف - تهران
1393,ریاضی,1311,454,منطقه 2,مهندسی شیمی,دانشگاه صنعتی شریف - تهران
1393,ریاضی,1311,454,منطقه 2,مهندسی هوا فضا,دانشگاه صنعتی شریف - تهران
1393,ریاضی,1313,765,منطقه 1,مهندسی شیمی,دانشگاه تهران
1393,ریاضی,1315,63,منطقه 3,مهندسی نفت,دانشگاه صنعتی شریف - تهران
1393,ریاضی,1315,456,منطقه 2,مهندسی نفت,دانشگاه تهران
1393,ریاضی,1315,766,منطقه 1,مهندسی مکانیک,دانشگاه شیراز
1393,ریاضی,1319,457,منطقه 2,مهندسی مکانیک,دانشگاه صنعتی امیرکبیر - تهران
1393,ریاضی,1319,769,منطقه 1,مهندسی نفت,دانشگاه صنعت نفت
1393,ریاضی,1319,769,منطقه 1,مهندسی هوا فضا,دانشگاه صنعتی امیرکبیر - تهران
1393,ریاضی,1322,771,منطقه 1,مهندسی برق,دانشگاه علم و صنعت ایران - تهران
1393,ریاضی,1322,771,منطقه 1,مهندسی مکانیک,دانشگاه علم و صنعت ایران - تهران
1393,ریاضی,1325,64,منطقه 3,مهندسی نفت,دانشگاه صنعتی شریف - تهران
1393,ریاضی,1329,65,منطقه 3,مهندسی کامپیوتر,دانشگاه صنعتی شریف - تهران
1393,ریاضی,1329,775,منطقه 1,مهندسی برق,دانشگاه علم و صنعت ایران - تهران
1393,ریاضی,1329,775,منطقه 1,مهندسی عمران,دانشگاه شیراز
1393,ریاضی,1329,775,منطقه 1,مهندسی هوا فضا,دانشگاه صنعتی امیرکبیر - تهران
1393,ریاضی,1332,459,منطقه 2,مهندسی عمران,دانشگاه تهران
1393,ریاضی,1334,460,منطقه 2,مهندسی شیمی,دانشگاه صنعتی شریف - تهران
1393,ریاضی,1334,460,منطقه 2,مهندسی مکانیک,دانشگاه صنعتی امیرکبیر - تهران
1393,ریاضی,1337,780,منطقه 1,مهندسی شیمی,دانشگاه تهران
1393,ریاضی,1341,462,منطقه 2,مهندسی برق,دانشگاه صنعتی اصفهان
1393,ریاضی,1343,67,منطقه 3,مهندسی برق,دانشگاه تهران
1393,ریاضی,1345,465,منطقه 2,مهندسی عمران,دانشگاه تهران
1393,ریاضی,1345,783,منطقه 1,مهندسی نفت,دانشگاه صنعت نفت
1393,ریاضی,1347,784,منطقه 1,فیزیک,دانشگاه صنعتی شریف - تهران
1393,ریاضی,1347,784,منطقه 1,مهندسی صنایع,دانشگاه صنعتی امیرکبیر - تهران
1393,ریاضی,1350,466,منطقه 2,مهندسی کامپیوتر,دانشگاه صنعتی امیرکبیر - تهران
1393,ریاضی,1350,786,منطقه 1,مهندسی برق,دانشگاه صنعتی اصفهان
1393,ریاضی,1350,786,منطقه 1,مهندسی مکانیک,دانشگاه فردوسی - مشهد
1393,ریاضی,1353,467,منطقه 2,مهندسی شیمی,دانشگاه صنعتی شریف - تهران
1393,ریاضی,1353,788,منطقه 1,مهندسی مواد,دانشگاه صنعتی شریف - تهران
1393,ریاضی,1357,68,منطقه 3,مهندسی برق,دانشگاه تهران
1393,ریاضی,1357,790,منطقه 1,مهندسی عمران,دانشگاه صنعتی اصفهان
1393,ریاضی,1359,470,منطقه 2,مهندسی شیمی,دانشگاه صنعتی شریف - تهران
1393,ریاضی,1361,792,منطقه 1,مهندسی پلیمر,دانشگاه تهران
1393,ریاضی,1364,471,منطقه 2,مهندسی پزشکی,دانشگاه صنعتی امیرکبیر - تهران
1393,ریاضی,1364,794,منطقه 1,علوم کامپیوتر,دانشگاه صنعتی شریف - تهران
1393,ریاضی,1366,472,منطقه 2,مهندسی برق,دانشگاه علم و صنعت ایران - تهران
1393,ریاضی,1366,472,منطقه 2,مهندسی شیمی,دانشگاه صنعتی شریف - تهران
1393,ریاضی,1369,474,منطقه 2,مهندسی عمران,دانشگاه تهران
1393,ریاضی,1369,796,منطقه 1,مهندسی مکانیک,دانشگاه علم و صنعت ایران - تهران
1393,ریاضی,1371,798,منطقه 1,مهندسی برق,دانشگاه صنعتی اصفهان
1393,ریاضی,1371,798,منطقه 1,مهندسی شیمی,دانشگاه تهران
1393,ریاضی,1373,475,منطقه 2,مهندسی برق,دانشگاه علم و صنعت ایران - تهران
1393,ریاضی,1376,69,منطقه 3,مهندسی برق,دانشگاه تهران
1393,ریاضی,1376,69,منطقه 3,مهندسی مکانیک,دانشگاه شیراز
1393,ریاضی,1379,803,منطقه 1,مهندسی برق,دانشگاه صنعتی خواجه نصیرالدین طوسی - تهران
1393,ریاضی,1379,803,منطقه 1,مهندسی مواد,دانشگاه صنعتی شریف - تهران
1393,ریاضی,1382,806,منطقه 1,مهندسی شیمی,دانشگاه تهران
1393,ریاضی,1382,806,منطقه 1,مهندسی هوا فضا,دانشگاه صنعتی امیرکبیر - تهران
1393,ریاضی,1385,476,منطقه 2,مهندسی شیمی,دانشگاه صنعتی شریف - تهران
1393,ریاضی,1388,477,منطقه 2,مهندسی مکانیک,دانشگاه صنعتی امیرکبیر - تهران
1393,ریاضی,1388,809,منطقه 1,مهندسی برق,دانشگاه علم و صنعت ایران - تهران
1393,ریاضی,1388,809,منطقه 1,مهندسی مکانیک,دانشگاه صنعتی اصفهان
1393,ریاضی,1388,809,منطقه 1,مهندسی مکانیک,دانشگاه صنعتی خواجه نصیرالدین طوسی - تهران
1393,ریاضی,1392,811,منطقه 1,مهندسی مکانیک,دانشگاه صنعتی اصفهان
1393,ریاضی,1392,811,منطقه 1,مهندسی مکانیک,دانشگاه علم و صنعت ایران - تهران
1393,ریاضی,1394,480,منطقه 2,مهندسی برق,دانشگاه علم و صنعت ایران - تهران
1393,ریاضی,1395,813,منطقه 1,مهندسی عمران,دانشگاه علم و صنعت ایران - تهران
1393,ریاضی,1395,813,منطقه 1,مهندسی معماری,دانشگاه شهید بهشتی - تهران
1393,ریاضی,1398,816,منطقه 1,مهندسی عمران,دانشگاه علم و صنعت ایران - تهران
1393,ریاضی,1398,816,منطقه 1,مهندسی مکانیک,دانشگاه صنعتی اصفهان
1393,ریاضی,1401,482,منطقه 2,مهندسی عمران,دانشگاه تهران
1393,ریاضی,1403,819,منطقه 1,مهندسی صنایع,دانشگاه صنعتی امیرکبیر - تهران
1393,ریاضی,1407,483,منطقه 2,مهندسی معماری,دانشگاه شهید بهشتی - تهران
1393,ریاضی,1407,483,منطقه 2,مهندسی معماری,دانشگاه علم و صنعت ایران - تهران
1393,ریاضی,1407,822,منطقه 1,مهندسی کامپیوتر,دانشگاه شهید بهشتی - تهران
1393,ریاضی,1407,822,منطقه 1,مهندسی کامپیوتر,دانشگاه صنعتی امیرکبیر - تهران
1393,ریاضی,1410,72,منطقه 3,مهندسی برق,دانشگاه تهران
1393,ریاضی,1412,825,منطقه 1,مهندسی کامپیوتر,دانشگاه شیراز
1393,ریاضی,1412,825,منطقه 1,مهندسی کامپیوتر,دانشگاه علم و صنعت ایران - تهران
1393,ریاضی,1417,74,منطقه 3,مهندسی برق,دانشگاه تهران
1393,ریاضی,1417,74,منطقه 3,مهندسی کامپیوتر,دانشگاه صنعتی شریف - تهران
1393,ریاضی,1417,828,منطقه 1,مهندسی عمران,دانشگاه علم و صنعت ایران - تهران
1393,ریاضی,1417,828,منطقه 1,مهندسی معماری,دانشگاه هنر اصفهان
1393,ریاضی,1423,832,منطقه 1,مهندسی برق,دانشگاه علم و صنعت ایران - تهران
1393,ریاضی,1425,834,منطقه 1,مهندسی مکانیک,دانشگاه علم و صنعت ایران - تهران
1393,ریاضی,1428,486,منطقه 2,مهندسی نفت,دانشگاه تهران
1393,ریاضی,1428,836,منطقه 1,مهندسی عمران,دانشگاه علم و صنعت ایران - تهران
1393,ریاضی,1431,838,منطقه 1,مهندسی عمران,دانشگاه علم و صنعت ایران - تهران
1393,ریاضی,1431,838,منطقه 1,مهندسی مکانیک,دانشگاه علم و صنعت ایران - تهران
1393,ریاضی,1434,841,منطقه 1,مهندسی برق,دانشگاه صنعتی خواجه نصیرالدین طوسی - تهران
1393,ریاضی,1436,488,منطقه 2,مهندسی برق,دانشگاه علم و صنعت ایران - تهران
1393,ریاضی,1436,488,منطقه 2,مهندسی صنایع,دانشگاه صنعتی شریف - تهران
1393,ریاضی,1436,842,منطقه 1,مهندسی معماری,دانشگاه شهید بهشتی - تهران
1393,ریاضی,1439,844,منطقه 1,مهندسی صنایع,دانشگاه صنعتی امیرکبیر - تهران
1393,ریاضی,1439,844,منطقه 1,مهندسی عمران,دانشگاه علم و صنعت ایران - تهران
1393,ریاضی,1439,844,منطقه 1,مهندسی عمران,دانشگاه فردوسی - مشهد
1393,ریاضی,1441,490,منطقه 2,مهندسی معماری,دانشگاه شهید بهشتی - تهران
1393,ریاضی,1441,490,منطقه 2,مهندسی کامپیوتر,دانشگاه علم و صنعت ایران - تهران
1393,ریاضی,1443,492,منطقه 2,مهندسی شیمی,دانشگاه تهران
1393,ریاضی,1443,846,منطقه 1,مهندسی کامپیوتر,دانشگاه صنعتی امیرکبیر - تهران
1393,ریاضی,1446,493,منطقه 2,مهندسی پزشکی,دانشگاه صنعتی امیرکبیر - تهران
1393,ریاضی,1446,847,منطقه 1,مهندسی شیمی,دانشگاه صنعتی امیرکبیر - تهران
1393,ریاضی,1446,847,منطقه 1,مهندسی صنایع,دانشگاه صنعتی امیرکبیر - تهران
1393,ریاضی,1449,494,منطقه 2,مهندسی هوا فضا,دانشگاه صنعتی شریف - تهران
1393,ریاضی,1451,849,منطقه 1,مهندسی هوا فضا,دانشگاه صنعتی امیرکبیر - تهران
1393,ریاضی,1453,496,منطقه 2,مهندسی هوا فضا,دانشگاه صنعتی شریف - تهران
1393,ریاضی,1453,850,منطقه 1,مهندسی مکانیک,دانشگاه شیراز
1393,ریاضی,1453,850,منطقه 1,مهندسی مکانیک,دانشگاه فردوسی - مشهد
1393,ریاضی,1455,497,منطقه 2,مهندسی شیمی,دانشگاه صنعتی شریف - تهران
1393,ریاضی,1455,852,منطقه 1,مهندسی شیمی,دانشگاه تهران
1393,ریاضی,1458,76,منطقه 3,مهندسی عمران,دانشگاه علم و صنعت ایران - تهران
1393,ریاضی,1458,498,منطقه 2,مهندسی هوا فضا,دانشگاه صنعتی شریف - تهران
1393,ریاضی,1460,499,منطقه 2,دبیری ریاضی,پردیس بنت الهدی صدر - رشت
1393,ریاضی,1461,854,منطقه 1,مهندسی مکانیک,دانشگاه صنعتی اصفهان
1393,ریاضی,1462,500,منطقه 2,مهندسی برق,دانشگاه علم و صنعت ایران - تهران
1393,ریاضی,1462,855,منطقه 1,مهندسی کامپیوتر,دانشگاه صنعتی امیرکبیر - تهران
1393,ریاضی,1465,501,منطقه 2,مهندسی پزشکی,دانشگاه صنعتی امیرکبیر - تهران
1393,ریاضی,1465,856,منطقه 1,مهندسی عمران,دانشگاه فردوسی - مشهد
1393,ریاضی,1465,856,منطقه 1,مهندسی کامپیوتر,دانشگاه علم و صنعت ایران - تهران
1393,ریاضی,1469,502,منطقه 2,مهندسی نفت,دانشگاه صنعت نفت
1393,ریاضی,1469,859,منطقه 1,مهندسی مکانیک,دانشگاه علم و صنعت ایران - تهران
1393,ریاضی,1475,504,منطقه 2,مهندسی معماری,دانشگاه شهید بهشتی - تهران
1393,ریاضی,1475,504,منطقه 2,مهندسی نفت,دانشگاه تهران
1393,ریاضی,1475,862,منطقه 1,مهندسی برق,دانشگاه صنعتی خواجه نصیرالدین طوسی - تهران
1393,ریاضی,1475,862,منطقه 1,مهندسی مکانیک,دانشگاه علم و صنعت ایران - تهران
1393,ریاضی,1479,506,منطقه 2,مهندسی عمران,دانشگاه علم و صنعت ایران - تهران
1393,ریاضی,1482,866,منطقه 1,مهندسی عمران,دانشگاه تهران
1393,ریاضی,1482,866,منطقه 1,مهندسی مکانیک,دانشگاه صنعتی اصفهان
1393,ریاضی,1484,507,منطقه 2,مهندسی نفت,دانشگاه صنعتی امیرکبیر - تهران
1393,ریاضی,1484,868,منطقه 1,مهندسی مکانیک,دانشگاه شیراز
1393,ریاضی,1486,869,منطقه 1,مهندسی شیمی,دانشگاه تهران
1393,ریاضی,1488,508,منطقه 2,مهندسی شیمی,دانشگاه صنعتی شریف - تهران
1393,ریاضی,1488,870,منطقه 1,مهندسی عمران,دانشگاه علم و صنعت ایران - تهران
1393,ریاضی,1493,77,منطقه 3,مهندسی هوا فضا,دانشگاه صنعتی شریف - تهران
1393,ریاضی,1493,510,منطقه 2,مهندسی برق,دانشگاه علم و صنعت ایران - تهران
1393,ریاضی,1493,510,منطقه 2,مهندسی شیمی,دانشگاه صنعتی شریف - تهران
1393,ریاضی,1493,510,منطقه 2,مهندسی صنایع,دانشگاه صنعتی شریف - تهران
1393,ریاضی,1493,873,منطقه 1,مهندسی شیمی,دانشگاه صنعتی امیرکبیر - تهران
1393,ریاضی,1498,514,منطقه 2,مهندسی برق,دانشگاه علم و صنعت ایران - تهران
1393,ریاضی,1498,514,منطقه 2,مهندسی معماری,دانشگاه شهید بهشتی - تهران
1393,ریاضی,1501,79,منطقه 3,مهندسی پزشکی,دانشگاه صنعتی امیرکبیر - تهران
1393,ریاضی,1503,516,منطقه 2,مهندسی برق,دانشگاه علم و صنعت ایران - تهران
1393,ریاضی,1503,516,منطقه 2,مهندسی شیمی,دانشگاه تهران
1393,ریاضی,1507,518,منطقه 2,مهندسی کامپیوتر,دانشگاه صنعتی امیرکبیر - تهران
1393,ریاضی,1507,876,منطقه 1,مهندسی صنایع,دانشگاه صنعتی امیرکبیر - تهران
1393,ریاضی,1507,876,منطقه 1,مهندسی مواد,دانشگاه صنعتی شریف - تهران
1393,ریاضی,1507,876,منطقه 1,مهندسی مکانیک,دانشگاه صنعتی اصفهان
1393,ریاضی,1507,876,منطقه 1,مهندسی هوا فضا,دانشگاه صنعتی امیرکبیر - تهران
1393,ریاضی,1510,879,منطقه 1,مهندسی کامپیوتر,دانشگاه علم و صنعت ایران - تهران
1393,ریاضی,1513,519,منطقه 2,مهندسی صنایع,دانشگاه صنعتی امیرکبیر - تهران
1393,ریاضی,1513,519,منطقه 2,مهندسی معماری,دانشگاه تهران
1393,ریاضی,1515,881,منطقه 1,مهندسی مکانیک,دانشگاه صنعتی اصفهان
1393,ریاضی,1519,521,منطقه 2,مهندسی نفت,دانشگاه تهران
1393,ریاضی,1519,884,منطقه 1,مهندسی برق,دانشگاه صنعتی اصفهان
1393,ریاضی,1519,884,منطقه 1,مهندسی عمران,دانشگاه فردوسی - مشهد
1393,ریاضی,1522,523,منطقه 2,مهندسی شیمی,دانشگاه صنعتی امیرکبیر - تهران
1393,ریاضی,1522,523,منطقه 2,مهندسی عمران,دانشگاه علم و صنعت ایران - تهران
1393,ریاضی,1525,526,منطقه 2,مهندسی مواد,دانشگاه صنعتی شریف - تهران
1393,ریاضی,1525,526,منطقه 2,مهندسی هوا فضا,دانشگاه صنعتی شریف - تهران
1393,ریاضی,1527,886,منطقه 1,مهندسی مواد,دانشگاه تهران
1393,ریاضی,1531,890,منطقه 1,مهندسی معماری,دانشگاه علم و صنعت ایران - تهران
1393,ریاضی,1531,890,منطقه 1,مهندسی نفت,دانشگاه صنعتی امیرکبیر - تهران
1393,ریاضی,1533,892,منطقه 1,مهندسی عمران,دانشگاه علم و صنعت ایران - تهران
1393,ریاضی,1536,80,منطقه 3,مهندسی عمران,دانشگاه علم و صنعت ایران - تهران
1393,ریاضی,1536,528,منطقه 2,مهندسی عمران,دانشگاه صنعتی امیرکبیر - تهران
1393,ریاضی,1539,529,منطقه 2,مهندسی عمران,دانشگاه صنعتی امیرکبیر - تهران
1393,ریاضی,1541,530,منطقه 2,مهندسی برق,دانشگاه علم و صنعت ایران - تهران
1393,ریاضی,1541,530,منطقه 2,مهندسی عمران,دانشگاه صنعتی امیرکبیر - تهران
1393,ریاضی,1541,896,منطقه 1,دکترای پیوسته فیزیک,مرکز تحصیلات تکمیلی در علوم پایه زنجان
1393,ریاضی,1541,896,منطقه 1,مهندسی هوا فضا,دانشگاه صنعتی امیرکبیر - تهران
1393,ریاضی,1545,532,منطقه 2,مهندسی برق,دانشگاه یزد
1393,ریاضی,1545,532,منطقه 2,مهندسی مکانیک,دانشگاه علم و صنعت ایران - تهران
1393,ریاضی,1548,81,منطقه 3,مهندسی هوا فضا,دانشگاه صنعتی شریف - تهران
1393,ریاضی,1548,899,منطقه 1,مهندسی مکانیک,دانشگاه صنعتی اصفهان
1393,ریاضی,1548,899,منطقه 1,مهندسی پزشکی,دانشگاه صنعتی امیرکبیر - تهران
1393,ریاضی,1552,82,منطقه 3,مهندسی برق,دانشگاه تهران
1393,ریاضی,1552,535,منطقه 2,مهندسی برق,دانشگاه علم و صنعت ایران - تهران
1393,ریاضی,1552,901,منطقه 1,مهندسی برق,دانشگاه صنعتی خواجه نصیرالدین طوسی - تهران
1393,ریاضی,1554,536,منطقه 2,علوم کامپیوتر,دانشگاه صنعتی شریف - تهران
1393,ریاضی,1554,536,منطقه 2,مهندسی نفت,دانشگاه صنعتی امیرکبیر - تهران
1393,ریاضی,1558,904,منطقه 1,مهندسی عمران,دانشگاه صنعتی خواجه نصیرالدین طوسی - تهران
1393,ریاضی,1558,904,منطقه 1,مهندسی هوا فضا,دانشگاه صنعتی خواجه نصیرالدین طوسی - تهران
1393,ریاضی,1561,539,منطقه 2,مهندسی برق,دانشگاه علم و صنعت ایران - تهران
1393,ریاضی,1561,539,منطقه 2,مهندسی مکانیک,دانشگاه صنعتی امیرکبیر - تهران
1393,ریاضی,1563,906,منطقه 1,مهندسی معماری,دانشگاه علم و صنعت ایران - تهران
1393,ریاضی,1564,907,منطقه 1,مهندسی صنایع,دانشگاه صنعتی امیرکبیر - تهران
1393,ریاضی,1566,908,منطقه 1,مهندسی کامپیوتر,دانشگاه علم و صنعت ایران - تهران
1393,ریاضی,1568,910,منطقه 1,علوم کامپیوتر,دانشگاه تهران
1393,ریاضی,1570,541,منطقه 2,مهندسی هوا فضا,دانشگاه صنعتی شریف - تهران
1393,ریاضی,1570,912,منطقه 1,مهندسی عمران,دانشگاه صنعتی اصفهان
1393,ریاضی,1574,542,منطقه 2,مهندسی هوا فضا,دانشگاه صنعتی امیرکبیر - تهران
1393,ریاضی,1574,914,منطقه 1,مهندسی هوا فضا,دانشگاه صنعتی خواجه نصیرالدین طوسی - تهران
1393,ریاضی,1574,914,منطقه 1,مهندسی پزشکی,دانشگاه صنعتی امیرکبیر - تهران
1393,ریاضی,1576,916,منطقه 1,مهندسی مکانیک,دانشگاه علم و صنعت ایران - تهران
1393,ریاضی,1579,83,منطقه 3,مهندسی برق,دانشگاه تهران
1393,ریاضی,1579,543,منطقه 2,مهندسی نفت,دانشگاه صنعتی امیرکبیر - تهران
1393,ریاضی,1579,918,منطقه 1,مهندسی برق,دانشگاه صنعتی خواجه نصیرالدین طوسی - تهران
1393,ریاضی,1583,544,منطقه 2,مهندسی کامپیوتر,دانشگاه تهران
1393,ریاضی,1583,920,منطقه 1,مهندسی برق,دانشگاه صنعتی خواجه نصیرالدین طوسی - تهران
1393,ریاضی,1587,84,منطقه 3,مهندسی نفت,دانشگاه صنعتی شریف - تهران
1393,ریاضی,1587,546,منطقه 2,مهندسی هوا فضا,دانشگاه صنعتی شریف - تهران
1393,ریاضی,1590,547,منطقه 2,مهندسی هوا فضا,دانشگاه صنعتی شریف - تهران
1393,ریاضی,1593,550,منطقه 2,مهندسی برق,دانشگاه علم و صنعت ایران - تهران
1393,ریاضی,1593,550,منطقه 2,مهندسی نفت,دانشگاه صنعتی امیرکبیر - تهران
1393,ریاضی,1593,924,منطقه 1,مهندسی برق,دانشگاه صنعتی اصفهان
1393,ریاضی,1597,926,منطقه 1,مهندسی عمران,دانشگاه فردوسی - مشهد
1393,ریاضی,1597,926,منطقه 1,مهندسی کامپیوتر,دانشگاه شهید بهشتی - تهران
1393,ریاضی,1600,86,منطقه 3,مهندسی برق,دانشگاه تهران
1393,ریاضی,1602,552,منطقه 2,مهندسی برق,دانشگاه صنعتی خواجه نصیرالدین طوسی - تهران
1393,ریاضی,1602,928,منطقه 1,مهندسی معماری,دانشگاه علم و صنعت ایران - تهران
1393,ریاضی,1606,554,منطقه 2,مهندسی هوا فضا,دانشگاه صنعتی شریف - تهران
1393,ریاضی,1606,929,منطقه 1,مهندسی مواد,دانشگاه تهران
1393,ریاضی,1610,87,منطقه 3,مهندسی نفت,دانشگاه صنعت نفت
1393,ریاضی,1612,933,منطقه 1,مهندسی عمران,دانشگاه صنعتی خواجه نصیرالدین طوسی - تهران
1393,ریاضی,1616,556,منطقه 2,مهندسی شیمی,دانشگاه تهران
1393,ریاضی,1616,936,منطقه 1,مهندسی عمران,دانشگاه صنعتی اصفهان
1393,ریاضی,1616,936,منطقه 1,مهندسی معماری,دانشگاه علم و صنعت ایران - تهران
1393,ریاضی,1619,557,منطقه 2,مهندسی صنایع,دانشگاه صنعتی امیرکبیر - تهران
1393,ریاضی,1619,557,منطقه 2,مهندسی عمران,دانشگاه تهران
1393,ریاضی,1621,939,منطقه 1,مهندسی شیمی,دانشگاه تهران
1393,ریاضی,1623,560,منطقه 2,مهندسی عمران,دانشگاه صنعتی امیرکبیر - تهران
1393,ریاضی,1623,940,منطقه 1,مهندسی صنایع,دانشگاه صنعتی امیرکبیر - تهران
1393,ریاضی,1625,88,منطقه 3,مهندسی برق,دانشگاه تهران
1393,ریاضی,1627,561,منطقه 2,علوم کامپیوتر,دانشگاه صنعتی شریف - تهران
1393,ریاضی,1627,561,منطقه 2,مهندسی صنایع,دانشگاه صنعتی شریف - تهران
1393,ریاضی,1629,563,منطقه 2,مهندسی هوا فضا,دانشگاه صنعتی شریف - تهران
1393,ریاضی,1631,942,منطقه 1,فیزیک,دانشگاه صنعتی شریف - تهران
1393,ریاضی,1633,944,منطقه 1,مهندسی پزشکی,دانشگاه صنعتی امیرکبیر - تهران
1393,ریاضی,1634,945,منطقه 1,مهندسی شیمی,دانشگاه تهران
1393,ریاضی,1634,945,منطقه 1,مهندسی عمران,دانشگاه علم و صنعت ایران - تهران
1393,ریاضی,1636,564,منطقه 2,مهندسی هوا فضا,دانشگاه صنعتی امیرکبیر - تهران
1393,ریاضی,1639,566,منطقه 2,مهندسی شیمی,دانشگاه تهران
1393,ریاضی,1639,948,منطقه 1,مهندسی برق,دانشگاه صنعتی اصفهان
1393,ریاضی,1642,950,منطقه 1,مهندسی معماری,دانشگاه علم و صنعت ایران - تهران
1393,ریاضی,1642,950,منطقه 1,مهندسی مکانیک,دانشگاه صنعتی خواجه نصیرالدین طوسی - تهران
1393,ریاضی,1642,950,منطقه 1,مهندسی کامپیوتر,دانشگاه فردوسی - مشهد
1393,ریاضی,1646,954,منطقه 1,مهندسی برق,دانشگاه صنعتی خواجه نصیرالدین طوسی - تهران
1393,ریاضی,1646,954,منطقه 1,مهندسی عمران,دانشگاه علم و صنعت ایران - تهران
1393,ریاضی,1646,954,منطقه 1,مهندسی عمران,دانشگاه فردوسی - مشهد
1393,ریاضی,1646,954,منطقه 1,مهندسی کامپیوتر,دانشگاه علم و صنعت ایران - تهران
1393,ریاضی,1649,567,منطقه 2,مهندسی برق,دانشگاه علم و صنعت ایران - تهران
1393,ریاضی,1651,568,منطقه 2,مهندسی مکانیک,دانشگاه تربیت دبیر شهید رجایی - تهران
1393,ریاضی,1651,957,منطقه 1,مهندسی پزشکی,دانشگاه صنعتی امیرکبیر - تهران
1393,ریاضی,1654,569,منطقه 2,مهندسی برق,دانشگاه صنعتی خواجه نصیرالدین طوسی - تهران
1393,ریاضی,1654,569,منطقه 2,مهندسی برق,دانشگاه علم و صنعت ایران - تهران
1393,ریاضی,1654,959,منطقه 1,مهندسی شیمی,دانشگاه صنعتی امیرکبیر - تهران
1393,ریاضی,1656,571,منطقه 2,مهندسی عمران,دانشگاه علم و صنعت ایران - تهران
1393,ریاضی,1656,960,منطقه 1,مهندسی صنایع,دانشگاه صنعتی امیرکبیر - تهران
1393,ریاضی,1658,961,منطقه 1,مهندسی نفت,دانشگاه صنعتی امیرکبیر - تهران
1393,ریاضی,1661,89,منطقه 3,مهندسی نفت,دانشگاه صنعتی شریف - تهران
1393,ریاضی,1661,572,منطقه 2,مهندسی برق,دانشگاه علم و صنعت ایران - تهران
1393,ریاضی,1663,90,منطقه 3,مهندسی عمران,دانشگاه صنعتی شریف - تهران
1393,ریاضی,1665,575,منطقه 2,مهندسی برق,دانشگاه صنعتی اصفهان
1393,ریاضی,1665,575,منطقه 2,مهندسی عمران,دانشگاه فردوسی - مشهد
1393,ریاضی,1665,575,منطقه 2,مهندسی کامپیوتر,دانشگاه صنعتی امیرکبیر - تهران
1393,ریاضی,1668,964,منطقه 1,مهندسی پلیمر,دانشگاه تهران
1393,ریاضی,1673,578,منطقه 2,مهندسی پزشکی,دانشگاه صنعتی امیرکبیر - تهران
1393,ریاضی,1673,578,منطقه 2,مهندسی کامپیوتر,دانشگاه صنعتی امیرکبیر - تهران
1393,ریاضی,1676,968,منطقه 1,مهندسی شیمی,دانشگاه صنعتی امیرکبیر - تهران
1393,ریاضی,1676,968,منطقه 1,مهندسی عمران,دانشگاه صنعتی خواجه نصیرالدین طوسی - تهران
1393,ریاضی,1679,580,منطقه 2,مهندسی برق,دانشگاه علم و صنعت ایران - تهران
1393,ریاضی,1679,580,منطقه 2,مهندسی پزشکی,دانشگاه صنعتی امیرکبیر - تهران
1393,ریاضی,1679,970,منطقه 1,مهندسی عمران,دانشگاه علم و صنعت ایران - تهران
1393,ریاضی,1681,582,منطقه 2,مهندسی نفت,دانشگاه صنعتی امیرکبیر - تهران
1393,ریاضی,1683,972,منطقه 1,مهندسی برق,دانشگاه صنعتی اصفهان
1393,ریاضی,1683,972,منطقه 1,مهندسی برق,دانشگاه فردوسی - مشهد
1393,ریاضی,1683,972,منطقه 1,مهندسی شیمی,دانشگاه صنعتی امیرکبیر - تهران
1393,ریاضی,1683,972,منطقه 1,مهندسی مکانیک,دانشگاه صنعتی خواجه نصیرالدین طوسی - تهران
1393,ریاضی,1686,583,منطقه 2,مهندسی معماری,دانشگاه علم و صنعت ایران - تهران
1393,ریاضی,1686,975,منطقه 1,مهندسی عمران,دانشگاه صنعتی خواجه نصیرالدین طوسی - تهران
1393,ریاضی,1688,584,منطقه 2,مهندسی شیمی,دانشگاه تهران
1393,ریاضی,1688,584,منطقه 2,مهندسی کامپیوتر,دانشگاه صنعتی امیرکبیر - تهران
1393,ریاضی,1690,586,منطقه 2,مهندسی مکانیک,دانشگاه علم و صنعت ایران - تهران
1393,ریاضی,1691,976,منطقه 1,مهندسی صنایع,دانشگاه صنعتی امیرکبیر - تهران
1393,ریاضی,1691,976,منطقه 1,مهندسی پلیمر,دانشگاه تهران
1393,ریاضی,1694,587,منطقه 2,مهندسی صنایع,دانشگاه صنعتی امیرکبیر - تهران
1393,ریاضی,1694,978,منطقه 1,مهندسی مواد,دانشگاه تهران
1393,ریاضی,1696,980,منطقه 1,مهندسی کامپیوتر,دانشگاه صنعتی اصفهان
1393,ریاضی,1699,982,منطقه 1,مهندسی برق,دانشگاه صنعتی اصفهان
1393,ریاضی,1701,984,منطقه 1,مهندسی پزشکی,دانشگاه صنعتی امیرکبیر - تهران
1393,ریاضی,1703,589,منطقه 2,مهندسی مکانیک,دانشگاه صنعتی خواجه نصیرالدین طوسی - تهران
1393,ریاضی,1703,985,منطقه 1,مهندسی کامپیوتر,دانشگاه علم و صنعت ایران - تهران
1393,ریاضی,1707,591,منطقه 2,مهندسی صنایع,دانشگاه تهران
1393,ریاضی,1707,591,منطقه 2,مهندسی مکانیک,دانشگاه صنعتی اصفهان
1393,ریاضی,1707,591,منطقه 2,مهندسی نفت,دانشگاه صنعتی امیرکبیر - تهران
1393,ریاضی,1707,987,منطقه 1,مهندسی کامپیوتر,دانشگاه علم و صنعت ایران - تهران
1393,ریاضی,1710,988,منطقه 1,مهندسی معماری,دانشگاه علم و صنعت ایران - تهران
1393,ریاضی,1712,989,منطقه 1,مهندسی پزشکی,دانشگاه صنعتی امیرکبیر - تهران
1393,ریاضی,1714,595,منطقه 2,دبیری ریاضی,پردیس شهید هاشمی نژاد - مشهد
1393,ریاضی,1714,595,منطقه 2,مهندسی شیمی,دانشگاه تهران
1393,ریاضی,1714,990,منطقه 1,مهندسی برق,دانشگاه صنعتی اصفهان
1393,ریاضی,1717,992,منطقه 1,مهندسی صنایع,دانشگاه صنعتی امیرکبیر - تهران
1393,ریاضی,1717,992,منطقه 1,مهندسی مکانیک,دانشگاه صنعتی خواجه نصیرالدین طوسی - تهران
1393,ریاضی,1720,597,منطقه 2,مهندسی مکانیک,دانشگاه شیراز
1393,ریاضی,1720,994,منطقه 1,مهندسی عمران,دانشگاه فردوسی - مشهد
1393,ریاضی,1720,994,منطقه 1,مهندسی مکانیک,دانشگاه صنعتی خواجه نصیرالدین طوسی - تهران
1393,ریاضی,1724,599,منطقه 2,مهندسی مکانیک,دانشگاه صنعتی خواجه نصیرالدین طوسی - تهران
1393,ریاضی,1724,996,منطقه 1,مهندسی عمران,دانشگاه فردوسی - مشهد
1393,ریاضی,1727,600,منطقه 2,مهندسی برق,دانشگاه صنعتی اصفهان
1393,ریاضی,1727,600,منطقه 2,مهندسی نفت,دانشگاه صنعتی امیرکبیر - تهران
1393,ریاضی,1727,998,منطقه 1,مهندسی پلیمر,دانشگاه صنعتی امیرکبیر - تهران
1393,ریاضی,1738,91,منطقه 3,مهندسی نفت,دانشگاه صنعتی شریف - تهران
1393,ریاضی,1738,603,منطقه 2,مهندسی پزشکی,دانشگاه اصفهان
1393,ریاضی,1745,604,منطقه 2,مهندسی معماری,دانشگاه یزد
1393,ریاضی,1749,606,منطقه 2,مهندسی مکانیک,دانشگاه علم و صنعت ایران - تهران
1393,ریاضی,1752,608,منطقه 2,مهندسی برق,دانشگاه صنعتی خواجه نصیرالدین طوسی - تهران
1393,ریاضی,1752,608,منطقه 2,مهندسی کامپیوتر,دانشگاه شهید بهشتی - تهران
1393,ریاضی,1755,92,منطقه 3,مهندسی شیمی,دانشگاه صنعتی شریف - تهران
1393,ریاضی,1755,610,منطقه 2,مهندسی مکانیک,دانشگاه صنعتی اصفهان
1393,ریاضی,1760,611,منطقه 2,مهندسی کامپیوتر,دانشگاه صنعتی امیرکبیر - تهران
1393,ریاضی,1766,613,منطقه 2,مهندسی برق,دانشگاه شهید بهشتی - تهران
1393,ریاضی,1770,614,منطقه 2,مهندسی پزشکی,دانشگاه صنعتی امیرکبیر - تهران
1393,ریاضی,1773,616,منطقه 2,مهندسی شیمی,دانشگاه تهران
1393,ریاضی,1777,618,منطقه 2,مهندسی برق,دانشگاه صنعتی خواجه نصیرالدین طوسی - تهران
1393,ریاضی,1777,618,منطقه 2,مهندسی پزشکی,دانشگاه صنعتی امیرکبیر - تهران
1393,ریاضی,1785,621,منطقه 2,مهندسی شیمی,دانشگاه تهران
1393,ریاضی,1785,621,منطقه 2,مهندسی نفت,دانشگاه صنعت نفت
1393,ریاضی,1785,621,منطقه 2,مهندسی پلیمر,دانشگاه صنعتی امیرکبیر - تهران
1393,ریاضی,1790,623,منطقه 2,علوم کامپیوتر,دانشگاه صنعتی شریف - تهران
1393,ریاضی,1794,624,منطقه 2,مهندسی دریا,دانشگاه صنعتی شریف - تهران
1393,ریاضی,1797,625,منطقه 2,مهندسی شیمی,دانشگاه تهران
1393,ریاضی,1800,627,منطقه 2,مهندسی مواد,دانشگاه صنعتی شریف - تهران
1393,ریاضی,1806,630,منطقه 2,مهندسی مکانیک,دانشگاه صنعتی خواجه نصیرالدین طوسی - تهران
1393,ریاضی,1806,630,منطقه 2,مهندسی نفت,دانشگاه صنعتی امیرکبیر - تهران
1393,ریاضی,1806,630,منطقه 2,مهندسی کامپیوتر,دانشگاه صنعتی امیرکبیر - تهران
1393,ریاضی,1811,632,منطقه 2,مهندسی شیمی,دانشگاه صنعتی امیرکبیر - تهران
1393,ریاضی,1811,632,منطقه 2,مهندسی نفت,دانشگاه صنعتی امیرکبیر - تهران
1393,ریاضی,1814,634,منطقه 2,مهندسی شیمی,دانشگاه تهران
1393,ریاضی,1814,634,منطقه 2,مهندسی عمران,دانشگاه صنعتی امیرکبیر - تهران
1393,ریاضی,1818,636,منطقه 2,مهندسی برق,دانشگاه صنعتی خواجه نصیرالدین طوسی - تهران
1393,ریاضی,1818,636,منطقه 2,مهندسی عمران,دانشگاه صنعتی امیرکبیر - تهران
1393,ریاضی,1823,638,منطقه 2,مهندسی مکانیک,دانشگاه صنعت نفت
1393,ریاضی,1825,639,منطقه 2,مهندسی کامپیوتر,دانشگاه صنعتی امیرکبیر - تهران
1393,ریاضی,1829,641,منطقه 2,مهندسی صنایع,دانشگاه صنعتی اصفهان
1393,ریاضی,1838,642,منطقه 2,مهندسی عمران,دانشگاه صنعتی امیرکبیر - تهران
1393,ریاضی,1843,643,منطقه 2,مهندسی هوا فضا,دانشگاه صنعتی امیرکبیر - تهران
1393,ریاضی,1845,644,منطقه 2,دبیری ریاضی,پردیس شهید هاشمی نژاد - مشهد
1393,ریاضی,1848,645,منطقه 2,مهندسی نفت,دانشگاه صنعت نفت
1393,ریاضی,1854,646,منطقه 2,مهندسی پزشکی,دانشگاه صنعتی امیرکبیر - تهران
1393,ریاضی,1859,94,منطقه 3,مهندسی برق,دانشگاه صنعتی امیرکبیر - تهران
1393,ریاضی,1859,648,منطقه 2,مهندسی شیمی,دانشگاه تهران
1393,ریاضی,1859,648,منطقه 2,مهندسی پزشکی,دانشگاه صنعتی امیرکبیر - تهران
1393,ریاضی,1868,653,منطقه 2,مهندسی عمران,دانشگاه علم و صنعت ایران - تهران
1393,ریاضی,1868,653,منطقه 2,مهندسی مکانیک,دانشگاه شهید بهشتی - تهران
1393,ریاضی,1868,653,منطقه 2,مهندسی نفت,دانشگاه صنعتی امیرکبیر - تهران
1393,ریاضی,1873,655,منطقه 2,مهندسی برق,دانشگاه صنعتی خواجه نصیرالدین طوسی - تهران
1393,ریاضی,1878,656,منطقه 2,مهندسی نفت,دانشگاه صنعتی امیرکبیر - تهران
1393,ریاضی,1881,657,منطقه 2,مهندسی نفت,دانشگاه صنعت نفت
1393,ریاضی,1881,657,منطقه 2,مهندسی پزشکی,دانشگاه صنعتی امیرکبیر - تهران
1393,ریاضی,1883,95,منطقه 3,مهندسی عمران,دانشگاه صنعتی شریف - تهران
1393,ریاضی,1883,659,منطقه 2,مهندسی مکانیک,دانشگاه شهید بهشتی - تهران
1393,ریاضی,1887,96,منطقه 3,مهندسی مکانیک,دانشگاه فردوسی - مشهد
1393,ریاضی,1887,661,منطقه 2,مهندسی برق,دانشگاه صنعتی خواجه نصیرالدین طوسی - تهران
1393,ریاضی,1895,664,منطقه 2,دبیری ریاضی,پردیس شهید هاشمی نژاد - مشهد
1393,ریاضی,1895,664,منطقه 2,مهندسی برق,دانشگاه صنعتی خواجه نصیرالدین طوسی - تهران
1393,ریاضی,1895,664,منطقه 2,مهندسی صنایع,دانشگاه تهران
1393,ریاضی,1895,664,منطقه 2,مهندسی مکانیک,دانشگاه علم و صنعت ایران - تهران
1393,ریاضی,1901,667,منطقه 2,مهندسی شیمی,دانشگاه تهران
1393,ریاضی,1909,669,منطقه 2,مهندسی نفت,دانشگاه صنعت نفت
1393,ریاضی,1915,670,منطقه 2,مهندسی مکانیک,دانشگاه علم و صنعت ایران - تهران
1393,ریاضی,1924,673,منطقه 2,مهندسی نفت,دانشگاه صنعت نفت
1393,ریاضی,1931,675,منطقه 2,مهندسی مکانیک,دانشگاه صنعتی خواجه نصیرالدین طوسی - تهران
1393,ریاضی,1935,100,منطقه 3,مهندسی نفت,دانشگاه تهران
1393,ریاضی,1936,676,منطقه 2,مهندسی عمران,دانشگاه علم و صنعت ایران - تهران
1393,ریاضی,1938,677,منطقه 2,مهندسی عمران,دانشگاه علم و صنعت ایران - تهران
1393,ریاضی,1944,101,منطقه 3,مهندسی صنایع,دانشگاه علم و صنعت ایران - تهران
1393,ریاضی,1944,679,منطقه 2,مهندسی شیمی,دانشگاه تهران
1393,ریاضی,1944,679,منطقه 2,مهندسی کامپیوتر,دانشگاه صنعتی امیرکبیر - تهران
1393,ریاضی,1949,102,منطقه 3,مهندسی برق,دانشگاه تهران
1393,ریاضی,1949,681,منطقه 2,مهندسی شیمی,دانشگاه تهران
1393,ریاضی,1949,681,منطقه 2,مهندسی صنایع,دانشگاه صنعتی امیرکبیر - تهران
1393,ریاضی,1956,685,منطقه 2,مهندسی مکانیک,دانشگاه صنعتی خواجه نصیرالدین طوسی - تهران
1393,ریاضی,1956,685,منطقه 2,مهندسی مکانیک,دانشگاه علم و صنعت ایران - تهران
1393,ریاضی,1956,685,منطقه 2,مهندسی هوا فضا,دانشگاه صنعتی امیرکبیر - تهران
1393,ریاضی,1961,688,منطقه 2,مهندسی معماری,دانشگاه علم و صنعت ایران - تهران
1393,ریاضی,1961,688,منطقه 2,مهندسی مکانیک,دانشگاه صنعتی خواجه نصیرالدین طوسی - تهران
1393,ریاضی,1965,690,منطقه 2,مهندسی عمران,دانشگاه علم و صنعت ایران - تهران
1393,ریاضی,1968,103,منطقه 3,مهندسی برق,دانشگاه تهران
1393,ریاضی,1971,691,منطقه 2,مهندسی مکانیک,دانشگاه صنعتی خواجه نصیرالدین طوسی - تهران
1393,ریاضی,1973,692,منطقه 2,مهندسی مکانیک,دانشگاه صنعتی خواجه نصیرالدین طوسی - تهران
1393,ریاضی,1978,694,منطقه 2,مهندسی نفت,دانشگاه صنعت نفت
1393,ریاضی,1978,694,منطقه 2,مهندسی پزشکی,دانشگاه صنعتی امیرکبیر - تهران
1393,ریاضی,1986,697,منطقه 2,مهندسی شیمی,دانشگاه صنعتی امیرکبیر - تهران
1393,ریاضی,1992,104,منطقه 3,مهندسی شیمی,دانشگاه صنعتی شریف - تهران
1393,ریاضی,1993,105,منطقه 3,مهندسی کامپیوتر,دانشگاه تهران
1393,ریاضی,2004,106,منطقه 3,مهندسی برق,دانشگاه تهران
1393,ریاضی,2004,699,منطقه 2,مهندسی مواد,دانشگاه صنعتی شریف - تهران
1393,ریاضی,2008,700,منطقه 2,مهندسی برق,دانشگاه صنعت نفت
1393,ریاضی,2012,701,منطقه 2,مهندسی عمران,دانشگاه تهران
1393,ریاضی,2012,701,منطقه 2,مهندسی مکانیک,دانشگاه صنعتی خواجه نصیرالدین طوسی - تهران
1393,ریاضی,2014,703,منطقه 2,مهندسی مکانیک,دانشگاه شهید بهشتی - تهران
1393,ریاضی,2017,107,منطقه 3,مهندسی برق,دانشگاه تهران
1393,ریاضی,2017,704,منطقه 2,دبیری فیزیک,پردیس شهید بهشتی - مشهد
1393,ریاضی,2017,704,منطقه 2,مهندسی کامپیوتر,دانشگاه صنعتی خواجه نصیرالدین طوسی - تهران
1393,ریاضی,2023,707,منطقه 2,فیزیک,دانشگاه صنعتی شریف - تهران
1393,ریاضی,2023,707,منطقه 2,مهندسی برق,دانشگاه صنعتی خواجه نصیرالدین طوسی - تهران
1393,ریاضی,2023,707,منطقه 2,مهندسی نفت,دانشگاه صنعت نفت
1393,ریاضی,2028,710,منطقه 2,مهندسی عمران,دانشگاه صنعتی اصفهان
1393,ریاضی,2028,710,منطقه 2,مهندسی پزشکی,دانشگاه صنعتی امیرکبیر - تهران
1393,ریاضی,2028,710,منطقه 2,مهندسی کامپیوتر,دانشگاه شهید بهشتی - تهران
1393,ریاضی,2033,714,منطقه 2,مهندسی صنایع,دانشگاه علم و صنعت ایران - تهران
1393,ریاضی,2033,714,منطقه 2,مهندسی عمران,دانشگاه علم و صنعت ایران - تهران
1393,ریاضی,2033,714,منطقه 2,مهندسی مکانیک,دانشگاه علم و صنعت ایران - تهران
1393,ریاضی,2039,716,منطقه 2,مهندسی مکانیک,دانشگاه علم و صنعت ایران - تهران
1393,ریاضی,2042,717,منطقه 2,شیمی,دانشگاه صنعتی شریف - تهران
1393,ریاضی,2045,109,منطقه 3,مهندسی برق,دانشگاه علم و صنعت ایران - تهران
1393,ریاضی,2050,720,منطقه 2,مهندسی شیمی,دانشگاه صنعت نفت
1393,ریاضی,2050,720,منطقه 2,مهندسی عمران,دانشگاه صنعتی خواجه نصیرالدین طوسی - تهران
1393,ریاضی,2053,722,منطقه 2,مهندسی مکانیک,دانشگاه صنعتی خواجه نصیرالدین طوسی - تهران
1393,ریاضی,2053,722,منطقه 2,مهندسی پزشکی,دانشگاه صنعتی امیرکبیر - تهران
1393,ریاضی,2060,724,منطقه 2,مهندسی برق,دانشگاه صنعتی خواجه نصیرالدین طوسی - تهران
1393,ریاضی,2066,725,منطقه 2,مهندسی عمران,دانشگاه صنعتی خواجه نصیرالدین طوسی - تهران
1393,ریاضی,2068,726,منطقه 2,مهندسی عمران,دانشگاه علم و صنعت ایران - تهران
1393,ریاضی,2071,110,منطقه 3,مهندسی نفت,دانشگاه صنعت نفت
1393,ریاضی,2071,110,منطقه 3,مهندسی کامپیوتر,دانشگاه تربیت دبیر شهید رجایی - تهران
1393,ریاضی,2071,727,منطقه 2,مهندسی نفت,دانشگاه صنعت نفت
1393,ریاضی,2074,728,منطقه 2,مهندسی مکانیک,دانشگاه صنعتی خواجه نصیرالدین طوسی - تهران
1393,ریاضی,2077,729,منطقه 2,مهندسی صنایع,دانشگاه علم و صنعت ایران - تهران
1393,ریاضی,2083,730,منطقه 2,مهندسی مکانیک,دانشگاه صنعتی اصفهان
1393,ریاضی,2083,730,منطقه 2,مهندسی کامپیوتر,دانشگاه صنعتی خواجه نصیرالدین طوسی - تهران
1393,ریاضی,2087,732,منطقه 2,مهندسی کامپیوتر,دانشگاه صنعتی امیرکبیر - تهران
1393,ریاضی,2090,733,منطقه 2,مهندسی پزشکی,دانشگاه صنعتی امیرکبیر - تهران
1393,ریاضی,2095,112,منطقه 3,مهندسی عمران,دانشگاه صنعتی شریف - تهران
1393,ریاضی,2095,735,منطقه 2,مهندسی مکانیک,دانشگاه صنعتی خواجه نصیرالدین طوسی - تهران
1393,ریاضی,2095,735,منطقه 2,مهندسی مکانیک,دانشگاه علم و صنعت ایران - تهران
1393,ریاضی,2099,113,منطقه 3,مهندسی عمران,دانشگاه صنعتی شریف - تهران
1393,ریاضی,2102,737,منطقه 2,مهندسی برق,دانشگاه صنعتی خواجه نصیرالدین طوسی - تهران
1393,ریاضی,2102,737,منطقه 2,مهندسی مکانیک,دانشگاه صنعت نفت
1393,ریاضی,2115,740,منطقه 2,مهندسی شیمی,دانشگاه صنعتی امیرکبیر - تهران
1393,ریاضی,2119,114,منطقه 3,مهندسی کامپیوتر,دانشگاه صنعتی امیرکبیر - تهران
1393,ریاضی,2122,742,منطقه 2,مهندسی شیمی,دانشگاه صنعتی امیرکبیر - تهران
1393,ریاضی,2122,742,منطقه 2,مهندسی مکانیک,دانشگاه شیراز
1393,ریاضی,2126,115,منطقه 3,مهندسی برق,دانشگاه علم و صنعت ایران - تهران
1393,ریاضی,2129,116,منطقه 3,مهندسی شیمی,دانشگاه صنعتی شریف - تهران
1393,ریاضی,2129,744,منطقه 2,مهندسی عمران,دانشگاه صنعتی اصفهان
1393,ریاضی,2133,117,منطقه 3,مهندسی عمران,دانشگاه تربیت دبیر شهید رجایی - تهران
1393,ریاضی,2133,745,منطقه 2,مهندسی عمران,دانشگاه علم و صنعت ایران - تهران
1393,ریاضی,2133,745,منطقه 2,مهندسی نفت,دانشگاه شیراز
1393,ریاضی,2140,747,منطقه 2,مهندسی مکانیک,دانشگاه علم و صنعت ایران - تهران
1393,ریاضی,2142,748,منطقه 2,مهندسی مکانیک,دانشگاه علم و صنعت ایران - تهران
1393,ریاضی,2147,750,منطقه 2,مهندسی برق,دانشگاه صنعتی خواجه نصیرالدین طوسی - تهران
1393,ریاضی,2147,750,منطقه 2,مهندسی مکانیک,دانشگاه صنعتی قم
1393,ریاضی,2154,753,منطقه 2,دبیری ریاضی,پردیس بنت الهدی صدر - رشت
1393,ریاضی,2164,757,منطقه 2,مهندسی شیمی,دانشگاه تهران
1393,ریاضی,2166,759,منطقه 2,علوم تربیتی,پردیس شهید هاشمی نژاد - مشهد
1393,ریاضی,2166,759,منطقه 2,مهندسی برق,دانشگاه شهید بهشتی - تهران
1393,ریاضی,2166,759,منطقه 2,مهندسی معماری,دانشگاه شهید بهشتی - تهران
1393,ریاضی,2172,761,منطقه 2,مهندسی صنایع,دانشگاه صنعتی امیرکبیر - تهران
1393,ریاضی,2174,763,منطقه 2,دبیری ریاضی,پردیس بنت الهدی صدر - رشت
1393,ریاضی,2174,763,منطقه 2,مهندسی عمران,دانشگاه یزد
1393,ریاضی,2178,122,منطقه 3,مهندسی مکانیک,دانشگاه صنعتی شریف - تهران
1393,ریاضی,2180,766,منطقه 2,مهندسی هوا فضا,دانشگاه صنعتی امیرکبیر - تهران
1393,ریاضی,2182,123,منطقه 3,مهندسی برق,دانشگاه علم و صنعت ایران - تهران
1393,ریاضی,2190,124,منطقه 3,مهندسی نفت,دانشگاه صنعت نفت
1393,ریاضی,2190,769,منطقه 2,مهندسی صنایع,دانشگاه علم و صنعت ایران - تهران
1393,ریاضی,2197,770,منطقه 2,مهندسی پزشکی,دانشگاه صنعتی امیرکبیر - تهران
1393,ریاضی,2202,125,منطقه 3,مهندسی عمران,دانشگاه تهران
1393,ریاضی,2202,771,منطقه 2,مهندسی مکانیک,دانشگاه صنعتی خواجه نصیرالدین طوسی - تهران
1393,ریاضی,2202,771,منطقه 2,مهندسی کامپیوتر,دانشگاه شهید بهشتی - تهران
1393,ریاضی,2208,773,منطقه 2,مهندسی صنایع,دانشگاه صنعتی امیرکبیر - تهران
1393,ریاضی,2215,775,منطقه 2,مهندسی نفت,دانشگاه صنعت نفت
1393,ریاضی,2218,126,منطقه 3,مهندسی نفت,دانشگاه صنعت نفت
1393,ریاضی,2218,777,منطقه 2,مهندسی مکانیک,دانشگاه صنعتی خواجه نصیرالدین طوسی - تهران
1393,ریاضی,2220,778,منطقه 2,مهندسی عمران,دانشگاه صنعتی خواجه نصیرالدین طوسی - تهران
1393,ریاضی,2220,778,منطقه 2,مهندسی مکانیک,دانشگاه صنعتی خواجه نصیرالدین طوسی - تهران
1393,ریاضی,2225,127,منطقه 3,مهندسی عمران,دانشگاه فردوسی - مشهد
1393,ریاضی,2225,127,منطقه 3,مهندسی هوا فضا,دانشگاه صنعتی شریف - تهران
1393,ریاضی,2225,780,منطقه 2,مهندسی کامپیوتر,دانشگاه علم و صنعت ایران - تهران
1393,ریاضی,2231,129,منطقه 3,مهندسی عمران,دانشگاه تهران
1393,ریاضی,2234,781,منطقه 2,مهندسی شیمی,دانشگاه صنعتی امیرکبیر - تهران
1393,ریاضی,2234,781,منطقه 2,مهندسی کامپیوتر,دانشگاه صنعتی خواجه نصیرالدین طوسی - تهران
1393,ریاضی,2239,783,منطقه 2,مهندسی دریا,دانشگاه صنعتی شریف - تهران
1393,ریاضی,2239,783,منطقه 2,مهندسی مواد,دانشگاه صنعتی شریف - تهران
1393,ریاضی,2246,130,منطقه 3,دبیری فیزیک,پردیس شهید بهشتی - مشهد
1393,ریاضی,2251,785,منطقه 2,مهندسی مکانیک,دانشگاه صنعتی اصفهان
1393,ریاضی,2254,786,منطقه 2,مهندسی هوا فضا,دانشگاه صنعتی امیرکبیر - تهران
1393,ریاضی,2258,132,منطقه 3,مهندسی برق,دانشگاه علم و صنعت ایران - تهران
1393,ریاضی,2258,788,منطقه 2,مهندسی نفت,دانشگاه صنعت نفت
1393,ریاضی,2258,788,منطقه 2,مهندسی هوا فضا,دانشگاه صنعتی امیرکبیر - تهران
1393,ریاضی,2262,790,منطقه 2,مهندسی مکانیک,دانشگاه صنعتی خواجه نصیرالدین طوسی - تهران
1393,ریاضی,2266,133,منطقه 3,مهندسی برق,دانشگاه علم و صنعت ایران - تهران
1393,ریاضی,2266,791,منطقه 2,مهندسی برق,دانشگاه صنعتی خواجه نصیرالدین طوسی - تهران
1393,ریاضی,2271,792,منطقه 2,مهندسی برق,دانشگاه شهید بهشتی - تهران
1393,ریاضی,2271,792,منطقه 2,مهندسی هوا فضا,دانشگاه صنعتی امیرکبیر - تهران
1393,ریاضی,2276,796,منطقه 2,مهندسی شیمی,دانشگاه صنعتی امیرکبیر - تهران
1393,ریاضی,2276,796,منطقه 2,مهندسی صنایع,دانشگاه صنعتی امیرکبیر - تهران
1393,ریاضی,2276,796,منطقه 2,مهندسی عمران,دانشگاه صنعتی خواجه نصیرالدین طوسی - تهران
1393,ریاضی,2276,796,منطقه 2,مهندسی مکانیک,دانشگاه صنعتی خواجه نصیرالدین طوسی - تهران
1393,ریاضی,2283,800,منطقه 2,مهندسی هوا فضا,دانشگاه صنعتی امیرکبیر - تهران
1393,ریاضی,2288,134,منطقه 3,دبیری ریاضی,پردیس نسیبه - تهران
1393,ریاضی,2301,135,منطقه 3,مهندسی شیمی,دانشگاه صنعتی شریف - تهران
1393,ریاضی,2301,803,منطقه 2,مهندسی شیمی,دانشگاه صنعتی امیرکبیر - تهران
1393,ریاضی,2308,804,منطقه 2,مهندسی شیمی,دانشگاه صنعتی امیرکبیر - تهران
1393,ریاضی,2308,804,منطقه 2,مهندسی مکانیک,دانشگاه صنعتی اصفهان
1393,ریاضی,2312,806,منطقه 2,مهندسی برق,دانشگاه صنعتی خواجه نصیرالدین طوسی - تهران
1393,ریاضی,2323,810,منطقه 2,مهندسی شیمی,دانشگاه صنعتی امیرکبیر - تهران
1393,ریاضی,2328,812,منطقه 2,مهندسی مکانیک,دانشگاه صنعتی خواجه نصیرالدین طوسی - تهران
1393,ریاضی,2328,812,منطقه 2,مهندسی کامپیوتر,دانشگاه تربیت دبیر شهید رجایی - تهران
1393,ریاضی,2339,815,منطقه 2,مهندسی مکانیک,دانشگاه صنعتی اصفهان
1393,ریاضی,2341,816,منطقه 2,مهندسی برق,دانشگاه صنعتی اصفهان
1393,ریاضی,2344,818,منطقه 2,مهندسی نفت,دانشگاه صنعت نفت
1393,ریاضی,2344,818,منطقه 2,مهندسی پزشکی,دانشگاه صنعتی امیرکبیر - تهران
1393,ریاضی,2348,820,منطقه 2,مهندسی عمران,دانشگاه صنعتی خواجه نصیرالدین طوسی - تهران
1393,ریاضی,2353,137,منطقه 3,مهندسی مکانیک,دانشگاه صنعتی خواجه نصیرالدین طوسی - تهران
1393,ریاضی,2353,821,منطقه 2,مهندسی برق,دانشگاه صنعتی خواجه نصیرالدین طوسی - تهران
1393,ریاضی,2358,822,منطقه 2,مهندسی نفت,دانشگاه صنعت نفت
1393,ریاضی,2363,139,منطقه 3,مهندسی نفت,دانشگاه تهران
1393,ریاضی,2369,825,منطقه 2,مهندسی کامپیوتر,دانشگاه تربیت دبیر شهید رجایی - تهران
1393,ریاضی,2373,826,منطقه 2,مهندسی مکانیک,دانشگاه صنعتی خواجه نصیرالدین طوسی - تهران
1393,ریاضی,2378,828,منطقه 2,مهندسی برق,دانشگاه شیراز
1393,ریاضی,2378,828,منطقه 2,مهندسی برق,دانشگاه صنعتی خواجه نصیرالدین طوسی - تهران
1393,ریاضی,2381,830,منطقه 2,مهندسی مکانیک,دانشگاه صنعتی خواجه نصیرالدین طوسی - تهران
1393,ریاضی,2388,831,منطقه 2,مهندسی پلیمر,دانشگاه تهران
1393,ریاضی,2388,831,منطقه 2,مهندسی پلیمر,دانشگاه صنعتی امیرکبیر - تهران
1393,ریاضی,2392,833,منطقه 2,مهندسی مکانیک,دانشگاه صنعتی خواجه نصیرالدین طوسی - تهران
1393,ریاضی,2392,833,منطقه 2,مهندسی پلیمر,دانشگاه تهران
1393,ریاضی,2401,141,منطقه 3,مهندسی برق,دانشگاه علم و صنعت ایران - تهران
1393,ریاضی,2401,141,منطقه 3,مهندسی هوا فضا,دانشگاه صنعتی شریف - تهران
1393,ریاضی,2401,836,منطقه 2,مهندسی برق,دانشگاه شهید بهشتی - تهران
1393,ریاضی,2401,836,منطقه 2,مهندسی هوا فضا,دانشگاه صنعتی امیرکبیر - تهران
1393,ریاضی,2406,838,منطقه 2,مهندسی مکانیک,دانشگاه فردوسی - مشهد
1393,ریاضی,2409,840,منطقه 2,مهندسی صنایع,دانشگاه صنعتی امیرکبیر - تهران
1393,ریاضی,2413,841,منطقه 2,مهندسی برق,دانشگاه صنعتی خواجه نصیرالدین طوسی - تهران
1393,ریاضی,2413,841,منطقه 2,مهندسی شیمی,دانشگاه صنعتی امیرکبیر - تهران
1393,ریاضی,2416,844,منطقه 2,مهندسی صنایع,دانشگاه علم و صنعت ایران - تهران
1393,ریاضی,2416,844,منطقه 2,مهندسی کامپیوتر,دانشگاه علم و صنعت ایران - تهران
1393,ریاضی,2422,143,منطقه 3,مهندسی برق,دانشگاه علم و صنعت ایران - تهران
1393,ریاضی,2422,847,منطقه 2,مهندسی عمران,دانشگاه صنعتی خواجه نصیرالدین طوسی - تهران
1393,ریاضی,2422,847,منطقه 2,مهندسی مکانیک,دانشگاه صنعتی خواجه نصیرالدین طوسی - تهران
1393,ریاضی,2422,847,منطقه 2,مهندسی هوا فضا,دانشگاه صنعتی امیرکبیر - تهران
1393,ریاضی,2427,849,منطقه 2,مهندسی پلیمر,دانشگاه صنعتی امیرکبیر - تهران
1393,ریاضی,2431,850,منطقه 2,مهندسی برق,دانشگاه صنعتی خواجه نصیرالدین طوسی - تهران
1393,ریاضی,2435,144,منطقه 3,مهندسی برق,دانشگاه علم و صنعت ایران - تهران
1393,ریاضی,2435,144,منطقه 3,مهندسی شیمی,دانشگاه صنعتی شریف - تهران
1393,ریاضی,2435,852,منطقه 2,مهندسی برق,دانشگاه صنعتی اصفهان
1393,ریاضی,2435,852,منطقه 2,مهندسی مواد,دانشگاه صنعتی شریف - تهران
1393,ریاضی,2446,854,منطقه 2,مهندسی برق,دانشگاه شهید بهشتی - تهران
1393,ریاضی,2450,146,منطقه 3,مهندسی عمران,دانشگاه تهران
1393,ریاضی,2450,856,منطقه 2,مهندسی برق,دانشگاه صنعتی خواجه نصیرالدین طوسی - تهران
1393,ریاضی,2457,148,منطقه 3,مهندسی عمران,دانشگاه صنعتی امیرکبیر - تهران
1393,ریاضی,2457,148,منطقه 3,مهندسی نفت,دانشگاه صنعتی امیرکبیر - تهران
1393,ریاضی,2457,858,منطقه 2,مهندسی برق,دانشگاه صنعتی خواجه نصیرالدین طوسی - تهران
1393,ریاضی,2462,150,منطقه 3,مهندسی شیمی,دانشگاه صنعتی شریف - تهران
1393,ریاضی,2465,860,منطقه 2,کارشناسی ارشد علوم قضایی,دانشگاه علوم قضایی و خدمات ادارای دادگستری
1393,ریاضی,2469,152,منطقه 3,دکترای پیوسته فیزیک,مرکز تحصیلات تکمیلی در علوم پایه زنجان
1393,ریاضی,2469,152,منطقه 3,مهندسی برق,دانشگاه صنعتی امیرکبیر - تهران
1393,ریاضی,2469,152,منطقه 3,مهندسی مکانیک,دانشگاه صنعتی امیرکبیر - تهران
1393,ریاضی,2476,154,منطقه 3,مهندسی نفت,دانشگاه صنعت نفت
1393,ریاضی,2476,861,منطقه 2,مهندسی هوا فضا,دانشگاه صنعتی امیرکبیر - تهران
1393,ریاضی,2485,155,منطقه 3,مهندسی عمران,دانشگاه تهران
1393,ریاضی,2489,864,منطقه 2,علوم کامپیوتر,دانشگاه صنعتی شریف - تهران
1393,ریاضی,2493,866,منطقه 2,مهندسی عمران,دانشگاه تهران
1393,ریاضی,2497,157,منطقه 3,مهندسی کامپیوتر,دانشگاه تهران
1393,ریاضی,2497,867,منطقه 2,مهندسی برق,دانشگاه شهید بهشتی - تهران
1393,ریاضی,2504,870,منطقه 2,مهندسی مواد,دانشگاه صنعتی شریف - تهران
1393,ریاضی,2504,870,منطقه 2,مهندسی مکانیک,دانشگاه شهید بهشتی - تهران
1393,ریاضی,2504,870,منطقه 2,مهندسی پلیمر,دانشگاه تهران
1393,ریاضی,2509,872,منطقه 2,مهندسی معماری,دانشگاه هنر اصفهان
1393,ریاضی,2509,872,منطقه 2,مهندسی مکانیک,دانشگاه شهید بهشتی - تهران
1393,ریاضی,2522,158,منطقه 3,مهندسی مکانیک,دانشگاه صنعتی امیرکبیر - تهران
1393,ریاضی,2522,876,منطقه 2,مهندسی صنایع,دانشگاه صنعتی امیرکبیر - تهران
1393,ریاضی,2522,876,منطقه 2,مهندسی عمران,دانشگاه صنعتی اصفهان
1393,ریاضی,2527,159,منطقه 3,مهندسی برق,دانشگاه علم و صنعت ایران - تهران
1393,ریاضی,2527,879,منطقه 2,مهندسی برق,دانشگاه صنعتی خواجه نصیرالدین طوسی - تهران
1393,ریاضی,2531,882,منطقه 2,مهندسی برق,دانشگاه صنعتی خواجه نصیرالدین طوسی - تهران
1393,ریاضی,2532,883,منطقه 2,مهندسی هوا فضا,دانشگاه صنعتی امیرکبیر - تهران
1393,ریاضی,2535,884,منطقه 2,مهندسی شیمی,دانشگاه علم و صنعت ایران - تهران
1393,ریاضی,2538,885,منطقه 2,مهندسی نفت,دانشگاه صنعت نفت
1393,ریاضی,2541,886,منطقه 2,مهندسی برق,دانشگاه صنعتی خواجه نصیرالدین طوسی - تهران
1393,ریاضی,2545,887,منطقه 2,مهندسی عمران,دانشگاه صنعتی اصفهان
1393,ریاضی,2549,163,منطقه 3,مهندسی عمران,دانشگاه تهران
1393,ریاضی,2549,163,منطقه 3,مهندسی هوا فضا,دانشگاه صنعتی شریف - تهران
1393,ریاضی,2551,889,منطقه 2,مهندسی هوا فضا,دانشگاه صنعتی امیرکبیر - تهران
1393,ریاضی,2553,165,منطقه 3,مهندسی برق,دانشگاه علم و صنعت ایران - تهران
1393,ریاضی,2559,166,منطقه 3,مهندسی صنایع,دانشگاه صنعتی شریف - تهران
1393,ریاضی,2559,890,منطقه 2,مهندسی مکانیک,دانشگاه صنعتی خواجه نصیرالدین طوسی - تهران
1393,ریاضی,2563,891,منطقه 2,مهندسی نفت,دانشگاه صنعت نفت
1393,ریاضی,2565,893,منطقه 2,مهندسی برق,دانشگاه صنعتی خواجه نصیرالدین طوسی - تهران
1393,ریاضی,2565,893,منطقه 2,مهندسی صنایع,دانشگاه صنعتی امیرکبیر - تهران
1393,ریاضی,2569,895,منطقه 2,مهندسی صنایع,دانشگاه صنعتی خواجه نصیرالدین طوسی - تهران
1393,ریاضی,2569,895,منطقه 2,مهندسی معماری,دانشگاه علم و صنعت ایران - تهران
1393,ریاضی,2574,897,منطقه 2,علوم کامپیوتر,دانشگاه صنعتی شریف - تهران
1393,ریاضی,2582,899,منطقه 2,مهندسی معماری,دانشگاه علم و صنعت ایران - تهران
1393,ریاضی,2582,899,منطقه 2,مهندسی پلیمر,دانشگاه تهران
1393,ریاضی,2587,901,منطقه 2,مهندسی عمران,دانشگاه یزد
1393,ریاضی,2592,168,منطقه 3,مهندسی شیمی,دانشگاه صنعتی شریف - تهران
1393,ریاضی,2595,902,منطقه 2,مهندسی پزشکی,دانشگاه صنعتی امیرکبیر - تهران
1393,ریاضی,2596,903,منطقه 2,مهندسی برق,دانشگاه صنعتی خواجه نصیرالدین طوسی - تهران
1393,ریاضی,2608,905,منطقه 2,فیزیک,دانشگاه صنعتی شریف - تهران
1393,ریاضی,2611,906,منطقه 2,مهندسی شیمی,دانشگاه علم و صنعت ایران - تهران
1393,ریاضی,2613,907,منطقه 2,مهندسی عمران,دانشگاه صنعتی اصفهان
1393,ریاضی,2615,909,منطقه 2,مهندسی مکانیک,دانشگاه شهید بهشتی - تهران
1393,ریاضی,2615,909,منطقه 2,مهندسی پلیمر,دانشگاه تهران
1393,ریاضی,2619,169,منطقه 3,مهندسی صنایع,دانشگاه صنعتی شریف - تهران
1393,ریاضی,2621,911,منطقه 2,مهندسی نفت,دانشگاه تهران
1393,ریاضی,2625,170,منطقه 3,مهندسی کامپیوتر,دانشگاه صنعتی امیرکبیر - تهران
1393,ریاضی,2625,913,منطقه 2,علوم تربیتی,پردیس شهید باهنر - همدان
1393,ریاضی,2630,171,منطقه 3,مهندسی عمران,دانشگاه تهران
1393,ریاضی,2630,171,منطقه 3,مهندسی نفت,دانشگاه تهران
1393,ریاضی,2630,915,منطقه 2,مهندسی نفت,دانشگاه صنعت نفت
1393,ریاضی,2634,916,منطقه 2,مهندسی معماری,دانشگاه هنر تهران
1393,ریاضی,2634,916,منطقه 2,مهندسی کامپیوتر,دانشگاه صنعتی خواجه نصیرالدین طوسی - تهران
1393,ریاضی,2637,918,منطقه 2,مهندسی برق,دانشگاه صنعتی خواجه نصیرالدین طوسی - تهران
1393,ریاضی,2637,918,منطقه 2,مهندسی مواد,دانشگاه صنعتی شریف - تهران
1393,ریاضی,2640,173,منطقه 3,مهندسی نفت,دانشگاه صنعت نفت
1393,ریاضی,2640,920,منطقه 2,مهندسی برق,دانشگاه صنعتی خواجه نصیرالدین طوسی - تهران
1393,ریاضی,2644,923,منطقه 2,مهندسی صنایع,دانشگاه علم و صنعت ایران - تهران
1393,ریاضی,2644,923,منطقه 2,مهندسی عمران,دانشگاه فردوسی - مشهد
1393,ریاضی,2644,923,منطقه 2,مهندسی مواد,دانشگاه صنعتی شریف - تهران
1393,ریاضی,2648,925,منطقه 2,مهندسی پزشکی,دانشگاه صنعتی امیرکبیر - تهران
1393,ریاضی,2651,926,منطقه 2,مهندسی برق,دانشگاه صنعتی خواجه نصیرالدین طوسی - تهران
1393,ریاضی,2651,926,منطقه 2,مهندسی عمران,دانشگاه تهران
1393,ریاضی,2653,928,منطقه 2,مهندسی مواد,دانشگاه صنعتی شریف - تهران
1393,ریاضی,2653,928,منطقه 2,مهندسی نفت,دانشگاه صنعت نفت
1393,ریاضی,2657,174,منطقه 3,مهندسی عمران,دانشگاه شهید بهشتی - تهران
1393,ریاضی,2657,930,منطقه 2,مهندسی برق,دانشگاه صنعتی اصفهان
1393,ریاضی,2662,931,منطقه 2,مهندسی عمران,دانشگاه صنعتی خواجه نصیرالدین طوسی - تهران
1393,ریاضی,2666,932,منطقه 2,مهندسی برق,دانشگاه صنعتی خواجه نصیرالدین طوسی - تهران
1393,ریاضی,2671,935,منطقه 2,مهندسی شیمی,دانشگاه صنعت نفت
1393,ریاضی,2671,935,منطقه 2,مهندسی عمران,دانشگاه صنعتی خواجه نصیرالدین طوسی - تهران
1393,ریاضی,2671,935,منطقه 2,مهندسی کامپیوتر,دانشگاه الزهرا(س) - تهران
1393,ریاضی,2678,176,منطقه 3,مهندسی مکانیک,دانشگاه تهران
1393,ریاضی,2678,939,منطقه 2,فیزیک,دانشگاه صنعتی شریف - تهران
1393,ریاضی,2678,939,منطقه 2,مهندسی شیمی,دانشگاه علم و صنعت ایران - تهران
1393,ریاضی,2678,939,منطقه 2,مهندسی صنایع,دانشگاه صنعتی خواجه نصیرالدین طوسی - تهران
1393,ریاضی,2678,939,منطقه 2,مهندسی مکانیک,دانشگاه صنعتی اصفهان
1393,ریاضی,2678,939,منطقه 2,مهندسی پزشکی,دانشگاه صنعتی امیرکبیر - تهران
1393,ریاضی,2685,177,منطقه 3,مهندسی شیمی,دانشگاه صنعتی شریف - تهران
1393,ریاضی,2685,944,منطقه 2,مهندسی عمران,دانشگاه فردوسی - مشهد
1393,ریاضی,2685,944,منطقه 2,مهندسی مکانیک,دانشگاه صنعتی خواجه نصیرالدین طوسی - تهران
1393,ریاضی,2693,178,منطقه 3,مهندسی صنایع,دانشگاه صنعتی شریف - تهران
1393,ریاضی,2693,947,منطقه 2,مهندسی نفت,دانشگاه صنعت نفت
1393,ریاضی,2698,179,منطقه 3,مهندسی برق,دانشگاه صنعتی امیرکبیر - تهران
1393,ریاضی,2698,179,منطقه 3,مهندسی برق,دانشگاه علم و صنعت ایران - تهران
1393,ریاضی,2702,949,منطقه 2,مهندسی معماری,دانشگاه هنر تهران
1393,ریاضی,2709,951,منطقه 2,مهندسی برق,دانشگاه صنعتی خواجه نصیرالدین طوسی - تهران
1393,ریاضی,2709,951,منطقه 2,مهندسی عمران,دانشگاه شهید بهشتی - تهران
1393,ریاضی,2709,951,منطقه 2,مهندسی عمران,دانشگاه صنعتی اصفهان
1393,ریاضی,2716,954,منطقه 2,مهندسی ایمنی,دانشگاه صنعت نفت
1393,ریاضی,2716,954,منطقه 2,مهندسی برق,دانشگاه صنعتی خواجه نصیرالدین طوسی - تهران
1393,ریاضی,2716,954,منطقه 2,مهندسی مکانیک,دانشگاه صنعتی اصفهان
1393,ریاضی,2720,957,منطقه 2,مهندسی صنایع,دانشگاه علم و صنعت ایران - تهران
1393,ریاضی,2720,957,منطقه 2,مهندسی نفت,دانشگاه صنعت نفت
1393,ریاضی,2725,182,منطقه 3,مهندسی شیمی,دانشگاه صنعتی شریف - تهران
1393,ریاضی,2725,959,منطقه 2,مهندسی صنایع,دانشگاه صنعتی خواجه نصیرالدین طوسی - تهران
1393,ریاضی,2725,959,منطقه 2,مهندسی نفت,دانشگاه صنعت نفت
1393,ریاضی,2729,183,منطقه 3,مهندسی نفت,دانشگاه تهران
1393,ریاضی,2729,961,منطقه 2,مهندسی عمران,دانشگاه شهید بهشتی - تهران
1393,ریاضی,2733,963,منطقه 2,دبیری فیزیک,پردیس نسیبه - تهران
1393,ریاضی,2733,963,منطقه 2,فیزیک,دانشگاه صنعتی شریف - تهران
1393,ریاضی,2733,963,منطقه 2,مهندسی برق,دانشگاه شهید بهشتی - تهران
1393,ریاضی,2737,966,منطقه 2,مهندسی برق,دانشگاه صنعتی اصفهان
1393,ریاضی,2742,184,منطقه 3,مهندسی نفت,دانشگاه صنعتی امیرکبیر - تهران
1393,ریاضی,2742,968,منطقه 2,مهندسی مواد,دانشگاه صنعتی شریف - تهران
1393,ریاضی,2742,968,منطقه 2,مهندسی پزشکی,دانشگاه صنعتی امیرکبیر - تهران
1393,ریاضی,2752,186,منطقه 3,مهندسی برق,دانشگاه علم و صنعت ایران - تهران
1393,ریاضی,2752,972,منطقه 2,مدیریت دولتی,دانشگاه تهران
1393,ریاضی,2752,972,منطقه 2,مهندسی مواد,دانشگاه صنعتی شریف - تهران
1393,ریاضی,2752,972,منطقه 2,مهندسی کامپیوتر,دانشگاه علم و صنعت ایران - تهران
1393,ریاضی,2758,974,منطقه 2,مهندسی مکانیک,دانشگاه صنعتی خواجه نصیرالدین طوسی - تهران
1393,ریاضی,2761,975,منطقه 2,فیزیک,دانشگاه صنعتی شریف - تهران
1393,ریاضی,2764,977,منطقه 2,مهندسی مواد,دانشگاه صنعتی شریف - تهران
1393,ریاضی,2764,977,منطقه 2,مهندسی نفت,دانشگاه صنعت نفت
1393,ریاضی,2764,977,منطقه 2,مهندسی کامپیوتر,دانشگاه شهید بهشتی - تهران
1393,ریاضی,2768,188,منطقه 3,مهندسی برق,دانشگاه علم و صنعت ایران - تهران
1393,ریاضی,2768,188,منطقه 3,مهندسی معماری,دانشگاه تربیت دبیر شهید رجایی - تهران
1393,ریاضی,2773,980,منطقه 2,مهندسی برق,دانشگاه شهید بهشتی - تهران
1393,ریاضی,2773,980,منطقه 2,مهندسی مکانیک,دانشگاه صنعتی خواجه نصیرالدین طوسی - تهران
1393,ریاضی,2778,190,منطقه 3,مهندسی عمران,دانشگاه صنعتی امیرکبیر - تهران
1393,ریاضی,2778,982,منطقه 2,مهندسی شیمی,دانشگاه علم و صنعت ایران - تهران
1393,ریاضی,2780,191,منطقه 3,مهندسی نفت,دانشگاه تهران
1393,ریاضی,2780,983,منطقه 2,مهندسی پزشکی,دانشگاه صنعتی امیرکبیر - تهران
1393,ریاضی,2785,984,منطقه 2,مهندسی شیمی,دانشگاه علم و صنعت ایران - تهران
1393,ریاضی,2785,984,منطقه 2,مهندسی کامپیوتر,دانشگاه علم و صنعت ایران - تهران
1393,ریاضی,2798,986,منطقه 2,مهندسی پلیمر,دانشگاه صنعتی امیرکبیر - تهران
1393,ریاضی,2803,987,منطقه 2,مهندسی برق,دانشگاه صنعتی خواجه نصیرالدین طوسی - تهران
1393,ریاضی,2807,988,منطقه 2,مهندسی شیمی,دانشگاه علم و صنعت ایران - تهران
1393,ریاضی,2807,988,منطقه 2,مهندسی پزشکی,دانشگاه صنعتی امیرکبیر - تهران
1393,ریاضی,2814,990,منطقه 2,مهندسی مکانیک,دانشگاه شیراز
1393,ریاضی,2817,193,منطقه 3,مهندسی عمران,دانشگاه گیلان - رشت
1393,ریاضی,2820,991,منطقه 2,مهندسی کامپیوتر,دانشگاه یزد
1393,ریاضی,2824,992,منطقه 2,مهندسی مکانیک,دانشگاه صنعتی خواجه نصیرالدین طوسی - تهران
1393,ریاضی,2830,194,منطقه 3,مهندسی پلیمر,دانشگاه تهران
1393,ریاضی,2830,995,منطقه 2,مهندسی شیمی,دانشگاه علم و صنعت ایران - تهران
1393,ریاضی,2830,995,منطقه 2,مهندسی پزشکی,دانشگاه صنعتی امیرکبیر - تهران
1393,ریاضی,2830,995,منطقه 2,مهندسی کامپیوتر,دانشگاه علم و صنعت ایران - تهران
1393,ریاضی,2839,195,منطقه 3,مهندسی شیمی,دانشگاه صنعتی شریف - تهران
1393,ریاضی,2844,999,منطقه 2,علوم کامپیوتر,دانشگاه صنعتی شریف - تهران
1393,ریاضی,2844,999,منطقه 2,مهندسی معماری,دانشگاه تربیت دبیر شهید رجایی - تهران
1393,ریاضی,2854,196,منطقه 3,مهندسی مکانیک,دانشگاه شیراز
1393,ریاضی,2868,197,منطقه 3,مهندسی کامپیوتر,دانشگاه تبریز
1393,ریاضی,2898,199,منطقه 3,مهندسی کامپیوتر,دانشگاه تهران
1393,ریاضی,2928,200,منطقه 3,مهندسی مکانیک,دانشگاه صنعتی امیرکبیر - تهران
1393,ریاضی,2935,201,منطقه 3,مهندسی نفت,دانشگاه صنعت نفت
1393,ریاضی,2943,202,منطقه 3,مهندسی عمران,دانشگاه صنعتی امیرکبیر - تهران
1393,ریاضی,2967,204,منطقه 3,مهندسی شیمی,دانشگاه صنعت نفت
1393,ریاضی,2973,205,منطقه 3,مهندسی مکانیک,دانشگاه صنعتی امیرکبیر - تهران
1393,ریاضی,2977,206,منطقه 3,مهندسی نفت,دانشگاه صنعتی امیرکبیر - تهران
1393,ریاضی,2991,207,منطقه 3,مهندسی نفت,دانشگاه صنعت نفت
1393,ریاضی,3039,212,منطقه 3,مهندسی معماری,دانشگاه تربیت دبیر شهید رجایی - تهران
1393,ریاضی,3060,214,منطقه 3,مهندسی مکانیک,دانشگاه شیراز
1393,ریاضی,3070,215,منطقه 3,مهندسی مکانیک,دانشگاه تهران
1393,ریاضی,3078,217,منطقه 3,مهندسی برق,دانشگاه صنعتی خواجه نصیرالدین طوسی - تهران
1393,ریاضی,3092,218,منطقه 3,مهندسی عمران,دانشگاه تبریز
1393,ریاضی,3100,219,منطقه 3,دبیری ریاضی,پردیس شهید بهشتی - مشهد
1393,ریاضی,3133,221,منطقه 3,مهندسی برق,دانشگاه صنعتی خواجه نصیرالدین طوسی - تهران
1393,ریاضی,3145,222,منطقه 3,مهندسی مکانیک,دانشگاه صنعتی اصفهان
1393,ریاضی,3165,223,منطقه 3,مهندسی شیمی,دانشگاه تهران
1393,ریاضی,3175,224,منطقه 3,مهندسی شیمی,دانشگاه صنعتی امیرکبیر - تهران
1393,ریاضی,3200,226,منطقه 3,مهندسی معماری,دانشگاه فردوسی - مشهد
1393,ریاضی,3200,226,منطقه 3,مهندسی نفت,دانشگاه صنعت نفت
1393,ریاضی,3205,228,منطقه 3,مهندسی برق,دانشگاه صنعتی خواجه نصیرالدین طوسی - تهران
1393,ریاضی,3229,229,منطقه 3,مهندسی برق,دانشگاه صنعتی خواجه نصیرالدین طوسی - تهران
1393,ریاضی,3241,230,منطقه 3,مهندسی نفت,دانشگاه صنعتی امیرکبیر - تهران
1393,ریاضی,3250,231,منطقه 3,مهندسی صنایع,دانشگاه تهران
1393,ریاضی,3267,232,منطقه 3,مهندسی عمران,دانشگاه صنعتی اصفهان
1393,ریاضی,3267,232,منطقه 3,مهندسی مکانیک,دانشگاه صنعتی امیرکبیر - تهران
1393,ریاضی,3276,234,منطقه 3,مهندسی برق,دانشگاه صنعتی اصفهان
1393,ریاضی,3282,235,منطقه 3,مهندسی کامپیوتر,دانشگاه تهران
1393,ریاضی,3293,236,منطقه 3,مهندسی نفت,دانشگاه صنعت نفت
1393,ریاضی,3297,237,منطقه 3,مهندسی برق,دانشگاه صنعتی خواجه نصیرالدین طوسی - تهران
1393,ریاضی,3333,239,منطقه 3,مهندسی برق,دانشگاه علم و صنعت ایران - تهران
1393,ریاضی,3354,241,منطقه 3,مهندسی مکانیک,دانشگاه اصفهان
1393,ریاضی,3360,243,منطقه 3,مهندسی هوا فضا,دانشگاه صنعتی شریف - تهران
1393,ریاضی,3371,244,منطقه 3,مهندسی مکانیک,دانشگاه تهران
1393,ریاضی,3376,245,منطقه 3,مهندسی مکانیک,دانشگاه گیلان - رشت
1393,ریاضی,3418,246,منطقه 3,مهندسی مکانیک,دانشگاه صنعتی امیرکبیر - تهران
1393,ریاضی,3447,247,منطقه 3,مهندسی شیمی,دانشگاه صنعتی امیرکبیر - تهران
1393,ریاضی,3463,248,منطقه 3,مهندسی نفت,دانشگاه صنعت نفت
1393,ریاضی,3480,249,منطقه 3,مهندسی مکانیک,دانشگاه فردوسی - مشهد
1393,ریاضی,3480,249,منطقه 3,مهندسی نفت,دانشگاه صنعت نفت
1393,ریاضی,3543,251,منطقه 3,مهندسی شیمی,دانشگاه تهران
1393,ریاضی,3549,252,منطقه 3,مهندسی شیمی,دانشگاه تهران
1393,ریاضی,3569,254,منطقه 3,مهندسی مکانیک,دانشگاه صنعتی اصفهان
1393,ریاضی,3582,256,منطقه 3,دبیری فیزیک,پردیس شهید صدوقی - کرمانشاه
1393,ریاضی,3613,257,منطقه 3,مهندسی نفت,دانشگاه صنعت نفت
1393,ریاضی,3617,258,منطقه 3,مهندسی هوا فضا,دانشگاه صنعتی شریف - تهران
1393,ریاضی,3621,259,منطقه 3,مهندسی نفت,دانشگاه تهران
1393,ریاضی,3643,261,منطقه 3,مهندسی کامپیوتر,دانشگاه صنعتی امیرکبیر - تهران
1393,ریاضی,3651,262,منطقه 3,مهندسی شیمی,دانشگاه صنعت نفت
1393,ریاضی,3661,263,منطقه 3,مهندسی برق,دانشگاه صنعتی خواجه نصیرالدین طوسی - تهران
1393,ریاضی,3669,265,منطقه 3,مهندسی نفت,دانشگاه صنعت نفت
1393,ریاضی,3673,266,منطقه 3,مهندسی برق,دانشگاه تربیت دبیر شهید رجایی - تهران
1393,ریاضی,3680,268,منطقه 3,مهندسی کامپیوتر,دانشگاه تهران
1393,ریاضی,3714,270,منطقه 3,مهندسی هوا فضا,دانشگاه صنعتی شریف - تهران
1393,ریاضی,3734,271,منطقه 3,دبیری فیزیک,پردیس نسیبه - تهران
1393,ریاضی,3741,272,منطقه 3,مهندسی برق,دانشگاه صنعتی خواجه نصیرالدین طوسی - تهران
1393,ریاضی,3748,273,منطقه 3,مهندسی ایمنی,دانشگاه صنعت نفت
1393,ریاضی,3748,273,منطقه 3,مهندسی نفت,دانشگاه صنعت نفت
1393,ریاضی,3754,275,منطقه 3,مهندسی هوا فضا,دانشگاه صنعتی شریف - تهران
1393,ریاضی,3761,276,منطقه 3,مهندسی نفت,دانشگاه صنعت نفت
1393,ریاضی,3775,277,منطقه 3,مهندسی مکانیک,دانشگاه صنعت نفت
1393,ریاضی,3791,279,منطقه 3,مهندسی کامپیوتر,دانشگاه صنعتی امیرکبیر - تهران
1393,ریاضی,3795,280,منطقه 3,مهندسی پزشکی,دانشگاه صنعتی امیرکبیر - تهران
1393,ریاضی,3815,281,منطقه 3,مهندسی برق,دانشگاه صنعتی خواجه نصیرالدین طوسی - تهران
1393,ریاضی,3822,283,منطقه 3,مهندسی نفت,دانشگاه صنعت نفت
1393,ریاضی,3832,284,منطقه 3,مهندسی مکانیک,دانشگاه صنعت نفت
1393,ریاضی,3897,286,منطقه 3,مهندسی شیمی,دانشگاه تهران
1393,ریاضی,3908,288,منطقه 3,دبیری ریاضی,پردیس شهید باهنر - اصفهان
1393,ریاضی,3908,288,منطقه 3,مهندسی برق,دانشگاه صنعتی اصفهان
1393,ریاضی,3908,288,منطقه 3,مهندسی عمران,دانشگاه تبریز
1393,ریاضی,3941,290,منطقه 3,مهندسی شیمی,دانشگاه صنعتی امیرکبیر - تهران
1393,ریاضی,3948,291,منطقه 3,مهندسی معماری,دانشگاه شیراز
1393,ریاضی,3970,292,منطقه 3,دبیری فیزیک,پردیس شهید بهشتی - مشهد
1393,ریاضی,3977,293,منطقه 3,معماری داخلی,دانشگاه هنر تهران
1393,ریاضی,3988,294,منطقه 3,مهندسی پزشکی,دانشگاه صنعتی امیرکبیر - تهران
1393,ریاضی,3994,295,منطقه 3,مهندسی برق,دانشگاه صنعتی خواجه نصیرالدین طوسی - تهران
1393,ریاضی,4016,296,منطقه 3,مهندسی برق,دانشگاه صنعتی خواجه نصیرالدین طوسی - تهران
1393,ریاضی,4028,297,منطقه 3,مهندسی پزشکی,دانشگاه صنعتی امیرکبیر - تهران
1393,ریاضی,4089,299,منطقه 3,مهندسی نفت,دانشگاه صنعت نفت
1393,ریاضی,4094,300,منطقه 3,مهندسی برق,دانشگاه صنعتی خواجه نصیرالدین طوسی - تهران
1393,ریاضی,4099,301,منطقه 3,مهندسی مکانیک,دانشگاه شهید باهنر - کرمان
1393,ریاضی,4120,302,منطقه 3,مهندسی شیمی,دانشگاه تهران
1393,ریاضی,4127,303,منطقه 3,مهندسی پزشکی,دانشگاه صنعتی امیرکبیر - تهران
1393,ریاضی,4148,304,منطقه 3,مهندسی مکانیک,دانشگاه صنعتی اصفهان
1393,ریاضی,4160,307,منطقه 3,مهندسی پلیمر,دانشگاه صنعتی امیرکبیر - تهران
1393,ریاضی,4160,307,منطقه 3,مهندسی کامپیوتر,دانشگاه صنعتی امیرکبیر - تهران
1393,ریاضی,4177,309,منطقه 3,مهندسی عمران,دانشگاه صنعتی خواجه نصیرالدین طوسی - تهران
1393,ریاضی,4184,310,منطقه 3,مهندسی صنایع,دانشگاه صنعتی امیرکبیر - تهران
1393,ریاضی,4222,311,منطقه 3,مهندسی مکانیک,دانشگاه صنعتی امیرکبیر - تهران
1393,ریاضی,4278,313,منطقه 3,مهندسی برق,دانشگاه صنعتی خواجه نصیرالدین طوسی - تهران
1393,ریاضی,4298,314,منطقه 3,مهندسی برق,دانشگاه صنعتی خواجه نصیرالدین طوسی - تهران
1393,ریاضی,4312,315,منطقه 3,مهندسی شیمی,دانشگاه تهران
1393,ریاضی,4325,317,منطقه 3,مهندسی شیمی,دانشگاه تهران
1393,ریاضی,4333,318,منطقه 3,مهندسی معماری,دانشگاه تهران
1393,ریاضی,4369,319,منطقه 3,مهندسی برق,دانشگاه صنعتی خواجه نصیرالدین طوسی - تهران
1393,ریاضی,4395,320,منطقه 3,مهندسی برق,دانشگاه صنعتی خواجه نصیرالدین طوسی - تهران
1393,ریاضی,4399,321,منطقه 3,مهندسی عمران,دانشگاه تبریز
1393,ریاضی,4410,323,منطقه 3,مهندسی برق,دانشگاه تبریز
1393,ریاضی,4433,325,منطقه 3,مهندسی مکانیک,دانشگاه صنعت نفت
1393,ریاضی,4439,326,منطقه 3,دبیری فیزیک,پردیس علامه طباطبایی - اردبیل
1393,ریاضی,4446,327,منطقه 3,مهندسی برق,دانشگاه صنعت نفت
1393,ریاضی,4446,327,منطقه 3,مهندسی هوا فضا,دانشگاه صنعتی امیرکبیر - تهران
1393,ریاضی,4479,331,منطقه 3,مهندسی برق,دانشگاه صنعتی خواجه نصیرالدین طوسی - تهران
1393,ریاضی,4485,332,منطقه 3,مهندسی برق,دانشگاه شهید بهشتی - تهران
1393,ریاضی,4485,332,منطقه 3,مهندسی هوا فضا,دانشگاه صنعتی شریف - تهران
1393,ریاضی,4507,334,منطقه 3,مهندسی معماری,دانشگاه شهید باهنر - کرمان
1393,ریاضی,4537,337,منطقه 3,مهندسی برق,دانشگاه تربیت دبیر شهید رجایی - تهران
1393,ریاضی,4568,338,منطقه 3,مهندسی برق,دانشگاه تربیت دبیر شهید رجایی - تهران
1393,ریاضی,4572,339,منطقه 3,مهندسی مکانیک,دانشگاه علم و صنعت ایران - تهران
1393,ریاضی,4587,340,منطقه 3,مهندسی مکانیک,دانشگاه صنعت نفت
1393,ریاضی,4594,341,منطقه 3,مهندسی شیمی,دانشگاه تهران
1393,ریاضی,4606,343,منطقه 3,دبیری ریاضی,پردیس نسیبه - تهران
1393,ریاضی,4637,345,منطقه 3,مهندسی هوا فضا,دانشگاه صنعتی شریف - تهران
1393,ریاضی,4642,346,منطقه 3,مهندسی شیمی,دانشگاه تهران
1393,ریاضی,4650,347,منطقه 3,مهندسی عمران,دانشگاه صنعتی خواجه نصیرالدین طوسی - تهران
1393,ریاضی,4658,348,منطقه 3,علوم قضایی,دانشگاه علوم قضایی و خدمات ادارای دادگستری
1393,ریاضی,4669,350,منطقه 3,مهندسی کامپیوتر,دانشگاه صنعتی امیرکبیر - تهران
1393,ریاضی,4708,352,منطقه 3,مهندسی شیمی,دانشگاه صنعت نفت
1393,ریاضی,4732,354,منطقه 3,مهندسی برق,دانشگاه صنعتی خواجه نصیرالدین طوسی - تهران
1393,ریاضی,4757,356,منطقه 3,مهندسی هوا فضا,دانشگاه صنعتی امیرکبیر - تهران
1393,ریاضی,4763,358,منطقه 3,مهندسی برق,دانشگاه صنعتی اصفهان
1393,ریاضی,4804,361,منطقه 3,مهندسی مکانیک,دانشگاه علم و صنعت ایران - تهران
1393,ریاضی,4816,363,منطقه 3,مهندسی هوا فضا,دانشگاه صنعتی امیرکبیر - تهران
1393,ریاضی,4830,365,منطقه 3,مهندسی شیمی,دانشگاه صنعتی امیرکبیر - تهران
1393,ریاضی,4866,366,منطقه 3,مهندسی شیمی,دانشگاه تهران
1393,ریاضی,4877,368,منطقه 3,مهندسی برق,دانشگاه صنعت نفت
1393,ریاضی,4884,371,منطقه 3,مهندسی برق,دانشگاه صنعتی اصفهان
1393,ریاضی,4884,371,منطقه 3,مهندسی مکانیک,دانشگاه فردوسی - مشهد
1393,ریاضی,4919,373,منطقه 3,مهندسی شیمی,دانشگاه صنعت نفت
1393,ریاضی,4927,375,منطقه 3,دبیری ریاضی,پردیس شهید بهشتی - مشهد
1393,ریاضی,4927,375,منطقه 3,مهندسی برق,دانشگاه صنعتی خواجه نصیرالدین طوسی - تهران
1393,ریاضی,4938,377,منطقه 3,مهندسی مکانیک,دانشگاه فردوسی - مشهد
1393,ریاضی,4945,378,منطقه 3,مهندسی عمران,دانشگاه تبریز
1393,ریاضی,4952,379,منطقه 3,مهندسی برق,دانشگاه شهید چمران اهواز
1393,ریاضی,5041,382,منطقه 3,مهندسی معماری,دانشگاه شهید بهشتی - تهران
1393,ریاضی,5051,383,منطقه 3,مهندسی برق,دانشگاه صنعتی خواجه نصیرالدین طوسی - تهران
1393,ریاضی,5056,384,منطقه 3,مهندسی معماری,دانشگاه علم و صنعت ایران - تهران
1393,ریاضی,5056,384,منطقه 3,مهندسی پزشکی,دانشگاه صنعتی امیرکبیر - تهران
1393,ریاضی,5108,388,منطقه 3,دکترای پیوسته فیزیک,مرکز تحصیلات تکمیلی در علوم پایه زنجان
1393,ریاضی,5125,390,منطقه 3,مهندسی عمران,دانشگاه شهید بهشتی - تهران
1393,ریاضی,5125,390,منطقه 3,مهندسی هوا فضا,دانشگاه صنعتی امیرکبیر - تهران
1393,ریاضی,5145,392,منطقه 3,مهندسی مکانیک,دانشگاه صنعتی خواجه نصیرالدین طوسی - تهران
1393,ریاضی,5150,393,منطقه 3,مهندسی عمران,دانشگاه تهران
1393,ریاضی,5166,394,منطقه 3,مهندسی مواد,دانشگاه صنعتی شریف - تهران
1393,ریاضی,5177,395,منطقه 3,مهندسی هوا فضا,دانشگاه صنعتی امیرکبیر - تهران
1393,ریاضی,5183,396,منطقه 3,مهندسی هوا فضا,دانشگاه صنعتی امیرکبیر - تهران
1393,ریاضی,5191,397,منطقه 3,مهندسی نفت,دانشگاه شیراز
1393,ریاضی,5201,399,منطقه 3,مهندسی مکانیک,دانشگاه صنعتی خواجه نصیرالدین طوسی - تهران
1393,ریاضی,5211,400,منطقه 3,مهندسی عمران,دانشگاه تهران
1393,ریاضی,5229,402,منطقه 3,مهندسی شیمی,دانشگاه تهران
1393,ریاضی,5259,403,منطقه 3,مهندسی برق,دانشگاه تربیت دبیر شهید رجایی - تهران
1393,ریاضی,5288,406,منطقه 3,مهندسی شیمی,دانشگاه صنعتی امیرکبیر - تهران
1393,ریاضی,5300,407,منطقه 3,مهندسی شیمی,دانشگاه علم و صنعت ایران - تهران
1393,ریاضی,5328,408,منطقه 3,مهندسی ایمنی,دانشگاه صنعت نفت
1393,ریاضی,5344,409,منطقه 3,مهندسی شیمی,دانشگاه صنعت نفت
1393,ریاضی,5344,409,منطقه 3,مهندسی مکانیک,دانشگاه صنعتی خواجه نصیرالدین طوسی - تهران
1393,ریاضی,5371,412,منطقه 3,مهندسی شیمی,دانشگاه صنعتی امیرکبیر - تهران
1393,ریاضی,5383,413,منطقه 3,مهندسی مواد,دانشگاه صنعتی شریف - تهران
1393,ریاضی,5391,415,منطقه 3,مهندسی عمران,دانشگاه تهران
1393,ریاضی,5391,415,منطقه 3,مهندسی عمران,دانشگاه شهید بهشتی - تهران
1393,ریاضی,5401,418,منطقه 3,علوم قضایی,دانشگاه علوم قضایی و خدمات ادارای دادگستری
1393,ریاضی,5417,420,منطقه 3,مهندسی هوا فضا,دانشگاه صنعتی امیرکبیر - تهران
1393,ریاضی,5460,422,منطقه 3,مهندسی برق,دانشگاه شهید بهشتی - تهران
1393,ریاضی,5460,422,منطقه 3,مهندسی کامپیوتر,دانشگاه علم و صنعت ایران - تهران
1393,ریاضی,5495,424,منطقه 3,مهندسی عمران,دانشگاه تهران
1393,ریاضی,5506,425,منطقه 3,مهندسی برق,دانشگاه صنعتی اصفهان
1393,ریاضی,5539,426,منطقه 3,دکترای پیوسته فیزیک,مرکز تحصیلات تکمیلی در علوم پایه زنجان
1393,ریاضی,5546,427,منطقه 3,مهندسی برق,دانشگاه صنعتی اصفهان
1393,ریاضی,5564,428,منطقه 3,مهندسی شیمی,دانشگاه تهران
1393,ریاضی,5585,429,منطقه 3,مهندسی پزشکی,دانشگاه اصفهان
1393,ریاضی,5605,431,منطقه 3,مهندسی ایمنی,دانشگاه صنعت نفت
1393,ریاضی,5605,431,منطقه 3,مهندسی عمران,دانشگاه صنعتی خواجه نصیرالدین طوسی - تهران
1393,ریاضی,5627,433,منطقه 3,تربیت دبیر زبان انگلیسی,پردیس شهید مدرس - سنندج
1393,ریاضی,5639,436,منطقه 3,مهندسی برق,دانشگاه تربیت دبیر شهید رجایی - تهران
1393,ریاضی,5645,437,منطقه 3,مهندسی پزشکی,دانشگاه اصفهان
1393,ریاضی,5651,438,منطقه 3,مهندسی کامپیوتر,دانشگاه تربیت دبیر شهید رجایی - تهران
1393,ریاضی,5658,439,منطقه 3,مهندسی مکانیک,دانشگاه صنعتی خواجه نصیرالدین طوسی - تهران
1393,ریاضی,5665,440,منطقه 3,مهندسی برق,دانشگاه صنعتی اصفهان
1393,ریاضی,5680,442,منطقه 3,مهندسی معماری,دانشگاه تربیت دبیر شهید رجایی - تهران
1393,ریاضی,5689,444,منطقه 3,فیزیک,دانشگاه صنعتی شریف - تهران
1393,ریاضی,5689,444,منطقه 3,مهندسی شیمی,دانشگاه صنعتی امیرکبیر - تهران
1393,ریاضی,5733,448,منطقه 3,مهندسی برق,دانشگاه شهید بهشتی - تهران
1393,ریاضی,5748,449,منطقه 3,مهندسی عمران,دانشگاه صنعتی خواجه نصیرالدین طوسی - تهران
1393,ریاضی,5764,450,منطقه 3,دکترای پیوسته فیزیک,مرکز تحصیلات تکمیلی در علوم پایه زنجان
1393,ریاضی,5777,451,منطقه 3,مهندسی صنایع,دانشگاه صنعتی امیرکبیر - تهران
1393,ریاضی,5794,454,منطقه 3,مهندسی برق,دانشگاه شهید بهشتی - تهران
1393,ریاضی,5803,456,منطقه 3,مهندسی مواد,دانشگاه صنعتی شریف - تهران
1393,ریاضی,5811,457,منطقه 3,مهندسی شیمی,دانشگاه صنعت نفت
1393,ریاضی,5817,459,منطقه 3,مهندسی شهرسازی,دانشگاه تهران
1393,ریاضی,5823,460,منطقه 3,مهندسی مواد,دانشگاه صنعتی شریف - تهران
1393,ریاضی,5838,461,منطقه 3,دبیری ریاضی,پردیس نسیبه - تهران
1393,ریاضی,5838,461,منطقه 3,مهندسی برق,دانشگاه شهید بهشتی - تهران
1393,ریاضی,5847,463,منطقه 3,علوم تربیتی,پردیس امام سجاد - بیرجند
1393,ریاضی,5856,464,منطقه 3,مهندسی مکانیک,دانشگاه تربیت دبیر شهید رجایی - تهران
1393,ریاضی,5856,464,منطقه 3,مهندسی پزشکی,دانشگاه صنعتی همدان
1393,ریاضی,5880,466,منطقه 3,دبیری ریاضی,پردیس دکتر شریعتی - ساری
1393,ریاضی,5893,467,منطقه 3,مهندسی برق,دانشگاه صنعتی اصفهان
1393,ریاضی,5897,469,منطقه 3,مهندسی برق,دانشگاه شهید بهشتی - تهران
1393,ریاضی,5901,470,منطقه 3,مهندسی برق,دانشگاه صنعتی اصفهان
1393,ریاضی,5918,473,منطقه 3,مهندسی معماری,دانشگاه فردوسی - مشهد
1393,ریاضی,5963,476,منطقه 3,مهندسی صنایع,دانشگاه علم و صنعت ایران - تهران
1393,ریاضی,5975,478,منطقه 3,مهندسی معدن,دانشگاه صنعتی امیرکبیر - تهران
1393,ریاضی,6024,479,منطقه 3,دبیری ریاضی,پردیس شهید بهشتی - مشهد
1393,ریاضی,6043,482,منطقه 3,مهندسی شیمی,دانشگاه صنعت نفت
1393,ریاضی,6081,486,منطقه 3,مهندسی برق,دانشگاه شهید بهشتی - تهران
1393,ریاضی,6088,487,منطقه 3,مهندسی مکانیک,دانشگاه فردوسی - مشهد
1393,ریاضی,6095,488,منطقه 3,مهندسی برق,دانشگاه صنعتی اصفهان
1393,ریاضی,6114,489,منطقه 3,مهندسی مکانیک,دانشگاه صنعتی اصفهان
1393,ریاضی,6123,490,منطقه 3,مهندسی برق,دانشگاه شهید بهشتی - تهران
1393,ریاضی,6132,491,منطقه 3,مهندسی هوا فضا,دانشگاه صنعتی خواجه نصیرالدین طوسی - تهران
1393,ریاضی,6143,493,منطقه 3,مهندسی شیمی,دانشگاه علم و صنعت ایران - تهران
1393,ریاضی,6161,495,منطقه 3,دبیری ریاضی,پردیس شهید مقصودی - همدان
1393,ریاضی,6172,496,منطقه 3,مهندسی معماری,دانشگاه تربیت دبیر شهید رجایی - تهران
1393,ریاضی,6213,498,منطقه 3,مهندسی برق,دانشگاه شهید بهشتی - تهران
1393,ریاضی,6213,498,منطقه 3,مهندسی کامپیوتر,دانشگاه شهید بهشتی - تهران
1393,ریاضی,6221,500,منطقه 3,مهندسی پلیمر,دانشگاه صنعتی امیرکبیر - تهران
1393,ریاضی,6239,503,منطقه 3,مهندسی برق,دانشگاه شهید بهشتی - تهران
1393,ریاضی,6239,503,منطقه 3,مهندسی صنایع,دانشگاه علم و صنعت ایران - تهران
1393,ریاضی,6249,505,منطقه 3,مهندسی عمران,دانشگاه فردوسی - مشهد
1393,ریاضی,6249,505,منطقه 3,مهندسی مکانیک,دانشگاه بوعلی سینا - همدان
1393,ریاضی,6257,507,منطقه 3,مهندسی کامپیوتر,دانشگاه علم و صنعت ایران - تهران
1393,ریاضی,6268,508,منطقه 3,مهندسی برق,دانشگاه شهید بهشتی - تهران
1393,ریاضی,6299,511,منطقه 3,مهندسی برق,دانشگاه شهید بهشتی - تهران
1393,ریاضی,6331,512,منطقه 3,مهندسی برق,دانشگاه صنعتی اصفهان
1393,ریاضی,6336,513,منطقه 3,مهندسی برق,دانشگاه شهید بهشتی - تهران
1393,ریاضی,6343,514,منطقه 3,مهندسی مکانیک,دانشگاه شهید چمران اهواز
1393,ریاضی,6343,514,منطقه 3,مهندسی کامپیوتر,دانشگاه علم و صنعت ایران - تهران
1393,ریاضی,6355,516,منطقه 3,مهندسی شیمی,دانشگاه علم و صنعت ایران - تهران
1393,ریاضی,6355,516,منطقه 3,مهندسی مکانیک,دانشگاه تربیت دبیر شهید رجایی - تهران
1393,ریاضی,6371,518,منطقه 3,مهندسی مکانیک,دانشگاه شیراز
1393,ریاضی,6389,519,منطقه 3,مهندسی برق,دانشگاه شهید بهشتی - تهران
1393,ریاضی,6420,520,منطقه 3,مهندسی عمران,دانشگاه فردوسی - مشهد
1393,ریاضی,6425,521,منطقه 3,فیزیک,دانشگاه صنعتی شریف - تهران
1393,ریاضی,6425,521,منطقه 3,مهندسی برق,دانشگاه شهید بهشتی - تهران
1393,ریاضی,6450,524,منطقه 3,مهندسی کامپیوتر,دانشگاه علم و صنعت ایران - تهران
1393,ریاضی,6457,525,منطقه 3,مهندسی برق,دانشگاه صنعتی اصفهان
1393,ریاضی,6484,527,منطقه 3,مهندسی کامپیوتر,دانشگاه علم و صنعت ایران - تهران
1393,ریاضی,6493,528,منطقه 3,مهندسی برق,دانشگاه صنعتی اصفهان
1393,ریاضی,6512,529,منطقه 3,مهندسی ایمنی,دانشگاه صنعت نفت
1393,ریاضی,6512,529,منطقه 3,مهندسی کامپیوتر,دانشگاه شهید بهشتی - تهران
1393,ریاضی,6527,532,منطقه 3,علوم مهندسی,دانشگاه تهران
1393,ریاضی,6532,533,منطقه 3,مهندسی مکانیک,دانشگاه شهید بهشتی - تهران
1393,ریاضی,6568,537,منطقه 3,مهندسی شیمی,دانشگاه علم و صنعت ایران - تهران
1393,ریاضی,6577,538,منطقه 3,مهندسی نفت,دانشگاه صنعتی شریف - تهران
1393,ریاضی,6591,539,منطقه 3,مهندسی ایمنی,دانشگاه صنعت نفت
1393,ریاضی,6591,539,منطقه 3,مهندسی مکانیک,دانشگاه گیلان - رشت
1393,ریاضی,6599,541,منطقه 3,مهندسی نفت,دانشگاه تهران
1393,ریاضی,6611,543,منطقه 3,مهندسی ایمنی,دانشگاه صنعت نفت
1393,ریاضی,6648,546,منطقه 3,مهندسی عمران,دانشگاه بین المللی امام خمینی(ره) - قزوین
1393,ریاضی,6653,547,منطقه 3,مهندسی عمران,دانشگاه صنعتی بابل
1393,ریاضی,6658,548,منطقه 3,مهندسی مکانیک,دانشگاه شهید بهشتی - تهران
1393,ریاضی,6671,549,منطقه 3,مهندسی شیمی,دانشگاه صنعت نفت
1393,ریاضی,6671,549,منطقه 3,مهندسی کامپیوتر,دانشگاه فردوسی - مشهد
1393,ریاضی,6692,552,منطقه 3,مهندسی کامپیوتر,دانشگاه تربیت دبیر شهید رجایی - تهران
1393,ریاضی,6706,554,منطقه 3,مهندسی شیمی,دانشگاه فردوسی - مشهد
1393,ریاضی,6715,555,منطقه 3,مهندسی کامپیوتر,دانشگاه شهید بهشتی - تهران
1393,ریاضی,6740,556,منطقه 3,مهندسی برق,دانشگاه صنعتی اصفهان
1393,ریاضی,6747,557,منطقه 3,مهندسی شیمی,دانشگاه صنعتی اصفهان
1393,ریاضی,6753,558,منطقه 3,مهندسی برق,دانشگاه صنعتی اصفهان
1393,ریاضی,6760,560,منطقه 3,مهندسی مکانیک,دانشگاه شیراز
1393,ریاضی,6760,560,منطقه 3,مهندسی کامپیوتر,دانشگاه علم و صنعت ایران - تهران
1393,ریاضی,6791,562,منطقه 3,مهندسی برق,دانشگاه صنعتی اصفهان
1393,ریاضی,6806,563,منطقه 3,مهندسی شیمی,دانشگاه صنعت نفت
1393,ریاضی,6813,565,منطقه 3,مهندسی عمران,دانشگاه صنعتی اصفهان
1393,ریاضی,6825,566,منطقه 3,علوم تربیتی,پردیس امام جعفر صادق - بجنورد
1393,ریاضی,6833,568,منطقه 3,مهندسی کامپیوتر,دانشگاه صنعتی خواجه نصیرالدین طوسی - تهران
1393,ریاضی,6849,569,منطقه 3,مهندسی برق,دانشگاه صنعتی اصفهان
1393,ریاضی,6849,569,منطقه 3,مهندسی پزشکی,دانشگاه اصفهان
1393,ریاضی,6855,571,منطقه 3,مهندسی صنایع,دانشگاه صنعتی خواجه نصیرالدین طوسی - تهران
1393,ریاضی,6865,572,منطقه 3,مهندسی عمران,دانشگاه صنعتی خواجه نصیرالدین طوسی - تهران
1393,ریاضی,6879,573,منطقه 3,مهندسی پلیمر,دانشگاه تهران
1393,ریاضی,6956,576,منطقه 3,مهندسی برق,دانشگاه اصفهان
1393,ریاضی,6963,577,منطقه 3,مهندسی شهرسازی,دانشگاه تهران
1393,ریاضی,6977,578,منطقه 3,مهندسی شهرسازی,دانشگاه تهران
1393,ریاضی,7001,579,منطقه 3,مهندسی مواد,دانشگاه صنعتی شریف - تهران
1393,ریاضی,7001,579,منطقه 3,مهندسی پلیمر,دانشگاه تهران
1393,ریاضی,7029,581,منطقه 3,مهندسی مواد,دانشگاه صنعتی شریف - تهران
1393,ریاضی,7043,582,منطقه 3,مهندسی شیمی,دانشگاه صنعتی اصفهان
1393,ریاضی,7055,583,منطقه 3,مهندسی مکانیک,دانشگاه خوارزمی تهران
1393,ریاضی,7076,584,منطقه 3,مهندسی پلیمر,دانشگاه صنعتی امیرکبیر - تهران
1393,ریاضی,7099,586,منطقه 3,مهندسی مواد,دانشگاه تهران
1393,ریاضی,7109,587,منطقه 3,مهندسی مکانیک,دانشگاه تبریز
1393,ریاضی,7122,588,منطقه 3,مهندسی مکانیک,دانشگاه شیراز
1393,ریاضی,7146,590,منطقه 3,علوم قضایی,دانشگاه علوم قضایی و خدمات ادارای دادگستری
1393,ریاضی,7146,590,منطقه 3,مهندسی صنایع,دانشگاه صنعتی خواجه نصیرالدین طوسی - تهران
1393,ریاضی,7155,592,منطقه 3,مهندسی برق,دانشگاه صنعتی اصفهان
1393,ریاضی,7166,594,منطقه 3,مهندسی برق,دانشگاه تبریز
1393,ریاضی,7186,597,منطقه 3,علوم مهندسی,دانشگاه تهران
1393,ریاضی,7186,597,منطقه 3,مهندسی ایمنی,دانشگاه صنعت نفت
1393,ریاضی,7186,597,منطقه 3,مهندسی پزشکی,دانشگاه اصفهان
1393,ریاضی,7211,600,منطقه 3,مهندسی کامپیوتر,دانشگاه صنعتی خواجه نصیرالدین طوسی - تهران
1393,ریاضی,7235,602,منطقه 3,مهندسی شیمی,دانشگاه تبریز
1393,ریاضی,7248,603,منطقه 3,مهندسی برق,دانشگاه فردوسی - مشهد
1393,ریاضی,7267,605,منطقه 3,علوم تربیتی,پردیس شهید مفتح - شهرری
1393,ریاضی,7279,607,منطقه 3,مهندسی صنایع,دانشگاه فردوسی - مشهد
1393,ریاضی,7359,611,منطقه 3,مهندسی نفت,دانشگاه تهران
1393,ریاضی,7369,612,منطقه 3,مهندسی عمران,دانشگاه صنعتی خواجه نصیرالدین طوسی - تهران
1393,ریاضی,7394,614,منطقه 3,مهندسی برق,دانشگاه شیراز
1393,ریاضی,7400,616,منطقه 3,مهندسی برق,دانشگاه اصفهان
1393,ریاضی,7400,616,منطقه 3,مهندسی معماری,دانشگاه حکیم سبزواری - سبزوار
1393,ریاضی,7406,618,منطقه 3,مهندسی پلیمر,دانشگاه صنعتی امیرکبیر - تهران
1393,ریاضی,7406,618,منطقه 3,مهندسی کامپیوتر,دانشگاه فردوسی - مشهد
1393,ریاضی,7412,620,منطقه 3,مهندسی برق,دانشگاه فردوسی - مشهد
1393,ریاضی,7431,621,منطقه 3,مهندسی دریا,دانشگاه صنعتی شریف - تهران
1393,ریاضی,7445,623,منطقه 3,مهندسی برق,دانشگاه اصفهان
1393,ریاضی,7453,624,منطقه 3,مهندسی عمران,دانشگاه صنعتی خواجه نصیرالدین طوسی - تهران
1393,ریاضی,7461,625,منطقه 3,مهندسی پزشکی,دانشگاه اصفهان
1393,ریاضی,7490,626,منطقه 3,مهندسی برق,دانشگاه بین المللی امام خمینی(ره) - قزوین
1393,ریاضی,7490,626,منطقه 3,مهندسی برق,دانشگاه صنعتی اصفهان
1393,ریاضی,7501,628,منطقه 3,مهندسی مکانیک,دانشگاه فردوسی - مشهد
1393,ریاضی,7501,628,منطقه 3,مهندسی پزشکی,دانشگاه اصفهان
1393,ریاضی,7510,630,منطقه 3,مهندسی عمران,دانشگاه گیلان - رشت
1393,ریاضی,7518,631,منطقه 3,مهندسی مکانیک,دانشگاه شهید چمران اهواز
1393,ریاضی,7538,633,منطقه 3,مهندسی عمران,دانشگاه تربیت دبیر شهید رجایی - تهران
1393,ریاضی,7538,633,منطقه 3,مهندسی مکانیک,دانشگاه بین المللی امام خمینی(ره) - قزوین
1393,ریاضی,7547,635,منطقه 3,مهندسی برق,دانشگاه تربیت دبیر شهید رجایی - تهران
1393,ریاضی,7578,637,منطقه 3,مهندسی معماری,دانشگاه شیراز
1393,ریاضی,7612,640,منطقه 3,مهندسی عمران,دانشگاه خوارزمی تهران
1393,ریاضی,7628,644,منطقه 3,مهندسی برق,دانشگاه صنعتی اصفهان
1393,ریاضی,7628,644,منطقه 3,مهندسی برق,دانشگاه فردوسی - مشهد
1393,ریاضی,7637,646,منطقه 3,مهندسی شیمی,دانشگاه تبریز
1393,ریاضی,7647,647,منطقه 3,مهندسی کامپیوتر,دانشگاه صنعتی اصفهان
1393,ریاضی,7657,649,منطقه 3,مهندسی برق,دانشگاه صنعتی اصفهان
1393,ریاضی,7670,650,منطقه 3,مهندسی عمران,دانشگاه یزد
1393,ریاضی,7690,651,منطقه 3,مهندسی مکانیک,دانشگاه تربیت دبیر شهید رجایی - تهران
1393,ریاضی,7690,651,منطقه 3,مهندسی مکانیک,دانشگاه صنعتی قم
1393,ریاضی,7700,653,منطقه 3,مهندسی برق,دانشگاه اصفهان
1393,ریاضی,7717,654,منطقه 3,مهندسی برق,دانشگاه تربیت دبیر شهید رجایی - تهران
1393,ریاضی,7750,656,منطقه 3,مهندسی مکانیک,دانشگاه شیراز
1393,ریاضی,7750,656,منطقه 3,مهندسی کامپیوتر,دانشگاه شهید بهشتی - تهران
1393,ریاضی,7760,658,منطقه 3,مهندسی کامپیوتر,دانشگاه صنعتی خواجه نصیرالدین طوسی - تهران
1393,ریاضی,7769,659,منطقه 3,تربیت دبیر زبان انگلیسی,پردیس فاطمه الزهرا (س) - اصفهان
1393,ریاضی,7791,661,منطقه 3,مهندسی عمران,دانشگاه تربیت دبیر شهید رجایی - تهران
1393,ریاضی,7803,662,منطقه 3,شیمی,دانشگاه صنعتی خاتم الانبیاء - بهبهان
1393,ریاضی,7814,664,منطقه 3,مهندسی عمران,دانشگاه گیلان - رشت
1393,ریاضی,7814,664,منطقه 3,مهندسی نفت,دانشگاه تهران
1393,ریاضی,7824,666,منطقه 3,مهندسی عمران,دانشگاه گیلان - رشت
1393,ریاضی,7831,667,منطقه 3,مهندسی مکانیک,دانشگاه بوعلی سینا - همدان
1393,ریاضی,7852,669,منطقه 3,مهندسی برق,دانشگاه اصفهان
1393,ریاضی,7852,669,منطقه 3,مهندسی برق,دانشگاه شیراز
1393,ریاضی,7852,669,منطقه 3,مهندسی مکانیک,دانشگاه تربیت دبیر شهید رجایی - تهران
1393,ریاضی,7862,672,منطقه 3,مهندسی عمران,دانشگاه شیراز
1393,ریاضی,7862,672,منطقه 3,مهندسی پلیمر,دانشگاه صنعتی امیرکبیر - تهران
1393,ریاضی,7893,674,منطقه 3,مهندسی عمران,دانشگاه گیلان - رشت
1393,ریاضی,7893,674,منطقه 3,مهندسی مکانیک,دانشگاه زنجان
1393,ریاضی,7933,677,منطقه 3,علوم قضایی,دانشگاه علوم قضایی و خدمات ادارای دادگستری
1393,ریاضی,7933,677,منطقه 3,مهندسی برق,دانشگاه تبریز
1393,ریاضی,7933,677,منطقه 3,مهندسی عمران,دانشگاه تبریز
1393,ریاضی,7944,679,منطقه 3,مهندسی مکانیک,دانشگاه گیلان - رشت
1393,ریاضی,7966,680,منطقه 3,مهندسی شیمی,دانشگاه صنعتی اصفهان
1393,ریاضی,7966,680,منطقه 3,مهندسی عمران,دانشگاه شیراز
1393,ریاضی,7978,682,منطقه 3,مهندسی برق,دانشگاه بین المللی امام خمینی(ره) - قزوین
1393,ریاضی,7978,682,منطقه 3,مهندسی مکانیک,دانشگاه تبریز
1393,ریاضی,7984,684,منطقه 3,مهندسی دریا,دانشگاه صنعتی شریف - تهران
1393,ریاضی,8030,690,منطقه 3,مهندسی شهرسازی,دانشگاه فردوسی - مشهد
1393,ریاضی,8047,691,منطقه 3,مهندسی عمران,دانشگاه تبریز
1393,ریاضی,8066,692,منطقه 3,مهندسی برق,دانشگاه بین المللی امام خمینی(ره) - قزوین
1393,ریاضی,8072,693,منطقه 3,دبیری ریاضی,پردیس بنت الهدی صدر - رشت
1393,ریاضی,8097,695,منطقه 3,مهندسی مکانیک,دانشگاه تبریز
1393,ریاضی,8115,696,منطقه 3,مهندسی نفت,دانشگاه تهران
1393,ریاضی,8125,698,منطقه 3,مهندسی برق,دانشگاه ارومیه
1393,ریاضی,8125,698,منطقه 3,مهندسی برق,دانشگاه بوعلی سینا - همدان
1393,ریاضی,8125,698,منطقه 3,مهندسی هوا فضا,دانشگاه صنعتی خواجه نصیرالدین طوسی - تهران
1393,ریاضی,8140,701,منطقه 3,مهندسی مکانیک,دانشگاه صنعتی اصفهان
1393,ریاضی,8140,701,منطقه 3,مهندسی کامپیوتر,دانشگاه شهید بهشتی - تهران
1393,ریاضی,8155,704,منطقه 3,مهندسی برق,دانشگاه تبریز
1393,ریاضی,8155,704,منطقه 3,مهندسی نفت,دانشگاه شیراز
1393,ریاضی,8155,704,منطقه 3,مهندسی هوا فضا,دانشگاه صنعتی خواجه نصیرالدین طوسی - تهران
1393,ریاضی,8177,707,منطقه 3,علوم تربیتی,پردیس شهید مدرس - سنندج
1393,ریاضی,8177,707,منطقه 3,مهندسی پزشکی,دانشگاه اصفهان
1393,ریاضی,8191,709,منطقه 3,مهندسی صنایع,دانشگاه صنعتی اصفهان
1393,ریاضی,8212,712,منطقه 3,مهندسی عمران,دانشگاه بوعلی سینا - همدان
1393,ریاضی,8219,713,منطقه 3,مهندسی معماری,دانشگاه تربیت دبیر شهید رجایی - تهران
1393,ریاضی,8242,714,منطقه 3,مهندسی مکانیک,دانشگاه تربیت دبیر شهید رجایی - تهران
1393,ریاضی,8251,717,منطقه 3,مهندسی نفت,دانشگاه صنعت نفت
1393,ریاضی,8262,719,منطقه 3,مهندسی صنایع,دانشگاه خوارزمی تهران
1393,ریاضی,8283,720,منطقه 3,مهندسی شیمی,دانشگاه اصفهان
1393,ریاضی,8339,722,منطقه 3,مهندسی شیمی,دانشگاه فردوسی - مشهد
1393,ریاضی,8339,722,منطقه 3,مهندسی پزشکی,دانشگاه اصفهان
1393,ریاضی,8347,724,منطقه 3,مهندسی مکانیک,دانشگاه گیلان - رشت
1393,ریاضی,8369,726,منطقه 3,مهندسی عمران,دانشگاه صنعتی بابل
1393,ریاضی,8376,727,منطقه 3,مهندسی برق,دانشگاه فردوسی - مشهد
1393,ریاضی,8391,729,منطقه 3,مهندسی شیمی,دانشگاه اصفهان
1393,ریاضی,8405,730,منطقه 3,مهندسی نفت,دانشگاه شیراز
1393,ریاضی,8431,732,منطقه 3,مهندسی برق,دانشگاه فردوسی - مشهد
1393,ریاضی,8439,733,منطقه 3,مهندسی شیمی,دانشگاه صنعتی اصفهان
1393,ریاضی,8449,734,منطقه 3,مهندسی مواد,دانشگاه صنعتی امیرکبیر - تهران
1393,ریاضی,8475,737,منطقه 3,مهندسی مواد,دانشگاه تهران
1393,ریاضی,8486,739,منطقه 3,مهندسی برق,دانشگاه تبریز
1393,ریاضی,8486,739,منطقه 3,مهندسی مکانیک,دانشگاه گیلان - رشت
1393,ریاضی,8496,742,منطقه 3,علوم قضایی,دانشگاه علوم قضایی و خدمات ادارای دادگستری
1393,ریاضی,8496,742,منطقه 3,مهندسی برق,دانشگاه فردوسی - مشهد
1393,ریاضی,8496,742,منطقه 3,مهندسی شیمی,دانشگاه فردوسی - مشهد
1393,ریاضی,8504,744,منطقه 3,مهندسی شیمی,دانشگاه صنعتی اصفهان
1393,ریاضی,8504,744,منطقه 3,مهندسی عمران,دانشگاه زنجان
1393,ریاضی,8541,747,منطقه 3,مهندسی برق,دانشگاه شیراز
1393,ریاضی,8541,747,منطقه 3,مهندسی خط و سازه های ریلی,دانشگاه علم و صنعت ایران - تهران
1393,ریاضی,8567,749,منطقه 3,مهندسی برق,دانشگاه فردوسی - مشهد
1393,ریاضی,8597,752,منطقه 3,مهندسی مکانیک,دانشگاه تربیت دبیر شهید رجایی - تهران
1393,ریاضی,8597,752,منطقه 3,مهندسی مکانیک,دانشگاه صنعتی بابل
1393,ریاضی,8606,754,منطقه 3,مهندسی برق,دانشگاه شیراز
1393,ریاضی,8606,754,منطقه 3,مهندسی مکانیک,دانشگاه بوعلی سینا - همدان
1393,ریاضی,8614,756,منطقه 3,مهندسی برق,دانشگاه فردوسی - مشهد
1393,ریاضی,8614,756,منطقه 3,مهندسی شیمی,دانشگاه تبریز
1393,ریاضی,8622,758,منطقه 3,مهندسی شیمی,دانشگاه صنعتی اصفهان
1393,ریاضی,8630,759,منطقه 3,مهندسی عمران,دانشگاه اصفهان
1393,ریاضی,8638,760,منطقه 3,مهندسی برق,دانشگاه تربیت دبیر شهید رجایی - تهران
1393,ریاضی,8654,761,منطقه 3,مهندسی برق,دانشگاه تبریز
1393,ریاضی,8654,761,منطقه 3,مهندسی برق,دانشگاه شیراز
1393,ریاضی,8676,765,منطقه 3,مهندسی عمران,دانشگاه گیلان - رشت
1393,ریاضی,8684,766,منطقه 3,مهندسی برق,دانشگاه اصفهان
1393,ریاضی,8684,766,منطقه 3,مهندسی عمران,دانشگاه بوعلی سینا - همدان
1393,ریاضی,8709,768,منطقه 3,مهندسی شیمی,دانشگاه اصفهان
1393,ریاضی,8729,770,منطقه 3,مهندسی مکانیک,دانشگاه تبریز
1393,ریاضی,8740,771,منطقه 3,مهندسی کامپیوتر,دانشگاه صنعتی خواجه نصیرالدین طوسی - تهران
1393,ریاضی,8751,773,منطقه 3,مهندسی شیمی,دانشگاه فردوسی - مشهد
1393,ریاضی,8761,776,منطقه 3,مهندسی برق,دانشگاه تبریز
1393,ریاضی,8761,776,منطقه 3,مهندسی عمران,دانشگاه بوعلی سینا - همدان
1393,ریاضی,8761,776,منطقه 3,مهندسی مکانیک,دانشگاه تربیت دبیر شهید رجایی - تهران
1393,ریاضی,8779,778,منطقه 3,تربیت دبیر زبان انگلیسی,پردیس شهید هاشمی نژاد - مشهد
1393,ریاضی,8779,778,منطقه 3,مهندسی نفت,دانشگاه صنعت نفت
1393,ریاضی,8789,780,منطقه 3,مهندسی پلیمر,دانشگاه صنعتی امیرکبیر - تهران
1393,ریاضی,8798,781,منطقه 3,مهندسی دریا,دانشگاه صنعتی شریف - تهران
1393,ریاضی,8848,784,منطقه 3,مهندسی برق,دانشگاه فردوسی - مشهد
1393,ریاضی,8880,786,منطقه 3,مهندسی شیمی,دانشگاه صنعتی اصفهان
1393,ریاضی,8900,787,منطقه 3,مهندسی برق,دانشگاه صنعتی امیرکبیر - تهران
1393,ریاضی,8900,787,منطقه 3,مهندسی مواد,دانشگاه تهران
1393,ریاضی,8912,789,منطقه 3,مهندسی برق,دانشگاه اصفهان
1393,ریاضی,8927,791,منطقه 3,مهندسی برق,دانشگاه شهید چمران اهواز
1393,ریاضی,8927,791,منطقه 3,مهندسی صنایع,دانشگاه خوارزمی تهران
1393,ریاضی,8927,791,منطقه 3,مهندسی عمران,دانشگاه تبریز
1393,ریاضی,8927,791,منطقه 3,مهندسی کامپیوتر,دانشگاه الزهرا(س) - تهران
1393,ریاضی,8943,795,منطقه 3,مهندسی برق,دانشگاه بین المللی امام خمینی(ره) - قزوین
1393,ریاضی,8949,796,منطقه 3,دبیری ریاضی,پردیس بنت الهدی صدر - رشت
1393,ریاضی,8966,797,منطقه 3,مهندسی دریا,دانشگاه صنعتی شریف - تهران
1393,ریاضی,8966,797,منطقه 3,مهندسی مواد,دانشگاه تهران
1393,ریاضی,8993,800,منطقه 3,مهندسی شیمی,دانشگاه شیراز
1393,ریاضی,9005,801,منطقه 3,مهندسی شیمی,دانشگاه صنعتی اصفهان
1393,ریاضی,9028,803,منطقه 3,تربیت دبیر زبان انگلیسی,پردیس شهید هاشمی نژاد - مشهد
1393,ریاضی,9039,804,منطقه 3,مهندسی برق,دانشگاه بین المللی امام خمینی(ره) - قزوین
1393,ریاضی,9066,807,منطقه 3,علوم مهندسی,دانشگاه تهران
1393,ریاضی,9076,808,منطقه 3,دبیری فیزیک,پردیس شهید چمران - تهران
1393,ریاضی,9086,810,منطقه 3,مهندسی برق,دانشگاه شهید چمران اهواز
1393,ریاضی,9086,810,منطقه 3,مهندسی عمران,دانشگاه بوعلی سینا - همدان
1393,ریاضی,9097,812,منطقه 3,مهندسی عمران,دانشگاه یزد
1393,ریاضی,9113,814,منطقه 3,مهندسی نفت,دانشگاه تهران
1393,ریاضی,9122,815,منطقه 3,مهندسی مواد,دانشگاه تهران
1393,ریاضی,9130,816,منطقه 3,مهندسی مکانیک,دانشگاه شهید باهنر - کرمان
1393,ریاضی,9139,817,منطقه 3,مهندسی مواد,دانشگاه علم و صنعت ایران - تهران
1393,ریاضی,9148,818,منطقه 3,دبیری فیزیک,پردیس شهید بهشتی - مشهد
1393,ریاضی,9148,818,منطقه 3,مهندسی برق,دانشگاه شیراز
1393,ریاضی,9158,821,منطقه 3,مهندسی برق,دانشگاه تبریز
1393,ریاضی,9158,821,منطقه 3,مهندسی مواد,دانشگاه تهران
1393,ریاضی,9182,823,منطقه 3,مهندسی معماری,دانشگاه هنر تهران
1393,ریاضی,9192,826,منطقه 3,مهندسی برق,دانشگاه بین المللی امام خمینی(ره) - قزوین
1393,ریاضی,9192,826,منطقه 3,مهندسی برق,دانشگاه تبریز
1393,ریاضی,9192,826,منطقه 3,مهندسی شیمی,دانشگاه صنعتی اصفهان
1393,ریاضی,9192,826,منطقه 3,مهندسی مواد,دانشگاه تهران
1393,ریاضی,9225,830,منطقه 3,مهندسی برق,دانشگاه شیراز
1393,ریاضی,9225,830,منطقه 3,مهندسی شیمی,دانشگاه صنعتی اصفهان
1393,ریاضی,9257,834,منطقه 3,فیزیک,دانشگاه تهران
1393,ریاضی,9257,834,منطقه 3,مهندسی برق,دانشگاه فردوسی - مشهد
1393,ریاضی,9257,834,منطقه 3,مهندسی کامپیوتر,دانشگاه بین المللی امام خمینی(ره) - قزوین
1393,ریاضی,9267,836,منطقه 3,مهندسی عمران,دانشگاه صنعتی بابل
1393,ریاضی,9278,837,منطقه 3,مهندسی برق,دانشگاه شهید باهنر - کرمان
1393,ریاضی,9278,837,منطقه 3,مهندسی برق,دانشگاه صنعتی اراک
1393,ریاضی,9292,839,منطقه 3,علوم کامپیوتر,دانشگاه تهران
1393,ریاضی,9303,841,منطقه 3,فیزیک,دانشگاه تهران
1393,ریاضی,9303,841,منطقه 3,مهندسی برق,دانشگاه بین المللی امام خمینی(ره) - قزوین
1393,ریاضی,9303,841,منطقه 3,مهندسی کامپیوتر,دانشگاه صنعتی خواجه نصیرالدین طوسی - تهران
1393,ریاضی,9311,843,منطقه 3,مهندسی عمران,دانشگاه تبریز
1393,ریاضی,9332,844,منطقه 3,مهندسی برق,دانشگاه فردوسی - مشهد
1393,ریاضی,9332,844,منطقه 3,مهندسی عمران,دانشگاه اصفهان
1393,ریاضی,9342,847,منطقه 3,مهندسی مکانیک,دانشگاه تربیت دبیر شهید رجایی - تهران
1393,ریاضی,9342,847,منطقه 3,مهندسی مکانیک,دانشگاه شهید چمران اهواز
1393,ریاضی,9374,853,منطقه 3,مهندسی برق,دانشگاه بوعلی سینا - همدان
1393,ریاضی,9374,853,منطقه 3,مهندسی عمران,دانشگاه یزد
1393,ریاضی,9386,855,منطقه 3,مهندسی شیمی,دانشگاه فردوسی - مشهد
1393,ریاضی,9386,855,منطقه 3,مهندسی مکانیک,دانشگاه تربیت دبیر شهید رجایی - تهران
1393,ریاضی,9415,857,منطقه 3,دبیری ریاضی,پردیس شهید صدوقی - کرمانشاه
1393,ریاضی,9438,858,منطقه 3,علوم کامپیوتر,دانشگاه صنعتی امیرکبیر - تهران
1393,ریاضی,9449,859,منطقه 3,مهندسی برق,دانشگاه اصفهان
1393,ریاضی,9460,860,منطقه 3,مهندسی شیمی,دانشگاه اصفهان
1393,ریاضی,9460,860,منطقه 3,مهندسی کامپیوتر,دانشگاه الزهرا(س) - تهران
1393,ریاضی,9483,862,منطقه 3,مهندسی برق,دانشگاه بوعلی سینا - همدان
1393,ریاضی,9493,863,منطقه 3,مهندسی پزشکی,دانشگاه صنعتی همدان
1393,ریاضی,9514,866,منطقه 3,مهندسی شیمی,دانشگاه شیراز
1393,ریاضی,9514,866,منطقه 3,مهندسی پلیمر,دانشگاه صنعتی امیرکبیر - تهران
1393,ریاضی,9514,866,منطقه 3,مهندسی کامپیوتر,دانشگاه صنعتی بابل
1393,ریاضی,9542,870,منطقه 3,علوم تربیتی,پردیس امام محمد باقر - بجنورد
1393,ریاضی,9542,870,منطقه 3,مهندسی برق,دانشگاه تربیت دبیر شهید رجایی - تهران
1393,ریاضی,9554,873,منطقه 3,مهندسی معدن,دانشگاه تهران
1393,ریاضی,9564,874,منطقه 3,مهندسی پلیمر,دانشگاه صنعتی امیرکبیر - تهران
1393,ریاضی,9574,875,منطقه 3,علوم قضایی,دانشگاه علوم قضایی و خدمات ادارای دادگستری
1393,ریاضی,9574,875,منطقه 3,مهندسی شیمی,دانشگاه شیراز
1393,ریاضی,9589,877,منطقه 3,مهندسی شیمی,دانشگاه صنعتی اصفهان
1393,ریاضی,9589,877,منطقه 3,مهندسی مکانیک,دانشگاه فردوسی - مشهد
1393,ریاضی,9604,879,منطقه 3,مهندسی برق,دانشگاه تربیت دبیر شهید رجایی - تهران
1393,ریاضی,9633,881,منطقه 3,مهندسی برق,دانشگاه اصفهان
1393,ریاضی,9633,881,منطقه 3,مهندسی عمران,دانشگاه تربیت دبیر شهید رجایی - تهران
1393,ریاضی,9633,881,منطقه 3,مهندسی کامپیوتر,دانشگاه صنعتی اصفهان
1393,ریاضی,9661,884,منطقه 3,دبیری فیزیک,پردیس شهید بهشتی - مشهد
1393,ریاضی,9661,884,منطقه 3,مهندسی عمران,دانشگاه صنعتی قم
1393,ریاضی,9683,887,منطقه 3,مهندسی صنایع,دانشگاه تهران
1393,ریاضی,9693,888,منطقه 3,مهندسی برق,دانشگاه شهید چمران اهواز
1393,ریاضی,9693,888,منطقه 3,مهندسی معماری,دانشگاه بوعلی سینا - همدان
1393,ریاضی,9703,890,منطقه 3,مهندسی عمران,دانشگاه شهید چمران اهواز
1393,ریاضی,9711,891,منطقه 3,مهندسی برق,دانشگاه شیراز
1393,ریاضی,9711,891,منطقه 3,مهندسی شیمی,دانشگاه گیلان - رشت
1393,ریاضی,9759,894,منطقه 3,مهندسی نفت,دانشگاه تهران
1393,ریاضی,9791,896,منطقه 3,مهندسی صنایع,دانشگاه تبریز
1393,ریاضی,9791,896,منطقه 3,مهندسی عمران,دانشگاه شاهرود
1393,ریاضی,9812,898,منطقه 3,مهندسی برق,دانشگاه زنجان
1393,ریاضی,9812,898,منطقه 3,مهندسی برق,دانشگاه شیراز
1393,ریاضی,9820,901,منطقه 3,مهندسی عمران,دانشگاه تبریز
1393,ریاضی,9820,901,منطقه 3,مهندسی معماری,دانشکده فنی وحرفه ای دختران تهران (دکتر شریعتی)
1393,ریاضی,9829,904,منطقه 3,علوم تربیتی,پردیس آیت اله کمال وند - خرم آباد
1393,ریاضی,9829,904,منطقه 3,مهندسی برق,دانشگاه یزد
1393,ریاضی,9829,904,منطقه 3,مهندسی مکانیک,دانشگاه تربیت دبیر شهید رجایی - تهران
1393,ریاضی,9845,907,منطقه 3,مهندسی مکانیک,دانشگاه صنعتی بابل
1393,ریاضی,9853,909,منطقه 3,دبیری ریاضی,پردیس بنت الهدی صدر - رشت
1393,ریاضی,9873,912,منطقه 3,مهندسی برق,دانشگاه صنعتی اصفهان
1393,ریاضی,9890,913,منطقه 3,مهندسی مکانیک,دانشگاه شیراز
1393,ریاضی,9896,914,منطقه 3,دبیری ریاضی,پردیس نسیبه - تهران
1393,ریاضی,9920,915,منطقه 3,مهندسی عمران,دانشگاه تربیت دبیر شهید رجایی - تهران
1393,ریاضی,9946,916,منطقه 3,مهندسی کامپیوتر,دانشگاه یزد
1393,ریاضی,9954,918,منطقه 3,مهندسی مکانیک,دانشگاه تربیت دبیر شهید رجایی - تهران
1393,ریاضی,9964,920,منطقه 3,مهندسی معماری,دانشگاه تربیت دبیر شهید رجایی - تهران
1393,ریاضی,9976,922,منطقه 3,مهندسی برق,دانشگاه تربیت دبیر شهید رجایی - تهران
1393,ریاضی,10014,923,منطقه 3,مهندسی مکانیک,دانشگاه گیلان - رشت
1393,ریاضی,10038,925,منطقه 3,دبیری ریاضی,پردیس شهید بهشتی - مشهد
1393,ریاضی,10038,925,منطقه 3,مهندسی برق,دانشگاه صنعتی شیراز
1393,ریاضی,10038,925,منطقه 3,مهندسی مکانیک,دانشگاه اصفهان
1393,ریاضی,10051,928,منطقه 3,مهندسی برق,دانشگاه تبریز
1393,ریاضی,10077,930,منطقه 3,فیزیک,دانشگاه علم و صنعت ایران - تهران
1393,ریاضی,10077,930,منطقه 3,مهندسی پزشکی,دانشگاه صنعتی سهند - تبریز
1393,ریاضی,10125,935,منطقه 3,مهندسی عمران,دانشگاه صنعتی بابل
1393,ریاضی,10137,937,منطقه 3,فیزیک,دانشگاه علم و صنعت ایران - تهران
1393,ریاضی,10137,937,منطقه 3,مهندسی کامپیوتر,دانشگاه فردوسی - مشهد
1393,ریاضی,10146,939,منطقه 3,مهندسی صنایع,دانشگاه الزهرا(س) - تهران
1393,ریاضی,10146,939,منطقه 3,مهندسی مکانیک,دانشگاه تربیت دبیر شهید رجایی - تهران
1393,ریاضی,10155,941,منطقه 3,مهندسی نفت,دانشگاه صنعتی امیرکبیر - تهران
1393,ریاضی,10180,944,منطقه 3,مهندسی شیمی,دانشگاه فردوسی - مشهد
1393,ریاضی,10180,944,منطقه 3,مهندسی کامپیوتر,دانشگاه فردوسی - مشهد
1393,ریاضی,10201,946,منطقه 3,علوم مهندسی,دانشگاه تهران
1393,ریاضی,10233,952,منطقه 3,مهندسی برق,دانشگاه شیراز
1393,ریاضی,10281,954,منطقه 3,مهندسی پزشکی,دانشگاه صنعتی همدان
1393,ریاضی,10302,955,منطقه 3,مهندسی عمران,دانشگاه تبریز
1393,ریاضی,10342,957,منطقه 3,فیزیک,دانشگاه شهید بهشتی - تهران
1393,ریاضی,10369,959,منطقه 3,مهندسی عمران,دانشگاه تربیت دبیر شهید رجایی - تهران
1393,ریاضی,10382,960,منطقه 3,مهندسی برق,دانشگاه بوعلی سینا - همدان
1393,ریاضی,10395,962,منطقه 3,مهندسی مکانیک,دانشگاه ارومیه
1393,ریاضی,10410,964,منطقه 3,دبیری فیزیک,پردیس نسیبه - تهران
1393,ریاضی,10410,964,منطقه 3,مهندسی مکانیک,دانشگاه شهید چمران اهواز
1393,ریاضی,10421,966,منطقه 3,مهندسی شیمی,دانشگاه شیراز
1393,ریاضی,10444,968,منطقه 3,دبیری ریاضی,پردیس شهید هاشمی نژاد - مشهد
1393,ریاضی,10472,969,منطقه 3,مهندسی برق,دانشگاه شهید باهنر - کرمان
1393,ریاضی,10482,971,منطقه 3,مهندسی مکانیک,دانشگاه تبریز
1393,ریاضی,10492,972,منطقه 3,مهندسی شیمی,دانشگاه تهران
1393,ریاضی,10500,973,منطقه 3,مهندسی برق,دانشگاه شیراز
1393,ریاضی,10514,974,منطقه 3,مهندسی عمران,دانشگاه گیلان - رشت
1393,ریاضی,10521,976,منطقه 3,مهندسی مکانیک,دانشگاه زنجان
1393,ریاضی,10527,977,منطقه 3,مهندسی عمران,دانشگاه سمنان
1393,ریاضی,10538,979,منطقه 3,مهندسی برق,دانشگاه شاهرود
1393,ریاضی,10558,981,منطقه 3,مهندسی برق,دانشگاه بین المللی امام خمینی(ره) - قزوین
1393,ریاضی,10565,982,منطقه 3,مهندسی عمران,دانشگاه شیراز
1393,ریاضی,10576,984,منطقه 3,مدیریت مالی,دانشگاه الزهرا(س) - تهران
1393,ریاضی,10576,984,منطقه 3,مهندسی برق,دانشگاه شیراز
1393,ریاضی,10576,984,منطقه 3,مهندسی مکانیک,دانشگاه سمنان
1393,ریاضی,10576,984,منطقه 3,مهندسی کامپیوتر,دانشگاه تبریز
1393,ریاضی,10589,987,منطقه 3,مهندسی مکانیک,دانشگاه شهید چمران اهواز
1393,ریاضی,10607,988,منطقه 3,مهندسی کامپیوتر,دانشگاه شهید چمران اهواز
1393,ریاضی,10618,990,منطقه 3,مهندسی شیمی,دانشگاه فردوسی - مشهد
1393,ریاضی,10618,990,منطقه 3,مهندسی مکانیک,دانشگاه شهید چمران اهواز
1393,ریاضی,10628,992,منطقه 3,علوم اقتصادی,دانشگاه شهید بهشتی - تهران
1393,ریاضی,10628,992,منطقه 3,مهندسی برق,دانشگاه فردوسی - مشهد
1393,ریاضی,10640,994,منطقه 3,علوم کامپیوتر,دانشگاه تهران
1393,ریاضی,10653,997,منطقه 3,دبیری ریاضی,پردیس شهید مقصودی - همدان
1393,ریاضی,10653,997,منطقه 3,مهندسی برق,دانشگاه فردوسی - مشهد
1393,ریاضی,10653,997,منطقه 3,مهندسی مکانیک,دانشگاه شهید چمران اهواز
1393,انسانی,2,2,منطقه 1,روانشناسی,دانشگاه تهران
1393,انسانی,3,3,منطقه 1,حقوق,دانشگاه تهران
1393,انسانی,4,4,منطقه 1,حقوق,دانشگاه تهران
1393,انسانی,5,5,منطقه 1,حقوق,دانشگاه تهران
1393,انسانی,7,6,منطقه 1,حقوق,دانشگاه تهران
1393,انسانی,8,7,منطقه 1,حقوق,دانشگاه تهران
1393,انسانی,9,8,منطقه 1,علوم سیاسی,دانشگاه تهران
1393,انسانی,11,10,منطقه 1,حقوق,دانشگاه شهید بهشتی - تهران
1393,انسانی,12,11,منطقه 1,حقوق,دانشگاه تهران
1393,انسانی,16,3,منطقه 2,حقوق,دانشگاه تهران
1393,انسانی,23,4,منطقه 2,کارشناسی ارشدعلوم قضایی,دانشگاه علوم قضایی و خدمات ادارای دادگستری
1393,انسانی,25,20,منطقه 1,حقوق,دانشگاه تهران
1393,انسانی,26,21,منطقه 1,حقوق,دانشگاه تهران
1393,انسانی,36,30,منطقه 1,روانشناسی,دانشگاه شهید بهشتی - تهران
1393,انسانی,37,31,منطقه 1,حقوق,دانشگاه تهران
1393,انسانی,40,9,منطقه 2,روانشناسی,دانشگاه شیراز
1393,انسانی,46,35,منطقه 1,حقوق,دانشگاه تهران
1393,انسانی,47,11,منطقه 2,حقوق,دانشگاه تهران
1393,انسانی,48,36,منطقه 1,روانشناسی,دانشگاه شهید بهشتی - تهران
1393,انسانی,50,38,منطقه 1,روانشناسی,دانشگاه شهید بهشتی - تهران
1393,انسانی,53,41,منطقه 1,حقوق,دانشگاه تبریز
1393,انسانی,54,42,منطقه 1,علوم اجتماعی,دانشگاه تهران
1393,انسانی,55,43,منطقه 1,حقوق,دانشگاه تهران
1393,انسانی,59,47,منطقه 1,روانشناسی,دانشگاه فردوسی - مشهد
1393,انسانی,61,49,منطقه 1,مدیریت مالی,دانشگاه تهران
1393,انسانی,62,50,منطقه 1,حقوق,دانشگاه تهران
1393,انسانی,64,52,منطقه 1,حقوق,دانشگاه تهران
1393,انسانی,65,53,منطقه 1,روانشناسی,دانشگاه تهران
1393,انسانی,70,57,منطقه 1,حقوق,دانشگاه تهران
1393,انسانی,71,58,منطقه 1,روانشناسی,دانشگاه تهران
1393,انسانی,72,3,ایثارگران,حقوق,دانشگاه تهران
1393,انسانی,73,12,منطقه 2,راهنمایی و مشاوره,پردیس شهید باهنر - همدان
1393,انسانی,74,59,منطقه 1,حقوق,دانشگاه تهران
1393,انسانی,76,61,منطقه 1,حقوق,دانشگاه تهران
1393,انسانی,78,63,منطقه 1,حقوق,دانشگاه شهید بهشتی - تهران
1393,انسانی,80,13,منطقه 2,حقوق,دانشگاه شهید بهشتی - تهران
1393,انسانی,83,1,منطقه 3,دبیری زبان و ادبیات عربی,پردیس امام سجاد - بیرجند
1393,انسانی,87,2,منطقه 3,حقوق,دانشگاه تهران
1393,انسانی,90,3,منطقه 3,حقوق,دانشگاه تهران
1393,انسانی,91,71,منطقه 1,حقوق,دانشگاه تهران
1393,انسانی,97,15,منطقه 2,حقوق,دانشگاه شهید بهشتی - تهران
1393,انسانی,99,16,منطقه 2,حقوق,دانشگاه تهران
1393,انسانی,100,78,منطقه 1,حقوق,دانشگاه شهید بهشتی - تهران
1393,انسانی,101,79,منطقه 1,حقوق,دانشگاه تهران
1393,انسانی,104,81,منطقه 1,روانشناسی,دانشگاه شهید بهشتی - تهران
1393,انسانی,105,82,منطقه 1,روانشناسی,دانشگاه اصفهان
1393,انسانی,106,4,ایثارگران,حقوق,دانشگاه تهران
1393,انسانی,106,83,منطقه 1,حقوق,دانشگاه شهید بهشتی - تهران
1393,انسانی,108,84,منطقه 1,فلسفه,دانشگاه تهران
1393,انسانی,112,88,منطقه 1,حقوق,دانشگاه شهید بهشتی - تهران
1393,انسانی,115,91,منطقه 1,مدیریت مالی,دانشگاه تهران
1393,انسانی,116,92,منطقه 1,حقوق,دانشگاه شهید بهشتی - تهران
1393,انسانی,120,20,منطقه 2,حقوق,دانشگاه تهران
1393,انسانی,121,21,منطقه 2,حقوق,دانشگاه شهید بهشتی - تهران
1393,انسانی,122,22,منطقه 2,حقوق,دانشگاه شیراز
1393,انسانی,122,94,منطقه 1,روانشناسی,دانشگاه اصفهان
1393,انسانی,130,5,ایثارگران,روانشناسی,دانشگاه شهید بهشتی - تهران
1393,انسانی,132,99,منطقه 1,زبان و ادبیات فارسی,دانشگاه تهران
1393,انسانی,134,101,منطقه 1,حقوق,دانشگاه شهید بهشتی - تهران
1393,انسانی,136,24,منطقه 2,حقوق,دانشگاه تهران
1393,انسانی,137,25,منطقه 2,حقوق,دانشگاه تهران
1393,انسانی,138,6,منطقه 3,کارشناسی ارشدعلوم قضایی,دانشگاه علوم قضایی و خدمات ادارای دادگستری
1393,انسانی,140,26,منطقه 2,حقوق,دانشگاه شهید بهشتی - تهران
1393,انسانی,142,105,منطقه 1,حقوق,دانشگاه اصفهان
1393,انسانی,143,27,منطقه 2,دبیری الهیات و معارف اسلامی,پردیس نسیبه - تهران
1393,انسانی,145,106,منطقه 1,حقوق,دانشگاه شهید بهشتی - تهران
1393,انسانی,146,29,منطقه 2,حقوق,دانشگاه شهید بهشتی - تهران
1393,انسانی,149,31,منطقه 2,حقوق,دانشگاه تهران
1393,انسانی,151,108,منطقه 1,حقوق,دانشگاه شهید بهشتی - تهران
1393,انسانی,153,109,منطقه 1,حقوق,دانشگاه شهید بهشتی - تهران
1393,انسانی,156,112,منطقه 1,حقوق,دانشگاه تهران
1393,انسانی,159,114,منطقه 1,حقوق,دانشگاه شهید بهشتی - تهران
1393,انسانی,160,35,منطقه 2,حقوق,دانشگاه شهید بهشتی - تهران
1393,انسانی,161,36,منطقه 2,حقوق,دانشگاه تهران
1393,انسانی,163,116,منطقه 1,روانشناسی,دانشگاه اصفهان
1393,انسانی,164,37,منطقه 2,حقوق,دانشگاه تهران
1393,انسانی,164,117,منطقه 1,حقوق,دانشگاه شهید بهشتی - تهران
1393,انسانی,166,38,منطقه 2,حقوق,دانشگاه شهید بهشتی - تهران
1393,انسانی,167,6,ایثارگران,حقوق,دانشگاه شهید بهشتی - تهران
1393,انسانی,168,118,منطقه 1,علوم تربیتی,پردیس شهید هاشمی نژاد - مشهد
1393,انسانی,169,39,منطقه 2,علوم ارتباطات اجتماعی,دانشگاه تهران
1393,انسانی,170,40,منطقه 2,حقوق,دانشگاه شهید بهشتی - تهران
1393,انسانی,172,119,منطقه 1,حقوق,دانشگاه شهید بهشتی - تهران
1393,انسانی,174,41,منطقه 2,حقوق,دانشگاه تهران
1393,انسانی,174,120,منطقه 1,راهنمایی و مشاوره,دانشگاه تهران
1393,انسانی,176,42,منطقه 2,مدیریت مالی,دانشگاه شهید بهشتی - تهران
1393,انسانی,178,43,منطقه 2,کارشناسی ارشدعلوم قضایی,دانشگاه علوم قضایی و خدمات ادارای دادگستری
1393,انسانی,178,123,منطقه 1,حقوق,دانشگاه شهید بهشتی - تهران
1393,انسانی,180,44,منطقه 2,کارشناسی ارشدعلوم قضایی,دانشگاه علوم قضایی و خدمات ادارای دادگستری
1393,انسانی,182,125,منطقه 1,حقوق,دانشگاه شهید بهشتی - تهران
1393,انسانی,183,8,منطقه 3,دبیری علوم اجتماعی,پردیس فاطمه الزهرا(س) ساری
1393,انسانی,185,45,منطقه 2,علوم تربیتی,پردیس شهید هاشمی نژاد - مشهد
1393,انسانی,186,46,منطقه 2,روانشناسی,دانشگاه تهران
1393,انسانی,192,49,منطقه 2,حقوق,دانشگاه شهید بهشتی - تهران
1393,انسانی,194,50,منطقه 2,علوم اقتصادی,دانشگاه شهید بهشتی - تهران
1393,انسانی,197,51,منطقه 2,علوم اجتماعی,دانشگاه تهران
1393,انسانی,201,52,منطقه 2,حقوق,دانشگاه شیراز
1393,انسانی,202,53,منطقه 2,حقوق,دانشگاه تهران
1393,انسانی,204,54,منطقه 2,کارشناسی ارشدعلوم قضایی,دانشگاه علوم قضایی و خدمات ادارای دادگستری
1393,انسانی,205,137,منطقه 1,حقوق,دانشگاه شهید بهشتی - تهران
1393,انسانی,206,55,منطقه 2,کارشناسی ارشدعلوم قضایی,دانشگاه علوم قضایی و خدمات ادارای دادگستری
1393,انسانی,210,141,منطقه 1,حقوق,دانشگاه علامه طباطبایی - تهران
1393,انسانی,210,141,منطقه 1,روانشناسی,دانشگاه الزهرا(س) - تهران
1393,انسانی,212,56,منطقه 2,کارشناسی ارشدعلوم قضایی,دانشگاه علوم قضایی و خدمات ادارای دادگستری
1393,انسانی,216,58,منطقه 2,حقوق,دانشگاه تهران
1393,انسانی,217,59,منطقه 2,حقوق,دانشگاه تهران
1393,انسانی,217,59,منطقه 2,روانشناسی,دانشگاه الزهرا(س) - تهران
1393,انسانی,223,146,منطقه 1,روانشناسی,دانشگاه علامه طباطبایی - تهران
1393,انسانی,225,7,ایثارگران,حقوق,دانشگاه تهران
1393,انسانی,226,65,منطقه 2,حقوق,دانشگاه الزهرا(س) - تهران
1393,انسانی,227,66,منطقه 2,حقوق,دانشگاه تهران
1393,انسانی,230,67,منطقه 2,راهنمایی و مشاوره,پردیس امام سجاد - بیرجند
1393,انسانی,231,149,منطقه 1,روانشناسی,دانشگاه علامه طباطبایی - تهران
1393,انسانی,233,151,منطقه 1,حقوق,دانشگاه شهید بهشتی - تهران
1393,انسانی,235,153,منطقه 1,حقوق,دانشگاه شهید بهشتی - تهران
1393,انسانی,235,153,منطقه 1,علوم ارتباطات اجتماعی,دانشگاه تهران
1393,انسانی,238,156,منطقه 1,روانشناسی,دانشگاه اصفهان
1393,انسانی,239,157,منطقه 1,علوم اجتماعی,دانشگاه تهران
1393,انسانی,240,68,منطقه 2,حقوق,دانشگاه تهران
1393,انسانی,243,71,منطقه 2,مدیریت مالی,دانشگاه تهران
1393,انسانی,245,159,منطقه 1,حقوق,دانشگاه شهید بهشتی - تهران
1393,انسانی,250,163,منطقه 1,حقوق,دانشگاه تهران
1393,انسانی,250,163,منطقه 1,حقوق,دانشگاه فردوسی - مشهد
1393,انسانی,256,168,منطقه 1,حسابداری,دانشگاه تهران
1393,انسانی,263,9,منطقه 3,حقوق,دانشگاه علامه طباطبایی - تهران
1393,انسانی,267,172,منطقه 1,حقوق,دانشگاه علامه طباطبایی - تهران
1393,انسانی,268,173,منطقه 1,مدیریت صنعتی,دانشگاه تهران
1393,انسانی,270,175,منطقه 1,حقوق,دانشگاه فردوسی - مشهد
1393,انسانی,271,176,منطقه 1,راهنمایی و مشاوره,دانشگاه تهران
1393,انسانی,272,11,منطقه 3,حقوق,دانشگاه تهران
1393,انسانی,274,79,منطقه 2,حقوق,دانشگاه علامه طباطبایی - تهران
1393,انسانی,275,178,منطقه 1,حقوق,دانشگاه علامه طباطبایی - تهران
1393,انسانی,280,183,منطقه 1,حقوق,دانشگاه غیرانتفاعی علم و فرهنگ - تهران
1393,انسانی,282,184,منطقه 1,حقوق,دانشگاه علامه طباطبایی - تهران
1393,انسانی,284,186,منطقه 1,حقوق,دانشگاه اصفهان
1393,انسانی,289,191,منطقه 1,مدیریت بازرگانی,دانشگاه تهران
1393,انسانی,290,13,منطقه 3,علوم تربیتی,پردیس حضرت رسول اکرم - اهواز
1393,انسانی,292,81,منطقه 2,روانشناسی,دانشگاه اصفهان
1393,انسانی,295,83,منطقه 2,دبیری الهیات و معارف اسلامی,پردیس نسیبه - تهران
1393,انسانی,297,194,منطقه 1,حقوق,دانشگاه الزهرا(س) - تهران
1393,انسانی,298,84,منطقه 2,علوم تربیتی,پردیس شهید هاشمی نژاد - مشهد
1393,انسانی,299,14,منطقه 3,آموزش زبان و ادبیات فارسی,پردیس امام سجاد - بیرجند
1393,انسانی,300,15,منطقه 3,کارشناسی ارشدعلوم قضایی,دانشگاه علوم قضایی و خدمات ادارای دادگستری
1393,انسانی,304,197,منطقه 1,حقوق,دانشگاه الزهرا(س) - تهران
1393,انسانی,307,85,منطقه 2,حقوق,دانشگاه تهران
1393,انسانی,310,202,منطقه 1,مدیریت بیمه,دانشگاه علامه طباطبایی - تهران
1393,انسانی,311,86,منطقه 2,روانشناسی,دانشگاه شهید بهشتی - تهران
1393,انسانی,313,204,منطقه 1,حقوق,دانشگاه علامه طباطبایی - تهران
1393,انسانی,314,17,منطقه 3,حقوق,دانشگاه اصفهان
1393,انسانی,317,87,منطقه 2,علوم اقتصادی,دانشگاه شهید بهشتی - تهران
1393,انسانی,319,88,منطقه 2,حقوق,دانشگاه علامه طباطبایی - تهران
1393,انسانی,320,89,منطقه 2,کارشناسی ارشدعلوم قضایی,دانشگاه علوم قضایی و خدمات ادارای دادگستری
1393,انسانی,321,90,منطقه 2,حقوق,دانشگاه گیلان - رشت
1393,انسانی,324,91,منطقه 2,حقوق,دانشگاه تهران
1393,انسانی,325,207,منطقه 1,حقوق,دانشگاه اصفهان
1393,انسانی,328,93,منطقه 2,دبیری علوم اجتماعی,پردیس نسیبه - تهران
1393,انسانی,329,94,منطقه 2,مدیریت مالی,دانشگاه تهران
1393,انسانی,331,210,منطقه 1,مدیریت مالی,دانشگاه شهید بهشتی - تهران
1393,انسانی,332,8,ایثارگران,حقوق,دانشگاه تهران
1393,انسانی,332,211,منطقه 1,حقوق,دانشگاه الزهرا(س) - تهران
1393,انسانی,336,95,منطقه 2,روانشناسی,دانشگاه خوارزمی تهران
1393,انسانی,337,21,منطقه 3,آموزش زبان و ادبیات فارسی,پردیس امام سجاد - بیرجند
1393,انسانی,337,96,منطقه 2,حقوق,دانشگاه شهید بهشتی - تهران
1393,انسانی,340,98,منطقه 2,حقوق,دانشگاه علامه طباطبایی - تهران
1393,انسانی,340,98,منطقه 2,کارشناسی ارشدعلوم قضایی,دانشگاه علوم قضایی و خدمات ادارای دادگستری
1393,انسانی,342,9,ایثارگران,روانشناسی,دانشگاه علامه طباطبایی - تهران
1393,انسانی,345,216,منطقه 1,کارشناسی ارشدعلوم قضایی,دانشگاه علوم قضایی و خدمات ادارای دادگستری
1393,انسانی,352,102,منطقه 2,علوم تربیتی,پردیس شهید هاشمی نژاد - مشهد
1393,انسانی,353,22,منطقه 3,دبیری علوم اجتماعی,پردیس نسیبه - تهران
1393,انسانی,356,222,منطقه 1,حقوق,دانشگاه الزهرا(س) - تهران
1393,انسانی,360,105,منطقه 2,حقوق,دانشگاه شهید چمران اهواز
1393,انسانی,361,23,منطقه 3,دبیری زبان و ادبیات عربی,پردیس امام سجاد - بیرجند
1393,انسانی,363,226,منطقه 1,زبان و ادبیات عربی,دانشگاه تهران
1393,انسانی,364,106,منطقه 2,حقوق,دانشگاه فردوسی - مشهد
1393,انسانی,366,228,منطقه 1,حقوق,دانشگاه تبریز
1393,انسانی,367,229,منطقه 1,حقوق,دانشگاه علامه طباطبایی - تهران
1393,انسانی,370,230,منطقه 1,حقوق,دانشگاه اصفهان
1393,انسانی,372,231,منطقه 1,حقوق,دانشگاه الزهرا(س) - تهران
1393,انسانی,374,233,منطقه 1,مدیریت بازرگانی,دانشگاه شهید بهشتی - تهران
1393,انسانی,376,109,منطقه 2,الهیات و معارف اسلامی - فقه و مبانی حقوق اسلامی,دانشگاه تهران
1393,انسانی,378,110,منطقه 2,حقوق,دانشگاه الزهرا(س) - تهران
1393,انسانی,378,110,منطقه 2,راهنمایی و مشاوره,پردیس شهید باهنر - همدان
1393,انسانی,382,113,منطقه 2,دبیری زبان و ادبیات عربی,پردیس نسیبه - تهران
1393,انسانی,383,237,منطقه 1,حقوق,دانشگاه الزهرا(س) - تهران
1393,انسانی,389,240,منطقه 1,روانشناسی,دانشگاه فردوسی - مشهد
1393,انسانی,392,116,منطقه 2,حقوق,دانشگاه تهران
1393,انسانی,393,117,منطقه 2,علوم قضایی,دانشگاه علوم قضایی و خدمات ادارای دادگستری
1393,انسانی,394,242,منطقه 1,حسابداری,دانشگاه شهید بهشتی - تهران
1393,انسانی,397,244,منطقه 1,روانشناسی,دانشگاه فردوسی - مشهد
1393,انسانی,398,119,منطقه 2,دبیری الهیات و معارف اسلامی,پردیس شهید باهنر - اصفهان
1393,انسانی,402,121,منطقه 2,حقوق,دانشگاه تبریز
1393,انسانی,411,124,منطقه 2,علوم تربیتی,پردیس امام جعفر صادق - بجنورد
1393,انسانی,413,26,منطقه 3,حقوق,دانشگاه یزد
1393,انسانی,417,126,منطقه 2,راهنمایی و مشاوره,دانشگاه شهید بهشتی - تهران
1393,انسانی,420,253,منطقه 1,علوم اجتماعی,دانشگاه تهران
1393,انسانی,423,130,منطقه 2,روانشناسی,دانشگاه شاهد - تهران
1393,انسانی,423,254,منطقه 1,حسابداری,دانشگاه تهران
1393,انسانی,428,257,منطقه 1,راهنمایی و مشاوره,دانشگاه تهران
1393,انسانی,429,27,منطقه 3,روانشناسی,دانشگاه فردوسی - مشهد
1393,انسانی,437,262,منطقه 1,حسابداری,دانشگاه شهید بهشتی - تهران
1393,انسانی,438,134,منطقه 2,راهنمایی و مشاوره,پردیس امام سجاد - بیرجند
1393,انسانی,439,263,منطقه 1,روانشناسی,دانشگاه فردوسی - مشهد
1393,انسانی,441,264,منطقه 1,راهنمایی و مشاوره,دانشگاه تهران
1393,انسانی,443,30,منطقه 3,حقوق,دانشگاه تهران
1393,انسانی,445,31,منطقه 3,حقوق,دانشگاه اصفهان
1393,انسانی,446,136,منطقه 2,حقوق,دانشگاه شهید بهشتی - تهران
1393,انسانی,447,267,منطقه 1,حسابداری,دانشگاه علامه طباطبایی - تهران
1393,انسانی,449,138,منطقه 2,حقوق,دانشگاه تبریز
1393,انسانی,451,139,منطقه 2,حقوق,دانشگاه شیراز
1393,انسانی,452,268,منطقه 1,روانشناسی و آموزش کودکان استثنایی,دانشگاه تهران
1393,انسانی,453,140,منطقه 2,حقوق,دانشگاه علامه طباطبایی - تهران
1393,انسانی,455,141,منطقه 2,دبیری زبان و ادبیات عربی,پردیس شهید صدوقی - کرمانشاه
1393,انسانی,457,271,منطقه 1,مدیریت مالی,دانشگاه تهران
1393,انسانی,461,142,منطقه 2,روانشناسی و آموزش کودکان استثنایی,دانشگاه تهران
1393,انسانی,463,32,منطقه 3,تربیت دبیر زبان انگلیسی,پردیس شهید مدرس - ایلام
1393,انسانی,464,275,منطقه 1,حقوق,دانشگاه شاهد - تهران
1393,انسانی,469,145,منطقه 2,حقوق,دانشگاه شهید بهشتی - تهران
1393,انسانی,470,146,منطقه 2,حقوق,دانشگاه اصفهان
1393,انسانی,472,278,منطقه 1,حقوق,دانشگاه فردوسی - مشهد
1393,انسانی,474,148,منطقه 2,حقوق,دانشگاه شهید بهشتی - تهران
1393,انسانی,476,149,منطقه 2,مدیریت مالی,دانشگاه تهران
1393,انسانی,477,150,منطقه 2,حقوق,دانشگاه تهران
1393,انسانی,478,151,منطقه 2,مدیریت مالی,دانشگاه شهید بهشتی - تهران
1393,انسانی,480,281,منطقه 1,مدیریت دولتی,دانشگاه شهید بهشتی - تهران
1393,انسانی,481,152,منطقه 2,حقوق,دانشگاه شهید بهشتی - تهران
1393,انسانی,483,283,منطقه 1,راهنمایی و مشاوره,پردیس نسیبه - تهران
1393,انسانی,485,285,منطقه 1,علوم اجتماعی,دانشگاه تهران
1393,انسانی,487,153,منطقه 2,علوم تربیتی,پردیس فاطمه الزهرا (س) - یزد
1393,انسانی,490,289,منطقه 1,علوم اجتماعی,دانشگاه تهران
1393,انسانی,491,35,منطقه 3,راهنمایی و مشاوره,پردیس امام سجاد - بیرجند
1393,انسانی,493,290,منطقه 1,فلسفه,دانشگاه تهران
1393,انسانی,493,290,منطقه 1,کارشناسی ارشدعلوم قضایی,دانشگاه علوم قضایی و خدمات ادارای دادگستری
1393,انسانی,498,36,منطقه 3,حقوق,دانشگاه اصفهان
1393,انسانی,502,156,منطقه 2,حقوق,دانشگاه شهید بهشتی - تهران
1393,انسانی,504,297,منطقه 1,راهنمایی و مشاوره,دانشگاه شهید بهشتی - تهران
1393,انسانی,510,302,منطقه 1,الهیات و معارف اسلامی - فقه و مبانی حقوق اسلامی,دانشگاه تهران
1393,انسانی,510,302,منطقه 1,حقوق,دانشگاه علامه طباطبایی - تهران
1393,انسانی,517,158,منطقه 2,راهنمایی و مشاوره,دانشگاه تهران
1393,انسانی,519,40,منطقه 3,حقوق,دانشگاه فردوسی - مشهد
1393,انسانی,520,41,منطقه 3,حقوق,دانشگاه فردوسی - مشهد
1393,انسانی,521,16,ایثارگران,حقوق,دانشگاه تهران
1393,انسانی,523,159,منطقه 2,علوم تربیتی,پردیس فاطمه الزهرا (س) - یزد
1393,انسانی,524,308,منطقه 1,زبان و ادبیات فارسی,دانشگاه تهران
1393,انسانی,527,17,ایثارگران,حقوق,دانشگاه شهید بهشتی - تهران
1393,انسانی,528,310,منطقه 1,حقوق,دانشگاه علامه طباطبایی - تهران
1393,انسانی,529,311,منطقه 1,مدیریت بازرگانی,دانشگاه تهران
1393,انسانی,532,312,منطقه 1,حقوق,دانشگاه گیلان - رشت
1393,انسانی,535,164,منطقه 2,مدیریت بازرگانی,دانشگاه شهید بهشتی - تهران
1393,انسانی,536,165,منطقه 2,حقوق,دانشگاه علامه طباطبایی - تهران
1393,انسانی,539,167,منطقه 2,حقوق,دانشگاه شیراز
1393,انسانی,539,167,منطقه 2,راهنمایی و مشاوره,پردیس امام سجاد - بیرجند
1393,انسانی,543,315,منطقه 1,علوم اجتماعی,دانشگاه تهران
1393,انسانی,545,43,منطقه 3,علوم قضایی,دانشگاه علوم قضایی و خدمات ادارای دادگستری
1393,انسانی,546,44,منطقه 3,حقوق,دانشگاه شهید بهشتی - تهران
1393,انسانی,546,317,منطقه 1,روانشناسی,دانشگاه تبریز
1393,انسانی,549,319,منطقه 1,حقوق,دانشگاه علامه طباطبایی - تهران
1393,انسانی,551,171,منطقه 2,حقوق,دانشگاه بوعلی سینا - همدان
1393,انسانی,551,320,منطقه 1,زبان و ادبیات فارسی,دانشگاه تهران
1393,انسانی,553,172,منطقه 2,علوم قضایی,دانشگاه علوم قضایی و خدمات ادارای دادگستری
1393,انسانی,557,175,منطقه 2,روانشناسی و آموزش کودکان استثنایی,دانشگاه تهران
1393,انسانی,559,322,منطقه 1,مدیریت بازرگانی,دانشگاه علامه طباطبایی - تهران
1393,انسانی,560,45,منطقه 3,کارشناسی ارشدعلوم قضایی,دانشگاه علوم قضایی و خدمات ادارای دادگستری
1393,انسانی,561,177,منطقه 2,کارشناسی ارشدعلوم قضایی,دانشگاه علوم قضایی و خدمات ادارای دادگستری
1393,انسانی,563,324,منطقه 1,روانشناسی,دانشگاه فردوسی - مشهد
1393,انسانی,564,178,منطقه 2,حقوق,دانشگاه فردوسی - مشهد
1393,انسانی,564,325,منطقه 1,حقوق,دانشگاه اصفهان
1393,انسانی,566,326,منطقه 1,مدیریت مالی,دانشگاه علوم اقتصادی تهران
1393,انسانی,568,46,منطقه 3,علوم تربیتی,پردیس آیت اله کمال وند - خرم آباد
1393,انسانی,568,327,منطقه 1,مدیریت بازرگانی,دانشگاه شهید بهشتی - تهران
1393,انسانی,570,328,منطقه 1,مدیریت صنعتی,دانشگاه علامه طباطبایی - تهران
1393,انسانی,572,330,منطقه 1,حقوق,دانشگاه غیرانتفاعی علم و فرهنگ - تهران
1393,انسانی,572,330,منطقه 1,علوم اجتماعی,دانشگاه تهران
1393,انسانی,576,180,منطقه 2,حقوق,دانشگاه شیراز
1393,انسانی,580,335,منطقه 1,مدیریت بازرگانی,دانشگاه تهران
1393,انسانی,581,336,منطقه 1,راهنمایی و مشاوره,دانشگاه اصفهان
1393,انسانی,582,48,منطقه 3,علوم تربیتی,پردیس امام سجاد - بیرجند
1393,انسانی,584,338,منطقه 1,حقوق,دانشگاه شیراز
1393,انسانی,585,339,منطقه 1,آموزش زبان و ادبیات فارسی,پردیس شهید باهنر - شهرکرد
1393,انسانی,585,339,منطقه 1,علوم اجتماعی,دانشگاه شهید بهشتی - تهران
1393,انسانی,587,341,منطقه 1,روانشناسی,دانشگاه خوارزمی تهران
1393,انسانی,589,182,منطقه 2,زبان و ادبیات فارسی,دانشگاه تهران
1393,انسانی,592,183,منطقه 2,راهنمایی و مشاوره,پردیس شهید رجایی - سمنان
1393,انسانی,592,342,منطقه 1,حقوق,دانشگاه اصفهان
1393,انسانی,594,184,منطقه 2,حقوق,دانشگاه شهید بهشتی - تهران
1393,انسانی,595,185,منطقه 2,حقوق,دانشگاه شهید بهشتی - تهران
1393,انسانی,596,344,منطقه 1,حقوق,دانشگاه شیراز
1393,انسانی,598,18,ایثارگران,علوم تربیتی,پردیس فاطمه الزهرا (س) - یزد
1393,انسانی,601,187,منطقه 2,راهنمایی و مشاوره,دانشگاه شهید بهشتی - تهران
1393,انسانی,601,346,منطقه 1,آموزش زبان و ادبیات فارسی,پردیس نسیبه - تهران
1393,انسانی,603,347,منطقه 1,حقوق,دانشگاه شاهد - تهران
1393,انسانی,606,51,منطقه 3,علوم تربیتی,پردیس فاطمه الزهرا (س) - یزد
1393,انسانی,607,190,منطقه 2,حقوق,دانشگاه شاهد - تهران
1393,انسانی,609,191,منطقه 2,حقوق,دانشگاه شیراز
1393,انسانی,610,349,منطقه 1,راهنمایی و مشاوره,دانشگاه الزهرا(س) - تهران
1393,انسانی,612,19,ایثارگران,حقوق,دانشگاه تهران
1393,انسانی,612,192,منطقه 2,حقوق,دانشگاه شهید بهشتی - تهران
1393,انسانی,614,351,منطقه 1,حقوق,دانشگاه تبریز
1393,انسانی,617,193,منطقه 2,حقوق,دانشگاه علامه طباطبایی - تهران
1393,انسانی,619,195,منطقه 2,علوم تربیتی,پردیس فاطمه الزهرا (س) - اصفهان
1393,انسانی,621,196,منطقه 2,روانشناسی و آموزش کودکان استثنایی,دانشگاه تهران
1393,انسانی,622,197,منطقه 2,حقوق,دانشگاه شهید بهشتی - تهران
1393,انسانی,624,54,منطقه 3,حقوق,دانشگاه اصفهان
1393,انسانی,624,198,منطقه 2,آموزش زبان و ادبیات فارسی,پردیس امام سجاد - بیرجند
1393,انسانی,632,356,منطقه 1,حسابداری,دانشگاه علامه طباطبایی - تهران
1393,انسانی,634,201,منطقه 2,علوم تربیتی,پردیس فاطمه الزهرا (س) - یزد
1393,انسانی,634,357,منطقه 1,حقوق,دانشگاه علامه طباطبایی - تهران
1393,انسانی,636,358,منطقه 1,حقوق,دانشگاه تهران
1393,انسانی,638,202,منطقه 2,علوم تربیتی,پردیس بنت الهدی صدر - اردبیل
1393,انسانی,650,21,ایثارگران,کارشناسی ارشدعلوم قضایی,دانشگاه علوم قضایی و خدمات ادارای دادگستری
1393,انسانی,651,61,منطقه 3,روانشناسی,دانشگاه شهید چمران اهواز
1393,انسانی,653,363,منطقه 1,حقوق,دانشگاه علامه طباطبایی - تهران
1393,انسانی,654,209,منطقه 2,حقوق,دانشگاه مازندران - بابلسر
1393,انسانی,658,23,ایثارگران,علوم قضایی,دانشگاه علوم قضایی و خدمات ادارای دادگستری
1393,انسانی,659,210,منطقه 2,حقوق,دانشگاه شهید بهشتی - تهران
1393,انسانی,661,366,منطقه 1,روانشناسی,دانشگاه اصفهان
1393,انسانی,666,369,منطقه 1,الهیات و معارف اسلامی - فقه و مبانی حقوق اسلامی,دانشگاه تهران
1393,انسانی,669,24,ایثارگران,حقوق,دانشگاه تهران
1393,انسانی,671,371,منطقه 1,حقوق,دانشگاه شاهد - تهران
1393,انسانی,673,64,منطقه 3,حقوق,دانشگاه شهید بهشتی - تهران
1393,انسانی,674,372,منطقه 1,راهنمایی و مشاوره,پردیس نسیبه - تهران
1393,انسانی,677,216,منطقه 2,کارشناسی ارشد پیوسته معارف اسلامی و حقوق,دانشگاه شهید باهنر - کرمان
1393,انسانی,678,66,منطقه 3,حقوق,دانشگاه شیراز
1393,انسانی,680,373,منطقه 1,علوم قضایی,دانشگاه علوم قضایی و خدمات ادارای دادگستری
1393,انسانی,682,374,منطقه 1,مدیریت دولتی,دانشگاه شهید بهشتی - تهران
1393,انسانی,686,68,منطقه 3,حقوق,دانشگاه مازندران - بابلسر
1393,انسانی,688,221,منطقه 2,علوم قضایی,دانشگاه علوم قضایی و خدمات ادارای دادگستری
1393,انسانی,688,375,منطقه 1,الهیات و معارف اسلامی - فقه و مبانی حقوق اسلامی,دانشگاه تهران
1393,انسانی,691,376,منطقه 1,روزنامه نگاری,دانشگاه علامه طباطبایی - تهران
1393,انسانی,693,378,منطقه 1,دبیری الهیات و معارف اسلامی,پردیس امام سجاد - بیرجند
1393,انسانی,695,70,منطقه 3,روانشناسی,دانشگاه الزهرا(س) - تهران
1393,انسانی,696,379,منطقه 1,مدیریت مالی,دانشگاه علوم اقتصادی تهران
1393,انسانی,697,71,منطقه 3,روانشناسی,دانشگاه خوارزمی تهران
1393,انسانی,700,72,منطقه 3,حقوق,دانشگاه تهران
1393,انسانی,700,380,منطقه 1,حقوق,دانشگاه فردوسی - مشهد
1393,انسانی,700,380,منطقه 1,علوم اقتصادی,دانشگاه شهید بهشتی - تهران
1393,انسانی,706,226,منطقه 2,علوم اقتصادی,دانشگاه شهید بهشتی - تهران
1393,انسانی,706,226,منطقه 2,مدیریت مالی,دانشگاه الزهرا(س) - تهران
1393,انسانی,706,383,منطقه 1,حقوق,دانشگاه علامه طباطبایی - تهران
1393,انسانی,706,383,منطقه 1,مدیریت صنعتی,دانشگاه شهید بهشتی - تهران
1393,انسانی,709,385,منطقه 1,روابط عمومی,دانشگاه علامه طباطبایی - تهران
1393,انسانی,709,385,منطقه 1,علوم تربیتی,پردیس نسیبه - تهران
1393,انسانی,712,387,منطقه 1,روانشناسی,دانشگاه اصفهان
1393,انسانی,714,389,منطقه 1,مدیریت بازرگانی,دانشگاه الزهرا(س) - تهران
1393,انسانی,716,391,منطقه 1,روانشناسی,دانشگاه اصفهان
1393,انسانی,717,228,منطقه 2,دبیری الهیات و معارف اسلامی,پردیس امام سجاد - بیرجند
1393,انسانی,719,229,منطقه 2,علوم تربیتی,پردیس شهید باهنر - همدان
1393,انسانی,725,232,منطقه 2,راهنمایی و مشاوره,دانشگاه شهید بهشتی - تهران
1393,انسانی,726,74,منطقه 3,حقوق,دانشگاه تهران
1393,انسانی,727,75,منطقه 3,حقوق,دانشگاه مازندران - بابلسر
1393,انسانی,731,397,منطقه 1,روانشناسی و آموزش کودکان استثنایی,دانشگاه تهران
1393,انسانی,734,236,منطقه 2,راهنمایی و مشاوره,دانشگاه الزهرا(س) - تهران
1393,انسانی,739,400,منطقه 1,سنجش از دور و سیستم اطلاعات جغرافیایی,دانشگاه تهران
1393,انسانی,740,237,منطقه 2,حسابداری,دانشگاه الزهرا(س) - تهران
1393,انسانی,742,239,منطقه 2,روانشناسی,دانشگاه سمنان
1393,انسانی,743,401,منطقه 1,مدیریت صنعتی,دانشگاه شهید بهشتی - تهران
1393,انسانی,749,26,ایثارگران,حقوق,دانشگاه شهید بهشتی - تهران
1393,انسانی,749,406,منطقه 1,حقوق,دانشگاه شاهد - تهران
1393,انسانی,752,407,منطقه 1,حقوق,دانشگاه تهران
1393,انسانی,755,242,منطقه 2,کارشناسی ارشد پیوسته معارف اسلامی و حقوق,دانشگاه شهید باهنر - کرمان
1393,انسانی,757,409,منطقه 1,حسابداری,دانشگاه علوم اقتصادی تهران
1393,انسانی,760,244,منطقه 2,علوم تربیتی,پردیس فاطمه الزهرا (س) - یزد
1393,انسانی,761,412,منطقه 1,حقوق,دانشگاه فردوسی - مشهد
1393,انسانی,765,80,منطقه 3,علوم تربیتی,پردیس امام جعفر صادق - بجنورد
1393,انسانی,772,418,منطقه 1,مدیریت مالی,دانشگاه علوم اقتصادی تهران
1393,انسانی,775,248,منطقه 2,حقوق,دانشگاه یزد
1393,انسانی,778,421,منطقه 1,مدیریت بازرگانی,دانشگاه علامه طباطبایی - تهران
1393,انسانی,782,251,منطقه 2,حقوق,دانشگاه شاهد - تهران
1393,انسانی,789,253,منطقه 2,روانشناسی,دانشگاه اصفهان
1393,انسانی,792,425,منطقه 1,روانشناسی,دانشگاه خوارزمی تهران
1393,انسانی,794,426,منطقه 1,روانشناسی,دانشگاه اصفهان
1393,انسانی,797,256,منطقه 2,کارشناسی ارشد پیوسته معارف اسلامی و حقوق,دانشگاه شهید باهنر - کرمان
1393,انسانی,799,429,منطقه 1,علوم قضایی,دانشگاه علوم قضایی و خدمات ادارای دادگستری
1393,انسانی,802,259,منطقه 2,علوم اجتماعی,دانشگاه تهران
1393,انسانی,802,259,منطقه 2,علوم قضایی,دانشگاه علوم قضایی و خدمات ادارای دادگستری
1393,انسانی,807,433,منطقه 1,حسابداری,دانشگاه علامه طباطبایی - تهران
1393,انسانی,807,433,منطقه 1,حقوق,دانشگاه شاهد - تهران
1393,انسانی,809,262,منطقه 2,حقوق,دانشگاه شهید مدنی آذربایجان - تبریز
1393,انسانی,814,264,منطقه 2,مدیریت مالی,دانشگاه الزهرا(س) - تهران
1393,انسانی,814,437,منطقه 1,علوم سیاسی,دانشگاه تهران
1393,انسانی,816,265,منطقه 2,حقوق,دانشگاه بیرجند
1393,انسانی,816,265,منطقه 2,روانشناسی,دانشگاه خوارزمی تهران
1393,انسانی,819,438,منطقه 1,راهنمایی و مشاوره,دانشگاه اصفهان
1393,انسانی,821,440,منطقه 1,روانشناسی,دانشگاه بیرجند
1393,انسانی,824,441,منطقه 1,حقوق,دانشگاه شیراز
1393,انسانی,825,268,منطقه 2,علوم تربیتی,پردیس شهید باهنر - همدان
1393,انسانی,827,269,منطقه 2,آموزش زبان و ادبیات فارسی,پردیس امام سجاد - بیرجند
1393,انسانی,830,443,منطقه 1,حقوق,دانشگاه تهران
1393,انسانی,834,446,منطقه 1,فلسفه,دانشگاه تهران
1393,انسانی,835,447,منطقه 1,حقوق,دانشگاه تهران
1393,انسانی,836,272,منطقه 2,حقوق,دانشگاه الزهرا(س) - تهران
1393,انسانی,839,91,منطقه 3,علوم تربیتی,پردیس امام جعفر صادق - بجنورد
1393,انسانی,839,273,منطقه 2,دبیری الهیات و معارف اسلامی,پردیس فاطمه الزهرا(س) ساری
1393,انسانی,839,448,منطقه 1,حقوق,دانشگاه فردوسی - مشهد
1393,انسانی,841,92,منطقه 3,راهنمایی و مشاوره,دانشگاه تهران
1393,انسانی,842,274,منطقه 2,علوم اجتماعی,دانشگاه تهران
1393,انسانی,842,449,منطقه 1,علوم اجتماعی,دانشگاه شهید بهشتی - تهران
1393,انسانی,849,94,منطقه 3,روانشناسی,دانشگاه اصفهان
1393,انسانی,849,451,منطقه 1,مدیریت بیمه,دانشگاه علوم اقتصادی تهران
1393,انسانی,852,279,منطقه 2,حقوق,دانشگاه یزد
1393,انسانی,854,453,منطقه 1,حقوق,دانشگاه یزد
1393,انسانی,854,453,منطقه 1,روانشناسی,دانشگاه فردوسی - مشهد
1393,انسانی,854,453,منطقه 1,مدیریت صنعتی,دانشگاه تهران
1393,انسانی,856,280,منطقه 2,علوم قضایی,دانشگاه علوم قضایی و خدمات ادارای دادگستری
1393,انسانی,859,281,منطقه 2,آموزش زبان و ادبیات فارسی,پردیس امام سجاد - بیرجند
1393,انسانی,859,281,منطقه 2,حقوق,دانشگاه تهران
1393,انسانی,859,455,منطقه 1,مدیریت مالی,دانشگاه الزهرا(س) - تهران
1393,انسانی,862,457,منطقه 1,زبان و ادبیات انگلیسی,دانشگاه فردوسی - مشهد
1393,انسانی,864,283,منطقه 2,کارشناسی ارشد پیوسته معارف اسلامی و حقوق,دانشگاه شهید باهنر - کرمان
1393,انسانی,866,96,منطقه 3,حقوق,دانشگاه شیراز
1393,انسانی,866,459,منطقه 1,راهنمایی و مشاوره,دانشگاه الزهرا(س) - تهران
1393,انسانی,869,461,منطقه 1,علوم اقتصادی,دانشگاه شهید بهشتی - تهران
1393,انسانی,870,97,منطقه 3,حقوق,دانشگاه تهران
1393,انسانی,872,463,منطقه 1,حسابداری,دانشگاه اصفهان
1393,انسانی,872,463,منطقه 1,روانشناسی,دانشگاه خوارزمی تهران
1393,انسانی,874,98,منطقه 3,آموزش زبان و ادبیات فارسی,پردیس امام سجاد - بیرجند
1393,انسانی,874,98,منطقه 3,حقوق,دانشگاه شهید بهشتی - تهران
1393,انسانی,876,285,منطقه 2,آموزش زبان و ادبیات فارسی,پردیس امام سجاد - بیرجند
1393,انسانی,877,465,منطقه 1,علوم قضایی,دانشگاه علوم قضایی و خدمات ادارای دادگستری
1393,انسانی,879,286,منطقه 2,مدیریت صنعتی,دانشگاه تهران
1393,انسانی,880,287,منطقه 2,راهنمایی و مشاوره,دانشگاه الزهرا(س) - تهران
1393,انسانی,882,289,منطقه 2,آموزش زبان و ادبیات فارسی,پردیس نسیبه - تهران
1393,انسانی,882,467,منطقه 1,مدیریت دولتی,دانشگاه علامه طباطبایی - تهران
1393,انسانی,884,290,منطقه 2,راهنمایی و مشاوره,دانشگاه تهران
1393,انسانی,889,292,منطقه 2,علوم تربیتی,پردیس شهید باهنر - همدان
1393,انسانی,891,100,منطقه 3,حقوق,دانشگاه شهید بهشتی - تهران
1393,انسانی,891,472,منطقه 1,الهیات و معارف اسلامی - فقه و مبانی حقوق اسلامی,دانشگاه تهران
1393,انسانی,893,101,منطقه 3,دبیری الهیات و معارف اسلامی,پردیس امام سجاد - بیرجند
1393,انسانی,895,103,منطقه 3,حقوق,دانشگاه تهران
1393,انسانی,896,473,منطقه 1,مدیریت بازرگانی,دانشگاه الزهرا(س) - تهران
1393,انسانی,903,29,ایثارگران,حقوق,دانشگاه شهید بهشتی - تهران
1393,انسانی,907,298,منطقه 2,آموزش زبان و ادبیات فارسی,پردیس امام سجاد - بیرجند
1393,انسانی,907,477,منطقه 1,علوم تربیتی,پردیس شهید هاشمی نژاد - مشهد
1393,انسانی,910,479,منطقه 1,حقوق,دانشگاه شیراز
1393,انسانی,912,30,ایثارگران,علوم اجتماعی,دانشگاه تهران
1393,انسانی,914,300,منطقه 2,مدیریت بازرگانی,دانشگاه علامه طباطبایی - تهران
1393,انسانی,914,300,منطقه 2,مدیریت صنعتی,دانشگاه علامه طباطبایی - تهران
1393,انسانی,922,485,منطقه 1,مدیریت بازرگانی,دانشگاه الزهرا(س) - تهران
1393,انسانی,924,106,منطقه 3,دبیری الهیات و معارف اسلامی,پردیس فاطمه الزهرا(س) ساری
1393,انسانی,924,303,منطقه 2,حقوق,دانشگاه علامه طباطبایی - تهران
1393,انسانی,926,304,منطقه 2,حقوق,دانشگاه تهران
1393,انسانی,926,304,منطقه 2,زبان و ادبیات فارسی,دانشگاه تهران
1393,انسانی,929,108,منطقه 3,علوم قضایی,دانشگاه علوم قضایی و خدمات ادارای دادگستری
1393,انسانی,931,110,منطقه 3,حقوق,دانشگاه شیراز
1393,انسانی,933,487,منطقه 1,الهیات و معارف اسلامی - فقه و حقوق اسلامی,دانشگاه شهید مطهری
1393,انسانی,935,489,منطقه 1,حقوق,دانشگاه شیراز
1393,انسانی,937,307,منطقه 2,حقوق,دانشگاه مازندران - بابلسر
1393,انسانی,937,491,منطقه 1,مدیریت بازرگانی,دانشگاه علامه طباطبایی - تهران
1393,انسانی,939,492,منطقه 1,مدیریت امور بانکی,دانشگاه علوم اقتصادی تهران
1393,انسانی,941,111,منطقه 3,علوم تربیتی,پردیس آیت اله کمال وند - خرم آباد
1393,انسانی,943,308,منطقه 2,علوم قضایی,دانشگاه علوم قضایی و خدمات ادارای دادگستری
1393,انسانی,944,113,منطقه 3,حقوق,دانشگاه تهران
1393,انسانی,947,114,منطقه 3,علوم قضایی,دانشگاه علوم قضایی و خدمات ادارای دادگستری
1393,انسانی,947,496,منطقه 1,حقوق,دانشگاه بین المللی امام خمینی(ره) - قزوین
1393,انسانی,950,115,منطقه 3,دبیری الهیات و معارف اسلامی,پردیس شهید باهنر - همدان
1393,انسانی,952,310,منطقه 2,حقوق,دانشگاه الزهرا(س) - تهران
1393,انسانی,956,117,منطقه 3,حقوق,دانشگاه تهران
1393,انسانی,958,313,منطقه 2,حقوق,دانشگاه شیراز
1393,انسانی,959,499,منطقه 1,حقوق,دانشگاه فردوسی - مشهد
1393,انسانی,960,31,ایثارگران,علوم تربیتی,پردیس شهید هاشمی نژاد - مشهد
1393,انسانی,962,500,منطقه 1,علوم اجتماعی,دانشگاه شهید بهشتی - تهران
1393,انسانی,964,32,ایثارگران,راهنمایی و مشاوره,پردیس امام سجاد - بیرجند
1393,انسانی,964,118,منطقه 3,دبیری تاریخ,پردیس شهید چمران - تهران
1393,انسانی,967,502,منطقه 1,باستانشناسی,دانشگاه تهران
1393,انسانی,970,504,منطقه 1,زبان و ادبیات فارسی,دانشگاه شهید بهشتی - تهران
1393,انسانی,970,504,منطقه 1,علوم قضایی,دانشگاه علوم قضایی و خدمات ادارای دادگستری
1393,انسانی,974,318,منطقه 2,راهنمایی و مشاوره,دانشگاه اصفهان
1393,انسانی,975,507,منطقه 1,الهیات و معارف اسلامی - فقه و مبانی حقوق اسلامی,دانشگاه فردوسی - مشهد
1393,انسانی,976,508,منطقه 1,علوم سیاسی,دانشگاه تهران
1393,انسانی,978,319,منطقه 2,علوم قضایی,دانشگاه علوم قضایی و خدمات ادارای دادگستری
1393,انسانی,978,509,منطقه 1,حقوق,دانشگاه تهران
1393,انسانی,981,119,منطقه 3,علوم تربیتی,پردیس امام جعفر صادق - بجنورد
1393,انسانی,985,33,ایثارگران,حقوق,دانشگاه شهید بهشتی - تهران
1393,انسانی,987,513,منطقه 1,حقوق,دانشگاه تهران
1393,انسانی,987,513,منطقه 1,علوم قضایی,دانشگاه علوم قضایی و خدمات ادارای دادگستری
1393,انسانی,989,321,منطقه 2,حقوق,دانشگاه شیراز
1393,انسانی,989,515,منطقه 1,الهیات و معارف اسلامی - فقه و مبانی حقوق اسلامی,دانشگاه فردوسی - مشهد
1393,انسانی,991,322,منطقه 2,دبیری زبان و ادبیات عربی,پردیس نسیبه - تهران
1393,انسانی,995,323,منطقه 2,حقوق,دانشگاه علامه طباطبایی - تهران
1393,انسانی,997,519,منطقه 1,حسابداری,دانشگاه علوم اقتصادی تهران
1393,انسانی,999,521,منطقه 1,حقوق,دانشگاه شاهد - تهران
1393,انسانی,1001,326,منطقه 2,حقوق,دانشگاه بوعلی سینا - همدان
1393,انسانی,1003,327,منطقه 2,روانشناسی,دانشگاه بجنورد
1393,انسانی,1009,123,منطقه 3,راهنمایی و مشاوره,پردیس شهید باهنر - همدان
1393,انسانی,1009,526,منطقه 1,حقوق,دانشگاه شیراز
1393,انسانی,1012,528,منطقه 1,الهیات و معارف اسلامی - فقه و مبانی حقوق اسلامی,دانشگاه الزهرا(س) - تهران
1393,انسانی,1012,528,منطقه 1,علوم اجتماعی,دانشگاه تهران
1393,انسانی,1015,329,منطقه 2,دبیری الهیات و معارف اسلامی,پردیس شهید رجایی - ارومیه
1393,انسانی,1017,531,منطقه 1,حقوق,دانشگاه بین المللی امام خمینی(ره) - قزوین
1393,انسانی,1017,531,منطقه 1,مدیریت امور بانکی,دانشگاه علوم اقتصادی تهران
1393,انسانی,1017,531,منطقه 1,مدیریت بازرگانی,دانشگاه علامه طباطبایی - تهران
1393,انسانی,1020,533,منطقه 1,دبیری الهیات و معارف اسلامی,پردیس نسیبه - تهران
1393,انسانی,1021,124,منطقه 3,حقوق,دانشگاه شیراز
1393,انسانی,1021,331,منطقه 2,راهنمایی و مشاوره,دانشگاه بجنورد
1393,انسانی,1026,334,منطقه 2,حقوق,دانشگاه یزد
1393,انسانی,1026,334,منطقه 2,روانشناسی,دانشگاه خوارزمی تهران
1393,انسانی,1030,337,منطقه 2,حقوق,دانشگاه بوعلی سینا - همدان
1393,انسانی,1032,338,منطقه 2,دبیری علوم اجتماعی,پردیس فاطمه الزهرا(س) ساری
1393,انسانی,1034,127,منطقه 3,دبیری تاریخ,پردیس نسیبه - تهران
1393,انسانی,1036,128,منطقه 3,روانشناسی,دانشگاه شیراز
1393,انسانی,1038,339,منطقه 2,علوم اقتصادی,دانشگاه علامه طباطبایی - تهران
1393,انسانی,1042,130,منطقه 3,حقوق,دانشگاه شهید بهشتی - تهران
1393,انسانی,1042,130,منطقه 3,علوم تربیتی,پردیس امام سجاد - بیرجند
1393,انسانی,1045,132,منطقه 3,حقوق,دانشگاه یزد
1393,انسانی,1045,342,منطقه 2,آموزش زبان و ادبیات فارسی,پردیس شهید باهنر - شهرکرد
1393,انسانی,1047,133,منطقه 3,دبیری الهیات و معارف اسلامی,پردیس نسیبه - تهران
1393,انسانی,1049,344,منطقه 2,مدیریت بازرگانی,دانشگاه تهران
1393,انسانی,1049,538,منطقه 1,علوم تربیتی,دانشگاه تهران
1393,انسانی,1051,345,منطقه 2,راهنمایی و مشاوره,دانشگاه تهران
1393,انسانی,1051,539,منطقه 1,روانشناسی,دانشگاه فردوسی - مشهد
1393,انسانی,1053,134,منطقه 3,روانشناسی,دانشگاه فردوسی - مشهد
1393,انسانی,1053,540,منطقه 1,حقوق,دانشگاه شاهد - تهران
1393,انسانی,1055,346,منطقه 2,حقوق,دانشگاه تهران
1393,انسانی,1056,135,منطقه 3,حقوق,دانشگاه مازندران - بابلسر
1393,انسانی,1058,542,منطقه 1,حقوق,دانشگاه شیراز
1393,انسانی,1060,136,منطقه 3,علوم قضایی,دانشگاه علوم قضایی و خدمات ادارای دادگستری
1393,انسانی,1063,137,منطقه 3,حقوق,دانشگاه گیلان - رشت
1393,انسانی,1063,545,منطقه 1,علوم تربیتی,دانشگاه علامه طباطبایی - تهران
1393,انسانی,1065,348,منطقه 2,علوم قضایی,دانشگاه علوم قضایی و خدمات ادارای دادگستری
1393,انسانی,1069,547,منطقه 1,الهیات و معارف اسلامی - علوم قرآن و حدیث,دانشگاه تهران
1393,انسانی,1069,547,منطقه 1,حقوق,دانشگاه قم
1393,انسانی,1074,351,منطقه 2,روانشناسی,دانشگاه شیراز
1393,انسانی,1076,352,منطقه 2,راهنمایی و مشاوره,دانشگاه خوارزمی تهران
1393,انسانی,1078,353,منطقه 2,حقوق,دانشگاه تهران
1393,انسانی,1078,551,منطقه 1,مدیریت بازرگانی,دانشگاه الزهرا(س) - تهران
1393,انسانی,1082,138,منطقه 3,علوم قضایی,دانشگاه علوم قضایی و خدمات ادارای دادگستری
1393,انسانی,1082,355,منطقه 2,علوم قضایی,دانشگاه علوم قضایی و خدمات ادارای دادگستری
1393,انسانی,1084,357,منطقه 2,دبیری تاریخ,پردیس نسیبه - تهران
1393,انسانی,1086,139,منطقه 3,حقوق,دانشگاه شهید بهشتی - تهران
1393,انسانی,1090,554,منطقه 1,حقوق,دانشگاه تبریز
1393,انسانی,1090,554,منطقه 1,حقوق,دانشگاه تهران
1393,انسانی,1094,557,منطقه 1,مدیریت دولتی,دانشگاه تهران
1393,انسانی,1097,140,منطقه 3,حقوق,دانشگاه شیراز
1393,انسانی,1097,363,منطقه 2,آموزش زبان و ادبیات فارسی,پردیس امام سجاد - بیرجند
1393,انسانی,1101,365,منطقه 2,روانشناسی,دانشگاه شهید باهنر - کرمان
1393,انسانی,1105,141,منطقه 3,علوم قضایی,دانشگاه علوم قضایی و خدمات ادارای دادگستری
1393,انسانی,1105,560,منطقه 1,علوم قضایی,دانشگاه علوم قضایی و خدمات ادارای دادگستری
1393,انسانی,1109,368,منطقه 2,حقوق,دانشگاه بوعلی سینا - همدان
1393,انسانی,1109,562,منطقه 1,حسابداری,دانشگاه علوم اقتصادی تهران
1393,انسانی,1112,142,منطقه 3,حقوق,دانشگاه شهید بهشتی - تهران
1393,انسانی,1115,371,منطقه 2,روانشناسی,دانشگاه یزد
1393,انسانی,1118,374,منطقه 2,حقوق,دانشگاه یزد
1393,انسانی,1118,374,منطقه 2,دبیری زبان و ادبیات عربی,پردیس شهید مدرس - سنندج
1393,انسانی,1120,143,منطقه 3,روانشناسی,دانشگاه تبریز
1393,انسانی,1121,144,منطقه 3,روانشناسی,دانشگاه شهید چمران اهواز
1393,انسانی,1123,376,منطقه 2,حقوق,دانشگاه یزد
1393,انسانی,1125,377,منطقه 2,دبیری الهیات و معارف اسلامی,پردیس نسیبه - تهران
1393,انسانی,1126,145,منطقه 3,حقوق,دانشگاه شیراز
1393,انسانی,1126,566,منطقه 1,حقوق,دانشگاه تهران
1393,انسانی,1129,568,منطقه 1,حقوق,دانشگاه شاهد - تهران
1393,انسانی,1131,570,منطقه 1,علوم اجتماعی,دانشگاه تهران
1393,انسانی,1136,146,منطقه 3,حقوق,دانشگاه شهید بهشتی - تهران
1393,انسانی,1139,575,منطقه 1,مدیریت بازرگانی,دانشگاه شیراز
1393,انسانی,1141,380,منطقه 2,حسابداری,دانشگاه اصفهان
1393,انسانی,1148,386,منطقه 2,مدیریت بازرگانی,دانشگاه تهران
1393,انسانی,1150,577,منطقه 1,حسابداری,دانشگاه علوم اقتصادی تهران
1393,انسانی,1150,577,منطقه 1,مدیریت مالی,دانشگاه علوم اقتصادی تهران
1393,انسانی,1154,147,منطقه 3,راهنمایی و مشاوره,دانشگاه شهید بهشتی - تهران
1393,انسانی,1158,389,منطقه 2,راهنمایی و مشاوره,دانشگاه تهران
1393,انسانی,1158,389,منطقه 2,علوم قضایی,دانشگاه علوم قضایی و خدمات ادارای دادگستری
1393,انسانی,1158,582,منطقه 1,راهنمایی و مشاوره,دانشگاه اصفهان
1393,انسانی,1160,583,منطقه 1,علوم سیاسی,دانشگاه تهران
1393,انسانی,1165,393,منطقه 2,روانشناسی,دانشگاه شهید باهنر - کرمان
1393,انسانی,1171,397,منطقه 2,دبیری زبان و ادبیات عربی,پردیس نسیبه - تهران
1393,انسانی,1174,586,منطقه 1,راهنمایی و مشاوره,دانشگاه خوارزمی تهران
1393,انسانی,1176,149,منطقه 3,علوم تربیتی,پردیس شهید صدوقی - کرمانشاه
1393,انسانی,1179,588,منطقه 1,حسابداری,دانشگاه علوم اقتصادی تهران
1393,انسانی,1181,150,منطقه 3,دبیری تاریخ,پردیس نسیبه - تهران
1393,انسانی,1181,401,منطقه 2,حقوق,دانشگاه شهید مدنی آذربایجان - تبریز
1393,انسانی,1184,591,منطقه 1,حقوق,دانشگاه شاهد - تهران
1393,انسانی,1184,591,منطقه 1,زبان و ادبیات فارسی,دانشگاه شهید بهشتی - تهران
1393,انسانی,1188,593,منطقه 1,علوم تربیتی,پردیس فاطمه الزهرا (س) - اصفهان
1393,انسانی,1190,152,منطقه 3,حقوق,دانشگاه یزد
1393,انسانی,1190,403,منطقه 2,حقوق,دانشگاه علامه طباطبایی - تهران
1393,انسانی,1193,404,منطقه 2,روانشناسی,دانشگاه یزد
1393,انسانی,1193,404,منطقه 2,مدیریت مالی,دانشگاه یزد
1393,انسانی,1196,154,منطقه 3,حقوق,دانشگاه علامه طباطبایی - تهران
1393,انسانی,1198,597,منطقه 1,علوم قضایی,دانشگاه علوم قضایی و خدمات ادارای دادگستری
1393,انسانی,1200,406,منطقه 2,حقوق,دانشگاه علامه طباطبایی - تهران
1393,انسانی,1201,155,منطقه 3,دبیری زبان و ادبیات عربی,پردیس امام سجاد - بیرجند
1393,انسانی,1202,599,منطقه 1,مدیریت بیمه,دانشگاه علامه طباطبایی - تهران
1393,انسانی,1205,408,منطقه 2,علوم ارتباطات اجتماعی,دانشگاه تهران
1393,انسانی,1205,600,منطقه 1,مدیریت صنعتی,دانشگاه علامه طباطبایی - تهران
1393,انسانی,1208,602,منطقه 1,زبان و ادبیات عربی,دانشگاه اصفهان
1393,انسانی,1216,606,منطقه 1,راهنمایی و مشاوره,دانشگاه خوارزمی تهران
1393,انسانی,1219,607,منطقه 1,الهیات و معارف اسلامی - فقه و مبانی حقوق اسلامی,دانشگاه فردوسی - مشهد
1393,انسانی,1219,607,منطقه 1,علوم سیاسی,دانشگاه تهران
1393,انسانی,1222,157,منطقه 3,علوم تربیتی,پردیس آیت اله کمال وند - خرم آباد
1393,انسانی,1222,609,منطقه 1,حقوق,دانشگاه قم
1393,انسانی,1225,158,منطقه 3,حقوق,دانشگاه شیراز
1393,انسانی,1225,158,منطقه 3,علوم سیاسی,دانشگاه تهران
1393,انسانی,1227,416,منطقه 2,دبیری الهیات و معارف اسلامی,پردیس فاطمه الزهرا (س) - اصفهان
1393,انسانی,1229,160,منطقه 3,علوم تربیتی,پردیس بنت الهدی صدر - سنندج
1393,انسانی,1233,418,منطقه 2,حقوق,دانشگاه مازندران - بابلسر
1393,انسانی,1235,613,منطقه 1,راهنمایی و مشاوره,دانشگاه اصفهان
1393,انسانی,1237,420,منطقه 2,روانشناسی,دانشگاه شهید باهنر - کرمان
1393,انسانی,1238,614,منطقه 1,علوم سیاسی,دانشگاه تهران
1393,انسانی,1240,422,منطقه 2,حقوق,دانشگاه قم
1393,انسانی,1244,615,منطقه 1,مدیریت بازرگانی,دانشگاه الزهرا(س) - تهران
1393,انسانی,1247,162,منطقه 3,حقوق,دانشگاه بین المللی امام خمینی(ره) - قزوین
1393,انسانی,1247,162,منطقه 3,علوم تربیتی,پردیس شهید صدوقی - کرمانشاه
1393,انسانی,1250,424,منطقه 2,آموزش زبان و ادبیات فارسی,پردیس امام سجاد - بیرجند
1393,انسانی,1253,165,منطقه 3,علوم قضایی,دانشگاه علوم قضایی و خدمات ادارای دادگستری
1393,انسانی,1253,620,منطقه 1,حقوق,دانشگاه یزد
1393,انسانی,1253,620,منطقه 1,راهنمایی و مشاوره,دانشگاه اصفهان
1393,انسانی,1253,620,منطقه 1,مدیریت بازرگانی,دانشگاه شاهد - تهران
1393,انسانی,1265,430,منطقه 2,علوم تربیتی,پردیس علامه طباطبایی - ارومیه
1393,انسانی,1266,623,منطقه 1,مدیریت مالی,دانشگاه الزهرا(س) - تهران
1393,انسانی,1270,168,منطقه 3,حقوق,دانشگاه حکیم سبزواری - سبزوار
1393,انسانی,1270,625,منطقه 1,روانشناسی,دانشگاه فردوسی - مشهد
1393,انسانی,1272,432,منطقه 2,حقوق,دانشگاه سمنان
1393,انسانی,1274,169,منطقه 3,حقوق,دانشگاه الزهرا(س) - تهران
1393,انسانی,1277,433,منطقه 2,حقوق,دانشگاه بوعلی سینا - همدان
1393,انسانی,1277,630,منطقه 1,حسابداری,دانشگاه الزهرا(س) - تهران
1393,انسانی,1280,170,منطقه 3,کارشناسی ارشد پیوسته معارف اسلامی و حقوق,دانشگاه شهید باهنر - کرمان
1393,انسانی,1283,171,منطقه 3,علوم تربیتی,پردیس امام جعفر صادق - بجنورد
1393,انسانی,1283,435,منطقه 2,حقوق,دانشگاه بوعلی سینا - همدان
1393,انسانی,1286,633,منطقه 1,روانشناسی,دانشگاه شیراز
1393,انسانی,1287,437,منطقه 2,حقوق,دانشگاه گیلان - رشت
1393,انسانی,1290,438,منطقه 2,دبیری الهیات و معارف اسلامی,پردیس نسیبه - تهران
1393,انسانی,1294,637,منطقه 1,علوم اجتماعی,دانشگاه شهید بهشتی - تهران
1393,انسانی,1294,637,منطقه 1,علوم اقتصادی,دانشگاه علامه طباطبایی - تهران
1393,انسانی,1296,173,منطقه 3,علوم تربیتی,پردیس شهید مدرس - سنندج
1393,انسانی,1297,174,منطقه 3,دبیری الهیات و معارف اسلامی,پردیس نسیبه - تهران
1393,انسانی,1297,639,منطقه 1,حقوق,دانشگاه غیرانتفاعی علم و فرهنگ - تهران
1393,انسانی,1299,175,منطقه 3,دبیری تاریخ,پردیس شهید چمران - تهران
1393,انسانی,1301,441,منطقه 2,علوم قضایی,دانشگاه علوم قضایی و خدمات ادارای دادگستری
1393,انسانی,1304,176,منطقه 3,راهنمایی و مشاوره,پردیس شهید صدوقی - کرمانشاه
1393,انسانی,1304,640,منطقه 1,الهیات و معارف اسلامی - فقه و مبانی حقوق اسلامی,دانشگاه فردوسی - مشهد
1393,انسانی,1307,642,منطقه 1,علوم سیاسی,دانشگاه تهران
1393,انسانی,1309,643,منطقه 1,مدیریت گمرکی,دانشگاه علوم اقتصادی تهران
1393,انسانی,1311,446,منطقه 2,راهنمایی و مشاوره,پردیس نسیبه - تهران
1393,انسانی,1314,447,منطقه 2,دبیری زبان و ادبیات عربی,پردیس شهید مدرس - سنندج
1393,انسانی,1314,447,منطقه 2,راهنمایی و مشاوره,پردیس امام سجاد - بیرجند
1393,انسانی,1314,645,منطقه 1,راهنمایی و مشاوره,دانشگاه تهران
1393,انسانی,1316,449,منطقه 2,علوم تربیتی,پردیس فاطمه الزهرا (س) - اصفهان
1393,انسانی,1319,647,منطقه 1,مدیریت صنعتی,دانشگاه علامه طباطبایی - تهران
1393,انسانی,1322,451,منطقه 2,حقوق,دانشگاه شهید بهشتی - تهران
1393,انسانی,1325,649,منطقه 1,علوم اقتصادی,دانشگاه علوم اقتصادی تهران
1393,انسانی,1327,454,منطقه 2,علوم تربیتی,پردیس فاطمه الزهرا (س) - اصفهان
1393,انسانی,1329,456,منطقه 2,روانشناسی,دانشگاه خوارزمی تهران
1393,انسانی,1331,458,منطقه 2,راهنمایی و مشاوره,دانشگاه تهران
1393,انسانی,1335,177,منطقه 3,حقوق,دانشگاه بوعلی سینا - همدان
1393,انسانی,1335,177,منطقه 3,کارشناسی ارشد پیوسته معارف اسلامی و حقوق,دانشگاه شهید باهنر - کرمان
1393,انسانی,1335,460,منطقه 2,راهنمایی و مشاوره,دانشگاه اصفهان
1393,انسانی,1335,460,منطقه 2,علوم قضایی,دانشگاه علوم قضایی و خدمات ادارای دادگستری
1393,انسانی,1335,651,منطقه 1,روانشناسی,دانشگاه فردوسی - مشهد
1393,انسانی,1338,179,منطقه 3,فلسفه,دانشگاه تهران
1393,انسانی,1342,462,منطقه 2,دبیری الهیات و معارف اسلامی,پردیس فاطمه الزهرا (س) - اصفهان
1393,انسانی,1344,180,منطقه 3,علوم قضایی,دانشگاه علوم قضایی و خدمات ادارای دادگستری
1393,انسانی,1344,180,منطقه 3,کارشناسی ارشد پیوسته معارف اسلامی و حقوق,دانشگاه شهید باهنر - کرمان
1393,انسانی,1346,182,منطقه 3,علوم تربیتی,پردیس امام سجاد - بیرجند
1393,انسانی,1350,465,منطقه 2,الهیات و معارف اسلامی - فقه و مبانی حقوق اسلامی,دانشگاه تهران
1393,انسانی,1353,183,منطقه 3,راهنمایی و مشاوره,دانشگاه شهید بهشتی - تهران
1393,انسانی,1354,658,منطقه 1,راهنمایی و مشاوره,پردیس شهید باهنر - همدان
1393,انسانی,1356,184,منطقه 3,راهنمایی و مشاوره,پردیس شهید مدرس - سنندج
1393,انسانی,1356,184,منطقه 3,علوم قضایی,دانشگاه علوم قضایی و خدمات ادارای دادگستری
1393,انسانی,1359,466,منطقه 2,حقوق,دانشگاه بین المللی امام خمینی(ره) - قزوین
1393,انسانی,1359,660,منطقه 1,حسابداری,دانشگاه الزهرا(س) - تهران
1393,انسانی,1363,469,منطقه 2,حقوق,دانشگاه یزد
1393,انسانی,1363,469,منطقه 2,روانشناسی,دانشگاه بین المللی امام خمینی(ره) - قزوین
1393,انسانی,1365,186,منطقه 3,علوم قضایی,دانشگاه علوم قضایی و خدمات ادارای دادگستری
1393,انسانی,1371,664,منطقه 1,حسابداری,دانشگاه علوم اقتصادی تهران
1393,انسانی,1371,664,منطقه 1,مدیریت دولتی,دانشگاه علامه طباطبایی - تهران
1393,انسانی,1374,187,منطقه 3,علوم تربیتی,پردیس شهید هاشمی نژاد - مشهد
1393,انسانی,1374,473,منطقه 2,روانشناسی,دانشگاه مازندران - بابلسر
1393,انسانی,1374,666,منطقه 1,روانشناسی,دانشگاه فردوسی - مشهد
1393,انسانی,1378,476,منطقه 2,علوم قضایی,دانشگاه علوم قضایی و خدمات ادارای دادگستری
1393,انسانی,1380,478,منطقه 2,دبیری الهیات و معارف اسلامی,پردیس شهید پاک نژاد - یزد
1393,انسانی,1381,188,منطقه 3,علوم تربیتی,پردیس امام سجاد - بیرجند
1393,انسانی,1383,189,منطقه 3,آموزش زبان و ادبیات فارسی,پردیس شهید باهنر - شهرکرد
1393,انسانی,1388,669,منطقه 1,حسابداری,دانشگاه الزهرا(س) - تهران
1393,انسانی,1392,481,منطقه 2,حقوق,دانشگاه شهید مدنی آذربایجان - تبریز
1393,انسانی,1395,482,منطقه 2,حسابداری,دانشگاه تهران
1393,انسانی,1395,482,منطقه 2,حقوق,دانشگاه پیام نور تهران - واحد شهریار
1393,انسانی,1397,673,منطقه 1,حقوق,دانشگاه تبریز
1393,انسانی,1399,484,منطقه 2,علوم قضایی,دانشگاه علوم قضایی و خدمات ادارای دادگستری
1393,انسانی,1401,486,منطقه 2,زبان و ادبیات فارسی,دانشگاه تهران
1393,انسانی,1404,488,منطقه 2,حقوق,دانشگاه شیراز
1393,انسانی,1407,490,منطقه 2,دبیری الهیات و معارف اسلامی,پردیس امام سجاد - بیرجند
1393,انسانی,1407,677,منطقه 1,حسابداری,دانشگاه علوم اقتصادی تهران
1393,انسانی,1409,491,منطقه 2,دبیری زبان و ادبیات عربی,پردیس نسیبه - تهران
1393,انسانی,1409,678,منطقه 1,الهیات و معارف اسلامی - فقه و مبانی حقوق اسلامی,دانشگاه الزهرا(س) - تهران
1393,انسانی,1413,492,منطقه 2,حسابداری,دانشگاه علامه طباطبایی - تهران
1393,انسانی,1413,680,منطقه 1,راهنمایی و مشاوره,دانشگاه تهران
1393,انسانی,1416,682,منطقه 1,مدیریت کسب و کارهای کوچک,دانشگاه تهران
1393,انسانی,1417,683,منطقه 1,حقوق,دانشگاه کاشان
1393,انسانی,1422,194,منطقه 3,حقوق,دانشگاه علامه طباطبایی - تهران
1393,انسانی,1422,686,منطقه 1,دبیری الهیات و معارف اسلامی,پردیس فاطمه الزهرا (س) - اصفهان
1393,انسانی,1424,495,منطقه 2,علوم اقتصادی,دانشگاه شهید بهشتی - تهران
1393,انسانی,1425,496,منطقه 2,علوم تربیتی,دانشگاه فردوسی - مشهد
1393,انسانی,1425,687,منطقه 1,فقه و حقوق اسلامی,دانشگاه خوارزمی تهران
1393,انسانی,1428,497,منطقه 2,روانشناسی,دانشگاه یزد
1393,انسانی,1431,499,منطقه 2,علوم اجتماعی,دانشگاه تهران
1393,انسانی,1434,691,منطقه 1,حقوق,دانشگاه شهرکرد
1393,انسانی,1437,195,منطقه 3,دبیری زبان و ادبیات عربی,پردیس شهید رجایی - سمنان
1393,انسانی,1437,693,منطقه 1,الهیات و معارف اسلامی - فقه و مبانی حقوق اسلامی,دانشگاه الزهرا(س) - تهران
1393,انسانی,1440,197,منطقه 3,آموزش زبان و ادبیات فارسی,پردیس بنت الهدی صدر - اردبیل
1393,انسانی,1440,694,منطقه 1,علوم سیاسی,دانشگاه تهران
1393,انسانی,1442,502,منطقه 2,علوم تربیتی,دانشگاه تهران
1393,انسانی,1442,695,منطقه 1,مدیریت دولتی,دانشگاه اصفهان
1393,انسانی,1445,503,منطقه 2,علوم قضایی,دانشگاه علوم قضایی و خدمات ادارای دادگستری
1393,انسانی,1449,698,منطقه 1,الهیات و معارف اسلامی - فقه و مبانی حقوق اسلامی,دانشگاه فردوسی - مشهد
1393,انسانی,1449,698,منطقه 1,حقوق,دانشگاه مازندران - بابلسر
1393,انسانی,1452,198,منطقه 3,علوم تربیتی,پردیس شهید مدرس - سنندج
1393,انسانی,1452,700,منطقه 1,مدیریت بازرگانی,دانشگاه علامه طباطبایی - تهران
1393,انسانی,1455,199,منطقه 3,علوم تربیتی,دانشگاه تهران
1393,انسانی,1458,508,منطقه 2,دبیری الهیات و معارف اسلامی,پردیس امام سجاد - بیرجند
1393,انسانی,1458,703,منطقه 1,فقه و حقوق اسلامی,دانشگاه خوارزمی تهران
1393,انسانی,1460,200,منطقه 3,علوم تربیتی,پردیس شهید باهنر - همدان
1393,انسانی,1464,704,منطقه 1,حقوق,دانشگاه پیام نور خراسان رضوی - مرکز مشهد
1393,انسانی,1467,705,منطقه 1,علوم تربیتی,دانشگاه علامه طباطبایی - تهران
1393,انسانی,1473,513,منطقه 2,دبیری زبان و ادبیات عربی,پردیس شهید بهشتی - مشهد
1393,انسانی,1480,710,منطقه 1,علوم اجتماعی,دانشگاه فردوسی - مشهد
1393,انسانی,1482,712,منطقه 1,حقوق,دانشگاه شهرکرد
1393,انسانی,1482,712,منطقه 1,حقوق,موسسه غیرانتفاعی آل طه - تهران
1393,انسانی,1485,515,منطقه 2,مدیریت دولتی,دانشگاه تهران
1393,انسانی,1489,716,منطقه 1,حقوق,دانشگاه غیرانتفاعی علم و فرهنگ - تهران
1393,انسانی,1489,716,منطقه 1,مددکاری اجتماعی,دانشگاه علامه طباطبایی - تهران
1393,انسانی,1493,518,منطقه 2,حقوق,دانشگاه بوعلی سینا - همدان
1393,انسانی,1493,518,منطقه 2,روانشناسی,دانشگاه یزد
1393,انسانی,1493,718,منطقه 1,حقوق,دانشگاه مازندران - بابلسر
1393,انسانی,1496,520,منطقه 2,حقوق,دانشگاه بیرجند
1393,انسانی,1496,719,منطقه 1,حقوق,دانشگاه مازندران - بابلسر
1393,انسانی,1496,719,منطقه 1,راهنمایی و مشاوره,دانشگاه اصفهان
1393,انسانی,1498,721,منطقه 1,روانشناسی,دانشگاه تبریز
1393,انسانی,1500,521,منطقه 2,حسابداری,دانشگاه ارومیه
1393,انسانی,1501,722,منطقه 1,روانشناسی,دانشگاه فردوسی - مشهد
1393,انسانی,1503,723,منطقه 1,علوم تربیتی,دانشگاه علامه طباطبایی - تهران
1393,انسانی,1506,523,منطقه 2,علوم سیاسی,دانشگاه تهران
1393,انسانی,1506,724,منطقه 1,روانشناسی,دانشگاه فردوسی - مشهد
1393,انسانی,1509,206,منطقه 3,حقوق,دانشگاه گیلان - رشت
1393,انسانی,1509,725,منطقه 1,روانشناسی,دانشگاه فردوسی - مشهد
1393,انسانی,1509,725,منطقه 1,مددکاری اجتماعی,دانشگاه علامه طباطبایی - تهران
1393,انسانی,1513,525,منطقه 2,روانشناسی,دانشگاه فردوسی - مشهد
1393,انسانی,1515,527,منطقه 2,آموزش زبان و ادبیات فارسی,پردیس نسیبه - تهران
1393,انسانی,1515,727,منطقه 1,حقوق,دانشگاه یزد
1393,انسانی,1518,529,منطقه 2,حقوق,دانشگاه سمنان
1393,انسانی,1518,529,منطقه 2,مدیریت دولتی,دانشگاه تهران
1393,انسانی,1521,531,منطقه 2,دبیری علوم اجتماعی,پردیس شهید مدرس - سنندج
1393,انسانی,1524,208,منطقه 3,علوم قضایی,دانشگاه علوم قضایی و خدمات ادارای دادگستری
1393,انسانی,1524,731,منطقه 1,حسابداری,دانشگاه علوم اقتصادی تهران
1393,انسانی,1524,731,منطقه 1,مدیریت جهانگردی,دانشگاه علامه طباطبایی - تهران
1393,انسانی,1527,532,منطقه 2,حقوق,دانشگاه تهران
1393,انسانی,1530,734,منطقه 1,علوم اجتماعی,دانشگاه علامه طباطبایی - تهران
1393,انسانی,1537,536,منطقه 2,علوم تربیتی,پردیس آیت اله کمال وند - خرم آباد
1393,انسانی,1540,537,منطقه 2,حقوق,دانشگاه قم
1393,انسانی,1544,212,منطقه 3,آموزش زبان و ادبیات فارسی,پردیس شهید رجایی - ارومیه
1393,انسانی,1544,538,منطقه 2,دبیری الهیات و معارف اسلامی,پردیس فاطمه الزهرا(س) ساری
1393,انسانی,1544,538,منطقه 2,علوم اجتماعی,دانشگاه تهران
1393,انسانی,1544,739,منطقه 1,مدیریت بازرگانی,دانشگاه فردوسی - مشهد
1393,انسانی,1548,540,منطقه 2,آموزش زبان و ادبیات فارسی,پردیس امام سجاد - بیرجند
1393,انسانی,1552,541,منطقه 2,حقوق,دانشگاه یزد
1393,انسانی,1552,742,منطقه 1,الهیات و معارف اسلامی - فقه و مبانی حقوق اسلامی,دانشگاه الزهرا(س) - تهران
1393,انسانی,1552,742,منطقه 1,علوم تربیتی,پردیس فاطمه الزهرا (س) - اصفهان
1393,انسانی,1556,744,منطقه 1,حقوق,دانشگاه شهید چمران اهواز
1393,انسانی,1559,745,منطقه 1,حسابداری,دانشگاه علوم اقتصادی تهران
1393,انسانی,1561,746,منطقه 1,علوم اجتماعی,دانشگاه فردوسی - مشهد
1393,انسانی,1563,747,منطقه 1,علوم ارتباطات اجتماعی,دانشگاه تهران
1393,انسانی,1565,547,منطقه 2,حقوق,دانشگاه کردستان - سنندج
1393,انسانی,1565,748,منطقه 1,مدیریت امور بانکی,دانشگاه علوم اقتصادی تهران
1393,انسانی,1568,548,منطقه 2,الهیات و معارف اسلامی - فقه و مبانی حقوق اسلامی,دانشگاه تهران
1393,انسانی,1568,749,منطقه 1,حقوق,دانشگاه سمنان
1393,انسانی,1571,217,منطقه 3,علوم تربیتی,پردیس شهید هاشمی نژاد - مشهد
1393,انسانی,1571,549,منطقه 2,حقوق,دانشگاه بوعلی سینا - همدان
1393,انسانی,1574,219,منطقه 3,راهنمایی و مشاوره,پردیس حضرت رسول اکرم - اهواز
1393,انسانی,1577,752,منطقه 1,علوم قضایی,دانشگاه علوم قضایی و خدمات ادارای دادگستری
1393,انسانی,1580,552,منطقه 2,حقوق,دانشگاه گیلان - رشت
1393,انسانی,1580,552,منطقه 2,روانشناسی,دانشگاه شهید چمران اهواز
1393,انسانی,1583,554,منطقه 2,علوم تربیتی,پردیس فاطمه الزهرا (س) - اصفهان
1393,انسانی,1583,753,منطقه 1,حسابداری,دانشگاه علوم اقتصادی تهران
1393,انسانی,1583,753,منطقه 1,حقوق,دانشگاه غیرانتفاعی علم و فرهنگ - تهران
1393,انسانی,1587,223,منطقه 3,حقوق,دانشگاه علامه طباطبایی - تهران
1393,انسانی,1587,755,منطقه 1,الهیات و معارف اسلامی - فقه و مبانی حقوق اسلامی,دانشگاه تهران
1393,انسانی,1587,755,منطقه 1,حسابداری,دانشگاه علوم اقتصادی تهران
1393,انسانی,1594,557,منطقه 2,حقوق,دانشگاه شهید بهشتی - تهران
1393,انسانی,1595,758,منطقه 1,علوم قضایی,دانشگاه علوم قضایی و خدمات ادارای دادگستری
1393,انسانی,1600,561,منطقه 2,حقوق,دانشگاه گیلان - رشت
1393,انسانی,1603,760,منطقه 1,حسابداری,دانشگاه علوم اقتصادی تهران
1393,انسانی,1609,229,منطقه 3,دبیری جغرافیا,پردیس شهید باهنر - بیرجند
1393,انسانی,1609,563,منطقه 2,علوم تربیتی,دانشگاه علامه طباطبایی - تهران
1393,انسانی,1611,230,منطقه 3,دبیری زبان و ادبیات عربی,پردیس امام سجاد - بیرجند
1393,انسانی,1612,762,منطقه 1,دبیری زبان و ادبیات عربی,پردیس شهید باهنر - اصفهان
1393,انسانی,1615,764,منطقه 1,روابط عمومی,دانشگاه علامه طباطبایی - تهران
1393,انسانی,1618,566,منطقه 2,علوم قضایی,دانشگاه علوم قضایی و خدمات ادارای دادگستری
1393,انسانی,1618,766,منطقه 1,الهیات و معارف اسلامی - فقه و مبانی حقوق اسلامی,دانشگاه الزهرا(س) - تهران
1393,انسانی,1621,568,منطقه 2,حقوق,دانشگاه تهران
1393,انسانی,1625,571,منطقه 2,تاریخ,دانشگاه بین المللی امام خمینی(ره) - قزوین
1393,انسانی,1625,571,منطقه 2,روانشناسی,دانشگاه فردوسی - مشهد
1393,انسانی,1625,571,منطقه 2,علوم تربیتی,پردیس امام سجاد - بیرجند
1393,انسانی,1625,571,منطقه 2,علوم تربیتی,پردیس شهید هاشمی نژاد - مشهد
1393,انسانی,1625,767,منطقه 1,مدیریت بازرگانی,دانشگاه علامه طباطبایی - تهران
1393,انسانی,1630,575,منطقه 2,حقوق,دانشگاه قم
1393,انسانی,1632,233,منطقه 3,راهنمایی و مشاوره,پردیس شهید باهنر - همدان
1393,انسانی,1635,576,منطقه 2,علوم تربیتی,پردیس نسیبه - تهران
1393,انسانی,1635,576,منطقه 2,علوم قضایی,دانشگاه علوم قضایی و خدمات ادارای دادگستری
1393,انسانی,1635,769,منطقه 1,فقه و حقوق اسلامی,دانشگاه شاهد - تهران
1393,انسانی,1639,771,منطقه 1,مدیریت امور بانکی,دانشگاه علوم اقتصادی تهران
1393,انسانی,1642,772,منطقه 1,حقوق,دانشگاه سمنان
1393,انسانی,1642,772,منطقه 1,راهنمایی و مشاوره,دانشگاه خوارزمی تهران
1393,انسانی,1644,579,منطقه 2,حقوق,دانشگاه قم
1393,انسانی,1645,580,منطقه 2,تربیت دبیر زبان انگلیسی,پردیس آیت اله کمال وند - خرم آباد
1393,انسانی,1648,582,منطقه 2,روانشناسی,دانشگاه سمنان
1393,انسانی,1648,774,منطقه 1,راهنمایی و مشاوره,دانشگاه خوارزمی تهران
1393,انسانی,1650,583,منطقه 2,حقوق,دانشگاه قم
1393,انسانی,1650,775,منطقه 1,علوم تربیتی,دانشگاه علامه طباطبایی - تهران
1393,انسانی,1654,236,منطقه 3,حقوق,دانشگاه بیرجند
1393,انسانی,1657,584,منطقه 2,علوم تربیتی,پردیس شهید هاشمی نژاد - مشهد
1393,انسانی,1660,237,منطقه 3,راهنمایی و مشاوره,دانشگاه الزهرا(س) - تهران
1393,انسانی,1660,586,منطقه 2,راهنمایی و مشاوره,پردیس شهید ایزد پناه - یاسوج
1393,انسانی,1662,779,منطقه 1,دبیری الهیات و معارف اسلامی,پردیس فاطمه الزهرا (س) - اصفهان
1393,انسانی,1665,589,منطقه 2,روانشناسی,دانشگاه بین المللی امام خمینی(ره) - قزوین
1393,انسانی,1665,589,منطقه 2,مدیریت بیمه اکو,دانشگاه علامه طباطبایی - تهران
1393,انسانی,1665,780,منطقه 1,حقوق,دانشگاه قم
1393,انسانی,1668,592,منطقه 2,حقوق,دانشگاه کاشان
1393,انسانی,1674,784,منطقه 1,زبان و ادبیات فارسی,دانشگاه شهید بهشتی - تهران
1393,انسانی,1677,786,منطقه 1,روابط عمومی,دانشگاه علامه طباطبایی - تهران
1393,انسانی,1679,787,منطقه 1,علوم تربیتی,دانشگاه تهران
1393,انسانی,1681,593,منطقه 2,حقوق,دانشگاه یزد
1393,انسانی,1681,789,منطقه 1,علوم سیاسی,دانشگاه تهران
1393,انسانی,1684,594,منطقه 2,حقوق,دانشگاه گیلان - رشت
1393,انسانی,1684,790,منطقه 1,روانشناسی,دانشگاه کاشان
1393,انسانی,1687,239,منطقه 3,فقه و حقوق اسلامی,دانشگاه یزد
1393,انسانی,1687,595,منطقه 2,روانشناسی,دانشگاه یزد
1393,انسانی,1687,792,منطقه 1,علوم سیاسی,دانشگاه شهید بهشتی - تهران
1393,انسانی,1691,596,منطقه 2,حقوق,دانشگاه یزد
1393,انسانی,1694,795,منطقه 1,حقوق,دانشگاه شهرکرد
1393,انسانی,1696,242,منطقه 3,حقوق,دانشگاه قم
1393,انسانی,1696,598,منطقه 2,حقوق,دانشگاه یزد
1393,انسانی,1700,600,منطقه 2,دبیری علوم اجتماعی,پردیس شهید چمران - تهران
1393,انسانی,1700,600,منطقه 2,علوم قضایی,دانشگاه علوم قضایی و خدمات ادارای دادگستری
1393,انسانی,1703,602,منطقه 2,دبیری زبان و ادبیات عربی,پردیس نسیبه - تهران
1393,انسانی,1705,798,منطقه 1,حسابداری,دانشگاه علوم اقتصادی تهران
1393,انسانی,1708,244,منطقه 3,حقوق,دانشگاه مازندران - بابلسر
1393,انسانی,1708,244,منطقه 3,راهنمایی و مشاوره,دانشگاه الزهرا(س) - تهران
1393,انسانی,1711,801,منطقه 1,زبان و ادبیات فارسی,دانشگاه شیراز
1393,انسانی,1711,801,منطقه 1,مدیریت بیمه,دانشگاه علوم اقتصادی تهران
1393,انسانی,1716,246,منطقه 3,حسابداری,دانشگاه گنبد
1393,انسانی,1716,246,منطقه 3,روانشناسی,دانشگاه اصفهان
1393,انسانی,1716,604,منطقه 2,روانشناسی,دانشگاه یزد
1393,انسانی,1720,248,منطقه 3,حسابداری,دانشگاه فردوسی - مشهد
1393,انسانی,1723,804,منطقه 1,حسابداری,موسسه آموزش عالی بانکداری ایران - تهران
1393,انسانی,1723,804,منطقه 1,حقوق,دانشگاه کاشان
1393,انسانی,1728,608,منطقه 2,حقوق,دانشگاه زنجان
1393,انسانی,1728,808,منطقه 1,حقوق,دانشگاه غیرانتفاعی علم و فرهنگ - تهران
1393,انسانی,1731,249,منطقه 3,حقوق,دانشگاه شیراز
1393,انسانی,1733,811,منطقه 1,الهیات و معارف اسلامی - فقه و مبانی حقوق اسلامی,دانشگاه تهران
1393,انسانی,1733,811,منطقه 1,علوم قضایی,دانشگاه علوم قضایی و خدمات ادارای دادگستری
1393,انسانی,1735,609,منطقه 2,روانشناسی,دانشگاه یزد
1393,انسانی,1737,610,منطقه 2,علوم ارتباطات اجتماعی,دانشگاه تهران
1393,انسانی,1743,613,منطقه 2,آموزش زبان و ادبیات فارسی,پردیس شهید باهنر - شهرکرد
1393,انسانی,1745,814,منطقه 1,علوم قضایی,دانشگاه علوم قضایی و خدمات ادارای دادگستری
1393,انسانی,1749,252,منطقه 3,علوم تربیتی,پردیس بنت الهدی صدر - اردبیل
1393,انسانی,1749,616,منطقه 2,روانشناسی,دانشگاه فردوسی - مشهد
1393,انسانی,1757,254,منطقه 3,آموزش زبان و ادبیات فارسی,پردیس نسیبه - تهران
1393,انسانی,1763,823,منطقه 1,حقوق,دانشگاه کاشان
1393,انسانی,1764,824,منطقه 1,روانشناسی,دانشگاه اصفهان
1393,انسانی,1767,827,منطقه 1,علوم تربیتی,دانشگاه علامه طباطبایی - تهران
1393,انسانی,1768,621,منطقه 2,حقوق,دانشگاه قم
1393,انسانی,1768,621,منطقه 2,علوم تربیتی,دانشگاه قم
1393,انسانی,1771,828,منطقه 1,دبیری زبان و ادبیات عربی,پردیس شهید چمران - تهران
1393,انسانی,1776,625,منطقه 2,مدیریت بازرگانی,دانشگاه یزد
1393,انسانی,1780,627,منطقه 2,دبیری الهیات و معارف اسلامی,پردیس شهید پاک نژاد - یزد
1393,انسانی,1780,831,منطقه 1,علوم تربیتی,دانشگاه فردوسی - مشهد
1393,انسانی,1784,628,منطقه 2,علوم قضایی,دانشگاه علوم قضایی و خدمات ادارای دادگستری
1393,انسانی,1784,833,منطقه 1,حقوق,دانشگاه غیرانتفاعی علم و فرهنگ - تهران
1393,انسانی,1793,259,منطقه 3,علوم تربیتی,پردیس بنت الهدی صدر - اردبیل
1393,انسانی,1793,632,منطقه 2,روانشناسی,دانشگاه یزد
1393,انسانی,1793,632,منطقه 2,فلسفه,دانشگاه تهران
1393,انسانی,1793,836,منطقه 1,راهنمایی و مشاوره,دانشگاه خوارزمی تهران
1393,انسانی,1796,634,منطقه 2,علوم تربیتی,پردیس امام جعفر صادق - بجنورد
1393,انسانی,1800,260,منطقه 3,راهنمایی و مشاوره,دانشگاه اصفهان
1393,انسانی,1800,837,منطقه 1,حسابداری,دانشگاه اصفهان
1393,انسانی,1804,637,منطقه 2,علوم تربیتی,پردیس شهید هاشمی نژاد - مشهد
1393,انسانی,1804,838,منطقه 1,روانشناسی,دانشگاه فردوسی - مشهد
1393,انسانی,1806,839,منطقه 1,فقه و حقوق اسلامی,دانشگاه شاهد - تهران
1393,انسانی,1807,840,منطقه 1,علوم تربیتی,دانشگاه علامه طباطبایی - تهران
1393,انسانی,1810,843,منطقه 1,حسابداری,دانشگاه علوم اقتصادی تهران
1393,انسانی,1810,843,منطقه 1,روانشناسی,دانشگاه فردوسی - مشهد
1393,انسانی,1813,262,منطقه 3,دبیری الهیات و معارف اسلامی,پردیس فاطمه الزهرا(س) ساری
1393,انسانی,1816,638,منطقه 2,روانشناسی,دانشگاه شهید باهنر - کرمان
1393,انسانی,1816,847,منطقه 1,حقوق,دانشگاه غیرانتفاعی علم و فرهنگ - تهران
1393,انسانی,1819,639,منطقه 2,آموزش زبان و ادبیات فارسی,پردیس امام سجاد - بیرجند
1393,انسانی,1819,848,منطقه 1,علوم قضایی,دانشگاه علوم قضایی و خدمات ادارای دادگستری
1393,انسانی,1821,640,منطقه 2,روانشناسی,دانشگاه زنجان
1393,انسانی,1825,264,منطقه 3,روانشناسی و آموزش کودکان استثنایی,دانشگاه تهران
1393,انسانی,1825,850,منطقه 1,مطالعات خانواده,دانشگاه الزهرا(س) - تهران
1393,انسانی,1840,644,منطقه 2,مدیریت بازرگانی,دانشگاه تهران
1393,انسانی,1851,652,منطقه 2,مدیریت مالی,دانشگاه یزد
1393,انسانی,1854,270,منطقه 3,روانشناسی,دانشگاه شهید چمران اهواز
1393,انسانی,1854,860,منطقه 1,حقوق,دانشگاه قم
1393,انسانی,1856,654,منطقه 2,حقوق,دانشگاه شیراز
1393,انسانی,1860,862,منطقه 1,علوم اجتماعی,دانشگاه علامه طباطبایی - تهران
1393,انسانی,1863,657,منطقه 2,الهیات و معارف اسلامی - فلسفه و حکمت اسلامی,دانشگاه تهران
1393,انسانی,1867,272,منطقه 3,کارشناسی ارشد پیوسته معارف اسلامی و حقوق,دانشگاه شهید باهنر - کرمان
1393,انسانی,1874,866,منطقه 1,فلسفه,دانشگاه شهید بهشتی - تهران
1393,انسانی,1878,869,منطقه 1,حسابداری,دانشکده فنی وحرفه ای دختران تهران (دکتر شریعتی)
1393,انسانی,1878,869,منطقه 1,حقوق,دانشگاه تبریز
1393,انسانی,1878,869,منطقه 1,علوم اجتماعی,دانشگاه شهید بهشتی - تهران
1393,انسانی,1883,274,منطقه 3,علوم تربیتی,پردیس امام سجاد - بیرجند
1393,انسانی,1883,871,منطقه 1,الهیات و معارف اسلامی - فقه و مبانی حقوق اسلامی,دانشگاه تهران
1393,انسانی,1888,666,منطقه 2,روانشناسی,دانشگاه یزد
1393,انسانی,1892,875,منطقه 1,علوم سیاسی,دانشگاه تهران
1393,انسانی,1892,875,منطقه 1,علوم سیاسی,دانشگاه شهید بهشتی - تهران
1393,انسانی,1895,877,منطقه 1,مدیریت گمرکی,دانشگاه علوم اقتصادی تهران
1393,انسانی,1896,668,منطقه 2,راهنمایی و مشاوره,دانشگاه تهران
1393,انسانی,1899,669,منطقه 2,تاریخ,دانشگاه تهران
1393,انسانی,1903,880,منطقه 1,علوم قضایی,دانشگاه علوم قضایی و خدمات ادارای دادگستری
1393,انسانی,1908,883,منطقه 1,حقوق,دانشگاه قم
1393,انسانی,1910,280,منطقه 3,علوم تربیتی,پردیس شهید باهنر - همدان
1393,انسانی,1911,672,منطقه 2,آموزش زبان و ادبیات فارسی,پردیس نسیبه - تهران
1393,انسانی,1912,885,منطقه 1,علوم تربیتی,دانشگاه علامه طباطبایی - تهران
1393,انسانی,1913,673,منطقه 2,آموزش زبان و ادبیات فارسی,پردیس امام سجاد - بیرجند
1393,انسانی,1913,673,منطقه 2,حقوق,دانشگاه قم
1393,انسانی,1918,281,منطقه 3,علوم سیاسی,دانشگاه تهران
1393,انسانی,1921,678,منطقه 2,علوم تربیتی,پردیس شهید هاشمی نژاد - مشهد
1393,انسانی,1923,889,منطقه 1,علوم سیاسی,دانشگاه تهران
1393,انسانی,1925,891,منطقه 1,حقوق,دانشگاه زنجان
1393,انسانی,1927,282,منطقه 3,روانشناسی و آموزش کودکان استثنایی,دانشگاه تهران
1393,انسانی,1930,893,منطقه 1,علوم اجتماعی,دانشگاه فردوسی - مشهد
1393,انسانی,1935,284,منطقه 3,علوم تربیتی,پردیس نسیبه - تهران
1393,انسانی,1935,681,منطقه 2,دبیری الهیات و معارف اسلامی,پردیس نسیبه - تهران
1393,انسانی,1939,286,منطقه 3,دبیری زبان و ادبیات عربی,پردیس آیت اله طالقانی - قم
1393,انسانی,1939,683,منطقه 2,حقوق,دانشگاه شهید چمران اهواز
1393,انسانی,1939,896,منطقه 1,حقوق,دانشگاه کاشان
1393,انسانی,1943,287,منطقه 3,حقوق,دانشگاه تهران
1393,انسانی,1943,684,منطقه 2,حقوق,دانشگاه گیلان - رشت
1393,انسانی,1947,899,منطقه 1,راهنمایی و مشاوره,دانشگاه شهرکرد
1393,انسانی,1947,899,منطقه 1,مدیریت گمرکی,دانشگاه علوم اقتصادی تهران
1393,انسانی,1950,901,منطقه 1,حقوق,دانشگاه بوعلی سینا - همدان
1393,انسانی,1955,289,منطقه 3,علوم تربیتی,دانشگاه فردوسی - مشهد
1393,انسانی,1955,688,منطقه 2,علوم قضایی,دانشگاه علوم قضایی و خدمات ادارای دادگستری
1393,انسانی,1955,903,منطقه 1,علوم تربیتی,دانشگاه علامه طباطبایی - تهران
1393,انسانی,1957,904,منطقه 1,جغرافیا و برنامه ریزی شهری,دانشگاه تهران
1393,انسانی,1961,906,منطقه 1,حقوق,دانشگاه قم
1393,انسانی,1964,291,منطقه 3,حقوق,دانشگاه شیراز
1393,انسانی,1964,690,منطقه 2,حقوق,دانشگاه حکیم سبزواری - سبزوار
1393,انسانی,1964,690,منطقه 2,روانشناسی,دانشگاه فردوسی - مشهد
1393,انسانی,1967,692,منطقه 2,روانشناسی,دانشگاه یزد
1393,انسانی,1971,694,منطقه 2,الهیات و معارف اسلامی - فقه و مبانی حقوق اسلامی,دانشگاه الزهرا(س) - تهران
1393,انسانی,1976,911,منطقه 1,حقوق,دانشگاه بوعلی سینا - همدان
1393,انسانی,1980,697,منطقه 2,الهیات و معارف اسلامی - فقه و مبانی حقوق اسلامی,دانشگاه تهران
1393,انسانی,1980,697,منطقه 2,حقوق,دانشگاه یزد
1393,انسانی,1980,697,منطقه 2,دبیری الهیات و معارف اسلامی,پردیس شهید پاک نژاد - یزد
1393,انسانی,1984,700,منطقه 2,حقوق,دانشگاه شهرکرد
1393,انسانی,1984,700,منطقه 2,علوم قضایی,دانشگاه علوم قضایی و خدمات ادارای دادگستری
1393,انسانی,1987,702,منطقه 2,حقوق,دانشگاه شهید چمران اهواز
1393,انسانی,1987,915,منطقه 1,مدیریت دولتی,دانشگاه فردوسی - مشهد
1393,انسانی,1990,294,منطقه 3,حقوق,دانشگاه بوعلی سینا - همدان
1393,انسانی,1990,916,منطقه 1,علوم تربیتی,دانشگاه اصفهان
1393,انسانی,1993,918,منطقه 1,فلسفه,دانشگاه شهید بهشتی - تهران
1393,انسانی,1996,920,منطقه 1,حسابداری,دانشگاه شیراز
1393,انسانی,1998,921,منطقه 1,حسابداری,دانشکده فنی وحرفه ای دختران تهران (دکتر شریعتی)
1393,انسانی,2000,296,منطقه 3,حقوق,دانشگاه لرستان - خرم آباد
1393,انسانی,2002,922,منطقه 1,علوم تربیتی,پردیس فاطمه الزهرا (س) - اصفهان
1393,انسانی,2005,706,منطقه 2,دبیری الهیات و معارف اسلامی,پردیس نسیبه - تهران
1393,انسانی,2008,707,منطقه 2,دبیری الهیات و معارف اسلامی,پردیس شهید پاک نژاد - یزد
1393,انسانی,2010,709,منطقه 2,علوم اقتصادی,دانشگاه ارومیه
1393,انسانی,2010,926,منطقه 1,حقوق,دانشگاه سمنان
1393,انسانی,2012,299,منطقه 3,دبیری علوم اجتماعی,پردیس نسیبه - تهران
1393,انسانی,2014,927,منطقه 1,مدیریت دولتی,دانشگاه فردوسی - مشهد
1393,انسانی,2018,301,منطقه 3,علوم تربیتی,پردیس امام سجاد - بیرجند
1393,انسانی,2025,932,منطقه 1,فلسفه,دانشگاه شهید بهشتی - تهران
1393,انسانی,2029,302,منطقه 3,آموزش زبان و ادبیات فارسی,پردیس امام سجاد - بیرجند
1393,انسانی,2029,713,منطقه 2,آموزش زبان و ادبیات فارسی,پردیس نسیبه - تهران
1393,انسانی,2029,935,منطقه 1,حقوق,دانشگاه قم
1393,انسانی,2033,304,منطقه 3,دبیری زبان و ادبیات عربی,پردیس شهید صدوقی - کرمانشاه
1393,انسانی,2033,304,منطقه 3,مدیریت بازرگانی,دانشگاه الزهرا(س) - تهران
1393,انسانی,2047,719,منطقه 2,حقوق,دانشگاه بوعلی سینا - همدان
1393,انسانی,2047,719,منطقه 2,حقوق,دانشگاه مازندران - بابلسر
1393,انسانی,2047,719,منطقه 2,حقوق,دانشگاه گیلان - رشت
1393,انسانی,2047,941,منطقه 1,الهیات و معارف اسلامی - فقه و مبانی حقوق اسلامی,دانشگاه تهران
1393,انسانی,2052,722,منطقه 2,جغرافیا و برنامه ریزی شهری,دانشگاه تهران
1393,انسانی,2052,722,منطقه 2,حقوق,دانشگاه بیرجند
1393,انسانی,2052,943,منطقه 1,علوم سیاسی,دانشگاه شهید بهشتی - تهران
1393,انسانی,2054,307,منطقه 3,روانشناسی و آموزش کودکان استثنایی,دانشگاه تهران
1393,انسانی,2055,724,منطقه 2,دبیری الهیات و معارف اسلامی,پردیس فاطمه الزهرا(س) ساری
1393,انسانی,2058,725,منطقه 2,روانشناسی,دانشگاه اراک
1393,انسانی,2058,945,منطقه 1,حقوق,دانشگاه قم
1393,انسانی,2061,947,منطقه 1,حقوق,دانشگاه قم
1393,انسانی,2065,728,منطقه 2,فلسفه,دانشگاه تهران
1393,انسانی,2065,949,منطقه 1,حقوق,دانشگاه غیرانتفاعی علم و فرهنگ - تهران
1393,انسانی,2065,949,منطقه 1,علوم سیاسی,دانشگاه علامه طباطبایی - تهران
1393,انسانی,2065,949,منطقه 1,مترجمی زبان عربی,دانشگاه تهران
1393,انسانی,2069,308,منطقه 3,روانشناسی و آموزش کودکان استثنایی,دانشگاه تهران
1393,انسانی,2077,311,منطقه 3,حقوق,دانشگاه زنجان
1393,انسانی,2077,734,منطقه 2,الهیات و معارف اسلامی - فقه و حقوق اسلامی,دانشگاه شهید مطهری
1393,انسانی,2082,736,منطقه 2,تربیت دبیر زبان انگلیسی,پردیس فاطمه الزهرا (س) - اصفهان
1393,انسانی,2084,737,منطقه 2,حقوق,دانشگاه مازندران - بابلسر
1393,انسانی,2092,959,منطقه 1,فلسفه,دانشگاه شهید بهشتی - تهران
1393,انسانی,2094,740,منطقه 2,علوم تربیتی,دانشگاه تهران
1393,انسانی,2094,740,منطقه 2,علوم تربیتی,پردیس شهید باهنر - همدان
1393,انسانی,2094,960,منطقه 1,مدیریت بازرگانی,دانشگاه اصفهان
1393,انسانی,2096,313,منطقه 3,کارشناسی ارشد پیوسته معارف اسلامی و حقوق,دانشگاه شهید باهنر - کرمان
1393,انسانی,2099,742,منطقه 2,حقوق,دانشگاه سمنان
1393,انسانی,2106,962,منطقه 1,راهنمایی و مشاوره,دانشگاه شهرکرد
1393,انسانی,2109,315,منطقه 3,روانشناسی و آموزش کودکان استثنایی,دانشگاه تهران
1393,انسانی,2109,963,منطقه 1,علوم اجتماعی,دانشگاه علامه طباطبایی - تهران
1393,انسانی,2112,316,منطقه 3,علوم قضایی,دانشگاه علوم قضایی و خدمات ادارای دادگستری
1393,انسانی,2112,748,منطقه 2,حقوق,دانشگاه یزد
1393,انسانی,2112,965,منطقه 1,حقوق,دانشگاه شهید مدنی آذربایجان - تبریز
1393,انسانی,2116,318,منطقه 3,حقوق,دانشگاه بیرجند
1393,انسانی,2116,749,منطقه 2,حقوق,دانشگاه مازندران - بابلسر
1393,انسانی,2118,750,منطقه 2,حقوق,دانشگاه حضرت معصومه (ع) - ویژه خواهران - قم
1393,انسانی,2120,968,منطقه 1,آموزش زبان و ادبیات فارسی,پردیس شهید باهنر - اصفهان
1393,انسانی,2121,969,منطقه 1,حقوق,موسسه غیرانتفاعی آل طه - تهران
1393,انسانی,2127,319,منطقه 3,حقوق,دانشگاه قم
1393,انسانی,2129,973,منطقه 1,روانشناسی,دانشگاه غیرانتفاعی علم و فرهنگ - تهران
1393,انسانی,2132,320,منطقه 3,علوم تربیتی,دانشگاه فردوسی - مشهد
1393,انسانی,2134,977,منطقه 1,علوم سیاسی,دانشگاه شهید بهشتی - تهران
1393,انسانی,2136,754,منطقه 2,دبیری زبان و ادبیات عربی,پردیس نسیبه - تهران
1393,انسانی,2140,755,منطقه 2,آموزش زبان و ادبیات فارسی,پردیس بنت الهدی صدر - اردبیل
1393,انسانی,2140,980,منطقه 1,آموزش زبان و ادبیات فارسی,پردیس بنت الهدی صدر - اردبیل
1393,انسانی,2140,980,منطقه 1,علوم تربیتی,دانشگاه علامه طباطبایی - تهران
1393,انسانی,2144,323,منطقه 3,حقوق,دانشگاه تهران
1393,انسانی,2144,323,منطقه 3,راهنمایی و مشاوره,پردیس امام سجاد - بیرجند
1393,انسانی,2144,982,منطقه 1,مدیریت دولتی,دانشگاه علامه طباطبایی - تهران
1393,انسانی,2147,325,منطقه 3,مدیریت صنعتی,دانشگاه شهید بهشتی - تهران
1393,انسانی,2147,983,منطقه 1,روزنامه نگاری,دانشگاه علامه طباطبایی - تهران
1393,انسانی,2152,326,منطقه 3,مددکاری اجتماعی,دانشگاه علامه طباطبایی - تهران
1393,انسانی,2152,758,منطقه 2,علوم تربیتی,پردیس علامه طباطبایی - ارومیه
1393,انسانی,2155,759,منطقه 2,علوم سیاسی,دانشگاه تهران
1393,انسانی,2155,985,منطقه 1,حقوق,دانشگاه قم
1393,انسانی,2158,760,منطقه 2,علوم اجتماعی,دانشگاه تهران
1393,انسانی,2158,987,منطقه 1,علوم تربیتی,دانشگاه فردوسی - مشهد
1393,انسانی,2161,761,منطقه 2,فقه و حقوق اسلامی,دانشگاه بین المللی امام خمینی(ره) - قزوین
1393,انسانی,2161,761,منطقه 2,مدیریت بازرگانی,دانشگاه یزد
1393,انسانی,2161,988,منطقه 1,روزنامه نگاری,دانشگاه علامه طباطبایی - تهران
1393,انسانی,2164,328,منطقه 3,حقوق,دانشگاه سمنان
1393,انسانی,2167,990,منطقه 1,الهیات و معارف اسلامی - فقه و مبانی حقوق اسلامی,دانشگاه تهران
1393,انسانی,2173,995,منطقه 1,حقوق,دانشگاه سمنان
1393,انسانی,2173,995,منطقه 1,علوم اقتصادی,دانشگاه علوم اقتصادی تهران
1393,انسانی,2177,765,منطقه 2,حقوق,دانشگاه سمنان
1393,انسانی,2181,767,منطقه 2,روانشناسی,دانشگاه یزد
1393,انسانی,2184,768,منطقه 2,دبیری الهیات و معارف اسلامی,پردیس شهید باهنر - همدان
1393,انسانی,2186,333,منطقه 3,علوم تربیتی,پردیس بنت الهدی صدر - سنندج
1393,انسانی,2192,336,منطقه 3,حقوق,دانشگاه شیراز
1393,انسانی,2192,336,منطقه 3,دبیری الهیات و معارف اسلامی,پردیس فاطمه الزهرا (س) - اصفهان
1393,انسانی,2198,338,منطقه 3,حقوق,دانشگاه حکیم سبزواری - سبزوار
1393,انسانی,2203,773,منطقه 2,راهنمایی و مشاوره,پردیس نسیبه - تهران
1393,انسانی,2206,340,منطقه 3,علوم تربیتی,پردیس شهید باهنر - شهرکرد
1393,انسانی,2210,775,منطقه 2,حقوق,دانشگاه غیرانتفاعی علم و فرهنگ - تهران
1393,انسانی,2210,775,منطقه 2,حقوق,دانشگاه مازندران - بابلسر
1393,انسانی,2212,777,منطقه 2,حقوق,دانشگاه زنجان
1393,انسانی,2212,777,منطقه 2,حقوق,دانشگاه شهید مدنی آذربایجان - تبریز
1393,انسانی,2218,343,منطقه 3,علوم تربیتی,پردیس نسیبه - تهران
1393,انسانی,2218,780,منطقه 2,روانشناسی,دانشگاه شهید باهنر - کرمان
1393,انسانی,2221,781,منطقه 2,آموزش زبان و ادبیات فارسی,پردیس نسیبه - تهران
1393,انسانی,2223,783,منطقه 2,روانشناسی,دانشگاه یزد
1393,انسانی,2224,784,منطقه 2,حقوق,دانشگاه یزد
1393,انسانی,2226,785,منطقه 2,روانشناسی,دانشگاه سمنان
1393,انسانی,2238,345,منطقه 3,آموزش زبان و ادبیات فارسی,پردیس شهید بهشتی - مشهد
1393,انسانی,2238,791,منطقه 2,آموزش زبان و ادبیات فارسی,پردیس بنت الهدی صدر - اردبیل
1393,انسانی,2238,791,منطقه 2,دبیری الهیات و معارف اسلامی,پردیس شهید باهنر - همدان
1393,انسانی,2242,793,منطقه 2,راهنمایی و مشاوره,پردیس نسیبه - تهران
1393,انسانی,2249,795,منطقه 2,حقوق,دانشگاه گیلان - رشت
1393,انسانی,2249,795,منطقه 2,راهنمایی و مشاوره,پردیس شهید باهنر - بیرجند
1393,انسانی,2252,797,منطقه 2,آموزش زبان و ادبیات فارسی,پردیس شهید باهنر - شهرکرد
1393,انسانی,2252,797,منطقه 2,علوم تربیتی,دانشگاه یزد
1393,انسانی,2255,348,منطقه 3,دبیری زبان و ادبیات عربی,پردیس شهید مدرس - سنندج
1393,انسانی,2259,350,منطقه 3,حقوق,دانشگاه تهران
1393,انسانی,2262,800,منطقه 2,روانشناسی,دانشگاه یزد
1393,انسانی,2265,352,منطقه 3,حقوق,دانشگاه شیراز
1393,انسانی,2265,802,منطقه 2,حقوق,دانشگاه کاشان
1393,انسانی,2269,353,منطقه 3,روانشناسی,دانشگاه فردوسی - مشهد
1393,انسانی,2269,803,منطقه 2,علوم تربیتی,پردیس کوثر - یاسوج
1393,انسانی,2273,805,منطقه 2,فقه و حقوق اسلامی,دانشگاه یزد
1393,انسانی,2278,807,منطقه 2,الهیات و معارف اسلامی - فقه و مبانی حقوق اسلامی,دانشگاه تهران
1393,انسانی,2282,808,منطقه 2,حقوق,دانشگاه بیرجند
1393,انسانی,2282,808,منطقه 2,مدیریت بازرگانی,دانشگاه فردوسی - مشهد
1393,انسانی,2286,811,منطقه 2,علوم اجتماعی,دانشگاه تهران
1393,انسانی,2290,355,منطقه 3,راهنمایی و مشاوره,دانشگاه رازی کرمانشاه
1393,انسانی,2294,816,منطقه 2,علوم تربیتی,پردیس شهید صدوقی - کرمانشاه
1393,انسانی,2296,356,منطقه 3,دبیری زبان و ادبیات عربی,پردیس شهید بهشتی - مشهد
1393,انسانی,2298,817,منطقه 2,آموزش زبان و ادبیات فارسی,پردیس دکتر شریعتی - ساری
1393,انسانی,2298,817,منطقه 2,حقوق,دانشگاه گیلان - رشت
1393,انسانی,2306,820,منطقه 2,علوم اجتماعی,دانشگاه علامه طباطبایی - تهران
1393,انسانی,2310,360,منطقه 3,دبیری علوم اجتماعی,پردیس نسیبه - تهران
1393,انسانی,2317,361,منطقه 3,فقه و حقوق اسلامی,دانشگاه بزگمهر قاینات
1393,انسانی,2317,828,منطقه 2,حقوق,دانشگاه حضرت معصومه (ع) - ویژه خواهران - قم
1393,انسانی,2317,828,منطقه 2,راهنمایی و مشاوره,دانشگاه خوارزمی تهران
1393,انسانی,2317,828,منطقه 2,علوم تربیتی,پردیس امام سجاد - بیرجند
1393,انسانی,2317,828,منطقه 2,علوم قضایی,دانشگاه علوم قضایی و خدمات ادارای دادگستری
1393,انسانی,2326,363,منطقه 3,علوم قضایی,دانشگاه علوم قضایی و خدمات ادارای دادگستری
1393,انسانی,2335,835,منطقه 2,مدیریت دولتی,دانشگاه تهران
1393,انسانی,2338,836,منطقه 2,آموزش زبان و ادبیات فارسی,پردیس امام سجاد - بیرجند
1393,انسانی,2341,368,منطقه 3,زبان و ادبیات عربی,دانشگاه تهران
1393,انسانی,2347,842,منطقه 2,حقوق,دانشگاه مازندران - بابلسر
1393,انسانی,2347,842,منطقه 2,دبیری الهیات و معارف اسلامی,پردیس شهید باهنر - بیرجند
1393,انسانی,2347,842,منطقه 2,علوم قضایی,دانشگاه علوم قضایی و خدمات ادارای دادگستری
1393,انسانی,2355,845,منطقه 2,علوم تربیتی,پردیس شهید باهنر - همدان
1393,انسانی,2355,845,منطقه 2,مدیریت بازرگانی,دانشگاه کاشان
1393,انسانی,2358,847,منطقه 2,مترجمی زبان انگلیسی,دانشگاه بوعلی سینا - همدان
1393,انسانی,2362,372,منطقه 3,علوم تربیتی,دانشگاه شیراز
1393,انسانی,2362,372,منطقه 3,علوم قضایی,دانشگاه علوم قضایی و خدمات ادارای دادگستری
1393,انسانی,2362,849,منطقه 2,دبیری زبان و ادبیات عربی,پردیس شهید بهشتی - مشهد
1393,انسانی,2369,375,منطقه 3,مدیریت بازرگانی,دانشگاه فردوسی - مشهد
1393,انسانی,2380,376,منطقه 3,راهنمایی و مشاوره,پردیس خواجه نصیرالدین طوسی - کرمان
1393,انسانی,2380,855,منطقه 2,حقوق,دانشگاه زنجان
1393,انسانی,2380,855,منطقه 2,علوم تربیتی,پردیس شهید هاشمی نژاد - مشهد
1393,انسانی,2385,857,منطقه 2,راهنمایی و مشاوره,پردیس شهید مقصودی - همدان
1393,انسانی,2385,857,منطقه 2,مدیریت صنعتی,دانشگاه بین المللی امام خمینی(ره) - قزوین
1393,انسانی,2388,859,منطقه 2,حقوق,دانشگاه گیلان - رشت
1393,انسانی,2388,859,منطقه 2,راهنمایی و مشاوره,دانشگاه خوارزمی تهران
1393,انسانی,2398,865,منطقه 2,علوم تربیتی,دانشگاه فردوسی - مشهد
1393,انسانی,2400,379,منطقه 3,روانشناسی,دانشگاه فردوسی - مشهد
1393,انسانی,2405,866,منطقه 2,حقوق,دانشگاه قم
1393,انسانی,2411,867,منطقه 2,مدیریت دولتی,دانشگاه علامه طباطبایی - تهران
1393,انسانی,2413,869,منطقه 2,حسابداری,دانشگاه شاهرود
1393,انسانی,2422,872,منطقه 2,آموزش زبان و ادبیات فارسی,پردیس نسیبه - تهران
1393,انسانی,2430,874,منطقه 2,علوم تربیتی,پردیس شهید باهنر - همدان
1393,انسانی,2436,383,منطقه 3,علوم تربیتی,پردیس شهید مدرس - ایلام
1393,انسانی,2438,384,منطقه 3,حقوق,دانشگاه شیراز
1393,انسانی,2441,385,منطقه 3,دبیری زبان و ادبیات عربی,پردیس آیت اله طالقانی - قم
1393,انسانی,2441,878,منطقه 2,حقوق,دانشگاه فردوسی - مشهد
1393,انسانی,2445,881,منطقه 2,حقوق,دانشگاه بوعلی سینا - همدان
1393,انسانی,2448,883,منطقه 2,دبیری زبان و ادبیات عربی,پردیس شهید مقصودی - همدان
1393,انسانی,2451,386,منطقه 3,روانشناسی,دانشگاه اصفهان
1393,انسانی,2457,387,منطقه 3,حقوق,دانشگاه بیرجند
1393,انسانی,2457,886,منطقه 2,حقوق,دانشگاه مازندران - بابلسر
1393,انسانی,2461,888,منطقه 2,حقوق,دانشگاه یزد
1393,انسانی,2475,892,منطقه 2,حقوق,دانشگاه گیلان - رشت
1393,انسانی,2478,394,منطقه 3,علوم قضایی,دانشگاه علوم قضایی و خدمات ادارای دادگستری
1393,انسانی,2478,894,منطقه 2,علوم قضایی,دانشگاه علوم قضایی و خدمات ادارای دادگستری
1393,انسانی,2483,395,منطقه 3,دبیری الهیات و معارف اسلامی,پردیس آیت اله طالقانی - قم
1393,انسانی,2483,896,منطقه 2,سنجش از دور و سیستم اطلاعات جغرافیایی,دانشگاه تهران
1393,انسانی,2486,897,منطقه 2,حقوق,دانشگاه گیلان - رشت
1393,انسانی,2486,897,منطقه 2,روانشناسی,دانشگاه گیلان - رشت
1393,انسانی,2493,396,منطقه 3,علوم قضایی,دانشگاه علوم قضایی و خدمات ادارای دادگستری
1393,انسانی,2499,905,منطقه 2,حسابداری,دانشگاه فردوسی - مشهد
1393,انسانی,2499,905,منطقه 2,علوم قضایی,دانشگاه علوم قضایی و خدمات ادارای دادگستری
1393,انسانی,2502,397,منطقه 3,علوم تربیتی,پردیس امام جعفر صادق - بجنورد
1393,انسانی,2506,398,منطقه 3,علوم قضایی,دانشگاه علوم قضایی و خدمات ادارای دادگستری
1393,انسانی,2506,909,منطقه 2,علوم سیاسی,دانشگاه شهید بهشتی - تهران
1393,انسانی,2510,400,منطقه 3,راهنمایی و مشاوره,پردیس نسیبه - تهران
1393,انسانی,2510,400,منطقه 3,علوم تربیتی,پردیس آیت اله کمال وند - خرم آباد
1393,انسانی,2513,910,منطقه 2,حقوق,دانشگاه حکیم سبزواری - سبزوار
1393,انسانی,2516,404,منطقه 3,آموزش زبان و ادبیات فارسی,پردیس بنت الهدی صدر - اردبیل
1393,انسانی,2516,404,منطقه 3,حقوق,دانشگاه رازی کرمانشاه
1393,انسانی,2516,404,منطقه 3,دبیری زبان و ادبیات عربی,پردیس شهید بهشتی - مشهد
1393,انسانی,2519,912,منطقه 2,دبیری زبان و ادبیات عربی,پردیس امام سجاد - بیرجند
1393,انسانی,2519,912,منطقه 2,دبیری زبان و ادبیات عربی,پردیس شهید باهنر - اصفهان
1393,انسانی,2524,916,منطقه 2,آموزش زبان و ادبیات فارسی,پردیس امام سجاد - بیرجند
1393,انسانی,2524,916,منطقه 2,حقوق,دانشگاه کردستان - سنندج
1393,انسانی,2531,409,منطقه 3,حقوق,دانشگاه بیرجند
1393,انسانی,2536,411,منطقه 3,حقوق,دانشگاه بیرجند
1393,انسانی,2537,919,منطقه 2,روانشناسی,دانشگاه مازندران - بابلسر
1393,انسانی,2541,412,منطقه 3,حقوق,دانشگاه بیرجند
1393,انسانی,2546,922,منطقه 2,دبیری الهیات و معارف اسلامی,پردیس شهید مقصودی - همدان
1393,انسانی,2550,924,منطقه 2,دبیری زبان و ادبیات عربی,پردیس امام سجاد - بیرجند
1393,انسانی,2555,925,منطقه 2,مدیریت بازرگانی,دانشگاه کاشان
1393,انسانی,2561,926,منطقه 2,علوم تربیتی,پردیس شهید باهنر - همدان
1393,انسانی,2571,930,منطقه 2,حقوق,دانشگاه شهید چمران اهواز
1393,انسانی,2571,930,منطقه 2,مدیریت بازرگانی,دانشگاه یزد
1393,انسانی,2577,416,منطقه 3,راهنمایی و مشاوره,پردیس دکتر شریعتی - ساری
1393,انسانی,2579,933,منطقه 2,علوم تربیتی,دانشگاه علامه طباطبایی - تهران
1393,انسانی,2583,935,منطقه 2,حقوق,دانشگاه حکیم سبزواری - سبزوار
1393,انسانی,2588,418,منطقه 3,دبیری الهیات و معارف اسلامی,پردیس امام سجاد - بیرجند
1393,انسانی,2591,419,منطقه 3,حقوق,دانشگاه بیرجند
1393,انسانی,2591,419,منطقه 3,راهنمایی و مشاوره,پردیس شهید باهنر - همدان
1393,انسانی,2595,421,منطقه 3,علوم تربیتی,پردیس آیت اله کمال وند - خرم آباد
1393,انسانی,2595,941,منطقه 2,آموزش زبان و ادبیات فارسی,پردیس شهید رجایی - قزوین
1393,انسانی,2602,943,منطقه 2,علوم تربیتی,پردیس شهید هاشمی نژاد - مشهد
1393,انسانی,2604,945,منطقه 2,حقوق,دانشگاه شهید چمران اهواز
1393,انسانی,2606,946,منطقه 2,علوم تربیتی,پردیس نسیبه - تهران
1393,انسانی,2609,948,منطقه 2,علوم تربیتی,پردیس بنت الهدی صدر - سنندج
1393,انسانی,2609,948,منطقه 2,علوم تربیتی,پردیس علامه طباطبایی - ارومیه
1393,انسانی,2612,950,منطقه 2,روانشناسی,دانشگاه اصفهان
1393,انسانی,2615,952,منطقه 2,رشد و پرورش کودکان پیش دبستانی,دانشگاه علوم بهزیستی و توانبخشی تهران
1393,انسانی,2622,955,منطقه 2,روانشناسی,دانشگاه کاشان
1393,انسانی,2623,425,منطقه 3,حقوق,دانشگاه بوعلی سینا - همدان
1393,انسانی,2626,427,منطقه 3,علوم تربیتی,پردیس شهید صدوقی - کرمانشاه
1393,انسانی,2626,956,منطقه 2,علوم سیاسی,دانشگاه تهران
1393,انسانی,2628,957,منطقه 2,علوم اجتماعی,دانشگاه تهران
1393,انسانی,2628,957,منطقه 2,علوم تربیتی,پردیس کوثر - یاسوج
1393,انسانی,2633,430,منطقه 3,حقوق,دانشگاه بیرجند
1393,انسانی,2633,430,منطقه 3,حقوق,دانشگاه سمنان
1393,انسانی,2633,430,منطقه 3,حقوق,دانشگاه شیراز
1393,انسانی,2637,960,منطقه 2,حسابداری,دانشگاه یزد
1393,انسانی,2639,962,منطقه 2,حقوق,دانشگاه یزد
1393,انسانی,2645,434,منطقه 3,علوم تربیتی,پردیس فاطمه الزهرا (س) - اصفهان
1393,انسانی,2651,436,منطقه 3,آموزش زبان و ادبیات فارسی,پردیس شهید بهشتی - مشهد
1393,انسانی,2651,967,منطقه 2,حقوق,دانشگاه مازندران - بابلسر
1393,انسانی,2651,967,منطقه 2,دبیری الهیات و معارف اسلامی,پردیس فاطمه الزهرا (س) - اصفهان
1393,انسانی,2655,969,منطقه 2,راهنمایی و مشاوره,پردیس شهید باهنر - همدان
1393,انسانی,2657,970,منطقه 2,روانشناسی,دانشگاه بوعلی سینا - همدان
1393,انسانی,2660,972,منطقه 2,علوم تربیتی,پردیس نسیبه - تهران
1393,انسانی,2666,975,منطقه 2,حقوق,دانشگاه شهرکرد
1393,انسانی,2666,975,منطقه 2,حقوق,دانشگاه شهید مدنی آذربایجان - تبریز
1393,انسانی,2666,975,منطقه 2,دبیری الهیات و معارف اسلامی,پردیس شهید پاک نژاد - یزد
1393,انسانی,2672,439,منطقه 3,حقوق,دانشگاه شیراز
1393,انسانی,2672,439,منطقه 3,حقوق,دانشگاه پیام نور فارس - مرکز کازرون
1393,انسانی,2676,441,منطقه 3,مدیریت بازرگانی,دانشگاه شیراز
1393,انسانی,2679,442,منطقه 3,آموزش زبان و ادبیات فارسی,پردیس شهید رجایی - ارومیه
1393,انسانی,2679,981,منطقه 2,روانشناسی,دانشگاه یزد
1393,انسانی,2685,982,منطقه 2,حقوق,دانشگاه بوعلی سینا - همدان
1393,انسانی,2688,445,منطقه 3,دبیری علوم اجتماعی,پردیس شهید مدرس - سنندج
1393,انسانی,2688,983,منطقه 2,دبیری زبان و ادبیات عربی,پردیس نسیبه - تهران
1393,انسانی,2691,985,منطقه 2,حقوق,دانشگاه بوعلی سینا - همدان
1393,انسانی,2696,448,منطقه 3,راهنمایی و مشاوره,پردیس امام سجاد - بیرجند
1393,انسانی,2696,448,منطقه 3,علوم تربیتی,دانشگاه فردوسی - مشهد
1393,انسانی,2696,448,منطقه 3,علوم تربیتی,پردیس آیت اله کمال وند - خرم آباد
1393,انسانی,2705,450,منطقه 3,حقوق,دانشگاه شهید مدنی آذربایجان - تبریز
1393,انسانی,2711,452,منطقه 3,حسابداری,دانشگاه ایلام
1393,انسانی,2716,454,منطقه 3,دبیری الهیات و معارف اسلامی,پردیس امام سجاد - بیرجند
1393,انسانی,2716,991,منطقه 2,علوم اجتماعی,دانشگاه علامه طباطبایی - تهران
1393,انسانی,2727,456,منطقه 3,دبیری الهیات و معارف اسلامی,پردیس شهید رجایی - ارومیه
1393,انسانی,2727,993,منطقه 2,باستانشناسی,دانشگاه تهران
1393,انسانی,2732,996,منطقه 2,حقوق,دانشگاه شهید چمران اهواز
1393,انسانی,2732,996,منطقه 2,علوم تربیتی,پردیس آیت اله کمال وند - خرم آباد
1393,انسانی,2737,457,منطقه 3,حقوق,دانشگاه شیراز
1393,انسانی,2737,998,منطقه 2,فقه و حقوق اسلامی,دانشگاه خوارزمی تهران
1393,انسانی,2763,464,منطقه 3,راهنمایی و مشاوره,پردیس شهید صدوقی - کرمانشاه
1393,انسانی,2766,465,منطقه 3,حقوق,دانشگاه تهران
1393,انسانی,2772,466,منطقه 3,مدیریت صنعتی,دانشگاه شیراز
1393,انسانی,2783,468,منطقه 3,علوم تربیتی,پردیس امام سجاد - بیرجند
1393,انسانی,2787,469,منطقه 3,علوم تربیتی,دانشگاه فردوسی - مشهد
1393,انسانی,2793,470,منطقه 3,حقوق,دانشگاه شیراز
1393,انسانی,2800,471,منطقه 3,حقوق,دانشگاه حکیم سبزواری - سبزوار
1393,انسانی,2803,472,منطقه 3,علوم قضایی,دانشگاه علوم قضایی و خدمات ادارای دادگستری
1393,انسانی,2805,473,منطقه 3,حقوق,دانشگاه کاشان
1393,انسانی,2813,475,منطقه 3,راهنمایی و مشاوره,دانشگاه شهرکرد
1393,انسانی,2813,475,منطقه 3,راهنمایی و مشاوره,پردیس شهید باهنر - همدان
1393,انسانی,2830,478,منطقه 3,دبیری الهیات و معارف اسلامی,پردیس شهید رجایی - ارومیه
1393,انسانی,2850,483,منطقه 3,علوم تربیتی,پردیس شهید رجایی - قزوین
1393,انسانی,2866,485,منطقه 3,آموزش زبان و ادبیات فارسی,پردیس شهید باهنر - اراک
1393,انسانی,2871,486,منطقه 3,روانشناسی,دانشگاه گیلان - رشت
1393,انسانی,2875,488,منطقه 3,دبیری الهیات و معارف اسلامی,پردیس شهید بهشتی - مشهد
1393,انسانی,2879,490,منطقه 3,راهنمایی و مشاوره,دانشگاه شهرکرد
1393,انسانی,2883,491,منطقه 3,راهنمایی و مشاوره,پردیس خواجه نصیرالدین طوسی - کرمان
1393,انسانی,2889,492,منطقه 3,علوم قضایی,دانشگاه علوم قضایی و خدمات ادارای دادگستری
1393,انسانی,2895,493,منطقه 3,حقوق,دانشگاه حکیم سبزواری - سبزوار
1393,انسانی,2911,495,منطقه 3,دبیری الهیات و معارف اسلامی,پردیس شهید مدرس - سنندج
1393,انسانی,2911,495,منطقه 3,علوم اقتصادی,دانشگاه شهید بهشتی - تهران
1393,انسانی,2926,498,منطقه 3,حقوق,دانشگاه گیلان - رشت
1393,انسانی,2962,501,منطقه 3,راهنمایی و مشاوره,پردیس شهید رجایی - سمنان
1393,انسانی,2968,503,منطقه 3,آموزش زبان و ادبیات فارسی,پردیس حضرت رسول اکرم - اهواز
1393,انسانی,2970,505,منطقه 3,راهنمایی و مشاوره,دانشگاه خوارزمی تهران
1393,انسانی,2971,506,منطقه 3,حقوق,دانشگاه شهید مدنی آذربایجان - تبریز
1393,انسانی,2976,507,منطقه 3,دبیری الهیات و معارف اسلامی,پردیس امام سجاد - بیرجند
1393,انسانی,2983,508,منطقه 3,علوم تربیتی,پردیس شهید هاشمی نژاد - مشهد
1393,انسانی,3003,509,منطقه 3,حقوق,دانشگاه حضرت معصومه (ع) - ویژه خواهران - قم
1393,انسانی,3010,511,منطقه 3,دبیری علوم اجتماعی,پردیس فاطمه الزهرا(س) ساری
1393,انسانی,3031,513,منطقه 3,روانشناسی,دانشگاه بیرجند
1393,انسانی,3031,513,منطقه 3,علوم تربیتی,پردیس آیت اله کمال وند - خرم آباد
1393,انسانی,3046,519,منطقه 3,راهنمایی و مشاوره,پردیس شهید صدوقی - کرمانشاه
1393,انسانی,3051,520,منطقه 3,علوم تربیتی,پردیس شهید هاشمی نژاد - مشهد
1393,انسانی,3058,521,منطقه 3,دبیری زبان و ادبیات عربی,پردیس شهید بهشتی - مشهد
1393,انسانی,3106,525,منطقه 3,آموزش زبان و ادبیات فارسی,پردیس شهید باهنر - شهرکرد
1393,انسانی,3121,528,منطقه 3,آموزش زبان و ادبیات فارسی,پردیس شهید مفتح - شهرری
1393,انسانی,3156,530,منطقه 3,راهنمایی و مشاوره,پردیس شهید بهشتی - بندرعباس
1393,انسانی,3156,530,منطقه 3,علوم اجتماعی,دانشگاه تهران
1393,انسانی,3165,533,منطقه 3,دبیری علوم اجتماعی,پردیس شهید مدرس - سنندج
1393,انسانی,3165,533,منطقه 3,روانشناسی,دانشگاه بیرجند
1393,انسانی,3201,537,منطقه 3,دبیری تاریخ,پردیس نسیبه - تهران
1393,انسانی,3229,543,منطقه 3,دبیری علوم اجتماعی,پردیس شهید مدرس - ایلام
1393,انسانی,3229,543,منطقه 3,علوم تربیتی,دانشگاه فردوسی - مشهد
1393,انسانی,3235,545,منطقه 3,حقوق,دانشگاه حضرت معصومه (ع) - ویژه خواهران - قم
1393,انسانی,3243,547,منطقه 3,روانشناسی,دانشگاه یزد
1393,انسانی,3256,549,منطقه 3,حقوق,دانشگاه بوعلی سینا - همدان
1393,انسانی,3256,549,منطقه 3,راهنمایی و مشاوره,دانشگاه گیلان - رشت
1393,انسانی,3261,551,منطقه 3,علوم تربیتی,پردیس آیت اله کمال وند - خرم آباد
1393,انسانی,3269,553,منطقه 3,حقوق,دانشگاه فردوسی - مشهد
1393,انسانی,3274,555,منطقه 3,فقه و حقوق اسلامی,دانشگاه خوارزمی تهران
1393,انسانی,3280,557,منطقه 3,راهنمایی و مشاوره,پردیس آیت الله خامنه ای - گرگان
1393,انسانی,3294,561,منطقه 3,علوم تربیتی,پردیس شهید بهشتی - مشهد
1393,انسانی,3297,563,منطقه 3,آموزش زبان و ادبیات فارسی,پردیس شهید بهشتی - مشهد
1393,انسانی,3307,564,منطقه 3,دبیری زبان و ادبیات عربی,پردیس شهید بهشتی - مشهد
1393,انسانی,3322,565,منطقه 3,حقوق,مجتمع آموزش عالی گناباد
1393,انسانی,3328,568,منطقه 3,دبیری الهیات و معارف اسلامی,پردیس دکتر شریعتی - ساری
1393,انسانی,3336,571,منطقه 3,حقوق,دانشگاه حکیم سبزواری - سبزوار
1393,انسانی,3336,571,منطقه 3,دبیری الهیات و معارف اسلامی,پردیس شهید باهنر - همدان
1393,انسانی,3343,575,منطقه 3,حقوق,دانشگاه سمنان
1393,انسانی,3343,575,منطقه 3,روانشناسی و آموزش کودکان استثنایی,دانشگاه تهران
1393,انسانی,3343,575,منطقه 3,علوم تربیتی,پردیس کوثر - یاسوج
1393,انسانی,3347,577,منطقه 3,علوم تربیتی,پردیس شهید هاشمی نژاد - مشهد
1393,انسانی,3363,581,منطقه 3,حقوق,دانشگاه رازی کرمانشاه
1393,انسانی,3383,585,منطقه 3,حسابداری,دانشگاه شهید چمران اهواز
1393,انسانی,3391,587,منطقه 3,راهنمایی و مشاوره,پردیس شهید مدرس - ایلام
1393,انسانی,3394,588,منطقه 3,علوم اجتماعی,دانشگاه شیراز
1393,انسانی,3408,589,منطقه 3,علوم تربیتی,پردیس شهید باهنر - شهرکرد
1393,انسانی,3420,591,منطقه 3,علوم تربیتی,پردیس بنت الهدی صدر - اردبیل
1393,انسانی,3431,592,منطقه 3,الهیات و معارف اسلامی - فقه و مبانی حقوق اسلامی,دانشگاه فردوسی - مشهد
1393,انسانی,3436,593,منطقه 3,دبیری الهیات و معارف اسلامی,پردیس شهید باهنر - همدان
1393,انسانی,3444,597,منطقه 3,دبیری زبان و ادبیات عربی,پردیس شهید چمران - تهران
1393,انسانی,3447,598,منطقه 3,حقوق,دانشگاه بوعلی سینا - همدان
1393,انسانی,3450,600,منطقه 3,حقوق,دانشگاه مراغه
1393,انسانی,3458,603,منطقه 3,آموزش زبان و ادبیات فارسی,پردیس بنت الهدی صدر - سنندج
1393,انسانی,3485,605,منطقه 3,علوم تربیتی,پردیس شهید باهنر - همدان
1393,انسانی,3503,609,منطقه 3,علوم تربیتی,پردیس آیت اله کمال وند - خرم آباد
1393,انسانی,3508,610,منطقه 3,آموزش زبان و ادبیات فارسی,پردیس شهید بهشتی - مشهد
1393,انسانی,3515,611,منطقه 3,حقوق,دانشگاه قم
1393,انسانی,3520,612,منطقه 3,مددکاری اجتماعی,دانشگاه علامه طباطبایی - تهران
1393,انسانی,3525,613,منطقه 3,روانشناسی,دانشگاه فردوسی - مشهد
1393,انسانی,3530,615,منطقه 3,علوم قضایی,دانشگاه علوم قضایی و خدمات ادارای دادگستری
1393,انسانی,3535,618,منطقه 3,حقوق,دانشگاه حضرت معصومه (ع) - ویژه خواهران - قم
1393,انسانی,3535,618,منطقه 3,دبیری علوم اجتماعی,پردیس شهید چمران - تهران
1393,انسانی,3541,620,منطقه 3,حقوق,دانشگاه بیرجند
1393,انسانی,3561,625,منطقه 3,حقوق,دانشگاه پیام نور قزوین - مرکز قزوین
1393,انسانی,3564,626,منطقه 3,علوم تربیتی,پردیس شهید هاشمی نژاد - مشهد
1393,انسانی,3596,631,منطقه 3,راهنمایی و مشاوره,پردیس امام سجاد - بیرجند
1393,انسانی,3596,631,منطقه 3,علوم تربیتی,پردیس شهید بهشتی - بندرعباس
1393,انسانی,3605,634,منطقه 3,حقوق,دانشگاه بیرجند
1393,انسانی,3629,637,منطقه 3,حقوق,دانشگاه حکیم سبزواری - سبزوار
1393,انسانی,3634,638,منطقه 3,روانشناسی,دانشگاه شهید باهنر - کرمان
1393,انسانی,3647,641,منطقه 3,حقوق,دانشگاه شهرکرد
1393,انسانی,3658,643,منطقه 3,حسابداری,دانشگاه بوعلی سینا - همدان
1393,انسانی,3666,645,منطقه 3,علوم تربیتی,پردیس آیت اله کمال وند - خرم آباد
1393,انسانی,3666,645,منطقه 3,علوم تربیتی,پردیس شهید رجایی - کرمانشاه
1393,انسانی,3678,648,منطقه 3,علوم تربیتی,پردیس امام سجاد - بیرجند
1393,انسانی,3681,649,منطقه 3,دبیری الهیات و معارف اسلامی,پردیس شهید باهنر - اراک
1393,انسانی,3691,650,منطقه 3,علوم اجتماعی,دانشگاه فردوسی - مشهد
1393,انسانی,3696,652,منطقه 3,حقوق,دانشگاه کردستان - سنندج
1393,انسانی,3704,655,منطقه 3,حقوق,دانشگاه آیت الله بروجردی - بروجرد
1393,انسانی,3710,657,منطقه 3,علوم تربیتی,دانشگاه یزد
1393,انسانی,3721,658,منطقه 3,علوم تربیتی,دانشگاه فردوسی - مشهد
1393,انسانی,3725,659,منطقه 3,الهیات و معارف اسلامی - فقه و مبانی حقوق اسلامی,دانشگاه تهران
1393,انسانی,3736,660,منطقه 3,حقوق,دانشگاه تبریز
1393,انسانی,3743,661,منطقه 3,علوم تربیتی,پردیس شهید ایزد پناه - یاسوج
1393,انسانی,3757,664,منطقه 3,حقوق,دانشگاه رازی کرمانشاه
1393,انسانی,3765,665,منطقه 3,الهیات و معارف اسلامی - فقه و مبانی حقوق اسلامی,دانشگاه الزهرا(س) - تهران
1393,انسانی,3765,665,منطقه 3,علوم تربیتی,پردیس شهید صدوقی - کرمانشاه
1393,انسانی,3774,668,منطقه 3,حقوق,دانشگاه بوعلی سینا - همدان
1393,انسانی,3791,672,منطقه 3,آموزش زبان و ادبیات فارسی,پردیس دکتر شریعتی - ساری
1393,انسانی,3791,672,منطقه 3,حقوق,دانشگاه شهید مدنی آذربایجان - تبریز
1393,انسانی,3791,672,منطقه 3,علوم تربیتی,دانشگاه بیرجند
1393,انسانی,3812,676,منطقه 3,دبیری زبان و ادبیات عربی,پردیس شهید چمران - تهران
1393,انسانی,3829,680,منطقه 3,علوم تربیتی,پردیس شهید هاشمی نژاد - مشهد
1393,انسانی,3834,681,منطقه 3,علوم تربیتی,پردیس امام سجاد - بیرجند
1393,انسانی,3839,682,منطقه 3,علوم تربیتی,پردیس آیت اله کمال وند - خرم آباد
1393,انسانی,3844,685,منطقه 3,دبیری الهیات و معارف اسلامی,پردیس علامه طباطبایی - خرم آباد
1393,انسانی,3844,685,منطقه 3,دبیری زبان و ادبیات عربی,پردیس نسیبه - تهران
1393,انسانی,3851,688,منطقه 3,روانشناسی,دانشگاه اصفهان
1393,انسانی,3874,691,منطقه 3,راهنمایی و مشاوره,پردیس خواجه نصیرالدین طوسی - کرمان
1393,انسانی,3900,699,منطقه 3,آموزش زبان و ادبیات فارسی,پردیس دکتر شریعتی - ساری
1393,انسانی,3913,700,منطقه 3,دبیری تاریخ,پردیس علامه طباطبایی - خرم آباد
1393,انسانی,3913,700,منطقه 3,دبیری جغرافیا,پردیس شهید رجایی - قزوین
1393,انسانی,3929,704,منطقه 3,دبیری زبان و ادبیات عربی,پردیس شهید مقصودی - همدان
1393,انسانی,3935,705,منطقه 3,حقوق,دانشگاه فردوسی - مشهد
1393,انسانی,3952,708,منطقه 3,تاریخ,دانشگاه شیراز
1393,انسانی,3968,711,منطقه 3,الهیات و معارف اسلامی - فقه و مبانی حقوق اسلامی,دانشگاه تهران
1393,انسانی,3975,713,منطقه 3,راهنمایی و مشاوره,پردیس نسیبه - تهران
1393,انسانی,3983,714,منطقه 3,روانشناسی,دانشگاه بوعلی سینا - همدان
1393,انسانی,3988,716,منطقه 3,روانشناسی,دانشگاه هرمزگان - بندرعباس
1393,انسانی,3993,718,منطقه 3,علوم تربیتی,دانشگاه فردوسی - مشهد
1393,انسانی,4001,720,منطقه 3,حقوق,دانشگاه شهید چمران اهواز
1393,انسانی,4010,721,منطقه 3,راهنمایی و مشاوره,پردیس شهید باهنر - همدان
1393,انسانی,4010,721,منطقه 3,علوم تربیتی,پردیس شهید هاشمی نژاد - مشهد
1393,انسانی,4017,723,منطقه 3,راهنمایی و مشاوره,پردیس شهید مدرس - ایلام
1393,انسانی,4017,723,منطقه 3,علوم تربیتی,دانشگاه یزد
1393,انسانی,4035,730,منطقه 3,علوم تربیتی,پردیس امام سجاد - بیرجند
1393,انسانی,4055,733,منطقه 3,روانشناسی,دانشگاه اصفهان
1393,انسانی,4059,735,منطقه 3,راهنمایی و مشاوره,پردیس خواجه نصیرالدین طوسی - کرمان
1393,انسانی,4063,737,منطقه 3,علوم تربیتی,پردیس شهید باهنر - بیرجند
1393,انسانی,4068,739,منطقه 3,دبیری زبان و ادبیات عربی,پردیس امام سجاد - بیرجند
1393,انسانی,4074,741,منطقه 3,روانشناسی,دانشگاه محقق اردبیلی - اردبیل
1393,انسانی,4074,741,منطقه 3,علوم تربیتی,دانشگاه فردوسی - مشهد
1393,انسانی,4085,744,منطقه 3,علوم تربیتی,دانشگاه فردوسی - مشهد
1393,انسانی,4089,745,منطقه 3,علوم تربیتی,پردیس شهید هاشمی نژاد - مشهد
1393,انسانی,4103,748,منطقه 3,علوم تربیتی,پردیس شهید بهشتی - مشهد
1393,انسانی,4116,749,منطقه 3,دبیری تاریخ,پردیس نسیبه - تهران
1393,انسانی,4120,750,منطقه 3,حقوق,دانشگاه حضرت معصومه (ع) - ویژه خواهران - قم
1393,انسانی,4120,750,منطقه 3,راهنمایی و مشاوره,دانشگاه محقق اردبیلی - اردبیل
1393,انسانی,4136,754,منطقه 3,دبیری تاریخ,پردیس نسیبه - تهران
1393,انسانی,4136,754,منطقه 3,فقه و حقوق اسلامی,دانشگاه خوارزمی تهران
1393,انسانی,4141,756,منطقه 3,دبیری تاریخ,پردیس نسیبه - تهران
1393,انسانی,4155,757,منطقه 3,دبیری زبان و ادبیات عربی,پردیس شهید بهشتی - مشهد
1393,انسانی,4175,759,منطقه 3,جغرافیا و برنامه ریزی شهری,دانشگاه اصفهان
1393,انسانی,4186,760,منطقه 3,مدیریت بازرگانی,دانشگاه شهید چمران اهواز
1393,انسانی,4209,762,منطقه 3,مدیریت بازرگانی,دانشگاه شهید چمران اهواز
1393,انسانی,4226,765,منطقه 3,راهنمایی و مشاوره,دانشگاه شهید چمران اهواز
1393,انسانی,4238,769,منطقه 3,حقوق,دانشگاه حکیم سبزواری - سبزوار
1393,انسانی,4243,772,منطقه 3,حقوق,دانشگاه شهرکرد
1393,انسانی,4247,774,منطقه 3,الهیات و معارف اسلامی - علوم قرآن و حدیث,دانشگاه اصفهان
1393,انسانی,4263,778,منطقه 3,علوم تربیتی,پردیس امام سجاد - بیرجند
1393,انسانی,4282,781,منطقه 3,حقوق,دانشگاه تبریز
1393,انسانی,4301,787,منطقه 3,الهیات و معارف اسلامی - فقه و مبانی حقوق اسلامی,دانشگاه فردوسی - مشهد
1393,انسانی,4304,789,منطقه 3,حقوق,دانشگاه بیرجند
1393,انسانی,4324,791,منطقه 3,روانشناسی,دانشگاه بیرجند
1393,انسانی,4328,793,منطقه 3,دبیری زبان و ادبیات عربی,پردیس شهید مدرس - سنندج
1393,انسانی,4332,795,منطقه 3,دبیری الهیات و معارف اسلامی,پردیس شهید بهشتی - مشهد
1393,انسانی,4336,796,منطقه 3,علوم تربیتی,پردیس شهید باهنر - شهرکرد
1393,انسانی,4343,800,منطقه 3,حقوق,دانشگاه شیراز
1393,انسانی,4349,801,منطقه 3,علوم تربیتی,پردیس کوثر - یاسوج
1393,انسانی,4381,808,منطقه 3,حسابداری,دانشگاه کردستان - سنندج
1393,انسانی,4402,812,منطقه 3,آموزش زبان و ادبیات فارسی,پردیس بنت الهدی صدر - اردبیل
1393,انسانی,4432,817,منطقه 3,علوم تربیتی,پردیس علامه طباطبایی - خرم آباد
1393,انسانی,4435,818,منطقه 3,حقوق,دانشگاه رازی کرمانشاه
1393,انسانی,4463,821,منطقه 3,حقوق,دانشگاه کردستان - سنندج
1393,انسانی,4470,823,منطقه 3,راهنمایی و مشاوره,پردیس شهید باهنر - همدان
1393,انسانی,4481,826,منطقه 3,آموزش زبان و ادبیات فارسی,پردیس دکتر شریعتی - ساری
1393,انسانی,4481,826,منطقه 3,آموزش زبان و ادبیات فارسی,پردیس شهید باهنر - شهرکرد
1393,انسانی,4492,829,منطقه 3,زبان و ادبیات عربی,دانشگاه فردوسی - مشهد
1393,انسانی,4496,831,منطقه 3,علوم اقتصادی,دانشگاه فردوسی - مشهد
1393,انسانی,4514,835,منطقه 3,علوم اجتماعی,دانشگاه تبریز
1393,انسانی,4541,840,منطقه 3,دبیری تاریخ,پردیس شهید چمران - تهران
1393,انسانی,4554,843,منطقه 3,مدیریت دولتی,دانشگاه فردوسی - مشهد
1393,انسانی,4559,844,منطقه 3,الهیات و معارف اسلامی - علوم قرآن و حدیث,دانشگاه اصفهان
1393,انسانی,4584,850,منطقه 3,روانشناسی و آموزش کودکان استثنایی,دانشگاه سمنان
1393,انسانی,4596,853,منطقه 3,راهنمایی و مشاوره,پردیس شهید رجایی - ارومیه
1393,انسانی,4600,854,منطقه 3,دبیری الهیات و معارف اسلامی,پردیس شهید باهنر - بیرجند
1393,انسانی,4600,854,منطقه 3,راهنمایی و مشاوره,دانشگاه شهید چمران اهواز
1393,انسانی,4606,857,منطقه 3,علوم تربیتی,پردیس کوثر - یاسوج
1393,انسانی,4633,863,منطقه 3,مدیریت بازرگانی,دانشگاه خلیج فارس - بوشهر
1393,انسانی,4637,864,منطقه 3,الهیات و معارف اسلامی - فقه و حقوق اسلامی,دانشگاه شهید مطهری
1393,انسانی,4669,869,منطقه 3,حقوق,مجتمع آموزش عالی گناباد
1393,انسانی,4674,870,منطقه 3,حسابداری,دانشگاه مازندران - بابلسر
1393,انسانی,4674,870,منطقه 3,راهنمایی و مشاوره,دانشگاه اردکان
1393,انسانی,4686,872,منطقه 3,مدیریت بازرگانی,دانشگاه مازندران - بابلسر
1393,انسانی,4692,875,منطقه 3,علوم تربیتی,دانشگاه فردوسی - مشهد
1393,انسانی,4704,876,منطقه 3,دبیری علوم اجتماعی,پردیس شهید مقصودی - همدان
1393,انسانی,4708,878,منطقه 3,حقوق,دانشگاه مازندران - بابلسر
1393,انسانی,4708,878,منطقه 3,علوم تربیتی,پردیس کوثر - یاسوج
1393,انسانی,4722,880,منطقه 3,راهنمایی و مشاوره,دانشگاه محقق اردبیلی - اردبیل
1393,انسانی,4739,883,منطقه 3,آموزش زبان و ادبیات فارسی,پردیس شهید باهنر - اصفهان
1393,انسانی,4761,889,منطقه 3,علوم اجتماعی,دانشگاه علامه طباطبایی - تهران
1393,انسانی,4761,889,منطقه 3,علوم تربیتی,پردیس شهید صدوقی - کرمانشاه
1393,انسانی,4768,892,منطقه 3,حقوق,دانشگاه زابل
1393,انسانی,4772,894,منطقه 3,جغرافیا و برنامه ریزی شهری,دانشگاه اصفهان
1393,انسانی,4772,894,منطقه 3,روانشناسی,دانشگاه اصفهان
1393,انسانی,4783,898,منطقه 3,زبان و ادبیات فارسی,دانشگاه تهران
1393,انسانی,4787,899,منطقه 3,آموزش زبان و ادبیات فارسی,پردیس دکتر شریعتی - ساری
1393,انسانی,4798,902,منطقه 3,آموزش زبان و ادبیات فارسی,پردیس شهید مقصودی - همدان
1393,انسانی,4813,905,منطقه 3,الهیات و معارف اسلامی - فلسفه و حکمت اسلامی,دانشگاه شهید مطهری
1393,انسانی,4828,909,منطقه 3,علوم تربیتی,پردیس امام سجاد - بیرجند
1393,انسانی,4828,909,منطقه 3,علوم تربیتی,پردیس شهید ایزد پناه - یاسوج
1393,انسانی,4836,911,منطقه 3,آموزش زبان و ادبیات فارسی,پردیس شهید رجایی - سمنان
1393,انسانی,4851,914,منطقه 3,مدیریت هتلداری,دانشگاه شیراز
1393,انسانی,4859,915,منطقه 3,مدیریت صنعتی,دانشگاه یزد
1393,انسانی,4884,920,منطقه 3,دبیری علوم اجتماعی,پردیس شهید بهشتی - مشهد
1393,انسانی,4884,920,منطقه 3,روانشناسی,دانشگاه اصفهان
1393,انسانی,4890,922,منطقه 3,علوم سیاسی,دانشگاه فردوسی - مشهد
1393,انسانی,4896,924,منطقه 3,الهیات و معارف اسلامی - فقه و مبانی حقوق اسلامی,دانشگاه فردوسی - مشهد
1393,انسانی,4902,926,منطقه 3,دبیری الهیات و معارف اسلامی,پردیس شهید باهنر - همدان
1393,انسانی,4909,930,منطقه 3,آموزش زبان و ادبیات فارسی,پردیس شهید رجایی - سمنان
1393,انسانی,4909,930,منطقه 3,دبیری زبان و ادبیات عربی,پردیس شهید صدوقی - کرمانشاه
1393,انسانی,4949,939,منطقه 3,دبیری تاریخ,پردیس شهید مقصودی - همدان
1393,انسانی,4976,944,منطقه 3,علوم تربیتی,پردیس امام جعفر صادق - بجنورد
1393,انسانی,4982,946,منطقه 3,حقوق,دانشگاه آیت الله بروجردی - بروجرد
1393,انسانی,4982,946,منطقه 3,حقوق,مجتمع آموزش عالی گناباد
1393,انسانی,4982,946,منطقه 3,علوم تربیتی,پردیس شهید باهنر - همدان
1393,انسانی,4988,949,منطقه 3,راهنمایی و مشاوره,دانشگاه بجنورد
1393,انسانی,4993,952,منطقه 3,حقوق,مجتمع آموزش عالی گناباد
1393,انسانی,4993,952,منطقه 3,علوم ارتباطات اجتماعی,دانشگاه تهران
1393,انسانی,5019,958,منطقه 3,راهنمایی و مشاوره,دانشگاه لرستان - خرم آباد
1393,انسانی,5030,960,منطقه 3,دبیری علوم اجتماعی,پردیس شهید بهشتی - مشهد
1393,انسانی,5030,960,منطقه 3,راهنمایی و مشاوره,پردیس نسیبه - تهران
1393,انسانی,5046,962,منطقه 3,روانشناسی,دانشگاه شهید باهنر - کرمان
1393,انسانی,5046,962,منطقه 3,علوم تربیتی,دانشگاه فردوسی - مشهد
1393,انسانی,5061,965,منطقه 3,حسابداری,دانشگاه مازندران - بابلسر
1393,انسانی,5081,973,منطقه 3,آموزش زبان و ادبیات فارسی,پردیس شهید رجایی - سمنان
1393,انسانی,5081,973,منطقه 3,علوم تربیتی,دانشگاه تهران
1393,انسانی,5087,976,منطقه 3,راهنمایی و مشاوره,پردیس شهید بهشتی - بندرعباس
1393,انسانی,5087,976,منطقه 3,علوم تربیتی,پردیس کوثر - یاسوج
1393,انسانی,5095,980,منطقه 3,حقوق,دانشگاه زابل
1393,انسانی,5114,984,منطقه 3,زبان و ادبیات فارسی,دانشگاه شهید باهنر - کرمان
1393,انسانی,5121,986,منطقه 3,حقوق,دانشگاه شهید چمران اهواز
1393,انسانی,5121,986,منطقه 3,دبیری تاریخ,پردیس نسیبه - تهران
1393,انسانی,5129,988,منطقه 3,دبیری زبان و ادبیات عربی,پردیس امام سجاد - بیرجند
1393,انسانی,5141,990,منطقه 3,الهیات و معارف اسلامی - فقه و مبانی حقوق اسلامی,دانشگاه فردوسی - مشهد
1393,انسانی,5148,991,منطقه 3,روانشناسی,دانشگاه فردوسی - مشهد
1393,انسانی,5152,992,منطقه 3,علوم تربیتی,پردیس شهید باهنر - بیرجند
1393,انسانی,5164,993,منطقه 3,حقوق,دانشگاه شهید چمران اهواز
1393,انسانی,5164,993,منطقه 3,علوم ارتباطات اجتماعی,دانشگاه تهران
1393,انسانی,5171,996,منطقه 3,حسابداری,دانشگاه بوعلی سینا - همدان
1393,انسانی,5171,996,منطقه 3,مدیریت بازرگانی,دانشگاه خلیج فارس - بوشهر
1393,انسانی,5171,996,منطقه 3,مدیریت جهانگردی,دانشگاه شیراز
1393,انسانی,5179,999,منطقه 3,راهنمایی و مشاوره,دانشگاه بجنورد
1393,انسانی,5179,999,منطقه 3,روانشناسی,دانشگاه محقق اردبیلی - اردبیل
1393,هنر,7,1,منطقه 2,مرمت و احیای بناهای تاریخی,مرکز آموزش عالی میراث فرهنگی
1393,هنر,9,7,منطقه 1,عکاسی,دانشگاه تهران
1393,هنر,10,8,منطقه 1,عکاسی,دانشگاه هنر تهران
1393,هنر,11,9,منطقه 1,عکاسی,دانشگاه هنر تهران
1393,هنر,18,16,منطقه 1,صنایع دستی,دانشگاه هنر تهران
1393,هنر,20,2,منطقه 2,سینما,دانشگاه هنر تهران
1393,هنر,28,25,منطقه 1,سینما,دانشگاه هنر تهران
1393,هنر,39,3,منطقه 2,سینما,دانشگاه هنر تهران
1393,هنر,47,4,منطقه 2,عکاسی,دانشگاه هنر تهران
1393,هنر,48,39,منطقه 1,صنایع دستی,دانشگاه الزهرا(س) - تهران
1393,هنر,52,5,منطقه 2,عکاسی,دانشگاه تهران
1393,هنر,53,43,منطقه 1,صنایع دستی,دانشگاه هنر تهران
1393,هنر,55,7,منطقه 2,سینما,دانشگاه هنر تهران
1393,هنر,61,10,منطقه 2,عکاسی,دانشگاه تهران
1393,هنر,62,2,منطقه 3,سینما,دانشگاه هنر تهران
1393,هنر,64,12,منطقه 2,عکاسی,دانشگاه تهران
1393,هنر,80,56,منطقه 1,صنایع دستی,دانشگاه الزهرا(س) - تهران
1393,هنر,84,60,منطقه 1,سینما,دانشگاه هنر تهران
1393,هنر,86,62,منطقه 1,صنایع دستی,دانشگاه هنر تهران
1393,هنر,94,18,منطقه 2,عکاسی,دانشگاه تهران
1393,هنر,101,22,منطقه 2,صنایع دستی,دانشگاه هنر تهران
1393,هنر,101,71,منطقه 1,عکاسی,دانشگاه تهران
1393,هنر,104,73,منطقه 1,صنایع دستی,دانشگاه هنر تهران
1393,هنر,108,23,منطقه 2,عکاسی,دانشگاه هنر تهران
1393,هنر,114,79,منطقه 1,مهندسی مواد,دانشگاه صنعتی امیرکبیر - تهران
1393,هنر,116,27,منطقه 2,سینما,دانشگاه هنر تهران
1393,هنر,116,81,منطقه 1,صنایع دستی,دانشگاه هنر تهران
1393,هنر,124,29,منطقه 2,عکاسی,دانشگاه هنر تهران
1393,هنر,128,89,منطقه 1,زبان فرانسه,دانشگاه تهران
1393,هنر,144,35,منطقه 2,سینما,دانشگاه هنر تهران
1393,هنر,148,101,منطقه 1,کارشناسی فرش,دانشگاه هنر تهران
1393,هنر,157,39,منطقه 2,زبان و ادبیات انگلیسی,دانشگاه حکیم سبزواری - سبزوار
1393,هنر,159,40,منطقه 2,سینما,دانشگاه هنر تهران
1393,هنر,160,41,منطقه 2,عکاسی,دانشگاه هنر اصفهان
1393,هنر,171,46,منطقه 2,عکاسی,دانشگاه تهران
1393,هنر,178,48,منطقه 2,کارشناسی فرش,دانشگاه هنر تهران
1393,هنر,180,49,منطقه 2,مرمت و احیای بناهای تاریخی,مرکز آموزش عالی میراث فرهنگی
1393,هنر,196,56,منطقه 2,مدیریت فرهنگی هنری,دانشگاه غیرانتفاعی علم و فرهنگ - تهران
1393,هنر,203,59,منطقه 2,سینما,دانشگاه غیرانتفاعی سوره - تهران
1393,هنر,206,61,منطقه 2,کارشناسی فرش,دانشگاه هنر تهران
1393,هنر,207,62,منطقه 2,صنایع دستی,دانشگاه الزهرا(س) - تهران
1393,هنر,209,8,منطقه 3,سینما,دانشگاه هنر تهران
1393,هنر,213,132,منطقه 1,کارشناسی فرش,دانشگاه هنر تهران
1393,هنر,214,133,منطقه 1,مرمت و احیای بناهای تاریخی,مرکز آموزش عالی میراث فرهنگی
1393,هنر,228,66,منطقه 2,کارشناسی فرش,دانشگاه هنر تهران
1393,هنر,233,70,منطقه 2,صنایع دستی,دانشگاه الزهرا(س) - تهران
1393,هنر,238,71,منطقه 2,کارشناسی فرش,دانشگاه هنر تهران
1393,هنر,239,72,منطقه 2,سینما,دانشگاه غیرانتفاعی سوره - تهران
1393,هنر,240,150,منطقه 1,نقاشی,موسسه غیرانتفاعی سپهر - اصفهان
1393,هنر,241,10,منطقه 3,سینما,دانشگاه هنر تهران
1393,هنر,244,151,منطقه 1,مرمت و احیای بناهای تاریخی,مرکز آموزش عالی میراث فرهنگی
1393,هنر,250,11,ایثارگران,صنایع دستی,دانشگاه هنر تهران
1393,هنر,253,157,منطقه 1,مهندسی عمران,دانشگاه شهید بهشتی - تهران
1393,هنر,256,77,منطقه 2,کارشناسی فرش,دانشگاه هنر تهران
1393,هنر,263,12,منطقه 3,سینما,دانشگاه هنر تهران
1393,هنر,268,79,منطقه 2,کارشناسی فرش,دانشگاه هنر تهران
1393,هنر,272,82,منطقه 2,مرمت و احیای بناهای تاریخی,مرکز آموزش عالی میراث فرهنگی
1393,هنر,279,84,منطقه 2,عکاسی,دانشگاه هنر اصفهان
1393,هنر,281,85,منطقه 2,صنایع دستی,دانشگاه الزهرا(س) - تهران
1393,هنر,286,175,منطقه 1,کارشناسی فرش,دانشگاه هنر اصفهان
1393,هنر,289,178,منطقه 1,مهندسی مکانیک,موسسه غیرانتفاعی خیام - مشهد
1393,هنر,292,88,منطقه 2,عکاسی,دانشگاه هنر اصفهان
1393,هنر,297,90,منطقه 2,مرمت و احیای بناهای تاریخی,مرکز آموزش عالی میراث فرهنگی
1393,هنر,302,185,منطقه 1,صنایع دستی,دانشگاه الزهرا(س) - تهران
1393,هنر,308,93,منطقه 2,صنایع دستی,دانشگاه الزهرا(س) - تهران
1393,هنر,322,199,منطقه 1,مرمت و احیای بناهای تاریخی,دانشگاه هنر اصفهان
1393,هنر,324,1,خانواده شهدا,عکاسی,دانشگاه تهران
1393,هنر,328,14,ایثارگران,سینما,دانشگاه هنر تهران
1393,هنر,331,100,منطقه 2,مهندسی کامپیوتر,دانشگاه صنعتی امیرکبیر - تهران
1393,هنر,332,203,منطقه 1,کارشناسی فرش,دانشگاه هنر تهران
1393,هنر,346,214,منطقه 1,عکاسی,دانشگاه هنر اصفهان
1393,هنر,351,218,منطقه 1,صنایع دستی,دانشگاه الزهرا(س) - تهران
1393,هنر,368,232,منطقه 1,مهندسی شیمی,دانشگاه صنعتی امیرکبیر - تهران - پردیس خودگردان
1393,هنر,369,233,منطقه 1,کارشناسی فرش,دانشگاه هنر تهران
1393,هنر,373,107,منطقه 2,عکاسی,دانشگاه سمنان
1393,هنر,375,109,منطقه 2,صنایع دستی,دانشگاه هنر اصفهان
1393,هنر,376,235,منطقه 1,دندانپزشکی,دانشگاه علوم پزشکی تهران
1393,هنر,380,237,منطقه 1,تلویزیون و هنرهای دیجیتالی,موسسه غیرانتفاعی هنر - شیراز
1393,هنر,392,245,منطقه 1,صنایع دستی,دانشگاه شیراز
1393,هنر,408,117,منطقه 2,مرمت و احیای بناهای تاریخی,دانشگاه بین المللی امام خمینی(ره) - قزوین
1393,هنر,416,121,منطقه 2,هنر اسلامی,دانشگاه شهید باهنر - کرمان
1393,هنر,417,122,منطقه 2,مهندسی برق,دانشگاه تبریز
1393,هنر,426,125,منطقه 2,صنایع دستی,دانشگاه الزهرا(س) - تهران
1393,هنر,436,127,منطقه 2,بازیگری _ کارگردانی,موسسه غیرانتفاعی سپهر - اصفهان
1393,هنر,445,132,منطقه 2,صنایع دستی,دانشگاه هنر اصفهان
1393,هنر,448,20,منطقه 3,عکاسی,دانشگاه هنر تهران
1393,هنر,454,133,منطقه 2,مهندسی برق,دانشگاه تبریز
1393,هنر,469,142,منطقه 2,عکاسی,دانشگاه سمنان
1393,هنر,482,146,منطقه 2,صنایع دستی,دانشگاه الزهرا(س) - تهران
1393,هنر,490,150,منطقه 2,مرمت آثار تاریخی,دانشگاه هنر اصفهان
1393,هنر,499,156,منطقه 2,صنایع دستی,دانشگاه الزهرا(س) - تهران
1393,هنر,499,156,منطقه 2,مهندسی کامپیوتر,دانشگاه علم و صنعت ایران - تهران
1393,هنر,509,161,منطقه 2,صنایع دستی,دانشگاه کاشان
1393,هنر,514,23,منطقه 3,عکاسی,دانشگاه تهران
1393,هنر,516,24,منطقه 3,مهندسی کامپیوتر,دانشگاه فردوسی - مشهد
1393,هنر,533,18,ایثارگران,هنر اسلامی,دانشگاه هنر اصفهان
1393,هنر,549,177,منطقه 2,صنایع دستی,دانشگاه الزهرا(س) - تهران
1393,هنر,554,26,منطقه 3,سینما,دانشگاه هنر تهران
1393,هنر,569,184,منطقه 2,سینما,موسسه غیرانتفاعی سپهر - اصفهان
1393,هنر,574,186,منطقه 2,مرمت و احیای بناهای تاریخی,دانشگاه هنر اصفهان
1393,هنر,580,187,منطقه 2,صنایع دستی,دانشگاه الزهرا(س) - تهران
1393,هنر,582,188,منطقه 2,مرمت و احیای بناهای تاریخی,مرکز آموزش عالی میراث فرهنگی
1393,هنر,584,190,منطقه 2,کارشناسی فرش,دانشگاه هنر تهران
1393,هنر,598,30,منطقه 3,عکاسی,دانشگاه هنر تهران
1393,هنر,603,31,منطقه 3,مهندسی شیمی,دانشگاه صنعت نفت
1393,هنر,603,198,منطقه 2,صنایع دستی,دانشگاه الزهرا(س) - تهران
1393,هنر,613,19,ایثارگران,عکاسی,دانشگاه هنر تهران
1393,هنر,619,200,منطقه 2,کارشناسی فرش,دانشگاه هنر اصفهان
1393,هنر,622,203,منطقه 2,عکاسی,دانشگاه هنر اصفهان
1393,هنر,629,204,منطقه 2,کارشناسی فرش,دانشگاه هنر تهران
1393,هنر,632,206,منطقه 2,صنایع دستی,دانشگاه شیراز
1393,هنر,632,206,منطقه 2,مرمت و احیای بناهای تاریخی,دانشگاه هنر اصفهان
1393,هنر,632,206,منطقه 2,هنر اسلامی,دانشگاه هنر اصفهان
1393,هنر,654,37,منطقه 3,صنایع دستی,دانشگاه الزهرا(س) - تهران
1393,هنر,655,38,منطقه 3,عکاسی,دانشگاه هنر اصفهان
1393,هنر,671,21,ایثارگران,سینما,دانشگاه هنر تهران
1393,هنر,692,222,منطقه 2,تلویزیون و هنرهای دیجیتالی,دانشگاه دامغان
1393,هنر,694,224,منطقه 2,عکاسی,دانشگاه سمنان
1393,هنر,715,232,منطقه 2,ریاضیات و کاربردها,دانشگاه گنبد
1393,هنر,717,39,منطقه 3,باستانشناسی,دانشگاه کاشان
1393,هنر,720,233,منطقه 2,زبان و ادبیات انگلیسی,دانشگاه شهید باهنر - کرمان
1393,هنر,724,234,منطقه 2,مدیریت فرهنگی هنری,دانشگاه غیرانتفاعی علم و فرهنگ - تهران
1393,هنر,748,243,منطقه 2,سینما,دانشگاه غیرانتفاعی سوره - تهران
1393,هنر,757,247,منطقه 2,ریاضیات و کاربردها,دانشگاه هرمزگان - بندرعباس
1393,هنر,760,249,منطقه 2,مرمت و احیای بناهای تاریخی,دانشگاه هنر اصفهان
1393,هنر,847,51,منطقه 3,عکاسی,دانشگاه هنر اصفهان
1393,هنر,907,56,منطقه 3,صنایع دستی,دانشگاه هنر تهران
1393,هنر,912,57,منطقه 3,صنایع دستی,دانشگاه هنر تهران
1393,هنر,955,61,منطقه 3,تلویزیون و هنرهای دیجیتالی,دانشگاه دامغان
1393,هنر,988,63,منطقه 3,کارشناسی فرش,دانشگاه هنر اسلامی تبریز
1393,هنر,1030,67,منطقه 3,مهندسی صنایع,دانشگاه علم و صنعت ایران - تهران
1393,هنر,1081,70,منطقه 3,عکاسی,دانشگاه هنر اصفهان
1393,هنر,1084,71,منطقه 3,مهندسی کامپیوتر,دانشگاه علم و صنعت ایران - تهران
1393,هنر,1088,72,منطقه 3,مهندسی کامپیوتر,دانشگاه صنعتی امیرکبیر - تهران
1393,هنر,1143,78,منطقه 3,سینما,موسسه غیرانتفاعی سپهر - اصفهان
1393,هنر,1167,81,منطقه 3,صنایع دستی,دانشگاه هنر تهران
1393,هنر,1167,81,منطقه 3,عکاسی,دانشگاه هنر اصفهان
1393,هنر,1192,83,منطقه 3,صنایع دستی,دانشگاه هنر تهران
1393,هنر,1266,28,ایثارگران,حقوق,دانشگاه تهران
1393,هنر,1367,99,منطقه 3,مهندسی شهرسازی,دانشگاه فردوسی - مشهد
1393,هنر,1493,108,منطقه 3,دبیری ریاضی,پردیس بنت الهدی صدر - رشت
1393,هنر,1547,112,منطقه 3,صنایع دستی,دانشگاه الزهرا(س) - تهران
1393,هنر,1597,116,منطقه 3,مهندسی نفت,دانشگاه صنعتی امیرکبیر - تهران
1393,هنر,1667,123,منطقه 3,مهندسی برق,دانشگاه صنعتی شریف - تهران
1393,هنر,1697,127,منطقه 3,مهندسی کامپیوتر,دانشگاه تخصصی فناوریهای نوین آمل
1393,هنر,1712,129,منطقه 3,سینما,دانشگاه غیرانتفاعی سوره - تهران
1393,هنر,1787,139,منطقه 3,تلویزیون و هنرهای دیجیتالی,دانشگاه دامغان
1393,هنر,1884,149,منطقه 3,علوم اقتصادی,دانشگاه رازی کرمانشاه
1393,هنر,1912,153,منطقه 3,ریاضیات و کاربردها,دانشگاه فردوسی - مشهد
1393,هنر,1924,154,منطقه 3,صنایع دستی,دانشگاه الزهرا(س) - تهران
1393,هنر,1972,160,منطقه 3,مرمت و احیای بناهای تاریخی,دانشگاه بین المللی امام خمینی(ره) - قزوین
1393,هنر,2042,171,منطقه 3,باستانشناسی,دانشگاه بوعلی سینا - همدان
1393,هنر,2171,188,منطقه 3,صنایع دستی,دانشگاه الزهرا(س) - تهران
1393,هنر,2174,189,منطقه 3,مهندسی پزشکی,دانشگاه اصفهان
1393,هنر,2177,190,منطقه 3,پزشکی,دانشگاه علوم پزشکی بندرعباس - پردیس خودگردان
1393,هنر,2185,191,منطقه 3,مهندسی نفت,دانشگاه صنعت نفت
1393,هنر,2198,50,ایثارگران,مهندسی مکانیک,دانشگاه صنعتی اصفهان
1393,هنر,2247,197,منطقه 3,پزشکی,دانشگاه علوم پزشکی همدان
1393,هنر,2264,199,منطقه 3,کارشناسی فرش,دانشگاه سیستان و بلوچستان - زاهدان
1393,هنر,2272,201,منطقه 3,مهندسی عمران,دانشگاه صنعتی خواجه نصیرالدین طوسی - تهران
1393,هنر,2272,201,منطقه 3,مهندسی عمران,دانشگاه گیلان - رشت
1393,هنر,2314,209,منطقه 3,پزشکی,دانشگاه علوم پزشکی مشهد - پردیس خودگردان
1393,هنر,2334,212,منطقه 3,مرمت و احیای بناهای تاریخی,مرکز آموزش عالی میراث فرهنگی
1393,هنر,2344,215,منطقه 3,مهندسی منابع طبیعی - مدیریت مناطق خشک و بیابان,دانشگاه یزد
1393,هنر,2370,222,منطقه 3,تلویزیون و هنرهای دیجیتالی,دانشگاه دامغان
1393,هنر,2400,227,منطقه 3,صنایع دستی,دانشگاه الزهرا(س) - تهران
1393,هنر,2412,230,منطقه 3,مهندسی برق,دانشگاه سمنان
1393,هنر,2426,232,منطقه 3,پرستاری,دانشگاه علوم پزشکی بیرجند
1393,هنر,2489,238,منطقه 3,مرمت و احیای بناهای تاریخی,مرکز آموزش عالی میراث فرهنگی
1393,هنر,2527,243,منطقه 3,کارشناسی فرش,دانشگاه هنر اصفهان
1393,هنر,2545,247,منطقه 3,موزه داری,دانشگاه هنر اصفهان
1393,هنر,2555,249,منطقه 3,علوم کامپیوتر,دانشگاه گلستان - گرگان
1393,زبان,4,1,منطقه 2,مهندسی برق,دانشگاه صنعتی شریف - تهران
1393,زبان,6,2,منطقه 2,پزشکی,دانشگاه علوم پزشکی جیرفت
1393,زبان,7,5,منطقه 1,مهندسی مکانیک,دانشگاه صنعتی شریف - تهران
1393,زبان,8,6,منطقه 1,مهندسی کامپیوتر,دانشگاه تهران
1393,زبان,9,7,منطقه 1,مهندسی برق,دانشگاه صنعتی شریف - تهران
1393,زبان,10,8,منطقه 1,دندانپزشکی,دانشگاه علوم پزشکی شهید بهشتی - تهران
1393,زبان,11,9,منطقه 1,پزشکی,دانشگاه علوم پزشکی شهید بهشتی - تهران
1393,زبان,12,3,منطقه 2,زبان و ادبیات انگلیسی,دانشگاه تهران
1393,زبان,13,4,منطقه 2,مهندسی مکانیک,دانشگاه صنعتی شریف - تهران
1393,زبان,14,5,منطقه 2,پزشکی,دانشگاه علوم پزشکی تهران
1393,زبان,16,6,منطقه 2,پزشکی,دانشگاه علوم پزشکی تهران
1393,زبان,17,1,منطقه 3,مهندسی کامپیوتر,دانشگاه صنعتی شریف - تهران
1393,زبان,18,7,منطقه 2,مهندسی برق,دانشگاه صنعتی شریف - تهران
1393,زبان,19,11,منطقه 1,مهندسی برق,دانشگاه صنعتی اصفهان
1393,زبان,20,12,منطقه 1,پزشکی,دانشگاه شاهد - تهران(رشته های پزشکی)
1393,زبان,21,8,منطقه 2,پزشکی,دانشگاه علوم پزشکی تهران
1393,زبان,22,13,منطقه 1,زبان و ادبیات انگلیسی,دانشگاه اصفهان
1393,زبان,24,9,منطقه 2,مهندسی نفت,دانشگاه صنعتی شریف - تهران
1393,زبان,25,10,منطقه 2,مهندسی کامپیوتر,دانشگاه صنعتی شریف - تهران
1393,زبان,26,11,منطقه 2,پزشکی,دانشگاه علوم پزشکی تهران
1393,زبان,29,12,منطقه 2,مهندسی مواد,دانشگاه تهران
1393,زبان,30,17,منطقه 1,پزشکی,دانشگاه علوم پزشکی شیراز
1393,زبان,32,13,منطقه 2,پزشکی,دانشگاه علوم پزشکی شهید بهشتی - تهران
1393,زبان,33,19,منطقه 1,مهندسی برق,دانشگاه شیراز
1393,زبان,38,1,ایثارگران,مهندسی برق,دانشگاه صنعتی شریف - تهران
1393,زبان,39,15,منطقه 2,دندانپزشکی,دانشگاه علوم پزشکی ارومیه
1393,زبان,42,25,منطقه 1,مهندسی برق,دانشگاه صنعتی شریف - تهران
1393,زبان,43,16,منطقه 2,داروسازی,دانشگاه علوم پزشکی گیلان - رشت
1393,زبان,44,17,منطقه 2,پزشکی,دانشگاه علوم پزشکی تهران
1393,زبان,45,18,منطقه 2,پزشکی,دانشگاه علوم پزشکی تهران
1393,زبان,47,27,منطقه 1,مهندسی برق,دانشگاه تهران
1393,زبان,48,28,منطقه 1,مهندسی نفت,دانشگاه صنعتی شریف - تهران
1393,زبان,50,29,منطقه 1,مهندسی عمران,دانشگاه تهران
1393,زبان,51,30,منطقه 1,مهندسی برق,دانشگاه صنعتی شریف - تهران
1393,زبان,52,20,منطقه 2,پزشکی,دانشگاه علوم پزشکی تهران
1393,زبان,53,21,منطقه 2,مهندسی مکانیک,دانشگاه صنعتی شریف - تهران
1393,زبان,54,22,منطقه 2,مهندسی مکانیک,دانشگاه تهران
1393,زبان,55,31,منطقه 1,مهندسی کامپیوتر,دانشگاه صنعتی شریف - تهران
1393,زبان,56,32,منطقه 1,مهندسی نفت,دانشگاه صنعتی شریف - تهران
1393,زبان,57,33,منطقه 1,مهندسی مکانیک,دانشگاه صنعتی شریف - تهران
1393,زبان,59,2,منطقه 3,پزشکی,دانشگاه علوم پزشکی اراک
1393,زبان,60,35,منطقه 1,مهندسی مکانیک,دانشگاه شیراز
1393,زبان,62,23,منطقه 2,مهندسی مکانیک,دانشگاه صنعتی شریف - تهران
1393,زبان,62,23,منطقه 2,پزشکی,دانشگاه علوم پزشکی تهران
1393,زبان,64,37,منطقه 1,داروسازی,دانشگاه علوم پزشکی شیراز
1393,زبان,65,25,منطقه 2,پزشکی,دانشگاه علوم پزشکی ایران
1393,زبان,66,26,منطقه 2,مهندسی مکانیک,دانشگاه تهران
1393,زبان,67,38,منطقه 1,مهندسی برق,دانشگاه فردوسی - مشهد
1393,زبان,68,27,منطقه 2,پزشکی,دانشگاه علوم پزشکی اصفهان
1393,زبان,69,39,منطقه 1,پزشکی,دانشگاه علوم پزشکی اصفهان
1393,زبان,70,2,ایثارگران,پزشکی,دانشگاه علوم پزشکی تهران
1393,زبان,71,3,منطقه 3,مهندسی برق,دانشگاه صنعتی شریف - تهران
1393,زبان,71,28,منطقه 2,مهندسی نفت,دانشگاه صنعتی شریف - تهران
1393,زبان,73,40,منطقه 1,مهندسی کامپیوتر,دانشگاه صنعتی شریف - تهران
1393,زبان,74,41,منطقه 1,مهندسی مکانیک,دانشگاه یزد
1393,زبان,75,29,منطقه 2,پزشکی,دانشگاه علوم پزشکی شیراز
1393,زبان,76,30,منطقه 2,پزشکی,دانشگاه علوم پزشکی ایران
1393,زبان,77,31,منطقه 2,مهندسی برق,دانشگاه صنعتی شریف - تهران
1393,زبان,78,42,منطقه 1,مهندسی کامپیوتر,دانشگاه علم و صنعت ایران - تهران
1393,زبان,79,43,منطقه 1,داروسازی,دانشگاه علوم پزشکی تهران
1393,زبان,81,32,منطقه 2,پزشکی,دانشگاه علوم پزشکی ایران
1393,زبان,82,33,منطقه 2,مهندسی برق,دانشگاه صنعتی شریف - تهران
1393,زبان,85,47,منطقه 1,دندانپزشکی,دانشگاه علوم پزشکی تبریز
1393,زبان,86,48,منطقه 1,پزشکی,دانشگاه علوم پزشکی تهران
1393,زبان,87,49,منطقه 1,مهندسی مکانیک,دانشگاه صنعتی اصفهان
1393,زبان,88,50,منطقه 1,زبان و ادبیات ژاپنی,دانشگاه تهران
1393,زبان,92,53,منطقه 1,شیمی,دانشگاه تهران
1393,زبان,93,3,ایثارگران,پزشکی,دانشگاه علوم پزشکی تهران
1393,زبان,96,56,منطقه 1,پزشکی,دانشگاه علوم پزشکی شیراز
1393,زبان,97,57,منطقه 1,حقوق,دانشگاه تهران
1393,زبان,97,57,منطقه 1,مهندسی کامپیوتر,دانشگاه صنعتی شریف - تهران
1393,زبان,99,59,منطقه 1,مهندسی شیمی,دانشگاه صنعتی شریف - تهران
1393,زبان,100,60,منطقه 1,مهندسی مواد,دانشگاه صنعتی شریف - تهران
1393,زبان,101,5,منطقه 3,پزشکی,دانشگاه علوم پزشکی ایران
1393,زبان,102,61,منطقه 1,مهندسی پزشکی,دانشگاه صنعتی امیرکبیر - تهران
1393,زبان,105,36,منطقه 2,مهندسی مکانیک,دانشگاه صنعتی خواجه نصیرالدین طوسی - تهران
1393,زبان,106,37,منطقه 2,مهندسی معماری,دانشگاه شهید بهشتی - تهران
1393,زبان,107,62,منطقه 1,پزشکی,دانشگاه علوم پزشکی مشهد
1393,زبان,108,63,منطقه 1,پزشکی,دانشگاه علوم پزشکی تبریز
1393,زبان,109,38,منطقه 2,پزشکی,دانشگاه علوم پزشکی تهران
1393,زبان,110,64,منطقه 1,زبان و ادبیات انگلیسی,دانشگاه تهران
1393,زبان,111,65,منطقه 1,حقوق,دانشگاه تهران
1393,زبان,112,66,منطقه 1,مهندسی برق,دانشگاه تهران
1393,زبان,112,66,منطقه 1,پزشکی,دانشگاه علوم پزشکی مشهد
1393,زبان,114,68,منطقه 1,زبان و ادبیات انگلیسی,دانشگاه شیراز
1393,زبان,115,69,منطقه 1,مهندسی معماری,دانشگاه تهران
1393,زبان,116,70,منطقه 1,زبان و ادبیات انگلیسی,دانشگاه تهران
1393,زبان,116,70,منطقه 1,پزشکی,دانشگاه علوم پزشکی زنجان
1393,زبان,118,39,منطقه 2,مهندسی برق,دانشگاه صنعتی شریف - تهران
1393,زبان,119,40,منطقه 2,مهندسی برق,دانشگاه صنعتی شریف - تهران
1393,زبان,120,72,منطقه 1,مهندسی برق,دانشگاه صنعتی شریف - تهران
1393,زبان,121,41,منطقه 2,مهندسی کامپیوتر,دانشگاه صنعتی شریف - تهران
1393,زبان,122,42,منطقه 2,پزشکی,دانشگاه علوم پزشکی مازندران - ساری
1393,زبان,124,6,منطقه 3,مهندسی برق,دانشگاه صنعتی شریف - تهران
1393,زبان,126,75,منطقه 1,پزشکی,دانشگاه علوم پزشکی البرز - کرج
1393,زبان,127,76,منطقه 1,پزشکی,دانشگاه علوم پزشکی مازندران - ساری
1393,زبان,128,43,منطقه 2,پزشکی,دانشگاه علوم پزشکی ایران
1393,زبان,129,77,منطقه 1,مهندسی صنایع,دانشگاه صنعتی شریف - تهران
1393,زبان,131,79,منطقه 1,مهندسی کامپیوتر,دانشگاه تهران
1393,زبان,132,80,منطقه 1,مهندسی کامپیوتر,دانشگاه اصفهان
1393,زبان,135,82,منطقه 1,دندانپزشکی,دانشگاه علوم پزشکی شهید بهشتی - تهران
1393,زبان,139,7,منطقه 3,پزشکی,دانشگاه علوم پزشکی شهید بهشتی - تهران
1393,زبان,140,8,منطقه 3,مهندسی عمران,دانشگاه صنعتی امیرکبیر - تهران
1393,زبان,141,86,منطقه 1,داروسازی,دانشگاه علوم پزشکی شهید بهشتی - تهران
1393,زبان,141,86,منطقه 1,مهندسی عمران,دانشگاه تهران
1393,زبان,143,45,منطقه 2,مهندسی نفت,دانشگاه صنعتی امیرکبیر - تهران
1393,زبان,144,88,منطقه 1,پزشکی,دانشگاه علوم پزشکی تهران
1393,زبان,145,9,منطقه 3,مهندسی برق,دانشگاه شیراز
1393,زبان,147,90,منطقه 1,مهندسی کامپیوتر,دانشگاه تهران
1393,زبان,148,91,منطقه 1,مهندسی برق,دانشگاه صنعتی خواجه نصیرالدین طوسی - تهران
1393,زبان,149,92,منطقه 1,مهندسی مکانیک,دانشگاه صنعتی اصفهان
1393,زبان,150,10,منطقه 3,مهندسی برق,دانشگاه تهران
1393,زبان,151,93,منطقه 1,مهندسی برق,دانشگاه صنعتی شریف - تهران
1393,زبان,152,94,منطقه 1,مهندسی کامپیوتر,دانشگاه صنعتی شریف - تهران
1393,زبان,152,94,منطقه 1,پزشکی,دانشگاه علوم پزشکی شیراز
1393,زبان,155,11,منطقه 3,پزشکی,دانشگاه علوم پزشکی شهید بهشتی - تهران
1393,زبان,157,97,منطقه 1,مهندسی برق,دانشگاه صنعتی شریف - تهران
1393,زبان,160,48,منطقه 2,مهندسی برق,دانشگاه صنعتی شریف - تهران
1393,زبان,160,99,منطقه 1,مهندسی مکانیک,دانشگاه تهران
1393,زبان,162,100,منطقه 1,مهندسی برق,دانشگاه تهران
1393,زبان,163,49,منطقه 2,پزشکی,دانشگاه علوم پزشکی شهید بهشتی - تهران
1393,زبان,164,101,منطقه 1,مهندسی برق,دانشگاه صنعتی شریف - تهران
1393,زبان,165,50,منطقه 2,بینایی سنجی,دانشگاه علوم پزشکی ایران
1393,زبان,166,102,منطقه 1,پزشکی,دانشگاه علوم پزشکی البرز - کرج
1393,زبان,167,51,منطقه 2,داروسازی,دانشگاه علوم پزشکی تهران
1393,زبان,168,12,منطقه 3,پزشکی,دانشگاه علوم پزشکی شهید بهشتی - تهران
1393,زبان,168,103,منطقه 1,پزشکی,دانشگاه علوم پزشکی مشهد
1393,زبان,170,104,منطقه 1,مهندسی صنایع,دانشگاه صنعتی شریف - تهران
1393,زبان,171,105,منطقه 1,پزشکی,دانشگاه علوم پزشکی اصفهان
1393,زبان,172,106,منطقه 1,پزشکی,دانشگاه علوم پزشکی مشهد
1393,زبان,173,52,منطقه 2,دندانپزشکی,دانشگاه علوم پزشکی جندی شاپور اهواز
1393,زبان,173,52,منطقه 2,پزشکی,دانشگاه علوم پزشکی تبریز
1393,زبان,176,54,منطقه 2,مهندسی مکانیک,دانشگاه علم و صنعت ایران - تهران
1393,زبان,177,55,منطقه 2,زبان و ادبیات انگلیسی,دانشگاه شهید بهشتی - تهران
1393,زبان,178,56,منطقه 2,زبان و ادبیات انگلیسی,دانشگاه تهران
1393,زبان,178,108,منطقه 1,پزشکی,دانشگاه علوم پزشکی شیراز
1393,زبان,180,109,منطقه 1,ریاضیات و کاربردها,دانشگاه تهران
1393,زبان,180,109,منطقه 1,مهندسی کامپیوتر,دانشگاه تهران
1393,زبان,182,111,منطقه 1,پزشکی,دانشگاه علوم پزشکی شهید بهشتی - تهران
1393,زبان,183,13,منطقه 3,مهندسی برق,دانشگاه صنعتی شریف - تهران
1393,زبان,184,57,منطقه 2,مهندسی مکانیک,دانشگاه شهید بهشتی - تهران
1393,زبان,185,58,منطقه 2,سینما,دانشگاه هنر تهران
1393,زبان,186,112,منطقه 1,حقوق,دانشگاه تهران
1393,زبان,188,60,منطقه 2,مهندسی برق,دانشگاه صنعتی شریف - تهران
1393,زبان,189,113,منطقه 1,داروسازی,دانشگاه علوم پزشکی تهران
1393,زبان,190,114,منطقه 1,پزشکی,دانشگاه علوم پزشکی یزد
1393,زبان,191,115,منطقه 1,پزشکی,دانشگاه علوم پزشکی مشهد
1393,زبان,193,61,منطقه 2,مهندسی مکانیک,دانشگاه صنعتی امیرکبیر - تهران
1393,زبان,194,117,منطقه 1,مهندسی برق,دانشگاه شیراز
1393,زبان,196,62,منطقه 2,پزشکی,دانشگاه علوم پزشکی همدان
1393,زبان,197,63,منطقه 2,مهندسی مکانیک,دانشگاه صنعتی امیرکبیر - تهران
1393,زبان,199,119,منطقه 1,مهندسی مکانیک,دانشگاه تهران
1393,زبان,201,120,منطقه 1,فیزیک,دانشگاه تهران
1393,زبان,201,120,منطقه 1,پزشکی,دانشگاه علوم پزشکی تبریز
1393,زبان,203,66,منطقه 2,پزشکی,دانشگاه علوم پزشکی اصفهان
1393,زبان,205,123,منطقه 1,مهندسی مکانیک,دانشگاه تهران
1393,زبان,206,67,منطقه 2,مهندسی برق,دانشگاه صنعتی شریف - تهران
1393,زبان,207,124,منطقه 1,پزشکی,دانشگاه علوم پزشکی تهران
1393,زبان,207,124,منطقه 1,پزشکی,دانشگاه علوم پزشکی مشهد
1393,زبان,211,68,منطقه 2,پزشکی,دانشگاه علوم پزشکی فسا
1393,زبان,212,128,منطقه 1,دندانپزشکی,دانشگاه علوم پزشکی شیراز
1393,زبان,213,69,منطقه 2,پزشکی,دانشگاه علوم پزشکی کرمان
1393,زبان,214,129,منطقه 1,پزشکی,دانشگاه علوم پزشکی شیراز
1393,زبان,216,70,منطقه 2,مترجمی زبان انگلیسی,دانشگاه بوعلی سینا - همدان
1393,زبان,217,71,منطقه 2,داروسازی,دانشگاه علوم پزشکی کرمانشاه
1393,زبان,220,133,منطقه 1,دندانپزشکی,دانشگاه علوم پزشکی اصفهان
1393,زبان,221,134,منطقه 1,مهندسی مکانیک,دانشگاه صنعتی امیرکبیر - تهران
1393,زبان,222,72,منطقه 2,دندانپزشکی,دانشگاه علوم پزشکی گلستان - گرگان
1393,زبان,225,74,منطقه 2,پزشکی,دانشگاه علوم پزشکی ایران
1393,زبان,226,75,منطقه 2,پزشکی,دانشگاه علوم پزشکی ارومیه
1393,زبان,229,77,منطقه 2,پزشکی,دانشگاه علوم پزشکی شهید بهشتی - تهران
1393,زبان,229,77,منطقه 2,پزشکی,دانشگاه علوم پزشکی مشهد - پردیس خودگردان
1393,زبان,229,136,منطقه 1,مهندسی کامپیوتر,دانشگاه فردوسی - مشهد
1393,زبان,231,137,منطقه 1,پزشکی,دانشگاه علوم پزشکی مشهد
1393,زبان,232,79,منطقه 2,زبان و ادبیات انگلیسی,دانشگاه تهران
1393,زبان,234,139,منطقه 1,مهندسی کامپیوتر,دانشگاه صنعتی شریف - تهران
1393,زبان,236,14,منطقه 3,پزشکی,دانشگاه علوم پزشکی ارومیه
1393,زبان,237,80,منطقه 2,مهندسی کامپیوتر,دانشگاه صنعتی شریف - تهران
1393,زبان,238,81,منطقه 2,مهندسی کامپیوتر,دانشگاه صنعتی امیرکبیر - تهران
1393,زبان,239,82,منطقه 2,پزشکی,دانشگاه علوم پزشکی ایران
1393,زبان,241,142,منطقه 1,دندانپزشکی,دانشگاه علوم پزشکی تبریز
1393,زبان,242,83,منطقه 2,پزشکی,دانشگاه علوم پزشکی شهید بهشتی - تهران
1393,زبان,242,143,منطقه 1,دندانپزشکی,دانشگاه علوم پزشکی مشهد
1393,زبان,245,145,منطقه 1,داروسازی,دانشگاه علوم پزشکی تهران
1393,زبان,246,15,منطقه 3,پزشکی,دانشگاه علوم پزشکی تبریز
1393,زبان,246,146,منطقه 1,مهندسی نفت,دانشگاه صنعتی شریف - تهران
1393,زبان,248,84,منطقه 2,مهندسی برق,دانشگاه تهران
1393,زبان,248,147,منطقه 1,مهندسی برق,دانشگاه صنعتی شریف - تهران
1393,زبان,250,85,منطقه 2,پزشکی,دانشگاه علوم پزشکی شهید بهشتی - تهران
1393,زبان,251,86,منطقه 2,مهندسی کامپیوتر,دانشگاه صنعتی امیرکبیر - تهران
1393,زبان,251,148,منطقه 1,پزشکی,دانشگاه علوم پزشکی شهید بهشتی - تهران
1393,زبان,254,87,منطقه 2,مهندسی برق,دانشگاه صنعتی خواجه نصیرالدین طوسی - تهران
1393,زبان,255,149,منطقه 1,پزشکی,دانشگاه علوم پزشکی شیراز
1393,زبان,256,150,منطقه 1,دندانپزشکی,دانشگاه شاهد - تهران(رشته های پزشکی)
1393,زبان,257,88,منطقه 2,دندانپزشکی,دانشگاه علوم پزشکی شهید بهشتی - تهران
1393,زبان,257,88,منطقه 2,پزشکی,دانشگاه علوم پزشکی تهران
1393,زبان,261,153,منطقه 1,دندانپزشکی,دانشگاه علوم پزشکی شهید بهشتی - تهران
1393,زبان,262,90,منطقه 2,پزشکی,دانشگاه علوم پزشکی همدان
1393,زبان,263,17,منطقه 3,پزشکی,دانشگاه علوم پزشکی تهران
1393,زبان,263,154,منطقه 1,زبان و ادبیات انگلیسی,دانشگاه شهید بهشتی - تهران
1393,زبان,265,91,منطقه 2,پزشکی,دانشگاه علوم پزشکی مشهد
1393,زبان,266,92,منطقه 2,مترجمی زبان انگلیسی,دانشگاه علامه طباطبایی - تهران
1393,زبان,267,93,منطقه 2,مهندسی برق,دانشگاه شهید بهشتی - تهران
1393,زبان,269,156,منطقه 1,مدیریت بازرگانی,دانشگاه علامه طباطبایی - تهران
1393,زبان,270,94,منطقه 2,دندانپزشکی,دانشگاه علوم پزشکی تهران
1393,زبان,273,96,منطقه 2,زبان و ادبیات انگلیسی,دانشگاه تهران
1393,زبان,273,96,منطقه 2,پزشکی,دانشگاه علوم پزشکی تهران
1393,زبان,275,98,منطقه 2,زبان و ادبیات انگلیسی,دانشگاه تهران
1393,زبان,277,158,منطقه 1,مهندسی کامپیوتر,دانشگاه یزد
1393,زبان,278,99,منطقه 2,مهندسی مکانیک,دانشگاه تهران
1393,زبان,280,100,منطقه 2,پزشکی,دانشگاه علوم پزشکی شهید بهشتی - تهران
1393,زبان,280,160,منطقه 1,مهندسی کامپیوتر,دانشگاه صنعتی شریف - تهران
1393,زبان,284,163,منطقه 1,مهندسی شیمی,دانشگاه صنعتی شریف - تهران
1393,زبان,285,101,منطقه 2,پزشکی,دانشگاه علوم پزشکی تهران
1393,زبان,287,165,منطقه 1,مهندسی برق,دانشگاه صنعتی شریف - تهران
1393,زبان,288,166,منطقه 1,مهندسی برق,دانشگاه صنعتی اصفهان
1393,زبان,291,102,منطقه 2,مهندسی برق,دانشگاه صنعتی شریف - تهران
1393,زبان,291,102,منطقه 2,پزشکی,دانشگاه علوم پزشکی تهران
1393,زبان,291,168,منطقه 1,مهندسی کامپیوتر,دانشگاه صنعتی شریف - تهران
1393,زبان,293,104,منطقه 2,مهندسی برق,دانشگاه صنعتی شریف - تهران
1393,زبان,293,104,منطقه 2,پزشکی,دانشگاه علوم پزشکی شهید بهشتی - تهران
1393,زبان,296,170,منطقه 1,مهندسی صنایع,دانشگاه صنعتی شریف - تهران
1393,زبان,297,19,منطقه 3,مهندسی کامپیوتر,دانشگاه صنعتی شریف - تهران
1393,زبان,299,106,منطقه 2,مهندسی کامپیوتر,دانشگاه صنعتی شریف - تهران
1393,زبان,299,172,منطقه 1,مهندسی برق,دانشگاه صنعتی شریف - تهران
1393,زبان,302,174,منطقه 1,مهندسی هوا فضا,دانشگاه صنعتی شریف - تهران
1393,زبان,302,174,منطقه 1,پزشکی,دانشگاه علوم پزشکی شیراز
1393,زبان,304,107,منطقه 2,داروسازی,دانشگاه علوم پزشکی یزد - پردیس خودگردان
1393,زبان,305,176,منطقه 1,مهندسی برق,دانشگاه تهران
1393,زبان,306,108,منطقه 2,پزشکی,دانشگاه علوم پزشکی تهران
1393,زبان,307,177,منطقه 1,مهندسی برق,دانشگاه صنعتی خواجه نصیرالدین طوسی - تهران
1393,زبان,309,109,منطقه 2,دندانپزشکی,دانشگاه علوم پزشکی شیراز - پردیس خودگردان
1393,زبان,311,110,منطقه 2,مهندسی عمران,دانشگاه تهران
1393,زبان,312,111,منطقه 2,مترجمی زبان انگلیسی,دانشگاه علامه طباطبایی - تهران
1393,زبان,313,180,منطقه 1,حقوق,دانشگاه شهید بهشتی - تهران
1393,زبان,313,180,منطقه 1,مهندسی شیمی,دانشگاه صنعتی شریف - تهران
1393,زبان,316,112,منطقه 2,زبان و ادبیات انگلیسی,دانشگاه علامه طباطبایی - تهران
1393,زبان,318,113,منطقه 2,پزشکی,دانشگاه علوم پزشکی تهران
1393,زبان,319,114,منطقه 2,مهندسی صنایع,دانشگاه علم و صنعت ایران - تهران
1393,زبان,321,115,منطقه 2,پزشکی,دانشگاه علوم پزشکی شهید بهشتی - تهران
1393,زبان,324,187,منطقه 1,مهندسی عمران,دانشگاه صنعتی امیرکبیر - تهران
1393,زبان,326,4,ایثارگران,پزشکی,دانشگاه علوم پزشکی اصفهان
1393,زبان,327,5,ایثارگران,پزشکی,دانشگاه علوم پزشکی مشهد
1393,زبان,328,189,منطقه 1,پزشکی,دانشگاه علوم پزشکی تبریز
1393,زبان,331,192,منطقه 1,پزشکی,دانشگاه علوم پزشکی مشهد
1393,زبان,334,194,منطقه 1,پزشکی,دانشگاه علوم پزشکی اصفهان
1393,زبان,334,194,منطقه 1,پزشکی,دانشگاه علوم پزشکی تبریز
1393,زبان,337,20,منطقه 3,دامپزشکی,دانشگاه تهران
1393,زبان,337,116,منطقه 2,مهندسی صنایع,دانشگاه صنعتی ارومیه
1393,زبان,337,116,منطقه 2,پزشکی,دانشگاه علوم پزشکی اصفهان
1393,زبان,339,196,منطقه 1,مهندسی معماری,دانشگاه بوعلی سینا - همدان
1393,زبان,341,198,منطقه 1,حقوق,دانشگاه تهران
1393,زبان,341,198,منطقه 1,مهندسی برق,دانشگاه شیراز
1393,زبان,341,198,منطقه 1,مهندسی کامپیوتر,دانشگاه گلستان - گرگان
1393,زبان,344,118,منطقه 2,داروسازی,دانشگاه علوم پزشکی گیلان - رشت
1393,زبان,346,202,منطقه 1,مهندسی مکانیک,دانشگاه صنعتی شریف - تهران
1393,زبان,348,120,منطقه 2,پزشکی,دانشگاه علوم پزشکی شهید بهشتی - تهران
1393,زبان,348,203,منطقه 1,دندانپزشکی,دانشگاه علوم پزشکی اصفهان
1393,زبان,350,121,منطقه 2,پزشکی,دانشگاه علوم پزشکی یزد
1393,زبان,351,122,منطقه 2,پزشکی,دانشگاه علوم پزشکی شهید بهشتی - تهران
1393,زبان,353,204,منطقه 1,پزشکی,دانشگاه علوم پزشکی تبریز
1393,زبان,356,206,منطقه 1,مهندسی صنایع,دانشگاه الزهرا(س) - تهران
1393,زبان,357,207,منطقه 1,مهندسی عمران,دانشگاه صنعتی شریف - تهران
1393,زبان,359,208,منطقه 1,فیزیک,دانشگاه صنعتی شریف - تهران
1393,زبان,359,208,منطقه 1,مهندسی عمران,دانشگاه صنعتی شریف - تهران
1393,زبان,361,210,منطقه 1,مهندسی کامپیوتر,دانشگاه تهران
1393,زبان,363,126,منطقه 2,پزشکی,دانشگاه علوم پزشکی همدان
1393,زبان,365,21,منطقه 3,مهندسی برق,دانشگاه صنعتی امیرکبیر - تهران
1393,زبان,366,127,منطقه 2,دندانپزشکی,دانشگاه علوم پزشکی یزد
1393,زبان,366,127,منطقه 2,پزشکی,دانشگاه علوم پزشکی شهید بهشتی - تهران
1393,زبان,369,130,منطقه 2,مهندسی صنایع,دانشگاه صنعتی شریف - تهران
1393,زبان,372,215,منطقه 1,دندانپزشکی,دانشگاه علوم پزشکی مشهد
1393,زبان,374,131,منطقه 2,مهندسی مکانیک,دانشگاه تهران
1393,زبان,374,216,منطقه 1,پزشکی,دانشگاه علوم پزشکی ایران
1393,زبان,376,132,منطقه 2,مهندسی کامپیوتر,دانشگاه صنعتی شریف - تهران
1393,زبان,377,218,منطقه 1,مهندسی کامپیوتر,دانشگاه صنعتی اصفهان
1393,زبان,379,220,منطقه 1,مهندسی هوا فضا,دانشگاه صنعتی شریف - تهران
1393,زبان,380,133,منطقه 2,دندانپزشکی,دانشگاه علوم پزشکی شیراز - پردیس خودگردان
1393,زبان,381,134,منطقه 2,مهندسی برق,دانشگاه صنعتی شریف - تهران
1393,زبان,382,135,منطقه 2,پزشکی,دانشگاه علوم پزشکی بندرعباس
1393,زبان,382,221,منطقه 1,مهندسی مکانیک,دانشگاه صنعتی سهند - تبریز
1393,زبان,384,136,منطقه 2,مهندسی کامپیوتر,دانشگاه صنعتی شریف - تهران
1393,زبان,387,138,منطقه 2,مهندسی شیمی,دانشگاه صنعتی شریف - تهران
1393,زبان,388,223,منطقه 1,پزشکی,دانشگاه علوم پزشکی تبریز
1393,زبان,389,224,منطقه 1,مهندسی برق,دانشگاه شیراز
1393,زبان,390,139,منطقه 2,پزشکی,دانشگاه علوم پزشکی زنجان
1393,زبان,391,225,منطقه 1,زبان و ادبیات انگلیسی,دانشگاه شهید بهشتی - تهران
1393,زبان,393,227,منطقه 1,مهندسی عمران,دانشگاه صنعتی امیرکبیر - تهران
1393,زبان,394,140,منطقه 2,دندانپزشکی,دانشگاه علوم پزشکی بابل
1393,زبان,394,140,منطقه 2,مهندسی کامپیوتر,دانشگاه شهید بهشتی - تهران
1393,زبان,396,228,منطقه 1,مهندسی نفت,دانشگاه صنعت نفت
1393,زبان,398,142,منطقه 2,پزشکی,دانشگاه علوم پزشکی کرمان
1393,زبان,399,230,منطقه 1,فیزیوتراپی,دانشگاه علوم پزشکی ایران
1393,زبان,401,232,منطقه 1,مهندسی شیمی,دانشگاه صنعتی شریف - تهران
1393,زبان,402,143,منطقه 2,دندانپزشکی,دانشگاه علوم پزشکی شهید بهشتی - تهران
1393,زبان,403,144,منطقه 2,زبان و ادبیات انگلیسی,دانشگاه فردوسی - مشهد
1393,زبان,404,233,منطقه 1,فیزیک,دانشگاه شهید بهشتی - تهران
1393,زبان,405,145,منطقه 2,مهندسی هوا فضا,دانشگاه صنعتی شریف - تهران
1393,زبان,406,146,منطقه 2,پزشکی,دانشگاه علوم پزشکی شهید بهشتی - تهران
1393,زبان,407,147,منطقه 2,مهندسی مکانیک,دانشگاه صنعتی امیرکبیر - تهران
1393,زبان,408,148,منطقه 2,مهندسی مکانیک,دانشگاه صنعتی امیرکبیر - تهران
1393,زبان,410,234,منطقه 1,دندانپزشکی,دانشگاه علوم پزشکی مشهد
1393,زبان,412,22,منطقه 3,فیزیوتراپی,دانشگاه علوم پزشکی شهید بهشتی - تهران
1393,زبان,414,151,منطقه 2,پزشکی,دانشگاه علوم پزشکی ایران
1393,زبان,414,235,منطقه 1,مهندسی برق,دانشگاه علم و صنعت ایران - تهران
1393,زبان,416,237,منطقه 1,مهندسی کامپیوتر,دانشگاه فردوسی - مشهد
1393,زبان,418,152,منطقه 2,پزشکی,دانشگاه علوم پزشکی شیراز
1393,زبان,419,153,منطقه 2,مهندسی معماری,دانشگاه علم و صنعت ایران - تهران
1393,زبان,420,23,منطقه 3,مهندسی برق,دانشگاه یزد
1393,زبان,423,240,منطقه 1,زبان و ادبیات انگلیسی,دانشگاه شهید بهشتی - تهران
1393,زبان,425,155,منطقه 2,دبیری ریاضی,پردیس شهید هاشمی نژاد - مشهد
1393,زبان,426,24,منطقه 3,پزشکی,دانشگاه علوم پزشکی شهید بهشتی - تهران
1393,زبان,426,156,منطقه 2,مهندسی عمران,دانشگاه تهران
1393,زبان,428,157,منطقه 2,مهندسی شیمی,دانشگاه صنعتی شریف - تهران
1393,زبان,428,242,منطقه 1,پزشکی,دانشگاه علوم پزشکی تهران
1393,زبان,430,243,منطقه 1,پزشکی,دانشگاه علوم پزشکی همدان
1393,زبان,434,159,منطقه 2,پزشکی,دانشگاه علوم پزشکی شهید بهشتی - تهران
1393,زبان,435,160,منطقه 2,دندانپزشکی,دانشگاه علوم پزشکی گیلان - رشت
1393,زبان,437,246,منطقه 1,دندانپزشکی,دانشگاه علوم پزشکی اصفهان
1393,زبان,437,246,منطقه 1,پزشکی,دانشگاه علوم پزشکی تبریز
1393,زبان,440,162,منطقه 2,پزشکی,دانشگاه علوم پزشکی اصفهان
1393,زبان,442,250,منطقه 1,روانشناسی,دانشگاه شهید بهشتی - تهران
1393,زبان,443,163,منطقه 2,پزشکی,دانشگاه علوم پزشکی ایران
1393,زبان,443,251,منطقه 1,مهندسی کامپیوتر,دانشگاه صنعتی امیرکبیر - تهران
1393,زبان,447,165,منطقه 2,مهندسی کامپیوتر,دانشگاه صنعتی شریف - تهران
1393,زبان,447,253,منطقه 1,مهندسی عمران,دانشگاه تهران
1393,زبان,449,254,منطقه 1,دندانپزشکی,دانشگاه علوم پزشکی تبریز
1393,زبان,449,254,منطقه 1,مهندسی کامپیوتر,دانشگاه صنعتی شریف - تهران
1393,زبان,451,256,منطقه 1,مهندسی کامپیوتر,موسسه غیرانتفاعی ایوانکی
1393,زبان,453,166,منطقه 2,پزشکی,دانشگاه علوم پزشکی شهید بهشتی - تهران
1393,زبان,455,167,منطقه 2,پزشکی,دانشگاه علوم پزشکی اصفهان
1393,زبان,456,168,منطقه 2,داروسازی,دانشگاه علوم پزشکی کرمانشاه
1393,زبان,456,168,منطقه 2,پزشکی,دانشگاه علوم پزشکی بابل
1393,زبان,458,170,منطقه 2,مهندسی برق,دانشگاه تهران
1393,زبان,460,171,منطقه 2,مهندسی برق,دانشگاه صنعتی شریف - تهران
1393,زبان,460,259,منطقه 1,مهندسی برق,دانشگاه صنعتی شریف - تهران
1393,زبان,464,25,منطقه 3,پزشکی,دانشگاه علوم پزشکی تهران
1393,زبان,465,173,منطقه 2,مهندسی برق,دانشگاه صنعتی خواجه نصیرالدین طوسی - تهران
1393,زبان,468,174,منطقه 2,دندانپزشکی,دانشگاه علوم پزشکی گلستان - گرگان
1393,زبان,468,262,منطقه 1,زیست شناسی سلولی مولکولی,دانشگاه شهید باهنر - کرمان
1393,زبان,468,262,منطقه 1,مهندسی مکانیک,دانشگاه صنعتی اصفهان
1393,زبان,470,264,منطقه 1,مهندسی کامپیوتر,دانشگاه صنعتی شریف - تهران
1393,زبان,471,175,منطقه 2,پزشکی,دانشگاه علوم پزشکی تهران
1393,زبان,472,176,منطقه 2,علوم کامپیوتر,دانشگاه صنعتی شریف - تهران
1393,زبان,475,177,منطقه 2,مهندسی معماری,دانشگاه تهران
1393,زبان,476,178,منطقه 2,تربیت دبیر زبان انگلیسی,پردیس شهید هاشمی نژاد - مشهد
1393,زبان,478,26,منطقه 3,مهندسی مکانیک,دانشگاه صنعتی شریف - تهران
1393,زبان,481,179,منطقه 2,پزشکی,دانشگاه علوم پزشکی مشهد
1393,زبان,481,270,منطقه 1,مهندسی مکانیک,دانشگاه صنعتی شریف - تهران
1393,زبان,483,271,منطقه 1,مهندسی کامپیوتر,دانشگاه الزهرا(س) - تهران
1393,زبان,484,272,منطقه 1,پزشکی,دانشگاه علوم پزشکی قزوین
1393,زبان,486,274,منطقه 1,مهندسی مکانیک,دانشگاه شیراز
1393,زبان,487,180,منطقه 2,مهندسی برق,دانشگاه تهران
1393,زبان,488,181,منطقه 2,پزشکی,دانشگاه علوم پزشکی گیلان - رشت
1393,زبان,488,275,منطقه 1,مهندسی برق,دانشگاه صنعتی شریف - تهران
1393,زبان,490,182,منطقه 2,مهندسی نفت,دانشگاه شیراز
1393,زبان,492,183,منطقه 2,دندانپزشکی,دانشگاه علوم پزشکی بیرجند
1393,زبان,492,277,منطقه 1,مهندسی کامپیوتر,دانشگاه شهید بهشتی - تهران
1393,زبان,494,278,منطقه 1,پزشکی,دانشگاه علوم پزشکی شیراز
1393,زبان,497,27,منطقه 3,پزشکی,دانشگاه علوم پزشکی شهید بهشتی - تهران
1393,زبان,497,280,منطقه 1,مهندسی برق,دانشگاه صنعتی امیرکبیر - تهران
1393,زبان,497,280,منطقه 1,مهندسی کامپیوتر,دانشگاه شهید بهشتی - تهران
1393,زبان,499,282,منطقه 1,مهندسی برق,دانشگاه صنعتی شریف - تهران
1393,زبان,501,283,منطقه 1,مهندسی مواد,دانشگاه تهران
1393,زبان,503,284,منطقه 1,داروسازی,دانشگاه علوم پزشکی شهید بهشتی - تهران
1393,زبان,506,186,منطقه 2,پزشکی,دانشگاه علوم پزشکی تهران
1393,زبان,506,287,منطقه 1,مهندسی برق,دانشگاه فردوسی - مشهد
1393,زبان,509,288,منطقه 1,مهندسی برق,دانشگاه تهران
1393,زبان,509,288,منطقه 1,مهندسی مکانیک,دانشگاه صنعتی اصفهان
1393,زبان,513,187,منطقه 2,پزشکی,دانشگاه علوم پزشکی رفسنجان
1393,زبان,514,188,منطقه 2,داروسازی,دانشگاه علوم پزشکی اردبیل - پردیس خودگردان
1393,زبان,514,292,منطقه 1,مهندسی شیمی,دانشگاه صنعتی امیرکبیر - تهران
1393,زبان,516,189,منطقه 2,پزشکی,دانشگاه علوم پزشکی تهران
1393,زبان,517,190,منطقه 2,پزشکی,دانشگاه علوم پزشکی شیراز
1393,زبان,518,293,منطقه 1,مهندسی برق,دانشگاه صنعتی شریف - تهران
1393,زبان,519,191,منطقه 2,سینما,دانشگاه هنر تهران
1393,زبان,521,295,منطقه 1,پزشکی,دانشگاه علوم پزشکی البرز - کرج
1393,زبان,521,295,منطقه 1,پزشکی,دانشگاه علوم پزشکی شیراز
1393,زبان,525,28,منطقه 3,مهندسی مکانیک,دانشگاه صنعتی امیرکبیر - تهران
1393,زبان,526,193,منطقه 2,زبان و ادبیات انگلیسی,دانشگاه علامه طباطبایی - تهران
1393,زبان,527,194,منطقه 2,داروسازی,دانشگاه علوم پزشکی زنجان
1393,زبان,530,300,منطقه 1,دندانپزشکی,دانشگاه علوم پزشکی اردبیل
1393,زبان,530,300,منطقه 1,مهندسی برق,دانشگاه صنعتی شریف - تهران
1393,زبان,532,195,منطقه 2,مهندسی صنایع,دانشگاه صنعتی شریف - تهران
1393,زبان,533,196,منطقه 2,دندانپزشکی,دانشگاه علوم پزشکی تهران
1393,زبان,535,198,منطقه 2,مهندسی پزشکی,دانشگاه صنعتی امیرکبیر - تهران
1393,زبان,537,303,منطقه 1,علوم کامپیوتر,دانشگاه صنعتی شریف - تهران
1393,زبان,538,199,منطقه 2,پزشکی,دانشگاه علوم پزشکی شهرکرد
1393,زبان,539,200,منطقه 2,پزشکی,دانشگاه علوم پزشکی اراک
1393,زبان,539,200,منطقه 2,پزشکی,دانشگاه علوم پزشکی شهید بهشتی - تهران
1393,زبان,541,202,منطقه 2,مهندسی مکانیک,دانشگاه کاشان
1393,زبان,542,203,منطقه 2,زبان و ادبیات انگلیسی,دانشگاه تهران
1393,زبان,543,304,منطقه 1,پزشکی,دانشگاه علوم پزشکی شیراز
1393,زبان,544,204,منطقه 2,دندانپزشکی,دانشگاه علوم پزشکی مشهد
1393,زبان,544,305,منطقه 1,علوم اقتصادی,دانشگاه تهران
1393,زبان,546,205,منطقه 2,مهندسی کامپیوتر,دانشگاه تهران
1393,زبان,546,306,منطقه 1,پزشکی,دانشگاه علوم پزشکی ایران
1393,زبان,548,206,منطقه 2,مهندسی عمران,دانشگاه صنعتی شریف - تهران
1393,زبان,550,207,منطقه 2,پزشکی,دانشگاه علوم پزشکی اصفهان
1393,زبان,551,208,منطقه 2,مهندسی شیمی,دانشگاه صنعتی شریف - تهران
1393,زبان,552,209,منطقه 2,بینایی سنجی,دانشگاه علوم پزشکی زاهدان
1393,زبان,555,310,منطقه 1,مهندسی برق,دانشگاه صنعتی شریف - تهران
1393,زبان,556,210,منطقه 2,پزشکی,دانشگاه علوم پزشکی ایران
1393,زبان,557,311,منطقه 1,مهندسی برق,دانشگاه صنعتی امیرکبیر - تهران
1393,زبان,558,312,منطقه 1,مهندسی صنایع,دانشگاه تهران
1393,زبان,559,211,منطقه 2,پزشکی,دانشگاه علوم پزشکی گیلان - رشت
1393,زبان,559,313,منطقه 1,پزشکی,دانشگاه علوم پزشکی همدان
1393,زبان,561,212,منطقه 2,مهندسی برق,دانشگاه صنعتی شریف - تهران
1393,زبان,564,315,منطقه 1,مهندسی مکانیک,دانشگاه تهران
1393,زبان,565,29,منطقه 3,پزشکی,دانشگاه علوم پزشکی شیراز
1393,زبان,566,316,منطقه 1,مهندسی مکانیک,دانشگاه صنعتی شریف - تهران
1393,زبان,569,214,منطقه 2,مهندسی عمران,دانشگاه تهران
1393,زبان,569,318,منطقه 1,مهندسی برق,دانشگاه صنعتی امیرکبیر - تهران
1393,زبان,569,318,منطقه 1,پزشکی,دانشگاه علوم پزشکی تهران - پردیس خودگردان
1393,زبان,574,216,منطقه 2,مهندسی شیمی,دانشگاه تهران
1393,زبان,574,216,منطقه 2,پزشکی,دانشگاه علوم پزشکی شهید بهشتی - تهران
1393,زبان,574,321,منطقه 1,مهندسی نساجی,دانشگاه صنعتی امیرکبیر - تهران
1393,زبان,576,322,منطقه 1,پزشکی,دانشگاه علوم پزشکی فسا
1393,زبان,577,218,منطقه 2,پزشکی,دانشگاه علوم پزشکی یزد
1393,زبان,577,323,منطقه 1,زبان و ادبیات انگلیسی,دانشگاه علامه طباطبایی - تهران
1393,زبان,579,219,منطقه 2,مهندسی برق,دانشگاه صنعتی خواجه نصیرالدین طوسی - تهران
1393,زبان,581,220,منطقه 2,دندانپزشکی,دانشگاه علوم پزشکی بابل
1393,زبان,581,220,منطقه 2,پزشکی,دانشگاه علوم پزشکی ایران
1393,زبان,581,324,منطقه 1,مهندسی مکانیک,دانشگاه صنعتی اصفهان
1393,زبان,583,222,منطقه 2,مهندسی نفت,دانشگاه صنعتی شریف - تهران
1393,زبان,585,326,منطقه 1,مهندسی صنایع,دانشگاه صنعتی خواجه نصیرالدین طوسی - تهران
1393,زبان,588,225,منطقه 2,مهندسی هوا فضا,دانشگاه صنعتی شریف - تهران
1393,زبان,590,327,منطقه 1,پزشکی,دانشگاه علوم پزشکی قزوین
1393,زبان,593,228,منطقه 2,مهندسی معماری,دانشگاه تهران
1393,زبان,593,329,منطقه 1,پزشکی,دانشگاه علوم پزشکی اصفهان
1393,زبان,595,330,منطقه 1,مهندسی برق,دانشگاه تبریز
1393,زبان,595,330,منطقه 1,مهندسی مکانیک,دانشگاه صنعتی اصفهان
1393,زبان,597,229,منطقه 2,زبان و ادبیات انگلیسی,دانشگاه شهید بهشتی - تهران
1393,زبان,599,332,منطقه 1,پزشکی,دانشگاه علوم پزشکی تبریز
1393,زبان,601,334,منطقه 1,مهندسی برق,دانشگاه تهران
1393,زبان,603,336,منطقه 1,مهندسی صنایع,دانشگاه غیرانتفاعی علم و فرهنگ - تهران
1393,زبان,603,336,منطقه 1,مهندسی عمران,دانشگاه صنعتی اصفهان
1393,زبان,605,338,منطقه 1,پزشکی,دانشگاه علوم پزشکی شیراز
1393,زبان,607,340,منطقه 1,مهندسی شیمی,دانشگاه علم و صنعت ایران - تهران
1393,زبان,608,230,منطقه 2,پزشکی,دانشگاه علوم پزشکی یزد
1393,زبان,610,342,منطقه 1,مهندسی مکانیک,دانشگاه شهید بهشتی - تهران
1393,زبان,611,343,منطقه 1,مهندسی مکانیک,دانشگاه علم و صنعت ایران - تهران
1393,زبان,612,344,منطقه 1,علوم تغذیه,دانشگاه علوم پزشکی شهید بهشتی - تهران
1393,زبان,613,231,منطقه 2,مهندسی عمران,دانشگاه صنعتی امیرکبیر - تهران
1393,زبان,616,346,منطقه 1,مهندسی مواد,دانشگاه صنعتی شریف - تهران
1393,زبان,617,233,منطقه 2,داروسازی,دانشگاه علوم پزشکی شهید بهشتی - تهران
1393,زبان,618,234,منطقه 2,مهندسی مکانیک,دانشگاه صنعتی امیرکبیر - تهران
1393,زبان,618,234,منطقه 2,پزشکی,دانشگاه علوم پزشکی گناباد
1393,زبان,620,236,منطقه 2,دندانپزشکی,دانشگاه علوم پزشکی بجنورد
1393,زبان,621,237,منطقه 2,پزشکی,دانشگاه علوم پزشکی مشهد
1393,زبان,623,347,منطقه 1,فیزیک,دانشگاه شیراز
1393,زبان,623,347,منطقه 1,مهندسی عمران,دانشگاه صنعتی امیرکبیر - تهران
1393,زبان,626,30,منطقه 3,مهندسی برق,دانشگاه صنعتی شریف - تهران
1393,زبان,626,350,منطقه 1,دندانپزشکی,دانشگاه علوم پزشکی اصفهان
1393,زبان,626,350,منطقه 1,مهندسی کامپیوتر,دانشگاه الزهرا(س) - تهران
1393,زبان,630,239,منطقه 2,مهندسی عمران,دانشگاه صنعتی امیرکبیر - تهران
1393,زبان,630,352,منطقه 1,مهندسی برق,دانشگاه فردوسی - مشهد
1393,زبان,630,352,منطقه 1,پزشکی,دانشگاه علوم پزشکی یزد
1393,زبان,632,354,منطقه 1,علوم کامپیوتر,دانشگاه صنعتی شریف - تهران
1393,زبان,635,356,منطقه 1,داروسازی,دانشگاه علوم پزشکی ارومیه
1393,زبان,635,356,منطقه 1,مهندسی مواد,دانشگاه بین المللی امام خمینی(ره) - قزوین
1393,زبان,638,241,منطقه 2,مهندسی عمران,دانشگاه صنعتی شریف - تهران
1393,زبان,638,358,منطقه 1,دندانپزشکی,دانشگاه علوم پزشکی کرمان - پردیس خودگردان
1393,زبان,638,358,منطقه 1,پزشکی,دانشگاه علوم پزشکی قزوین
1393,زبان,640,360,منطقه 1,دامپزشکی,دانشگاه تبریز
1393,زبان,642,242,منطقه 2,زبان و ادبیات انگلیسی,دانشگاه خلیج فارس - بوشهر
1393,زبان,642,361,منطقه 1,مهندسی برق,دانشگاه صنعتی اصفهان
1393,زبان,642,361,منطقه 1,مهندسی عمران,دانشگاه صنعتی امیرکبیر - تهران
1393,زبان,644,243,منطقه 2,مهندسی برق,دانشگاه علم و صنعت ایران - تهران
1393,زبان,645,363,منطقه 1,پزشکی,دانشگاه علوم پزشکی مشهد
1393,زبان,646,244,منطقه 2,پزشکی,دانشگاه علوم پزشکی تهران
1393,زبان,647,245,منطقه 2,آموزش زبان انگلیسی,دانشگاه مازندران - بابلسر
1393,زبان,647,364,منطقه 1,مهندسی برق,دانشگاه شهید بهشتی - تهران
1393,زبان,649,246,منطقه 2,مهندسی برق,دانشگاه تهران
1393,زبان,652,247,منطقه 2,زبان و ادبیات انگلیسی,دانشگاه علامه طباطبایی - تهران
1393,زبان,652,366,منطقه 1,داروسازی,دانشگاه علوم پزشکی اصفهان
1393,زبان,652,366,منطقه 1,مهندسی هوا فضا,دانشگاه صنعتی خواجه نصیرالدین طوسی - تهران
1393,زبان,656,248,منطقه 2,مهندسی کامپیوتر,دانشگاه صنعتی امیرکبیر - تهران
1393,زبان,658,250,منطقه 2,مترجمی زبان انگلیسی,دانشگاه علامه طباطبایی - تهران
1393,زبان,660,251,منطقه 2,مهندسی مکانیک,دانشگاه صنعتی خواجه نصیرالدین طوسی - تهران
1393,زبان,660,251,منطقه 2,پزشکی,دانشگاه علوم پزشکی گیلان - رشت
1393,زبان,660,369,منطقه 1,داروسازی,دانشگاه علوم پزشکی شهید بهشتی - تهران
1393,زبان,660,369,منطقه 1,مهندسی برق,دانشگاه تهران
1393,زبان,663,371,منطقه 1,داروسازی,دانشگاه علوم پزشکی اصفهان
1393,زبان,664,253,منطقه 2,مهندسی صنایع,دانشگاه صنعتی شریف - تهران
1393,زبان,666,254,منطقه 2,مهندسی مکانیک,دانشگاه تهران
1393,زبان,666,373,منطقه 1,زبان و ادبیات انگلیسی,دانشگاه شیراز
1393,زبان,666,373,منطقه 1,مهندسی برق,دانشگاه تهران
1393,زبان,669,375,منطقه 1,علوم آزمایشگاهی,دانشگاه علوم پزشکی شیراز
1393,زبان,670,376,منطقه 1,داروسازی,دانشگاه علوم پزشکی مشهد
1393,زبان,670,376,منطقه 1,مهندسی پزشکی,دانشگاه صنعتی امیرکبیر - تهران
1393,زبان,672,255,منطقه 2,مهندسی معماری,دانشگاه هنر اصفهان
1393,زبان,674,379,منطقه 1,مهندسی صنایع,دانشگاه علم و صنعت ایران - تهران
1393,زبان,674,379,منطقه 1,مهندسی کامپیوتر,دانشگاه صنعتی شریف - تهران
1393,زبان,678,257,منطقه 2,داروسازی,دانشگاه علوم پزشکی تهران
1393,زبان,678,257,منطقه 2,مهندسی برق,دانشگاه صنعتی شریف - تهران
1393,زبان,678,257,منطقه 2,پزشکی,دانشگاه علوم پزشکی البرز - کرج
1393,زبان,680,382,منطقه 1,مهندسی صنایع,دانشگاه صنعتی شریف - تهران
1393,زبان,684,260,منطقه 2,پزشکی,دانشگاه علوم پزشکی قم
1393,زبان,684,385,منطقه 1,مهندسی مکانیک,دانشگاه صنعتی امیرکبیر - تهران
1393,زبان,684,385,منطقه 1,پزشکی,دانشگاه علوم پزشکی تبریز
1393,زبان,684,385,منطقه 1,پزشکی,دانشگاه علوم پزشکی فسا
1393,زبان,689,261,منطقه 2,پزشکی,دانشگاه علوم پزشکی بابل
1393,زبان,692,262,منطقه 2,داروسازی,دانشگاه علوم پزشکی کرمانشاه
1393,زبان,692,262,منطقه 2,دندانپزشکی,دانشگاه علوم پزشکی تهران
1393,زبان,692,389,منطقه 1,مهندسی شیمی,دانشگاه صنعتی امیرکبیر - تهران
1393,زبان,695,391,منطقه 1,مدیریت دولتی,دانشگاه تهران
1393,زبان,696,264,منطقه 2,دامپزشکی,دانشگاه تهران
1393,زبان,701,394,منطقه 1,حقوق,دانشگاه تهران
1393,زبان,705,266,منطقه 2,مهندسی کامپیوتر,دانشگاه صنعتی امیرکبیر - تهران
1393,زبان,705,397,منطقه 1,مهندسی عمران,دانشگاه صنعتی شریف - تهران
1393,زبان,705,397,منطقه 1,مهندسی معماری,دانشگاه تهران
1393,زبان,705,397,منطقه 1,مهندسی کامپیوتر,دانشگاه صنعتی امیرکبیر - تهران
1393,زبان,705,397,منطقه 1,مهندسی کامپیوتر,دانشگاه یزد
1393,زبان,708,400,منطقه 1,مهندسی مکانیک,دانشگاه صنعتی شریف - تهران
1393,زبان,709,267,منطقه 2,مهندسی نفت,دانشگاه تهران
1393,زبان,709,401,منطقه 1,مهندسی کامپیوتر,دانشگاه صنعتی امیرکبیر - تهران
1393,زبان,712,402,منطقه 1,مهندسی کامپیوتر,دانشگاه الزهرا(س) - تهران
1393,زبان,713,32,منطقه 3,مهندسی مکانیک,دانشگاه صنعتی اصفهان
1393,زبان,714,403,منطقه 1,مدیریت مالی,دانشگاه تهران
1393,زبان,714,403,منطقه 1,مهندسی کامپیوتر,دانشگاه صنعتی اصفهان
1393,زبان,716,268,منطقه 2,مهندسی عمران,دانشگاه صنعتی امیرکبیر - تهران
1393,زبان,716,268,منطقه 2,پزشکی,دانشگاه علوم پزشکی تهران
1393,زبان,718,270,منطقه 2,دندانپزشکی,دانشگاه علوم پزشکی مشهد
1393,زبان,720,271,منطقه 2,زبان و ادبیات انگلیسی,دانشگاه علامه طباطبایی - تهران
1393,زبان,721,406,منطقه 1,دندانپزشکی,دانشگاه علوم پزشکی شیراز
1393,زبان,723,33,منطقه 3,دندانپزشکی,دانشگاه علوم پزشکی مشهد
1393,زبان,724,272,منطقه 2,دندانپزشکی,دانشگاه علوم پزشکی تهران
1393,زبان,727,273,منطقه 2,مهندسی شیمی,دانشگاه علم و صنعت ایران - تهران
1393,زبان,727,409,منطقه 1,دندانپزشکی,دانشگاه علوم پزشکی تهران - پردیس خودگردان
1393,زبان,727,409,منطقه 1,مدیریت بازرگانی,دانشگاه علامه طباطبایی - تهران
1393,زبان,730,411,منطقه 1,مهندسی شیمی,دانشگاه صنعتی شریف - تهران
1393,زبان,731,412,منطقه 1,مهندسی مکانیک,دانشگاه صنعتی شریف - تهران
1393,زبان,731,412,منطقه 1,پزشکی,دانشگاه علوم پزشکی کاشان
1393,زبان,733,274,منطقه 2,مهندسی عمران,دانشگاه صنعتی شریف - تهران
1393,زبان,735,276,منطقه 2,مهندسی نفت,دانشگاه تهران
1393,زبان,735,276,منطقه 2,پزشکی,دانشگاه علوم پزشکی اصفهان
1393,زبان,735,276,منطقه 2,پزشکی,دانشگاه علوم پزشکی بابل
1393,زبان,738,414,منطقه 1,داروسازی,دانشگاه علوم پزشکی شیراز
1393,زبان,740,415,منطقه 1,پزشکی,دانشگاه علوم پزشکی اصفهان
1393,زبان,742,416,منطقه 1,پزشکی,دانشگاه علوم پزشکی شیراز
1393,زبان,743,417,منطقه 1,پزشکی,دانشگاه علوم پزشکی گناباد - پردیس خودگردان
1393,زبان,745,35,منطقه 3,دندانپزشکی,دانشگاه علوم پزشکی بیرجند
1393,زبان,748,421,منطقه 1,داروسازی,دانشگاه علوم پزشکی تهران
1393,زبان,749,422,منطقه 1,علوم تغذیه,دانشگاه علوم پزشکی تبریز
1393,زبان,749,422,منطقه 1,مهندسی مکانیک,دانشگاه صنعتی اصفهان
1393,زبان,753,36,منطقه 3,زبان و ادبیات انگلیسی,دانشگاه خوارزمی تهران
1393,زبان,753,424,منطقه 1,مهندسی صنایع,دانشگاه صنعتی شریف - تهران
1393,زبان,756,426,منطقه 1,پزشکی,دانشگاه علوم پزشکی شیراز
1393,زبان,758,37,منطقه 3,زبان و ادبیات انگلیسی,دانشگاه تهران
1393,زبان,760,284,منطقه 2,مهندسی کامپیوتر,دانشگاه صنعتی شریف - تهران
1393,زبان,760,284,منطقه 2,پزشکی,دانشگاه علوم پزشکی مشهد
1393,زبان,760,427,منطقه 1,پزشکی,دانشگاه علوم پزشکی مشهد
1393,زبان,763,429,منطقه 1,مهندسی مواد,دانشگاه تهران
1393,زبان,766,287,منطقه 2,دندانپزشکی,دانشگاه علوم پزشکی رفسنجان
1393,زبان,766,287,منطقه 2,پزشکی,دانشگاه علوم پزشکی گیلان - رشت
1393,زبان,769,289,منطقه 2,مهندسی مکانیک,دانشگاه صنعتی امیرکبیر - تهران
1393,زبان,770,290,منطقه 2,زبان و ادبیات انگلیسی,دانشگاه علامه طباطبایی - تهران
1393,زبان,771,291,منطقه 2,شیمی,دانشگاه رازی کرمانشاه
1393,زبان,772,38,منطقه 3,دندانپزشکی,دانشگاه علوم پزشکی گیلان - رشت
1393,زبان,775,292,منطقه 2,داروسازی,دانشگاه علوم پزشکی تهران
1393,زبان,775,292,منطقه 2,پزشکی,دانشگاه علوم پزشکی مشهد
1393,زبان,777,433,منطقه 1,مهندسی صنایع,دانشگاه غیرانتفاعی علم و فرهنگ - تهران
1393,زبان,778,40,منطقه 3,دندانپزشکی,دانشگاه علوم پزشکی تبریز
1393,زبان,779,294,منطقه 2,مهندسی برق,دانشگاه تهران
1393,زبان,780,434,منطقه 1,پزشکی,دانشگاه علوم پزشکی اصفهان
1393,زبان,781,435,منطقه 1,مهندسی شهرسازی,دانشگاه تهران
1393,زبان,782,41,منطقه 3,پزشکی,دانشگاه علوم پزشکی تهران
1393,زبان,784,437,منطقه 1,دندانپزشکی,دانشگاه علوم پزشکی البرز - کرج
1393,زبان,787,13,ایثارگران,مهندسی برق,دانشگاه صنعتی شریف - تهران
1393,زبان,787,296,منطقه 2,پزشکی,دانشگاه علوم پزشکی بابل
1393,زبان,787,438,منطقه 1,پزشکی,دانشگاه علوم پزشکی ایران
1393,زبان,791,441,منطقه 1,مهندسی برق,دانشگاه صنعتی امیرکبیر - تهران
1393,زبان,793,297,منطقه 2,پزشکی,دانشگاه علوم پزشکی شهید بهشتی - تهران
1393,زبان,794,298,منطقه 2,پزشکی,دانشگاه علوم پزشکی ایران
1393,زبان,797,444,منطقه 1,زبان و ادبیات انگلیسی,دانشگاه علامه طباطبایی - تهران
1393,زبان,799,300,منطقه 2,پزشکی,دانشگاه علوم پزشکی یزد
1393,زبان,801,301,منطقه 2,دامپزشکی,دانشگاه زابل
1393,زبان,802,302,منطقه 2,مهندسی کامپیوتر,دانشگاه تهران
1393,زبان,802,447,منطقه 1,مهندسی کامپیوتر,دانشگاه تهران
1393,زبان,804,448,منطقه 1,مهندسی برق,دانشگاه صنعتی خواجه نصیرالدین طوسی - تهران
1393,زبان,804,448,منطقه 1,پزشکی,دانشگاه علوم پزشکی مشهد
1393,زبان,809,304,منطقه 2,مهندسی مکانیک,دانشگاه صنعتی اصفهان
1393,زبان,809,304,منطقه 2,پزشکی,دانشگاه علوم پزشکی اردبیل
1393,زبان,813,306,منطقه 2,مهندسی هوا فضا,دانشگاه صنعتی امیرکبیر - تهران
1393,زبان,813,452,منطقه 1,مهندسی برق,دانشگاه صنعتی شریف - تهران
1393,زبان,813,452,منطقه 1,مهندسی عمران,دانشگاه علم و صنعت ایران - تهران
1393,زبان,817,455,منطقه 1,مهندسی مکانیک,دانشگاه صنعتی شریف - تهران
1393,زبان,820,307,منطقه 2,مهندسی شیمی,دانشگاه صنعتی امیرکبیر - تهران
1393,زبان,820,307,منطقه 2,مهندسی کامپیوتر,دانشگاه فردوسی - مشهد
1393,زبان,820,457,منطقه 1,مهندسی صنایع,دانشگاه صنعتی شریف - تهران
1393,زبان,820,457,منطقه 1,مهندسی مواد,دانشگاه صنعتی امیرکبیر - تهران
1393,زبان,823,44,منطقه 3,آموزش زبان انگلیسی,دانشگاه بین المللی امام خمینی(ره) - قزوین
1393,زبان,823,309,منطقه 2,مهندسی کامپیوتر,دانشگاه صنعتی امیرکبیر - تهران
1393,زبان,825,459,منطقه 1,مهندسی صنایع,دانشگاه فردوسی - مشهد
1393,زبان,826,310,منطقه 2,مهندسی کامپیوتر,دانشگاه صنعتی شریف - تهران
1393,زبان,827,45,منطقه 3,داروسازی,دانشگاه علوم پزشکی تهران
1393,زبان,827,311,منطقه 2,پزشکی,دانشگاه علوم پزشکی بندرعباس
1393,زبان,831,312,منطقه 2,مهندسی مکانیک,دانشگاه علم و صنعت ایران - تهران
1393,زبان,831,461,منطقه 1,داروسازی,دانشگاه علوم پزشکی اصفهان
1393,زبان,834,464,منطقه 1,پزشکی,دانشگاه علوم پزشکی شاهرود
1393,زبان,840,46,منطقه 3,پزشکی,دانشگاه علوم پزشکی مازندران - ساری
1393,زبان,840,467,منطقه 1,مهندسی برق,دانشگاه تهران
1393,زبان,840,467,منطقه 1,مهندسی معدن,دانشگاه تهران
1393,زبان,840,467,منطقه 1,پزشکی,دانشگاه علوم پزشکی گیلان - رشت
1393,زبان,843,315,منطقه 2,مهندسی پلیمر,دانشگاه تهران
1393,زبان,843,470,منطقه 1,مهندسی مکانیک,دانشگاه تهران
1393,زبان,845,47,منطقه 3,مهندسی برق,دانشگاه صنعتی خواجه نصیرالدین طوسی - تهران
1393,زبان,848,317,منطقه 2,حقوق,دانشگاه تهران
1393,زبان,848,471,منطقه 1,دندانپزشکی,دانشگاه علوم پزشکی شیراز - پردیس خودگردان
1393,زبان,848,471,منطقه 1,علوم کامپیوتر,دانشگاه صنعتی امیرکبیر - تهران
1393,زبان,851,319,منطقه 2,پزشکی,دانشگاه علوم پزشکی اصفهان
1393,زبان,852,473,منطقه 1,پزشکی,دانشگاه علوم پزشکی زنجان
1393,زبان,854,474,منطقه 1,مهندسی کامپیوتر,دانشگاه علم و صنعت ایران - تهران
1393,زبان,855,475,منطقه 1,مهندسی مکانیک,دانشگاه صنعتی شریف - تهران
1393,زبان,856,321,منطقه 2,داروسازی,دانشگاه علوم پزشکی گیلان - رشت
1393,زبان,858,477,منطقه 1,دندانپزشکی,دانشگاه علوم پزشکی تهران
1393,زبان,858,477,منطقه 1,مهندسی مکانیک,دانشگاه صنعتی شریف - تهران
1393,زبان,861,480,منطقه 1,مهندسی عمران,دانشگاه علم و صنعت ایران - تهران
1393,زبان,862,481,منطقه 1,دندانپزشکی,دانشگاه علوم پزشکی شیراز
1393,زبان,864,322,منطقه 2,پزشکی,دانشگاه علوم پزشکی مازندران - ساری
1393,زبان,865,483,منطقه 1,دندانپزشکی,دانشگاه علوم پزشکی بابل
1393,زبان,867,324,منطقه 2,مهندسی شیمی,دانشگاه صنعت نفت
1393,زبان,867,324,منطقه 2,مهندسی مکانیک,دانشگاه تهران
1393,زبان,869,326,منطقه 2,پزشکی,دانشگاه علوم پزشکی مشهد
1393,زبان,869,484,منطقه 1,مهندسی کامپیوتر,دانشگاه تبریز
1393,زبان,871,485,منطقه 1,پزشکی,دانشگاه علوم پزشکی اصفهان
1393,زبان,872,486,منطقه 1,مهندسی برق,دانشگاه صنعتی خواجه نصیرالدین طوسی - تهران
1393,زبان,873,327,منطقه 2,مهندسی عمران,دانشگاه تهران
1393,زبان,875,487,منطقه 1,مهندسی برق,دانشگاه فردوسی - مشهد
1393,زبان,878,328,منطقه 2,دندانپزشکی,دانشگاه علوم پزشکی همدان
1393,زبان,878,489,منطقه 1,روانشناسی,دانشگاه شهید بهشتی - تهران
1393,زبان,878,489,منطقه 1,زبان و ادبیات انگلیسی,دانشگاه فردوسی - مشهد
1393,زبان,881,491,منطقه 1,مهندسی شیمی,دانشگاه صنعتی امیرکبیر - تهران
1393,زبان,881,491,منطقه 1,مهندسی مکانیک,دانشگاه صنعتی خواجه نصیرالدین طوسی - تهران
1393,زبان,883,329,منطقه 2,مهندسی کامپیوتر,دانشگاه شهید بهشتی - تهران
1393,زبان,884,15,ایثارگران,پزشکی,دانشگاه علوم پزشکی تهران
1393,زبان,884,330,منطقه 2,مهندسی برق,دانشگاه علم و صنعت ایران - تهران
1393,زبان,887,332,منطقه 2,پزشکی,دانشگاه علوم پزشکی اصفهان
1393,زبان,887,332,منطقه 2,پزشکی,دانشگاه علوم پزشکی بندرعباس
1393,زبان,891,495,منطقه 1,دندانپزشکی,دانشگاه شاهد - تهران(رشته های پزشکی)
1393,زبان,891,495,منطقه 1,مهندسی برق,دانشگاه صنعتی خواجه نصیرالدین طوسی - تهران
1393,زبان,894,16,ایثارگران,مهندسی برق,دانشگاه صنعتی شریف - تهران
1393,زبان,894,334,منطقه 2,دندانپزشکی,دانشگاه علوم پزشکی مازندران - ساری
1393,زبان,894,497,منطقه 1,مهندسی کامپیوتر,دانشگاه صنعتی امیرکبیر - تهران
1393,زبان,896,49,منطقه 3,پزشکی,دانشگاه علوم پزشکی شهید بهشتی - تهران
1393,زبان,898,336,منطقه 2,مهندسی صنایع,دانشگاه صنعتی امیرکبیر - تهران
1393,زبان,900,499,منطقه 1,مهندسی کامپیوتر,دانشگاه اصفهان
1393,زبان,901,500,منطقه 1,مهندسی هوا فضا,دانشگاه صنعتی امیرکبیر - تهران
1393,زبان,902,337,منطقه 2,مهندسی نفت,دانشگاه صنعتی شریف - تهران
1393,زبان,904,338,منطقه 2,داروسازی,دانشگاه علوم پزشکی گیلان - رشت
1393,زبان,904,338,منطقه 2,مهندسی صنایع,دانشگاه تهران
1393,زبان,906,340,منطقه 2,علوم آزمایشگاهی,دانشگاه علوم پزشکی بابل
1393,زبان,906,340,منطقه 2,پزشکی,دانشگاه علوم پزشکی مازندران - ساری
1393,زبان,908,342,منطقه 2,داروسازی,دانشگاه علوم پزشکی شیراز - پردیس خودگردان
1393,زبان,910,343,منطقه 2,مهندسی صنایع,دانشگاه تهران
1393,زبان,912,344,منطقه 2,مهندسی شیمی,دانشگاه تهران
1393,زبان,914,345,منطقه 2,مهندسی پزشکی,دانشگاه صنعتی امیرکبیر - تهران
1393,زبان,919,346,منطقه 2,دندانپزشکی,دانشگاه علوم پزشکی شهید بهشتی - تهران
1393,زبان,922,347,منطقه 2,پزشکی,دانشگاه علوم پزشکی تبریز
1393,زبان,925,50,منطقه 3,مهندسی هوا فضا,دانشگاه صنعتی شریف - تهران
1393,زبان,929,350,منطقه 2,پزشکی,دانشگاه علوم پزشکی زنجان
1393,زبان,932,51,منطقه 3,مهندسی برق,دانشگاه صنعتی شریف - تهران
1393,زبان,932,351,منطقه 2,مهندسی نفت,دانشگاه شیراز
1393,زبان,934,352,منطقه 2,پزشکی,دانشگاه علوم پزشکی شهید بهشتی - تهران
1393,زبان,946,52,منطقه 3,پزشکی,دانشگاه علوم پزشکی مشهد
1393,زبان,946,354,منطقه 2,داروسازی,دانشگاه علوم پزشکی تبریز - پردیس خودگردان
1393,زبان,955,355,منطقه 2,مهندسی نفت,دانشگاه صنعتی شریف - تهران
1393,زبان,955,355,منطقه 2,پزشکی,دانشگاه علوم پزشکی بابل
1393,زبان,958,54,منطقه 3,پزشکی,دانشگاه علوم پزشکی تهران
1393,زبان,960,357,منطقه 2,پزشکی,دانشگاه علوم پزشکی گناباد
1393,زبان,963,358,منطقه 2,مهندسی صنایع,دانشگاه صنعتی شریف - تهران
1393,زبان,965,359,منطقه 2,مهندسی صنایع,دانشگاه صنعتی خواجه نصیرالدین طوسی - تهران
1393,زبان,965,359,منطقه 2,پزشکی,دانشگاه علوم پزشکی یزد
1393,زبان,969,361,منطقه 2,مهندسی صنایع,دانشگاه صنعتی شریف - تهران
1393,زبان,971,362,منطقه 2,دندانپزشکی,دانشگاه علوم پزشکی تهران
1393,زبان,978,367,منطقه 2,پزشکی,دانشگاه علوم پزشکی ایلام
1393,زبان,978,367,منطقه 2,پزشکی,دانشگاه علوم پزشکی قم
1393,زبان,985,369,منطقه 2,پزشکی,دانشگاه علوم پزشکی تهران
1393,زبان,994,370,منطقه 2,پزشکی,دانشگاه علوم پزشکی ایران
1393,زبان,1004,373,منطقه 2,دندانپزشکی,دانشگاه علوم پزشکی کرمان
1393,زبان,1004,373,منطقه 2,مهندسی کامپیوتر,دانشگاه صنعتی شریف - تهران
1393,زبان,1011,375,منطقه 2,پزشکی,دانشگاه علوم پزشکی همدان
1393,زبان,1014,376,منطقه 2,علوم کامپیوتر,دانشگاه صنعتی شریف - تهران
1393,زبان,1021,379,منطقه 2,مهندسی برق,دانشگاه تهران
1393,زبان,1022,380,منطقه 2,مهندسی برق,دانشگاه صنعتی امیرکبیر - تهران
1393,زبان,1023,381,منطقه 2,مهندسی برق,دانشگاه صنعتی شیراز
1393,زبان,1023,381,منطقه 2,مهندسی صنایع,دانشگاه صنعتی اصفهان
1393,زبان,1027,383,منطقه 2,پزشکی,دانشگاه علوم پزشکی اصفهان
1393,زبان,1029,385,منطقه 2,مهندسی برق,دانشگاه صنعتی خواجه نصیرالدین طوسی - تهران
1393,زبان,1032,386,منطقه 2,مهندسی برق,دانشگاه شهید بهشتی - تهران
1393,زبان,1034,387,منطقه 2,پزشکی,دانشگاه علوم پزشکی ایران
1393,زبان,1038,388,منطقه 2,پزشکی,دانشگاه علوم پزشکی شاهرود
1393,زبان,1045,57,منطقه 3,دندانپزشکی,دانشگاه علوم پزشکی قم
1393,زبان,1049,390,منطقه 2,مهندسی مکانیک,دانشگاه بین المللی امام خمینی(ره) - قزوین
1393,زبان,1051,391,منطقه 2,پزشکی,دانشگاه علوم پزشکی زنجان
1393,زبان,1054,393,منطقه 2,دندانپزشکی,دانشگاه علوم پزشکی مشهد
1393,زبان,1054,393,منطقه 2,زبان و ادبیات انگلیسی,دانشگاه ولی عصر(عج) - رفسنجان
1393,زبان,1054,393,منطقه 2,پزشکی,دانشگاه علوم پزشکی زاهدان
1393,زبان,1060,395,منطقه 2,پزشکی,دانشگاه علوم پزشکی بابل
1393,زبان,1062,396,منطقه 2,حقوق,دانشگاه تهران
1393,زبان,1065,61,منطقه 3,پزشکی,دانشگاه علوم پزشکی بیرجند
1393,زبان,1076,401,منطقه 2,پزشکی,دانشگاه علوم پزشکی کرمانشاه
1393,زبان,1080,62,منطقه 3,مهندسی برق,دانشگاه صنعتی شریف - تهران
1393,زبان,1080,403,منطقه 2,مهندسی عمران,دانشگاه شهید باهنر - کرمان
1393,زبان,1083,404,منطقه 2,مهندسی پزشکی,دانشگاه صنعتی امیرکبیر - تهران
1393,زبان,1095,406,منطقه 2,مهندسی مکانیک,دانشگاه علم و صنعت ایران - تهران
1393,زبان,1102,407,منطقه 2,مهندسی مکانیک,دانشگاه شیراز
1393,زبان,1103,408,منطقه 2,دندانپزشکی,دانشگاه علوم پزشکی قزوین
1393,زبان,1106,63,منطقه 3,دندانپزشکی,دانشگاه علوم پزشکی تهران
1393,زبان,1109,411,منطقه 2,مهندسی نفت,دانشگاه صنعتی شریف - تهران
1393,زبان,1112,412,منطقه 2,فیزیوتراپی,دانشگاه علوم پزشکی شهید بهشتی - تهران
1393,زبان,1118,413,منطقه 2,مهندسی عمران,دانشگاه یزد
1393,زبان,1123,414,منطقه 2,مهندسی برق,دانشگاه تهران
1393,زبان,1129,416,منطقه 2,تربیت دبیر زبان انگلیسی,پردیس نسیبه - تهران
1393,زبان,1134,418,منطقه 2,زبان و ادبیات انگلیسی,دانشگاه علامه طباطبایی - تهران
1393,زبان,1136,419,منطقه 2,پزشکی,دانشگاه علوم پزشکی شهید بهشتی - تهران
1393,زبان,1138,420,منطقه 2,پزشکی,دانشگاه علوم پزشکی یزد
1393,زبان,1140,421,منطقه 2,مهندسی مکانیک,دانشگاه صنعتی امیرکبیر - تهران
1393,زبان,1140,421,منطقه 2,پزشکی,دانشگاه علوم پزشکی بیرجند
1393,زبان,1143,66,منطقه 3,مهندسی مکانیک,دانشگاه صنعتی شریف - تهران
1393,زبان,1143,423,منطقه 2,داروسازی,دانشگاه علوم پزشکی مشهد
1393,زبان,1145,26,ایثارگران,مهندسی مکانیک,دانشگاه صنعتی شریف - تهران
1393,زبان,1145,424,منطقه 2,علوم کامپیوتر,دانشگاه صنعتی شریف - تهران
1393,زبان,1155,425,منطقه 2,مترجمی زبان انگلیسی,دانشگاه علامه طباطبایی - تهران
1393,زبان,1155,425,منطقه 2,مهندسی مکانیک,دانشگاه علم و صنعت ایران - تهران
1393,زبان,1158,427,منطقه 2,مهندسی هوا فضا,دانشگاه صنعتی شریف - تهران
1393,زبان,1159,428,منطقه 2,زبان و ادبیات انگلیسی,دانشگاه شهید بهشتی - تهران
1393,زبان,1162,67,منطقه 3,پزشکی,دانشگاه علوم پزشکی تبریز
1393,زبان,1166,430,منطقه 2,علوم کامپیوتر,دانشگاه تهران
1393,زبان,1170,432,منطقه 2,پزشکی,دانشگاه علوم پزشکی مشهد
1393,زبان,1171,433,منطقه 2,پزشکی,دانشگاه علوم پزشکی شهید بهشتی - تهران
1393,زبان,1180,436,منطقه 2,مهندسی مواد,دانشگاه صنعتی امیرکبیر - تهران
1393,زبان,1180,436,منطقه 2,پزشکی,دانشگاه علوم پزشکی ایران
1393,زبان,1184,438,منطقه 2,داروسازی,دانشگاه علوم پزشکی اردبیل
1393,زبان,1186,440,منطقه 2,مهندسی کامپیوتر,دانشگاه صنعتی خواجه نصیرالدین طوسی - تهران
1393,زبان,1189,68,منطقه 3,پزشکی,دانشگاه علوم پزشکی کرمان
1393,زبان,1189,441,منطقه 2,دندانپزشکی,دانشگاه علوم پزشکی زنجان
1393,زبان,1191,69,منطقه 3,دامپزشکی,دانشگاه تهران
1393,زبان,1191,69,منطقه 3,پزشکی,دانشگاه علوم پزشکی شهید بهشتی - تهران
1393,زبان,1194,71,منطقه 3,کارشناسی تکنولوژی پرتوشناسی,دانشگاه علوم پزشکی شیراز
1393,زبان,1198,442,منطقه 2,پزشکی,دانشگاه علوم پزشکی ایران
1393,زبان,1199,443,منطقه 2,مهندسی برق,دانشگاه علم و صنعت ایران - تهران
1393,زبان,1202,444,منطقه 2,مهندسی پلیمر,دانشگاه صنعتی امیرکبیر - تهران
1393,زبان,1205,447,منطقه 2,مهندسی عمران,دانشگاه تهران
1393,زبان,1208,449,منطقه 2,مهندسی عمران,دانشگاه الزهرا(س) - تهران
1393,زبان,1213,450,منطقه 2,فیزیک,دانشگاه شهید بهشتی - تهران
1393,زبان,1216,73,منطقه 3,پزشکی,دانشگاه علوم پزشکی کرمان
1393,زبان,1217,74,منطقه 3,پزشکی,دانشگاه علوم پزشکی بیرجند
1393,زبان,1221,452,منطقه 2,زبان و ادبیات انگلیسی,دانشگاه علامه طباطبایی - تهران
1393,زبان,1224,453,منطقه 2,پزشکی,دانشگاه علوم پزشکی زنجان
1393,زبان,1230,456,منطقه 2,مهندسی مکانیک,دانشگاه صنعتی امیرکبیر - تهران
1393,زبان,1231,457,منطقه 2,مهندسی مکانیک,دانشگاه تهران
1393,زبان,1235,459,منطقه 2,دندانپزشکی,دانشگاه علوم پزشکی شهیدبهشتی - تهران - پردیس خودگردان
1393,زبان,1235,459,منطقه 2,پزشکی,دانشگاه علوم پزشکی شیراز - پردیس خودگردان
1393,زبان,1245,462,منطقه 2,داروسازی,دانشگاه علوم پزشکی تهران
1393,زبان,1245,462,منطقه 2,پزشکی,دانشگاه علوم پزشکی بابل
1393,زبان,1250,464,منطقه 2,تربیت دبیر زبان انگلیسی,پردیس شهید هاشمی نژاد - مشهد
1393,زبان,1250,464,منطقه 2,پزشکی,دانشگاه علوم پزشکی زنجان
1393,زبان,1255,467,منطقه 2,پزشکی,دانشگاه علوم پزشکی بابل
1393,زبان,1257,77,منطقه 3,تربیت دبیر زبان انگلیسی,پردیس شهید هاشمی نژاد - مشهد
1393,زبان,1264,469,منطقه 2,دندانپزشکی,دانشگاه علوم پزشکی رفسنجان
1393,زبان,1265,79,منطقه 3,دندانپزشکی,دانشگاه علوم پزشکی گیلان - رشت
1393,زبان,1265,470,منطقه 2,دندانپزشکی,دانشگاه علوم پزشکی زنجان
1393,زبان,1270,80,منطقه 3,مهندسی نفت,دانشگاه صنعت نفت
1393,زبان,1274,81,منطقه 3,دندانپزشکی,دانشگاه علوم پزشکی شیراز
1393,زبان,1277,471,منطقه 2,مهندسی هوا فضا,دانشگاه صنعتی شریف - تهران
1393,زبان,1279,82,منطقه 3,مهندسی برق,دانشگاه صنعتی شریف - تهران
1393,زبان,1279,472,منطقه 2,پزشکی,دانشگاه علوم پزشکی زنجان
1393,زبان,1282,83,منطقه 3,زبان و ادبیات انگلیسی,دانشگاه شهید چمران اهواز
1393,زبان,1285,473,منطقه 2,مهندسی هوا فضا,دانشگاه صنعتی شریف - تهران
1393,زبان,1287,84,منطقه 3,دندانپزشکی,دانشگاه علوم پزشکی بابل
1393,زبان,1290,85,منطقه 3,پزشکی,دانشگاه علوم پزشکی بیرجند
1393,زبان,1290,474,منطقه 2,پزشکی,دانشگاه علوم پزشکی ایران
1393,زبان,1298,477,منطقه 2,مهندسی برق,دانشگاه صنعتی شریف - تهران
1393,زبان,1305,86,منطقه 3,داروسازی,دانشگاه علوم پزشکی کرمان
1393,زبان,1309,482,منطقه 2,پزشکی,دانشگاه علوم پزشکی کردستان - سنندج
1393,زبان,1314,484,منطقه 2,مهندسی نفت,دانشگاه تهران
1393,زبان,1318,485,منطقه 2,مهندسی برق,دانشگاه علم و صنعت ایران - تهران
1393,زبان,1318,485,منطقه 2,مهندسی شیمی,دانشگاه علم و صنعت ایران - تهران
1393,زبان,1320,487,منطقه 2,مهندسی مکانیک,دانشگاه تهران
1393,زبان,1322,488,منطقه 2,مهندسی برق,دانشگاه صنعتی شریف - تهران
1393,زبان,1322,488,منطقه 2,پزشکی,دانشگاه علوم پزشکی اراک
1393,زبان,1328,88,منطقه 3,پزشکی,دانشگاه علوم پزشکی ایران
1393,زبان,1328,491,منطقه 2,حقوق,دانشگاه شهید بهشتی - تهران
1393,زبان,1328,491,منطقه 2,مهندسی معماری,دانشگاه شهید بهشتی - تهران
1393,زبان,1333,493,منطقه 2,مهندسی عمران,دانشگاه شهید باهنر - کرمان
1393,زبان,1333,493,منطقه 2,مهندسی عمران,دانشگاه صنعتی امیرکبیر - تهران
1393,زبان,1337,495,منطقه 2,علوم کامپیوتر,دانشگاه صنعتی شریف - تهران
1393,زبان,1340,497,منطقه 2,مهندسی برق,دانشکده فنی وحرفه ای دختران تهران (دکتر شریعتی)
1393,زبان,1340,497,منطقه 2,مهندسی علمی کاربردی عمران,دانشگاه شهید بهشتی - تهران
1393,زبان,1343,499,منطقه 2,مهندسی برق,دانشگاه فردوسی - مشهد
1393,زبان,1346,500,منطقه 2,زبان و ادبیات انگلیسی,دانشگاه علامه طباطبایی - تهران
1393,زبان,1346,500,منطقه 2,فیزیک,دانشگاه علم و صنعت ایران - تهران
1393,زبان,1353,90,منطقه 3,تربیت دبیر زبان انگلیسی,پردیس فاطمه الزهرا (س) - زنجان
1393,زبان,1361,91,منطقه 3,پزشکی,دانشگاه علوم پزشکی مشهد
1393,زبان,1369,93,منطقه 3,پزشکی,دانشگاه علوم پزشکی مشهد
1393,زبان,1400,94,منطقه 3,دندانپزشکی,دانشگاه علوم پزشکی مشهد
1393,زبان,1426,96,منطقه 3,کارشناسی تکنولوژی پرتوشناسی,دانشگاه علوم پزشکی جندی شاپور اهواز
1393,زبان,1432,97,منطقه 3,مهندسی برق,دانشگاه صنعتی شریف - تهران
1393,زبان,1437,99,منطقه 3,مهندسی مکانیک,دانشگاه صنعتی امیرکبیر - تهران
1393,زبان,1444,101,منطقه 3,دندانپزشکی,دانشگاه علوم پزشکی زاهدان
1393,زبان,1446,102,منطقه 3,پزشکی,دانشگاه علوم پزشکی البرز - کرج
1393,زبان,1450,103,منطقه 3,فیزیک,دانشگاه شهید بهشتی - تهران
1393,زبان,1454,104,منطقه 3,دندانپزشکی,دانشگاه علوم پزشکی تبریز
1393,زبان,1454,104,منطقه 3,مهندسی برق,دانشگاه صنعتی شریف - تهران
1393,زبان,1524,107,منطقه 3,پزشکی,دانشگاه علوم پزشکی بیرجند
1393,زبان,1532,109,منطقه 3,کارشناسی تکنولوژی پرتوشناسی,دانشگاه علوم پزشکی مازندران - ساری
1393,زبان,1537,111,منطقه 3,مهندسی برق,دانشگاه علم و صنعت ایران - تهران
1393,زبان,1549,113,منطقه 3,مهندسی کامپیوتر,دانشگاه صنعتی شریف - تهران
1393,زبان,1558,114,منطقه 3,مهندسی هوا فضا,دانشگاه صنعتی شریف - تهران
1393,زبان,1572,115,منطقه 3,مهندسی عمران,دانشگاه فردوسی - مشهد
1393,زبان,1582,116,منطقه 3,علوم تربیتی,پردیس شهید مفتح - شهرری
1393,زبان,1597,118,منطقه 3,گفتاردرمانی,دانشگاه علوم پزشکی ایران
1393,زبان,1599,119,منطقه 3,پزشکی,دانشگاه علوم پزشکی مشهد
1393,زبان,1602,120,منطقه 3,مهندسی مواد,دانشگاه صنعتی شریف - تهران
1393,زبان,1626,123,منطقه 3,دندانپزشکی,دانشگاه علوم پزشکی مشهد
1393,زبان,1647,124,منطقه 3,پزشکی,دانشگاه علوم پزشکی کرمان
1393,زبان,1650,125,منطقه 3,بینایی سنجی,دانشگاه علوم پزشکی شهید بهشتی - تهران
1393,زبان,1660,126,منطقه 3,پزشکی,دانشگاه علوم پزشکی تبریز
1393,زبان,1663,127,منطقه 3,مهندسی نفت,دانشگاه صنعت نفت
1393,زبان,1673,128,منطقه 3,پزشکی,دانشگاه علوم پزشکی زاهدان
1393,زبان,1681,41,ایثارگران,پزشکی,دانشگاه علوم پزشکی تهران
1393,زبان,1704,130,منطقه 3,تربیت دبیر زبان انگلیسی,پردیس آیت اله کمال وند - خرم آباد
1393,زبان,1724,132,منطقه 3,داروسازی,دانشگاه علوم پزشکی مشهد - پردیس خودگردان
1393,زبان,1741,133,منطقه 3,پزشکی,دانشگاه علوم پزشکی اصفهان
1393,زبان,1747,134,منطقه 3,پزشکی,دانشگاه علوم پزشکی مشهد
1393,زبان,1773,135,منطقه 3,مهندسی کامپیوتر,دانشگاه شهید بهشتی - تهران
1393,زبان,1786,136,منطقه 3,مهندسی نفت,دانشگاه صنعتی شریف - تهران
1393,زبان,1791,137,منطقه 3,مهندسی شیمی,دانشگاه صنعتی شریف - تهران
1393,زبان,1833,142,منطقه 3,پزشکی,دانشگاه علوم پزشکی لرستان - خرم آباد
1393,زبان,1834,143,منطقه 3,تربیت دبیر زبان انگلیسی,پردیس شهید مدرس - ایلام
1393,زبان,1851,144,منطقه 3,مهندسی مکانیک,دانشگاه تهران
1393,زبان,1861,146,منطقه 3,فیزیوتراپی,دانشگاه علوم بهزیستی و توانبخشی تهران
1393,زبان,1871,147,منطقه 3,مهندسی برق,دانشگاه تهران
1393,زبان,1874,148,منطقه 3,مهندسی هوا فضا,دانشگاه صنعتی امیرکبیر - تهران
1393,زبان,1874,148,منطقه 3,پزشکی,دانشگاه علوم پزشکی شیراز
1393,زبان,1878,150,منطقه 3,پزشکی,دانشگاه علوم پزشکی اصفهان
1393,زبان,1902,151,منطقه 3,تربیت دبیر زبان انگلیسی,پردیس آیت اله کمال وند - خرم آباد
1393,زبان,1915,152,منطقه 3,پزشکی,دانشگاه علوم پزشکی مشهد
1393,زبان,1921,153,منطقه 3,مهندسی شیمی,دانشگاه صنعتی شریف - تهران
1393,زبان,1950,154,منطقه 3,داروسازی,دانشگاه علوم پزشکی جندی شاپور اهواز
1393,زبان,1950,154,منطقه 3,پزشکی,دانشگاه علوم پزشکی بجنورد
1393,زبان,1975,157,منطقه 3,پزشکی,دانشگاه علوم پزشکی شیراز
1393,زبان,1980,50,ایثارگران,مهندسی برق,دانشگاه صنعتی شریف - تهران
1393,زبان,1995,159,منطقه 3,مهندسی عمران,دانشگاه صنعتی امیرکبیر - تهران
1393,زبان,2005,160,منطقه 3,زبان و ادبیات انگلیسی,دانشگاه تهران
1393,زبان,2018,163,منطقه 3,پرستاری,دانشگاه علوم پزشکی همدان
1393,زبان,2025,164,منطقه 3,پزشکی,دانشگاه علوم پزشکی مشهد
1393,زبان,2039,166,منطقه 3,پزشکی,دانشگاه علوم پزشکی بابل - پردیس خودگردان
1393,زبان,2043,167,منطقه 3,دندانپزشکی,دانشگاه علوم پزشکی تهران
1393,زبان,2043,167,منطقه 3,کارشناسی تکنولوژی پرتوشناسی,دانشگاه علوم پزشکی زنجان
1393,زبان,2072,170,منطقه 3,پزشکی,دانشگاه علوم پزشکی تبریز
1393,زبان,2081,171,منطقه 3,تربیت دبیر زبان انگلیسی,پردیس شهید مدرس - ایلام
1393,زبان,2110,173,منطقه 3,مهندسی صنایع,دانشگاه علم و صنعت ایران - تهران
1393,زبان,2142,175,منطقه 3,مهندسی برق,دانشگاه تهران
1393,زبان,2160,178,منطقه 3,زبان و ادبیات انگلیسی,دانشگاه شیراز
1393,زبان,2170,180,منطقه 3,پزشکی,دانشگاه علوم پزشکی مشهد
1393,زبان,2175,181,منطقه 3,پزشکی,دانشگاه علوم پزشکی کرمان
1393,زبان,2182,183,منطقه 3,فیزیوتراپی,دانشگاه علوم پزشکی شیراز
1393,زبان,2186,184,منطقه 3,دامپزشکی,دانشگاه فردوسی - مشهد
1393,زبان,2199,187,منطقه 3,بینایی سنجی,دانشگاه علوم پزشکی ایران
1393,زبان,2209,190,منطقه 3,پزشکی,دانشگاه علوم پزشکی ارومیه
1393,زبان,2218,192,منطقه 3,علوم تربیتی,پردیس شهید مدرس - سنندج
1393,زبان,2231,194,منطقه 3,پزشکی,دانشگاه علوم پزشکی کرمان
1393,زبان,2263,195,منطقه 3,دندانپزشکی,دانشگاه علوم پزشکی لرستان - خرم آباد
1393,زبان,2263,195,منطقه 3,پزشکی,دانشگاه علوم پزشکی مازندران - ساری - پردیس خودگردان
1393,زبان,2266,197,منطقه 3,علوم آزمایشگاهی,دانشگاه علوم پزشکی مشهد
1393,زبان,2271,198,منطقه 3,علوم تغذیه,دانشگاه علوم پزشکی شهید بهشتی - تهران
1393,زبان,2304,201,منطقه 3,مهندسی مکانیک,دانشگاه شهید باهنر - کرمان
1393,زبان,2306,202,منطقه 3,مهندسی عمران,دانشگاه یزد
1393,زبان,2324,204,منطقه 3,دبیری ریاضی,پردیس نسیبه - تهران
1393,زبان,2345,205,منطقه 3,مهندسی کامپیوتر,دانشگاه تهران
1393,زبان,2355,206,منطقه 3,پزشکی,دانشگاه علوم پزشکی مشهد
1393,زبان,2361,207,منطقه 3,مهندسی عمران,دانشگاه صنعتی خواجه نصیرالدین طوسی - تهران
1393,زبان,2364,208,منطقه 3,مهندسی برق,دانشگاه تهران
1393,زبان,2372,209,منطقه 3,مهندسی هوا فضا,دانشگاه صنعتی امیرکبیر - تهران
1393,زبان,2406,211,منطقه 3,مهندسی صنایع,دانشگاه صنعتی خواجه نصیرالدین طوسی - تهران
1393,زبان,2406,211,منطقه 3,مهندسی صنایع,دانشگاه فردوسی - مشهد
1393,زبان,2419,213,منطقه 3,کارشناسی تکنولوژی پرتوشناسی,دانشگاه علوم پزشکی کرمان
1393,زبان,2426,215,منطقه 3,پزشکی,دانشگاه علوم پزشکی سبزوار
1393,زبان,2434,216,منطقه 3,پزشکی,دانشگاه علوم پزشکی مازندران - ساری
1393,زبان,2455,220,منطقه 3,مهندسی معماری,دانشگاه تربیت دبیر شهید رجایی - تهران
1393,زبان,2462,221,منطقه 3,پزشکی,دانشگاه علوم پزشکی کرمان
1393,زبان,2491,224,منطقه 3,پزشکی,دانشگاه علوم پزشکی بیرجند
1393,زبان,2513,227,منطقه 3,پزشکی,دانشگاه علوم پزشکی مشهد
1393,زبان,2541,230,منطقه 3,مهندسی مواد,دانشگاه علم و صنعت ایران - تهران
1393,زبان,2559,231,منطقه 3,مهندسی عمران,دانشگاه گیلان - رشت
1393,زبان,2566,232,منطقه 3,داروسازی,دانشگاه علوم پزشکی همدان - پردیس خودگردان
1393,زبان,2575,233,منطقه 3,پزشکی,دانشگاه علوم پزشکی رفسنجان
1393,زبان,2589,234,منطقه 3,مهندسی برق,دانشگاه تهران
1393,زبان,2622,235,منطقه 3,پزشکی,دانشگاه علوم پزشکی اصفهان
1393,زبان,2629,236,منطقه 3,پزشکی,دانشگاه علوم پزشکی مشهد
1393,زبان,2633,237,منطقه 3,زبان و ادبیات انگلیسی,دانشگاه یزد
1393,زبان,2645,238,منطقه 3,پزشکی,دانشگاه علوم پزشکی شاهرود
1393,زبان,2650,239,منطقه 3,پزشکی,دانشگاه علوم پزشکی کرمانشاه
1393,زبان,2655,62,ایثارگران,پزشکی,دانشگاه علوم پزشکی شهید بهشتی - تهران
1393,زبان,2661,241,منطقه 3,داروسازی,دانشگاه علوم پزشکی اصفهان
1393,زبان,2661,241,منطقه 3,مهندسی شیمی,دانشگاه تبریز
1393,زبان,2668,243,منطقه 3,پزشکی,دانشگاه علوم پزشکی شیراز
1393,زبان,2674,244,منطقه 3,حقوق,دانشگاه تهران
1393,زبان,2692,246,منطقه 3,پزشکی,دانشگاه علوم پزشکی تبریز
1393,زبان,2708,249,منطقه 3,پرستاری,دانشگاه علوم پزشکی زاهدان
1393,زبان,2714,250,منطقه 3,زیست شناسی سلولی مولکولی,دانشگاه شهید بهشتی - تهران
1393,زبان,2725,251,منطقه 3,پزشکی,دانشگاه علوم پزشکی ارومیه
1393,زبان,2738,253,منطقه 3,تربیت دبیر زبان انگلیسی,پردیس شهید مدرس - سنندج
1393,زبان,2748,254,منطقه 3,پزشکی,دانشگاه علوم پزشکی کرمان - پردیس خودگردان
1393,زبان,2764,256,منطقه 3,مهندسی نفت,دانشگاه صنعت نفت
1393,زبان,2767,257,منطقه 3,زبان و ادبیات انگلیسی,دانشگاه شیراز
1393,زبان,2780,259,منطقه 3,مهندسی نفت,دانشگاه صنعتی شریف - تهران
1393,زبان,2816,263,منطقه 3,پزشکی,دانشگاه علوم پزشکی اردبیل - پردیس خودگردان
1393,زبان,2842,265,منطقه 3,دکترای پیوسته فیزیک,مرکز تحصیلات تکمیلی در علوم پایه زنجان
1393,زبان,2847,266,منطقه 3,کارشناسی تکنولوژی پرتوشناسی,دانشگاه علوم پزشکی تبریز
1393,زبان,2849,267,منطقه 3,زبان و ادبیات انگلیسی,دانشگاه مازندران - بابلسر
1393,زبان,2884,270,منطقه 3,مهندسی شیمی,دانشگاه صنعتی شریف - تهران
1393,زبان,2889,271,منطقه 3,زیست شناسی سلولی مولکولی,دانشگاه تهران
1393,زبان,2894,272,منطقه 3,مهندسی هوا فضا,دانشگاه صنعتی شریف - تهران
1393,زبان,2898,273,منطقه 3,پزشکی,دانشگاه علوم پزشکی کاشان
1393,زبان,2906,276,منطقه 3,مهندسی عمران,دانشگاه تربیت دبیر شهید رجایی - تهران
1393,زبان,2906,276,منطقه 3,پزشکی,دانشگاه علوم پزشکی سبزوار
1393,زبان,2914,278,منطقه 3,پزشکی,دانشگاه علوم پزشکی ارومیه
1393,زبان,2914,278,منطقه 3,پزشکی,دانشگاه علوم پزشکی مشهد
1393,زبان,2926,280,منطقه 3,پزشکی,دانشگاه علوم پزشکی اردبیل
1393,زبان,2933,281,منطقه 3,پزشکی,دانشگاه علوم پزشکی کرمان
1393,زبان,2946,284,منطقه 3,مهندسی برق,دانشگاه شیراز
1393,زبان,2949,285,منطقه 3,مهندسی برق,دانشگاه مازندران - بابلسر
1393,زبان,2969,287,منطقه 3,پزشکی,دانشگاه علوم پزشکی تبریز
1393,زبان,3003,288,منطقه 3,داروسازی,دانشگاه علوم پزشکی شهید بهشتی - تهران
1393,زبان,3013,290,منطقه 3,مهندسی شیمی,دانشگاه سمنان
1393,زبان,3025,291,منطقه 3,مهندسی مکانیک,دانشگاه بیرجند
1393,زبان,3043,293,منطقه 3,مهندسی برق,دانشگاه صنعتی خواجه نصیرالدین طوسی - تهران
1393,زبان,3043,293,منطقه 3,کاردرمانی,دانشگاه علوم پزشکی ایران
1393,زبان,3064,297,منطقه 3,دندانپزشکی,دانشگاه علوم پزشکی تهران - پردیس خودگردان
1393,زبان,3064,297,منطقه 3,پزشکی,دانشگاه علوم پزشکی یاسوج
1393,زبان,3077,299,منطقه 3,دندانپزشکی,دانشگاه علوم پزشکی گلستان - گرگان
1393,زبان,3094,300,منطقه 3,پزشکی,دانشگاه علوم پزشکی کاشان - پردیس خودگردان
1393,زبان,3101,301,منطقه 3,کارشناسی تکنولوژی پرتوشناسی,دانشگاه علوم پزشکی یاسوج
1393,زبان,3106,302,منطقه 3,تربیت دبیر زبان انگلیسی,پردیس شهید هاشمی نژاد - مشهد
1393,زبان,3106,302,منطقه 3,مهندسی مکانیک,دانشگاه صنعت نفت
1393,زبان,3121,304,منطقه 3,زبان و ادبیات انگلیسی,دانشگاه گیلان - رشت
1393,زبان,3140,305,منطقه 3,مهندسی برق,دانشگاه تبریز
1393,زبان,3153,306,منطقه 3,مهندسی مکانیک,دانشگاه شیراز
1393,زبان,3165,307,منطقه 3,مترجمی زبان انگلیسی,دانشگاه علامه طباطبایی - تهران
1393,زبان,3165,307,منطقه 3,پزشکی,دانشگاه علوم پزشکی مشهد
1393,زبان,3170,309,منطقه 3,پزشکی,دانشگاه علوم پزشکی بابل
1393,زبان,3184,311,منطقه 3,داروسازی,دانشگاه علوم پزشکی گیلان - رشت
1393,زبان,3184,311,منطقه 3,پزشکی,دانشگاه علوم پزشکی رفسنجان
1393,زبان,3206,316,منطقه 3,مهندسی عمران,دانشگاه علم وفناوری مازندران-بهشهر
1393,زبان,3229,320,منطقه 3,پزشکی,دانشگاه علوم پزشکی ایلام
1393,زبان,3239,321,منطقه 3,پزشکی,دانشگاه علوم پزشکی ایران
1393,زبان,3239,321,منطقه 3,پزشکی,دانشگاه علوم پزشکی مازندران - ساری
1393,زبان,3291,325,منطقه 3,پزشکی,دانشگاه علوم پزشکی ارومیه
1393,زبان,3300,326,منطقه 3,پزشکی,دانشگاه علوم پزشکی شیراز - پردیس خودگردان
1393,زبان,3308,327,منطقه 3,پزشکی,دانشگاه علوم پزشکی زاهدان
1393,زبان,3321,328,منطقه 3,مهندسی برق,دانشگاه تهران
1393,زبان,3333,329,منطقه 3,آموزش زبان انگلیسی,دانشگاه مازندران - بابلسر
1393,زبان,3333,329,منطقه 3,دندانپزشکی,دانشگاه علوم پزشکی بجنورد
1393,زبان,3340,331,منطقه 3,پزشکی,دانشگاه علوم پزشکی شیراز
1393,زبان,3340,331,منطقه 3,کارشناسی تکنولوژی پرتوشناسی,دانشگاه علوم پزشکی گناباد
1393,زبان,3351,333,منطقه 3,دامپزشکی,دانشگاه لرستان - خرم آباد
1393,زبان,3351,333,منطقه 3,دندانپزشکی,دانشگاه علوم پزشکی رفسنجان
1393,زبان,3360,335,منطقه 3,پزشکی,دانشگاه علوم پزشکی جندی شاپور - اهواز - پردیس خودگردان
1393,زبان,3395,338,منطقه 3,مهندسی برق,دانشگاه گلستان - گرگان
1393,زبان,3415,341,منطقه 3,کارشناسی ساخت پروتزهای دندانی,دانشگاه علوم پزشکی اصفهان
1393,زبان,3421,342,منطقه 3,مهندسی نفت,دانشگاه تهران
1393,زبان,3427,343,منطقه 3,دندانپزشکی,دانشگاه علوم پزشکی بیرجند
1393,زبان,3432,344,منطقه 3,داروسازی,دانشگاه علوم پزشکی مشهد
1393,زبان,3444,346,منطقه 3,اتاق عمل,دانشگاه علوم پزشکی مشهد
1393,زبان,3446,347,منطقه 3,داروسازی,دانشگاه علوم پزشکی کرمانشاه
1393,زبان,3457,348,منطقه 3,تربیت دبیر زبان انگلیسی,پردیس فاطمه الزهرا (س) - اصفهان
1393,زبان,3468,350,منطقه 3,مهندسی نفت,دانشگاه صنعت نفت
1393,زبان,3472,352,منطقه 3,تربیت دبیر زبان انگلیسی,پردیس نسیبه - تهران
1393,زبان,3476,353,منطقه 3,داروسازی,دانشگاه علوم پزشکی زابل
1393,زبان,3510,357,منطقه 3,مهندسی کامپیوتر,دانشگاه تهران
1393,زبان,3510,357,منطقه 3,پزشکی,دانشگاه علوم پزشکی سمنان
1393,زبان,3520,360,منطقه 3,کارشناسی ساخت پروتزهای دندانی,دانشگاه علوم پزشکی شهید بهشتی - تهران
1393,زبان,3524,361,منطقه 3,مهندسی شهرسازی,دانشگاه تهران
1393,زبان,3534,362,منطقه 3,داروسازی,دانشگاه علوم پزشکی مشهد
1393,زبان,3543,363,منطقه 3,داروسازی,دانشگاه علوم پزشکی تبریز
1393,زبان,3543,363,منطقه 3,پزشکی,دانشگاه علوم پزشکی مشهد
1393,زبان,3565,365,منطقه 3,مهندسی کامپیوتر,دانشگاه شهید بهشتی - تهران
1393,زبان,3570,366,منطقه 3,پزشکی,دانشگاه علوم پزشکی گناباد
1393,زبان,3574,367,منطقه 3,علوم آزمایشگاهی,دانشکده علوم پزشکی سیرجان
1393,زبان,3579,368,منطقه 3,مهندسی مواد,دانشگاه صنعتی شریف - تهران
1393,زبان,3590,369,منطقه 3,مهندسی کامپیوتر,دانشگاه تربیت دبیر شهید رجایی - تهران
1393,زبان,3633,375,منطقه 3,دبیری ریاضی,پردیس شهید بهشتی - مشهد
1393,زبان,3636,376,منطقه 3,مهندسی عمران,دانشگاه تهران
1393,زبان,3641,377,منطقه 3,مهندسی برق,دانشگاه علم و صنعت ایران - تهران
1393,زبان,3659,378,منطقه 3,دندانپزشکی,دانشگاه علوم پزشکی یاسوج
1393,زبان,3667,379,منطقه 3,کارشناسی تکنولوژی پرتوشناسی,دانشگاه علوم پزشکی مشهد
1393,زبان,3687,382,منطقه 3,تربیت دبیر زبان انگلیسی,پردیس علامه طباطبایی - اردبیل
1393,زبان,3687,382,منطقه 3,مهندسی کامپیوتر,دانشگاه تبریز
1393,زبان,3687,382,منطقه 3,پزشکی,دانشگاه علوم پزشکی رفسنجان
1393,زبان,3702,384,منطقه 3,علوم تربیتی,پردیس شهید هاشمی نژاد - مشهد
1393,زبان,3709,385,منطقه 3,دندانپزشکی,دانشگاه علوم پزشکی جندی شاپور - اهواز - پردیس خودگردان
1393,زبان,3741,388,منطقه 3,پزشکی,دانشگاه علوم پزشکی رفسنجان
1393,زبان,3745,390,منطقه 3,مهندسی کامپیوتر,دانشکده فنی وحرفه ای دختران تهران (دکتر شریعتی)
1393,زبان,3751,391,منطقه 3,آموزش زبان انگلیسی,دانشگاه بین المللی امام خمینی(ره) - قزوین
1393,زبان,3774,393,منطقه 3,زبان و ادبیات انگلیسی,دانشگاه گیلان - رشت
1393,زبان,3779,394,منطقه 3,مامایی,دانشگاه علوم پزشکی تبریز
1393,زبان,3813,397,منطقه 3,پزشکی,دانشگاه علوم پزشکی مشهد
1393,زبان,3819,398,منطقه 3,دندانپزشکی,دانشگاه علوم پزشکی جندی شاپور - اهواز - پردیس خودگردان
1393,زبان,3832,401,منطقه 3,دندانپزشکی,دانشگاه علوم پزشکی همدان
1393,زبان,3832,401,منطقه 3,زیست شناسی سلولی مولکولی,دانشگاه تهران
1393,زبان,3840,403,منطقه 3,مدیریت مالی,دانشگاه علوم اقتصادی تهران
1393,زبان,3853,405,منطقه 3,مهندسی شیمی,دانشگاه صنعتی شریف - تهران
1393,زبان,3860,407,منطقه 3,مهندسی نفت,دانشگاه صنعتی شریف - تهران
1393,زبان,3887,409,منطقه 3,داروسازی,دانشگاه علوم پزشکی کرمان - پردیس خودگردان
1393,زبان,3905,411,منطقه 3,هوشبری,دانشگاه علوم پزشکی شیراز
1393,زبان,3911,412,منطقه 3,مهندسی صنایع,دانشگاه الزهرا(س) - تهران
1393,زبان,3915,413,منطقه 3,داروسازی,دانشگاه علوم پزشکی کرمانشاه - پردیس خودگردان
1393,زبان,3965,420,منطقه 3,تربیت دبیر زبان انگلیسی,پردیس شهید هاشمی نژاد - مشهد
1393,زبان,3965,420,منطقه 3,مهندسی شیمی,دانشگاه تهران
1393,زبان,3970,422,منطقه 3,پزشکی,دانشگاه علوم پزشکی زاهدان
1393,زبان,3981,423,منطقه 3,تربیت دبیر زبان انگلیسی,پردیس امام محمد باقر - بجنورد
1393,زبان,4018,425,منطقه 3,پزشکی,دانشگاه علوم پزشکی مشهد
1393,زبان,4025,426,منطقه 3,مهندسی شیمی,دانشگاه فردوسی - مشهد
1393,زبان,4025,426,منطقه 3,مهندسی مکانیک,دانشگاه تربیت دبیر شهید رجایی - تهران
1393,زبان,4041,428,منطقه 3,آموزش زبان و ادبیات فارسی,پردیس امام سجاد - بیرجند
1393,زبان,4049,430,منطقه 3,پزشکی,دانشگاه علوم پزشکی زاهدان
1393,زبان,4055,431,منطقه 3,مهندسی صنایع,دانشگاه صنعتی امیرکبیر - تهران
1393,زبان,4061,432,منطقه 3,مهندسی برق,دانشگاه تهران
1393,زبان,4078,433,منطقه 3,پزشکی,دانشگاه علوم پزشکی بم
1393,زبان,4083,434,منطقه 3,مهندسی کامپیوتر,دانشگاه صنعتی خواجه نصیرالدین طوسی - تهران
1393,زبان,4090,435,منطقه 3,مهندسی برق,دانشگاه تربیت دبیر شهید رجایی - تهران
1393,زبان,4090,435,منطقه 3,مهندسی صنایع,دانشگاه صنعتی بیرجند
1393,زبان,4099,439,منطقه 3,مهندسی عمران,دانشگاه صنعتی خواجه نصیرالدین طوسی - تهران
1393,زبان,4116,441,منطقه 3,علوم و صنایع غذایی,دانشگاه علوم پزشکی شهید بهشتی - تهران
1393,زبان,4120,442,منطقه 3,دبیری زیست شناسی,پردیس شهید صدوقی - کرمانشاه
1393,زبان,4125,443,منطقه 3,دندانپزشکی,دانشگاه علوم پزشکی کاشان
1393,زبان,4131,445,منطقه 3,مهندسی پزشکی,دانشگاه صنعتی امیرکبیر - تهران
1393,زبان,4131,445,منطقه 3,پزشکی,دانشگاه علوم پزشکی مشهد
1393,زبان,4138,447,منطقه 3,دبیری فیزیک,پردیس شهید بهشتی - مشهد
1393,زبان,4138,447,منطقه 3,مهندسی کامپیوتر,دانشگاه تربیت دبیر شهید رجایی - تهران
1393,زبان,4162,450,منطقه 3,مترجمی زبان انگلیسی,دانشگاه علامه طباطبایی - تهران
1393,زبان,4170,451,منطقه 3,مهندسی کامپیوتر,دانشگاه شیراز
1393,زبان,4184,452,منطقه 3,داروسازی,دانشگاه علوم پزشکی مشهد
1393,زبان,4214,459,منطقه 3,پرستاری,دانشگاه علوم پزشکی البرز - کرج
1393,زبان,4221,461,منطقه 3,دامپزشکی,دانشگاه ارومیه
1393,زبان,4226,462,منطقه 3,مهندسی پلیمر,دانشگاه صنعتی امیرکبیر - تهران
1393,زبان,4248,466,منطقه 3,مهندسی برق,دانشگاه زنجان
1393,زبان,4248,466,منطقه 3,پزشکی,دانشگاه علوم پزشکی ایران
1393,زبان,4257,469,منطقه 3,پزشکی,دانشگاه علوم پزشکی زاهدان
1393,زبان,4257,469,منطقه 3,پزشکی,دانشگاه علوم پزشکی مشهد
1393,زبان,4265,471,منطقه 3,کارشناسی تکنولوژی پرتودرمانی(رادیوتراپی),دانشگاه علوم پزشکی شهید بهشتی - تهران
1393,زبان,4282,473,منطقه 3,علوم مهندسی,دانشگاه تهران
1393,زبان,4290,104,ایثارگران,صنایع دستی,دانشگاه هنر تهران
1393,زبان,4293,475,منطقه 3,پرستاری,دانشگاه علوم پزشکی تبریز
1393,زبان,4320,477,منطقه 3,پزشکی,دانشگاه علوم پزشکی یاسوج
1393,زبان,4324,478,منطقه 3,دندانپزشکی,دانشگاه علوم پزشکی کاشان
1393,زبان,4341,481,منطقه 3,مترجمی زبان انگلیسی,دانشگاه حضرت معصومه (ع) - ویژه خواهران - قم
1393,زبان,4356,484,منطقه 3,معماری داخلی,دانشگاه هنر تهران
1393,زبان,4361,486,منطقه 3,پرستاری,دانشگاه علوم پزشکی ایران
1393,زبان,4378,488,منطقه 3,دندانپزشکی,دانشگاه علوم پزشکی بیرجند
1393,زبان,4396,491,منطقه 3,زبان فرانسه,دانشگاه شهید بهشتی - تهران
1393,زبان,4396,491,منطقه 3,علوم تربیتی,پردیس آیت اله کمال وند - خرم آباد
1393,زبان,4404,493,منطقه 3,داروسازی,دانشگاه علوم پزشکی زابل
1393,زبان,4421,495,منطقه 3,پرستاری,دانشگاه علوم پزشکی کاشان
1393,زبان,4425,496,منطقه 3,شنوایی شناسی,دانشگاه علوم پزشکی ایران
1393,زبان,4431,498,منطقه 3,زبان و ادبیات انگلیسی,دانشگاه فردوسی - مشهد
1393,زبان,6769,154,ایثارگران,حقوق,دانشگاه شهید بهشتی - تهران
1393,زبان,7562,174,ایثارگران,علوم تربیتی,پردیس شهید هاشمی نژاد - مشهد
1393,زبان,10469,236,ایثارگران,کارشناسی ارشدعلوم قضایی,دانشگاه علوم قضایی و خدمات ادارای دادگستری
1393,زبان,18255,398,ایثارگران,هنر اسلامی,دانشگاه هنر اصفهان

